host_time_s,line
1791489438.762,"I,77,boot,spyscan-e2-sniffer,v0.1,transport=usb-serial-jtag"
1791489438.762,"A,166,1,c2:a5:dd:1b:60:3b,-61,MERCURY_603B"
1791489438.762,"A,207,1,52:ff:20:fe:c2:b2,-91,"
1791489438.963,"I,332,reset"
1791489438.963,"I,333,bin,100"
1791489438.963,"I,333,channel,10"
1791489438.963,"A,338,10,d8:0d:17:46:46:1a,-70,spike"
1791489438.963,"A,342,10,78:8c:b5:f5:e7:26,-74,ITMO"
1791489438.963,"B,377,10,46:88:44:6e:4f:e4,2927,4,0,0,-23,S,5c:62:8b:66:67:d2"
1791489438.963,"B,377,10,5c:62:8b:66:67:d2,0,0,2927,4,0,A,5c:62:8b:66:67:d2"
1791489438.963,"A,434,10,5c:62:8b:66:67:d2,-49,TP-Link_67D2"
1791489439.163,"B,477,10,46:88:44:6e:4f:e4,3304,6,0,0,-26,S,5c:62:8b:66:67:d2"
1791489439.163,"B,477,10,5c:62:8b:66:67:d2,0,0,3360,8,-49,A,5c:62:8b:66:67:d2"
1791489439.163,"B,477,10,b2:db:ca:e6:29:a6,56,2,0,0,-29,S,5c:62:8b:66:67:d2"
1791489439.163,"A,578,10,b0:a7:b9:23:82:ee,-86,________ __ ________"
1791489439.163,"B,577,10,46:88:44:6e:4f:e4,5891,8,0,0,-26,S,5c:62:8b:66:67:d2"
1791489439.163,"B,577,10,5c:62:8b:66:67:d2,0,0,6143,17,-52,A,5c:62:8b:66:67:d2"
1791489439.163,"B,577,10,b2:db:ca:e6:29:a6,140,5,0,0,-27,S,5c:62:8b:66:67:d2"
1791489439.163,"B,577,10,72:3b:01:24:b7:c8,112,4,0,0,-21,S,5c:62:8b:66:67:d2"
1791489439.367,"M,638,baseline"
1791489439.367,"B,677,10,78:8c:b5:f5:e7:26,0,0,30,1,-73,A,78:8c:b5:f5:e7:26"
1791489439.367,"B,677,10,46:88:44:6e:4f:e4,5729,9,0,0,-29,S,5c:62:8b:66:67:d2"
1791489439.367,"B,677,10,5c:62:8b:66:67:d2,0,0,5757,10,-53,A,5c:62:8b:66:67:d2"
1791489439.367,"B,677,10,b2:db:ca:e6:29:a6,28,1,0,0,-30,S,5c:62:8b:66:67:d2"
1791489439.367,"B,677,10,a6:4c:bd:b6:c7:99,30,1,0,0,-89,S,78:8c:b5:f5:e7:26"
1791489439.367,"B,777,10,46:88:44:6e:4f:e4,7275,11,0,0,-28,S,5c:62:8b:66:67:d2"
1791489439.367,"B,777,10,5c:62:8b:66:67:d2,0,0,7303,12,-51,A,5c:62:8b:66:67:d2"
1791489439.367,"B,777,10,b2:db:ca:e6:29:a6,28,1,0,0,-27,S,5c:62:8b:66:67:d2"
1791489439.567,"B,877,10,46:88:44:6e:4f:e4,11060,14,0,0,-28,S,5c:62:8b:66:67:d2"
1791489439.567,"B,877,10,5c:62:8b:66:67:d2,0,0,11256,21,-47,A,5c:62:8b:66:67:d2"
1791489439.567,"B,877,10,b2:db:ca:e6:29:a6,84,3,0,0,-28,S,5c:62:8b:66:67:d2"
1791489439.567,"B,877,10,72:3b:01:24:b7:c8,112,4,0,0,-23,S,5c:62:8b:66:67:d2"
1791489439.567,"A,888,10,cc:d8:43:ca:9f:eb,-77,Xiaomi_DF62"
1791489439.567,"B,977,10,46:88:44:6e:4f:e4,2821,7,0,0,-28,S,5c:62:8b:66:67:d2"
1791489439.567,"B,977,10,5c:62:8b:66:67:d2,0,0,2905,10,-49,A,5c:62:8b:66:67:d2"
1791489439.567,"B,977,10,b2:db:ca:e6:29:a6,56,2,0,0,-28,S,5c:62:8b:66:67:d2"
1791489439.567,"B,977,10,72:3b:01:24:b7:c8,28,1,0,0,-21,S,5c:62:8b:66:67:d2"
1791489439.772,"B,1077,10,46:88:44:6e:4f:e4,6323,7,0,0,-28,S,5c:62:8b:66:67:d2"
1791489439.772,"B,1077,10,5c:62:8b:66:67:d2,0,0,6519,14,-49,A,5c:62:8b:66:67:d2"
1791489439.772,"B,1077,10,b2:db:ca:e6:29:a6,140,5,0,0,-26,S,5c:62:8b:66:67:d2"
1791489439.772,"B,1077,10,72:3b:01:24:b7:c8,56,2,0,0,-21,S,5c:62:8b:66:67:d2"
1791489439.772,"B,1077,10,38:d5:7a:f4:5a:37,30,1,0,0,-91,S,8a:ce:16:78:6f:dc"
1791489439.772,"B,1077,10,8a:ce:16:78:6f:dc,0,0,30,1,0,A,8a:ce:16:78:6f:dc"
1791489439.772,"B,1177,10,46:88:44:6e:4f:e4,4759,6,0,0,-28,S,5c:62:8b:66:67:d2"
1791489439.772,"B,1177,10,5c:62:8b:66:67:d2,0,0,4843,9,-46,A,5c:62:8b:66:67:d2"
1791489439.772,"B,1177,10,b2:db:ca:e6:29:a6,28,1,0,0,-28,S,5c:62:8b:66:67:d2"
1791489439.772,"B,1177,10,72:3b:01:24:b7:c8,56,2,0,0,-22,S,5c:62:8b:66:67:d2"
1791489439.976,"B,1277,10,78:8c:b5:f5:e7:26,0,0,30,1,-73,A,78:8c:b5:f5:e7:26"
1791489439.976,"B,1277,10,46:88:44:6e:4f:e4,5053,7,0,0,-28,S,5c:62:8b:66:67:d2"
1791489439.976,"B,1277,10,5c:62:8b:66:67:d2,0,0,5081,8,-47,A,5c:62:8b:66:67:d2"
1791489439.976,"B,1277,10,b2:db:ca:e6:29:a6,28,1,0,0,-29,S,5c:62:8b:66:67:d2"
1791489439.976,"B,1277,10,a6:4c:bd:b6:c7:99,30,1,0,0,-86,S,78:8c:b5:f5:e7:26"
1791489439.976,"B,1377,10,46:88:44:6e:4f:e4,6402,9,0,0,-28,S,5c:62:8b:66:67:d2"
1791489439.976,"B,1377,10,5c:62:8b:66:67:d2,0,0,6514,13,-49,A,5c:62:8b:66:67:d2"
1791489439.976,"B,1377,10,b2:db:ca:e6:29:a6,28,1,0,0,-28,S,5c:62:8b:66:67:d2"
1791489439.976,"B,1377,10,72:3b:01:24:b7:c8,84,3,0,0,-22,S,5c:62:8b:66:67:d2"
1791489440.181,"B,1477,10,46:88:44:6e:4f:e4,5785,9,0,0,-28,S,5c:62:8b:66:67:d2"
1791489440.181,"B,1477,10,5c:62:8b:66:67:d2,0,0,5953,15,-48,A,5c:62:8b:66:67:d2"
1791489440.181,"B,1477,10,72:3b:01:24:b7:c8,168,6,0,0,-22,S,5c:62:8b:66:67:d2"
1791489440.181,"B,1577,10,46:88:44:6e:4f:e4,2100,6,0,0,-28,S,5c:62:8b:66:67:d2"
1791489440.181,"B,1577,10,5c:62:8b:66:67:d2,0,0,2100,6,-48,A,5c:62:8b:66:67:d2"
1791489440.181,"B,1577,10,38:d5:7a:f4:5a:37,30,1,0,0,-89,S,8a:ce:16:78:6f:dc"
1791489440.181,"B,1577,10,8a:ce:16:78:6f:dc,0,0,30,1,0,A,8a:ce:16:78:6f:dc"
1791489440.385,"B,1677,10,78:8c:b5:f5:e7:26,0,0,30,1,-74,A,78:8c:b5:f5:e7:26"
1791489440.385,"B,1677,10,46:88:44:6e:4f:e4,6805,9,0,0,-28,S,5c:62:8b:66:67:d2"
1791489440.385,"B,1677,10,5c:62:8b:66:67:d2,0,0,6917,13,-46,A,5c:62:8b:66:67:d2"
1791489440.385,"B,1677,10,72:3b:01:24:b7:c8,112,4,0,0,-22,S,5c:62:8b:66:67:d2"
1791489440.385,"B,1677,10,a6:4c:bd:b6:c7:99,30,1,0,0,-87,S,78:8c:b5:f5:e7:26"
1791489440.385,"B,1677,10,38:d5:7a:f4:5a:37,30,1,0,0,-89,S,8a:ce:16:78:6f:dc"
1791489440.385,"B,1677,10,8a:ce:16:78:6f:dc,0,0,30,1,0,A,8a:ce:16:78:6f:dc"
1791489440.385,"B,1777,10,46:88:44:6e:4f:e4,5427,8,0,0,-27,S,5c:62:8b:66:67:d2"
1791489440.385,"B,1777,10,5c:62:8b:66:67:d2,0,0,5623,15,-46,A,5c:62:8b:66:67:d2"
1791489440.385,"B,1777,10,b2:db:ca:e6:29:a6,56,2,0,0,-27,S,5c:62:8b:66:67:d2"
1791489440.385,"B,1777,10,72:3b:01:24:b7:c8,140,5,0,0,-21,S,5c:62:8b:66:67:d2"
1791489440.385,"A,1792,10,80:af:ca:68:4c:f8,-86,Cudy-4CF8"
1791489440.585,"B,1877,10,78:8c:b5:f5:e7:26,0,0,30,1,-68,A,78:8c:b5:f5:e7:26"
1791489440.585,"B,1877,10,46:88:44:6e:4f:e4,5885,11,0,0,-27,S,5c:62:8b:66:67:d2"
1791489440.585,"B,1877,10,5c:62:8b:66:67:d2,0,0,5913,12,-45,A,5c:62:8b:66:67:d2"
1791489440.585,"B,1877,10,b2:db:ca:e6:29:a6,28,1,0,0,-29,S,5c:62:8b:66:67:d2"
1791489440.585,"B,1877,10,a6:4c:bd:b6:c7:99,30,1,0,0,-87,S,78:8c:b5:f5:e7:26"
1791489440.585,"B,1977,10,46:88:44:6e:4f:e4,6503,8,0,0,-27,S,5c:62:8b:66:67:d2"
1791489440.585,"B,1977,10,5c:62:8b:66:67:d2,0,0,6559,10,-51,A,5c:62:8b:66:67:d2"
1791489440.585,"B,1977,10,b2:db:ca:e6:29:a6,56,2,0,0,-27,S,5c:62:8b:66:67:d2"
1791489440.786,"B,2077,10,78:8c:b5:f5:e7:26,0,0,30,1,-71,A,78:8c:b5:f5:e7:26"
1791489440.786,"B,2077,10,46:88:44:6e:4f:e4,5797,9,0,0,-28,S,5c:62:8b:66:67:d2"
1791489440.786,"B,2077,10,5c:62:8b:66:67:d2,0,0,5993,16,-47,A,5c:62:8b:66:67:d2"
1791489440.786,"B,2077,10,b2:db:ca:e6:29:a6,28,1,0,0,-28,S,5c:62:8b:66:67:d2"
1791489440.786,"B,2077,10,72:3b:01:24:b7:c8,168,6,0,0,-21,S,5c:62:8b:66:67:d2"
1791489440.786,"B,2077,10,a6:4c:bd:b6:c7:99,30,1,0,0,-89,S,78:8c:b5:f5:e7:26"
1791489440.786,"B,2077,10,38:d5:7a:f4:5a:37,30,1,0,0,-90,S,8a:ce:16:78:6f:dc"
1791489440.786,"B,2077,10,8a:ce:16:78:6f:dc,0,0,30,1,0,A,8a:ce:16:78:6f:dc"
1791489440.786,"B,2177,10,78:8c:b5:f5:e7:26,0,0,30,1,0,A,78:8c:b5:f5:e7:26"
1791489440.786,"B,2177,10,46:88:44:6e:4f:e4,1428,5,0,0,-28,S,5c:62:8b:66:67:d2"
1791489440.786,"B,2177,10,5c:62:8b:66:67:d2,0,0,1652,13,-46,A,5c:62:8b:66:67:d2"
1791489440.786,"B,2177,10,b2:db:ca:e6:29:a6,56,2,0,0,-28,S,5c:62:8b:66:67:d2"
1791489440.786,"B,2177,10,72:3b:01:24:b7:c8,168,6,0,0,-22,S,5c:62:8b:66:67:d2"
1791489440.786,"B,2177,10,a6:4c:bd:b6:c7:99,30,1,0,0,-87,S,78:8c:b5:f5:e7:26"
1791489440.991,"B,2277,10,46:88:44:6e:4f:e4,6941,11,0,0,-28,S,5c:62:8b:66:67:d2"
1791489440.991,"B,2277,10,5c:62:8b:66:67:d2,0,0,6969,12,-48,A,5c:62:8b:66:67:d2"
1791489440.991,"B,2277,10,b2:db:ca:e6:29:a6,28,1,0,0,-29,S,5c:62:8b:66:67:d2"
1791489440.991,"B,2377,10,46:88:44:6e:4f:e4,8977,12,0,0,-28,S,5c:62:8b:66:67:d2"
1791489440.991,"B,2377,10,5c:62:8b:66:67:d2,0,0,9145,18,-43,A,5c:62:8b:66:67:d2"
1791489440.991,"B,2377,10,b2:db:ca:e6:29:a6,56,2,0,0,-28,S,5c:62:8b:66:67:d2"
1791489440.991,"B,2377,10,72:3b:01:24:b7:c8,112,4,0,0,-21,S,5c:62:8b:66:67:d2"
1791489441.192,"B,2477,10,78:8c:b5:f5:e7:26,0,0,30,1,-72,A,78:8c:b5:f5:e7:26"
1791489441.192,"B,2477,10,46:88:44:6e:4f:e4,5975,10,0,0,-27,S,5c:62:8b:66:67:d2"
1791489441.192,"B,2477,10,5c:62:8b:66:67:d2,0,0,6143,16,0,A,5c:62:8b:66:67:d2"
1791489441.192,"B,2477,10,b2:db:ca:e6:29:a6,56,2,0,0,-28,S,5c:62:8b:66:67:d2"
1791489441.192,"B,2477,10,72:3b:01:24:b7:c8,112,4,0,0,-21,S,5c:62:8b:66:67:d2"
1791489441.192,"B,2477,10,a6:4c:bd:b6:c7:99,30,1,0,0,-89,S,78:8c:b5:f5:e7:26"
1791489441.192,"A,2514,10,82:af:ca:28:4c:f8,-83,"
1791489441.192,"B,2577,10,46:88:44:6e:4f:e4,4893,7,138,1,-28,S,5c:62:8b:66:67:d2"
1791489441.192,"B,2577,10,5c:62:8b:66:67:d2,138,1,4921,8,-45,A,5c:62:8b:66:67:d2"
1791489441.192,"B,2577,10,b2:db:ca:e6:29:a6,28,1,0,0,-29,S,5c:62:8b:66:67:d2"
1791489441.192,"B,2577,10,38:d5:7a:f4:5a:37,30,1,0,0,-92,S,8a:ce:16:78:6f:dc"
1791489441.192,"B,2577,10,8a:ce:16:78:6f:dc,0,0,30,1,0,A,8a:ce:16:78:6f:dc"
1791489441.192,"A,2660,10,00:eb:d8:11:99:9d,-65,"
1791489441.393,"B,2677,10,46:88:44:6e:4f:e4,5361,9,0,0,-28,S,5c:62:8b:66:67:d2"
1791489441.393,"B,2677,10,5c:62:8b:66:67:d2,0,0,5557,16,-44,A,5c:62:8b:66:67:d2"
1791489441.393,"B,2677,10,b2:db:ca:e6:29:a6,84,3,0,0,-27,S,5c:62:8b:66:67:d2"
1791489441.393,"B,2677,10,72:3b:01:24:b7:c8,112,4,0,0,-21,S,5c:62:8b:66:67:d2"
1791489441.393,"B,2777,10,46:88:44:6e:4f:e4,2121,5,0,0,-28,S,5c:62:8b:66:67:d2"
1791489441.393,"B,2777,10,5c:62:8b:66:67:d2,0,0,2177,7,-48,A,5c:62:8b:66:67:d2"
1791489441.393,"B,2777,10,b2:db:ca:e6:29:a6,28,1,0,0,-28,S,5c:62:8b:66:67:d2"
1791489441.393,"B,2777,10,72:3b:01:24:b7:c8,28,1,0,0,-21,S,5c:62:8b:66:67:d2"
1791489441.598,"B,2877,10,78:8c:b5:f5:e7:26,0,0,30,1,-72,A,78:8c:b5:f5:e7:26"
1791489441.598,"B,2877,10,46:88:44:6e:4f:e4,5242,9,0,0,-29,S,5c:62:8b:66:67:d2"
1791489441.598,"B,2877,10,5c:62:8b:66:67:d2,0,0,5326,12,-47,A,5c:62:8b:66:67:d2"
1791489441.598,"B,2877,10,b2:db:ca:e6:29:a6,84,3,0,0,-28,S,5c:62:8b:66:67:d2"
1791489441.598,"B,2877,10,a6:4c:bd:b6:c7:99,30,1,0,0,-85,S,78:8c:b5:f5:e7:26"
1791489441.598,"B,2877,10,38:d5:7a:f4:5a:37,30,1,0,0,-91,S,8a:ce:16:78:6f:dc"
1791489441.598,"B,2877,10,8a:ce:16:78:6f:dc,0,0,30,1,0,A,8a:ce:16:78:6f:dc"
1791489441.598,"B,2977,10,78:8c:b5:f5:e7:26,0,0,30,1,0,A,78:8c:b5:f5:e7:26"
1791489441.598,"B,2977,10,46:88:44:6e:4f:e4,6132,8,0,0,-29,S,5c:62:8b:66:67:d2"
1791489441.598,"B,2977,10,5c:62:8b:66:67:d2,0,0,6412,18,-49,A,5c:62:8b:66:67:d2"
1791489441.598,"B,2977,10,b2:db:ca:e6:29:a6,28,1,0,0,-28,S,5c:62:8b:66:67:d2"
1791489441.598,"B,2977,10,72:3b:01:24:b7:c8,252,9,0,0,-21,S,5c:62:8b:66:67:d2"
1791489441.598,"B,2977,10,a6:4c:bd:b6:c7:99,30,1,0,0,-92,S,78:8c:b5:f5:e7:26"
1791489441.803,"B,3077,10,46:88:44:6e:4f:e4,8749,11,0,0,-28,S,5c:62:8b:66:67:d2"
1791489441.803,"B,3077,10,5c:62:8b:66:67:d2,0,0,8833,14,-53,A,5c:62:8b:66:67:d2"
1791489441.803,"B,3077,10,b2:db:ca:e6:29:a6,56,2,0,0,-28,S,5c:62:8b:66:67:d2"
1791489441.803,"B,3077,10,72:3b:01:24:b7:c8,28,1,0,0,-21,S,5c:62:8b:66:67:d2"
1791489441.803,"B,3177,10,46:88:44:6e:4f:e4,5943,10,0,0,-27,S,5c:62:8b:66:67:d2"
1791489441.803,"B,3177,10,5c:62:8b:66:67:d2,0,0,5999,12,-53,A,5c:62:8b:66:67:d2"
1791489441.803,"B,3177,10,b2:db:ca:e6:29:a6,56,2,0,0,-29,S,5c:62:8b:66:67:d2"
1791489442.006,"B,3277,10,46:88:44:6e:4f:e4,4723,6,0,0,-27,S,5c:62:8b:66:67:d2"
1791489442.006,"B,3277,10,5c:62:8b:66:67:d2,0,0,5087,19,-52,A,5c:62:8b:66:67:d2"
1791489442.006,"B,3277,10,b2:db:ca:e6:29:a6,56,2,0,0,-27,S,5c:62:8b:66:67:d2"
1791489442.006,"B,3277,10,72:3b:01:24:b7:c8,308,11,0,0,-21,S,5c:62:8b:66:67:d2"
1791489442.006,"B,3377,10,78:8c:b5:f5:e7:26,0,0,30,1,-73,A,78:8c:b5:f5:e7:26"
1791489442.006,"B,3377,10,46:88:44:6e:4f:e4,1428,5,0,0,-28,S,5c:62:8b:66:67:d2"
1791489442.006,"B,3377,10,5c:62:8b:66:67:d2,0,0,1624,12,-49,A,5c:62:8b:66:67:d2"
1791489442.006,"B,3377,10,b2:db:ca:e6:29:a6,56,2,0,0,-28,S,5c:62:8b:66:67:d2"
1791489442.006,"B,3377,10,72:3b:01:24:b7:c8,140,5,0,0,-21,S,5c:62:8b:66:67:d2"
1791489442.006,"B,3377,10,a6:4c:bd:b6:c7:99,30,1,0,0,-88,S,78:8c:b5:f5:e7:26"
1791489442.207,"B,3477,10,46:88:44:6e:4f:e4,13329,13,0,0,-28,S,5c:62:8b:66:67:d2"
1791489442.207,"B,3477,10,5c:62:8b:66:67:d2,0,0,13553,21,-50,A,5c:62:8b:66:67:d2"
1791489442.207,"B,3477,10,b2:db:ca:e6:29:a6,28,1,0,0,-26,S,5c:62:8b:66:67:d2"
1791489442.207,"B,3477,10,72:3b:01:24:b7:c8,196,7,0,0,-22,S,5c:62:8b:66:67:d2"
1791489442.207,"B,3577,10,46:88:44:6e:4f:e4,6164,8,0,0,-29,S,5c:62:8b:66:67:d2"
1791489442.207,"B,3577,10,5c:62:8b:66:67:d2,0,0,6472,19,-49,A,5c:62:8b:66:67:d2"
1791489442.207,"B,3577,10,b2:db:ca:e6:29:a6,56,2,0,0,-27,S,5c:62:8b:66:67:d2"
1791489442.207,"B,3577,10,72:3b:01:24:b7:c8,252,9,0,0,-21,S,5c:62:8b:66:67:d2"
1791489442.207,"B,3677,10,46:88:44:6e:4f:e4,5943,10,0,0,-29,S,5c:62:8b:66:67:d2"
1791489442.207,"B,3677,10,5c:62:8b:66:67:d2,0,0,6027,13,-49,A,5c:62:8b:66:67:d2"
1791489442.207,"B,3677,10,b2:db:ca:e6:29:a6,56,2,0,0,-28,S,5c:62:8b:66:67:d2"
1791489442.207,"B,3677,10,72:3b:01:24:b7:c8,28,1,0,0,-21,S,5c:62:8b:66:67:d2"
1791489442.407,"B,3777,10,46:88:44:6e:4f:e4,8215,10,861,7,-28,S,5c:62:8b:66:67:d2"
1791489442.407,"B,3777,10,5c:62:8b:66:67:d2,967,8,8355,15,-47,A,5c:62:8b:66:67:d2"
1791489442.407,"B,3777,10,b2:db:ca:e6:29:a6,140,5,106,1,-27,S,5c:62:8b:66:67:d2"
1791489442.407,"B,3877,10,46:88:44:6e:4f:e4,5271,8,0,0,-28,S,5c:62:8b:66:67:d2"
1791489442.607,"B,3877,10,5c:62:8b:66:67:d2,0,0,5747,25,-49,A,5c:62:8b:66:67:d2"
1791489442.607,"B,3877,10,b2:db:ca:e6:29:a6,308,11,0,0,-26,S,5c:62:8b:66:67:d2"
1791489442.607,"B,3877,10,72:3b:01:24:b7:c8,168,6,0,0,-21,S,5c:62:8b:66:67:d2"
1791489442.607,"B,3977,10,46:88:44:6e:4f:e4,2128,7,0,0,-28,S,5c:62:8b:66:67:d2"
1791489442.607,"B,3977,10,5c:62:8b:66:67:d2,0,0,2352,15,-49,A,5c:62:8b:66:67:d2"
1791489442.607,"B,3977,10,b2:db:ca:e6:29:a6,224,8,0,0,-27,S,5c:62:8b:66:67:d2"
1791489442.607,"B,4077,10,78:8c:b5:f5:e7:26,0,0,60,2,-73,A,78:8c:b5:f5:e7:26"
1791489442.808,"B,4077,10,46:88:44:6e:4f:e4,6367,10,0,0,-29,S,5c:62:8b:66:67:d2"
1791489442.808,"B,4077,10,5c:62:8b:66:67:d2,0,0,6535,16,-51,A,5c:62:8b:66:67:d2"
1791489442.808,"B,4077,10,b2:db:ca:e6:29:a6,112,4,0,0,-28,S,5c:62:8b:66:67:d2"
1791489442.808,"B,4077,10,72:3b:01:24:b7:c8,56,2,0,0,-21,S,5c:62:8b:66:67:d2"
1791489442.808,"B,4077,10,a6:4c:bd:b6:c7:99,60,2,0,0,-88,S,78:8c:b5:f5:e7:26"
1791489442.808,"B,4177,10,46:88:44:6e:4f:e4,4199,7,0,0,-29,S,5c:62:8b:66:67:d2"
1791489442.808,"B,4177,10,5c:62:8b:66:67:d2,0,0,4679,20,-49,A,5c:62:8b:66:67:d2"
1791489442.808,"B,4177,10,b2:db:ca:e6:29:a6,368,9,0,0,-27,S,5c:62:8b:66:67:d2"
1791489442.808,"B,4177,10,72:3b:01:24:b7:c8,112,4,0,0,-21,S,5c:62:8b:66:67:d2"
1791489442.808,"B,4277,10,46:88:44:6e:4f:e4,5912,8,0,0,-29,S,5c:62:8b:66:67:d2"
1791489442.808,"B,4277,10,5c:62:8b:66:67:d2,106,1,10415,17,-49,A,5c:62:8b:66:67:d2"
1791489442.808,"B,4277,10,b2:db:ca:e6:29:a6,4503,9,106,1,-27,S,5c:62:8b:66:67:d2"
1791489443.009,"B,4377,10,46:88:44:6e:4f:e4,3919,9,0,0,-27,S,5c:62:8b:66:67:d2"
1791489443.009,"B,4377,10,5c:62:8b:66:67:d2,0,0,4087,15,-49,A,5c:62:8b:66:67:d2"
1791489443.009,"B,4377,10,b2:db:ca:e6:29:a6,56,2,0,0,-28,S,5c:62:8b:66:67:d2"
1791489443.009,"B,4377,10,72:3b:01:24:b7:c8,112,4,0,0,-21,S,5c:62:8b:66:67:d2"
1791489443.009,"B,4477,10,46:88:44:6e:4f:e4,3299,6,0,0,-28,S,5c:62:8b:66:67:d2"
1791489443.009,"B,4477,10,5c:62:8b:66:67:d2,0,0,3439,11,-49,A,5c:62:8b:66:67:d2"
1791489443.009,"B,4477,10,b2:db:ca:e6:29:a6,28,1,0,0,-28,S,5c:62:8b:66:67:d2"
1791489443.009,"B,4477,10,72:3b:01:24:b7:c8,112,4,0,0,-21,S,5c:62:8b:66:67:d2"
1791489443.209,"B,4577,10,78:8c:b5:f5:e7:26,80,1,0,0,-75,A,78:8c:b5:f5:e7:26"
1791489443.209,"B,4577,10,46:88:44:6e:4f:e4,1400,4,0,0,-29,S,5c:62:8b:66:67:d2"
1791489443.209,"B,4577,10,5c:62:8b:66:67:d2,106,1,1736,16,-47,A,5c:62:8b:66:67:d2"
1791489443.209,"B,4577,10,b2:db:ca:e6:29:a6,336,12,106,1,-28,S,5c:62:8b:66:67:d2"
1791489443.209,"B,4677,10,46:88:44:6e:4f:e4,3207,6,0,0,-28,S,5c:62:8b:66:67:d2"
1791489443.209,"B,4677,10,5c:62:8b:66:67:d2,286,2,3319,10,-46,A,5c:62:8b:66:67:d2"
1791489443.209,"B,4677,10,b2:db:ca:e6:29:a6,0,0,286,2,0,S,5c:62:8b:66:67:d2"
1791489443.209,"B,4677,10,72:3b:01:24:b7:c8,112,4,0,0,-21,S,5c:62:8b:66:67:d2"
1791489443.410,"B,4777,10,78:8c:b5:f5:e7:26,0,0,30,1,-73,A,78:8c:b5:f5:e7:26"
1791489443.410,"B,4777,10,46:88:44:6e:4f:e4,3051,6,0,0,-29,S,5c:62:8b:66:67:d2"
1791489443.410,"B,4777,10,5c:62:8b:66:67:d2,0,0,3387,18,-47,A,5c:62:8b:66:67:d2"
1791489443.410,"B,4777,10,b2:db:ca:e6:29:a6,224,8,0,0,-27,S,5c:62:8b:66:67:d2"
1791489443.410,"B,4777,10,72:3b:01:24:b7:c8,112,4,0,0,-21,S,5c:62:8b:66:67:d2"
1791489443.410,"B,4777,10,a6:4c:bd:b6:c7:99,30,1,0,0,-86,S,78:8c:b5:f5:e7:26"
1791489443.410,"B,4877,10,78:8c:b5:f5:e7:26,0,0,30,1,0,A,78:8c:b5:f5:e7:26"
1791489443.410,"B,4877,10,46:88:44:6e:4f:e4,3365,7,0,0,-29,S,5c:62:8b:66:67:d2"
1791489443.410,"B,4877,10,5c:62:8b:66:67:d2,0,0,6809,21,-47,A,5c:62:8b:66:67:d2"
1791489443.410,"B,4877,10,b2:db:ca:e6:29:a6,3444,14,0,0,-27,S,5c:62:8b:66:67:d2"
1791489443.610,"B,4877,10,a6:4c:bd:b6:c7:99,30,1,0,0,-88,S,78:8c:b5:f5:e7:26"
1791489443.610,"B,4977,10,46:88:44:6e:4f:e4,3051,6,0,0,-29,S,5c:62:8b:66:67:d2"
1791489443.610,"B,4977,10,5c:62:8b:66:67:d2,1554,1,3275,14,-47,A,5c:62:8b:66:67:d2"
1791489443.610,"B,4977,10,b2:db:ca:e6:29:a6,224,8,1554,1,-28,S,5c:62:8b:66:67:d2"
1791489443.610,"B,5077,10,46:88:44:6e:4f:e4,3345,7,0,0,-29,S,5c:62:8b:66:67:d2"
1791489443.610,"B,5077,10,5c:62:8b:66:67:d2,118,1,3541,14,-47,A,5c:62:8b:66:67:d2"
1791489443.610,"B,5077,10,b2:db:ca:e6:29:a6,84,3,118,1,-28,S,5c:62:8b:66:67:d2"
1791489443.610,"B,5077,10,72:3b:01:24:b7:c8,112,4,0,0,-21,S,5c:62:8b:66:67:d2"
1791489443.610,"I,5078,stat,rx=869,drops=0,ch=10,bin=100,hop=0,heap=203064"
1791489443.811,"B,5177,10,46:88:44:6e:4f:e4,3055,6,0,0,-29,S,5c:62:8b:66:67:d2"
1791489443.811,"B,5177,10,5c:62:8b:66:67:d2,0,0,3279,14,-47,A,5c:62:8b:66:67:d2"
1791489443.811,"B,5177,10,b2:db:ca:e6:29:a6,112,4,0,0,-29,S,5c:62:8b:66:67:d2"
1791489443.811,"B,5177,10,72:3b:01:24:b7:c8,112,4,0,0,-21,S,5c:62:8b:66:67:d2"
1791489443.811,"B,5277,10,46:88:44:6e:4f:e4,1050,3,0,0,-29,S,5c:62:8b:66:67:d2"
1791489443.811,"B,5277,10,5c:62:8b:66:67:d2,6879,11,1218,9,-43,A,5c:62:8b:66:67:d2"
1791489443.811,"B,5277,10,b2:db:ca:e6:29:a6,168,6,0,0,-28,S,5c:62:8b:66:67:d2"
1791489443.811,"B,5277,10,72:3b:01:24:b7:c8,0,0,6879,11,0,S,5c:62:8b:66:67:d2"
1791489444.013,"B,5377,10,46:88:44:6e:4f:e4,3099,6,0,0,-29,S,5c:62:8b:66:67:d2"
1791489444.013,"B,5377,10,5c:62:8b:66:67:d2,3500,10,3267,12,-46,A,5c:62:8b:66:67:d2"
1791489444.013,"B,5377,10,b2:db:ca:e6:29:a6,56,2,0,0,-28,S,5c:62:8b:66:67:d2"
1791489444.013,"B,5377,10,72:3b:01:24:b7:c8,112,4,3500,10,-20,S,5c:62:8b:66:67:d2"
1791489444.013,"B,5477,10,46:88:44:6e:4f:e4,2108,5,0,0,-29,S,5c:62:8b:66:67:d2"
1791489444.013,"B,5477,10,5c:62:8b:66:67:d2,0,0,2220,9,-47,A,5c:62:8b:66:67:d2"
1791489444.013,"B,5477,10,72:3b:01:24:b7:c8,112,4,0,0,-21,S,5c:62:8b:66:67:d2"
1791489444.215,"B,5577,10,78:8c:b5:f5:e7:26,80,1,0,0,-73,A,78:8c:b5:f5:e7:26"
1791489444.215,"B,5577,10,46:88:44:6e:4f:e4,5787,12,0,0,-29,S,5c:62:8b:66:67:d2"
1791489444.215,"B,5577,10,5c:62:8b:66:67:d2,0,0,5899,16,-47,A,5c:62:8b:66:67:d2"
1791489444.215,"B,5577,10,b2:db:ca:e6:29:a6,112,4,0,0,-28,S,5c:62:8b:66:67:d2"
1791489444.215,"B,5677,10,46:88:44:6e:4f:e4,700,2,0,0,-29,S,5c:62:8b:66:67:d2"
1791489444.215,"B,5677,10,5c:62:8b:66:67:d2,0,0,868,8,-48,A,5c:62:8b:66:67:d2"
1791489444.215,"B,5677,10,b2:db:ca:e6:29:a6,56,2,0,0,-28,S,5c:62:8b:66:67:d2"
1791489444.215,"B,5677,10,72:3b:01:24:b7:c8,112,4,0,0,-21,S,5c:62:8b:66:67:d2"
1791489444.417,"B,5777,10,46:88:44:6e:4f:e4,5479,10,0,0,-28,S,5c:62:8b:66:67:d2"
1791489444.417,"B,5777,10,5c:62:8b:66:67:d2,0,0,5675,17,-47,A,5c:62:8b:66:67:d2"
1791489444.417,"B,5777,10,b2:db:ca:e6:29:a6,28,1,0,0,-28,S,5c:62:8b:66:67:d2"
1791489444.417,"B,5777,10,72:3b:01:24:b7:c8,168,6,0,0,-24,S,5c:62:8b:66:67:d2"
1791489444.417,"B,5877,10,46:88:44:6e:4f:e4,4538,7,0,0,-28,S,5c:62:8b:66:67:d2"
1791489444.417,"B,5877,10,5c:62:8b:66:67:d2,0,0,4734,14,-47,A,5c:62:8b:66:67:d2"
1791489444.417,"B,5877,10,b2:db:ca:e6:29:a6,56,2,0,0,-27,S,5c:62:8b:66:67:d2"
1791489444.417,"B,5877,10,72:3b:01:24:b7:c8,140,5,0,0,-21,S,5c:62:8b:66:67:d2"
1791489444.621,"B,5977,10,46:88:44:6e:4f:e4,1078,4,0,0,-27,S,5c:62:8b:66:67:d2"
1791489444.621,"B,5977,10,5c:62:8b:66:67:d2,0,0,1358,14,-47,A,5c:62:8b:66:67:d2"
1791489444.621,"B,5977,10,b2:db:ca:e6:29:a6,28,1,0,0,-28,S,5c:62:8b:66:67:d2"
1791489444.621,"B,5977,10,72:3b:01:24:b7:c8,252,9,0,0,-21,S,5c:62:8b:66:67:d2"
1791489444.621,"B,6077,10,46:88:44:6e:4f:e4,3139,6,0,0,-29,S,5c:62:8b:66:67:d2"
1791489444.621,"B,6077,10,5c:62:8b:66:67:d2,0,0,3195,8,-46,A,5c:62:8b:66:67:d2"
1791489444.621,"B,6077,10,b2:db:ca:e6:29:a6,56,2,0,0,-29,S,5c:62:8b:66:67:d2"
1791489444.822,"B,6177,10,46:88:44:6e:4f:e4,2781,5,0,0,-29,S,5c:62:8b:66:67:d2"
1791489444.822,"B,6177,10,5c:62:8b:66:67:d2,0,0,2921,10,-46,A,5c:62:8b:66:67:d2"
1791489444.822,"B,6177,10,b2:db:ca:e6:29:a6,28,1,0,0,-25,S,5c:62:8b:66:67:d2"
1791489444.822,"B,6177,10,72:3b:01:24:b7:c8,112,4,0,0,-21,S,5c:62:8b:66:67:d2"
1791489444.822,"B,6277,10,46:88:44:6e:4f:e4,3409,7,0,0,-29,S,5c:62:8b:66:67:d2"
1791489444.822,"B,6277,10,5c:62:8b:66:67:d2,0,0,3521,11,-45,A,5c:62:8b:66:67:d2"
1791489444.822,"B,6277,10,b2:db:ca:e6:29:a6,56,2,0,0,-28,S,5c:62:8b:66:67:d2"
1791489444.822,"B,6277,10,72:3b:01:24:b7:c8,56,2,0,0,-22,S,5c:62:8b:66:67:d2"
1791489445.025,"B,6377,10,46:88:44:6e:4f:e4,1050,3,0,0,-29,S,5c:62:8b:66:67:d2"
1791489445.025,"B,6377,10,5c:62:8b:66:67:d2,0,0,1106,5,-46,A,5c:62:8b:66:67:d2"
1791489445.025,"B,6377,10,b2:db:ca:e6:29:a6,56,2,0,0,-28,S,5c:62:8b:66:67:d2"
1791489445.025,"B,6477,10,46:88:44:6e:4f:e4,5519,9,0,0,-29,S,5c:62:8b:66:67:d2"
1791489445.025,"B,6477,10,5c:62:8b:66:67:d2,0,0,5715,16,-46,A,5c:62:8b:66:67:d2"
1791489445.025,"B,6477,10,b2:db:ca:e6:29:a6,56,2,0,0,-28,S,5c:62:8b:66:67:d2"
1791489445.025,"B,6477,10,72:3b:01:24:b7:c8,140,5,0,0,-22,S,5c:62:8b:66:67:d2"
1791489445.229,"B,6577,10,46:88:44:6e:4f:e4,5430,9,0,0,-29,S,5c:62:8b:66:67:d2"
1791489445.229,"B,6577,10,5c:62:8b:66:67:d2,0,0,5598,15,0,A,5c:62:8b:66:67:d2"
1791489445.229,"B,6577,10,b2:db:ca:e6:29:a6,56,2,0,0,-27,S,5c:62:8b:66:67:d2"
1791489445.229,"B,6577,10,72:3b:01:24:b7:c8,112,4,0,0,-22,S,5c:62:8b:66:67:d2"
1791489445.229,"B,6577,10,38:d5:7a:f4:5a:37,82,1,0,0,-90,S,8a:ce:16:78:6f:dc"
1791489445.229,"B,6577,10,8a:ce:16:78:6f:dc,0,0,82,1,0,A,8a:ce:16:78:6f:dc"
1791489445.229,"B,6677,10,46:88:44:6e:4f:e4,3777,7,0,0,-29,S,5c:62:8b:66:67:d2"
1791489445.229,"B,6677,10,5c:62:8b:66:67:d2,350,1,3805,8,-46,A,5c:62:8b:66:67:d2"
1791489445.229,"B,6677,10,b2:db:ca:e6:29:a6,28,1,0,0,-28,S,5c:62:8b:66:67:d2"
1791489445.229,"B,6677,10,72:3b:01:24:b7:c8,0,0,350,1,0,S,5c:62:8b:66:67:d2"
1791489445.435,"B,6777,10,46:88:44:6e:4f:e4,7811,9,0,0,-29,S,5c:62:8b:66:67:d2"
1791489445.435,"B,6777,10,5c:62:8b:66:67:d2,350,1,7951,14,-45,A,5c:62:8b:66:67:d2"
1791489445.435,"B,6777,10,b2:db:ca:e6:29:a6,56,2,0,0,-28,S,5c:62:8b:66:67:d2"
1791489445.435,"B,6777,10,72:3b:01:24:b7:c8,84,3,350,1,-22,S,5c:62:8b:66:67:d2"
1791489445.435,"B,6777,10,38:d5:7a:f4:5a:37,30,1,0,0,-87,S,8a:ce:16:78:6f:dc"
1791489445.435,"B,6777,10,8a:ce:16:78:6f:dc,0,0,30,1,0,A,8a:ce:16:78:6f:dc"
1791489445.435,"B,6877,10,46:88:44:6e:4f:e4,5459,9,0,0,-29,S,5c:62:8b:66:67:d2"
1791489445.435,"B,6877,10,5c:62:8b:66:67:d2,0,0,5655,16,-47,A,5c:62:8b:66:67:d2"
1791489445.435,"B,6877,10,b2:db:ca:e6:29:a6,56,2,0,0,-28,S,5c:62:8b:66:67:d2"
1791489445.435,"B,6877,10,72:3b:01:24:b7:c8,140,5,0,0,-22,S,5c:62:8b:66:67:d2"
1791489445.640,"B,6977,10,46:88:44:6e:4f:e4,1050,3,0,0,-29,S,5c:62:8b:66:67:d2"
1791489445.640,"B,6977,10,5c:62:8b:66:67:d2,0,0,1078,4,-47,A,5c:62:8b:66:67:d2"
1791489445.640,"B,6977,10,b2:db:ca:e6:29:a6,28,1,0,0,-28,S,5c:62:8b:66:67:d2"
1791489445.640,"B,7077,10,46:88:44:6e:4f:e4,7905,9,0,0,-28,S,5c:62:8b:66:67:d2"
1791489445.640,"B,7077,10,5c:62:8b:66:67:d2,0,0,8017,13,-47,A,5c:62:8b:66:67:d2"
1791489445.640,"B,7077,10,72:3b:01:24:b7:c8,112,4,0,0,-22,S,5c:62:8b:66:67:d2"
1791489445.843,"B,7177,10,46:88:44:6e:4f:e4,5073,7,0,0,-28,S,5c:62:8b:66:67:d2"
1791489445.843,"B,7177,10,5c:62:8b:66:67:d2,0,0,5213,12,-47,A,5c:62:8b:66:67:d2"
1791489445.843,"B,7177,10,72:3b:01:24:b7:c8,140,5,0,0,-22,S,5c:62:8b:66:67:d2"
1791489445.843,"B,7277,10,46:88:44:6e:4f:e4,3627,6,0,0,-28,S,5c:62:8b:66:67:d2"
1791489445.843,"B,7277,10,5c:62:8b:66:67:d2,350,1,3711,9,-45,A,5c:62:8b:66:67:d2"
1791489445.843,"B,7277,10,72:3b:01:24:b7:c8,84,3,350,1,-22,S,5c:62:8b:66:67:d2"
1791489446.047,"B,7377,10,46:88:44:6e:4f:e4,5121,7,0,0,-29,S,5c:62:8b:66:67:d2"
1791489446.047,"B,7377,10,5c:62:8b:66:67:d2,0,0,5289,13,-46,A,5c:62:8b:66:67:d2"
1791489446.047,"B,7377,10,72:3b:01:24:b7:c8,168,6,0,0,-22,S,5c:62:8b:66:67:d2"
1791489446.047,"B,7477,10,46:88:44:6e:4f:e4,5033,7,0,0,-29,S,5c:62:8b:66:67:d2"
1791489446.047,"B,7477,10,5c:62:8b:66:67:d2,0,0,5145,11,-46,A,5c:62:8b:66:67:d2"
1791489446.047,"B,7477,10,72:3b:01:24:b7:c8,112,4,0,0,-22,S,5c:62:8b:66:67:d2"
1791489446.252,"B,7577,10,46:88:44:6e:4f:e4,1050,3,0,0,-29,S,5c:62:8b:66:67:d2"
1791489446.252,"B,7577,10,5c:62:8b:66:67:d2,0,0,1050,3,-46,A,5c:62:8b:66:67:d2"
1791489446.252,"B,7677,10,46:88:44:6e:4f:e4,5471,8,0,0,-29,S,5c:62:8b:66:67:d2"
1791489446.252,"B,7677,10,5c:62:8b:66:67:d2,350,1,5779,19,-45,A,5c:62:8b:66:67:d2"
1791489446.252,"B,7677,10,b2:db:ca:e6:29:a6,28,1,0,0,-28,S,5c:62:8b:66:67:d2"
1791489446.252,"B,7677,10,72:3b:01:24:b7:c8,280,10,350,1,-22,S,5c:62:8b:66:67:d2"
1791489446.456,"B,7777,10,46:88:44:6e:4f:e4,6631,8,0,0,-29,S,5c:62:8b:66:67:d2"
1791489446.456,"B,7777,10,5c:62:8b:66:67:d2,4751,5,6687,10,-44,A,5c:62:8b:66:67:d2"
1791489446.456,"B,7777,10,b2:db:ca:e6:29:a6,56,2,0,0,-27,S,5c:62:8b:66:67:d2"
1791489446.456,"B,7777,10,72:3b:01:24:b7:c8,0,0,4751,5,0,S,5c:62:8b:66:67:d2"
1791489446.456,"B,7777,10,38:d5:7a:f4:5a:37,30,1,0,0,-90,S,8a:ce:16:78:6f:dc"
1791489446.456,"B,7777,10,8a:ce:16:78:6f:dc,0,0,30,1,0,A,8a:ce:16:78:6f:dc"
1791489446.456,"B,7877,10,46:88:44:6e:4f:e4,5129,7,0,0,-29,S,5c:62:8b:66:67:d2"
1791489446.456,"B,7877,10,5c:62:8b:66:67:d2,0,0,5185,9,-45,A,5c:62:8b:66:67:d2"
1791489446.456,"B,7877,10,b2:db:ca:e6:29:a6,56,2,0,0,-27,S,5c:62:8b:66:67:d2"
1791489446.657,"B,7977,10,46:88:44:6e:4f:e4,2505,5,0,0,-29,S,5c:62:8b:66:67:d2"
1791489446.657,"B,7977,10,5c:62:8b:66:67:d2,0,0,2673,11,-46,A,5c:62:8b:66:67:d2"
1791489446.657,"B,7977,10,72:3b:01:24:b7:c8,168,6,0,0,-22,S,5c:62:8b:66:67:d2"
1791489446.657,"B,8077,10,46:88:44:6e:4f:e4,3853,7,0,0,-29,S,5c:62:8b:66:67:d2"
1791489446.657,"B,8077,10,5c:62:8b:66:67:d2,0,0,3993,12,-46,A,5c:62:8b:66:67:d2"
1791489446.657,"B,8077,10,b2:db:ca:e6:29:a6,140,5,0,0,-27,S,5c:62:8b:66:67:d2"
1791489446.860,"B,8177,10,46:88:44:6e:4f:e4,1778,6,0,0,-29,S,5c:62:8b:66:67:d2"
1791489446.860,"B,8177,10,5c:62:8b:66:67:d2,350,1,1806,7,-45,A,5c:62:8b:66:67:d2"
1791489446.860,"B,8177,10,b2:db:ca:e6:29:a6,28,1,0,0,-29,S,5c:62:8b:66:67:d2"
1791489446.860,"B,8177,10,72:3b:01:24:b7:c8,0,0,350,1,0,S,5c:62:8b:66:67:d2"
1791489446.860,"B,8277,10,78:8c:b5:f5:e7:26,0,0,30,1,-72,A,78:8c:b5:f5:e7:26"
1791489446.860,"B,8277,10,46:88:44:6e:4f:e4,3007,5,0,0,-29,S,5c:62:8b:66:67:d2"
1791489446.860,"B,8277,10,5c:62:8b:66:67:d2,0,0,3231,13,-46,A,5c:62:8b:66:67:d2"
1791489446.860,"B,8277,10,72:3b:01:24:b7:c8,224,8,0,0,-22,S,5c:62:8b:66:67:d2"
1791489446.860,"B,8277,10,a6:4c:bd:b6:c7:99,30,1,0,0,-91,S,78:8c:b5:f5:e7:26"
1791489447.065,"B,8377,10,46:88:44:6e:4f:e4,3347,6,0,0,-28,S,5c:62:8b:66:67:d2"
1791489447.065,"B,8377,10,5c:62:8b:66:67:d2,0,0,3403,8,-46,A,5c:62:8b:66:67:d2"
1791489447.065,"B,8377,10,b2:db:ca:e6:29:a6,56,2,0,0,-28,S,5c:62:8b:66:67:d2"
1791489447.065,"B,8477,10,78:8c:b5:f5:e7:26,0,0,30,1,0,A,78:8c:b5:f5:e7:26"
1791489447.065,"B,8477,10,46:88:44:6e:4f:e4,3183,6,0,0,-28,S,5c:62:8b:66:67:d2"
1791489447.065,"B,8477,10,5c:62:8b:66:67:d2,0,0,3295,10,-46,A,5c:62:8b:66:67:d2"
1791489447.065,"B,8477,10,b2:db:ca:e6:29:a6,56,2,0,0,-28,S,5c:62:8b:66:67:d2"
1791489447.065,"B,8477,10,72:3b:01:24:b7:c8,56,2,0,0,-22,S,5c:62:8b:66:67:d2"
1791489447.065,"B,8477,10,a6:4c:bd:b6:c7:99,30,1,0,0,-87,S,78:8c:b5:f5:e7:26"
1791489447.268,"B,8577,10,78:8c:b5:f5:e7:26,161,1,0,0,-80,A,78:8c:b5:f5:e7:26"
1791489447.268,"B,8577,10,46:88:44:6e:4f:e4,5839,8,0,0,-29,S,5c:62:8b:66:67:d2"
1791489447.268,"B,8577,10,5c:62:8b:66:67:d2,0,0,6321,22,-47,A,5c:62:8b:66:67:d2"
1791489447.268,"B,8577,10,b2:db:ca:e6:29:a6,258,6,0,0,-26,S,5c:62:8b:66:67:d2"
1791489447.268,"B,8577,10,72:3b:01:24:b7:c8,224,8,0,0,-21,S,5c:62:8b:66:67:d2"
1791489447.268,"B,8677,10,46:88:44:6e:4f:e4,2991,6,138,1,-28,S,5c:62:8b:66:67:d2"
1791489447.268,"B,8677,10,5c:62:8b:66:67:d2,2735,3,3075,9,-45,A,5c:62:8b:66:67:d2"
1791489447.268,"B,8677,10,b2:db:ca:e6:29:a6,84,3,1554,1,-27,S,5c:62:8b:66:67:d2"
1791489447.268,"B,8677,10,72:3b:01:24:b7:c8,0,0,1043,1,0,S,5c:62:8b:66:67:d2"
1791489447.473,"B,8777,10,46:88:44:6e:4f:e4,1172,5,0,0,-29,S,5c:62:8b:66:67:d2"
1791489447.473,"B,8777,10,5c:62:8b:66:67:d2,1050,3,1368,12,-45,A,5c:62:8b:66:67:d2"
1791489447.473,"B,8777,10,b2:db:ca:e6:29:a6,196,7,0,0,-27,S,5c:62:8b:66:67:d2"
1791489447.473,"B,8777,10,72:3b:01:24:b7:c8,0,0,1050,3,0,S,5c:62:8b:66:67:d2"
1791489447.473,"B,8877,10,46:88:44:6e:4f:e4,3083,6,0,0,-29,S,5c:62:8b:66:67:d2"
1791489447.473,"B,8877,10,5c:62:8b:66:67:d2,0,0,3363,16,-45,A,5c:62:8b:66:67:d2"
1791489447.473,"B,8877,10,b2:db:ca:e6:29:a6,140,5,0,0,-27,S,5c:62:8b:66:67:d2"
1791489447.473,"B,8877,10,72:3b:01:24:b7:c8,140,5,0,0,-21,S,5c:62:8b:66:67:d2"
1791489447.674,"B,8977,10,78:8c:b5:f5:e7:26,0,0,60,2,-73,A,78:8c:b5:f5:e7:26"
1791489447.674,"B,8977,10,46:88:44:6e:4f:e4,3019,6,0,0,-29,S,5c:62:8b:66:67:d2"
1791489447.674,"B,8977,10,5c:62:8b:66:67:d2,0,0,3159,11,-46,A,5c:62:8b:66:67:d2"
1791489447.674,"B,8977,10,b2:db:ca:e6:29:a6,112,4,0,0,-27,S,5c:62:8b:66:67:d2"
1791489447.674,"B,8977,10,72:3b:01:24:b7:c8,28,1,0,0,-22,S,5c:62:8b:66:67:d2"
1791489447.674,"B,8977,10,a6:4c:bd:b6:c7:99,60,2,0,0,-85,S,78:8c:b5:f5:e7:26"
1791489447.674,"B,9077,10,46:88:44:6e:4f:e4,2983,5,0,0,-29,S,5c:62:8b:66:67:d2"
1791489447.674,"B,9077,10,5c:62:8b:66:67:d2,0,0,3095,9,-46,A,5c:62:8b:66:67:d2"
1791489447.674,"B,9077,10,b2:db:ca:e6:29:a6,112,4,0,0,-28,S,5c:62:8b:66:67:d2"
1791489447.874,"B,9177,10,46:88:44:6e:4f:e4,3667,8,0,0,-29,S,5c:62:8b:66:67:d2"
1791489447.874,"B,9177,10,5c:62:8b:66:67:d2,0,0,3919,17,-46,A,5c:62:8b:66:67:d2"
1791489447.874,"B,9177,10,b2:db:ca:e6:29:a6,140,5,0,0,-27,S,5c:62:8b:66:67:d2"
1791489447.874,"B,9177,10,72:3b:01:24:b7:c8,112,4,0,0,-21,S,5c:62:8b:66:67:d2"
1791489447.874,"B,9277,10,46:88:44:6e:4f:e4,5109,8,0,0,-29,S,5c:62:8b:66:67:d2"
1791489447.874,"B,9277,10,5c:62:8b:66:67:d2,3289,6,5137,9,-44,A,5c:62:8b:66:67:d2"
1791489447.874,"B,9277,10,b2:db:ca:e6:29:a6,28,1,0,0,-28,S,5c:62:8b:66:67:d2"
1791489447.874,"B,9277,10,72:3b:01:24:b7:c8,0,0,3289,6,0,S,5c:62:8b:66:67:d2"
1791489448.079,"B,9377,10,46:88:44:6e:4f:e4,1078,4,0,0,-29,S,5c:62:8b:66:67:d2"
1791489448.079,"B,9377,10,5c:62:8b:66:67:d2,0,0,1386,15,-46,A,5c:62:8b:66:67:d2"
1791489448.079,"B,9377,10,b2:db:ca:e6:29:a6,84,3,0,0,-28,S,5c:62:8b:66:67:d2"
1791489448.079,"B,9377,10,72:3b:01:24:b7:c8,224,8,0,0,-22,S,5c:62:8b:66:67:d2"
1791489448.079,"B,9477,10,78:8c:b5:f5:e7:26,0,0,30,1,-72,A,78:8c:b5:f5:e7:26"
1791489448.079,"B,9477,10,46:88:44:6e:4f:e4,2983,5,0,0,-29,S,5c:62:8b:66:67:d2"
1791489448.079,"B,9477,10,5c:62:8b:66:67:d2,0,0,3207,13,-46,A,5c:62:8b:66:67:d2"
1791489448.079,"B,9477,10,72:3b:01:24:b7:c8,224,8,0,0,-21,S,5c:62:8b:66:67:d2"
1791489448.079,"B,9477,10,a6:4c:bd:b6:c7:99,30,1,0,0,-85,S,78:8c:b5:f5:e7:26"
1791489448.285,"B,9577,10,46:88:44:6e:4f:e4,2991,6,0,0,-29,S,5c:62:8b:66:67:d2"
1791489448.285,"B,9577,10,5c:62:8b:66:67:d2,0,0,3439,22,-46,A,5c:62:8b:66:67:d2"
1791489448.285,"B,9577,10,b2:db:ca:e6:29:a6,336,12,0,0,-27,S,5c:62:8b:66:67:d2"
1791489448.285,"B,9577,10,72:3b:01:24:b7:c8,112,4,0,0,-21,S,5c:62:8b:66:67:d2"
1791489448.285,"B,9677,10,78:8c:b5:f5:e7:26,0,0,30,1,-72,A,78:8c:b5:f5:e7:26"
1791489448.285,"B,9677,10,46:88:44:6e:4f:e4,3345,7,0,0,-29,S,5c:62:8b:66:67:d2"
1791489448.285,"B,9677,10,5c:62:8b:66:67:d2,0,0,3345,7,-47,A,5c:62:8b:66:67:d2"
1791489448.285,"B,9677,10,a6:4c:bd:b6:c7:99,30,1,0,0,-85,S,78:8c:b5:f5:e7:26"
1791489448.490,"B,9777,10,78:8c:b5:f5:e7:26,0,0,30,1,0,A,78:8c:b5:f5:e7:26"
1791489448.490,"B,9777,10,46:88:44:6e:4f:e4,2979,6,0,0,-28,S,5c:62:8b:66:67:d2"
1791489448.490,"B,9777,10,5c:62:8b:66:67:d2,0,0,3315,18,-46,A,5c:62:8b:66:67:d2"
1791489448.490,"B,9777,10,b2:db:ca:e6:29:a6,224,8,0,0,-26,S,5c:62:8b:66:67:d2"
1791489448.490,"B,9777,10,72:3b:01:24:b7:c8,112,4,0,0,-21,S,5c:62:8b:66:67:d2"
1791489448.490,"B,9777,10,a6:4c:bd:b6:c7:99,30,1,0,0,-84,S,78:8c:b5:f5:e7:26"
1791489448.490,"B,9877,10,78:8c:b5:f5:e7:26,0,0,538,5,0,A,78:8c:b5:f5:e7:26"
1791489448.490,"B,9877,10,46:88:44:6e:4f:e4,3087,6,0,0,-28,S,5c:62:8b:66:67:d2"
1791489448.490,"B,9877,10,5c:62:8b:66:67:d2,0,0,3283,13,-46,A,5c:62:8b:66:67:d2"
1791489448.490,"B,9877,10,b2:db:ca:e6:29:a6,84,3,0,0,-27,S,5c:62:8b:66:67:d2"
1791489448.490,"B,9877,10,72:3b:01:24:b7:c8,112,4,0,0,-21,S,5c:62:8b:66:67:d2"
1791489448.490,"B,9877,10,a6:4c:bd:b6:c7:99,538,5,0,0,-84,S,78:8c:b5:f5:e7:26"
1791489448.695,"B,9977,10,46:88:44:6e:4f:e4,700,2,0,0,-29,S,5c:62:8b:66:67:d2"
1791489448.695,"B,9977,10,5c:62:8b:66:67:d2,0,0,812,6,-46,A,5c:62:8b:66:67:d2"
1791489448.695,"B,9977,10,b2:db:ca:e6:29:a6,112,4,0,0,-28,S,5c:62:8b:66:67:d2"
1791489448.695,"B,10077,10,46:88:44:6e:4f:e4,3043,6,0,0,-28,S,5c:62:8b:66:67:d2"
1791489448.695,"B,10077,10,5c:62:8b:66:67:d2,0,0,3379,18,-46,A,5c:62:8b:66:67:d2"
1791489448.695,"B,10077,10,b2:db:ca:e6:29:a6,224,8,0,0,-27,S,5c:62:8b:66:67:d2"
1791489448.695,"B,10077,10,72:3b:01:24:b7:c8,112,4,0,0,-21,S,5c:62:8b:66:67:d2"
1791489448.695,"I,10086,stat,rx=1715,drops=0,ch=10,bin=100,hop=0,heap=203064"
1791489448.901,"B,10177,10,46:88:44:6e:4f:e4,3059,6,0,0,-29,S,5c:62:8b:66:67:d2"
1791489448.901,"B,10177,10,5c:62:8b:66:67:d2,0,0,4781,13,-47,A,5c:62:8b:66:67:d2"
1791489448.901,"B,10177,10,b2:db:ca:e6:29:a6,1722,7,0,0,-27,S,5c:62:8b:66:67:d2"
1791489448.901,"B,10277,10,46:88:44:6e:4f:e4,3067,7,0,0,-29,S,5c:62:8b:66:67:d2"
1791489448.901,"B,10277,10,5c:62:8b:66:67:d2,0,0,3123,9,-46,A,5c:62:8b:66:67:d2"
1791489448.901,"B,10277,10,b2:db:ca:e6:29:a6,56,2,0,0,-28,S,5c:62:8b:66:67:d2"
1791489449.102,"B,10377,10,46:88:44:6e:4f:e4,3051,6,0,0,-29,S,5c:62:8b:66:67:d2"
1791489449.102,"B,10377,10,5c:62:8b:66:67:d2,0,0,3303,15,-47,A,5c:62:8b:66:67:d2"
1791489449.102,"B,10377,10,b2:db:ca:e6:29:a6,28,1,0,0,-29,S,5c:62:8b:66:67:d2"
1791489449.102,"B,10377,10,72:3b:01:24:b7:c8,224,8,0,0,-21,S,5c:62:8b:66:67:d2"
1791489449.102,"B,10477,10,46:88:44:6e:4f:e4,3083,6,0,0,-29,S,5c:62:8b:66:67:d2"
1791489449.102,"B,10477,10,5c:62:8b:66:67:d2,0,0,3223,11,-47,A,5c:62:8b:66:67:d2"
1791489449.102,"B,10477,10,b2:db:ca:e6:29:a6,140,5,0,0,-27,S,5c:62:8b:66:67:d2"
1791489449.303,"B,10577,10,46:88:44:6e:4f:e4,1078,4,0,0,-29,S,5c:62:8b:66:67:d2"
1791489449.303,"B,10577,10,5c:62:8b:66:67:d2,0,0,1190,8,-46,A,5c:62:8b:66:67:d2"
1791489449.303,"B,10577,10,b2:db:ca:e6:29:a6,112,4,0,0,-27,S,5c:62:8b:66:67:d2"
1791489449.303,"B,10677,10,46:88:44:6e:4f:e4,3011,5,0,0,-29,S,5c:62:8b:66:67:d2"
1791489449.303,"B,10677,10,5c:62:8b:66:67:d2,0,0,3375,18,-46,A,5c:62:8b:66:67:d2"
1791489449.303,"B,10677,10,b2:db:ca:e6:29:a6,56,2,0,0,-28,S,5c:62:8b:66:67:d2"
1791489449.303,"B,10677,10,72:3b:01:24:b7:c8,308,11,0,0,-21,S,5c:62:8b:66:67:d2"
1791489449.503,"B,10777,10,46:88:44:6e:4f:e4,3989,9,0,0,-29,S,5c:62:8b:66:67:d2"
1791489449.503,"B,10777,10,5c:62:8b:66:67:d2,0,0,4101,13,-46,A,5c:62:8b:66:67:d2"
1791489449.503,"B,10777,10,b2:db:ca:e6:29:a6,112,4,0,0,-27,S,5c:62:8b:66:67:d2"
1791489449.503,"B,10877,10,46:88:44:6e:4f:e4,3087,6,0,0,-29,S,5c:62:8b:66:67:d2"
1791489449.503,"B,10877,10,5c:62:8b:66:67:d2,0,0,3143,8,-46,A,5c:62:8b:66:67:d2"
1791489449.503,"B,10877,10,b2:db:ca:e6:29:a6,56,2,0,0,-28,S,5c:62:8b:66:67:d2"
1791489449.704,"B,10977,10,46:88:44:6e:4f:e4,6486,10,0,0,-29,S,5c:62:8b:66:67:d2"
1791489449.704,"B,10977,10,5c:62:8b:66:67:d2,0,0,6710,18,0,A,5c:62:8b:66:67:d2"
1791489449.704,"B,10977,10,b2:db:ca:e6:29:a6,28,1,0,0,-28,S,5c:62:8b:66:67:d2"
1791489449.704,"B,10977,10,72:3b:01:24:b7:c8,196,7,0,0,-21,S,5c:62:8b:66:67:d2"
1791489449.704,"B,11077,10,46:88:44:6e:4f:e4,2121,5,0,0,-27,S,5c:62:8b:66:67:d2"
1791489449.704,"B,11077,10,5c:62:8b:66:67:d2,0,0,2261,10,-45,A,5c:62:8b:66:67:d2"
1791489449.704,"B,11077,10,b2:db:ca:e6:29:a6,56,2,0,0,-29,S,5c:62:8b:66:67:d2"
1791489449.704,"B,11077,10,72:3b:01:24:b7:c8,84,3,0,0,-22,S,5c:62:8b:66:67:d2"
1791489449.904,"B,11177,10,78:8c:b5:f5:e7:26,0,0,30,1,-72,A,78:8c:b5:f5:e7:26"
1791489449.904,"B,11177,10,46:88:44:6e:4f:e4,4814,8,0,0,-29,S,5c:62:8b:66:67:d2"
1791489449.904,"B,11177,10,5c:62:8b:66:67:d2,0,0,4898,11,-47,A,5c:62:8b:66:67:d2"
1791489449.904,"B,11177,10,b2:db:ca:e6:29:a6,84,3,0,0,-27,S,5c:62:8b:66:67:d2"
1791489449.904,"B,11177,10,a6:4c:bd:b6:c7:99,30,1,0,0,-87,S,78:8c:b5:f5:e7:26"
1791489449.904,"B,11277,10,46:88:44:6e:4f:e4,3349,7,0,0,-28,S,5c:62:8b:66:67:d2"
1791489449.904,"B,11277,10,5c:62:8b:66:67:d2,0,0,3601,16,-46,A,5c:62:8b:66:67:d2"
1791489449.904,"B,11277,10,b2:db:ca:e6:29:a6,28,1,0,0,-28,S,5c:62:8b:66:67:d2"
1791489449.904,"B,11277,10,72:3b:01:24:b7:c8,224,8,0,0,-22,S,5c:62:8b:66:67:d2"
1791489449.904,"B,11377,10,78:8c:b5:f5:e7:26,0,0,179,1,-73,A,78:8c:b5:f5:e7:26"
1791489449.904,"B,11377,10,46:88:44:6e:4f:e4,3003,6,0,0,-28,S,5c:62:8b:66:67:d2"
1791489450.106,"B,11377,10,5c:62:8b:66:67:d2,0,0,3339,18,-47,A,5c:62:8b:66:67:d2"
1791489450.106,"B,11377,10,b2:db:ca:e6:29:a6,224,8,0,0,-27,S,5c:62:8b:66:67:d2"
1791489450.106,"B,11377,10,72:3b:01:24:b7:c8,112,4,0,0,-22,S,5c:62:8b:66:67:d2"
1791489450.106,"B,11377,10,a6:4c:bd:b6:c7:99,179,1,0,0,-87,S,78:8c:b5:f5:e7:26"
1791489450.106,"B,11477,10,46:88:44:6e:4f:e4,2709,5,0,0,-29,S,5c:62:8b:66:67:d2"
1791489450.106,"B,11477,10,5c:62:8b:66:67:d2,0,0,2927,10,-46,A,5c:62:8b:66:67:d2"
1791489450.106,"B,11477,10,b2:db:ca:e6:29:a6,106,1,0,0,-26,S,5c:62:8b:66:67:d2"
1791489450.106,"B,11477,10,72:3b:01:24:b7:c8,112,4,0,0,-22,S,5c:62:8b:66:67:d2"
1791489450.306,"B,11577,10,46:88:44:6e:4f:e4,3139,6,0,0,-29,S,5c:62:8b:66:67:d2"
1791489450.306,"B,11577,10,5c:62:8b:66:67:d2,3850,11,3289,9,-45,A,5c:62:8b:66:67:d2"
1791489450.306,"B,11577,10,b2:db:ca:e6:29:a6,150,3,0,0,-27,S,5c:62:8b:66:67:d2"
1791489450.306,"B,11577,10,72:3b:01:24:b7:c8,0,0,3850,11,0,S,5c:62:8b:66:67:d2"
1791489450.306,"B,11677,10,46:88:44:6e:4f:e4,3743,7,0,0,-29,S,5c:62:8b:66:67:d2"
1791489450.306,"B,11677,10,5c:62:8b:66:67:d2,212,2,3967,15,-45,A,5c:62:8b:66:67:d2"
1791489450.306,"B,11677,10,b2:db:ca:e6:29:a6,224,8,212,2,-27,S,5c:62:8b:66:67:d2"
1791489450.507,"B,11777,10,46:88:44:6e:4f:e4,2987,5,0,0,-29,S,5c:62:8b:66:67:d2"
1791489450.507,"B,11777,10,5c:62:8b:66:67:d2,0,0,3295,16,-46,A,5c:62:8b:66:67:d2"
1791489450.507,"B,11777,10,b2:db:ca:e6:29:a6,224,8,0,0,-26,S,5c:62:8b:66:67:d2"
1791489450.507,"B,11777,10,72:3b:01:24:b7:c8,84,3,0,0,-29,S,5c:62:8b:66:67:d2"
1791489450.507,"B,11877,10,46:88:44:6e:4f:e4,1078,4,0,0,-29,S,5c:62:8b:66:67:d2"
1791489450.507,"B,11877,10,5c:62:8b:66:67:d2,0,0,1330,13,-46,A,5c:62:8b:66:67:d2"
1791489450.507,"B,11877,10,b2:db:ca:e6:29:a6,140,5,0,0,-27,S,5c:62:8b:66:67:d2"
1791489450.507,"B,11877,10,72:3b:01:24:b7:c8,112,4,0,0,-22,S,5c:62:8b:66:67:d2"
1791489450.507,"B,11977,10,46:88:44:6e:4f:e4,3435,6,0,0,-29,S,5c:62:8b:66:67:d2"
1791489450.507,"B,11977,10,5c:62:8b:66:67:d2,0,0,3659,14,-46,A,5c:62:8b:66:67:d2"
1791489450.507,"B,11977,10,b2:db:ca:e6:29:a6,224,8,0,0,-27,S,5c:62:8b:66:67:d2"
1791489450.708,"B,12077,10,46:88:44:6e:4f:e4,4912,8,0,0,-29,S,5c:62:8b:66:67:d2"
1791489450.708,"B,12077,10,5c:62:8b:66:67:d2,0,0,5052,13,-46,A,5c:62:8b:66:67:d2"
1791489450.708,"B,12077,10,b2:db:ca:e6:29:a6,140,5,0,0,-25,S,5c:62:8b:66:67:d2"
1791489450.708,"B,12177,10,46:88:44:6e:4f:e4,5073,7,0,0,-29,S,5c:62:8b:66:67:d2"
1791489450.708,"B,12177,10,5c:62:8b:66:67:d2,0,0,5325,16,-46,A,5c:62:8b:66:67:d2"
1791489450.708,"B,12177,10,b2:db:ca:e6:29:a6,140,5,0,0,-28,S,5c:62:8b:66:67:d2"
1791489450.708,"B,12177,10,72:3b:01:24:b7:c8,112,4,0,0,-22,S,5c:62:8b:66:67:d2"
1791489450.908,"B,12277,10,78:8c:b5:f5:e7:26,0,0,183,1,-73,A,78:8c:b5:f5:e7:26"
1791489450.908,"B,12277,10,46:88:44:6e:4f:e4,1078,4,0,0,-29,S,5c:62:8b:66:67:d2"
1791489450.908,"B,12277,10,5c:62:8b:66:67:d2,0,0,1162,7,-46,A,5c:62:8b:66:67:d2"
1791489450.908,"B,12277,10,b2:db:ca:e6:29:a6,84,3,0,0,-28,S,5c:62:8b:66:67:d2"
1791489450.908,"B,12277,10,a6:4c:bd:b6:c7:99,183,1,0,0,-87,S,78:8c:b5:f5:e7:26"
1791489450.908,"B,12377,10,46:88:44:6e:4f:e4,5037,6,0,0,-29,S,5c:62:8b:66:67:d2"
1791489450.908,"B,12377,10,5c:62:8b:66:67:d2,0,0,5261,14,-46,A,5c:62:8b:66:67:d2"
1791489450.908,"B,12377,10,b2:db:ca:e6:29:a6,28,1,0,0,-29,S,5c:62:8b:66:67:d2"
1791489450.908,"B,12377,10,72:3b:01:24:b7:c8,196,7,0,0,-26,S,5c:62:8b:66:67:d2"
1791489451.108,"B,12377,10,80:af:ca:68:4c:f8,84,1,0,0,-84,A,80:af:ca:68:4c:f8"
1791489451.108,"B,12477,10,78:8c:b5:f5:e7:26,0,0,106,1,-72,A,78:8c:b5:f5:e7:26"
1791489451.108,"B,12477,10,46:88:44:6e:4f:e4,5013,7,0,0,-28,S,5c:62:8b:66:67:d2"
1791489451.108,"B,12477,10,5c:62:8b:66:67:d2,0,0,5125,11,-46,A,5c:62:8b:66:67:d2"
1791489451.108,"B,12477,10,72:3b:01:24:b7:c8,112,4,0,0,-22,S,5c:62:8b:66:67:d2"
1791489451.108,"B,12477,10,a6:4c:bd:b6:c7:99,106,1,0,0,-89,S,78:8c:b5:f5:e7:26"
1791489451.108,"B,12577,10,46:88:44:6e:4f:e4,5029,7,138,1,-28,S,5c:62:8b:66:67:d2"
1791489451.108,"B,12577,10,5c:62:8b:66:67:d2,138,1,5169,12,-45,A,5c:62:8b:66:67:d2"
1791489451.309,"B,12577,10,b2:db:ca:e6:29:a6,28,1,0,0,-29,S,5c:62:8b:66:67:d2"
1791489451.309,"B,12577,10,72:3b:01:24:b7:c8,112,4,0,0,-22,S,5c:62:8b:66:67:d2"
1791489451.309,"B,12577,10,38:d5:7a:f4:5a:37,30,1,0,0,-90,S,8a:ce:16:78:6f:dc"
1791489451.309,"B,12577,10,8a:ce:16:78:6f:dc,0,0,30,1,0,A,8a:ce:16:78:6f:dc"
1791489451.309,"B,12677,10,78:8c:b5:f5:e7:26,0,0,114,1,-72,A,78:8c:b5:f5:e7:26"
1791489451.309,"B,12677,10,46:88:44:6e:4f:e4,5105,7,0,0,-28,S,5c:62:8b:66:67:d2"
1791489451.309,"B,12677,10,5c:62:8b:66:67:d2,0,0,5105,7,-47,A,5c:62:8b:66:67:d2"
1791489451.309,"B,12677,10,a6:4c:bd:b6:c7:99,114,1,0,0,-92,S,78:8c:b5:f5:e7:26"
1791489451.309,"B,12777,10,46:88:44:6e:4f:e4,9471,13,0,0,-29,S,5c:62:8b:66:67:d2"
1791489451.309,"B,12777,10,5c:62:8b:66:67:d2,0,0,9527,15,-48,A,5c:62:8b:66:67:d2"
1791489451.309,"B,12777,10,72:3b:01:24:b7:c8,56,2,0,0,-22,S,5c:62:8b:66:67:d2"
1791489451.509,"B,12877,10,46:88:44:6e:4f:e4,6969,9,0,0,-29,S,5c:62:8b:66:67:d2"
1791489451.509,"B,12877,10,5c:62:8b:66:67:d2,0,0,7081,13,-50,A,5c:62:8b:66:67:d2"
1791489451.509,"B,12877,10,72:3b:01:24:b7:c8,112,4,0,0,-22,S,5c:62:8b:66:67:d2"
1791489451.509,"B,12977,10,78:8c:b5:f5:e7:26,0,0,290,3,-71,A,78:8c:b5:f5:e7:26"
1791489451.509,"B,12977,10,46:88:44:6e:4f:e4,700,2,0,0,-29,S,5c:62:8b:66:67:d2"
1791489451.509,"B,12977,10,5c:62:8b:66:67:d2,0,0,700,2,-48,A,5c:62:8b:66:67:d2"
1791489451.509,"B,12977,10,a6:4c:bd:b6:c7:99,290,3,0,0,-91,S,78:8c:b5:f5:e7:26"
1791489451.710,"B,13077,10,46:88:44:6e:4f:e4,5089,6,0,0,-29,S,5c:62:8b:66:67:d2"
1791489451.710,"B,13077,10,5c:62:8b:66:67:d2,0,0,5145,8,-48,A,5c:62:8b:66:67:d2"
1791489451.710,"B,13077,10,72:3b:01:24:b7:c8,56,2,0,0,-22,S,5c:62:8b:66:67:d2"
1791489451.710,"B,13177,10,46:88:44:6e:4f:e4,8797,11,0,0,-29,S,5c:62:8b:66:67:d2"
1791489451.710,"B,13177,10,5c:62:8b:66:67:d2,1024,9,8937,16,-44,A,5c:62:8b:66:67:d2"
1791489451.710,"B,13177,10,b2:db:ca:e6:29:a6,28,1,1024,9,-28,S,5c:62:8b:66:67:d2"
1791489451.710,"B,13177,10,72:3b:01:24:b7:c8,112,4,0,0,-22,S,5c:62:8b:66:67:d2"
1791489451.911,"B,13277,10,46:88:44:6e:4f:e4,5943,10,0,0,-29,S,5c:62:8b:66:67:d2"
1791489451.911,"B,13277,10,5c:62:8b:66:67:d2,565,3,5999,12,-44,A,5c:62:8b:66:67:d2"
1791489451.911,"B,13277,10,b2:db:ca:e6:29:a6,56,2,565,3,-28,S,5c:62:8b:66:67:d2"
1791489451.911,"B,13377,10,46:88:44:6e:4f:e4,5129,7,0,0,-29,S,5c:62:8b:66:67:d2"
1791489451.911,"B,13377,10,5c:62:8b:66:67:d2,392,3,5381,16,-44,A,5c:62:8b:66:67:d2"
1791489451.911,"B,13377,10,b2:db:ca:e6:29:a6,28,1,392,3,-27,S,5c:62:8b:66:67:d2"
1791489451.911,"B,13377,10,72:3b:01:24:b7:c8,224,8,0,0,-22,S,5c:62:8b:66:67:d2"
1791489452.112,"B,13477,10,46:88:44:6e:4f:e4,5113,7,0,0,-29,S,5c:62:8b:66:67:d2"
1791489452.112,"B,13477,10,5c:62:8b:66:67:d2,79925,56,5281,13,-45,A,5c:62:8b:66:67:d2"
1791489452.112,"B,13477,10,b2:db:ca:e6:29:a6,28,1,79925,56,-29,S,5c:62:8b:66:67:d2"
1791489452.112,"B,13477,10,72:3b:01:24:b7:c8,140,5,0,0,-22,S,5c:62:8b:66:67:d2"
1791489452.112,"B,13577,10,46:88:44:6e:4f:e4,2100,6,0,0,-29,S,5c:62:8b:66:67:d2"
1791489452.112,"B,13577,10,5c:62:8b:66:67:d2,67412,45,2156,8,-45,A,5c:62:8b:66:67:d2"
1791489452.112,"B,13577,10,b2:db:ca:e6:29:a6,56,2,67412,45,-27,S,5c:62:8b:66:67:d2"
1791489452.314,"B,13677,10,78:8c:b5:f5:e7:26,0,0,30,1,-72,A,78:8c:b5:f5:e7:26"
1791489452.314,"B,13677,10,46:88:44:6e:4f:e4,5467,8,0,0,-29,S,5c:62:8b:66:67:d2"
1791489452.314,"B,13677,10,5c:62:8b:66:67:d2,78729,55,5831,21,-45,A,5c:62:8b:66:67:d2"
1791489452.314,"B,13677,10,b2:db:ca:e6:29:a6,56,2,78729,55,-28,S,5c:62:8b:66:67:d2"
1791489452.314,"B,13677,10,72:3b:01:24:b7:c8,308,11,0,0,-21,S,5c:62:8b:66:67:d2"
1791489452.314,"B,13677,10,a6:4c:bd:b6:c7:99,30,1,0,0,-90,S,78:8c:b5:f5:e7:26"
1791489452.314,"B,13777,10,46:88:44:6e:4f:e4,5580,7,0,0,-28,S,5c:62:8b:66:67:d2"
1791489452.314,"B,13777,10,5c:62:8b:66:67:d2,44293,33,5636,9,-46,A,5c:62:8b:66:67:d2"
1791489452.314,"B,13777,10,b2:db:ca:e6:29:a6,56,2,44293,33,-27,S,5c:62:8b:66:67:d2"
1791489452.515,"B,13877,10,46:88:44:6e:4f:e4,5085,7,0,0,-28,S,5c:62:8b:66:67:d2"
1791489452.515,"B,13877,10,5c:62:8b:66:67:d2,2382,18,5085,7,-46,A,5c:62:8b:66:67:d2"
1791489452.515,"B,13877,10,b2:db:ca:e6:29:a6,0,0,2382,18,0,S,5c:62:8b:66:67:d2"
1791489452.515,"B,13977,10,46:88:44:6e:4f:e4,11907,13,0,0,-28,S,5c:62:8b:66:67:d2"
1791489452.515,"B,13977,10,5c:62:8b:66:67:d2,0,0,12215,24,-47,A,5c:62:8b:66:67:d2"
1791489452.515,"B,13977,10,b2:db:ca:e6:29:a6,84,3,0,0,-28,S,5c:62:8b:66:67:d2"
1791489452.515,"B,13977,10,72:3b:01:24:b7:c8,224,8,0,0,-21,S,5c:62:8b:66:67:d2"
1791489452.717,"B,14077,10,46:88:44:6e:4f:e4,5483,8,0,0,-29,S,5c:62:8b:66:67:d2"
1791489452.717,"B,14077,10,5c:62:8b:66:67:d2,0,0,5595,12,-47,A,5c:62:8b:66:67:d2"
1791489452.717,"B,14077,10,b2:db:ca:e6:29:a6,56,2,0,0,-28,S,5c:62:8b:66:67:d2"
1791489452.717,"B,14077,10,72:3b:01:24:b7:c8,56,2,0,0,-21,S,5c:62:8b:66:67:d2"
1791489452.717,"B,14177,10,46:88:44:6e:4f:e4,1384,4,0,0,-29,S,5c:62:8b:66:67:d2"
1791489452.717,"B,14177,10,5c:62:8b:66:67:d2,1024,4,1440,6,-45,A,5c:62:8b:66:67:d2"
1791489452.717,"B,14177,10,b2:db:ca:e6:29:a6,56,2,1024,4,-28,S,5c:62:8b:66:67:d2"
1791489452.920,"B,14277,10,46:88:44:6e:4f:e4,5133,7,0,0,-29,S,5c:62:8b:66:67:d2"
1791489452.920,"B,14277,10,5c:62:8b:66:67:d2,427,3,5357,15,-44,A,5c:62:8b:66:67:d2"
1791489452.920,"B,14277,10,b2:db:ca:e6:29:a6,28,1,427,3,-29,S,5c:62:8b:66:67:d2"
1791489452.920,"B,14277,10,72:3b:01:24:b7:c8,196,7,0,0,-21,S,5c:62:8b:66:67:d2"
1791489452.920,"B,14277,10,64:d1:54:63:44:f4,91,1,0,0,-85,A,64:d1:54:63:44:f4"
1791489452.920,"B,14377,10,46:88:44:6e:4f:e4,5635,8,0,0,-29,S,5c:62:8b:66:67:d2"
1791489452.920,"B,14377,10,5c:62:8b:66:67:d2,172,1,5691,10,-44,A,5c:62:8b:66:67:d2"
1791489452.920,"B,14377,10,b2:db:ca:e6:29:a6,56,2,172,1,-28,S,5c:62:8b:66:67:d2"
1791489452.920,"B,14377,10,80:af:ca:68:4c:f8,84,1,0,0,-84,A,80:af:ca:68:4c:f8"
1791489453.123,"B,14477,10,78:8c:b5:f5:e7:26,0,0,28,1,-72,A,78:8c:b5:f5:e7:26"
1791489453.123,"B,14477,10,46:88:44:6e:4f:e4,9194,12,0,0,-28,S,5c:62:8b:66:67:d2"
1791489453.123,"B,14477,10,5c:62:8b:66:67:d2,145,1,9278,15,-42,A,5c:62:8b:66:67:d2"
1791489453.123,"B,14477,10,b2:db:ca:e6:29:a6,84,3,145,1,-27,S,5c:62:8b:66:67:d2"
1791489453.123,"B,14477,10,00:08:22:24:d6:fb,28,1,0,0,-83,S,78:8c:b5:f5:e7:26"
1791489453.123,"B,14577,10,46:88:44:6e:4f:e4,5253,7,0,0,-29,S,5c:62:8b:66:67:d2"
1791489453.123,"B,14577,10,5c:62:8b:66:67:d2,0,0,5477,15,-43,A,5c:62:8b:66:67:d2"
1791489453.123,"B,14577,10,b2:db:ca:e6:29:a6,28,1,0,0,-27,S,5c:62:8b:66:67:d2"
1791489453.123,"B,14577,10,72:3b:01:24:b7:c8,196,7,0,0,-21,S,5c:62:8b:66:67:d2"
1791489453.327,"B,14677,10,46:88:44:6e:4f:e4,3627,6,0,0,-28,S,5c:62:8b:66:67:d2"
1791489453.327,"B,14677,10,5c:62:8b:66:67:d2,0,0,3655,7,-43,A,5c:62:8b:66:67:d2"
1791489453.327,"B,14677,10,b2:db:ca:e6:29:a6,28,1,0,0,-27,S,5c:62:8b:66:67:d2"
1791489453.327,"B,14777,10,46:88:44:6e:4f:e4,3130,5,0,0,-28,S,5c:62:8b:66:67:d2"
1791489453.327,"B,14777,10,5c:62:8b:66:67:d2,0,0,3242,9,-43,A,5c:62:8b:66:67:d2"
1791489453.327,"B,14777,10,72:3b:01:24:b7:c8,112,4,0,0,-21,S,5c:62:8b:66:67:d2"
1791489453.531,"B,14877,10,46:88:44:6e:4f:e4,5695,8,0,0,-29,S,5c:62:8b:66:67:d2"
1791489453.531,"B,14877,10,5c:62:8b:66:67:d2,0,0,5751,10,-45,A,5c:62:8b:66:67:d2"
1791489453.531,"B,14877,10,72:3b:01:24:b7:c8,56,2,0,0,-22,S,5c:62:8b:66:67:d2"
1791489453.531,"B,14977,10,46:88:44:6e:4f:e4,5463,8,0,0,-29,S,5c:62:8b:66:67:d2"
1791489453.531,"B,14977,10,5c:62:8b:66:67:d2,106,1,5659,15,-44,A,5c:62:8b:66:67:d2"
1791489453.531,"B,14977,10,b2:db:ca:e6:29:a6,56,2,106,1,-27,S,5c:62:8b:66:67:d2"
1791489453.531,"B,14977,10,72:3b:01:24:b7:c8,140,5,0,0,-28,S,5c:62:8b:66:67:d2"
1791489453.736,"B,15077,10,46:88:44:6e:4f:e4,7537,10,0,0,-28,S,5c:62:8b:66:67:d2"
1791489453.736,"B,15077,10,5c:62:8b:66:67:d2,846,6,7789,19,-43,A,5c:62:8b:66:67:d2"
1791489453.736,"B,15077,10,b2:db:ca:e6:29:a6,140,5,846,6,-26,S,5c:62:8b:66:67:d2"
1791489453.736,"B,15077,10,72:3b:01:24:b7:c8,112,4,0,0,-22,S,5c:62:8b:66:67:d2"
1791489453.736,"I,15089,stat,rx=2779,drops=0,ch=10,bin=100,hop=0,heap=203064"
1791489453.736,"B,15177,10,46:88:44:6e:4f:e4,5479,8,0,0,-27,S,5c:62:8b:66:67:d2"
1791489453.736,"B,15177,10,5c:62:8b:66:67:d2,1534,10,5837,18,-43,A,5c:62:8b:66:67:d2"
1791489453.736,"B,15177,10,b2:db:ca:e6:29:a6,246,6,1534,10,-26,S,5c:62:8b:66:67:d2"
1791489453.736,"B,15177,10,72:3b:01:24:b7:c8,112,4,0,0,-22,S,5c:62:8b:66:67:d2"
1791489453.736,"B,15177,10,38:d5:7a:f4:5a:37,30,1,0,0,-88,S,8a:ce:16:78:6f:dc"
1791489453.736,"B,15177,10,8a:ce:16:78:6f:dc,0,0,30,1,0,A,8a:ce:16:78:6f:dc"
1791489453.937,"B,15277,10,46:88:44:6e:4f:e4,1078,4,0,0,-26,S,5c:62:8b:66:67:d2"
1791489453.937,"B,15277,10,5c:62:8b:66:67:d2,145,1,1218,9,-44,A,5c:62:8b:66:67:d2"
1791489453.937,"B,15277,10,b2:db:ca:e6:29:a6,112,4,145,1,-27,S,5c:62:8b:66:67:d2"
1791489453.937,"B,15277,10,72:3b:01:24:b7:c8,28,1,0,0,-23,S,5c:62:8b:66:67:d2"
1791489453.937,"B,15377,10,46:88:44:6e:4f:e4,7641,10,0,0,-28,S,5c:62:8b:66:67:d2"
1791489453.937,"B,15377,10,5c:62:8b:66:67:d2,0,0,8061,25,-43,A,5c:62:8b:66:67:d2"
1791489453.937,"B,15377,10,b2:db:ca:e6:29:a6,140,5,0,0,-26,S,5c:62:8b:66:67:d2"
1791489453.937,"B,15377,10,72:3b:01:24:b7:c8,280,10,0,0,-22,S,5c:62:8b:66:67:d2"
1791489454.142,"B,15477,10,46:88:44:6e:4f:e4,5407,8,0,0,-28,S,5c:62:8b:66:67:d2"
1791489454.142,"B,15477,10,5c:62:8b:66:67:d2,0,0,5491,11,-44,A,5c:62:8b:66:67:d2"
1791489454.142,"B,15477,10,b2:db:ca:e6:29:a6,56,2,0,0,-28,S,5c:62:8b:66:67:d2"
1791489454.142,"B,15477,10,72:3b:01:24:b7:c8,28,1,0,0,-23,S,5c:62:8b:66:67:d2"
1791489454.142,"B,15577,10,46:88:44:6e:4f:e4,5785,9,0,0,-29,S,5c:62:8b:66:67:d2"
1791489454.142,"B,15577,10,5c:62:8b:66:67:d2,0,0,5841,11,-44,A,5c:62:8b:66:67:d2"
1791489454.142,"B,15577,10,b2:db:ca:e6:29:a6,28,1,0,0,-29,S,5c:62:8b:66:67:d2"
1791489454.142,"B,15577,10,72:3b:01:24:b7:c8,28,1,0,0,-22,S,5c:62:8b:66:67:d2"
1791489454.347,"B,15677,10,46:88:44:6e:4f:e4,5431,8,0,0,-29,S,5c:62:8b:66:67:d2"
1791489454.347,"B,15677,10,5c:62:8b:66:67:d2,106,1,5487,10,-44,A,5c:62:8b:66:67:d2"
1791489454.347,"B,15677,10,b2:db:ca:e6:29:a6,56,2,106,1,-28,S,5c:62:8b:66:67:d2"
1791489454.347,"B,15777,10,46:88:44:6e:4f:e4,5371,8,0,0,-29,S,5c:62:8b:66:67:d2"
1791489454.347,"B,15777,10,5c:62:8b:66:67:d2,212,2,5483,12,-43,A,5c:62:8b:66:67:d2"
1791489454.347,"B,15777,10,b2:db:ca:e6:29:a6,0,0,212,2,0,S,5c:62:8b:66:67:d2"
1791489454.347,"B,15777,10,72:3b:01:24:b7:c8,112,4,0,0,-23,S,5c:62:8b:66:67:d2"
1791489454.552,"B,15877,10,46:88:44:6e:4f:e4,2121,5,0,0,-29,S,5c:62:8b:66:67:d2"
1791489454.552,"B,15877,10,5c:62:8b:66:67:d2,0,0,2317,12,-45,A,5c:62:8b:66:67:d2"
1791489454.552,"B,15877,10,b2:db:ca:e6:29:a6,56,2,0,0,-29,S,5c:62:8b:66:67:d2"
1791489454.552,"B,15877,10,72:3b:01:24:b7:c8,140,5,0,0,-23,S,5c:62:8b:66:67:d2"
1791489454.552,"B,15977,10,46:88:44:6e:4f:e4,4396,6,0,0,-29,S,5c:62:8b:66:67:d2"
1791489454.552,"B,15977,10,5c:62:8b:66:67:d2,0,0,4452,8,-45,A,5c:62:8b:66:67:d2"
1791489454.552,"B,15977,10,b2:db:ca:e6:29:a6,56,2,0,0,-28,S,5c:62:8b:66:67:d2"
1791489454.552,"B,15977,10,8a:ce:16:78:6f:dc,92,1,0,0,-94,A,8a:ce:16:78:6f:dc"
1791489454.757,"B,16077,10,46:88:44:6e:4f:e4,5709,9,0,0,-29,S,5c:62:8b:66:67:d2"
1791489454.757,"B,16077,10,5c:62:8b:66:67:d2,0,0,5961,18,-45,A,5c:62:8b:66:67:d2"
1791489454.757,"B,16077,10,b2:db:ca:e6:29:a6,140,5,0,0,-27,S,5c:62:8b:66:67:d2"
1791489454.757,"B,16077,10,72:3b:01:24:b7:c8,112,4,0,0,-22,S,5c:62:8b:66:67:d2"
1791489454.757,"B,16177,10,46:88:44:6e:4f:e4,5375,8,0,0,-28,S,5c:62:8b:66:67:d2"
1791489454.757,"B,16177,10,5c:62:8b:66:67:d2,0,0,5515,13,-45,A,5c:62:8b:66:67:d2"
1791489454.757,"B,16177,10,b2:db:ca:e6:29:a6,56,2,0,0,-29,S,5c:62:8b:66:67:d2"
1791489454.757,"B,16177,10,72:3b:01:24:b7:c8,84,3,0,0,-22,S,5c:62:8b:66:67:d2"
1791489454.961,"B,16277,10,46:88:44:6e:4f:e4,5407,8,0,0,-28,S,5c:62:8b:66:67:d2"
1791489454.961,"B,16277,10,5c:62:8b:66:67:d2,0,0,5519,12,-45,A,5c:62:8b:66:67:d2"
1791489454.961,"B,16277,10,b2:db:ca:e6:29:a6,56,2,0,0,-28,S,5c:62:8b:66:67:d2"
1791489454.961,"B,16277,10,72:3b:01:24:b7:c8,56,2,0,0,-22,S,5c:62:8b:66:67:d2"
1791489454.961,"B,16377,10,46:88:44:6e:4f:e4,5443,8,0,0,-27,S,5c:62:8b:66:67:d2"
1791489454.961,"B,16377,10,5c:62:8b:66:67:d2,0,0,5611,14,-45,A,5c:62:8b:66:67:d2"
1791489454.961,"B,16377,10,b2:db:ca:e6:29:a6,56,2,0,0,-28,S,5c:62:8b:66:67:d2"
1791489454.961,"B,16377,10,72:3b:01:24:b7:c8,112,4,0,0,-22,S,5c:62:8b:66:67:d2"
1791489455.164,"B,16477,10,46:88:44:6e:4f:e4,1078,4,0,0,-26,S,5c:62:8b:66:67:d2"
1791489455.164,"B,16477,10,5c:62:8b:66:67:d2,0,0,1274,11,-46,A,5c:62:8b:66:67:d2"
1791489455.164,"B,16477,10,b2:db:ca:e6:29:a6,84,3,0,0,-28,S,5c:62:8b:66:67:d2"
1791489455.164,"B,16477,10,72:3b:01:24:b7:c8,112,4,0,0,-23,S,5c:62:8b:66:67:d2"
1791489455.164,"B,16577,10,46:88:44:6e:4f:e4,5105,6,0,0,-28,S,5c:62:8b:66:67:d2"
1791489455.164,"B,16577,10,5c:62:8b:66:67:d2,0,0,5189,9,-47,A,5c:62:8b:66:67:d2"
1791489455.164,"B,16577,10,b2:db:ca:e6:29:a6,56,2,0,0,-27,S,5c:62:8b:66:67:d2"
1791489455.164,"B,16577,10,72:3b:01:24:b7:c8,28,1,0,0,-22,S,5c:62:8b:66:67:d2"
1791489455.369,"B,16677,10,46:88:44:6e:4f:e4,5869,9,0,0,-28,S,5c:62:8b:66:67:d2"
1791489455.369,"B,16677,10,5c:62:8b:66:67:d2,0,0,6037,15,-47,A,5c:62:8b:66:67:d2"
1791489455.369,"B,16677,10,b2:db:ca:e6:29:a6,56,2,0,0,-25,S,5c:62:8b:66:67:d2"
1791489455.369,"B,16677,10,72:3b:01:24:b7:c8,112,4,0,0,-22,S,5c:62:8b:66:67:d2"
1791489455.369,"B,16677,10,64:d1:54:63:44:f4,98,1,0,0,-88,A,64:d1:54:63:44:f4"
1791489455.369,"B,16777,10,46:88:44:6e:4f:e4,5575,8,0,0,-29,S,5c:62:8b:66:67:d2"
1791489455.369,"B,16777,10,5c:62:8b:66:67:d2,0,0,5659,11,-45,A,5c:62:8b:66:67:d2"
1791489455.369,"B,16777,10,b2:db:ca:e6:29:a6,28,1,0,0,-27,S,5c:62:8b:66:67:d2"
1791489455.369,"B,16777,10,72:3b:01:24:b7:c8,56,2,0,0,-22,S,5c:62:8b:66:67:d2"
1791489455.569,"B,16877,10,46:88:44:6e:4f:e4,5547,8,366,3,-28,S,5c:62:8b:66:67:d2"
1791489455.569,"B,16877,10,5c:62:8b:66:67:d2,366,3,5575,9,-44,A,5c:62:8b:66:67:d2"
1791489455.569,"B,16877,10,72:3b:01:24:b7:c8,28,1,0,0,-22,S,5c:62:8b:66:67:d2"
1791489455.569,"B,16977,10,46:88:44:6e:4f:e4,5483,8,0,0,-28,S,5c:62:8b:66:67:d2"
1791489455.569,"B,16977,10,5c:62:8b:66:67:d2,0,0,5651,14,-46,A,5c:62:8b:66:67:d2"
1791489455.569,"B,16977,10,72:3b:01:24:b7:c8,168,6,0,0,-22,S,5c:62:8b:66:67:d2"
1791489455.772,"B,17077,10,46:88:44:6e:4f:e4,1295,6,0,0,-28,S,5c:62:8b:66:67:d2"
1791489455.772,"B,17077,10,5c:62:8b:66:67:d2,0,0,1575,16,-44,A,5c:62:8b:66:67:d2"
1791489455.772,"B,17077,10,72:3b:01:24:b7:c8,280,10,0,0,-22,S,5c:62:8b:66:67:d2"
1791489455.772,"B,17177,10,46:88:44:6e:4f:e4,5323,7,0,0,-28,S,5c:62:8b:66:67:d2"
1791489455.772,"B,17177,10,5c:62:8b:66:67:d2,0,0,5435,11,-44,A,5c:62:8b:66:67:d2"
1791489455.772,"B,17177,10,72:3b:01:24:b7:c8,112,4,0,0,-22,S,5c:62:8b:66:67:d2"
1791489455.772,"B,17177,10,38:d5:7a:f4:5a:37,30,1,0,0,-91,S,8a:ce:16:78:6f:dc"
1791489455.772,"B,17177,10,8a:ce:16:78:6f:dc,0,0,30,1,0,A,8a:ce:16:78:6f:dc"
1791489455.975,"B,17277,10,46:88:44:6e:4f:e4,5013,7,0,0,-28,S,5c:62:8b:66:67:d2"
1791489455.975,"B,17277,10,5c:62:8b:66:67:d2,0,0,5153,12,-44,A,5c:62:8b:66:67:d2"
1791489455.975,"B,17277,10,72:3b:01:24:b7:c8,140,5,0,0,-22,S,5c:62:8b:66:67:d2"
1791489455.975,"B,17377,10,46:88:44:6e:4f:e4,4215,8,492,4,-27,S,5c:62:8b:66:67:d2"
1791489455.975,"B,17377,10,5c:62:8b:66:67:d2,492,4,4327,12,-44,A,5c:62:8b:66:67:d2"
1791489455.975,"B,17377,10,72:3b:01:24:b7:c8,112,4,0,0,-21,S,5c:62:8b:66:67:d2"
1791489456.179,"B,17477,10,46:88:44:6e:4f:e4,5061,8,0,0,-28,S,5c:62:8b:66:67:d2"
1791489456.179,"B,17477,10,5c:62:8b:66:67:d2,0,0,5313,17,-43,A,5c:62:8b:66:67:d2"
1791489456.179,"B,17477,10,72:3b:01:24:b7:c8,252,9,0,0,-24,S,5c:62:8b:66:67:d2"
1791489456.179,"B,17577,10,46:88:44:6e:4f:e4,6587,9,0,0,-28,S,5c:62:8b:66:67:d2"
1791489456.179,"B,17577,10,5c:62:8b:66:67:d2,0,0,6727,14,-43,A,5c:62:8b:66:67:d2"
1791489456.179,"B,17577,10,72:3b:01:24:b7:c8,140,5,0,0,-22,S,5c:62:8b:66:67:d2"
1791489456.379,"B,17677,10,46:88:44:6e:4f:e4,1078,4,0,0,-27,S,5c:62:8b:66:67:d2"
1791489456.379,"B,17677,10,5c:62:8b:66:67:d2,0,0,1218,9,-43,A,5c:62:8b:66:67:d2"
1791489456.379,"B,17677,10,b2:db:ca:e6:29:a6,28,1,0,0,-28,S,5c:62:8b:66:67:d2"
1791489456.379,"B,17677,10,72:3b:01:24:b7:c8,112,4,0,0,-22,S,5c:62:8b:66:67:d2"
1791489456.379,"B,17777,10,46:88:44:6e:4f:e4,3949,6,100,1,-29,S,5c:62:8b:66:67:d2"
1791489456.379,"B,17777,10,5c:62:8b:66:67:d2,100,1,4061,10,-43,A,5c:62:8b:66:67:d2"
1791489456.379,"B,17777,10,b2:db:ca:e6:29:a6,56,2,0,0,-28,S,5c:62:8b:66:67:d2"
1791489456.379,"B,17777,10,72:3b:01:24:b7:c8,56,2,0,0,-22,S,5c:62:8b:66:67:d2"
1791489456.379,"A,17818,10,02:eb:d8:11:99:9d,-59,"
1791489456.580,"B,17877,10,46:88:44:6e:4f:e4,4651,6,0,0,-29,S,5c:62:8b:66:67:d2"
1791489456.580,"B,17877,10,5c:62:8b:66:67:d2,317,2,4875,14,-43,A,5c:62:8b:66:67:d2"
1791489456.580,"B,17877,10,b2:db:ca:e6:29:a6,0,0,317,2,0,S,5c:62:8b:66:67:d2"
1791489456.580,"B,17877,10,72:3b:01:24:b7:c8,224,8,0,0,-21,S,5c:62:8b:66:67:d2"
1791489456.580,"B,17977,10,46:88:44:6e:4f:e4,4957,7,0,0,-29,S,5c:62:8b:66:67:d2"
1791489456.580,"B,17977,10,5c:62:8b:66:67:d2,0,0,5153,14,-45,A,5c:62:8b:66:67:d2"
1791489456.580,"B,17977,10,b2:db:ca:e6:29:a6,84,3,0,0,-26,S,5c:62:8b:66:67:d2"
1791489456.580,"B,17977,10,72:3b:01:24:b7:c8,112,4,0,0,-21,S,5c:62:8b:66:67:d2"
1791489456.785,"B,18077,10,46:88:44:6e:4f:e4,4977,7,167,1,-28,S,5c:62:8b:66:67:d2"
1791489456.785,"B,18077,10,5c:62:8b:66:67:d2,167,1,5089,11,-44,A,5c:62:8b:66:67:d2"
1791489456.785,"B,18077,10,72:3b:01:24:b7:c8,112,4,0,0,-22,S,5c:62:8b:66:67:d2"
1791489456.785,"B,18177,10,46:88:44:6e:4f:e4,5105,8,0,0,-28,S,5c:62:8b:66:67:d2"
1791489456.785,"B,18177,10,5c:62:8b:66:67:d2,0,0,5217,12,-46,A,5c:62:8b:66:67:d2"
1791489456.785,"B,18177,10,b2:db:ca:e6:29:a6,28,1,0,0,-27,S,5c:62:8b:66:67:d2"
1791489456.785,"B,18177,10,72:3b:01:24:b7:c8,84,3,0,0,-22,S,5c:62:8b:66:67:d2"
1791489456.990,"B,18277,10,46:88:44:6e:4f:e4,1144,4,0,0,-29,S,5c:62:8b:66:67:d2"
1791489456.990,"B,18277,10,5c:62:8b:66:67:d2,0,0,1172,5,-46,A,5c:62:8b:66:67:d2"
1791489456.990,"B,18277,10,72:3b:01:24:b7:c8,28,1,0,0,-22,S,5c:62:8b:66:67:d2"
1791489456.990,"B,18377,10,46:88:44:6e:4f:e4,11788,16,0,0,-28,S,5c:62:8b:66:67:d2"
1791489456.990,"B,18377,10,5c:62:8b:66:67:d2,0,0,11984,23,-46,A,5c:62:8b:66:67:d2"
1791489456.990,"B,18377,10,b2:db:ca:e6:29:a6,84,3,0,0,-27,S,5c:62:8b:66:67:d2"
1791489456.990,"B,18377,10,72:3b:01:24:b7:c8,112,4,0,0,-28,S,5c:62:8b:66:67:d2"
1791489457.195,"B,18477,10,46:88:44:6e:4f:e4,1778,6,0,0,-28,S,5c:62:8b:66:67:d2"
1791489457.195,"B,18477,10,5c:62:8b:66:67:d2,0,0,1918,11,-47,A,5c:62:8b:66:67:d2"
1791489457.195,"B,18477,10,b2:db:ca:e6:29:a6,56,2,0,0,-29,S,5c:62:8b:66:67:d2"
1791489457.195,"B,18477,10,72:3b:01:24:b7:c8,84,3,0,0,-33,S,5c:62:8b:66:67:d2"
1791489457.195,"B,18577,10,46:88:44:6e:4f:e4,5097,7,0,0,-29,S,5c:62:8b:66:67:d2"
1791489457.195,"B,18577,10,5c:62:8b:66:67:d2,0,0,5237,12,-46,A,5c:62:8b:66:67:d2"
1791489457.195,"B,18577,10,b2:db:ca:e6:29:a6,28,1,0,0,-26,S,5c:62:8b:66:67:d2"
1791489457.195,"B,18577,10,72:3b:01:24:b7:c8,112,4,0,0,-21,S,5c:62:8b:66:67:d2"
1791489457.399,"B,18677,10,46:88:44:6e:4f:e4,4437,9,0,0,-29,S,5c:62:8b:66:67:d2"
1791489457.399,"B,18677,10,5c:62:8b:66:67:d2,0,0,4577,14,-47,A,5c:62:8b:66:67:d2"
1791489457.399,"B,18677,10,b2:db:ca:e6:29:a6,56,2,0,0,-28,S,5c:62:8b:66:67:d2"
1791489457.399,"B,18677,10,72:3b:01:24:b7:c8,84,3,0,0,-21,S,5c:62:8b:66:67:d2"
1791489457.399,"B,18777,10,46:88:44:6e:4f:e4,5113,7,0,0,-29,S,5c:62:8b:66:67:d2"
1791489457.399,"B,18777,10,5c:62:8b:66:67:d2,0,0,5421,18,-46,A,5c:62:8b:66:67:d2"
1791489457.399,"B,18777,10,b2:db:ca:e6:29:a6,56,2,0,0,-29,S,5c:62:8b:66:67:d2"
1791489457.399,"B,18777,10,72:3b:01:24:b7:c8,252,9,0,0,-21,S,5c:62:8b:66:67:d2"
1791489457.604,"B,18877,10,46:88:44:6e:4f:e4,1050,3,0,0,-29,S,5c:62:8b:66:67:d2"
1791489457.604,"B,18877,10,5c:62:8b:66:67:d2,0,0,1190,8,-45,A,5c:62:8b:66:67:d2"
1791489457.604,"B,18877,10,b2:db:ca:e6:29:a6,28,1,0,0,-28,S,5c:62:8b:66:67:d2"
1791489457.604,"B,18877,10,72:3b:01:24:b7:c8,112,4,0,0,-21,S,5c:62:8b:66:67:d2"
1791489457.604,"B,18977,10,46:88:44:6e:4f:e4,5483,9,0,0,-29,S,5c:62:8b:66:67:d2"
1791489457.604,"B,18977,10,5c:62:8b:66:67:d2,0,0,5623,14,-46,A,5c:62:8b:66:67:d2"
1791489457.604,"B,18977,10,b2:db:ca:e6:29:a6,28,1,0,0,-27,S,5c:62:8b:66:67:d2"
1791489457.604,"B,18977,10,72:3b:01:24:b7:c8,112,4,0,0,-21,S,5c:62:8b:66:67:d2"
1791489457.804,"B,19077,10,46:88:44:6e:4f:e4,5109,7,0,0,-27,S,5c:62:8b:66:67:d2"
1791489457.804,"B,19077,10,5c:62:8b:66:67:d2,0,0,5389,17,-47,A,5c:62:8b:66:67:d2"
1791489457.804,"B,19077,10,b2:db:ca:e6:29:a6,56,2,0,0,-29,S,5c:62:8b:66:67:d2"
1791489457.804,"B,19077,10,72:3b:01:24:b7:c8,224,8,0,0,-21,S,5c:62:8b:66:67:d2"
1791489457.804,"B,19177,10,46:88:44:6e:4f:e4,5251,8,0,0,-28,S,5c:62:8b:66:67:d2"
1791489457.804,"B,19177,10,5c:62:8b:66:67:d2,0,0,5503,17,-46,A,5c:62:8b:66:67:d2"
1791489457.804,"B,19177,10,b2:db:ca:e6:29:a6,56,2,0,0,-28,S,5c:62:8b:66:67:d2"
1791489457.804,"B,19177,10,72:3b:01:24:b7:c8,196,7,0,0,-21,S,5c:62:8b:66:67:d2"
1791489457.804,"B,19277,10,46:88:44:6e:4f:e4,5375,8,0,0,-28,S,5c:62:8b:66:67:d2"
1791489457.804,"B,19277,10,5c:62:8b:66:67:d2,0,0,5487,12,-46,A,5c:62:8b:66:67:d2"
1791489458.004,"B,19277,10,b2:db:ca:e6:29:a6,56,2,0,0,-28,S,5c:62:8b:66:67:d2"
1791489458.004,"B,19277,10,72:3b:01:24:b7:c8,56,2,0,0,-21,S,5c:62:8b:66:67:d2"
1791489458.004,"B,19377,10,46:88:44:6e:4f:e4,4889,7,0,0,-29,S,5c:62:8b:66:67:d2"
1791489458.004,"B,19377,10,5c:62:8b:66:67:d2,0,0,5001,11,-45,A,5c:62:8b:66:67:d2"
1791489458.004,"B,19377,10,b2:db:ca:e6:29:a6,56,2,0,0,-28,S,5c:62:8b:66:67:d2"
1791489458.004,"B,19377,10,72:3b:01:24:b7:c8,56,2,0,0,-21,S,5c:62:8b:66:67:d2"
1791489458.205,"B,19477,10,46:88:44:6e:4f:e4,6577,8,0,0,-29,S,5c:62:8b:66:67:d2"
1791489458.205,"B,19477,10,5c:62:8b:66:67:d2,0,0,6773,15,0,A,5c:62:8b:66:67:d2"
1791489458.205,"B,19477,10,b2:db:ca:e6:29:a6,56,2,0,0,-28,S,5c:62:8b:66:67:d2"
1791489458.205,"B,19477,10,72:3b:01:24:b7:c8,140,5,0,0,-21,S,5c:62:8b:66:67:d2"
1791489458.205,"B,19577,10,46:88:44:6e:4f:e4,1050,3,0,0,-29,S,5c:62:8b:66:67:d2"
1791489458.205,"B,19577,10,5c:62:8b:66:67:d2,0,0,1324,10,-47,A,5c:62:8b:66:67:d2"
1791489458.205,"B,19577,10,b2:db:ca:e6:29:a6,162,3,0,0,-26,S,5c:62:8b:66:67:d2"
1791489458.205,"B,19577,10,72:3b:01:24:b7:c8,112,4,0,0,-21,S,5c:62:8b:66:67:d2"
1791489458.205,"B,19677,10,46:88:44:6e:4f:e4,4825,7,0,0,-29,S,5c:62:8b:66:67:d2"
1791489458.205,"B,19677,10,5c:62:8b:66:67:d2,0,0,4965,12,-47,A,5c:62:8b:66:67:d2"
1791489458.205,"B,19677,10,b2:db:ca:e6:29:a6,56,2,0,0,-27,S,5c:62:8b:66:67:d2"
1791489458.405,"B,19677,10,72:3b:01:24:b7:c8,84,3,0,0,-22,S,5c:62:8b:66:67:d2"
1791489458.405,"B,19777,10,46:88:44:6e:4f:e4,5537,9,0,0,-29,S,5c:62:8b:66:67:d2"
1791489458.405,"B,19777,10,5c:62:8b:66:67:d2,700,2,5677,14,-47,A,5c:62:8b:66:67:d2"
1791489458.405,"B,19777,10,b2:db:ca:e6:29:a6,28,1,0,0,-28,S,5c:62:8b:66:67:d2"
1791489458.405,"B,19777,10,72:3b:01:24:b7:c8,112,4,700,2,-22,S,5c:62:8b:66:67:d2"
1791489458.405,"B,19877,10,46:88:44:6e:4f:e4,4801,7,0,0,-28,S,5c:62:8b:66:67:d2"
1791489458.405,"B,19877,10,5c:62:8b:66:67:d2,0,0,5081,17,-47,A,5c:62:8b:66:67:d2"
1791489458.605,"B,19877,10,b2:db:ca:e6:29:a6,56,2,0,0,-28,S,5c:62:8b:66:67:d2"
1791489458.605,"B,19877,10,72:3b:01:24:b7:c8,224,8,0,0,-22,S,5c:62:8b:66:67:d2"
1791489458.605,"B,19977,10,46:88:44:6e:4f:e4,4483,6,0,0,-29,S,5c:62:8b:66:67:d2"
1791489458.605,"B,19977,10,5c:62:8b:66:67:d2,0,0,4567,9,-48,A,5c:62:8b:66:67:d2"
1791489458.605,"B,19977,10,b2:db:ca:e6:29:a6,56,2,0,0,-28,S,5c:62:8b:66:67:d2"
1791489458.605,"B,19977,10,72:3b:01:24:b7:c8,28,1,0,0,-22,S,5c:62:8b:66:67:d2"
1791489458.605,"B,20077,10,46:88:44:6e:4f:e4,1078,4,0,0,-29,S,5c:62:8b:66:67:d2"
1791489458.605,"B,20077,10,5c:62:8b:66:67:d2,0,0,1190,8,-45,A,5c:62:8b:66:67:d2"
1791489458.605,"B,20077,10,b2:db:ca:e6:29:a6,28,1,0,0,-28,S,5c:62:8b:66:67:d2"
1791489458.605,"B,20077,10,72:3b:01:24:b7:c8,84,3,0,0,-22,S,5c:62:8b:66:67:d2"
1791489458.805,"I,20093,stat,rx=3659,drops=0,ch=10,bin=100,hop=0,heap=203064"
1791489458.805,"B,20177,10,46:88:44:6e:4f:e4,4777,6,0,0,-29,S,5c:62:8b:66:67:d2"
1791489458.805,"B,20177,10,5c:62:8b:66:67:d2,0,0,4973,13,-44,A,5c:62:8b:66:67:d2"
1791489458.805,"B,20177,10,b2:db:ca:e6:29:a6,112,4,0,0,-28,S,5c:62:8b:66:67:d2"
1791489458.805,"B,20177,10,72:3b:01:24:b7:c8,84,3,0,0,-22,S,5c:62:8b:66:67:d2"
1791489458.805,"B,20277,10,46:88:44:6e:4f:e4,4941,11,0,0,-29,S,5c:62:8b:66:67:d2"
1791489458.805,"B,20277,10,5c:62:8b:66:67:d2,5851,9,4997,13,-44,A,5c:62:8b:66:67:d2"
1791489458.805,"B,20277,10,72:3b:01:24:b7:c8,56,2,5851,9,-22,S,5c:62:8b:66:67:d2"
1791489459.005,"B,20377,10,46:88:44:6e:4f:e4,8667,10,0,0,-28,S,5c:62:8b:66:67:d2"
1791489459.005,"B,20377,10,5c:62:8b:66:67:d2,0,0,8891,18,-47,A,5c:62:8b:66:67:d2"
1791489459.005,"B,20377,10,b2:db:ca:e6:29:a6,56,2,0,0,-28,S,5c:62:8b:66:67:d2"
1791489459.005,"B,20377,10,72:3b:01:24:b7:c8,168,6,0,0,-22,S,5c:62:8b:66:67:d2"
1791489459.005,"B,20477,10,46:88:44:6e:4f:e4,4789,7,0,0,-28,S,5c:62:8b:66:67:d2"
1791489459.005,"B,20477,10,5c:62:8b:66:67:d2,0,0,4985,14,-48,A,5c:62:8b:66:67:d2"
1791489459.005,"B,20477,10,b2:db:ca:e6:29:a6,56,2,0,0,-28,S,5c:62:8b:66:67:d2"
1791489459.206,"B,20477,10,72:3b:01:24:b7:c8,140,5,0,0,-22,S,5c:62:8b:66:67:d2"
1791489459.206,"B,20577,10,46:88:44:6e:4f:e4,4861,7,0,0,-28,S,5c:62:8b:66:67:d2"
1791489459.206,"B,20577,10,5c:62:8b:66:67:d2,0,0,5029,13,-49,A,5c:62:8b:66:67:d2"
1791489459.206,"B,20577,10,b2:db:ca:e6:29:a6,56,2,0,0,-27,S,5c:62:8b:66:67:d2"
1791489459.206,"B,20577,10,72:3b:01:24:b7:c8,112,4,0,0,-21,S,5c:62:8b:66:67:d2"
1791489459.206,"B,20677,10,46:88:44:6e:4f:e4,1050,3,0,0,-29,S,5c:62:8b:66:67:d2"
1791489459.206,"B,20677,10,5c:62:8b:66:67:d2,0,0,1302,12,-49,A,5c:62:8b:66:67:d2"
1791489459.406,"B,20677,10,b2:db:ca:e6:29:a6,84,3,0,0,-27,S,5c:62:8b:66:67:d2"
1791489459.406,"B,20677,10,72:3b:01:24:b7:c8,168,6,0,0,-21,S,5c:62:8b:66:67:d2"
1791489459.406,"B,20777,10,46:88:44:6e:4f:e4,4817,6,0,0,-29,S,5c:62:8b:66:67:d2"
1791489459.406,"B,20777,10,5c:62:8b:66:67:d2,22547,27,4929,10,-46,A,5c:62:8b:66:67:d2"
1791489459.406,"B,20777,10,b2:db:ca:e6:29:a6,28,1,0,0,-28,S,5c:62:8b:66:67:d2"
1791489459.406,"B,20777,10,72:3b:01:24:b7:c8,84,3,22547,27,-21,S,5c:62:8b:66:67:d2"
1791489459.406,"M,20802,slot,0,1"
1791489459.406,"B,20877,10,46:88:44:6e:4f:e4,5525,9,0,0,-29,S,5c:62:8b:66:67:d2"
1791489459.406,"B,20877,10,5c:62:8b:66:67:d2,0,0,5721,16,-48,A,5c:62:8b:66:67:d2"
1791489459.406,"B,20877,10,b2:db:ca:e6:29:a6,56,2,0,0,-28,S,5c:62:8b:66:67:d2"
1791489459.606,"B,20877,10,72:3b:01:24:b7:c8,140,5,0,0,-21,S,5c:62:8b:66:67:d2"
1791489459.606,"B,20977,10,46:88:44:6e:4f:e4,5501,9,0,0,-29,S,5c:62:8b:66:67:d2"
1791489459.606,"B,20977,10,5c:62:8b:66:67:d2,0,0,5557,11,-47,A,5c:62:8b:66:67:d2"
1791489459.606,"B,20977,10,b2:db:ca:e6:29:a6,56,2,0,0,-29,S,5c:62:8b:66:67:d2"
1791489459.606,"B,21077,10,46:88:44:6e:4f:e4,7115,8,0,0,-29,S,5c:62:8b:66:67:d2"
1791489459.806,"B,21077,10,5c:62:8b:66:67:d2,0,0,7255,13,-47,A,5c:62:8b:66:67:d2"
1791489459.806,"B,21077,10,b2:db:ca:e6:29:a6,84,3,0,0,-27,S,5c:62:8b:66:67:d2"
1791489459.806,"B,21077,10,72:3b:01:24:b7:c8,56,2,0,0,-21,S,5c:62:8b:66:67:d2"
1791489459.806,"B,21177,10,46:88:44:6e:4f:e4,6977,9,0,0,-29,S,5c:62:8b:66:67:d2"
1791489459.806,"B,21177,10,5c:62:8b:66:67:d2,0,0,7481,27,-48,A,5c:62:8b:66:67:d2"
1791489459.806,"B,21177,10,b2:db:ca:e6:29:a6,56,2,0,0,-28,S,5c:62:8b:66:67:d2"
1791489459.806,"B,21177,10,72:3b:01:24:b7:c8,448,16,0,0,-21,S,5c:62:8b:66:67:d2"
1791489459.806,"B,21277,10,46:88:44:6e:4f:e4,1050,3,0,0,-29,S,5c:62:8b:66:67:d2"
1791489459.806,"B,21277,10,5c:62:8b:66:67:d2,2450,7,1218,9,-45,A,5c:62:8b:66:67:d2"
1791489459.806,"B,21277,10,b2:db:ca:e6:29:a6,28,1,0,0,-27,S,5c:62:8b:66:67:d2"
1791489459.806,"B,21277,10,72:3b:01:24:b7:c8,140,5,2450,7,-21,S,5c:62:8b:66:67:d2"
1791489460.006,"B,21377,10,46:88:44:6e:4f:e4,3119,6,0,0,-29,S,5c:62:8b:66:67:d2"
1791489460.006,"B,21377,10,5c:62:8b:66:67:d2,0,0,3287,12,-50,A,5c:62:8b:66:67:d2"
1791489460.006,"B,21377,10,b2:db:ca:e6:29:a6,28,1,0,0,-28,S,5c:62:8b:66:67:d2"
1791489460.006,"B,21377,10,72:3b:01:24:b7:c8,140,5,0,0,-21,S,5c:62:8b:66:67:d2"
1791489460.006,"B,21477,10,46:88:44:6e:4f:e4,3403,8,0,0,-29,S,5c:62:8b:66:67:d2"
1791489460.006,"B,21477,10,5c:62:8b:66:67:d2,0,0,3515,12,-49,A,5c:62:8b:66:67:d2"
1791489460.006,"B,21477,10,b2:db:ca:e6:29:a6,28,1,0,0,-28,S,5c:62:8b:66:67:d2"
1791489460.006,"B,21477,10,72:3b:01:24:b7:c8,84,3,0,0,-21,S,5c:62:8b:66:67:d2"
1791489460.207,"B,21577,10,46:88:44:6e:4f:e4,2703,6,0,0,-29,S,5c:62:8b:66:67:d2"
1791489460.207,"B,21577,10,5c:62:8b:66:67:d2,0,0,2871,12,-48,A,5c:62:8b:66:67:d2"
1791489460.207,"B,21577,10,b2:db:ca:e6:29:a6,28,1,0,0,-28,S,5c:62:8b:66:67:d2"
1791489460.207,"B,21577,10,72:3b:01:24:b7:c8,140,5,0,0,-22,S,5c:62:8b:66:67:d2"
1791489460.207,"B,21677,10,46:88:44:6e:4f:e4,2703,6,0,0,-28,S,5c:62:8b:66:67:d2"
1791489460.207,"B,21677,10,5c:62:8b:66:67:d2,1975,3,2815,10,-44,A,5c:62:8b:66:67:d2"
1791489460.207,"B,21677,10,b2:db:ca:e6:29:a6,56,2,0,0,-27,S,5c:62:8b:66:67:d2"
1791489460.207,"B,21677,10,72:3b:01:24:b7:c8,56,2,1975,3,-22,S,5c:62:8b:66:67:d2"
1791489460.407,"B,21777,10,46:88:44:6e:4f:e4,5139,9,0,0,-28,S,5c:62:8b:66:67:d2"
1791489460.407,"B,21777,10,5c:62:8b:66:67:d2,1050,3,5363,17,-44,A,5c:62:8b:66:67:d2"
1791489460.407,"B,21777,10,b2:db:ca:e6:29:a6,28,1,0,0,-27,S,5c:62:8b:66:67:d2"
1791489460.407,"B,21777,10,72:3b:01:24:b7:c8,196,7,1050,3,-22,S,5c:62:8b:66:67:d2"
1791489460.407,"B,21877,10,46:88:44:6e:4f:e4,1428,5,0,0,-27,S,5c:62:8b:66:67:d2"
1791489460.407,"B,21877,10,5c:62:8b:66:67:d2,0,0,1596,11,-46,A,5c:62:8b:66:67:d2"
1791489460.407,"B,21877,10,b2:db:ca:e6:29:a6,84,3,0,0,-28,S,5c:62:8b:66:67:d2"
1791489460.407,"B,21877,10,72:3b:01:24:b7:c8,84,3,0,0,-22,S,5c:62:8b:66:67:d2"
1791489460.608,"B,21977,10,46:88:44:6e:4f:e4,3025,6,0,0,-29,S,5c:62:8b:66:67:d2"
1791489460.608,"B,21977,10,5c:62:8b:66:67:d2,0,0,3221,13,-45,A,5c:62:8b:66:67:d2"
1791489460.608,"B,21977,10,b2:db:ca:e6:29:a6,56,2,0,0,-28,S,5c:62:8b:66:67:d2"
1791489460.608,"B,21977,10,72:3b:01:24:b7:c8,140,5,0,0,-21,S,5c:62:8b:66:67:d2"
1791489460.608,"B,22077,10,46:88:44:6e:4f:e4,2703,6,0,0,-29,S,5c:62:8b:66:67:d2"
1791489460.608,"B,22077,10,5c:62:8b:66:67:d2,0,0,2955,15,-47,A,5c:62:8b:66:67:d2"
1791489460.608,"B,22077,10,b2:db:ca:e6:29:a6,56,2,0,0,-29,S,5c:62:8b:66:67:d2"
1791489460.608,"B,22077,10,72:3b:01:24:b7:c8,196,7,0,0,-21,S,5c:62:8b:66:67:d2"
1791489460.809,"B,22177,10,46:88:44:6e:4f:e4,2703,6,0,0,-29,S,5c:62:8b:66:67:d2"
1791489460.809,"B,22177,10,5c:62:8b:66:67:d2,0,0,2843,11,-46,A,5c:62:8b:66:67:d2"
1791489460.809,"B,22177,10,b2:db:ca:e6:29:a6,56,2,0,0,-28,S,5c:62:8b:66:67:d2"
1791489460.809,"B,22177,10,72:3b:01:24:b7:c8,84,3,0,0,-21,S,5c:62:8b:66:67:d2"
1791489460.809,"B,22277,10,46:88:44:6e:4f:e4,2703,6,0,0,-29,S,5c:62:8b:66:67:d2"
1791489460.809,"B,22277,10,5c:62:8b:66:67:d2,0,0,2899,13,-46,A,5c:62:8b:66:67:d2"
1791489460.809,"B,22277,10,72:3b:01:24:b7:c8,196,7,0,0,-21,S,5c:62:8b:66:67:d2"
1791489461.010,"B,22377,10,46:88:44:6e:4f:e4,2703,6,0,0,-29,S,5c:62:8b:66:67:d2"
1791489461.010,"B,22377,10,5c:62:8b:66:67:d2,0,0,2787,9,-46,A,5c:62:8b:66:67:d2"
1791489461.010,"B,22377,10,b2:db:ca:e6:29:a6,28,1,0,0,-28,S,5c:62:8b:66:67:d2"
1791489461.010,"B,22377,10,72:3b:01:24:b7:c8,56,2,0,0,-21,S,5c:62:8b:66:67:d2"
1791489461.010,"B,22477,10,46:88:44:6e:4f:e4,1428,5,0,0,-28,S,5c:62:8b:66:67:d2"
1791489461.010,"B,22477,10,5c:62:8b:66:67:d2,0,0,1568,10,-47,A,5c:62:8b:66:67:d2"
1791489461.010,"B,22477,10,72:3b:01:24:b7:c8,140,5,0,0,-21,S,5c:62:8b:66:67:d2"
1791489461.211,"B,22577,10,46:88:44:6e:4f:e4,2675,5,0,0,-29,S,5c:62:8b:66:67:d2"
1791489461.211,"B,22577,10,5c:62:8b:66:67:d2,0,0,3067,19,-47,A,5c:62:8b:66:67:d2"
1791489461.211,"B,22577,10,72:3b:01:24:b7:c8,392,14,0,0,-21,S,5c:62:8b:66:67:d2"
1791489461.211,"B,22677,10,46:88:44:6e:4f:e4,2703,6,690,5,-29,S,5c:62:8b:66:67:d2"
1791489461.211,"B,22677,10,5c:62:8b:66:67:d2,690,5,2759,8,-44,A,5c:62:8b:66:67:d2"
1791489461.211,"B,22677,10,72:3b:01:24:b7:c8,56,2,0,0,-21,S,5c:62:8b:66:67:d2"
1791489461.413,"B,22777,10,46:88:44:6e:4f:e4,3379,8,0,0,-28,S,5c:62:8b:66:67:d2"
1791489461.413,"B,22777,10,5c:62:8b:66:67:d2,0,0,3407,9,-49,A,5c:62:8b:66:67:d2"
1791489461.413,"B,22777,10,72:3b:01:24:b7:c8,28,1,0,0,-21,S,5c:62:8b:66:67:d2"
1791489461.413,"B,22877,10,46:88:44:6e:4f:e4,3053,7,0,0,-28,S,5c:62:8b:66:67:d2"
1791489461.413,"B,22877,10,5c:62:8b:66:67:d2,0,0,3137,10,-46,A,5c:62:8b:66:67:d2"
1791489461.413,"B,22877,10,72:3b:01:24:b7:c8,84,3,0,0,-25,S,5c:62:8b:66:67:d2"
1791489461.615,"B,22977,10,46:88:44:6e:4f:e4,4446,9,0,0,-29,S,5c:62:8b:66:67:d2"
1791489461.615,"B,22977,10,5c:62:8b:66:67:d2,0,0,4530,12,-47,A,5c:62:8b:66:67:d2"
1791489461.615,"B,22977,10,72:3b:01:24:b7:c8,84,3,0,0,-27,S,5c:62:8b:66:67:d2"
1791489461.615,"B,23077,10,46:88:44:6e:4f:e4,1050,3,0,0,-30,S,5c:62:8b:66:67:d2"
1791489461.615,"B,23077,10,5c:62:8b:66:67:d2,0,0,1246,10,-49,A,5c:62:8b:66:67:d2"
1791489461.615,"B,23077,10,72:3b:01:24:b7:c8,196,7,0,0,-22,S,5c:62:8b:66:67:d2"
1791489461.818,"B,23177,10,46:88:44:6e:4f:e4,2703,6,0,0,-28,S,5c:62:8b:66:67:d2"
1791489461.818,"B,23177,10,5c:62:8b:66:67:d2,0,0,2815,10,-50,A,5c:62:8b:66:67:d2"
1791489461.818,"B,23177,10,72:3b:01:24:b7:c8,112,4,0,0,-22,S,5c:62:8b:66:67:d2"
1791489461.818,"B,23277,10,46:88:44:6e:4f:e4,2353,5,0,0,-28,S,5c:62:8b:66:67:d2"
1791489461.818,"B,23277,10,5c:62:8b:66:67:d2,1982,5,2465,9,-45,A,5c:62:8b:66:67:d2"
1791489461.818,"B,23277,10,72:3b:01:24:b7:c8,112,4,1982,5,-21,S,5c:62:8b:66:67:d2"
1791489462.019,"B,23377,10,46:88:44:6e:4f:e4,3105,7,0,0,-28,S,5c:62:8b:66:67:d2"
1791489462.019,"B,23377,10,5c:62:8b:66:67:d2,0,0,3133,8,-49,A,5c:62:8b:66:67:d2"
1791489462.019,"B,23377,10,72:3b:01:24:b7:c8,28,1,0,0,-21,S,5c:62:8b:66:67:d2"
1791489462.019,"B,23477,10,46:88:44:6e:4f:e4,6532,11,0,0,-28,S,5c:62:8b:66:67:d2"
1791489462.019,"B,23477,10,5c:62:8b:66:67:d2,0,0,6560,12,-47,A,5c:62:8b:66:67:d2"
1791489462.019,"B,23477,10,72:3b:01:24:b7:c8,28,1,0,0,-21,S,5c:62:8b:66:67:d2"
1791489462.222,"B,23577,10,46:88:44:6e:4f:e4,2675,5,0,0,-27,S,5c:62:8b:66:67:d2"
1791489462.222,"B,23577,10,5c:62:8b:66:67:d2,0,0,2731,7,-46,A,5c:62:8b:66:67:d2"
1791489462.222,"B,23577,10,72:3b:01:24:b7:c8,56,2,0,0,-21,S,5c:62:8b:66:67:d2"
1791489462.222,"B,23677,10,46:88:44:6e:4f:e4,1078,4,0,0,-27,S,5c:62:8b:66:67:d2"
1791489462.222,"B,23677,10,5c:62:8b:66:67:d2,0,0,1190,8,0,A,5c:62:8b:66:67:d2"
1791489462.222,"B,23677,10,72:3b:01:24:b7:c8,112,4,0,0,-20,S,5c:62:8b:66:67:d2"
1791489462.425,"B,23777,10,46:88:44:6e:4f:e4,4328,8,0,0,-28,S,5c:62:8b:66:67:d2"
1791489462.425,"B,23777,10,5c:62:8b:66:67:d2,2325,4,4440,12,-47,A,5c:62:8b:66:67:d2"
1791489462.425,"B,23777,10,72:3b:01:24:b7:c8,112,4,2325,4,-21,S,5c:62:8b:66:67:d2"
1791489462.425,"B,23877,10,46:88:44:6e:4f:e4,3746,7,0,0,-28,S,5c:62:8b:66:67:d2"
1791489462.425,"B,23877,10,5c:62:8b:66:67:d2,0,0,3886,12,-48,A,5c:62:8b:66:67:d2"
1791489462.425,"B,23877,10,72:3b:01:24:b7:c8,140,5,0,0,-20,S,5c:62:8b:66:67:d2"
1791489462.627,"B,23977,10,46:88:44:6e:4f:e4,1632,4,0,0,-29,S,5c:62:8b:66:67:d2"
1791489462.627,"B,23977,10,5c:62:8b:66:67:d2,0,0,1744,8,-46,A,5c:62:8b:66:67:d2"
1791489462.627,"B,23977,10,72:3b:01:24:b7:c8,112,4,0,0,-20,S,5c:62:8b:66:67:d2"
1791489462.627,"B,23977,10,38:d5:7a:f4:5a:37,30,1,0,0,-87,S,8a:ce:16:78:6f:dc"
1791489462.627,"B,23977,10,8a:ce:16:78:6f:dc,0,0,30,1,0,A,8a:ce:16:78:6f:dc"
1791489462.627,"B,24077,10,46:88:44:6e:4f:e4,3053,7,0,0,-27,S,5c:62:8b:66:67:d2"
1791489462.627,"B,24077,10,5c:62:8b:66:67:d2,0,0,3081,8,-47,A,5c:62:8b:66:67:d2"
1791489462.627,"B,24077,10,72:3b:01:24:b7:c8,28,1,0,0,-20,S,5c:62:8b:66:67:d2"
1791489462.828,"B,24177,10,46:88:44:6e:4f:e4,2703,6,0,0,-25,S,5c:62:8b:66:67:d2"
1791489462.828,"B,24177,10,5c:62:8b:66:67:d2,0,0,2843,11,-47,A,5c:62:8b:66:67:d2"
1791489462.828,"B,24177,10,72:3b:01:24:b7:c8,140,5,0,0,-21,S,5c:62:8b:66:67:d2"
1791489462.828,"B,24277,10,46:88:44:6e:4f:e4,1078,4,0,0,-28,S,5c:62:8b:66:67:d2"
1791489462.828,"B,24277,10,5c:62:8b:66:67:d2,3025,6,1218,9,-47,A,5c:62:8b:66:67:d2"
1791489462.828,"B,24277,10,72:3b:01:24:b7:c8,140,5,3025,6,-21,S,5c:62:8b:66:67:d2"
1791489463.031,"B,24377,10,46:88:44:6e:4f:e4,2703,6,0,0,-27,S,5c:62:8b:66:67:d2"
1791489463.031,"B,24377,10,5c:62:8b:66:67:d2,0,0,2843,11,-48,A,5c:62:8b:66:67:d2"
1791489463.031,"B,24377,10,b2:db:ca:e6:29:a6,28,1,0,0,-28,S,5c:62:8b:66:67:d2"
1791489463.031,"B,24377,10,72:3b:01:24:b7:c8,112,4,0,0,-21,S,5c:62:8b:66:67:d2"
1791489463.031,"B,24477,10,78:8c:b5:f5:e7:26,0,0,30,1,-73,A,78:8c:b5:f5:e7:26"
1791489463.031,"B,24477,10,46:88:44:6e:4f:e4,3257,6,0,0,-26,S,5c:62:8b:66:67:d2"
1791489463.031,"B,24477,10,5c:62:8b:66:67:d2,0,0,3257,6,-49,A,5c:62:8b:66:67:d2"
1791489463.031,"B,24477,10,a6:4c:bd:b6:c7:99,30,1,0,0,-87,S,78:8c:b5:f5:e7:26"
1791489463.235,"B,24577,10,46:88:44:6e:4f:e4,5489,10,0,0,-26,S,5c:62:8b:66:67:d2"
1791489463.235,"B,24577,10,5c:62:8b:66:67:d2,0,0,5685,17,-48,A,5c:62:8b:66:67:d2"
1791489463.235,"B,24577,10,b2:db:ca:e6:29:a6,56,2,0,0,-28,S,5c:62:8b:66:67:d2"
1791489463.235,"B,24577,10,72:3b:01:24:b7:c8,140,5,0,0,-21,S,5c:62:8b:66:67:d2"
1791489463.235,"B,24677,10,46:88:44:6e:4f:e4,1660,5,0,0,-27,S,5c:62:8b:66:67:d2"
1791489463.235,"B,24677,10,5c:62:8b:66:67:d2,1975,3,1828,11,-46,A,5c:62:8b:66:67:d2"
1791489463.235,"B,24677,10,b2:db:ca:e6:29:a6,56,2,0,0,-27,S,5c:62:8b:66:67:d2"
1791489463.235,"B,24677,10,72:3b:01:24:b7:c8,112,4,1975,3,-21,S,5c:62:8b:66:67:d2"
1791489463.436,"B,24777,10,46:88:44:6e:4f:e4,2333,4,0,0,-28,S,5c:62:8b:66:67:d2"
1791489463.436,"B,24777,10,5c:62:8b:66:67:d2,0,0,2445,8,-49,A,5c:62:8b:66:67:d2"
1791489463.436,"B,24777,10,b2:db:ca:e6:29:a6,56,2,0,0,-26,S,5c:62:8b:66:67:d2"
1791489463.436,"B,24777,10,72:3b:01:24:b7:c8,56,2,0,0,-21,S,5c:62:8b:66:67:d2"
1791489463.436,"B,24877,10,46:88:44:6e:4f:e4,1428,5,0,0,-28,S,5c:62:8b:66:67:d2"
1791489463.436,"B,24877,10,5c:62:8b:66:67:d2,0,0,1512,8,-48,A,5c:62:8b:66:67:d2"
1791489463.436,"B,24877,10,b2:db:ca:e6:29:a6,84,3,0,0,-27,S,5c:62:8b:66:67:d2"
1791489463.637,"B,24977,10,46:88:44:6e:4f:e4,4324,7,0,0,-28,S,5c:62:8b:66:67:d2"
1791489463.637,"B,24977,10,5c:62:8b:66:67:d2,0,0,4520,14,-46,A,5c:62:8b:66:67:d2"
1791489463.637,"B,24977,10,b2:db:ca:e6:29:a6,56,2,0,0,-27,S,5c:62:8b:66:67:d2"
1791489463.637,"B,24977,10,72:3b:01:24:b7:c8,140,5,0,0,-21,S,5c:62:8b:66:67:d2"
1791489463.637,"B,25077,10,46:88:44:6e:4f:e4,1078,4,0,0,-28,S,5c:62:8b:66:67:d2"
1791489463.637,"B,25077,10,5c:62:8b:66:67:d2,0,0,1246,10,-47,A,5c:62:8b:66:67:d2"
1791489463.637,"B,25077,10,b2:db:ca:e6:29:a6,56,2,0,0,-27,S,5c:62:8b:66:67:d2"
1791489463.637,"B,25077,10,72:3b:01:24:b7:c8,112,4,0,0,-21,S,5c:62:8b:66:67:d2"
1791489463.637,"I,25097,stat,rx=4482,drops=0,ch=10,bin=100,hop=0,heap=203064"
1791489463.842,"B,25177,10,46:88:44:6e:4f:e4,2727,6,0,0,-28,S,5c:62:8b:66:67:d2"
1791489463.842,"B,25177,10,5c:62:8b:66:67:d2,0,0,2923,13,-46,A,5c:62:8b:66:67:d2"
1791489463.842,"B,25177,10,b2:db:ca:e6:29:a6,56,2,0,0,-27,S,5c:62:8b:66:67:d2"
1791489463.842,"B,25177,10,72:3b:01:24:b7:c8,140,5,0,0,-21,S,5c:62:8b:66:67:d2"
1791489463.842,"B,25277,10,46:88:44:6e:4f:e4,2719,6,0,0,-28,S,5c:62:8b:66:67:d2"
1791489463.842,"B,25277,10,5c:62:8b:66:67:d2,3399,7,2943,14,-43,A,5c:62:8b:66:67:d2"
1791489463.842,"B,25277,10,b2:db:ca:e6:29:a6,56,2,0,0,-27,S,5c:62:8b:66:67:d2"
1791489463.842,"B,25277,10,72:3b:01:24:b7:c8,168,6,3399,7,-21,S,5c:62:8b:66:67:d2"
1791489464.045,"B,25377,10,46:88:44:6e:4f:e4,2715,6,0,0,-28,S,5c:62:8b:66:67:d2"
1791489464.045,"B,25377,10,5c:62:8b:66:67:d2,0,0,2799,9,-46,A,5c:62:8b:66:67:d2"
1791489464.045,"B,25377,10,b2:db:ca:e6:29:a6,56,2,0,0,-26,S,5c:62:8b:66:67:d2"
1791489464.045,"B,25377,10,72:3b:01:24:b7:c8,28,1,0,0,-21,S,5c:62:8b:66:67:d2"
1791489464.045,"B,25477,10,46:88:44:6e:4f:e4,1400,4,0,0,-28,S,5c:62:8b:66:67:d2"
1791489464.045,"B,25477,10,5c:62:8b:66:67:d2,0,0,1624,12,-46,A,5c:62:8b:66:67:d2"
1791489464.045,"B,25477,10,b2:db:ca:e6:29:a6,56,2,0,0,-26,S,5c:62:8b:66:67:d2"
1791489464.045,"B,25477,10,72:3b:01:24:b7:c8,168,6,0,0,-21,S,5c:62:8b:66:67:d2"
1791489464.250,"B,25577,10,78:8c:b5:f5:e7:26,80,1,0,0,-74,A,78:8c:b5:f5:e7:26"
1791489464.250,"B,25577,10,46:88:44:6e:4f:e4,3447,8,0,0,-28,S,5c:62:8b:66:67:d2"
1791489464.250,"B,25577,10,5c:62:8b:66:67:d2,0,0,3503,10,-46,A,5c:62:8b:66:67:d2"
1791489464.250,"B,25577,10,b2:db:ca:e6:29:a6,28,1,0,0,-26,S,5c:62:8b:66:67:d2"
1791489464.250,"B,25577,10,72:3b:01:24:b7:c8,28,1,0,0,-21,S,5c:62:8b:66:67:d2"
1791489464.250,"B,25677,10,46:88:44:6e:4f:e4,2715,6,0,0,-28,S,5c:62:8b:66:67:d2"
1791489464.250,"B,25677,10,5c:62:8b:66:67:d2,350,1,2799,9,-44,A,5c:62:8b:66:67:d2"
1791489464.250,"B,25677,10,b2:db:ca:e6:29:a6,56,2,0,0,-25,S,5c:62:8b:66:67:d2"
1791489464.250,"B,25677,10,72:3b:01:24:b7:c8,28,1,350,1,-21,S,5c:62:8b:66:67:d2"
1791489464.455,"B,25777,10,46:88:44:6e:4f:e4,2715,6,0,0,-27,S,5c:62:8b:66:67:d2"
1791489464.455,"B,25777,10,5c:62:8b:66:67:d2,0,0,2911,13,-47,A,5c:62:8b:66:67:d2"
1791489464.455,"B,25777,10,b2:db:ca:e6:29:a6,56,2,0,0,-24,S,5c:62:8b:66:67:d2"
1791489464.455,"B,25777,10,72:3b:01:24:b7:c8,140,5,0,0,-21,S,5c:62:8b:66:67:d2"
1791489464.455,"B,25877,10,46:88:44:6e:4f:e4,2735,6,0,0,-27,S,5c:62:8b:66:67:d2"
1791489464.455,"B,25877,10,5c:62:8b:66:67:d2,0,0,2987,15,-46,A,5c:62:8b:66:67:d2"
1791489464.455,"B,25877,10,b2:db:ca:e6:29:a6,84,3,0,0,-26,S,5c:62:8b:66:67:d2"
1791489464.455,"B,25877,10,72:3b:01:24:b7:c8,168,6,0,0,-21,S,5c:62:8b:66:67:d2"
1791489464.455,"M,25883,slot,1,1"
1791489464.660,"B,25977,10,46:88:44:6e:4f:e4,2747,6,0,0,-27,S,5c:62:8b:66:67:d2"
1791489464.660,"B,25977,10,5c:62:8b:66:67:d2,0,0,2831,9,-46,A,5c:62:8b:66:67:d2"
1791489464.660,"B,25977,10,72:3b:01:24:b7:c8,84,3,0,0,-21,S,5c:62:8b:66:67:d2"
1791489464.660,"B,26077,10,46:88:44:6e:4f:e4,2723,6,0,0,-28,S,5c:62:8b:66:67:d2"
1791489464.660,"B,26077,10,5c:62:8b:66:67:d2,0,0,2975,15,-47,A,5c:62:8b:66:67:d2"
1791489464.660,"B,26077,10,b2:db:ca:e6:29:a6,84,3,0,0,-26,S,5c:62:8b:66:67:d2"
1791489464.660,"B,26077,10,72:3b:01:24:b7:c8,168,6,0,0,-21,S,5c:62:8b:66:67:d2"
1791489464.861,"B,26177,10,46:88:44:6e:4f:e4,1050,3,0,0,-28,S,5c:62:8b:66:67:d2"
1791489464.861,"B,26177,10,5c:62:8b:66:67:d2,1652,4,1218,9,-44,A,5c:62:8b:66:67:d2"
1791489464.861,"B,26177,10,b2:db:ca:e6:29:a6,56,2,0,0,-26,S,5c:62:8b:66:67:d2"
1791489464.861,"B,26177,10,72:3b:01:24:b7:c8,112,4,1652,4,-21,S,5c:62:8b:66:67:d2"
1791489464.861,"B,26277,10,46:88:44:6e:4f:e4,3766,7,0,0,-28,S,5c:62:8b:66:67:d2"
1791489464.861,"B,26277,10,5c:62:8b:66:67:d2,0,0,3934,13,-49,A,5c:62:8b:66:67:d2"
1791489464.861,"B,26277,10,b2:db:ca:e6:29:a6,56,2,0,0,-27,S,5c:62:8b:66:67:d2"
1791489464.861,"B,26277,10,72:3b:01:24:b7:c8,112,4,0,0,-21,S,5c:62:8b:66:67:d2"
1791489465.066,"B,26377,10,46:88:44:6e:4f:e4,2731,6,0,0,-28,S,5c:62:8b:66:67:d2"
1791489465.066,"B,26377,10,5c:62:8b:66:67:d2,0,0,3011,16,-48,A,5c:62:8b:66:67:d2"
1791489465.066,"B,26377,10,b2:db:ca:e6:29:a6,56,2,0,0,-26,S,5c:62:8b:66:67:d2"
1791489465.066,"B,26377,10,72:3b:01:24:b7:c8,224,8,0,0,-21,S,5c:62:8b:66:67:d2"
1791489465.066,"B,26477,10,46:88:44:6e:4f:e4,2703,6,0,0,-27,S,5c:62:8b:66:67:d2"
1791489465.066,"B,26477,10,5c:62:8b:66:67:d2,0,0,2815,10,-48,A,5c:62:8b:66:67:d2"
1791489465.066,"B,26477,10,72:3b:01:24:b7:c8,112,4,0,0,-21,S,5c:62:8b:66:67:d2"
1791489465.271,"B,26577,10,78:8c:b5:f5:e7:26,80,1,0,0,-73,A,78:8c:b5:f5:e7:26"
1791489465.271,"B,26577,10,46:88:44:6e:4f:e4,700,2,0,0,-27,S,5c:62:8b:66:67:d2"
1791489465.271,"B,26577,10,5c:62:8b:66:67:d2,0,0,980,12,-49,A,5c:62:8b:66:67:d2"
1791489465.271,"B,26577,10,b2:db:ca:e6:29:a6,28,1,0,0,-26,S,5c:62:8b:66:67:d2"
1791489465.271,"B,26577,10,72:3b:01:24:b7:c8,252,9,0,0,-20,S,5c:62:8b:66:67:d2"
1791489465.271,"B,26677,10,46:88:44:6e:4f:e4,3057,7,0,0,-27,S,5c:62:8b:66:67:d2"
1791489465.271,"B,26677,10,5c:62:8b:66:67:d2,2679,5,3113,9,-46,A,5c:62:8b:66:67:d2"
1791489465.271,"B,26677,10,72:3b:01:24:b7:c8,56,2,2679,5,-21,S,5c:62:8b:66:67:d2"
1791489465.475,"B,26777,10,46:88:44:6e:4f:e4,2373,5,0,0,-27,S,5c:62:8b:66:67:d2"
1791489465.475,"B,26777,10,5c:62:8b:66:67:d2,1995,3,2513,10,-46,A,5c:62:8b:66:67:d2"
1791489465.475,"B,26777,10,72:3b:01:24:b7:c8,140,5,1995,3,-21,S,5c:62:8b:66:67:d2"
1791489465.475,"B,26877,10,46:88:44:6e:4f:e4,2707,6,0,0,-27,S,5c:62:8b:66:67:d2"
1791489465.475,"B,26877,10,5c:62:8b:66:67:d2,0,0,2763,8,-47,A,5c:62:8b:66:67:d2"
1791489465.475,"B,26877,10,72:3b:01:24:b7:c8,56,2,0,0,-21,S,5c:62:8b:66:67:d2"
1791489465.679,"B,26977,10,46:88:44:6e:4f:e4,2703,6,0,0,-27,S,5c:62:8b:66:67:d2"
1791489465.679,"B,26977,10,5c:62:8b:66:67:d2,0,0,2787,9,-47,A,5c:62:8b:66:67:d2"
1791489465.679,"B,26977,10,72:3b:01:24:b7:c8,84,3,0,0,-21,S,5c:62:8b:66:67:d2"
1791489465.679,"B,27077,10,46:88:44:6e:4f:e4,2703,6,0,0,-26,S,5c:62:8b:66:67:d2"
1791489465.679,"B,27077,10,5c:62:8b:66:67:d2,0,0,2815,10,-46,A,5c:62:8b:66:67:d2"
1791489465.679,"B,27077,10,72:3b:01:24:b7:c8,112,4,0,0,-21,S,5c:62:8b:66:67:d2"
1791489465.884,"B,27177,10,46:88:44:6e:4f:e4,2707,6,0,0,-26,S,5c:62:8b:66:67:d2"
1791489465.884,"B,27177,10,5c:62:8b:66:67:d2,0,0,2819,10,-46,A,5c:62:8b:66:67:d2"
1791489465.884,"B,27177,10,72:3b:01:24:b7:c8,112,4,0,0,-21,S,5c:62:8b:66:67:d2"
1791489465.884,"B,27277,10,46:88:44:6e:4f:e4,1078,4,0,0,-25,S,5c:62:8b:66:67:d2"
1791489465.884,"B,27277,10,5c:62:8b:66:67:d2,0,0,1078,4,-46,A,5c:62:8b:66:67:d2"
1791489466.086,"B,27377,10,46:88:44:6e:4f:e4,3025,6,0,0,-27,S,5c:62:8b:66:67:d2"
1791489466.086,"B,27377,10,5c:62:8b:66:67:d2,82,1,3053,7,-50,A,5c:62:8b:66:67:d2"
1791489466.086,"B,27377,10,72:3b:01:24:b7:c8,28,1,82,1,-20,S,5c:62:8b:66:67:d2"
1791489466.086,"B,27477,10,46:88:44:6e:4f:e4,2703,6,0,0,-27,S,5c:62:8b:66:67:d2"
1791489466.086,"B,27477,10,5c:62:8b:66:67:d2,0,0,2899,13,-47,A,5c:62:8b:66:67:d2"
1791489466.086,"B,27477,10,b2:db:ca:e6:29:a6,28,1,0,0,-26,S,5c:62:8b:66:67:d2"
1791489466.086,"B,27477,10,72:3b:01:24:b7:c8,168,6,0,0,-20,S,5c:62:8b:66:67:d2"
1791489466.290,"B,27577,10,46:88:44:6e:4f:e4,2703,6,0,0,-27,S,5c:62:8b:66:67:d2"
1791489466.290,"B,27577,10,5c:62:8b:66:67:d2,0,0,2843,11,-47,A,5c:62:8b:66:67:d2"
1791489466.290,"B,27577,10,b2:db:ca:e6:29:a6,56,2,0,0,-25,S,5c:62:8b:66:67:d2"
1791489466.290,"B,27577,10,72:3b:01:24:b7:c8,84,3,0,0,-21,S,5c:62:8b:66:67:d2"
1791489466.290,"B,27677,10,46:88:44:6e:4f:e4,3053,7,0,0,-27,S,5c:62:8b:66:67:d2"
1791489466.290,"B,27677,10,5c:62:8b:66:67:d2,0,0,3221,13,-48,A,5c:62:8b:66:67:d2"
1791489466.290,"B,27677,10,b2:db:ca:e6:29:a6,56,2,0,0,-27,S,5c:62:8b:66:67:d2"
1791489466.290,"B,27677,10,72:3b:01:24:b7:c8,112,4,0,0,-21,S,5c:62:8b:66:67:d2"
1791489466.495,"B,27777,10,46:88:44:6e:4f:e4,2797,7,138,1,-27,S,5c:62:8b:66:67:d2"
1791489466.495,"B,27777,10,5c:62:8b:66:67:d2,138,1,3021,15,-46,A,5c:62:8b:66:67:d2"
1791489466.495,"B,27777,10,72:3b:01:24:b7:c8,224,8,0,0,-23,S,5c:62:8b:66:67:d2"
1791489466.495,"B,27877,10,46:88:44:6e:4f:e4,1168,4,0,0,-27,S,5c:62:8b:66:67:d2"
1791489466.495,"B,27877,10,5c:62:8b:66:67:d2,0,0,1336,10,-46,A,5c:62:8b:66:67:d2"
1791489466.495,"B,27877,10,b2:db:ca:e6:29:a6,56,2,0,0,-27,S,5c:62:8b:66:67:d2"
1791489466.495,"B,27877,10,72:3b:01:24:b7:c8,112,4,0,0,-22,S,5c:62:8b:66:67:d2"
1791489466.495,"B,27877,10,38:d5:7a:f4:5a:37,30,1,0,0,-92,S,8a:ce:16:78:6f:dc"
1791489466.495,"B,27877,10,8a:ce:16:78:6f:dc,0,0,30,1,0,A,8a:ce:16:78:6f:dc"
1791489466.697,"B,27977,10,46:88:44:6e:4f:e4,2703,6,0,0,-26,S,5c:62:8b:66:67:d2"
1791489466.697,"B,27977,10,5c:62:8b:66:67:d2,0,0,2843,11,0,A,5c:62:8b:66:67:d2"
1791489466.697,"B,27977,10,b2:db:ca:e6:29:a6,56,2,0,0,-27,S,5c:62:8b:66:67:d2"
1791489466.697,"B,27977,10,72:3b:01:24:b7:c8,84,3,0,0,-20,S,5c:62:8b:66:67:d2"
1791489466.697,"B,28077,10,46:88:44:6e:4f:e4,2703,6,0,0,-26,S,5c:62:8b:66:67:d2"
1791489466.697,"B,28077,10,5c:62:8b:66:67:d2,0,0,2731,7,-46,A,5c:62:8b:66:67:d2"
1791489466.697,"B,28077,10,72:3b:01:24:b7:c8,28,1,0,0,-19,S,5c:62:8b:66:67:d2"
1791489466.902,"B,28177,10,46:88:44:6e:4f:e4,3053,7,223,2,-26,S,5c:62:8b:66:67:d2"
1791489466.902,"B,28177,10,5c:62:8b:66:67:d2,223,2,3221,13,-45,A,5c:62:8b:66:67:d2"
1791489466.902,"B,28177,10,b2:db:ca:e6:29:a6,28,1,0,0,-27,S,5c:62:8b:66:67:d2"
1791489466.902,"B,28177,10,72:3b:01:24:b7:c8,140,5,0,0,-19,S,5c:62:8b:66:67:d2"
1791489466.902,"B,28277,10,46:88:44:6e:4f:e4,2797,7,0,0,-26,S,5c:62:8b:66:67:d2"
1791489466.902,"B,28277,10,5c:62:8b:66:67:d2,700,2,2965,13,-45,A,5c:62:8b:66:67:d2"
1791489466.902,"B,28277,10,b2:db:ca:e6:29:a6,56,2,0,0,-27,S,5c:62:8b:66:67:d2"
1791489466.902,"B,28277,10,72:3b:01:24:b7:c8,112,4,700,2,-20,S,5c:62:8b:66:67:d2"
1791489467.103,"B,28377,10,46:88:44:6e:4f:e4,3053,7,0,0,-25,S,5c:62:8b:66:67:d2"
1791489467.103,"B,28377,10,5c:62:8b:66:67:d2,0,0,3193,12,-45,A,5c:62:8b:66:67:d2"
1791489467.103,"B,28377,10,b2:db:ca:e6:29:a6,28,1,0,0,-29,S,5c:62:8b:66:67:d2"
1791489467.103,"B,28377,10,72:3b:01:24:b7:c8,112,4,0,0,-19,S,5c:62:8b:66:67:d2"
1791489467.103,"B,28477,10,46:88:44:6e:4f:e4,2703,6,0,0,-25,S,5c:62:8b:66:67:d2"
1791489467.103,"B,28477,10,5c:62:8b:66:67:d2,0,0,2815,10,-45,A,5c:62:8b:66:67:d2"
1791489467.103,"B,28477,10,b2:db:ca:e6:29:a6,56,2,0,0,-27,S,5c:62:8b:66:67:d2"
1791489467.103,"B,28477,10,72:3b:01:24:b7:c8,56,2,0,0,-20,S,5c:62:8b:66:67:d2"
1791489467.304,"B,28577,10,46:88:44:6e:4f:e4,2675,5,0,0,-26,S,5c:62:8b:66:67:d2"
1791489467.304,"B,28577,10,5c:62:8b:66:67:d2,0,0,2871,12,-45,A,5c:62:8b:66:67:d2"
1791489467.304,"B,28577,10,b2:db:ca:e6:29:a6,56,2,0,0,-28,S,5c:62:8b:66:67:d2"
1791489467.304,"B,28577,10,72:3b:01:24:b7:c8,140,5,0,0,-20,S,5c:62:8b:66:67:d2"
1791489467.304,"B,28677,10,78:8c:b5:f5:e7:26,302,2,0,0,-73,A,78:8c:b5:f5:e7:26"
1791489467.304,"B,28677,10,46:88:44:6e:4f:e4,3053,7,0,0,-26,S,5c:62:8b:66:67:d2"
1791489467.304,"B,28677,10,5c:62:8b:66:67:d2,0,0,3165,11,-45,A,5c:62:8b:66:67:d2"
1791489467.304,"B,28677,10,b2:db:ca:e6:29:a6,28,1,0,0,-28,S,5c:62:8b:66:67:d2"
1791489467.304,"B,28677,10,72:3b:01:24:b7:c8,84,3,0,0,-20,S,5c:62:8b:66:67:d2"
1791489467.504,"B,28777,10,46:88:44:6e:4f:e4,1078,4,0,0,-28,S,5c:62:8b:66:67:d2"
1791489467.504,"B,28777,10,5c:62:8b:66:67:d2,2675,5,1246,10,-45,A,5c:62:8b:66:67:d2"
1791489467.504,"B,28777,10,b2:db:ca:e6:29:a6,56,2,0,0,-26,S,5c:62:8b:66:67:d2"
1791489467.504,"B,28777,10,72:3b:01:24:b7:c8,112,4,2675,5,-20,S,5c:62:8b:66:67:d2"
1791489467.504,"B,28877,10,46:88:44:6e:4f:e4,3053,7,0,0,-26,S,5c:62:8b:66:67:d2"
1791489467.504,"B,28877,10,5c:62:8b:66:67:d2,0,0,3165,11,-44,A,5c:62:8b:66:67:d2"
1791489467.504,"B,28877,10,72:3b:01:24:b7:c8,112,4,0,0,-20,S,5c:62:8b:66:67:d2"
1791489467.504,"B,28977,10,46:88:44:6e:4f:e4,2703,6,0,0,-27,S,5c:62:8b:66:67:d2"
1791489467.504,"B,28977,10,5c:62:8b:66:67:d2,0,0,2871,12,-46,A,5c:62:8b:66:67:d2"
1791489467.705,"B,28977,10,b2:db:ca:e6:29:a6,56,2,0,0,-27,S,5c:62:8b:66:67:d2"
1791489467.705,"B,28977,10,72:3b:01:24:b7:c8,112,4,0,0,-20,S,5c:62:8b:66:67:d2"
1791489467.705,"B,29077,10,46:88:44:6e:4f:e4,2703,6,0,0,-25,S,5c:62:8b:66:67:d2"
1791489467.705,"B,29077,10,5c:62:8b:66:67:d2,0,0,2927,14,-45,A,5c:62:8b:66:67:d2"
1791489467.705,"B,29077,10,b2:db:ca:e6:29:a6,84,3,0,0,-28,S,5c:62:8b:66:67:d2"
1791489467.705,"B,29077,10,72:3b:01:24:b7:c8,140,5,0,0,-21,S,5c:62:8b:66:67:d2"
1791489467.905,"B,29177,10,46:88:44:6e:4f:e4,2675,5,0,0,-26,S,5c:62:8b:66:67:d2"
1791489467.905,"B,29177,10,5c:62:8b:66:67:d2,1975,3,2871,12,-45,A,5c:62:8b:66:67:d2"
1791489467.905,"B,29177,10,b2:db:ca:e6:29:a6,56,2,0,0,-28,S,5c:62:8b:66:67:d2"
1791489467.905,"B,29177,10,72:3b:01:24:b7:c8,140,5,1975,3,-20,S,5c:62:8b:66:67:d2"
1791489467.905,"B,29277,10,46:88:44:6e:4f:e4,2703,6,0,0,-27,S,5c:62:8b:66:67:d2"
1791489467.905,"B,29277,10,5c:62:8b:66:67:d2,350,1,2843,11,-46,A,5c:62:8b:66:67:d2"
1791489467.905,"B,29277,10,b2:db:ca:e6:29:a6,28,1,0,0,-28,S,5c:62:8b:66:67:d2"
1791489467.905,"B,29277,10,72:3b:01:24:b7:c8,112,4,350,1,-20,S,5c:62:8b:66:67:d2"
1791489467.905,"B,29377,10,78:8c:b5:f5:e7:26,0,0,60,2,-73,A,78:8c:b5:f5:e7:26"
1791489467.905,"B,29377,10,46:88:44:6e:4f:e4,1078,4,0,0,-28,S,5c:62:8b:66:67:d2"
1791489467.905,"B,29377,10,5c:62:8b:66:67:d2,0,0,1330,13,-45,A,5c:62:8b:66:67:d2"
1791489468.105,"B,29377,10,b2:db:ca:e6:29:a6,56,2,0,0,-28,S,5c:62:8b:66:67:d2"
1791489468.105,"B,29377,10,72:3b:01:24:b7:c8,196,7,0,0,-20,S,5c:62:8b:66:67:d2"
1791489468.105,"B,29377,10,a6:4c:bd:b6:c7:99,60,2,0,0,-89,S,78:8c:b5:f5:e7:26"
1791489468.105,"B,29477,10,46:88:44:6e:4f:e4,3053,7,0,0,-27,S,5c:62:8b:66:67:d2"
1791489468.105,"B,29477,10,5c:62:8b:66:67:d2,0,0,3165,11,-45,A,5c:62:8b:66:67:d2"
1791489468.105,"B,29477,10,b2:db:ca:e6:29:a6,56,2,0,0,-28,S,5c:62:8b:66:67:d2"
1791489468.105,"B,29477,10,72:3b:01:24:b7:c8,56,2,0,0,-19,S,5c:62:8b:66:67:d2"
1791489468.105,"B,29577,10,46:88:44:6e:4f:e4,2675,5,0,0,-27,S,5c:62:8b:66:67:d2"
1791489468.305,"B,29577,10,5c:62:8b:66:67:d2,0,0,2815,10,-47,A,5c:62:8b:66:67:d2"
1791489468.305,"B,29577,10,b2:db:ca:e6:29:a6,56,2,0,0,-28,S,5c:62:8b:66:67:d2"
1791489468.305,"B,29577,10,72:3b:01:24:b7:c8,84,3,0,0,-19,S,5c:62:8b:66:67:d2"
1791489468.305,"B,29677,10,46:88:44:6e:4f:e4,3403,8,0,0,-27,S,5c:62:8b:66:67:d2"
1791489468.305,"B,29677,10,5c:62:8b:66:67:d2,2325,4,3739,20,-44,A,5c:62:8b:66:67:d2"
1791489468.305,"B,29677,10,b2:db:ca:e6:29:a6,56,2,0,0,-28,S,5c:62:8b:66:67:d2"
1791489468.305,"B,29677,10,72:3b:01:24:b7:c8,280,10,2325,4,-21,S,5c:62:8b:66:67:d2"
1791489468.305,"B,29777,10,46:88:44:6e:4f:e4,2703,6,0,0,-25,S,5c:62:8b:66:67:d2"
1791489468.305,"B,29777,10,5c:62:8b:66:67:d2,0,0,2843,11,-45,A,5c:62:8b:66:67:d2"
1791489468.305,"B,29777,10,b2:db:ca:e6:29:a6,56,2,0,0,-28,S,5c:62:8b:66:67:d2"
1791489468.305,"B,29777,10,72:3b:01:24:b7:c8,84,3,0,0,-20,S,5c:62:8b:66:67:d2"
1791489468.506,"B,29877,10,46:88:44:6e:4f:e4,728,3,0,0,-23,S,5c:62:8b:66:67:d2"
1791489468.506,"B,29877,10,5c:62:8b:66:67:d2,0,0,868,8,-45,A,5c:62:8b:66:67:d2"
1791489468.506,"B,29877,10,b2:db:ca:e6:29:a6,56,2,0,0,-28,S,5c:62:8b:66:67:d2"
1791489468.506,"B,29877,10,72:3b:01:24:b7:c8,84,3,0,0,-20,S,5c:62:8b:66:67:d2"
1791489468.506,"B,29977,10,46:88:44:6e:4f:e4,3053,7,0,0,-25,S,5c:62:8b:66:67:d2"
1791489468.506,"B,29977,10,5c:62:8b:66:67:d2,0,0,3137,10,-45,A,5c:62:8b:66:67:d2"
1791489468.506,"B,29977,10,72:3b:01:24:b7:c8,84,3,0,0,-20,S,5c:62:8b:66:67:d2"
1791489468.706,"B,30077,10,46:88:44:6e:4f:e4,2675,5,0,0,-27,S,5c:62:8b:66:67:d2"
1791489468.706,"B,30077,10,5c:62:8b:66:67:d2,0,0,2871,12,-44,A,5c:62:8b:66:67:d2"
1791489468.706,"B,30077,10,b2:db:ca:e6:29:a6,84,3,0,0,-27,S,5c:62:8b:66:67:d2"
1791489468.706,"B,30077,10,72:3b:01:24:b7:c8,112,4,0,0,-19,S,5c:62:8b:66:67:d2"
1791489468.706,"I,30101,stat,rx=5262,drops=0,ch=10,bin=100,hop=0,heap=203064"
1791489468.706,"B,30177,10,46:88:44:6e:4f:e4,3375,7,0,0,-26,S,5c:62:8b:66:67:d2"
1791489468.907,"B,30177,10,5c:62:8b:66:67:d2,2675,5,3515,12,-43,A,5c:62:8b:66:67:d2"
1791489468.907,"B,30177,10,b2:db:ca:e6:29:a6,56,2,0,0,-29,S,5c:62:8b:66:67:d2"
1791489468.907,"B,30177,10,72:3b:01:24:b7:c8,84,3,2675,5,-19,S,5c:62:8b:66:67:d2"
1791489468.907,"B,30277,10,46:88:44:6e:4f:e4,2703,6,0,0,-26,S,5c:62:8b:66:67:d2"
1791489468.907,"B,30277,10,5c:62:8b:66:67:d2,350,1,2843,11,-44,A,5c:62:8b:66:67:d2"
1791489468.907,"B,30277,10,b2:db:ca:e6:29:a6,28,1,0,0,-30,S,5c:62:8b:66:67:d2"
1791489468.907,"B,30277,10,72:3b:01:24:b7:c8,112,4,350,1,-20,S,5c:62:8b:66:67:d2"
1791489468.907,"B,30377,10,46:88:44:6e:4f:e4,3065,7,0,0,-25,S,5c:62:8b:66:67:d2"
1791489468.907,"B,30377,10,5c:62:8b:66:67:d2,0,0,3233,13,-44,A,5c:62:8b:66:67:d2"
1791489468.907,"B,30377,10,b2:db:ca:e6:29:a6,56,2,0,0,-27,S,5c:62:8b:66:67:d2"
1791489468.907,"B,30377,10,72:3b:01:24:b7:c8,112,4,0,0,-20,S,5c:62:8b:66:67:d2"
1791489469.107,"B,30477,10,46:88:44:6e:4f:e4,1078,4,0,0,-26,S,5c:62:8b:66:67:d2"
1791489469.107,"B,30477,10,5c:62:8b:66:67:d2,0,0,1330,13,-44,A,5c:62:8b:66:67:d2"
1791489469.107,"B,30477,10,b2:db:ca:e6:29:a6,56,2,0,0,-27,S,5c:62:8b:66:67:d2"
1791489469.107,"B,30477,10,72:3b:01:24:b7:c8,196,7,0,0,-19,S,5c:62:8b:66:67:d2"
1791489469.107,"B,30577,10,46:88:44:6e:4f:e4,3029,6,0,0,-27,S,5c:62:8b:66:67:d2"
1791489469.107,"B,30577,10,5c:62:8b:66:67:d2,0,0,3141,10,-44,A,5c:62:8b:66:67:d2"
1791489469.107,"B,30577,10,b2:db:ca:e6:29:a6,56,2,0,0,-26,S,5c:62:8b:66:67:d2"
1791489469.107,"B,30577,10,72:3b:01:24:b7:c8,56,2,0,0,-19,S,5c:62:8b:66:67:d2"
1791489469.307,"B,30677,10,46:88:44:6e:4f:e4,2675,5,0,0,-26,S,5c:62:8b:66:67:d2"
1791489469.307,"B,30677,10,5c:62:8b:66:67:d2,0,0,2815,10,-45,A,5c:62:8b:66:67:d2"
1791489469.307,"B,30677,10,72:3b:01:24:b7:c8,140,5,0,0,-19,S,5c:62:8b:66:67:d2"
1791489469.307,"B,30777,10,46:88:44:6e:4f:e4,2703,6,0,0,-27,S,5c:62:8b:66:67:d2"
1791489469.307,"B,30777,10,5c:62:8b:66:67:d2,16400,31,2899,13,-44,A,5c:62:8b:66:67:d2"
1791489469.307,"B,30777,10,b2:db:ca:e6:29:a6,112,4,0,0,-27,S,5c:62:8b:66:67:d2"
1791489469.508,"B,30777,10,72:3b:01:24:b7:c8,84,3,16400,31,-19,S,5c:62:8b:66:67:d2"
1791489469.508,"B,30877,10,46:88:44:6e:4f:e4,2703,6,0,0,-27,S,5c:62:8b:66:67:d2"
1791489469.508,"B,30877,10,5c:62:8b:66:67:d2,0,0,3011,17,-45,A,5c:62:8b:66:67:d2"
1791489469.508,"B,30877,10,b2:db:ca:e6:29:a6,28,1,0,0,-28,S,5c:62:8b:66:67:d2"
1791489469.508,"B,30877,10,72:3b:01:24:b7:c8,280,10,0,0,-20,S,5c:62:8b:66:67:d2"
1791489469.508,"M,30957,slot,2,1"
1791489469.508,"B,30977,10,46:88:44:6e:4f:e4,3109,9,0,0,-26,S,5c:62:8b:66:67:d2"
1791489469.508,"B,30977,10,5c:62:8b:66:67:d2,0,0,3277,15,-47,A,5c:62:8b:66:67:d2"
1791489469.508,"B,30977,10,b2:db:ca:e6:29:a6,56,2,0,0,-27,S,5c:62:8b:66:67:d2"
1791489469.508,"B,30977,10,72:3b:01:24:b7:c8,112,4,0,0,-19,S,5c:62:8b:66:67:d2"
1791489469.508,"B,30977,10,80:af:ca:68:4c:f8,104,1,0,0,-83,A,80:af:ca:68:4c:f8"
1791489469.708,"B,31077,10,46:88:44:6e:4f:e4,1078,4,0,0,-25,S,5c:62:8b:66:67:d2"
1791489469.708,"B,31077,10,5c:62:8b:66:67:d2,0,0,1330,13,-46,A,5c:62:8b:66:67:d2"
1791489469.708,"B,31077,10,b2:db:ca:e6:29:a6,28,1,0,0,-28,S,5c:62:8b:66:67:d2"
1791489469.708,"B,31077,10,72:3b:01:24:b7:c8,224,8,0,0,-19,S,5c:62:8b:66:67:d2"
1791489469.708,"B,31177,10,46:88:44:6e:4f:e4,2703,6,0,0,-26,S,5c:62:8b:66:67:d2"
1791489469.708,"B,31177,10,5c:62:8b:66:67:d2,3481,8,2815,10,-44,A,5c:62:8b:66:67:d2"
1791489469.908,"B,31177,10,b2:db:ca:e6:29:a6,84,3,0,0,-27,S,5c:62:8b:66:67:d2"
1791489469.908,"B,31177,10,72:3b:01:24:b7:c8,28,1,3481,8,-19,S,5c:62:8b:66:67:d2"
1791489469.908,"B,31277,10,46:88:44:6e:4f:e4,3025,6,0,0,-26,S,5c:62:8b:66:67:d2"
1791489469.908,"B,31277,10,5c:62:8b:66:67:d2,1975,3,3165,11,-44,A,5c:62:8b:66:67:d2"
1791489469.908,"B,31277,10,b2:db:ca:e6:29:a6,28,1,0,0,-28,S,5c:62:8b:66:67:d2"
1791489469.908,"B,31277,10,72:3b:01:24:b7:c8,112,4,1975,3,-19,S,5c:62:8b:66:67:d2"
1791489469.908,"B,31377,10,46:88:44:6e:4f:e4,2703,6,0,0,-26,S,5c:62:8b:66:67:d2"
1791489469.908,"B,31377,10,5c:62:8b:66:67:d2,0,0,2983,16,-46,A,5c:62:8b:66:67:d2"
1791489469.908,"B,31377,10,b2:db:ca:e6:29:a6,56,2,0,0,-29,S,5c:62:8b:66:67:d2"
1791489469.908,"B,31377,10,72:3b:01:24:b7:c8,224,8,0,0,-19,S,5c:62:8b:66:67:d2"
1791489470.109,"B,31477,10,46:88:44:6e:4f:e4,3403,8,0,0,-26,S,5c:62:8b:66:67:d2"
1791489470.109,"B,31477,10,5c:62:8b:66:67:d2,0,0,3543,13,-44,A,5c:62:8b:66:67:d2"
1791489470.109,"B,31477,10,b2:db:ca:e6:29:a6,28,1,0,0,-28,S,5c:62:8b:66:67:d2"
1791489470.109,"B,31477,10,72:3b:01:24:b7:c8,112,4,0,0,-19,S,5c:62:8b:66:67:d2"
1791489470.109,"B,31577,10,46:88:44:6e:4f:e4,2703,6,0,0,-26,S,5c:62:8b:66:67:d2"
1791489470.109,"B,31577,10,5c:62:8b:66:67:d2,0,0,3011,17,-45,A,5c:62:8b:66:67:d2"
1791489470.109,"B,31577,10,b2:db:ca:e6:29:a6,56,2,0,0,-28,S,5c:62:8b:66:67:d2"
1791489470.109,"B,31577,10,72:3b:01:24:b7:c8,252,9,0,0,-19,S,5c:62:8b:66:67:d2"
1791489470.310,"B,31677,10,46:88:44:6e:4f:e4,1050,3,0,0,-27,S,5c:62:8b:66:67:d2"
1791489470.310,"B,31677,10,5c:62:8b:66:67:d2,0,0,1078,4,-45,A,5c:62:8b:66:67:d2"
1791489470.310,"B,31677,10,b2:db:ca:e6:29:a6,28,1,0,0,-28,S,5c:62:8b:66:67:d2"
1791489470.310,"B,31777,10,46:88:44:6e:4f:e4,3053,7,0,0,-27,S,5c:62:8b:66:67:d2"
1791489470.310,"B,31777,10,5c:62:8b:66:67:d2,5350,10,3277,15,-45,A,5c:62:8b:66:67:d2"
1791489470.310,"B,31777,10,b2:db:ca:e6:29:a6,112,4,0,0,-27,S,5c:62:8b:66:67:d2"
1791489470.310,"B,31777,10,72:3b:01:24:b7:c8,112,4,5350,10,-20,S,5c:62:8b:66:67:d2"
1791489470.510,"B,31877,10,46:88:44:6e:4f:e4,5953,10,0,0,-27,S,5c:62:8b:66:67:d2"
1791489470.510,"B,31877,10,5c:62:8b:66:67:d2,0,0,6205,19,-47,A,5c:62:8b:66:67:d2"
1791489470.510,"B,31877,10,b2:db:ca:e6:29:a6,28,1,0,0,-28,S,5c:62:8b:66:67:d2"
1791489470.510,"B,31877,10,72:3b:01:24:b7:c8,224,8,0,0,-20,S,5c:62:8b:66:67:d2"
1791489470.510,"B,31977,10,46:88:44:6e:4f:e4,2675,5,0,0,-27,S,5c:62:8b:66:67:d2"
1791489470.510,"B,31977,10,5c:62:8b:66:67:d2,0,0,2787,9,-49,A,5c:62:8b:66:67:d2"
1791489470.510,"B,31977,10,b2:db:ca:e6:29:a6,28,1,0,0,-28,S,5c:62:8b:66:67:d2"
1791489470.510,"B,31977,10,72:3b:01:24:b7:c8,84,3,0,0,-19,S,5c:62:8b:66:67:d2"
1791489470.712,"B,32077,10,46:88:44:6e:4f:e4,2703,6,0,0,-27,S,5c:62:8b:66:67:d2"
1791489470.712,"B,32077,10,5c:62:8b:66:67:d2,0,0,2843,11,-51,A,5c:62:8b:66:67:d2"
1791489470.712,"B,32077,10,b2:db:ca:e6:29:a6,56,2,0,0,-28,S,5c:62:8b:66:67:d2"
1791489470.712,"B,32077,10,72:3b:01:24:b7:c8,84,3,0,0,-20,S,5c:62:8b:66:67:d2"
1791489470.712,"B,32177,10,46:88:44:6e:4f:e4,3053,7,0,0,-26,S,5c:62:8b:66:67:d2"
1791489470.712,"B,32177,10,5c:62:8b:66:67:d2,0,0,3277,15,0,A,5c:62:8b:66:67:d2"
1791489470.712,"B,32177,10,b2:db:ca:e6:29:a6,28,1,0,0,-28,S,5c:62:8b:66:67:d2"
1791489470.712,"B,32177,10,72:3b:01:24:b7:c8,196,7,0,0,-20,S,5c:62:8b:66:67:d2"
1791489470.912,"B,32277,10,46:88:44:6e:4f:e4,1778,6,0,0,-27,S,5c:62:8b:66:67:d2"
1791489470.912,"B,32277,10,5c:62:8b:66:67:d2,0,0,1862,9,-56,A,5c:62:8b:66:67:d2"
1791489470.912,"B,32277,10,72:3b:01:24:b7:c8,84,3,0,0,-20,S,5c:62:8b:66:67:d2"
1791489470.912,"B,32377,10,46:88:44:6e:4f:e4,2675,5,0,0,-27,S,5c:62:8b:66:67:d2"
1791489470.912,"B,32377,10,5c:62:8b:66:67:d2,0,0,2815,10,-49,A,5c:62:8b:66:67:d2"
1791489470.912,"B,32377,10,72:3b:01:24:b7:c8,140,5,0,0,-21,S,5c:62:8b:66:67:d2"
1791489471.114,"B,32477,10,46:88:44:6e:4f:e4,2121,5,0,0,-25,S,5c:62:8b:66:67:d2"
1791489471.114,"B,32477,10,5c:62:8b:66:67:d2,0,0,2317,12,-48,A,5c:62:8b:66:67:d2"
1791489471.114,"B,32477,10,72:3b:01:24:b7:c8,196,7,0,0,-20,S,5c:62:8b:66:67:d2"
1791489471.114,"B,32577,10,46:88:44:6e:4f:e4,2703,6,0,0,-26,S,5c:62:8b:66:67:d2"
1791489471.114,"B,32577,10,5c:62:8b:66:67:d2,0,0,2703,6,-48,A,5c:62:8b:66:67:d2"
1791489471.315,"B,32677,10,78:8c:b5:f5:e7:26,80,1,0,0,-72,A,78:8c:b5:f5:e7:26"
1791489471.315,"B,32677,10,46:88:44:6e:4f:e4,2703,6,414,3,-26,S,5c:62:8b:66:67:d2"
1791489471.315,"B,32677,10,5c:62:8b:66:67:d2,764,4,2983,16,-44,A,5c:62:8b:66:67:d2"
1791489471.315,"B,32677,10,72:3b:01:24:b7:c8,280,10,350,1,-19,S,5c:62:8b:66:67:d2"
1791489471.315,"B,32777,10,46:88:44:6e:4f:e4,2104,7,0,0,-27,S,5c:62:8b:66:67:d2"
1791489471.315,"B,32777,10,5c:62:8b:66:67:d2,2325,4,2132,8,-44,A,5c:62:8b:66:67:d2"
1791489471.315,"B,32777,10,72:3b:01:24:b7:c8,28,1,2325,4,-19,S,5c:62:8b:66:67:d2"
1791489471.517,"B,32877,10,46:88:44:6e:4f:e4,1078,4,0,0,-27,S,5c:62:8b:66:67:d2"
1791489471.517,"B,32877,10,5c:62:8b:66:67:d2,0,0,1162,7,-47,A,5c:62:8b:66:67:d2"
1791489471.517,"B,32877,10,b2:db:ca:e6:29:a6,28,1,0,0,-28,S,5c:62:8b:66:67:d2"
1791489471.517,"B,32877,10,72:3b:01:24:b7:c8,56,2,0,0,-19,S,5c:62:8b:66:67:d2"
1791489471.517,"B,32977,10,46:88:44:6e:4f:e4,3301,6,0,0,-27,S,5c:62:8b:66:67:d2"
1791489471.517,"B,32977,10,5c:62:8b:66:67:d2,0,0,3497,13,-47,A,5c:62:8b:66:67:d2"
1791489471.517,"B,32977,10,b2:db:ca:e6:29:a6,56,2,0,0,-29,S,5c:62:8b:66:67:d2"
1791489471.517,"B,32977,10,72:3b:01:24:b7:c8,140,5,0,0,-19,S,5c:62:8b:66:67:d2"
1791489471.517,"B,32977,10,38:d5:7a:f4:5a:37,30,1,0,0,-90,S,8a:ce:16:78:6f:dc"
1791489471.517,"B,32977,10,8a:ce:16:78:6f:dc,0,0,30,1,0,A,8a:ce:16:78:6f:dc"
1791489471.719,"B,33077,10,46:88:44:6e:4f:e4,3359,6,0,0,-27,S,5c:62:8b:66:67:d2"
1791489471.719,"B,33077,10,5c:62:8b:66:67:d2,0,0,3471,10,-48,A,5c:62:8b:66:67:d2"
1791489471.719,"B,33077,10,b2:db:ca:e6:29:a6,56,2,0,0,-27,S,5c:62:8b:66:67:d2"
1791489471.719,"B,33077,10,72:3b:01:24:b7:c8,56,2,0,0,-19,S,5c:62:8b:66:67:d2"
1791489471.719,"B,33177,10,46:88:44:6e:4f:e4,4299,6,0,0,-27,S,5c:62:8b:66:67:d2"
1791489471.719,"B,33177,10,5c:62:8b:66:67:d2,0,0,4355,8,-46,A,5c:62:8b:66:67:d2"
1791489471.719,"B,33177,10,b2:db:ca:e6:29:a6,56,2,0,0,-28,S,5c:62:8b:66:67:d2"
1791489471.922,"B,33277,10,46:88:44:6e:4f:e4,5723,10,0,0,-27,S,5c:62:8b:66:67:d2"
1791489471.922,"B,33277,10,5c:62:8b:66:67:d2,700,2,5919,17,-45,A,5c:62:8b:66:67:d2"
1791489471.922,"B,33277,10,b2:db:ca:e6:29:a6,28,1,0,0,-29,S,5c:62:8b:66:67:d2"
1791489471.922,"B,33277,10,72:3b:01:24:b7:c8,168,6,700,2,-19,S,5c:62:8b:66:67:d2"
1791489471.922,"B,33377,10,46:88:44:6e:4f:e4,4729,7,0,0,-27,S,5c:62:8b:66:67:d2"
1791489471.922,"B,33377,10,5c:62:8b:66:67:d2,0,0,4841,11,-45,A,5c:62:8b:66:67:d2"
1791489471.922,"B,33377,10,b2:db:ca:e6:29:a6,84,3,0,0,-28,S,5c:62:8b:66:67:d2"
1791489471.922,"B,33377,10,72:3b:01:24:b7:c8,28,1,0,0,-19,S,5c:62:8b:66:67:d2"
1791489472.122,"B,33477,10,46:88:44:6e:4f:e4,1078,4,0,0,-27,S,5c:62:8b:66:67:d2"
1791489472.122,"B,33477,10,5c:62:8b:66:67:d2,0,0,1078,4,-47,A,5c:62:8b:66:67:d2"
1791489472.122,"B,33577,10,46:88:44:6e:4f:e4,4693,6,0,0,-27,S,5c:62:8b:66:67:d2"
1791489472.122,"B,33577,10,5c:62:8b:66:67:d2,0,0,4861,12,-48,A,5c:62:8b:66:67:d2"
1791489472.122,"B,33577,10,b2:db:ca:e6:29:a6,56,2,0,0,-28,S,5c:62:8b:66:67:d2"
1791489472.122,"B,33577,10,72:3b:01:24:b7:c8,112,4,0,0,-19,S,5c:62:8b:66:67:d2"
1791489472.326,"B,33677,10,46:88:44:6e:4f:e4,5043,8,0,0,-27,S,5c:62:8b:66:67:d2"
1791489472.326,"B,33677,10,5c:62:8b:66:67:d2,0,0,5127,11,-48,A,5c:62:8b:66:67:d2"
1791489472.326,"B,33677,10,b2:db:ca:e6:29:a6,56,2,0,0,-28,S,5c:62:8b:66:67:d2"
1791489472.326,"B,33677,10,72:3b:01:24:b7:c8,28,1,0,0,-19,S,5c:62:8b:66:67:d2"
1791489472.326,"B,33777,10,46:88:44:6e:4f:e4,5405,9,0,0,-26,S,5c:62:8b:66:67:d2"
1791489472.326,"B,33777,10,5c:62:8b:66:67:d2,1050,3,5601,16,-45,A,5c:62:8b:66:67:d2"
1791489472.326,"B,33777,10,b2:db:ca:e6:29:a6,56,2,0,0,-28,S,5c:62:8b:66:67:d2"
1791489472.326,"B,33777,10,72:3b:01:24:b7:c8,140,5,1050,3,-19,S,5c:62:8b:66:67:d2"
1791489472.530,"B,33877,10,46:88:44:6e:4f:e4,12453,14,0,0,-26,S,5c:62:8b:66:67:d2"
1791489472.530,"B,33877,10,5c:62:8b:66:67:d2,0,0,12593,19,-48,A,5c:62:8b:66:67:d2"
1791489472.530,"B,33877,10,b2:db:ca:e6:29:a6,56,2,0,0,-26,S,5c:62:8b:66:67:d2"
1791489472.530,"B,33877,10,72:3b:01:24:b7:c8,84,3,0,0,-19,S,5c:62:8b:66:67:d2"
1791489472.530,"B,33977,10,46:88:44:6e:4f:e4,5501,9,0,0,-26,S,5c:62:8b:66:67:d2"
1791489472.530,"B,33977,10,5c:62:8b:66:67:d2,0,0,5613,13,-49,A,5c:62:8b:66:67:d2"
1791489472.530,"B,33977,10,b2:db:ca:e6:29:a6,56,2,0,0,-28,S,5c:62:8b:66:67:d2"
1791489472.530,"B,33977,10,72:3b:01:24:b7:c8,56,2,0,0,-19,S,5c:62:8b:66:67:d2"
1791489472.735,"B,34077,10,46:88:44:6e:4f:e4,1750,5,0,0,-26,S,5c:62:8b:66:67:d2"
1791489472.735,"B,34077,10,5c:62:8b:66:67:d2,0,0,1918,11,-50,A,5c:62:8b:66:67:d2"
1791489472.735,"B,34077,10,b2:db:ca:e6:29:a6,28,1,0,0,-28,S,5c:62:8b:66:67:d2"
1791489472.735,"B,34077,10,72:3b:01:24:b7:c8,140,5,0,0,-19,S,5c:62:8b:66:67:d2"
1791489472.735,"B,34077,10,80:af:ca:68:4c:f8,160,1,0,0,-84,A,80:af:ca:68:4c:f8"
1791489472.735,"B,34177,10,46:88:44:6e:4f:e4,5075,8,0,0,-27,S,5c:62:8b:66:67:d2"
1791489472.735,"B,34177,10,5c:62:8b:66:67:d2,0,0,5215,13,-49,A,5c:62:8b:66:67:d2"
1791489472.735,"B,34177,10,b2:db:ca:e6:29:a6,56,2,0,0,-28,S,5c:62:8b:66:67:d2"
1791489472.735,"B,34177,10,72:3b:01:24:b7:c8,84,3,0,0,-19,S,5c:62:8b:66:67:d2"
1791489472.940,"B,34277,10,46:88:44:6e:4f:e4,5529,9,0,0,-27,S,5c:62:8b:66:67:d2"
1791489472.940,"B,34277,10,5c:62:8b:66:67:d2,15245,21,5613,12,-45,A,5c:62:8b:66:67:d2"
1791489472.940,"B,34277,10,b2:db:ca:e6:29:a6,56,2,0,0,-28,S,5c:62:8b:66:67:d2"
1791489472.940,"B,34277,10,72:3b:01:24:b7:c8,28,1,15245,21,-19,S,5c:62:8b:66:67:d2"
1791489472.940,"B,34377,10,46:88:44:6e:4f:e4,3352,5,0,0,-27,S,5c:62:8b:66:67:d2"
1791489472.940,"B,34377,10,5c:62:8b:66:67:d2,0,0,3436,8,-50,A,5c:62:8b:66:67:d2"
1791489472.940,"B,34377,10,b2:db:ca:e6:29:a6,28,1,0,0,-28,S,5c:62:8b:66:67:d2"
1791489472.940,"B,34377,10,72:3b:01:24:b7:c8,56,2,0,0,-19,S,5c:62:8b:66:67:d2"
1791489473.144,"B,34477,10,46:88:44:6e:4f:e4,4459,6,0,0,-27,S,5c:62:8b:66:67:d2"
1791489473.144,"B,34477,10,5c:62:8b:66:67:d2,0,0,4571,10,-50,A,5c:62:8b:66:67:d2"
1791489473.144,"B,34477,10,b2:db:ca:e6:29:a6,28,1,0,0,-29,S,5c:62:8b:66:67:d2"
1791489473.144,"B,34477,10,72:3b:01:24:b7:c8,84,3,0,0,-19,S,5c:62:8b:66:67:d2"
1791489473.144,"B,34577,10,46:88:44:6e:4f:e4,8369,10,0,0,-27,S,5c:62:8b:66:67:d2"
1791489473.144,"B,34577,10,5c:62:8b:66:67:d2,0,0,8705,22,-49,A,5c:62:8b:66:67:d2"
1791489473.144,"B,34577,10,b2:db:ca:e6:29:a6,28,1,0,0,-28,S,5c:62:8b:66:67:d2"
1791489473.144,"B,34577,10,72:3b:01:24:b7:c8,308,11,0,0,-19,S,5c:62:8b:66:67:d2"
1791489473.345,"B,34677,10,46:88:44:6e:4f:e4,1078,4,0,0,-27,S,5c:62:8b:66:67:d2"
1791489473.345,"B,34677,10,5c:62:8b:66:67:d2,350,1,1078,4,-47,A,5c:62:8b:66:67:d2"
1791489473.345,"B,34677,10,72:3b:01:24:b7:c8,0,0,350,1,0,S,5c:62:8b:66:67:d2"
1791489473.345,"B,34777,10,46:88:44:6e:4f:e4,5457,8,0,0,-27,S,5c:62:8b:66:67:d2"
1791489473.345,"B,34777,10,5c:62:8b:66:67:d2,4407,5,5541,11,-44,A,5c:62:8b:66:67:d2"
1791489473.345,"B,34777,10,72:3b:01:24:b7:c8,84,3,4407,5,-19,S,5c:62:8b:66:67:d2"
1791489473.545,"B,34877,10,46:88:44:6e:4f:e4,4809,7,0,0,-27,S,5c:62:8b:66:67:d2"
1791489473.545,"B,34877,10,5c:62:8b:66:67:d2,0,0,4949,12,-44,A,5c:62:8b:66:67:d2"
1791489473.545,"B,34877,10,72:3b:01:24:b7:c8,140,5,0,0,-19,S,5c:62:8b:66:67:d2"
1791489473.545,"B,34977,10,46:88:44:6e:4f:e4,4737,7,0,0,-26,S,5c:62:8b:66:67:d2"
1791489473.545,"B,34977,10,5c:62:8b:66:67:d2,0,0,4821,10,-43,A,5c:62:8b:66:67:d2"
1791489473.545,"B,34977,10,b2:db:ca:e6:29:a6,84,3,0,0,-28,S,5c:62:8b:66:67:d2"
1791489473.751,"B,35077,10,46:88:44:6e:4f:e4,6287,8,0,0,-26,S,5c:62:8b:66:67:d2"
1791489473.751,"B,35077,10,5c:62:8b:66:67:d2,0,0,6371,11,-43,A,5c:62:8b:66:67:d2"
1791489473.751,"B,35077,10,b2:db:ca:e6:29:a6,56,2,0,0,-27,S,5c:62:8b:66:67:d2"
1791489473.751,"B,35077,10,72:3b:01:24:b7:c8,28,1,0,0,-19,S,5c:62:8b:66:67:d2"
1791489473.751,"I,35105,stat,rx=6107,drops=0,ch=10,bin=100,hop=0,heap=203064"
1791489473.751,"B,35177,10,46:88:44:6e:4f:e4,4825,7,0,0,-25,S,5c:62:8b:66:67:d2"
1791489473.751,"B,35177,10,5c:62:8b:66:67:d2,0,0,4993,13,-45,A,5c:62:8b:66:67:d2"
1791489473.751,"B,35177,10,b2:db:ca:e6:29:a6,56,2,0,0,-28,S,5c:62:8b:66:67:d2"
1791489473.751,"B,35177,10,72:3b:01:24:b7:c8,112,4,0,0,-19,S,5c:62:8b:66:67:d2"
1791489473.954,"B,35277,10,46:88:44:6e:4f:e4,1050,3,0,0,-27,S,5c:62:8b:66:67:d2"
1791489473.954,"B,35277,10,5c:62:8b:66:67:d2,5497,8,1078,4,-43,A,5c:62:8b:66:67:d2"
1791489473.954,"B,35277,10,b2:db:ca:e6:29:a6,28,1,0,0,-29,S,5c:62:8b:66:67:d2"
1791489473.954,"B,35277,10,72:3b:01:24:b7:c8,0,0,5497,8,0,S,5c:62:8b:66:67:d2"
1791489473.954,"B,35377,10,46:88:44:6e:4f:e4,4849,8,0,0,-26,S,5c:62:8b:66:67:d2"
1791489473.954,"B,35377,10,5c:62:8b:66:67:d2,0,0,4989,13,-45,A,5c:62:8b:66:67:d2"
1791489473.954,"B,35377,10,b2:db:ca:e6:29:a6,28,1,0,0,-28,S,5c:62:8b:66:67:d2"
1791489473.954,"B,35377,10,72:3b:01:24:b7:c8,112,4,0,0,-19,S,5c:62:8b:66:67:d2"
1791489474.159,"B,35477,10,46:88:44:6e:4f:e4,5127,7,0,0,-26,S,5c:62:8b:66:67:d2"
1791489474.159,"B,35477,10,5c:62:8b:66:67:d2,0,0,5351,15,-48,A,5c:62:8b:66:67:d2"
1791489474.159,"B,35477,10,b2:db:ca:e6:29:a6,28,1,0,0,-28,S,5c:62:8b:66:67:d2"
1791489474.159,"B,35477,10,72:3b:01:24:b7:c8,196,7,0,0,-19,S,5c:62:8b:66:67:d2"
1791489474.159,"B,35577,10,46:88:44:6e:4f:e4,4805,7,0,0,-26,S,5c:62:8b:66:67:d2"
1791489474.159,"B,35577,10,5c:62:8b:66:67:d2,0,0,4861,9,-48,A,5c:62:8b:66:67:d2"
1791489474.159,"B,35577,10,b2:db:ca:e6:29:a6,56,2,0,0,-27,S,5c:62:8b:66:67:d2"
1791489474.364,"B,35677,10,46:88:44:6e:4f:e4,4789,7,0,0,-27,S,5c:62:8b:66:67:d2"
1791489474.364,"B,35677,10,5c:62:8b:66:67:d2,0,0,5069,17,-48,A,5c:62:8b:66:67:d2"
1791489474.364,"B,35677,10,b2:db:ca:e6:29:a6,56,2,0,0,-27,S,5c:62:8b:66:67:d2"
1791489474.364,"B,35677,10,72:3b:01:24:b7:c8,224,8,0,0,-19,S,5c:62:8b:66:67:d2"
1791489474.364,"B,35777,10,46:88:44:6e:4f:e4,4809,7,0,0,-27,S,5c:62:8b:66:67:d2"
1791489474.364,"B,35777,10,5c:62:8b:66:67:d2,27238,28,4865,9,-45,A,5c:62:8b:66:67:d2"
1791489474.364,"B,35777,10,b2:db:ca:e6:29:a6,28,1,0,0,-28,S,5c:62:8b:66:67:d2"
1791489474.364,"B,35777,10,72:3b:01:24:b7:c8,28,1,27238,28,-19,S,5c:62:8b:66:67:d2"
1791489474.566,"B,35877,10,46:88:44:6e:4f:e4,1400,4,0,0,-27,S,5c:62:8b:66:67:d2"
1791489474.566,"B,35877,10,5c:62:8b:66:67:d2,3646,6,1428,5,-45,A,5c:62:8b:66:67:d2"
1791489474.566,"B,35877,10,b2:db:ca:e6:29:a6,28,1,0,0,-28,S,5c:62:8b:66:67:d2"
1791489474.566,"B,35877,10,72:3b:01:24:b7:c8,0,0,3646,6,0,S,5c:62:8b:66:67:d2"
1791489474.566,"B,35977,10,46:88:44:6e:4f:e4,4833,7,0,0,-27,S,5c:62:8b:66:67:d2"
1791489474.566,"B,35977,10,5c:62:8b:66:67:d2,4667,7,5001,13,-45,A,5c:62:8b:66:67:d2"
1791489474.566,"B,35977,10,b2:db:ca:e6:29:a6,28,1,0,0,-29,S,5c:62:8b:66:67:d2"
1791489474.566,"B,35977,10,72:3b:01:24:b7:c8,140,5,4667,7,-19,S,5c:62:8b:66:67:d2"
1791489474.566,"M,36032,slot,3,0"
1791489474.771,"B,36077,10,46:88:44:6e:4f:e4,6555,12,0,0,-26,S,5c:62:8b:66:67:d2"
1791489474.771,"B,36077,10,5c:62:8b:66:67:d2,6059,7,6639,15,-45,A,5c:62:8b:66:67:d2"
1791489474.771,"B,36077,10,b2:db:ca:e6:29:a6,56,2,0,0,-27,S,5c:62:8b:66:67:d2"
1791489474.771,"B,36077,10,72:3b:01:24:b7:c8,28,1,6059,7,-19,S,5c:62:8b:66:67:d2"
1791489474.771,"B,36177,10,46:88:44:6e:4f:e4,5311,8,0,0,-27,S,5c:62:8b:66:67:d2"
1791489474.771,"B,36177,10,5c:62:8b:66:67:d2,5283,7,5367,10,-44,A,5c:62:8b:66:67:d2"
1791489474.771,"B,36177,10,b2:db:ca:e6:29:a6,56,2,0,0,-28,S,5c:62:8b:66:67:d2"
1791489474.771,"B,36177,10,72:3b:01:24:b7:c8,0,0,5283,7,0,S,5c:62:8b:66:67:d2"
1791489474.976,"B,36277,10,46:88:44:6e:4f:e4,7271,10,0,0,-27,S,5c:62:8b:66:67:d2"
1791489474.976,"B,36277,10,5c:62:8b:66:67:d2,4687,5,7523,19,-44,A,5c:62:8b:66:67:d2"
1791489474.976,"B,36277,10,b2:db:ca:e6:29:a6,56,2,0,0,-28,S,5c:62:8b:66:67:d2"
1791489474.976,"B,36277,10,72:3b:01:24:b7:c8,196,7,4687,5,-19,S,5c:62:8b:66:67:d2"
1791489474.976,"B,36377,10,46:88:44:6e:4f:e4,6306,9,0,0,-25,S,5c:62:8b:66:67:d2"
1791489474.976,"B,36377,10,5c:62:8b:66:67:d2,5585,8,6362,11,-43,A,5c:62:8b:66:67:d2"
1791489474.976,"B,36377,10,b2:db:ca:e6:29:a6,28,1,0,0,-27,S,5c:62:8b:66:67:d2"
1791489474.976,"B,36377,10,72:3b:01:24:b7:c8,28,1,5585,8,-19,S,5c:62:8b:66:67:d2"
1791489475.180,"B,36477,10,46:88:44:6e:4f:e4,700,2,0,0,-26,S,5c:62:8b:66:67:d2"
1791489475.180,"B,36477,10,5c:62:8b:66:67:d2,700,2,728,3,-43,A,5c:62:8b:66:67:d2"
1791489475.180,"B,36477,10,b2:db:ca:e6:29:a6,28,1,0,0,-28,S,5c:62:8b:66:67:d2"
1791489475.180,"B,36477,10,72:3b:01:24:b7:c8,0,0,700,2,0,S,5c:62:8b:66:67:d2"
1791489475.180,"B,36577,10,46:88:44:6e:4f:e4,11205,14,0,0,-26,S,5c:62:8b:66:67:d2"
1791489475.180,"B,36577,10,5c:62:8b:66:67:d2,7129,12,11569,27,-43,A,5c:62:8b:66:67:d2"
1791489475.180,"B,36577,10,b2:db:ca:e6:29:a6,56,2,0,0,-28,S,5c:62:8b:66:67:d2"
1791489475.180,"B,36577,10,72:3b:01:24:b7:c8,308,11,7129,12,-19,S,5c:62:8b:66:67:d2"
1791489475.382,"B,36677,10,46:88:44:6e:4f:e4,8485,11,0,0,-26,S,5c:62:8b:66:67:d2"
1791489475.382,"B,36677,10,5c:62:8b:66:67:d2,3769,6,8569,14,-43,A,5c:62:8b:66:67:d2"
1791489475.382,"B,36677,10,b2:db:ca:e6:29:a6,28,1,0,0,-28,S,5c:62:8b:66:67:d2"
1791489475.382,"B,36677,10,72:3b:01:24:b7:c8,56,2,3769,6,-19,S,5c:62:8b:66:67:d2"
1791489475.382,"B,36777,10,46:88:44:6e:4f:e4,5343,8,0,0,-27,S,5c:62:8b:66:67:d2"
1791489475.382,"B,36777,10,5c:62:8b:66:67:d2,4272,6,5511,14,-43,A,5c:62:8b:66:67:d2"
1791489475.382,"B,36777,10,b2:db:ca:e6:29:a6,56,2,0,0,-27,S,5c:62:8b:66:67:d2"
1791489475.382,"B,36777,10,72:3b:01:24:b7:c8,112,4,4272,6,-19,S,5c:62:8b:66:67:d2"
1791489475.585,"B,36877,10,46:88:44:6e:4f:e4,5793,9,0,0,-27,S,5c:62:8b:66:67:d2"
1791489475.585,"B,36877,10,5c:62:8b:66:67:d2,5065,6,5933,14,-42,A,5c:62:8b:66:67:d2"
1791489475.585,"B,36877,10,b2:db:ca:e6:29:a6,56,2,0,0,-28,S,5c:62:8b:66:67:d2"
1791489475.585,"B,36877,10,72:3b:01:24:b7:c8,84,3,5065,6,-19,S,5c:62:8b:66:67:d2"
1791489475.585,"B,36977,10,46:88:44:6e:4f:e4,5105,7,0,0,-25,S,5c:62:8b:66:67:d2"
1791489475.585,"B,36977,10,5c:62:8b:66:67:d2,4384,6,5161,9,-42,A,5c:62:8b:66:67:d2"
1791489475.585,"B,36977,10,b2:db:ca:e6:29:a6,28,1,0,0,-28,S,5c:62:8b:66:67:d2"
1791489475.585,"B,36977,10,72:3b:01:24:b7:c8,28,1,4384,6,-19,S,5c:62:8b:66:67:d2"
1791489475.790,"B,37077,10,46:88:44:6e:4f:e4,1078,4,0,0,-25,S,5c:62:8b:66:67:d2"
1791489475.790,"B,37077,10,5c:62:8b:66:67:d2,6482,10,1218,9,-43,A,5c:62:8b:66:67:d2"
1791489475.790,"B,37077,10,b2:db:ca:e6:29:a6,56,2,0,0,-28,S,5c:62:8b:66:67:d2"
1791489475.790,"B,37077,10,72:3b:01:24:b7:c8,84,3,6482,10,-19,S,5c:62:8b:66:67:d2"
1791489475.790,"B,37177,10,78:8c:b5:f5:e7:26,0,0,30,1,-72,A,78:8c:b5:f5:e7:26"
1791489475.790,"B,37177,10,46:88:44:6e:4f:e4,5021,6,0,0,-26,S,5c:62:8b:66:67:d2"
1791489475.790,"B,37177,10,5c:62:8b:66:67:d2,5763,9,5161,11,-42,A,5c:62:8b:66:67:d2"
1791489475.790,"B,37177,10,b2:db:ca:e6:29:a6,56,2,0,0,-27,S,5c:62:8b:66:67:d2"
1791489475.790,"B,37177,10,72:3b:01:24:b7:c8,84,3,5763,9,-19,S,5c:62:8b:66:67:d2"
1791489475.790,"B,37177,10,a6:4c:bd:b6:c7:99,30,1,0,0,-90,S,78:8c:b5:f5:e7:26"
1791489475.995,"B,37277,10,46:88:44:6e:4f:e4,4877,7,0,0,-27,S,5c:62:8b:66:67:d2"
1791489475.995,"B,37277,10,5c:62:8b:66:67:d2,5882,13,4989,11,-42,A,5c:62:8b:66:67:d2"
1791489475.995,"B,37277,10,b2:db:ca:e6:29:a6,56,2,0,0,-27,S,5c:62:8b:66:67:d2"
1791489475.995,"B,37277,10,72:3b:01:24:b7:c8,56,2,5882,13,-19,S,5c:62:8b:66:67:d2"
1791489475.995,"B,37377,10,46:88:44:6e:4f:e4,10420,12,0,0,-27,S,5c:62:8b:66:67:d2"
1791489475.995,"B,37377,10,5c:62:8b:66:67:d2,350,1,10616,19,-45,A,5c:62:8b:66:67:d2"
1791489475.995,"B,37377,10,b2:db:ca:e6:29:a6,56,2,0,0,-27,S,5c:62:8b:66:67:d2"
1791489475.995,"B,37377,10,72:3b:01:24:b7:c8,140,5,350,1,-19,S,5c:62:8b:66:67:d2"
1791489476.199,"B,37477,10,78:8c:b5:f5:e7:26,0,0,30,1,-72,A,78:8c:b5:f5:e7:26"
1791489476.199,"B,37477,10,46:88:44:6e:4f:e4,4841,7,0,0,-27,S,5c:62:8b:66:67:d2"
1791489476.199,"B,37477,10,5c:62:8b:66:67:d2,0,0,4981,12,-46,A,5c:62:8b:66:67:d2"
1791489476.199,"B,37477,10,b2:db:ca:e6:29:a6,84,3,0,0,-28,S,5c:62:8b:66:67:d2"
1791489476.199,"B,37477,10,72:3b:01:24:b7:c8,56,2,0,0,-19,S,5c:62:8b:66:67:d2"
1791489476.199,"B,37477,10,a6:4c:bd:b6:c7:99,30,1,0,0,-89,S,78:8c:b5:f5:e7:26"
1791489476.199,"B,37577,10,46:88:44:6e:4f:e4,1078,4,0,0,-27,S,5c:62:8b:66:67:d2"
1791489476.199,"B,37577,10,5c:62:8b:66:67:d2,11953,18,1162,7,-43,A,5c:62:8b:66:67:d2"
1791489476.199,"B,37577,10,b2:db:ca:e6:29:a6,28,1,0,0,-28,S,5c:62:8b:66:67:d2"
1791489476.199,"B,37577,10,72:3b:01:24:b7:c8,56,2,11953,18,-19,S,5c:62:8b:66:67:d2"
1791489476.404,"B,37677,10,46:88:44:6e:4f:e4,4797,7,0,0,-26,S,5c:62:8b:66:67:d2"
1791489476.404,"B,37677,10,5c:62:8b:66:67:d2,350,1,4993,14,-44,A,5c:62:8b:66:67:d2"
1791489476.404,"B,37677,10,b2:db:ca:e6:29:a6,56,2,0,0,-29,S,5c:62:8b:66:67:d2"
1791489476.404,"B,37677,10,72:3b:01:24:b7:c8,140,5,350,1,-19,S,5c:62:8b:66:67:d2"
1791489476.404,"B,37777,10,46:88:44:6e:4f:e4,5127,7,0,0,-27,S,5c:62:8b:66:67:d2"
1791489476.404,"B,37777,10,5c:62:8b:66:67:d2,10856,13,5239,11,-43,A,5c:62:8b:66:67:d2"
1791489476.404,"B,37777,10,b2:db:ca:e6:29:a6,56,2,0,0,-27,S,5c:62:8b:66:67:d2"
1791489476.404,"B,37777,10,72:3b:01:24:b7:c8,56,2,10856,13,-19,S,5c:62:8b:66:67:d2"
1791489476.605,"B,37877,10,46:88:44:6e:4f:e4,5847,10,0,0,-26,S,5c:62:8b:66:67:d2"
1791489476.605,"B,37877,10,5c:62:8b:66:67:d2,0,0,6071,18,-45,A,5c:62:8b:66:67:d2"
1791489476.605,"B,37877,10,b2:db:ca:e6:29:a6,56,2,0,0,-28,S,5c:62:8b:66:67:d2"
1791489476.605,"B,37877,10,72:3b:01:24:b7:c8,168,6,0,0,-19,S,5c:62:8b:66:67:d2"
1791489476.605,"B,37977,10,46:88:44:6e:4f:e4,4817,7,0,0,-26,S,5c:62:8b:66:67:d2"
1791489476.605,"B,37977,10,5c:62:8b:66:67:d2,5991,12,4957,12,-43,A,5c:62:8b:66:67:d2"
1791489476.605,"B,37977,10,b2:db:ca:e6:29:a6,56,2,0,0,-28,S,5c:62:8b:66:67:d2"
1791489476.605,"B,37977,10,72:3b:01:24:b7:c8,84,3,5991,12,-19,S,5c:62:8b:66:67:d2"
1791489476.806,"B,38077,10,46:88:44:6e:4f:e4,4777,7,0,0,-27,S,5c:62:8b:66:67:d2"
1791489476.806,"B,38077,10,5c:62:8b:66:67:d2,0,0,4889,11,-46,A,5c:62:8b:66:67:d2"
1791489476.806,"B,38077,10,b2:db:ca:e6:29:a6,56,2,0,0,-29,S,5c:62:8b:66:67:d2"
1791489476.806,"B,38077,10,72:3b:01:24:b7:c8,56,2,0,0,-20,S,5c:62:8b:66:67:d2"
1791489476.806,"B,38077,10,38:d5:7a:f4:5a:37,60,2,0,0,-89,S,8a:ce:16:78:6f:dc"
1791489476.806,"B,38077,10,8a:ce:16:78:6f:dc,0,0,60,2,0,A,8a:ce:16:78:6f:dc"
1791489476.806,"B,38177,10,46:88:44:6e:4f:e4,4789,7,0,0,-26,S,5c:62:8b:66:67:d2"
1791489476.806,"B,38177,10,5c:62:8b:66:67:d2,700,2,4985,14,-43,A,5c:62:8b:66:67:d2"
1791489476.806,"B,38177,10,b2:db:ca:e6:29:a6,56,2,0,0,-29,S,5c:62:8b:66:67:d2"
1791489476.806,"B,38177,10,72:3b:01:24:b7:c8,140,5,700,2,-19,S,5c:62:8b:66:67:d2"
1791489477.006,"B,38277,10,46:88:44:6e:4f:e4,1938,7,138,1,-26,S,5c:62:8b:66:67:d2"
1791489477.006,"B,38277,10,5c:62:8b:66:67:d2,5249,8,1994,9,-43,A,5c:62:8b:66:67:d2"
1791489477.006,"B,38277,10,b2:db:ca:e6:29:a6,56,2,0,0,-29,S,5c:62:8b:66:67:d2"
1791489477.006,"B,38277,10,72:3b:01:24:b7:c8,0,0,5111,7,0,S,5c:62:8b:66:67:d2"
1791489477.006,"B,38377,10,46:88:44:6e:4f:e4,4933,7,0,0,-26,S,5c:62:8b:66:67:d2"
1791489477.006,"B,38377,10,5c:62:8b:66:67:d2,4905,6,5017,10,-42,A,5c:62:8b:66:67:d2"
1791489477.006,"B,38377,10,b2:db:ca:e6:29:a6,56,2,0,0,-29,S,5c:62:8b:66:67:d2"
1791489477.006,"B,38377,10,72:3b:01:24:b7:c8,28,1,4905,6,-19,S,5c:62:8b:66:67:d2"
1791489477.006,"B,38477,10,78:8c:b5:f5:e7:26,0,0,30,1,-72,A,78:8c:b5:f5:e7:26"
1791489477.006,"B,38477,10,46:88:44:6e:4f:e4,5335,8,0,0,-26,S,5c:62:8b:66:67:d2"
1791489477.006,"B,38477,10,5c:62:8b:66:67:d2,4405,4,5475,13,-42,A,5c:62:8b:66:67:d2"
1791489477.006,"B,38477,10,b2:db:ca:e6:29:a6,56,2,0,0,-29,S,5c:62:8b:66:67:d2"
1791489477.006,"B,38477,10,72:3b:01:24:b7:c8,84,3,4405,4,-19,S,5c:62:8b:66:67:d2"
1791489477.206,"B,38477,10,a6:4c:bd:b6:c7:99,30,1,0,0,-89,S,78:8c:b5:f5:e7:26"
1791489477.206,"B,38577,10,46:88:44:6e:4f:e4,5251,8,0,0,-26,S,5c:62:8b:66:67:d2"
1791489477.206,"B,38577,10,5c:62:8b:66:67:d2,1400,4,5419,14,-42,A,5c:62:8b:66:67:d2"
1791489477.206,"B,38577,10,b2:db:ca:e6:29:a6,56,2,0,0,-29,S,5c:62:8b:66:67:d2"
1791489477.206,"B,38577,10,72:3b:01:24:b7:c8,112,4,1400,4,-20,S,5c:62:8b:66:67:d2"
1791489477.407,"B,38677,10,46:88:44:6e:4f:e4,5331,8,0,0,-26,S,5c:62:8b:66:67:d2"
1791489477.407,"B,38677,10,5c:62:8b:66:67:d2,9826,12,5415,11,-42,A,5c:62:8b:66:67:d2"
1791489477.407,"B,38677,10,b2:db:ca:e6:29:a6,56,2,0,0,-28,S,5c:62:8b:66:67:d2"
1791489477.407,"B,38677,10,72:3b:01:24:b7:c8,28,1,9826,12,-20,S,5c:62:8b:66:67:d2"
1791489477.407,"B,38777,10,46:88:44:6e:4f:e4,5311,8,0,0,-27,S,5c:62:8b:66:67:d2"
1791489477.407,"B,38777,10,5c:62:8b:66:67:d2,5633,8,5479,14,-42,A,5c:62:8b:66:67:d2"
1791489477.407,"B,38777,10,72:3b:01:24:b7:c8,168,6,5633,8,-20,S,5c:62:8b:66:67:d2"
1791489477.407,"B,38877,10,46:88:44:6e:4f:e4,1050,3,0,0,-27,S,5c:62:8b:66:67:d2"
1791489477.407,"B,38877,10,5c:62:8b:66:67:d2,1050,3,1078,4,-42,A,5c:62:8b:66:67:d2"
1791489477.407,"B,38877,10,b2:db:ca:e6:29:a6,28,1,0,0,-29,S,5c:62:8b:66:67:d2"
1791489477.407,"B,38877,10,72:3b:01:24:b7:c8,0,0,1050,3,0,S,5c:62:8b:66:67:d2"
1791489477.607,"B,38977,10,46:88:44:6e:4f:e4,5271,8,0,0,-27,S,5c:62:8b:66:67:d2"
1791489477.607,"B,38977,10,5c:62:8b:66:67:d2,4893,6,5551,18,-42,A,5c:62:8b:66:67:d2"
1791489477.607,"B,38977,10,72:3b:01:24:b7:c8,280,10,4893,6,-19,S,5c:62:8b:66:67:d2"
1791489477.607,"B,39077,10,46:88:44:6e:4f:e4,6777,9,0,0,-26,S,5c:62:8b:66:67:d2"
1791489477.607,"B,39077,10,5c:62:8b:66:67:d2,5593,8,6833,11,-41,A,5c:62:8b:66:67:d2"
1791489477.607,"B,39077,10,b2:db:ca:e6:29:a6,28,1,0,0,-29,S,5c:62:8b:66:67:d2"
1791489477.607,"B,39077,10,72:3b:01:24:b7:c8,28,1,5593,8,-20,S,5c:62:8b:66:67:d2"
1791489477.807,"B,39177,10,78:8c:b5:f5:e7:26,0,0,60,2,-72,A,78:8c:b5:f5:e7:26"
1791489477.807,"B,39177,10,46:88:44:6e:4f:e4,5133,7,0,0,-26,S,5c:62:8b:66:67:d2"
1791489477.807,"B,39177,10,5c:62:8b:66:67:d2,5105,6,5189,9,-41,A,5c:62:8b:66:67:d2"
1791489477.807,"B,39177,10,b2:db:ca:e6:29:a6,56,2,0,0,-29,S,5c:62:8b:66:67:d2"
1791489477.807,"B,39177,10,72:3b:01:24:b7:c8,0,0,5105,6,0,S,5c:62:8b:66:67:d2"
1791489477.807,"B,39177,10,a6:4c:bd:b6:c7:99,60,2,0,0,-86,S,78:8c:b5:f5:e7:26"
1791489477.807,"B,39277,10,78:8c:b5:f5:e7:26,0,0,173,1,-72,A,78:8c:b5:f5:e7:26"
1791489477.807,"B,39277,10,46:88:44:6e:4f:e4,5255,8,0,0,-26,S,5c:62:8b:66:67:d2"
1791489477.807,"B,39277,10,5c:62:8b:66:67:d2,350,1,5451,15,-41,A,5c:62:8b:66:67:d2"
1791489477.807,"B,39277,10,b2:db:ca:e6:29:a6,56,2,0,0,-29,S,5c:62:8b:66:67:d2"
1791489478.007,"B,39277,10,72:3b:01:24:b7:c8,140,5,350,1,-20,S,5c:62:8b:66:67:d2"
1791489478.007,"B,39277,10,a6:4c:bd:b6:c7:99,173,1,0,0,-87,S,78:8c:b5:f5:e7:26"
1791489478.007,"B,39377,10,78:8c:b5:f5:e7:26,0,0,60,2,-71,A,78:8c:b5:f5:e7:26"
1791489478.007,"B,39377,10,46:88:44:6e:4f:e4,5951,10,0,0,-27,S,5c:62:8b:66:67:d2"
1791489478.007,"B,39377,10,5c:62:8b:66:67:d2,10768,17,6035,13,-41,A,5c:62:8b:66:67:d2"
1791489478.007,"B,39377,10,b2:db:ca:e6:29:a6,56,2,0,0,-27,S,5c:62:8b:66:67:d2"
1791489478.007,"B,39377,10,72:3b:01:24:b7:c8,28,1,10768,17,-20,S,5c:62:8b:66:67:d2"
1791489478.007,"B,39377,10,a6:4c:bd:b6:c7:99,60,2,0,0,-86,S,78:8c:b5:f5:e7:26"
1791489478.007,"B,39477,10,78:8c:b5:f5:e7:26,0,0,60,2,0,A,78:8c:b5:f5:e7:26"
1791489478.007,"B,39477,10,46:88:44:6e:4f:e4,1078,4,0,0,-27,S,5c:62:8b:66:67:d2"
1791489478.208,"B,39477,10,5c:62:8b:66:67:d2,1050,3,1134,6,-41,A,5c:62:8b:66:67:d2"
1791489478.208,"B,39477,10,b2:db:ca:e6:29:a6,56,2,0,0,-29,S,5c:62:8b:66:67:d2"
1791489478.208,"B,39477,10,72:3b:01:24:b7:c8,0,0,1050,3,0,S,5c:62:8b:66:67:d2"
1791489478.208,"B,39477,10,a6:4c:bd:b6:c7:99,60,2,0,0,-87,S,78:8c:b5:f5:e7:26"
1791489478.208,"B,39577,10,78:8c:b5:f5:e7:26,0,0,30,1,-72,A,78:8c:b5:f5:e7:26"
1791489478.208,"B,39577,10,46:88:44:6e:4f:e4,5243,7,0,0,-26,S,5c:62:8b:66:67:d2"
1791489478.208,"B,39577,10,5c:62:8b:66:67:d2,4893,6,5467,15,-41,A,5c:62:8b:66:67:d2"
1791489478.208,"B,39577,10,b2:db:ca:e6:29:a6,28,1,0,0,-28,S,5c:62:8b:66:67:d2"
1791489478.208,"B,39577,10,72:3b:01:24:b7:c8,196,7,4893,6,-19,S,5c:62:8b:66:67:d2"
1791489478.208,"B,39577,10,a6:4c:bd:b6:c7:99,30,1,0,0,-87,S,78:8c:b5:f5:e7:26"
1791489478.208,"B,39677,10,46:88:44:6e:4f:e4,5255,8,0,0,-27,S,5c:62:8b:66:67:d2"
1791489478.208,"B,39677,10,5c:62:8b:66:67:d2,5927,9,5339,11,-41,A,5c:62:8b:66:67:d2"
1791489478.408,"B,39677,10,b2:db:ca:e6:29:a6,56,2,0,0,-28,S,5c:62:8b:66:67:d2"
1791489478.408,"B,39677,10,72:3b:01:24:b7:c8,28,1,5927,9,-19,S,5c:62:8b:66:67:d2"
1791489478.408,"B,39777,10,46:88:44:6e:4f:e4,5263,8,0,0,-27,S,5c:62:8b:66:67:d2"
1791489478.408,"B,39777,10,5c:62:8b:66:67:d2,5235,7,5319,10,-41,A,5c:62:8b:66:67:d2"
1791489478.408,"B,39777,10,b2:db:ca:e6:29:a6,56,2,0,0,-29,S,5c:62:8b:66:67:d2"
1791489478.408,"B,39777,10,72:3b:01:24:b7:c8,0,0,5235,7,0,S,5c:62:8b:66:67:d2"
1791489478.408,"B,39877,10,46:88:44:6e:4f:e4,5371,8,0,0,-27,S,5c:62:8b:66:67:d2"
1791489478.408,"B,39877,10,5c:62:8b:66:67:d2,4993,6,5567,15,-41,A,5c:62:8b:66:67:d2"
1791489478.609,"B,39877,10,b2:db:ca:e6:29:a6,28,1,0,0,-28,S,5c:62:8b:66:67:d2"
1791489478.609,"B,39877,10,72:3b:01:24:b7:c8,168,6,4993,6,-19,S,5c:62:8b:66:67:d2"
1791489478.609,"B,39977,10,46:88:44:6e:4f:e4,6857,9,0,0,-27,S,5c:62:8b:66:67:d2"
1791489478.609,"B,39977,10,5c:62:8b:66:67:d2,6829,8,6885,10,-41,A,5c:62:8b:66:67:d2"
1791489478.609,"B,39977,10,b2:db:ca:e6:29:a6,28,1,0,0,-25,S,5c:62:8b:66:67:d2"
1791489478.609,"B,39977,10,72:3b:01:24:b7:c8,0,0,6829,8,0,S,5c:62:8b:66:67:d2"
1791489478.609,"B,40077,10,46:88:44:6e:4f:e4,1078,4,0,0,-27,S,5c:62:8b:66:67:d2"
1791489478.609,"B,40077,10,5c:62:8b:66:67:d2,1050,3,1190,8,-42,A,5c:62:8b:66:67:d2"
1791489478.609,"B,40077,10,b2:db:ca:e6:29:a6,28,1,0,0,-27,S,5c:62:8b:66:67:d2"
1791489478.609,"B,40077,10,72:3b:01:24:b7:c8,84,3,1050,3,-19,S,5c:62:8b:66:67:d2"
1791489478.809,"I,40109,stat,rx=7193,drops=0,ch=10,bin=100,hop=0,heap=203064"
1791489478.809,"B,40177,10,46:88:44:6e:4f:e4,7759,10,0,0,-27,S,5c:62:8b:66:67:d2"
1791489478.809,"B,40177,10,5c:62:8b:66:67:d2,5323,7,7843,13,-42,A,5c:62:8b:66:67:d2"
1791489478.809,"B,40177,10,b2:db:ca:e6:29:a6,56,2,0,0,-26,S,5c:62:8b:66:67:d2"
1791489478.809,"B,40177,10,72:3b:01:24:b7:c8,28,1,5323,7,-19,S,5c:62:8b:66:67:d2"
1791489478.809,"B,40277,10,46:88:44:6e:4f:e4,5411,8,0,0,-26,S,5c:62:8b:66:67:d2"
1791489478.809,"B,40277,10,5c:62:8b:66:67:d2,5733,8,5467,10,-42,A,5c:62:8b:66:67:d2"
1791489478.809,"B,40277,10,b2:db:ca:e6:29:a6,28,1,0,0,-27,S,5c:62:8b:66:67:d2"
1791489478.809,"B,40277,10,72:3b:01:24:b7:c8,28,1,5733,8,-19,S,5c:62:8b:66:67:d2"
1791489479.010,"B,40377,10,46:88:44:6e:4f:e4,5511,8,0,0,-25,S,5c:62:8b:66:67:d2"
1791489479.010,"B,40377,10,5c:62:8b:66:67:d2,6183,9,5595,11,-42,A,5c:62:8b:66:67:d2"
1791489479.010,"B,40377,10,b2:db:ca:e6:29:a6,28,1,0,0,-30,S,5c:62:8b:66:67:d2"
1791489479.010,"B,40377,10,72:3b:01:24:b7:c8,56,2,6183,9,-19,S,5c:62:8b:66:67:d2"
1791489479.010,"B,40477,10,46:88:44:6e:4f:e4,5527,8,0,0,-27,S,5c:62:8b:66:67:d2"
1791489479.010,"B,40477,10,5c:62:8b:66:67:d2,5149,6,5667,13,-42,A,5c:62:8b:66:67:d2"
1791489479.010,"B,40477,10,b2:db:ca:e6:29:a6,56,2,0,0,-28,S,5c:62:8b:66:67:d2"
1791489479.010,"B,40477,10,72:3b:01:24:b7:c8,84,3,5149,6,-19,S,5c:62:8b:66:67:d2"
1791489479.211,"B,40577,10,46:88:44:6e:4f:e4,5591,8,0,0,-26,S,5c:62:8b:66:67:d2"
1791489479.211,"B,40577,10,5c:62:8b:66:67:d2,3820,4,5955,21,-43,A,5c:62:8b:66:67:d2"
1791489479.211,"B,40577,10,b2:db:ca:e6:29:a6,56,2,0,0,-27,S,5c:62:8b:66:67:d2"
1791489479.211,"B,40577,10,72:3b:01:24:b7:c8,308,11,3820,4,-19,S,5c:62:8b:66:67:d2"
1791489479.211,"B,40677,10,46:88:44:6e:4f:e4,1750,5,0,0,-26,S,5c:62:8b:66:67:d2"
1791489479.211,"B,40677,10,5c:62:8b:66:67:d2,700,2,1946,12,-43,A,5c:62:8b:66:67:d2"
1791489479.211,"B,40677,10,b2:db:ca:e6:29:a6,28,1,0,0,-30,S,5c:62:8b:66:67:d2"
1791489479.211,"B,40677,10,72:3b:01:24:b7:c8,168,6,700,2,-19,S,5c:62:8b:66:67:d2"
1791489479.412,"B,40777,10,78:8c:b5:f5:e7:26,0,0,30,1,-71,A,78:8c:b5:f5:e7:26"
1791489479.412,"B,40777,10,46:88:44:6e:4f:e4,5633,9,0,0,-25,S,5c:62:8b:66:67:d2"
1791489479.412,"B,40777,10,5c:62:8b:66:67:d2,4062,5,5801,15,-42,A,5c:62:8b:66:67:d2"
1791489479.412,"B,40777,10,b2:db:ca:e6:29:a6,140,5,0,0,-28,S,5c:62:8b:66:67:d2"
1791489479.412,"B,40777,10,72:3b:01:24:b7:c8,28,1,4062,5,-19,S,5c:62:8b:66:67:d2"
1791489479.412,"B,40777,10,a6:4c:bd:b6:c7:99,30,1,0,0,-89,S,78:8c:b5:f5:e7:26"
1791489479.412,"B,40877,10,46:88:44:6e:4f:e4,7489,9,0,0,-26,S,5c:62:8b:66:67:d2"
1791489479.412,"B,40877,10,5c:62:8b:66:67:d2,5159,7,7573,12,-43,A,5c:62:8b:66:67:d2"
1791489479.412,"B,40877,10,b2:db:ca:e6:29:a6,56,2,0,0,-27,S,5c:62:8b:66:67:d2"
1791489479.412,"B,40877,10,72:3b:01:24:b7:c8,28,1,5159,7,-19,S,5c:62:8b:66:67:d2"
1791489479.615,"B,40977,10,46:88:44:6e:4f:e4,5081,7,0,0,-26,S,5c:62:8b:66:67:d2"
1791489479.615,"B,40977,10,5c:62:8b:66:67:d2,5403,7,5193,11,-43,A,5c:62:8b:66:67:d2"
1791489479.615,"B,40977,10,b2:db:ca:e6:29:a6,28,1,0,0,-28,S,5c:62:8b:66:67:d2"
1791489479.615,"B,40977,10,72:3b:01:24:b7:c8,84,3,5403,7,-19,S,5c:62:8b:66:67:d2"
1791489479.615,"B,41077,10,46:88:44:6e:4f:e4,5105,7,0,0,-26,S,5c:62:8b:66:67:d2"
1791489479.615,"B,41077,10,5c:62:8b:66:67:d2,4727,5,5329,15,-43,A,5c:62:8b:66:67:d2"
1791489479.615,"B,41077,10,72:3b:01:24:b7:c8,224,8,4727,5,-20,S,5c:62:8b:66:67:d2"
1791489479.817,"M,41116,slot,4,0"
1791489479.817,"B,41177,10,46:88:44:6e:4f:e4,10247,12,0,0,-26,S,5c:62:8b:66:67:d2"
1791489479.817,"B,41177,10,5c:62:8b:66:67:d2,4360,6,10611,25,-44,A,5c:62:8b:66:67:d2"
1791489479.817,"B,41177,10,72:3b:01:24:b7:c8,364,13,4360,6,-20,S,5c:62:8b:66:67:d2"
1791489479.817,"B,41277,10,78:8c:b5:f5:e7:26,0,0,30,1,-73,A,78:8c:b5:f5:e7:26"
1791489479.817,"B,41277,10,46:88:44:6e:4f:e4,1750,5,0,0,-26,S,5c:62:8b:66:67:d2"
1791489479.817,"B,41277,10,5c:62:8b:66:67:d2,1400,4,1778,6,-44,A,5c:62:8b:66:67:d2"
1791489479.817,"B,41277,10,b2:db:ca:e6:29:a6,28,1,0,0,-28,S,5c:62:8b:66:67:d2"
1791489479.817,"B,41277,10,72:3b:01:24:b7:c8,0,0,1400,4,0,S,5c:62:8b:66:67:d2"
1791489479.817,"B,41277,10,a6:4c:bd:b6:c7:99,30,1,0,0,-87,S,78:8c:b5:f5:e7:26"
1791489480.021,"B,41377,10,46:88:44:6e:4f:e4,8979,11,0,0,-27,S,5c:62:8b:66:67:d2"
1791489480.021,"B,41377,10,5c:62:8b:66:67:d2,4707,5,9231,20,-44,A,5c:62:8b:66:67:d2"
1791489480.021,"B,41377,10,b2:db:ca:e6:29:a6,56,2,0,0,-28,S,5c:62:8b:66:67:d2"
1791489480.021,"B,41377,10,72:3b:01:24:b7:c8,196,7,4707,5,-20,S,5c:62:8b:66:67:d2"
1791489480.021,"B,41477,10,46:88:44:6e:4f:e4,5801,9,0,0,-27,S,5c:62:8b:66:67:d2"
1791489480.021,"B,41477,10,5c:62:8b:66:67:d2,350,1,5941,14,-45,A,5c:62:8b:66:67:d2"
1791489480.021,"B,41477,10,b2:db:ca:e6:29:a6,56,2,0,0,-28,S,5c:62:8b:66:67:d2"
1791489480.021,"B,41477,10,72:3b:01:24:b7:c8,84,3,350,1,-20,S,5c:62:8b:66:67:d2"
1791489480.226,"B,41577,10,78:8c:b5:f5:e7:26,80,1,0,0,-77,A,78:8c:b5:f5:e7:26"
1791489480.226,"B,41577,10,46:88:44:6e:4f:e4,8194,10,0,0,-27,S,5c:62:8b:66:67:d2"
1791489480.226,"B,41577,10,5c:62:8b:66:67:d2,10110,12,8250,12,-43,A,5c:62:8b:66:67:d2"
1791489480.226,"B,41577,10,b2:db:ca:e6:29:a6,56,2,0,0,-27,S,5c:62:8b:66:67:d2"
1791489480.226,"B,41577,10,72:3b:01:24:b7:c8,0,0,10110,12,0,S,5c:62:8b:66:67:d2"
1791489480.226,"B,41677,10,46:88:44:6e:4f:e4,5093,7,0,0,-26,S,5c:62:8b:66:67:d2"
1791489480.226,"B,41677,10,5c:62:8b:66:67:d2,700,2,5373,17,-44,A,5c:62:8b:66:67:d2"
1791489480.226,"B,41677,10,b2:db:ca:e6:29:a6,84,3,0,0,-27,S,5c:62:8b:66:67:d2"
1791489480.226,"B,41677,10,72:3b:01:24:b7:c8,196,7,700,2,-20,S,5c:62:8b:66:67:d2"
1791489480.428,"B,41777,10,46:88:44:6e:4f:e4,5407,8,0,0,-26,S,5c:62:8b:66:67:d2"
1791489480.428,"B,41777,10,5c:62:8b:66:67:d2,0,0,5519,12,-46,A,5c:62:8b:66:67:d2"
1791489480.428,"B,41777,10,b2:db:ca:e6:29:a6,28,1,0,0,-27,S,5c:62:8b:66:67:d2"
1791489480.428,"B,41777,10,72:3b:01:24:b7:c8,84,3,0,0,-31,S,5c:62:8b:66:67:d2"
1791489480.428,"B,41877,10,46:88:44:6e:4f:e4,1050,3,0,0,-27,S,5c:62:8b:66:67:d2"
1791489480.428,"B,41877,10,5c:62:8b:66:67:d2,10794,14,1134,6,-43,A,5c:62:8b:66:67:d2"
1791489480.428,"B,41877,10,b2:db:ca:e6:29:a6,56,2,0,0,-27,S,5c:62:8b:66:67:d2"
1791489480.428,"B,41877,10,72:3b:01:24:b7:c8,28,1,10794,14,-52,S,5c:62:8b:66:67:d2"
1791489480.629,"B,41977,10,78:8c:b5:f5:e7:26,0,0,163,1,-72,A,78:8c:b5:f5:e7:26"
1791489480.629,"B,41977,10,46:88:44:6e:4f:e4,5101,7,0,0,-26,S,5c:62:8b:66:67:d2"
1791489480.629,"B,41977,10,5c:62:8b:66:67:d2,4373,4,5353,16,-43,A,5c:62:8b:66:67:d2"
1791489480.629,"B,41977,10,b2:db:ca:e6:29:a6,56,2,0,0,-28,S,5c:62:8b:66:67:d2"
1791489480.629,"B,41977,10,72:3b:01:24:b7:c8,196,7,4373,4,-20,S,5c:62:8b:66:67:d2"
1791489480.629,"B,41977,10,a6:4c:bd:b6:c7:99,163,1,0,0,-86,S,78:8c:b5:f5:e7:26"
1791489480.629,"B,42077,10,46:88:44:6e:4f:e4,5097,7,0,0,-27,S,5c:62:8b:66:67:d2"
1791489480.629,"B,42077,10,5c:62:8b:66:67:d2,5769,8,5153,9,-43,A,5c:62:8b:66:67:d2"
1791489480.629,"B,42077,10,b2:db:ca:e6:29:a6,28,1,0,0,-27,S,5c:62:8b:66:67:d2"
1791489480.629,"B,42077,10,72:3b:01:24:b7:c8,28,1,5769,8,-20,S,5c:62:8b:66:67:d2"
1791489480.832,"B,42177,10,46:88:44:6e:4f:e4,4755,6,0,0,-27,S,5c:62:8b:66:67:d2"
1791489480.832,"B,42177,10,5c:62:8b:66:67:d2,5077,6,4755,6,-44,A,5c:62:8b:66:67:d2"
1791489480.832,"B,42177,10,72:3b:01:24:b7:c8,0,0,5077,6,0,S,5c:62:8b:66:67:d2"
1791489480.832,"B,42277,10,46:88:44:6e:4f:e4,5101,7,0,0,-27,S,5c:62:8b:66:67:d2"
1791489480.832,"B,42277,10,5c:62:8b:66:67:d2,9901,12,5213,11,-43,A,5c:62:8b:66:67:d2"
1791489480.832,"B,42277,10,72:3b:01:24:b7:c8,112,4,9901,12,-20,S,5c:62:8b:66:67:d2"
1791489481.038,"B,42377,10,46:88:44:6e:4f:e4,5105,7,0,0,-28,S,5c:62:8b:66:67:d2"
1791489481.038,"B,42377,10,5c:62:8b:66:67:d2,10069,14,5105,7,-43,A,5c:62:8b:66:67:d2"
1791489481.038,"B,42377,10,72:3b:01:24:b7:c8,0,0,10069,14,0,S,5c:62:8b:66:67:d2"
1791489481.038,"B,42477,10,46:88:44:6e:4f:e4,1078,4,0,0,-28,S,5c:62:8b:66:67:d2"
1791489481.038,"B,42477,10,5c:62:8b:66:67:d2,1050,3,1190,8,-44,A,5c:62:8b:66:67:d2"
1791489481.038,"B,42477,10,72:3b:01:24:b7:c8,112,4,1050,3,-20,S,5c:62:8b:66:67:d2"
1791489481.241,"B,42577,10,46:88:44:6e:4f:e4,5609,8,0,0,-28,S,5c:62:8b:66:67:d2"
1791489481.241,"B,42577,10,5c:62:8b:66:67:d2,5883,8,5693,11,-44,A,5c:62:8b:66:67:d2"
1791489481.241,"B,42577,10,72:3b:01:24:b7:c8,84,3,5883,8,-20,S,5c:62:8b:66:67:d2"
1791489481.241,"B,42677,10,46:88:44:6e:4f:e4,4070,6,0,0,-28,S,5c:62:8b:66:67:d2"
1791489481.241,"B,42677,10,5c:62:8b:66:67:d2,5435,7,4098,7,-44,A,5c:62:8b:66:67:d2"
1791489481.241,"B,42677,10,72:3b:01:24:b7:c8,28,1,5435,7,-20,S,5c:62:8b:66:67:d2"
1791489481.444,"B,42777,10,46:88:44:6e:4f:e4,5419,8,0,0,-28,S,5c:62:8b:66:67:d2"
1791489481.444,"B,42777,10,5c:62:8b:66:67:d2,4642,6,5419,8,-45,A,5c:62:8b:66:67:d2"
1791489481.444,"B,42777,10,72:3b:01:24:b7:c8,0,0,4642,6,0,S,5c:62:8b:66:67:d2"
1791489481.444,"B,42877,10,46:88:44:6e:4f:e4,6164,9,0,0,-28,S,5c:62:8b:66:67:d2"
1791489481.444,"B,42877,10,5c:62:8b:66:67:d2,6604,6,6164,9,-45,A,5c:62:8b:66:67:d2"
1791489481.444,"B,42877,10,72:3b:01:24:b7:c8,0,0,6604,6,0,S,5c:62:8b:66:67:d2"
1791489481.647,"B,42977,10,78:8c:b5:f5:e7:26,0,0,60,2,-73,A,78:8c:b5:f5:e7:26"
1791489481.647,"B,42977,10,46:88:44:6e:4f:e4,5113,7,0,0,-27,S,5c:62:8b:66:67:d2"
1791489481.647,"B,42977,10,5c:62:8b:66:67:d2,5435,7,5253,12,-45,A,5c:62:8b:66:67:d2"
1791489481.647,"B,42977,10,b2:db:ca:e6:29:a6,84,3,0,0,-27,S,5c:62:8b:66:67:d2"
1791489481.647,"B,42977,10,72:3b:01:24:b7:c8,56,2,5435,7,-21,S,5c:62:8b:66:67:d2"
1791489481.647,"B,42977,10,a6:4c:bd:b6:c7:99,60,2,0,0,-85,S,78:8c:b5:f5:e7:26"
1791489481.647,"B,43077,10,46:88:44:6e:4f:e4,1078,4,0,0,-26,S,5c:62:8b:66:67:d2"
1791489481.647,"B,43077,10,5c:62:8b:66:67:d2,700,2,1246,10,-46,A,5c:62:8b:66:67:d2"
1791489481.647,"B,43077,10,72:3b:01:24:b7:c8,168,6,700,2,-20,S,5c:62:8b:66:67:d2"
1791489481.852,"B,43177,10,46:88:44:6e:4f:e4,5037,6,0,0,-28,S,5c:62:8b:66:67:d2"
1791489481.852,"B,43177,10,5c:62:8b:66:67:d2,5387,7,5261,14,-46,A,5c:62:8b:66:67:d2"
1791489481.852,"B,43177,10,b2:db:ca:e6:29:a6,84,3,0,0,-28,S,5c:62:8b:66:67:d2"
1791489481.852,"B,43177,10,72:3b:01:24:b7:c8,140,5,5387,7,-21,S,5c:62:8b:66:67:d2"
1791489481.852,"B,43277,10,46:88:44:6e:4f:e4,5085,7,0,0,-27,S,5c:62:8b:66:67:d2"
1791489481.852,"B,43277,10,5c:62:8b:66:67:d2,5057,6,5309,15,-46,A,5c:62:8b:66:67:d2"
1791489481.852,"B,43277,10,b2:db:ca:e6:29:a6,112,4,0,0,-27,S,5c:62:8b:66:67:d2"
1791489481.852,"B,43277,10,72:3b:01:24:b7:c8,112,4,5057,6,-21,S,5c:62:8b:66:67:d2"
1791489482.054,"B,43377,10,46:88:44:6e:4f:e4,5455,8,0,0,-28,S,5c:62:8b:66:67:d2"
1791489482.054,"B,43377,10,5c:62:8b:66:67:d2,0,0,5595,13,-48,A,5c:62:8b:66:67:d2"
1791489482.054,"B,43377,10,b2:db:ca:e6:29:a6,56,2,0,0,-27,S,5c:62:8b:66:67:d2"
1791489482.054,"B,43377,10,72:3b:01:24:b7:c8,84,3,0,0,-21,S,5c:62:8b:66:67:d2"
1791489482.054,"B,43477,10,46:88:44:6e:4f:e4,5097,7,0,0,-28,S,5c:62:8b:66:67:d2"
1791489482.054,"B,43477,10,5c:62:8b:66:67:d2,6127,9,5265,13,-46,A,5c:62:8b:66:67:d2"
1791489482.054,"B,43477,10,b2:db:ca:e6:29:a6,56,2,0,0,-27,S,5c:62:8b:66:67:d2"
1791489482.054,"B,43477,10,72:3b:01:24:b7:c8,112,4,6127,9,-21,S,5c:62:8b:66:67:d2"
1791489482.257,"B,43577,10,46:88:44:6e:4f:e4,6116,8,0,0,-28,S,5c:62:8b:66:67:d2"
1791489482.257,"B,43577,10,5c:62:8b:66:67:d2,5069,6,6312,15,-46,A,5c:62:8b:66:67:d2"
1791489482.257,"B,43577,10,b2:db:ca:e6:29:a6,56,2,0,0,-26,S,5c:62:8b:66:67:d2"
1791489482.257,"B,43577,10,72:3b:01:24:b7:c8,140,5,5069,6,-21,S,5c:62:8b:66:67:d2"
1791489482.257,"B,43577,10,38:d5:7a:f4:5a:37,30,1,0,0,-86,S,8a:ce:16:78:6f:dc"
1791489482.257,"B,43577,10,8a:ce:16:78:6f:dc,0,0,30,1,0,A,8a:ce:16:78:6f:dc"
1791489482.257,"B,43677,10,78:8c:b5:f5:e7:26,0,0,30,1,-74,A,78:8c:b5:f5:e7:26"
1791489482.257,"B,43677,10,46:88:44:6e:4f:e4,1050,3,0,0,-28,S,5c:62:8b:66:67:d2"
1791489482.257,"B,43677,10,5c:62:8b:66:67:d2,5501,8,1106,5,-46,A,5c:62:8b:66:67:d2"
1791489482.257,"B,43677,10,b2:db:ca:e6:29:a6,56,2,0,0,-29,S,5c:62:8b:66:67:d2"
1791489482.257,"B,43677,10,72:3b:01:24:b7:c8,0,0,5501,8,0,S,5c:62:8b:66:67:d2"
1791489482.257,"B,43677,10,a6:4c:bd:b6:c7:99,30,1,0,0,-87,S,78:8c:b5:f5:e7:26"
1791489482.460,"B,43777,10,78:8c:b5:f5:e7:26,92,1,0,0,-85,A,78:8c:b5:f5:e7:26"
1791489482.460,"B,43777,10,46:88:44:6e:4f:e4,5195,8,122,1,-28,S,5c:62:8b:66:67:d2"
1791489482.460,"B,43777,10,5c:62:8b:66:67:d2,5519,7,5251,10,-46,A,5c:62:8b:66:67:d2"
1791489482.460,"B,43777,10,b2:db:ca:e6:29:a6,28,1,0,0,-28,S,5c:62:8b:66:67:d2"
1791489482.460,"B,43777,10,72:3b:01:24:b7:c8,28,1,5397,6,-21,S,5c:62:8b:66:67:d2"
1791489482.460,"B,43877,10,78:8c:b5:f5:e7:26,0,0,90,3,-74,A,78:8c:b5:f5:e7:26"
1791489482.460,"B,43877,10,46:88:44:6e:4f:e4,2584,5,332,2,-28,S,5c:62:8b:66:67:d2"
1791489482.460,"B,43877,10,5c:62:8b:66:67:d2,5996,11,2808,13,-45,A,5c:62:8b:66:67:d2"
1791489482.460,"B,43877,10,b2:db:ca:e6:29:a6,140,5,0,0,-28,S,5c:62:8b:66:67:d2"
1791489482.460,"B,43877,10,72:3b:01:24:b7:c8,84,3,5664,9,-20,S,5c:62:8b:66:67:d2"
1791489482.460,"B,43877,10,a6:4c:bd:b6:c7:99,90,3,0,0,-85,S,78:8c:b5:f5:e7:26"
1791489482.666,"B,43977,10,78:8c:b5:f5:e7:26,0,0,342,3,-73,A,78:8c:b5:f5:e7:26"
1791489482.666,"B,43977,10,46:88:44:6e:4f:e4,5077,7,0,0,-28,S,5c:62:8b:66:67:d2"
1791489482.666,"B,43977,10,5c:62:8b:66:67:d2,5049,6,5105,8,-45,A,5c:62:8b:66:67:d2"
1791489482.666,"B,43977,10,b2:db:ca:e6:29:a6,28,1,0,0,-29,S,5c:62:8b:66:67:d2"
1791489482.666,"B,43977,10,72:3b:01:24:b7:c8,0,0,5049,6,0,S,5c:62:8b:66:67:d2"
1791489482.666,"B,43977,10,a6:4c:bd:b6:c7:99,342,3,0,0,-87,S,78:8c:b5:f5:e7:26"
1791489482.666,"B,44077,10,46:88:44:6e:4f:e4,5175,8,0,0,-28,S,5c:62:8b:66:67:d2"
1791489482.666,"B,44077,10,5c:62:8b:66:67:d2,1050,3,5287,12,-45,A,5c:62:8b:66:67:d2"
1791489482.666,"B,44077,10,b2:db:ca:e6:29:a6,84,3,0,0,-28,S,5c:62:8b:66:67:d2"
1791489482.666,"B,44077,10,72:3b:01:24:b7:c8,28,1,1050,3,-21,S,5c:62:8b:66:67:d2"
1791489482.870,"B,44177,10,78:8c:b5:f5:e7:26,0,0,90,3,-74,A,78:8c:b5:f5:e7:26"
1791489482.870,"B,44177,10,46:88:44:6e:4f:e4,1551,6,0,0,-27,S,5c:62:8b:66:67:d2"
1791489482.870,"B,44177,10,5c:62:8b:66:67:d2,5403,7,1635,9,-45,A,5c:62:8b:66:67:d2"
1791489482.870,"B,44177,10,b2:db:ca:e6:29:a6,28,1,0,0,-28,S,5c:62:8b:66:67:d2"
1791489482.870,"B,44177,10,72:3b:01:24:b7:c8,56,2,5403,7,-21,S,5c:62:8b:66:67:d2"
1791489482.870,"B,44177,10,a6:4c:bd:b6:c7:99,90,3,0,0,-85,S,78:8c:b5:f5:e7:26"
1791489482.870,"B,44277,10,78:8c:b5:f5:e7:26,0,0,30,1,-74,A,78:8c:b5:f5:e7:26"
1791489482.870,"B,44277,10,46:88:44:6e:4f:e4,5467,8,0,0,-26,S,5c:62:8b:66:67:d2"
1791489482.870,"B,44277,10,5c:62:8b:66:67:d2,3599,5,5467,8,-45,A,5c:62:8b:66:67:d2"
1791489482.870,"B,44277,10,72:3b:01:24:b7:c8,0,0,3599,5,0,S,5c:62:8b:66:67:d2"
1791489482.870,"B,44277,10,a6:4c:bd:b6:c7:99,30,1,0,0,-86,S,78:8c:b5:f5:e7:26"
1791489483.070,"B,44377,10,78:8c:b5:f5:e7:26,0,0,30,1,-74,A,78:8c:b5:f5:e7:26"
1791489483.070,"B,44377,10,46:88:44:6e:4f:e4,5369,9,0,0,-26,S,5c:62:8b:66:67:d2"
1791489483.070,"B,44377,10,5c:62:8b:66:67:d2,4873,6,5565,16,-44,A,5c:62:8b:66:67:d2"
1791489483.070,"B,44377,10,b2:db:ca:e6:29:a6,56,2,0,0,-29,S,5c:62:8b:66:67:d2"
1791489483.070,"B,44377,10,72:3b:01:24:b7:c8,140,5,4873,6,-20,S,5c:62:8b:66:67:d2"
1791489483.070,"B,44377,10,a6:4c:bd:b6:c7:99,30,1,0,0,-87,S,78:8c:b5:f5:e7:26"
1791489483.070,"B,44477,10,78:8c:b5:f5:e7:26,0,0,30,1,0,A,78:8c:b5:f5:e7:26"
1791489483.070,"B,44477,10,46:88:44:6e:4f:e4,5342,8,615,5,-27,S,5c:62:8b:66:67:d2"
1791489483.070,"B,44477,10,5c:62:8b:66:67:d2,11403,20,5510,14,-44,A,5c:62:8b:66:67:d2"
1791489483.070,"B,44477,10,b2:db:ca:e6:29:a6,28,1,0,0,-29,S,5c:62:8b:66:67:d2"
1791489483.070,"B,44477,10,72:3b:01:24:b7:c8,140,5,10788,15,-22,S,5c:62:8b:66:67:d2"
1791489483.070,"B,44477,10,a6:4c:bd:b6:c7:99,30,1,0,0,-86,S,78:8c:b5:f5:e7:26"
1791489483.272,"B,44577,10,78:8c:b5:f5:e7:26,92,1,28,1,-85,A,78:8c:b5:f5:e7:26"
1791489483.272,"B,44577,10,46:88:44:6e:4f:e4,5279,8,0,0,-26,S,5c:62:8b:66:67:d2"
1791489483.272,"B,44577,10,5c:62:8b:66:67:d2,5251,7,5307,9,-44,A,5c:62:8b:66:67:d2"
1791489483.272,"B,44577,10,b2:db:ca:e6:29:a6,28,1,0,0,-30,S,5c:62:8b:66:67:d2"
1791489483.272,"B,44577,10,72:3b:01:24:b7:c8,0,0,5251,7,0,S,5c:62:8b:66:67:d2"
1791489483.272,"B,44577,10,b0:a7:b9:23:82:ee,0,0,28,1,-86,A,b0:a7:b9:23:82:ee"
1791489483.272,"B,44577,10,8a:ce:16:78:6f:dc,30,1,0,0,-91,A,8a:ce:16:78:6f:dc"
1791489483.272,"B,44577,10,00:08:22:24:d6:fb,28,1,0,0,-81,S,78:8c:b5:f5:e7:26"
1791489483.272,"B,44577,10,e2:5e:2c:92:7b:df,28,1,0,0,-89,S,b0:a7:b9:23:82:ee"
1791489483.272,"B,44577,10,d2:cf:53:d5:b8:26,0,0,30,1,0,S,8a:ce:16:78:6f:dc"
1791489483.272,"B,44677,10,78:8c:b5:f5:e7:26,0,0,30,1,-75,A,78:8c:b5:f5:e7:26"
1791489483.272,"B,44677,10,46:88:44:6e:4f:e4,5291,7,0,0,-27,S,5c:62:8b:66:67:d2"
1791489483.272,"B,44677,10,5c:62:8b:66:67:d2,1050,3,5431,12,-44,A,5c:62:8b:66:67:d2"
1791489483.272,"B,44677,10,b2:db:ca:e6:29:a6,56,2,0,0,-29,S,5c:62:8b:66:67:d2"
1791489483.272,"B,44677,10,72:3b:01:24:b7:c8,84,3,1050,3,-20,S,5c:62:8b:66:67:d2"
1791489483.272,"B,44677,10,b0:a7:b9:23:82:ee,0,0,28,1,-87,A,b0:a7:b9:23:82:ee"
1791489483.272,"B,44677,10,a6:4c:bd:b6:c7:99,30,1,0,0,-86,S,78:8c:b5:f5:e7:26"
1791489483.272,"B,44677,10,e2:5e:2c:92:7b:df,28,1,0,0,-91,S,b0:a7:b9:23:82:ee"
1791489483.473,"B,44777,10,46:88:44:6e:4f:e4,3171,8,0,0,-27,S,5c:62:8b:66:67:d2"
1791489483.473,"B,44777,10,5c:62:8b:66:67:d2,0,0,3283,12,-46,A,5c:62:8b:66:67:d2"
1791489483.473,"B,44777,10,b2:db:ca:e6:29:a6,56,2,0,0,-29,S,5c:62:8b:66:67:d2"
1791489483.473,"B,44777,10,72:3b:01:24:b7:c8,56,2,0,0,-20,S,5c:62:8b:66:67:d2"
1791489483.473,"B,44877,10,78:8c:b5:f5:e7:26,0,0,30,1,0,A,78:8c:b5:f5:e7:26"
1791489483.473,"B,44877,10,46:88:44:6e:4f:e4,5306,9,200,2,-28,S,5c:62:8b:66:67:d2"
1791489483.473,"B,44877,10,5c:62:8b:66:67:d2,12296,17,5362,11,-43,A,5c:62:8b:66:67:d2"
1791489483.473,"B,44877,10,b2:db:ca:e6:29:a6,28,1,0,0,-29,S,5c:62:8b:66:67:d2"
1791489483.473,"B,44877,10,72:3b:01:24:b7:c8,28,1,12096,15,-21,S,5c:62:8b:66:67:d2"
1791489483.473,"B,44877,10,a6:4c:bd:b6:c7:99,30,1,0,0,-86,S,78:8c:b5:f5:e7:26"
1791489483.676,"B,44977,10,46:88:44:6e:4f:e4,5387,8,0,0,-28,S,5c:62:8b:66:67:d2"
1791489483.676,"B,44977,10,5c:62:8b:66:67:d2,5009,6,5499,12,-44,A,5c:62:8b:66:67:d2"
1791489483.676,"B,44977,10,b2:db:ca:e6:29:a6,28,1,0,0,-27,S,5c:62:8b:66:67:d2"
1791489483.676,"B,44977,10,72:3b:01:24:b7:c8,84,3,5009,6,-20,S,5c:62:8b:66:67:d2"
1791489483.676,"B,45077,10,46:88:44:6e:4f:e4,5419,8,0,0,-29,S,5c:62:8b:66:67:d2"
1791489483.676,"B,45077,10,5c:62:8b:66:67:d2,5741,8,5503,11,-42,A,5c:62:8b:66:67:d2"
1791489483.676,"B,45077,10,b2:db:ca:e6:29:a6,56,2,0,0,-27,S,5c:62:8b:66:67:d2"
1791489483.676,"B,45077,10,72:3b:01:24:b7:c8,28,1,5741,8,-21,S,5c:62:8b:66:67:d2"
1791489483.676,"I,45113,stat,rx=8309,drops=0,ch=10,bin=100,hop=0,heap=203064"
1791489483.881,"B,45177,10,46:88:44:6e:4f:e4,5411,8,0,0,-28,S,5c:62:8b:66:67:d2"
1791489483.881,"B,45177,10,5c:62:8b:66:67:d2,700,2,5663,17,-42,A,5c:62:8b:66:67:d2"
1791489483.881,"B,45177,10,b2:db:ca:e6:29:a6,28,1,0,0,-27,S,5c:62:8b:66:67:d2"
1791489483.881,"B,45177,10,72:3b:01:24:b7:c8,224,8,700,2,-20,S,5c:62:8b:66:67:d2"
1791489483.881,"B,45277,10,46:88:44:6e:4f:e4,1078,4,0,0,-27,S,5c:62:8b:66:67:d2"
1791489483.881,"B,45277,10,5c:62:8b:66:67:d2,5033,6,1330,13,-42,A,5c:62:8b:66:67:d2"
1791489483.881,"B,45277,10,b2:db:ca:e6:29:a6,56,2,0,0,-27,S,5c:62:8b:66:67:d2"
1791489483.881,"B,45277,10,72:3b:01:24:b7:c8,196,7,5033,6,-21,S,5c:62:8b:66:67:d2"
1791489484.085,"B,45377,10,46:88:44:6e:4f:e4,5607,8,0,0,-27,S,5c:62:8b:66:67:d2"
1791489484.085,"B,45377,10,5c:62:8b:66:67:d2,0,0,5719,12,-42,A,5c:62:8b:66:67:d2"
1791489484.085,"B,45377,10,b2:db:ca:e6:29:a6,56,2,0,0,-27,S,5c:62:8b:66:67:d2"
1791489484.085,"B,45377,10,72:3b:01:24:b7:c8,56,2,0,0,-21,S,5c:62:8b:66:67:d2"
1791489484.085,"B,45477,10,46:88:44:6e:4f:e4,5579,7,0,0,-26,S,5c:62:8b:66:67:d2"
1791489484.085,"B,45477,10,5c:62:8b:66:67:d2,11858,16,5803,15,-42,A,5c:62:8b:66:67:d2"
1791489484.085,"B,45477,10,b2:db:ca:e6:29:a6,84,3,0,0,-27,S,5c:62:8b:66:67:d2"
1791489484.085,"B,45477,10,72:3b:01:24:b7:c8,140,5,11858,16,-21,S,5c:62:8b:66:67:d2"
1791489484.288,"B,45577,10,78:8c:b5:f5:e7:26,80,1,0,0,-77,A,78:8c:b5:f5:e7:26"
1791489484.288,"B,45577,10,46:88:44:6e:4f:e4,7701,10,0,0,-26,S,5c:62:8b:66:67:d2"
1791489484.288,"B,45577,10,5c:62:8b:66:67:d2,5587,7,7813,14,-42,A,5c:62:8b:66:67:d2"
1791489484.288,"B,45577,10,b2:db:ca:e6:29:a6,28,1,0,0,-28,S,5c:62:8b:66:67:d2"
1791489484.288,"B,45577,10,72:3b:01:24:b7:c8,84,3,5587,7,-21,S,5c:62:8b:66:67:d2"
1791489484.288,"B,45677,10,46:88:44:6e:4f:e4,5885,9,0,0,-25,S,5c:62:8b:66:67:d2"
1791489484.288,"B,45677,10,5c:62:8b:66:67:d2,350,1,6053,15,-42,A,5c:62:8b:66:67:d2"
1791489484.288,"B,45677,10,b2:db:ca:e6:29:a6,56,2,0,0,-28,S,5c:62:8b:66:67:d2"
1791489484.288,"B,45677,10,72:3b:01:24:b7:c8,112,4,350,1,-21,S,5c:62:8b:66:67:d2"
1791489484.493,"B,45777,10,46:88:44:6e:4f:e4,5205,7,0,0,-25,S,5c:62:8b:66:67:d2"
1791489484.493,"B,45777,10,5c:62:8b:66:67:d2,0,0,5373,13,-43,A,5c:62:8b:66:67:d2"
1791489484.493,"B,45777,10,b2:db:ca:e6:29:a6,56,2,0,0,-28,S,5c:62:8b:66:67:d2"
1791489484.493,"B,45777,10,72:3b:01:24:b7:c8,112,4,0,0,-20,S,5c:62:8b:66:67:d2"
1791489484.493,"B,45877,10,46:88:44:6e:4f:e4,5463,8,0,0,-24,S,5c:62:8b:66:67:d2"
1791489484.493,"B,45877,10,5c:62:8b:66:67:d2,11734,16,5659,15,-42,A,5c:62:8b:66:67:d2"
1791489484.493,"B,45877,10,b2:db:ca:e6:29:a6,84,3,0,0,-30,S,5c:62:8b:66:67:d2"
1791489484.493,"B,45877,10,72:3b:01:24:b7:c8,112,4,11734,16,-20,S,5c:62:8b:66:67:d2"
1791489484.698,"B,45977,10,46:88:44:6e:4f:e4,2121,5,0,0,-25,S,5c:62:8b:66:67:d2"
1791489484.698,"B,45977,10,5c:62:8b:66:67:d2,5785,8,2205,8,-42,A,5c:62:8b:66:67:d2"
1791489484.698,"B,45977,10,b2:db:ca:e6:29:a6,28,1,0,0,-29,S,5c:62:8b:66:67:d2"
1791489484.698,"B,45977,10,72:3b:01:24:b7:c8,56,2,5785,8,-20,S,5c:62:8b:66:67:d2"
1791489484.698,"B,46077,10,46:88:44:6e:4f:e4,4456,6,0,0,-25,S,5c:62:8b:66:67:d2"
1791489484.698,"B,46077,10,5c:62:8b:66:67:d2,4799,5,4652,13,-42,A,5c:62:8b:66:67:d2"
1791489484.698,"B,46077,10,b2:db:ca:e6:29:a6,56,2,0,0,-29,S,5c:62:8b:66:67:d2"
1791489484.698,"B,46077,10,72:3b:01:24:b7:c8,140,5,4799,5,-20,S,5c:62:8b:66:67:d2"
1791489484.903,"B,46177,10,46:88:44:6e:4f:e4,5463,8,0,0,-25,S,5c:62:8b:66:67:d2"
1791489484.903,"B,46177,10,5c:62:8b:66:67:d2,5785,8,5631,14,-43,A,5c:62:8b:66:67:d2"
1791489484.903,"B,46177,10,b2:db:ca:e6:29:a6,56,2,0,0,-28,S,5c:62:8b:66:67:d2"
1791489484.903,"B,46177,10,72:3b:01:24:b7:c8,112,4,5785,8,-20,S,5c:62:8b:66:67:d2"
1791489484.903,"M,46191,slot,5,1"
1791489484.903,"B,46277,10,46:88:44:6e:4f:e4,5471,8,0,0,-25,S,5c:62:8b:66:67:d2"
1791489484.903,"B,46277,10,5c:62:8b:66:67:d2,5793,8,5555,11,-42,A,5c:62:8b:66:67:d2"
1791489484.903,"B,46277,10,b2:db:ca:e6:29:a6,56,2,0,0,-29,S,5c:62:8b:66:67:d2"
1791489484.903,"B,46277,10,72:3b:01:24:b7:c8,28,1,5793,8,-20,S,5c:62:8b:66:67:d2"
1791489485.104,"B,46377,10,46:88:44:6e:4f:e4,5443,8,0,0,-26,S,5c:62:8b:66:67:d2"
1791489485.104,"B,46377,10,5c:62:8b:66:67:d2,5415,7,5611,14,-43,A,5c:62:8b:66:67:d2"
1791489485.104,"B,46377,10,b2:db:ca:e6:29:a6,56,2,0,0,-28,S,5c:62:8b:66:67:d2"
1791489485.104,"B,46377,10,72:3b:01:24:b7:c8,112,4,5415,7,-20,S,5c:62:8b:66:67:d2"
1791489485.104,"B,46477,10,46:88:44:6e:4f:e4,3937,7,0,0,-26,S,5c:62:8b:66:67:d2"
1791489485.104,"B,46477,10,5c:62:8b:66:67:d2,1050,3,3993,9,-43,A,5c:62:8b:66:67:d2"
1791489485.104,"B,46477,10,b2:db:ca:e6:29:a6,28,1,0,0,-28,S,5c:62:8b:66:67:d2"
1791489485.104,"B,46477,10,72:3b:01:24:b7:c8,28,1,1050,3,-20,S,5c:62:8b:66:67:d2"
1791489485.306,"B,46577,10,46:88:44:6e:4f:e4,2471,6,0,0,-26,S,5c:62:8b:66:67:d2"
1791489485.306,"B,46577,10,5c:62:8b:66:67:d2,5415,7,2639,12,-43,A,5c:62:8b:66:67:d2"
1791489485.306,"B,46577,10,72:3b:01:24:b7:c8,168,6,5415,7,-20,S,5c:62:8b:66:67:d2"
1791489485.306,"B,46677,10,46:88:44:6e:4f:e4,4396,6,0,0,-26,S,5c:62:8b:66:67:d2"
1791489485.306,"B,46677,10,5c:62:8b:66:67:d2,5789,8,4424,7,-43,A,5c:62:8b:66:67:d2"
1791489485.306,"B,46677,10,b2:db:ca:e6:29:a6,28,1,0,0,-29,S,5c:62:8b:66:67:d2"
1791489485.306,"B,46677,10,72:3b:01:24:b7:c8,0,0,5789,8,0,S,5c:62:8b:66:67:d2"
1791489485.507,"B,46777,10,46:88:44:6e:4f:e4,5443,8,0,0,-26,S,5c:62:8b:66:67:d2"
1791489485.507,"B,46777,10,5c:62:8b:66:67:d2,5065,6,5527,11,-42,A,5c:62:8b:66:67:d2"
1791489485.507,"B,46777,10,b2:db:ca:e6:29:a6,56,2,0,0,-29,S,5c:62:8b:66:67:d2"
1791489485.507,"B,46777,10,72:3b:01:24:b7:c8,28,1,5065,6,-20,S,5c:62:8b:66:67:d2"
1791489485.507,"B,46877,10,46:88:44:6e:4f:e4,5419,8,0,0,-26,S,5c:62:8b:66:67:d2"
1791489485.507,"B,46877,10,5c:62:8b:66:67:d2,10432,13,5699,18,-43,A,5c:62:8b:66:67:d2"
1791489485.507,"B,46877,10,b2:db:ca:e6:29:a6,84,3,0,0,-29,S,5c:62:8b:66:67:d2"
1791489485.507,"B,46877,10,72:3b:01:24:b7:c8,196,7,10432,13,-20,S,5c:62:8b:66:67:d2"
1791489485.507,"B,46977,10,46:88:44:6e:4f:e4,5467,8,0,0,-25,S,5c:62:8b:66:67:d2"
1791489485.507,"B,46977,10,5c:62:8b:66:67:d2,5789,8,5719,17,-43,A,5c:62:8b:66:67:d2"
1791489485.507,"B,46977,10,b2:db:ca:e6:29:a6,28,1,0,0,-30,S,5c:62:8b:66:67:d2"
1791489485.507,"B,46977,10,72:3b:01:24:b7:c8,224,8,5789,8,-19,S,5c:62:8b:66:67:d2"
1791489485.707,"B,47077,10,46:88:44:6e:4f:e4,5729,9,0,0,-26,S,5c:62:8b:66:67:d2"
1791489485.707,"B,47077,10,5c:62:8b:66:67:d2,700,2,6345,31,-42,A,5c:62:8b:66:67:d2"
1791489485.707,"B,47077,10,b2:db:ca:e6:29:a6,56,2,0,0,-30,S,5c:62:8b:66:67:d2"
1791489485.707,"B,47077,10,72:3b:01:24:b7:c8,560,20,700,2,-19,S,5c:62:8b:66:67:d2"
1791489485.707,"B,47177,10,46:88:44:6e:4f:e4,1078,4,0,0,-25,S,5c:62:8b:66:67:d2"
1791489485.707,"B,47177,10,5c:62:8b:66:67:d2,0,0,1134,6,-42,A,5c:62:8b:66:67:d2"
1791489485.707,"B,47177,10,b2:db:ca:e6:29:a6,56,2,0,0,-29,S,5c:62:8b:66:67:d2"
1791489485.907,"B,47277,10,46:88:44:6e:4f:e4,5729,8,0,0,-26,S,5c:62:8b:66:67:d2"
1791489485.907,"B,47277,10,5c:62:8b:66:67:d2,11308,17,5813,11,-42,A,5c:62:8b:66:67:d2"
1791489485.907,"B,47277,10,b2:db:ca:e6:29:a6,56,2,0,0,-29,S,5c:62:8b:66:67:d2"
1791489485.907,"B,47277,10,72:3b:01:24:b7:c8,28,1,11308,17,-20,S,5c:62:8b:66:67:d2"
1791489485.907,"B,47377,10,46:88:44:6e:4f:e4,5435,8,0,0,-26,S,5c:62:8b:66:67:d2"
1791489485.907,"B,47377,10,5c:62:8b:66:67:d2,5407,7,5687,17,-41,A,5c:62:8b:66:67:d2"
1791489485.907,"B,47377,10,b2:db:ca:e6:29:a6,28,1,0,0,-29,S,5c:62:8b:66:67:d2"
1791489485.907,"B,47377,10,72:3b:01:24:b7:c8,224,8,5407,7,-20,S,5c:62:8b:66:67:d2"
1791489486.108,"B,47477,10,46:88:44:6e:4f:e4,5371,8,0,0,-26,S,5c:62:8b:66:67:d2"
1791489486.108,"B,47477,10,5c:62:8b:66:67:d2,0,0,5455,11,-42,A,5c:62:8b:66:67:d2"
1791489486.108,"B,47477,10,b2:db:ca:e6:29:a6,28,1,0,0,-28,S,5c:62:8b:66:67:d2"
1791489486.108,"B,47477,10,72:3b:01:24:b7:c8,56,2,0,0,-19,S,5c:62:8b:66:67:d2"
1791489486.108,"B,47577,10,46:88:44:6e:4f:e4,5133,7,138,1,-27,S,5c:62:8b:66:67:d2"
1791489486.108,"B,47577,10,5c:62:8b:66:67:d2,11316,16,5329,14,-41,A,5c:62:8b:66:67:d2"
1791489486.108,"B,47577,10,b2:db:ca:e6:29:a6,28,1,0,0,-28,S,5c:62:8b:66:67:d2"
1791489486.108,"B,47577,10,72:3b:01:24:b7:c8,168,6,11178,15,-19,S,5c:62:8b:66:67:d2"
1791489486.309,"B,47677,10,46:88:44:6e:4f:e4,6290,9,0,0,-27,S,5c:62:8b:66:67:d2"
1791489486.309,"B,47677,10,5c:62:8b:66:67:d2,1050,3,6486,16,-41,A,5c:62:8b:66:67:d2"
1791489486.309,"B,47677,10,b2:db:ca:e6:29:a6,56,2,0,0,-28,S,5c:62:8b:66:67:d2"
1791489486.309,"B,47677,10,72:3b:01:24:b7:c8,140,5,1050,3,-19,S,5c:62:8b:66:67:d2"
1791489486.309,"B,47777,10,46:88:44:6e:4f:e4,1050,3,0,0,-27,S,5c:62:8b:66:67:d2"
1791489486.309,"B,47777,10,5c:62:8b:66:67:d2,5569,8,1218,9,-41,A,5c:62:8b:66:67:d2"
1791489486.309,"B,47777,10,b2:db:ca:e6:29:a6,56,2,0,0,-27,S,5c:62:8b:66:67:d2"
1791489486.309,"B,47777,10,72:3b:01:24:b7:c8,112,4,5569,8,-20,S,5c:62:8b:66:67:d2"
1791489486.509,"B,47877,10,46:88:44:6e:4f:e4,7482,13,0,0,-26,S,5c:62:8b:66:67:d2"
1791489486.509,"B,47877,10,5c:62:8b:66:67:d2,4217,4,7650,19,-41,A,5c:62:8b:66:67:d2"
1791489486.509,"B,47877,10,b2:db:ca:e6:29:a6,56,2,0,0,-29,S,5c:62:8b:66:67:d2"
1791489486.509,"B,47877,10,72:3b:01:24:b7:c8,112,4,4217,4,-19,S,5c:62:8b:66:67:d2"
1791489486.509,"B,47977,10,46:88:44:6e:4f:e4,5247,8,0,0,-26,S,5c:62:8b:66:67:d2"
1791489486.509,"B,47977,10,5c:62:8b:66:67:d2,6037,10,5303,10,-42,A,5c:62:8b:66:67:d2"
1791489486.509,"B,47977,10,b2:db:ca:e6:29:a6,28,1,0,0,-30,S,5c:62:8b:66:67:d2"
1791489486.509,"B,47977,10,72:3b:01:24:b7:c8,28,1,6037,10,-20,S,5c:62:8b:66:67:d2"
1791489486.710,"B,48077,10,46:88:44:6e:4f:e4,6027,10,0,0,-26,S,5c:62:8b:66:67:d2"
1791489486.710,"B,48077,10,5c:62:8b:66:67:d2,4949,6,6167,15,-42,A,5c:62:8b:66:67:d2"
1791489486.710,"B,48077,10,b2:db:ca:e6:29:a6,84,3,0,0,-29,S,5c:62:8b:66:67:d2"
1791489486.710,"B,48077,10,72:3b:01:24:b7:c8,56,2,4949,6,-20,S,5c:62:8b:66:67:d2"
1791489486.710,"B,48177,10,46:88:44:6e:4f:e4,6099,10,0,0,-26,S,5c:62:8b:66:67:d2"
1791489486.710,"B,48177,10,5c:62:8b:66:67:d2,0,0,6267,16,-44,A,5c:62:8b:66:67:d2"
1791489486.710,"B,48177,10,b2:db:ca:e6:29:a6,56,2,0,0,-30,S,5c:62:8b:66:67:d2"
1791489486.710,"B,48177,10,72:3b:01:24:b7:c8,112,4,0,0,-21,S,5c:62:8b:66:67:d2"
1791489486.911,"B,48277,10,46:88:44:6e:4f:e4,5379,8,0,0,-26,S,5c:62:8b:66:67:d2"
1791489486.911,"B,48277,10,5c:62:8b:66:67:d2,9566,14,5519,13,-42,A,5c:62:8b:66:67:d2"
1791489486.911,"B,48277,10,b2:db:ca:e6:29:a6,28,1,0,0,-26,S,5c:62:8b:66:67:d2"
1791489486.911,"B,48277,10,72:3b:01:24:b7:c8,112,4,9566,14,-21,S,5c:62:8b:66:67:d2"
1791489486.911,"B,48277,10,64:d1:54:63:44:f4,91,1,0,0,-91,A,64:d1:54:63:44:f4"
1791489486.911,"B,48377,10,46:88:44:6e:4f:e4,1078,4,0,0,-25,S,5c:62:8b:66:67:d2"
1791489486.911,"B,48377,10,5c:62:8b:66:67:d2,0,0,1246,10,-45,A,5c:62:8b:66:67:d2"
1791489486.911,"B,48377,10,b2:db:ca:e6:29:a6,84,3,0,0,-28,S,5c:62:8b:66:67:d2"
1791489486.911,"B,48377,10,72:3b:01:24:b7:c8,84,3,0,0,-20,S,5c:62:8b:66:67:d2"
1791489487.112,"B,48477,10,46:88:44:6e:4f:e4,5387,7,0,0,-27,S,5c:62:8b:66:67:d2"
1791489487.112,"B,48477,10,5c:62:8b:66:67:d2,4299,7,5415,8,-42,A,5c:62:8b:66:67:d2"
1791489487.112,"B,48477,10,72:3b:01:24:b7:c8,28,1,4299,7,-20,S,5c:62:8b:66:67:d2"
1791489487.112,"B,48577,10,46:88:44:6e:4f:e4,5499,8,0,0,-26,S,5c:62:8b:66:67:d2"
1791489487.112,"B,48577,10,5c:62:8b:66:67:d2,5471,7,5667,14,-42,A,5c:62:8b:66:67:d2"
1791489487.112,"B,48577,10,b2:db:ca:e6:29:a6,28,1,0,0,-28,S,5c:62:8b:66:67:d2"
1791489487.112,"B,48577,10,72:3b:01:24:b7:c8,140,5,5471,7,-20,S,5c:62:8b:66:67:d2"
1791489487.112,"B,48577,10,38:d5:7a:f4:5a:37,30,1,0,0,-88,S,8a:ce:16:78:6f:dc"
1791489487.112,"B,48577,10,8a:ce:16:78:6f:dc,0,0,30,1,0,A,8a:ce:16:78:6f:dc"
1791489487.313,"B,48677,10,46:88:44:6e:4f:e4,5917,9,0,0,-27,S,5c:62:8b:66:67:d2"
1791489487.313,"B,48677,10,5c:62:8b:66:67:d2,2199,5,5973,11,-43,A,5c:62:8b:66:67:d2"
1791489487.313,"B,48677,10,72:3b:01:24:b7:c8,56,2,2199,5,-19,S,5c:62:8b:66:67:d2"
1791489487.313,"B,48777,10,78:8c:b5:f5:e7:26,0,0,30,1,-72,A,78:8c:b5:f5:e7:26"
1791489487.313,"B,48777,10,46:88:44:6e:4f:e4,6041,9,0,0,-27,S,5c:62:8b:66:67:d2"
1791489487.313,"B,48777,10,5c:62:8b:66:67:d2,3249,4,6293,18,-42,A,5c:62:8b:66:67:d2"
1791489487.313,"B,48777,10,72:3b:01:24:b7:c8,252,9,3249,4,-20,S,5c:62:8b:66:67:d2"
1791489487.313,"B,48777,10,a6:4c:bd:b6:c7:99,30,1,0,0,-88,S,78:8c:b5:f5:e7:26"
1791489487.514,"B,48877,10,46:88:44:6e:4f:e4,5555,8,0,0,-27,S,5c:62:8b:66:67:d2"
1791489487.514,"B,48877,10,5c:62:8b:66:67:d2,3010,5,5611,10,-42,A,5c:62:8b:66:67:d2"
1791489487.514,"B,48877,10,72:3b:01:24:b7:c8,56,2,3010,5,-20,S,5c:62:8b:66:67:d2"
1791489487.514,"B,48977,10,46:88:44:6e:4f:e4,1428,5,0,0,-27,S,5c:62:8b:66:67:d2"
1791489487.514,"B,48977,10,5c:62:8b:66:67:d2,10004,11,1540,9,-43,A,5c:62:8b:66:67:d2"
1791489487.514,"B,48977,10,72:3b:01:24:b7:c8,112,4,10004,11,-20,S,5c:62:8b:66:67:d2"
1791489487.714,"B,49077,10,46:88:44:6e:4f:e4,8721,10,0,0,-27,S,5c:62:8b:66:67:d2"
1791489487.714,"B,49077,10,5c:62:8b:66:67:d2,0,0,8749,11,-47,A,5c:62:8b:66:67:d2"
1791489487.714,"B,49077,10,72:3b:01:24:b7:c8,28,1,0,0,-19,S,5c:62:8b:66:67:d2"
1791489487.714,"B,49177,10,46:88:44:6e:4f:e4,5347,8,0,0,-26,S,5c:62:8b:66:67:d2"
1791489487.714,"B,49177,10,5c:62:8b:66:67:d2,6409,10,5543,15,-43,A,5c:62:8b:66:67:d2"
1791489487.714,"B,49177,10,72:3b:01:24:b7:c8,196,7,6409,10,-20,S,5c:62:8b:66:67:d2"
1791489487.917,"B,49277,10,78:8c:b5:f5:e7:26,0,0,30,1,-71,A,78:8c:b5:f5:e7:26"
1791489487.917,"B,49277,10,46:88:44:6e:4f:e4,5359,8,0,0,-25,S,5c:62:8b:66:67:d2"
1791489487.917,"B,49277,10,5c:62:8b:66:67:d2,2070,3,5611,17,-43,A,5c:62:8b:66:67:d2"
1791489487.917,"B,49277,10,72:3b:01:24:b7:c8,252,9,2070,3,-19,S,5c:62:8b:66:67:d2"
1791489487.917,"B,49277,10,a6:4c:bd:b6:c7:99,30,1,0,0,-87,S,78:8c:b5:f5:e7:26"
1791489487.917,"B,49377,10,46:88:44:6e:4f:e4,5303,8,0,0,-25,S,5c:62:8b:66:67:d2"
1791489487.917,"B,49377,10,5c:62:8b:66:67:d2,5681,8,5471,14,-43,A,5c:62:8b:66:67:d2"
1791489487.917,"B,49377,10,72:3b:01:24:b7:c8,168,6,5681,8,-19,S,5c:62:8b:66:67:d2"
1791489488.119,"B,49477,10,46:88:44:6e:4f:e4,5255,8,0,0,-26,S,5c:62:8b:66:67:d2"
1791489488.119,"B,49477,10,5c:62:8b:66:67:d2,2726,5,5451,15,-42,A,5c:62:8b:66:67:d2"
1791489488.119,"B,49477,10,b2:db:ca:e6:29:a6,28,1,0,0,-29,S,5c:62:8b:66:67:d2"
1791489488.119,"B,49477,10,72:3b:01:24:b7:c8,168,6,2726,5,-19,S,5c:62:8b:66:67:d2"
1791489488.119,"B,49577,10,46:88:44:6e:4f:e4,1750,5,0,0,-27,S,5c:62:8b:66:67:d2"
1791489488.119,"B,49577,10,5c:62:8b:66:67:d2,16209,23,2058,16,-42,A,5c:62:8b:66:67:d2"
1791489488.119,"B,49577,10,b2:db:ca:e6:29:a6,84,3,178,1,-27,S,5c:62:8b:66:67:d2"
1791489488.119,"B,49577,10,72:3b:01:24:b7:c8,224,8,16031,22,-21,S,5c:62:8b:66:67:d2"
1791489488.322,"B,49677,10,46:88:44:6e:4f:e4,5387,8,0,0,-26,S,5c:62:8b:66:67:d2"
1791489488.322,"B,49677,10,5c:62:8b:66:67:d2,5009,6,5667,18,-44,A,5c:62:8b:66:67:d2"
1791489488.322,"B,49677,10,b2:db:ca:e6:29:a6,168,6,0,0,-27,S,5c:62:8b:66:67:d2"
1791489488.322,"B,49677,10,72:3b:01:24:b7:c8,112,4,5009,6,-19,S,5c:62:8b:66:67:d2"
1791489488.322,"B,49777,10,46:88:44:6e:4f:e4,6175,12,0,0,-26,S,5c:62:8b:66:67:d2"
1791489488.322,"B,49777,10,5c:62:8b:66:67:d2,13557,15,6287,16,-44,A,5c:62:8b:66:67:d2"
1791489488.322,"B,49777,10,72:3b:01:24:b7:c8,112,4,13557,15,-19,S,5c:62:8b:66:67:d2"
1791489488.524,"B,49877,10,78:8c:b5:f5:e7:26,0,0,106,1,-70,A,78:8c:b5:f5:e7:26"
1791489488.524,"B,49877,10,46:88:44:6e:4f:e4,12374,13,0,0,-26,S,5c:62:8b:66:67:d2"
1791489488.524,"B,49877,10,5c:62:8b:66:67:d2,0,0,12430,15,-46,A,5c:62:8b:66:67:d2"
1791489488.524,"B,49877,10,b2:db:ca:e6:29:a6,56,2,0,0,-28,S,5c:62:8b:66:67:d2"
1791489488.524,"B,49877,10,a6:4c:bd:b6:c7:99,106,1,0,0,-85,S,78:8c:b5:f5:e7:26"
1791489488.524,"B,49977,10,46:88:44:6e:4f:e4,2279,6,0,0,-27,S,5c:62:8b:66:67:d2"
1791489488.524,"B,49977,10,5c:62:8b:66:67:d2,14254,18,2363,9,-44,A,5c:62:8b:66:67:d2"
1791489488.524,"B,49977,10,b2:db:ca:e6:29:a6,56,2,0,0,-28,S,5c:62:8b:66:67:d2"
1791489488.524,"B,49977,10,72:3b:01:24:b7:c8,28,1,14254,18,-19,S,5c:62:8b:66:67:d2"
1791489488.725,"B,50077,10,46:88:44:6e:4f:e4,5279,8,0,0,-26,S,5c:62:8b:66:67:d2"
1791489488.725,"B,50077,10,5c:62:8b:66:67:d2,350,1,5419,13,-45,A,5c:62:8b:66:67:d2"
1791489488.725,"B,50077,10,b2:db:ca:e6:29:a6,28,1,0,0,-27,S,5c:62:8b:66:67:d2"
1791489488.725,"B,50077,10,72:3b:01:24:b7:c8,112,4,350,1,-20,S,5c:62:8b:66:67:d2"
1791489488.725,"I,50113,stat,rx=9496,drops=0,ch=10,bin=100,hop=0,heap=200688"
1791489488.725,"B,50177,10,46:88:44:6e:4f:e4,1050,3,0,0,-26,S,5c:62:8b:66:67:d2"
1791489488.725,"B,50177,10,5c:62:8b:66:67:d2,5333,8,1274,11,-44,A,5c:62:8b:66:67:d2"
1791489488.725,"B,50177,10,b2:db:ca:e6:29:a6,28,1,82,1,-27,S,5c:62:8b:66:67:d2"
1791489488.725,"B,50177,10,72:3b:01:24:b7:c8,196,7,5251,7,-20,S,5c:62:8b:66:67:d2"
1791489488.927,"B,50277,10,46:88:44:6e:4f:e4,5081,7,0,0,-26,S,5c:62:8b:66:67:d2"
1791489488.927,"B,50277,10,5c:62:8b:66:67:d2,0,0,5221,12,-48,A,5c:62:8b:66:67:d2"
1791489488.927,"B,50277,10,b2:db:ca:e6:29:a6,56,2,0,0,-27,S,5c:62:8b:66:67:d2"
1791489488.927,"B,50277,10,72:3b:01:24:b7:c8,84,3,0,0,-19,S,5c:62:8b:66:67:d2"
1791489488.927,"B,50377,10,46:88:44:6e:4f:e4,5287,8,0,0,-26,S,5c:62:8b:66:67:d2"
1791489488.927,"B,50377,10,5c:62:8b:66:67:d2,0,0,5567,18,-50,A,5c:62:8b:66:67:d2"
1791489488.927,"B,50377,10,b2:db:ca:e6:29:a6,56,2,0,0,-27,S,5c:62:8b:66:67:d2"
1791489488.927,"B,50377,10,72:3b:01:24:b7:c8,224,8,0,0,-19,S,5c:62:8b:66:67:d2"
1791489489.132,"B,50477,10,46:88:44:6e:4f:e4,10389,13,0,0,-26,S,5c:62:8b:66:67:d2"
1791489489.132,"B,50477,10,5c:62:8b:66:67:d2,7352,11,10557,19,-45,A,5c:62:8b:66:67:d2"
1791489489.132,"B,50477,10,b2:db:ca:e6:29:a6,56,2,0,0,-27,S,5c:62:8b:66:67:d2"
1791489489.132,"B,50477,10,72:3b:01:24:b7:c8,112,4,7352,11,-19,S,5c:62:8b:66:67:d2"
1791489489.132,"B,50577,10,78:8c:b5:f5:e7:26,0,0,30,1,-72,A,78:8c:b5:f5:e7:26"
1791489489.132,"B,50577,10,46:88:44:6e:4f:e4,5629,9,0,0,-26,S,5c:62:8b:66:67:d2"
1791489489.132,"B,50577,10,5c:62:8b:66:67:d2,8807,11,5797,15,-45,A,5c:62:8b:66:67:d2"
1791489489.132,"B,50577,10,b2:db:ca:e6:29:a6,56,2,0,0,-29,S,5c:62:8b:66:67:d2"
1791489489.132,"B,50577,10,72:3b:01:24:b7:c8,112,4,8807,11,-19,S,5c:62:8b:66:67:d2"
1791489489.132,"B,50577,10,a6:4c:bd:b6:c7:99,30,1,0,0,-89,S,78:8c:b5:f5:e7:26"
1791489489.337,"B,50677,10,78:8c:b5:f5:e7:26,0,0,30,1,0,A,78:8c:b5:f5:e7:26"
1791489489.337,"B,50677,10,46:88:44:6e:4f:e4,6381,11,0,0,-26,S,5c:62:8b:66:67:d2"
1791489489.337,"B,50677,10,5c:62:8b:66:67:d2,1050,3,6689,22,-46,A,5c:62:8b:66:67:d2"
1791489489.337,"B,50677,10,b2:db:ca:e6:29:a6,56,2,0,0,-29,S,5c:62:8b:66:67:d2"
1791489489.337,"B,50677,10,72:3b:01:24:b7:c8,252,9,1050,3,-22,S,5c:62:8b:66:67:d2"
1791489489.337,"B,50677,10,a6:4c:bd:b6:c7:99,30,1,0,0,-88,S,78:8c:b5:f5:e7:26"
1791489489.337,"B,50777,10,46:88:44:6e:4f:e4,1778,6,0,0,-26,S,5c:62:8b:66:67:d2"
1791489489.337,"B,50777,10,5c:62:8b:66:67:d2,0,0,1946,12,-49,A,5c:62:8b:66:67:d2"
1791489489.337,"B,50777,10,b2:db:ca:e6:29:a6,56,2,0,0,-29,S,5c:62:8b:66:67:d2"
1791489489.337,"B,50777,10,72:3b:01:24:b7:c8,112,4,0,0,-19,S,5c:62:8b:66:67:d2"
1791489489.538,"B,50877,10,46:88:44:6e:4f:e4,9015,10,0,0,-26,S,5c:62:8b:66:67:d2"
1791489489.538,"B,50877,10,5c:62:8b:66:67:d2,6229,10,9071,12,-46,A,5c:62:8b:66:67:d2"
1791489489.538,"B,50877,10,72:3b:01:24:b7:c8,56,2,6229,10,-20,S,5c:62:8b:66:67:d2"
1791489489.538,"B,50977,10,46:88:44:6e:4f:e4,6179,10,0,0,-25,S,5c:62:8b:66:67:d2"
1791489489.538,"B,50977,10,5c:62:8b:66:67:d2,5801,8,6375,17,-45,A,5c:62:8b:66:67:d2"
1791489489.538,"B,50977,10,b2:db:ca:e6:29:a6,28,1,0,0,-31,S,5c:62:8b:66:67:d2"
1791489489.538,"B,50977,10,72:3b:01:24:b7:c8,168,6,5801,8,-20,S,5c:62:8b:66:67:d2"
1791489489.743,"B,51077,10,46:88:44:6e:4f:e4,13029,13,0,0,-25,S,5c:62:8b:66:67:d2"
1791489489.743,"B,51077,10,5c:62:8b:66:67:d2,0,0,13141,17,-50,A,5c:62:8b:66:67:d2"
1791489489.743,"B,51077,10,72:3b:01:24:b7:c8,112,4,0,0,-20,S,5c:62:8b:66:67:d2"
1791489489.743,"B,51177,10,46:88:44:6e:4f:e4,7541,10,0,0,-25,S,5c:62:8b:66:67:d2"
1791489489.743,"B,51177,10,5c:62:8b:66:67:d2,6171,9,7737,17,-45,A,5c:62:8b:66:67:d2"
1791489489.743,"B,51177,10,b2:db:ca:e6:29:a6,56,2,0,0,-29,S,5c:62:8b:66:67:d2"
1791489489.743,"B,51177,10,72:3b:01:24:b7:c8,140,5,6171,9,-20,S,5c:62:8b:66:67:d2"
1791489489.948,"M,51267,slot,6,0"
1791489489.948,"B,51277,10,46:88:44:6e:4f:e4,5435,8,0,0,-26,S,5c:62:8b:66:67:d2"
1791489489.948,"B,51277,10,5c:62:8b:66:67:d2,4357,4,5631,15,-46,A,5c:62:8b:66:67:d2"
1791489489.948,"B,51277,10,b2:db:ca:e6:29:a6,28,1,0,0,-30,S,5c:62:8b:66:67:d2"
1791489489.948,"B,51277,10,72:3b:01:24:b7:c8,168,6,4357,4,-19,S,5c:62:8b:66:67:d2"
1791489489.948,"B,51377,10,46:88:44:6e:4f:e4,1456,6,0,0,-26,S,5c:62:8b:66:67:d2"
1791489489.948,"B,51377,10,5c:62:8b:66:67:d2,1050,3,1624,12,-46,A,5c:62:8b:66:67:d2"
1791489489.948,"B,51377,10,b2:db:ca:e6:29:a6,56,2,0,0,-29,S,5c:62:8b:66:67:d2"
1791489489.948,"B,51377,10,72:3b:01:24:b7:c8,112,4,1050,3,-20,S,5c:62:8b:66:67:d2"
1791489490.148,"B,51477,10,46:88:44:6e:4f:e4,5427,7,0,0,-26,S,5c:62:8b:66:67:d2"
1791489490.148,"B,51477,10,5c:62:8b:66:67:d2,5427,7,5651,15,-45,A,5c:62:8b:66:67:d2"
1791489490.148,"B,51477,10,b2:db:ca:e6:29:a6,56,2,0,0,-29,S,5c:62:8b:66:67:d2"
1791489490.148,"B,51477,10,72:3b:01:24:b7:c8,168,6,5427,7,-20,S,5c:62:8b:66:67:d2"
1791489490.148,"B,51577,10,46:88:44:6e:4f:e4,6526,9,0,0,-27,S,5c:62:8b:66:67:d2"
1791489490.148,"B,51577,10,5c:62:8b:66:67:d2,5805,8,6666,14,-46,A,5c:62:8b:66:67:d2"
1791489490.148,"B,51577,10,b2:db:ca:e6:29:a6,56,2,0,0,-29,S,5c:62:8b:66:67:d2"
1791489490.148,"B,51577,10,72:3b:01:24:b7:c8,84,3,5805,8,-20,S,5c:62:8b:66:67:d2"
1791489490.349,"B,51677,10,46:88:44:6e:4f:e4,6191,10,0,0,-27,S,5c:62:8b:66:67:d2"
1791489490.349,"B,51677,10,5c:62:8b:66:67:d2,0,0,6415,18,-49,A,5c:62:8b:66:67:d2"
1791489490.349,"B,51677,10,b2:db:ca:e6:29:a6,84,3,0,0,-29,S,5c:62:8b:66:67:d2"
1791489490.349,"B,51677,10,72:3b:01:24:b7:c8,140,5,0,0,-20,S,5c:62:8b:66:67:d2"
1791489490.349,"B,51777,10,46:88:44:6e:4f:e4,5475,8,0,0,-27,S,5c:62:8b:66:67:d2"
1791489490.349,"B,51777,10,5c:62:8b:66:67:d2,10906,14,5671,15,-45,A,5c:62:8b:66:67:d2"
1791489490.349,"B,51777,10,b2:db:ca:e6:29:a6,112,4,0,0,-29,S,5c:62:8b:66:67:d2"
1791489490.349,"B,51777,10,72:3b:01:24:b7:c8,84,3,10906,14,-21,S,5c:62:8b:66:67:d2"
1791489490.552,"B,51877,10,46:88:44:6e:4f:e4,1078,4,0,0,-27,S,5c:62:8b:66:67:d2"
1791489490.552,"B,51877,10,5c:62:8b:66:67:d2,1050,3,1246,10,-46,A,5c:62:8b:66:67:d2"
1791489490.552,"B,51877,10,b2:db:ca:e6:29:a6,84,3,0,0,-28,S,5c:62:8b:66:67:d2"
1791489490.552,"B,51877,10,72:3b:01:24:b7:c8,84,3,1050,3,-21,S,5c:62:8b:66:67:d2"
1791489490.552,"B,51977,10,46:88:44:6e:4f:e4,5673,8,0,0,-26,S,5c:62:8b:66:67:d2"
1791489490.552,"B,51977,10,5c:62:8b:66:67:d2,5323,7,5729,10,-45,A,5c:62:8b:66:67:d2"
1791489490.552,"B,51977,10,72:3b:01:24:b7:c8,56,2,5323,7,-19,S,5c:62:8b:66:67:d2"
1791489490.756,"B,52077,10,46:88:44:6e:4f:e4,5323,8,0,0,-27,S,5c:62:8b:66:67:d2"
1791489490.756,"B,52077,10,5c:62:8b:66:67:d2,5295,7,5491,14,-45,A,5c:62:8b:66:67:d2"
1791489490.756,"B,52077,10,b2:db:ca:e6:29:a6,56,2,0,0,-30,S,5c:62:8b:66:67:d2"
1791489490.756,"B,52077,10,72:3b:01:24:b7:c8,112,4,5295,7,-19,S,5c:62:8b:66:67:d2"
1791489490.756,"B,52177,10,46:88:44:6e:4f:e4,5657,9,0,0,-27,S,5c:62:8b:66:67:d2"
1791489490.756,"B,52177,10,5c:62:8b:66:67:d2,0,0,5909,18,-51,A,5c:62:8b:66:67:d2"
1791489490.756,"B,52177,10,b2:db:ca:e6:29:a6,112,4,0,0,-28,S,5c:62:8b:66:67:d2"
1791489490.756,"B,52177,10,72:3b:01:24:b7:c8,140,5,0,0,-19,S,5c:62:8b:66:67:d2"
1791489490.960,"B,52277,10,46:88:44:6e:4f:e4,5617,9,0,0,-26,S,5c:62:8b:66:67:d2"
1791489490.960,"B,52277,10,5c:62:8b:66:67:d2,5817,10,5757,14,-45,A,5c:62:8b:66:67:d2"
1791489490.960,"B,52277,10,b2:db:ca:e6:29:a6,28,1,0,0,-30,S,5c:62:8b:66:67:d2"
1791489490.960,"B,52277,10,72:3b:01:24:b7:c8,112,4,5817,10,-19,S,5c:62:8b:66:67:d2"
1791489490.960,"B,52377,10,46:88:44:6e:4f:e4,5315,8,0,0,-26,S,5c:62:8b:66:67:d2"
1791489490.960,"B,52377,10,5c:62:8b:66:67:d2,0,0,5539,16,-51,A,5c:62:8b:66:67:d2"
1791489490.960,"B,52377,10,b2:db:ca:e6:29:a6,112,4,0,0,-29,S,5c:62:8b:66:67:d2"
1791489490.960,"B,52377,10,72:3b:01:24:b7:c8,112,4,0,0,-19,S,5c:62:8b:66:67:d2"
1791489491.164,"B,52477,10,78:8c:b5:f5:e7:26,0,0,30,1,-71,A,78:8c:b5:f5:e7:26"
1791489491.164,"B,52477,10,46:88:44:6e:4f:e4,6011,10,0,0,-26,S,5c:62:8b:66:67:d2"
1791489491.164,"B,52477,10,5c:62:8b:66:67:d2,5287,7,6537,26,-45,A,5c:62:8b:66:67:d2"
1791489491.164,"B,52477,10,b2:db:ca:e6:29:a6,414,12,0,0,-28,S,5c:62:8b:66:67:d2"
1791489491.164,"B,52477,10,72:3b:01:24:b7:c8,112,4,5287,7,-20,S,5c:62:8b:66:67:d2"
1791489491.164,"B,52477,10,a6:4c:bd:b6:c7:99,30,1,0,0,-89,S,78:8c:b5:f5:e7:26"
1791489491.164,"B,52577,10,46:88:44:6e:4f:e4,1078,4,0,0,-26,S,5c:62:8b:66:67:d2"
1791489491.164,"B,52577,10,5c:62:8b:66:67:d2,350,1,1582,22,-49,A,5c:62:8b:66:67:d2"
1791489491.164,"B,52577,10,b2:db:ca:e6:29:a6,56,2,0,0,-28,S,5c:62:8b:66:67:d2"
1791489491.164,"B,52577,10,72:3b:01:24:b7:c8,448,16,350,1,-20,S,5c:62:8b:66:67:d2"
1791489491.367,"B,52677,10,46:88:44:6e:4f:e4,8629,10,138,1,-26,S,5c:62:8b:66:67:d2"
1791489491.367,"B,52677,10,5c:62:8b:66:67:d2,5345,11,8899,15,-46,A,5c:62:8b:66:67:d2"
1791489491.367,"B,52677,10,b2:db:ca:e6:29:a6,158,1,0,0,-26,S,5c:62:8b:66:67:d2"
1791489491.367,"B,52677,10,72:3b:01:24:b7:c8,112,4,5207,10,-20,S,5c:62:8b:66:67:d2"
1791489491.367,"B,52777,10,46:88:44:6e:4f:e4,5815,10,0,0,-26,S,5c:62:8b:66:67:d2"
1791489491.367,"B,52777,10,5c:62:8b:66:67:d2,0,0,6207,24,-50,A,5c:62:8b:66:67:d2"
1791489491.367,"B,52777,10,b2:db:ca:e6:29:a6,140,5,0,0,-28,S,5c:62:8b:66:67:d2"
1791489491.367,"B,52777,10,72:3b:01:24:b7:c8,252,9,0,0,-20,S,5c:62:8b:66:67:d2"
1791489491.569,"B,52877,10,46:88:44:6e:4f:e4,9812,12,0,0,-27,S,5c:62:8b:66:67:d2"
1791489491.569,"B,52877,10,5c:62:8b:66:67:d2,8492,11,9980,18,-45,A,5c:62:8b:66:67:d2"
1791489491.569,"B,52877,10,b2:db:ca:e6:29:a6,56,2,0,0,-29,S,5c:62:8b:66:67:d2"
1791489491.569,"B,52877,10,72:3b:01:24:b7:c8,112,4,8492,11,-19,S,5c:62:8b:66:67:d2"
1791489491.569,"B,52977,10,46:88:44:6e:4f:e4,2828,9,0,0,-26,S,5c:62:8b:66:67:d2"
1791489491.569,"B,52977,10,5c:62:8b:66:67:d2,700,2,2968,14,-47,A,5c:62:8b:66:67:d2"
1791489491.569,"B,52977,10,b2:db:ca:e6:29:a6,28,1,0,0,-28,S,5c:62:8b:66:67:d2"
1791489491.569,"B,52977,10,72:3b:01:24:b7:c8,112,4,700,2,-19,S,5c:62:8b:66:67:d2"
1791489491.774,"B,53077,10,46:88:44:6e:4f:e4,18542,20,0,0,-26,S,5c:62:8b:66:67:d2"
1791489491.774,"B,53077,10,5c:62:8b:66:67:d2,5761,8,18654,24,-46,A,5c:62:8b:66:67:d2"
1791489491.774,"B,53077,10,b2:db:ca:e6:29:a6,28,1,0,0,-29,S,5c:62:8b:66:67:d2"
1791489491.774,"B,53077,10,72:3b:01:24:b7:c8,84,3,5761,8,-19,S,5c:62:8b:66:67:d2"
1791489491.774,"B,53177,10,46:88:44:6e:4f:e4,1750,5,346,3,-27,S,5c:62:8b:66:67:d2"
1791489491.774,"B,53177,10,5c:62:8b:66:67:d2,6127,11,1862,9,-45,A,5c:62:8b:66:67:d2"
1791489491.774,"B,53177,10,72:3b:01:24:b7:c8,112,4,5781,8,-19,S,5c:62:8b:66:67:d2"
1791489491.979,"B,53277,10,46:88:44:6e:4f:e4,5857,9,0,0,-26,S,5c:62:8b:66:67:d2"
1791489491.979,"B,53277,10,5c:62:8b:66:67:d2,0,0,5969,13,-46,A,5c:62:8b:66:67:d2"
1791489491.979,"B,53277,10,b2:db:ca:e6:29:a6,28,1,0,0,-30,S,5c:62:8b:66:67:d2"
1791489491.979,"B,53277,10,72:3b:01:24:b7:c8,84,3,0,0,-19,S,5c:62:8b:66:67:d2"
1791489491.979,"B,53377,10,46:88:44:6e:4f:e4,5665,9,0,0,-26,S,5c:62:8b:66:67:d2"
1791489491.979,"B,53377,10,5c:62:8b:66:67:d2,0,0,5693,10,-46,A,5c:62:8b:66:67:d2"
1791489491.979,"B,53377,10,b2:db:ca:e6:29:a6,28,1,0,0,-28,S,5c:62:8b:66:67:d2"
1791489492.184,"B,53477,10,46:88:44:6e:4f:e4,4170,5,0,0,-27,S,5c:62:8b:66:67:d2"
1791489492.184,"B,53477,10,5c:62:8b:66:67:d2,0,0,4226,7,0,A,5c:62:8b:66:67:d2"
1791489492.184,"B,53477,10,b2:db:ca:e6:29:a6,56,2,0,0,-28,S,5c:62:8b:66:67:d2"
1791489492.184,"B,53577,10,46:88:44:6e:4f:e4,7539,10,0,0,-26,S,5c:62:8b:66:67:d2"
1791489492.184,"B,53577,10,5c:62:8b:66:67:d2,12506,18,7735,17,-44,A,5c:62:8b:66:67:d2"
1791489492.184,"B,53577,10,b2:db:ca:e6:29:a6,56,2,0,0,-28,S,5c:62:8b:66:67:d2"
1791489492.184,"B,53577,10,72:3b:01:24:b7:c8,140,5,12506,18,-20,S,5c:62:8b:66:67:d2"
1791489492.390,"B,53677,10,46:88:44:6e:4f:e4,6097,9,0,0,-25,S,5c:62:8b:66:67:d2"
1791489492.390,"B,53677,10,5c:62:8b:66:67:d2,5655,7,6321,17,-45,A,5c:62:8b:66:67:d2"
1791489492.390,"B,53677,10,b2:db:ca:e6:29:a6,56,2,0,0,-29,S,5c:62:8b:66:67:d2"
1791489492.390,"B,53677,10,72:3b:01:24:b7:c8,168,6,5655,7,-20,S,5c:62:8b:66:67:d2"
1791489492.390,"B,53777,10,46:88:44:6e:4f:e4,1428,5,0,0,-25,S,5c:62:8b:66:67:d2"
1791489492.390,"B,53777,10,5c:62:8b:66:67:d2,0,0,1568,10,-45,A,5c:62:8b:66:67:d2"
1791489492.390,"B,53777,10,b2:db:ca:e6:29:a6,28,1,0,0,-28,S,5c:62:8b:66:67:d2"
1791489492.390,"B,53777,10,72:3b:01:24:b7:c8,112,4,0,0,-19,S,5c:62:8b:66:67:d2"
1791489492.593,"B,53877,10,46:88:44:6e:4f:e4,5811,7,0,0,-27,S,5c:62:8b:66:67:d2"
1791489492.593,"B,53877,10,5c:62:8b:66:67:d2,0,0,6063,16,-46,A,5c:62:8b:66:67:d2"
1791489492.593,"B,53877,10,b2:db:ca:e6:29:a6,56,2,0,0,-28,S,5c:62:8b:66:67:d2"
1791489492.593,"B,53877,10,72:3b:01:24:b7:c8,196,7,0,0,-19,S,5c:62:8b:66:67:d2"
1791489492.593,"B,53977,10,46:88:44:6e:4f:e4,6635,10,0,0,-27,S,5c:62:8b:66:67:d2"
1791489492.593,"B,53977,10,5c:62:8b:66:67:d2,11368,13,6803,16,-47,A,5c:62:8b:66:67:d2"
1791489492.593,"B,53977,10,b2:db:ca:e6:29:a6,56,2,0,0,-28,S,5c:62:8b:66:67:d2"
1791489492.593,"B,53977,10,72:3b:01:24:b7:c8,112,4,11368,13,-20,S,5c:62:8b:66:67:d2"
1791489492.796,"B,54077,10,46:88:44:6e:4f:e4,5120,6,0,0,-27,S,5c:62:8b:66:67:d2"
1791489492.796,"B,54077,10,5c:62:8b:66:67:d2,6513,8,5288,12,-47,A,5c:62:8b:66:67:d2"
1791489492.796,"B,54077,10,b2:db:ca:e6:29:a6,84,3,0,0,-27,S,5c:62:8b:66:67:d2"
1791489492.796,"B,54077,10,72:3b:01:24:b7:c8,84,3,6513,8,-19,S,5c:62:8b:66:67:d2"
1791489492.796,"B,54177,10,46:88:44:6e:4f:e4,8497,11,0,0,-27,S,5c:62:8b:66:67:d2"
1791489492.796,"B,54177,10,5c:62:8b:66:67:d2,1050,3,8693,18,-47,A,5c:62:8b:66:67:d2"
1791489492.796,"B,54177,10,72:3b:01:24:b7:c8,196,7,1050,3,-19,S,5c:62:8b:66:67:d2"
1791489492.999,"B,54277,10,46:88:44:6e:4f:e4,5833,9,0,0,-28,S,5c:62:8b:66:67:d2"
1791489492.999,"B,54277,10,5c:62:8b:66:67:d2,0,0,5917,12,-47,A,5c:62:8b:66:67:d2"
1791489492.999,"B,54277,10,72:3b:01:24:b7:c8,84,3,0,0,-18,S,5c:62:8b:66:67:d2"
1791489492.999,"B,54277,10,8a:ce:16:78:6f:dc,0,0,28,1,0,A,8a:ce:16:78:6f:dc"
1791489492.999,"B,54277,10,d2:cf:53:d5:b8:26,28,1,0,0,-93,S,8a:ce:16:78:6f:dc"
1791489492.999,"B,54377,10,46:88:44:6e:4f:e4,2642,5,0,0,-28,S,5c:62:8b:66:67:d2"
1791489492.999,"B,54377,10,5c:62:8b:66:67:d2,6347,7,2838,12,-47,A,5c:62:8b:66:67:d2"
1791489492.999,"B,54377,10,b2:db:ca:e6:29:a6,112,4,0,0,-26,S,5c:62:8b:66:67:d2"
1791489492.999,"B,54377,10,72:3b:01:24:b7:c8,84,3,6347,7,-19,S,5c:62:8b:66:67:d2"
1791489493.203,"B,54477,10,46:88:44:6e:4f:e4,9423,10,0,0,-28,S,5c:62:8b:66:67:d2"
1791489493.203,"B,54477,10,5c:62:8b:66:67:d2,6383,7,9675,19,-46,A,5c:62:8b:66:67:d2"
1791489493.203,"B,54477,10,b2:db:ca:e6:29:a6,28,1,0,0,-27,S,5c:62:8b:66:67:d2"
1791489493.203,"B,54477,10,72:3b:01:24:b7:c8,224,8,6383,7,-18,S,5c:62:8b:66:67:d2"
1791489493.203,"B,54577,10,46:88:44:6e:4f:e4,9873,11,0,0,-28,S,5c:62:8b:66:67:d2"
1791489493.203,"B,54577,10,5c:62:8b:66:67:d2,0,0,10181,22,-47,A,5c:62:8b:66:67:d2"
1791489493.203,"B,54577,10,b2:db:ca:e6:29:a6,56,2,0,0,-26,S,5c:62:8b:66:67:d2"
1791489493.203,"B,54577,10,72:3b:01:24:b7:c8,252,9,0,0,-18,S,5c:62:8b:66:67:d2"
1791489493.403,"B,54677,10,46:88:44:6e:4f:e4,6503,8,0,0,-27,S,5c:62:8b:66:67:d2"
1791489493.403,"B,54677,10,5c:62:8b:66:67:d2,12258,12,6643,13,-46,A,5c:62:8b:66:67:d2"
1791489493.403,"B,54677,10,b2:db:ca:e6:29:a6,56,2,0,0,-26,S,5c:62:8b:66:67:d2"
1791489493.403,"B,54677,10,72:3b:01:24:b7:c8,84,3,12258,12,-19,S,5c:62:8b:66:67:d2"
1791489493.403,"B,54777,10,46:88:44:6e:4f:e4,6876,10,0,0,-27,S,5c:62:8b:66:67:d2"
1791489493.403,"B,54777,10,5c:62:8b:66:67:d2,5767,5,7016,15,-46,A,5c:62:8b:66:67:d2"
1791489493.403,"B,54777,10,b2:db:ca:e6:29:a6,56,2,0,0,-25,S,5c:62:8b:66:67:d2"
1791489493.403,"B,54777,10,72:3b:01:24:b7:c8,84,3,5767,5,-20,S,5c:62:8b:66:67:d2"
1791489493.403,"B,54877,10,46:88:44:6e:4f:e4,6861,9,0,0,-26,S,5c:62:8b:66:67:d2"
1791489493.604,"B,54877,10,5c:62:8b:66:67:d2,6483,7,6973,13,-46,A,5c:62:8b:66:67:d2"
1791489493.604,"B,54877,10,b2:db:ca:e6:29:a6,56,2,0,0,-27,S,5c:62:8b:66:67:d2"
1791489493.604,"B,54877,10,72:3b:01:24:b7:c8,56,2,6483,7,-20,S,5c:62:8b:66:67:d2"
1791489493.604,"B,54977,10,46:88:44:6e:4f:e4,1050,3,0,0,-27,S,5c:62:8b:66:67:d2"
1791489493.604,"B,54977,10,5c:62:8b:66:67:d2,700,2,1246,10,-46,A,5c:62:8b:66:67:d2"
1791489493.604,"B,54977,10,b2:db:ca:e6:29:a6,56,2,0,0,-26,S,5c:62:8b:66:67:d2"
1791489493.604,"B,54977,10,72:3b:01:24:b7:c8,140,5,700,2,-20,S,5c:62:8b:66:67:d2"
1791489493.604,"B,55077,10,78:8c:b5:f5:e7:26,0,0,30,1,-71,A,78:8c:b5:f5:e7:26"
1791489493.604,"B,55077,10,46:88:44:6e:4f:e4,9591,10,0,0,-26,S,5c:62:8b:66:67:d2"
1791489493.604,"B,55077,10,5c:62:8b:66:67:d2,0,0,9675,13,-45,A,5c:62:8b:66:67:d2"
1791489493.804,"B,55077,10,b2:db:ca:e6:29:a6,56,2,0,0,-28,S,5c:62:8b:66:67:d2"
1791489493.804,"B,55077,10,72:3b:01:24:b7:c8,28,1,0,0,-20,S,5c:62:8b:66:67:d2"
1791489493.804,"B,55077,10,a6:4c:bd:b6:c7:99,30,1,0,0,-90,S,78:8c:b5:f5:e7:26"
1791489493.804,"I,55113,stat,rx=10691,drops=0,ch=10,bin=100,hop=0,heap=203064"
1791489493.804,"B,55177,10,46:88:44:6e:4f:e4,6499,8,0,0,-26,S,5c:62:8b:66:67:d2"
1791489493.804,"B,55177,10,5c:62:8b:66:67:d2,0,0,6555,10,-46,A,5c:62:8b:66:67:d2"
1791489493.804,"B,55177,10,b2:db:ca:e6:29:a6,56,2,0,0,-28,S,5c:62:8b:66:67:d2"
1791489493.804,"B,55277,10,46:88:44:6e:4f:e4,7219,10,0,0,-27,S,5c:62:8b:66:67:d2"
1791489493.804,"B,55277,10,5c:62:8b:66:67:d2,20906,23,7275,12,-45,A,5c:62:8b:66:67:d2"
1791489493.804,"B,55277,10,b2:db:ca:e6:29:a6,28,1,0,0,-28,S,5c:62:8b:66:67:d2"
1791489494.005,"B,55277,10,72:3b:01:24:b7:c8,28,1,20906,23,-20,S,5c:62:8b:66:67:d2"
1791489494.005,"B,55377,10,46:88:44:6e:4f:e4,13461,14,0,0,-27,S,5c:62:8b:66:67:d2"
1791489494.005,"B,55377,10,5c:62:8b:66:67:d2,6829,8,13629,20,-45,A,5c:62:8b:66:67:d2"
1791489494.005,"B,55377,10,b2:db:ca:e6:29:a6,56,2,0,0,-29,S,5c:62:8b:66:67:d2"
1791489494.005,"B,55377,10,72:3b:01:24:b7:c8,112,4,6829,8,-20,S,5c:62:8b:66:67:d2"
1791489494.205,"B,55477,10,46:88:44:6e:4f:e4,6495,8,0,0,-27,S,5c:62:8b:66:67:d2"
1791489494.205,"B,55477,10,5c:62:8b:66:67:d2,700,2,6663,14,-45,A,5c:62:8b:66:67:d2"
1791489494.205,"B,55477,10,b2:db:ca:e6:29:a6,28,1,0,0,-30,S,5c:62:8b:66:67:d2"
1791489494.205,"B,55477,10,72:3b:01:24:b7:c8,140,5,700,2,-20,S,5c:62:8b:66:67:d2"
1791489494.205,"B,55577,10,78:8c:b5:f5:e7:26,80,1,0,0,-73,A,78:8c:b5:f5:e7:26"
1791489494.205,"B,55577,10,46:88:44:6e:4f:e4,1400,4,0,0,-26,S,5c:62:8b:66:67:d2"
1791489494.205,"B,55577,10,5c:62:8b:66:67:d2,6817,8,1624,12,-46,A,5c:62:8b:66:67:d2"
1791489494.205,"B,55577,10,b2:db:ca:e6:29:a6,56,2,0,0,-27,S,5c:62:8b:66:67:d2"
1791489494.205,"B,55577,10,72:3b:01:24:b7:c8,168,6,6817,8,-20,S,5c:62:8b:66:67:d2"
1791489494.205,"B,55677,10,46:88:44:6e:4f:e4,11573,12,0,0,-27,S,5c:62:8b:66:67:d2"
1791489494.405,"B,55677,10,5c:62:8b:66:67:d2,0,0,11741,18,-46,A,5c:62:8b:66:67:d2"
1791489494.405,"B,55677,10,b2:db:ca:e6:29:a6,56,2,0,0,-29,S,5c:62:8b:66:67:d2"
1791489494.405,"B,55677,10,72:3b:01:24:b7:c8,112,4,0,0,-20,S,5c:62:8b:66:67:d2"
1791489494.405,"B,55777,10,46:88:44:6e:4f:e4,7986,10,0,0,-26,S,5c:62:8b:66:67:d2"
1791489494.405,"B,55777,10,5c:62:8b:66:67:d2,5893,6,8126,15,-45,A,5c:62:8b:66:67:d2"
1791489494.405,"B,55777,10,b2:db:ca:e6:29:a6,56,2,0,0,-29,S,5c:62:8b:66:67:d2"
1791489494.405,"B,55777,10,72:3b:01:24:b7:c8,84,3,5893,6,-20,S,5c:62:8b:66:67:d2"
1791489494.405,"B,55877,10,46:88:44:6e:4f:e4,6255,8,0,0,-26,S,5c:62:8b:66:67:d2"
1791489494.605,"B,55877,10,5c:62:8b:66:67:d2,0,0,6395,13,-45,A,5c:62:8b:66:67:d2"
1791489494.605,"B,55877,10,b2:db:ca:e6:29:a6,28,1,0,0,-29,S,5c:62:8b:66:67:d2"
1791489494.605,"B,55877,10,72:3b:01:24:b7:c8,112,4,0,0,-20,S,5c:62:8b:66:67:d2"
1791489494.605,"B,55977,10,46:88:44:6e:4f:e4,6195,8,0,0,-27,S,5c:62:8b:66:67:d2"
1791489494.605,"B,55977,10,5c:62:8b:66:67:d2,12500,15,6363,14,-44,A,5c:62:8b:66:67:d2"
1791489494.605,"B,55977,10,b2:db:ca:e6:29:a6,84,3,0,0,-29,S,5c:62:8b:66:67:d2"
1791489494.605,"B,55977,10,72:3b:01:24:b7:c8,84,3,12500,15,-39,S,5c:62:8b:66:67:d2"
1791489494.605,"B,56077,10,46:88:44:6e:4f:e4,6465,9,0,0,-27,S,5c:62:8b:66:67:d2"
1791489494.605,"B,56077,10,5c:62:8b:66:67:d2,6087,7,6745,19,-44,A,5c:62:8b:66:67:d2"
1791489494.605,"B,56077,10,b2:db:ca:e6:29:a6,56,2,0,0,-29,S,5c:62:8b:66:67:d2"
1791489494.605,"B,56077,10,72:3b:01:24:b7:c8,224,8,6087,7,-22,S,5c:62:8b:66:67:d2"
1791489494.805,"B,56177,10,46:88:44:6e:4f:e4,1078,4,0,0,-26,S,5c:62:8b:66:67:d2"
1791489494.805,"B,56177,10,5c:62:8b:66:67:d2,350,1,1218,9,-44,A,5c:62:8b:66:67:d2"
1791489494.805,"B,56177,10,b2:db:ca:e6:29:a6,56,2,0,0,-28,S,5c:62:8b:66:67:d2"
1791489494.805,"B,56177,10,72:3b:01:24:b7:c8,84,3,350,1,-19,S,5c:62:8b:66:67:d2"
1791489494.805,"B,56277,10,46:88:44:6e:4f:e4,9027,11,0,0,-28,S,5c:62:8b:66:67:d2"
1791489494.805,"B,56277,10,5c:62:8b:66:67:d2,700,2,9083,13,-44,A,5c:62:8b:66:67:d2"
1791489495.006,"B,56277,10,b2:db:ca:e6:29:a6,28,1,0,0,-29,S,5c:62:8b:66:67:d2"
1791489495.006,"B,56277,10,72:3b:01:24:b7:c8,28,1,700,2,-19,S,5c:62:8b:66:67:d2"
1791489495.006,"M,56351,slot,7,0"
1791489495.006,"B,56377,10,46:88:44:6e:4f:e4,7699,10,0,0,-27,S,5c:62:8b:66:67:d2"
1791489495.006,"B,56377,10,5c:62:8b:66:67:d2,0,0,7951,19,-45,A,5c:62:8b:66:67:d2"
1791489495.006,"B,56377,10,b2:db:ca:e6:29:a6,56,2,0,0,-28,S,5c:62:8b:66:67:d2"
1791489495.006,"B,56377,10,72:3b:01:24:b7:c8,196,7,0,0,-19,S,5c:62:8b:66:67:d2"
1791489495.006,"B,56477,10,46:88:44:6e:4f:e4,5831,8,0,0,-26,S,5c:62:8b:66:67:d2"
1791489495.006,"B,56477,10,5c:62:8b:66:67:d2,11268,13,5915,11,-45,A,5c:62:8b:66:67:d2"
1791489495.006,"B,56477,10,b2:db:ca:e6:29:a6,28,1,0,0,-29,S,5c:62:8b:66:67:d2"
1791489495.006,"B,56477,10,72:3b:01:24:b7:c8,56,2,11268,13,-19,S,5c:62:8b:66:67:d2"
1791489495.206,"B,56577,10,46:88:44:6e:4f:e4,5871,8,0,0,-27,S,5c:62:8b:66:67:d2"
1791489495.206,"B,56577,10,5c:62:8b:66:67:d2,700,2,6151,18,-47,A,5c:62:8b:66:67:d2"
1791489495.206,"B,56577,10,b2:db:ca:e6:29:a6,28,1,0,0,-29,S,5c:62:8b:66:67:d2"
1791489495.206,"B,56577,10,72:3b:01:24:b7:c8,252,9,700,2,-19,S,5c:62:8b:66:67:d2"
1791489495.206,"B,56677,10,46:88:44:6e:4f:e4,5799,8,0,0,-27,S,5c:62:8b:66:67:d2"
1791489495.206,"B,56677,10,5c:62:8b:66:67:d2,0,0,5827,9,-46,A,5c:62:8b:66:67:d2"
1791489495.406,"B,56677,10,72:3b:01:24:b7:c8,28,1,0,0,-19,S,5c:62:8b:66:67:d2"
1791489495.406,"B,56777,10,46:88:44:6e:4f:e4,1050,3,0,0,-26,S,5c:62:8b:66:67:d2"
1791489495.406,"B,56777,10,5c:62:8b:66:67:d2,0,0,1162,7,-47,A,5c:62:8b:66:67:d2"
1791489495.406,"B,56777,10,72:3b:01:24:b7:c8,112,4,0,0,-19,S,5c:62:8b:66:67:d2"
1791489495.406,"B,56777,10,38:d5:7a:f4:5a:37,60,2,0,0,-93,S,8a:ce:16:78:6f:dc"
1791489495.406,"B,56777,10,8a:ce:16:78:6f:dc,0,0,60,2,0,A,8a:ce:16:78:6f:dc"
1791489495.406,"B,56877,10,46:88:44:6e:4f:e4,6487,10,0,0,-27,S,5c:62:8b:66:67:d2"
1791489495.406,"B,56877,10,5c:62:8b:66:67:d2,1400,4,6571,13,-46,A,5c:62:8b:66:67:d2"
1791489495.606,"B,56877,10,72:3b:01:24:b7:c8,84,3,1400,4,-19,S,5c:62:8b:66:67:d2"
1791489495.606,"B,56977,10,78:8c:b5:f5:e7:26,0,0,30,1,-72,A,78:8c:b5:f5:e7:26"
1791489495.606,"B,56977,10,46:88:44:6e:4f:e4,5647,8,0,0,-26,S,5c:62:8b:66:67:d2"
1791489495.606,"B,56977,10,5c:62:8b:66:67:d2,10678,12,5731,11,-46,A,5c:62:8b:66:67:d2"
1791489495.606,"B,56977,10,72:3b:01:24:b7:c8,84,3,10678,12,-19,S,5c:62:8b:66:67:d2"
1791489495.606,"B,56977,10,a6:4c:bd:b6:c7:99,30,1,0,0,-85,S,78:8c:b5:f5:e7:26"
1791489495.606,"B,57077,10,78:8c:b5:f5:e7:26,0,0,60,2,-73,A,78:8c:b5:f5:e7:26"
1791489495.606,"B,57077,10,46:88:44:6e:4f:e4,5683,8,0,0,-27,S,5c:62:8b:66:67:d2"
1791489495.807,"B,57077,10,5c:62:8b:66:67:d2,6249,12,5851,14,-44,A,5c:62:8b:66:67:d2"
1791489495.807,"B,57077,10,72:3b:01:24:b7:c8,168,6,6249,12,-20,S,5c:62:8b:66:67:d2"
1791489495.807,"B,57077,10,a6:4c:bd:b6:c7:99,60,2,0,0,-87,S,78:8c:b5:f5:e7:26"
1791489495.807,"B,57177,10,78:8c:b5:f5:e7:26,0,0,30,1,0,A,78:8c:b5:f5:e7:26"
1791489495.807,"B,57177,10,46:88:44:6e:4f:e4,10650,13,0,0,-27,S,5c:62:8b:66:67:d2"
1791489495.807,"B,57177,10,5c:62:8b:66:67:d2,3850,11,10790,18,-44,A,5c:62:8b:66:67:d2"
1791489495.807,"B,57177,10,72:3b:01:24:b7:c8,140,5,3850,11,-24,S,5c:62:8b:66:67:d2"
1791489495.807,"B,57177,10,a6:4c:bd:b6:c7:99,30,1,0,0,-88,S,78:8c:b5:f5:e7:26"
1791489495.807,"B,57277,10,46:88:44:6e:4f:e4,5983,8,0,0,-28,S,5c:62:8b:66:67:d2"
1791489495.807,"B,57277,10,5c:62:8b:66:67:d2,5867,7,6123,13,-44,A,5c:62:8b:66:67:d2"
1791489495.807,"B,57277,10,72:3b:01:24:b7:c8,140,5,5867,7,-22,S,5c:62:8b:66:67:d2"
1791489496.008,"B,57377,10,78:8c:b5:f5:e7:26,84,1,30,1,-75,A,78:8c:b5:f5:e7:26"
1791489496.008,"B,57377,10,46:88:44:6e:4f:e4,1050,3,0,0,-28,S,5c:62:8b:66:67:d2"
1791489496.008,"B,57377,10,5c:62:8b:66:67:d2,6501,10,1162,7,-43,A,5c:62:8b:66:67:d2"
1791489496.008,"B,57377,10,72:3b:01:24:b7:c8,112,4,6501,10,-19,S,5c:62:8b:66:67:d2"
1791489496.008,"B,57377,10,a6:4c:bd:b6:c7:99,30,1,0,0,-85,S,78:8c:b5:f5:e7:26"
1791489496.008,"B,57477,10,78:8c:b5:f5:e7:26,0,0,457,8,-71,A,78:8c:b5:f5:e7:26"
1791489496.008,"B,57477,10,46:88:44:6e:4f:e4,7441,9,0,0,-27,S,5c:62:8b:66:67:d2"
1791489496.008,"B,57477,10,5c:62:8b:66:67:d2,0,0,7469,10,-43,A,5c:62:8b:66:67:d2"
1791489496.008,"B,57477,10,72:3b:01:24:b7:c8,28,1,0,0,-20,S,5c:62:8b:66:67:d2"
1791489496.008,"B,57477,10,a6:4c:bd:b6:c7:99,457,8,0,0,-85,S,78:8c:b5:f5:e7:26"
1791489496.209,"B,57577,10,78:8c:b5:f5:e7:26,0,0,280,4,-71,A,78:8c:b5:f5:e7:26"
1791489496.209,"B,57577,10,46:88:44:6e:4f:e4,4913,7,0,0,-26,S,5c:62:8b:66:67:d2"
1791489496.209,"B,57577,10,5c:62:8b:66:67:d2,350,1,4913,7,-43,A,5c:62:8b:66:67:d2"
1791489496.209,"B,57577,10,72:3b:01:24:b7:c8,0,0,350,1,0,S,5c:62:8b:66:67:d2"
1791489496.209,"B,57577,10,a6:4c:bd:b6:c7:99,280,4,0,0,-83,S,78:8c:b5:f5:e7:26"
1791489496.209,"B,57677,10,78:8c:b5:f5:e7:26,0,0,1331,9,0,A,78:8c:b5:f5:e7:26"
1791489496.209,"B,57677,10,46:88:44:6e:4f:e4,7633,9,0,0,-27,S,5c:62:8b:66:67:d2"
1791489496.209,"B,57677,10,5c:62:8b:66:67:d2,13350,16,7689,11,-44,A,5c:62:8b:66:67:d2"
1791489496.209,"B,57677,10,72:3b:01:24:b7:c8,56,2,13350,16,-19,S,5c:62:8b:66:67:d2"
1791489496.209,"B,57677,10,a6:4c:bd:b6:c7:99,1331,9,0,0,-83,S,78:8c:b5:f5:e7:26"
1791489496.410,"B,57777,10,46:88:44:6e:4f:e4,8939,11,0,0,-27,S,5c:62:8b:66:67:d2"
1791489496.410,"B,57777,10,5c:62:8b:66:67:d2,0,0,9219,21,0,A,5c:62:8b:66:67:d2"
1791489496.410,"B,57777,10,b2:db:ca:e6:29:a6,56,2,0,0,-30,S,5c:62:8b:66:67:d2"
1791489496.410,"B,57777,10,72:3b:01:24:b7:c8,224,8,0,0,-19,S,5c:62:8b:66:67:d2"
1791489496.410,"B,57877,10,46:88:44:6e:4f:e4,6905,9,0,0,-27,S,5c:62:8b:66:67:d2"
1791489496.410,"B,57877,10,5c:62:8b:66:67:d2,3249,4,7073,15,-43,A,5c:62:8b:66:67:d2"
1791489496.410,"B,57877,10,b2:db:ca:e6:29:a6,28,1,0,0,-29,S,5c:62:8b:66:67:d2"
1791489496.410,"B,57877,10,72:3b:01:24:b7:c8,140,5,3249,4,-21,S,5c:62:8b:66:67:d2"
1791489496.610,"B,57977,10,78:8c:b5:f5:e7:26,0,0,60,2,0,A,78:8c:b5:f5:e7:26"
1791489496.610,"B,57977,10,46:88:44:6e:4f:e4,1400,4,0,0,-27,S,5c:62:8b:66:67:d2"
1791489496.610,"B,57977,10,5c:62:8b:66:67:d2,0,0,1512,8,-44,A,5c:62:8b:66:67:d2"
1791489496.610,"B,57977,10,b2:db:ca:e6:29:a6,56,2,0,0,-28,S,5c:62:8b:66:67:d2"
1791489496.610,"B,57977,10,72:3b:01:24:b7:c8,56,2,0,0,-20,S,5c:62:8b:66:67:d2"
1791489496.610,"B,57977,10,a6:4c:bd:b6:c7:99,60,2,0,0,-83,S,78:8c:b5:f5:e7:26"
1791489496.610,"B,58077,10,46:88:44:6e:4f:e4,10857,12,0,0,-27,S,5c:62:8b:66:67:d2"
1791489496.610,"B,58077,10,5c:62:8b:66:67:d2,22090,24,11137,22,-45,A,5c:62:8b:66:67:d2"
1791489496.610,"B,58077,10,b2:db:ca:e6:29:a6,28,1,0,0,-28,S,5c:62:8b:66:67:d2"
1791489496.610,"B,58077,10,72:3b:01:24:b7:c8,252,9,22090,24,-19,S,5c:62:8b:66:67:d2"
1791489496.811,"B,58177,10,46:88:44:6e:4f:e4,7229,9,0,0,-27,S,5c:62:8b:66:67:d2"
1791489496.811,"B,58177,10,5c:62:8b:66:67:d2,25061,27,7481,18,-44,A,5c:62:8b:66:67:d2"
1791489496.811,"B,58177,10,b2:db:ca:e6:29:a6,56,2,3108,2,-30,S,5c:62:8b:66:67:d2"
1791489496.811,"B,58177,10,72:3b:01:24:b7:c8,196,7,21953,25,-19,S,5c:62:8b:66:67:d2"
1791489496.811,"B,58277,10,46:88:44:6e:4f:e4,7037,9,0,0,-27,S,5c:62:8b:66:67:d2"
1791489496.811,"B,58277,10,5c:62:8b:66:67:d2,0,0,7149,13,-45,A,5c:62:8b:66:67:d2"
1791489496.811,"B,58277,10,b2:db:ca:e6:29:a6,56,2,0,0,-27,S,5c:62:8b:66:67:d2"
1791489496.811,"B,58277,10,72:3b:01:24:b7:c8,56,2,0,0,-20,S,5c:62:8b:66:67:d2"
1791489497.012,"B,58377,10,78:8c:b5:f5:e7:26,0,0,30,1,0,A,78:8c:b5:f5:e7:26"
1791489497.012,"B,58377,10,46:88:44:6e:4f:e4,10029,11,0,0,-27,S,5c:62:8b:66:67:d2"
1791489497.012,"B,58377,10,5c:62:8b:66:67:d2,14018,16,10169,16,-45,A,5c:62:8b:66:67:d2"
1791489497.012,"B,58377,10,b2:db:ca:e6:29:a6,56,2,0,0,-28,S,5c:62:8b:66:67:d2"
1791489497.012,"B,58377,10,72:3b:01:24:b7:c8,84,3,14018,16,-20,S,5c:62:8b:66:67:d2"
1791489497.012,"B,58377,10,a6:4c:bd:b6:c7:99,30,1,0,0,-89,S,78:8c:b5:f5:e7:26"
1791489497.012,"B,58477,10,78:8c:b5:f5:e7:26,0,0,30,1,-72,A,78:8c:b5:f5:e7:26"
1791489497.012,"B,58477,10,46:88:44:6e:4f:e4,1078,4,0,0,-27,S,5c:62:8b:66:67:d2"
1791489497.012,"B,58477,10,5c:62:8b:66:67:d2,22367,28,1218,9,-48,A,5c:62:8b:66:67:d2"
1791489497.012,"B,58477,10,b2:db:ca:e6:29:a6,28,1,0,0,-29,S,5c:62:8b:66:67:d2"
1791489497.012,"B,58477,10,72:3b:01:24:b7:c8,112,4,22367,28,-20,S,5c:62:8b:66:67:d2"
1791489497.012,"B,58477,10,a6:4c:bd:b6:c7:99,30,1,0,0,-90,S,78:8c:b5:f5:e7:26"
1791489497.213,"B,58577,10,78:8c:b5:f5:e7:26,159,1,30,1,-71,A,78:8c:b5:f5:e7:26"
1791489497.213,"B,58577,10,46:88:44:6e:4f:e4,7987,12,0,0,-27,S,5c:62:8b:66:67:d2"
1791489497.213,"B,58577,10,5c:62:8b:66:67:d2,0,0,8407,27,-50,A,5c:62:8b:66:67:d2"
1791489497.213,"B,58577,10,b2:db:ca:e6:29:a6,84,3,0,0,-29,S,5c:62:8b:66:67:d2"
1791489497.213,"B,58577,10,72:3b:01:24:b7:c8,336,12,0,0,-20,S,5c:62:8b:66:67:d2"
1791489497.213,"B,58577,10,a6:4c:bd:b6:c7:99,30,1,159,1,-87,S,78:8c:b5:f5:e7:26"
1791489497.213,"B,58677,10,78:8c:b5:f5:e7:26,0,0,30,1,-73,A,78:8c:b5:f5:e7:26"
1791489497.213,"B,58677,10,46:88:44:6e:4f:e4,7033,8,0,0,-27,S,5c:62:8b:66:67:d2"
1791489497.213,"B,58677,10,5c:62:8b:66:67:d2,0,0,7117,11,-49,A,5c:62:8b:66:67:d2"
1791489497.213,"B,58677,10,72:3b:01:24:b7:c8,84,3,0,0,-20,S,5c:62:8b:66:67:d2"
1791489497.213,"B,58677,10,a6:4c:bd:b6:c7:99,30,1,0,0,-86,S,78:8c:b5:f5:e7:26"
1791489497.414,"B,58777,10,78:8c:b5:f5:e7:26,0,0,114,1,-73,A,78:8c:b5:f5:e7:26"
1791489497.414,"B,58777,10,46:88:44:6e:4f:e4,7113,9,0,0,-27,S,5c:62:8b:66:67:d2"
1791489497.414,"B,58777,10,5c:62:8b:66:67:d2,21301,24,7225,13,-48,A,5c:62:8b:66:67:d2"
1791489497.414,"B,58777,10,b2:db:ca:e6:29:a6,28,1,0,0,-28,S,5c:62:8b:66:67:d2"
1791489497.414,"B,58777,10,72:3b:01:24:b7:c8,84,3,21301,24,-19,S,5c:62:8b:66:67:d2"
1791489497.414,"B,58777,10,a6:4c:bd:b6:c7:99,114,1,0,0,-89,S,78:8c:b5:f5:e7:26"
1791489497.414,"B,58777,10,38:d5:7a:f4:5a:37,30,1,0,0,-88,S,8a:ce:16:78:6f:dc"
1791489497.414,"B,58777,10,8a:ce:16:78:6f:dc,0,0,30,1,0,A,8a:ce:16:78:6f:dc"
1791489497.414,"B,58877,10,78:8c:b5:f5:e7:26,0,0,60,2,-74,A,78:8c:b5:f5:e7:26"
1791489497.414,"B,58877,10,46:88:44:6e:4f:e4,7233,9,0,0,-26,S,5c:62:8b:66:67:d2"
1791489497.414,"B,58877,10,5c:62:8b:66:67:d2,7555,9,7513,19,-49,A,5c:62:8b:66:67:d2"
1791489497.414,"B,58877,10,b2:db:ca:e6:29:a6,28,1,0,0,-28,S,5c:62:8b:66:67:d2"
1791489497.414,"B,58877,10,72:3b:01:24:b7:c8,252,9,7555,9,-19,S,5c:62:8b:66:67:d2"
1791489497.414,"B,58877,10,a6:4c:bd:b6:c7:99,60,2,0,0,-88,S,78:8c:b5:f5:e7:26"
1791489497.617,"B,58977,10,78:8c:b5:f5:e7:26,0,0,30,1,0,A,78:8c:b5:f5:e7:26"
1791489497.617,"B,58977,10,46:88:44:6e:4f:e4,7567,10,0,0,-26,S,5c:62:8b:66:67:d2"
1791489497.617,"B,58977,10,5c:62:8b:66:67:d2,8011,11,7707,15,-50,A,5c:62:8b:66:67:d2"
1791489497.617,"B,58977,10,b2:db:ca:e6:29:a6,56,2,0,0,-26,S,5c:62:8b:66:67:d2"
1791489497.617,"B,58977,10,72:3b:01:24:b7:c8,84,3,8011,11,-19,S,5c:62:8b:66:67:d2"
1791489497.617,"B,58977,10,a6:4c:bd:b6:c7:99,30,1,0,0,-92,S,78:8c:b5:f5:e7:26"
1791489497.617,"B,59077,10,46:88:44:6e:4f:e4,4783,6,0,0,-26,S,5c:62:8b:66:67:d2"
1791489497.617,"B,59077,10,5c:62:8b:66:67:d2,0,0,4895,10,-49,A,5c:62:8b:66:67:d2"
1791489497.617,"B,59077,10,b2:db:ca:e6:29:a6,56,2,0,0,-28,S,5c:62:8b:66:67:d2"
1791489497.617,"B,59077,10,72:3b:01:24:b7:c8,56,2,0,0,-20,S,5c:62:8b:66:67:d2"
1791489497.819,"B,59177,10,78:8c:b5:f5:e7:26,0,0,30,1,0,A,78:8c:b5:f5:e7:26"
1791489497.819,"B,59177,10,46:88:44:6e:4f:e4,4700,6,0,0,-28,S,5c:62:8b:66:67:d2"
1791489497.819,"B,59177,10,5c:62:8b:66:67:d2,350,1,4840,11,-49,A,5c:62:8b:66:67:d2"
1791489497.819,"B,59177,10,b2:db:ca:e6:29:a6,56,2,0,0,-29,S,5c:62:8b:66:67:d2"
1791489497.819,"B,59177,10,72:3b:01:24:b7:c8,84,3,350,1,-20,S,5c:62:8b:66:67:d2"
1791489497.819,"B,59177,10,a6:4c:bd:b6:c7:99,30,1,0,0,-90,S,78:8c:b5:f5:e7:26"
1791489497.819,"B,59277,10,78:8c:b5:f5:e7:26,0,0,30,1,0,A,78:8c:b5:f5:e7:26"
1791489497.819,"B,59277,10,46:88:44:6e:4f:e4,7591,10,0,0,-28,S,5c:62:8b:66:67:d2"
1791489497.819,"B,59277,10,5c:62:8b:66:67:d2,7213,8,7731,15,-49,A,5c:62:8b:66:67:d2"
1791489497.819,"B,59277,10,b2:db:ca:e6:29:a6,56,2,0,0,-30,S,5c:62:8b:66:67:d2"
1791489497.819,"B,59277,10,72:3b:01:24:b7:c8,84,3,7213,8,-19,S,5c:62:8b:66:67:d2"
1791489497.819,"B,59277,10,a6:4c:bd:b6:c7:99,30,1,0,0,-90,S,78:8c:b5:f5:e7:26"
1791489498.021,"B,59377,10,46:88:44:6e:4f:e4,5491,8,0,0,-28,S,5c:62:8b:66:67:d2"
1791489498.021,"B,59377,10,5c:62:8b:66:67:d2,5813,8,5631,13,-49,A,5c:62:8b:66:67:d2"
1791489498.021,"B,59377,10,b2:db:ca:e6:29:a6,56,2,0,0,-30,S,5c:62:8b:66:67:d2"
1791489498.021,"B,59377,10,72:3b:01:24:b7:c8,84,3,5813,8,-19,S,5c:62:8b:66:67:d2"
1791489498.021,"B,59477,10,78:8c:b5:f5:e7:26,0,0,150,5,-73,A,78:8c:b5:f5:e7:26"
1791489498.021,"B,59477,10,46:88:44:6e:4f:e4,5511,8,0,0,-28,S,5c:62:8b:66:67:d2"
1791489498.021,"B,59477,10,5c:62:8b:66:67:d2,0,0,5763,17,-50,A,5c:62:8b:66:67:d2"
1791489498.021,"B,59477,10,b2:db:ca:e6:29:a6,28,1,0,0,-30,S,5c:62:8b:66:67:d2"
1791489498.021,"B,59477,10,72:3b:01:24:b7:c8,224,8,0,0,-19,S,5c:62:8b:66:67:d2"
1791489498.021,"B,59477,10,a6:4c:bd:b6:c7:99,150,5,0,0,-88,S,78:8c:b5:f5:e7:26"
1791489498.223,"B,59577,10,78:8c:b5:f5:e7:26,80,1,30,1,-77,A,78:8c:b5:f5:e7:26"
1791489498.223,"B,59577,10,46:88:44:6e:4f:e4,1078,4,0,0,-30,S,5c:62:8b:66:67:d2"
1791489498.223,"B,59577,10,5c:62:8b:66:67:d2,6183,9,1190,8,-51,A,5c:62:8b:66:67:d2"
1791489498.223,"B,59577,10,b2:db:ca:e6:29:a6,56,2,0,0,-37,S,5c:62:8b:66:67:d2"
1791489498.223,"B,59577,10,72:3b:01:24:b7:c8,56,2,6183,9,-19,S,5c:62:8b:66:67:d2"
1791489498.223,"B,59577,10,a6:4c:bd:b6:c7:99,30,1,0,0,-90,S,78:8c:b5:f5:e7:26"
1791489498.223,"B,59677,10,46:88:44:6e:4f:e4,5531,7,0,0,-33,S,5c:62:8b:66:67:d2"
1791489498.223,"B,59677,10,5c:62:8b:66:67:d2,0,0,5783,16,-52,A,5c:62:8b:66:67:d2"
1791489498.223,"B,59677,10,b2:db:ca:e6:29:a6,28,1,0,0,-37,S,5c:62:8b:66:67:d2"
1791489498.223,"B,59677,10,72:3b:01:24:b7:c8,224,8,0,0,-19,S,5c:62:8b:66:67:d2"
1791489498.424,"B,59777,10,46:88:44:6e:4f:e4,6554,9,0,0,-35,S,5c:62:8b:66:67:d2"
1791489498.424,"B,59777,10,5c:62:8b:66:67:d2,2934,5,6750,16,-49,A,5c:62:8b:66:67:d2"
1791489498.424,"B,59777,10,b2:db:ca:e6:29:a6,56,2,0,0,-29,S,5c:62:8b:66:67:d2"
1791489498.424,"B,59777,10,72:3b:01:24:b7:c8,140,5,2934,5,-18,S,5c:62:8b:66:67:d2"
1791489498.424,"B,59877,10,46:88:44:6e:4f:e4,9056,13,0,0,-29,S,5c:62:8b:66:67:d2"
1791489498.424,"B,59877,10,5c:62:8b:66:67:d2,4755,5,9196,18,-48,A,5c:62:8b:66:67:d2"
1791489498.424,"B,59877,10,b2:db:ca:e6:29:a6,56,2,0,0,-28,S,5c:62:8b:66:67:d2"
1791489498.424,"B,59877,10,72:3b:01:24:b7:c8,84,3,4755,5,-18,S,5c:62:8b:66:67:d2"
1791489498.629,"B,59977,10,46:88:44:6e:4f:e4,5387,8,0,0,-28,S,5c:62:8b:66:67:d2"
1791489498.629,"B,59977,10,5c:62:8b:66:67:d2,700,2,5639,17,-46,A,5c:62:8b:66:67:d2"
1791489498.629,"B,59977,10,b2:db:ca:e6:29:a6,56,2,0,0,-28,S,5c:62:8b:66:67:d2"
1791489498.629,"B,59977,10,72:3b:01:24:b7:c8,196,7,700,2,-18,S,5c:62:8b:66:67:d2"
1791489498.629,"B,60077,10,78:8c:b5:f5:e7:26,0,0,30,1,-73,A,78:8c:b5:f5:e7:26"
1791489498.629,"B,60077,10,46:88:44:6e:4f:e4,5603,8,0,0,-27,S,5c:62:8b:66:67:d2"
1791489498.629,"B,60077,10,5c:62:8b:66:67:d2,700,2,5743,13,-45,A,5c:62:8b:66:67:d2"
1791489498.629,"B,60077,10,b2:db:ca:e6:29:a6,56,2,0,0,-27,S,5c:62:8b:66:67:d2"
1791489498.629,"B,60077,10,72:3b:01:24:b7:c8,84,3,700,2,-19,S,5c:62:8b:66:67:d2"
1791489498.629,"B,60077,10,a6:4c:bd:b6:c7:99,30,1,0,0,-88,S,78:8c:b5:f5:e7:26"
1791489498.833,"I,60113,stat,rx=11980,drops=0,ch=10,bin=100,hop=0,heap=203064"
1791489498.833,"B,60177,10,46:88:44:6e:4f:e4,7389,13,0,0,-26,S,5c:62:8b:66:67:d2"
1791489498.833,"B,60177,10,5c:62:8b:66:67:d2,5225,6,7641,22,-45,A,5c:62:8b:66:67:d2"
1791489498.833,"B,60177,10,b2:db:ca:e6:29:a6,112,4,0,0,-28,S,5c:62:8b:66:67:d2"
1791489498.833,"B,60177,10,72:3b:01:24:b7:c8,140,5,5225,6,-17,S,5c:62:8b:66:67:d2"
1791489498.833,"B,60277,10,46:88:44:6e:4f:e4,2121,5,0,0,-25,S,5c:62:8b:66:67:d2"
1791489498.833,"B,60277,10,5c:62:8b:66:67:d2,0,0,2373,14,-46,A,5c:62:8b:66:67:d2"
1791489498.833,"B,60277,10,b2:db:ca:e6:29:a6,56,2,0,0,-27,S,5c:62:8b:66:67:d2"
1791489498.833,"B,60277,10,72:3b:01:24:b7:c8,196,7,0,0,-17,S,5c:62:8b:66:67:d2"
1791489499.035,"B,60377,10,46:88:44:6e:4f:e4,4500,6,0,0,-26,S,5c:62:8b:66:67:d2"
1791489499.035,"B,60377,10,5c:62:8b:66:67:d2,0,0,4556,8,-45,A,5c:62:8b:66:67:d2"
1791489499.035,"B,60377,10,b2:db:ca:e6:29:a6,56,2,0,0,-27,S,5c:62:8b:66:67:d2"
1791489499.035,"B,60477,10,78:8c:b5:f5:e7:26,0,0,30,1,-74,A,78:8c:b5:f5:e7:26"
1791489499.035,"B,60477,10,46:88:44:6e:4f:e4,5447,8,0,0,-26,S,5c:62:8b:66:67:d2"
1791489499.035,"B,60477,10,5c:62:8b:66:67:d2,11776,17,5559,12,-45,A,5c:62:8b:66:67:d2"
1791489499.035,"B,60477,10,b2:db:ca:e6:29:a6,28,1,0,0,-30,S,5c:62:8b:66:67:d2"
1791489499.035,"B,60477,10,72:3b:01:24:b7:c8,84,3,11776,17,-21,S,5c:62:8b:66:67:d2"
1791489499.035,"B,60477,10,a6:4c:bd:b6:c7:99,30,1,0,0,-85,S,78:8c:b5:f5:e7:26"
1791489499.239,"B,60577,10,46:88:44:6e:4f:e4,5287,8,0,0,-27,S,5c:62:8b:66:67:d2"
1791489499.239,"B,60577,10,5c:62:8b:66:67:d2,700,2,5623,20,-45,A,5c:62:8b:66:67:d2"
1791489499.239,"B,60577,10,b2:db:ca:e6:29:a6,56,2,0,0,-29,S,5c:62:8b:66:67:d2"
1791489499.239,"B,60577,10,72:3b:01:24:b7:c8,280,10,700,2,-16,S,5c:62:8b:66:67:d2"
1791489499.239,"B,60677,10,46:88:44:6e:4f:e4,1078,4,0,0,-27,S,5c:62:8b:66:67:d2"
1791489499.239,"B,60677,10,5c:62:8b:66:67:d2,5609,8,1218,9,-46,A,5c:62:8b:66:67:d2"
1791489499.239,"B,60677,10,b2:db:ca:e6:29:a6,28,1,0,0,-28,S,5c:62:8b:66:67:d2"
1791489499.239,"B,60677,10,72:3b:01:24:b7:c8,112,4,5609,8,-18,S,5c:62:8b:66:67:d2"
1791489499.444,"B,60777,10,46:88:44:6e:4f:e4,10103,11,0,0,-28,S,5c:62:8b:66:67:d2"
1791489499.444,"B,60777,10,5c:62:8b:66:67:d2,10888,11,10243,16,-47,A,5c:62:8b:66:67:d2"
1791489499.444,"B,60777,10,b2:db:ca:e6:29:a6,28,1,0,0,-28,S,5c:62:8b:66:67:d2"
1791489499.444,"B,60777,10,72:3b:01:24:b7:c8,112,4,10888,11,-14,S,5c:62:8b:66:67:d2"
1791489499.444,"B,60877,10,46:88:44:6e:4f:e4,1428,5,0,0,-28,S,5c:62:8b:66:67:d2"
1791489499.444,"B,60877,10,5c:62:8b:66:67:d2,0,0,1512,8,-47,A,5c:62:8b:66:67:d2"
1791489499.444,"B,60877,10,72:3b:01:24:b7:c8,84,3,0,0,-13,S,5c:62:8b:66:67:d2"
1791489499.650,"B,60977,10,46:88:44:6e:4f:e4,6999,9,0,0,-28,S,5c:62:8b:66:67:d2"
1791489499.650,"B,60977,10,5c:62:8b:66:67:d2,5649,8,7111,13,-48,A,5c:62:8b:66:67:d2"
1791489499.650,"B,60977,10,72:3b:01:24:b7:c8,112,4,5649,8,-13,S,5c:62:8b:66:67:d2"
1791489499.650,"B,61077,10,46:88:44:6e:4f:e4,6391,7,0,0,-28,S,5c:62:8b:66:67:d2"
1791489499.650,"B,61077,10,5c:62:8b:66:67:d2,7091,9,6475,10,-49,A,5c:62:8b:66:67:d2"
1791489499.650,"B,61077,10,72:3b:01:24:b7:c8,84,3,7091,9,-14,S,5c:62:8b:66:67:d2"
1791489499.854,"B,61177,10,46:88:44:6e:4f:e4,4841,7,0,0,-28,S,5c:62:8b:66:67:d2"
1791489499.854,"B,61177,10,5c:62:8b:66:67:d2,5969,6,4925,10,-49,A,5c:62:8b:66:67:d2"
1791489499.854,"B,61177,10,72:3b:01:24:b7:c8,84,3,5969,6,-13,S,5c:62:8b:66:67:d2"
1791489499.854,"B,61277,10,46:88:44:6e:4f:e4,6231,9,0,0,-29,S,5c:62:8b:66:67:d2"
1791489499.854,"B,61277,10,5c:62:8b:66:67:d2,0,0,6315,12,-48,A,5c:62:8b:66:67:d2"
1791489499.854,"B,61277,10,72:3b:01:24:b7:c8,84,3,0,0,-13,S,5c:62:8b:66:67:d2"
1791489500.059,"B,61377,10,78:8c:b5:f5:e7:26,0,0,30,1,-73,A,78:8c:b5:f5:e7:26"
1791489500.059,"B,61377,10,46:88:44:6e:4f:e4,6167,8,0,0,-35,S,5c:62:8b:66:67:d2"
1791489500.059,"B,61377,10,5c:62:8b:66:67:d2,700,2,6279,12,-46,A,5c:62:8b:66:67:d2"
1791489500.059,"B,61377,10,72:3b:01:24:b7:c8,112,4,700,2,-13,S,5c:62:8b:66:67:d2"
1791489500.059,"B,61377,10,a6:4c:bd:b6:c7:99,30,1,0,0,-88,S,78:8c:b5:f5:e7:26"
1791489500.059,"M,61427,slot,8,1"
1791489500.059,"B,61477,10,46:88:44:6e:4f:e4,1078,4,0,0,-34,S,5c:62:8b:66:67:d2"
1791489500.059,"B,61477,10,5c:62:8b:66:67:d2,6489,8,1134,6,-46,A,5c:62:8b:66:67:d2"
1791489500.059,"B,61477,10,72:3b:01:24:b7:c8,56,2,6489,8,-14,S,5c:62:8b:66:67:d2"
1791489500.264,"B,61577,10,46:88:44:6e:4f:e4,6043,7,0,0,-37,S,5c:62:8b:66:67:d2"
1791489500.264,"B,61577,10,5c:62:8b:66:67:d2,5693,6,6211,13,-45,A,5c:62:8b:66:67:d2"
1791489500.264,"B,61577,10,72:3b:01:24:b7:c8,168,6,5693,6,-14,S,5c:62:8b:66:67:d2"
1791489500.264,"B,61677,10,46:88:44:6e:4f:e4,12687,13,0,0,-34,S,5c:62:8b:66:67:d2"
1791489500.264,"B,61677,10,5c:62:8b:66:67:d2,6405,8,12827,18,-45,A,5c:62:8b:66:67:d2"
1791489500.264,"B,61677,10,72:3b:01:24:b7:c8,140,5,6405,8,-18,S,5c:62:8b:66:67:d2"
1791489500.468,"B,61777,10,78:8c:b5:f5:e7:26,0,0,60,2,-73,A,78:8c:b5:f5:e7:26"
1791489500.468,"B,61777,10,46:88:44:6e:4f:e4,6477,9,0,0,-36,S,5c:62:8b:66:67:d2"
1791489500.468,"B,61777,10,5c:62:8b:66:67:d2,0,0,6645,15,-44,A,5c:62:8b:66:67:d2"
1791489500.468,"B,61777,10,72:3b:01:24:b7:c8,168,6,0,0,-26,S,5c:62:8b:66:67:d2"
1791489500.468,"B,61777,10,a6:4c:bd:b6:c7:99,60,2,0,0,-85,S,78:8c:b5:f5:e7:26"
1791489500.468,"B,61877,10,46:88:44:6e:4f:e4,6473,9,0,0,-36,S,5c:62:8b:66:67:d2"
1791489500.468,"B,61877,10,5c:62:8b:66:67:d2,6445,8,6585,13,-44,A,5c:62:8b:66:67:d2"
1791489500.468,"B,61877,10,72:3b:01:24:b7:c8,112,4,6445,8,-21,S,5c:62:8b:66:67:d2"
1791489500.672,"B,61977,10,46:88:44:6e:4f:e4,7226,9,0,0,-36,S,5c:62:8b:66:67:d2"
1791489500.672,"B,61977,10,5c:62:8b:66:67:d2,6505,8,7310,12,-43,A,5c:62:8b:66:67:d2"
1791489500.672,"B,61977,10,72:3b:01:24:b7:c8,84,3,6505,8,-21,S,5c:62:8b:66:67:d2"
1791489500.672,"B,62077,10,46:88:44:6e:4f:e4,1078,4,0,0,-28,S,5c:62:8b:66:67:d2"
1791489500.672,"B,62077,10,5c:62:8b:66:67:d2,1156,4,1162,7,-42,A,5c:62:8b:66:67:d2"
1791489500.672,"B,62077,10,72:3b:01:24:b7:c8,84,3,1156,4,-22,S,5c:62:8b:66:67:d2"
1791489500.876,"B,62177,10,46:88:44:6e:4f:e4,6151,7,0,0,-28,S,5c:62:8b:66:67:d2"
1791489500.876,"B,62177,10,5c:62:8b:66:67:d2,5801,6,6235,10,-42,A,5c:62:8b:66:67:d2"
1791489500.876,"B,62177,10,72:3b:01:24:b7:c8,84,3,5801,6,-23,S,5c:62:8b:66:67:d2"
1791489500.876,"B,62277,10,46:88:44:6e:4f:e4,7645,9,0,0,-32,S,5c:62:8b:66:67:d2"
1791489500.876,"B,62277,10,5c:62:8b:66:67:d2,0,0,7841,16,-41,A,5c:62:8b:66:67:d2"
1791489500.876,"B,62277,10,72:3b:01:24:b7:c8,196,7,0,0,-23,S,5c:62:8b:66:67:d2"
1791489501.081,"B,62377,10,46:88:44:6e:4f:e4,7346,9,0,0,-29,S,5c:62:8b:66:67:d2"
1791489501.081,"B,62377,10,5c:62:8b:66:67:d2,6739,9,7430,12,-43,A,5c:62:8b:66:67:d2"
1791489501.081,"B,62377,10,72:3b:01:24:b7:c8,84,3,6739,9,-23,S,5c:62:8b:66:67:d2"
1791489501.081,"B,62477,10,46:88:44:6e:4f:e4,7015,10,0,0,-28,S,5c:62:8b:66:67:d2"
1791489501.081,"B,62477,10,5c:62:8b:66:67:d2,350,1,7239,18,-44,A,5c:62:8b:66:67:d2"
1791489501.081,"B,62477,10,72:3b:01:24:b7:c8,224,8,350,1,-24,S,5c:62:8b:66:67:d2"
1791489501.286,"B,62577,10,46:88:44:6e:4f:e4,9399,10,0,0,-36,S,5c:62:8b:66:67:d2"
1791489501.286,"B,62577,10,5c:62:8b:66:67:d2,0,0,9399,10,-44,A,5c:62:8b:66:67:d2"
1791489501.286,"B,62677,10,46:88:44:6e:4f:e4,1078,4,0,0,-46,S,5c:62:8b:66:67:d2"
1791489501.286,"B,62677,10,5c:62:8b:66:67:d2,13346,16,1386,15,-47,A,5c:62:8b:66:67:d2"
1791489501.286,"B,62677,10,72:3b:01:24:b7:c8,308,11,13346,16,-27,S,5c:62:8b:66:67:d2"
1791489501.488,"B,62777,10,78:8c:b5:f5:e7:26,0,0,30,1,-79,A,78:8c:b5:f5:e7:26"
1791489501.488,"B,62777,10,46:88:44:6e:4f:e4,4543,5,828,6,-46,S,5c:62:8b:66:67:d2"
1791489501.488,"B,62777,10,5c:62:8b:66:67:d2,7957,15,4627,8,-51,A,5c:62:8b:66:67:d2"
1791489501.488,"B,62777,10,72:3b:01:24:b7:c8,84,3,7129,9,-28,S,5c:62:8b:66:67:d2"
1791489501.488,"B,62777,10,a6:4c:bd:b6:c7:99,30,1,0,0,-84,S,78:8c:b5:f5:e7:26"
1791489501.488,"B,62877,10,46:88:44:6e:4f:e4,9205,11,0,0,-36,S,5c:62:8b:66:67:d2"
1791489501.488,"B,62877,10,5c:62:8b:66:67:d2,6431,7,9205,11,-51,A,5c:62:8b:66:67:d2"
1791489501.488,"B,62877,10,72:3b:01:24:b7:c8,0,0,6431,7,0,S,5c:62:8b:66:67:d2"
1791489501.693,"B,62977,10,78:8c:b5:f5:e7:26,0,0,30,1,0,A,78:8c:b5:f5:e7:26"
1791489501.693,"B,62977,10,46:88:44:6e:4f:e4,7199,10,0,0,-29,S,5c:62:8b:66:67:d2"
1791489501.693,"B,62977,10,5c:62:8b:66:67:d2,6121,6,7451,19,-49,A,5c:62:8b:66:67:d2"
1791489501.693,"B,62977,10,72:3b:01:24:b7:c8,252,9,6121,6,-27,S,5c:62:8b:66:67:d2"
1791489501.693,"B,62977,10,a6:4c:bd:b6:c7:99,30,1,0,0,-82,S,78:8c:b5:f5:e7:26"
1791489501.693,"B,63077,10,78:8c:b5:f5:e7:26,0,0,30,1,0,A,78:8c:b5:f5:e7:26"
1791489501.693,"B,63077,10,46:88:44:6e:4f:e4,8299,10,0,0,-28,S,5c:62:8b:66:67:d2"
1791489501.693,"B,63077,10,5c:62:8b:66:67:d2,4909,6,8327,11,-45,A,5c:62:8b:66:67:d2"
1791489501.693,"B,63077,10,72:3b:01:24:b7:c8,28,1,4909,6,-27,S,5c:62:8b:66:67:d2"
1791489501.693,"B,63077,10,a6:4c:bd:b6:c7:99,30,1,0,0,-83,S,78:8c:b5:f5:e7:26"
1791489501.898,"B,63177,10,46:88:44:6e:4f:e4,7303,10,0,0,-31,S,5c:62:8b:66:67:d2"
1791489501.898,"B,63177,10,5c:62:8b:66:67:d2,700,2,7303,10,-44,A,5c:62:8b:66:67:d2"
1791489501.898,"B,63177,10,72:3b:01:24:b7:c8,0,0,700,2,0,S,5c:62:8b:66:67:d2"
1791489501.898,"B,63277,10,46:88:44:6e:4f:e4,1050,3,0,0,-32,S,5c:62:8b:66:67:d2"
1791489501.898,"B,63277,10,5c:62:8b:66:67:d2,0,0,1246,10,-44,A,5c:62:8b:66:67:d2"
1791489501.898,"B,63277,10,72:3b:01:24:b7:c8,196,7,0,0,-23,S,5c:62:8b:66:67:d2"
1791489502.098,"B,63377,10,46:88:44:6e:4f:e4,6897,9,0,0,-27,S,5c:62:8b:66:67:d2"
1791489502.098,"B,63377,10,5c:62:8b:66:67:d2,7219,9,6925,10,-48,A,5c:62:8b:66:67:d2"
1791489502.098,"B,63377,10,72:3b:01:24:b7:c8,28,1,7219,9,-23,S,5c:62:8b:66:67:d2"
1791489502.098,"B,63477,10,46:88:44:6e:4f:e4,7151,10,0,0,-29,S,5c:62:8b:66:67:d2"
1791489502.098,"B,63477,10,5c:62:8b:66:67:d2,6423,7,7151,10,-50,A,5c:62:8b:66:67:d2"
1791489502.098,"B,63477,10,72:3b:01:24:b7:c8,0,0,6423,7,0,S,5c:62:8b:66:67:d2"
1791489502.298,"B,63577,10,78:8c:b5:f5:e7:26,0,0,30,1,-82,A,78:8c:b5:f5:e7:26"
1791489502.298,"B,63577,10,46:88:44:6e:4f:e4,6543,8,0,0,-39,S,5c:62:8b:66:67:d2"
1791489502.298,"B,63577,10,5c:62:8b:66:67:d2,0,0,6767,16,-50,A,5c:62:8b:66:67:d2"
1791489502.298,"B,63577,10,72:3b:01:24:b7:c8,224,8,0,0,-21,S,5c:62:8b:66:67:d2"
1791489502.298,"B,63577,10,a6:4c:bd:b6:c7:99,30,1,0,0,-89,S,78:8c:b5:f5:e7:26"
1791489502.298,"B,63677,10,46:88:44:6e:4f:e4,2102,4,0,0,-50,S,5c:62:8b:66:67:d2"
1791489502.298,"B,63677,10,5c:62:8b:66:67:d2,14536,15,2102,4,-48,A,5c:62:8b:66:67:d2"
1791489502.298,"B,63677,10,72:3b:01:24:b7:c8,0,0,14536,15,0,S,5c:62:8b:66:67:d2"
1791489502.502,"B,63777,10,46:88:44:6e:4f:e4,6069,7,0,0,-43,S,5c:62:8b:66:67:d2"
1791489502.502,"B,63777,10,5c:62:8b:66:67:d2,4428,4,6097,8,-46,A,5c:62:8b:66:67:d2"
1791489502.502,"B,63777,10,72:3b:01:24:b7:c8,28,1,4428,4,-23,S,5c:62:8b:66:67:d2"
1791489502.502,"B,63877,10,46:88:44:6e:4f:e4,1050,3,0,0,-39,S,5c:62:8b:66:67:d2"
1791489502.502,"B,63877,10,5c:62:8b:66:67:d2,700,2,1162,7,-46,A,5c:62:8b:66:67:d2"
1791489502.502,"B,63877,10,72:3b:01:24:b7:c8,112,4,700,2,-23,S,5c:62:8b:66:67:d2"
1791489502.702,"B,63977,10,78:8c:b5:f5:e7:26,0,0,30,1,0,A,78:8c:b5:f5:e7:26"
1791489502.702,"B,63977,10,46:88:44:6e:4f:e4,7091,10,0,0,-36,S,5c:62:8b:66:67:d2"
1791489502.702,"B,63977,10,5c:62:8b:66:67:d2,6713,8,7119,11,-47,A,5c:62:8b:66:67:d2"
1791489502.702,"B,63977,10,72:3b:01:24:b7:c8,28,1,6713,8,-26,S,5c:62:8b:66:67:d2"
1791489502.702,"B,63977,10,a6:4c:bd:b6:c7:99,30,1,0,0,-88,S,78:8c:b5:f5:e7:26"
1791489502.702,"B,64077,10,46:88:44:6e:4f:e4,6817,9,0,0,-36,S,5c:62:8b:66:67:d2"
1791489502.702,"B,64077,10,5c:62:8b:66:67:d2,6439,7,6929,13,-47,A,5c:62:8b:66:67:d2"
1791489502.702,"B,64077,10,72:3b:01:24:b7:c8,112,4,6439,7,-25,S,5c:62:8b:66:67:d2"
1791489502.904,"B,64177,10,46:88:44:6e:4f:e4,6359,8,0,0,-31,S,5c:62:8b:66:67:d2"
1791489502.904,"B,64177,10,5c:62:8b:66:67:d2,6331,7,6443,11,-46,A,5c:62:8b:66:67:d2"
1791489502.904,"B,64177,10,72:3b:01:24:b7:c8,84,3,6331,7,-26,S,5c:62:8b:66:67:d2"
1791489502.904,"B,64277,10,46:88:44:6e:4f:e4,6765,9,0,0,-32,S,5c:62:8b:66:67:d2"
1791489502.904,"B,64277,10,5c:62:8b:66:67:d2,350,1,6821,11,-47,A,5c:62:8b:66:67:d2"
1791489502.904,"B,64277,10,b2:db:ca:e6:29:a6,28,1,0,0,-35,S,5c:62:8b:66:67:d2"
1791489502.904,"B,64277,10,72:3b:01:24:b7:c8,28,1,350,1,-26,S,5c:62:8b:66:67:d2"
1791489503.104,"B,64377,10,46:88:44:6e:4f:e4,7909,9,0,0,-36,S,5c:62:8b:66:67:d2"
1791489503.104,"B,64377,10,5c:62:8b:66:67:d2,350,1,8077,15,-47,A,5c:62:8b:66:67:d2"
1791489503.104,"B,64377,10,b2:db:ca:e6:29:a6,56,2,0,0,-39,S,5c:62:8b:66:67:d2"
1791489503.104,"B,64377,10,72:3b:01:24:b7:c8,112,4,350,1,-26,S,5c:62:8b:66:67:d2"
1791489503.104,"B,64477,10,46:88:44:6e:4f:e4,1050,3,0,0,-38,S,5c:62:8b:66:67:d2"
1791489503.104,"B,64477,10,5c:62:8b:66:67:d2,6725,8,1190,8,-46,A,5c:62:8b:66:67:d2"
1791489503.104,"B,64477,10,b2:db:ca:e6:29:a6,56,2,0,0,-40,S,5c:62:8b:66:67:d2"
1791489503.104,"B,64477,10,72:3b:01:24:b7:c8,84,3,6725,8,-27,S,5c:62:8b:66:67:d2"
1791489503.305,"B,64577,10,46:88:44:6e:4f:e4,6427,8,0,0,-37,S,5c:62:8b:66:67:d2"
1791489503.305,"B,64577,10,5c:62:8b:66:67:d2,700,2,6679,17,-45,A,5c:62:8b:66:67:d2"
1791489503.305,"B,64577,10,b2:db:ca:e6:29:a6,84,3,0,0,-34,S,5c:62:8b:66:67:d2"
1791489503.305,"B,64577,10,72:3b:01:24:b7:c8,168,6,700,2,-27,S,5c:62:8b:66:67:d2"
1791489503.305,"B,64677,10,78:8c:b5:f5:e7:26,0,0,60,2,-87,A,78:8c:b5:f5:e7:26"
1791489503.305,"B,64677,10,46:88:44:6e:4f:e4,6423,8,0,0,-41,S,5c:62:8b:66:67:d2"
1791489503.305,"B,64677,10,5c:62:8b:66:67:d2,12094,12,6591,14,-43,A,5c:62:8b:66:67:d2"
1791489503.305,"B,64677,10,b2:db:ca:e6:29:a6,56,2,0,0,-36,S,5c:62:8b:66:67:d2"
1791489503.305,"B,64677,10,72:3b:01:24:b7:c8,112,4,12094,12,-27,S,5c:62:8b:66:67:d2"
1791489503.305,"B,64677,10,a6:4c:bd:b6:c7:99,60,2,0,0,-88,S,78:8c:b5:f5:e7:26"
1791489503.506,"B,64777,10,46:88:44:6e:4f:e4,5133,7,0,0,-41,S,5c:62:8b:66:67:d2"
1791489503.506,"B,64777,10,5c:62:8b:66:67:d2,0,0,5273,12,-44,A,5c:62:8b:66:67:d2"
1791489503.506,"B,64777,10,b2:db:ca:e6:29:a6,28,1,0,0,-34,S,5c:62:8b:66:67:d2"
1791489503.506,"B,64777,10,72:3b:01:24:b7:c8,112,4,0,0,-27,S,5c:62:8b:66:67:d2"
1791489503.506,"B,64877,10,46:88:44:6e:4f:e4,6455,8,0,0,-41,S,5c:62:8b:66:67:d2"
1791489503.506,"B,64877,10,5c:62:8b:66:67:d2,6777,8,6707,17,-43,A,5c:62:8b:66:67:d2"
1791489503.506,"B,64877,10,b2:db:ca:e6:29:a6,168,6,0,0,-38,S,5c:62:8b:66:67:d2"
1791489503.506,"B,64877,10,72:3b:01:24:b7:c8,84,3,6777,8,-28,S,5c:62:8b:66:67:d2"
1791489503.706,"B,64977,10,46:88:44:6e:4f:e4,8643,12,0,0,-41,S,5c:62:8b:66:67:d2"
1791489503.706,"B,64977,10,5c:62:8b:66:67:d2,6685,8,8671,13,-44,A,5c:62:8b:66:67:d2"
1791489503.706,"B,64977,10,b2:db:ca:e6:29:a6,28,1,0,0,-39,S,5c:62:8b:66:67:d2"
1791489503.706,"B,64977,10,72:3b:01:24:b7:c8,0,0,6685,8,0,S,5c:62:8b:66:67:d2"
1791489503.706,"B,65077,10,46:88:44:6e:4f:e4,1162,7,0,0,-38,S,5c:62:8b:66:67:d2"
1791489503.706,"B,65077,10,5c:62:8b:66:67:d2,350,1,1414,16,-44,A,5c:62:8b:66:67:d2"
1791489503.706,"B,65077,10,b2:db:ca:e6:29:a6,224,8,0,0,-37,S,5c:62:8b:66:67:d2"
1791489503.706,"B,65077,10,72:3b:01:24:b7:c8,28,1,350,1,-28,S,5c:62:8b:66:67:d2"
1791489503.706,"I,65113,stat,rx=13024,drops=0,ch=10,bin=100,hop=0,heap=203064"
1791489503.706,"B,65177,10,46:88:44:6e:4f:e4,6415,7,0,0,-40,S,5c:62:8b:66:67:d2"
1791489503.706,"B,65177,10,5c:62:8b:66:67:d2,6765,8,6583,13,-44,A,5c:62:8b:66:67:d2"
1791489503.706,"B,65177,10,b2:db:ca:e6:29:a6,56,2,0,0,-33,S,5c:62:8b:66:67:d2"
1791489503.706,"B,65177,10,72:3b:01:24:b7:c8,112,4,6765,8,-28,S,5c:62:8b:66:67:d2"
1791489503.906,"B,65277,10,46:88:44:6e:4f:e4,6335,8,0,0,-42,S,5c:62:8b:66:67:d2"
1791489503.906,"B,65277,10,5c:62:8b:66:67:d2,350,1,6391,10,-43,A,5c:62:8b:66:67:d2"
1791489503.906,"B,65277,10,b2:db:ca:e6:29:a6,56,2,0,0,-36,S,5c:62:8b:66:67:d2"
1791489503.906,"B,65277,10,72:3b:01:24:b7:c8,0,0,350,1,0,S,5c:62:8b:66:67:d2"
1791489503.906,"B,65377,10,46:88:44:6e:4f:e4,6267,8,0,0,-42,S,5c:62:8b:66:67:d2"
1791489503.906,"B,65377,10,5c:62:8b:66:67:d2,6003,7,6407,13,-43,A,5c:62:8b:66:67:d2"
1791489503.906,"B,65377,10,b2:db:ca:e6:29:a6,56,2,0,0,-36,S,5c:62:8b:66:67:d2"
1791489503.906,"B,65377,10,72:3b:01:24:b7:c8,84,3,6003,7,-27,S,5c:62:8b:66:67:d2"
1791489504.106,"B,65477,10,46:88:44:6e:4f:e4,6251,8,0,0,-37,S,5c:62:8b:66:67:d2"
1791489504.106,"B,65477,10,5c:62:8b:66:67:d2,6573,8,6447,15,-43,A,5c:62:8b:66:67:d2"
1791489504.106,"B,65477,10,b2:db:ca:e6:29:a6,56,2,0,0,-33,S,5c:62:8b:66:67:d2"
1791489504.106,"B,65477,10,72:3b:01:24:b7:c8,140,5,6573,8,-27,S,5c:62:8b:66:67:d2"
1791489504.106,"B,65577,10,46:88:44:6e:4f:e4,6247,8,0,0,-36,S,5c:62:8b:66:67:d2"
1791489504.106,"B,65577,10,5c:62:8b:66:67:d2,6219,7,6275,9,-45,A,5c:62:8b:66:67:d2"
1791489504.106,"B,65577,10,b2:db:ca:e6:29:a6,28,1,0,0,-42,S,5c:62:8b:66:67:d2"
1791489504.307,"B,65577,10,72:3b:01:24:b7:c8,0,0,6219,7,0,S,5c:62:8b:66:67:d2"
1791489504.307,"B,65677,10,46:88:44:6e:4f:e4,1078,4,0,0,-36,S,5c:62:8b:66:67:d2"
1791489504.307,"B,65677,10,5c:62:8b:66:67:d2,700,2,1218,9,-46,A,5c:62:8b:66:67:d2"
1791489504.307,"B,65677,10,b2:db:ca:e6:29:a6,56,2,0,0,-41,S,5c:62:8b:66:67:d2"
1791489504.307,"B,65677,10,72:3b:01:24:b7:c8,84,3,700,2,-30,S,5c:62:8b:66:67:d2"
1791489504.307,"B,65777,10,46:88:44:6e:4f:e4,8577,10,0,0,-36,S,5c:62:8b:66:67:d2"
1791489504.307,"B,65777,10,5c:62:8b:66:67:d2,350,1,8801,18,-48,A,5c:62:8b:66:67:d2"
1791489504.507,"B,65777,10,b2:db:ca:e6:29:a6,56,2,0,0,-43,S,5c:62:8b:66:67:d2"
1791489504.507,"B,65777,10,72:3b:01:24:b7:c8,168,6,350,1,-30,S,5c:62:8b:66:67:d2"
1791489504.507,"B,65877,10,46:88:44:6e:4f:e4,5133,7,0,0,-39,S,5c:62:8b:66:67:d2"
1791489504.507,"B,65877,10,5c:62:8b:66:67:d2,6279,7,5301,13,-49,A,5c:62:8b:66:67:d2"
1791489504.507,"B,65877,10,b2:db:ca:e6:29:a6,168,6,0,0,-42,S,5c:62:8b:66:67:d2"
1791489504.507,"B,65877,10,72:3b:01:24:b7:c8,0,0,6279,7,0,S,5c:62:8b:66:67:d2"
1791489504.507,"B,65977,10,46:88:44:6e:4f:e4,7061,11,0,0,-43,S,5c:62:8b:66:67:d2"
1791489504.507,"B,65977,10,5c:62:8b:66:67:d2,5633,6,7229,17,-51,A,5c:62:8b:66:67:d2"
1791489504.507,"B,65977,10,b2:db:ca:e6:29:a6,112,4,0,0,-40,S,5c:62:8b:66:67:d2"
1791489504.507,"B,65977,10,72:3b:01:24:b7:c8,56,2,5633,6,-36,S,5c:62:8b:66:67:d2"
1791489504.708,"B,66077,10,78:8c:b5:f5:e7:26,0,0,182,1,-89,A,78:8c:b5:f5:e7:26"
1791489504.708,"B,66077,10,46:88:44:6e:4f:e4,8042,9,0,0,-51,S,5c:62:8b:66:67:d2"
1791489504.708,"B,66077,10,5c:62:8b:66:67:d2,350,1,8378,21,-52,A,5c:62:8b:66:67:d2"
1791489504.708,"B,66077,10,b2:db:ca:e6:29:a6,224,8,0,0,-35,S,5c:62:8b:66:67:d2"
1791489504.708,"B,66077,10,72:3b:01:24:b7:c8,112,4,350,1,-32,S,5c:62:8b:66:67:d2"
1791489504.708,"B,66077,10,a6:4c:bd:b6:c7:99,182,1,0,0,-89,S,78:8c:b5:f5:e7:26"
1791489504.708,"B,66177,10,46:88:44:6e:4f:e4,728,3,0,0,-55,S,5c:62:8b:66:67:d2"
1791489504.708,"B,66177,10,5c:62:8b:66:67:d2,6621,10,896,9,-50,A,5c:62:8b:66:67:d2"
1791489504.708,"B,66177,10,b2:db:ca:e6:29:a6,112,4,0,0,-29,S,5c:62:8b:66:67:d2"
1791489504.708,"B,66177,10,72:3b:01:24:b7:c8,56,2,6621,10,-29,S,5c:62:8b:66:67:d2"
1791489504.908,"B,66277,10,46:88:44:6e:4f:e4,1050,3,0,0,-47,S,5c:62:8b:66:67:d2"
1791489504.908,"B,66277,10,5c:62:8b:66:67:d2,0,0,1330,13,0,A,5c:62:8b:66:67:d2"
1791489504.908,"B,66277,10,72:3b:01:24:b7:c8,280,10,0,0,-35,S,5c:62:8b:66:67:d2"
1791489504.908,"B,66377,10,46:88:44:6e:4f:e4,728,3,0,0,-52,S,5c:62:8b:66:67:d2"
1791489504.908,"B,66377,10,5c:62:8b:66:67:d2,5973,8,756,4,-48,A,5c:62:8b:66:67:d2"
1791489504.908,"B,66377,10,72:3b:01:24:b7:c8,28,1,5973,8,-30,S,5c:62:8b:66:67:d2"
1791489505.110,"B,66477,10,46:88:44:6e:4f:e4,6065,9,0,0,-54,S,5c:62:8b:66:67:d2"
1791489505.110,"B,66477,10,5c:62:8b:66:67:d2,5687,7,6177,13,-48,A,5c:62:8b:66:67:d2"
1791489505.110,"B,66477,10,b2:db:ca:e6:29:a6,112,4,0,0,-17,S,5c:62:8b:66:67:d2"
1791489505.110,"B,66477,10,72:3b:01:24:b7:c8,0,0,5687,7,0,S,5c:62:8b:66:67:d2"
1791489505.110,"M,66511,slot,9,1"
1791489505.110,"B,66577,10,46:88:44:6e:4f:e4,3496,7,0,0,-48,S,5c:62:8b:66:67:d2"
1791489505.110,"B,66577,10,5c:62:8b:66:67:d2,5317,6,3944,23,-46,A,5c:62:8b:66:67:d2"
1791489505.110,"B,66577,10,b2:db:ca:e6:29:a6,224,8,0,0,-17,S,5c:62:8b:66:67:d2"
1791489505.110,"B,66577,10,72:3b:01:24:b7:c8,224,8,5317,6,-30,S,5c:62:8b:66:67:d2"
1791489505.311,"B,66677,10,78:8c:b5:f5:e7:26,0,0,30,1,-90,A,78:8c:b5:f5:e7:26"
1791489505.311,"B,66677,10,46:88:44:6e:4f:e4,6345,9,0,0,-44,S,5c:62:8b:66:67:d2"
1791489505.311,"B,66677,10,5c:62:8b:66:67:d2,0,0,6569,17,-49,A,5c:62:8b:66:67:d2"
1791489505.311,"B,66677,10,b2:db:ca:e6:29:a6,224,8,0,0,-16,S,5c:62:8b:66:67:d2"
1791489505.311,"B,66677,10,a6:4c:bd:b6:c7:99,30,1,0,0,-85,S,78:8c:b5:f5:e7:26"
1791489505.311,"B,66777,10,46:88:44:6e:4f:e4,5743,8,0,0,-41,S,5c:62:8b:66:67:d2"
1791489505.311,"B,66777,10,5c:62:8b:66:67:d2,0,0,5967,16,-48,A,5c:62:8b:66:67:d2"
1791489505.311,"B,66777,10,b2:db:ca:e6:29:a6,224,8,0,0,-17,S,5c:62:8b:66:67:d2"
1791489505.514,"B,66877,10,46:88:44:6e:4f:e4,1050,3,0,0,-41,S,5c:62:8b:66:67:d2"
1791489505.514,"B,66877,10,5c:62:8b:66:67:d2,0,0,1358,14,-49,A,5c:62:8b:66:67:d2"
1791489505.514,"B,66877,10,b2:db:ca:e6:29:a6,112,4,0,0,-16,S,5c:62:8b:66:67:d2"
1791489505.514,"B,66877,10,72:3b:01:24:b7:c8,196,7,0,0,-27,S,5c:62:8b:66:67:d2"
1791489505.514,"B,66977,10,78:8c:b5:f5:e7:26,0,0,30,1,0,A,78:8c:b5:f5:e7:26"
1791489505.514,"B,66977,10,46:88:44:6e:4f:e4,4161,7,0,0,-41,S,5c:62:8b:66:67:d2"
1791489505.514,"B,66977,10,5c:62:8b:66:67:d2,0,0,4497,19,-50,A,5c:62:8b:66:67:d2"
1791489505.514,"B,66977,10,b2:db:ca:e6:29:a6,280,10,0,0,-18,S,5c:62:8b:66:67:d2"
1791489505.514,"B,66977,10,72:3b:01:24:b7:c8,56,2,0,0,-29,S,5c:62:8b:66:67:d2"
1791489505.514,"B,66977,10,a6:4c:bd:b6:c7:99,30,1,0,0,-89,S,78:8c:b5:f5:e7:26"
1791489505.717,"B,67077,10,46:88:44:6e:4f:e4,6853,11,0,0,-34,S,5c:62:8b:66:67:d2"
1791489505.717,"B,67077,10,5c:62:8b:66:67:d2,0,0,6965,15,-49,A,5c:62:8b:66:67:d2"
1791489505.717,"B,67077,10,b2:db:ca:e6:29:a6,112,4,0,0,-20,S,5c:62:8b:66:67:d2"
1791489505.717,"B,67177,10,46:88:44:6e:4f:e4,12379,14,0,0,-29,S,5c:62:8b:66:67:d2"
1791489505.717,"B,67177,10,5c:62:8b:66:67:d2,0,0,15599,20,-47,A,5c:62:8b:66:67:d2"
1791489505.717,"B,67177,10,b2:db:ca:e6:29:a6,3108,2,0,0,-21,S,5c:62:8b:66:67:d2"
1791489505.717,"B,67177,10,72:3b:01:24:b7:c8,112,4,0,0,-28,S,5c:62:8b:66:67:d2"
1791489505.918,"B,67277,10,46:88:44:6e:4f:e4,2927,4,0,0,-32,S,5c:62:8b:66:67:d2"
1791489505.918,"B,67277,10,5c:62:8b:66:67:d2,0,0,2983,6,-47,A,5c:62:8b:66:67:d2"
1791489505.918,"B,67277,10,b2:db:ca:e6:29:a6,56,2,0,0,-26,S,5c:62:8b:66:67:d2"
1791489505.918,"B,67377,10,46:88:44:6e:4f:e4,11729,14,0,0,-28,S,5c:62:8b:66:67:d2"
1791489505.918,"B,67377,10,5c:62:8b:66:67:d2,0,0,11981,23,-49,A,5c:62:8b:66:67:d2"
1791489505.918,"B,67377,10,b2:db:ca:e6:29:a6,112,4,0,0,-27,S,5c:62:8b:66:67:d2"
1791489505.918,"B,67377,10,72:3b:01:24:b7:c8,140,5,0,0,-25,S,5c:62:8b:66:67:d2"
1791489506.119,"B,67477,10,46:88:44:6e:4f:e4,1078,4,0,0,-28,S,5c:62:8b:66:67:d2"
1791489506.119,"B,67477,10,5c:62:8b:66:67:d2,0,0,1302,12,-49,A,5c:62:8b:66:67:d2"
1791489506.119,"B,67477,10,b2:db:ca:e6:29:a6,56,2,0,0,-25,S,5c:62:8b:66:67:d2"
1791489506.119,"B,67477,10,72:3b:01:24:b7:c8,168,6,0,0,-25,S,5c:62:8b:66:67:d2"
1791489506.119,"B,67577,10,46:88:44:6e:4f:e4,6447,9,138,1,-29,S,5c:62:8b:66:67:d2"
1791489506.119,"B,67577,10,5c:62:8b:66:67:d2,138,1,6475,10,-48,A,5c:62:8b:66:67:d2"
1791489506.119,"B,67577,10,b2:db:ca:e6:29:a6,28,1,0,0,-23,S,5c:62:8b:66:67:d2"
1791489506.322,"B,67677,10,46:88:44:6e:4f:e4,5555,8,0,0,-29,S,5c:62:8b:66:67:d2"
1791489506.322,"B,67677,10,5c:62:8b:66:67:d2,0,0,7386,20,-51,A,5c:62:8b:66:67:d2"
1791489506.322,"B,67677,10,b2:db:ca:e6:29:a6,1663,6,0,0,-21,S,5c:62:8b:66:67:d2"
1791489506.322,"B,67677,10,72:3b:01:24:b7:c8,168,6,0,0,-34,S,5c:62:8b:66:67:d2"
1791489506.322,"B,67777,10,78:8c:b5:f5:e7:26,0,0,30,1,-83,A,78:8c:b5:f5:e7:26"
1791489506.322,"B,67777,10,46:88:44:6e:4f:e4,5811,8,0,0,-30,S,5c:62:8b:66:67:d2"
1791489506.322,"B,67777,10,5c:62:8b:66:67:d2,0,0,6323,21,-49,A,5c:62:8b:66:67:d2"
1791489506.322,"B,67777,10,b2:db:ca:e6:29:a6,400,9,0,0,-17,S,5c:62:8b:66:67:d2"
1791489506.322,"B,67777,10,72:3b:01:24:b7:c8,112,4,0,0,-26,S,5c:62:8b:66:67:d2"
1791489506.322,"B,67777,10,a6:4c:bd:b6:c7:99,30,1,0,0,-89,S,78:8c:b5:f5:e7:26"
1791489506.526,"B,67877,10,46:88:44:6e:4f:e4,5843,8,0,0,-34,S,5c:62:8b:66:67:d2"
1791489506.526,"B,67877,10,5c:62:8b:66:67:d2,0,0,6151,19,-47,A,5c:62:8b:66:67:d2"
1791489506.526,"B,67877,10,b2:db:ca:e6:29:a6,308,11,0,0,-18,S,5c:62:8b:66:67:d2"
1791489506.526,"B,67977,10,46:88:44:6e:4f:e4,5807,8,0,0,-37,S,5c:62:8b:66:67:d2"
1791489506.526,"B,67977,10,5c:62:8b:66:67:d2,0,0,6003,15,-49,A,5c:62:8b:66:67:d2"
1791489506.526,"B,67977,10,b2:db:ca:e6:29:a6,56,2,0,0,-23,S,5c:62:8b:66:67:d2"
1791489506.526,"B,67977,10,72:3b:01:24:b7:c8,140,5,0,0,-22,S,5c:62:8b:66:67:d2"
1791489506.728,"B,68077,10,46:88:44:6e:4f:e4,1750,5,0,0,-37,S,5c:62:8b:66:67:d2"
1791489506.728,"B,68077,10,5c:62:8b:66:67:d2,0,0,2030,15,-50,A,5c:62:8b:66:67:d2"
1791489506.728,"B,68077,10,b2:db:ca:e6:29:a6,140,5,0,0,-20,S,5c:62:8b:66:67:d2"
1791489506.728,"B,68077,10,72:3b:01:24:b7:c8,140,5,0,0,-25,S,5c:62:8b:66:67:d2"
1791489506.728,"B,68177,10,46:88:44:6e:4f:e4,6157,9,0,0,-37,S,5c:62:8b:66:67:d2"
1791489506.728,"B,68177,10,5c:62:8b:66:67:d2,0,0,6241,12,-50,A,5c:62:8b:66:67:d2"
1791489506.728,"B,68177,10,b2:db:ca:e6:29:a6,56,2,0,0,-21,S,5c:62:8b:66:67:d2"
1791489506.728,"B,68177,10,72:3b:01:24:b7:c8,28,1,0,0,-24,S,5c:62:8b:66:67:d2"
1791489506.931,"B,68277,10,46:88:44:6e:4f:e4,5533,7,0,0,-26,S,5c:62:8b:66:67:d2"
1791489506.931,"B,68277,10,5c:62:8b:66:67:d2,0,0,5645,11,-55,A,5c:62:8b:66:67:d2"
1791489506.931,"B,68277,10,72:3b:01:24:b7:c8,112,4,0,0,-24,S,5c:62:8b:66:67:d2"
1791489506.931,"B,68377,10,78:8c:b5:f5:e7:26,0,0,30,1,-79,A,78:8c:b5:f5:e7:26"
1791489506.931,"B,68377,10,46:88:44:6e:4f:e4,1078,4,0,0,-28,S,5c:62:8b:66:67:d2"
1791489506.931,"B,68377,10,5c:62:8b:66:67:d2,0,0,1134,6,-59,A,5c:62:8b:66:67:d2"
1791489506.931,"B,68377,10,b2:db:ca:e6:29:a6,28,1,0,0,-22,S,5c:62:8b:66:67:d2"
1791489506.931,"B,68377,10,72:3b:01:24:b7:c8,28,1,0,0,-22,S,5c:62:8b:66:67:d2"
1791489506.931,"B,68377,10,a6:4c:bd:b6:c7:99,30,1,0,0,-88,S,78:8c:b5:f5:e7:26"
1791489507.135,"B,68477,10,46:88:44:6e:4f:e4,10852,11,0,0,-32,S,5c:62:8b:66:67:d2"
1791489507.135,"B,68477,10,5c:62:8b:66:67:d2,0,0,10992,16,-56,A,5c:62:8b:66:67:d2"
1791489507.135,"B,68477,10,72:3b:01:24:b7:c8,140,5,0,0,-22,S,5c:62:8b:66:67:d2"
1791489507.135,"B,68577,10,78:8c:b5:f5:e7:26,302,2,0,0,-81,A,78:8c:b5:f5:e7:26"
1791489507.135,"B,68577,10,46:88:44:6e:4f:e4,3627,6,0,0,-32,S,5c:62:8b:66:67:d2"
1791489507.135,"B,68577,10,5c:62:8b:66:67:d2,0,0,3823,13,-59,A,5c:62:8b:66:67:d2"
1791489507.135,"B,68577,10,72:3b:01:24:b7:c8,196,7,0,0,-22,S,5c:62:8b:66:67:d2"
1791489507.339,"B,68677,10,46:88:44:6e:4f:e4,3254,6,0,0,-30,S,5c:62:8b:66:67:d2"
1791489507.339,"B,68677,10,5c:62:8b:66:67:d2,0,0,3394,11,-54,A,5c:62:8b:66:67:d2"
1791489507.339,"B,68677,10,b2:db:ca:e6:29:a6,28,1,0,0,-21,S,5c:62:8b:66:67:d2"
1791489507.339,"B,68677,10,72:3b:01:24:b7:c8,112,4,0,0,-23,S,5c:62:8b:66:67:d2"
1791489507.339,"B,68777,10,78:8c:b5:f5:e7:26,0,0,106,1,-79,A,78:8c:b5:f5:e7:26"
1791489507.339,"B,68777,10,46:88:44:6e:4f:e4,6423,8,0,0,-35,S,5c:62:8b:66:67:d2"
1791489507.339,"B,68777,10,5c:62:8b:66:67:d2,0,0,6591,14,-55,A,5c:62:8b:66:67:d2"
1791489507.339,"B,68777,10,b2:db:ca:e6:29:a6,56,2,0,0,-21,S,5c:62:8b:66:67:d2"
1791489507.339,"B,68777,10,72:3b:01:24:b7:c8,112,4,0,0,-24,S,5c:62:8b:66:67:d2"
1791489507.339,"B,68777,10,a6:4c:bd:b6:c7:99,106,1,0,0,-86,S,78:8c:b5:f5:e7:26"
1791489507.543,"B,68877,10,78:8c:b5:f5:e7:26,0,0,114,1,0,A,78:8c:b5:f5:e7:26"
1791489507.543,"B,68877,10,46:88:44:6e:4f:e4,8181,13,0,0,-30,S,5c:62:8b:66:67:d2"
1791489507.543,"B,68877,10,5c:62:8b:66:67:d2,0,0,8237,15,-61,A,5c:62:8b:66:67:d2"
1791489507.543,"B,68877,10,b2:db:ca:e6:29:a6,56,2,0,0,-22,S,5c:62:8b:66:67:d2"
1791489507.543,"B,68877,10,a6:4c:bd:b6:c7:99,114,1,0,0,-85,S,78:8c:b5:f5:e7:26"
1791489507.543,"B,68977,10,78:8c:b5:f5:e7:26,0,0,269,2,-80,A,78:8c:b5:f5:e7:26"
1791489507.543,"B,68977,10,46:88:44:6e:4f:e4,8689,10,0,0,-29,S,5c:62:8b:66:67:d2"
1791489507.543,"B,68977,10,5c:62:8b:66:67:d2,0,0,8773,13,-61,A,5c:62:8b:66:67:d2"
1791489507.543,"B,68977,10,72:3b:01:24:b7:c8,84,3,0,0,-23,S,5c:62:8b:66:67:d2"
1791489507.543,"B,68977,10,a6:4c:bd:b6:c7:99,269,2,0,0,-86,S,78:8c:b5:f5:e7:26"
1791489507.749,"B,69077,10,46:88:44:6e:4f:e4,9861,11,0,0,-30,S,5c:62:8b:66:67:d2"
1791489507.749,"B,69077,10,5c:62:8b:66:67:d2,0,0,10085,19,-60,A,5c:62:8b:66:67:d2"
1791489507.749,"B,69077,10,b2:db:ca:e6:29:a6,84,3,0,0,-22,S,5c:62:8b:66:67:d2"
1791489507.749,"B,69077,10,72:3b:01:24:b7:c8,140,5,0,0,-22,S,5c:62:8b:66:67:d2"
1791489507.749,"B,69177,10,78:8c:b5:f5:e7:26,0,0,60,2,-78,A,78:8c:b5:f5:e7:26"
1791489507.749,"B,69177,10,46:88:44:6e:4f:e4,7265,9,0,0,-30,S,5c:62:8b:66:67:d2"
1791489507.749,"B,69177,10,5c:62:8b:66:67:d2,0,0,7293,10,-63,A,5c:62:8b:66:67:d2"
1791489507.749,"B,69177,10,b2:db:ca:e6:29:a6,28,1,0,0,-24,S,5c:62:8b:66:67:d2"
1791489507.749,"B,69177,10,a6:4c:bd:b6:c7:99,60,2,0,0,-84,S,78:8c:b5:f5:e7:26"
1791489507.952,"B,69277,10,78:8c:b5:f5:e7:26,0,0,90,3,-78,A,78:8c:b5:f5:e7:26"
1791489507.952,"B,69277,10,46:88:44:6e:4f:e4,1078,4,0,0,-30,S,5c:62:8b:66:67:d2"
1791489507.952,"B,69277,10,5c:62:8b:66:67:d2,0,0,1218,9,-56,A,5c:62:8b:66:67:d2"
1791489507.952,"B,69277,10,b2:db:ca:e6:29:a6,56,2,0,0,-23,S,5c:62:8b:66:67:d2"
1791489507.952,"B,69277,10,72:3b:01:24:b7:c8,84,3,0,0,-21,S,5c:62:8b:66:67:d2"
1791489507.952,"B,69277,10,a6:4c:bd:b6:c7:99,90,3,0,0,-84,S,78:8c:b5:f5:e7:26"
1791489507.952,"B,69377,10,78:8c:b5:f5:e7:26,0,0,144,2,-77,A,78:8c:b5:f5:e7:26"
1791489507.952,"B,69377,10,46:88:44:6e:4f:e4,10891,13,0,0,-30,S,5c:62:8b:66:67:d2"
1791489507.952,"B,69377,10,5c:62:8b:66:67:d2,0,0,11059,19,-55,A,5c:62:8b:66:67:d2"
1791489507.952,"B,69377,10,b2:db:ca:e6:29:a6,56,2,0,0,-22,S,5c:62:8b:66:67:d2"
1791489507.952,"B,69377,10,72:3b:01:24:b7:c8,112,4,0,0,-21,S,5c:62:8b:66:67:d2"
1791489507.952,"B,69377,10,a6:4c:bd:b6:c7:99,144,2,0,0,-83,S,78:8c:b5:f5:e7:26"
1791489508.157,"B,69477,10,46:88:44:6e:4f:e4,5771,8,0,0,-30,S,5c:62:8b:66:67:d2"
1791489508.157,"B,69477,10,5c:62:8b:66:67:d2,0,0,5799,9,-52,A,5c:62:8b:66:67:d2"
1791489508.157,"B,69477,10,b2:db:ca:e6:29:a6,28,1,0,0,-23,S,5c:62:8b:66:67:d2"
1791489508.157,"B,69577,10,78:8c:b5:f5:e7:26,0,0,1280,12,-77,A,78:8c:b5:f5:e7:26"
1791489508.157,"B,69577,10,46:88:44:6e:4f:e4,5695,8,0,0,-29,S,5c:62:8b:66:67:d2"
1791489508.157,"B,69577,10,5c:62:8b:66:67:d2,0,0,6003,19,-52,A,5c:62:8b:66:67:d2"
1791489508.157,"B,69577,10,b2:db:ca:e6:29:a6,56,2,0,0,-22,S,5c:62:8b:66:67:d2"
1791489508.157,"B,69577,10,72:3b:01:24:b7:c8,252,9,0,0,-21,S,5c:62:8b:66:67:d2"
1791489508.157,"B,69577,10,a6:4c:bd:b6:c7:99,1280,12,0,0,-83,S,78:8c:b5:f5:e7:26"
1791489508.362,"B,69677,10,46:88:44:6e:4f:e4,8822,11,0,0,-30,S,5c:62:8b:66:67:d2"
1791489508.362,"B,69677,10,5c:62:8b:66:67:d2,0,0,8906,14,-51,A,5c:62:8b:66:67:d2"
1791489508.362,"B,69677,10,b2:db:ca:e6:29:a6,28,1,0,0,-23,S,5c:62:8b:66:67:d2"
1791489508.362,"B,69677,10,72:3b:01:24:b7:c8,56,2,0,0,-21,S,5c:62:8b:66:67:d2"
1791489508.362,"B,69777,10,78:8c:b5:f5:e7:26,0,0,750,7,-78,A,78:8c:b5:f5:e7:26"
1791489508.362,"B,69777,10,46:88:44:6e:4f:e4,5833,9,0,0,-30,S,5c:62:8b:66:67:d2"
1791489508.362,"B,69777,10,5c:62:8b:66:67:d2,0,0,5833,9,-51,A,5c:62:8b:66:67:d2"
1791489508.362,"B,69777,10,a6:4c:bd:b6:c7:99,750,7,0,0,-83,S,78:8c:b5:f5:e7:26"
1791489508.567,"B,69877,10,78:8c:b5:f5:e7:26,0,0,163,1,-77,A,78:8c:b5:f5:e7:26"
1791489508.567,"B,69877,10,46:88:44:6e:4f:e4,2128,7,0,0,-31,S,5c:62:8b:66:67:d2"
1791489508.567,"B,69877,10,5c:62:8b:66:67:d2,0,0,2324,14,-51,A,5c:62:8b:66:67:d2"
1791489508.567,"B,69877,10,72:3b:01:24:b7:c8,196,7,0,0,-21,S,5c:62:8b:66:67:d2"
1791489508.567,"B,69877,10,a6:4c:bd:b6:c7:99,163,1,0,0,-84,S,78:8c:b5:f5:e7:26"
1791489508.567,"B,69977,10,46:88:44:6e:4f:e4,6023,7,0,0,-31,S,5c:62:8b:66:67:d2"
1791489508.567,"B,69977,10,5c:62:8b:66:67:d2,0,0,6107,10,-52,A,5c:62:8b:66:67:d2"
1791489508.567,"B,69977,10,72:3b:01:24:b7:c8,84,3,0,0,-21,S,5c:62:8b:66:67:d2"
1791489508.769,"B,70077,10,78:8c:b5:f5:e7:26,0,0,742,7,0,A,78:8c:b5:f5:e7:26"
1791489508.769,"B,70077,10,46:88:44:6e:4f:e4,5501,6,0,0,-30,S,5c:62:8b:66:67:d2"
1791489508.769,"B,70077,10,5c:62:8b:66:67:d2,0,0,5501,6,-52,A,5c:62:8b:66:67:d2"
1791489508.769,"B,70077,10,a6:4c:bd:b6:c7:99,742,7,0,0,-82,S,78:8c:b5:f5:e7:26"
1791489508.769,"I,70114,stat,rx=13997,drops=0,ch=10,bin=100,hop=0,heap=203064"
1791489508.769,"B,70177,10,46:88:44:6e:4f:e4,5963,8,0,0,-30,S,5c:62:8b:66:67:d2"
1791489508.769,"B,70177,10,5c:62:8b:66:67:d2,0,0,6047,11,-51,A,5c:62:8b:66:67:d2"
1791489508.769,"B,70177,10,72:3b:01:24:b7:c8,84,3,0,0,-21,S,5c:62:8b:66:67:d2"
1791489508.972,"B,70277,10,46:88:44:6e:4f:e4,5999,8,0,0,-30,S,5c:62:8b:66:67:d2"
1791489508.972,"B,70277,10,5c:62:8b:66:67:d2,0,0,6055,10,-51,A,5c:62:8b:66:67:d2"
1791489508.972,"B,70277,10,b2:db:ca:e6:29:a6,56,2,0,0,-24,S,5c:62:8b:66:67:d2"
1791489508.972,"B,70377,10,78:8c:b5:f5:e7:26,0,0,106,1,-77,A,78:8c:b5:f5:e7:26"
1791489508.972,"B,70377,10,46:88:44:6e:4f:e4,1078,4,0,0,-30,S,5c:62:8b:66:67:d2"
1791489508.972,"B,70377,10,5c:62:8b:66:67:d2,0,0,1134,6,-51,A,5c:62:8b:66:67:d2"
1791489508.972,"B,70377,10,b2:db:ca:e6:29:a6,56,2,0,0,-24,S,5c:62:8b:66:67:d2"
1791489508.972,"B,70377,10,a6:4c:bd:b6:c7:99,106,1,0,0,-84,S,78:8c:b5:f5:e7:26"
1791489509.176,"B,70477,10,46:88:44:6e:4f:e4,5775,7,0,0,-30,S,5c:62:8b:66:67:d2"
1791489509.176,"B,70477,10,5c:62:8b:66:67:d2,0,0,5915,12,0,A,5c:62:8b:66:67:d2"
1791489509.176,"B,70477,10,72:3b:01:24:b7:c8,140,5,0,0,-22,S,5c:62:8b:66:67:d2"
1791489509.176,"B,70577,10,78:8c:b5:f5:e7:26,0,0,60,2,-76,A,78:8c:b5:f5:e7:26"
1791489509.176,"B,70577,10,46:88:44:6e:4f:e4,5925,9,0,0,-29,S,5c:62:8b:66:67:d2"
1791489509.176,"B,70577,10,5c:62:8b:66:67:d2,0,0,6205,19,-50,A,5c:62:8b:66:67:d2"
1791489509.176,"B,70577,10,72:3b:01:24:b7:c8,280,10,0,0,-22,S,5c:62:8b:66:67:d2"
1791489509.176,"B,70577,10,a6:4c:bd:b6:c7:99,60,2,0,0,-85,S,78:8c:b5:f5:e7:26"
1791489509.381,"B,70677,10,46:88:44:6e:4f:e4,5499,8,0,0,-29,S,5c:62:8b:66:67:d2"
1791489509.381,"B,70677,10,5c:62:8b:66:67:d2,0,0,5583,11,-50,A,5c:62:8b:66:67:d2"
1791489509.381,"B,70677,10,b2:db:ca:e6:29:a6,28,1,0,0,-25,S,5c:62:8b:66:67:d2"
1791489509.381,"B,70677,10,72:3b:01:24:b7:c8,56,2,0,0,-21,S,5c:62:8b:66:67:d2"
1791489509.381,"B,70777,10,78:8c:b5:f5:e7:26,0,0,1949,2,0,A,78:8c:b5:f5:e7:26"
1791489509.381,"B,70777,10,46:88:44:6e:4f:e4,5283,8,0,0,-29,S,5c:62:8b:66:67:d2"
1791489509.381,"B,70777,10,5c:62:8b:66:67:d2,0,0,5451,14,-52,A,5c:62:8b:66:67:d2"
1791489509.381,"B,70777,10,b2:db:ca:e6:29:a6,28,1,0,0,-24,S,5c:62:8b:66:67:d2"
1791489509.381,"B,70777,10,72:3b:01:24:b7:c8,140,5,0,0,-21,S,5c:62:8b:66:67:d2"
1791489509.381,"B,70777,10,a6:4c:bd:b6:c7:99,1949,2,0,0,-84,S,78:8c:b5:f5:e7:26"
1791489509.586,"B,70877,10,78:8c:b5:f5:e7:26,0,0,641,4,-77,A,78:8c:b5:f5:e7:26"
1791489509.586,"B,70877,10,46:88:44:6e:4f:e4,5303,8,0,0,-28,S,5c:62:8b:66:67:d2"
1791489509.586,"B,70877,10,5c:62:8b:66:67:d2,0,0,5387,11,-51,A,5c:62:8b:66:67:d2"
1791489509.586,"B,70877,10,b2:db:ca:e6:29:a6,56,2,0,0,-23,S,5c:62:8b:66:67:d2"
1791489509.586,"B,70877,10,72:3b:01:24:b7:c8,28,1,0,0,-21,S,5c:62:8b:66:67:d2"
1791489509.586,"B,70877,10,a6:4c:bd:b6:c7:99,641,4,0,0,-83,S,78:8c:b5:f5:e7:26"
1791489509.586,"B,70977,10,78:8c:b5:f5:e7:26,0,0,174,1,0,A,78:8c:b5:f5:e7:26"
1791489509.586,"B,70977,10,46:88:44:6e:4f:e4,5299,8,0,0,-29,S,5c:62:8b:66:67:d2"
1791489509.586,"B,70977,10,5c:62:8b:66:67:d2,0,0,5467,14,-49,A,5c:62:8b:66:67:d2"
1791489509.586,"B,70977,10,b2:db:ca:e6:29:a6,56,2,0,0,-23,S,5c:62:8b:66:67:d2"
1791489509.586,"B,70977,10,72:3b:01:24:b7:c8,112,4,0,0,-21,S,5c:62:8b:66:67:d2"
1791489509.586,"B,70977,10,a6:4c:bd:b6:c7:99,174,1,0,0,-81,S,78:8c:b5:f5:e7:26"
1791489509.791,"B,71077,10,78:8c:b5:f5:e7:26,0,0,114,1,0,A,78:8c:b5:f5:e7:26"
1791489509.791,"B,71077,10,46:88:44:6e:4f:e4,700,2,0,0,-30,S,5c:62:8b:66:67:d2"
1791489509.791,"B,71077,10,5c:62:8b:66:67:d2,0,0,868,8,-51,A,5c:62:8b:66:67:d2"
1791489509.791,"B,71077,10,b2:db:ca:e6:29:a6,28,1,0,0,-24,S,5c:62:8b:66:67:d2"
1791489509.791,"B,71077,10,72:3b:01:24:b7:c8,140,5,0,0,-21,S,5c:62:8b:66:67:d2"
1791489509.791,"B,71077,10,a6:4c:bd:b6:c7:99,114,1,0,0,-83,S,78:8c:b5:f5:e7:26"
1791489509.791,"B,71177,10,78:8c:b5:f5:e7:26,0,0,106,1,0,A,78:8c:b5:f5:e7:26"
1791489509.791,"B,71177,10,46:88:44:6e:4f:e4,5862,8,0,0,-29,S,5c:62:8b:66:67:d2"
1791489509.791,"B,71177,10,5c:62:8b:66:67:d2,0,0,6700,29,-50,A,5c:62:8b:66:67:d2"
1791489509.791,"B,71177,10,b2:db:ca:e6:29:a6,362,4,0,0,-22,S,5c:62:8b:66:67:d2"
1791489509.791,"B,71177,10,72:3b:01:24:b7:c8,476,17,0,0,-21,S,5c:62:8b:66:67:d2"
1791489509.791,"B,71177,10,a6:4c:bd:b6:c7:99,106,1,0,0,-83,S,78:8c:b5:f5:e7:26"
1791489509.993,"B,71277,10,78:8c:b5:f5:e7:26,0,0,220,2,-77,A,78:8c:b5:f5:e7:26"
1791489509.993,"B,71277,10,46:88:44:6e:4f:e4,7239,10,0,0,-30,S,5c:62:8b:66:67:d2"
1791489509.993,"B,71277,10,5c:62:8b:66:67:d2,0,0,7351,14,-50,A,5c:62:8b:66:67:d2"
1791489509.993,"B,71277,10,b2:db:ca:e6:29:a6,56,2,0,0,-23,S,5c:62:8b:66:67:d2"
1791489509.993,"B,71277,10,72:3b:01:24:b7:c8,56,2,0,0,-21,S,5c:62:8b:66:67:d2"
1791489509.993,"B,71277,10,a6:4c:bd:b6:c7:99,220,2,0,0,-83,S,78:8c:b5:f5:e7:26"
1791489509.993,"B,71377,10,46:88:44:6e:4f:e4,7179,10,0,0,-31,S,5c:62:8b:66:67:d2"
1791489509.993,"B,71377,10,5c:62:8b:66:67:d2,0,0,7571,24,-51,A,5c:62:8b:66:67:d2"
1791489509.993,"B,71377,10,b2:db:ca:e6:29:a6,56,2,0,0,-23,S,5c:62:8b:66:67:d2"
1791489509.993,"B,71377,10,72:3b:01:24:b7:c8,336,12,0,0,-21,S,5c:62:8b:66:67:d2"
1791489510.196,"B,71477,10,78:8c:b5:f5:e7:26,0,0,114,1,-77,A,78:8c:b5:f5:e7:26"
1791489510.196,"B,71477,10,46:88:44:6e:4f:e4,6797,9,0,0,-31,S,5c:62:8b:66:67:d2"
1791489510.196,"B,71477,10,5c:62:8b:66:67:d2,0,0,6909,13,-51,A,5c:62:8b:66:67:d2"
1791489510.196,"B,71477,10,b2:db:ca:e6:29:a6,56,2,0,0,-22,S,5c:62:8b:66:67:d2"
1791489510.196,"B,71477,10,72:3b:01:24:b7:c8,56,2,0,0,-21,S,5c:62:8b:66:67:d2"
1791489510.196,"B,71477,10,a6:4c:bd:b6:c7:99,114,1,0,0,-83,S,78:8c:b5:f5:e7:26"
1791489510.196,"B,71577,10,78:8c:b5:f5:e7:26,80,1,106,1,-77,A,78:8c:b5:f5:e7:26"
1791489510.196,"B,71577,10,46:88:44:6e:4f:e4,6635,8,0,0,-31,S,5c:62:8b:66:67:d2"
1791489510.196,"B,71577,10,5c:62:8b:66:67:d2,0,0,6691,10,-52,A,5c:62:8b:66:67:d2"
1791489510.196,"B,71577,10,b2:db:ca:e6:29:a6,28,1,0,0,-22,S,5c:62:8b:66:67:d2"
1791489510.196,"B,71577,10,72:3b:01:24:b7:c8,28,1,0,0,-21,S,5c:62:8b:66:67:d2"
1791489510.196,"B,71577,10,a6:4c:bd:b6:c7:99,106,1,0,0,-83,S,78:8c:b5:f5:e7:26"
1791489510.196,"M,71585,slot,10,0"
1791489510.401,"B,71677,10,46:88:44:6e:4f:e4,1050,3,0,0,-31,S,5c:62:8b:66:67:d2"
1791489510.401,"B,71677,10,5c:62:8b:66:67:d2,0,0,1358,14,-51,A,5c:62:8b:66:67:d2"
1791489510.401,"B,71677,10,b2:db:ca:e6:29:a6,112,4,0,0,-22,S,5c:62:8b:66:67:d2"
1791489510.401,"B,71677,10,72:3b:01:24:b7:c8,196,7,0,0,-21,S,5c:62:8b:66:67:d2"
1791489510.401,"B,71777,10,78:8c:b5:f5:e7:26,0,0,440,3,-75,A,78:8c:b5:f5:e7:26"
1791489510.401,"B,71777,10,46:88:44:6e:4f:e4,6639,8,0,0,-30,S,5c:62:8b:66:67:d2"
1791489510.401,"B,71777,10,5c:62:8b:66:67:d2,0,0,6723,11,-51,A,5c:62:8b:66:67:d2"
1791489510.401,"B,71777,10,72:3b:01:24:b7:c8,84,3,0,0,-21,S,5c:62:8b:66:67:d2"
1791489510.401,"B,71777,10,a6:4c:bd:b6:c7:99,440,3,0,0,-83,S,78:8c:b5:f5:e7:26"
1791489510.603,"B,71877,10,46:88:44:6e:4f:e4,6281,7,0,0,-30,S,5c:62:8b:66:67:d2"
1791489510.603,"B,71877,10,5c:62:8b:66:67:d2,0,0,6337,9,-51,A,5c:62:8b:66:67:d2"
1791489510.603,"B,71877,10,b2:db:ca:e6:29:a6,28,1,0,0,-23,S,5c:62:8b:66:67:d2"
1791489510.603,"B,71877,10,72:3b:01:24:b7:c8,28,1,0,0,-21,S,5c:62:8b:66:67:d2"
1791489510.603,"B,71977,10,46:88:44:6e:4f:e4,6635,8,0,0,-30,S,5c:62:8b:66:67:d2"
1791489510.603,"B,71977,10,5c:62:8b:66:67:d2,0,0,6747,12,-52,A,5c:62:8b:66:67:d2"
1791489510.603,"B,71977,10,b2:db:ca:e6:29:a6,28,1,0,0,-23,S,5c:62:8b:66:67:d2"
1791489510.603,"B,71977,10,72:3b:01:24:b7:c8,84,3,0,0,-21,S,5c:62:8b:66:67:d2"
1791489510.805,"B,72077,10,46:88:44:6e:4f:e4,6985,9,0,0,-30,S,5c:62:8b:66:67:d2"
1791489510.805,"B,72077,10,5c:62:8b:66:67:d2,0,0,7153,15,-51,A,5c:62:8b:66:67:d2"
1791489510.805,"B,72077,10,b2:db:ca:e6:29:a6,84,3,0,0,-23,S,5c:62:8b:66:67:d2"
1791489510.805,"B,72077,10,72:3b:01:24:b7:c8,84,3,0,0,-21,S,5c:62:8b:66:67:d2"
1791489510.805,"B,72177,10,78:8c:b5:f5:e7:26,0,0,280,3,-75,A,78:8c:b5:f5:e7:26"
1791489510.805,"B,72177,10,46:88:44:6e:4f:e4,6809,9,0,0,-29,S,5c:62:8b:66:67:d2"
1791489510.805,"B,72177,10,5c:62:8b:66:67:d2,0,0,6837,10,-51,A,5c:62:8b:66:67:d2"
1791489510.805,"B,72177,10,b2:db:ca:e6:29:a6,28,1,0,0,-25,S,5c:62:8b:66:67:d2"
1791489510.805,"B,72177,10,a6:4c:bd:b6:c7:99,280,3,0,0,-82,S,78:8c:b5:f5:e7:26"
1791489511.006,"B,72277,10,78:8c:b5:f5:e7:26,0,0,258,2,0,A,78:8c:b5:f5:e7:26"
1791489511.006,"B,72277,10,46:88:44:6e:4f:e4,1050,3,0,0,-30,S,5c:62:8b:66:67:d2"
1791489511.006,"B,72277,10,5c:62:8b:66:67:d2,0,0,1358,14,-51,A,5c:62:8b:66:67:d2"
1791489511.006,"B,72277,10,b2:db:ca:e6:29:a6,84,3,0,0,-23,S,5c:62:8b:66:67:d2"
1791489511.006,"B,72277,10,72:3b:01:24:b7:c8,224,8,0,0,-21,S,5c:62:8b:66:67:d2"
1791489511.006,"B,72277,10,a6:4c:bd:b6:c7:99,258,2,0,0,-83,S,78:8c:b5:f5:e7:26"
1791489511.006,"B,72377,10,46:88:44:6e:4f:e4,6447,8,0,0,-29,S,5c:62:8b:66:67:d2"
1791489511.006,"B,72377,10,5c:62:8b:66:67:d2,0,0,6559,12,-50,A,5c:62:8b:66:67:d2"
1791489511.006,"B,72377,10,b2:db:ca:e6:29:a6,56,2,0,0,-23,S,5c:62:8b:66:67:d2"
1791489511.006,"B,72377,10,72:3b:01:24:b7:c8,56,2,0,0,-21,S,5c:62:8b:66:67:d2"
1791489511.006,"B,72477,10,78:8c:b5:f5:e7:26,0,0,150,5,-75,A,78:8c:b5:f5:e7:26"
1791489511.006,"B,72477,10,46:88:44:6e:4f:e4,6793,9,0,0,-29,S,5c:62:8b:66:67:d2"
1791489511.006,"B,72477,10,5c:62:8b:66:67:d2,0,0,6849,11,-51,A,5c:62:8b:66:67:d2"
1791489511.006,"B,72477,10,b2:db:ca:e6:29:a6,56,2,0,0,-24,S,5c:62:8b:66:67:d2"
1791489511.206,"B,72477,10,a6:4c:bd:b6:c7:99,150,5,0,0,-84,S,78:8c:b5:f5:e7:26"
1791489511.206,"B,72577,10,78:8c:b5:f5:e7:26,0,0,144,2,0,A,78:8c:b5:f5:e7:26"
1791489511.206,"B,72577,10,46:88:44:6e:4f:e4,7892,10,0,0,-30,S,5c:62:8b:66:67:d2"
1791489511.206,"B,72577,10,5c:62:8b:66:67:d2,0,0,8088,17,-50,A,5c:62:8b:66:67:d2"
1791489511.206,"B,72577,10,b2:db:ca:e6:29:a6,28,1,0,0,-24,S,5c:62:8b:66:67:d2"
1791489511.206,"B,72577,10,72:3b:01:24:b7:c8,168,6,0,0,-20,S,5c:62:8b:66:67:d2"
1791489511.206,"B,72577,10,a6:4c:bd:b6:c7:99,144,2,0,0,-84,S,78:8c:b5:f5:e7:26"
1791489511.206,"B,72677,10,78:8c:b5:f5:e7:26,0,0,2206,3,-76,A,78:8c:b5:f5:e7:26"
1791489511.206,"B,72677,10,46:88:44:6e:4f:e4,6949,9,0,0,-30,S,5c:62:8b:66:67:d2"
1791489511.206,"B,72677,10,5c:62:8b:66:67:d2,0,0,7033,12,-50,A,5c:62:8b:66:67:d2"
1791489511.406,"B,72677,10,72:3b:01:24:b7:c8,84,3,0,0,-20,S,5c:62:8b:66:67:d2"
1791489511.406,"B,72677,10,a6:4c:bd:b6:c7:99,2206,3,0,0,-82,S,78:8c:b5:f5:e7:26"
1791489511.406,"B,72777,10,78:8c:b5:f5:e7:26,0,0,2077,10,0,A,78:8c:b5:f5:e7:26"
1791489511.406,"B,72777,10,46:88:44:6e:4f:e4,1050,3,0,0,-30,S,5c:62:8b:66:67:d2"
1791489511.406,"B,72777,10,5c:62:8b:66:67:d2,0,0,1190,8,-51,A,5c:62:8b:66:67:d2"
1791489511.406,"B,72777,10,b2:db:ca:e6:29:a6,56,2,0,0,-24,S,5c:62:8b:66:67:d2"
1791489511.406,"B,72777,10,72:3b:01:24:b7:c8,84,3,0,0,-20,S,5c:62:8b:66:67:d2"
1791489511.406,"B,72777,10,a6:4c:bd:b6:c7:99,2077,10,0,0,-82,S,78:8c:b5:f5:e7:26"
1791489511.406,"B,72877,10,78:8c:b5:f5:e7:26,0,0,114,1,0,A,78:8c:b5:f5:e7:26"
1791489511.406,"B,72877,10,46:88:44:6e:4f:e4,6925,9,0,0,-30,S,5c:62:8b:66:67:d2"
1791489511.607,"B,72877,10,5c:62:8b:66:67:d2,0,0,7065,14,-50,A,5c:62:8b:66:67:d2"
1791489511.607,"B,72877,10,b2:db:ca:e6:29:a6,56,2,0,0,-23,S,5c:62:8b:66:67:d2"
1791489511.607,"B,72877,10,72:3b:01:24:b7:c8,84,3,0,0,-21,S,5c:62:8b:66:67:d2"
1791489511.607,"B,72877,10,a6:4c:bd:b6:c7:99,114,1,0,0,-82,S,78:8c:b5:f5:e7:26"
1791489511.607,"B,72977,10,78:8c:b5:f5:e7:26,0,0,1766,3,0,A,78:8c:b5:f5:e7:26"
1791489511.607,"B,72977,10,46:88:44:6e:4f:e4,6893,9,0,0,-30,S,5c:62:8b:66:67:d2"
1791489511.607,"B,72977,10,5c:62:8b:66:67:d2,0,0,7033,14,-50,A,5c:62:8b:66:67:d2"
1791489511.607,"B,72977,10,b2:db:ca:e6:29:a6,56,2,0,0,-23,S,5c:62:8b:66:67:d2"
1791489511.607,"B,72977,10,72:3b:01:24:b7:c8,84,3,0,0,-21,S,5c:62:8b:66:67:d2"
1791489511.607,"B,72977,10,a6:4c:bd:b6:c7:99,1766,3,0,0,-84,S,78:8c:b5:f5:e7:26"
1791489511.607,"B,73077,10,78:8c:b5:f5:e7:26,0,0,30,1,0,A,78:8c:b5:f5:e7:26"
1791489511.807,"B,73077,10,46:88:44:6e:4f:e4,8947,11,0,0,-30,S,5c:62:8b:66:67:d2"
1791489511.807,"B,73077,10,5c:62:8b:66:67:d2,0,0,9087,16,-50,A,5c:62:8b:66:67:d2"
1791489511.807,"B,73077,10,b2:db:ca:e6:29:a6,56,2,0,0,-26,S,5c:62:8b:66:67:d2"
1791489511.807,"B,73077,10,72:3b:01:24:b7:c8,84,3,0,0,-21,S,5c:62:8b:66:67:d2"
1791489511.807,"B,73077,10,a6:4c:bd:b6:c7:99,30,1,0,0,-84,S,78:8c:b5:f5:e7:26"
1791489511.807,"B,73177,10,78:8c:b5:f5:e7:26,0,0,1746,10,-77,A,78:8c:b5:f5:e7:26"
1791489511.807,"B,73177,10,46:88:44:6e:4f:e4,6877,9,0,0,-30,S,5c:62:8b:66:67:d2"
1791489511.807,"B,73177,10,5c:62:8b:66:67:d2,0,0,7213,21,-50,A,5c:62:8b:66:67:d2"
1791489511.807,"B,73177,10,b2:db:ca:e6:29:a6,28,1,0,0,-22,S,5c:62:8b:66:67:d2"
1791489511.807,"B,73177,10,72:3b:01:24:b7:c8,308,11,0,0,-21,S,5c:62:8b:66:67:d2"
1791489511.807,"B,73177,10,a6:4c:bd:b6:c7:99,1746,10,0,0,-83,S,78:8c:b5:f5:e7:26"
1791489511.807,"B,73277,10,78:8c:b5:f5:e7:26,0,0,432,3,-77,A,78:8c:b5:f5:e7:26"
1791489511.807,"B,73277,10,46:88:44:6e:4f:e4,6961,9,0,0,-30,S,5c:62:8b:66:67:d2"
1791489511.807,"B,73277,10,5c:62:8b:66:67:d2,0,0,7129,15,-50,A,5c:62:8b:66:67:d2"
1791489511.807,"B,73277,10,b2:db:ca:e6:29:a6,84,3,0,0,-24,S,5c:62:8b:66:67:d2"
1791489511.807,"B,73277,10,72:3b:01:24:b7:c8,84,3,0,0,-21,S,5c:62:8b:66:67:d2"
1791489511.807,"B,73277,10,a6:4c:bd:b6:c7:99,432,3,0,0,-83,S,78:8c:b5:f5:e7:26"
1791489512.007,"B,73377,10,78:8c:b5:f5:e7:26,0,0,30,1,-77,A,78:8c:b5:f5:e7:26"
1791489512.007,"B,73377,10,46:88:44:6e:4f:e4,6665,9,138,1,-30,S,5c:62:8b:66:67:d2"
1791489512.007,"B,73377,10,5c:62:8b:66:67:d2,138,1,6805,14,-50,A,5c:62:8b:66:67:d2"
1791489512.007,"B,73377,10,b2:db:ca:e6:29:a6,56,2,0,0,-24,S,5c:62:8b:66:67:d2"
1791489512.007,"B,73377,10,72:3b:01:24:b7:c8,84,3,0,0,-21,S,5c:62:8b:66:67:d2"
1791489512.007,"B,73377,10,a6:4c:bd:b6:c7:99,30,1,0,0,-84,S,78:8c:b5:f5:e7:26"
1791489512.007,"B,73477,10,46:88:44:6e:4f:e4,2100,6,0,0,-30,S,5c:62:8b:66:67:d2"
1791489512.007,"B,73477,10,5c:62:8b:66:67:d2,2888,9,2156,8,-50,A,5c:62:8b:66:67:d2"
1791489512.007,"B,73477,10,b2:db:ca:e6:29:a6,56,2,0,0,-25,S,5c:62:8b:66:67:d2"
1791489512.007,"B,73477,10,72:3b:01:24:b7:c8,0,0,2800,8,0,S,5c:62:8b:66:67:d2"
1791489512.207,"B,73577,10,46:88:44:6e:4f:e4,6667,8,0,0,-29,S,5c:62:8b:66:67:d2"
1791489512.207,"B,73577,10,5c:62:8b:66:67:d2,1400,4,6807,13,-49,A,5c:62:8b:66:67:d2"
1791489512.207,"B,73577,10,b2:db:ca:e6:29:a6,28,1,0,0,-23,S,5c:62:8b:66:67:d2"
1791489512.207,"B,73577,10,72:3b:01:24:b7:c8,112,4,1400,4,-20,S,5c:62:8b:66:67:d2"
1791489512.207,"B,73677,10,78:8c:b5:f5:e7:26,0,0,90,3,-77,A,78:8c:b5:f5:e7:26"
1791489512.207,"B,73677,10,46:88:44:6e:4f:e4,7323,10,0,0,-29,S,5c:62:8b:66:67:d2"
1791489512.207,"B,73677,10,5c:62:8b:66:67:d2,0,0,7351,11,-50,A,5c:62:8b:66:67:d2"
1791489512.207,"B,73677,10,b2:db:ca:e6:29:a6,28,1,0,0,-24,S,5c:62:8b:66:67:d2"
1791489512.207,"B,73677,10,a6:4c:bd:b6:c7:99,90,3,0,0,-84,S,78:8c:b5:f5:e7:26"
1791489512.407,"B,73777,10,46:88:44:6e:4f:e4,6957,9,0,0,-29,S,5c:62:8b:66:67:d2"
1791489512.407,"B,73777,10,5c:62:8b:66:67:d2,0,0,7097,14,-50,A,5c:62:8b:66:67:d2"
1791489512.407,"B,73777,10,b2:db:ca:e6:29:a6,56,2,0,0,-24,S,5c:62:8b:66:67:d2"
1791489512.407,"B,73777,10,72:3b:01:24:b7:c8,84,3,0,0,-22,S,5c:62:8b:66:67:d2"
1791489512.407,"B,73877,10,78:8c:b5:f5:e7:26,0,0,264,6,-77,A,78:8c:b5:f5:e7:26"
1791489512.407,"B,73877,10,46:88:44:6e:4f:e4,1078,4,0,0,-30,S,5c:62:8b:66:67:d2"
1791489512.407,"B,73877,10,5c:62:8b:66:67:d2,0,0,1414,16,-50,A,5c:62:8b:66:67:d2"
1791489512.407,"B,73877,10,b2:db:ca:e6:29:a6,28,1,0,0,-24,S,5c:62:8b:66:67:d2"
1791489512.407,"B,73877,10,72:3b:01:24:b7:c8,308,11,0,0,-22,S,5c:62:8b:66:67:d2"
1791489512.608,"B,73877,10,a6:4c:bd:b6:c7:99,264,6,0,0,-84,S,78:8c:b5:f5:e7:26"
1791489512.608,"B,73977,10,78:8c:b5:f5:e7:26,0,0,114,1,0,A,78:8c:b5:f5:e7:26"
1791489512.608,"B,73977,10,46:88:44:6e:4f:e4,12787,15,0,0,-30,S,5c:62:8b:66:67:d2"
1791489512.608,"B,73977,10,5c:62:8b:66:67:d2,0,0,12787,15,-51,A,5c:62:8b:66:67:d2"
1791489512.608,"B,73977,10,a6:4c:bd:b6:c7:99,114,1,0,0,-84,S,78:8c:b5:f5:e7:26"
1791489512.608,"B,74077,10,78:8c:b5:f5:e7:26,0,0,212,2,-76,A,78:8c:b5:f5:e7:26"
1791489512.608,"B,74077,10,46:88:44:6e:4f:e4,1456,4,0,0,-30,S,5c:62:8b:66:67:d2"
1791489512.608,"B,74077,10,5c:62:8b:66:67:d2,0,0,1540,7,-50,A,5c:62:8b:66:67:d2"
1791489512.608,"B,74077,10,72:3b:01:24:b7:c8,84,3,0,0,-21,S,5c:62:8b:66:67:d2"
1791489512.608,"B,74077,10,a6:4c:bd:b6:c7:99,212,2,0,0,-83,S,78:8c:b5:f5:e7:26"
1791489512.808,"B,74177,10,78:8c:b5:f5:e7:26,0,0,114,1,-76,A,78:8c:b5:f5:e7:26"
1791489512.808,"B,74177,10,46:88:44:6e:4f:e4,7061,9,0,0,-30,S,5c:62:8b:66:67:d2"
1791489512.808,"B,74177,10,5c:62:8b:66:67:d2,0,0,7229,15,-49,A,5c:62:8b:66:67:d2"
1791489512.808,"B,74177,10,72:3b:01:24:b7:c8,168,6,0,0,-20,S,5c:62:8b:66:67:d2"
1791489512.808,"B,74177,10,a6:4c:bd:b6:c7:99,114,1,0,0,-83,S,78:8c:b5:f5:e7:26"
1791489512.808,"B,74277,10,78:8c:b5:f5:e7:26,0,0,163,1,0,A,78:8c:b5:f5:e7:26"
1791489512.808,"B,74277,10,46:88:44:6e:4f:e4,7013,9,0,0,-30,S,5c:62:8b:66:67:d2"
1791489512.808,"B,74277,10,5c:62:8b:66:67:d2,0,0,7153,14,-51,A,5c:62:8b:66:67:d2"
1791489512.808,"B,74277,10,b2:db:ca:e6:29:a6,112,4,0,0,-24,S,5c:62:8b:66:67:d2"
1791489512.808,"B,74277,10,72:3b:01:24:b7:c8,28,1,0,0,-21,S,5c:62:8b:66:67:d2"
1791489512.808,"B,74277,10,a6:4c:bd:b6:c7:99,163,1,0,0,-83,S,78:8c:b5:f5:e7:26"
1791489513.009,"B,74377,10,78:8c:b5:f5:e7:26,0,0,114,1,-77,A,78:8c:b5:f5:e7:26"
1791489513.009,"B,74377,10,46:88:44:6e:4f:e4,7293,9,0,0,-30,S,5c:62:8b:66:67:d2"
1791489513.009,"B,74377,10,5c:62:8b:66:67:d2,0,0,7483,13,-50,A,5c:62:8b:66:67:d2"
1791489513.009,"B,74377,10,b2:db:ca:e6:29:a6,106,1,0,0,-21,S,5c:62:8b:66:67:d2"
1791489513.009,"B,74377,10,72:3b:01:24:b7:c8,84,3,0,0,-22,S,5c:62:8b:66:67:d2"
1791489513.009,"B,74377,10,a6:4c:bd:b6:c7:99,114,1,0,0,-84,S,78:8c:b5:f5:e7:26"
1791489513.009,"B,74477,10,46:88:44:6e:4f:e4,7369,9,0,0,-29,S,5c:62:8b:66:67:d2"
1791489513.009,"B,74477,10,5c:62:8b:66:67:d2,0,0,7621,18,-52,A,5c:62:8b:66:67:d2"
1791489513.009,"B,74477,10,b2:db:ca:e6:29:a6,56,2,0,0,-23,S,5c:62:8b:66:67:d2"
1791489513.009,"B,74477,10,72:3b:01:24:b7:c8,196,7,0,0,-22,S,5c:62:8b:66:67:d2"
1791489513.211,"B,74577,10,46:88:44:6e:4f:e4,4327,8,0,0,-29,S,5c:62:8b:66:67:d2"
1791489513.211,"B,74577,10,5c:62:8b:66:67:d2,0,0,4383,10,-52,A,5c:62:8b:66:67:d2"
1791489513.211,"B,74577,10,b2:db:ca:e6:29:a6,56,2,0,0,-25,S,5c:62:8b:66:67:d2"
1791489513.211,"B,74677,10,46:88:44:6e:4f:e4,5854,8,0,0,-29,S,5c:62:8b:66:67:d2"
1791489513.211,"B,74677,10,5c:62:8b:66:67:d2,0,0,6162,19,-51,A,5c:62:8b:66:67:d2"
1791489513.211,"B,74677,10,b2:db:ca:e6:29:a6,28,1,0,0,-25,S,5c:62:8b:66:67:d2"
1791489513.211,"B,74677,10,72:3b:01:24:b7:c8,280,10,0,0,-21,S,5c:62:8b:66:67:d2"
1791489513.413,"B,74777,10,46:88:44:6e:4f:e4,7489,8,0,0,-29,S,5c:62:8b:66:67:d2"
1791489513.413,"B,74777,10,5c:62:8b:66:67:d2,0,0,7573,11,0,A,5c:62:8b:66:67:d2"
1791489513.413,"B,74777,10,b2:db:ca:e6:29:a6,56,2,0,0,-24,S,5c:62:8b:66:67:d2"
1791489513.413,"B,74777,10,72:3b:01:24:b7:c8,28,1,0,0,-21,S,5c:62:8b:66:67:d2"
1791489513.413,"B,74877,10,46:88:44:6e:4f:e4,7513,9,0,0,-31,S,5c:62:8b:66:67:d2"
1791489513.413,"B,74877,10,5c:62:8b:66:67:d2,0,0,7569,11,-51,A,5c:62:8b:66:67:d2"
1791489513.413,"B,74877,10,b2:db:ca:e6:29:a6,56,2,0,0,-24,S,5c:62:8b:66:67:d2"
1791489513.614,"B,74977,10,46:88:44:6e:4f:e4,8945,13,0,0,-32,S,5c:62:8b:66:67:d2"
1791489513.614,"B,74977,10,5c:62:8b:66:67:d2,0,0,9169,21,-50,A,5c:62:8b:66:67:d2"
1791489513.614,"B,74977,10,b2:db:ca:e6:29:a6,56,2,0,0,-22,S,5c:62:8b:66:67:d2"
1791489513.614,"B,74977,10,72:3b:01:24:b7:c8,168,6,0,0,-23,S,5c:62:8b:66:67:d2"
1791489513.614,"B,75077,10,46:88:44:6e:4f:e4,6413,9,0,0,-29,S,5c:62:8b:66:67:d2"
1791489513.614,"B,75077,10,5c:62:8b:66:67:d2,0,0,6525,13,-51,A,5c:62:8b:66:67:d2"
1791489513.614,"B,75077,10,b2:db:ca:e6:29:a6,56,2,0,0,-23,S,5c:62:8b:66:67:d2"
1791489513.614,"B,75077,10,72:3b:01:24:b7:c8,56,2,0,0,-22,S,5c:62:8b:66:67:d2"
1791489513.817,"I,75116,stat,rx=14948,drops=0,ch=10,bin=100,hop=0,heap=203064"
1791489513.817,"B,75177,10,46:88:44:6e:4f:e4,1428,5,0,0,-30,S,5c:62:8b:66:67:d2"
1791489513.817,"B,75177,10,5c:62:8b:66:67:d2,0,0,1736,16,-51,A,5c:62:8b:66:67:d2"
1791489513.817,"B,75177,10,b2:db:ca:e6:29:a6,28,1,0,0,-23,S,5c:62:8b:66:67:d2"
1791489513.817,"B,75177,10,72:3b:01:24:b7:c8,280,10,0,0,-22,S,5c:62:8b:66:67:d2"
1791489513.817,"B,75277,10,46:88:44:6e:4f:e4,7613,9,0,0,-30,S,5c:62:8b:66:67:d2"
1791489513.817,"B,75277,10,5c:62:8b:66:67:d2,0,0,7809,16,-51,A,5c:62:8b:66:67:d2"
1791489513.817,"B,75277,10,b2:db:ca:e6:29:a6,56,2,0,0,-23,S,5c:62:8b:66:67:d2"
1791489513.817,"B,75277,10,72:3b:01:24:b7:c8,140,5,0,0,-22,S,5c:62:8b:66:67:d2"
1791489514.020,"B,75377,10,46:88:44:6e:4f:e4,12051,13,0,0,-30,S,5c:62:8b:66:67:d2"
1791489514.020,"B,75377,10,5c:62:8b:66:67:d2,0,0,12079,14,-50,A,5c:62:8b:66:67:d2"
1791489514.020,"B,75377,10,72:3b:01:24:b7:c8,28,1,0,0,-22,S,5c:62:8b:66:67:d2"
1791489514.020,"B,75477,10,46:88:44:6e:4f:e4,18757,20,0,0,-30,S,5c:62:8b:66:67:d2"
1791489514.020,"B,75477,10,5c:62:8b:66:67:d2,0,0,18813,22,-51,A,5c:62:8b:66:67:d2"
1791489514.020,"B,75477,10,b2:db:ca:e6:29:a6,56,2,0,0,-23,S,5c:62:8b:66:67:d2"
1791489514.223,"B,75577,10,46:88:44:6e:4f:e4,8317,11,0,0,-30,S,5c:62:8b:66:67:d2"
1791489514.223,"B,75577,10,5c:62:8b:66:67:d2,0,0,8569,20,-50,A,5c:62:8b:66:67:d2"
1791489514.223,"B,75577,10,b2:db:ca:e6:29:a6,56,2,0,0,-25,S,5c:62:8b:66:67:d2"
1791489514.223,"B,75577,10,72:3b:01:24:b7:c8,196,7,0,0,-22,S,5c:62:8b:66:67:d2"
1791489514.223,"B,75677,10,78:8c:b5:f5:e7:26,0,0,30,1,-74,A,78:8c:b5:f5:e7:26"
1791489514.223,"B,75677,10,46:88:44:6e:4f:e4,7787,10,0,0,-30,S,5c:62:8b:66:67:d2"
1791489514.223,"B,75677,10,5c:62:8b:66:67:d2,0,0,7899,14,-49,A,5c:62:8b:66:67:d2"
1791489514.223,"B,75677,10,b2:db:ca:e6:29:a6,56,2,0,0,-23,S,5c:62:8b:66:67:d2"
1791489514.223,"B,75677,10,72:3b:01:24:b7:c8,56,2,0,0,-22,S,5c:62:8b:66:67:d2"
1791489514.223,"B,75677,10,a6:4c:bd:b6:c7:99,30,1,0,0,-82,S,78:8c:b5:f5:e7:26"
1791489514.427,"B,75777,10,46:88:44:6e:4f:e4,1778,6,0,0,-30,S,5c:62:8b:66:67:d2"
1791489514.427,"B,75777,10,5c:62:8b:66:67:d2,0,0,2058,16,-49,A,5c:62:8b:66:67:d2"
1791489514.427,"B,75777,10,b2:db:ca:e6:29:a6,56,2,0,0,-23,S,5c:62:8b:66:67:d2"
1791489514.427,"B,75777,10,72:3b:01:24:b7:c8,224,8,0,0,-22,S,5c:62:8b:66:67:d2"
1791489514.427,"B,75877,10,46:88:44:6e:4f:e4,7501,8,0,0,-30,S,5c:62:8b:66:67:d2"
1791489514.427,"B,75877,10,5c:62:8b:66:67:d2,0,0,7613,12,-49,A,5c:62:8b:66:67:d2"
1791489514.427,"B,75877,10,b2:db:ca:e6:29:a6,56,2,0,0,-24,S,5c:62:8b:66:67:d2"
1791489514.427,"B,75877,10,72:3b:01:24:b7:c8,56,2,0,0,-22,S,5c:62:8b:66:67:d2"
1791489514.632,"B,75977,10,78:8c:b5:f5:e7:26,0,0,30,1,-74,A,78:8c:b5:f5:e7:26"
1791489514.632,"B,75977,10,46:88:44:6e:4f:e4,7095,8,0,0,-30,S,5c:62:8b:66:67:d2"
1791489514.632,"B,75977,10,5c:62:8b:66:67:d2,0,0,7151,10,-49,A,5c:62:8b:66:67:d2"
1791489514.632,"B,75977,10,72:3b:01:24:b7:c8,56,2,0,0,-22,S,5c:62:8b:66:67:d2"
1791489514.632,"B,75977,10,a6:4c:bd:b6:c7:99,30,1,0,0,-83,S,78:8c:b5:f5:e7:26"
1791489514.632,"B,76077,10,46:88:44:6e:4f:e4,10429,10,0,0,-30,S,5c:62:8b:66:67:d2"
1791489514.632,"B,76077,10,5c:62:8b:66:67:d2,0,0,10541,14,-49,A,5c:62:8b:66:67:d2"
1791489514.632,"B,76077,10,b2:db:ca:e6:29:a6,56,2,0,0,-23,S,5c:62:8b:66:67:d2"
1791489514.632,"B,76077,10,72:3b:01:24:b7:c8,56,2,0,0,-22,S,5c:62:8b:66:67:d2"
1791489514.835,"B,76177,10,46:88:44:6e:4f:e4,7775,10,0,0,-29,S,5c:62:8b:66:67:d2"
1791489514.835,"B,76177,10,5c:62:8b:66:67:d2,0,0,7859,13,-49,A,5c:62:8b:66:67:d2"
1791489514.835,"B,76177,10,b2:db:ca:e6:29:a6,56,2,0,0,-22,S,5c:62:8b:66:67:d2"
1791489514.835,"B,76177,10,72:3b:01:24:b7:c8,28,1,0,0,-22,S,5c:62:8b:66:67:d2"
1791489514.835,"B,76277,10,46:88:44:6e:4f:e4,8121,11,0,0,-30,S,5c:62:8b:66:67:d2"
1791489514.835,"B,76277,10,5c:62:8b:66:67:d2,0,0,8177,13,-50,A,5c:62:8b:66:67:d2"
1791489514.835,"B,76277,10,b2:db:ca:e6:29:a6,28,1,0,0,-22,S,5c:62:8b:66:67:d2"
1791489514.835,"B,76277,10,72:3b:01:24:b7:c8,28,1,0,0,-22,S,5c:62:8b:66:67:d2"
1791489515.036,"B,76377,10,46:88:44:6e:4f:e4,1428,5,0,0,-29,S,5c:62:8b:66:67:d2"
1791489515.036,"B,76377,10,5c:62:8b:66:67:d2,0,0,1652,13,-49,A,5c:62:8b:66:67:d2"
1791489515.036,"B,76377,10,b2:db:ca:e6:29:a6,28,1,0,0,-23,S,5c:62:8b:66:67:d2"
1791489515.036,"B,76377,10,72:3b:01:24:b7:c8,196,7,0,0,-22,S,5c:62:8b:66:67:d2"
1791489515.036,"B,76477,10,78:8c:b5:f5:e7:26,0,0,30,1,0,A,78:8c:b5:f5:e7:26"
1791489515.036,"B,76477,10,46:88:44:6e:4f:e4,11500,11,0,0,-31,S,5c:62:8b:66:67:d2"
1791489515.036,"B,76477,10,5c:62:8b:66:67:d2,1050,3,11668,17,-49,A,5c:62:8b:66:67:d2"
1791489515.036,"B,76477,10,b2:db:ca:e6:29:a6,84,3,0,0,-23,S,5c:62:8b:66:67:d2"
1791489515.036,"B,76477,10,72:3b:01:24:b7:c8,84,3,1050,3,-21,S,5c:62:8b:66:67:d2"
1791489515.036,"B,76477,10,a6:4c:bd:b6:c7:99,30,1,0,0,-83,S,78:8c:b5:f5:e7:26"
1791489515.237,"B,76577,10,78:8c:b5:f5:e7:26,0,0,163,1,0,A,78:8c:b5:f5:e7:26"
1791489515.237,"B,76577,10,46:88:44:6e:4f:e4,8327,13,0,0,-31,S,5c:62:8b:66:67:d2"
1791489515.237,"B,76577,10,5c:62:8b:66:67:d2,350,1,8523,20,-49,A,5c:62:8b:66:67:d2"
1791489515.237,"B,76577,10,b2:db:ca:e6:29:a6,56,2,0,0,-23,S,5c:62:8b:66:67:d2"
1791489515.237,"B,76577,10,72:3b:01:24:b7:c8,140,5,350,1,-21,S,5c:62:8b:66:67:d2"
1791489515.237,"B,76577,10,a6:4c:bd:b6:c7:99,163,1,0,0,-81,S,78:8c:b5:f5:e7:26"
1791489515.237,"M,76655,slot,11,0"
1791489515.237,"B,76677,10,46:88:44:6e:4f:e4,10505,11,0,0,-31,S,5c:62:8b:66:67:d2"
1791489515.237,"B,76677,10,5c:62:8b:66:67:d2,0,0,10589,14,-50,A,5c:62:8b:66:67:d2"
1791489515.237,"B,76677,10,b2:db:ca:e6:29:a6,56,2,0,0,-23,S,5c:62:8b:66:67:d2"
1791489515.237,"B,76677,10,72:3b:01:24:b7:c8,28,1,0,0,-22,S,5c:62:8b:66:67:d2"
1791489515.442,"B,76777,10,46:88:44:6e:4f:e4,10046,11,0,0,-30,S,5c:62:8b:66:67:d2"
1791489515.442,"B,76777,10,5c:62:8b:66:67:d2,0,0,10158,15,-50,A,5c:62:8b:66:67:d2"
1791489515.442,"B,76777,10,b2:db:ca:e6:29:a6,56,2,0,0,-22,S,5c:62:8b:66:67:d2"
1791489515.442,"B,76777,10,72:3b:01:24:b7:c8,56,2,0,0,-22,S,5c:62:8b:66:67:d2"
1791489515.442,"B,76877,10,46:88:44:6e:4f:e4,7983,10,0,0,-30,S,5c:62:8b:66:67:d2"
1791489515.442,"B,76877,10,5c:62:8b:66:67:d2,0,0,8179,17,-51,A,5c:62:8b:66:67:d2"
1791489515.442,"B,76877,10,b2:db:ca:e6:29:a6,56,2,0,0,-23,S,5c:62:8b:66:67:d2"
1791489515.442,"B,76877,10,72:3b:01:24:b7:c8,140,5,0,0,-22,S,5c:62:8b:66:67:d2"
1791489515.647,"B,76977,10,78:8c:b5:f5:e7:26,0,0,60,2,-74,A,78:8c:b5:f5:e7:26"
1791489515.647,"B,76977,10,46:88:44:6e:4f:e4,2121,5,0,0,-30,S,5c:62:8b:66:67:d2"
1791489515.647,"B,76977,10,5c:62:8b:66:67:d2,0,0,2261,10,-50,A,5c:62:8b:66:67:d2"
1791489515.647,"B,76977,10,b2:db:ca:e6:29:a6,56,2,0,0,-24,S,5c:62:8b:66:67:d2"
1791489515.647,"B,76977,10,72:3b:01:24:b7:c8,84,3,0,0,-22,S,5c:62:8b:66:67:d2"
1791489515.647,"B,76977,10,a6:4c:bd:b6:c7:99,60,2,0,0,-83,S,78:8c:b5:f5:e7:26"
1791489515.647,"B,77077,10,78:8c:b5:f5:e7:26,0,0,114,1,0,A,78:8c:b5:f5:e7:26"
1791489515.647,"B,77077,10,46:88:44:6e:4f:e4,7744,10,0,0,-31,S,5c:62:8b:66:67:d2"
1791489515.647,"B,77077,10,5c:62:8b:66:67:d2,0,0,7828,13,-50,A,5c:62:8b:66:67:d2"
1791489515.647,"B,77077,10,72:3b:01:24:b7:c8,84,3,0,0,-21,S,5c:62:8b:66:67:d2"
1791489515.647,"B,77077,10,a6:4c:bd:b6:c7:99,114,1,0,0,-82,S,78:8c:b5:f5:e7:26"
1791489515.850,"B,77177,10,46:88:44:6e:4f:e4,6745,9,0,0,-31,S,5c:62:8b:66:67:d2"
1791489515.850,"B,77177,10,5c:62:8b:66:67:d2,350,1,7193,25,-51,A,5c:62:8b:66:67:d2"
1791489515.850,"B,77177,10,b2:db:ca:e6:29:a6,56,2,0,0,-22,S,5c:62:8b:66:67:d2"
1791489515.850,"B,77177,10,72:3b:01:24:b7:c8,392,14,350,1,-21,S,5c:62:8b:66:67:d2"
1791489515.850,"B,77277,10,46:88:44:6e:4f:e4,6071,8,414,3,-31,S,5c:62:8b:66:67:d2"
1791489515.850,"B,77277,10,5c:62:8b:66:67:d2,6107,9,6127,10,-51,A,5c:62:8b:66:67:d2"
1791489515.850,"B,77277,10,b2:db:ca:e6:29:a6,56,2,0,0,-24,S,5c:62:8b:66:67:d2"
1791489515.850,"B,77277,10,72:3b:01:24:b7:c8,0,0,5693,6,0,S,5c:62:8b:66:67:d2"
1791489516.052,"B,77377,10,78:8c:b5:f5:e7:26,0,0,30,1,-75,A,78:8c:b5:f5:e7:26"
1791489516.052,"B,77377,10,46:88:44:6e:4f:e4,6601,9,0,0,-31,S,5c:62:8b:66:67:d2"
1791489516.052,"B,77377,10,5c:62:8b:66:67:d2,0,0,6769,15,-50,A,5c:62:8b:66:67:d2"
1791489516.052,"B,77377,10,b2:db:ca:e6:29:a6,84,3,0,0,-24,S,5c:62:8b:66:67:d2"
1791489516.052,"B,77377,10,72:3b:01:24:b7:c8,84,3,0,0,-21,S,5c:62:8b:66:67:d2"
1791489516.052,"B,77377,10,a6:4c:bd:b6:c7:99,30,1,0,0,-85,S,78:8c:b5:f5:e7:26"
1791489516.052,"B,77477,10,46:88:44:6e:4f:e4,6889,9,0,0,-30,S,5c:62:8b:66:67:d2"
1791489516.052,"B,77477,10,5c:62:8b:66:67:d2,0,0,7029,14,-52,A,5c:62:8b:66:67:d2"
1791489516.052,"B,77477,10,b2:db:ca:e6:29:a6,56,2,0,0,-23,S,5c:62:8b:66:67:d2"
1791489516.052,"B,77477,10,72:3b:01:24:b7:c8,84,3,0,0,-21,S,5c:62:8b:66:67:d2"
1791489516.255,"B,77577,10,78:8c:b5:f5:e7:26,0,0,183,1,0,A,78:8c:b5:f5:e7:26"
1791489516.255,"B,77577,10,46:88:44:6e:4f:e4,728,3,0,0,-33,S,5c:62:8b:66:67:d2"
1791489516.255,"B,77577,10,5c:62:8b:66:67:d2,0,0,784,5,-53,A,5c:62:8b:66:67:d2"
1791489516.255,"B,77577,10,b2:db:ca:e6:29:a6,56,2,0,0,-24,S,5c:62:8b:66:67:d2"
1791489516.255,"B,77577,10,a6:4c:bd:b6:c7:99,183,1,0,0,-85,S,78:8c:b5:f5:e7:26"
1791489516.255,"B,77677,10,46:88:44:6e:4f:e4,14492,15,0,0,-34,S,5c:62:8b:66:67:d2"
1791489516.255,"B,77677,10,5c:62:8b:66:67:d2,0,0,14716,23,-55,A,5c:62:8b:66:67:d2"
1791489516.255,"B,77677,10,b2:db:ca:e6:29:a6,56,2,0,0,-23,S,5c:62:8b:66:67:d2"
1791489516.255,"B,77677,10,72:3b:01:24:b7:c8,168,6,0,0,-22,S,5c:62:8b:66:67:d2"
1791489516.456,"B,77777,10,78:8c:b5:f5:e7:26,0,0,432,4,0,A,78:8c:b5:f5:e7:26"
1791489516.456,"B,77777,10,46:88:44:6e:4f:e4,5833,9,0,0,-33,S,5c:62:8b:66:67:d2"
1791489516.456,"B,77777,10,5c:62:8b:66:67:d2,14318,18,5973,14,-52,A,5c:62:8b:66:67:d2"
1791489516.456,"B,77777,10,b2:db:ca:e6:29:a6,56,2,0,0,-23,S,5c:62:8b:66:67:d2"
1791489516.456,"B,77777,10,72:3b:01:24:b7:c8,84,3,14318,18,-21,S,5c:62:8b:66:67:d2"
1791489516.456,"B,77777,10,a6:4c:bd:b6:c7:99,432,4,0,0,-84,S,78:8c:b5:f5:e7:26"
1791489516.456,"B,77877,10,46:88:44:6e:4f:e4,1078,4,0,0,-31,S,5c:62:8b:66:67:d2"
1791489516.456,"B,77877,10,5c:62:8b:66:67:d2,0,0,1106,5,-54,A,5c:62:8b:66:67:d2"
1791489516.456,"B,77877,10,b2:db:ca:e6:29:a6,28,1,0,0,-24,S,5c:62:8b:66:67:d2"
1791489516.660,"B,77977,10,78:8c:b5:f5:e7:26,0,0,30,1,-75,A,78:8c:b5:f5:e7:26"
1791489516.660,"B,77977,10,46:88:44:6e:4f:e4,10195,11,0,0,-32,S,5c:62:8b:66:67:d2"
1791489516.660,"B,77977,10,5c:62:8b:66:67:d2,0,0,10391,18,-56,A,5c:62:8b:66:67:d2"
1791489516.660,"B,77977,10,b2:db:ca:e6:29:a6,56,2,0,0,-22,S,5c:62:8b:66:67:d2"
1791489516.660,"B,77977,10,72:3b:01:24:b7:c8,140,5,0,0,-22,S,5c:62:8b:66:67:d2"
1791489516.660,"B,77977,10,a6:4c:bd:b6:c7:99,30,1,0,0,-84,S,78:8c:b5:f5:e7:26"
1791489516.660,"B,78077,10,46:88:44:6e:4f:e4,8951,11,0,0,-33,S,5c:62:8b:66:67:d2"
1791489516.660,"B,78077,10,5c:62:8b:66:67:d2,0,0,9091,16,-55,A,5c:62:8b:66:67:d2"
1791489516.660,"B,78077,10,b2:db:ca:e6:29:a6,56,2,0,0,-22,S,5c:62:8b:66:67:d2"
1791489516.660,"B,78077,10,72:3b:01:24:b7:c8,84,3,0,0,-22,S,5c:62:8b:66:67:d2"
1791489516.865,"B,78177,10,46:88:44:6e:4f:e4,8697,10,0,0,-31,S,5c:62:8b:66:67:d2"
1791489516.865,"B,78177,10,5c:62:8b:66:67:d2,350,1,8753,12,-52,A,5c:62:8b:66:67:d2"
1791489516.865,"B,78177,10,b2:db:ca:e6:29:a6,56,2,0,0,-23,S,5c:62:8b:66:67:d2"
1791489516.865,"B,78177,10,72:3b:01:24:b7:c8,0,0,350,1,0,S,5c:62:8b:66:67:d2"
1791489516.865,"B,78277,10,78:8c:b5:f5:e7:26,0,0,220,2,-75,A,78:8c:b5:f5:e7:26"
1791489516.865,"B,78277,10,46:88:44:6e:4f:e4,7576,12,0,0,-35,S,5c:62:8b:66:67:d2"
1791489516.865,"B,78277,10,5c:62:8b:66:67:d2,700,2,7800,20,-52,A,5c:62:8b:66:67:d2"
1791489516.865,"B,78277,10,b2:db:ca:e6:29:a6,28,1,0,0,-22,S,5c:62:8b:66:67:d2"
1791489516.865,"B,78277,10,72:3b:01:24:b7:c8,196,7,700,2,-22,S,5c:62:8b:66:67:d2"
1791489516.865,"B,78277,10,a6:4c:bd:b6:c7:99,220,2,0,0,-83,S,78:8c:b5:f5:e7:26"
1791489517.068,"B,78377,10,46:88:44:6e:4f:e4,8907,12,123,1,-31,S,5c:62:8b:66:67:d2"
1791489517.068,"B,78377,10,5c:62:8b:66:67:d2,123,1,9075,18,-52,A,5c:62:8b:66:67:d2"
1791489517.068,"B,78377,10,b2:db:ca:e6:29:a6,140,5,0,0,-22,S,5c:62:8b:66:67:d2"
1791489517.068,"B,78377,10,72:3b:01:24:b7:c8,28,1,0,0,-22,S,5c:62:8b:66:67:d2"
1791489517.068,"B,78477,10,46:88:44:6e:4f:e4,1050,3,0,0,-31,S,5c:62:8b:66:67:d2"
1791489517.068,"B,78477,10,5c:62:8b:66:67:d2,0,0,1078,4,-55,A,5c:62:8b:66:67:d2"
1791489517.068,"B,78477,10,b2:db:ca:e6:29:a6,28,1,0,0,-23,S,5c:62:8b:66:67:d2"
1791489517.270,"B,78577,10,78:8c:b5:f5:e7:26,0,0,193,2,-75,A,78:8c:b5:f5:e7:26"
1791489517.270,"B,78577,10,46:88:44:6e:4f:e4,8853,15,0,0,-31,S,5c:62:8b:66:67:d2"
1791489517.270,"B,78577,10,5c:62:8b:66:67:d2,0,0,8993,20,-54,A,5c:62:8b:66:67:d2"
1791489517.270,"B,78577,10,b2:db:ca:e6:29:a6,28,1,0,0,-21,S,5c:62:8b:66:67:d2"
1791489517.270,"B,78577,10,72:3b:01:24:b7:c8,112,4,0,0,-21,S,5c:62:8b:66:67:d2"
1791489517.270,"B,78577,10,a6:4c:bd:b6:c7:99,193,2,0,0,-82,S,78:8c:b5:f5:e7:26"
1791489517.270,"B,78677,10,46:88:44:6e:4f:e4,6793,9,0,0,-31,S,5c:62:8b:66:67:d2"
1791489517.270,"B,78677,10,5c:62:8b:66:67:d2,350,1,6877,12,-53,A,5c:62:8b:66:67:d2"
1791489517.270,"B,78677,10,b2:db:ca:e6:29:a6,56,2,0,0,-23,S,5c:62:8b:66:67:d2"
1791489517.270,"B,78677,10,72:3b:01:24:b7:c8,28,1,350,1,-22,S,5c:62:8b:66:67:d2"
1791489517.474,"B,78777,10,78:8c:b5:f5:e7:26,0,0,106,1,0,A,78:8c:b5:f5:e7:26"
1791489517.474,"B,78777,10,46:88:44:6e:4f:e4,6753,9,0,0,-31,S,5c:62:8b:66:67:d2"
1791489517.474,"B,78777,10,5c:62:8b:66:67:d2,6375,7,6809,11,-51,A,5c:62:8b:66:67:d2"
1791489517.474,"B,78777,10,b2:db:ca:e6:29:a6,56,2,0,0,-23,S,5c:62:8b:66:67:d2"
1791489517.474,"B,78777,10,72:3b:01:24:b7:c8,0,0,6375,7,0,S,5c:62:8b:66:67:d2"
1791489517.474,"B,78777,10,a6:4c:bd:b6:c7:99,106,1,0,0,-84,S,78:8c:b5:f5:e7:26"
1791489517.474,"B,78877,10,46:88:44:6e:4f:e4,13868,14,0,0,-30,S,5c:62:8b:66:67:d2"
1791489517.474,"B,78877,10,5c:62:8b:66:67:d2,0,0,14092,22,-55,A,5c:62:8b:66:67:d2"
1791489517.474,"B,78877,10,b2:db:ca:e6:29:a6,28,1,0,0,-23,S,5c:62:8b:66:67:d2"
1791489517.474,"B,78877,10,72:3b:01:24:b7:c8,196,7,0,0,-21,S,5c:62:8b:66:67:d2"
1791489517.674,"B,78977,10,78:8c:b5:f5:e7:26,0,0,60,2,-73,A,78:8c:b5:f5:e7:26"
1791489517.674,"B,78977,10,46:88:44:6e:4f:e4,6619,8,0,0,-30,S,5c:62:8b:66:67:d2"
1791489517.674,"B,78977,10,5c:62:8b:66:67:d2,0,0,6759,13,-54,A,5c:62:8b:66:67:d2"
1791489517.674,"B,78977,10,b2:db:ca:e6:29:a6,84,3,0,0,-23,S,5c:62:8b:66:67:d2"
1791489517.674,"B,78977,10,72:3b:01:24:b7:c8,56,2,0,0,-21,S,5c:62:8b:66:67:d2"
1791489517.674,"B,78977,10,a6:4c:bd:b6:c7:99,60,2,0,0,-85,S,78:8c:b5:f5:e7:26"
1791489517.674,"B,79077,10,46:88:44:6e:4f:e4,1750,5,0,0,-31,S,5c:62:8b:66:67:d2"
1791489517.674,"B,79077,10,5c:62:8b:66:67:d2,0,0,1778,6,-54,A,5c:62:8b:66:67:d2"
1791489517.674,"B,79077,10,b2:db:ca:e6:29:a6,28,1,0,0,-23,S,5c:62:8b:66:67:d2"
1791489517.876,"B,79177,10,78:8c:b5:f5:e7:26,0,0,120,4,-77,A,78:8c:b5:f5:e7:26"
1791489517.876,"B,79177,10,46:88:44:6e:4f:e4,6551,8,0,0,-30,S,5c:62:8b:66:67:d2"
1791489517.876,"B,79177,10,5c:62:8b:66:67:d2,0,0,6859,19,0,A,5c:62:8b:66:67:d2"
1791489517.876,"B,79177,10,b2:db:ca:e6:29:a6,56,2,0,0,-23,S,5c:62:8b:66:67:d2"
1791489517.876,"B,79177,10,72:3b:01:24:b7:c8,252,9,0,0,-21,S,5c:62:8b:66:67:d2"
1791489517.876,"B,79177,10,a6:4c:bd:b6:c7:99,120,4,0,0,-84,S,78:8c:b5:f5:e7:26"
1791489517.876,"B,79277,10,78:8c:b5:f5:e7:26,0,0,228,2,-76,A,78:8c:b5:f5:e7:26"
1791489517.876,"B,79277,10,46:88:44:6e:4f:e4,7259,10,0,0,-31,S,5c:62:8b:66:67:d2"
1791489517.876,"B,79277,10,5c:62:8b:66:67:d2,7505,9,7343,13,-51,A,5c:62:8b:66:67:d2"
1791489517.876,"B,79277,10,b2:db:ca:e6:29:a6,56,2,0,0,-24,S,5c:62:8b:66:67:d2"
1791489517.876,"B,79277,10,72:3b:01:24:b7:c8,28,1,7505,9,-22,S,5c:62:8b:66:67:d2"
1791489517.876,"B,79277,10,a6:4c:bd:b6:c7:99,228,2,0,0,-84,S,78:8c:b5:f5:e7:26"
1791489518.076,"B,79377,10,46:88:44:6e:4f:e4,8411,10,0,0,-31,S,5c:62:8b:66:67:d2"
1791489518.076,"B,79377,10,5c:62:8b:66:67:d2,0,0,8551,15,-52,A,5c:62:8b:66:67:d2"
1791489518.076,"B,79377,10,b2:db:ca:e6:29:a6,28,1,0,0,-23,S,5c:62:8b:66:67:d2"
1791489518.076,"B,79377,10,72:3b:01:24:b7:c8,112,4,0,0,-21,S,5c:62:8b:66:67:d2"
1791489518.076,"B,79477,10,78:8c:b5:f5:e7:26,0,0,328,2,-76,A,78:8c:b5:f5:e7:26"
1791489518.076,"B,79477,10,46:88:44:6e:4f:e4,6463,8,0,0,-31,S,5c:62:8b:66:67:d2"
1791489518.076,"B,79477,10,5c:62:8b:66:67:d2,0,0,6603,13,-52,A,5c:62:8b:66:67:d2"
1791489518.076,"B,79477,10,b2:db:ca:e6:29:a6,56,2,0,0,-24,S,5c:62:8b:66:67:d2"
1791489518.076,"B,79477,10,72:3b:01:24:b7:c8,84,3,0,0,-21,S,5c:62:8b:66:67:d2"
1791489518.076,"B,79477,10,a6:4c:bd:b6:c7:99,328,2,0,0,-85,S,78:8c:b5:f5:e7:26"
1791489518.278,"B,79577,10,46:88:44:6e:4f:e4,13892,14,0,0,-31,S,5c:62:8b:66:67:d2"
1791489518.278,"B,79577,10,5c:62:8b:66:67:d2,0,0,13948,16,-53,A,5c:62:8b:66:67:d2"
1791489518.278,"B,79577,10,b2:db:ca:e6:29:a6,28,1,0,0,-23,S,5c:62:8b:66:67:d2"
1791489518.278,"B,79577,10,72:3b:01:24:b7:c8,28,1,0,0,-22,S,5c:62:8b:66:67:d2"
1791489518.278,"B,79677,10,46:88:44:6e:4f:e4,1750,5,0,0,-31,S,5c:62:8b:66:67:d2"
1791489518.278,"B,79677,10,5c:62:8b:66:67:d2,350,1,1918,11,-51,A,5c:62:8b:66:67:d2"
1791489518.278,"B,79677,10,b2:db:ca:e6:29:a6,56,2,0,0,-23,S,5c:62:8b:66:67:d2"
1791489518.278,"B,79677,10,72:3b:01:24:b7:c8,112,4,350,1,-21,S,5c:62:8b:66:67:d2"
1791489518.483,"B,79777,10,46:88:44:6e:4f:e4,7179,10,0,0,-31,S,5c:62:8b:66:67:d2"
1791489518.483,"B,79777,10,5c:62:8b:66:67:d2,6101,6,7319,15,-51,A,5c:62:8b:66:67:d2"
1791489518.483,"B,79777,10,b2:db:ca:e6:29:a6,56,2,0,0,-23,S,5c:62:8b:66:67:d2"
1791489518.483,"B,79777,10,72:3b:01:24:b7:c8,84,3,6101,6,-21,S,5c:62:8b:66:67:d2"
1791489518.483,"B,79877,10,46:88:44:6e:4f:e4,9990,12,0,0,-31,S,5c:62:8b:66:67:d2"
1791489518.483,"B,79877,10,5c:62:8b:66:67:d2,0,0,10102,16,-52,A,5c:62:8b:66:67:d2"
1791489518.483,"B,79877,10,b2:db:ca:e6:29:a6,56,2,0,0,-23,S,5c:62:8b:66:67:d2"
1791489518.483,"B,79877,10,72:3b:01:24:b7:c8,56,2,0,0,-21,S,5c:62:8b:66:67:d2"
1791489518.685,"B,79977,10,46:88:44:6e:4f:e4,6395,8,0,0,-31,S,5c:62:8b:66:67:d2"
1791489518.685,"B,79977,10,5c:62:8b:66:67:d2,0,0,6591,15,-52,A,5c:62:8b:66:67:d2"
1791489518.685,"B,79977,10,b2:db:ca:e6:29:a6,56,2,0,0,-23,S,5c:62:8b:66:67:d2"
1791489518.685,"B,79977,10,72:3b:01:24:b7:c8,140,5,0,0,-21,S,5c:62:8b:66:67:d2"
1791489518.685,"B,80077,10,78:8c:b5:f5:e7:26,0,0,30,1,-75,A,78:8c:b5:f5:e7:26"
1791489518.685,"B,80077,10,46:88:44:6e:4f:e4,2121,5,0,0,-31,S,5c:62:8b:66:67:d2"
1791489518.685,"B,80077,10,5c:62:8b:66:67:d2,82,1,2289,11,-53,A,5c:62:8b:66:67:d2"
1791489518.685,"B,80077,10,b2:db:ca:e6:29:a6,56,2,0,0,-25,S,5c:62:8b:66:67:d2"
1791489518.685,"B,80077,10,72:3b:01:24:b7:c8,112,4,82,1,-21,S,5c:62:8b:66:67:d2"
1791489518.685,"B,80077,10,a6:4c:bd:b6:c7:99,30,1,0,0,-85,S,78:8c:b5:f5:e7:26"
1791489518.685,"I,80117,stat,rx=15932,drops=0,ch=10,bin=100,hop=0,heap=203064"
1791489518.890,"B,80177,10,46:88:44:6e:4f:e4,8743,12,0,0,-30,S,5c:62:8b:66:67:d2"
1791489518.890,"B,80177,10,5c:62:8b:66:67:d2,0,0,8995,21,-54,A,5c:62:8b:66:67:d2"
1791489518.890,"B,80177,10,b2:db:ca:e6:29:a6,56,2,0,0,-24,S,5c:62:8b:66:67:d2"
1791489518.890,"B,80177,10,72:3b:01:24:b7:c8,196,7,0,0,-21,S,5c:62:8b:66:67:d2"
1791489518.890,"B,80277,10,78:8c:b5:f5:e7:26,0,0,30,1,-78,A,78:8c:b5:f5:e7:26"
1791489518.890,"B,80277,10,46:88:44:6e:4f:e4,1078,4,0,0,-33,S,5c:62:8b:66:67:d2"
1791489518.890,"B,80277,10,5c:62:8b:66:67:d2,6075,7,1218,9,-52,A,5c:62:8b:66:67:d2"
1791489518.890,"B,80277,10,b2:db:ca:e6:29:a6,56,2,0,0,-22,S,5c:62:8b:66:67:d2"
1791489518.890,"B,80277,10,72:3b:01:24:b7:c8,84,3,6075,7,-21,S,5c:62:8b:66:67:d2"
1791489518.890,"B,80277,10,a6:4c:bd:b6:c7:99,30,1,0,0,-85,S,78:8c:b5:f5:e7:26"
1791489519.094,"B,80377,10,78:8c:b5:f5:e7:26,0,0,1161,3,-77,A,78:8c:b5:f5:e7:26"
1791489519.094,"B,80377,10,46:88:44:6e:4f:e4,5955,7,0,0,-34,S,5c:62:8b:66:67:d2"
1791489519.094,"B,80377,10,5c:62:8b:66:67:d2,0,0,6123,13,-52,A,5c:62:8b:66:67:d2"
1791489519.094,"B,80377,10,b2:db:ca:e6:29:a6,84,3,0,0,-23,S,5c:62:8b:66:67:d2"
1791489519.094,"B,80377,10,72:3b:01:24:b7:c8,84,3,0,0,-21,S,5c:62:8b:66:67:d2"
1791489519.094,"B,80377,10,a6:4c:bd:b6:c7:99,1161,3,0,0,-82,S,78:8c:b5:f5:e7:26"
1791489519.094,"B,80477,10,46:88:44:6e:4f:e4,7049,9,0,0,-33,S,5c:62:8b:66:67:d2"
1791489519.094,"B,80477,10,5c:62:8b:66:67:d2,0,0,7161,13,-50,A,5c:62:8b:66:67:d2"
1791489519.094,"B,80477,10,72:3b:01:24:b7:c8,112,4,0,0,-21,S,5c:62:8b:66:67:d2"
1791489519.299,"B,80577,10,46:88:44:6e:4f:e4,6550,9,0,0,-32,S,5c:62:8b:66:67:d2"
1791489519.299,"B,80577,10,5c:62:8b:66:67:d2,0,0,6606,11,-51,A,5c:62:8b:66:67:d2"
1791489519.299,"B,80577,10,b2:db:ca:e6:29:a6,56,2,0,0,-24,S,5c:62:8b:66:67:d2"
1791489519.299,"B,80677,10,46:88:44:6e:4f:e4,5941,9,0,0,-31,S,5c:62:8b:66:67:d2"
1791489519.299,"B,80677,10,5c:62:8b:66:67:d2,350,1,6053,13,-51,A,5c:62:8b:66:67:d2"
1791489519.299,"B,80677,10,b2:db:ca:e6:29:a6,28,1,0,0,-25,S,5c:62:8b:66:67:d2"
1791489519.299,"B,80677,10,72:3b:01:24:b7:c8,84,3,350,1,-21,S,5c:62:8b:66:67:d2"
1791489519.501,"B,80777,10,46:88:44:6e:4f:e4,5229,7,0,0,-31,S,5c:62:8b:66:67:d2"
1791489519.501,"B,80777,10,5c:62:8b:66:67:d2,700,2,5425,14,-51,A,5c:62:8b:66:67:d2"
1791489519.501,"B,80777,10,b2:db:ca:e6:29:a6,28,1,0,0,-23,S,5c:62:8b:66:67:d2"
1791489519.501,"B,80777,10,72:3b:01:24:b7:c8,168,6,700,2,-21,S,5c:62:8b:66:67:d2"
1791489519.501,"B,80877,10,46:88:44:6e:4f:e4,1050,3,0,0,-31,S,5c:62:8b:66:67:d2"
1791489519.501,"B,80877,10,5c:62:8b:66:67:d2,0,0,1050,3,-51,A,5c:62:8b:66:67:d2"
1791489519.703,"B,80977,10,46:88:44:6e:4f:e4,7675,10,0,0,-30,S,5c:62:8b:66:67:d2"
1791489519.703,"B,80977,10,5c:62:8b:66:67:d2,0,0,7955,20,-50,A,5c:62:8b:66:67:d2"
1791489519.703,"B,80977,10,72:3b:01:24:b7:c8,280,10,0,0,-21,S,5c:62:8b:66:67:d2"
1791489519.703,"B,81077,10,46:88:44:6e:4f:e4,6959,8,0,0,-31,S,5c:62:8b:66:67:d2"
1791489519.703,"B,81077,10,5c:62:8b:66:67:d2,0,0,7071,12,-51,A,5c:62:8b:66:67:d2"
1791489519.703,"B,81077,10,b2:db:ca:e6:29:a6,28,1,0,0,-23,S,5c:62:8b:66:67:d2"
1791489519.703,"B,81077,10,72:3b:01:24:b7:c8,84,3,0,0,-21,S,5c:62:8b:66:67:d2"
1791489519.904,"B,81177,10,46:88:44:6e:4f:e4,9239,12,0,0,-30,S,5c:62:8b:66:67:d2"
1791489519.904,"B,81177,10,5c:62:8b:66:67:d2,6561,6,9575,24,-50,A,5c:62:8b:66:67:d2"
1791489519.904,"B,81177,10,b2:db:ca:e6:29:a6,140,5,0,0,-24,S,5c:62:8b:66:67:d2"
1791489519.904,"B,81177,10,72:3b:01:24:b7:c8,196,7,6561,6,-21,S,5c:62:8b:66:67:d2"
1791489519.904,"B,81277,10,46:88:44:6e:4f:e4,5904,7,0,0,-30,S,5c:62:8b:66:67:d2"
1791489519.904,"B,81277,10,5c:62:8b:66:67:d2,0,0,6100,14,-50,A,5c:62:8b:66:67:d2"
1791489519.904,"B,81277,10,b2:db:ca:e6:29:a6,56,2,0,0,-23,S,5c:62:8b:66:67:d2"
1791489519.904,"B,81277,10,72:3b:01:24:b7:c8,140,5,0,0,-21,S,5c:62:8b:66:67:d2"
1791489520.105,"B,81377,10,46:88:44:6e:4f:e4,8153,11,0,0,-30,S,5c:62:8b:66:67:d2"
1791489520.105,"B,81377,10,5c:62:8b:66:67:d2,0,0,8209,13,-51,A,5c:62:8b:66:67:d2"
1791489520.105,"B,81377,10,b2:db:ca:e6:29:a6,56,2,0,0,-24,S,5c:62:8b:66:67:d2"
1791489520.105,"B,81477,10,46:88:44:6e:4f:e4,1050,3,0,0,-30,S,5c:62:8b:66:67:d2"
1791489520.105,"B,81477,10,5c:62:8b:66:67:d2,0,0,1106,5,-51,A,5c:62:8b:66:67:d2"
1791489520.105,"B,81477,10,b2:db:ca:e6:29:a6,28,1,0,0,-26,S,5c:62:8b:66:67:d2"
1791489520.105,"B,81477,10,72:3b:01:24:b7:c8,28,1,0,0,-21,S,5c:62:8b:66:67:d2"
1791489520.105,"B,81577,10,46:88:44:6e:4f:e4,10245,11,0,0,-29,S,5c:62:8b:66:67:d2"
1791489520.105,"B,81577,10,5c:62:8b:66:67:d2,0,0,10497,20,-51,A,5c:62:8b:66:67:d2"
1791489520.305,"B,81577,10,b2:db:ca:e6:29:a6,56,2,0,0,-24,S,5c:62:8b:66:67:d2"
1791489520.305,"B,81577,10,72:3b:01:24:b7:c8,196,7,0,0,-21,S,5c:62:8b:66:67:d2"
1791489520.305,"B,81677,10,46:88:44:6e:4f:e4,7575,10,0,0,-29,S,5c:62:8b:66:67:d2"
1791489520.305,"B,81677,10,5c:62:8b:66:67:d2,7547,9,7659,13,-50,A,5c:62:8b:66:67:d2"
1791489520.305,"B,81677,10,b2:db:ca:e6:29:a6,28,1,0,0,-25,S,5c:62:8b:66:67:d2"
1791489520.305,"B,81677,10,72:3b:01:24:b7:c8,56,2,7547,9,-21,S,5c:62:8b:66:67:d2"
1791489520.305,"M,81732,end"
1791489520.305,"B,81777,10,78:8c:b5:f5:e7:26,0,0,30,1,-78,A,78:8c:b5:f5:e7:26"
1791489520.505,"B,81777,10,46:88:44:6e:4f:e4,7225,9,0,0,-29,S,5c:62:8b:66:67:d2"
1791489520.505,"B,81777,10,5c:62:8b:66:67:d2,7547,9,7253,10,-51,A,5c:62:8b:66:67:d2"
1791489520.505,"B,81777,10,b2:db:ca:e6:29:a6,28,1,0,0,-24,S,5c:62:8b:66:67:d2"
1791489520.505,"B,81777,10,72:3b:01:24:b7:c8,0,0,7547,9,0,S,5c:62:8b:66:67:d2"
1791489520.505,"B,81777,10,a6:4c:bd:b6:c7:99,30,1,0,0,-83,S,78:8c:b5:f5:e7:26"
1791489520.505,"B,81877,10,46:88:44:6e:4f:e4,7201,9,0,0,-30,S,5c:62:8b:66:67:d2"
1791489520.505,"B,81877,10,5c:62:8b:66:67:d2,0,0,7341,14,-50,A,5c:62:8b:66:67:d2"
1791489520.505,"B,81877,10,72:3b:01:24:b7:c8,140,5,0,0,-22,S,5c:62:8b:66:67:d2"
1791489520.705,"B,81977,10,78:8c:b5:f5:e7:26,0,0,30,1,-79,A,78:8c:b5:f5:e7:26"
1791489520.705,"B,81977,10,46:88:44:6e:4f:e4,7213,9,0,0,-29,S,5c:62:8b:66:67:d2"
1791489520.705,"B,81977,10,5c:62:8b:66:67:d2,14358,16,7241,10,-51,A,5c:62:8b:66:67:d2"
1791489520.705,"B,81977,10,72:3b:01:24:b7:c8,28,1,14358,16,-22,S,5c:62:8b:66:67:d2"
1791489520.705,"B,81977,10,a6:4c:bd:b6:c7:99,30,1,0,0,-84,S,78:8c:b5:f5:e7:26"
1791489520.705,"B,82077,10,46:88:44:6e:4f:e4,1400,4,0,0,-29,S,5c:62:8b:66:67:d2"
1791489520.705,"B,82077,10,5c:62:8b:66:67:d2,1050,3,1512,8,-50,A,5c:62:8b:66:67:d2"
1791489520.705,"B,82077,10,72:3b:01:24:b7:c8,112,4,1050,3,-22,S,5c:62:8b:66:67:d2"
1791489520.705,"B,82177,10,46:88:44:6e:4f:e4,7910,9,0,0,-29,S,5c:62:8b:66:67:d2"
1791489520.705,"B,82177,10,5c:62:8b:66:67:d2,5911,5,7994,12,-50,A,5c:62:8b:66:67:d2"
1791489520.705,"B,82177,10,72:3b:01:24:b7:c8,84,3,5911,5,-21,S,5c:62:8b:66:67:d2"
1791489520.906,"B,82277,10,46:88:44:6e:4f:e4,8715,10,138,1,-29,S,5c:62:8b:66:67:d2"
1791489520.906,"B,82277,10,5c:62:8b:66:67:d2,7775,11,8827,14,-50,A,5c:62:8b:66:67:d2"
1791489520.906,"B,82277,10,b2:db:ca:e6:29:a6,84,3,0,0,-24,S,5c:62:8b:66:67:d2"
1791489520.906,"B,82277,10,72:3b:01:24:b7:c8,28,1,7637,10,-21,S,5c:62:8b:66:67:d2"
1791489520.906,"B,82377,10,46:88:44:6e:4f:e4,7997,12,0,0,-29,S,5c:62:8b:66:67:d2"
1791489520.906,"B,82377,10,5c:62:8b:66:67:d2,350,1,8221,20,-51,A,5c:62:8b:66:67:d2"
1791489520.906,"B,82377,10,72:3b:01:24:b7:c8,224,8,350,1,-21,S,5c:62:8b:66:67:d2"
1791489521.106,"B,82477,10,78:8c:b5:f5:e7:26,0,0,30,1,-77,A,78:8c:b5:f5:e7:26"
1791489521.106,"B,82477,10,46:88:44:6e:4f:e4,9133,11,0,0,-29,S,5c:62:8b:66:67:d2"
1791489521.106,"B,82477,10,5c:62:8b:66:67:d2,2443,5,9245,15,-50,A,5c:62:8b:66:67:d2"
1791489521.106,"B,82477,10,b2:db:ca:e6:29:a6,56,2,0,0,-25,S,5c:62:8b:66:67:d2"
1791489521.106,"B,82477,10,72:3b:01:24:b7:c8,56,2,2443,5,-21,S,5c:62:8b:66:67:d2"
1791489521.106,"B,82477,10,a6:4c:bd:b6:c7:99,30,1,0,0,-82,S,78:8c:b5:f5:e7:26"
1791489521.106,"B,82577,10,46:88:44:6e:4f:e4,10257,11,0,0,-29,S,5c:62:8b:66:67:d2"
1791489521.106,"B,82577,10,5c:62:8b:66:67:d2,0,0,10341,14,-51,A,5c:62:8b:66:67:d2"
1791489521.306,"B,82577,10,b2:db:ca:e6:29:a6,56,2,0,0,-25,S,5c:62:8b:66:67:d2"
1791489521.306,"B,82577,10,72:3b:01:24:b7:c8,28,1,0,0,-21,S,5c:62:8b:66:67:d2"
1791489521.306,"B,82677,10,46:88:44:6e:4f:e4,756,4,0,0,-29,S,5c:62:8b:66:67:d2"
1791489521.306,"B,82677,10,5c:62:8b:66:67:d2,18203,18,812,6,-50,A,5c:62:8b:66:67:d2"
1791489521.306,"B,82677,10,b2:db:ca:e6:29:a6,28,1,0,0,-24,S,5c:62:8b:66:67:d2"
1791489521.306,"B,82677,10,72:3b:01:24:b7:c8,28,1,18203,18,-21,S,5c:62:8b:66:67:d2"
1791489521.306,"B,82777,10,46:88:44:6e:4f:e4,8667,9,0,0,-29,S,5c:62:8b:66:67:d2"
1791489521.306,"B,82777,10,5c:62:8b:66:67:d2,9367,11,8779,13,-50,A,5c:62:8b:66:67:d2"
1791489521.306,"B,82777,10,b2:db:ca:e6:29:a6,28,1,0,0,-25,S,5c:62:8b:66:67:d2"
1791489521.306,"B,82777,10,72:3b:01:24:b7:c8,84,3,9367,11,-21,S,5c:62:8b:66:67:d2"
