host_time_s,line
1791506326.876,"I,75,boot,spyscan-e2-sniffer,v0.1,transport=usb-serial-jtag"
1791506326.876,"A,126,1,c2:a5:dd:1b:60:3b,-62,MERCURY_603B"
1791506326.876,"A,163,1,e0:bb:0c:05:3a:69,-86,528"
1791506326.876,"B,175,1,08:9d:f4:81:f5:38,30,1,0,0,-85,S,c4:16:88:9a:06:5c,1,0,0,0"
1791506326.876,"B,175,1,c4:16:88:9a:06:5c,0,0,30,1,0,A,c4:16:88:9a:06:5c,0,0,0,0"
1791506326.876,"A,221,1,44:df:65:f4:66:07,-86,logovo_SKUFov"
1791506327.080,"B,275,1,44:df:65:f4:66:07,3110,6,0,0,-86,A,44:df:65:f4:66:07,0,6,0,0"
1791506327.080,"I,331,reset"
1791506327.080,"A,331,1,c2:a5:dd:1b:60:3b,-60,MERCURY_603B"
1791506327.080,"I,332,bin,100"
1791506327.080,"I,332,channel,10"
1791506327.080,"A,337,10,5c:62:8b:66:67:d2,-45,TP-Link_67D2"
1791506327.080,"B,375,1,08:9d:f4:81:f5:38,30,1,0,0,-83,S,c4:16:88:9a:06:5c,1,0,0,0"
1791506327.080,"B,375,1,c4:16:88:9a:06:5c,0,0,30,1,0,A,c4:16:88:9a:06:5c,0,0,0,0"
1791506327.080,"B,375,10,5c:62:8b:66:67:d2,1392,2,4392,7,-43,A,5c:62:8b:66:67:d2,0,1,0,1"
1791506327.080,"B,375,10,72:3b:01:24:b7:c8,56,2,1282,1,-36,S,5c:62:8b:66:67:d2,2,0,0,0"
1791506327.080,"B,375,10,cc:b8:5e:ad:5c:4a,4336,5,110,1,-46,S,5c:62:8b:66:67:d2,1,1,0,3"
1791506327.080,"A,410,10,00:eb:d8:11:99:9d,-64,"
1791506327.285,"A,468,10,cc:d8:43:ca:9f:eb,-76,Xiaomi_DF62"
1791506327.285,"B,475,10,5c:62:8b:66:67:d2,10360,14,7036,15,-43,A,5c:62:8b:66:67:d2,0,7,0,7"
1791506327.285,"B,475,10,72:3b:01:24:b7:c8,196,7,9810,9,-40,S,5c:62:8b:66:67:d2,7,0,0,0"
1791506327.285,"B,475,10,cc:b8:5e:ad:5c:4a,6784,6,550,5,-48,S,5c:62:8b:66:67:d2,0,1,0,5"
1791506327.285,"B,475,10,f2:51:4e:f8:1a:7f,30,1,0,0,-84,S,b0:a7:b9:23:82:ee,1,0,0,0"
1791506327.285,"B,475,10,b0:a7:b9:23:82:ee,0,0,30,1,0,A,b0:a7:b9:23:82:ee,0,0,0,0"
1791506327.285,"B,475,10,b2:db:ca:e6:29:a6,56,2,0,0,-42,S,5c:62:8b:66:67:d2,2,0,0,0"
1791506327.285,"A,492,10,78:8c:b5:f5:e7:26,-76,ITMO"
1791506327.285,"I,532,focus,cc:b8:5e:ad:5c:4a"
1791506327.285,"M,533,record_start"
1791506327.285,"B,575,10,5c:62:8b:66:67:d2,0,0,6550,10,-45,A,5c:62:8b:66:67:d2,0,0,0,0"
1791506327.285,"B,575,10,72:3b:01:24:b7:c8,56,2,0,0,-42,S,5c:62:8b:66:67:d2,2,0,0,0"
1791506327.285,"B,575,10,cc:b8:5e:ad:5c:4a,6438,6,0,0,-46,S,5c:62:8b:66:67:d2,1,0,0,5"
1791506327.285,"B,575,10,b2:db:ca:e6:29:a6,56,2,0,0,-43,S,5c:62:8b:66:67:d2,2,0,0,0"
1791506327.285,"B,575,10,cc:d8:43:ca:9f:eb,0,0,60,2,-76,A,cc:d8:43:ca:9f:eb,0,0,0,0"
1791506327.285,"B,575,10,98:5f:41:bf:7c:ff,60,2,0,0,-70,S,cc:d8:43:ca:9f:eb,2,0,0,0"
1791506327.490,"B,675,10,5c:62:8b:66:67:d2,19728,24,12522,14,-43,A,5c:62:8b:66:67:d2,0,10,1,13"
1791506327.490,"B,675,10,72:3b:01:24:b7:c8,28,1,18848,16,-41,S,5c:62:8b:66:67:d2,1,0,0,0"
1791506327.490,"B,675,10,cc:b8:5e:ad:5c:4a,12466,12,880,8,-47,S,5c:62:8b:66:67:d2,1,2,1,8"
1791506327.490,"B,675,10,b2:db:ca:e6:29:a6,28,1,0,0,-43,S,5c:62:8b:66:67:d2,1,0,0,0"
1791506327.490,"A,678,10,b0:a7:b9:23:82:ee,-88,________ __ ________"
1791506327.490,"B,775,10,5c:62:8b:66:67:d2,0,0,6690,15,-46,A,5c:62:8b:66:67:d2,0,0,0,0"
1791506327.490,"B,775,10,72:3b:01:24:b7:c8,252,9,0,0,-40,S,5c:62:8b:66:67:d2,9,0,0,0"
1791506327.490,"B,775,10,cc:b8:5e:ad:5c:4a,6410,5,0,0,-48,S,5c:62:8b:66:67:d2,0,0,0,5"
1791506327.490,"B,775,10,b2:db:ca:e6:29:a6,28,1,0,0,-44,S,5c:62:8b:66:67:d2,1,0,0,0"
1791506327.695,"B,875,10,5c:62:8b:66:67:d2,550,5,8354,13,-44,A,5c:62:8b:66:67:d2,0,5,0,0"
1791506327.695,"B,875,10,72:3b:01:24:b7:c8,112,4,0,0,-40,S,5c:62:8b:66:67:d2,4,0,0,0"
1791506327.695,"B,875,10,cc:b8:5e:ad:5c:4a,8214,8,550,5,-47,S,5c:62:8b:66:67:d2,1,1,0,6"
1791506327.695,"B,875,10,b2:db:ca:e6:29:a6,28,1,0,0,-45,S,5c:62:8b:66:67:d2,1,0,0,0"
1791506327.695,"B,975,10,5c:62:8b:66:67:d2,770,7,6494,8,-44,A,5c:62:8b:66:67:d2,0,7,0,0"
1791506327.695,"B,975,10,72:3b:01:24:b7:c8,84,3,0,0,-43,S,5c:62:8b:66:67:d2,3,0,0,0"
1791506327.695,"B,975,10,cc:b8:5e:ad:5c:4a,6410,5,770,7,-48,S,5c:62:8b:66:67:d2,0,0,0,5"
1791506327.897,"B,1075,10,5c:62:8b:66:67:d2,0,0,112,4,-45,A,5c:62:8b:66:67:d2,0,0,0,0"
1791506327.897,"B,1075,10,72:3b:01:24:b7:c8,112,4,0,0,-40,S,5c:62:8b:66:67:d2,4,0,0,0"
1791506327.897,"A,1129,10,02:eb:d8:11:99:9d,-63,"
1791506327.897,"B,1175,10,5c:62:8b:66:67:d2,7902,7,1351,10,-44,A,5c:62:8b:66:67:d2,0,2,0,5"
1791506327.897,"B,1175,10,cc:b8:5e:ad:5c:4a,1351,10,7902,7,-47,S,5c:62:8b:66:67:d2,1,9,0,0"
1791506328.100,"B,1275,10,5c:62:8b:66:67:d2,9099,17,4890,12,-43,A,5c:62:8b:66:67:d2,0,11,0,6"
1791506328.100,"B,1275,10,72:3b:01:24:b7:c8,28,1,8655,13,-36,S,5c:62:8b:66:67:d2,1,0,0,0"
1791506328.100,"B,1275,10,cc:b8:5e:ad:5c:4a,4862,11,444,4,-47,S,5c:62:8b:66:67:d2,1,7,1,2"
1791506328.100,"B,1375,10,5c:62:8b:66:67:d2,39491,64,50627,42,-43,A,5c:62:8b:66:67:d2,0,37,3,24"
1791506328.100,"B,1375,10,72:3b:01:24:b7:c8,0,0,35407,32,0,S,5c:62:8b:66:67:d2,0,0,0,0"
1791506328.100,"B,1375,10,cc:b8:5e:ad:5c:4a,50627,42,4084,32,-47,S,5c:62:8b:66:67:d2,1,4,2,35"
1791506328.300,"B,1475,10,5c:62:8b:66:67:d2,1604,12,17834,23,-43,A,5c:62:8b:66:67:d2,0,12,0,0"
1791506328.300,"B,1475,10,72:3b:01:24:b7:c8,112,4,0,0,-40,S,5c:62:8b:66:67:d2,4,0,0,0"
1791506328.300,"B,1475,10,cc:b8:5e:ad:5c:4a,17722,19,1604,12,-47,S,5c:62:8b:66:67:d2,1,6,1,11"
1791506328.300,"B,1575,10,5c:62:8b:66:67:d2,22884,28,14832,22,-43,A,5c:62:8b:66:67:d2,0,11,1,16"
1791506328.300,"B,1575,10,72:3b:01:24:b7:c8,196,7,21822,19,-40,S,5c:62:8b:66:67:d2,7,0,0,0"
1791506328.300,"B,1575,10,cc:b8:5e:ad:5c:4a,14636,15,1062,9,-47,S,5c:62:8b:66:67:d2,1,3,0,11"
1791506328.300,"A,1656,10,80:af:ca:68:4c:f8,-90,Cudy-4CF8"
1791506328.505,"B,1675,10,5c:62:8b:66:67:d2,10636,14,6700,10,-43,A,5c:62:8b:66:67:d2,0,6,1,7"
1791506328.505,"B,1675,10,72:3b:01:24:b7:c8,112,4,10090,9,-39,S,5c:62:8b:66:67:d2,4,0,0,0"
1791506328.505,"B,1675,10,cc:b8:5e:ad:5c:4a,6588,6,546,5,-47,S,5c:62:8b:66:67:d2,0,1,1,4"
1791506328.505,"A,1763,10,82:af:ca:28:4c:f8,-91,"
1791506328.505,"B,1775,10,5c:62:8b:66:67:d2,3220,4,5352,12,-43,A,5c:62:8b:66:67:d2,0,2,0,2"
1791506328.505,"B,1775,10,72:3b:01:24:b7:c8,196,7,3110,3,-39,S,5c:62:8b:66:67:d2,7,0,0,0"
1791506328.505,"B,1775,10,cc:b8:5e:ad:5c:4a,5128,4,110,1,-47,S,5c:62:8b:66:67:d2,0,0,0,4"
1791506328.505,"B,1775,10,b2:db:ca:e6:29:a6,28,1,0,0,-43,S,5c:62:8b:66:67:d2,1,0,0,0"
1791506328.706,"B,1875,10,5c:62:8b:66:67:d2,5707,7,8854,19,-43,A,5c:62:8b:66:67:d2,0,3,0,4"
1791506328.706,"B,1875,10,72:3b:01:24:b7:c8,168,6,5128,4,-37,S,5c:62:8b:66:67:d2,6,0,0,0"
1791506328.706,"B,1875,10,cc:b8:5e:ad:5c:4a,8602,10,579,3,-46,S,5c:62:8b:66:67:d2,1,3,0,6"
1791506328.706,"B,1875,10,b2:db:ca:e6:29:a6,84,3,0,0,-43,S,5c:62:8b:66:67:d2,3,0,0,0"
1791506328.706,"B,1975,10,5c:62:8b:66:67:d2,0,0,84,3,-46,A,5c:62:8b:66:67:d2,0,0,0,0"
1791506328.706,"B,1975,10,72:3b:01:24:b7:c8,56,2,0,0,-38,S,5c:62:8b:66:67:d2,2,0,0,0"
1791506328.706,"B,1975,10,b2:db:ca:e6:29:a6,28,1,0,0,-43,S,5c:62:8b:66:67:d2,1,0,0,0"
1791506328.908,"B,2075,10,5c:62:8b:66:67:d2,41547,54,45288,46,-43,A,5c:62:8b:66:67:d2,0,23,4,27"
1791506328.908,"B,2075,10,72:3b:01:24:b7:c8,112,4,39461,35,-37,S,5c:62:8b:66:67:d2,4,0,0,0"
1791506328.908,"B,2075,10,cc:b8:5e:ad:5c:4a,45148,41,2086,19,-47,S,5c:62:8b:66:67:d2,1,3,8,29"
1791506328.908,"B,2075,10,f2:51:4e:f8:1a:7f,30,1,0,0,-87,S,b0:a7:b9:23:82:ee,1,0,0,0"
1791506328.908,"B,2075,10,b0:a7:b9:23:82:ee,0,0,30,1,-89,A,b0:a7:b9:23:82:ee,0,0,0,0"
1791506328.908,"B,2075,10,b2:db:ca:e6:29:a6,28,1,0,0,-43,S,5c:62:8b:66:67:d2,1,0,0,0"
1791506328.908,"B,2175,10,5c:62:8b:66:67:d2,0,0,13100,20,0,A,5c:62:8b:66:67:d2,0,0,0,0"
1791506328.908,"B,2175,10,72:3b:01:24:b7:c8,224,8,0,0,-36,S,5c:62:8b:66:67:d2,8,0,0,0"
1791506328.908,"B,2175,10,cc:b8:5e:ad:5c:4a,12820,10,0,0,-47,S,5c:62:8b:66:67:d2,0,0,0,10"
1791506328.908,"B,2175,10,b2:db:ca:e6:29:a6,56,2,0,0,-44,S,5c:62:8b:66:67:d2,2,0,0,0"
1791506329.113,"B,2275,10,5c:62:8b:66:67:d2,49649,57,30588,31,-43,A,5c:62:8b:66:67:d2,0,22,0,35"
1791506329.113,"B,2275,10,72:3b:01:24:b7:c8,28,1,48329,45,-39,S,5c:62:8b:66:67:d2,1,0,0,0"
1791506329.113,"B,2275,10,cc:b8:5e:ad:5c:4a,30532,29,1320,12,-46,S,5c:62:8b:66:67:d2,1,7,0,21"
1791506329.113,"B,2275,10,b2:db:ca:e6:29:a6,28,1,0,0,-43,S,5c:62:8b:66:67:d2,1,0,0,0"
1791506329.113,"B,2375,10,5c:62:8b:66:67:d2,11172,14,13522,23,-43,A,5c:62:8b:66:67:d2,0,6,0,8"
1791506329.113,"B,2375,10,72:3b:01:24:b7:c8,140,5,10622,9,-35,S,5c:62:8b:66:67:d2,5,0,0,0"
1791506329.113,"B,2375,10,cc:b8:5e:ad:5c:4a,13326,16,550,5,-47,S,5c:62:8b:66:67:d2,5,1,0,10"
1791506329.113,"B,2375,10,b2:db:ca:e6:29:a6,56,2,0,0,-45,S,5c:62:8b:66:67:d2,2,0,0,0"
1791506329.316,"B,2475,10,5c:62:8b:66:67:d2,0,0,15354,15,-47,A,5c:62:8b:66:67:d2,0,0,0,0"
1791506329.316,"B,2475,10,cc:b8:5e:ad:5c:4a,15298,13,0,0,-45,S,5c:62:8b:66:67:d2,0,1,5,7"
1791506329.316,"B,2475,10,b2:db:ca:e6:29:a6,56,2,0,0,-43,S,5c:62:8b:66:67:d2,2,0,0,0"
1791506329.316,"B,2575,10,5c:62:8b:66:67:d2,13348,16,17712,17,-43,A,5c:62:8b:66:67:d2,0,6,2,8"
1791506329.316,"B,2575,10,72:3b:01:24:b7:c8,28,1,12798,11,-35,S,5c:62:8b:66:67:d2,1,0,0,0"
1791506329.316,"B,2575,10,cc:b8:5e:ad:5c:4a,17656,15,550,5,-46,S,5c:62:8b:66:67:d2,1,0,1,13"
1791506329.316,"B,2575,10,b2:db:ca:e6:29:a6,28,1,0,0,-44,S,5c:62:8b:66:67:d2,1,0,0,0"
1791506329.521,"B,2675,10,5c:62:8b:66:67:d2,41820,52,89774,77,-43,A,5c:62:8b:66:67:d2,0,21,1,30"
1791506329.521,"B,2675,10,72:3b:01:24:b7:c8,84,3,39730,33,-41,S,5c:62:8b:66:67:d2,3,0,0,0"
1791506329.521,"B,2675,10,cc:b8:5e:ad:5c:4a,89634,72,2090,19,-46,S,5c:62:8b:66:67:d2,1,1,1,69"
1791506329.521,"B,2675,10,b2:db:ca:e6:29:a6,56,2,0,0,-44,S,5c:62:8b:66:67:d2,2,0,0,0"
1791506329.521,"B,2775,10,5c:62:8b:66:67:d2,52088,58,93922,85,-43,A,5c:62:8b:66:67:d2,0,19,0,39"
1791506329.521,"B,2775,10,72:3b:01:24:b7:c8,252,9,49998,39,-40,S,5c:62:8b:66:67:d2,9,0,0,0"
1791506329.521,"B,2775,10,cc:b8:5e:ad:5c:4a,93614,74,2090,19,-44,S,5c:62:8b:66:67:d2,1,0,0,73"
1791506329.521,"B,2775,10,b2:db:ca:e6:29:a6,56,2,0,0,-39,S,5c:62:8b:66:67:d2,2,0,0,0"
1791506329.722,"B,2875,10,5c:62:8b:66:67:d2,56904,68,67582,58,-43,A,5c:62:8b:66:67:d2,0,26,2,40"
1791506329.722,"B,2875,10,72:3b:01:24:b7:c8,0,0,54264,44,0,S,5c:62:8b:66:67:d2,0,0,0,0"
1791506329.722,"B,2875,10,cc:b8:5e:ad:5c:4a,67498,55,2640,24,-45,S,5c:62:8b:66:67:d2,0,3,2,50"
1791506329.722,"B,2875,10,b2:db:ca:e6:29:a6,84,3,0,0,-42,S,5c:62:8b:66:67:d2,3,0,0,0"
1791506329.722,"B,2975,10,5c:62:8b:66:67:d2,220,2,24986,29,-46,A,5c:62:8b:66:67:d2,0,2,0,0"
1791506329.722,"B,2975,10,72:3b:01:24:b7:c8,140,5,0,0,-41,S,5c:62:8b:66:67:d2,5,0,0,0"
1791506329.722,"B,2975,10,cc:b8:5e:ad:5c:4a,24790,22,220,2,-46,S,5c:62:8b:66:67:d2,1,0,4,17"
1791506329.722,"B,2975,10,b2:db:ca:e6:29:a6,56,2,0,0,-46,S,5c:62:8b:66:67:d2,2,0,0,0"
1791506329.722,"B,3075,10,5c:62:8b:66:67:d2,10896,14,17042,22,-43,A,5c:62:8b:66:67:d2,0,6,1,7"
1791506329.722,"B,3075,10,72:3b:01:24:b7:c8,28,1,10346,9,-40,S,5c:62:8b:66:67:d2,1,0,0,0"
1791506329.922,"B,3075,10,cc:b8:5e:ad:5c:4a,16986,20,550,5,-46,S,5c:62:8b:66:67:d2,5,2,2,11"
1791506329.922,"B,3075,10,b2:db:ca:e6:29:a6,28,1,0,0,-43,S,5c:62:8b:66:67:d2,1,0,0,0"
1791506329.922,"B,3175,10,5c:62:8b:66:67:d2,15084,18,25990,22,-42,A,5c:62:8b:66:67:d2,0,7,0,11"
1791506329.922,"B,3175,10,72:3b:01:24:b7:c8,0,0,14424,12,0,S,5c:62:8b:66:67:d2,0,0,0,0"
1791506329.922,"B,3175,10,cc:b8:5e:ad:5c:4a,25990,22,660,6,-46,S,5c:62:8b:66:67:d2,1,1,0,20"
1791506329.922,"B,3275,10,5c:62:8b:66:67:d2,49841,59,65790,54,-43,A,5c:62:8b:66:67:d2,0,22,1,36"
1791506330.122,"B,3275,10,72:3b:01:24:b7:c8,28,1,47751,40,-39,S,5c:62:8b:66:67:d2,1,0,0,0"
1791506330.122,"B,3275,10,cc:b8:5e:ad:5c:4a,65762,53,2090,19,-46,S,5c:62:8b:66:67:d2,0,2,1,50"
1791506330.122,"A,3359,10,8c:53:c3:52:ed:9f,-93,1210"
1791506330.122,"B,3375,10,5c:62:8b:66:67:d2,28132,32,39430,37,-43,A,5c:62:8b:66:67:d2,0,11,0,21"
1791506330.122,"B,3375,10,72:3b:01:24:b7:c8,28,1,26922,21,-39,S,5c:62:8b:66:67:d2,1,0,0,0"
1791506330.122,"B,3375,10,cc:b8:5e:ad:5c:4a,39402,36,1210,11,-46,S,5c:62:8b:66:67:d2,5,0,2,29"
1791506330.122,"B,3475,10,5c:62:8b:66:67:d2,2310,21,50930,49,-44,A,5c:62:8b:66:67:d2,0,21,0,0"
1791506330.122,"B,3475,10,72:3b:01:24:b7:c8,112,4,0,0,-39,S,5c:62:8b:66:67:d2,4,0,0,0"
1791506330.122,"B,3475,10,cc:b8:5e:ad:5c:4a,50734,42,2310,21,-45,S,5c:62:8b:66:67:d2,1,0,4,37"
1791506330.322,"B,3475,10,b2:db:ca:e6:29:a6,84,3,0,0,-41,S,5c:62:8b:66:67:d2,3,0,0,0"
1791506330.322,"B,3575,10,5c:62:8b:66:67:d2,1320,12,47048,41,-45,A,5c:62:8b:66:67:d2,0,12,0,0"
1791506330.322,"B,3575,10,cc:b8:5e:ad:5c:4a,46992,39,1320,12,-45,S,5c:62:8b:66:67:d2,1,2,0,36"
1791506330.322,"B,3575,10,b2:db:ca:e6:29:a6,56,2,0,0,-42,S,5c:62:8b:66:67:d2,2,0,0,0"
1791506330.322,"B,3675,10,5c:62:8b:66:67:d2,8068,30,26034,26,-45,A,5c:62:8b:66:67:d2,0,26,0,4"
1791506330.322,"B,3675,10,72:3b:01:24:b7:c8,84,3,5128,4,-42,S,5c:62:8b:66:67:d2,3,0,0,0"
1791506330.522,"B,3675,10,cc:b8:5e:ad:5c:4a,25894,21,2940,26,-47,S,5c:62:8b:66:67:d2,0,1,1,19"
1791506330.522,"B,3675,10,b2:db:ca:e6:29:a6,56,2,0,0,-43,S,5c:62:8b:66:67:d2,2,0,0,0"
1791506330.522,"B,3775,10,5c:62:8b:66:67:d2,550,5,28138,28,-44,A,5c:62:8b:66:67:d2,0,5,0,0"
1791506330.522,"B,3775,10,72:3b:01:24:b7:c8,28,1,0,0,-41,S,5c:62:8b:66:67:d2,1,0,0,0"
1791506330.522,"B,3775,10,cc:b8:5e:ad:5c:4a,28026,24,550,5,-47,S,5c:62:8b:66:67:d2,1,2,0,21"
1791506330.522,"B,3775,10,f2:51:4e:f8:1a:7f,30,1,0,0,-87,S,b0:a7:b9:23:82:ee,1,0,0,0"
1791506330.522,"B,3775,10,b0:a7:b9:23:82:ee,0,0,30,1,-89,A,b0:a7:b9:23:82:ee,0,0,0,0"
1791506330.522,"B,3775,10,b2:db:ca:e6:29:a6,84,3,0,0,-42,S,5c:62:8b:66:67:d2,3,0,0,0"
1791506330.522,"B,3875,10,5c:62:8b:66:67:d2,770,7,32550,31,-45,A,5c:62:8b:66:67:d2,0,7,0,0"
1791506330.522,"B,3875,10,72:3b:01:24:b7:c8,56,2,0,0,-40,S,5c:62:8b:66:67:d2,2,0,0,0"
1791506330.522,"B,3875,10,cc:b8:5e:ad:5c:4a,32438,27,770,7,-46,S,5c:62:8b:66:67:d2,0,1,2,24"
1791506330.722,"B,3875,10,b2:db:ca:e6:29:a6,56,2,0,0,-42,S,5c:62:8b:66:67:d2,2,0,0,0"
1791506330.722,"B,3975,10,5c:62:8b:66:67:d2,440,4,26350,26,-45,A,5c:62:8b:66:67:d2,0,4,0,0"
1791506330.722,"B,3975,10,72:3b:01:24:b7:c8,112,4,0,0,-41,S,5c:62:8b:66:67:d2,4,0,0,0"
1791506330.722,"B,3975,10,cc:b8:5e:ad:5c:4a,26238,22,440,4,-47,S,5c:62:8b:66:67:d2,1,0,2,19"
1791506330.722,"B,4075,10,5c:62:8b:66:67:d2,660,6,41790,38,-45,A,5c:62:8b:66:67:d2,0,6,0,0"
1791506330.722,"B,4075,10,cc:b8:5e:ad:5c:4a,41734,36,660,6,-45,S,5c:62:8b:66:67:d2,1,1,5,29"
1791506330.722,"B,4075,10,b2:db:ca:e6:29:a6,56,2,0,0,-43,S,5c:62:8b:66:67:d2,2,0,0,0"
1791506330.923,"B,4175,10,5c:62:8b:66:67:d2,110,1,9498,12,-47,A,5c:62:8b:66:67:d2,0,1,0,0"
1791506330.923,"B,4175,10,cc:b8:5e:ad:5c:4a,9442,10,110,1,-47,S,5c:62:8b:66:67:d2,1,2,0,7"
1791506330.923,"B,4175,10,b2:db:ca:e6:29:a6,56,2,0,0,-43,S,5c:62:8b:66:67:d2,2,0,0,0"
1791506330.923,"B,4275,10,5c:62:8b:66:67:d2,2458,13,12090,14,-46,A,5c:62:8b:66:67:d2,0,13,0,0"
1791506330.923,"B,4275,10,72:3b:01:24:b7:c8,0,0,1660,6,0,S,5c:62:8b:66:67:d2,0,0,0,0"
1791506330.923,"B,4275,10,cc:b8:5e:ad:5c:4a,12006,11,798,7,-47,S,5c:62:8b:66:67:d2,0,2,0,9"
1791506331.123,"B,4275,10,b2:db:ca:e6:29:a6,84,3,0,0,-43,S,5c:62:8b:66:67:d2,3,0,0,0"
1791506331.123,"B,4375,10,5c:62:8b:66:67:d2,440,4,9530,14,-45,A,5c:62:8b:66:67:d2,0,4,0,0"
1791506331.123,"B,4375,10,72:3b:01:24:b7:c8,56,2,0,0,-38,S,5c:62:8b:66:67:d2,2,0,0,0"
1791506331.123,"B,4375,10,cc:b8:5e:ad:5c:4a,9418,10,440,4,-47,S,5c:62:8b:66:67:d2,1,3,0,6"
1791506331.123,"B,4375,10,b2:db:ca:e6:29:a6,56,2,0,0,-43,S,5c:62:8b:66:67:d2,2,0,0,0"
1791506331.123,"B,4475,10,5c:62:8b:66:67:d2,516,4,10186,14,-45,A,5c:62:8b:66:67:d2,0,4,0,0"
1791506331.123,"B,4475,10,72:3b:01:24:b7:c8,28,1,0,0,-40,S,5c:62:8b:66:67:d2,1,0,0,0"
1791506331.123,"B,4475,10,cc:b8:5e:ad:5c:4a,10130,12,516,4,-46,S,5c:62:8b:66:67:d2,1,6,0,5"
1791506331.123,"B,4475,10,b2:db:ca:e6:29:a6,28,1,0,0,-45,S,5c:62:8b:66:67:d2,1,0,0,0"
1791506331.324,"B,4575,10,5c:62:8b:66:67:d2,110,1,7968,18,-47,A,5c:62:8b:66:67:d2,0,1,0,0"
1791506331.324,"B,4575,10,72:3b:01:24:b7:c8,280,10,0,0,-38,S,5c:62:8b:66:67:d2,10,0,0,0"
1791506331.324,"B,4575,10,cc:b8:5e:ad:5c:4a,7660,7,110,1,-47,S,5c:62:8b:66:67:d2,1,0,0,6"
1791506331.324,"B,4575,10,f2:51:4e:f8:1a:7f,90,3,0,0,-86,S,b0:a7:b9:23:82:ee,3,0,0,0"
1791506331.324,"B,4575,10,b0:a7:b9:23:82:ee,0,0,90,3,-90,A,b0:a7:b9:23:82:ee,0,0,0,0"
1791506331.324,"B,4575,10,b2:db:ca:e6:29:a6,28,1,0,0,-43,S,5c:62:8b:66:67:d2,1,0,0,0"
1791506331.324,"B,4675,10,5c:62:8b:66:67:d2,550,5,8266,10,-45,A,5c:62:8b:66:67:d2,0,5,0,0"
1791506331.324,"B,4675,10,cc:b8:5e:ad:5c:4a,8182,7,550,5,-47,S,5c:62:8b:66:67:d2,0,0,2,5"
1791506331.324,"B,4675,10,b2:db:ca:e6:29:a6,84,3,0,0,-43,S,5c:62:8b:66:67:d2,3,0,0,0"
1791506331.524,"B,4775,10,5c:62:8b:66:67:d2,110,1,6732,11,-46,A,5c:62:8b:66:67:d2,0,1,0,0"
1791506331.524,"B,4775,10,72:3b:01:24:b7:c8,56,2,0,0,-39,S,5c:62:8b:66:67:d2,2,0,0,0"
1791506331.524,"B,4775,10,cc:b8:5e:ad:5c:4a,6620,7,110,1,-47,S,5c:62:8b:66:67:d2,1,1,0,5"
1791506331.524,"B,4775,10,b2:db:ca:e6:29:a6,56,2,0,0,-42,S,5c:62:8b:66:67:d2,2,0,0,0"
1791506331.524,"B,4875,10,5c:62:8b:66:67:d2,6372,10,19902,24,-46,A,5c:62:8b:66:67:d2,0,4,6,0"
1791506331.524,"B,4875,10,72:3b:01:24:b7:c8,112,4,5916,6,-40,S,5c:62:8b:66:67:d2,4,0,0,0"
1791506331.524,"B,4875,10,cc:b8:5e:ad:5c:4a,19734,18,456,4,-45,S,5c:62:8b:66:67:d2,1,0,5,12"
1791506331.524,"B,4875,10,b2:db:ca:e6:29:a6,56,2,0,0,-42,S,5c:62:8b:66:67:d2,2,0,0,0"
1791506331.725,"B,4975,10,5c:62:8b:66:67:d2,220,2,19910,22,-46,A,5c:62:8b:66:67:d2,0,2,0,0"
1791506331.725,"B,4975,10,72:3b:01:24:b7:c8,56,2,0,0,-37,S,5c:62:8b:66:67:d2,2,0,0,0"
1791506331.725,"B,4975,10,cc:b8:5e:ad:5c:4a,19798,18,220,2,-44,S,5c:62:8b:66:67:d2,1,2,0,15"
1791506331.725,"B,4975,10,f2:51:4e:f8:1a:7f,30,1,0,0,-87,S,b0:a7:b9:23:82:ee,1,0,0,0"
1791506331.725,"B,4975,10,b0:a7:b9:23:82:ee,0,0,30,1,-90,A,b0:a7:b9:23:82:ee,0,0,0,0"
1791506331.725,"B,4975,10,b2:db:ca:e6:29:a6,56,2,0,0,-43,S,5c:62:8b:66:67:d2,2,0,0,0"
1791506331.725,"B,5075,10,5c:62:8b:66:67:d2,220,2,4532,7,-46,A,5c:62:8b:66:67:d2,0,2,0,0"
1791506331.725,"B,5075,10,cc:b8:5e:ad:5c:4a,4448,4,220,2,-47,S,5c:62:8b:66:67:d2,0,1,0,3"
1791506331.725,"B,5075,10,b2:db:ca:e6:29:a6,84,3,0,0,-41,S,5c:62:8b:66:67:d2,3,0,0,0"
1791506331.725,"I,5077,stat,rx=2155,drops=0,ch=10,bin=100,hop=0,heap=202024"
1791506331.926,"B,5175,10,5c:62:8b:66:67:d2,0,0,10048,14,-48,A,5c:62:8b:66:67:d2,0,0,0,0"
1791506331.926,"B,5175,10,72:3b:01:24:b7:c8,140,5,0,0,-42,S,5c:62:8b:66:67:d2,5,0,0,0"
1791506331.926,"B,5175,10,cc:b8:5e:ad:5c:4a,9908,9,0,0,-46,S,5c:62:8b:66:67:d2,1,0,1,7"
1791506331.926,"B,5275,10,5c:62:8b:66:67:d2,440,4,2958,6,-46,A,5c:62:8b:66:67:d2,0,4,0,0"
1791506331.926,"B,5275,10,cc:b8:5e:ad:5c:4a,2902,4,440,4,-46,S,5c:62:8b:66:67:d2,1,1,1,1"
1791506331.926,"B,5275,10,b2:db:ca:e6:29:a6,56,2,0,0,-42,S,5c:62:8b:66:67:d2,2,0,0,0"
1791506332.128,"B,5375,10,5c:62:8b:66:67:d2,0,0,6226,12,-50,A,5c:62:8b:66:67:d2,0,0,0,0"
1791506332.128,"B,5375,10,72:3b:01:24:b7:c8,112,4,0,0,-42,S,5c:62:8b:66:67:d2,4,0,0,0"
1791506332.128,"B,5375,10,cc:b8:5e:ad:5c:4a,6058,6,0,0,-47,S,5c:62:8b:66:67:d2,1,0,1,4"
1791506332.128,"B,5375,10,b2:db:ca:e6:29:a6,56,2,0,0,-42,S,5c:62:8b:66:67:d2,2,0,0,0"
1791506332.128,"B,5475,10,5c:62:8b:66:67:d2,794,7,5150,10,-45,A,5c:62:8b:66:67:d2,0,7,0,0"
1791506332.128,"B,5475,10,72:3b:01:24:b7:c8,84,3,0,0,-42,S,5c:62:8b:66:67:d2,3,0,0,0"
1791506332.128,"B,5475,10,cc:b8:5e:ad:5c:4a,5010,5,794,7,-47,S,5c:62:8b:66:67:d2,0,2,0,3"
1791506332.128,"B,5475,10,b2:db:ca:e6:29:a6,56,2,0,0,-43,S,5c:62:8b:66:67:d2,2,0,0,0"
1791506332.328,"B,5575,10,5c:62:8b:66:67:d2,330,3,10402,12,-45,A,5c:62:8b:66:67:d2,0,3,0,0"
1791506332.328,"B,5575,10,cc:b8:5e:ad:5c:4a,10346,10,330,3,-47,S,5c:62:8b:66:67:d2,1,1,1,7"
1791506332.328,"B,5575,10,b2:db:ca:e6:29:a6,56,2,0,0,-43,S,5c:62:8b:66:67:d2,2,0,0,0"
1791506332.328,"B,5675,10,5c:62:8b:66:67:d2,1210,11,74868,65,-45,A,5c:62:8b:66:67:d2,0,11,0,0"
1791506332.328,"B,5675,10,72:3b:01:24:b7:c8,56,2,0,0,-42,S,5c:62:8b:66:67:d2,2,0,0,0"
1791506332.328,"B,5675,10,cc:b8:5e:ad:5c:4a,74756,61,1210,11,-46,S,5c:62:8b:66:67:d2,1,2,0,58"
1791506332.328,"B,5675,10,b2:db:ca:e6:29:a6,56,2,0,0,-43,S,5c:62:8b:66:67:d2,2,0,0,0"
1791506332.529,"B,5775,10,5c:62:8b:66:67:d2,0,0,84,3,0,A,5c:62:8b:66:67:d2,0,0,0,0"
1791506332.529,"B,5775,10,72:3b:01:24:b7:c8,56,2,0,0,-42,S,5c:62:8b:66:67:d2,2,0,0,0"
1791506332.529,"B,5775,10,b2:db:ca:e6:29:a6,28,1,0,0,-43,S,5c:62:8b:66:67:d2,1,0,0,0"
1791506332.529,"B,5875,10,5c:62:8b:66:67:d2,17914,31,43118,38,-44,A,5c:62:8b:66:67:d2,0,18,2,11"
1791506332.529,"B,5875,10,72:3b:01:24:b7:c8,0,0,15934,13,0,S,5c:62:8b:66:67:d2,0,0,0,0"
1791506332.529,"B,5875,10,cc:b8:5e:ad:5c:4a,43062,36,1980,18,-45,S,5c:62:8b:66:67:d2,1,1,2,32"
1791506332.529,"B,5875,10,b2:db:ca:e6:29:a6,56,2,0,0,-43,S,5c:62:8b:66:67:d2,2,0,0,0"
1791506332.730,"B,5975,10,5c:62:8b:66:67:d2,16809,27,20150,24,-45,A,5c:62:8b:66:67:d2,0,16,0,11"
1791506332.730,"B,5975,10,72:3b:01:24:b7:c8,140,5,15599,16,-41,S,5c:62:8b:66:67:d2,5,0,0,0"
1791506332.730,"B,5975,10,cc:b8:5e:ad:5c:4a,19982,18,1210,11,-44,S,5c:62:8b:66:67:d2,1,2,1,14"
1791506332.730,"B,5975,10,b2:db:ca:e6:29:a6,28,1,0,0,-43,S,5c:62:8b:66:67:d2,1,0,0,0"
1791506332.730,"B,6075,10,5c:62:8b:66:67:d2,6526,9,4064,7,-45,A,5c:62:8b:66:67:d2,0,4,1,4"
1791506332.730,"B,6075,10,72:3b:01:24:b7:c8,28,1,6196,6,-41,S,5c:62:8b:66:67:d2,1,0,0,0"
1791506332.730,"B,6075,10,cc:b8:5e:ad:5c:4a,3980,4,330,3,-47,S,5c:62:8b:66:67:d2,0,1,0,3"
1791506332.730,"B,6075,10,b2:db:ca:e6:29:a6,56,2,0,0,-44,S,5c:62:8b:66:67:d2,2,0,0,0"
1791506332.932,"B,6175,10,5c:62:8b:66:67:d2,7782,9,21610,19,-45,A,5c:62:8b:66:67:d2,0,3,1,5"
1791506332.932,"B,6175,10,72:3b:01:24:b7:c8,0,0,7452,6,0,S,5c:62:8b:66:67:d2,0,0,0,0"
1791506332.932,"B,6175,10,cc:b8:5e:ad:5c:4a,21582,18,330,3,-44,S,5c:62:8b:66:67:d2,1,0,1,16"
1791506332.932,"B,6175,10,b2:db:ca:e6:29:a6,28,1,0,0,-46,S,5c:62:8b:66:67:d2,1,0,0,0"
1791506332.932,"B,6275,10,5c:62:8b:66:67:d2,13915,22,11596,21,-44,A,5c:62:8b:66:67:d2,0,13,0,9"
1791506332.932,"B,6275,10,72:3b:01:24:b7:c8,224,8,12925,13,-39,S,5c:62:8b:66:67:d2,8,0,0,0"
1791506332.932,"B,6275,10,cc:b8:5e:ad:5c:4a,11316,11,990,9,-46,S,5c:62:8b:66:67:d2,1,2,0,8"
1791506332.932,"B,6275,10,b2:db:ca:e6:29:a6,56,2,0,0,-43,S,5c:62:8b:66:67:d2,2,0,0,0"
1791506333.134,"B,6375,10,5c:62:8b:66:67:d2,13456,14,9364,11,-44,A,5c:62:8b:66:67:d2,0,4,0,10"
1791506333.134,"B,6375,10,72:3b:01:24:b7:c8,28,1,13126,11,-39,S,5c:62:8b:66:67:d2,1,0,0,0"
1791506333.134,"B,6375,10,cc:b8:5e:ad:5c:4a,9308,9,330,3,-47,S,5c:62:8b:66:67:d2,1,1,0,7"
1791506333.134,"B,6375,10,b2:db:ca:e6:29:a6,28,1,0,0,-44,S,5c:62:8b:66:67:d2,1,0,0,0"
1791506333.134,"B,6475,10,5c:62:8b:66:67:d2,19602,27,22350,23,-44,A,5c:62:8b:66:67:d2,0,13,0,14"
1791506333.134,"B,6475,10,72:3b:01:24:b7:c8,28,1,18392,16,-38,S,5c:62:8b:66:67:d2,1,0,0,0"
1791506333.134,"B,6475,10,cc:b8:5e:ad:5c:4a,22266,20,1210,11,-47,S,5c:62:8b:66:67:d2,1,2,0,17"
1791506333.134,"B,6475,10,b2:db:ca:e6:29:a6,56,2,0,0,-45,S,5c:62:8b:66:67:d2,2,0,0,0"
1791506333.335,"B,6575,10,5c:62:8b:66:67:d2,3692,4,16654,22,-45,A,5c:62:8b:66:67:d2,0,1,1,2"
1791506333.335,"B,6575,10,72:3b:01:24:b7:c8,140,5,3582,3,-37,S,5c:62:8b:66:67:d2,5,0,0,0"
1791506333.335,"B,6575,10,cc:b8:5e:ad:5c:4a,16458,15,110,1,-47,S,5c:62:8b:66:67:d2,2,0,1,12"
1791506333.335,"B,6575,10,b0:a7:b9:23:82:ee,0,0,84,3,-89,A,b0:a7:b9:23:82:ee,0,0,0,0"
1791506333.335,"B,6575,10,b2:db:ca:e6:29:a6,56,2,0,0,-45,S,5c:62:8b:66:67:d2,2,0,0,0"
1791506333.335,"B,6575,10,e2:5e:2c:92:7b:df,84,3,0,0,-86,S,b0:a7:b9:23:82:ee,3,0,0,0"
1791506333.335,"B,6675,10,5c:62:8b:66:67:d2,25168,30,27470,26,-44,A,5c:62:8b:66:67:d2,0,11,1,18"
1791506333.335,"B,6675,10,72:3b:01:24:b7:c8,0,0,24036,20,0,S,5c:62:8b:66:67:d2,0,0,0,0"
1791506333.335,"B,6675,10,cc:b8:5e:ad:5c:4a,27386,23,1132,10,-45,S,5c:62:8b:66:67:d2,0,1,2,20"
1791506333.335,"B,6675,10,b2:db:ca:e6:29:a6,84,3,0,0,-45,S,5c:62:8b:66:67:d2,3,0,0,0"
1791506333.536,"B,6775,10,5c:62:8b:66:67:d2,13680,16,24384,31,-45,A,5c:62:8b:66:67:d2,0,6,0,10"
1791506333.536,"B,6775,10,72:3b:01:24:b7:c8,168,6,13130,11,-37,S,5c:62:8b:66:67:d2,6,0,0,0"
1791506333.536,"B,6775,10,cc:b8:5e:ad:5c:4a,24216,25,550,5,-47,S,5c:62:8b:66:67:d2,1,5,5,14"
1791506333.536,"B,6875,10,5c:62:8b:66:67:d2,5704,8,3294,8,-45,A,5c:62:8b:66:67:d2,0,4,1,3"
1791506333.536,"B,6875,10,72:3b:01:24:b7:c8,84,3,5374,5,-37,S,5c:62:8b:66:67:d2,3,0,0,0"
1791506333.536,"B,6875,10,cc:b8:5e:ad:5c:4a,3182,4,330,3,-48,S,5c:62:8b:66:67:d2,1,1,0,2"
1791506333.536,"B,6875,10,b2:db:ca:e6:29:a6,28,1,0,0,-46,S,5c:62:8b:66:67:d2,1,0,0,0"
1791506333.736,"B,6975,10,5c:62:8b:66:67:d2,10147,12,11042,12,-45,A,5c:62:8b:66:67:d2,0,4,1,7"
1791506333.736,"B,6975,10,72:3b:01:24:b7:c8,0,0,9817,9,0,S,5c:62:8b:66:67:d2,0,0,0,0"
1791506333.736,"B,6975,10,cc:b8:5e:ad:5c:4a,10986,10,330,3,-47,S,5c:62:8b:66:67:d2,1,0,1,8"
1791506333.736,"B,6975,10,b2:db:ca:e6:29:a6,56,2,0,0,-46,S,5c:62:8b:66:67:d2,2,0,0,0"
1791506333.736,"B,7075,10,5c:62:8b:66:67:d2,19956,24,34572,32,-45,A,5c:62:8b:66:67:d2,0,9,1,14"
1791506333.736,"B,7075,10,72:3b:01:24:b7:c8,84,3,19076,16,-38,S,5c:62:8b:66:67:d2,3,0,0,0"
1791506333.736,"B,7075,10,cc:b8:5e:ad:5c:4a,34460,28,880,8,-46,S,5c:62:8b:66:67:d2,0,1,1,26"
1791506333.736,"B,7075,10,b2:db:ca:e6:29:a6,28,1,0,0,-44,S,5c:62:8b:66:67:d2,1,0,0,0"
1791506333.936,"B,7175,10,5c:62:8b:66:67:d2,14960,18,15778,20,-45,A,5c:62:8b:66:67:d2,0,7,0,11"
1791506333.936,"B,7175,10,72:3b:01:24:b7:c8,84,3,14300,12,-40,S,5c:62:8b:66:67:d2,3,0,0,0"
1791506333.936,"B,7175,10,cc:b8:5e:ad:5c:4a,15638,15,660,6,-45,S,5c:62:8b:66:67:d2,2,1,0,12"
1791506333.936,"B,7175,10,b2:db:ca:e6:29:a6,56,2,0,0,-42,S,5c:62:8b:66:67:d2,2,0,0,0"
1791506333.936,"B,7175,10,78:8c:b5:f5:e7:26,0,0,28,1,-75,A,78:8c:b5:f5:e7:26,0,0,0,0"
1791506333.936,"B,7175,10,00:08:22:24:d6:fb,28,1,0,0,-81,S,78:8c:b5:f5:e7:26,1,0,0,0"
1791506333.936,"B,7275,10,5c:62:8b:66:67:d2,8247,14,7796,12,-44,A,5c:62:8b:66:67:d2,0,9,0,5"
1791506333.936,"B,7275,10,72:3b:01:24:b7:c8,28,1,7697,9,-40,S,5c:62:8b:66:67:d2,1,0,0,0"
1791506333.936,"B,7275,10,cc:b8:5e:ad:5c:4a,7712,9,550,5,-45,S,5c:62:8b:66:67:d2,1,3,0,5"
1791506333.936,"B,7275,10,b2:db:ca:e6:29:a6,56,2,0,0,-46,S,5c:62:8b:66:67:d2,2,0,0,0"
1791506334.137,"B,7375,10,5c:62:8b:66:67:d2,11046,15,13212,19,-44,A,5c:62:8b:66:67:d2,0,7,1,7"
1791506334.137,"B,7375,10,72:3b:01:24:b7:c8,112,4,10048,8,-40,S,5c:62:8b:66:67:d2,4,0,0,0"
1791506334.137,"B,7375,10,cc:b8:5e:ad:5c:4a,13044,13,998,7,-46,S,5c:62:8b:66:67:d2,1,2,1,9"
1791506334.137,"B,7375,10,b2:db:ca:e6:29:a6,56,2,0,0,-45,S,5c:62:8b:66:67:d2,2,0,0,0"
1791506334.137,"B,7475,10,5c:62:8b:66:67:d2,990,9,19546,18,-45,A,5c:62:8b:66:67:d2,0,9,0,0"
1791506334.137,"B,7475,10,72:3b:01:24:b7:c8,28,1,0,0,-41,S,5c:62:8b:66:67:d2,1,0,0,0"
1791506334.137,"B,7475,10,cc:b8:5e:ad:5c:4a,19518,17,990,9,-46,S,5c:62:8b:66:67:d2,0,2,0,15"
1791506334.337,"B,7575,10,5c:62:8b:66:67:d2,330,3,36900,45,-46,A,5c:62:8b:66:67:d2,0,3,0,0"
1791506334.337,"B,7575,10,72:3b:01:24:b7:c8,168,6,0,0,-41,S,5c:62:8b:66:67:d2,6,0,0,0"
1791506334.337,"B,7575,10,cc:b8:5e:ad:5c:4a,36620,35,330,3,-44,S,5c:62:8b:66:67:d2,5,0,5,25"
1791506334.337,"B,7575,10,b2:db:ca:e6:29:a6,112,4,0,0,-44,S,5c:62:8b:66:67:d2,4,0,0,0"
1791506334.337,"B,7675,10,5c:62:8b:66:67:d2,770,7,28280,34,-45,A,5c:62:8b:66:67:d2,0,7,0,0"
1791506334.337,"B,7675,10,72:3b:01:24:b7:c8,140,5,0,0,-42,S,5c:62:8b:66:67:d2,5,0,0,0"
1791506334.337,"B,7675,10,cc:b8:5e:ad:5c:4a,28084,27,770,7,-46,S,5c:62:8b:66:67:d2,1,5,0,21"
1791506334.337,"B,7675,10,b2:db:ca:e6:29:a6,56,2,0,0,-43,S,5c:62:8b:66:67:d2,2,0,0,0"
1791506334.537,"B,7775,10,5c:62:8b:66:67:d2,440,4,45568,38,-46,A,5c:62:8b:66:67:d2,0,4,0,0"
1791506334.537,"B,7775,10,cc:b8:5e:ad:5c:4a,45540,37,440,4,-45,S,5c:62:8b:66:67:d2,1,0,2,34"
1791506334.537,"B,7775,10,b2:db:ca:e6:29:a6,28,1,0,0,-43,S,5c:62:8b:66:67:d2,1,0,0,0"
1791506334.537,"B,7875,10,5c:62:8b:66:67:d2,6260,14,24866,28,-46,A,5c:62:8b:66:67:d2,0,10,0,4"
1791506334.537,"B,7875,10,72:3b:01:24:b7:c8,56,2,5128,4,-40,S,5c:62:8b:66:67:d2,2,0,0,0"
1791506334.537,"B,7875,10,cc:b8:5e:ad:5c:4a,24754,24,1132,10,-46,S,5c:62:8b:66:67:d2,3,1,4,16"
1791506334.537,"B,7875,10,b2:db:ca:e6:29:a6,56,2,0,0,-44,S,5c:62:8b:66:67:d2,2,0,0,0"
1791506334.739,"B,7975,10,5c:62:8b:66:67:d2,0,0,11622,12,-49,A,5c:62:8b:66:67:d2,0,0,0,0"
1791506334.739,"B,7975,10,72:3b:01:24:b7:c8,28,1,0,0,-40,S,5c:62:8b:66:67:d2,1,0,0,0"
1791506334.739,"B,7975,10,cc:b8:5e:ad:5c:4a,11538,9,0,0,-47,S,5c:62:8b:66:67:d2,0,0,0,9"
1791506334.739,"B,7975,10,b2:db:ca:e6:29:a6,56,2,0,0,-44,S,5c:62:8b:66:67:d2,2,0,0,0"
1791506334.739,"B,8075,10,5c:62:8b:66:67:d2,110,1,112,4,-47,A,5c:62:8b:66:67:d2,0,1,0,0"
1791506334.739,"B,8075,10,72:3b:01:24:b7:c8,56,2,0,0,-40,S,5c:62:8b:66:67:d2,2,0,0,0"
1791506334.739,"B,8075,10,cc:b8:5e:ad:5c:4a,0,0,110,1,0,S,5c:62:8b:66:67:d2,0,0,0,0"
1791506334.739,"B,8075,10,b2:db:ca:e6:29:a6,56,2,0,0,-45,S,5c:62:8b:66:67:d2,2,0,0,0"
1791506334.941,"B,8175,10,5c:62:8b:66:67:d2,0,0,56,2,-49,A,5c:62:8b:66:67:d2,0,0,0,0"
1791506334.941,"B,8175,10,72:3b:01:24:b7:c8,28,1,0,0,-40,S,5c:62:8b:66:67:d2,1,0,0,0"
1791506334.941,"B,8175,10,b2:db:ca:e6:29:a6,28,1,0,0,-42,S,5c:62:8b:66:67:d2,1,0,0,0"
1791506334.941,"B,8275,10,5c:62:8b:66:67:d2,0,0,84,3,-51,A,5c:62:8b:66:67:d2,0,0,0,0"
1791506334.941,"B,8275,10,b2:db:ca:e6:29:a6,84,3,0,0,-43,S,5c:62:8b:66:67:d2,3,0,0,0"
1791506335.141,"B,8375,10,5c:62:8b:66:67:d2,0,0,84,3,-50,A,5c:62:8b:66:67:d2,0,0,0,0"
1791506335.141,"B,8375,10,72:3b:01:24:b7:c8,28,1,0,0,-41,S,5c:62:8b:66:67:d2,1,0,0,0"
1791506335.141,"B,8375,10,b2:db:ca:e6:29:a6,56,2,0,0,-43,S,5c:62:8b:66:67:d2,2,0,0,0"
1791506335.141,"B,8475,10,5c:62:8b:66:67:d2,330,3,4098,12,-46,A,5c:62:8b:66:67:d2,0,3,0,0"
1791506335.141,"B,8475,10,72:3b:01:24:b7:c8,168,6,0,0,-41,S,5c:62:8b:66:67:d2,6,0,0,0"
1791506335.141,"B,8475,10,cc:b8:5e:ad:5c:4a,3874,4,330,3,-44,S,5c:62:8b:66:67:d2,1,0,0,3"
1791506335.141,"B,8475,10,b2:db:ca:e6:29:a6,56,2,0,0,-43,S,5c:62:8b:66:67:d2,2,0,0,0"
1791506335.342,"B,8575,10,5c:62:8b:66:67:d2,3630,33,103996,87,-45,A,5c:62:8b:66:67:d2,0,33,0,0"
1791506335.342,"B,8575,10,cc:b8:5e:ad:5c:4a,103996,87,3630,33,-46,S,5c:62:8b:66:67:d2,1,5,8,73"
1791506335.342,"B,8675,10,5c:62:8b:66:67:d2,3080,28,114134,96,-45,A,5c:62:8b:66:67:d2,0,28,0,0"
1791506335.342,"B,8675,10,72:3b:01:24:b7:c8,28,1,0,0,-40,S,5c:62:8b:66:67:d2,1,0,0,0"
1791506335.342,"B,8675,10,cc:b8:5e:ad:5c:4a,114078,94,3080,28,-46,S,5c:62:8b:66:67:d2,1,4,1,88"
1791506335.342,"B,8675,10,b2:db:ca:e6:29:a6,28,1,0,0,-45,S,5c:62:8b:66:67:d2,1,0,0,0"
1791506335.544,"B,8775,10,5c:62:8b:66:67:d2,220,2,22018,25,-47,A,5c:62:8b:66:67:d2,0,2,0,0"
1791506335.544,"B,8775,10,72:3b:01:24:b7:c8,224,8,0,0,-38,S,5c:62:8b:66:67:d2,8,0,0,0"
1791506335.544,"B,8775,10,cc:b8:5e:ad:5c:4a,21794,17,220,2,-47,S,5c:62:8b:66:67:d2,0,0,0,17"
1791506335.544,"B,8875,10,5c:62:8b:66:67:d2,880,8,27118,25,-45,A,5c:62:8b:66:67:d2,0,8,0,0"
1791506335.544,"B,8875,10,72:3b:01:24:b7:c8,28,1,0,0,-40,S,5c:62:8b:66:67:d2,1,0,0,0"
1791506335.544,"B,8875,10,cc:b8:5e:ad:5c:4a,27090,24,880,8,-46,S,5c:62:8b:66:67:d2,1,3,1,19"
1791506335.744,"B,8975,10,5c:62:8b:66:67:d2,38884,54,30906,30,-46,A,5c:62:8b:66:67:d2,0,26,3,25"
1791506335.744,"B,8975,10,72:3b:01:24:b7:c8,28,1,37234,39,-40,S,5c:62:8b:66:67:d2,1,0,0,0"
1791506335.744,"B,8975,10,cc:b8:5e:ad:5c:4a,30794,26,1650,15,-44,S,5c:62:8b:66:67:d2,1,1,1,23"
1791506335.744,"B,8975,10,b2:db:ca:e6:29:a6,84,3,0,0,-43,S,5c:62:8b:66:67:d2,3,0,0,0"
1791506335.744,"B,9075,10,5c:62:8b:66:67:d2,22084,26,23110,25,-46,A,5c:62:8b:66:67:d2,0,8,13,5"
1791506335.744,"B,9075,10,72:3b:01:24:b7:c8,28,1,21286,19,-40,S,5c:62:8b:66:67:d2,1,0,0,0"
1791506335.744,"B,9075,10,cc:b8:5e:ad:5c:4a,23026,22,798,7,-45,S,5c:62:8b:66:67:d2,1,4,1,16"
1791506335.744,"B,9075,10,b2:db:ca:e6:29:a6,56,2,0,0,-44,S,5c:62:8b:66:67:d2,2,0,0,0"
1791506335.945,"B,9175,10,5c:62:8b:66:67:d2,11694,13,20312,19,-45,A,5c:62:8b:66:67:d2,0,4,1,8"
1791506335.945,"B,9175,10,72:3b:01:24:b7:c8,0,0,11254,9,0,S,5c:62:8b:66:67:d2,0,0,0,0"
1791506335.945,"B,9175,10,cc:b8:5e:ad:5c:4a,20256,17,440,4,-45,S,5c:62:8b:66:67:d2,1,0,1,15"
1791506335.945,"B,9175,10,b2:db:ca:e6:29:a6,56,2,0,0,-44,S,5c:62:8b:66:67:d2,2,0,0,0"
1791506335.945,"B,9275,10,5c:62:8b:66:67:d2,4689,9,9328,15,-46,A,5c:62:8b:66:67:d2,0,6,0,3"
1791506335.945,"B,9275,10,72:3b:01:24:b7:c8,140,5,4359,6,-36,S,5c:62:8b:66:67:d2,5,0,0,0"
1791506335.945,"B,9275,10,cc:b8:5e:ad:5c:4a,9132,8,330,3,-44,S,5c:62:8b:66:67:d2,0,1,0,7"
1791506335.945,"B,9275,10,b2:db:ca:e6:29:a6,56,2,0,0,-44,S,5c:62:8b:66:67:d2,2,0,0,0"
1791506336.146,"B,9375,10,5c:62:8b:66:67:d2,8665,13,17212,21,-45,A,5c:62:8b:66:67:d2,0,7,0,6"
1791506336.146,"B,9375,10,72:3b:01:24:b7:c8,56,2,7991,8,-41,S,5c:62:8b:66:67:d2,2,0,0,0"
1791506336.146,"B,9375,10,cc:b8:5e:ad:5c:4a,17100,17,674,5,-47,S,5c:62:8b:66:67:d2,1,3,0,13"
1791506336.146,"B,9375,10,b2:db:ca:e6:29:a6,56,2,0,0,-44,S,5c:62:8b:66:67:d2,2,0,0,0"
1791506336.146,"B,9475,10,5c:62:8b:66:67:d2,12702,17,14662,15,-45,A,5c:62:8b:66:67:d2,0,8,0,9"
1791506336.146,"B,9475,10,72:3b:01:24:b7:c8,0,0,12042,11,0,S,5c:62:8b:66:67:d2,0,0,0,0"
1791506336.146,"B,9475,10,cc:b8:5e:ad:5c:4a,14634,14,660,6,-45,S,5c:62:8b:66:67:d2,1,2,0,11"
1791506336.146,"B,9475,10,b2:db:ca:e6:29:a6,28,1,0,0,-44,S,5c:62:8b:66:67:d2,1,0,0,0"
1791506336.348,"B,9575,10,5c:62:8b:66:67:d2,6724,8,12916,14,-45,A,5c:62:8b:66:67:d2,0,3,0,5"
1791506336.348,"B,9575,10,72:3b:01:24:b7:c8,56,2,6394,5,-40,S,5c:62:8b:66:67:d2,2,0,0,0"
1791506336.348,"B,9575,10,cc:b8:5e:ad:5c:4a,12832,11,330,3,-46,S,5c:62:8b:66:67:d2,1,0,0,10"
1791506336.348,"B,9575,10,b2:db:ca:e6:29:a6,28,1,0,0,-45,S,5c:62:8b:66:67:d2,1,0,0,0"
1791506336.348,"B,9675,10,5c:62:8b:66:67:d2,25614,34,34924,32,-45,A,5c:62:8b:66:67:d2,0,15,2,17"
1791506336.348,"B,9675,10,72:3b:01:24:b7:c8,84,3,24184,21,-39,S,5c:62:8b:66:67:d2,3,0,0,0"
1791506336.348,"B,9675,10,cc:b8:5e:ad:5c:4a,34812,28,1430,13,-45,S,5c:62:8b:66:67:d2,0,0,5,23"
1791506336.348,"B,9675,10,b2:db:ca:e6:29:a6,28,1,0,0,-44,S,5c:62:8b:66:67:d2,1,0,0,0"
1791506336.549,"B,9775,10,5c:62:8b:66:67:d2,3764,4,13306,12,-46,A,5c:62:8b:66:67:d2,0,1,1,2"
1791506336.549,"B,9775,10,72:3b:01:24:b7:c8,0,0,3654,3,0,S,5c:62:8b:66:67:d2,0,0,0,0"
1791506336.549,"B,9775,10,cc:b8:5e:ad:5c:4a,13278,11,110,1,-47,S,5c:62:8b:66:67:d2,0,0,4,7"
1791506336.549,"B,9775,10,b2:db:ca:e6:29:a6,28,1,0,0,-44,S,5c:62:8b:66:67:d2,1,0,0,0"
1791506336.549,"B,9875,10,5c:62:8b:66:67:d2,12342,17,19240,24,-45,A,5c:62:8b:66:67:d2,0,8,1,8"
1791506336.549,"B,9875,10,72:3b:01:24:b7:c8,140,5,11572,10,-39,S,5c:62:8b:66:67:d2,5,0,0,0"
1791506336.549,"B,9875,10,cc:b8:5e:ad:5c:4a,19044,17,770,7,-46,S,5c:62:8b:66:67:d2,1,1,2,13"
1791506336.549,"B,9875,10,b2:db:ca:e6:29:a6,56,2,0,0,-43,S,5c:62:8b:66:67:d2,2,0,0,0"
1791506336.752,"B,9975,10,5c:62:8b:66:67:d2,0,0,11650,13,-51,A,5c:62:8b:66:67:d2,0,0,0,0"
1791506336.752,"B,9975,10,72:3b:01:24:b7:c8,56,2,0,0,-36,S,5c:62:8b:66:67:d2,2,0,0,0"
1791506336.752,"B,9975,10,cc:b8:5e:ad:5c:4a,11538,9,0,0,-47,S,5c:62:8b:66:67:d2,0,0,0,9"
1791506336.752,"B,9975,10,b2:db:ca:e6:29:a6,56,2,0,0,-42,S,5c:62:8b:66:67:d2,2,0,0,0"
1791506336.752,"B,10075,10,5c:62:8b:66:67:d2,23101,34,39270,39,-45,A,5c:62:8b:66:67:d2,0,18,1,15"
1791506336.752,"B,10075,10,72:3b:01:24:b7:c8,28,1,22111,25,-40,S,5c:62:8b:66:67:d2,1,0,0,0"
1791506336.752,"B,10075,10,cc:b8:5e:ad:5c:4a,39186,36,990,9,-44,S,5c:62:8b:66:67:d2,1,6,3,26"
1791506336.752,"B,10075,10,b2:db:ca:e6:29:a6,56,2,0,0,-43,S,5c:62:8b:66:67:d2,2,0,0,0"
1791506336.752,"I,10080,stat,rx=4141,drops=0,ch=10,bin=100,hop=0,heap=202024"
1791506336.957,"B,10175,10,5c:62:8b:66:67:d2,9580,12,17000,20,-45,A,5c:62:8b:66:67:d2,0,5,0,7"
1791506336.957,"B,10175,10,72:3b:01:24:b7:c8,84,3,9140,8,-37,S,5c:62:8b:66:67:d2,3,0,0,0"
1791506336.957,"B,10175,10,cc:b8:5e:ad:5c:4a,16860,15,440,4,-47,S,5c:62:8b:66:67:d2,1,1,0,13"
1791506336.957,"B,10175,10,b2:db:ca:e6:29:a6,56,2,0,0,-42,S,5c:62:8b:66:67:d2,2,0,0,0"
1791506336.957,"B,10275,10,5c:62:8b:66:67:d2,3164,6,6780,12,-45,A,5c:62:8b:66:67:d2,0,4,0,2"
1791506336.957,"B,10275,10,72:3b:01:24:b7:c8,84,3,2564,2,-39,S,5c:62:8b:66:67:d2,3,0,0,0"
1791506336.957,"B,10275,10,cc:b8:5e:ad:5c:4a,6640,7,600,4,-47,S,5c:62:8b:66:67:d2,1,1,0,5"
1791506336.957,"B,10275,10,b2:db:ca:e6:29:a6,56,2,0,0,-43,S,5c:62:8b:66:67:d2,2,0,0,0"
1791506337.162,"B,10375,10,5c:62:8b:66:67:d2,13556,25,27864,26,-45,A,5c:62:8b:66:67:d2,0,16,0,9"
1791506337.162,"B,10375,10,72:3b:01:24:b7:c8,56,2,12322,14,-41,S,5c:62:8b:66:67:d2,2,0,0,0"
1791506337.162,"B,10375,10,cc:b8:5e:ad:5c:4a,27752,22,1234,11,-45,S,5c:62:8b:66:67:d2,0,0,1,21"
1791506337.162,"B,10375,10,b2:db:ca:e6:29:a6,56,2,0,0,-43,S,5c:62:8b:66:67:d2,2,0,0,0"
1791506337.162,"B,10475,10,5c:62:8b:66:67:d2,0,0,7776,9,-48,A,5c:62:8b:66:67:d2,0,0,0,0"
1791506337.162,"B,10475,10,72:3b:01:24:b7:c8,28,1,0,0,-40,S,5c:62:8b:66:67:d2,1,0,0,0"
1791506337.162,"B,10475,10,cc:b8:5e:ad:5c:4a,7692,6,0,0,-45,S,5c:62:8b:66:67:d2,0,0,0,6"
1791506337.162,"B,10475,10,b2:db:ca:e6:29:a6,56,2,0,0,-43,S,5c:62:8b:66:67:d2,2,0,0,0"
1791506337.362,"B,10575,10,5c:62:8b:66:67:d2,0,0,28,1,-49,A,5c:62:8b:66:67:d2,0,0,0,0"
1791506337.362,"B,10575,10,b2:db:ca:e6:29:a6,28,1,0,0,-42,S,5c:62:8b:66:67:d2,1,0,0,0"
1791506337.362,"B,10675,10,5c:62:8b:66:67:d2,0,0,56,2,0,A,5c:62:8b:66:67:d2,0,0,0,0"
1791506337.362,"B,10675,10,b2:db:ca:e6:29:a6,56,2,0,0,-43,S,5c:62:8b:66:67:d2,2,0,0,0"
1791506337.567,"B,10775,10,5c:62:8b:66:67:d2,57630,71,66332,59,-45,A,5c:62:8b:66:67:d2,0,29,3,39"
1791506337.567,"B,10775,10,72:3b:01:24:b7:c8,84,3,54990,47,-41,S,5c:62:8b:66:67:d2,3,0,0,0"
1791506337.567,"B,10775,10,cc:b8:5e:ad:5c:4a,66220,55,2640,24,-47,S,5c:62:8b:66:67:d2,1,3,3,48"
1791506337.567,"B,10775,10,b2:db:ca:e6:29:a6,28,1,0,0,-42,S,5c:62:8b:66:67:d2,1,0,0,0"
1791506337.567,"B,10875,10,5c:62:8b:66:67:d2,15378,23,27220,32,-45,A,5c:62:8b:66:67:d2,0,12,0,11"
1791506337.567,"B,10875,10,72:3b:01:24:b7:c8,168,6,14058,11,-37,S,5c:62:8b:66:67:d2,6,0,0,0"
1791506337.567,"B,10875,10,cc:b8:5e:ad:5c:4a,26968,23,1320,12,-46,S,5c:62:8b:66:67:d2,1,1,0,21"
1791506337.567,"B,10875,10,b2:db:ca:e6:29:a6,84,3,0,0,-42,S,5c:62:8b:66:67:d2,3,0,0,0"
1791506337.773,"B,10975,10,5c:62:8b:66:67:d2,440,4,15710,18,-45,A,5c:62:8b:66:67:d2,0,4,0,0"
1791506337.773,"B,10975,10,72:3b:01:24:b7:c8,84,3,0,0,-41,S,5c:62:8b:66:67:d2,3,0,0,0"
1791506337.773,"B,10975,10,cc:b8:5e:ad:5c:4a,15598,14,440,4,-46,S,5c:62:8b:66:67:d2,1,0,2,11"
1791506337.773,"B,10975,10,b2:db:ca:e6:29:a6,28,1,0,0,-42,S,5c:62:8b:66:67:d2,1,0,0,0"
1791506337.773,"B,11075,10,5c:62:8b:66:67:d2,13564,16,34808,28,-44,A,5c:62:8b:66:67:d2,0,6,1,9"
1791506337.773,"B,11075,10,72:3b:01:24:b7:c8,0,0,13014,11,0,S,5c:62:8b:66:67:d2,0,0,0,0"
1791506337.773,"B,11075,10,cc:b8:5e:ad:5c:4a,34808,28,550,5,-45,S,5c:62:8b:66:67:d2,0,1,1,26"
1791506337.978,"B,11175,10,5c:62:8b:66:67:d2,5418,7,10256,13,-45,A,5c:62:8b:66:67:d2,0,3,1,3"
1791506337.978,"B,11175,10,72:3b:01:24:b7:c8,112,4,5198,5,-42,S,5c:62:8b:66:67:d2,4,0,0,0"
1791506337.978,"B,11175,10,cc:b8:5e:ad:5c:4a,10144,9,220,2,-46,S,5c:62:8b:66:67:d2,1,0,1,7"
1791506337.978,"B,11275,10,5c:62:8b:66:67:d2,16041,21,29256,25,-45,A,5c:62:8b:66:67:d2,0,10,0,11"
1791506337.978,"B,11275,10,72:3b:01:24:b7:c8,0,0,15271,14,0,S,5c:62:8b:66:67:d2,0,0,0,0"
1791506337.978,"B,11275,10,cc:b8:5e:ad:5c:4a,29256,25,770,7,-44,S,5c:62:8b:66:67:d2,1,2,0,22"
1791506338.183,"B,11375,10,5c:62:8b:66:67:d2,10256,12,16422,20,-45,A,5c:62:8b:66:67:d2,0,4,1,7"
1791506338.183,"B,11375,10,72:3b:01:24:b7:c8,84,3,9816,8,-40,S,5c:62:8b:66:67:d2,3,0,0,0"
1791506338.183,"B,11375,10,cc:b8:5e:ad:5c:4a,16254,14,440,4,-46,S,5c:62:8b:66:67:d2,1,0,1,12"
1791506338.183,"B,11375,10,b2:db:ca:e6:29:a6,84,3,0,0,-42,S,5c:62:8b:66:67:d2,3,0,0,0"
1791506338.183,"B,11475,10,5c:62:8b:66:67:d2,15500,18,8542,11,-44,A,5c:62:8b:66:67:d2,0,6,1,11"
1791506338.183,"B,11475,10,72:3b:01:24:b7:c8,28,1,14840,12,-41,S,5c:62:8b:66:67:d2,1,0,0,0"
1791506338.183,"B,11475,10,cc:b8:5e:ad:5c:4a,8458,8,660,6,-47,S,5c:62:8b:66:67:d2,1,0,1,6"
1791506338.183,"B,11475,10,b2:db:ca:e6:29:a6,56,2,0,0,-43,S,5c:62:8b:66:67:d2,2,0,0,0"
1791506338.384,"B,11575,10,5c:62:8b:66:67:d2,16740,18,11378,12,-45,A,5c:62:8b:66:67:d2,0,5,2,11"
1791506338.384,"B,11575,10,72:3b:01:24:b7:c8,0,0,16300,14,0,S,5c:62:8b:66:67:d2,0,0,0,0"
1791506338.384,"B,11575,10,cc:b8:5e:ad:5c:4a,11322,10,440,4,-47,S,5c:62:8b:66:67:d2,1,0,1,8"
1791506338.384,"B,11575,10,f2:51:4e:f8:1a:7f,90,3,0,0,-86,S,b0:a7:b9:23:82:ee,3,0,0,0"
1791506338.384,"B,11575,10,b0:a7:b9:23:82:ee,0,0,90,3,-89,A,b0:a7:b9:23:82:ee,0,0,0,0"
1791506338.384,"B,11575,10,b2:db:ca:e6:29:a6,56,2,0,0,-42,S,5c:62:8b:66:67:d2,2,0,0,0"
1791506338.384,"B,11675,10,5c:62:8b:66:67:d2,84864,100,102892,85,-45,A,5c:62:8b:66:67:d2,0,37,0,63"
1791506338.384,"B,11675,10,72:3b:01:24:b7:c8,28,1,81014,65,-42,S,5c:62:8b:66:67:d2,1,0,0,0"
1791506338.384,"B,11675,10,cc:b8:5e:ad:5c:4a,102808,82,3850,35,-46,S,5c:62:8b:66:67:d2,0,2,0,80"
1791506338.384,"B,11675,10,b2:db:ca:e6:29:a6,56,2,0,0,-42,S,5c:62:8b:66:67:d2,2,0,0,0"
1791506338.588,"B,11775,10,5c:62:8b:66:67:d2,28022,31,48968,47,-45,A,5c:62:8b:66:67:d2,0,10,0,21"
1791506338.588,"B,11775,10,72:3b:01:24:b7:c8,140,5,26922,21,-41,S,5c:62:8b:66:67:d2,5,0,0,0"
1791506338.588,"B,11775,10,cc:b8:5e:ad:5c:4a,48744,39,1100,10,-46,S,5c:62:8b:66:67:d2,1,0,0,38"
1791506338.588,"B,11775,10,b2:db:ca:e6:29:a6,84,3,0,0,-43,S,5c:62:8b:66:67:d2,3,0,0,0"
1791506338.588,"B,11875,10,5c:62:8b:66:67:d2,23530,29,53058,46,-45,A,5c:62:8b:66:67:d2,0,12,2,15"
1791506338.588,"B,11875,10,72:3b:01:24:b7:c8,0,0,22430,19,0,S,5c:62:8b:66:67:d2,0,0,0,0"
1791506338.588,"B,11875,10,cc:b8:5e:ad:5c:4a,53030,45,1100,10,-45,S,5c:62:8b:66:67:d2,2,2,4,37"
1791506338.588,"B,11875,10,b2:db:ca:e6:29:a6,28,1,0,0,-43,S,5c:62:8b:66:67:d2,1,0,0,0"
1791506338.588,"B,11875,10,78:8c:b5:f5:e7:26,80,1,0,0,-75,A,78:8c:b5:f5:e7:26,1,0,0,0"
1791506338.793,"B,11975,10,5c:62:8b:66:67:d2,5124,8,26282,23,-44,A,5c:62:8b:66:67:d2,0,4,1,3"
1791506338.793,"B,11975,10,72:3b:01:24:b7:c8,28,1,4684,4,-47,S,5c:62:8b:66:67:d2,1,0,0,0"
1791506338.793,"B,11975,10,cc:b8:5e:ad:5c:4a,26254,22,440,4,-45,S,5c:62:8b:66:67:d2,1,0,2,19"
1791506338.793,"B,12075,10,5c:62:8b:66:67:d2,14230,19,8722,20,-45,A,5c:62:8b:66:67:d2,0,8,3,8"
1791506338.793,"B,12075,10,72:3b:01:24:b7:c8,280,10,13436,12,-38,S,5c:62:8b:66:67:d2,10,0,0,0"
1791506338.793,"B,12075,10,cc:b8:5e:ad:5c:4a,8386,8,794,7,-46,S,5c:62:8b:66:67:d2,1,1,0,6"
1791506338.793,"B,12075,10,b2:db:ca:e6:29:a6,56,2,0,0,-42,S,5c:62:8b:66:67:d2,2,0,0,0"
1791506338.993,"B,12175,10,5c:62:8b:66:67:d2,9084,8,9170,14,-45,A,5c:62:8b:66:67:d2,0,1,0,7"
1791506338.993,"B,12175,10,72:3b:01:24:b7:c8,112,4,8974,7,-40,S,5c:62:8b:66:67:d2,4,0,0,0"
1791506338.993,"B,12175,10,cc:b8:5e:ad:5c:4a,9002,8,110,1,-46,S,5c:62:8b:66:67:d2,1,0,0,7"
1791506338.993,"B,12175,10,f2:51:4e:f8:1a:7f,60,2,0,0,-86,S,b0:a7:b9:23:82:ee,2,0,0,0"
1791506338.993,"B,12175,10,b0:a7:b9:23:82:ee,0,0,60,2,-88,A,b0:a7:b9:23:82:ee,0,0,0,0"
1791506338.993,"B,12175,10,b2:db:ca:e6:29:a6,56,2,0,0,-42,S,5c:62:8b:66:67:d2,2,0,0,0"
1791506338.993,"B,12275,10,5c:62:8b:66:67:d2,15387,20,10682,11,-45,A,5c:62:8b:66:67:d2,0,8,3,9"
1791506338.993,"B,12275,10,72:3b:01:24:b7:c8,0,0,14617,13,0,S,5c:62:8b:66:67:d2,0,0,0,0"
1791506338.993,"B,12275,10,cc:b8:5e:ad:5c:4a,10626,9,770,7,-47,S,5c:62:8b:66:67:d2,0,0,3,6"
1791506338.993,"B,12275,10,b2:db:ca:e6:29:a6,56,2,0,0,-42,S,5c:62:8b:66:67:d2,2,0,0,0"
1791506339.193,"B,12375,10,5c:62:8b:66:67:d2,10366,9,6690,15,-45,A,5c:62:8b:66:67:d2,0,1,0,8"
1791506339.193,"B,12375,10,72:3b:01:24:b7:c8,196,7,10256,8,-40,S,5c:62:8b:66:67:d2,7,0,0,0"
1791506339.193,"B,12375,10,cc:b8:5e:ad:5c:4a,6438,6,110,1,-46,S,5c:62:8b:66:67:d2,1,0,0,5"
1791506339.193,"B,12375,10,b2:db:ca:e6:29:a6,56,2,0,0,-43,S,5c:62:8b:66:67:d2,2,0,0,0"
1791506339.193,"B,12475,10,5c:62:8b:66:67:d2,4176,6,7236,14,-45,A,5c:62:8b:66:67:d2,0,3,0,3"
1791506339.193,"B,12475,10,72:3b:01:24:b7:c8,28,1,3846,3,-41,S,5c:62:8b:66:67:d2,1,0,0,0"
1791506339.193,"B,12475,10,cc:b8:5e:ad:5c:4a,7152,11,330,3,-46,S,5c:62:8b:66:67:d2,5,1,0,5"
1791506339.193,"B,12475,10,b2:db:ca:e6:29:a6,56,2,0,0,-42,S,5c:62:8b:66:67:d2,2,0,0,0"
1791506339.399,"B,12575,10,5c:62:8b:66:67:d2,19552,26,25012,27,-45,A,5c:62:8b:66:67:d2,0,12,2,12"
1791506339.399,"B,12575,10,72:3b:01:24:b7:c8,112,4,18452,16,-40,S,5c:62:8b:66:67:d2,4,0,0,0"
1791506339.399,"B,12575,10,cc:b8:5e:ad:5c:4a,24844,21,1100,10,-46,S,5c:62:8b:66:67:d2,1,1,1,18"
1791506339.399,"B,12575,10,b2:db:ca:e6:29:a6,56,2,0,0,-42,S,5c:62:8b:66:67:d2,2,0,0,0"
1791506339.399,"B,12675,10,5c:62:8b:66:67:d2,7260,10,16532,18,-45,A,5c:62:8b:66:67:d2,0,5,0,5"
1791506339.399,"B,12675,10,72:3b:01:24:b7:c8,56,2,7040,8,-39,S,5c:62:8b:66:67:d2,2,0,0,0"
1791506339.399,"B,12675,10,cc:b8:5e:ad:5c:4a,16420,14,220,2,-46,S,5c:62:8b:66:67:d2,0,1,2,11"
1791506339.399,"B,12675,10,b2:db:ca:e6:29:a6,56,2,0,0,-41,S,5c:62:8b:66:67:d2,2,0,0,0"
1791506339.604,"B,12775,10,5c:62:8b:66:67:d2,0,0,2704,7,-48,A,5c:62:8b:66:67:d2,0,0,0,0"
1791506339.604,"B,12775,10,72:3b:01:24:b7:c8,56,2,0,0,-37,S,5c:62:8b:66:67:d2,2,0,0,0"
1791506339.604,"B,12775,10,cc:b8:5e:ad:5c:4a,2592,3,0,0,-47,S,5c:62:8b:66:67:d2,1,0,0,2"
1791506339.604,"B,12775,10,b2:db:ca:e6:29:a6,56,2,0,0,-42,S,5c:62:8b:66:67:d2,2,0,0,0"
1791506339.604,"B,12875,10,5c:62:8b:66:67:d2,26332,36,28330,27,-45,A,5c:62:8b:66:67:d2,0,17,1,18"
1791506339.604,"B,12875,10,72:3b:01:24:b7:c8,56,2,24902,23,-40,S,5c:62:8b:66:67:d2,2,0,0,0"
1791506339.604,"B,12875,10,cc:b8:5e:ad:5c:4a,28246,24,1430,13,-46,S,5c:62:8b:66:67:d2,1,1,2,20"
1791506339.604,"B,12875,10,b2:db:ca:e6:29:a6,28,1,0,0,-43,S,5c:62:8b:66:67:d2,1,0,0,0"
1791506339.808,"B,12975,10,5c:62:8b:66:67:d2,330,3,19968,21,-45,A,5c:62:8b:66:67:d2,0,3,0,0"
1791506339.808,"B,12975,10,72:3b:01:24:b7:c8,28,1,0,0,-40,S,5c:62:8b:66:67:d2,1,0,0,0"
1791506339.808,"B,12975,10,cc:b8:5e:ad:5c:4a,19912,19,330,3,-46,S,5c:62:8b:66:67:d2,1,3,0,15"
1791506339.808,"B,12975,10,b2:db:ca:e6:29:a6,28,1,0,0,-43,S,5c:62:8b:66:67:d2,1,0,0,0"
1791506339.808,"B,12975,10,78:8c:b5:f5:e7:26,160,2,0,0,-75,A,78:8c:b5:f5:e7:26,2,0,0,0"
1791506339.808,"B,12975,10,80:af:ca:68:4c:f8,84,1,0,0,-88,A,80:af:ca:68:4c:f8,1,0,0,0"
1791506339.808,"B,13075,10,5c:62:8b:66:67:d2,20980,26,36644,34,-45,A,5c:62:8b:66:67:d2,0,11,0,15"
1791506339.808,"B,13075,10,72:3b:01:24:b7:c8,28,1,19990,17,-41,S,5c:62:8b:66:67:d2,1,0,0,0"
1791506339.808,"B,13075,10,cc:b8:5e:ad:5c:4a,36588,32,990,9,-47,S,5c:62:8b:66:67:d2,0,5,0,27"
1791506339.808,"B,13075,10,b2:db:ca:e6:29:a6,28,1,0,0,-42,S,5c:62:8b:66:67:d2,1,0,0,0"
1791506340.009,"B,13175,10,5c:62:8b:66:67:d2,2812,4,8579,18,-45,A,5c:62:8b:66:67:d2,0,2,0,2"
1791506340.009,"B,13175,10,72:3b:01:24:b7:c8,84,3,2516,2,-41,S,5c:62:8b:66:67:d2,3,0,0,0"
1791506340.009,"B,13175,10,cc:b8:5e:ad:5c:4a,8439,13,296,2,-45,S,5c:62:8b:66:67:d2,1,6,0,6"
1791506340.009,"B,13175,10,b2:db:ca:e6:29:a6,56,2,0,0,-41,S,5c:62:8b:66:67:d2,2,0,0,0"
1791506340.009,"B,13275,10,5c:62:8b:66:67:d2,12283,18,7470,12,-45,A,5c:62:8b:66:67:d2,0,10,0,8"
1791506340.009,"B,13275,10,72:3b:01:24:b7:c8,28,1,11733,13,-35,S,5c:62:8b:66:67:d2,1,0,0,0"
1791506340.009,"B,13275,10,cc:b8:5e:ad:5c:4a,7386,9,550,5,-45,S,5c:62:8b:66:67:d2,2,2,0,5"
1791506340.009,"B,13275,10,b2:db:ca:e6:29:a6,56,2,0,0,-43,S,5c:62:8b:66:67:d2,2,0,0,0"
1791506340.214,"B,13375,10,5c:62:8b:66:67:d2,109,1,9164,11,-46,A,5c:62:8b:66:67:d2,0,1,0,0"
1791506340.214,"B,13375,10,72:3b:01:24:b7:c8,56,2,0,0,-40,S,5c:62:8b:66:67:d2,2,0,0,0"
1791506340.214,"B,13375,10,cc:b8:5e:ad:5c:4a,9108,9,109,1,-46,S,5c:62:8b:66:67:d2,1,1,0,7"
1791506340.214,"B,13475,10,5c:62:8b:66:67:d2,1210,11,15282,18,-45,A,5c:62:8b:66:67:d2,0,11,0,0"
1791506340.214,"B,13475,10,72:3b:01:24:b7:c8,112,4,0,0,-40,S,5c:62:8b:66:67:d2,4,0,0,0"
1791506340.214,"B,13475,10,cc:b8:5e:ad:5c:4a,15142,13,1210,11,-47,S,5c:62:8b:66:67:d2,0,1,1,11"
1791506340.214,"B,13475,10,b2:db:ca:e6:29:a6,28,1,0,0,-43,S,5c:62:8b:66:67:d2,1,0,0,0"
1791506340.415,"B,13575,10,5c:62:8b:66:67:d2,0,0,6578,11,-46,A,5c:62:8b:66:67:d2,0,0,0,0"
1791506340.415,"B,13575,10,72:3b:01:24:b7:c8,56,2,0,0,-36,S,5c:62:8b:66:67:d2,2,0,0,0"
1791506340.415,"B,13575,10,cc:b8:5e:ad:5c:4a,6438,6,0,0,-47,S,5c:62:8b:66:67:d2,1,0,0,5"
1791506340.415,"B,13575,10,b2:db:ca:e6:29:a6,84,3,0,0,-42,S,5c:62:8b:66:67:d2,3,0,0,0"
1791506340.415,"B,13675,10,5c:62:8b:66:67:d2,1100,10,20038,27,-45,A,5c:62:8b:66:67:d2,0,10,0,0"
1791506340.415,"B,13675,10,72:3b:01:24:b7:c8,196,7,0,0,-37,S,5c:62:8b:66:67:d2,7,0,0,0"
1791506340.415,"B,13675,10,cc:b8:5e:ad:5c:4a,19786,18,1100,10,-47,S,5c:62:8b:66:67:d2,1,2,1,14"
1791506340.415,"B,13675,10,b2:db:ca:e6:29:a6,56,2,0,0,-42,S,5c:62:8b:66:67:d2,2,0,0,0"
1791506340.619,"B,13775,10,5c:62:8b:66:67:d2,330,3,11932,13,-45,A,5c:62:8b:66:67:d2,0,3,0,0"
1791506340.619,"B,13775,10,cc:b8:5e:ad:5c:4a,11876,11,330,3,-47,S,5c:62:8b:66:67:d2,1,1,0,9"
1791506340.619,"B,13775,10,b2:db:ca:e6:29:a6,56,2,0,0,-42,S,5c:62:8b:66:67:d2,2,0,0,0"
1791506340.619,"B,13875,10,5c:62:8b:66:67:d2,770,7,9216,10,-44,A,5c:62:8b:66:67:d2,0,7,0,0"
1791506340.619,"B,13875,10,72:3b:01:24:b7:c8,28,1,0,0,-41,S,5c:62:8b:66:67:d2,1,0,0,0"
1791506340.619,"B,13875,10,cc:b8:5e:ad:5c:4a,9160,8,770,7,-47,S,5c:62:8b:66:67:d2,0,1,1,6"
1791506340.619,"B,13875,10,b2:db:ca:e6:29:a6,28,1,0,0,-42,S,5c:62:8b:66:67:d2,1,0,0,0"
1791506340.619,"B,13875,10,78:8c:b5:f5:e7:26,258,2,0,0,-75,A,78:8c:b5:f5:e7:26,0,2,0,0"
1791506340.820,"B,13975,10,5c:62:8b:66:67:d2,106,1,6768,15,-46,A,5c:62:8b:66:67:d2,0,1,0,0"
1791506340.820,"B,13975,10,72:3b:01:24:b7:c8,168,6,0,0,-39,S,5c:62:8b:66:67:d2,6,0,0,0"
1791506340.820,"B,13975,10,cc:b8:5e:ad:5c:4a,6544,7,106,1,-45,S,5c:62:8b:66:67:d2,1,1,0,5"
1791506340.820,"B,13975,10,b2:db:ca:e6:29:a6,56,2,0,0,-42,S,5c:62:8b:66:67:d2,2,0,0,0"
1791506340.820,"B,13975,10,78:8c:b5:f5:e7:26,80,1,0,0,-75,A,78:8c:b5:f5:e7:26,1,0,0,0"
1791506340.820,"B,14075,10,5c:62:8b:66:67:d2,990,9,13236,16,-45,A,5c:62:8b:66:67:d2,0,9,0,0"
1791506340.820,"B,14075,10,72:3b:01:24:b7:c8,56,2,0,0,-45,S,5c:62:8b:66:67:d2,2,0,0,0"
1791506340.820,"B,14075,10,cc:b8:5e:ad:5c:4a,13152,13,990,9,-46,S,5c:62:8b:66:67:d2,1,2,1,9"
1791506340.820,"B,14075,10,b2:db:ca:e6:29:a6,28,1,0,0,-43,S,5c:62:8b:66:67:d2,1,0,0,0"
1791506340.820,"B,14175,10,5c:62:8b:66:67:d2,330,3,15268,15,-45,A,5c:62:8b:66:67:d2,0,3,0,0"
1791506340.820,"B,14175,10,72:3b:01:24:b7:c8,28,1,0,0,-41,S,5c:62:8b:66:67:d2,1,0,0,0"
1791506341.020,"B,14175,10,cc:b8:5e:ad:5c:4a,15212,13,330,3,-46,S,5c:62:8b:66:67:d2,1,0,1,11"
1791506341.020,"B,14175,10,b2:db:ca:e6:29:a6,28,1,0,0,-44,S,5c:62:8b:66:67:d2,1,0,0,0"
1791506341.020,"B,14275,10,5c:62:8b:66:67:d2,0,0,1366,4,-47,A,5c:62:8b:66:67:d2,0,0,0,0"
1791506341.020,"B,14275,10,72:3b:01:24:b7:c8,28,1,0,0,-40,S,5c:62:8b:66:67:d2,1,0,0,0"
1791506341.020,"B,14275,10,cc:b8:5e:ad:5c:4a,1282,1,0,0,-47,S,5c:62:8b:66:67:d2,0,0,0,1"
1791506341.020,"B,14275,10,b2:db:ca:e6:29:a6,56,2,0,0,-43,S,5c:62:8b:66:67:d2,2,0,0,0"
1791506341.020,"B,14375,10,5c:62:8b:66:67:d2,990,9,22832,21,-45,A,5c:62:8b:66:67:d2,0,9,0,0"
1791506341.020,"B,14375,10,cc:b8:5e:ad:5c:4a,22776,19,990,9,-46,S,5c:62:8b:66:67:d2,1,0,1,17"
1791506341.220,"B,14375,10,b2:db:ca:e6:29:a6,56,2,0,0,-43,S,5c:62:8b:66:67:d2,2,0,0,0"
1791506341.220,"B,14475,10,5c:62:8b:66:67:d2,660,6,14612,20,-45,A,5c:62:8b:66:67:d2,0,6,0,0"
1791506341.220,"B,14475,10,72:3b:01:24:b7:c8,140,5,0,0,-40,S,5c:62:8b:66:67:d2,5,0,0,0"
1791506341.220,"B,14475,10,cc:b8:5e:ad:5c:4a,14416,13,660,6,-46,S,5c:62:8b:66:67:d2,1,0,3,9"
1791506341.220,"B,14475,10,b2:db:ca:e6:29:a6,56,2,0,0,-42,S,5c:62:8b:66:67:d2,2,0,0,0"
1791506341.220,"B,14575,10,5c:62:8b:66:67:d2,550,5,16100,20,-45,A,5c:62:8b:66:67:d2,0,5,0,0"
1791506341.220,"B,14575,10,72:3b:01:24:b7:c8,84,3,0,0,-41,S,5c:62:8b:66:67:d2,3,0,0,0"
1791506341.420,"B,14575,10,cc:b8:5e:ad:5c:4a,15960,15,550,5,-47,S,5c:62:8b:66:67:d2,1,2,0,12"
1791506341.420,"B,14575,10,b2:db:ca:e6:29:a6,56,2,0,0,-42,S,5c:62:8b:66:67:d2,2,0,0,0"
1791506341.420,"B,14675,10,5c:62:8b:66:67:d2,3080,28,107146,88,-44,A,5c:62:8b:66:67:d2,0,28,0,0"
1791506341.420,"B,14675,10,cc:b8:5e:ad:5c:4a,107090,86,3080,28,-46,S,5c:62:8b:66:67:d2,1,2,0,83"
1791506341.420,"B,14675,10,b2:db:ca:e6:29:a6,56,2,0,0,-42,S,5c:62:8b:66:67:d2,2,0,0,0"
1791506341.420,"B,14775,10,5c:62:8b:66:67:d2,2420,22,44596,43,-44,A,5c:62:8b:66:67:d2,0,22,0,0"
1791506341.420,"B,14775,10,72:3b:01:24:b7:c8,112,4,0,0,-38,S,5c:62:8b:66:67:d2,4,0,0,0"
1791506341.621,"B,14775,10,cc:b8:5e:ad:5c:4a,44428,37,2420,22,-47,S,5c:62:8b:66:67:d2,1,1,2,33"
1791506341.621,"B,14775,10,b2:db:ca:e6:29:a6,56,2,0,0,-42,S,5c:62:8b:66:67:d2,2,0,0,0"
1791506341.621,"B,14875,10,5c:62:8b:66:67:d2,550,5,6672,11,-44,A,5c:62:8b:66:67:d2,0,5,0,0"
1791506341.621,"B,14875,10,72:3b:01:24:b7:c8,112,4,0,0,-37,S,5c:62:8b:66:67:d2,4,0,0,0"
1791506341.621,"B,14875,10,cc:b8:5e:ad:5c:4a,6532,6,550,5,-47,S,5c:62:8b:66:67:d2,0,1,0,5"
1791506341.621,"B,14875,10,b2:db:ca:e6:29:a6,28,1,0,0,-42,S,5c:62:8b:66:67:d2,1,0,0,0"
1791506341.621,"B,14975,10,5c:62:8b:66:67:d2,980,9,29784,30,-45,A,5c:62:8b:66:67:d2,0,9,0,0"
1791506341.621,"B,14975,10,cc:b8:5e:ad:5c:4a,29606,26,880,8,-46,S,5c:62:8b:66:67:d2,1,3,0,22"
1791506341.621,"B,14975,10,b2:db:ca:e6:29:a6,84,3,0,0,-43,S,5c:62:8b:66:67:d2,3,0,0,0"
1791506341.821,"B,14975,10,46:88:44:6e:4f:e4,94,1,100,1,-32,S,5c:62:8b:66:67:d2,1,0,0,0"
1791506341.821,"B,15075,10,5c:62:8b:66:67:d2,440,4,8244,14,-45,A,5c:62:8b:66:67:d2,0,4,0,0"
1791506341.821,"B,15075,10,72:3b:01:24:b7:c8,112,4,0,0,-38,S,5c:62:8b:66:67:d2,4,0,0,0"
1791506341.821,"B,15075,10,cc:b8:5e:ad:5c:4a,8104,9,440,4,-46,S,5c:62:8b:66:67:d2,1,2,0,6"
1791506341.821,"B,15075,10,b2:db:ca:e6:29:a6,28,1,0,0,-42,S,5c:62:8b:66:67:d2,1,0,0,0"
1791506341.821,"I,15081,stat,rx=6184,drops=0,ch=10,bin=100,hop=0,heap=202024"
1791506341.821,"B,15175,10,5c:62:8b:66:67:d2,330,3,9888,13,-44,A,5c:62:8b:66:67:d2,0,3,0,0"
1791506341.821,"B,15175,10,72:3b:01:24:b7:c8,112,4,0,0,-37,S,5c:62:8b:66:67:d2,4,0,0,0"
1791506341.821,"B,15175,10,cc:b8:5e:ad:5c:4a,9776,9,330,3,-46,S,5c:62:8b:66:67:d2,1,0,1,7"
1791506342.021,"B,15275,10,5c:62:8b:66:67:d2,440,4,13724,18,-44,A,5c:62:8b:66:67:d2,0,4,0,0"
1791506342.021,"B,15275,10,72:3b:01:24:b7:c8,56,2,0,0,-38,S,5c:62:8b:66:67:d2,2,0,0,0"
1791506342.021,"B,15275,10,cc:b8:5e:ad:5c:4a,13612,14,440,4,-45,S,5c:62:8b:66:67:d2,0,6,0,8"
1791506342.021,"B,15275,10,b2:db:ca:e6:29:a6,56,2,0,0,-40,S,5c:62:8b:66:67:d2,2,0,0,0"
1791506342.021,"B,15375,10,5c:62:8b:66:67:d2,440,4,14510,21,-45,A,5c:62:8b:66:67:d2,0,4,0,0"
1791506342.021,"B,15375,10,72:3b:01:24:b7:c8,112,4,0,0,-37,S,5c:62:8b:66:67:d2,4,0,0,0"
1791506342.021,"B,15375,10,cc:b8:5e:ad:5c:4a,14196,13,440,4,-46,S,5c:62:8b:66:67:d2,1,1,1,10"
1791506342.021,"B,15375,10,b2:db:ca:e6:29:a6,56,2,0,0,-43,S,5c:62:8b:66:67:d2,2,0,0,0"
1791506342.222,"B,15375,10,46:88:44:6e:4f:e4,146,2,0,0,-34,S,5c:62:8b:66:67:d2,1,1,0,0"
1791506342.222,"B,15475,10,5c:62:8b:66:67:d2,330,3,3738,7,-45,A,5c:62:8b:66:67:d2,0,3,0,0"
1791506342.222,"B,15475,10,72:3b:01:24:b7:c8,28,1,0,0,-40,S,5c:62:8b:66:67:d2,1,0,0,0"
1791506342.222,"B,15475,10,cc:b8:5e:ad:5c:4a,3654,4,330,3,-45,S,5c:62:8b:66:67:d2,1,0,1,2"
1791506342.222,"B,15475,10,b2:db:ca:e6:29:a6,56,2,0,0,-41,S,5c:62:8b:66:67:d2,2,0,0,0"
1791506342.422,"B,15575,10,5c:62:8b:66:67:d2,440,4,13698,16,-45,A,5c:62:8b:66:67:d2,0,4,0,0"
1791506342.422,"B,15575,10,cc:b8:5e:ad:5c:4a,13586,12,440,4,-46,S,5c:62:8b:66:67:d2,1,0,1,10"
1791506342.422,"B,15575,10,b2:db:ca:e6:29:a6,112,4,0,0,-43,S,5c:62:8b:66:67:d2,4,0,0,0"
1791506342.422,"B,15675,10,5c:62:8b:66:67:d2,453,4,4774,9,-45,A,5c:62:8b:66:67:d2,0,4,0,0"
1791506342.422,"B,15675,10,72:3b:01:24:b7:c8,112,4,0,0,-38,S,5c:62:8b:66:67:d2,4,0,0,0"
1791506342.422,"B,15675,10,cc:b8:5e:ad:5c:4a,4568,4,330,3,-46,S,5c:62:8b:66:67:d2,0,0,1,3"
1791506342.422,"B,15675,10,46:88:44:6e:4f:e4,94,1,123,1,-36,S,5c:62:8b:66:67:d2,1,0,0,0"
1791506342.422,"B,15775,10,5c:62:8b:66:67:d2,330,3,11840,15,-45,A,5c:62:8b:66:67:d2,0,3,0,0"
1791506342.422,"B,15775,10,72:3b:01:24:b7:c8,56,2,0,0,-40,S,5c:62:8b:66:67:d2,2,0,0,0"
1791506342.422,"B,15775,10,cc:b8:5e:ad:5c:4a,11728,11,330,3,-47,S,5c:62:8b:66:67:d2,1,1,0,9"
1791506342.422,"B,15775,10,b0:a7:b9:23:82:ee,0,0,28,1,-90,A,b0:a7:b9:23:82:ee,0,0,0,0"
1791506342.622,"B,15775,10,b2:db:ca:e6:29:a6,56,2,0,0,-42,S,5c:62:8b:66:67:d2,2,0,0,0"
1791506342.622,"B,15775,10,e2:5e:2c:92:7b:df,28,1,0,0,-89,S,b0:a7:b9:23:82:ee,1,0,0,0"
1791506342.622,"B,15875,10,5c:62:8b:66:67:d2,550,5,8772,15,-45,A,5c:62:8b:66:67:d2,0,5,0,0"
1791506342.622,"B,15875,10,72:3b:01:24:b7:c8,112,4,0,0,-43,S,5c:62:8b:66:67:d2,4,0,0,0"
1791506342.622,"B,15875,10,cc:b8:5e:ad:5c:4a,8604,9,550,5,-47,S,5c:62:8b:66:67:d2,1,1,2,5"
1791506342.622,"B,15875,10,b2:db:ca:e6:29:a6,56,2,0,0,-43,S,5c:62:8b:66:67:d2,2,0,0,0"
1791506342.622,"B,15875,10,78:8c:b5:f5:e7:26,80,1,0,0,-75,A,78:8c:b5:f5:e7:26,1,0,0,0"
1791506342.823,"B,15975,10,5c:62:8b:66:67:d2,440,4,25468,24,-45,A,5c:62:8b:66:67:d2,0,4,0,0"
1791506342.823,"B,15975,10,cc:b8:5e:ad:5c:4a,25384,21,440,4,-46,S,5c:62:8b:66:67:d2,1,0,1,19"
1791506342.823,"B,15975,10,b2:db:ca:e6:29:a6,84,3,0,0,-43,S,5c:62:8b:66:67:d2,3,0,0,0"
1791506342.823,"B,16075,10,5c:62:8b:66:67:d2,870,7,17148,24,-45,A,5c:62:8b:66:67:d2,0,7,0,0"
1791506342.823,"B,16075,10,72:3b:01:24:b7:c8,280,10,0,0,-42,S,5c:62:8b:66:67:d2,10,0,0,0"
1791506342.823,"B,16075,10,cc:b8:5e:ad:5c:4a,16868,14,870,7,-46,S,5c:62:8b:66:67:d2,0,1,0,13"
1791506342.823,"B,16175,10,5c:62:8b:66:67:d2,1002,9,37372,40,-44,A,5c:62:8b:66:67:d2,0,9,0,0"
1791506342.823,"B,16175,10,72:3b:01:24:b7:c8,140,5,0,0,-42,S,5c:62:8b:66:67:d2,5,0,0,0"
1791506342.823,"B,16175,10,cc:b8:5e:ad:5c:4a,37176,33,1002,9,-45,S,5c:62:8b:66:67:d2,1,5,1,26"
1791506342.823,"B,16175,10,b2:db:ca:e6:29:a6,56,2,0,0,-43,S,5c:62:8b:66:67:d2,2,0,0,0"
1791506343.024,"B,16275,10,5c:62:8b:66:67:d2,0,0,1366,4,-49,A,5c:62:8b:66:67:d2,0,0,0,0"
1791506343.024,"B,16275,10,72:3b:01:24:b7:c8,56,2,0,0,-41,S,5c:62:8b:66:67:d2,2,0,0,0"
1791506343.024,"B,16275,10,cc:b8:5e:ad:5c:4a,1282,1,0,0,-46,S,5c:62:8b:66:67:d2,0,0,0,1"
1791506343.024,"B,16275,10,b2:db:ca:e6:29:a6,28,1,0,0,-43,S,5c:62:8b:66:67:d2,1,0,0,0"
1791506343.024,"B,16375,10,5c:62:8b:66:67:d2,1902,17,29260,27,-45,A,5c:62:8b:66:67:d2,0,17,0,0"
1791506343.024,"B,16375,10,72:3b:01:24:b7:c8,56,2,0,0,-41,S,5c:62:8b:66:67:d2,2,0,0,0"
1791506343.024,"B,16375,10,cc:b8:5e:ad:5c:4a,29204,25,1902,17,-46,S,5c:62:8b:66:67:d2,1,1,1,22"
1791506343.225,"B,16475,10,5c:62:8b:66:67:d2,110,1,5886,9,-46,A,5c:62:8b:66:67:d2,0,1,0,0"
1791506343.225,"B,16475,10,72:3b:01:24:b7:c8,84,3,0,0,-41,S,5c:62:8b:66:67:d2,3,0,0,0"
1791506343.225,"B,16475,10,cc:b8:5e:ad:5c:4a,5802,6,110,1,-46,S,5c:62:8b:66:67:d2,1,0,2,3"
1791506343.225,"B,16575,10,5c:62:8b:66:67:d2,550,5,12480,12,-45,A,5c:62:8b:66:67:d2,0,5,0,0"
1791506343.225,"B,16575,10,72:3b:01:24:b7:c8,28,1,0,0,-43,S,5c:62:8b:66:67:d2,1,0,0,0"
1791506343.225,"B,16575,10,cc:b8:5e:ad:5c:4a,12452,11,550,5,-45,S,5c:62:8b:66:67:d2,1,0,1,9"
1791506343.425,"B,16675,10,5c:62:8b:66:67:d2,232,2,19968,22,-46,A,5c:62:8b:66:67:d2,0,2,0,0"
1791506343.425,"B,16675,10,72:3b:01:24:b7:c8,112,4,0,0,-43,S,5c:62:8b:66:67:d2,4,0,0,0"
1791506343.425,"B,16675,10,cc:b8:5e:ad:5c:4a,19856,18,232,2,-45,S,5c:62:8b:66:67:d2,0,3,1,14"
1791506343.425,"B,16775,10,5c:62:8b:66:67:d2,1604,14,17828,19,-45,A,5c:62:8b:66:67:d2,0,14,0,0"
1791506343.425,"B,16775,10,72:3b:01:24:b7:c8,112,4,0,0,-42,S,5c:62:8b:66:67:d2,4,0,0,0"
1791506343.425,"B,16775,10,cc:b8:5e:ad:5c:4a,17716,15,1604,14,-46,S,5c:62:8b:66:67:d2,1,0,1,13"
1791506343.626,"B,16875,10,5c:62:8b:66:67:d2,660,6,25060,29,-45,A,5c:62:8b:66:67:d2,0,6,0,0"
1791506343.626,"B,16875,10,72:3b:01:24:b7:c8,28,1,0,0,-42,S,5c:62:8b:66:67:d2,1,0,0,0"
1791506343.626,"B,16875,10,cc:b8:5e:ad:5c:4a,24948,25,660,6,-45,S,5c:62:8b:66:67:d2,5,0,2,18"
1791506343.626,"B,16875,10,b2:db:ca:e6:29:a6,84,3,0,0,-43,S,5c:62:8b:66:67:d2,3,0,0,0"
1791506343.626,"B,16975,10,5c:62:8b:66:67:d2,0,0,6662,14,-47,A,5c:62:8b:66:67:d2,0,0,0,0"
1791506343.626,"B,16975,10,72:3b:01:24:b7:c8,196,7,0,0,-41,S,5c:62:8b:66:67:d2,7,0,0,0"
1791506343.626,"B,16975,10,cc:b8:5e:ad:5c:4a,6410,5,0,0,-46,S,5c:62:8b:66:67:d2,0,0,0,5"
1791506343.626,"B,16975,10,b2:db:ca:e6:29:a6,56,2,0,0,-42,S,5c:62:8b:66:67:d2,2,0,0,0"
1791506343.826,"B,17075,10,5c:62:8b:66:67:d2,770,7,22158,21,-45,A,5c:62:8b:66:67:d2,0,7,0,0"
1791506343.826,"B,17075,10,cc:b8:5e:ad:5c:4a,22130,20,770,7,-45,S,5c:62:8b:66:67:d2,1,2,5,12"
1791506343.826,"B,17075,10,b2:db:ca:e6:29:a6,28,1,0,0,-43,S,5c:62:8b:66:67:d2,1,0,0,0"
1791506343.826,"B,17075,10,78:8c:b5:f5:e7:26,92,1,0,0,-74,A,78:8c:b5:f5:e7:26,1,0,0,0"
1791506343.826,"B,17175,10,5c:62:8b:66:67:d2,0,0,6550,10,-48,A,5c:62:8b:66:67:d2,0,0,0,0"
1791506343.826,"B,17175,10,72:3b:01:24:b7:c8,56,2,0,0,-38,S,5c:62:8b:66:67:d2,2,0,0,0"
1791506343.826,"B,17175,10,cc:b8:5e:ad:5c:4a,6410,5,0,0,-46,S,5c:62:8b:66:67:d2,0,0,0,5"
1791506343.826,"B,17175,10,f2:51:4e:f8:1a:7f,60,2,0,0,-86,S,b0:a7:b9:23:82:ee,2,0,0,0"
1791506343.826,"B,17175,10,b0:a7:b9:23:82:ee,0,0,60,2,-89,A,b0:a7:b9:23:82:ee,0,0,0,0"
1791506343.826,"B,17175,10,b2:db:ca:e6:29:a6,84,3,0,0,-44,S,5c:62:8b:66:67:d2,3,0,0,0"
1791506344.027,"B,17275,10,5c:62:8b:66:67:d2,1210,11,31662,31,-45,A,5c:62:8b:66:67:d2,0,11,0,0"
1791506344.027,"B,17275,10,72:3b:01:24:b7:c8,84,3,0,0,-38,S,5c:62:8b:66:67:d2,3,0,0,0"
1791506344.027,"B,17275,10,cc:b8:5e:ad:5c:4a,31522,26,1210,11,-45,S,5c:62:8b:66:67:d2,1,0,2,23"
1791506344.027,"B,17275,10,b2:db:ca:e6:29:a6,56,2,0,0,-43,S,5c:62:8b:66:67:d2,2,0,0,0"
1791506344.027,"B,17375,10,5c:62:8b:66:67:d2,330,3,10422,10,-46,A,5c:62:8b:66:67:d2,0,3,0,0"
1791506344.027,"B,17375,10,cc:b8:5e:ad:5c:4a,10422,10,330,3,-46,S,5c:62:8b:66:67:d2,1,1,0,8"
1791506344.228,"B,17475,10,5c:62:8b:66:67:d2,1100,10,11336,11,-45,A,5c:62:8b:66:67:d2,0,10,0,0"
1791506344.228,"B,17475,10,cc:b8:5e:ad:5c:4a,11308,10,1100,10,-47,S,5c:62:8b:66:67:d2,0,1,1,8"
1791506344.228,"B,17475,10,b2:db:ca:e6:29:a6,28,1,0,0,-46,S,5c:62:8b:66:67:d2,1,0,0,0"
1791506344.228,"B,17575,10,5c:62:8b:66:67:d2,440,4,12484,17,-46,A,5c:62:8b:66:67:d2,0,4,0,0"
1791506344.228,"B,17575,10,72:3b:01:24:b7:c8,168,6,0,0,-41,S,5c:62:8b:66:67:d2,6,0,0,0"
1791506344.228,"B,17575,10,cc:b8:5e:ad:5c:4a,12316,11,440,4,-46,S,5c:62:8b:66:67:d2,1,0,1,9"
1791506344.430,"B,17675,10,5c:62:8b:66:67:d2,3410,31,106352,88,-46,A,5c:62:8b:66:67:d2,0,31,0,0"
1791506344.430,"B,17675,10,cc:b8:5e:ad:5c:4a,106352,88,3410,31,-45,S,5c:62:8b:66:67:d2,4,1,1,82"
1791506344.430,"B,17775,10,5c:62:8b:66:67:d2,2420,22,73380,60,-46,A,5c:62:8b:66:67:d2,0,22,0,0"
1791506344.430,"B,17775,10,72:3b:01:24:b7:c8,28,1,0,0,-42,S,5c:62:8b:66:67:d2,1,0,0,0"
1791506344.430,"B,17775,10,cc:b8:5e:ad:5c:4a,73352,59,2420,22,-45,S,5c:62:8b:66:67:d2,1,1,2,55"
1791506344.430,"B,17775,10,80:af:ca:68:4c:f8,84,1,0,0,-87,A,80:af:ca:68:4c:f8,1,0,0,0"
1791506344.632,"B,17875,10,5c:62:8b:66:67:d2,440,4,2678,15,-46,A,5c:62:8b:66:67:d2,0,4,0,0"
1791506344.632,"B,17875,10,72:3b:01:24:b7:c8,308,11,0,0,-41,S,5c:62:8b:66:67:d2,11,0,0,0"
1791506344.632,"B,17875,10,cc:b8:5e:ad:5c:4a,2370,4,440,4,-46,S,5c:62:8b:66:67:d2,1,2,0,1"
1791506344.632,"B,17975,10,5c:62:8b:66:67:d2,330,3,10802,10,-46,A,5c:62:8b:66:67:d2,0,3,0,0"
1791506344.632,"B,17975,10,cc:b8:5e:ad:5c:4a,10802,10,330,3,-43,S,5c:62:8b:66:67:d2,1,1,0,8"
1791506344.632,"B,17975,10,f2:51:4e:f8:1a:7f,30,1,0,0,-87,S,b0:a7:b9:23:82:ee,1,0,0,0"
1791506344.632,"B,17975,10,b0:a7:b9:23:82:ee,0,0,30,1,-89,A,b0:a7:b9:23:82:ee,0,0,0,0"
1791506344.834,"B,18075,10,5c:62:8b:66:67:d2,660,6,11104,18,-46,A,5c:62:8b:66:67:d2,0,6,0,0"
1791506344.834,"B,18075,10,72:3b:01:24:b7:c8,224,8,0,0,-41,S,5c:62:8b:66:67:d2,8,0,0,0"
1791506344.834,"B,18075,10,cc:b8:5e:ad:5c:4a,10880,10,660,6,-47,S,5c:62:8b:66:67:d2,0,2,1,7"
1791506344.834,"B,18175,10,5c:62:8b:66:67:d2,220,2,10164,15,-47,A,5c:62:8b:66:67:d2,0,2,0,0"
1791506344.834,"B,18175,10,72:3b:01:24:b7:c8,140,5,0,0,-41,S,5c:62:8b:66:67:d2,5,0,0,0"
1791506344.834,"B,18175,10,cc:b8:5e:ad:5c:4a,10024,10,220,2,-46,S,5c:62:8b:66:67:d2,2,0,1,7"
1791506344.834,"B,18175,10,f2:51:4e:f8:1a:7f,30,1,0,0,-86,S,b0:a7:b9:23:82:ee,1,0,0,0"
1791506344.834,"B,18175,10,b0:a7:b9:23:82:ee,0,0,30,1,-87,A,b0:a7:b9:23:82:ee,0,0,0,0"
1791506345.038,"B,18275,10,5c:62:8b:66:67:d2,660,6,7084,9,-46,A,5c:62:8b:66:67:d2,0,6,0,0"
1791506345.038,"B,18275,10,cc:b8:5e:ad:5c:4a,7028,7,660,6,-46,S,5c:62:8b:66:67:d2,1,1,0,5"
1791506345.038,"B,18275,10,b2:db:ca:e6:29:a6,56,2,0,0,-44,S,5c:62:8b:66:67:d2,2,0,0,0"
1791506345.038,"B,18375,10,5c:62:8b:66:67:d2,220,2,12728,17,-47,A,5c:62:8b:66:67:d2,0,2,0,0"
1791506345.038,"B,18375,10,72:3b:01:24:b7:c8,112,4,0,0,-41,S,5c:62:8b:66:67:d2,4,0,0,0"
1791506345.038,"B,18375,10,cc:b8:5e:ad:5c:4a,12560,11,220,2,-46,S,5c:62:8b:66:67:d2,1,0,1,9"
1791506345.038,"B,18375,10,f2:51:4e:f8:1a:7f,30,1,0,0,-86,S,b0:a7:b9:23:82:ee,1,0,0,0"
1791506345.038,"B,18375,10,b0:a7:b9:23:82:ee,0,0,30,1,-90,A,b0:a7:b9:23:82:ee,0,0,0,0"
1791506345.038,"B,18375,10,b2:db:ca:e6:29:a6,56,2,0,0,-43,S,5c:62:8b:66:67:d2,2,0,0,0"
1791506345.238,"B,18475,10,5c:62:8b:66:67:d2,2090,19,21210,24,-46,A,5c:62:8b:66:67:d2,0,19,0,0"
1791506345.238,"B,18475,10,72:3b:01:24:b7:c8,112,4,0,0,-41,S,5c:62:8b:66:67:d2,4,0,0,0"
1791506345.238,"B,18475,10,cc:b8:5e:ad:5c:4a,21070,19,2090,19,-45,S,5c:62:8b:66:67:d2,0,1,6,12"
1791506345.238,"B,18475,10,b2:db:ca:e6:29:a6,28,1,0,0,-43,S,5c:62:8b:66:67:d2,1,0,0,0"
1791506345.238,"B,18575,10,5c:62:8b:66:67:d2,660,6,15614,15,-46,A,5c:62:8b:66:67:d2,0,6,0,0"
1791506345.238,"B,18575,10,cc:b8:5e:ad:5c:4a,15586,14,660,6,-46,S,5c:62:8b:66:67:d2,1,1,1,11"
1791506345.238,"B,18575,10,b2:db:ca:e6:29:a6,28,1,0,0,-44,S,5c:62:8b:66:67:d2,1,0,0,0"
1791506345.441,"B,18675,10,5c:62:8b:66:67:d2,220,2,4348,12,-47,A,5c:62:8b:66:67:d2,0,2,0,0"
1791506345.441,"B,18675,10,72:3b:01:24:b7:c8,140,5,0,0,-40,S,5c:62:8b:66:67:d2,5,0,0,0"
1791506345.441,"B,18675,10,cc:b8:5e:ad:5c:4a,4152,5,220,2,-46,S,5c:62:8b:66:67:d2,1,1,0,3"
1791506345.441,"B,18675,10,f2:51:4e:f8:1a:7f,60,2,0,0,-86,S,b0:a7:b9:23:82:ee,2,0,0,0"
1791506345.441,"B,18675,10,b0:a7:b9:23:82:ee,0,0,60,2,-91,A,b0:a7:b9:23:82:ee,0,0,0,0"
1791506345.441,"B,18675,10,b2:db:ca:e6:29:a6,56,2,0,0,-43,S,5c:62:8b:66:67:d2,2,0,0,0"
1791506345.441,"B,18775,10,5c:62:8b:66:67:d2,440,4,16268,18,-46,A,5c:62:8b:66:67:d2,0,4,0,0"
1791506345.441,"B,18775,10,72:3b:01:24:b7:c8,28,1,0,0,-40,S,5c:62:8b:66:67:d2,1,0,0,0"
1791506345.441,"B,18775,10,cc:b8:5e:ad:5c:4a,16184,15,440,4,-46,S,5c:62:8b:66:67:d2,1,2,0,12"
1791506345.441,"B,18775,10,b2:db:ca:e6:29:a6,56,2,0,0,-44,S,5c:62:8b:66:67:d2,2,0,0,0"
1791506345.441,"B,18775,10,80:af:ca:68:4c:f8,104,1,0,0,-88,A,80:af:ca:68:4c:f8,0,1,0,0"
1791506345.645,"B,18875,10,5c:62:8b:66:67:d2,1044,10,13372,14,-46,A,5c:62:8b:66:67:d2,2,8,0,0"
1791506345.645,"B,18875,10,72:3b:01:24:b7:c8,0,0,82,1,0,S,5c:62:8b:66:67:d2,0,0,0,0"
1791506345.645,"B,18875,10,cc:b8:5e:ad:5c:4a,13316,12,962,9,-46,S,5c:62:8b:66:67:d2,1,1,1,9"
1791506345.645,"B,18875,10,b2:db:ca:e6:29:a6,56,2,0,0,-43,S,5c:62:8b:66:67:d2,2,0,0,0"
1791506345.645,"B,18975,10,5c:62:8b:66:67:d2,406,3,5354,12,-45,A,5c:62:8b:66:67:d2,0,3,0,0"
1791506345.645,"B,18975,10,72:3b:01:24:b7:c8,112,4,0,0,-41,S,5c:62:8b:66:67:d2,4,0,0,0"
1791506345.645,"B,18975,10,cc:b8:5e:ad:5c:4a,5186,6,406,3,-47,S,5c:62:8b:66:67:d2,1,1,1,3"
1791506345.645,"B,18975,10,b2:db:ca:e6:29:a6,56,2,0,0,-45,S,5c:62:8b:66:67:d2,2,0,0,0"
1791506345.851,"B,19075,10,5c:62:8b:66:67:d2,6264,14,33758,35,-45,A,5c:62:8b:66:67:d2,0,10,0,4"
1791506345.851,"B,19075,10,72:3b:01:24:b7:c8,56,2,5128,4,-44,S,5c:62:8b:66:67:d2,2,0,0,0"
1791506345.851,"B,19075,10,cc:b8:5e:ad:5c:4a,33646,31,1136,10,-45,S,5c:62:8b:66:67:d2,4,1,0,26"
1791506345.851,"B,19075,10,b2:db:ca:e6:29:a6,56,2,0,0,-44,S,5c:62:8b:66:67:d2,2,0,0,0"
1791506345.851,"B,19175,10,5c:62:8b:66:67:d2,994,9,15278,22,-45,A,5c:62:8b:66:67:d2,0,9,0,0"
1791506345.851,"B,19175,10,72:3b:01:24:b7:c8,112,4,0,0,-40,S,5c:62:8b:66:67:d2,4,0,0,0"
1791506345.851,"B,19175,10,cc:b8:5e:ad:5c:4a,15110,16,994,9,-47,S,5c:62:8b:66:67:d2,1,4,0,11"
1791506345.851,"B,19175,10,b2:db:ca:e6:29:a6,56,2,0,0,-43,S,5c:62:8b:66:67:d2,2,0,0,0"
1791506346.053,"B,19275,10,5c:62:8b:66:67:d2,220,2,3250,5,-46,A,5c:62:8b:66:67:d2,0,2,0,0"
1791506346.053,"B,19275,10,72:3b:01:24:b7:c8,28,1,0,0,-40,S,5c:62:8b:66:67:d2,1,0,0,0"
1791506346.053,"B,19275,10,cc:b8:5e:ad:5c:4a,3194,3,220,2,-47,S,5c:62:8b:66:67:d2,0,1,0,2"
1791506346.053,"B,19275,10,b2:db:ca:e6:29:a6,28,1,0,0,-45,S,5c:62:8b:66:67:d2,1,0,0,0"
1791506346.053,"B,19375,10,5c:62:8b:66:67:d2,330,3,13038,17,-45,A,5c:62:8b:66:67:d2,0,3,0,0"
1791506346.053,"B,19375,10,72:3b:01:24:b7:c8,84,3,0,0,-40,S,5c:62:8b:66:67:d2,3,0,0,0"
1791506346.053,"B,19375,10,cc:b8:5e:ad:5c:4a,12898,12,330,3,-46,S,5c:62:8b:66:67:d2,1,2,0,9"
1791506346.053,"B,19375,10,f2:51:4e:f8:1a:7f,30,1,0,0,-86,S,b0:a7:b9:23:82:ee,1,0,0,0"
1791506346.053,"B,19375,10,b0:a7:b9:23:82:ee,0,0,30,1,-90,A,b0:a7:b9:23:82:ee,0,0,0,0"
1791506346.053,"B,19375,10,b2:db:ca:e6:29:a6,56,2,0,0,-44,S,5c:62:8b:66:67:d2,2,0,0,0"
1791506346.254,"A,19441,10,b8:ec:a3:e0:bf:97,-91,KV 15"
1791506346.254,"B,19475,10,5c:62:8b:66:67:d2,791,7,31603,34,-45,A,5c:62:8b:66:67:d2,0,7,0,0"
1791506346.254,"B,19475,10,72:3b:01:24:b7:c8,112,4,0,0,-40,S,5c:62:8b:66:67:d2,4,0,0,0"
1791506346.254,"B,19475,10,cc:b8:5e:ad:5c:4a,31230,26,660,6,-46,S,5c:62:8b:66:67:d2,1,1,1,23"
1791506346.254,"B,19475,10,b2:db:ca:e6:29:a6,56,2,0,0,-41,S,5c:62:8b:66:67:d2,2,0,0,0"
1791506346.254,"B,19475,10,46:88:44:6e:4f:e4,205,2,131,1,-36,S,5c:62:8b:66:67:d2,1,1,0,0"
1791506346.254,"B,19575,10,5c:62:8b:66:67:d2,220,2,10538,11,-46,A,5c:62:8b:66:67:d2,0,2,0,0"
1791506346.254,"B,19575,10,cc:b8:5e:ad:5c:4a,10510,10,220,2,-46,S,5c:62:8b:66:67:d2,1,1,0,8"
1791506346.254,"B,19575,10,b2:db:ca:e6:29:a6,28,1,0,0,-43,S,5c:62:8b:66:67:d2,1,0,0,0"
1791506346.455,"B,19675,10,5c:62:8b:66:67:d2,550,5,23350,21,-45,A,5c:62:8b:66:67:d2,0,5,0,0"
1791506346.455,"B,19675,10,72:3b:01:24:b7:c8,56,2,0,0,-41,S,5c:62:8b:66:67:d2,2,0,0,0"
1791506346.455,"B,19675,10,cc:b8:5e:ad:5c:4a,23294,19,550,5,-46,S,5c:62:8b:66:67:d2,0,0,2,17"
1791506346.455,"B,19775,10,5c:62:8b:66:67:d2,660,6,19962,22,-45,A,5c:62:8b:66:67:d2,0,6,0,0"
1791506346.455,"B,19775,10,72:3b:01:24:b7:c8,112,4,0,0,-39,S,5c:62:8b:66:67:d2,4,0,0,0"
1791506346.455,"B,19775,10,cc:b8:5e:ad:5c:4a,19850,18,660,6,-46,S,5c:62:8b:66:67:d2,1,1,2,14"
1791506346.455,"B,19775,10,f2:51:4e:f8:1a:7f,30,1,0,0,-85,S,b0:a7:b9:23:82:ee,1,0,0,0"
1791506346.455,"B,19775,10,b0:a7:b9:23:82:ee,0,0,30,1,-88,A,b0:a7:b9:23:82:ee,0,0,0,0"
1791506346.658,"B,19875,10,5c:62:8b:66:67:d2,660,6,16930,17,-45,A,5c:62:8b:66:67:d2,0,6,0,0"
1791506346.658,"B,19875,10,72:3b:01:24:b7:c8,28,1,0,0,-40,S,5c:62:8b:66:67:d2,1,0,0,0"
1791506346.658,"B,19875,10,cc:b8:5e:ad:5c:4a,16902,16,660,6,-46,S,5c:62:8b:66:67:d2,1,3,1,11"
1791506346.658,"B,19975,10,5c:62:8b:66:67:d2,0,0,6494,8,-50,A,5c:62:8b:66:67:d2,0,0,0,0"
1791506346.658,"B,19975,10,72:3b:01:24:b7:c8,56,2,0,0,-40,S,5c:62:8b:66:67:d2,2,0,0,0"
1791506346.658,"B,19975,10,cc:b8:5e:ad:5c:4a,6410,5,0,0,-47,S,5c:62:8b:66:67:d2,0,0,0,5"
1791506346.658,"B,19975,10,b2:db:ca:e6:29:a6,28,1,0,0,-43,S,5c:62:8b:66:67:d2,1,0,0,0"
1791506346.859,"B,20075,10,5c:62:8b:66:67:d2,220,2,38298,38,-46,A,5c:62:8b:66:67:d2,0,2,0,0"
1791506346.859,"B,20075,10,72:3b:01:24:b7:c8,112,4,0,0,-41,S,5c:62:8b:66:67:d2,4,0,0,0"
1791506346.859,"B,20075,10,cc:b8:5e:ad:5c:4a,38130,32,220,2,-46,S,5c:62:8b:66:67:d2,1,0,5,26"
1791506346.859,"B,20075,10,b2:db:ca:e6:29:a6,56,2,0,0,-44,S,5c:62:8b:66:67:d2,2,0,0,0"
1791506346.859,"I,20083,stat,rx=7696,drops=0,ch=10,bin=100,hop=0,heap=202024"
1791506346.859,"B,20175,10,5c:62:8b:66:67:d2,1540,14,50828,52,-45,A,5c:62:8b:66:67:d2,0,14,0,0"
1791506346.859,"B,20175,10,72:3b:01:24:b7:c8,28,1,0,0,-40,S,5c:62:8b:66:67:d2,1,0,0,0"
1791506346.859,"B,20175,10,cc:b8:5e:ad:5c:4a,50716,48,1540,14,-46,S,5c:62:8b:66:67:d2,2,7,5,34"
1791506346.859,"B,20175,10,b2:db:ca:e6:29:a6,84,3,0,0,-44,S,5c:62:8b:66:67:d2,3,0,0,0"
1791506347.060,"B,20275,10,5c:62:8b:66:67:d2,223,2,3614,12,-46,A,5c:62:8b:66:67:d2,0,2,0,0"
1791506347.060,"B,20275,10,72:3b:01:24:b7:c8,196,7,0,0,-39,S,5c:62:8b:66:67:d2,7,0,0,0"
1791506347.060,"B,20275,10,cc:b8:5e:ad:5c:4a,3390,4,223,2,-47,S,5c:62:8b:66:67:d2,1,0,1,2"
1791506347.060,"B,20275,10,b2:db:ca:e6:29:a6,28,1,0,0,-43,S,5c:62:8b:66:67:d2,1,0,0,0"
1791506347.060,"B,20375,10,5c:62:8b:66:67:d2,220,2,29598,27,-46,A,5c:62:8b:66:67:d2,0,2,0,0"
1791506347.060,"B,20375,10,72:3b:01:24:b7:c8,56,2,0,0,-38,S,5c:62:8b:66:67:d2,2,0,0,0"
1791506347.060,"B,20375,10,cc:b8:5e:ad:5c:4a,29486,23,220,2,-45,S,5c:62:8b:66:67:d2,0,0,0,23"
1791506347.060,"B,20375,10,f2:51:4e:f8:1a:7f,30,1,0,0,-87,S,b0:a7:b9:23:82:ee,1,0,0,0"
1791506347.060,"B,20375,10,b0:a7:b9:23:82:ee,0,0,30,1,-90,A,b0:a7:b9:23:82:ee,0,0,0,0"
1791506347.060,"B,20375,10,b2:db:ca:e6:29:a6,56,2,0,0,-43,S,5c:62:8b:66:67:d2,2,0,0,0"
1791506347.261,"B,20475,10,5c:62:8b:66:67:d2,1100,10,34164,34,-45,A,5c:62:8b:66:67:d2,0,10,0,0"
1791506347.261,"B,20475,10,72:3b:01:24:b7:c8,28,1,0,0,-41,S,5c:62:8b:66:67:d2,1,0,0,0"
1791506347.261,"B,20475,10,cc:b8:5e:ad:5c:4a,34024,29,1100,10,-46,S,5c:62:8b:66:67:d2,1,2,1,25"
1791506347.261,"B,20475,10,b2:db:ca:e6:29:a6,112,4,0,0,-43,S,5c:62:8b:66:67:d2,4,0,0,0"
1791506347.261,"B,20575,10,5c:62:8b:66:67:d2,0,0,6214,16,-48,A,5c:62:8b:66:67:d2,0,0,0,0"
1791506347.261,"B,20575,10,72:3b:01:24:b7:c8,252,9,0,0,-41,S,5c:62:8b:66:67:d2,9,0,0,0"
1791506347.261,"B,20575,10,cc:b8:5e:ad:5c:4a,5906,5,0,0,-47,S,5c:62:8b:66:67:d2,0,0,1,4"
1791506347.261,"B,20575,10,b2:db:ca:e6:29:a6,56,2,0,0,-42,S,5c:62:8b:66:67:d2,2,0,0,0"
1791506347.461,"B,20675,10,5c:62:8b:66:67:d2,2806,25,56134,48,-45,A,5c:62:8b:66:67:d2,0,25,0,0"
1791506347.461,"B,20675,10,cc:b8:5e:ad:5c:4a,56078,46,2806,25,-46,S,5c:62:8b:66:67:d2,1,1,1,43"
1791506347.461,"B,20675,10,b2:db:ca:e6:29:a6,56,2,0,0,-43,S,5c:62:8b:66:67:d2,2,0,0,0"
1791506347.461,"B,20775,10,5c:62:8b:66:67:d2,3972,36,129026,103,-45,A,5c:62:8b:66:67:d2,0,36,0,0"
1791506347.461,"B,20775,10,cc:b8:5e:ad:5c:4a,128998,102,3972,36,-46,S,5c:62:8b:66:67:d2,1,0,2,99"
1791506347.461,"B,20775,10,b2:db:ca:e6:29:a6,28,1,0,0,-45,S,5c:62:8b:66:67:d2,1,0,0,0"
1791506347.662,"B,20875,10,5c:62:8b:66:67:d2,440,4,13734,19,-45,A,5c:62:8b:66:67:d2,0,4,0,0"
1791506347.662,"B,20875,10,72:3b:01:24:b7:c8,112,4,0,0,-40,S,5c:62:8b:66:67:d2,4,0,0,0"
1791506347.662,"B,20875,10,cc:b8:5e:ad:5c:4a,13594,14,440,4,-45,S,5c:62:8b:66:67:d2,1,0,6,7"
1791506347.662,"B,20875,10,f2:51:4e:f8:1a:7f,150,5,0,0,-85,S,b0:a7:b9:23:82:ee,5,0,0,0"
1791506347.662,"B,20875,10,b0:a7:b9:23:82:ee,0,0,150,5,-89,A,b0:a7:b9:23:82:ee,0,0,0,0"
1791506347.662,"B,20875,10,b2:db:ca:e6:29:a6,28,1,0,0,-43,S,5c:62:8b:66:67:d2,1,0,0,0"
1791506347.662,"B,20875,10,80:af:ca:68:4c:f8,1086,2,0,0,-88,A,80:af:ca:68:4c:f8,0,2,0,0"
1791506347.662,"B,20975,10,5c:62:8b:66:67:d2,440,4,22536,27,-45,A,5c:62:8b:66:67:d2,0,4,0,0"
1791506347.662,"B,20975,10,72:3b:01:24:b7:c8,112,4,0,0,-40,S,5c:62:8b:66:67:d2,4,0,0,0"
1791506347.662,"B,20975,10,cc:b8:5e:ad:5c:4a,22396,22,440,4,-45,S,5c:62:8b:66:67:d2,2,5,0,15"
1791506347.662,"B,20975,10,b2:db:ca:e6:29:a6,28,1,0,0,-44,S,5c:62:8b:66:67:d2,1,0,0,0"
1791506347.862,"B,21075,10,5c:62:8b:66:67:d2,660,6,29590,27,-45,A,5c:62:8b:66:67:d2,0,6,0,0"
1791506347.862,"B,21075,10,cc:b8:5e:ad:5c:4a,29590,27,660,6,-46,S,5c:62:8b:66:67:d2,0,5,0,22"
1791506347.862,"B,21175,10,5c:62:8b:66:67:d2,330,3,12564,15,-46,A,5c:62:8b:66:67:d2,0,3,0,0"
1791506347.862,"B,21175,10,72:3b:01:24:b7:c8,112,4,0,0,-41,S,5c:62:8b:66:67:d2,4,0,0,0"
1791506347.862,"B,21175,10,cc:b8:5e:ad:5c:4a,12452,11,330,3,-47,S,5c:62:8b:66:67:d2,1,0,1,9"
1791506347.862,"B,21175,10,80:af:ca:68:4c:f8,2167,4,0,0,-85,A,80:af:ca:68:4c:f8,0,4,0,0"
1791506348.067,"B,21275,10,5c:62:8b:66:67:d2,550,5,36902,39,-45,A,5c:62:8b:66:67:d2,0,5,0,0"
1791506348.067,"B,21275,10,72:3b:01:24:b7:c8,140,5,0,0,-41,S,5c:62:8b:66:67:d2,5,0,0,0"
1791506348.067,"B,21275,10,cc:b8:5e:ad:5c:4a,36762,34,550,5,-45,S,5c:62:8b:66:67:d2,1,6,0,27"
1791506348.067,"B,21375,10,5c:62:8b:66:67:d2,220,2,7696,11,-46,A,5c:62:8b:66:67:d2,0,2,0,0"
1791506348.067,"B,21375,10,72:3b:01:24:b7:c8,112,4,0,0,-41,S,5c:62:8b:66:67:d2,4,0,0,0"
1791506348.067,"B,21375,10,cc:b8:5e:ad:5c:4a,7584,7,220,2,-47,S,5c:62:8b:66:67:d2,1,0,1,5"
1791506348.272,"B,21475,10,5c:62:8b:66:67:d2,660,6,11334,9,-45,A,5c:62:8b:66:67:d2,0,6,0,0"
1791506348.272,"B,21475,10,cc:b8:5e:ad:5c:4a,11334,9,660,6,-47,S,5c:62:8b:66:67:d2,0,0,1,8"
1791506348.272,"B,21575,10,5c:62:8b:66:67:d2,770,7,11960,14,-45,A,5c:62:8b:66:67:d2,0,7,0,0"
1791506348.272,"B,21575,10,72:3b:01:24:b7:c8,84,3,0,0,-41,S,5c:62:8b:66:67:d2,3,0,0,0"
1791506348.272,"B,21575,10,cc:b8:5e:ad:5c:4a,11876,11,770,7,-46,S,5c:62:8b:66:67:d2,1,1,0,9"
1791506348.474,"B,21675,10,5c:62:8b:66:67:d2,330,3,15962,18,-46,A,5c:62:8b:66:67:d2,0,3,0,0"
1791506348.474,"B,21675,10,72:3b:01:24:b7:c8,112,4,0,0,-40,S,5c:62:8b:66:67:d2,4,0,0,0"
1791506348.474,"B,21675,10,cc:b8:5e:ad:5c:4a,15850,14,330,3,-46,S,5c:62:8b:66:67:d2,1,1,1,11"
1791506348.474,"B,21775,10,5c:62:8b:66:67:d2,1100,10,38626,33,-45,A,5c:62:8b:66:67:d2,0,10,0,0"
1791506348.474,"B,21775,10,72:3b:01:24:b7:c8,28,1,0,0,-36,S,5c:62:8b:66:67:d2,1,0,0,0"
1791506348.474,"B,21775,10,cc:b8:5e:ad:5c:4a,38598,32,1100,10,-46,S,5c:62:8b:66:67:d2,1,1,0,30"
1791506348.679,"B,21875,10,5c:62:8b:66:67:d2,406,3,3972,12,-45,A,5c:62:8b:66:67:d2,0,3,0,0"
1791506348.679,"B,21875,10,72:3b:01:24:b7:c8,112,4,0,0,-38,S,5c:62:8b:66:67:d2,4,0,0,0"
1791506348.679,"B,21875,10,cc:b8:5e:ad:5c:4a,3776,5,406,3,-46,S,5c:62:8b:66:67:d2,1,1,1,2"
1791506348.679,"B,21875,10,b2:db:ca:e6:29:a6,84,3,0,0,-43,S,5c:62:8b:66:67:d2,3,0,0,0"
1791506348.679,"B,21975,10,5c:62:8b:66:67:d2,330,3,15388,19,-45,A,5c:62:8b:66:67:d2,0,3,0,0"
1791506348.679,"B,21975,10,72:3b:01:24:b7:c8,112,4,0,0,-40,S,5c:62:8b:66:67:d2,4,0,0,0"
1791506348.679,"B,21975,10,cc:b8:5e:ad:5c:4a,15220,13,330,3,-46,S,5c:62:8b:66:67:d2,1,0,2,10"
1791506348.679,"B,21975,10,b2:db:ca:e6:29:a6,56,2,0,0,-43,S,5c:62:8b:66:67:d2,2,0,0,0"
1791506348.882,"B,22075,10,5c:62:8b:66:67:d2,770,7,11760,13,-45,A,5c:62:8b:66:67:d2,0,7,0,0"
1791506348.882,"B,22075,10,72:3b:01:24:b7:c8,28,1,0,0,-40,S,5c:62:8b:66:67:d2,1,0,0,0"
1791506348.882,"B,22075,10,cc:b8:5e:ad:5c:4a,11676,10,770,7,-47,S,5c:62:8b:66:67:d2,0,1,1,8"
1791506348.882,"B,22075,10,b2:db:ca:e6:29:a6,56,2,0,0,-43,S,5c:62:8b:66:67:d2,2,0,0,0"
1791506348.882,"B,22175,10,5c:62:8b:66:67:d2,0,0,6218,8,-49,A,5c:62:8b:66:67:d2,0,0,0,0"
1791506348.882,"B,22175,10,cc:b8:5e:ad:5c:4a,6162,6,0,0,-47,S,5c:62:8b:66:67:d2,1,0,1,4"
1791506348.882,"B,22175,10,b2:db:ca:e6:29:a6,56,2,0,0,-43,S,5c:62:8b:66:67:d2,2,0,0,0"
1791506349.087,"B,22275,10,5c:62:8b:66:67:d2,990,9,18074,18,-45,A,5c:62:8b:66:67:d2,0,9,0,0"
1791506349.087,"B,22275,10,72:3b:01:24:b7:c8,28,1,0,0,-43,S,5c:62:8b:66:67:d2,1,0,0,0"
1791506349.087,"B,22275,10,cc:b8:5e:ad:5c:4a,18018,16,990,9,-47,S,5c:62:8b:66:67:d2,1,1,1,13"
1791506349.087,"B,22275,10,b2:db:ca:e6:29:a6,28,1,0,0,-44,S,5c:62:8b:66:67:d2,1,0,0,0"
1791506349.087,"B,22375,10,5c:62:8b:66:67:d2,660,6,13372,14,-45,A,5c:62:8b:66:67:d2,0,6,0,0"
1791506349.087,"B,22375,10,cc:b8:5e:ad:5c:4a,13344,13,660,6,-47,S,5c:62:8b:66:67:d2,1,2,0,10"
1791506349.087,"B,22375,10,b2:db:ca:e6:29:a6,28,1,0,0,-44,S,5c:62:8b:66:67:d2,1,0,0,0"
1791506349.291,"B,22475,10,5c:62:8b:66:67:d2,220,2,4180,10,-46,A,5c:62:8b:66:67:d2,0,2,0,0"
1791506349.291,"B,22475,10,72:3b:01:24:b7:c8,112,4,0,0,-41,S,5c:62:8b:66:67:d2,4,0,0,0"
1791506349.291,"B,22475,10,cc:b8:5e:ad:5c:4a,4012,4,220,2,-47,S,5c:62:8b:66:67:d2,0,1,0,3"
1791506349.291,"B,22475,10,b2:db:ca:e6:29:a6,56,2,0,0,-44,S,5c:62:8b:66:67:d2,2,0,0,0"
1791506349.291,"B,22575,10,5c:62:8b:66:67:d2,440,4,12998,13,-45,A,5c:62:8b:66:67:d2,0,4,0,0"
1791506349.291,"B,22575,10,cc:b8:5e:ad:5c:4a,12970,12,440,4,-46,S,5c:62:8b:66:67:d2,1,1,0,10"
1791506349.291,"B,22575,10,b2:db:ca:e6:29:a6,28,1,0,0,-45,S,5c:62:8b:66:67:d2,1,0,0,0"
1791506349.494,"B,22675,10,5c:62:8b:66:67:d2,660,6,9956,11,-45,A,5c:62:8b:66:67:d2,0,6,0,0"
1791506349.494,"B,22675,10,cc:b8:5e:ad:5c:4a,9900,9,660,6,-46,S,5c:62:8b:66:67:d2,1,0,1,7"
1791506349.494,"B,22675,10,b2:db:ca:e6:29:a6,56,2,0,0,-43,S,5c:62:8b:66:67:d2,2,0,0,0"
1791506349.494,"B,22775,10,5c:62:8b:66:67:d2,220,2,11166,17,-46,A,5c:62:8b:66:67:d2,0,2,0,0"
1791506349.494,"B,22775,10,72:3b:01:24:b7:c8,168,6,0,0,-41,S,5c:62:8b:66:67:d2,6,0,0,0"
1791506349.494,"B,22775,10,cc:b8:5e:ad:5c:4a,10970,10,220,2,-46,S,5c:62:8b:66:67:d2,1,1,0,8"
1791506349.494,"B,22775,10,b2:db:ca:e6:29:a6,28,1,0,0,-43,S,5c:62:8b:66:67:d2,1,0,0,0"
1791506349.699,"B,22875,10,5c:62:8b:66:67:d2,0,0,2620,4,-48,A,5c:62:8b:66:67:d2,0,0,0,0"
1791506349.699,"B,22875,10,72:3b:01:24:b7:c8,28,1,0,0,-43,S,5c:62:8b:66:67:d2,1,0,0,0"
1791506349.699,"B,22875,10,cc:b8:5e:ad:5c:4a,2564,2,0,0,-47,S,5c:62:8b:66:67:d2,0,0,0,2"
1791506349.699,"B,22875,10,b2:db:ca:e6:29:a6,28,1,0,0,-43,S,5c:62:8b:66:67:d2,1,0,0,0"
1791506349.699,"B,22975,10,5c:62:8b:66:67:d2,1430,13,26968,27,-45,A,5c:62:8b:66:67:d2,0,13,0,0"
1791506349.699,"B,22975,10,72:3b:01:24:b7:c8,56,2,0,0,-42,S,5c:62:8b:66:67:d2,2,0,0,0"
1791506349.699,"B,22975,10,cc:b8:5e:ad:5c:4a,26856,23,1430,13,-46,S,5c:62:8b:66:67:d2,1,1,1,20"
1791506349.699,"B,22975,10,b2:db:ca:e6:29:a6,56,2,0,0,-43,S,5c:62:8b:66:67:d2,2,0,0,0"
1791506349.900,"B,23075,10,5c:62:8b:66:67:d2,330,3,4540,11,-45,A,5c:62:8b:66:67:d2,0,3,0,0"
1791506349.900,"B,23075,10,72:3b:01:24:b7:c8,112,4,0,0,-41,S,5c:62:8b:66:67:d2,4,0,0,0"
1791506349.900,"B,23075,10,cc:b8:5e:ad:5c:4a,4372,5,330,3,-46,S,5c:62:8b:66:67:d2,1,1,0,3"
1791506349.900,"B,23075,10,b2:db:ca:e6:29:a6,56,2,0,0,-43,S,5c:62:8b:66:67:d2,2,0,0,0"
1791506349.900,"B,23175,10,5c:62:8b:66:67:d2,0,0,6522,9,-47,A,5c:62:8b:66:67:d2,0,0,0,0"
1791506349.900,"B,23175,10,72:3b:01:24:b7:c8,56,2,0,0,-38,S,5c:62:8b:66:67:d2,2,0,0,0"
1791506349.900,"B,23175,10,cc:b8:5e:ad:5c:4a,6410,5,0,0,-47,S,5c:62:8b:66:67:d2,0,0,0,5"
1791506349.900,"B,23175,10,f2:51:4e:f8:1a:7f,30,1,0,0,-87,S,b0:a7:b9:23:82:ee,1,0,0,0"
1791506349.900,"B,23175,10,b0:a7:b9:23:82:ee,0,0,30,1,-90,A,b0:a7:b9:23:82:ee,0,0,0,0"
1791506349.900,"B,23175,10,b2:db:ca:e6:29:a6,56,2,0,0,-43,S,5c:62:8b:66:67:d2,2,0,0,0"
1791506350.102,"B,23275,10,5c:62:8b:66:67:d2,220,2,84,3,-46,A,5c:62:8b:66:67:d2,0,2,0,0"
1791506350.102,"B,23275,10,cc:b8:5e:ad:5c:4a,28,1,220,2,-47,S,5c:62:8b:66:67:d2,1,0,0,0"
1791506350.102,"B,23275,10,b2:db:ca:e6:29:a6,56,2,0,0,-43,S,5c:62:8b:66:67:d2,2,0,0,0"
1791506350.102,"B,23375,10,5c:62:8b:66:67:d2,1430,13,30868,31,-45,A,5c:62:8b:66:67:d2,0,13,0,0"
1791506350.102,"B,23375,10,72:3b:01:24:b7:c8,112,4,0,0,-39,S,5c:62:8b:66:67:d2,4,0,0,0"
1791506350.102,"B,23375,10,cc:b8:5e:ad:5c:4a,30728,26,1430,13,-47,S,5c:62:8b:66:67:d2,0,1,5,20"
1791506350.102,"B,23375,10,b2:db:ca:e6:29:a6,28,1,0,0,-43,S,5c:62:8b:66:67:d2,1,0,0,0"
1791506350.303,"B,23475,10,5c:62:8b:66:67:d2,770,7,12958,14,-45,A,5c:62:8b:66:67:d2,0,7,0,0"
1791506350.303,"B,23475,10,cc:b8:5e:ad:5c:4a,12902,12,770,7,-47,S,5c:62:8b:66:67:d2,1,1,1,9"
1791506350.303,"B,23475,10,b2:db:ca:e6:29:a6,56,2,0,0,-44,S,5c:62:8b:66:67:d2,2,0,0,0"
1791506350.303,"B,23575,10,5c:62:8b:66:67:d2,550,5,12000,17,-45,A,5c:62:8b:66:67:d2,0,5,0,0"
1791506350.303,"B,23575,10,72:3b:01:24:b7:c8,112,4,0,0,-40,S,5c:62:8b:66:67:d2,4,0,0,0"
1791506350.303,"B,23575,10,cc:b8:5e:ad:5c:4a,11832,11,550,5,-47,S,5c:62:8b:66:67:d2,1,1,0,9"
1791506350.303,"B,23575,10,f2:51:4e:f8:1a:7f,30,1,0,0,-86,S,b0:a7:b9:23:82:ee,1,0,0,0"
1791506350.303,"B,23575,10,b0:a7:b9:23:82:ee,0,0,30,1,-91,A,b0:a7:b9:23:82:ee,0,0,0,0"
1791506350.303,"B,23575,10,b2:db:ca:e6:29:a6,56,2,0,0,-43,S,5c:62:8b:66:67:d2,2,0,0,0"
1791506350.508,"B,23675,10,5c:62:8b:66:67:d2,880,8,45734,43,-45,A,5c:62:8b:66:67:d2,0,8,0,0"
1791506350.508,"B,23675,10,72:3b:01:24:b7:c8,112,4,0,0,-40,S,5c:62:8b:66:67:d2,4,0,0,0"
1791506350.508,"B,23675,10,cc:b8:5e:ad:5c:4a,45594,38,880,8,-46,S,5c:62:8b:66:67:d2,1,2,0,35"
1791506350.508,"B,23675,10,b2:db:ca:e6:29:a6,28,1,0,0,-43,S,5c:62:8b:66:67:d2,1,0,0,0"
1791506350.508,"B,23775,10,5c:62:8b:66:67:d2,4620,42,98330,82,-45,A,5c:62:8b:66:67:d2,0,42,0,0"
1791506350.508,"B,23775,10,72:3b:01:24:b7:c8,28,1,0,0,-40,S,5c:62:8b:66:67:d2,1,0,0,0"
1791506350.508,"B,23775,10,cc:b8:5e:ad:5c:4a,98218,78,4620,42,-46,S,5c:62:8b:66:67:d2,1,0,2,75"
1791506350.508,"B,23775,10,b2:db:ca:e6:29:a6,84,3,0,0,-44,S,5c:62:8b:66:67:d2,3,0,0,0"
1791506350.710,"B,23875,10,5c:62:8b:66:67:d2,440,4,21386,23,-45,A,5c:62:8b:66:67:d2,0,4,0,0"
1791506350.710,"B,23875,10,72:3b:01:24:b7:c8,112,4,0,0,-37,S,5c:62:8b:66:67:d2,4,0,0,0"
1791506350.710,"B,23875,10,cc:b8:5e:ad:5c:4a,21218,17,440,4,-45,S,5c:62:8b:66:67:d2,0,0,1,16"
1791506350.710,"B,23875,10,b2:db:ca:e6:29:a6,56,2,0,0,-42,S,5c:62:8b:66:67:d2,2,0,0,0"
1791506350.710,"B,23975,10,5c:62:8b:66:67:d2,0,0,6630,15,-47,A,5c:62:8b:66:67:d2,0,0,0,0"
1791506350.710,"B,23975,10,72:3b:01:24:b7:c8,224,8,0,0,-40,S,5c:62:8b:66:67:d2,8,0,0,0"
1791506350.710,"B,23975,10,cc:b8:5e:ad:5c:4a,6378,6,0,0,-46,S,5c:62:8b:66:67:d2,1,0,0,5"
1791506350.710,"B,23975,10,b2:db:ca:e6:29:a6,28,1,0,0,-44,S,5c:62:8b:66:67:d2,1,0,0,0"
1791506350.915,"B,24075,10,5c:62:8b:66:67:d2,880,8,12678,16,-45,A,5c:62:8b:66:67:d2,0,8,0,0"
1791506350.915,"B,24075,10,72:3b:01:24:b7:c8,112,4,0,0,-41,S,5c:62:8b:66:67:d2,4,0,0,0"
1791506350.915,"B,24075,10,cc:b8:5e:ad:5c:4a,12566,12,880,8,-46,S,5c:62:8b:66:67:d2,1,2,0,9"
1791506350.915,"B,24175,10,5c:62:8b:66:67:d2,220,2,11626,19,-46,A,5c:62:8b:66:67:d2,0,2,0,0"
1791506350.915,"B,24175,10,72:3b:01:24:b7:c8,252,9,0,0,-40,S,5c:62:8b:66:67:d2,9,0,0,0"
1791506350.915,"B,24175,10,cc:b8:5e:ad:5c:4a,11374,10,220,2,-46,S,5c:62:8b:66:67:d2,1,0,1,8"
1791506351.117,"B,24275,10,5c:62:8b:66:67:d2,550,5,5614,9,-45,A,5c:62:8b:66:67:d2,0,5,0,0"
1791506351.117,"B,24275,10,72:3b:01:24:b7:c8,112,4,0,0,-41,S,5c:62:8b:66:67:d2,4,0,0,0"
1791506351.117,"B,24275,10,cc:b8:5e:ad:5c:4a,5502,5,550,5,-47,S,5c:62:8b:66:67:d2,0,1,1,3"
1791506351.117,"B,24375,10,5c:62:8b:66:67:d2,220,2,7708,7,-45,A,5c:62:8b:66:67:d2,0,2,0,0"
1791506351.117,"B,24375,10,cc:b8:5e:ad:5c:4a,7708,7,220,2,-47,S,5c:62:8b:66:67:d2,1,0,0,6"
1791506351.318,"B,24475,10,5c:62:8b:66:67:d2,632,6,23182,23,-45,A,5c:62:8b:66:67:d2,1,5,0,0"
1791506351.318,"B,24475,10,cc:b8:5e:ad:5c:4a,23072,21,550,5,-45,S,5c:62:8b:66:67:d2,1,0,5,15"
1791506351.318,"B,24475,10,46:88:44:6e:4f:e4,110,2,82,1,-34,S,5c:62:8b:66:67:d2,2,0,0,0"
1791506351.318,"B,24575,10,5c:62:8b:66:67:d2,330,3,30024,32,-45,A,5c:62:8b:66:67:d2,0,3,0,0"
1791506351.318,"B,24575,10,72:3b:01:24:b7:c8,168,6,0,0,-39,S,5c:62:8b:66:67:d2,6,0,0,0"
1791506351.318,"B,24575,10,cc:b8:5e:ad:5c:4a,29856,26,330,3,-46,S,5c:62:8b:66:67:d2,2,1,0,23"
1791506351.519,"B,24675,10,5c:62:8b:66:67:d2,550,5,10924,12,-45,A,5c:62:8b:66:67:d2,0,5,0,0"
1791506351.519,"B,24675,10,72:3b:01:24:b7:c8,56,2,0,0,-40,S,5c:62:8b:66:67:d2,2,0,0,0"
1791506351.519,"B,24675,10,cc:b8:5e:ad:5c:4a,10868,10,550,5,-47,S,5c:62:8b:66:67:d2,0,2,0,8"
1791506351.519,"B,24775,10,5c:62:8b:66:67:d2,516,4,36774,30,-45,A,5c:62:8b:66:67:d2,0,4,0,0"
1791506351.519,"B,24775,10,cc:b8:5e:ad:5c:4a,36774,30,516,4,-44,S,5c:62:8b:66:67:d2,1,0,0,29"
1791506351.519,"B,24775,10,f2:51:4e:f8:1a:7f,90,3,0,0,-85,S,b0:a7:b9:23:82:ee,3,0,0,0"
1791506351.519,"B,24775,10,b0:a7:b9:23:82:ee,0,0,90,3,-89,A,b0:a7:b9:23:82:ee,0,0,0,0"
1791506351.519,"B,24875,10,5c:62:8b:66:67:d2,770,7,16578,18,-45,A,5c:62:8b:66:67:d2,0,7,0,0"
1791506351.719,"B,24875,10,72:3b:01:24:b7:c8,84,3,0,0,-42,S,5c:62:8b:66:67:d2,3,0,0,0"
1791506351.719,"B,24875,10,cc:b8:5e:ad:5c:4a,16466,14,770,7,-46,S,5c:62:8b:66:67:d2,1,0,2,11"
1791506351.719,"B,24875,10,b2:db:ca:e6:29:a6,28,1,0,0,-43,S,5c:62:8b:66:67:d2,1,0,0,0"
1791506351.719,"B,24975,10,5c:62:8b:66:67:d2,660,6,21948,23,-45,A,5c:62:8b:66:67:d2,0,6,0,0"
1791506351.719,"B,24975,10,72:3b:01:24:b7:c8,112,4,0,0,-39,S,5c:62:8b:66:67:d2,4,0,0,0"
1791506351.719,"B,24975,10,cc:b8:5e:ad:5c:4a,21836,19,660,6,-46,S,5c:62:8b:66:67:d2,1,1,2,15"
1791506351.719,"B,25075,10,5c:62:8b:66:67:d2,330,3,6362,8,-45,A,5c:62:8b:66:67:d2,0,3,0,0"
1791506351.923,"B,25075,10,cc:b8:5e:ad:5c:4a,6306,6,330,3,-46,S,5c:62:8b:66:67:d2,1,0,1,4"
1791506351.923,"B,25075,10,b2:db:ca:e6:29:a6,56,2,0,0,-43,S,5c:62:8b:66:67:d2,2,0,0,0"
1791506351.923,"I,25083,stat,rx=9344,drops=0,ch=10,bin=100,hop=0,heap=202024"
1791506351.923,"B,25175,10,5c:62:8b:66:67:d2,440,4,11026,16,-45,A,5c:62:8b:66:67:d2,0,4,0,0"
1791506351.923,"B,25175,10,72:3b:01:24:b7:c8,112,4,0,0,-39,S,5c:62:8b:66:67:d2,4,0,0,0"
1791506351.923,"B,25175,10,cc:b8:5e:ad:5c:4a,10858,10,440,4,-46,S,5c:62:8b:66:67:d2,1,1,0,8"
1791506351.923,"B,25175,10,b2:db:ca:e6:29:a6,56,2,0,0,-43,S,5c:62:8b:66:67:d2,2,0,0,0"
1791506352.123,"B,25275,10,5c:62:8b:66:67:d2,852,8,19726,23,-45,A,5c:62:8b:66:67:d2,1,7,0,0"
1791506352.123,"B,25275,10,cc:b8:5e:ad:5c:4a,19670,21,852,8,-46,S,5c:62:8b:66:67:d2,5,1,5,10"
1791506352.123,"B,25275,10,b2:db:ca:e6:29:a6,56,2,0,0,-43,S,5c:62:8b:66:67:d2,2,0,0,0"
1791506352.123,"B,25375,10,5c:62:8b:66:67:d2,330,3,9636,11,-45,A,5c:62:8b:66:67:d2,0,3,0,0"
1791506352.123,"B,25375,10,cc:b8:5e:ad:5c:4a,9580,9,330,3,-46,S,5c:62:8b:66:67:d2,1,1,0,7"
1791506352.123,"B,25375,10,b2:db:ca:e6:29:a6,56,2,0,0,-43,S,5c:62:8b:66:67:d2,2,0,0,0"
1791506352.123,"B,25475,10,5c:62:8b:66:67:d2,440,4,12024,21,-45,A,5c:62:8b:66:67:d2,0,4,0,0"
1791506352.123,"B,25475,10,72:3b:01:24:b7:c8,140,5,0,0,-41,S,5c:62:8b:66:67:d2,5,0,0,0"
1791506352.123,"B,25475,10,cc:b8:5e:ad:5c:4a,11856,15,440,4,-46,S,5c:62:8b:66:67:d2,5,1,0,9"
1791506352.123,"B,25475,10,b2:db:ca:e6:29:a6,28,1,0,0,-45,S,5c:62:8b:66:67:d2,1,0,0,0"
1791506352.324,"B,25575,10,5c:62:8b:66:67:d2,880,8,17394,24,-45,A,5c:62:8b:66:67:d2,0,8,0,0"
1791506352.324,"B,25575,10,72:3b:01:24:b7:c8,140,5,0,0,-41,S,5c:62:8b:66:67:d2,5,0,0,0"
1791506352.324,"B,25575,10,cc:b8:5e:ad:5c:4a,17170,16,880,8,-47,S,5c:62:8b:66:67:d2,1,2,1,12"
1791506352.324,"B,25575,10,b2:db:ca:e6:29:a6,84,3,0,0,-44,S,5c:62:8b:66:67:d2,3,0,0,0"
1791506352.324,"B,25675,10,5c:62:8b:66:67:d2,220,2,13746,15,-46,A,5c:62:8b:66:67:d2,0,2,0,0"
1791506352.324,"B,25675,10,cc:b8:5e:ad:5c:4a,13690,13,220,2,-46,S,5c:62:8b:66:67:d2,0,4,0,9"
1791506352.324,"B,25675,10,b2:db:ca:e6:29:a6,56,2,0,0,-43,S,5c:62:8b:66:67:d2,2,0,0,0"
1791506352.525,"B,25775,10,5c:62:8b:66:67:d2,0,0,6522,9,-48,A,5c:62:8b:66:67:d2,0,0,0,0"
1791506352.525,"B,25775,10,72:3b:01:24:b7:c8,28,1,0,0,-36,S,5c:62:8b:66:67:d2,1,0,0,0"
1791506352.525,"B,25775,10,cc:b8:5e:ad:5c:4a,6438,6,0,0,-45,S,5c:62:8b:66:67:d2,1,0,0,5"
1791506352.525,"B,25775,10,b2:db:ca:e6:29:a6,56,2,0,0,-41,S,5c:62:8b:66:67:d2,2,0,0,0"
1791506352.525,"B,25775,10,cc:d8:43:ca:9f:eb,0,0,60,2,-76,A,cc:d8:43:ca:9f:eb,0,0,0,0"
1791506352.525,"B,25775,10,98:5f:41:bf:7c:ff,60,2,0,0,-71,S,cc:d8:43:ca:9f:eb,2,0,0,0"
1791506352.525,"B,25875,10,5c:62:8b:66:67:d2,880,8,22554,23,-45,A,5c:62:8b:66:67:d2,0,8,0,0"
1791506352.525,"B,25875,10,72:3b:01:24:b7:c8,28,1,0,0,-36,S,5c:62:8b:66:67:d2,1,0,0,0"
1791506352.525,"B,25875,10,cc:b8:5e:ad:5c:4a,22470,20,880,8,-46,S,5c:62:8b:66:67:d2,1,1,3,15"
1791506352.525,"B,25875,10,b2:db:ca:e6:29:a6,56,2,0,0,-43,S,5c:62:8b:66:67:d2,2,0,0,0"
1791506352.725,"B,25975,10,5c:62:8b:66:67:d2,330,3,19226,16,-45,A,5c:62:8b:66:67:d2,0,3,0,0"
1791506352.725,"B,25975,10,cc:b8:5e:ad:5c:4a,19226,16,330,3,-45,S,5c:62:8b:66:67:d2,1,0,0,15"
1791506352.725,"B,26075,10,5c:62:8b:66:67:d2,660,6,10658,21,-45,A,5c:62:8b:66:67:d2,0,6,0,0"
1791506352.725,"B,26075,10,72:3b:01:24:b7:c8,308,11,0,0,-39,S,5c:62:8b:66:67:d2,11,0,0,0"
1791506352.725,"B,26075,10,cc:b8:5e:ad:5c:4a,10322,9,660,6,-47,S,5c:62:8b:66:67:d2,0,1,1,7"
1791506352.725,"B,26075,10,f2:51:4e:f8:1a:7f,30,1,0,0,-84,S,b0:a7:b9:23:82:ee,1,0,0,0"
1791506352.926,"B,26075,10,b0:a7:b9:23:82:ee,0,0,30,1,-90,A,b0:a7:b9:23:82:ee,0,0,0,0"
1791506352.926,"B,26075,10,b2:db:ca:e6:29:a6,28,1,0,0,-44,S,5c:62:8b:66:67:d2,1,0,0,0"
1791506352.926,"B,26175,10,5c:62:8b:66:67:d2,330,3,22830,23,-45,A,5c:62:8b:66:67:d2,0,3,0,0"
1791506352.926,"B,26175,10,72:3b:01:24:b7:c8,84,3,0,0,-42,S,5c:62:8b:66:67:d2,3,0,0,0"
1791506352.926,"B,26175,10,cc:b8:5e:ad:5c:4a,22746,20,330,3,-46,S,5c:62:8b:66:67:d2,1,2,0,17"
1791506352.926,"B,26275,10,5c:62:8b:66:67:d2,770,7,20376,21,-45,A,5c:62:8b:66:67:d2,0,7,0,0"
1791506352.926,"B,26275,10,cc:b8:5e:ad:5c:4a,20376,21,770,7,-46,S,5c:62:8b:66:67:d2,1,4,4,12"
1791506353.128,"B,26375,10,5c:62:8b:66:67:d2,440,4,11488,19,-45,A,5c:62:8b:66:67:d2,0,4,0,0"
1791506353.128,"B,26375,10,72:3b:01:24:b7:c8,224,8,0,0,-39,S,5c:62:8b:66:67:d2,8,0,0,0"
1791506353.128,"B,26375,10,cc:b8:5e:ad:5c:4a,11264,11,440,4,-47,S,5c:62:8b:66:67:d2,1,2,0,8"
1791506353.128,"B,26375,10,f2:51:4e:f8:1a:7f,30,1,0,0,-87,S,b0:a7:b9:23:82:ee,1,0,0,0"
1791506353.128,"B,26375,10,b0:a7:b9:23:82:ee,0,0,30,1,-90,A,b0:a7:b9:23:82:ee,0,0,0,0"
1791506353.128,"B,26475,10,5c:62:8b:66:67:d2,770,7,14500,12,-45,A,5c:62:8b:66:67:d2,0,7,0,0"
1791506353.128,"B,26475,10,cc:b8:5e:ad:5c:4a,14500,12,770,7,-47,S,5c:62:8b:66:67:d2,0,1,1,10"
1791506353.329,"B,26575,10,5c:62:8b:66:67:d2,440,4,19772,17,-45,A,5c:62:8b:66:67:d2,0,4,0,0"
1791506353.329,"B,26575,10,cc:b8:5e:ad:5c:4a,19772,17,440,4,-47,S,5c:62:8b:66:67:d2,1,1,0,15"
1791506353.329,"B,26675,10,5c:62:8b:66:67:d2,1320,12,30970,33,-45,A,5c:62:8b:66:67:d2,0,12,0,0"
1791506353.329,"B,26675,10,72:3b:01:24:b7:c8,196,7,0,0,-38,S,5c:62:8b:66:67:d2,7,0,0,0"
1791506353.329,"B,26675,10,cc:b8:5e:ad:5c:4a,30774,26,1320,12,-47,S,5c:62:8b:66:67:d2,1,1,1,23"
1791506353.531,"B,26775,10,5c:62:8b:66:67:d2,2750,25,62930,53,-45,A,5c:62:8b:66:67:d2,0,25,0,0"
1791506353.531,"B,26775,10,72:3b:01:24:b7:c8,84,3,0,0,-38,S,5c:62:8b:66:67:d2,3,0,0,0"
1791506353.531,"B,26775,10,cc:b8:5e:ad:5c:4a,62846,50,2750,25,-46,S,5c:62:8b:66:67:d2,1,0,0,49"
1791506353.531,"B,26875,10,5c:62:8b:66:67:d2,1980,18,57976,54,-45,A,5c:62:8b:66:67:d2,0,18,0,0"
1791506353.531,"B,26875,10,72:3b:01:24:b7:c8,112,4,0,0,-40,S,5c:62:8b:66:67:d2,4,0,0,0"
1791506353.531,"B,26875,10,cc:b8:5e:ad:5c:4a,57808,48,1980,18,-46,S,5c:62:8b:66:67:d2,0,4,2,42"
1791506353.531,"B,26875,10,b2:db:ca:e6:29:a6,56,2,0,0,-44,S,5c:62:8b:66:67:d2,2,0,0,0"
1791506353.732,"B,26975,10,5c:62:8b:66:67:d2,220,2,13072,19,-46,A,5c:62:8b:66:67:d2,0,2,0,0"
1791506353.732,"B,26975,10,72:3b:01:24:b7:c8,196,7,0,0,-40,S,5c:62:8b:66:67:d2,7,0,0,0"
1791506353.732,"B,26975,10,cc:b8:5e:ad:5c:4a,12848,11,220,2,-46,S,5c:62:8b:66:67:d2,1,0,0,10"
1791506353.732,"B,26975,10,b2:db:ca:e6:29:a6,28,1,0,0,-44,S,5c:62:8b:66:67:d2,1,0,0,0"
1791506353.732,"B,27075,10,5c:62:8b:66:67:d2,880,8,10620,12,-45,A,5c:62:8b:66:67:d2,0,8,0,0"
1791506353.732,"B,27075,10,cc:b8:5e:ad:5c:4a,10592,11,880,8,-46,S,5c:62:8b:66:67:d2,1,2,1,7"
1791506353.732,"B,27075,10,b2:db:ca:e6:29:a6,28,1,0,0,-44,S,5c:62:8b:66:67:d2,1,0,0,0"
1791506353.935,"B,27175,10,5c:62:8b:66:67:d2,550,5,15958,18,-45,A,5c:62:8b:66:67:d2,0,5,0,0"
1791506353.935,"B,27175,10,72:3b:01:24:b7:c8,112,4,0,0,-41,S,5c:62:8b:66:67:d2,4,0,0,0"
1791506353.935,"B,27175,10,cc:b8:5e:ad:5c:4a,15846,14,550,5,-46,S,5c:62:8b:66:67:d2,1,1,0,12"
1791506353.935,"B,27275,10,5c:62:8b:66:67:d2,1112,10,8410,13,-45,A,5c:62:8b:66:67:d2,0,10,0,0"
1791506353.935,"B,27275,10,72:3b:01:24:b7:c8,112,4,0,0,-41,S,5c:62:8b:66:67:d2,4,0,0,0"
1791506353.935,"B,27275,10,cc:b8:5e:ad:5c:4a,8298,9,1112,10,-47,S,5c:62:8b:66:67:d2,0,3,0,6"
1791506354.138,"B,27375,10,5c:62:8b:66:67:d2,550,5,12688,11,-45,A,5c:62:8b:66:67:d2,0,5,0,0"
1791506354.138,"B,27375,10,cc:b8:5e:ad:5c:4a,12688,11,550,5,-45,S,5c:62:8b:66:67:d2,1,0,0,10"
1791506354.138,"B,27475,10,5c:62:8b:66:67:d2,0,0,4576,9,-48,A,5c:62:8b:66:67:d2,0,0,0,0"
1791506354.138,"B,27475,10,72:3b:01:24:b7:c8,112,4,0,0,-40,S,5c:62:8b:66:67:d2,4,0,0,0"
1791506354.138,"B,27475,10,cc:b8:5e:ad:5c:4a,4464,5,0,0,-47,S,5c:62:8b:66:67:d2,1,1,0,3"
1791506354.338,"B,27575,10,5c:62:8b:66:67:d2,660,6,5654,10,-44,A,5c:62:8b:66:67:d2,0,6,0,0"
1791506354.338,"B,27575,10,72:3b:01:24:b7:c8,112,4,0,0,-41,S,5c:62:8b:66:67:d2,4,0,0,0"
1791506354.338,"B,27575,10,cc:b8:5e:ad:5c:4a,5542,6,660,6,-47,S,5c:62:8b:66:67:d2,1,1,0,4"
1791506354.338,"B,27675,10,5c:62:8b:66:67:d2,736,6,15634,25,-45,A,5c:62:8b:66:67:d2,0,6,0,0"
1791506354.338,"B,27675,10,72:3b:01:24:b7:c8,140,5,0,0,-41,S,5c:62:8b:66:67:d2,5,0,0,0"
1791506354.338,"B,27675,10,cc:b8:5e:ad:5c:4a,15410,17,736,6,-46,S,5c:62:8b:66:67:d2,0,6,1,10"
1791506354.338,"B,27675,10,b2:db:ca:e6:29:a6,84,3,0,0,-45,S,5c:62:8b:66:67:d2,3,0,0,0"
1791506354.538,"B,27775,10,5c:62:8b:66:67:d2,330,3,10590,14,-46,A,5c:62:8b:66:67:d2,0,3,0,0"
1791506354.538,"B,27775,10,72:3b:01:24:b7:c8,112,4,0,0,-36,S,5c:62:8b:66:67:d2,4,0,0,0"
1791506354.538,"B,27775,10,cc:b8:5e:ad:5c:4a,10478,10,330,3,-47,S,5c:62:8b:66:67:d2,1,1,0,8"
1791506354.538,"B,27875,10,5c:62:8b:66:67:d2,550,5,20190,23,-45,A,5c:62:8b:66:67:d2,0,5,0,0"
1791506354.538,"B,27875,10,72:3b:01:24:b7:c8,56,2,0,0,-38,S,5c:62:8b:66:67:d2,2,0,0,0"
1791506354.538,"B,27875,10,cc:b8:5e:ad:5c:4a,20050,18,550,5,-45,S,5c:62:8b:66:67:d2,1,2,0,15"
1791506354.538,"B,27875,10,b2:db:ca:e6:29:a6,84,3,0,0,-44,S,5c:62:8b:66:67:d2,3,0,0,0"
1791506354.741,"B,27975,10,5c:62:8b:66:67:d2,220,2,30702,33,-46,A,5c:62:8b:66:67:d2,0,2,0,0"
1791506354.741,"B,27975,10,72:3b:01:24:b7:c8,112,4,0,0,-40,S,5c:62:8b:66:67:d2,4,0,0,0"
1791506354.741,"B,27975,10,cc:b8:5e:ad:5c:4a,30562,28,220,2,-45,S,5c:62:8b:66:67:d2,1,5,0,22"
1791506354.741,"B,27975,10,b2:db:ca:e6:29:a6,28,1,0,0,-44,S,5c:62:8b:66:67:d2,1,0,0,0"
1791506354.741,"B,28075,10,5c:62:8b:66:67:d2,0,0,22018,25,-49,A,5c:62:8b:66:67:d2,0,0,0,0"
1791506354.741,"B,28075,10,72:3b:01:24:b7:c8,168,6,0,0,-38,S,5c:62:8b:66:67:d2,6,0,0,0"
1791506354.741,"B,28075,10,cc:b8:5e:ad:5c:4a,21794,17,0,0,-45,S,5c:62:8b:66:67:d2,0,0,0,17"
1791506354.741,"B,28075,10,b2:db:ca:e6:29:a6,56,2,0,0,-45,S,5c:62:8b:66:67:d2,2,0,0,0"
1791506354.943,"B,28175,10,5c:62:8b:66:67:d2,330,3,13150,25,-46,A,5c:62:8b:66:67:d2,0,3,0,0"
1791506354.943,"B,28175,10,72:3b:01:24:b7:c8,280,10,0,0,-39,S,5c:62:8b:66:67:d2,10,0,0,0"
1791506354.943,"B,28175,10,cc:b8:5e:ad:5c:4a,12786,12,330,3,-46,S,5c:62:8b:66:67:d2,1,1,1,9"
1791506354.943,"B,28175,10,b2:db:ca:e6:29:a6,84,3,0,0,-45,S,5c:62:8b:66:67:d2,3,0,0,0"
1791506354.943,"B,28275,10,5c:62:8b:66:67:d2,0,0,28,1,-49,A,5c:62:8b:66:67:d2,0,0,0,0"
1791506354.943,"B,28275,10,b2:db:ca:e6:29:a6,28,1,0,0,-46,S,5c:62:8b:66:67:d2,1,0,0,0"
1791506355.145,"B,28375,10,5c:62:8b:66:67:d2,1760,16,21532,20,-45,A,5c:62:8b:66:67:d2,0,16,0,0"
1791506355.145,"B,28375,10,72:3b:01:24:b7:c8,28,1,0,0,-36,S,5c:62:8b:66:67:d2,1,0,0,0"
1791506355.145,"B,28375,10,cc:b8:5e:ad:5c:4a,21504,19,1760,16,-46,S,5c:62:8b:66:67:d2,1,1,1,16"
1791506355.145,"B,28475,10,5c:62:8b:66:67:d2,770,7,22382,24,-45,A,5c:62:8b:66:67:d2,0,7,0,0"
1791506355.145,"B,28475,10,72:3b:01:24:b7:c8,56,2,0,0,-40,S,5c:62:8b:66:67:d2,2,0,0,0"
1791506355.145,"B,28475,10,cc:b8:5e:ad:5c:4a,22326,22,770,7,-45,S,5c:62:8b:66:67:d2,1,5,0,16"
1791506355.346,"B,28575,10,5c:62:8b:66:67:d2,440,4,6522,9,-45,A,5c:62:8b:66:67:d2,0,4,0,0"
1791506355.346,"B,28575,10,72:3b:01:24:b7:c8,84,3,0,0,-38,S,5c:62:8b:66:67:d2,3,0,0,0"
1791506355.346,"B,28575,10,cc:b8:5e:ad:5c:4a,6438,6,440,4,-47,S,5c:62:8b:66:67:d2,1,0,0,5"
1791506355.346,"B,28675,10,5c:62:8b:66:67:d2,770,7,20862,17,-45,A,5c:62:8b:66:67:d2,0,7,0,0"
1791506355.346,"B,28675,10,cc:b8:5e:ad:5c:4a,20862,17,770,7,-47,S,5c:62:8b:66:67:d2,0,0,2,15"
1791506355.547,"B,28775,10,5c:62:8b:66:67:d2,550,5,15080,23,-45,A,5c:62:8b:66:67:d2,0,5,0,0"
1791506355.547,"B,28775,10,72:3b:01:24:b7:c8,140,5,0,0,-37,S,5c:62:8b:66:67:d2,5,0,0,0"
1791506355.547,"B,28775,10,cc:b8:5e:ad:5c:4a,14912,17,550,5,-46,S,5c:62:8b:66:67:d2,5,0,2,10"
1791506355.547,"B,28775,10,f2:51:4e:f8:1a:7f,60,2,0,0,-85,S,b0:a7:b9:23:82:ee,2,0,0,0"
1791506355.547,"B,28775,10,b0:a7:b9:23:82:ee,0,0,60,2,-88,A,b0:a7:b9:23:82:ee,0,0,0,0"
1791506355.547,"B,28775,10,b2:db:ca:e6:29:a6,28,1,0,0,-44,S,5c:62:8b:66:67:d2,1,0,0,0"
1791506355.547,"B,28875,10,5c:62:8b:66:67:d2,330,3,4544,7,-45,A,5c:62:8b:66:67:d2,0,3,0,0"
1791506355.547,"B,28875,10,cc:b8:5e:ad:5c:4a,4488,5,330,3,-47,S,5c:62:8b:66:67:d2,1,1,0,3"
1791506355.547,"B,28875,10,b2:db:ca:e6:29:a6,56,2,0,0,-45,S,5c:62:8b:66:67:d2,2,0,0,0"
1791506355.547,"B,28875,10,78:8c:b5:f5:e7:26,80,1,0,0,-75,A,78:8c:b5:f5:e7:26,1,0,0,0"
1791506355.750,"B,28975,10,5c:62:8b:66:67:d2,1210,11,39522,34,-45,A,5c:62:8b:66:67:d2,0,11,0,0"
1791506355.750,"B,28975,10,cc:b8:5e:ad:5c:4a,39466,32,1210,11,-45,S,5c:62:8b:66:67:d2,1,0,2,29"
1791506355.750,"B,28975,10,b2:db:ca:e6:29:a6,56,2,0,0,-44,S,5c:62:8b:66:67:d2,2,0,0,0"
1791506355.750,"B,29075,10,5c:62:8b:66:67:d2,876,8,34290,43,-44,A,5c:62:8b:66:67:d2,0,8,0,0"
1791506355.750,"B,29075,10,72:3b:01:24:b7:c8,280,10,0,0,-38,S,5c:62:8b:66:67:d2,10,0,0,0"
1791506355.750,"B,29075,10,cc:b8:5e:ad:5c:4a,33954,31,876,8,-43,S,5c:62:8b:66:67:d2,0,6,1,24"
1791506355.750,"B,29075,10,b2:db:ca:e6:29:a6,56,2,0,0,-45,S,5c:62:8b:66:67:d2,2,0,0,0"
1791506355.950,"B,29175,10,5c:62:8b:66:67:d2,0,0,20448,25,-48,A,5c:62:8b:66:67:d2,0,0,0,0"
1791506355.950,"B,29175,10,cc:b8:5e:ad:5c:4a,20392,23,0,0,-44,S,5c:62:8b:66:67:d2,1,5,5,12"
1791506355.950,"B,29175,10,b2:db:ca:e6:29:a6,56,2,0,0,-45,S,5c:62:8b:66:67:d2,2,0,0,0"
1791506355.950,"B,29275,10,5c:62:8b:66:67:d2,1914,17,21050,21,-45,A,5c:62:8b:66:67:d2,0,17,0,0"
1791506355.950,"B,29275,10,72:3b:01:24:b7:c8,28,1,0,0,-40,S,5c:62:8b:66:67:d2,1,0,0,0"
1791506355.950,"B,29275,10,cc:b8:5e:ad:5c:4a,20966,18,1914,17,-46,S,5c:62:8b:66:67:d2,1,0,2,15"
1791506355.950,"B,29275,10,b2:db:ca:e6:29:a6,56,2,0,0,-45,S,5c:62:8b:66:67:d2,2,0,0,0"
1791506356.151,"B,29375,10,5c:62:8b:66:67:d2,3704,12,20576,26,-45,A,5c:62:8b:66:67:d2,0,10,0,2"
1791506356.151,"B,29375,10,72:3b:01:24:b7:c8,224,8,2564,2,-38,S,5c:62:8b:66:67:d2,8,0,0,0"
1791506356.151,"B,29375,10,cc:b8:5e:ad:5c:4a,20352,18,1140,10,-46,S,5c:62:8b:66:67:d2,2,0,2,14"
1791506356.151,"B,29475,10,5c:62:8b:66:67:d2,884,8,22132,20,-45,A,5c:62:8b:66:67:d2,0,8,0,0"
1791506356.151,"B,29475,10,cc:b8:5e:ad:5c:4a,22076,18,884,8,-46,S,5c:62:8b:66:67:d2,0,1,1,16"
1791506356.151,"B,29475,10,b2:db:ca:e6:29:a6,56,2,0,0,-45,S,5c:62:8b:66:67:d2,2,0,0,0"
1791506356.356,"B,29575,10,5c:62:8b:66:67:d2,440,4,34560,32,-45,A,5c:62:8b:66:67:d2,0,4,0,0"
1791506356.356,"B,29575,10,cc:b8:5e:ad:5c:4a,34476,29,440,4,-45,S,5c:62:8b:66:67:d2,1,2,0,26"
1791506356.356,"B,29575,10,b2:db:ca:e6:29:a6,84,3,0,0,-44,S,5c:62:8b:66:67:d2,3,0,0,0"
1791506356.356,"B,29675,10,5c:62:8b:66:67:d2,550,5,25640,37,-45,A,5c:62:8b:66:67:d2,0,5,0,0"
1791506356.356,"B,29675,10,72:3b:01:24:b7:c8,224,8,0,0,-40,S,5c:62:8b:66:67:d2,8,0,0,0"
1791506356.356,"B,29675,10,cc:b8:5e:ad:5c:4a,25360,27,550,5,-46,S,5c:62:8b:66:67:d2,5,3,0,19"
1791506356.356,"B,29675,10,b2:db:ca:e6:29:a6,56,2,0,0,-45,S,5c:62:8b:66:67:d2,2,0,0,0"
1791506356.559,"B,29775,10,5c:62:8b:66:67:d2,1870,17,38516,32,-45,A,5c:62:8b:66:67:d2,0,17,0,0"
1791506356.559,"B,29775,10,cc:b8:5e:ad:5c:4a,38488,31,1870,17,-46,S,5c:62:8b:66:67:d2,1,0,0,30"
1791506356.559,"B,29775,10,b2:db:ca:e6:29:a6,28,1,0,0,-45,S,5c:62:8b:66:67:d2,1,0,0,0"
1791506356.559,"B,29875,10,5c:62:8b:66:67:d2,4290,39,135540,115,-45,A,5c:62:8b:66:67:d2,0,39,0,0"
1791506356.559,"B,29875,10,72:3b:01:24:b7:c8,112,4,0,0,-39,S,5c:62:8b:66:67:d2,4,0,0,0"
1791506356.559,"B,29875,10,cc:b8:5e:ad:5c:4a,135372,109,4290,39,-46,S,5c:62:8b:66:67:d2,1,3,1,104"
1791506356.559,"B,29875,10,b2:db:ca:e6:29:a6,56,2,0,0,-43,S,5c:62:8b:66:67:d2,2,0,0,0"
1791506356.761,"B,29975,10,5c:62:8b:66:67:d2,330,3,12628,16,-46,A,5c:62:8b:66:67:d2,0,3,0,0"
1791506356.761,"B,29975,10,72:3b:01:24:b7:c8,84,3,0,0,-40,S,5c:62:8b:66:67:d2,3,0,0,0"
1791506356.761,"B,29975,10,cc:b8:5e:ad:5c:4a,12488,11,330,3,-45,S,5c:62:8b:66:67:d2,1,0,2,8"
1791506356.761,"B,29975,10,b2:db:ca:e6:29:a6,56,2,0,0,-45,S,5c:62:8b:66:67:d2,2,0,0,0"
1791506356.761,"B,29975,10,78:8c:b5:f5:e7:26,80,1,0,0,-74,A,78:8c:b5:f5:e7:26,1,0,0,0"
1791506356.761,"B,30075,10,5c:62:8b:66:67:d2,660,6,14788,18,-45,A,5c:62:8b:66:67:d2,0,6,0,0"
1791506356.761,"B,30075,10,72:3b:01:24:b7:c8,112,4,0,0,-37,S,5c:62:8b:66:67:d2,4,0,0,0"
1791506356.761,"B,30075,10,cc:b8:5e:ad:5c:4a,14620,12,660,6,-45,S,5c:62:8b:66:67:d2,0,0,2,10"
1791506356.761,"B,30075,10,b2:db:ca:e6:29:a6,56,2,0,0,-45,S,5c:62:8b:66:67:d2,2,0,0,0"
1791506356.761,"I,30085,stat,rx=11086,drops=0,ch=10,bin=100,hop=0,heap=202024"
1791506356.967,"B,30175,10,5c:62:8b:66:67:d2,330,3,16782,24,-45,A,5c:62:8b:66:67:d2,0,3,0,0"
1791506356.967,"B,30175,10,72:3b:01:24:b7:c8,224,8,0,0,-36,S,5c:62:8b:66:67:d2,8,0,0,0"
1791506356.967,"B,30175,10,cc:b8:5e:ad:5c:4a,16558,16,330,3,-44,S,5c:62:8b:66:67:d2,1,0,5,10"
1791506356.967,"B,30275,10,5c:62:8b:66:67:d2,770,7,8406,12,-45,A,5c:62:8b:66:67:d2,0,7,0,0"
1791506356.967,"B,30275,10,72:3b:01:24:b7:c8,56,2,0,0,-38,S,5c:62:8b:66:67:d2,2,0,0,0"
1791506356.967,"B,30275,10,cc:b8:5e:ad:5c:4a,8294,8,770,7,-45,S,5c:62:8b:66:67:d2,1,1,0,6"
1791506356.967,"B,30275,10,b2:db:ca:e6:29:a6,56,2,0,0,-44,S,5c:62:8b:66:67:d2,2,0,0,0"
1791506357.172,"B,30375,10,5c:62:8b:66:67:d2,220,2,9840,10,-46,A,5c:62:8b:66:67:d2,0,2,0,0"
1791506357.172,"B,30375,10,cc:b8:5e:ad:5c:4a,9812,9,220,2,-46,S,5c:62:8b:66:67:d2,1,0,2,6"
1791506357.172,"B,30375,10,b2:db:ca:e6:29:a6,28,1,0,0,-44,S,5c:62:8b:66:67:d2,1,0,0,0"
1791506357.172,"B,30475,10,5c:62:8b:66:67:d2,660,6,17990,16,-45,A,5c:62:8b:66:67:d2,0,6,0,0"
1791506357.172,"B,30475,10,cc:b8:5e:ad:5c:4a,17962,15,660,6,-45,S,5c:62:8b:66:67:d2,0,1,1,13"
1791506357.172,"B,30475,10,b2:db:ca:e6:29:a6,28,1,0,0,-44,S,5c:62:8b:66:67:d2,1,0,0,0"
1791506357.374,"B,30575,10,5c:62:8b:66:67:d2,330,3,9070,11,-45,A,5c:62:8b:66:67:d2,0,3,0,0"
1791506357.374,"B,30575,10,72:3b:01:24:b7:c8,84,3,0,0,-40,S,5c:62:8b:66:67:d2,3,0,0,0"
1791506357.374,"B,30575,10,cc:b8:5e:ad:5c:4a,8986,8,330,3,-45,S,5c:62:8b:66:67:d2,1,0,0,7"
1791506357.374,"B,30675,10,5c:62:8b:66:67:d2,516,4,5358,6,-45,A,5c:62:8b:66:67:d2,0,4,0,0"
1791506357.374,"B,30675,10,72:3b:01:24:b7:c8,28,1,0,0,-41,S,5c:62:8b:66:67:d2,1,0,0,0"
1791506357.374,"B,30675,10,cc:b8:5e:ad:5c:4a,5330,5,516,4,-46,S,5c:62:8b:66:67:d2,0,1,0,4"
1791506357.579,"B,30775,10,5c:62:8b:66:67:d2,330,3,14900,21,-45,A,5c:62:8b:66:67:d2,0,3,0,0"
1791506357.579,"B,30775,10,72:3b:01:24:b7:c8,140,5,0,0,-39,S,5c:62:8b:66:67:d2,5,0,0,0"
1791506357.579,"B,30775,10,cc:b8:5e:ad:5c:4a,14760,16,330,3,-46,S,5c:62:8b:66:67:d2,2,3,0,11"
1791506357.579,"B,30875,10,80:af:ca:68:4c:f8,104,1,0,0,-89,A,80:af:ca:68:4c:f8,0,1,0,0"
1791506357.785,"B,30975,10,5c:62:8b:66:67:d2,1310,12,26654,28,-45,A,5c:62:8b:66:67:d2,0,12,0,0"
1791506357.785,"B,30975,10,72:3b:01:24:b7:c8,112,4,0,0,-40,S,5c:62:8b:66:67:d2,4,0,0,0"
1791506357.785,"B,30975,10,cc:b8:5e:ad:5c:4a,26448,23,1210,11,-46,S,5c:62:8b:66:67:d2,1,2,1,19"
1791506357.785,"B,30975,10,46:88:44:6e:4f:e4,94,1,100,1,-32,S,5c:62:8b:66:67:d2,1,0,0,0"
1791506357.785,"B,31075,10,5c:62:8b:66:67:d2,880,8,17986,16,-45,A,5c:62:8b:66:67:d2,0,8,0,0"
1791506357.785,"B,31075,10,cc:b8:5e:ad:5c:4a,17986,16,880,8,-46,S,5c:62:8b:66:67:d2,1,2,0,13"
1791506357.988,"B,31175,10,5c:62:8b:66:67:d2,660,6,20256,21,-45,A,5c:62:8b:66:67:d2,0,6,0,0"
1791506357.988,"B,31175,10,72:3b:01:24:b7:c8,56,2,0,0,-41,S,5c:62:8b:66:67:d2,2,0,0,0"
1791506357.988,"B,31175,10,cc:b8:5e:ad:5c:4a,20144,17,660,6,-46,S,5c:62:8b:66:67:d2,1,0,2,14"
1791506357.988,"B,31175,10,b2:db:ca:e6:29:a6,56,2,0,0,-45,S,5c:62:8b:66:67:d2,2,0,0,0"
1791506357.988,"B,31275,10,5c:62:8b:66:67:d2,220,2,12166,15,-46,A,5c:62:8b:66:67:d2,0,2,0,0"
1791506357.988,"B,31275,10,72:3b:01:24:b7:c8,56,2,0,0,-40,S,5c:62:8b:66:67:d2,2,0,0,0"
1791506357.988,"B,31275,10,cc:b8:5e:ad:5c:4a,12054,11,220,2,-47,S,5c:62:8b:66:67:d2,0,2,0,9"
1791506357.988,"B,31275,10,b2:db:ca:e6:29:a6,56,2,0,0,-45,S,5c:62:8b:66:67:d2,2,0,0,0"
1791506358.193,"B,31375,10,5c:62:8b:66:67:d2,604,6,17396,16,-46,A,5c:62:8b:66:67:d2,2,4,0,0"
1791506358.193,"B,31375,10,cc:b8:5e:ad:5c:4a,17368,15,440,4,-46,S,5c:62:8b:66:67:d2,1,1,0,13"
1791506358.193,"B,31375,10,b2:db:ca:e6:29:a6,28,1,164,2,-43,S,5c:62:8b:66:67:d2,1,0,0,0"
1791506358.193,"B,31475,10,5c:62:8b:66:67:d2,660,6,14548,20,-45,A,5c:62:8b:66:67:d2,0,6,0,0"
1791506358.193,"B,31475,10,72:3b:01:24:b7:c8,112,4,0,0,-40,S,5c:62:8b:66:67:d2,4,0,0,0"
1791506358.193,"B,31475,10,cc:b8:5e:ad:5c:4a,14352,13,660,6,-45,S,5c:62:8b:66:67:d2,1,1,2,9"
1791506358.193,"B,31475,10,b2:db:ca:e6:29:a6,84,3,0,0,-44,S,5c:62:8b:66:67:d2,3,0,0,0"
1791506358.393,"B,31575,10,5c:62:8b:66:67:d2,220,2,9014,13,-46,A,5c:62:8b:66:67:d2,0,2,0,0"
1791506358.393,"B,31575,10,72:3b:01:24:b7:c8,112,4,0,0,-40,S,5c:62:8b:66:67:d2,4,0,0,0"
1791506358.393,"B,31575,10,cc:b8:5e:ad:5c:4a,8874,8,220,2,-46,S,5c:62:8b:66:67:d2,1,0,1,6"
1791506358.393,"B,31575,10,b2:db:ca:e6:29:a6,28,1,0,0,-46,S,5c:62:8b:66:67:d2,1,0,0,0"
1791506358.393,"B,31675,10,5c:62:8b:66:67:d2,770,7,18906,16,-45,A,5c:62:8b:66:67:d2,0,7,0,0"
1791506358.393,"B,31675,10,cc:b8:5e:ad:5c:4a,18878,15,770,7,-46,S,5c:62:8b:66:67:d2,0,0,2,13"
1791506358.393,"B,31675,10,b2:db:ca:e6:29:a6,28,1,0,0,-44,S,5c:62:8b:66:67:d2,1,0,0,0"
1791506358.594,"B,31775,10,5c:62:8b:66:67:d2,440,4,14878,18,-45,A,5c:62:8b:66:67:d2,0,4,0,0"
1791506358.594,"B,31775,10,72:3b:01:24:b7:c8,112,4,0,0,-37,S,5c:62:8b:66:67:d2,4,0,0,0"
1791506358.594,"B,31775,10,cc:b8:5e:ad:5c:4a,14766,14,440,4,-46,S,5c:62:8b:66:67:d2,1,2,0,11"
1791506358.594,"B,31875,10,5c:62:8b:66:67:d2,550,5,14092,21,-44,A,5c:62:8b:66:67:d2,0,5,0,0"
1791506358.594,"B,31875,10,72:3b:01:24:b7:c8,140,5,0,0,-38,S,5c:62:8b:66:67:d2,5,0,0,0"
1791506358.594,"B,31875,10,cc:b8:5e:ad:5c:4a,13868,13,550,5,-46,S,5c:62:8b:66:67:d2,1,2,1,9"
1791506358.594,"B,31875,10,b2:db:ca:e6:29:a6,84,3,0,0,-44,S,5c:62:8b:66:67:d2,3,0,0,0"
1791506358.797,"B,31975,10,5c:62:8b:66:67:d2,220,2,8822,10,-45,A,5c:62:8b:66:67:d2,0,2,0,0"
1791506358.797,"B,31975,10,cc:b8:5e:ad:5c:4a,8766,8,220,2,-46,S,5c:62:8b:66:67:d2,1,0,1,6"
1791506358.797,"B,31975,10,b2:db:ca:e6:29:a6,56,2,0,0,-44,S,5c:62:8b:66:67:d2,2,0,0,0"
1791506358.797,"B,32075,10,5c:62:8b:66:67:d2,770,7,13610,19,-45,A,5c:62:8b:66:67:d2,0,7,0,0"
1791506358.797,"B,32075,10,72:3b:01:24:b7:c8,168,6,0,0,-36,S,5c:62:8b:66:67:d2,6,0,0,0"
1791506358.797,"B,32075,10,cc:b8:5e:ad:5c:4a,13386,11,770,7,-46,S,5c:62:8b:66:67:d2,0,0,2,9"
1791506358.797,"B,32075,10,b2:db:ca:e6:29:a6,56,2,0,0,-45,S,5c:62:8b:66:67:d2,2,0,0,0"
1791506359.001,"B,32175,10,5c:62:8b:66:67:d2,330,3,14186,19,-46,A,5c:62:8b:66:67:d2,0,3,0,0"
1791506359.001,"B,32175,10,72:3b:01:24:b7:c8,168,6,0,0,-36,S,5c:62:8b:66:67:d2,6,0,0,0"
1791506359.001,"B,32175,10,cc:b8:5e:ad:5c:4a,13990,12,330,3,-46,S,5c:62:8b:66:67:d2,1,0,1,10"
1791506359.001,"B,32175,10,b2:db:ca:e6:29:a6,28,1,0,0,-45,S,5c:62:8b:66:67:d2,1,0,0,0"
1791506359.001,"B,32275,10,5c:62:8b:66:67:d2,660,6,30384,27,-45,A,5c:62:8b:66:67:d2,0,6,0,0"
1791506359.001,"B,32275,10,cc:b8:5e:ad:5c:4a,30328,25,660,6,-46,S,5c:62:8b:66:67:d2,1,0,2,22"
1791506359.001,"B,32275,10,b2:db:ca:e6:29:a6,56,2,0,0,-44,S,5c:62:8b:66:67:d2,2,0,0,0"
1791506359.206,"B,32375,10,5c:62:8b:66:67:d2,220,2,10648,22,-45,A,5c:62:8b:66:67:d2,0,2,0,0"
1791506359.206,"B,32375,10,72:3b:01:24:b7:c8,308,11,0,0,-39,S,5c:62:8b:66:67:d2,11,0,0,0"
1791506359.206,"B,32375,10,cc:b8:5e:ad:5c:4a,10284,9,220,2,-46,S,5c:62:8b:66:67:d2,1,0,0,8"
1791506359.206,"B,32375,10,b2:db:ca:e6:29:a6,56,2,0,0,-44,S,5c:62:8b:66:67:d2,2,0,0,0"
1791506359.206,"B,32475,10,5c:62:8b:66:67:d2,770,7,37884,32,-45,A,5c:62:8b:66:67:d2,0,7,0,0"
1791506359.206,"B,32475,10,cc:b8:5e:ad:5c:4a,37828,30,770,7,-45,S,5c:62:8b:66:67:d2,0,0,1,29"
1791506359.206,"B,32475,10,b2:db:ca:e6:29:a6,56,2,0,0,-45,S,5c:62:8b:66:67:d2,2,0,0,0"
1791506359.408,"B,32575,10,5c:62:8b:66:67:d2,440,4,21992,21,-45,A,5c:62:8b:66:67:d2,0,4,0,0"
1791506359.408,"B,32575,10,cc:b8:5e:ad:5c:4a,21936,19,440,4,-46,S,5c:62:8b:66:67:d2,1,1,0,17"
1791506359.408,"B,32575,10,b2:db:ca:e6:29:a6,56,2,0,0,-44,S,5c:62:8b:66:67:d2,2,0,0,0"
1791506359.408,"B,32675,10,5c:62:8b:66:67:d2,5906,11,25482,27,-45,A,5c:62:8b:66:67:d2,0,7,0,4"
1791506359.408,"B,32675,10,72:3b:01:24:b7:c8,84,3,5128,4,-37,S,5c:62:8b:66:67:d2,3,0,0,0"
1791506359.408,"B,32675,10,cc:b8:5e:ad:5c:4a,25342,22,778,7,-45,S,5c:62:8b:66:67:d2,1,1,1,19"
1791506359.408,"B,32675,10,b2:db:ca:e6:29:a6,56,2,0,0,-44,S,5c:62:8b:66:67:d2,2,0,0,0"
1791506359.613,"B,32775,10,5c:62:8b:66:67:d2,3324,30,116746,94,-44,A,5c:62:8b:66:67:d2,0,30,0,0"
1791506359.613,"B,32775,10,cc:b8:5e:ad:5c:4a,116718,93,3324,30,-46,S,5c:62:8b:66:67:d2,2,0,0,91"
1791506359.613,"B,32775,10,b2:db:ca:e6:29:a6,28,1,0,0,-45,S,5c:62:8b:66:67:d2,1,0,0,0"
1791506359.613,"B,32875,10,5c:62:8b:66:67:d2,2640,24,88410,75,-45,A,5c:62:8b:66:67:d2,0,24,0,0"
1791506359.613,"B,32875,10,cc:b8:5e:ad:5c:4a,88326,72,2640,24,-46,S,5c:62:8b:66:67:d2,1,3,1,67"
1791506359.613,"B,32875,10,b2:db:ca:e6:29:a6,84,3,0,0,-44,S,5c:62:8b:66:67:d2,3,0,0,0"
1791506359.816,"B,32975,10,5c:62:8b:66:67:d2,330,3,25420,25,-46,A,5c:62:8b:66:67:d2,0,3,0,0"
1791506359.816,"B,32975,10,72:3b:01:24:b7:c8,112,4,0,0,-36,S,5c:62:8b:66:67:d2,4,0,0,0"
1791506359.816,"B,32975,10,cc:b8:5e:ad:5c:4a,25280,20,330,3,-47,S,5c:62:8b:66:67:d2,0,0,1,19"
1791506359.816,"B,32975,10,f2:51:4e:f8:1a:7f,30,1,0,0,-86,S,b0:a7:b9:23:82:ee,1,0,0,0"
1791506359.816,"B,32975,10,b0:a7:b9:23:82:ee,0,0,30,1,-89,A,b0:a7:b9:23:82:ee,0,0,0,0"
1791506359.816,"B,32975,10,b2:db:ca:e6:29:a6,28,1,0,0,-45,S,5c:62:8b:66:67:d2,1,0,0,0"
1791506359.816,"B,33075,10,5c:62:8b:66:67:d2,660,6,16328,16,-45,A,5c:62:8b:66:67:d2,0,6,0,0"
1791506359.816,"B,33075,10,cc:b8:5e:ad:5c:4a,16300,15,660,6,-46,S,5c:62:8b:66:67:d2,1,2,0,12"
1791506359.816,"B,33075,10,b2:db:ca:e6:29:a6,28,1,0,0,-46,S,5c:62:8b:66:67:d2,1,0,0,0"
1791506360.016,"B,33175,10,5c:62:8b:66:67:d2,330,3,28894,35,-45,A,5c:62:8b:66:67:d2,0,3,0,0"
1791506360.016,"B,33175,10,72:3b:01:24:b7:c8,168,6,0,0,-39,S,5c:62:8b:66:67:d2,6,0,0,0"
1791506360.016,"B,33175,10,cc:b8:5e:ad:5c:4a,28698,28,330,3,-46,S,5c:62:8b:66:67:d2,5,1,0,22"
1791506360.016,"B,33175,10,b2:db:ca:e6:29:a6,28,1,0,0,-45,S,5c:62:8b:66:67:d2,1,0,0,0"
1791506360.016,"B,33275,10,5c:62:8b:66:67:d2,660,6,27372,31,-45,A,5c:62:8b:66:67:d2,0,6,0,0"
1791506360.016,"B,33275,10,72:3b:01:24:b7:c8,112,4,0,0,-39,S,5c:62:8b:66:67:d2,4,0,0,0"
1791506360.016,"B,33275,10,cc:b8:5e:ad:5c:4a,27204,25,660,6,-45,S,5c:62:8b:66:67:d2,1,2,4,18"
1791506360.016,"B,33275,10,f2:51:4e:f8:1a:7f,150,5,0,0,-85,S,b0:a7:b9:23:82:ee,5,0,0,0"
1791506360.016,"B,33275,10,b0:a7:b9:23:82:ee,0,0,150,5,-92,A,b0:a7:b9:23:82:ee,0,0,0,0"
1791506360.016,"B,33275,10,b2:db:ca:e6:29:a6,56,2,0,0,-44,S,5c:62:8b:66:67:d2,2,0,0,0"
1791506360.216,"B,33375,10,5c:62:8b:66:67:d2,440,4,35676,34,-45,A,5c:62:8b:66:67:d2,0,4,0,0"
1791506360.216,"B,33375,10,cc:b8:5e:ad:5c:4a,35620,32,440,4,-45,S,5c:62:8b:66:67:d2,2,4,0,26"
1791506360.216,"B,33375,10,b2:db:ca:e6:29:a6,56,2,0,0,-44,S,5c:62:8b:66:67:d2,2,0,0,0"
1791506360.216,"B,33475,10,5c:62:8b:66:67:d2,846,7,11598,18,-45,A,5c:62:8b:66:67:d2,0,7,0,0"
1791506360.216,"B,33475,10,72:3b:01:24:b7:c8,140,5,0,0,-41,S,5c:62:8b:66:67:d2,5,0,0,0"
1791506360.216,"B,33475,10,cc:b8:5e:ad:5c:4a,11402,11,846,7,-47,S,5c:62:8b:66:67:d2,0,3,0,8"
1791506360.216,"B,33475,10,f2:51:4e:f8:1a:7f,30,1,0,0,-84,S,b0:a7:b9:23:82:ee,1,0,0,0"
1791506360.216,"B,33475,10,b0:a7:b9:23:82:ee,0,0,30,1,-91,A,b0:a7:b9:23:82:ee,0,0,0,0"
1791506360.216,"B,33475,10,b2:db:ca:e6:29:a6,56,2,0,0,-44,S,5c:62:8b:66:67:d2,2,0,0,0"
1791506360.417,"B,33575,10,5c:62:8b:66:67:d2,330,3,13180,19,-46,A,5c:62:8b:66:67:d2,0,3,0,0"
1791506360.417,"B,33575,10,72:3b:01:24:b7:c8,112,4,0,0,-40,S,5c:62:8b:66:67:d2,4,0,0,0"
1791506360.417,"B,33575,10,cc:b8:5e:ad:5c:4a,13012,13,330,3,-46,S,5c:62:8b:66:67:d2,1,0,5,7"
1791506360.417,"B,33575,10,b2:db:ca:e6:29:a6,56,2,0,0,-45,S,5c:62:8b:66:67:d2,2,0,0,0"
1791506360.417,"B,33675,10,5c:62:8b:66:67:d2,660,6,14958,16,-45,A,5c:62:8b:66:67:d2,0,6,0,0"
1791506360.417,"B,33675,10,cc:b8:5e:ad:5c:4a,14902,14,660,6,-46,S,5c:62:8b:66:67:d2,1,2,0,11"
1791506360.417,"B,33675,10,b2:db:ca:e6:29:a6,56,2,0,0,-45,S,5c:62:8b:66:67:d2,2,0,0,0"
1791506360.618,"B,33775,10,5c:62:8b:66:67:d2,220,2,7384,10,-45,A,5c:62:8b:66:67:d2,0,2,0,0"
1791506360.618,"B,33775,10,cc:b8:5e:ad:5c:4a,7328,8,220,2,-46,S,5c:62:8b:66:67:d2,2,0,1,5"
1791506360.618,"B,33775,10,b2:db:ca:e6:29:a6,56,2,0,0,-44,S,5c:62:8b:66:67:d2,2,0,0,0"
1791506360.618,"B,33875,10,5c:62:8b:66:67:d2,660,6,20710,23,-45,A,5c:62:8b:66:67:d2,0,6,0,0"
1791506360.618,"B,33875,10,72:3b:01:24:b7:c8,140,5,0,0,-39,S,5c:62:8b:66:67:d2,5,0,0,0"
1791506360.618,"B,33875,10,cc:b8:5e:ad:5c:4a,20542,17,660,6,-46,S,5c:62:8b:66:67:d2,0,1,0,16"
1791506360.618,"B,33875,10,b2:db:ca:e6:29:a6,28,1,0,0,-44,S,5c:62:8b:66:67:d2,1,0,0,0"
1791506360.819,"B,33975,10,5c:62:8b:66:67:d2,330,3,10276,10,-45,A,5c:62:8b:66:67:d2,0,3,0,0"
1791506360.819,"B,33975,10,cc:b8:5e:ad:5c:4a,10248,9,330,3,-47,S,5c:62:8b:66:67:d2,1,0,0,8"
1791506360.819,"B,33975,10,b2:db:ca:e6:29:a6,28,1,0,0,-45,S,5c:62:8b:66:67:d2,1,0,0,0"
1791506360.819,"B,34075,10,5c:62:8b:66:67:d2,880,8,37444,40,-44,A,5c:62:8b:66:67:d2,0,8,0,0"
1791506360.819,"B,34075,10,72:3b:01:24:b7:c8,84,3,0,0,-39,S,5c:62:8b:66:67:d2,3,0,0,0"
1791506360.819,"B,34075,10,cc:b8:5e:ad:5c:4a,37304,35,880,8,-46,S,5c:62:8b:66:67:d2,5,1,2,27"
1791506360.819,"B,34075,10,b2:db:ca:e6:29:a6,56,2,0,0,-44,S,5c:62:8b:66:67:d2,2,0,0,0"
1791506361.019,"B,34175,10,5c:62:8b:66:67:d2,82,1,6856,19,-48,A,5c:62:8b:66:67:d2,1,0,0,0"
1791506361.019,"B,34175,10,72:3b:01:24:b7:c8,280,10,0,0,-38,S,5c:62:8b:66:67:d2,10,0,0,0"
1791506361.019,"B,34175,10,cc:b8:5e:ad:5c:4a,6520,7,82,1,-47,S,5c:62:8b:66:67:d2,2,0,0,5"
1791506361.019,"B,34175,10,b2:db:ca:e6:29:a6,56,2,0,0,-45,S,5c:62:8b:66:67:d2,2,0,0,0"
1791506361.019,"B,34175,10,80:af:ca:68:4c:f8,84,1,0,0,-87,A,80:af:ca:68:4c:f8,1,0,0,0"
1791506361.019,"B,34275,10,5c:62:8b:66:67:d2,880,8,27160,29,-45,A,5c:62:8b:66:67:d2,0,8,0,0"
1791506361.019,"B,34275,10,72:3b:01:24:b7:c8,112,4,0,0,-39,S,5c:62:8b:66:67:d2,4,0,0,0"
1791506361.019,"B,34275,10,cc:b8:5e:ad:5c:4a,26992,23,880,8,-45,S,5c:62:8b:66:67:d2,1,1,1,20"
1791506361.019,"B,34275,10,b2:db:ca:e6:29:a6,56,2,0,0,-45,S,5c:62:8b:66:67:d2,2,0,0,0"
1791506361.019,"B,34375,10,5c:62:8b:66:67:d2,220,2,6438,6,-45,A,5c:62:8b:66:67:d2,0,2,0,0"
1791506361.019,"B,34375,10,72:3b:01:24:b7:c8,28,1,0,0,-36,S,5c:62:8b:66:67:d2,1,0,0,0"
1791506361.220,"B,34375,10,cc:b8:5e:ad:5c:4a,6410,5,220,2,-47,S,5c:62:8b:66:67:d2,0,0,0,5"
1791506361.220,"B,34475,10,5c:62:8b:66:67:d2,220,2,10994,17,-45,A,5c:62:8b:66:67:d2,0,2,0,0"
1791506361.220,"B,34475,10,72:3b:01:24:b7:c8,168,6,0,0,-38,S,5c:62:8b:66:67:d2,6,0,0,0"
1791506361.220,"B,34475,10,cc:b8:5e:ad:5c:4a,10798,10,220,2,-46,S,5c:62:8b:66:67:d2,1,1,0,8"
1791506361.220,"B,34475,10,b2:db:ca:e6:29:a6,28,1,0,0,-45,S,5c:62:8b:66:67:d2,1,0,0,0"
1791506361.220,"B,34575,10,5c:62:8b:66:67:d2,770,7,19608,21,-45,A,5c:62:8b:66:67:d2,0,7,0,0"
1791506361.220,"B,34575,10,72:3b:01:24:b7:c8,112,4,0,0,-40,S,5c:62:8b:66:67:d2,4,0,0,0"
1791506361.421,"B,34575,10,cc:b8:5e:ad:5c:4a,19496,17,770,7,-46,S,5c:62:8b:66:67:d2,1,0,4,12"
1791506361.421,"B,34675,10,5c:62:8b:66:67:d2,0,0,2592,3,-47,A,5c:62:8b:66:67:d2,0,0,0,0"
1791506361.421,"B,34675,10,72:3b:01:24:b7:c8,28,1,0,0,-40,S,5c:62:8b:66:67:d2,1,0,0,0"
1791506361.421,"B,34675,10,cc:b8:5e:ad:5c:4a,2564,2,0,0,-47,S,5c:62:8b:66:67:d2,0,0,0,2"
1791506361.421,"B,34675,10,f2:51:4e:f8:1a:7f,30,1,0,0,-86,S,b0:a7:b9:23:82:ee,1,0,0,0"
1791506361.421,"B,34675,10,b0:a7:b9:23:82:ee,0,0,30,1,-91,A,b0:a7:b9:23:82:ee,0,0,0,0"
1791506361.621,"B,34775,10,5c:62:8b:66:67:d2,1320,12,44546,42,-45,A,5c:62:8b:66:67:d2,0,12,0,0"
1791506361.621,"B,34775,10,72:3b:01:24:b7:c8,112,4,0,0,-39,S,5c:62:8b:66:67:d2,4,0,0,0"
1791506361.621,"B,34775,10,cc:b8:5e:ad:5c:4a,44434,38,1320,12,-46,S,5c:62:8b:66:67:d2,1,2,2,33"
1791506361.621,"B,34875,10,5c:62:8b:66:67:d2,110,1,3474,8,-46,A,5c:62:8b:66:67:d2,0,1,0,0"
1791506361.621,"B,34875,10,72:3b:01:24:b7:c8,56,2,0,0,-38,S,5c:62:8b:66:67:d2,2,0,0,0"
1791506361.621,"B,34875,10,cc:b8:5e:ad:5c:4a,3362,4,110,1,-46,S,5c:62:8b:66:67:d2,1,0,1,2"
1791506361.621,"B,34875,10,b2:db:ca:e6:29:a6,56,2,0,0,-45,S,5c:62:8b:66:67:d2,2,0,0,0"
1791506361.621,"B,34975,10,5c:62:8b:66:67:d2,550,5,8546,9,-45,A,5c:62:8b:66:67:d2,0,5,0,0"
1791506361.621,"B,34975,10,cc:b8:5e:ad:5c:4a,8490,7,550,5,-47,S,5c:62:8b:66:67:d2,0,0,1,6"
1791506361.621,"B,34975,10,b2:db:ca:e6:29:a6,56,2,0,0,-45,S,5c:62:8b:66:67:d2,2,0,0,0"
1791506361.621,"B,34975,10,80:af:ca:68:4c:f8,104,1,0,0,-87,A,80:af:ca:68:4c:f8,0,1,0,0"
1791506361.821,"B,35075,10,5c:62:8b:66:67:d2,770,7,16078,20,-45,A,5c:62:8b:66:67:d2,0,7,0,0"
1791506361.821,"B,35075,10,72:3b:01:24:b7:c8,112,4,0,0,-40,S,5c:62:8b:66:67:d2,4,0,0,0"
1791506361.821,"B,35075,10,cc:b8:5e:ad:5c:4a,15910,14,770,7,-47,S,5c:62:8b:66:67:d2,1,1,1,11"
1791506361.821,"B,35075,10,f2:51:4e:f8:1a:7f,30,1,0,0,-84,S,b0:a7:b9:23:82:ee,1,0,0,0"
1791506361.821,"B,35075,10,b0:a7:b9:23:82:ee,0,0,30,1,0,A,b0:a7:b9:23:82:ee,0,0,0,0"
1791506361.821,"B,35075,10,b2:db:ca:e6:29:a6,56,2,0,0,-45,S,5c:62:8b:66:67:d2,2,0,0,0"
1791506361.821,"I,35086,stat,rx=12657,drops=0,ch=10,bin=100,hop=0,heap=202024"
1791506361.821,"B,35175,10,5c:62:8b:66:67:d2,220,2,8866,10,-45,A,5c:62:8b:66:67:d2,0,2,0,0"
1791506361.821,"B,35175,10,72:3b:01:24:b7:c8,28,1,0,0,-50,S,5c:62:8b:66:67:d2,1,0,0,0"
1791506361.821,"B,35175,10,cc:b8:5e:ad:5c:4a,8810,8,220,2,-47,S,5c:62:8b:66:67:d2,1,0,1,6"
1791506361.821,"B,35175,10,b2:db:ca:e6:29:a6,28,1,0,0,-44,S,5c:62:8b:66:67:d2,1,0,0,0"
1791506362.021,"B,35275,10,5c:62:8b:66:67:d2,660,6,15730,17,-45,A,5c:62:8b:66:67:d2,0,6,0,0"
1791506362.021,"B,35275,10,cc:b8:5e:ad:5c:4a,15646,14,660,6,-47,S,5c:62:8b:66:67:d2,1,0,2,11"
1791506362.021,"B,35275,10,b2:db:ca:e6:29:a6,84,3,0,0,-44,S,5c:62:8b:66:67:d2,3,0,0,0"
1791506362.021,"B,35375,10,5c:62:8b:66:67:d2,550,5,12160,20,-45,A,5c:62:8b:66:67:d2,0,5,0,0"
1791506362.021,"B,35375,10,72:3b:01:24:b7:c8,224,8,0,0,-39,S,5c:62:8b:66:67:d2,8,0,0,0"
1791506362.021,"B,35375,10,cc:b8:5e:ad:5c:4a,11908,11,550,5,-46,S,5c:62:8b:66:67:d2,1,1,0,9"
1791506362.021,"B,35375,10,b2:db:ca:e6:29:a6,28,1,0,0,-45,S,5c:62:8b:66:67:d2,1,0,0,0"
1791506362.221,"B,35475,10,5c:62:8b:66:67:d2,660,6,23314,22,-45,A,5c:62:8b:66:67:d2,0,6,0,0"
1791506362.221,"B,35475,10,cc:b8:5e:ad:5c:4a,23230,19,660,6,-46,S,5c:62:8b:66:67:d2,0,1,2,16"
1791506362.221,"B,35475,10,b2:db:ca:e6:29:a6,84,3,0,0,-44,S,5c:62:8b:66:67:d2,3,0,0,0"
1791506362.221,"B,35575,10,5c:62:8b:66:67:d2,440,4,15228,15,-45,A,5c:62:8b:66:67:d2,0,4,0,0"
1791506362.221,"B,35575,10,cc:b8:5e:ad:5c:4a,15172,13,440,4,-46,S,5c:62:8b:66:67:d2,1,0,1,11"
1791506362.221,"B,35575,10,b2:db:ca:e6:29:a6,56,2,0,0,-45,S,5c:62:8b:66:67:d2,2,0,0,0"
1791506362.422,"B,35675,10,5c:62:8b:66:67:d2,770,7,46430,45,-45,A,5c:62:8b:66:67:d2,0,7,0,0"
1791506362.422,"B,35675,10,72:3b:01:24:b7:c8,168,6,0,0,-40,S,5c:62:8b:66:67:d2,6,0,0,0"
1791506362.422,"B,35675,10,cc:b8:5e:ad:5c:4a,46234,38,770,7,-45,S,5c:62:8b:66:67:d2,1,1,0,36"
1791506362.422,"B,35675,10,b2:db:ca:e6:29:a6,28,1,0,0,-45,S,5c:62:8b:66:67:d2,1,0,0,0"
1791506362.422,"B,35775,10,5c:62:8b:66:67:d2,3410,31,93726,78,-44,A,5c:62:8b:66:67:d2,0,31,0,0"
1791506362.622,"B,35775,10,72:3b:01:24:b7:c8,56,2,0,0,-38,S,5c:62:8b:66:67:d2,2,0,0,0"
1791506362.622,"B,35775,10,cc:b8:5e:ad:5c:4a,93614,74,3410,31,-46,S,5c:62:8b:66:67:d2,1,0,0,73"
1791506362.622,"B,35775,10,b2:db:ca:e6:29:a6,56,2,0,0,-45,S,5c:62:8b:66:67:d2,2,0,0,0"
1791506362.622,"B,35875,10,5c:62:8b:66:67:d2,2200,20,43846,38,-45,A,5c:62:8b:66:67:d2,0,20,0,0"
1791506362.622,"B,35875,10,cc:b8:5e:ad:5c:4a,43818,37,2200,20,-47,S,5c:62:8b:66:67:d2,0,4,1,32"
1791506362.622,"B,35875,10,b2:db:ca:e6:29:a6,28,1,0,0,-44,S,5c:62:8b:66:67:d2,1,0,0,0"
1791506362.622,"B,35975,10,5c:62:8b:66:67:d2,330,3,9864,18,-46,A,5c:62:8b:66:67:d2,0,3,0,0"
1791506362.622,"B,35975,10,72:3b:01:24:b7:c8,224,8,0,0,-40,S,5c:62:8b:66:67:d2,8,0,0,0"
1791506362.622,"B,35975,10,cc:b8:5e:ad:5c:4a,9612,9,330,3,-46,S,5c:62:8b:66:67:d2,1,1,0,7"
1791506362.622,"B,35975,10,b2:db:ca:e6:29:a6,28,1,0,0,-44,S,5c:62:8b:66:67:d2,1,0,0,0"
1791506362.822,"B,36075,10,5c:62:8b:66:67:d2,550,5,19712,20,-45,A,5c:62:8b:66:67:d2,0,5,0,0"
1791506362.822,"B,36075,10,cc:b8:5e:ad:5c:4a,19628,17,550,5,-47,S,5c:62:8b:66:67:d2,1,1,1,14"
1791506362.822,"B,36075,10,b2:db:ca:e6:29:a6,84,3,0,0,-44,S,5c:62:8b:66:67:d2,3,0,0,0"
1791506362.822,"B,36175,10,5c:62:8b:66:67:d2,440,4,10156,18,-44,A,5c:62:8b:66:67:d2,0,4,0,0"
1791506362.822,"B,36175,10,72:3b:01:24:b7:c8,224,8,0,0,-40,S,5c:62:8b:66:67:d2,8,0,0,0"
1791506362.822,"B,36175,10,cc:b8:5e:ad:5c:4a,9904,9,440,4,-47,S,5c:62:8b:66:67:d2,1,0,1,7"
1791506362.822,"B,36175,10,b2:db:ca:e6:29:a6,28,1,0,0,-45,S,5c:62:8b:66:67:d2,1,0,0,0"
1791506363.023,"B,36275,10,5c:62:8b:66:67:d2,220,2,8086,14,-45,A,5c:62:8b:66:67:d2,0,2,0,0"
1791506363.023,"B,36275,10,72:3b:01:24:b7:c8,140,5,0,0,-40,S,5c:62:8b:66:67:d2,5,0,0,0"
1791506363.023,"B,36275,10,cc:b8:5e:ad:5c:4a,7890,7,220,2,-47,S,5c:62:8b:66:67:d2,0,1,1,5"
1791506363.023,"B,36275,10,b2:db:ca:e6:29:a6,56,2,0,0,-45,S,5c:62:8b:66:67:d2,2,0,0,0"
1791506363.023,"B,36375,10,5c:62:8b:66:67:d2,550,5,8862,9,-45,A,5c:62:8b:66:67:d2,0,5,0,0"
1791506363.023,"B,36375,10,cc:b8:5e:ad:5c:4a,8834,8,550,5,-47,S,5c:62:8b:66:67:d2,1,0,1,6"
1791506363.023,"B,36375,10,b2:db:ca:e6:29:a6,28,1,0,0,-45,S,5c:62:8b:66:67:d2,1,0,0,0"
1791506363.223,"B,36475,10,5c:62:8b:66:67:d2,846,7,26318,29,-45,A,5c:62:8b:66:67:d2,0,7,0,0"
1791506363.223,"B,36475,10,72:3b:01:24:b7:c8,84,3,0,0,-37,S,5c:62:8b:66:67:d2,3,0,0,0"
1791506363.223,"B,36475,10,cc:b8:5e:ad:5c:4a,26178,24,846,7,-46,S,5c:62:8b:66:67:d2,1,3,0,20"
1791506363.223,"B,36475,10,b2:db:ca:e6:29:a6,56,2,0,0,-44,S,5c:62:8b:66:67:d2,2,0,0,0"
1791506363.223,"B,36575,10,5c:62:8b:66:67:d2,880,8,10598,16,-45,A,5c:62:8b:66:67:d2,0,8,0,0"
1791506363.223,"B,36575,10,72:3b:01:24:b7:c8,112,4,0,0,-36,S,5c:62:8b:66:67:d2,4,0,0,0"
1791506363.223,"B,36575,10,cc:b8:5e:ad:5c:4a,10430,10,880,8,-46,S,5c:62:8b:66:67:d2,1,1,0,8"
1791506363.223,"B,36575,10,b2:db:ca:e6:29:a6,56,2,0,0,-45,S,5c:62:8b:66:67:d2,2,0,0,0"
1791506363.423,"B,36675,10,5c:62:8b:66:67:d2,880,8,37788,32,-45,A,5c:62:8b:66:67:d2,0,8,0,0"
1791506363.423,"B,36675,10,cc:b8:5e:ad:5c:4a,37732,30,880,8,-45,S,5c:62:8b:66:67:d2,0,1,1,28"
1791506363.423,"B,36675,10,b2:db:ca:e6:29:a6,56,2,0,0,-44,S,5c:62:8b:66:67:d2,2,0,0,0"
1791506363.423,"B,36775,10,5c:62:8b:66:67:d2,770,7,19794,24,-45,A,5c:62:8b:66:67:d2,0,7,0,0"
1791506363.423,"B,36775,10,72:3b:01:24:b7:c8,112,4,0,0,-37,S,5c:62:8b:66:67:d2,4,0,0,0"
1791506363.423,"B,36775,10,cc:b8:5e:ad:5c:4a,19626,18,770,7,-46,S,5c:62:8b:66:67:d2,1,2,0,15"
1791506363.423,"B,36775,10,b2:db:ca:e6:29:a6,56,2,0,0,-44,S,5c:62:8b:66:67:d2,2,0,0,0"
1791506363.624,"B,36875,10,5c:62:8b:66:67:d2,330,3,7600,13,-45,A,5c:62:8b:66:67:d2,0,3,0,0"
1791506363.624,"B,36875,10,72:3b:01:24:b7:c8,112,4,0,0,-39,S,5c:62:8b:66:67:d2,4,0,0,0"
1791506363.624,"B,36875,10,cc:b8:5e:ad:5c:4a,7432,7,330,3,-45,S,5c:62:8b:66:67:d2,1,0,1,5"
1791506363.624,"B,36875,10,b2:db:ca:e6:29:a6,56,2,0,0,-44,S,5c:62:8b:66:67:d2,2,0,0,0"
1791506363.624,"B,36975,10,5c:62:8b:66:67:d2,440,4,35308,34,-45,A,5c:62:8b:66:67:d2,0,4,0,0"
1791506363.624,"B,36975,10,72:3b:01:24:b7:c8,56,2,0,0,-38,S,5c:62:8b:66:67:d2,2,0,0,0"
1791506363.624,"B,36975,10,cc:b8:5e:ad:5c:4a,35168,29,440,4,-46,S,5c:62:8b:66:67:d2,1,1,0,27"
1791506363.824,"B,36975,10,b2:db:ca:e6:29:a6,84,3,0,0,-44,S,5c:62:8b:66:67:d2,3,0,0,0"
1791506363.824,"B,36975,10,80:af:ca:68:4c:f8,104,1,0,0,-88,A,80:af:ca:68:4c:f8,0,1,0,0"
1791506363.824,"B,37075,10,5c:62:8b:66:67:d2,770,7,27766,32,-45,A,5c:62:8b:66:67:d2,0,7,0,0"
1791506363.824,"B,37075,10,72:3b:01:24:b7:c8,112,4,0,0,-36,S,5c:62:8b:66:67:d2,4,0,0,0"
1791506363.824,"B,37075,10,cc:b8:5e:ad:5c:4a,27626,27,770,7,-46,S,5c:62:8b:66:67:d2,0,7,0,20"
1791506363.824,"B,37075,10,b2:db:ca:e6:29:a6,28,1,0,0,-44,S,5c:62:8b:66:67:d2,1,0,0,0"
1791506363.824,"B,37175,10,5c:62:8b:66:67:d2,330,3,7104,12,-45,A,5c:62:8b:66:67:d2,0,3,0,0"
1791506363.824,"B,37175,10,72:3b:01:24:b7:c8,112,4,0,0,-38,S,5c:62:8b:66:67:d2,4,0,0,0"
1791506363.824,"B,37175,10,cc:b8:5e:ad:5c:4a,6964,7,330,3,-47,S,5c:62:8b:66:67:d2,1,1,0,5"
1791506363.824,"B,37175,10,b2:db:ca:e6:29:a6,28,1,0,0,-45,S,5c:62:8b:66:67:d2,1,0,0,0"
1791506363.824,"B,37175,10,78:8c:b5:f5:e7:26,0,0,28,1,-75,A,78:8c:b5:f5:e7:26,0,0,0,0"
1791506364.025,"B,37175,10,00:08:22:24:d6:fb,28,1,0,0,-84,S,78:8c:b5:f5:e7:26,1,0,0,0"
1791506364.025,"B,37275,10,5c:62:8b:66:67:d2,770,7,15984,16,-45,A,5c:62:8b:66:67:d2,0,7,0,0"
1791506364.025,"B,37275,10,cc:b8:5e:ad:5c:4a,15956,15,770,7,-47,S,5c:62:8b:66:67:d2,1,2,0,12"
1791506364.025,"B,37275,10,b2:db:ca:e6:29:a6,28,1,0,0,-45,S,5c:62:8b:66:67:d2,1,0,0,0"
1791506364.025,"B,37275,10,80:af:ca:68:4c:f8,84,1,0,0,-86,A,80:af:ca:68:4c:f8,1,0,0,0"
1791506364.025,"B,37375,10,5c:62:8b:66:67:d2,660,6,48412,47,-44,A,5c:62:8b:66:67:d2,0,6,0,0"
1791506364.025,"B,37375,10,72:3b:01:24:b7:c8,112,4,0,0,-37,S,5c:62:8b:66:67:d2,4,0,0,0"
1791506364.025,"B,37375,10,cc:b8:5e:ad:5c:4a,48244,41,660,6,-46,S,5c:62:8b:66:67:d2,1,1,4,35"
1791506364.025,"B,37375,10,b2:db:ca:e6:29:a6,56,2,0,0,-44,S,5c:62:8b:66:67:d2,2,0,0,0"
1791506364.226,"B,37475,10,5c:62:8b:66:67:d2,440,4,4412,10,-45,A,5c:62:8b:66:67:d2,0,4,0,0"
1791506364.226,"B,37475,10,72:3b:01:24:b7:c8,112,4,0,0,-38,S,5c:62:8b:66:67:d2,4,0,0,0"
1791506364.226,"B,37475,10,cc:b8:5e:ad:5c:4a,4244,4,440,4,-47,S,5c:62:8b:66:67:d2,0,1,0,3"
1791506364.226,"B,37475,10,b2:db:ca:e6:29:a6,56,2,0,0,-45,S,5c:62:8b:66:67:d2,2,0,0,0"
1791506364.226,"B,37575,10,5c:62:8b:66:67:d2,440,4,21626,21,-45,A,5c:62:8b:66:67:d2,0,4,0,0"
1791506364.226,"B,37575,10,72:3b:01:24:b7:c8,28,1,0,0,-39,S,5c:62:8b:66:67:d2,1,0,0,0"
1791506364.226,"B,37575,10,cc:b8:5e:ad:5c:4a,21542,18,440,4,-45,S,5c:62:8b:66:67:d2,1,0,1,16"
1791506364.226,"B,37575,10,b2:db:ca:e6:29:a6,56,2,0,0,-44,S,5c:62:8b:66:67:d2,2,0,0,0"
1791506364.427,"B,37675,10,5c:62:8b:66:67:d2,660,6,22190,22,-45,A,5c:62:8b:66:67:d2,0,6,0,0"
1791506364.427,"B,37675,10,cc:b8:5e:ad:5c:4a,22134,20,660,6,-46,S,5c:62:8b:66:67:d2,1,0,7,12"
1791506364.427,"B,37675,10,b2:db:ca:e6:29:a6,56,2,0,0,-45,S,5c:62:8b:66:67:d2,2,0,0,0"
1791506364.427,"B,37775,10,5c:62:8b:66:67:d2,330,3,13482,16,-45,A,5c:62:8b:66:67:d2,0,3,0,0"
1791506364.427,"B,37775,10,72:3b:01:24:b7:c8,56,2,0,0,-38,S,5c:62:8b:66:67:d2,2,0,0,0"
1791506364.427,"B,37775,10,cc:b8:5e:ad:5c:4a,13370,12,330,3,-46,S,5c:62:8b:66:67:d2,1,0,5,6"
1791506364.427,"B,37775,10,b2:db:ca:e6:29:a6,56,2,0,0,-44,S,5c:62:8b:66:67:d2,2,0,0,0"
1791506364.627,"B,37875,10,5c:62:8b:66:67:d2,770,7,16086,19,-45,A,5c:62:8b:66:67:d2,0,7,0,0"
1791506364.627,"B,37875,10,72:3b:01:24:b7:c8,112,4,0,0,-37,S,5c:62:8b:66:67:d2,4,0,0,0"
1791506364.627,"B,37875,10,cc:b8:5e:ad:5c:4a,15918,13,770,7,-47,S,5c:62:8b:66:67:d2,0,1,1,11"
1791506364.627,"B,37875,10,b2:db:ca:e6:29:a6,56,2,0,0,-43,S,5c:62:8b:66:67:d2,2,0,0,0"
1791506364.627,"B,37975,10,5c:62:8b:66:67:d2,660,6,24566,24,-45,A,5c:62:8b:66:67:d2,0,6,0,0"
1791506364.627,"B,37975,10,cc:b8:5e:ad:5c:4a,24510,22,660,6,-46,S,5c:62:8b:66:67:d2,1,1,5,15"
1791506364.627,"B,37975,10,b2:db:ca:e6:29:a6,56,2,0,0,-45,S,5c:62:8b:66:67:d2,2,0,0,0"
1791506364.828,"B,38075,10,5c:62:8b:66:67:d2,220,2,3442,11,-44,A,5c:62:8b:66:67:d2,0,2,0,0"
1791506364.828,"B,38075,10,72:3b:01:24:b7:c8,112,4,0,0,-37,S,5c:62:8b:66:67:d2,4,0,0,0"
1791506364.828,"B,38075,10,cc:b8:5e:ad:5c:4a,3302,6,220,2,-45,S,5c:62:8b:66:67:d2,3,1,0,2"
1791506364.828,"B,38075,10,b2:db:ca:e6:29:a6,28,1,0,0,-45,S,5c:62:8b:66:67:d2,1,0,0,0"
1791506364.828,"B,38175,10,5c:62:8b:66:67:d2,0,0,5464,16,-47,A,5c:62:8b:66:67:d2,0,0,0,0"
1791506364.828,"B,38175,10,72:3b:01:24:b7:c8,308,11,0,0,-37,S,5c:62:8b:66:67:d2,11,0,0,0"
1791506364.828,"B,38175,10,cc:b8:5e:ad:5c:4a,5128,4,0,0,-40,S,5c:62:8b:66:67:d2,0,0,0,4"
1791506364.828,"B,38175,10,b2:db:ca:e6:29:a6,28,1,0,0,-45,S,5c:62:8b:66:67:d2,1,0,0,0"
1791506365.028,"B,38275,10,5c:62:8b:66:67:d2,1320,12,30634,32,-45,A,5c:62:8b:66:67:d2,0,12,0,0"
1791506365.028,"B,38275,10,72:3b:01:24:b7:c8,56,2,0,0,-37,S,5c:62:8b:66:67:d2,2,0,0,0"
1791506365.028,"B,38275,10,cc:b8:5e:ad:5c:4a,30522,28,1320,12,-46,S,5c:62:8b:66:67:d2,1,5,1,21"
1791506365.028,"B,38275,10,b2:db:ca:e6:29:a6,56,2,0,0,-44,S,5c:62:8b:66:67:d2,2,0,0,0"
1791506365.028,"B,38375,10,5c:62:8b:66:67:d2,550,5,14517,19,-45,A,5c:62:8b:66:67:d2,0,5,0,0"
1791506365.028,"B,38375,10,72:3b:01:24:b7:c8,84,3,0,0,-38,S,5c:62:8b:66:67:d2,3,0,0,0"
1791506365.028,"B,38375,10,cc:b8:5e:ad:5c:4a,14377,14,550,5,-44,S,5c:62:8b:66:67:d2,1,2,0,11"
1791506365.028,"B,38375,10,b2:db:ca:e6:29:a6,56,2,0,0,-44,S,5c:62:8b:66:67:d2,2,0,0,0"
1791506365.229,"B,38475,10,5c:62:8b:66:67:d2,330,3,26942,32,-46,A,5c:62:8b:66:67:d2,0,3,0,0"
1791506365.229,"B,38475,10,72:3b:01:24:b7:c8,84,3,0,0,-37,S,5c:62:8b:66:67:d2,3,0,0,0"
1791506365.229,"B,38475,10,cc:b8:5e:ad:5c:4a,26774,26,330,3,-46,S,5c:62:8b:66:67:d2,1,7,0,18"
1791506365.229,"B,38475,10,b2:db:ca:e6:29:a6,84,3,0,0,-43,S,5c:62:8b:66:67:d2,3,0,0,0"
1791506365.229,"B,38575,10,5c:62:8b:66:67:d2,879,8,10828,13,-45,A,5c:62:8b:66:67:d2,0,8,0,0"
1791506365.229,"B,38575,10,72:3b:01:24:b7:c8,28,1,0,0,-36,S,5c:62:8b:66:67:d2,1,0,0,0"
1791506365.229,"B,38575,10,cc:b8:5e:ad:5c:4a,10772,11,879,8,-46,S,5c:62:8b:66:67:d2,1,2,0,8"
1791506365.229,"B,38575,10,b2:db:ca:e6:29:a6,28,1,0,0,-45,S,5c:62:8b:66:67:d2,1,0,0,0"
1791506365.429,"B,38675,10,5c:62:8b:66:67:d2,0,0,5380,13,-47,A,5c:62:8b:66:67:d2,0,0,0,0"
1791506365.429,"B,38675,10,72:3b:01:24:b7:c8,224,8,0,0,-38,S,5c:62:8b:66:67:d2,8,0,0,0"
1791506365.429,"B,38675,10,cc:b8:5e:ad:5c:4a,5128,4,0,0,-47,S,5c:62:8b:66:67:d2,0,0,0,4"
1791506365.429,"B,38675,10,b2:db:ca:e6:29:a6,28,1,0,0,-46,S,5c:62:8b:66:67:d2,1,0,0,0"
1791506365.429,"B,38775,10,5c:62:8b:66:67:d2,5170,47,134362,106,-44,A,5c:62:8b:66:67:d2,0,47,0,0"
1791506365.429,"B,38775,10,cc:b8:5e:ad:5c:4a,134362,106,5170,47,-46,S,5c:62:8b:66:67:d2,1,0,1,104"
1791506365.632,"B,38875,10,5c:62:8b:66:67:d2,1430,13,59614,56,-44,A,5c:62:8b:66:67:d2,0,13,0,0"
1791506365.632,"B,38875,10,cc:b8:5e:ad:5c:4a,59614,56,1430,13,-46,S,5c:62:8b:66:67:d2,1,13,0,42"
1791506365.632,"B,38975,10,5c:62:8b:66:67:d2,110,1,10940,20,-46,A,5c:62:8b:66:67:d2,0,1,0,0"
1791506365.632,"B,38975,10,72:3b:01:24:b7:c8,252,9,0,0,-38,S,5c:62:8b:66:67:d2,9,0,0,0"
1791506365.632,"B,38975,10,cc:b8:5e:ad:5c:4a,10688,11,110,1,-46,S,5c:62:8b:66:67:d2,1,3,0,7"
1791506365.834,"B,39075,10,5c:62:8b:66:67:d2,660,6,10246,9,-44,A,5c:62:8b:66:67:d2,0,6,0,0"
1791506365.834,"B,39075,10,cc:b8:5e:ad:5c:4a,10246,9,660,6,-47,S,5c:62:8b:66:67:d2,0,2,0,7"
1791506365.834,"B,39175,10,5c:62:8b:66:67:d2,770,7,26178,24,-45,A,5c:62:8b:66:67:d2,0,7,0,0"
1791506365.834,"B,39175,10,cc:b8:5e:ad:5c:4a,26122,22,770,7,-46,S,5c:62:8b:66:67:d2,1,1,0,20"
1791506365.834,"B,39175,10,b2:db:ca:e6:29:a6,56,2,0,0,-44,S,5c:62:8b:66:67:d2,2,0,0,0"
1791506366.038,"B,39275,10,5c:62:8b:66:67:d2,406,3,5424,12,-45,A,5c:62:8b:66:67:d2,0,3,0,0"
1791506366.038,"B,39275,10,72:3b:01:24:b7:c8,112,4,0,0,-39,S,5c:62:8b:66:67:d2,4,0,0,0"
1791506366.038,"B,39275,10,cc:b8:5e:ad:5c:4a,5284,7,406,3,-47,S,5c:62:8b:66:67:d2,2,1,1,3"
1791506366.038,"B,39275,10,b2:db:ca:e6:29:a6,28,1,0,0,-44,S,5c:62:8b:66:67:d2,1,0,0,0"
1791506366.038,"B,39375,10,5c:62:8b:66:67:d2,604,6,15902,16,-46,A,5c:62:8b:66:67:d2,2,4,0,0"
1791506366.038,"B,39375,10,72:3b:01:24:b7:c8,0,0,82,1,0,S,5c:62:8b:66:67:d2,0,0,0,0"
1791506366.038,"B,39375,10,cc:b8:5e:ad:5c:4a,15846,14,522,5,-47,S,5c:62:8b:66:67:d2,1,1,1,11"
1791506366.038,"B,39375,10,b2:db:ca:e6:29:a6,56,2,0,0,-44,S,5c:62:8b:66:67:d2,2,0,0,0"
1791506366.241,"B,39475,10,5c:62:8b:66:67:d2,440,4,4628,7,-45,A,5c:62:8b:66:67:d2,0,4,0,0"
1791506366.241,"B,39475,10,72:3b:01:24:b7:c8,28,1,0,0,-40,S,5c:62:8b:66:67:d2,1,0,0,0"
1791506366.241,"B,39475,10,cc:b8:5e:ad:5c:4a,4544,4,440,4,-47,S,5c:62:8b:66:67:d2,0,1,0,3"
1791506366.241,"B,39475,10,b2:db:ca:e6:29:a6,56,2,0,0,-45,S,5c:62:8b:66:67:d2,2,0,0,0"
1791506366.241,"B,39575,10,5c:62:8b:66:67:d2,0,0,6662,14,-48,A,5c:62:8b:66:67:d2,0,0,0,0"
1791506366.241,"B,39575,10,72:3b:01:24:b7:c8,224,8,0,0,-44,S,5c:62:8b:66:67:d2,8,0,0,0"
1791506366.241,"B,39575,10,cc:b8:5e:ad:5c:4a,6438,6,0,0,-47,S,5c:62:8b:66:67:d2,1,0,0,5"
1791506366.443,"B,39675,10,5c:62:8b:66:67:d2,880,8,12692,14,-45,A,5c:62:8b:66:67:d2,0,8,0,0"
1791506366.443,"B,39675,10,cc:b8:5e:ad:5c:4a,12574,12,880,8,-44,S,5c:62:8b:66:67:d2,1,2,0,9"
1791506366.443,"B,39675,10,b2:db:ca:e6:29:a6,28,1,0,0,-43,S,5c:62:8b:66:67:d2,1,0,0,0"
1791506366.443,"B,39675,10,46:88:44:6e:4f:e4,90,1,0,0,-32,S,5c:62:8b:66:67:d2,1,0,0,0"
1791506366.443,"B,39775,10,5c:62:8b:66:67:d2,330,3,10674,15,-44,A,5c:62:8b:66:67:d2,0,3,0,0"
1791506366.443,"B,39775,10,72:3b:01:24:b7:c8,140,5,0,0,-36,S,5c:62:8b:66:67:d2,5,0,0,0"
1791506366.443,"B,39775,10,cc:b8:5e:ad:5c:4a,10534,10,330,3,-46,S,5c:62:8b:66:67:d2,1,1,0,8"
1791506366.648,"B,39875,10,5c:62:8b:66:67:d2,330,3,6438,6,-45,A,5c:62:8b:66:67:d2,0,3,0,0"
1791506366.648,"B,39875,10,72:3b:01:24:b7:c8,28,1,0,0,-36,S,5c:62:8b:66:67:d2,1,0,0,0"
1791506366.648,"B,39875,10,cc:b8:5e:ad:5c:4a,6410,5,330,3,-47,S,5c:62:8b:66:67:d2,0,0,0,5"
1791506366.648,"B,39975,10,5c:62:8b:66:67:d2,880,8,13730,14,-45,A,5c:62:8b:66:67:d2,0,8,0,0"
1791506366.648,"B,39975,10,cc:b8:5e:ad:5c:4a,13674,12,880,8,-46,S,5c:62:8b:66:67:d2,1,0,2,9"
1791506366.648,"B,39975,10,b2:db:ca:e6:29:a6,56,2,0,0,-44,S,5c:62:8b:66:67:d2,2,0,0,0"
1791506366.850,"B,40075,10,5c:62:8b:66:67:d2,660,6,11728,17,-45,A,5c:62:8b:66:67:d2,0,6,0,0"
1791506366.850,"B,40075,10,72:3b:01:24:b7:c8,112,4,0,0,-36,S,5c:62:8b:66:67:d2,4,0,0,0"
1791506366.850,"B,40075,10,cc:b8:5e:ad:5c:4a,11560,11,660,6,-46,S,5c:62:8b:66:67:d2,1,1,1,8"
1791506366.850,"B,40075,10,b2:db:ca:e6:29:a6,56,2,0,0,-43,S,5c:62:8b:66:67:d2,2,0,0,0"
1791506366.850,"I,40089,stat,rx=14359,drops=0,ch=10,bin=100,hop=0,heap=202024"
1791506366.850,"B,40175,10,5c:62:8b:66:67:d2,570,5,28730,30,-45,A,5c:62:8b:66:67:d2,0,5,0,0"
1791506366.850,"B,40175,10,72:3b:01:24:b7:c8,168,6,0,0,-38,S,5c:62:8b:66:67:d2,6,0,0,0"
1791506366.850,"B,40175,10,cc:b8:5e:ad:5c:4a,28534,23,570,5,-45,S,5c:62:8b:66:67:d2,0,1,0,22"
1791506366.850,"B,40175,10,b2:db:ca:e6:29:a6,28,1,0,0,-43,S,5c:62:8b:66:67:d2,1,0,0,0"
1791506367.053,"B,40275,10,5c:62:8b:66:67:d2,1222,11,14592,15,-45,A,5c:62:8b:66:67:d2,0,11,0,0"
1791506367.053,"B,40275,10,cc:b8:5e:ad:5c:4a,14536,13,1222,11,-47,S,5c:62:8b:66:67:d2,1,1,1,10"
1791506367.053,"B,40275,10,b2:db:ca:e6:29:a6,56,2,0,0,-44,S,5c:62:8b:66:67:d2,2,0,0,0"
1791506367.053,"B,40375,10,5c:62:8b:66:67:d2,440,4,13362,18,-45,A,5c:62:8b:66:67:d2,0,4,0,0"
1791506367.053,"B,40375,10,72:3b:01:24:b7:c8,112,4,0,0,-40,S,5c:62:8b:66:67:d2,4,0,0,0"
1791506367.053,"B,40375,10,cc:b8:5e:ad:5c:4a,13194,12,440,4,-47,S,5c:62:8b:66:67:d2,1,0,2,9"
1791506367.053,"B,40375,10,b2:db:ca:e6:29:a6,56,2,0,0,-44,S,5c:62:8b:66:67:d2,2,0,0,0"
1791506367.257,"B,40475,10,5c:62:8b:66:67:d2,660,6,22056,25,-45,A,5c:62:8b:66:67:d2,0,6,0,0"
1791506367.257,"B,40475,10,72:3b:01:24:b7:c8,112,4,0,0,-39,S,5c:62:8b:66:67:d2,4,0,0,0"
1791506367.257,"B,40475,10,cc:b8:5e:ad:5c:4a,21916,20,660,6,-47,S,5c:62:8b:66:67:d2,2,1,1,16"
1791506367.257,"B,40475,10,b2:db:ca:e6:29:a6,28,1,0,0,-45,S,5c:62:8b:66:67:d2,1,0,0,0"
1791506367.257,"B,40575,10,5c:62:8b:66:67:d2,330,3,8754,8,-45,A,5c:62:8b:66:67:d2,0,3,0,0"
1791506367.257,"B,40575,10,cc:b8:5e:ad:5c:4a,8754,8,330,3,-46,S,5c:62:8b:66:67:d2,1,0,1,6"
1791506367.457,"B,40675,10,5c:62:8b:66:67:d2,770,7,21158,18,-45,A,5c:62:8b:66:67:d2,0,7,0,0"
1791506367.457,"B,40675,10,72:3b:01:24:b7:c8,28,1,0,0,-41,S,5c:62:8b:66:67:d2,1,0,0,0"
1791506367.457,"B,40675,10,cc:b8:5e:ad:5c:4a,21130,17,770,7,-47,S,5c:62:8b:66:67:d2,0,1,0,16"
1791506367.457,"B,40775,10,5c:62:8b:66:67:d2,330,3,20520,21,-45,A,5c:62:8b:66:67:d2,0,3,0,0"
1791506367.457,"B,40775,10,72:3b:01:24:b7:c8,112,4,0,0,-38,S,5c:62:8b:66:67:d2,4,0,0,0"
1791506367.457,"B,40775,10,cc:b8:5e:ad:5c:4a,20408,17,330,3,-44,S,5c:62:8b:66:67:d2,1,0,1,15"
1791506367.658,"B,40875,10,5c:62:8b:66:67:d2,660,6,30698,29,-44,A,5c:62:8b:66:67:d2,0,6,0,0"
1791506367.658,"B,40875,10,72:3b:01:24:b7:c8,84,3,0,0,-49,S,5c:62:8b:66:67:d2,3,0,0,0"
1791506367.658,"B,40875,10,cc:b8:5e:ad:5c:4a,30614,26,660,6,-45,S,5c:62:8b:66:67:d2,1,2,1,22"
1791506367.658,"B,40975,10,5c:62:8b:66:67:d2,330,3,14082,12,-45,A,5c:62:8b:66:67:d2,0,3,0,0"
1791506367.658,"B,40975,10,cc:b8:5e:ad:5c:4a,14082,12,330,3,-46,S,5c:62:8b:66:67:d2,1,0,0,11"
1791506367.858,"B,41075,10,5c:62:8b:66:67:d2,990,9,48046,43,-44,A,5c:62:8b:66:67:d2,0,9,0,0"
1791506367.858,"B,41075,10,72:3b:01:24:b7:c8,112,4,0,0,-39,S,5c:62:8b:66:67:d2,4,0,0,0"
1791506367.858,"B,41075,10,cc:b8:5e:ad:5c:4a,47934,39,990,9,-45,S,5c:62:8b:66:67:d2,0,3,0,36"
1791506367.858,"B,41175,10,5c:62:8b:66:67:d2,330,3,11050,14,-45,A,5c:62:8b:66:67:d2,0,3,0,0"
1791506367.858,"B,41175,10,72:3b:01:24:b7:c8,112,4,0,0,-38,S,5c:62:8b:66:67:d2,4,0,0,0"
1791506367.858,"B,41175,10,cc:b8:5e:ad:5c:4a,10938,10,330,3,-46,S,5c:62:8b:66:67:d2,1,1,0,8"
1791506367.858,"B,41175,10,80:af:ca:68:4c:f8,84,1,0,0,-89,A,80:af:ca:68:4c:f8,1,0,0,0"
1791506368.059,"B,41275,10,5c:62:8b:66:67:d2,660,6,25728,25,-45,A,5c:62:8b:66:67:d2,0,6,0,0"
1791506368.059,"B,41275,10,cc:b8:5e:ad:5c:4a,25728,25,660,6,-45,S,5c:62:8b:66:67:d2,1,5,0,19"
1791506368.059,"B,41375,10,5c:62:8b:66:67:d2,330,3,9876,13,-45,A,5c:62:8b:66:67:d2,0,3,0,0"
1791506368.059,"B,41375,10,72:3b:01:24:b7:c8,112,4,0,0,-38,S,5c:62:8b:66:67:d2,4,0,0,0"
1791506368.059,"B,41375,10,cc:b8:5e:ad:5c:4a,9764,9,330,3,-47,S,5c:62:8b:66:67:d2,1,0,1,7"
1791506368.059,"B,41375,10,b0:a7:b9:23:82:ee,0,0,28,1,-90,A,b0:a7:b9:23:82:ee,0,0,0,0"
1791506368.059,"B,41375,10,e2:5e:2c:92:7b:df,28,1,0,0,-89,S,b0:a7:b9:23:82:ee,1,0,0,0"
1791506368.259,"B,41475,10,5c:62:8b:66:67:d2,660,6,41498,37,-45,A,5c:62:8b:66:67:d2,0,6,0,0"
1791506368.259,"B,41475,10,72:3b:01:24:b7:c8,112,4,0,0,-37,S,5c:62:8b:66:67:d2,4,0,0,0"
1791506368.259,"B,41475,10,cc:b8:5e:ad:5c:4a,41386,33,660,6,-45,S,5c:62:8b:66:67:d2,0,1,0,32"
1791506368.259,"B,41575,10,5c:62:8b:66:67:d2,550,5,10000,17,-45,A,5c:62:8b:66:67:d2,0,5,0,0"
1791506368.259,"B,41575,10,72:3b:01:24:b7:c8,112,4,0,0,-38,S,5c:62:8b:66:67:d2,4,0,0,0"
1791506368.259,"B,41575,10,cc:b8:5e:ad:5c:4a,9888,13,550,5,-46,S,5c:62:8b:66:67:d2,5,0,1,7"
1791506368.460,"B,41675,10,5c:62:8b:66:67:d2,5304,16,54784,47,-45,A,5c:62:8b:66:67:d2,0,13,0,3"
1791506368.460,"B,41675,10,72:3b:01:24:b7:c8,0,0,3846,3,0,S,5c:62:8b:66:67:d2,0,0,0,0"
1791506368.460,"B,41675,10,cc:b8:5e:ad:5c:4a,54784,47,1458,13,-45,S,5c:62:8b:66:67:d2,1,6,0,40"
1791506368.460,"B,41775,10,5c:62:8b:66:67:d2,1132,10,18032,17,-44,A,5c:62:8b:66:67:d2,0,10,0,0"
1791506368.460,"B,41775,10,72:3b:01:24:b7:c8,56,2,0,0,-36,S,5c:62:8b:66:67:d2,2,0,0,0"
1791506368.460,"B,41775,10,cc:b8:5e:ad:5c:4a,17976,15,1132,10,-45,S,5c:62:8b:66:67:d2,1,0,0,14"
1791506368.660,"B,41875,10,5c:62:8b:66:67:d2,1870,17,156404,122,-44,A,5c:62:8b:66:67:d2,0,17,0,0"
1791506368.660,"B,41875,10,cc:b8:5e:ad:5c:4a,156404,122,1870,17,-45,S,5c:62:8b:66:67:d2,0,0,0,122"
1791506368.660,"B,41975,10,5c:62:8b:66:67:d2,3054,27,79138,70,-45,A,5c:62:8b:66:67:d2,0,27,0,0"
1791506368.660,"B,41975,10,72:3b:01:24:b7:c8,168,6,0,0,-39,S,5c:62:8b:66:67:d2,6,0,0,0"
1791506368.660,"B,41975,10,cc:b8:5e:ad:5c:4a,78970,64,3054,27,-45,S,5c:62:8b:66:67:d2,1,2,0,61"
1791506368.861,"B,42075,10,5c:62:8b:66:67:d2,2468,22,57134,57,-44,A,5c:62:8b:66:67:d2,0,22,0,0"
1791506368.861,"B,42075,10,72:3b:01:24:b7:c8,56,2,0,0,-40,S,5c:62:8b:66:67:d2,2,0,0,0"
1791506368.861,"B,42075,10,cc:b8:5e:ad:5c:4a,57078,55,2468,22,-45,S,5c:62:8b:66:67:d2,2,12,1,40"
1791506368.861,"B,42175,10,5c:62:8b:66:67:d2,516,4,9308,17,-45,A,5c:62:8b:66:67:d2,0,4,0,0"
1791506368.861,"B,42175,10,72:3b:01:24:b7:c8,224,8,0,0,-39,S,5c:62:8b:66:67:d2,8,0,0,0"
1791506368.861,"B,42175,10,cc:b8:5e:ad:5c:4a,9084,9,516,4,-46,S,5c:62:8b:66:67:d2,1,1,1,6"
1791506369.062,"B,42275,10,5c:62:8b:66:67:d2,550,5,10450,15,-45,A,5c:62:8b:66:67:d2,0,5,0,0"
1791506369.062,"B,42275,10,72:3b:01:24:b7:c8,168,6,0,0,-39,S,5c:62:8b:66:67:d2,6,0,0,0"
1791506369.062,"B,42275,10,cc:b8:5e:ad:5c:4a,10282,9,550,5,-47,S,5c:62:8b:66:67:d2,0,1,1,7"
1791506369.062,"B,42375,10,5c:62:8b:66:67:d2,440,4,11558,10,-45,A,5c:62:8b:66:67:d2,0,4,0,0"
1791506369.062,"B,42375,10,cc:b8:5e:ad:5c:4a,11558,10,440,4,-47,S,5c:62:8b:66:67:d2,1,0,0,9"
1791506369.262,"B,42475,10,5c:62:8b:66:67:d2,770,7,22040,19,-45,A,5c:62:8b:66:67:d2,0,7,0,0"
1791506369.262,"B,42475,10,cc:b8:5e:ad:5c:4a,22040,19,770,7,-47,S,5c:62:8b:66:67:d2,1,1,3,14"
1791506369.262,"B,42575,10,5c:62:8b:66:67:d2,660,6,18954,21,-45,A,5c:62:8b:66:67:d2,0,6,0,0"
1791506369.262,"B,42575,10,72:3b:01:24:b7:c8,140,5,0,0,-38,S,5c:62:8b:66:67:d2,5,0,0,0"
1791506369.262,"B,42575,10,cc:b8:5e:ad:5c:4a,18814,16,660,6,-47,S,5c:62:8b:66:67:d2,1,0,1,14"
1791506369.463,"B,42675,10,5c:62:8b:66:67:d2,550,5,18454,19,-45,A,5c:62:8b:66:67:d2,0,5,0,0"
1791506369.463,"B,42675,10,cc:b8:5e:ad:5c:4a,18454,19,550,5,-45,S,5c:62:8b:66:67:d2,0,6,0,13"
1791506369.463,"B,42775,10,5c:62:8b:66:67:d2,660,6,20702,19,-45,A,5c:62:8b:66:67:d2,0,6,0,0"
1791506369.463,"B,42775,10,cc:b8:5e:ad:5c:4a,20674,18,660,6,-46,S,5c:62:8b:66:67:d2,1,1,1,15"
1791506369.463,"B,42775,10,b2:db:ca:e6:29:a6,28,1,0,0,-45,S,5c:62:8b:66:67:d2,1,0,0,0"
1791506369.663,"B,42875,10,5c:62:8b:66:67:d2,440,4,13724,17,-45,A,5c:62:8b:66:67:d2,0,4,0,0"
1791506369.663,"B,42875,10,72:3b:01:24:b7:c8,56,2,0,0,-40,S,5c:62:8b:66:67:d2,2,0,0,0"
1791506369.663,"B,42875,10,cc:b8:5e:ad:5c:4a,13612,13,440,4,-46,S,5c:62:8b:66:67:d2,1,3,0,9"
1791506369.663,"B,42875,10,b2:db:ca:e6:29:a6,56,2,0,0,-44,S,5c:62:8b:66:67:d2,2,0,0,0"
1791506369.663,"B,42975,10,5c:62:8b:66:67:d2,440,4,15706,16,-45,A,5c:62:8b:66:67:d2,0,4,0,0"
1791506369.663,"B,42975,10,cc:b8:5e:ad:5c:4a,15650,14,440,4,-42,S,5c:62:8b:66:67:d2,1,1,0,12"
1791506369.663,"B,42975,10,b2:db:ca:e6:29:a6,56,2,0,0,-44,S,5c:62:8b:66:67:d2,2,0,0,0"
1791506369.663,"B,42975,10,78:8c:b5:f5:e7:26,160,2,0,0,-74,A,78:8c:b5:f5:e7:26,2,0,0,0"
1791506369.864,"B,43075,10,5c:62:8b:66:67:d2,660,6,10984,16,-45,A,5c:62:8b:66:67:d2,0,6,0,0"
1791506369.864,"B,43075,10,72:3b:01:24:b7:c8,112,4,0,0,-36,S,5c:62:8b:66:67:d2,4,0,0,0"
1791506369.864,"B,43075,10,cc:b8:5e:ad:5c:4a,10816,10,660,6,-47,S,5c:62:8b:66:67:d2,0,2,0,8"
1791506369.864,"B,43075,10,b2:db:ca:e6:29:a6,56,2,0,0,-45,S,5c:62:8b:66:67:d2,2,0,0,0"
1791506369.864,"B,43175,10,5c:62:8b:66:67:d2,5200,10,18878,18,-45,A,5c:62:8b:66:67:d2,0,6,4,0"
1791506369.864,"B,43175,10,72:3b:01:24:b7:c8,0,0,4536,4,0,S,5c:62:8b:66:67:d2,0,0,0,0"
1791506369.864,"B,43175,10,cc:b8:5e:ad:5c:4a,18822,16,664,6,-46,S,5c:62:8b:66:67:d2,1,0,2,13"
1791506369.864,"B,43175,10,b2:db:ca:e6:29:a6,56,2,0,0,-43,S,5c:62:8b:66:67:d2,2,0,0,0"
1791506370.065,"B,43275,10,5c:62:8b:66:67:d2,1246,11,10498,11,-45,A,5c:62:8b:66:67:d2,0,11,0,0"
1791506370.065,"B,43275,10,cc:b8:5e:ad:5c:4a,10470,10,1246,11,-46,S,5c:62:8b:66:67:d2,1,1,0,8"
1791506370.065,"B,43275,10,b2:db:ca:e6:29:a6,28,1,0,0,-45,S,5c:62:8b:66:67:d2,1,0,0,0"
1791506370.065,"B,43375,10,5c:62:8b:66:67:d2,440,4,21030,27,-45,A,5c:62:8b:66:67:d2,0,4,0,0"
1791506370.065,"B,43375,10,72:3b:01:24:b7:c8,168,6,0,0,-38,S,5c:62:8b:66:67:d2,6,0,0,0"
1791506370.065,"B,43375,10,cc:b8:5e:ad:5c:4a,20778,18,440,4,-47,S,5c:62:8b:66:67:d2,1,1,0,16"
1791506370.065,"B,43375,10,b2:db:ca:e6:29:a6,84,3,0,0,-45,S,5c:62:8b:66:67:d2,3,0,0,0"
1791506370.267,"B,43475,10,5c:62:8b:66:67:d2,558,5,9446,11,-44,A,5c:62:8b:66:67:d2,0,5,0,0"
1791506370.267,"B,43475,10,72:3b:01:24:b7:c8,28,1,0,0,-39,S,5c:62:8b:66:67:d2,1,0,0,0"
1791506370.267,"B,43475,10,cc:b8:5e:ad:5c:4a,9390,9,558,5,-47,S,5c:62:8b:66:67:d2,0,2,0,7"
1791506370.267,"B,43475,10,b2:db:ca:e6:29:a6,28,1,0,0,-44,S,5c:62:8b:66:67:d2,1,0,0,0"
1791506370.267,"B,43575,10,5c:62:8b:66:67:d2,1580,14,25218,23,-44,A,5c:62:8b:66:67:d2,0,14,0,0"
1791506370.267,"B,43575,10,cc:b8:5e:ad:5c:4a,25190,22,1580,14,-46,S,5c:62:8b:66:67:d2,1,0,6,15"
1791506370.267,"B,43575,10,b2:db:ca:e6:29:a6,28,1,0,0,-45,S,5c:62:8b:66:67:d2,1,0,0,0"
1791506370.468,"B,43675,10,5c:62:8b:66:67:d2,440,4,4336,11,-45,A,5c:62:8b:66:67:d2,0,4,0,0"
1791506370.468,"B,43675,10,72:3b:01:24:b7:c8,112,4,0,0,-38,S,5c:62:8b:66:67:d2,4,0,0,0"
1791506370.468,"B,43675,10,cc:b8:5e:ad:5c:4a,4168,5,440,4,-47,S,5c:62:8b:66:67:d2,1,1,0,3"
1791506370.468,"B,43675,10,b2:db:ca:e6:29:a6,56,2,0,0,-44,S,5c:62:8b:66:67:d2,2,0,0,0"
1791506370.468,"B,43775,10,5c:62:8b:66:67:d2,330,3,9956,11,-45,A,5c:62:8b:66:67:d2,0,3,0,0"
1791506370.468,"B,43775,10,72:3b:01:24:b7:c8,56,2,0,0,-40,S,5c:62:8b:66:67:d2,2,0,0,0"
1791506370.468,"B,43775,10,cc:b8:5e:ad:5c:4a,9900,9,330,3,-45,S,5c:62:8b:66:67:d2,1,0,1,7"
1791506370.671,"B,43875,10,5c:62:8b:66:67:d2,660,6,14278,13,-45,A,5c:62:8b:66:67:d2,0,6,0,0"
1791506370.671,"B,43875,10,cc:b8:5e:ad:5c:4a,14278,13,660,6,-47,S,5c:62:8b:66:67:d2,0,3,0,10"
1791506370.671,"B,43875,10,78:8c:b5:f5:e7:26,258,2,0,0,-75,A,78:8c:b5:f5:e7:26,0,2,0,0"
1791506370.671,"B,43975,10,5c:62:8b:66:67:d2,880,8,19556,17,-45,A,5c:62:8b:66:67:d2,0,8,0,0"
1791506370.671,"B,43975,10,cc:b8:5e:ad:5c:4a,19556,17,880,8,-46,S,5c:62:8b:66:67:d2,1,1,0,15"
1791506370.671,"B,43975,10,78:8c:b5:f5:e7:26,80,1,0,0,-75,A,78:8c:b5:f5:e7:26,1,0,0,0"
1791506370.874,"B,44075,10,5c:62:8b:66:67:d2,1100,10,15608,18,-45,A,5c:62:8b:66:67:d2,0,10,0,0"
1791506370.874,"B,44075,10,72:3b:01:24:b7:c8,84,3,0,0,-39,S,5c:62:8b:66:67:d2,3,0,0,0"
1791506370.874,"B,44075,10,cc:b8:5e:ad:5c:4a,15524,15,1100,10,-46,S,5c:62:8b:66:67:d2,1,4,1,9"
1791506370.874,"B,44075,10,f2:51:4e:f8:1a:7f,30,1,0,0,-88,S,b0:a7:b9:23:82:ee,1,0,0,0"
1791506370.874,"B,44075,10,b0:a7:b9:23:82:ee,0,0,30,1,-89,A,b0:a7:b9:23:82:ee,0,0,0,0"
1791506370.874,"B,44175,10,5c:62:8b:66:67:d2,440,4,11510,15,-45,A,5c:62:8b:66:67:d2,0,4,0,0"
1791506370.874,"B,44175,10,72:3b:01:24:b7:c8,140,5,0,0,-41,S,5c:62:8b:66:67:d2,5,0,0,0"
1791506370.874,"B,44175,10,cc:b8:5e:ad:5c:4a,11370,10,440,4,-46,S,5c:62:8b:66:67:d2,1,0,1,8"
1791506371.077,"B,44275,10,5c:62:8b:66:67:d2,876,8,14030,13,-45,A,5c:62:8b:66:67:d2,0,8,0,0"
1791506371.077,"B,44275,10,cc:b8:5e:ad:5c:4a,14030,13,876,8,-47,S,5c:62:8b:66:67:d2,0,1,3,9"
1791506371.077,"B,44375,10,5c:62:8b:66:67:d2,440,4,8894,10,-45,A,5c:62:8b:66:67:d2,0,4,0,0"
1791506371.077,"B,44375,10,72:3b:01:24:b7:c8,56,2,0,0,-37,S,5c:62:8b:66:67:d2,2,0,0,0"
1791506371.077,"B,44375,10,cc:b8:5e:ad:5c:4a,8838,8,440,4,-46,S,5c:62:8b:66:67:d2,1,0,1,6"
1791506371.282,"B,44475,10,5c:62:8b:66:67:d2,1100,10,11736,15,-45,A,5c:62:8b:66:67:d2,0,10,0,0"
1791506371.282,"B,44475,10,72:3b:01:24:b7:c8,112,4,0,0,-37,S,5c:62:8b:66:67:d2,4,0,0,0"
1791506371.282,"B,44475,10,cc:b8:5e:ad:5c:4a,11624,11,1100,10,-47,S,5c:62:8b:66:67:d2,1,1,1,8"
1791506371.282,"B,44575,10,5c:62:8b:66:67:d2,550,5,9996,8,-45,A,5c:62:8b:66:67:d2,0,5,0,0"
1791506371.282,"B,44575,10,cc:b8:5e:ad:5c:4a,9996,8,550,5,-47,S,5c:62:8b:66:67:d2,0,0,1,7"
1791506371.482,"B,44675,10,5c:62:8b:66:67:d2,660,6,18940,22,-44,A,5c:62:8b:66:67:d2,0,6,0,0"
1791506371.482,"B,44675,10,72:3b:01:24:b7:c8,140,5,0,0,-38,S,5c:62:8b:66:67:d2,5,0,0,0"
1791506371.482,"B,44675,10,cc:b8:5e:ad:5c:4a,18800,17,660,6,-47,S,5c:62:8b:66:67:d2,1,2,0,14"
1791506371.482,"B,44675,10,78:8c:b5:f5:e7:26,84,1,0,0,-74,A,78:8c:b5:f5:e7:26,1,0,0,0"
1791506371.482,"B,44775,10,5c:62:8b:66:67:d2,3190,29,57774,48,-44,A,5c:62:8b:66:67:d2,0,29,0,0"
1791506371.482,"B,44775,10,72:3b:01:24:b7:c8,56,2,0,0,-36,S,5c:62:8b:66:67:d2,2,0,0,0"
1791506371.482,"B,44775,10,cc:b8:5e:ad:5c:4a,57718,46,3190,29,-46,S,5c:62:8b:66:67:d2,1,0,0,45"
1791506371.687,"B,44875,10,5c:62:8b:66:67:d2,4620,42,99994,81,-44,A,5c:62:8b:66:67:d2,0,42,0,0"
1791506371.687,"B,44875,10,cc:b8:5e:ad:5c:4a,99966,80,4620,42,-46,S,5c:62:8b:66:67:d2,1,1,1,77"
1791506371.687,"B,44875,10,b2:db:ca:e6:29:a6,28,1,0,0,-44,S,5c:62:8b:66:67:d2,1,0,0,0"
1791506371.687,"B,44975,10,5c:62:8b:66:67:d2,990,9,16146,18,-45,A,5c:62:8b:66:67:d2,0,9,0,0"
1791506371.687,"B,44975,10,72:3b:01:24:b7:c8,112,4,0,0,-39,S,5c:62:8b:66:67:d2,4,0,0,0"
1791506371.687,"B,44975,10,cc:b8:5e:ad:5c:4a,16034,14,990,9,-46,S,5c:62:8b:66:67:d2,1,1,0,12"
1791506371.687,"B,44975,10,78:8c:b5:f5:e7:26,80,1,0,0,-75,A,78:8c:b5:f5:e7:26,1,0,0,0"
1791506371.891,"B,45075,10,5c:62:8b:66:67:d2,1252,10,9968,16,-45,A,5c:62:8b:66:67:d2,0,10,0,0"
1791506371.891,"B,45075,10,72:3b:01:24:b7:c8,84,3,0,0,-37,S,5c:62:8b:66:67:d2,3,0,0,0"
1791506371.891,"B,45075,10,cc:b8:5e:ad:5c:4a,9828,11,1252,10,-45,S,5c:62:8b:66:67:d2,1,1,6,3"
1791506371.891,"B,45075,10,f2:51:4e:f8:1a:7f,30,1,0,0,-85,S,b0:a7:b9:23:82:ee,1,0,0,0"
1791506371.891,"B,45075,10,b0:a7:b9:23:82:ee,0,0,30,1,-89,A,b0:a7:b9:23:82:ee,0,0,0,0"
1791506371.891,"B,45075,10,b2:db:ca:e6:29:a6,56,2,0,0,-45,S,5c:62:8b:66:67:d2,2,0,0,0"
1791506371.891,"I,45093,stat,rx=16208,drops=0,ch=10,bin=100,hop=0,heap=202024"
1791506371.891,"B,45175,10,5c:62:8b:66:67:d2,880,8,13984,15,-45,A,5c:62:8b:66:67:d2,0,8,0,0"
1791506371.891,"B,45175,10,cc:b8:5e:ad:5c:4a,13928,13,880,8,-46,S,5c:62:8b:66:67:d2,1,1,1,10"
1791506371.891,"B,45175,10,b2:db:ca:e6:29:a6,56,2,0,0,-44,S,5c:62:8b:66:67:d2,2,0,0,0"
1791506372.096,"B,45275,10,5c:62:8b:66:67:d2,220,2,1450,7,-45,A,5c:62:8b:66:67:d2,0,2,0,0"
1791506372.096,"B,45275,10,72:3b:01:24:b7:c8,112,4,0,0,-38,S,5c:62:8b:66:67:d2,4,0,0,0"
1791506372.096,"B,45275,10,cc:b8:5e:ad:5c:4a,1282,1,220,2,-47,S,5c:62:8b:66:67:d2,0,0,0,1"
1791506372.096,"B,45275,10,b2:db:ca:e6:29:a6,56,2,0,0,-44,S,5c:62:8b:66:67:d2,2,0,0,0"
1791506372.096,"B,45375,10,5c:62:8b:66:67:d2,440,4,9086,11,-45,A,5c:62:8b:66:67:d2,0,4,0,0"
1791506372.096,"B,45375,10,cc:b8:5e:ad:5c:4a,9002,8,440,4,-46,S,5c:62:8b:66:67:d2,1,0,0,7"
1791506372.096,"B,45375,10,b2:db:ca:e6:29:a6,84,3,0,0,-44,S,5c:62:8b:66:67:d2,3,0,0,0"
1791506372.301,"B,45475,10,5c:62:8b:66:67:d2,770,7,21570,21,-45,A,5c:62:8b:66:67:d2,0,7,0,0"
1791506372.301,"B,45475,10,cc:b8:5e:ad:5c:4a,21542,20,770,7,-46,S,5c:62:8b:66:67:d2,1,2,5,12"
1791506372.301,"B,45475,10,b2:db:ca:e6:29:a6,28,1,0,0,-45,S,5c:62:8b:66:67:d2,1,0,0,0"
1791506372.301,"B,45575,10,5c:62:8b:66:67:d2,770,7,21704,30,-45,A,5c:62:8b:66:67:d2,0,7,0,0"
1791506372.301,"B,45575,10,72:3b:01:24:b7:c8,252,9,0,0,-36,S,5c:62:8b:66:67:d2,9,0,0,0"
1791506372.301,"B,45575,10,cc:b8:5e:ad:5c:4a,21396,19,770,7,-47,S,5c:62:8b:66:67:d2,1,2,0,16"
1791506372.301,"B,45575,10,b2:db:ca:e6:29:a6,56,2,0,0,-44,S,5c:62:8b:66:67:d2,2,0,0,0"
1791506372.507,"B,45675,10,5c:62:8b:66:67:d2,330,3,3922,6,-45,A,5c:62:8b:66:67:d2,0,3,0,0"
1791506372.507,"B,45675,10,cc:b8:5e:ad:5c:4a,3838,3,330,3,-47,S,5c:62:8b:66:67:d2,0,0,0,3"
1791506372.507,"B,45675,10,b2:db:ca:e6:29:a6,84,3,0,0,-45,S,5c:62:8b:66:67:d2,3,0,0,0"
1791506372.507,"B,45775,10,5c:62:8b:66:67:d2,440,4,12484,17,-45,A,5c:62:8b:66:67:d2,0,4,0,0"
1791506372.507,"B,45775,10,cc:b8:5e:ad:5c:4a,12428,15,440,4,-46,S,5c:62:8b:66:67:d2,5,0,1,9"
1791506372.507,"B,45775,10,b2:db:ca:e6:29:a6,56,2,0,0,-44,S,5c:62:8b:66:67:d2,2,0,0,0"
1791506372.712,"B,45875,10,5c:62:8b:66:67:d2,440,4,13936,20,-45,A,5c:62:8b:66:67:d2,0,4,0,0"
1791506372.712,"B,45875,10,72:3b:01:24:b7:c8,140,5,0,0,-37,S,5c:62:8b:66:67:d2,5,0,0,0"
1791506372.712,"B,45875,10,cc:b8:5e:ad:5c:4a,13740,13,440,4,-46,S,5c:62:8b:66:67:d2,1,1,3,8"
1791506372.712,"B,45875,10,b2:db:ca:e6:29:a6,56,2,0,0,-44,S,5c:62:8b:66:67:d2,2,0,0,0"
1791506372.712,"B,45975,10,5c:62:8b:66:67:d2,110,1,16694,14,-46,A,5c:62:8b:66:67:d2,0,1,0,0"
1791506372.712,"B,45975,10,72:3b:01:24:b7:c8,28,1,0,0,-35,S,5c:62:8b:66:67:d2,1,0,0,0"
1791506372.712,"B,45975,10,cc:b8:5e:ad:5c:4a,16666,13,110,1,-45,S,5c:62:8b:66:67:d2,0,0,0,13"
1791506372.917,"B,46075,10,5c:62:8b:66:67:d2,1100,10,33804,31,-45,A,5c:62:8b:66:67:d2,0,10,0,0"
1791506372.917,"B,46075,10,cc:b8:5e:ad:5c:4a,33748,29,1100,10,-46,S,5c:62:8b:66:67:d2,1,0,6,22"
1791506372.917,"B,46075,10,b2:db:ca:e6:29:a6,56,2,0,0,-44,S,5c:62:8b:66:67:d2,2,0,0,0"
1791506372.917,"B,46175,10,5c:62:8b:66:67:d2,100,1,17348,35,-47,A,5c:62:8b:66:67:d2,0,1,0,0"
1791506372.917,"B,46175,10,72:3b:01:24:b7:c8,504,18,0,0,-37,S,5c:62:8b:66:67:d2,18,0,0,0"
1791506372.917,"B,46175,10,cc:b8:5e:ad:5c:4a,16694,14,0,0,-46,S,5c:62:8b:66:67:d2,1,0,0,13"
1791506372.917,"B,46175,10,b2:db:ca:e6:29:a6,56,2,0,0,-44,S,5c:62:8b:66:67:d2,2,0,0,0"
1791506372.917,"B,46175,10,46:88:44:6e:4f:e4,94,1,100,1,-36,S,5c:62:8b:66:67:d2,1,0,0,0"
1791506373.119,"B,46275,10,5c:62:8b:66:67:d2,1320,12,41026,36,-45,A,5c:62:8b:66:67:d2,0,12,0,0"
1791506373.119,"B,46275,10,cc:b8:5e:ad:5c:4a,40970,34,1320,12,-45,S,5c:62:8b:66:67:d2,1,1,1,31"
1791506373.119,"B,46275,10,b2:db:ca:e6:29:a6,56,2,0,0,-44,S,5c:62:8b:66:67:d2,2,0,0,0"
1791506373.119,"B,46375,10,5c:62:8b:66:67:d2,660,6,36854,38,-45,A,5c:62:8b:66:67:d2,0,6,0,0"
1791506373.119,"B,46375,10,72:3b:01:24:b7:c8,168,6,0,0,-36,S,5c:62:8b:66:67:d2,6,0,0,0"
1791506373.119,"B,46375,10,cc:b8:5e:ad:5c:4a,36630,30,660,6,-46,S,5c:62:8b:66:67:d2,1,0,3,26"
1791506373.119,"B,46375,10,b2:db:ca:e6:29:a6,56,2,0,0,-45,S,5c:62:8b:66:67:d2,2,0,0,0"
1791506373.319,"B,46475,10,5c:62:8b:66:67:d2,440,4,5002,9,-45,A,5c:62:8b:66:67:d2,0,4,0,0"
1791506373.319,"B,46475,10,72:3b:01:24:b7:c8,28,1,0,0,-39,S,5c:62:8b:66:67:d2,1,0,0,0"
1791506373.319,"B,46475,10,cc:b8:5e:ad:5c:4a,4918,6,440,4,-47,S,5c:62:8b:66:67:d2,1,1,1,3"
1791506373.319,"B,46475,10,b2:db:ca:e6:29:a6,56,2,0,0,-44,S,5c:62:8b:66:67:d2,2,0,0,0"
1791506373.319,"B,46575,10,5c:62:8b:66:67:d2,770,7,20576,22,-45,A,5c:62:8b:66:67:d2,0,7,0,0"
1791506373.319,"B,46575,10,cc:b8:5e:ad:5c:4a,20520,20,770,7,-46,S,5c:62:8b:66:67:d2,0,5,0,15"
1791506373.319,"B,46575,10,b2:db:ca:e6:29:a6,56,2,0,0,-44,S,5c:62:8b:66:67:d2,2,0,0,0"
1791506373.520,"B,46675,10,5c:62:8b:66:67:d2,440,4,22418,26,-45,A,5c:62:8b:66:67:d2,0,4,0,0"
1791506373.520,"B,46675,10,72:3b:01:24:b7:c8,112,4,0,0,-37,S,5c:62:8b:66:67:d2,4,0,0,0"
1791506373.520,"B,46675,10,cc:b8:5e:ad:5c:4a,22250,20,440,4,-47,S,5c:62:8b:66:67:d2,1,2,0,17"
1791506373.520,"B,46675,10,b2:db:ca:e6:29:a6,56,2,0,0,-43,S,5c:62:8b:66:67:d2,2,0,0,0"
1791506373.520,"B,46775,10,5c:62:8b:66:67:d2,550,5,25238,27,-45,A,5c:62:8b:66:67:d2,0,5,0,0"
1791506373.520,"B,46775,10,72:3b:01:24:b7:c8,56,2,0,0,-37,S,5c:62:8b:66:67:d2,2,0,0,0"
1791506373.520,"B,46775,10,cc:b8:5e:ad:5c:4a,24980,21,550,5,-46,S,5c:62:8b:66:67:d2,1,0,3,17"
1791506373.520,"B,46775,10,b2:db:ca:e6:29:a6,56,2,0,0,-45,S,5c:62:8b:66:67:d2,2,0,0,0"
1791506373.520,"B,46775,10,46:88:44:6e:4f:e4,146,2,0,0,-36,S,5c:62:8b:66:67:d2,1,1,0,0"
1791506373.720,"B,46875,10,5c:62:8b:66:67:d2,440,4,17956,19,-45,A,5c:62:8b:66:67:d2,0,4,0,0"
1791506373.720,"B,46875,10,cc:b8:5e:ad:5c:4a,17900,17,440,4,-46,S,5c:62:8b:66:67:d2,1,4,0,12"
1791506373.720,"B,46875,10,b2:db:ca:e6:29:a6,56,2,0,0,-43,S,5c:62:8b:66:67:d2,2,0,0,0"
1791506373.720,"B,46975,10,5c:62:8b:66:67:d2,783,7,14696,17,-45,A,5c:62:8b:66:67:d2,0,7,0,0"
1791506373.720,"B,46975,10,72:3b:01:24:b7:c8,84,3,0,0,-39,S,5c:62:8b:66:67:d2,3,0,0,0"
1791506373.720,"B,46975,10,cc:b8:5e:ad:5c:4a,14584,13,660,6,-46,S,5c:62:8b:66:67:d2,1,1,0,11"
1791506373.720,"B,46975,10,b2:db:ca:e6:29:a6,28,1,0,0,-44,S,5c:62:8b:66:67:d2,1,0,0,0"
1791506373.720,"B,46975,10,78:8c:b5:f5:e7:26,80,1,0,0,-74,A,78:8c:b5:f5:e7:26,1,0,0,0"
1791506373.720,"B,46975,10,46:88:44:6e:4f:e4,0,0,123,1,0,S,5c:62:8b:66:67:d2,0,0,0,0"
1791506373.720,"B,47075,10,5c:62:8b:66:67:d2,3310,13,15606,14,-46,A,5c:62:8b:66:67:d2,0,13,0,0"
1791506373.920,"B,47075,10,72:3b:01:24:b7:c8,0,0,2980,10,0,S,5c:62:8b:66:67:d2,0,0,0,0"
1791506373.920,"B,47075,10,cc:b8:5e:ad:5c:4a,15578,13,330,3,-47,S,5c:62:8b:66:67:d2,0,1,1,11"
1791506373.920,"B,47075,10,b2:db:ca:e6:29:a6,28,1,0,0,-45,S,5c:62:8b:66:67:d2,1,0,0,0"
1791506373.920,"B,47175,10,5c:62:8b:66:67:d2,0,0,19314,18,-48,A,5c:62:8b:66:67:d2,0,0,0,0"
1791506373.920,"B,47175,10,72:3b:01:24:b7:c8,28,1,0,0,-35,S,5c:62:8b:66:67:d2,1,0,0,0"
1791506373.920,"B,47175,10,cc:b8:5e:ad:5c:4a,19258,16,0,0,-46,S,5c:62:8b:66:67:d2,1,0,0,15"
1791506373.920,"B,47175,10,b2:db:ca:e6:29:a6,28,1,0,0,-44,S,5c:62:8b:66:67:d2,1,0,0,0"
1791506373.920,"B,47275,10,5c:62:8b:66:67:d2,110,1,12942,12,-46,A,5c:62:8b:66:67:d2,0,1,0,0"
1791506374.121,"B,47275,10,cc:b8:5e:ad:5c:4a,12848,11,110,1,-45,S,5c:62:8b:66:67:d2,1,0,0,10"
1791506374.121,"B,47275,10,46:88:44:6e:4f:e4,94,1,0,0,-36,S,5c:62:8b:66:67:d2,1,0,0,0"
1791506374.121,"B,47375,10,5c:62:8b:66:67:d2,912,8,5622,9,-44,A,5c:62:8b:66:67:d2,0,8,0,0"
1791506374.121,"B,47375,10,72:3b:01:24:b7:c8,84,3,0,0,-37,S,5c:62:8b:66:67:d2,3,0,0,0"
1791506374.121,"B,47375,10,cc:b8:5e:ad:5c:4a,5538,6,912,8,-46,S,5c:62:8b:66:67:d2,1,1,0,4"
1791506374.121,"B,47375,10,f2:51:4e:f8:1a:7f,120,4,0,0,-86,S,b0:a7:b9:23:82:ee,4,0,0,0"
1791506374.121,"B,47375,10,b0:a7:b9:23:82:ee,0,0,120,4,-88,A,b0:a7:b9:23:82:ee,0,0,0,0"
1791506374.121,"B,47475,10,5c:62:8b:66:67:d2,1874,17,46784,39,-44,A,5c:62:8b:66:67:d2,0,17,0,0"
1791506374.121,"B,47475,10,cc:b8:5e:ad:5c:4a,46784,39,1874,17,-46,S,5c:62:8b:66:67:d2,1,2,3,33"
1791506374.321,"B,47575,10,5c:62:8b:66:67:d2,550,5,14074,12,-45,A,5c:62:8b:66:67:d2,0,5,0,0"
1791506374.321,"B,47575,10,cc:b8:5e:ad:5c:4a,14074,12,550,5,-47,S,5c:62:8b:66:67:d2,1,0,0,11"
1791506374.321,"B,47675,10,5c:62:8b:66:67:d2,1870,17,35174,31,-45,A,5c:62:8b:66:67:d2,0,17,0,0"
1791506374.321,"B,47675,10,72:3b:01:24:b7:c8,56,2,0,0,-38,S,5c:62:8b:66:67:d2,2,0,0,0"
1791506374.321,"B,47675,10,cc:b8:5e:ad:5c:4a,35118,29,1870,17,-45,S,5c:62:8b:66:67:d2,0,2,0,27"
1791506374.521,"B,47775,10,5c:62:8b:66:67:d2,3740,34,132108,105,-44,A,5c:62:8b:66:67:d2,0,34,0,0"
1791506374.521,"B,47775,10,cc:b8:5e:ad:5c:4a,132108,105,3740,34,-46,S,5c:62:8b:66:67:d2,1,1,2,101"
1791506374.521,"B,47875,10,5c:62:8b:66:67:d2,660,6,10434,10,-45,A,5c:62:8b:66:67:d2,0,6,0,0"
1791506374.722,"B,47875,10,cc:b8:5e:ad:5c:4a,10434,10,660,6,-45,S,5c:62:8b:66:67:d2,1,1,1,7"
1791506374.722,"B,47975,10,5c:62:8b:66:67:d2,736,6,12350,18,-45,A,5c:62:8b:66:67:d2,0,6,0,0"
1791506374.722,"B,47975,10,72:3b:01:24:b7:c8,168,6,0,0,-36,S,5c:62:8b:66:67:d2,6,0,0,0"
1791506374.722,"B,47975,10,cc:b8:5e:ad:5c:4a,12182,12,736,6,-46,S,5c:62:8b:66:67:d2,1,2,0,9"
1791506374.722,"B,47975,10,78:8c:b5:f5:e7:26,80,1,0,0,-75,A,78:8c:b5:f5:e7:26,1,0,0,0"
1791506374.722,"B,48075,10,5c:62:8b:66:67:d2,660,6,10662,12,-45,A,5c:62:8b:66:67:d2,0,6,0,0"
1791506374.722,"B,48075,10,72:3b:01:24:b7:c8,56,2,0,0,-34,S,5c:62:8b:66:67:d2,2,0,0,0"
1791506374.922,"B,48075,10,cc:b8:5e:ad:5c:4a,10606,10,660,6,-46,S,5c:62:8b:66:67:d2,1,1,1,7"
1791506374.922,"B,48075,10,f2:51:4e:f8:1a:7f,30,1,0,0,-87,S,b0:a7:b9:23:82:ee,1,0,0,0"
1791506374.922,"B,48075,10,b0:a7:b9:23:82:ee,0,0,30,1,-89,A,b0:a7:b9:23:82:ee,0,0,0,0"
1791506374.922,"B,48175,10,5c:62:8b:66:67:d2,880,8,17452,19,-45,A,5c:62:8b:66:67:d2,0,8,0,0"
1791506374.922,"B,48175,10,72:3b:01:24:b7:c8,112,4,0,0,-37,S,5c:62:8b:66:67:d2,4,0,0,0"
1791506374.922,"B,48175,10,cc:b8:5e:ad:5c:4a,17340,15,880,8,-46,S,5c:62:8b:66:67:d2,1,0,2,12"
1791506374.922,"B,48275,10,5c:62:8b:66:67:d2,330,3,4288,6,-46,A,5c:62:8b:66:67:d2,0,3,0,0"
1791506374.922,"B,48275,10,72:3b:01:24:b7:c8,56,2,0,0,-38,S,5c:62:8b:66:67:d2,2,0,0,0"
1791506374.922,"B,48275,10,cc:b8:5e:ad:5c:4a,4232,4,330,3,-47,S,5c:62:8b:66:67:d2,0,1,0,3"
1791506375.123,"B,48375,10,5c:62:8b:66:67:d2,3534,7,20152,21,-45,A,5c:62:8b:66:67:d2,0,5,0,2"
1791506375.123,"B,48375,10,72:3b:01:24:b7:c8,56,2,3094,3,-38,S,5c:62:8b:66:67:d2,2,0,0,0"
1791506375.123,"B,48375,10,cc:b8:5e:ad:5c:4a,20096,19,440,4,-46,S,5c:62:8b:66:67:d2,1,4,0,14"
1791506375.123,"B,48475,10,5c:62:8b:66:67:d2,22686,25,11300,12,-45,A,5c:62:8b:66:67:d2,0,8,0,17"
1791506375.123,"B,48475,10,72:3b:01:24:b7:c8,28,1,21916,18,-38,S,5c:62:8b:66:67:d2,1,0,0,0"
1791506375.123,"B,48475,10,cc:b8:5e:ad:5c:4a,11272,11,770,7,-47,S,5c:62:8b:66:67:d2,1,1,1,8"
1791506375.323,"B,48575,10,5c:62:8b:66:67:d2,880,8,22292,27,-45,A,5c:62:8b:66:67:d2,0,8,0,0"
1791506375.323,"B,48575,10,72:3b:01:24:b7:c8,168,6,0,0,-38,S,5c:62:8b:66:67:d2,6,0,0,0"
1791506375.323,"B,48575,10,cc:b8:5e:ad:5c:4a,22124,21,880,8,-47,S,5c:62:8b:66:67:d2,3,1,0,17"
1791506375.323,"B,48675,10,5c:62:8b:66:67:d2,220,2,8210,8,-45,A,5c:62:8b:66:67:d2,0,2,0,0"
1791506375.323,"B,48675,10,72:3b:01:24:b7:c8,28,1,0,0,-38,S,5c:62:8b:66:67:d2,1,0,0,0"
1791506375.323,"B,48675,10,cc:b8:5e:ad:5c:4a,8182,7,220,2,-47,S,5c:62:8b:66:67:d2,0,0,2,5"
1791506375.524,"B,48775,10,5c:62:8b:66:67:d2,440,4,10950,10,-45,A,5c:62:8b:66:67:d2,0,4,0,0"
1791506375.524,"B,48775,10,cc:b8:5e:ad:5c:4a,10950,10,440,4,-47,S,5c:62:8b:66:67:d2,1,1,0,8"
1791506375.524,"B,48875,10,5c:62:8b:66:67:d2,550,5,19544,25,-45,A,5c:62:8b:66:67:d2,0,5,0,0"
1791506375.524,"B,48875,10,72:3b:01:24:b7:c8,224,8,0,0,-36,S,5c:62:8b:66:67:d2,8,0,0,0"
1791506375.524,"B,48875,10,cc:b8:5e:ad:5c:4a,19320,17,550,5,-45,S,5c:62:8b:66:67:d2,1,1,1,14"
1791506375.725,"B,48975,10,5c:62:8b:66:67:d2,660,6,16234,14,-45,A,5c:62:8b:66:67:d2,0,6,0,0"
1791506375.725,"B,48975,10,cc:b8:5e:ad:5c:4a,16234,14,660,6,-46,S,5c:62:8b:66:67:d2,1,0,1,12"
1791506375.725,"B,49075,10,5c:62:8b:66:67:d2,550,5,13904,12,-45,A,5c:62:8b:66:67:d2,0,5,0,0"
1791506375.725,"B,49075,10,cc:b8:5e:ad:5c:4a,13904,12,550,5,-47,S,5c:62:8b:66:67:d2,0,0,4,8"
1791506375.926,"B,49175,10,5c:62:8b:66:67:d2,550,5,16254,23,-45,A,5c:62:8b:66:67:d2,0,5,0,0"
1791506375.926,"B,49175,10,72:3b:01:24:b7:c8,252,9,0,0,-39,S,5c:62:8b:66:67:d2,9,0,0,0"
1791506375.926,"B,49175,10,cc:b8:5e:ad:5c:4a,16002,14,550,5,-46,S,5c:62:8b:66:67:d2,1,1,0,12"
1791506375.926,"B,49275,10,5c:62:8b:66:67:d2,550,5,23528,23,-45,A,5c:62:8b:66:67:d2,0,5,0,0"
1791506375.926,"B,49275,10,cc:b8:5e:ad:5c:4a,23528,23,550,5,-46,S,5c:62:8b:66:67:d2,1,5,0,17"
1791506376.126,"B,49375,10,5c:62:8b:66:67:d2,770,7,16294,16,-45,A,5c:62:8b:66:67:d2,0,7,0,0"
1791506376.126,"B,49375,10,cc:b8:5e:ad:5c:4a,16294,16,770,7,-46,S,5c:62:8b:66:67:d2,3,0,1,12"
1791506376.126,"B,49475,10,5c:62:8b:66:67:d2,110,1,22786,26,-47,A,5c:62:8b:66:67:d2,0,1,0,0"
1791506376.126,"B,49475,10,72:3b:01:24:b7:c8,168,6,0,0,-35,S,5c:62:8b:66:67:d2,6,0,0,0"
1791506376.126,"B,49475,10,cc:b8:5e:ad:5c:4a,22618,20,110,1,-45,S,5c:62:8b:66:67:d2,1,1,5,13"
1791506376.328,"B,49575,10,5c:62:8b:66:67:d2,990,9,15782,14,-45,A,5c:62:8b:66:67:d2,0,9,0,0"
1791506376.328,"B,49575,10,cc:b8:5e:ad:5c:4a,15782,14,990,9,-47,S,5c:62:8b:66:67:d2,1,1,0,12"
1791506376.328,"B,49675,10,5c:62:8b:66:67:d2,550,5,17746,20,-45,A,5c:62:8b:66:67:d2,0,5,0,0"
1791506376.328,"B,49675,10,cc:b8:5e:ad:5c:4a,17746,20,550,5,-45,S,5c:62:8b:66:67:d2,1,6,0,13"
1791506376.530,"B,49775,10,5c:62:8b:66:67:d2,550,5,12900,19,-46,A,5c:62:8b:66:67:d2,0,5,0,0"
1791506376.530,"B,49775,10,72:3b:01:24:b7:c8,224,8,0,0,-38,S,5c:62:8b:66:67:d2,8,0,0,0"
1791506376.530,"B,49775,10,cc:b8:5e:ad:5c:4a,12676,11,550,5,-47,S,5c:62:8b:66:67:d2,1,0,1,9"
1791506376.530,"B,49875,10,5c:62:8b:66:67:d2,550,5,12974,13,-45,A,5c:62:8b:66:67:d2,0,5,0,0"
1791506376.530,"B,49875,10,72:3b:01:24:b7:c8,28,1,0,0,-42,S,5c:62:8b:66:67:d2,1,0,0,0"
1791506376.530,"B,49875,10,cc:b8:5e:ad:5c:4a,12946,12,550,5,-47,S,5c:62:8b:66:67:d2,1,1,1,9"
1791506376.732,"B,49975,10,5c:62:8b:66:67:d2,550,5,16430,20,-45,A,5c:62:8b:66:67:d2,0,5,0,0"
1791506376.732,"B,49975,10,72:3b:01:24:b7:c8,168,6,0,0,-42,S,5c:62:8b:66:67:d2,6,0,0,0"
1791506376.732,"B,49975,10,cc:b8:5e:ad:5c:4a,16262,14,550,5,-46,S,5c:62:8b:66:67:d2,1,0,1,12"
1791506376.732,"B,50075,10,5c:62:8b:66:67:d2,4980,8,11094,10,-46,A,5c:62:8b:66:67:d2,0,3,5,0"
1791506376.732,"B,50075,10,72:3b:01:24:b7:c8,0,0,4650,5,0,S,5c:62:8b:66:67:d2,0,0,0,0"
1791506376.732,"B,50075,10,cc:b8:5e:ad:5c:4a,11094,10,330,3,-46,S,5c:62:8b:66:67:d2,1,0,2,7"
1791506376.934,"I,50094,stat,rx=17776,drops=0,ch=10,bin=100,hop=0,heap=202024"
1791506376.934,"B,50175,10,5c:62:8b:66:67:d2,0,0,24748,29,-47,A,5c:62:8b:66:67:d2,0,0,0,0"
1791506376.934,"B,50175,10,72:3b:01:24:b7:c8,224,8,0,0,-42,S,5c:62:8b:66:67:d2,8,0,0,0"
1791506376.934,"B,50175,10,cc:b8:5e:ad:5c:4a,24524,21,0,0,-45,S,5c:62:8b:66:67:d2,1,1,0,19"
1791506376.934,"B,50275,10,5c:62:8b:66:67:d2,1572,14,20866,20,-45,A,5c:62:8b:66:67:d2,0,14,0,0"
1791506376.934,"B,50275,10,72:3b:01:24:b7:c8,84,3,0,0,-42,S,5c:62:8b:66:67:d2,3,0,0,0"
1791506376.934,"B,50275,10,cc:b8:5e:ad:5c:4a,20782,17,1572,14,-46,S,5c:62:8b:66:67:d2,0,1,2,14"
1791506376.934,"B,50275,10,f2:51:4e:f8:1a:7f,82,1,0,0,-86,S,b0:a7:b9:23:82:ee,1,0,0,0"
1791506376.934,"B,50275,10,b0:a7:b9:23:82:ee,0,0,82,1,-87,A,b0:a7:b9:23:82:ee,0,0,0,0"
1791506377.136,"B,50375,10,5c:62:8b:66:67:d2,440,4,36242,33,-45,A,5c:62:8b:66:67:d2,0,4,0,0"
1791506377.136,"B,50375,10,72:3b:01:24:b7:c8,84,3,0,0,-42,S,5c:62:8b:66:67:d2,3,0,0,0"
1791506377.136,"B,50375,10,cc:b8:5e:ad:5c:4a,36158,30,440,4,-45,S,5c:62:8b:66:67:d2,1,1,0,28"
1791506377.136,"B,50475,10,5c:62:8b:66:67:d2,660,6,6476,8,-45,A,5c:62:8b:66:67:d2,0,6,0,0"
1791506377.136,"B,50475,10,72:3b:01:24:b7:c8,28,1,0,0,-43,S,5c:62:8b:66:67:d2,1,0,0,0"
1791506377.136,"B,50475,10,cc:b8:5e:ad:5c:4a,6448,7,660,6,-46,S,5c:62:8b:66:67:d2,1,2,0,4"
1791506377.340,"B,50575,10,5c:62:8b:66:67:d2,550,5,22776,21,-45,A,5c:62:8b:66:67:d2,0,5,0,0"
1791506377.340,"B,50575,10,72:3b:01:24:b7:c8,56,2,0,0,-41,S,5c:62:8b:66:67:d2,2,0,0,0"
1791506377.340,"B,50575,10,cc:b8:5e:ad:5c:4a,22720,19,550,5,-46,S,5c:62:8b:66:67:d2,1,0,1,17"
1791506377.340,"B,50675,10,5c:62:8b:66:67:d2,448,4,10050,12,-45,A,5c:62:8b:66:67:d2,0,4,0,0"
1791506377.340,"B,50675,10,72:3b:01:24:b7:c8,56,2,0,0,-42,S,5c:62:8b:66:67:d2,2,0,0,0"
1791506377.340,"B,50675,10,cc:b8:5e:ad:5c:4a,9994,10,448,4,-46,S,5c:62:8b:66:67:d2,1,1,1,7"
1791506377.540,"B,50775,10,5c:62:8b:66:67:d2,3104,28,73228,59,-45,A,5c:62:8b:66:67:d2,0,28,0,0"
1791506377.540,"B,50775,10,cc:b8:5e:ad:5c:4a,73228,59,3104,28,-46,S,5c:62:8b:66:67:d2,1,1,0,57"
1791506377.540,"B,50875,10,5c:62:8b:66:67:d2,1616,14,98798,80,-45,A,5c:62:8b:66:67:d2,0,14,0,0"
1791506377.540,"B,50875,10,72:3b:01:24:b7:c8,84,3,0,0,-42,S,5c:62:8b:66:67:d2,3,0,0,0"
1791506377.540,"B,50875,10,cc:b8:5e:ad:5c:4a,98714,77,1616,14,-44,S,5c:62:8b:66:67:d2,0,0,0,77"
1791506377.741,"B,50975,10,5c:62:8b:66:67:d2,3190,29,44740,44,-45,A,5c:62:8b:66:67:d2,0,29,0,0"
1791506377.741,"B,50975,10,72:3b:01:24:b7:c8,56,2,0,0,-42,S,5c:62:8b:66:67:d2,2,0,0,0"
1791506377.741,"B,50975,10,cc:b8:5e:ad:5c:4a,44684,42,3190,29,-45,S,5c:62:8b:66:67:d2,2,6,1,33"
1791506377.741,"B,50975,10,cc:d8:43:ca:9f:eb,0,0,60,2,-75,A,cc:d8:43:ca:9f:eb,0,0,0,0"
1791506377.741,"B,50975,10,98:5f:41:bf:7c:ff,60,2,0,0,-71,S,cc:d8:43:ca:9f:eb,2,0,0,0"
1791506377.741,"B,51075,10,5c:62:8b:66:67:d2,684,6,21522,18,-45,A,5c:62:8b:66:67:d2,0,6,0,0"
1791506377.741,"B,51075,10,72:3b:01:24:b7:c8,28,1,0,0,-42,S,5c:62:8b:66:67:d2,1,0,0,0"
1791506377.741,"B,51075,10,cc:b8:5e:ad:5c:4a,21494,17,684,6,-46,S,5c:62:8b:66:67:d2,0,0,3,14"
1791506377.942,"B,51175,10,5c:62:8b:66:67:d2,664,6,48354,50,-45,A,5c:62:8b:66:67:d2,0,6,0,0"
1791506377.942,"B,51175,10,cc:b8:5e:ad:5c:4a,48298,48,664,6,-44,S,5c:62:8b:66:67:d2,1,11,0,36"
1791506377.942,"B,51175,10,b2:db:ca:e6:29:a6,56,2,0,0,-44,S,5c:62:8b:66:67:d2,2,0,0,0"
1791506377.942,"B,51275,10,5c:62:8b:66:67:d2,3229,16,26406,25,-46,A,5c:62:8b:66:67:d2,0,16,0,0"
1791506377.942,"B,51275,10,72:3b:01:24:b7:c8,28,1,2226,7,-41,S,5c:62:8b:66:67:d2,1,0,0,0"
1791506377.942,"B,51275,10,cc:b8:5e:ad:5c:4a,26350,23,1003,9,-45,S,5c:62:8b:66:67:d2,0,3,1,19"
1791506377.942,"B,51275,10,b2:db:ca:e6:29:a6,28,1,0,0,-45,S,5c:62:8b:66:67:d2,1,0,0,0"
1791506378.142,"B,51375,10,5c:62:8b:66:67:d2,676,6,15480,19,-45,A,5c:62:8b:66:67:d2,0,6,0,0"
1791506378.142,"B,51375,10,72:3b:01:24:b7:c8,112,4,0,0,-41,S,5c:62:8b:66:67:d2,4,0,0,0"
1791506378.142,"B,51375,10,cc:b8:5e:ad:5c:4a,15312,13,676,6,-44,S,5c:62:8b:66:67:d2,1,0,1,11"
1791506378.142,"B,51375,10,b2:db:ca:e6:29:a6,56,2,0,0,-44,S,5c:62:8b:66:67:d2,2,0,0,0"
1791506378.142,"B,51475,10,5c:62:8b:66:67:d2,330,3,7726,10,-46,A,5c:62:8b:66:67:d2,0,3,0,0"
1791506378.142,"B,51475,10,cc:b8:5e:ad:5c:4a,7670,8,330,3,-45,S,5c:62:8b:66:67:d2,1,1,1,5"
1791506378.142,"B,51475,10,b0:a7:b9:23:82:ee,0,0,28,1,-88,A,b0:a7:b9:23:82:ee,0,0,0,0"
1791506378.142,"B,51475,10,b2:db:ca:e6:29:a6,56,2,0,0,-44,S,5c:62:8b:66:67:d2,2,0,0,0"
1791506378.142,"B,51475,10,e2:5e:2c:92:7b:df,28,1,0,0,-87,S,b0:a7:b9:23:82:ee,1,0,0,0"
1791506378.344,"B,51575,10,5c:62:8b:66:67:d2,660,6,16334,20,-46,A,5c:62:8b:66:67:d2,0,6,0,0"
1791506378.344,"B,51575,10,72:3b:01:24:b7:c8,112,4,0,0,-42,S,5c:62:8b:66:67:d2,4,0,0,0"
1791506378.344,"B,51575,10,cc:b8:5e:ad:5c:4a,16166,14,660,6,-46,S,5c:62:8b:66:67:d2,1,0,1,12"
1791506378.344,"B,51575,10,b0:a7:b9:23:82:ee,0,0,56,2,-89,A,b0:a7:b9:23:82:ee,0,0,0,0"
1791506378.344,"B,51575,10,b2:db:ca:e6:29:a6,56,2,0,0,-44,S,5c:62:8b:66:67:d2,2,0,0,0"
1791506378.344,"B,51575,10,e2:5e:2c:92:7b:df,56,2,0,0,-85,S,b0:a7:b9:23:82:ee,2,0,0,0"
1791506378.344,"B,51675,10,5c:62:8b:66:67:d2,330,3,7918,10,-46,A,5c:62:8b:66:67:d2,0,3,0,0"
1791506378.344,"B,51675,10,72:3b:01:24:b7:c8,56,2,0,0,-41,S,5c:62:8b:66:67:d2,2,0,0,0"
1791506378.344,"B,51675,10,cc:b8:5e:ad:5c:4a,7834,7,330,3,-46,S,5c:62:8b:66:67:d2,0,1,1,5"
1791506378.344,"B,51675,10,b2:db:ca:e6:29:a6,28,1,0,0,-45,S,5c:62:8b:66:67:d2,1,0,0,0"
1791506378.546,"B,51775,10,5c:62:8b:66:67:d2,550,5,12012,16,-46,A,5c:62:8b:66:67:d2,0,5,0,0"
1791506378.546,"B,51775,10,cc:b8:5e:ad:5c:4a,11928,13,550,5,-46,S,5c:62:8b:66:67:d2,3,1,0,9"
1791506378.546,"B,51775,10,b2:db:ca:e6:29:a6,84,3,0,0,-44,S,5c:62:8b:66:67:d2,3,0,0,0"
1791506378.546,"B,51875,10,5c:62:8b:66:67:d2,550,5,9382,19,-45,A,5c:62:8b:66:67:d2,0,5,0,0"
1791506378.546,"B,51875,10,72:3b:01:24:b7:c8,196,7,0,0,-41,S,5c:62:8b:66:67:d2,7,0,0,0"
1791506378.546,"B,51875,10,cc:b8:5e:ad:5c:4a,9130,10,550,5,-46,S,5c:62:8b:66:67:d2,1,2,1,6"
1791506378.546,"B,51875,10,b2:db:ca:e6:29:a6,56,2,0,0,-45,S,5c:62:8b:66:67:d2,2,0,0,0"
1791506378.748,"B,51975,10,5c:62:8b:66:67:d2,660,6,16162,16,-46,A,5c:62:8b:66:67:d2,0,6,0,0"
1791506378.748,"B,51975,10,cc:b8:5e:ad:5c:4a,16106,14,660,6,-45,S,5c:62:8b:66:67:d2,1,1,0,12"
1791506378.748,"B,51975,10,b2:db:ca:e6:29:a6,56,2,0,0,-45,S,5c:62:8b:66:67:d2,2,0,0,0"
1791506378.748,"B,52075,10,5c:62:8b:66:67:d2,550,5,10118,11,-46,A,5c:62:8b:66:67:d2,0,5,0,0"
1791506378.748,"B,52075,10,cc:b8:5e:ad:5c:4a,10062,9,550,5,-46,S,5c:62:8b:66:67:d2,0,1,1,7"
1791506378.748,"B,52075,10,b2:db:ca:e6:29:a6,56,2,0,0,-44,S,5c:62:8b:66:67:d2,2,0,0,0"
1791506378.950,"B,52175,10,5c:62:8b:66:67:d2,0,0,6466,7,-51,A,5c:62:8b:66:67:d2,0,0,0,0"
1791506378.950,"B,52175,10,72:3b:01:24:b7:c8,28,1,0,0,-41,S,5c:62:8b:66:67:d2,1,0,0,0"
1791506378.950,"B,52175,10,cc:b8:5e:ad:5c:4a,6438,6,0,0,-46,S,5c:62:8b:66:67:d2,1,0,0,5"
1791506378.950,"B,52175,10,b0:a7:b9:23:82:ee,0,0,28,1,-89,A,b0:a7:b9:23:82:ee,0,0,0,0"
1791506378.950,"B,52175,10,e2:5e:2c:92:7b:df,28,1,0,0,-87,S,b0:a7:b9:23:82:ee,1,0,0,0"
1791506378.950,"B,52275,10,5c:62:8b:66:67:d2,990,9,11202,12,-45,A,5c:62:8b:66:67:d2,0,9,0,0"
1791506378.950,"B,52275,10,72:3b:01:24:b7:c8,28,1,0,0,-42,S,5c:62:8b:66:67:d2,1,0,0,0"
1791506378.950,"B,52275,10,cc:b8:5e:ad:5c:4a,11146,10,990,9,-45,S,5c:62:8b:66:67:d2,1,0,1,8"
1791506378.950,"B,52275,10,b2:db:ca:e6:29:a6,28,1,0,0,-46,S,5c:62:8b:66:67:d2,1,0,0,0"
1791506379.153,"B,52375,10,5c:62:8b:66:67:d2,1210,11,18896,19,-46,A,5c:62:8b:66:67:d2,0,11,0,0"
1791506379.153,"B,52375,10,72:3b:01:24:b7:c8,56,2,0,0,-41,S,5c:62:8b:66:67:d2,2,0,0,0"
1791506379.153,"B,52375,10,cc:b8:5e:ad:5c:4a,18840,17,1210,11,-46,S,5c:62:8b:66:67:d2,1,1,2,13"
1791506379.153,"B,52475,10,5c:62:8b:66:67:d2,550,5,8482,10,-46,A,5c:62:8b:66:67:d2,0,5,0,0"
1791506379.153,"B,52475,10,72:3b:01:24:b7:c8,84,3,0,0,-41,S,5c:62:8b:66:67:d2,3,0,0,0"
1791506379.153,"B,52475,10,cc:b8:5e:ad:5c:4a,8398,7,550,5,-46,S,5c:62:8b:66:67:d2,0,0,2,5"
1791506379.357,"B,52575,10,5c:62:8b:66:67:d2,440,4,15376,15,-46,A,5c:62:8b:66:67:d2,0,4,0,0"
1791506379.357,"B,52575,10,72:3b:01:24:b7:c8,56,2,0,0,-38,S,5c:62:8b:66:67:d2,2,0,0,0"
1791506379.357,"B,52575,10,cc:b8:5e:ad:5c:4a,15320,13,440,4,-46,S,5c:62:8b:66:67:d2,1,0,1,11"
1791506379.357,"B,52675,10,5c:62:8b:66:67:d2,660,6,13448,15,-46,A,5c:62:8b:66:67:d2,0,6,0,0"
1791506379.357,"B,52675,10,cc:b8:5e:ad:5c:4a,13392,13,660,6,-44,S,5c:62:8b:66:67:d2,1,1,6,5"
1791506379.357,"B,52675,10,b2:db:ca:e6:29:a6,56,2,0,0,-44,S,5c:62:8b:66:67:d2,2,0,0,0"
1791506379.560,"B,52775,10,5c:62:8b:66:67:d2,330,3,9114,12,-46,A,5c:62:8b:66:67:d2,0,3,0,0"
1791506379.560,"B,52775,10,72:3b:01:24:b7:c8,84,3,0,0,-41,S,5c:62:8b:66:67:d2,3,0,0,0"
1791506379.560,"B,52775,10,cc:b8:5e:ad:5c:4a,9002,8,330,3,-46,S,5c:62:8b:66:67:d2,1,0,0,7"
1791506379.560,"B,52775,10,b2:db:ca:e6:29:a6,28,1,0,0,-46,S,5c:62:8b:66:67:d2,1,0,0,0"
1791506379.560,"B,52775,10,78:8c:b5:f5:e7:26,130,1,0,0,-75,A,78:8c:b5:f5:e7:26,0,1,0,0"
1791506379.560,"B,52875,10,5c:62:8b:66:67:d2,770,7,11368,11,-46,A,5c:62:8b:66:67:d2,0,7,0,0"
1791506379.560,"B,52875,10,cc:b8:5e:ad:5c:4a,11340,10,770,7,-46,S,5c:62:8b:66:67:d2,0,1,2,7"
1791506379.560,"B,52875,10,b2:db:ca:e6:29:a6,28,1,0,0,-39,S,5c:62:8b:66:67:d2,1,0,0,0"
1791506379.761,"B,52975,10,5c:62:8b:66:67:d2,440,4,10148,15,-46,A,5c:62:8b:66:67:d2,0,4,0,0"
1791506379.761,"B,52975,10,72:3b:01:24:b7:c8,112,4,0,0,-41,S,5c:62:8b:66:67:d2,4,0,0,0"
1791506379.761,"B,52975,10,cc:b8:5e:ad:5c:4a,9980,9,440,4,-46,S,5c:62:8b:66:67:d2,1,0,1,7"
1791506379.761,"B,52975,10,b2:db:ca:e6:29:a6,56,2,0,0,-44,S,5c:62:8b:66:67:d2,2,0,0,0"
1791506379.761,"B,53075,10,5c:62:8b:66:67:d2,440,4,11402,17,-46,A,5c:62:8b:66:67:d2,0,4,0,0"
1791506379.761,"B,53075,10,72:3b:01:24:b7:c8,140,5,0,0,-41,S,5c:62:8b:66:67:d2,5,0,0,0"
1791506379.761,"B,53075,10,cc:b8:5e:ad:5c:4a,11206,10,440,4,-45,S,5c:62:8b:66:67:d2,1,0,2,7"
1791506379.761,"B,53075,10,b2:db:ca:e6:29:a6,56,2,0,0,-44,S,5c:62:8b:66:67:d2,2,0,0,0"
1791506379.965,"B,53175,10,5c:62:8b:66:67:d2,770,7,9936,11,-45,A,5c:62:8b:66:67:d2,0,7,0,0"
1791506379.965,"B,53175,10,cc:b8:5e:ad:5c:4a,9880,9,770,7,-45,S,5c:62:8b:66:67:d2,1,0,1,7"
1791506379.965,"B,53175,10,b2:db:ca:e6:29:a6,56,2,0,0,-45,S,5c:62:8b:66:67:d2,2,0,0,0"
1791506379.965,"B,53275,10,5c:62:8b:66:67:d2,550,5,9634,10,-46,A,5c:62:8b:66:67:d2,0,5,0,0"
1791506379.965,"B,53275,10,cc:b8:5e:ad:5c:4a,9606,9,550,5,-46,S,5c:62:8b:66:67:d2,0,1,2,6"
1791506379.965,"B,53275,10,b2:db:ca:e6:29:a6,28,1,0,0,-45,S,5c:62:8b:66:67:d2,1,0,0,0"
1791506380.170,"B,53375,10,5c:62:8b:66:67:d2,990,9,15344,17,-46,A,5c:62:8b:66:67:d2,0,9,0,0"
1791506380.170,"B,53375,10,72:3b:01:24:b7:c8,56,2,0,0,-41,S,5c:62:8b:66:67:d2,2,0,0,0"
1791506380.170,"B,53375,10,cc:b8:5e:ad:5c:4a,15232,13,990,9,-46,S,5c:62:8b:66:67:d2,1,0,1,11"
1791506380.170,"B,53375,10,b2:db:ca:e6:29:a6,56,2,0,0,-44,S,5c:62:8b:66:67:d2,2,0,0,0"
1791506380.170,"B,53475,10,5c:62:8b:66:67:d2,550,5,11878,14,-46,A,5c:62:8b:66:67:d2,0,5,0,0"
1791506380.170,"B,53475,10,cc:b8:5e:ad:5c:4a,11822,12,550,5,-46,S,5c:62:8b:66:67:d2,1,2,0,9"
1791506380.170,"B,53475,10,b2:db:ca:e6:29:a6,56,2,0,0,-44,S,5c:62:8b:66:67:d2,2,0,0,0"
1791506380.370,"B,53575,10,5c:62:8b:66:67:d2,660,6,15200,15,-46,A,5c:62:8b:66:67:d2,0,6,0,0"
1791506380.370,"B,53575,10,cc:b8:5e:ad:5c:4a,15200,15,660,6,-45,S,5c:62:8b:66:67:d2,3,0,1,11"
1791506380.370,"B,53675,10,5c:62:8b:66:67:d2,7196,12,26238,30,-47,A,5c:62:8b:66:67:d2,0,7,0,5"
1791506380.370,"B,53675,10,72:3b:01:24:b7:c8,56,2,6410,5,-41,S,5c:62:8b:66:67:d2,2,0,0,0"
1791506380.370,"B,53675,10,cc:b8:5e:ad:5c:4a,26126,26,786,7,-46,S,5c:62:8b:66:67:d2,3,1,4,18"
1791506380.370,"B,53675,10,b2:db:ca:e6:29:a6,56,2,0,0,-45,S,5c:62:8b:66:67:d2,2,0,0,0"
1791506380.572,"B,53775,10,5c:62:8b:66:67:d2,3722,33,125560,109,-46,A,5c:62:8b:66:67:d2,0,33,0,0"
1791506380.572,"B,53775,10,cc:b8:5e:ad:5c:4a,125476,106,3722,33,-46,S,5c:62:8b:66:67:d2,4,5,0,97"
1791506380.572,"B,53775,10,b2:db:ca:e6:29:a6,84,3,0,0,-44,S,5c:62:8b:66:67:d2,3,0,0,0"
1791506380.572,"B,53875,10,5c:62:8b:66:67:d2,2310,21,55998,49,-46,A,5c:62:8b:66:67:d2,0,21,0,0"
1791506380.572,"B,53875,10,72:3b:01:24:b7:c8,28,1,0,0,-42,S,5c:62:8b:66:67:d2,1,0,0,0"
1791506380.572,"B,53875,10,cc:b8:5e:ad:5c:4a,55914,46,2310,21,-46,S,5c:62:8b:66:67:d2,1,1,2,42"
1791506380.572,"B,53875,10,b2:db:ca:e6:29:a6,56,2,0,0,-44,S,5c:62:8b:66:67:d2,2,0,0,0"
1791506380.776,"B,53975,10,5c:62:8b:66:67:d2,770,7,12100,16,-46,A,5c:62:8b:66:67:d2,0,7,0,0"
1791506380.776,"B,53975,10,72:3b:01:24:b7:c8,112,4,0,0,-41,S,5c:62:8b:66:67:d2,4,0,0,0"
1791506380.776,"B,53975,10,cc:b8:5e:ad:5c:4a,11960,11,770,7,-46,S,5c:62:8b:66:67:d2,1,1,0,9"
1791506380.776,"B,53975,10,b2:db:ca:e6:29:a6,28,1,0,0,-44,S,5c:62:8b:66:67:d2,1,0,0,0"
1791506380.776,"B,54075,10,5c:62:8b:66:67:d2,440,4,9828,13,-46,A,5c:62:8b:66:67:d2,0,4,0,0"
1791506380.776,"B,54075,10,72:3b:01:24:b7:c8,56,2,0,0,-41,S,5c:62:8b:66:67:d2,2,0,0,0"
1791506380.776,"B,54075,10,cc:b8:5e:ad:5c:4a,9716,9,440,4,-45,S,5c:62:8b:66:67:d2,1,0,1,7"
1791506380.776,"B,54075,10,b2:db:ca:e6:29:a6,56,2,0,0,-44,S,5c:62:8b:66:67:d2,2,0,0,0"
1791506380.979,"B,54175,10,5c:62:8b:66:67:d2,550,5,16022,16,-46,A,5c:62:8b:66:67:d2,0,5,0,0"
1791506380.979,"B,54175,10,cc:b8:5e:ad:5c:4a,15966,14,550,5,-46,S,5c:62:8b:66:67:d2,1,1,0,12"
1791506380.979,"B,54175,10,b2:db:ca:e6:29:a6,56,2,0,0,-45,S,5c:62:8b:66:67:d2,2,0,0,0"
1791506380.979,"B,54275,10,5c:62:8b:66:67:d2,440,4,8006,16,-46,A,5c:62:8b:66:67:d2,0,4,0,0"
1791506380.979,"B,54275,10,72:3b:01:24:b7:c8,196,7,0,0,-41,S,5c:62:8b:66:67:d2,7,0,0,0"
1791506380.979,"B,54275,10,cc:b8:5e:ad:5c:4a,7754,7,440,4,-46,S,5c:62:8b:66:67:d2,0,1,1,5"
1791506380.979,"B,54275,10,b2:db:ca:e6:29:a6,56,2,0,0,-43,S,5c:62:8b:66:67:d2,2,0,0,0"
1791506381.184,"B,54375,10,5c:62:8b:66:67:d2,550,5,24438,26,-46,A,5c:62:8b:66:67:d2,0,5,0,0"
1791506381.184,"B,54375,10,72:3b:01:24:b7:c8,112,4,0,0,-41,S,5c:62:8b:66:67:d2,4,0,0,0"
1791506381.184,"B,54375,10,cc:b8:5e:ad:5c:4a,24270,20,550,5,-46,S,5c:62:8b:66:67:d2,1,0,1,18"
1791506381.184,"B,54375,10,b2:db:ca:e6:29:a6,56,2,0,0,-45,S,5c:62:8b:66:67:d2,2,0,0,0"
1791506381.184,"B,54475,10,5c:62:8b:66:67:d2,660,6,9172,11,-46,A,5c:62:8b:66:67:d2,0,6,0,0"
1791506381.184,"B,54475,10,cc:b8:5e:ad:5c:4a,9116,9,660,6,-45,S,5c:62:8b:66:67:d2,1,1,1,6"
1791506381.184,"B,54475,10,b2:db:ca:e6:29:a6,56,2,0,0,-44,S,5c:62:8b:66:67:d2,2,0,0,0"
1791506381.389,"B,54575,10,5c:62:8b:66:67:d2,664,6,41302,37,-46,A,5c:62:8b:66:67:d2,0,6,0,0"
1791506381.389,"B,54575,10,72:3b:01:24:b7:c8,56,2,0,0,-40,S,5c:62:8b:66:67:d2,2,0,0,0"
1791506381.389,"B,54575,10,cc:b8:5e:ad:5c:4a,41218,34,664,6,-45,S,5c:62:8b:66:67:d2,1,1,0,32"
1791506381.389,"B,54575,10,b2:db:ca:e6:29:a6,28,1,0,0,-46,S,5c:62:8b:66:67:d2,1,0,0,0"
1791506381.389,"B,54675,10,5c:62:8b:66:67:d2,1884,16,8442,12,-46,A,5c:62:8b:66:67:d2,0,16,0,0"
1791506381.389,"B,54675,10,72:3b:01:24:b7:c8,112,4,0,0,-40,S,5c:62:8b:66:67:d2,4,0,0,0"
1791506381.389,"B,54675,10,cc:b8:5e:ad:5c:4a,8330,8,1884,16,-46,S,5c:62:8b:66:67:d2,1,1,0,6"
1791506381.592,"B,54775,10,5c:62:8b:66:67:d2,770,7,22868,19,-46,A,5c:62:8b:66:67:d2,0,7,0,0"
1791506381.592,"B,54775,10,cc:b8:5e:ad:5c:4a,22868,19,770,7,-45,S,5c:62:8b:66:67:d2,1,0,1,17"
1791506381.592,"B,54875,10,5c:62:8b:66:67:d2,3048,10,17874,18,-46,A,5c:62:8b:66:67:d2,0,7,3,0"
1791506381.592,"B,54875,10,72:3b:01:24:b7:c8,28,1,2262,3,-40,S,5c:62:8b:66:67:d2,1,0,0,0"
1791506381.592,"B,54875,10,cc:b8:5e:ad:5c:4a,17790,15,786,7,-46,S,5c:62:8b:66:67:d2,0,0,3,12"
1791506381.592,"B,54875,10,b2:db:ca:e6:29:a6,56,2,0,0,-43,S,5c:62:8b:66:67:d2,2,0,0,0"
1791506381.592,"B,54875,10,78:8c:b5:f5:e7:26,80,1,0,0,-76,A,78:8c:b5:f5:e7:26,1,0,0,0"
1791506381.797,"B,54975,10,5c:62:8b:66:67:d2,1466,13,21738,24,-46,A,5c:62:8b:66:67:d2,0,13,0,0"
1791506381.797,"B,54975,10,72:3b:01:24:b7:c8,140,5,0,0,-40,S,5c:62:8b:66:67:d2,5,0,0,0"
1791506381.797,"B,54975,10,cc:b8:5e:ad:5c:4a,21570,18,1466,13,-46,S,5c:62:8b:66:67:d2,1,0,1,16"
1791506381.797,"B,54975,10,b2:db:ca:e6:29:a6,28,1,0,0,-44,S,5c:62:8b:66:67:d2,1,0,0,0"
1791506381.797,"B,55075,10,5c:62:8b:66:67:d2,440,4,11506,14,-46,A,5c:62:8b:66:67:d2,0,4,0,0"
1791506381.797,"B,55075,10,cc:b8:5e:ad:5c:4a,11450,12,440,4,-45,S,5c:62:8b:66:67:d2,1,3,0,8"
1791506381.797,"B,55075,10,b2:db:ca:e6:29:a6,56,2,0,0,-44,S,5c:62:8b:66:67:d2,2,0,0,0"
1791506381.797,"B,55075,10,cc:d8:43:ca:9f:eb,304,2,0,0,-76,A,cc:d8:43:ca:9f:eb,0,2,0,0"
1791506381.797,"I,55094,stat,rx=19537,drops=0,ch=10,bin=100,hop=0,heap=202024"
1791506381.999,"B,55175,10,5c:62:8b:66:67:d2,660,6,18638,24,-46,A,5c:62:8b:66:67:d2,0,6,0,0"
1791506381.999,"B,55175,10,72:3b:01:24:b7:c8,168,6,0,0,-40,S,5c:62:8b:66:67:d2,6,0,0,0"
1791506381.999,"B,55175,10,cc:b8:5e:ad:5c:4a,18414,16,660,6,-46,S,5c:62:8b:66:67:d2,1,1,0,14"
1791506381.999,"B,55175,10,b2:db:ca:e6:29:a6,56,2,0,0,-44,S,5c:62:8b:66:67:d2,2,0,0,0"
1791506381.999,"B,55275,10,5c:62:8b:66:67:d2,660,6,24778,23,-46,A,5c:62:8b:66:67:d2,0,6,0,0"
1791506381.999,"B,55275,10,cc:b8:5e:ad:5c:4a,24722,21,660,6,-46,S,5c:62:8b:66:67:d2,0,3,0,18"
1791506381.999,"B,55275,10,b2:db:ca:e6:29:a6,56,2,0,0,-44,S,5c:62:8b:66:67:d2,2,0,0,0"
1791506382.202,"B,55375,10,5c:62:8b:66:67:d2,550,5,17452,17,-46,A,5c:62:8b:66:67:d2,0,5,0,0"
1791506382.202,"B,55375,10,cc:b8:5e:ad:5c:4a,17424,16,550,5,-45,S,5c:62:8b:66:67:d2,2,0,1,13"
1791506382.202,"B,55375,10,b2:db:ca:e6:29:a6,28,1,0,0,-45,S,5c:62:8b:66:67:d2,1,0,0,0"
1791506382.202,"B,55475,10,5c:62:8b:66:67:d2,27772,26,20810,22,-46,A,5c:62:8b:66:67:d2,0,4,15,7"
1791506382.202,"B,55475,10,72:3b:01:24:b7:c8,0,0,27442,23,0,S,5c:62:8b:66:67:d2,0,0,0,0"
1791506382.202,"B,55475,10,cc:b8:5e:ad:5c:4a,20726,19,330,3,-44,S,5c:62:8b:66:67:d2,2,1,5,11"
1791506382.202,"B,55475,10,b2:db:ca:e6:29:a6,84,3,0,0,-43,S,5c:62:8b:66:67:d2,3,0,0,0"
1791506382.407,"B,55575,10,5c:62:8b:66:67:d2,550,5,12938,14,-46,A,5c:62:8b:66:67:d2,0,5,0,0"
1791506382.407,"B,55575,10,cc:b8:5e:ad:5c:4a,12882,12,550,5,-46,S,5c:62:8b:66:67:d2,1,2,0,9"
1791506382.407,"B,55575,10,b2:db:ca:e6:29:a6,56,2,0,0,-44,S,5c:62:8b:66:67:d2,2,0,0,0"
1791506382.407,"A,55599,10,ba:97:a3:e0:bf:91,-90,"
1791506382.407,"B,55675,10,5c:62:8b:66:67:d2,770,7,14584,12,-46,A,5c:62:8b:66:67:d2,0,7,0,0"
1791506382.407,"B,55675,10,cc:b8:5e:ad:5c:4a,14584,12,770,7,-45,S,5c:62:8b:66:67:d2,0,0,6,6"
1791506382.611,"B,55775,10,5c:62:8b:66:67:d2,3423,14,29944,27,-47,A,5c:62:8b:66:67:d2,0,14,0,0"
1791506382.611,"B,55775,10,72:3b:01:24:b7:c8,28,1,2759,8,-44,S,5c:62:8b:66:67:d2,1,0,0,0"
1791506382.611,"B,55775,10,cc:b8:5e:ad:5c:4a,29888,25,664,6,-46,S,5c:62:8b:66:67:d2,1,1,0,23"
1791506382.611,"B,55775,10,b2:db:ca:e6:29:a6,28,1,0,0,-46,S,5c:62:8b:66:67:d2,1,0,0,0"
1791506382.611,"B,55875,10,5c:62:8b:66:67:d2,562,5,6502,8,-46,A,5c:62:8b:66:67:d2,0,5,0,0"
1791506382.611,"B,55875,10,cc:b8:5e:ad:5c:4a,6502,8,562,5,-46,S,5c:62:8b:66:67:d2,1,3,0,4"
1791506382.812,"B,55975,10,5c:62:8b:66:67:d2,880,8,16440,15,-46,A,5c:62:8b:66:67:d2,0,8,0,0"
1791506382.812,"B,55975,10,cc:b8:5e:ad:5c:4a,16440,15,880,8,-46,S,5c:62:8b:66:67:d2,1,2,0,12"
1791506382.812,"B,56075,10,5c:62:8b:66:67:d2,1018,9,11010,11,-46,A,5c:62:8b:66:67:d2,0,9,0,0"
1791506382.812,"B,56075,10,72:3b:01:24:b7:c8,56,2,0,0,-41,S,5c:62:8b:66:67:d2,2,0,0,0"
1791506382.812,"B,56075,10,cc:b8:5e:ad:5c:4a,10954,9,1018,9,-44,S,5c:62:8b:66:67:d2,0,0,2,7"
1791506383.015,"B,56175,10,5c:62:8b:66:67:d2,1650,15,23790,23,-46,A,5c:62:8b:66:67:d2,0,15,0,0"
1791506383.015,"B,56175,10,72:3b:01:24:b7:c8,84,3,0,0,-41,S,5c:62:8b:66:67:d2,3,0,0,0"
1791506383.015,"B,56175,10,cc:b8:5e:ad:5c:4a,23706,20,1650,15,-45,S,5c:62:8b:66:67:d2,1,1,0,18"
1791506383.015,"B,56175,10,f2:51:4e:f8:1a:7f,30,1,0,0,-88,S,b0:a7:b9:23:82:ee,1,0,0,0"
1791506383.015,"B,56175,10,b0:a7:b9:23:82:ee,0,0,30,1,-89,A,b0:a7:b9:23:82:ee,0,0,0,0"
1791506383.015,"B,56275,10,5c:62:8b:66:67:d2,302,3,3956,13,-47,A,5c:62:8b:66:67:d2,1,2,0,0"
1791506383.015,"B,56275,10,72:3b:01:24:b7:c8,224,8,0,0,-41,S,5c:62:8b:66:67:d2,8,0,0,0"
1791506383.015,"B,56275,10,cc:b8:5e:ad:5c:4a,3732,5,302,3,-45,S,5c:62:8b:66:67:d2,2,0,1,2"
1791506383.216,"B,56375,10,5c:62:8b:66:67:d2,330,3,10328,13,-47,A,5c:62:8b:66:67:d2,0,3,0,0"
1791506383.216,"B,56375,10,72:3b:01:24:b7:c8,112,4,0,0,-40,S,5c:62:8b:66:67:d2,4,0,0,0"
1791506383.216,"B,56375,10,cc:b8:5e:ad:5c:4a,10216,9,330,3,-45,S,5c:62:8b:66:67:d2,1,0,0,8"
1791506383.216,"B,56475,10,5c:62:8b:66:67:d2,330,3,8154,7,-46,A,5c:62:8b:66:67:d2,0,3,0,0"
1791506383.216,"B,56475,10,cc:b8:5e:ad:5c:4a,8154,7,330,3,-46,S,5c:62:8b:66:67:d2,0,0,2,5"
1791506383.416,"B,56575,10,5c:62:8b:66:67:d2,660,6,16932,19,-46,A,5c:62:8b:66:67:d2,0,6,0,0"
1791506383.416,"B,56575,10,72:3b:01:24:b7:c8,112,4,0,0,-41,S,5c:62:8b:66:67:d2,4,0,0,0"
1791506383.416,"B,56575,10,cc:b8:5e:ad:5c:4a,16820,15,660,6,-45,S,5c:62:8b:66:67:d2,1,1,0,13"
1791506383.416,"B,56675,10,5c:62:8b:66:67:d2,516,4,11570,20,-46,A,5c:62:8b:66:67:d2,0,4,0,0"
1791506383.416,"B,56675,10,72:3b:01:24:b7:c8,112,4,0,0,-41,S,5c:62:8b:66:67:d2,4,0,0,0"
1791506383.416,"B,56675,10,cc:b8:5e:ad:5c:4a,11458,16,516,4,-44,S,5c:62:8b:66:67:d2,1,7,1,7"
1791506383.616,"B,56775,10,5c:62:8b:66:67:d2,3960,36,147458,116,-45,A,5c:62:8b:66:67:d2,0,36,0,0"
1791506383.616,"B,56775,10,cc:b8:5e:ad:5c:4a,147458,116,3960,36,-45,S,5c:62:8b:66:67:d2,1,0,0,115"
1791506383.616,"B,56875,10,5c:62:8b:66:67:d2,1430,13,50576,46,-46,A,5c:62:8b:66:67:d2,0,13,0,0"
1791506383.616,"B,56875,10,72:3b:01:24:b7:c8,112,4,0,0,-41,S,5c:62:8b:66:67:d2,4,0,0,0"
1791506383.616,"B,56875,10,cc:b8:5e:ad:5c:4a,50408,40,1430,13,-46,S,5c:62:8b:66:67:d2,0,0,3,37"
1791506383.616,"B,56875,10,b2:db:ca:e6:29:a6,56,2,0,0,-45,S,5c:62:8b:66:67:d2,2,0,0,0"
1791506383.817,"B,56975,10,5c:62:8b:66:67:d2,990,9,17156,19,-46,A,5c:62:8b:66:67:d2,0,9,0,0"
1791506383.817,"B,56975,10,72:3b:01:24:b7:c8,84,3,0,0,-41,S,5c:62:8b:66:67:d2,3,0,0,0"
1791506383.817,"B,56975,10,cc:b8:5e:ad:5c:4a,17044,15,990,9,-46,S,5c:62:8b:66:67:d2,1,1,0,13"
1791506383.817,"B,56975,10,b2:db:ca:e6:29:a6,28,1,0,0,-44,S,5c:62:8b:66:67:d2,1,0,0,0"
1791506383.817,"B,56975,10,78:8c:b5:f5:e7:26,80,1,0,0,-76,A,78:8c:b5:f5:e7:26,1,0,0,0"
1791506383.817,"B,57075,10,5c:62:8b:66:67:d2,440,4,5274,11,-46,A,5c:62:8b:66:67:d2,0,4,0,0"
1791506383.817,"B,57075,10,72:3b:01:24:b7:c8,112,4,0,0,-40,S,5c:62:8b:66:67:d2,4,0,0,0"
1791506383.817,"B,57075,10,cc:b8:5e:ad:5c:4a,5134,6,440,4,-46,S,5c:62:8b:66:67:d2,1,1,1,3"
1791506383.817,"B,57075,10,f2:51:4e:f8:1a:7f,30,1,0,0,-89,S,b0:a7:b9:23:82:ee,1,0,0,0"
1791506383.817,"B,57075,10,b0:a7:b9:23:82:ee,0,0,30,1,-89,A,b0:a7:b9:23:82:ee,0,0,0,0"
1791506383.817,"B,57075,10,b2:db:ca:e6:29:a6,28,1,0,0,-44,S,5c:62:8b:66:67:d2,1,0,0,0"
1791506384.017,"B,57175,10,5c:62:8b:66:67:d2,440,4,19250,18,-46,A,5c:62:8b:66:67:d2,0,4,0,0"
1791506384.017,"B,57175,10,cc:b8:5e:ad:5c:4a,19194,16,440,4,-45,S,5c:62:8b:66:67:d2,1,0,0,15"
1791506384.017,"B,57175,10,b2:db:ca:e6:29:a6,56,2,0,0,-45,S,5c:62:8b:66:67:d2,2,0,0,0"
1791506384.017,"B,57275,10,5c:62:8b:66:67:d2,3640,10,9526,13,-47,A,5c:62:8b:66:67:d2,0,10,0,0"
1791506384.017,"B,57275,10,72:3b:01:24:b7:c8,56,2,3090,5,-41,S,5c:62:8b:66:67:d2,2,0,0,0"
1791506384.017,"B,57275,10,cc:b8:5e:ad:5c:4a,9414,9,550,5,-46,S,5c:62:8b:66:67:d2,0,2,1,6"
1791506384.017,"B,57275,10,f2:51:4e:f8:1a:7f,30,1,0,0,-84,S,b0:a7:b9:23:82:ee,1,0,0,0"
1791506384.017,"B,57275,10,b0:a7:b9:23:82:ee,0,0,30,1,-88,A,b0:a7:b9:23:82:ee,0,0,0,0"
1791506384.017,"B,57275,10,b2:db:ca:e6:29:a6,56,2,0,0,-45,S,5c:62:8b:66:67:d2,2,0,0,0"
1791506384.217,"B,57375,10,5c:62:8b:66:67:d2,660,6,15722,17,-46,A,5c:62:8b:66:67:d2,0,6,0,0"
1791506384.217,"B,57375,10,72:3b:01:24:b7:c8,28,1,0,0,-40,S,5c:62:8b:66:67:d2,1,0,0,0"
1791506384.217,"B,57375,10,cc:b8:5e:ad:5c:4a,15638,14,660,6,-46,S,5c:62:8b:66:67:d2,1,1,0,12"
1791506384.217,"B,57375,10,b2:db:ca:e6:29:a6,56,2,0,0,-44,S,5c:62:8b:66:67:d2,2,0,0,0"
1791506384.217,"B,57475,10,5c:62:8b:66:67:d2,550,5,4756,8,-45,A,5c:62:8b:66:67:d2,0,5,0,0"
1791506384.217,"B,57475,10,72:3b:01:24:b7:c8,28,1,0,0,-40,S,5c:62:8b:66:67:d2,1,0,0,0"
1791506384.217,"B,57475,10,cc:b8:5e:ad:5c:4a,4672,5,550,5,-45,S,5c:62:8b:66:67:d2,1,0,2,2"
1791506384.217,"B,57475,10,b2:db:ca:e6:29:a6,56,2,0,0,-45,S,5c:62:8b:66:67:d2,2,0,0,0"
1791506384.417,"B,57575,10,5c:62:8b:66:67:d2,550,5,9014,14,-46,A,5c:62:8b:66:67:d2,0,5,0,0"
1791506384.417,"B,57575,10,72:3b:01:24:b7:c8,112,4,0,0,-40,S,5c:62:8b:66:67:d2,4,0,0,0"
1791506384.417,"B,57575,10,cc:b8:5e:ad:5c:4a,8846,8,550,5,-45,S,5c:62:8b:66:67:d2,1,0,1,6"
1791506384.417,"B,57575,10,f2:51:4e:f8:1a:7f,150,5,0,0,-87,S,b0:a7:b9:23:82:ee,5,0,0,0"
1791506384.417,"B,57575,10,b0:a7:b9:23:82:ee,0,0,150,5,-88,A,b0:a7:b9:23:82:ee,0,0,0,0"
1791506384.417,"B,57575,10,b2:db:ca:e6:29:a6,56,2,0,0,-44,S,5c:62:8b:66:67:d2,2,0,0,0"
1791506384.417,"B,57675,10,5c:62:8b:66:67:d2,220,2,16060,21,-47,A,5c:62:8b:66:67:d2,0,2,0,0"
1791506384.417,"B,57675,10,72:3b:01:24:b7:c8,168,6,0,0,-40,S,5c:62:8b:66:67:d2,6,0,0,0"
1791506384.417,"B,57675,10,cc:b8:5e:ad:5c:4a,15864,14,220,2,-46,S,5c:62:8b:66:67:d2,0,1,3,10"
1791506384.417,"B,57675,10,b2:db:ca:e6:29:a6,28,1,0,0,-44,S,5c:62:8b:66:67:d2,1,0,0,0"
1791506384.417,"B,57675,10,80:af:ca:68:4c:f8,84,1,0,0,-89,A,80:af:ca:68:4c:f8,1,0,0,0"
1791506384.618,"B,57775,10,5c:62:8b:66:67:d2,1540,14,17080,17,-46,A,5c:62:8b:66:67:d2,0,14,0,0"
1791506384.618,"B,57775,10,cc:b8:5e:ad:5c:4a,17024,15,1540,14,-46,S,5c:62:8b:66:67:d2,1,1,0,13"
1791506384.618,"B,57775,10,b2:db:ca:e6:29:a6,56,2,0,0,-44,S,5c:62:8b:66:67:d2,2,0,0,0"
1791506384.618,"B,57875,10,5c:62:8b:66:67:d2,5574,9,21282,23,-46,A,5c:62:8b:66:67:d2,0,5,0,4"
1791506384.618,"B,57875,10,72:3b:01:24:b7:c8,56,2,5016,4,-42,S,5c:62:8b:66:67:d2,2,0,0,0"
1791506384.618,"B,57875,10,cc:b8:5e:ad:5c:4a,21198,20,558,5,-45,S,5c:62:8b:66:67:d2,1,5,0,14"
1791506384.618,"B,57875,10,b2:db:ca:e6:29:a6,28,1,0,0,-45,S,5c:62:8b:66:67:d2,1,0,0,0"
1791506384.618,"B,57875,10,cc:d8:43:ca:9f:eb,224,2,0,0,-76,A,cc:d8:43:ca:9f:eb,0,2,0,0"
1791506384.618,"B,57975,10,5c:62:8b:66:67:d2,3958,35,30264,25,-45,A,5c:62:8b:66:67:d2,0,35,0,0"
1791506384.818,"B,57975,10,cc:b8:5e:ad:5c:4a,30264,25,3958,35,-46,S,5c:62:8b:66:67:d2,1,0,1,23"
1791506384.818,"B,58075,10,5c:62:8b:66:67:d2,660,6,4198,5,-46,A,5c:62:8b:66:67:d2,0,6,0,0"
1791506384.818,"B,58075,10,cc:b8:5e:ad:5c:4a,4198,5,660,6,-46,S,5c:62:8b:66:67:d2,0,3,0,2"
1791506384.818,"B,58175,10,5c:62:8b:66:67:d2,880,8,16262,22,-46,A,5c:62:8b:66:67:d2,0,8,0,0"
1791506385.018,"B,58175,10,72:3b:01:24:b7:c8,224,8,0,0,-41,S,5c:62:8b:66:67:d2,8,0,0,0"
1791506385.018,"B,58175,10,cc:b8:5e:ad:5c:4a,16038,14,880,8,-46,S,5c:62:8b:66:67:d2,1,1,0,12"
1791506385.018,"B,58175,10,cc:d8:43:ca:9f:eb,496,2,0,0,-83,A,cc:d8:43:ca:9f:eb,0,2,0,0"
1791506385.018,"B,58275,10,5c:62:8b:66:67:d2,883,8,6242,12,-46,A,5c:62:8b:66:67:d2,0,8,0,0"
1791506385.018,"B,58275,10,72:3b:01:24:b7:c8,112,4,0,0,-41,S,5c:62:8b:66:67:d2,4,0,0,0"
1791506385.018,"B,58275,10,cc:b8:5e:ad:5c:4a,6130,8,883,8,-45,S,5c:62:8b:66:67:d2,1,2,2,3"
1791506385.018,"B,58275,10,cc:d8:43:ca:9f:eb,168,2,116,2,-82,A,cc:d8:43:ca:9f:eb,2,0,0,0"
1791506385.018,"B,58275,10,98:5f:41:bf:7c:ff,116,2,0,0,-70,S,cc:d8:43:ca:9f:eb,2,0,0,0"
1791506385.018,"B,58375,10,5c:62:8b:66:67:d2,440,4,13382,12,-46,A,5c:62:8b:66:67:d2,0,4,0,0"
1791506385.218,"B,58375,10,cc:b8:5e:ad:5c:4a,13382,12,440,4,-45,S,5c:62:8b:66:67:d2,1,1,0,10"
1791506385.218,"B,58375,10,cc:d8:43:ca:9f:eb,494,2,116,2,-82,A,cc:d8:43:ca:9f:eb,1,1,0,0"
1791506385.218,"B,58375,10,98:5f:41:bf:7c:ff,116,2,0,0,-70,S,cc:d8:43:ca:9f:eb,2,0,0,0"
1791506385.218,"B,58475,10,5c:62:8b:66:67:d2,6960,10,11864,12,-47,A,5c:62:8b:66:67:d2,0,5,0,5"
1791506385.218,"B,58475,10,72:3b:01:24:b7:c8,56,2,6410,5,-42,S,5c:62:8b:66:67:d2,2,0,0,0"
1791506385.218,"B,58475,10,cc:b8:5e:ad:5c:4a,11808,10,550,5,-46,S,5c:62:8b:66:67:d2,0,1,0,9"
1791506385.218,"B,58575,10,5c:62:8b:66:67:d2,1320,12,20564,18,-46,A,5c:62:8b:66:67:d2,0,12,0,0"
1791506385.418,"B,58575,10,72:3b:01:24:b7:c8,28,1,0,0,-42,S,5c:62:8b:66:67:d2,1,0,0,0"
1791506385.418,"B,58575,10,cc:b8:5e:ad:5c:4a,20536,17,1320,12,-46,S,5c:62:8b:66:67:d2,1,0,0,16"
1791506385.418,"B,58575,10,cc:d8:43:ca:9f:eb,127,1,0,0,-80,A,cc:d8:43:ca:9f:eb,0,1,0,0"
1791506385.418,"B,58675,10,5c:62:8b:66:67:d2,550,5,3952,5,-46,A,5c:62:8b:66:67:d2,0,5,0,0"
1791506385.418,"B,58675,10,cc:b8:5e:ad:5c:4a,3952,5,550,5,-45,S,5c:62:8b:66:67:d2,1,1,1,2"
1791506385.418,"B,58675,10,f2:51:4e:f8:1a:7f,30,1,0,0,-86,S,b0:a7:b9:23:82:ee,1,0,0,0"
1791506385.418,"B,58675,10,b0:a7:b9:23:82:ee,0,0,30,1,-90,A,b0:a7:b9:23:82:ee,0,0,0,0"
1791506385.418,"B,58675,10,cc:d8:43:ca:9f:eb,670,2,0,0,-81,A,cc:d8:43:ca:9f:eb,0,2,0,0"
1791506385.418,"B,58775,10,5c:62:8b:66:67:d2,0,0,27062,26,-50,A,5c:62:8b:66:67:d2,0,0,0,0"
1791506385.619,"B,58775,10,72:3b:01:24:b7:c8,28,1,0,0,-40,S,5c:62:8b:66:67:d2,1,0,0,0"
1791506385.619,"B,58775,10,cc:b8:5e:ad:5c:4a,26922,21,0,0,-46,S,5c:62:8b:66:67:d2,0,0,0,21"
1791506385.619,"B,58775,10,b2:db:ca:e6:29:a6,112,4,0,0,-44,S,5c:62:8b:66:67:d2,4,0,0,0"
1791506385.619,"B,58875,10,5c:62:8b:66:67:d2,990,9,14020,17,-46,A,5c:62:8b:66:67:d2,0,9,0,0"
1791506385.619,"B,58875,10,72:3b:01:24:b7:c8,28,1,0,0,-42,S,5c:62:8b:66:67:d2,1,0,0,0"
1791506385.619,"B,58875,10,cc:b8:5e:ad:5c:4a,13908,13,990,9,-45,S,5c:62:8b:66:67:d2,1,1,3,8"
1791506385.619,"B,58875,10,b2:db:ca:e6:29:a6,84,3,0,0,-44,S,5c:62:8b:66:67:d2,3,0,0,0"
1791506385.619,"B,58875,10,78:8c:b5:f5:e7:26,80,1,0,0,-76,A,78:8c:b5:f5:e7:26,1,0,0,0"
1791506385.619,"B,58975,10,5c:62:8b:66:67:d2,770,7,39074,33,-46,A,5c:62:8b:66:67:d2,0,7,0,0"
1791506385.819,"B,58975,10,cc:b8:5e:ad:5c:4a,39046,32,770,7,-45,S,5c:62:8b:66:67:d2,1,1,0,30"
1791506385.819,"B,58975,10,b2:db:ca:e6:29:a6,28,1,0,0,-45,S,5c:62:8b:66:67:d2,1,0,0,0"
1791506385.819,"B,58975,10,cc:d8:43:ca:9f:eb,1670,4,0,0,-80,A,cc:d8:43:ca:9f:eb,0,4,0,0"
1791506385.819,"B,59075,10,5c:62:8b:66:67:d2,220,2,16772,25,-46,A,5c:62:8b:66:67:d2,0,2,0,0"
1791506385.819,"B,59075,10,72:3b:01:24:b7:c8,224,8,0,0,-40,S,5c:62:8b:66:67:d2,8,0,0,0"
1791506385.819,"B,59075,10,cc:b8:5e:ad:5c:4a,16464,14,220,2,-45,S,5c:62:8b:66:67:d2,0,1,1,12"
1791506385.819,"B,59075,10,b2:db:ca:e6:29:a6,84,3,0,0,-44,S,5c:62:8b:66:67:d2,3,0,0,0"
1791506385.819,"B,59175,10,5c:62:8b:66:67:d2,660,6,17064,17,-46,A,5c:62:8b:66:67:d2,0,6,0,0"
1791506386.019,"B,59175,10,cc:b8:5e:ad:5c:4a,17036,16,660,6,-46,S,5c:62:8b:66:67:d2,2,1,0,13"
1791506386.019,"B,59175,10,b2:db:ca:e6:29:a6,28,1,0,0,-44,S,5c:62:8b:66:67:d2,1,0,0,0"
1791506386.019,"B,59175,10,cc:d8:43:ca:9f:eb,84,1,30,1,-78,A,cc:d8:43:ca:9f:eb,1,0,0,0"
1791506386.019,"B,59175,10,98:5f:41:bf:7c:ff,30,1,0,0,-71,S,cc:d8:43:ca:9f:eb,1,0,0,0"
1791506386.019,"B,59275,10,5c:62:8b:66:67:d2,876,8,9798,13,-46,A,5c:62:8b:66:67:d2,0,8,0,0"
1791506386.019,"B,59275,10,cc:b8:5e:ad:5c:4a,9742,11,876,8,-46,S,5c:62:8b:66:67:d2,0,4,1,6"
1791506386.019,"B,59275,10,b2:db:ca:e6:29:a6,56,2,0,0,-45,S,5c:62:8b:66:67:d2,2,0,0,0"
1791506386.219,"B,59375,10,5c:62:8b:66:67:d2,660,6,15734,19,-46,A,5c:62:8b:66:67:d2,0,6,0,0"
1791506386.219,"B,59375,10,72:3b:01:24:b7:c8,112,4,0,0,-40,S,5c:62:8b:66:67:d2,4,0,0,0"
1791506386.219,"B,59375,10,cc:b8:5e:ad:5c:4a,15566,13,660,6,-46,S,5c:62:8b:66:67:d2,0,1,0,12"
1791506386.219,"B,59375,10,b2:db:ca:e6:29:a6,56,2,0,0,-44,S,5c:62:8b:66:67:d2,2,0,0,0"
1791506386.219,"B,59475,10,5c:62:8b:66:67:d2,550,5,18256,18,-46,A,5c:62:8b:66:67:d2,0,5,0,0"
1791506386.219,"B,59475,10,cc:b8:5e:ad:5c:4a,18200,16,550,5,-45,S,5c:62:8b:66:67:d2,0,3,0,13"
1791506386.219,"B,59475,10,f2:51:4e:f8:1a:7f,30,1,0,0,-85,S,b0:a7:b9:23:82:ee,1,0,0,0"
1791506386.219,"B,59475,10,b0:a7:b9:23:82:ee,0,0,30,1,-90,A,b0:a7:b9:23:82:ee,0,0,0,0"
1791506386.219,"B,59475,10,b2:db:ca:e6:29:a6,56,2,0,0,-44,S,5c:62:8b:66:67:d2,2,0,0,0"
1791506386.219,"B,59475,10,cc:d8:43:ca:9f:eb,84,1,60,2,-78,A,cc:d8:43:ca:9f:eb,1,0,0,0"
1791506386.219,"B,59475,10,98:5f:41:bf:7c:ff,60,2,0,0,-70,S,cc:d8:43:ca:9f:eb,2,0,0,0"
1791506386.219,"B,59575,10,5c:62:8b:66:67:d2,846,7,32706,34,-46,A,5c:62:8b:66:67:d2,0,7,0,0"
1791506386.219,"B,59575,10,72:3b:01:24:b7:c8,140,5,0,0,-42,S,5c:62:8b:66:67:d2,5,0,0,0"
1791506386.219,"B,59575,10,cc:b8:5e:ad:5c:4a,32538,28,846,7,-44,S,5c:62:8b:66:67:d2,1,1,2,24"
1791506386.420,"B,59575,10,b2:db:ca:e6:29:a6,28,1,0,0,-45,S,5c:62:8b:66:67:d2,1,0,0,0"
1791506386.420,"B,59675,10,5c:62:8b:66:67:d2,1100,10,34034,36,-46,A,5c:62:8b:66:67:d2,0,10,0,0"
1791506386.420,"B,59675,10,72:3b:01:24:b7:c8,56,2,0,0,-41,S,5c:62:8b:66:67:d2,2,0,0,0"
1791506386.420,"B,59675,10,cc:b8:5e:ad:5c:4a,33894,31,1100,10,-45,S,5c:62:8b:66:67:d2,0,5,0,26"
1791506386.420,"B,59675,10,b2:db:ca:e6:29:a6,84,3,0,0,-44,S,5c:62:8b:66:67:d2,3,0,0,0"
1791506386.420,"B,59775,10,5c:62:8b:66:67:d2,6270,57,168058,139,-46,A,5c:62:8b:66:67:d2,0,57,0,0"
1791506386.420,"B,59775,10,cc:b8:5e:ad:5c:4a,168002,137,6270,57,-46,S,5c:62:8b:66:67:d2,4,2,2,129"
1791506386.620,"B,59775,10,b2:db:ca:e6:29:a6,56,2,0,0,-44,S,5c:62:8b:66:67:d2,2,0,0,0"
1791506386.620,"B,59775,10,cc:d8:43:ca:9f:eb,0,0,30,1,-76,A,cc:d8:43:ca:9f:eb,0,0,0,0"
1791506386.620,"B,59775,10,98:5f:41:bf:7c:ff,30,1,0,0,-70,S,cc:d8:43:ca:9f:eb,1,0,0,0"
1791506386.620,"B,59875,10,5c:62:8b:66:67:d2,1044,10,32744,33,-47,A,5c:62:8b:66:67:d2,2,8,0,0"
1791506386.620,"B,59875,10,72:3b:01:24:b7:c8,56,2,82,1,-41,S,5c:62:8b:66:67:d2,2,0,0,0"
1791506386.620,"B,59875,10,cc:b8:5e:ad:5c:4a,32632,29,962,9,-45,S,5c:62:8b:66:67:d2,2,3,0,24"
1791506386.620,"B,59875,10,b2:db:ca:e6:29:a6,56,2,0,0,-45,S,5c:62:8b:66:67:d2,2,0,0,0"
1791506386.620,"B,59975,10,5c:62:8b:66:67:d2,1015,9,24940,27,-46,A,5c:62:8b:66:67:d2,0,9,0,0"
1791506386.620,"B,59975,10,72:3b:01:24:b7:c8,28,1,0,0,-46,S,5c:62:8b:66:67:d2,1,0,0,0"
1791506386.620,"B,59975,10,cc:b8:5e:ad:5c:4a,24500,21,884,8,-45,S,5c:62:8b:66:67:d2,1,1,0,19"
1791506386.820,"B,59975,10,b2:db:ca:e6:29:a6,28,1,0,0,-44,S,5c:62:8b:66:67:d2,1,0,0,0"
1791506386.820,"B,59975,10,78:8c:b5:f5:e7:26,80,1,0,0,-76,A,78:8c:b5:f5:e7:26,1,0,0,0"
1791506386.820,"B,59975,10,46:88:44:6e:4f:e4,384,4,131,1,-36,S,5c:62:8b:66:67:d2,2,2,0,0"
1791506386.820,"B,60075,10,5c:62:8b:66:67:d2,1018,9,10052,12,-46,A,5c:62:8b:66:67:d2,0,9,0,0"
1791506386.820,"B,60075,10,72:3b:01:24:b7:c8,28,1,0,0,-42,S,5c:62:8b:66:67:d2,1,0,0,0"
1791506386.820,"B,60075,10,cc:b8:5e:ad:5c:4a,9968,9,1018,9,-46,S,5c:62:8b:66:67:d2,1,0,1,7"
1791506386.820,"B,60075,10,b2:db:ca:e6:29:a6,56,2,0,0,-44,S,5c:62:8b:66:67:d2,2,0,0,0"
1791506386.820,"I,60095,stat,rx=21386,drops=0,ch=10,bin=100,hop=0,heap=202024"
1791506386.820,"B,60175,10,5c:62:8b:66:67:d2,563,5,17456,19,-46,A,5c:62:8b:66:67:d2,0,5,0,0"
1791506386.820,"B,60175,10,72:3b:01:24:b7:c8,112,4,0,0,-41,S,5c:62:8b:66:67:d2,4,0,0,0"
1791506386.820,"B,60175,10,cc:b8:5e:ad:5c:4a,17316,14,440,4,-44,S,5c:62:8b:66:67:d2,0,0,2,12"
1791506386.820,"B,60175,10,b2:db:ca:e6:29:a6,28,1,0,0,-45,S,5c:62:8b:66:67:d2,1,0,0,0"
1791506387.021,"B,60175,10,46:88:44:6e:4f:e4,0,0,123,1,0,S,5c:62:8b:66:67:d2,0,0,0,0"
1791506387.021,"B,60275,10,5c:62:8b:66:67:d2,550,5,15686,24,-46,A,5c:62:8b:66:67:d2,0,5,0,0"
1791506387.021,"B,60275,10,72:3b:01:24:b7:c8,168,6,0,0,-43,S,5c:62:8b:66:67:d2,6,0,0,0"
1791506387.021,"B,60275,10,cc:b8:5e:ad:5c:4a,15368,15,550,5,-45,S,5c:62:8b:66:67:d2,1,2,2,10"
1791506387.021,"B,60275,10,f2:51:4e:f8:1a:7f,30,1,0,0,-88,S,b0:a7:b9:23:82:ee,1,0,0,0"
1791506387.021,"B,60275,10,b0:a7:b9:23:82:ee,0,0,30,1,-90,A,b0:a7:b9:23:82:ee,0,0,0,0"
1791506387.021,"B,60275,10,b2:db:ca:e6:29:a6,56,2,0,0,-44,S,5c:62:8b:66:67:d2,2,0,0,0"
1791506387.021,"B,60275,10,cc:d8:43:ca:9f:eb,1017,1,0,0,-85,A,cc:d8:43:ca:9f:eb,0,0,1,0"
1791506387.021,"B,60275,10,46:88:44:6e:4f:e4,94,1,0,0,-36,S,5c:62:8b:66:67:d2,1,0,0,0"
1791506387.021,"B,60375,10,5c:62:8b:66:67:d2,660,6,15958,16,-46,A,5c:62:8b:66:67:d2,0,6,0,0"
1791506387.021,"B,60375,10,cc:b8:5e:ad:5c:4a,15902,14,660,6,-45,S,5c:62:8b:66:67:d2,1,1,0,12"
1791506387.021,"B,60375,10,b2:db:ca:e6:29:a6,56,2,0,0,-44,S,5c:62:8b:66:67:d2,2,0,0,0"
1791506387.221,"B,60475,10,5c:62:8b:66:67:d2,330,3,11848,16,-46,A,5c:62:8b:66:67:d2,0,3,0,0"
1791506387.221,"B,60475,10,72:3b:01:24:b7:c8,112,4,0,0,-40,S,5c:62:8b:66:67:d2,4,0,0,0"
1791506387.221,"B,60475,10,cc:b8:5e:ad:5c:4a,11680,10,330,3,-46,S,5c:62:8b:66:67:d2,0,1,0,9"
1791506387.221,"B,60475,10,b2:db:ca:e6:29:a6,56,2,0,0,-44,S,5c:62:8b:66:67:d2,2,0,0,0"
1791506387.221,"B,60575,10,5c:62:8b:66:67:d2,1210,11,31146,32,-46,A,5c:62:8b:66:67:d2,0,11,0,0"
1791506387.221,"B,60575,10,72:3b:01:24:b7:c8,112,4,0,0,-40,S,5c:62:8b:66:67:d2,4,0,0,0"
1791506387.221,"B,60575,10,cc:b8:5e:ad:5c:4a,31034,28,1210,11,-46,S,5c:62:8b:66:67:d2,1,2,3,22"
1791506387.221,"B,60575,10,f2:51:4e:f8:1a:7f,30,1,0,0,-88,S,b0:a7:b9:23:82:ee,1,0,0,0"
1791506387.421,"B,60575,10,b0:a7:b9:23:82:ee,0,0,30,1,-91,A,b0:a7:b9:23:82:ee,0,0,0,0"
1791506387.421,"B,60675,10,5c:62:8b:66:67:d2,550,5,4140,10,-46,A,5c:62:8b:66:67:d2,0,5,0,0"
1791506387.421,"B,60675,10,72:3b:01:24:b7:c8,112,4,0,0,-43,S,5c:62:8b:66:67:d2,4,0,0,0"
1791506387.421,"B,60675,10,cc:b8:5e:ad:5c:4a,4000,5,550,5,-45,S,5c:62:8b:66:67:d2,1,1,0,3"
1791506387.421,"B,60675,10,b2:db:ca:e6:29:a6,28,1,0,0,-44,S,5c:62:8b:66:67:d2,1,0,0,0"
1791506387.421,"B,60675,10,78:8c:b5:f5:e7:26,128,1,0,0,-77,A,78:8c:b5:f5:e7:26,0,1,0,0"
1791506387.421,"B,60775,10,5c:62:8b:66:67:d2,638,6,17108,15,-46,A,5c:62:8b:66:67:d2,1,5,0,0"
1791506387.421,"B,60775,10,cc:b8:5e:ad:5c:4a,17108,15,550,5,-46,S,5c:62:8b:66:67:d2,1,1,0,13"
1791506387.421,"B,60775,10,b0:a7:b9:23:82:ee,0,0,28,1,-90,A,b0:a7:b9:23:82:ee,0,0,0,0"
1791506387.421,"B,60775,10,e2:5e:2c:92:7b:df,28,1,0,0,-90,S,b0:a7:b9:23:82:ee,1,0,0,0"
1791506387.621,"B,60875,10,5c:62:8b:66:67:d2,440,4,9324,14,-46,A,5c:62:8b:66:67:d2,0,4,0,0"
1791506387.621,"B,60875,10,72:3b:01:24:b7:c8,112,4,0,0,-40,S,5c:62:8b:66:67:d2,4,0,0,0"
1791506387.621,"B,60875,10,cc:b8:5e:ad:5c:4a,9156,8,440,4,-47,S,5c:62:8b:66:67:d2,0,1,1,6"
1791506387.621,"B,60875,10,b2:db:ca:e6:29:a6,56,2,0,0,-43,S,5c:62:8b:66:67:d2,2,0,0,0"
1791506387.621,"B,60975,10,5c:62:8b:66:67:d2,770,7,20108,23,-46,A,5c:62:8b:66:67:d2,0,7,0,0"
1791506387.621,"B,60975,10,72:3b:01:24:b7:c8,84,3,0,0,-41,S,5c:62:8b:66:67:d2,3,0,0,0"
1791506387.621,"B,60975,10,cc:b8:5e:ad:5c:4a,19940,17,770,7,-46,S,5c:62:8b:66:67:d2,1,1,0,15"
1791506387.621,"B,60975,10,b2:db:ca:e6:29:a6,84,3,0,0,-44,S,5c:62:8b:66:67:d2,3,0,0,0"
1791506387.822,"I,60999,focus,off"
1791506387.822,"M,60999,record_end"
1791506387.822,"B,61075,10,5c:62:8b:66:67:d2,660,6,12942,14,-46,A,5c:62:8b:66:67:d2,0,6,0,0"
1791506387.822,"B,61075,10,cc:b8:5e:ad:5c:4a,12886,12,660,6,-46,S,5c:62:8b:66:67:d2,1,2,0,9"
1791506387.822,"B,61075,10,b2:db:ca:e6:29:a6,56,2,0,0,-44,S,5c:62:8b:66:67:d2,2,0,0,0"
1791506387.822,"B,61175,10,5c:62:8b:66:67:d2,660,6,15176,19,-46,A,5c:62:8b:66:67:d2,0,6,0,0"
1791506387.822,"B,61175,10,72:3b:01:24:b7:c8,140,5,0,0,-41,S,5c:62:8b:66:67:d2,5,0,0,0"
1791506387.822,"B,61175,10,cc:b8:5e:ad:5c:4a,15008,13,660,6,-46,S,5c:62:8b:66:67:d2,1,0,1,11"
1791506387.822,"B,61175,10,b2:db:ca:e6:29:a6,28,1,0,0,-44,S,5c:62:8b:66:67:d2,1,0,0,0"
1791506388.022,"B,61275,10,5c:62:8b:66:67:d2,550,5,25392,26,-46,A,5c:62:8b:66:67:d2,0,5,0,0"
1791506388.022,"B,61275,10,72:3b:01:24:b7:c8,112,4,0,0,-40,S,5c:62:8b:66:67:d2,4,0,0,0"
1791506388.022,"B,61275,10,cc:b8:5e:ad:5c:4a,25224,20,550,5,-46,S,5c:62:8b:66:67:d2,0,0,1,19"
1791506388.022,"B,61275,10,f2:51:4e:f8:1a:7f,30,1,0,0,-87,S,b0:a7:b9:23:82:ee,1,0,0,0"
1791506388.022,"B,61275,10,b0:a7:b9:23:82:ee,0,0,30,1,-90,A,b0:a7:b9:23:82:ee,0,0,0,0"
1791506388.022,"B,61275,10,b2:db:ca:e6:29:a6,56,2,0,0,-43,S,5c:62:8b:66:67:d2,2,0,0,0"
1791506388.022,"B,61375,10,5c:62:8b:66:67:d2,770,7,10754,13,-46,A,5c:62:8b:66:67:d2,0,7,0,0"
1791506388.022,"B,61375,10,72:3b:01:24:b7:c8,28,1,0,0,-41,S,5c:62:8b:66:67:d2,1,0,0,0"
1791506388.022,"B,61375,10,cc:b8:5e:ad:5c:4a,10670,10,770,7,-46,S,5c:62:8b:66:67:d2,1,1,0,8"
1791506388.022,"B,61375,10,f2:51:4e:f8:1a:7f,60,2,0,0,-87,S,b0:a7:b9:23:82:ee,2,0,0,0"
1791506388.022,"B,61375,10,b0:a7:b9:23:82:ee,0,0,60,2,0,A,b0:a7:b9:23:82:ee,0,0,0,0"
1791506388.222,"B,61375,10,b2:db:ca:e6:29:a6,56,2,0,0,-44,S,5c:62:8b:66:67:d2,2,0,0,0"
1791506388.222,"B,61475,10,5c:62:8b:66:67:d2,550,5,11756,17,-46,A,5c:62:8b:66:67:d2,0,5,0,0"
1791506388.222,"B,61475,10,72:3b:01:24:b7:c8,112,4,0,0,-40,S,5c:62:8b:66:67:d2,4,0,0,0"
1791506388.222,"B,61475,10,cc:b8:5e:ad:5c:4a,11588,11,550,5,-45,S,5c:62:8b:66:67:d2,1,1,3,6"
1791506388.222,"B,61475,10,b2:db:ca:e6:29:a6,56,2,0,0,-43,S,5c:62:8b:66:67:d2,2,0,0,0"
1791506388.222,"B,61575,10,5c:62:8b:66:67:d2,770,7,13774,16,-46,A,5c:62:8b:66:67:d2,0,7,0,0"
1791506388.222,"B,61575,10,72:3b:01:24:b7:c8,84,3,0,0,-40,S,5c:62:8b:66:67:d2,3,0,0,0"
1791506388.222,"B,61575,10,cc:b8:5e:ad:5c:4a,13662,12,770,7,-46,S,5c:62:8b:66:67:d2,1,0,1,10"
1791506388.222,"B,61575,10,f2:51:4e:f8:1a:7f,60,2,0,0,-88,S,b0:a7:b9:23:82:ee,2,0,0,0"
1791506388.222,"B,61575,10,b0:a7:b9:23:82:ee,0,0,60,2,-90,A,b0:a7:b9:23:82:ee,0,0,0,0"
1791506388.222,"B,61575,10,b2:db:ca:e6:29:a6,28,1,0,0,-44,S,5c:62:8b:66:67:d2,1,0,0,0"
