host_time_s,line
1791490491.329,"I,76,boot,spyscan-e2-sniffer,v0.1,transport=usb-serial-jtag"
1791490491.329,"A,86,1,c2:a5:dd:1b:60:3b,-77,MERCURY_603B"
1791490491.329,"A,88,1,c4:16:88:9a:06:5c,-89,Marine_Horse"
1791490491.329,"A,172,1,44:df:65:f4:66:07,-90,logovo_SKUFov"
1791490491.329,"B,176,1,c4:16:88:9a:06:5c,0,0,30,1,-89,A,c4:16:88:9a:06:5c"
1791490491.329,"B,176,1,08:9d:f4:81:f5:38,30,1,0,0,-92,S,c4:16:88:9a:06:5c"
1791490491.534,"A,251,1,e0:bb:0c:05:3a:69,-87,528"
1791490491.534,"I,332,reset"
1791490491.534,"I,333,bin,100"
1791490491.534,"I,333,channel,10"
1791490491.534,"A,357,10,5c:62:8b:66:67:d2,-49,TP-Link_67D2"
1791490491.534,"A,376,10,78:8c:b5:f5:e7:26,-82,ITMO"
1791490491.534,"B,376,10,46:88:44:6e:4f:e4,1975,3,0,0,-26,S,5c:62:8b:66:67:d2"
1791490491.534,"B,376,10,5c:62:8b:66:67:d2,0,0,2031,5,-49,A,5c:62:8b:66:67:d2"
1791490491.534,"B,376,10,72:3b:01:24:b7:c8,56,2,0,0,-18,S,5c:62:8b:66:67:d2"
1791490491.534,"B,376,10,a6:4c:bd:b6:c7:99,30,1,0,0,-91,S,78:8c:b5:f5:e7:26"
1791490491.534,"B,376,10,78:8c:b5:f5:e7:26,0,0,30,1,-82,A,78:8c:b5:f5:e7:26"
1791490491.534,"A,394,10,cc:d8:43:ca:9f:eb,-88,Xiaomi_DF62"
1791490491.534,"A,404,10,b0:a7:b9:23:82:ee,-85,________ __ ________"
1791490491.736,"B,476,10,46:88:44:6e:4f:e4,3746,7,0,0,-26,S,5c:62:8b:66:67:d2"
1791490491.736,"B,476,10,5c:62:8b:66:67:d2,0,0,3858,11,-48,A,5c:62:8b:66:67:d2"
1791490491.736,"B,476,10,72:3b:01:24:b7:c8,112,4,0,0,-18,S,5c:62:8b:66:67:d2"
1791490491.736,"B,576,10,46:88:44:6e:4f:e4,1050,3,0,0,-27,S,5c:62:8b:66:67:d2"
1791490491.736,"B,576,10,5c:62:8b:66:67:d2,0,0,1218,9,-48,A,5c:62:8b:66:67:d2"
1791490491.736,"B,576,10,72:3b:01:24:b7:c8,112,4,0,0,-18,S,5c:62:8b:66:67:d2"
1791490491.736,"B,576,10,b2:db:ca:e6:29:a6,56,2,0,0,-21,S,5c:62:8b:66:67:d2"
1791490491.736,"M,633,baseline"
1791490491.936,"B,676,10,46:88:44:6e:4f:e4,3746,7,0,0,-26,S,5c:62:8b:66:67:d2"
1791490491.936,"B,676,10,5c:62:8b:66:67:d2,0,0,3970,15,-48,A,5c:62:8b:66:67:d2"
1791490491.936,"B,676,10,72:3b:01:24:b7:c8,168,6,0,0,-17,S,5c:62:8b:66:67:d2"
1791490491.936,"B,676,10,b2:db:ca:e6:29:a6,56,2,0,0,-21,S,5c:62:8b:66:67:d2"
1791490491.936,"B,776,10,46:88:44:6e:4f:e4,2703,6,0,0,-26,S,5c:62:8b:66:67:d2"
1791490491.936,"B,776,10,5c:62:8b:66:67:d2,0,0,2871,12,-48,A,5c:62:8b:66:67:d2"
1791490491.936,"B,776,10,72:3b:01:24:b7:c8,112,4,0,0,-18,S,5c:62:8b:66:67:d2"
1791490491.936,"B,776,10,b2:db:ca:e6:29:a6,56,2,0,0,-21,S,5c:62:8b:66:67:d2"
1791490491.936,"A,842,10,00:eb:d8:11:99:9d,-56,"
1791490492.139,"B,876,10,46:88:44:6e:4f:e4,3053,7,0,0,-27,S,5c:62:8b:66:67:d2"
1791490492.139,"B,876,10,5c:62:8b:66:67:d2,0,0,3137,10,-48,A,5c:62:8b:66:67:d2"
1791490492.139,"B,876,10,a6:4c:bd:b6:c7:99,30,1,0,0,-92,S,78:8c:b5:f5:e7:26"
1791490492.139,"B,876,10,78:8c:b5:f5:e7:26,0,0,30,1,-83,A,78:8c:b5:f5:e7:26"
1791490492.139,"B,876,10,b2:db:ca:e6:29:a6,84,3,0,0,-20,S,5c:62:8b:66:67:d2"
1791490492.139,"A,899,10,dc:8e:8d:9c:65:79,-91,netis-9C6572"
1791490492.139,"B,976,10,46:88:44:6e:4f:e4,2703,6,0,0,-27,S,5c:62:8b:66:67:d2"
1791490492.139,"B,976,10,5c:62:8b:66:67:d2,0,0,2899,13,-48,A,5c:62:8b:66:67:d2"
1791490492.139,"B,976,10,72:3b:01:24:b7:c8,140,5,0,0,-18,S,5c:62:8b:66:67:d2"
1791490492.139,"B,976,10,b2:db:ca:e6:29:a6,56,2,0,0,-20,S,5c:62:8b:66:67:d2"
1791490492.339,"B,1076,10,46:88:44:6e:4f:e4,2703,6,0,0,-27,S,5c:62:8b:66:67:d2"
1791490492.339,"B,1076,10,5c:62:8b:66:67:d2,0,0,2815,10,-48,A,5c:62:8b:66:67:d2"
1791490492.339,"B,1076,10,72:3b:01:24:b7:c8,84,3,0,0,-18,S,5c:62:8b:66:67:d2"
1791490492.339,"B,1076,10,b2:db:ca:e6:29:a6,28,1,0,0,-21,S,5c:62:8b:66:67:d2"
1791490492.339,"B,1176,10,46:88:44:6e:4f:e4,1078,4,0,0,-27,S,5c:62:8b:66:67:d2"
1791490492.339,"B,1176,10,5c:62:8b:66:67:d2,0,0,1134,6,-47,A,5c:62:8b:66:67:d2"
1791490492.339,"B,1176,10,b2:db:ca:e6:29:a6,56,2,0,0,-21,S,5c:62:8b:66:67:d2"
1791490492.540,"B,1276,10,46:88:44:6e:4f:e4,3257,6,0,0,-27,S,5c:62:8b:66:67:d2"
1791490492.540,"B,1276,10,5c:62:8b:66:67:d2,0,0,3453,13,0,A,5c:62:8b:66:67:d2"
1791490492.540,"B,1276,10,72:3b:01:24:b7:c8,140,5,0,0,-17,S,5c:62:8b:66:67:d2"
1791490492.540,"B,1276,10,b2:db:ca:e6:29:a6,56,2,0,0,-21,S,5c:62:8b:66:67:d2"
1791490492.540,"B,1376,10,46:88:44:6e:4f:e4,3053,7,0,0,-27,S,5c:62:8b:66:67:d2"
1791490492.540,"B,1376,10,5c:62:8b:66:67:d2,0,0,3333,17,-48,A,5c:62:8b:66:67:d2"
1791490492.540,"B,1376,10,72:3b:01:24:b7:c8,224,8,0,0,-18,S,5c:62:8b:66:67:d2"
1791490492.540,"B,1376,10,b2:db:ca:e6:29:a6,56,2,0,0,-22,S,5c:62:8b:66:67:d2"
1791490492.745,"B,1476,10,46:88:44:6e:4f:e4,2703,6,0,0,-26,S,5c:62:8b:66:67:d2"
1791490492.745,"B,1476,10,5c:62:8b:66:67:d2,0,0,2759,8,-47,A,5c:62:8b:66:67:d2"
1791490492.745,"B,1476,10,72:3b:01:24:b7:c8,28,1,0,0,-18,S,5c:62:8b:66:67:d2"
1791490492.745,"B,1476,10,b2:db:ca:e6:29:a6,28,1,0,0,-21,S,5c:62:8b:66:67:d2"
1791490492.745,"A,1506,10,82:af:ca:28:4c:f8,-85,"
1791490492.745,"B,1576,10,46:88:44:6e:4f:e4,3053,7,0,0,-26,S,5c:62:8b:66:67:d2"
1791490492.745,"B,1576,10,5c:62:8b:66:67:d2,0,0,3249,14,-47,A,5c:62:8b:66:67:d2"
1791490492.745,"B,1576,10,72:3b:01:24:b7:c8,168,6,0,0,-18,S,5c:62:8b:66:67:d2"
1791490492.745,"B,1576,10,b2:db:ca:e6:29:a6,28,1,0,0,-22,S,5c:62:8b:66:67:d2"
1791490492.950,"B,1676,10,46:88:44:6e:4f:e4,6875,10,0,0,-25,S,5c:62:8b:66:67:d2"
1791490492.950,"B,1676,10,5c:62:8b:66:67:d2,0,0,6875,10,-46,A,5c:62:8b:66:67:d2"
1791490492.950,"B,1676,10,a6:4c:bd:b6:c7:99,30,1,0,0,-93,S,78:8c:b5:f5:e7:26"
1791490492.950,"B,1676,10,78:8c:b5:f5:e7:26,0,0,30,1,-82,A,78:8c:b5:f5:e7:26"
1791490492.950,"B,1776,10,46:88:44:6e:4f:e4,1428,5,0,0,-24,S,5c:62:8b:66:67:d2"
1791490492.950,"B,1776,10,5c:62:8b:66:67:d2,0,0,1540,9,-47,A,5c:62:8b:66:67:d2"
1791490492.950,"B,1776,10,72:3b:01:24:b7:c8,84,3,0,0,-18,S,5c:62:8b:66:67:d2"
1791490492.950,"B,1776,10,b2:db:ca:e6:29:a6,28,1,0,0,-21,S,5c:62:8b:66:67:d2"
1791490493.155,"B,1876,10,46:88:44:6e:4f:e4,2675,5,0,0,-25,S,5c:62:8b:66:67:d2"
1791490493.155,"B,1876,10,5c:62:8b:66:67:d2,0,0,3011,17,-48,A,5c:62:8b:66:67:d2"
1791490493.155,"B,1876,10,72:3b:01:24:b7:c8,280,10,0,0,-17,S,5c:62:8b:66:67:d2"
1791490493.155,"B,1876,10,b2:db:ca:e6:29:a6,56,2,0,0,-22,S,5c:62:8b:66:67:d2"
1791490493.155,"B,1976,10,46:88:44:6e:4f:e4,2703,6,0,0,-24,S,5c:62:8b:66:67:d2"
1791490493.155,"B,1976,10,5c:62:8b:66:67:d2,0,0,2787,9,-48,A,5c:62:8b:66:67:d2"
1791490493.155,"B,1976,10,72:3b:01:24:b7:c8,28,1,0,0,-18,S,5c:62:8b:66:67:d2"
1791490493.155,"B,1976,10,b2:db:ca:e6:29:a6,56,2,0,0,-22,S,5c:62:8b:66:67:d2"
1791490493.356,"B,2076,10,46:88:44:6e:4f:e4,2703,6,0,0,-24,S,5c:62:8b:66:67:d2"
1791490493.356,"B,2076,10,5c:62:8b:66:67:d2,0,0,2759,8,-48,A,5c:62:8b:66:67:d2"
1791490493.356,"B,2076,10,72:3b:01:24:b7:c8,28,1,0,0,-18,S,5c:62:8b:66:67:d2"
1791490493.356,"B,2076,10,b2:db:ca:e6:29:a6,28,1,0,0,-21,S,5c:62:8b:66:67:d2"
1791490493.356,"B,2176,10,46:88:44:6e:4f:e4,2703,6,0,0,-25,S,5c:62:8b:66:67:d2"
1791490493.356,"B,2176,10,5c:62:8b:66:67:d2,0,0,3263,26,-49,A,5c:62:8b:66:67:d2"
1791490493.356,"B,2176,10,72:3b:01:24:b7:c8,336,12,0,0,-18,S,5c:62:8b:66:67:d2"
1791490493.356,"B,2176,10,b2:db:ca:e6:29:a6,224,8,0,0,-20,S,5c:62:8b:66:67:d2"
1791490493.556,"B,2276,10,46:88:44:6e:4f:e4,3053,7,0,0,-25,S,5c:62:8b:66:67:d2"
1791490493.556,"B,2276,10,5c:62:8b:66:67:d2,0,0,3109,9,-49,A,5c:62:8b:66:67:d2"
1791490493.556,"B,2276,10,72:3b:01:24:b7:c8,28,1,0,0,-18,S,5c:62:8b:66:67:d2"
1791490493.556,"B,2276,10,b2:db:ca:e6:29:a6,28,1,0,0,-22,S,5c:62:8b:66:67:d2"
1791490493.556,"B,2376,10,46:88:44:6e:4f:e4,1050,3,0,0,-26,S,5c:62:8b:66:67:d2"
1791490493.556,"B,2376,10,5c:62:8b:66:67:d2,0,0,1134,6,-47,A,5c:62:8b:66:67:d2"
1791490493.556,"B,2376,10,72:3b:01:24:b7:c8,28,1,0,0,-18,S,5c:62:8b:66:67:d2"
1791490493.556,"B,2376,10,b2:db:ca:e6:29:a6,56,2,0,0,-21,S,5c:62:8b:66:67:d2"
1791490493.762,"B,2476,10,46:88:44:6e:4f:e4,4217,9,0,0,-27,S,5c:62:8b:66:67:d2"
1791490493.762,"B,2476,10,5c:62:8b:66:67:d2,0,0,4469,18,-46,A,5c:62:8b:66:67:d2"
1791490493.762,"B,2476,10,72:3b:01:24:b7:c8,196,7,0,0,-17,S,5c:62:8b:66:67:d2"
1791490493.762,"B,2476,10,b2:db:ca:e6:29:a6,56,2,0,0,-22,S,5c:62:8b:66:67:d2"
1791490493.762,"B,2576,10,46:88:44:6e:4f:e4,2703,6,0,0,-27,S,5c:62:8b:66:67:d2"
1791490493.762,"B,2576,10,5c:62:8b:66:67:d2,0,0,2787,9,-49,A,5c:62:8b:66:67:d2"
1791490493.762,"B,2576,10,72:3b:01:24:b7:c8,28,1,0,0,-17,S,5c:62:8b:66:67:d2"
1791490493.762,"B,2576,10,b2:db:ca:e6:29:a6,56,2,0,0,-21,S,5c:62:8b:66:67:d2"
1791490493.965,"B,2676,10,46:88:44:6e:4f:e4,2703,6,138,1,-27,S,5c:62:8b:66:67:d2"
1791490493.965,"B,2676,10,5c:62:8b:66:67:d2,138,1,2759,8,-51,A,5c:62:8b:66:67:d2"
1791490493.965,"B,2676,10,b2:db:ca:e6:29:a6,56,2,0,0,-21,S,5c:62:8b:66:67:d2"
1791490493.965,"B,2776,10,46:88:44:6e:4f:e4,2797,7,0,0,-28,S,5c:62:8b:66:67:d2"
1791490493.965,"B,2776,10,5c:62:8b:66:67:d2,0,0,3161,20,-51,A,5c:62:8b:66:67:d2"
1791490493.965,"B,2776,10,72:3b:01:24:b7:c8,308,11,0,0,-17,S,5c:62:8b:66:67:d2"
1791490493.965,"B,2776,10,b2:db:ca:e6:29:a6,56,2,0,0,-22,S,5c:62:8b:66:67:d2"
1791490494.169,"B,2876,10,46:88:44:6e:4f:e4,2703,6,0,0,-27,S,5c:62:8b:66:67:d2"
1791490494.169,"B,2876,10,5c:62:8b:66:67:d2,0,0,2871,12,-50,A,5c:62:8b:66:67:d2"
1791490494.169,"B,2876,10,72:3b:01:24:b7:c8,140,5,0,0,-18,S,5c:62:8b:66:67:d2"
1791490494.169,"B,2876,10,b2:db:ca:e6:29:a6,28,1,0,0,-19,S,5c:62:8b:66:67:d2"
1791490494.169,"B,2976,10,46:88:44:6e:4f:e4,2703,6,0,0,-27,S,5c:62:8b:66:67:d2"
1791490494.169,"B,2976,10,5c:62:8b:66:67:d2,0,0,2787,9,-50,A,5c:62:8b:66:67:d2"
1791490494.169,"B,2976,10,72:3b:01:24:b7:c8,28,1,0,0,-18,S,5c:62:8b:66:67:d2"
1791490494.169,"B,2976,10,b2:db:ca:e6:29:a6,56,2,0,0,-21,S,5c:62:8b:66:67:d2"
1791490494.169,"B,2976,10,38:d5:7a:f4:5a:37,60,2,0,0,-90,S,8a:ce:16:78:6f:dc"
1791490494.169,"B,2976,10,8a:ce:16:78:6f:dc,0,0,60,2,0,A,8a:ce:16:78:6f:dc"
1791490494.373,"B,3076,10,46:88:44:6e:4f:e4,1050,3,0,0,-26,S,5c:62:8b:66:67:d2"
1791490494.373,"B,3076,10,5c:62:8b:66:67:d2,0,0,1302,12,-50,A,5c:62:8b:66:67:d2"
1791490494.373,"B,3076,10,72:3b:01:24:b7:c8,168,6,0,0,-17,S,5c:62:8b:66:67:d2"
1791490494.373,"B,3076,10,b2:db:ca:e6:29:a6,84,3,0,0,-21,S,5c:62:8b:66:67:d2"
1791490494.373,"B,3176,10,46:88:44:6e:4f:e4,2703,6,0,0,-26,S,5c:62:8b:66:67:d2"
1791490494.373,"B,3176,10,5c:62:8b:66:67:d2,0,0,2759,8,-50,A,5c:62:8b:66:67:d2"
1791490494.373,"B,3176,10,72:3b:01:24:b7:c8,28,1,0,0,-18,S,5c:62:8b:66:67:d2"
1791490494.373,"B,3176,10,78:8c:b5:f5:e7:26,0,0,28,1,-82,A,78:8c:b5:f5:e7:26"
1791490494.373,"B,3176,10,b2:db:ca:e6:29:a6,28,1,0,0,-21,S,5c:62:8b:66:67:d2"
1791490494.373,"B,3176,10,00:08:22:24:d6:fb,28,1,0,0,-79,S,78:8c:b5:f5:e7:26"
1791490494.574,"B,3276,10,46:88:44:6e:4f:e4,3635,8,0,0,-25,S,5c:62:8b:66:67:d2"
1791490494.574,"B,3276,10,5c:62:8b:66:67:d2,0,0,3747,12,-50,A,5c:62:8b:66:67:d2"
1791490494.574,"B,3276,10,72:3b:01:24:b7:c8,28,1,0,0,-18,S,5c:62:8b:66:67:d2"
1791490494.574,"B,3276,10,b2:db:ca:e6:29:a6,84,3,0,0,-21,S,5c:62:8b:66:67:d2"
1791490494.574,"B,3376,10,46:88:44:6e:4f:e4,3285,7,0,0,-25,S,5c:62:8b:66:67:d2"
1791490494.574,"B,3376,10,5c:62:8b:66:67:d2,0,0,3397,11,-49,A,5c:62:8b:66:67:d2"
1791490494.574,"B,3376,10,72:3b:01:24:b7:c8,112,4,0,0,-18,S,5c:62:8b:66:67:d2"
1791490494.574,"B,3476,10,46:88:44:6e:4f:e4,728,3,0,0,-27,S,5c:62:8b:66:67:d2"
1791490494.574,"B,3476,10,5c:62:8b:66:67:d2,0,0,784,5,-48,A,5c:62:8b:66:67:d2"
1791490494.574,"B,3476,10,72:3b:01:24:b7:c8,28,1,0,0,-18,S,5c:62:8b:66:67:d2"
1791490494.574,"B,3476,10,a6:4c:bd:b6:c7:99,30,1,0,0,-92,S,78:8c:b5:f5:e7:26"
1791490494.574,"B,3476,10,78:8c:b5:f5:e7:26,0,0,30,1,-86,A,78:8c:b5:f5:e7:26"
1791490494.774,"B,3476,10,b2:db:ca:e6:29:a6,28,1,0,0,-21,S,5c:62:8b:66:67:d2"
1791490494.774,"B,3576,10,46:88:44:6e:4f:e4,1400,4,0,0,-27,S,5c:62:8b:66:67:d2"
1791490494.774,"B,3576,10,5c:62:8b:66:67:d2,0,0,1400,4,-49,A,5c:62:8b:66:67:d2"
1791490494.774,"B,3676,10,46:88:44:6e:4f:e4,2703,6,0,0,-26,S,5c:62:8b:66:67:d2"
1791490494.774,"B,3676,10,5c:62:8b:66:67:d2,0,0,2759,8,-48,A,5c:62:8b:66:67:d2"
1791490494.774,"B,3676,10,72:3b:01:24:b7:c8,56,2,0,0,-17,S,5c:62:8b:66:67:d2"
1791490494.975,"B,3776,10,46:88:44:6e:4f:e4,2353,5,0,0,-26,S,5c:62:8b:66:67:d2"
1791490494.975,"B,3776,10,5c:62:8b:66:67:d2,0,0,2437,8,-47,A,5c:62:8b:66:67:d2"
1791490494.975,"B,3776,10,72:3b:01:24:b7:c8,84,3,0,0,-17,S,5c:62:8b:66:67:d2"
1791490494.975,"B,3876,10,46:88:44:6e:4f:e4,2703,6,0,0,-26,S,5c:62:8b:66:67:d2"
1791490494.975,"B,3876,10,5c:62:8b:66:67:d2,0,0,2731,7,-47,A,5c:62:8b:66:67:d2"
1791490494.975,"B,3876,10,72:3b:01:24:b7:c8,28,1,0,0,-18,S,5c:62:8b:66:67:d2"
1791490494.975,"B,3876,10,a6:4c:bd:b6:c7:99,60,2,0,0,-90,S,78:8c:b5:f5:e7:26"
1791490495.175,"B,3876,10,78:8c:b5:f5:e7:26,0,0,60,2,-85,A,78:8c:b5:f5:e7:26"
1791490495.175,"B,3976,10,46:88:44:6e:4f:e4,2703,6,0,0,-27,S,5c:62:8b:66:67:d2"
1791490495.175,"B,3976,10,5c:62:8b:66:67:d2,0,0,2703,6,-47,A,5c:62:8b:66:67:d2"
1791490495.175,"B,4076,10,46:88:44:6e:4f:e4,3053,7,0,0,-27,S,5c:62:8b:66:67:d2"
1791490495.175,"B,4076,10,5c:62:8b:66:67:d2,0,0,3081,8,-47,A,5c:62:8b:66:67:d2"
1791490495.375,"B,4076,10,72:3b:01:24:b7:c8,28,1,0,0,-18,S,5c:62:8b:66:67:d2"
1791490495.375,"B,4176,10,46:88:44:6e:4f:e4,1078,4,0,0,-27,S,5c:62:8b:66:67:d2"
1791490495.375,"B,4176,10,5c:62:8b:66:67:d2,0,0,1078,4,-47,A,5c:62:8b:66:67:d2"
1791490495.375,"B,4276,10,46:88:44:6e:4f:e4,1982,5,0,0,-27,S,5c:62:8b:66:67:d2"
1791490495.375,"B,4276,10,5c:62:8b:66:67:d2,0,0,2150,11,-46,A,5c:62:8b:66:67:d2"
1791490495.375,"B,4276,10,72:3b:01:24:b7:c8,168,6,0,0,-17,S,5c:62:8b:66:67:d2"
1791490495.576,"B,4376,10,46:88:44:6e:4f:e4,3053,7,0,0,-27,S,5c:62:8b:66:67:d2"
1791490495.576,"B,4376,10,5c:62:8b:66:67:d2,0,0,3193,12,-46,A,5c:62:8b:66:67:d2"
1791490495.576,"B,4376,10,72:3b:01:24:b7:c8,140,5,0,0,-17,S,5c:62:8b:66:67:d2"
1791490495.576,"B,4476,10,46:88:44:6e:4f:e4,2703,6,0,0,-26,S,5c:62:8b:66:67:d2"
1791490495.576,"B,4476,10,5c:62:8b:66:67:d2,0,0,2703,6,-46,A,5c:62:8b:66:67:d2"
1791490495.576,"B,4476,10,80:af:ca:68:4c:f8,104,1,0,0,-84,A,80:af:ca:68:4c:f8"
1791490495.777,"B,4576,10,46:88:44:6e:4f:e4,2703,6,0,0,-26,S,5c:62:8b:66:67:d2"
1791490495.777,"B,4576,10,5c:62:8b:66:67:d2,0,0,2955,15,-46,A,5c:62:8b:66:67:d2"
1791490495.777,"B,4576,10,72:3b:01:24:b7:c8,168,6,0,0,-17,S,5c:62:8b:66:67:d2"
1791490495.777,"B,4576,10,b2:db:ca:e6:29:a6,84,3,0,0,-20,S,5c:62:8b:66:67:d2"
1791490495.777,"B,4676,10,46:88:44:6e:4f:e4,2703,6,0,0,-25,S,5c:62:8b:66:67:d2"
1791490495.777,"B,4676,10,5c:62:8b:66:67:d2,0,0,2955,15,-47,A,5c:62:8b:66:67:d2"
1791490495.777,"B,4676,10,72:3b:01:24:b7:c8,168,6,0,0,-17,S,5c:62:8b:66:67:d2"
1791490495.777,"B,4676,10,b2:db:ca:e6:29:a6,84,3,0,0,-21,S,5c:62:8b:66:67:d2"
1791490495.977,"B,4776,10,46:88:44:6e:4f:e4,1050,3,0,0,-26,S,5c:62:8b:66:67:d2"
1791490495.977,"B,4776,10,5c:62:8b:66:67:d2,0,0,1162,7,-47,A,5c:62:8b:66:67:d2"
1791490495.977,"B,4776,10,72:3b:01:24:b7:c8,56,2,0,0,-18,S,5c:62:8b:66:67:d2"
1791490495.977,"B,4776,10,b2:db:ca:e6:29:a6,56,2,0,0,-21,S,5c:62:8b:66:67:d2"
1791490495.977,"B,4876,10,46:88:44:6e:4f:e4,3403,8,0,0,-26,S,5c:62:8b:66:67:d2"
1791490495.977,"B,4876,10,5c:62:8b:66:67:d2,0,0,3683,18,-46,A,5c:62:8b:66:67:d2"
1791490495.977,"B,4876,10,72:3b:01:24:b7:c8,252,9,0,0,-18,S,5c:62:8b:66:67:d2"
1791490495.977,"B,4876,10,a6:4c:bd:b6:c7:99,30,1,0,0,-90,S,78:8c:b5:f5:e7:26"
1791490495.977,"B,4876,10,78:8c:b5:f5:e7:26,0,0,30,1,-85,A,78:8c:b5:f5:e7:26"
1791490496.178,"B,4876,10,b2:db:ca:e6:29:a6,28,1,0,0,-22,S,5c:62:8b:66:67:d2"
1791490496.178,"B,4976,10,46:88:44:6e:4f:e4,2703,6,0,0,-26,S,5c:62:8b:66:67:d2"
1791490496.178,"B,4976,10,5c:62:8b:66:67:d2,0,0,2787,9,-47,A,5c:62:8b:66:67:d2"
1791490496.178,"B,4976,10,b2:db:ca:e6:29:a6,84,3,0,0,-20,S,5c:62:8b:66:67:d2"
1791490496.178,"B,5076,10,46:88:44:6e:4f:e4,2353,5,0,0,-26,S,5c:62:8b:66:67:d2"
1791490496.178,"B,5076,10,5c:62:8b:66:67:d2,0,0,2381,6,-47,A,5c:62:8b:66:67:d2"
1791490496.178,"B,5076,10,b2:db:ca:e6:29:a6,28,1,0,0,-21,S,5c:62:8b:66:67:d2"
1791490496.178,"I,5078,stat,rx=665,drops=0,ch=10,bin=100,hop=0,heap=203064"
1791490496.380,"B,5176,10,46:88:44:6e:4f:e4,2703,6,0,0,-27,S,5c:62:8b:66:67:d2"
1791490496.380,"B,5176,10,5c:62:8b:66:67:d2,0,0,3123,21,-47,A,5c:62:8b:66:67:d2"
1791490496.380,"B,5176,10,72:3b:01:24:b7:c8,280,10,0,0,-17,S,5c:62:8b:66:67:d2"
1791490496.380,"B,5176,10,b2:db:ca:e6:29:a6,140,5,0,0,-20,S,5c:62:8b:66:67:d2"
1791490496.380,"B,5276,10,46:88:44:6e:4f:e4,2703,6,0,0,-26,S,5c:62:8b:66:67:d2"
1791490496.380,"B,5276,10,5c:62:8b:66:67:d2,0,0,2759,8,-49,A,5c:62:8b:66:67:d2"
1791490496.380,"B,5276,10,b2:db:ca:e6:29:a6,56,2,0,0,-21,S,5c:62:8b:66:67:d2"
1791490496.581,"B,5376,10,46:88:44:6e:4f:e4,1050,3,0,0,-26,S,5c:62:8b:66:67:d2"
1791490496.581,"B,5376,10,5c:62:8b:66:67:d2,0,0,1106,5,-49,A,5c:62:8b:66:67:d2"
1791490496.581,"B,5376,10,b2:db:ca:e6:29:a6,56,2,0,0,-21,S,5c:62:8b:66:67:d2"
1791490496.581,"B,5476,10,46:88:44:6e:4f:e4,2703,6,0,0,-26,S,5c:62:8b:66:67:d2"
1791490496.581,"B,5476,10,5c:62:8b:66:67:d2,0,0,2927,14,0,A,5c:62:8b:66:67:d2"
1791490496.581,"B,5476,10,72:3b:01:24:b7:c8,196,7,0,0,-17,S,5c:62:8b:66:67:d2"
1791490496.581,"B,5476,10,b2:db:ca:e6:29:a6,28,1,0,0,-23,S,5c:62:8b:66:67:d2"
1791490496.783,"B,5576,10,46:88:44:6e:4f:e4,2703,6,0,0,-27,S,5c:62:8b:66:67:d2"
1791490496.783,"B,5576,10,5c:62:8b:66:67:d2,0,0,2815,10,-47,A,5c:62:8b:66:67:d2"
1791490496.783,"B,5576,10,72:3b:01:24:b7:c8,56,2,0,0,-18,S,5c:62:8b:66:67:d2"
1791490496.783,"B,5576,10,a6:4c:bd:b6:c7:99,30,1,0,0,-90,S,78:8c:b5:f5:e7:26"
1791490496.783,"B,5576,10,78:8c:b5:f5:e7:26,0,0,30,1,-86,A,78:8c:b5:f5:e7:26"
1791490496.783,"B,5576,10,b2:db:ca:e6:29:a6,56,2,0,0,-21,S,5c:62:8b:66:67:d2"
1791490496.783,"B,5676,10,46:88:44:6e:4f:e4,2703,6,0,0,-27,S,5c:62:8b:66:67:d2"
1791490496.783,"B,5676,10,5c:62:8b:66:67:d2,0,0,2759,8,-48,A,5c:62:8b:66:67:d2"
1791490496.783,"B,5676,10,72:3b:01:24:b7:c8,28,1,0,0,-20,S,5c:62:8b:66:67:d2"
1791490496.783,"B,5676,10,b2:db:ca:e6:29:a6,28,1,0,0,-21,S,5c:62:8b:66:67:d2"
1791490496.986,"B,5776,10,46:88:44:6e:4f:e4,3053,7,0,0,-26,S,5c:62:8b:66:67:d2"
1791490496.986,"B,5776,10,5c:62:8b:66:67:d2,0,0,3193,12,-48,A,5c:62:8b:66:67:d2"
1791490496.986,"B,5776,10,72:3b:01:24:b7:c8,84,3,0,0,-17,S,5c:62:8b:66:67:d2"
1791490496.986,"B,5776,10,a6:4c:bd:b6:c7:99,30,1,0,0,-90,S,78:8c:b5:f5:e7:26"
1791490496.986,"B,5776,10,78:8c:b5:f5:e7:26,0,0,30,1,-85,A,78:8c:b5:f5:e7:26"
1791490496.986,"B,5776,10,b2:db:ca:e6:29:a6,56,2,0,0,-23,S,5c:62:8b:66:67:d2"
1791490496.986,"B,5876,10,46:88:44:6e:4f:e4,3053,7,0,0,-26,S,5c:62:8b:66:67:d2"
1791490496.986,"B,5876,10,5c:62:8b:66:67:d2,0,0,3081,8,-49,A,5c:62:8b:66:67:d2"
1791490496.986,"B,5876,10,72:3b:01:24:b7:c8,28,1,0,0,-17,S,5c:62:8b:66:67:d2"
1791490497.189,"B,5976,10,46:88:44:6e:4f:e4,1050,3,0,0,-27,S,5c:62:8b:66:67:d2"
1791490497.189,"B,5976,10,5c:62:8b:66:67:d2,1750,5,1106,5,-50,A,5c:62:8b:66:67:d2"
1791490497.189,"B,5976,10,72:3b:01:24:b7:c8,0,0,1750,5,0,S,5c:62:8b:66:67:d2"
1791490497.189,"B,5976,10,b2:db:ca:e6:29:a6,56,2,0,0,-21,S,5c:62:8b:66:67:d2"
1791490497.189,"B,6076,10,46:88:44:6e:4f:e4,2703,6,0,0,-26,S,5c:62:8b:66:67:d2"
1791490497.189,"B,6076,10,5c:62:8b:66:67:d2,2450,7,2871,12,-49,A,5c:62:8b:66:67:d2"
1791490497.189,"B,6076,10,72:3b:01:24:b7:c8,112,4,2450,7,-18,S,5c:62:8b:66:67:d2"
1791490497.189,"B,6076,10,b2:db:ca:e6:29:a6,56,2,0,0,-21,S,5c:62:8b:66:67:d2"
1791490497.390,"B,6176,10,46:88:44:6e:4f:e4,2703,6,0,0,-27,S,5c:62:8b:66:67:d2"
1791490497.390,"B,6176,10,5c:62:8b:66:67:d2,0,0,2787,9,-51,A,5c:62:8b:66:67:d2"
1791490497.390,"B,6176,10,72:3b:01:24:b7:c8,28,1,0,0,-18,S,5c:62:8b:66:67:d2"
1791490497.390,"B,6176,10,b2:db:ca:e6:29:a6,56,2,0,0,-20,S,5c:62:8b:66:67:d2"
1791490497.390,"B,6276,10,46:88:44:6e:4f:e4,2703,6,0,0,-27,S,5c:62:8b:66:67:d2"
1791490497.390,"B,6276,10,5c:62:8b:66:67:d2,0,0,2815,10,-49,A,5c:62:8b:66:67:d2"
1791490497.390,"B,6276,10,72:3b:01:24:b7:c8,112,4,0,0,-17,S,5c:62:8b:66:67:d2"
1791490497.592,"B,6376,10,46:88:44:6e:4f:e4,2703,6,0,0,-27,S,5c:62:8b:66:67:d2"
1791490497.592,"B,6376,10,5c:62:8b:66:67:d2,0,0,3055,11,-49,A,5c:62:8b:66:67:d2"
1791490497.592,"B,6376,10,72:3b:01:24:b7:c8,28,1,0,0,-18,S,5c:62:8b:66:67:d2"
1791490497.592,"B,6376,10,b2:db:ca:e6:29:a6,324,4,0,0,-21,S,5c:62:8b:66:67:d2"
1791490497.592,"B,6476,10,46:88:44:6e:4f:e4,3053,7,0,0,-27,S,5c:62:8b:66:67:d2"
1791490497.592,"B,6476,10,5c:62:8b:66:67:d2,0,0,3109,9,-51,A,5c:62:8b:66:67:d2"
1791490497.592,"B,6476,10,b2:db:ca:e6:29:a6,56,2,0,0,-20,S,5c:62:8b:66:67:d2"
1791490497.797,"B,6576,10,46:88:44:6e:4f:e4,1428,5,0,0,-27,S,5c:62:8b:66:67:d2"
1791490497.797,"B,6576,10,5c:62:8b:66:67:d2,0,0,1568,10,-49,A,5c:62:8b:66:67:d2"
1791490497.797,"B,6576,10,72:3b:01:24:b7:c8,84,3,0,0,-17,S,5c:62:8b:66:67:d2"
1791490497.797,"B,6576,10,a6:4c:bd:b6:c7:99,30,1,0,0,-92,S,78:8c:b5:f5:e7:26"
1791490497.797,"B,6576,10,78:8c:b5:f5:e7:26,0,0,30,1,-84,A,78:8c:b5:f5:e7:26"
1791490497.797,"B,6576,10,b2:db:ca:e6:29:a6,56,2,0,0,-20,S,5c:62:8b:66:67:d2"
1791490497.797,"B,6676,10,46:88:44:6e:4f:e4,2675,5,0,0,-27,S,5c:62:8b:66:67:d2"
1791490497.797,"B,6676,10,5c:62:8b:66:67:d2,0,0,2815,10,-50,A,5c:62:8b:66:67:d2"
1791490497.797,"B,6676,10,72:3b:01:24:b7:c8,112,4,0,0,-17,S,5c:62:8b:66:67:d2"
1791490497.797,"B,6676,10,b2:db:ca:e6:29:a6,28,1,0,0,-23,S,5c:62:8b:66:67:d2"
1791490498.000,"B,6776,10,46:88:44:6e:4f:e4,2703,6,0,0,-27,S,5c:62:8b:66:67:d2"
1791490498.000,"B,6776,10,5c:62:8b:66:67:d2,0,0,2815,10,-50,A,5c:62:8b:66:67:d2"
1791490498.000,"B,6776,10,72:3b:01:24:b7:c8,112,4,0,0,-18,S,5c:62:8b:66:67:d2"
1791490498.000,"B,6876,10,46:88:44:6e:4f:e4,2703,6,0,0,-26,S,5c:62:8b:66:67:d2"
1791490498.000,"B,6876,10,5c:62:8b:66:67:d2,0,0,2983,16,-49,A,5c:62:8b:66:67:d2"
1791490498.000,"B,6876,10,72:3b:01:24:b7:c8,280,10,0,0,-17,S,5c:62:8b:66:67:d2"
1791490498.203,"B,6976,10,46:88:44:6e:4f:e4,2703,6,0,0,-26,S,5c:62:8b:66:67:d2"
1791490498.203,"B,6976,10,5c:62:8b:66:67:d2,0,0,2815,10,-50,A,5c:62:8b:66:67:d2"
1791490498.203,"B,6976,10,72:3b:01:24:b7:c8,112,4,0,0,-18,S,5c:62:8b:66:67:d2"
1791490498.203,"B,7076,10,46:88:44:6e:4f:e4,2703,6,0,0,-25,S,5c:62:8b:66:67:d2"
1791490498.203,"B,7076,10,5c:62:8b:66:67:d2,0,0,2703,6,-49,A,5c:62:8b:66:67:d2"
1791490498.407,"B,7176,10,46:88:44:6e:4f:e4,1050,3,0,0,-27,S,5c:62:8b:66:67:d2"
1791490498.407,"B,7176,10,5c:62:8b:66:67:d2,0,0,1162,7,-49,A,5c:62:8b:66:67:d2"
1791490498.407,"B,7176,10,72:3b:01:24:b7:c8,112,4,0,0,-18,S,5c:62:8b:66:67:d2"
1791490498.407,"B,7276,10,46:88:44:6e:4f:e4,3053,7,0,0,-25,S,5c:62:8b:66:67:d2"
1791490498.407,"B,7276,10,5c:62:8b:66:67:d2,0,0,3081,8,-49,A,5c:62:8b:66:67:d2"
1791490498.407,"B,7276,10,72:3b:01:24:b7:c8,28,1,0,0,-18,S,5c:62:8b:66:67:d2"
1791490498.407,"B,7276,10,a6:4c:bd:b6:c7:99,30,1,0,0,-89,S,78:8c:b5:f5:e7:26"
1791490498.407,"B,7276,10,78:8c:b5:f5:e7:26,0,0,30,1,-84,A,78:8c:b5:f5:e7:26"
1791490498.609,"B,7376,10,46:88:44:6e:4f:e4,3053,7,0,0,-26,S,5c:62:8b:66:67:d2"
1791490498.609,"B,7376,10,5c:62:8b:66:67:d2,0,0,3249,14,-49,A,5c:62:8b:66:67:d2"
1791490498.609,"B,7376,10,72:3b:01:24:b7:c8,168,6,0,0,-18,S,5c:62:8b:66:67:d2"
1791490498.609,"B,7376,10,b2:db:ca:e6:29:a6,28,1,0,0,-21,S,5c:62:8b:66:67:d2"
1791490498.609,"B,7476,10,46:88:44:6e:4f:e4,2353,5,0,0,-26,S,5c:62:8b:66:67:d2"
1791490498.609,"B,7476,10,5c:62:8b:66:67:d2,0,0,2409,7,-49,A,5c:62:8b:66:67:d2"
1791490498.609,"B,7476,10,b2:db:ca:e6:29:a6,56,2,0,0,-21,S,5c:62:8b:66:67:d2"
1791490498.814,"B,7576,10,46:88:44:6e:4f:e4,2703,6,0,0,-26,S,5c:62:8b:66:67:d2"
1791490498.814,"B,7576,10,5c:62:8b:66:67:d2,0,0,2815,10,-49,A,5c:62:8b:66:67:d2"
1791490498.814,"B,7576,10,72:3b:01:24:b7:c8,56,2,0,0,-18,S,5c:62:8b:66:67:d2"
1791490498.814,"B,7576,10,b2:db:ca:e6:29:a6,56,2,0,0,-22,S,5c:62:8b:66:67:d2"
1791490498.814,"B,7676,10,46:88:44:6e:4f:e4,2703,6,138,1,-27,S,5c:62:8b:66:67:d2"
1791490498.814,"B,7676,10,5c:62:8b:66:67:d2,138,1,2843,11,-49,A,5c:62:8b:66:67:d2"
1791490498.814,"B,7676,10,72:3b:01:24:b7:c8,140,5,0,0,-18,S,5c:62:8b:66:67:d2"
1791490499.019,"B,7776,10,46:88:44:6e:4f:e4,1144,4,0,0,-27,S,5c:62:8b:66:67:d2"
1791490499.019,"B,7776,10,5c:62:8b:66:67:d2,0,0,1200,6,-51,A,5c:62:8b:66:67:d2"
1791490499.019,"B,7776,10,a6:4c:bd:b6:c7:99,60,2,0,0,-91,S,78:8c:b5:f5:e7:26"
1791490499.019,"B,7776,10,78:8c:b5:f5:e7:26,0,0,60,2,-83,A,78:8c:b5:f5:e7:26"
1791490499.019,"B,7776,10,b2:db:ca:e6:29:a6,56,2,0,0,-21,S,5c:62:8b:66:67:d2"
1791490499.019,"B,7876,10,46:88:44:6e:4f:e4,3725,8,0,0,-26,S,5c:62:8b:66:67:d2"
1791490499.019,"B,7876,10,5c:62:8b:66:67:d2,0,0,3865,13,-48,A,5c:62:8b:66:67:d2"
1791490499.019,"B,7876,10,72:3b:01:24:b7:c8,84,3,0,0,-18,S,5c:62:8b:66:67:d2"
1791490499.019,"B,7876,10,b2:db:ca:e6:29:a6,56,2,0,0,-22,S,5c:62:8b:66:67:d2"
1791490499.220,"B,7976,10,46:88:44:6e:4f:e4,3164,6,0,0,-26,S,5c:62:8b:66:67:d2"
1791490499.220,"B,7976,10,5c:62:8b:66:67:d2,0,0,3220,8,-49,A,5c:62:8b:66:67:d2"
1791490499.220,"B,7976,10,72:3b:01:24:b7:c8,28,1,0,0,-18,S,5c:62:8b:66:67:d2"
1791490499.220,"B,7976,10,b2:db:ca:e6:29:a6,28,1,0,0,-21,S,5c:62:8b:66:67:d2"
1791490499.220,"B,8076,10,46:88:44:6e:4f:e4,3053,7,0,0,-25,S,5c:62:8b:66:67:d2"
1791490499.220,"B,8076,10,5c:62:8b:66:67:d2,0,0,3109,9,-52,A,5c:62:8b:66:67:d2"
1791490499.220,"B,8076,10,78:8c:b5:f5:e7:26,80,1,0,0,-83,A,78:8c:b5:f5:e7:26"
1791490499.220,"B,8076,10,b2:db:ca:e6:29:a6,56,2,0,0,-21,S,5c:62:8b:66:67:d2"
1791490499.422,"B,8176,10,46:88:44:6e:4f:e4,2703,6,0,0,-25,S,5c:62:8b:66:67:d2"
1791490499.422,"B,8176,10,5c:62:8b:66:67:d2,0,0,2843,11,-53,A,5c:62:8b:66:67:d2"
1791490499.422,"B,8176,10,72:3b:01:24:b7:c8,84,3,0,0,-17,S,5c:62:8b:66:67:d2"
1791490499.422,"B,8176,10,a6:4c:bd:b6:c7:99,30,1,0,0,-90,S,78:8c:b5:f5:e7:26"
1791490499.422,"B,8176,10,78:8c:b5:f5:e7:26,0,0,30,1,-84,A,78:8c:b5:f5:e7:26"
1791490499.422,"B,8176,10,b2:db:ca:e6:29:a6,56,2,0,0,-21,S,5c:62:8b:66:67:d2"
1791490499.422,"B,8276,10,46:88:44:6e:4f:e4,2703,6,0,0,-26,S,5c:62:8b:66:67:d2"
1791490499.422,"B,8276,10,5c:62:8b:66:67:d2,0,0,2843,11,-52,A,5c:62:8b:66:67:d2"
1791490499.422,"B,8276,10,72:3b:01:24:b7:c8,84,3,0,0,-18,S,5c:62:8b:66:67:d2"
1791490499.422,"B,8276,10,b2:db:ca:e6:29:a6,56,2,0,0,-21,S,5c:62:8b:66:67:d2"
1791490499.625,"B,8376,10,46:88:44:6e:4f:e4,1050,3,0,0,-27,S,5c:62:8b:66:67:d2"
1791490499.625,"B,8376,10,5c:62:8b:66:67:d2,0,0,1078,4,-52,A,5c:62:8b:66:67:d2"
1791490499.625,"B,8376,10,b2:db:ca:e6:29:a6,28,1,0,0,-21,S,5c:62:8b:66:67:d2"
1791490499.625,"B,8476,10,46:88:44:6e:4f:e4,2703,6,0,0,-26,S,5c:62:8b:66:67:d2"
1791490499.625,"B,8476,10,5c:62:8b:66:67:d2,0,0,2983,16,-52,A,5c:62:8b:66:67:d2"
1791490499.625,"B,8476,10,72:3b:01:24:b7:c8,196,7,0,0,-17,S,5c:62:8b:66:67:d2"
1791490499.625,"B,8476,10,b2:db:ca:e6:29:a6,84,3,0,0,-22,S,5c:62:8b:66:67:d2"
1791490499.829,"B,8576,10,46:88:44:6e:4f:e4,2703,6,0,0,-24,S,5c:62:8b:66:67:d2"
1791490499.829,"B,8576,10,5c:62:8b:66:67:d2,0,0,2759,8,-54,A,5c:62:8b:66:67:d2"
1791490499.829,"B,8576,10,b2:db:ca:e6:29:a6,56,2,0,0,-21,S,5c:62:8b:66:67:d2"
1791490499.829,"B,8676,10,46:88:44:6e:4f:e4,2703,6,0,0,-26,S,5c:62:8b:66:67:d2"
1791490499.829,"B,8676,10,5c:62:8b:66:67:d2,0,0,2731,7,-50,A,5c:62:8b:66:67:d2"
1791490499.829,"B,8676,10,b2:db:ca:e6:29:a6,28,1,0,0,-22,S,5c:62:8b:66:67:d2"
1791490499.829,"B,8676,10,80:af:ca:68:4c:f8,160,1,0,0,-84,A,80:af:ca:68:4c:f8"
1791490500.033,"B,8776,10,46:88:44:6e:4f:e4,2703,6,0,0,-25,S,5c:62:8b:66:67:d2"
1791490500.033,"B,8776,10,5c:62:8b:66:67:d2,0,0,3011,17,-53,A,5c:62:8b:66:67:d2"
1791490500.033,"B,8776,10,72:3b:01:24:b7:c8,280,10,0,0,-18,S,5c:62:8b:66:67:d2"
1791490500.033,"B,8776,10,a6:4c:bd:b6:c7:99,30,1,0,0,-89,S,78:8c:b5:f5:e7:26"
1791490500.033,"B,8776,10,78:8c:b5:f5:e7:26,0,0,30,1,-83,A,78:8c:b5:f5:e7:26"
1791490500.033,"B,8776,10,b2:db:ca:e6:29:a6,28,1,0,0,-22,S,5c:62:8b:66:67:d2"
1791490500.033,"B,8876,10,46:88:44:6e:4f:e4,3053,7,0,0,-26,S,5c:62:8b:66:67:d2"
1791490500.033,"B,8876,10,5c:62:8b:66:67:d2,0,0,3221,13,-53,A,5c:62:8b:66:67:d2"
1791490500.033,"B,8876,10,72:3b:01:24:b7:c8,140,5,0,0,-17,S,5c:62:8b:66:67:d2"
1791490500.033,"B,8876,10,b2:db:ca:e6:29:a6,28,1,0,0,-21,S,5c:62:8b:66:67:d2"
1791490500.238,"B,8976,10,46:88:44:6e:4f:e4,700,2,0,0,-28,S,5c:62:8b:66:67:d2"
1791490500.238,"B,8976,10,5c:62:8b:66:67:d2,0,0,756,4,-53,A,5c:62:8b:66:67:d2"
1791490500.238,"B,8976,10,b2:db:ca:e6:29:a6,56,2,0,0,-22,S,5c:62:8b:66:67:d2"
1791490500.238,"B,8976,10,80:af:ca:68:4c:f8,2083,4,0,0,-84,A,80:af:ca:68:4c:f8"
1791490500.238,"B,9076,10,46:88:44:6e:4f:e4,3053,7,0,0,-27,S,5c:62:8b:66:67:d2"
1791490500.238,"B,9076,10,5c:62:8b:66:67:d2,0,0,3305,16,-49,A,5c:62:8b:66:67:d2"
1791490500.238,"B,9076,10,72:3b:01:24:b7:c8,224,8,0,0,-18,S,5c:62:8b:66:67:d2"
1791490500.238,"B,9076,10,b2:db:ca:e6:29:a6,28,1,0,0,-23,S,5c:62:8b:66:67:d2"
1791490500.440,"B,9176,10,46:88:44:6e:4f:e4,2703,6,0,0,-25,S,5c:62:8b:66:67:d2"
1791490500.440,"B,9176,10,5c:62:8b:66:67:d2,0,0,2703,6,-49,A,5c:62:8b:66:67:d2"
1791490500.440,"A,9241,10,02:eb:d8:11:99:9d,-60,"
1791490500.440,"B,9276,10,46:88:44:6e:4f:e4,2353,5,0,0,-23,S,5c:62:8b:66:67:d2"
1791490500.440,"B,9276,10,5c:62:8b:66:67:d2,0,0,2381,6,-50,A,5c:62:8b:66:67:d2"
1791490500.440,"B,9276,10,72:3b:01:24:b7:c8,28,1,0,0,-18,S,5c:62:8b:66:67:d2"
1791490500.440,"B,9276,10,80:af:ca:68:4c:f8,1043,2,0,0,-83,A,80:af:ca:68:4c:f8"
1791490500.645,"B,9376,10,46:88:44:6e:4f:e4,2703,6,0,0,-23,S,5c:62:8b:66:67:d2"
1791490500.645,"B,9376,10,5c:62:8b:66:67:d2,0,0,2927,14,-51,A,5c:62:8b:66:67:d2"
1791490500.645,"B,9376,10,72:3b:01:24:b7:c8,224,8,0,0,-17,S,5c:62:8b:66:67:d2"
1791490500.645,"B,9476,10,46:88:44:6e:4f:e4,3285,7,0,0,-23,S,5c:62:8b:66:67:d2"
1791490500.645,"B,9476,10,5c:62:8b:66:67:d2,0,0,3313,8,-50,A,5c:62:8b:66:67:d2"
1791490500.645,"B,9476,10,72:3b:01:24:b7:c8,28,1,0,0,-18,S,5c:62:8b:66:67:d2"
1791490500.848,"B,9576,10,46:88:44:6e:4f:e4,2703,6,0,0,-23,S,5c:62:8b:66:67:d2"
1791490500.848,"B,9576,10,5c:62:8b:66:67:d2,0,0,2703,6,-51,A,5c:62:8b:66:67:d2"
1791490500.848,"B,9676,10,46:88:44:6e:4f:e4,1050,3,0,0,-24,S,5c:62:8b:66:67:d2"
1791490500.848,"B,9676,10,5c:62:8b:66:67:d2,0,0,1526,20,-50,A,5c:62:8b:66:67:d2"
1791490500.848,"B,9676,10,72:3b:01:24:b7:c8,476,17,0,0,-16,S,5c:62:8b:66:67:d2"
1791490501.052,"B,9776,10,46:88:44:6e:4f:e4,3053,7,0,0,-26,S,5c:62:8b:66:67:d2"
1791490501.052,"B,9776,10,5c:62:8b:66:67:d2,0,0,3081,8,0,A,5c:62:8b:66:67:d2"
1791490501.052,"B,9776,10,72:3b:01:24:b7:c8,28,1,0,0,-17,S,5c:62:8b:66:67:d2"
1791490501.052,"B,9876,10,46:88:44:6e:4f:e4,2703,6,0,0,-26,S,5c:62:8b:66:67:d2"
1791490501.052,"B,9876,10,5c:62:8b:66:67:d2,0,0,2703,6,-52,A,5c:62:8b:66:67:d2"
1791490501.052,"B,9876,10,a6:4c:bd:b6:c7:99,30,1,0,0,-91,S,78:8c:b5:f5:e7:26"
1791490501.052,"B,9876,10,78:8c:b5:f5:e7:26,0,0,30,1,-83,A,78:8c:b5:f5:e7:26"
1791490501.256,"B,9976,10,46:88:44:6e:4f:e4,3403,8,0,0,-24,S,5c:62:8b:66:67:d2"
1791490501.256,"B,9976,10,5c:62:8b:66:67:d2,0,0,3599,15,-53,A,5c:62:8b:66:67:d2"
1791490501.256,"B,9976,10,72:3b:01:24:b7:c8,196,7,0,0,-17,S,5c:62:8b:66:67:d2"
1791490501.256,"B,9976,10,a6:4c:bd:b6:c7:99,30,1,0,0,-90,S,78:8c:b5:f5:e7:26"
1791490501.256,"B,9976,10,78:8c:b5:f5:e7:26,0,0,30,1,-83,A,78:8c:b5:f5:e7:26"
1791490501.256,"B,10076,10,46:88:44:6e:4f:e4,1050,3,0,0,-27,S,5c:62:8b:66:67:d2"
1791490501.256,"B,10076,10,5c:62:8b:66:67:d2,0,0,1078,4,-51,A,5c:62:8b:66:67:d2"
1791490501.256,"B,10076,10,72:3b:01:24:b7:c8,28,1,0,0,-18,S,5c:62:8b:66:67:d2"
1791490501.256,"B,10076,10,a6:4c:bd:b6:c7:99,30,1,0,0,-89,S,78:8c:b5:f5:e7:26"
1791490501.256,"B,10076,10,78:8c:b5:f5:e7:26,0,0,30,1,-82,A,78:8c:b5:f5:e7:26"
1791490501.256,"I,10085,stat,rx=1331,drops=0,ch=10,bin=100,hop=0,heap=203064"
1791490501.457,"B,10176,10,46:88:44:6e:4f:e4,2325,4,0,0,-28,S,5c:62:8b:66:67:d2"
1791490501.457,"B,10176,10,5c:62:8b:66:67:d2,0,0,2381,6,-50,A,5c:62:8b:66:67:d2"
1791490501.457,"B,10176,10,72:3b:01:24:b7:c8,56,2,0,0,-18,S,5c:62:8b:66:67:d2"
1791490501.457,"B,10176,10,a6:4c:bd:b6:c7:99,30,1,0,0,-90,S,78:8c:b5:f5:e7:26"
1791490501.457,"B,10176,10,78:8c:b5:f5:e7:26,0,0,30,1,0,A,78:8c:b5:f5:e7:26"
1791490501.457,"B,10276,10,46:88:44:6e:4f:e4,3746,7,0,0,-26,S,5c:62:8b:66:67:d2"
1791490501.457,"B,10276,10,5c:62:8b:66:67:d2,0,0,3802,9,-49,A,5c:62:8b:66:67:d2"
1791490501.457,"B,10276,10,72:3b:01:24:b7:c8,56,2,0,0,-18,S,5c:62:8b:66:67:d2"
1791490501.457,"B,10276,10,a6:4c:bd:b6:c7:99,60,2,0,0,-91,S,78:8c:b5:f5:e7:26"
1791490501.457,"B,10276,10,78:8c:b5:f5:e7:26,0,0,60,2,0,A,78:8c:b5:f5:e7:26"
1791490501.659,"B,10376,10,46:88:44:6e:4f:e4,2703,6,0,0,-25,S,5c:62:8b:66:67:d2"
1791490501.659,"B,10376,10,5c:62:8b:66:67:d2,0,0,2731,7,-49,A,5c:62:8b:66:67:d2"
1791490501.659,"B,10376,10,b2:db:ca:e6:29:a6,28,1,0,0,-21,S,5c:62:8b:66:67:d2"
1791490501.659,"B,10476,10,46:88:44:6e:4f:e4,2471,6,0,0,-25,S,5c:62:8b:66:67:d2"
1791490501.659,"B,10476,10,5c:62:8b:66:67:d2,0,0,2611,11,-49,A,5c:62:8b:66:67:d2"
1791490501.659,"B,10476,10,72:3b:01:24:b7:c8,84,3,0,0,-17,S,5c:62:8b:66:67:d2"
1791490501.659,"B,10476,10,b2:db:ca:e6:29:a6,56,2,0,0,-21,S,5c:62:8b:66:67:d2"
1791490501.864,"B,10576,10,46:88:44:6e:4f:e4,3285,7,0,0,-26,S,5c:62:8b:66:67:d2"
1791490501.864,"B,10576,10,5c:62:8b:66:67:d2,0,0,3453,13,-52,A,5c:62:8b:66:67:d2"
1791490501.864,"B,10576,10,72:3b:01:24:b7:c8,112,4,0,0,-18,S,5c:62:8b:66:67:d2"
1791490501.864,"B,10576,10,a6:4c:bd:b6:c7:99,30,1,0,0,-88,S,78:8c:b5:f5:e7:26"
1791490501.864,"B,10576,10,78:8c:b5:f5:e7:26,0,0,30,1,-79,A,78:8c:b5:f5:e7:26"
1791490501.864,"B,10576,10,b2:db:ca:e6:29:a6,56,2,0,0,-22,S,5c:62:8b:66:67:d2"
1791490501.864,"B,10676,10,46:88:44:6e:4f:e4,2703,6,0,0,-27,S,5c:62:8b:66:67:d2"
1791490501.864,"B,10676,10,5c:62:8b:66:67:d2,0,0,2787,9,-50,A,5c:62:8b:66:67:d2"
1791490501.864,"B,10676,10,72:3b:01:24:b7:c8,28,1,0,0,-17,S,5c:62:8b:66:67:d2"
1791490501.864,"B,10676,10,b2:db:ca:e6:29:a6,56,2,0,0,-20,S,5c:62:8b:66:67:d2"
1791490502.069,"B,10776,10,46:88:44:6e:4f:e4,350,1,0,0,-27,S,5c:62:8b:66:67:d2"
1791490502.069,"B,10776,10,5c:62:8b:66:67:d2,0,0,546,8,-48,A,5c:62:8b:66:67:d2"
1791490502.069,"B,10776,10,72:3b:01:24:b7:c8,140,5,0,0,-19,S,5c:62:8b:66:67:d2"
1791490502.069,"B,10776,10,b2:db:ca:e6:29:a6,56,2,0,0,-21,S,5c:62:8b:66:67:d2"
1791490502.069,"B,10876,10,46:88:44:6e:4f:e4,3053,7,0,0,-27,S,5c:62:8b:66:67:d2"
1791490502.069,"B,10876,10,5c:62:8b:66:67:d2,0,0,3137,10,-47,A,5c:62:8b:66:67:d2"
1791490502.069,"B,10876,10,72:3b:01:24:b7:c8,28,1,0,0,-18,S,5c:62:8b:66:67:d2"
1791490502.069,"B,10876,10,b2:db:ca:e6:29:a6,56,2,0,0,-23,S,5c:62:8b:66:67:d2"
1791490502.269,"B,10976,10,46:88:44:6e:4f:e4,3285,7,0,0,-27,S,5c:62:8b:66:67:d2"
1791490502.269,"B,10976,10,5c:62:8b:66:67:d2,0,0,3369,10,-49,A,5c:62:8b:66:67:d2"
1791490502.269,"B,10976,10,72:3b:01:24:b7:c8,84,3,0,0,-18,S,5c:62:8b:66:67:d2"
1791490502.269,"B,11076,10,46:88:44:6e:4f:e4,2703,6,0,0,-25,S,5c:62:8b:66:67:d2"
1791490502.269,"B,11076,10,5c:62:8b:66:67:d2,0,0,2843,11,-48,A,5c:62:8b:66:67:d2"
1791490502.269,"B,11076,10,72:3b:01:24:b7:c8,28,1,0,0,-18,S,5c:62:8b:66:67:d2"
1791490502.269,"B,11076,10,b2:db:ca:e6:29:a6,112,4,0,0,-20,S,5c:62:8b:66:67:d2"
1791490502.469,"B,11176,10,46:88:44:6e:4f:e4,4789,8,0,0,-25,S,5c:62:8b:66:67:d2"
1791490502.469,"B,11176,10,5c:62:8b:66:67:d2,0,0,4901,12,-49,A,5c:62:8b:66:67:d2"
1791490502.469,"B,11176,10,72:3b:01:24:b7:c8,84,3,0,0,-18,S,5c:62:8b:66:67:d2"
1791490502.469,"B,11176,10,b2:db:ca:e6:29:a6,28,1,0,0,-22,S,5c:62:8b:66:67:d2"
1791490502.469,"B,11276,10,46:88:44:6e:4f:e4,3053,7,0,0,-25,S,5c:62:8b:66:67:d2"
1791490502.469,"B,11276,10,5c:62:8b:66:67:d2,0,0,3221,13,-48,A,5c:62:8b:66:67:d2"
1791490502.469,"B,11276,10,72:3b:01:24:b7:c8,112,4,0,0,-17,S,5c:62:8b:66:67:d2"
1791490502.469,"B,11276,10,b2:db:ca:e6:29:a6,56,2,0,0,-21,S,5c:62:8b:66:67:d2"
1791490502.469,"B,11376,10,46:88:44:6e:4f:e4,1050,3,0,0,-26,S,5c:62:8b:66:67:d2"
1791490502.670,"B,11376,10,5c:62:8b:66:67:d2,0,0,1134,6,-48,A,5c:62:8b:66:67:d2"
1791490502.670,"B,11376,10,72:3b:01:24:b7:c8,28,1,0,0,-18,S,5c:62:8b:66:67:d2"
1791490502.670,"B,11376,10,a6:4c:bd:b6:c7:99,30,1,0,0,-89,S,78:8c:b5:f5:e7:26"
1791490502.670,"B,11376,10,78:8c:b5:f5:e7:26,0,0,30,1,-81,A,78:8c:b5:f5:e7:26"
1791490502.670,"B,11376,10,b2:db:ca:e6:29:a6,56,2,0,0,-21,S,5c:62:8b:66:67:d2"
1791490502.670,"B,11476,10,46:88:44:6e:4f:e4,2703,6,0,0,-26,S,5c:62:8b:66:67:d2"
1791490502.670,"B,11476,10,5c:62:8b:66:67:d2,0,0,2815,10,-48,A,5c:62:8b:66:67:d2"
1791490502.670,"B,11476,10,72:3b:01:24:b7:c8,84,3,0,0,-18,S,5c:62:8b:66:67:d2"
1791490502.670,"B,11476,10,b2:db:ca:e6:29:a6,28,1,0,0,-21,S,5c:62:8b:66:67:d2"
1791490502.870,"B,11576,10,46:88:44:6e:4f:e4,2703,6,0,0,-26,S,5c:62:8b:66:67:d2"
1791490502.870,"B,11576,10,5c:62:8b:66:67:d2,0,0,2759,8,-48,A,5c:62:8b:66:67:d2"
1791490502.870,"B,11576,10,72:3b:01:24:b7:c8,28,1,0,0,-18,S,5c:62:8b:66:67:d2"
1791490502.870,"B,11576,10,b2:db:ca:e6:29:a6,28,1,0,0,-22,S,5c:62:8b:66:67:d2"
1791490502.870,"B,11676,10,46:88:44:6e:4f:e4,2703,6,0,0,-27,S,5c:62:8b:66:67:d2"
1791490502.870,"B,11676,10,5c:62:8b:66:67:d2,0,0,2871,12,-48,A,5c:62:8b:66:67:d2"
1791490502.870,"B,11676,10,72:3b:01:24:b7:c8,112,4,0,0,-18,S,5c:62:8b:66:67:d2"
1791490502.870,"B,11676,10,b2:db:ca:e6:29:a6,56,2,0,0,-20,S,5c:62:8b:66:67:d2"
1791490502.870,"B,11776,10,46:88:44:6e:4f:e4,4789,8,0,0,-27,S,5c:62:8b:66:67:d2"
1791490503.070,"B,11776,10,5c:62:8b:66:67:d2,0,0,4985,15,-47,A,5c:62:8b:66:67:d2"
1791490503.070,"B,11776,10,72:3b:01:24:b7:c8,140,5,0,0,-18,S,5c:62:8b:66:67:d2"
1791490503.070,"B,11776,10,b2:db:ca:e6:29:a6,56,2,0,0,-21,S,5c:62:8b:66:67:d2"
1791490503.070,"B,11876,10,46:88:44:6e:4f:e4,3053,7,0,0,-27,S,5c:62:8b:66:67:d2"
1791490503.070,"B,11876,10,5c:62:8b:66:67:d2,0,0,3137,10,-47,A,5c:62:8b:66:67:d2"
1791490503.070,"B,11876,10,72:3b:01:24:b7:c8,28,1,0,0,-18,S,5c:62:8b:66:67:d2"
1791490503.070,"B,11876,10,b2:db:ca:e6:29:a6,56,2,0,0,-20,S,5c:62:8b:66:67:d2"
1791490503.070,"A,11972,10,64:d1:54:63:44:f4,-89,Kubok"
1791490503.070,"B,11976,10,46:88:44:6e:4f:e4,1050,3,0,0,-28,S,5c:62:8b:66:67:d2"
1791490503.070,"B,11976,10,5c:62:8b:66:67:d2,0,0,1134,6,-48,A,5c:62:8b:66:67:d2"
1791490503.271,"B,11976,10,72:3b:01:24:b7:c8,56,2,0,0,-17,S,5c:62:8b:66:67:d2"
1791490503.271,"B,11976,10,b2:db:ca:e6:29:a6,28,1,0,0,-21,S,5c:62:8b:66:67:d2"
1791490503.271,"B,12076,10,46:88:44:6e:4f:e4,3053,7,0,0,-28,S,5c:62:8b:66:67:d2"
1791490503.271,"B,12076,10,5c:62:8b:66:67:d2,0,0,3249,14,-47,A,5c:62:8b:66:67:d2"
1791490503.271,"B,12076,10,72:3b:01:24:b7:c8,84,3,0,0,-17,S,5c:62:8b:66:67:d2"
1791490503.271,"B,12076,10,b2:db:ca:e6:29:a6,112,4,0,0,-21,S,5c:62:8b:66:67:d2"
1791490503.472,"B,12176,10,46:88:44:6e:4f:e4,2703,6,0,0,-27,S,5c:62:8b:66:67:d2"
1791490503.472,"B,12176,10,5c:62:8b:66:67:d2,2675,5,2731,7,-49,A,5c:62:8b:66:67:d2"
1791490503.472,"B,12176,10,72:3b:01:24:b7:c8,28,1,2675,5,-17,S,5c:62:8b:66:67:d2"
1791490503.472,"B,12176,10,78:8c:b5:f5:e7:26,141,1,0,0,-82,A,78:8c:b5:f5:e7:26"
1791490503.472,"B,12276,10,46:88:44:6e:4f:e4,2353,5,0,0,-27,S,5c:62:8b:66:67:d2"
1791490503.472,"B,12276,10,5c:62:8b:66:67:d2,350,1,2409,7,-49,A,5c:62:8b:66:67:d2"
1791490503.472,"B,12276,10,72:3b:01:24:b7:c8,0,0,350,1,0,S,5c:62:8b:66:67:d2"
1791490503.472,"B,12276,10,b2:db:ca:e6:29:a6,56,2,0,0,-21,S,5c:62:8b:66:67:d2"
1791490503.673,"B,12376,10,46:88:44:6e:4f:e4,4439,7,0,0,-26,S,5c:62:8b:66:67:d2"
1791490503.673,"B,12376,10,5c:62:8b:66:67:d2,82,1,4691,16,-49,A,5c:62:8b:66:67:d2"
1791490503.673,"B,12376,10,72:3b:01:24:b7:c8,196,7,82,1,-17,S,5c:62:8b:66:67:d2"
1791490503.673,"B,12376,10,a6:4c:bd:b6:c7:99,30,1,0,0,-91,S,78:8c:b5:f5:e7:26"
1791490503.673,"B,12376,10,78:8c:b5:f5:e7:26,0,0,30,1,0,A,78:8c:b5:f5:e7:26"
1791490503.673,"B,12376,10,b2:db:ca:e6:29:a6,56,2,0,0,-20,S,5c:62:8b:66:67:d2"
1791490503.673,"B,12476,10,46:88:44:6e:4f:e4,2703,6,0,0,-26,S,5c:62:8b:66:67:d2"
1791490503.673,"B,12476,10,5c:62:8b:66:67:d2,0,0,2759,8,-47,A,5c:62:8b:66:67:d2"
1791490503.673,"B,12476,10,a6:4c:bd:b6:c7:99,30,1,0,0,-90,S,78:8c:b5:f5:e7:26"
1791490503.673,"B,12476,10,78:8c:b5:f5:e7:26,0,0,30,1,-80,A,78:8c:b5:f5:e7:26"
1791490503.673,"B,12476,10,b2:db:ca:e6:29:a6,56,2,0,0,-21,S,5c:62:8b:66:67:d2"
1791490503.673,"B,12576,10,46:88:44:6e:4f:e4,1050,3,0,0,-27,S,5c:62:8b:66:67:d2"
1791490503.673,"B,12576,10,5c:62:8b:66:67:d2,0,0,1106,5,-47,A,5c:62:8b:66:67:d2"
1791490503.673,"B,12576,10,b2:db:ca:e6:29:a6,56,2,0,0,-21,S,5c:62:8b:66:67:d2"
1791490503.873,"B,12676,10,46:88:44:6e:4f:e4,4789,8,414,3,-26,S,5c:62:8b:66:67:d2"
1791490503.873,"B,12676,10,5c:62:8b:66:67:d2,414,3,5069,18,-49,A,5c:62:8b:66:67:d2"
1791490503.873,"B,12676,10,72:3b:01:24:b7:c8,224,8,0,0,-18,S,5c:62:8b:66:67:d2"
1791490503.873,"B,12676,10,b2:db:ca:e6:29:a6,56,2,0,0,-21,S,5c:62:8b:66:67:d2"
1791490503.873,"B,12776,10,46:88:44:6e:4f:e4,4308,10,0,0,-28,S,5c:62:8b:66:67:d2"
1791490503.873,"B,12776,10,5c:62:8b:66:67:d2,700,2,4364,12,-49,A,5c:62:8b:66:67:d2"
1791490503.873,"B,12776,10,72:3b:01:24:b7:c8,0,0,700,2,0,S,5c:62:8b:66:67:d2"
1791490504.074,"B,12776,10,b2:db:ca:e6:29:a6,56,2,0,0,-21,S,5c:62:8b:66:67:d2"
1791490504.074,"B,12876,10,46:88:44:6e:4f:e4,3985,9,0,0,-28,S,5c:62:8b:66:67:d2"
1791490504.074,"B,12876,10,5c:62:8b:66:67:d2,0,0,4013,10,-47,A,5c:62:8b:66:67:d2"
1791490504.074,"B,12876,10,b2:db:ca:e6:29:a6,28,1,0,0,-21,S,5c:62:8b:66:67:d2"
1791490504.074,"B,12976,10,46:88:44:6e:4f:e4,3053,7,0,0,-28,S,5c:62:8b:66:67:d2"
1791490504.074,"B,12976,10,5c:62:8b:66:67:d2,0,0,3193,12,-47,A,5c:62:8b:66:67:d2"
1791490504.074,"B,12976,10,72:3b:01:24:b7:c8,84,3,0,0,-17,S,5c:62:8b:66:67:d2"
1791490504.074,"B,12976,10,b2:db:ca:e6:29:a6,56,2,0,0,-22,S,5c:62:8b:66:67:d2"
1791490504.274,"B,12976,10,38:d5:7a:f4:5a:37,30,1,0,0,-88,S,8a:ce:16:78:6f:dc"
1791490504.274,"B,12976,10,8a:ce:16:78:6f:dc,0,0,30,1,0,A,8a:ce:16:78:6f:dc"
1791490504.274,"B,13076,10,46:88:44:6e:4f:e4,3171,8,123,1,-28,S,5c:62:8b:66:67:d2"
1791490504.274,"B,13076,10,5c:62:8b:66:67:d2,123,1,3199,9,-48,A,5c:62:8b:66:67:d2"
1791490504.274,"B,13076,10,72:3b:01:24:b7:c8,28,1,0,0,-18,S,5c:62:8b:66:67:d2"
1791490504.274,"B,13176,10,46:88:44:6e:4f:e4,2332,6,0,0,-28,S,5c:62:8b:66:67:d2"
1791490504.274,"B,13176,10,5c:62:8b:66:67:d2,700,2,2416,9,-49,A,5c:62:8b:66:67:d2"
1791490504.274,"B,13176,10,72:3b:01:24:b7:c8,28,1,700,2,-18,S,5c:62:8b:66:67:d2"
1791490504.274,"B,13176,10,b2:db:ca:e6:29:a6,56,2,0,0,-21,S,5c:62:8b:66:67:d2"
1791490504.475,"B,13276,10,46:88:44:6e:4f:e4,2797,7,0,0,-28,S,5c:62:8b:66:67:d2"
1791490504.475,"B,13276,10,5c:62:8b:66:67:d2,0,0,3105,18,-47,A,5c:62:8b:66:67:d2"
1791490504.475,"B,13276,10,72:3b:01:24:b7:c8,280,10,0,0,-17,S,5c:62:8b:66:67:d2"
1791490504.475,"B,13276,10,a6:4c:bd:b6:c7:99,30,1,0,0,-90,S,78:8c:b5:f5:e7:26"
1791490504.475,"B,13276,10,78:8c:b5:f5:e7:26,0,0,30,1,-80,A,78:8c:b5:f5:e7:26"
1791490504.475,"B,13276,10,b2:db:ca:e6:29:a6,28,1,0,0,-20,S,5c:62:8b:66:67:d2"
1791490504.475,"B,13376,10,46:88:44:6e:4f:e4,2703,6,0,0,-28,S,5c:62:8b:66:67:d2"
1791490504.475,"B,13376,10,5c:62:8b:66:67:d2,0,0,2759,8,-49,A,5c:62:8b:66:67:d2"
1791490504.475,"B,13376,10,a6:4c:bd:b6:c7:99,30,1,0,0,-92,S,78:8c:b5:f5:e7:26"
1791490504.475,"B,13376,10,78:8c:b5:f5:e7:26,0,0,30,1,0,A,78:8c:b5:f5:e7:26"
1791490504.475,"B,13376,10,b2:db:ca:e6:29:a6,56,2,0,0,-21,S,5c:62:8b:66:67:d2"
1791490504.676,"B,13476,10,46:88:44:6e:4f:e4,2703,6,0,0,-28,S,5c:62:8b:66:67:d2"
1791490504.676,"B,13476,10,5c:62:8b:66:67:d2,0,0,2759,8,-47,A,5c:62:8b:66:67:d2"
1791490504.676,"B,13476,10,b2:db:ca:e6:29:a6,56,2,0,0,-21,S,5c:62:8b:66:67:d2"
1791490504.676,"B,13576,10,46:88:44:6e:4f:e4,3053,7,0,0,-28,S,5c:62:8b:66:67:d2"
1791490504.676,"B,13576,10,5c:62:8b:66:67:d2,2328,4,3137,10,-49,A,5c:62:8b:66:67:d2"
1791490504.676,"B,13576,10,72:3b:01:24:b7:c8,56,2,2328,4,-18,S,5c:62:8b:66:67:d2"
1791490504.676,"B,13576,10,b2:db:ca:e6:29:a6,28,1,0,0,-23,S,5c:62:8b:66:67:d2"
1791490504.877,"B,13676,10,46:88:44:6e:4f:e4,1078,4,0,0,-26,S,5c:62:8b:66:67:d2"
1791490504.877,"B,13676,10,5c:62:8b:66:67:d2,2328,4,1330,13,-47,A,5c:62:8b:66:67:d2"
1791490504.877,"B,13676,10,72:3b:01:24:b7:c8,140,5,2328,4,-17,S,5c:62:8b:66:67:d2"
1791490504.877,"B,13676,10,a6:4c:bd:b6:c7:99,30,1,0,0,-93,S,78:8c:b5:f5:e7:26"
1791490504.877,"B,13676,10,78:8c:b5:f5:e7:26,0,0,30,1,-79,A,78:8c:b5:f5:e7:26"
1791490504.877,"B,13676,10,b2:db:ca:e6:29:a6,112,4,0,0,-20,S,5c:62:8b:66:67:d2"
1791490504.877,"B,13776,10,46:88:44:6e:4f:e4,4075,9,0,0,-28,S,5c:62:8b:66:67:d2"
1791490504.877,"B,13776,10,5c:62:8b:66:67:d2,0,0,4131,11,-48,A,5c:62:8b:66:67:d2"
1791490504.877,"B,13776,10,72:3b:01:24:b7:c8,28,1,0,0,-18,S,5c:62:8b:66:67:d2"
1791490504.877,"B,13776,10,b2:db:ca:e6:29:a6,28,1,0,0,-21,S,5c:62:8b:66:67:d2"
1791490505.078,"B,13876,10,46:88:44:6e:4f:e4,2703,6,0,0,-27,S,5c:62:8b:66:67:d2"
1791490505.078,"B,13876,10,5c:62:8b:66:67:d2,0,0,2843,11,-48,A,5c:62:8b:66:67:d2"
1791490505.078,"B,13876,10,72:3b:01:24:b7:c8,84,3,0,0,-18,S,5c:62:8b:66:67:d2"
1791490505.078,"B,13876,10,b2:db:ca:e6:29:a6,56,2,0,0,-22,S,5c:62:8b:66:67:d2"
1791490505.078,"B,13976,10,46:88:44:6e:4f:e4,2703,6,0,0,-27,S,5c:62:8b:66:67:d2"
1791490505.078,"B,13976,10,5c:62:8b:66:67:d2,0,0,2787,9,-48,A,5c:62:8b:66:67:d2"
1791490505.078,"B,13976,10,72:3b:01:24:b7:c8,28,1,0,0,-18,S,5c:62:8b:66:67:d2"
1791490505.078,"B,13976,10,b2:db:ca:e6:29:a6,56,2,0,0,-21,S,5c:62:8b:66:67:d2"
1791490505.279,"B,14076,10,46:88:44:6e:4f:e4,2703,6,0,0,-28,S,5c:62:8b:66:67:d2"
1791490505.279,"B,14076,10,5c:62:8b:66:67:d2,0,0,2815,10,-48,A,5c:62:8b:66:67:d2"
1791490505.279,"B,14076,10,72:3b:01:24:b7:c8,112,4,0,0,-18,S,5c:62:8b:66:67:d2"
1791490505.279,"B,14176,10,46:88:44:6e:4f:e4,2703,6,0,0,-28,S,5c:62:8b:66:67:d2"
1791490505.279,"B,14176,10,5c:62:8b:66:67:d2,3025,6,2759,8,-50,A,5c:62:8b:66:67:d2"
1791490505.279,"B,14176,10,72:3b:01:24:b7:c8,28,1,3025,6,-18,S,5c:62:8b:66:67:d2"
1791490505.279,"B,14176,10,b2:db:ca:e6:29:a6,28,1,0,0,-21,S,5c:62:8b:66:67:d2"
1791490505.480,"B,14276,10,46:88:44:6e:4f:e4,1050,3,0,0,-28,S,5c:62:8b:66:67:d2"
1791490505.480,"B,14276,10,5c:62:8b:66:67:d2,0,0,1106,5,-47,A,5c:62:8b:66:67:d2"
1791490505.480,"B,14276,10,72:3b:01:24:b7:c8,28,1,0,0,-18,S,5c:62:8b:66:67:d2"
1791490505.480,"B,14276,10,b2:db:ca:e6:29:a6,28,1,0,0,-21,S,5c:62:8b:66:67:d2"
1791490505.480,"B,14376,10,46:88:44:6e:4f:e4,2824,7,0,0,-28,S,5c:62:8b:66:67:d2"
1791490505.480,"B,14376,10,5c:62:8b:66:67:d2,0,0,2936,11,-48,A,5c:62:8b:66:67:d2"
1791490505.480,"B,14376,10,72:3b:01:24:b7:c8,112,4,0,0,-18,S,5c:62:8b:66:67:d2"
1791490505.681,"B,14476,10,46:88:44:6e:4f:e4,2703,6,0,0,-28,S,5c:62:8b:66:67:d2"
1791490505.681,"B,14476,10,5c:62:8b:66:67:d2,0,0,2843,11,-47,A,5c:62:8b:66:67:d2"
1791490505.681,"B,14476,10,72:3b:01:24:b7:c8,84,3,0,0,-18,S,5c:62:8b:66:67:d2"
1791490505.681,"B,14476,10,b2:db:ca:e6:29:a6,56,2,0,0,-21,S,5c:62:8b:66:67:d2"
1791490505.681,"B,14576,10,46:88:44:6e:4f:e4,3403,8,0,0,-28,S,5c:62:8b:66:67:d2"
1791490505.681,"B,14576,10,5c:62:8b:66:67:d2,0,0,3599,15,-48,A,5c:62:8b:66:67:d2"
1791490505.681,"B,14576,10,72:3b:01:24:b7:c8,84,3,0,0,-18,S,5c:62:8b:66:67:d2"
1791490505.681,"B,14576,10,a6:4c:bd:b6:c7:99,30,1,0,0,-90,S,78:8c:b5:f5:e7:26"
1791490505.681,"B,14576,10,78:8c:b5:f5:e7:26,0,0,30,1,-80,A,78:8c:b5:f5:e7:26"
1791490505.681,"B,14576,10,b2:db:ca:e6:29:a6,112,4,0,0,-21,S,5c:62:8b:66:67:d2"
1791490505.883,"B,14676,10,46:88:44:6e:4f:e4,3053,7,0,0,-28,S,5c:62:8b:66:67:d2"
1791490505.883,"B,14676,10,5c:62:8b:66:67:d2,1743,3,3165,11,-50,A,5c:62:8b:66:67:d2"
1791490505.883,"B,14676,10,72:3b:01:24:b7:c8,56,2,1743,3,-18,S,5c:62:8b:66:67:d2"
1791490505.883,"B,14676,10,b2:db:ca:e6:29:a6,56,2,0,0,-21,S,5c:62:8b:66:67:d2"
1791490505.883,"B,14776,10,46:88:44:6e:4f:e4,3285,7,0,0,-28,S,5c:62:8b:66:67:d2"
1791490505.883,"B,14776,10,5c:62:8b:66:67:d2,350,1,3369,10,-49,A,5c:62:8b:66:67:d2"
1791490505.883,"B,14776,10,72:3b:01:24:b7:c8,84,3,350,1,-18,S,5c:62:8b:66:67:d2"
1791490506.086,"B,14876,10,46:88:44:6e:4f:e4,2121,5,0,0,-28,S,5c:62:8b:66:67:d2"
1791490506.086,"B,14876,10,5c:62:8b:66:67:d2,0,0,2345,13,-48,A,5c:62:8b:66:67:d2"
1791490506.086,"B,14876,10,72:3b:01:24:b7:c8,168,6,0,0,-18,S,5c:62:8b:66:67:d2"
1791490506.086,"B,14876,10,b2:db:ca:e6:29:a6,56,2,0,0,-20,S,5c:62:8b:66:67:d2"
1791490506.086,"B,14976,10,46:88:44:6e:4f:e4,1632,4,0,0,-28,S,5c:62:8b:66:67:d2"
1791490506.086,"B,14976,10,5c:62:8b:66:67:d2,0,0,1716,7,-47,A,5c:62:8b:66:67:d2"
1791490506.086,"B,14976,10,72:3b:01:24:b7:c8,28,1,0,0,-17,S,5c:62:8b:66:67:d2"
1791490506.086,"B,14976,10,b2:db:ca:e6:29:a6,56,2,0,0,-21,S,5c:62:8b:66:67:d2"
1791490506.289,"B,15076,10,46:88:44:6e:4f:e4,2703,6,0,0,-27,S,5c:62:8b:66:67:d2"
1791490506.289,"B,15076,10,5c:62:8b:66:67:d2,0,0,2787,9,-47,A,5c:62:8b:66:67:d2"
1791490506.289,"B,15076,10,72:3b:01:24:b7:c8,56,2,0,0,-18,S,5c:62:8b:66:67:d2"
1791490506.289,"B,15076,10,b2:db:ca:e6:29:a6,28,1,0,0,-23,S,5c:62:8b:66:67:d2"
1791490506.289,"B,15076,10,80:af:ca:68:4c:f8,84,1,0,0,-84,A,80:af:ca:68:4c:f8"
1791490506.289,"I,15089,stat,rx=2024,drops=0,ch=10,bin=100,hop=0,heap=203064"
1791490506.289,"B,15176,10,46:88:44:6e:4f:e4,3864,8,0,0,-27,S,5c:62:8b:66:67:d2"
1791490506.289,"B,15176,10,5c:62:8b:66:67:d2,3025,6,4060,15,-50,A,5c:62:8b:66:67:d2"
1791490506.289,"B,15176,10,72:3b:01:24:b7:c8,168,6,3025,6,-18,S,5c:62:8b:66:67:d2"
1791490506.289,"B,15176,10,b2:db:ca:e6:29:a6,28,1,0,0,-21,S,5c:62:8b:66:67:d2"
1791490506.493,"B,15276,10,46:88:44:6e:4f:e4,3053,7,0,0,-27,S,5c:62:8b:66:67:d2"
1791490506.493,"B,15276,10,5c:62:8b:66:67:d2,350,1,3137,10,-50,A,5c:62:8b:66:67:d2"
1791490506.493,"B,15276,10,72:3b:01:24:b7:c8,0,0,350,1,0,S,5c:62:8b:66:67:d2"
1791490506.493,"B,15276,10,b2:db:ca:e6:29:a6,84,3,0,0,-21,S,5c:62:8b:66:67:d2"
1791490506.493,"B,15376,10,46:88:44:6e:4f:e4,2703,6,0,0,-28,S,5c:62:8b:66:67:d2"
1791490506.493,"B,15376,10,5c:62:8b:66:67:d2,0,0,2843,11,-47,A,5c:62:8b:66:67:d2"
1791490506.493,"B,15376,10,72:3b:01:24:b7:c8,84,3,0,0,-18,S,5c:62:8b:66:67:d2"
1791490506.493,"B,15376,10,b2:db:ca:e6:29:a6,56,2,0,0,-23,S,5c:62:8b:66:67:d2"
1791490506.699,"B,15476,10,46:88:44:6e:4f:e4,1078,4,0,0,-28,S,5c:62:8b:66:67:d2"
1791490506.699,"B,15476,10,5c:62:8b:66:67:d2,0,0,1246,10,-48,A,5c:62:8b:66:67:d2"
1791490506.699,"B,15476,10,72:3b:01:24:b7:c8,168,6,0,0,-18,S,5c:62:8b:66:67:d2"
1791490506.699,"B,15576,10,46:88:44:6e:4f:e4,2325,4,0,0,-28,S,5c:62:8b:66:67:d2"
1791490506.699,"B,15576,10,5c:62:8b:66:67:d2,0,0,2381,6,-48,A,5c:62:8b:66:67:d2"
1791490506.699,"B,15576,10,b2:db:ca:e6:29:a6,56,2,0,0,-20,S,5c:62:8b:66:67:d2"
1791490506.904,"B,15676,10,46:88:44:6e:4f:e4,3053,7,0,0,-28,S,5c:62:8b:66:67:d2"
1791490506.904,"B,15676,10,5c:62:8b:66:67:d2,1975,3,3417,20,-50,A,5c:62:8b:66:67:d2"
1791490506.904,"B,15676,10,72:3b:01:24:b7:c8,336,12,1975,3,-18,S,5c:62:8b:66:67:d2"
1791490506.904,"B,15676,10,b2:db:ca:e6:29:a6,28,1,0,0,-23,S,5c:62:8b:66:67:d2"
1791490506.904,"B,15776,10,46:88:44:6e:4f:e4,3396,6,0,0,-28,S,5c:62:8b:66:67:d2"
1791490506.904,"B,15776,10,5c:62:8b:66:67:d2,0,0,3564,12,-47,A,5c:62:8b:66:67:d2"
1791490506.904,"B,15776,10,72:3b:01:24:b7:c8,112,4,0,0,-18,S,5c:62:8b:66:67:d2"
1791490506.904,"B,15776,10,b2:db:ca:e6:29:a6,56,2,0,0,-21,S,5c:62:8b:66:67:d2"
1791490507.105,"B,15876,10,46:88:44:6e:4f:e4,3635,8,0,0,-28,S,5c:62:8b:66:67:d2"
1791490507.105,"B,15876,10,5c:62:8b:66:67:d2,0,0,3691,10,-47,A,5c:62:8b:66:67:d2"
1791490507.105,"B,15876,10,72:3b:01:24:b7:c8,28,1,0,0,-18,S,5c:62:8b:66:67:d2"
1791490507.105,"B,15876,10,b2:db:ca:e6:29:a6,28,1,0,0,-21,S,5c:62:8b:66:67:d2"
1791490507.105,"B,15976,10,46:88:44:6e:4f:e4,3053,7,0,0,-28,S,5c:62:8b:66:67:d2"
1791490507.105,"B,15976,10,5c:62:8b:66:67:d2,0,0,3277,15,-47,A,5c:62:8b:66:67:d2"
1791490507.105,"B,15976,10,72:3b:01:24:b7:c8,168,6,0,0,-18,S,5c:62:8b:66:67:d2"
1791490507.105,"B,15976,10,b2:db:ca:e6:29:a6,56,2,0,0,-22,S,5c:62:8b:66:67:d2"
1791490507.306,"B,16076,10,46:88:44:6e:4f:e4,2121,5,0,0,-28,S,5c:62:8b:66:67:d2"
1791490507.306,"B,16076,10,5c:62:8b:66:67:d2,0,0,2233,9,-49,A,5c:62:8b:66:67:d2"
1791490507.306,"B,16076,10,72:3b:01:24:b7:c8,56,2,0,0,-18,S,5c:62:8b:66:67:d2"
1791490507.306,"B,16076,10,b2:db:ca:e6:29:a6,56,2,0,0,-21,S,5c:62:8b:66:67:d2"
1791490507.306,"B,16176,10,46:88:44:6e:4f:e4,2703,6,0,0,-28,S,5c:62:8b:66:67:d2"
1791490507.306,"B,16176,10,5c:62:8b:66:67:d2,1050,3,2759,8,-50,A,5c:62:8b:66:67:d2"
1791490507.306,"B,16176,10,72:3b:01:24:b7:c8,0,0,1050,3,0,S,5c:62:8b:66:67:d2"
1791490507.306,"B,16176,10,b2:db:ca:e6:29:a6,56,2,0,0,-21,S,5c:62:8b:66:67:d2"
1791490507.306,"B,16176,10,80:af:ca:68:4c:f8,167,1,0,0,-83,A,80:af:ca:68:4c:f8"
1791490507.508,"B,16276,10,46:88:44:6e:4f:e4,2325,4,0,0,-28,S,5c:62:8b:66:67:d2"
1791490507.508,"B,16276,10,5c:62:8b:66:67:d2,0,0,2465,9,-48,A,5c:62:8b:66:67:d2"
1791490507.508,"B,16276,10,72:3b:01:24:b7:c8,84,3,0,0,-18,S,5c:62:8b:66:67:d2"
1791490507.508,"B,16276,10,a6:4c:bd:b6:c7:99,30,1,0,0,-90,S,78:8c:b5:f5:e7:26"
1791490507.508,"B,16276,10,78:8c:b5:f5:e7:26,0,0,30,1,-80,A,78:8c:b5:f5:e7:26"
1791490507.508,"B,16276,10,b2:db:ca:e6:29:a6,56,2,0,0,-20,S,5c:62:8b:66:67:d2"
1791490507.508,"B,16376,10,46:88:44:6e:4f:e4,2703,6,0,0,-27,S,5c:62:8b:66:67:d2"
1791490507.508,"B,16376,10,5c:62:8b:66:67:d2,0,0,2843,11,-48,A,5c:62:8b:66:67:d2"
1791490507.508,"B,16376,10,72:3b:01:24:b7:c8,84,3,0,0,-17,S,5c:62:8b:66:67:d2"
1791490507.508,"B,16376,10,b2:db:ca:e6:29:a6,56,2,0,0,-20,S,5c:62:8b:66:67:d2"
1791490507.714,"B,16476,10,46:88:44:6e:4f:e4,3285,7,0,0,-27,S,5c:62:8b:66:67:d2"
1791490507.714,"B,16476,10,5c:62:8b:66:67:d2,0,0,3341,9,-47,A,5c:62:8b:66:67:d2"
1791490507.714,"B,16476,10,b2:db:ca:e6:29:a6,56,2,0,0,-22,S,5c:62:8b:66:67:d2"
1791490507.714,"B,16576,10,46:88:44:6e:4f:e4,2703,6,0,0,-27,S,5c:62:8b:66:67:d2"
1791490507.714,"B,16576,10,5c:62:8b:66:67:d2,0,0,2815,10,-48,A,5c:62:8b:66:67:d2"
1791490507.714,"B,16576,10,72:3b:01:24:b7:c8,112,4,0,0,-18,S,5c:62:8b:66:67:d2"
1791490507.918,"B,16676,10,46:88:44:6e:4f:e4,1050,3,0,0,-27,S,5c:62:8b:66:67:d2"
1791490507.918,"B,16676,10,5c:62:8b:66:67:d2,0,0,1134,6,-48,A,5c:62:8b:66:67:d2"
1791490507.918,"B,16676,10,72:3b:01:24:b7:c8,28,1,0,0,-18,S,5c:62:8b:66:67:d2"
1791490507.918,"B,16676,10,b2:db:ca:e6:29:a6,56,2,0,0,-21,S,5c:62:8b:66:67:d2"
1791490507.918,"B,16776,10,46:88:44:6e:4f:e4,2675,5,0,0,-27,S,5c:62:8b:66:67:d2"
1791490507.918,"B,16776,10,5c:62:8b:66:67:d2,0,0,2731,7,-48,A,5c:62:8b:66:67:d2"
1791490507.918,"B,16776,10,b2:db:ca:e6:29:a6,56,2,0,0,-21,S,5c:62:8b:66:67:d2"
1791490508.123,"B,16876,10,46:88:44:6e:4f:e4,3053,7,0,0,-27,S,5c:62:8b:66:67:d2"
1791490508.123,"B,16876,10,5c:62:8b:66:67:d2,0,0,3277,15,-48,A,5c:62:8b:66:67:d2"
1791490508.123,"B,16876,10,72:3b:01:24:b7:c8,168,6,0,0,-18,S,5c:62:8b:66:67:d2"
1791490508.123,"B,16876,10,b2:db:ca:e6:29:a6,56,2,0,0,-22,S,5c:62:8b:66:67:d2"
1791490508.123,"B,16976,10,46:88:44:6e:4f:e4,2703,6,0,0,-27,S,5c:62:8b:66:67:d2"
1791490508.123,"B,16976,10,5c:62:8b:66:67:d2,0,0,2759,8,-48,A,5c:62:8b:66:67:d2"
1791490508.123,"B,16976,10,78:8c:b5:f5:e7:26,80,1,0,0,-82,A,78:8c:b5:f5:e7:26"
1791490508.123,"B,16976,10,b2:db:ca:e6:29:a6,56,2,0,0,-21,S,5c:62:8b:66:67:d2"
1791490508.123,"B,16976,10,80:af:ca:68:4c:f8,84,1,0,0,-84,A,80:af:ca:68:4c:f8"
1791490508.327,"B,17076,10,46:88:44:6e:4f:e4,3053,7,0,0,-27,S,5c:62:8b:66:67:d2"
1791490508.327,"B,17076,10,5c:62:8b:66:67:d2,0,0,3137,10,-48,A,5c:62:8b:66:67:d2"
1791490508.327,"B,17076,10,72:3b:01:24:b7:c8,28,1,0,0,-18,S,5c:62:8b:66:67:d2"
1791490508.327,"B,17076,10,b2:db:ca:e6:29:a6,56,2,0,0,-21,S,5c:62:8b:66:67:d2"
1791490508.327,"B,17176,10,46:88:44:6e:4f:e4,2703,6,0,0,-27,S,5c:62:8b:66:67:d2"
1791490508.327,"B,17176,10,5c:62:8b:66:67:d2,0,0,2815,10,-48,A,5c:62:8b:66:67:d2"
1791490508.327,"B,17176,10,72:3b:01:24:b7:c8,56,2,0,0,-18,S,5c:62:8b:66:67:d2"
1791490508.327,"B,17176,10,b2:db:ca:e6:29:a6,56,2,0,0,-21,S,5c:62:8b:66:67:d2"
1791490508.528,"B,17276,10,46:88:44:6e:4f:e4,2675,5,0,0,-27,S,5c:62:8b:66:67:d2"
1791490508.528,"B,17276,10,5c:62:8b:66:67:d2,0,0,2731,7,-49,A,5c:62:8b:66:67:d2"
1791490508.528,"B,17276,10,72:3b:01:24:b7:c8,28,1,0,0,-18,S,5c:62:8b:66:67:d2"
1791490508.528,"B,17276,10,b2:db:ca:e6:29:a6,28,1,0,0,-21,S,5c:62:8b:66:67:d2"
1791490508.528,"B,17376,10,46:88:44:6e:4f:e4,1078,4,0,0,-27,S,5c:62:8b:66:67:d2"
1791490508.528,"B,17376,10,5c:62:8b:66:67:d2,0,0,1274,11,-47,A,5c:62:8b:66:67:d2"
1791490508.528,"B,17376,10,72:3b:01:24:b7:c8,112,4,0,0,-18,S,5c:62:8b:66:67:d2"
1791490508.528,"B,17376,10,b2:db:ca:e6:29:a6,84,3,0,0,-21,S,5c:62:8b:66:67:d2"
1791490508.733,"B,17476,10,46:88:44:6e:4f:e4,2703,6,0,0,-27,S,5c:62:8b:66:67:d2"
1791490508.733,"B,17476,10,5c:62:8b:66:67:d2,82,1,2815,10,-49,A,5c:62:8b:66:67:d2"
1791490508.733,"B,17476,10,72:3b:01:24:b7:c8,84,3,82,1,-18,S,5c:62:8b:66:67:d2"
1791490508.733,"B,17476,10,b2:db:ca:e6:29:a6,28,1,0,0,-21,S,5c:62:8b:66:67:d2"
1791490508.733,"B,17576,10,46:88:44:6e:4f:e4,2703,6,138,1,-27,S,5c:62:8b:66:67:d2"
1791490508.733,"B,17576,10,5c:62:8b:66:67:d2,138,1,2759,8,-49,A,5c:62:8b:66:67:d2"
1791490508.733,"B,17576,10,72:3b:01:24:b7:c8,28,1,0,0,-18,S,5c:62:8b:66:67:d2"
1791490508.733,"B,17576,10,b2:db:ca:e6:29:a6,28,1,0,0,-23,S,5c:62:8b:66:67:d2"
1791490508.936,"B,17676,10,46:88:44:6e:4f:e4,4103,10,0,0,-27,S,5c:62:8b:66:67:d2"
1791490508.936,"B,17676,10,5c:62:8b:66:67:d2,0,0,4355,19,-48,A,5c:62:8b:66:67:d2"
1791490508.936,"B,17676,10,72:3b:01:24:b7:c8,224,8,0,0,-18,S,5c:62:8b:66:67:d2"
1791490508.936,"B,17676,10,a6:4c:bd:b6:c7:99,30,1,0,0,-92,S,78:8c:b5:f5:e7:26"
1791490508.936,"B,17676,10,78:8c:b5:f5:e7:26,0,0,30,1,-82,A,78:8c:b5:f5:e7:26"
1791490508.936,"B,17676,10,b2:db:ca:e6:29:a6,28,1,0,0,-21,S,5c:62:8b:66:67:d2"
1791490508.936,"B,17776,10,46:88:44:6e:4f:e4,794,3,0,0,-28,S,5c:62:8b:66:67:d2"
1791490508.936,"B,17776,10,5c:62:8b:66:67:d2,0,0,1018,11,-48,A,5c:62:8b:66:67:d2"
1791490508.936,"B,17776,10,72:3b:01:24:b7:c8,224,8,0,0,-18,S,5c:62:8b:66:67:d2"
1791490508.936,"B,17776,10,a6:4c:bd:b6:c7:99,60,2,0,0,-91,S,78:8c:b5:f5:e7:26"
1791490508.936,"B,17776,10,78:8c:b5:f5:e7:26,0,0,60,2,-79,A,78:8c:b5:f5:e7:26"
1791490509.140,"B,17876,10,46:88:44:6e:4f:e4,2010,6,0,0,-27,S,5c:62:8b:66:67:d2"
1791490509.140,"B,17876,10,5c:62:8b:66:67:d2,0,0,2066,8,-49,A,5c:62:8b:66:67:d2"
1791490509.140,"B,17876,10,72:3b:01:24:b7:c8,28,1,0,0,-18,S,5c:62:8b:66:67:d2"
1791490509.140,"B,17876,10,b2:db:ca:e6:29:a6,28,1,0,0,-23,S,5c:62:8b:66:67:d2"
1791490509.140,"B,17976,10,46:88:44:6e:4f:e4,2703,6,0,0,-27,S,5c:62:8b:66:67:d2"
1791490509.140,"B,17976,10,5c:62:8b:66:67:d2,0,0,2815,10,-48,A,5c:62:8b:66:67:d2"
1791490509.140,"B,17976,10,72:3b:01:24:b7:c8,84,3,0,0,-17,S,5c:62:8b:66:67:d2"
1791490509.140,"B,17976,10,b2:db:ca:e6:29:a6,28,1,0,0,-22,S,5c:62:8b:66:67:d2"
1791490509.345,"B,18076,10,46:88:44:6e:4f:e4,2703,6,0,0,-28,S,5c:62:8b:66:67:d2"
1791490509.345,"B,18076,10,5c:62:8b:66:67:d2,0,0,2787,9,-48,A,5c:62:8b:66:67:d2"
1791490509.345,"B,18076,10,72:3b:01:24:b7:c8,56,2,0,0,-18,S,5c:62:8b:66:67:d2"
1791490509.345,"B,18076,10,78:8c:b5:f5:e7:26,80,1,0,0,-82,A,78:8c:b5:f5:e7:26"
1791490509.345,"B,18076,10,b2:db:ca:e6:29:a6,28,1,0,0,-23,S,5c:62:8b:66:67:d2"
1791490509.345,"B,18176,10,46:88:44:6e:4f:e4,3053,7,0,0,-27,S,5c:62:8b:66:67:d2"
1791490509.345,"B,18176,10,5c:62:8b:66:67:d2,0,0,3249,14,-48,A,5c:62:8b:66:67:d2"
1791490509.345,"B,18176,10,72:3b:01:24:b7:c8,140,5,0,0,-18,S,5c:62:8b:66:67:d2"
1791490509.345,"B,18176,10,a6:4c:bd:b6:c7:99,60,2,0,0,-92,S,78:8c:b5:f5:e7:26"
1791490509.345,"B,18176,10,78:8c:b5:f5:e7:26,0,0,60,2,-79,A,78:8c:b5:f5:e7:26"
1791490509.345,"B,18176,10,b2:db:ca:e6:29:a6,56,2,0,0,-21,S,5c:62:8b:66:67:d2"
1791490509.548,"B,18276,10,46:88:44:6e:4f:e4,2703,6,0,0,-27,S,5c:62:8b:66:67:d2"
1791490509.548,"B,18276,10,5c:62:8b:66:67:d2,0,0,2731,7,-48,A,5c:62:8b:66:67:d2"
1791490509.548,"B,18276,10,b2:db:ca:e6:29:a6,28,1,0,0,-21,S,5c:62:8b:66:67:d2"
1791490509.548,"B,18376,10,46:88:44:6e:4f:e4,2703,6,0,0,-27,S,5c:62:8b:66:67:d2"
1791490509.548,"B,18376,10,5c:62:8b:66:67:d2,0,0,2843,11,0,A,5c:62:8b:66:67:d2"
1791490509.548,"B,18376,10,72:3b:01:24:b7:c8,112,4,0,0,-18,S,5c:62:8b:66:67:d2"
1791490509.548,"B,18376,10,b2:db:ca:e6:29:a6,28,1,0,0,-22,S,5c:62:8b:66:67:d2"
1791490509.753,"B,18476,10,46:88:44:6e:4f:e4,1428,5,0,0,-27,S,5c:62:8b:66:67:d2"
1791490509.753,"B,18476,10,5c:62:8b:66:67:d2,0,0,1596,11,-48,A,5c:62:8b:66:67:d2"
1791490509.753,"B,18476,10,72:3b:01:24:b7:c8,168,6,0,0,-17,S,5c:62:8b:66:67:d2"
1791490509.753,"B,18576,10,46:88:44:6e:4f:e4,2675,5,0,0,-27,S,5c:62:8b:66:67:d2"
1791490509.753,"B,18576,10,5c:62:8b:66:67:d2,0,0,2703,6,-48,A,5c:62:8b:66:67:d2"
1791490509.753,"B,18576,10,b2:db:ca:e6:29:a6,28,1,0,0,-21,S,5c:62:8b:66:67:d2"
1791490509.957,"B,18676,10,46:88:44:6e:4f:e4,4328,8,0,0,-28,S,5c:62:8b:66:67:d2"
1791490509.957,"B,18676,10,5c:62:8b:66:67:d2,0,0,4468,13,-48,A,5c:62:8b:66:67:d2"
1791490509.957,"B,18676,10,72:3b:01:24:b7:c8,84,3,0,0,-18,S,5c:62:8b:66:67:d2"
1791490509.957,"B,18676,10,b2:db:ca:e6:29:a6,56,2,0,0,-23,S,5c:62:8b:66:67:d2"
1791490509.957,"B,18676,10,80:af:ca:68:4c:f8,104,1,0,0,-85,A,80:af:ca:68:4c:f8"
1791490509.957,"B,18776,10,46:88:44:6e:4f:e4,2675,5,0,0,-27,S,5c:62:8b:66:67:d2"
1791490509.957,"B,18776,10,5c:62:8b:66:67:d2,0,0,2815,10,-48,A,5c:62:8b:66:67:d2"
1791490509.957,"B,18776,10,72:3b:01:24:b7:c8,56,2,0,0,-18,S,5c:62:8b:66:67:d2"
1791490509.957,"B,18776,10,b2:db:ca:e6:29:a6,84,3,0,0,-21,S,5c:62:8b:66:67:d2"
1791490510.162,"B,18876,10,46:88:44:6e:4f:e4,2353,5,0,0,-27,S,5c:62:8b:66:67:d2"
1791490510.162,"B,18876,10,5c:62:8b:66:67:d2,0,0,2409,7,-48,A,5c:62:8b:66:67:d2"
1791490510.162,"B,18876,10,72:3b:01:24:b7:c8,28,1,0,0,-18,S,5c:62:8b:66:67:d2"
1791490510.162,"B,18876,10,b2:db:ca:e6:29:a6,28,1,0,0,-21,S,5c:62:8b:66:67:d2"
1791490510.162,"B,18976,10,46:88:44:6e:4f:e4,3053,7,0,0,-26,S,5c:62:8b:66:67:d2"
1791490510.162,"B,18976,10,5c:62:8b:66:67:d2,0,0,3193,12,-48,A,5c:62:8b:66:67:d2"
1791490510.162,"B,18976,10,72:3b:01:24:b7:c8,84,3,0,0,-17,S,5c:62:8b:66:67:d2"
1791490510.162,"B,18976,10,b2:db:ca:e6:29:a6,56,2,0,0,-22,S,5c:62:8b:66:67:d2"
1791490510.367,"B,19076,10,46:88:44:6e:4f:e4,1750,5,0,0,-27,S,5c:62:8b:66:67:d2"
1791490510.367,"B,19076,10,5c:62:8b:66:67:d2,0,0,1778,6,-49,A,5c:62:8b:66:67:d2"
1791490510.367,"B,19076,10,72:3b:01:24:b7:c8,28,1,0,0,-18,S,5c:62:8b:66:67:d2"
1791490510.367,"B,19176,10,46:88:44:6e:4f:e4,3053,7,0,0,-26,S,5c:62:8b:66:67:d2"
1791490510.367,"B,19176,10,5c:62:8b:66:67:d2,0,0,3081,8,-47,A,5c:62:8b:66:67:d2"
1791490510.367,"B,19176,10,b2:db:ca:e6:29:a6,28,1,0,0,-21,S,5c:62:8b:66:67:d2"
1791490510.568,"B,19276,10,46:88:44:6e:4f:e4,3053,7,0,0,-26,S,5c:62:8b:66:67:d2"
1791490510.568,"B,19276,10,5c:62:8b:66:67:d2,0,0,3221,13,-48,A,5c:62:8b:66:67:d2"
1791490510.568,"B,19276,10,72:3b:01:24:b7:c8,168,6,0,0,-17,S,5c:62:8b:66:67:d2"
1791490510.568,"B,19376,10,46:88:44:6e:4f:e4,4096,8,0,0,-26,S,5c:62:8b:66:67:d2"
1791490510.568,"B,19376,10,5c:62:8b:66:67:d2,0,0,4264,14,-48,A,5c:62:8b:66:67:d2"
1791490510.568,"B,19376,10,72:3b:01:24:b7:c8,112,4,0,0,-17,S,5c:62:8b:66:67:d2"
1791490510.568,"B,19376,10,b2:db:ca:e6:29:a6,56,2,0,0,-21,S,5c:62:8b:66:67:d2"
1791490510.772,"B,19476,10,46:88:44:6e:4f:e4,2703,6,0,0,-26,S,5c:62:8b:66:67:d2"
1791490510.772,"B,19476,10,5c:62:8b:66:67:d2,0,0,2787,9,-50,A,5c:62:8b:66:67:d2"
1791490510.772,"B,19476,10,b2:db:ca:e6:29:a6,84,3,0,0,-20,S,5c:62:8b:66:67:d2"
1791490510.772,"B,19576,10,46:88:44:6e:4f:e4,2703,6,0,0,-26,S,5c:62:8b:66:67:d2"
1791490510.772,"B,19576,10,5c:62:8b:66:67:d2,0,0,2899,13,-49,A,5c:62:8b:66:67:d2"
1791490510.772,"B,19576,10,72:3b:01:24:b7:c8,140,5,0,0,-17,S,5c:62:8b:66:67:d2"
1791490510.772,"B,19576,10,a6:4c:bd:b6:c7:99,30,1,0,0,-91,S,78:8c:b5:f5:e7:26"
1791490510.772,"B,19576,10,78:8c:b5:f5:e7:26,0,0,30,1,-80,A,78:8c:b5:f5:e7:26"
1791490510.772,"B,19576,10,b2:db:ca:e6:29:a6,56,2,0,0,-21,S,5c:62:8b:66:67:d2"
1791490510.972,"B,19676,10,46:88:44:6e:4f:e4,700,2,0,0,-26,S,5c:62:8b:66:67:d2"
1791490510.972,"B,19676,10,5c:62:8b:66:67:d2,0,0,1036,14,-50,A,5c:62:8b:66:67:d2"
1791490510.972,"B,19676,10,72:3b:01:24:b7:c8,252,9,0,0,-18,S,5c:62:8b:66:67:d2"
1791490510.972,"B,19676,10,a6:4c:bd:b6:c7:99,30,1,0,0,-92,S,78:8c:b5:f5:e7:26"
1791490510.972,"B,19676,10,78:8c:b5:f5:e7:26,0,0,30,1,0,A,78:8c:b5:f5:e7:26"
1791490510.972,"B,19676,10,b2:db:ca:e6:29:a6,84,3,0,0,-21,S,5c:62:8b:66:67:d2"
1791490510.972,"B,19776,10,46:88:44:6e:4f:e4,6875,10,0,0,-27,S,5c:62:8b:66:67:d2"
1791490510.972,"B,19776,10,5c:62:8b:66:67:d2,0,0,6931,12,-49,A,5c:62:8b:66:67:d2"
1791490510.972,"B,19776,10,b2:db:ca:e6:29:a6,56,2,0,0,-20,S,5c:62:8b:66:67:d2"
1791490510.972,"B,19876,10,46:88:44:6e:4f:e4,2703,6,0,0,-27,S,5c:62:8b:66:67:d2"
1791490510.972,"B,19876,10,5c:62:8b:66:67:d2,0,0,2899,13,-48,A,5c:62:8b:66:67:d2"
1791490510.972,"B,19876,10,72:3b:01:24:b7:c8,168,6,0,0,-17,S,5c:62:8b:66:67:d2"
1791490511.173,"B,19876,10,b2:db:ca:e6:29:a6,28,1,0,0,-19,S,5c:62:8b:66:67:d2"
1791490511.173,"B,19976,10,46:88:44:6e:4f:e4,2703,6,0,0,-27,S,5c:62:8b:66:67:d2"
1791490511.173,"B,19976,10,5c:62:8b:66:67:d2,0,0,2843,11,-49,A,5c:62:8b:66:67:d2"
1791490511.173,"B,19976,10,72:3b:01:24:b7:c8,84,3,0,0,-18,S,5c:62:8b:66:67:d2"
1791490511.173,"B,19976,10,b2:db:ca:e6:29:a6,56,2,0,0,-20,S,5c:62:8b:66:67:d2"
1791490511.173,"B,20076,10,46:88:44:6e:4f:e4,3053,7,0,0,-27,S,5c:62:8b:66:67:d2"
1791490511.173,"B,20076,10,5c:62:8b:66:67:d2,0,0,3109,9,-49,A,5c:62:8b:66:67:d2"
1791490511.173,"B,20076,10,b2:db:ca:e6:29:a6,56,2,0,0,-20,S,5c:62:8b:66:67:d2"
1791490511.373,"I,20089,stat,rx=2721,drops=0,ch=10,bin=100,hop=0,heap=203064"
1791490511.373,"B,20176,10,46:88:44:6e:4f:e4,2703,6,0,0,-27,S,5c:62:8b:66:67:d2"
1791490511.373,"B,20176,10,5c:62:8b:66:67:d2,0,0,2955,15,-49,A,5c:62:8b:66:67:d2"
1791490511.373,"B,20176,10,72:3b:01:24:b7:c8,196,7,0,0,-17,S,5c:62:8b:66:67:d2"
1791490511.373,"B,20176,10,b2:db:ca:e6:29:a6,56,2,0,0,-22,S,5c:62:8b:66:67:d2"
1791490511.373,"B,20276,10,46:88:44:6e:4f:e4,1078,4,0,0,-25,S,5c:62:8b:66:67:d2"
1791490511.574,"B,20276,10,5c:62:8b:66:67:d2,0,0,1162,7,-49,A,5c:62:8b:66:67:d2"
1791490511.574,"B,20276,10,72:3b:01:24:b7:c8,28,1,0,0,-18,S,5c:62:8b:66:67:d2"
1791490511.574,"B,20276,10,b2:db:ca:e6:29:a6,56,2,0,0,-21,S,5c:62:8b:66:67:d2"
1791490511.574,"B,20376,10,46:88:44:6e:4f:e4,3025,6,0,0,-27,S,5c:62:8b:66:67:d2"
1791490511.574,"B,20376,10,5c:62:8b:66:67:d2,0,0,3053,7,-49,A,5c:62:8b:66:67:d2"
1791490511.574,"B,20376,10,b2:db:ca:e6:29:a6,28,1,0,0,-21,S,5c:62:8b:66:67:d2"
1791490511.574,"B,20376,10,80:af:ca:68:4c:f8,187,1,0,0,-85,A,80:af:ca:68:4c:f8"
1791490511.574,"B,20476,10,46:88:44:6e:4f:e4,2703,6,0,0,-26,S,5c:62:8b:66:67:d2"
1791490511.774,"B,20476,10,5c:62:8b:66:67:d2,0,0,2843,11,-49,A,5c:62:8b:66:67:d2"
1791490511.774,"B,20476,10,72:3b:01:24:b7:c8,84,3,0,0,-18,S,5c:62:8b:66:67:d2"
1791490511.774,"B,20476,10,b2:db:ca:e6:29:a6,56,2,0,0,-20,S,5c:62:8b:66:67:d2"
1791490511.774,"B,20576,10,46:88:44:6e:4f:e4,2703,6,0,0,-26,S,5c:62:8b:66:67:d2"
1791490511.774,"B,20576,10,5c:62:8b:66:67:d2,0,0,2787,9,-50,A,5c:62:8b:66:67:d2"
1791490511.774,"B,20576,10,72:3b:01:24:b7:c8,28,1,0,0,-18,S,5c:62:8b:66:67:d2"
1791490511.774,"B,20576,10,b2:db:ca:e6:29:a6,56,2,0,0,-22,S,5c:62:8b:66:67:d2"
1791490511.774,"B,20576,10,80:af:ca:68:4c:f8,104,1,0,0,-85,A,80:af:ca:68:4c:f8"
1791490511.774,"B,20676,10,46:88:44:6e:4f:e4,3285,7,0,0,-27,S,5c:62:8b:66:67:d2"
1791490511.975,"B,20676,10,5c:62:8b:66:67:d2,0,0,3453,13,-49,A,5c:62:8b:66:67:d2"
1791490511.975,"B,20676,10,72:3b:01:24:b7:c8,112,4,0,0,-18,S,5c:62:8b:66:67:d2"
1791490511.975,"B,20676,10,b2:db:ca:e6:29:a6,56,2,0,0,-21,S,5c:62:8b:66:67:d2"
1791490511.975,"B,20776,10,46:88:44:6e:4f:e4,1078,4,0,0,-26,S,5c:62:8b:66:67:d2"
1791490511.975,"B,20776,10,5c:62:8b:66:67:d2,88,1,1218,9,-51,A,5c:62:8b:66:67:d2"
1791490511.975,"B,20776,10,72:3b:01:24:b7:c8,84,3,0,0,-17,S,5c:62:8b:66:67:d2"
1791490511.975,"B,20776,10,b2:db:ca:e6:29:a6,56,2,0,0,-21,S,5c:62:8b:66:67:d2"
1791490511.975,"M,20788,slot,0,1"
1791490511.975,"B,20876,10,46:88:44:6e:4f:e4,2703,6,0,0,-27,S,5c:62:8b:66:67:d2"
1791490511.975,"B,20876,10,5c:62:8b:66:67:d2,0,0,2759,8,-48,A,5c:62:8b:66:67:d2"
1791490511.975,"B,20876,10,72:3b:01:24:b7:c8,28,1,0,0,-18,S,5c:62:8b:66:67:d2"
1791490511.975,"B,20876,10,b2:db:ca:e6:29:a6,28,1,0,0,-21,S,5c:62:8b:66:67:d2"
1791490512.175,"B,20976,10,46:88:44:6e:4f:e4,3025,6,0,0,-27,S,5c:62:8b:66:67:d2"
1791490512.175,"B,20976,10,5c:62:8b:66:67:d2,0,0,3277,15,-49,A,5c:62:8b:66:67:d2"
1791490512.175,"B,20976,10,72:3b:01:24:b7:c8,196,7,0,0,-18,S,5c:62:8b:66:67:d2"
1791490512.175,"B,20976,10,b2:db:ca:e6:29:a6,56,2,0,0,-21,S,5c:62:8b:66:67:d2"
1791490512.175,"B,21076,10,46:88:44:6e:4f:e4,3285,7,0,0,-27,S,5c:62:8b:66:67:d2"
1791490512.175,"B,21076,10,5c:62:8b:66:67:d2,0,0,3341,9,-50,A,5c:62:8b:66:67:d2"
1791490512.175,"B,21076,10,72:3b:01:24:b7:c8,28,1,0,0,-18,S,5c:62:8b:66:67:d2"
1791490512.175,"B,21076,10,b2:db:ca:e6:29:a6,28,1,0,0,-22,S,5c:62:8b:66:67:d2"
1791490512.376,"B,21176,10,46:88:44:6e:4f:e4,2703,6,0,0,-27,S,5c:62:8b:66:67:d2"
1791490512.376,"B,21176,10,5c:62:8b:66:67:d2,0,0,2815,10,-49,A,5c:62:8b:66:67:d2"
1791490512.376,"B,21176,10,72:3b:01:24:b7:c8,84,3,0,0,-17,S,5c:62:8b:66:67:d2"
1791490512.376,"B,21176,10,b2:db:ca:e6:29:a6,28,1,0,0,-21,S,5c:62:8b:66:67:d2"
1791490512.376,"B,21276,10,46:88:44:6e:4f:e4,2703,6,0,0,-27,S,5c:62:8b:66:67:d2"
1791490512.376,"B,21276,10,5c:62:8b:66:67:d2,0,0,2815,10,-49,A,5c:62:8b:66:67:d2"
1791490512.376,"B,21276,10,72:3b:01:24:b7:c8,112,4,0,0,-17,S,5c:62:8b:66:67:d2"
1791490512.578,"B,21376,10,46:88:44:6e:4f:e4,2824,7,0,0,-27,S,5c:62:8b:66:67:d2"
1791490512.578,"B,21376,10,5c:62:8b:66:67:d2,0,0,2880,9,-49,A,5c:62:8b:66:67:d2"
1791490512.578,"B,21376,10,72:3b:01:24:b7:c8,56,2,0,0,-18,S,5c:62:8b:66:67:d2"
1791490512.578,"B,21476,10,46:88:44:6e:4f:e4,1050,3,0,0,-26,S,5c:62:8b:66:67:d2"
1791490512.578,"B,21476,10,5c:62:8b:66:67:d2,0,0,1050,3,-50,A,5c:62:8b:66:67:d2"
1791490512.779,"B,21576,10,46:88:44:6e:4f:e4,2703,6,0,0,-26,S,5c:62:8b:66:67:d2"
1791490512.779,"B,21576,10,5c:62:8b:66:67:d2,0,0,2843,11,-49,A,5c:62:8b:66:67:d2"
1791490512.779,"B,21576,10,72:3b:01:24:b7:c8,56,2,0,0,-18,S,5c:62:8b:66:67:d2"
1791490512.779,"B,21576,10,b2:db:ca:e6:29:a6,84,3,0,0,-21,S,5c:62:8b:66:67:d2"
1791490512.779,"B,21676,10,46:88:44:6e:4f:e4,2703,6,0,0,-25,S,5c:62:8b:66:67:d2"
1791490512.779,"B,21676,10,5c:62:8b:66:67:d2,0,0,3123,21,-50,A,5c:62:8b:66:67:d2"
1791490512.779,"B,21676,10,72:3b:01:24:b7:c8,364,13,0,0,-18,S,5c:62:8b:66:67:d2"
1791490512.779,"B,21676,10,b2:db:ca:e6:29:a6,56,2,0,0,-21,S,5c:62:8b:66:67:d2"
1791490512.981,"B,21776,10,46:88:44:6e:4f:e4,3753,9,0,0,-26,S,5c:62:8b:66:67:d2"
1791490512.981,"B,21776,10,5c:62:8b:66:67:d2,0,0,3977,17,-49,A,5c:62:8b:66:67:d2"
1791490512.981,"B,21776,10,72:3b:01:24:b7:c8,196,7,0,0,-17,S,5c:62:8b:66:67:d2"
1791490512.981,"B,21776,10,b2:db:ca:e6:29:a6,28,1,0,0,-22,S,5c:62:8b:66:67:d2"
1791490512.981,"B,21876,10,46:88:44:6e:4f:e4,3403,8,0,0,-26,S,5c:62:8b:66:67:d2"
1791490512.981,"B,21876,10,5c:62:8b:66:67:d2,0,0,3431,9,-50,A,5c:62:8b:66:67:d2"
1791490512.981,"B,21876,10,b2:db:ca:e6:29:a6,28,1,0,0,-21,S,5c:62:8b:66:67:d2"
1791490513.182,"B,21976,10,46:88:44:6e:4f:e4,2703,6,0,0,-27,S,5c:62:8b:66:67:d2"
1791490513.182,"B,21976,10,5c:62:8b:66:67:d2,0,0,2843,11,-50,A,5c:62:8b:66:67:d2"
1791490513.182,"B,21976,10,72:3b:01:24:b7:c8,84,3,0,0,-17,S,5c:62:8b:66:67:d2"
1791490513.182,"B,21976,10,b2:db:ca:e6:29:a6,56,2,0,0,-20,S,5c:62:8b:66:67:d2"
1791490513.182,"B,22076,10,46:88:44:6e:4f:e4,1050,3,0,0,-27,S,5c:62:8b:66:67:d2"
1791490513.182,"B,22076,10,5c:62:8b:66:67:d2,0,0,1162,7,-50,A,5c:62:8b:66:67:d2"
1791490513.182,"B,22076,10,72:3b:01:24:b7:c8,112,4,0,0,-18,S,5c:62:8b:66:67:d2"
1791490513.182,"B,22076,10,a6:4c:bd:b6:c7:99,30,1,0,0,-90,S,78:8c:b5:f5:e7:26"
1791490513.182,"B,22076,10,78:8c:b5:f5:e7:26,0,0,30,1,-82,A,78:8c:b5:f5:e7:26"
1791490513.386,"B,22176,10,46:88:44:6e:4f:e4,5489,10,0,0,-27,S,5c:62:8b:66:67:d2"
1791490513.386,"B,22176,10,5c:62:8b:66:67:d2,0,0,5545,12,-50,A,5c:62:8b:66:67:d2"
1791490513.386,"B,22176,10,72:3b:01:24:b7:c8,28,1,0,0,-18,S,5c:62:8b:66:67:d2"
1791490513.386,"B,22176,10,b2:db:ca:e6:29:a6,28,1,0,0,-21,S,5c:62:8b:66:67:d2"
1791490513.386,"B,22276,10,46:88:44:6e:4f:e4,2703,6,0,0,-27,S,5c:62:8b:66:67:d2"
1791490513.386,"B,22276,10,5c:62:8b:66:67:d2,0,0,2815,10,-49,A,5c:62:8b:66:67:d2"
1791490513.386,"B,22276,10,72:3b:01:24:b7:c8,56,2,0,0,-18,S,5c:62:8b:66:67:d2"
1791490513.386,"B,22276,10,b2:db:ca:e6:29:a6,56,2,0,0,-22,S,5c:62:8b:66:67:d2"
1791490513.587,"B,22376,10,46:88:44:6e:4f:e4,3053,7,0,0,-27,S,5c:62:8b:66:67:d2"
1791490513.587,"B,22376,10,5c:62:8b:66:67:d2,1400,4,3165,11,-49,A,5c:62:8b:66:67:d2"
1791490513.587,"B,22376,10,72:3b:01:24:b7:c8,56,2,1400,4,-18,S,5c:62:8b:66:67:d2"
1791490513.587,"B,22376,10,b2:db:ca:e6:29:a6,56,2,0,0,-20,S,5c:62:8b:66:67:d2"
1791490513.587,"B,22476,10,46:88:44:6e:4f:e4,4096,8,0,0,-27,S,5c:62:8b:66:67:d2"
1791490513.587,"B,22476,10,5c:62:8b:66:67:d2,0,0,4152,10,-49,A,5c:62:8b:66:67:d2"
1791490513.587,"B,22476,10,b2:db:ca:e6:29:a6,56,2,0,0,-21,S,5c:62:8b:66:67:d2"
1791490513.789,"B,22576,10,46:88:44:6e:4f:e4,2121,5,0,0,-27,S,5c:62:8b:66:67:d2"
1791490513.789,"B,22576,10,5c:62:8b:66:67:d2,1872,3,2205,8,-50,A,5c:62:8b:66:67:d2"
1791490513.789,"B,22576,10,72:3b:01:24:b7:c8,56,2,1872,3,-18,S,5c:62:8b:66:67:d2"
1791490513.789,"B,22576,10,b2:db:ca:e6:29:a6,28,1,0,0,-20,S,5c:62:8b:66:67:d2"
1791490513.789,"B,22676,10,46:88:44:6e:4f:e4,2010,6,138,1,-27,S,5c:62:8b:66:67:d2"
1791490513.789,"B,22676,10,5c:62:8b:66:67:d2,3258,6,2094,9,-49,A,5c:62:8b:66:67:d2"
1791490513.789,"B,22676,10,72:3b:01:24:b7:c8,28,1,3120,5,-16,S,5c:62:8b:66:67:d2"
1791490513.789,"B,22676,10,b2:db:ca:e6:29:a6,56,2,0,0,-20,S,5c:62:8b:66:67:d2"
1791490513.992,"B,22776,10,46:88:44:6e:4f:e4,3119,7,0,0,-27,S,5c:62:8b:66:67:d2"
1791490513.992,"B,22776,10,5c:62:8b:66:67:d2,0,0,3175,9,-49,A,5c:62:8b:66:67:d2"
1791490513.992,"B,22776,10,b2:db:ca:e6:29:a6,56,2,0,0,-21,S,5c:62:8b:66:67:d2"
1791490513.992,"B,22876,10,46:88:44:6e:4f:e4,2703,6,0,0,-27,S,5c:62:8b:66:67:d2"
1791490513.992,"B,22876,10,5c:62:8b:66:67:d2,1750,5,2815,10,-49,A,5c:62:8b:66:67:d2"
1791490513.992,"B,22876,10,72:3b:01:24:b7:c8,84,3,1750,5,-17,S,5c:62:8b:66:67:d2"
1791490513.992,"B,22876,10,b2:db:ca:e6:29:a6,28,1,0,0,-23,S,5c:62:8b:66:67:d2"
1791490514.193,"B,22976,10,46:88:44:6e:4f:e4,2703,6,0,0,-26,S,5c:62:8b:66:67:d2"
1791490514.193,"B,22976,10,5c:62:8b:66:67:d2,1750,5,2787,9,-48,A,5c:62:8b:66:67:d2"
1791490514.193,"B,22976,10,72:3b:01:24:b7:c8,0,0,1750,5,0,S,5c:62:8b:66:67:d2"
1791490514.193,"B,22976,10,b2:db:ca:e6:29:a6,84,3,0,0,-21,S,5c:62:8b:66:67:d2"
1791490514.193,"B,23076,10,46:88:44:6e:4f:e4,2703,6,0,0,-26,S,5c:62:8b:66:67:d2"
1791490514.193,"B,23076,10,5c:62:8b:66:67:d2,0,0,2731,7,-49,A,5c:62:8b:66:67:d2"
1791490514.193,"B,23076,10,b2:db:ca:e6:29:a6,28,1,0,0,-21,S,5c:62:8b:66:67:d2"
1791490514.398,"B,23176,10,46:88:44:6e:4f:e4,3053,7,0,0,-26,S,5c:62:8b:66:67:d2"
1791490514.398,"B,23176,10,5c:62:8b:66:67:d2,0,0,3137,10,-49,A,5c:62:8b:66:67:d2"
1791490514.398,"B,23176,10,72:3b:01:24:b7:c8,84,3,0,0,-17,S,5c:62:8b:66:67:d2"
1791490514.398,"B,23276,10,46:88:44:6e:4f:e4,1428,5,0,0,-27,S,5c:62:8b:66:67:d2"
1791490514.398,"B,23276,10,5c:62:8b:66:67:d2,0,0,1484,7,-49,A,5c:62:8b:66:67:d2"
1791490514.398,"B,23276,10,72:3b:01:24:b7:c8,28,1,0,0,-18,S,5c:62:8b:66:67:d2"
1791490514.398,"B,23276,10,b2:db:ca:e6:29:a6,28,1,0,0,-21,S,5c:62:8b:66:67:d2"
1791490514.602,"B,23376,10,46:88:44:6e:4f:e4,3025,6,0,0,-27,S,5c:62:8b:66:67:d2"
1791490514.602,"B,23376,10,5c:62:8b:66:67:d2,0,0,3025,6,-49,A,5c:62:8b:66:67:d2"
1791490514.602,"B,23376,10,a6:4c:bd:b6:c7:99,30,1,0,0,-90,S,78:8c:b5:f5:e7:26"
1791490514.602,"B,23376,10,78:8c:b5:f5:e7:26,0,0,30,1,-81,A,78:8c:b5:f5:e7:26"
1791490514.602,"B,23476,10,46:88:44:6e:4f:e4,2703,6,0,0,-27,S,5c:62:8b:66:67:d2"
1791490514.602,"B,23476,10,5c:62:8b:66:67:d2,0,0,2927,14,-49,A,5c:62:8b:66:67:d2"
1791490514.602,"B,23476,10,72:3b:01:24:b7:c8,224,8,0,0,-17,S,5c:62:8b:66:67:d2"
1791490514.806,"B,23576,10,46:88:44:6e:4f:e4,5260,10,0,0,-26,S,5c:62:8b:66:67:d2"
1791490514.806,"B,23576,10,5c:62:8b:66:67:d2,0,0,5428,16,-49,A,5c:62:8b:66:67:d2"
1791490514.806,"B,23576,10,72:3b:01:24:b7:c8,168,6,0,0,-17,S,5c:62:8b:66:67:d2"
1791490514.806,"B,23676,10,46:88:44:6e:4f:e4,3053,7,0,0,-27,S,5c:62:8b:66:67:d2"
1791490514.806,"B,23676,10,5c:62:8b:66:67:d2,0,0,3081,8,-49,A,5c:62:8b:66:67:d2"
1791490514.806,"B,23676,10,b2:db:ca:e6:29:a6,28,1,0,0,-21,S,5c:62:8b:66:67:d2"
1791490515.006,"B,23776,10,46:88:44:6e:4f:e4,2703,6,0,0,-26,S,5c:62:8b:66:67:d2"
1791490515.006,"B,23776,10,5c:62:8b:66:67:d2,0,0,2871,12,-49,A,5c:62:8b:66:67:d2"
1791490515.006,"B,23776,10,72:3b:01:24:b7:c8,112,4,0,0,-17,S,5c:62:8b:66:67:d2"
1791490515.006,"B,23776,10,b2:db:ca:e6:29:a6,56,2,0,0,-22,S,5c:62:8b:66:67:d2"
1791490515.006,"B,23876,10,46:88:44:6e:4f:e4,5118,10,0,0,-26,S,5c:62:8b:66:67:d2"
1791490515.006,"B,23876,10,5c:62:8b:66:67:d2,0,0,5230,14,-49,A,5c:62:8b:66:67:d2"
1791490515.006,"B,23876,10,72:3b:01:24:b7:c8,56,2,0,0,-18,S,5c:62:8b:66:67:d2"
1791490515.006,"B,23876,10,b2:db:ca:e6:29:a6,56,2,0,0,-20,S,5c:62:8b:66:67:d2"
1791490515.207,"B,23976,10,46:88:44:6e:4f:e4,1428,5,0,0,-27,S,5c:62:8b:66:67:d2"
1791490515.207,"B,23976,10,5c:62:8b:66:67:d2,0,0,1596,11,-51,A,5c:62:8b:66:67:d2"
1791490515.207,"B,23976,10,72:3b:01:24:b7:c8,112,4,0,0,-18,S,5c:62:8b:66:67:d2"
1791490515.207,"B,23976,10,b2:db:ca:e6:29:a6,56,2,0,0,-22,S,5c:62:8b:66:67:d2"
1791490515.207,"B,24076,10,46:88:44:6e:4f:e4,2703,6,0,0,-27,S,5c:62:8b:66:67:d2"
1791490515.207,"B,24076,10,5c:62:8b:66:67:d2,0,0,2815,10,-49,A,5c:62:8b:66:67:d2"
1791490515.207,"B,24076,10,72:3b:01:24:b7:c8,84,3,0,0,-18,S,5c:62:8b:66:67:d2"
1791490515.207,"B,24076,10,a6:4c:bd:b6:c7:99,30,1,0,0,-92,S,78:8c:b5:f5:e7:26"
1791490515.207,"B,24076,10,78:8c:b5:f5:e7:26,80,1,30,1,-81,A,78:8c:b5:f5:e7:26"
1791490515.207,"B,24076,10,b2:db:ca:e6:29:a6,28,1,0,0,-21,S,5c:62:8b:66:67:d2"
1791490515.412,"B,24176,10,46:88:44:6e:4f:e4,3746,7,0,0,-27,S,5c:62:8b:66:67:d2"
1791490515.412,"B,24176,10,5c:62:8b:66:67:d2,0,0,3914,13,-48,A,5c:62:8b:66:67:d2"
1791490515.412,"B,24176,10,72:3b:01:24:b7:c8,84,3,0,0,-18,S,5c:62:8b:66:67:d2"
1791490515.412,"B,24176,10,b2:db:ca:e6:29:a6,84,3,0,0,-21,S,5c:62:8b:66:67:d2"
1791490515.412,"B,24276,10,46:88:44:6e:4f:e4,3746,7,0,0,-26,S,5c:62:8b:66:67:d2"
1791490515.412,"B,24276,10,5c:62:8b:66:67:d2,0,0,3746,7,-49,A,5c:62:8b:66:67:d2"
1791490515.617,"B,24376,10,46:88:44:6e:4f:e4,1078,4,0,0,-25,S,5c:62:8b:66:67:d2"
1791490515.617,"B,24376,10,5c:62:8b:66:67:d2,0,0,1190,8,-49,A,5c:62:8b:66:67:d2"
1791490515.617,"B,24376,10,72:3b:01:24:b7:c8,84,3,0,0,-18,S,5c:62:8b:66:67:d2"
1791490515.617,"B,24376,10,a6:4c:bd:b6:c7:99,30,1,0,0,-93,S,78:8c:b5:f5:e7:26"
1791490515.617,"B,24376,10,78:8c:b5:f5:e7:26,0,0,30,1,-82,A,78:8c:b5:f5:e7:26"
1791490515.617,"B,24376,10,b2:db:ca:e6:29:a6,28,1,0,0,-23,S,5c:62:8b:66:67:d2"
1791490515.617,"B,24476,10,46:88:44:6e:4f:e4,3025,6,0,0,-27,S,5c:62:8b:66:67:d2"
1791490515.617,"B,24476,10,5c:62:8b:66:67:d2,0,0,3053,7,-49,A,5c:62:8b:66:67:d2"
1791490515.617,"B,24476,10,72:3b:01:24:b7:c8,28,1,0,0,-17,S,5c:62:8b:66:67:d2"
1791490515.822,"B,24576,10,46:88:44:6e:4f:e4,3403,8,0,0,-26,S,5c:62:8b:66:67:d2"
1791490515.822,"B,24576,10,5c:62:8b:66:67:d2,0,0,3515,12,-49,A,5c:62:8b:66:67:d2"
1791490515.822,"B,24576,10,72:3b:01:24:b7:c8,112,4,0,0,-18,S,5c:62:8b:66:67:d2"
1791490515.822,"B,24676,10,46:88:44:6e:4f:e4,3403,8,0,0,-27,S,5c:62:8b:66:67:d2"
1791490515.822,"B,24676,10,5c:62:8b:66:67:d2,0,0,3459,10,-49,A,5c:62:8b:66:67:d2"
1791490515.822,"B,24676,10,72:3b:01:24:b7:c8,56,2,0,0,-18,S,5c:62:8b:66:67:d2"
1791490515.822,"B,24676,10,80:af:ca:68:4c:f8,104,1,0,0,-85,A,80:af:ca:68:4c:f8"
1791490516.027,"B,24776,10,46:88:44:6e:4f:e4,2703,6,0,0,-27,S,5c:62:8b:66:67:d2"
1791490516.027,"B,24776,10,5c:62:8b:66:67:d2,0,0,2815,10,-49,A,5c:62:8b:66:67:d2"
1791490516.027,"B,24776,10,72:3b:01:24:b7:c8,112,4,0,0,-17,S,5c:62:8b:66:67:d2"
1791490516.027,"B,24876,10,46:88:44:6e:4f:e4,4567,10,0,0,-27,S,5c:62:8b:66:67:d2"
1791490516.027,"B,24876,10,5c:62:8b:66:67:d2,0,0,4679,14,-48,A,5c:62:8b:66:67:d2"
1791490516.027,"B,24876,10,72:3b:01:24:b7:c8,112,4,0,0,-20,S,5c:62:8b:66:67:d2"
1791490516.232,"B,24976,10,46:88:44:6e:4f:e4,5489,10,0,0,-27,S,5c:62:8b:66:67:d2"
1791490516.232,"B,24976,10,5c:62:8b:66:67:d2,0,0,5573,13,-49,A,5c:62:8b:66:67:d2"
1791490516.232,"B,24976,10,72:3b:01:24:b7:c8,84,3,0,0,-17,S,5c:62:8b:66:67:d2"
1791490516.232,"B,25076,10,46:88:44:6e:4f:e4,1078,4,0,0,-27,S,5c:62:8b:66:67:d2"
1791490516.232,"B,25076,10,5c:62:8b:66:67:d2,0,0,1218,9,-50,A,5c:62:8b:66:67:d2"
1791490516.232,"B,25076,10,72:3b:01:24:b7:c8,140,5,0,0,-17,S,5c:62:8b:66:67:d2"
1791490516.232,"I,25091,stat,rx=3429,drops=0,ch=10,bin=100,hop=0,heap=203064"
1791490516.435,"B,25176,10,46:88:44:6e:4f:e4,2675,5,0,0,-27,S,5c:62:8b:66:67:d2"
1791490516.435,"B,25176,10,5c:62:8b:66:67:d2,0,0,2759,8,-49,A,5c:62:8b:66:67:d2"
1791490516.435,"B,25176,10,72:3b:01:24:b7:c8,84,3,0,0,-17,S,5c:62:8b:66:67:d2"
1791490516.435,"B,25276,10,46:88:44:6e:4f:e4,2703,6,0,0,-27,S,5c:62:8b:66:67:d2"
1791490516.435,"B,25276,10,5c:62:8b:66:67:d2,0,0,2787,9,-49,A,5c:62:8b:66:67:d2"
1791490516.435,"B,25276,10,72:3b:01:24:b7:c8,56,2,0,0,-17,S,5c:62:8b:66:67:d2"
1791490516.435,"B,25276,10,b2:db:ca:e6:29:a6,28,1,0,0,-23,S,5c:62:8b:66:67:d2"
1791490516.637,"B,25376,10,46:88:44:6e:4f:e4,3053,7,0,0,-27,S,5c:62:8b:66:67:d2"
1791490516.637,"B,25376,10,5c:62:8b:66:67:d2,0,0,3221,13,-49,A,5c:62:8b:66:67:d2"
1791490516.637,"B,25376,10,72:3b:01:24:b7:c8,112,4,0,0,-18,S,5c:62:8b:66:67:d2"
1791490516.637,"B,25376,10,b2:db:ca:e6:29:a6,56,2,0,0,-20,S,5c:62:8b:66:67:d2"
1791490516.637,"B,25476,10,46:88:44:6e:4f:e4,3285,7,0,0,-27,S,5c:62:8b:66:67:d2"
1791490516.637,"B,25476,10,5c:62:8b:66:67:d2,0,0,3369,10,-49,A,5c:62:8b:66:67:d2"
1791490516.637,"B,25476,10,b2:db:ca:e6:29:a6,84,3,0,0,-21,S,5c:62:8b:66:67:d2"
1791490516.840,"B,25576,10,46:88:44:6e:4f:e4,3746,7,0,0,-26,S,5c:62:8b:66:67:d2"
1791490516.840,"B,25576,10,5c:62:8b:66:67:d2,0,0,3886,12,-49,A,5c:62:8b:66:67:d2"
1791490516.840,"B,25576,10,72:3b:01:24:b7:c8,84,3,0,0,-18,S,5c:62:8b:66:67:d2"
1791490516.840,"B,25576,10,b2:db:ca:e6:29:a6,56,2,0,0,-20,S,5c:62:8b:66:67:d2"
1791490516.840,"B,25676,10,46:88:44:6e:4f:e4,1078,4,0,0,-25,S,5c:62:8b:66:67:d2"
1791490516.840,"B,25676,10,5c:62:8b:66:67:d2,0,0,1358,14,-49,A,5c:62:8b:66:67:d2"
1791490516.840,"B,25676,10,72:3b:01:24:b7:c8,252,9,0,0,-17,S,5c:62:8b:66:67:d2"
1791490516.840,"B,25676,10,b2:db:ca:e6:29:a6,28,1,0,0,-22,S,5c:62:8b:66:67:d2"
1791490517.041,"B,25776,10,46:88:44:6e:4f:e4,2675,5,0,0,-27,S,5c:62:8b:66:67:d2"
1791490517.041,"B,25776,10,5c:62:8b:66:67:d2,0,0,2815,10,-49,A,5c:62:8b:66:67:d2"
1791490517.041,"B,25776,10,72:3b:01:24:b7:c8,84,3,0,0,-18,S,5c:62:8b:66:67:d2"
1791490517.041,"B,25776,10,b2:db:ca:e6:29:a6,56,2,0,0,-21,S,5c:62:8b:66:67:d2"
1791490517.041,"M,25868,slot,1,1"
1791490517.041,"B,25876,10,46:88:44:6e:4f:e4,3053,7,0,0,-26,S,5c:62:8b:66:67:d2"
1791490517.041,"B,25876,10,5c:62:8b:66:67:d2,0,0,3193,12,-49,A,5c:62:8b:66:67:d2"
1791490517.041,"B,25876,10,72:3b:01:24:b7:c8,84,3,0,0,-18,S,5c:62:8b:66:67:d2"
1791490517.041,"B,25876,10,b2:db:ca:e6:29:a6,56,2,0,0,-21,S,5c:62:8b:66:67:d2"
1791490517.246,"B,25976,10,46:88:44:6e:4f:e4,2703,6,0,0,-27,S,5c:62:8b:66:67:d2"
1791490517.246,"B,25976,10,5c:62:8b:66:67:d2,0,0,3039,18,-49,A,5c:62:8b:66:67:d2"
1791490517.246,"B,25976,10,72:3b:01:24:b7:c8,308,11,0,0,-17,S,5c:62:8b:66:67:d2"
1791490517.246,"B,25976,10,b2:db:ca:e6:29:a6,28,1,0,0,-21,S,5c:62:8b:66:67:d2"
1791490517.246,"B,26076,10,46:88:44:6e:4f:e4,2703,6,0,0,-27,S,5c:62:8b:66:67:d2"
1791490517.246,"B,26076,10,5c:62:8b:66:67:d2,0,0,2815,10,-49,A,5c:62:8b:66:67:d2"
1791490517.246,"B,26076,10,72:3b:01:24:b7:c8,84,3,0,0,-18,S,5c:62:8b:66:67:d2"
1791490517.246,"B,26076,10,b2:db:ca:e6:29:a6,28,1,0,0,-21,S,5c:62:8b:66:67:d2"
1791490517.451,"B,26176,10,46:88:44:6e:4f:e4,2703,6,0,0,-27,S,5c:62:8b:66:67:d2"
1791490517.451,"B,26176,10,5c:62:8b:66:67:d2,0,0,2899,13,-50,A,5c:62:8b:66:67:d2"
1791490517.451,"B,26176,10,72:3b:01:24:b7:c8,140,5,0,0,-18,S,5c:62:8b:66:67:d2"
1791490517.451,"B,26176,10,b2:db:ca:e6:29:a6,56,2,0,0,-22,S,5c:62:8b:66:67:d2"
1791490517.451,"B,26276,10,46:88:44:6e:4f:e4,1050,3,0,0,-27,S,5c:62:8b:66:67:d2"
1791490517.451,"B,26276,10,5c:62:8b:66:67:d2,0,0,1190,8,-49,A,5c:62:8b:66:67:d2"
1791490517.451,"B,26276,10,72:3b:01:24:b7:c8,84,3,0,0,-17,S,5c:62:8b:66:67:d2"
1791490517.451,"B,26276,10,b2:db:ca:e6:29:a6,56,2,0,0,-21,S,5c:62:8b:66:67:d2"
1791490517.657,"B,26376,10,46:88:44:6e:4f:e4,2703,6,0,0,-27,S,5c:62:8b:66:67:d2"
1791490517.657,"B,26376,10,5c:62:8b:66:67:d2,0,0,2731,7,-48,A,5c:62:8b:66:67:d2"
1791490517.657,"B,26376,10,b2:db:ca:e6:29:a6,28,1,0,0,-21,S,5c:62:8b:66:67:d2"
1791490517.657,"B,26476,10,46:88:44:6e:4f:e4,4096,8,0,0,-27,S,5c:62:8b:66:67:d2"
1791490517.657,"B,26476,10,5c:62:8b:66:67:d2,0,0,4264,14,-48,A,5c:62:8b:66:67:d2"
1791490517.657,"B,26476,10,72:3b:01:24:b7:c8,140,5,0,0,-18,S,5c:62:8b:66:67:d2"
1791490517.657,"B,26476,10,b2:db:ca:e6:29:a6,28,1,0,0,-23,S,5c:62:8b:66:67:d2"
1791490517.861,"B,26576,10,46:88:44:6e:4f:e4,2703,6,0,0,-27,S,5c:62:8b:66:67:d2"
1791490517.861,"B,26576,10,5c:62:8b:66:67:d2,0,0,2759,8,-50,A,5c:62:8b:66:67:d2"
1791490517.861,"B,26576,10,72:3b:01:24:b7:c8,56,2,0,0,-17,S,5c:62:8b:66:67:d2"
1791490517.861,"B,26676,10,46:88:44:6e:4f:e4,3053,7,0,0,-27,S,5c:62:8b:66:67:d2"
1791490517.861,"B,26676,10,5c:62:8b:66:67:d2,0,0,3081,8,-50,A,5c:62:8b:66:67:d2"
1791490517.861,"B,26676,10,b2:db:ca:e6:29:a6,28,1,0,0,-21,S,5c:62:8b:66:67:d2"
1791490518.063,"B,26776,10,46:88:44:6e:4f:e4,2121,5,0,0,-27,S,5c:62:8b:66:67:d2"
1791490518.063,"B,26776,10,5c:62:8b:66:67:d2,0,0,2289,11,-50,A,5c:62:8b:66:67:d2"
1791490518.063,"B,26776,10,72:3b:01:24:b7:c8,140,5,0,0,-17,S,5c:62:8b:66:67:d2"
1791490518.063,"B,26776,10,b2:db:ca:e6:29:a6,28,1,0,0,-20,S,5c:62:8b:66:67:d2"
1791490518.063,"B,26876,10,46:88:44:6e:4f:e4,2214,5,0,0,-27,S,5c:62:8b:66:67:d2"
1791490518.063,"B,26876,10,5c:62:8b:66:67:d2,0,0,2326,9,0,A,5c:62:8b:66:67:d2"
1791490518.063,"B,26876,10,72:3b:01:24:b7:c8,56,2,0,0,-18,S,5c:62:8b:66:67:d2"
1791490518.063,"B,26876,10,b2:db:ca:e6:29:a6,56,2,0,0,-21,S,5c:62:8b:66:67:d2"
1791490518.269,"B,26976,10,46:88:44:6e:4f:e4,2703,6,0,0,-26,S,5c:62:8b:66:67:d2"
1791490518.269,"B,26976,10,5c:62:8b:66:67:d2,0,0,2759,8,-49,A,5c:62:8b:66:67:d2"
1791490518.269,"B,26976,10,b2:db:ca:e6:29:a6,56,2,0,0,-21,S,5c:62:8b:66:67:d2"
1791490518.269,"B,26976,10,80:af:ca:68:4c:f8,84,1,0,0,-85,A,80:af:ca:68:4c:f8"
1791490518.269,"B,27076,10,46:88:44:6e:4f:e4,2703,6,0,0,-26,S,5c:62:8b:66:67:d2"
1791490518.269,"B,27076,10,5c:62:8b:66:67:d2,0,0,2871,12,-49,A,5c:62:8b:66:67:d2"
1791490518.269,"B,27076,10,72:3b:01:24:b7:c8,140,5,0,0,-18,S,5c:62:8b:66:67:d2"
1791490518.269,"B,27076,10,b2:db:ca:e6:29:a6,28,1,0,0,-23,S,5c:62:8b:66:67:d2"
1791490518.470,"B,27176,10,46:88:44:6e:4f:e4,3403,8,0,0,-26,S,5c:62:8b:66:67:d2"
1791490518.470,"B,27176,10,5c:62:8b:66:67:d2,0,0,3515,12,-49,A,5c:62:8b:66:67:d2"
1791490518.470,"B,27176,10,72:3b:01:24:b7:c8,28,1,0,0,-18,S,5c:62:8b:66:67:d2"
1791490518.470,"B,27176,10,b2:db:ca:e6:29:a6,84,3,0,0,-20,S,5c:62:8b:66:67:d2"
1791490518.470,"B,27276,10,46:88:44:6e:4f:e4,3053,7,0,0,-27,S,5c:62:8b:66:67:d2"
1791490518.470,"B,27276,10,5c:62:8b:66:67:d2,0,0,3137,10,-49,A,5c:62:8b:66:67:d2"
1791490518.470,"B,27276,10,72:3b:01:24:b7:c8,56,2,0,0,-18,S,5c:62:8b:66:67:d2"
1791490518.470,"B,27276,10,b2:db:ca:e6:29:a6,28,1,0,0,-21,S,5c:62:8b:66:67:d2"
1791490518.670,"B,27376,10,46:88:44:6e:4f:e4,1078,4,0,0,-27,S,5c:62:8b:66:67:d2"
1791490518.670,"B,27376,10,5c:62:8b:66:67:d2,0,0,1246,10,-50,A,5c:62:8b:66:67:d2"
1791490518.670,"B,27376,10,72:3b:01:24:b7:c8,112,4,0,0,-18,S,5c:62:8b:66:67:d2"
1791490518.670,"B,27376,10,b2:db:ca:e6:29:a6,56,2,0,0,-21,S,5c:62:8b:66:67:d2"
1791490518.670,"B,27476,10,46:88:44:6e:4f:e4,2675,5,0,0,-27,S,5c:62:8b:66:67:d2"
1791490518.670,"B,27476,10,5c:62:8b:66:67:d2,0,0,2731,7,-49,A,5c:62:8b:66:67:d2"
1791490518.670,"B,27476,10,b2:db:ca:e6:29:a6,56,2,0,0,-21,S,5c:62:8b:66:67:d2"
1791490518.670,"B,27576,10,46:88:44:6e:4f:e4,3403,8,276,2,-27,S,5c:62:8b:66:67:d2"
1791490518.670,"B,27576,10,5c:62:8b:66:67:d2,276,2,3543,13,-50,A,5c:62:8b:66:67:d2"
1791490518.872,"B,27576,10,72:3b:01:24:b7:c8,112,4,0,0,-18,S,5c:62:8b:66:67:d2"
1791490518.872,"B,27576,10,b2:db:ca:e6:29:a6,28,1,0,0,-21,S,5c:62:8b:66:67:d2"
1791490518.872,"B,27676,10,46:88:44:6e:4f:e4,4439,7,0,0,-27,S,5c:62:8b:66:67:d2"
1791490518.872,"B,27676,10,5c:62:8b:66:67:d2,0,0,4775,19,-50,A,5c:62:8b:66:67:d2"
1791490518.872,"B,27676,10,72:3b:01:24:b7:c8,280,10,0,0,-17,S,5c:62:8b:66:67:d2"
1791490518.872,"B,27676,10,b2:db:ca:e6:29:a6,56,2,0,0,-22,S,5c:62:8b:66:67:d2"
1791490519.072,"B,27776,10,46:88:44:6e:4f:e4,4883,9,0,0,-27,S,5c:62:8b:66:67:d2"
1791490519.072,"B,27776,10,5c:62:8b:66:67:d2,0,0,5135,18,-51,A,5c:62:8b:66:67:d2"
1791490519.072,"B,27776,10,72:3b:01:24:b7:c8,196,7,0,0,-18,S,5c:62:8b:66:67:d2"
1791490519.072,"B,27776,10,b2:db:ca:e6:29:a6,56,2,0,0,-19,S,5c:62:8b:66:67:d2"
1791490519.072,"B,27876,10,46:88:44:6e:4f:e4,2703,6,0,0,-27,S,5c:62:8b:66:67:d2"
1791490519.072,"B,27876,10,5c:62:8b:66:67:d2,0,0,2871,12,-49,A,5c:62:8b:66:67:d2"
1791490519.072,"B,27876,10,72:3b:01:24:b7:c8,140,5,0,0,-18,S,5c:62:8b:66:67:d2"
1791490519.072,"B,27876,10,b2:db:ca:e6:29:a6,28,1,0,0,-21,S,5c:62:8b:66:67:d2"
1791490519.072,"B,27976,10,46:88:44:6e:4f:e4,1428,5,0,0,-27,S,5c:62:8b:66:67:d2"
1791490519.072,"B,27976,10,5c:62:8b:66:67:d2,0,0,1568,10,-50,A,5c:62:8b:66:67:d2"
1791490519.072,"B,27976,10,72:3b:01:24:b7:c8,84,3,0,0,-17,S,5c:62:8b:66:67:d2"
1791490519.072,"B,27976,10,b2:db:ca:e6:29:a6,56,2,0,0,-22,S,5c:62:8b:66:67:d2"
1791490519.272,"B,28076,10,46:88:44:6e:4f:e4,3403,8,0,0,-27,S,5c:62:8b:66:67:d2"
1791490519.272,"B,28076,10,5c:62:8b:66:67:d2,0,0,3515,12,-49,A,5c:62:8b:66:67:d2"
1791490519.272,"B,28076,10,72:3b:01:24:b7:c8,56,2,0,0,-18,S,5c:62:8b:66:67:d2"
1791490519.272,"B,28076,10,b2:db:ca:e6:29:a6,56,2,0,0,-21,S,5c:62:8b:66:67:d2"
1791490519.272,"B,28176,10,46:88:44:6e:4f:e4,3025,6,0,0,-27,S,5c:62:8b:66:67:d2"
1791490519.272,"B,28176,10,5c:62:8b:66:67:d2,0,0,3193,12,-48,A,5c:62:8b:66:67:d2"
1791490519.272,"B,28176,10,72:3b:01:24:b7:c8,112,4,0,0,-17,S,5c:62:8b:66:67:d2"
1791490519.473,"B,28176,10,b2:db:ca:e6:29:a6,56,2,0,0,-21,S,5c:62:8b:66:67:d2"
1791490519.473,"B,28276,10,46:88:44:6e:4f:e4,2703,6,0,0,-26,S,5c:62:8b:66:67:d2"
1791490519.473,"B,28276,10,5c:62:8b:66:67:d2,0,0,2815,10,-49,A,5c:62:8b:66:67:d2"
1791490519.473,"B,28276,10,72:3b:01:24:b7:c8,84,3,0,0,-17,S,5c:62:8b:66:67:d2"
1791490519.473,"B,28276,10,b2:db:ca:e6:29:a6,28,1,0,0,-23,S,5c:62:8b:66:67:d2"
1791490519.473,"B,28376,10,46:88:44:6e:4f:e4,3746,7,0,0,-26,S,5c:62:8b:66:67:d2"
1791490519.673,"B,28376,10,5c:62:8b:66:67:d2,0,0,3998,16,-49,A,5c:62:8b:66:67:d2"
1791490519.673,"B,28376,10,72:3b:01:24:b7:c8,168,6,0,0,-18,S,5c:62:8b:66:67:d2"
1791490519.673,"B,28376,10,b2:db:ca:e6:29:a6,84,3,0,0,-21,S,5c:62:8b:66:67:d2"
1791490519.673,"B,28476,10,46:88:44:6e:4f:e4,2703,6,0,0,-26,S,5c:62:8b:66:67:d2"
1791490519.673,"B,28476,10,5c:62:8b:66:67:d2,0,0,2787,9,-50,A,5c:62:8b:66:67:d2"
1791490519.673,"B,28476,10,b2:db:ca:e6:29:a6,84,3,0,0,-21,S,5c:62:8b:66:67:d2"
1791490519.673,"B,28576,10,46:88:44:6e:4f:e4,2121,5,0,0,-27,S,5c:62:8b:66:67:d2"
1791490519.673,"B,28576,10,5c:62:8b:66:67:d2,0,0,2233,9,-50,A,5c:62:8b:66:67:d2"
1791490519.673,"B,28576,10,72:3b:01:24:b7:c8,84,3,0,0,-18,S,5c:62:8b:66:67:d2"
1791490519.673,"B,28576,10,b2:db:ca:e6:29:a6,28,1,0,0,-22,S,5c:62:8b:66:67:d2"
1791490519.873,"B,28676,10,46:88:44:6e:4f:e4,2675,5,0,0,-27,S,5c:62:8b:66:67:d2"
1791490519.873,"B,28676,10,5c:62:8b:66:67:d2,0,0,2927,14,-49,A,5c:62:8b:66:67:d2"
1791490519.873,"B,28676,10,72:3b:01:24:b7:c8,252,9,0,0,-18,S,5c:62:8b:66:67:d2"
1791490519.873,"B,28676,10,80:af:ca:68:4c:f8,104,1,0,0,-83,A,80:af:ca:68:4c:f8"
1791490519.873,"B,28776,10,46:88:44:6e:4f:e4,6875,10,0,0,-27,S,5c:62:8b:66:67:d2"
1791490520.074,"B,28776,10,5c:62:8b:66:67:d2,0,0,6931,12,-48,A,5c:62:8b:66:67:d2"
1791490520.074,"B,28776,10,72:3b:01:24:b7:c8,56,2,0,0,-18,S,5c:62:8b:66:67:d2"
1791490520.074,"B,28776,10,a6:4c:bd:b6:c7:99,30,1,0,0,-93,S,78:8c:b5:f5:e7:26"
1791490520.074,"B,28776,10,78:8c:b5:f5:e7:26,0,0,30,1,-82,A,78:8c:b5:f5:e7:26"
1791490520.074,"B,28876,10,46:88:44:6e:4f:e4,3053,7,0,0,-27,S,5c:62:8b:66:67:d2"
1791490520.074,"B,28876,10,5c:62:8b:66:67:d2,0,0,3165,11,-49,A,5c:62:8b:66:67:d2"
1791490520.074,"B,28876,10,72:3b:01:24:b7:c8,112,4,0,0,-18,S,5c:62:8b:66:67:d2"
1791490520.074,"B,28976,10,46:88:44:6e:4f:e4,2703,6,0,0,-27,S,5c:62:8b:66:67:d2"
1791490520.274,"B,28976,10,5c:62:8b:66:67:d2,0,0,2787,9,-50,A,5c:62:8b:66:67:d2"
1791490520.274,"B,28976,10,72:3b:01:24:b7:c8,84,3,0,0,-18,S,5c:62:8b:66:67:d2"
1791490520.274,"B,29076,10,46:88:44:6e:4f:e4,2703,6,0,0,-27,S,5c:62:8b:66:67:d2"
1791490520.274,"B,29076,10,5c:62:8b:66:67:d2,0,0,2703,6,-49,A,5c:62:8b:66:67:d2"
1791490520.274,"B,29176,10,46:88:44:6e:4f:e4,2121,5,0,0,-27,S,5c:62:8b:66:67:d2"
1791490520.274,"B,29176,10,5c:62:8b:66:67:d2,0,0,2205,8,-49,A,5c:62:8b:66:67:d2"
1791490520.274,"B,29176,10,72:3b:01:24:b7:c8,84,3,0,0,-17,S,5c:62:8b:66:67:d2"
1791490520.475,"B,29276,10,46:88:44:6e:4f:e4,1632,4,0,0,-27,S,5c:62:8b:66:67:d2"
1791490520.475,"B,29276,10,5c:62:8b:66:67:d2,0,0,1828,11,-49,A,5c:62:8b:66:67:d2"
1791490520.475,"B,29276,10,72:3b:01:24:b7:c8,196,7,0,0,-18,S,5c:62:8b:66:67:d2"
1791490520.475,"B,29376,10,46:88:44:6e:4f:e4,3053,7,0,0,-27,S,5c:62:8b:66:67:d2"
1791490520.475,"B,29376,10,5c:62:8b:66:67:d2,0,0,3053,7,-49,A,5c:62:8b:66:67:d2"
1791490520.475,"B,29376,10,a6:4c:bd:b6:c7:99,30,1,0,0,-91,S,78:8c:b5:f5:e7:26"
1791490520.475,"B,29376,10,78:8c:b5:f5:e7:26,0,0,30,1,-83,A,78:8c:b5:f5:e7:26"
1791490520.675,"B,29476,10,46:88:44:6e:4f:e4,2703,6,0,0,-27,S,5c:62:8b:66:67:d2"
1791490520.675,"B,29476,10,5c:62:8b:66:67:d2,0,0,2787,9,-49,A,5c:62:8b:66:67:d2"
1791490520.675,"B,29476,10,72:3b:01:24:b7:c8,84,3,0,0,-18,S,5c:62:8b:66:67:d2"
1791490520.675,"B,29576,10,46:88:44:6e:4f:e4,2703,6,0,0,-26,S,5c:62:8b:66:67:d2"
1791490520.675,"B,29576,10,5c:62:8b:66:67:d2,0,0,2983,16,-50,A,5c:62:8b:66:67:d2"
1791490520.675,"B,29576,10,72:3b:01:24:b7:c8,224,8,0,0,-18,S,5c:62:8b:66:67:d2"
1791490520.675,"B,29576,10,b2:db:ca:e6:29:a6,56,2,0,0,-21,S,5c:62:8b:66:67:d2"
1791490520.876,"B,29676,10,46:88:44:6e:4f:e4,3985,9,0,0,-26,S,5c:62:8b:66:67:d2"
1791490520.876,"B,29676,10,5c:62:8b:66:67:d2,0,0,4153,15,-48,A,5c:62:8b:66:67:d2"
1791490520.876,"B,29676,10,72:3b:01:24:b7:c8,112,4,0,0,-18,S,5c:62:8b:66:67:d2"
1791490520.876,"B,29676,10,b2:db:ca:e6:29:a6,56,2,0,0,-21,S,5c:62:8b:66:67:d2"
1791490520.876,"B,29776,10,46:88:44:6e:4f:e4,1078,4,0,0,-25,S,5c:62:8b:66:67:d2"
1791490520.876,"B,29776,10,5c:62:8b:66:67:d2,0,0,1274,11,-47,A,5c:62:8b:66:67:d2"
1791490520.876,"B,29776,10,72:3b:01:24:b7:c8,140,5,0,0,-18,S,5c:62:8b:66:67:d2"
1791490520.876,"B,29776,10,b2:db:ca:e6:29:a6,56,2,0,0,-21,S,5c:62:8b:66:67:d2"
1791490521.076,"B,29876,10,46:88:44:6e:4f:e4,2703,6,0,0,-26,S,5c:62:8b:66:67:d2"
1791490521.076,"B,29876,10,5c:62:8b:66:67:d2,0,0,2871,12,-47,A,5c:62:8b:66:67:d2"
1791490521.076,"B,29876,10,72:3b:01:24:b7:c8,112,4,0,0,-18,S,5c:62:8b:66:67:d2"
1791490521.076,"B,29876,10,b2:db:ca:e6:29:a6,56,2,0,0,-20,S,5c:62:8b:66:67:d2"
1791490521.076,"B,29976,10,46:88:44:6e:4f:e4,2675,5,0,0,-27,S,5c:62:8b:66:67:d2"
1791490521.076,"B,29976,10,5c:62:8b:66:67:d2,0,0,2815,10,-48,A,5c:62:8b:66:67:d2"
1791490521.076,"B,29976,10,72:3b:01:24:b7:c8,56,2,0,0,-18,S,5c:62:8b:66:67:d2"
1791490521.076,"B,29976,10,b2:db:ca:e6:29:a6,84,3,0,0,-20,S,5c:62:8b:66:67:d2"
1791490521.277,"B,30076,10,46:88:44:6e:4f:e4,5146,11,0,0,-27,S,5c:62:8b:66:67:d2"
1791490521.277,"B,30076,10,5c:62:8b:66:67:d2,0,0,5342,18,-48,A,5c:62:8b:66:67:d2"
1791490521.277,"B,30076,10,72:3b:01:24:b7:c8,140,5,0,0,-17,S,5c:62:8b:66:67:d2"
1791490521.277,"B,30076,10,b2:db:ca:e6:29:a6,56,2,0,0,-21,S,5c:62:8b:66:67:d2"
1791490521.277,"I,30091,stat,rx=4157,drops=0,ch=10,bin=100,hop=0,heap=203064"
1791490521.277,"B,30176,10,46:88:44:6e:4f:e4,4789,8,0,0,-27,S,5c:62:8b:66:67:d2"
1791490521.277,"B,30176,10,5c:62:8b:66:67:d2,0,0,4901,12,-47,A,5c:62:8b:66:67:d2"
1791490521.277,"B,30176,10,72:3b:01:24:b7:c8,56,2,0,0,-18,S,5c:62:8b:66:67:d2"
1791490521.277,"B,30176,10,b2:db:ca:e6:29:a6,56,2,0,0,-21,S,5c:62:8b:66:67:d2"
1791490521.479,"B,30276,10,46:88:44:6e:4f:e4,3285,7,0,0,-27,S,5c:62:8b:66:67:d2"
1791490521.479,"B,30276,10,5c:62:8b:66:67:d2,0,0,3313,8,-48,A,5c:62:8b:66:67:d2"
1791490521.479,"B,30276,10,b2:db:ca:e6:29:a6,28,1,0,0,-22,S,5c:62:8b:66:67:d2"
1791490521.479,"B,30376,10,46:88:44:6e:4f:e4,1750,5,0,0,-27,S,5c:62:8b:66:67:d2"
1791490521.479,"B,30376,10,5c:62:8b:66:67:d2,0,0,1946,12,-46,A,5c:62:8b:66:67:d2"
1791490521.479,"B,30376,10,72:3b:01:24:b7:c8,140,5,0,0,-18,S,5c:62:8b:66:67:d2"
1791490521.479,"B,30376,10,b2:db:ca:e6:29:a6,56,2,0,0,-21,S,5c:62:8b:66:67:d2"
1791490521.681,"B,30476,10,46:88:44:6e:4f:e4,9782,15,0,0,-27,S,5c:62:8b:66:67:d2"
1791490521.681,"B,30476,10,5c:62:8b:66:67:d2,0,0,9838,17,-46,A,5c:62:8b:66:67:d2"
1791490521.681,"B,30476,10,72:3b:01:24:b7:c8,28,1,0,0,-18,S,5c:62:8b:66:67:d2"
1791490521.681,"B,30476,10,b2:db:ca:e6:29:a6,28,1,0,0,-21,S,5c:62:8b:66:67:d2"
1791490521.681,"B,30576,10,46:88:44:6e:4f:e4,1778,6,0,0,-27,S,5c:62:8b:66:67:d2"
1791490521.681,"B,30576,10,5c:62:8b:66:67:d2,0,0,1946,12,-46,A,5c:62:8b:66:67:d2"
1791490521.681,"B,30576,10,72:3b:01:24:b7:c8,112,4,0,0,-17,S,5c:62:8b:66:67:d2"
1791490521.681,"B,30576,10,b2:db:ca:e6:29:a6,56,2,0,0,-21,S,5c:62:8b:66:67:d2"
1791490521.884,"B,30676,10,46:88:44:6e:4f:e4,2703,6,0,0,-27,S,5c:62:8b:66:67:d2"
1791490521.884,"B,30676,10,5c:62:8b:66:67:d2,0,0,2843,11,-46,A,5c:62:8b:66:67:d2"
1791490521.884,"B,30676,10,72:3b:01:24:b7:c8,84,3,0,0,-17,S,5c:62:8b:66:67:d2"
1791490521.884,"B,30676,10,b2:db:ca:e6:29:a6,56,2,0,0,-21,S,5c:62:8b:66:67:d2"
1791490521.884,"B,30776,10,46:88:44:6e:4f:e4,2353,5,0,0,-26,S,5c:62:8b:66:67:d2"
1791490521.884,"B,30776,10,5c:62:8b:66:67:d2,0,0,2381,6,-46,A,5c:62:8b:66:67:d2"
1791490521.884,"B,30776,10,72:3b:01:24:b7:c8,28,1,0,0,-17,S,5c:62:8b:66:67:d2"
1791490522.087,"B,30876,10,46:88:44:6e:4f:e4,3753,9,0,0,-26,S,5c:62:8b:66:67:d2"
1791490522.087,"B,30876,10,5c:62:8b:66:67:d2,0,0,3921,15,-46,A,5c:62:8b:66:67:d2"
1791490522.087,"B,30876,10,72:3b:01:24:b7:c8,112,4,0,0,-17,S,5c:62:8b:66:67:d2"
1791490522.087,"B,30876,10,b2:db:ca:e6:29:a6,56,2,0,0,-21,S,5c:62:8b:66:67:d2"
1791490522.087,"M,30944,slot,2,0"
1791490522.087,"B,30976,10,46:88:44:6e:4f:e4,1400,4,0,0,-27,S,5c:62:8b:66:67:d2"
1791490522.087,"B,30976,10,5c:62:8b:66:67:d2,0,0,1540,9,-46,A,5c:62:8b:66:67:d2"
1791490522.087,"B,30976,10,72:3b:01:24:b7:c8,84,3,0,0,-17,S,5c:62:8b:66:67:d2"
1791490522.087,"B,30976,10,b2:db:ca:e6:29:a6,56,2,0,0,-21,S,5c:62:8b:66:67:d2"
1791490522.290,"B,31076,10,46:88:44:6e:4f:e4,3053,7,0,0,-26,S,5c:62:8b:66:67:d2"
1791490522.290,"B,31076,10,5c:62:8b:66:67:d2,0,0,3137,10,0,A,5c:62:8b:66:67:d2"
1791490522.290,"B,31076,10,72:3b:01:24:b7:c8,28,1,0,0,-18,S,5c:62:8b:66:67:d2"
1791490522.290,"B,31076,10,b2:db:ca:e6:29:a6,56,2,0,0,-20,S,5c:62:8b:66:67:d2"
1791490522.290,"B,31176,10,46:88:44:6e:4f:e4,5721,10,0,0,-26,S,5c:62:8b:66:67:d2"
1791490522.290,"B,31176,10,5c:62:8b:66:67:d2,0,0,6001,20,-47,A,5c:62:8b:66:67:d2"
1791490522.290,"B,31176,10,72:3b:01:24:b7:c8,224,8,0,0,-17,S,5c:62:8b:66:67:d2"
1791490522.290,"B,31176,10,b2:db:ca:e6:29:a6,56,2,0,0,-20,S,5c:62:8b:66:67:d2"
1791490522.495,"B,31276,10,46:88:44:6e:4f:e4,3403,8,0,0,-27,S,5c:62:8b:66:67:d2"
1791490522.495,"B,31276,10,5c:62:8b:66:67:d2,0,0,3571,14,-47,A,5c:62:8b:66:67:d2"
1791490522.495,"B,31276,10,72:3b:01:24:b7:c8,112,4,0,0,-18,S,5c:62:8b:66:67:d2"
1791490522.495,"B,31276,10,b2:db:ca:e6:29:a6,56,2,0,0,-22,S,5c:62:8b:66:67:d2"
1791490522.495,"B,31376,10,46:88:44:6e:4f:e4,3753,9,0,0,-26,S,5c:62:8b:66:67:d2"
1791490522.495,"B,31376,10,5c:62:8b:66:67:d2,0,0,3837,12,-47,A,5c:62:8b:66:67:d2"
1791490522.495,"B,31376,10,72:3b:01:24:b7:c8,28,1,0,0,-18,S,5c:62:8b:66:67:d2"
1791490522.495,"B,31376,10,b2:db:ca:e6:29:a6,56,2,0,0,-22,S,5c:62:8b:66:67:d2"
1791490522.699,"B,31476,10,46:88:44:6e:4f:e4,3403,8,0,0,-26,S,5c:62:8b:66:67:d2"
1791490522.699,"B,31476,10,5c:62:8b:66:67:d2,0,0,3571,14,-47,A,5c:62:8b:66:67:d2"
1791490522.699,"B,31476,10,72:3b:01:24:b7:c8,112,4,0,0,-17,S,5c:62:8b:66:67:d2"
1791490522.699,"B,31476,10,b2:db:ca:e6:29:a6,56,2,0,0,-21,S,5c:62:8b:66:67:d2"
1791490522.699,"B,31576,10,46:88:44:6e:4f:e4,3867,8,0,0,-26,S,5c:62:8b:66:67:d2"
1791490522.699,"B,31576,10,5c:62:8b:66:67:d2,0,0,3923,10,-47,A,5c:62:8b:66:67:d2"
1791490522.699,"B,31576,10,72:3b:01:24:b7:c8,28,1,0,0,-18,S,5c:62:8b:66:67:d2"
1791490522.699,"B,31576,10,b2:db:ca:e6:29:a6,28,1,0,0,-23,S,5c:62:8b:66:67:d2"
1791490522.901,"A,31607,10,d8:0d:17:46:46:1a,-69,spike"
1791490522.901,"B,31676,10,46:88:44:6e:4f:e4,1050,3,0,0,-26,S,5c:62:8b:66:67:d2"
1791490522.901,"B,31676,10,5c:62:8b:66:67:d2,0,0,1358,14,-47,A,5c:62:8b:66:67:d2"
1791490522.901,"B,31676,10,72:3b:01:24:b7:c8,252,9,0,0,-17,S,5c:62:8b:66:67:d2"
1791490522.901,"B,31676,10,b2:db:ca:e6:29:a6,56,2,0,0,-22,S,5c:62:8b:66:67:d2"
1791490522.901,"B,31776,10,46:88:44:6e:4f:e4,3746,7,0,0,-26,S,5c:62:8b:66:67:d2"
1791490522.901,"B,31776,10,5c:62:8b:66:67:d2,0,0,3914,13,-47,A,5c:62:8b:66:67:d2"
1791490522.901,"B,31776,10,72:3b:01:24:b7:c8,112,4,0,0,-17,S,5c:62:8b:66:67:d2"
1791490522.901,"B,31776,10,b2:db:ca:e6:29:a6,56,2,0,0,-21,S,5c:62:8b:66:67:d2"
1791490523.103,"B,31876,10,46:88:44:6e:4f:e4,2703,6,0,0,-26,S,5c:62:8b:66:67:d2"
1791490523.103,"B,31876,10,5c:62:8b:66:67:d2,3150,9,2731,7,-48,A,5c:62:8b:66:67:d2"
1791490523.103,"B,31876,10,72:3b:01:24:b7:c8,0,0,3150,9,0,S,5c:62:8b:66:67:d2"
1791490523.103,"B,31876,10,b2:db:ca:e6:29:a6,28,1,0,0,-21,S,5c:62:8b:66:67:d2"
1791490523.103,"B,31976,10,46:88:44:6e:4f:e4,2353,5,0,0,-26,S,5c:62:8b:66:67:d2"
1791490523.103,"B,31976,10,5c:62:8b:66:67:d2,1750,5,2493,10,-47,A,5c:62:8b:66:67:d2"
1791490523.103,"B,31976,10,72:3b:01:24:b7:c8,140,5,1750,5,-17,S,5c:62:8b:66:67:d2"
1791490523.307,"B,32076,10,46:88:44:6e:4f:e4,1078,4,0,0,-26,S,5c:62:8b:66:67:d2"
1791490523.307,"B,32076,10,5c:62:8b:66:67:d2,0,0,1078,4,-48,A,5c:62:8b:66:67:d2"
1791490523.307,"B,32176,10,46:88:44:6e:4f:e4,2010,6,0,0,-25,S,5c:62:8b:66:67:d2"
1791490523.307,"B,32176,10,5c:62:8b:66:67:d2,0,0,2094,9,-48,A,5c:62:8b:66:67:d2"
1791490523.307,"B,32176,10,72:3b:01:24:b7:c8,84,3,0,0,-17,S,5c:62:8b:66:67:d2"
1791490523.510,"B,32276,10,46:88:44:6e:4f:e4,2675,5,0,0,-26,S,5c:62:8b:66:67:d2"
1791490523.510,"B,32276,10,5c:62:8b:66:67:d2,0,0,2843,11,-48,A,5c:62:8b:66:67:d2"
1791490523.510,"B,32276,10,72:3b:01:24:b7:c8,168,6,0,0,-18,S,5c:62:8b:66:67:d2"
1791490523.510,"B,32376,10,46:88:44:6e:4f:e4,3053,7,0,0,-25,S,5c:62:8b:66:67:d2"
1791490523.510,"B,32376,10,5c:62:8b:66:67:d2,0,0,3081,8,-48,A,5c:62:8b:66:67:d2"
1791490523.510,"B,32376,10,72:3b:01:24:b7:c8,28,1,0,0,-18,S,5c:62:8b:66:67:d2"
1791490523.715,"B,32476,10,46:88:44:6e:4f:e4,2703,6,0,0,-25,S,5c:62:8b:66:67:d2"
1791490523.715,"B,32476,10,5c:62:8b:66:67:d2,0,0,2843,11,-48,A,5c:62:8b:66:67:d2"
1791490523.715,"B,32476,10,72:3b:01:24:b7:c8,140,5,0,0,-19,S,5c:62:8b:66:67:d2"
1791490523.715,"B,32476,10,8a:ce:16:78:6f:dc,0,0,28,1,0,A,8a:ce:16:78:6f:dc"
1791490523.715,"B,32476,10,d2:cf:53:d5:b8:26,28,1,0,0,-93,S,8a:ce:16:78:6f:dc"
1791490523.715,"B,32576,10,46:88:44:6e:4f:e4,2703,6,0,0,-25,S,5c:62:8b:66:67:d2"
1791490523.715,"B,32576,10,5c:62:8b:66:67:d2,0,0,2871,12,-49,A,5c:62:8b:66:67:d2"
1791490523.715,"B,32576,10,72:3b:01:24:b7:c8,168,6,0,0,-18,S,5c:62:8b:66:67:d2"
1791490523.715,"B,32576,10,a6:4c:bd:b6:c7:99,30,1,0,0,-92,S,78:8c:b5:f5:e7:26"
1791490523.715,"B,32576,10,78:8c:b5:f5:e7:26,0,0,30,1,-83,A,78:8c:b5:f5:e7:26"
1791490523.920,"B,32676,10,46:88:44:6e:4f:e4,3403,8,0,0,-25,S,5c:62:8b:66:67:d2"
1791490523.920,"B,32676,10,5c:62:8b:66:67:d2,0,0,3403,8,-49,A,5c:62:8b:66:67:d2"
1791490523.920,"B,32776,10,46:88:44:6e:4f:e4,1144,4,138,1,-25,S,5c:62:8b:66:67:d2"
1791490523.920,"B,32776,10,5c:62:8b:66:67:d2,138,1,1368,12,-50,A,5c:62:8b:66:67:d2"
1791490523.920,"B,32776,10,72:3b:01:24:b7:c8,224,8,0,0,-17,S,5c:62:8b:66:67:d2"
1791490523.920,"B,32776,10,80:af:ca:68:4c:f8,186,2,0,0,-86,A,80:af:ca:68:4c:f8"
1791490523.920,"B,32776,10,52:4b:9a:a2:db:8e,0,0,82,1,0,S,80:af:ca:68:4c:f8"
1791490524.123,"B,32876,10,46:88:44:6e:4f:e4,4217,9,0,0,-25,S,5c:62:8b:66:67:d2"
1791490524.123,"B,32876,10,5c:62:8b:66:67:d2,0,0,4301,12,-49,A,5c:62:8b:66:67:d2"
1791490524.123,"B,32876,10,72:3b:01:24:b7:c8,84,3,0,0,-18,S,5c:62:8b:66:67:d2"
1791490524.123,"B,32876,10,38:d5:7a:f4:5a:37,60,2,0,0,-89,S,8a:ce:16:78:6f:dc"
1791490524.123,"B,32876,10,8a:ce:16:78:6f:dc,0,0,60,2,0,A,8a:ce:16:78:6f:dc"
1791490524.123,"B,32976,10,46:88:44:6e:4f:e4,3753,9,0,0,-25,S,5c:62:8b:66:67:d2"
1791490524.123,"B,32976,10,5c:62:8b:66:67:d2,0,0,3753,9,-49,A,5c:62:8b:66:67:d2"
1791490524.324,"B,33076,10,46:88:44:6e:4f:e4,2703,6,0,0,-25,S,5c:62:8b:66:67:d2"
1791490524.324,"B,33076,10,5c:62:8b:66:67:d2,0,0,2871,12,-50,A,5c:62:8b:66:67:d2"
1791490524.324,"B,33076,10,72:3b:01:24:b7:c8,168,6,0,0,-18,S,5c:62:8b:66:67:d2"
1791490524.324,"B,33176,10,46:88:44:6e:4f:e4,3864,8,0,0,-25,S,5c:62:8b:66:67:d2"
1791490524.324,"B,33176,10,5c:62:8b:66:67:d2,0,0,3892,9,-49,A,5c:62:8b:66:67:d2"
1791490524.324,"B,33176,10,72:3b:01:24:b7:c8,28,1,0,0,-18,S,5c:62:8b:66:67:d2"
1791490524.324,"B,33176,10,78:8c:b5:f5:e7:26,0,0,28,1,-81,A,78:8c:b5:f5:e7:26"
1791490524.324,"B,33176,10,00:08:22:24:d6:fb,28,1,0,0,-78,S,78:8c:b5:f5:e7:26"
1791490524.528,"B,33276,10,46:88:44:6e:4f:e4,3403,8,0,0,-25,S,5c:62:8b:66:67:d2"
1791490524.528,"B,33276,10,5c:62:8b:66:67:d2,0,0,3403,8,-49,A,5c:62:8b:66:67:d2"
1791490524.528,"B,33276,10,a6:4c:bd:b6:c7:99,30,1,0,0,-92,S,78:8c:b5:f5:e7:26"
1791490524.528,"B,33276,10,78:8c:b5:f5:e7:26,0,0,30,1,-87,A,78:8c:b5:f5:e7:26"
1791490524.528,"B,33376,10,46:88:44:6e:4f:e4,1050,3,0,0,-25,S,5c:62:8b:66:67:d2"
1791490524.528,"B,33376,10,5c:62:8b:66:67:d2,0,0,1134,6,-49,A,5c:62:8b:66:67:d2"
1791490524.528,"B,33376,10,72:3b:01:24:b7:c8,84,3,0,0,-18,S,5c:62:8b:66:67:d2"
1791490524.732,"B,33476,10,46:88:44:6e:4f:e4,3053,7,0,0,-25,S,5c:62:8b:66:67:d2"
1791490524.732,"B,33476,10,5c:62:8b:66:67:d2,0,0,3137,10,-49,A,5c:62:8b:66:67:d2"
1791490524.732,"B,33476,10,72:3b:01:24:b7:c8,84,3,0,0,-18,S,5c:62:8b:66:67:d2"
1791490524.732,"B,33476,10,a6:4c:bd:b6:c7:99,30,1,0,0,-91,S,78:8c:b5:f5:e7:26"
1791490524.732,"B,33476,10,78:8c:b5:f5:e7:26,0,0,30,1,-80,A,78:8c:b5:f5:e7:26"
1791490524.732,"B,33576,10,46:88:44:6e:4f:e4,2703,6,0,0,-24,S,5c:62:8b:66:67:d2"
1791490524.732,"B,33576,10,5c:62:8b:66:67:d2,0,0,2703,6,-48,A,5c:62:8b:66:67:d2"
1791490524.732,"B,33576,10,a6:4c:bd:b6:c7:99,30,1,0,0,-88,S,78:8c:b5:f5:e7:26"
1791490524.732,"B,33576,10,78:8c:b5:f5:e7:26,0,0,30,1,-80,A,78:8c:b5:f5:e7:26"
1791490524.937,"B,33676,10,46:88:44:6e:4f:e4,3985,9,0,0,-24,S,5c:62:8b:66:67:d2"
1791490524.937,"B,33676,10,5c:62:8b:66:67:d2,0,0,4181,16,-48,A,5c:62:8b:66:67:d2"
1791490524.937,"B,33676,10,72:3b:01:24:b7:c8,196,7,0,0,-17,S,5c:62:8b:66:67:d2"
1791490524.937,"B,33776,10,46:88:44:6e:4f:e4,2703,6,0,0,-24,S,5c:62:8b:66:67:d2"
1791490524.937,"B,33776,10,5c:62:8b:66:67:d2,0,0,3039,18,-49,A,5c:62:8b:66:67:d2"
1791490524.937,"B,33776,10,72:3b:01:24:b7:c8,336,12,0,0,-18,S,5c:62:8b:66:67:d2"
1791490525.143,"B,33876,10,46:88:44:6e:4f:e4,2703,6,0,0,-25,S,5c:62:8b:66:67:d2"
1791490525.143,"B,33876,10,5c:62:8b:66:67:d2,0,0,2703,6,-49,A,5c:62:8b:66:67:d2"
1791490525.143,"B,33976,10,46:88:44:6e:4f:e4,1078,4,0,0,-25,S,5c:62:8b:66:67:d2"
1791490525.143,"B,33976,10,5c:62:8b:66:67:d2,0,0,1302,12,-49,A,5c:62:8b:66:67:d2"
1791490525.143,"B,33976,10,72:3b:01:24:b7:c8,224,8,0,0,-18,S,5c:62:8b:66:67:d2"
1791490525.348,"B,34076,10,46:88:44:6e:4f:e4,2675,5,0,0,-25,S,5c:62:8b:66:67:d2"
1791490525.348,"B,34076,10,5c:62:8b:66:67:d2,0,0,2703,6,-50,A,5c:62:8b:66:67:d2"
1791490525.348,"B,34076,10,72:3b:01:24:b7:c8,28,1,0,0,-18,S,5c:62:8b:66:67:d2"
1791490525.348,"B,34176,10,46:88:44:6e:4f:e4,5378,11,0,0,-25,S,5c:62:8b:66:67:d2"
1791490525.348,"B,34176,10,5c:62:8b:66:67:d2,0,0,5602,19,-49,A,5c:62:8b:66:67:d2"
1791490525.348,"B,34176,10,72:3b:01:24:b7:c8,196,7,0,0,-17,S,5c:62:8b:66:67:d2"
1791490525.348,"B,34176,10,b2:db:ca:e6:29:a6,28,1,0,0,-21,S,5c:62:8b:66:67:d2"
1791490525.553,"B,34276,10,46:88:44:6e:4f:e4,1428,5,0,0,-25,S,5c:62:8b:66:67:d2"
1791490525.553,"B,34276,10,5c:62:8b:66:67:d2,0,0,1624,12,-49,A,5c:62:8b:66:67:d2"
1791490525.553,"B,34276,10,72:3b:01:24:b7:c8,140,5,0,0,-18,S,5c:62:8b:66:67:d2"
1791490525.553,"B,34276,10,b2:db:ca:e6:29:a6,56,2,0,0,-21,S,5c:62:8b:66:67:d2"
1791490525.553,"B,34376,10,46:88:44:6e:4f:e4,2703,6,0,0,-26,S,5c:62:8b:66:67:d2"
1791490525.553,"B,34376,10,5c:62:8b:66:67:d2,0,0,2759,8,-50,A,5c:62:8b:66:67:d2"
1791490525.553,"B,34376,10,72:3b:01:24:b7:c8,28,1,0,0,-18,S,5c:62:8b:66:67:d2"
1791490525.553,"B,34376,10,b2:db:ca:e6:29:a6,28,1,0,0,-21,S,5c:62:8b:66:67:d2"
1791490525.757,"B,34476,10,46:88:44:6e:4f:e4,3718,6,0,0,-26,S,5c:62:8b:66:67:d2"
1791490525.757,"B,34476,10,5c:62:8b:66:67:d2,0,0,3774,8,-49,A,5c:62:8b:66:67:d2"
1791490525.757,"B,34476,10,b2:db:ca:e6:29:a6,56,2,0,0,-21,S,5c:62:8b:66:67:d2"
1791490525.757,"B,34576,10,46:88:44:6e:4f:e4,3053,7,0,0,-27,S,5c:62:8b:66:67:d2"
1791490525.757,"B,34576,10,5c:62:8b:66:67:d2,0,0,3165,11,-49,A,5c:62:8b:66:67:d2"
1791490525.757,"B,34576,10,72:3b:01:24:b7:c8,84,3,0,0,-17,S,5c:62:8b:66:67:d2"
1791490525.757,"B,34576,10,b2:db:ca:e6:29:a6,28,1,0,0,-21,S,5c:62:8b:66:67:d2"
1791490525.962,"B,34676,10,46:88:44:6e:4f:e4,3053,7,0,0,-27,S,5c:62:8b:66:67:d2"
1791490525.962,"B,34676,10,5c:62:8b:66:67:d2,0,0,3221,13,-49,A,5c:62:8b:66:67:d2"
1791490525.962,"B,34676,10,72:3b:01:24:b7:c8,84,3,0,0,-17,S,5c:62:8b:66:67:d2"
1791490525.962,"B,34676,10,a6:4c:bd:b6:c7:99,30,1,0,0,-94,S,78:8c:b5:f5:e7:26"
1791490525.962,"B,34676,10,78:8c:b5:f5:e7:26,0,0,30,1,-80,A,78:8c:b5:f5:e7:26"
1791490525.962,"B,34676,10,b2:db:ca:e6:29:a6,84,3,0,0,-20,S,5c:62:8b:66:67:d2"
1791490525.962,"B,34776,10,46:88:44:6e:4f:e4,2703,6,0,0,-27,S,5c:62:8b:66:67:d2"
1791490525.962,"B,34776,10,5c:62:8b:66:67:d2,0,0,2787,9,-49,A,5c:62:8b:66:67:d2"
1791490525.962,"B,34776,10,72:3b:01:24:b7:c8,56,2,0,0,-17,S,5c:62:8b:66:67:d2"
1791490525.962,"B,34776,10,a6:4c:bd:b6:c7:99,30,1,0,0,-92,S,78:8c:b5:f5:e7:26"
1791490525.962,"B,34776,10,78:8c:b5:f5:e7:26,0,0,30,1,-80,A,78:8c:b5:f5:e7:26"
1791490525.962,"B,34776,10,b2:db:ca:e6:29:a6,28,1,0,0,-21,S,5c:62:8b:66:67:d2"
1791490526.167,"B,34876,10,46:88:44:6e:4f:e4,1428,5,0,0,-25,S,5c:62:8b:66:67:d2"
1791490526.167,"B,34876,10,5c:62:8b:66:67:d2,0,0,1568,10,-50,A,5c:62:8b:66:67:d2"
1791490526.167,"B,34876,10,72:3b:01:24:b7:c8,84,3,0,0,-18,S,5c:62:8b:66:67:d2"
1791490526.167,"B,34876,10,b2:db:ca:e6:29:a6,56,2,0,0,-21,S,5c:62:8b:66:67:d2"
1791490526.167,"B,34976,10,46:88:44:6e:4f:e4,4761,7,0,0,-25,S,5c:62:8b:66:67:d2"
1791490526.167,"B,34976,10,5c:62:8b:66:67:d2,0,0,4873,11,-49,A,5c:62:8b:66:67:d2"
1791490526.167,"B,34976,10,72:3b:01:24:b7:c8,56,2,0,0,-18,S,5c:62:8b:66:67:d2"
1791490526.167,"B,34976,10,b2:db:ca:e6:29:a6,56,2,0,0,-21,S,5c:62:8b:66:67:d2"
1791490526.369,"B,35076,10,46:88:44:6e:4f:e4,2703,6,0,0,-24,S,5c:62:8b:66:67:d2"
1791490526.369,"B,35076,10,5c:62:8b:66:67:d2,0,0,3011,17,-48,A,5c:62:8b:66:67:d2"
1791490526.369,"B,35076,10,72:3b:01:24:b7:c8,280,10,0,0,-18,S,5c:62:8b:66:67:d2"
1791490526.369,"B,35076,10,b2:db:ca:e6:29:a6,28,1,0,0,-21,S,5c:62:8b:66:67:d2"
1791490526.369,"I,35092,stat,rx=4880,drops=0,ch=10,bin=100,hop=0,heap=203064"
1791490526.369,"B,35176,10,46:88:44:6e:4f:e4,2703,6,0,0,-24,S,5c:62:8b:66:67:d2"
1791490526.369,"B,35176,10,5c:62:8b:66:67:d2,0,0,2843,11,-48,A,5c:62:8b:66:67:d2"
1791490526.369,"B,35176,10,72:3b:01:24:b7:c8,84,3,0,0,-17,S,5c:62:8b:66:67:d2"
1791490526.369,"B,35176,10,a6:4c:bd:b6:c7:99,30,1,0,0,-88,S,78:8c:b5:f5:e7:26"
1791490526.369,"B,35176,10,78:8c:b5:f5:e7:26,0,0,30,1,-81,A,78:8c:b5:f5:e7:26"
1791490526.369,"B,35176,10,b2:db:ca:e6:29:a6,56,2,0,0,-21,S,5c:62:8b:66:67:d2"
1791490526.572,"B,35276,10,46:88:44:6e:4f:e4,2703,6,0,0,-25,S,5c:62:8b:66:67:d2"
1791490526.572,"B,35276,10,5c:62:8b:66:67:d2,0,0,2815,10,-50,A,5c:62:8b:66:67:d2"
1791490526.572,"B,35276,10,72:3b:01:24:b7:c8,84,3,0,0,-17,S,5c:62:8b:66:67:d2"
1791490526.572,"B,35276,10,a6:4c:bd:b6:c7:99,30,1,0,0,-90,S,78:8c:b5:f5:e7:26"
1791490526.572,"B,35276,10,78:8c:b5:f5:e7:26,0,0,30,1,0,A,78:8c:b5:f5:e7:26"
1791490526.572,"B,35276,10,b2:db:ca:e6:29:a6,28,1,0,0,-21,S,5c:62:8b:66:67:d2"
1791490526.572,"B,35376,10,46:88:44:6e:4f:e4,1428,5,0,0,-25,S,5c:62:8b:66:67:d2"
1791490526.572,"B,35376,10,5c:62:8b:66:67:d2,0,0,1484,7,0,A,5c:62:8b:66:67:d2"
1791490526.572,"B,35376,10,a6:4c:bd:b6:c7:99,30,1,0,0,-90,S,78:8c:b5:f5:e7:26"
1791490526.572,"B,35376,10,78:8c:b5:f5:e7:26,0,0,30,1,-80,A,78:8c:b5:f5:e7:26"
1791490526.572,"B,35376,10,b2:db:ca:e6:29:a6,56,2,0,0,-21,S,5c:62:8b:66:67:d2"
1791490526.772,"B,35476,10,46:88:44:6e:4f:e4,2675,5,0,0,-25,S,5c:62:8b:66:67:d2"
1791490526.772,"B,35476,10,5c:62:8b:66:67:d2,0,0,2815,10,-48,A,5c:62:8b:66:67:d2"
1791490526.772,"B,35476,10,72:3b:01:24:b7:c8,84,3,0,0,-18,S,5c:62:8b:66:67:d2"
1791490526.772,"B,35476,10,a6:4c:bd:b6:c7:99,60,2,0,0,-90,S,78:8c:b5:f5:e7:26"
1791490526.772,"B,35476,10,78:8c:b5:f5:e7:26,0,0,60,2,-88,A,78:8c:b5:f5:e7:26"
1791490526.772,"B,35476,10,b0:a7:b9:23:82:ee,0,0,28,1,-86,A,b0:a7:b9:23:82:ee"
1791490526.772,"B,35476,10,b2:db:ca:e6:29:a6,56,2,0,0,-21,S,5c:62:8b:66:67:d2"
1791490526.772,"B,35476,10,e2:5e:2c:92:7b:df,28,1,0,0,-95,S,b0:a7:b9:23:82:ee"
1791490526.772,"B,35576,10,46:88:44:6e:4f:e4,3285,7,0,0,-25,S,5c:62:8b:66:67:d2"
1791490526.772,"B,35576,10,5c:62:8b:66:67:d2,0,0,3397,11,-50,A,5c:62:8b:66:67:d2"
1791490526.772,"B,35576,10,72:3b:01:24:b7:c8,56,2,0,0,-17,S,5c:62:8b:66:67:d2"
1791490526.772,"B,35576,10,b2:db:ca:e6:29:a6,56,2,0,0,-21,S,5c:62:8b:66:67:d2"
1791490526.772,"B,35676,10,46:88:44:6e:4f:e4,2703,6,0,0,-25,S,5c:62:8b:66:67:d2"
1791490526.772,"B,35676,10,5c:62:8b:66:67:d2,0,0,2787,9,-49,A,5c:62:8b:66:67:d2"
1791490526.772,"B,35676,10,72:3b:01:24:b7:c8,28,1,0,0,-18,S,5c:62:8b:66:67:d2"
1791490526.972,"B,35676,10,b2:db:ca:e6:29:a6,56,2,0,0,-21,S,5c:62:8b:66:67:d2"
1791490526.972,"B,35676,10,80:af:ca:68:4c:f8,82,1,0,0,-89,A,80:af:ca:68:4c:f8"
1791490526.972,"B,35676,10,52:f3:8a:4b:ff:ac,0,0,82,1,0,S,80:af:ca:68:4c:f8"
1791490526.972,"B,35776,10,46:88:44:6e:4f:e4,1310,4,0,0,-25,S,5c:62:8b:66:67:d2"
1791490526.972,"B,35776,10,5c:62:8b:66:67:d2,0,0,1590,14,-49,A,5c:62:8b:66:67:d2"
1791490526.972,"B,35776,10,72:3b:01:24:b7:c8,252,9,0,0,-17,S,5c:62:8b:66:67:d2"
1791490526.972,"B,35776,10,b2:db:ca:e6:29:a6,28,1,0,0,-23,S,5c:62:8b:66:67:d2"
1791490526.972,"B,35876,10,46:88:44:6e:4f:e4,3403,8,0,0,-26,S,5c:62:8b:66:67:d2"
1791490526.972,"B,35876,10,5c:62:8b:66:67:d2,0,0,3599,15,-49,A,5c:62:8b:66:67:d2"
1791490526.972,"B,35876,10,72:3b:01:24:b7:c8,140,5,0,0,-17,S,5c:62:8b:66:67:d2"
1791490526.972,"B,35876,10,a6:4c:bd:b6:c7:99,30,1,0,0,-92,S,78:8c:b5:f5:e7:26"
1791490527.172,"B,35876,10,78:8c:b5:f5:e7:26,0,0,30,1,-81,A,78:8c:b5:f5:e7:26"
1791490527.172,"B,35876,10,b2:db:ca:e6:29:a6,56,2,0,0,-21,S,5c:62:8b:66:67:d2"
1791490527.172,"B,35976,10,46:88:44:6e:4f:e4,4356,9,0,0,-26,S,5c:62:8b:66:67:d2"
1791490527.172,"B,35976,10,5c:62:8b:66:67:d2,0,0,4384,10,-49,A,5c:62:8b:66:67:d2"
1791490527.172,"B,35976,10,b2:db:ca:e6:29:a6,28,1,0,0,-21,S,5c:62:8b:66:67:d2"
1791490527.172,"M,36016,slot,3,1"
1791490527.172,"B,36076,10,46:88:44:6e:4f:e4,1428,5,0,0,-27,S,5c:62:8b:66:67:d2"
1791490527.172,"B,36076,10,5c:62:8b:66:67:d2,0,0,1596,11,-48,A,5c:62:8b:66:67:d2"
1791490527.172,"B,36076,10,72:3b:01:24:b7:c8,84,3,0,0,-17,S,5c:62:8b:66:67:d2"
1791490527.374,"B,36076,10,b2:db:ca:e6:29:a6,84,3,0,0,-21,S,5c:62:8b:66:67:d2"
1791490527.374,"B,36176,10,46:88:44:6e:4f:e4,3781,10,0,0,-27,S,5c:62:8b:66:67:d2"
1791490527.374,"B,36176,10,5c:62:8b:66:67:d2,0,0,3977,17,-48,A,5c:62:8b:66:67:d2"
1791490527.374,"B,36176,10,72:3b:01:24:b7:c8,140,5,0,0,-16,S,5c:62:8b:66:67:d2"
1791490527.374,"B,36176,10,b2:db:ca:e6:29:a6,56,2,0,0,-21,S,5c:62:8b:66:67:d2"
1791490527.374,"B,36276,10,46:88:44:6e:4f:e4,3403,8,0,0,-26,S,5c:62:8b:66:67:d2"
1791490527.374,"B,36276,10,5c:62:8b:66:67:d2,0,0,3459,10,-48,A,5c:62:8b:66:67:d2"
1791490527.374,"B,36276,10,72:3b:01:24:b7:c8,56,2,0,0,-17,S,5c:62:8b:66:67:d2"
1791490527.574,"B,36376,10,46:88:44:6e:4f:e4,3053,7,0,0,-26,S,5c:62:8b:66:67:d2"
1791490527.574,"B,36376,10,5c:62:8b:66:67:d2,0,0,3389,19,-48,A,5c:62:8b:66:67:d2"
1791490527.574,"B,36376,10,72:3b:01:24:b7:c8,280,10,0,0,-16,S,5c:62:8b:66:67:d2"
1791490527.574,"B,36376,10,b2:db:ca:e6:29:a6,56,2,0,0,-23,S,5c:62:8b:66:67:d2"
1791490527.574,"B,36476,10,46:88:44:6e:4f:e4,2703,6,0,0,-26,S,5c:62:8b:66:67:d2"
1791490527.574,"B,36476,10,5c:62:8b:66:67:d2,0,0,2815,10,-49,A,5c:62:8b:66:67:d2"
1791490527.774,"B,36476,10,72:3b:01:24:b7:c8,56,2,0,0,-16,S,5c:62:8b:66:67:d2"
1791490527.774,"B,36476,10,b2:db:ca:e6:29:a6,56,2,0,0,-22,S,5c:62:8b:66:67:d2"
1791490527.774,"A,36524,10,80:af:ca:68:4c:f8,-85,Cudy-4CF8"
1791490527.774,"B,36576,10,46:88:44:6e:4f:e4,5839,11,0,0,-26,S,5c:62:8b:66:67:d2"
1791490527.774,"B,36576,10,5c:62:8b:66:67:d2,0,0,5951,15,-48,A,5c:62:8b:66:67:d2"
1791490527.774,"B,36576,10,72:3b:01:24:b7:c8,28,1,0,0,-17,S,5c:62:8b:66:67:d2"
1791490527.774,"B,36576,10,b2:db:ca:e6:29:a6,84,3,0,0,-21,S,5c:62:8b:66:67:d2"
1791490527.774,"B,36676,10,46:88:44:6e:4f:e4,1050,3,0,0,-25,S,5c:62:8b:66:67:d2"
1791490527.774,"B,36676,10,5c:62:8b:66:67:d2,0,0,1246,10,-50,A,5c:62:8b:66:67:d2"
1791490527.774,"B,36676,10,72:3b:01:24:b7:c8,168,6,0,0,-18,S,5c:62:8b:66:67:d2"
1791490527.774,"B,36676,10,b2:db:ca:e6:29:a6,28,1,0,0,-23,S,5c:62:8b:66:67:d2"
1791490527.774,"B,36676,10,80:af:ca:68:4c:f8,246,1,0,0,-85,A,80:af:ca:68:4c:f8"
1791490527.975,"B,36776,10,46:88:44:6e:4f:e4,2703,6,0,0,-25,S,5c:62:8b:66:67:d2"
1791490527.975,"B,36776,10,5c:62:8b:66:67:d2,0,0,2759,8,-49,A,5c:62:8b:66:67:d2"
1791490527.975,"B,36776,10,72:3b:01:24:b7:c8,28,1,0,0,-19,S,5c:62:8b:66:67:d2"
1791490527.975,"B,36776,10,78:8c:b5:f5:e7:26,302,2,0,0,-82,A,78:8c:b5:f5:e7:26"
1791490527.975,"B,36776,10,b2:db:ca:e6:29:a6,28,1,0,0,-21,S,5c:62:8b:66:67:d2"
1791490527.975,"B,36876,10,46:88:44:6e:4f:e4,3025,6,0,0,-25,S,5c:62:8b:66:67:d2"
1791490527.975,"B,36876,10,5c:62:8b:66:67:d2,0,0,3081,8,-49,A,5c:62:8b:66:67:d2"
1791490527.975,"B,36876,10,b2:db:ca:e6:29:a6,56,2,0,0,-21,S,5c:62:8b:66:67:d2"
1791490528.176,"B,36976,10,46:88:44:6e:4f:e4,2703,6,0,0,-25,S,5c:62:8b:66:67:d2"
1791490528.176,"B,36976,10,5c:62:8b:66:67:d2,0,0,2899,13,-48,A,5c:62:8b:66:67:d2"
1791490528.176,"B,36976,10,72:3b:01:24:b7:c8,140,5,0,0,-18,S,5c:62:8b:66:67:d2"
1791490528.176,"B,36976,10,b2:db:ca:e6:29:a6,56,2,0,0,-22,S,5c:62:8b:66:67:d2"
1791490528.176,"B,37076,10,46:88:44:6e:4f:e4,2471,6,0,0,-25,S,5c:62:8b:66:67:d2"
1791490528.176,"B,37076,10,5c:62:8b:66:67:d2,0,0,2583,10,-49,A,5c:62:8b:66:67:d2"
1791490528.176,"B,37076,10,72:3b:01:24:b7:c8,56,2,0,0,-17,S,5c:62:8b:66:67:d2"
1791490528.176,"B,37076,10,b2:db:ca:e6:29:a6,56,2,0,0,-21,S,5c:62:8b:66:67:d2"
1791490528.378,"B,37176,10,46:88:44:6e:4f:e4,2703,6,0,0,-25,S,5c:62:8b:66:67:d2"
1791490528.378,"B,37176,10,5c:62:8b:66:67:d2,0,0,2731,7,-50,A,5c:62:8b:66:67:d2"
1791490528.378,"B,37176,10,b2:db:ca:e6:29:a6,28,1,0,0,-22,S,5c:62:8b:66:67:d2"
1791490528.378,"B,37276,10,46:88:44:6e:4f:e4,1778,6,0,0,-25,S,5c:62:8b:66:67:d2"
1791490528.378,"B,37276,10,5c:62:8b:66:67:d2,0,0,1918,11,-49,A,5c:62:8b:66:67:d2"
1791490528.378,"B,37276,10,72:3b:01:24:b7:c8,140,5,0,0,-18,S,5c:62:8b:66:67:d2"
1791490528.578,"B,37376,10,46:88:44:6e:4f:e4,2675,5,0,0,-25,S,5c:62:8b:66:67:d2"
1791490528.578,"B,37376,10,5c:62:8b:66:67:d2,0,0,2731,7,-49,A,5c:62:8b:66:67:d2"
1791490528.578,"B,37376,10,72:3b:01:24:b7:c8,28,1,0,0,-18,S,5c:62:8b:66:67:d2"
1791490528.578,"B,37376,10,b2:db:ca:e6:29:a6,28,1,0,0,-21,S,5c:62:8b:66:67:d2"
1791490528.578,"B,37476,10,46:88:44:6e:4f:e4,2703,6,0,0,-26,S,5c:62:8b:66:67:d2"
1791490528.578,"B,37476,10,5c:62:8b:66:67:d2,0,0,2955,15,-50,A,5c:62:8b:66:67:d2"
1791490528.578,"B,37476,10,72:3b:01:24:b7:c8,196,7,0,0,-18,S,5c:62:8b:66:67:d2"
1791490528.578,"B,37476,10,b2:db:ca:e6:29:a6,56,2,0,0,-21,S,5c:62:8b:66:67:d2"
1791490528.779,"B,37576,10,46:88:44:6e:4f:e4,4096,8,0,0,-25,S,5c:62:8b:66:67:d2"
1791490528.779,"B,37576,10,5c:62:8b:66:67:d2,0,0,4208,12,-49,A,5c:62:8b:66:67:d2"
1791490528.779,"B,37576,10,72:3b:01:24:b7:c8,56,2,0,0,-18,S,5c:62:8b:66:67:d2"
1791490528.779,"B,37576,10,b2:db:ca:e6:29:a6,56,2,0,0,-22,S,5c:62:8b:66:67:d2"
1791490528.779,"B,37676,10,46:88:44:6e:4f:e4,5139,9,690,5,-25,S,5c:62:8b:66:67:d2"
1791490528.779,"B,37676,10,5c:62:8b:66:67:d2,690,5,5195,11,-50,A,5c:62:8b:66:67:d2"
1791490528.779,"B,37676,10,72:3b:01:24:b7:c8,28,1,0,0,-18,S,5c:62:8b:66:67:d2"
1791490528.779,"B,37676,10,b2:db:ca:e6:29:a6,28,1,0,0,-22,S,5c:62:8b:66:67:d2"
1791490528.980,"B,37776,10,46:88:44:6e:4f:e4,1872,7,0,0,-25,S,5c:62:8b:66:67:d2"
1791490528.980,"B,37776,10,5c:62:8b:66:67:d2,0,0,2208,19,-47,A,5c:62:8b:66:67:d2"
1791490528.980,"B,37776,10,72:3b:01:24:b7:c8,308,11,0,0,-17,S,5c:62:8b:66:67:d2"
1791490528.980,"B,37776,10,b2:db:ca:e6:29:a6,28,1,0,0,-21,S,5c:62:8b:66:67:d2"
1791490528.980,"B,37876,10,46:88:44:6e:4f:e4,2793,6,0,0,-26,S,5c:62:8b:66:67:d2"
1791490528.980,"B,37876,10,5c:62:8b:66:67:d2,0,0,2933,11,-49,A,5c:62:8b:66:67:d2"
1791490528.980,"B,37876,10,72:3b:01:24:b7:c8,84,3,0,0,-17,S,5c:62:8b:66:67:d2"
1791490528.980,"B,37876,10,b2:db:ca:e6:29:a6,56,2,0,0,-22,S,5c:62:8b:66:67:d2"
1791490529.181,"B,37976,10,46:88:44:6e:4f:e4,2703,6,0,0,-26,S,5c:62:8b:66:67:d2"
1791490529.181,"B,37976,10,5c:62:8b:66:67:d2,0,0,2815,10,-49,A,5c:62:8b:66:67:d2"
1791490529.181,"B,37976,10,72:3b:01:24:b7:c8,56,2,0,0,-17,S,5c:62:8b:66:67:d2"
1791490529.181,"B,37976,10,b2:db:ca:e6:29:a6,56,2,0,0,-21,S,5c:62:8b:66:67:d2"
1791490529.181,"B,38076,10,46:88:44:6e:4f:e4,3285,7,123,1,-26,S,5c:62:8b:66:67:d2"
1791490529.181,"B,38076,10,5c:62:8b:66:67:d2,123,1,3453,13,-50,A,5c:62:8b:66:67:d2"
1791490529.181,"B,38076,10,72:3b:01:24:b7:c8,84,3,0,0,-18,S,5c:62:8b:66:67:d2"
1791490529.181,"B,38076,10,78:8c:b5:f5:e7:26,240,3,0,0,-81,A,78:8c:b5:f5:e7:26"
1791490529.181,"B,38076,10,b2:db:ca:e6:29:a6,84,3,0,0,-20,S,5c:62:8b:66:67:d2"
1791490529.381,"B,38176,10,46:88:44:6e:4f:e4,3396,6,0,0,-25,S,5c:62:8b:66:67:d2"
1791490529.381,"B,38176,10,5c:62:8b:66:67:d2,0,0,3564,12,-49,A,5c:62:8b:66:67:d2"
1791490529.381,"B,38176,10,72:3b:01:24:b7:c8,112,4,0,0,-18,S,5c:62:8b:66:67:d2"
1791490529.381,"B,38176,10,a6:4c:bd:b6:c7:99,60,2,0,0,-93,S,78:8c:b5:f5:e7:26"
1791490529.381,"B,38176,10,78:8c:b5:f5:e7:26,0,0,60,2,0,A,78:8c:b5:f5:e7:26"
1791490529.381,"B,38176,10,b2:db:ca:e6:29:a6,56,2,0,0,-22,S,5c:62:8b:66:67:d2"
1791490529.381,"B,38276,10,46:88:44:6e:4f:e4,3847,10,0,0,-25,S,5c:62:8b:66:67:d2"
1791490529.381,"B,38276,10,5c:62:8b:66:67:d2,0,0,3903,12,-49,A,5c:62:8b:66:67:d2"
1791490529.381,"B,38276,10,72:3b:01:24:b7:c8,28,1,0,0,-18,S,5c:62:8b:66:67:d2"
1791490529.381,"B,38276,10,b2:db:ca:e6:29:a6,28,1,0,0,-21,S,5c:62:8b:66:67:d2"
1791490529.381,"B,38276,10,80:af:ca:68:4c:f8,330,1,0,0,-85,A,80:af:ca:68:4c:f8"
1791490529.584,"B,38376,10,46:88:44:6e:4f:e4,2121,5,0,0,-25,S,5c:62:8b:66:67:d2"
1791490529.584,"B,38376,10,5c:62:8b:66:67:d2,0,0,2317,12,-49,A,5c:62:8b:66:67:d2"
1791490529.584,"B,38376,10,72:3b:01:24:b7:c8,140,5,0,0,-17,S,5c:62:8b:66:67:d2"
1791490529.584,"B,38376,10,b2:db:ca:e6:29:a6,56,2,0,0,-21,S,5c:62:8b:66:67:d2"
1791490529.584,"B,38376,10,80:af:ca:68:4c:f8,84,1,0,0,-85,A,80:af:ca:68:4c:f8"
1791490529.584,"B,38476,10,46:88:44:6e:4f:e4,1078,4,0,0,-26,S,5c:62:8b:66:67:d2"
1791490529.584,"B,38476,10,5c:62:8b:66:67:d2,0,0,1190,8,-49,A,5c:62:8b:66:67:d2"
1791490529.584,"B,38476,10,72:3b:01:24:b7:c8,84,3,0,0,-17,S,5c:62:8b:66:67:d2"
1791490529.584,"B,38476,10,b2:db:ca:e6:29:a6,28,1,0,0,-22,S,5c:62:8b:66:67:d2"
1791490529.787,"B,38576,10,46:88:44:6e:4f:e4,3025,6,0,0,-26,S,5c:62:8b:66:67:d2"
1791490529.787,"B,38576,10,5c:62:8b:66:67:d2,0,0,3277,15,-48,A,5c:62:8b:66:67:d2"
1791490529.787,"B,38576,10,72:3b:01:24:b7:c8,168,6,0,0,-17,S,5c:62:8b:66:67:d2"
1791490529.787,"B,38576,10,b2:db:ca:e6:29:a6,84,3,0,0,-21,S,5c:62:8b:66:67:d2"
1791490529.787,"B,38676,10,46:88:44:6e:4f:e4,2703,6,0,0,-27,S,5c:62:8b:66:67:d2"
1791490529.787,"B,38676,10,5c:62:8b:66:67:d2,0,0,2759,8,-48,A,5c:62:8b:66:67:d2"
1791490529.787,"B,38676,10,b2:db:ca:e6:29:a6,56,2,0,0,-20,S,5c:62:8b:66:67:d2"
1791490529.990,"B,38776,10,46:88:44:6e:4f:e4,3053,7,0,0,-27,S,5c:62:8b:66:67:d2"
1791490529.990,"B,38776,10,5c:62:8b:66:67:d2,0,0,3137,10,-49,A,5c:62:8b:66:67:d2"
1791490529.990,"B,38776,10,72:3b:01:24:b7:c8,56,2,0,0,-18,S,5c:62:8b:66:67:d2"
1791490529.990,"B,38776,10,b2:db:ca:e6:29:a6,28,1,0,0,-23,S,5c:62:8b:66:67:d2"
1791490529.990,"B,38876,10,46:88:44:6e:4f:e4,3403,8,0,0,-26,S,5c:62:8b:66:67:d2"
1791490529.990,"B,38876,10,5c:62:8b:66:67:d2,0,0,3683,18,-49,A,5c:62:8b:66:67:d2"
1791490529.990,"B,38876,10,72:3b:01:24:b7:c8,224,8,0,0,-18,S,5c:62:8b:66:67:d2"
1791490529.990,"B,38876,10,b2:db:ca:e6:29:a6,56,2,0,0,-21,S,5c:62:8b:66:67:d2"
1791490529.990,"B,38876,10,80:af:ca:68:4c:f8,104,1,0,0,-86,A,80:af:ca:68:4c:f8"
1791490530.190,"B,38976,10,46:88:44:6e:4f:e4,2703,6,0,0,-26,S,5c:62:8b:66:67:d2"
1791490530.190,"B,38976,10,5c:62:8b:66:67:d2,0,0,2759,8,-48,A,5c:62:8b:66:67:d2"
1791490530.190,"B,38976,10,b2:db:ca:e6:29:a6,56,2,0,0,-21,S,5c:62:8b:66:67:d2"
1791490530.190,"B,39076,10,46:88:44:6e:4f:e4,1750,5,0,0,-26,S,5c:62:8b:66:67:d2"
1791490530.190,"B,39076,10,5c:62:8b:66:67:d2,0,0,1862,9,-51,A,5c:62:8b:66:67:d2"
1791490530.190,"B,39076,10,72:3b:01:24:b7:c8,56,2,0,0,-17,S,5c:62:8b:66:67:d2"
1791490530.190,"B,39076,10,78:8c:b5:f5:e7:26,80,1,0,0,-80,A,78:8c:b5:f5:e7:26"
1791490530.190,"B,39076,10,b2:db:ca:e6:29:a6,56,2,0,0,-21,S,5c:62:8b:66:67:d2"
1791490530.190,"B,39076,10,80:af:ca:68:4c:f8,1612,3,0,0,-85,A,80:af:ca:68:4c:f8"
1791490530.395,"B,39176,10,46:88:44:6e:4f:e4,3403,8,0,0,-26,S,5c:62:8b:66:67:d2"
1791490530.395,"B,39176,10,5c:62:8b:66:67:d2,0,0,3599,15,-51,A,5c:62:8b:66:67:d2"
1791490530.395,"B,39176,10,72:3b:01:24:b7:c8,140,5,0,0,-17,S,5c:62:8b:66:67:d2"
1791490530.395,"B,39176,10,b2:db:ca:e6:29:a6,56,2,0,0,-21,S,5c:62:8b:66:67:d2"
1791490530.395,"B,39276,10,46:88:44:6e:4f:e4,5728,12,0,0,-29,S,5c:62:8b:66:67:d2"
1791490530.395,"B,39276,10,5c:62:8b:66:67:d2,0,0,5756,13,-49,A,5c:62:8b:66:67:d2"
1791490530.395,"B,39276,10,b2:db:ca:e6:29:a6,28,1,0,0,-22,S,5c:62:8b:66:67:d2"
1791490530.395,"B,39276,10,80:af:ca:68:4c:f8,1362,3,0,0,-83,A,80:af:ca:68:4c:f8"
1791490530.598,"B,39376,10,46:88:44:6e:4f:e4,3053,7,0,0,-28,S,5c:62:8b:66:67:d2"
1791490530.598,"B,39376,10,5c:62:8b:66:67:d2,0,0,3193,12,-50,A,5c:62:8b:66:67:d2"
1791490530.598,"B,39376,10,72:3b:01:24:b7:c8,84,3,0,0,-17,S,5c:62:8b:66:67:d2"
1791490530.598,"B,39376,10,b2:db:ca:e6:29:a6,56,2,0,0,-21,S,5c:62:8b:66:67:d2"
1791490530.598,"B,39476,10,46:88:44:6e:4f:e4,3053,7,0,0,-28,S,5c:62:8b:66:67:d2"
1791490530.598,"B,39476,10,5c:62:8b:66:67:d2,0,0,3277,15,-52,A,5c:62:8b:66:67:d2"
1791490530.598,"B,39476,10,72:3b:01:24:b7:c8,168,6,0,0,-17,S,5c:62:8b:66:67:d2"
1791490530.598,"B,39476,10,b2:db:ca:e6:29:a6,56,2,0,0,-21,S,5c:62:8b:66:67:d2"
1791490530.598,"B,39476,10,80:af:ca:68:4c:f8,82,1,0,0,-87,A,80:af:ca:68:4c:f8"
1791490530.598,"B,39476,10,52:f3:8a:4b:ff:ac,0,0,82,1,0,S,80:af:ca:68:4c:f8"
1791490530.803,"B,39576,10,46:88:44:6e:4f:e4,2353,5,0,0,-28,S,5c:62:8b:66:67:d2"
1791490530.803,"B,39576,10,5c:62:8b:66:67:d2,0,0,2381,6,-49,A,5c:62:8b:66:67:d2"
1791490530.803,"B,39576,10,b2:db:ca:e6:29:a6,28,1,0,0,-21,S,5c:62:8b:66:67:d2"
1791490530.803,"B,39676,10,46:88:44:6e:4f:e4,1750,5,0,0,-28,S,5c:62:8b:66:67:d2"
1791490530.803,"B,39676,10,5c:62:8b:66:67:d2,0,0,1946,12,0,A,5c:62:8b:66:67:d2"
1791490530.803,"B,39676,10,72:3b:01:24:b7:c8,196,7,0,0,-17,S,5c:62:8b:66:67:d2"
1791490531.003,"B,39776,10,46:88:44:6e:4f:e4,2759,8,0,0,-29,S,5c:62:8b:66:67:d2"
1791490531.003,"B,39776,10,5c:62:8b:66:67:d2,0,0,2927,14,-50,A,5c:62:8b:66:67:d2"
1791490531.003,"B,39776,10,72:3b:01:24:b7:c8,168,6,0,0,-17,S,5c:62:8b:66:67:d2"
1791490531.003,"B,39876,10,46:88:44:6e:4f:e4,2360,7,0,0,-28,S,5c:62:8b:66:67:d2"
1791490531.003,"B,39876,10,5c:62:8b:66:67:d2,0,0,2388,8,-48,A,5c:62:8b:66:67:d2"
1791490531.003,"B,39876,10,72:3b:01:24:b7:c8,28,1,0,0,-17,S,5c:62:8b:66:67:d2"
1791490531.204,"B,39976,10,46:88:44:6e:4f:e4,2703,6,0,0,-28,S,5c:62:8b:66:67:d2"
1791490531.204,"B,39976,10,5c:62:8b:66:67:d2,0,0,2927,14,-50,A,5c:62:8b:66:67:d2"
1791490531.204,"B,39976,10,72:3b:01:24:b7:c8,224,8,0,0,-17,S,5c:62:8b:66:67:d2"
1791490531.204,"B,40076,10,46:88:44:6e:4f:e4,3053,7,0,0,-28,S,5c:62:8b:66:67:d2"
1791490531.204,"B,40076,10,5c:62:8b:66:67:d2,0,0,3081,8,-50,A,5c:62:8b:66:67:d2"
1791490531.204,"B,40076,10,72:3b:01:24:b7:c8,28,1,0,0,-17,S,5c:62:8b:66:67:d2"
1791490531.204,"B,40076,10,78:8c:b5:f5:e7:26,80,1,0,0,-81,A,78:8c:b5:f5:e7:26"
1791490531.204,"I,40092,stat,rx=5649,drops=0,ch=10,bin=100,hop=0,heap=203064"
1791490531.407,"B,40176,10,46:88:44:6e:4f:e4,4446,9,0,0,-27,S,5c:62:8b:66:67:d2"
1791490531.407,"B,40176,10,5c:62:8b:66:67:d2,0,0,4558,13,-50,A,5c:62:8b:66:67:d2"
1791490531.407,"B,40176,10,72:3b:01:24:b7:c8,112,4,0,0,-17,S,5c:62:8b:66:67:d2"
1791490531.407,"B,40276,10,46:88:44:6e:4f:e4,1050,3,0,0,-28,S,5c:62:8b:66:67:d2"
1791490531.407,"B,40276,10,5c:62:8b:66:67:d2,0,0,1246,10,-48,A,5c:62:8b:66:67:d2"
1791490531.407,"B,40276,10,72:3b:01:24:b7:c8,196,7,0,0,-17,S,5c:62:8b:66:67:d2"
1791490531.609,"B,40376,10,46:88:44:6e:4f:e4,2703,6,0,0,-27,S,5c:62:8b:66:67:d2"
1791490531.609,"B,40376,10,5c:62:8b:66:67:d2,0,0,2787,9,-49,A,5c:62:8b:66:67:d2"
1791490531.609,"B,40376,10,72:3b:01:24:b7:c8,56,2,0,0,-17,S,5c:62:8b:66:67:d2"
1791490531.609,"B,40376,10,b2:db:ca:e6:29:a6,28,1,0,0,-20,S,5c:62:8b:66:67:d2"
1791490531.609,"B,40476,10,46:88:44:6e:4f:e4,3746,7,0,0,-27,S,5c:62:8b:66:67:d2"
1791490531.609,"B,40476,10,5c:62:8b:66:67:d2,0,0,3886,12,-50,A,5c:62:8b:66:67:d2"
1791490531.609,"B,40476,10,72:3b:01:24:b7:c8,84,3,0,0,-17,S,5c:62:8b:66:67:d2"
1791490531.609,"B,40476,10,b2:db:ca:e6:29:a6,56,2,0,0,-20,S,5c:62:8b:66:67:d2"
1791490531.813,"B,40576,10,46:88:44:6e:4f:e4,2703,6,0,0,-28,S,5c:62:8b:66:67:d2"
1791490531.813,"B,40576,10,5c:62:8b:66:67:d2,0,0,2815,10,-50,A,5c:62:8b:66:67:d2"
1791490531.813,"B,40576,10,72:3b:01:24:b7:c8,56,2,0,0,-17,S,5c:62:8b:66:67:d2"
1791490531.813,"B,40576,10,b2:db:ca:e6:29:a6,56,2,0,0,-21,S,5c:62:8b:66:67:d2"
1791490531.813,"B,40676,10,46:88:44:6e:4f:e4,2360,7,0,0,-28,S,5c:62:8b:66:67:d2"
1791490531.813,"B,40676,10,5c:62:8b:66:67:d2,0,0,2416,9,-50,A,5c:62:8b:66:67:d2"
1791490531.813,"B,40676,10,72:3b:01:24:b7:c8,28,1,0,0,-17,S,5c:62:8b:66:67:d2"
1791490531.813,"B,40676,10,b2:db:ca:e6:29:a6,28,1,0,0,-20,S,5c:62:8b:66:67:d2"
1791490532.017,"B,40776,10,46:88:44:6e:4f:e4,1050,3,0,0,-28,S,5c:62:8b:66:67:d2"
1791490532.017,"B,40776,10,5c:62:8b:66:67:d2,0,0,1162,7,-51,A,5c:62:8b:66:67:d2"
1791490532.017,"B,40776,10,72:3b:01:24:b7:c8,112,4,0,0,-17,S,5c:62:8b:66:67:d2"
1791490532.017,"B,40876,10,46:88:44:6e:4f:e4,3053,7,0,0,-28,S,5c:62:8b:66:67:d2"
1791490532.017,"B,40876,10,5c:62:8b:66:67:d2,0,0,3081,8,-51,A,5c:62:8b:66:67:d2"
1791490532.017,"B,40876,10,72:3b:01:24:b7:c8,28,1,0,0,-18,S,5c:62:8b:66:67:d2"
1791490532.222,"B,40976,10,46:88:44:6e:4f:e4,3403,8,0,0,-28,S,5c:62:8b:66:67:d2"
1791490532.222,"B,40976,10,5c:62:8b:66:67:d2,0,0,3487,11,-50,A,5c:62:8b:66:67:d2"
1791490532.222,"B,40976,10,72:3b:01:24:b7:c8,56,2,0,0,-17,S,5c:62:8b:66:67:d2"
1791490532.222,"B,40976,10,b2:db:ca:e6:29:a6,28,1,0,0,-22,S,5c:62:8b:66:67:d2"
1791490532.222,"B,41076,10,46:88:44:6e:4f:e4,2703,6,0,0,-28,S,5c:62:8b:66:67:d2"
1791490532.222,"B,41076,10,5c:62:8b:66:67:d2,0,0,2815,10,-51,A,5c:62:8b:66:67:d2"
1791490532.222,"B,41076,10,72:3b:01:24:b7:c8,84,3,0,0,-17,S,5c:62:8b:66:67:d2"
1791490532.222,"B,41076,10,b2:db:ca:e6:29:a6,28,1,0,0,-21,S,5c:62:8b:66:67:d2"
1791490532.222,"M,41095,slot,4,0"
1791490532.425,"B,41176,10,46:88:44:6e:4f:e4,5860,10,0,0,-27,S,5c:62:8b:66:67:d2"
1791490532.425,"B,41176,10,5c:62:8b:66:67:d2,0,0,6000,15,-52,A,5c:62:8b:66:67:d2"
1791490532.425,"B,41176,10,72:3b:01:24:b7:c8,84,3,0,0,-18,S,5c:62:8b:66:67:d2"
1791490532.425,"B,41176,10,b2:db:ca:e6:29:a6,56,2,0,0,-22,S,5c:62:8b:66:67:d2"
1791490532.425,"B,41276,10,46:88:44:6e:4f:e4,2703,6,0,0,-27,S,5c:62:8b:66:67:d2"
1791490532.425,"B,41276,10,5c:62:8b:66:67:d2,0,0,2843,11,-49,A,5c:62:8b:66:67:d2"
1791490532.425,"B,41276,10,72:3b:01:24:b7:c8,84,3,0,0,-17,S,5c:62:8b:66:67:d2"
1791490532.425,"B,41276,10,b2:db:ca:e6:29:a6,56,2,0,0,-22,S,5c:62:8b:66:67:d2"
1791490532.425,"B,41276,10,80:af:ca:68:4c:f8,310,1,0,0,-83,A,80:af:ca:68:4c:f8"
1791490532.630,"B,41376,10,46:88:44:6e:4f:e4,3985,9,0,0,-28,S,5c:62:8b:66:67:d2"
1791490532.630,"B,41376,10,5c:62:8b:66:67:d2,0,0,4125,14,-50,A,5c:62:8b:66:67:d2"
1791490532.630,"B,41376,10,72:3b:01:24:b7:c8,140,5,0,0,-17,S,5c:62:8b:66:67:d2"
1791490532.630,"B,41376,10,80:af:ca:68:4c:f8,330,1,0,0,-83,A,80:af:ca:68:4c:f8"
1791490532.630,"B,41476,10,46:88:44:6e:4f:e4,1050,3,0,0,-28,S,5c:62:8b:66:67:d2"
1791490532.630,"B,41476,10,5c:62:8b:66:67:d2,0,0,1246,10,-50,A,5c:62:8b:66:67:d2"
1791490532.630,"B,41476,10,72:3b:01:24:b7:c8,140,5,0,0,-17,S,5c:62:8b:66:67:d2"
1791490532.630,"B,41476,10,b2:db:ca:e6:29:a6,56,2,0,0,-20,S,5c:62:8b:66:67:d2"
1791490532.832,"B,41576,10,46:88:44:6e:4f:e4,3053,7,0,0,-27,S,5c:62:8b:66:67:d2"
1791490532.832,"B,41576,10,5c:62:8b:66:67:d2,0,0,3109,9,-50,A,5c:62:8b:66:67:d2"
1791490532.832,"B,41576,10,72:3b:01:24:b7:c8,28,1,0,0,-17,S,5c:62:8b:66:67:d2"
1791490532.832,"B,41576,10,b2:db:ca:e6:29:a6,28,1,0,0,-22,S,5c:62:8b:66:67:d2"
1791490532.832,"B,41676,10,46:88:44:6e:4f:e4,3053,7,0,0,-27,S,5c:62:8b:66:67:d2"
1791490532.832,"B,41676,10,5c:62:8b:66:67:d2,0,0,3249,14,-49,A,5c:62:8b:66:67:d2"
1791490532.832,"B,41676,10,72:3b:01:24:b7:c8,140,5,0,0,-17,S,5c:62:8b:66:67:d2"
1791490532.832,"B,41676,10,b2:db:ca:e6:29:a6,56,2,0,0,-22,S,5c:62:8b:66:67:d2"
1791490533.036,"B,41776,10,46:88:44:6e:4f:e4,5721,10,0,0,-27,S,5c:62:8b:66:67:d2"
1791490533.036,"B,41776,10,5c:62:8b:66:67:d2,0,0,5833,14,-51,A,5c:62:8b:66:67:d2"
1791490533.036,"B,41776,10,72:3b:01:24:b7:c8,112,4,0,0,-17,S,5c:62:8b:66:67:d2"
1791490533.036,"B,41876,10,46:88:44:6e:4f:e4,3285,7,0,0,-28,S,5c:62:8b:66:67:d2"
1791490533.036,"B,41876,10,5c:62:8b:66:67:d2,0,0,3341,9,-50,A,5c:62:8b:66:67:d2"
1791490533.036,"B,41876,10,72:3b:01:24:b7:c8,28,1,0,0,-17,S,5c:62:8b:66:67:d2"
1791490533.036,"B,41876,10,b2:db:ca:e6:29:a6,28,1,0,0,-22,S,5c:62:8b:66:67:d2"
1791490533.240,"B,41976,10,46:88:44:6e:4f:e4,1078,4,0,0,-28,S,5c:62:8b:66:67:d2"
1791490533.240,"B,41976,10,5c:62:8b:66:67:d2,0,0,1106,5,-51,A,5c:62:8b:66:67:d2"
1791490533.240,"B,41976,10,b2:db:ca:e6:29:a6,28,1,0,0,-22,S,5c:62:8b:66:67:d2"
1791490533.240,"B,42076,10,46:88:44:6e:4f:e4,2675,5,0,0,-28,S,5c:62:8b:66:67:d2"
1791490533.240,"B,42076,10,5c:62:8b:66:67:d2,0,0,2731,7,-50,A,5c:62:8b:66:67:d2"
1791490533.240,"B,42076,10,72:3b:01:24:b7:c8,56,2,0,0,-20,S,5c:62:8b:66:67:d2"
1791490533.444,"B,42176,10,46:88:44:6e:4f:e4,2360,7,0,0,-28,S,5c:62:8b:66:67:d2"
1791490533.444,"B,42176,10,5c:62:8b:66:67:d2,0,0,2962,12,-49,A,5c:62:8b:66:67:d2"
1791490533.444,"B,42176,10,72:3b:01:24:b7:c8,56,2,0,0,-17,S,5c:62:8b:66:67:d2"
1791490533.444,"B,42176,10,b2:db:ca:e6:29:a6,546,3,0,0,-21,S,5c:62:8b:66:67:d2"
1791490533.444,"B,42276,10,46:88:44:6e:4f:e4,2703,6,0,0,-28,S,5c:62:8b:66:67:d2"
1791490533.444,"B,42276,10,5c:62:8b:66:67:d2,0,0,2787,9,-49,A,5c:62:8b:66:67:d2"
1791490533.444,"B,42276,10,b2:db:ca:e6:29:a6,84,3,0,0,-20,S,5c:62:8b:66:67:d2"
1791490533.649,"B,42376,10,46:88:44:6e:4f:e4,4446,9,0,0,-28,S,5c:62:8b:66:67:d2"
1791490533.649,"B,42376,10,5c:62:8b:66:67:d2,0,0,4586,14,-50,A,5c:62:8b:66:67:d2"
1791490533.649,"B,42376,10,72:3b:01:24:b7:c8,84,3,0,0,-17,S,5c:62:8b:66:67:d2"
1791490533.649,"B,42376,10,b2:db:ca:e6:29:a6,56,2,0,0,-21,S,5c:62:8b:66:67:d2"
1791490533.649,"B,42476,10,46:88:44:6e:4f:e4,3635,8,0,0,-28,S,5c:62:8b:66:67:d2"
1791490533.649,"B,42476,10,5c:62:8b:66:67:d2,0,0,3831,15,-50,A,5c:62:8b:66:67:d2"
1791490533.649,"B,42476,10,72:3b:01:24:b7:c8,140,5,0,0,-17,S,5c:62:8b:66:67:d2"
1791490533.649,"B,42476,10,b2:db:ca:e6:29:a6,56,2,0,0,-21,S,5c:62:8b:66:67:d2"
1791490533.854,"B,42576,10,46:88:44:6e:4f:e4,3053,7,0,0,-28,S,5c:62:8b:66:67:d2"
1791490533.854,"B,42576,10,5c:62:8b:66:67:d2,0,0,3081,8,-51,A,5c:62:8b:66:67:d2"
1791490533.854,"B,42576,10,b2:db:ca:e6:29:a6,28,1,0,0,-21,S,5c:62:8b:66:67:d2"
1791490533.854,"B,42676,10,46:88:44:6e:4f:e4,2800,8,1242,9,-27,S,5c:62:8b:66:67:d2"
1791490533.854,"B,42676,10,5c:62:8b:66:67:d2,1242,9,2912,12,-51,A,5c:62:8b:66:67:d2"
1791490533.854,"B,42676,10,72:3b:01:24:b7:c8,84,3,0,0,-17,S,5c:62:8b:66:67:d2"
1791490533.854,"B,42676,10,b2:db:ca:e6:29:a6,28,1,0,0,-22,S,5c:62:8b:66:67:d2"
1791490534.055,"B,42776,10,46:88:44:6e:4f:e4,2215,6,0,0,-28,S,5c:62:8b:66:67:d2"
1791490534.055,"B,42776,10,5c:62:8b:66:67:d2,0,0,2467,15,-50,A,5c:62:8b:66:67:d2"
1791490534.055,"B,42776,10,72:3b:01:24:b7:c8,196,7,0,0,-17,S,5c:62:8b:66:67:d2"
1791490534.055,"B,42776,10,b2:db:ca:e6:29:a6,56,2,0,0,-21,S,5c:62:8b:66:67:d2"
1791490534.055,"B,42776,10,80:af:ca:68:4c:f8,104,1,0,0,-86,A,80:af:ca:68:4c:f8"
1791490534.055,"B,42876,10,46:88:44:6e:4f:e4,2703,6,0,0,-27,S,5c:62:8b:66:67:d2"
1791490534.055,"B,42876,10,5c:62:8b:66:67:d2,0,0,2731,7,-50,A,5c:62:8b:66:67:d2"
1791490534.055,"B,42876,10,b2:db:ca:e6:29:a6,28,1,0,0,-22,S,5c:62:8b:66:67:d2"
1791490534.055,"B,42876,10,38:d5:7a:f4:5a:37,30,1,0,0,-90,S,8a:ce:16:78:6f:dc"
1791490534.055,"B,42876,10,8a:ce:16:78:6f:dc,0,0,30,1,0,A,8a:ce:16:78:6f:dc"
1791490534.256,"B,42976,10,46:88:44:6e:4f:e4,3867,8,0,0,-27,S,5c:62:8b:66:67:d2"
1791490534.256,"B,42976,10,5c:62:8b:66:67:d2,0,0,4063,15,-51,A,5c:62:8b:66:67:d2"
1791490534.256,"B,42976,10,72:3b:01:24:b7:c8,168,6,0,0,-17,S,5c:62:8b:66:67:d2"
1791490534.256,"B,42976,10,b2:db:ca:e6:29:a6,28,1,0,0,-20,S,5c:62:8b:66:67:d2"
1791490534.256,"B,43076,10,46:88:44:6e:4f:e4,1428,5,0,0,-27,S,5c:62:8b:66:67:d2"
1791490534.256,"B,43076,10,5c:62:8b:66:67:d2,0,0,1568,10,-48,A,5c:62:8b:66:67:d2"
1791490534.256,"B,43076,10,72:3b:01:24:b7:c8,84,3,0,0,-17,S,5c:62:8b:66:67:d2"
1791490534.256,"B,43076,10,b2:db:ca:e6:29:a6,56,2,0,0,-22,S,5c:62:8b:66:67:d2"
1791490534.459,"B,43176,10,46:88:44:6e:4f:e4,3718,6,0,0,-28,S,5c:62:8b:66:67:d2"
1791490534.459,"B,43176,10,5c:62:8b:66:67:d2,0,0,3830,10,-48,A,5c:62:8b:66:67:d2"
1791490534.459,"B,43176,10,72:3b:01:24:b7:c8,84,3,0,0,-17,S,5c:62:8b:66:67:d2"
1791490534.459,"B,43176,10,b2:db:ca:e6:29:a6,28,1,0,0,-18,S,5c:62:8b:66:67:d2"
1791490534.459,"B,43276,10,46:88:44:6e:4f:e4,4096,8,0,0,-28,S,5c:62:8b:66:67:d2"
1791490534.459,"B,43276,10,5c:62:8b:66:67:d2,1400,4,4348,17,-50,A,5c:62:8b:66:67:d2"
1791490534.459,"B,43276,10,72:3b:01:24:b7:c8,196,7,1400,4,-17,S,5c:62:8b:66:67:d2"
1791490534.459,"B,43276,10,b2:db:ca:e6:29:a6,56,2,0,0,-21,S,5c:62:8b:66:67:d2"
1791490534.662,"B,43376,10,46:88:44:6e:4f:e4,3053,7,0,0,-28,S,5c:62:8b:66:67:d2"
1791490534.662,"B,43376,10,5c:62:8b:66:67:d2,0,0,3221,13,-50,A,5c:62:8b:66:67:d2"
1791490534.662,"B,43376,10,72:3b:01:24:b7:c8,112,4,0,0,-17,S,5c:62:8b:66:67:d2"
1791490534.662,"B,43376,10,b2:db:ca:e6:29:a6,56,2,0,0,-21,S,5c:62:8b:66:67:d2"
1791490534.662,"B,43476,10,46:88:44:6e:4f:e4,2703,6,0,0,-28,S,5c:62:8b:66:67:d2"
1791490534.662,"B,43476,10,5c:62:8b:66:67:d2,0,0,2815,10,-50,A,5c:62:8b:66:67:d2"
1791490534.662,"B,43476,10,72:3b:01:24:b7:c8,84,3,0,0,-17,S,5c:62:8b:66:67:d2"
1791490534.662,"B,43476,10,b2:db:ca:e6:29:a6,28,1,0,0,-22,S,5c:62:8b:66:67:d2"
1791490534.867,"B,43576,10,46:88:44:6e:4f:e4,3746,7,0,0,-28,S,5c:62:8b:66:67:d2"
1791490534.867,"B,43576,10,5c:62:8b:66:67:d2,0,0,3970,15,-50,A,5c:62:8b:66:67:d2"
1791490534.867,"B,43576,10,72:3b:01:24:b7:c8,196,7,0,0,-17,S,5c:62:8b:66:67:d2"
1791490534.867,"B,43576,10,b2:db:ca:e6:29:a6,28,1,0,0,-20,S,5c:62:8b:66:67:d2"
1791490534.867,"B,43676,10,46:88:44:6e:4f:e4,3746,7,0,0,-28,S,5c:62:8b:66:67:d2"
1791490534.867,"B,43676,10,5c:62:8b:66:67:d2,2675,5,3886,12,-51,A,5c:62:8b:66:67:d2"
1791490534.867,"B,43676,10,72:3b:01:24:b7:c8,84,3,2675,5,-17,S,5c:62:8b:66:67:d2"
1791490534.867,"B,43676,10,b2:db:ca:e6:29:a6,56,2,0,0,-21,S,5c:62:8b:66:67:d2"
1791490535.070,"B,43776,10,46:88:44:6e:4f:e4,1778,6,0,0,-28,S,5c:62:8b:66:67:d2"
1791490535.070,"B,43776,10,5c:62:8b:66:67:d2,0,0,1862,9,-48,A,5c:62:8b:66:67:d2"
1791490535.070,"B,43776,10,72:3b:01:24:b7:c8,56,2,0,0,-17,S,5c:62:8b:66:67:d2"
1791490535.070,"B,43776,10,b2:db:ca:e6:29:a6,28,1,0,0,-22,S,5c:62:8b:66:67:d2"
1791490535.070,"B,43876,10,46:88:44:6e:4f:e4,2675,5,0,0,-28,S,5c:62:8b:66:67:d2"
1791490535.070,"B,43876,10,5c:62:8b:66:67:d2,0,0,2871,12,-50,A,5c:62:8b:66:67:d2"
1791490535.070,"B,43876,10,72:3b:01:24:b7:c8,168,6,0,0,-17,S,5c:62:8b:66:67:d2"
1791490535.070,"B,43876,10,b2:db:ca:e6:29:a6,28,1,0,0,-22,S,5c:62:8b:66:67:d2"
1791490535.270,"B,43976,10,46:88:44:6e:4f:e4,7232,13,0,0,-28,S,5c:62:8b:66:67:d2"
1791490535.270,"B,43976,10,5c:62:8b:66:67:d2,0,0,7428,20,0,A,5c:62:8b:66:67:d2"
1791490535.270,"B,43976,10,72:3b:01:24:b7:c8,112,4,0,0,-17,S,5c:62:8b:66:67:d2"
1791490535.270,"B,43976,10,b2:db:ca:e6:29:a6,84,3,0,0,-21,S,5c:62:8b:66:67:d2"
1791490535.270,"B,44076,10,46:88:44:6e:4f:e4,4789,8,0,0,-27,S,5c:62:8b:66:67:d2"
1791490535.270,"B,44076,10,5c:62:8b:66:67:d2,0,0,5013,16,-51,A,5c:62:8b:66:67:d2"
1791490535.270,"B,44076,10,72:3b:01:24:b7:c8,196,7,0,0,-17,S,5c:62:8b:66:67:d2"
1791490535.270,"B,44076,10,b2:db:ca:e6:29:a6,28,1,0,0,-23,S,5c:62:8b:66:67:d2"
1791490535.471,"B,44176,10,46:88:44:6e:4f:e4,4789,8,0,0,-27,S,5c:62:8b:66:67:d2"
1791490535.471,"B,44176,10,5c:62:8b:66:67:d2,3025,6,4901,12,-51,A,5c:62:8b:66:67:d2"
1791490535.471,"B,44176,10,72:3b:01:24:b7:c8,84,3,3025,6,-17,S,5c:62:8b:66:67:d2"
1791490535.471,"B,44176,10,b2:db:ca:e6:29:a6,28,1,0,0,-22,S,5c:62:8b:66:67:d2"
1791490535.471,"B,44276,10,46:88:44:6e:4f:e4,3053,7,0,0,-27,S,5c:62:8b:66:67:d2"
1791490535.471,"B,44276,10,5c:62:8b:66:67:d2,0,0,3109,9,-51,A,5c:62:8b:66:67:d2"
1791490535.471,"B,44276,10,72:3b:01:24:b7:c8,56,2,0,0,-17,S,5c:62:8b:66:67:d2"
1791490535.471,"B,44376,10,46:88:44:6e:4f:e4,2821,7,0,0,-27,S,5c:62:8b:66:67:d2"
1791490535.671,"B,44376,10,5c:62:8b:66:67:d2,0,0,3017,14,-50,A,5c:62:8b:66:67:d2"
1791490535.671,"B,44376,10,72:3b:01:24:b7:c8,168,6,0,0,-17,S,5c:62:8b:66:67:d2"
1791490535.671,"B,44376,10,b2:db:ca:e6:29:a6,28,1,0,0,-22,S,5c:62:8b:66:67:d2"
1791490535.671,"B,44476,10,46:88:44:6e:4f:e4,3496,8,0,0,-28,S,5c:62:8b:66:67:d2"
1791490535.671,"B,44476,10,5c:62:8b:66:67:d2,0,0,3580,11,-51,A,5c:62:8b:66:67:d2"
1791490535.671,"B,44476,10,72:3b:01:24:b7:c8,56,2,0,0,-17,S,5c:62:8b:66:67:d2"
1791490535.671,"B,44476,10,b2:db:ca:e6:29:a6,28,1,0,0,-21,S,5c:62:8b:66:67:d2"
1791490535.671,"B,44576,10,46:88:44:6e:4f:e4,4789,8,0,0,-28,S,5c:62:8b:66:67:d2"
1791490535.671,"B,44576,10,5c:62:8b:66:67:d2,0,0,4845,10,-49,A,5c:62:8b:66:67:d2"
1791490535.671,"B,44576,10,b2:db:ca:e6:29:a6,56,2,0,0,-20,S,5c:62:8b:66:67:d2"
1791490535.871,"B,44676,10,46:88:44:6e:4f:e4,3403,8,0,0,-28,S,5c:62:8b:66:67:d2"
1791490535.871,"B,44676,10,5c:62:8b:66:67:d2,1975,3,3543,13,-51,A,5c:62:8b:66:67:d2"
1791490535.871,"B,44676,10,72:3b:01:24:b7:c8,84,3,1975,3,-18,S,5c:62:8b:66:67:d2"
1791490535.871,"B,44676,10,b2:db:ca:e6:29:a6,56,2,0,0,-21,S,5c:62:8b:66:67:d2"
1791490535.871,"B,44776,10,46:88:44:6e:4f:e4,3403,8,0,0,-28,S,5c:62:8b:66:67:d2"
1791490536.071,"B,44776,10,5c:62:8b:66:67:d2,0,0,3571,14,-50,A,5c:62:8b:66:67:d2"
1791490536.071,"B,44776,10,72:3b:01:24:b7:c8,112,4,0,0,-16,S,5c:62:8b:66:67:d2"
1791490536.071,"B,44776,10,b2:db:ca:e6:29:a6,56,2,0,0,-21,S,5c:62:8b:66:67:d2"
1791490536.071,"B,44876,10,46:88:44:6e:4f:e4,3285,7,0,0,-28,S,5c:62:8b:66:67:d2"
1791490536.071,"B,44876,10,5c:62:8b:66:67:d2,0,0,3397,11,-49,A,5c:62:8b:66:67:d2"
1791490536.071,"B,44876,10,72:3b:01:24:b7:c8,56,2,0,0,-17,S,5c:62:8b:66:67:d2"
1791490536.071,"B,44876,10,b2:db:ca:e6:29:a6,56,2,0,0,-21,S,5c:62:8b:66:67:d2"
1791490536.071,"B,44976,10,46:88:44:6e:4f:e4,2478,8,0,0,-28,S,5c:62:8b:66:67:d2"
1791490536.271,"B,44976,10,5c:62:8b:66:67:d2,0,0,2618,13,-51,A,5c:62:8b:66:67:d2"
1791490536.271,"B,44976,10,72:3b:01:24:b7:c8,84,3,0,0,-17,S,5c:62:8b:66:67:d2"
1791490536.271,"B,44976,10,b2:db:ca:e6:29:a6,56,2,0,0,-20,S,5c:62:8b:66:67:d2"
1791490536.271,"B,45076,10,46:88:44:6e:4f:e4,3725,8,0,0,-28,S,5c:62:8b:66:67:d2"
1791490536.271,"B,45076,10,5c:62:8b:66:67:d2,0,0,3809,11,-48,A,5c:62:8b:66:67:d2"
1791490536.271,"B,45076,10,72:3b:01:24:b7:c8,56,2,0,0,-17,S,5c:62:8b:66:67:d2"
1791490536.271,"B,45076,10,b2:db:ca:e6:29:a6,28,1,0,0,-21,S,5c:62:8b:66:67:d2"
1791490536.271,"I,45092,stat,rx=6393,drops=0,ch=10,bin=100,hop=0,heap=203064"
1791490536.472,"B,45176,10,46:88:44:6e:4f:e4,2703,6,0,0,-28,S,5c:62:8b:66:67:d2"
1791490536.472,"B,45176,10,5c:62:8b:66:67:d2,2675,5,2871,12,-49,A,5c:62:8b:66:67:d2"
1791490536.472,"B,45176,10,72:3b:01:24:b7:c8,112,4,2675,5,-16,S,5c:62:8b:66:67:d2"
1791490536.472,"B,45176,10,b2:db:ca:e6:29:a6,56,2,0,0,-21,S,5c:62:8b:66:67:d2"
1791490536.472,"B,45276,10,46:88:44:6e:4f:e4,3403,8,0,0,-28,S,5c:62:8b:66:67:d2"
1791490536.472,"B,45276,10,5c:62:8b:66:67:d2,350,1,3599,15,-50,A,5c:62:8b:66:67:d2"
1791490536.472,"B,45276,10,72:3b:01:24:b7:c8,168,6,350,1,-17,S,5c:62:8b:66:67:d2"
1791490536.472,"B,45276,10,b2:db:ca:e6:29:a6,28,1,0,0,-22,S,5c:62:8b:66:67:d2"
1791490536.472,"B,45376,10,46:88:44:6e:4f:e4,2703,6,0,0,-28,S,5c:62:8b:66:67:d2"
1791490536.472,"B,45376,10,5c:62:8b:66:67:d2,0,0,2871,12,-50,A,5c:62:8b:66:67:d2"
1791490536.472,"B,45376,10,72:3b:01:24:b7:c8,112,4,0,0,-17,S,5c:62:8b:66:67:d2"
1791490536.472,"B,45376,10,b2:db:ca:e6:29:a6,56,2,0,0,-21,S,5c:62:8b:66:67:d2"
1791490536.672,"B,45476,10,46:88:44:6e:4f:e4,3053,7,0,0,-27,S,5c:62:8b:66:67:d2"
1791490536.672,"B,45476,10,5c:62:8b:66:67:d2,0,0,3249,14,-49,A,5c:62:8b:66:67:d2"
1791490536.672,"B,45476,10,72:3b:01:24:b7:c8,140,5,0,0,-17,S,5c:62:8b:66:67:d2"
1791490536.672,"B,45476,10,b2:db:ca:e6:29:a6,56,2,0,0,-21,S,5c:62:8b:66:67:d2"
1791490536.672,"B,45576,10,46:88:44:6e:4f:e4,1050,3,0,0,-28,S,5c:62:8b:66:67:d2"
1791490536.872,"B,45576,10,5c:62:8b:66:67:d2,0,0,1162,7,-49,A,5c:62:8b:66:67:d2"
1791490536.872,"B,45576,10,72:3b:01:24:b7:c8,84,3,0,0,-17,S,5c:62:8b:66:67:d2"
1791490536.872,"B,45576,10,b2:db:ca:e6:29:a6,28,1,0,0,-20,S,5c:62:8b:66:67:d2"
1791490536.872,"B,45676,10,46:88:44:6e:4f:e4,3403,8,0,0,-26,S,5c:62:8b:66:67:d2"
1791490536.872,"B,45676,10,5c:62:8b:66:67:d2,0,0,3515,12,-51,A,5c:62:8b:66:67:d2"
1791490536.872,"B,45676,10,72:3b:01:24:b7:c8,112,4,0,0,-17,S,5c:62:8b:66:67:d2"
1791490537.072,"B,45776,10,46:88:44:6e:4f:e4,3053,7,0,0,-26,S,5c:62:8b:66:67:d2"
1791490537.072,"B,45776,10,5c:62:8b:66:67:d2,2325,4,3361,18,-52,A,5c:62:8b:66:67:d2"
1791490537.072,"B,45776,10,72:3b:01:24:b7:c8,308,11,2325,4,-17,S,5c:62:8b:66:67:d2"
1791490537.072,"B,45876,10,46:88:44:6e:4f:e4,4446,9,0,0,-28,S,5c:62:8b:66:67:d2"
1791490537.072,"B,45876,10,5c:62:8b:66:67:d2,0,0,4530,12,-51,A,5c:62:8b:66:67:d2"
1791490537.072,"B,45876,10,72:3b:01:24:b7:c8,84,3,0,0,-17,S,5c:62:8b:66:67:d2"
1791490537.072,"B,45976,10,46:88:44:6e:4f:e4,4446,9,0,0,-28,S,5c:62:8b:66:67:d2"
1791490537.273,"B,45976,10,5c:62:8b:66:67:d2,0,0,4586,14,-50,A,5c:62:8b:66:67:d2"
1791490537.273,"B,45976,10,72:3b:01:24:b7:c8,140,5,0,0,-17,S,5c:62:8b:66:67:d2"
1791490537.273,"B,46076,10,46:88:44:6e:4f:e4,2703,6,0,0,-27,S,5c:62:8b:66:67:d2"
1791490537.273,"B,46076,10,5c:62:8b:66:67:d2,0,0,2871,12,-51,A,5c:62:8b:66:67:d2"
1791490537.273,"B,46076,10,72:3b:01:24:b7:c8,168,6,0,0,-17,S,5c:62:8b:66:67:d2"
1791490537.273,"M,46152,slot,5,0"
1791490537.273,"B,46176,10,46:88:44:6e:4f:e4,1050,3,0,0,-27,S,5c:62:8b:66:67:d2"
1791490537.273,"B,46176,10,5c:62:8b:66:67:d2,0,0,1078,4,-50,A,5c:62:8b:66:67:d2"
1791490537.273,"B,46176,10,72:3b:01:24:b7:c8,28,1,0,0,-17,S,5c:62:8b:66:67:d2"
1791490537.473,"B,46276,10,46:88:44:6e:4f:e4,3053,7,0,0,-27,S,5c:62:8b:66:67:d2"
1791490537.473,"B,46276,10,5c:62:8b:66:67:d2,0,0,3249,14,-50,A,5c:62:8b:66:67:d2"
1791490537.473,"B,46276,10,72:3b:01:24:b7:c8,168,6,0,0,-17,S,5c:62:8b:66:67:d2"
1791490537.473,"B,46276,10,b2:db:ca:e6:29:a6,28,1,0,0,-22,S,5c:62:8b:66:67:d2"
1791490537.473,"B,46376,10,46:88:44:6e:4f:e4,3403,8,0,0,-27,S,5c:62:8b:66:67:d2"
1791490537.473,"B,46376,10,5c:62:8b:66:67:d2,0,0,3655,17,-50,A,5c:62:8b:66:67:d2"
1791490537.473,"B,46376,10,72:3b:01:24:b7:c8,196,7,0,0,-17,S,5c:62:8b:66:67:d2"
1791490537.473,"B,46376,10,b2:db:ca:e6:29:a6,56,2,0,0,-21,S,5c:62:8b:66:67:d2"
1791490537.673,"B,46476,10,46:88:44:6e:4f:e4,3053,7,0,0,-28,S,5c:62:8b:66:67:d2"
1791490537.673,"B,46476,10,5c:62:8b:66:67:d2,0,0,3193,12,-50,A,5c:62:8b:66:67:d2"
1791490537.673,"B,46476,10,72:3b:01:24:b7:c8,112,4,0,0,-17,S,5c:62:8b:66:67:d2"
1791490537.673,"B,46476,10,b2:db:ca:e6:29:a6,28,1,0,0,-22,S,5c:62:8b:66:67:d2"
1791490537.673,"B,46576,10,46:88:44:6e:4f:e4,2703,6,0,0,-27,S,5c:62:8b:66:67:d2"
1791490537.673,"B,46576,10,5c:62:8b:66:67:d2,0,0,2871,12,-49,A,5c:62:8b:66:67:d2"
1791490537.673,"B,46576,10,72:3b:01:24:b7:c8,140,5,0,0,-18,S,5c:62:8b:66:67:d2"
1791490537.873,"B,46576,10,b2:db:ca:e6:29:a6,28,1,0,0,-22,S,5c:62:8b:66:67:d2"
1791490537.873,"B,46676,10,46:88:44:6e:4f:e4,1688,6,0,0,-27,S,5c:62:8b:66:67:d2"
1791490537.873,"B,46676,10,5c:62:8b:66:67:d2,0,0,1800,10,-52,A,5c:62:8b:66:67:d2"
1791490537.873,"B,46676,10,72:3b:01:24:b7:c8,56,2,0,0,-17,S,5c:62:8b:66:67:d2"
1791490537.873,"B,46676,10,b2:db:ca:e6:29:a6,56,2,0,0,-20,S,5c:62:8b:66:67:d2"
1791490537.873,"B,46776,10,46:88:44:6e:4f:e4,1428,5,0,0,-26,S,5c:62:8b:66:67:d2"
1791490537.873,"B,46776,10,5c:62:8b:66:67:d2,0,0,1484,7,-51,A,5c:62:8b:66:67:d2"
1791490537.873,"B,46776,10,72:3b:01:24:b7:c8,28,1,0,0,-18,S,5c:62:8b:66:67:d2"
1791490538.074,"B,46776,10,b2:db:ca:e6:29:a6,28,1,0,0,-21,S,5c:62:8b:66:67:d2"
1791490538.074,"B,46876,10,46:88:44:6e:4f:e4,1632,4,0,0,-27,S,5c:62:8b:66:67:d2"
1791490538.074,"B,46876,10,5c:62:8b:66:67:d2,0,0,1856,12,-49,A,5c:62:8b:66:67:d2"
1791490538.074,"B,46876,10,72:3b:01:24:b7:c8,196,7,0,0,-17,S,5c:62:8b:66:67:d2"
1791490538.074,"B,46876,10,b2:db:ca:e6:29:a6,28,1,0,0,-21,S,5c:62:8b:66:67:d2"
1791490538.074,"B,46976,10,46:88:44:6e:4f:e4,2703,6,0,0,-26,S,5c:62:8b:66:67:d2"
1791490538.074,"B,46976,10,5c:62:8b:66:67:d2,0,0,2843,11,-49,A,5c:62:8b:66:67:d2"
1791490538.074,"B,46976,10,72:3b:01:24:b7:c8,56,2,0,0,-18,S,5c:62:8b:66:67:d2"
1791490538.074,"B,46976,10,b2:db:ca:e6:29:a6,84,3,0,0,-21,S,5c:62:8b:66:67:d2"
1791490538.274,"B,47076,10,46:88:44:6e:4f:e4,2703,6,0,0,-27,S,5c:62:8b:66:67:d2"
1791490538.274,"B,47076,10,5c:62:8b:66:67:d2,0,0,2843,11,-51,A,5c:62:8b:66:67:d2"
1791490538.274,"B,47076,10,72:3b:01:24:b7:c8,112,4,0,0,-18,S,5c:62:8b:66:67:d2"
1791490538.274,"B,47076,10,b2:db:ca:e6:29:a6,28,1,0,0,-19,S,5c:62:8b:66:67:d2"
1791490538.274,"B,47176,10,46:88:44:6e:4f:e4,3746,7,0,0,-28,S,5c:62:8b:66:67:d2"
1791490538.274,"B,47176,10,5c:62:8b:66:67:d2,0,0,4222,24,-49,A,5c:62:8b:66:67:d2"
1791490538.274,"B,47176,10,72:3b:01:24:b7:c8,476,17,0,0,-17,S,5c:62:8b:66:67:d2"
1791490538.475,"B,47276,10,46:88:44:6e:4f:e4,4217,9,0,0,-28,S,5c:62:8b:66:67:d2"
1791490538.475,"B,47276,10,5c:62:8b:66:67:d2,0,0,4301,12,-51,A,5c:62:8b:66:67:d2"
1791490538.475,"B,47276,10,72:3b:01:24:b7:c8,28,1,0,0,-17,S,5c:62:8b:66:67:d2"
1791490538.475,"B,47276,10,b2:db:ca:e6:29:a6,56,2,0,0,-21,S,5c:62:8b:66:67:d2"
1791490538.475,"B,47376,10,46:88:44:6e:4f:e4,1428,5,0,0,-28,S,5c:62:8b:66:67:d2"
1791490538.475,"B,47376,10,5c:62:8b:66:67:d2,0,0,1540,9,-52,A,5c:62:8b:66:67:d2"
1791490538.475,"B,47376,10,72:3b:01:24:b7:c8,84,3,0,0,-17,S,5c:62:8b:66:67:d2"
1791490538.475,"B,47376,10,b2:db:ca:e6:29:a6,28,1,0,0,-20,S,5c:62:8b:66:67:d2"
1791490538.675,"B,47476,10,46:88:44:6e:4f:e4,4068,7,0,0,-28,S,5c:62:8b:66:67:d2"
1791490538.675,"B,47476,10,5c:62:8b:66:67:d2,0,0,4124,9,-50,A,5c:62:8b:66:67:d2"
1791490538.675,"B,47476,10,b2:db:ca:e6:29:a6,56,2,0,0,-22,S,5c:62:8b:66:67:d2"
1791490538.675,"B,47576,10,46:88:44:6e:4f:e4,3053,7,0,0,-28,S,5c:62:8b:66:67:d2"
1791490538.675,"B,47576,10,5c:62:8b:66:67:d2,0,0,3193,12,-52,A,5c:62:8b:66:67:d2"
1791490538.675,"B,47576,10,72:3b:01:24:b7:c8,28,1,0,0,-16,S,5c:62:8b:66:67:d2"
1791490538.675,"B,47576,10,b2:db:ca:e6:29:a6,112,4,0,0,-21,S,5c:62:8b:66:67:d2"
1791490538.876,"B,47676,10,46:88:44:6e:4f:e4,3025,6,0,0,-28,S,5c:62:8b:66:67:d2"
1791490538.876,"B,47676,10,5c:62:8b:66:67:d2,0,0,3137,10,-51,A,5c:62:8b:66:67:d2"
1791490538.876,"B,47676,10,72:3b:01:24:b7:c8,84,3,0,0,-17,S,5c:62:8b:66:67:d2"
1791490538.876,"B,47676,10,b2:db:ca:e6:29:a6,28,1,0,0,-21,S,5c:62:8b:66:67:d2"
1791490538.876,"B,47776,10,46:88:44:6e:4f:e4,3053,7,0,0,-28,S,5c:62:8b:66:67:d2"
1791490538.876,"B,47776,10,5c:62:8b:66:67:d2,0,0,3417,20,-49,A,5c:62:8b:66:67:d2"
1791490538.876,"B,47776,10,72:3b:01:24:b7:c8,280,10,0,0,-17,S,5c:62:8b:66:67:d2"
1791490538.876,"B,47776,10,b2:db:ca:e6:29:a6,84,3,0,0,-20,S,5c:62:8b:66:67:d2"
1791490539.076,"B,47876,10,46:88:44:6e:4f:e4,3403,8,414,3,-28,S,5c:62:8b:66:67:d2"
1791490539.076,"B,47876,10,5c:62:8b:66:67:d2,414,3,3543,13,-51,A,5c:62:8b:66:67:d2"
1791490539.076,"B,47876,10,72:3b:01:24:b7:c8,84,3,0,0,-17,S,5c:62:8b:66:67:d2"
1791490539.076,"B,47876,10,b2:db:ca:e6:29:a6,56,2,0,0,-22,S,5c:62:8b:66:67:d2"
1791490539.076,"B,47976,10,46:88:44:6e:4f:e4,1050,3,0,0,-28,S,5c:62:8b:66:67:d2"
1791490539.076,"B,47976,10,5c:62:8b:66:67:d2,0,0,1246,10,-52,A,5c:62:8b:66:67:d2"
1791490539.076,"B,47976,10,72:3b:01:24:b7:c8,140,5,0,0,-17,S,5c:62:8b:66:67:d2"
1791490539.076,"B,47976,10,b2:db:ca:e6:29:a6,56,2,0,0,-21,S,5c:62:8b:66:67:d2"
1791490539.277,"B,48076,10,46:88:44:6e:4f:e4,4055,10,0,0,-29,S,5c:62:8b:66:67:d2"
1791490539.277,"B,48076,10,5c:62:8b:66:67:d2,0,0,4195,15,-51,A,5c:62:8b:66:67:d2"
1791490539.277,"B,48076,10,72:3b:01:24:b7:c8,112,4,0,0,-16,S,5c:62:8b:66:67:d2"
1791490539.277,"B,48076,10,b2:db:ca:e6:29:a6,28,1,0,0,-23,S,5c:62:8b:66:67:d2"
1791490539.277,"B,48176,10,46:88:44:6e:4f:e4,3053,7,0,0,-27,S,5c:62:8b:66:67:d2"
1791490539.277,"B,48176,10,5c:62:8b:66:67:d2,5000,9,3221,13,-51,A,5c:62:8b:66:67:d2"
1791490539.277,"B,48176,10,72:3b:01:24:b7:c8,112,4,5000,9,-17,S,5c:62:8b:66:67:d2"
1791490539.277,"B,48176,10,b2:db:ca:e6:29:a6,56,2,0,0,-22,S,5c:62:8b:66:67:d2"
1791490539.478,"B,48276,10,46:88:44:6e:4f:e4,2703,6,0,0,-27,S,5c:62:8b:66:67:d2"
1791490539.478,"B,48276,10,5c:62:8b:66:67:d2,0,0,2899,13,-50,A,5c:62:8b:66:67:d2"
1791490539.478,"B,48276,10,72:3b:01:24:b7:c8,168,6,0,0,-16,S,5c:62:8b:66:67:d2"
1791490539.478,"B,48276,10,b2:db:ca:e6:29:a6,28,1,0,0,-22,S,5c:62:8b:66:67:d2"
1791490539.478,"B,48376,10,46:88:44:6e:4f:e4,3053,7,0,0,-27,S,5c:62:8b:66:67:d2"
1791490539.478,"B,48376,10,5c:62:8b:66:67:d2,0,0,3137,10,-51,A,5c:62:8b:66:67:d2"
1791490539.478,"B,48376,10,72:3b:01:24:b7:c8,84,3,0,0,-16,S,5c:62:8b:66:67:d2"
1791490539.679,"B,48476,10,46:88:44:6e:4f:e4,2703,6,0,0,-28,S,5c:62:8b:66:67:d2"
1791490539.679,"B,48476,10,5c:62:8b:66:67:d2,0,0,2815,10,-50,A,5c:62:8b:66:67:d2"
1791490539.679,"B,48476,10,72:3b:01:24:b7:c8,112,4,0,0,-16,S,5c:62:8b:66:67:d2"
1791490539.679,"B,48476,10,a6:4c:bd:b6:c7:99,30,1,0,0,-90,S,78:8c:b5:f5:e7:26"
1791490539.679,"B,48476,10,78:8c:b5:f5:e7:26,0,0,30,1,-82,A,78:8c:b5:f5:e7:26"
1791490539.679,"B,48576,10,46:88:44:6e:4f:e4,1806,7,0,0,-28,S,5c:62:8b:66:67:d2"
1791490539.679,"B,48576,10,5c:62:8b:66:67:d2,0,0,1918,11,-52,A,5c:62:8b:66:67:d2"
1791490539.679,"B,48576,10,72:3b:01:24:b7:c8,84,3,0,0,-16,S,5c:62:8b:66:67:d2"
1791490539.679,"B,48576,10,b2:db:ca:e6:29:a6,28,1,0,0,-21,S,5c:62:8b:66:67:d2"
1791490539.881,"B,48676,10,46:88:44:6e:4f:e4,2675,5,0,0,-28,S,5c:62:8b:66:67:d2"
1791490539.881,"B,48676,10,5c:62:8b:66:67:d2,2325,4,2815,10,-52,A,5c:62:8b:66:67:d2"
1791490539.881,"B,48676,10,72:3b:01:24:b7:c8,84,3,2325,4,-16,S,5c:62:8b:66:67:d2"
1791490539.881,"B,48676,10,b2:db:ca:e6:29:a6,56,2,0,0,-20,S,5c:62:8b:66:67:d2"
1791490539.881,"B,48776,10,46:88:44:6e:4f:e4,3403,8,0,0,-28,S,5c:62:8b:66:67:d2"
1791490539.881,"B,48776,10,5c:62:8b:66:67:d2,0,0,3599,15,-52,A,5c:62:8b:66:67:d2"
1791490539.881,"B,48776,10,72:3b:01:24:b7:c8,196,7,0,0,-16,S,5c:62:8b:66:67:d2"
1791490540.083,"B,48876,10,46:88:44:6e:4f:e4,3053,7,0,0,-28,S,5c:62:8b:66:67:d2"
1791490540.083,"B,48876,10,5c:62:8b:66:67:d2,0,0,3221,13,-52,A,5c:62:8b:66:67:d2"
1791490540.083,"B,48876,10,72:3b:01:24:b7:c8,112,4,0,0,-17,S,5c:62:8b:66:67:d2"
1791490540.083,"B,48876,10,b2:db:ca:e6:29:a6,56,2,0,0,-20,S,5c:62:8b:66:67:d2"
1791490540.083,"B,48976,10,46:88:44:6e:4f:e4,3403,8,0,0,-28,S,5c:62:8b:66:67:d2"
1791490540.083,"B,48976,10,5c:62:8b:66:67:d2,0,0,3515,12,-52,A,5c:62:8b:66:67:d2"
1791490540.083,"B,48976,10,72:3b:01:24:b7:c8,84,3,0,0,-17,S,5c:62:8b:66:67:d2"
1791490540.083,"B,48976,10,b2:db:ca:e6:29:a6,28,1,0,0,-22,S,5c:62:8b:66:67:d2"
1791490540.284,"B,49076,10,46:88:44:6e:4f:e4,2703,6,0,0,-28,S,5c:62:8b:66:67:d2"
1791490540.284,"B,49076,10,5c:62:8b:66:67:d2,0,0,3011,17,-52,A,5c:62:8b:66:67:d2"
1791490540.284,"B,49076,10,72:3b:01:24:b7:c8,252,9,0,0,-17,S,5c:62:8b:66:67:d2"
1791490540.284,"B,49076,10,b2:db:ca:e6:29:a6,56,2,0,0,-22,S,5c:62:8b:66:67:d2"
1791490540.284,"B,49176,10,46:88:44:6e:4f:e4,2128,7,0,0,-28,S,5c:62:8b:66:67:d2"
1791490540.284,"B,49176,10,5c:62:8b:66:67:d2,0,0,2324,14,-51,A,5c:62:8b:66:67:d2"
1791490540.284,"B,49176,10,72:3b:01:24:b7:c8,140,5,0,0,-17,S,5c:62:8b:66:67:d2"
1791490540.284,"B,49176,10,b2:db:ca:e6:29:a6,56,2,0,0,-21,S,5c:62:8b:66:67:d2"
1791490540.487,"B,49276,10,46:88:44:6e:4f:e4,3257,6,0,0,-28,S,5c:62:8b:66:67:d2"
1791490540.487,"B,49276,10,5c:62:8b:66:67:d2,0,0,3369,10,-50,A,5c:62:8b:66:67:d2"
1791490540.487,"B,49276,10,72:3b:01:24:b7:c8,56,2,0,0,-17,S,5c:62:8b:66:67:d2"
1791490540.487,"B,49276,10,b2:db:ca:e6:29:a6,56,2,0,0,-21,S,5c:62:8b:66:67:d2"
1791490540.487,"B,49376,10,46:88:44:6e:4f:e4,4096,8,0,0,-28,S,5c:62:8b:66:67:d2"
1791490540.487,"B,49376,10,5c:62:8b:66:67:d2,0,0,4180,11,-50,A,5c:62:8b:66:67:d2"
1791490540.487,"B,49376,10,72:3b:01:24:b7:c8,84,3,0,0,-17,S,5c:62:8b:66:67:d2"
1791490540.690,"B,49476,10,46:88:44:6e:4f:e4,4328,8,0,0,-27,S,5c:62:8b:66:67:d2"
1791490540.690,"B,49476,10,5c:62:8b:66:67:d2,0,0,4384,10,-50,A,5c:62:8b:66:67:d2"
1791490540.690,"B,49476,10,b2:db:ca:e6:29:a6,56,2,0,0,-21,S,5c:62:8b:66:67:d2"
1791490540.690,"B,49576,10,46:88:44:6e:4f:e4,3403,8,0,0,-27,S,5c:62:8b:66:67:d2"
1791490540.690,"B,49576,10,5c:62:8b:66:67:d2,0,0,3655,17,-52,A,5c:62:8b:66:67:d2"
1791490540.690,"B,49576,10,72:3b:01:24:b7:c8,196,7,0,0,-16,S,5c:62:8b:66:67:d2"
1791490540.690,"B,49576,10,a6:4c:bd:b6:c7:99,30,1,0,0,-90,S,78:8c:b5:f5:e7:26"
1791490540.690,"B,49576,10,78:8c:b5:f5:e7:26,0,0,30,1,-82,A,78:8c:b5:f5:e7:26"
1791490540.690,"B,49576,10,b2:db:ca:e6:29:a6,56,2,0,0,-21,S,5c:62:8b:66:67:d2"
1791490540.893,"B,49676,10,46:88:44:6e:4f:e4,700,2,0,0,-28,S,5c:62:8b:66:67:d2"
1791490540.893,"B,49676,10,5c:62:8b:66:67:d2,350,1,756,4,-51,A,5c:62:8b:66:67:d2"
1791490540.893,"B,49676,10,72:3b:01:24:b7:c8,0,0,350,1,0,S,5c:62:8b:66:67:d2"
1791490540.893,"B,49676,10,a6:4c:bd:b6:c7:99,30,1,0,0,-91,S,78:8c:b5:f5:e7:26"
1791490540.893,"B,49676,10,78:8c:b5:f5:e7:26,0,0,30,1,-87,A,78:8c:b5:f5:e7:26"
1791490540.893,"B,49676,10,b2:db:ca:e6:29:a6,56,2,0,0,-21,S,5c:62:8b:66:67:d2"
1791490540.893,"B,49776,10,46:88:44:6e:4f:e4,3403,8,0,0,-27,S,5c:62:8b:66:67:d2"
1791490540.893,"B,49776,10,5c:62:8b:66:67:d2,1975,3,3627,16,-51,A,5c:62:8b:66:67:d2"
1791490540.893,"B,49776,10,72:3b:01:24:b7:c8,224,8,1975,3,-17,S,5c:62:8b:66:67:d2"
1791490541.098,"B,49876,10,46:88:44:6e:4f:e4,2360,7,0,0,-28,S,5c:62:8b:66:67:d2"
1791490541.098,"B,49876,10,5c:62:8b:66:67:d2,0,0,2612,16,-49,A,5c:62:8b:66:67:d2"
1791490541.098,"B,49876,10,72:3b:01:24:b7:c8,168,6,0,0,-17,S,5c:62:8b:66:67:d2"
1791490541.098,"B,49876,10,b2:db:ca:e6:29:a6,84,3,0,0,-21,S,5c:62:8b:66:67:d2"
1791490541.098,"B,49976,10,46:88:44:6e:4f:e4,2703,6,0,0,-28,S,5c:62:8b:66:67:d2"
1791490541.098,"B,49976,10,5c:62:8b:66:67:d2,0,0,2759,8,-50,A,5c:62:8b:66:67:d2"
1791490541.098,"B,49976,10,72:3b:01:24:b7:c8,28,1,0,0,-17,S,5c:62:8b:66:67:d2"
1791490541.098,"B,49976,10,b2:db:ca:e6:29:a6,28,1,0,0,-19,S,5c:62:8b:66:67:d2"
1791490541.299,"B,50076,10,46:88:44:6e:4f:e4,4124,9,0,0,-28,S,5c:62:8b:66:67:d2"
1791490541.299,"B,50076,10,5c:62:8b:66:67:d2,0,0,4152,10,-50,A,5c:62:8b:66:67:d2"
1791490541.299,"B,50076,10,b2:db:ca:e6:29:a6,28,1,0,0,-20,S,5c:62:8b:66:67:d2"
1791490541.299,"I,50093,stat,rx=7187,drops=0,ch=10,bin=100,hop=0,heap=203064"
1791490541.299,"B,50176,10,46:88:44:6e:4f:e4,3053,7,0,0,-28,S,5c:62:8b:66:67:d2"
1791490541.299,"B,50176,10,5c:62:8b:66:67:d2,141,1,3249,14,-51,A,5c:62:8b:66:67:d2"
1791490541.299,"B,50176,10,72:3b:01:24:b7:c8,140,5,0,0,-17,S,5c:62:8b:66:67:d2"
1791490541.299,"B,50176,10,b2:db:ca:e6:29:a6,56,2,141,1,-21,S,5c:62:8b:66:67:d2"
1791490541.503,"B,50276,10,46:88:44:6e:4f:e4,5139,9,0,0,-28,S,5c:62:8b:66:67:d2"
1791490541.503,"B,50276,10,5c:62:8b:66:67:d2,2675,5,5167,10,-50,A,5c:62:8b:66:67:d2"
1791490541.503,"B,50276,10,72:3b:01:24:b7:c8,0,0,2675,5,0,S,5c:62:8b:66:67:d2"
1791490541.503,"B,50276,10,b2:db:ca:e6:29:a6,28,1,0,0,-21,S,5c:62:8b:66:67:d2"
1791490541.503,"B,50376,10,46:88:44:6e:4f:e4,1400,4,0,0,-28,S,5c:62:8b:66:67:d2"
1791490541.503,"B,50376,10,5c:62:8b:66:67:d2,0,0,1624,12,-51,A,5c:62:8b:66:67:d2"
1791490541.503,"B,50376,10,72:3b:01:24:b7:c8,112,4,0,0,-16,S,5c:62:8b:66:67:d2"
1791490541.503,"B,50376,10,b2:db:ca:e6:29:a6,112,4,0,0,-20,S,5c:62:8b:66:67:d2"
1791490541.707,"B,50476,10,46:88:44:6e:4f:e4,3403,8,0,0,-28,S,5c:62:8b:66:67:d2"
1791490541.707,"B,50476,10,5c:62:8b:66:67:d2,0,0,3627,16,-51,A,5c:62:8b:66:67:d2"
1791490541.707,"B,50476,10,72:3b:01:24:b7:c8,224,8,0,0,-17,S,5c:62:8b:66:67:d2"
1791490541.707,"B,50576,10,46:88:44:6e:4f:e4,2703,6,0,0,-28,S,5c:62:8b:66:67:d2"
1791490541.707,"B,50576,10,5c:62:8b:66:67:d2,0,0,2759,8,-51,A,5c:62:8b:66:67:d2"
1791490541.707,"B,50576,10,b2:db:ca:e6:29:a6,56,2,0,0,-20,S,5c:62:8b:66:67:d2"
1791490541.912,"B,50676,10,46:88:44:6e:4f:e4,3858,11,0,0,-28,S,5c:62:8b:66:67:d2"
1791490541.912,"B,50676,10,5c:62:8b:66:67:d2,52207,38,3886,12,-50,A,5c:62:8b:66:67:d2"
1791490541.912,"B,50676,10,72:3b:01:24:b7:c8,0,0,1743,3,0,S,5c:62:8b:66:67:d2"
1791490541.912,"B,50676,10,b2:db:ca:e6:29:a6,28,1,50464,35,-19,S,5c:62:8b:66:67:d2"
1791490541.912,"B,50776,10,46:88:44:6e:4f:e4,2353,5,0,0,-27,S,5c:62:8b:66:67:d2"
1791490541.912,"B,50776,10,5c:62:8b:66:67:d2,36198,25,2437,8,-49,A,5c:62:8b:66:67:d2"
1791490541.912,"B,50776,10,72:3b:01:24:b7:c8,84,3,350,1,-17,S,5c:62:8b:66:67:d2"
1791490541.912,"B,50776,10,b2:db:ca:e6:29:a6,0,0,35848,24,0,S,5c:62:8b:66:67:d2"
1791490542.114,"B,50876,10,46:88:44:6e:4f:e4,3053,7,0,0,-28,S,5c:62:8b:66:67:d2"
1791490542.114,"B,50876,10,5c:62:8b:66:67:d2,48524,33,3137,10,-49,A,5c:62:8b:66:67:d2"
1791490542.114,"B,50876,10,72:3b:01:24:b7:c8,28,1,0,0,-17,S,5c:62:8b:66:67:d2"
1791490542.114,"B,50876,10,b2:db:ca:e6:29:a6,56,2,48524,33,-20,S,5c:62:8b:66:67:d2"
1791490542.114,"B,50876,10,80:af:ca:68:4c:f8,104,1,0,0,-86,A,80:af:ca:68:4c:f8"
1791490542.114,"B,50976,10,46:88:44:6e:4f:e4,1050,3,0,0,-30,S,5c:62:8b:66:67:d2"
1791490542.114,"B,50976,10,5c:62:8b:66:67:d2,23601,17,1190,8,-49,A,5c:62:8b:66:67:d2"
1791490542.114,"B,50976,10,72:3b:01:24:b7:c8,84,3,82,1,-16,S,5c:62:8b:66:67:d2"
1791490542.114,"B,50976,10,a6:4c:bd:b6:c7:99,30,1,0,0,-87,S,78:8c:b5:f5:e7:26"
1791490542.114,"B,50976,10,78:8c:b5:f5:e7:26,0,0,30,1,-80,A,78:8c:b5:f5:e7:26"
1791490542.114,"B,50976,10,b2:db:ca:e6:29:a6,56,2,23519,16,-21,S,5c:62:8b:66:67:d2"
1791490542.316,"B,51076,10,46:88:44:6e:4f:e4,2703,6,0,0,-29,S,5c:62:8b:66:67:d2"
1791490542.316,"B,51076,10,5c:62:8b:66:67:d2,34294,23,2843,11,-49,A,5c:62:8b:66:67:d2"
1791490542.316,"B,51076,10,72:3b:01:24:b7:c8,84,3,0,0,-16,S,5c:62:8b:66:67:d2"
1791490542.316,"B,51076,10,b2:db:ca:e6:29:a6,56,2,34294,23,-20,S,5c:62:8b:66:67:d2"
1791490542.316,"B,51176,10,46:88:44:6e:4f:e4,2703,6,0,0,-29,S,5c:62:8b:66:67:d2"
1791490542.316,"B,51176,10,5c:62:8b:66:67:d2,3131,7,2787,9,-50,A,5c:62:8b:66:67:d2"
1791490542.316,"B,51176,10,72:3b:01:24:b7:c8,28,1,3131,7,-17,S,5c:62:8b:66:67:d2"
1791490542.316,"B,51176,10,b2:db:ca:e6:29:a6,56,2,0,0,-21,S,5c:62:8b:66:67:d2"
1791490542.521,"M,51230,slot,6,1"
1791490542.521,"B,51276,10,46:88:44:6e:4f:e4,2703,6,0,0,-29,S,5c:62:8b:66:67:d2"
1791490542.521,"B,51276,10,5c:62:8b:66:67:d2,9780,8,2731,7,-50,A,5c:62:8b:66:67:d2"
1791490542.521,"B,51276,10,72:3b:01:24:b7:c8,28,1,350,1,-16,S,5c:62:8b:66:67:d2"
1791490542.521,"B,51276,10,b2:db:ca:e6:29:a6,0,0,9430,7,0,S,5c:62:8b:66:67:d2"
1791490542.521,"B,51376,10,46:88:44:6e:4f:e4,1078,4,0,0,-29,S,5c:62:8b:66:67:d2"
1791490542.521,"B,51376,10,5c:62:8b:66:67:d2,106,1,1274,11,-50,A,5c:62:8b:66:67:d2"
1791490542.521,"B,51376,10,72:3b:01:24:b7:c8,112,4,0,0,-16,S,5c:62:8b:66:67:d2"
1791490542.521,"B,51376,10,b2:db:ca:e6:29:a6,84,3,106,1,-21,S,5c:62:8b:66:67:d2"
1791490542.721,"B,51476,10,46:88:44:6e:4f:e4,4678,9,0,0,-29,S,5c:62:8b:66:67:d2"
1791490542.721,"B,51476,10,5c:62:8b:66:67:d2,26630,19,4678,9,-50,A,5c:62:8b:66:67:d2"
1791490542.721,"B,51476,10,b2:db:ca:e6:29:a6,0,0,26630,19,0,S,5c:62:8b:66:67:d2"
1791490542.721,"B,51576,10,46:88:44:6e:4f:e4,1050,3,0,0,-29,S,5c:62:8b:66:67:d2"
1791490542.721,"B,51576,10,5c:62:8b:66:67:d2,780,6,1134,6,-50,A,5c:62:8b:66:67:d2"
1791490542.721,"B,51576,10,72:3b:01:24:b7:c8,56,2,0,0,-17,S,5c:62:8b:66:67:d2"
1791490542.721,"B,51576,10,a6:4c:bd:b6:c7:99,195,2,0,0,-90,S,78:8c:b5:f5:e7:26"
1791490542.721,"B,51576,10,78:8c:b5:f5:e7:26,0,0,195,2,-82,A,78:8c:b5:f5:e7:26"
1791490542.721,"B,51576,10,b2:db:ca:e6:29:a6,28,1,780,6,-20,S,5c:62:8b:66:67:d2"
1791490542.925,"B,51676,10,46:88:44:6e:4f:e4,2703,6,0,0,-29,S,5c:62:8b:66:67:d2"
1791490542.925,"B,51676,10,5c:62:8b:66:67:d2,5426,16,2843,11,-49,A,5c:62:8b:66:67:d2"
1791490542.925,"B,51676,10,72:3b:01:24:b7:c8,112,4,5250,15,-17,S,5c:62:8b:66:67:d2"
1791490542.925,"B,51676,10,b2:db:ca:e6:29:a6,28,1,176,1,-19,S,5c:62:8b:66:67:d2"
1791490542.925,"B,51776,10,46:88:44:6e:4f:e4,2703,6,0,0,-29,S,5c:62:8b:66:67:d2"
1791490542.925,"B,51776,10,5c:62:8b:66:67:d2,2787,7,3011,17,-50,A,5c:62:8b:66:67:d2"
1791490542.925,"B,51776,10,72:3b:01:24:b7:c8,280,10,700,2,-16,S,5c:62:8b:66:67:d2"
1791490542.925,"B,51776,10,b2:db:ca:e6:29:a6,28,1,2087,5,-20,S,5c:62:8b:66:67:d2"
1791490543.127,"B,51876,10,46:88:44:6e:4f:e4,2703,6,0,0,-29,S,5c:62:8b:66:67:d2"
1791490543.127,"B,51876,10,5c:62:8b:66:67:d2,317,2,2815,10,-50,A,5c:62:8b:66:67:d2"
1791490543.127,"B,51876,10,72:3b:01:24:b7:c8,84,3,0,0,-16,S,5c:62:8b:66:67:d2"
1791490543.127,"B,51876,10,b2:db:ca:e6:29:a6,28,1,317,2,-20,S,5c:62:8b:66:67:d2"
1791490543.127,"B,51976,10,46:88:44:6e:4f:e4,2703,6,0,0,-29,S,5c:62:8b:66:67:d2"
1791490543.127,"B,51976,10,5c:62:8b:66:67:d2,0,0,2899,13,-48,A,5c:62:8b:66:67:d2"
1791490543.127,"B,51976,10,72:3b:01:24:b7:c8,112,4,0,0,-16,S,5c:62:8b:66:67:d2"
1791490543.127,"B,51976,10,b2:db:ca:e6:29:a6,84,3,0,0,-22,S,5c:62:8b:66:67:d2"
1791490543.328,"B,52076,10,46:88:44:6e:4f:e4,2703,6,0,0,-28,S,5c:62:8b:66:67:d2"
1791490543.328,"B,52076,10,5c:62:8b:66:67:d2,0,0,2787,9,-49,A,5c:62:8b:66:67:d2"
1791490543.328,"B,52076,10,72:3b:01:24:b7:c8,56,2,0,0,-16,S,5c:62:8b:66:67:d2"
1791490543.328,"B,52076,10,b2:db:ca:e6:29:a6,28,1,0,0,-23,S,5c:62:8b:66:67:d2"
1791490543.328,"B,52176,10,46:88:44:6e:4f:e4,1778,6,0,0,-28,S,5c:62:8b:66:67:d2"
1791490543.328,"B,52176,10,5c:62:8b:66:67:d2,0,0,1834,8,-50,A,5c:62:8b:66:67:d2"
1791490543.328,"B,52176,10,b2:db:ca:e6:29:a6,56,2,0,0,-21,S,5c:62:8b:66:67:d2"
1791490543.533,"B,52276,10,46:88:44:6e:4f:e4,5343,8,0,0,-29,S,5c:62:8b:66:67:d2"
1791490543.533,"B,52276,10,5c:62:8b:66:67:d2,0,0,5483,13,-48,A,5c:62:8b:66:67:d2"
1791490543.533,"B,52276,10,72:3b:01:24:b7:c8,84,3,0,0,-16,S,5c:62:8b:66:67:d2"
1791490543.533,"B,52276,10,b2:db:ca:e6:29:a6,56,2,0,0,-21,S,5c:62:8b:66:67:d2"
1791490543.533,"B,52376,10,46:88:44:6e:4f:e4,2703,6,0,0,-28,S,5c:62:8b:66:67:d2"
1791490543.533,"B,52376,10,5c:62:8b:66:67:d2,0,0,2815,10,-49,A,5c:62:8b:66:67:d2"
1791490543.533,"B,52376,10,72:3b:01:24:b7:c8,56,2,0,0,-18,S,5c:62:8b:66:67:d2"
1791490543.533,"B,52376,10,b2:db:ca:e6:29:a6,56,2,0,0,-22,S,5c:62:8b:66:67:d2"
1791490543.738,"B,52476,10,46:88:44:6e:4f:e4,3403,8,0,0,-29,S,5c:62:8b:66:67:d2"
1791490543.738,"B,52476,10,5c:62:8b:66:67:d2,365,3,3459,10,-51,A,5c:62:8b:66:67:d2"
1791490543.738,"B,52476,10,72:3b:01:24:b7:c8,28,1,0,0,-17,S,5c:62:8b:66:67:d2"
1791490543.738,"B,52476,10,b2:db:ca:e6:29:a6,28,1,365,3,-22,S,5c:62:8b:66:67:d2"
1791490543.738,"B,52576,10,46:88:44:6e:4f:e4,2703,6,0,0,-29,S,5c:62:8b:66:67:d2"
1791490543.738,"B,52576,10,5c:62:8b:66:67:d2,4838,4,2871,12,-50,A,5c:62:8b:66:67:d2"
1791490543.738,"B,52576,10,72:3b:01:24:b7:c8,112,4,0,0,-16,S,5c:62:8b:66:67:d2"
1791490543.738,"B,52576,10,b2:db:ca:e6:29:a6,56,2,4838,4,-21,S,5c:62:8b:66:67:d2"
1791490543.943,"B,52676,10,46:88:44:6e:4f:e4,2703,6,138,1,-29,S,5c:62:8b:66:67:d2"
1791490543.943,"B,52676,10,5c:62:8b:66:67:d2,389,3,2843,11,-50,A,5c:62:8b:66:67:d2"
1791490543.943,"B,52676,10,72:3b:01:24:b7:c8,112,4,0,0,-17,S,5c:62:8b:66:67:d2"
1791490543.943,"B,52676,10,b2:db:ca:e6:29:a6,28,1,251,2,-22,S,5c:62:8b:66:67:d2"
1791490543.943,"B,52776,10,46:88:44:6e:4f:e4,1144,4,0,0,-29,S,5c:62:8b:66:67:d2"
1791490543.943,"B,52776,10,5c:62:8b:66:67:d2,286,2,1172,5,-50,A,5c:62:8b:66:67:d2"
1791490543.943,"B,52776,10,72:3b:01:24:b7:c8,28,1,0,0,-17,S,5c:62:8b:66:67:d2"
1791490543.943,"B,52776,10,b2:db:ca:e6:29:a6,0,0,286,2,0,S,5c:62:8b:66:67:d2"
1791490544.148,"B,52876,10,46:88:44:6e:4f:e4,2703,6,0,0,-29,S,5c:62:8b:66:67:d2"
1791490544.148,"B,52876,10,5c:62:8b:66:67:d2,0,0,2927,14,-49,A,5c:62:8b:66:67:d2"
1791490544.148,"B,52876,10,72:3b:01:24:b7:c8,140,5,0,0,-16,S,5c:62:8b:66:67:d2"
1791490544.148,"B,52876,10,a6:4c:bd:b6:c7:99,30,1,0,0,-90,S,78:8c:b5:f5:e7:26"
1791490544.148,"B,52876,10,78:8c:b5:f5:e7:26,0,0,30,1,-82,A,78:8c:b5:f5:e7:26"
1791490544.148,"B,52876,10,b2:db:ca:e6:29:a6,84,3,0,0,-22,S,5c:62:8b:66:67:d2"
1791490544.148,"B,52976,10,46:88:44:6e:4f:e4,4789,8,0,0,-29,S,5c:62:8b:66:67:d2"
1791490544.148,"B,52976,10,5c:62:8b:66:67:d2,0,0,5013,16,-50,A,5c:62:8b:66:67:d2"
1791490544.148,"B,52976,10,72:3b:01:24:b7:c8,168,6,0,0,-16,S,5c:62:8b:66:67:d2"
1791490544.148,"B,52976,10,b2:db:ca:e6:29:a6,56,2,0,0,-20,S,5c:62:8b:66:67:d2"
1791490544.148,"B,52976,10,38:d5:7a:f4:5a:37,120,4,0,0,-93,S,8a:ce:16:78:6f:dc"
1791490544.148,"B,52976,10,8a:ce:16:78:6f:dc,0,0,120,4,0,A,8a:ce:16:78:6f:dc"
1791490544.353,"B,53076,10,46:88:44:6e:4f:e4,2703,6,0,0,-29,S,5c:62:8b:66:67:d2"
1791490544.353,"B,53076,10,5c:62:8b:66:67:d2,996,3,2731,7,-50,A,5c:62:8b:66:67:d2"
1791490544.353,"B,53076,10,72:3b:01:24:b7:c8,28,1,0,0,-16,S,5c:62:8b:66:67:d2"
1791490544.353,"B,53076,10,a6:4c:bd:b6:c7:99,82,1,0,0,-90,S,78:8c:b5:f5:e7:26"
1791490544.353,"B,53076,10,78:8c:b5:f5:e7:26,0,0,82,1,0,A,78:8c:b5:f5:e7:26"
1791490544.353,"B,53076,10,b2:db:ca:e6:29:a6,0,0,996,3,0,S,5c:62:8b:66:67:d2"
1791490544.353,"B,53176,10,46:88:44:6e:4f:e4,2703,6,0,0,-29,S,5c:62:8b:66:67:d2"
1791490544.353,"B,53176,10,5c:62:8b:66:67:d2,639,5,2955,15,-50,A,5c:62:8b:66:67:d2"
1791490544.353,"B,53176,10,72:3b:01:24:b7:c8,224,8,0,0,-16,S,5c:62:8b:66:67:d2"
1791490544.353,"B,53176,10,a6:4c:bd:b6:c7:99,30,1,0,0,-93,S,78:8c:b5:f5:e7:26"
1791490544.353,"B,53176,10,78:8c:b5:f5:e7:26,0,0,30,1,0,A,78:8c:b5:f5:e7:26"
1791490544.353,"B,53176,10,b2:db:ca:e6:29:a6,28,1,639,5,-21,S,5c:62:8b:66:67:d2"
1791490544.353,"B,53176,10,8a:ce:16:78:6f:dc,0,0,28,1,0,A,8a:ce:16:78:6f:dc"
1791490544.353,"B,53176,10,d2:cf:53:d5:b8:26,28,1,0,0,-91,S,8a:ce:16:78:6f:dc"
1791490544.557,"B,53276,10,46:88:44:6e:4f:e4,2703,6,0,0,-29,S,5c:62:8b:66:67:d2"
1791490544.557,"B,53276,10,5c:62:8b:66:67:d2,247,2,2759,8,-49,A,5c:62:8b:66:67:d2"
1791490544.557,"B,53276,10,72:3b:01:24:b7:c8,28,1,0,0,-16,S,5c:62:8b:66:67:d2"
1791490544.557,"B,53276,10,a6:4c:bd:b6:c7:99,60,2,0,0,-92,S,78:8c:b5:f5:e7:26"
1791490544.557,"B,53276,10,78:8c:b5:f5:e7:26,0,0,60,2,0,A,78:8c:b5:f5:e7:26"
1791490544.557,"B,53276,10,b2:db:ca:e6:29:a6,28,1,247,2,-22,S,5c:62:8b:66:67:d2"
1791490544.557,"B,53376,10,46:88:44:6e:4f:e4,700,2,0,0,-30,S,5c:62:8b:66:67:d2"
1791490544.557,"B,53376,10,5c:62:8b:66:67:d2,0,0,756,4,-48,A,5c:62:8b:66:67:d2"
1791490544.557,"B,53376,10,b2:db:ca:e6:29:a6,56,2,0,0,-21,S,5c:62:8b:66:67:d2"
1791490544.762,"B,53476,10,46:88:44:6e:4f:e4,3053,7,0,0,-29,S,5c:62:8b:66:67:d2"
1791490544.762,"B,53476,10,5c:62:8b:66:67:d2,718,2,3305,16,-50,A,5c:62:8b:66:67:d2"
1791490544.762,"B,53476,10,72:3b:01:24:b7:c8,196,7,0,0,-16,S,5c:62:8b:66:67:d2"
1791490544.762,"B,53476,10,b2:db:ca:e6:29:a6,56,2,718,2,-21,S,5c:62:8b:66:67:d2"
1791490544.762,"B,53576,10,46:88:44:6e:4f:e4,3396,6,0,0,-29,S,5c:62:8b:66:67:d2"
1791490544.762,"B,53576,10,5c:62:8b:66:67:d2,10179,12,3508,10,-50,A,5c:62:8b:66:67:d2"
1791490544.762,"B,53576,10,72:3b:01:24:b7:c8,84,3,0,0,-17,S,5c:62:8b:66:67:d2"
1791490544.762,"B,53576,10,a6:4c:bd:b6:c7:99,30,1,0,0,-92,S,78:8c:b5:f5:e7:26"
1791490544.762,"B,53576,10,78:8c:b5:f5:e7:26,0,0,30,1,-80,A,78:8c:b5:f5:e7:26"
1791490544.762,"B,53576,10,b2:db:ca:e6:29:a6,28,1,10179,12,-21,S,5c:62:8b:66:67:d2"
1791490544.967,"B,53676,10,46:88:44:6e:4f:e4,2703,6,0,0,-28,S,5c:62:8b:66:67:d2"
1791490544.967,"B,53676,10,5c:62:8b:66:67:d2,392,3,2787,9,-50,A,5c:62:8b:66:67:d2"
1791490544.967,"B,53676,10,72:3b:01:24:b7:c8,28,1,0,0,-17,S,5c:62:8b:66:67:d2"
1791490544.967,"B,53676,10,b2:db:ca:e6:29:a6,56,2,392,3,-21,S,5c:62:8b:66:67:d2"
1791490544.967,"B,53776,10,46:88:44:6e:4f:e4,3053,7,0,0,-29,S,5c:62:8b:66:67:d2"
1791490544.967,"B,53776,10,5c:62:8b:66:67:d2,36475,26,3613,27,-50,A,5c:62:8b:66:67:d2"
1791490544.967,"B,53776,10,72:3b:01:24:b7:c8,476,17,0,0,-16,S,5c:62:8b:66:67:d2"
1791490544.967,"B,53776,10,a6:4c:bd:b6:c7:99,30,1,0,0,-91,S,78:8c:b5:f5:e7:26"
1791490544.967,"B,53776,10,78:8c:b5:f5:e7:26,0,0,30,1,-82,A,78:8c:b5:f5:e7:26"
1791490544.967,"B,53776,10,b2:db:ca:e6:29:a6,84,3,36475,26,-20,S,5c:62:8b:66:67:d2"
1791490545.167,"B,53876,10,46:88:44:6e:4f:e4,2703,6,0,0,-29,S,5c:62:8b:66:67:d2"
1791490545.167,"B,53876,10,5c:62:8b:66:67:d2,12880,12,2759,8,-50,A,5c:62:8b:66:67:d2"
1791490545.167,"B,53876,10,72:3b:01:24:b7:c8,28,1,0,0,-16,S,5c:62:8b:66:67:d2"
1791490545.167,"B,53876,10,b2:db:ca:e6:29:a6,28,1,12880,12,-20,S,5c:62:8b:66:67:d2"
1791490545.167,"B,53976,10,46:88:44:6e:4f:e4,1050,3,0,0,-29,S,5c:62:8b:66:67:d2"
1791490545.167,"B,53976,10,5c:62:8b:66:67:d2,24864,16,1190,8,-50,A,5c:62:8b:66:67:d2"
1791490545.167,"B,53976,10,72:3b:01:24:b7:c8,112,4,0,0,-16,S,5c:62:8b:66:67:d2"
1791490545.167,"B,53976,10,b2:db:ca:e6:29:a6,28,1,24864,16,-20,S,5c:62:8b:66:67:d2"
1791490545.370,"B,54076,10,46:88:44:6e:4f:e4,2703,6,0,0,-29,S,5c:62:8b:66:67:d2"
1791490545.370,"B,54076,10,5c:62:8b:66:67:d2,0,0,2871,12,-47,A,5c:62:8b:66:67:d2"
1791490545.370,"B,54076,10,72:3b:01:24:b7:c8,112,4,0,0,-16,S,5c:62:8b:66:67:d2"
1791490545.370,"B,54076,10,78:8c:b5:f5:e7:26,80,1,0,0,-81,A,78:8c:b5:f5:e7:26"
1791490545.370,"B,54076,10,b2:db:ca:e6:29:a6,56,2,0,0,-20,S,5c:62:8b:66:67:d2"
1791490545.370,"B,54176,10,46:88:44:6e:4f:e4,4789,8,0,0,-29,S,5c:62:8b:66:67:d2"
1791490545.370,"B,54176,10,5c:62:8b:66:67:d2,0,0,4929,13,-48,A,5c:62:8b:66:67:d2"
1791490545.370,"B,54176,10,72:3b:01:24:b7:c8,84,3,0,0,-16,S,5c:62:8b:66:67:d2"
1791490545.370,"B,54176,10,b2:db:ca:e6:29:a6,56,2,0,0,-21,S,5c:62:8b:66:67:d2"
1791490545.570,"B,54276,10,46:88:44:6e:4f:e4,2703,6,0,0,-29,S,5c:62:8b:66:67:d2"
1791490545.570,"B,54276,10,5c:62:8b:66:67:d2,0,0,2893,10,-48,A,5c:62:8b:66:67:d2"
1791490545.570,"B,54276,10,72:3b:01:24:b7:c8,56,2,0,0,-16,S,5c:62:8b:66:67:d2"
1791490545.570,"B,54276,10,a6:4c:bd:b6:c7:99,30,1,0,0,-91,S,78:8c:b5:f5:e7:26"
1791490545.570,"B,54276,10,78:8c:b5:f5:e7:26,0,0,30,1,-81,A,78:8c:b5:f5:e7:26"
1791490545.570,"B,54276,10,b2:db:ca:e6:29:a6,134,2,0,0,-19,S,5c:62:8b:66:67:d2"
1791490545.570,"B,54376,10,46:88:44:6e:4f:e4,5371,9,0,0,-29,S,5c:62:8b:66:67:d2"
1791490545.570,"B,54376,10,5c:62:8b:66:67:d2,0,0,5539,15,-49,A,5c:62:8b:66:67:d2"
1791490545.570,"B,54376,10,72:3b:01:24:b7:c8,112,4,0,0,-17,S,5c:62:8b:66:67:d2"
1791490545.570,"B,54376,10,b2:db:ca:e6:29:a6,56,2,0,0,-21,S,5c:62:8b:66:67:d2"
1791490545.570,"B,54476,10,46:88:44:6e:4f:e4,3753,9,0,0,-29,S,5c:62:8b:66:67:d2"
1791490545.771,"B,54476,10,5c:62:8b:66:67:d2,0,0,3837,12,-48,A,5c:62:8b:66:67:d2"
1791490545.771,"B,54476,10,72:3b:01:24:b7:c8,56,2,0,0,-16,S,5c:62:8b:66:67:d2"
1791490545.771,"B,54476,10,b2:db:ca:e6:29:a6,28,1,0,0,-20,S,5c:62:8b:66:67:d2"
1791490545.771,"B,54576,10,46:88:44:6e:4f:e4,1078,4,0,0,-29,S,5c:62:8b:66:67:d2"
1791490545.771,"B,54576,10,5c:62:8b:66:67:d2,0,0,1302,12,-49,A,5c:62:8b:66:67:d2"
1791490545.771,"B,54576,10,72:3b:01:24:b7:c8,140,5,0,0,-16,S,5c:62:8b:66:67:d2"
1791490545.771,"B,54576,10,b2:db:ca:e6:29:a6,84,3,0,0,-21,S,5c:62:8b:66:67:d2"
1791490545.972,"B,54676,10,46:88:44:6e:4f:e4,2121,5,0,0,-28,S,5c:62:8b:66:67:d2"
1791490545.972,"B,54676,10,5c:62:8b:66:67:d2,0,0,2317,12,-49,A,5c:62:8b:66:67:d2"
1791490545.972,"B,54676,10,72:3b:01:24:b7:c8,112,4,0,0,-16,S,5c:62:8b:66:67:d2"
1791490545.972,"B,54676,10,b2:db:ca:e6:29:a6,84,3,0,0,-21,S,5c:62:8b:66:67:d2"
1791490545.972,"B,54776,10,46:88:44:6e:4f:e4,2675,5,0,0,-29,S,5c:62:8b:66:67:d2"
1791490545.972,"B,54776,10,5c:62:8b:66:67:d2,0,0,2787,9,-49,A,5c:62:8b:66:67:d2"
1791490545.972,"B,54776,10,72:3b:01:24:b7:c8,28,1,0,0,-17,S,5c:62:8b:66:67:d2"
1791490545.972,"B,54776,10,b2:db:ca:e6:29:a6,84,3,0,0,-20,S,5c:62:8b:66:67:d2"
1791490545.972,"B,54876,10,46:88:44:6e:4f:e4,2703,6,0,0,-28,S,5c:62:8b:66:67:d2"
1791490545.972,"B,54876,10,5c:62:8b:66:67:d2,0,0,2871,12,-49,A,5c:62:8b:66:67:d2"
1791490546.172,"B,54876,10,72:3b:01:24:b7:c8,112,4,0,0,-17,S,5c:62:8b:66:67:d2"
1791490546.172,"B,54876,10,b2:db:ca:e6:29:a6,56,2,0,0,-19,S,5c:62:8b:66:67:d2"
1791490546.172,"B,54976,10,46:88:44:6e:4f:e4,5267,12,0,0,-28,S,5c:62:8b:66:67:d2"
1791490546.172,"B,54976,10,5c:62:8b:66:67:d2,0,0,5463,19,-48,A,5c:62:8b:66:67:d2"
1791490546.172,"B,54976,10,72:3b:01:24:b7:c8,84,3,0,0,-17,S,5c:62:8b:66:67:d2"
1791490546.172,"B,54976,10,b2:db:ca:e6:29:a6,112,4,0,0,-20,S,5c:62:8b:66:67:d2"
1791490546.172,"B,55076,10,46:88:44:6e:4f:e4,2703,6,0,0,-29,S,5c:62:8b:66:67:d2"
1791490546.172,"B,55076,10,5c:62:8b:66:67:d2,0,0,2871,12,-49,A,5c:62:8b:66:67:d2"
1791490546.172,"B,55076,10,72:3b:01:24:b7:c8,112,4,0,0,-16,S,5c:62:8b:66:67:d2"
1791490546.172,"B,55076,10,b2:db:ca:e6:29:a6,56,2,0,0,-21,S,5c:62:8b:66:67:d2"
1791490546.372,"I,55093,stat,rx=8225,drops=0,ch=10,bin=100,hop=0,heap=203064"
1791490546.372,"B,55176,10,46:88:44:6e:4f:e4,1050,3,0,0,-29,S,5c:62:8b:66:67:d2"
1791490546.372,"B,55176,10,5c:62:8b:66:67:d2,0,0,1218,9,-48,A,5c:62:8b:66:67:d2"
1791490546.372,"B,55176,10,72:3b:01:24:b7:c8,112,4,0,0,-17,S,5c:62:8b:66:67:d2"
1791490546.372,"B,55176,10,b2:db:ca:e6:29:a6,56,2,0,0,-20,S,5c:62:8b:66:67:d2"
1791490546.372,"B,55276,10,46:88:44:6e:4f:e4,3396,6,0,0,-29,S,5c:62:8b:66:67:d2"
1791490546.572,"B,55276,10,5c:62:8b:66:67:d2,0,0,3536,11,-50,A,5c:62:8b:66:67:d2"
1791490546.572,"B,55276,10,72:3b:01:24:b7:c8,84,3,0,0,-17,S,5c:62:8b:66:67:d2"
1791490546.572,"B,55276,10,b2:db:ca:e6:29:a6,56,2,0,0,-21,S,5c:62:8b:66:67:d2"
1791490546.572,"B,55376,10,46:88:44:6e:4f:e4,3403,8,0,0,-29,S,5c:62:8b:66:67:d2"
1791490546.572,"B,55376,10,5c:62:8b:66:67:d2,0,0,3627,16,-49,A,5c:62:8b:66:67:d2"
1791490546.572,"B,55376,10,72:3b:01:24:b7:c8,168,6,0,0,-16,S,5c:62:8b:66:67:d2"
1791490546.572,"B,55376,10,b2:db:ca:e6:29:a6,56,2,0,0,-20,S,5c:62:8b:66:67:d2"
1791490546.572,"B,55476,10,46:88:44:6e:4f:e4,3403,8,0,0,-29,S,5c:62:8b:66:67:d2"
1791490546.572,"B,55476,10,5c:62:8b:66:67:d2,0,0,3571,14,-48,A,5c:62:8b:66:67:d2"
1791490546.572,"B,55476,10,72:3b:01:24:b7:c8,84,3,0,0,-17,S,5c:62:8b:66:67:d2"
1791490546.572,"B,55476,10,a6:4c:bd:b6:c7:99,30,1,0,0,-90,S,78:8c:b5:f5:e7:26"
1791490546.773,"B,55476,10,78:8c:b5:f5:e7:26,0,0,30,1,-81,A,78:8c:b5:f5:e7:26"
1791490546.773,"B,55476,10,b2:db:ca:e6:29:a6,84,3,0,0,-20,S,5c:62:8b:66:67:d2"
1791490546.773,"B,55576,10,46:88:44:6e:4f:e4,2703,6,0,0,-29,S,5c:62:8b:66:67:d2"
1791490546.773,"B,55576,10,5c:62:8b:66:67:d2,0,0,2843,11,-50,A,5c:62:8b:66:67:d2"
1791490546.773,"B,55576,10,72:3b:01:24:b7:c8,112,4,0,0,-16,S,5c:62:8b:66:67:d2"
1791490546.773,"B,55576,10,a6:4c:bd:b6:c7:99,30,1,0,0,-90,S,78:8c:b5:f5:e7:26"
1791490546.773,"B,55576,10,78:8c:b5:f5:e7:26,0,0,30,1,0,A,78:8c:b5:f5:e7:26"
1791490546.773,"B,55576,10,b2:db:ca:e6:29:a6,28,1,0,0,-21,S,5c:62:8b:66:67:d2"
1791490546.773,"B,55676,10,46:88:44:6e:4f:e4,4207,7,0,0,-29,S,5c:62:8b:66:67:d2"
1791490546.773,"B,55676,10,5c:62:8b:66:67:d2,13986,9,4319,11,-50,A,5c:62:8b:66:67:d2"
1791490546.773,"B,55676,10,72:3b:01:24:b7:c8,84,3,0,0,-16,S,5c:62:8b:66:67:d2"
1791490546.773,"B,55676,10,b2:db:ca:e6:29:a6,28,1,13986,9,-20,S,5c:62:8b:66:67:d2"
1791490546.973,"B,55776,10,46:88:44:6e:4f:e4,2446,5,0,0,-29,S,5c:62:8b:66:67:d2"
1791490546.973,"B,55776,10,5c:62:8b:66:67:d2,0,0,2754,16,-49,A,5c:62:8b:66:67:d2"
1791490546.973,"B,55776,10,72:3b:01:24:b7:c8,224,8,0,0,-16,S,5c:62:8b:66:67:d2"
1791490546.973,"B,55776,10,a6:4c:bd:b6:c7:99,60,2,0,0,-92,S,78:8c:b5:f5:e7:26"
1791490546.973,"B,55776,10,78:8c:b5:f5:e7:26,0,0,60,2,-81,A,78:8c:b5:f5:e7:26"
1791490546.973,"B,55776,10,b2:db:ca:e6:29:a6,84,3,0,0,-21,S,5c:62:8b:66:67:d2"
1791490546.973,"B,55876,10,46:88:44:6e:4f:e4,3053,7,0,0,-29,S,5c:62:8b:66:67:d2"
1791490547.174,"B,55876,10,5c:62:8b:66:67:d2,0,0,3137,10,-49,A,5c:62:8b:66:67:d2"
1791490547.174,"B,55876,10,72:3b:01:24:b7:c8,56,2,0,0,-16,S,5c:62:8b:66:67:d2"
1791490547.174,"B,55876,10,b2:db:ca:e6:29:a6,28,1,0,0,-21,S,5c:62:8b:66:67:d2"
1791490547.174,"B,55976,10,46:88:44:6e:4f:e4,2703,6,0,0,-29,S,5c:62:8b:66:67:d2"
1791490547.174,"B,55976,10,5c:62:8b:66:67:d2,0,0,2899,13,-50,A,5c:62:8b:66:67:d2"
1791490547.174,"B,55976,10,72:3b:01:24:b7:c8,112,4,0,0,-16,S,5c:62:8b:66:67:d2"
1791490547.174,"B,55976,10,b2:db:ca:e6:29:a6,84,3,0,0,-21,S,5c:62:8b:66:67:d2"
1791490547.174,"B,56076,10,46:88:44:6e:4f:e4,3403,8,0,0,-28,S,5c:62:8b:66:67:d2"
1791490547.174,"B,56076,10,5c:62:8b:66:67:d2,0,0,3459,10,-48,A,5c:62:8b:66:67:d2"
1791490547.174,"B,56076,10,b2:db:ca:e6:29:a6,56,2,0,0,-20,S,5c:62:8b:66:67:d2"
1791490547.374,"B,56176,10,46:88:44:6e:4f:e4,3053,7,0,0,-28,S,5c:62:8b:66:67:d2"
1791490547.374,"B,56176,10,5c:62:8b:66:67:d2,13986,9,3193,12,-50,A,5c:62:8b:66:67:d2"
1791490547.374,"B,56176,10,72:3b:01:24:b7:c8,112,4,0,0,-17,S,5c:62:8b:66:67:d2"
1791490547.374,"B,56176,10,b2:db:ca:e6:29:a6,28,1,13986,9,-20,S,5c:62:8b:66:67:d2"
1791490547.374,"B,56276,10,46:88:44:6e:4f:e4,2703,6,0,0,-28,S,5c:62:8b:66:67:d2"
1791490547.374,"B,56276,10,5c:62:8b:66:67:d2,0,0,2927,14,-50,A,5c:62:8b:66:67:d2"
1791490547.374,"B,56276,10,72:3b:01:24:b7:c8,168,6,0,0,-17,S,5c:62:8b:66:67:d2"
1791490547.374,"B,56276,10,b2:db:ca:e6:29:a6,56,2,0,0,-22,S,5c:62:8b:66:67:d2"
1791490547.574,"M,56312,slot,7,0"
1791490547.574,"B,56376,10,46:88:44:6e:4f:e4,1050,3,0,0,-29,S,5c:62:8b:66:67:d2"
1791490547.574,"B,56376,10,5c:62:8b:66:67:d2,0,0,1106,5,-48,A,5c:62:8b:66:67:d2"
1791490547.574,"B,56376,10,b2:db:ca:e6:29:a6,56,2,0,0,-20,S,5c:62:8b:66:67:d2"
1791490547.574,"B,56476,10,46:88:44:6e:4f:e4,3746,7,0,0,-29,S,5c:62:8b:66:67:d2"
1791490547.574,"B,56476,10,5c:62:8b:66:67:d2,0,0,3970,15,-49,A,5c:62:8b:66:67:d2"
1791490547.775,"B,56476,10,72:3b:01:24:b7:c8,168,6,0,0,-16,S,5c:62:8b:66:67:d2"
1791490547.775,"B,56476,10,b2:db:ca:e6:29:a6,56,2,0,0,-20,S,5c:62:8b:66:67:d2"
1791490547.775,"B,56576,10,46:88:44:6e:4f:e4,3403,8,0,0,-29,S,5c:62:8b:66:67:d2"
1791490547.775,"B,56576,10,5c:62:8b:66:67:d2,0,0,3459,10,-48,A,5c:62:8b:66:67:d2"
1791490547.775,"B,56576,10,72:3b:01:24:b7:c8,28,1,0,0,-17,S,5c:62:8b:66:67:d2"
1791490547.775,"B,56576,10,a6:4c:bd:b6:c7:99,30,1,0,0,-92,S,78:8c:b5:f5:e7:26"
1791490547.775,"B,56576,10,78:8c:b5:f5:e7:26,0,0,30,1,-80,A,78:8c:b5:f5:e7:26"
1791490547.775,"B,56576,10,b2:db:ca:e6:29:a6,28,1,0,0,-20,S,5c:62:8b:66:67:d2"
1791490547.775,"B,56676,10,46:88:44:6e:4f:e4,2703,6,0,0,-29,S,5c:62:8b:66:67:d2"
1791490547.775,"B,56676,10,5c:62:8b:66:67:d2,0,0,2815,10,-50,A,5c:62:8b:66:67:d2"
1791490547.775,"B,56676,10,72:3b:01:24:b7:c8,28,1,0,0,-17,S,5c:62:8b:66:67:d2"
1791490547.775,"B,56676,10,78:8c:b5:f5:e7:26,302,2,0,0,-85,A,78:8c:b5:f5:e7:26"
1791490547.975,"B,56676,10,b2:db:ca:e6:29:a6,84,3,0,0,-20,S,5c:62:8b:66:67:d2"
1791490547.975,"B,56776,10,46:88:44:6e:4f:e4,2703,6,0,0,-29,S,5c:62:8b:66:67:d2"
1791490547.975,"B,56776,10,5c:62:8b:66:67:d2,0,0,2927,14,0,A,5c:62:8b:66:67:d2"
1791490547.975,"B,56776,10,72:3b:01:24:b7:c8,168,6,0,0,-16,S,5c:62:8b:66:67:d2"
1791490547.975,"B,56776,10,a6:4c:bd:b6:c7:99,60,2,0,0,-91,S,78:8c:b5:f5:e7:26"
1791490547.975,"B,56776,10,78:8c:b5:f5:e7:26,0,0,60,2,-81,A,78:8c:b5:f5:e7:26"
1791490547.975,"B,56776,10,b2:db:ca:e6:29:a6,56,2,0,0,-21,S,5c:62:8b:66:67:d2"
1791490547.975,"B,56876,10,46:88:44:6e:4f:e4,1428,5,0,0,-29,S,5c:62:8b:66:67:d2"
1791490547.975,"B,56876,10,5c:62:8b:66:67:d2,0,0,1540,9,-48,A,5c:62:8b:66:67:d2"
1791490547.975,"B,56876,10,72:3b:01:24:b7:c8,84,3,0,0,-16,S,5c:62:8b:66:67:d2"
1791490547.975,"B,56876,10,a6:4c:bd:b6:c7:99,30,1,0,0,-92,S,78:8c:b5:f5:e7:26"
1791490547.975,"B,56876,10,78:8c:b5:f5:e7:26,0,0,30,1,-80,A,78:8c:b5:f5:e7:26"
1791490547.975,"B,56876,10,b2:db:ca:e6:29:a6,28,1,0,0,-20,S,5c:62:8b:66:67:d2"
1791490548.175,"B,56976,10,46:88:44:6e:4f:e4,3285,7,0,0,-29,S,5c:62:8b:66:67:d2"
1791490548.175,"B,56976,10,5c:62:8b:66:67:d2,0,0,3341,9,-48,A,5c:62:8b:66:67:d2"
1791490548.175,"B,56976,10,b2:db:ca:e6:29:a6,56,2,0,0,-20,S,5c:62:8b:66:67:d2"
1791490548.175,"B,57076,10,46:88:44:6e:4f:e4,2675,5,0,0,-29,S,5c:62:8b:66:67:d2"
1791490548.175,"B,57076,10,5c:62:8b:66:67:d2,0,0,2843,11,-49,A,5c:62:8b:66:67:d2"
1791490548.175,"B,57076,10,72:3b:01:24:b7:c8,112,4,0,0,-17,S,5c:62:8b:66:67:d2"
1791490548.175,"B,57076,10,b2:db:ca:e6:29:a6,56,2,0,0,-20,S,5c:62:8b:66:67:d2"
1791490548.376,"B,57176,10,46:88:44:6e:4f:e4,4217,9,0,0,-29,S,5c:62:8b:66:67:d2"
1791490548.376,"B,57176,10,5c:62:8b:66:67:d2,0,0,4301,12,-50,A,5c:62:8b:66:67:d2"
1791490548.376,"B,57176,10,b2:db:ca:e6:29:a6,84,3,0,0,-21,S,5c:62:8b:66:67:d2"
1791490548.376,"B,57276,10,46:88:44:6e:4f:e4,3396,6,0,0,-29,S,5c:62:8b:66:67:d2"
1791490548.376,"B,57276,10,5c:62:8b:66:67:d2,0,0,3508,10,-50,A,5c:62:8b:66:67:d2"
1791490548.376,"B,57276,10,72:3b:01:24:b7:c8,84,3,0,0,-17,S,5c:62:8b:66:67:d2"
1791490548.376,"B,57276,10,b2:db:ca:e6:29:a6,28,1,0,0,-21,S,5c:62:8b:66:67:d2"
1791490548.577,"B,57376,10,46:88:44:6e:4f:e4,2703,6,0,0,-28,S,5c:62:8b:66:67:d2"
1791490548.577,"B,57376,10,5c:62:8b:66:67:d2,0,0,2787,9,-49,A,5c:62:8b:66:67:d2"
1791490548.577,"B,57376,10,72:3b:01:24:b7:c8,28,1,0,0,-17,S,5c:62:8b:66:67:d2"
1791490548.577,"B,57376,10,b2:db:ca:e6:29:a6,56,2,0,0,-22,S,5c:62:8b:66:67:d2"
1791490548.577,"B,57476,10,46:88:44:6e:4f:e4,2121,5,0,0,-28,S,5c:62:8b:66:67:d2"
1791490548.577,"B,57476,10,5c:62:8b:66:67:d2,0,0,2149,6,-44,A,5c:62:8b:66:67:d2"
1791490548.577,"B,57476,10,b2:db:ca:e6:29:a6,28,1,0,0,-20,S,5c:62:8b:66:67:d2"
1791490548.778,"B,57576,10,46:88:44:6e:4f:e4,2332,6,0,0,-29,S,5c:62:8b:66:67:d2"
1791490548.778,"B,57576,10,5c:62:8b:66:67:d2,0,0,2500,12,-48,A,5c:62:8b:66:67:d2"
1791490548.778,"B,57576,10,72:3b:01:24:b7:c8,84,3,0,0,-17,S,5c:62:8b:66:67:d2"
1791490548.778,"B,57576,10,b2:db:ca:e6:29:a6,84,3,0,0,-20,S,5c:62:8b:66:67:d2"
1791490548.778,"B,57676,10,46:88:44:6e:4f:e4,5139,9,138,1,-28,S,5c:62:8b:66:67:d2"
1791490548.778,"B,57676,10,5c:62:8b:66:67:d2,138,1,5279,14,-49,A,5c:62:8b:66:67:d2"
1791490548.778,"B,57676,10,72:3b:01:24:b7:c8,84,3,0,0,-16,S,5c:62:8b:66:67:d2"
1791490548.778,"B,57676,10,b2:db:ca:e6:29:a6,56,2,0,0,-22,S,5c:62:8b:66:67:d2"
1791490548.979,"B,57776,10,46:88:44:6e:4f:e4,2215,6,0,0,-29,S,5c:62:8b:66:67:d2"
1791490548.979,"B,57776,10,5c:62:8b:66:67:d2,0,0,2523,17,-48,A,5c:62:8b:66:67:d2"
1791490548.979,"B,57776,10,72:3b:01:24:b7:c8,252,9,0,0,-17,S,5c:62:8b:66:67:d2"
1791490548.979,"B,57776,10,b2:db:ca:e6:29:a6,56,2,0,0,-22,S,5c:62:8b:66:67:d2"
1791490548.979,"B,57876,10,46:88:44:6e:4f:e4,2703,6,0,0,-29,S,5c:62:8b:66:67:d2"
1791490548.979,"B,57876,10,5c:62:8b:66:67:d2,0,0,2787,9,-48,A,5c:62:8b:66:67:d2"
1791490548.979,"B,57876,10,72:3b:01:24:b7:c8,28,1,0,0,-17,S,5c:62:8b:66:67:d2"
1791490548.979,"B,57876,10,a6:4c:bd:b6:c7:99,30,1,0,0,-92,S,78:8c:b5:f5:e7:26"
1791490548.979,"B,57876,10,78:8c:b5:f5:e7:26,0,0,30,1,-81,A,78:8c:b5:f5:e7:26"
1791490548.979,"B,57876,10,b2:db:ca:e6:29:a6,56,2,0,0,-21,S,5c:62:8b:66:67:d2"
1791490549.179,"B,57976,10,46:88:44:6e:4f:e4,1078,4,0,0,-29,S,5c:62:8b:66:67:d2"
1791490549.179,"B,57976,10,5c:62:8b:66:67:d2,0,0,1246,10,-49,A,5c:62:8b:66:67:d2"
1791490549.179,"B,57976,10,72:3b:01:24:b7:c8,112,4,0,0,-16,S,5c:62:8b:66:67:d2"
1791490549.179,"B,57976,10,b2:db:ca:e6:29:a6,56,2,0,0,-21,S,5c:62:8b:66:67:d2"
1791490549.179,"B,58076,10,46:88:44:6e:4f:e4,3053,7,0,0,-29,S,5c:62:8b:66:67:d2"
1791490549.179,"B,58076,10,5c:62:8b:66:67:d2,0,0,3193,12,-48,A,5c:62:8b:66:67:d2"
1791490549.179,"B,58076,10,72:3b:01:24:b7:c8,84,3,0,0,-16,S,5c:62:8b:66:67:d2"
1791490549.179,"B,58076,10,a6:4c:bd:b6:c7:99,30,1,0,0,-94,S,78:8c:b5:f5:e7:26"
1791490549.179,"B,58076,10,78:8c:b5:f5:e7:26,0,0,30,1,-81,A,78:8c:b5:f5:e7:26"
1791490549.179,"B,58076,10,b2:db:ca:e6:29:a6,56,2,0,0,-21,S,5c:62:8b:66:67:d2"
1791490549.380,"B,58176,10,46:88:44:6e:4f:e4,4761,7,0,0,-29,S,5c:62:8b:66:67:d2"
1791490549.380,"B,58176,10,5c:62:8b:66:67:d2,0,0,4873,11,-50,A,5c:62:8b:66:67:d2"
1791490549.380,"B,58176,10,72:3b:01:24:b7:c8,84,3,0,0,-16,S,5c:62:8b:66:67:d2"
1791490549.380,"B,58176,10,b2:db:ca:e6:29:a6,28,1,0,0,-20,S,5c:62:8b:66:67:d2"
1791490549.380,"B,58276,10,46:88:44:6e:4f:e4,2703,6,0,0,-29,S,5c:62:8b:66:67:d2"
1791490549.380,"B,58276,10,5c:62:8b:66:67:d2,0,0,2787,9,-48,A,5c:62:8b:66:67:d2"
1791490549.380,"B,58276,10,72:3b:01:24:b7:c8,84,3,0,0,-17,S,5c:62:8b:66:67:d2"
1791490549.580,"B,58376,10,46:88:44:6e:4f:e4,2703,6,0,0,-29,S,5c:62:8b:66:67:d2"
1791490549.580,"B,58376,10,5c:62:8b:66:67:d2,0,0,2815,10,-47,A,5c:62:8b:66:67:d2"
1791490549.580,"B,58376,10,72:3b:01:24:b7:c8,112,4,0,0,-16,S,5c:62:8b:66:67:d2"
1791490549.580,"B,58476,10,46:88:44:6e:4f:e4,5427,11,0,0,-29,S,5c:62:8b:66:67:d2"
1791490549.580,"B,58476,10,5c:62:8b:66:67:d2,0,0,5511,14,-48,A,5c:62:8b:66:67:d2"
1791490549.580,"B,58476,10,72:3b:01:24:b7:c8,84,3,0,0,-16,S,5c:62:8b:66:67:d2"
1791490549.781,"B,58576,10,46:88:44:6e:4f:e4,7059,15,0,0,-29,S,5c:62:8b:66:67:d2"
1791490549.781,"B,58576,10,5c:62:8b:66:67:d2,0,0,7115,17,-48,A,5c:62:8b:66:67:d2"
1791490549.781,"B,58576,10,72:3b:01:24:b7:c8,56,2,0,0,-17,S,5c:62:8b:66:67:d2"
1791490549.781,"B,58576,10,a6:4c:bd:b6:c7:99,30,1,0,0,-93,S,78:8c:b5:f5:e7:26"
1791490549.781,"B,58576,10,78:8c:b5:f5:e7:26,0,0,30,1,-81,A,78:8c:b5:f5:e7:26"
1791490549.781,"B,58576,10,80:af:ca:68:4c:f8,84,1,0,0,-85,A,80:af:ca:68:4c:f8"
1791490549.781,"B,58676,10,46:88:44:6e:4f:e4,2121,5,0,0,-27,S,5c:62:8b:66:67:d2"
1791490549.781,"B,58676,10,5c:62:8b:66:67:d2,0,0,2345,13,-49,A,5c:62:8b:66:67:d2"
1791490549.781,"B,58676,10,72:3b:01:24:b7:c8,168,6,0,0,-16,S,5c:62:8b:66:67:d2"
1791490549.781,"B,58676,10,b2:db:ca:e6:29:a6,56,2,0,0,-21,S,5c:62:8b:66:67:d2"
1791490549.984,"B,58776,10,46:88:44:6e:4f:e4,2682,7,0,0,-29,S,5c:62:8b:66:67:d2"
1791490549.984,"B,58776,10,5c:62:8b:66:67:d2,0,0,2794,11,-49,A,5c:62:8b:66:67:d2"
1791490549.984,"B,58776,10,72:3b:01:24:b7:c8,56,2,0,0,-16,S,5c:62:8b:66:67:d2"
1791490549.984,"B,58776,10,b2:db:ca:e6:29:a6,56,2,0,0,-21,S,5c:62:8b:66:67:d2"
1791490549.984,"B,58876,10,46:88:44:6e:4f:e4,2703,6,0,0,-28,S,5c:62:8b:66:67:d2"
1791490549.984,"B,58876,10,5c:62:8b:66:67:d2,0,0,2871,12,-49,A,5c:62:8b:66:67:d2"
1791490549.984,"B,58876,10,72:3b:01:24:b7:c8,84,3,0,0,-16,S,5c:62:8b:66:67:d2"
1791490549.984,"B,58876,10,b2:db:ca:e6:29:a6,84,3,0,0,-19,S,5c:62:8b:66:67:d2"
1791490550.187,"B,58976,10,46:88:44:6e:4f:e4,2703,6,0,0,-28,S,5c:62:8b:66:67:d2"
1791490550.187,"B,58976,10,5c:62:8b:66:67:d2,0,0,2899,13,-50,A,5c:62:8b:66:67:d2"
1791490550.187,"B,58976,10,72:3b:01:24:b7:c8,140,5,0,0,-16,S,5c:62:8b:66:67:d2"
1791490550.187,"B,58976,10,b2:db:ca:e6:29:a6,56,2,0,0,-21,S,5c:62:8b:66:67:d2"
1791490550.187,"B,59076,10,46:88:44:6e:4f:e4,1078,4,0,0,-29,S,5c:62:8b:66:67:d2"
1791490550.187,"B,59076,10,5c:62:8b:66:67:d2,0,0,1134,6,-49,A,5c:62:8b:66:67:d2"
1791490550.187,"B,59076,10,b2:db:ca:e6:29:a6,56,2,0,0,-22,S,5c:62:8b:66:67:d2"
1791490550.391,"B,59176,10,46:88:44:6e:4f:e4,6414,10,0,0,-29,S,5c:62:8b:66:67:d2"
1791490550.391,"B,59176,10,5c:62:8b:66:67:d2,0,0,6498,13,-48,A,5c:62:8b:66:67:d2"
1791490550.391,"B,59176,10,72:3b:01:24:b7:c8,84,3,0,0,-16,S,5c:62:8b:66:67:d2"
1791490550.391,"B,59276,10,46:88:44:6e:4f:e4,1078,4,0,0,-29,S,5c:62:8b:66:67:d2"
1791490550.391,"B,59276,10,5c:62:8b:66:67:d2,0,0,1386,15,-48,A,5c:62:8b:66:67:d2"
1791490550.391,"B,59276,10,72:3b:01:24:b7:c8,196,7,0,0,-16,S,5c:62:8b:66:67:d2"
1791490550.391,"B,59276,10,b2:db:ca:e6:29:a6,112,4,0,0,-19,S,5c:62:8b:66:67:d2"
1791490550.593,"B,59376,10,46:88:44:6e:4f:e4,4068,7,0,0,-29,S,5c:62:8b:66:67:d2"
1791490550.593,"B,59376,10,5c:62:8b:66:67:d2,0,0,4152,10,-49,A,5c:62:8b:66:67:d2"
1791490550.593,"B,59376,10,72:3b:01:24:b7:c8,84,3,0,0,-17,S,5c:62:8b:66:67:d2"
1791490550.593,"B,59476,10,46:88:44:6e:4f:e4,2703,6,0,0,-29,S,5c:62:8b:66:67:d2"
1791490550.593,"B,59476,10,5c:62:8b:66:67:d2,0,0,2843,11,-49,A,5c:62:8b:66:67:d2"
1791490550.593,"B,59476,10,72:3b:01:24:b7:c8,84,3,0,0,-17,S,5c:62:8b:66:67:d2"
1791490550.593,"B,59476,10,b2:db:ca:e6:29:a6,56,2,0,0,-20,S,5c:62:8b:66:67:d2"
1791490550.798,"B,59576,10,46:88:44:6e:4f:e4,3403,8,0,0,-29,S,5c:62:8b:66:67:d2"
1791490550.798,"B,59576,10,5c:62:8b:66:67:d2,0,0,3683,18,-48,A,5c:62:8b:66:67:d2"
1791490550.798,"B,59576,10,72:3b:01:24:b7:c8,224,8,0,0,-16,S,5c:62:8b:66:67:d2"
1791490550.798,"B,59576,10,b2:db:ca:e6:29:a6,56,2,0,0,-21,S,5c:62:8b:66:67:d2"
1791490550.798,"B,59676,10,46:88:44:6e:4f:e4,2353,5,0,0,-29,S,5c:62:8b:66:67:d2"
1791490550.798,"B,59676,10,5c:62:8b:66:67:d2,0,0,2437,8,-48,A,5c:62:8b:66:67:d2"
1791490550.798,"B,59676,10,b2:db:ca:e6:29:a6,84,3,0,0,-20,S,5c:62:8b:66:67:d2"
1791490551.003,"B,59776,10,46:88:44:6e:4f:e4,3164,6,0,0,-29,S,5c:62:8b:66:67:d2"
1791490551.003,"B,59776,10,5c:62:8b:66:67:d2,0,0,3584,21,-48,A,5c:62:8b:66:67:d2"
1791490551.003,"B,59776,10,72:3b:01:24:b7:c8,392,14,0,0,-16,S,5c:62:8b:66:67:d2"
1791490551.003,"B,59776,10,b2:db:ca:e6:29:a6,28,1,0,0,-22,S,5c:62:8b:66:67:d2"
1791490551.003,"B,59876,10,46:88:44:6e:4f:e4,2703,6,0,0,-29,S,5c:62:8b:66:67:d2"
1791490551.003,"B,59876,10,5c:62:8b:66:67:d2,0,0,2871,12,-48,A,5c:62:8b:66:67:d2"
1791490551.003,"B,59876,10,72:3b:01:24:b7:c8,84,3,0,0,-16,S,5c:62:8b:66:67:d2"
1791490551.003,"B,59876,10,a6:4c:bd:b6:c7:99,30,1,0,0,-90,S,78:8c:b5:f5:e7:26"
1791490551.003,"B,59876,10,78:8c:b5:f5:e7:26,0,0,30,1,-82,A,78:8c:b5:f5:e7:26"
1791490551.003,"B,59876,10,b2:db:ca:e6:29:a6,84,3,0,0,-20,S,5c:62:8b:66:67:d2"
1791490551.205,"B,59976,10,46:88:44:6e:4f:e4,2332,6,0,0,-29,S,5c:62:8b:66:67:d2"
1791490551.205,"B,59976,10,5c:62:8b:66:67:d2,0,0,2388,8,-48,A,5c:62:8b:66:67:d2"
1791490551.205,"B,59976,10,a6:4c:bd:b6:c7:99,30,1,0,0,-90,S,78:8c:b5:f5:e7:26"
1791490551.205,"B,59976,10,78:8c:b5:f5:e7:26,0,0,30,1,0,A,78:8c:b5:f5:e7:26"
1791490551.205,"B,59976,10,b2:db:ca:e6:29:a6,56,2,0,0,-22,S,5c:62:8b:66:67:d2"
1791490551.205,"B,60076,10,46:88:44:6e:4f:e4,2703,6,0,0,-28,S,5c:62:8b:66:67:d2"
1791490551.205,"B,60076,10,5c:62:8b:66:67:d2,0,0,2843,11,-49,A,5c:62:8b:66:67:d2"
1791490551.205,"B,60076,10,72:3b:01:24:b7:c8,84,3,0,0,-16,S,5c:62:8b:66:67:d2"
1791490551.205,"B,60076,10,b2:db:ca:e6:29:a6,56,2,0,0,-21,S,5c:62:8b:66:67:d2"
1791490551.205,"I,60097,stat,rx=8954,drops=0,ch=10,bin=100,hop=0,heap=203064"
1791490551.407,"B,60176,10,46:88:44:6e:4f:e4,3753,9,0,0,-28,S,5c:62:8b:66:67:d2"
1791490551.407,"B,60176,10,5c:62:8b:66:67:d2,0,0,3893,14,-49,A,5c:62:8b:66:67:d2"
1791490551.407,"B,60176,10,72:3b:01:24:b7:c8,84,3,0,0,-17,S,5c:62:8b:66:67:d2"
1791490551.407,"B,60176,10,b2:db:ca:e6:29:a6,56,2,0,0,-20,S,5c:62:8b:66:67:d2"
1791490551.407,"B,60276,10,46:88:44:6e:4f:e4,2010,6,0,0,-28,S,5c:62:8b:66:67:d2"
1791490551.407,"B,60276,10,5c:62:8b:66:67:d2,0,0,2066,8,-48,A,5c:62:8b:66:67:d2"
1791490551.407,"B,60276,10,b2:db:ca:e6:29:a6,56,2,0,0,-22,S,5c:62:8b:66:67:d2"
1791490551.607,"B,60376,10,46:88:44:6e:4f:e4,2703,6,0,0,-29,S,5c:62:8b:66:67:d2"
1791490551.607,"B,60376,10,5c:62:8b:66:67:d2,0,0,2843,11,-48,A,5c:62:8b:66:67:d2"
1791490551.607,"B,60376,10,72:3b:01:24:b7:c8,84,3,0,0,-17,S,5c:62:8b:66:67:d2"
1791490551.607,"B,60376,10,a6:4c:bd:b6:c7:99,60,2,0,0,-89,S,78:8c:b5:f5:e7:26"
1791490551.607,"B,60376,10,78:8c:b5:f5:e7:26,0,0,60,2,-83,A,78:8c:b5:f5:e7:26"
1791490551.607,"B,60376,10,b2:db:ca:e6:29:a6,56,2,0,0,-22,S,5c:62:8b:66:67:d2"
1791490551.607,"B,60476,10,46:88:44:6e:4f:e4,1078,4,0,0,-29,S,5c:62:8b:66:67:d2"
1791490551.607,"B,60476,10,5c:62:8b:66:67:d2,0,0,1162,7,-48,A,5c:62:8b:66:67:d2"
1791490551.607,"B,60476,10,72:3b:01:24:b7:c8,28,1,0,0,-17,S,5c:62:8b:66:67:d2"
1791490551.607,"B,60476,10,b2:db:ca:e6:29:a6,56,2,0,0,-21,S,5c:62:8b:66:67:d2"
1791490551.812,"B,60576,10,46:88:44:6e:4f:e4,2675,5,0,0,-29,S,5c:62:8b:66:67:d2"
1791490551.812,"B,60576,10,5c:62:8b:66:67:d2,0,0,2731,7,-48,A,5c:62:8b:66:67:d2"
1791490551.812,"B,60576,10,72:3b:01:24:b7:c8,28,1,0,0,-16,S,5c:62:8b:66:67:d2"
1791490551.812,"B,60576,10,b2:db:ca:e6:29:a6,28,1,0,0,-21,S,5c:62:8b:66:67:d2"
1791490551.812,"B,60676,10,46:88:44:6e:4f:e4,3053,7,0,0,-29,S,5c:62:8b:66:67:d2"
1791490551.812,"B,60676,10,5c:62:8b:66:67:d2,0,0,3333,17,-49,A,5c:62:8b:66:67:d2"
1791490551.812,"B,60676,10,72:3b:01:24:b7:c8,224,8,0,0,-16,S,5c:62:8b:66:67:d2"
1791490551.812,"B,60676,10,a6:4c:bd:b6:c7:99,30,1,0,0,-90,S,78:8c:b5:f5:e7:26"
1791490551.812,"B,60676,10,78:8c:b5:f5:e7:26,0,0,30,1,-81,A,78:8c:b5:f5:e7:26"
1791490551.812,"B,60676,10,b2:db:ca:e6:29:a6,56,2,0,0,-21,S,5c:62:8b:66:67:d2"
1791490552.018,"B,60776,10,46:88:44:6e:4f:e4,2353,5,0,0,-29,S,5c:62:8b:66:67:d2"
1791490552.018,"B,60776,10,5c:62:8b:66:67:d2,0,0,2493,10,-49,A,5c:62:8b:66:67:d2"
1791490552.018,"B,60776,10,72:3b:01:24:b7:c8,84,3,0,0,-17,S,5c:62:8b:66:67:d2"
1791490552.018,"B,60776,10,b2:db:ca:e6:29:a6,56,2,0,0,-21,S,5c:62:8b:66:67:d2"
1791490552.018,"B,60876,10,46:88:44:6e:4f:e4,2703,6,0,0,-29,S,5c:62:8b:66:67:d2"
1791490552.018,"B,60876,10,5c:62:8b:66:67:d2,0,0,2871,12,0,A,5c:62:8b:66:67:d2"
1791490552.018,"B,60876,10,72:3b:01:24:b7:c8,84,3,0,0,-17,S,5c:62:8b:66:67:d2"
1791490552.018,"B,60876,10,b2:db:ca:e6:29:a6,84,3,0,0,-21,S,5c:62:8b:66:67:d2"
1791490552.221,"B,60976,10,46:88:44:6e:4f:e4,3053,7,0,0,-29,S,5c:62:8b:66:67:d2"
1791490552.221,"B,60976,10,5c:62:8b:66:67:d2,0,0,3193,12,-49,A,5c:62:8b:66:67:d2"
1791490552.221,"B,60976,10,72:3b:01:24:b7:c8,84,3,0,0,-16,S,5c:62:8b:66:67:d2"
1791490552.221,"B,60976,10,b2:db:ca:e6:29:a6,56,2,0,0,-21,S,5c:62:8b:66:67:d2"
1791490552.221,"B,61076,10,46:88:44:6e:4f:e4,1078,4,0,0,-29,S,5c:62:8b:66:67:d2"
1791490552.221,"B,61076,10,5c:62:8b:66:67:d2,0,0,1190,8,-48,A,5c:62:8b:66:67:d2"
1791490552.221,"B,61076,10,72:3b:01:24:b7:c8,28,1,0,0,-17,S,5c:62:8b:66:67:d2"
1791490552.221,"B,61076,10,a6:4c:bd:b6:c7:99,30,1,0,0,-91,S,78:8c:b5:f5:e7:26"
1791490552.221,"B,61076,10,78:8c:b5:f5:e7:26,0,0,30,1,-81,A,78:8c:b5:f5:e7:26"
1791490552.221,"B,61076,10,b2:db:ca:e6:29:a6,84,3,0,0,-20,S,5c:62:8b:66:67:d2"
1791490552.424,"B,61176,10,46:88:44:6e:4f:e4,3025,6,0,0,-29,S,5c:62:8b:66:67:d2"
1791490552.424,"B,61176,10,5c:62:8b:66:67:d2,0,0,3165,11,-49,A,5c:62:8b:66:67:d2"
1791490552.424,"B,61176,10,72:3b:01:24:b7:c8,84,3,0,0,-17,S,5c:62:8b:66:67:d2"
1791490552.424,"B,61176,10,b2:db:ca:e6:29:a6,56,2,0,0,-20,S,5c:62:8b:66:67:d2"
1791490552.424,"B,61276,10,46:88:44:6e:4f:e4,2703,6,0,0,-29,S,5c:62:8b:66:67:d2"
1791490552.424,"B,61276,10,5c:62:8b:66:67:d2,1750,5,2787,9,-49,A,5c:62:8b:66:67:d2"
1791490552.424,"B,61276,10,72:3b:01:24:b7:c8,28,1,1750,5,-16,S,5c:62:8b:66:67:d2"
1791490552.424,"B,61276,10,a6:4c:bd:b6:c7:99,30,1,0,0,-93,S,78:8c:b5:f5:e7:26"
1791490552.424,"B,61276,10,78:8c:b5:f5:e7:26,0,0,30,1,0,A,78:8c:b5:f5:e7:26"
1791490552.424,"B,61276,10,b2:db:ca:e6:29:a6,56,2,0,0,-21,S,5c:62:8b:66:67:d2"
1791490552.625,"B,61376,10,46:88:44:6e:4f:e4,3403,8,0,0,-28,S,5c:62:8b:66:67:d2"
1791490552.625,"B,61376,10,5c:62:8b:66:67:d2,1750,5,3627,16,-48,A,5c:62:8b:66:67:d2"
1791490552.625,"B,61376,10,72:3b:01:24:b7:c8,28,1,1750,5,-15,S,5c:62:8b:66:67:d2"
1791490552.625,"B,61376,10,b2:db:ca:e6:29:a6,196,7,0,0,-20,S,5c:62:8b:66:67:d2"
1791490552.625,"M,61381,slot,8,0"
1791490552.625,"B,61476,10,46:88:44:6e:4f:e4,3053,7,0,0,-28,S,5c:62:8b:66:67:d2"
1791490552.625,"B,61476,10,5c:62:8b:66:67:d2,0,0,3249,14,-49,A,5c:62:8b:66:67:d2"
1791490552.625,"B,61476,10,72:3b:01:24:b7:c8,112,4,0,0,-17,S,5c:62:8b:66:67:d2"
1791490552.625,"B,61476,10,b2:db:ca:e6:29:a6,84,3,0,0,-21,S,5c:62:8b:66:67:d2"
1791490552.830,"B,61576,10,46:88:44:6e:4f:e4,3746,7,0,0,-28,S,5c:62:8b:66:67:d2"
1791490552.830,"B,61576,10,5c:62:8b:66:67:d2,0,0,3830,10,-48,A,5c:62:8b:66:67:d2"
1791490552.830,"B,61576,10,72:3b:01:24:b7:c8,28,1,0,0,-17,S,5c:62:8b:66:67:d2"
1791490552.830,"B,61576,10,b2:db:ca:e6:29:a6,56,2,0,0,-21,S,5c:62:8b:66:67:d2"
1791490552.830,"B,61676,10,46:88:44:6e:4f:e4,1078,4,0,0,-29,S,5c:62:8b:66:67:d2"
1791490552.830,"B,61676,10,5c:62:8b:66:67:d2,0,0,1134,6,-48,A,5c:62:8b:66:67:d2"
1791490552.830,"B,61676,10,72:3b:01:24:b7:c8,56,2,0,0,-17,S,5c:62:8b:66:67:d2"
1791490553.031,"B,61776,10,46:88:44:6e:4f:e4,3025,6,0,0,-29,S,5c:62:8b:66:67:d2"
1791490553.031,"B,61776,10,5c:62:8b:66:67:d2,0,0,3277,15,-49,A,5c:62:8b:66:67:d2"
1791490553.031,"B,61776,10,72:3b:01:24:b7:c8,112,4,0,0,-17,S,5c:62:8b:66:67:d2"
1791490553.031,"B,61776,10,b2:db:ca:e6:29:a6,140,5,0,0,-21,S,5c:62:8b:66:67:d2"
1791490553.031,"B,61876,10,46:88:44:6e:4f:e4,2703,6,0,0,-29,S,5c:62:8b:66:67:d2"
1791490553.031,"B,61876,10,5c:62:8b:66:67:d2,0,0,2871,12,-49,A,5c:62:8b:66:67:d2"
1791490553.031,"B,61876,10,72:3b:01:24:b7:c8,140,5,0,0,-17,S,5c:62:8b:66:67:d2"
1791490553.031,"B,61876,10,b2:db:ca:e6:29:a6,28,1,0,0,-21,S,5c:62:8b:66:67:d2"
1791490553.236,"B,61976,10,46:88:44:6e:4f:e4,5603,9,0,0,-29,S,5c:62:8b:66:67:d2"
1791490553.236,"B,61976,10,5c:62:8b:66:67:d2,0,0,5603,9,-50,A,5c:62:8b:66:67:d2"
1791490553.236,"B,62076,10,46:88:44:6e:4f:e4,2703,6,0,0,-29,S,5c:62:8b:66:67:d2"
1791490553.236,"B,62076,10,5c:62:8b:66:67:d2,0,0,2787,9,-50,A,5c:62:8b:66:67:d2"
1791490553.236,"B,62076,10,72:3b:01:24:b7:c8,28,1,0,0,-17,S,5c:62:8b:66:67:d2"
1791490553.236,"B,62076,10,b2:db:ca:e6:29:a6,56,2,0,0,-21,S,5c:62:8b:66:67:d2"
1791490553.441,"B,62176,10,46:88:44:6e:4f:e4,2703,6,0,0,-29,S,5c:62:8b:66:67:d2"
1791490553.441,"B,62176,10,5c:62:8b:66:67:d2,0,0,2843,11,-48,A,5c:62:8b:66:67:d2"
1791490553.441,"B,62176,10,72:3b:01:24:b7:c8,56,2,0,0,-16,S,5c:62:8b:66:67:d2"
1791490553.441,"B,62176,10,b2:db:ca:e6:29:a6,84,3,0,0,-20,S,5c:62:8b:66:67:d2"
1791490553.441,"B,62276,10,46:88:44:6e:4f:e4,1050,3,0,0,-29,S,5c:62:8b:66:67:d2"
1791490553.441,"B,62276,10,5c:62:8b:66:67:d2,0,0,1218,9,-49,A,5c:62:8b:66:67:d2"
1791490553.441,"B,62276,10,72:3b:01:24:b7:c8,112,4,0,0,-17,S,5c:62:8b:66:67:d2"
1791490553.441,"B,62276,10,b2:db:ca:e6:29:a6,56,2,0,0,-21,S,5c:62:8b:66:67:d2"
1791490553.645,"B,62376,10,46:88:44:6e:4f:e4,2703,6,0,0,-29,S,5c:62:8b:66:67:d2"
1791490553.645,"B,62376,10,5c:62:8b:66:67:d2,0,0,2731,7,-48,A,5c:62:8b:66:67:d2"
1791490553.645,"B,62376,10,b2:db:ca:e6:29:a6,28,1,0,0,-21,S,5c:62:8b:66:67:d2"
1791490553.645,"B,62476,10,46:88:44:6e:4f:e4,2443,5,0,0,-29,S,5c:62:8b:66:67:d2"
1791490553.645,"B,62476,10,5c:62:8b:66:67:d2,0,0,2583,10,-48,A,5c:62:8b:66:67:d2"
1791490553.645,"B,62476,10,72:3b:01:24:b7:c8,56,2,0,0,-17,S,5c:62:8b:66:67:d2"
1791490553.645,"B,62476,10,a6:4c:bd:b6:c7:99,30,1,0,0,-91,S,78:8c:b5:f5:e7:26"
1791490553.645,"B,62476,10,78:8c:b5:f5:e7:26,0,0,30,1,-82,A,78:8c:b5:f5:e7:26"
1791490553.645,"B,62476,10,b2:db:ca:e6:29:a6,84,3,0,0,-21,S,5c:62:8b:66:67:d2"
1791490553.850,"B,62576,10,46:88:44:6e:4f:e4,1660,5,0,0,-29,S,5c:62:8b:66:67:d2"
1791490553.850,"B,62576,10,5c:62:8b:66:67:d2,0,0,1772,9,-48,A,5c:62:8b:66:67:d2"
1791490553.850,"B,62576,10,72:3b:01:24:b7:c8,56,2,0,0,-17,S,5c:62:8b:66:67:d2"
1791490553.850,"B,62576,10,b2:db:ca:e6:29:a6,56,2,0,0,-21,S,5c:62:8b:66:67:d2"
1791490553.850,"B,62676,10,46:88:44:6e:4f:e4,2797,7,138,1,-28,S,5c:62:8b:66:67:d2"
1791490553.850,"B,62676,10,5c:62:8b:66:67:d2,138,1,2881,10,-49,A,5c:62:8b:66:67:d2"
1791490553.850,"B,62676,10,b2:db:ca:e6:29:a6,84,3,0,0,-21,S,5c:62:8b:66:67:d2"
1791490554.053,"B,62776,10,46:88:44:6e:4f:e4,2703,6,0,0,-28,S,5c:62:8b:66:67:d2"
1791490554.053,"B,62776,10,5c:62:8b:66:67:d2,0,0,2815,10,-48,A,5c:62:8b:66:67:d2"
1791490554.053,"B,62776,10,72:3b:01:24:b7:c8,112,4,0,0,-16,S,5c:62:8b:66:67:d2"
1791490554.053,"B,62876,10,46:88:44:6e:4f:e4,1168,4,0,0,-29,S,5c:62:8b:66:67:d2"
1791490554.053,"B,62876,10,5c:62:8b:66:67:d2,0,0,1308,9,-49,A,5c:62:8b:66:67:d2"
1791490554.053,"B,62876,10,72:3b:01:24:b7:c8,84,3,0,0,-17,S,5c:62:8b:66:67:d2"
1791490554.053,"B,62876,10,b2:db:ca:e6:29:a6,56,2,0,0,-19,S,5c:62:8b:66:67:d2"
1791490554.253,"B,62976,10,46:88:44:6e:4f:e4,2703,6,0,0,-28,S,5c:62:8b:66:67:d2"
1791490554.253,"B,62976,10,5c:62:8b:66:67:d2,0,0,2731,7,-48,A,5c:62:8b:66:67:d2"
1791490554.253,"B,62976,10,b2:db:ca:e6:29:a6,28,1,0,0,-21,S,5c:62:8b:66:67:d2"
1791490554.253,"B,62976,10,38:d5:7a:f4:5a:37,30,1,0,0,-87,S,8a:ce:16:78:6f:dc"
1791490554.253,"B,62976,10,8a:ce:16:78:6f:dc,0,0,30,1,0,A,8a:ce:16:78:6f:dc"
1791490554.253,"B,63076,10,46:88:44:6e:4f:e4,2797,7,123,1,-29,S,5c:62:8b:66:67:d2"
1791490554.253,"B,63076,10,5c:62:8b:66:67:d2,123,1,3049,16,-48,A,5c:62:8b:66:67:d2"
1791490554.253,"B,63076,10,72:3b:01:24:b7:c8,196,7,0,0,-16,S,5c:62:8b:66:67:d2"
1791490554.253,"B,63076,10,78:8c:b5:f5:e7:26,80,1,0,0,-80,A,78:8c:b5:f5:e7:26"
1791490554.253,"B,63076,10,b2:db:ca:e6:29:a6,56,2,0,0,-21,S,5c:62:8b:66:67:d2"
1791490554.456,"B,63176,10,46:88:44:6e:4f:e4,3403,8,0,0,-29,S,5c:62:8b:66:67:d2"
1791490554.456,"B,63176,10,5c:62:8b:66:67:d2,0,0,3571,14,-48,A,5c:62:8b:66:67:d2"
1791490554.456,"B,63176,10,72:3b:01:24:b7:c8,112,4,0,0,-17,S,5c:62:8b:66:67:d2"
1791490554.456,"B,63176,10,78:8c:b5:f5:e7:26,0,0,84,3,0,A,78:8c:b5:f5:e7:26"
1791490554.456,"B,63176,10,b2:db:ca:e6:29:a6,56,2,0,0,-21,S,5c:62:8b:66:67:d2"
1791490554.456,"B,63176,10,00:08:22:24:d6:fb,84,3,0,0,-80,S,78:8c:b5:f5:e7:26"
1791490554.456,"B,63276,10,46:88:44:6e:4f:e4,3053,7,0,0,-29,S,5c:62:8b:66:67:d2"
1791490554.456,"B,63276,10,5c:62:8b:66:67:d2,0,0,3109,9,-48,A,5c:62:8b:66:67:d2"
1791490554.456,"B,63276,10,a6:4c:bd:b6:c7:99,30,1,0,0,-90,S,78:8c:b5:f5:e7:26"
1791490554.456,"B,63276,10,78:8c:b5:f5:e7:26,0,0,30,1,-80,A,78:8c:b5:f5:e7:26"
1791490554.456,"B,63276,10,b2:db:ca:e6:29:a6,56,2,0,0,-21,S,5c:62:8b:66:67:d2"
1791490554.657,"B,63376,10,46:88:44:6e:4f:e4,2703,6,0,0,-29,S,5c:62:8b:66:67:d2"
1791490554.657,"B,63376,10,5c:62:8b:66:67:d2,0,0,2955,15,-49,A,5c:62:8b:66:67:d2"
1791490554.657,"B,63376,10,72:3b:01:24:b7:c8,196,7,0,0,-17,S,5c:62:8b:66:67:d2"
1791490554.657,"B,63376,10,b2:db:ca:e6:29:a6,56,2,0,0,-20,S,5c:62:8b:66:67:d2"
1791490554.657,"B,63476,10,46:88:44:6e:4f:e4,1778,6,0,0,-29,S,5c:62:8b:66:67:d2"
1791490554.657,"B,63476,10,5c:62:8b:66:67:d2,0,0,1918,11,-48,A,5c:62:8b:66:67:d2"
1791490554.657,"B,63476,10,72:3b:01:24:b7:c8,84,3,0,0,-16,S,5c:62:8b:66:67:d2"
1791490554.657,"B,63476,10,b2:db:ca:e6:29:a6,56,2,0,0,-21,S,5c:62:8b:66:67:d2"
1791490554.859,"B,63576,10,46:88:44:6e:4f:e4,2675,5,0,0,-29,S,5c:62:8b:66:67:d2"
1791490554.859,"B,63576,10,5c:62:8b:66:67:d2,0,0,2703,6,-48,A,5c:62:8b:66:67:d2"
1791490554.859,"B,63576,10,b2:db:ca:e6:29:a6,28,1,0,0,-22,S,5c:62:8b:66:67:d2"
1791490554.859,"B,63676,10,46:88:44:6e:4f:e4,3403,8,0,0,-29,S,5c:62:8b:66:67:d2"
1791490554.859,"B,63676,10,5c:62:8b:66:67:d2,0,0,3543,13,-48,A,5c:62:8b:66:67:d2"
1791490554.859,"B,63676,10,72:3b:01:24:b7:c8,84,3,0,0,-17,S,5c:62:8b:66:67:d2"
1791490554.859,"B,63676,10,b2:db:ca:e6:29:a6,56,2,0,0,-21,S,5c:62:8b:66:67:d2"
1791490555.064,"B,63776,10,46:88:44:6e:4f:e4,3403,8,0,0,-30,S,5c:62:8b:66:67:d2"
1791490555.064,"B,63776,10,5c:62:8b:66:67:d2,0,0,3459,10,-48,A,5c:62:8b:66:67:d2"
1791490555.064,"B,63776,10,72:3b:01:24:b7:c8,28,1,0,0,-17,S,5c:62:8b:66:67:d2"
1791490555.064,"B,63776,10,b2:db:ca:e6:29:a6,28,1,0,0,-21,S,5c:62:8b:66:67:d2"
1791490555.064,"B,63876,10,46:88:44:6e:4f:e4,2353,5,0,0,-30,S,5c:62:8b:66:67:d2"
1791490555.064,"B,63876,10,5c:62:8b:66:67:d2,0,0,2465,9,-49,A,5c:62:8b:66:67:d2"
1791490555.064,"B,63876,10,72:3b:01:24:b7:c8,56,2,0,0,-17,S,5c:62:8b:66:67:d2"
1791490555.064,"B,63876,10,a6:4c:bd:b6:c7:99,30,1,0,0,-91,S,78:8c:b5:f5:e7:26"
1791490555.064,"B,63876,10,78:8c:b5:f5:e7:26,0,0,30,1,-81,A,78:8c:b5:f5:e7:26"
1791490555.064,"B,63876,10,b2:db:ca:e6:29:a6,56,2,0,0,-21,S,5c:62:8b:66:67:d2"
1791490555.265,"B,63976,10,46:88:44:6e:4f:e4,2703,6,0,0,-28,S,5c:62:8b:66:67:d2"
1791490555.265,"B,63976,10,5c:62:8b:66:67:d2,0,0,2815,10,-49,A,5c:62:8b:66:67:d2"
1791490555.265,"B,63976,10,72:3b:01:24:b7:c8,84,3,0,0,-16,S,5c:62:8b:66:67:d2"
1791490555.265,"B,63976,10,a6:4c:bd:b6:c7:99,30,1,0,0,-91,S,78:8c:b5:f5:e7:26"
1791490555.265,"B,63976,10,78:8c:b5:f5:e7:26,0,0,30,1,0,A,78:8c:b5:f5:e7:26"
1791490555.265,"B,63976,10,b2:db:ca:e6:29:a6,28,1,0,0,-21,S,5c:62:8b:66:67:d2"
1791490555.265,"B,64076,10,46:88:44:6e:4f:e4,1078,4,0,0,-28,S,5c:62:8b:66:67:d2"
1791490555.265,"B,64076,10,5c:62:8b:66:67:d2,0,0,1162,7,-48,A,5c:62:8b:66:67:d2"
1791490555.265,"B,64076,10,72:3b:01:24:b7:c8,28,1,0,0,-17,S,5c:62:8b:66:67:d2"
1791490555.265,"B,64076,10,b2:db:ca:e6:29:a6,56,2,0,0,-21,S,5c:62:8b:66:67:d2"
1791490555.468,"B,64176,10,46:88:44:6e:4f:e4,2675,5,0,0,-29,S,5c:62:8b:66:67:d2"
1791490555.468,"B,64176,10,5c:62:8b:66:67:d2,0,0,2843,11,-48,A,5c:62:8b:66:67:d2"
1791490555.468,"B,64176,10,72:3b:01:24:b7:c8,112,4,0,0,-16,S,5c:62:8b:66:67:d2"
1791490555.468,"B,64176,10,b2:db:ca:e6:29:a6,56,2,0,0,-21,S,5c:62:8b:66:67:d2"
1791490555.468,"B,64276,10,46:88:44:6e:4f:e4,2703,6,0,0,-28,S,5c:62:8b:66:67:d2"
1791490555.468,"B,64276,10,5c:62:8b:66:67:d2,0,0,2815,10,-48,A,5c:62:8b:66:67:d2"
1791490555.468,"B,64276,10,72:3b:01:24:b7:c8,84,3,0,0,-17,S,5c:62:8b:66:67:d2"
1791490555.468,"B,64276,10,b2:db:ca:e6:29:a6,28,1,0,0,-19,S,5c:62:8b:66:67:d2"
1791490555.672,"B,64376,10,46:88:44:6e:4f:e4,2703,6,0,0,-29,S,5c:62:8b:66:67:d2"
1791490555.672,"B,64376,10,5c:62:8b:66:67:d2,0,0,2787,9,-48,A,5c:62:8b:66:67:d2"
1791490555.672,"B,64376,10,72:3b:01:24:b7:c8,28,1,0,0,-17,S,5c:62:8b:66:67:d2"
1791490555.672,"B,64376,10,b2:db:ca:e6:29:a6,56,2,0,0,-21,S,5c:62:8b:66:67:d2"
1791490555.672,"B,64476,10,46:88:44:6e:4f:e4,2703,6,0,0,-29,S,5c:62:8b:66:67:d2"
1791490555.672,"B,64476,10,5c:62:8b:66:67:d2,0,0,2955,15,-49,A,5c:62:8b:66:67:d2"
1791490555.672,"B,64476,10,72:3b:01:24:b7:c8,196,7,0,0,-17,S,5c:62:8b:66:67:d2"
1791490555.672,"B,64476,10,b2:db:ca:e6:29:a6,56,2,0,0,-21,S,5c:62:8b:66:67:d2"
1791490555.872,"B,64576,10,46:88:44:6e:4f:e4,1078,4,0,0,-29,S,5c:62:8b:66:67:d2"
1791490555.872,"B,64576,10,5c:62:8b:66:67:d2,0,0,1218,9,-49,A,5c:62:8b:66:67:d2"
1791490555.872,"B,64576,10,72:3b:01:24:b7:c8,84,3,0,0,-17,S,5c:62:8b:66:67:d2"
1791490555.872,"B,64576,10,b2:db:ca:e6:29:a6,56,2,0,0,-21,S,5c:62:8b:66:67:d2"
1791490555.872,"B,64676,10,46:88:44:6e:4f:e4,4539,9,0,0,-29,S,5c:62:8b:66:67:d2"
1791490555.872,"B,64676,10,5c:62:8b:66:67:d2,0,0,4623,12,-48,A,5c:62:8b:66:67:d2"
1791490555.872,"B,64676,10,72:3b:01:24:b7:c8,28,1,0,0,-17,S,5c:62:8b:66:67:d2"
1791490555.872,"B,64676,10,b2:db:ca:e6:29:a6,56,2,0,0,-21,S,5c:62:8b:66:67:d2"
1791490555.872,"B,64776,10,46:88:44:6e:4f:e4,3867,8,0,0,-29,S,5c:62:8b:66:67:d2"
1791490555.872,"B,64776,10,5c:62:8b:66:67:d2,0,0,4007,13,-48,A,5c:62:8b:66:67:d2"
1791490555.872,"B,64776,10,72:3b:01:24:b7:c8,84,3,0,0,-17,S,5c:62:8b:66:67:d2"
1791490556.072,"B,64776,10,b2:db:ca:e6:29:a6,56,2,0,0,-21,S,5c:62:8b:66:67:d2"
1791490556.072,"B,64876,10,46:88:44:6e:4f:e4,5721,10,0,0,-29,S,5c:62:8b:66:67:d2"
1791490556.072,"B,64876,10,5c:62:8b:66:67:d2,0,0,5805,13,-48,A,5c:62:8b:66:67:d2"
1791490556.072,"B,64876,10,72:3b:01:24:b7:c8,84,3,0,0,-17,S,5c:62:8b:66:67:d2"
1791490556.072,"B,64876,10,a6:4c:bd:b6:c7:99,30,1,0,0,-93,S,78:8c:b5:f5:e7:26"
1791490556.072,"B,64876,10,78:8c:b5:f5:e7:26,0,0,30,1,-80,A,78:8c:b5:f5:e7:26"
1791490556.072,"B,64976,10,46:88:44:6e:4f:e4,6303,11,0,0,-29,S,5c:62:8b:66:67:d2"
1791490556.273,"B,64976,10,5c:62:8b:66:67:d2,0,0,6443,16,-50,A,5c:62:8b:66:67:d2"
1791490556.273,"B,64976,10,72:3b:01:24:b7:c8,112,4,0,0,-17,S,5c:62:8b:66:67:d2"
1791490556.273,"B,64976,10,a6:4c:bd:b6:c7:99,60,2,0,0,-90,S,78:8c:b5:f5:e7:26"
1791490556.273,"B,64976,10,78:8c:b5:f5:e7:26,0,0,60,2,-82,A,78:8c:b5:f5:e7:26"
1791490556.273,"B,64976,10,b2:db:ca:e6:29:a6,28,1,0,0,-21,S,5c:62:8b:66:67:d2"
1791490556.273,"B,65076,10,46:88:44:6e:4f:e4,2703,6,0,0,-29,S,5c:62:8b:66:67:d2"
1791490556.273,"B,65076,10,5c:62:8b:66:67:d2,0,0,2787,9,-48,A,5c:62:8b:66:67:d2"
1791490556.273,"B,65076,10,b2:db:ca:e6:29:a6,84,3,0,0,-21,S,5c:62:8b:66:67:d2"
1791490556.273,"I,65099,stat,rx=9635,drops=0,ch=10,bin=100,hop=0,heap=203064"
1791490556.273,"B,65176,10,46:88:44:6e:4f:e4,5427,11,0,0,-29,S,5c:62:8b:66:67:d2"
1791490556.273,"B,65176,10,5c:62:8b:66:67:d2,0,0,5539,15,0,A,5c:62:8b:66:67:d2"
1791490556.273,"B,65176,10,72:3b:01:24:b7:c8,84,3,0,0,-16,S,5c:62:8b:66:67:d2"
1791490556.273,"B,65176,10,b2:db:ca:e6:29:a6,28,1,0,0,-21,S,5c:62:8b:66:67:d2"
1791490556.473,"B,65276,10,46:88:44:6e:4f:e4,2128,7,0,0,-28,S,5c:62:8b:66:67:d2"
1791490556.473,"B,65276,10,5c:62:8b:66:67:d2,0,0,2324,14,-48,A,5c:62:8b:66:67:d2"
1791490556.473,"B,65276,10,72:3b:01:24:b7:c8,140,5,0,0,-17,S,5c:62:8b:66:67:d2"
1791490556.473,"B,65276,10,a6:4c:bd:b6:c7:99,30,1,0,0,-91,S,78:8c:b5:f5:e7:26"
1791490556.473,"B,65276,10,78:8c:b5:f5:e7:26,0,0,30,1,-80,A,78:8c:b5:f5:e7:26"
1791490556.473,"B,65276,10,b2:db:ca:e6:29:a6,56,2,0,0,-20,S,5c:62:8b:66:67:d2"
1791490556.473,"B,65376,10,46:88:44:6e:4f:e4,2675,5,0,0,-29,S,5c:62:8b:66:67:d2"
1791490556.473,"B,65376,10,5c:62:8b:66:67:d2,0,0,2731,7,-48,A,5c:62:8b:66:67:d2"
1791490556.473,"B,65376,10,78:8c:b5:f5:e7:26,84,1,0,0,-83,A,78:8c:b5:f5:e7:26"
1791490556.473,"B,65376,10,b2:db:ca:e6:29:a6,56,2,0,0,-20,S,5c:62:8b:66:67:d2"
1791490556.674,"B,65476,10,46:88:44:6e:4f:e4,2703,6,0,0,-28,S,5c:62:8b:66:67:d2"
1791490556.674,"B,65476,10,5c:62:8b:66:67:d2,0,0,2759,8,-48,A,5c:62:8b:66:67:d2"
1791490556.674,"B,65476,10,72:3b:01:24:b7:c8,28,1,0,0,-17,S,5c:62:8b:66:67:d2"
1791490556.674,"B,65476,10,b2:db:ca:e6:29:a6,28,1,0,0,-21,S,5c:62:8b:66:67:d2"
1791490556.674,"B,65576,10,46:88:44:6e:4f:e4,3053,7,0,0,-28,S,5c:62:8b:66:67:d2"
1791490556.674,"B,65576,10,5c:62:8b:66:67:d2,0,0,3165,11,-48,A,5c:62:8b:66:67:d2"
1791490556.874,"B,65576,10,72:3b:01:24:b7:c8,56,2,0,0,-16,S,5c:62:8b:66:67:d2"
1791490556.874,"B,65576,10,b2:db:ca:e6:29:a6,56,2,0,0,-20,S,5c:62:8b:66:67:d2"
1791490556.874,"B,65676,10,46:88:44:6e:4f:e4,1078,4,0,0,-29,S,5c:62:8b:66:67:d2"
1791490556.874,"B,65676,10,5c:62:8b:66:67:d2,0,0,1134,6,-48,A,5c:62:8b:66:67:d2"
1791490556.874,"B,65676,10,a6:4c:bd:b6:c7:99,30,1,0,0,-94,S,78:8c:b5:f5:e7:26"
1791490556.874,"B,65676,10,78:8c:b5:f5:e7:26,0,0,30,1,-79,A,78:8c:b5:f5:e7:26"
1791490556.874,"B,65676,10,b2:db:ca:e6:29:a6,56,2,0,0,-21,S,5c:62:8b:66:67:d2"
1791490556.874,"B,65776,10,46:88:44:6e:4f:e4,8025,15,0,0,-29,S,5c:62:8b:66:67:d2"
1791490556.874,"B,65776,10,5c:62:8b:66:67:d2,0,0,8277,24,-48,A,5c:62:8b:66:67:d2"
1791490556.874,"B,65776,10,72:3b:01:24:b7:c8,224,8,0,0,-16,S,5c:62:8b:66:67:d2"
1791490556.874,"B,65776,10,b2:db:ca:e6:29:a6,28,1,0,0,-21,S,5c:62:8b:66:67:d2"
1791490557.076,"B,65876,10,46:88:44:6e:4f:e4,7239,15,0,0,-29,S,5c:62:8b:66:67:d2"
1791490557.076,"B,65876,10,5c:62:8b:66:67:d2,0,0,7491,24,-48,A,5c:62:8b:66:67:d2"
1791490557.076,"B,65876,10,72:3b:01:24:b7:c8,196,7,0,0,-17,S,5c:62:8b:66:67:d2"
1791490557.076,"B,65876,10,b2:db:ca:e6:29:a6,56,2,0,0,-20,S,5c:62:8b:66:67:d2"
1791490557.076,"B,65976,10,46:88:44:6e:4f:e4,6189,12,0,0,-29,S,5c:62:8b:66:67:d2"
1791490557.076,"B,65976,10,5c:62:8b:66:67:d2,0,0,6273,15,-48,A,5c:62:8b:66:67:d2"
1791490557.076,"B,65976,10,b2:db:ca:e6:29:a6,84,3,0,0,-21,S,5c:62:8b:66:67:d2"
1791490557.276,"B,66076,10,46:88:44:6e:4f:e4,4103,10,0,0,-29,S,5c:62:8b:66:67:d2"
1791490557.276,"B,66076,10,5c:62:8b:66:67:d2,0,0,4215,14,-48,A,5c:62:8b:66:67:d2"
1791490557.276,"B,66076,10,72:3b:01:24:b7:c8,84,3,0,0,-17,S,5c:62:8b:66:67:d2"
1791490557.276,"B,66076,10,b2:db:ca:e6:29:a6,28,1,0,0,-21,S,5c:62:8b:66:67:d2"
1791490557.276,"B,66176,10,46:88:44:6e:4f:e4,6393,11,0,0,-29,S,5c:62:8b:66:67:d2"
1791490557.276,"B,66176,10,5c:62:8b:66:67:d2,0,0,6533,16,-48,A,5c:62:8b:66:67:d2"
1791490557.276,"B,66176,10,72:3b:01:24:b7:c8,112,4,0,0,-17,S,5c:62:8b:66:67:d2"
1791490557.276,"B,66176,10,b2:db:ca:e6:29:a6,28,1,0,0,-21,S,5c:62:8b:66:67:d2"
1791490557.478,"B,66276,10,46:88:44:6e:4f:e4,3403,8,0,0,-29,S,5c:62:8b:66:67:d2"
1791490557.478,"B,66276,10,5c:62:8b:66:67:d2,0,0,3403,8,-48,A,5c:62:8b:66:67:d2"
1791490557.478,"B,66276,10,a6:4c:bd:b6:c7:99,30,1,0,0,-91,S,78:8c:b5:f5:e7:26"
1791490557.478,"B,66276,10,78:8c:b5:f5:e7:26,0,0,30,1,-81,A,78:8c:b5:f5:e7:26"
1791490557.478,"B,66376,10,46:88:44:6e:4f:e4,4103,10,0,0,-29,S,5c:62:8b:66:67:d2"
1791490557.478,"B,66376,10,5c:62:8b:66:67:d2,0,0,4215,14,-49,A,5c:62:8b:66:67:d2"
1791490557.478,"B,66376,10,72:3b:01:24:b7:c8,112,4,0,0,-17,S,5c:62:8b:66:67:d2"
1791490557.679,"M,66462,slot,9,0"
1791490557.679,"B,66476,10,46:88:44:6e:4f:e4,1078,4,0,0,-29,S,5c:62:8b:66:67:d2"
1791490557.679,"B,66476,10,5c:62:8b:66:67:d2,0,0,1162,7,-48,A,5c:62:8b:66:67:d2"
1791490557.679,"B,66476,10,72:3b:01:24:b7:c8,84,3,0,0,-16,S,5c:62:8b:66:67:d2"
1791490557.679,"B,66576,10,46:88:44:6e:4f:e4,3053,7,0,0,-29,S,5c:62:8b:66:67:d2"
1791490557.679,"B,66576,10,5c:62:8b:66:67:d2,0,0,3081,8,-48,A,5c:62:8b:66:67:d2"
1791490557.679,"B,66576,10,b2:db:ca:e6:29:a6,28,1,0,0,-22,S,5c:62:8b:66:67:d2"
1791490557.881,"B,66676,10,46:88:44:6e:4f:e4,2675,5,0,0,-29,S,5c:62:8b:66:67:d2"
1791490557.881,"B,66676,10,5c:62:8b:66:67:d2,0,0,2927,14,-49,A,5c:62:8b:66:67:d2"
1791490557.881,"B,66676,10,72:3b:01:24:b7:c8,196,7,0,0,-17,S,5c:62:8b:66:67:d2"
1791490557.881,"B,66676,10,b2:db:ca:e6:29:a6,56,2,0,0,-20,S,5c:62:8b:66:67:d2"
1791490557.881,"B,66776,10,46:88:44:6e:4f:e4,2703,6,0,0,-28,S,5c:62:8b:66:67:d2"
1791490557.881,"B,66776,10,5c:62:8b:66:67:d2,0,0,2921,11,-49,A,5c:62:8b:66:67:d2"
1791490557.881,"B,66776,10,72:3b:01:24:b7:c8,56,2,0,0,-17,S,5c:62:8b:66:67:d2"
1791490557.881,"B,66776,10,b2:db:ca:e6:29:a6,162,3,0,0,-19,S,5c:62:8b:66:67:d2"
1791490558.082,"B,66876,10,46:88:44:6e:4f:e4,2703,6,0,0,-28,S,5c:62:8b:66:67:d2"
1791490558.082,"B,66876,10,5c:62:8b:66:67:d2,0,0,2731,7,-48,A,5c:62:8b:66:67:d2"
1791490558.082,"B,66876,10,b2:db:ca:e6:29:a6,28,1,0,0,-22,S,5c:62:8b:66:67:d2"
1791490558.082,"B,66976,10,46:88:44:6e:4f:e4,2703,6,0,0,-28,S,5c:62:8b:66:67:d2"
1791490558.082,"B,66976,10,5c:62:8b:66:67:d2,0,0,2871,12,-48,A,5c:62:8b:66:67:d2"
1791490558.082,"B,66976,10,72:3b:01:24:b7:c8,112,4,0,0,-16,S,5c:62:8b:66:67:d2"
1791490558.082,"B,66976,10,b2:db:ca:e6:29:a6,56,2,0,0,-20,S,5c:62:8b:66:67:d2"
1791490558.082,"B,66976,10,80:af:ca:68:4c:f8,104,1,0,0,-86,A,80:af:ca:68:4c:f8"
1791490558.283,"B,67076,10,46:88:44:6e:4f:e4,1050,3,0,0,-29,S,5c:62:8b:66:67:d2"
1791490558.283,"B,67076,10,5c:62:8b:66:67:d2,0,0,1106,5,-48,A,5c:62:8b:66:67:d2"
1791490558.283,"B,67076,10,72:3b:01:24:b7:c8,28,1,0,0,-20,S,5c:62:8b:66:67:d2"
1791490558.283,"B,67076,10,b2:db:ca:e6:29:a6,28,1,0,0,-20,S,5c:62:8b:66:67:d2"
1791490558.283,"B,67176,10,46:88:44:6e:4f:e4,2703,6,0,0,-29,S,5c:62:8b:66:67:d2"
1791490558.283,"B,67176,10,5c:62:8b:66:67:d2,0,0,2815,10,-49,A,5c:62:8b:66:67:d2"
1791490558.283,"B,67176,10,72:3b:01:24:b7:c8,56,2,0,0,-17,S,5c:62:8b:66:67:d2"
1791490558.283,"B,67176,10,b2:db:ca:e6:29:a6,56,2,0,0,-21,S,5c:62:8b:66:67:d2"
1791490558.486,"B,67276,10,46:88:44:6e:4f:e4,3753,9,0,0,-29,S,5c:62:8b:66:67:d2"
1791490558.486,"B,67276,10,5c:62:8b:66:67:d2,0,0,3865,13,-48,A,5c:62:8b:66:67:d2"
1791490558.486,"B,67276,10,72:3b:01:24:b7:c8,84,3,0,0,-16,S,5c:62:8b:66:67:d2"
1791490558.486,"B,67276,10,b2:db:ca:e6:29:a6,28,1,0,0,-19,S,5c:62:8b:66:67:d2"
1791490558.486,"B,67376,10,46:88:44:6e:4f:e4,4096,8,0,0,-29,S,5c:62:8b:66:67:d2"
1791490558.486,"B,67376,10,5c:62:8b:66:67:d2,4200,12,4180,11,-48,A,5c:62:8b:66:67:d2"
1791490558.486,"B,67376,10,72:3b:01:24:b7:c8,28,1,4200,12,-16,S,5c:62:8b:66:67:d2"
1791490558.486,"B,67376,10,b2:db:ca:e6:29:a6,56,2,0,0,-20,S,5c:62:8b:66:67:d2"
1791490558.688,"B,67476,10,46:88:44:6e:4f:e4,1428,5,0,0,-29,S,5c:62:8b:66:67:d2"
1791490558.688,"B,67476,10,5c:62:8b:66:67:d2,0,0,1484,7,-48,A,5c:62:8b:66:67:d2"
1791490558.688,"B,67476,10,b2:db:ca:e6:29:a6,56,2,0,0,-21,S,5c:62:8b:66:67:d2"
1791490558.688,"B,67576,10,46:88:44:6e:4f:e4,2703,6,138,1,-29,S,5c:62:8b:66:67:d2"
1791490558.688,"B,67576,10,5c:62:8b:66:67:d2,138,1,2787,9,-49,A,5c:62:8b:66:67:d2"
1791490558.688,"B,67576,10,72:3b:01:24:b7:c8,56,2,0,0,-17,S,5c:62:8b:66:67:d2"
1791490558.688,"B,67576,10,b2:db:ca:e6:29:a6,28,1,0,0,-20,S,5c:62:8b:66:67:d2"
1791490558.892,"B,67676,10,46:88:44:6e:4f:e4,1050,3,0,0,-29,S,5c:62:8b:66:67:d2"
1791490558.892,"B,67676,10,5c:62:8b:66:67:d2,0,0,1078,4,-48,A,5c:62:8b:66:67:d2"
1791490558.892,"B,67676,10,72:3b:01:24:b7:c8,28,1,0,0,-17,S,5c:62:8b:66:67:d2"
1791490558.892,"B,67776,10,46:88:44:6e:4f:e4,3053,7,0,0,-29,S,5c:62:8b:66:67:d2"
1791490558.892,"B,67776,10,5c:62:8b:66:67:d2,0,0,3249,14,-48,A,5c:62:8b:66:67:d2"
1791490558.892,"B,67776,10,72:3b:01:24:b7:c8,112,4,0,0,-17,S,5c:62:8b:66:67:d2"
1791490558.892,"B,67776,10,b2:db:ca:e6:29:a6,84,3,0,0,-22,S,5c:62:8b:66:67:d2"
1791490559.096,"B,67876,10,46:88:44:6e:4f:e4,2419,5,0,0,-29,S,5c:62:8b:66:67:d2"
1791490559.096,"B,67876,10,5c:62:8b:66:67:d2,0,0,2699,15,-48,A,5c:62:8b:66:67:d2"
1791490559.096,"B,67876,10,72:3b:01:24:b7:c8,252,9,0,0,-16,S,5c:62:8b:66:67:d2"
1791490559.096,"B,67876,10,b2:db:ca:e6:29:a6,28,1,0,0,-21,S,5c:62:8b:66:67:d2"
1791490559.096,"B,67976,10,46:88:44:6e:4f:e4,2703,6,0,0,-29,S,5c:62:8b:66:67:d2"
1791490559.096,"B,67976,10,5c:62:8b:66:67:d2,0,0,2787,9,-48,A,5c:62:8b:66:67:d2"
1791490559.096,"B,67976,10,72:3b:01:24:b7:c8,28,1,0,0,-17,S,5c:62:8b:66:67:d2"
1791490559.096,"B,67976,10,b2:db:ca:e6:29:a6,56,2,0,0,-21,S,5c:62:8b:66:67:d2"
1791490559.301,"B,68076,10,46:88:44:6e:4f:e4,3053,7,0,0,-28,S,5c:62:8b:66:67:d2"
1791490559.301,"B,68076,10,5c:62:8b:66:67:d2,0,0,3193,12,-49,A,5c:62:8b:66:67:d2"
1791490559.301,"B,68076,10,72:3b:01:24:b7:c8,112,4,0,0,-17,S,5c:62:8b:66:67:d2"
1791490559.301,"B,68076,10,78:8c:b5:f5:e7:26,80,1,0,0,-81,A,78:8c:b5:f5:e7:26"
1791490559.301,"B,68076,10,b2:db:ca:e6:29:a6,28,1,0,0,-22,S,5c:62:8b:66:67:d2"
1791490559.301,"B,68176,10,46:88:44:6e:4f:e4,3746,7,0,0,-28,S,5c:62:8b:66:67:d2"
1791490559.301,"B,68176,10,5c:62:8b:66:67:d2,0,0,3886,12,-48,A,5c:62:8b:66:67:d2"
1791490559.301,"B,68176,10,72:3b:01:24:b7:c8,84,3,0,0,-16,S,5c:62:8b:66:67:d2"
1791490559.301,"B,68176,10,b2:db:ca:e6:29:a6,56,2,0,0,-21,S,5c:62:8b:66:67:d2"
1791490559.503,"B,68276,10,46:88:44:6e:4f:e4,700,2,0,0,-29,S,5c:62:8b:66:67:d2"
1791490559.503,"B,68276,10,5c:62:8b:66:67:d2,0,0,868,8,-48,A,5c:62:8b:66:67:d2"
1791490559.503,"B,68276,10,72:3b:01:24:b7:c8,140,5,0,0,-17,S,5c:62:8b:66:67:d2"
1791490559.503,"B,68276,10,a6:4c:bd:b6:c7:99,30,1,0,0,-91,S,78:8c:b5:f5:e7:26"
1791490559.503,"B,68276,10,78:8c:b5:f5:e7:26,0,0,30,1,-80,A,78:8c:b5:f5:e7:26"
1791490559.503,"B,68276,10,b2:db:ca:e6:29:a6,28,1,0,0,-20,S,5c:62:8b:66:67:d2"
1791490559.503,"B,68376,10,46:88:44:6e:4f:e4,2703,6,0,0,-28,S,5c:62:8b:66:67:d2"
1791490559.503,"B,68376,10,5c:62:8b:66:67:d2,0,0,2787,9,-48,A,5c:62:8b:66:67:d2"
1791490559.503,"B,68376,10,72:3b:01:24:b7:c8,28,1,0,0,-16,S,5c:62:8b:66:67:d2"
1791490559.503,"B,68376,10,b2:db:ca:e6:29:a6,56,2,0,0,-21,S,5c:62:8b:66:67:d2"
1791490559.707,"B,68476,10,46:88:44:6e:4f:e4,2703,6,0,0,-29,S,5c:62:8b:66:67:d2"
1791490559.707,"B,68476,10,5c:62:8b:66:67:d2,0,0,2843,11,-48,A,5c:62:8b:66:67:d2"
1791490559.707,"B,68476,10,72:3b:01:24:b7:c8,84,3,0,0,-16,S,5c:62:8b:66:67:d2"
1791490559.707,"B,68476,10,b2:db:ca:e6:29:a6,56,2,0,0,-20,S,5c:62:8b:66:67:d2"
1791490559.707,"B,68576,10,46:88:44:6e:4f:e4,2703,6,0,0,-29,S,5c:62:8b:66:67:d2"
1791490559.707,"B,68576,10,5c:62:8b:66:67:d2,0,0,2815,10,-49,A,5c:62:8b:66:67:d2"
1791490559.707,"B,68576,10,72:3b:01:24:b7:c8,84,3,0,0,-16,S,5c:62:8b:66:67:d2"
1791490559.707,"B,68576,10,b2:db:ca:e6:29:a6,28,1,0,0,-21,S,5c:62:8b:66:67:d2"
1791490559.912,"B,68676,10,46:88:44:6e:4f:e4,2703,6,0,0,-29,S,5c:62:8b:66:67:d2"
1791490559.912,"B,68676,10,5c:62:8b:66:67:d2,0,0,2731,7,-48,A,5c:62:8b:66:67:d2"
1791490559.912,"B,68676,10,b2:db:ca:e6:29:a6,28,1,0,0,-21,S,5c:62:8b:66:67:d2"
1791490559.912,"B,68776,10,46:88:44:6e:4f:e4,4789,8,0,0,-29,S,5c:62:8b:66:67:d2"
1791490559.912,"B,68776,10,5c:62:8b:66:67:d2,0,0,4929,13,-48,A,5c:62:8b:66:67:d2"
1791490559.912,"B,68776,10,72:3b:01:24:b7:c8,84,3,0,0,-16,S,5c:62:8b:66:67:d2"
1791490559.912,"B,68776,10,b2:db:ca:e6:29:a6,56,2,0,0,-21,S,5c:62:8b:66:67:d2"
1791490560.115,"B,68876,10,46:88:44:6e:4f:e4,1750,5,0,0,-29,S,5c:62:8b:66:67:d2"
1791490560.115,"B,68876,10,5c:62:8b:66:67:d2,0,0,1974,13,-49,A,5c:62:8b:66:67:d2"
1791490560.115,"B,68876,10,72:3b:01:24:b7:c8,140,5,0,0,-17,S,5c:62:8b:66:67:d2"
1791490560.115,"B,68876,10,b2:db:ca:e6:29:a6,84,3,0,0,-20,S,5c:62:8b:66:67:d2"
1791490560.115,"B,68976,10,46:88:44:6e:4f:e4,3285,7,0,0,-29,S,5c:62:8b:66:67:d2"
1791490560.115,"B,68976,10,5c:62:8b:66:67:d2,0,0,3341,9,-48,A,5c:62:8b:66:67:d2"
1791490560.115,"B,68976,10,b2:db:ca:e6:29:a6,56,2,0,0,-21,S,5c:62:8b:66:67:d2"
1791490560.320,"B,69076,10,46:88:44:6e:4f:e4,7423,16,0,0,-29,S,5c:62:8b:66:67:d2"
1791490560.320,"B,69076,10,5c:62:8b:66:67:d2,0,0,9330,24,-48,A,5c:62:8b:66:67:d2"
1791490560.320,"B,69076,10,72:3b:01:24:b7:c8,84,3,0,0,-17,S,5c:62:8b:66:67:d2"
1791490560.320,"B,69076,10,b2:db:ca:e6:29:a6,1823,5,0,0,-20,S,5c:62:8b:66:67:d2"
1791490560.320,"B,69176,10,46:88:44:6e:4f:e4,2703,6,0,0,-29,S,5c:62:8b:66:67:d2"
1791490560.320,"B,69176,10,5c:62:8b:66:67:d2,0,0,2899,13,-49,A,5c:62:8b:66:67:d2"
1791490560.320,"B,69176,10,72:3b:01:24:b7:c8,140,5,0,0,-17,S,5c:62:8b:66:67:d2"
1791490560.320,"B,69176,10,b2:db:ca:e6:29:a6,56,2,0,0,-21,S,5c:62:8b:66:67:d2"
1791490560.521,"B,69276,10,46:88:44:6e:4f:e4,1660,5,123,1,-29,S,5c:62:8b:66:67:d2"
1791490560.521,"B,69276,10,5c:62:8b:66:67:d2,123,1,1688,6,-50,A,5c:62:8b:66:67:d2"
1791490560.521,"B,69276,10,b2:db:ca:e6:29:a6,28,1,0,0,-21,S,5c:62:8b:66:67:d2"
1791490560.521,"B,69376,10,46:88:44:6e:4f:e4,4735,14,0,0,-28,S,5c:62:8b:66:67:d2"
1791490560.521,"B,69376,10,5c:62:8b:66:67:d2,0,0,4931,21,0,A,5c:62:8b:66:67:d2"
1791490560.521,"B,69376,10,72:3b:01:24:b7:c8,168,6,0,0,-16,S,5c:62:8b:66:67:d2"
1791490560.521,"B,69376,10,b2:db:ca:e6:29:a6,28,1,0,0,-21,S,5c:62:8b:66:67:d2"
1791490560.521,"B,69376,10,80:af:ca:68:4c:f8,1098,2,0,0,-86,A,80:af:ca:68:4c:f8"
1791490560.724,"B,69476,10,46:88:44:6e:4f:e4,1050,3,0,0,-29,S,5c:62:8b:66:67:d2"
1791490560.724,"B,69476,10,5c:62:8b:66:67:d2,0,0,1190,8,-49,A,5c:62:8b:66:67:d2"
1791490560.724,"B,69476,10,72:3b:01:24:b7:c8,84,3,0,0,-16,S,5c:62:8b:66:67:d2"
1791490560.724,"B,69476,10,b2:db:ca:e6:29:a6,56,2,0,0,-21,S,5c:62:8b:66:67:d2"
1791490560.724,"B,69576,10,46:88:44:6e:4f:e4,3053,7,0,0,-28,S,5c:62:8b:66:67:d2"
1791490560.724,"B,69576,10,5c:62:8b:66:67:d2,0,0,3137,10,-49,A,5c:62:8b:66:67:d2"
1791490560.724,"B,69576,10,72:3b:01:24:b7:c8,56,2,0,0,-16,S,5c:62:8b:66:67:d2"
1791490560.724,"B,69576,10,b2:db:ca:e6:29:a6,28,1,0,0,-21,S,5c:62:8b:66:67:d2"
1791490560.928,"B,69676,10,46:88:44:6e:4f:e4,2703,6,0,0,-28,S,5c:62:8b:66:67:d2"
1791490560.928,"B,69676,10,5c:62:8b:66:67:d2,0,0,2899,13,-48,A,5c:62:8b:66:67:d2"
1791490560.928,"B,69676,10,72:3b:01:24:b7:c8,168,6,0,0,-17,S,5c:62:8b:66:67:d2"
1791490560.928,"B,69676,10,b2:db:ca:e6:29:a6,28,1,0,0,-21,S,5c:62:8b:66:67:d2"
1791490560.928,"B,69776,10,46:88:44:6e:4f:e4,2703,6,0,0,-29,S,5c:62:8b:66:67:d2"
1791490560.928,"B,69776,10,5c:62:8b:66:67:d2,0,0,2871,12,-50,A,5c:62:8b:66:67:d2"
1791490560.928,"B,69776,10,72:3b:01:24:b7:c8,112,4,0,0,-16,S,5c:62:8b:66:67:d2"
1791490560.928,"B,69776,10,b2:db:ca:e6:29:a6,56,2,0,0,-21,S,5c:62:8b:66:67:d2"
1791490561.132,"B,69876,10,46:88:44:6e:4f:e4,3431,9,0,0,-29,S,5c:62:8b:66:67:d2"
1791490561.132,"B,69876,10,5c:62:8b:66:67:d2,0,0,3515,12,-49,A,5c:62:8b:66:67:d2"
1791490561.132,"B,69876,10,72:3b:01:24:b7:c8,28,1,0,0,-17,S,5c:62:8b:66:67:d2"
1791490561.132,"B,69876,10,b2:db:ca:e6:29:a6,56,2,0,0,-21,S,5c:62:8b:66:67:d2"
1791490561.132,"B,69976,10,46:88:44:6e:4f:e4,2703,6,0,0,-29,S,5c:62:8b:66:67:d2"
1791490561.132,"B,69976,10,5c:62:8b:66:67:d2,350,1,2731,7,-50,A,5c:62:8b:66:67:d2"
1791490561.132,"B,69976,10,72:3b:01:24:b7:c8,0,0,350,1,0,S,5c:62:8b:66:67:d2"
1791490561.132,"B,69976,10,b2:db:ca:e6:29:a6,28,1,0,0,-23,S,5c:62:8b:66:67:d2"
1791490561.337,"B,70076,10,46:88:44:6e:4f:e4,1050,3,0,0,-29,S,5c:62:8b:66:67:d2"
1791490561.337,"B,70076,10,5c:62:8b:66:67:d2,0,0,1218,9,-49,A,5c:62:8b:66:67:d2"
1791490561.337,"B,70076,10,72:3b:01:24:b7:c8,112,4,0,0,-17,S,5c:62:8b:66:67:d2"
1791490561.337,"B,70076,10,b2:db:ca:e6:29:a6,56,2,0,0,-21,S,5c:62:8b:66:67:d2"
1791490561.337,"I,70100,stat,rx=10391,drops=0,ch=10,bin=100,hop=0,heap=203064"
1791490561.337,"B,70176,10,46:88:44:6e:4f:e4,2703,6,0,0,-29,S,5c:62:8b:66:67:d2"
1791490561.337,"B,70176,10,5c:62:8b:66:67:d2,0,0,2871,12,-49,A,5c:62:8b:66:67:d2"
1791490561.337,"B,70176,10,72:3b:01:24:b7:c8,84,3,0,0,-17,S,5c:62:8b:66:67:d2"
1791490561.337,"B,70176,10,b2:db:ca:e6:29:a6,84,3,0,0,-20,S,5c:62:8b:66:67:d2"
1791490561.543,"B,70276,10,46:88:44:6e:4f:e4,4789,8,0,0,-29,S,5c:62:8b:66:67:d2"
1791490561.543,"B,70276,10,5c:62:8b:66:67:d2,0,0,4957,14,-48,A,5c:62:8b:66:67:d2"
1791490561.543,"B,70276,10,72:3b:01:24:b7:c8,140,5,0,0,-17,S,5c:62:8b:66:67:d2"
1791490561.543,"B,70276,10,b2:db:ca:e6:29:a6,28,1,0,0,-21,S,5c:62:8b:66:67:d2"
1791490561.543,"B,70376,10,46:88:44:6e:4f:e4,3431,9,0,0,-29,S,5c:62:8b:66:67:d2"
1791490561.543,"B,70376,10,5c:62:8b:66:67:d2,0,0,3571,14,-49,A,5c:62:8b:66:67:d2"
1791490561.543,"B,70376,10,72:3b:01:24:b7:c8,84,3,0,0,-17,S,5c:62:8b:66:67:d2"
1791490561.543,"B,70376,10,b2:db:ca:e6:29:a6,56,2,0,0,-20,S,5c:62:8b:66:67:d2"
1791490561.748,"B,70476,10,46:88:44:6e:4f:e4,3053,7,0,0,-29,S,5c:62:8b:66:67:d2"
1791490561.748,"B,70476,10,5c:62:8b:66:67:d2,0,0,3221,13,-49,A,5c:62:8b:66:67:d2"
1791490561.748,"B,70476,10,72:3b:01:24:b7:c8,168,6,0,0,-16,S,5c:62:8b:66:67:d2"
1791490561.748,"B,70576,10,46:88:44:6e:4f:e4,700,2,0,0,-29,S,5c:62:8b:66:67:d2"
1791490561.748,"B,70576,10,5c:62:8b:66:67:d2,0,0,868,8,-49,A,5c:62:8b:66:67:d2"
1791490561.748,"B,70576,10,72:3b:01:24:b7:c8,112,4,0,0,-16,S,5c:62:8b:66:67:d2"
1791490561.748,"B,70576,10,b2:db:ca:e6:29:a6,56,2,0,0,-21,S,5c:62:8b:66:67:d2"
1791490561.953,"B,70676,10,46:88:44:6e:4f:e4,3053,7,0,0,-29,S,5c:62:8b:66:67:d2"
1791490561.953,"B,70676,10,5c:62:8b:66:67:d2,0,0,3249,14,-49,A,5c:62:8b:66:67:d2"
1791490561.953,"B,70676,10,72:3b:01:24:b7:c8,84,3,0,0,-16,S,5c:62:8b:66:67:d2"
1791490561.953,"B,70676,10,b2:db:ca:e6:29:a6,112,4,0,0,-21,S,5c:62:8b:66:67:d2"
1791490561.953,"B,70776,10,46:88:44:6e:4f:e4,2353,5,0,0,-28,S,5c:62:8b:66:67:d2"
1791490561.953,"B,70776,10,5c:62:8b:66:67:d2,0,0,2605,14,-48,A,5c:62:8b:66:67:d2"
1791490561.953,"B,70776,10,72:3b:01:24:b7:c8,224,8,0,0,-16,S,5c:62:8b:66:67:d2"
1791490561.953,"B,70776,10,b2:db:ca:e6:29:a6,28,1,0,0,-22,S,5c:62:8b:66:67:d2"
1791490562.157,"B,70876,10,46:88:44:6e:4f:e4,3753,9,0,0,-28,S,5c:62:8b:66:67:d2"
1791490562.157,"B,70876,10,5c:62:8b:66:67:d2,0,0,3949,16,-48,A,5c:62:8b:66:67:d2"
1791490562.157,"B,70876,10,72:3b:01:24:b7:c8,168,6,0,0,-16,S,5c:62:8b:66:67:d2"
1791490562.157,"B,70876,10,b2:db:ca:e6:29:a6,28,1,0,0,-22,S,5c:62:8b:66:67:d2"
1791490562.157,"B,70976,10,46:88:44:6e:4f:e4,5953,10,0,0,-28,S,5c:62:8b:66:67:d2"
1791490562.157,"B,70976,10,5c:62:8b:66:67:d2,0,0,6065,14,-48,A,5c:62:8b:66:67:d2"
1791490562.157,"B,70976,10,72:3b:01:24:b7:c8,84,3,0,0,-17,S,5c:62:8b:66:67:d2"
1791490562.157,"B,70976,10,b2:db:ca:e6:29:a6,28,1,0,0,-21,S,5c:62:8b:66:67:d2"
1791490562.357,"B,71076,10,46:88:44:6e:4f:e4,2703,6,0,0,-29,S,5c:62:8b:66:67:d2"
1791490562.357,"B,71076,10,5c:62:8b:66:67:d2,0,0,2787,9,-48,A,5c:62:8b:66:67:d2"
1791490562.357,"B,71076,10,72:3b:01:24:b7:c8,84,3,0,0,-16,S,5c:62:8b:66:67:d2"
1791490562.357,"B,71176,10,46:88:44:6e:4f:e4,1750,5,0,0,-29,S,5c:62:8b:66:67:d2"
1791490562.357,"B,71176,10,5c:62:8b:66:67:d2,0,0,1862,9,-49,A,5c:62:8b:66:67:d2"
1791490562.357,"B,71176,10,72:3b:01:24:b7:c8,112,4,0,0,-17,S,5c:62:8b:66:67:d2"
1791490562.563,"B,71276,10,46:88:44:6e:4f:e4,2010,6,0,0,-29,S,5c:62:8b:66:67:d2"
1791490562.563,"B,71276,10,5c:62:8b:66:67:d2,0,0,2094,9,-48,A,5c:62:8b:66:67:d2"
1791490562.563,"B,71276,10,72:3b:01:24:b7:c8,84,3,0,0,-16,S,5c:62:8b:66:67:d2"
1791490562.563,"B,71376,10,46:88:44:6e:4f:e4,3753,9,0,0,-29,S,5c:62:8b:66:67:d2"
1791490562.563,"B,71376,10,5c:62:8b:66:67:d2,0,0,3809,11,-49,A,5c:62:8b:66:67:d2"
1791490562.563,"B,71376,10,72:3b:01:24:b7:c8,56,2,0,0,-17,S,5c:62:8b:66:67:d2"
1791490562.768,"B,71476,10,46:88:44:6e:4f:e4,2703,6,0,0,-29,S,5c:62:8b:66:67:d2"
1791490562.768,"B,71476,10,5c:62:8b:66:67:d2,0,0,2787,9,-49,A,5c:62:8b:66:67:d2"
1791490562.768,"B,71476,10,72:3b:01:24:b7:c8,84,3,0,0,-17,S,5c:62:8b:66:67:d2"
1791490562.768,"M,71527,slot,10,1"
1791490562.768,"B,71576,10,46:88:44:6e:4f:e4,2703,6,0,0,-29,S,5c:62:8b:66:67:d2"
1791490562.768,"B,71576,10,5c:62:8b:66:67:d2,0,0,2843,11,-48,A,5c:62:8b:66:67:d2"
1791490562.768,"B,71576,10,72:3b:01:24:b7:c8,140,5,0,0,-17,S,5c:62:8b:66:67:d2"
1791490562.969,"B,71676,10,46:88:44:6e:4f:e4,2703,6,0,0,-29,S,5c:62:8b:66:67:d2"
1791490562.969,"B,71676,10,5c:62:8b:66:67:d2,0,0,2927,14,-49,A,5c:62:8b:66:67:d2"
1791490562.969,"B,71676,10,72:3b:01:24:b7:c8,196,7,0,0,-17,S,5c:62:8b:66:67:d2"
1791490562.969,"B,71676,10,b2:db:ca:e6:29:a6,28,1,0,0,-23,S,5c:62:8b:66:67:d2"
1791490562.969,"B,71776,10,46:88:44:6e:4f:e4,2703,6,0,0,-29,S,5c:62:8b:66:67:d2"
1791490562.969,"B,71776,10,5c:62:8b:66:67:d2,0,0,2731,7,-49,A,5c:62:8b:66:67:d2"
1791490562.969,"B,71776,10,72:3b:01:24:b7:c8,28,1,0,0,-17,S,5c:62:8b:66:67:d2"
1791490563.169,"B,71876,10,46:88:44:6e:4f:e4,1750,5,0,0,-29,S,5c:62:8b:66:67:d2"
1791490563.169,"B,71876,10,5c:62:8b:66:67:d2,0,0,2058,16,-49,A,5c:62:8b:66:67:d2"
1791490563.169,"B,71876,10,72:3b:01:24:b7:c8,252,9,0,0,-16,S,5c:62:8b:66:67:d2"
1791490563.169,"B,71876,10,a6:4c:bd:b6:c7:99,60,2,0,0,-92,S,78:8c:b5:f5:e7:26"
1791490563.169,"B,71876,10,78:8c:b5:f5:e7:26,0,0,60,2,-82,A,78:8c:b5:f5:e7:26"
1791490563.169,"B,71876,10,b2:db:ca:e6:29:a6,56,2,0,0,-21,S,5c:62:8b:66:67:d2"
1791490563.169,"B,71976,10,46:88:44:6e:4f:e4,3285,7,0,0,-29,S,5c:62:8b:66:67:d2"
1791490563.169,"B,71976,10,5c:62:8b:66:67:d2,0,0,3481,14,-49,A,5c:62:8b:66:67:d2"
1791490563.169,"B,71976,10,72:3b:01:24:b7:c8,140,5,0,0,-17,S,5c:62:8b:66:67:d2"
1791490563.169,"B,71976,10,b2:db:ca:e6:29:a6,56,2,0,0,-22,S,5c:62:8b:66:67:d2"
1791490563.169,"B,72076,10,46:88:44:6e:4f:e4,2703,6,0,0,-28,S,5c:62:8b:66:67:d2"
1791490563.372,"B,72076,10,5c:62:8b:66:67:d2,0,0,2843,11,-48,A,5c:62:8b:66:67:d2"
1791490563.372,"B,72076,10,72:3b:01:24:b7:c8,84,3,0,0,-17,S,5c:62:8b:66:67:d2"
1791490563.372,"B,72076,10,b2:db:ca:e6:29:a6,56,2,0,0,-21,S,5c:62:8b:66:67:d2"
1791490563.372,"B,72176,10,46:88:44:6e:4f:e4,3053,7,0,0,-28,S,5c:62:8b:66:67:d2"
1791490563.372,"B,72176,10,5c:62:8b:66:67:d2,0,0,3305,16,-48,A,5c:62:8b:66:67:d2"
1791490563.372,"B,72176,10,72:3b:01:24:b7:c8,196,7,0,0,-17,S,5c:62:8b:66:67:d2"
1791490563.372,"B,72176,10,78:8c:b5:f5:e7:26,302,2,0,0,-84,A,78:8c:b5:f5:e7:26"
1791490563.372,"B,72176,10,b2:db:ca:e6:29:a6,56,2,0,0,-21,S,5c:62:8b:66:67:d2"
1791490563.572,"B,72276,10,46:88:44:6e:4f:e4,1078,4,0,0,-28,S,5c:62:8b:66:67:d2"
1791490563.572,"B,72276,10,5c:62:8b:66:67:d2,0,0,1218,9,-49,A,5c:62:8b:66:67:d2"
1791490563.572,"B,72276,10,72:3b:01:24:b7:c8,112,4,0,0,-17,S,5c:62:8b:66:67:d2"
1791490563.572,"B,72276,10,b2:db:ca:e6:29:a6,28,1,0,0,-23,S,5c:62:8b:66:67:d2"
1791490563.572,"B,72376,10,46:88:44:6e:4f:e4,4678,9,0,0,-29,S,5c:62:8b:66:67:d2"
1791490563.572,"B,72376,10,5c:62:8b:66:67:d2,0,0,4734,11,-50,A,5c:62:8b:66:67:d2"
1791490563.572,"B,72376,10,72:3b:01:24:b7:c8,28,1,0,0,-17,S,5c:62:8b:66:67:d2"
1791490563.572,"B,72376,10,b2:db:ca:e6:29:a6,28,1,0,0,-21,S,5c:62:8b:66:67:d2"
1791490563.772,"B,72476,10,46:88:44:6e:4f:e4,1050,3,0,0,-29,S,5c:62:8b:66:67:d2"
1791490563.772,"B,72476,10,5c:62:8b:66:67:d2,0,0,1302,12,-48,A,5c:62:8b:66:67:d2"
1791490563.772,"B,72476,10,72:3b:01:24:b7:c8,196,7,0,0,-16,S,5c:62:8b:66:67:d2"
1791490563.772,"B,72476,10,b2:db:ca:e6:29:a6,56,2,0,0,-22,S,5c:62:8b:66:67:d2"
1791490563.772,"B,72576,10,46:88:44:6e:4f:e4,2703,6,0,0,-29,S,5c:62:8b:66:67:d2"
1791490563.772,"B,72576,10,5c:62:8b:66:67:d2,0,0,2843,11,-49,A,5c:62:8b:66:67:d2"
1791490563.772,"B,72576,10,72:3b:01:24:b7:c8,112,4,0,0,-17,S,5c:62:8b:66:67:d2"
1791490563.772,"B,72576,10,a6:4c:bd:b6:c7:99,30,1,0,0,-92,S,78:8c:b5:f5:e7:26"
1791490563.772,"B,72576,10,78:8c:b5:f5:e7:26,0,0,30,1,-82,A,78:8c:b5:f5:e7:26"
1791490563.772,"B,72576,10,b2:db:ca:e6:29:a6,28,1,0,0,-21,S,5c:62:8b:66:67:d2"
1791490563.772,"B,72576,10,80:af:ca:68:4c:f8,84,1,0,0,-87,A,80:af:ca:68:4c:f8"
1791490563.772,"B,72676,10,46:88:44:6e:4f:e4,2703,6,138,1,-29,S,5c:62:8b:66:67:d2"
1791490563.973,"B,72676,10,5c:62:8b:66:67:d2,138,1,2815,10,-50,A,5c:62:8b:66:67:d2"
1791490563.973,"B,72676,10,72:3b:01:24:b7:c8,84,3,0,0,-17,S,5c:62:8b:66:67:d2"
1791490563.973,"B,72676,10,a6:4c:bd:b6:c7:99,30,1,0,0,-90,S,78:8c:b5:f5:e7:26"
1791490563.973,"B,72676,10,78:8c:b5:f5:e7:26,0,0,30,1,0,A,78:8c:b5:f5:e7:26"
1791490563.973,"B,72676,10,b2:db:ca:e6:29:a6,28,1,0,0,-21,S,5c:62:8b:66:67:d2"
1791490563.973,"B,72776,10,46:88:44:6e:4f:e4,2703,6,0,0,-29,S,5c:62:8b:66:67:d2"
1791490563.973,"B,72776,10,5c:62:8b:66:67:d2,0,0,2871,12,-49,A,5c:62:8b:66:67:d2"
1791490563.973,"B,72776,10,72:3b:01:24:b7:c8,140,5,0,0,-16,S,5c:62:8b:66:67:d2"
1791490563.973,"B,72776,10,b2:db:ca:e6:29:a6,28,1,0,0,-21,S,5c:62:8b:66:67:d2"
1791490563.973,"B,72876,10,46:88:44:6e:4f:e4,3147,8,0,0,-29,S,5c:62:8b:66:67:d2"
1791490564.174,"B,72876,10,5c:62:8b:66:67:d2,0,0,3231,11,-48,A,5c:62:8b:66:67:d2"
1791490564.174,"B,72876,10,72:3b:01:24:b7:c8,84,3,0,0,-17,S,5c:62:8b:66:67:d2"
1791490564.174,"B,72976,10,46:88:44:6e:4f:e4,1778,6,0,0,-29,S,5c:62:8b:66:67:d2"
1791490564.174,"B,72976,10,5c:62:8b:66:67:d2,0,0,1890,10,-48,A,5c:62:8b:66:67:d2"
1791490564.174,"B,72976,10,72:3b:01:24:b7:c8,112,4,0,0,-17,S,5c:62:8b:66:67:d2"
1791490564.174,"B,72976,10,38:d5:7a:f4:5a:37,30,1,0,0,-91,S,8a:ce:16:78:6f:dc"
1791490564.174,"B,72976,10,8a:ce:16:78:6f:dc,0,0,30,1,0,A,8a:ce:16:78:6f:dc"
1791490564.174,"B,73076,10,46:88:44:6e:4f:e4,4678,9,0,0,-29,S,5c:62:8b:66:67:d2"
1791490564.174,"B,73076,10,5c:62:8b:66:67:d2,0,0,4678,9,-49,A,5c:62:8b:66:67:d2"
1791490564.374,"B,73176,10,46:88:44:6e:4f:e4,2675,5,0,0,-29,S,5c:62:8b:66:67:d2"
1791490564.374,"B,73176,10,5c:62:8b:66:67:d2,0,0,2675,5,-49,A,5c:62:8b:66:67:d2"
1791490564.374,"B,73176,10,8a:ce:16:78:6f:dc,0,0,28,1,0,A,8a:ce:16:78:6f:dc"
1791490564.374,"B,73176,10,d2:cf:53:d5:b8:26,28,1,0,0,-89,S,8a:ce:16:78:6f:dc"
1791490564.374,"B,73276,10,46:88:44:6e:4f:e4,2703,6,0,0,-29,S,5c:62:8b:66:67:d2"
1791490564.374,"B,73276,10,5c:62:8b:66:67:d2,0,0,2759,8,-49,A,5c:62:8b:66:67:d2"
1791490564.374,"B,73276,10,72:3b:01:24:b7:c8,56,2,0,0,-17,S,5c:62:8b:66:67:d2"
1791490564.574,"B,73376,10,46:88:44:6e:4f:e4,728,3,0,0,-27,S,5c:62:8b:66:67:d2"
1791490564.574,"B,73376,10,5c:62:8b:66:67:d2,0,0,840,7,-48,A,5c:62:8b:66:67:d2"
1791490564.574,"B,73376,10,72:3b:01:24:b7:c8,112,4,0,0,-16,S,5c:62:8b:66:67:d2"
1791490564.574,"B,73476,10,46:88:44:6e:4f:e4,5028,10,0,0,-28,S,5c:62:8b:66:67:d2"
1791490564.574,"B,73476,10,5c:62:8b:66:67:d2,0,0,5140,14,-50,A,5c:62:8b:66:67:d2"
1791490564.574,"B,73476,10,72:3b:01:24:b7:c8,112,4,0,0,-16,S,5c:62:8b:66:67:d2"
1791490564.775,"B,73576,10,46:88:44:6e:4f:e4,1050,3,0,0,-29,S,5c:62:8b:66:67:d2"
1791490564.775,"B,73576,10,5c:62:8b:66:67:d2,0,0,1162,7,-49,A,5c:62:8b:66:67:d2"
1791490564.775,"B,73576,10,72:3b:01:24:b7:c8,112,4,0,0,-17,S,5c:62:8b:66:67:d2"
1791490564.775,"B,73676,10,46:88:44:6e:4f:e4,2703,6,0,0,-28,S,5c:62:8b:66:67:d2"
1791490564.775,"B,73676,10,5c:62:8b:66:67:d2,0,0,2759,8,0,A,5c:62:8b:66:67:d2"
1791490564.775,"B,73676,10,72:3b:01:24:b7:c8,28,1,0,0,-17,S,5c:62:8b:66:67:d2"
1791490564.775,"B,73676,10,b2:db:ca:e6:29:a6,28,1,0,0,-21,S,5c:62:8b:66:67:d2"
1791490564.975,"B,73776,10,46:88:44:6e:4f:e4,5721,10,0,0,-29,S,5c:62:8b:66:67:d2"
1791490564.975,"B,73776,10,5c:62:8b:66:67:d2,0,0,5861,15,-48,A,5c:62:8b:66:67:d2"
1791490564.975,"B,73776,10,72:3b:01:24:b7:c8,84,3,0,0,-17,S,5c:62:8b:66:67:d2"
1791490564.975,"B,73776,10,b2:db:ca:e6:29:a6,56,2,0,0,-21,S,5c:62:8b:66:67:d2"
1791490564.975,"B,73876,10,46:88:44:6e:4f:e4,2703,6,0,0,-29,S,5c:62:8b:66:67:d2"
1791490564.975,"B,73876,10,5c:62:8b:66:67:d2,0,0,2983,16,-50,A,5c:62:8b:66:67:d2"
1791490564.975,"B,73876,10,72:3b:01:24:b7:c8,224,8,0,0,-17,S,5c:62:8b:66:67:d2"
1791490564.975,"B,73876,10,b2:db:ca:e6:29:a6,56,2,0,0,-21,S,5c:62:8b:66:67:d2"
1791490565.177,"B,73976,10,46:88:44:6e:4f:e4,3403,8,0,0,-29,S,5c:62:8b:66:67:d2"
1791490565.177,"B,73976,10,5c:62:8b:66:67:d2,0,0,3459,10,-48,A,5c:62:8b:66:67:d2"
1791490565.177,"B,73976,10,72:3b:01:24:b7:c8,56,2,0,0,-17,S,5c:62:8b:66:67:d2"
1791490565.177,"B,74076,10,46:88:44:6e:4f:e4,2703,6,0,0,-29,S,5c:62:8b:66:67:d2"
1791490565.177,"B,74076,10,5c:62:8b:66:67:d2,0,0,2871,12,-49,A,5c:62:8b:66:67:d2"
1791490565.177,"B,74076,10,72:3b:01:24:b7:c8,112,4,0,0,-17,S,5c:62:8b:66:67:d2"
1791490565.177,"B,74076,10,b2:db:ca:e6:29:a6,56,2,0,0,-20,S,5c:62:8b:66:67:d2"
1791490565.378,"B,74176,10,46:88:44:6e:4f:e4,1078,4,0,0,-29,S,5c:62:8b:66:67:d2"
1791490565.378,"B,74176,10,5c:62:8b:66:67:d2,0,0,1190,8,-47,A,5c:62:8b:66:67:d2"
1791490565.378,"B,74176,10,72:3b:01:24:b7:c8,56,2,0,0,-17,S,5c:62:8b:66:67:d2"
1791490565.378,"B,74176,10,b2:db:ca:e6:29:a6,56,2,0,0,-21,S,5c:62:8b:66:67:d2"
1791490565.378,"B,74276,10,46:88:44:6e:4f:e4,2675,5,0,0,-29,S,5c:62:8b:66:67:d2"
1791490565.378,"B,74276,10,5c:62:8b:66:67:d2,0,0,2815,10,-47,A,5c:62:8b:66:67:d2"
1791490565.378,"B,74276,10,72:3b:01:24:b7:c8,84,3,0,0,-17,S,5c:62:8b:66:67:d2"
1791490565.378,"B,74276,10,b2:db:ca:e6:29:a6,56,2,0,0,-21,S,5c:62:8b:66:67:d2"
1791490565.579,"B,74376,10,46:88:44:6e:4f:e4,2703,6,0,0,-29,S,5c:62:8b:66:67:d2"
1791490565.579,"B,74376,10,5c:62:8b:66:67:d2,0,0,2983,16,-48,A,5c:62:8b:66:67:d2"
1791490565.579,"B,74376,10,72:3b:01:24:b7:c8,196,7,0,0,-16,S,5c:62:8b:66:67:d2"
1791490565.579,"B,74376,10,b2:db:ca:e6:29:a6,84,3,0,0,-22,S,5c:62:8b:66:67:d2"
1791490565.579,"B,74476,10,46:88:44:6e:4f:e4,3403,8,0,0,-29,S,5c:62:8b:66:67:d2"
1791490565.579,"B,74476,10,5c:62:8b:66:67:d2,0,0,3515,12,-49,A,5c:62:8b:66:67:d2"
1791490565.579,"B,74476,10,72:3b:01:24:b7:c8,84,3,0,0,-16,S,5c:62:8b:66:67:d2"
1791490565.579,"B,74476,10,b2:db:ca:e6:29:a6,28,1,0,0,-21,S,5c:62:8b:66:67:d2"
1791490565.781,"B,74576,10,46:88:44:6e:4f:e4,3053,7,0,0,-29,S,5c:62:8b:66:67:d2"
1791490565.781,"B,74576,10,5c:62:8b:66:67:d2,0,0,3221,13,-49,A,5c:62:8b:66:67:d2"
1791490565.781,"B,74576,10,72:3b:01:24:b7:c8,84,3,0,0,-16,S,5c:62:8b:66:67:d2"
1791490565.781,"B,74576,10,b2:db:ca:e6:29:a6,84,3,0,0,-22,S,5c:62:8b:66:67:d2"
1791490565.781,"B,74676,10,46:88:44:6e:4f:e4,2703,6,0,0,-28,S,5c:62:8b:66:67:d2"
1791490565.781,"B,74676,10,5c:62:8b:66:67:d2,0,0,2871,12,-48,A,5c:62:8b:66:67:d2"
1791490565.781,"B,74676,10,72:3b:01:24:b7:c8,112,4,0,0,-17,S,5c:62:8b:66:67:d2"
1791490565.781,"B,74676,10,b2:db:ca:e6:29:a6,56,2,0,0,-21,S,5c:62:8b:66:67:d2"
1791490565.981,"B,74776,10,46:88:44:6e:4f:e4,1078,4,0,0,-27,S,5c:62:8b:66:67:d2"
1791490565.981,"B,74776,10,5c:62:8b:66:67:d2,0,0,1246,10,-48,A,5c:62:8b:66:67:d2"
1791490565.981,"B,74776,10,72:3b:01:24:b7:c8,112,4,0,0,-17,S,5c:62:8b:66:67:d2"
1791490565.981,"B,74776,10,b2:db:ca:e6:29:a6,56,2,0,0,-20,S,5c:62:8b:66:67:d2"
1791490565.981,"B,74876,10,46:88:44:6e:4f:e4,2675,5,0,0,-29,S,5c:62:8b:66:67:d2"
1791490565.981,"B,74876,10,5c:62:8b:66:67:d2,0,0,2871,12,-48,A,5c:62:8b:66:67:d2"
1791490565.981,"B,74876,10,72:3b:01:24:b7:c8,112,4,0,0,-16,S,5c:62:8b:66:67:d2"
1791490565.981,"B,74876,10,b2:db:ca:e6:29:a6,84,3,0,0,-21,S,5c:62:8b:66:67:d2"
1791490566.184,"B,74976,10,46:88:44:6e:4f:e4,3403,8,0,0,-28,S,5c:62:8b:66:67:d2"
1791490566.184,"B,74976,10,5c:62:8b:66:67:d2,0,0,3655,17,-48,A,5c:62:8b:66:67:d2"
1791490566.184,"B,74976,10,72:3b:01:24:b7:c8,196,7,0,0,-17,S,5c:62:8b:66:67:d2"
1791490566.184,"B,74976,10,b2:db:ca:e6:29:a6,56,2,0,0,-21,S,5c:62:8b:66:67:d2"
1791490566.184,"B,75076,10,46:88:44:6e:4f:e4,6071,11,0,0,-29,S,5c:62:8b:66:67:d2"
1791490566.184,"B,75076,10,5c:62:8b:66:67:d2,0,0,6155,14,-49,A,5c:62:8b:66:67:d2"
1791490566.184,"B,75076,10,72:3b:01:24:b7:c8,84,3,0,0,-17,S,5c:62:8b:66:67:d2"
1791490566.386,"I,75100,stat,rx=11121,drops=0,ch=10,bin=100,hop=0,heap=203064"
1791490566.386,"B,75176,10,46:88:44:6e:4f:e4,3375,7,0,0,-29,S,5c:62:8b:66:67:d2"
1791490566.386,"B,75176,10,5c:62:8b:66:67:d2,0,0,3599,15,-49,A,5c:62:8b:66:67:d2"
1791490566.386,"B,75176,10,72:3b:01:24:b7:c8,196,7,0,0,-16,S,5c:62:8b:66:67:d2"
1791490566.386,"B,75176,10,b2:db:ca:e6:29:a6,28,1,0,0,-21,S,5c:62:8b:66:67:d2"
1791490566.386,"B,75276,10,46:88:44:6e:4f:e4,3053,7,0,0,-29,S,5c:62:8b:66:67:d2"
1791490566.386,"B,75276,10,5c:62:8b:66:67:d2,0,0,3193,12,-48,A,5c:62:8b:66:67:d2"
1791490566.386,"B,75276,10,72:3b:01:24:b7:c8,112,4,0,0,-17,S,5c:62:8b:66:67:d2"
1791490566.386,"B,75276,10,a6:4c:bd:b6:c7:99,30,1,0,0,-92,S,78:8c:b5:f5:e7:26"
1791490566.386,"B,75276,10,78:8c:b5:f5:e7:26,0,0,30,1,-83,A,78:8c:b5:f5:e7:26"
1791490566.386,"B,75276,10,b2:db:ca:e6:29:a6,28,1,0,0,-23,S,5c:62:8b:66:67:d2"
1791490566.589,"B,75376,10,46:88:44:6e:4f:e4,1778,6,0,0,-29,S,5c:62:8b:66:67:d2"
1791490566.589,"B,75376,10,5c:62:8b:66:67:d2,0,0,1890,10,-49,A,5c:62:8b:66:67:d2"
1791490566.589,"B,75376,10,72:3b:01:24:b7:c8,84,3,0,0,-17,S,5c:62:8b:66:67:d2"
1791490566.589,"B,75376,10,a6:4c:bd:b6:c7:99,30,1,0,0,-90,S,78:8c:b5:f5:e7:26"
1791490566.589,"B,75376,10,78:8c:b5:f5:e7:26,0,0,30,1,-80,A,78:8c:b5:f5:e7:26"
1791490566.589,"B,75376,10,b2:db:ca:e6:29:a6,28,1,0,0,-21,S,5c:62:8b:66:67:d2"
1791490566.589,"B,75476,10,46:88:44:6e:4f:e4,5461,9,0,0,-29,S,5c:62:8b:66:67:d2"
1791490566.589,"B,75476,10,5c:62:8b:66:67:d2,0,0,5601,14,-50,A,5c:62:8b:66:67:d2"
1791490566.589,"B,75476,10,72:3b:01:24:b7:c8,112,4,0,0,-17,S,5c:62:8b:66:67:d2"
1791490566.589,"B,75476,10,b2:db:ca:e6:29:a6,28,1,0,0,-22,S,5c:62:8b:66:67:d2"
1791490566.791,"B,75576,10,46:88:44:6e:4f:e4,2703,6,0,0,-29,S,5c:62:8b:66:67:d2"
1791490566.791,"B,75576,10,5c:62:8b:66:67:d2,0,0,2843,11,-48,A,5c:62:8b:66:67:d2"
1791490566.791,"B,75576,10,72:3b:01:24:b7:c8,56,2,0,0,-17,S,5c:62:8b:66:67:d2"
1791490566.791,"B,75576,10,b2:db:ca:e6:29:a6,84,3,0,0,-21,S,5c:62:8b:66:67:d2"
1791490566.791,"B,75676,10,46:88:44:6e:4f:e4,2703,6,0,0,-29,S,5c:62:8b:66:67:d2"
1791490566.791,"B,75676,10,5c:62:8b:66:67:d2,0,0,2865,9,-48,A,5c:62:8b:66:67:d2"
1791490566.791,"B,75676,10,72:3b:01:24:b7:c8,28,1,0,0,-17,S,5c:62:8b:66:67:d2"
1791490566.791,"B,75676,10,b2:db:ca:e6:29:a6,134,2,0,0,-20,S,5c:62:8b:66:67:d2"
1791490566.995,"B,75776,10,46:88:44:6e:4f:e4,3635,8,0,0,-29,S,5c:62:8b:66:67:d2"
1791490566.995,"B,75776,10,5c:62:8b:66:67:d2,0,0,3887,17,-49,A,5c:62:8b:66:67:d2"
1791490566.995,"B,75776,10,72:3b:01:24:b7:c8,196,7,0,0,-17,S,5c:62:8b:66:67:d2"
1791490566.995,"B,75776,10,b2:db:ca:e6:29:a6,56,2,0,0,-20,S,5c:62:8b:66:67:d2"
1791490566.995,"B,75876,10,46:88:44:6e:4f:e4,4217,9,0,0,-29,S,5c:62:8b:66:67:d2"
1791490566.995,"B,75876,10,5c:62:8b:66:67:d2,0,0,4413,16,-49,A,5c:62:8b:66:67:d2"
1791490566.995,"B,75876,10,72:3b:01:24:b7:c8,140,5,0,0,-17,S,5c:62:8b:66:67:d2"
1791490566.995,"B,75876,10,b2:db:ca:e6:29:a6,56,2,0,0,-21,S,5c:62:8b:66:67:d2"
1791490567.201,"B,75976,10,46:88:44:6e:4f:e4,1750,5,0,0,-29,S,5c:62:8b:66:67:d2"
1791490567.201,"B,75976,10,5c:62:8b:66:67:d2,0,0,1996,11,-49,A,5c:62:8b:66:67:d2"
1791490567.201,"B,75976,10,72:3b:01:24:b7:c8,140,5,0,0,-17,S,5c:62:8b:66:67:d2"
1791490567.201,"B,75976,10,b2:db:ca:e6:29:a6,106,1,0,0,-20,S,5c:62:8b:66:67:d2"
1791490567.201,"B,76076,10,46:88:44:6e:4f:e4,2703,6,0,0,-28,S,5c:62:8b:66:67:d2"
1791490567.201,"B,76076,10,5c:62:8b:66:67:d2,0,0,2815,10,-49,A,5c:62:8b:66:67:d2"
1791490567.201,"B,76076,10,72:3b:01:24:b7:c8,28,1,0,0,-17,S,5c:62:8b:66:67:d2"
1791490567.201,"B,76076,10,b2:db:ca:e6:29:a6,84,3,0,0,-21,S,5c:62:8b:66:67:d2"
1791490567.405,"B,76176,10,46:88:44:6e:4f:e4,4103,10,0,0,-28,S,5c:62:8b:66:67:d2"
1791490567.405,"B,76176,10,5c:62:8b:66:67:d2,0,0,4299,17,-49,A,5c:62:8b:66:67:d2"
1791490567.405,"B,76176,10,72:3b:01:24:b7:c8,140,5,0,0,-17,S,5c:62:8b:66:67:d2"
1791490567.405,"B,76176,10,b2:db:ca:e6:29:a6,56,2,0,0,-21,S,5c:62:8b:66:67:d2"
1791490567.405,"B,76276,10,46:88:44:6e:4f:e4,2703,6,0,0,-28,S,5c:62:8b:66:67:d2"
1791490567.405,"B,76276,10,5c:62:8b:66:67:d2,0,0,3039,18,-49,A,5c:62:8b:66:67:d2"
1791490567.405,"B,76276,10,72:3b:01:24:b7:c8,280,10,0,0,-17,S,5c:62:8b:66:67:d2"
1791490567.405,"B,76276,10,a6:4c:bd:b6:c7:99,30,1,0,0,-90,S,78:8c:b5:f5:e7:26"
1791490567.405,"B,76276,10,78:8c:b5:f5:e7:26,0,0,30,1,-81,A,78:8c:b5:f5:e7:26"
1791490567.405,"B,76276,10,b2:db:ca:e6:29:a6,56,2,0,0,-21,S,5c:62:8b:66:67:d2"
1791490567.607,"B,76376,10,46:88:44:6e:4f:e4,2703,6,0,0,-29,S,5c:62:8b:66:67:d2"
1791490567.607,"B,76376,10,5c:62:8b:66:67:d2,0,0,2871,12,-50,A,5c:62:8b:66:67:d2"
1791490567.607,"B,76376,10,72:3b:01:24:b7:c8,112,4,0,0,-17,S,5c:62:8b:66:67:d2"
1791490567.607,"B,76376,10,b2:db:ca:e6:29:a6,56,2,0,0,-22,S,5c:62:8b:66:67:d2"
1791490567.607,"B,76476,10,46:88:44:6e:4f:e4,2242,6,0,0,-29,S,5c:62:8b:66:67:d2"
1791490567.607,"B,76476,10,5c:62:8b:66:67:d2,0,0,2298,8,-49,A,5c:62:8b:66:67:d2"
1791490567.607,"B,76476,10,72:3b:01:24:b7:c8,28,1,0,0,-17,S,5c:62:8b:66:67:d2"
1791490567.607,"B,76476,10,b2:db:ca:e6:29:a6,28,1,0,0,-20,S,5c:62:8b:66:67:d2"
1791490567.813,"B,76576,10,46:88:44:6e:4f:e4,1050,3,0,0,-29,S,5c:62:8b:66:67:d2"
1791490567.813,"B,76576,10,5c:62:8b:66:67:d2,0,0,1106,5,-49,A,5c:62:8b:66:67:d2"
1791490567.813,"B,76576,10,78:8c:b5:f5:e7:26,141,1,0,0,-82,A,78:8c:b5:f5:e7:26"
1791490567.813,"B,76576,10,b2:db:ca:e6:29:a6,56,2,0,0,-21,S,5c:62:8b:66:67:d2"
1791490567.813,"M,76604,slot,11,1"
1791490567.813,"B,76676,10,46:88:44:6e:4f:e4,3285,7,0,0,-29,S,5c:62:8b:66:67:d2"
1791490567.813,"B,76676,10,5c:62:8b:66:67:d2,0,0,3369,10,-49,A,5c:62:8b:66:67:d2"
1791490567.813,"B,76676,10,72:3b:01:24:b7:c8,28,1,0,0,-17,S,5c:62:8b:66:67:d2"
1791490567.813,"B,76676,10,b2:db:ca:e6:29:a6,56,2,0,0,-21,S,5c:62:8b:66:67:d2"
1791490568.017,"B,76776,10,46:88:44:6e:4f:e4,2703,6,0,0,-29,S,5c:62:8b:66:67:d2"
1791490568.017,"B,76776,10,5c:62:8b:66:67:d2,0,0,2871,12,-49,A,5c:62:8b:66:67:d2"
1791490568.017,"B,76776,10,72:3b:01:24:b7:c8,112,4,0,0,-17,S,5c:62:8b:66:67:d2"
1791490568.017,"B,76776,10,b2:db:ca:e6:29:a6,56,2,0,0,-21,S,5c:62:8b:66:67:d2"
1791490568.017,"B,76876,10,46:88:44:6e:4f:e4,3403,8,0,0,-29,S,5c:62:8b:66:67:d2"
1791490568.017,"B,76876,10,5c:62:8b:66:67:d2,0,0,3543,13,-49,A,5c:62:8b:66:67:d2"
1791490568.017,"B,76876,10,72:3b:01:24:b7:c8,84,3,0,0,-17,S,5c:62:8b:66:67:d2"
1791490568.017,"B,76876,10,b2:db:ca:e6:29:a6,56,2,0,0,-21,S,5c:62:8b:66:67:d2"
1791490568.219,"B,76976,10,46:88:44:6e:4f:e4,2703,6,0,0,-29,S,5c:62:8b:66:67:d2"
1791490568.219,"B,76976,10,5c:62:8b:66:67:d2,0,0,2964,10,-48,A,5c:62:8b:66:67:d2"
1791490568.219,"B,76976,10,72:3b:01:24:b7:c8,84,3,0,0,-17,S,5c:62:8b:66:67:d2"
1791490568.219,"B,76976,10,78:8c:b5:f5:e7:26,80,1,0,0,-80,A,78:8c:b5:f5:e7:26"
1791490568.219,"B,76976,10,b2:db:ca:e6:29:a6,177,1,0,0,-22,S,5c:62:8b:66:67:d2"
1791490568.219,"B,77076,10,46:88:44:6e:4f:e4,2703,6,0,0,-29,S,5c:62:8b:66:67:d2"
1791490568.219,"B,77076,10,5c:62:8b:66:67:d2,0,0,2815,10,-49,A,5c:62:8b:66:67:d2"
1791490568.219,"B,77076,10,72:3b:01:24:b7:c8,84,3,0,0,-17,S,5c:62:8b:66:67:d2"
1791490568.219,"B,77076,10,b2:db:ca:e6:29:a6,28,1,0,0,-20,S,5c:62:8b:66:67:d2"
1791490568.424,"B,77176,10,46:88:44:6e:4f:e4,1078,4,0,0,-28,S,5c:62:8b:66:67:d2"
1791490568.424,"B,77176,10,5c:62:8b:66:67:d2,0,0,1268,8,-49,A,5c:62:8b:66:67:d2"
1791490568.424,"B,77176,10,72:3b:01:24:b7:c8,56,2,0,0,-17,S,5c:62:8b:66:67:d2"
1791490568.424,"B,77176,10,b2:db:ca:e6:29:a6,134,2,0,0,-21,S,5c:62:8b:66:67:d2"
1791490568.424,"B,77176,10,80:af:ca:68:4c:f8,104,1,0,0,-87,A,80:af:ca:68:4c:f8"
1791490568.424,"B,77276,10,46:88:44:6e:4f:e4,4300,7,0,0,-28,S,5c:62:8b:66:67:d2"
1791490568.424,"B,77276,10,5c:62:8b:66:67:d2,0,0,4630,16,-48,A,5c:62:8b:66:67:d2"
1791490568.424,"B,77276,10,72:3b:01:24:b7:c8,196,7,0,0,-17,S,5c:62:8b:66:67:d2"
1791490568.424,"B,77276,10,b2:db:ca:e6:29:a6,134,2,0,0,-20,S,5c:62:8b:66:67:d2"
1791490568.628,"B,77376,10,46:88:44:6e:4f:e4,3746,7,0,0,-27,S,5c:62:8b:66:67:d2"
1791490568.628,"B,77376,10,5c:62:8b:66:67:d2,3500,10,3830,10,-49,A,5c:62:8b:66:67:d2"
1791490568.628,"B,77376,10,72:3b:01:24:b7:c8,28,1,3500,10,-16,S,5c:62:8b:66:67:d2"
1791490568.628,"B,77376,10,b2:db:ca:e6:29:a6,56,2,0,0,-22,S,5c:62:8b:66:67:d2"
1791490568.628,"B,77476,10,46:88:44:6e:4f:e4,3635,8,0,0,-27,S,5c:62:8b:66:67:d2"
1791490568.628,"B,77476,10,5c:62:8b:66:67:d2,350,1,5273,12,-49,A,5c:62:8b:66:67:d2"
1791490568.628,"B,77476,10,72:3b:01:24:b7:c8,28,1,350,1,-16,S,5c:62:8b:66:67:d2"
1791490568.628,"B,77476,10,b2:db:ca:e6:29:a6,1610,3,0,0,-21,S,5c:62:8b:66:67:d2"
1791490568.833,"B,77576,10,46:88:44:6e:4f:e4,3053,7,0,0,-27,S,5c:62:8b:66:67:d2"
1791490568.833,"B,77576,10,5c:62:8b:66:67:d2,0,0,3193,12,-48,A,5c:62:8b:66:67:d2"
1791490568.833,"B,77576,10,72:3b:01:24:b7:c8,84,3,0,0,-17,S,5c:62:8b:66:67:d2"
1791490568.833,"B,77576,10,b2:db:ca:e6:29:a6,56,2,0,0,-21,S,5c:62:8b:66:67:d2"
1791490568.833,"B,77676,10,46:88:44:6e:4f:e4,2703,6,138,1,-28,S,5c:62:8b:66:67:d2"
1791490568.833,"B,77676,10,5c:62:8b:66:67:d2,138,1,3061,16,-50,A,5c:62:8b:66:67:d2"
1791490568.833,"B,77676,10,72:3b:01:24:b7:c8,140,5,0,0,-17,S,5c:62:8b:66:67:d2"
1791490568.833,"B,77676,10,b2:db:ca:e6:29:a6,218,5,0,0,-21,S,5c:62:8b:66:67:d2"
1791490569.035,"B,77776,10,46:88:44:6e:4f:e4,1428,5,0,0,-28,S,5c:62:8b:66:67:d2"
1791490569.035,"B,77776,10,5c:62:8b:66:67:d2,0,0,1512,8,-48,A,5c:62:8b:66:67:d2"
1791490569.035,"B,77776,10,72:3b:01:24:b7:c8,56,2,0,0,-18,S,5c:62:8b:66:67:d2"
1791490569.035,"B,77776,10,b2:db:ca:e6:29:a6,28,1,0,0,-19,S,5c:62:8b:66:67:d2"
1791490569.035,"B,77876,10,46:88:44:6e:4f:e4,4862,10,0,0,-28,S,5c:62:8b:66:67:d2"
1791490569.035,"B,77876,10,5c:62:8b:66:67:d2,0,0,5226,23,0,A,5c:62:8b:66:67:d2"
1791490569.035,"B,77876,10,72:3b:01:24:b7:c8,308,11,0,0,-17,S,5c:62:8b:66:67:d2"
1791490569.035,"B,77876,10,a6:4c:bd:b6:c7:99,30,1,0,0,-91,S,78:8c:b5:f5:e7:26"
1791490569.035,"B,77876,10,78:8c:b5:f5:e7:26,0,0,30,1,0,A,78:8c:b5:f5:e7:26"
1791490569.035,"B,77876,10,b2:db:ca:e6:29:a6,56,2,0,0,-21,S,5c:62:8b:66:67:d2"
1791490569.237,"B,77976,10,46:88:44:6e:4f:e4,2703,6,0,0,-28,S,5c:62:8b:66:67:d2"
1791490569.237,"B,77976,10,5c:62:8b:66:67:d2,0,0,2815,10,-48,A,5c:62:8b:66:67:d2"
1791490569.237,"B,77976,10,72:3b:01:24:b7:c8,56,2,0,0,-17,S,5c:62:8b:66:67:d2"
1791490569.237,"B,77976,10,b2:db:ca:e6:29:a6,56,2,0,0,-20,S,5c:62:8b:66:67:d2"
1791490569.237,"B,78076,10,46:88:44:6e:4f:e4,2703,6,0,0,-28,S,5c:62:8b:66:67:d2"
1791490569.237,"B,78076,10,5c:62:8b:66:67:d2,0,0,2759,8,0,A,5c:62:8b:66:67:d2"
1791490569.237,"B,78076,10,72:3b:01:24:b7:c8,56,2,0,0,-17,S,5c:62:8b:66:67:d2"
1791490569.442,"B,78176,10,46:88:44:6e:4f:e4,2703,6,0,0,-28,S,5c:62:8b:66:67:d2"
1791490569.442,"B,78176,10,5c:62:8b:66:67:d2,0,0,2815,10,-48,A,5c:62:8b:66:67:d2"
1791490569.442,"B,78176,10,72:3b:01:24:b7:c8,56,2,0,0,-17,S,5c:62:8b:66:67:d2"
1791490569.442,"B,78176,10,b2:db:ca:e6:29:a6,56,2,0,0,-21,S,5c:62:8b:66:67:d2"
1791490569.442,"B,78276,10,46:88:44:6e:4f:e4,3746,7,0,0,-28,S,5c:62:8b:66:67:d2"
1791490569.442,"B,78276,10,5c:62:8b:66:67:d2,0,0,3746,7,-48,A,5c:62:8b:66:67:d2"
1791490569.647,"B,78376,10,46:88:44:6e:4f:e4,2675,5,0,0,-28,S,5c:62:8b:66:67:d2"
1791490569.647,"B,78376,10,5c:62:8b:66:67:d2,0,0,2843,11,-49,A,5c:62:8b:66:67:d2"
1791490569.647,"B,78376,10,72:3b:01:24:b7:c8,112,4,0,0,-17,S,5c:62:8b:66:67:d2"
1791490569.647,"B,78376,10,a6:4c:bd:b6:c7:99,30,1,0,0,-90,S,78:8c:b5:f5:e7:26"
1791490569.647,"B,78376,10,78:8c:b5:f5:e7:26,0,0,30,1,0,A,78:8c:b5:f5:e7:26"
1791490569.647,"B,78376,10,b2:db:ca:e6:29:a6,56,2,0,0,-22,S,5c:62:8b:66:67:d2"
1791490569.647,"B,78476,10,46:88:44:6e:4f:e4,1078,4,0,0,-28,S,5c:62:8b:66:67:d2"
1791490569.647,"B,78476,10,5c:62:8b:66:67:d2,0,0,1302,12,-49,A,5c:62:8b:66:67:d2"
1791490569.647,"B,78476,10,72:3b:01:24:b7:c8,168,6,0,0,-17,S,5c:62:8b:66:67:d2"
1791490569.647,"B,78476,10,a6:4c:bd:b6:c7:99,60,2,0,0,-91,S,78:8c:b5:f5:e7:26"
1791490569.647,"B,78476,10,78:8c:b5:f5:e7:26,0,0,60,2,-86,A,78:8c:b5:f5:e7:26"
1791490569.647,"B,78476,10,b2:db:ca:e6:29:a6,56,2,0,0,-20,S,5c:62:8b:66:67:d2"
1791490569.853,"B,78576,10,46:88:44:6e:4f:e4,3053,7,0,0,-28,S,5c:62:8b:66:67:d2"
1791490569.853,"B,78576,10,5c:62:8b:66:67:d2,0,0,3221,13,-49,A,5c:62:8b:66:67:d2"
1791490569.853,"B,78576,10,72:3b:01:24:b7:c8,84,3,0,0,-17,S,5c:62:8b:66:67:d2"
1791490569.853,"B,78576,10,b2:db:ca:e6:29:a6,84,3,0,0,-20,S,5c:62:8b:66:67:d2"
1791490569.853,"B,78676,10,46:88:44:6e:4f:e4,2703,6,0,0,-27,S,5c:62:8b:66:67:d2"
1791490569.853,"B,78676,10,5c:62:8b:66:67:d2,0,0,2899,13,-50,A,5c:62:8b:66:67:d2"
1791490569.853,"B,78676,10,72:3b:01:24:b7:c8,140,5,0,0,-17,S,5c:62:8b:66:67:d2"
1791490569.853,"B,78676,10,b2:db:ca:e6:29:a6,56,2,0,0,-21,S,5c:62:8b:66:67:d2"
1791490570.058,"B,78776,10,46:88:44:6e:4f:e4,2703,6,0,0,-27,S,5c:62:8b:66:67:d2"
1791490570.058,"B,78776,10,5c:62:8b:66:67:d2,0,0,2899,13,-49,A,5c:62:8b:66:67:d2"
1791490570.058,"B,78776,10,72:3b:01:24:b7:c8,112,4,0,0,-17,S,5c:62:8b:66:67:d2"
1791490570.058,"B,78776,10,b2:db:ca:e6:29:a6,84,3,0,0,-20,S,5c:62:8b:66:67:d2"
1791490570.058,"B,78876,10,46:88:44:6e:4f:e4,1078,4,0,0,-26,S,5c:62:8b:66:67:d2"
1791490570.058,"B,78876,10,5c:62:8b:66:67:d2,0,0,1134,6,-50,A,5c:62:8b:66:67:d2"
1791490570.058,"B,78876,10,b2:db:ca:e6:29:a6,56,2,0,0,-21,S,5c:62:8b:66:67:d2"
1791490570.263,"B,78976,10,46:88:44:6e:4f:e4,2703,6,0,0,-28,S,5c:62:8b:66:67:d2"
1791490570.263,"B,78976,10,5c:62:8b:66:67:d2,0,0,2871,12,-49,A,5c:62:8b:66:67:d2"
1791490570.263,"B,78976,10,72:3b:01:24:b7:c8,112,4,0,0,-17,S,5c:62:8b:66:67:d2"
1791490570.263,"B,78976,10,b2:db:ca:e6:29:a6,56,2,0,0,-21,S,5c:62:8b:66:67:d2"
1791490570.263,"B,79076,10,46:88:44:6e:4f:e4,3375,7,0,0,-28,S,5c:62:8b:66:67:d2"
1791490570.263,"B,79076,10,5c:62:8b:66:67:d2,82,1,3711,19,-50,A,5c:62:8b:66:67:d2"
1791490570.263,"B,79076,10,72:3b:01:24:b7:c8,280,10,0,0,-17,S,5c:62:8b:66:67:d2"
1791490570.263,"B,79076,10,b2:db:ca:e6:29:a6,56,2,82,1,-20,S,5c:62:8b:66:67:d2"
1791490570.466,"B,79176,10,46:88:44:6e:4f:e4,3746,7,0,0,-28,S,5c:62:8b:66:67:d2"
1791490570.466,"B,79176,10,5c:62:8b:66:67:d2,0,0,3886,12,-49,A,5c:62:8b:66:67:d2"
1791490570.466,"B,79176,10,72:3b:01:24:b7:c8,56,2,0,0,-17,S,5c:62:8b:66:67:d2"
1791490570.466,"B,79176,10,a6:4c:bd:b6:c7:99,30,1,0,0,-92,S,78:8c:b5:f5:e7:26"
1791490570.466,"B,79176,10,78:8c:b5:f5:e7:26,0,0,30,1,-81,A,78:8c:b5:f5:e7:26"
1791490570.466,"B,79176,10,b2:db:ca:e6:29:a6,84,3,0,0,-22,S,5c:62:8b:66:67:d2"
1791490570.466,"B,79276,10,46:88:44:6e:4f:e4,5953,10,0,0,-28,S,5c:62:8b:66:67:d2"
1791490570.466,"B,79276,10,5c:62:8b:66:67:d2,0,0,6177,18,-49,A,5c:62:8b:66:67:d2"
1791490570.466,"B,79276,10,72:3b:01:24:b7:c8,168,6,0,0,-17,S,5c:62:8b:66:67:d2"
1791490570.466,"B,79276,10,b2:db:ca:e6:29:a6,56,2,0,0,-20,S,5c:62:8b:66:67:d2"
1791490570.667,"B,79376,10,46:88:44:6e:4f:e4,4678,9,0,0,-28,S,5c:62:8b:66:67:d2"
1791490570.667,"B,79376,10,5c:62:8b:66:67:d2,0,0,4818,14,-49,A,5c:62:8b:66:67:d2"
1791490570.667,"B,79376,10,72:3b:01:24:b7:c8,112,4,0,0,-17,S,5c:62:8b:66:67:d2"
1791490570.667,"B,79376,10,b2:db:ca:e6:29:a6,28,1,0,0,-21,S,5c:62:8b:66:67:d2"
1791490570.667,"B,79476,10,46:88:44:6e:4f:e4,3285,7,0,0,-29,S,5c:62:8b:66:67:d2"
1791490570.667,"B,79476,10,5c:62:8b:66:67:d2,0,0,3453,13,-48,A,5c:62:8b:66:67:d2"
1791490570.667,"B,79476,10,72:3b:01:24:b7:c8,84,3,0,0,-17,S,5c:62:8b:66:67:d2"
1791490570.667,"B,79476,10,b2:db:ca:e6:29:a6,84,3,0,0,-22,S,5c:62:8b:66:67:d2"
1791490570.870,"B,79576,10,46:88:44:6e:4f:e4,1750,5,0,0,-29,S,5c:62:8b:66:67:d2"
1791490570.870,"B,79576,10,5c:62:8b:66:67:d2,0,0,2002,14,-49,A,5c:62:8b:66:67:d2"
1791490570.870,"B,79576,10,72:3b:01:24:b7:c8,196,7,0,0,-17,S,5c:62:8b:66:67:d2"
1791490570.870,"B,79576,10,b2:db:ca:e6:29:a6,56,2,0,0,-20,S,5c:62:8b:66:67:d2"
1791490570.870,"B,79676,10,46:88:44:6e:4f:e4,2703,6,0,0,-29,S,5c:62:8b:66:67:d2"
1791490570.870,"B,79676,10,5c:62:8b:66:67:d2,0,0,2899,13,-49,A,5c:62:8b:66:67:d2"
1791490570.870,"B,79676,10,72:3b:01:24:b7:c8,140,5,0,0,-17,S,5c:62:8b:66:67:d2"
1791490570.870,"B,79676,10,a6:4c:bd:b6:c7:99,30,1,0,0,-91,S,78:8c:b5:f5:e7:26"
1791490570.870,"B,79676,10,78:8c:b5:f5:e7:26,0,0,30,1,-81,A,78:8c:b5:f5:e7:26"
1791490570.870,"B,79676,10,b2:db:ca:e6:29:a6,56,2,0,0,-21,S,5c:62:8b:66:67:d2"
1791490571.071,"B,79776,10,46:88:44:6e:4f:e4,5139,9,0,0,-29,S,5c:62:8b:66:67:d2"
1791490571.071,"B,79776,10,5c:62:8b:66:67:d2,0,0,5279,14,-49,A,5c:62:8b:66:67:d2"
1791490571.071,"B,79776,10,72:3b:01:24:b7:c8,84,3,0,0,-17,S,5c:62:8b:66:67:d2"
1791490571.071,"B,79776,10,b2:db:ca:e6:29:a6,56,2,0,0,-21,S,5c:62:8b:66:67:d2"
1791490571.071,"B,79876,10,46:88:44:6e:4f:e4,2703,6,0,0,-29,S,5c:62:8b:66:67:d2"
1791490571.071,"B,79876,10,5c:62:8b:66:67:d2,0,0,3207,24,-50,A,5c:62:8b:66:67:d2"
1791490571.071,"B,79876,10,72:3b:01:24:b7:c8,448,16,0,0,-17,S,5c:62:8b:66:67:d2"
1791490571.071,"B,79876,10,b2:db:ca:e6:29:a6,56,2,0,0,-20,S,5c:62:8b:66:67:d2"
1791490571.071,"B,79976,10,46:88:44:6e:4f:e4,1078,4,0,0,-27,S,5c:62:8b:66:67:d2"
1791490571.271,"B,79976,10,5c:62:8b:66:67:d2,350,1,1218,9,-50,A,5c:62:8b:66:67:d2"
1791490571.271,"B,79976,10,72:3b:01:24:b7:c8,84,3,350,1,-17,S,5c:62:8b:66:67:d2"
1791490571.271,"B,79976,10,b2:db:ca:e6:29:a6,56,2,0,0,-20,S,5c:62:8b:66:67:d2"
1791490571.271,"B,80076,10,46:88:44:6e:4f:e4,5721,10,0,0,-28,S,5c:62:8b:66:67:d2"
1791490571.271,"B,80076,10,5c:62:8b:66:67:d2,0,0,5833,14,-49,A,5c:62:8b:66:67:d2"
1791490571.271,"B,80076,10,72:3b:01:24:b7:c8,56,2,0,0,-17,S,5c:62:8b:66:67:d2"
1791490571.271,"B,80076,10,b2:db:ca:e6:29:a6,56,2,0,0,-21,S,5c:62:8b:66:67:d2"
1791490571.271,"I,80103,stat,rx=11908,drops=0,ch=10,bin=100,hop=0,heap=203064"
1791490571.271,"B,80176,10,46:88:44:6e:4f:e4,1078,4,0,0,-27,S,5c:62:8b:66:67:d2"
1791490571.271,"B,80176,10,5c:62:8b:66:67:d2,0,0,1162,7,-50,A,5c:62:8b:66:67:d2"
1791490571.271,"B,80176,10,72:3b:01:24:b7:c8,56,2,0,0,-17,S,5c:62:8b:66:67:d2"
1791490571.271,"B,80176,10,b2:db:ca:e6:29:a6,28,1,0,0,-20,S,5c:62:8b:66:67:d2"
1791490571.472,"B,80276,10,46:88:44:6e:4f:e4,2675,5,0,0,-29,S,5c:62:8b:66:67:d2"
1791490571.472,"B,80276,10,5c:62:8b:66:67:d2,0,0,2927,14,-49,A,5c:62:8b:66:67:d2"
1791490571.472,"B,80276,10,72:3b:01:24:b7:c8,112,4,0,0,-17,S,5c:62:8b:66:67:d2"
1791490571.472,"B,80276,10,a6:4c:bd:b6:c7:99,30,1,0,0,-91,S,78:8c:b5:f5:e7:26"
1791490571.472,"B,80276,10,78:8c:b5:f5:e7:26,0,0,30,1,-80,A,78:8c:b5:f5:e7:26"
1791490571.472,"B,80276,10,b2:db:ca:e6:29:a6,140,5,0,0,-20,S,5c:62:8b:66:67:d2"
1791490571.672,"B,80376,10,46:88:44:6e:4f:e4,4910,9,0,0,-29,S,5c:62:8b:66:67:d2"
1791490571.672,"B,80376,10,5c:62:8b:66:67:d2,0,0,5106,16,-48,A,5c:62:8b:66:67:d2"
1791490571.672,"B,80376,10,72:3b:01:24:b7:c8,112,4,0,0,-17,S,5c:62:8b:66:67:d2"
1791490571.672,"B,80376,10,b2:db:ca:e6:29:a6,84,3,0,0,-21,S,5c:62:8b:66:67:d2"
1791490571.672,"B,80476,10,46:88:44:6e:4f:e4,1778,6,0,0,-29,S,5c:62:8b:66:67:d2"
1791490571.672,"B,80476,10,5c:62:8b:66:67:d2,0,0,1890,10,-48,A,5c:62:8b:66:67:d2"
1791490571.672,"B,80476,10,72:3b:01:24:b7:c8,112,4,0,0,-17,S,5c:62:8b:66:67:d2"
1791490571.672,"B,80576,10,46:88:44:6e:4f:e4,3403,8,0,0,-29,S,5c:62:8b:66:67:d2"
1791490571.672,"B,80576,10,5c:62:8b:66:67:d2,0,0,3795,22,-49,A,5c:62:8b:66:67:d2"
1791490571.672,"B,80576,10,72:3b:01:24:b7:c8,280,10,0,0,-17,S,5c:62:8b:66:67:d2"
1791490571.672,"B,80576,10,b2:db:ca:e6:29:a6,112,4,0,0,-20,S,5c:62:8b:66:67:d2"
1791490571.872,"B,80676,10,46:88:44:6e:4f:e4,2353,5,0,0,-29,S,5c:62:8b:66:67:d2"
1791490571.872,"B,80676,10,5c:62:8b:66:67:d2,0,0,2661,16,-49,A,5c:62:8b:66:67:d2"
1791490571.872,"B,80676,10,72:3b:01:24:b7:c8,280,10,0,0,-17,S,5c:62:8b:66:67:d2"
1791490571.872,"B,80676,10,b2:db:ca:e6:29:a6,28,1,0,0,-22,S,5c:62:8b:66:67:d2"
1791490571.872,"B,80776,10,46:88:44:6e:4f:e4,4761,7,0,0,-29,S,5c:62:8b:66:67:d2"
1791490572.072,"B,80776,10,5c:62:8b:66:67:d2,0,0,4817,9,-49,A,5c:62:8b:66:67:d2"
1791490572.072,"B,80776,10,72:3b:01:24:b7:c8,28,1,0,0,-17,S,5c:62:8b:66:67:d2"
1791490572.072,"B,80776,10,b2:db:ca:e6:29:a6,28,1,0,0,-21,S,5c:62:8b:66:67:d2"
1791490572.072,"B,80876,10,46:88:44:6e:4f:e4,1660,5,0,0,-29,S,5c:62:8b:66:67:d2"
1791490572.072,"B,80876,10,5c:62:8b:66:67:d2,0,0,1716,7,-49,A,5c:62:8b:66:67:d2"
1791490572.072,"B,80876,10,b2:db:ca:e6:29:a6,56,2,0,0,-21,S,5c:62:8b:66:67:d2"
1791490572.072,"B,80976,10,46:88:44:6e:4f:e4,3635,8,0,0,-29,S,5c:62:8b:66:67:d2"
1791490572.072,"B,80976,10,5c:62:8b:66:67:d2,0,0,3859,16,-47,A,5c:62:8b:66:67:d2"
1791490572.272,"B,80976,10,72:3b:01:24:b7:c8,168,6,0,0,-16,S,5c:62:8b:66:67:d2"
1791490572.272,"B,80976,10,b2:db:ca:e6:29:a6,56,2,0,0,-22,S,5c:62:8b:66:67:d2"
1791490572.272,"B,81076,10,46:88:44:6e:4f:e4,728,3,0,0,-28,S,5c:62:8b:66:67:d2"
1791490572.272,"B,81076,10,5c:62:8b:66:67:d2,0,0,840,7,-49,A,5c:62:8b:66:67:d2"
1791490572.272,"B,81076,10,72:3b:01:24:b7:c8,56,2,0,0,-17,S,5c:62:8b:66:67:d2"
1791490572.272,"B,81076,10,b2:db:ca:e6:29:a6,56,2,0,0,-21,S,5c:62:8b:66:67:d2"
1791490572.272,"B,81176,10,46:88:44:6e:4f:e4,2703,6,0,0,-28,S,5c:62:8b:66:67:d2"
1791490572.272,"B,81176,10,5c:62:8b:66:67:d2,0,0,2759,8,-48,A,5c:62:8b:66:67:d2"
1791490572.473,"B,81176,10,72:3b:01:24:b7:c8,28,1,0,0,-17,S,5c:62:8b:66:67:d2"
1791490572.473,"B,81176,10,b2:db:ca:e6:29:a6,28,1,0,0,-22,S,5c:62:8b:66:67:d2"
1791490572.473,"B,81276,10,46:88:44:6e:4f:e4,3025,6,0,0,-29,S,5c:62:8b:66:67:d2"
1791490572.473,"B,81276,10,5c:62:8b:66:67:d2,0,0,3417,20,-49,A,5c:62:8b:66:67:d2"
1791490572.473,"B,81276,10,72:3b:01:24:b7:c8,336,12,0,0,-17,S,5c:62:8b:66:67:d2"
1791490572.473,"B,81276,10,b2:db:ca:e6:29:a6,56,2,0,0,-22,S,5c:62:8b:66:67:d2"
1791490572.473,"B,81376,10,46:88:44:6e:4f:e4,2353,5,0,0,-27,S,5c:62:8b:66:67:d2"
1791490572.473,"B,81376,10,5c:62:8b:66:67:d2,0,0,2465,9,-49,A,5c:62:8b:66:67:d2"
1791490572.473,"B,81376,10,72:3b:01:24:b7:c8,28,1,0,0,-17,S,5c:62:8b:66:67:d2"
1791490572.473,"B,81376,10,a6:4c:bd:b6:c7:99,30,1,0,0,-91,S,78:8c:b5:f5:e7:26"
1791490572.473,"B,81376,10,78:8c:b5:f5:e7:26,0,0,30,1,-80,A,78:8c:b5:f5:e7:26"
1791490572.673,"B,81376,10,b2:db:ca:e6:29:a6,84,3,0,0,-20,S,5c:62:8b:66:67:d2"
1791490572.673,"B,81476,10,46:88:44:6e:4f:e4,3285,7,0,0,-28,S,5c:62:8b:66:67:d2"
1791490572.673,"B,81476,10,5c:62:8b:66:67:d2,0,0,3397,11,-50,A,5c:62:8b:66:67:d2"
1791490572.673,"B,81476,10,72:3b:01:24:b7:c8,28,1,0,0,-17,S,5c:62:8b:66:67:d2"
1791490572.673,"B,81476,10,a6:4c:bd:b6:c7:99,30,1,0,0,-91,S,78:8c:b5:f5:e7:26"
1791490572.673,"B,81476,10,78:8c:b5:f5:e7:26,0,0,30,1,0,A,78:8c:b5:f5:e7:26"
1791490572.673,"B,81476,10,b2:db:ca:e6:29:a6,84,3,0,0,-21,S,5c:62:8b:66:67:d2"
1791490572.673,"B,81576,10,46:88:44:6e:4f:e4,3403,8,0,0,-28,S,5c:62:8b:66:67:d2"
1791490572.673,"B,81576,10,5c:62:8b:66:67:d2,0,0,3711,19,-49,A,5c:62:8b:66:67:d2"
1791490572.673,"B,81576,10,72:3b:01:24:b7:c8,280,10,0,0,-17,S,5c:62:8b:66:67:d2"
1791490572.873,"B,81576,10,b2:db:ca:e6:29:a6,28,1,0,0,-21,S,5c:62:8b:66:67:d2"
1791490572.873,"M,81668,end"
1791490572.873,"B,81676,10,46:88:44:6e:4f:e4,1400,4,0,0,-29,S,5c:62:8b:66:67:d2"
1791490572.873,"B,81676,10,5c:62:8b:66:67:d2,2282,7,1456,6,-50,A,5c:62:8b:66:67:d2"
1791490572.873,"B,81676,10,72:3b:01:24:b7:c8,28,1,0,0,-17,S,5c:62:8b:66:67:d2"
1791490572.873,"B,81676,10,b2:db:ca:e6:29:a6,28,1,2282,7,-20,S,5c:62:8b:66:67:d2"
1791490572.873,"B,81776,10,46:88:44:6e:4f:e4,6303,11,0,0,-29,S,5c:62:8b:66:67:d2"
1791490572.873,"B,81776,10,5c:62:8b:66:67:d2,0,0,6527,19,-49,A,5c:62:8b:66:67:d2"
1791490572.873,"B,81776,10,72:3b:01:24:b7:c8,168,6,0,0,-17,S,5c:62:8b:66:67:d2"
1791490572.873,"B,81776,10,b2:db:ca:e6:29:a6,56,2,0,0,-22,S,5c:62:8b:66:67:d2"
1791490573.074,"B,81876,10,46:88:44:6e:4f:e4,2353,5,0,0,-28,S,5c:62:8b:66:67:d2"
1791490573.074,"B,81876,10,5c:62:8b:66:67:d2,0,0,2549,12,-49,A,5c:62:8b:66:67:d2"
1791490573.074,"B,81876,10,72:3b:01:24:b7:c8,84,3,0,0,-17,S,5c:62:8b:66:67:d2"
1791490573.074,"B,81876,10,b2:db:ca:e6:29:a6,112,4,0,0,-20,S,5c:62:8b:66:67:d2"
1791490573.074,"B,81976,10,46:88:44:6e:4f:e4,4789,8,0,0,-28,S,5c:62:8b:66:67:d2"
1791490573.074,"B,81976,10,5c:62:8b:66:67:d2,0,0,4817,9,-49,A,5c:62:8b:66:67:d2"
1791490573.074,"B,81976,10,b2:db:ca:e6:29:a6,28,1,0,0,-22,S,5c:62:8b:66:67:d2"
1791490573.274,"B,82076,10,46:88:44:6e:4f:e4,2703,6,0,0,-29,S,5c:62:8b:66:67:d2"
1791490573.274,"B,82076,10,5c:62:8b:66:67:d2,0,0,2899,13,-49,A,5c:62:8b:66:67:d2"
1791490573.274,"B,82076,10,72:3b:01:24:b7:c8,140,5,0,0,-17,S,5c:62:8b:66:67:d2"
1791490573.274,"B,82076,10,b2:db:ca:e6:29:a6,56,2,0,0,-22,S,5c:62:8b:66:67:d2"
1791490573.274,"B,82176,10,46:88:44:6e:4f:e4,1778,6,0,0,-28,S,5c:62:8b:66:67:d2"
1791490573.274,"B,82176,10,5c:62:8b:66:67:d2,0,0,1946,12,0,A,5c:62:8b:66:67:d2"
1791490573.274,"B,82176,10,72:3b:01:24:b7:c8,84,3,0,0,-17,S,5c:62:8b:66:67:d2"
1791490573.274,"B,82176,10,b2:db:ca:e6:29:a6,84,3,0,0,-22,S,5c:62:8b:66:67:d2"
1791490573.474,"B,82276,10,46:88:44:6e:4f:e4,2675,5,0,0,-28,S,5c:62:8b:66:67:d2"
1791490573.474,"B,82276,10,5c:62:8b:66:67:d2,0,0,2731,7,-49,A,5c:62:8b:66:67:d2"
1791490573.474,"B,82276,10,72:3b:01:24:b7:c8,28,1,0,0,-17,S,5c:62:8b:66:67:d2"
1791490573.474,"B,82276,10,b2:db:ca:e6:29:a6,28,1,0,0,-23,S,5c:62:8b:66:67:d2"
1791490573.474,"B,82376,10,46:88:44:6e:4f:e4,4789,8,0,0,-28,S,5c:62:8b:66:67:d2"
1791490573.474,"B,82376,10,5c:62:8b:66:67:d2,0,0,5097,19,-49,A,5c:62:8b:66:67:d2"
1791490573.474,"B,82376,10,72:3b:01:24:b7:c8,196,7,0,0,-17,S,5c:62:8b:66:67:d2"
1791490573.676,"B,82376,10,b2:db:ca:e6:29:a6,112,4,0,0,-20,S,5c:62:8b:66:67:d2"
1791490573.676,"B,82376,10,80:af:ca:68:4c:f8,82,1,0,0,-86,A,80:af:ca:68:4c:f8"
1791490573.676,"B,82376,10,52:4b:9a:a2:db:8e,0,0,82,1,0,S,80:af:ca:68:4c:f8"
1791490573.676,"B,82476,10,46:88:44:6e:4f:e4,4103,10,0,0,-28,S,5c:62:8b:66:67:d2"
1791490573.676,"B,82476,10,5c:62:8b:66:67:d2,0,0,4131,11,-49,A,5c:62:8b:66:67:d2"
1791490573.676,"B,82476,10,b2:db:ca:e6:29:a6,28,1,0,0,-21,S,5c:62:8b:66:67:d2"
1791490573.676,"B,82576,10,46:88:44:6e:4f:e4,2703,6,0,0,-28,S,5c:62:8b:66:67:d2"
1791490573.676,"B,82576,10,5c:62:8b:66:67:d2,0,0,2787,9,-50,A,5c:62:8b:66:67:d2"
1791490573.676,"B,82576,10,72:3b:01:24:b7:c8,28,1,0,0,-17,S,5c:62:8b:66:67:d2"
1791490573.676,"B,82576,10,b2:db:ca:e6:29:a6,56,2,0,0,-21,S,5c:62:8b:66:67:d2"
1791490573.876,"B,82676,10,46:88:44:6e:4f:e4,3053,7,0,0,-28,S,5c:62:8b:66:67:d2"
1791490573.876,"B,82676,10,5c:62:8b:66:67:d2,0,0,3109,9,-49,A,5c:62:8b:66:67:d2"
1791490573.876,"B,82676,10,72:3b:01:24:b7:c8,28,1,0,0,-17,S,5c:62:8b:66:67:d2"
1791490573.876,"B,82676,10,b2:db:ca:e6:29:a6,28,1,0,0,-21,S,5c:62:8b:66:67:d2"
1791490573.876,"B,82776,10,46:88:44:6e:4f:e4,2353,5,0,0,-27,S,5c:62:8b:66:67:d2"
1791490573.876,"B,82776,10,5c:62:8b:66:67:d2,0,0,2493,10,-49,A,5c:62:8b:66:67:d2"
1791490573.876,"B,82776,10,72:3b:01:24:b7:c8,84,3,0,0,-17,S,5c:62:8b:66:67:d2"
1791490573.876,"B,82776,10,b2:db:ca:e6:29:a6,56,2,0,0,-20,S,5c:62:8b:66:67:d2"
