host_time_s,line
1791491868.810,"I,75,boot,spyscan-e2-sniffer,v0.1,transport=usb-serial-jtag"
1791491868.810,"A,90,1,d8:44:89:29:2c:6c,-89,TP-Link_2C6C"
1791491868.810,"A,114,1,c2:a5:dd:1b:60:3b,-71,MERCURY_603B"
1791491869.012,"A,254,1,52:ff:20:fe:c2:b2,-90,"
1791491869.012,"B,275,1,f4:28:9d:ce:e6:09,28,1,0,0,-92,S,c4:16:88:9a:06:5c"
1791491869.012,"B,275,1,c4:16:88:9a:06:5c,0,0,28,1,0,A,c4:16:88:9a:06:5c"
1791491869.012,"I,332,reset"
1791491869.012,"I,333,bin,100"
1791491869.012,"I,333,channel,10"
1791491869.012,"A,341,10,b0:a7:b9:23:82:ee,-86,________ __ ________"
1791491869.012,"B,375,10,b2:db:ca:e6:29:a6,28,1,0,0,-31,S,5c:62:8b:66:67:d2"
1791491869.012,"B,375,10,5c:62:8b:66:67:d2,0,0,28,1,0,A,5c:62:8b:66:67:d2"
1791491869.012,"A,389,10,5c:62:8b:66:67:d2,-49,TP-Link_67D2"
1791491869.212,"B,475,10,b2:db:ca:e6:29:a6,28,1,0,0,-31,S,5c:62:8b:66:67:d2"
1791491869.212,"B,475,10,5c:62:8b:66:67:d2,0,0,28,1,-49,A,5c:62:8b:66:67:d2"
1791491869.212,"A,518,10,cc:d8:43:ca:9f:eb,-83,Xiaomi_DF62"
1791491869.212,"B,575,10,b2:db:ca:e6:29:a6,56,2,0,0,-31,S,5c:62:8b:66:67:d2"
1791491869.212,"B,575,10,5c:62:8b:66:67:d2,0,0,56,2,-51,A,5c:62:8b:66:67:d2"
1791491869.212,"M,638,baseline"
1791491869.417,"B,675,10,b2:db:ca:e6:29:a6,56,2,0,0,-31,S,5c:62:8b:66:67:d2"
1791491869.417,"B,675,10,5c:62:8b:66:67:d2,0,0,56,2,-49,A,5c:62:8b:66:67:d2"
1791491869.417,"B,775,10,b2:db:ca:e6:29:a6,56,2,0,0,-33,S,5c:62:8b:66:67:d2"
1791491869.417,"B,775,10,5c:62:8b:66:67:d2,0,0,56,2,-49,A,5c:62:8b:66:67:d2"
1791491869.619,"B,875,10,b2:db:ca:e6:29:a6,56,2,0,0,-28,S,5c:62:8b:66:67:d2"
1791491869.619,"B,875,10,5c:62:8b:66:67:d2,0,0,56,2,-49,A,5c:62:8b:66:67:d2"
1791491869.619,"A,1038,10,78:8c:b5:f5:e7:26,-82,ITMO"
1791491869.824,"B,1075,10,b2:db:ca:e6:29:a6,28,1,0,0,-29,S,5c:62:8b:66:67:d2"
1791491869.824,"B,1075,10,5c:62:8b:66:67:d2,0,0,28,1,-50,A,5c:62:8b:66:67:d2"
1791491870.439,"A,1727,10,80:af:ca:68:4c:f8,-86,Cudy-4CF8"
1791491870.439,"A,1749,10,d8:0d:17:46:46:1a,-71,spike"
1791491870.439,"B,1775,10,b2:db:ca:e6:29:a6,112,4,0,0,-20,S,5c:62:8b:66:67:d2"
1791491870.439,"B,1775,10,5c:62:8b:66:67:d2,0,0,112,4,-49,A,5c:62:8b:66:67:d2"
1791491870.439,"B,1775,10,80:af:ca:68:4c:f8,84,1,0,0,-85,A,80:af:ca:68:4c:f8"
1791491870.640,"B,1875,10,5c:62:8b:66:67:d2,0,0,28,1,-58,A,5c:62:8b:66:67:d2"
1791491870.640,"B,1875,10,72:3b:01:24:b7:c8,28,1,0,0,-22,S,5c:62:8b:66:67:d2"
1791491870.640,"B,1975,10,b2:db:ca:e6:29:a6,84,3,0,0,-21,S,5c:62:8b:66:67:d2"
1791491870.640,"B,1975,10,5c:62:8b:66:67:d2,0,0,112,4,-57,A,5c:62:8b:66:67:d2"
1791491870.640,"B,1975,10,72:3b:01:24:b7:c8,28,1,0,0,-23,S,5c:62:8b:66:67:d2"
1791491870.844,"B,2075,10,b2:db:ca:e6:29:a6,56,2,0,0,-20,S,5c:62:8b:66:67:d2"
1791491870.844,"B,2075,10,5c:62:8b:66:67:d2,0,0,56,2,-56,A,5c:62:8b:66:67:d2"
1791491870.844,"B,2175,10,b2:db:ca:e6:29:a6,56,2,0,0,-20,S,5c:62:8b:66:67:d2"
1791491870.844,"B,2175,10,5c:62:8b:66:67:d2,0,0,56,2,-57,A,5c:62:8b:66:67:d2"
1791491871.047,"B,2275,10,b2:db:ca:e6:29:a6,56,2,0,0,-21,S,5c:62:8b:66:67:d2"
1791491871.047,"B,2275,10,5c:62:8b:66:67:d2,0,0,56,2,-57,A,5c:62:8b:66:67:d2"
1791491871.047,"B,2375,10,b2:db:ca:e6:29:a6,28,1,0,0,-20,S,5c:62:8b:66:67:d2"
1791491871.047,"B,2375,10,5c:62:8b:66:67:d2,0,0,28,1,-57,A,5c:62:8b:66:67:d2"
1791491871.251,"B,2475,10,b2:db:ca:e6:29:a6,28,1,0,0,-21,S,5c:62:8b:66:67:d2"
1791491871.251,"B,2475,10,5c:62:8b:66:67:d2,0,0,28,1,-56,A,5c:62:8b:66:67:d2"
1791491871.251,"B,2575,10,b2:db:ca:e6:29:a6,56,2,0,0,-21,S,5c:62:8b:66:67:d2"
1791491871.251,"B,2575,10,5c:62:8b:66:67:d2,0,0,56,2,-57,A,5c:62:8b:66:67:d2"
1791491871.456,"B,2675,10,b2:db:ca:e6:29:a6,56,2,0,0,-21,S,5c:62:8b:66:67:d2"
1791491871.456,"B,2675,10,5c:62:8b:66:67:d2,0,0,56,2,-56,A,5c:62:8b:66:67:d2"
1791491871.456,"B,2775,10,b2:db:ca:e6:29:a6,56,2,0,0,-20,S,5c:62:8b:66:67:d2"
1791491871.456,"B,2775,10,5c:62:8b:66:67:d2,0,0,56,2,-57,A,5c:62:8b:66:67:d2"
1791491871.658,"B,2975,10,b2:db:ca:e6:29:a6,56,2,0,0,-21,S,5c:62:8b:66:67:d2"
1791491871.658,"B,2975,10,5c:62:8b:66:67:d2,0,0,56,2,-55,A,5c:62:8b:66:67:d2"
1791491871.658,"A,3062,10,82:af:ca:28:4c:f8,-84,"
1791491871.859,"B,3175,10,b2:db:ca:e6:29:a6,56,2,0,0,-22,S,5c:62:8b:66:67:d2"
1791491871.859,"B,3175,10,5c:62:8b:66:67:d2,0,0,56,2,-55,A,5c:62:8b:66:67:d2"
1791491871.859,"B,3275,10,b2:db:ca:e6:29:a6,56,2,0,0,-21,S,5c:62:8b:66:67:d2"
1791491871.859,"B,3275,10,5c:62:8b:66:67:d2,0,0,56,2,-56,A,5c:62:8b:66:67:d2"
1791491872.061,"B,3375,10,b2:db:ca:e6:29:a6,56,2,0,0,-21,S,5c:62:8b:66:67:d2"
1791491872.061,"B,3375,10,5c:62:8b:66:67:d2,0,0,56,2,-57,A,5c:62:8b:66:67:d2"
1791491872.061,"B,3475,10,b2:db:ca:e6:29:a6,56,2,0,0,-21,S,5c:62:8b:66:67:d2"
1791491872.061,"B,3475,10,5c:62:8b:66:67:d2,0,0,56,2,-57,A,5c:62:8b:66:67:d2"
1791491872.264,"B,3575,10,b2:db:ca:e6:29:a6,56,2,0,0,-21,S,5c:62:8b:66:67:d2"
1791491872.264,"B,3575,10,5c:62:8b:66:67:d2,0,0,56,2,-58,A,5c:62:8b:66:67:d2"
1791491872.264,"B,3675,10,b2:db:ca:e6:29:a6,28,1,0,0,-21,S,5c:62:8b:66:67:d2"
1791491872.264,"B,3675,10,5c:62:8b:66:67:d2,0,0,28,1,-60,A,5c:62:8b:66:67:d2"
1791491872.468,"B,3775,10,b2:db:ca:e6:29:a6,56,2,0,0,-22,S,5c:62:8b:66:67:d2"
1791491872.468,"B,3775,10,5c:62:8b:66:67:d2,0,0,56,2,-59,A,5c:62:8b:66:67:d2"
1791491872.468,"B,3875,10,b2:db:ca:e6:29:a6,56,2,0,0,-23,S,5c:62:8b:66:67:d2"
1791491872.468,"B,3875,10,5c:62:8b:66:67:d2,0,0,56,2,-61,A,5c:62:8b:66:67:d2"
1791491872.468,"B,3875,10,80:af:ca:68:4c:f8,84,1,0,0,-85,A,80:af:ca:68:4c:f8"
1791491872.670,"B,3975,10,b2:db:ca:e6:29:a6,28,1,0,0,-21,S,5c:62:8b:66:67:d2"
1791491872.670,"B,3975,10,5c:62:8b:66:67:d2,0,0,28,1,-58,A,5c:62:8b:66:67:d2"
1791491872.670,"B,3975,10,80:af:ca:68:4c:f8,188,2,0,0,-84,A,80:af:ca:68:4c:f8"
1791491872.670,"B,4075,10,b2:db:ca:e6:29:a6,56,2,0,0,-22,S,5c:62:8b:66:67:d2"
1791491872.670,"B,4075,10,5c:62:8b:66:67:d2,0,0,56,2,-59,A,5c:62:8b:66:67:d2"
1791491872.876,"B,4175,10,b2:db:ca:e6:29:a6,28,1,0,0,-21,S,5c:62:8b:66:67:d2"
1791491872.876,"B,4175,10,5c:62:8b:66:67:d2,0,0,28,1,0,A,5c:62:8b:66:67:d2"
1791491873.285,"B,4675,10,b2:db:ca:e6:29:a6,28,1,0,0,-21,S,5c:62:8b:66:67:d2"
1791491873.285,"B,4675,10,5c:62:8b:66:67:d2,0,0,28,1,-57,A,5c:62:8b:66:67:d2"
1791491873.285,"B,4675,10,78:8c:b5:f5:e7:26,80,1,60,2,-83,A,78:8c:b5:f5:e7:26"
1791491873.285,"B,4675,10,a6:4c:bd:b6:c7:99,60,2,0,0,-79,S,78:8c:b5:f5:e7:26"
1791491873.489,"B,4775,10,b2:db:ca:e6:29:a6,56,2,0,0,-21,S,5c:62:8b:66:67:d2"
1791491873.489,"B,4775,10,5c:62:8b:66:67:d2,0,0,56,2,-57,A,5c:62:8b:66:67:d2"
1791491873.489,"B,4875,10,b2:db:ca:e6:29:a6,56,2,0,0,-22,S,5c:62:8b:66:67:d2"
1791491873.489,"B,4875,10,5c:62:8b:66:67:d2,0,0,56,2,-57,A,5c:62:8b:66:67:d2"
1791491873.689,"B,4975,10,b2:db:ca:e6:29:a6,56,2,0,0,-22,S,5c:62:8b:66:67:d2"
1791491873.689,"B,4975,10,5c:62:8b:66:67:d2,0,0,56,2,-59,A,5c:62:8b:66:67:d2"
1791491873.689,"B,5075,10,b2:db:ca:e6:29:a6,56,2,0,0,-21,S,5c:62:8b:66:67:d2"
1791491873.689,"B,5075,10,5c:62:8b:66:67:d2,0,0,56,2,-58,A,5c:62:8b:66:67:d2"
1791491873.689,"I,5079,stat,rx=220,drops=0,ch=10,bin=100,hop=0,heap=203064"
1791491873.893,"B,5175,10,b2:db:ca:e6:29:a6,56,2,0,0,-20,S,5c:62:8b:66:67:d2"
1791491873.893,"B,5175,10,5c:62:8b:66:67:d2,0,0,56,2,-58,A,5c:62:8b:66:67:d2"
1791491873.893,"B,5175,10,78:8c:b5:f5:e7:26,0,0,30,1,-93,A,78:8c:b5:f5:e7:26"
1791491873.893,"B,5175,10,a6:4c:bd:b6:c7:99,30,1,0,0,-78,S,78:8c:b5:f5:e7:26"
1791491873.893,"B,5275,10,78:8c:b5:f5:e7:26,0,0,474,5,0,A,78:8c:b5:f5:e7:26"
1791491873.893,"B,5275,10,a6:4c:bd:b6:c7:99,474,5,0,0,-79,S,78:8c:b5:f5:e7:26"
1791491874.098,"B,5375,10,b2:db:ca:e6:29:a6,56,2,0,0,-20,S,5c:62:8b:66:67:d2"
1791491874.098,"B,5375,10,5c:62:8b:66:67:d2,0,0,56,2,-58,A,5c:62:8b:66:67:d2"
1791491874.098,"B,5375,10,78:8c:b5:f5:e7:26,0,0,30,1,-90,A,78:8c:b5:f5:e7:26"
1791491874.098,"B,5375,10,a6:4c:bd:b6:c7:99,30,1,0,0,-79,S,78:8c:b5:f5:e7:26"
1791491874.098,"B,5475,10,b2:db:ca:e6:29:a6,112,4,0,0,-20,S,5c:62:8b:66:67:d2"
1791491874.098,"B,5475,10,5c:62:8b:66:67:d2,0,0,112,4,-57,A,5c:62:8b:66:67:d2"
1791491874.098,"B,5475,10,78:8c:b5:f5:e7:26,0,0,60,2,0,A,78:8c:b5:f5:e7:26"
1791491874.098,"B,5475,10,a6:4c:bd:b6:c7:99,60,2,0,0,-79,S,78:8c:b5:f5:e7:26"
1791491874.303,"B,5575,10,b2:db:ca:e6:29:a6,84,3,0,0,-20,S,5c:62:8b:66:67:d2"
1791491874.303,"B,5575,10,5c:62:8b:66:67:d2,0,0,84,3,-58,A,5c:62:8b:66:67:d2"
1791491874.303,"B,5575,10,78:8c:b5:f5:e7:26,114,1,30,1,-90,A,78:8c:b5:f5:e7:26"
1791491874.303,"B,5575,10,a6:4c:bd:b6:c7:99,30,1,114,1,-80,S,78:8c:b5:f5:e7:26"
1791491874.303,"B,5675,10,78:8c:b5:f5:e7:26,0,0,30,1,0,A,78:8c:b5:f5:e7:26"
1791491874.303,"B,5675,10,a6:4c:bd:b6:c7:99,30,1,0,0,-80,S,78:8c:b5:f5:e7:26"
1791491874.508,"B,5775,10,b2:db:ca:e6:29:a6,56,2,0,0,-20,S,5c:62:8b:66:67:d2"
1791491874.508,"B,5775,10,5c:62:8b:66:67:d2,0,0,168,6,-57,A,5c:62:8b:66:67:d2"
1791491874.508,"B,5775,10,78:8c:b5:f5:e7:26,0,0,30,1,0,A,78:8c:b5:f5:e7:26"
1791491874.508,"B,5775,10,72:3b:01:24:b7:c8,112,4,0,0,-22,S,5c:62:8b:66:67:d2"
1791491874.508,"B,5775,10,a6:4c:bd:b6:c7:99,30,1,0,0,-80,S,78:8c:b5:f5:e7:26"
1791491874.508,"B,5875,10,b2:db:ca:e6:29:a6,56,2,0,0,-22,S,5c:62:8b:66:67:d2"
1791491874.508,"B,5875,10,5c:62:8b:66:67:d2,0,0,392,14,-56,A,5c:62:8b:66:67:d2"
1791491874.508,"B,5875,10,78:8c:b5:f5:e7:26,0,0,30,1,0,A,78:8c:b5:f5:e7:26"
1791491874.508,"B,5875,10,72:3b:01:24:b7:c8,336,12,0,0,-22,S,5c:62:8b:66:67:d2"
1791491874.508,"B,5875,10,a6:4c:bd:b6:c7:99,30,1,0,0,-80,S,78:8c:b5:f5:e7:26"
1791491874.714,"B,5975,10,b2:db:ca:e6:29:a6,56,2,0,0,-20,S,5c:62:8b:66:67:d2"
1791491874.714,"B,5975,10,5c:62:8b:66:67:d2,0,0,196,7,-55,A,5c:62:8b:66:67:d2"
1791491874.714,"B,5975,10,78:8c:b5:f5:e7:26,0,0,60,2,0,A,78:8c:b5:f5:e7:26"
1791491874.714,"B,5975,10,72:3b:01:24:b7:c8,140,5,0,0,-21,S,5c:62:8b:66:67:d2"
1791491874.714,"B,5975,10,a6:4c:bd:b6:c7:99,60,2,0,0,-80,S,78:8c:b5:f5:e7:26"
1791491874.714,"B,6075,10,b2:db:ca:e6:29:a6,28,1,0,0,-21,S,5c:62:8b:66:67:d2"
1791491874.714,"B,6075,10,5c:62:8b:66:67:d2,0,0,28,1,-55,A,5c:62:8b:66:67:d2"
1791491874.714,"B,6075,10,78:8c:b5:f5:e7:26,0,0,30,1,0,A,78:8c:b5:f5:e7:26"
1791491874.714,"B,6075,10,a6:4c:bd:b6:c7:99,30,1,0,0,-80,S,78:8c:b5:f5:e7:26"
1791491874.914,"B,6175,10,5c:62:8b:66:67:d2,0,0,56,2,-52,A,5c:62:8b:66:67:d2"
1791491874.914,"B,6175,10,72:3b:01:24:b7:c8,56,2,0,0,-21,S,5c:62:8b:66:67:d2"
1791491874.914,"B,6275,10,5c:62:8b:66:67:d2,0,0,28,1,-56,A,5c:62:8b:66:67:d2"
1791491874.914,"B,6275,10,72:3b:01:24:b7:c8,28,1,0,0,-22,S,5c:62:8b:66:67:d2"
1791491875.119,"B,6375,10,5c:62:8b:66:67:d2,0,0,28,1,-55,A,5c:62:8b:66:67:d2"
1791491875.119,"B,6375,10,78:8c:b5:f5:e7:26,92,1,0,0,-76,A,78:8c:b5:f5:e7:26"
1791491875.119,"B,6375,10,72:3b:01:24:b7:c8,28,1,0,0,-21,S,5c:62:8b:66:67:d2"
1791491875.119,"B,6475,10,5c:62:8b:66:67:d2,0,0,56,2,-55,A,5c:62:8b:66:67:d2"
1791491875.119,"B,6475,10,78:8c:b5:f5:e7:26,84,1,0,0,-76,A,78:8c:b5:f5:e7:26"
1791491875.119,"B,6475,10,72:3b:01:24:b7:c8,56,2,0,0,-22,S,5c:62:8b:66:67:d2"
1791491875.325,"B,6575,10,5c:62:8b:66:67:d2,0,0,28,1,-53,A,5c:62:8b:66:67:d2"
1791491875.325,"B,6575,10,78:8c:b5:f5:e7:26,92,1,0,0,-76,A,78:8c:b5:f5:e7:26"
1791491875.325,"B,6575,10,72:3b:01:24:b7:c8,28,1,0,0,-22,S,5c:62:8b:66:67:d2"
1791491875.325,"B,6675,10,5c:62:8b:66:67:d2,0,0,112,4,-51,A,5c:62:8b:66:67:d2"
1791491875.325,"B,6675,10,72:3b:01:24:b7:c8,112,4,0,0,-23,S,5c:62:8b:66:67:d2"
1791491875.530,"B,6875,10,78:8c:b5:f5:e7:26,0,0,60,2,0,A,78:8c:b5:f5:e7:26"
1791491875.530,"B,6875,10,a6:4c:bd:b6:c7:99,60,2,0,0,-80,S,78:8c:b5:f5:e7:26"
1791491875.735,"B,7075,10,78:8c:b5:f5:e7:26,0,0,60,2,0,A,78:8c:b5:f5:e7:26"
1791491875.735,"B,7075,10,a6:4c:bd:b6:c7:99,60,2,0,0,-80,S,78:8c:b5:f5:e7:26"
1791491875.940,"B,7175,10,78:8c:b5:f5:e7:26,0,0,30,1,0,A,78:8c:b5:f5:e7:26"
1791491875.940,"B,7175,10,a6:4c:bd:b6:c7:99,30,1,0,0,-80,S,78:8c:b5:f5:e7:26"
1791491875.940,"B,7275,10,b2:db:ca:e6:29:a6,56,2,0,0,-21,S,5c:62:8b:66:67:d2"
1791491875.940,"B,7275,10,5c:62:8b:66:67:d2,0,0,56,2,-52,A,5c:62:8b:66:67:d2"
1791491875.940,"B,7275,10,78:8c:b5:f5:e7:26,0,0,88,3,0,A,78:8c:b5:f5:e7:26"
1791491875.940,"B,7275,10,a6:4c:bd:b6:c7:99,60,2,0,0,-79,S,78:8c:b5:f5:e7:26"
1791491875.940,"B,7275,10,00:08:22:24:d6:fb,28,1,0,0,-81,S,78:8c:b5:f5:e7:26"
1791491876.141,"B,7375,10,78:8c:b5:f5:e7:26,88,1,30,1,-76,A,78:8c:b5:f5:e7:26"
1791491876.141,"B,7375,10,a6:4c:bd:b6:c7:99,30,1,0,0,-79,S,78:8c:b5:f5:e7:26"
1791491876.141,"B,7475,10,b2:db:ca:e6:29:a6,56,2,0,0,-20,S,5c:62:8b:66:67:d2"
1791491876.141,"B,7475,10,5c:62:8b:66:67:d2,0,0,56,2,-53,A,5c:62:8b:66:67:d2"
1791491876.141,"B,7475,10,78:8c:b5:f5:e7:26,0,0,30,1,0,A,78:8c:b5:f5:e7:26"
1791491876.141,"B,7475,10,a6:4c:bd:b6:c7:99,30,1,0,0,-79,S,78:8c:b5:f5:e7:26"
1791491876.344,"B,7575,10,b2:db:ca:e6:29:a6,56,2,0,0,-21,S,5c:62:8b:66:67:d2"
1791491876.344,"B,7575,10,5c:62:8b:66:67:d2,0,0,56,2,-54,A,5c:62:8b:66:67:d2"
1791491876.344,"B,7575,10,78:8c:b5:f5:e7:26,0,0,30,1,0,A,78:8c:b5:f5:e7:26"
1791491876.344,"B,7575,10,a6:4c:bd:b6:c7:99,30,1,0,0,-79,S,78:8c:b5:f5:e7:26"
1791491876.344,"B,7675,10,b2:db:ca:e6:29:a6,56,2,0,0,-21,S,5c:62:8b:66:67:d2"
1791491876.344,"B,7675,10,5c:62:8b:66:67:d2,0,0,56,2,-53,A,5c:62:8b:66:67:d2"
1791491876.344,"B,7675,10,78:8c:b5:f5:e7:26,0,0,30,1,0,A,78:8c:b5:f5:e7:26"
1791491876.344,"B,7675,10,a6:4c:bd:b6:c7:99,30,1,0,0,-79,S,78:8c:b5:f5:e7:26"
1791491876.549,"B,7775,10,b2:db:ca:e6:29:a6,28,1,0,0,-21,S,5c:62:8b:66:67:d2"
1791491876.549,"B,7775,10,5c:62:8b:66:67:d2,0,0,28,1,-53,A,5c:62:8b:66:67:d2"
1791491876.549,"B,7875,10,b2:db:ca:e6:29:a6,56,2,0,0,-22,S,5c:62:8b:66:67:d2"
1791491876.549,"B,7875,10,5c:62:8b:66:67:d2,0,0,56,2,-54,A,5c:62:8b:66:67:d2"
1791491876.750,"B,7975,10,b2:db:ca:e6:29:a6,56,2,0,0,-20,S,5c:62:8b:66:67:d2"
1791491876.750,"B,7975,10,5c:62:8b:66:67:d2,0,0,56,2,-54,A,5c:62:8b:66:67:d2"
1791491876.750,"B,8075,10,b2:db:ca:e6:29:a6,56,2,0,0,-21,S,5c:62:8b:66:67:d2"
1791491876.750,"B,8075,10,5c:62:8b:66:67:d2,0,0,56,2,-54,A,5c:62:8b:66:67:d2"
1791491876.950,"B,8175,10,b2:db:ca:e6:29:a6,56,2,0,0,-21,S,5c:62:8b:66:67:d2"
1791491876.950,"B,8175,10,5c:62:8b:66:67:d2,0,0,56,2,-54,A,5c:62:8b:66:67:d2"
1791491876.950,"B,8275,10,b2:db:ca:e6:29:a6,56,2,0,0,-20,S,5c:62:8b:66:67:d2"
1791491876.950,"B,8275,10,5c:62:8b:66:67:d2,0,0,112,4,-54,A,5c:62:8b:66:67:d2"
1791491876.950,"B,8275,10,72:3b:01:24:b7:c8,56,2,0,0,-22,S,5c:62:8b:66:67:d2"
1791491876.950,"B,8375,10,b2:db:ca:e6:29:a6,28,1,0,0,-23,S,5c:62:8b:66:67:d2"
1791491877.152,"B,8375,10,5c:62:8b:66:67:d2,0,0,56,2,-54,A,5c:62:8b:66:67:d2"
1791491877.152,"B,8375,10,78:8c:b5:f5:e7:26,88,1,60,2,-75,A,78:8c:b5:f5:e7:26"
1791491877.152,"B,8375,10,72:3b:01:24:b7:c8,28,1,0,0,-22,S,5c:62:8b:66:67:d2"
1791491877.152,"B,8375,10,a6:4c:bd:b6:c7:99,60,2,0,0,-80,S,78:8c:b5:f5:e7:26"
1791491877.152,"B,8475,10,b2:db:ca:e6:29:a6,56,2,0,0,-21,S,5c:62:8b:66:67:d2"
1791491877.152,"B,8475,10,5c:62:8b:66:67:d2,0,0,84,3,0,A,5c:62:8b:66:67:d2"
1791491877.152,"B,8475,10,78:8c:b5:f5:e7:26,0,0,30,1,0,A,78:8c:b5:f5:e7:26"
1791491877.152,"B,8475,10,72:3b:01:24:b7:c8,28,1,0,0,-22,S,5c:62:8b:66:67:d2"
1791491877.152,"B,8475,10,a6:4c:bd:b6:c7:99,30,1,0,0,-80,S,78:8c:b5:f5:e7:26"
1791491877.352,"B,8575,10,b2:db:ca:e6:29:a6,28,1,0,0,-23,S,5c:62:8b:66:67:d2"
1791491877.352,"B,8575,10,5c:62:8b:66:67:d2,0,0,56,2,-54,A,5c:62:8b:66:67:d2"
1791491877.352,"B,8575,10,78:8c:b5:f5:e7:26,0,0,60,2,0,A,78:8c:b5:f5:e7:26"
1791491877.352,"B,8575,10,72:3b:01:24:b7:c8,28,1,0,0,-22,S,5c:62:8b:66:67:d2"
1791491877.352,"B,8575,10,a6:4c:bd:b6:c7:99,60,2,0,0,-80,S,78:8c:b5:f5:e7:26"
1791491877.352,"B,8775,10,78:8c:b5:f5:e7:26,92,1,60,2,-76,A,78:8c:b5:f5:e7:26"
1791491877.352,"B,8775,10,a6:4c:bd:b6:c7:99,60,2,0,0,-80,S,78:8c:b5:f5:e7:26"
1791491877.552,"A,8865,10,b0:95:75:76:da:76,-93,domruwifi"
1791491877.552,"B,8875,10,78:8c:b5:f5:e7:26,0,0,60,2,0,A,78:8c:b5:f5:e7:26"
1791491877.552,"B,8875,10,a6:4c:bd:b6:c7:99,60,2,0,0,-79,S,78:8c:b5:f5:e7:26"
1791491877.757,"B,8975,10,78:8c:b5:f5:e7:26,0,0,60,2,0,A,78:8c:b5:f5:e7:26"
1791491877.757,"B,8975,10,a6:4c:bd:b6:c7:99,60,2,0,0,-80,S,78:8c:b5:f5:e7:26"
1791491877.757,"B,9075,10,78:8c:b5:f5:e7:26,0,0,30,1,0,A,78:8c:b5:f5:e7:26"
1791491877.757,"B,9075,10,a6:4c:bd:b6:c7:99,30,1,0,0,-81,S,78:8c:b5:f5:e7:26"
1791491878.165,"B,9475,10,5c:62:8b:66:67:d2,0,0,112,4,-54,A,5c:62:8b:66:67:d2"
1791491878.165,"B,9475,10,72:3b:01:24:b7:c8,112,4,0,0,-22,S,5c:62:8b:66:67:d2"
1791491878.165,"B,9575,10,5c:62:8b:66:67:d2,0,0,140,5,-55,A,5c:62:8b:66:67:d2"
1791491878.165,"B,9575,10,72:3b:01:24:b7:c8,140,5,0,0,-22,S,5c:62:8b:66:67:d2"
1791491878.367,"B,9675,10,5c:62:8b:66:67:d2,0,0,140,5,-55,A,5c:62:8b:66:67:d2"
1791491878.367,"B,9675,10,72:3b:01:24:b7:c8,140,5,0,0,-22,S,5c:62:8b:66:67:d2"
1791491878.367,"B,9775,10,80:af:ca:68:4c:f8,84,1,0,0,-83,A,80:af:ca:68:4c:f8"
1791491878.777,"B,10075,10,80:af:ca:68:4c:f8,104,1,0,0,-84,A,80:af:ca:68:4c:f8"
1791491878.777,"I,10081,stat,rx=506,drops=0,ch=10,bin=100,hop=0,heap=203064"
1791491879.179,"B,10575,10,5c:62:8b:66:67:d2,0,0,56,2,-54,A,5c:62:8b:66:67:d2"
1791491879.179,"B,10575,10,72:3b:01:24:b7:c8,56,2,0,0,-22,S,5c:62:8b:66:67:d2"
1791491879.589,"B,10975,10,5c:62:8b:66:67:d2,0,0,28,1,-53,A,5c:62:8b:66:67:d2"
1791491879.589,"B,10975,10,72:3b:01:24:b7:c8,28,1,0,0,-22,S,5c:62:8b:66:67:d2"
1791491879.794,"B,11075,10,5c:62:8b:66:67:d2,0,0,112,4,-55,A,5c:62:8b:66:67:d2"
1791491879.794,"B,11075,10,72:3b:01:24:b7:c8,112,4,0,0,-22,S,5c:62:8b:66:67:d2"
1791491879.794,"B,11175,10,5c:62:8b:66:67:d2,276,2,0,0,-66,A,5c:62:8b:66:67:d2"
1791491879.995,"B,11275,10,b2:db:ca:e6:29:a6,28,1,0,0,-21,S,5c:62:8b:66:67:d2"
1791491879.995,"B,11275,10,5c:62:8b:66:67:d2,0,0,28,1,-55,A,5c:62:8b:66:67:d2"
1791491879.995,"B,11375,10,b2:db:ca:e6:29:a6,56,2,0,0,-22,S,5c:62:8b:66:67:d2"
1791491879.995,"B,11375,10,5c:62:8b:66:67:d2,0,0,112,4,-55,A,5c:62:8b:66:67:d2"
1791491879.995,"B,11375,10,72:3b:01:24:b7:c8,56,2,0,0,-22,S,5c:62:8b:66:67:d2"
1791491880.196,"B,11475,10,b2:db:ca:e6:29:a6,56,2,0,0,-22,S,5c:62:8b:66:67:d2"
1791491880.196,"B,11475,10,5c:62:8b:66:67:d2,161,1,112,4,-63,A,5c:62:8b:66:67:d2"
1791491880.196,"B,11475,10,72:3b:01:24:b7:c8,56,2,0,0,-22,S,5c:62:8b:66:67:d2"
1791491880.196,"B,11575,10,b2:db:ca:e6:29:a6,28,1,0,0,-23,S,5c:62:8b:66:67:d2"
1791491880.196,"B,11575,10,5c:62:8b:66:67:d2,0,0,140,5,-55,A,5c:62:8b:66:67:d2"
1791491880.196,"B,11575,10,72:3b:01:24:b7:c8,112,4,0,0,-22,S,5c:62:8b:66:67:d2"
1791491880.397,"B,11675,10,b2:db:ca:e6:29:a6,56,2,0,0,-22,S,5c:62:8b:66:67:d2"
1791491880.397,"B,11675,10,5c:62:8b:66:67:d2,0,0,84,3,-55,A,5c:62:8b:66:67:d2"
1791491880.397,"B,11675,10,72:3b:01:24:b7:c8,28,1,0,0,-22,S,5c:62:8b:66:67:d2"
1791491880.397,"B,11775,10,b2:db:ca:e6:29:a6,56,2,0,0,-21,S,5c:62:8b:66:67:d2"
1791491880.397,"B,11775,10,5c:62:8b:66:67:d2,0,0,56,2,-55,A,5c:62:8b:66:67:d2"
1791491880.397,"B,11775,10,80:af:ca:68:4c:f8,84,1,0,0,-84,A,80:af:ca:68:4c:f8"
1791491880.600,"B,11875,10,80:af:ca:68:4c:f8,84,1,0,0,-85,A,80:af:ca:68:4c:f8"
1791491880.600,"B,11975,10,b2:db:ca:e6:29:a6,56,2,0,0,-21,S,5c:62:8b:66:67:d2"
1791491880.600,"B,11975,10,5c:62:8b:66:67:d2,0,0,56,2,-53,A,5c:62:8b:66:67:d2"
1791491880.600,"B,11975,10,80:af:ca:68:4c:f8,589,2,0,0,-84,A,80:af:ca:68:4c:f8"
1791491880.806,"B,12075,10,b2:db:ca:e6:29:a6,28,1,0,0,-21,S,5c:62:8b:66:67:d2"
1791491880.806,"B,12075,10,5c:62:8b:66:67:d2,0,0,56,2,-53,A,5c:62:8b:66:67:d2"
1791491880.806,"B,12075,10,80:af:ca:68:4c:f8,2177,4,0,0,-84,A,80:af:ca:68:4c:f8"
1791491880.806,"B,12075,10,72:3b:01:24:b7:c8,28,1,0,0,-22,S,5c:62:8b:66:67:d2"
1791491880.806,"B,12175,10,5c:62:8b:66:67:d2,229,1,28,1,-62,A,5c:62:8b:66:67:d2"
1791491880.806,"B,12175,10,72:3b:01:24:b7:c8,28,1,0,0,-22,S,5c:62:8b:66:67:d2"
1791491881.010,"B,12275,10,80:af:ca:68:4c:f8,565,1,0,0,-84,A,80:af:ca:68:4c:f8"
1791491881.420,"B,12675,10,78:8c:b5:f5:e7:26,80,1,0,0,-82,A,78:8c:b5:f5:e7:26"
1791491881.420,"A,12796,10,dc:8e:8d:9c:65:79,-90,netis-9C6572"
1791491882.236,"B,13575,10,5c:62:8b:66:67:d2,0,0,56,2,-54,A,5c:62:8b:66:67:d2"
1791491882.236,"B,13575,10,78:8c:b5:f5:e7:26,80,1,0,0,-82,A,78:8c:b5:f5:e7:26"
1791491882.236,"B,13575,10,72:3b:01:24:b7:c8,56,2,0,0,-22,S,5c:62:8b:66:67:d2"
1791491882.440,"B,13675,10,5c:62:8b:66:67:d2,0,0,84,3,-54,A,5c:62:8b:66:67:d2"
1791491882.440,"B,13675,10,72:3b:01:24:b7:c8,84,3,0,0,-21,S,5c:62:8b:66:67:d2"
1791491883.051,"B,14275,10,b2:db:ca:e6:29:a6,28,1,0,0,-21,S,5c:62:8b:66:67:d2"
1791491883.051,"B,14275,10,5c:62:8b:66:67:d2,0,0,28,1,-54,A,5c:62:8b:66:67:d2"
1791491883.051,"B,14375,10,b2:db:ca:e6:29:a6,56,2,0,0,-22,S,5c:62:8b:66:67:d2"
1791491883.051,"B,14375,10,5c:62:8b:66:67:d2,0,0,56,2,-55,A,5c:62:8b:66:67:d2"
1791491883.251,"B,14475,10,b2:db:ca:e6:29:a6,28,1,0,0,-20,S,5c:62:8b:66:67:d2"
1791491883.251,"B,14475,10,5c:62:8b:66:67:d2,0,0,28,1,-55,A,5c:62:8b:66:67:d2"
1791491883.251,"B,14575,10,b2:db:ca:e6:29:a6,28,1,0,0,-23,S,5c:62:8b:66:67:d2"
1791491883.251,"B,14575,10,5c:62:8b:66:67:d2,0,0,28,1,-55,A,5c:62:8b:66:67:d2"
1791491883.251,"B,14575,10,78:8c:b5:f5:e7:26,80,1,0,0,-82,A,78:8c:b5:f5:e7:26"
1791491883.251,"B,14675,10,b2:db:ca:e6:29:a6,56,2,0,0,-21,S,5c:62:8b:66:67:d2"
1791491883.251,"B,14675,10,5c:62:8b:66:67:d2,0,0,56,2,-54,A,5c:62:8b:66:67:d2"
1791491883.451,"B,14775,10,b2:db:ca:e6:29:a6,56,2,0,0,-22,S,5c:62:8b:66:67:d2"
1791491883.451,"B,14775,10,5c:62:8b:66:67:d2,800,8,150,3,-54,A,5c:62:8b:66:67:d2"
1791491883.451,"B,14775,10,46:88:44:6e:4f:e4,94,1,800,8,-30,S,5c:62:8b:66:67:d2"
1791491883.451,"B,14875,10,b2:db:ca:e6:29:a6,56,2,0,0,-22,S,5c:62:8b:66:67:d2"
1791491883.451,"B,14875,10,5c:62:8b:66:67:d2,0,0,56,2,-55,A,5c:62:8b:66:67:d2"
1791491883.652,"B,14975,10,b2:db:ca:e6:29:a6,28,1,0,0,-23,S,5c:62:8b:66:67:d2"
1791491883.652,"B,14975,10,5c:62:8b:66:67:d2,0,0,28,1,-55,A,5c:62:8b:66:67:d2"
1791491883.652,"B,15075,10,b2:db:ca:e6:29:a6,28,1,0,0,-23,S,5c:62:8b:66:67:d2"
1791491883.852,"B,15075,10,5c:62:8b:66:67:d2,0,0,28,1,-54,A,5c:62:8b:66:67:d2"
1791491883.852,"I,15085,stat,rx=719,drops=0,ch=10,bin=100,hop=0,heap=203064"
1791491883.852,"B,15175,10,b2:db:ca:e6:29:a6,56,2,0,0,-21,S,5c:62:8b:66:67:d2"
1791491883.852,"B,15175,10,5c:62:8b:66:67:d2,0,0,56,2,-54,A,5c:62:8b:66:67:d2"
1791491884.052,"B,15275,10,b2:db:ca:e6:29:a6,56,2,0,0,-21,S,5c:62:8b:66:67:d2"
1791491884.052,"B,15275,10,5c:62:8b:66:67:d2,0,0,56,2,-55,A,5c:62:8b:66:67:d2"
1791491884.052,"B,15275,10,78:8c:b5:f5:e7:26,84,1,0,0,-76,A,78:8c:b5:f5:e7:26"
1791491884.052,"B,15375,10,b2:db:ca:e6:29:a6,56,2,0,0,-21,S,5c:62:8b:66:67:d2"
1791491884.052,"B,15375,10,5c:62:8b:66:67:d2,0,0,56,2,-55,A,5c:62:8b:66:67:d2"
1791491884.252,"B,15475,10,b2:db:ca:e6:29:a6,28,1,0,0,-20,S,5c:62:8b:66:67:d2"
1791491884.252,"B,15475,10,5c:62:8b:66:67:d2,0,0,28,1,-54,A,5c:62:8b:66:67:d2"
1791491884.252,"B,15575,10,b2:db:ca:e6:29:a6,84,3,0,0,-21,S,5c:62:8b:66:67:d2"
1791491884.252,"B,15575,10,5c:62:8b:66:67:d2,0,0,84,3,-54,A,5c:62:8b:66:67:d2"
1791491884.452,"B,15675,10,b2:db:ca:e6:29:a6,56,2,0,0,-21,S,5c:62:8b:66:67:d2"
1791491884.452,"B,15675,10,5c:62:8b:66:67:d2,0,0,56,2,-55,A,5c:62:8b:66:67:d2"
1791491884.452,"B,15675,10,78:8c:b5:f5:e7:26,80,1,0,0,-81,A,78:8c:b5:f5:e7:26"
1791491884.452,"B,15775,10,b2:db:ca:e6:29:a6,56,2,0,0,-22,S,5c:62:8b:66:67:d2"
1791491884.452,"B,15775,10,5c:62:8b:66:67:d2,0,0,56,2,-54,A,5c:62:8b:66:67:d2"
1791491884.452,"B,15875,10,b2:db:ca:e6:29:a6,56,2,0,0,-21,S,5c:62:8b:66:67:d2"
1791491884.652,"B,15875,10,5c:62:8b:66:67:d2,0,0,56,2,-55,A,5c:62:8b:66:67:d2"
1791491884.652,"B,15875,10,80:af:ca:68:4c:f8,84,1,0,0,-84,A,80:af:ca:68:4c:f8"
1791491884.652,"B,15975,10,b2:db:ca:e6:29:a6,28,1,0,0,-21,S,5c:62:8b:66:67:d2"
1791491884.652,"B,15975,10,5c:62:8b:66:67:d2,0,0,28,1,-55,A,5c:62:8b:66:67:d2"
1791491884.652,"B,16075,10,b2:db:ca:e6:29:a6,56,2,0,0,-22,S,5c:62:8b:66:67:d2"
1791491884.853,"B,16075,10,5c:62:8b:66:67:d2,0,0,56,2,-56,A,5c:62:8b:66:67:d2"
1791491884.853,"B,16175,10,b2:db:ca:e6:29:a6,28,1,0,0,-21,S,5c:62:8b:66:67:d2"
1791491884.853,"B,16175,10,5c:62:8b:66:67:d2,0,0,28,1,-55,A,5c:62:8b:66:67:d2"
1791491884.853,"B,16275,10,b2:db:ca:e6:29:a6,84,3,0,0,-20,S,5c:62:8b:66:67:d2"
1791491884.853,"B,16275,10,5c:62:8b:66:67:d2,0,0,84,3,-55,A,5c:62:8b:66:67:d2"
1791491885.054,"B,16375,10,b2:db:ca:e6:29:a6,56,2,0,0,-21,S,5c:62:8b:66:67:d2"
1791491885.054,"B,16375,10,5c:62:8b:66:67:d2,0,0,56,2,-55,A,5c:62:8b:66:67:d2"
1791491885.054,"B,16475,10,b2:db:ca:e6:29:a6,56,2,0,0,-21,S,5c:62:8b:66:67:d2"
1791491885.054,"B,16475,10,5c:62:8b:66:67:d2,0,0,56,2,-55,A,5c:62:8b:66:67:d2"
1791491885.255,"B,16575,10,b2:db:ca:e6:29:a6,56,2,0,0,-21,S,5c:62:8b:66:67:d2"
1791491885.255,"B,16575,10,5c:62:8b:66:67:d2,0,0,56,2,-55,A,5c:62:8b:66:67:d2"
1791491885.255,"B,16675,10,b2:db:ca:e6:29:a6,56,2,0,0,-23,S,5c:62:8b:66:67:d2"
1791491885.255,"B,16675,10,5c:62:8b:66:67:d2,0,0,56,2,-55,A,5c:62:8b:66:67:d2"
1791491885.456,"B,16775,10,b2:db:ca:e6:29:a6,28,1,0,0,-21,S,5c:62:8b:66:67:d2"
1791491885.456,"B,16775,10,5c:62:8b:66:67:d2,0,0,28,1,-54,A,5c:62:8b:66:67:d2"
1791491885.456,"B,16875,10,b2:db:ca:e6:29:a6,56,2,0,0,-21,S,5c:62:8b:66:67:d2"
1791491885.456,"B,16875,10,5c:62:8b:66:67:d2,0,0,56,2,-55,A,5c:62:8b:66:67:d2"
1791491885.658,"B,16975,10,b2:db:ca:e6:29:a6,56,2,0,0,-23,S,5c:62:8b:66:67:d2"
1791491885.658,"B,16975,10,5c:62:8b:66:67:d2,0,0,56,2,0,A,5c:62:8b:66:67:d2"
1791491885.658,"B,17075,10,b2:db:ca:e6:29:a6,56,2,0,0,-21,S,5c:62:8b:66:67:d2"
1791491885.658,"B,17075,10,5c:62:8b:66:67:d2,0,0,56,2,-55,A,5c:62:8b:66:67:d2"
1791491885.859,"B,17175,10,b2:db:ca:e6:29:a6,28,1,0,0,-21,S,5c:62:8b:66:67:d2"
1791491885.859,"B,17175,10,5c:62:8b:66:67:d2,0,0,28,1,-55,A,5c:62:8b:66:67:d2"
1791491885.859,"B,17275,10,b2:db:ca:e6:29:a6,28,1,0,0,-23,S,5c:62:8b:66:67:d2"
1791491885.859,"B,17275,10,5c:62:8b:66:67:d2,0,0,28,1,-55,A,5c:62:8b:66:67:d2"
1791491886.060,"B,17375,10,b2:db:ca:e6:29:a6,28,1,0,0,-21,S,5c:62:8b:66:67:d2"
1791491886.060,"B,17375,10,5c:62:8b:66:67:d2,0,0,28,1,-55,A,5c:62:8b:66:67:d2"
1791491886.060,"B,17475,10,b2:db:ca:e6:29:a6,56,2,0,0,-20,S,5c:62:8b:66:67:d2"
1791491886.060,"B,17475,10,5c:62:8b:66:67:d2,0,0,56,2,-55,A,5c:62:8b:66:67:d2"
1791491886.262,"B,17575,10,b2:db:ca:e6:29:a6,56,2,0,0,-22,S,5c:62:8b:66:67:d2"
1791491886.262,"B,17575,10,5c:62:8b:66:67:d2,0,0,56,2,-55,A,5c:62:8b:66:67:d2"
1791491886.262,"B,17675,10,b2:db:ca:e6:29:a6,56,2,0,0,-20,S,5c:62:8b:66:67:d2"
1791491886.262,"B,17675,10,5c:62:8b:66:67:d2,0,0,56,2,-54,A,5c:62:8b:66:67:d2"
1791491886.466,"B,17775,10,b2:db:ca:e6:29:a6,84,3,0,0,-20,S,5c:62:8b:66:67:d2"
1791491886.466,"B,17775,10,5c:62:8b:66:67:d2,0,0,84,3,-55,A,5c:62:8b:66:67:d2"
1791491886.669,"B,17975,10,b2:db:ca:e6:29:a6,56,2,0,0,-20,S,5c:62:8b:66:67:d2"
1791491886.669,"B,17975,10,5c:62:8b:66:67:d2,0,0,56,2,-54,A,5c:62:8b:66:67:d2"
1791491886.669,"B,18075,10,b2:db:ca:e6:29:a6,84,3,0,0,-20,S,5c:62:8b:66:67:d2"
1791491886.669,"B,18075,10,5c:62:8b:66:67:d2,0,0,84,3,-54,A,5c:62:8b:66:67:d2"
1791491886.669,"B,18075,10,80:af:ca:68:4c:f8,104,1,0,0,-83,A,80:af:ca:68:4c:f8"
1791491886.874,"B,18175,10,b2:db:ca:e6:29:a6,28,1,0,0,-21,S,5c:62:8b:66:67:d2"
1791491886.874,"B,18175,10,5c:62:8b:66:67:d2,0,0,28,1,0,A,5c:62:8b:66:67:d2"
1791491886.874,"B,18275,10,b2:db:ca:e6:29:a6,56,2,0,0,-20,S,5c:62:8b:66:67:d2"
1791491886.874,"B,18275,10,5c:62:8b:66:67:d2,0,0,56,2,-54,A,5c:62:8b:66:67:d2"
1791491887.079,"B,18375,10,b2:db:ca:e6:29:a6,28,1,0,0,-21,S,5c:62:8b:66:67:d2"
1791491887.079,"B,18375,10,5c:62:8b:66:67:d2,88,1,28,1,-61,A,5c:62:8b:66:67:d2"
1791491888.506,"B,19775,10,80:af:ca:68:4c:f8,84,1,0,0,-84,A,80:af:ca:68:4c:f8"
1791491888.711,"I,20088,stat,rx=973,drops=0,ch=10,bin=100,hop=0,heap=203064"
1791491889.121,"B,20375,10,b2:db:ca:e6:29:a6,28,1,0,0,-21,S,5c:62:8b:66:67:d2"
1791491889.121,"B,20375,10,5c:62:8b:66:67:d2,0,0,28,1,-53,A,5c:62:8b:66:67:d2"
1791491889.121,"B,20475,10,b2:db:ca:e6:29:a6,28,1,0,0,-20,S,5c:62:8b:66:67:d2"
1791491889.121,"B,20475,10,5c:62:8b:66:67:d2,0,0,28,1,-55,A,5c:62:8b:66:67:d2"
1791491889.326,"B,20575,10,b2:db:ca:e6:29:a6,28,1,0,0,-23,S,5c:62:8b:66:67:d2"
1791491889.326,"B,20575,10,5c:62:8b:66:67:d2,0,0,28,1,-55,A,5c:62:8b:66:67:d2"
1791491889.326,"B,20675,10,b2:db:ca:e6:29:a6,56,2,0,0,-22,S,5c:62:8b:66:67:d2"
1791491889.326,"B,20675,10,5c:62:8b:66:67:d2,0,0,56,2,-54,A,5c:62:8b:66:67:d2"
1791491889.326,"B,20675,10,78:8c:b5:f5:e7:26,80,1,0,0,-84,A,78:8c:b5:f5:e7:26"
1791491889.527,"B,20775,10,b2:db:ca:e6:29:a6,56,2,0,0,-20,S,5c:62:8b:66:67:d2"
1791491889.527,"B,20775,10,5c:62:8b:66:67:d2,0,0,56,2,-55,A,5c:62:8b:66:67:d2"
1791491889.527,"M,20810,slot,0,0"
1791491889.527,"B,20875,10,b2:db:ca:e6:29:a6,56,2,0,0,-21,S,5c:62:8b:66:67:d2"
1791491889.527,"B,20875,10,5c:62:8b:66:67:d2,0,0,56,2,-55,A,5c:62:8b:66:67:d2"
1791491889.732,"B,20975,10,b2:db:ca:e6:29:a6,28,1,0,0,-23,S,5c:62:8b:66:67:d2"
1791491889.732,"B,20975,10,5c:62:8b:66:67:d2,0,0,28,1,-55,A,5c:62:8b:66:67:d2"
1791491889.732,"B,21075,10,b2:db:ca:e6:29:a6,28,1,0,0,-21,S,5c:62:8b:66:67:d2"
1791491889.732,"B,21075,10,5c:62:8b:66:67:d2,0,0,28,1,-55,A,5c:62:8b:66:67:d2"
1791491889.937,"B,21175,10,b2:db:ca:e6:29:a6,56,2,0,0,-23,S,5c:62:8b:66:67:d2"
1791491889.937,"B,21175,10,5c:62:8b:66:67:d2,0,0,56,2,-55,A,5c:62:8b:66:67:d2"
1791491889.937,"B,21275,10,b2:db:ca:e6:29:a6,56,2,0,0,-21,S,5c:62:8b:66:67:d2"
1791491889.937,"B,21275,10,5c:62:8b:66:67:d2,0,0,56,2,0,A,5c:62:8b:66:67:d2"
1791491890.138,"B,21375,10,b2:db:ca:e6:29:a6,28,1,0,0,-21,S,5c:62:8b:66:67:d2"
1791491890.138,"B,21375,10,5c:62:8b:66:67:d2,0,0,28,1,0,A,5c:62:8b:66:67:d2"
1791491890.138,"B,21475,10,b2:db:ca:e6:29:a6,28,1,0,0,-23,S,5c:62:8b:66:67:d2"
1791491890.138,"B,21475,10,5c:62:8b:66:67:d2,0,0,28,1,-55,A,5c:62:8b:66:67:d2"
1791491890.138,"B,21475,10,80:af:ca:68:4c:f8,80,1,0,0,-83,A,80:af:ca:68:4c:f8"
1791491890.340,"B,21575,10,b2:db:ca:e6:29:a6,56,2,0,0,-20,S,5c:62:8b:66:67:d2"
1791491890.340,"B,21575,10,5c:62:8b:66:67:d2,0,0,56,2,-55,A,5c:62:8b:66:67:d2"
1791491890.340,"B,21675,10,b2:db:ca:e6:29:a6,56,2,0,0,-20,S,5c:62:8b:66:67:d2"
1791491890.340,"B,21675,10,5c:62:8b:66:67:d2,0,0,56,2,-55,A,5c:62:8b:66:67:d2"
1791491890.340,"B,21675,10,78:8c:b5:f5:e7:26,80,1,0,0,-83,A,78:8c:b5:f5:e7:26"
1791491890.543,"B,21775,10,b2:db:ca:e6:29:a6,56,2,0,0,-21,S,5c:62:8b:66:67:d2"
1791491890.543,"B,21775,10,5c:62:8b:66:67:d2,0,0,56,2,-55,A,5c:62:8b:66:67:d2"
1791491890.543,"B,21875,10,b2:db:ca:e6:29:a6,56,2,0,0,-21,S,5c:62:8b:66:67:d2"
1791491890.543,"B,21875,10,5c:62:8b:66:67:d2,0,0,56,2,-55,A,5c:62:8b:66:67:d2"
1791491890.748,"A,21970,10,02:eb:d8:11:99:9d,-55,"
1791491890.748,"B,21975,10,b2:db:ca:e6:29:a6,56,2,0,0,-22,S,5c:62:8b:66:67:d2"
1791491890.748,"B,21975,10,5c:62:8b:66:67:d2,0,0,56,2,-56,A,5c:62:8b:66:67:d2"
1791491890.748,"B,22075,10,b2:db:ca:e6:29:a6,56,2,0,0,-23,S,5c:62:8b:66:67:d2"
1791491890.748,"B,22075,10,5c:62:8b:66:67:d2,0,0,56,2,-56,A,5c:62:8b:66:67:d2"
1791491890.949,"B,22175,10,b2:db:ca:e6:29:a6,56,2,0,0,-21,S,5c:62:8b:66:67:d2"
1791491890.949,"B,22175,10,5c:62:8b:66:67:d2,0,0,56,2,-55,A,5c:62:8b:66:67:d2"
1791491890.949,"B,22275,10,b2:db:ca:e6:29:a6,84,3,0,0,-20,S,5c:62:8b:66:67:d2"
1791491890.949,"B,22275,10,5c:62:8b:66:67:d2,0,0,84,3,-55,A,5c:62:8b:66:67:d2"
1791491891.150,"B,22375,10,b2:db:ca:e6:29:a6,28,1,0,0,-23,S,5c:62:8b:66:67:d2"
1791491891.150,"B,22375,10,5c:62:8b:66:67:d2,0,0,28,1,-54,A,5c:62:8b:66:67:d2"
1791491891.150,"B,22475,10,b2:db:ca:e6:29:a6,56,2,0,0,-20,S,5c:62:8b:66:67:d2"
1791491891.150,"B,22475,10,5c:62:8b:66:67:d2,0,0,56,2,-54,A,5c:62:8b:66:67:d2"
1791491891.355,"B,22575,10,b2:db:ca:e6:29:a6,56,2,0,0,-21,S,5c:62:8b:66:67:d2"
1791491891.355,"B,22575,10,5c:62:8b:66:67:d2,0,0,56,2,-55,A,5c:62:8b:66:67:d2"
1791491891.355,"B,22675,10,b2:db:ca:e6:29:a6,28,1,0,0,-21,S,5c:62:8b:66:67:d2"
1791491891.355,"B,22675,10,5c:62:8b:66:67:d2,0,0,28,1,-55,A,5c:62:8b:66:67:d2"
1791491891.765,"A,22992,10,00:eb:d8:11:99:9d,-53,"
1791491892.380,"B,23775,10,80:af:ca:68:4c:f8,84,1,0,0,-83,A,80:af:ca:68:4c:f8"
1791491893.801,"B,25075,10,b2:db:ca:e6:29:a6,84,3,0,0,-21,S,5c:62:8b:66:67:d2"
1791491893.801,"B,25075,10,5c:62:8b:66:67:d2,0,0,84,3,-54,A,5c:62:8b:66:67:d2"
1791491893.801,"I,25090,stat,rx=1196,drops=0,ch=10,bin=100,hop=0,heap=203064"
1791491893.801,"B,25175,10,b2:db:ca:e6:29:a6,28,1,0,0,-22,S,5c:62:8b:66:67:d2"
1791491893.801,"B,25175,10,5c:62:8b:66:67:d2,0,0,28,1,-55,A,5c:62:8b:66:67:d2"
1791491894.006,"B,25275,10,b2:db:ca:e6:29:a6,56,2,0,0,-22,S,5c:62:8b:66:67:d2"
1791491894.006,"B,25275,10,5c:62:8b:66:67:d2,0,0,56,2,-55,A,5c:62:8b:66:67:d2"
1791491894.006,"B,25375,10,b2:db:ca:e6:29:a6,56,2,0,0,-23,S,5c:62:8b:66:67:d2"
1791491894.006,"B,25375,10,5c:62:8b:66:67:d2,0,0,56,2,-55,A,5c:62:8b:66:67:d2"
1791491894.211,"B,25475,10,b2:db:ca:e6:29:a6,56,2,0,0,-21,S,5c:62:8b:66:67:d2"
1791491894.211,"B,25475,10,5c:62:8b:66:67:d2,0,0,56,2,0,A,5c:62:8b:66:67:d2"
1791491894.211,"B,25575,10,b2:db:ca:e6:29:a6,56,2,0,0,-21,S,5c:62:8b:66:67:d2"
1791491894.211,"B,25575,10,5c:62:8b:66:67:d2,0,0,56,2,-55,A,5c:62:8b:66:67:d2"
1791491894.416,"B,25675,10,b2:db:ca:e6:29:a6,28,1,0,0,-23,S,5c:62:8b:66:67:d2"
1791491894.416,"B,25675,10,5c:62:8b:66:67:d2,0,0,28,1,-55,A,5c:62:8b:66:67:d2"
1791491894.416,"B,25775,10,b2:db:ca:e6:29:a6,56,2,0,0,-21,S,5c:62:8b:66:67:d2"
1791491894.416,"B,25775,10,5c:62:8b:66:67:d2,0,0,56,2,-55,A,5c:62:8b:66:67:d2"
1791491894.621,"B,25875,10,b2:db:ca:e6:29:a6,56,2,0,0,-21,S,5c:62:8b:66:67:d2"
1791491894.621,"B,25875,10,5c:62:8b:66:67:d2,0,0,56,2,-55,A,5c:62:8b:66:67:d2"
1791491894.621,"M,25882,slot,1,1"
1791491894.621,"B,25975,10,b2:db:ca:e6:29:a6,56,2,0,0,-23,S,5c:62:8b:66:67:d2"
1791491894.621,"B,25975,10,5c:62:8b:66:67:d2,0,0,56,2,-54,A,5c:62:8b:66:67:d2"
1791491894.827,"B,26075,10,b2:db:ca:e6:29:a6,28,1,0,0,-19,S,5c:62:8b:66:67:d2"
1791491894.827,"B,26075,10,5c:62:8b:66:67:d2,0,0,28,1,-54,A,5c:62:8b:66:67:d2"
1791491895.236,"B,26575,10,78:8c:b5:f5:e7:26,80,1,0,0,-85,A,78:8c:b5:f5:e7:26"
1791491895.643,"B,26975,10,b2:db:ca:e6:29:a6,84,3,0,0,-21,S,5c:62:8b:66:67:d2"
1791491895.643,"B,26975,10,5c:62:8b:66:67:d2,0,0,84,3,-54,A,5c:62:8b:66:67:d2"
1791491895.845,"B,27075,10,b2:db:ca:e6:29:a6,56,2,0,0,-20,S,5c:62:8b:66:67:d2"
1791491895.845,"B,27075,10,5c:62:8b:66:67:d2,0,0,56,2,-56,A,5c:62:8b:66:67:d2"
1791491895.845,"B,27075,10,78:8c:b5:f5:e7:26,0,0,60,2,-87,A,78:8c:b5:f5:e7:26"
1791491895.845,"B,27075,10,a6:4c:bd:b6:c7:99,60,2,0,0,-81,S,78:8c:b5:f5:e7:26"
1791491895.845,"B,27175,10,78:8c:b5:f5:e7:26,0,0,30,1,0,A,78:8c:b5:f5:e7:26"
1791491895.845,"B,27175,10,a6:4c:bd:b6:c7:99,30,1,0,0,-81,S,78:8c:b5:f5:e7:26"
1791491896.050,"B,27275,10,b2:db:ca:e6:29:a6,56,2,0,0,-21,S,5c:62:8b:66:67:d2"
1791491896.050,"B,27275,10,5c:62:8b:66:67:d2,0,0,56,2,-55,A,5c:62:8b:66:67:d2"
1791491896.050,"B,27275,10,78:8c:b5:f5:e7:26,0,0,90,3,-88,A,78:8c:b5:f5:e7:26"
1791491896.050,"B,27275,10,a6:4c:bd:b6:c7:99,90,3,0,0,-82,S,78:8c:b5:f5:e7:26"
1791491896.050,"B,27375,10,b2:db:ca:e6:29:a6,56,2,0,0,-21,S,5c:62:8b:66:67:d2"
1791491896.050,"B,27375,10,5c:62:8b:66:67:d2,0,0,56,2,-55,A,5c:62:8b:66:67:d2"
1791491896.251,"B,27475,10,b2:db:ca:e6:29:a6,56,2,0,0,-22,S,5c:62:8b:66:67:d2"
1791491896.251,"B,27475,10,5c:62:8b:66:67:d2,0,0,56,2,-55,A,5c:62:8b:66:67:d2"
1791491896.251,"B,27575,10,b2:db:ca:e6:29:a6,28,1,0,0,-18,S,5c:62:8b:66:67:d2"
1791491896.251,"B,27575,10,5c:62:8b:66:67:d2,0,0,28,1,-55,A,5c:62:8b:66:67:d2"
1791491896.251,"B,27575,10,78:8c:b5:f5:e7:26,80,1,0,0,-76,A,78:8c:b5:f5:e7:26"
1791491896.251,"B,27675,10,b2:db:ca:e6:29:a6,84,3,0,0,-21,S,5c:62:8b:66:67:d2"
1791491896.251,"B,27675,10,5c:62:8b:66:67:d2,0,0,84,3,-55,A,5c:62:8b:66:67:d2"
1791491896.452,"B,27775,10,b2:db:ca:e6:29:a6,84,3,0,0,-21,S,5c:62:8b:66:67:d2"
1791491896.452,"B,27775,10,5c:62:8b:66:67:d2,0,0,84,3,-54,A,5c:62:8b:66:67:d2"
1791491896.452,"B,27875,10,b2:db:ca:e6:29:a6,56,2,0,0,-21,S,5c:62:8b:66:67:d2"
1791491896.452,"B,27875,10,5c:62:8b:66:67:d2,0,0,56,2,-55,A,5c:62:8b:66:67:d2"
1791491896.452,"B,27875,10,80:af:ca:68:4c:f8,84,1,0,0,-83,A,80:af:ca:68:4c:f8"
1791491896.654,"B,27975,10,b2:db:ca:e6:29:a6,56,2,0,0,-21,S,5c:62:8b:66:67:d2"
1791491896.654,"B,27975,10,5c:62:8b:66:67:d2,0,0,56,2,-54,A,5c:62:8b:66:67:d2"
1791491896.654,"B,27975,10,80:af:ca:68:4c:f8,84,1,0,0,-85,A,80:af:ca:68:4c:f8"
1791491896.855,"B,28175,10,b2:db:ca:e6:29:a6,84,3,0,0,-21,S,5c:62:8b:66:67:d2"
1791491896.855,"B,28175,10,5c:62:8b:66:67:d2,0,0,84,3,-55,A,5c:62:8b:66:67:d2"
1791491896.855,"B,28275,10,b2:db:ca:e6:29:a6,56,2,0,0,-20,S,5c:62:8b:66:67:d2"
1791491896.855,"B,28275,10,5c:62:8b:66:67:d2,0,0,56,2,-55,A,5c:62:8b:66:67:d2"
1791491897.055,"B,28375,10,b2:db:ca:e6:29:a6,28,1,0,0,-23,S,5c:62:8b:66:67:d2"
1791491897.055,"B,28375,10,5c:62:8b:66:67:d2,0,0,28,1,-55,A,5c:62:8b:66:67:d2"
1791491897.055,"B,28475,10,b2:db:ca:e6:29:a6,28,1,0,0,-21,S,5c:62:8b:66:67:d2"
1791491897.055,"B,28475,10,5c:62:8b:66:67:d2,0,0,28,1,-55,A,5c:62:8b:66:67:d2"
1791491897.662,"B,28975,10,b2:db:ca:e6:29:a6,28,1,0,0,-21,S,5c:62:8b:66:67:d2"
1791491897.662,"B,28975,10,5c:62:8b:66:67:d2,0,0,28,1,-55,A,5c:62:8b:66:67:d2"
1791491897.662,"B,29075,10,b2:db:ca:e6:29:a6,28,1,0,0,-21,S,5c:62:8b:66:67:d2"
1791491897.662,"B,29075,10,5c:62:8b:66:67:d2,0,0,28,1,-56,A,5c:62:8b:66:67:d2"
1791491897.866,"B,29175,10,b2:db:ca:e6:29:a6,28,1,0,0,-21,S,5c:62:8b:66:67:d2"
1791491897.866,"B,29175,10,5c:62:8b:66:67:d2,0,0,28,1,-54,A,5c:62:8b:66:67:d2"
1791491897.866,"B,29275,10,b2:db:ca:e6:29:a6,56,2,0,0,-20,S,5c:62:8b:66:67:d2"
1791491897.866,"B,29275,10,5c:62:8b:66:67:d2,0,0,56,2,-55,A,5c:62:8b:66:67:d2"
1791491898.069,"B,29375,10,b2:db:ca:e6:29:a6,140,5,0,0,-20,S,5c:62:8b:66:67:d2"
1791491898.069,"B,29375,10,5c:62:8b:66:67:d2,0,0,140,5,-55,A,5c:62:8b:66:67:d2"
1791491898.069,"B,29475,10,b2:db:ca:e6:29:a6,56,2,0,0,-21,S,5c:62:8b:66:67:d2"
1791491898.069,"B,29475,10,5c:62:8b:66:67:d2,0,0,56,2,-54,A,5c:62:8b:66:67:d2"
1791491898.275,"B,29575,10,b2:db:ca:e6:29:a6,56,2,0,0,-21,S,5c:62:8b:66:67:d2"
1791491898.275,"B,29575,10,5c:62:8b:66:67:d2,0,0,56,2,-57,A,5c:62:8b:66:67:d2"
1791491898.275,"B,29675,10,b2:db:ca:e6:29:a6,56,2,0,0,-21,S,5c:62:8b:66:67:d2"
1791491898.275,"B,29675,10,5c:62:8b:66:67:d2,0,0,56,2,0,A,5c:62:8b:66:67:d2"
1791491898.479,"B,29775,10,b2:db:ca:e6:29:a6,56,2,0,0,-21,S,5c:62:8b:66:67:d2"
1791491898.479,"B,29775,10,5c:62:8b:66:67:d2,0,0,56,2,-57,A,5c:62:8b:66:67:d2"
1791491898.479,"B,29875,10,b2:db:ca:e6:29:a6,56,2,0,0,-21,S,5c:62:8b:66:67:d2"
1791491898.479,"B,29875,10,5c:62:8b:66:67:d2,0,0,56,2,-60,A,5c:62:8b:66:67:d2"
1791491898.681,"B,29975,10,b2:db:ca:e6:29:a6,56,2,0,0,-20,S,5c:62:8b:66:67:d2"
1791491898.681,"B,29975,10,5c:62:8b:66:67:d2,100,1,150,3,-57,A,5c:62:8b:66:67:d2"
1791491898.681,"B,29975,10,46:88:44:6e:4f:e4,94,1,100,1,-29,S,5c:62:8b:66:67:d2"
1791491898.681,"B,30075,10,b2:db:ca:e6:29:a6,28,1,0,0,-21,S,5c:62:8b:66:67:d2"
1791491898.681,"B,30075,10,5c:62:8b:66:67:d2,0,0,28,1,-60,A,5c:62:8b:66:67:d2"
1791491898.681,"I,30091,stat,rx=1473,drops=0,ch=10,bin=100,hop=0,heap=203064"
1791491898.882,"B,30175,10,b2:db:ca:e6:29:a6,56,2,0,0,-23,S,5c:62:8b:66:67:d2"
1791491898.882,"B,30175,10,5c:62:8b:66:67:d2,0,0,56,2,-54,A,5c:62:8b:66:67:d2"
1791491898.882,"B,30275,10,b2:db:ca:e6:29:a6,56,2,0,0,-20,S,5c:62:8b:66:67:d2"
1791491898.882,"B,30275,10,5c:62:8b:66:67:d2,0,0,56,2,-57,A,5c:62:8b:66:67:d2"
1791491898.882,"B,30275,10,78:8c:b5:f5:e7:26,128,1,0,0,-83,A,78:8c:b5:f5:e7:26"
1791491899.087,"B,30375,10,5c:62:8b:66:67:d2,0,0,146,2,-60,A,5c:62:8b:66:67:d2"
1791491899.087,"B,30375,10,46:88:44:6e:4f:e4,146,2,0,0,-25,S,5c:62:8b:66:67:d2"
1791491899.087,"B,30475,10,b2:db:ca:e6:29:a6,56,2,0,0,-22,S,5c:62:8b:66:67:d2"
1791491899.087,"B,30475,10,5c:62:8b:66:67:d2,0,0,56,2,-55,A,5c:62:8b:66:67:d2"
1791491899.292,"B,30575,10,b2:db:ca:e6:29:a6,56,2,0,0,-21,S,5c:62:8b:66:67:d2"
1791491899.292,"B,30575,10,5c:62:8b:66:67:d2,0,0,56,2,-54,A,5c:62:8b:66:67:d2"
1791491899.292,"B,30675,10,b2:db:ca:e6:29:a6,84,3,0,0,-22,S,5c:62:8b:66:67:d2"
1791491899.292,"B,30675,10,5c:62:8b:66:67:d2,123,1,178,4,-56,A,5c:62:8b:66:67:d2"
1791491899.292,"B,30675,10,46:88:44:6e:4f:e4,94,1,123,1,-29,S,5c:62:8b:66:67:d2"
1791491899.496,"B,30775,10,b2:db:ca:e6:29:a6,56,2,0,0,-23,S,5c:62:8b:66:67:d2"
1791491899.496,"B,30775,10,5c:62:8b:66:67:d2,0,0,56,2,-56,A,5c:62:8b:66:67:d2"
1791491899.496,"B,30875,10,b2:db:ca:e6:29:a6,28,1,0,0,-22,S,5c:62:8b:66:67:d2"
1791491899.496,"B,30875,10,5c:62:8b:66:67:d2,0,0,28,1,-55,A,5c:62:8b:66:67:d2"
1791491899.701,"M,30959,slot,2,1"
1791491899.701,"B,30975,10,b2:db:ca:e6:29:a6,56,2,0,0,-21,S,5c:62:8b:66:67:d2"
1791491899.701,"B,30975,10,5c:62:8b:66:67:d2,0,0,56,2,-55,A,5c:62:8b:66:67:d2"
1791491899.701,"B,31075,10,b2:db:ca:e6:29:a6,56,2,0,0,-21,S,5c:62:8b:66:67:d2"
1791491899.701,"B,31075,10,5c:62:8b:66:67:d2,0,0,56,2,-55,A,5c:62:8b:66:67:d2"
1791491899.902,"B,31175,10,b2:db:ca:e6:29:a6,56,2,0,0,-21,S,5c:62:8b:66:67:d2"
1791491899.902,"B,31175,10,5c:62:8b:66:67:d2,0,0,56,2,-56,A,5c:62:8b:66:67:d2"
1791491899.902,"B,31275,10,b2:db:ca:e6:29:a6,56,2,0,0,-22,S,5c:62:8b:66:67:d2"
1791491899.902,"B,31275,10,5c:62:8b:66:67:d2,0,0,56,2,-55,A,5c:62:8b:66:67:d2"
1791491900.106,"B,31475,10,b2:db:ca:e6:29:a6,28,1,0,0,-21,S,5c:62:8b:66:67:d2"
1791491900.106,"B,31475,10,5c:62:8b:66:67:d2,0,0,28,1,-57,A,5c:62:8b:66:67:d2"
1791491900.513,"B,31875,10,b2:db:ca:e6:29:a6,28,1,0,0,-23,S,5c:62:8b:66:67:d2"
1791491900.513,"B,31875,10,5c:62:8b:66:67:d2,0,0,28,1,-53,A,5c:62:8b:66:67:d2"
1791491900.513,"B,31875,10,80:af:ca:68:4c:f8,84,1,0,0,-83,A,80:af:ca:68:4c:f8"
1791491900.718,"B,31975,10,b2:db:ca:e6:29:a6,56,2,0,0,-21,S,5c:62:8b:66:67:d2"
1791491900.718,"B,31975,10,5c:62:8b:66:67:d2,0,0,56,2,-54,A,5c:62:8b:66:67:d2"
1791491900.718,"B,32075,10,b2:db:ca:e6:29:a6,56,2,0,0,-22,S,5c:62:8b:66:67:d2"
1791491900.718,"B,32075,10,5c:62:8b:66:67:d2,0,0,56,2,-54,A,5c:62:8b:66:67:d2"
1791491900.923,"B,32175,10,b2:db:ca:e6:29:a6,56,2,0,0,-20,S,5c:62:8b:66:67:d2"
1791491900.923,"B,32175,10,5c:62:8b:66:67:d2,0,0,84,3,-56,A,5c:62:8b:66:67:d2"
1791491900.923,"B,32175,10,72:3b:01:24:b7:c8,28,1,0,0,-32,S,5c:62:8b:66:67:d2"
1791491900.923,"B,32275,10,b2:db:ca:e6:29:a6,0,0,82,1,0,S,5c:62:8b:66:67:d2"
1791491900.923,"B,32275,10,5c:62:8b:66:67:d2,1028,9,56,2,-56,A,5c:62:8b:66:67:d2"
1791491900.923,"B,32275,10,72:3b:01:24:b7:c8,56,2,82,1,-35,S,5c:62:8b:66:67:d2"
1791491900.923,"B,32275,10,46:88:44:6e:4f:e4,0,0,780,6,0,S,5c:62:8b:66:67:d2"
1791491901.128,"B,32375,10,b2:db:ca:e6:29:a6,84,3,0,0,-21,S,5c:62:8b:66:67:d2"
1791491901.128,"B,32375,10,5c:62:8b:66:67:d2,192,1,140,5,-60,A,5c:62:8b:66:67:d2"
1791491901.128,"B,32375,10,72:3b:01:24:b7:c8,56,2,0,0,-34,S,5c:62:8b:66:67:d2"
1791491901.128,"B,32475,10,5c:62:8b:66:67:d2,0,0,84,3,-61,A,5c:62:8b:66:67:d2"
1791491901.128,"B,32475,10,72:3b:01:24:b7:c8,84,3,0,0,-36,S,5c:62:8b:66:67:d2"
1791491901.332,"B,32575,10,b2:db:ca:e6:29:a6,56,2,0,0,-21,S,5c:62:8b:66:67:d2"
1791491901.332,"B,32575,10,5c:62:8b:66:67:d2,0,0,168,6,-58,A,5c:62:8b:66:67:d2"
1791491901.332,"B,32575,10,72:3b:01:24:b7:c8,112,4,0,0,-32,S,5c:62:8b:66:67:d2"
1791491901.332,"B,32675,10,b2:db:ca:e6:29:a6,56,2,0,0,-22,S,5c:62:8b:66:67:d2"
1791491901.332,"B,32675,10,5c:62:8b:66:67:d2,161,1,168,6,-57,A,5c:62:8b:66:67:d2"
1791491901.332,"B,32675,10,72:3b:01:24:b7:c8,112,4,0,0,-35,S,5c:62:8b:66:67:d2"
1791491901.537,"B,32775,10,b2:db:ca:e6:29:a6,28,1,0,0,-21,S,5c:62:8b:66:67:d2"
1791491901.537,"B,32775,10,5c:62:8b:66:67:d2,0,0,112,4,-55,A,5c:62:8b:66:67:d2"
1791491901.537,"B,32775,10,72:3b:01:24:b7:c8,84,3,0,0,-35,S,5c:62:8b:66:67:d2"
1791491901.537,"B,32875,10,b2:db:ca:e6:29:a6,28,1,0,0,-23,S,5c:62:8b:66:67:d2"
1791491901.537,"B,32875,10,5c:62:8b:66:67:d2,0,0,252,9,-57,A,5c:62:8b:66:67:d2"
1791491901.537,"B,32875,10,72:3b:01:24:b7:c8,224,8,0,0,-33,S,5c:62:8b:66:67:d2"
1791491901.743,"B,32975,10,b2:db:ca:e6:29:a6,56,2,0,0,-20,S,5c:62:8b:66:67:d2"
1791491901.743,"B,32975,10,5c:62:8b:66:67:d2,130,1,112,4,-55,A,5c:62:8b:66:67:d2"
1791491901.743,"B,32975,10,72:3b:01:24:b7:c8,56,2,0,0,-32,S,5c:62:8b:66:67:d2"
1791491901.743,"B,32975,10,46:88:44:6e:4f:e4,0,0,130,1,0,S,5c:62:8b:66:67:d2"
1791491901.743,"B,33075,10,b2:db:ca:e6:29:a6,56,2,0,0,-21,S,5c:62:8b:66:67:d2"
1791491901.743,"B,33075,10,5c:62:8b:66:67:d2,0,0,196,7,-60,A,5c:62:8b:66:67:d2"
1791491901.743,"B,33075,10,72:3b:01:24:b7:c8,140,5,0,0,-34,S,5c:62:8b:66:67:d2"
1791491901.948,"B,33175,10,b2:db:ca:e6:29:a6,28,1,0,0,-23,S,5c:62:8b:66:67:d2"
1791491901.948,"B,33175,10,5c:62:8b:66:67:d2,0,0,84,3,-61,A,5c:62:8b:66:67:d2"
1791491901.948,"B,33175,10,72:3b:01:24:b7:c8,56,2,0,0,-37,S,5c:62:8b:66:67:d2"
1791491901.948,"B,33275,10,b2:db:ca:e6:29:a6,56,2,0,0,-21,S,5c:62:8b:66:67:d2"
1791491901.948,"B,33275,10,5c:62:8b:66:67:d2,229,1,84,3,-60,A,5c:62:8b:66:67:d2"
1791491901.948,"B,33275,10,72:3b:01:24:b7:c8,28,1,0,0,-37,S,5c:62:8b:66:67:d2"
1791491902.150,"B,33375,10,b2:db:ca:e6:29:a6,28,1,0,0,-21,S,5c:62:8b:66:67:d2"
1791491902.150,"B,33375,10,5c:62:8b:66:67:d2,0,0,56,2,-60,A,5c:62:8b:66:67:d2"
1791491902.150,"B,33375,10,72:3b:01:24:b7:c8,28,1,0,0,-33,S,5c:62:8b:66:67:d2"
1791491902.150,"B,33475,10,b2:db:ca:e6:29:a6,56,2,0,0,-22,S,5c:62:8b:66:67:d2"
1791491902.150,"B,33475,10,5c:62:8b:66:67:d2,0,0,56,2,-60,A,5c:62:8b:66:67:d2"
1791491902.350,"B,33575,10,b2:db:ca:e6:29:a6,28,1,0,0,-22,S,5c:62:8b:66:67:d2"
1791491902.350,"B,33575,10,5c:62:8b:66:67:d2,0,0,28,1,-60,A,5c:62:8b:66:67:d2"
1791491902.350,"B,33675,10,b2:db:ca:e6:29:a6,28,1,0,0,-21,S,5c:62:8b:66:67:d2"
1791491902.350,"B,33675,10,5c:62:8b:66:67:d2,0,0,28,1,-61,A,5c:62:8b:66:67:d2"
1791491902.551,"B,33775,10,b2:db:ca:e6:29:a6,56,2,0,0,-21,S,5c:62:8b:66:67:d2"
1791491902.551,"B,33775,10,5c:62:8b:66:67:d2,0,0,56,2,-61,A,5c:62:8b:66:67:d2"
1791491902.551,"B,33875,10,b2:db:ca:e6:29:a6,56,2,0,0,-22,S,5c:62:8b:66:67:d2"
1791491902.551,"B,33875,10,5c:62:8b:66:67:d2,0,0,56,2,-60,A,5c:62:8b:66:67:d2"
1791491902.551,"B,33975,10,b2:db:ca:e6:29:a6,84,3,0,0,-21,S,5c:62:8b:66:67:d2"
1791491902.752,"B,33975,10,5c:62:8b:66:67:d2,0,0,84,3,-60,A,5c:62:8b:66:67:d2"
1791491902.752,"B,34075,10,b2:db:ca:e6:29:a6,56,2,0,0,-22,S,5c:62:8b:66:67:d2"
1791491902.752,"B,34075,10,5c:62:8b:66:67:d2,0,0,56,2,0,A,5c:62:8b:66:67:d2"
1791491902.952,"B,34175,10,b2:db:ca:e6:29:a6,56,2,0,0,-21,S,5c:62:8b:66:67:d2"
1791491902.952,"B,34175,10,5c:62:8b:66:67:d2,0,0,56,2,-62,A,5c:62:8b:66:67:d2"
1791491902.952,"B,34275,10,b2:db:ca:e6:29:a6,28,1,0,0,-21,S,5c:62:8b:66:67:d2"
1791491902.952,"B,34275,10,5c:62:8b:66:67:d2,0,0,28,1,-62,A,5c:62:8b:66:67:d2"
1791491902.952,"B,34375,10,b2:db:ca:e6:29:a6,56,2,0,0,-22,S,5c:62:8b:66:67:d2"
1791491902.952,"B,34375,10,5c:62:8b:66:67:d2,0,0,56,2,-64,A,5c:62:8b:66:67:d2"
1791491903.153,"B,34475,10,b2:db:ca:e6:29:a6,28,1,0,0,-23,S,5c:62:8b:66:67:d2"
1791491903.153,"B,34475,10,5c:62:8b:66:67:d2,0,0,28,1,-65,A,5c:62:8b:66:67:d2"
1791491903.153,"B,34575,10,b2:db:ca:e6:29:a6,56,2,0,0,-21,S,5c:62:8b:66:67:d2"
1791491903.153,"B,34575,10,5c:62:8b:66:67:d2,0,0,168,6,-64,A,5c:62:8b:66:67:d2"
1791491903.153,"B,34575,10,72:3b:01:24:b7:c8,112,4,0,0,-43,S,5c:62:8b:66:67:d2"
1791491903.354,"B,34675,10,b2:db:ca:e6:29:a6,56,2,0,0,-22,S,5c:62:8b:66:67:d2"
1791491903.354,"B,34675,10,5c:62:8b:66:67:d2,0,0,112,4,-64,A,5c:62:8b:66:67:d2"
1791491903.354,"B,34675,10,78:8c:b5:f5:e7:26,160,2,0,0,-84,A,78:8c:b5:f5:e7:26"
1791491903.354,"B,34675,10,72:3b:01:24:b7:c8,56,2,0,0,-42,S,5c:62:8b:66:67:d2"
1791491903.354,"B,34775,10,5c:62:8b:66:67:d2,0,0,56,2,-64,A,5c:62:8b:66:67:d2"
1791491903.354,"B,34775,10,72:3b:01:24:b7:c8,56,2,0,0,-37,S,5c:62:8b:66:67:d2"
1791491903.555,"B,34875,10,b2:db:ca:e6:29:a6,84,3,0,0,-21,S,5c:62:8b:66:67:d2"
1791491903.555,"B,34875,10,5c:62:8b:66:67:d2,0,0,168,6,-63,A,5c:62:8b:66:67:d2"
1791491903.555,"B,34875,10,72:3b:01:24:b7:c8,84,3,0,0,-37,S,5c:62:8b:66:67:d2"
1791491903.555,"B,34975,10,b2:db:ca:e6:29:a6,84,3,0,0,-21,S,5c:62:8b:66:67:d2"
1791491903.555,"B,34975,10,5c:62:8b:66:67:d2,0,0,252,9,-62,A,5c:62:8b:66:67:d2"
1791491903.555,"B,34975,10,72:3b:01:24:b7:c8,168,6,0,0,-37,S,5c:62:8b:66:67:d2"
1791491903.756,"B,35075,10,5c:62:8b:66:67:d2,0,0,112,4,-64,A,5c:62:8b:66:67:d2"
1791491903.756,"B,35075,10,72:3b:01:24:b7:c8,112,4,0,0,-38,S,5c:62:8b:66:67:d2"
1791491903.756,"I,35093,stat,rx=1796,drops=0,ch=10,bin=100,hop=0,heap=203064"
1791491903.756,"B,35175,10,b2:db:ca:e6:29:a6,56,2,0,0,-21,S,5c:62:8b:66:67:d2"
1791491903.756,"B,35175,10,5c:62:8b:66:67:d2,0,0,168,6,-63,A,5c:62:8b:66:67:d2"
1791491903.756,"B,35175,10,72:3b:01:24:b7:c8,112,4,0,0,-40,S,5c:62:8b:66:67:d2"
1791491903.958,"B,35275,10,b2:db:ca:e6:29:a6,56,2,0,0,-22,S,5c:62:8b:66:67:d2"
1791491903.958,"B,35275,10,5c:62:8b:66:67:d2,0,0,56,2,-62,A,5c:62:8b:66:67:d2"
1791491903.958,"B,35375,10,b2:db:ca:e6:29:a6,56,2,0,0,-21,S,5c:62:8b:66:67:d2"
1791491903.958,"B,35375,10,5c:62:8b:66:67:d2,0,0,56,2,-63,A,5c:62:8b:66:67:d2"
1791491904.160,"B,35475,10,b2:db:ca:e6:29:a6,56,2,0,0,-20,S,5c:62:8b:66:67:d2"
1791491904.160,"B,35475,10,5c:62:8b:66:67:d2,0,0,56,2,-65,A,5c:62:8b:66:67:d2"
1791491904.160,"B,35575,10,b2:db:ca:e6:29:a6,28,1,0,0,-23,S,5c:62:8b:66:67:d2"
1791491904.160,"B,35575,10,5c:62:8b:66:67:d2,0,0,28,1,-62,A,5c:62:8b:66:67:d2"
1791491904.160,"B,35575,10,78:8c:b5:f5:e7:26,80,1,0,0,-83,A,78:8c:b5:f5:e7:26"
1791491904.362,"B,35675,10,b2:db:ca:e6:29:a6,56,2,0,0,-22,S,5c:62:8b:66:67:d2"
1791491904.362,"B,35675,10,5c:62:8b:66:67:d2,0,0,56,2,-63,A,5c:62:8b:66:67:d2"
1791491904.362,"B,35775,10,b2:db:ca:e6:29:a6,56,2,0,0,-21,S,5c:62:8b:66:67:d2"
1791491904.362,"B,35775,10,5c:62:8b:66:67:d2,0,0,56,2,-62,A,5c:62:8b:66:67:d2"
1791491904.565,"B,35875,10,b2:db:ca:e6:29:a6,28,1,0,0,-23,S,5c:62:8b:66:67:d2"
1791491904.565,"B,35875,10,5c:62:8b:66:67:d2,0,0,28,1,-63,A,5c:62:8b:66:67:d2"
1791491904.565,"B,35975,10,b2:db:ca:e6:29:a6,28,1,0,0,-21,S,5c:62:8b:66:67:d2"
1791491904.565,"B,35975,10,5c:62:8b:66:67:d2,0,0,28,1,-62,A,5c:62:8b:66:67:d2"
1791491904.768,"M,36041,slot,3,1"
1791491904.768,"B,36075,10,b2:db:ca:e6:29:a6,28,1,0,0,-22,S,5c:62:8b:66:67:d2"
1791491904.768,"B,36075,10,5c:62:8b:66:67:d2,0,0,28,1,-62,A,5c:62:8b:66:67:d2"
1791491904.768,"B,36175,10,b2:db:ca:e6:29:a6,28,1,0,0,-23,S,5c:62:8b:66:67:d2"
1791491904.768,"B,36175,10,5c:62:8b:66:67:d2,0,0,28,1,-63,A,5c:62:8b:66:67:d2"
1791491904.973,"B,36275,10,5c:62:8b:66:67:d2,0,0,56,2,-62,A,5c:62:8b:66:67:d2"
1791491904.973,"B,36275,10,72:3b:01:24:b7:c8,56,2,0,0,-42,S,5c:62:8b:66:67:d2"
1791491904.973,"B,36375,10,5c:62:8b:66:67:d2,229,1,84,3,-60,A,5c:62:8b:66:67:d2"
1791491904.973,"B,36375,10,72:3b:01:24:b7:c8,84,3,0,0,-42,S,5c:62:8b:66:67:d2"
1791491905.994,"B,37275,10,b2:db:ca:e6:29:a6,84,3,0,0,-21,S,5c:62:8b:66:67:d2"
1791491905.994,"B,37275,10,5c:62:8b:66:67:d2,0,0,84,3,-62,A,5c:62:8b:66:67:d2"
1791491905.994,"B,37275,10,78:8c:b5:f5:e7:26,0,0,28,1,-85,A,78:8c:b5:f5:e7:26"
1791491905.994,"B,37275,10,00:08:22:24:d6:fb,28,1,0,0,-82,S,78:8c:b5:f5:e7:26"
1791491905.994,"B,37375,10,b2:db:ca:e6:29:a6,56,2,0,0,-22,S,5c:62:8b:66:67:d2"
1791491905.994,"B,37375,10,5c:62:8b:66:67:d2,0,0,56,2,-63,A,5c:62:8b:66:67:d2"
1791491906.195,"B,37475,10,b2:db:ca:e6:29:a6,28,1,0,0,-21,S,5c:62:8b:66:67:d2"
1791491906.195,"B,37475,10,5c:62:8b:66:67:d2,0,0,28,1,-62,A,5c:62:8b:66:67:d2"
1791491906.195,"B,37575,10,b2:db:ca:e6:29:a6,84,3,0,0,-21,S,5c:62:8b:66:67:d2"
1791491906.195,"B,37575,10,5c:62:8b:66:67:d2,0,0,84,3,-64,A,5c:62:8b:66:67:d2"
1791491906.397,"B,37675,10,b2:db:ca:e6:29:a6,56,2,0,0,-21,S,5c:62:8b:66:67:d2"
1791491906.397,"B,37675,10,5c:62:8b:66:67:d2,0,0,56,2,-62,A,5c:62:8b:66:67:d2"
1791491906.397,"B,37775,10,b2:db:ca:e6:29:a6,28,1,0,0,-22,S,5c:62:8b:66:67:d2"
1791491906.397,"B,37775,10,5c:62:8b:66:67:d2,0,0,28,1,-63,A,5c:62:8b:66:67:d2"
1791491906.601,"B,37875,10,b2:db:ca:e6:29:a6,56,2,0,0,-21,S,5c:62:8b:66:67:d2"
1791491906.601,"B,37875,10,5c:62:8b:66:67:d2,0,0,56,2,-62,A,5c:62:8b:66:67:d2"
1791491906.601,"B,37975,10,b2:db:ca:e6:29:a6,28,1,0,0,-23,S,5c:62:8b:66:67:d2"
1791491906.601,"B,37975,10,5c:62:8b:66:67:d2,0,0,28,1,-65,A,5c:62:8b:66:67:d2"
1791491906.806,"B,38075,10,b2:db:ca:e6:29:a6,56,2,0,0,-21,S,5c:62:8b:66:67:d2"
1791491906.806,"B,38075,10,5c:62:8b:66:67:d2,0,0,56,2,-64,A,5c:62:8b:66:67:d2"
1791491906.806,"B,38175,10,b2:db:ca:e6:29:a6,56,2,0,0,-21,S,5c:62:8b:66:67:d2"
1791491906.806,"B,38175,10,5c:62:8b:66:67:d2,0,0,56,2,0,A,5c:62:8b:66:67:d2"
1791491907.010,"B,38275,10,b2:db:ca:e6:29:a6,28,1,0,0,-23,S,5c:62:8b:66:67:d2"
1791491907.010,"B,38275,10,5c:62:8b:66:67:d2,0,0,28,1,-62,A,5c:62:8b:66:67:d2"
1791491907.420,"B,38675,10,78:8c:b5:f5:e7:26,80,1,0,0,-84,A,78:8c:b5:f5:e7:26"
1791491907.827,"B,39175,10,5c:62:8b:66:67:d2,0,0,168,6,-62,A,5c:62:8b:66:67:d2"
1791491907.827,"B,39175,10,72:3b:01:24:b7:c8,168,6,0,0,-46,S,5c:62:8b:66:67:d2"
1791491908.032,"B,39275,10,b2:db:ca:e6:29:a6,28,1,0,0,-21,S,5c:62:8b:66:67:d2"
1791491908.032,"B,39275,10,5c:62:8b:66:67:d2,0,0,56,2,-63,A,5c:62:8b:66:67:d2"
1791491908.032,"B,39275,10,72:3b:01:24:b7:c8,28,1,0,0,-51,S,5c:62:8b:66:67:d2"
1791491908.032,"B,39375,10,b2:db:ca:e6:29:a6,56,2,0,0,-21,S,5c:62:8b:66:67:d2"
1791491908.032,"B,39375,10,5c:62:8b:66:67:d2,0,0,56,2,-63,A,5c:62:8b:66:67:d2"
1791491908.234,"B,39475,10,b2:db:ca:e6:29:a6,56,2,0,0,-22,S,5c:62:8b:66:67:d2"
1791491908.234,"B,39475,10,5c:62:8b:66:67:d2,0,0,168,6,-62,A,5c:62:8b:66:67:d2"
1791491908.234,"B,39475,10,72:3b:01:24:b7:c8,112,4,0,0,-49,S,5c:62:8b:66:67:d2"
1791491908.234,"B,39575,10,b2:db:ca:e6:29:a6,56,2,0,0,-21,S,5c:62:8b:66:67:d2"
1791491908.234,"B,39575,10,5c:62:8b:66:67:d2,0,0,84,3,-63,A,5c:62:8b:66:67:d2"
1791491908.234,"B,39575,10,78:8c:b5:f5:e7:26,80,1,0,0,-82,A,78:8c:b5:f5:e7:26"
1791491908.234,"B,39575,10,72:3b:01:24:b7:c8,28,1,0,0,-48,S,5c:62:8b:66:67:d2"
1791491908.439,"B,39675,10,b2:db:ca:e6:29:a6,56,2,0,0,-21,S,5c:62:8b:66:67:d2"
1791491908.439,"B,39675,10,5c:62:8b:66:67:d2,0,0,140,5,-63,A,5c:62:8b:66:67:d2"
1791491908.439,"B,39675,10,72:3b:01:24:b7:c8,84,3,0,0,-47,S,5c:62:8b:66:67:d2"
1791491908.439,"B,39775,10,b2:db:ca:e6:29:a6,56,2,0,0,-22,S,5c:62:8b:66:67:d2"
1791491908.439,"B,39775,10,5c:62:8b:66:67:d2,0,0,140,5,-64,A,5c:62:8b:66:67:d2"
1791491908.439,"B,39775,10,72:3b:01:24:b7:c8,84,3,0,0,-47,S,5c:62:8b:66:67:d2"
1791491908.643,"B,39875,10,b2:db:ca:e6:29:a6,56,2,0,0,-21,S,5c:62:8b:66:67:d2"
1791491908.643,"B,39875,10,5c:62:8b:66:67:d2,0,0,196,7,-62,A,5c:62:8b:66:67:d2"
1791491908.643,"B,39875,10,72:3b:01:24:b7:c8,140,5,0,0,-50,S,5c:62:8b:66:67:d2"
1791491908.643,"B,39975,10,b2:db:ca:e6:29:a6,56,2,0,0,-21,S,5c:62:8b:66:67:d2"
1791491908.643,"B,39975,10,5c:62:8b:66:67:d2,0,0,140,5,-62,A,5c:62:8b:66:67:d2"
1791491908.643,"B,39975,10,80:af:ca:68:4c:f8,84,1,0,0,-85,A,80:af:ca:68:4c:f8"
1791491908.643,"B,39975,10,72:3b:01:24:b7:c8,84,3,0,0,-50,S,5c:62:8b:66:67:d2"
1791491908.847,"B,40075,10,b2:db:ca:e6:29:a6,56,2,0,0,-21,S,5c:62:8b:66:67:d2"
1791491908.847,"B,40075,10,5c:62:8b:66:67:d2,0,0,112,4,-62,A,5c:62:8b:66:67:d2"
1791491908.847,"B,40075,10,78:8c:b5:f5:e7:26,0,0,60,2,-86,A,78:8c:b5:f5:e7:26"
1791491908.847,"B,40075,10,72:3b:01:24:b7:c8,56,2,0,0,-50,S,5c:62:8b:66:67:d2"
1791491908.847,"B,40075,10,a6:4c:bd:b6:c7:99,60,2,0,0,-82,S,78:8c:b5:f5:e7:26"
1791491908.847,"I,40097,stat,rx=2094,drops=0,ch=10,bin=100,hop=0,heap=203064"
1791491908.847,"B,40175,10,b2:db:ca:e6:29:a6,28,1,0,0,-21,S,5c:62:8b:66:67:d2"
1791491908.847,"B,40175,10,5c:62:8b:66:67:d2,0,0,28,1,-60,A,5c:62:8b:66:67:d2"
1791491908.847,"B,40175,10,78:8c:b5:f5:e7:26,0,0,30,1,0,A,78:8c:b5:f5:e7:26"
1791491908.847,"B,40175,10,a6:4c:bd:b6:c7:99,30,1,0,0,-84,S,78:8c:b5:f5:e7:26"
1791491909.048,"B,40275,10,b2:db:ca:e6:29:a6,28,1,0,0,-23,S,5c:62:8b:66:67:d2"
1791491909.048,"B,40275,10,5c:62:8b:66:67:d2,0,0,28,1,-57,A,5c:62:8b:66:67:d2"
1791491909.048,"B,40275,10,78:8c:b5:f5:e7:26,0,0,30,1,0,A,78:8c:b5:f5:e7:26"
1791491909.048,"B,40275,10,a6:4c:bd:b6:c7:99,30,1,0,0,-82,S,78:8c:b5:f5:e7:26"
1791491909.048,"B,40375,10,b2:db:ca:e6:29:a6,56,2,0,0,-22,S,5c:62:8b:66:67:d2"
1791491909.048,"B,40375,10,5c:62:8b:66:67:d2,0,0,56,2,-55,A,5c:62:8b:66:67:d2"
1791491909.048,"B,40375,10,78:8c:b5:f5:e7:26,0,0,30,1,0,A,78:8c:b5:f5:e7:26"
1791491909.048,"B,40375,10,a6:4c:bd:b6:c7:99,30,1,0,0,-83,S,78:8c:b5:f5:e7:26"
1791491909.249,"B,40475,10,b2:db:ca:e6:29:a6,56,2,0,0,-22,S,5c:62:8b:66:67:d2"
1791491909.249,"B,40475,10,5c:62:8b:66:67:d2,0,0,56,2,-58,A,5c:62:8b:66:67:d2"
1791491909.249,"B,40575,10,b2:db:ca:e6:29:a6,56,2,0,0,-21,S,5c:62:8b:66:67:d2"
1791491909.249,"B,40575,10,5c:62:8b:66:67:d2,0,0,56,2,-58,A,5c:62:8b:66:67:d2"
1791491909.249,"B,40575,10,78:8c:b5:f5:e7:26,80,1,0,0,-82,A,78:8c:b5:f5:e7:26"
1791491909.450,"B,40675,10,b2:db:ca:e6:29:a6,28,1,0,0,-23,S,5c:62:8b:66:67:d2"
1791491909.450,"B,40675,10,5c:62:8b:66:67:d2,0,0,28,1,-58,A,5c:62:8b:66:67:d2"
1791491909.450,"B,40775,10,5c:62:8b:66:67:d2,0,0,112,4,-60,A,5c:62:8b:66:67:d2"
1791491909.450,"B,40775,10,72:3b:01:24:b7:c8,112,4,0,0,-31,S,5c:62:8b:66:67:d2"
1791491909.450,"B,40875,10,5c:62:8b:66:67:d2,0,0,28,1,-62,A,5c:62:8b:66:67:d2"
1791491909.450,"B,40875,10,72:3b:01:24:b7:c8,28,1,0,0,-31,S,5c:62:8b:66:67:d2"
1791491909.650,"B,40975,10,b2:db:ca:e6:29:a6,28,1,0,0,-23,S,5c:62:8b:66:67:d2"
1791491909.650,"B,40975,10,5c:62:8b:66:67:d2,0,0,112,4,-65,A,5c:62:8b:66:67:d2"
1791491909.650,"B,40975,10,72:3b:01:24:b7:c8,84,3,0,0,-40,S,5c:62:8b:66:67:d2"
1791491909.650,"B,41075,10,b2:db:ca:e6:29:a6,56,2,0,0,-20,S,5c:62:8b:66:67:d2"
1791491909.650,"B,41075,10,5c:62:8b:66:67:d2,0,0,56,2,-57,A,5c:62:8b:66:67:d2"
1791491909.850,"M,41104,slot,4,0"
1791491909.850,"B,41175,10,b2:db:ca:e6:29:a6,28,1,0,0,-21,S,5c:62:8b:66:67:d2"
1791491909.850,"B,41175,10,5c:62:8b:66:67:d2,0,0,84,3,-61,A,5c:62:8b:66:67:d2"
1791491909.850,"B,41175,10,72:3b:01:24:b7:c8,56,2,0,0,-43,S,5c:62:8b:66:67:d2"
1791491909.850,"B,41275,10,b2:db:ca:e6:29:a6,28,1,0,0,-23,S,5c:62:8b:66:67:d2"
1791491909.850,"B,41275,10,5c:62:8b:66:67:d2,0,0,168,6,-59,A,5c:62:8b:66:67:d2"
1791491909.850,"B,41275,10,72:3b:01:24:b7:c8,140,5,0,0,-41,S,5c:62:8b:66:67:d2"
1791491910.051,"B,41375,10,b2:db:ca:e6:29:a6,56,2,0,0,-21,S,5c:62:8b:66:67:d2"
1791491910.051,"B,41375,10,5c:62:8b:66:67:d2,0,0,140,5,-66,A,5c:62:8b:66:67:d2"
1791491910.051,"B,41375,10,72:3b:01:24:b7:c8,84,3,0,0,-39,S,5c:62:8b:66:67:d2"
1791491910.051,"B,41475,10,b2:db:ca:e6:29:a6,56,2,0,0,-20,S,5c:62:8b:66:67:d2"
1791491910.051,"B,41475,10,5c:62:8b:66:67:d2,0,0,112,4,-67,A,5c:62:8b:66:67:d2"
1791491910.051,"B,41475,10,72:3b:01:24:b7:c8,56,2,0,0,-46,S,5c:62:8b:66:67:d2"
1791491910.251,"B,41575,10,b2:db:ca:e6:29:a6,56,2,0,0,-21,S,5c:62:8b:66:67:d2"
1791491910.251,"B,41575,10,5c:62:8b:66:67:d2,0,0,112,4,-67,A,5c:62:8b:66:67:d2"
1791491910.251,"B,41575,10,72:3b:01:24:b7:c8,56,2,0,0,-48,S,5c:62:8b:66:67:d2"
1791491910.251,"B,41675,10,b2:db:ca:e6:29:a6,28,1,0,0,-20,S,5c:62:8b:66:67:d2"
1791491910.451,"B,41675,10,5c:62:8b:66:67:d2,0,0,28,1,-67,A,5c:62:8b:66:67:d2"
1791491910.451,"B,41675,10,78:8c:b5:f5:e7:26,80,1,0,0,-83,A,78:8c:b5:f5:e7:26"
1791491910.451,"B,41775,10,b2:db:ca:e6:29:a6,84,3,0,0,-21,S,5c:62:8b:66:67:d2"
1791491910.451,"B,41775,10,5c:62:8b:66:67:d2,0,0,84,3,-66,A,5c:62:8b:66:67:d2"
1791491910.451,"B,41875,10,b2:db:ca:e6:29:a6,28,1,0,0,-21,S,5c:62:8b:66:67:d2"
1791491910.651,"B,41875,10,5c:62:8b:66:67:d2,0,0,28,1,-65,A,5c:62:8b:66:67:d2"
1791491910.651,"B,41975,10,b2:db:ca:e6:29:a6,56,2,0,0,-20,S,5c:62:8b:66:67:d2"
1791491910.651,"B,41975,10,5c:62:8b:66:67:d2,0,0,56,2,-67,A,5c:62:8b:66:67:d2"
1791491910.851,"B,42075,10,b2:db:ca:e6:29:a6,56,2,0,0,-21,S,5c:62:8b:66:67:d2"
1791491910.851,"B,42075,10,5c:62:8b:66:67:d2,0,0,56,2,-60,A,5c:62:8b:66:67:d2"
1791491910.851,"B,42075,10,80:af:ca:68:4c:f8,2710,6,0,0,-85,A,80:af:ca:68:4c:f8"
1791491910.851,"B,42175,10,b2:db:ca:e6:29:a6,56,2,0,0,-23,S,5c:62:8b:66:67:d2"
1791491910.851,"B,42175,10,5c:62:8b:66:67:d2,0,0,56,2,-55,A,5c:62:8b:66:67:d2"
1791491910.851,"B,42275,10,b2:db:ca:e6:29:a6,28,1,0,0,-21,S,5c:62:8b:66:67:d2"
1791491911.052,"B,42275,10,5c:62:8b:66:67:d2,0,0,28,1,-56,A,5c:62:8b:66:67:d2"
1791491911.052,"B,42375,10,b2:db:ca:e6:29:a6,56,2,0,0,-22,S,5c:62:8b:66:67:d2"
1791491911.052,"B,42375,10,5c:62:8b:66:67:d2,0,0,56,2,-52,A,5c:62:8b:66:67:d2"
1791491911.052,"B,42375,10,80:af:ca:68:4c:f8,1090,2,0,0,-84,A,80:af:ca:68:4c:f8"
1791491911.052,"B,42475,10,b2:db:ca:e6:29:a6,28,1,0,0,-21,S,5c:62:8b:66:67:d2"
1791491911.052,"B,42475,10,5c:62:8b:66:67:d2,0,0,28,1,0,A,5c:62:8b:66:67:d2"
1791491911.253,"B,42675,10,5c:62:8b:66:67:d2,0,0,112,4,-54,A,5c:62:8b:66:67:d2"
1791491911.253,"B,42675,10,78:8c:b5:f5:e7:26,80,1,0,0,-84,A,78:8c:b5:f5:e7:26"
1791491911.253,"B,42675,10,72:3b:01:24:b7:c8,112,4,0,0,-40,S,5c:62:8b:66:67:d2"
1791491911.458,"B,42775,10,5c:62:8b:66:67:d2,0,0,28,1,-55,A,5c:62:8b:66:67:d2"
1791491911.458,"B,42775,10,72:3b:01:24:b7:c8,28,1,0,0,-42,S,5c:62:8b:66:67:d2"
1791491911.661,"B,43075,10,5c:62:8b:66:67:d2,0,0,28,1,-55,A,5c:62:8b:66:67:d2"
1791491911.661,"B,43075,10,72:3b:01:24:b7:c8,28,1,0,0,-42,S,5c:62:8b:66:67:d2"
1791491911.864,"B,43175,10,5c:62:8b:66:67:d2,0,0,56,2,-54,A,5c:62:8b:66:67:d2"
1791491911.864,"B,43175,10,72:3b:01:24:b7:c8,56,2,0,0,-44,S,5c:62:8b:66:67:d2"
1791491911.864,"B,43275,10,5c:62:8b:66:67:d2,0,0,28,1,-56,A,5c:62:8b:66:67:d2"
1791491911.864,"B,43275,10,72:3b:01:24:b7:c8,28,1,0,0,-44,S,5c:62:8b:66:67:d2"
1791491912.067,"B,43375,10,5c:62:8b:66:67:d2,0,0,168,6,-56,A,5c:62:8b:66:67:d2"
1791491912.067,"B,43375,10,72:3b:01:24:b7:c8,168,6,0,0,-43,S,5c:62:8b:66:67:d2"
1791491912.067,"B,43475,10,5c:62:8b:66:67:d2,0,0,56,2,-57,A,5c:62:8b:66:67:d2"
1791491912.067,"B,43475,10,72:3b:01:24:b7:c8,56,2,0,0,-44,S,5c:62:8b:66:67:d2"
1791491912.271,"B,43575,10,b2:db:ca:e6:29:a6,28,1,0,0,-21,S,5c:62:8b:66:67:d2"
1791491912.271,"B,43575,10,5c:62:8b:66:67:d2,0,0,56,2,-57,A,5c:62:8b:66:67:d2"
1791491912.271,"B,43575,10,72:3b:01:24:b7:c8,28,1,0,0,-48,S,5c:62:8b:66:67:d2"
1791491912.271,"B,43675,10,b2:db:ca:e6:29:a6,56,2,0,0,-23,S,5c:62:8b:66:67:d2"
1791491912.271,"B,43675,10,5c:62:8b:66:67:d2,0,0,56,2,-55,A,5c:62:8b:66:67:d2"
1791491912.475,"B,43775,10,b2:db:ca:e6:29:a6,56,2,0,0,-22,S,5c:62:8b:66:67:d2"
1791491912.475,"B,43775,10,5c:62:8b:66:67:d2,0,0,56,2,-55,A,5c:62:8b:66:67:d2"
1791491912.475,"B,43875,10,b2:db:ca:e6:29:a6,56,2,0,0,-22,S,5c:62:8b:66:67:d2"
1791491912.475,"B,43875,10,5c:62:8b:66:67:d2,0,0,56,2,-56,A,5c:62:8b:66:67:d2"
1791491912.680,"B,43975,10,b2:db:ca:e6:29:a6,56,2,0,0,-24,S,5c:62:8b:66:67:d2"
1791491912.680,"B,43975,10,5c:62:8b:66:67:d2,0,0,56,2,-55,A,5c:62:8b:66:67:d2"
1791491912.680,"B,44075,10,b2:db:ca:e6:29:a6,56,2,0,0,-22,S,5c:62:8b:66:67:d2"
1791491912.680,"B,44075,10,5c:62:8b:66:67:d2,0,0,56,2,-55,A,5c:62:8b:66:67:d2"
1791491912.885,"B,44175,10,b2:db:ca:e6:29:a6,56,2,0,0,-22,S,5c:62:8b:66:67:d2"
1791491912.885,"B,44175,10,5c:62:8b:66:67:d2,0,0,56,2,-54,A,5c:62:8b:66:67:d2"
1791491912.885,"B,44275,10,b2:db:ca:e6:29:a6,56,2,0,0,-24,S,5c:62:8b:66:67:d2"
1791491912.885,"B,44275,10,5c:62:8b:66:67:d2,0,0,56,2,-54,A,5c:62:8b:66:67:d2"
1791491912.885,"B,44275,10,80:af:ca:68:4c:f8,104,1,0,0,-86,A,80:af:ca:68:4c:f8"
1791491913.089,"B,44375,10,b2:db:ca:e6:29:a6,56,2,0,0,-21,S,5c:62:8b:66:67:d2"
1791491913.089,"B,44375,10,5c:62:8b:66:67:d2,0,0,84,3,-56,A,5c:62:8b:66:67:d2"
1791491913.089,"B,44375,10,72:3b:01:24:b7:c8,28,1,0,0,-49,S,5c:62:8b:66:67:d2"
1791491913.089,"B,44475,10,b2:db:ca:e6:29:a6,56,2,0,0,-21,S,5c:62:8b:66:67:d2"
1791491913.089,"B,44475,10,5c:62:8b:66:67:d2,0,0,84,3,-58,A,5c:62:8b:66:67:d2"
1791491913.089,"B,44475,10,72:3b:01:24:b7:c8,28,1,0,0,-49,S,5c:62:8b:66:67:d2"
1791491913.294,"B,44575,10,b2:db:ca:e6:29:a6,28,1,0,0,-22,S,5c:62:8b:66:67:d2"
1791491913.294,"B,44575,10,5c:62:8b:66:67:d2,0,0,28,1,-59,A,5c:62:8b:66:67:d2"
1791491913.699,"B,44975,10,b2:db:ca:e6:29:a6,28,1,0,0,-24,S,5c:62:8b:66:67:d2"
1791491913.699,"B,44975,10,5c:62:8b:66:67:d2,0,0,28,1,-56,A,5c:62:8b:66:67:d2"
1791491913.699,"B,45075,10,b2:db:ca:e6:29:a6,56,2,0,0,-21,S,5c:62:8b:66:67:d2"
1791491913.699,"B,45075,10,5c:62:8b:66:67:d2,0,0,56,2,-59,A,5c:62:8b:66:67:d2"
1791491913.699,"I,45097,stat,rx=2384,drops=0,ch=10,bin=100,hop=0,heap=203064"
1791491913.902,"B,45175,10,b2:db:ca:e6:29:a6,56,2,0,0,-21,S,5c:62:8b:66:67:d2"
1791491913.902,"B,45175,10,5c:62:8b:66:67:d2,0,0,56,2,-61,A,5c:62:8b:66:67:d2"
1791491913.902,"B,45275,10,b2:db:ca:e6:29:a6,56,2,0,0,-21,S,5c:62:8b:66:67:d2"
1791491913.902,"B,45275,10,5c:62:8b:66:67:d2,0,0,112,4,-60,A,5c:62:8b:66:67:d2"
1791491913.902,"B,45275,10,72:3b:01:24:b7:c8,56,2,0,0,-47,S,5c:62:8b:66:67:d2"
1791491914.102,"B,45375,10,b2:db:ca:e6:29:a6,28,1,0,0,-21,S,5c:62:8b:66:67:d2"
1791491914.102,"B,45375,10,5c:62:8b:66:67:d2,229,1,196,7,-58,A,5c:62:8b:66:67:d2"
1791491914.102,"B,45375,10,72:3b:01:24:b7:c8,168,6,0,0,-46,S,5c:62:8b:66:67:d2"
1791491914.102,"B,45475,10,b2:db:ca:e6:29:a6,84,3,0,0,-22,S,5c:62:8b:66:67:d2"
1791491914.102,"B,45475,10,5c:62:8b:66:67:d2,0,0,84,3,-60,A,5c:62:8b:66:67:d2"
1791491914.307,"B,45575,10,b2:db:ca:e6:29:a6,28,1,0,0,-22,S,5c:62:8b:66:67:d2"
1791491914.307,"B,45575,10,5c:62:8b:66:67:d2,0,0,28,1,-58,A,5c:62:8b:66:67:d2"
1791491914.307,"B,45675,10,b2:db:ca:e6:29:a6,84,3,0,0,-21,S,5c:62:8b:66:67:d2"
1791491914.307,"B,45675,10,5c:62:8b:66:67:d2,0,0,84,3,-56,A,5c:62:8b:66:67:d2"
1791491914.307,"B,45675,10,78:8c:b5:f5:e7:26,80,1,0,0,-82,A,78:8c:b5:f5:e7:26"
1791491914.512,"B,45775,10,b2:db:ca:e6:29:a6,28,1,0,0,-22,S,5c:62:8b:66:67:d2"
1791491914.512,"B,45775,10,5c:62:8b:66:67:d2,0,0,28,1,-52,A,5c:62:8b:66:67:d2"
1791491914.512,"B,45875,10,b2:db:ca:e6:29:a6,28,1,0,0,-22,S,5c:62:8b:66:67:d2"
1791491914.512,"B,45875,10,5c:62:8b:66:67:d2,0,0,28,1,-51,A,5c:62:8b:66:67:d2"
1791491914.714,"B,45975,10,5c:62:8b:66:67:d2,100,1,0,0,-50,A,5c:62:8b:66:67:d2"
1791491914.714,"B,45975,10,46:88:44:6e:4f:e4,0,0,100,1,0,S,5c:62:8b:66:67:d2"
1791491914.714,"B,46075,10,5c:62:8b:66:67:d2,0,0,282,3,-50,A,5c:62:8b:66:67:d2"
1791491914.714,"B,46075,10,46:88:44:6e:4f:e4,282,3,0,0,-29,S,5c:62:8b:66:67:d2"
1791491914.919,"M,46193,slot,5,1"
1791491915.328,"B,46675,10,78:8c:b5:f5:e7:26,80,1,0,0,-80,A,78:8c:b5:f5:e7:26"
1791491916.143,"B,47375,10,78:8c:b5:f5:e7:26,88,1,0,0,-78,A,78:8c:b5:f5:e7:26"
1791491916.345,"B,47575,10,78:8c:b5:f5:e7:26,80,1,0,0,-78,A,78:8c:b5:f5:e7:26"
1791491916.750,"B,47975,10,b2:db:ca:e6:29:a6,84,3,0,0,-22,S,5c:62:8b:66:67:d2"
1791491916.750,"B,47975,10,5c:62:8b:66:67:d2,0,0,84,3,-53,A,5c:62:8b:66:67:d2"
1791491916.750,"B,48075,10,b2:db:ca:e6:29:a6,28,1,0,0,-22,S,5c:62:8b:66:67:d2"
1791491916.750,"B,48075,10,5c:62:8b:66:67:d2,0,0,28,1,-55,A,5c:62:8b:66:67:d2"
1791491916.950,"B,48175,10,b2:db:ca:e6:29:a6,56,2,290,2,-23,S,5c:62:8b:66:67:d2"
1791491916.950,"B,48175,10,5c:62:8b:66:67:d2,290,2,56,2,-54,A,5c:62:8b:66:67:d2"
1791491916.950,"B,48275,10,b2:db:ca:e6:29:a6,56,2,0,0,-22,S,5c:62:8b:66:67:d2"
1791491916.950,"B,48275,10,5c:62:8b:66:67:d2,0,0,56,2,-54,A,5c:62:8b:66:67:d2"
1791491916.950,"B,48375,10,b2:db:ca:e6:29:a6,56,2,0,0,-22,S,5c:62:8b:66:67:d2"
1791491916.950,"B,48375,10,5c:62:8b:66:67:d2,0,0,56,2,-53,A,5c:62:8b:66:67:d2"
1791491917.151,"B,48475,10,b2:db:ca:e6:29:a6,84,3,0,0,-22,S,5c:62:8b:66:67:d2"
1791491917.151,"B,48475,10,5c:62:8b:66:67:d2,0,0,84,3,-52,A,5c:62:8b:66:67:d2"
1791491917.352,"B,48575,10,b2:db:ca:e6:29:a6,28,1,0,0,-22,S,5c:62:8b:66:67:d2"
1791491917.352,"B,48575,10,5c:62:8b:66:67:d2,0,0,28,1,-52,A,5c:62:8b:66:67:d2"
1791491917.352,"B,48575,10,78:8c:b5:f5:e7:26,160,2,0,0,-79,A,78:8c:b5:f5:e7:26"
1791491917.352,"B,48675,10,b2:db:ca:e6:29:a6,56,2,0,0,-22,S,5c:62:8b:66:67:d2"
1791491917.352,"B,48675,10,5c:62:8b:66:67:d2,0,0,56,2,-52,A,5c:62:8b:66:67:d2"
1791491917.352,"B,48775,10,b2:db:ca:e6:29:a6,56,2,0,0,-22,S,5c:62:8b:66:67:d2"
1791491917.352,"B,48775,10,5c:62:8b:66:67:d2,0,0,56,2,-53,A,5c:62:8b:66:67:d2"
1791491917.553,"B,48875,10,b2:db:ca:e6:29:a6,56,2,0,0,-22,S,5c:62:8b:66:67:d2"
1791491917.553,"B,48875,10,5c:62:8b:66:67:d2,0,0,56,2,-53,A,5c:62:8b:66:67:d2"
1791491917.553,"B,48975,10,b2:db:ca:e6:29:a6,28,1,0,0,-22,S,5c:62:8b:66:67:d2"
1791491917.553,"B,48975,10,5c:62:8b:66:67:d2,0,0,28,1,-54,A,5c:62:8b:66:67:d2"
1791491917.754,"B,49075,10,b2:db:ca:e6:29:a6,56,2,0,0,-21,S,5c:62:8b:66:67:d2"
1791491917.754,"B,49075,10,5c:62:8b:66:67:d2,0,0,56,2,-55,A,5c:62:8b:66:67:d2"
1791491917.754,"B,49175,10,b2:db:ca:e6:29:a6,28,1,0,0,-22,S,5c:62:8b:66:67:d2"
1791491917.754,"B,49175,10,5c:62:8b:66:67:d2,0,0,28,1,-56,A,5c:62:8b:66:67:d2"
1791491917.959,"B,49275,10,b2:db:ca:e6:29:a6,28,1,0,0,-21,S,5c:62:8b:66:67:d2"
1791491917.959,"B,49275,10,5c:62:8b:66:67:d2,0,0,28,1,-54,A,5c:62:8b:66:67:d2"
1791491918.162,"B,49575,10,78:8c:b5:f5:e7:26,80,1,0,0,-78,A,78:8c:b5:f5:e7:26"
1791491918.571,"B,49875,10,b2:db:ca:e6:29:a6,56,2,0,0,-21,S,5c:62:8b:66:67:d2"
1791491918.571,"B,49875,10,5c:62:8b:66:67:d2,0,0,56,2,-52,A,5c:62:8b:66:67:d2"
1791491918.571,"B,49875,10,80:af:ca:68:4c:f8,84,1,0,0,-87,A,80:af:ca:68:4c:f8"
1791491918.571,"B,49975,10,b2:db:ca:e6:29:a6,28,1,0,0,-23,S,5c:62:8b:66:67:d2"
1791491918.571,"B,49975,10,5c:62:8b:66:67:d2,0,0,28,1,-51,A,5c:62:8b:66:67:d2"
1791491918.571,"B,49975,10,80:af:ca:68:4c:f8,84,1,0,0,-87,A,80:af:ca:68:4c:f8"
1791491918.772,"B,50075,10,b2:db:ca:e6:29:a6,56,2,0,0,-21,S,5c:62:8b:66:67:d2"
1791491918.772,"B,50075,10,5c:62:8b:66:67:d2,0,0,56,2,-53,A,5c:62:8b:66:67:d2"
1791491918.772,"I,50097,stat,rx=2621,drops=0,ch=10,bin=100,hop=0,heap=203064"
1791491918.978,"B,50375,10,b2:db:ca:e6:29:a6,56,2,0,0,-22,S,5c:62:8b:66:67:d2"
1791491918.978,"B,50375,10,5c:62:8b:66:67:d2,0,0,56,2,-53,A,5c:62:8b:66:67:d2"
1791491919.181,"B,50475,10,b2:db:ca:e6:29:a6,56,2,0,0,-21,S,5c:62:8b:66:67:d2"
1791491919.181,"B,50475,10,5c:62:8b:66:67:d2,0,0,56,2,-53,A,5c:62:8b:66:67:d2"
1791491919.181,"B,50575,10,b2:db:ca:e6:29:a6,56,2,0,0,-23,S,5c:62:8b:66:67:d2"
1791491919.181,"B,50575,10,5c:62:8b:66:67:d2,0,0,56,2,-53,A,5c:62:8b:66:67:d2"
1791491919.383,"B,50675,10,b2:db:ca:e6:29:a6,28,1,0,0,-22,S,5c:62:8b:66:67:d2"
1791491919.383,"B,50675,10,5c:62:8b:66:67:d2,0,0,28,1,-59,A,5c:62:8b:66:67:d2"
1791491919.383,"B,50775,10,b2:db:ca:e6:29:a6,28,1,0,0,-22,S,5c:62:8b:66:67:d2"
1791491919.383,"B,50775,10,5c:62:8b:66:67:d2,0,0,28,1,-55,A,5c:62:8b:66:67:d2"
1791491919.585,"B,50875,10,b2:db:ca:e6:29:a6,56,2,0,0,-23,S,5c:62:8b:66:67:d2"
1791491919.585,"B,50875,10,5c:62:8b:66:67:d2,0,0,56,2,-53,A,5c:62:8b:66:67:d2"
1791491919.585,"B,50975,10,b2:db:ca:e6:29:a6,56,2,0,0,-22,S,5c:62:8b:66:67:d2"
1791491919.585,"B,50975,10,5c:62:8b:66:67:d2,0,0,56,2,0,A,5c:62:8b:66:67:d2"
1791491919.790,"B,51075,10,b2:db:ca:e6:29:a6,56,2,0,0,-22,S,5c:62:8b:66:67:d2"
1791491919.790,"B,51075,10,5c:62:8b:66:67:d2,0,0,56,2,-54,A,5c:62:8b:66:67:d2"
1791491919.790,"B,51175,10,b2:db:ca:e6:29:a6,28,1,82,1,-20,S,5c:62:8b:66:67:d2"
1791491919.790,"B,51175,10,5c:62:8b:66:67:d2,82,1,28,1,-55,A,5c:62:8b:66:67:d2"
1791491919.993,"M,51270,slot,6,0"
1791491919.993,"B,51275,10,b2:db:ca:e6:29:a6,28,1,0,0,-22,S,5c:62:8b:66:67:d2"
1791491919.993,"B,51275,10,5c:62:8b:66:67:d2,0,0,28,1,-55,A,5c:62:8b:66:67:d2"
1791491919.993,"B,51375,10,b2:db:ca:e6:29:a6,84,3,0,0,-21,S,5c:62:8b:66:67:d2"
1791491919.993,"B,51375,10,5c:62:8b:66:67:d2,0,0,84,3,-56,A,5c:62:8b:66:67:d2"
1791491920.199,"B,51475,10,b2:db:ca:e6:29:a6,28,1,0,0,-24,S,5c:62:8b:66:67:d2"
1791491920.199,"B,51475,10,5c:62:8b:66:67:d2,0,0,28,1,-54,A,5c:62:8b:66:67:d2"
1791491920.199,"B,51575,10,b2:db:ca:e6:29:a6,56,2,0,0,-22,S,5c:62:8b:66:67:d2"
1791491920.199,"B,51575,10,5c:62:8b:66:67:d2,0,0,56,2,-54,A,5c:62:8b:66:67:d2"
1791491920.404,"B,51675,10,b2:db:ca:e6:29:a6,84,3,0,0,-22,S,5c:62:8b:66:67:d2"
1791491920.404,"B,51675,10,5c:62:8b:66:67:d2,0,0,84,3,-55,A,5c:62:8b:66:67:d2"
1791491920.404,"B,51675,10,78:8c:b5:f5:e7:26,80,1,0,0,-81,A,78:8c:b5:f5:e7:26"
1791491920.404,"B,51775,10,b2:db:ca:e6:29:a6,56,2,0,0,-23,S,5c:62:8b:66:67:d2"
1791491920.404,"B,51775,10,5c:62:8b:66:67:d2,0,0,56,2,-54,A,5c:62:8b:66:67:d2"
1791491920.609,"B,51875,10,b2:db:ca:e6:29:a6,28,1,0,0,-22,S,5c:62:8b:66:67:d2"
1791491920.609,"B,51875,10,5c:62:8b:66:67:d2,0,0,28,1,-54,A,5c:62:8b:66:67:d2"
1791491920.609,"B,51875,10,80:af:ca:68:4c:f8,84,1,0,0,-85,A,80:af:ca:68:4c:f8"
1791491920.609,"B,51975,10,b2:db:ca:e6:29:a6,28,1,0,0,-22,S,5c:62:8b:66:67:d2"
1791491920.609,"B,51975,10,5c:62:8b:66:67:d2,0,0,28,1,-54,A,5c:62:8b:66:67:d2"
1791491920.814,"B,52075,10,b2:db:ca:e6:29:a6,56,2,0,0,-24,S,5c:62:8b:66:67:d2"
1791491920.814,"B,52075,10,5c:62:8b:66:67:d2,0,0,56,2,-53,A,5c:62:8b:66:67:d2"
1791491920.814,"B,52175,10,b2:db:ca:e6:29:a6,56,2,0,0,-23,S,5c:62:8b:66:67:d2"
1791491920.814,"B,52175,10,5c:62:8b:66:67:d2,0,0,56,2,-54,A,5c:62:8b:66:67:d2"
1791491921.014,"B,52275,10,b2:db:ca:e6:29:a6,56,2,0,0,-21,S,5c:62:8b:66:67:d2"
1791491921.014,"B,52275,10,5c:62:8b:66:67:d2,0,0,56,2,-54,A,5c:62:8b:66:67:d2"
1791491921.219,"B,52475,10,b2:db:ca:e6:29:a6,28,1,0,0,-23,S,5c:62:8b:66:67:d2"
1791491921.219,"B,52475,10,5c:62:8b:66:67:d2,0,0,28,1,-56,A,5c:62:8b:66:67:d2"
1791491921.219,"B,52575,10,78:8c:b5:f5:e7:26,80,1,0,0,-72,A,78:8c:b5:f5:e7:26"
1791491921.831,"B,53175,10,b2:db:ca:e6:29:a6,84,3,0,0,-21,S,5c:62:8b:66:67:d2"
1791491921.831,"B,53175,10,5c:62:8b:66:67:d2,0,0,84,3,-54,A,5c:62:8b:66:67:d2"
1791491922.036,"B,53275,10,b2:db:ca:e6:29:a6,28,1,0,0,-21,S,5c:62:8b:66:67:d2"
1791491922.036,"B,53275,10,5c:62:8b:66:67:d2,0,0,28,1,-52,A,5c:62:8b:66:67:d2"
1791491922.036,"B,53375,10,b2:db:ca:e6:29:a6,28,1,0,0,-22,S,5c:62:8b:66:67:d2"
1791491922.036,"B,53375,10,5c:62:8b:66:67:d2,0,0,28,1,-54,A,5c:62:8b:66:67:d2"
1791491922.241,"B,53475,10,b2:db:ca:e6:29:a6,28,1,0,0,-24,S,5c:62:8b:66:67:d2"
1791491922.241,"B,53475,10,5c:62:8b:66:67:d2,0,0,28,1,-52,A,5c:62:8b:66:67:d2"
1791491922.241,"B,53575,10,78:8c:b5:f5:e7:26,80,1,0,0,-85,A,78:8c:b5:f5:e7:26"
1791491922.651,"B,53975,10,80:af:ca:68:4c:f8,84,1,0,0,-89,A,80:af:ca:68:4c:f8"
1791491923.262,"B,54675,10,b2:db:ca:e6:29:a6,56,2,0,0,-21,S,5c:62:8b:66:67:d2"
1791491923.262,"B,54675,10,5c:62:8b:66:67:d2,0,0,56,2,-52,A,5c:62:8b:66:67:d2"
1791491923.465,"B,54775,10,b2:db:ca:e6:29:a6,56,2,0,0,-22,S,5c:62:8b:66:67:d2"
1791491923.465,"B,54775,10,5c:62:8b:66:67:d2,0,0,56,2,-52,A,5c:62:8b:66:67:d2"
1791491923.465,"B,54875,10,b2:db:ca:e6:29:a6,56,2,0,0,-21,S,5c:62:8b:66:67:d2"
1791491923.465,"B,54875,10,5c:62:8b:66:67:d2,0,0,56,2,-52,A,5c:62:8b:66:67:d2"
1791491923.677,"B,54975,10,b2:db:ca:e6:29:a6,28,1,0,0,-22,S,5c:62:8b:66:67:d2"
1791491923.677,"B,54975,10,5c:62:8b:66:67:d2,0,0,28,1,-52,A,5c:62:8b:66:67:d2"
1791491923.677,"B,55075,10,b2:db:ca:e6:29:a6,56,2,0,0,-21,S,5c:62:8b:66:67:d2"
1791491923.677,"B,55075,10,5c:62:8b:66:67:d2,0,0,56,2,-52,A,5c:62:8b:66:67:d2"
1791491923.882,"I,55101,stat,rx=2837,drops=0,ch=10,bin=100,hop=0,heap=203064"
1791491923.882,"B,55175,10,b2:db:ca:e6:29:a6,56,2,0,0,-21,S,5c:62:8b:66:67:d2"
1791491923.882,"B,55175,10,5c:62:8b:66:67:d2,0,0,56,2,-52,A,5c:62:8b:66:67:d2"
1791491923.882,"B,55275,10,b2:db:ca:e6:29:a6,28,1,0,0,-22,S,5c:62:8b:66:67:d2"
1791491923.882,"B,55275,10,5c:62:8b:66:67:d2,0,0,28,1,0,A,5c:62:8b:66:67:d2"
1791491924.086,"B,55475,10,b2:db:ca:e6:29:a6,28,1,0,0,-22,S,5c:62:8b:66:67:d2"
1791491924.086,"B,55475,10,5c:62:8b:66:67:d2,0,0,28,1,-52,A,5c:62:8b:66:67:d2"
1791491924.289,"B,55675,10,b2:db:ca:e6:29:a6,56,2,0,0,-22,S,5c:62:8b:66:67:d2"
1791491924.289,"B,55675,10,5c:62:8b:66:67:d2,0,0,56,2,-52,A,5c:62:8b:66:67:d2"
1791491924.492,"B,55775,10,b2:db:ca:e6:29:a6,56,2,0,0,-22,S,5c:62:8b:66:67:d2"
1791491924.492,"B,55775,10,5c:62:8b:66:67:d2,0,0,56,2,-53,A,5c:62:8b:66:67:d2"
1791491924.492,"B,55875,10,b2:db:ca:e6:29:a6,84,3,0,0,-21,S,5c:62:8b:66:67:d2"
1791491924.492,"B,55875,10,5c:62:8b:66:67:d2,0,0,84,3,-52,A,5c:62:8b:66:67:d2"
1791491924.693,"B,55975,10,b2:db:ca:e6:29:a6,28,1,0,0,-21,S,5c:62:8b:66:67:d2"
1791491924.693,"B,55975,10,5c:62:8b:66:67:d2,0,0,28,1,-52,A,5c:62:8b:66:67:d2"
1791491924.693,"B,56075,10,b2:db:ca:e6:29:a6,28,1,0,0,-22,S,5c:62:8b:66:67:d2"
1791491924.693,"B,56075,10,5c:62:8b:66:67:d2,0,0,28,1,-52,A,5c:62:8b:66:67:d2"
1791491924.898,"B,56175,10,b2:db:ca:e6:29:a6,56,2,0,0,-21,S,5c:62:8b:66:67:d2"
1791491924.898,"B,56175,10,5c:62:8b:66:67:d2,0,0,56,2,-53,A,5c:62:8b:66:67:d2"
1791491924.898,"B,56275,10,b2:db:ca:e6:29:a6,56,2,0,0,-24,S,5c:62:8b:66:67:d2"
1791491924.898,"B,56275,10,5c:62:8b:66:67:d2,0,0,56,2,-52,A,5c:62:8b:66:67:d2"
1791491925.102,"M,56343,slot,7,0"
1791491925.102,"B,56375,10,b2:db:ca:e6:29:a6,56,2,0,0,-22,S,5c:62:8b:66:67:d2"
1791491925.102,"B,56375,10,5c:62:8b:66:67:d2,0,0,56,2,-52,A,5c:62:8b:66:67:d2"
1791491925.102,"B,56475,10,b2:db:ca:e6:29:a6,56,2,0,0,-21,S,5c:62:8b:66:67:d2"
1791491925.102,"B,56475,10,5c:62:8b:66:67:d2,0,0,56,2,-51,A,5c:62:8b:66:67:d2"
1791491925.512,"B,56775,10,b2:db:ca:e6:29:a6,56,2,0,0,-22,S,5c:62:8b:66:67:d2"
1791491925.512,"B,56775,10,5c:62:8b:66:67:d2,0,0,56,2,-51,A,5c:62:8b:66:67:d2"
1791491925.512,"B,56875,10,b2:db:ca:e6:29:a6,84,3,0,0,-21,S,5c:62:8b:66:67:d2"
1791491925.512,"B,56875,10,5c:62:8b:66:67:d2,0,0,84,3,-51,A,5c:62:8b:66:67:d2"
1791491925.713,"B,56975,10,b2:db:ca:e6:29:a6,28,1,0,0,-22,S,5c:62:8b:66:67:d2"
1791491925.713,"B,56975,10,5c:62:8b:66:67:d2,0,0,28,1,-51,A,5c:62:8b:66:67:d2"
1791491925.713,"B,57075,10,b2:db:ca:e6:29:a6,56,2,0,0,-22,S,5c:62:8b:66:67:d2"
1791491925.713,"B,57075,10,5c:62:8b:66:67:d2,0,0,56,2,-51,A,5c:62:8b:66:67:d2"
1791491925.915,"B,57175,10,b2:db:ca:e6:29:a6,28,1,0,0,-24,S,5c:62:8b:66:67:d2"
1791491925.915,"B,57175,10,5c:62:8b:66:67:d2,0,0,28,1,-51,A,5c:62:8b:66:67:d2"
1791491925.915,"B,57275,10,b2:db:ca:e6:29:a6,56,2,0,0,-21,S,5c:62:8b:66:67:d2"
1791491925.915,"B,57275,10,5c:62:8b:66:67:d2,0,0,56,2,-52,A,5c:62:8b:66:67:d2"
1791491926.120,"B,57375,10,b2:db:ca:e6:29:a6,56,2,0,0,-21,S,5c:62:8b:66:67:d2"
1791491926.120,"B,57375,10,5c:62:8b:66:67:d2,0,0,56,2,-52,A,5c:62:8b:66:67:d2"
1791491926.120,"B,57475,10,b2:db:ca:e6:29:a6,28,1,0,0,-23,S,5c:62:8b:66:67:d2"
1791491926.120,"B,57475,10,5c:62:8b:66:67:d2,0,0,28,1,-52,A,5c:62:8b:66:67:d2"
1791491926.321,"B,57575,10,b2:db:ca:e6:29:a6,84,3,0,0,-22,S,5c:62:8b:66:67:d2"
1791491926.321,"B,57575,10,5c:62:8b:66:67:d2,0,0,84,3,-52,A,5c:62:8b:66:67:d2"
1791491926.321,"B,57575,10,78:8c:b5:f5:e7:26,0,0,30,1,-80,A,78:8c:b5:f5:e7:26"
1791491926.321,"B,57575,10,a6:4c:bd:b6:c7:99,30,1,0,0,-84,S,78:8c:b5:f5:e7:26"
1791491926.321,"B,57675,10,78:8c:b5:f5:e7:26,0,0,120,4,0,A,78:8c:b5:f5:e7:26"
1791491926.321,"B,57675,10,a6:4c:bd:b6:c7:99,120,4,0,0,-85,S,78:8c:b5:f5:e7:26"
1791491926.525,"B,57775,10,b2:db:ca:e6:29:a6,28,1,0,0,-24,S,5c:62:8b:66:67:d2"
1791491926.525,"B,57775,10,5c:62:8b:66:67:d2,0,0,28,1,-52,A,5c:62:8b:66:67:d2"
1791491926.729,"B,57975,10,78:8c:b5:f5:e7:26,0,0,30,1,0,A,78:8c:b5:f5:e7:26"
1791491926.729,"B,57975,10,a6:4c:bd:b6:c7:99,30,1,0,0,-83,S,78:8c:b5:f5:e7:26"
1791491926.729,"B,58075,10,b2:db:ca:e6:29:a6,84,3,0,0,-22,S,5c:62:8b:66:67:d2"
1791491926.729,"B,58075,10,5c:62:8b:66:67:d2,0,0,84,3,-53,A,5c:62:8b:66:67:d2"
1791491926.729,"B,58075,10,78:8c:b5:f5:e7:26,0,0,90,3,0,A,78:8c:b5:f5:e7:26"
1791491926.729,"B,58075,10,a6:4c:bd:b6:c7:99,90,3,0,0,-82,S,78:8c:b5:f5:e7:26"
1791491926.931,"B,58175,10,b2:db:ca:e6:29:a6,56,2,0,0,-22,S,5c:62:8b:66:67:d2"
1791491926.931,"B,58175,10,5c:62:8b:66:67:d2,0,0,56,2,-53,A,5c:62:8b:66:67:d2"
1791491926.931,"B,58275,10,b2:db:ca:e6:29:a6,56,2,0,0,-22,S,5c:62:8b:66:67:d2"
1791491926.931,"B,58275,10,5c:62:8b:66:67:d2,0,0,56,2,-53,A,5c:62:8b:66:67:d2"
1791491927.136,"B,58375,10,b2:db:ca:e6:29:a6,56,2,0,0,-21,S,5c:62:8b:66:67:d2"
1791491927.136,"B,58375,10,5c:62:8b:66:67:d2,0,0,56,2,-53,A,5c:62:8b:66:67:d2"
1791491927.341,"B,58575,10,b2:db:ca:e6:29:a6,84,3,0,0,-22,S,5c:62:8b:66:67:d2"
1791491927.341,"B,58575,10,5c:62:8b:66:67:d2,0,0,84,3,-54,A,5c:62:8b:66:67:d2"
1791491927.341,"B,58675,10,b2:db:ca:e6:29:a6,28,1,0,0,-24,S,5c:62:8b:66:67:d2"
1791491927.341,"B,58675,10,5c:62:8b:66:67:d2,0,0,28,1,-53,A,5c:62:8b:66:67:d2"
1791491927.341,"B,58675,10,78:8c:b5:f5:e7:26,80,1,0,0,-79,A,78:8c:b5:f5:e7:26"
1791491927.546,"B,58775,10,b2:db:ca:e6:29:a6,56,2,0,0,-21,S,5c:62:8b:66:67:d2"
1791491927.546,"B,58775,10,5c:62:8b:66:67:d2,0,0,56,2,-53,A,5c:62:8b:66:67:d2"
1791491927.546,"B,58875,10,b2:db:ca:e6:29:a6,28,1,0,0,-22,S,5c:62:8b:66:67:d2"
1791491927.546,"B,58875,10,5c:62:8b:66:67:d2,0,0,28,1,-53,A,5c:62:8b:66:67:d2"
1791491927.746,"B,58975,10,b2:db:ca:e6:29:a6,56,2,0,0,-22,S,5c:62:8b:66:67:d2"
1791491927.746,"B,58975,10,5c:62:8b:66:67:d2,0,0,56,2,-53,A,5c:62:8b:66:67:d2"
1791491927.746,"B,58975,10,78:8c:b5:f5:e7:26,0,0,30,1,-83,A,78:8c:b5:f5:e7:26"
1791491927.746,"B,58975,10,a6:4c:bd:b6:c7:99,30,1,0,0,-86,S,78:8c:b5:f5:e7:26"
1791491927.746,"B,59075,10,b2:db:ca:e6:29:a6,28,1,0,0,-22,S,5c:62:8b:66:67:d2"
1791491927.746,"B,59075,10,5c:62:8b:66:67:d2,0,0,28,1,-53,A,5c:62:8b:66:67:d2"
1791491927.746,"B,59075,10,78:8c:b5:f5:e7:26,0,0,30,1,-83,A,78:8c:b5:f5:e7:26"
1791491927.746,"B,59075,10,a6:4c:bd:b6:c7:99,30,1,0,0,-83,S,78:8c:b5:f5:e7:26"
1791491927.951,"B,59175,10,b2:db:ca:e6:29:a6,28,1,0,0,-24,S,5c:62:8b:66:67:d2"
1791491927.951,"B,59175,10,5c:62:8b:66:67:d2,0,0,28,1,-53,A,5c:62:8b:66:67:d2"
1791491927.951,"B,59275,10,b2:db:ca:e6:29:a6,56,2,0,0,-23,S,5c:62:8b:66:67:d2"
1791491927.951,"B,59275,10,5c:62:8b:66:67:d2,0,0,56,2,-53,A,5c:62:8b:66:67:d2"
1791491928.152,"B,59375,10,b2:db:ca:e6:29:a6,56,2,0,0,-22,S,5c:62:8b:66:67:d2"
1791491928.152,"B,59375,10,5c:62:8b:66:67:d2,0,0,56,2,-53,A,5c:62:8b:66:67:d2"
1791491928.152,"B,59475,10,b2:db:ca:e6:29:a6,56,2,0,0,-22,S,5c:62:8b:66:67:d2"
1791491928.152,"B,59475,10,5c:62:8b:66:67:d2,0,0,56,2,-54,A,5c:62:8b:66:67:d2"
1791491928.152,"B,59575,10,b2:db:ca:e6:29:a6,56,2,0,0,-21,S,5c:62:8b:66:67:d2"
1791491928.152,"B,59575,10,5c:62:8b:66:67:d2,0,0,56,2,0,A,5c:62:8b:66:67:d2"
1791491928.353,"B,59675,10,b2:db:ca:e6:29:a6,28,1,0,0,-22,S,5c:62:8b:66:67:d2"
1791491928.353,"B,59675,10,5c:62:8b:66:67:d2,0,0,28,1,-54,A,5c:62:8b:66:67:d2"
1791491928.353,"B,59775,10,b2:db:ca:e6:29:a6,56,2,0,0,-22,S,5c:62:8b:66:67:d2"
1791491928.353,"B,59775,10,5c:62:8b:66:67:d2,0,0,56,2,-53,A,5c:62:8b:66:67:d2"
1791491928.554,"B,59975,10,b2:db:ca:e6:29:a6,56,2,0,0,-22,S,5c:62:8b:66:67:d2"
1791491928.554,"B,59975,10,5c:62:8b:66:67:d2,0,0,56,2,-53,A,5c:62:8b:66:67:d2"
1791491928.755,"B,60075,10,b2:db:ca:e6:29:a6,84,3,0,0,-21,S,5c:62:8b:66:67:d2"
1791491928.755,"B,60075,10,5c:62:8b:66:67:d2,0,0,84,3,-54,A,5c:62:8b:66:67:d2"
1791491928.755,"I,60101,stat,rx=3072,drops=0,ch=10,bin=100,hop=0,heap=203064"
1791491928.755,"B,60175,10,b2:db:ca:e6:29:a6,84,3,0,0,-23,S,5c:62:8b:66:67:d2"
1791491928.755,"B,60175,10,5c:62:8b:66:67:d2,0,0,84,3,-53,A,5c:62:8b:66:67:d2"
1791491928.957,"B,60275,10,b2:db:ca:e6:29:a6,28,1,0,0,-22,S,5c:62:8b:66:67:d2"
1791491928.957,"B,60275,10,5c:62:8b:66:67:d2,0,0,28,1,-54,A,5c:62:8b:66:67:d2"
1791491928.957,"B,60375,10,b2:db:ca:e6:29:a6,56,2,0,0,-21,S,5c:62:8b:66:67:d2"
1791491928.957,"B,60375,10,5c:62:8b:66:67:d2,0,0,56,2,-54,A,5c:62:8b:66:67:d2"
1791491929.159,"B,60475,10,b2:db:ca:e6:29:a6,56,2,0,0,-23,S,5c:62:8b:66:67:d2"
1791491929.159,"B,60475,10,5c:62:8b:66:67:d2,0,0,56,2,-53,A,5c:62:8b:66:67:d2"
1791491929.159,"B,60575,10,b2:db:ca:e6:29:a6,56,2,0,0,-22,S,5c:62:8b:66:67:d2"
1791491929.159,"B,60575,10,5c:62:8b:66:67:d2,0,0,56,2,-54,A,5c:62:8b:66:67:d2"
1791491929.360,"B,60675,10,b2:db:ca:e6:29:a6,56,2,0,0,-21,S,5c:62:8b:66:67:d2"
1791491929.360,"B,60675,10,5c:62:8b:66:67:d2,0,0,56,2,-54,A,5c:62:8b:66:67:d2"
1791491929.360,"B,60775,10,b2:db:ca:e6:29:a6,56,2,0,0,-23,S,5c:62:8b:66:67:d2"
1791491929.360,"B,60775,10,5c:62:8b:66:67:d2,0,0,56,2,-54,A,5c:62:8b:66:67:d2"
1791491929.563,"B,60875,10,b2:db:ca:e6:29:a6,56,2,0,0,-21,S,5c:62:8b:66:67:d2"
1791491929.563,"B,60875,10,5c:62:8b:66:67:d2,0,0,292,4,-54,A,5c:62:8b:66:67:d2"
1791491929.563,"B,60875,10,46:88:44:6e:4f:e4,236,2,0,0,-30,S,5c:62:8b:66:67:d2"
1791491929.563,"B,60975,10,b2:db:ca:e6:29:a6,28,1,0,0,-23,S,5c:62:8b:66:67:d2"
1791491929.563,"B,60975,10,5c:62:8b:66:67:d2,0,0,28,1,-53,A,5c:62:8b:66:67:d2"
1791491929.767,"B,61175,10,5c:62:8b:66:67:d2,123,1,0,0,-52,A,5c:62:8b:66:67:d2"
1791491929.767,"B,61175,10,46:88:44:6e:4f:e4,0,0,123,1,0,S,5c:62:8b:66:67:d2"
1791491929.971,"B,61275,10,5c:62:8b:66:67:d2,0,0,28,1,-53,A,5c:62:8b:66:67:d2"
1791491929.971,"B,61275,10,46:88:44:6e:4f:e4,28,1,0,0,-25,S,5c:62:8b:66:67:d2"
1791491930.171,"M,61416,slot,8,0"
1791491932.404,"B,63675,10,78:8c:b5:f5:e7:26,80,1,0,0,-81,A,78:8c:b5:f5:e7:26"
1791491932.404,"B,63775,10,b2:db:ca:e6:29:a6,56,2,0,0,-21,S,5c:62:8b:66:67:d2"
1791491932.404,"B,63775,10,5c:62:8b:66:67:d2,0,0,56,2,-53,A,5c:62:8b:66:67:d2"
1791491932.609,"B,63875,10,b2:db:ca:e6:29:a6,28,1,0,0,-22,S,5c:62:8b:66:67:d2"
1791491932.609,"B,63875,10,5c:62:8b:66:67:d2,0,0,28,1,-54,A,5c:62:8b:66:67:d2"
1791491932.609,"B,63975,10,b2:db:ca:e6:29:a6,56,2,0,0,-22,S,5c:62:8b:66:67:d2"
1791491932.609,"B,63975,10,5c:62:8b:66:67:d2,0,0,56,2,-53,A,5c:62:8b:66:67:d2"
1791491932.814,"B,64075,10,b2:db:ca:e6:29:a6,56,2,0,0,-22,S,5c:62:8b:66:67:d2"
1791491932.814,"B,64075,10,5c:62:8b:66:67:d2,0,0,56,2,-55,A,5c:62:8b:66:67:d2"
1791491932.814,"B,64175,10,b2:db:ca:e6:29:a6,56,2,0,0,-21,S,5c:62:8b:66:67:d2"
1791491932.814,"B,64175,10,5c:62:8b:66:67:d2,0,0,56,2,-54,A,5c:62:8b:66:67:d2"
1791491933.020,"B,64275,10,b2:db:ca:e6:29:a6,28,1,0,0,-23,S,5c:62:8b:66:67:d2"
1791491933.020,"B,64275,10,5c:62:8b:66:67:d2,0,0,28,1,-54,A,5c:62:8b:66:67:d2"
1791491933.020,"B,64375,10,b2:db:ca:e6:29:a6,84,3,0,0,-22,S,5c:62:8b:66:67:d2"
1791491933.020,"B,64375,10,5c:62:8b:66:67:d2,0,0,84,3,-53,A,5c:62:8b:66:67:d2"
1791491933.225,"B,64575,10,b2:db:ca:e6:29:a6,28,1,0,0,-22,S,5c:62:8b:66:67:d2"
1791491933.225,"B,64575,10,5c:62:8b:66:67:d2,0,0,28,1,-54,A,5c:62:8b:66:67:d2"
1791491933.225,"B,64575,10,78:8c:b5:f5:e7:26,80,1,0,0,-81,A,78:8c:b5:f5:e7:26"
1791491933.430,"B,64675,10,b2:db:ca:e6:29:a6,56,2,0,0,-23,S,5c:62:8b:66:67:d2"
1791491933.430,"B,64675,10,5c:62:8b:66:67:d2,0,0,56,2,-53,A,5c:62:8b:66:67:d2"
1791491933.430,"B,64775,10,b2:db:ca:e6:29:a6,56,2,0,0,-22,S,5c:62:8b:66:67:d2"
1791491933.430,"B,64775,10,5c:62:8b:66:67:d2,0,0,56,2,-54,A,5c:62:8b:66:67:d2"
1791491933.635,"B,64875,10,b2:db:ca:e6:29:a6,56,2,0,0,-21,S,5c:62:8b:66:67:d2"
1791491933.635,"B,64875,10,5c:62:8b:66:67:d2,0,0,56,2,-53,A,5c:62:8b:66:67:d2"
1791491933.635,"B,64975,10,b2:db:ca:e6:29:a6,56,2,0,0,-24,S,5c:62:8b:66:67:d2"
1791491933.635,"B,64975,10,5c:62:8b:66:67:d2,0,0,56,2,-53,A,5c:62:8b:66:67:d2"
1791491933.840,"B,65075,10,b2:db:ca:e6:29:a6,56,2,0,0,-23,S,5c:62:8b:66:67:d2"
1791491933.840,"B,65075,10,5c:62:8b:66:67:d2,0,0,56,2,-54,A,5c:62:8b:66:67:d2"
1791491933.840,"I,65101,stat,rx=3296,drops=0,ch=10,bin=100,hop=0,heap=203064"
1791491933.840,"B,65175,10,b2:db:ca:e6:29:a6,56,2,0,0,-22,S,5c:62:8b:66:67:d2"
1791491933.840,"B,65175,10,5c:62:8b:66:67:d2,0,0,56,2,-54,A,5c:62:8b:66:67:d2"
1791491934.044,"B,65275,10,b2:db:ca:e6:29:a6,84,3,0,0,-22,S,5c:62:8b:66:67:d2"
1791491934.044,"B,65275,10,5c:62:8b:66:67:d2,0,0,84,3,-54,A,5c:62:8b:66:67:d2"
1791491934.044,"B,65375,10,b2:db:ca:e6:29:a6,140,5,0,0,-21,S,5c:62:8b:66:67:d2"
1791491934.044,"B,65375,10,5c:62:8b:66:67:d2,0,0,140,5,-54,A,5c:62:8b:66:67:d2"
1791491934.246,"B,65575,10,b2:db:ca:e6:29:a6,28,1,0,0,-24,S,5c:62:8b:66:67:d2"
1791491934.246,"B,65575,10,5c:62:8b:66:67:d2,0,0,28,1,-53,A,5c:62:8b:66:67:d2"
1791491934.656,"B,65975,10,78:8c:b5:f5:e7:26,108,1,0,0,-78,A,78:8c:b5:f5:e7:26"
1791491935.269,"M,66493,slot,9,1"
1791491935.470,"B,66875,10,b2:db:ca:e6:29:a6,112,4,0,0,-21,S,5c:62:8b:66:67:d2"
1791491935.470,"B,66875,10,5c:62:8b:66:67:d2,0,0,112,4,-53,A,5c:62:8b:66:67:d2"
1791491935.672,"B,66975,10,b2:db:ca:e6:29:a6,56,2,0,0,-22,S,5c:62:8b:66:67:d2"
1791491935.672,"B,66975,10,5c:62:8b:66:67:d2,0,0,56,2,-55,A,5c:62:8b:66:67:d2"
1791491935.672,"B,67075,10,b2:db:ca:e6:29:a6,56,2,0,0,-22,S,5c:62:8b:66:67:d2"
1791491935.672,"B,67075,10,5c:62:8b:66:67:d2,0,0,56,2,-53,A,5c:62:8b:66:67:d2"
1791491935.877,"B,67175,10,b2:db:ca:e6:29:a6,56,2,0,0,-22,S,5c:62:8b:66:67:d2"
1791491935.877,"B,67175,10,5c:62:8b:66:67:d2,0,0,56,2,-54,A,5c:62:8b:66:67:d2"
1791491935.877,"B,67275,10,b2:db:ca:e6:29:a6,28,1,0,0,-23,S,5c:62:8b:66:67:d2"
1791491935.877,"B,67275,10,5c:62:8b:66:67:d2,0,0,28,1,-54,A,5c:62:8b:66:67:d2"
1791491935.877,"B,67275,10,78:8c:b5:f5:e7:26,0,0,28,1,-79,A,78:8c:b5:f5:e7:26"
1791491935.877,"B,67275,10,00:08:22:24:d6:fb,28,1,0,0,-79,S,78:8c:b5:f5:e7:26"
1791491936.082,"B,67375,10,b2:db:ca:e6:29:a6,56,2,0,0,-23,S,5c:62:8b:66:67:d2"
1791491936.082,"B,67375,10,5c:62:8b:66:67:d2,0,0,56,2,-54,A,5c:62:8b:66:67:d2"
1791491936.082,"B,67475,10,b2:db:ca:e6:29:a6,28,1,0,0,-22,S,5c:62:8b:66:67:d2"
1791491936.082,"B,67475,10,5c:62:8b:66:67:d2,0,0,28,1,-53,A,5c:62:8b:66:67:d2"
1791491936.286,"B,67575,10,b2:db:ca:e6:29:a6,28,1,0,0,-21,S,5c:62:8b:66:67:d2"
1791491936.286,"B,67575,10,5c:62:8b:66:67:d2,0,0,28,1,-54,A,5c:62:8b:66:67:d2"
1791491936.286,"B,67675,10,b2:db:ca:e6:29:a6,56,2,0,0,-22,S,5c:62:8b:66:67:d2"
1791491936.286,"B,67675,10,5c:62:8b:66:67:d2,0,0,56,2,-54,A,5c:62:8b:66:67:d2"
1791491936.489,"B,67775,10,b2:db:ca:e6:29:a6,56,2,0,0,-21,S,5c:62:8b:66:67:d2"
1791491936.489,"B,67775,10,5c:62:8b:66:67:d2,0,0,56,2,-54,A,5c:62:8b:66:67:d2"
1791491936.489,"B,67875,10,b2:db:ca:e6:29:a6,28,1,0,0,-22,S,5c:62:8b:66:67:d2"
1791491936.489,"B,67875,10,5c:62:8b:66:67:d2,0,0,28,1,-54,A,5c:62:8b:66:67:d2"
1791491936.693,"B,67975,10,b2:db:ca:e6:29:a6,56,2,0,0,-22,S,5c:62:8b:66:67:d2"
1791491936.693,"B,67975,10,5c:62:8b:66:67:d2,0,0,56,2,-54,A,5c:62:8b:66:67:d2"
1791491936.693,"B,68075,10,b2:db:ca:e6:29:a6,28,1,0,0,-21,S,5c:62:8b:66:67:d2"
1791491936.693,"B,68075,10,5c:62:8b:66:67:d2,0,0,28,1,0,A,5c:62:8b:66:67:d2"
1791491936.897,"B,68175,10,b2:db:ca:e6:29:a6,56,2,0,0,-22,S,5c:62:8b:66:67:d2"
1791491936.897,"B,68175,10,5c:62:8b:66:67:d2,0,0,56,2,-54,A,5c:62:8b:66:67:d2"
1791491936.897,"B,68275,10,b2:db:ca:e6:29:a6,28,1,0,0,-22,S,5c:62:8b:66:67:d2"
1791491936.897,"B,68275,10,5c:62:8b:66:67:d2,0,0,28,1,-54,A,5c:62:8b:66:67:d2"
1791491937.100,"B,68375,10,b2:db:ca:e6:29:a6,56,2,0,0,-22,S,5c:62:8b:66:67:d2"
1791491937.100,"B,68375,10,5c:62:8b:66:67:d2,0,0,56,2,-54,A,5c:62:8b:66:67:d2"
1791491937.100,"B,68475,10,b2:db:ca:e6:29:a6,28,1,0,0,-21,S,5c:62:8b:66:67:d2"
1791491937.100,"B,68475,10,5c:62:8b:66:67:d2,0,0,28,1,-54,A,5c:62:8b:66:67:d2"
1791491937.305,"B,68575,10,b2:db:ca:e6:29:a6,84,3,0,0,-22,S,5c:62:8b:66:67:d2"
1791491937.305,"B,68575,10,5c:62:8b:66:67:d2,0,0,84,3,-54,A,5c:62:8b:66:67:d2"
1791491937.510,"B,68775,10,b2:db:ca:e6:29:a6,56,2,0,0,-21,S,5c:62:8b:66:67:d2"
1791491937.510,"B,68775,10,5c:62:8b:66:67:d2,0,0,56,2,-54,A,5c:62:8b:66:67:d2"
1791491937.510,"B,68875,10,b2:db:ca:e6:29:a6,28,1,0,0,-22,S,5c:62:8b:66:67:d2"
1791491937.510,"B,68875,10,5c:62:8b:66:67:d2,0,0,28,1,-54,A,5c:62:8b:66:67:d2"
1791491937.715,"B,68975,10,b2:db:ca:e6:29:a6,56,2,0,0,-21,S,5c:62:8b:66:67:d2"
1791491937.715,"B,68975,10,5c:62:8b:66:67:d2,0,0,56,2,-54,A,5c:62:8b:66:67:d2"
1791491937.715,"B,69075,10,b2:db:ca:e6:29:a6,56,2,0,0,-21,S,5c:62:8b:66:67:d2"
1791491937.715,"B,69075,10,5c:62:8b:66:67:d2,0,0,56,2,-54,A,5c:62:8b:66:67:d2"
1791491937.920,"B,69175,10,b2:db:ca:e6:29:a6,56,2,0,0,-21,S,5c:62:8b:66:67:d2"
1791491937.920,"B,69175,10,5c:62:8b:66:67:d2,0,0,56,2,-54,A,5c:62:8b:66:67:d2"
1791491937.920,"B,69275,10,b2:db:ca:e6:29:a6,56,2,0,0,-22,S,5c:62:8b:66:67:d2"
1791491937.920,"B,69275,10,5c:62:8b:66:67:d2,0,0,56,2,-54,A,5c:62:8b:66:67:d2"
1791491938.121,"B,69375,10,b2:db:ca:e6:29:a6,56,2,0,0,-22,S,5c:62:8b:66:67:d2"
1791491938.121,"B,69375,10,5c:62:8b:66:67:d2,0,0,56,2,-54,A,5c:62:8b:66:67:d2"
1791491938.121,"B,69475,10,b2:db:ca:e6:29:a6,84,3,0,0,-22,S,5c:62:8b:66:67:d2"
1791491938.121,"B,69475,10,5c:62:8b:66:67:d2,0,0,84,3,-54,A,5c:62:8b:66:67:d2"
1791491938.324,"B,69575,10,b2:db:ca:e6:29:a6,28,1,0,0,-22,S,5c:62:8b:66:67:d2"
1791491938.324,"B,69575,10,5c:62:8b:66:67:d2,0,0,28,1,-54,A,5c:62:8b:66:67:d2"
1791491938.324,"B,69675,10,b2:db:ca:e6:29:a6,28,1,0,0,-22,S,5c:62:8b:66:67:d2"
1791491938.324,"B,69675,10,5c:62:8b:66:67:d2,0,0,28,1,-54,A,5c:62:8b:66:67:d2"
1791491938.528,"B,69775,10,78:8c:b5:f5:e7:26,2205,7,0,0,-76,A,78:8c:b5:f5:e7:26"
1791491938.528,"B,69875,10,78:8c:b5:f5:e7:26,389,1,0,0,-75,A,78:8c:b5:f5:e7:26"
1791491938.734,"B,69975,10,78:8c:b5:f5:e7:26,258,2,0,0,-75,A,78:8c:b5:f5:e7:26"
1791491938.734,"I,70104,stat,rx=3533,drops=0,ch=10,bin=100,hop=0,heap=203064"
1791491938.939,"B,70275,10,b2:db:ca:e6:29:a6,56,2,0,0,-21,S,5c:62:8b:66:67:d2"
1791491938.939,"B,70275,10,5c:62:8b:66:67:d2,0,0,56,2,-53,A,5c:62:8b:66:67:d2"
1791491938.939,"B,70275,10,78:8c:b5:f5:e7:26,128,1,90,3,-78,A,78:8c:b5:f5:e7:26"
1791491938.939,"B,70275,10,a6:4c:bd:b6:c7:99,90,3,0,0,-82,S,78:8c:b5:f5:e7:26"
1791491939.144,"B,70375,10,b2:db:ca:e6:29:a6,28,1,0,0,-24,S,5c:62:8b:66:67:d2"
1791491939.144,"B,70375,10,5c:62:8b:66:67:d2,0,0,28,1,-54,A,5c:62:8b:66:67:d2"
1791491939.144,"B,70375,10,78:8c:b5:f5:e7:26,0,0,30,1,-84,A,78:8c:b5:f5:e7:26"
1791491939.144,"B,70375,10,a6:4c:bd:b6:c7:99,30,1,0,0,-81,S,78:8c:b5:f5:e7:26"
1791491939.144,"B,70475,10,b2:db:ca:e6:29:a6,56,2,0,0,-22,S,5c:62:8b:66:67:d2"
1791491939.144,"B,70475,10,5c:62:8b:66:67:d2,0,0,56,2,-53,A,5c:62:8b:66:67:d2"
1791491939.347,"B,70575,10,b2:db:ca:e6:29:a6,28,1,0,0,-22,S,5c:62:8b:66:67:d2"
1791491939.347,"B,70575,10,5c:62:8b:66:67:d2,0,0,28,1,-53,A,5c:62:8b:66:67:d2"
1791491939.347,"B,70575,10,78:8c:b5:f5:e7:26,92,1,0,0,-80,A,78:8c:b5:f5:e7:26"
1791491939.347,"B,70675,10,b2:db:ca:e6:29:a6,84,3,0,0,-23,S,5c:62:8b:66:67:d2"
1791491939.347,"B,70675,10,5c:62:8b:66:67:d2,0,0,84,3,-54,A,5c:62:8b:66:67:d2"
1791491939.549,"B,70775,10,78:8c:b5:f5:e7:26,409,1,0,0,-79,A,78:8c:b5:f5:e7:26"
1791491939.549,"B,70875,10,b2:db:ca:e6:29:a6,56,2,0,0,-21,S,5c:62:8b:66:67:d2"
1791491939.549,"B,70875,10,5c:62:8b:66:67:d2,0,0,56,2,-53,A,5c:62:8b:66:67:d2"
1791491939.549,"B,70875,10,78:8c:b5:f5:e7:26,778,2,0,0,-76,A,78:8c:b5:f5:e7:26"
1791491939.749,"B,70975,10,b2:db:ca:e6:29:a6,56,2,0,0,-22,S,5c:62:8b:66:67:d2"
1791491939.749,"B,70975,10,5c:62:8b:66:67:d2,0,0,56,2,-53,A,5c:62:8b:66:67:d2"
1791491939.749,"B,71075,10,b2:db:ca:e6:29:a6,56,2,0,0,-22,S,5c:62:8b:66:67:d2"
1791491939.749,"B,71075,10,5c:62:8b:66:67:d2,0,0,56,2,-54,A,5c:62:8b:66:67:d2"
1791491939.749,"B,71075,10,78:8c:b5:f5:e7:26,258,2,0,0,-78,A,78:8c:b5:f5:e7:26"
1791491939.749,"B,71175,10,b2:db:ca:e6:29:a6,56,2,0,0,-21,S,5c:62:8b:66:67:d2"
1791491939.749,"B,71175,10,5c:62:8b:66:67:d2,0,0,56,2,-54,A,5c:62:8b:66:67:d2"
1791491939.950,"B,71275,10,b2:db:ca:e6:29:a6,56,2,0,0,-24,S,5c:62:8b:66:67:d2"
1791491939.950,"B,71275,10,5c:62:8b:66:67:d2,0,0,56,2,-55,A,5c:62:8b:66:67:d2"
1791491940.151,"B,71375,10,b2:db:ca:e6:29:a6,28,1,0,0,-22,S,5c:62:8b:66:67:d2"
1791491940.151,"B,71375,10,5c:62:8b:66:67:d2,0,0,28,1,-54,A,5c:62:8b:66:67:d2"
1791491940.151,"B,71475,10,b2:db:ca:e6:29:a6,28,1,0,0,-22,S,5c:62:8b:66:67:d2"
1791491940.151,"B,71475,10,5c:62:8b:66:67:d2,0,0,28,1,-54,A,5c:62:8b:66:67:d2"
1791491940.151,"M,71573,slot,10,1"
1791491940.151,"B,71575,10,b2:db:ca:e6:29:a6,56,2,0,0,-24,S,5c:62:8b:66:67:d2"
1791491940.151,"B,71575,10,5c:62:8b:66:67:d2,0,0,56,2,-54,A,5c:62:8b:66:67:d2"
1791491940.352,"B,71675,10,b2:db:ca:e6:29:a6,56,2,0,0,-22,S,5c:62:8b:66:67:d2"
1791491940.352,"B,71675,10,5c:62:8b:66:67:d2,0,0,56,2,-54,A,5c:62:8b:66:67:d2"
1791491940.352,"B,71775,10,b2:db:ca:e6:29:a6,56,2,0,0,-22,S,5c:62:8b:66:67:d2"
1791491940.352,"B,71775,10,5c:62:8b:66:67:d2,0,0,56,2,-53,A,5c:62:8b:66:67:d2"
1791491940.552,"B,71875,10,b2:db:ca:e6:29:a6,28,1,0,0,-24,S,5c:62:8b:66:67:d2"
1791491940.552,"B,71875,10,5c:62:8b:66:67:d2,0,0,28,1,-54,A,5c:62:8b:66:67:d2"
1791491940.552,"B,71975,10,b2:db:ca:e6:29:a6,28,1,0,0,-22,S,5c:62:8b:66:67:d2"
1791491940.757,"B,71975,10,5c:62:8b:66:67:d2,0,0,28,1,-54,A,5c:62:8b:66:67:d2"
1791491940.757,"B,71975,10,78:8c:b5:f5:e7:26,258,2,0,0,-77,A,78:8c:b5:f5:e7:26"
1791491940.757,"B,72075,10,80:af:ca:68:4c:f8,1096,2,0,0,-89,A,80:af:ca:68:4c:f8"
1791491940.959,"B,72375,10,80:af:ca:68:4c:f8,2030,4,0,0,-86,A,80:af:ca:68:4c:f8"
1791491942.382,"B,73775,10,78:8c:b5:f5:e7:26,798,2,0,0,-80,A,78:8c:b5:f5:e7:26"
1791491942.586,"B,73975,10,78:8c:b5:f5:e7:26,516,4,0,0,-76,A,78:8c:b5:f5:e7:26"
1791491942.994,"B,74275,10,b2:db:ca:e6:29:a6,56,2,0,0,-21,S,5c:62:8b:66:67:d2"
1791491942.994,"B,74275,10,5c:62:8b:66:67:d2,0,0,56,2,-53,A,5c:62:8b:66:67:d2"
1791491942.994,"B,74375,10,b2:db:ca:e6:29:a6,28,1,0,0,-22,S,5c:62:8b:66:67:d2"
1791491942.994,"B,74375,10,5c:62:8b:66:67:d2,0,0,28,1,-53,A,5c:62:8b:66:67:d2"
1791491943.195,"B,74475,10,b2:db:ca:e6:29:a6,56,2,0,0,-23,S,5c:62:8b:66:67:d2"
1791491943.195,"B,74475,10,5c:62:8b:66:67:d2,0,0,56,2,-54,A,5c:62:8b:66:67:d2"
1791491943.195,"B,74575,10,b2:db:ca:e6:29:a6,56,2,0,0,-22,S,5c:62:8b:66:67:d2"
1791491943.195,"B,74575,10,5c:62:8b:66:67:d2,0,0,56,2,-54,A,5c:62:8b:66:67:d2"
1791491943.401,"B,74675,10,b2:db:ca:e6:29:a6,56,2,0,0,-22,S,5c:62:8b:66:67:d2"
1791491943.401,"B,74675,10,5c:62:8b:66:67:d2,0,0,56,2,-54,A,5c:62:8b:66:67:d2"
1791491943.401,"B,74775,10,b2:db:ca:e6:29:a6,28,1,0,0,-22,S,5c:62:8b:66:67:d2"
1791491943.401,"B,74775,10,5c:62:8b:66:67:d2,0,0,28,1,-54,A,5c:62:8b:66:67:d2"
1791491943.606,"B,74875,10,b2:db:ca:e6:29:a6,112,4,0,0,-22,S,5c:62:8b:66:67:d2"
1791491943.606,"B,74875,10,5c:62:8b:66:67:d2,0,0,112,4,-54,A,5c:62:8b:66:67:d2"
1791491943.606,"B,74975,10,b2:db:ca:e6:29:a6,112,4,0,0,-21,S,5c:62:8b:66:67:d2"
1791491943.606,"B,74975,10,5c:62:8b:66:67:d2,0,0,112,4,-54,A,5c:62:8b:66:67:d2"
1791491943.810,"B,75075,10,b2:db:ca:e6:29:a6,56,2,0,0,-22,S,5c:62:8b:66:67:d2"
1791491943.810,"B,75075,10,5c:62:8b:66:67:d2,0,0,56,2,-54,A,5c:62:8b:66:67:d2"
1791491943.810,"I,75107,stat,rx=3778,drops=0,ch=10,bin=100,hop=0,heap=203064"
1791491943.810,"B,75175,10,b2:db:ca:e6:29:a6,28,1,0,0,-22,S,5c:62:8b:66:67:d2"
1791491943.810,"B,75175,10,5c:62:8b:66:67:d2,0,0,28,1,-53,A,5c:62:8b:66:67:d2"
1791491944.015,"B,75275,10,b2:db:ca:e6:29:a6,28,1,0,0,-22,S,5c:62:8b:66:67:d2"
1791491944.015,"B,75275,10,5c:62:8b:66:67:d2,0,0,28,1,-53,A,5c:62:8b:66:67:d2"
1791491944.015,"B,75375,10,b2:db:ca:e6:29:a6,56,2,0,0,-23,S,5c:62:8b:66:67:d2"
1791491944.015,"B,75375,10,5c:62:8b:66:67:d2,0,0,56,2,-53,A,5c:62:8b:66:67:d2"
1791491944.217,"B,75475,10,b2:db:ca:e6:29:a6,28,1,0,0,-22,S,5c:62:8b:66:67:d2"
1791491944.217,"B,75475,10,5c:62:8b:66:67:d2,82,1,84,3,-53,A,5c:62:8b:66:67:d2"
1791491944.217,"B,75475,10,72:3b:01:24:b7:c8,56,2,82,1,-43,S,5c:62:8b:66:67:d2"
1791491944.421,"B,75675,10,78:8c:b5:f5:e7:26,80,1,0,0,-79,A,78:8c:b5:f5:e7:26"
1791491944.627,"B,75975,10,78:8c:b5:f5:e7:26,258,2,0,0,-77,A,78:8c:b5:f5:e7:26"
1791491945.234,"B,76475,10,80:af:ca:68:4c:f8,164,2,0,0,-86,A,80:af:ca:68:4c:f8"
1791491945.234,"B,76475,10,52:4b:9a:a2:db:8e,0,0,164,2,0,S,80:af:ca:68:4c:f8"
1791491945.234,"B,76575,10,5c:62:8b:66:67:d2,0,0,94,1,-54,A,5c:62:8b:66:67:d2"
1791491945.234,"B,76575,10,46:88:44:6e:4f:e4,94,1,0,0,-30,S,5c:62:8b:66:67:d2"
1791491945.234,"M,76649,slot,11,0"
1791491946.664,"B,77975,10,b2:db:ca:e6:29:a6,28,1,0,0,-23,S,5c:62:8b:66:67:d2"
1791491946.664,"B,77975,10,5c:62:8b:66:67:d2,0,0,28,1,-53,A,5c:62:8b:66:67:d2"
1791491946.664,"B,77975,10,78:8c:b5:f5:e7:26,139,1,0,0,-80,A,78:8c:b5:f5:e7:26"
1791491946.664,"B,78075,10,b2:db:ca:e6:29:a6,56,2,0,0,-23,S,5c:62:8b:66:67:d2"
1791491946.664,"B,78075,10,5c:62:8b:66:67:d2,0,0,56,2,-54,A,5c:62:8b:66:67:d2"
1791491946.868,"B,78175,10,b2:db:ca:e6:29:a6,56,2,0,0,-21,S,5c:62:8b:66:67:d2"
1791491946.868,"B,78175,10,5c:62:8b:66:67:d2,0,0,56,2,-54,A,5c:62:8b:66:67:d2"
1791491946.868,"B,78275,10,b2:db:ca:e6:29:a6,56,2,0,0,-22,S,5c:62:8b:66:67:d2"
1791491946.868,"B,78275,10,5c:62:8b:66:67:d2,0,0,56,2,-54,A,5c:62:8b:66:67:d2"
1791491947.074,"B,78375,10,b2:db:ca:e6:29:a6,56,2,0,0,-23,S,5c:62:8b:66:67:d2"
1791491947.074,"B,78375,10,5c:62:8b:66:67:d2,0,0,56,2,-53,A,5c:62:8b:66:67:d2"
1791491947.278,"B,78575,10,b2:db:ca:e6:29:a6,28,1,0,0,-21,S,5c:62:8b:66:67:d2"
1791491947.278,"B,78575,10,5c:62:8b:66:67:d2,0,0,28,1,-53,A,5c:62:8b:66:67:d2"
1791491947.278,"B,78575,10,80:af:ca:68:4c:f8,104,1,0,0,-85,A,80:af:ca:68:4c:f8"
1791491947.481,"B,78775,10,b2:db:ca:e6:29:a6,28,1,0,0,-22,S,5c:62:8b:66:67:d2"
1791491947.481,"B,78775,10,5c:62:8b:66:67:d2,0,0,28,1,-53,A,5c:62:8b:66:67:d2"
1791491947.481,"B,78875,10,b2:db:ca:e6:29:a6,56,2,0,0,-22,S,5c:62:8b:66:67:d2"
1791491947.481,"B,78875,10,5c:62:8b:66:67:d2,0,0,56,2,-55,A,5c:62:8b:66:67:d2"
1791491947.686,"B,78975,10,b2:db:ca:e6:29:a6,56,2,0,0,-23,S,5c:62:8b:66:67:d2"
1791491947.686,"B,78975,10,5c:62:8b:66:67:d2,0,0,56,2,-54,A,5c:62:8b:66:67:d2"
1791491947.686,"B,79075,10,b2:db:ca:e6:29:a6,56,2,0,0,-22,S,5c:62:8b:66:67:d2"
1791491947.686,"B,79075,10,5c:62:8b:66:67:d2,0,0,56,2,-54,A,5c:62:8b:66:67:d2"
1791491947.891,"B,79175,10,b2:db:ca:e6:29:a6,56,2,0,0,-22,S,5c:62:8b:66:67:d2"
1791491947.891,"B,79175,10,5c:62:8b:66:67:d2,0,0,56,2,-54,A,5c:62:8b:66:67:d2"
1791491947.891,"B,79275,10,b2:db:ca:e6:29:a6,56,2,0,0,-21,S,5c:62:8b:66:67:d2"
1791491947.891,"B,79275,10,5c:62:8b:66:67:d2,0,0,56,2,-54,A,5c:62:8b:66:67:d2"
1791491948.092,"B,79375,10,b2:db:ca:e6:29:a6,28,1,0,0,-20,S,5c:62:8b:66:67:d2"
1791491948.092,"B,79375,10,5c:62:8b:66:67:d2,0,0,28,1,-54,A,5c:62:8b:66:67:d2"
1791491948.092,"B,79475,10,b2:db:ca:e6:29:a6,28,1,0,0,-22,S,5c:62:8b:66:67:d2"
1791491948.092,"B,79475,10,5c:62:8b:66:67:d2,0,0,28,1,-54,A,5c:62:8b:66:67:d2"
1791491948.297,"B,79575,10,b2:db:ca:e6:29:a6,56,2,0,0,-21,S,5c:62:8b:66:67:d2"
1791491948.297,"B,79575,10,5c:62:8b:66:67:d2,0,0,56,2,-53,A,5c:62:8b:66:67:d2"
1791491948.297,"B,79675,10,b2:db:ca:e6:29:a6,28,1,0,0,-22,S,5c:62:8b:66:67:d2"
1791491948.297,"B,79675,10,5c:62:8b:66:67:d2,0,0,28,1,-53,A,5c:62:8b:66:67:d2"
1791491948.297,"B,79675,10,78:8c:b5:f5:e7:26,80,1,0,0,-80,A,78:8c:b5:f5:e7:26"
1791491948.704,"B,80075,10,b2:db:ca:e6:29:a6,112,4,0,0,-21,S,5c:62:8b:66:67:d2"
1791491948.704,"B,80075,10,5c:62:8b:66:67:d2,0,0,112,4,-53,A,5c:62:8b:66:67:d2"
1791491948.704,"B,80075,10,78:8c:b5:f5:e7:26,258,2,0,0,-77,A,78:8c:b5:f5:e7:26"
1791491948.704,"I,80111,stat,rx=4001,drops=0,ch=10,bin=100,hop=0,heap=203064"
1791491948.909,"B,80175,10,b2:db:ca:e6:29:a6,28,1,0,0,-23,S,5c:62:8b:66:67:d2"
1791491948.909,"B,80175,10,5c:62:8b:66:67:d2,0,0,28,1,-53,A,5c:62:8b:66:67:d2"
1791491948.909,"B,80275,10,b2:db:ca:e6:29:a6,56,2,0,0,-21,S,5c:62:8b:66:67:d2"
1791491948.909,"B,80275,10,5c:62:8b:66:67:d2,0,0,56,2,-54,A,5c:62:8b:66:67:d2"
1791491949.110,"B,80375,10,b2:db:ca:e6:29:a6,28,1,0,0,-22,S,5c:62:8b:66:67:d2"
1791491949.110,"B,80375,10,5c:62:8b:66:67:d2,0,0,28,1,-54,A,5c:62:8b:66:67:d2"
1791491949.110,"B,80475,10,b2:db:ca:e6:29:a6,28,1,0,0,-22,S,5c:62:8b:66:67:d2"
1791491949.110,"B,80475,10,5c:62:8b:66:67:d2,0,0,28,1,-53,A,5c:62:8b:66:67:d2"
1791491949.315,"B,80575,10,b2:db:ca:e6:29:a6,28,1,0,0,-21,S,5c:62:8b:66:67:d2"
1791491949.315,"B,80575,10,5c:62:8b:66:67:d2,0,0,28,1,-53,A,5c:62:8b:66:67:d2"
1791491950.332,"B,81575,10,b2:db:ca:e6:29:a6,28,1,0,0,-24,S,5c:62:8b:66:67:d2"
1791491950.332,"B,81575,10,5c:62:8b:66:67:d2,0,0,28,1,-53,A,5c:62:8b:66:67:d2"
1791491950.332,"B,81575,10,80:af:ca:68:4c:f8,80,1,0,0,-87,A,80:af:ca:68:4c:f8"
1791491950.332,"B,81675,10,b2:db:ca:e6:29:a6,112,4,0,0,-22,S,5c:62:8b:66:67:d2"
1791491950.332,"B,81675,10,5c:62:8b:66:67:d2,0,0,112,4,-53,A,5c:62:8b:66:67:d2"
1791491950.332,"B,81675,10,78:8c:b5:f5:e7:26,80,1,0,0,-80,A,78:8c:b5:f5:e7:26"
1791491950.332,"M,81732,end"
1791491950.537,"B,81775,10,b2:db:ca:e6:29:a6,28,1,0,0,-22,S,5c:62:8b:66:67:d2"
1791491950.537,"B,81775,10,5c:62:8b:66:67:d2,0,0,28,1,-54,A,5c:62:8b:66:67:d2"
1791491950.741,"B,81975,10,b2:db:ca:e6:29:a6,28,1,0,0,-24,S,5c:62:8b:66:67:d2"
1791491950.741,"B,81975,10,5c:62:8b:66:67:d2,0,0,28,1,-54,A,5c:62:8b:66:67:d2"
1791491950.741,"B,81975,10,78:8c:b5:f5:e7:26,258,2,0,0,-76,A,78:8c:b5:f5:e7:26"
1791491950.741,"B,82075,10,b2:db:ca:e6:29:a6,140,5,0,0,-21,S,5c:62:8b:66:67:d2"
1791491950.741,"B,82075,10,5c:62:8b:66:67:d2,0,0,140,5,-54,A,5c:62:8b:66:67:d2"
1791491950.946,"B,82175,10,b2:db:ca:e6:29:a6,56,2,0,0,-22,S,5c:62:8b:66:67:d2"
1791491950.946,"B,82175,10,5c:62:8b:66:67:d2,0,0,56,2,-54,A,5c:62:8b:66:67:d2"
1791491950.946,"B,82275,10,b2:db:ca:e6:29:a6,28,1,0,0,-22,S,5c:62:8b:66:67:d2"
1791491950.946,"B,82275,10,5c:62:8b:66:67:d2,0,0,28,1,-54,A,5c:62:8b:66:67:d2"
1791491951.146,"B,82375,10,b2:db:ca:e6:29:a6,56,2,0,0,-22,S,5c:62:8b:66:67:d2"
1791491951.146,"B,82375,10,5c:62:8b:66:67:d2,0,0,56,2,-54,A,5c:62:8b:66:67:d2"
1791491951.146,"B,82475,10,b2:db:ca:e6:29:a6,56,2,0,0,-21,S,5c:62:8b:66:67:d2"
1791491951.146,"B,82475,10,5c:62:8b:66:67:d2,0,0,84,3,-54,A,5c:62:8b:66:67:d2"
1791491951.146,"B,82475,10,72:3b:01:24:b7:c8,28,1,0,0,-40,S,5c:62:8b:66:67:d2"
1791491951.346,"B,82575,10,b2:db:ca:e6:29:a6,56,2,0,0,-22,S,5c:62:8b:66:67:d2"
1791491951.346,"B,82575,10,5c:62:8b:66:67:d2,0,0,56,2,-54,A,5c:62:8b:66:67:d2"
1791491951.346,"B,82575,10,78:8c:b5:f5:e7:26,160,2,0,0,-78,A,78:8c:b5:f5:e7:26"
1791491951.346,"B,82675,10,b2:db:ca:e6:29:a6,56,2,0,0,-21,S,5c:62:8b:66:67:d2"
1791491951.346,"B,82675,10,5c:62:8b:66:67:d2,0,0,56,2,-53,A,5c:62:8b:66:67:d2"
