host_time_s,line
1791506110.847,"I,75,boot,spyscan-e2-sniffer,v0.1,transport=usb-serial-jtag"
1791506110.847,"A,91,1,c2:a5:dd:1b:60:3b,-62,MERCURY_603B"
1791506110.847,"A,178,1,c4:16:88:9a:06:5c,-88,Marine_Horse"
1791506110.847,"A,184,1,44:df:65:f4:66:07,-85,logovo_SKUFov"
1791506111.047,"A,261,1,e0:bb:0c:05:3a:69,-88,528"
1791506111.047,"A,300,1,00:eb:d8:38:aa:a8,-88,1511"
1791506111.047,"A,317,1,52:ff:20:fe:c2:b2,-91,"
1791506111.047,"I,331,reset"
1791506111.047,"I,332,bin,100"
1791506111.047,"I,332,channel,10"
1791506111.047,"A,352,10,78:8c:b5:f5:e7:26,-77,ITMO"
1791506111.047,"B,375,10,5c:62:8b:66:67:d2,440,4,7420,7,-44,A,5c:62:8b:66:67:d2,0,4,0,0"
1791506111.047,"B,375,10,cc:b8:5e:ad:5c:4a,7420,7,440,4,-47,S,5c:62:8b:66:67:d2,1,0,3,3"
1791506111.047,"A,403,10,5c:62:8b:66:67:d2,-49,TP-Link_67D2"
1791506111.047,"A,431,10,cc:d8:43:ca:9f:eb,-77,Xiaomi_DF62"
1791506111.047,"A,435,10,b0:a7:b9:23:82:ee,-89,________ __ ________"
1791506111.247,"B,475,10,5c:62:8b:66:67:d2,550,5,12036,14,-45,A,5c:62:8b:66:67:d2,0,5,0,0"
1791506111.247,"B,475,10,cc:b8:5e:ad:5c:4a,11952,11,550,5,-47,S,5c:62:8b:66:67:d2,1,1,1,8"
1791506111.247,"B,475,10,72:3b:01:24:b7:c8,84,3,0,0,-40,S,5c:62:8b:66:67:d2,3,0,0,0"
1791506111.247,"B,575,10,5c:62:8b:66:67:d2,660,6,15308,12,-45,A,5c:62:8b:66:67:d2,0,6,0,0"
1791506111.247,"B,575,10,cc:b8:5e:ad:5c:4a,15308,12,660,6,-47,S,5c:62:8b:66:67:d2,0,0,0,12"
1791506111.453,"M,637,baseline"
1791506111.453,"B,675,10,5c:62:8b:66:67:d2,330,3,7778,16,-45,A,5c:62:8b:66:67:d2,0,3,0,0"
1791506111.453,"B,675,10,cc:b8:5e:ad:5c:4a,7666,12,330,3,-46,S,5c:62:8b:66:67:d2,5,1,2,4"
1791506111.453,"B,675,10,72:3b:01:24:b7:c8,112,4,0,0,-39,S,5c:62:8b:66:67:d2,4,0,0,0"
1791506111.453,"B,775,10,5c:62:8b:66:67:d2,220,2,6550,10,-45,A,5c:62:8b:66:67:d2,0,2,0,0"
1791506111.453,"B,775,10,cc:b8:5e:ad:5c:4a,6438,6,220,2,-45,S,5c:62:8b:66:67:d2,1,0,0,5"
1791506111.453,"B,775,10,72:3b:01:24:b7:c8,112,4,0,0,-38,S,5c:62:8b:66:67:d2,4,0,0,0"
1791506111.657,"B,875,10,5c:62:8b:66:67:d2,330,3,24812,28,-45,A,5c:62:8b:66:67:d2,0,3,0,0"
1791506111.657,"B,875,10,cc:b8:5e:ad:5c:4a,24616,21,330,3,-46,S,5c:62:8b:66:67:d2,1,0,5,15"
1791506111.657,"B,875,10,72:3b:01:24:b7:c8,140,5,0,0,-39,S,5c:62:8b:66:67:d2,5,0,0,0"
1791506111.657,"B,875,10,b0:a7:b9:23:82:ee,0,0,30,1,-89,A,b0:a7:b9:23:82:ee,0,0,0,0"
1791506111.657,"B,875,10,b2:db:ca:e6:29:a6,56,2,0,0,-43,S,5c:62:8b:66:67:d2,2,0,0,0"
1791506111.657,"B,875,10,f2:51:4e:f8:1a:7f,30,1,0,0,-92,S,b0:a7:b9:23:82:ee,1,0,0,0"
1791506111.657,"B,975,10,5c:62:8b:66:67:d2,770,7,7012,7,-45,A,5c:62:8b:66:67:d2,0,7,0,0"
1791506111.657,"B,975,10,cc:b8:5e:ad:5c:4a,6984,6,770,7,-47,S,5c:62:8b:66:67:d2,0,1,0,5"
1791506111.657,"B,975,10,b2:db:ca:e6:29:a6,28,1,0,0,-44,S,5c:62:8b:66:67:d2,1,0,0,0"
1791506111.862,"B,1075,10,5c:62:8b:66:67:d2,0,0,32442,39,-47,A,5c:62:8b:66:67:d2,0,0,0,0"
1791506111.862,"B,1075,10,cc:b8:5e:ad:5c:4a,32162,29,0,0,-44,S,5c:62:8b:66:67:d2,4,0,0,25"
1791506111.862,"B,1075,10,72:3b:01:24:b7:c8,224,8,0,0,-40,S,5c:62:8b:66:67:d2,8,0,0,0"
1791506111.862,"B,1075,10,b0:a7:b9:23:82:ee,0,0,30,1,-89,A,b0:a7:b9:23:82:ee,0,0,0,0"
1791506111.862,"B,1075,10,b2:db:ca:e6:29:a6,56,2,0,0,-43,S,5c:62:8b:66:67:d2,2,0,0,0"
1791506111.862,"B,1075,10,f2:51:4e:f8:1a:7f,30,1,0,0,-91,S,b0:a7:b9:23:82:ee,1,0,0,0"
1791506111.862,"B,1175,10,5c:62:8b:66:67:d2,880,8,12102,14,-45,A,5c:62:8b:66:67:d2,0,8,0,0"
1791506111.862,"B,1175,10,cc:b8:5e:ad:5c:4a,12046,12,880,8,-46,S,5c:62:8b:66:67:d2,1,2,1,8"
1791506111.862,"B,1175,10,b2:db:ca:e6:29:a6,56,2,0,0,-45,S,5c:62:8b:66:67:d2,2,0,0,0"
1791506112.063,"B,1275,10,5c:62:8b:66:67:d2,550,5,11958,14,-45,A,5c:62:8b:66:67:d2,0,5,0,0"
1791506112.063,"B,1275,10,cc:b8:5e:ad:5c:4a,11792,11,550,5,-46,S,5c:62:8b:66:67:d2,1,1,0,9"
1791506112.063,"B,1275,10,72:3b:01:24:b7:c8,110,1,0,0,-43,S,5c:62:8b:66:67:d2,0,1,0,0"
1791506112.063,"B,1275,10,b2:db:ca:e6:29:a6,56,2,0,0,-44,S,5c:62:8b:66:67:d2,2,0,0,0"
1791506112.063,"B,1375,10,5c:62:8b:66:67:d2,0,0,26398,28,-47,A,5c:62:8b:66:67:d2,0,0,0,0"
1791506112.063,"B,1375,10,cc:b8:5e:ad:5c:4a,26202,21,0,0,-46,S,5c:62:8b:66:67:d2,0,0,4,17"
1791506112.063,"B,1375,10,72:3b:01:24:b7:c8,112,4,0,0,-39,S,5c:62:8b:66:67:d2,4,0,0,0"
1791506112.063,"B,1375,10,b2:db:ca:e6:29:a6,84,3,0,0,-42,S,5c:62:8b:66:67:d2,3,0,0,0"
1791506112.268,"B,1475,10,5c:62:8b:66:67:d2,770,7,31614,31,-45,A,5c:62:8b:66:67:d2,0,7,0,0"
1791506112.268,"B,1475,10,cc:b8:5e:ad:5c:4a,31474,26,770,7,-47,S,5c:62:8b:66:67:d2,1,1,0,24"
1791506112.268,"B,1475,10,72:3b:01:24:b7:c8,112,4,0,0,-39,S,5c:62:8b:66:67:d2,4,0,0,0"
1791506112.268,"B,1475,10,b2:db:ca:e6:29:a6,28,1,0,0,-44,S,5c:62:8b:66:67:d2,1,0,0,0"
1791506112.268,"B,1575,10,5c:62:8b:66:67:d2,990,9,40460,35,-45,A,5c:62:8b:66:67:d2,0,9,0,0"
1791506112.268,"B,1575,10,cc:b8:5e:ad:5c:4a,40404,33,990,9,-46,S,5c:62:8b:66:67:d2,1,0,2,30"
1791506112.268,"B,1575,10,b2:db:ca:e6:29:a6,56,2,0,0,-43,S,5c:62:8b:66:67:d2,2,0,0,0"
1791506112.470,"B,1675,10,5c:62:8b:66:67:d2,0,0,5862,12,-48,A,5c:62:8b:66:67:d2,0,0,0,0"
1791506112.470,"B,1675,10,cc:b8:5e:ad:5c:4a,5694,6,0,0,-47,S,5c:62:8b:66:67:d2,1,1,0,4"
1791506112.470,"B,1675,10,72:3b:01:24:b7:c8,112,4,0,0,-37,S,5c:62:8b:66:67:d2,4,0,0,0"
1791506112.470,"B,1675,10,b2:db:ca:e6:29:a6,56,2,0,0,-43,S,5c:62:8b:66:67:d2,2,0,0,0"
1791506112.470,"B,1775,10,5c:62:8b:66:67:d2,770,7,23668,23,-45,A,5c:62:8b:66:67:d2,0,7,0,0"
1791506112.470,"B,1775,10,cc:b8:5e:ad:5c:4a,23584,20,770,7,-46,S,5c:62:8b:66:67:d2,0,2,0,18"
1791506112.470,"B,1775,10,72:3b:01:24:b7:c8,28,1,0,0,-45,S,5c:62:8b:66:67:d2,1,0,0,0"
1791506112.470,"B,1775,10,b2:db:ca:e6:29:a6,56,2,0,0,-43,S,5c:62:8b:66:67:d2,2,0,0,0"
1791506112.470,"A,1827,10,80:af:ca:68:4c:f8,-88,Cudy-4CF8"
1791506112.674,"B,1875,10,5c:62:8b:66:67:d2,660,6,18750,16,-45,A,5c:62:8b:66:67:d2,0,6,0,0"
1791506112.674,"B,1875,10,cc:b8:5e:ad:5c:4a,18750,16,660,6,-46,S,5c:62:8b:66:67:d2,1,0,1,14"
1791506112.674,"B,1975,10,5c:62:8b:66:67:d2,220,2,5978,17,-45,A,5c:62:8b:66:67:d2,0,2,0,0"
1791506112.674,"B,1975,10,cc:b8:5e:ad:5c:4a,5670,6,220,2,-46,S,5c:62:8b:66:67:d2,1,1,0,4"
1791506112.674,"B,1975,10,72:3b:01:24:b7:c8,224,8,0,0,-38,S,5c:62:8b:66:67:d2,8,0,0,0"
1791506112.674,"B,1975,10,b2:db:ca:e6:29:a6,84,3,0,0,-43,S,5c:62:8b:66:67:d2,3,0,0,0"
1791506112.878,"B,2075,10,5c:62:8b:66:67:d2,440,4,15460,20,-45,A,5c:62:8b:66:67:d2,0,4,0,0"
1791506112.878,"B,2075,10,cc:b8:5e:ad:5c:4a,15264,13,440,4,-46,S,5c:62:8b:66:67:d2,1,0,1,11"
1791506112.878,"B,2075,10,72:3b:01:24:b7:c8,140,5,0,0,-36,S,5c:62:8b:66:67:d2,5,0,0,0"
1791506112.878,"B,2075,10,b2:db:ca:e6:29:a6,56,2,0,0,-42,S,5c:62:8b:66:67:d2,2,0,0,0"
1791506112.878,"B,2175,10,5c:62:8b:66:67:d2,0,0,56,2,-48,A,5c:62:8b:66:67:d2,0,0,0,0"
1791506112.878,"B,2175,10,b2:db:ca:e6:29:a6,56,2,0,0,-42,S,5c:62:8b:66:67:d2,2,0,0,0"
1791506113.083,"B,2275,10,5c:62:8b:66:67:d2,0,0,197,4,-48,A,5c:62:8b:66:67:d2,0,0,0,0"
1791506113.083,"B,2275,10,cc:b8:5e:ad:5c:4a,141,2,0,0,-46,S,5c:62:8b:66:67:d2,1,1,0,0"
1791506113.083,"B,2275,10,b0:a7:b9:23:82:ee,0,0,30,1,-89,A,b0:a7:b9:23:82:ee,0,0,0,0"
1791506113.083,"B,2275,10,b2:db:ca:e6:29:a6,56,2,0,0,-43,S,5c:62:8b:66:67:d2,2,0,0,0"
1791506113.083,"B,2275,10,f2:51:4e:f8:1a:7f,30,1,0,0,-90,S,b0:a7:b9:23:82:ee,1,0,0,0"
1791506113.083,"B,2375,10,5c:62:8b:66:67:d2,1100,10,29322,28,-45,A,5c:62:8b:66:67:d2,0,10,0,0"
1791506113.083,"B,2375,10,cc:b8:5e:ad:5c:4a,29266,26,1100,10,-46,S,5c:62:8b:66:67:d2,1,3,1,21"
1791506113.083,"B,2375,10,72:3b:01:24:b7:c8,28,1,0,0,-37,S,5c:62:8b:66:67:d2,1,0,0,0"
1791506113.083,"B,2375,10,b2:db:ca:e6:29:a6,28,1,0,0,-42,S,5c:62:8b:66:67:d2,1,0,0,0"
1791506113.285,"B,2475,10,5c:62:8b:66:67:d2,1649,15,34134,32,-45,A,5c:62:8b:66:67:d2,0,15,0,0"
1791506113.285,"B,2475,10,cc:b8:5e:ad:5c:4a,34106,31,1649,15,-45,S,5c:62:8b:66:67:d2,0,8,0,23"
1791506113.285,"B,2475,10,b2:db:ca:e6:29:a6,28,1,0,0,-42,S,5c:62:8b:66:67:d2,1,0,0,0"
1791506113.285,"B,2575,10,5c:62:8b:66:67:d2,456,4,12840,16,-45,A,5c:62:8b:66:67:d2,0,4,0,0"
1791506113.285,"B,2575,10,cc:b8:5e:ad:5c:4a,12700,11,456,4,-46,S,5c:62:8b:66:67:d2,1,0,1,9"
1791506113.285,"B,2575,10,72:3b:01:24:b7:c8,84,3,0,0,-41,S,5c:62:8b:66:67:d2,3,0,0,0"
1791506113.285,"B,2575,10,b2:db:ca:e6:29:a6,56,2,0,0,-43,S,5c:62:8b:66:67:d2,2,0,0,0"
1791506113.486,"B,2675,10,5c:62:8b:66:67:d2,1320,12,66822,57,-44,A,5c:62:8b:66:67:d2,0,12,0,0"
1791506113.486,"B,2675,10,cc:b8:5e:ad:5c:4a,66766,55,1320,12,-46,S,5c:62:8b:66:67:d2,2,1,0,52"
1791506113.486,"B,2675,10,b2:db:ca:e6:29:a6,56,2,0,0,-42,S,5c:62:8b:66:67:d2,2,0,0,0"
1791506113.486,"A,2729,10,00:eb:d8:11:99:9d,-62,"
1791506113.486,"A,2731,10,02:eb:d8:11:99:9d,-62,"
1791506113.486,"B,2775,10,5c:62:8b:66:67:d2,3630,33,142990,118,-44,A,5c:62:8b:66:67:d2,0,33,0,0"
1791506113.486,"B,2775,10,cc:b8:5e:ad:5c:4a,142934,116,3630,33,-46,S,5c:62:8b:66:67:d2,3,3,0,110"
1791506113.486,"B,2775,10,b2:db:ca:e6:29:a6,56,2,0,0,-42,S,5c:62:8b:66:67:d2,2,0,0,0"
1791506113.687,"B,2875,10,5c:62:8b:66:67:d2,0,0,6802,19,-48,A,5c:62:8b:66:67:d2,0,0,0,0"
1791506113.687,"B,2875,10,cc:b8:5e:ad:5c:4a,6410,5,0,0,-47,S,5c:62:8b:66:67:d2,0,0,0,5"
1791506113.687,"B,2875,10,72:3b:01:24:b7:c8,364,13,0,0,-35,S,5c:62:8b:66:67:d2,13,0,0,0"
1791506113.687,"B,2875,10,b2:db:ca:e6:29:a6,28,1,0,0,-43,S,5c:62:8b:66:67:d2,1,0,0,0"
1791506113.687,"B,2975,10,5c:62:8b:66:67:d2,1176,10,12482,17,-45,A,5c:62:8b:66:67:d2,0,10,0,0"
1791506113.687,"B,2975,10,cc:b8:5e:ad:5c:4a,12454,16,1176,10,-45,S,5c:62:8b:66:67:d2,1,8,1,6"
1791506113.687,"B,2975,10,b2:db:ca:e6:29:a6,28,1,0,0,-42,S,5c:62:8b:66:67:d2,1,0,0,0"
1791506113.888,"B,3075,10,5c:62:8b:66:67:d2,550,5,12466,14,-45,A,5c:62:8b:66:67:d2,0,5,0,0"
1791506113.888,"B,3075,10,cc:b8:5e:ad:5c:4a,12410,12,550,5,-46,S,5c:62:8b:66:67:d2,1,2,0,9"
1791506113.888,"B,3075,10,b2:db:ca:e6:29:a6,56,2,0,0,-43,S,5c:62:8b:66:67:d2,2,0,0,0"
1791506113.888,"B,3175,10,5c:62:8b:66:67:d2,220,2,6394,14,-45,A,5c:62:8b:66:67:d2,0,2,0,0"
1791506113.888,"B,3175,10,cc:b8:5e:ad:5c:4a,6142,5,220,2,-47,S,5c:62:8b:66:67:d2,0,0,1,4"
1791506113.888,"B,3175,10,72:3b:01:24:b7:c8,224,8,0,0,-38,S,5c:62:8b:66:67:d2,8,0,0,0"
1791506113.888,"B,3175,10,b2:db:ca:e6:29:a6,28,1,0,0,-43,S,5c:62:8b:66:67:d2,1,0,0,0"
1791506114.088,"B,3275,10,5c:62:8b:66:67:d2,660,6,12016,13,-45,A,5c:62:8b:66:67:d2,0,6,0,0"
1791506114.088,"B,3275,10,cc:b8:5e:ad:5c:4a,11960,11,660,6,-45,S,5c:62:8b:66:67:d2,1,1,1,8"
1791506114.088,"B,3275,10,b2:db:ca:e6:29:a6,56,2,0,0,-42,S,5c:62:8b:66:67:d2,2,0,0,0"
1791506114.088,"B,3375,10,5c:62:8b:66:67:d2,220,2,5774,13,-46,A,5c:62:8b:66:67:d2,0,2,0,0"
1791506114.088,"B,3375,10,cc:b8:5e:ad:5c:4a,5578,6,220,2,-46,S,5c:62:8b:66:67:d2,1,1,0,4"
1791506114.088,"B,3375,10,72:3b:01:24:b7:c8,140,5,0,0,-37,S,5c:62:8b:66:67:d2,5,0,0,0"
1791506114.088,"B,3375,10,b0:a7:b9:23:82:ee,0,0,30,1,-86,A,b0:a7:b9:23:82:ee,0,0,0,0"
1791506114.088,"B,3375,10,b2:db:ca:e6:29:a6,56,2,0,0,-42,S,5c:62:8b:66:67:d2,2,0,0,0"
1791506114.088,"B,3375,10,f2:51:4e:f8:1a:7f,30,1,0,0,-86,S,b0:a7:b9:23:82:ee,1,0,0,0"
1791506114.088,"B,3475,10,5c:62:8b:66:67:d2,1096,10,27124,32,-44,A,5c:62:8b:66:67:d2,0,10,0,0"
1791506114.289,"B,3475,10,cc:b8:5e:ad:5c:4a,26928,25,1096,10,-46,S,5c:62:8b:66:67:d2,1,3,3,18"
1791506114.289,"B,3475,10,72:3b:01:24:b7:c8,140,5,0,0,-39,S,5c:62:8b:66:67:d2,5,0,0,0"
1791506114.289,"B,3475,10,b0:a7:b9:23:82:ee,0,0,60,2,-87,A,b0:a7:b9:23:82:ee,0,0,0,0"
1791506114.289,"B,3475,10,b2:db:ca:e6:29:a6,56,2,0,0,-44,S,5c:62:8b:66:67:d2,2,0,0,0"
1791506114.289,"B,3475,10,f2:51:4e:f8:1a:7f,60,2,0,0,-85,S,b0:a7:b9:23:82:ee,2,0,0,0"
1791506114.289,"B,3575,10,5c:62:8b:66:67:d2,550,5,13954,18,-45,A,5c:62:8b:66:67:d2,0,5,0,0"
1791506114.289,"B,3575,10,cc:b8:5e:ad:5c:4a,13758,11,550,5,-47,S,5c:62:8b:66:67:d2,0,0,1,10"
1791506114.289,"B,3575,10,72:3b:01:24:b7:c8,112,4,0,0,-36,S,5c:62:8b:66:67:d2,4,0,0,0"
1791506114.289,"B,3575,10,b2:db:ca:e6:29:a6,84,3,0,0,-41,S,5c:62:8b:66:67:d2,3,0,0,0"
1791506114.490,"B,3675,10,5c:62:8b:66:67:d2,440,4,7012,15,-45,A,5c:62:8b:66:67:d2,0,4,0,0"
1791506114.490,"B,3675,10,cc:b8:5e:ad:5c:4a,6844,9,440,4,-47,S,5c:62:8b:66:67:d2,1,3,0,5"
1791506114.490,"B,3675,10,72:3b:01:24:b7:c8,112,4,0,0,-35,S,5c:62:8b:66:67:d2,4,0,0,0"
1791506114.490,"B,3675,10,b2:db:ca:e6:29:a6,56,2,0,0,-42,S,5c:62:8b:66:67:d2,2,0,0,0"
1791506114.490,"B,3775,10,5c:62:8b:66:67:d2,440,4,11474,16,-45,A,5c:62:8b:66:67:d2,0,4,0,0"
1791506114.490,"B,3775,10,cc:b8:5e:ad:5c:4a,11306,10,440,4,-47,S,5c:62:8b:66:67:d2,1,0,1,8"
1791506114.490,"B,3775,10,72:3b:01:24:b7:c8,112,4,0,0,-36,S,5c:62:8b:66:67:d2,4,0,0,0"
1791506114.490,"B,3775,10,b2:db:ca:e6:29:a6,56,2,0,0,-43,S,5c:62:8b:66:67:d2,2,0,0,0"
1791506114.690,"B,3875,10,5c:62:8b:66:67:d2,440,4,9168,11,-45,A,5c:62:8b:66:67:d2,0,4,0,0"
1791506114.690,"B,3875,10,cc:b8:5e:ad:5c:4a,9112,9,440,4,-47,S,5c:62:8b:66:67:d2,1,1,1,6"
1791506114.690,"B,3875,10,b2:db:ca:e6:29:a6,56,2,0,0,-42,S,5c:62:8b:66:67:d2,2,0,0,0"
1791506114.690,"B,3975,10,78:8c:b5:f5:e7:26,80,1,0,0,-76,A,78:8c:b5:f5:e7:26,1,0,0,0"
1791506114.690,"B,3975,10,5c:62:8b:66:67:d2,550,5,11202,15,-45,A,5c:62:8b:66:67:d2,0,5,0,0"
1791506114.690,"B,3975,10,cc:b8:5e:ad:5c:4a,11062,10,550,5,-45,S,5c:62:8b:66:67:d2,1,0,1,8"
1791506114.690,"B,3975,10,72:3b:01:24:b7:c8,112,4,0,0,-36,S,5c:62:8b:66:67:d2,4,0,0,0"
1791506114.690,"B,3975,10,b2:db:ca:e6:29:a6,28,1,0,0,-42,S,5c:62:8b:66:67:d2,1,0,0,0"
1791506114.690,"B,4075,10,5c:62:8b:66:67:d2,770,7,21826,26,-45,A,5c:62:8b:66:67:d2,0,7,0,0"
1791506114.690,"B,4075,10,cc:b8:5e:ad:5c:4a,21602,18,770,7,-46,S,5c:62:8b:66:67:d2,1,0,1,16"
1791506114.890,"B,4075,10,72:3b:01:24:b7:c8,168,6,0,0,-35,S,5c:62:8b:66:67:d2,6,0,0,0"
1791506114.890,"B,4075,10,b2:db:ca:e6:29:a6,56,2,0,0,-42,S,5c:62:8b:66:67:d2,2,0,0,0"
1791506114.890,"B,4175,10,5c:62:8b:66:67:d2,330,3,11956,17,-45,A,5c:62:8b:66:67:d2,0,3,0,0"
1791506114.890,"B,4175,10,cc:b8:5e:ad:5c:4a,11760,10,330,3,-47,S,5c:62:8b:66:67:d2,0,1,0,9"
1791506114.890,"B,4175,10,72:3b:01:24:b7:c8,112,4,0,0,-39,S,5c:62:8b:66:67:d2,4,0,0,0"
1791506114.890,"B,4175,10,b2:db:ca:e6:29:a6,84,3,0,0,-42,S,5c:62:8b:66:67:d2,3,0,0,0"
1791506114.890,"B,4275,10,5c:62:8b:66:67:d2,330,3,12238,13,-45,A,5c:62:8b:66:67:d2,0,3,0,0"
1791506114.890,"B,4275,10,cc:b8:5e:ad:5c:4a,12210,12,330,3,-46,S,5c:62:8b:66:67:d2,1,2,0,9"
1791506114.890,"B,4275,10,b2:db:ca:e6:29:a6,28,1,0,0,-40,S,5c:62:8b:66:67:d2,1,0,0,0"
1791506115.090,"B,4375,10,5c:62:8b:66:67:d2,550,5,7348,11,-45,A,5c:62:8b:66:67:d2,0,5,0,0"
1791506115.090,"B,4375,10,cc:b8:5e:ad:5c:4a,7236,7,550,5,-46,S,5c:62:8b:66:67:d2,1,0,1,5"
1791506115.090,"B,4375,10,72:3b:01:24:b7:c8,112,4,0,0,-37,S,5c:62:8b:66:67:d2,4,0,0,0"
1791506115.090,"B,4475,10,5c:62:8b:66:67:d2,660,6,15570,18,-45,A,5c:62:8b:66:67:d2,0,6,0,0"
1791506115.290,"B,4475,10,cc:b8:5e:ad:5c:4a,15514,16,660,6,-46,S,5c:62:8b:66:67:d2,1,6,0,9"
1791506115.290,"B,4475,10,72:3b:01:24:b7:c8,56,2,0,0,-37,S,5c:62:8b:66:67:d2,2,0,0,0"
1791506115.290,"A,4494,10,82:af:ca:28:4c:f8,-87,"
1791506115.290,"B,4575,10,5c:62:8b:66:67:d2,330,3,6760,8,-45,A,5c:62:8b:66:67:d2,0,3,0,0"
1791506115.290,"B,4575,10,cc:b8:5e:ad:5c:4a,6704,6,330,3,-47,S,5c:62:8b:66:67:d2,0,1,0,5"
1791506115.290,"B,4575,10,b2:db:ca:e6:29:a6,56,2,0,0,-43,S,5c:62:8b:66:67:d2,2,0,0,0"
1791506115.290,"B,4675,10,5c:62:8b:66:67:d2,0,0,6634,13,-47,A,5c:62:8b:66:67:d2,0,0,0,0"
1791506115.290,"B,4675,10,cc:b8:5e:ad:5c:4a,6438,6,0,0,-47,S,5c:62:8b:66:67:d2,1,0,0,5"
1791506115.290,"B,4675,10,72:3b:01:24:b7:c8,168,6,0,0,-39,S,5c:62:8b:66:67:d2,6,0,0,0"
1791506115.490,"B,4675,10,b2:db:ca:e6:29:a6,28,1,0,0,-44,S,5c:62:8b:66:67:d2,1,0,0,0"
1791506115.490,"B,4775,10,5c:62:8b:66:67:d2,1210,11,46006,47,-45,A,5c:62:8b:66:67:d2,0,11,0,0"
1791506115.490,"B,4775,10,cc:b8:5e:ad:5c:4a,45866,42,1210,11,-46,S,5c:62:8b:66:67:d2,1,6,0,35"
1791506115.490,"B,4775,10,72:3b:01:24:b7:c8,84,3,0,0,-39,S,5c:62:8b:66:67:d2,3,0,0,0"
1791506115.490,"B,4775,10,b2:db:ca:e6:29:a6,56,2,0,0,-42,S,5c:62:8b:66:67:d2,2,0,0,0"
1791506115.490,"B,4875,10,5c:62:8b:66:67:d2,660,6,14698,16,-45,A,5c:62:8b:66:67:d2,0,6,0,0"
1791506115.691,"B,4875,10,cc:b8:5e:ad:5c:4a,14642,14,660,6,-47,S,5c:62:8b:66:67:d2,1,3,1,9"
1791506115.691,"B,4875,10,b2:db:ca:e6:29:a6,56,2,0,0,-42,S,5c:62:8b:66:67:d2,2,0,0,0"
1791506115.691,"B,4975,10,78:8c:b5:f5:e7:26,80,1,0,0,-76,A,78:8c:b5:f5:e7:26,1,0,0,0"
1791506115.691,"B,4975,10,5c:62:8b:66:67:d2,0,0,20652,21,-48,A,5c:62:8b:66:67:d2,0,0,0,0"
1791506115.691,"B,4975,10,cc:b8:5e:ad:5c:4a,20512,16,0,0,-47,S,5c:62:8b:66:67:d2,0,0,0,16"
1791506115.691,"B,4975,10,72:3b:01:24:b7:c8,84,3,0,0,-38,S,5c:62:8b:66:67:d2,3,0,0,0"
1791506115.691,"B,4975,10,b2:db:ca:e6:29:a6,56,2,0,0,-42,S,5c:62:8b:66:67:d2,2,0,0,0"
1791506115.691,"B,5075,10,5c:62:8b:66:67:d2,1100,10,32152,28,-45,A,5c:62:8b:66:67:d2,0,10,0,0"
1791506115.891,"B,5075,10,cc:b8:5e:ad:5c:4a,32124,27,1100,10,-46,S,5c:62:8b:66:67:d2,1,1,2,23"
1791506115.891,"B,5075,10,b2:db:ca:e6:29:a6,28,1,0,0,-41,S,5c:62:8b:66:67:d2,1,0,0,0"
1791506115.891,"I,5078,stat,rx=1485,drops=0,ch=10,bin=100,hop=0,heap=202024"
1791506115.891,"B,5175,10,5c:62:8b:66:67:d2,330,3,5698,9,-45,A,5c:62:8b:66:67:d2,0,3,0,0"
1791506115.891,"B,5175,10,cc:b8:5e:ad:5c:4a,5614,6,330,3,-46,S,5c:62:8b:66:67:d2,1,1,0,4"
1791506115.891,"B,5175,10,b2:db:ca:e6:29:a6,84,3,0,0,-42,S,5c:62:8b:66:67:d2,3,0,0,0"
1791506115.891,"B,5275,10,5c:62:8b:66:67:d2,0,0,9114,12,-49,A,5c:62:8b:66:67:d2,0,0,0,0"
1791506115.891,"B,5275,10,cc:b8:5e:ad:5c:4a,8974,7,0,0,-47,S,5c:62:8b:66:67:d2,0,0,0,7"
1791506116.091,"B,5275,10,72:3b:01:24:b7:c8,140,5,0,0,-37,S,5c:62:8b:66:67:d2,5,0,0,0"
1791506116.091,"B,5375,10,5c:62:8b:66:67:d2,1320,12,41856,40,-45,A,5c:62:8b:66:67:d2,0,12,0,0"
1791506116.091,"B,5375,10,cc:b8:5e:ad:5c:4a,41716,35,1320,12,-46,S,5c:62:8b:66:67:d2,1,1,5,28"
1791506116.091,"B,5375,10,72:3b:01:24:b7:c8,84,3,0,0,-39,S,5c:62:8b:66:67:d2,3,0,0,0"
1791506116.091,"B,5375,10,b2:db:ca:e6:29:a6,56,2,0,0,-43,S,5c:62:8b:66:67:d2,2,0,0,0"
1791506116.091,"B,5475,10,5c:62:8b:66:67:d2,330,3,6632,10,-46,A,5c:62:8b:66:67:d2,0,3,0,0"
1791506116.091,"B,5475,10,cc:b8:5e:ad:5c:4a,6548,7,330,3,-46,S,5c:62:8b:66:67:d2,1,1,1,4"
1791506116.091,"B,5475,10,b2:db:ca:e6:29:a6,84,3,0,0,-42,S,5c:62:8b:66:67:d2,3,0,0,0"
1791506116.292,"B,5575,10,5c:62:8b:66:67:d2,0,0,6718,16,-48,A,5c:62:8b:66:67:d2,0,0,0,0"
1791506116.292,"B,5575,10,cc:b8:5e:ad:5c:4a,6410,5,0,0,-47,S,5c:62:8b:66:67:d2,0,0,0,5"
1791506116.292,"B,5575,10,72:3b:01:24:b7:c8,252,9,0,0,-35,S,5c:62:8b:66:67:d2,9,0,0,0"
1791506116.292,"B,5575,10,b2:db:ca:e6:29:a6,56,2,0,0,-43,S,5c:62:8b:66:67:d2,2,0,0,0"
1791506116.292,"B,5675,10,5c:62:8b:66:67:d2,2640,24,89978,77,-45,A,5c:62:8b:66:67:d2,0,24,0,0"
1791506116.292,"B,5675,10,cc:b8:5e:ad:5c:4a,89950,76,2640,24,-46,S,5c:62:8b:66:67:d2,1,6,0,69"
1791506116.292,"B,5675,10,b2:db:ca:e6:29:a6,28,1,0,0,-42,S,5c:62:8b:66:67:d2,1,0,0,0"
1791506116.492,"B,5775,10,5c:62:8b:66:67:d2,3410,31,96626,80,-45,A,5c:62:8b:66:67:d2,0,31,0,0"
1791506116.492,"B,5775,10,cc:b8:5e:ad:5c:4a,96570,78,3410,31,-46,S,5c:62:8b:66:67:d2,1,2,0,75"
1791506116.492,"B,5775,10,b2:db:ca:e6:29:a6,56,2,0,0,-42,S,5c:62:8b:66:67:d2,2,0,0,0"
1791506116.492,"B,5875,10,5c:62:8b:66:67:d2,186,1,7004,20,-46,A,5c:62:8b:66:67:d2,0,1,0,0"
1791506116.492,"B,5875,10,cc:b8:5e:ad:5c:4a,6640,7,186,1,-45,S,5c:62:8b:66:67:d2,1,1,0,5"
1791506116.492,"B,5875,10,72:3b:01:24:b7:c8,308,11,0,0,-36,S,5c:62:8b:66:67:d2,11,0,0,0"
1791506116.492,"B,5875,10,b2:db:ca:e6:29:a6,56,2,0,0,-42,S,5c:62:8b:66:67:d2,2,0,0,0"
1791506116.692,"B,5975,10,5c:62:8b:66:67:d2,660,6,53456,47,-45,A,5c:62:8b:66:67:d2,0,6,0,0"
1791506116.692,"B,5975,10,cc:b8:5e:ad:5c:4a,53372,44,660,6,-46,S,5c:62:8b:66:67:d2,0,2,3,39"
1791506116.692,"B,5975,10,72:3b:01:24:b7:c8,28,1,0,0,-39,S,5c:62:8b:66:67:d2,1,0,0,0"
1791506116.692,"B,5975,10,b2:db:ca:e6:29:a6,56,2,0,0,-41,S,5c:62:8b:66:67:d2,2,0,0,0"
1791506116.692,"B,6075,10,5c:62:8b:66:67:d2,990,9,6944,8,-45,A,5c:62:8b:66:67:d2,0,9,0,0"
1791506116.692,"B,6075,10,cc:b8:5e:ad:5c:4a,6916,7,990,9,-47,S,5c:62:8b:66:67:d2,1,1,0,5"
1791506116.692,"B,6075,10,b2:db:ca:e6:29:a6,28,1,0,0,-42,S,5c:62:8b:66:67:d2,1,0,0,0"
1791506116.893,"B,6175,10,5c:62:8b:66:67:d2,0,0,21016,34,-48,A,5c:62:8b:66:67:d2,0,0,0,0"
1791506116.893,"B,6175,10,cc:b8:5e:ad:5c:4a,20540,17,0,0,-45,S,5c:62:8b:66:67:d2,1,0,0,16"
1791506116.893,"B,6175,10,72:3b:01:24:b7:c8,476,17,0,0,-37,S,5c:62:8b:66:67:d2,17,0,0,0"
1791506116.893,"B,6275,10,5c:62:8b:66:67:d2,770,7,19976,19,-45,A,5c:62:8b:66:67:d2,0,7,0,0"
1791506116.893,"B,6275,10,cc:b8:5e:ad:5c:4a,19976,19,770,7,-45,S,5c:62:8b:66:67:d2,1,0,6,12"
1791506116.893,"B,6275,10,b0:a7:b9:23:82:ee,0,0,30,1,-88,A,b0:a7:b9:23:82:ee,0,0,0,0"
1791506116.893,"B,6275,10,f2:51:4e:f8:1a:7f,30,1,0,0,-87,S,b0:a7:b9:23:82:ee,1,0,0,0"
1791506117.093,"B,6375,10,5c:62:8b:66:67:d2,550,5,15830,15,-45,A,5c:62:8b:66:67:d2,0,5,0,0"
1791506117.093,"B,6375,10,cc:b8:5e:ad:5c:4a,15802,14,550,5,-46,S,5c:62:8b:66:67:d2,1,1,0,12"
1791506117.093,"B,6375,10,b2:db:ca:e6:29:a6,28,1,0,0,-43,S,5c:62:8b:66:67:d2,1,0,0,0"
1791506117.093,"B,6475,10,5c:62:8b:66:67:d2,330,3,8420,19,-45,A,5c:62:8b:66:67:d2,0,3,0,0"
1791506117.093,"B,6475,10,cc:b8:5e:ad:5c:4a,8038,8,330,3,-45,S,5c:62:8b:66:67:d2,1,0,2,5"
1791506117.093,"B,6475,10,72:3b:01:24:b7:c8,326,9,0,0,-37,S,5c:62:8b:66:67:d2,8,1,0,0"
1791506117.093,"B,6475,10,b0:a7:b9:23:82:ee,0,0,30,1,-89,A,b0:a7:b9:23:82:ee,0,0,0,0"
1791506117.293,"B,6475,10,b2:db:ca:e6:29:a6,56,2,0,0,-42,S,5c:62:8b:66:67:d2,2,0,0,0"
1791506117.293,"B,6475,10,f2:51:4e:f8:1a:7f,30,1,0,0,-89,S,b0:a7:b9:23:82:ee,1,0,0,0"
1791506117.293,"B,6575,10,5c:62:8b:66:67:d2,440,4,12740,15,-45,A,5c:62:8b:66:67:d2,0,4,0,0"
1791506117.293,"B,6575,10,cc:b8:5e:ad:5c:4a,12600,10,440,4,-47,S,5c:62:8b:66:67:d2,0,0,1,9"
1791506117.293,"B,6575,10,72:3b:01:24:b7:c8,112,4,0,0,-38,S,5c:62:8b:66:67:d2,4,0,0,0"
1791506117.293,"B,6575,10,b2:db:ca:e6:29:a6,28,1,0,0,-43,S,5c:62:8b:66:67:d2,1,0,0,0"
1791506117.293,"B,6675,10,5c:62:8b:66:67:d2,0,0,16538,25,-48,A,5c:62:8b:66:67:d2,0,0,0,0"
1791506117.293,"B,6675,10,cc:b8:5e:ad:5c:4a,16230,14,0,0,-45,S,5c:62:8b:66:67:d2,1,0,1,12"
1791506117.293,"B,6675,10,72:3b:01:24:b7:c8,280,10,0,0,-39,S,5c:62:8b:66:67:d2,10,0,0,0"
1791506117.293,"B,6675,10,b0:a7:b9:23:82:ee,0,0,30,1,-86,A,b0:a7:b9:23:82:ee,0,0,0,0"
1791506117.494,"B,6675,10,b2:db:ca:e6:29:a6,28,1,0,0,-42,S,5c:62:8b:66:67:d2,1,0,0,0"
1791506117.494,"B,6675,10,f2:51:4e:f8:1a:7f,30,1,0,0,-85,S,b0:a7:b9:23:82:ee,1,0,0,0"
1791506117.494,"B,6775,10,5c:62:8b:66:67:d2,880,8,25776,29,-45,A,5c:62:8b:66:67:d2,0,8,0,0"
1791506117.494,"B,6775,10,cc:b8:5e:ad:5c:4a,25720,27,880,8,-46,S,5c:62:8b:66:67:d2,5,4,0,18"
1791506117.494,"B,6775,10,b0:a7:b9:23:82:ee,0,0,30,1,-87,A,b0:a7:b9:23:82:ee,0,0,0,0"
1791506117.494,"B,6775,10,b2:db:ca:e6:29:a6,56,2,0,0,-42,S,5c:62:8b:66:67:d2,2,0,0,0"
1791506117.494,"B,6775,10,f2:51:4e:f8:1a:7f,30,1,0,0,-88,S,b0:a7:b9:23:82:ee,1,0,0,0"
1791506117.494,"A,6819,10,ba:97:a3:e0:bf:91,-91,"
1791506117.494,"B,6875,10,5c:62:8b:66:67:d2,440,4,8306,10,-45,A,5c:62:8b:66:67:d2,0,4,0,0"
1791506117.494,"B,6875,10,cc:b8:5e:ad:5c:4a,8222,7,440,4,-47,S,5c:62:8b:66:67:d2,0,1,1,5"
1791506117.494,"B,6875,10,72:3b:01:24:b7:c8,28,1,0,0,-35,S,5c:62:8b:66:67:d2,1,0,0,0"
1791506117.494,"B,6875,10,b0:a7:b9:23:82:ee,0,0,60,2,-88,A,b0:a7:b9:23:82:ee,0,0,0,0"
1791506117.494,"B,6875,10,b2:db:ca:e6:29:a6,56,2,0,0,-42,S,5c:62:8b:66:67:d2,2,0,0,0"
1791506117.494,"B,6875,10,f2:51:4e:f8:1a:7f,60,2,0,0,-87,S,b0:a7:b9:23:82:ee,2,0,0,0"
1791506117.695,"B,6975,10,5c:62:8b:66:67:d2,440,4,13502,17,-45,A,5c:62:8b:66:67:d2,0,4,0,0"
1791506117.695,"B,6975,10,cc:b8:5e:ad:5c:4a,13362,12,440,4,-47,S,5c:62:8b:66:67:d2,1,1,0,10"
1791506117.695,"B,6975,10,72:3b:01:24:b7:c8,84,3,0,0,-37,S,5c:62:8b:66:67:d2,3,0,0,0"
1791506117.695,"B,6975,10,b2:db:ca:e6:29:a6,56,2,0,0,-42,S,5c:62:8b:66:67:d2,2,0,0,0"
1791506117.695,"B,7075,10,5c:62:8b:66:67:d2,770,7,19038,17,-45,A,5c:62:8b:66:67:d2,0,7,0,0"
1791506117.695,"B,7075,10,cc:b8:5e:ad:5c:4a,19010,16,770,7,-47,S,5c:62:8b:66:67:d2,1,0,2,13"
1791506117.695,"B,7075,10,b2:db:ca:e6:29:a6,28,1,0,0,-42,S,5c:62:8b:66:67:d2,1,0,0,0"
1791506117.897,"B,7175,10,5c:62:8b:66:67:d2,220,2,18344,20,-46,A,5c:62:8b:66:67:d2,0,2,0,0"
1791506117.897,"B,7175,10,cc:b8:5e:ad:5c:4a,18232,16,220,2,-47,S,5c:62:8b:66:67:d2,0,2,0,14"
1791506117.897,"B,7175,10,72:3b:01:24:b7:c8,56,2,0,0,-35,S,5c:62:8b:66:67:d2,2,0,0,0"
1791506117.897,"B,7175,10,b2:db:ca:e6:29:a6,56,2,0,0,-43,S,5c:62:8b:66:67:d2,2,0,0,0"
1791506117.897,"B,7275,10,5c:62:8b:66:67:d2,770,7,36466,39,-45,A,5c:62:8b:66:67:d2,0,7,0,0"
1791506117.897,"B,7275,10,cc:b8:5e:ad:5c:4a,36270,32,770,7,-45,S,5c:62:8b:66:67:d2,1,3,1,27"
1791506117.897,"B,7275,10,72:3b:01:24:b7:c8,140,5,0,0,-37,S,5c:62:8b:66:67:d2,5,0,0,0"
1791506117.897,"B,7275,10,b2:db:ca:e6:29:a6,56,2,0,0,-42,S,5c:62:8b:66:67:d2,2,0,0,0"
1791506118.098,"B,7375,10,5c:62:8b:66:67:d2,550,5,11586,12,-45,A,5c:62:8b:66:67:d2,0,5,0,0"
1791506118.098,"B,7375,10,cc:b8:5e:ad:5c:4a,11530,10,550,5,-46,S,5c:62:8b:66:67:d2,1,0,0,9"
1791506118.098,"B,7375,10,b2:db:ca:e6:29:a6,56,2,0,0,-43,S,5c:62:8b:66:67:d2,2,0,0,0"
1791506118.098,"B,7375,10,64:d1:54:63:44:f4,113,1,0,0,-92,A,64:d1:54:63:44:f4,0,1,0,0"
1791506118.098,"B,7475,10,5c:62:8b:66:67:d2,330,3,6296,11,-45,A,5c:62:8b:66:67:d2,0,3,0,0"
1791506118.098,"B,7475,10,cc:b8:5e:ad:5c:4a,6240,9,330,3,-45,S,5c:62:8b:66:67:d2,3,1,1,4"
1791506118.098,"B,7475,10,72:3b:01:24:b7:c8,28,1,0,0,-36,S,5c:62:8b:66:67:d2,1,0,0,0"
1791506118.098,"B,7475,10,b2:db:ca:e6:29:a6,28,1,0,0,-42,S,5c:62:8b:66:67:d2,1,0,0,0"
1791506118.299,"B,7575,10,5c:62:8b:66:67:d2,330,3,17370,25,-45,A,5c:62:8b:66:67:d2,0,3,0,0"
1791506118.299,"B,7575,10,cc:b8:5e:ad:5c:4a,17118,16,330,3,-45,S,5c:62:8b:66:67:d2,1,0,5,10"
1791506118.299,"B,7575,10,72:3b:01:24:b7:c8,224,8,0,0,-38,S,5c:62:8b:66:67:d2,8,0,0,0"
1791506118.299,"B,7575,10,b2:db:ca:e6:29:a6,28,1,0,0,-42,S,5c:62:8b:66:67:d2,1,0,0,0"
1791506118.299,"B,7675,10,5c:62:8b:66:67:d2,660,6,14092,12,-45,A,5c:62:8b:66:67:d2,0,6,0,0"
1791506118.299,"B,7675,10,cc:b8:5e:ad:5c:4a,14092,12,660,6,-47,S,5c:62:8b:66:67:d2,0,1,1,10"
1791506118.299,"B,7675,10,b0:a7:b9:23:82:ee,0,0,60,2,-87,A,b0:a7:b9:23:82:ee,0,0,0,0"
1791506118.299,"B,7675,10,f2:51:4e:f8:1a:7f,60,2,0,0,-87,S,b0:a7:b9:23:82:ee,2,0,0,0"
1791506118.501,"B,7775,10,5c:62:8b:66:67:d2,330,3,6414,12,-45,A,5c:62:8b:66:67:d2,0,3,0,0"
1791506118.501,"B,7775,10,cc:b8:5e:ad:5c:4a,6246,6,330,3,-46,S,5c:62:8b:66:67:d2,1,0,1,4"
1791506118.501,"B,7775,10,72:3b:01:24:b7:c8,140,5,0,0,-38,S,5c:62:8b:66:67:d2,5,0,0,0"
1791506118.501,"B,7775,10,b0:a7:b9:23:82:ee,0,0,60,2,-88,A,b0:a7:b9:23:82:ee,0,0,0,0"
1791506118.501,"B,7775,10,b2:db:ca:e6:29:a6,28,1,0,0,-44,S,5c:62:8b:66:67:d2,1,0,0,0"
1791506118.501,"B,7775,10,f2:51:4e:f8:1a:7f,60,2,0,0,-86,S,b0:a7:b9:23:82:ee,2,0,0,0"
1791506118.501,"B,7875,10,5c:62:8b:66:67:d2,220,2,9860,17,-45,A,5c:62:8b:66:67:d2,0,2,0,0"
1791506118.501,"B,7875,10,cc:b8:5e:ad:5c:4a,9748,13,220,2,-46,S,5c:62:8b:66:67:d2,5,1,0,7"
1791506118.501,"B,7875,10,72:3b:01:24:b7:c8,84,3,0,0,-36,S,5c:62:8b:66:67:d2,3,0,0,0"
1791506118.501,"B,7875,10,b0:a7:b9:23:82:ee,0,0,30,1,-89,A,b0:a7:b9:23:82:ee,0,0,0,0"
1791506118.501,"B,7875,10,b2:db:ca:e6:29:a6,28,1,0,0,-42,S,5c:62:8b:66:67:d2,1,0,0,0"
1791506118.501,"B,7875,10,f2:51:4e:f8:1a:7f,30,1,0,0,-87,S,b0:a7:b9:23:82:ee,1,0,0,0"
1791506118.704,"B,7975,10,78:8c:b5:f5:e7:26,80,1,0,0,-77,A,78:8c:b5:f5:e7:26,1,0,0,0"
1791506118.704,"B,7975,10,5c:62:8b:66:67:d2,990,9,29216,27,-45,A,5c:62:8b:66:67:d2,0,9,0,0"
1791506118.704,"B,7975,10,cc:b8:5e:ad:5c:4a,29132,24,990,9,-47,S,5c:62:8b:66:67:d2,0,1,3,20"
1791506118.704,"B,7975,10,72:3b:01:24:b7:c8,28,1,0,0,-42,S,5c:62:8b:66:67:d2,1,0,0,0"
1791506118.704,"B,7975,10,b2:db:ca:e6:29:a6,56,2,0,0,-43,S,5c:62:8b:66:67:d2,2,0,0,0"
1791506118.704,"B,8075,10,5c:62:8b:66:67:d2,0,0,14130,13,-48,A,5c:62:8b:66:67:d2,0,0,0,0"
1791506118.704,"B,8075,10,cc:b8:5e:ad:5c:4a,14102,12,0,0,-45,S,5c:62:8b:66:67:d2,1,0,0,11"
1791506118.704,"B,8075,10,72:3b:01:24:b7:c8,28,1,0,0,-36,S,5c:62:8b:66:67:d2,1,0,0,0"
1791506118.907,"B,8175,10,5c:62:8b:66:67:d2,0,0,56,2,-49,A,5c:62:8b:66:67:d2,0,0,0,0"
1791506118.907,"B,8175,10,b2:db:ca:e6:29:a6,56,2,0,0,-42,S,5c:62:8b:66:67:d2,2,0,0,0"
1791506118.907,"B,8275,10,5c:62:8b:66:67:d2,1540,14,37920,36,-44,A,5c:62:8b:66:67:d2,0,14,0,0"
1791506118.907,"B,8275,10,cc:b8:5e:ad:5c:4a,37836,33,1540,14,-47,S,5c:62:8b:66:67:d2,1,3,1,28"
1791506118.907,"B,8275,10,72:3b:01:24:b7:c8,28,1,0,0,-35,S,5c:62:8b:66:67:d2,1,0,0,0"
1791506118.907,"B,8275,10,b2:db:ca:e6:29:a6,56,2,0,0,-40,S,5c:62:8b:66:67:d2,2,0,0,0"
1791506119.108,"B,8375,10,5c:62:8b:66:67:d2,220,2,5810,8,-46,A,5c:62:8b:66:67:d2,0,2,0,0"
1791506119.108,"B,8375,10,cc:b8:5e:ad:5c:4a,5754,6,220,2,-47,S,5c:62:8b:66:67:d2,1,1,0,4"
1791506119.108,"B,8375,10,b2:db:ca:e6:29:a6,56,2,0,0,-40,S,5c:62:8b:66:67:d2,2,0,0,0"
1791506119.108,"B,8475,10,5c:62:8b:66:67:d2,0,0,15468,15,-48,A,5c:62:8b:66:67:d2,0,0,0,0"
1791506119.108,"B,8475,10,cc:b8:5e:ad:5c:4a,15384,12,0,0,-48,S,5c:62:8b:66:67:d2,0,0,0,12"
1791506119.108,"B,8475,10,72:3b:01:24:b7:c8,56,2,0,0,-37,S,5c:62:8b:66:67:d2,2,0,0,0"
1791506119.108,"B,8475,10,b2:db:ca:e6:29:a6,28,1,0,0,-41,S,5c:62:8b:66:67:d2,1,0,0,0"
1791506119.312,"B,8575,10,5c:62:8b:66:67:d2,550,5,17222,21,-45,A,5c:62:8b:66:67:d2,0,5,0,0"
1791506119.312,"B,8575,10,cc:b8:5e:ad:5c:4a,17082,16,550,5,-47,S,5c:62:8b:66:67:d2,1,2,0,13"
1791506119.312,"B,8575,10,72:3b:01:24:b7:c8,112,4,0,0,-37,S,5c:62:8b:66:67:d2,4,0,0,0"
1791506119.312,"B,8575,10,b2:db:ca:e6:29:a6,28,1,0,0,-43,S,5c:62:8b:66:67:d2,1,0,0,0"
1791506119.312,"B,8675,10,5c:62:8b:66:67:d2,2750,25,83736,72,-44,A,5c:62:8b:66:67:d2,0,25,0,0"
1791506119.312,"B,8675,10,cc:b8:5e:ad:5c:4a,83708,71,2750,25,-47,S,5c:62:8b:66:67:d2,1,7,0,63"
1791506119.312,"B,8675,10,72:3b:01:24:b7:c8,28,1,0,0,-36,S,5c:62:8b:66:67:d2,1,0,0,0"
1791506119.517,"B,8775,10,5c:62:8b:66:67:d2,1440,12,57948,48,-44,A,5c:62:8b:66:67:d2,0,12,0,0"
1791506119.517,"B,8775,10,cc:b8:5e:ad:5c:4a,57920,47,1440,12,-46,S,5c:62:8b:66:67:d2,1,1,0,45"
1791506119.517,"B,8775,10,72:3b:01:24:b7:c8,28,1,0,0,-39,S,5c:62:8b:66:67:d2,1,0,0,0"
1791506119.517,"B,8875,10,5c:62:8b:66:67:d2,4770,43,99940,82,-44,A,5c:62:8b:66:67:d2,0,43,0,0"
1791506119.517,"B,8875,10,cc:b8:5e:ad:5c:4a,99912,81,4770,43,-47,S,5c:62:8b:66:67:d2,1,2,3,75"
1791506119.517,"B,8875,10,72:3b:01:24:b7:c8,28,1,0,0,-36,S,5c:62:8b:66:67:d2,1,0,0,0"
1791506119.719,"B,8975,10,78:8c:b5:f5:e7:26,80,1,0,0,-76,A,78:8c:b5:f5:e7:26,1,0,0,0"
1791506119.719,"B,8975,10,5c:62:8b:66:67:d2,440,4,14892,16,-45,A,5c:62:8b:66:67:d2,0,4,0,0"
1791506119.719,"B,8975,10,cc:b8:5e:ad:5c:4a,14892,16,440,4,-46,S,5c:62:8b:66:67:d2,0,5,0,11"
1791506119.719,"B,9075,10,5c:62:8b:66:67:d2,550,5,16038,21,-45,A,5c:62:8b:66:67:d2,0,5,0,0"
1791506119.719,"B,9075,10,cc:b8:5e:ad:5c:4a,15898,16,550,5,-48,S,5c:62:8b:66:67:d2,3,0,3,10"
1791506119.719,"B,9075,10,72:3b:01:24:b7:c8,112,4,0,0,-37,S,5c:62:8b:66:67:d2,4,0,0,0"
1791506119.719,"B,9075,10,b2:db:ca:e6:29:a6,28,1,0,0,-41,S,5c:62:8b:66:67:d2,1,0,0,0"
1791506119.920,"B,9175,10,5c:62:8b:66:67:d2,1430,13,33404,29,-44,A,5c:62:8b:66:67:d2,0,13,0,0"
1791506119.920,"B,9175,10,cc:b8:5e:ad:5c:4a,33348,27,1430,13,-47,S,5c:62:8b:66:67:d2,1,0,0,26"
1791506119.920,"B,9175,10,b2:db:ca:e6:29:a6,56,2,0,0,-40,S,5c:62:8b:66:67:d2,2,0,0,0"
1791506119.920,"B,9275,10,5c:62:8b:66:67:d2,880,8,32472,30,-44,A,5c:62:8b:66:67:d2,0,8,0,0"
1791506119.920,"B,9275,10,cc:b8:5e:ad:5c:4a,32388,27,880,8,-47,S,5c:62:8b:66:67:d2,1,0,5,21"
1791506119.920,"B,9275,10,72:3b:01:24:b7:c8,28,1,0,0,-35,S,5c:62:8b:66:67:d2,1,0,0,0"
1791506119.920,"B,9275,10,b2:db:ca:e6:29:a6,56,2,0,0,-40,S,5c:62:8b:66:67:d2,2,0,0,0"
1791506120.124,"B,9375,10,5c:62:8b:66:67:d2,0,0,32162,29,-48,A,5c:62:8b:66:67:d2,0,0,0,0"
1791506120.124,"B,9375,10,cc:b8:5e:ad:5c:4a,32050,25,0,0,-46,S,5c:62:8b:66:67:d2,0,0,0,25"
1791506120.124,"B,9375,10,72:3b:01:24:b7:c8,28,1,0,0,-35,S,5c:62:8b:66:67:d2,1,0,0,0"
1791506120.124,"B,9375,10,b2:db:ca:e6:29:a6,84,3,0,0,-40,S,5c:62:8b:66:67:d2,3,0,0,0"
1791506120.124,"B,9475,10,5c:62:8b:66:67:d2,1760,16,25762,26,-44,A,5c:62:8b:66:67:d2,0,16,0,0"
1791506120.124,"B,9475,10,cc:b8:5e:ad:5c:4a,25706,24,1760,16,-47,S,5c:62:8b:66:67:d2,3,0,5,16"
1791506120.124,"B,9475,10,b2:db:ca:e6:29:a6,56,2,0,0,-41,S,5c:62:8b:66:67:d2,2,0,0,0"
1791506120.326,"B,9575,10,5c:62:8b:66:67:d2,770,7,19700,21,-44,A,5c:62:8b:66:67:d2,0,7,0,0"
1791506120.326,"B,9575,10,cc:b8:5e:ad:5c:4a,19616,18,770,7,-47,S,5c:62:8b:66:67:d2,2,1,0,15"
1791506120.326,"B,9575,10,72:3b:01:24:b7:c8,28,1,0,0,-39,S,5c:62:8b:66:67:d2,1,0,0,0"
1791506120.326,"B,9575,10,b2:db:ca:e6:29:a6,56,2,0,0,-41,S,5c:62:8b:66:67:d2,2,0,0,0"
1791506120.326,"B,9675,10,5c:62:8b:66:67:d2,330,3,14260,23,-45,A,5c:62:8b:66:67:d2,0,3,0,0"
1791506120.326,"B,9675,10,cc:b8:5e:ad:5c:4a,14092,17,330,3,-46,S,5c:62:8b:66:67:d2,5,0,3,9"
1791506120.326,"B,9675,10,72:3b:01:24:b7:c8,112,4,0,0,-38,S,5c:62:8b:66:67:d2,4,0,0,0"
1791506120.326,"B,9675,10,b2:db:ca:e6:29:a6,56,2,0,0,-41,S,5c:62:8b:66:67:d2,2,0,0,0"
1791506120.530,"B,9775,10,5c:62:8b:66:67:d2,0,0,32246,32,-48,A,5c:62:8b:66:67:d2,0,0,0,0"
1791506120.530,"B,9775,10,cc:b8:5e:ad:5c:4a,32050,25,0,0,-46,S,5c:62:8b:66:67:d2,0,0,0,25"
1791506120.530,"B,9775,10,72:3b:01:24:b7:c8,168,6,0,0,-39,S,5c:62:8b:66:67:d2,6,0,0,0"
1791506120.530,"B,9775,10,b2:db:ca:e6:29:a6,28,1,0,0,-43,S,5c:62:8b:66:67:d2,1,0,0,0"
1791506120.530,"B,9875,10,5c:62:8b:66:67:d2,1648,16,20384,28,-44,A,5c:62:8b:66:67:d2,4,12,0,0"
1791506120.530,"B,9875,10,cc:b8:5e:ad:5c:4a,20272,24,1484,14,-46,S,5c:62:8b:66:67:d2,7,2,1,14"
1791506120.530,"B,9875,10,72:3b:01:24:b7:c8,84,3,164,2,-36,S,5c:62:8b:66:67:d2,3,0,0,0"
1791506120.530,"B,9875,10,b2:db:ca:e6:29:a6,28,1,0,0,-42,S,5c:62:8b:66:67:d2,1,0,0,0"
1791506120.735,"B,9975,10,78:8c:b5:f5:e7:26,80,1,0,0,-77,A,78:8c:b5:f5:e7:26,1,0,0,0"
1791506120.735,"B,9975,10,5c:62:8b:66:67:d2,660,6,13846,25,-44,A,5c:62:8b:66:67:d2,0,6,0,0"
1791506120.735,"B,9975,10,cc:b8:5e:ad:5c:4a,13538,14,660,6,-47,S,5c:62:8b:66:67:d2,3,0,2,9"
1791506120.735,"B,9975,10,72:3b:01:24:b7:c8,252,9,0,0,-35,S,5c:62:8b:66:67:d2,9,0,0,0"
1791506120.735,"B,9975,10,b2:db:ca:e6:29:a6,56,2,0,0,-42,S,5c:62:8b:66:67:d2,2,0,0,0"
1791506120.735,"B,10075,10,5c:62:8b:66:67:d2,550,5,7198,13,-44,A,5c:62:8b:66:67:d2,0,5,0,0"
1791506120.735,"B,10075,10,cc:b8:5e:ad:5c:4a,7058,8,550,5,-47,S,5c:62:8b:66:67:d2,1,2,0,5"
1791506120.735,"B,10075,10,72:3b:01:24:b7:c8,84,3,0,0,-36,S,5c:62:8b:66:67:d2,3,0,0,0"
1791506120.735,"B,10075,10,b2:db:ca:e6:29:a6,56,2,0,0,-45,S,5c:62:8b:66:67:d2,2,0,0,0"
1791506120.735,"I,10081,stat,rx=3343,drops=0,ch=10,bin=100,hop=0,heap=202024"
1791506120.939,"B,10175,10,5c:62:8b:66:67:d2,550,5,37090,33,-43,A,5c:62:8b:66:67:d2,0,5,0,0"
1791506120.939,"B,10175,10,cc:b8:5e:ad:5c:4a,36978,29,550,5,-44,S,5c:62:8b:66:67:d2,0,0,2,27"
1791506120.939,"B,10175,10,72:3b:01:24:b7:c8,56,2,0,0,-38,S,5c:62:8b:66:67:d2,2,0,0,0"
1791506120.939,"B,10175,10,b2:db:ca:e6:29:a6,56,2,0,0,-42,S,5c:62:8b:66:67:d2,2,0,0,0"
1791506120.939,"B,10275,10,5c:62:8b:66:67:d2,660,6,32882,33,-44,A,5c:62:8b:66:67:d2,0,6,0,0"
1791506120.939,"B,10275,10,cc:b8:5e:ad:5c:4a,32742,28,660,6,-46,S,5c:62:8b:66:67:d2,1,2,0,25"
1791506120.939,"B,10275,10,72:3b:01:24:b7:c8,140,5,0,0,-36,S,5c:62:8b:66:67:d2,5,0,0,0"
1791506121.144,"B,10375,10,5c:62:8b:66:67:d2,0,0,29654,29,-46,A,5c:62:8b:66:67:d2,0,0,0,0"
1791506121.144,"B,10375,10,cc:b8:5e:ad:5c:4a,29514,24,0,0,-45,S,5c:62:8b:66:67:d2,1,0,0,23"
1791506121.144,"B,10375,10,72:3b:01:24:b7:c8,28,1,0,0,-39,S,5c:62:8b:66:67:d2,1,0,0,0"
1791506121.144,"B,10375,10,b2:db:ca:e6:29:a6,112,4,0,0,-43,S,5c:62:8b:66:67:d2,4,0,0,0"
1791506121.144,"B,10475,10,5c:62:8b:66:67:d2,1430,13,30670,30,-44,A,5c:62:8b:66:67:d2,0,13,0,0"
1791506121.144,"B,10475,10,cc:b8:5e:ad:5c:4a,30558,26,1430,13,-47,S,5c:62:8b:66:67:d2,1,1,2,22"
1791506121.144,"B,10475,10,72:3b:01:24:b7:c8,56,2,0,0,-37,S,5c:62:8b:66:67:d2,2,0,0,0"
1791506121.144,"B,10475,10,b2:db:ca:e6:29:a6,56,2,0,0,-42,S,5c:62:8b:66:67:d2,2,0,0,0"
1791506121.349,"B,10575,10,5c:62:8b:66:67:d2,330,3,17768,20,-45,A,5c:62:8b:66:67:d2,0,3,0,0"
1791506121.349,"B,10575,10,cc:b8:5e:ad:5c:4a,17600,14,330,3,-48,S,5c:62:8b:66:67:d2,0,0,1,13"
1791506121.349,"B,10575,10,72:3b:01:24:b7:c8,112,4,0,0,-37,S,5c:62:8b:66:67:d2,4,0,0,0"
1791506121.349,"B,10575,10,b2:db:ca:e6:29:a6,56,2,0,0,-42,S,5c:62:8b:66:67:d2,2,0,0,0"
1791506121.349,"B,10675,10,78:8c:b5:f5:e7:26,84,1,0,0,-78,A,78:8c:b5:f5:e7:26,1,0,0,0"
1791506121.349,"B,10675,10,5c:62:8b:66:67:d2,770,7,33926,30,-44,A,5c:62:8b:66:67:d2,0,7,0,0"
1791506121.349,"B,10675,10,cc:b8:5e:ad:5c:4a,33898,29,770,7,-46,S,5c:62:8b:66:67:d2,2,1,0,26"
1791506121.349,"B,10675,10,b2:db:ca:e6:29:a6,28,1,0,0,-43,S,5c:62:8b:66:67:d2,1,0,0,0"
1791506121.550,"B,10775,10,5c:62:8b:66:67:d2,440,4,9660,12,-45,A,5c:62:8b:66:67:d2,0,4,0,0"
1791506121.550,"B,10775,10,cc:b8:5e:ad:5c:4a,9576,9,440,4,-47,S,5c:62:8b:66:67:d2,1,1,0,7"
1791506121.550,"B,10775,10,72:3b:01:24:b7:c8,28,1,0,0,-35,S,5c:62:8b:66:67:d2,1,0,0,0"
1791506121.550,"B,10775,10,b2:db:ca:e6:29:a6,56,2,0,0,-43,S,5c:62:8b:66:67:d2,2,0,0,0"
1791506121.550,"B,10875,10,5c:62:8b:66:67:d2,660,6,24034,36,-44,A,5c:62:8b:66:67:d2,0,6,0,0"
1791506121.550,"B,10875,10,cc:b8:5e:ad:5c:4a,23670,23,660,6,-46,S,5c:62:8b:66:67:d2,4,0,3,16"
1791506121.550,"B,10875,10,72:3b:01:24:b7:c8,308,11,0,0,-36,S,5c:62:8b:66:67:d2,11,0,0,0"
1791506121.550,"B,10875,10,b2:db:ca:e6:29:a6,56,2,0,0,-42,S,5c:62:8b:66:67:d2,2,0,0,0"
1791506121.752,"B,10975,10,5c:62:8b:66:67:d2,550,5,15674,18,-43,A,5c:62:8b:66:67:d2,0,5,0,0"
1791506121.752,"B,10975,10,cc:b8:5e:ad:5c:4a,15562,14,550,5,-46,S,5c:62:8b:66:67:d2,1,1,0,12"
1791506121.752,"B,10975,10,72:3b:01:24:b7:c8,56,2,0,0,-39,S,5c:62:8b:66:67:d2,2,0,0,0"
1791506121.752,"B,10975,10,b2:db:ca:e6:29:a6,56,2,0,0,-40,S,5c:62:8b:66:67:d2,2,0,0,0"
1791506121.752,"B,11075,10,5c:62:8b:66:67:d2,440,4,38402,40,-43,A,5c:62:8b:66:67:d2,0,4,0,0"
1791506121.752,"B,11075,10,cc:b8:5e:ad:5c:4a,38150,31,440,4,-46,S,5c:62:8b:66:67:d2,0,1,4,26"
1791506121.752,"B,11075,10,72:3b:01:24:b7:c8,196,7,0,0,-36,S,5c:62:8b:66:67:d2,7,0,0,0"
1791506121.752,"B,11075,10,b2:db:ca:e6:29:a6,56,2,0,0,-40,S,5c:62:8b:66:67:d2,2,0,0,0"
1791506121.957,"B,11175,10,5c:62:8b:66:67:d2,880,8,10332,15,-43,A,5c:62:8b:66:67:d2,0,8,0,0"
1791506121.957,"B,11175,10,cc:b8:5e:ad:5c:4a,10164,9,880,8,-47,S,5c:62:8b:66:67:d2,1,0,0,8"
1791506121.957,"B,11175,10,72:3b:01:24:b7:c8,112,4,0,0,-38,S,5c:62:8b:66:67:d2,4,0,0,0"
1791506121.957,"B,11175,10,b2:db:ca:e6:29:a6,56,2,0,0,-40,S,5c:62:8b:66:67:d2,2,0,0,0"
1791506121.957,"B,11275,10,5c:62:8b:66:67:d2,880,8,28624,27,-43,A,5c:62:8b:66:67:d2,0,8,0,0"
1791506121.957,"B,11275,10,cc:b8:5e:ad:5c:4a,28596,26,880,8,-45,S,5c:62:8b:66:67:d2,0,5,1,20"
1791506121.957,"B,11275,10,b2:db:ca:e6:29:a6,28,1,0,0,-42,S,5c:62:8b:66:67:d2,1,0,0,0"
1791506122.161,"B,11375,10,5c:62:8b:66:67:d2,440,4,13546,23,-43,A,5c:62:8b:66:67:d2,0,4,0,0"
1791506122.161,"B,11375,10,cc:b8:5e:ad:5c:4a,13238,12,440,4,-47,S,5c:62:8b:66:67:d2,1,1,0,10"
1791506122.161,"B,11375,10,72:3b:01:24:b7:c8,252,9,0,0,-35,S,5c:62:8b:66:67:d2,9,0,0,0"
1791506122.161,"B,11375,10,b2:db:ca:e6:29:a6,56,2,0,0,-37,S,5c:62:8b:66:67:d2,2,0,0,0"
1791506122.161,"B,11475,10,5c:62:8b:66:67:d2,0,0,8206,13,-45,A,5c:62:8b:66:67:d2,0,0,0,0"
1791506122.161,"B,11475,10,cc:b8:5e:ad:5c:4a,8038,7,0,0,-47,S,5c:62:8b:66:67:d2,0,0,2,5"
1791506122.161,"B,11475,10,72:3b:01:24:b7:c8,112,4,0,0,-35,S,5c:62:8b:66:67:d2,4,0,0,0"
1791506122.161,"B,11475,10,b0:a7:b9:23:82:ee,0,0,30,1,-86,A,b0:a7:b9:23:82:ee,0,0,0,0"
1791506122.161,"B,11475,10,b2:db:ca:e6:29:a6,56,2,0,0,-37,S,5c:62:8b:66:67:d2,2,0,0,0"
1791506122.161,"B,11475,10,f2:51:4e:f8:1a:7f,30,1,0,0,-86,S,b0:a7:b9:23:82:ee,1,0,0,0"
1791506122.366,"B,11575,10,5c:62:8b:66:67:d2,330,3,16778,17,-43,A,5c:62:8b:66:67:d2,0,3,0,0"
1791506122.366,"B,11575,10,cc:b8:5e:ad:5c:4a,16694,14,330,3,-46,S,5c:62:8b:66:67:d2,1,0,0,13"
1791506122.366,"B,11575,10,72:3b:01:24:b7:c8,28,1,0,0,-35,S,5c:62:8b:66:67:d2,1,0,0,0"
1791506122.366,"B,11575,10,b2:db:ca:e6:29:a6,56,2,0,0,-39,S,5c:62:8b:66:67:d2,2,0,0,0"
1791506122.366,"B,11675,10,5c:62:8b:66:67:d2,1616,14,74626,67,-43,A,5c:62:8b:66:67:d2,0,14,0,0"
1791506122.366,"B,11675,10,cc:b8:5e:ad:5c:4a,74514,63,1616,14,-45,S,5c:62:8b:66:67:d2,0,6,2,55"
1791506122.366,"B,11675,10,72:3b:01:24:b7:c8,56,2,0,0,-39,S,5c:62:8b:66:67:d2,2,0,0,0"
1791506122.366,"B,11675,10,b0:a7:b9:23:82:ee,0,0,30,1,-86,A,b0:a7:b9:23:82:ee,0,0,0,0"
1791506122.366,"B,11675,10,b2:db:ca:e6:29:a6,56,2,0,0,-38,S,5c:62:8b:66:67:d2,2,0,0,0"
1791506122.366,"B,11675,10,f2:51:4e:f8:1a:7f,30,1,0,0,-91,S,b0:a7:b9:23:82:ee,1,0,0,0"
1791506122.568,"B,11775,10,5c:62:8b:66:67:d2,0,0,7888,13,-44,A,5c:62:8b:66:67:d2,0,0,0,0"
1791506122.568,"B,11775,10,cc:b8:5e:ad:5c:4a,7720,7,0,0,-44,S,5c:62:8b:66:67:d2,1,0,0,6"
1791506122.568,"B,11775,10,72:3b:01:24:b7:c8,140,5,0,0,-39,S,5c:62:8b:66:67:d2,5,0,0,0"
1791506122.568,"B,11775,10,b0:a7:b9:23:82:ee,0,0,30,1,0,A,b0:a7:b9:23:82:ee,0,0,0,0"
1791506122.568,"B,11775,10,b2:db:ca:e6:29:a6,28,1,0,0,-40,S,5c:62:8b:66:67:d2,1,0,0,0"
1791506122.568,"B,11775,10,f2:51:4e:f8:1a:7f,30,1,0,0,-89,S,b0:a7:b9:23:82:ee,1,0,0,0"
1791506122.568,"B,11875,10,5c:62:8b:66:67:d2,3080,28,157742,125,-42,A,5c:62:8b:66:67:d2,0,28,0,0"
1791506122.568,"B,11875,10,cc:b8:5e:ad:5c:4a,157714,124,3080,28,-44,S,5c:62:8b:66:67:d2,1,0,0,123"
1791506122.568,"B,11875,10,b2:db:ca:e6:29:a6,28,1,0,0,-35,S,5c:62:8b:66:67:d2,1,0,0,0"
1791506122.771,"B,11975,10,78:8c:b5:f5:e7:26,80,1,0,0,-77,A,78:8c:b5:f5:e7:26,1,0,0,0"
1791506122.771,"B,11975,10,5c:62:8b:66:67:d2,1100,10,47290,46,-42,A,5c:62:8b:66:67:d2,0,10,0,0"
1791506122.771,"B,11975,10,cc:b8:5e:ad:5c:4a,47122,40,1100,10,-46,S,5c:62:8b:66:67:d2,1,3,1,35"
1791506122.771,"B,11975,10,72:3b:01:24:b7:c8,84,3,0,0,-39,S,5c:62:8b:66:67:d2,3,0,0,0"
1791506122.771,"B,11975,10,b0:a7:b9:23:82:ee,0,0,82,1,-87,A,b0:a7:b9:23:82:ee,0,0,0,0"
1791506122.771,"B,11975,10,b2:db:ca:e6:29:a6,84,3,0,0,-38,S,5c:62:8b:66:67:d2,3,0,0,0"
1791506122.771,"B,11975,10,f2:51:4e:f8:1a:7f,82,1,0,0,-89,S,b0:a7:b9:23:82:ee,1,0,0,0"
1791506122.771,"B,12075,10,5c:62:8b:66:67:d2,1210,11,34164,39,-42,A,5c:62:8b:66:67:d2,0,11,0,0"
1791506122.771,"B,12075,10,cc:b8:5e:ad:5c:4a,33940,31,1210,11,-46,S,5c:62:8b:66:67:d2,1,4,1,25"
1791506122.771,"B,12075,10,72:3b:01:24:b7:c8,168,6,0,0,-36,S,5c:62:8b:66:67:d2,6,0,0,0"
1791506122.771,"B,12075,10,b2:db:ca:e6:29:a6,56,2,0,0,-39,S,5c:62:8b:66:67:d2,2,0,0,0"
1791506122.974,"B,12175,10,5c:62:8b:66:67:d2,1320,12,48790,48,-42,A,5c:62:8b:66:67:d2,0,12,0,0"
1791506122.974,"B,12175,10,cc:b8:5e:ad:5c:4a,48566,40,1320,12,-46,S,5c:62:8b:66:67:d2,1,0,5,34"
1791506122.974,"B,12175,10,72:3b:01:24:b7:c8,168,6,0,0,-39,S,5c:62:8b:66:67:d2,6,0,0,0"
1791506122.974,"B,12175,10,b2:db:ca:e6:29:a6,56,2,0,0,-42,S,5c:62:8b:66:67:d2,2,0,0,0"
1791506122.974,"B,12275,10,5c:62:8b:66:67:d2,440,4,31154,31,-43,A,5c:62:8b:66:67:d2,0,4,0,0"
1791506122.974,"B,12275,10,cc:b8:5e:ad:5c:4a,31070,28,440,4,-46,S,5c:62:8b:66:67:d2,1,5,2,20"
1791506122.974,"B,12275,10,72:3b:01:24:b7:c8,56,2,0,0,-40,S,5c:62:8b:66:67:d2,2,0,0,0"
1791506122.974,"B,12275,10,b2:db:ca:e6:29:a6,28,1,0,0,-41,S,5c:62:8b:66:67:d2,1,0,0,0"
1791506123.179,"B,12375,10,5c:62:8b:66:67:d2,0,0,16806,18,-45,A,5c:62:8b:66:67:d2,0,0,0,0"
1791506123.179,"B,12375,10,cc:b8:5e:ad:5c:4a,16666,13,0,0,-47,S,5c:62:8b:66:67:d2,0,0,0,13"
1791506123.179,"B,12375,10,72:3b:01:24:b7:c8,84,3,0,0,-40,S,5c:62:8b:66:67:d2,3,0,0,0"
1791506123.179,"B,12375,10,b2:db:ca:e6:29:a6,56,2,0,0,-41,S,5c:62:8b:66:67:d2,2,0,0,0"
1791506123.179,"B,12475,10,5c:62:8b:66:67:d2,110,1,1562,11,-42,A,5c:62:8b:66:67:d2,0,1,0,0"
1791506123.179,"B,12475,10,cc:b8:5e:ad:5c:4a,1310,2,110,1,-48,S,5c:62:8b:66:67:d2,1,0,0,1"
1791506123.179,"B,12475,10,72:3b:01:24:b7:c8,196,7,0,0,-40,S,5c:62:8b:66:67:d2,7,0,0,0"
1791506123.179,"B,12475,10,b2:db:ca:e6:29:a6,56,2,0,0,-42,S,5c:62:8b:66:67:d2,2,0,0,0"
1791506123.384,"B,12575,10,5c:62:8b:66:67:d2,2090,19,58258,53,-42,A,5c:62:8b:66:67:d2,0,19,0,0"
1791506123.384,"B,12575,10,cc:b8:5e:ad:5c:4a,58146,49,2090,19,-47,S,5c:62:8b:66:67:d2,0,5,1,43"
1791506123.384,"B,12575,10,72:3b:01:24:b7:c8,56,2,0,0,-40,S,5c:62:8b:66:67:d2,2,0,0,0"
1791506123.384,"B,12575,10,b2:db:ca:e6:29:a6,56,2,0,0,-42,S,5c:62:8b:66:67:d2,2,0,0,0"
1791506123.384,"B,12675,10,5c:62:8b:66:67:d2,0,0,11038,13,-43,A,5c:62:8b:66:67:d2,0,0,0,0"
1791506123.384,"B,12675,10,cc:b8:5e:ad:5c:4a,10954,10,0,0,-48,S,5c:62:8b:66:67:d2,1,1,0,8"
1791506123.384,"B,12675,10,72:3b:01:24:b7:c8,28,1,0,0,-40,S,5c:62:8b:66:67:d2,1,0,0,0"
1791506123.384,"B,12675,10,b2:db:ca:e6:29:a6,56,2,0,0,-41,S,5c:62:8b:66:67:d2,2,0,0,0"
1791506123.587,"B,12775,10,5c:62:8b:66:67:d2,550,5,23526,26,-42,A,5c:62:8b:66:67:d2,0,5,0,0"
1791506123.587,"B,12775,10,cc:b8:5e:ad:5c:4a,23358,20,550,5,-48,S,5c:62:8b:66:67:d2,1,1,0,18"
1791506123.587,"B,12775,10,72:3b:01:24:b7:c8,112,4,0,0,-40,S,5c:62:8b:66:67:d2,4,0,0,0"
1791506123.587,"B,12775,10,b2:db:ca:e6:29:a6,56,2,0,0,-43,S,5c:62:8b:66:67:d2,2,0,0,0"
1791506123.587,"B,12875,10,5c:62:8b:66:67:d2,0,0,84,3,-44,A,5c:62:8b:66:67:d2,0,0,0,0"
1791506123.587,"B,12875,10,b0:a7:b9:23:82:ee,0,0,30,1,-87,A,b0:a7:b9:23:82:ee,0,0,0,0"
1791506123.587,"B,12875,10,b2:db:ca:e6:29:a6,84,3,0,0,-40,S,5c:62:8b:66:67:d2,3,0,0,0"
1791506123.587,"B,12875,10,f2:51:4e:f8:1a:7f,30,1,0,0,-89,S,b0:a7:b9:23:82:ee,1,0,0,0"
1791506123.787,"B,12975,10,5c:62:8b:66:67:d2,660,6,68122,60,-43,A,5c:62:8b:66:67:d2,0,6,0,0"
1791506123.787,"B,12975,10,cc:b8:5e:ad:5c:4a,68066,58,660,6,-46,S,5c:62:8b:66:67:d2,1,5,0,52"
1791506123.787,"B,12975,10,72:3b:01:24:b7:c8,28,1,0,0,-42,S,5c:62:8b:66:67:d2,1,0,0,0"
1791506123.787,"B,12975,10,b0:a7:b9:23:82:ee,0,0,30,1,0,A,b0:a7:b9:23:82:ee,0,0,0,0"
1791506123.787,"B,12975,10,b2:db:ca:e6:29:a6,28,1,0,0,-36,S,5c:62:8b:66:67:d2,1,0,0,0"
1791506123.787,"B,12975,10,f2:51:4e:f8:1a:7f,30,1,0,0,-90,S,b0:a7:b9:23:82:ee,1,0,0,0"
1791506123.787,"B,13075,10,78:8c:b5:f5:e7:26,0,0,28,1,-77,A,78:8c:b5:f5:e7:26,0,0,0,0"
1791506123.787,"B,13075,10,5c:62:8b:66:67:d2,1540,14,58808,50,-42,A,5c:62:8b:66:67:d2,0,14,0,0"
1791506123.787,"B,13075,10,cc:b8:5e:ad:5c:4a,58780,49,1540,14,-45,S,5c:62:8b:66:67:d2,1,1,6,41"
1791506123.787,"B,13075,10,b2:db:ca:e6:29:a6,28,1,0,0,-42,S,5c:62:8b:66:67:d2,1,0,0,0"
1791506123.787,"B,13075,10,00:08:22:24:d6:fb,28,1,0,0,-80,S,78:8c:b5:f5:e7:26,1,0,0,0"
1791506123.787,"B,13175,10,5c:62:8b:66:67:d2,770,7,24138,21,-43,A,5c:62:8b:66:67:d2,0,7,0,0"
1791506123.988,"B,13175,10,cc:b8:5e:ad:5c:4a,23930,19,770,7,-45,S,5c:62:8b:66:67:d2,0,0,1,18"
1791506123.988,"B,13175,10,b0:a7:b9:23:82:ee,0,0,90,3,-87,A,b0:a7:b9:23:82:ee,0,0,0,0"
1791506123.988,"B,13175,10,f2:51:4e:f8:1a:7f,90,3,0,0,-90,S,b0:a7:b9:23:82:ee,3,0,0,0"
1791506123.988,"B,13175,10,46:88:44:6e:4f:e4,208,2,0,0,-38,S,5c:62:8b:66:67:d2,1,1,0,0"
1791506123.988,"B,13275,10,5c:62:8b:66:67:d2,550,5,34320,34,-43,A,5c:62:8b:66:67:d2,0,5,0,0"
1791506123.988,"B,13275,10,cc:b8:5e:ad:5c:4a,34180,29,550,5,-46,S,5c:62:8b:66:67:d2,1,2,0,26"
1791506123.988,"B,13275,10,72:3b:01:24:b7:c8,140,5,0,0,-42,S,5c:62:8b:66:67:d2,5,0,0,0"
1791506123.988,"B,13275,10,b0:a7:b9:23:82:ee,0,0,30,1,-87,A,b0:a7:b9:23:82:ee,0,0,0,0"
1791506123.988,"B,13275,10,f2:51:4e:f8:1a:7f,30,1,0,0,-90,S,b0:a7:b9:23:82:ee,1,0,0,0"
1791506124.188,"B,13375,10,5c:62:8b:66:67:d2,1103,10,86868,71,-43,A,5c:62:8b:66:67:d2,0,10,0,0"
1791506124.188,"B,13375,10,cc:b8:5e:ad:5c:4a,86774,70,880,8,-44,S,5c:62:8b:66:67:d2,1,0,4,65"
1791506124.188,"B,13375,10,b0:a7:b9:23:82:ee,0,0,30,1,0,A,b0:a7:b9:23:82:ee,0,0,0,0"
1791506124.188,"B,13375,10,f2:51:4e:f8:1a:7f,30,1,0,0,-91,S,b0:a7:b9:23:82:ee,1,0,0,0"
1791506124.188,"B,13375,10,46:88:44:6e:4f:e4,94,1,223,2,-38,S,5c:62:8b:66:67:d2,1,0,0,0"
1791506124.188,"B,13475,10,5c:62:8b:66:67:d2,1100,10,110246,89,-43,A,5c:62:8b:66:67:d2,0,10,0,0"
1791506124.188,"B,13475,10,cc:b8:5e:ad:5c:4a,110152,88,1100,10,-45,S,5c:62:8b:66:67:d2,2,0,0,86"
1791506124.188,"B,13475,10,b0:a7:b9:23:82:ee,0,0,30,1,0,A,b0:a7:b9:23:82:ee,0,0,0,0"
1791506124.188,"B,13475,10,f2:51:4e:f8:1a:7f,30,1,0,0,-85,S,b0:a7:b9:23:82:ee,1,0,0,0"
1791506124.188,"B,13475,10,46:88:44:6e:4f:e4,94,1,0,0,-37,S,5c:62:8b:66:67:d2,1,0,0,0"
1791506124.188,"B,13575,10,5c:62:8b:66:67:d2,1812,16,76958,62,-42,A,5c:62:8b:66:67:d2,0,16,0,0"
1791506124.390,"B,13575,10,cc:b8:5e:ad:5c:4a,76958,62,1812,16,-43,S,5c:62:8b:66:67:d2,1,0,3,58"
1791506124.390,"B,13675,10,5c:62:8b:66:67:d2,1210,11,76432,67,-43,A,5c:62:8b:66:67:d2,0,11,0,0"
1791506124.390,"B,13675,10,cc:b8:5e:ad:5c:4a,76404,66,1210,11,-46,S,5c:62:8b:66:67:d2,4,0,8,54"
1791506124.390,"B,13675,10,72:3b:01:24:b7:c8,28,1,0,0,-41,S,5c:62:8b:66:67:d2,1,0,0,0"
1791506124.590,"B,13775,10,5c:62:8b:66:67:d2,660,6,61576,50,-43,A,5c:62:8b:66:67:d2,0,6,0,0"
1791506124.590,"B,13775,10,cc:b8:5e:ad:5c:4a,61548,49,660,6,-45,S,5c:62:8b:66:67:d2,1,0,0,48"
1791506124.590,"B,13775,10,72:3b:01:24:b7:c8,28,1,0,0,-40,S,5c:62:8b:66:67:d2,1,0,0,0"
1791506124.590,"B,13875,10,5c:62:8b:66:67:d2,990,9,55172,51,-42,A,5c:62:8b:66:67:d2,0,9,0,0"
1791506124.590,"B,13875,10,cc:b8:5e:ad:5c:4a,55004,45,990,9,-46,S,5c:62:8b:66:67:d2,1,1,3,40"
1791506124.590,"B,13875,10,72:3b:01:24:b7:c8,168,6,0,0,-38,S,5c:62:8b:66:67:d2,6,0,0,0"
1791506124.590,"B,13975,10,5c:62:8b:66:67:d2,220,2,8882,7,-43,A,5c:62:8b:66:67:d2,0,2,0,0"
1791506124.590,"B,13975,10,cc:b8:5e:ad:5c:4a,8882,7,220,2,-46,S,5c:62:8b:66:67:d2,0,0,1,6"
1791506124.790,"B,14075,10,5c:62:8b:66:67:d2,440,4,14256,14,-43,A,5c:62:8b:66:67:d2,0,4,0,0"
1791506124.790,"B,14075,10,cc:b8:5e:ad:5c:4a,14228,13,440,4,-47,S,5c:62:8b:66:67:d2,1,0,2,10"
1791506124.790,"B,14075,10,72:3b:01:24:b7:c8,28,1,0,0,-35,S,5c:62:8b:66:67:d2,1,0,0,0"
1791506124.790,"B,14175,10,5c:62:8b:66:67:d2,114,1,6018,13,-43,A,5c:62:8b:66:67:d2,0,1,0,0"
1791506124.790,"B,14175,10,cc:b8:5e:ad:5c:4a,5850,7,114,1,-47,S,5c:62:8b:66:67:d2,2,1,0,4"
1791506124.990,"B,14175,10,72:3b:01:24:b7:c8,56,2,0,0,-37,S,5c:62:8b:66:67:d2,2,0,0,0"
1791506124.990,"B,14175,10,b2:db:ca:e6:29:a6,112,4,0,0,-41,S,5c:62:8b:66:67:d2,4,0,0,0"
1791506124.990,"B,14275,10,5c:62:8b:66:67:d2,896,8,30722,30,-43,A,5c:62:8b:66:67:d2,0,8,0,0"
1791506124.990,"B,14275,10,cc:b8:5e:ad:5c:4a,30666,28,896,8,-47,S,5c:62:8b:66:67:d2,1,4,0,23"
1791506124.990,"B,14275,10,b2:db:ca:e6:29:a6,56,2,0,0,-43,S,5c:62:8b:66:67:d2,2,0,0,0"
1791506125.191,"B,14375,10,5c:62:8b:66:67:d2,110,1,9696,17,-43,A,5c:62:8b:66:67:d2,0,1,0,0"
1791506125.191,"B,14375,10,cc:b8:5e:ad:5c:4a,9500,10,110,1,-46,S,5c:62:8b:66:67:d2,0,5,0,5"
1791506125.191,"B,14375,10,72:3b:01:24:b7:c8,140,5,0,0,-38,S,5c:62:8b:66:67:d2,5,0,0,0"
1791506125.191,"B,14375,10,b0:a7:b9:23:82:ee,0,0,30,1,-90,A,b0:a7:b9:23:82:ee,0,0,0,0"
1791506125.191,"B,14375,10,b2:db:ca:e6:29:a6,56,2,0,0,-41,S,5c:62:8b:66:67:d2,2,0,0,0"
1791506125.191,"B,14375,10,f2:51:4e:f8:1a:7f,30,1,0,0,-88,S,b0:a7:b9:23:82:ee,1,0,0,0"
1791506125.191,"B,14475,10,5c:62:8b:66:67:d2,440,4,12028,14,-43,A,5c:62:8b:66:67:d2,0,4,0,0"
1791506125.191,"B,14475,10,cc:b8:5e:ad:5c:4a,11944,11,440,4,-45,S,5c:62:8b:66:67:d2,1,1,1,8"
1791506125.191,"B,14475,10,72:3b:01:24:b7:c8,56,2,0,0,-37,S,5c:62:8b:66:67:d2,2,0,0,0"
1791506125.191,"B,14475,10,b2:db:ca:e6:29:a6,28,1,0,0,-42,S,5c:62:8b:66:67:d2,1,0,0,0"
1791506125.191,"B,14575,10,5c:62:8b:66:67:d2,186,1,16116,19,-44,A,5c:62:8b:66:67:d2,0,1,0,0"
1791506125.191,"B,14575,10,cc:b8:5e:ad:5c:4a,16060,17,186,1,-46,S,5c:62:8b:66:67:d2,1,6,0,10"
1791506125.191,"B,14575,10,72:3b:01:24:b7:c8,56,2,0,0,-36,S,5c:62:8b:66:67:d2,2,0,0,0"
1791506125.391,"B,14575,10,b0:a7:b9:23:82:ee,0,0,30,1,-91,A,b0:a7:b9:23:82:ee,0,0,0,0"
1791506125.391,"B,14575,10,f2:51:4e:f8:1a:7f,30,1,0,0,-92,S,b0:a7:b9:23:82:ee,1,0,0,0"
1791506125.391,"B,14675,10,5c:62:8b:66:67:d2,550,5,44472,43,-43,A,5c:62:8b:66:67:d2,0,5,0,0"
1791506125.391,"B,14675,10,cc:b8:5e:ad:5c:4a,44304,37,550,5,-47,S,5c:62:8b:66:67:d2,1,1,5,30"
1791506125.391,"B,14675,10,72:3b:01:24:b7:c8,168,6,0,0,-40,S,5c:62:8b:66:67:d2,6,0,0,0"
1791506125.391,"B,14675,10,b0:a7:b9:23:82:ee,0,0,30,1,0,A,b0:a7:b9:23:82:ee,0,0,0,0"
1791506125.391,"B,14675,10,f2:51:4e:f8:1a:7f,30,1,0,0,-92,S,b0:a7:b9:23:82:ee,1,0,0,0"
1791506125.391,"B,14775,10,5c:62:8b:66:67:d2,7254,23,67974,54,-43,A,5c:62:8b:66:67:d2,0,19,0,4"
1791506125.391,"B,14775,10,cc:b8:5e:ad:5c:4a,67974,54,2126,19,-47,S,5c:62:8b:66:67:d2,1,0,0,53"
1791506125.391,"B,14775,10,72:3b:01:24:b7:c8,0,0,5128,4,0,S,5c:62:8b:66:67:d2,0,0,0,0"
1791506125.592,"B,14875,10,5c:62:8b:66:67:d2,2750,25,152256,125,-43,A,5c:62:8b:66:67:d2,0,25,0,0"
1791506125.592,"B,14875,10,cc:b8:5e:ad:5c:4a,152256,125,2750,25,-47,S,5c:62:8b:66:67:d2,1,8,0,116"
1791506125.592,"B,14975,10,5c:62:8b:66:67:d2,990,9,40250,39,-43,A,5c:62:8b:66:67:d2,0,9,0,0"
1791506125.592,"B,14975,10,cc:b8:5e:ad:5c:4a,40110,34,990,9,-47,S,5c:62:8b:66:67:d2,1,3,0,30"
1791506125.592,"B,14975,10,72:3b:01:24:b7:c8,140,5,0,0,-40,S,5c:62:8b:66:67:d2,5,0,0,0"
1791506125.792,"B,15075,10,5c:62:8b:66:67:d2,330,3,27754,28,-42,A,5c:62:8b:66:67:d2,0,3,0,0"
1791506125.792,"B,15075,10,cc:b8:5e:ad:5c:4a,27642,24,330,3,-47,S,5c:62:8b:66:67:d2,1,1,5,17"
1791506125.792,"B,15075,10,72:3b:01:24:b7:c8,112,4,0,0,-37,S,5c:62:8b:66:67:d2,4,0,0,0"
1791506125.792,"B,15075,10,cc:d8:43:ca:9f:eb,0,0,30,1,-76,A,cc:d8:43:ca:9f:eb,0,0,0,0"
1791506125.792,"B,15075,10,98:5f:41:bf:7c:ff,30,1,0,0,-70,S,cc:d8:43:ca:9f:eb,1,0,0,0"
1791506125.792,"I,15082,stat,rx=5719,drops=0,ch=10,bin=100,hop=0,heap=202024"
1791506125.792,"B,15175,10,5c:62:8b:66:67:d2,330,3,14732,17,-43,A,5c:62:8b:66:67:d2,0,3,0,0"
1791506125.792,"B,15175,10,cc:b8:5e:ad:5c:4a,14620,13,330,3,-46,S,5c:62:8b:66:67:d2,1,1,0,11"
1791506125.792,"B,15175,10,72:3b:01:24:b7:c8,112,4,0,0,-39,S,5c:62:8b:66:67:d2,4,0,0,0"
1791506125.992,"B,15175,10,cc:d8:43:ca:9f:eb,0,0,30,1,0,A,cc:d8:43:ca:9f:eb,0,0,0,0"
1791506125.992,"B,15175,10,98:5f:41:bf:7c:ff,30,1,0,0,-70,S,cc:d8:43:ca:9f:eb,1,0,0,0"
1791506125.992,"B,15275,10,5c:62:8b:66:67:d2,440,4,32998,32,-42,A,5c:62:8b:66:67:d2,0,4,0,0"
1791506125.992,"B,15275,10,cc:b8:5e:ad:5c:4a,32886,28,440,4,-46,S,5c:62:8b:66:67:d2,1,0,6,21"
1791506125.992,"B,15275,10,72:3b:01:24:b7:c8,56,2,0,0,-40,S,5c:62:8b:66:67:d2,2,0,0,0"
1791506125.992,"B,15275,10,b2:db:ca:e6:29:a6,56,2,0,0,-41,S,5c:62:8b:66:67:d2,2,0,0,0"
1791506125.992,"B,15375,10,5c:62:8b:66:67:d2,1502,3,17082,18,-43,A,5c:62:8b:66:67:d2,0,2,0,1"
1791506125.992,"B,15375,10,cc:b8:5e:ad:5c:4a,17026,16,220,2,-48,S,5c:62:8b:66:67:d2,1,2,0,13"
1791506125.992,"B,15375,10,72:3b:01:24:b7:c8,0,0,1282,1,0,S,5c:62:8b:66:67:d2,0,0,0,0"
1791506125.992,"B,15375,10,b2:db:ca:e6:29:a6,56,2,0,0,-41,S,5c:62:8b:66:67:d2,2,0,0,0"
1791506126.193,"B,15475,10,5c:62:8b:66:67:d2,20984,28,47458,43,-43,A,5c:62:8b:66:67:d2,0,12,4,12"
1791506126.193,"B,15475,10,cc:b8:5e:ad:5c:4a,47402,41,1100,10,-45,S,5c:62:8b:66:67:d2,0,5,5,31"
1791506126.193,"B,15475,10,72:3b:01:24:b7:c8,28,1,19884,18,-40,S,5c:62:8b:66:67:d2,1,0,0,0"
1791506126.193,"B,15475,10,b2:db:ca:e6:29:a6,28,1,0,0,-42,S,5c:62:8b:66:67:d2,1,0,0,0"
1791506126.193,"B,15575,10,5c:62:8b:66:67:d2,770,7,19932,22,-43,A,5c:62:8b:66:67:d2,0,7,0,0"
1791506126.193,"B,15575,10,cc:b8:5e:ad:5c:4a,19820,18,770,7,-45,S,5c:62:8b:66:67:d2,2,1,0,15"
1791506126.193,"B,15575,10,72:3b:01:24:b7:c8,28,1,0,0,-44,S,5c:62:8b:66:67:d2,1,0,0,0"
1791506126.193,"B,15575,10,b2:db:ca:e6:29:a6,84,3,0,0,-42,S,5c:62:8b:66:67:d2,3,0,0,0"
1791506126.393,"B,15675,10,5c:62:8b:66:67:d2,0,0,15524,17,-45,A,5c:62:8b:66:67:d2,0,0,0,0"
1791506126.393,"B,15675,10,cc:b8:5e:ad:5c:4a,15384,12,0,0,-48,S,5c:62:8b:66:67:d2,0,0,0,12"
1791506126.393,"B,15675,10,72:3b:01:24:b7:c8,112,4,0,0,-38,S,5c:62:8b:66:67:d2,4,0,0,0"
1791506126.393,"B,15675,10,b2:db:ca:e6:29:a6,28,1,0,0,-42,S,5c:62:8b:66:67:d2,1,0,0,0"
1791506126.393,"B,15775,10,5c:62:8b:66:67:d2,770,7,25060,27,-43,A,5c:62:8b:66:67:d2,0,7,0,0"
1791506126.393,"B,15775,10,cc:b8:5e:ad:5c:4a,24892,21,770,7,-46,S,5c:62:8b:66:67:d2,1,0,2,18"
1791506126.393,"B,15775,10,72:3b:01:24:b7:c8,112,4,0,0,-40,S,5c:62:8b:66:67:d2,4,0,0,0"
1791506126.593,"B,15775,10,b2:db:ca:e6:29:a6,56,2,0,0,-42,S,5c:62:8b:66:67:d2,2,0,0,0"
1791506126.593,"B,15875,10,5c:62:8b:66:67:d2,0,0,56,2,-44,A,5c:62:8b:66:67:d2,0,0,0,0"
1791506126.593,"B,15875,10,b2:db:ca:e6:29:a6,56,2,0,0,-42,S,5c:62:8b:66:67:d2,2,0,0,0"
1791506126.593,"B,15975,10,5c:62:8b:66:67:d2,1320,12,44992,43,-42,A,5c:62:8b:66:67:d2,0,12,0,0"
1791506126.593,"B,15975,10,cc:b8:5e:ad:5c:4a,44880,39,1320,12,-46,S,5c:62:8b:66:67:d2,1,3,3,32"
1791506126.593,"B,15975,10,72:3b:01:24:b7:c8,28,1,0,0,-41,S,5c:62:8b:66:67:d2,1,0,0,0"
1791506126.793,"B,15975,10,b2:db:ca:e6:29:a6,84,3,0,0,-41,S,5c:62:8b:66:67:d2,3,0,0,0"
1791506126.793,"B,16075,10,5c:62:8b:66:67:d2,0,0,32246,32,-44,A,5c:62:8b:66:67:d2,0,0,0,0"
1791506126.793,"B,16075,10,cc:b8:5e:ad:5c:4a,32050,25,0,0,-45,S,5c:62:8b:66:67:d2,0,0,0,25"
1791506126.793,"B,16075,10,72:3b:01:24:b7:c8,140,5,0,0,-40,S,5c:62:8b:66:67:d2,5,0,0,0"
1791506126.793,"B,16075,10,b2:db:ca:e6:29:a6,56,2,0,0,-43,S,5c:62:8b:66:67:d2,2,0,0,0"
1791506126.793,"B,16175,10,5c:62:8b:66:67:d2,1320,12,51698,50,-42,A,5c:62:8b:66:67:d2,0,12,0,0"
1791506126.793,"B,16175,10,cc:b8:5e:ad:5c:4a,51474,42,1320,12,-45,S,5c:62:8b:66:67:d2,1,1,2,38"
1791506126.793,"B,16175,10,72:3b:01:24:b7:c8,140,5,0,0,-40,S,5c:62:8b:66:67:d2,5,0,0,0"
1791506126.994,"B,16175,10,b2:db:ca:e6:29:a6,84,3,0,0,-42,S,5c:62:8b:66:67:d2,3,0,0,0"
1791506126.994,"B,16275,10,5c:62:8b:66:67:d2,0,0,12256,24,0,A,5c:62:8b:66:67:d2,0,0,0,0"
1791506126.994,"B,16275,10,cc:b8:5e:ad:5c:4a,11892,11,0,0,-46,S,5c:62:8b:66:67:d2,1,0,4,6"
1791506126.994,"B,16275,10,72:3b:01:24:b7:c8,336,12,0,0,-43,S,5c:62:8b:66:67:d2,12,0,0,0"
1791506126.994,"B,16275,10,b2:db:ca:e6:29:a6,28,1,0,0,-42,S,5c:62:8b:66:67:d2,1,0,0,0"
1791506126.994,"B,16375,10,5c:62:8b:66:67:d2,660,6,32170,29,-42,A,5c:62:8b:66:67:d2,0,6,0,0"
1791506126.994,"B,16375,10,cc:b8:5e:ad:5c:4a,32142,28,660,6,-45,S,5c:62:8b:66:67:d2,1,0,5,22"
1791506126.994,"B,16375,10,72:3b:01:24:b7:c8,28,1,0,0,-46,S,5c:62:8b:66:67:d2,1,0,0,0"
1791506127.195,"B,16475,10,5c:62:8b:66:67:d2,770,7,34252,31,-43,A,5c:62:8b:66:67:d2,0,7,0,0"
1791506127.195,"B,16475,10,cc:b8:5e:ad:5c:4a,34196,29,770,7,-46,S,5c:62:8b:66:67:d2,1,0,6,22"
1791506127.195,"B,16475,10,72:3b:01:24:b7:c8,56,2,0,0,-40,S,5c:62:8b:66:67:d2,2,0,0,0"
1791506127.195,"B,16575,10,5c:62:8b:66:67:d2,220,2,6904,11,-43,A,5c:62:8b:66:67:d2,0,2,0,0"
1791506127.195,"B,16575,10,cc:b8:5e:ad:5c:4a,6764,6,220,2,-47,S,5c:62:8b:66:67:d2,0,1,0,5"
1791506127.195,"B,16575,10,72:3b:01:24:b7:c8,140,5,0,0,-40,S,5c:62:8b:66:67:d2,5,0,0,0"
1791506127.395,"B,16675,10,5c:62:8b:66:67:d2,770,7,35400,31,-43,A,5c:62:8b:66:67:d2,0,7,0,0"
1791506127.395,"B,16675,10,cc:b8:5e:ad:5c:4a,35344,29,770,7,-45,S,5c:62:8b:66:67:d2,1,0,2,26"
1791506127.395,"B,16675,10,b2:db:ca:e6:29:a6,56,2,0,0,-43,S,5c:62:8b:66:67:d2,2,0,0,0"
1791506127.395,"B,16775,10,5c:62:8b:66:67:d2,770,7,36208,35,-42,A,5c:62:8b:66:67:d2,0,7,0,0"
1791506127.395,"B,16775,10,cc:b8:5e:ad:5c:4a,36152,33,770,7,-45,S,5c:62:8b:66:67:d2,1,7,0,25"
1791506127.395,"B,16775,10,72:3b:01:24:b7:c8,28,1,0,0,-41,S,5c:62:8b:66:67:d2,1,0,0,0"
1791506127.395,"B,16775,10,b2:db:ca:e6:29:a6,28,1,0,0,-42,S,5c:62:8b:66:67:d2,1,0,0,0"
1791506127.597,"B,16875,10,5c:62:8b:66:67:d2,220,2,22920,28,-43,A,5c:62:8b:66:67:d2,0,2,0,0"
1791506127.597,"B,16875,10,cc:b8:5e:ad:5c:4a,22668,19,220,2,-45,S,5c:62:8b:66:67:d2,1,0,1,17"
1791506127.597,"B,16875,10,72:3b:01:24:b7:c8,196,7,0,0,-41,S,5c:62:8b:66:67:d2,7,0,0,0"
1791506127.597,"B,16875,10,b2:db:ca:e6:29:a6,56,2,0,0,-42,S,5c:62:8b:66:67:d2,2,0,0,0"
1791506127.597,"B,16975,10,5c:62:8b:66:67:d2,1100,10,43806,39,-42,A,5c:62:8b:66:67:d2,0,10,0,0"
1791506127.597,"B,16975,10,cc:b8:5e:ad:5c:4a,43750,37,1100,10,-45,S,5c:62:8b:66:67:d2,0,3,3,31"
1791506127.597,"B,16975,10,b0:a7:b9:23:82:ee,0,0,30,1,-87,A,b0:a7:b9:23:82:ee,0,0,0,0"
1791506127.597,"B,16975,10,b2:db:ca:e6:29:a6,56,2,0,0,-43,S,5c:62:8b:66:67:d2,2,0,0,0"
1791506127.597,"B,16975,10,f2:51:4e:f8:1a:7f,30,1,0,0,-87,S,b0:a7:b9:23:82:ee,1,0,0,0"
1791506127.799,"B,17075,10,5c:62:8b:66:67:d2,880,8,65714,60,-42,A,5c:62:8b:66:67:d2,0,8,0,0"
1791506127.799,"B,17075,10,cc:b8:5e:ad:5c:4a,65602,56,880,8,-45,S,5c:62:8b:66:67:d2,1,5,0,50"
1791506127.799,"B,17075,10,72:3b:01:24:b7:c8,28,1,0,0,-41,S,5c:62:8b:66:67:d2,1,0,0,0"
1791506127.799,"B,17075,10,b2:db:ca:e6:29:a6,84,3,0,0,-42,S,5c:62:8b:66:67:d2,3,0,0,0"
1791506127.799,"B,17175,10,5c:62:8b:66:67:d2,660,6,23838,31,-42,A,5c:62:8b:66:67:d2,0,6,0,0"
1791506127.799,"B,17175,10,cc:b8:5e:ad:5c:4a,23530,20,660,6,-46,S,5c:62:8b:66:67:d2,1,1,0,18"
1791506127.799,"B,17175,10,72:3b:01:24:b7:c8,280,10,0,0,-41,S,5c:62:8b:66:67:d2,10,0,0,0"
1791506127.799,"B,17175,10,b2:db:ca:e6:29:a6,28,1,0,0,-42,S,5c:62:8b:66:67:d2,1,0,0,0"
1791506128.000,"B,17275,10,5c:62:8b:66:67:d2,550,5,31994,28,-43,A,5c:62:8b:66:67:d2,0,5,0,0"
1791506128.000,"B,17275,10,cc:b8:5e:ad:5c:4a,31994,28,550,5,-46,S,5c:62:8b:66:67:d2,1,2,1,24"
1791506128.000,"B,17275,10,b0:a7:b9:23:82:ee,0,0,30,1,0,A,b0:a7:b9:23:82:ee,0,0,0,0"
1791506128.000,"B,17275,10,f2:51:4e:f8:1a:7f,30,1,0,0,-91,S,b0:a7:b9:23:82:ee,1,0,0,0"
1791506128.000,"B,17375,10,5c:62:8b:66:67:d2,550,5,20468,18,-43,A,5c:62:8b:66:67:d2,0,5,0,0"
1791506128.000,"B,17375,10,cc:b8:5e:ad:5c:4a,20412,16,550,5,-45,S,5c:62:8b:66:67:d2,0,0,1,15"
1791506128.000,"B,17375,10,b0:a7:b9:23:82:ee,0,0,60,2,0,A,b0:a7:b9:23:82:ee,0,0,0,0"
1791506128.000,"B,17375,10,b2:db:ca:e6:29:a6,56,2,0,0,-42,S,5c:62:8b:66:67:d2,2,0,0,0"
1791506128.000,"B,17375,10,f2:51:4e:f8:1a:7f,60,2,0,0,-90,S,b0:a7:b9:23:82:ee,2,0,0,0"
1791506128.201,"B,17475,10,5c:62:8b:66:67:d2,736,6,16932,24,-42,A,5c:62:8b:66:67:d2,0,6,0,0"
1791506128.201,"B,17475,10,cc:b8:5e:ad:5c:4a,16792,19,736,6,-46,S,5c:62:8b:66:67:d2,1,4,5,9"
1791506128.201,"B,17475,10,72:3b:01:24:b7:c8,84,3,0,0,-40,S,5c:62:8b:66:67:d2,3,0,0,0"
1791506128.201,"B,17475,10,b2:db:ca:e6:29:a6,56,2,0,0,-42,S,5c:62:8b:66:67:d2,2,0,0,0"
1791506128.201,"B,17575,10,5c:62:8b:66:67:d2,440,4,14428,15,-43,A,5c:62:8b:66:67:d2,0,4,0,0"
1791506128.201,"B,17575,10,cc:b8:5e:ad:5c:4a,14372,13,440,4,-47,S,5c:62:8b:66:67:d2,1,1,0,11"
1791506128.201,"B,17575,10,b2:db:ca:e6:29:a6,56,2,0,0,-42,S,5c:62:8b:66:67:d2,2,0,0,0"
1791506128.405,"B,17675,10,5c:62:8b:66:67:d2,660,6,83398,73,-42,A,5c:62:8b:66:67:d2,0,6,0,0"
1791506128.405,"B,17675,10,cc:b8:5e:ad:5c:4a,83314,70,660,6,-45,S,5c:62:8b:66:67:d2,1,5,0,64"
1791506128.405,"B,17675,10,72:3b:01:24:b7:c8,56,2,0,0,-41,S,5c:62:8b:66:67:d2,2,0,0,0"
1791506128.405,"B,17675,10,b2:db:ca:e6:29:a6,28,1,0,0,-43,S,5c:62:8b:66:67:d2,1,0,0,0"
1791506128.405,"B,17775,10,5c:62:8b:66:67:d2,990,9,68086,58,-42,A,5c:62:8b:66:67:d2,0,9,0,0"
1791506128.405,"B,17775,10,cc:b8:5e:ad:5c:4a,68030,56,990,9,-45,S,5c:62:8b:66:67:d2,3,0,0,53"
1791506128.405,"B,17775,10,72:3b:01:24:b7:c8,28,1,0,0,-41,S,5c:62:8b:66:67:d2,1,0,0,0"
1791506128.405,"B,17775,10,b2:db:ca:e6:29:a6,28,1,0,0,-43,S,5c:62:8b:66:67:d2,1,0,0,0"
1791506128.607,"B,17875,10,5c:62:8b:66:67:d2,2970,27,136414,112,-42,A,5c:62:8b:66:67:d2,0,27,0,0"
1791506128.607,"B,17875,10,cc:b8:5e:ad:5c:4a,136358,110,2970,27,-45,S,5c:62:8b:66:67:d2,1,2,6,101"
1791506128.607,"B,17875,10,b2:db:ca:e6:29:a6,56,2,0,0,-43,S,5c:62:8b:66:67:d2,2,0,0,0"
1791506128.607,"B,17975,10,78:8c:b5:f5:e7:26,80,1,0,0,-75,A,78:8c:b5:f5:e7:26,1,0,0,0"
1791506128.607,"B,17975,10,5c:62:8b:66:67:d2,1100,10,38002,41,-42,A,5c:62:8b:66:67:d2,0,10,0,0"
1791506128.607,"B,17975,10,cc:b8:5e:ad:5c:4a,37834,35,1100,10,-44,S,5c:62:8b:66:67:d2,0,3,9,23"
1791506128.607,"B,17975,10,72:3b:01:24:b7:c8,112,4,0,0,-41,S,5c:62:8b:66:67:d2,4,0,0,0"
1791506128.607,"B,17975,10,b2:db:ca:e6:29:a6,56,2,0,0,-42,S,5c:62:8b:66:67:d2,2,0,0,0"
1791506128.811,"B,18075,10,5c:62:8b:66:67:d2,0,0,32274,33,-44,A,5c:62:8b:66:67:d2,0,0,0,0"
1791506128.811,"B,18075,10,cc:b8:5e:ad:5c:4a,32078,26,0,0,-45,S,5c:62:8b:66:67:d2,1,0,0,25"
1791506128.811,"B,18075,10,72:3b:01:24:b7:c8,140,5,0,0,-41,S,5c:62:8b:66:67:d2,5,0,0,0"
1791506128.811,"B,18075,10,b2:db:ca:e6:29:a6,56,2,0,0,-42,S,5c:62:8b:66:67:d2,2,0,0,0"
1791506128.811,"B,18175,10,5c:62:8b:66:67:d2,1100,10,25034,24,-42,A,5c:62:8b:66:67:d2,0,10,0,0"
1791506128.811,"B,18175,10,cc:b8:5e:ad:5c:4a,24978,22,1100,10,-46,S,5c:62:8b:66:67:d2,1,2,0,19"
1791506128.811,"B,18175,10,72:3b:01:24:b7:c8,28,1,0,0,-45,S,5c:62:8b:66:67:d2,1,0,0,0"
1791506128.811,"B,18175,10,b0:a7:b9:23:82:ee,0,0,30,1,-88,A,b0:a7:b9:23:82:ee,0,0,0,0"
1791506128.811,"B,18175,10,b2:db:ca:e6:29:a6,28,1,0,0,-43,S,5c:62:8b:66:67:d2,1,0,0,0"
1791506128.811,"B,18175,10,f2:51:4e:f8:1a:7f,30,1,0,0,-89,S,b0:a7:b9:23:82:ee,1,0,0,0"
1791506129.015,"B,18275,10,5c:62:8b:66:67:d2,440,4,39402,39,-43,A,5c:62:8b:66:67:d2,0,4,0,0"
1791506129.015,"B,18275,10,cc:b8:5e:ad:5c:4a,39206,32,440,4,-45,S,5c:62:8b:66:67:d2,1,0,5,26"
1791506129.015,"B,18275,10,72:3b:01:24:b7:c8,112,4,0,0,-39,S,5c:62:8b:66:67:d2,4,0,0,0"
1791506129.015,"B,18275,10,b0:a7:b9:23:82:ee,0,0,30,1,-88,A,b0:a7:b9:23:82:ee,0,0,0,0"
1791506129.015,"B,18275,10,b2:db:ca:e6:29:a6,84,3,0,0,-42,S,5c:62:8b:66:67:d2,3,0,0,0"
1791506129.015,"B,18275,10,f2:51:4e:f8:1a:7f,30,1,0,0,-89,S,b0:a7:b9:23:82:ee,1,0,0,0"
1791506129.015,"B,18375,10,5c:62:8b:66:67:d2,440,4,25862,26,-43,A,5c:62:8b:66:67:d2,0,4,0,0"
1791506129.015,"B,18375,10,cc:b8:5e:ad:5c:4a,25806,24,440,4,-45,S,5c:62:8b:66:67:d2,3,0,5,16"
1791506129.015,"B,18375,10,72:3b:01:24:b7:c8,56,2,0,0,-41,S,5c:62:8b:66:67:d2,2,0,0,0"
1791506129.015,"B,18375,10,b0:a7:b9:23:82:ee,0,0,30,1,0,A,b0:a7:b9:23:82:ee,0,0,0,0"
1791506129.015,"B,18375,10,f2:51:4e:f8:1a:7f,30,1,0,0,-87,S,b0:a7:b9:23:82:ee,1,0,0,0"
1791506129.220,"B,18475,10,5c:62:8b:66:67:d2,440,4,42490,40,-42,A,5c:62:8b:66:67:d2,0,4,0,0"
1791506129.220,"B,18475,10,cc:b8:5e:ad:5c:4a,42350,35,440,4,-45,S,5c:62:8b:66:67:d2,0,2,0,33"
1791506129.220,"B,18475,10,72:3b:01:24:b7:c8,112,4,0,0,-41,S,5c:62:8b:66:67:d2,4,0,0,0"
1791506129.220,"B,18475,10,b2:db:ca:e6:29:a6,28,1,0,0,-43,S,5c:62:8b:66:67:d2,1,0,0,0"
1791506129.220,"B,18575,10,5c:62:8b:66:67:d2,326,3,24570,24,-43,A,5c:62:8b:66:67:d2,0,3,0,0"
1791506129.220,"B,18575,10,cc:b8:5e:ad:5c:4a,24514,22,326,3,-46,S,5c:62:8b:66:67:d2,1,1,3,17"
1791506129.220,"B,18575,10,72:3b:01:24:b7:c8,56,2,0,0,-40,S,5c:62:8b:66:67:d2,2,0,0,0"
1791506129.424,"B,18675,10,5c:62:8b:66:67:d2,770,7,49690,42,-42,A,5c:62:8b:66:67:d2,0,7,0,0"
1791506129.424,"B,18675,10,cc:b8:5e:ad:5c:4a,49634,40,770,7,-45,S,5c:62:8b:66:67:d2,1,0,1,38"
1791506129.424,"B,18675,10,72:3b:01:24:b7:c8,56,2,0,0,-36,S,5c:62:8b:66:67:d2,2,0,0,0"
1791506129.424,"B,18775,10,5c:62:8b:66:67:d2,550,5,37466,40,-42,A,5c:62:8b:66:67:d2,0,5,0,0"
1791506129.424,"B,18775,10,cc:b8:5e:ad:5c:4a,37298,34,550,5,-46,S,5c:62:8b:66:67:d2,5,0,0,29"
1791506129.424,"B,18775,10,72:3b:01:24:b7:c8,140,5,0,0,-41,S,5c:62:8b:66:67:d2,5,0,0,0"
1791506129.424,"B,18775,10,b2:db:ca:e6:29:a6,28,1,0,0,-44,S,5c:62:8b:66:67:d2,1,0,0,0"
1791506129.629,"B,18875,10,5c:62:8b:66:67:d2,550,5,8870,14,-43,A,5c:62:8b:66:67:d2,0,5,0,0"
1791506129.629,"B,18875,10,cc:b8:5e:ad:5c:4a,8758,10,550,5,-45,S,5c:62:8b:66:67:d2,1,3,0,6"
1791506129.629,"B,18875,10,72:3b:01:24:b7:c8,56,2,0,0,-41,S,5c:62:8b:66:67:d2,2,0,0,0"
1791506129.629,"B,18875,10,b2:db:ca:e6:29:a6,56,2,0,0,-43,S,5c:62:8b:66:67:d2,2,0,0,0"
1791506129.629,"B,18975,10,78:8c:b5:f5:e7:26,80,1,0,0,-75,A,78:8c:b5:f5:e7:26,1,0,0,0"
1791506129.629,"B,18975,10,5c:62:8b:66:67:d2,330,3,11598,14,-43,A,5c:62:8b:66:67:d2,0,3,0,0"
1791506129.629,"B,18975,10,cc:b8:5e:ad:5c:4a,11486,10,330,3,-43,S,5c:62:8b:66:67:d2,1,0,0,9"
1791506129.629,"B,18975,10,72:3b:01:24:b7:c8,56,2,0,0,-41,S,5c:62:8b:66:67:d2,2,0,0,0"
1791506129.629,"B,18975,10,b2:db:ca:e6:29:a6,56,2,0,0,-42,S,5c:62:8b:66:67:d2,2,0,0,0"
1791506129.833,"B,19075,10,5c:62:8b:66:67:d2,770,7,35420,33,-42,A,5c:62:8b:66:67:d2,0,7,0,0"
1791506129.833,"B,19075,10,cc:b8:5e:ad:5c:4a,35280,28,770,7,-46,S,5c:62:8b:66:67:d2,0,0,2,26"
1791506129.833,"B,19075,10,72:3b:01:24:b7:c8,84,3,0,0,-41,S,5c:62:8b:66:67:d2,3,0,0,0"
1791506129.833,"B,19075,10,b2:db:ca:e6:29:a6,56,2,0,0,-43,S,5c:62:8b:66:67:d2,2,0,0,0"
1791506129.833,"B,19175,10,5c:62:8b:66:67:d2,330,3,9966,12,-43,A,5c:62:8b:66:67:d2,0,3,0,0"
1791506129.833,"B,19175,10,cc:b8:5e:ad:5c:4a,9910,10,330,3,-46,S,5c:62:8b:66:67:d2,1,2,0,7"
1791506129.833,"B,19175,10,72:3b:01:24:b7:c8,28,1,0,0,-42,S,5c:62:8b:66:67:d2,1,0,0,0"
1791506129.833,"B,19175,10,b2:db:ca:e6:29:a6,28,1,0,0,-43,S,5c:62:8b:66:67:d2,1,0,0,0"
1791506130.038,"B,19275,10,5c:62:8b:66:67:d2,110,1,13044,18,-43,A,5c:62:8b:66:67:d2,0,1,0,0"
1791506130.038,"B,19275,10,cc:b8:5e:ad:5c:4a,12820,10,110,1,-45,S,5c:62:8b:66:67:d2,0,0,0,10"
1791506130.038,"B,19275,10,72:3b:01:24:b7:c8,168,6,0,0,-41,S,5c:62:8b:66:67:d2,6,0,0,0"
1791506130.038,"B,19275,10,b2:db:ca:e6:29:a6,56,2,0,0,-42,S,5c:62:8b:66:67:d2,2,0,0,0"
1791506130.038,"B,19375,10,5c:62:8b:66:67:d2,770,7,30498,32,-42,A,5c:62:8b:66:67:d2,0,7,0,0"
1791506130.038,"B,19375,10,cc:b8:5e:ad:5c:4a,30442,30,770,7,-46,S,5c:62:8b:66:67:d2,1,6,1,22"
1791506130.038,"B,19375,10,b2:db:ca:e6:29:a6,56,2,0,0,-43,S,5c:62:8b:66:67:d2,2,0,0,0"
1791506130.240,"B,19475,10,5c:62:8b:66:67:d2,770,7,55236,47,-42,A,5c:62:8b:66:67:d2,0,7,0,0"
1791506130.240,"B,19475,10,cc:b8:5e:ad:5c:4a,55180,45,770,7,-45,S,5c:62:8b:66:67:d2,1,1,1,42"
1791506130.240,"B,19475,10,72:3b:01:24:b7:c8,28,1,0,0,-41,S,5c:62:8b:66:67:d2,1,0,0,0"
1791506130.240,"B,19475,10,b2:db:ca:e6:29:a6,28,1,0,0,-42,S,5c:62:8b:66:67:d2,1,0,0,0"
1791506130.240,"B,19575,10,5c:62:8b:66:67:d2,550,5,40402,40,-42,A,5c:62:8b:66:67:d2,0,5,0,0"
1791506130.240,"B,19575,10,cc:b8:5e:ad:5c:4a,40234,34,550,5,-45,S,5c:62:8b:66:67:d2,1,0,5,28"
1791506130.240,"B,19575,10,72:3b:01:24:b7:c8,140,5,0,0,-41,S,5c:62:8b:66:67:d2,5,0,0,0"
1791506130.240,"B,19575,10,b2:db:ca:e6:29:a6,28,1,0,0,-43,S,5c:62:8b:66:67:d2,1,0,0,0"
1791506130.443,"B,19675,10,5c:62:8b:66:67:d2,440,4,23890,28,-42,A,5c:62:8b:66:67:d2,0,4,0,0"
1791506130.443,"B,19675,10,cc:b8:5e:ad:5c:4a,23890,28,440,4,-45,S,5c:62:8b:66:67:d2,5,6,0,17"
1791506130.443,"B,19775,10,5c:62:8b:66:67:d2,440,4,15530,13,-43,A,5c:62:8b:66:67:d2,0,4,0,0"
1791506130.443,"B,19775,10,cc:b8:5e:ad:5c:4a,15530,13,440,4,-47,S,5c:62:8b:66:67:d2,0,1,0,12"
1791506130.648,"B,19875,10,5c:62:8b:66:67:d2,2634,20,18490,21,-43,A,5c:62:8b:66:67:d2,0,20,0,0"
1791506130.648,"B,19875,10,cc:b8:5e:ad:5c:4a,18350,16,660,6,-46,S,5c:62:8b:66:67:d2,1,1,1,13"
1791506130.648,"B,19875,10,72:3b:01:24:b7:c8,140,5,1974,14,-39,S,5c:62:8b:66:67:d2,5,0,0,0"
1791506130.648,"B,19975,10,78:8c:b5:f5:e7:26,80,1,0,0,-76,A,78:8c:b5:f5:e7:26,1,0,0,0"
1791506130.648,"B,19975,10,5c:62:8b:66:67:d2,330,3,5674,6,-43,A,5c:62:8b:66:67:d2,0,3,0,0"
1791506130.648,"B,19975,10,cc:b8:5e:ad:5c:4a,5674,6,330,3,-45,S,5c:62:8b:66:67:d2,1,1,0,4"
1791506130.851,"B,20075,10,5c:62:8b:66:67:d2,220,2,27310,27,-43,A,5c:62:8b:66:67:d2,0,2,0,0"
1791506130.851,"B,20075,10,cc:b8:5e:ad:5c:4a,27226,24,220,2,-46,S,5c:62:8b:66:67:d2,1,2,0,21"
1791506130.851,"B,20075,10,72:3b:01:24:b7:c8,84,3,0,0,-39,S,5c:62:8b:66:67:d2,3,0,0,0"
1791506130.851,"I,20087,stat,rx=7775,drops=0,ch=10,bin=100,hop=0,heap=202024"
1791506130.851,"B,20175,10,5c:62:8b:66:67:d2,1210,11,20014,23,-42,A,5c:62:8b:66:67:d2,0,11,0,0"
1791506130.851,"B,20175,10,cc:b8:5e:ad:5c:4a,19846,17,1210,11,-45,S,5c:62:8b:66:67:d2,0,1,2,14"
1791506130.851,"B,20175,10,72:3b:01:24:b7:c8,168,6,0,0,-40,S,5c:62:8b:66:67:d2,6,0,0,0"
1791506131.057,"B,20275,10,5c:62:8b:66:67:d2,550,5,19328,17,-43,A,5c:62:8b:66:67:d2,0,5,0,0"
1791506131.057,"B,20275,10,cc:b8:5e:ad:5c:4a,19328,17,550,5,-46,S,5c:62:8b:66:67:d2,1,2,0,14"
1791506131.057,"B,20275,10,b0:a7:b9:23:82:ee,0,0,30,1,-87,A,b0:a7:b9:23:82:ee,0,0,0,0"
1791506131.057,"B,20275,10,f2:51:4e:f8:1a:7f,30,1,0,0,-90,S,b0:a7:b9:23:82:ee,1,0,0,0"
1791506131.057,"B,20375,10,5c:62:8b:66:67:d2,406,3,17788,19,-43,A,5c:62:8b:66:67:d2,0,3,0,0"
1791506131.057,"B,20375,10,cc:b8:5e:ad:5c:4a,17788,19,406,3,-46,S,5c:62:8b:66:67:d2,1,4,3,11"
1791506131.057,"B,20375,10,b0:a7:b9:23:82:ee,0,0,60,2,-87,A,b0:a7:b9:23:82:ee,0,0,0,0"
1791506131.057,"B,20375,10,f2:51:4e:f8:1a:7f,60,2,0,0,-87,S,b0:a7:b9:23:82:ee,2,0,0,0"
1791506131.262,"B,20475,10,5c:62:8b:66:67:d2,21459,46,13296,13,-43,A,5c:62:8b:66:67:d2,0,34,1,11"
1791506131.262,"B,20475,10,cc:b8:5e:ad:5c:4a,13296,13,660,6,-46,S,5c:62:8b:66:67:d2,1,2,1,9"
1791506131.262,"B,20475,10,72:3b:01:24:b7:c8,0,0,20799,40,0,S,5c:62:8b:66:67:d2,0,0,0,0"
1791506131.262,"B,20575,10,5c:62:8b:66:67:d2,550,5,16270,13,-42,A,5c:62:8b:66:67:d2,0,5,0,0"
1791506131.262,"B,20575,10,cc:b8:5e:ad:5c:4a,16270,13,550,5,-47,S,5c:62:8b:66:67:d2,0,0,3,10"
1791506131.466,"B,20675,10,5c:62:8b:66:67:d2,1100,10,70306,58,-42,A,5c:62:8b:66:67:d2,0,10,0,0"
1791506131.466,"B,20675,10,cc:b8:5e:ad:5c:4a,70306,58,1100,10,-46,S,5c:62:8b:66:67:d2,1,3,0,54"
1791506131.466,"B,20775,10,5c:62:8b:66:67:d2,350,3,33360,27,-43,A,5c:62:8b:66:67:d2,0,3,0,0"
1791506131.466,"B,20775,10,cc:b8:5e:ad:5c:4a,33360,27,350,3,-46,S,5c:62:8b:66:67:d2,1,0,0,26"
1791506131.466,"M,20791,slot,0,0"
1791506131.670,"B,20875,10,5c:62:8b:66:67:d2,0,0,56,2,-44,A,5c:62:8b:66:67:d2,0,0,0,0"
1791506131.670,"B,20875,10,b2:db:ca:e6:29:a6,56,2,0,0,-42,S,5c:62:8b:66:67:d2,2,0,0,0"
1791506131.670,"B,20975,10,5c:62:8b:66:67:d2,2298,19,19314,18,-43,A,5c:62:8b:66:67:d2,0,19,0,0"
1791506131.670,"B,20975,10,cc:b8:5e:ad:5c:4a,19258,16,2298,19,-46,S,5c:62:8b:66:67:d2,1,0,0,15"
1791506131.670,"B,20975,10,72:3b:01:24:b7:c8,28,1,0,0,-42,S,5c:62:8b:66:67:d2,1,0,0,0"
1791506131.670,"B,20975,10,b2:db:ca:e6:29:a6,28,1,0,0,-42,S,5c:62:8b:66:67:d2,1,0,0,0"
1791506131.876,"B,21075,10,5c:62:8b:66:67:d2,2102,19,91162,76,-42,A,5c:62:8b:66:67:d2,0,19,0,0"
1791506131.876,"B,21075,10,cc:b8:5e:ad:5c:4a,91050,72,2102,19,-46,S,5c:62:8b:66:67:d2,1,0,0,71"
1791506131.876,"B,21075,10,72:3b:01:24:b7:c8,56,2,0,0,-41,S,5c:62:8b:66:67:d2,2,0,0,0"
1791506131.876,"B,21075,10,b2:db:ca:e6:29:a6,56,2,0,0,-43,S,5c:62:8b:66:67:d2,2,0,0,0"
1791506131.876,"B,21175,10,5c:62:8b:66:67:d2,3740,34,139452,121,-42,A,5c:62:8b:66:67:d2,0,34,0,0"
1791506131.876,"B,21175,10,cc:b8:5e:ad:5c:4a,139396,119,3740,34,-46,S,5c:62:8b:66:67:d2,1,11,5,102"
1791506131.876,"B,21175,10,b2:db:ca:e6:29:a6,56,2,0,0,-43,S,5c:62:8b:66:67:d2,2,0,0,0"
1791506132.081,"B,21275,10,5c:62:8b:66:67:d2,443,4,21006,25,-42,A,5c:62:8b:66:67:d2,0,4,0,0"
1791506132.081,"B,21275,10,cc:b8:5e:ad:5c:4a,20838,19,443,4,-46,S,5c:62:8b:66:67:d2,0,4,0,15"
1791506132.081,"B,21275,10,72:3b:01:24:b7:c8,112,4,0,0,-41,S,5c:62:8b:66:67:d2,4,0,0,0"
1791506132.081,"B,21275,10,b0:a7:b9:23:82:ee,0,0,30,1,-84,A,b0:a7:b9:23:82:ee,0,0,0,0"
1791506132.081,"B,21275,10,b2:db:ca:e6:29:a6,56,2,0,0,-42,S,5c:62:8b:66:67:d2,2,0,0,0"
1791506132.081,"B,21275,10,f2:51:4e:f8:1a:7f,30,1,0,0,-84,S,b0:a7:b9:23:82:ee,1,0,0,0"
1791506132.081,"B,21375,10,5c:62:8b:66:67:d2,0,0,14326,19,-44,A,5c:62:8b:66:67:d2,0,0,0,0"
1791506132.081,"B,21375,10,cc:b8:5e:ad:5c:4a,14130,12,0,0,-44,S,5c:62:8b:66:67:d2,1,0,0,11"
1791506132.081,"B,21375,10,72:3b:01:24:b7:c8,168,6,0,0,-41,S,5c:62:8b:66:67:d2,6,0,0,0"
1791506132.081,"B,21375,10,b0:a7:b9:23:82:ee,0,0,30,1,0,A,b0:a7:b9:23:82:ee,0,0,0,0"
1791506132.081,"B,21375,10,b2:db:ca:e6:29:a6,28,1,0,0,-43,S,5c:62:8b:66:67:d2,1,0,0,0"
1791506132.081,"B,21375,10,f2:51:4e:f8:1a:7f,30,1,0,0,-86,S,b0:a7:b9:23:82:ee,1,0,0,0"
1791506132.286,"B,21475,10,5c:62:8b:66:67:d2,880,8,14508,16,-43,A,5c:62:8b:66:67:d2,0,8,0,0"
1791506132.286,"B,21475,10,cc:b8:5e:ad:5c:4a,14424,13,880,8,-46,S,5c:62:8b:66:67:d2,1,1,1,10"
1791506132.286,"B,21475,10,72:3b:01:24:b7:c8,28,1,0,0,-41,S,5c:62:8b:66:67:d2,1,0,0,0"
1791506132.286,"B,21475,10,b2:db:ca:e6:29:a6,56,2,0,0,-42,S,5c:62:8b:66:67:d2,2,0,0,0"
1791506132.286,"B,21575,10,5c:62:8b:66:67:d2,0,0,6494,8,-44,A,5c:62:8b:66:67:d2,0,0,0,0"
1791506132.286,"B,21575,10,cc:b8:5e:ad:5c:4a,6410,5,0,0,-47,S,5c:62:8b:66:67:d2,0,0,0,5"
1791506132.286,"B,21575,10,72:3b:01:24:b7:c8,28,1,0,0,-41,S,5c:62:8b:66:67:d2,1,0,0,0"
1791506132.286,"B,21575,10,b0:a7:b9:23:82:ee,0,0,30,1,-83,A,b0:a7:b9:23:82:ee,0,0,0,0"
1791506132.286,"B,21575,10,b2:db:ca:e6:29:a6,56,2,0,0,-43,S,5c:62:8b:66:67:d2,2,0,0,0"
1791506132.286,"B,21575,10,f2:51:4e:f8:1a:7f,30,1,0,0,-86,S,b0:a7:b9:23:82:ee,1,0,0,0"
1791506132.490,"B,21675,10,5c:62:8b:66:67:d2,1100,10,28616,26,-42,A,5c:62:8b:66:67:d2,0,10,0,0"
1791506132.490,"B,21675,10,cc:b8:5e:ad:5c:4a,28588,25,1100,10,-45,S,5c:62:8b:66:67:d2,1,3,0,21"
1791506132.490,"B,21675,10,72:3b:01:24:b7:c8,28,1,0,0,-42,S,5c:62:8b:66:67:d2,1,0,0,0"
1791506132.490,"B,21675,10,b0:a7:b9:23:82:ee,0,0,60,2,-84,A,b0:a7:b9:23:82:ee,0,0,0,0"
1791506132.490,"B,21675,10,f2:51:4e:f8:1a:7f,60,2,0,0,-88,S,b0:a7:b9:23:82:ee,2,0,0,0"
1791506132.490,"B,21775,10,5c:62:8b:66:67:d2,880,8,36310,37,-42,A,5c:62:8b:66:67:d2,0,8,0,0"
1791506132.490,"B,21775,10,cc:b8:5e:ad:5c:4a,36086,29,880,8,-46,S,5c:62:8b:66:67:d2,0,1,0,28"
1791506132.490,"B,21775,10,72:3b:01:24:b7:c8,112,4,0,0,-42,S,5c:62:8b:66:67:d2,4,0,0,0"
1791506132.490,"B,21775,10,b2:db:ca:e6:29:a6,112,4,0,0,-42,S,5c:62:8b:66:67:d2,4,0,0,0"
1791506132.690,"B,21875,10,5c:62:8b:66:67:d2,660,6,19886,20,-43,A,5c:62:8b:66:67:d2,0,6,0,0"
1791506132.690,"B,21875,10,cc:b8:5e:ad:5c:4a,19830,18,660,6,-47,S,5c:62:8b:66:67:d2,1,2,0,15"
1791506132.690,"B,21875,10,72:3b:01:24:b7:c8,28,1,0,0,-41,S,5c:62:8b:66:67:d2,1,0,0,0"
1791506132.690,"B,21875,10,b2:db:ca:e6:29:a6,28,1,0,0,-42,S,5c:62:8b:66:67:d2,1,0,0,0"
1791506132.690,"B,21975,10,5c:62:8b:66:67:d2,330,3,9656,12,-43,A,5c:62:8b:66:67:d2,0,3,0,0"
1791506132.690,"B,21975,10,cc:b8:5e:ad:5c:4a,9572,9,330,3,-47,S,5c:62:8b:66:67:d2,1,1,0,7"
1791506132.690,"B,21975,10,72:3b:01:24:b7:c8,28,1,0,0,-41,S,5c:62:8b:66:67:d2,1,0,0,0"
1791506132.690,"B,21975,10,b2:db:ca:e6:29:a6,56,2,0,0,-43,S,5c:62:8b:66:67:d2,2,0,0,0"
1791506132.690,"B,22075,10,5c:62:8b:66:67:d2,660,6,33838,34,-42,A,5c:62:8b:66:67:d2,0,6,0,0"
1791506132.690,"B,22075,10,cc:b8:5e:ad:5c:4a,33670,28,660,6,-46,S,5c:62:8b:66:67:d2,1,0,2,25"
1791506132.690,"B,22075,10,72:3b:01:24:b7:c8,112,4,0,0,-41,S,5c:62:8b:66:67:d2,4,0,0,0"
1791506132.690,"B,22075,10,b2:db:ca:e6:29:a6,56,2,0,0,-41,S,5c:62:8b:66:67:d2,2,0,0,0"
1791506132.890,"B,22175,10,5c:62:8b:66:67:d2,330,3,9896,12,-43,A,5c:62:8b:66:67:d2,0,3,0,0"
1791506132.890,"B,22175,10,cc:b8:5e:ad:5c:4a,9812,9,330,3,-45,S,5c:62:8b:66:67:d2,1,0,1,7"
1791506132.890,"B,22175,10,72:3b:01:24:b7:c8,28,1,0,0,-42,S,5c:62:8b:66:67:d2,1,0,0,0"
1791506132.890,"B,22175,10,b2:db:ca:e6:29:a6,56,2,0,0,-41,S,5c:62:8b:66:67:d2,2,0,0,0"
1791506132.890,"B,22275,10,5c:62:8b:66:67:d2,660,6,44534,50,-43,A,5c:62:8b:66:67:d2,0,6,0,0"
1791506132.890,"B,22275,10,cc:b8:5e:ad:5c:4a,44254,40,660,6,-45,S,5c:62:8b:66:67:d2,1,8,0,31"
1791506132.890,"B,22275,10,72:3b:01:24:b7:c8,224,8,0,0,-41,S,5c:62:8b:66:67:d2,8,0,0,0"
1791506132.890,"B,22275,10,b2:db:ca:e6:29:a6,56,2,0,0,-43,S,5c:62:8b:66:67:d2,2,0,0,0"
1791506133.091,"B,22375,10,5c:62:8b:66:67:d2,880,8,20290,21,-43,A,5c:62:8b:66:67:d2,0,8,0,0"
1791506133.091,"B,22375,10,cc:b8:5e:ad:5c:4a,20178,17,880,8,-46,S,5c:62:8b:66:67:d2,0,0,4,13"
1791506133.091,"B,22375,10,72:3b:01:24:b7:c8,84,3,0,0,-41,S,5c:62:8b:66:67:d2,3,0,0,0"
1791506133.091,"B,22375,10,b2:db:ca:e6:29:a6,28,1,0,0,-43,S,5c:62:8b:66:67:d2,1,0,0,0"
1791506133.091,"B,22475,10,5c:62:8b:66:67:d2,770,7,24286,27,-43,A,5c:62:8b:66:67:d2,0,7,0,0"
1791506133.091,"B,22475,10,cc:b8:5e:ad:5c:4a,24146,22,770,7,-46,S,5c:62:8b:66:67:d2,1,3,0,18"
1791506133.091,"B,22475,10,72:3b:01:24:b7:c8,56,2,0,0,-41,S,5c:62:8b:66:67:d2,2,0,0,0"
1791506133.091,"B,22475,10,b2:db:ca:e6:29:a6,84,3,0,0,-42,S,5c:62:8b:66:67:d2,3,0,0,0"
1791506133.291,"B,22575,10,5c:62:8b:66:67:d2,0,0,20708,23,-44,A,5c:62:8b:66:67:d2,0,0,0,0"
1791506133.291,"B,22575,10,cc:b8:5e:ad:5c:4a,20540,17,0,0,-46,S,5c:62:8b:66:67:d2,1,0,0,16"
1791506133.291,"B,22575,10,72:3b:01:24:b7:c8,112,4,0,0,-41,S,5c:62:8b:66:67:d2,4,0,0,0"
1791506133.291,"B,22575,10,b2:db:ca:e6:29:a6,56,2,0,0,-42,S,5c:62:8b:66:67:d2,2,0,0,0"
1791506133.291,"B,22675,10,5c:62:8b:66:67:d2,660,6,23004,23,-43,A,5c:62:8b:66:67:d2,0,6,0,0"
1791506133.291,"B,22675,10,cc:b8:5e:ad:5c:4a,22948,21,660,6,-46,S,5c:62:8b:66:67:d2,1,3,0,17"
1791506133.291,"B,22675,10,b2:db:ca:e6:29:a6,56,2,0,0,-41,S,5c:62:8b:66:67:d2,2,0,0,0"
1791506133.491,"B,22775,10,5c:62:8b:66:67:d2,880,8,24070,21,-42,A,5c:62:8b:66:67:d2,0,8,0,0"
1791506133.491,"B,22775,10,cc:b8:5e:ad:5c:4a,24014,19,880,8,-45,S,5c:62:8b:66:67:d2,0,0,1,18"
1791506133.491,"B,22775,10,72:3b:01:24:b7:c8,28,1,0,0,-41,S,5c:62:8b:66:67:d2,1,0,0,0"
1791506133.491,"B,22775,10,b2:db:ca:e6:29:a6,28,1,0,0,-41,S,5c:62:8b:66:67:d2,1,0,0,0"
1791506133.491,"B,22875,10,5c:62:8b:66:67:d2,220,2,8596,17,-43,A,5c:62:8b:66:67:d2,0,2,0,0"
1791506133.491,"B,22875,10,cc:b8:5e:ad:5c:4a,8372,9,220,2,-47,S,5c:62:8b:66:67:d2,1,2,0,6"
1791506133.491,"B,22875,10,72:3b:01:24:b7:c8,196,7,0,0,-40,S,5c:62:8b:66:67:d2,7,0,0,0"
1791506133.491,"B,22875,10,b0:a7:b9:23:82:ee,0,0,30,1,-84,A,b0:a7:b9:23:82:ee,0,0,0,0"
1791506133.491,"B,22875,10,b2:db:ca:e6:29:a6,28,1,0,0,-42,S,5c:62:8b:66:67:d2,1,0,0,0"
1791506133.691,"B,22875,10,f2:51:4e:f8:1a:7f,30,1,0,0,-91,S,b0:a7:b9:23:82:ee,1,0,0,0"
1791506133.691,"B,22975,10,5c:62:8b:66:67:d2,990,9,22124,25,-43,A,5c:62:8b:66:67:d2,0,9,0,0"
1791506133.691,"B,22975,10,cc:b8:5e:ad:5c:4a,22068,23,990,9,-46,S,5c:62:8b:66:67:d2,5,1,1,16"
1791506133.691,"B,22975,10,b2:db:ca:e6:29:a6,56,2,0,0,-41,S,5c:62:8b:66:67:d2,2,0,0,0"
1791506133.691,"B,23075,10,5c:62:8b:66:67:d2,440,4,14352,16,-42,A,5c:62:8b:66:67:d2,0,4,0,0"
1791506133.893,"B,23075,10,cc:b8:5e:ad:5c:4a,14268,13,440,4,-47,S,5c:62:8b:66:67:d2,1,1,1,10"
1791506133.893,"B,23075,10,72:3b:01:24:b7:c8,28,1,0,0,-41,S,5c:62:8b:66:67:d2,1,0,0,0"
1791506133.893,"B,23075,10,b0:a7:b9:23:82:ee,0,0,60,2,-87,A,b0:a7:b9:23:82:ee,0,0,0,0"
1791506133.893,"B,23075,10,b2:db:ca:e6:29:a6,56,2,0,0,-42,S,5c:62:8b:66:67:d2,2,0,0,0"
1791506133.893,"B,23075,10,f2:51:4e:f8:1a:7f,60,2,0,0,-87,S,b0:a7:b9:23:82:ee,2,0,0,0"
1791506133.893,"B,23175,10,5c:62:8b:66:67:d2,0,0,28372,28,-44,A,5c:62:8b:66:67:d2,0,0,0,0"
1791506133.893,"B,23175,10,cc:b8:5e:ad:5c:4a,28204,22,0,0,-45,S,5c:62:8b:66:67:d2,0,0,0,22"
1791506133.893,"B,23175,10,72:3b:01:24:b7:c8,112,4,0,0,-39,S,5c:62:8b:66:67:d2,4,0,0,0"
1791506133.893,"B,23175,10,b0:a7:b9:23:82:ee,0,0,30,1,-87,A,b0:a7:b9:23:82:ee,0,0,0,0"
1791506133.893,"B,23175,10,b2:db:ca:e6:29:a6,56,2,0,0,-40,S,5c:62:8b:66:67:d2,2,0,0,0"
1791506133.893,"B,23175,10,f2:51:4e:f8:1a:7f,30,1,0,0,-87,S,b0:a7:b9:23:82:ee,1,0,0,0"
1791506133.893,"B,23275,10,5c:62:8b:66:67:d2,1946,17,31534,31,-42,A,5c:62:8b:66:67:d2,0,17,0,0"
1791506133.893,"B,23275,10,cc:b8:5e:ad:5c:4a,31450,28,1946,17,-46,S,5c:62:8b:66:67:d2,1,3,0,24"
1791506133.893,"B,23275,10,72:3b:01:24:b7:c8,28,1,0,0,-45,S,5c:62:8b:66:67:d2,1,0,0,0"
1791506134.093,"B,23275,10,b2:db:ca:e6:29:a6,56,2,0,0,-43,S,5c:62:8b:66:67:d2,2,0,0,0"
1791506134.093,"B,23375,10,5c:62:8b:66:67:d2,880,8,54410,47,-42,A,5c:62:8b:66:67:d2,0,8,0,0"
1791506134.093,"B,23375,10,cc:b8:5e:ad:5c:4a,54354,45,880,8,-46,S,5c:62:8b:66:67:d2,0,3,0,42"
1791506134.093,"B,23375,10,72:3b:01:24:b7:c8,28,1,0,0,-41,S,5c:62:8b:66:67:d2,1,0,0,0"
1791506134.093,"B,23375,10,b2:db:ca:e6:29:a6,28,1,0,0,-42,S,5c:62:8b:66:67:d2,1,0,0,0"
1791506134.093,"B,23475,10,5c:62:8b:66:67:d2,0,0,19510,25,-46,A,5c:62:8b:66:67:d2,0,0,0,0"
1791506134.093,"B,23475,10,cc:b8:5e:ad:5c:4a,19258,16,0,0,-46,S,5c:62:8b:66:67:d2,1,0,0,15"
1791506134.093,"B,23475,10,72:3b:01:24:b7:c8,168,6,0,0,-41,S,5c:62:8b:66:67:d2,6,0,0,0"
1791506134.093,"B,23475,10,b2:db:ca:e6:29:a6,84,3,0,0,-42,S,5c:62:8b:66:67:d2,3,0,0,0"
1791506134.294,"B,23575,10,5c:62:8b:66:67:d2,1072,10,33790,34,-42,A,5c:62:8b:66:67:d2,1,9,0,0"
1791506134.294,"B,23575,10,cc:b8:5e:ad:5c:4a,33734,32,1072,10,-44,S,5c:62:8b:66:67:d2,2,6,1,23"
1791506134.294,"B,23575,10,b2:db:ca:e6:29:a6,56,2,0,0,-43,S,5c:62:8b:66:67:d2,2,0,0,0"
1791506134.294,"B,23675,10,5c:62:8b:66:67:d2,0,0,5766,8,-43,A,5c:62:8b:66:67:d2,0,0,0,0"
1791506134.294,"B,23675,10,cc:b8:5e:ad:5c:4a,5682,5,0,0,-44,S,5c:62:8b:66:67:d2,0,1,0,4"
1791506134.294,"B,23675,10,72:3b:01:24:b7:c8,56,2,0,0,-41,S,5c:62:8b:66:67:d2,2,0,0,0"
1791506134.294,"B,23675,10,b2:db:ca:e6:29:a6,28,1,0,0,-43,S,5c:62:8b:66:67:d2,1,0,0,0"
1791506134.495,"B,23775,10,5c:62:8b:66:67:d2,330,3,18326,24,-43,A,5c:62:8b:66:67:d2,0,3,0,0"
1791506134.495,"B,23775,10,cc:b8:5e:ad:5c:4a,18102,16,330,3,-44,S,5c:62:8b:66:67:d2,1,1,0,14"
1791506134.495,"B,23775,10,72:3b:01:24:b7:c8,168,6,0,0,-42,S,5c:62:8b:66:67:d2,6,0,0,0"
1791506134.495,"B,23775,10,b2:db:ca:e6:29:a6,56,2,0,0,-43,S,5c:62:8b:66:67:d2,2,0,0,0"
1791506134.495,"B,23875,10,5c:62:8b:66:67:d2,3190,29,143668,115,-42,A,5c:62:8b:66:67:d2,0,29,0,0"
1791506134.495,"B,23875,10,cc:b8:5e:ad:5c:4a,143612,113,3190,29,-43,S,5c:62:8b:66:67:d2,1,0,0,112"
1791506134.495,"B,23875,10,72:3b:01:24:b7:c8,28,1,0,0,-42,S,5c:62:8b:66:67:d2,1,0,0,0"
1791506134.495,"B,23875,10,b2:db:ca:e6:29:a6,28,1,0,0,-44,S,5c:62:8b:66:67:d2,1,0,0,0"
1791506134.696,"B,23975,10,5c:62:8b:66:67:d2,2200,20,67382,65,-42,A,5c:62:8b:66:67:d2,0,20,0,0"
1791506134.696,"B,23975,10,cc:b8:5e:ad:5c:4a,67130,56,2200,20,-44,S,5c:62:8b:66:67:d2,1,4,3,48"
1791506134.696,"B,23975,10,72:3b:01:24:b7:c8,224,8,0,0,-42,S,5c:62:8b:66:67:d2,8,0,0,0"
1791506134.696,"B,23975,10,b0:a7:b9:23:82:ee,0,0,60,2,-85,A,b0:a7:b9:23:82:ee,0,0,0,0"
1791506134.696,"B,23975,10,b2:db:ca:e6:29:a6,28,1,0,0,-42,S,5c:62:8b:66:67:d2,1,0,0,0"
1791506134.696,"B,23975,10,f2:51:4e:f8:1a:7f,60,2,0,0,-89,S,b0:a7:b9:23:82:ee,2,0,0,0"
1791506134.696,"B,24075,10,5c:62:8b:66:67:d2,0,0,11198,20,-44,A,5c:62:8b:66:67:d2,0,0,0,0"
1791506134.696,"B,24075,10,cc:b8:5e:ad:5c:4a,11030,14,0,0,-43,S,5c:62:8b:66:67:d2,5,1,0,8"
1791506134.696,"B,24075,10,72:3b:01:24:b7:c8,168,6,0,0,-41,S,5c:62:8b:66:67:d2,6,0,0,0"
1791506134.696,"B,24075,10,b0:a7:b9:23:82:ee,0,0,30,1,-86,A,b0:a7:b9:23:82:ee,0,0,0,0"
1791506134.696,"B,24075,10,f2:51:4e:f8:1a:7f,30,1,0,0,-93,S,b0:a7:b9:23:82:ee,1,0,0,0"
1791506134.898,"B,24175,10,5c:62:8b:66:67:d2,2708,24,20858,17,-42,A,5c:62:8b:66:67:d2,0,24,0,0"
1791506134.898,"B,24175,10,cc:b8:5e:ad:5c:4a,20858,17,2708,24,-44,S,5c:62:8b:66:67:d2,0,1,1,15"
1791506134.898,"B,24175,10,b0:a7:b9:23:82:ee,0,0,30,1,-83,A,b0:a7:b9:23:82:ee,0,0,0,0"
1791506134.898,"B,24175,10,f2:51:4e:f8:1a:7f,30,1,0,0,-88,S,b0:a7:b9:23:82:ee,1,0,0,0"
1791506134.898,"B,24275,10,5c:62:8b:66:67:d2,440,4,12216,17,-43,A,5c:62:8b:66:67:d2,0,4,0,0"
1791506134.898,"B,24275,10,cc:b8:5e:ad:5c:4a,12048,11,440,4,-44,S,5c:62:8b:66:67:d2,1,1,1,8"
1791506134.898,"B,24275,10,72:3b:01:24:b7:c8,168,6,0,0,-41,S,5c:62:8b:66:67:d2,6,0,0,0"
1791506134.898,"B,24275,10,b0:a7:b9:23:82:ee,0,0,30,1,-83,A,b0:a7:b9:23:82:ee,0,0,0,0"
1791506134.898,"B,24275,10,f2:51:4e:f8:1a:7f,30,1,0,0,-89,S,b0:a7:b9:23:82:ee,1,0,0,0"
1791506135.099,"B,24375,10,5c:62:8b:66:67:d2,0,0,6494,8,-44,A,5c:62:8b:66:67:d2,0,0,0,0"
1791506135.099,"B,24375,10,cc:b8:5e:ad:5c:4a,6438,6,0,0,-44,S,5c:62:8b:66:67:d2,1,0,0,5"
1791506135.099,"B,24375,10,72:3b:01:24:b7:c8,56,2,0,0,-41,S,5c:62:8b:66:67:d2,2,0,0,0"
1791506135.099,"B,24375,10,b0:a7:b9:23:82:ee,0,0,30,1,-84,A,b0:a7:b9:23:82:ee,0,0,0,0"
1791506135.099,"B,24375,10,f2:51:4e:f8:1a:7f,30,1,0,0,-89,S,b0:a7:b9:23:82:ee,1,0,0,0"
1791506135.099,"B,24475,10,5c:62:8b:66:67:d2,990,9,13966,14,-43,A,5c:62:8b:66:67:d2,0,9,0,0"
1791506135.099,"B,24475,10,cc:b8:5e:ad:5c:4a,13966,14,990,9,-44,S,5c:62:8b:66:67:d2,1,3,0,10"
1791506135.301,"B,24575,10,5c:62:8b:66:67:d2,220,2,12428,15,-43,A,5c:62:8b:66:67:d2,0,2,0,0"
1791506135.301,"B,24575,10,cc:b8:5e:ad:5c:4a,12316,11,220,2,-44,S,5c:62:8b:66:67:d2,1,0,1,9"
1791506135.301,"B,24575,10,72:3b:01:24:b7:c8,112,4,0,0,-45,S,5c:62:8b:66:67:d2,4,0,0,0"
1791506135.301,"B,24675,10,5c:62:8b:66:67:d2,660,6,9632,12,-43,A,5c:62:8b:66:67:d2,0,6,0,0"
1791506135.301,"B,24675,10,cc:b8:5e:ad:5c:4a,9548,9,660,6,-44,S,5c:62:8b:66:67:d2,1,1,1,6"
1791506135.301,"B,24675,10,72:3b:01:24:b7:c8,84,3,0,0,-41,S,5c:62:8b:66:67:d2,3,0,0,0"
1791506135.502,"B,24775,10,5c:62:8b:66:67:d2,550,5,18926,17,-43,A,5c:62:8b:66:67:d2,0,5,0,0"
1791506135.502,"B,24775,10,cc:b8:5e:ad:5c:4a,18926,17,550,5,-44,S,5c:62:8b:66:67:d2,0,3,0,14"
1791506135.502,"B,24875,10,5c:62:8b:66:67:d2,440,4,8540,14,-42,A,5c:62:8b:66:67:d2,0,4,0,0"
1791506135.502,"B,24875,10,cc:b8:5e:ad:5c:4a,8372,8,440,4,-44,S,5c:62:8b:66:67:d2,0,2,0,6"
1791506135.502,"B,24875,10,72:3b:01:24:b7:c8,168,6,0,0,-42,S,5c:62:8b:66:67:d2,6,0,0,0"
1791506135.702,"B,24975,10,5c:62:8b:66:67:d2,440,4,12700,14,-41,A,5c:62:8b:66:67:d2,0,4,0,0"
1791506135.702,"B,24975,10,cc:b8:5e:ad:5c:4a,12616,11,440,4,-44,S,5c:62:8b:66:67:d2,1,0,1,9"
1791506135.702,"B,24975,10,72:3b:01:24:b7:c8,84,3,0,0,-41,S,5c:62:8b:66:67:d2,3,0,0,0"
1791506135.702,"B,25075,10,5c:62:8b:66:67:d2,660,6,16532,15,-43,A,5c:62:8b:66:67:d2,0,6,0,0"
1791506135.702,"B,25075,10,cc:b8:5e:ad:5c:4a,16532,15,660,6,-44,S,5c:62:8b:66:67:d2,1,1,4,9"
1791506135.702,"I,25088,stat,rx=9732,drops=0,ch=10,bin=100,hop=0,heap=202024"
1791506135.905,"B,25175,10,5c:62:8b:66:67:d2,660,6,26838,24,-43,A,5c:62:8b:66:67:d2,0,6,0,0"
1791506135.905,"B,25175,10,cc:b8:5e:ad:5c:4a,26782,22,660,6,-44,S,5c:62:8b:66:67:d2,1,0,1,20"
1791506135.905,"B,25175,10,72:3b:01:24:b7:c8,56,2,0,0,-43,S,5c:62:8b:66:67:d2,2,0,0,0"
1791506135.905,"B,25275,10,5c:62:8b:66:67:d2,440,4,7954,8,-43,A,5c:62:8b:66:67:d2,0,4,0,0"
1791506135.905,"B,25275,10,cc:b8:5e:ad:5c:4a,7926,7,440,4,-44,S,5c:62:8b:66:67:d2,0,1,0,6"
1791506135.905,"B,25275,10,72:3b:01:24:b7:c8,28,1,0,0,-41,S,5c:62:8b:66:67:d2,1,0,0,0"
1791506136.109,"B,25375,10,5c:62:8b:66:67:d2,440,4,10834,14,-43,A,5c:62:8b:66:67:d2,0,4,0,0"
1791506136.109,"B,25375,10,cc:b8:5e:ad:5c:4a,10722,10,440,4,-43,S,5c:62:8b:66:67:d2,1,1,0,8"
1791506136.109,"B,25375,10,72:3b:01:24:b7:c8,112,4,0,0,-40,S,5c:62:8b:66:67:d2,4,0,0,0"
1791506136.109,"B,25475,10,5c:62:8b:66:67:d2,440,4,7694,10,-43,A,5c:62:8b:66:67:d2,0,4,0,0"
1791506136.109,"B,25475,10,cc:b8:5e:ad:5c:4a,7638,8,440,4,-44,S,5c:62:8b:66:67:d2,1,2,0,5"
1791506136.109,"B,25475,10,72:3b:01:24:b7:c8,56,2,0,0,-41,S,5c:62:8b:66:67:d2,2,0,0,0"
1791506136.313,"B,25575,10,5c:62:8b:66:67:d2,440,4,14332,15,-42,A,5c:62:8b:66:67:d2,0,4,0,0"
1791506136.313,"B,25575,10,cc:b8:5e:ad:5c:4a,14276,13,440,4,-43,S,5c:62:8b:66:67:d2,1,0,2,10"
1791506136.313,"B,25575,10,72:3b:01:24:b7:c8,56,2,0,0,-41,S,5c:62:8b:66:67:d2,2,0,0,0"
1791506136.313,"B,25675,10,5c:62:8b:66:67:d2,880,8,16032,18,-43,A,5c:62:8b:66:67:d2,0,8,0,0"
1791506136.313,"B,25675,10,cc:b8:5e:ad:5c:4a,15920,14,880,8,-44,S,5c:62:8b:66:67:d2,0,2,0,12"
1791506136.313,"B,25675,10,72:3b:01:24:b7:c8,112,4,0,0,-41,S,5c:62:8b:66:67:d2,4,0,0,0"
1791506136.313,"B,25675,10,b0:a7:b9:23:82:ee,0,0,30,1,-84,A,b0:a7:b9:23:82:ee,0,0,0,0"
1791506136.313,"B,25675,10,f2:51:4e:f8:1a:7f,30,1,0,0,-90,S,b0:a7:b9:23:82:ee,1,0,0,0"
1791506136.516,"B,25775,10,5c:62:8b:66:67:d2,330,3,6728,7,-43,A,5c:62:8b:66:67:d2,0,3,0,0"
1791506136.516,"B,25775,10,cc:b8:5e:ad:5c:4a,6728,7,330,3,-44,S,5c:62:8b:66:67:d2,1,1,0,5"
1791506136.516,"B,25775,10,b0:a7:b9:23:82:ee,0,0,60,2,0,A,b0:a7:b9:23:82:ee,0,0,0,0"
1791506136.516,"B,25775,10,f2:51:4e:f8:1a:7f,60,2,0,0,-86,S,b0:a7:b9:23:82:ee,2,0,0,0"
1791506136.516,"B,25875,10,5c:62:8b:66:67:d2,550,5,17780,19,-43,A,5c:62:8b:66:67:d2,0,5,0,0"
1791506136.516,"B,25875,10,cc:b8:5e:ad:5c:4a,17724,17,550,5,-44,S,5c:62:8b:66:67:d2,1,2,2,12"
1791506136.516,"B,25875,10,72:3b:01:24:b7:c8,56,2,0,0,-43,S,5c:62:8b:66:67:d2,2,0,0,0"
1791506136.516,"M,25878,slot,1,0"
1791506136.722,"B,25975,10,5c:62:8b:66:67:d2,440,4,9912,12,-43,A,5c:62:8b:66:67:d2,0,4,0,0"
1791506136.722,"B,25975,10,cc:b8:5e:ad:5c:4a,9800,8,440,4,-44,S,5c:62:8b:66:67:d2,0,0,1,7"
1791506136.722,"B,25975,10,72:3b:01:24:b7:c8,112,4,0,0,-41,S,5c:62:8b:66:67:d2,4,0,0,0"
1791506136.722,"B,26075,10,5c:62:8b:66:67:d2,770,7,17032,24,-43,A,5c:62:8b:66:67:d2,0,7,0,0"
1791506136.722,"B,26075,10,cc:b8:5e:ad:5c:4a,16892,19,770,7,-44,S,5c:62:8b:66:67:d2,5,1,0,13"
1791506136.722,"B,26075,10,72:3b:01:24:b7:c8,140,5,0,0,-41,S,5c:62:8b:66:67:d2,5,0,0,0"
1791506136.924,"B,26175,10,5c:62:8b:66:67:d2,516,4,14458,17,-42,A,5c:62:8b:66:67:d2,0,4,0,0"
1791506136.924,"B,26175,10,cc:b8:5e:ad:5c:4a,14374,14,516,4,-44,S,5c:62:8b:66:67:d2,1,2,0,11"
1791506136.924,"B,26175,10,72:3b:01:24:b7:c8,84,3,0,0,-41,S,5c:62:8b:66:67:d2,3,0,0,0"
1791506136.924,"B,26275,10,5c:62:8b:66:67:d2,330,3,25086,30,-43,A,5c:62:8b:66:67:d2,0,3,0,0"
1791506136.924,"B,26275,10,cc:b8:5e:ad:5c:4a,24974,26,330,3,-44,S,5c:62:8b:66:67:d2,3,4,1,18"
1791506136.924,"B,26275,10,72:3b:01:24:b7:c8,112,4,0,0,-41,S,5c:62:8b:66:67:d2,4,0,0,0"
1791506137.125,"B,26375,10,5c:62:8b:66:67:d2,858,8,8306,9,-43,A,5c:62:8b:66:67:d2,1,7,0,0"
1791506137.125,"B,26375,10,cc:b8:5e:ad:5c:4a,8250,7,770,7,-44,S,5c:62:8b:66:67:d2,0,0,2,5"
1791506137.125,"B,26375,10,72:3b:01:24:b7:c8,56,2,0,0,-42,S,5c:62:8b:66:67:d2,2,0,0,0"
1791506137.125,"B,26475,10,5c:62:8b:66:67:d2,220,2,32274,33,-43,A,5c:62:8b:66:67:d2,0,2,0,0"
1791506137.125,"B,26475,10,cc:b8:5e:ad:5c:4a,32078,26,220,2,-43,S,5c:62:8b:66:67:d2,1,0,0,25"
1791506137.125,"B,26475,10,72:3b:01:24:b7:c8,196,7,0,0,-41,S,5c:62:8b:66:67:d2,7,0,0,0"
1791506137.330,"B,26575,10,5c:62:8b:66:67:d2,880,8,18168,17,-42,A,5c:62:8b:66:67:d2,0,8,0,0"
1791506137.330,"B,26575,10,cc:b8:5e:ad:5c:4a,18168,17,880,8,-43,S,5c:62:8b:66:67:d2,1,3,0,13"
1791506137.330,"B,26675,10,5c:62:8b:66:67:d2,1760,16,68624,57,-43,A,5c:62:8b:66:67:d2,0,16,0,0"
1791506137.330,"B,26675,10,cc:b8:5e:ad:5c:4a,68624,57,1760,16,-44,S,5c:62:8b:66:67:d2,1,3,0,53"
1791506137.536,"B,26775,10,5c:62:8b:66:67:d2,660,6,70594,58,-43,A,5c:62:8b:66:67:d2,0,6,0,0"
1791506137.536,"B,26775,10,cc:b8:5e:ad:5c:4a,70510,55,660,6,-43,S,5c:62:8b:66:67:d2,0,0,0,55"
1791506137.536,"B,26775,10,72:3b:01:24:b7:c8,84,3,0,0,-41,S,5c:62:8b:66:67:d2,3,0,0,0"
1791506137.536,"B,26775,10,80:af:ca:68:4c:f8,561,1,0,0,-87,A,80:af:ca:68:4c:f8,0,1,0,0"
1791506137.536,"B,26875,10,5c:62:8b:66:67:d2,2530,23,64278,52,-43,A,5c:62:8b:66:67:d2,0,23,0,0"
1791506137.536,"B,26875,10,cc:b8:5e:ad:5c:4a,64278,52,2530,23,-44,S,5c:62:8b:66:67:d2,1,1,0,50"
1791506137.741,"B,26975,10,78:8c:b5:f5:e7:26,80,1,0,0,-75,A,78:8c:b5:f5:e7:26,1,0,0,0"
1791506137.741,"B,26975,10,5c:62:8b:66:67:d2,0,0,28,1,-44,A,5c:62:8b:66:67:d2,0,0,0,0"
1791506137.741,"B,26975,10,72:3b:01:24:b7:c8,28,1,0,0,-42,S,5c:62:8b:66:67:d2,1,0,0,0"
1791506137.741,"B,26975,10,80:af:ca:68:4c:f8,565,1,0,0,-89,A,80:af:ca:68:4c:f8,0,1,0,0"
1791506137.741,"B,27075,10,5c:62:8b:66:67:d2,3482,31,31520,30,-42,A,5c:62:8b:66:67:d2,0,31,0,0"
1791506137.741,"B,27075,10,cc:b8:5e:ad:5c:4a,31436,27,3482,31,-44,S,5c:62:8b:66:67:d2,1,1,3,22"
1791506137.741,"B,27075,10,72:3b:01:24:b7:c8,84,3,0,0,-41,S,5c:62:8b:66:67:d2,3,0,0,0"
1791506137.942,"B,27175,10,5c:62:8b:66:67:d2,550,5,41698,35,-42,A,5c:62:8b:66:67:d2,0,5,0,0"
1791506137.942,"B,27175,10,cc:b8:5e:ad:5c:4a,41670,34,550,5,-45,S,5c:62:8b:66:67:d2,1,0,2,31"
1791506137.942,"B,27175,10,b2:db:ca:e6:29:a6,28,1,0,0,-42,S,5c:62:8b:66:67:d2,1,0,0,0"
1791506137.942,"A,27256,10,64:d1:54:63:44:f4,-90,Kubok"
1791506137.942,"B,27275,10,5c:62:8b:66:67:d2,550,5,14044,17,-42,A,5c:62:8b:66:67:d2,0,5,0,0"
1791506137.942,"B,27275,10,cc:b8:5e:ad:5c:4a,13904,12,550,5,-44,S,5c:62:8b:66:67:d2,0,1,1,10"
1791506137.942,"B,27275,10,72:3b:01:24:b7:c8,84,3,0,0,-41,S,5c:62:8b:66:67:d2,3,0,0,0"
1791506137.942,"B,27275,10,b2:db:ca:e6:29:a6,56,2,0,0,-42,S,5c:62:8b:66:67:d2,2,0,0,0"
1791506138.142,"B,27375,10,5c:62:8b:66:67:d2,0,0,32190,30,-44,A,5c:62:8b:66:67:d2,0,0,0,0"
1791506138.142,"B,27375,10,cc:b8:5e:ad:5c:4a,32078,26,0,0,-45,S,5c:62:8b:66:67:d2,1,0,0,25"
1791506138.142,"B,27375,10,72:3b:01:24:b7:c8,56,2,0,0,-41,S,5c:62:8b:66:67:d2,2,0,0,0"
1791506138.142,"B,27375,10,b2:db:ca:e6:29:a6,56,2,0,0,-42,S,5c:62:8b:66:67:d2,2,0,0,0"
1791506138.142,"B,27475,10,5c:62:8b:66:67:d2,880,8,18796,18,-42,A,5c:62:8b:66:67:d2,0,8,0,0"
1791506138.142,"B,27475,10,cc:b8:5e:ad:5c:4a,18768,17,880,8,-47,S,5c:62:8b:66:67:d2,1,1,3,12"
1791506138.142,"B,27475,10,b2:db:ca:e6:29:a6,28,1,0,0,-43,S,5c:62:8b:66:67:d2,1,0,0,0"
1791506138.346,"B,27575,10,5c:62:8b:66:67:d2,0,0,15889,27,-46,A,5c:62:8b:66:67:d2,0,0,0,0"
1791506138.346,"B,27575,10,cc:b8:5e:ad:5c:4a,15497,13,0,0,-45,S,5c:62:8b:66:67:d2,0,1,0,12"
1791506138.346,"B,27575,10,72:3b:01:24:b7:c8,308,11,0,0,-41,S,5c:62:8b:66:67:d2,11,0,0,0"
1791506138.346,"B,27575,10,b0:a7:b9:23:82:ee,0,0,30,1,-86,A,b0:a7:b9:23:82:ee,0,0,0,0"
1791506138.346,"B,27575,10,b2:db:ca:e6:29:a6,84,3,0,0,-42,S,5c:62:8b:66:67:d2,3,0,0,0"
1791506138.346,"B,27575,10,f2:51:4e:f8:1a:7f,30,1,0,0,-92,S,b0:a7:b9:23:82:ee,1,0,0,0"
1791506138.346,"B,27675,10,5c:62:8b:66:67:d2,1208,11,13610,17,-42,A,5c:62:8b:66:67:d2,0,11,0,0"
1791506138.346,"B,27675,10,cc:b8:5e:ad:5c:4a,13526,14,1208,11,-45,S,5c:62:8b:66:67:d2,1,2,3,8"
1791506138.346,"B,27675,10,72:3b:01:24:b7:c8,56,2,0,0,-41,S,5c:62:8b:66:67:d2,2,0,0,0"
1791506138.346,"B,27675,10,b0:a7:b9:23:82:ee,0,0,30,1,-86,A,b0:a7:b9:23:82:ee,0,0,0,0"
1791506138.346,"B,27675,10,b2:db:ca:e6:29:a6,28,1,0,0,-42,S,5c:62:8b:66:67:d2,1,0,0,0"
1791506138.346,"B,27675,10,f2:51:4e:f8:1a:7f,30,1,0,0,-90,S,b0:a7:b9:23:82:ee,1,0,0,0"
1791506138.551,"B,27775,10,5c:62:8b:66:67:d2,0,0,27118,28,-44,A,5c:62:8b:66:67:d2,0,0,0,0"
1791506138.551,"B,27775,10,cc:b8:5e:ad:5c:4a,26950,22,0,0,-46,S,5c:62:8b:66:67:d2,1,0,0,21"
1791506138.551,"B,27775,10,72:3b:01:24:b7:c8,112,4,0,0,-41,S,5c:62:8b:66:67:d2,4,0,0,0"
1791506138.551,"B,27775,10,b0:a7:b9:23:82:ee,0,0,30,1,0,A,b0:a7:b9:23:82:ee,0,0,0,0"
1791506138.551,"B,27775,10,b2:db:ca:e6:29:a6,56,2,0,0,-42,S,5c:62:8b:66:67:d2,2,0,0,0"
1791506138.551,"B,27775,10,f2:51:4e:f8:1a:7f,30,1,0,0,-86,S,b0:a7:b9:23:82:ee,1,0,0,0"
1791506138.551,"B,27875,10,5c:62:8b:66:67:d2,660,6,38252,42,-42,A,5c:62:8b:66:67:d2,0,6,0,0"
1791506138.551,"B,27875,10,cc:b8:5e:ad:5c:4a,38056,35,660,6,-45,S,5c:62:8b:66:67:d2,1,7,0,27"
1791506138.551,"B,27875,10,72:3b:01:24:b7:c8,140,5,0,0,-42,S,5c:62:8b:66:67:d2,5,0,0,0"
1791506138.551,"B,27875,10,b2:db:ca:e6:29:a6,56,2,0,0,-42,S,5c:62:8b:66:67:d2,2,0,0,0"
1791506138.756,"B,27975,10,78:8c:b5:f5:e7:26,160,2,0,0,-75,A,78:8c:b5:f5:e7:26,2,0,0,0"
1791506138.756,"B,27975,10,5c:62:8b:66:67:d2,770,7,39382,37,-42,A,5c:62:8b:66:67:d2,0,7,0,0"
1791506138.756,"B,27975,10,cc:b8:5e:ad:5c:4a,39242,32,770,7,-45,S,5c:62:8b:66:67:d2,1,0,2,29"
1791506138.756,"B,27975,10,72:3b:01:24:b7:c8,84,3,0,0,-42,S,5c:62:8b:66:67:d2,3,0,0,0"
1791506138.756,"B,27975,10,b2:db:ca:e6:29:a6,56,2,0,0,-42,S,5c:62:8b:66:67:d2,2,0,0,0"
1791506138.756,"B,28075,10,5c:62:8b:66:67:d2,440,4,35648,32,-43,A,5c:62:8b:66:67:d2,0,4,0,0"
1791506138.756,"B,28075,10,cc:b8:5e:ad:5c:4a,35536,28,440,4,-46,S,5c:62:8b:66:67:d2,0,0,2,26"
1791506138.756,"B,28075,10,72:3b:01:24:b7:c8,112,4,0,0,-42,S,5c:62:8b:66:67:d2,4,0,0,0"
1791506138.756,"B,28075,10,b0:a7:b9:23:82:ee,0,0,30,1,-87,A,b0:a7:b9:23:82:ee,0,0,0,0"
1791506138.756,"B,28075,10,f2:51:4e:f8:1a:7f,30,1,0,0,-94,S,b0:a7:b9:23:82:ee,1,0,0,0"
1791506138.959,"B,28175,10,5c:62:8b:66:67:d2,550,5,42174,44,-43,A,5c:62:8b:66:67:d2,0,5,0,0"
1791506138.959,"B,28175,10,cc:b8:5e:ad:5c:4a,41894,34,550,5,-45,S,5c:62:8b:66:67:d2,1,0,5,28"
1791506138.959,"B,28175,10,72:3b:01:24:b7:c8,224,8,0,0,-44,S,5c:62:8b:66:67:d2,8,0,0,0"
1791506138.959,"B,28175,10,b2:db:ca:e6:29:a6,56,2,0,0,-42,S,5c:62:8b:66:67:d2,2,0,0,0"
1791506138.959,"B,28275,10,5c:62:8b:66:67:d2,0,0,29892,42,-44,A,5c:62:8b:66:67:d2,0,0,0,0"
1791506138.959,"B,28275,10,cc:b8:5e:ad:5c:4a,29584,31,0,0,-45,S,5c:62:8b:66:67:d2,5,2,5,19"
1791506138.959,"B,28275,10,72:3b:01:24:b7:c8,224,8,0,0,-42,S,5c:62:8b:66:67:d2,8,0,0,0"
1791506138.959,"B,28275,10,b0:a7:b9:23:82:ee,0,0,30,1,-87,A,b0:a7:b9:23:82:ee,0,0,0,0"
1791506138.959,"B,28275,10,b2:db:ca:e6:29:a6,84,3,0,0,-43,S,5c:62:8b:66:67:d2,3,0,0,0"
1791506138.959,"B,28275,10,f2:51:4e:f8:1a:7f,30,1,0,0,-91,S,b0:a7:b9:23:82:ee,1,0,0,0"
1791506139.164,"B,28375,10,5c:62:8b:66:67:d2,1100,10,26760,23,-42,A,5c:62:8b:66:67:d2,0,10,0,0"
1791506139.164,"B,28375,10,cc:b8:5e:ad:5c:4a,26732,22,1100,10,-46,S,5c:62:8b:66:67:d2,0,0,3,19"
1791506139.164,"B,28375,10,b2:db:ca:e6:29:a6,28,1,0,0,-41,S,5c:62:8b:66:67:d2,1,0,0,0"
1791506139.164,"B,28475,10,5c:62:8b:66:67:d2,0,0,9668,16,-44,A,5c:62:8b:66:67:d2,0,0,0,0"
1791506139.164,"B,28475,10,cc:b8:5e:ad:5c:4a,9472,9,0,0,-47,S,5c:62:8b:66:67:d2,1,1,0,7"
1791506139.164,"B,28475,10,72:3b:01:24:b7:c8,196,7,0,0,-41,S,5c:62:8b:66:67:d2,7,0,0,0"
1791506139.164,"B,28475,10,b0:a7:b9:23:82:ee,0,0,60,2,-87,A,b0:a7:b9:23:82:ee,0,0,0,0"
1791506139.164,"B,28475,10,f2:51:4e:f8:1a:7f,60,2,0,0,-90,S,b0:a7:b9:23:82:ee,2,0,0,0"
1791506139.365,"B,28575,10,5c:62:8b:66:67:d2,990,9,29036,28,-42,A,5c:62:8b:66:67:d2,0,9,0,0"
1791506139.365,"B,28575,10,cc:b8:5e:ad:5c:4a,28952,25,990,9,-46,S,5c:62:8b:66:67:d2,1,1,4,19"
1791506139.365,"B,28575,10,72:3b:01:24:b7:c8,84,3,0,0,-41,S,5c:62:8b:66:67:d2,3,0,0,0"
1791506139.365,"B,28675,10,5c:62:8b:66:67:d2,550,5,21972,24,-42,A,5c:62:8b:66:67:d2,0,5,0,0"
1791506139.365,"B,28675,10,cc:b8:5e:ad:5c:4a,21888,21,550,5,-45,S,5c:62:8b:66:67:d2,1,5,1,14"
1791506139.365,"B,28675,10,72:3b:01:24:b7:c8,56,2,0,0,-41,S,5c:62:8b:66:67:d2,2,0,0,0"
1791506139.365,"B,28675,10,b2:db:ca:e6:29:a6,28,1,0,0,-44,S,5c:62:8b:66:67:d2,1,0,0,0"
1791506139.570,"B,28775,10,5c:62:8b:66:67:d2,650,6,19182,21,-42,A,5c:62:8b:66:67:d2,0,6,0,0"
1791506139.570,"B,28775,10,cc:b8:5e:ad:5c:4a,18976,16,550,5,-44,S,5c:62:8b:66:67:d2,0,2,0,14"
1791506139.570,"B,28775,10,72:3b:01:24:b7:c8,28,1,0,0,-41,S,5c:62:8b:66:67:d2,1,0,0,0"
1791506139.570,"B,28775,10,b2:db:ca:e6:29:a6,56,2,0,0,-42,S,5c:62:8b:66:67:d2,2,0,0,0"
1791506139.570,"B,28775,10,46:88:44:6e:4f:e4,122,2,100,1,-38,S,5c:62:8b:66:67:d2,2,0,0,0"
1791506139.570,"B,28875,10,5c:62:8b:66:67:d2,330,3,18100,21,-42,A,5c:62:8b:66:67:d2,0,3,0,0"
1791506139.570,"B,28875,10,cc:b8:5e:ad:5c:4a,17988,17,330,3,-44,S,5c:62:8b:66:67:d2,1,0,6,10"
1791506139.570,"B,28875,10,72:3b:01:24:b7:c8,84,3,0,0,-40,S,5c:62:8b:66:67:d2,3,0,0,0"
1791506139.570,"B,28875,10,b2:db:ca:e6:29:a6,28,1,0,0,-43,S,5c:62:8b:66:67:d2,1,0,0,0"
1791506139.773,"B,28975,10,5c:62:8b:66:67:d2,550,5,22256,21,-43,A,5c:62:8b:66:67:d2,0,5,0,0"
1791506139.773,"B,28975,10,cc:b8:5e:ad:5c:4a,22172,18,550,5,-46,S,5c:62:8b:66:67:d2,0,1,0,17"
1791506139.773,"B,28975,10,72:3b:01:24:b7:c8,28,1,0,0,-41,S,5c:62:8b:66:67:d2,1,0,0,0"
1791506139.773,"B,28975,10,b2:db:ca:e6:29:a6,56,2,0,0,-43,S,5c:62:8b:66:67:d2,2,0,0,0"
1791506139.773,"B,29075,10,5c:62:8b:66:67:d2,736,6,24034,29,-43,A,5c:62:8b:66:67:d2,0,6,0,0"
1791506139.773,"B,29075,10,cc:b8:5e:ad:5c:4a,23950,26,736,6,-46,S,5c:62:8b:66:67:d2,1,8,0,17"
1791506139.773,"B,29075,10,72:3b:01:24:b7:c8,28,1,0,0,-41,S,5c:62:8b:66:67:d2,1,0,0,0"
1791506139.773,"B,29075,10,b2:db:ca:e6:29:a6,56,2,0,0,-43,S,5c:62:8b:66:67:d2,2,0,0,0"
1791506139.978,"B,29175,10,5c:62:8b:66:67:d2,660,6,41394,39,-43,A,5c:62:8b:66:67:d2,0,6,0,0"
1791506139.978,"B,29175,10,cc:b8:5e:ad:5c:4a,41254,34,660,6,-45,S,5c:62:8b:66:67:d2,1,1,0,32"
1791506139.978,"B,29175,10,72:3b:01:24:b7:c8,112,4,0,0,-41,S,5c:62:8b:66:67:d2,4,0,0,0"
1791506139.978,"B,29175,10,b2:db:ca:e6:29:a6,28,1,0,0,-44,S,5c:62:8b:66:67:d2,1,0,0,0"
1791506139.978,"B,29275,10,5c:62:8b:66:67:d2,443,4,15066,18,-42,A,5c:62:8b:66:67:d2,0,4,0,0"
1791506139.978,"B,29275,10,cc:b8:5e:ad:5c:4a,14982,15,443,4,-46,S,5c:62:8b:66:67:d2,0,4,0,11"
1791506139.978,"B,29275,10,72:3b:01:24:b7:c8,28,1,0,0,-42,S,5c:62:8b:66:67:d2,1,0,0,0"
1791506139.978,"B,29275,10,b0:a7:b9:23:82:ee,0,0,60,2,-86,A,b0:a7:b9:23:82:ee,0,0,0,0"
1791506139.978,"B,29275,10,b2:db:ca:e6:29:a6,56,2,0,0,-43,S,5c:62:8b:66:67:d2,2,0,0,0"
1791506139.978,"B,29275,10,f2:51:4e:f8:1a:7f,60,2,0,0,-89,S,b0:a7:b9:23:82:ee,2,0,0,0"
1791506140.183,"B,29375,10,5c:62:8b:66:67:d2,440,4,27924,24,-43,A,5c:62:8b:66:67:d2,0,4,0,0"
1791506140.183,"B,29375,10,cc:b8:5e:ad:5c:4a,27896,23,440,4,-46,S,5c:62:8b:66:67:d2,1,0,4,18"
1791506140.183,"B,29375,10,b0:a7:b9:23:82:ee,0,0,60,2,-89,A,b0:a7:b9:23:82:ee,0,0,0,0"
1791506140.183,"B,29375,10,b2:db:ca:e6:29:a6,28,1,0,0,-42,S,5c:62:8b:66:67:d2,1,0,0,0"
1791506140.183,"B,29375,10,f2:51:4e:f8:1a:7f,60,2,0,0,-93,S,b0:a7:b9:23:82:ee,2,0,0,0"
1791506140.183,"B,29475,10,5c:62:8b:66:67:d2,550,5,17072,19,-43,A,5c:62:8b:66:67:d2,0,5,0,0"
1791506140.183,"B,29475,10,cc:b8:5e:ad:5c:4a,16960,15,550,5,-46,S,5c:62:8b:66:67:d2,1,1,1,12"
1791506140.183,"B,29475,10,72:3b:01:24:b7:c8,112,4,0,0,-41,S,5c:62:8b:66:67:d2,4,0,0,0"
1791506140.183,"B,29475,10,b0:a7:b9:23:82:ee,0,0,30,1,-87,A,b0:a7:b9:23:82:ee,0,0,0,0"
1791506140.183,"B,29475,10,f2:51:4e:f8:1a:7f,30,1,0,0,-93,S,b0:a7:b9:23:82:ee,1,0,0,0"
1791506140.386,"B,29575,10,5c:62:8b:66:67:d2,660,6,15686,16,-42,A,5c:62:8b:66:67:d2,0,6,0,0"
1791506140.386,"B,29575,10,cc:b8:5e:ad:5c:4a,15630,14,660,6,-47,S,5c:62:8b:66:67:d2,1,1,0,12"
1791506140.386,"B,29575,10,72:3b:01:24:b7:c8,56,2,0,0,-41,S,5c:62:8b:66:67:d2,2,0,0,0"
1791506140.386,"B,29675,10,5c:62:8b:66:67:d2,770,7,45374,38,-42,A,5c:62:8b:66:67:d2,0,7,0,0"
1791506140.386,"B,29675,10,cc:b8:5e:ad:5c:4a,45374,38,770,7,-45,S,5c:62:8b:66:67:d2,1,2,0,35"
1791506140.587,"B,29775,10,5c:62:8b:66:67:d2,1100,10,96234,78,-42,A,5c:62:8b:66:67:d2,0,10,0,0"
1791506140.587,"B,29775,10,cc:b8:5e:ad:5c:4a,96178,76,1100,10,-45,S,5c:62:8b:66:67:d2,1,0,0,75"
1791506140.587,"B,29775,10,72:3b:01:24:b7:c8,56,2,0,0,-41,S,5c:62:8b:66:67:d2,2,0,0,0"
1791506140.587,"B,29875,10,5c:62:8b:66:67:d2,3190,29,136376,110,-42,A,5c:62:8b:66:67:d2,0,29,0,0"
1791506140.587,"B,29875,10,cc:b8:5e:ad:5c:4a,136376,110,3190,29,-45,S,5c:62:8b:66:67:d2,0,5,0,105"
1791506140.787,"B,29975,10,5c:62:8b:66:67:d2,1320,12,27316,25,-42,A,5c:62:8b:66:67:d2,0,12,0,0"
1791506140.787,"B,29975,10,cc:b8:5e:ad:5c:4a,27260,23,1320,12,-45,S,5c:62:8b:66:67:d2,1,1,0,21"
1791506140.787,"B,29975,10,72:3b:01:24:b7:c8,28,1,0,0,-41,S,5c:62:8b:66:67:d2,1,0,0,0"
1791506140.787,"B,29975,10,b2:db:ca:e6:29:a6,28,1,0,0,-42,S,5c:62:8b:66:67:d2,1,0,0,0"
1791506140.787,"B,30075,10,5c:62:8b:66:67:d2,330,3,16660,24,-43,A,5c:62:8b:66:67:d2,0,3,0,0"
1791506140.787,"B,30075,10,cc:b8:5e:ad:5c:4a,16408,15,330,3,-46,S,5c:62:8b:66:67:d2,1,1,2,11"
1791506140.787,"B,30075,10,72:3b:01:24:b7:c8,196,7,0,0,-41,S,5c:62:8b:66:67:d2,7,0,0,0"
1791506140.787,"B,30075,10,b2:db:ca:e6:29:a6,56,2,0,0,-43,S,5c:62:8b:66:67:d2,2,0,0,0"
1791506140.787,"I,30088,stat,rx=11675,drops=0,ch=10,bin=100,hop=0,heap=202024"
1791506140.988,"B,30175,10,5c:62:8b:66:67:d2,440,4,21850,23,-43,A,5c:62:8b:66:67:d2,0,4,0,0"
1791506140.988,"B,30175,10,cc:b8:5e:ad:5c:4a,21682,17,440,4,-45,S,5c:62:8b:66:67:d2,0,0,0,17"
1791506140.988,"B,30175,10,72:3b:01:24:b7:c8,112,4,0,0,-41,S,5c:62:8b:66:67:d2,4,0,0,0"
1791506140.988,"B,30175,10,b2:db:ca:e6:29:a6,56,2,0,0,-42,S,5c:62:8b:66:67:d2,2,0,0,0"
1791506140.988,"B,30275,10,5c:62:8b:66:67:d2,604,6,19278,24,-43,A,5c:62:8b:66:67:d2,2,4,0,0"
1791506140.988,"B,30275,10,cc:b8:5e:ad:5c:4a,19110,18,522,5,-46,S,5c:62:8b:66:67:d2,2,1,1,14"
1791506140.988,"B,30275,10,72:3b:01:24:b7:c8,112,4,82,1,-41,S,5c:62:8b:66:67:d2,4,0,0,0"
1791506140.988,"B,30275,10,b2:db:ca:e6:29:a6,56,2,0,0,-41,S,5c:62:8b:66:67:d2,2,0,0,0"
1791506141.188,"B,30375,10,5c:62:8b:66:67:d2,330,3,11818,19,-43,A,5c:62:8b:66:67:d2,0,3,0,0"
1791506141.188,"B,30375,10,cc:b8:5e:ad:5c:4a,11566,10,330,3,-47,S,5c:62:8b:66:67:d2,1,0,0,9"
1791506141.188,"B,30375,10,72:3b:01:24:b7:c8,196,7,0,0,-42,S,5c:62:8b:66:67:d2,7,0,0,0"
1791506141.188,"B,30375,10,b2:db:ca:e6:29:a6,56,2,0,0,-43,S,5c:62:8b:66:67:d2,2,0,0,0"
1791506141.188,"B,30475,10,5c:62:8b:66:67:d2,1430,13,55302,48,-43,A,5c:62:8b:66:67:d2,0,13,0,0"
1791506141.188,"B,30475,10,cc:b8:5e:ad:5c:4a,55274,47,1430,13,-46,S,5c:62:8b:66:67:d2,2,2,3,40"
1791506141.188,"B,30475,10,b2:db:ca:e6:29:a6,28,1,0,0,-43,S,5c:62:8b:66:67:d2,1,0,0,0"
1791506141.188,"B,30575,10,5c:62:8b:66:67:d2,440,4,15606,13,-43,A,5c:62:8b:66:67:d2,0,4,0,0"
1791506141.388,"B,30575,10,cc:b8:5e:ad:5c:4a,15606,13,440,4,-47,S,5c:62:8b:66:67:d2,0,1,0,12"
1791506141.388,"B,30675,10,5c:62:8b:66:67:d2,0,0,33668,38,-45,A,5c:62:8b:66:67:d2,0,0,0,0"
1791506141.388,"B,30675,10,cc:b8:5e:ad:5c:4a,33472,31,0,0,-44,S,5c:62:8b:66:67:d2,5,0,0,26"
1791506141.388,"B,30675,10,72:3b:01:24:b7:c8,196,7,0,0,-41,S,5c:62:8b:66:67:d2,7,0,0,0"
1791506141.388,"B,30775,10,5c:62:8b:66:67:d2,1100,10,25924,23,-43,A,5c:62:8b:66:67:d2,0,10,0,0"
1791506141.588,"B,30775,10,cc:b8:5e:ad:5c:4a,25924,23,1100,10,-46,S,5c:62:8b:66:67:d2,1,1,3,18"
1791506141.588,"B,30875,10,5c:62:8b:66:67:d2,440,4,38874,35,-43,A,5c:62:8b:66:67:d2,0,4,0,0"
1791506141.588,"B,30875,10,cc:b8:5e:ad:5c:4a,38790,32,440,4,-45,S,5c:62:8b:66:67:d2,1,0,5,26"
1791506141.588,"B,30875,10,72:3b:01:24:b7:c8,56,2,0,0,-41,S,5c:62:8b:66:67:d2,2,0,0,0"
1791506141.588,"B,30875,10,b2:db:ca:e6:29:a6,28,1,0,0,-43,S,5c:62:8b:66:67:d2,1,0,0,0"
1791506141.588,"M,30962,slot,2,1"
1791506141.588,"B,30975,10,5c:62:8b:66:67:d2,660,6,20066,23,-43,A,5c:62:8b:66:67:d2,0,6,0,0"
1791506141.588,"B,30975,10,cc:b8:5e:ad:5c:4a,19898,17,660,6,-45,S,5c:62:8b:66:67:d2,0,2,0,15"
1791506141.788,"B,30975,10,72:3b:01:24:b7:c8,112,4,0,0,-41,S,5c:62:8b:66:67:d2,4,0,0,0"
1791506141.788,"B,30975,10,b2:db:ca:e6:29:a6,56,2,0,0,-43,S,5c:62:8b:66:67:d2,2,0,0,0"
1791506141.788,"B,31075,10,5c:62:8b:66:67:d2,440,4,18212,21,-42,A,5c:62:8b:66:67:d2,0,4,0,0"
1791506141.788,"B,31075,10,cc:b8:5e:ad:5c:4a,18156,19,440,4,-45,S,5c:62:8b:66:67:d2,1,5,1,12"
1791506141.788,"B,31075,10,b2:db:ca:e6:29:a6,56,2,0,0,-43,S,5c:62:8b:66:67:d2,2,0,0,0"
1791506141.788,"B,31175,10,5c:62:8b:66:67:d2,440,4,13778,18,-43,A,5c:62:8b:66:67:d2,0,4,0,0"
1791506141.989,"B,31175,10,cc:b8:5e:ad:5c:4a,13610,12,440,4,-46,S,5c:62:8b:66:67:d2,1,0,1,10"
1791506141.989,"B,31175,10,72:3b:01:24:b7:c8,112,4,0,0,-41,S,5c:62:8b:66:67:d2,4,0,0,0"
1791506141.989,"B,31175,10,b2:db:ca:e6:29:a6,56,2,0,0,-43,S,5c:62:8b:66:67:d2,2,0,0,0"
1791506141.989,"B,31175,10,80:af:ca:68:4c:f8,82,1,0,0,-87,A,80:af:ca:68:4c:f8,1,0,0,0"
1791506141.989,"B,31175,10,52:4b:9a:a2:db:8e,0,0,82,1,0,S,80:af:ca:68:4c:f8,0,0,0,0"
1791506141.989,"B,31275,10,5c:62:8b:66:67:d2,0,0,7276,13,-43,A,5c:62:8b:66:67:d2,0,0,0,0"
1791506141.989,"B,31275,10,cc:b8:5e:ad:5c:4a,7108,7,0,0,-46,S,5c:62:8b:66:67:d2,1,1,0,5"
1791506141.989,"B,31275,10,72:3b:01:24:b7:c8,140,5,0,0,-42,S,5c:62:8b:66:67:d2,5,0,0,0"
1791506141.989,"B,31275,10,b2:db:ca:e6:29:a6,28,1,0,0,-41,S,5c:62:8b:66:67:d2,1,0,0,0"
1791506141.989,"B,31375,10,5c:62:8b:66:67:d2,990,9,34704,28,-43,A,5c:62:8b:66:67:d2,0,9,0,0"
1791506142.189,"B,31375,10,cc:b8:5e:ad:5c:4a,34704,28,990,9,-46,S,5c:62:8b:66:67:d2,0,1,1,26"
1791506142.189,"B,31475,10,5c:62:8b:66:67:d2,0,0,7252,11,-44,A,5c:62:8b:66:67:d2,0,0,0,0"
1791506142.189,"B,31475,10,cc:b8:5e:ad:5c:4a,7168,8,0,0,-44,S,5c:62:8b:66:67:d2,2,0,1,5"
1791506142.189,"B,31475,10,72:3b:01:24:b7:c8,84,3,0,0,-41,S,5c:62:8b:66:67:d2,3,0,0,0"
1791506142.189,"B,31575,10,5c:62:8b:66:67:d2,330,3,51170,46,-43,A,5c:62:8b:66:67:d2,0,3,0,0"
1791506142.389,"B,31575,10,cc:b8:5e:ad:5c:4a,51114,44,330,3,-43,S,5c:62:8b:66:67:d2,1,5,0,38"
1791506142.389,"B,31575,10,72:3b:01:24:b7:c8,56,2,0,0,-41,S,5c:62:8b:66:67:d2,2,0,0,0"
1791506142.389,"B,31675,10,5c:62:8b:66:67:d2,2200,20,100674,80,-42,A,5c:62:8b:66:67:d2,0,20,0,0"
1791506142.389,"B,31675,10,cc:b8:5e:ad:5c:4a,100674,80,2200,20,-44,S,5c:62:8b:66:67:d2,1,0,2,77"
1791506142.389,"B,31775,10,5c:62:8b:66:67:d2,3740,34,119080,96,-43,A,5c:62:8b:66:67:d2,0,34,0,0"
1791506142.589,"B,31775,10,cc:b8:5e:ad:5c:4a,119052,95,3740,34,-43,S,5c:62:8b:66:67:d2,1,1,2,91"
1791506142.589,"B,31775,10,72:3b:01:24:b7:c8,28,1,0,0,-42,S,5c:62:8b:66:67:d2,1,0,0,0"
1791506142.589,"B,31875,10,5c:62:8b:66:67:d2,1760,16,94016,80,-42,A,5c:62:8b:66:67:d2,0,16,0,0"
1791506142.589,"B,31875,10,cc:b8:5e:ad:5c:4a,93932,77,1760,16,-42,S,5c:62:8b:66:67:d2,1,5,0,71"
1791506142.589,"B,31875,10,72:3b:01:24:b7:c8,84,3,0,0,-41,S,5c:62:8b:66:67:d2,3,0,0,0"
1791506142.589,"B,31975,10,78:8c:b5:f5:e7:26,80,1,0,0,-75,A,78:8c:b5:f5:e7:26,1,0,0,0"
1791506142.589,"B,31975,10,5c:62:8b:66:67:d2,846,7,43070,44,-42,A,5c:62:8b:66:67:d2,0,7,0,0"
1791506142.789,"B,31975,10,cc:b8:5e:ad:5c:4a,42958,40,846,7,-42,S,5c:62:8b:66:67:d2,1,5,3,31"
1791506142.789,"B,31975,10,72:3b:01:24:b7:c8,112,4,0,0,-42,S,5c:62:8b:66:67:d2,4,0,0,0"
1791506142.789,"B,32075,10,5c:62:8b:66:67:d2,1210,11,41764,35,-42,A,5c:62:8b:66:67:d2,0,11,0,0"
1791506142.789,"B,32075,10,cc:b8:5e:ad:5c:4a,41764,35,1210,11,-42,S,5c:62:8b:66:67:d2,1,2,0,32"
1791506142.789,"B,32175,10,5c:62:8b:66:67:d2,660,6,24200,30,-42,A,5c:62:8b:66:67:d2,0,6,0,0"
1791506142.789,"B,32175,10,cc:b8:5e:ad:5c:4a,23948,21,660,6,-41,S,5c:62:8b:66:67:d2,1,0,5,15"
1791506142.989,"B,32175,10,72:3b:01:24:b7:c8,224,8,0,0,-41,S,5c:62:8b:66:67:d2,8,0,0,0"
1791506142.989,"B,32175,10,b2:db:ca:e6:29:a6,28,1,0,0,-44,S,5c:62:8b:66:67:d2,1,0,0,0"
1791506142.989,"B,32275,10,5c:62:8b:66:67:d2,1052,8,47449,49,-43,A,5c:62:8b:66:67:d2,0,8,0,0"
1791506142.989,"B,32275,10,cc:b8:5e:ad:5c:4a,47337,45,1052,8,-42,S,5c:62:8b:66:67:d2,1,8,0,36"
1791506142.989,"B,32275,10,72:3b:01:24:b7:c8,112,4,0,0,-41,S,5c:62:8b:66:67:d2,4,0,0,0"
1791506142.989,"B,32375,10,5c:62:8b:66:67:d2,5164,8,22362,34,-42,A,5c:62:8b:66:67:d2,0,5,0,3"
1791506142.989,"B,32375,10,cc:b8:5e:ad:5c:4a,22250,30,5164,8,-40,S,5c:62:8b:66:67:d2,5,10,0,15"
1791506143.190,"B,32375,10,72:3b:01:24:b7:c8,28,1,0,0,-42,S,5c:62:8b:66:67:d2,1,0,0,0"
1791506143.190,"B,32375,10,b2:db:ca:e6:29:a6,84,3,0,0,-41,S,5c:62:8b:66:67:d2,3,0,0,0"
1791506143.190,"B,32475,10,5c:62:8b:66:67:d2,440,4,11675,28,-42,A,5c:62:8b:66:67:d2,0,4,0,0"
1791506143.190,"B,32475,10,cc:b8:5e:ad:5c:4a,11591,25,440,4,-42,S,5c:62:8b:66:67:d2,5,13,1,6"
1791506143.190,"B,32475,10,72:3b:01:24:b7:c8,28,1,0,0,-42,S,5c:62:8b:66:67:d2,1,0,0,0"
1791506143.190,"B,32475,10,b2:db:ca:e6:29:a6,56,2,0,0,-43,S,5c:62:8b:66:67:d2,2,0,0,0"
1791506143.190,"B,32575,10,5c:62:8b:66:67:d2,1448,11,36479,29,-42,A,5c:62:8b:66:67:d2,0,11,0,0"
1791506143.190,"B,32575,10,cc:b8:5e:ad:5c:4a,36451,28,1448,11,-42,S,5c:62:8b:66:67:d2,1,4,0,23"
1791506143.190,"B,32575,10,b2:db:ca:e6:29:a6,28,1,0,0,-42,S,5c:62:8b:66:67:d2,1,0,0,0"
1791506143.390,"B,32675,10,5c:62:8b:66:67:d2,1947,15,63123,56,-42,A,5c:62:8b:66:67:d2,0,15,0,0"
1791506143.390,"B,32675,10,cc:b8:5e:ad:5c:4a,63095,55,1947,15,-42,S,5c:62:8b:66:67:d2,1,4,5,45"
1791506143.390,"B,32675,10,b2:db:ca:e6:29:a6,28,1,0,0,-43,S,5c:62:8b:66:67:d2,1,0,0,0"
1791506143.390,"B,32775,10,5c:62:8b:66:67:d2,6568,58,110308,88,-42,A,5c:62:8b:66:67:d2,0,58,0,0"
1791506143.390,"B,32775,10,cc:b8:5e:ad:5c:4a,110252,86,6568,58,-42,S,5c:62:8b:66:67:d2,0,0,0,86"
1791506143.390,"B,32775,10,72:3b:01:24:b7:c8,56,2,0,0,-45,S,5c:62:8b:66:67:d2,2,0,0,0"
1791506143.590,"B,32875,10,5c:62:8b:66:67:d2,2225,18,110938,95,-42,A,5c:62:8b:66:67:d2,0,18,0,0"
1791506143.590,"B,32875,10,cc:b8:5e:ad:5c:4a,110798,90,2225,18,-42,S,5c:62:8b:66:67:d2,1,3,0,86"
1791506143.590,"B,32875,10,72:3b:01:24:b7:c8,140,5,0,0,-40,S,5c:62:8b:66:67:d2,5,0,0,0"
1791506143.590,"B,32975,10,5c:62:8b:66:67:d2,3960,36,192328,151,-42,A,5c:62:8b:66:67:d2,0,36,0,0"
1791506143.590,"B,32975,10,cc:b8:5e:ad:5c:4a,192328,151,3960,36,-42,S,5c:62:8b:66:67:d2,1,0,0,150"
1791506143.590,"B,32975,10,b0:a7:b9:23:82:ee,0,0,30,1,-86,A,b0:a7:b9:23:82:ee,0,0,0,0"
1791506143.791,"B,32975,10,f2:51:4e:f8:1a:7f,30,1,0,0,-88,S,b0:a7:b9:23:82:ee,1,0,0,0"
1791506143.791,"B,33075,10,5c:62:8b:66:67:d2,4052,36,104454,84,-42,A,5c:62:8b:66:67:d2,0,36,0,0"
1791506143.791,"B,33075,10,cc:b8:5e:ad:5c:4a,104454,84,4052,36,-42,S,5c:62:8b:66:67:d2,1,2,0,81"
1791506143.791,"B,33075,10,b0:a7:b9:23:82:ee,0,0,30,1,0,A,b0:a7:b9:23:82:ee,0,0,0,0"
1791506143.791,"B,33075,10,f2:51:4e:f8:1a:7f,30,1,0,0,-86,S,b0:a7:b9:23:82:ee,1,0,0,0"
1791506143.791,"B,33175,10,5c:62:8b:66:67:d2,3740,34,144964,115,-43,A,5c:62:8b:66:67:d2,0,34,0,0"
1791506143.791,"B,33175,10,cc:b8:5e:ad:5c:4a,144964,115,3740,34,-42,S,5c:62:8b:66:67:d2,1,2,0,112"
1791506143.991,"B,33275,10,5c:62:8b:66:67:d2,4290,39,154724,125,-42,A,5c:62:8b:66:67:d2,0,39,0,0"
1791506143.991,"B,33275,10,cc:b8:5e:ad:5c:4a,154668,123,4290,39,-43,S,5c:62:8b:66:67:d2,1,1,3,118"
1791506143.991,"B,33275,10,b2:db:ca:e6:29:a6,56,2,0,0,-42,S,5c:62:8b:66:67:d2,2,0,0,0"
1791506143.991,"B,33375,10,5c:62:8b:66:67:d2,110,1,35718,33,-43,A,5c:62:8b:66:67:d2,0,1,0,0"
1791506143.991,"B,33375,10,cc:b8:5e:ad:5c:4a,35516,28,110,1,-41,S,5c:62:8b:66:67:d2,0,0,1,27"
1791506143.991,"B,33375,10,72:3b:01:24:b7:c8,56,2,0,0,-38,S,5c:62:8b:66:67:d2,2,0,0,0"
1791506143.991,"B,33375,10,b2:db:ca:e6:29:a6,56,2,0,0,-40,S,5c:62:8b:66:67:d2,2,0,0,0"
1791506143.991,"B,33375,10,46:88:44:6e:4f:e4,90,1,0,0,-45,S,5c:62:8b:66:67:d2,1,0,0,0"
1791506144.191,"B,33475,10,5c:62:8b:66:67:d2,0,0,28,1,-44,A,5c:62:8b:66:67:d2,0,0,0,0"
1791506144.191,"B,33475,10,b2:db:ca:e6:29:a6,28,1,0,0,-36,S,5c:62:8b:66:67:d2,1,0,0,0"
1791506144.191,"B,33575,10,5c:62:8b:66:67:d2,4496,40,50964,44,-42,A,5c:62:8b:66:67:d2,0,40,0,0"
1791506144.392,"B,33575,10,cc:b8:5e:ad:5c:4a,50936,43,4496,40,-45,S,5c:62:8b:66:67:d2,1,2,3,37"
1791506144.392,"B,33575,10,b2:db:ca:e6:29:a6,28,1,0,0,-36,S,5c:62:8b:66:67:d2,1,0,0,0"
1791506144.392,"B,33675,10,5c:62:8b:66:67:d2,216,2,2590,17,-43,A,5c:62:8b:66:67:d2,0,2,0,0"
1791506144.392,"B,33675,10,cc:b8:5e:ad:5c:4a,2282,6,216,2,-44,S,5c:62:8b:66:67:d2,1,4,0,1"
1791506144.392,"B,33675,10,72:3b:01:24:b7:c8,252,9,0,0,-36,S,5c:62:8b:66:67:d2,9,0,0,0"
1791506144.392,"B,33675,10,b2:db:ca:e6:29:a6,56,2,0,0,-41,S,5c:62:8b:66:67:d2,2,0,0,0"
1791506144.392,"B,33775,10,5c:62:8b:66:67:d2,110,1,634,3,-45,A,5c:62:8b:66:67:d2,0,1,0,0"
1791506144.392,"B,33775,10,cc:b8:5e:ad:5c:4a,606,2,110,1,-43,S,5c:62:8b:66:67:d2,1,1,0,0"
1791506144.392,"B,33775,10,b2:db:ca:e6:29:a6,28,1,0,0,-41,S,5c:62:8b:66:67:d2,1,0,0,0"
1791506144.593,"B,33875,10,5c:62:8b:66:67:d2,220,2,3096,5,-43,A,5c:62:8b:66:67:d2,0,2,0,0"
1791506144.593,"B,33875,10,cc:b8:5e:ad:5c:4a,3096,5,220,2,-45,S,5c:62:8b:66:67:d2,1,2,0,2"
1791506144.593,"B,33975,10,78:8c:b5:f5:e7:26,80,1,0,0,-75,A,78:8c:b5:f5:e7:26,1,0,0,0"
1791506144.593,"B,33975,10,5c:62:8b:66:67:d2,0,0,4192,14,-47,A,5c:62:8b:66:67:d2,0,0,0,0"
1791506144.593,"B,33975,10,cc:b8:5e:ad:5c:4a,3912,4,0,0,-46,S,5c:62:8b:66:67:d2,0,0,4,0"
1791506144.593,"B,33975,10,72:3b:01:24:b7:c8,280,10,0,0,-36,S,5c:62:8b:66:67:d2,10,0,0,0"
1791506144.793,"B,34075,10,5c:62:8b:66:67:d2,440,4,13972,14,-43,A,5c:62:8b:66:67:d2,0,4,0,0"
1791506144.793,"B,34075,10,cc:b8:5e:ad:5c:4a,13944,13,440,4,-45,S,5c:62:8b:66:67:d2,1,2,0,10"
1791506144.793,"B,34075,10,b2:db:ca:e6:29:a6,28,1,0,0,-42,S,5c:62:8b:66:67:d2,1,0,0,0"
1791506144.793,"B,34175,10,5c:62:8b:66:67:d2,0,0,3082,14,-46,A,5c:62:8b:66:67:d2,0,0,0,0"
1791506144.793,"B,34175,10,cc:b8:5e:ad:5c:4a,2802,4,0,0,-45,S,5c:62:8b:66:67:d2,1,1,0,2"
1791506144.793,"B,34175,10,72:3b:01:24:b7:c8,224,8,0,0,-36,S,5c:62:8b:66:67:d2,8,0,0,0"
1791506144.793,"B,34175,10,b2:db:ca:e6:29:a6,56,2,0,0,-44,S,5c:62:8b:66:67:d2,2,0,0,0"
1791506144.994,"B,34275,10,5c:62:8b:66:67:d2,1474,9,4638,10,-44,A,5c:62:8b:66:67:d2,1,8,0,0"
1791506144.994,"B,34275,10,cc:b8:5e:ad:5c:4a,4526,6,424,4,-45,S,5c:62:8b:66:67:d2,2,0,2,2"
1791506144.994,"B,34275,10,72:3b:01:24:b7:c8,56,2,1050,5,-35,S,5c:62:8b:66:67:d2,2,0,0,0"
1791506144.994,"B,34275,10,b2:db:ca:e6:29:a6,56,2,0,0,-45,S,5c:62:8b:66:67:d2,2,0,0,0"
1791506144.994,"B,34375,10,5c:62:8b:66:67:d2,220,2,2814,5,-43,A,5c:62:8b:66:67:d2,0,2,0,0"
1791506144.994,"B,34375,10,cc:b8:5e:ad:5c:4a,2758,3,220,2,-45,S,5c:62:8b:66:67:d2,0,1,0,2"
1791506144.994,"B,34375,10,b2:db:ca:e6:29:a6,56,2,0,0,-44,S,5c:62:8b:66:67:d2,2,0,0,0"
1791506145.196,"B,34475,10,5c:62:8b:66:67:d2,110,1,2588,6,-44,A,5c:62:8b:66:67:d2,0,1,0,0"
1791506145.196,"B,34475,10,cc:b8:5e:ad:5c:4a,2504,3,110,1,-45,S,5c:62:8b:66:67:d2,1,0,1,1"
1791506145.196,"B,34475,10,72:3b:01:24:b7:c8,28,1,0,0,-37,S,5c:62:8b:66:67:d2,1,0,0,0"
1791506145.196,"B,34475,10,b2:db:ca:e6:29:a6,56,2,0,0,-45,S,5c:62:8b:66:67:d2,2,0,0,0"
1791506145.196,"B,34575,10,5c:62:8b:66:67:d2,0,0,790,6,-46,A,5c:62:8b:66:67:d2,0,0,0,0"
1791506145.196,"B,34575,10,cc:b8:5e:ad:5c:4a,650,1,0,0,-45,S,5c:62:8b:66:67:d2,0,1,0,0"
1791506145.196,"B,34575,10,72:3b:01:24:b7:c8,84,3,0,0,-35,S,5c:62:8b:66:67:d2,3,0,0,0"
1791506145.196,"B,34575,10,b2:db:ca:e6:29:a6,56,2,0,0,-46,S,5c:62:8b:66:67:d2,2,0,0,0"
1791506145.398,"B,34675,10,5c:62:8b:66:67:d2,302,3,4214,8,-44,A,5c:62:8b:66:67:d2,1,2,0,0"
1791506145.398,"B,34675,10,cc:b8:5e:ad:5c:4a,4158,6,220,2,-46,S,5c:62:8b:66:67:d2,1,1,4,0"
1791506145.398,"B,34675,10,72:3b:01:24:b7:c8,0,0,82,1,0,S,5c:62:8b:66:67:d2,0,0,0,0"
1791506145.398,"B,34675,10,b0:a7:b9:23:82:ee,0,0,120,4,-89,A,b0:a7:b9:23:82:ee,0,0,0,0"
1791506145.398,"B,34675,10,b2:db:ca:e6:29:a6,56,2,0,0,-46,S,5c:62:8b:66:67:d2,2,0,0,0"
1791506145.398,"B,34675,10,f2:51:4e:f8:1a:7f,120,4,0,0,-88,S,b0:a7:b9:23:82:ee,4,0,0,0"
1791506145.398,"B,34775,10,5c:62:8b:66:67:d2,0,0,4516,9,-47,A,5c:62:8b:66:67:d2,0,0,0,0"
1791506145.398,"B,34775,10,cc:b8:5e:ad:5c:4a,4376,4,0,0,-45,S,5c:62:8b:66:67:d2,0,0,2,2"
1791506145.398,"B,34775,10,72:3b:01:24:b7:c8,112,4,0,0,-38,S,5c:62:8b:66:67:d2,4,0,0,0"
1791506145.398,"B,34775,10,b2:db:ca:e6:29:a6,28,1,0,0,-46,S,5c:62:8b:66:67:d2,1,0,0,0"
1791506145.601,"B,34875,10,5c:62:8b:66:67:d2,406,3,746,8,-44,A,5c:62:8b:66:67:d2,0,3,0,0"
1791506145.601,"B,34875,10,cc:b8:5e:ad:5c:4a,634,4,406,3,-43,S,5c:62:8b:66:67:d2,1,3,0,0"
1791506145.601,"B,34875,10,72:3b:01:24:b7:c8,112,4,0,0,-36,S,5c:62:8b:66:67:d2,4,0,0,0"
1791506145.601,"B,34875,10,b0:a7:b9:23:82:ee,0,0,120,4,-91,A,b0:a7:b9:23:82:ee,0,0,0,0"
1791506145.601,"B,34875,10,f2:51:4e:f8:1a:7f,120,4,0,0,-87,S,b0:a7:b9:23:82:ee,4,0,0,0"
1791506145.601,"B,34975,10,78:8c:b5:f5:e7:26,80,1,0,0,-75,A,78:8c:b5:f5:e7:26,1,0,0,0"
1791506145.601,"B,34975,10,5c:62:8b:66:67:d2,0,0,194,1,-46,A,5c:62:8b:66:67:d2,0,0,0,0"
1791506145.601,"B,34975,10,cc:b8:5e:ad:5c:4a,194,1,0,0,-45,S,5c:62:8b:66:67:d2,0,1,0,0"
1791506145.802,"B,35075,10,5c:62:8b:66:67:d2,110,1,572,8,-45,A,5c:62:8b:66:67:d2,0,1,0,0"
1791506145.802,"B,35075,10,cc:b8:5e:ad:5c:4a,432,3,110,1,-43,S,5c:62:8b:66:67:d2,1,2,0,0"
1791506145.802,"B,35075,10,72:3b:01:24:b7:c8,140,5,0,0,-37,S,5c:62:8b:66:67:d2,5,0,0,0"
1791506145.802,"I,35090,stat,rx=14173,drops=0,ch=10,bin=100,hop=0,heap=202024"
1791506145.802,"B,35175,10,5c:62:8b:66:67:d2,110,1,322,5,-45,A,5c:62:8b:66:67:d2,0,1,0,0"
1791506145.802,"B,35175,10,cc:b8:5e:ad:5c:4a,210,1,110,1,-45,S,5c:62:8b:66:67:d2,0,1,0,0"
1791506145.802,"B,35175,10,72:3b:01:24:b7:c8,84,3,0,0,-36,S,5c:62:8b:66:67:d2,3,0,0,0"
1791506145.802,"B,35175,10,b2:db:ca:e6:29:a6,28,1,0,0,-41,S,5c:62:8b:66:67:d2,1,0,0,0"
1791506146.005,"B,35275,10,5c:62:8b:66:67:d2,110,1,488,5,-44,A,5c:62:8b:66:67:d2,0,1,0,0"
1791506146.005,"B,35275,10,cc:b8:5e:ad:5c:4a,432,3,110,1,-42,S,5c:62:8b:66:67:d2,1,2,0,0"
1791506146.005,"B,35275,10,b2:db:ca:e6:29:a6,56,2,0,0,-40,S,5c:62:8b:66:67:d2,2,0,0,0"
1791506146.005,"B,35375,10,5c:62:8b:66:67:d2,0,0,346,5,-46,A,5c:62:8b:66:67:d2,0,0,0,0"
1791506146.005,"B,35375,10,cc:b8:5e:ad:5c:4a,234,1,0,0,-45,S,5c:62:8b:66:67:d2,0,1,0,0"
1791506146.005,"B,35375,10,72:3b:01:24:b7:c8,56,2,0,0,-35,S,5c:62:8b:66:67:d2,2,0,0,0"
1791506146.005,"B,35375,10,b2:db:ca:e6:29:a6,56,2,0,0,-40,S,5c:62:8b:66:67:d2,2,0,0,0"
1791506146.208,"B,35475,10,5c:62:8b:66:67:d2,1298,7,484,5,-43,A,5c:62:8b:66:67:d2,0,7,0,0"
1791506146.208,"B,35475,10,cc:b8:5e:ad:5c:4a,400,2,110,1,-45,S,5c:62:8b:66:67:d2,0,2,0,0"
1791506146.208,"B,35475,10,72:3b:01:24:b7:c8,56,2,1188,6,-37,S,5c:62:8b:66:67:d2,2,0,0,0"
1791506146.208,"B,35475,10,b2:db:ca:e6:29:a6,28,1,0,0,-35,S,5c:62:8b:66:67:d2,1,0,0,0"
1791506146.208,"B,35575,10,5c:62:8b:66:67:d2,514,3,858,12,-44,A,5c:62:8b:66:67:d2,0,3,0,0"
1791506146.208,"B,35575,10,cc:b8:5e:ad:5c:4a,662,5,110,1,-43,S,5c:62:8b:66:67:d2,2,3,0,0"
1791506146.208,"B,35575,10,72:3b:01:24:b7:c8,112,4,404,2,-34,S,5c:62:8b:66:67:d2,4,0,0,0"
1791506146.208,"B,35575,10,b2:db:ca:e6:29:a6,84,3,0,0,-41,S,5c:62:8b:66:67:d2,3,0,0,0"
1791506146.409,"B,35675,10,5c:62:8b:66:67:d2,33578,41,38532,35,-43,A,5c:62:8b:66:67:d2,0,16,1,24"
1791506146.409,"B,35675,10,cc:b8:5e:ad:5c:4a,38476,33,1540,14,-44,S,5c:62:8b:66:67:d2,1,2,1,29"
1791506146.409,"B,35675,10,72:3b:01:24:b7:c8,0,0,32038,27,0,S,5c:62:8b:66:67:d2,0,0,0,0"
1791506146.409,"B,35675,10,b2:db:ca:e6:29:a6,56,2,0,0,-39,S,5c:62:8b:66:67:d2,2,0,0,0"
1791506146.409,"B,35675,10,80:af:ca:68:4c:f8,84,1,0,0,-88,A,80:af:ca:68:4c:f8,1,0,0,0"
1791506146.409,"B,35775,10,5c:62:8b:66:67:d2,1180,2,5518,11,-44,A,5c:62:8b:66:67:d2,0,1,1,0"
1791506146.409,"B,35775,10,cc:b8:5e:ad:5c:4a,5350,5,110,1,-42,S,5c:62:8b:66:67:d2,0,0,5,0"
1791506146.409,"B,35775,10,72:3b:01:24:b7:c8,112,4,1070,1,-36,S,5c:62:8b:66:67:d2,4,0,0,0"
1791506146.409,"B,35775,10,b2:db:ca:e6:29:a6,56,2,0,0,-37,S,5c:62:8b:66:67:d2,2,0,0,0"
1791506146.612,"B,35875,10,5c:62:8b:66:67:d2,1426,3,1970,5,-43,A,5c:62:8b:66:67:d2,0,2,1,0"
1791506146.612,"B,35875,10,cc:b8:5e:ad:5c:4a,1942,4,110,1,-44,S,5c:62:8b:66:67:d2,1,2,1,0"
1791506146.612,"B,35875,10,72:3b:01:24:b7:c8,0,0,1316,2,0,S,5c:62:8b:66:67:d2,0,0,0,0"
1791506146.612,"B,35875,10,b2:db:ca:e6:29:a6,28,1,0,0,-41,S,5c:62:8b:66:67:d2,1,0,0,0"
1791506146.612,"B,35975,10,5c:62:8b:66:67:d2,12565,17,22220,25,-43,A,5c:62:8b:66:67:d2,0,8,0,9"
1791506146.612,"B,35975,10,cc:b8:5e:ad:5c:4a,22164,23,550,5,-43,S,5c:62:8b:66:67:d2,5,1,0,17"
1791506146.612,"B,35975,10,72:3b:01:24:b7:c8,0,0,12015,12,0,S,5c:62:8b:66:67:d2,0,0,0,0"
1791506146.612,"B,35975,10,b2:db:ca:e6:29:a6,56,2,0,0,-40,S,5c:62:8b:66:67:d2,2,0,0,0"
1791506146.816,"M,36041,slot,3,1"
1791506146.816,"B,36075,10,5c:62:8b:66:67:d2,23046,25,14984,24,-43,A,5c:62:8b:66:67:d2,0,8,0,17"
1791506146.816,"B,36075,10,cc:b8:5e:ad:5c:4a,14816,18,770,7,-43,S,5c:62:8b:66:67:d2,6,1,0,11"
1791506146.816,"B,36075,10,72:3b:01:24:b7:c8,140,5,22276,18,-34,S,5c:62:8b:66:67:d2,5,0,0,0"
1791506146.816,"B,36075,10,b2:db:ca:e6:29:a6,28,1,0,0,-42,S,5c:62:8b:66:67:d2,1,0,0,0"
1791506146.816,"B,36175,10,5c:62:8b:66:67:d2,11792,14,19186,24,-43,A,5c:62:8b:66:67:d2,0,5,1,8"
1791506146.816,"B,36175,10,cc:b8:5e:ad:5c:4a,18962,16,550,5,-42,S,5c:62:8b:66:67:d2,1,0,1,14"
1791506146.816,"B,36175,10,72:3b:01:24:b7:c8,168,6,11242,9,-33,S,5c:62:8b:66:67:d2,6,0,0,0"
1791506146.816,"B,36175,10,b2:db:ca:e6:29:a6,56,2,0,0,-40,S,5c:62:8b:66:67:d2,2,0,0,0"
1791506147.020,"B,36275,10,5c:62:8b:66:67:d2,22015,28,20838,23,-43,A,5c:62:8b:66:67:d2,0,12,1,15"
1791506147.020,"B,36275,10,cc:b8:5e:ad:5c:4a,20670,17,990,9,-44,S,5c:62:8b:66:67:d2,0,1,1,15"
1791506147.020,"B,36275,10,72:3b:01:24:b7:c8,112,4,21025,19,-34,S,5c:62:8b:66:67:d2,4,0,0,0"
1791506147.020,"B,36275,10,b2:db:ca:e6:29:a6,56,2,0,0,-39,S,5c:62:8b:66:67:d2,2,0,0,0"
1791506147.020,"B,36375,10,5c:62:8b:66:67:d2,7142,9,8402,18,-43,A,5c:62:8b:66:67:d2,0,4,0,5"
1791506147.020,"B,36375,10,cc:b8:5e:ad:5c:4a,8122,8,330,3,-44,S,5c:62:8b:66:67:d2,1,1,0,6"
1791506147.020,"B,36375,10,72:3b:01:24:b7:c8,224,8,6812,6,-33,S,5c:62:8b:66:67:d2,8,0,0,0"
1791506147.020,"B,36375,10,b2:db:ca:e6:29:a6,56,2,0,0,-39,S,5c:62:8b:66:67:d2,2,0,0,0"
1791506147.225,"B,36475,10,5c:62:8b:66:67:d2,20388,24,30314,26,-43,A,5c:62:8b:66:67:d2,0,9,1,14"
1791506147.225,"B,36475,10,cc:b8:5e:ad:5c:4a,30314,26,880,8,-46,S,5c:62:8b:66:67:d2,1,2,1,22"
1791506147.225,"B,36475,10,72:3b:01:24:b7:c8,0,0,19508,16,0,S,5c:62:8b:66:67:d2,0,0,0,0"
1791506147.225,"B,36575,10,5c:62:8b:66:67:d2,20000,22,68900,57,-43,A,5c:62:8b:66:67:d2,0,7,0,15"
1791506147.225,"B,36575,10,cc:b8:5e:ad:5c:4a,68872,56,770,7,-44,S,5c:62:8b:66:67:d2,0,5,0,51"
1791506147.225,"B,36575,10,72:3b:01:24:b7:c8,0,0,19230,15,0,S,5c:62:8b:66:67:d2,0,0,0,0"
1791506147.225,"B,36575,10,b2:db:ca:e6:29:a6,28,1,0,0,-40,S,5c:62:8b:66:67:d2,1,0,0,0"
1791506147.427,"B,36675,10,5c:62:8b:66:67:d2,7670,11,28456,31,-43,A,5c:62:8b:66:67:d2,0,6,0,5"
1791506147.427,"B,36675,10,cc:b8:5e:ad:5c:4a,28232,23,440,4,-46,S,5c:62:8b:66:67:d2,1,0,0,22"
1791506147.427,"B,36675,10,72:3b:01:24:b7:c8,224,8,7230,7,-36,S,5c:62:8b:66:67:d2,8,0,0,0"
1791506147.427,"B,36775,10,5c:62:8b:66:67:d2,36710,41,23422,20,-43,A,5c:62:8b:66:67:d2,0,13,2,26"
1791506147.427,"B,36775,10,cc:b8:5e:ad:5c:4a,23422,20,1430,13,-46,S,5c:62:8b:66:67:d2,1,0,3,16"
1791506147.427,"B,36775,10,72:3b:01:24:b7:c8,0,0,35280,28,0,S,5c:62:8b:66:67:d2,0,0,0,0"
1791506147.631,"B,36875,10,5c:62:8b:66:67:d2,22028,28,32112,27,-43,A,5c:62:8b:66:67:d2,0,12,1,15"
1791506147.631,"B,36875,10,cc:b8:5e:ad:5c:4a,32084,26,1210,11,-47,S,5c:62:8b:66:67:d2,0,1,3,22"
1791506147.631,"B,36875,10,72:3b:01:24:b7:c8,28,1,20818,17,-38,S,5c:62:8b:66:67:d2,1,0,0,0"
1791506147.631,"B,36975,10,5c:62:8b:66:67:d2,440,4,23272,25,-43,A,5c:62:8b:66:67:d2,0,4,0,0"
1791506147.631,"B,36975,10,cc:b8:5e:ad:5c:4a,23104,19,440,4,-47,S,5c:62:8b:66:67:d2,1,0,0,18"
1791506147.631,"B,36975,10,72:3b:01:24:b7:c8,168,6,0,0,-36,S,5c:62:8b:66:67:d2,6,0,0,0"
1791506147.835,"B,37075,10,5c:62:8b:66:67:d2,23436,32,22968,23,-43,A,5c:62:8b:66:67:d2,0,16,0,16"
1791506147.835,"B,37075,10,cc:b8:5e:ad:5c:4a,22968,23,1430,13,-46,S,5c:62:8b:66:67:d2,1,7,0,15"
1791506147.835,"B,37075,10,72:3b:01:24:b7:c8,0,0,22006,19,0,S,5c:62:8b:66:67:d2,0,0,0,0"
1791506147.835,"B,37175,10,5c:62:8b:66:67:d2,12614,15,13374,12,-43,A,5c:62:8b:66:67:d2,0,6,0,9"
1791506147.835,"B,37175,10,cc:b8:5e:ad:5c:4a,13346,11,550,5,-47,S,5c:62:8b:66:67:d2,0,1,0,10"
1791506147.835,"B,37175,10,72:3b:01:24:b7:c8,28,1,12064,10,-37,S,5c:62:8b:66:67:d2,1,0,0,0"
1791506148.040,"B,37275,10,5c:62:8b:66:67:d2,18576,20,19094,25,-43,A,5c:62:8b:66:67:d2,0,6,0,14"
1791506148.040,"B,37275,10,cc:b8:5e:ad:5c:4a,18842,16,660,6,-47,S,5c:62:8b:66:67:d2,1,0,1,14"
1791506148.040,"B,37275,10,72:3b:01:24:b7:c8,252,9,17916,14,-35,S,5c:62:8b:66:67:d2,9,0,0,0"
1791506148.040,"B,37375,10,5c:62:8b:66:67:d2,22134,23,24066,20,-43,A,5c:62:8b:66:67:d2,0,6,2,15"
1791506148.040,"B,37375,10,cc:b8:5e:ad:5c:4a,24066,20,660,6,-46,S,5c:62:8b:66:67:d2,1,0,2,17"
1791506148.040,"B,37375,10,72:3b:01:24:b7:c8,0,0,21474,17,0,S,5c:62:8b:66:67:d2,0,0,0,0"
1791506148.241,"B,37475,10,5c:62:8b:66:67:d2,770,7,21038,23,-43,A,5c:62:8b:66:67:d2,0,7,0,0"
1791506148.241,"B,37475,10,cc:b8:5e:ad:5c:4a,20898,18,770,7,-46,S,5c:62:8b:66:67:d2,1,1,1,15"
1791506148.241,"B,37475,10,72:3b:01:24:b7:c8,140,5,0,0,-34,S,5c:62:8b:66:67:d2,5,0,0,0"
1791506148.241,"B,37575,10,5c:62:8b:66:67:d2,0,0,6522,9,0,A,5c:62:8b:66:67:d2,0,0,0,0"
1791506148.241,"B,37575,10,cc:b8:5e:ad:5c:4a,6410,5,0,0,-47,S,5c:62:8b:66:67:d2,0,0,0,5"
1791506148.241,"B,37575,10,72:3b:01:24:b7:c8,112,4,0,0,-34,S,5c:62:8b:66:67:d2,4,0,0,0"
1791506148.443,"B,37675,10,5c:62:8b:66:67:d2,880,8,16322,15,-43,A,5c:62:8b:66:67:d2,0,8,0,0"
1791506148.443,"B,37675,10,cc:b8:5e:ad:5c:4a,16294,14,880,8,-46,S,5c:62:8b:66:67:d2,1,0,1,12"
1791506148.443,"B,37675,10,72:3b:01:24:b7:c8,28,1,0,0,-34,S,5c:62:8b:66:67:d2,1,0,0,0"
1791506148.443,"B,37775,10,5c:62:8b:66:67:d2,660,6,19292,20,-43,A,5c:62:8b:66:67:d2,0,6,0,0"
1791506148.443,"B,37775,10,cc:b8:5e:ad:5c:4a,19208,17,660,6,-46,S,5c:62:8b:66:67:d2,1,0,3,13"
1791506148.443,"B,37775,10,72:3b:01:24:b7:c8,28,1,0,0,-38,S,5c:62:8b:66:67:d2,1,0,0,0"
1791506148.443,"B,37775,10,b2:db:ca:e6:29:a6,56,2,0,0,-41,S,5c:62:8b:66:67:d2,2,0,0,0"
1791506148.646,"B,37875,10,5c:62:8b:66:67:d2,186,1,7978,10,-45,A,5c:62:8b:66:67:d2,0,1,0,0"
1791506148.646,"B,37875,10,cc:b8:5e:ad:5c:4a,7894,7,186,1,-47,S,5c:62:8b:66:67:d2,0,1,0,6"
1791506148.646,"B,37875,10,72:3b:01:24:b7:c8,56,2,0,0,-36,S,5c:62:8b:66:67:d2,2,0,0,0"
1791506148.646,"B,37875,10,b0:a7:b9:23:82:ee,0,0,30,1,-87,A,b0:a7:b9:23:82:ee,0,0,0,0"
1791506148.646,"B,37875,10,b2:db:ca:e6:29:a6,28,1,0,0,-43,S,5c:62:8b:66:67:d2,1,0,0,0"
1791506148.646,"B,37875,10,f2:51:4e:f8:1a:7f,30,1,0,0,-92,S,b0:a7:b9:23:82:ee,1,0,0,0"
1791506148.646,"B,37975,10,5c:62:8b:66:67:d2,770,7,37958,38,-43,A,5c:62:8b:66:67:d2,0,7,0,0"
1791506148.646,"B,37975,10,cc:b8:5e:ad:5c:4a,37846,34,770,7,-46,S,5c:62:8b:66:67:d2,1,4,1,28"
1791506148.646,"B,37975,10,72:3b:01:24:b7:c8,56,2,0,0,-35,S,5c:62:8b:66:67:d2,2,0,0,0"
1791506148.646,"B,37975,10,b2:db:ca:e6:29:a6,56,2,0,0,-43,S,5c:62:8b:66:67:d2,2,0,0,0"
1791506148.851,"B,38075,10,5c:62:8b:66:67:d2,660,6,14132,17,-43,A,5c:62:8b:66:67:d2,0,6,0,0"
1791506148.851,"B,38075,10,cc:b8:5e:ad:5c:4a,14020,13,660,6,-47,S,5c:62:8b:66:67:d2,1,1,1,10"
1791506148.851,"B,38075,10,72:3b:01:24:b7:c8,84,3,0,0,-36,S,5c:62:8b:66:67:d2,3,0,0,0"
1791506148.851,"B,38075,10,b0:a7:b9:23:82:ee,0,0,150,5,-87,A,b0:a7:b9:23:82:ee,0,0,0,0"
1791506148.851,"B,38075,10,b2:db:ca:e6:29:a6,28,1,0,0,-40,S,5c:62:8b:66:67:d2,1,0,0,0"
1791506148.851,"B,38075,10,f2:51:4e:f8:1a:7f,150,5,0,0,-91,S,b0:a7:b9:23:82:ee,5,0,0,0"
1791506148.851,"B,38175,10,5c:62:8b:66:67:d2,0,0,112,4,-46,A,5c:62:8b:66:67:d2,0,0,0,0"
1791506148.851,"B,38175,10,72:3b:01:24:b7:c8,28,1,0,0,-34,S,5c:62:8b:66:67:d2,1,0,0,0"
1791506148.851,"B,38175,10,b2:db:ca:e6:29:a6,84,3,0,0,-43,S,5c:62:8b:66:67:d2,3,0,0,0"
1791506149.056,"B,38275,10,5c:62:8b:66:67:d2,2200,20,55184,49,-43,A,5c:62:8b:66:67:d2,0,20,0,0"
1791506149.056,"B,38275,10,cc:b8:5e:ad:5c:4a,55128,47,2200,20,-46,S,5c:62:8b:66:67:d2,1,2,4,40"
1791506149.056,"B,38275,10,72:3b:01:24:b7:c8,28,1,0,0,-34,S,5c:62:8b:66:67:d2,1,0,0,0"
1791506149.056,"B,38275,10,b2:db:ca:e6:29:a6,28,1,0,0,-41,S,5c:62:8b:66:67:d2,1,0,0,0"
1791506149.056,"B,38375,10,5c:62:8b:66:67:d2,990,9,21752,24,-43,A,5c:62:8b:66:67:d2,0,9,0,0"
1791506149.056,"B,38375,10,cc:b8:5e:ad:5c:4a,21668,21,990,9,-45,S,5c:62:8b:66:67:d2,1,4,0,16"
1791506149.056,"B,38375,10,72:3b:01:24:b7:c8,84,3,0,0,-36,S,5c:62:8b:66:67:d2,3,0,0,0"
1791506149.258,"B,38475,10,5c:62:8b:66:67:d2,550,5,15058,20,-43,A,5c:62:8b:66:67:d2,0,5,0,0"
1791506149.258,"B,38475,10,cc:b8:5e:ad:5c:4a,14946,16,550,5,-45,S,5c:62:8b:66:67:d2,1,4,0,11"
1791506149.258,"B,38475,10,72:3b:01:24:b7:c8,112,4,0,0,-36,S,5c:62:8b:66:67:d2,4,0,0,0"
1791506149.258,"B,38575,10,5c:62:8b:66:67:d2,330,3,9288,11,-43,A,5c:62:8b:66:67:d2,0,3,0,0"
1791506149.258,"B,38575,10,cc:b8:5e:ad:5c:4a,9204,8,330,3,-47,S,5c:62:8b:66:67:d2,0,1,0,7"
1791506149.258,"B,38575,10,72:3b:01:24:b7:c8,84,3,0,0,-37,S,5c:62:8b:66:67:d2,3,0,0,0"
1791506149.461,"B,38675,10,5c:62:8b:66:67:d2,1320,12,52170,47,-43,A,5c:62:8b:66:67:d2,0,12,0,0"
1791506149.461,"B,38675,10,cc:b8:5e:ad:5c:4a,52142,46,1320,12,-46,S,5c:62:8b:66:67:d2,1,5,2,38"
1791506149.461,"B,38675,10,72:3b:01:24:b7:c8,28,1,0,0,-38,S,5c:62:8b:66:67:d2,1,0,0,0"
1791506149.461,"B,38775,10,5c:62:8b:66:67:d2,550,5,12568,15,-43,A,5c:62:8b:66:67:d2,0,5,0,0"
1791506149.461,"B,38775,10,cc:b8:5e:ad:5c:4a,12456,11,550,5,-46,S,5c:62:8b:66:67:d2,1,0,1,9"
1791506149.461,"B,38775,10,72:3b:01:24:b7:c8,84,3,0,0,-36,S,5c:62:8b:66:67:d2,3,0,0,0"
1791506149.461,"B,38775,10,b2:db:ca:e6:29:a6,28,1,0,0,-42,S,5c:62:8b:66:67:d2,1,0,0,0"
1791506149.665,"B,38875,10,5c:62:8b:66:67:d2,880,8,23218,26,-43,A,5c:62:8b:66:67:d2,0,8,0,0"
1791506149.665,"B,38875,10,cc:b8:5e:ad:5c:4a,23050,20,880,8,-46,S,5c:62:8b:66:67:d2,1,1,1,17"
1791506149.665,"B,38875,10,72:3b:01:24:b7:c8,112,4,0,0,-37,S,5c:62:8b:66:67:d2,4,0,0,0"
1791506149.665,"B,38875,10,b2:db:ca:e6:29:a6,56,2,0,0,-43,S,5c:62:8b:66:67:d2,2,0,0,0"
1791506149.665,"B,38975,10,5c:62:8b:66:67:d2,550,5,8122,10,-43,A,5c:62:8b:66:67:d2,0,5,0,0"
1791506149.665,"B,38975,10,cc:b8:5e:ad:5c:4a,8038,7,550,5,-47,S,5c:62:8b:66:67:d2,0,1,0,6"
1791506149.665,"B,38975,10,72:3b:01:24:b7:c8,28,1,0,0,-34,S,5c:62:8b:66:67:d2,1,0,0,0"
1791506149.665,"B,38975,10,b2:db:ca:e6:29:a6,56,2,0,0,-43,S,5c:62:8b:66:67:d2,2,0,0,0"
1791506149.869,"B,39075,10,5c:62:8b:66:67:d2,0,0,7972,16,-46,A,5c:62:8b:66:67:d2,0,0,0,0"
1791506149.869,"B,39075,10,cc:b8:5e:ad:5c:4a,7804,10,0,0,-46,S,5c:62:8b:66:67:d2,4,0,0,6"
1791506149.869,"B,39075,10,72:3b:01:24:b7:c8,84,3,0,0,-38,S,5c:62:8b:66:67:d2,3,0,0,0"
1791506149.869,"B,39075,10,b2:db:ca:e6:29:a6,84,3,0,0,-42,S,5c:62:8b:66:67:d2,3,0,0,0"
1791506149.869,"B,39175,10,5c:62:8b:66:67:d2,220,2,10236,14,-43,A,5c:62:8b:66:67:d2,0,2,0,0"
1791506149.869,"B,39175,10,cc:b8:5e:ad:5c:4a,10096,9,220,2,-47,S,5c:62:8b:66:67:d2,1,0,1,7"
1791506149.869,"B,39175,10,72:3b:01:24:b7:c8,112,4,0,0,-35,S,5c:62:8b:66:67:d2,4,0,0,0"
1791506149.869,"B,39175,10,b2:db:ca:e6:29:a6,28,1,0,0,-43,S,5c:62:8b:66:67:d2,1,0,0,0"
1791506150.074,"B,39375,10,5c:62:8b:66:67:d2,2420,22,42572,40,-43,A,5c:62:8b:66:67:d2,0,22,0,0"
1791506150.074,"B,39375,10,cc:b8:5e:ad:5c:4a,42488,37,2420,22,-47,S,5c:62:8b:66:67:d2,1,4,0,32"
1791506150.074,"B,39375,10,72:3b:01:24:b7:c8,28,1,0,0,-34,S,5c:62:8b:66:67:d2,1,0,0,0"
1791506150.074,"B,39375,10,b2:db:ca:e6:29:a6,56,2,0,0,-43,S,5c:62:8b:66:67:d2,2,0,0,0"
1791506150.074,"B,39375,10,80:af:ca:68:4c:f8,104,1,0,0,-86,A,80:af:ca:68:4c:f8,0,1,0,0"
1791506150.276,"B,39475,10,5c:62:8b:66:67:d2,770,7,42464,41,-43,A,5c:62:8b:66:67:d2,0,7,0,0"
1791506150.276,"B,39475,10,cc:b8:5e:ad:5c:4a,42296,35,770,7,-46,S,5c:62:8b:66:67:d2,1,1,1,32"
1791506150.276,"B,39475,10,72:3b:01:24:b7:c8,112,4,0,0,-38,S,5c:62:8b:66:67:d2,4,0,0,0"
1791506150.276,"B,39475,10,b2:db:ca:e6:29:a6,56,2,0,0,-41,S,5c:62:8b:66:67:d2,2,0,0,0"
1791506150.276,"B,39575,10,5c:62:8b:66:67:d2,330,3,7424,9,-43,A,5c:62:8b:66:67:d2,0,3,0,0"
1791506150.276,"B,39575,10,cc:b8:5e:ad:5c:4a,7340,6,330,3,-47,S,5c:62:8b:66:67:d2,0,0,1,5"
1791506150.276,"B,39575,10,72:3b:01:24:b7:c8,28,1,0,0,-38,S,5c:62:8b:66:67:d2,1,0,0,0"
1791506150.276,"B,39575,10,b2:db:ca:e6:29:a6,56,2,0,0,-42,S,5c:62:8b:66:67:d2,2,0,0,0"
1791506150.481,"B,39675,10,5c:62:8b:66:67:d2,990,9,49598,49,-43,A,5c:62:8b:66:67:d2,0,9,0,0"
1791506150.481,"B,39675,10,cc:b8:5e:ad:5c:4a,49346,40,990,9,-45,S,5c:62:8b:66:67:d2,1,1,0,38"
1791506150.481,"B,39675,10,72:3b:01:24:b7:c8,196,7,0,0,-36,S,5c:62:8b:66:67:d2,7,0,0,0"
1791506150.481,"B,39675,10,b2:db:ca:e6:29:a6,56,2,0,0,-42,S,5c:62:8b:66:67:d2,2,0,0,0"
1791506150.481,"B,39775,10,5c:62:8b:66:67:d2,220,2,4576,7,-44,A,5c:62:8b:66:67:d2,0,2,0,0"
1791506150.481,"B,39775,10,cc:b8:5e:ad:5c:4a,4520,5,220,2,-46,S,5c:62:8b:66:67:d2,1,1,0,3"
1791506150.481,"B,39775,10,b2:db:ca:e6:29:a6,56,2,0,0,-42,S,5c:62:8b:66:67:d2,2,0,0,0"
1791506150.682,"B,39875,10,5c:62:8b:66:67:d2,990,9,35364,34,-43,A,5c:62:8b:66:67:d2,0,9,0,0"
1791506150.682,"B,39875,10,cc:b8:5e:ad:5c:4a,35280,31,990,9,-45,S,5c:62:8b:66:67:d2,1,4,1,25"
1791506150.682,"B,39875,10,72:3b:01:24:b7:c8,28,1,0,0,-34,S,5c:62:8b:66:67:d2,1,0,0,0"
1791506150.682,"B,39875,10,b2:db:ca:e6:29:a6,56,2,0,0,-42,S,5c:62:8b:66:67:d2,2,0,0,0"
1791506150.682,"B,39975,10,5c:62:8b:66:67:d2,330,3,18246,20,-43,A,5c:62:8b:66:67:d2,0,3,0,0"
1791506150.682,"B,39975,10,cc:b8:5e:ad:5c:4a,18106,15,330,3,-47,S,5c:62:8b:66:67:d2,0,1,0,14"
1791506150.682,"B,39975,10,72:3b:01:24:b7:c8,84,3,0,0,-35,S,5c:62:8b:66:67:d2,3,0,0,0"
1791506150.682,"B,39975,10,b0:a7:b9:23:82:ee,0,0,60,2,-88,A,b0:a7:b9:23:82:ee,0,0,0,0"
1791506150.682,"B,39975,10,b2:db:ca:e6:29:a6,56,2,0,0,-42,S,5c:62:8b:66:67:d2,2,0,0,0"
1791506150.682,"B,39975,10,f2:51:4e:f8:1a:7f,60,2,0,0,-90,S,b0:a7:b9:23:82:ee,2,0,0,0"
1791506150.887,"B,40075,10,5c:62:8b:66:67:d2,880,8,26000,30,-43,A,5c:62:8b:66:67:d2,0,8,0,0"
1791506150.887,"B,40075,10,cc:b8:5e:ad:5c:4a,25916,27,880,8,-46,S,5c:62:8b:66:67:d2,5,2,1,19"
1791506150.887,"B,40075,10,72:3b:01:24:b7:c8,28,1,0,0,-33,S,5c:62:8b:66:67:d2,1,0,0,0"
1791506150.887,"B,40075,10,b0:a7:b9:23:82:ee,0,0,90,3,-88,A,b0:a7:b9:23:82:ee,0,0,0,0"
1791506150.887,"B,40075,10,b2:db:ca:e6:29:a6,56,2,0,0,-42,S,5c:62:8b:66:67:d2,2,0,0,0"
1791506150.887,"B,40075,10,f2:51:4e:f8:1a:7f,90,3,0,0,-90,S,b0:a7:b9:23:82:ee,3,0,0,0"
1791506150.887,"I,40090,stat,rx=15981,drops=0,ch=10,bin=100,hop=0,heap=202024"
1791506150.887,"B,40175,10,5c:62:8b:66:67:d2,0,0,25836,27,-45,A,5c:62:8b:66:67:d2,0,0,0,0"
1791506150.887,"B,40175,10,cc:b8:5e:ad:5c:4a,25780,25,0,0,-46,S,5c:62:8b:66:67:d2,5,0,0,20"
1791506150.887,"B,40175,10,72:3b:01:24:b7:c8,28,1,0,0,-37,S,5c:62:8b:66:67:d2,1,0,0,0"
1791506150.887,"B,40175,10,b0:a7:b9:23:82:ee,0,0,60,2,0,A,b0:a7:b9:23:82:ee,0,0,0,0"
1791506150.887,"B,40175,10,b2:db:ca:e6:29:a6,28,1,0,0,-42,S,5c:62:8b:66:67:d2,1,0,0,0"
1791506150.887,"B,40175,10,f2:51:4e:f8:1a:7f,60,2,0,0,-90,S,b0:a7:b9:23:82:ee,2,0,0,0"
1791506151.087,"B,40275,10,5c:62:8b:66:67:d2,1682,15,40480,39,-43,A,5c:62:8b:66:67:d2,0,15,0,0"
1791506151.087,"B,40275,10,cc:b8:5e:ad:5c:4a,40368,35,1682,15,-46,S,5c:62:8b:66:67:d2,1,3,1,30"
1791506151.087,"B,40275,10,72:3b:01:24:b7:c8,84,3,0,0,-35,S,5c:62:8b:66:67:d2,3,0,0,0"
1791506151.087,"B,40275,10,cc:d8:43:ca:9f:eb,0,0,60,2,-76,A,cc:d8:43:ca:9f:eb,0,0,0,0"
1791506151.087,"B,40275,10,b2:db:ca:e6:29:a6,28,1,0,0,-43,S,5c:62:8b:66:67:d2,1,0,0,0"
1791506151.087,"B,40275,10,98:5f:41:bf:7c:ff,60,2,0,0,-70,S,cc:d8:43:ca:9f:eb,2,0,0,0"
1791506151.087,"B,40375,10,5c:62:8b:66:67:d2,440,4,27272,24,-43,A,5c:62:8b:66:67:d2,0,4,0,0"
1791506151.087,"B,40375,10,cc:b8:5e:ad:5c:4a,27216,22,440,4,-45,S,5c:62:8b:66:67:d2,0,1,0,21"
1791506151.087,"B,40375,10,b2:db:ca:e6:29:a6,56,2,0,0,-41,S,5c:62:8b:66:67:d2,2,0,0,0"
1791506151.087,"A,40395,10,8c:53:c3:52:ed:9f,-91,1210"
1791506151.087,"B,40475,10,5c:62:8b:66:67:d2,1540,14,18234,18,-43,A,5c:62:8b:66:67:d2,0,14,0,0"
1791506151.287,"B,40475,10,cc:b8:5e:ad:5c:4a,18178,16,1540,14,-47,S,5c:62:8b:66:67:d2,1,1,0,14"
1791506151.287,"B,40475,10,b0:a7:b9:23:82:ee,0,0,30,1,-93,A,b0:a7:b9:23:82:ee,0,0,0,0"
1791506151.287,"B,40475,10,b2:db:ca:e6:29:a6,56,2,0,0,-41,S,5c:62:8b:66:67:d2,2,0,0,0"
1791506151.287,"B,40475,10,f2:51:4e:f8:1a:7f,30,1,0,0,-90,S,b0:a7:b9:23:82:ee,1,0,0,0"
1791506151.287,"B,40575,10,5c:62:8b:66:67:d2,880,8,15040,23,-43,A,5c:62:8b:66:67:d2,0,8,0,0"
1791506151.287,"B,40575,10,cc:b8:5e:ad:5c:4a,14760,13,880,8,-47,S,5c:62:8b:66:67:d2,1,1,0,11"
1791506151.287,"B,40575,10,72:3b:01:24:b7:c8,224,8,0,0,-36,S,5c:62:8b:66:67:d2,8,0,0,0"
1791506151.287,"B,40575,10,b2:db:ca:e6:29:a6,56,2,0,0,-43,S,5c:62:8b:66:67:d2,2,0,0,0"
1791506151.287,"B,40675,10,5c:62:8b:66:67:d2,550,5,13486,12,-43,A,5c:62:8b:66:67:d2,0,5,0,0"
1791506151.488,"B,40675,10,cc:b8:5e:ad:5c:4a,13486,12,550,5,-46,S,5c:62:8b:66:67:d2,1,0,2,9"
1791506151.488,"B,40775,10,5c:62:8b:66:67:d2,846,7,9088,13,-43,A,5c:62:8b:66:67:d2,0,7,0,0"
1791506151.488,"B,40775,10,cc:b8:5e:ad:5c:4a,8948,8,846,7,-47,S,5c:62:8b:66:67:d2,0,1,1,6"
1791506151.488,"B,40775,10,72:3b:01:24:b7:c8,112,4,0,0,-37,S,5c:62:8b:66:67:d2,4,0,0,0"
1791506151.488,"B,40775,10,b2:db:ca:e6:29:a6,28,1,0,0,-42,S,5c:62:8b:66:67:d2,1,0,0,0"
1791506151.688,"B,40875,10,5c:62:8b:66:67:d2,770,7,19446,25,-43,A,5c:62:8b:66:67:d2,0,7,0,0"
1791506151.688,"B,40875,10,cc:b8:5e:ad:5c:4a,19250,18,770,7,-46,S,5c:62:8b:66:67:d2,1,3,0,14"
1791506151.688,"B,40875,10,72:3b:01:24:b7:c8,112,4,0,0,-36,S,5c:62:8b:66:67:d2,4,0,0,0"
1791506151.688,"B,40875,10,b2:db:ca:e6:29:a6,84,3,0,0,-42,S,5c:62:8b:66:67:d2,3,0,0,0"
1791506151.688,"B,40975,10,78:8c:b5:f5:e7:26,80,1,0,0,-76,A,78:8c:b5:f5:e7:26,1,0,0,0"
1791506151.688,"B,40975,10,5c:62:8b:66:67:d2,440,4,9692,10,-43,A,5c:62:8b:66:67:d2,0,4,0,0"
1791506151.688,"B,40975,10,cc:b8:5e:ad:5c:4a,9664,9,440,4,-44,S,5c:62:8b:66:67:d2,1,1,0,7"
1791506151.688,"B,40975,10,b2:db:ca:e6:29:a6,28,1,0,0,-42,S,5c:62:8b:66:67:d2,1,0,0,0"
1791506151.688,"B,41075,10,5c:62:8b:66:67:d2,660,6,48080,45,-43,A,5c:62:8b:66:67:d2,0,6,0,0"
1791506151.888,"B,41075,10,cc:b8:5e:ad:5c:4a,47912,39,660,6,-45,S,5c:62:8b:66:67:d2,1,1,0,37"
1791506151.888,"B,41075,10,72:3b:01:24:b7:c8,112,4,0,0,-37,S,5c:62:8b:66:67:d2,4,0,0,0"
1791506151.888,"B,41075,10,b0:a7:b9:23:82:ee,0,0,60,2,-89,A,b0:a7:b9:23:82:ee,0,0,0,0"
1791506151.888,"B,41075,10,b2:db:ca:e6:29:a6,56,2,0,0,-41,S,5c:62:8b:66:67:d2,2,0,0,0"
1791506151.888,"B,41075,10,f2:51:4e:f8:1a:7f,60,2,0,0,-90,S,b0:a7:b9:23:82:ee,2,0,0,0"
1791506151.888,"M,41114,slot,4,1"
1791506151.888,"B,41175,10,5c:62:8b:66:67:d2,550,5,12972,17,-43,A,5c:62:8b:66:67:d2,0,5,0,0"
1791506151.888,"B,41175,10,cc:b8:5e:ad:5c:4a,12804,11,550,5,-47,S,5c:62:8b:66:67:d2,1,0,0,10"
1791506151.888,"B,41175,10,72:3b:01:24:b7:c8,112,4,0,0,-37,S,5c:62:8b:66:67:d2,4,0,0,0"
1791506151.888,"B,41175,10,b0:a7:b9:23:82:ee,0,0,30,1,-87,A,b0:a7:b9:23:82:ee,0,0,0,0"
1791506151.888,"B,41175,10,b2:db:ca:e6:29:a6,56,2,0,0,-43,S,5c:62:8b:66:67:d2,2,0,0,0"
1791506151.888,"B,41175,10,f2:51:4e:f8:1a:7f,30,1,0,0,-90,S,b0:a7:b9:23:82:ee,1,0,0,0"
1791506152.088,"B,41275,10,5c:62:8b:66:67:d2,770,7,48080,39,-43,A,5c:62:8b:66:67:d2,0,7,0,0"
1791506152.088,"B,41275,10,cc:b8:5e:ad:5c:4a,48052,38,770,7,-46,S,5c:62:8b:66:67:d2,0,0,5,33"
1791506152.088,"B,41275,10,b0:a7:b9:23:82:ee,0,0,60,2,0,A,b0:a7:b9:23:82:ee,0,0,0,0"
1791506152.088,"B,41275,10,b2:db:ca:e6:29:a6,28,1,0,0,-43,S,5c:62:8b:66:67:d2,1,0,0,0"
1791506152.088,"B,41275,10,f2:51:4e:f8:1a:7f,60,2,0,0,-90,S,b0:a7:b9:23:82:ee,2,0,0,0"
1791506152.088,"B,41375,10,5c:62:8b:66:67:d2,220,2,19370,20,-44,A,5c:62:8b:66:67:d2,0,2,0,0"
1791506152.088,"B,41375,10,cc:b8:5e:ad:5c:4a,19286,17,220,2,-48,S,5c:62:8b:66:67:d2,2,0,0,15"
1791506152.088,"B,41375,10,72:3b:01:24:b7:c8,84,3,0,0,-36,S,5c:62:8b:66:67:d2,3,0,0,0"
1791506152.088,"B,41375,10,b0:a7:b9:23:82:ee,0,0,60,2,0,A,b0:a7:b9:23:82:ee,0,0,0,0"
1791506152.088,"B,41375,10,f2:51:4e:f8:1a:7f,60,2,0,0,-88,S,b0:a7:b9:23:82:ee,2,0,0,0"
1791506152.288,"B,41475,10,78:8c:b5:f5:e7:26,0,0,30,1,-76,A,78:8c:b5:f5:e7:26,0,0,0,0"
1791506152.288,"B,41475,10,5c:62:8b:66:67:d2,110,1,20404,21,-44,A,5c:62:8b:66:67:d2,0,1,0,0"
1791506152.288,"B,41475,10,cc:b8:5e:ad:5c:4a,20264,16,110,1,-47,S,5c:62:8b:66:67:d2,0,0,1,15"
1791506152.288,"B,41475,10,72:3b:01:24:b7:c8,140,5,0,0,-36,S,5c:62:8b:66:67:d2,5,0,0,0"
1791506152.288,"B,41475,10,b0:a7:b9:23:82:ee,0,0,60,2,0,A,b0:a7:b9:23:82:ee,0,0,0,0"
1791506152.288,"B,41475,10,f2:51:4e:f8:1a:7f,60,2,0,0,-90,S,b0:a7:b9:23:82:ee,2,0,0,0"
1791506152.288,"B,41475,10,a6:4c:bd:b6:c7:99,30,1,0,0,-92,S,78:8c:b5:f5:e7:26,1,0,0,0"
1791506152.288,"B,41575,10,5c:62:8b:66:67:d2,1210,11,21972,20,-43,A,5c:62:8b:66:67:d2,0,11,0,0"
1791506152.288,"B,41575,10,cc:b8:5e:ad:5c:4a,21972,20,1210,11,-46,S,5c:62:8b:66:67:d2,2,1,2,15"
1791506152.288,"B,41575,10,b0:a7:b9:23:82:ee,0,0,30,1,0,A,b0:a7:b9:23:82:ee,0,0,0,0"
1791506152.288,"B,41575,10,f2:51:4e:f8:1a:7f,30,1,0,0,-87,S,b0:a7:b9:23:82:ee,1,0,0,0"
1791506152.288,"B,41675,10,5c:62:8b:66:67:d2,0,0,13044,18,-46,A,5c:62:8b:66:67:d2,0,0,0,0"
1791506152.488,"B,41675,10,cc:b8:5e:ad:5c:4a,12848,11,0,0,-47,S,5c:62:8b:66:67:d2,1,0,0,10"
1791506152.488,"B,41675,10,72:3b:01:24:b7:c8,196,7,0,0,-36,S,5c:62:8b:66:67:d2,7,0,0,0"
1791506152.488,"B,41775,10,5c:62:8b:66:67:d2,6476,16,50304,42,-43,A,5c:62:8b:66:67:d2,0,12,0,4"
1791506152.488,"B,41775,10,cc:b8:5e:ad:5c:4a,50276,41,1348,12,-45,S,5c:62:8b:66:67:d2,1,1,0,39"
1791506152.488,"B,41775,10,72:3b:01:24:b7:c8,28,1,5128,4,-37,S,5c:62:8b:66:67:d2,1,0,0,0"
1791506152.488,"B,41875,10,5c:62:8b:66:67:d2,2640,24,56052,54,-43,A,5c:62:8b:66:67:d2,0,24,0,0"
1791506152.488,"B,41875,10,cc:b8:5e:ad:5c:4a,55856,47,2640,24,-47,S,5c:62:8b:66:67:d2,1,2,3,41"
1791506152.688,"B,41875,10,72:3b:01:24:b7:c8,196,7,0,0,-36,S,5c:62:8b:66:67:d2,7,0,0,0"
1791506152.688,"B,41975,10,5c:62:8b:66:67:d2,330,3,13498,12,-43,A,5c:62:8b:66:67:d2,0,3,0,0"
1791506152.688,"B,41975,10,cc:b8:5e:ad:5c:4a,13470,11,330,3,-48,S,5c:62:8b:66:67:d2,0,0,2,9"
1791506152.688,"B,41975,10,72:3b:01:24:b7:c8,28,1,0,0,-38,S,5c:62:8b:66:67:d2,1,0,0,0"
1791506152.688,"B,42075,10,5c:62:8b:66:67:d2,660,6,14508,14,-43,A,5c:62:8b:66:67:d2,0,6,0,0"
1791506152.688,"B,42075,10,cc:b8:5e:ad:5c:4a,14480,13,660,6,-47,S,5c:62:8b:66:67:d2,1,1,1,10"
1791506152.888,"B,42075,10,72:3b:01:24:b7:c8,28,1,0,0,-38,S,5c:62:8b:66:67:d2,1,0,0,0"
1791506152.888,"B,42175,10,5c:62:8b:66:67:d2,330,3,12752,15,-44,A,5c:62:8b:66:67:d2,0,3,0,0"
1791506152.888,"B,42175,10,cc:b8:5e:ad:5c:4a,12640,11,330,3,-45,S,5c:62:8b:66:67:d2,1,0,2,8"
1791506152.888,"B,42175,10,72:3b:01:24:b7:c8,112,4,0,0,-37,S,5c:62:8b:66:67:d2,4,0,0,0"
1791506152.888,"B,42275,10,5c:62:8b:66:67:d2,550,5,20634,24,-43,A,5c:62:8b:66:67:d2,0,5,0,0"
1791506153.089,"B,42275,10,cc:b8:5e:ad:5c:4a,20466,18,550,5,-46,S,5c:62:8b:66:67:d2,1,0,4,13"
1791506153.089,"B,42275,10,72:3b:01:24:b7:c8,140,5,0,0,-35,S,5c:62:8b:66:67:d2,5,0,0,0"
1791506153.089,"B,42275,10,b0:a7:b9:23:82:ee,0,0,120,4,-89,A,b0:a7:b9:23:82:ee,0,0,0,0"
1791506153.089,"B,42275,10,b2:db:ca:e6:29:a6,28,1,0,0,-36,S,5c:62:8b:66:67:d2,1,0,0,0"
1791506153.089,"B,42275,10,f2:51:4e:f8:1a:7f,120,4,0,0,-90,S,b0:a7:b9:23:82:ee,4,0,0,0"
1791506153.089,"B,42375,10,5c:62:8b:66:67:d2,0,0,56,2,-45,A,5c:62:8b:66:67:d2,0,0,0,0"
1791506153.089,"B,42375,10,72:3b:01:24:b7:c8,28,1,0,0,-37,S,5c:62:8b:66:67:d2,1,0,0,0"
1791506153.089,"B,42375,10,b0:a7:b9:23:82:ee,0,0,28,1,-91,A,b0:a7:b9:23:82:ee,0,0,0,0"
1791506153.089,"B,42375,10,b2:db:ca:e6:29:a6,28,1,0,0,-42,S,5c:62:8b:66:67:d2,1,0,0,0"
1791506153.089,"B,42375,10,e2:5e:2c:92:7b:df,28,1,0,0,-90,S,b0:a7:b9:23:82:ee,1,0,0,0"
1791506153.289,"B,42475,10,5c:62:8b:66:67:d2,770,7,29800,26,-43,A,5c:62:8b:66:67:d2,0,7,0,0"
1791506153.289,"B,42475,10,cc:b8:5e:ad:5c:4a,29772,25,770,7,-46,S,5c:62:8b:66:67:d2,1,0,3,21"
1791506153.289,"B,42475,10,72:3b:01:24:b7:c8,28,1,0,0,-37,S,5c:62:8b:66:67:d2,1,0,0,0"
1791506153.289,"B,42575,10,5c:62:8b:66:67:d2,990,9,17836,16,-43,A,5c:62:8b:66:67:d2,0,9,0,0"
1791506153.289,"B,42575,10,cc:b8:5e:ad:5c:4a,17808,15,990,9,-47,S,5c:62:8b:66:67:d2,1,0,2,12"
1791506153.289,"B,42575,10,72:3b:01:24:b7:c8,28,1,0,0,-37,S,5c:62:8b:66:67:d2,1,0,0,0"
1791506153.289,"B,42675,10,5c:62:8b:66:67:d2,0,0,6494,8,-46,A,5c:62:8b:66:67:d2,0,0,0,0"
1791506153.489,"B,42675,10,cc:b8:5e:ad:5c:4a,6410,5,0,0,-48,S,5c:62:8b:66:67:d2,0,0,0,5"
1791506153.489,"B,42675,10,72:3b:01:24:b7:c8,84,3,0,0,-35,S,5c:62:8b:66:67:d2,3,0,0,0"
1791506153.489,"B,42775,10,5c:62:8b:66:67:d2,1430,13,22162,21,-43,A,5c:62:8b:66:67:d2,0,13,0,0"
1791506153.489,"B,42775,10,cc:b8:5e:ad:5c:4a,22134,20,1430,13,-47,S,5c:62:8b:66:67:d2,1,2,1,16"
1791506153.489,"B,42775,10,72:3b:01:24:b7:c8,28,1,0,0,-37,S,5c:62:8b:66:67:d2,1,0,0,0"
1791506153.489,"B,42875,10,5c:62:8b:66:67:d2,770,7,23516,22,-43,A,5c:62:8b:66:67:d2,0,7,0,0"
1791506153.489,"B,42875,10,cc:b8:5e:ad:5c:4a,23460,20,770,7,-46,S,5c:62:8b:66:67:d2,0,3,0,17"
1791506153.489,"B,42875,10,b2:db:ca:e6:29:a6,56,2,0,0,-42,S,5c:62:8b:66:67:d2,2,0,0,0"
1791506153.689,"B,42975,10,5c:62:8b:66:67:d2,550,5,12464,21,-43,A,5c:62:8b:66:67:d2,0,5,0,0"
1791506153.689,"B,42975,10,cc:b8:5e:ad:5c:4a,12184,11,550,5,-46,S,5c:62:8b:66:67:d2,1,1,0,9"
1791506153.689,"B,42975,10,72:3b:01:24:b7:c8,224,8,0,0,-36,S,5c:62:8b:66:67:d2,8,0,0,0"
1791506153.689,"B,42975,10,b0:a7:b9:23:82:ee,0,0,28,1,-90,A,b0:a7:b9:23:82:ee,0,0,0,0"
1791506153.689,"B,42975,10,b2:db:ca:e6:29:a6,56,2,0,0,-42,S,5c:62:8b:66:67:d2,2,0,0,0"
1791506153.689,"B,42975,10,e2:5e:2c:92:7b:df,28,1,0,0,-90,S,b0:a7:b9:23:82:ee,1,0,0,0"
1791506153.689,"B,43075,10,78:8c:b5:f5:e7:26,0,0,28,1,-76,A,78:8c:b5:f5:e7:26,0,0,0,0"
1791506153.689,"B,43075,10,5c:62:8b:66:67:d2,550,5,20482,22,-43,A,5c:62:8b:66:67:d2,0,5,0,0"
1791506153.889,"B,43075,10,cc:b8:5e:ad:5c:4a,20370,18,550,5,-46,S,5c:62:8b:66:67:d2,1,0,4,13"
1791506153.889,"B,43075,10,72:3b:01:24:b7:c8,56,2,0,0,-37,S,5c:62:8b:66:67:d2,2,0,0,0"
1791506153.889,"B,43075,10,b2:db:ca:e6:29:a6,56,2,0,0,-42,S,5c:62:8b:66:67:d2,2,0,0,0"
1791506153.889,"B,43075,10,00:08:22:24:d6:fb,28,1,0,0,-79,S,78:8c:b5:f5:e7:26,1,0,0,0"
1791506153.889,"B,43175,10,5c:62:8b:66:67:d2,550,5,8558,10,-43,A,5c:62:8b:66:67:d2,0,5,0,0"
1791506153.889,"B,43175,10,cc:b8:5e:ad:5c:4a,8474,7,550,5,-47,S,5c:62:8b:66:67:d2,0,0,1,6"
1791506153.889,"B,43175,10,72:3b:01:24:b7:c8,28,1,0,0,-37,S,5c:62:8b:66:67:d2,1,0,0,0"
1791506153.889,"B,43175,10,b2:db:ca:e6:29:a6,56,2,0,0,-42,S,5c:62:8b:66:67:d2,2,0,0,0"
1791506153.889,"B,43275,10,5c:62:8b:66:67:d2,330,3,16306,22,-44,A,5c:62:8b:66:67:d2,0,3,0,0"
1791506153.889,"B,43275,10,cc:b8:5e:ad:5c:4a,16082,14,330,3,-46,S,5c:62:8b:66:67:d2,1,1,0,12"
1791506153.889,"B,43275,10,72:3b:01:24:b7:c8,140,5,0,0,-35,S,5c:62:8b:66:67:d2,5,0,0,0"
1791506153.889,"B,43275,10,b2:db:ca:e6:29:a6,84,3,0,0,-41,S,5c:62:8b:66:67:d2,3,0,0,0"
1791506154.090,"B,43375,10,5c:62:8b:66:67:d2,880,8,12396,12,-43,A,5c:62:8b:66:67:d2,0,8,0,0"
1791506154.090,"B,43375,10,cc:b8:5e:ad:5c:4a,12368,11,880,8,-46,S,5c:62:8b:66:67:d2,1,0,2,8"
1791506154.090,"B,43375,10,b2:db:ca:e6:29:a6,28,1,0,0,-42,S,5c:62:8b:66:67:d2,1,0,0,0"
1791506154.090,"B,43475,10,78:8c:b5:f5:e7:26,0,0,30,1,-76,A,78:8c:b5:f5:e7:26,0,0,0,0"
1791506154.090,"B,43475,10,5c:62:8b:66:67:d2,990,9,41298,37,-43,A,5c:62:8b:66:67:d2,0,9,0,0"
1791506154.090,"B,43475,10,cc:b8:5e:ad:5c:4a,41214,34,990,9,-46,S,5c:62:8b:66:67:d2,1,1,1,31"
1791506154.290,"B,43475,10,72:3b:01:24:b7:c8,28,1,0,0,-37,S,5c:62:8b:66:67:d2,1,0,0,0"
1791506154.290,"B,43475,10,b2:db:ca:e6:29:a6,56,2,0,0,-43,S,5c:62:8b:66:67:d2,2,0,0,0"
1791506154.290,"B,43475,10,a6:4c:bd:b6:c7:99,30,1,0,0,-92,S,78:8c:b5:f5:e7:26,1,0,0,0"
1791506154.290,"B,43575,10,5c:62:8b:66:67:d2,516,4,18298,22,-43,A,5c:62:8b:66:67:d2,0,4,0,0"
1791506154.290,"B,43575,10,cc:b8:5e:ad:5c:4a,18102,15,516,4,-46,S,5c:62:8b:66:67:d2,0,1,0,14"
1791506154.290,"B,43575,10,72:3b:01:24:b7:c8,140,5,0,0,-35,S,5c:62:8b:66:67:d2,5,0,0,0"
1791506154.290,"B,43575,10,b2:db:ca:e6:29:a6,56,2,0,0,-41,S,5c:62:8b:66:67:d2,2,0,0,0"
1791506154.290,"B,43675,10,5c:62:8b:66:67:d2,770,7,47304,42,-43,A,5c:62:8b:66:67:d2,0,7,0,0"
1791506154.290,"B,43675,10,cc:b8:5e:ad:5c:4a,47276,41,770,7,-45,S,5c:62:8b:66:67:d2,1,4,1,35"
1791506154.290,"B,43675,10,b2:db:ca:e6:29:a6,28,1,0,0,-42,S,5c:62:8b:66:67:d2,1,0,0,0"
1791506154.490,"B,43775,10,5c:62:8b:66:67:d2,440,4,10088,10,-43,A,5c:62:8b:66:67:d2,0,4,0,0"
1791506154.490,"B,43775,10,cc:b8:5e:ad:5c:4a,10060,9,440,4,-45,S,5c:62:8b:66:67:d2,1,0,1,7"
1791506154.490,"B,43775,10,72:3b:01:24:b7:c8,28,1,0,0,-37,S,5c:62:8b:66:67:d2,1,0,0,0"
1791506154.490,"B,43875,10,5c:62:8b:66:67:d2,770,7,17874,24,-43,A,5c:62:8b:66:67:d2,0,7,0,0"
1791506154.691,"B,43875,10,cc:b8:5e:ad:5c:4a,17650,16,770,7,-44,S,5c:62:8b:66:67:d2,1,2,0,13"
1791506154.691,"B,43875,10,72:3b:01:24:b7:c8,224,8,0,0,-35,S,5c:62:8b:66:67:d2,8,0,0,0"
1791506154.691,"B,43975,10,5c:62:8b:66:67:d2,440,4,10586,9,-43,A,5c:62:8b:66:67:d2,0,4,0,0"
1791506154.691,"B,43975,10,cc:b8:5e:ad:5c:4a,10586,9,440,4,-47,S,5c:62:8b:66:67:d2,0,1,0,8"
1791506154.691,"B,44075,10,78:8c:b5:f5:e7:26,0,0,30,1,-76,A,78:8c:b5:f5:e7:26,0,0,0,0"
1791506154.691,"B,44075,10,5c:62:8b:66:67:d2,1200,11,26658,30,-43,A,5c:62:8b:66:67:d2,0,11,0,0"
1791506154.691,"B,44075,10,cc:b8:5e:ad:5c:4a,26452,25,1100,10,-46,S,5c:62:8b:66:67:d2,1,4,1,19"
1791506154.691,"B,44075,10,72:3b:01:24:b7:c8,112,4,0,0,-33,S,5c:62:8b:66:67:d2,4,0,0,0"
1791506154.691,"B,44075,10,46:88:44:6e:4f:e4,94,1,100,1,-44,S,5c:62:8b:66:67:d2,1,0,0,0"
1791506154.891,"B,44075,10,a6:4c:bd:b6:c7:99,30,1,0,0,-92,S,78:8c:b5:f5:e7:26,1,0,0,0"
1791506154.891,"B,44175,10,5c:62:8b:66:67:d2,440,4,21486,24,-43,A,5c:62:8b:66:67:d2,0,4,0,0"
1791506154.891,"B,44175,10,cc:b8:5e:ad:5c:4a,21318,18,440,4,-47,S,5c:62:8b:66:67:d2,1,0,2,15"
1791506154.891,"B,44175,10,72:3b:01:24:b7:c8,168,6,0,0,-34,S,5c:62:8b:66:67:d2,6,0,0,0"
1791506154.891,"B,44275,10,5c:62:8b:66:67:d2,660,6,15842,17,-43,A,5c:62:8b:66:67:d2,0,6,0,0"
1791506154.891,"B,44275,10,cc:b8:5e:ad:5c:4a,15758,14,660,6,-43,S,5c:62:8b:66:67:d2,1,0,2,11"
1791506154.891,"B,44275,10,72:3b:01:24:b7:c8,56,2,0,0,-35,S,5c:62:8b:66:67:d2,2,0,0,0"
1791506154.891,"B,44275,10,b2:db:ca:e6:29:a6,28,1,0,0,-42,S,5c:62:8b:66:67:d2,1,0,0,0"
1791506155.091,"B,44375,10,5c:62:8b:66:67:d2,660,6,28304,28,-43,A,5c:62:8b:66:67:d2,0,6,0,0"
1791506155.091,"B,44375,10,cc:b8:5e:ad:5c:4a,28164,23,660,6,-46,S,5c:62:8b:66:67:d2,1,0,0,22"
1791506155.091,"B,44375,10,72:3b:01:24:b7:c8,112,4,0,0,-37,S,5c:62:8b:66:67:d2,4,0,0,0"
1791506155.091,"B,44375,10,b2:db:ca:e6:29:a6,28,1,0,0,-41,S,5c:62:8b:66:67:d2,1,0,0,0"
1791506155.091,"B,44475,10,5c:62:8b:66:67:d2,440,4,39854,41,-43,A,5c:62:8b:66:67:d2,0,4,0,0"
1791506155.091,"B,44475,10,cc:b8:5e:ad:5c:4a,39596,35,440,4,-46,S,5c:62:8b:66:67:d2,1,3,2,29"
1791506155.091,"B,44475,10,72:3b:01:24:b7:c8,56,2,0,0,-37,S,5c:62:8b:66:67:d2,2,0,0,0"
1791506155.091,"B,44475,10,b2:db:ca:e6:29:a6,84,3,0,0,-41,S,5c:62:8b:66:67:d2,3,0,0,0"
1791506155.091,"B,44475,10,46:88:44:6e:4f:e4,118,1,0,0,-45,S,5c:62:8b:66:67:d2,0,1,0,0"
1791506155.292,"B,44575,10,5c:62:8b:66:67:d2,660,6,20778,19,-43,A,5c:62:8b:66:67:d2,0,6,0,0"
1791506155.292,"B,44575,10,cc:b8:5e:ad:5c:4a,20722,17,660,6,-44,S,5c:62:8b:66:67:d2,0,1,0,16"
1791506155.292,"B,44575,10,b2:db:ca:e6:29:a6,56,2,0,0,-42,S,5c:62:8b:66:67:d2,2,0,0,0"
1791506155.292,"B,44675,10,5c:62:8b:66:67:d2,770,7,39488,37,-43,A,5c:62:8b:66:67:d2,0,7,0,0"
1791506155.292,"B,44675,10,cc:b8:5e:ad:5c:4a,39376,33,770,7,-46,S,5c:62:8b:66:67:d2,1,1,1,30"
1791506155.292,"B,44675,10,72:3b:01:24:b7:c8,112,4,0,0,-35,S,5c:62:8b:66:67:d2,4,0,0,0"
1791506155.493,"B,44775,10,5c:62:8b:66:67:d2,2651,23,65578,58,-43,A,5c:62:8b:66:67:d2,0,23,0,0"
1791506155.493,"B,44775,10,cc:b8:5e:ad:5c:4a,65410,52,2528,22,-46,S,5c:62:8b:66:67:d2,1,0,0,51"
1791506155.493,"B,44775,10,72:3b:01:24:b7:c8,140,5,0,0,-34,S,5c:62:8b:66:67:d2,5,0,0,0"
1791506155.493,"B,44775,10,b2:db:ca:e6:29:a6,28,1,0,0,-43,S,5c:62:8b:66:67:d2,1,0,0,0"
1791506155.493,"B,44775,10,46:88:44:6e:4f:e4,0,0,123,1,0,S,5c:62:8b:66:67:d2,0,0,0,0"
1791506155.493,"B,44875,10,5c:62:8b:66:67:d2,1980,18,39736,35,-43,A,5c:62:8b:66:67:d2,0,18,0,0"
1791506155.493,"B,44875,10,cc:b8:5e:ad:5c:4a,39736,35,1980,18,-47,S,5c:62:8b:66:67:d2,1,3,2,29"
1791506155.694,"B,44975,10,5c:62:8b:66:67:d2,330,3,8062,14,-44,A,5c:62:8b:66:67:d2,0,3,0,0"
1791506155.694,"B,44975,10,cc:b8:5e:ad:5c:4a,7894,8,330,3,-46,S,5c:62:8b:66:67:d2,1,1,0,6"
1791506155.694,"B,44975,10,72:3b:01:24:b7:c8,140,5,0,0,-35,S,5c:62:8b:66:67:d2,5,0,0,0"
1791506155.694,"B,44975,10,46:88:44:6e:4f:e4,28,1,0,0,-44,S,5c:62:8b:66:67:d2,1,0,0,0"
1791506155.694,"B,45075,10,5c:62:8b:66:67:d2,550,5,6578,11,-43,A,5c:62:8b:66:67:d2,0,5,0,0"
1791506155.694,"B,45075,10,cc:b8:5e:ad:5c:4a,6438,6,550,5,-46,S,5c:62:8b:66:67:d2,1,0,0,5"
1791506155.694,"B,45075,10,72:3b:01:24:b7:c8,140,5,0,0,-35,S,5c:62:8b:66:67:d2,5,0,0,0"
1791506155.894,"I,45095,stat,rx=17751,drops=0,ch=10,bin=100,hop=0,heap=202024"
1791506155.894,"B,45175,10,5c:62:8b:66:67:d2,770,7,22224,22,-43,A,5c:62:8b:66:67:d2,0,7,0,0"
1791506155.894,"B,45175,10,cc:b8:5e:ad:5c:4a,22112,18,770,7,-47,S,5c:62:8b:66:67:d2,0,0,6,12"
1791506155.894,"B,45175,10,72:3b:01:24:b7:c8,112,4,0,0,-34,S,5c:62:8b:66:67:d2,4,0,0,0"
1791506155.894,"B,45275,10,5c:62:8b:66:67:d2,0,0,6494,8,-45,A,5c:62:8b:66:67:d2,0,0,0,0"
1791506155.894,"B,45275,10,cc:b8:5e:ad:5c:4a,6438,6,0,0,-46,S,5c:62:8b:66:67:d2,1,0,0,5"
1791506155.894,"B,45275,10,72:3b:01:24:b7:c8,56,2,0,0,-37,S,5c:62:8b:66:67:d2,2,0,0,0"
1791506156.096,"B,45375,10,5c:62:8b:66:67:d2,454,3,6770,11,-43,A,5c:62:8b:66:67:d2,0,3,0,0"
1791506156.096,"B,45375,10,cc:b8:5e:ad:5c:4a,6686,8,454,3,-46,S,5c:62:8b:66:67:d2,1,2,0,5"
1791506156.096,"B,45375,10,72:3b:01:24:b7:c8,84,3,0,0,-36,S,5c:62:8b:66:67:d2,3,0,0,0"
1791506156.096,"B,45475,10,5c:62:8b:66:67:d2,3992,36,58708,50,-43,A,5c:62:8b:66:67:d2,0,36,0,0"
1791506156.096,"B,45475,10,cc:b8:5e:ad:5c:4a,58680,49,3992,36,-46,S,5c:62:8b:66:67:d2,1,3,2,43"
1791506156.096,"B,45475,10,72:3b:01:24:b7:c8,28,1,0,0,-38,S,5c:62:8b:66:67:d2,1,0,0,0"
1791506156.297,"B,45575,10,5c:62:8b:66:67:d2,0,0,6494,8,-46,A,5c:62:8b:66:67:d2,0,0,0,0"
1791506156.297,"B,45575,10,cc:b8:5e:ad:5c:4a,6410,5,0,0,-47,S,5c:62:8b:66:67:d2,0,0,0,5"
1791506156.297,"B,45575,10,72:3b:01:24:b7:c8,84,3,0,0,-37,S,5c:62:8b:66:67:d2,3,0,0,0"
1791506156.297,"B,45675,10,5c:62:8b:66:67:d2,440,4,11342,17,-43,A,5c:62:8b:66:67:d2,0,4,0,0"
1791506156.297,"B,45675,10,cc:b8:5e:ad:5c:4a,11146,10,440,4,-46,S,5c:62:8b:66:67:d2,1,0,2,7"
1791506156.297,"B,45675,10,72:3b:01:24:b7:c8,140,5,0,0,-35,S,5c:62:8b:66:67:d2,5,0,0,0"
1791506156.297,"B,45675,10,b2:db:ca:e6:29:a6,56,2,0,0,-38,S,5c:62:8b:66:67:d2,2,0,0,0"
1791506156.499,"B,45775,10,5c:62:8b:66:67:d2,1320,12,23646,21,-43,A,5c:62:8b:66:67:d2,0,12,0,0"
1791506156.499,"B,45775,10,cc:b8:5e:ad:5c:4a,23590,19,1320,12,-46,S,5c:62:8b:66:67:d2,0,0,2,17"
1791506156.499,"B,45775,10,b2:db:ca:e6:29:a6,56,2,0,0,-41,S,5c:62:8b:66:67:d2,2,0,0,0"
1791506156.499,"B,45875,10,5c:62:8b:66:67:d2,770,7,33086,29,-43,A,5c:62:8b:66:67:d2,0,7,0,0"
1791506156.499,"B,45875,10,cc:b8:5e:ad:5c:4a,33058,28,770,7,-47,S,5c:62:8b:66:67:d2,1,2,0,25"
1791506156.499,"B,45875,10,b2:db:ca:e6:29:a6,28,1,0,0,-42,S,5c:62:8b:66:67:d2,1,0,0,0"
1791506156.701,"B,45975,10,5c:62:8b:66:67:d2,0,0,7916,14,-45,A,5c:62:8b:66:67:d2,0,0,0,0"
1791506156.701,"B,45975,10,cc:b8:5e:ad:5c:4a,7720,7,0,0,-47,S,5c:62:8b:66:67:d2,1,0,0,6"
1791506156.701,"B,45975,10,72:3b:01:24:b7:c8,112,4,0,0,-36,S,5c:62:8b:66:67:d2,4,0,0,0"
1791506156.701,"B,45975,10,b2:db:ca:e6:29:a6,84,3,0,0,-41,S,5c:62:8b:66:67:d2,3,0,0,0"
1791506156.701,"B,46075,10,5c:62:8b:66:67:d2,1980,18,16690,18,-43,A,5c:62:8b:66:67:d2,0,18,0,0"
1791506156.701,"B,46075,10,cc:b8:5e:ad:5c:4a,16634,16,1980,18,-46,S,5c:62:8b:66:67:d2,1,3,1,11"
1791506156.701,"B,46075,10,b2:db:ca:e6:29:a6,56,2,0,0,-41,S,5c:62:8b:66:67:d2,2,0,0,0"
1791506156.904,"B,46175,10,5c:62:8b:66:67:d2,550,5,13826,13,-43,A,5c:62:8b:66:67:d2,0,5,0,0"
1791506156.904,"B,46175,10,cc:b8:5e:ad:5c:4a,13770,11,550,5,-47,S,5c:62:8b:66:67:d2,0,0,1,10"
1791506156.904,"B,46175,10,b2:db:ca:e6:29:a6,56,2,0,0,-38,S,5c:62:8b:66:67:d2,2,0,0,0"
1791506156.904,"M,46186,slot,5,1"
1791506156.904,"B,46275,10,5c:62:8b:66:67:d2,0,0,7916,14,-45,A,5c:62:8b:66:67:d2,0,0,0,0"
1791506156.904,"B,46275,10,cc:b8:5e:ad:5c:4a,7720,7,0,0,-45,S,5c:62:8b:66:67:d2,1,0,0,6"
1791506156.904,"B,46275,10,72:3b:01:24:b7:c8,140,5,0,0,-34,S,5c:62:8b:66:67:d2,5,0,0,0"
1791506156.904,"B,46275,10,b2:db:ca:e6:29:a6,56,2,0,0,-41,S,5c:62:8b:66:67:d2,2,0,0,0"
1791506157.108,"B,46375,10,5c:62:8b:66:67:d2,1100,10,20634,25,-43,A,5c:62:8b:66:67:d2,0,10,0,0"
1791506157.108,"B,46375,10,cc:b8:5e:ad:5c:4a,20438,18,1100,10,-46,S,5c:62:8b:66:67:d2,1,1,1,15"
1791506157.108,"B,46375,10,72:3b:01:24:b7:c8,140,5,0,0,-35,S,5c:62:8b:66:67:d2,5,0,0,0"
1791506157.108,"B,46375,10,b2:db:ca:e6:29:a6,56,2,0,0,-41,S,5c:62:8b:66:67:d2,2,0,0,0"
1791506157.108,"B,46475,10,5c:62:8b:66:67:d2,0,0,6438,6,-45,A,5c:62:8b:66:67:d2,0,0,0,0"
1791506157.108,"B,46475,10,cc:b8:5e:ad:5c:4a,6410,5,0,0,-47,S,5c:62:8b:66:67:d2,0,0,0,5"
1791506157.108,"B,46475,10,72:3b:01:24:b7:c8,28,1,0,0,-33,S,5c:62:8b:66:67:d2,1,0,0,0"
1791506157.309,"B,46575,10,5c:62:8b:66:67:d2,1844,14,18368,29,-43,A,5c:62:8b:66:67:d2,0,14,0,0"
1791506157.309,"B,46575,10,cc:b8:5e:ad:5c:4a,18032,17,1844,14,-46,S,5c:62:8b:66:67:d2,1,3,1,12"
1791506157.309,"B,46575,10,72:3b:01:24:b7:c8,308,11,0,0,-34,S,5c:62:8b:66:67:d2,11,0,0,0"
1791506157.309,"B,46575,10,b2:db:ca:e6:29:a6,28,1,0,0,-42,S,5c:62:8b:66:67:d2,1,0,0,0"
1791506157.309,"B,46675,10,5c:62:8b:66:67:d2,660,6,19128,21,-43,A,5c:62:8b:66:67:d2,0,6,0,0"
1791506157.309,"B,46675,10,cc:b8:5e:ad:5c:4a,19072,19,660,6,-46,S,5c:62:8b:66:67:d2,1,5,0,13"
1791506157.309,"B,46675,10,b2:db:ca:e6:29:a6,56,2,0,0,-42,S,5c:62:8b:66:67:d2,2,0,0,0"
1791506157.511,"B,46775,10,5c:62:8b:66:67:d2,440,4,23922,22,-43,A,5c:62:8b:66:67:d2,0,4,0,0"
1791506157.511,"B,46775,10,cc:b8:5e:ad:5c:4a,23866,20,440,4,-47,S,5c:62:8b:66:67:d2,1,0,1,18"
1791506157.511,"B,46775,10,b2:db:ca:e6:29:a6,56,2,0,0,-41,S,5c:62:8b:66:67:d2,2,0,0,0"
1791506157.511,"B,46875,10,5c:62:8b:66:67:d2,550,5,21914,28,-43,A,5c:62:8b:66:67:d2,0,5,0,0"
1791506157.511,"B,46875,10,cc:b8:5e:ad:5c:4a,21634,18,550,5,-47,S,5c:62:8b:66:67:d2,1,0,1,16"
1791506157.511,"B,46875,10,72:3b:01:24:b7:c8,224,8,0,0,-35,S,5c:62:8b:66:67:d2,8,0,0,0"
1791506157.511,"B,46875,10,b2:db:ca:e6:29:a6,56,2,0,0,-41,S,5c:62:8b:66:67:d2,2,0,0,0"
1791506157.716,"B,46975,10,5c:62:8b:66:67:d2,14244,19,7008,10,-43,A,5c:62:8b:66:67:d2,0,8,2,9"
1791506157.716,"B,46975,10,cc:b8:5e:ad:5c:4a,6924,7,550,5,-47,S,5c:62:8b:66:67:d2,1,0,2,4"
1791506157.716,"B,46975,10,72:3b:01:24:b7:c8,56,2,13694,14,-35,S,5c:62:8b:66:67:d2,2,0,0,0"
1791506157.716,"B,46975,10,b0:a7:b9:23:82:ee,0,0,30,1,-89,A,b0:a7:b9:23:82:ee,0,0,0,0"
1791506157.716,"B,46975,10,b2:db:ca:e6:29:a6,28,1,0,0,-41,S,5c:62:8b:66:67:d2,1,0,0,0"
1791506157.716,"B,46975,10,f2:51:4e:f8:1a:7f,30,1,0,0,-88,S,b0:a7:b9:23:82:ee,1,0,0,0"
1791506157.716,"B,47075,10,5c:62:8b:66:67:d2,770,7,16328,16,-43,A,5c:62:8b:66:67:d2,0,7,0,0"
1791506157.716,"B,47075,10,cc:b8:5e:ad:5c:4a,16300,15,770,7,-46,S,5c:62:8b:66:67:d2,1,2,0,12"
1791506157.716,"B,47075,10,72:3b:01:24:b7:c8,28,1,0,0,-33,S,5c:62:8b:66:67:d2,1,0,0,0"
1791506157.716,"B,47075,10,b0:a7:b9:23:82:ee,0,0,30,1,-89,A,b0:a7:b9:23:82:ee,0,0,0,0"
1791506157.716,"B,47075,10,f2:51:4e:f8:1a:7f,30,1,0,0,-88,S,b0:a7:b9:23:82:ee,1,0,0,0"
1791506157.920,"B,47175,10,5c:62:8b:66:67:d2,330,3,5638,13,-43,A,5c:62:8b:66:67:d2,0,3,0,0"
1791506157.920,"B,47175,10,cc:b8:5e:ad:5c:4a,5414,5,330,3,-47,S,5c:62:8b:66:67:d2,0,1,0,4"
1791506157.920,"B,47175,10,72:3b:01:24:b7:c8,224,8,0,0,-34,S,5c:62:8b:66:67:d2,8,0,0,0"
1791506157.920,"B,47175,10,b0:a7:b9:23:82:ee,0,0,60,2,0,A,b0:a7:b9:23:82:ee,0,0,0,0"
1791506157.920,"B,47175,10,f2:51:4e:f8:1a:7f,60,2,0,0,-92,S,b0:a7:b9:23:82:ee,2,0,0,0"
1791506157.920,"B,47275,10,5c:62:8b:66:67:d2,990,9,21226,21,-43,A,5c:62:8b:66:67:d2,0,9,0,0"
1791506157.920,"B,47275,10,cc:b8:5e:ad:5c:4a,21142,18,990,9,-46,S,5c:62:8b:66:67:d2,1,1,0,16"
1791506157.920,"B,47275,10,b2:db:ca:e6:29:a6,84,3,0,0,-40,S,5c:62:8b:66:67:d2,3,0,0,0"
1791506158.123,"B,47375,10,5c:62:8b:66:67:d2,550,5,13510,16,-43,A,5c:62:8b:66:67:d2,0,5,0,0"
1791506158.123,"B,47375,10,cc:b8:5e:ad:5c:4a,13454,14,550,5,-46,S,5c:62:8b:66:67:d2,1,3,0,10"
1791506158.123,"B,47375,10,b2:db:ca:e6:29:a6,56,2,0,0,-41,S,5c:62:8b:66:67:d2,2,0,0,0"
1791506158.123,"B,47475,10,5c:62:8b:66:67:d2,24446,27,19396,26,-43,A,5c:62:8b:66:67:d2,0,8,2,17"
1791506158.123,"B,47475,10,cc:b8:5e:ad:5c:4a,19144,17,770,7,-46,S,5c:62:8b:66:67:d2,1,1,1,14"
1791506158.123,"B,47475,10,72:3b:01:24:b7:c8,168,6,23676,20,-35,S,5c:62:8b:66:67:d2,6,0,0,0"
1791506158.123,"B,47475,10,b2:db:ca:e6:29:a6,84,3,0,0,-40,S,5c:62:8b:66:67:d2,3,0,0,0"
1791506158.123,"B,47475,10,80:af:ca:68:4c:f8,84,1,0,0,-86,A,80:af:ca:68:4c:f8,1,0,0,0"
1791506158.325,"B,47575,10,5c:62:8b:66:67:d2,10026,13,9492,9,-43,A,5c:62:8b:66:67:d2,0,6,0,7"
1791506158.325,"B,47575,10,cc:b8:5e:ad:5c:4a,9464,8,440,4,-47,S,5c:62:8b:66:67:d2,0,1,0,7"
1791506158.325,"B,47575,10,72:3b:01:24:b7:c8,0,0,9586,9,0,S,5c:62:8b:66:67:d2,0,0,0,0"
1791506158.325,"B,47575,10,b2:db:ca:e6:29:a6,28,1,0,0,-40,S,5c:62:8b:66:67:d2,1,0,0,0"
1791506158.325,"B,47675,10,5c:62:8b:66:67:d2,37830,41,43226,42,-43,A,5c:62:8b:66:67:d2,0,13,0,28"
1791506158.325,"B,47675,10,cc:b8:5e:ad:5c:4a,43170,40,1210,11,-46,S,5c:62:8b:66:67:d2,5,2,0,33"
1791506158.325,"B,47675,10,72:3b:01:24:b7:c8,0,0,36620,30,0,S,5c:62:8b:66:67:d2,0,0,0,0"
1791506158.325,"B,47675,10,b2:db:ca:e6:29:a6,56,2,0,0,-41,S,5c:62:8b:66:67:d2,2,0,0,0"
1791506158.530,"B,47775,10,5c:62:8b:66:67:d2,55810,69,59302,51,-43,A,5c:62:8b:66:67:d2,0,28,0,41"
1791506158.530,"B,47775,10,cc:b8:5e:ad:5c:4a,59218,48,3030,27,-47,S,5c:62:8b:66:67:d2,1,1,0,46"
1791506158.530,"B,47775,10,72:3b:01:24:b7:c8,28,1,52780,42,-37,S,5c:62:8b:66:67:d2,1,0,0,0"
1791506158.530,"B,47775,10,b2:db:ca:e6:29:a6,56,2,0,0,-38,S,5c:62:8b:66:67:d2,2,0,0,0"
1791506158.530,"B,47875,10,78:8c:b5:f5:e7:26,80,1,0,0,-76,A,78:8c:b5:f5:e7:26,1,0,0,0"
1791506158.530,"B,47875,10,5c:62:8b:66:67:d2,47140,48,43724,39,-43,A,5c:62:8b:66:67:d2,0,11,3,34"
1791506158.530,"B,47875,10,cc:b8:5e:ad:5c:4a,43668,37,1210,11,-45,S,5c:62:8b:66:67:d2,1,0,5,31"
1791506158.530,"B,47875,10,72:3b:01:24:b7:c8,0,0,45930,37,0,S,5c:62:8b:66:67:d2,0,0,0,0"
1791506158.530,"B,47875,10,b2:db:ca:e6:29:a6,56,2,0,0,-38,S,5c:62:8b:66:67:d2,2,0,0,0"
1791506158.731,"B,47975,10,5c:62:8b:66:67:d2,9362,14,8702,13,-43,A,5c:62:8b:66:67:d2,0,7,1,6"
1791506158.731,"B,47975,10,cc:b8:5e:ad:5c:4a,8534,7,440,4,-47,S,5c:62:8b:66:67:d2,0,0,1,6"
1791506158.731,"B,47975,10,72:3b:01:24:b7:c8,112,4,8922,10,-34,S,5c:62:8b:66:67:d2,4,0,0,0"
1791506158.731,"B,47975,10,b2:db:ca:e6:29:a6,56,2,0,0,-40,S,5c:62:8b:66:67:d2,2,0,0,0"
1791506158.731,"B,48075,10,5c:62:8b:66:67:d2,18692,22,48232,47,-43,A,5c:62:8b:66:67:d2,0,8,1,13"
1791506158.731,"B,48075,10,cc:b8:5e:ad:5c:4a,48064,41,770,7,-46,S,5c:62:8b:66:67:d2,1,1,5,34"
1791506158.731,"B,48075,10,72:3b:01:24:b7:c8,112,4,17922,15,-37,S,5c:62:8b:66:67:d2,4,0,0,0"
1791506158.731,"B,48075,10,b2:db:ca:e6:29:a6,56,2,0,0,-42,S,5c:62:8b:66:67:d2,2,0,0,0"
1791506158.935,"B,48175,10,5c:62:8b:66:67:d2,8488,10,20244,21,-43,A,5c:62:8b:66:67:d2,0,3,2,5"
1791506158.935,"B,48175,10,cc:b8:5e:ad:5c:4a,20132,17,330,3,-46,S,5c:62:8b:66:67:d2,1,0,1,15"
1791506158.935,"B,48175,10,72:3b:01:24:b7:c8,112,4,8158,7,-36,S,5c:62:8b:66:67:d2,4,0,0,0"
1791506158.935,"B,48275,10,5c:62:8b:66:67:d2,26305,31,13840,23,-43,A,5c:62:8b:66:67:d2,0,12,0,19"
1791506158.935,"B,48275,10,cc:b8:5e:ad:5c:4a,13560,13,880,8,-46,S,5c:62:8b:66:67:d2,1,2,0,10"
1791506158.935,"B,48275,10,72:3b:01:24:b7:c8,224,8,25425,23,-37,S,5c:62:8b:66:67:d2,8,0,0,0"
1791506158.935,"B,48275,10,b2:db:ca:e6:29:a6,56,2,0,0,-41,S,5c:62:8b:66:67:d2,2,0,0,0"
1791506159.140,"B,48375,10,5c:62:8b:66:67:d2,12568,12,6286,9,-44,A,5c:62:8b:66:67:d2,0,2,2,8"
1791506159.140,"B,48375,10,cc:b8:5e:ad:5c:4a,6174,5,220,2,-47,S,5c:62:8b:66:67:d2,0,0,1,4"
1791506159.140,"B,48375,10,72:3b:01:24:b7:c8,56,2,12348,10,-35,S,5c:62:8b:66:67:d2,2,0,0,0"
1791506159.140,"B,48375,10,b2:db:ca:e6:29:a6,56,2,0,0,-40,S,5c:62:8b:66:67:d2,2,0,0,0"
1791506159.140,"B,48475,10,5c:62:8b:66:67:d2,660,6,15108,19,-43,A,5c:62:8b:66:67:d2,0,6,0,0"
1791506159.140,"B,48475,10,cc:b8:5e:ad:5c:4a,15052,17,660,6,-45,S,5c:62:8b:66:67:d2,5,0,2,10"
1791506159.140,"B,48475,10,b2:db:ca:e6:29:a6,56,2,0,0,-41,S,5c:62:8b:66:67:d2,2,0,0,0"
1791506159.343,"B,48575,10,5c:62:8b:66:67:d2,7598,9,28060,32,-42,A,5c:62:8b:66:67:d2,0,3,1,5"
1791506159.343,"B,48575,10,cc:b8:5e:ad:5c:4a,27808,23,330,3,-45,S,5c:62:8b:66:67:d2,1,0,1,21"
1791506159.343,"B,48575,10,72:3b:01:24:b7:c8,224,8,7268,6,-36,S,5c:62:8b:66:67:d2,8,0,0,0"
1791506159.343,"B,48575,10,b2:db:ca:e6:29:a6,28,1,0,0,-41,S,5c:62:8b:66:67:d2,1,0,0,0"
1791506159.343,"B,48675,10,5c:62:8b:66:67:d2,13150,13,15754,22,-43,A,5c:62:8b:66:67:d2,0,3,0,10"
1791506159.343,"B,48675,10,cc:b8:5e:ad:5c:4a,15530,14,330,3,-46,S,5c:62:8b:66:67:d2,1,1,0,12"
1791506159.343,"B,48675,10,72:3b:01:24:b7:c8,140,5,12820,10,-37,S,5c:62:8b:66:67:d2,5,0,0,0"
1791506159.343,"B,48675,10,b2:db:ca:e6:29:a6,84,3,0,0,-42,S,5c:62:8b:66:67:d2,3,0,0,0"
1791506159.544,"B,48775,10,5c:62:8b:66:67:d2,18836,26,17212,24,-43,A,5c:62:8b:66:67:d2,0,13,0,13"
1791506159.544,"B,48775,10,cc:b8:5e:ad:5c:4a,17044,18,1096,10,-46,S,5c:62:8b:66:67:d2,0,7,0,11"
1791506159.544,"B,48775,10,72:3b:01:24:b7:c8,112,4,17740,16,-38,S,5c:62:8b:66:67:d2,4,0,0,0"
1791506159.544,"B,48775,10,b2:db:ca:e6:29:a6,56,2,0,0,-39,S,5c:62:8b:66:67:d2,2,0,0,0"
1791506159.544,"B,48875,10,5c:62:8b:66:67:d2,5128,4,7824,11,-43,A,5c:62:8b:66:67:d2,0,0,0,4"
1791506159.544,"B,48875,10,cc:b8:5e:ad:5c:4a,7712,7,0,0,-46,S,5c:62:8b:66:67:d2,1,0,0,6"
1791506159.544,"B,48875,10,72:3b:01:24:b7:c8,56,2,5128,4,-34,S,5c:62:8b:66:67:d2,2,0,0,0"
1791506159.544,"B,48875,10,b2:db:ca:e6:29:a6,56,2,0,0,-42,S,5c:62:8b:66:67:d2,2,0,0,0"
1791506159.749,"B,48975,10,78:8c:b5:f5:e7:26,80,1,0,0,-77,A,78:8c:b5:f5:e7:26,1,0,0,0"
1791506159.749,"B,48975,10,5c:62:8b:66:67:d2,880,8,25692,28,-43,A,5c:62:8b:66:67:d2,0,8,0,0"
1791506159.749,"B,48975,10,cc:b8:5e:ad:5c:4a,25552,23,880,8,-44,S,5c:62:8b:66:67:d2,3,0,1,19"
1791506159.749,"B,48975,10,72:3b:01:24:b7:c8,112,4,0,0,-35,S,5c:62:8b:66:67:d2,4,0,0,0"
1791506159.749,"B,48975,10,b2:db:ca:e6:29:a6,28,1,0,0,-44,S,5c:62:8b:66:67:d2,1,0,0,0"
1791506159.749,"B,49075,10,5c:62:8b:66:67:d2,11031,14,38580,41,-42,A,5c:62:8b:66:67:d2,0,6,0,8"
1791506159.749,"B,49075,10,cc:b8:5e:ad:5c:4a,38468,37,440,4,-46,S,5c:62:8b:66:67:d2,1,8,0,28"
1791506159.749,"B,49075,10,72:3b:01:24:b7:c8,84,3,10591,10,-37,S,5c:62:8b:66:67:d2,3,0,0,0"
1791506159.749,"B,49075,10,b2:db:ca:e6:29:a6,28,1,0,0,-44,S,5c:62:8b:66:67:d2,1,0,0,0"
1791506159.954,"B,49175,10,5c:62:8b:66:67:d2,11586,17,7918,9,-43,A,5c:62:8b:66:67:d2,0,9,0,8"
1791506159.954,"B,49175,10,cc:b8:5e:ad:5c:4a,7862,7,770,7,-46,S,5c:62:8b:66:67:d2,0,1,0,6"
1791506159.954,"B,49175,10,72:3b:01:24:b7:c8,0,0,10816,10,0,S,5c:62:8b:66:67:d2,0,0,0,0"
1791506159.954,"B,49175,10,b2:db:ca:e6:29:a6,56,2,0,0,-41,S,5c:62:8b:66:67:d2,2,0,0,0"
1791506159.954,"B,49275,10,5c:62:8b:66:67:d2,0,0,9114,12,-45,A,5c:62:8b:66:67:d2,0,0,0,0"
1791506159.954,"B,49275,10,cc:b8:5e:ad:5c:4a,8974,7,0,0,-46,S,5c:62:8b:66:67:d2,0,0,0,7"
1791506159.954,"B,49275,10,72:3b:01:24:b7:c8,84,3,0,0,-35,S,5c:62:8b:66:67:d2,3,0,0,0"
1791506159.954,"B,49275,10,b0:a7:b9:23:82:ee,0,0,120,4,-90,A,b0:a7:b9:23:82:ee,0,0,0,0"
1791506159.954,"B,49275,10,b2:db:ca:e6:29:a6,56,2,0,0,-41,S,5c:62:8b:66:67:d2,2,0,0,0"
1791506159.954,"B,49275,10,f2:51:4e:f8:1a:7f,120,4,0,0,-89,S,b0:a7:b9:23:82:ee,4,0,0,0"
1791506160.159,"B,49375,10,5c:62:8b:66:67:d2,28594,39,23056,26,-43,A,5c:62:8b:66:67:d2,0,19,0,20"
1791506160.159,"B,49375,10,cc:b8:5e:ad:5c:4a,22916,21,1650,15,-45,S,5c:62:8b:66:67:d2,1,3,0,17"
1791506160.159,"B,49375,10,72:3b:01:24:b7:c8,84,3,26944,24,-33,S,5c:62:8b:66:67:d2,3,0,0,0"
1791506160.159,"B,49375,10,b0:a7:b9:23:82:ee,0,0,120,4,-91,A,b0:a7:b9:23:82:ee,0,0,0,0"
1791506160.159,"B,49375,10,b2:db:ca:e6:29:a6,56,2,0,0,-42,S,5c:62:8b:66:67:d2,2,0,0,0"
1791506160.159,"B,49375,10,f2:51:4e:f8:1a:7f,120,4,0,0,-87,S,b0:a7:b9:23:82:ee,4,0,0,0"
1791506160.159,"B,49475,10,5c:62:8b:66:67:d2,406,3,37312,34,-43,A,5c:62:8b:66:67:d2,0,3,0,0"
1791506160.159,"B,49475,10,cc:b8:5e:ad:5c:4a,37228,31,406,3,-44,S,5c:62:8b:66:67:d2,1,1,1,28"
1791506160.159,"B,49475,10,72:3b:01:24:b7:c8,28,1,0,0,-37,S,5c:62:8b:66:67:d2,1,0,0,0"
1791506160.159,"B,49475,10,b0:a7:b9:23:82:ee,0,0,60,2,0,A,b0:a7:b9:23:82:ee,0,0,0,0"
1791506160.159,"B,49475,10,b2:db:ca:e6:29:a6,56,2,0,0,-43,S,5c:62:8b:66:67:d2,2,0,0,0"
1791506160.159,"B,49475,10,f2:51:4e:f8:1a:7f,60,2,0,0,-88,S,b0:a7:b9:23:82:ee,2,0,0,0"
1791506160.363,"B,49575,10,5c:62:8b:66:67:d2,11291,13,168,6,-43,A,5c:62:8b:66:67:d2,0,5,0,8"
1791506160.363,"B,49575,10,72:3b:01:24:b7:c8,84,3,11291,13,-35,S,5c:62:8b:66:67:d2,3,0,0,0"
1791506160.363,"B,49575,10,b0:a7:b9:23:82:ee,0,0,60,2,0,A,b0:a7:b9:23:82:ee,0,0,0,0"
1791506160.363,"B,49575,10,b2:db:ca:e6:29:a6,84,3,0,0,-43,S,5c:62:8b:66:67:d2,3,0,0,0"
1791506160.363,"B,49575,10,f2:51:4e:f8:1a:7f,60,2,0,0,-88,S,b0:a7:b9:23:82:ee,2,0,0,0"
1791506160.363,"B,49675,10,5c:62:8b:66:67:d2,7241,11,6748,10,-43,A,5c:62:8b:66:67:d2,0,6,0,5"
1791506160.363,"B,49675,10,cc:b8:5e:ad:5c:4a,6664,7,342,3,-45,S,5c:62:8b:66:67:d2,1,1,0,5"
1791506160.363,"B,49675,10,72:3b:01:24:b7:c8,28,1,6899,8,-33,S,5c:62:8b:66:67:d2,1,0,0,0"
1791506160.363,"B,49675,10,b0:a7:b9:23:82:ee,0,0,60,2,0,A,b0:a7:b9:23:82:ee,0,0,0,0"
1791506160.363,"B,49675,10,b2:db:ca:e6:29:a6,56,2,0,0,-42,S,5c:62:8b:66:67:d2,2,0,0,0"
1791506160.363,"B,49675,10,f2:51:4e:f8:1a:7f,60,2,0,0,-88,S,b0:a7:b9:23:82:ee,2,0,0,0"
1791506160.568,"B,49775,10,5c:62:8b:66:67:d2,45352,56,35468,31,-43,A,5c:62:8b:66:67:d2,0,23,1,32"
1791506160.568,"B,49775,10,cc:b8:5e:ad:5c:4a,35440,30,2220,20,-46,S,5c:62:8b:66:67:d2,0,3,1,26"
1791506160.568,"B,49775,10,72:3b:01:24:b7:c8,0,0,43132,36,0,S,5c:62:8b:66:67:d2,0,0,0,0"
1791506160.568,"B,49775,10,b2:db:ca:e6:29:a6,28,1,0,0,-45,S,5c:62:8b:66:67:d2,1,0,0,0"
1791506160.568,"B,49875,10,78:8c:b5:f5:e7:26,139,1,0,0,-78,A,78:8c:b5:f5:e7:26,0,1,0,0"
1791506160.568,"B,49875,10,5c:62:8b:66:67:d2,0,0,6746,17,-44,A,5c:62:8b:66:67:d2,0,0,0,0"
1791506160.568,"B,49875,10,cc:b8:5e:ad:5c:4a,6438,6,0,0,-45,S,5c:62:8b:66:67:d2,1,0,0,5"
1791506160.568,"B,49875,10,72:3b:01:24:b7:c8,252,9,0,0,-34,S,5c:62:8b:66:67:d2,9,0,0,0"
1791506160.568,"B,49875,10,b0:a7:b9:23:82:ee,0,0,90,3,-88,A,b0:a7:b9:23:82:ee,0,0,0,0"
1791506160.568,"B,49875,10,b2:db:ca:e6:29:a6,56,2,0,0,-43,S,5c:62:8b:66:67:d2,2,0,0,0"
1791506160.568,"B,49875,10,f2:51:4e:f8:1a:7f,90,3,0,0,-87,S,b0:a7:b9:23:82:ee,3,0,0,0"
1791506160.771,"B,49975,10,5c:62:8b:66:67:d2,34265,41,28932,27,-43,A,5c:62:8b:66:67:d2,0,15,2,24"
1791506160.771,"B,49975,10,cc:b8:5e:ad:5c:4a,28876,25,1430,13,-46,S,5c:62:8b:66:67:d2,1,1,2,21"
1791506160.771,"B,49975,10,72:3b:01:24:b7:c8,0,0,32835,28,0,S,5c:62:8b:66:67:d2,0,0,0,0"
1791506160.771,"B,49975,10,b0:a7:b9:23:82:ee,0,0,60,2,0,A,b0:a7:b9:23:82:ee,0,0,0,0"
1791506160.771,"B,49975,10,b2:db:ca:e6:29:a6,56,2,0,0,-43,S,5c:62:8b:66:67:d2,2,0,0,0"
1791506160.771,"B,49975,10,f2:51:4e:f8:1a:7f,60,2,0,0,-88,S,b0:a7:b9:23:82:ee,2,0,0,0"
1791506160.771,"B,50075,10,5c:62:8b:66:67:d2,0,0,14186,14,-45,A,5c:62:8b:66:67:d2,0,0,0,0"
1791506160.771,"B,50075,10,cc:b8:5e:ad:5c:4a,14102,11,0,0,-46,S,5c:62:8b:66:67:d2,0,0,0,11"
1791506160.771,"B,50075,10,72:3b:01:24:b7:c8,56,2,0,0,-35,S,5c:62:8b:66:67:d2,2,0,0,0"
1791506160.771,"B,50075,10,b2:db:ca:e6:29:a6,28,1,0,0,-43,S,5c:62:8b:66:67:d2,1,0,0,0"
1791506160.771,"I,50097,stat,rx=19747,drops=0,ch=10,bin=100,hop=0,heap=202024"
1791506160.973,"B,50175,10,5c:62:8b:66:67:d2,20400,24,19516,30,-43,A,5c:62:8b:66:67:d2,0,9,1,14"
1791506160.973,"B,50175,10,cc:b8:5e:ad:5c:4a,19180,18,880,8,-45,S,5c:62:8b:66:67:d2,2,1,4,11"
1791506160.973,"B,50175,10,72:3b:01:24:b7:c8,308,11,19520,16,-34,S,5c:62:8b:66:67:d2,11,0,0,0"
1791506160.973,"B,50175,10,b2:db:ca:e6:29:a6,28,1,0,0,-45,S,5c:62:8b:66:67:d2,1,0,0,0"
1791506160.973,"B,50275,10,5c:62:8b:66:67:d2,11051,14,32480,33,-43,A,5c:62:8b:66:67:d2,0,6,0,8"
1791506160.973,"B,50275,10,cc:b8:5e:ad:5c:4a,32312,27,440,4,-46,S,5c:62:8b:66:67:d2,1,1,0,25"
1791506160.973,"B,50275,10,72:3b:01:24:b7:c8,112,4,10611,10,-36,S,5c:62:8b:66:67:d2,4,0,0,0"
1791506160.973,"B,50275,10,b2:db:ca:e6:29:a6,56,2,0,0,-43,S,5c:62:8b:66:67:d2,2,0,0,0"
1791506161.175,"B,50375,10,5c:62:8b:66:67:d2,23168,31,20216,18,-42,A,5c:62:8b:66:67:d2,0,14,1,16"
1791506161.175,"B,50375,10,cc:b8:5e:ad:5c:4a,20160,16,1100,10,-45,S,5c:62:8b:66:67:d2,0,0,1,15"
1791506161.175,"B,50375,10,72:3b:01:24:b7:c8,0,0,22068,21,0,S,5c:62:8b:66:67:d2,0,0,0,0"
1791506161.175,"B,50375,10,b2:db:ca:e6:29:a6,56,2,0,0,-44,S,5c:62:8b:66:67:d2,2,0,0,0"
1791506161.175,"B,50475,10,5c:62:8b:66:67:d2,0,0,5656,17,0,A,5c:62:8b:66:67:d2,0,0,0,0"
1791506161.175,"B,50475,10,cc:b8:5e:ad:5c:4a,5376,7,0,0,-45,S,5c:62:8b:66:67:d2,1,3,0,3"
1791506161.175,"B,50475,10,72:3b:01:24:b7:c8,224,8,0,0,-34,S,5c:62:8b:66:67:d2,8,0,0,0"
1791506161.175,"B,50475,10,b2:db:ca:e6:29:a6,56,2,0,0,-43,S,5c:62:8b:66:67:d2,2,0,0,0"
1791506161.377,"B,50575,10,5c:62:8b:66:67:d2,14416,18,14130,15,-42,A,5c:62:8b:66:67:d2,0,8,1,9"
1791506161.377,"B,50575,10,cc:b8:5e:ad:5c:4a,14046,12,660,6,-45,S,5c:62:8b:66:67:d2,1,0,1,10"
1791506161.377,"B,50575,10,72:3b:01:24:b7:c8,28,1,13756,12,-37,S,5c:62:8b:66:67:d2,1,0,0,0"
1791506161.377,"B,50575,10,b2:db:ca:e6:29:a6,56,2,0,0,-44,S,5c:62:8b:66:67:d2,2,0,0,0"
1791506161.377,"B,50675,10,5c:62:8b:66:67:d2,0,0,7720,7,-46,A,5c:62:8b:66:67:d2,0,0,0,0"
1791506161.377,"B,50675,10,cc:b8:5e:ad:5c:4a,7692,6,0,0,-46,S,5c:62:8b:66:67:d2,0,0,0,6"
1791506161.377,"B,50675,10,72:3b:01:24:b7:c8,28,1,0,0,-34,S,5c:62:8b:66:67:d2,1,0,0,0"
1791506161.581,"B,50775,10,5c:62:8b:66:67:d2,0,0,166,4,-45,A,5c:62:8b:66:67:d2,0,0,0,0"
1791506161.581,"B,50775,10,cc:b8:5e:ad:5c:4a,110,2,0,0,-44,S,5c:62:8b:66:67:d2,2,0,0,0"
1791506161.581,"B,50775,10,b2:db:ca:e6:29:a6,56,2,0,0,-44,S,5c:62:8b:66:67:d2,2,0,0,0"
1791506161.581,"B,50875,10,5c:62:8b:66:67:d2,64662,77,60660,53,-43,A,5c:62:8b:66:67:d2,2,27,2,46"
1791506161.581,"B,50875,10,cc:b8:5e:ad:5c:4a,60604,51,2722,25,-45,S,5c:62:8b:66:67:d2,1,3,2,45"
1791506161.581,"B,50875,10,72:3b:01:24:b7:c8,28,1,61940,52,-37,S,5c:62:8b:66:67:d2,1,0,0,0"
1791506161.581,"B,50875,10,b2:db:ca:e6:29:a6,28,1,0,0,-44,S,5c:62:8b:66:67:d2,1,0,0,0"
1791506161.783,"B,50975,10,78:8c:b5:f5:e7:26,80,1,0,0,-78,A,78:8c:b5:f5:e7:26,1,0,0,0"
1791506161.783,"B,50975,10,5c:62:8b:66:67:d2,110,1,9704,13,-44,A,5c:62:8b:66:67:d2,0,1,0,0"
1791506161.783,"B,50975,10,cc:b8:5e:ad:5c:4a,9620,10,110,1,-44,S,5c:62:8b:66:67:d2,0,5,0,5"
1791506161.783,"B,50975,10,72:3b:01:24:b7:c8,28,1,0,0,-34,S,5c:62:8b:66:67:d2,1,0,0,0"
1791506161.783,"B,50975,10,b2:db:ca:e6:29:a6,56,2,0,0,-43,S,5c:62:8b:66:67:d2,2,0,0,0"
1791506161.783,"B,51075,10,5c:62:8b:66:67:d2,13040,22,10948,14,-43,A,5c:62:8b:66:67:d2,0,14,0,8"
1791506161.783,"B,51075,10,cc:b8:5e:ad:5c:4a,10864,11,680,6,-45,S,5c:62:8b:66:67:d2,1,2,0,8"
1791506161.783,"B,51075,10,72:3b:01:24:b7:c8,28,1,12360,16,-34,S,5c:62:8b:66:67:d2,1,0,0,0"
1791506161.783,"B,51075,10,b2:db:ca:e6:29:a6,56,2,0,0,-44,S,5c:62:8b:66:67:d2,2,0,0,0"
1791506161.986,"B,51175,10,5c:62:8b:66:67:d2,7246,9,7138,10,-43,A,5c:62:8b:66:67:d2,0,4,0,5"
1791506161.986,"B,51175,10,cc:b8:5e:ad:5c:4a,7082,8,330,3,-46,S,5c:62:8b:66:67:d2,1,2,0,5"
1791506161.986,"B,51175,10,72:3b:01:24:b7:c8,0,0,6916,6,0,S,5c:62:8b:66:67:d2,0,0,0,0"
1791506161.986,"B,51175,10,b2:db:ca:e6:29:a6,56,2,0,0,-45,S,5c:62:8b:66:67:d2,2,0,0,0"
1791506161.986,"M,51252,slot,6,0"
1791506161.986,"B,51275,10,5c:62:8b:66:67:d2,8126,12,18670,21,-43,A,5c:62:8b:66:67:d2,0,6,1,5"
1791506161.986,"B,51275,10,cc:b8:5e:ad:5c:4a,18530,16,443,4,-45,S,5c:62:8b:66:67:d2,1,0,2,13"
1791506161.986,"B,51275,10,72:3b:01:24:b7:c8,84,3,7683,8,-37,S,5c:62:8b:66:67:d2,3,0,0,0"
1791506161.986,"B,51275,10,b2:db:ca:e6:29:a6,56,2,0,0,-46,S,5c:62:8b:66:67:d2,2,0,0,0"
1791506162.189,"B,51375,10,5c:62:8b:66:67:d2,31208,34,25148,26,-42,A,5c:62:8b:66:67:d2,0,11,0,23"
1791506162.189,"B,51375,10,cc:b8:5e:ad:5c:4a,25008,21,1100,10,-45,S,5c:62:8b:66:67:d2,1,1,0,19"
1791506162.189,"B,51375,10,72:3b:01:24:b7:c8,112,4,30108,24,-36,S,5c:62:8b:66:67:d2,4,0,0,0"
1791506162.189,"B,51375,10,b2:db:ca:e6:29:a6,28,1,0,0,-44,S,5c:62:8b:66:67:d2,1,0,0,0"
1791506162.189,"B,51475,10,5c:62:8b:66:67:d2,17228,20,16458,13,-43,A,5c:62:8b:66:67:d2,0,7,1,12"
1791506162.189,"B,51475,10,cc:b8:5e:ad:5c:4a,16458,13,770,7,-46,S,5c:62:8b:66:67:d2,0,0,1,12"
1791506162.189,"B,51475,10,72:3b:01:24:b7:c8,0,0,16458,13,0,S,5c:62:8b:66:67:d2,0,0,0,0"
1791506162.389,"B,51575,10,5c:62:8b:66:67:d2,6162,7,12024,15,-43,A,5c:62:8b:66:67:d2,0,2,1,4"
1791506162.389,"B,51575,10,cc:b8:5e:ad:5c:4a,11912,11,220,2,-45,S,5c:62:8b:66:67:d2,1,0,2,8"
1791506162.389,"B,51575,10,72:3b:01:24:b7:c8,112,4,5942,5,-36,S,5c:62:8b:66:67:d2,4,0,0,0"
1791506162.389,"B,51575,10,b0:a7:b9:23:82:ee,0,0,28,1,-89,A,b0:a7:b9:23:82:ee,0,0,0,0"
1791506162.389,"B,51575,10,e2:5e:2c:92:7b:df,28,1,0,0,-88,S,b0:a7:b9:23:82:ee,1,0,0,0"
1791506162.389,"B,51675,10,5c:62:8b:66:67:d2,18902,21,36018,32,-42,A,5c:62:8b:66:67:d2,0,7,1,13"
1791506162.389,"B,51675,10,cc:b8:5e:ad:5c:4a,35962,30,660,6,-44,S,5c:62:8b:66:67:d2,1,1,3,25"
1791506162.389,"B,51675,10,72:3b:01:24:b7:c8,56,2,18242,15,-37,S,5c:62:8b:66:67:d2,2,0,0,0"
1791506162.589,"B,51775,10,5c:62:8b:66:67:d2,21912,28,30958,25,-42,A,5c:62:8b:66:67:d2,0,12,0,16"
1791506162.589,"B,51775,10,cc:b8:5e:ad:5c:4a,30958,25,1210,11,-45,S,5c:62:8b:66:67:d2,0,1,0,24"
1791506162.589,"B,51775,10,72:3b:01:24:b7:c8,0,0,20702,17,0,S,5c:62:8b:66:67:d2,0,0,0,0"
1791506162.589,"B,51875,10,5c:62:8b:66:67:d2,11726,15,25626,28,-43,A,5c:62:8b:66:67:d2,0,7,0,8"
1791506162.589,"B,51875,10,cc:b8:5e:ad:5c:4a,25514,24,550,5,-45,S,5c:62:8b:66:67:d2,1,5,0,18"
1791506162.589,"B,51875,10,72:3b:01:24:b7:c8,112,4,11176,10,-35,S,5c:62:8b:66:67:d2,4,0,0,0"
1791506162.589,"B,51975,10,5c:62:8b:66:67:d2,13056,17,25184,25,-43,A,5c:62:8b:66:67:d2,0,8,0,9"
1791506162.589,"B,51975,10,cc:b8:5e:ad:5c:4a,25072,21,550,5,-45,S,5c:62:8b:66:67:d2,1,1,0,19"
1791506162.589,"B,51975,10,72:3b:01:24:b7:c8,112,4,12506,12,-36,S,5c:62:8b:66:67:d2,4,0,0,0"
1791506162.790,"B,52075,10,5c:62:8b:66:67:d2,11978,13,44398,43,-42,A,5c:62:8b:66:67:d2,0,4,0,9"
1791506162.790,"B,52075,10,cc:b8:5e:ad:5c:4a,44230,37,440,4,-45,S,5c:62:8b:66:67:d2,2,1,0,34"
1791506162.790,"B,52075,10,72:3b:01:24:b7:c8,168,6,11538,9,-35,S,5c:62:8b:66:67:d2,6,0,0,0"
1791506162.790,"B,52175,10,5c:62:8b:66:67:d2,16040,22,9420,11,-42,A,5c:62:8b:66:67:d2,0,11,1,10"
1791506162.790,"B,52175,10,cc:b8:5e:ad:5c:4a,9392,10,990,9,-46,S,5c:62:8b:66:67:d2,2,1,1,6"
1791506162.790,"B,52175,10,72:3b:01:24:b7:c8,28,1,15050,13,-34,S,5c:62:8b:66:67:d2,1,0,0,0"
1791506162.990,"B,52275,10,5c:62:8b:66:67:d2,0,0,32190,30,-45,A,5c:62:8b:66:67:d2,0,0,0,0"
1791506162.990,"B,52275,10,cc:b8:5e:ad:5c:4a,32050,25,0,0,-44,S,5c:62:8b:66:67:d2,0,0,0,25"
1791506162.990,"B,52275,10,72:3b:01:24:b7:c8,140,5,0,0,-35,S,5c:62:8b:66:67:d2,5,0,0,0"
1791506162.990,"B,52375,10,5c:62:8b:66:67:d2,46711,58,68510,63,-42,A,5c:62:8b:66:67:d2,0,24,1,33"
1791506163.190,"B,52375,10,cc:b8:5e:ad:5c:4a,68370,58,2166,19,-45,S,5c:62:8b:66:67:d2,1,3,4,50"
1791506163.190,"B,52375,10,72:3b:01:24:b7:c8,140,5,44545,39,-36,S,5c:62:8b:66:67:d2,5,0,0,0"
1791506163.190,"B,52475,10,5c:62:8b:66:67:d2,440,4,11478,10,-43,A,5c:62:8b:66:67:d2,0,4,0,0"
1791506163.190,"B,52475,10,cc:b8:5e:ad:5c:4a,11478,10,440,4,-46,S,5c:62:8b:66:67:d2,1,0,0,9"
1791506163.190,"B,52475,10,b0:a7:b9:23:82:ee,0,0,60,2,-89,A,b0:a7:b9:23:82:ee,0,0,0,0"
1791506163.190,"B,52475,10,f2:51:4e:f8:1a:7f,60,2,0,0,-91,S,b0:a7:b9:23:82:ee,2,0,0,0"
1791506163.190,"B,52575,10,5c:62:8b:66:67:d2,1282,1,7804,10,-44,A,5c:62:8b:66:67:d2,0,0,0,1"
1791506163.190,"B,52575,10,cc:b8:5e:ad:5c:4a,7720,7,0,0,-45,S,5c:62:8b:66:67:d2,1,0,0,6"
1791506163.190,"B,52575,10,72:3b:01:24:b7:c8,56,2,1282,1,-37,S,5c:62:8b:66:67:d2,2,0,0,0"
1791506163.190,"B,52575,10,b0:a7:b9:23:82:ee,0,0,30,1,0,A,b0:a7:b9:23:82:ee,0,0,0,0"
1791506163.190,"B,52575,10,b2:db:ca:e6:29:a6,28,1,0,0,-47,S,5c:62:8b:66:67:d2,1,0,0,0"
1791506163.392,"B,52575,10,f2:51:4e:f8:1a:7f,30,1,0,0,-91,S,b0:a7:b9:23:82:ee,1,0,0,0"
1791506163.392,"B,52675,10,5c:62:8b:66:67:d2,33164,40,57458,50,-42,A,5c:62:8b:66:67:d2,0,16,0,24"
1791506163.392,"B,52675,10,cc:b8:5e:ad:5c:4a,57402,48,1430,13,-45,S,5c:62:8b:66:67:d2,1,3,0,44"
1791506163.392,"B,52675,10,72:3b:01:24:b7:c8,0,0,31734,27,0,S,5c:62:8b:66:67:d2,0,0,0,0"
1791506163.392,"B,52675,10,b2:db:ca:e6:29:a6,56,2,0,0,-44,S,5c:62:8b:66:67:d2,2,0,0,0"
1791506163.392,"B,52775,10,5c:62:8b:66:67:d2,6478,7,29019,25,-42,A,5c:62:8b:66:67:d2,0,2,1,4"
1791506163.392,"B,52775,10,cc:b8:5e:ad:5c:4a,28991,24,220,2,-45,S,5c:62:8b:66:67:d2,0,1,4,19"
1791506163.392,"B,52775,10,72:3b:01:24:b7:c8,0,0,6258,5,0,S,5c:62:8b:66:67:d2,0,0,0,0"
1791506163.392,"B,52775,10,b2:db:ca:e6:29:a6,28,1,0,0,-44,S,5c:62:8b:66:67:d2,1,0,0,0"
1791506163.592,"B,52875,10,5c:62:8b:66:67:d2,0,0,11790,18,-46,A,5c:62:8b:66:67:d2,0,0,0,0"
1791506163.592,"B,52875,10,cc:b8:5e:ad:5c:4a,11566,10,0,0,-39,S,5c:62:8b:66:67:d2,1,0,0,9"
1791506163.592,"B,52875,10,72:3b:01:24:b7:c8,140,5,0,0,-36,S,5c:62:8b:66:67:d2,5,0,0,0"
1791506163.592,"B,52875,10,b2:db:ca:e6:29:a6,84,3,0,0,-45,S,5c:62:8b:66:67:d2,3,0,0,0"
1791506163.592,"B,52975,10,5c:62:8b:66:67:d2,1539,14,55010,48,-42,A,5c:62:8b:66:67:d2,0,14,0,0"
1791506163.592,"B,52975,10,cc:b8:5e:ad:5c:4a,54954,46,1539,14,-45,S,5c:62:8b:66:67:d2,1,1,4,40"
1791506163.592,"B,52975,10,b0:a7:b9:23:82:ee,0,0,30,1,-88,A,b0:a7:b9:23:82:ee,0,0,0,0"
1791506163.592,"B,52975,10,b2:db:ca:e6:29:a6,56,2,0,0,-45,S,5c:62:8b:66:67:d2,2,0,0,0"
1791506163.592,"B,52975,10,f2:51:4e:f8:1a:7f,30,1,0,0,-89,S,b0:a7:b9:23:82:ee,1,0,0,0"
1791506163.793,"B,53075,10,5c:62:8b:66:67:d2,660,6,19928,19,-42,A,5c:62:8b:66:67:d2,0,6,0,0"
1791506163.793,"B,53075,10,cc:b8:5e:ad:5c:4a,19872,17,660,6,-44,S,5c:62:8b:66:67:d2,1,0,4,12"
1791506163.793,"B,53075,10,b2:db:ca:e6:29:a6,56,2,0,0,-45,S,5c:62:8b:66:67:d2,2,0,0,0"
1791506163.793,"B,53175,10,5c:62:8b:66:67:d2,0,0,27850,30,-44,A,5c:62:8b:66:67:d2,0,0,0,0"
1791506163.793,"B,53175,10,cc:b8:5e:ad:5c:4a,27710,25,0,0,-44,S,5c:62:8b:66:67:d2,0,5,0,20"
1791506163.793,"B,53175,10,72:3b:01:24:b7:c8,84,3,0,0,-36,S,5c:62:8b:66:67:d2,3,0,0,0"
1791506163.793,"B,53175,10,b2:db:ca:e6:29:a6,56,2,0,0,-45,S,5c:62:8b:66:67:d2,2,0,0,0"
1791506163.993,"B,53275,10,5c:62:8b:66:67:d2,990,9,16202,15,-42,A,5c:62:8b:66:67:d2,0,9,0,0"
1791506163.993,"B,53275,10,cc:b8:5e:ad:5c:4a,16174,14,990,9,-46,S,5c:62:8b:66:67:d2,1,0,2,11"
1791506163.993,"B,53275,10,72:3b:01:24:b7:c8,28,1,0,0,-37,S,5c:62:8b:66:67:d2,1,0,0,0"
1791506163.993,"B,53375,10,5c:62:8b:66:67:d2,550,5,43668,38,-43,A,5c:62:8b:66:67:d2,0,5,0,0"
1791506163.993,"B,53375,10,cc:b8:5e:ad:5c:4a,43556,34,550,5,-44,S,5c:62:8b:66:67:d2,0,0,0,34"
1791506163.993,"B,53375,10,72:3b:01:24:b7:c8,56,2,0,0,-37,S,5c:62:8b:66:67:d2,2,0,0,0"
1791506163.993,"B,53375,10,b2:db:ca:e6:29:a6,56,2,0,0,-44,S,5c:62:8b:66:67:d2,2,0,0,0"
1791506164.193,"B,53475,10,5c:62:8b:66:67:d2,0,0,6718,16,-44,A,5c:62:8b:66:67:d2,0,0,0,0"
1791506164.193,"B,53475,10,cc:b8:5e:ad:5c:4a,6438,6,0,0,-46,S,5c:62:8b:66:67:d2,1,0,0,5"
1791506164.193,"B,53475,10,72:3b:01:24:b7:c8,252,9,0,0,-36,S,5c:62:8b:66:67:d2,9,0,0,0"
1791506164.193,"B,53475,10,b2:db:ca:e6:29:a6,28,1,0,0,-45,S,5c:62:8b:66:67:d2,1,0,0,0"
1791506164.193,"B,53575,10,5c:62:8b:66:67:d2,1870,17,63556,57,-43,A,5c:62:8b:66:67:d2,0,17,0,0"
1791506164.193,"B,53575,10,cc:b8:5e:ad:5c:4a,63466,56,1870,17,-44,S,5c:62:8b:66:67:d2,1,7,0,48"
1791506164.193,"B,53575,10,b0:a7:b9:23:82:ee,1066,2,0,0,-91,A,b0:a7:b9:23:82:ee,0,2,0,0"
1791506164.193,"B,53575,10,46:88:44:6e:4f:e4,90,1,0,0,-32,S,5c:62:8b:66:67:d2,1,0,0,0"
1791506164.393,"B,53675,10,5c:62:8b:66:67:d2,1320,12,95728,81,-43,A,5c:62:8b:66:67:d2,0,12,0,0"
1791506164.393,"B,53675,10,cc:b8:5e:ad:5c:4a,95728,81,1320,12,-45,S,5c:62:8b:66:67:d2,1,5,5,70"
1791506164.393,"B,53675,10,b0:a7:b9:23:82:ee,1056,2,0,0,-91,A,b0:a7:b9:23:82:ee,0,2,0,0"
1791506164.393,"B,53775,10,5c:62:8b:66:67:d2,1324,12,94980,78,-43,A,5c:62:8b:66:67:d2,0,12,0,0"
1791506164.393,"B,53775,10,cc:b8:5e:ad:5c:4a,94896,75,1324,12,-45,S,5c:62:8b:66:67:d2,1,0,0,74"
1791506164.393,"B,53775,10,72:3b:01:24:b7:c8,84,3,0,0,-37,S,5c:62:8b:66:67:d2,3,0,0,0"
1791506164.393,"B,53775,10,b0:a7:b9:23:82:ee,1642,3,0,0,-91,A,b0:a7:b9:23:82:ee,0,3,0,0"
1791506164.594,"B,53875,10,5c:62:8b:66:67:d2,1760,16,18626,18,-43,A,5c:62:8b:66:67:d2,0,16,0,0"
1791506164.594,"B,53875,10,cc:b8:5e:ad:5c:4a,18626,18,1760,16,-45,S,5c:62:8b:66:67:d2,1,3,2,12"
1791506164.594,"B,53975,10,5c:62:8b:66:67:d2,0,0,5212,7,-45,A,5c:62:8b:66:67:d2,0,0,0,0"
1791506164.594,"B,53975,10,cc:b8:5e:ad:5c:4a,5128,4,0,0,-45,S,5c:62:8b:66:67:d2,0,0,0,4"
1791506164.594,"B,53975,10,72:3b:01:24:b7:c8,84,3,0,0,-36,S,5c:62:8b:66:67:d2,3,0,0,0"
1791506164.795,"B,54075,10,5c:62:8b:66:67:d2,1650,15,24504,23,-43,A,5c:62:8b:66:67:d2,0,15,0,0"
1791506164.795,"B,54075,10,cc:b8:5e:ad:5c:4a,24448,21,1650,15,-45,S,5c:62:8b:66:67:d2,1,0,6,14"
1791506164.795,"B,54075,10,72:3b:01:24:b7:c8,56,2,0,0,-35,S,5c:62:8b:66:67:d2,2,0,0,0"
1791506164.795,"B,54175,10,5c:62:8b:66:67:d2,220,2,6876,12,-44,A,5c:62:8b:66:67:d2,0,2,0,0"
1791506164.795,"B,54175,10,cc:b8:5e:ad:5c:4a,6708,6,220,2,-46,S,5c:62:8b:66:67:d2,0,0,2,4"
1791506164.795,"B,54175,10,72:3b:01:24:b7:c8,112,4,0,0,-34,S,5c:62:8b:66:67:d2,4,0,0,0"
1791506164.795,"B,54175,10,b0:a7:b9:23:82:ee,0,0,30,1,-89,A,b0:a7:b9:23:82:ee,0,0,0,0"
1791506164.795,"B,54175,10,b2:db:ca:e6:29:a6,56,2,0,0,-38,S,5c:62:8b:66:67:d2,2,0,0,0"
1791506164.795,"B,54175,10,f2:51:4e:f8:1a:7f,30,1,0,0,-89,S,b0:a7:b9:23:82:ee,1,0,0,0"
1791506164.997,"B,54275,10,5c:62:8b:66:67:d2,660,6,28292,26,-43,A,5c:62:8b:66:67:d2,0,6,0,0"
1791506164.997,"B,54275,10,cc:b8:5e:ad:5c:4a,28208,23,660,6,-45,S,5c:62:8b:66:67:d2,1,0,0,22"
1791506164.997,"B,54275,10,72:3b:01:24:b7:c8,56,2,0,0,-35,S,5c:62:8b:66:67:d2,2,0,0,0"
1791506164.997,"B,54275,10,b0:a7:b9:23:82:ee,0,0,30,1,-86,A,b0:a7:b9:23:82:ee,0,0,0,0"
1791506164.997,"B,54275,10,b2:db:ca:e6:29:a6,28,1,0,0,-40,S,5c:62:8b:66:67:d2,1,0,0,0"
1791506164.997,"B,54275,10,f2:51:4e:f8:1a:7f,30,1,0,0,-91,S,b0:a7:b9:23:82:ee,1,0,0,0"
1791506164.997,"B,54375,10,5c:62:8b:66:67:d2,1100,10,29166,34,-43,A,5c:62:8b:66:67:d2,0,10,0,0"
1791506164.997,"B,54375,10,cc:b8:5e:ad:5c:4a,28886,24,1100,10,-46,S,5c:62:8b:66:67:d2,1,1,0,22"
1791506164.997,"B,54375,10,72:3b:01:24:b7:c8,224,8,0,0,-33,S,5c:62:8b:66:67:d2,8,0,0,0"
1791506164.997,"B,54375,10,b0:a7:b9:23:82:ee,0,0,30,1,-89,A,b0:a7:b9:23:82:ee,0,0,0,0"
1791506164.997,"B,54375,10,b2:db:ca:e6:29:a6,56,2,0,0,-40,S,5c:62:8b:66:67:d2,2,0,0,0"
1791506164.997,"B,54375,10,f2:51:4e:f8:1a:7f,30,1,0,0,-88,S,b0:a7:b9:23:82:ee,1,0,0,0"
1791506165.199,"B,54475,10,5c:62:8b:66:67:d2,1430,13,75722,62,-43,A,5c:62:8b:66:67:d2,0,13,0,0"
1791506165.199,"B,54475,10,cc:b8:5e:ad:5c:4a,75666,60,1430,13,-44,S,5c:62:8b:66:67:d2,1,0,0,59"
1791506165.199,"B,54475,10,b2:db:ca:e6:29:a6,56,2,0,0,-41,S,5c:62:8b:66:67:d2,2,0,0,0"
1791506165.199,"B,54575,10,5c:62:8b:66:67:d2,1430,13,31466,32,-42,A,5c:62:8b:66:67:d2,0,13,0,0"
1791506165.199,"B,54575,10,cc:b8:5e:ad:5c:4a,31270,25,1430,13,-45,S,5c:62:8b:66:67:d2,0,0,4,21"
1791506165.199,"B,54575,10,72:3b:01:24:b7:c8,140,5,0,0,-35,S,5c:62:8b:66:67:d2,5,0,0,0"
1791506165.199,"B,54575,10,b0:a7:b9:23:82:ee,0,0,30,1,-89,A,b0:a7:b9:23:82:ee,0,0,0,0"
1791506165.199,"B,54575,10,b2:db:ca:e6:29:a6,56,2,0,0,-39,S,5c:62:8b:66:67:d2,2,0,0,0"
1791506165.199,"B,54575,10,f2:51:4e:f8:1a:7f,30,1,0,0,-89,S,b0:a7:b9:23:82:ee,1,0,0,0"
1791506165.400,"B,54675,10,5c:62:8b:66:67:d2,880,8,18222,19,-43,A,5c:62:8b:66:67:d2,0,8,0,0"
1791506165.400,"B,54675,10,cc:b8:5e:ad:5c:4a,18138,16,880,8,-46,S,5c:62:8b:66:67:d2,1,1,0,14"
1791506165.400,"B,54675,10,72:3b:01:24:b7:c8,56,2,0,0,-33,S,5c:62:8b:66:67:d2,2,0,0,0"
1791506165.400,"B,54675,10,b0:a7:b9:23:82:ee,0,0,30,1,-91,A,b0:a7:b9:23:82:ee,0,0,0,0"
1791506165.400,"B,54675,10,b2:db:ca:e6:29:a6,28,1,0,0,-39,S,5c:62:8b:66:67:d2,1,0,0,0"
1791506165.400,"B,54675,10,f2:51:4e:f8:1a:7f,30,1,0,0,-88,S,b0:a7:b9:23:82:ee,1,0,0,0"
1791506165.400,"B,54775,10,5c:62:8b:66:67:d2,1100,10,25520,21,-43,A,5c:62:8b:66:67:d2,0,10,0,0"
1791506165.400,"B,54775,10,cc:b8:5e:ad:5c:4a,25520,21,1100,10,-45,S,5c:62:8b:66:67:d2,1,0,1,19"
1791506165.400,"B,54775,10,b0:a7:b9:23:82:ee,0,0,150,5,0,A,b0:a7:b9:23:82:ee,0,0,0,0"
1791506165.400,"B,54775,10,f2:51:4e:f8:1a:7f,150,5,0,0,-89,S,b0:a7:b9:23:82:ee,5,0,0,0"
1791506165.601,"B,54875,10,5c:62:8b:66:67:d2,1100,10,119804,95,-43,A,5c:62:8b:66:67:d2,0,10,0,0"
1791506165.601,"B,54875,10,cc:b8:5e:ad:5c:4a,119804,95,1100,10,-44,S,5c:62:8b:66:67:d2,1,0,3,91"
1791506165.601,"B,54875,10,b0:a7:b9:23:82:ee,0,0,30,1,0,A,b0:a7:b9:23:82:ee,0,0,0,0"
1791506165.601,"B,54875,10,f2:51:4e:f8:1a:7f,30,1,0,0,-88,S,b0:a7:b9:23:82:ee,1,0,0,0"
1791506165.601,"B,54975,10,5c:62:8b:66:67:d2,990,9,16376,18,-43,A,5c:62:8b:66:67:d2,0,9,0,0"
1791506165.601,"B,54975,10,cc:b8:5e:ad:5c:4a,16264,14,990,9,-45,S,5c:62:8b:66:67:d2,0,1,3,10"
1791506165.601,"B,54975,10,72:3b:01:24:b7:c8,28,1,0,0,-35,S,5c:62:8b:66:67:d2,1,0,0,0"
1791506165.601,"B,54975,10,b0:a7:b9:23:82:ee,0,0,60,2,0,A,b0:a7:b9:23:82:ee,0,0,0,0"
1791506165.601,"B,54975,10,b2:db:ca:e6:29:a6,84,3,0,0,-39,S,5c:62:8b:66:67:d2,3,0,0,0"
1791506165.601,"B,54975,10,f2:51:4e:f8:1a:7f,60,2,0,0,-87,S,b0:a7:b9:23:82:ee,2,0,0,0"
1791506165.803,"B,55075,10,5c:62:8b:66:67:d2,660,6,16916,15,-43,A,5c:62:8b:66:67:d2,0,6,0,0"
1791506165.803,"B,55075,10,cc:b8:5e:ad:5c:4a,16916,15,660,6,-46,S,5c:62:8b:66:67:d2,1,1,1,12"
1791506165.803,"B,55075,10,b0:a7:b9:23:82:ee,0,0,30,1,-89,A,b0:a7:b9:23:82:ee,0,0,0,0"
1791506165.803,"B,55075,10,f2:51:4e:f8:1a:7f,30,1,0,0,-88,S,b0:a7:b9:23:82:ee,1,0,0,0"
1791506165.803,"I,55097,stat,rx=22088,drops=0,ch=10,bin=100,hop=0,heap=202024"
1791506165.803,"B,55175,10,5c:62:8b:66:67:d2,846,7,14276,19,-43,A,5c:62:8b:66:67:d2,0,7,0,0"
1791506165.803,"B,55175,10,cc:b8:5e:ad:5c:4a,14108,13,846,7,-45,S,5c:62:8b:66:67:d2,1,1,1,10"
1791506165.803,"B,55175,10,72:3b:01:24:b7:c8,112,4,0,0,-36,S,5c:62:8b:66:67:d2,4,0,0,0"
1791506165.803,"B,55175,10,b0:a7:b9:23:82:ee,0,0,30,1,-90,A,b0:a7:b9:23:82:ee,0,0,0,0"
1791506165.803,"B,55175,10,b2:db:ca:e6:29:a6,56,2,0,0,-37,S,5c:62:8b:66:67:d2,2,0,0,0"
1791506165.803,"B,55175,10,f2:51:4e:f8:1a:7f,30,1,0,0,-86,S,b0:a7:b9:23:82:ee,1,0,0,0"
1791506166.005,"B,55275,10,5c:62:8b:66:67:d2,880,8,28290,31,-43,A,5c:62:8b:66:67:d2,0,8,0,0"
1791506166.005,"B,55275,10,cc:b8:5e:ad:5c:4a,28094,24,880,8,-44,S,5c:62:8b:66:67:d2,1,1,2,20"
1791506166.005,"B,55275,10,72:3b:01:24:b7:c8,140,5,0,0,-35,S,5c:62:8b:66:67:d2,5,0,0,0"
1791506166.005,"B,55275,10,b0:a7:b9:23:82:ee,0,0,150,5,-90,A,b0:a7:b9:23:82:ee,0,0,0,0"
1791506166.005,"B,55275,10,b2:db:ca:e6:29:a6,56,2,0,0,-36,S,5c:62:8b:66:67:d2,2,0,0,0"
1791506166.005,"B,55275,10,f2:51:4e:f8:1a:7f,150,5,0,0,-84,S,b0:a7:b9:23:82:ee,5,0,0,0"
1791506166.005,"B,55375,10,5c:62:8b:66:67:d2,550,5,13690,13,-43,A,5c:62:8b:66:67:d2,0,5,0,0"
1791506166.005,"B,55375,10,cc:b8:5e:ad:5c:4a,13634,11,550,5,-45,S,5c:62:8b:66:67:d2,0,0,2,9"
1791506166.005,"B,55375,10,b0:a7:b9:23:82:ee,0,0,30,1,0,A,b0:a7:b9:23:82:ee,0,0,0,0"
1791506166.005,"B,55375,10,b2:db:ca:e6:29:a6,56,2,0,0,-37,S,5c:62:8b:66:67:d2,2,0,0,0"
1791506166.005,"B,55375,10,f2:51:4e:f8:1a:7f,30,1,0,0,-85,S,b0:a7:b9:23:82:ee,1,0,0,0"
1791506166.207,"B,55475,10,5c:62:8b:66:67:d2,660,6,16448,21,-43,A,5c:62:8b:66:67:d2,0,6,0,0"
1791506166.207,"B,55475,10,cc:b8:5e:ad:5c:4a,16280,15,660,6,-46,S,5c:62:8b:66:67:d2,1,2,0,12"
1791506166.207,"B,55475,10,72:3b:01:24:b7:c8,112,4,0,0,-36,S,5c:62:8b:66:67:d2,4,0,0,0"
1791506166.207,"B,55475,10,b2:db:ca:e6:29:a6,56,2,0,0,-41,S,5c:62:8b:66:67:d2,2,0,0,0"
1791506166.207,"B,55475,10,80:af:ca:68:4c:f8,104,1,0,0,-87,A,80:af:ca:68:4c:f8,0,1,0,0"
1791506166.207,"B,55575,10,5c:62:8b:66:67:d2,990,9,22568,24,-43,A,5c:62:8b:66:67:d2,0,9,0,0"
1791506166.207,"B,55575,10,cc:b8:5e:ad:5c:4a,22400,18,990,9,-44,S,5c:62:8b:66:67:d2,0,1,0,17"
1791506166.207,"B,55575,10,72:3b:01:24:b7:c8,112,4,0,0,-34,S,5c:62:8b:66:67:d2,4,0,0,0"
1791506166.207,"B,55575,10,b2:db:ca:e6:29:a6,56,2,0,0,-44,S,5c:62:8b:66:67:d2,2,0,0,0"
1791506166.412,"B,55675,10,78:8c:b5:f5:e7:26,88,1,0,0,-79,A,78:8c:b5:f5:e7:26,1,0,0,0"
1791506166.412,"B,55675,10,5c:62:8b:66:67:d2,220,2,11184,14,-43,A,5c:62:8b:66:67:d2,0,2,0,0"
1791506166.412,"B,55675,10,cc:b8:5e:ad:5c:4a,11100,11,220,2,-45,S,5c:62:8b:66:67:d2,1,2,0,8"
1791506166.412,"B,55675,10,72:3b:01:24:b7:c8,56,2,0,0,-35,S,5c:62:8b:66:67:d2,2,0,0,0"
1791506166.412,"B,55675,10,b2:db:ca:e6:29:a6,28,1,0,0,-39,S,5c:62:8b:66:67:d2,1,0,0,0"
1791506166.412,"B,55775,10,5c:62:8b:66:67:d2,110,1,6302,5,-44,A,5c:62:8b:66:67:d2,0,1,0,0"
1791506166.412,"B,55775,10,cc:b8:5e:ad:5c:4a,6302,5,110,1,-46,S,5c:62:8b:66:67:d2,0,0,0,5"
1791506166.617,"B,55875,10,5c:62:8b:66:67:d2,220,2,4490,12,-43,A,5c:62:8b:66:67:d2,0,2,0,0"
1791506166.617,"B,55875,10,cc:b8:5e:ad:5c:4a,4322,6,220,2,-45,S,5c:62:8b:66:67:d2,1,3,0,2"
1791506166.617,"B,55875,10,72:3b:01:24:b7:c8,168,6,0,0,-35,S,5c:62:8b:66:67:d2,6,0,0,0"
1791506166.617,"B,55975,10,5c:62:8b:66:67:d2,220,2,2734,4,-43,A,5c:62:8b:66:67:d2,0,2,0,0"
1791506166.617,"B,55975,10,cc:b8:5e:ad:5c:4a,2734,4,220,2,-45,S,5c:62:8b:66:67:d2,1,1,0,2"
1791506166.817,"B,56075,10,5c:62:8b:66:67:d2,330,3,10008,9,-42,A,5c:62:8b:66:67:d2,0,3,0,0"
1791506166.817,"B,56075,10,cc:b8:5e:ad:5c:4a,10008,9,330,3,-46,S,5c:62:8b:66:67:d2,1,0,2,6"
1791506166.817,"B,56175,10,5c:62:8b:66:67:d2,110,1,7916,16,-43,A,5c:62:8b:66:67:d2,0,1,0,0"
1791506166.817,"B,56175,10,cc:b8:5e:ad:5c:4a,7636,6,110,1,-47,S,5c:62:8b:66:67:d2,0,0,0,6"
1791506166.817,"B,56175,10,72:3b:01:24:b7:c8,196,7,0,0,-34,S,5c:62:8b:66:67:d2,7,0,0,0"
1791506166.817,"B,56175,10,b2:db:ca:e6:29:a6,84,3,0,0,-42,S,5c:62:8b:66:67:d2,3,0,0,0"
1791506167.020,"B,56275,10,5c:62:8b:66:67:d2,550,5,36876,43,-43,A,5c:62:8b:66:67:d2,0,5,0,0"
1791506167.020,"B,56275,10,cc:b8:5e:ad:5c:4a,36680,36,550,5,-45,S,5c:62:8b:66:67:d2,4,5,1,26"
1791506167.020,"B,56275,10,72:3b:01:24:b7:c8,140,5,0,0,-36,S,5c:62:8b:66:67:d2,5,0,0,0"
1791506167.020,"B,56275,10,b2:db:ca:e6:29:a6,56,2,0,0,-41,S,5c:62:8b:66:67:d2,2,0,0,0"
1791506167.020,"M,56332,slot,7,1"
1791506167.020,"B,56375,10,5c:62:8b:66:67:d2,110,1,1772,5,-43,A,5c:62:8b:66:67:d2,0,1,0,0"
1791506167.020,"B,56375,10,cc:b8:5e:ad:5c:4a,1716,3,110,1,-46,S,5c:62:8b:66:67:d2,1,1,0,1"
1791506167.020,"B,56375,10,b2:db:ca:e6:29:a6,56,2,0,0,-43,S,5c:62:8b:66:67:d2,2,0,0,0"
1791506167.225,"B,56475,10,5c:62:8b:66:67:d2,0,0,19934,26,-44,A,5c:62:8b:66:67:d2,0,0,0,0"
1791506167.225,"B,56475,10,cc:b8:5e:ad:5c:4a,19766,20,0,0,-45,S,5c:62:8b:66:67:d2,1,5,0,14"
1791506167.225,"B,56475,10,72:3b:01:24:b7:c8,112,4,0,0,-38,S,5c:62:8b:66:67:d2,4,0,0,0"
1791506167.225,"B,56475,10,b2:db:ca:e6:29:a6,56,2,0,0,-39,S,5c:62:8b:66:67:d2,2,0,0,0"
1791506167.225,"B,56575,10,5c:62:8b:66:67:d2,220,2,11944,14,-43,A,5c:62:8b:66:67:d2,0,2,0,0"
1791506167.225,"B,56575,10,cc:b8:5e:ad:5c:4a,11832,10,220,2,-47,S,5c:62:8b:66:67:d2,0,1,0,9"
1791506167.225,"B,56575,10,72:3b:01:24:b7:c8,56,2,0,0,-38,S,5c:62:8b:66:67:d2,2,0,0,0"
1791506167.225,"B,56575,10,b2:db:ca:e6:29:a6,56,2,0,0,-42,S,5c:62:8b:66:67:d2,2,0,0,0"
1791506167.426,"B,56675,10,5c:62:8b:66:67:d2,2420,22,109556,93,-42,A,5c:62:8b:66:67:d2,0,22,0,0"
1791506167.426,"B,56675,10,cc:b8:5e:ad:5c:4a,109500,91,2420,22,-46,S,5c:62:8b:66:67:d2,1,3,5,82"
1791506167.426,"B,56675,10,b2:db:ca:e6:29:a6,56,2,0,0,-43,S,5c:62:8b:66:67:d2,2,0,0,0"
1791506167.426,"B,56775,10,5c:62:8b:66:67:d2,3412,30,101418,84,-42,A,5c:62:8b:66:67:d2,0,30,0,0"
1791506167.426,"B,56775,10,cc:b8:5e:ad:5c:4a,101418,84,3412,30,-44,S,5c:62:8b:66:67:d2,5,0,0,79"
1791506167.631,"B,56875,10,5c:62:8b:66:67:d2,6618,59,50360,50,-42,A,5c:62:8b:66:67:d2,0,59,0,0"
1791506167.631,"B,56875,10,cc:b8:5e:ad:5c:4a,50332,49,6618,59,-45,S,5c:62:8b:66:67:d2,3,6,9,31"
1791506167.631,"B,56875,10,b2:db:ca:e6:29:a6,28,1,0,0,-43,S,5c:62:8b:66:67:d2,1,0,0,0"
1791506167.631,"B,56975,10,5c:62:8b:66:67:d2,110,1,15060,13,-43,A,5c:62:8b:66:67:d2,0,1,0,0"
1791506167.631,"B,56975,10,cc:b8:5e:ad:5c:4a,15060,13,110,1,-44,S,5c:62:8b:66:67:d2,1,0,4,8"
1791506167.832,"B,57075,10,5c:62:8b:66:67:d2,0,0,11706,15,-44,A,5c:62:8b:66:67:d2,0,0,0,0"
1791506167.832,"B,57075,10,cc:b8:5e:ad:5c:4a,11538,9,0,0,-43,S,5c:62:8b:66:67:d2,0,0,0,9"
1791506167.832,"B,57075,10,72:3b:01:24:b7:c8,168,6,0,0,-37,S,5c:62:8b:66:67:d2,6,0,0,0"
1791506167.832,"B,57075,10,b0:a7:b9:23:82:ee,0,0,210,7,-88,A,b0:a7:b9:23:82:ee,0,0,0,0"
1791506167.832,"B,57075,10,f2:51:4e:f8:1a:7f,210,7,0,0,-88,S,b0:a7:b9:23:82:ee,7,0,0,0"
1791506167.832,"B,57175,10,5c:62:8b:66:67:d2,880,8,45750,42,-42,A,5c:62:8b:66:67:d2,0,8,0,0"
1791506167.832,"B,57175,10,cc:b8:5e:ad:5c:4a,45694,40,880,8,-44,S,5c:62:8b:66:67:d2,1,3,4,32"
1791506167.832,"B,57175,10,72:3b:01:24:b7:c8,56,2,0,0,-35,S,5c:62:8b:66:67:d2,2,0,0,0"
1791506167.832,"B,57175,10,b0:a7:b9:23:82:ee,0,0,30,1,-89,A,b0:a7:b9:23:82:ee,0,0,0,0"
1791506167.832,"B,57175,10,f2:51:4e:f8:1a:7f,30,1,0,0,-88,S,b0:a7:b9:23:82:ee,1,0,0,0"
1791506168.035,"B,57275,10,5c:62:8b:66:67:d2,2200,20,33342,31,-42,A,5c:62:8b:66:67:d2,0,20,0,0"
1791506168.035,"B,57275,10,cc:b8:5e:ad:5c:4a,33342,31,2200,20,-46,S,5c:62:8b:66:67:d2,2,3,2,24"
1791506168.035,"B,57275,10,b0:a7:b9:23:82:ee,0,0,30,1,-87,A,b0:a7:b9:23:82:ee,0,0,0,0"
1791506168.035,"B,57275,10,f2:51:4e:f8:1a:7f,30,1,0,0,-88,S,b0:a7:b9:23:82:ee,1,0,0,0"
1791506168.035,"B,57375,10,5c:62:8b:66:67:d2,0,0,29466,37,-45,A,5c:62:8b:66:67:d2,0,0,0,0"
1791506168.035,"B,57375,10,cc:b8:5e:ad:5c:4a,29158,26,0,0,-45,S,5c:62:8b:66:67:d2,1,5,0,20"
1791506168.035,"B,57375,10,72:3b:01:24:b7:c8,280,10,0,0,-36,S,5c:62:8b:66:67:d2,10,0,0,0"
1791506168.035,"B,57375,10,b0:a7:b9:23:82:ee,0,0,60,2,0,A,b0:a7:b9:23:82:ee,0,0,0,0"
1791506168.035,"B,57375,10,b2:db:ca:e6:29:a6,28,1,0,0,-42,S,5c:62:8b:66:67:d2,1,0,0,0"
1791506168.035,"B,57375,10,f2:51:4e:f8:1a:7f,60,2,0,0,-87,S,b0:a7:b9:23:82:ee,2,0,0,0"
1791506168.240,"B,57475,10,5c:62:8b:66:67:d2,1540,14,45580,37,-42,A,5c:62:8b:66:67:d2,0,14,0,0"
1791506168.240,"B,57475,10,cc:b8:5e:ad:5c:4a,45580,37,1540,14,-44,S,5c:62:8b:66:67:d2,1,0,1,35"
1791506168.240,"B,57575,10,5c:62:8b:66:67:d2,1760,16,42664,39,-42,A,5c:62:8b:66:67:d2,0,16,0,0"
1791506168.240,"B,57575,10,cc:b8:5e:ad:5c:4a,42552,35,1760,16,-45,S,5c:62:8b:66:67:d2,1,1,0,33"
1791506168.240,"B,57575,10,b2:db:ca:e6:29:a6,112,4,0,0,-43,S,5c:62:8b:66:67:d2,4,0,0,0"
1791506168.445,"B,57675,10,5c:62:8b:66:67:d2,0,0,15428,18,-44,A,5c:62:8b:66:67:d2,0,0,0,0"
1791506168.445,"B,57675,10,cc:b8:5e:ad:5c:4a,15260,12,0,0,-46,S,5c:62:8b:66:67:d2,0,0,1,11"
1791506168.445,"B,57675,10,72:3b:01:24:b7:c8,140,5,0,0,-35,S,5c:62:8b:66:67:d2,5,0,0,0"
1791506168.445,"B,57675,10,b2:db:ca:e6:29:a6,28,1,0,0,-44,S,5c:62:8b:66:67:d2,1,0,0,0"
1791506168.445,"B,57775,10,5c:62:8b:66:67:d2,1760,16,41738,42,-42,A,5c:62:8b:66:67:d2,0,16,0,0"
1791506168.445,"B,57775,10,cc:b8:5e:ad:5c:4a,41682,40,1760,16,-46,S,5c:62:8b:66:67:d2,5,3,0,32"
1791506168.445,"B,57775,10,b2:db:ca:e6:29:a6,56,2,0,0,-43,S,5c:62:8b:66:67:d2,2,0,0,0"
1791506168.650,"B,57875,10,5c:62:8b:66:67:d2,1210,11,22332,25,-42,A,5c:62:8b:66:67:d2,0,11,0,0"
1791506168.650,"B,57875,10,cc:b8:5e:ad:5c:4a,22164,19,1210,11,-44,S,5c:62:8b:66:67:d2,1,0,1,17"
1791506168.650,"B,57875,10,72:3b:01:24:b7:c8,112,4,0,0,-37,S,5c:62:8b:66:67:d2,4,0,0,0"
1791506168.650,"B,57875,10,b2:db:ca:e6:29:a6,56,2,0,0,-43,S,5c:62:8b:66:67:d2,2,0,0,0"
1791506168.650,"B,57975,10,78:8c:b5:f5:e7:26,80,1,0,0,-79,A,78:8c:b5:f5:e7:26,1,0,0,0"
1791506168.650,"B,57975,10,5c:62:8b:66:67:d2,0,0,19482,24,-43,A,5c:62:8b:66:67:d2,0,0,0,0"
1791506168.650,"B,57975,10,cc:b8:5e:ad:5c:4a,19230,15,0,0,-43,S,5c:62:8b:66:67:d2,0,0,0,15"
1791506168.650,"B,57975,10,72:3b:01:24:b7:c8,196,7,0,0,-36,S,5c:62:8b:66:67:d2,7,0,0,0"
1791506168.650,"B,57975,10,b2:db:ca:e6:29:a6,56,2,0,0,-43,S,5c:62:8b:66:67:d2,2,0,0,0"
1791506168.854,"B,58075,10,5c:62:8b:66:67:d2,3596,32,36032,37,-42,A,5c:62:8b:66:67:d2,0,32,0,0"
1791506168.854,"B,58075,10,cc:b8:5e:ad:5c:4a,36004,36,3596,32,-46,S,5c:62:8b:66:67:d2,4,5,1,26"
1791506168.854,"B,58075,10,b2:db:ca:e6:29:a6,28,1,0,0,-42,S,5c:62:8b:66:67:d2,1,0,0,0"
1791506168.854,"B,58175,10,5c:62:8b:66:67:d2,1100,10,17564,22,-42,A,5c:62:8b:66:67:d2,0,10,0,0"
1791506168.854,"B,58175,10,cc:b8:5e:ad:5c:4a,17340,14,1100,10,-46,S,5c:62:8b:66:67:d2,0,0,2,12"
1791506168.854,"B,58175,10,72:3b:01:24:b7:c8,196,7,0,0,-35,S,5c:62:8b:66:67:d2,7,0,0,0"
1791506168.854,"B,58175,10,b2:db:ca:e6:29:a6,28,1,0,0,-45,S,5c:62:8b:66:67:d2,1,0,0,0"
1791506169.057,"B,58275,10,5c:62:8b:66:67:d2,330,3,7858,20,-42,A,5c:62:8b:66:67:d2,0,3,0,0"
1791506169.057,"B,58275,10,cc:b8:5e:ad:5c:4a,7634,12,330,3,-43,S,5c:62:8b:66:67:d2,5,2,0,5"
1791506169.057,"B,58275,10,72:3b:01:24:b7:c8,224,8,0,0,-35,S,5c:62:8b:66:67:d2,8,0,0,0"
1791506169.057,"B,58375,10,5c:62:8b:66:67:d2,440,4,22624,19,-42,A,5c:62:8b:66:67:d2,0,4,0,0"
1791506169.057,"B,58375,10,cc:b8:5e:ad:5c:4a,22624,19,440,4,-45,S,5c:62:8b:66:67:d2,1,0,2,16"
1791506169.261,"B,58475,10,5c:62:8b:66:67:d2,660,6,15854,22,-42,A,5c:62:8b:66:67:d2,0,6,0,0"
1791506169.261,"B,58475,10,cc:b8:5e:ad:5c:4a,15630,14,660,6,-46,S,5c:62:8b:66:67:d2,1,1,0,12"
1791506169.261,"B,58475,10,72:3b:01:24:b7:c8,224,8,0,0,-38,S,5c:62:8b:66:67:d2,8,0,0,0"
1791506169.261,"B,58575,10,5c:62:8b:66:67:d2,770,7,7048,11,-42,A,5c:62:8b:66:67:d2,0,7,0,0"
1791506169.261,"B,58575,10,cc:b8:5e:ad:5c:4a,6964,8,770,7,-46,S,5c:62:8b:66:67:d2,2,1,0,5"
1791506169.261,"B,58575,10,72:3b:01:24:b7:c8,56,2,0,0,-38,S,5c:62:8b:66:67:d2,2,0,0,0"
1791506169.261,"B,58575,10,b2:db:ca:e6:29:a6,28,1,0,0,-42,S,5c:62:8b:66:67:d2,1,0,0,0"
1791506169.466,"B,58675,10,5c:62:8b:66:67:d2,770,7,19320,17,-42,A,5c:62:8b:66:67:d2,0,7,0,0"
1791506169.466,"B,58675,10,cc:b8:5e:ad:5c:4a,19320,17,770,7,-46,S,5c:62:8b:66:67:d2,1,1,3,12"
1791506169.466,"B,58775,10,5c:62:8b:66:67:d2,550,5,12444,12,-42,A,5c:62:8b:66:67:d2,0,5,0,0"
1791506169.466,"B,58775,10,cc:b8:5e:ad:5c:4a,12388,10,550,5,-46,S,5c:62:8b:66:67:d2,0,0,1,9"
1791506169.466,"B,58775,10,b2:db:ca:e6:29:a6,56,2,0,0,-41,S,5c:62:8b:66:67:d2,2,0,0,0"
1791506169.671,"B,58875,10,5c:62:8b:66:67:d2,1100,10,12014,19,-42,A,5c:62:8b:66:67:d2,0,10,0,0"
1791506169.671,"B,58875,10,cc:b8:5e:ad:5c:4a,11846,13,1100,10,-47,S,5c:62:8b:66:67:d2,2,1,3,7"
1791506169.671,"B,58875,10,72:3b:01:24:b7:c8,112,4,0,0,-34,S,5c:62:8b:66:67:d2,4,0,0,0"
1791506169.671,"B,58875,10,b2:db:ca:e6:29:a6,56,2,0,0,-41,S,5c:62:8b:66:67:d2,2,0,0,0"
1791506169.671,"B,58975,10,5c:62:8b:66:67:d2,440,4,9244,10,-42,A,5c:62:8b:66:67:d2,0,4,0,0"
1791506169.671,"B,58975,10,cc:b8:5e:ad:5c:4a,9216,9,440,4,-46,S,5c:62:8b:66:67:d2,1,1,0,7"
1791506169.671,"B,58975,10,b0:a7:b9:23:82:ee,0,0,30,1,-87,A,b0:a7:b9:23:82:ee,0,0,0,0"
1791506169.671,"B,58975,10,b2:db:ca:e6:29:a6,28,1,0,0,-43,S,5c:62:8b:66:67:d2,1,0,0,0"
1791506169.671,"B,58975,10,f2:51:4e:f8:1a:7f,30,1,0,0,-88,S,b0:a7:b9:23:82:ee,1,0,0,0"
1791506169.671,"B,58975,10,64:d1:54:63:44:f4,113,1,0,0,-89,A,64:d1:54:63:44:f4,0,1,0,0"
1791506169.876,"B,59075,10,5c:62:8b:66:67:d2,660,6,20012,18,-42,A,5c:62:8b:66:67:d2,0,6,0,0"
1791506169.876,"B,59075,10,cc:b8:5e:ad:5c:4a,19984,17,660,6,-45,S,5c:62:8b:66:67:d2,1,0,2,14"
1791506169.876,"B,59075,10,b0:a7:b9:23:82:ee,0,0,90,3,0,A,b0:a7:b9:23:82:ee,0,0,0,0"
1791506169.876,"B,59075,10,b2:db:ca:e6:29:a6,28,1,0,0,-44,S,5c:62:8b:66:67:d2,1,0,0,0"
1791506169.876,"B,59075,10,f2:51:4e:f8:1a:7f,90,3,0,0,-86,S,b0:a7:b9:23:82:ee,3,0,0,0"
1791506169.876,"B,59175,10,5c:62:8b:66:67:d2,220,2,11422,14,-43,A,5c:62:8b:66:67:d2,0,2,0,0"
1791506169.876,"B,59175,10,cc:b8:5e:ad:5c:4a,11282,9,220,2,-47,S,5c:62:8b:66:67:d2,0,0,1,8"
1791506169.876,"B,59175,10,72:3b:01:24:b7:c8,84,3,0,0,-34,S,5c:62:8b:66:67:d2,3,0,0,0"
1791506169.876,"B,59175,10,b0:a7:b9:23:82:ee,0,0,30,1,0,A,b0:a7:b9:23:82:ee,0,0,0,0"
1791506169.876,"B,59175,10,b2:db:ca:e6:29:a6,56,2,0,0,-42,S,5c:62:8b:66:67:d2,2,0,0,0"
1791506169.876,"B,59175,10,f2:51:4e:f8:1a:7f,30,1,0,0,-85,S,b0:a7:b9:23:82:ee,1,0,0,0"
1791506170.081,"B,59275,10,5c:62:8b:66:67:d2,993,9,18748,22,-42,A,5c:62:8b:66:67:d2,0,9,0,0"
1791506170.081,"B,59275,10,cc:b8:5e:ad:5c:4a,18608,17,993,9,-45,S,5c:62:8b:66:67:d2,1,1,2,13"
1791506170.081,"B,59275,10,72:3b:01:24:b7:c8,84,3,0,0,-35,S,5c:62:8b:66:67:d2,3,0,0,0"
1791506170.081,"B,59275,10,b0:a7:b9:23:82:ee,0,0,30,1,0,A,b0:a7:b9:23:82:ee,0,0,0,0"
1791506170.081,"B,59275,10,b2:db:ca:e6:29:a6,56,2,0,0,-42,S,5c:62:8b:66:67:d2,2,0,0,0"
1791506170.081,"B,59275,10,f2:51:4e:f8:1a:7f,30,1,0,0,-87,S,b0:a7:b9:23:82:ee,1,0,0,0"
1791506170.081,"B,59375,10,5c:62:8b:66:67:d2,550,5,17500,16,-42,A,5c:62:8b:66:67:d2,0,5,0,0"
1791506170.081,"B,59375,10,cc:b8:5e:ad:5c:4a,17472,15,550,5,-46,S,5c:62:8b:66:67:d2,1,0,1,13"
1791506170.081,"B,59375,10,b2:db:ca:e6:29:a6,28,1,0,0,-44,S,5c:62:8b:66:67:d2,1,0,0,0"
1791506170.284,"B,59475,10,5c:62:8b:66:67:d2,550,5,24510,26,-42,A,5c:62:8b:66:67:d2,0,5,0,0"
1791506170.284,"B,59475,10,cc:b8:5e:ad:5c:4a,24398,22,550,5,-46,S,5c:62:8b:66:67:d2,1,1,4,16"
1791506170.284,"B,59475,10,72:3b:01:24:b7:c8,56,2,0,0,-38,S,5c:62:8b:66:67:d2,2,0,0,0"
1791506170.284,"B,59475,10,b2:db:ca:e6:29:a6,56,2,0,0,-43,S,5c:62:8b:66:67:d2,2,0,0,0"
1791506170.284,"B,59575,10,5c:62:8b:66:67:d2,880,8,17252,18,-42,A,5c:62:8b:66:67:d2,0,8,0,0"
1791506170.284,"B,59575,10,cc:b8:5e:ad:5c:4a,17140,14,880,8,-46,S,5c:62:8b:66:67:d2,0,0,2,12"
1791506170.284,"B,59575,10,72:3b:01:24:b7:c8,56,2,0,0,-35,S,5c:62:8b:66:67:d2,2,0,0,0"
1791506170.284,"B,59575,10,b2:db:ca:e6:29:a6,56,2,0,0,-42,S,5c:62:8b:66:67:d2,2,0,0,0"
1791506170.487,"B,59675,10,5c:62:8b:66:67:d2,1320,12,55530,48,-42,A,5c:62:8b:66:67:d2,0,12,0,0"
1791506170.487,"B,59675,10,cc:b8:5e:ad:5c:4a,55474,46,1320,12,-46,S,5c:62:8b:66:67:d2,1,2,0,43"
1791506170.487,"B,59675,10,b2:db:ca:e6:29:a6,56,2,0,0,-43,S,5c:62:8b:66:67:d2,2,0,0,0"
1791506170.487,"B,59775,10,5c:62:8b:66:67:d2,1320,12,46376,44,-42,A,5c:62:8b:66:67:d2,0,12,0,0"
1791506170.487,"B,59775,10,cc:b8:5e:ad:5c:4a,46180,37,1320,12,-46,S,5c:62:8b:66:67:d2,1,0,0,36"
1791506170.487,"B,59775,10,72:3b:01:24:b7:c8,140,5,0,0,-35,S,5c:62:8b:66:67:d2,5,0,0,0"
1791506170.487,"B,59775,10,b2:db:ca:e6:29:a6,56,2,0,0,-42,S,5c:62:8b:66:67:d2,2,0,0,0"
1791506170.687,"B,59875,10,5c:62:8b:66:67:d2,2970,27,71014,60,-42,A,5c:62:8b:66:67:d2,0,27,0,0"
1791506170.687,"B,59875,10,cc:b8:5e:ad:5c:4a,70958,58,2970,27,-46,S,5c:62:8b:66:67:d2,1,2,3,52"
1791506170.687,"B,59875,10,b2:db:ca:e6:29:a6,56,2,0,0,-42,S,5c:62:8b:66:67:d2,2,0,0,0"
1791506170.687,"B,59975,10,5c:62:8b:66:67:d2,330,3,8594,11,-42,A,5c:62:8b:66:67:d2,0,3,0,0"
1791506170.687,"B,59975,10,cc:b8:5e:ad:5c:4a,8538,9,330,3,-46,S,5c:62:8b:66:67:d2,0,3,0,6"
1791506170.687,"B,59975,10,b2:db:ca:e6:29:a6,56,2,0,0,-42,S,5c:62:8b:66:67:d2,2,0,0,0"
1791506170.687,"B,60075,10,5c:62:8b:66:67:d2,0,0,19398,21,-44,A,5c:62:8b:66:67:d2,0,0,0,0"
1791506170.687,"B,60075,10,cc:b8:5e:ad:5c:4a,19314,18,0,0,-45,S,5c:62:8b:66:67:d2,3,0,0,15"
1791506170.887,"B,60075,10,72:3b:01:24:b7:c8,56,2,0,0,-34,S,5c:62:8b:66:67:d2,2,0,0,0"
1791506170.887,"B,60075,10,b2:db:ca:e6:29:a6,28,1,0,0,-41,S,5c:62:8b:66:67:d2,1,0,0,0"
1791506170.887,"I,60099,stat,rx=24050,drops=0,ch=10,bin=100,hop=0,heap=202024"
1791506170.887,"B,60175,10,5c:62:8b:66:67:d2,660,6,11320,20,-42,A,5c:62:8b:66:67:d2,0,6,0,0"
1791506170.887,"B,60175,10,cc:b8:5e:ad:5c:4a,11068,11,660,6,-46,S,5c:62:8b:66:67:d2,1,2,1,7"
1791506170.887,"B,60175,10,72:3b:01:24:b7:c8,168,6,0,0,-35,S,5c:62:8b:66:67:d2,6,0,0,0"
1791506170.887,"B,60175,10,b2:db:ca:e6:29:a6,84,3,0,0,-42,S,5c:62:8b:66:67:d2,3,0,0,0"
1791506170.887,"B,60275,10,5c:62:8b:66:67:d2,1420,13,17074,20,-42,A,5c:62:8b:66:67:d2,0,13,0,0"
1791506171.087,"B,60275,10,cc:b8:5e:ad:5c:4a,16868,15,1320,12,-46,S,5c:62:8b:66:67:d2,1,0,3,11"
1791506171.087,"B,60275,10,72:3b:01:24:b7:c8,112,4,0,0,-35,S,5c:62:8b:66:67:d2,4,0,0,0"
1791506171.087,"B,60275,10,46:88:44:6e:4f:e4,94,1,100,1,-36,S,5c:62:8b:66:67:d2,1,0,0,0"
1791506171.087,"B,60375,10,5c:62:8b:66:67:d2,770,7,22454,23,-42,A,5c:62:8b:66:67:d2,0,7,0,0"
1791506171.087,"B,60375,10,cc:b8:5e:ad:5c:4a,22342,19,770,7,-44,S,5c:62:8b:66:67:d2,0,3,0,16"
1791506171.087,"B,60375,10,72:3b:01:24:b7:c8,56,2,0,0,-36,S,5c:62:8b:66:67:d2,2,0,0,0"
1791506171.087,"B,60375,10,b0:a7:b9:23:82:ee,0,0,30,1,-87,A,b0:a7:b9:23:82:ee,0,0,0,0"
1791506171.087,"B,60375,10,b2:db:ca:e6:29:a6,56,2,0,0,-42,S,5c:62:8b:66:67:d2,2,0,0,0"
1791506171.087,"B,60375,10,f2:51:4e:f8:1a:7f,30,1,0,0,-86,S,b0:a7:b9:23:82:ee,1,0,0,0"
1791506171.087,"B,60475,10,5c:62:8b:66:67:d2,330,3,10912,13,-43,A,5c:62:8b:66:67:d2,0,3,0,0"
1791506171.087,"B,60475,10,cc:b8:5e:ad:5c:4a,10856,11,330,3,-45,S,5c:62:8b:66:67:d2,1,2,0,8"
1791506171.289,"B,60475,10,b0:a7:b9:23:82:ee,0,0,30,1,-93,A,b0:a7:b9:23:82:ee,0,0,0,0"
1791506171.289,"B,60475,10,b2:db:ca:e6:29:a6,56,2,0,0,-42,S,5c:62:8b:66:67:d2,2,0,0,0"
1791506171.289,"B,60475,10,f2:51:4e:f8:1a:7f,30,1,0,0,-88,S,b0:a7:b9:23:82:ee,1,0,0,0"
1791506171.289,"B,60575,10,5c:62:8b:66:67:d2,330,3,6210,8,-43,A,5c:62:8b:66:67:d2,0,3,0,0"
1791506171.289,"B,60575,10,cc:b8:5e:ad:5c:4a,6154,6,330,3,-45,S,5c:62:8b:66:67:d2,1,0,1,4"
1791506171.289,"B,60575,10,b2:db:ca:e6:29:a6,56,2,0,0,-41,S,5c:62:8b:66:67:d2,2,0,0,0"
1791506171.489,"B,60675,10,5c:62:8b:66:67:d2,0,0,28484,32,-46,A,5c:62:8b:66:67:d2,0,0,0,0"
1791506171.489,"B,60675,10,cc:b8:5e:ad:5c:4a,28204,22,0,0,-45,S,5c:62:8b:66:67:d2,0,0,0,22"
1791506171.489,"B,60675,10,72:3b:01:24:b7:c8,224,8,0,0,-38,S,5c:62:8b:66:67:d2,8,0,0,0"
1791506171.489,"B,60675,10,b2:db:ca:e6:29:a6,56,2,0,0,-41,S,5c:62:8b:66:67:d2,2,0,0,0"
1791506171.489,"B,60775,10,5c:62:8b:66:67:d2,880,8,19936,23,-43,A,5c:62:8b:66:67:d2,0,8,0,0"
1791506171.489,"B,60775,10,cc:b8:5e:ad:5c:4a,19880,21,880,8,-48,S,5c:62:8b:66:67:d2,1,6,0,14"
1791506171.489,"B,60775,10,b2:db:ca:e6:29:a6,56,2,0,0,-41,S,5c:62:8b:66:67:d2,2,0,0,0"
1791506171.689,"B,60875,10,5c:62:8b:66:67:d2,770,7,59644,52,-43,A,5c:62:8b:66:67:d2,0,7,0,0"
1791506171.689,"B,60875,10,cc:b8:5e:ad:5c:4a,59560,49,770,7,-45,S,5c:62:8b:66:67:d2,1,1,4,43"
1791506171.689,"B,60875,10,b2:db:ca:e6:29:a6,84,3,0,0,-40,S,5c:62:8b:66:67:d2,3,0,0,0"
1791506171.689,"B,60975,10,5c:62:8b:66:67:d2,186,1,8314,22,-44,A,5c:62:8b:66:67:d2,0,1,0,0"
1791506171.689,"B,60975,10,cc:b8:5e:ad:5c:4a,7922,8,186,1,-47,S,5c:62:8b:66:67:d2,1,1,0,6"
1791506171.689,"B,60975,10,72:3b:01:24:b7:c8,336,12,0,0,-38,S,5c:62:8b:66:67:d2,12,0,0,0"
1791506171.689,"B,60975,10,b2:db:ca:e6:29:a6,56,2,0,0,-41,S,5c:62:8b:66:67:d2,2,0,0,0"
1791506171.689,"B,61075,10,5c:62:8b:66:67:d2,1100,10,32326,31,-43,A,5c:62:8b:66:67:d2,0,10,0,0"
1791506171.689,"B,61075,10,cc:b8:5e:ad:5c:4a,32242,28,1100,10,-46,S,5c:62:8b:66:67:d2,1,2,2,23"
1791506171.889,"B,61075,10,72:3b:01:24:b7:c8,28,1,0,0,-40,S,5c:62:8b:66:67:d2,1,0,0,0"
1791506171.889,"B,61075,10,b2:db:ca:e6:29:a6,56,2,0,0,-38,S,5c:62:8b:66:67:d2,2,0,0,0"
1791506171.889,"B,61175,10,5c:62:8b:66:67:d2,1210,11,26846,28,-43,A,5c:62:8b:66:67:d2,0,11,0,0"
1791506171.889,"B,61175,10,cc:b8:5e:ad:5c:4a,26678,22,1210,11,-46,S,5c:62:8b:66:67:d2,1,0,1,20"
1791506171.889,"B,61175,10,72:3b:01:24:b7:c8,112,4,0,0,-38,S,5c:62:8b:66:67:d2,4,0,0,0"
1791506171.889,"B,61175,10,b2:db:ca:e6:29:a6,56,2,0,0,-42,S,5c:62:8b:66:67:d2,2,0,0,0"
1791506171.889,"B,61275,10,5c:62:8b:66:67:d2,550,5,29364,35,-43,A,5c:62:8b:66:67:d2,0,5,0,0"
1791506172.090,"B,61275,10,cc:b8:5e:ad:5c:4a,29224,30,550,5,-45,S,5c:62:8b:66:67:d2,4,0,10,16"
1791506172.090,"B,61275,10,72:3b:01:24:b7:c8,140,5,0,0,-37,S,5c:62:8b:66:67:d2,5,0,0,0"
1791506172.090,"B,61375,10,78:8c:b5:f5:e7:26,184,2,0,0,-79,A,78:8c:b5:f5:e7:26,2,0,0,0"
1791506172.090,"B,61375,10,5c:62:8b:66:67:d2,0,0,25724,23,-46,A,5c:62:8b:66:67:d2,0,0,0,0"
1791506172.090,"B,61375,10,cc:b8:5e:ad:5c:4a,25640,20,0,0,-45,S,5c:62:8b:66:67:d2,0,0,0,20"
1791506172.090,"B,61375,10,72:3b:01:24:b7:c8,28,1,0,0,-35,S,5c:62:8b:66:67:d2,1,0,0,0"
1791506172.090,"B,61375,10,b2:db:ca:e6:29:a6,56,2,0,0,-43,S,5c:62:8b:66:67:d2,2,0,0,0"
1791506172.090,"M,61405,slot,8,0"
1791506172.090,"B,61475,10,5c:62:8b:66:67:d2,330,3,21662,22,-43,A,5c:62:8b:66:67:d2,0,3,0,0"
1791506172.090,"B,61475,10,cc:b8:5e:ad:5c:4a,21550,18,330,3,-45,S,5c:62:8b:66:67:d2,1,0,1,16"
1791506172.090,"B,61475,10,72:3b:01:24:b7:c8,56,2,0,0,-36,S,5c:62:8b:66:67:d2,2,0,0,0"
1791506172.090,"B,61475,10,b2:db:ca:e6:29:a6,56,2,0,0,-42,S,5c:62:8b:66:67:d2,2,0,0,0"
1791506172.290,"B,61575,10,5c:62:8b:66:67:d2,3630,33,78806,67,-43,A,5c:62:8b:66:67:d2,0,33,0,0"
1791506172.290,"B,61575,10,cc:b8:5e:ad:5c:4a,78694,63,3630,33,-45,S,5c:62:8b:66:67:d2,0,2,0,61"
1791506172.290,"B,61575,10,72:3b:01:24:b7:c8,56,2,0,0,-41,S,5c:62:8b:66:67:d2,2,0,0,0"
1791506172.290,"B,61575,10,b2:db:ca:e6:29:a6,56,2,0,0,-41,S,5c:62:8b:66:67:d2,2,0,0,0"
1791506172.290,"B,61675,10,5c:62:8b:66:67:d2,2860,26,34734,30,-43,A,5c:62:8b:66:67:d2,0,26,0,0"
1791506172.490,"B,61675,10,cc:b8:5e:ad:5c:4a,34734,30,2860,26,-44,S,5c:62:8b:66:67:d2,1,3,1,25"
1791506172.490,"B,61775,10,5c:62:8b:66:67:d2,0,0,7916,14,-46,A,5c:62:8b:66:67:d2,0,0,0,0"
1791506172.490,"B,61775,10,cc:b8:5e:ad:5c:4a,7720,7,0,0,-47,S,5c:62:8b:66:67:d2,1,0,0,6"
1791506172.490,"B,61775,10,72:3b:01:24:b7:c8,84,3,0,0,-40,S,5c:62:8b:66:67:d2,3,0,0,0"
1791506172.490,"B,61775,10,b2:db:ca:e6:29:a6,112,4,0,0,-41,S,5c:62:8b:66:67:d2,4,0,0,0"
1791506172.490,"B,61875,10,5c:62:8b:66:67:d2,1100,10,29844,37,-43,A,5c:62:8b:66:67:d2,0,10,0,0"
1791506172.691,"B,61875,10,cc:b8:5e:ad:5c:4a,29676,31,1100,10,-46,S,5c:62:8b:66:67:d2,5,4,1,21"
1791506172.691,"B,61875,10,72:3b:01:24:b7:c8,112,4,0,0,-36,S,5c:62:8b:66:67:d2,4,0,0,0"
1791506172.691,"B,61875,10,b2:db:ca:e6:29:a6,56,2,0,0,-40,S,5c:62:8b:66:67:d2,2,0,0,0"
1791506172.691,"B,61975,10,5c:62:8b:66:67:d2,660,6,52258,43,-43,A,5c:62:8b:66:67:d2,0,6,0,0"
1791506172.691,"B,61975,10,cc:b8:5e:ad:5c:4a,52230,42,660,6,-46,S,5c:62:8b:66:67:d2,1,0,1,40"
1791506172.691,"B,61975,10,b2:db:ca:e6:29:a6,28,1,0,0,-43,S,5c:62:8b:66:67:d2,1,0,0,0"
1791506172.691,"B,62075,10,5c:62:8b:66:67:d2,1210,11,28926,33,-43,A,5c:62:8b:66:67:d2,0,11,0,0"
1791506172.691,"B,62075,10,cc:b8:5e:ad:5c:4a,28730,26,1210,11,-46,S,5c:62:8b:66:67:d2,1,4,1,20"
1791506172.891,"B,62075,10,72:3b:01:24:b7:c8,168,6,0,0,-39,S,5c:62:8b:66:67:d2,6,0,0,0"
1791506172.891,"B,62075,10,b2:db:ca:e6:29:a6,28,1,0,0,-41,S,5c:62:8b:66:67:d2,1,0,0,0"
1791506172.891,"B,62175,10,5c:62:8b:66:67:d2,660,6,35756,35,-43,A,5c:62:8b:66:67:d2,0,6,0,0"
1791506172.891,"B,62175,10,cc:b8:5e:ad:5c:4a,35560,28,660,6,-44,S,5c:62:8b:66:67:d2,0,0,4,24"
1791506172.891,"B,62175,10,72:3b:01:24:b7:c8,140,5,0,0,-39,S,5c:62:8b:66:67:d2,5,0,0,0"
1791506172.891,"B,62175,10,b2:db:ca:e6:29:a6,56,2,0,0,-39,S,5c:62:8b:66:67:d2,2,0,0,0"
1791506172.891,"B,62275,10,5c:62:8b:66:67:d2,4396,8,39768,36,-43,A,5c:62:8b:66:67:d2,0,5,0,3"
1791506172.891,"B,62275,10,cc:b8:5e:ad:5c:4a,39684,33,550,5,-45,S,5c:62:8b:66:67:d2,1,2,0,30"
1791506172.891,"B,62275,10,72:3b:01:24:b7:c8,56,2,3846,3,-41,S,5c:62:8b:66:67:d2,2,0,0,0"
1791506172.891,"B,62275,10,b2:db:ca:e6:29:a6,28,1,0,0,-42,S,5c:62:8b:66:67:d2,1,0,0,0"
1791506173.091,"B,62375,10,5c:62:8b:66:67:d2,1832,6,13678,13,-44,A,5c:62:8b:66:67:d2,0,5,0,1"
1791506173.091,"B,62375,10,cc:b8:5e:ad:5c:4a,13650,12,550,5,-46,S,5c:62:8b:66:67:d2,1,0,5,6"
1791506173.091,"B,62375,10,72:3b:01:24:b7:c8,0,0,1282,1,0,S,5c:62:8b:66:67:d2,0,0,0,0"
1791506173.091,"B,62375,10,b2:db:ca:e6:29:a6,28,1,0,0,-41,S,5c:62:8b:66:67:d2,1,0,0,0"
1791506173.091,"B,62475,10,5c:62:8b:66:67:d2,660,6,46832,49,-43,A,5c:62:8b:66:67:d2,0,6,0,0"
1791506173.091,"B,62475,10,cc:b8:5e:ad:5c:4a,46720,45,660,6,-45,S,5c:62:8b:66:67:d2,1,9,0,35"
1791506173.091,"B,62475,10,72:3b:01:24:b7:c8,56,2,0,0,-41,S,5c:62:8b:66:67:d2,2,0,0,0"
1791506173.091,"B,62475,10,b0:a7:b9:23:82:ee,0,0,30,1,-88,A,b0:a7:b9:23:82:ee,0,0,0,0"
1791506173.091,"B,62475,10,b2:db:ca:e6:29:a6,56,2,0,0,-38,S,5c:62:8b:66:67:d2,2,0,0,0"
1791506173.091,"B,62475,10,f2:51:4e:f8:1a:7f,30,1,0,0,-86,S,b0:a7:b9:23:82:ee,1,0,0,0"
1791506173.291,"B,62575,10,5c:62:8b:66:67:d2,880,8,45284,41,-43,A,5c:62:8b:66:67:d2,0,8,0,0"
1791506173.291,"B,62575,10,cc:b8:5e:ad:5c:4a,45172,37,880,8,-45,S,5c:62:8b:66:67:d2,1,1,0,35"
1791506173.291,"B,62575,10,72:3b:01:24:b7:c8,56,2,0,0,-40,S,5c:62:8b:66:67:d2,2,0,0,0"
1791506173.291,"B,62575,10,b2:db:ca:e6:29:a6,56,2,0,0,-41,S,5c:62:8b:66:67:d2,2,0,0,0"
1791506173.291,"B,62675,10,78:8c:b5:f5:e7:26,80,1,0,0,-78,A,78:8c:b5:f5:e7:26,1,0,0,0"
1791506173.291,"B,62675,10,5c:62:8b:66:67:d2,990,9,50554,43,-43,A,5c:62:8b:66:67:d2,0,9,0,0"
1791506173.291,"B,62675,10,cc:b8:5e:ad:5c:4a,50526,42,990,9,-46,S,5c:62:8b:66:67:d2,1,2,0,39"
1791506173.291,"B,62675,10,b0:a7:b9:23:82:ee,0,0,30,1,-89,A,b0:a7:b9:23:82:ee,0,0,0,0"
1791506173.291,"B,62675,10,b2:db:ca:e6:29:a6,28,1,0,0,-41,S,5c:62:8b:66:67:d2,1,0,0,0"
1791506173.291,"B,62675,10,f2:51:4e:f8:1a:7f,30,1,0,0,-87,S,b0:a7:b9:23:82:ee,1,0,0,0"
1791506173.492,"B,62775,10,5c:62:8b:66:67:d2,2530,23,97460,77,-43,A,5c:62:8b:66:67:d2,0,23,0,0"
1791506173.492,"B,62775,10,cc:b8:5e:ad:5c:4a,97432,76,2530,23,-46,S,5c:62:8b:66:67:d2,0,0,0,76"
1791506173.492,"B,62775,10,b2:db:ca:e6:29:a6,28,1,0,0,-42,S,5c:62:8b:66:67:d2,1,0,0,0"
1791506173.492,"B,62875,10,5c:62:8b:66:67:d2,330,3,43756,40,-42,A,5c:62:8b:66:67:d2,0,3,0,0"
1791506173.492,"B,62875,10,cc:b8:5e:ad:5c:4a,43616,35,330,3,-46,S,5c:62:8b:66:67:d2,1,0,0,34"
1791506173.492,"B,62875,10,72:3b:01:24:b7:c8,112,4,0,0,-38,S,5c:62:8b:66:67:d2,4,0,0,0"
1791506173.492,"B,62875,10,b2:db:ca:e6:29:a6,28,1,0,0,-41,S,5c:62:8b:66:67:d2,1,0,0,0"
1791506173.693,"B,62975,10,5c:62:8b:66:67:d2,2310,21,89822,75,-43,A,5c:62:8b:66:67:d2,0,21,0,0"
1791506173.693,"B,62975,10,cc:b8:5e:ad:5c:4a,89766,73,2310,21,-45,S,5c:62:8b:66:67:d2,0,1,9,63"
1791506173.693,"B,62975,10,b2:db:ca:e6:29:a6,56,2,0,0,-41,S,5c:62:8b:66:67:d2,2,0,0,0"
1791506173.693,"B,63075,10,5c:62:8b:66:67:d2,220,2,28216,31,-43,A,5c:62:8b:66:67:d2,0,2,0,0"
1791506173.693,"B,63075,10,cc:b8:5e:ad:5c:4a,28048,25,220,2,-44,S,5c:62:8b:66:67:d2,1,0,6,18"
1791506173.693,"B,63075,10,72:3b:01:24:b7:c8,112,4,0,0,-36,S,5c:62:8b:66:67:d2,4,0,0,0"
1791506173.693,"B,63075,10,b2:db:ca:e6:29:a6,56,2,0,0,-41,S,5c:62:8b:66:67:d2,2,0,0,0"
1791506173.894,"B,63175,10,78:8c:b5:f5:e7:26,80,1,0,0,-78,A,78:8c:b5:f5:e7:26,1,0,0,0"
1791506173.894,"B,63175,10,5c:62:8b:66:67:d2,550,5,7758,14,-42,A,5c:62:8b:66:67:d2,0,5,0,0"
1791506173.894,"B,63175,10,cc:b8:5e:ad:5c:4a,7590,8,550,5,-43,S,5c:62:8b:66:67:d2,1,0,3,4"
1791506173.894,"B,63175,10,72:3b:01:24:b7:c8,112,4,0,0,-38,S,5c:62:8b:66:67:d2,4,0,0,0"
1791506173.894,"B,63175,10,b2:db:ca:e6:29:a6,56,2,0,0,-42,S,5c:62:8b:66:67:d2,2,0,0,0"
1791506173.894,"B,63275,10,5c:62:8b:66:67:d2,1320,12,14474,14,-43,A,5c:62:8b:66:67:d2,0,12,0,0"
1791506173.894,"B,63275,10,cc:b8:5e:ad:5c:4a,14474,14,1320,12,-43,S,5c:62:8b:66:67:d2,1,2,0,11"
1791506174.096,"B,63375,10,5c:62:8b:66:67:d2,330,3,16946,23,-43,A,5c:62:8b:66:67:d2,0,3,0,0"
1791506174.096,"B,63375,10,cc:b8:5e:ad:5c:4a,16694,14,330,3,-44,S,5c:62:8b:66:67:d2,1,0,0,13"
1791506174.096,"B,63375,10,72:3b:01:24:b7:c8,168,6,0,0,-37,S,5c:62:8b:66:67:d2,6,0,0,0"
1791506174.096,"B,63375,10,b2:db:ca:e6:29:a6,84,3,0,0,-41,S,5c:62:8b:66:67:d2,3,0,0,0"
1791506174.096,"B,63475,10,5c:62:8b:66:67:d2,330,3,18430,15,-43,A,5c:62:8b:66:67:d2,0,3,0,0"
1791506174.096,"B,63475,10,cc:b8:5e:ad:5c:4a,18430,15,330,3,-44,S,5c:62:8b:66:67:d2,0,1,0,14"
1791506174.297,"B,63575,10,5c:62:8b:66:67:d2,1100,10,22654,28,-43,A,5c:62:8b:66:67:d2,0,10,0,0"
1791506174.297,"B,63575,10,cc:b8:5e:ad:5c:4a,22486,22,1100,10,-44,S,5c:62:8b:66:67:d2,3,2,2,15"
1791506174.297,"B,63575,10,72:3b:01:24:b7:c8,112,4,0,0,-40,S,5c:62:8b:66:67:d2,4,0,0,0"
1791506174.297,"B,63575,10,b2:db:ca:e6:29:a6,56,2,0,0,-39,S,5c:62:8b:66:67:d2,2,0,0,0"
1791506174.297,"B,63675,10,5c:62:8b:66:67:d2,220,2,5962,14,-43,A,5c:62:8b:66:67:d2,0,2,0,0"
1791506174.297,"B,63675,10,cc:b8:5e:ad:5c:4a,5738,6,220,2,-44,S,5c:62:8b:66:67:d2,1,1,0,4"
1791506174.297,"B,63675,10,72:3b:01:24:b7:c8,196,7,0,0,-37,S,5c:62:8b:66:67:d2,7,0,0,0"
1791506174.297,"B,63675,10,b2:db:ca:e6:29:a6,28,1,0,0,-41,S,5c:62:8b:66:67:d2,1,0,0,0"
1791506174.498,"B,63775,10,5c:62:8b:66:67:d2,660,6,16928,19,-43,A,5c:62:8b:66:67:d2,0,6,0,0"
1791506174.498,"B,63775,10,cc:b8:5e:ad:5c:4a,16872,17,660,6,-43,S,5c:62:8b:66:67:d2,1,1,5,10"
1791506174.498,"B,63775,10,72:3b:01:24:b7:c8,28,1,0,0,-39,S,5c:62:8b:66:67:d2,1,0,0,0"
1791506174.498,"B,63775,10,b2:db:ca:e6:29:a6,28,1,0,0,-41,S,5c:62:8b:66:67:d2,1,0,0,0"
1791506174.498,"B,63875,10,5c:62:8b:66:67:d2,292,2,27476,29,-44,A,5c:62:8b:66:67:d2,0,2,0,0"
1791506174.498,"B,63875,10,cc:b8:5e:ad:5c:4a,27364,25,292,2,-44,S,5c:62:8b:66:67:d2,1,3,0,21"
1791506174.498,"B,63875,10,72:3b:01:24:b7:c8,56,2,0,0,-36,S,5c:62:8b:66:67:d2,2,0,0,0"
1791506174.498,"B,63875,10,b2:db:ca:e6:29:a6,56,2,0,0,-42,S,5c:62:8b:66:67:d2,2,0,0,0"
1791506174.700,"B,63975,10,5c:62:8b:66:67:d2,330,3,53294,55,-43,A,5c:62:8b:66:67:d2,0,3,0,0"
1791506174.700,"B,63975,10,cc:b8:5e:ad:5c:4a,53126,49,330,3,-45,S,5c:62:8b:66:67:d2,0,5,8,36"
1791506174.700,"B,63975,10,72:3b:01:24:b7:c8,140,5,0,0,-39,S,5c:62:8b:66:67:d2,5,0,0,0"
1791506174.700,"B,63975,10,b2:db:ca:e6:29:a6,28,1,0,0,-42,S,5c:62:8b:66:67:d2,1,0,0,0"
1791506174.700,"B,64075,10,5c:62:8b:66:67:d2,1760,16,33422,34,-43,A,5c:62:8b:66:67:d2,0,16,0,0"
1791506174.700,"B,64075,10,cc:b8:5e:ad:5c:4a,33338,31,1760,16,-46,S,5c:62:8b:66:67:d2,2,2,5,22"
1791506174.700,"B,64075,10,72:3b:01:24:b7:c8,28,1,0,0,-41,S,5c:62:8b:66:67:d2,1,0,0,0"
1791506174.700,"B,64075,10,b2:db:ca:e6:29:a6,56,2,0,0,-42,S,5c:62:8b:66:67:d2,2,0,0,0"
1791506174.902,"B,64175,10,5c:62:8b:66:67:d2,0,0,21906,21,-45,A,5c:62:8b:66:67:d2,0,0,0,0"
1791506174.902,"B,64175,10,cc:b8:5e:ad:5c:4a,21822,18,0,0,-46,S,5c:62:8b:66:67:d2,1,0,0,17"
1791506174.902,"B,64175,10,72:3b:01:24:b7:c8,28,1,0,0,-36,S,5c:62:8b:66:67:d2,1,0,0,0"
1791506174.902,"B,64175,10,b2:db:ca:e6:29:a6,56,2,0,0,-41,S,5c:62:8b:66:67:d2,2,0,0,0"
1791506174.902,"B,64275,10,5c:62:8b:66:67:d2,110,1,1534,10,-44,A,5c:62:8b:66:67:d2,0,1,0,0"
1791506174.902,"B,64275,10,cc:b8:5e:ad:5c:4a,1310,2,110,1,-45,S,5c:62:8b:66:67:d2,1,0,0,1"
1791506174.902,"B,64275,10,72:3b:01:24:b7:c8,168,6,0,0,-40,S,5c:62:8b:66:67:d2,6,0,0,0"
1791506174.902,"B,64275,10,b2:db:ca:e6:29:a6,56,2,0,0,-42,S,5c:62:8b:66:67:d2,2,0,0,0"
1791506175.105,"B,64375,10,5c:62:8b:66:67:d2,2052,8,118610,101,-43,A,5c:62:8b:66:67:d2,0,7,0,1"
1791506175.105,"B,64375,10,cc:b8:5e:ad:5c:4a,118498,97,770,7,-45,S,5c:62:8b:66:67:d2,0,2,8,87"
1791506175.105,"B,64375,10,72:3b:01:24:b7:c8,84,3,1282,1,-37,S,5c:62:8b:66:67:d2,3,0,0,0"
1791506175.105,"B,64375,10,b2:db:ca:e6:29:a6,28,1,0,0,-41,S,5c:62:8b:66:67:d2,1,0,0,0"
1791506175.105,"B,64475,10,5c:62:8b:66:67:d2,1698,15,28090,32,-43,A,5c:62:8b:66:67:d2,0,15,0,0"
1791506175.105,"B,64475,10,cc:b8:5e:ad:5c:4a,27978,28,1698,15,-42,S,5c:62:8b:66:67:d2,1,7,1,19"
1791506175.105,"B,64475,10,72:3b:01:24:b7:c8,112,4,0,0,-39,S,5c:62:8b:66:67:d2,4,0,0,0"
1791506175.309,"B,64575,10,5c:62:8b:66:67:d2,0,0,9170,14,-46,A,5c:62:8b:66:67:d2,0,0,0,0"
1791506175.309,"B,64575,10,cc:b8:5e:ad:5c:4a,9002,8,0,0,-46,S,5c:62:8b:66:67:d2,1,0,0,7"
1791506175.309,"B,64575,10,72:3b:01:24:b7:c8,112,4,0,0,-39,S,5c:62:8b:66:67:d2,4,0,0,0"
1791506175.309,"B,64575,10,b2:db:ca:e6:29:a6,56,2,0,0,-41,S,5c:62:8b:66:67:d2,2,0,0,0"
1791506175.309,"B,64675,10,5c:62:8b:66:67:d2,110,1,1394,5,-44,A,5c:62:8b:66:67:d2,0,1,0,0"
1791506175.309,"B,64675,10,cc:b8:5e:ad:5c:4a,1310,2,110,1,-46,S,5c:62:8b:66:67:d2,1,0,0,1"
1791506175.309,"B,64675,10,72:3b:01:24:b7:c8,28,1,0,0,-36,S,5c:62:8b:66:67:d2,1,0,0,0"
1791506175.309,"B,64675,10,b2:db:ca:e6:29:a6,56,2,0,0,-41,S,5c:62:8b:66:67:d2,2,0,0,0"
1791506175.514,"B,64775,10,78:8c:b5:f5:e7:26,80,1,0,0,-78,A,78:8c:b5:f5:e7:26,1,0,0,0"
1791506175.514,"B,64775,10,5c:62:8b:66:67:d2,1210,11,72082,65,-42,A,5c:62:8b:66:67:d2,0,11,0,0"
1791506175.514,"B,64775,10,cc:b8:5e:ad:5c:4a,72026,63,1210,11,-45,S,5c:62:8b:66:67:d2,0,11,2,50"
1791506175.514,"B,64775,10,b2:db:ca:e6:29:a6,56,2,0,0,-43,S,5c:62:8b:66:67:d2,2,0,0,0"
1791506175.514,"B,64875,10,5c:62:8b:66:67:d2,0,0,27258,33,-45,A,5c:62:8b:66:67:d2,0,0,0,0"
1791506175.514,"B,64875,10,cc:b8:5e:ad:5c:4a,27062,26,0,0,-46,S,5c:62:8b:66:67:d2,5,0,0,21"
1791506175.514,"B,64875,10,72:3b:01:24:b7:c8,140,5,0,0,-37,S,5c:62:8b:66:67:d2,5,0,0,0"
1791506175.514,"B,64875,10,b2:db:ca:e6:29:a6,56,2,0,0,-41,S,5c:62:8b:66:67:d2,2,0,0,0"
1791506175.716,"B,64975,10,78:8c:b5:f5:e7:26,80,1,0,0,-77,A,78:8c:b5:f5:e7:26,1,0,0,0"
1791506175.716,"B,64975,10,5c:62:8b:66:67:d2,1870,17,38102,35,-43,A,5c:62:8b:66:67:d2,0,17,0,0"
1791506175.716,"B,64975,10,cc:b8:5e:ad:5c:4a,38018,32,1870,17,-47,S,5c:62:8b:66:67:d2,1,1,2,28"
1791506175.716,"B,64975,10,72:3b:01:24:b7:c8,28,1,0,0,-36,S,5c:62:8b:66:67:d2,1,0,0,0"
1791506175.716,"B,64975,10,b2:db:ca:e6:29:a6,56,2,0,0,-41,S,5c:62:8b:66:67:d2,2,0,0,0"
1791506175.716,"B,65075,10,5c:62:8b:66:67:d2,0,0,22146,29,-45,A,5c:62:8b:66:67:d2,0,0,0,0"
1791506175.716,"B,65075,10,cc:b8:5e:ad:5c:4a,22062,26,0,0,-45,S,5c:62:8b:66:67:d2,5,5,0,16"
1791506175.716,"B,65075,10,72:3b:01:24:b7:c8,28,1,0,0,-41,S,5c:62:8b:66:67:d2,1,0,0,0"
1791506175.716,"B,65075,10,b2:db:ca:e6:29:a6,56,2,0,0,-41,S,5c:62:8b:66:67:d2,2,0,0,0"
1791506175.716,"I,65099,stat,rx=26209,drops=0,ch=10,bin=100,hop=0,heap=202024"
1791506175.917,"B,65175,10,5c:62:8b:66:67:d2,880,8,19908,23,-43,A,5c:62:8b:66:67:d2,0,8,0,0"
1791506175.917,"B,65175,10,cc:b8:5e:ad:5c:4a,19824,20,880,8,-46,S,5c:62:8b:66:67:d2,0,5,1,14"
1791506175.917,"B,65175,10,72:3b:01:24:b7:c8,28,1,0,0,-36,S,5c:62:8b:66:67:d2,1,0,0,0"
1791506175.917,"B,65175,10,b2:db:ca:e6:29:a6,56,2,0,0,-43,S,5c:62:8b:66:67:d2,2,0,0,0"
1791506175.917,"B,65275,10,5c:62:8b:66:67:d2,770,7,41168,37,-43,A,5c:62:8b:66:67:d2,0,7,0,0"
1791506175.917,"B,65275,10,cc:b8:5e:ad:5c:4a,41112,35,770,7,-45,S,5c:62:8b:66:67:d2,1,2,2,30"
1791506175.917,"B,65275,10,b2:db:ca:e6:29:a6,56,2,0,0,-43,S,5c:62:8b:66:67:d2,2,0,0,0"
1791506176.123,"B,65375,10,5c:62:8b:66:67:d2,220,2,7444,8,-43,A,5c:62:8b:66:67:d2,0,2,0,0"
1791506176.123,"B,65375,10,cc:b8:5e:ad:5c:4a,7416,7,220,2,-46,S,5c:62:8b:66:67:d2,1,0,2,4"
1791506176.123,"B,65375,10,b2:db:ca:e6:29:a6,28,1,0,0,-43,S,5c:62:8b:66:67:d2,1,0,0,0"
1791506176.123,"B,65475,10,5c:62:8b:66:67:d2,880,8,33194,35,-43,A,5c:62:8b:66:67:d2,0,8,0,0"
1791506176.123,"B,65475,10,cc:b8:5e:ad:5c:4a,32998,28,880,8,-46,S,5c:62:8b:66:67:d2,1,2,0,25"
1791506176.123,"B,65475,10,72:3b:01:24:b7:c8,112,4,0,0,-38,S,5c:62:8b:66:67:d2,4,0,0,0"
1791506176.123,"B,65475,10,cc:d8:43:ca:9f:eb,0,0,60,2,-76,A,cc:d8:43:ca:9f:eb,0,0,0,0"
1791506176.123,"B,65475,10,b2:db:ca:e6:29:a6,84,3,0,0,-43,S,5c:62:8b:66:67:d2,3,0,0,0"
1791506176.123,"B,65475,10,80:af:ca:68:4c:f8,104,1,0,0,-87,A,80:af:ca:68:4c:f8,0,1,0,0"
1791506176.123,"B,65475,10,98:5f:41:bf:7c:ff,60,2,0,0,-70,S,cc:d8:43:ca:9f:eb,2,0,0,0"
1791506176.324,"B,65575,10,5c:62:8b:66:67:d2,660,6,24744,26,-43,A,5c:62:8b:66:67:d2,0,6,0,0"
1791506176.324,"B,65575,10,cc:b8:5e:ad:5c:4a,24604,21,660,6,-46,S,5c:62:8b:66:67:d2,1,1,0,19"
1791506176.324,"B,65575,10,72:3b:01:24:b7:c8,112,4,0,0,-37,S,5c:62:8b:66:67:d2,4,0,0,0"
1791506176.324,"B,65575,10,b2:db:ca:e6:29:a6,28,1,0,0,-42,S,5c:62:8b:66:67:d2,1,0,0,0"
1791506176.324,"B,65675,10,5c:62:8b:66:67:d2,990,9,37886,33,-43,A,5c:62:8b:66:67:d2,0,9,0,0"
1791506176.324,"B,65675,10,cc:b8:5e:ad:5c:4a,37858,32,990,9,-44,S,5c:62:8b:66:67:d2,1,2,0,29"
1791506176.324,"B,65675,10,b2:db:ca:e6:29:a6,28,1,0,0,-43,S,5c:62:8b:66:67:d2,1,0,0,0"
1791506176.526,"B,65775,10,5c:62:8b:66:67:d2,3520,32,83470,70,-43,A,5c:62:8b:66:67:d2,0,32,0,0"
1791506176.526,"B,65775,10,cc:b8:5e:ad:5c:4a,83358,66,3520,32,-44,S,5c:62:8b:66:67:d2,1,0,0,65"
1791506176.526,"B,65775,10,72:3b:01:24:b7:c8,84,3,0,0,-42,S,5c:62:8b:66:67:d2,3,0,0,0"
1791506176.526,"B,65775,10,b2:db:ca:e6:29:a6,28,1,0,0,-42,S,5c:62:8b:66:67:d2,1,0,0,0"
1791506176.526,"B,65875,10,5c:62:8b:66:67:d2,1430,13,33352,35,-43,A,5c:62:8b:66:67:d2,0,13,0,0"
1791506176.526,"B,65875,10,cc:b8:5e:ad:5c:4a,33156,28,1430,13,-44,S,5c:62:8b:66:67:d2,0,2,2,24"
1791506176.526,"B,65875,10,72:3b:01:24:b7:c8,112,4,0,0,-36,S,5c:62:8b:66:67:d2,4,0,0,0"
1791506176.526,"B,65875,10,b2:db:ca:e6:29:a6,84,3,0,0,-41,S,5c:62:8b:66:67:d2,3,0,0,0"
1791506176.731,"B,65975,10,78:8c:b5:f5:e7:26,80,1,0,0,-78,A,78:8c:b5:f5:e7:26,1,0,0,0"
1791506176.731,"B,65975,10,5c:62:8b:66:67:d2,220,2,8414,13,-43,A,5c:62:8b:66:67:d2,0,2,0,0"
1791506176.731,"B,65975,10,cc:b8:5e:ad:5c:4a,8274,8,220,2,-44,S,5c:62:8b:66:67:d2,1,1,0,6"
1791506176.731,"B,65975,10,72:3b:01:24:b7:c8,56,2,0,0,-38,S,5c:62:8b:66:67:d2,2,0,0,0"
1791506176.731,"B,65975,10,b2:db:ca:e6:29:a6,84,3,0,0,-42,S,5c:62:8b:66:67:d2,3,0,0,0"
1791506176.731,"B,66075,10,5c:62:8b:66:67:d2,660,6,10558,20,-43,A,5c:62:8b:66:67:d2,0,6,0,0"
1791506176.731,"B,66075,10,cc:b8:5e:ad:5c:4a,10278,10,660,6,-44,S,5c:62:8b:66:67:d2,1,1,1,7"
1791506176.731,"B,66075,10,72:3b:01:24:b7:c8,224,8,0,0,-39,S,5c:62:8b:66:67:d2,8,0,0,0"
1791506176.731,"B,66075,10,b2:db:ca:e6:29:a6,56,2,0,0,-43,S,5c:62:8b:66:67:d2,2,0,0,0"
1791506176.936,"B,66175,10,5c:62:8b:66:67:d2,220,2,5128,15,-43,A,5c:62:8b:66:67:d2,0,2,0,0"
1791506176.936,"B,66175,10,cc:b8:5e:ad:5c:4a,4820,4,220,2,-44,S,5c:62:8b:66:67:d2,0,0,1,3"
1791506176.936,"B,66175,10,72:3b:01:24:b7:c8,280,10,0,0,-38,S,5c:62:8b:66:67:d2,10,0,0,0"
1791506176.936,"B,66175,10,b2:db:ca:e6:29:a6,28,1,0,0,-43,S,5c:62:8b:66:67:d2,1,0,0,0"
1791506176.936,"B,66275,10,5c:62:8b:66:67:d2,660,6,17594,17,-43,A,5c:62:8b:66:67:d2,0,6,0,0"
1791506176.936,"B,66275,10,cc:b8:5e:ad:5c:4a,17566,16,660,6,-44,S,5c:62:8b:66:67:d2,1,2,0,13"
1791506176.936,"B,66275,10,b2:db:ca:e6:29:a6,28,1,0,0,-42,S,5c:62:8b:66:67:d2,1,0,0,0"
1791506177.141,"B,66375,10,5c:62:8b:66:67:d2,220,2,4832,17,-43,A,5c:62:8b:66:67:d2,0,2,0,0"
1791506177.141,"B,66375,10,cc:b8:5e:ad:5c:4a,4580,8,220,2,-43,S,5c:62:8b:66:67:d2,4,1,0,3"
1791506177.141,"B,66375,10,72:3b:01:24:b7:c8,224,8,0,0,-39,S,5c:62:8b:66:67:d2,8,0,0,0"
1791506177.141,"B,66375,10,b2:db:ca:e6:29:a6,28,1,0,0,-44,S,5c:62:8b:66:67:d2,1,0,0,0"
1791506177.141,"B,66475,10,5c:62:8b:66:67:d2,770,7,36814,36,-42,A,5c:62:8b:66:67:d2,0,7,0,0"
1791506177.141,"B,66475,10,cc:b8:5e:ad:5c:4a,36646,30,770,7,-44,S,5c:62:8b:66:67:d2,1,0,1,28"
1791506177.141,"B,66475,10,72:3b:01:24:b7:c8,112,4,0,0,-36,S,5c:62:8b:66:67:d2,4,0,0,0"
1791506177.141,"B,66475,10,b2:db:ca:e6:29:a6,56,2,0,0,-43,S,5c:62:8b:66:67:d2,2,0,0,0"
1791506177.141,"M,66483,slot,9,0"
1791506177.346,"B,66575,10,5c:62:8b:66:67:d2,660,6,17784,17,-43,A,5c:62:8b:66:67:d2,0,6,0,0"
1791506177.346,"B,66575,10,cc:b8:5e:ad:5c:4a,17700,14,660,6,-44,S,5c:62:8b:66:67:d2,0,0,1,13"
1791506177.346,"B,66575,10,b2:db:ca:e6:29:a6,84,3,0,0,-42,S,5c:62:8b:66:67:d2,3,0,0,0"
1791506177.346,"B,66675,10,5c:62:8b:66:67:d2,440,4,10910,20,-43,A,5c:62:8b:66:67:d2,0,4,0,0"
1791506177.346,"B,66675,10,cc:b8:5e:ad:5c:4a,10630,10,440,4,-44,S,5c:62:8b:66:67:d2,1,1,1,7"
1791506177.346,"B,66675,10,72:3b:01:24:b7:c8,224,8,0,0,-38,S,5c:62:8b:66:67:d2,8,0,0,0"
1791506177.346,"B,66675,10,b2:db:ca:e6:29:a6,56,2,0,0,-42,S,5c:62:8b:66:67:d2,2,0,0,0"
1791506177.551,"B,66775,10,5c:62:8b:66:67:d2,626,5,10254,13,-43,A,5c:62:8b:66:67:d2,0,5,0,0"
1791506177.551,"B,66775,10,cc:b8:5e:ad:5c:4a,10170,10,626,5,-44,S,5c:62:8b:66:67:d2,1,1,1,7"
1791506177.551,"B,66775,10,72:3b:01:24:b7:c8,56,2,0,0,-38,S,5c:62:8b:66:67:d2,2,0,0,0"
1791506177.551,"B,66775,10,b2:db:ca:e6:29:a6,28,1,0,0,-42,S,5c:62:8b:66:67:d2,1,0,0,0"
1791506177.551,"B,66875,10,5c:62:8b:66:67:d2,330,3,6100,9,-44,A,5c:62:8b:66:67:d2,0,3,0,0"
1791506177.551,"B,66875,10,cc:b8:5e:ad:5c:4a,6044,7,330,3,-44,S,5c:62:8b:66:67:d2,1,2,0,4"
1791506177.551,"B,66875,10,b2:db:ca:e6:29:a6,56,2,0,0,-42,S,5c:62:8b:66:67:d2,2,0,0,0"
1791506177.754,"B,66975,10,78:8c:b5:f5:e7:26,80,1,0,0,-79,A,78:8c:b5:f5:e7:26,1,0,0,0"
1791506177.754,"B,66975,10,5c:62:8b:66:67:d2,330,3,6848,15,-43,A,5c:62:8b:66:67:d2,0,3,0,0"
1791506177.754,"B,66975,10,cc:b8:5e:ad:5c:4a,6624,7,330,3,-45,S,5c:62:8b:66:67:d2,1,1,0,5"
1791506177.754,"B,66975,10,72:3b:01:24:b7:c8,168,6,0,0,-40,S,5c:62:8b:66:67:d2,6,0,0,0"
1791506177.754,"B,66975,10,b2:db:ca:e6:29:a6,56,2,0,0,-42,S,5c:62:8b:66:67:d2,2,0,0,0"
1791506177.754,"B,67075,10,5c:62:8b:66:67:d2,660,6,15718,14,-43,A,5c:62:8b:66:67:d2,0,6,0,0"
1791506177.754,"B,67075,10,cc:b8:5e:ad:5c:4a,15690,13,660,6,-44,S,5c:62:8b:66:67:d2,0,0,2,11"
1791506177.754,"B,67075,10,b2:db:ca:e6:29:a6,28,1,0,0,-42,S,5c:62:8b:66:67:d2,1,0,0,0"
1791506177.959,"B,67175,10,5c:62:8b:66:67:d2,330,3,6118,8,-43,A,5c:62:8b:66:67:d2,0,3,0,0"
1791506177.959,"B,67175,10,cc:b8:5e:ad:5c:4a,6062,6,330,3,-44,S,5c:62:8b:66:67:d2,1,0,1,4"
1791506177.959,"B,67175,10,b2:db:ca:e6:29:a6,56,2,0,0,-43,S,5c:62:8b:66:67:d2,2,0,0,0"
1791506177.959,"B,67275,10,5c:62:8b:66:67:d2,82,1,6690,15,-46,A,5c:62:8b:66:67:d2,1,0,0,0"
1791506177.959,"B,67275,10,cc:b8:5e:ad:5c:4a,6410,5,0,0,-44,S,5c:62:8b:66:67:d2,0,0,0,5"
1791506177.959,"B,67275,10,72:3b:01:24:b7:c8,224,8,0,0,-37,S,5c:62:8b:66:67:d2,8,0,0,0"
1791506177.959,"B,67275,10,b2:db:ca:e6:29:a6,56,2,82,1,-41,S,5c:62:8b:66:67:d2,2,0,0,0"
1791506178.161,"B,67375,10,5c:62:8b:66:67:d2,1210,11,31312,30,-43,A,5c:62:8b:66:67:d2,0,11,0,0"
1791506178.161,"B,67375,10,cc:b8:5e:ad:5c:4a,31228,27,1210,11,-44,S,5c:62:8b:66:67:d2,1,2,1,23"
1791506178.161,"B,67375,10,72:3b:01:24:b7:c8,28,1,0,0,-40,S,5c:62:8b:66:67:d2,1,0,0,0"
1791506178.161,"B,67375,10,b2:db:ca:e6:29:a6,56,2,0,0,-42,S,5c:62:8b:66:67:d2,2,0,0,0"
1791506178.161,"B,67475,10,5c:62:8b:66:67:d2,0,0,6238,8,0,A,5c:62:8b:66:67:d2,0,0,0,0"
1791506178.161,"B,67475,10,cc:b8:5e:ad:5c:4a,6182,6,0,0,-44,S,5c:62:8b:66:67:d2,1,0,1,4"
1791506178.161,"B,67475,10,72:3b:01:24:b7:c8,56,2,0,0,-41,S,5c:62:8b:66:67:d2,2,0,0,0"
1791506178.367,"B,67575,10,5c:62:8b:66:67:d2,798,7,9198,15,-44,A,5c:62:8b:66:67:d2,0,7,0,0"
1791506178.367,"B,67575,10,cc:b8:5e:ad:5c:4a,9002,8,798,7,-44,S,5c:62:8b:66:67:d2,1,0,0,7"
1791506178.367,"B,67575,10,72:3b:01:24:b7:c8,168,6,0,0,-41,S,5c:62:8b:66:67:d2,6,0,0,0"
1791506178.367,"B,67575,10,b2:db:ca:e6:29:a6,28,1,0,0,-42,S,5c:62:8b:66:67:d2,1,0,0,0"
1791506178.367,"B,67675,10,5c:62:8b:66:67:d2,2118,19,38430,36,-43,A,5c:62:8b:66:67:d2,0,19,0,0"
1791506178.367,"B,67675,10,cc:b8:5e:ad:5c:4a,38402,35,2118,19,-44,S,5c:62:8b:66:67:d2,2,4,2,27"
1791506178.367,"B,67675,10,b2:db:ca:e6:29:a6,28,1,0,0,-42,S,5c:62:8b:66:67:d2,1,0,0,0"
1791506178.567,"B,67775,10,5c:62:8b:66:67:d2,550,5,12372,13,-43,A,5c:62:8b:66:67:d2,0,5,0,0"
1791506178.567,"B,67775,10,cc:b8:5e:ad:5c:4a,12316,11,550,5,-44,S,5c:62:8b:66:67:d2,1,0,1,9"
1791506178.567,"B,67775,10,b2:db:ca:e6:29:a6,56,2,0,0,-43,S,5c:62:8b:66:67:d2,2,0,0,0"
1791506178.567,"B,67875,10,5c:62:8b:66:67:d2,0,0,7700,14,-45,A,5c:62:8b:66:67:d2,0,0,0,0"
1791506178.567,"B,67875,10,cc:b8:5e:ad:5c:4a,7476,6,0,0,-44,S,5c:62:8b:66:67:d2,0,0,2,4"
1791506178.567,"B,67875,10,72:3b:01:24:b7:c8,224,8,0,0,-40,S,5c:62:8b:66:67:d2,8,0,0,0"
1791506178.771,"B,67975,10,5c:62:8b:66:67:d2,1210,11,19638,21,-43,A,5c:62:8b:66:67:d2,0,11,0,0"
1791506178.771,"B,67975,10,cc:b8:5e:ad:5c:4a,19554,18,1210,11,-44,S,5c:62:8b:66:67:d2,1,2,0,15"
1791506178.771,"B,67975,10,72:3b:01:24:b7:c8,28,1,0,0,-41,S,5c:62:8b:66:67:d2,1,0,0,0"
1791506178.771,"B,67975,10,b2:db:ca:e6:29:a6,56,2,0,0,-42,S,5c:62:8b:66:67:d2,2,0,0,0"
1791506178.771,"B,68075,10,5c:62:8b:66:67:d2,0,0,6354,9,-46,A,5c:62:8b:66:67:d2,0,0,0,0"
1791506178.771,"B,68075,10,cc:b8:5e:ad:5c:4a,6270,6,0,0,-44,S,5c:62:8b:66:67:d2,1,0,1,4"
1791506178.771,"B,68075,10,72:3b:01:24:b7:c8,28,1,0,0,-41,S,5c:62:8b:66:67:d2,1,0,0,0"
1791506178.771,"B,68075,10,b2:db:ca:e6:29:a6,56,2,0,0,-42,S,5c:62:8b:66:67:d2,2,0,0,0"
1791506178.976,"B,68175,10,5c:62:8b:66:67:d2,1572,14,26604,36,-43,A,5c:62:8b:66:67:d2,0,14,0,0"
1791506178.976,"B,68175,10,cc:b8:5e:ad:5c:4a,26268,24,1572,14,-44,S,5c:62:8b:66:67:d2,2,1,3,18"
1791506178.976,"B,68175,10,72:3b:01:24:b7:c8,308,11,0,0,-42,S,5c:62:8b:66:67:d2,11,0,0,0"
1791506178.976,"B,68175,10,b2:db:ca:e6:29:a6,28,1,0,0,-44,S,5c:62:8b:66:67:d2,1,0,0,0"
1791506178.976,"B,68275,10,5c:62:8b:66:67:d2,550,5,10702,11,-43,A,5c:62:8b:66:67:d2,0,5,0,0"
1791506178.976,"B,68275,10,cc:b8:5e:ad:5c:4a,10674,10,550,5,-43,S,5c:62:8b:66:67:d2,1,1,1,7"
1791506178.976,"B,68275,10,b2:db:ca:e6:29:a6,28,1,0,0,-42,S,5c:62:8b:66:67:d2,1,0,0,0"
1791506179.178,"B,68375,10,5c:62:8b:66:67:d2,0,0,6774,18,-46,A,5c:62:8b:66:67:d2,0,0,0,0"
1791506179.178,"B,68375,10,cc:b8:5e:ad:5c:4a,6410,5,0,0,-45,S,5c:62:8b:66:67:d2,0,0,0,5"
1791506179.178,"B,68375,10,72:3b:01:24:b7:c8,308,11,0,0,-41,S,5c:62:8b:66:67:d2,11,0,0,0"
1791506179.178,"B,68375,10,b2:db:ca:e6:29:a6,56,2,0,0,-43,S,5c:62:8b:66:67:d2,2,0,0,0"
1791506179.178,"B,68475,10,5c:62:8b:66:67:d2,770,7,12790,14,-43,A,5c:62:8b:66:67:d2,0,7,0,0"
1791506179.178,"B,68475,10,cc:b8:5e:ad:5c:4a,12734,12,770,7,-43,S,5c:62:8b:66:67:d2,1,2,1,8"
1791506179.178,"B,68475,10,72:3b:01:24:b7:c8,28,1,0,0,-44,S,5c:62:8b:66:67:d2,1,0,0,0"
1791506179.178,"B,68475,10,b2:db:ca:e6:29:a6,28,1,0,0,-41,S,5c:62:8b:66:67:d2,1,0,0,0"
1791506179.382,"B,68575,10,5c:62:8b:66:67:d2,440,4,12568,12,-43,A,5c:62:8b:66:67:d2,0,4,0,0"
1791506179.382,"B,68575,10,cc:b8:5e:ad:5c:4a,12540,11,440,4,-44,S,5c:62:8b:66:67:d2,1,0,1,9"
1791506179.382,"B,68575,10,b2:db:ca:e6:29:a6,28,1,0,0,-42,S,5c:62:8b:66:67:d2,1,0,0,0"
1791506179.382,"B,68675,10,5c:62:8b:66:67:d2,990,9,38248,39,-43,A,5c:62:8b:66:67:d2,0,9,0,0"
1791506179.382,"B,68675,10,cc:b8:5e:ad:5c:4a,38080,33,990,9,-44,S,5c:62:8b:66:67:d2,1,3,0,29"
1791506179.382,"B,68675,10,72:3b:01:24:b7:c8,140,5,0,0,-41,S,5c:62:8b:66:67:d2,5,0,0,0"
1791506179.382,"B,68675,10,b2:db:ca:e6:29:a6,28,1,0,0,-43,S,5c:62:8b:66:67:d2,1,0,0,0"
1791506179.587,"B,68775,10,5c:62:8b:66:67:d2,2750,25,71988,63,-43,A,5c:62:8b:66:67:d2,0,25,0,0"
1791506179.587,"B,68775,10,cc:b8:5e:ad:5c:4a,71820,57,2750,25,-44,S,5c:62:8b:66:67:d2,1,0,0,56"
1791506179.587,"B,68775,10,72:3b:01:24:b7:c8,112,4,0,0,-41,S,5c:62:8b:66:67:d2,4,0,0,0"
1791506179.587,"B,68775,10,b2:db:ca:e6:29:a6,56,2,0,0,-42,S,5c:62:8b:66:67:d2,2,0,0,0"
1791506179.587,"B,68875,10,5c:62:8b:66:67:d2,2420,22,75614,65,-43,A,5c:62:8b:66:67:d2,0,22,0,0"
1791506179.587,"B,68875,10,cc:b8:5e:ad:5c:4a,75530,62,2420,22,-43,S,5c:62:8b:66:67:d2,1,2,3,56"
1791506179.587,"B,68875,10,72:3b:01:24:b7:c8,56,2,0,0,-42,S,5c:62:8b:66:67:d2,2,0,0,0"
1791506179.587,"B,68875,10,b2:db:ca:e6:29:a6,28,1,0,0,-44,S,5c:62:8b:66:67:d2,1,0,0,0"
1791506179.788,"B,68975,10,5c:62:8b:66:67:d2,440,4,15224,14,-43,A,5c:62:8b:66:67:d2,0,4,0,0"
1791506179.788,"B,68975,10,cc:b8:5e:ad:5c:4a,15168,12,440,4,-44,S,5c:62:8b:66:67:d2,0,0,2,10"
1791506179.788,"B,68975,10,72:3b:01:24:b7:c8,56,2,0,0,-41,S,5c:62:8b:66:67:d2,2,0,0,0"
1791506179.788,"B,69075,10,5c:62:8b:66:67:d2,220,2,9834,20,-44,A,5c:62:8b:66:67:d2,0,2,0,0"
1791506179.788,"B,69075,10,cc:b8:5e:ad:5c:4a,9666,14,220,2,-44,S,5c:62:8b:66:67:d2,5,1,3,5"
1791506179.788,"B,69075,10,72:3b:01:24:b7:c8,112,4,0,0,-41,S,5c:62:8b:66:67:d2,4,0,0,0"
1791506179.788,"B,69075,10,b2:db:ca:e6:29:a6,56,2,0,0,-41,S,5c:62:8b:66:67:d2,2,0,0,0"
1791506179.988,"B,69175,10,5c:62:8b:66:67:d2,330,3,7852,14,-44,A,5c:62:8b:66:67:d2,0,3,0,0"
1791506179.988,"B,69175,10,cc:b8:5e:ad:5c:4a,7684,8,330,3,-44,S,5c:62:8b:66:67:d2,2,0,0,6"
1791506179.988,"B,69175,10,72:3b:01:24:b7:c8,112,4,0,0,-41,S,5c:62:8b:66:67:d2,4,0,0,0"
1791506179.988,"B,69175,10,b2:db:ca:e6:29:a6,56,2,0,0,-41,S,5c:62:8b:66:67:d2,2,0,0,0"
1791506179.988,"B,69275,10,5c:62:8b:66:67:d2,550,5,12228,13,-43,A,5c:62:8b:66:67:d2,0,5,0,0"
1791506179.988,"B,69275,10,cc:b8:5e:ad:5c:4a,12172,11,550,5,-43,S,5c:62:8b:66:67:d2,1,1,0,9"
1791506179.988,"B,69275,10,b2:db:ca:e6:29:a6,56,2,0,0,-41,S,5c:62:8b:66:67:d2,2,0,0,0"
1791506180.188,"B,69375,10,5c:62:8b:66:67:d2,220,2,4876,9,-43,A,5c:62:8b:66:67:d2,0,2,0,0"
1791506180.188,"B,69375,10,cc:b8:5e:ad:5c:4a,4736,4,220,2,-44,S,5c:62:8b:66:67:d2,0,0,1,3"
1791506180.188,"B,69375,10,72:3b:01:24:b7:c8,112,4,0,0,-40,S,5c:62:8b:66:67:d2,4,0,0,0"
1791506180.188,"B,69375,10,b2:db:ca:e6:29:a6,28,1,0,0,-43,S,5c:62:8b:66:67:d2,1,0,0,0"
1791506180.188,"B,69475,10,5c:62:8b:66:67:d2,990,9,28542,31,-43,A,5c:62:8b:66:67:d2,0,9,0,0"
1791506180.188,"B,69475,10,cc:b8:5e:ad:5c:4a,28346,24,990,9,-44,S,5c:62:8b:66:67:d2,1,1,1,21"
1791506180.188,"B,69475,10,72:3b:01:24:b7:c8,112,4,0,0,-41,S,5c:62:8b:66:67:d2,4,0,0,0"
1791506180.188,"B,69475,10,b2:db:ca:e6:29:a6,84,3,0,0,-42,S,5c:62:8b:66:67:d2,3,0,0,0"
1791506180.388,"B,69575,10,5c:62:8b:66:67:d2,990,9,22252,23,-43,A,5c:62:8b:66:67:d2,0,9,0,0"
1791506180.388,"B,69575,10,cc:b8:5e:ad:5c:4a,22140,19,990,9,-44,S,5c:62:8b:66:67:d2,1,1,0,17"
1791506180.388,"B,69575,10,72:3b:01:24:b7:c8,84,3,0,0,-40,S,5c:62:8b:66:67:d2,3,0,0,0"
1791506180.388,"B,69575,10,b2:db:ca:e6:29:a6,28,1,0,0,-43,S,5c:62:8b:66:67:d2,1,0,0,0"
1791506180.388,"B,69675,10,5c:62:8b:66:67:d2,736,6,12354,16,-43,A,5c:62:8b:66:67:d2,0,6,0,0"
1791506180.388,"B,69675,10,cc:b8:5e:ad:5c:4a,12242,12,736,6,-44,S,5c:62:8b:66:67:d2,1,1,2,8"
1791506180.388,"B,69675,10,72:3b:01:24:b7:c8,84,3,0,0,-37,S,5c:62:8b:66:67:d2,3,0,0,0"
1791506180.388,"B,69675,10,b2:db:ca:e6:29:a6,28,1,0,0,-43,S,5c:62:8b:66:67:d2,1,0,0,0"
1791506180.589,"B,69775,10,5c:62:8b:66:67:d2,0,0,15552,18,-46,A,5c:62:8b:66:67:d2,0,0,0,0"
1791506180.589,"B,69775,10,cc:b8:5e:ad:5c:4a,15384,12,0,0,-44,S,5c:62:8b:66:67:d2,0,0,0,12"
1791506180.589,"B,69775,10,72:3b:01:24:b7:c8,112,4,0,0,-38,S,5c:62:8b:66:67:d2,4,0,0,0"
1791506180.589,"B,69775,10,b2:db:ca:e6:29:a6,56,2,0,0,-39,S,5c:62:8b:66:67:d2,2,0,0,0"
1791506180.589,"B,69875,10,5c:62:8b:66:67:d2,1100,10,26970,26,-43,A,5c:62:8b:66:67:d2,0,10,0,0"
1791506180.589,"B,69875,10,cc:b8:5e:ad:5c:4a,26914,24,1100,10,-43,S,5c:62:8b:66:67:d2,1,0,6,17"
1791506180.589,"B,69875,10,72:3b:01:24:b7:c8,28,1,0,0,-36,S,5c:62:8b:66:67:d2,1,0,0,0"
1791506180.589,"B,69875,10,b2:db:ca:e6:29:a6,28,1,0,0,-36,S,5c:62:8b:66:67:d2,1,0,0,0"
1791506180.589,"B,69975,10,5c:62:8b:66:67:d2,440,4,33956,41,-43,A,5c:62:8b:66:67:d2,0,4,0,0"
1791506180.589,"B,69975,10,cc:b8:5e:ad:5c:4a,33648,30,440,4,-44,S,5c:62:8b:66:67:d2,2,2,0,26"
1791506180.589,"B,69975,10,72:3b:01:24:b7:c8,252,9,0,0,-39,S,5c:62:8b:66:67:d2,9,0,0,0"
1791506180.589,"B,69975,10,b2:db:ca:e6:29:a6,56,2,0,0,-41,S,5c:62:8b:66:67:d2,2,0,0,0"
1791506180.789,"B,70075,10,5c:62:8b:66:67:d2,550,5,9530,11,-43,A,5c:62:8b:66:67:d2,0,5,0,0"
1791506180.789,"B,70075,10,cc:b8:5e:ad:5c:4a,9474,9,550,5,-44,S,5c:62:8b:66:67:d2,0,2,0,7"
1791506180.789,"B,70075,10,b2:db:ca:e6:29:a6,56,2,0,0,-43,S,5c:62:8b:66:67:d2,2,0,0,0"
1791506180.789,"I,70103,stat,rx=27856,drops=0,ch=10,bin=100,hop=0,heap=202024"
1791506180.789,"B,70175,10,5c:62:8b:66:67:d2,440,4,38156,36,-44,A,5c:62:8b:66:67:d2,0,4,0,0"
1791506180.989,"B,70175,10,cc:b8:5e:ad:5c:4a,38128,35,440,4,-43,S,5c:62:8b:66:67:d2,5,0,1,29"
1791506180.989,"B,70175,10,b2:db:ca:e6:29:a6,28,1,0,0,-44,S,5c:62:8b:66:67:d2,1,0,0,0"
1791506180.989,"B,70275,10,5c:62:8b:66:67:d2,990,9,25888,32,-43,A,5c:62:8b:66:67:d2,0,9,0,0"
1791506180.989,"B,70275,10,cc:b8:5e:ad:5c:4a,25664,24,990,9,-44,S,5c:62:8b:66:67:d2,2,0,5,17"
1791506180.989,"B,70275,10,72:3b:01:24:b7:c8,168,6,0,0,-38,S,5c:62:8b:66:67:d2,6,0,0,0"
1791506180.989,"B,70275,10,b2:db:ca:e6:29:a6,56,2,0,0,-41,S,5c:62:8b:66:67:d2,2,0,0,0"
1791506180.989,"B,70375,10,5c:62:8b:66:67:d2,0,0,9848,14,-47,A,5c:62:8b:66:67:d2,0,0,0,0"
1791506181.189,"B,70375,10,cc:b8:5e:ad:5c:4a,9680,8,0,0,-43,S,5c:62:8b:66:67:d2,0,0,1,7"
1791506181.189,"B,70375,10,72:3b:01:24:b7:c8,112,4,0,0,-40,S,5c:62:8b:66:67:d2,4,0,0,0"
1791506181.189,"B,70375,10,b2:db:ca:e6:29:a6,56,2,0,0,-42,S,5c:62:8b:66:67:d2,2,0,0,0"
1791506181.189,"B,70475,10,5c:62:8b:66:67:d2,330,3,21964,21,-43,A,5c:62:8b:66:67:d2,0,3,0,0"
1791506181.189,"B,70475,10,cc:b8:5e:ad:5c:4a,21908,19,330,3,-44,S,5c:62:8b:66:67:d2,1,1,5,12"
1791506181.189,"B,70475,10,72:3b:01:24:b7:c8,28,1,0,0,-40,S,5c:62:8b:66:67:d2,1,0,0,0"
1791506181.189,"B,70475,10,b2:db:ca:e6:29:a6,28,1,0,0,-41,S,5c:62:8b:66:67:d2,1,0,0,0"
1791506181.189,"B,70575,10,5c:62:8b:66:67:d2,990,9,11346,17,-43,A,5c:62:8b:66:67:d2,0,9,0,0"
1791506181.189,"B,70575,10,cc:b8:5e:ad:5c:4a,11150,10,990,9,-43,S,5c:62:8b:66:67:d2,1,0,1,8"
1791506181.189,"B,70575,10,72:3b:01:24:b7:c8,140,5,0,0,-39,S,5c:62:8b:66:67:d2,5,0,0,0"
1791506181.389,"B,70575,10,b2:db:ca:e6:29:a6,56,2,0,0,-43,S,5c:62:8b:66:67:d2,2,0,0,0"
1791506181.389,"B,70675,10,5c:62:8b:66:67:d2,440,4,25080,24,-43,A,5c:62:8b:66:67:d2,0,4,0,0"
1791506181.389,"B,70675,10,cc:b8:5e:ad:5c:4a,25024,22,440,4,-44,S,5c:62:8b:66:67:d2,0,5,0,17"
1791506181.389,"B,70675,10,b2:db:ca:e6:29:a6,56,2,0,0,-43,S,5c:62:8b:66:67:d2,2,0,0,0"
1791506181.389,"B,70775,10,5c:62:8b:66:67:d2,220,2,17112,18,-44,A,5c:62:8b:66:67:d2,0,2,0,0"
1791506181.389,"B,70775,10,cc:b8:5e:ad:5c:4a,17028,15,220,2,-43,S,5c:62:8b:66:67:d2,1,1,0,13"
1791506181.389,"B,70775,10,72:3b:01:24:b7:c8,56,2,0,0,-38,S,5c:62:8b:66:67:d2,2,0,0,0"
1791506181.389,"B,70775,10,b2:db:ca:e6:29:a6,28,1,0,0,-40,S,5c:62:8b:66:67:d2,1,0,0,0"
1791506181.589,"B,70875,10,5c:62:8b:66:67:d2,440,4,18924,27,-43,A,5c:62:8b:66:67:d2,0,4,0,0"
1791506181.589,"B,70875,10,cc:b8:5e:ad:5c:4a,18644,17,440,4,-44,S,5c:62:8b:66:67:d2,1,2,0,14"
1791506181.589,"B,70875,10,72:3b:01:24:b7:c8,224,8,0,0,-40,S,5c:62:8b:66:67:d2,8,0,0,0"
1791506181.589,"B,70875,10,b2:db:ca:e6:29:a6,56,2,0,0,-41,S,5c:62:8b:66:67:d2,2,0,0,0"
1791506181.790,"B,70975,10,5c:62:8b:66:67:d2,770,7,20392,20,-43,A,5c:62:8b:66:67:d2,0,7,0,0"
1791506181.790,"B,70975,10,cc:b8:5e:ad:5c:4a,20336,18,770,7,-44,S,5c:62:8b:66:67:d2,0,3,1,14"
1791506181.790,"B,70975,10,b2:db:ca:e6:29:a6,56,2,0,0,-42,S,5c:62:8b:66:67:d2,2,0,0,0"
1791506181.790,"B,71075,10,5c:62:8b:66:67:d2,0,0,10452,15,-46,A,5c:62:8b:66:67:d2,0,0,0,0"
1791506181.790,"B,71075,10,cc:b8:5e:ad:5c:4a,10284,9,0,0,-44,S,5c:62:8b:66:67:d2,1,0,0,8"
1791506181.790,"B,71075,10,72:3b:01:24:b7:c8,140,5,0,0,-38,S,5c:62:8b:66:67:d2,5,0,0,0"
1791506181.790,"B,71075,10,b2:db:ca:e6:29:a6,28,1,0,0,-44,S,5c:62:8b:66:67:d2,1,0,0,0"
1791506181.790,"B,71175,10,5c:62:8b:66:67:d2,220,2,25710,30,-44,A,5c:62:8b:66:67:d2,0,2,0,0"
1791506181.790,"B,71175,10,cc:b8:5e:ad:5c:4a,25458,21,220,2,-44,S,5c:62:8b:66:67:d2,0,2,0,19"
1791506181.790,"B,71175,10,72:3b:01:24:b7:c8,224,8,0,0,-39,S,5c:62:8b:66:67:d2,8,0,0,0"
1791506181.790,"B,71175,10,b2:db:ca:e6:29:a6,28,1,0,0,-42,S,5c:62:8b:66:67:d2,1,0,0,0"
1791506181.990,"B,71275,10,5c:62:8b:66:67:d2,1100,10,25118,28,-43,A,5c:62:8b:66:67:d2,0,10,0,0"
1791506181.990,"B,71275,10,cc:b8:5e:ad:5c:4a,25034,25,1100,10,-44,S,5c:62:8b:66:67:d2,3,5,1,16"
1791506181.990,"B,71275,10,72:3b:01:24:b7:c8,56,2,0,0,-36,S,5c:62:8b:66:67:d2,2,0,0,0"
1791506181.990,"B,71275,10,b2:db:ca:e6:29:a6,28,1,0,0,-43,S,5c:62:8b:66:67:d2,1,0,0,0"
1791506181.990,"B,71375,10,78:8c:b5:f5:e7:26,80,1,0,0,-79,A,78:8c:b5:f5:e7:26,1,0,0,0"
1791506181.990,"B,71375,10,5c:62:8b:66:67:d2,1264,12,12880,17,-44,A,5c:62:8b:66:67:d2,2,10,0,0"
1791506181.990,"B,71375,10,cc:b8:5e:ad:5c:4a,12712,11,1182,11,-45,S,5c:62:8b:66:67:d2,1,0,1,9"
1791506181.990,"B,71375,10,72:3b:01:24:b7:c8,112,4,82,1,-38,S,5c:62:8b:66:67:d2,4,0,0,0"
1791506181.990,"B,71375,10,b2:db:ca:e6:29:a6,56,2,0,0,-43,S,5c:62:8b:66:67:d2,2,0,0,0"
1791506182.190,"B,71475,10,5c:62:8b:66:67:d2,0,0,5910,14,-46,A,5c:62:8b:66:67:d2,0,0,0,0"
1791506182.190,"B,71475,10,cc:b8:5e:ad:5c:4a,5686,6,0,0,-43,S,5c:62:8b:66:67:d2,1,1,0,4"
1791506182.190,"B,71475,10,72:3b:01:24:b7:c8,168,6,0,0,-39,S,5c:62:8b:66:67:d2,6,0,0,0"
1791506182.190,"B,71475,10,b2:db:ca:e6:29:a6,56,2,0,0,-42,S,5c:62:8b:66:67:d2,2,0,0,0"
1791506182.190,"M,71566,slot,10,0"
1791506182.190,"B,71575,10,5c:62:8b:66:67:d2,770,7,18604,18,-43,A,5c:62:8b:66:67:d2,0,7,0,0"
1791506182.390,"B,71575,10,cc:b8:5e:ad:5c:4a,18548,16,770,7,-44,S,5c:62:8b:66:67:d2,0,0,5,11"
1791506182.390,"B,71575,10,b2:db:ca:e6:29:a6,56,2,0,0,-43,S,5c:62:8b:66:67:d2,2,0,0,0"
1791506182.390,"B,71675,10,5c:62:8b:66:67:d2,550,5,20190,19,-43,A,5c:62:8b:66:67:d2,0,5,0,0"
1791506182.390,"B,71675,10,cc:b8:5e:ad:5c:4a,20162,18,550,5,-43,S,5c:62:8b:66:67:d2,1,1,1,15"
1791506182.390,"B,71675,10,72:3b:01:24:b7:c8,28,1,0,0,-41,S,5c:62:8b:66:67:d2,1,0,0,0"
1791506182.390,"B,71775,10,5c:62:8b:66:67:d2,1234,11,66930,58,-43,A,5c:62:8b:66:67:d2,0,11,0,0"
1791506182.390,"B,71775,10,cc:b8:5e:ad:5c:4a,66818,54,1234,11,-44,S,5c:62:8b:66:67:d2,1,1,0,52"
1791506182.390,"B,71775,10,72:3b:01:24:b7:c8,84,3,0,0,-38,S,5c:62:8b:66:67:d2,3,0,0,0"
1791506182.390,"B,71775,10,b2:db:ca:e6:29:a6,28,1,0,0,-43,S,5c:62:8b:66:67:d2,1,0,0,0"
1791506182.591,"B,71875,10,5c:62:8b:66:67:d2,2640,24,98798,80,-43,A,5c:62:8b:66:67:d2,0,24,0,0"
1791506182.591,"B,71875,10,cc:b8:5e:ad:5c:4a,98742,78,2640,24,-44,S,5c:62:8b:66:67:d2,1,0,0,77"
1791506182.591,"B,71875,10,b2:db:ca:e6:29:a6,56,2,0,0,-41,S,5c:62:8b:66:67:d2,2,0,0,0"
1791506182.591,"B,71975,10,5c:62:8b:66:67:d2,2254,21,57302,51,-43,A,5c:62:8b:66:67:d2,2,19,0,0"
1791506182.591,"B,71975,10,cc:b8:5e:ad:5c:4a,57218,48,2090,19,-44,S,5c:62:8b:66:67:d2,1,3,3,41"
1791506182.591,"B,71975,10,72:3b:01:24:b7:c8,28,1,82,1,-42,S,5c:62:8b:66:67:d2,1,0,0,0"
1791506182.791,"B,71975,10,b2:db:ca:e6:29:a6,56,2,82,1,-41,S,5c:62:8b:66:67:d2,2,0,0,0"
1791506182.791,"B,72075,10,5c:62:8b:66:67:d2,330,3,10190,16,-44,A,5c:62:8b:66:67:d2,0,3,0,0"
1791506182.791,"B,72075,10,cc:b8:5e:ad:5c:4a,10022,10,330,3,-43,S,5c:62:8b:66:67:d2,1,0,4,5"
1791506182.791,"B,72075,10,72:3b:01:24:b7:c8,112,4,0,0,-40,S,5c:62:8b:66:67:d2,4,0,0,0"
1791506182.791,"B,72075,10,b2:db:ca:e6:29:a6,56,2,0,0,-40,S,5c:62:8b:66:67:d2,2,0,0,0"
1791506182.791,"B,72175,10,5c:62:8b:66:67:d2,330,3,7076,11,-43,A,5c:62:8b:66:67:d2,0,3,0,0"
1791506182.791,"B,72175,10,cc:b8:5e:ad:5c:4a,6936,6,330,3,-44,S,5c:62:8b:66:67:d2,0,1,0,5"
1791506182.991,"B,72175,10,72:3b:01:24:b7:c8,112,4,0,0,-40,S,5c:62:8b:66:67:d2,4,0,0,0"
1791506182.991,"B,72175,10,b2:db:ca:e6:29:a6,28,1,0,0,-43,S,5c:62:8b:66:67:d2,1,0,0,0"
1791506182.991,"B,72275,10,5c:62:8b:66:67:d2,770,7,18370,23,-43,A,5c:62:8b:66:67:d2,0,7,0,0"
1791506182.991,"B,72275,10,cc:b8:5e:ad:5c:4a,18202,17,770,7,-44,S,5c:62:8b:66:67:d2,2,1,1,13"
1791506182.991,"B,72275,10,72:3b:01:24:b7:c8,112,4,0,0,-40,S,5c:62:8b:66:67:d2,4,0,0,0"
1791506182.991,"B,72275,10,b2:db:ca:e6:29:a6,56,2,0,0,-43,S,5c:62:8b:66:67:d2,2,0,0,0"
1791506182.991,"B,72375,10,5c:62:8b:66:67:d2,110,1,5220,20,-45,A,5c:62:8b:66:67:d2,0,1,0,0"
1791506182.991,"B,72375,10,cc:b8:5e:ad:5c:4a,4884,8,110,1,-45,S,5c:62:8b:66:67:d2,4,0,1,3"
1791506182.991,"B,72375,10,72:3b:01:24:b7:c8,308,11,0,0,-38,S,5c:62:8b:66:67:d2,11,0,0,0"
1791506182.991,"B,72375,10,b2:db:ca:e6:29:a6,28,1,0,0,-44,S,5c:62:8b:66:67:d2,1,0,0,0"
1791506183.192,"B,72475,10,5c:62:8b:66:67:d2,330,3,18878,22,-43,A,5c:62:8b:66:67:d2,0,3,0,0"
1791506183.192,"B,72475,10,cc:b8:5e:ad:5c:4a,18766,18,330,3,-44,S,5c:62:8b:66:67:d2,3,0,1,14"
1791506183.192,"B,72475,10,72:3b:01:24:b7:c8,112,4,0,0,-38,S,5c:62:8b:66:67:d2,4,0,0,0"
1791506183.192,"B,72575,10,5c:62:8b:66:67:d2,1176,10,18078,18,-43,A,5c:62:8b:66:67:d2,0,10,0,0"
1791506183.192,"B,72575,10,cc:b8:5e:ad:5c:4a,18022,16,1176,10,-43,S,5c:62:8b:66:67:d2,1,1,1,13"
1791506183.192,"B,72575,10,72:3b:01:24:b7:c8,56,2,0,0,-36,S,5c:62:8b:66:67:d2,2,0,0,0"
1791506183.392,"B,72675,10,5c:62:8b:66:67:d2,660,6,7162,9,-44,A,5c:62:8b:66:67:d2,0,6,0,0"
1791506183.392,"B,72675,10,cc:b8:5e:ad:5c:4a,7106,7,660,6,-44,S,5c:62:8b:66:67:d2,0,2,0,5"
1791506183.392,"B,72675,10,72:3b:01:24:b7:c8,56,2,0,0,-39,S,5c:62:8b:66:67:d2,2,0,0,0"
1791506183.392,"B,72775,10,5c:62:8b:66:67:d2,550,5,14848,17,-43,A,5c:62:8b:66:67:d2,0,5,0,0"
1791506183.392,"B,72775,10,cc:b8:5e:ad:5c:4a,14736,13,550,5,-44,S,5c:62:8b:66:67:d2,1,1,0,11"
1791506183.392,"B,72775,10,72:3b:01:24:b7:c8,112,4,0,0,-38,S,5c:62:8b:66:67:d2,4,0,0,0"
1791506183.593,"B,72875,10,5c:62:8b:66:67:d2,330,3,8462,9,-44,A,5c:62:8b:66:67:d2,0,3,0,0"
1791506183.593,"B,72875,10,cc:b8:5e:ad:5c:4a,8434,8,330,3,-44,S,5c:62:8b:66:67:d2,1,0,2,5"
1791506183.593,"B,72875,10,b2:db:ca:e6:29:a6,28,1,0,0,-42,S,5c:62:8b:66:67:d2,1,0,0,0"
1791506183.593,"B,72975,10,5c:62:8b:66:67:d2,330,3,14528,17,-44,A,5c:62:8b:66:67:d2,0,3,0,0"
1791506183.593,"B,72975,10,cc:b8:5e:ad:5c:4a,14388,12,330,3,-44,S,5c:62:8b:66:67:d2,0,1,0,11"
1791506183.593,"B,72975,10,72:3b:01:24:b7:c8,112,4,0,0,-38,S,5c:62:8b:66:67:d2,4,0,0,0"
1791506183.593,"B,72975,10,b2:db:ca:e6:29:a6,28,1,0,0,-42,S,5c:62:8b:66:67:d2,1,0,0,0"
1791506183.794,"B,73075,10,78:8c:b5:f5:e7:26,0,0,28,1,-80,A,78:8c:b5:f5:e7:26,0,0,0,0"
1791506183.794,"B,73075,10,5c:62:8b:66:67:d2,550,5,15804,21,-43,A,5c:62:8b:66:67:d2,0,5,0,0"
1791506183.794,"B,73075,10,cc:b8:5e:ad:5c:4a,15636,15,550,5,-44,S,5c:62:8b:66:67:d2,1,3,1,10"
1791506183.794,"B,73075,10,72:3b:01:24:b7:c8,112,4,0,0,-39,S,5c:62:8b:66:67:d2,4,0,0,0"
1791506183.794,"B,73075,10,b2:db:ca:e6:29:a6,56,2,0,0,-42,S,5c:62:8b:66:67:d2,2,0,0,0"
1791506183.794,"B,73075,10,00:08:22:24:d6:fb,28,1,0,0,-79,S,78:8c:b5:f5:e7:26,1,0,0,0"
1791506183.794,"B,73175,10,5c:62:8b:66:67:d2,220,2,4396,6,-44,A,5c:62:8b:66:67:d2,0,2,0,0"
1791506183.794,"B,73175,10,cc:b8:5e:ad:5c:4a,4368,5,220,2,-44,S,5c:62:8b:66:67:d2,1,1,0,3"
1791506183.794,"B,73175,10,b2:db:ca:e6:29:a6,28,1,0,0,-43,S,5c:62:8b:66:67:d2,1,0,0,0"
1791506183.997,"B,73275,10,5c:62:8b:66:67:d2,770,7,44036,47,-43,A,5c:62:8b:66:67:d2,0,7,0,0"
1791506183.997,"B,73275,10,cc:b8:5e:ad:5c:4a,43756,37,770,7,-44,S,5c:62:8b:66:67:d2,1,2,1,33"
1791506183.997,"B,73275,10,72:3b:01:24:b7:c8,224,8,0,0,-37,S,5c:62:8b:66:67:d2,8,0,0,0"
1791506183.997,"B,73275,10,b2:db:ca:e6:29:a6,56,2,0,0,-42,S,5c:62:8b:66:67:d2,2,0,0,0"
1791506183.997,"B,73375,10,5c:62:8b:66:67:d2,880,8,20682,19,-44,A,5c:62:8b:66:67:d2,0,8,0,0"
1791506183.997,"B,73375,10,cc:b8:5e:ad:5c:4a,20654,18,880,8,-44,S,5c:62:8b:66:67:d2,1,1,0,16"
1791506183.997,"B,73375,10,b2:db:ca:e6:29:a6,28,1,0,0,-42,S,5c:62:8b:66:67:d2,1,0,0,0"
1791506184.199,"B,73475,10,5c:62:8b:66:67:d2,330,3,7370,7,-44,A,5c:62:8b:66:67:d2,0,3,0,0"
1791506184.199,"B,73475,10,cc:b8:5e:ad:5c:4a,7370,7,330,3,-44,S,5c:62:8b:66:67:d2,0,2,0,5"
1791506184.199,"B,73575,10,5c:62:8b:66:67:d2,440,4,9536,17,-44,A,5c:62:8b:66:67:d2,0,4,0,0"
1791506184.199,"B,73575,10,cc:b8:5e:ad:5c:4a,9312,9,440,4,-44,S,5c:62:8b:66:67:d2,1,1,0,7"
1791506184.199,"B,73575,10,72:3b:01:24:b7:c8,224,8,0,0,-38,S,5c:62:8b:66:67:d2,8,0,0,0"
1791506184.401,"B,73675,10,5c:62:8b:66:67:d2,330,3,5534,6,-44,A,5c:62:8b:66:67:d2,0,3,0,0"
1791506184.401,"B,73675,10,cc:b8:5e:ad:5c:4a,5534,6,330,3,-43,S,5c:62:8b:66:67:d2,1,1,0,4"
1791506184.401,"B,73775,10,5c:62:8b:66:67:d2,550,5,7386,8,-43,A,5c:62:8b:66:67:d2,0,5,0,0"
1791506184.401,"B,73775,10,cc:b8:5e:ad:5c:4a,7268,6,550,5,-44,S,5c:62:8b:66:67:d2,0,0,1,5"
1791506184.401,"B,73775,10,72:3b:01:24:b7:c8,28,1,0,0,-35,S,5c:62:8b:66:67:d2,1,0,0,0"
1791506184.401,"B,73775,10,46:88:44:6e:4f:e4,90,1,0,0,-38,S,5c:62:8b:66:67:d2,1,0,0,0"
1791506184.604,"B,73875,10,5c:62:8b:66:67:d2,550,5,12912,20,-43,A,5c:62:8b:66:67:d2,0,5,0,0"
1791506184.604,"B,73875,10,cc:b8:5e:ad:5c:4a,12660,11,550,5,-43,S,5c:62:8b:66:67:d2,1,0,1,9"
1791506184.604,"B,73875,10,72:3b:01:24:b7:c8,252,9,0,0,-40,S,5c:62:8b:66:67:d2,9,0,0,0"
1791506184.604,"B,73975,10,5c:62:8b:66:67:d2,220,2,4192,7,-45,A,5c:62:8b:66:67:d2,0,2,0,0"
1791506184.604,"B,73975,10,cc:b8:5e:ad:5c:4a,4192,7,220,2,-43,S,5c:62:8b:66:67:d2,3,1,0,3"
1791506184.604,"B,73975,10,b0:a7:b9:23:82:ee,0,0,30,1,-87,A,b0:a7:b9:23:82:ee,0,0,0,0"
1791506184.604,"B,73975,10,f2:51:4e:f8:1a:7f,30,1,0,0,-88,S,b0:a7:b9:23:82:ee,1,0,0,0"
1791506184.807,"B,74075,10,5c:62:8b:66:67:d2,660,6,14304,15,-44,A,5c:62:8b:66:67:d2,0,6,0,0"
1791506184.807,"B,74075,10,cc:b8:5e:ad:5c:4a,14248,13,660,6,-44,S,5c:62:8b:66:67:d2,1,1,1,10"
1791506184.807,"B,74075,10,72:3b:01:24:b7:c8,56,2,0,0,-36,S,5c:62:8b:66:67:d2,2,0,0,0"
1791506184.807,"B,74175,10,5c:62:8b:66:67:d2,220,2,39994,40,-44,A,5c:62:8b:66:67:d2,0,2,0,0"
1791506184.807,"B,74175,10,cc:b8:5e:ad:5c:4a,39770,32,220,2,-44,S,5c:62:8b:66:67:d2,1,0,0,31"
1791506184.807,"B,74175,10,72:3b:01:24:b7:c8,224,8,0,0,-39,S,5c:62:8b:66:67:d2,8,0,0,0"
1791506185.012,"B,74275,10,5c:62:8b:66:67:d2,1210,11,20912,23,-44,A,5c:62:8b:66:67:d2,0,11,0,0"
1791506185.012,"B,74275,10,cc:b8:5e:ad:5c:4a,20800,19,1210,11,-44,S,5c:62:8b:66:67:d2,1,2,0,16"
1791506185.012,"B,74275,10,72:3b:01:24:b7:c8,112,4,0,0,-42,S,5c:62:8b:66:67:d2,4,0,0,0"
1791506185.012,"B,74375,10,5c:62:8b:66:67:d2,1980,18,47930,42,-43,A,5c:62:8b:66:67:d2,0,18,0,0"
1791506185.012,"B,74375,10,cc:b8:5e:ad:5c:4a,47846,39,1980,18,-43,S,5c:62:8b:66:67:d2,0,1,3,35"
1791506185.012,"B,74375,10,72:3b:01:24:b7:c8,84,3,0,0,-41,S,5c:62:8b:66:67:d2,3,0,0,0"
1791506185.217,"B,74475,10,5c:62:8b:66:67:d2,110,1,18066,27,-46,A,5c:62:8b:66:67:d2,0,1,0,0"
1791506185.217,"B,74475,10,cc:b8:5e:ad:5c:4a,17982,24,110,1,-43,S,5c:62:8b:66:67:d2,5,6,0,13"
1791506185.217,"B,74475,10,72:3b:01:24:b7:c8,84,3,0,0,-42,S,5c:62:8b:66:67:d2,3,0,0,0"
1791506185.217,"B,74575,10,5c:62:8b:66:67:d2,1320,12,28088,29,-43,A,5c:62:8b:66:67:d2,0,12,0,0"
1791506185.217,"B,74575,10,cc:b8:5e:ad:5c:4a,28088,29,1320,12,-43,S,5c:62:8b:66:67:d2,5,3,0,21"
1791506185.422,"B,74675,10,5c:62:8b:66:67:d2,2640,24,73612,68,-44,A,5c:62:8b:66:67:d2,0,24,0,0"
1791506185.422,"B,74675,10,cc:b8:5e:ad:5c:4a,73612,68,2640,24,-43,S,5c:62:8b:66:67:d2,6,4,6,52"
1791506185.422,"B,74775,10,5c:62:8b:66:67:d2,3962,35,83388,72,-43,A,5c:62:8b:66:67:d2,0,35,0,0"
1791506185.422,"B,74775,10,cc:b8:5e:ad:5c:4a,83276,68,3962,35,-43,S,5c:62:8b:66:67:d2,2,1,1,64"
1791506185.422,"B,74775,10,72:3b:01:24:b7:c8,112,4,0,0,-42,S,5c:62:8b:66:67:d2,4,0,0,0"
1791506185.624,"B,74875,10,5c:62:8b:66:67:d2,2644,24,133412,107,-44,A,5c:62:8b:66:67:d2,0,24,0,0"
1791506185.624,"B,74875,10,cc:b8:5e:ad:5c:4a,133356,105,2644,24,-44,S,5c:62:8b:66:67:d2,1,0,0,104"
1791506185.624,"B,74875,10,b2:db:ca:e6:29:a6,56,2,0,0,-42,S,5c:62:8b:66:67:d2,2,0,0,0"
1791506185.624,"B,74975,10,5c:62:8b:66:67:d2,1980,18,45548,40,-44,A,5c:62:8b:66:67:d2,0,18,0,0"
1791506185.624,"B,74975,10,cc:b8:5e:ad:5c:4a,45492,38,1980,18,-44,S,5c:62:8b:66:67:d2,0,2,2,34"
1791506185.624,"B,74975,10,72:3b:01:24:b7:c8,28,1,0,0,-40,S,5c:62:8b:66:67:d2,1,0,0,0"
1791506185.624,"B,74975,10,b2:db:ca:e6:29:a6,28,1,0,0,-40,S,5c:62:8b:66:67:d2,1,0,0,0"
1791506185.827,"B,75075,10,5c:62:8b:66:67:d2,13318,117,27280,29,-44,A,5c:62:8b:66:67:d2,0,117,0,0"
1791506185.827,"B,75075,10,cc:b8:5e:ad:5c:4a,27196,26,13318,117,-44,S,5c:62:8b:66:67:d2,4,1,0,21"
1791506185.827,"B,75075,10,72:3b:01:24:b7:c8,28,1,0,0,-41,S,5c:62:8b:66:67:d2,1,0,0,0"
1791506185.827,"B,75075,10,b2:db:ca:e6:29:a6,56,2,0,0,-38,S,5c:62:8b:66:67:d2,2,0,0,0"
1791506185.827,"I,75104,stat,rx=29867,drops=0,ch=10,bin=100,hop=0,heap=202024"
1791506185.827,"B,75175,10,5c:62:8b:66:67:d2,1882,17,40238,36,-44,A,5c:62:8b:66:67:d2,0,17,0,0"
1791506185.827,"B,75175,10,cc:b8:5e:ad:5c:4a,40154,33,1882,17,-44,S,5c:62:8b:66:67:d2,0,1,3,29"
1791506185.827,"B,75175,10,b2:db:ca:e6:29:a6,84,3,0,0,-41,S,5c:62:8b:66:67:d2,3,0,0,0"
1791506186.031,"B,75275,10,5c:62:8b:66:67:d2,0,0,6662,14,-46,A,5c:62:8b:66:67:d2,0,0,0,0"
1791506186.031,"B,75275,10,cc:b8:5e:ad:5c:4a,6466,7,0,0,-44,S,5c:62:8b:66:67:d2,2,0,0,5"
1791506186.031,"B,75275,10,72:3b:01:24:b7:c8,196,7,0,0,-40,S,5c:62:8b:66:67:d2,7,0,0,0"
1791506186.031,"B,75375,10,5c:62:8b:66:67:d2,1458,13,51836,51,-44,A,5c:62:8b:66:67:d2,0,13,0,0"
1791506186.031,"B,75375,10,cc:b8:5e:ad:5c:4a,51696,46,1458,13,-44,S,5c:62:8b:66:67:d2,2,5,3,36"
1791506186.031,"B,75375,10,72:3b:01:24:b7:c8,112,4,0,0,-39,S,5c:62:8b:66:67:d2,4,0,0,0"
1791506186.031,"B,75375,10,b2:db:ca:e6:29:a6,28,1,0,0,-39,S,5c:62:8b:66:67:d2,1,0,0,0"
1791506186.236,"B,75475,10,5c:62:8b:66:67:d2,1640,15,19562,25,-44,A,5c:62:8b:66:67:d2,0,15,0,0"
1791506186.236,"B,75475,10,cc:b8:5e:ad:5c:4a,19356,20,1540,14,-45,S,5c:62:8b:66:67:d2,2,5,0,13"
1791506186.236,"B,75475,10,72:3b:01:24:b7:c8,84,3,0,0,-40,S,5c:62:8b:66:67:d2,3,0,0,0"
1791506186.236,"B,75475,10,46:88:44:6e:4f:e4,122,2,100,1,-33,S,5c:62:8b:66:67:d2,2,0,0,0"
1791506186.236,"B,75575,10,5c:62:8b:66:67:d2,626,5,24312,25,-44,A,5c:62:8b:66:67:d2,0,5,0,0"
1791506186.236,"B,75575,10,cc:b8:5e:ad:5c:4a,24172,20,626,5,-44,S,5c:62:8b:66:67:d2,0,1,1,18"
1791506186.236,"B,75575,10,72:3b:01:24:b7:c8,112,4,0,0,-40,S,5c:62:8b:66:67:d2,4,0,0,0"
1791506186.236,"B,75575,10,b2:db:ca:e6:29:a6,28,1,0,0,-42,S,5c:62:8b:66:67:d2,1,0,0,0"
1791506186.439,"B,75675,10,5c:62:8b:66:67:d2,220,2,4982,8,-45,A,5c:62:8b:66:67:d2,0,2,0,0"
1791506186.439,"B,75675,10,cc:b8:5e:ad:5c:4a,4926,6,220,2,-45,S,5c:62:8b:66:67:d2,1,1,1,3"
1791506186.439,"B,75675,10,b2:db:ca:e6:29:a6,56,2,0,0,-41,S,5c:62:8b:66:67:d2,2,0,0,0"
1791506186.439,"B,75775,10,5c:62:8b:66:67:d2,330,3,17254,24,-44,A,5c:62:8b:66:67:d2,0,3,0,0"
1791506186.439,"B,75775,10,cc:b8:5e:ad:5c:4a,16912,15,330,3,-44,S,5c:62:8b:66:67:d2,1,1,0,13"
1791506186.439,"B,75775,10,72:3b:01:24:b7:c8,112,4,0,0,-42,S,5c:62:8b:66:67:d2,4,0,0,0"
1791506186.439,"B,75775,10,b2:db:ca:e6:29:a6,112,4,0,0,-41,S,5c:62:8b:66:67:d2,4,0,0,0"
1791506186.439,"B,75775,10,46:88:44:6e:4f:e4,118,1,0,0,-38,S,5c:62:8b:66:67:d2,0,1,0,0"
1791506186.644,"B,75875,10,5c:62:8b:66:67:d2,550,5,13644,18,-44,A,5c:62:8b:66:67:d2,0,5,0,0"
1791506186.644,"B,75875,10,cc:b8:5e:ad:5c:4a,13504,13,550,5,-44,S,5c:62:8b:66:67:d2,1,2,0,10"
1791506186.644,"B,75875,10,72:3b:01:24:b7:c8,112,4,0,0,-41,S,5c:62:8b:66:67:d2,4,0,0,0"
1791506186.644,"B,75875,10,b2:db:ca:e6:29:a6,28,1,0,0,-43,S,5c:62:8b:66:67:d2,1,0,0,0"
1791506186.644,"B,75975,10,5c:62:8b:66:67:d2,330,3,6038,6,-44,A,5c:62:8b:66:67:d2,0,3,0,0"
1791506186.644,"B,75975,10,cc:b8:5e:ad:5c:4a,6010,5,330,3,-43,S,5c:62:8b:66:67:d2,0,0,2,3"
1791506186.644,"B,75975,10,72:3b:01:24:b7:c8,28,1,0,0,-41,S,5c:62:8b:66:67:d2,1,0,0,0"
1791506186.846,"B,76075,10,5c:62:8b:66:67:d2,123,1,5212,7,-45,A,5c:62:8b:66:67:d2,0,1,0,0"
1791506186.846,"B,76075,10,cc:b8:5e:ad:5c:4a,5128,4,0,0,-45,S,5c:62:8b:66:67:d2,0,0,0,4"
1791506186.846,"B,76075,10,72:3b:01:24:b7:c8,28,1,0,0,-40,S,5c:62:8b:66:67:d2,1,0,0,0"
1791506186.846,"B,76075,10,b2:db:ca:e6:29:a6,56,2,0,0,-40,S,5c:62:8b:66:67:d2,2,0,0,0"
1791506186.846,"B,76075,10,46:88:44:6e:4f:e4,0,0,123,1,0,S,5c:62:8b:66:67:d2,0,0,0,0"
1791506186.846,"B,76175,10,5c:62:8b:66:67:d2,1540,14,32854,33,-44,A,5c:62:8b:66:67:d2,0,14,0,0"
1791506186.846,"B,76175,10,cc:b8:5e:ad:5c:4a,32714,28,1540,14,-45,S,5c:62:8b:66:67:d2,1,2,0,25"
1791506186.846,"B,76175,10,72:3b:01:24:b7:c8,84,3,0,0,-41,S,5c:62:8b:66:67:d2,3,0,0,0"
1791506186.846,"B,76175,10,b2:db:ca:e6:29:a6,56,2,0,0,-41,S,5c:62:8b:66:67:d2,2,0,0,0"
1791506187.051,"B,76275,10,5c:62:8b:66:67:d2,550,5,6994,13,-44,A,5c:62:8b:66:67:d2,0,5,0,0"
1791506187.051,"B,76275,10,cc:b8:5e:ad:5c:4a,6760,7,550,5,-45,S,5c:62:8b:66:67:d2,1,1,1,4"
1791506187.051,"B,76275,10,72:3b:01:24:b7:c8,112,4,0,0,-41,S,5c:62:8b:66:67:d2,4,0,0,0"
1791506187.051,"B,76275,10,b2:db:ca:e6:29:a6,28,1,0,0,-40,S,5c:62:8b:66:67:d2,1,0,0,0"
1791506187.051,"B,76275,10,46:88:44:6e:4f:e4,94,1,0,0,-37,S,5c:62:8b:66:67:d2,1,0,0,0"
1791506187.051,"B,76375,10,5c:62:8b:66:67:d2,0,0,6578,11,-47,A,5c:62:8b:66:67:d2,0,0,0,0"
1791506187.051,"B,76375,10,cc:b8:5e:ad:5c:4a,6410,5,0,0,-45,S,5c:62:8b:66:67:d2,0,0,0,5"
1791506187.051,"B,76375,10,72:3b:01:24:b7:c8,140,5,0,0,-41,S,5c:62:8b:66:67:d2,5,0,0,0"
1791506187.051,"B,76375,10,b2:db:ca:e6:29:a6,28,1,0,0,-40,S,5c:62:8b:66:67:d2,1,0,0,0"
1791506187.255,"B,76475,10,5c:62:8b:66:67:d2,550,5,9802,17,-44,A,5c:62:8b:66:67:d2,0,5,0,0"
1791506187.255,"B,76475,10,cc:b8:5e:ad:5c:4a,9606,10,550,5,-45,S,5c:62:8b:66:67:d2,1,1,2,6"
1791506187.255,"B,76475,10,72:3b:01:24:b7:c8,140,5,0,0,-41,S,5c:62:8b:66:67:d2,5,0,0,0"
1791506187.255,"B,76475,10,b2:db:ca:e6:29:a6,56,2,0,0,-39,S,5c:62:8b:66:67:d2,2,0,0,0"
1791506187.255,"B,76575,10,5c:62:8b:66:67:d2,550,5,6660,9,-44,A,5c:62:8b:66:67:d2,0,5,0,0"
1791506187.255,"B,76575,10,cc:b8:5e:ad:5c:4a,6604,7,550,5,-45,S,5c:62:8b:66:67:d2,1,1,0,5"
1791506187.255,"B,76575,10,b2:db:ca:e6:29:a6,56,2,0,0,-40,S,5c:62:8b:66:67:d2,2,0,0,0"
1791506187.459,"M,76646,slot,11,1"
1791506187.459,"B,76675,10,5c:62:8b:66:67:d2,0,0,6466,7,-46,A,5c:62:8b:66:67:d2,0,0,0,0"
1791506187.459,"B,76675,10,cc:b8:5e:ad:5c:4a,6410,5,0,0,-45,S,5c:62:8b:66:67:d2,0,0,0,5"
1791506187.459,"B,76675,10,72:3b:01:24:b7:c8,28,1,0,0,-41,S,5c:62:8b:66:67:d2,1,0,0,0"
1791506187.459,"B,76675,10,b2:db:ca:e6:29:a6,28,1,0,0,-42,S,5c:62:8b:66:67:d2,1,0,0,0"
1791506187.459,"B,76775,10,5c:62:8b:66:67:d2,680,6,16984,17,-44,A,5c:62:8b:66:67:d2,0,6,0,0"
1791506187.459,"B,76775,10,cc:b8:5e:ad:5c:4a,16956,16,680,6,-45,S,5c:62:8b:66:67:d2,2,1,0,13"
1791506187.459,"B,76775,10,72:3b:01:24:b7:c8,28,1,0,0,-40,S,5c:62:8b:66:67:d2,1,0,0,0"
1791506187.661,"B,76875,10,5c:62:8b:66:67:d2,2378,21,45916,39,-44,A,5c:62:8b:66:67:d2,0,21,0,0"
1791506187.661,"B,76875,10,cc:b8:5e:ad:5c:4a,45916,39,2378,21,-44,S,5c:62:8b:66:67:d2,1,2,2,34"
1791506187.661,"B,76975,10,5c:62:8b:66:67:d2,440,4,11210,9,-44,A,5c:62:8b:66:67:d2,0,4,0,0"
1791506187.661,"B,76975,10,cc:b8:5e:ad:5c:4a,11210,9,440,4,-45,S,5c:62:8b:66:67:d2,0,0,1,8"
1791506187.866,"B,77075,10,5c:62:8b:66:67:d2,660,6,16824,20,-44,A,5c:62:8b:66:67:d2,0,6,0,0"
1791506187.866,"B,77075,10,cc:b8:5e:ad:5c:4a,16684,15,660,6,-44,S,5c:62:8b:66:67:d2,1,1,1,12"
1791506187.866,"B,77075,10,72:3b:01:24:b7:c8,112,4,0,0,-40,S,5c:62:8b:66:67:d2,4,0,0,0"
1791506187.866,"B,77075,10,b2:db:ca:e6:29:a6,28,1,0,0,-40,S,5c:62:8b:66:67:d2,1,0,0,0"
1791506187.866,"B,77175,10,5c:62:8b:66:67:d2,330,3,6466,12,-44,A,5c:62:8b:66:67:d2,0,3,0,0"
1791506187.866,"B,77175,10,cc:b8:5e:ad:5c:4a,6298,6,330,3,-44,S,5c:62:8b:66:67:d2,1,0,1,4"
1791506187.866,"B,77175,10,72:3b:01:24:b7:c8,112,4,0,0,-37,S,5c:62:8b:66:67:d2,4,0,0,0"
1791506187.866,"B,77175,10,b0:a7:b9:23:82:ee,0,0,28,1,-89,A,b0:a7:b9:23:82:ee,0,0,0,0"
1791506187.866,"B,77175,10,b2:db:ca:e6:29:a6,56,2,0,0,-41,S,5c:62:8b:66:67:d2,2,0,0,0"
1791506187.866,"B,77175,10,e2:5e:2c:92:7b:df,28,1,0,0,-87,S,b0:a7:b9:23:82:ee,1,0,0,0"
1791506188.071,"B,77275,10,5c:62:8b:66:67:d2,0,0,6494,8,-48,A,5c:62:8b:66:67:d2,0,0,0,0"
1791506188.071,"B,77275,10,cc:b8:5e:ad:5c:4a,6410,5,0,0,-45,S,5c:62:8b:66:67:d2,0,0,0,5"
1791506188.071,"B,77275,10,72:3b:01:24:b7:c8,28,1,0,0,-36,S,5c:62:8b:66:67:d2,1,0,0,0"
1791506188.071,"B,77275,10,b2:db:ca:e6:29:a6,56,2,0,0,-40,S,5c:62:8b:66:67:d2,2,0,0,0"
1791506188.071,"B,77375,10,5c:62:8b:66:67:d2,1430,13,25920,28,-44,A,5c:62:8b:66:67:d2,0,13,0,0"
1791506188.071,"B,77375,10,cc:b8:5e:ad:5c:4a,25780,23,1430,13,-45,S,5c:62:8b:66:67:d2,1,3,0,19"
1791506188.071,"B,77375,10,72:3b:01:24:b7:c8,84,3,0,0,-40,S,5c:62:8b:66:67:d2,3,0,0,0"
1791506188.071,"B,77375,10,b2:db:ca:e6:29:a6,56,2,0,0,-41,S,5c:62:8b:66:67:d2,2,0,0,0"
1791506188.274,"B,77475,10,5c:62:8b:66:67:d2,440,4,17296,23,-44,A,5c:62:8b:66:67:d2,0,4,0,0"
1791506188.274,"B,77475,10,cc:b8:5e:ad:5c:4a,17128,17,440,4,-44,S,5c:62:8b:66:67:d2,1,4,0,12"
1791506188.274,"B,77475,10,72:3b:01:24:b7:c8,112,4,0,0,-41,S,5c:62:8b:66:67:d2,4,0,0,0"
1791506188.274,"B,77475,10,b2:db:ca:e6:29:a6,56,2,0,0,-38,S,5c:62:8b:66:67:d2,2,0,0,0"
1791506188.274,"B,77575,10,5c:62:8b:66:67:d2,440,4,14432,14,-44,A,5c:62:8b:66:67:d2,0,4,0,0"
1791506188.274,"B,77575,10,cc:b8:5e:ad:5c:4a,14376,12,440,4,-45,S,5c:62:8b:66:67:d2,0,0,2,10"
1791506188.274,"B,77575,10,b2:db:ca:e6:29:a6,56,2,0,0,-41,S,5c:62:8b:66:67:d2,2,0,0,0"
1791506188.479,"B,77675,10,5c:62:8b:66:67:d2,550,5,42040,46,-44,A,5c:62:8b:66:67:d2,0,5,0,0"
1791506188.479,"B,77675,10,cc:b8:5e:ad:5c:4a,41844,39,550,5,-44,S,5c:62:8b:66:67:d2,5,2,0,32"
1791506188.479,"B,77675,10,72:3b:01:24:b7:c8,140,5,0,0,-38,S,5c:62:8b:66:67:d2,5,0,0,0"
1791506188.479,"B,77675,10,b2:db:ca:e6:29:a6,56,2,0,0,-42,S,5c:62:8b:66:67:d2,2,0,0,0"
1791506188.479,"B,77775,10,5c:62:8b:66:67:d2,1980,18,73298,65,-44,A,5c:62:8b:66:67:d2,0,18,0,0"
1791506188.479,"B,77775,10,cc:b8:5e:ad:5c:4a,73214,62,1980,18,-45,S,5c:62:8b:66:67:d2,5,0,0,57"
1791506188.479,"B,77775,10,72:3b:01:24:b7:c8,84,3,0,0,-39,S,5c:62:8b:66:67:d2,3,0,0,0"
1791506188.684,"B,77875,10,5c:62:8b:66:67:d2,4582,41,87790,74,-44,A,5c:62:8b:66:67:d2,0,41,0,0"
1791506188.684,"B,77875,10,cc:b8:5e:ad:5c:4a,87762,73,4582,41,-45,S,5c:62:8b:66:67:d2,2,1,5,65"
1791506188.684,"B,77875,10,b2:db:ca:e6:29:a6,28,1,0,0,-41,S,5c:62:8b:66:67:d2,1,0,0,0"
1791506188.684,"B,77975,10,5c:62:8b:66:67:d2,550,5,13009,15,-44,A,5c:62:8b:66:67:d2,0,5,0,0"
1791506188.684,"B,77975,10,cc:b8:5e:ad:5c:4a,12925,12,550,5,-44,S,5c:62:8b:66:67:d2,1,1,0,10"
1791506188.684,"B,77975,10,72:3b:01:24:b7:c8,84,3,0,0,-40,S,5c:62:8b:66:67:d2,3,0,0,0"
1791506188.885,"B,78075,10,5c:62:8b:66:67:d2,330,3,7738,8,-44,A,5c:62:8b:66:67:d2,0,3,0,0"
1791506188.885,"B,78075,10,cc:b8:5e:ad:5c:4a,7738,8,330,3,-44,S,5c:62:8b:66:67:d2,1,1,1,5"
1791506188.885,"B,78175,10,5c:62:8b:66:67:d2,109,1,5262,6,-45,A,5c:62:8b:66:67:d2,0,1,0,0"
1791506188.885,"B,78175,10,cc:b8:5e:ad:5c:4a,5234,5,109,1,-44,S,5c:62:8b:66:67:d2,0,1,0,4"
1791506188.885,"B,78175,10,72:3b:01:24:b7:c8,28,1,0,0,-41,S,5c:62:8b:66:67:d2,1,0,0,0"
1791506189.087,"B,78275,10,5c:62:8b:66:67:d2,440,4,9748,15,-44,A,5c:62:8b:66:67:d2,0,4,0,0"
1791506189.087,"B,78275,10,cc:b8:5e:ad:5c:4a,9580,9,440,4,-44,S,5c:62:8b:66:67:d2,1,0,2,6"
1791506189.087,"B,78275,10,72:3b:01:24:b7:c8,168,6,0,0,-40,S,5c:62:8b:66:67:d2,6,0,0,0"
1791506189.087,"B,78375,10,5c:62:8b:66:67:d2,626,5,21932,23,-44,A,5c:62:8b:66:67:d2,0,5,0,0"
1791506189.087,"B,78375,10,cc:b8:5e:ad:5c:4a,21820,19,626,5,-44,S,5c:62:8b:66:67:d2,1,1,1,16"
1791506189.087,"B,78375,10,72:3b:01:24:b7:c8,112,4,0,0,-40,S,5c:62:8b:66:67:d2,4,0,0,0"
1791506189.290,"B,78475,10,5c:62:8b:66:67:d2,990,9,16942,17,-44,A,5c:62:8b:66:67:d2,0,9,0,0"
1791506189.290,"B,78475,10,cc:b8:5e:ad:5c:4a,16886,15,990,9,-44,S,5c:62:8b:66:67:d2,0,3,0,12"
1791506189.290,"B,78475,10,b2:db:ca:e6:29:a6,56,2,0,0,-37,S,5c:62:8b:66:67:d2,2,0,0,0"
1791506189.290,"B,78575,10,5c:62:8b:66:67:d2,0,0,24694,31,-46,A,5c:62:8b:66:67:d2,0,0,0,0"
1791506189.290,"B,78575,10,cc:b8:5e:ad:5c:4a,24386,20,0,0,-44,S,5c:62:8b:66:67:d2,1,0,0,19"
1791506189.290,"B,78575,10,72:3b:01:24:b7:c8,224,8,0,0,-41,S,5c:62:8b:66:67:d2,8,0,0,0"
1791506189.290,"B,78575,10,b2:db:ca:e6:29:a6,84,3,0,0,-38,S,5c:62:8b:66:67:d2,3,0,0,0"
1791506189.490,"B,78675,10,5c:62:8b:66:67:d2,880,8,13332,15,-44,A,5c:62:8b:66:67:d2,0,8,0,0"
1791506189.490,"B,78675,10,cc:b8:5e:ad:5c:4a,13276,13,880,8,-44,S,5c:62:8b:66:67:d2,1,2,1,9"
1791506189.490,"B,78675,10,b2:db:ca:e6:29:a6,56,2,0,0,-39,S,5c:62:8b:66:67:d2,2,0,0,0"
1791506189.490,"B,78775,10,5c:62:8b:66:67:d2,440,4,9088,8,-45,A,5c:62:8b:66:67:d2,0,4,0,0"
1791506189.490,"B,78775,10,cc:b8:5e:ad:5c:4a,9088,8,440,4,-44,S,5c:62:8b:66:67:d2,0,1,0,7"
1791506189.490,"B,78875,10,5c:62:8b:66:67:d2,0,0,6746,17,-47,A,5c:62:8b:66:67:d2,0,0,0,0"
1791506189.490,"B,78875,10,cc:b8:5e:ad:5c:4a,6438,6,0,0,-45,S,5c:62:8b:66:67:d2,1,0,0,5"
1791506189.693,"B,78875,10,72:3b:01:24:b7:c8,224,8,0,0,-39,S,5c:62:8b:66:67:d2,8,0,0,0"
1791506189.693,"B,78875,10,b2:db:ca:e6:29:a6,84,3,0,0,-39,S,5c:62:8b:66:67:d2,3,0,0,0"
1791506189.693,"B,78975,10,78:8c:b5:f5:e7:26,160,2,0,0,-79,A,78:8c:b5:f5:e7:26,2,0,0,0"
1791506189.693,"B,78975,10,5c:62:8b:66:67:d2,986,9,12808,19,-44,A,5c:62:8b:66:67:d2,0,9,0,0"
1791506189.693,"B,78975,10,cc:b8:5e:ad:5c:4a,12696,15,986,9,-44,S,5c:62:8b:66:67:d2,3,3,1,8"
1791506189.693,"B,78975,10,72:3b:01:24:b7:c8,56,2,0,0,-40,S,5c:62:8b:66:67:d2,2,0,0,0"
1791506189.693,"B,78975,10,b2:db:ca:e6:29:a6,56,2,0,0,-36,S,5c:62:8b:66:67:d2,2,0,0,0"
1791506189.693,"B,79075,10,5c:62:8b:66:67:d2,660,6,31226,30,-44,A,5c:62:8b:66:67:d2,0,6,0,0"
1791506189.693,"B,79075,10,cc:b8:5e:ad:5c:4a,31114,26,660,6,-44,S,5c:62:8b:66:67:d2,1,1,1,23"
1791506189.693,"B,79075,10,72:3b:01:24:b7:c8,84,3,0,0,-40,S,5c:62:8b:66:67:d2,3,0,0,0"
1791506189.693,"B,79075,10,b2:db:ca:e6:29:a6,28,1,0,0,-40,S,5c:62:8b:66:67:d2,1,0,0,0"
1791506189.894,"A,79114,10,ba:97:a3:e0:bf:9f,-90,"
1791506189.894,"B,79175,10,5c:62:8b:66:67:d2,778,7,19294,18,-44,A,5c:62:8b:66:67:d2,0,7,0,0"
1791506189.894,"B,79175,10,cc:b8:5e:ad:5c:4a,19238,16,778,7,-44,S,5c:62:8b:66:67:d2,1,0,0,15"
1791506189.894,"B,79175,10,72:3b:01:24:b7:c8,28,1,0,0,-46,S,5c:62:8b:66:67:d2,1,0,0,0"
1791506189.894,"B,79175,10,b2:db:ca:e6:29:a6,28,1,0,0,-39,S,5c:62:8b:66:67:d2,1,0,0,0"
1791506189.894,"B,79275,10,5c:62:8b:66:67:d2,1132,10,31960,28,-44,A,5c:62:8b:66:67:d2,0,10,0,0"
1791506189.894,"B,79275,10,cc:b8:5e:ad:5c:4a,31932,27,1132,10,-44,S,5c:62:8b:66:67:d2,1,1,0,25"
1791506189.894,"B,79275,10,b0:a7:b9:23:82:ee,0,0,30,1,-92,A,b0:a7:b9:23:82:ee,0,0,0,0"
1791506189.894,"B,79275,10,b2:db:ca:e6:29:a6,28,1,0,0,-40,S,5c:62:8b:66:67:d2,1,0,0,0"
1791506189.894,"B,79275,10,f2:51:4e:f8:1a:7f,30,1,0,0,-89,S,b0:a7:b9:23:82:ee,1,0,0,0"
1791506190.095,"B,79375,10,5c:62:8b:66:67:d2,550,5,11904,16,-44,A,5c:62:8b:66:67:d2,0,5,0,0"
1791506190.095,"B,79375,10,cc:b8:5e:ad:5c:4a,11736,10,550,5,-45,S,5c:62:8b:66:67:d2,0,1,0,9"
1791506190.095,"B,79375,10,72:3b:01:24:b7:c8,112,4,0,0,-39,S,5c:62:8b:66:67:d2,4,0,0,0"
1791506190.095,"B,79375,10,b2:db:ca:e6:29:a6,56,2,0,0,-39,S,5c:62:8b:66:67:d2,2,0,0,0"
1791506190.095,"B,79475,10,5c:62:8b:66:67:d2,110,1,5914,10,-46,A,5c:62:8b:66:67:d2,0,1,0,0"
1791506190.095,"B,79475,10,cc:b8:5e:ad:5c:4a,5802,6,110,1,-45,S,5c:62:8b:66:67:d2,1,0,2,3"
1791506190.095,"B,79475,10,72:3b:01:24:b7:c8,112,4,0,0,-36,S,5c:62:8b:66:67:d2,4,0,0,0"
1791506190.295,"B,79575,10,5c:62:8b:66:67:d2,550,5,14468,16,-44,A,5c:62:8b:66:67:d2,0,5,0,0"
1791506190.295,"B,79575,10,cc:b8:5e:ad:5c:4a,14384,13,550,5,-45,S,5c:62:8b:66:67:d2,1,1,0,11"
1791506190.295,"B,79575,10,b2:db:ca:e6:29:a6,84,3,0,0,-38,S,5c:62:8b:66:67:d2,3,0,0,0"
1791506190.295,"B,79675,10,5c:62:8b:66:67:d2,550,5,15258,19,-44,A,5c:62:8b:66:67:d2,0,5,0,0"
1791506190.295,"B,79675,10,cc:b8:5e:ad:5c:4a,15118,14,550,5,-45,S,5c:62:8b:66:67:d2,1,1,1,11"
1791506190.295,"B,79675,10,72:3b:01:24:b7:c8,84,3,0,0,-38,S,5c:62:8b:66:67:d2,3,0,0,0"
1791506190.295,"B,79675,10,b2:db:ca:e6:29:a6,56,2,0,0,-38,S,5c:62:8b:66:67:d2,2,0,0,0"
1791506190.496,"B,79775,10,5c:62:8b:66:67:d2,440,4,9848,14,-44,A,5c:62:8b:66:67:d2,0,4,0,0"
1791506190.496,"B,79775,10,cc:b8:5e:ad:5c:4a,9680,8,440,4,-45,S,5c:62:8b:66:67:d2,0,0,1,7"
1791506190.496,"B,79775,10,72:3b:01:24:b7:c8,112,4,0,0,-36,S,5c:62:8b:66:67:d2,4,0,0,0"
1791506190.496,"B,79775,10,b2:db:ca:e6:29:a6,56,2,0,0,-40,S,5c:62:8b:66:67:d2,2,0,0,0"
1791506190.496,"B,79875,10,5c:62:8b:66:67:d2,770,7,21030,19,-44,A,5c:62:8b:66:67:d2,0,7,0,0"
1791506190.496,"B,79875,10,cc:b8:5e:ad:5c:4a,21002,18,770,7,-44,S,5c:62:8b:66:67:d2,1,0,2,15"
1791506190.496,"B,79875,10,b2:db:ca:e6:29:a6,28,1,0,0,-41,S,5c:62:8b:66:67:d2,1,0,0,0"
1791506190.697,"B,79975,10,78:8c:b5:f5:e7:26,80,1,0,0,-77,A,78:8c:b5:f5:e7:26,1,0,0,0"
1791506190.697,"B,79975,10,5c:62:8b:66:67:d2,220,2,5774,14,-45,A,5c:62:8b:66:67:d2,0,2,0,0"
1791506190.697,"B,79975,10,cc:b8:5e:ad:5c:4a,5578,7,220,2,-45,S,5c:62:8b:66:67:d2,2,1,0,4"
1791506190.697,"B,79975,10,72:3b:01:24:b7:c8,112,4,0,0,-41,S,5c:62:8b:66:67:d2,4,0,0,0"
1791506190.697,"B,79975,10,b2:db:ca:e6:29:a6,84,3,0,0,-40,S,5c:62:8b:66:67:d2,3,0,0,0"
1791506190.697,"B,80075,10,78:8c:b5:f5:e7:26,80,1,0,0,-76,A,78:8c:b5:f5:e7:26,1,0,0,0"
1791506190.697,"B,80075,10,5c:62:8b:66:67:d2,330,3,16036,21,-44,A,5c:62:8b:66:67:d2,0,3,0,0"
1791506190.697,"B,80075,10,cc:b8:5e:ad:5c:4a,15868,15,330,3,-43,S,5c:62:8b:66:67:d2,1,3,0,11"
1791506190.697,"B,80075,10,72:3b:01:24:b7:c8,140,5,0,0,-41,S,5c:62:8b:66:67:d2,5,0,0,0"
1791506190.697,"B,80075,10,b2:db:ca:e6:29:a6,28,1,0,0,-42,S,5c:62:8b:66:67:d2,1,0,0,0"
1791506190.899,"I,80107,stat,rx=31375,drops=0,ch=10,bin=100,hop=0,heap=202024"
1791506190.899,"B,80175,10,5c:62:8b:66:67:d2,770,7,17406,17,-43,A,5c:62:8b:66:67:d2,0,7,0,0"
1791506190.899,"B,80175,10,cc:b8:5e:ad:5c:4a,17350,15,770,7,-44,S,5c:62:8b:66:67:d2,0,2,0,13"
1791506190.899,"B,80175,10,72:3b:01:24:b7:c8,28,1,0,0,-41,S,5c:62:8b:66:67:d2,1,0,0,0"
1791506190.899,"B,80175,10,b2:db:ca:e6:29:a6,28,1,0,0,-41,S,5c:62:8b:66:67:d2,1,0,0,0"
1791506190.899,"B,80275,10,5c:62:8b:66:67:d2,0,0,5694,16,0,A,5c:62:8b:66:67:d2,0,0,0,0"
1791506190.899,"B,80275,10,cc:b8:5e:ad:5c:4a,5414,6,0,0,-44,S,5c:62:8b:66:67:d2,1,1,1,3"
1791506190.899,"B,80275,10,72:3b:01:24:b7:c8,224,8,0,0,-42,S,5c:62:8b:66:67:d2,8,0,0,0"
1791506190.899,"B,80275,10,b2:db:ca:e6:29:a6,56,2,0,0,-40,S,5c:62:8b:66:67:d2,2,0,0,0"
1791506191.101,"B,80375,10,5c:62:8b:66:67:d2,660,6,8558,19,-44,A,5c:62:8b:66:67:d2,0,6,0,0"
1791506191.101,"B,80375,10,cc:b8:5e:ad:5c:4a,8250,8,660,6,-44,S,5c:62:8b:66:67:d2,1,1,0,6"
1791506191.101,"B,80375,10,72:3b:01:24:b7:c8,252,9,0,0,-40,S,5c:62:8b:66:67:d2,9,0,0,0"
1791506191.101,"B,80375,10,b2:db:ca:e6:29:a6,56,2,0,0,-40,S,5c:62:8b:66:67:d2,2,0,0,0"
1791506191.101,"B,80475,10,5c:62:8b:66:67:d2,880,8,19108,19,-44,A,5c:62:8b:66:67:d2,0,8,0,0"
1791506191.101,"B,80475,10,cc:b8:5e:ad:5c:4a,19052,17,880,8,-44,S,5c:62:8b:66:67:d2,1,1,1,14"
1791506191.101,"B,80475,10,72:3b:01:24:b7:c8,28,1,0,0,-41,S,5c:62:8b:66:67:d2,1,0,0,0"
1791506191.101,"B,80475,10,b2:db:ca:e6:29:a6,28,1,0,0,-40,S,5c:62:8b:66:67:d2,1,0,0,0"
1791506191.303,"B,80575,10,5c:62:8b:66:67:d2,550,5,13470,13,-44,A,5c:62:8b:66:67:d2,0,5,0,0"
1791506191.303,"B,80575,10,cc:b8:5e:ad:5c:4a,13414,11,550,5,-44,S,5c:62:8b:66:67:d2,0,1,0,10"
1791506191.303,"B,80575,10,b2:db:ca:e6:29:a6,56,2,0,0,-38,S,5c:62:8b:66:67:d2,2,0,0,0"
1791506191.303,"B,80675,10,5c:62:8b:66:67:d2,440,4,28478,33,-44,A,5c:62:8b:66:67:d2,0,4,0,0"
1791506191.303,"B,80675,10,cc:b8:5e:ad:5c:4a,28282,26,440,4,-44,S,5c:62:8b:66:67:d2,1,3,1,21"
1791506191.303,"B,80675,10,72:3b:01:24:b7:c8,140,5,0,0,-41,S,5c:62:8b:66:67:d2,5,0,0,0"
1791506191.303,"B,80675,10,b2:db:ca:e6:29:a6,56,2,0,0,-40,S,5c:62:8b:66:67:d2,2,0,0,0"
1791506191.507,"B,80775,10,5c:62:8b:66:67:d2,1760,16,36148,37,-44,A,5c:62:8b:66:67:d2,0,16,0,0"
1791506191.507,"B,80775,10,cc:b8:5e:ad:5c:4a,35952,30,1760,16,-44,S,5c:62:8b:66:67:d2,2,0,0,28"
1791506191.507,"B,80775,10,72:3b:01:24:b7:c8,140,5,0,0,-41,S,5c:62:8b:66:67:d2,5,0,0,0"
1791506191.507,"B,80775,10,b2:db:ca:e6:29:a6,56,2,0,0,-41,S,5c:62:8b:66:67:d2,2,0,0,0"
1791506191.507,"B,80875,10,5c:62:8b:66:67:d2,2970,27,79540,64,-44,A,5c:62:8b:66:67:d2,0,27,0,0"
1791506191.507,"B,80875,10,cc:b8:5e:ad:5c:4a,79484,62,2970,27,-44,S,5c:62:8b:66:67:d2,0,0,0,62"
1791506191.507,"B,80875,10,b2:db:ca:e6:29:a6,56,2,0,0,-40,S,5c:62:8b:66:67:d2,2,0,0,0"
1791506191.707,"B,80975,10,78:8c:b5:f5:e7:26,80,1,0,0,-77,A,78:8c:b5:f5:e7:26,1,0,0,0"
1791506191.707,"B,80975,10,5c:62:8b:66:67:d2,0,0,196,7,-47,A,5c:62:8b:66:67:d2,0,0,0,0"
1791506191.707,"B,80975,10,72:3b:01:24:b7:c8,140,5,0,0,-37,S,5c:62:8b:66:67:d2,5,0,0,0"
1791506191.707,"B,80975,10,b2:db:ca:e6:29:a6,56,2,0,0,-38,S,5c:62:8b:66:67:d2,2,0,0,0"
1791506191.707,"B,81075,10,5c:62:8b:66:67:d2,1824,16,23490,26,-44,A,5c:62:8b:66:67:d2,0,16,0,0"
1791506191.707,"B,81075,10,cc:b8:5e:ad:5c:4a,23322,20,1824,16,-46,S,5c:62:8b:66:67:d2,1,0,7,12"
1791506191.707,"B,81075,10,72:3b:01:24:b7:c8,140,5,0,0,-40,S,5c:62:8b:66:67:d2,5,0,0,0"
1791506191.707,"B,81075,10,b2:db:ca:e6:29:a6,28,1,0,0,-35,S,5c:62:8b:66:67:d2,1,0,0,0"
1791506191.912,"B,81175,10,5c:62:8b:66:67:d2,1760,16,77582,69,-44,A,5c:62:8b:66:67:d2,0,16,0,0"
1791506191.912,"B,81175,10,cc:b8:5e:ad:5c:4a,77554,68,1760,16,-47,S,5c:62:8b:66:67:d2,1,6,9,52"
1791506191.912,"B,81175,10,b2:db:ca:e6:29:a6,28,1,0,0,-40,S,5c:62:8b:66:67:d2,1,0,0,0"
1791506191.912,"B,81275,10,5c:62:8b:66:67:d2,739,6,13442,16,-44,A,5c:62:8b:66:67:d2,0,6,0,0"
1791506191.912,"B,81275,10,cc:b8:5e:ad:5c:4a,13302,11,739,6,-47,S,5c:62:8b:66:67:d2,0,0,2,9"
1791506191.912,"B,81275,10,72:3b:01:24:b7:c8,84,3,0,0,-40,S,5c:62:8b:66:67:d2,3,0,0,0"
1791506191.912,"B,81275,10,b2:db:ca:e6:29:a6,56,2,0,0,-41,S,5c:62:8b:66:67:d2,2,0,0,0"
1791506192.116,"B,81375,10,5c:62:8b:66:67:d2,330,3,5536,16,-45,A,5c:62:8b:66:67:d2,0,3,0,0"
1791506192.116,"B,81375,10,cc:b8:5e:ad:5c:4a,5340,9,330,3,-46,S,5c:62:8b:66:67:d2,1,5,0,3"
1791506192.116,"B,81375,10,72:3b:01:24:b7:c8,140,5,0,0,-39,S,5c:62:8b:66:67:d2,5,0,0,0"
1791506192.116,"B,81375,10,b2:db:ca:e6:29:a6,56,2,0,0,-42,S,5c:62:8b:66:67:d2,2,0,0,0"
1791506192.116,"B,81475,10,5c:62:8b:66:67:d2,550,5,28598,29,-44,A,5c:62:8b:66:67:d2,0,5,0,0"
1791506192.116,"B,81475,10,cc:b8:5e:ad:5c:4a,28514,26,550,5,-47,S,5c:62:8b:66:67:d2,1,3,1,21"
1791506192.116,"B,81475,10,72:3b:01:24:b7:c8,28,1,0,0,-40,S,5c:62:8b:66:67:d2,1,0,0,0"
1791506192.116,"B,81475,10,b2:db:ca:e6:29:a6,56,2,0,0,-42,S,5c:62:8b:66:67:d2,2,0,0,0"
1791506192.321,"B,81575,10,5c:62:8b:66:67:d2,440,4,6662,14,-44,A,5c:62:8b:66:67:d2,0,4,0,0"
1791506192.321,"B,81575,10,cc:b8:5e:ad:5c:4a,6438,6,440,4,-46,S,5c:62:8b:66:67:d2,1,0,0,5"
1791506192.321,"B,81575,10,72:3b:01:24:b7:c8,196,7,0,0,-40,S,5c:62:8b:66:67:d2,7,0,0,0"
1791506192.321,"B,81575,10,b2:db:ca:e6:29:a6,28,1,0,0,-41,S,5c:62:8b:66:67:d2,1,0,0,0"
1791506192.321,"B,81675,10,5c:62:8b:66:67:d2,1210,11,26706,26,-44,A,5c:62:8b:66:67:d2,0,11,0,0"
1791506192.321,"B,81675,10,cc:b8:5e:ad:5c:4a,26650,24,1210,11,-47,S,5c:62:8b:66:67:d2,1,4,1,18"
1791506192.321,"B,81675,10,b2:db:ca:e6:29:a6,56,2,0,0,-42,S,5c:62:8b:66:67:d2,2,0,0,0"
1791506192.526,"M,81731,end"
1791506192.526,"B,81775,10,5c:62:8b:66:67:d2,0,0,21878,20,-48,A,5c:62:8b:66:67:d2,0,0,0,0"
1791506192.526,"B,81775,10,cc:b8:5e:ad:5c:4a,21794,17,0,0,-47,S,5c:62:8b:66:67:d2,0,0,0,17"
1791506192.526,"B,81775,10,72:3b:01:24:b7:c8,28,1,0,0,-40,S,5c:62:8b:66:67:d2,1,0,0,0"
1791506192.526,"B,81775,10,b2:db:ca:e6:29:a6,56,2,0,0,-40,S,5c:62:8b:66:67:d2,2,0,0,0"
1791506192.526,"B,81875,10,5c:62:8b:66:67:d2,0,0,280,10,-46,A,5c:62:8b:66:67:d2,0,0,0,0"
1791506192.526,"B,81875,10,72:3b:01:24:b7:c8,224,8,0,0,-40,S,5c:62:8b:66:67:d2,8,0,0,0"
1791506192.526,"B,81875,10,b2:db:ca:e6:29:a6,56,2,0,0,-41,S,5c:62:8b:66:67:d2,2,0,0,0"
1791506192.731,"B,81975,10,78:8c:b5:f5:e7:26,80,1,0,0,-78,A,78:8c:b5:f5:e7:26,1,0,0,0"
1791506192.731,"B,81975,10,5c:62:8b:66:67:d2,1540,14,32100,29,-44,A,5c:62:8b:66:67:d2,0,14,0,0"
1791506192.731,"B,81975,10,cc:b8:5e:ad:5c:4a,32044,27,1540,14,-46,S,5c:62:8b:66:67:d2,1,1,2,23"
1791506192.731,"B,81975,10,b2:db:ca:e6:29:a6,56,2,0,0,-41,S,5c:62:8b:66:67:d2,2,0,0,0"
1791506192.731,"B,82075,10,5c:62:8b:66:67:d2,1100,10,52368,44,-44,A,5c:62:8b:66:67:d2,0,10,0,0"
1791506192.731,"B,82075,10,cc:b8:5e:ad:5c:4a,52340,43,1100,10,-46,S,5c:62:8b:66:67:d2,1,0,3,39"
1791506192.731,"B,82075,10,b2:db:ca:e6:29:a6,28,1,0,0,-41,S,5c:62:8b:66:67:d2,1,0,0,0"
1791506192.936,"B,82175,10,5c:62:8b:66:67:d2,0,0,3670,15,-48,A,5c:62:8b:66:67:d2,0,0,0,0"
1791506192.936,"B,82175,10,cc:b8:5e:ad:5c:4a,3362,4,0,0,-48,S,5c:62:8b:66:67:d2,1,0,1,2"
1791506192.936,"B,82175,10,72:3b:01:24:b7:c8,224,8,0,0,-38,S,5c:62:8b:66:67:d2,8,0,0,0"
1791506192.936,"B,82175,10,b2:db:ca:e6:29:a6,84,3,0,0,-41,S,5c:62:8b:66:67:d2,3,0,0,0"
1791506192.936,"B,82275,10,5c:62:8b:66:67:d2,770,7,18534,19,-44,A,5c:62:8b:66:67:d2,0,7,0,0"
1791506192.936,"B,82275,10,cc:b8:5e:ad:5c:4a,18506,18,770,7,-47,S,5c:62:8b:66:67:d2,1,4,1,12"
1791506192.936,"B,82275,10,b2:db:ca:e6:29:a6,28,1,0,0,-40,S,5c:62:8b:66:67:d2,1,0,0,0"
1791506193.141,"B,82375,10,5c:62:8b:66:67:d2,330,3,14094,14,-44,A,5c:62:8b:66:67:d2,0,3,0,0"
1791506193.141,"B,82375,10,cc:b8:5e:ad:5c:4a,14010,11,330,3,-48,S,5c:62:8b:66:67:d2,0,0,1,10"
1791506193.141,"B,82375,10,72:3b:01:24:b7:c8,56,2,0,0,-36,S,5c:62:8b:66:67:d2,2,0,0,0"
1791506193.141,"B,82375,10,b2:db:ca:e6:29:a6,28,1,0,0,-41,S,5c:62:8b:66:67:d2,1,0,0,0"
1791506193.141,"B,82475,10,78:8c:b5:f5:e7:26,80,1,0,0,-78,A,78:8c:b5:f5:e7:26,1,0,0,0"
1791506193.141,"B,82475,10,5c:62:8b:66:67:d2,330,3,13886,19,-44,A,5c:62:8b:66:67:d2,0,3,0,0"
1791506193.141,"B,82475,10,cc:b8:5e:ad:5c:4a,13690,12,330,3,-47,S,5c:62:8b:66:67:d2,1,0,1,10"
1791506193.141,"B,82475,10,72:3b:01:24:b7:c8,168,6,0,0,-38,S,5c:62:8b:66:67:d2,6,0,0,0"
1791506193.141,"B,82475,10,b2:db:ca:e6:29:a6,28,1,0,0,-40,S,5c:62:8b:66:67:d2,1,0,0,0"
1791506193.345,"B,82575,10,5c:62:8b:66:67:d2,770,7,29880,25,-44,A,5c:62:8b:66:67:d2,0,7,0,0"
1791506193.345,"B,82575,10,cc:b8:5e:ad:5c:4a,29880,25,770,7,-46,S,5c:62:8b:66:67:d2,1,0,6,18"
1791506193.345,"B,82675,10,5c:62:8b:66:67:d2,330,3,7808,11,-44,A,5c:62:8b:66:67:d2,0,3,0,0"
1791506193.345,"B,82675,10,cc:b8:5e:ad:5c:4a,7752,9,330,3,-43,S,5c:62:8b:66:67:d2,1,2,1,5"
1791506193.345,"B,82675,10,72:3b:01:24:b7:c8,56,2,0,0,-41,S,5c:62:8b:66:67:d2,2,0,0,0"
1791506193.546,"B,82775,10,5c:62:8b:66:67:d2,0,0,23160,21,-46,A,5c:62:8b:66:67:d2,0,0,0,0"
1791506193.546,"B,82775,10,cc:b8:5e:ad:5c:4a,23076,18,0,0,-47,S,5c:62:8b:66:67:d2,0,0,0,18"
1791506193.546,"B,82775,10,72:3b:01:24:b7:c8,84,3,0,0,-44,S,5c:62:8b:66:67:d2,3,0,0,0"
1791506193.546,"B,82875,10,5c:62:8b:66:67:d2,1320,12,23720,21,-44,A,5c:62:8b:66:67:d2,0,12,0,0"
1791506193.546,"B,82875,10,cc:b8:5e:ad:5c:4a,23720,21,1320,12,-47,S,5c:62:8b:66:67:d2,1,2,1,17"
