host_time_s,line
1791497789.242,"I,79,boot,spyscan-e2-sniffer,v0.1,transport=usb-serial-jtag"
1791497789.242,"A,154,1,00:eb:d8:38:aa:a8,-83,1511"
1791497789.242,"A,164,1,c2:a5:dd:1b:60:3b,-59,MERCURY_603B"
1791497789.242,"A,198,1,44:df:65:f4:66:07,-83,logovo_SKUFov"
1791497789.444,"B,279,1,08:9d:f4:81:f5:38,30,1,0,0,-89,S,c4:16:88:9a:06:5c"
1791497789.444,"B,279,1,c4:16:88:9a:06:5c,0,0,30,1,0,A,c4:16:88:9a:06:5c"
1791497789.444,"I,332,reset"
1791497789.444,"I,333,bin,100"
1791497789.444,"I,333,channel,10"
1791497789.444,"A,353,10,5c:62:8b:66:67:d2,-48,TP-Link_67D2"
1791497789.644,"B,479,10,5c:62:8b:66:67:d2,0,0,84,3,-48,A,5c:62:8b:66:67:d2"
1791497789.644,"B,479,10,72:3b:01:24:b7:c8,84,3,0,0,-44,S,5c:62:8b:66:67:d2"
1791497789.644,"A,536,10,78:8c:b5:f5:e7:26,-80,ITMO"
1791497789.644,"B,579,10,5c:62:8b:66:67:d2,0,0,56,2,-48,A,5c:62:8b:66:67:d2"
1791497789.644,"B,579,10,72:3b:01:24:b7:c8,56,2,0,0,-43,S,5c:62:8b:66:67:d2"
1791497789.644,"A,617,10,80:af:ca:68:4c:f8,-87,Cudy-4CF8"
1791497789.644,"M,638,baseline"
1791497790.052,"A,954,10,cc:d8:43:ca:9f:eb,-77,Xiaomi_DF62"
1791497790.257,"B,1079,10,5c:62:8b:66:67:d2,0,0,28,1,-47,A,5c:62:8b:66:67:d2"
1791497790.257,"B,1079,10,b2:db:ca:e6:29:a6,28,1,0,0,-38,S,5c:62:8b:66:67:d2"
1791497790.257,"B,1179,10,5c:62:8b:66:67:d2,0,0,56,2,-48,A,5c:62:8b:66:67:d2"
1791497790.257,"B,1179,10,b2:db:ca:e6:29:a6,56,2,0,0,-38,S,5c:62:8b:66:67:d2"
1791497790.462,"B,1279,10,5c:62:8b:66:67:d2,0,0,28,1,-48,A,5c:62:8b:66:67:d2"
1791497790.462,"B,1279,10,b2:db:ca:e6:29:a6,28,1,0,0,-36,S,5c:62:8b:66:67:d2"
1791497790.462,"B,1379,10,5c:62:8b:66:67:d2,82,1,110,2,-48,A,5c:62:8b:66:67:d2"
1791497790.462,"B,1379,10,cc:b8:5e:ad:5c:4a,110,2,82,1,-43,S,5c:62:8b:66:67:d2"
1791497790.868,"B,1779,10,5c:62:8b:66:67:d2,0,0,56,2,-48,A,5c:62:8b:66:67:d2"
1791497790.868,"B,1779,10,b2:db:ca:e6:29:a6,56,2,0,0,-37,S,5c:62:8b:66:67:d2"
1791497791.073,"B,1879,10,5c:62:8b:66:67:d2,0,0,56,2,-47,A,5c:62:8b:66:67:d2"
1791497791.073,"B,1879,10,b2:db:ca:e6:29:a6,56,2,0,0,-36,S,5c:62:8b:66:67:d2"
1791497791.073,"B,1979,10,5c:62:8b:66:67:d2,0,0,28,1,-48,A,5c:62:8b:66:67:d2"
1791497791.073,"B,1979,10,b2:db:ca:e6:29:a6,28,1,0,0,-38,S,5c:62:8b:66:67:d2"
1791497791.278,"B,2079,10,5c:62:8b:66:67:d2,0,0,56,2,-48,A,5c:62:8b:66:67:d2"
1791497791.278,"B,2079,10,b2:db:ca:e6:29:a6,56,2,0,0,-37,S,5c:62:8b:66:67:d2"
1791497791.483,"B,2279,10,5c:62:8b:66:67:d2,0,0,56,2,-48,A,5c:62:8b:66:67:d2"
1791497791.483,"B,2279,10,b2:db:ca:e6:29:a6,56,2,0,0,-37,S,5c:62:8b:66:67:d2"
1791497791.483,"B,2379,10,5c:62:8b:66:67:d2,0,0,56,2,-47,A,5c:62:8b:66:67:d2"
1791497791.483,"B,2379,10,b2:db:ca:e6:29:a6,56,2,0,0,-37,S,5c:62:8b:66:67:d2"
1791497791.684,"B,2479,10,5c:62:8b:66:67:d2,0,0,56,2,-48,A,5c:62:8b:66:67:d2"
1791497791.684,"B,2479,10,b2:db:ca:e6:29:a6,56,2,0,0,-38,S,5c:62:8b:66:67:d2"
1791497791.684,"B,2579,10,5c:62:8b:66:67:d2,0,0,112,4,-48,A,5c:62:8b:66:67:d2"
1791497791.684,"B,2579,10,b2:db:ca:e6:29:a6,112,4,0,0,-39,S,5c:62:8b:66:67:d2"
1791497791.684,"A,2678,10,00:eb:d8:11:99:9d,-60,"
1791497791.887,"B,2679,10,5c:62:8b:66:67:d2,0,0,28,1,-47,A,5c:62:8b:66:67:d2"
1791497791.887,"B,2679,10,b2:db:ca:e6:29:a6,28,1,0,0,-41,S,5c:62:8b:66:67:d2"
1791497791.887,"A,2680,10,02:eb:d8:11:99:9d,-61,"
1791497791.887,"A,2695,10,b0:a7:b9:23:82:ee,-88,________ __ ________"
1791497791.887,"B,2779,10,5c:62:8b:66:67:d2,0,0,56,2,-48,A,5c:62:8b:66:67:d2"
1791497791.887,"B,2779,10,b2:db:ca:e6:29:a6,56,2,0,0,-40,S,5c:62:8b:66:67:d2"
1791497792.088,"B,2879,10,5c:62:8b:66:67:d2,0,0,56,2,-48,A,5c:62:8b:66:67:d2"
1791497792.088,"B,2879,10,b2:db:ca:e6:29:a6,56,2,0,0,-38,S,5c:62:8b:66:67:d2"
1791497792.088,"B,2979,10,5c:62:8b:66:67:d2,0,0,56,2,-47,A,5c:62:8b:66:67:d2"
1791497792.088,"B,2979,10,b2:db:ca:e6:29:a6,56,2,0,0,-38,S,5c:62:8b:66:67:d2"
1791497792.088,"B,3079,10,5c:62:8b:66:67:d2,0,0,28,1,-48,A,5c:62:8b:66:67:d2"
1791497792.088,"B,3079,10,b2:db:ca:e6:29:a6,28,1,0,0,-38,S,5c:62:8b:66:67:d2"
1791497792.293,"B,3179,10,5c:62:8b:66:67:d2,0,0,84,3,-48,A,5c:62:8b:66:67:d2"
1791497792.293,"B,3179,10,b2:db:ca:e6:29:a6,84,3,0,0,-39,S,5c:62:8b:66:67:d2"
1791497792.293,"A,3253,10,64:d1:54:63:44:f4,-88,Kubok"
1791497792.494,"B,3379,10,5c:62:8b:66:67:d2,0,0,28,1,-48,A,5c:62:8b:66:67:d2"
1791497792.494,"B,3379,10,b2:db:ca:e6:29:a6,28,1,0,0,-40,S,5c:62:8b:66:67:d2"
1791497792.494,"B,3479,10,5c:62:8b:66:67:d2,0,0,56,2,-48,A,5c:62:8b:66:67:d2"
1791497792.494,"B,3479,10,b2:db:ca:e6:29:a6,56,2,0,0,-40,S,5c:62:8b:66:67:d2"
1791497792.696,"B,3579,10,5c:62:8b:66:67:d2,0,0,56,2,-47,A,5c:62:8b:66:67:d2"
1791497792.696,"B,3579,10,b2:db:ca:e6:29:a6,56,2,0,0,-40,S,5c:62:8b:66:67:d2"
1791497792.696,"B,3679,10,5c:62:8b:66:67:d2,0,0,56,2,-48,A,5c:62:8b:66:67:d2"
1791497792.696,"B,3679,10,b2:db:ca:e6:29:a6,56,2,0,0,-39,S,5c:62:8b:66:67:d2"
1791497792.899,"B,3779,10,5c:62:8b:66:67:d2,0,0,56,2,-47,A,5c:62:8b:66:67:d2"
1791497792.899,"B,3779,10,b2:db:ca:e6:29:a6,56,2,0,0,-38,S,5c:62:8b:66:67:d2"
1791497792.899,"B,3879,10,5c:62:8b:66:67:d2,0,0,56,2,-48,A,5c:62:8b:66:67:d2"
1791497792.899,"B,3879,10,80:af:ca:68:4c:f8,205,1,0,0,-86,A,80:af:ca:68:4c:f8"
1791497792.899,"B,3879,10,b2:db:ca:e6:29:a6,56,2,0,0,-39,S,5c:62:8b:66:67:d2"
1791497793.102,"B,3979,10,5c:62:8b:66:67:d2,0,0,56,2,-48,A,5c:62:8b:66:67:d2"
1791497793.102,"B,3979,10,b2:db:ca:e6:29:a6,56,2,0,0,-37,S,5c:62:8b:66:67:d2"
1791497793.102,"B,4079,10,5c:62:8b:66:67:d2,0,0,84,3,-48,A,5c:62:8b:66:67:d2"
1791497793.102,"B,4079,10,80:af:ca:68:4c:f8,549,1,0,0,-87,A,80:af:ca:68:4c:f8"
1791497793.102,"B,4079,10,b2:db:ca:e6:29:a6,84,3,0,0,-40,S,5c:62:8b:66:67:d2"
1791497793.305,"B,4179,10,5c:62:8b:66:67:d2,0,0,28,1,-48,A,5c:62:8b:66:67:d2"
1791497793.305,"B,4179,10,b2:db:ca:e6:29:a6,28,1,0,0,-41,S,5c:62:8b:66:67:d2"
1791497793.305,"B,4279,10,5c:62:8b:66:67:d2,0,0,56,2,-49,A,5c:62:8b:66:67:d2"
1791497793.305,"B,4279,10,b2:db:ca:e6:29:a6,56,2,0,0,-41,S,5c:62:8b:66:67:d2"
1791497793.506,"A,4308,10,82:af:ca:28:4c:f8,-84,"
1791497793.506,"B,4379,10,5c:62:8b:66:67:d2,106,1,328,3,-47,A,5c:62:8b:66:67:d2"
1791497793.506,"B,4379,10,72:3b:01:24:b7:c8,328,3,106,1,-41,S,5c:62:8b:66:67:d2"
1791497793.506,"B,4479,10,5c:62:8b:66:67:d2,0,0,140,5,-48,A,5c:62:8b:66:67:d2"
1791497793.506,"B,4479,10,72:3b:01:24:b7:c8,84,3,0,0,-42,S,5c:62:8b:66:67:d2"
1791497793.506,"B,4479,10,b2:db:ca:e6:29:a6,56,2,0,0,-41,S,5c:62:8b:66:67:d2"
1791497793.711,"B,4579,10,5c:62:8b:66:67:d2,106,1,390,6,-47,A,5c:62:8b:66:67:d2"
1791497793.711,"B,4579,10,72:3b:01:24:b7:c8,334,4,106,1,-42,S,5c:62:8b:66:67:d2"
1791497793.711,"B,4579,10,b2:db:ca:e6:29:a6,56,2,0,0,-41,S,5c:62:8b:66:67:d2"
1791497793.711,"B,4679,10,5c:62:8b:66:67:d2,0,0,112,4,-49,A,5c:62:8b:66:67:d2"
1791497793.711,"B,4679,10,72:3b:01:24:b7:c8,56,2,0,0,-42,S,5c:62:8b:66:67:d2"
1791497793.711,"B,4679,10,b2:db:ca:e6:29:a6,56,2,0,0,-41,S,5c:62:8b:66:67:d2"
1791497793.914,"B,4779,10,5c:62:8b:66:67:d2,0,0,56,2,-49,A,5c:62:8b:66:67:d2"
1791497793.914,"B,4779,10,b2:db:ca:e6:29:a6,56,2,0,0,-39,S,5c:62:8b:66:67:d2"
1791497793.914,"B,4879,10,5c:62:8b:66:67:d2,0,0,56,2,-49,A,5c:62:8b:66:67:d2"
1791497793.914,"B,4879,10,b2:db:ca:e6:29:a6,56,2,0,0,-37,S,5c:62:8b:66:67:d2"
1791497794.119,"B,4979,10,5c:62:8b:66:67:d2,0,0,538,7,-48,A,5c:62:8b:66:67:d2"
1791497794.119,"B,4979,10,72:3b:01:24:b7:c8,482,5,0,0,-43,S,5c:62:8b:66:67:d2"
1791497794.119,"B,4979,10,b2:db:ca:e6:29:a6,56,2,0,0,-41,S,5c:62:8b:66:67:d2"
1791497794.119,"A,5076,10,ba:97:a3:e0:bf:9f,-90,"
1791497794.119,"B,5079,10,5c:62:8b:66:67:d2,106,1,84,3,-46,A,5c:62:8b:66:67:d2"
1791497794.119,"B,5079,10,72:3b:01:24:b7:c8,28,1,106,1,-44,S,5c:62:8b:66:67:d2"
1791497794.119,"B,5079,10,b2:db:ca:e6:29:a6,56,2,0,0,-41,S,5c:62:8b:66:67:d2"
1791497794.119,"I,5080,stat,rx=255,drops=0,ch=10,bin=100,hop=0,heap=203064"
1791497794.320,"B,5179,10,5c:62:8b:66:67:d2,0,0,112,4,-48,A,5c:62:8b:66:67:d2"
1791497794.320,"B,5179,10,72:3b:01:24:b7:c8,84,3,0,0,-43,S,5c:62:8b:66:67:d2"
1791497794.320,"B,5179,10,b2:db:ca:e6:29:a6,28,1,0,0,-40,S,5c:62:8b:66:67:d2"
1791497794.320,"B,5279,10,5c:62:8b:66:67:d2,0,0,56,2,-48,A,5c:62:8b:66:67:d2"
1791497794.320,"B,5279,10,b2:db:ca:e6:29:a6,56,2,0,0,-41,S,5c:62:8b:66:67:d2"
1791497794.320,"B,5279,10,64:d1:54:63:44:f4,91,1,0,0,-87,A,64:d1:54:63:44:f4"
1791497794.521,"B,5379,10,5c:62:8b:66:67:d2,0,0,56,2,-48,A,5c:62:8b:66:67:d2"
1791497794.521,"B,5379,10,b2:db:ca:e6:29:a6,56,2,0,0,-41,S,5c:62:8b:66:67:d2"
1791497794.521,"B,5479,10,5c:62:8b:66:67:d2,0,0,28,1,-48,A,5c:62:8b:66:67:d2"
1791497794.521,"B,5479,10,b2:db:ca:e6:29:a6,28,1,0,0,-40,S,5c:62:8b:66:67:d2"
1791497794.521,"B,5479,10,b0:a7:b9:23:82:ee,0,0,60,2,-88,A,b0:a7:b9:23:82:ee"
1791497794.521,"B,5479,10,f2:51:4e:f8:1a:7f,60,2,0,0,-88,S,b0:a7:b9:23:82:ee"
1791497794.727,"B,5579,10,5c:62:8b:66:67:d2,0,0,28,1,-47,A,5c:62:8b:66:67:d2"
1791497794.727,"B,5579,10,b2:db:ca:e6:29:a6,28,1,0,0,-36,S,5c:62:8b:66:67:d2"
1791497794.727,"B,5579,10,b0:a7:b9:23:82:ee,0,0,60,2,0,A,b0:a7:b9:23:82:ee"
1791497794.727,"B,5579,10,f2:51:4e:f8:1a:7f,60,2,0,0,-91,S,b0:a7:b9:23:82:ee"
1791497794.727,"B,5679,10,b0:a7:b9:23:82:ee,0,0,30,1,0,A,b0:a7:b9:23:82:ee"
1791497794.727,"B,5679,10,f2:51:4e:f8:1a:7f,30,1,0,0,-90,S,b0:a7:b9:23:82:ee"
1791497794.932,"B,5779,10,b0:a7:b9:23:82:ee,0,0,30,1,0,A,b0:a7:b9:23:82:ee"
1791497794.932,"B,5779,10,f2:51:4e:f8:1a:7f,30,1,0,0,-89,S,b0:a7:b9:23:82:ee"
1791497795.544,"B,6379,10,78:8c:b5:f5:e7:26,80,1,0,0,-79,A,78:8c:b5:f5:e7:26"
1791497795.747,"B,6679,10,5c:62:8b:66:67:d2,0,0,28,1,-47,A,5c:62:8b:66:67:d2"
1791497795.747,"B,6679,10,b2:db:ca:e6:29:a6,28,1,0,0,-43,S,5c:62:8b:66:67:d2"
1791497795.952,"B,6779,10,5c:62:8b:66:67:d2,100,1,150,3,-46,A,5c:62:8b:66:67:d2"
1791497795.952,"B,6779,10,b2:db:ca:e6:29:a6,28,1,0,0,-36,S,5c:62:8b:66:67:d2"
1791497795.952,"B,6779,10,46:88:44:6e:4f:e4,122,2,100,1,-33,S,5c:62:8b:66:67:d2"
1791497795.952,"B,6879,10,5c:62:8b:66:67:d2,0,0,28,1,-47,A,5c:62:8b:66:67:d2"
1791497795.952,"B,6879,10,78:8c:b5:f5:e7:26,92,1,0,0,-78,A,78:8c:b5:f5:e7:26"
1791497795.952,"B,6879,10,b2:db:ca:e6:29:a6,28,1,0,0,-42,S,5c:62:8b:66:67:d2"
1791497796.158,"B,6979,10,5c:62:8b:66:67:d2,0,0,56,2,-49,A,5c:62:8b:66:67:d2"
1791497796.158,"B,6979,10,b2:db:ca:e6:29:a6,56,2,0,0,-41,S,5c:62:8b:66:67:d2"
1791497796.158,"B,7079,10,5c:62:8b:66:67:d2,0,0,56,2,-48,A,5c:62:8b:66:67:d2"
1791497796.158,"B,7079,10,b2:db:ca:e6:29:a6,56,2,0,0,-43,S,5c:62:8b:66:67:d2"
1791497796.363,"B,7179,10,5c:62:8b:66:67:d2,0,0,56,2,-48,A,5c:62:8b:66:67:d2"
1791497796.363,"B,7179,10,b2:db:ca:e6:29:a6,56,2,0,0,-41,S,5c:62:8b:66:67:d2"
1791497796.363,"B,7279,10,5c:62:8b:66:67:d2,0,0,28,1,-48,A,5c:62:8b:66:67:d2"
1791497796.363,"B,7279,10,b2:db:ca:e6:29:a6,28,1,0,0,-43,S,5c:62:8b:66:67:d2"
1791497796.565,"B,7379,10,5c:62:8b:66:67:d2,0,0,28,1,-47,A,5c:62:8b:66:67:d2"
1791497796.565,"B,7379,10,78:8c:b5:f5:e7:26,80,1,0,0,-82,A,78:8c:b5:f5:e7:26"
1791497796.565,"B,7379,10,b2:db:ca:e6:29:a6,28,1,0,0,-42,S,5c:62:8b:66:67:d2"
1791497796.565,"B,7479,10,5c:62:8b:66:67:d2,0,0,56,2,-49,A,5c:62:8b:66:67:d2"
1791497796.565,"B,7479,10,b2:db:ca:e6:29:a6,56,2,0,0,-41,S,5c:62:8b:66:67:d2"
1791497796.770,"B,7579,10,5c:62:8b:66:67:d2,0,0,56,2,-48,A,5c:62:8b:66:67:d2"
1791497796.770,"B,7579,10,b2:db:ca:e6:29:a6,56,2,0,0,-42,S,5c:62:8b:66:67:d2"
1791497796.770,"B,7679,10,5c:62:8b:66:67:d2,0,0,28,1,-49,A,5c:62:8b:66:67:d2"
1791497796.770,"B,7679,10,b2:db:ca:e6:29:a6,28,1,0,0,-42,S,5c:62:8b:66:67:d2"
1791497796.973,"B,7879,10,78:8c:b5:f5:e7:26,100,1,0,0,-81,A,78:8c:b5:f5:e7:26"
1791497797.383,"B,8279,10,5c:62:8b:66:67:d2,0,0,112,4,-48,A,5c:62:8b:66:67:d2"
1791497797.383,"B,8279,10,78:8c:b5:f5:e7:26,92,1,0,0,-79,A,78:8c:b5:f5:e7:26"
1791497797.383,"B,8279,10,b2:db:ca:e6:29:a6,112,4,0,0,-36,S,5c:62:8b:66:67:d2"
1791497797.584,"B,8379,10,5c:62:8b:66:67:d2,0,0,28,1,-48,A,5c:62:8b:66:67:d2"
1791497797.584,"B,8379,10,b2:db:ca:e6:29:a6,28,1,0,0,-42,S,5c:62:8b:66:67:d2"
1791497797.584,"B,8479,10,5c:62:8b:66:67:d2,0,0,56,2,-48,A,5c:62:8b:66:67:d2"
1791497797.584,"B,8479,10,b2:db:ca:e6:29:a6,56,2,0,0,-42,S,5c:62:8b:66:67:d2"
1791497797.784,"B,8579,10,5c:62:8b:66:67:d2,0,0,56,2,-48,A,5c:62:8b:66:67:d2"
1791497797.784,"B,8579,10,b2:db:ca:e6:29:a6,56,2,0,0,-40,S,5c:62:8b:66:67:d2"
1791497797.784,"B,8679,10,5c:62:8b:66:67:d2,0,0,56,2,-48,A,5c:62:8b:66:67:d2"
1791497797.784,"B,8679,10,b2:db:ca:e6:29:a6,56,2,0,0,-41,S,5c:62:8b:66:67:d2"
1791497797.985,"B,8779,10,5c:62:8b:66:67:d2,0,0,28,1,-48,A,5c:62:8b:66:67:d2"
1791497797.985,"B,8779,10,78:8c:b5:f5:e7:26,92,1,0,0,-78,A,78:8c:b5:f5:e7:26"
1791497797.985,"B,8779,10,b2:db:ca:e6:29:a6,28,1,0,0,-41,S,5c:62:8b:66:67:d2"
1791497797.985,"B,8879,10,5c:62:8b:66:67:d2,0,0,28,1,-48,A,5c:62:8b:66:67:d2"
1791497797.985,"B,8879,10,78:8c:b5:f5:e7:26,92,1,0,0,-77,A,78:8c:b5:f5:e7:26"
1791497797.985,"B,8879,10,b2:db:ca:e6:29:a6,28,1,0,0,-41,S,5c:62:8b:66:67:d2"
1791497797.985,"B,8979,10,5c:62:8b:66:67:d2,0,0,56,2,-48,A,5c:62:8b:66:67:d2"
1791497798.188,"B,8979,10,b2:db:ca:e6:29:a6,56,2,0,0,-41,S,5c:62:8b:66:67:d2"
1791497798.188,"B,9079,10,5c:62:8b:66:67:d2,0,0,28,1,-47,A,5c:62:8b:66:67:d2"
1791497798.188,"B,9079,10,b2:db:ca:e6:29:a6,28,1,0,0,-42,S,5c:62:8b:66:67:d2"
1791497798.595,"B,9579,10,5c:62:8b:66:67:d2,0,0,56,2,-48,A,5c:62:8b:66:67:d2"
1791497798.595,"B,9579,10,b2:db:ca:e6:29:a6,56,2,0,0,-41,S,5c:62:8b:66:67:d2"
1791497798.797,"B,9679,10,5c:62:8b:66:67:d2,0,0,56,2,-49,A,5c:62:8b:66:67:d2"
1791497798.797,"B,9679,10,b2:db:ca:e6:29:a6,56,2,0,0,-39,S,5c:62:8b:66:67:d2"
1791497798.797,"B,9779,10,5c:62:8b:66:67:d2,0,0,56,2,-48,A,5c:62:8b:66:67:d2"
1791497798.797,"B,9779,10,b2:db:ca:e6:29:a6,56,2,0,0,-41,S,5c:62:8b:66:67:d2"
1791497798.999,"A,9793,10,ba:97:a3:e0:bf:91,-89,"
1791497798.999,"B,9879,10,5c:62:8b:66:67:d2,0,0,169,3,-48,A,5c:62:8b:66:67:d2"
1791497798.999,"B,9879,10,b2:db:ca:e6:29:a6,56,2,0,0,-41,S,5c:62:8b:66:67:d2"
1791497798.999,"B,9879,10,cc:b8:5e:ad:5c:4a,113,1,0,0,-48,S,5c:62:8b:66:67:d2"
1791497798.999,"B,9979,10,5c:62:8b:66:67:d2,109,1,56,2,-47,A,5c:62:8b:66:67:d2"
1791497798.999,"B,9979,10,b2:db:ca:e6:29:a6,56,2,0,0,-42,S,5c:62:8b:66:67:d2"
1791497798.999,"B,9979,10,cc:b8:5e:ad:5c:4a,0,0,109,1,0,S,5c:62:8b:66:67:d2"
1791497799.202,"B,10079,10,5c:62:8b:66:67:d2,0,0,134,2,0,A,5c:62:8b:66:67:d2"
1791497799.202,"B,10079,10,b2:db:ca:e6:29:a6,28,1,0,0,-42,S,5c:62:8b:66:67:d2"
1791497799.202,"B,10079,10,cc:b8:5e:ad:5c:4a,106,1,0,0,-48,S,5c:62:8b:66:67:d2"
1791497799.202,"I,10080,stat,rx=524,drops=0,ch=10,bin=100,hop=0,heap=203064"
1791497799.202,"B,10179,10,5c:62:8b:66:67:d2,0,0,56,2,-49,A,5c:62:8b:66:67:d2"
1791497799.202,"B,10179,10,b2:db:ca:e6:29:a6,56,2,0,0,-41,S,5c:62:8b:66:67:d2"
1791497799.406,"B,10279,10,5c:62:8b:66:67:d2,0,0,56,2,-48,A,5c:62:8b:66:67:d2"
1791497799.406,"B,10279,10,b2:db:ca:e6:29:a6,56,2,0,0,-41,S,5c:62:8b:66:67:d2"
1791497799.406,"B,10379,10,5c:62:8b:66:67:d2,0,0,56,2,-48,A,5c:62:8b:66:67:d2"
1791497799.406,"B,10379,10,b2:db:ca:e6:29:a6,56,2,0,0,-39,S,5c:62:8b:66:67:d2"
1791497799.610,"B,10479,10,5c:62:8b:66:67:d2,0,0,56,2,-49,A,5c:62:8b:66:67:d2"
1791497799.610,"B,10479,10,78:8c:b5:f5:e7:26,80,1,0,0,-77,A,78:8c:b5:f5:e7:26"
1791497799.610,"B,10479,10,b2:db:ca:e6:29:a6,56,2,0,0,-40,S,5c:62:8b:66:67:d2"
1791497799.610,"B,10579,10,5c:62:8b:66:67:d2,0,0,28,1,-48,A,5c:62:8b:66:67:d2"
1791497799.610,"B,10579,10,80:af:ca:68:4c:f8,104,1,0,0,-84,A,80:af:ca:68:4c:f8"
1791497799.610,"B,10579,10,b2:db:ca:e6:29:a6,28,1,0,0,-42,S,5c:62:8b:66:67:d2"
1791497799.814,"B,10679,10,5c:62:8b:66:67:d2,0,0,56,2,-49,A,5c:62:8b:66:67:d2"
1791497799.814,"B,10679,10,b2:db:ca:e6:29:a6,56,2,0,0,-41,S,5c:62:8b:66:67:d2"
1791497799.814,"B,10779,10,5c:62:8b:66:67:d2,0,0,56,2,-48,A,5c:62:8b:66:67:d2"
1791497799.814,"B,10779,10,b2:db:ca:e6:29:a6,56,2,0,0,-41,S,5c:62:8b:66:67:d2"
1791497800.018,"B,10879,10,5c:62:8b:66:67:d2,0,0,56,2,-48,A,5c:62:8b:66:67:d2"
1791497800.018,"B,10879,10,b2:db:ca:e6:29:a6,56,2,0,0,-42,S,5c:62:8b:66:67:d2"
1791497800.018,"B,10979,10,5c:62:8b:66:67:d2,0,0,56,2,-48,A,5c:62:8b:66:67:d2"
1791497800.018,"B,10979,10,b2:db:ca:e6:29:a6,56,2,0,0,-41,S,5c:62:8b:66:67:d2"
1791497800.219,"B,11079,10,5c:62:8b:66:67:d2,0,0,28,1,-49,A,5c:62:8b:66:67:d2"
1791497800.219,"B,11079,10,b2:db:ca:e6:29:a6,28,1,0,0,-43,S,5c:62:8b:66:67:d2"
1791497800.219,"B,11179,10,5c:62:8b:66:67:d2,0,0,56,2,-48,A,5c:62:8b:66:67:d2"
1791497800.219,"B,11179,10,b2:db:ca:e6:29:a6,56,2,0,0,-40,S,5c:62:8b:66:67:d2"
1791497800.423,"B,11279,10,5c:62:8b:66:67:d2,0,0,56,2,-48,A,5c:62:8b:66:67:d2"
1791497800.423,"B,11279,10,b2:db:ca:e6:29:a6,56,2,0,0,-42,S,5c:62:8b:66:67:d2"
1791497800.423,"B,11379,10,5c:62:8b:66:67:d2,0,0,28,1,-48,A,5c:62:8b:66:67:d2"
1791497800.423,"B,11379,10,78:8c:b5:f5:e7:26,0,0,30,1,-77,A,78:8c:b5:f5:e7:26"
1791497800.423,"B,11379,10,b2:db:ca:e6:29:a6,28,1,0,0,-41,S,5c:62:8b:66:67:d2"
1791497800.423,"B,11379,10,a6:4c:bd:b6:c7:99,30,1,0,0,-92,S,78:8c:b5:f5:e7:26"
1791497800.628,"B,11479,10,5c:62:8b:66:67:d2,0,0,28,1,-48,A,5c:62:8b:66:67:d2"
1791497800.628,"B,11479,10,78:8c:b5:f5:e7:26,80,1,0,0,-77,A,78:8c:b5:f5:e7:26"
1791497800.628,"B,11479,10,b2:db:ca:e6:29:a6,28,1,0,0,-41,S,5c:62:8b:66:67:d2"
1791497800.628,"B,11579,10,5c:62:8b:66:67:d2,0,0,56,2,-49,A,5c:62:8b:66:67:d2"
1791497800.628,"B,11579,10,b2:db:ca:e6:29:a6,56,2,0,0,-38,S,5c:62:8b:66:67:d2"
1791497800.831,"B,11679,10,5c:62:8b:66:67:d2,0,0,56,2,-49,A,5c:62:8b:66:67:d2"
1791497800.831,"B,11679,10,b2:db:ca:e6:29:a6,56,2,0,0,-41,S,5c:62:8b:66:67:d2"
1791497800.831,"B,11779,10,5c:62:8b:66:67:d2,0,0,56,2,-48,A,5c:62:8b:66:67:d2"
1791497800.831,"B,11779,10,b2:db:ca:e6:29:a6,56,2,0,0,-42,S,5c:62:8b:66:67:d2"
1791497801.036,"B,11879,10,5c:62:8b:66:67:d2,0,0,56,2,-48,A,5c:62:8b:66:67:d2"
1791497801.036,"B,11879,10,b2:db:ca:e6:29:a6,56,2,0,0,-38,S,5c:62:8b:66:67:d2"
1791497801.036,"B,11979,10,5c:62:8b:66:67:d2,0,0,56,2,-48,A,5c:62:8b:66:67:d2"
1791497801.036,"B,11979,10,b2:db:ca:e6:29:a6,56,2,0,0,-41,S,5c:62:8b:66:67:d2"
1791497801.239,"B,12079,10,5c:62:8b:66:67:d2,0,0,56,2,-48,A,5c:62:8b:66:67:d2"
1791497801.239,"B,12079,10,b2:db:ca:e6:29:a6,56,2,0,0,-42,S,5c:62:8b:66:67:d2"
1791497801.444,"B,12279,10,5c:62:8b:66:67:d2,0,0,28,1,-48,A,5c:62:8b:66:67:d2"
1791497801.444,"B,12279,10,b2:db:ca:e6:29:a6,28,1,0,0,-42,S,5c:62:8b:66:67:d2"
1791497801.444,"B,12379,10,78:8c:b5:f5:e7:26,80,1,0,0,-77,A,78:8c:b5:f5:e7:26"
1791497801.851,"B,12679,10,80:af:ca:68:4c:f8,104,1,0,0,-84,A,80:af:ca:68:4c:f8"
1791497801.851,"B,12679,10,64:d1:54:63:44:f4,130,1,0,0,-87,A,64:d1:54:63:44:f4"
1791497802.661,"B,13479,10,5c:62:8b:66:67:d2,0,0,84,3,-48,A,5c:62:8b:66:67:d2"
1791497802.661,"B,13479,10,b2:db:ca:e6:29:a6,84,3,0,0,-41,S,5c:62:8b:66:67:d2"
1791497802.661,"B,13579,10,5c:62:8b:66:67:d2,0,0,28,1,-48,A,5c:62:8b:66:67:d2"
1791497802.661,"B,13579,10,b2:db:ca:e6:29:a6,28,1,0,0,-36,S,5c:62:8b:66:67:d2"
1791497802.661,"B,13579,10,b0:a7:b9:23:82:ee,341,3,0,0,-90,A,b0:a7:b9:23:82:ee"
1791497802.867,"B,13679,10,5c:62:8b:66:67:d2,0,0,84,3,-48,A,5c:62:8b:66:67:d2"
1791497802.867,"B,13679,10,b2:db:ca:e6:29:a6,84,3,0,0,-40,S,5c:62:8b:66:67:d2"
1791497802.867,"B,13679,10,b0:a7:b9:23:82:ee,252,2,0,0,-93,A,b0:a7:b9:23:82:ee"
1791497802.867,"B,13779,10,5c:62:8b:66:67:d2,0,0,28,1,-48,A,5c:62:8b:66:67:d2"
1791497802.867,"B,13779,10,b2:db:ca:e6:29:a6,28,1,0,0,-41,S,5c:62:8b:66:67:d2"
1791497802.867,"B,13779,10,b0:a7:b9:23:82:ee,0,0,30,1,0,A,b0:a7:b9:23:82:ee"
1791497802.867,"B,13779,10,f2:51:4e:f8:1a:7f,30,1,0,0,-87,S,b0:a7:b9:23:82:ee"
1791497803.072,"B,13879,10,5c:62:8b:66:67:d2,0,0,56,2,-48,A,5c:62:8b:66:67:d2"
1791497803.072,"B,13879,10,80:af:ca:68:4c:f8,205,1,0,0,-86,A,80:af:ca:68:4c:f8"
1791497803.072,"B,13879,10,b2:db:ca:e6:29:a6,56,2,0,0,-42,S,5c:62:8b:66:67:d2"
1791497803.072,"B,13979,10,5c:62:8b:66:67:d2,0,0,56,2,-47,A,5c:62:8b:66:67:d2"
1791497803.072,"B,13979,10,80:af:ca:68:4c:f8,205,1,0,0,-87,A,80:af:ca:68:4c:f8"
1791497803.072,"B,13979,10,b2:db:ca:e6:29:a6,56,2,0,0,-41,S,5c:62:8b:66:67:d2"
1791497803.274,"B,14079,10,5c:62:8b:66:67:d2,0,0,28,1,-47,A,5c:62:8b:66:67:d2"
1791497803.274,"B,14079,10,b2:db:ca:e6:29:a6,28,1,0,0,-42,S,5c:62:8b:66:67:d2"
1791497803.274,"B,14179,10,5c:62:8b:66:67:d2,0,0,56,2,-48,A,5c:62:8b:66:67:d2"
1791497803.274,"B,14179,10,b2:db:ca:e6:29:a6,56,2,0,0,-41,S,5c:62:8b:66:67:d2"
1791497803.274,"B,14179,10,b0:a7:b9:23:82:ee,0,0,30,1,0,A,b0:a7:b9:23:82:ee"
1791497803.274,"B,14179,10,f2:51:4e:f8:1a:7f,30,1,0,0,-89,S,b0:a7:b9:23:82:ee"
1791497803.479,"B,14279,10,5c:62:8b:66:67:d2,0,0,28,1,-48,A,5c:62:8b:66:67:d2"
1791497803.479,"B,14279,10,b2:db:ca:e6:29:a6,28,1,0,0,-42,S,5c:62:8b:66:67:d2"
1791497803.479,"B,14279,10,b0:a7:b9:23:82:ee,0,0,30,1,0,A,b0:a7:b9:23:82:ee"
1791497803.479,"B,14279,10,f2:51:4e:f8:1a:7f,30,1,0,0,-89,S,b0:a7:b9:23:82:ee"
1791497804.089,"I,15083,stat,rx=802,drops=0,ch=10,bin=100,hop=0,heap=203064"
1791497805.104,"B,15979,10,5c:62:8b:66:67:d2,0,0,28,1,-47,A,5c:62:8b:66:67:d2"
1791497805.104,"B,15979,10,b2:db:ca:e6:29:a6,28,1,0,0,-44,S,5c:62:8b:66:67:d2"
1791497805.104,"B,16079,10,5c:62:8b:66:67:d2,0,0,56,2,-47,A,5c:62:8b:66:67:d2"
1791497805.104,"B,16079,10,b2:db:ca:e6:29:a6,56,2,0,0,-42,S,5c:62:8b:66:67:d2"
1791497805.306,"B,16179,10,5c:62:8b:66:67:d2,0,0,56,2,-48,A,5c:62:8b:66:67:d2"
1791497805.306,"B,16179,10,b2:db:ca:e6:29:a6,56,2,0,0,-43,S,5c:62:8b:66:67:d2"
1791497805.306,"B,16279,10,5c:62:8b:66:67:d2,0,0,56,2,-47,A,5c:62:8b:66:67:d2"
1791497805.306,"B,16279,10,b2:db:ca:e6:29:a6,56,2,0,0,-43,S,5c:62:8b:66:67:d2"
1791497805.511,"B,16479,10,5c:62:8b:66:67:d2,0,0,56,2,-48,A,5c:62:8b:66:67:d2"
1791497805.511,"B,16479,10,b2:db:ca:e6:29:a6,56,2,0,0,-41,S,5c:62:8b:66:67:d2"
1791497805.715,"B,16579,10,5c:62:8b:66:67:d2,0,0,56,2,-49,A,5c:62:8b:66:67:d2"
1791497805.715,"B,16579,10,b2:db:ca:e6:29:a6,56,2,0,0,-43,S,5c:62:8b:66:67:d2"
1791497805.715,"B,16679,10,5c:62:8b:66:67:d2,0,0,84,3,-49,A,5c:62:8b:66:67:d2"
1791497805.715,"B,16679,10,b2:db:ca:e6:29:a6,84,3,0,0,-42,S,5c:62:8b:66:67:d2"
1791497805.920,"B,16779,10,5c:62:8b:66:67:d2,0,0,28,1,-48,A,5c:62:8b:66:67:d2"
1791497805.920,"B,16779,10,b2:db:ca:e6:29:a6,28,1,0,0,-43,S,5c:62:8b:66:67:d2"
1791497805.920,"B,16879,10,5c:62:8b:66:67:d2,0,0,28,1,-48,A,5c:62:8b:66:67:d2"
1791497805.920,"B,16879,10,b2:db:ca:e6:29:a6,28,1,0,0,-43,S,5c:62:8b:66:67:d2"
1791497806.126,"B,16979,10,5c:62:8b:66:67:d2,0,0,56,2,-48,A,5c:62:8b:66:67:d2"
1791497806.126,"B,16979,10,b2:db:ca:e6:29:a6,56,2,0,0,-43,S,5c:62:8b:66:67:d2"
1791497806.126,"B,17079,10,5c:62:8b:66:67:d2,0,0,56,2,-47,A,5c:62:8b:66:67:d2"
1791497806.126,"B,17079,10,b2:db:ca:e6:29:a6,56,2,0,0,-42,S,5c:62:8b:66:67:d2"
1791497806.331,"B,17179,10,5c:62:8b:66:67:d2,0,0,56,2,-48,A,5c:62:8b:66:67:d2"
1791497806.331,"B,17179,10,b2:db:ca:e6:29:a6,56,2,0,0,-43,S,5c:62:8b:66:67:d2"
1791497806.331,"B,17279,10,5c:62:8b:66:67:d2,0,0,56,2,-48,A,5c:62:8b:66:67:d2"
1791497806.331,"B,17279,10,b2:db:ca:e6:29:a6,56,2,0,0,-42,S,5c:62:8b:66:67:d2"
1791497806.536,"B,17379,10,5c:62:8b:66:67:d2,0,0,28,1,-49,A,5c:62:8b:66:67:d2"
1791497806.536,"B,17379,10,b2:db:ca:e6:29:a6,28,1,0,0,-44,S,5c:62:8b:66:67:d2"
1791497806.536,"B,17479,10,5c:62:8b:66:67:d2,0,0,28,1,-48,A,5c:62:8b:66:67:d2"
1791497806.536,"B,17479,10,b2:db:ca:e6:29:a6,28,1,0,0,-43,S,5c:62:8b:66:67:d2"
1791497806.737,"B,17579,10,5c:62:8b:66:67:d2,0,0,28,1,-49,A,5c:62:8b:66:67:d2"
1791497806.737,"B,17579,10,b2:db:ca:e6:29:a6,28,1,0,0,-43,S,5c:62:8b:66:67:d2"
1791497807.145,"B,18079,10,80:af:ca:68:4c:f8,84,1,0,0,-84,A,80:af:ca:68:4c:f8"
1791497807.347,"B,18279,10,5c:62:8b:66:67:d2,0,0,28,1,-48,A,5c:62:8b:66:67:d2"
1791497807.347,"B,18279,10,b2:db:ca:e6:29:a6,28,1,0,0,-43,S,5c:62:8b:66:67:d2"
1791497807.549,"B,18379,10,5c:62:8b:66:67:d2,0,0,84,3,-49,A,5c:62:8b:66:67:d2"
1791497807.549,"B,18379,10,78:8c:b5:f5:e7:26,80,1,0,0,-78,A,78:8c:b5:f5:e7:26"
1791497807.549,"B,18379,10,b2:db:ca:e6:29:a6,84,3,0,0,-43,S,5c:62:8b:66:67:d2"
1791497807.549,"B,18479,10,5c:62:8b:66:67:d2,0,0,56,2,-48,A,5c:62:8b:66:67:d2"
1791497807.549,"B,18479,10,b2:db:ca:e6:29:a6,56,2,0,0,-43,S,5c:62:8b:66:67:d2"
1791497807.754,"B,18579,10,5c:62:8b:66:67:d2,0,0,28,1,-49,A,5c:62:8b:66:67:d2"
1791497807.754,"B,18579,10,b2:db:ca:e6:29:a6,28,1,0,0,-41,S,5c:62:8b:66:67:d2"
1791497807.754,"B,18679,10,5c:62:8b:66:67:d2,0,0,56,2,0,A,5c:62:8b:66:67:d2"
1791497807.754,"B,18679,10,80:af:ca:68:4c:f8,104,1,0,0,-84,A,80:af:ca:68:4c:f8"
1791497807.754,"B,18679,10,b2:db:ca:e6:29:a6,56,2,0,0,-43,S,5c:62:8b:66:67:d2"
1791497807.959,"B,18779,10,5c:62:8b:66:67:d2,0,0,112,4,-49,A,5c:62:8b:66:67:d2"
1791497807.959,"B,18779,10,b2:db:ca:e6:29:a6,112,4,0,0,-43,S,5c:62:8b:66:67:d2"
1791497807.959,"B,18879,10,5c:62:8b:66:67:d2,0,0,28,1,-48,A,5c:62:8b:66:67:d2"
1791497807.959,"B,18879,10,b2:db:ca:e6:29:a6,28,1,0,0,-43,S,5c:62:8b:66:67:d2"
1791497808.164,"B,19079,10,5c:62:8b:66:67:d2,0,0,84,3,-48,A,5c:62:8b:66:67:d2"
1791497808.164,"B,19079,10,b2:db:ca:e6:29:a6,84,3,0,0,-43,S,5c:62:8b:66:67:d2"
1791497808.364,"B,19179,10,5c:62:8b:66:67:d2,0,0,56,2,-48,A,5c:62:8b:66:67:d2"
1791497808.364,"B,19179,10,b2:db:ca:e6:29:a6,56,2,0,0,-42,S,5c:62:8b:66:67:d2"
1791497808.364,"B,19279,10,5c:62:8b:66:67:d2,0,0,56,2,-48,A,5c:62:8b:66:67:d2"
1791497808.364,"B,19279,10,b2:db:ca:e6:29:a6,56,2,0,0,-42,S,5c:62:8b:66:67:d2"
1791497808.569,"B,19379,10,5c:62:8b:66:67:d2,0,0,84,3,-48,A,5c:62:8b:66:67:d2"
1791497808.569,"B,19379,10,b2:db:ca:e6:29:a6,84,3,0,0,-41,S,5c:62:8b:66:67:d2"
1791497808.569,"B,19479,10,5c:62:8b:66:67:d2,0,0,84,3,-48,A,5c:62:8b:66:67:d2"
1791497808.569,"B,19479,10,78:8c:b5:f5:e7:26,0,0,28,1,-82,A,78:8c:b5:f5:e7:26"
1791497808.569,"B,19479,10,b2:db:ca:e6:29:a6,84,3,0,0,-41,S,5c:62:8b:66:67:d2"
1791497808.569,"B,19479,10,00:08:22:24:d6:fb,28,1,0,0,-85,S,78:8c:b5:f5:e7:26"
1791497808.775,"B,19579,10,5c:62:8b:66:67:d2,0,0,56,2,-49,A,5c:62:8b:66:67:d2"
1791497808.775,"B,19579,10,b2:db:ca:e6:29:a6,56,2,0,0,-43,S,5c:62:8b:66:67:d2"
1791497808.775,"B,19679,10,5c:62:8b:66:67:d2,0,0,28,1,-48,A,5c:62:8b:66:67:d2"
1791497808.775,"B,19679,10,b2:db:ca:e6:29:a6,28,1,0,0,-43,S,5c:62:8b:66:67:d2"
1791497809.183,"B,20079,10,b0:a7:b9:23:82:ee,98,1,0,0,-90,A,b0:a7:b9:23:82:ee"
1791497809.183,"I,20085,stat,rx=1079,drops=0,ch=10,bin=100,hop=0,heap=203064"
1791497809.788,"B,20679,10,5c:62:8b:66:67:d2,0,0,314,2,-48,A,5c:62:8b:66:67:d2"
1791497809.788,"B,20679,10,72:3b:01:24:b7:c8,314,2,0,0,-42,S,5c:62:8b:66:67:d2"
1791497809.788,"B,20779,10,5c:62:8b:66:67:d2,0,0,168,6,-48,A,5c:62:8b:66:67:d2"
1791497809.788,"B,20779,10,72:3b:01:24:b7:c8,140,5,0,0,-43,S,5c:62:8b:66:67:d2"
1791497809.989,"B,20779,10,b2:db:ca:e6:29:a6,28,1,0,0,-42,S,5c:62:8b:66:67:d2"
1791497809.989,"M,20796,slot,0,1"
1791497809.989,"B,20879,10,5c:62:8b:66:67:d2,4254,5,580,10,-46,A,5c:62:8b:66:67:d2"
1791497809.989,"B,20879,10,72:3b:01:24:b7:c8,468,6,4254,5,-41,S,5c:62:8b:66:67:d2"
1791497809.989,"B,20879,10,b2:db:ca:e6:29:a6,112,4,0,0,-39,S,5c:62:8b:66:67:d2"
1791497809.989,"B,20979,10,5c:62:8b:66:67:d2,0,0,56,2,-48,A,5c:62:8b:66:67:d2"
1791497809.989,"B,20979,10,b2:db:ca:e6:29:a6,56,2,0,0,-41,S,5c:62:8b:66:67:d2"
1791497810.190,"B,21079,10,5c:62:8b:66:67:d2,0,0,140,5,-48,A,5c:62:8b:66:67:d2"
1791497810.190,"B,21079,10,72:3b:01:24:b7:c8,112,4,0,0,-42,S,5c:62:8b:66:67:d2"
1791497810.190,"B,21079,10,b2:db:ca:e6:29:a6,28,1,0,0,-40,S,5c:62:8b:66:67:d2"
1791497810.190,"B,21179,10,5c:62:8b:66:67:d2,0,0,28,1,-48,A,5c:62:8b:66:67:d2"
1791497810.190,"B,21179,10,b2:db:ca:e6:29:a6,28,1,0,0,-41,S,5c:62:8b:66:67:d2"
1791497811.210,"B,22079,10,5c:62:8b:66:67:d2,0,0,206,5,-48,A,5c:62:8b:66:67:d2"
1791497811.210,"B,22079,10,78:8c:b5:f5:e7:26,88,1,0,0,-82,A,78:8c:b5:f5:e7:26"
1791497811.210,"B,22079,10,b2:db:ca:e6:29:a6,112,4,0,0,-39,S,5c:62:8b:66:67:d2"
1791497811.210,"B,22079,10,46:88:44:6e:4f:e4,94,1,0,0,-37,S,5c:62:8b:66:67:d2"
1791497811.210,"B,22179,10,5c:62:8b:66:67:d2,0,0,28,1,-48,A,5c:62:8b:66:67:d2"
1791497811.210,"B,22179,10,b2:db:ca:e6:29:a6,28,1,0,0,-40,S,5c:62:8b:66:67:d2"
1791497811.414,"B,22279,10,5c:62:8b:66:67:d2,0,0,56,2,-49,A,5c:62:8b:66:67:d2"
1791497811.414,"B,22279,10,b2:db:ca:e6:29:a6,56,2,0,0,-41,S,5c:62:8b:66:67:d2"
1791497811.414,"B,22379,10,5c:62:8b:66:67:d2,0,0,56,2,-49,A,5c:62:8b:66:67:d2"
1791497811.414,"B,22379,10,b2:db:ca:e6:29:a6,56,2,0,0,-39,S,5c:62:8b:66:67:d2"
1791497811.621,"B,22479,10,5c:62:8b:66:67:d2,0,0,146,2,-48,A,5c:62:8b:66:67:d2"
1791497811.621,"B,22479,10,b2:db:ca:e6:29:a6,28,1,0,0,-41,S,5c:62:8b:66:67:d2"
1791497811.621,"B,22479,10,46:88:44:6e:4f:e4,118,1,0,0,-37,S,5c:62:8b:66:67:d2"
1791497811.621,"B,22579,10,5c:62:8b:66:67:d2,0,0,84,3,-49,A,5c:62:8b:66:67:d2"
1791497811.621,"B,22579,10,b2:db:ca:e6:29:a6,84,3,0,0,-38,S,5c:62:8b:66:67:d2"
1791497811.826,"B,22679,10,5c:62:8b:66:67:d2,0,0,28,1,-49,A,5c:62:8b:66:67:d2"
1791497811.826,"B,22679,10,80:af:ca:68:4c:f8,104,1,0,0,-84,A,80:af:ca:68:4c:f8"
1791497811.826,"B,22679,10,b2:db:ca:e6:29:a6,28,1,0,0,-41,S,5c:62:8b:66:67:d2"
1791497811.826,"B,22779,10,5c:62:8b:66:67:d2,123,1,56,2,-47,A,5c:62:8b:66:67:d2"
1791497811.826,"B,22779,10,b2:db:ca:e6:29:a6,56,2,0,0,-43,S,5c:62:8b:66:67:d2"
1791497811.826,"B,22779,10,46:88:44:6e:4f:e4,0,0,123,1,0,S,5c:62:8b:66:67:d2"
1791497812.032,"B,22879,10,5c:62:8b:66:67:d2,0,0,56,2,-49,A,5c:62:8b:66:67:d2"
1791497812.032,"B,22879,10,b2:db:ca:e6:29:a6,56,2,0,0,-41,S,5c:62:8b:66:67:d2"
1791497812.032,"B,22979,10,5c:62:8b:66:67:d2,0,0,112,4,0,A,5c:62:8b:66:67:d2"
1791497812.032,"B,22979,10,b2:db:ca:e6:29:a6,112,4,0,0,-40,S,5c:62:8b:66:67:d2"
1791497812.232,"B,23079,10,5c:62:8b:66:67:d2,0,0,28,1,-49,A,5c:62:8b:66:67:d2"
1791497812.232,"B,23079,10,b2:db:ca:e6:29:a6,28,1,0,0,-41,S,5c:62:8b:66:67:d2"
1791497812.432,"B,23279,10,5c:62:8b:66:67:d2,0,0,56,2,-50,A,5c:62:8b:66:67:d2"
1791497812.432,"B,23279,10,b2:db:ca:e6:29:a6,56,2,0,0,-40,S,5c:62:8b:66:67:d2"
1791497812.432,"B,23379,10,5c:62:8b:66:67:d2,0,0,56,2,-49,A,5c:62:8b:66:67:d2"
1791497812.432,"B,23379,10,b2:db:ca:e6:29:a6,56,2,0,0,-42,S,5c:62:8b:66:67:d2"
1791497812.638,"B,23479,10,5c:62:8b:66:67:d2,0,0,56,2,-49,A,5c:62:8b:66:67:d2"
1791497812.638,"B,23479,10,b2:db:ca:e6:29:a6,56,2,0,0,-41,S,5c:62:8b:66:67:d2"
1791497812.638,"B,23579,10,5c:62:8b:66:67:d2,0,0,56,2,-48,A,5c:62:8b:66:67:d2"
1791497812.638,"B,23579,10,b2:db:ca:e6:29:a6,56,2,0,0,-41,S,5c:62:8b:66:67:d2"
1791497812.841,"B,23679,10,5c:62:8b:66:67:d2,0,0,56,2,-49,A,5c:62:8b:66:67:d2"
1791497812.841,"B,23679,10,b2:db:ca:e6:29:a6,56,2,0,0,-41,S,5c:62:8b:66:67:d2"
1791497812.841,"B,23779,10,5c:62:8b:66:67:d2,0,0,28,1,-49,A,5c:62:8b:66:67:d2"
1791497812.841,"B,23779,10,b2:db:ca:e6:29:a6,28,1,0,0,-35,S,5c:62:8b:66:67:d2"
1791497813.046,"B,23879,10,5c:62:8b:66:67:d2,0,0,56,2,-49,A,5c:62:8b:66:67:d2"
1791497813.046,"B,23879,10,b2:db:ca:e6:29:a6,56,2,0,0,-41,S,5c:62:8b:66:67:d2"
1791497813.046,"B,23979,10,5c:62:8b:66:67:d2,0,0,56,2,-48,A,5c:62:8b:66:67:d2"
1791497813.046,"B,23979,10,b2:db:ca:e6:29:a6,56,2,0,0,-41,S,5c:62:8b:66:67:d2"
1791497813.248,"B,24079,10,5c:62:8b:66:67:d2,0,0,28,1,-49,A,5c:62:8b:66:67:d2"
1791497813.248,"B,24079,10,b2:db:ca:e6:29:a6,28,1,0,0,-36,S,5c:62:8b:66:67:d2"
1791497813.248,"B,24179,10,5c:62:8b:66:67:d2,0,0,28,1,-48,A,5c:62:8b:66:67:d2"
1791497813.248,"B,24179,10,b2:db:ca:e6:29:a6,28,1,0,0,-41,S,5c:62:8b:66:67:d2"
1791497813.449,"B,24279,10,5c:62:8b:66:67:d2,0,0,56,2,-49,A,5c:62:8b:66:67:d2"
1791497813.449,"B,24279,10,b2:db:ca:e6:29:a6,56,2,0,0,-42,S,5c:62:8b:66:67:d2"
1791497813.449,"B,24379,10,5c:62:8b:66:67:d2,0,0,56,2,-49,A,5c:62:8b:66:67:d2"
1791497813.449,"B,24379,10,b2:db:ca:e6:29:a6,56,2,0,0,-41,S,5c:62:8b:66:67:d2"
1791497813.654,"B,24479,10,5c:62:8b:66:67:d2,0,0,1139,4,-49,A,5c:62:8b:66:67:d2"
1791497813.654,"B,24479,10,72:3b:01:24:b7:c8,1083,2,0,0,-41,S,5c:62:8b:66:67:d2"
1791497813.654,"B,24479,10,b2:db:ca:e6:29:a6,56,2,0,0,-41,S,5c:62:8b:66:67:d2"
1791497813.654,"B,24579,10,5c:62:8b:66:67:d2,0,0,112,4,-49,A,5c:62:8b:66:67:d2"
1791497813.654,"B,24579,10,72:3b:01:24:b7:c8,56,2,0,0,-43,S,5c:62:8b:66:67:d2"
1791497813.654,"B,24579,10,b2:db:ca:e6:29:a6,56,2,0,0,-38,S,5c:62:8b:66:67:d2"
1791497813.856,"B,24679,10,5c:62:8b:66:67:d2,0,0,56,2,-50,A,5c:62:8b:66:67:d2"
1791497813.856,"B,24679,10,b2:db:ca:e6:29:a6,56,2,0,0,-35,S,5c:62:8b:66:67:d2"
1791497813.856,"B,24779,10,5c:62:8b:66:67:d2,106,1,1195,6,-46,A,5c:62:8b:66:67:d2"
1791497813.856,"B,24779,10,72:3b:01:24:b7:c8,1139,4,106,1,-41,S,5c:62:8b:66:67:d2"
1791497813.856,"B,24779,10,b2:db:ca:e6:29:a6,56,2,0,0,-40,S,5c:62:8b:66:67:d2"
1791497814.061,"B,24879,10,5c:62:8b:66:67:d2,247,2,444,8,-46,A,5c:62:8b:66:67:d2"
1791497814.061,"B,24879,10,72:3b:01:24:b7:c8,388,6,247,2,-41,S,5c:62:8b:66:67:d2"
1791497814.061,"B,24879,10,b2:db:ca:e6:29:a6,56,2,0,0,-35,S,5c:62:8b:66:67:d2"
1791497814.061,"B,24979,10,5c:62:8b:66:67:d2,315,2,426,5,-46,A,5c:62:8b:66:67:d2"
1791497814.061,"B,24979,10,72:3b:01:24:b7:c8,370,3,315,2,-41,S,5c:62:8b:66:67:d2"
1791497814.061,"B,24979,10,b2:db:ca:e6:29:a6,56,2,0,0,-41,S,5c:62:8b:66:67:d2"
1791497814.264,"B,25079,10,5c:62:8b:66:67:d2,0,0,336,12,-49,A,5c:62:8b:66:67:d2"
1791497814.264,"B,25079,10,72:3b:01:24:b7:c8,308,11,0,0,-41,S,5c:62:8b:66:67:d2"
1791497814.264,"B,25079,10,b2:db:ca:e6:29:a6,28,1,0,0,-38,S,5c:62:8b:66:67:d2"
1791497814.264,"I,25090,stat,rx=1356,drops=0,ch=10,bin=100,hop=0,heap=203064"
1791497814.264,"B,25179,10,5c:62:8b:66:67:d2,1701,14,408,7,-45,A,5c:62:8b:66:67:d2"
1791497814.264,"B,25179,10,72:3b:01:24:b7:c8,56,2,0,0,-41,S,5c:62:8b:66:67:d2"
1791497814.264,"B,25179,10,b2:db:ca:e6:29:a6,56,2,0,0,-42,S,5c:62:8b:66:67:d2"
1791497814.264,"B,25179,10,cc:b8:5e:ad:5c:4a,296,3,1701,14,-46,S,5c:62:8b:66:67:d2"
1791497814.467,"B,25279,10,5c:62:8b:66:67:d2,0,0,168,6,-48,A,5c:62:8b:66:67:d2"
1791497814.467,"B,25279,10,72:3b:01:24:b7:c8,140,5,0,0,-41,S,5c:62:8b:66:67:d2"
1791497814.467,"B,25279,10,b2:db:ca:e6:29:a6,28,1,0,0,-41,S,5c:62:8b:66:67:d2"
1791497814.467,"B,25379,10,5c:62:8b:66:67:d2,118,1,84,3,-47,A,5c:62:8b:66:67:d2"
1791497814.467,"B,25379,10,72:3b:01:24:b7:c8,28,1,118,1,-42,S,5c:62:8b:66:67:d2"
1791497814.467,"B,25379,10,b2:db:ca:e6:29:a6,56,2,0,0,-40,S,5c:62:8b:66:67:d2"
1791497814.672,"B,25479,10,5c:62:8b:66:67:d2,0,0,56,2,-50,A,5c:62:8b:66:67:d2"
1791497814.672,"B,25479,10,b2:db:ca:e6:29:a6,56,2,0,0,-39,S,5c:62:8b:66:67:d2"
1791497814.672,"B,25579,10,5c:62:8b:66:67:d2,0,0,56,2,-48,A,5c:62:8b:66:67:d2"
1791497814.672,"B,25579,10,b2:db:ca:e6:29:a6,56,2,0,0,-41,S,5c:62:8b:66:67:d2"
1791497814.873,"B,25679,10,5c:62:8b:66:67:d2,0,0,56,2,-49,A,5c:62:8b:66:67:d2"
1791497814.873,"B,25679,10,b2:db:ca:e6:29:a6,56,2,0,0,-40,S,5c:62:8b:66:67:d2"
1791497814.873,"B,25779,10,5c:62:8b:66:67:d2,0,0,56,2,-50,A,5c:62:8b:66:67:d2"
1791497814.873,"B,25779,10,b2:db:ca:e6:29:a6,56,2,0,0,-41,S,5c:62:8b:66:67:d2"
1791497814.873,"M,25864,slot,1,1"
1791497815.078,"B,25879,10,5c:62:8b:66:67:d2,0,0,28,1,-50,A,5c:62:8b:66:67:d2"
1791497815.078,"B,25879,10,b2:db:ca:e6:29:a6,28,1,0,0,-42,S,5c:62:8b:66:67:d2"
1791497815.078,"B,25979,10,5c:62:8b:66:67:d2,0,0,56,2,-48,A,5c:62:8b:66:67:d2"
1791497815.078,"B,25979,10,b2:db:ca:e6:29:a6,56,2,0,0,-39,S,5c:62:8b:66:67:d2"
1791497815.281,"B,26079,10,5c:62:8b:66:67:d2,0,0,28,1,-50,A,5c:62:8b:66:67:d2"
1791497815.281,"B,26079,10,b2:db:ca:e6:29:a6,28,1,0,0,-35,S,5c:62:8b:66:67:d2"
1791497815.281,"B,26179,10,5c:62:8b:66:67:d2,0,0,56,2,-49,A,5c:62:8b:66:67:d2"
1791497815.281,"B,26179,10,b2:db:ca:e6:29:a6,56,2,0,0,-39,S,5c:62:8b:66:67:d2"
1791497815.481,"B,26279,10,5c:62:8b:66:67:d2,0,0,28,1,-49,A,5c:62:8b:66:67:d2"
1791497815.481,"B,26279,10,b2:db:ca:e6:29:a6,28,1,0,0,-42,S,5c:62:8b:66:67:d2"
1791497815.481,"B,26379,10,5c:62:8b:66:67:d2,0,0,56,2,-47,A,5c:62:8b:66:67:d2"
1791497815.481,"B,26379,10,b2:db:ca:e6:29:a6,56,2,0,0,-41,S,5c:62:8b:66:67:d2"
1791497815.685,"B,26479,10,5c:62:8b:66:67:d2,0,0,28,1,-49,A,5c:62:8b:66:67:d2"
1791497815.685,"B,26479,10,b2:db:ca:e6:29:a6,28,1,0,0,-40,S,5c:62:8b:66:67:d2"
1791497815.685,"B,26579,10,5c:62:8b:66:67:d2,0,0,56,2,-49,A,5c:62:8b:66:67:d2"
1791497815.685,"B,26579,10,b2:db:ca:e6:29:a6,56,2,0,0,-36,S,5c:62:8b:66:67:d2"
1791497815.885,"B,26679,10,5c:62:8b:66:67:d2,0,0,28,1,-49,A,5c:62:8b:66:67:d2"
1791497815.885,"B,26679,10,b2:db:ca:e6:29:a6,28,1,0,0,-40,S,5c:62:8b:66:67:d2"
1791497815.885,"B,26779,10,5c:62:8b:66:67:d2,0,0,84,3,-49,A,5c:62:8b:66:67:d2"
1791497815.885,"B,26779,10,b2:db:ca:e6:29:a6,84,3,0,0,-40,S,5c:62:8b:66:67:d2"
1791497816.085,"B,26879,10,5c:62:8b:66:67:d2,0,0,56,2,-49,A,5c:62:8b:66:67:d2"
1791497816.085,"B,26879,10,b2:db:ca:e6:29:a6,56,2,0,0,-40,S,5c:62:8b:66:67:d2"
1791497816.085,"B,26979,10,5c:62:8b:66:67:d2,282,2,374,5,-46,A,5c:62:8b:66:67:d2"
1791497816.085,"B,26979,10,72:3b:01:24:b7:c8,318,3,282,2,-41,S,5c:62:8b:66:67:d2"
1791497816.085,"B,26979,10,b2:db:ca:e6:29:a6,56,2,0,0,-39,S,5c:62:8b:66:67:d2"
1791497816.085,"B,27079,10,5c:62:8b:66:67:d2,0,0,168,6,-50,A,5c:62:8b:66:67:d2"
1791497816.285,"B,27079,10,72:3b:01:24:b7:c8,112,4,0,0,-41,S,5c:62:8b:66:67:d2"
1791497816.285,"B,27079,10,b2:db:ca:e6:29:a6,56,2,0,0,-40,S,5c:62:8b:66:67:d2"
1791497816.285,"B,27179,10,5c:62:8b:66:67:d2,313,2,482,7,-46,A,5c:62:8b:66:67:d2"
1791497816.285,"B,27179,10,72:3b:01:24:b7:c8,426,5,313,2,-41,S,5c:62:8b:66:67:d2"
1791497816.285,"B,27179,10,b2:db:ca:e6:29:a6,56,2,0,0,-40,S,5c:62:8b:66:67:d2"
1791497816.285,"B,27279,10,5c:62:8b:66:67:d2,0,0,196,7,0,A,5c:62:8b:66:67:d2"
1791497816.285,"B,27279,10,72:3b:01:24:b7:c8,168,6,0,0,-41,S,5c:62:8b:66:67:d2"
1791497816.486,"B,27279,10,b2:db:ca:e6:29:a6,28,1,0,0,-40,S,5c:62:8b:66:67:d2"
1791497816.486,"B,27379,10,5c:62:8b:66:67:d2,0,0,84,3,-49,A,5c:62:8b:66:67:d2"
1791497816.486,"B,27379,10,72:3b:01:24:b7:c8,28,1,0,0,-41,S,5c:62:8b:66:67:d2"
1791497816.486,"B,27379,10,b2:db:ca:e6:29:a6,56,2,0,0,-40,S,5c:62:8b:66:67:d2"
1791497816.686,"B,27579,10,5c:62:8b:66:67:d2,0,0,56,2,-48,A,5c:62:8b:66:67:d2"
1791497816.686,"B,27579,10,80:af:ca:68:4c:f8,84,1,0,0,-84,A,80:af:ca:68:4c:f8"
1791497816.686,"B,27579,10,b2:db:ca:e6:29:a6,56,2,0,0,-40,S,5c:62:8b:66:67:d2"
1791497816.686,"B,27679,10,5c:62:8b:66:67:d2,0,0,56,2,-49,A,5c:62:8b:66:67:d2"
1791497816.887,"B,27679,10,b2:db:ca:e6:29:a6,56,2,0,0,-40,S,5c:62:8b:66:67:d2"
1791497816.887,"B,27779,10,5c:62:8b:66:67:d2,0,0,84,3,-48,A,5c:62:8b:66:67:d2"
1791497816.887,"B,27779,10,b2:db:ca:e6:29:a6,84,3,0,0,-37,S,5c:62:8b:66:67:d2"
1791497817.087,"B,27879,10,5c:62:8b:66:67:d2,0,0,56,2,-50,A,5c:62:8b:66:67:d2"
1791497817.087,"B,27879,10,b2:db:ca:e6:29:a6,56,2,0,0,-40,S,5c:62:8b:66:67:d2"
1791497817.087,"B,27979,10,5c:62:8b:66:67:d2,0,0,56,2,-49,A,5c:62:8b:66:67:d2"
1791497817.087,"B,27979,10,b2:db:ca:e6:29:a6,56,2,0,0,-38,S,5c:62:8b:66:67:d2"
1791497817.087,"B,28079,10,5c:62:8b:66:67:d2,0,0,56,2,-49,A,5c:62:8b:66:67:d2"
1791497817.288,"B,28079,10,b2:db:ca:e6:29:a6,56,2,0,0,-38,S,5c:62:8b:66:67:d2"
1791497817.288,"B,28179,10,5c:62:8b:66:67:d2,0,0,56,2,-48,A,5c:62:8b:66:67:d2"
1791497817.288,"B,28179,10,b2:db:ca:e6:29:a6,56,2,0,0,-40,S,5c:62:8b:66:67:d2"
1791497817.288,"B,28279,10,5c:62:8b:66:67:d2,0,0,28,1,-49,A,5c:62:8b:66:67:d2"
1791497817.288,"B,28279,10,b2:db:ca:e6:29:a6,28,1,0,0,-42,S,5c:62:8b:66:67:d2"
1791497817.488,"B,28379,10,5c:62:8b:66:67:d2,0,0,84,3,-48,A,5c:62:8b:66:67:d2"
1791497817.488,"B,28379,10,78:8c:b5:f5:e7:26,80,1,0,0,-82,A,78:8c:b5:f5:e7:26"
1791497817.488,"B,28379,10,b2:db:ca:e6:29:a6,84,3,0,0,-38,S,5c:62:8b:66:67:d2"
1791497817.488,"B,28479,10,5c:62:8b:66:67:d2,317,2,0,0,-46,A,5c:62:8b:66:67:d2"
1791497817.488,"B,28479,10,78:8c:b5:f5:e7:26,0,0,30,1,-83,A,78:8c:b5:f5:e7:26"
1791497817.488,"B,28479,10,b2:db:ca:e6:29:a6,0,0,317,2,0,S,5c:62:8b:66:67:d2"
1791497817.689,"B,28479,10,a6:4c:bd:b6:c7:99,30,1,0,0,-92,S,78:8c:b5:f5:e7:26"
1791497817.689,"B,28579,10,5c:62:8b:66:67:d2,0,0,28,1,-48,A,5c:62:8b:66:67:d2"
1791497817.689,"B,28579,10,b2:db:ca:e6:29:a6,28,1,0,0,-42,S,5c:62:8b:66:67:d2"
1791497817.689,"B,28679,10,5c:62:8b:66:67:d2,0,0,56,2,-50,A,5c:62:8b:66:67:d2"
1791497817.689,"B,28679,10,b2:db:ca:e6:29:a6,56,2,0,0,-39,S,5c:62:8b:66:67:d2"
1791497817.889,"B,28779,10,5c:62:8b:66:67:d2,313,2,454,6,-46,A,5c:62:8b:66:67:d2"
1791497817.889,"B,28779,10,72:3b:01:24:b7:c8,398,4,313,2,-41,S,5c:62:8b:66:67:d2"
1791497817.889,"B,28779,10,78:8c:b5:f5:e7:26,0,0,30,1,-83,A,78:8c:b5:f5:e7:26"
1791497817.889,"B,28779,10,b2:db:ca:e6:29:a6,56,2,0,0,-38,S,5c:62:8b:66:67:d2"
1791497817.889,"B,28779,10,a6:4c:bd:b6:c7:99,30,1,0,0,-91,S,78:8c:b5:f5:e7:26"
1791497817.889,"B,28879,10,5c:62:8b:66:67:d2,0,0,112,4,-48,A,5c:62:8b:66:67:d2"
1791497817.889,"B,28879,10,72:3b:01:24:b7:c8,28,1,0,0,-41,S,5c:62:8b:66:67:d2"
1791497817.889,"B,28879,10,b2:db:ca:e6:29:a6,84,3,0,0,-36,S,5c:62:8b:66:67:d2"
1791497818.090,"B,28979,10,5c:62:8b:66:67:d2,0,0,56,2,-49,A,5c:62:8b:66:67:d2"
1791497818.090,"B,28979,10,b2:db:ca:e6:29:a6,56,2,0,0,-40,S,5c:62:8b:66:67:d2"
1791497818.090,"B,29079,10,5c:62:8b:66:67:d2,0,0,56,2,-49,A,5c:62:8b:66:67:d2"
1791497818.090,"B,29079,10,b2:db:ca:e6:29:a6,56,2,0,0,-37,S,5c:62:8b:66:67:d2"
1791497818.290,"B,29179,10,5c:62:8b:66:67:d2,0,0,56,2,-49,A,5c:62:8b:66:67:d2"
1791497818.290,"B,29179,10,b2:db:ca:e6:29:a6,56,2,0,0,-41,S,5c:62:8b:66:67:d2"
1791497818.290,"B,29279,10,5c:62:8b:66:67:d2,0,0,28,1,-49,A,5c:62:8b:66:67:d2"
1791497818.290,"B,29279,10,b2:db:ca:e6:29:a6,28,1,0,0,-40,S,5c:62:8b:66:67:d2"
1791497818.290,"B,29279,10,64:d1:54:63:44:f4,91,1,0,0,-87,A,64:d1:54:63:44:f4"
1791497818.491,"B,29379,10,5c:62:8b:66:67:d2,0,0,84,3,-48,A,5c:62:8b:66:67:d2"
1791497818.491,"B,29379,10,78:8c:b5:f5:e7:26,80,1,0,0,-83,A,78:8c:b5:f5:e7:26"
1791497818.491,"B,29379,10,b2:db:ca:e6:29:a6,84,3,0,0,-37,S,5c:62:8b:66:67:d2"
1791497818.491,"B,29479,10,5c:62:8b:66:67:d2,0,0,56,2,-49,A,5c:62:8b:66:67:d2"
1791497818.491,"B,29479,10,b2:db:ca:e6:29:a6,56,2,0,0,-37,S,5c:62:8b:66:67:d2"
1791497818.692,"B,29679,10,5c:62:8b:66:67:d2,0,0,56,2,-48,A,5c:62:8b:66:67:d2"
1791497818.692,"B,29679,10,b2:db:ca:e6:29:a6,56,2,0,0,-38,S,5c:62:8b:66:67:d2"
1791497818.893,"B,29779,10,5c:62:8b:66:67:d2,302,2,437,6,-47,A,5c:62:8b:66:67:d2"
1791497818.893,"B,29779,10,72:3b:01:24:b7:c8,381,4,302,2,-41,S,5c:62:8b:66:67:d2"
1791497818.893,"B,29779,10,b2:db:ca:e6:29:a6,56,2,0,0,-41,S,5c:62:8b:66:67:d2"
1791497818.893,"B,29879,10,5c:62:8b:66:67:d2,0,0,84,3,-49,A,5c:62:8b:66:67:d2"
1791497818.893,"B,29879,10,72:3b:01:24:b7:c8,28,1,0,0,-41,S,5c:62:8b:66:67:d2"
1791497818.893,"B,29879,10,b2:db:ca:e6:29:a6,56,2,0,0,-38,S,5c:62:8b:66:67:d2"
1791497819.094,"B,29979,10,5c:62:8b:66:67:d2,0,0,334,4,-50,A,5c:62:8b:66:67:d2"
1791497819.094,"B,29979,10,72:3b:01:24:b7:c8,278,2,0,0,-41,S,5c:62:8b:66:67:d2"
1791497819.094,"B,29979,10,b2:db:ca:e6:29:a6,56,2,0,0,-40,S,5c:62:8b:66:67:d2"
1791497819.094,"B,30079,10,5c:62:8b:66:67:d2,106,1,84,3,-47,A,5c:62:8b:66:67:d2"
1791497819.094,"B,30079,10,72:3b:01:24:b7:c8,28,1,106,1,-42,S,5c:62:8b:66:67:d2"
1791497819.094,"B,30079,10,b2:db:ca:e6:29:a6,56,2,0,0,-41,S,5c:62:8b:66:67:d2"
1791497819.295,"I,30093,stat,rx=1698,drops=0,ch=10,bin=100,hop=0,heap=203064"
1791497819.295,"B,30179,10,5c:62:8b:66:67:d2,0,0,56,2,-49,A,5c:62:8b:66:67:d2"
1791497819.295,"B,30179,10,b2:db:ca:e6:29:a6,56,2,0,0,-36,S,5c:62:8b:66:67:d2"
1791497819.295,"B,30279,10,5c:62:8b:66:67:d2,452,4,194,3,-46,A,5c:62:8b:66:67:d2"
1791497819.295,"B,30279,10,b2:db:ca:e6:29:a6,56,2,0,0,-41,S,5c:62:8b:66:67:d2"
1791497819.295,"B,30279,10,cc:b8:5e:ad:5c:4a,138,1,452,4,-48,S,5c:62:8b:66:67:d2"
1791497819.496,"B,30379,10,5c:62:8b:66:67:d2,0,0,28,1,-49,A,5c:62:8b:66:67:d2"
1791497819.496,"B,30379,10,b2:db:ca:e6:29:a6,28,1,0,0,-38,S,5c:62:8b:66:67:d2"
1791497819.496,"B,30479,10,5c:62:8b:66:67:d2,0,0,56,2,-49,A,5c:62:8b:66:67:d2"
1791497819.496,"B,30479,10,b2:db:ca:e6:29:a6,56,2,0,0,-37,S,5c:62:8b:66:67:d2"
1791497819.698,"B,30579,10,5c:62:8b:66:67:d2,0,0,56,2,-48,A,5c:62:8b:66:67:d2"
1791497819.698,"B,30579,10,b2:db:ca:e6:29:a6,56,2,0,0,-39,S,5c:62:8b:66:67:d2"
1791497819.698,"B,30679,10,5c:62:8b:66:67:d2,0,0,28,1,-49,A,5c:62:8b:66:67:d2"
1791497819.698,"B,30679,10,b2:db:ca:e6:29:a6,28,1,0,0,-41,S,5c:62:8b:66:67:d2"
1791497819.902,"B,30779,10,5c:62:8b:66:67:d2,0,0,28,1,-49,A,5c:62:8b:66:67:d2"
1791497819.902,"B,30779,10,b2:db:ca:e6:29:a6,28,1,0,0,-35,S,5c:62:8b:66:67:d2"
1791497819.902,"B,30879,10,5c:62:8b:66:67:d2,0,0,84,3,-49,A,5c:62:8b:66:67:d2"
1791497819.902,"B,30879,10,b2:db:ca:e6:29:a6,84,3,0,0,-40,S,5c:62:8b:66:67:d2"
1791497820.102,"M,30932,slot,2,1"
1791497820.102,"B,30979,10,5c:62:8b:66:67:d2,0,0,56,2,-49,A,5c:62:8b:66:67:d2"
1791497820.102,"B,30979,10,b2:db:ca:e6:29:a6,56,2,0,0,-40,S,5c:62:8b:66:67:d2"
1791497820.102,"B,31079,10,5c:62:8b:66:67:d2,0,0,28,1,-49,A,5c:62:8b:66:67:d2"
1791497820.102,"B,31079,10,b2:db:ca:e6:29:a6,28,1,0,0,-35,S,5c:62:8b:66:67:d2"
1791497820.306,"B,31179,10,5c:62:8b:66:67:d2,0,0,56,2,-50,A,5c:62:8b:66:67:d2"
1791497820.306,"B,31179,10,b2:db:ca:e6:29:a6,56,2,0,0,-42,S,5c:62:8b:66:67:d2"
1791497820.306,"B,31279,10,5c:62:8b:66:67:d2,0,0,56,2,0,A,5c:62:8b:66:67:d2"
1791497820.306,"B,31279,10,b2:db:ca:e6:29:a6,56,2,0,0,-40,S,5c:62:8b:66:67:d2"
1791497820.511,"B,31379,10,5c:62:8b:66:67:d2,0,0,56,2,-48,A,5c:62:8b:66:67:d2"
1791497820.511,"B,31379,10,78:8c:b5:f5:e7:26,80,1,0,0,-82,A,78:8c:b5:f5:e7:26"
1791497820.511,"B,31379,10,b2:db:ca:e6:29:a6,56,2,0,0,-41,S,5c:62:8b:66:67:d2"
1791497820.511,"B,31479,10,5c:62:8b:66:67:d2,0,0,56,2,0,A,5c:62:8b:66:67:d2"
1791497820.511,"B,31479,10,b2:db:ca:e6:29:a6,56,2,0,0,-38,S,5c:62:8b:66:67:d2"
1791497820.714,"B,31579,10,5c:62:8b:66:67:d2,0,0,28,1,-49,A,5c:62:8b:66:67:d2"
1791497820.714,"B,31579,10,b2:db:ca:e6:29:a6,28,1,0,0,-42,S,5c:62:8b:66:67:d2"
1791497820.714,"B,31679,10,5c:62:8b:66:67:d2,0,0,56,2,-50,A,5c:62:8b:66:67:d2"
1791497820.714,"B,31679,10,b2:db:ca:e6:29:a6,56,2,0,0,-40,S,5c:62:8b:66:67:d2"
1791497820.919,"B,31879,10,5c:62:8b:66:67:d2,0,0,112,4,-49,A,5c:62:8b:66:67:d2"
1791497820.919,"B,31879,10,b2:db:ca:e6:29:a6,112,4,0,0,-39,S,5c:62:8b:66:67:d2"
1791497821.119,"B,31979,10,5c:62:8b:66:67:d2,0,0,56,2,-49,A,5c:62:8b:66:67:d2"
1791497821.119,"B,31979,10,b2:db:ca:e6:29:a6,56,2,0,0,-41,S,5c:62:8b:66:67:d2"
1791497821.324,"B,32179,10,5c:62:8b:66:67:d2,0,0,56,2,-48,A,5c:62:8b:66:67:d2"
1791497821.324,"B,32179,10,b2:db:ca:e6:29:a6,56,2,0,0,-40,S,5c:62:8b:66:67:d2"
1791497821.324,"B,32279,10,5c:62:8b:66:67:d2,0,0,56,2,-48,A,5c:62:8b:66:67:d2"
1791497821.324,"B,32279,10,b2:db:ca:e6:29:a6,56,2,0,0,-39,S,5c:62:8b:66:67:d2"
1791497821.529,"B,32379,10,5c:62:8b:66:67:d2,0,0,56,2,-50,A,5c:62:8b:66:67:d2"
1791497821.529,"B,32379,10,80:af:ca:68:4c:f8,141,1,0,0,-83,A,80:af:ca:68:4c:f8"
1791497821.529,"B,32379,10,b2:db:ca:e6:29:a6,56,2,0,0,-41,S,5c:62:8b:66:67:d2"
1791497821.529,"B,32479,10,5c:62:8b:66:67:d2,0,0,56,2,-50,A,5c:62:8b:66:67:d2"
1791497821.529,"B,32479,10,b2:db:ca:e6:29:a6,56,2,0,0,-38,S,5c:62:8b:66:67:d2"
1791497821.731,"B,32579,10,5c:62:8b:66:67:d2,0,0,56,2,-48,A,5c:62:8b:66:67:d2"
1791497821.731,"B,32579,10,b2:db:ca:e6:29:a6,56,2,0,0,-38,S,5c:62:8b:66:67:d2"
1791497821.731,"B,32679,10,5c:62:8b:66:67:d2,0,0,56,2,-50,A,5c:62:8b:66:67:d2"
1791497821.731,"B,32679,10,b2:db:ca:e6:29:a6,56,2,0,0,-38,S,5c:62:8b:66:67:d2"
1791497821.932,"B,32779,10,5c:62:8b:66:67:d2,0,0,56,2,-50,A,5c:62:8b:66:67:d2"
1791497821.932,"B,32779,10,b2:db:ca:e6:29:a6,56,2,0,0,-39,S,5c:62:8b:66:67:d2"
1791497822.137,"B,33079,10,5c:62:8b:66:67:d2,0,0,84,3,-49,A,5c:62:8b:66:67:d2"
1791497822.137,"B,33079,10,b2:db:ca:e6:29:a6,84,3,0,0,-41,S,5c:62:8b:66:67:d2"
1791497822.137,"B,33079,10,b0:a7:b9:23:82:ee,0,0,30,1,-87,A,b0:a7:b9:23:82:ee"
1791497822.137,"B,33079,10,f2:51:4e:f8:1a:7f,30,1,0,0,-88,S,b0:a7:b9:23:82:ee"
1791497822.342,"B,33179,10,5c:62:8b:66:67:d2,0,0,56,2,-49,A,5c:62:8b:66:67:d2"
1791497822.342,"B,33179,10,b2:db:ca:e6:29:a6,56,2,0,0,-41,S,5c:62:8b:66:67:d2"
1791497822.342,"B,33179,10,b0:a7:b9:23:82:ee,0,0,30,1,0,A,b0:a7:b9:23:82:ee"
1791497822.342,"B,33179,10,f2:51:4e:f8:1a:7f,30,1,0,0,-86,S,b0:a7:b9:23:82:ee"
1791497822.342,"B,33279,10,5c:62:8b:66:67:d2,0,0,56,2,-49,A,5c:62:8b:66:67:d2"
1791497822.342,"B,33279,10,b2:db:ca:e6:29:a6,56,2,0,0,-39,S,5c:62:8b:66:67:d2"
1791497822.342,"B,33279,10,b0:a7:b9:23:82:ee,0,0,30,1,0,A,b0:a7:b9:23:82:ee"
1791497822.342,"B,33279,10,f2:51:4e:f8:1a:7f,30,1,0,0,-88,S,b0:a7:b9:23:82:ee"
1791497822.546,"B,33379,10,5c:62:8b:66:67:d2,0,0,56,2,-50,A,5c:62:8b:66:67:d2"
1791497822.546,"B,33379,10,78:8c:b5:f5:e7:26,80,1,0,0,-79,A,78:8c:b5:f5:e7:26"
1791497822.546,"B,33379,10,b2:db:ca:e6:29:a6,56,2,0,0,-38,S,5c:62:8b:66:67:d2"
1791497822.546,"B,33479,10,5c:62:8b:66:67:d2,0,0,28,1,-50,A,5c:62:8b:66:67:d2"
1791497822.546,"B,33479,10,b2:db:ca:e6:29:a6,28,1,0,0,-38,S,5c:62:8b:66:67:d2"
1791497822.750,"B,33579,10,5c:62:8b:66:67:d2,0,0,56,2,-48,A,5c:62:8b:66:67:d2"
1791497822.750,"B,33579,10,b2:db:ca:e6:29:a6,56,2,0,0,-35,S,5c:62:8b:66:67:d2"
1791497822.750,"B,33579,10,b0:a7:b9:23:82:ee,0,0,30,1,0,A,b0:a7:b9:23:82:ee"
1791497822.750,"B,33579,10,f2:51:4e:f8:1a:7f,30,1,0,0,-89,S,b0:a7:b9:23:82:ee"
1791497822.750,"B,33679,10,5c:62:8b:66:67:d2,0,0,56,2,-48,A,5c:62:8b:66:67:d2"
1791497822.750,"B,33679,10,b2:db:ca:e6:29:a6,56,2,0,0,-41,S,5c:62:8b:66:67:d2"
1791497822.750,"B,33679,10,b0:a7:b9:23:82:ee,0,0,30,1,0,A,b0:a7:b9:23:82:ee"
1791497822.750,"B,33679,10,f2:51:4e:f8:1a:7f,30,1,0,0,-91,S,b0:a7:b9:23:82:ee"
1791497822.951,"B,33779,10,5c:62:8b:66:67:d2,0,0,56,2,-49,A,5c:62:8b:66:67:d2"
1791497822.951,"B,33779,10,b2:db:ca:e6:29:a6,56,2,0,0,-37,S,5c:62:8b:66:67:d2"
1791497822.951,"B,33879,10,5c:62:8b:66:67:d2,0,0,56,2,-50,A,5c:62:8b:66:67:d2"
1791497822.951,"B,33879,10,b2:db:ca:e6:29:a6,56,2,0,0,-35,S,5c:62:8b:66:67:d2"
1791497822.951,"B,33879,10,b0:a7:b9:23:82:ee,0,0,30,1,0,A,b0:a7:b9:23:82:ee"
1791497822.951,"B,33879,10,f2:51:4e:f8:1a:7f,30,1,0,0,-89,S,b0:a7:b9:23:82:ee"
1791497823.155,"B,33979,10,b0:a7:b9:23:82:ee,0,0,30,1,0,A,b0:a7:b9:23:82:ee"
1791497823.155,"B,33979,10,f2:51:4e:f8:1a:7f,30,1,0,0,-86,S,b0:a7:b9:23:82:ee"
1791497823.155,"B,34079,10,5c:62:8b:66:67:d2,0,0,84,3,-48,A,5c:62:8b:66:67:d2"
1791497823.155,"B,34079,10,b2:db:ca:e6:29:a6,84,3,0,0,-39,S,5c:62:8b:66:67:d2"
1791497823.155,"B,34079,10,b0:a7:b9:23:82:ee,0,0,30,1,0,A,b0:a7:b9:23:82:ee"
1791497823.155,"B,34079,10,f2:51:4e:f8:1a:7f,30,1,0,0,-86,S,b0:a7:b9:23:82:ee"
1791497823.360,"B,34179,10,5c:62:8b:66:67:d2,0,0,28,1,-50,A,5c:62:8b:66:67:d2"
1791497823.360,"B,34179,10,b2:db:ca:e6:29:a6,28,1,0,0,-40,S,5c:62:8b:66:67:d2"
1791497823.360,"B,34279,10,5c:62:8b:66:67:d2,0,0,28,1,-49,A,5c:62:8b:66:67:d2"
1791497823.360,"B,34279,10,b2:db:ca:e6:29:a6,28,1,0,0,-40,S,5c:62:8b:66:67:d2"
1791497823.360,"B,34279,10,b0:a7:b9:23:82:ee,0,0,30,1,0,A,b0:a7:b9:23:82:ee"
1791497823.360,"B,34279,10,f2:51:4e:f8:1a:7f,30,1,0,0,-86,S,b0:a7:b9:23:82:ee"
1791497823.564,"B,34379,10,5c:62:8b:66:67:d2,0,0,56,2,-49,A,5c:62:8b:66:67:d2"
1791497823.564,"B,34379,10,b2:db:ca:e6:29:a6,56,2,0,0,-41,S,5c:62:8b:66:67:d2"
1791497823.564,"B,34479,10,5c:62:8b:66:67:d2,0,0,56,2,-49,A,5c:62:8b:66:67:d2"
1791497823.564,"B,34479,10,b2:db:ca:e6:29:a6,56,2,0,0,-39,S,5c:62:8b:66:67:d2"
1791497823.767,"B,34579,10,5c:62:8b:66:67:d2,0,0,56,2,-49,A,5c:62:8b:66:67:d2"
1791497823.767,"B,34579,10,b2:db:ca:e6:29:a6,56,2,0,0,-35,S,5c:62:8b:66:67:d2"
1791497823.767,"B,34679,10,5c:62:8b:66:67:d2,0,0,56,2,-50,A,5c:62:8b:66:67:d2"
1791497823.767,"B,34679,10,b2:db:ca:e6:29:a6,56,2,0,0,-37,S,5c:62:8b:66:67:d2"
1791497823.973,"B,34779,10,5c:62:8b:66:67:d2,0,0,28,1,-48,A,5c:62:8b:66:67:d2"
1791497823.973,"B,34779,10,b2:db:ca:e6:29:a6,28,1,0,0,-40,S,5c:62:8b:66:67:d2"
1791497823.973,"B,34879,10,5c:62:8b:66:67:d2,0,0,84,3,-49,A,5c:62:8b:66:67:d2"
1791497823.973,"B,34879,10,b2:db:ca:e6:29:a6,84,3,0,0,-38,S,5c:62:8b:66:67:d2"
1791497824.177,"B,34979,10,5c:62:8b:66:67:d2,0,0,28,1,-49,A,5c:62:8b:66:67:d2"
1791497824.177,"B,34979,10,b2:db:ca:e6:29:a6,28,1,0,0,-36,S,5c:62:8b:66:67:d2"
1791497824.177,"B,35079,10,5c:62:8b:66:67:d2,0,0,169,3,-49,A,5c:62:8b:66:67:d2"
1791497824.177,"B,35079,10,b2:db:ca:e6:29:a6,56,2,0,0,-40,S,5c:62:8b:66:67:d2"
1791497824.177,"B,35079,10,cc:b8:5e:ad:5c:4a,113,1,0,0,-48,S,5c:62:8b:66:67:d2"
1791497824.177,"I,35096,stat,rx=1939,drops=0,ch=10,bin=100,hop=0,heap=203064"
1791497824.381,"B,35179,10,5c:62:8b:66:67:d2,0,0,28,1,-48,A,5c:62:8b:66:67:d2"
1791497824.381,"B,35179,10,b2:db:ca:e6:29:a6,28,1,0,0,-40,S,5c:62:8b:66:67:d2"
1791497824.381,"B,35279,10,5c:62:8b:66:67:d2,518,5,518,8,-46,A,5c:62:8b:66:67:d2"
1791497824.381,"B,35279,10,b2:db:ca:e6:29:a6,56,2,0,0,-36,S,5c:62:8b:66:67:d2"
1791497824.381,"B,35279,10,cc:b8:5e:ad:5c:4a,462,6,518,5,-45,S,5c:62:8b:66:67:d2"
1791497824.584,"B,35379,10,5c:62:8b:66:67:d2,0,0,56,2,-48,A,5c:62:8b:66:67:d2"
1791497824.584,"B,35379,10,b2:db:ca:e6:29:a6,56,2,0,0,-41,S,5c:62:8b:66:67:d2"
1791497824.584,"B,35479,10,5c:62:8b:66:67:d2,0,0,56,2,-48,A,5c:62:8b:66:67:d2"
1791497824.584,"B,35479,10,b2:db:ca:e6:29:a6,56,2,0,0,-41,S,5c:62:8b:66:67:d2"
1791497824.785,"B,35579,10,5c:62:8b:66:67:d2,0,0,56,2,0,A,5c:62:8b:66:67:d2"
1791497824.785,"B,35579,10,b2:db:ca:e6:29:a6,56,2,0,0,-39,S,5c:62:8b:66:67:d2"
1791497824.785,"B,35679,10,5c:62:8b:66:67:d2,0,0,56,2,-49,A,5c:62:8b:66:67:d2"
1791497824.785,"B,35679,10,b2:db:ca:e6:29:a6,56,2,0,0,-38,S,5c:62:8b:66:67:d2"
1791497824.985,"B,35779,10,5c:62:8b:66:67:d2,0,0,84,3,-49,A,5c:62:8b:66:67:d2"
1791497824.985,"B,35779,10,b2:db:ca:e6:29:a6,84,3,0,0,-38,S,5c:62:8b:66:67:d2"
1791497824.985,"B,35879,10,5c:62:8b:66:67:d2,0,0,56,2,-49,A,5c:62:8b:66:67:d2"
1791497824.985,"B,35879,10,b2:db:ca:e6:29:a6,56,2,0,0,-38,S,5c:62:8b:66:67:d2"
1791497824.985,"B,35979,10,5c:62:8b:66:67:d2,0,0,28,1,-50,A,5c:62:8b:66:67:d2"
1791497824.985,"B,35979,10,b2:db:ca:e6:29:a6,28,1,0,0,-40,S,5c:62:8b:66:67:d2"
1791497825.185,"M,36002,slot,3,0"
1791497825.185,"B,36079,10,5c:62:8b:66:67:d2,0,0,28,1,-49,A,5c:62:8b:66:67:d2"
1791497825.185,"B,36079,10,b2:db:ca:e6:29:a6,28,1,0,0,-40,S,5c:62:8b:66:67:d2"
1791497825.185,"B,36179,10,5c:62:8b:66:67:d2,0,0,56,2,-48,A,5c:62:8b:66:67:d2"
1791497825.185,"B,36179,10,b2:db:ca:e6:29:a6,56,2,0,0,-41,S,5c:62:8b:66:67:d2"
1791497825.589,"B,36379,10,5c:62:8b:66:67:d2,0,0,28,1,-49,A,5c:62:8b:66:67:d2"
1791497825.589,"B,36379,10,b2:db:ca:e6:29:a6,28,1,0,0,-36,S,5c:62:8b:66:67:d2"
1791497825.589,"B,36379,10,b0:a7:b9:23:82:ee,0,0,30,1,0,A,b0:a7:b9:23:82:ee"
1791497825.589,"B,36379,10,f2:51:4e:f8:1a:7f,30,1,0,0,-88,S,b0:a7:b9:23:82:ee"
1791497825.790,"B,36779,10,5c:62:8b:66:67:d2,0,0,28,1,-48,A,5c:62:8b:66:67:d2"
1791497825.790,"B,36779,10,b2:db:ca:e6:29:a6,28,1,0,0,-36,S,5c:62:8b:66:67:d2"
1791497825.991,"B,36879,10,5c:62:8b:66:67:d2,80,1,56,2,-48,A,5c:62:8b:66:67:d2"
1791497825.991,"B,36879,10,b2:db:ca:e6:29:a6,56,2,0,0,-36,S,5c:62:8b:66:67:d2"
1791497825.991,"B,36979,10,5c:62:8b:66:67:d2,0,0,56,2,-48,A,5c:62:8b:66:67:d2"
1791497825.991,"B,36979,10,b2:db:ca:e6:29:a6,56,2,0,0,-36,S,5c:62:8b:66:67:d2"
1791497825.991,"B,36979,10,b0:a7:b9:23:82:ee,0,0,30,1,0,A,b0:a7:b9:23:82:ee"
1791497825.991,"B,36979,10,f2:51:4e:f8:1a:7f,30,1,0,0,-87,S,b0:a7:b9:23:82:ee"
1791497826.192,"B,37079,10,5c:62:8b:66:67:d2,0,0,56,2,-49,A,5c:62:8b:66:67:d2"
1791497826.192,"B,37079,10,b2:db:ca:e6:29:a6,56,2,0,0,-36,S,5c:62:8b:66:67:d2"
1791497826.192,"B,37079,10,b0:a7:b9:23:82:ee,0,0,90,3,0,A,b0:a7:b9:23:82:ee"
1791497826.192,"B,37079,10,f2:51:4e:f8:1a:7f,90,3,0,0,-88,S,b0:a7:b9:23:82:ee"
1791497826.192,"B,37179,10,5c:62:8b:66:67:d2,0,0,28,1,-48,A,5c:62:8b:66:67:d2"
1791497826.192,"B,37179,10,b2:db:ca:e6:29:a6,28,1,0,0,-38,S,5c:62:8b:66:67:d2"
1791497826.598,"B,37479,10,b0:a7:b9:23:82:ee,0,0,30,1,0,A,b0:a7:b9:23:82:ee"
1791497826.598,"B,37479,10,f2:51:4e:f8:1a:7f,30,1,0,0,-86,S,b0:a7:b9:23:82:ee"
1791497826.801,"B,37779,10,5c:62:8b:66:67:d2,0,0,56,2,-48,A,5c:62:8b:66:67:d2"
1791497826.801,"B,37779,10,b2:db:ca:e6:29:a6,56,2,0,0,-38,S,5c:62:8b:66:67:d2"
1791497827.002,"B,37879,10,5c:62:8b:66:67:d2,80,1,56,2,-48,A,5c:62:8b:66:67:d2"
1791497827.002,"B,37879,10,b2:db:ca:e6:29:a6,56,2,0,0,-38,S,5c:62:8b:66:67:d2"
1791497827.002,"B,37979,10,5c:62:8b:66:67:d2,0,0,56,2,-50,A,5c:62:8b:66:67:d2"
1791497827.002,"B,37979,10,b2:db:ca:e6:29:a6,56,2,0,0,-36,S,5c:62:8b:66:67:d2"
1791497827.002,"B,37979,10,b0:a7:b9:23:82:ee,0,0,30,1,0,A,b0:a7:b9:23:82:ee"
1791497827.002,"B,37979,10,f2:51:4e:f8:1a:7f,30,1,0,0,-88,S,b0:a7:b9:23:82:ee"
1791497827.202,"B,38079,10,5c:62:8b:66:67:d2,100,1,178,4,-46,A,5c:62:8b:66:67:d2"
1791497827.202,"B,38079,10,b2:db:ca:e6:29:a6,56,2,0,0,-37,S,5c:62:8b:66:67:d2"
1791497827.202,"B,38079,10,b0:a7:b9:23:82:ee,0,0,60,2,0,A,b0:a7:b9:23:82:ee"
1791497827.202,"B,38079,10,f2:51:4e:f8:1a:7f,60,2,0,0,-85,S,b0:a7:b9:23:82:ee"
1791497827.202,"B,38079,10,46:88:44:6e:4f:e4,122,2,100,1,-32,S,5c:62:8b:66:67:d2"
1791497827.202,"B,38179,10,5c:62:8b:66:67:d2,0,0,56,2,-49,A,5c:62:8b:66:67:d2"
1791497827.202,"B,38179,10,b2:db:ca:e6:29:a6,56,2,0,0,-39,S,5c:62:8b:66:67:d2"
1791497827.405,"B,38279,10,5c:62:8b:66:67:d2,0,0,56,2,-48,A,5c:62:8b:66:67:d2"
1791497827.405,"B,38279,10,b2:db:ca:e6:29:a6,56,2,0,0,-38,S,5c:62:8b:66:67:d2"
1791497827.405,"B,38379,10,5c:62:8b:66:67:d2,0,0,28,1,-49,A,5c:62:8b:66:67:d2"
1791497827.405,"B,38379,10,78:8c:b5:f5:e7:26,80,1,0,0,-79,A,78:8c:b5:f5:e7:26"
1791497827.405,"B,38379,10,b2:db:ca:e6:29:a6,28,1,0,0,-38,S,5c:62:8b:66:67:d2"
1791497827.405,"B,38379,10,b0:a7:b9:23:82:ee,0,0,30,1,0,A,b0:a7:b9:23:82:ee"
1791497827.405,"B,38379,10,f2:51:4e:f8:1a:7f,30,1,0,0,-88,S,b0:a7:b9:23:82:ee"
1791497827.610,"B,38479,10,5c:62:8b:66:67:d2,0,0,56,2,-49,A,5c:62:8b:66:67:d2"
1791497827.610,"B,38479,10,b2:db:ca:e6:29:a6,56,2,0,0,-38,S,5c:62:8b:66:67:d2"
1791497827.610,"B,38579,10,5c:62:8b:66:67:d2,0,0,56,2,-50,A,5c:62:8b:66:67:d2"
1791497827.610,"B,38579,10,b2:db:ca:e6:29:a6,56,2,0,0,-38,S,5c:62:8b:66:67:d2"
1791497827.815,"B,38679,10,5c:62:8b:66:67:d2,0,0,84,3,-49,A,5c:62:8b:66:67:d2"
1791497827.815,"B,38679,10,b2:db:ca:e6:29:a6,84,3,0,0,-37,S,5c:62:8b:66:67:d2"
1791497827.815,"B,38779,10,5c:62:8b:66:67:d2,0,0,28,1,-48,A,5c:62:8b:66:67:d2"
1791497827.815,"B,38779,10,b2:db:ca:e6:29:a6,28,1,0,0,-36,S,5c:62:8b:66:67:d2"
1791497828.019,"B,38879,10,5c:62:8b:66:67:d2,80,1,56,2,-48,A,5c:62:8b:66:67:d2"
1791497828.019,"B,38879,10,b2:db:ca:e6:29:a6,56,2,0,0,-39,S,5c:62:8b:66:67:d2"
1791497828.019,"B,38979,10,5c:62:8b:66:67:d2,0,0,56,2,-48,A,5c:62:8b:66:67:d2"
1791497828.019,"B,38979,10,b2:db:ca:e6:29:a6,56,2,0,0,-37,S,5c:62:8b:66:67:d2"
1791497828.224,"B,39079,10,5c:62:8b:66:67:d2,0,0,28,1,-49,A,5c:62:8b:66:67:d2"
1791497828.224,"B,39079,10,b2:db:ca:e6:29:a6,28,1,0,0,-41,S,5c:62:8b:66:67:d2"
1791497828.224,"B,39179,10,5c:62:8b:66:67:d2,0,0,84,3,0,A,5c:62:8b:66:67:d2"
1791497828.224,"B,39179,10,b2:db:ca:e6:29:a6,84,3,0,0,-36,S,5c:62:8b:66:67:d2"
1791497828.429,"B,39279,10,5c:62:8b:66:67:d2,0,0,28,1,-48,A,5c:62:8b:66:67:d2"
1791497828.429,"B,39279,10,b2:db:ca:e6:29:a6,28,1,0,0,-38,S,5c:62:8b:66:67:d2"
1791497828.429,"B,39379,10,5c:62:8b:66:67:d2,824,4,358,4,-45,A,5c:62:8b:66:67:d2"
1791497828.429,"B,39379,10,b2:db:ca:e6:29:a6,28,1,0,0,-35,S,5c:62:8b:66:67:d2"
1791497828.429,"B,39379,10,cc:b8:5e:ad:5c:4a,330,3,824,4,-47,S,5c:62:8b:66:67:d2"
1791497828.633,"B,39479,10,5c:62:8b:66:67:d2,552,4,580,5,-45,A,5c:62:8b:66:67:d2"
1791497828.633,"B,39479,10,b2:db:ca:e6:29:a6,28,1,0,0,-38,S,5c:62:8b:66:67:d2"
1791497828.633,"B,39479,10,cc:b8:5e:ad:5c:4a,552,4,552,4,-47,S,5c:62:8b:66:67:d2"
1791497828.633,"B,39579,10,5c:62:8b:66:67:d2,0,0,56,2,-49,A,5c:62:8b:66:67:d2"
1791497828.633,"B,39579,10,b2:db:ca:e6:29:a6,56,2,0,0,-35,S,5c:62:8b:66:67:d2"
1791497828.836,"B,39679,10,5c:62:8b:66:67:d2,0,0,56,2,-49,A,5c:62:8b:66:67:d2"
1791497828.836,"B,39679,10,b2:db:ca:e6:29:a6,56,2,0,0,-36,S,5c:62:8b:66:67:d2"
1791497828.836,"B,39779,10,5c:62:8b:66:67:d2,0,0,56,2,-48,A,5c:62:8b:66:67:d2"
1791497828.836,"B,39779,10,b2:db:ca:e6:29:a6,56,2,0,0,-39,S,5c:62:8b:66:67:d2"
1791497829.041,"B,39879,10,5c:62:8b:66:67:d2,0,0,84,3,0,A,5c:62:8b:66:67:d2"
1791497829.041,"B,39879,10,b2:db:ca:e6:29:a6,84,3,0,0,-36,S,5c:62:8b:66:67:d2"
1791497829.041,"B,39979,10,5c:62:8b:66:67:d2,0,0,56,2,-48,A,5c:62:8b:66:67:d2"
1791497829.041,"B,39979,10,b2:db:ca:e6:29:a6,56,2,0,0,-36,S,5c:62:8b:66:67:d2"
1791497829.245,"B,40079,10,5c:62:8b:66:67:d2,0,0,56,2,-48,A,5c:62:8b:66:67:d2"
1791497829.245,"B,40079,10,b2:db:ca:e6:29:a6,56,2,0,0,-39,S,5c:62:8b:66:67:d2"
1791497829.245,"I,40097,stat,rx=2233,drops=0,ch=10,bin=100,hop=0,heap=203064"
1791497829.245,"B,40179,10,5c:62:8b:66:67:d2,0,0,28,1,-50,A,5c:62:8b:66:67:d2"
1791497829.245,"B,40179,10,b2:db:ca:e6:29:a6,28,1,0,0,-35,S,5c:62:8b:66:67:d2"
1791497829.447,"B,40279,10,5c:62:8b:66:67:d2,0,0,56,2,-49,A,5c:62:8b:66:67:d2"
1791497829.447,"B,40279,10,b2:db:ca:e6:29:a6,56,2,0,0,-38,S,5c:62:8b:66:67:d2"
1791497829.447,"B,40379,10,5c:62:8b:66:67:d2,0,0,28,1,-50,A,5c:62:8b:66:67:d2"
1791497829.447,"B,40379,10,b2:db:ca:e6:29:a6,28,1,0,0,-40,S,5c:62:8b:66:67:d2"
1791497829.651,"B,40479,10,5c:62:8b:66:67:d2,0,0,112,4,-49,A,5c:62:8b:66:67:d2"
1791497829.651,"B,40479,10,b2:db:ca:e6:29:a6,112,4,0,0,-38,S,5c:62:8b:66:67:d2"
1791497829.856,"B,40679,10,5c:62:8b:66:67:d2,0,0,56,2,-49,A,5c:62:8b:66:67:d2"
1791497829.856,"B,40679,10,b2:db:ca:e6:29:a6,56,2,0,0,-36,S,5c:62:8b:66:67:d2"
1791497829.856,"B,40779,10,5c:62:8b:66:67:d2,0,0,112,4,-49,A,5c:62:8b:66:67:d2"
1791497829.856,"B,40779,10,b2:db:ca:e6:29:a6,112,4,0,0,-35,S,5c:62:8b:66:67:d2"
1791497830.062,"B,40879,10,5c:62:8b:66:67:d2,0,0,56,2,-49,A,5c:62:8b:66:67:d2"
1791497830.062,"B,40879,10,b2:db:ca:e6:29:a6,56,2,0,0,-35,S,5c:62:8b:66:67:d2"
1791497830.062,"B,40979,10,5c:62:8b:66:67:d2,0,0,28,1,-49,A,5c:62:8b:66:67:d2"
1791497830.062,"B,40979,10,b2:db:ca:e6:29:a6,28,1,0,0,-35,S,5c:62:8b:66:67:d2"
1791497830.264,"M,41078,slot,4,0"
1791497830.264,"B,41079,10,5c:62:8b:66:67:d2,0,0,28,1,-49,A,5c:62:8b:66:67:d2"
1791497830.264,"B,41079,10,b2:db:ca:e6:29:a6,28,1,0,0,-35,S,5c:62:8b:66:67:d2"
1791497830.264,"B,41179,10,5c:62:8b:66:67:d2,0,0,56,2,-49,A,5c:62:8b:66:67:d2"
1791497830.264,"B,41179,10,b2:db:ca:e6:29:a6,56,2,0,0,-39,S,5c:62:8b:66:67:d2"
1791497830.470,"B,41279,10,5c:62:8b:66:67:d2,0,0,56,2,-48,A,5c:62:8b:66:67:d2"
1791497830.470,"B,41279,10,b2:db:ca:e6:29:a6,56,2,0,0,-36,S,5c:62:8b:66:67:d2"
1791497830.470,"B,41379,10,5c:62:8b:66:67:d2,0,0,28,1,-49,A,5c:62:8b:66:67:d2"
1791497830.470,"B,41379,10,b2:db:ca:e6:29:a6,28,1,0,0,-39,S,5c:62:8b:66:67:d2"
1791497830.877,"B,41779,10,5c:62:8b:66:67:d2,0,0,56,2,-48,A,5c:62:8b:66:67:d2"
1791497830.877,"B,41779,10,b2:db:ca:e6:29:a6,56,2,0,0,-41,S,5c:62:8b:66:67:d2"
1791497831.078,"B,41879,10,5c:62:8b:66:67:d2,0,0,28,1,-48,A,5c:62:8b:66:67:d2"
1791497831.078,"B,41879,10,b2:db:ca:e6:29:a6,28,1,0,0,-41,S,5c:62:8b:66:67:d2"
1791497831.078,"B,41979,10,5c:62:8b:66:67:d2,0,0,56,2,-49,A,5c:62:8b:66:67:d2"
1791497831.078,"B,41979,10,b2:db:ca:e6:29:a6,56,2,0,0,-40,S,5c:62:8b:66:67:d2"
1791497831.283,"B,42079,10,5c:62:8b:66:67:d2,141,1,457,8,-47,A,5c:62:8b:66:67:d2"
1791497831.283,"B,42079,10,72:3b:01:24:b7:c8,401,6,141,1,-41,S,5c:62:8b:66:67:d2"
1791497831.283,"B,42079,10,b2:db:ca:e6:29:a6,56,2,0,0,-43,S,5c:62:8b:66:67:d2"
1791497831.283,"B,42179,10,5c:62:8b:66:67:d2,0,0,140,5,-49,A,5c:62:8b:66:67:d2"
1791497831.283,"B,42179,10,72:3b:01:24:b7:c8,84,3,0,0,-42,S,5c:62:8b:66:67:d2"
1791497831.283,"B,42179,10,b2:db:ca:e6:29:a6,56,2,0,0,-38,S,5c:62:8b:66:67:d2"
1791497831.485,"B,42279,10,5c:62:8b:66:67:d2,0,0,56,2,-49,A,5c:62:8b:66:67:d2"
1791497831.485,"B,42279,10,b2:db:ca:e6:29:a6,56,2,0,0,-38,S,5c:62:8b:66:67:d2"
1791497831.485,"B,42379,10,5c:62:8b:66:67:d2,0,0,56,2,-49,A,5c:62:8b:66:67:d2"
1791497831.485,"B,42379,10,b2:db:ca:e6:29:a6,56,2,0,0,-41,S,5c:62:8b:66:67:d2"
1791497831.685,"B,42479,10,5c:62:8b:66:67:d2,511,3,466,6,-46,A,5c:62:8b:66:67:d2"
1791497831.685,"B,42479,10,72:3b:01:24:b7:c8,410,4,511,3,-41,S,5c:62:8b:66:67:d2"
1791497831.685,"B,42479,10,b2:db:ca:e6:29:a6,56,2,0,0,-41,S,5c:62:8b:66:67:d2"
1791497831.685,"B,42579,10,5c:62:8b:66:67:d2,0,0,218,5,-48,A,5c:62:8b:66:67:d2"
1791497831.685,"B,42579,10,72:3b:01:24:b7:c8,190,4,0,0,-41,S,5c:62:8b:66:67:d2"
1791497831.685,"B,42579,10,b2:db:ca:e6:29:a6,28,1,0,0,-42,S,5c:62:8b:66:67:d2"
1791497831.886,"B,42679,10,5c:62:8b:66:67:d2,0,0,112,4,-49,A,5c:62:8b:66:67:d2"
1791497831.886,"B,42679,10,72:3b:01:24:b7:c8,56,2,0,0,-42,S,5c:62:8b:66:67:d2"
1791497831.886,"B,42679,10,b2:db:ca:e6:29:a6,56,2,0,0,-42,S,5c:62:8b:66:67:d2"
1791497831.886,"B,42779,10,5c:62:8b:66:67:d2,0,0,56,2,-49,A,5c:62:8b:66:67:d2"
1791497831.886,"B,42779,10,72:3b:01:24:b7:c8,28,1,0,0,-41,S,5c:62:8b:66:67:d2"
1791497831.886,"B,42779,10,b2:db:ca:e6:29:a6,28,1,0,0,-41,S,5c:62:8b:66:67:d2"
1791497832.087,"B,42879,10,5c:62:8b:66:67:d2,0,0,84,3,-50,A,5c:62:8b:66:67:d2"
1791497832.087,"B,42879,10,b2:db:ca:e6:29:a6,84,3,0,0,-41,S,5c:62:8b:66:67:d2"
1791497832.087,"B,42979,10,5c:62:8b:66:67:d2,0,0,28,1,-48,A,5c:62:8b:66:67:d2"
1791497832.087,"B,42979,10,b2:db:ca:e6:29:a6,28,1,0,0,-44,S,5c:62:8b:66:67:d2"
1791497832.087,"B,43079,10,5c:62:8b:66:67:d2,0,0,56,2,-48,A,5c:62:8b:66:67:d2"
1791497832.087,"B,43079,10,b2:db:ca:e6:29:a6,56,2,0,0,-42,S,5c:62:8b:66:67:d2"
1791497832.287,"B,43179,10,5c:62:8b:66:67:d2,0,0,56,2,-48,A,5c:62:8b:66:67:d2"
1791497832.287,"B,43179,10,b2:db:ca:e6:29:a6,56,2,0,0,-41,S,5c:62:8b:66:67:d2"
1791497832.487,"B,43279,10,5c:62:8b:66:67:d2,0,0,56,2,-48,A,5c:62:8b:66:67:d2"
1791497832.487,"B,43279,10,b2:db:ca:e6:29:a6,56,2,0,0,-43,S,5c:62:8b:66:67:d2"
1791497832.487,"B,43379,10,5c:62:8b:66:67:d2,0,0,56,2,-48,A,5c:62:8b:66:67:d2"
1791497832.487,"B,43379,10,b2:db:ca:e6:29:a6,56,2,0,0,-41,S,5c:62:8b:66:67:d2"
1791497832.487,"B,43479,10,5c:62:8b:66:67:d2,0,0,28,1,-49,A,5c:62:8b:66:67:d2"
1791497832.688,"B,43479,10,b2:db:ca:e6:29:a6,28,1,0,0,-41,S,5c:62:8b:66:67:d2"
1791497832.688,"B,43579,10,5c:62:8b:66:67:d2,0,0,56,2,-48,A,5c:62:8b:66:67:d2"
1791497832.688,"B,43579,10,b2:db:ca:e6:29:a6,56,2,0,0,-41,S,5c:62:8b:66:67:d2"
1791497832.688,"B,43679,10,5c:62:8b:66:67:d2,0,0,56,2,-48,A,5c:62:8b:66:67:d2"
1791497832.889,"B,43679,10,b2:db:ca:e6:29:a6,56,2,0,0,-41,S,5c:62:8b:66:67:d2"
1791497832.889,"B,43779,10,5c:62:8b:66:67:d2,0,0,56,2,-48,A,5c:62:8b:66:67:d2"
1791497832.889,"B,43779,10,b2:db:ca:e6:29:a6,56,2,0,0,-42,S,5c:62:8b:66:67:d2"
1791497832.889,"B,43879,10,5c:62:8b:66:67:d2,0,0,28,1,-48,A,5c:62:8b:66:67:d2"
1791497832.889,"B,43879,10,b2:db:ca:e6:29:a6,28,1,0,0,-42,S,5c:62:8b:66:67:d2"
1791497833.090,"B,43979,10,5c:62:8b:66:67:d2,0,0,28,1,-49,A,5c:62:8b:66:67:d2"
1791497833.090,"B,43979,10,b2:db:ca:e6:29:a6,28,1,0,0,-43,S,5c:62:8b:66:67:d2"
1791497833.090,"B,44079,10,5c:62:8b:66:67:d2,0,0,84,3,0,A,5c:62:8b:66:67:d2"
1791497833.090,"B,44079,10,b2:db:ca:e6:29:a6,84,3,0,0,-41,S,5c:62:8b:66:67:d2"
1791497833.290,"B,44179,10,5c:62:8b:66:67:d2,0,0,56,2,-49,A,5c:62:8b:66:67:d2"
1791497833.290,"B,44179,10,b2:db:ca:e6:29:a6,56,2,0,0,-42,S,5c:62:8b:66:67:d2"
1791497833.290,"B,44279,10,5c:62:8b:66:67:d2,0,0,56,2,-50,A,5c:62:8b:66:67:d2"
1791497833.290,"B,44279,10,b2:db:ca:e6:29:a6,56,2,0,0,-39,S,5c:62:8b:66:67:d2"
1791497833.491,"B,44379,10,5c:62:8b:66:67:d2,0,0,56,2,-48,A,5c:62:8b:66:67:d2"
1791497833.491,"B,44379,10,b2:db:ca:e6:29:a6,56,2,0,0,-41,S,5c:62:8b:66:67:d2"
1791497833.491,"B,44479,10,5c:62:8b:66:67:d2,0,0,28,1,-48,A,5c:62:8b:66:67:d2"
1791497833.491,"B,44479,10,b2:db:ca:e6:29:a6,28,1,0,0,-42,S,5c:62:8b:66:67:d2"
1791497833.691,"B,44579,10,5c:62:8b:66:67:d2,0,0,56,2,-49,A,5c:62:8b:66:67:d2"
1791497833.691,"B,44579,10,b2:db:ca:e6:29:a6,56,2,0,0,-42,S,5c:62:8b:66:67:d2"
1791497833.691,"B,44679,10,5c:62:8b:66:67:d2,0,0,56,2,-48,A,5c:62:8b:66:67:d2"
1791497833.691,"B,44679,10,b2:db:ca:e6:29:a6,56,2,0,0,-42,S,5c:62:8b:66:67:d2"
1791497833.893,"A,44702,10,b8:ec:a3:e0:bf:97,-89,KV 15"
1791497833.893,"B,44779,10,5c:62:8b:66:67:d2,0,0,56,2,-48,A,5c:62:8b:66:67:d2"
1791497833.893,"B,44779,10,b2:db:ca:e6:29:a6,56,2,0,0,-39,S,5c:62:8b:66:67:d2"
1791497833.893,"B,44879,10,5c:62:8b:66:67:d2,0,0,56,2,-48,A,5c:62:8b:66:67:d2"
1791497833.893,"B,44879,10,78:8c:b5:f5:e7:26,0,0,60,2,-80,A,78:8c:b5:f5:e7:26"
1791497833.893,"B,44879,10,b2:db:ca:e6:29:a6,56,2,0,0,-41,S,5c:62:8b:66:67:d2"
1791497833.893,"B,44879,10,a6:4c:bd:b6:c7:99,60,2,0,0,-92,S,78:8c:b5:f5:e7:26"
1791497834.094,"B,44979,10,5c:62:8b:66:67:d2,0,0,56,2,-48,A,5c:62:8b:66:67:d2"
1791497834.094,"B,44979,10,b2:db:ca:e6:29:a6,56,2,0,0,-41,S,5c:62:8b:66:67:d2"
1791497834.094,"B,45079,10,5c:62:8b:66:67:d2,0,0,84,3,-48,A,5c:62:8b:66:67:d2"
1791497834.094,"B,45079,10,b2:db:ca:e6:29:a6,84,3,0,0,-42,S,5c:62:8b:66:67:d2"
1791497834.296,"I,45099,stat,rx=2492,drops=0,ch=10,bin=100,hop=0,heap=203064"
1791497834.296,"B,45279,10,5c:62:8b:66:67:d2,0,0,56,2,-48,A,5c:62:8b:66:67:d2"
1791497834.296,"B,45279,10,b2:db:ca:e6:29:a6,56,2,0,0,-41,S,5c:62:8b:66:67:d2"
1791497834.497,"B,45379,10,5c:62:8b:66:67:d2,0,0,56,2,-43,A,5c:62:8b:66:67:d2"
1791497834.497,"B,45379,10,78:8c:b5:f5:e7:26,92,1,0,0,-81,A,78:8c:b5:f5:e7:26"
1791497834.497,"B,45379,10,b2:db:ca:e6:29:a6,56,2,0,0,-42,S,5c:62:8b:66:67:d2"
1791497834.497,"B,45479,10,5c:62:8b:66:67:d2,0,0,56,2,-49,A,5c:62:8b:66:67:d2"
1791497834.497,"B,45479,10,78:8c:b5:f5:e7:26,92,1,0,0,-79,A,78:8c:b5:f5:e7:26"
1791497834.497,"B,45479,10,b2:db:ca:e6:29:a6,56,2,0,0,-42,S,5c:62:8b:66:67:d2"
1791497835.099,"B,45979,10,5c:62:8b:66:67:d2,0,0,28,1,-48,A,5c:62:8b:66:67:d2"
1791497835.099,"B,45979,10,78:8c:b5:f5:e7:26,106,1,0,0,-79,A,78:8c:b5:f5:e7:26"
1791497835.099,"B,45979,10,b2:db:ca:e6:29:a6,28,1,0,0,-43,S,5c:62:8b:66:67:d2"
1791497835.099,"B,45979,10,a6:4c:bd:b6:c7:99,0,0,106,1,0,S,78:8c:b5:f5:e7:26"
1791497835.099,"B,46079,10,5c:62:8b:66:67:d2,0,0,28,1,-47,A,5c:62:8b:66:67:d2"
1791497835.099,"B,46079,10,b2:db:ca:e6:29:a6,28,1,0,0,-36,S,5c:62:8b:66:67:d2"
1791497835.302,"M,46141,slot,5,0"
1791497835.302,"B,46179,10,5c:62:8b:66:67:d2,0,0,28,1,-48,A,5c:62:8b:66:67:d2"
1791497835.302,"B,46179,10,b2:db:ca:e6:29:a6,28,1,0,0,-42,S,5c:62:8b:66:67:d2"
1791497835.302,"B,46279,10,5c:62:8b:66:67:d2,0,0,56,2,-48,A,5c:62:8b:66:67:d2"
1791497835.302,"B,46279,10,b2:db:ca:e6:29:a6,56,2,0,0,-42,S,5c:62:8b:66:67:d2"
1791497835.505,"B,46379,10,5c:62:8b:66:67:d2,0,0,56,2,-48,A,5c:62:8b:66:67:d2"
1791497835.505,"B,46379,10,b2:db:ca:e6:29:a6,56,2,0,0,-41,S,5c:62:8b:66:67:d2"
1791497835.505,"B,46479,10,5c:62:8b:66:67:d2,0,0,56,2,-43,A,5c:62:8b:66:67:d2"
1791497835.505,"B,46479,10,b2:db:ca:e6:29:a6,56,2,0,0,-41,S,5c:62:8b:66:67:d2"
1791497835.709,"B,46579,10,5c:62:8b:66:67:d2,0,0,56,2,-48,A,5c:62:8b:66:67:d2"
1791497835.709,"B,46579,10,b2:db:ca:e6:29:a6,56,2,0,0,-41,S,5c:62:8b:66:67:d2"
1791497835.709,"B,46679,10,5c:62:8b:66:67:d2,0,0,28,1,-48,A,5c:62:8b:66:67:d2"
1791497835.709,"B,46679,10,b2:db:ca:e6:29:a6,28,1,0,0,-41,S,5c:62:8b:66:67:d2"
1791497835.914,"B,46779,10,5c:62:8b:66:67:d2,0,0,56,2,-48,A,5c:62:8b:66:67:d2"
1791497835.914,"B,46779,10,b2:db:ca:e6:29:a6,56,2,0,0,-39,S,5c:62:8b:66:67:d2"
1791497835.914,"B,46879,10,5c:62:8b:66:67:d2,0,0,56,2,-47,A,5c:62:8b:66:67:d2"
1791497835.914,"B,46879,10,b2:db:ca:e6:29:a6,56,2,0,0,-40,S,5c:62:8b:66:67:d2"
1791497836.114,"B,46979,10,5c:62:8b:66:67:d2,0,0,28,1,-48,A,5c:62:8b:66:67:d2"
1791497836.114,"B,46979,10,b2:db:ca:e6:29:a6,28,1,0,0,-42,S,5c:62:8b:66:67:d2"
1791497836.114,"B,47079,10,5c:62:8b:66:67:d2,0,0,56,2,-48,A,5c:62:8b:66:67:d2"
1791497836.114,"B,47079,10,b2:db:ca:e6:29:a6,56,2,0,0,-42,S,5c:62:8b:66:67:d2"
1791497836.319,"B,47179,10,5c:62:8b:66:67:d2,0,0,56,2,-48,A,5c:62:8b:66:67:d2"
1791497836.319,"B,47179,10,b2:db:ca:e6:29:a6,56,2,0,0,-42,S,5c:62:8b:66:67:d2"
1791497836.319,"B,47279,10,5c:62:8b:66:67:d2,0,0,28,1,-48,A,5c:62:8b:66:67:d2"
1791497836.319,"B,47279,10,b2:db:ca:e6:29:a6,28,1,0,0,-42,S,5c:62:8b:66:67:d2"
1791497836.524,"B,47379,10,5c:62:8b:66:67:d2,0,0,28,1,-48,A,5c:62:8b:66:67:d2"
1791497836.524,"B,47379,10,b2:db:ca:e6:29:a6,28,1,0,0,-42,S,5c:62:8b:66:67:d2"
1791497837.339,"B,48279,10,5c:62:8b:66:67:d2,0,0,28,1,-47,A,5c:62:8b:66:67:d2"
1791497837.339,"B,48279,10,b2:db:ca:e6:29:a6,28,1,0,0,-41,S,5c:62:8b:66:67:d2"
1791497837.540,"B,48379,10,5c:62:8b:66:67:d2,0,0,56,2,-48,A,5c:62:8b:66:67:d2"
1791497837.540,"B,48379,10,b2:db:ca:e6:29:a6,56,2,0,0,-42,S,5c:62:8b:66:67:d2"
1791497837.540,"B,48479,10,5c:62:8b:66:67:d2,0,0,28,1,0,A,5c:62:8b:66:67:d2"
1791497837.540,"B,48479,10,b2:db:ca:e6:29:a6,28,1,0,0,-42,S,5c:62:8b:66:67:d2"
1791497837.745,"B,48579,10,5c:62:8b:66:67:d2,0,0,56,2,-49,A,5c:62:8b:66:67:d2"
1791497837.745,"B,48579,10,b2:db:ca:e6:29:a6,56,2,0,0,-41,S,5c:62:8b:66:67:d2"
1791497837.745,"B,48679,10,5c:62:8b:66:67:d2,0,0,28,1,-48,A,5c:62:8b:66:67:d2"
1791497837.745,"B,48679,10,80:af:ca:68:4c:f8,84,1,0,0,-83,A,80:af:ca:68:4c:f8"
1791497837.745,"B,48679,10,b2:db:ca:e6:29:a6,28,1,0,0,-42,S,5c:62:8b:66:67:d2"
1791497837.950,"B,48779,10,5c:62:8b:66:67:d2,0,0,56,2,-48,A,5c:62:8b:66:67:d2"
1791497837.950,"B,48779,10,b2:db:ca:e6:29:a6,56,2,0,0,-38,S,5c:62:8b:66:67:d2"
1791497837.950,"B,48879,10,5c:62:8b:66:67:d2,0,0,56,2,-48,A,5c:62:8b:66:67:d2"
1791497837.950,"B,48879,10,80:af:ca:68:4c:f8,104,1,0,0,-86,A,80:af:ca:68:4c:f8"
1791497837.950,"B,48879,10,b2:db:ca:e6:29:a6,56,2,0,0,-42,S,5c:62:8b:66:67:d2"
1791497838.155,"B,48979,10,5c:62:8b:66:67:d2,0,0,56,2,-48,A,5c:62:8b:66:67:d2"
1791497838.155,"B,48979,10,b2:db:ca:e6:29:a6,56,2,0,0,-41,S,5c:62:8b:66:67:d2"
1791497838.155,"B,49079,10,5c:62:8b:66:67:d2,0,0,56,2,-48,A,5c:62:8b:66:67:d2"
1791497838.155,"B,49079,10,b2:db:ca:e6:29:a6,56,2,0,0,-41,S,5c:62:8b:66:67:d2"
1791497838.360,"B,49179,10,5c:62:8b:66:67:d2,0,0,84,3,-48,A,5c:62:8b:66:67:d2"
1791497838.360,"B,49179,10,b2:db:ca:e6:29:a6,84,3,0,0,-42,S,5c:62:8b:66:67:d2"
1791497838.564,"B,49479,10,5c:62:8b:66:67:d2,0,0,56,2,-48,A,5c:62:8b:66:67:d2"
1791497838.564,"B,49479,10,78:8c:b5:f5:e7:26,80,1,28,1,-79,A,78:8c:b5:f5:e7:26"
1791497838.564,"B,49479,10,b2:db:ca:e6:29:a6,56,2,0,0,-43,S,5c:62:8b:66:67:d2"
1791497838.564,"B,49479,10,00:08:22:24:d6:fb,28,1,0,0,-87,S,78:8c:b5:f5:e7:26"
1791497838.769,"B,49579,10,5c:62:8b:66:67:d2,0,0,56,2,-48,A,5c:62:8b:66:67:d2"
1791497838.769,"B,49579,10,b2:db:ca:e6:29:a6,56,2,0,0,-42,S,5c:62:8b:66:67:d2"
1791497838.769,"B,49679,10,5c:62:8b:66:67:d2,0,0,56,2,-48,A,5c:62:8b:66:67:d2"
1791497838.769,"B,49679,10,b2:db:ca:e6:29:a6,56,2,0,0,-42,S,5c:62:8b:66:67:d2"
1791497838.970,"B,49779,10,5c:62:8b:66:67:d2,0,0,28,1,-48,A,5c:62:8b:66:67:d2"
1791497838.970,"B,49779,10,b2:db:ca:e6:29:a6,28,1,0,0,-41,S,5c:62:8b:66:67:d2"
1791497839.173,"I,50099,stat,rx=2687,drops=0,ch=10,bin=100,hop=0,heap=203064"
1791497839.376,"B,50179,10,5c:62:8b:66:67:d2,0,0,84,3,-48,A,5c:62:8b:66:67:d2"
1791497839.376,"B,50179,10,b2:db:ca:e6:29:a6,84,3,0,0,-41,S,5c:62:8b:66:67:d2"
1791497839.376,"B,50279,10,5c:62:8b:66:67:d2,0,0,28,1,-48,A,5c:62:8b:66:67:d2"
1791497839.376,"B,50279,10,b2:db:ca:e6:29:a6,28,1,0,0,-42,S,5c:62:8b:66:67:d2"
1791497839.581,"B,50379,10,5c:62:8b:66:67:d2,0,0,84,3,-50,A,5c:62:8b:66:67:d2"
1791497839.581,"B,50379,10,b2:db:ca:e6:29:a6,84,3,0,0,-42,S,5c:62:8b:66:67:d2"
1791497839.782,"B,50579,10,5c:62:8b:66:67:d2,0,0,56,2,-48,A,5c:62:8b:66:67:d2"
1791497839.782,"B,50579,10,b2:db:ca:e6:29:a6,56,2,0,0,-42,S,5c:62:8b:66:67:d2"
1791497839.782,"B,50679,10,5c:62:8b:66:67:d2,0,0,56,2,-47,A,5c:62:8b:66:67:d2"
1791497839.782,"B,50679,10,b2:db:ca:e6:29:a6,56,2,0,0,-42,S,5c:62:8b:66:67:d2"
1791497839.984,"B,50779,10,5c:62:8b:66:67:d2,0,0,56,2,-47,A,5c:62:8b:66:67:d2"
1791497839.984,"B,50779,10,b2:db:ca:e6:29:a6,56,2,0,0,-43,S,5c:62:8b:66:67:d2"
1791497839.984,"B,50879,10,5c:62:8b:66:67:d2,0,0,56,2,-49,A,5c:62:8b:66:67:d2"
1791497839.984,"B,50879,10,b2:db:ca:e6:29:a6,56,2,0,0,-42,S,5c:62:8b:66:67:d2"
1791497839.984,"B,50979,10,5c:62:8b:66:67:d2,0,0,56,2,-48,A,5c:62:8b:66:67:d2"
1791497840.185,"B,50979,10,b2:db:ca:e6:29:a6,56,2,0,0,-42,S,5c:62:8b:66:67:d2"
1791497840.185,"B,51079,10,5c:62:8b:66:67:d2,0,0,56,2,-48,A,5c:62:8b:66:67:d2"
1791497840.185,"B,51079,10,b2:db:ca:e6:29:a6,56,2,0,0,-41,S,5c:62:8b:66:67:d2"
1791497840.386,"B,51179,10,5c:62:8b:66:67:d2,0,0,56,2,-48,A,5c:62:8b:66:67:d2"
1791497840.386,"B,51179,10,78:8c:b5:f5:e7:26,0,0,30,1,-79,A,78:8c:b5:f5:e7:26"
1791497840.386,"B,51179,10,b2:db:ca:e6:29:a6,56,2,0,0,-43,S,5c:62:8b:66:67:d2"
1791497840.386,"B,51179,10,a6:4c:bd:b6:c7:99,30,1,0,0,-95,S,78:8c:b5:f5:e7:26"
1791497840.386,"M,51216,slot,6,1"
1791497840.386,"B,51279,10,5c:62:8b:66:67:d2,0,0,28,1,-48,A,5c:62:8b:66:67:d2"
1791497840.386,"B,51279,10,b2:db:ca:e6:29:a6,28,1,0,0,-42,S,5c:62:8b:66:67:d2"
1791497840.587,"B,51379,10,5c:62:8b:66:67:d2,0,0,56,2,-49,A,5c:62:8b:66:67:d2"
1791497840.587,"B,51379,10,b2:db:ca:e6:29:a6,56,2,0,0,-42,S,5c:62:8b:66:67:d2"
1791497840.587,"B,51479,10,5c:62:8b:66:67:d2,0,0,28,1,-48,A,5c:62:8b:66:67:d2"
1791497840.587,"B,51479,10,b2:db:ca:e6:29:a6,28,1,0,0,-44,S,5c:62:8b:66:67:d2"
1791497840.587,"B,51579,10,5c:62:8b:66:67:d2,0,0,28,1,-49,A,5c:62:8b:66:67:d2"
1791497840.587,"B,51579,10,b2:db:ca:e6:29:a6,28,1,0,0,-42,S,5c:62:8b:66:67:d2"
1791497841.600,"B,52479,10,5c:62:8b:66:67:d2,0,0,28,1,-48,A,5c:62:8b:66:67:d2"
1791497841.600,"B,52479,10,b2:db:ca:e6:29:a6,28,1,0,0,-41,S,5c:62:8b:66:67:d2"
1791497841.600,"B,52579,10,5c:62:8b:66:67:d2,0,0,28,1,-48,A,5c:62:8b:66:67:d2"
1791497841.600,"B,52579,10,b2:db:ca:e6:29:a6,28,1,0,0,-36,S,5c:62:8b:66:67:d2"
1791497841.802,"B,52779,10,5c:62:8b:66:67:d2,0,0,56,2,-48,A,5c:62:8b:66:67:d2"
1791497841.802,"B,52779,10,b2:db:ca:e6:29:a6,56,2,0,0,-43,S,5c:62:8b:66:67:d2"
1791497842.005,"B,52879,10,5c:62:8b:66:67:d2,0,0,112,4,-48,A,5c:62:8b:66:67:d2"
1791497842.005,"B,52879,10,b2:db:ca:e6:29:a6,112,4,0,0,-42,S,5c:62:8b:66:67:d2"
1791497842.005,"B,52979,10,5c:62:8b:66:67:d2,0,0,56,2,-49,A,5c:62:8b:66:67:d2"
1791497842.005,"B,52979,10,78:8c:b5:f5:e7:26,0,0,60,2,-79,A,78:8c:b5:f5:e7:26"
1791497842.005,"B,52979,10,b2:db:ca:e6:29:a6,56,2,0,0,-40,S,5c:62:8b:66:67:d2"
1791497842.005,"B,52979,10,a6:4c:bd:b6:c7:99,60,2,0,0,-91,S,78:8c:b5:f5:e7:26"
1791497842.207,"B,53079,10,5c:62:8b:66:67:d2,0,0,28,1,-48,A,5c:62:8b:66:67:d2"
1791497842.207,"B,53079,10,b2:db:ca:e6:29:a6,28,1,0,0,-42,S,5c:62:8b:66:67:d2"
1791497842.207,"B,53179,10,5c:62:8b:66:67:d2,0,0,56,2,-49,A,5c:62:8b:66:67:d2"
1791497842.207,"B,53179,10,78:8c:b5:f5:e7:26,0,0,30,1,-81,A,78:8c:b5:f5:e7:26"
1791497842.207,"B,53179,10,b2:db:ca:e6:29:a6,56,2,0,0,-42,S,5c:62:8b:66:67:d2"
1791497842.207,"B,53179,10,a6:4c:bd:b6:c7:99,30,1,0,0,-92,S,78:8c:b5:f5:e7:26"
1791497842.408,"B,53279,10,5c:62:8b:66:67:d2,0,0,56,2,-48,A,5c:62:8b:66:67:d2"
1791497842.408,"B,53279,10,b2:db:ca:e6:29:a6,56,2,0,0,-41,S,5c:62:8b:66:67:d2"
1791497842.408,"B,53379,10,5c:62:8b:66:67:d2,100,1,178,4,-47,A,5c:62:8b:66:67:d2"
1791497842.408,"B,53379,10,b2:db:ca:e6:29:a6,84,3,0,0,-43,S,5c:62:8b:66:67:d2"
1791497842.408,"B,53379,10,46:88:44:6e:4f:e4,94,1,100,1,-37,S,5c:62:8b:66:67:d2"
1791497842.613,"B,53479,10,5c:62:8b:66:67:d2,0,0,28,1,-48,A,5c:62:8b:66:67:d2"
1791497842.613,"B,53479,10,b2:db:ca:e6:29:a6,28,1,0,0,-43,S,5c:62:8b:66:67:d2"
1791497842.613,"B,53579,10,5c:62:8b:66:67:d2,0,0,56,2,-48,A,5c:62:8b:66:67:d2"
1791497842.613,"B,53579,10,b2:db:ca:e6:29:a6,56,2,0,0,-41,S,5c:62:8b:66:67:d2"
1791497842.816,"B,53679,10,5c:62:8b:66:67:d2,0,0,28,1,-48,A,5c:62:8b:66:67:d2"
1791497842.816,"B,53679,10,b2:db:ca:e6:29:a6,28,1,0,0,-42,S,5c:62:8b:66:67:d2"
1791497842.816,"B,53779,10,5c:62:8b:66:67:d2,0,0,118,1,-48,A,5c:62:8b:66:67:d2"
1791497842.816,"B,53779,10,46:88:44:6e:4f:e4,118,1,0,0,-37,S,5c:62:8b:66:67:d2"
1791497843.018,"B,53979,10,5c:62:8b:66:67:d2,9854,10,1373,10,-45,A,5c:62:8b:66:67:d2"
1791497843.018,"B,53979,10,cc:b8:5e:ad:5c:4a,1373,10,9854,10,-46,S,5c:62:8b:66:67:d2"
1791497843.220,"B,54079,10,5c:62:8b:66:67:d2,123,1,176,2,-47,A,5c:62:8b:66:67:d2"
1791497843.220,"B,54079,10,cc:b8:5e:ad:5c:4a,176,2,0,0,-46,S,5c:62:8b:66:67:d2"
1791497843.220,"B,54079,10,46:88:44:6e:4f:e4,0,0,123,1,0,S,5c:62:8b:66:67:d2"
1791497843.220,"B,54179,10,5c:62:8b:66:67:d2,1086,5,16257,16,-46,A,5c:62:8b:66:67:d2"
1791497843.220,"B,54179,10,b2:db:ca:e6:29:a6,28,1,0,0,-41,S,5c:62:8b:66:67:d2"
1791497843.220,"B,54179,10,cc:b8:5e:ad:5c:4a,16229,15,1086,5,-48,S,5c:62:8b:66:67:d2"
1791497843.420,"B,54279,10,5c:62:8b:66:67:d2,1686,10,10009,13,-45,A,5c:62:8b:66:67:d2"
1791497843.420,"B,54279,10,cc:b8:5e:ad:5c:4a,9915,12,1686,10,-47,S,5c:62:8b:66:67:d2"
1791497843.420,"B,54279,10,46:88:44:6e:4f:e4,94,1,0,0,-37,S,5c:62:8b:66:67:d2"
1791497843.420,"B,54379,10,5c:62:8b:66:67:d2,106,1,162,3,-46,A,5c:62:8b:66:67:d2"
1791497843.420,"B,54379,10,78:8c:b5:f5:e7:26,0,0,30,1,-82,A,78:8c:b5:f5:e7:26"
1791497843.420,"B,54379,10,b2:db:ca:e6:29:a6,56,2,0,0,-41,S,5c:62:8b:66:67:d2"
1791497843.420,"B,54379,10,cc:b8:5e:ad:5c:4a,106,1,106,1,-48,S,5c:62:8b:66:67:d2"
1791497843.420,"B,54379,10,a6:4c:bd:b6:c7:99,30,1,0,0,-87,S,78:8c:b5:f5:e7:26"
1791497843.621,"B,54479,10,5c:62:8b:66:67:d2,106,1,28,1,-46,A,5c:62:8b:66:67:d2"
1791497843.621,"B,54479,10,b2:db:ca:e6:29:a6,28,1,0,0,-43,S,5c:62:8b:66:67:d2"
1791497843.621,"B,54479,10,cc:b8:5e:ad:5c:4a,0,0,106,1,0,S,5c:62:8b:66:67:d2"
1791497843.621,"B,54579,10,5c:62:8b:66:67:d2,718,2,324,6,-46,A,5c:62:8b:66:67:d2"
1791497843.621,"B,54579,10,b2:db:ca:e6:29:a6,84,3,0,0,-45,S,5c:62:8b:66:67:d2"
1791497843.621,"B,54579,10,cc:b8:5e:ad:5c:4a,240,3,718,2,-47,S,5c:62:8b:66:67:d2"
1791497843.822,"B,54679,10,5c:62:8b:66:67:d2,0,0,56,2,-48,A,5c:62:8b:66:67:d2"
1791497843.822,"B,54679,10,b2:db:ca:e6:29:a6,56,2,0,0,-44,S,5c:62:8b:66:67:d2"
1791497843.822,"B,54779,10,5c:62:8b:66:67:d2,106,1,134,2,-46,A,5c:62:8b:66:67:d2"
1791497843.822,"B,54779,10,cc:b8:5e:ad:5c:4a,134,2,106,1,-43,S,5c:62:8b:66:67:d2"
1791497844.027,"B,54879,10,5c:62:8b:66:67:d2,0,0,56,2,-48,A,5c:62:8b:66:67:d2"
1791497844.027,"B,54879,10,b2:db:ca:e6:29:a6,56,2,0,0,-42,S,5c:62:8b:66:67:d2"
1791497844.027,"B,54979,10,5c:62:8b:66:67:d2,0,0,28,1,-50,A,5c:62:8b:66:67:d2"
1791497844.027,"B,54979,10,80:af:ca:68:4c:f8,104,1,0,0,-83,A,80:af:ca:68:4c:f8"
1791497844.027,"B,54979,10,b2:db:ca:e6:29:a6,28,1,0,0,-40,S,5c:62:8b:66:67:d2"
1791497844.231,"I,55101,stat,rx=3001,drops=0,ch=10,bin=100,hop=0,heap=203064"
1791497844.231,"B,55179,10,5c:62:8b:66:67:d2,243,2,268,2,-47,A,5c:62:8b:66:67:d2"
1791497844.231,"B,55179,10,cc:b8:5e:ad:5c:4a,268,2,243,2,-50,S,5c:62:8b:66:67:d2"
1791497844.431,"B,55279,10,5c:62:8b:66:67:d2,0,0,84,3,-49,A,5c:62:8b:66:67:d2"
1791497844.431,"B,55279,10,b2:db:ca:e6:29:a6,84,3,0,0,-41,S,5c:62:8b:66:67:d2"
1791497844.431,"B,55379,10,5c:62:8b:66:67:d2,0,0,56,2,-48,A,5c:62:8b:66:67:d2"
1791497844.431,"B,55379,10,b2:db:ca:e6:29:a6,56,2,0,0,-43,S,5c:62:8b:66:67:d2"
1791497844.633,"B,55479,10,5c:62:8b:66:67:d2,0,0,28,1,-48,A,5c:62:8b:66:67:d2"
1791497844.633,"B,55479,10,b2:db:ca:e6:29:a6,28,1,0,0,-42,S,5c:62:8b:66:67:d2"
1791497844.633,"B,55579,10,5c:62:8b:66:67:d2,0,0,28,1,-47,A,5c:62:8b:66:67:d2"
1791497844.633,"B,55579,10,b2:db:ca:e6:29:a6,28,1,0,0,-41,S,5c:62:8b:66:67:d2"
1791497844.838,"B,55679,10,5c:62:8b:66:67:d2,0,0,56,2,-46,A,5c:62:8b:66:67:d2"
1791497844.838,"B,55679,10,b2:db:ca:e6:29:a6,56,2,0,0,-43,S,5c:62:8b:66:67:d2"
1791497844.838,"B,55779,10,5c:62:8b:66:67:d2,0,0,28,1,-46,A,5c:62:8b:66:67:d2"
1791497844.838,"B,55779,10,b2:db:ca:e6:29:a6,28,1,0,0,-38,S,5c:62:8b:66:67:d2"
1791497845.043,"B,55879,10,5c:62:8b:66:67:d2,0,0,28,1,-46,A,5c:62:8b:66:67:d2"
1791497845.043,"B,55879,10,b2:db:ca:e6:29:a6,28,1,0,0,-38,S,5c:62:8b:66:67:d2"
1791497845.043,"B,55979,10,5c:62:8b:66:67:d2,0,0,28,1,-48,A,5c:62:8b:66:67:d2"
1791497845.043,"B,55979,10,b2:db:ca:e6:29:a6,28,1,0,0,-40,S,5c:62:8b:66:67:d2"
1791497845.451,"M,56289,slot,7,0"
1791497846.059,"B,56879,10,b0:a7:b9:23:82:ee,0,0,30,1,-87,A,b0:a7:b9:23:82:ee"
1791497846.059,"B,56879,10,f2:51:4e:f8:1a:7f,30,1,0,0,-88,S,b0:a7:b9:23:82:ee"
1791497846.059,"B,56979,10,5c:62:8b:66:67:d2,0,0,28,1,-47,A,5c:62:8b:66:67:d2"
1791497846.059,"B,56979,10,b2:db:ca:e6:29:a6,28,1,0,0,-41,S,5c:62:8b:66:67:d2"
1791497846.059,"B,56979,10,b0:a7:b9:23:82:ee,0,0,60,2,0,A,b0:a7:b9:23:82:ee"
1791497846.059,"B,56979,10,f2:51:4e:f8:1a:7f,60,2,0,0,-86,S,b0:a7:b9:23:82:ee"
1791497846.264,"B,57079,10,5c:62:8b:66:67:d2,0,0,56,2,-47,A,5c:62:8b:66:67:d2"
1791497846.264,"B,57079,10,b2:db:ca:e6:29:a6,56,2,0,0,-39,S,5c:62:8b:66:67:d2"
1791497846.264,"B,57179,10,5c:62:8b:66:67:d2,0,0,28,1,-48,A,5c:62:8b:66:67:d2"
1791497846.264,"B,57179,10,b2:db:ca:e6:29:a6,28,1,0,0,-41,S,5c:62:8b:66:67:d2"
1791497846.465,"B,57279,10,5c:62:8b:66:67:d2,0,0,28,1,-48,A,5c:62:8b:66:67:d2"
1791497846.465,"B,57279,10,b2:db:ca:e6:29:a6,28,1,0,0,-40,S,5c:62:8b:66:67:d2"
1791497846.465,"B,57379,10,5c:62:8b:66:67:d2,0,0,56,2,-48,A,5c:62:8b:66:67:d2"
1791497846.465,"B,57379,10,b2:db:ca:e6:29:a6,56,2,0,0,-36,S,5c:62:8b:66:67:d2"
1791497846.465,"B,57379,10,64:d1:54:63:44:f4,91,1,0,0,-88,A,64:d1:54:63:44:f4"
1791497846.667,"B,57479,10,5c:62:8b:66:67:d2,0,0,56,2,-48,A,5c:62:8b:66:67:d2"
1791497846.667,"B,57479,10,b2:db:ca:e6:29:a6,56,2,0,0,-39,S,5c:62:8b:66:67:d2"
1791497846.667,"B,57579,10,5c:62:8b:66:67:d2,0,0,84,3,-49,A,5c:62:8b:66:67:d2"
1791497846.667,"B,57579,10,b2:db:ca:e6:29:a6,84,3,0,0,-41,S,5c:62:8b:66:67:d2"
1791497846.872,"B,57679,10,5c:62:8b:66:67:d2,0,0,28,1,-48,A,5c:62:8b:66:67:d2"
1791497846.872,"B,57679,10,b2:db:ca:e6:29:a6,28,1,0,0,-36,S,5c:62:8b:66:67:d2"
1791497846.872,"B,57779,10,5c:62:8b:66:67:d2,0,0,56,2,-48,A,5c:62:8b:66:67:d2"
1791497846.872,"B,57779,10,b2:db:ca:e6:29:a6,56,2,0,0,-41,S,5c:62:8b:66:67:d2"
1791497847.077,"B,57879,10,5c:62:8b:66:67:d2,0,0,56,2,-49,A,5c:62:8b:66:67:d2"
1791497847.077,"B,57879,10,b2:db:ca:e6:29:a6,56,2,0,0,-41,S,5c:62:8b:66:67:d2"
1791497847.077,"B,57979,10,5c:62:8b:66:67:d2,0,0,56,2,-48,A,5c:62:8b:66:67:d2"
1791497847.077,"B,57979,10,b2:db:ca:e6:29:a6,56,2,0,0,-40,S,5c:62:8b:66:67:d2"
1791497847.281,"B,58079,10,5c:62:8b:66:67:d2,0,0,56,2,-49,A,5c:62:8b:66:67:d2"
1791497847.281,"B,58079,10,b2:db:ca:e6:29:a6,56,2,0,0,-39,S,5c:62:8b:66:67:d2"
1791497847.281,"B,58179,10,5c:62:8b:66:67:d2,0,0,56,2,-49,A,5c:62:8b:66:67:d2"
1791497847.281,"B,58179,10,b2:db:ca:e6:29:a6,56,2,0,0,-38,S,5c:62:8b:66:67:d2"
1791497847.481,"B,58379,10,5c:62:8b:66:67:d2,0,0,56,2,-49,A,5c:62:8b:66:67:d2"
1791497847.481,"B,58379,10,b2:db:ca:e6:29:a6,56,2,0,0,-41,S,5c:62:8b:66:67:d2"
1791497847.683,"B,58479,10,5c:62:8b:66:67:d2,0,0,56,2,-49,A,5c:62:8b:66:67:d2"
1791497847.683,"B,58479,10,b2:db:ca:e6:29:a6,56,2,0,0,-42,S,5c:62:8b:66:67:d2"
1791497847.683,"B,58579,10,5c:62:8b:66:67:d2,0,0,56,2,-47,A,5c:62:8b:66:67:d2"
1791497847.683,"B,58579,10,b2:db:ca:e6:29:a6,56,2,0,0,-37,S,5c:62:8b:66:67:d2"
1791497847.884,"B,58679,10,5c:62:8b:66:67:d2,0,0,28,1,-47,A,5c:62:8b:66:67:d2"
1791497847.884,"B,58679,10,b2:db:ca:e6:29:a6,28,1,0,0,-36,S,5c:62:8b:66:67:d2"
1791497847.884,"B,58779,10,5c:62:8b:66:67:d2,0,0,84,3,-47,A,5c:62:8b:66:67:d2"
1791497847.884,"B,58779,10,b2:db:ca:e6:29:a6,84,3,0,0,-39,S,5c:62:8b:66:67:d2"
1791497848.087,"B,58879,10,5c:62:8b:66:67:d2,0,0,56,2,-47,A,5c:62:8b:66:67:d2"
1791497848.087,"B,58879,10,b2:db:ca:e6:29:a6,56,2,0,0,-41,S,5c:62:8b:66:67:d2"
1791497848.087,"B,58979,10,5c:62:8b:66:67:d2,0,0,56,2,-50,A,5c:62:8b:66:67:d2"
1791497848.087,"B,58979,10,b2:db:ca:e6:29:a6,56,2,0,0,-40,S,5c:62:8b:66:67:d2"
1791497848.288,"B,59079,10,5c:62:8b:66:67:d2,0,0,56,2,-50,A,5c:62:8b:66:67:d2"
1791497848.288,"B,59079,10,b2:db:ca:e6:29:a6,56,2,0,0,-40,S,5c:62:8b:66:67:d2"
1791497848.288,"B,59279,10,5c:62:8b:66:67:d2,0,0,28,1,-48,A,5c:62:8b:66:67:d2"
1791497848.288,"B,59279,10,b2:db:ca:e6:29:a6,28,1,0,0,-36,S,5c:62:8b:66:67:d2"
1791497848.488,"B,59379,10,5c:62:8b:66:67:d2,0,0,56,2,-49,A,5c:62:8b:66:67:d2"
1791497848.488,"B,59379,10,b2:db:ca:e6:29:a6,56,2,0,0,-38,S,5c:62:8b:66:67:d2"
1791497848.488,"B,59479,10,5c:62:8b:66:67:d2,0,0,56,2,-48,A,5c:62:8b:66:67:d2"
1791497848.488,"B,59479,10,78:8c:b5:f5:e7:26,0,0,30,1,-80,A,78:8c:b5:f5:e7:26"
1791497848.488,"B,59479,10,b2:db:ca:e6:29:a6,56,2,0,0,-38,S,5c:62:8b:66:67:d2"
1791497848.689,"B,59479,10,a6:4c:bd:b6:c7:99,30,1,0,0,-89,S,78:8c:b5:f5:e7:26"
1791497848.689,"B,59579,10,5c:62:8b:66:67:d2,0,0,56,2,-48,A,5c:62:8b:66:67:d2"
1791497848.689,"B,59579,10,b2:db:ca:e6:29:a6,56,2,0,0,-39,S,5c:62:8b:66:67:d2"
1791497848.689,"B,59679,10,5c:62:8b:66:67:d2,0,0,28,1,-48,A,5c:62:8b:66:67:d2"
1791497848.689,"B,59679,10,b2:db:ca:e6:29:a6,28,1,0,0,-38,S,5c:62:8b:66:67:d2"
1791497848.890,"B,59779,10,5c:62:8b:66:67:d2,0,0,28,1,-47,A,5c:62:8b:66:67:d2"
1791497848.890,"B,59779,10,b2:db:ca:e6:29:a6,28,1,0,0,-36,S,5c:62:8b:66:67:d2"
1791497848.890,"B,59879,10,5c:62:8b:66:67:d2,0,0,56,2,-48,A,5c:62:8b:66:67:d2"
1791497848.890,"B,59879,10,b2:db:ca:e6:29:a6,56,2,0,0,-41,S,5c:62:8b:66:67:d2"
1791497849.090,"B,59979,10,5c:62:8b:66:67:d2,0,0,84,3,-48,A,5c:62:8b:66:67:d2"
1791497849.090,"B,59979,10,b2:db:ca:e6:29:a6,84,3,0,0,-41,S,5c:62:8b:66:67:d2"
1791497849.090,"B,60079,10,5c:62:8b:66:67:d2,0,0,28,1,-48,A,5c:62:8b:66:67:d2"
1791497849.090,"B,60079,10,80:af:ca:68:4c:f8,84,1,0,0,-84,A,80:af:ca:68:4c:f8"
1791497849.090,"B,60079,10,b2:db:ca:e6:29:a6,28,1,0,0,-38,S,5c:62:8b:66:67:d2"
1791497849.291,"I,60103,stat,rx=3254,drops=0,ch=10,bin=100,hop=0,heap=203064"
1791497849.291,"B,60179,10,5c:62:8b:66:67:d2,0,0,56,2,-47,A,5c:62:8b:66:67:d2"
1791497849.291,"B,60179,10,b2:db:ca:e6:29:a6,56,2,0,0,-39,S,5c:62:8b:66:67:d2"
1791497849.291,"B,60279,10,5c:62:8b:66:67:d2,0,0,307,4,-48,A,5c:62:8b:66:67:d2"
1791497849.291,"B,60279,10,b2:db:ca:e6:29:a6,28,1,0,0,-41,S,5c:62:8b:66:67:d2"
1791497849.291,"B,60279,10,cc:b8:5e:ad:5c:4a,279,3,0,0,-49,S,5c:62:8b:66:67:d2"
1791497849.493,"B,60379,10,5c:62:8b:66:67:d2,0,0,28,1,-49,A,5c:62:8b:66:67:d2"
1791497849.493,"B,60379,10,b2:db:ca:e6:29:a6,28,1,0,0,-38,S,5c:62:8b:66:67:d2"
1791497849.493,"B,60479,10,5c:62:8b:66:67:d2,109,1,106,1,-45,A,5c:62:8b:66:67:d2"
1791497849.493,"B,60479,10,cc:b8:5e:ad:5c:4a,106,1,109,1,-51,S,5c:62:8b:66:67:d2"
1791497849.696,"B,60679,10,78:8c:b5:f5:e7:26,0,0,30,1,-81,A,78:8c:b5:f5:e7:26"
1791497849.696,"B,60679,10,a6:4c:bd:b6:c7:99,30,1,0,0,-91,S,78:8c:b5:f5:e7:26"
1791497849.898,"B,60879,10,5c:62:8b:66:67:d2,0,0,28,1,-47,A,5c:62:8b:66:67:d2"
1791497849.898,"B,60879,10,b2:db:ca:e6:29:a6,28,1,0,0,-36,S,5c:62:8b:66:67:d2"
1791497850.098,"B,60979,10,5c:62:8b:66:67:d2,0,0,28,1,-48,A,5c:62:8b:66:67:d2"
1791497850.098,"B,60979,10,78:8c:b5:f5:e7:26,0,0,30,1,-82,A,78:8c:b5:f5:e7:26"
1791497850.098,"B,60979,10,b2:db:ca:e6:29:a6,28,1,0,0,-36,S,5c:62:8b:66:67:d2"
1791497850.098,"B,60979,10,a6:4c:bd:b6:c7:99,30,1,0,0,-86,S,78:8c:b5:f5:e7:26"
1791497850.098,"B,61079,10,5c:62:8b:66:67:d2,0,0,56,2,-49,A,5c:62:8b:66:67:d2"
1791497850.098,"B,61079,10,78:8c:b5:f5:e7:26,88,1,30,1,-81,A,78:8c:b5:f5:e7:26"
1791497850.098,"B,61079,10,80:af:ca:68:4c:f8,104,1,0,0,-85,A,80:af:ca:68:4c:f8"
1791497850.098,"B,61079,10,b2:db:ca:e6:29:a6,56,2,0,0,-40,S,5c:62:8b:66:67:d2"
1791497850.098,"B,61079,10,a6:4c:bd:b6:c7:99,30,1,0,0,-90,S,78:8c:b5:f5:e7:26"
1791497850.301,"B,61179,10,5c:62:8b:66:67:d2,0,0,28,1,-48,A,5c:62:8b:66:67:d2"
1791497850.301,"B,61179,10,b2:db:ca:e6:29:a6,28,1,0,0,-42,S,5c:62:8b:66:67:d2"
1791497850.301,"B,61279,10,5c:62:8b:66:67:d2,113,1,56,2,-45,A,5c:62:8b:66:67:d2"
1791497850.301,"B,61279,10,78:8c:b5:f5:e7:26,92,1,0,0,-81,A,78:8c:b5:f5:e7:26"
1791497850.301,"B,61279,10,b2:db:ca:e6:29:a6,56,2,0,0,-40,S,5c:62:8b:66:67:d2"
1791497850.301,"B,61279,10,cc:b8:5e:ad:5c:4a,0,0,113,1,0,S,5c:62:8b:66:67:d2"
1791497850.505,"M,61358,slot,8,1"
1791497850.505,"B,61379,10,5c:62:8b:66:67:d2,0,0,56,2,-47,A,5c:62:8b:66:67:d2"
1791497850.505,"B,61379,10,78:8c:b5:f5:e7:26,92,1,0,0,-80,A,78:8c:b5:f5:e7:26"
1791497850.505,"B,61379,10,b2:db:ca:e6:29:a6,56,2,0,0,-40,S,5c:62:8b:66:67:d2"
1791497850.505,"B,61479,10,5c:62:8b:66:67:d2,0,0,28,1,-48,A,5c:62:8b:66:67:d2"
1791497850.505,"B,61479,10,b2:db:ca:e6:29:a6,28,1,0,0,-42,S,5c:62:8b:66:67:d2"
1791497850.707,"B,61579,10,5c:62:8b:66:67:d2,0,0,28,1,-47,A,5c:62:8b:66:67:d2"
1791497850.707,"B,61579,10,b2:db:ca:e6:29:a6,28,1,0,0,-42,S,5c:62:8b:66:67:d2"
1791497850.707,"B,61679,10,5c:62:8b:66:67:d2,0,0,56,2,-48,A,5c:62:8b:66:67:d2"
1791497850.707,"B,61679,10,b2:db:ca:e6:29:a6,56,2,0,0,-39,S,5c:62:8b:66:67:d2"
1791497850.909,"B,61779,10,5c:62:8b:66:67:d2,0,0,84,3,-48,A,5c:62:8b:66:67:d2"
1791497850.909,"B,61779,10,b2:db:ca:e6:29:a6,84,3,0,0,-40,S,5c:62:8b:66:67:d2"
1791497850.909,"B,61879,10,5c:62:8b:66:67:d2,0,0,56,2,-49,A,5c:62:8b:66:67:d2"
1791497850.909,"B,61879,10,b2:db:ca:e6:29:a6,56,2,0,0,-41,S,5c:62:8b:66:67:d2"
1791497851.115,"B,61979,10,5c:62:8b:66:67:d2,0,0,28,1,-48,A,5c:62:8b:66:67:d2"
1791497851.115,"B,61979,10,b2:db:ca:e6:29:a6,28,1,0,0,-40,S,5c:62:8b:66:67:d2"
1791497851.115,"B,62079,10,5c:62:8b:66:67:d2,0,0,56,2,-47,A,5c:62:8b:66:67:d2"
1791497851.115,"B,62079,10,b2:db:ca:e6:29:a6,56,2,0,0,-41,S,5c:62:8b:66:67:d2"
1791497851.319,"B,62179,10,5c:62:8b:66:67:d2,0,0,56,2,-48,A,5c:62:8b:66:67:d2"
1791497851.319,"B,62179,10,b2:db:ca:e6:29:a6,56,2,0,0,-40,S,5c:62:8b:66:67:d2"
1791497851.319,"B,62279,10,5c:62:8b:66:67:d2,0,0,56,2,-49,A,5c:62:8b:66:67:d2"
1791497851.319,"B,62279,10,b2:db:ca:e6:29:a6,56,2,0,0,-39,S,5c:62:8b:66:67:d2"
1791497851.522,"B,62379,10,5c:62:8b:66:67:d2,82,1,220,4,-49,A,5c:62:8b:66:67:d2"
1791497851.522,"B,62379,10,b2:db:ca:e6:29:a6,56,2,0,0,-41,S,5c:62:8b:66:67:d2"
1791497851.522,"B,62379,10,cc:b8:5e:ad:5c:4a,164,2,82,1,-51,S,5c:62:8b:66:67:d2"
1791497851.522,"B,62479,10,5c:62:8b:66:67:d2,0,0,56,2,-49,A,5c:62:8b:66:67:d2"
1791497851.522,"B,62479,10,b2:db:ca:e6:29:a6,56,2,0,0,-41,S,5c:62:8b:66:67:d2"
1791497851.725,"B,62579,10,5c:62:8b:66:67:d2,0,0,28,1,-48,A,5c:62:8b:66:67:d2"
1791497851.725,"B,62579,10,b2:db:ca:e6:29:a6,28,1,0,0,-42,S,5c:62:8b:66:67:d2"
1791497851.930,"B,62779,10,78:8c:b5:f5:e7:26,0,0,30,1,-78,A,78:8c:b5:f5:e7:26"
1791497851.930,"B,62779,10,a6:4c:bd:b6:c7:99,30,1,0,0,-93,S,78:8c:b5:f5:e7:26"
1791497852.339,"B,63179,10,5c:62:8b:66:67:d2,0,0,28,1,-48,A,5c:62:8b:66:67:d2"
1791497852.339,"B,63179,10,b2:db:ca:e6:29:a6,28,1,0,0,-39,S,5c:62:8b:66:67:d2"
1791497852.339,"B,63279,10,5c:62:8b:66:67:d2,0,0,56,2,-49,A,5c:62:8b:66:67:d2"
1791497852.339,"B,63279,10,b2:db:ca:e6:29:a6,56,2,0,0,-39,S,5c:62:8b:66:67:d2"
1791497852.540,"B,63379,10,5c:62:8b:66:67:d2,0,0,28,1,-49,A,5c:62:8b:66:67:d2"
1791497852.540,"B,63379,10,b2:db:ca:e6:29:a6,28,1,0,0,-41,S,5c:62:8b:66:67:d2"
1791497852.540,"B,63379,10,64:d1:54:63:44:f4,91,1,0,0,-88,A,64:d1:54:63:44:f4"
1791497852.540,"B,63479,10,5c:62:8b:66:67:d2,0,0,112,4,-48,A,5c:62:8b:66:67:d2"
1791497852.540,"B,63479,10,b2:db:ca:e6:29:a6,112,4,0,0,-40,S,5c:62:8b:66:67:d2"
1791497852.745,"B,63679,10,5c:62:8b:66:67:d2,0,0,28,1,-48,A,5c:62:8b:66:67:d2"
1791497852.745,"B,63679,10,b2:db:ca:e6:29:a6,28,1,0,0,-39,S,5c:62:8b:66:67:d2"
1791497852.948,"B,63879,10,78:8c:b5:f5:e7:26,0,0,30,1,-80,A,78:8c:b5:f5:e7:26"
1791497852.948,"B,63879,10,a6:4c:bd:b6:c7:99,30,1,0,0,-92,S,78:8c:b5:f5:e7:26"
1791497853.153,"B,63979,10,5c:62:8b:66:67:d2,0,0,28,1,-48,A,5c:62:8b:66:67:d2"
1791497853.153,"B,63979,10,b2:db:ca:e6:29:a6,28,1,0,0,-40,S,5c:62:8b:66:67:d2"
1791497853.153,"B,64079,10,5c:62:8b:66:67:d2,0,0,56,2,-48,A,5c:62:8b:66:67:d2"
1791497853.153,"B,64079,10,80:af:ca:68:4c:f8,561,1,0,0,-89,A,80:af:ca:68:4c:f8"
1791497853.153,"B,64079,10,b2:db:ca:e6:29:a6,56,2,0,0,-39,S,5c:62:8b:66:67:d2"
1791497853.356,"B,64179,10,5c:62:8b:66:67:d2,0,0,56,2,-48,A,5c:62:8b:66:67:d2"
1791497853.356,"B,64179,10,78:8c:b5:f5:e7:26,0,0,30,1,-79,A,78:8c:b5:f5:e7:26"
1791497853.356,"B,64179,10,b2:db:ca:e6:29:a6,56,2,0,0,-38,S,5c:62:8b:66:67:d2"
1791497853.356,"B,64179,10,a6:4c:bd:b6:c7:99,30,1,0,0,-91,S,78:8c:b5:f5:e7:26"
1791497853.356,"B,64279,10,5c:62:8b:66:67:d2,0,0,56,2,-49,A,5c:62:8b:66:67:d2"
1791497853.356,"B,64279,10,78:8c:b5:f5:e7:26,0,0,30,1,-81,A,78:8c:b5:f5:e7:26"
1791497853.356,"B,64279,10,b2:db:ca:e6:29:a6,56,2,0,0,-37,S,5c:62:8b:66:67:d2"
1791497853.356,"B,64279,10,a6:4c:bd:b6:c7:99,30,1,0,0,-89,S,78:8c:b5:f5:e7:26"
1791497853.562,"B,64379,10,5c:62:8b:66:67:d2,0,0,28,1,-48,A,5c:62:8b:66:67:d2"
1791497853.562,"B,64379,10,b2:db:ca:e6:29:a6,28,1,0,0,-40,S,5c:62:8b:66:67:d2"
1791497853.562,"B,64479,10,5c:62:8b:66:67:d2,0,0,84,3,-48,A,5c:62:8b:66:67:d2"
1791497853.562,"B,64479,10,b2:db:ca:e6:29:a6,84,3,0,0,-39,S,5c:62:8b:66:67:d2"
1791497853.764,"B,64579,10,5c:62:8b:66:67:d2,0,0,28,1,-47,A,5c:62:8b:66:67:d2"
1791497853.764,"B,64579,10,b2:db:ca:e6:29:a6,28,1,0,0,-39,S,5c:62:8b:66:67:d2"
1791497853.764,"B,64679,10,5c:62:8b:66:67:d2,0,0,56,2,-47,A,5c:62:8b:66:67:d2"
1791497853.764,"B,64679,10,b2:db:ca:e6:29:a6,56,2,0,0,-39,S,5c:62:8b:66:67:d2"
1791497853.969,"B,64779,10,5c:62:8b:66:67:d2,0,0,28,1,-49,A,5c:62:8b:66:67:d2"
1791497853.969,"B,64779,10,b2:db:ca:e6:29:a6,28,1,0,0,-38,S,5c:62:8b:66:67:d2"
1791497853.969,"B,64879,10,5c:62:8b:66:67:d2,0,0,56,2,-47,A,5c:62:8b:66:67:d2"
1791497853.969,"B,64879,10,b2:db:ca:e6:29:a6,56,2,0,0,-40,S,5c:62:8b:66:67:d2"
1791497854.174,"B,64979,10,5c:62:8b:66:67:d2,0,0,56,2,-47,A,5c:62:8b:66:67:d2"
1791497854.174,"B,64979,10,b2:db:ca:e6:29:a6,56,2,0,0,-39,S,5c:62:8b:66:67:d2"
1791497854.174,"B,65079,10,5c:62:8b:66:67:d2,0,0,84,3,-47,A,5c:62:8b:66:67:d2"
1791497854.174,"B,65079,10,80:af:ca:68:4c:f8,104,1,0,0,-88,A,80:af:ca:68:4c:f8"
1791497854.174,"B,65079,10,b2:db:ca:e6:29:a6,84,3,0,0,-41,S,5c:62:8b:66:67:d2"
1791497854.174,"I,65105,stat,rx=3504,drops=0,ch=10,bin=100,hop=0,heap=203064"
1791497854.379,"B,65179,10,5c:62:8b:66:67:d2,0,0,28,1,-47,A,5c:62:8b:66:67:d2"
1791497854.379,"B,65179,10,b2:db:ca:e6:29:a6,28,1,0,0,-41,S,5c:62:8b:66:67:d2"
1791497854.379,"B,65279,10,78:8c:b5:f5:e7:26,0,0,30,1,-81,A,78:8c:b5:f5:e7:26"
1791497854.379,"B,65279,10,a6:4c:bd:b6:c7:99,30,1,0,0,-89,S,78:8c:b5:f5:e7:26"
1791497854.581,"B,65379,10,78:8c:b5:f5:e7:26,0,0,30,1,-81,A,78:8c:b5:f5:e7:26"
1791497854.581,"B,65379,10,a6:4c:bd:b6:c7:99,30,1,0,0,-88,S,78:8c:b5:f5:e7:26"
1791497854.581,"B,65479,10,78:8c:b5:f5:e7:26,310,2,0,0,-79,A,78:8c:b5:f5:e7:26"
1791497854.984,"B,65879,10,78:8c:b5:f5:e7:26,0,0,60,2,-80,A,78:8c:b5:f5:e7:26"
1791497854.984,"B,65879,10,a6:4c:bd:b6:c7:99,60,2,0,0,-91,S,78:8c:b5:f5:e7:26"
1791497855.188,"B,66079,10,5c:62:8b:66:67:d2,0,0,84,3,-48,A,5c:62:8b:66:67:d2"
1791497855.188,"B,66079,10,b2:db:ca:e6:29:a6,84,3,0,0,-39,S,5c:62:8b:66:67:d2"
1791497855.389,"B,66279,10,5c:62:8b:66:67:d2,0,0,56,2,-46,A,5c:62:8b:66:67:d2"
1791497855.389,"B,66279,10,b2:db:ca:e6:29:a6,56,2,0,0,-40,S,5c:62:8b:66:67:d2"
1791497855.389,"B,66379,10,5c:62:8b:66:67:d2,0,0,56,2,-46,A,5c:62:8b:66:67:d2"
1791497855.389,"B,66379,10,b2:db:ca:e6:29:a6,56,2,0,0,-37,S,5c:62:8b:66:67:d2"
1791497855.590,"M,66436,slot,9,0"
1791497855.590,"B,66479,10,5c:62:8b:66:67:d2,0,0,56,2,-46,A,5c:62:8b:66:67:d2"
1791497855.590,"B,66479,10,b2:db:ca:e6:29:a6,56,2,0,0,-39,S,5c:62:8b:66:67:d2"
1791497855.590,"B,66579,10,5c:62:8b:66:67:d2,0,0,28,1,-47,A,5c:62:8b:66:67:d2"
1791497855.590,"B,66579,10,b2:db:ca:e6:29:a6,28,1,0,0,-40,S,5c:62:8b:66:67:d2"
1791497855.791,"B,66679,10,5c:62:8b:66:67:d2,0,0,56,2,-47,A,5c:62:8b:66:67:d2"
1791497855.791,"B,66679,10,b2:db:ca:e6:29:a6,56,2,0,0,-41,S,5c:62:8b:66:67:d2"
1791497855.791,"B,66779,10,5c:62:8b:66:67:d2,0,0,84,3,-48,A,5c:62:8b:66:67:d2"
1791497855.791,"B,66779,10,b2:db:ca:e6:29:a6,84,3,0,0,-40,S,5c:62:8b:66:67:d2"
1791497855.996,"B,66879,10,5c:62:8b:66:67:d2,0,0,28,1,-47,A,5c:62:8b:66:67:d2"
1791497855.996,"B,66879,10,b2:db:ca:e6:29:a6,28,1,0,0,-41,S,5c:62:8b:66:67:d2"
1791497856.406,"B,67279,10,78:8c:b5:f5:e7:26,526,1,0,0,-79,A,78:8c:b5:f5:e7:26"
1791497857.020,"B,67979,10,b0:a7:b9:23:82:ee,0,0,90,3,-86,A,b0:a7:b9:23:82:ee"
1791497857.020,"B,67979,10,f2:51:4e:f8:1a:7f,90,3,0,0,-87,S,b0:a7:b9:23:82:ee"
1791497857.224,"B,68079,10,b0:a7:b9:23:82:ee,0,0,60,2,0,A,b0:a7:b9:23:82:ee"
1791497857.224,"B,68079,10,f2:51:4e:f8:1a:7f,60,2,0,0,-87,S,b0:a7:b9:23:82:ee"
1791497857.224,"B,68179,10,b0:a7:b9:23:82:ee,0,0,90,3,0,A,b0:a7:b9:23:82:ee"
1791497857.224,"B,68179,10,f2:51:4e:f8:1a:7f,90,3,0,0,-86,S,b0:a7:b9:23:82:ee"
1791497857.425,"B,68279,10,5c:62:8b:66:67:d2,0,0,84,3,-46,A,5c:62:8b:66:67:d2"
1791497857.425,"B,68279,10,b2:db:ca:e6:29:a6,84,3,0,0,-41,S,5c:62:8b:66:67:d2"
1791497857.425,"B,68279,10,b0:a7:b9:23:82:ee,0,0,90,3,0,A,b0:a7:b9:23:82:ee"
1791497857.425,"B,68279,10,f2:51:4e:f8:1a:7f,90,3,0,0,-86,S,b0:a7:b9:23:82:ee"
1791497857.425,"B,68379,10,5c:62:8b:66:67:d2,0,0,56,2,-47,A,5c:62:8b:66:67:d2"
1791497857.425,"B,68379,10,b2:db:ca:e6:29:a6,56,2,0,0,-38,S,5c:62:8b:66:67:d2"
1791497857.630,"B,68479,10,5c:62:8b:66:67:d2,0,0,56,2,-47,A,5c:62:8b:66:67:d2"
1791497857.630,"B,68479,10,b2:db:ca:e6:29:a6,56,2,0,0,-36,S,5c:62:8b:66:67:d2"
1791497857.630,"B,68579,10,5c:62:8b:66:67:d2,0,0,28,1,-48,A,5c:62:8b:66:67:d2"
1791497857.630,"B,68579,10,b2:db:ca:e6:29:a6,28,1,0,0,-41,S,5c:62:8b:66:67:d2"
1791497857.831,"B,68679,10,5c:62:8b:66:67:d2,0,0,56,2,-48,A,5c:62:8b:66:67:d2"
1791497857.831,"B,68679,10,b2:db:ca:e6:29:a6,56,2,0,0,-41,S,5c:62:8b:66:67:d2"
1791497857.831,"B,68779,10,5c:62:8b:66:67:d2,0,0,56,2,-49,A,5c:62:8b:66:67:d2"
1791497857.831,"B,68779,10,b2:db:ca:e6:29:a6,56,2,0,0,-41,S,5c:62:8b:66:67:d2"
1791497858.033,"B,68879,10,5c:62:8b:66:67:d2,0,0,28,1,-49,A,5c:62:8b:66:67:d2"
1791497858.033,"B,68879,10,b2:db:ca:e6:29:a6,28,1,0,0,-43,S,5c:62:8b:66:67:d2"
1791497858.033,"B,68979,10,5c:62:8b:66:67:d2,0,0,84,3,-47,A,5c:62:8b:66:67:d2"
1791497858.033,"B,68979,10,b2:db:ca:e6:29:a6,84,3,0,0,-40,S,5c:62:8b:66:67:d2"
1791497858.238,"B,69079,10,5c:62:8b:66:67:d2,0,0,56,2,-48,A,5c:62:8b:66:67:d2"
1791497858.238,"B,69079,10,b2:db:ca:e6:29:a6,56,2,0,0,-41,S,5c:62:8b:66:67:d2"
1791497858.238,"B,69179,10,5c:62:8b:66:67:d2,0,0,56,2,-49,A,5c:62:8b:66:67:d2"
1791497858.238,"B,69179,10,b2:db:ca:e6:29:a6,56,2,0,0,-43,S,5c:62:8b:66:67:d2"
1791497858.440,"B,69279,10,5c:62:8b:66:67:d2,0,0,56,2,-48,A,5c:62:8b:66:67:d2"
1791497858.440,"B,69279,10,b2:db:ca:e6:29:a6,56,2,0,0,-43,S,5c:62:8b:66:67:d2"
1791497858.440,"B,69379,10,5c:62:8b:66:67:d2,0,0,28,1,-49,A,5c:62:8b:66:67:d2"
1791497858.440,"B,69379,10,b2:db:ca:e6:29:a6,28,1,0,0,-42,S,5c:62:8b:66:67:d2"
1791497858.645,"B,69579,10,5c:62:8b:66:67:d2,0,0,122,2,-49,A,5c:62:8b:66:67:d2"
1791497858.645,"B,69579,10,46:88:44:6e:4f:e4,122,2,0,0,-34,S,5c:62:8b:66:67:d2"
1791497859.055,"B,69879,10,5c:62:8b:66:67:d2,0,0,56,2,-48,A,5c:62:8b:66:67:d2"
1791497859.055,"B,69879,10,b2:db:ca:e6:29:a6,56,2,0,0,-41,S,5c:62:8b:66:67:d2"
1791497859.055,"B,69979,10,5c:62:8b:66:67:d2,0,0,28,1,-50,A,5c:62:8b:66:67:d2"
1791497859.055,"B,69979,10,b2:db:ca:e6:29:a6,28,1,0,0,-42,S,5c:62:8b:66:67:d2"
1791497859.259,"B,70079,10,5c:62:8b:66:67:d2,0,0,56,2,-50,A,5c:62:8b:66:67:d2"
1791497859.259,"B,70079,10,b2:db:ca:e6:29:a6,56,2,0,0,-40,S,5c:62:8b:66:67:d2"
1791497859.259,"I,70105,stat,rx=3732,drops=0,ch=10,bin=100,hop=0,heap=203064"
1791497859.259,"B,70179,10,5c:62:8b:66:67:d2,0,0,28,1,-51,A,5c:62:8b:66:67:d2"
1791497859.259,"B,70179,10,b2:db:ca:e6:29:a6,28,1,0,0,-40,S,5c:62:8b:66:67:d2"
1791497859.463,"B,70279,10,5c:62:8b:66:67:d2,0,0,28,1,-50,A,5c:62:8b:66:67:d2"
1791497859.463,"B,70279,10,b2:db:ca:e6:29:a6,28,1,0,0,-40,S,5c:62:8b:66:67:d2"
1791497859.664,"B,70479,10,5c:62:8b:66:67:d2,0,0,56,2,-49,A,5c:62:8b:66:67:d2"
1791497859.664,"B,70479,10,b2:db:ca:e6:29:a6,56,2,0,0,-38,S,5c:62:8b:66:67:d2"
1791497859.664,"B,70579,10,5c:62:8b:66:67:d2,0,0,56,2,-49,A,5c:62:8b:66:67:d2"
1791497859.664,"B,70579,10,b2:db:ca:e6:29:a6,56,2,0,0,-39,S,5c:62:8b:66:67:d2"
1791497859.870,"B,70679,10,5c:62:8b:66:67:d2,0,0,56,2,-50,A,5c:62:8b:66:67:d2"
1791497859.870,"B,70679,10,b2:db:ca:e6:29:a6,56,2,0,0,-41,S,5c:62:8b:66:67:d2"
1791497859.870,"B,70779,10,5c:62:8b:66:67:d2,0,0,56,2,-48,A,5c:62:8b:66:67:d2"
1791497859.870,"B,70779,10,b2:db:ca:e6:29:a6,56,2,0,0,-39,S,5c:62:8b:66:67:d2"
1791497860.072,"B,70879,10,5c:62:8b:66:67:d2,0,0,56,2,-49,A,5c:62:8b:66:67:d2"
1791497860.072,"B,70879,10,b2:db:ca:e6:29:a6,56,2,0,0,-42,S,5c:62:8b:66:67:d2"
1791497860.072,"B,70979,10,5c:62:8b:66:67:d2,82,1,56,2,-50,A,5c:62:8b:66:67:d2"
1791497860.072,"B,70979,10,b2:db:ca:e6:29:a6,56,2,82,1,-43,S,5c:62:8b:66:67:d2"
1791497860.275,"B,71079,10,5c:62:8b:66:67:d2,0,0,56,2,-48,A,5c:62:8b:66:67:d2"
1791497860.275,"B,71079,10,b2:db:ca:e6:29:a6,56,2,0,0,-44,S,5c:62:8b:66:67:d2"
1791497860.275,"B,71179,10,5c:62:8b:66:67:d2,0,0,56,2,-49,A,5c:62:8b:66:67:d2"
1791497860.275,"B,71179,10,b2:db:ca:e6:29:a6,56,2,0,0,-43,S,5c:62:8b:66:67:d2"
1791497860.480,"B,71279,10,5c:62:8b:66:67:d2,0,0,28,1,-49,A,5c:62:8b:66:67:d2"
1791497860.480,"B,71279,10,b2:db:ca:e6:29:a6,28,1,0,0,-41,S,5c:62:8b:66:67:d2"
1791497860.480,"B,71379,10,64:d1:54:63:44:f4,91,1,0,0,-87,A,64:d1:54:63:44:f4"
1791497860.683,"B,71479,10,5c:62:8b:66:67:d2,0,0,56,2,-48,A,5c:62:8b:66:67:d2"
1791497860.683,"B,71479,10,b2:db:ca:e6:29:a6,56,2,0,0,-37,S,5c:62:8b:66:67:d2"
1791497860.683,"M,71507,slot,10,1"
1791497860.683,"B,71579,10,5c:62:8b:66:67:d2,0,0,56,2,-49,A,5c:62:8b:66:67:d2"
1791497860.683,"B,71579,10,b2:db:ca:e6:29:a6,56,2,0,0,-38,S,5c:62:8b:66:67:d2"
1791497860.888,"B,71679,10,5c:62:8b:66:67:d2,0,0,56,2,-48,A,5c:62:8b:66:67:d2"
1791497860.888,"B,71679,10,b2:db:ca:e6:29:a6,56,2,0,0,-34,S,5c:62:8b:66:67:d2"
1791497860.888,"B,71779,10,5c:62:8b:66:67:d2,0,0,28,1,-49,A,5c:62:8b:66:67:d2"
1791497860.888,"B,71779,10,b2:db:ca:e6:29:a6,28,1,0,0,-38,S,5c:62:8b:66:67:d2"
1791497861.093,"B,71979,10,64:d1:54:63:44:f4,302,3,0,0,-89,A,64:d1:54:63:44:f4"
1791497861.500,"B,72379,10,5c:62:8b:66:67:d2,0,0,28,1,-47,A,5c:62:8b:66:67:d2"
1791497861.500,"B,72379,10,b2:db:ca:e6:29:a6,28,1,0,0,-39,S,5c:62:8b:66:67:d2"
1791497861.500,"B,72479,10,5c:62:8b:66:67:d2,0,0,56,2,-48,A,5c:62:8b:66:67:d2"
1791497861.500,"B,72479,10,b2:db:ca:e6:29:a6,56,2,0,0,-41,S,5c:62:8b:66:67:d2"
1791497861.702,"B,72579,10,5c:62:8b:66:67:d2,0,0,56,2,-46,A,5c:62:8b:66:67:d2"
1791497861.702,"B,72579,10,b2:db:ca:e6:29:a6,56,2,0,0,-39,S,5c:62:8b:66:67:d2"
1791497861.702,"B,72679,10,5c:62:8b:66:67:d2,0,0,56,2,-46,A,5c:62:8b:66:67:d2"
1791497861.702,"B,72679,10,b2:db:ca:e6:29:a6,56,2,0,0,-41,S,5c:62:8b:66:67:d2"
1791497861.903,"B,72779,10,5c:62:8b:66:67:d2,0,0,56,2,-46,A,5c:62:8b:66:67:d2"
1791497861.903,"B,72779,10,b2:db:ca:e6:29:a6,56,2,0,0,-43,S,5c:62:8b:66:67:d2"
1791497861.903,"B,72879,10,5c:62:8b:66:67:d2,0,0,56,2,-46,A,5c:62:8b:66:67:d2"
1791497861.903,"B,72879,10,b2:db:ca:e6:29:a6,56,2,0,0,-40,S,5c:62:8b:66:67:d2"
1791497862.108,"B,72979,10,5c:62:8b:66:67:d2,0,0,56,2,-46,A,5c:62:8b:66:67:d2"
1791497862.108,"B,72979,10,b2:db:ca:e6:29:a6,56,2,0,0,-41,S,5c:62:8b:66:67:d2"
1791497862.108,"B,73079,10,5c:62:8b:66:67:d2,0,0,28,1,-45,A,5c:62:8b:66:67:d2"
1791497862.108,"B,73079,10,b2:db:ca:e6:29:a6,28,1,0,0,-43,S,5c:62:8b:66:67:d2"
1791497862.313,"B,73179,10,5c:62:8b:66:67:d2,0,0,56,2,-46,A,5c:62:8b:66:67:d2"
1791497862.313,"B,73179,10,78:8c:b5:f5:e7:26,0,0,30,1,-78,A,78:8c:b5:f5:e7:26"
1791497862.313,"B,73179,10,b2:db:ca:e6:29:a6,56,2,0,0,-43,S,5c:62:8b:66:67:d2"
1791497862.313,"B,73179,10,a6:4c:bd:b6:c7:99,30,1,0,0,-92,S,78:8c:b5:f5:e7:26"
1791497862.313,"B,73279,10,5c:62:8b:66:67:d2,0,0,28,1,-46,A,5c:62:8b:66:67:d2"
1791497862.313,"B,73279,10,78:8c:b5:f5:e7:26,526,1,30,1,-81,A,78:8c:b5:f5:e7:26"
1791497862.313,"B,73279,10,b2:db:ca:e6:29:a6,28,1,0,0,-45,S,5c:62:8b:66:67:d2"
1791497862.313,"B,73279,10,a6:4c:bd:b6:c7:99,30,1,0,0,-92,S,78:8c:b5:f5:e7:26"
1791497862.518,"B,73379,10,5c:62:8b:66:67:d2,0,0,56,2,-47,A,5c:62:8b:66:67:d2"
1791497862.518,"B,73379,10,b2:db:ca:e6:29:a6,56,2,0,0,-45,S,5c:62:8b:66:67:d2"
1791497862.518,"B,73479,10,5c:62:8b:66:67:d2,0,0,28,1,-45,A,5c:62:8b:66:67:d2"
1791497862.518,"B,73479,10,b2:db:ca:e6:29:a6,28,1,0,0,-45,S,5c:62:8b:66:67:d2"
1791497862.723,"B,73579,10,5c:62:8b:66:67:d2,0,0,28,1,-47,A,5c:62:8b:66:67:d2"
1791497862.723,"B,73579,10,b2:db:ca:e6:29:a6,28,1,0,0,-43,S,5c:62:8b:66:67:d2"
1791497862.723,"B,73679,10,5c:62:8b:66:67:d2,0,0,56,2,-48,A,5c:62:8b:66:67:d2"
1791497862.723,"B,73679,10,b2:db:ca:e6:29:a6,56,2,0,0,-43,S,5c:62:8b:66:67:d2"
1791497862.928,"B,73779,10,5c:62:8b:66:67:d2,0,0,56,2,-48,A,5c:62:8b:66:67:d2"
1791497862.928,"B,73779,10,b2:db:ca:e6:29:a6,56,2,0,0,-43,S,5c:62:8b:66:67:d2"
1791497862.928,"B,73879,10,5c:62:8b:66:67:d2,0,0,28,1,-49,A,5c:62:8b:66:67:d2"
1791497862.928,"B,73879,10,b2:db:ca:e6:29:a6,28,1,0,0,-41,S,5c:62:8b:66:67:d2"
1791497863.133,"B,73979,10,5c:62:8b:66:67:d2,0,0,56,2,-47,A,5c:62:8b:66:67:d2"
1791497863.133,"B,73979,10,78:8c:b5:f5:e7:26,0,0,30,1,-81,A,78:8c:b5:f5:e7:26"
1791497863.133,"B,73979,10,b2:db:ca:e6:29:a6,56,2,0,0,-42,S,5c:62:8b:66:67:d2"
1791497863.133,"B,73979,10,a6:4c:bd:b6:c7:99,30,1,0,0,-93,S,78:8c:b5:f5:e7:26"
1791497863.133,"B,74079,10,5c:62:8b:66:67:d2,0,0,56,2,0,A,5c:62:8b:66:67:d2"
1791497863.133,"B,74079,10,b2:db:ca:e6:29:a6,56,2,0,0,-42,S,5c:62:8b:66:67:d2"
1791497863.337,"B,74179,10,5c:62:8b:66:67:d2,0,0,56,2,-47,A,5c:62:8b:66:67:d2"
1791497863.337,"B,74179,10,b2:db:ca:e6:29:a6,56,2,0,0,-42,S,5c:62:8b:66:67:d2"
1791497863.337,"B,74279,10,5c:62:8b:66:67:d2,0,0,56,2,-48,A,5c:62:8b:66:67:d2"
1791497863.337,"B,74279,10,b2:db:ca:e6:29:a6,56,2,0,0,-43,S,5c:62:8b:66:67:d2"
1791497863.540,"B,74379,10,5c:62:8b:66:67:d2,0,0,56,2,-48,A,5c:62:8b:66:67:d2"
1791497863.540,"B,74379,10,78:8c:b5:f5:e7:26,0,0,30,1,-78,A,78:8c:b5:f5:e7:26"
1791497863.540,"B,74379,10,b2:db:ca:e6:29:a6,56,2,0,0,-43,S,5c:62:8b:66:67:d2"
1791497863.540,"B,74379,10,a6:4c:bd:b6:c7:99,30,1,0,0,-91,S,78:8c:b5:f5:e7:26"
1791497863.540,"B,74479,10,5c:62:8b:66:67:d2,0,0,28,1,-47,A,5c:62:8b:66:67:d2"
1791497863.540,"B,74479,10,b2:db:ca:e6:29:a6,28,1,0,0,-43,S,5c:62:8b:66:67:d2"
1791497863.745,"B,74679,10,5c:62:8b:66:67:d2,0,0,56,2,-48,A,5c:62:8b:66:67:d2"
1791497863.745,"B,74679,10,b2:db:ca:e6:29:a6,56,2,0,0,-42,S,5c:62:8b:66:67:d2"
1791497863.950,"B,74779,10,5c:62:8b:66:67:d2,0,0,84,3,-48,A,5c:62:8b:66:67:d2"
1791497863.950,"B,74779,10,b2:db:ca:e6:29:a6,84,3,0,0,-42,S,5c:62:8b:66:67:d2"
1791497863.950,"B,74879,10,5c:62:8b:66:67:d2,0,0,112,4,-47,A,5c:62:8b:66:67:d2"
1791497863.950,"B,74879,10,b2:db:ca:e6:29:a6,112,4,0,0,-43,S,5c:62:8b:66:67:d2"
1791497864.151,"B,74979,10,5c:62:8b:66:67:d2,0,0,28,1,-47,A,5c:62:8b:66:67:d2"
1791497864.151,"B,74979,10,b2:db:ca:e6:29:a6,28,1,0,0,-42,S,5c:62:8b:66:67:d2"
1791497864.151,"B,75079,10,5c:62:8b:66:67:d2,0,0,179,2,-47,A,5c:62:8b:66:67:d2"
1791497864.151,"B,75079,10,b2:db:ca:e6:29:a6,28,1,0,0,-42,S,5c:62:8b:66:67:d2"
1791497864.151,"B,75079,10,46:88:44:6e:4f:e4,151,1,0,0,-43,S,5c:62:8b:66:67:d2"
1791497864.151,"I,75105,stat,rx=3972,drops=0,ch=10,bin=100,hop=0,heap=203064"
1791497864.351,"B,75179,10,5c:62:8b:66:67:d2,0,0,56,2,-47,A,5c:62:8b:66:67:d2"
1791497864.351,"B,75179,10,b2:db:ca:e6:29:a6,56,2,0,0,-43,S,5c:62:8b:66:67:d2"
1791497864.351,"B,75279,10,5c:62:8b:66:67:d2,0,0,56,2,-48,A,5c:62:8b:66:67:d2"
1791497864.351,"B,75279,10,b2:db:ca:e6:29:a6,56,2,0,0,-43,S,5c:62:8b:66:67:d2"
1791497864.557,"B,75379,10,5c:62:8b:66:67:d2,123,1,56,2,-47,A,5c:62:8b:66:67:d2"
1791497864.557,"B,75379,10,b2:db:ca:e6:29:a6,56,2,0,0,-41,S,5c:62:8b:66:67:d2"
1791497864.557,"B,75379,10,46:88:44:6e:4f:e4,0,0,123,1,0,S,5c:62:8b:66:67:d2"
1791497864.557,"B,75479,10,5c:62:8b:66:67:d2,0,0,56,2,-48,A,5c:62:8b:66:67:d2"
1791497864.557,"B,75479,10,78:8c:b5:f5:e7:26,0,0,30,1,-78,A,78:8c:b5:f5:e7:26"
1791497864.557,"B,75479,10,b2:db:ca:e6:29:a6,56,2,0,0,-41,S,5c:62:8b:66:67:d2"
1791497864.557,"B,75479,10,a6:4c:bd:b6:c7:99,30,1,0,0,-90,S,78:8c:b5:f5:e7:26"
1791497864.762,"B,75579,10,5c:62:8b:66:67:d2,0,0,150,3,-49,A,5c:62:8b:66:67:d2"
1791497864.762,"B,75579,10,78:8c:b5:f5:e7:26,0,0,30,1,0,A,78:8c:b5:f5:e7:26"
1791497864.762,"B,75579,10,b2:db:ca:e6:29:a6,56,2,0,0,-42,S,5c:62:8b:66:67:d2"
1791497864.762,"B,75579,10,46:88:44:6e:4f:e4,94,1,0,0,-44,S,5c:62:8b:66:67:d2"
1791497864.762,"B,75579,10,a6:4c:bd:b6:c7:99,30,1,0,0,-91,S,78:8c:b5:f5:e7:26"
1791497864.967,"B,75779,10,5c:62:8b:66:67:d2,0,0,28,1,-48,A,5c:62:8b:66:67:d2"
1791497864.967,"B,75779,10,b2:db:ca:e6:29:a6,28,1,0,0,-41,S,5c:62:8b:66:67:d2"
1791497864.967,"B,75879,10,5c:62:8b:66:67:d2,0,0,56,2,-50,A,5c:62:8b:66:67:d2"
1791497864.967,"B,75879,10,78:8c:b5:f5:e7:26,0,0,30,1,-79,A,78:8c:b5:f5:e7:26"
1791497864.967,"B,75879,10,b2:db:ca:e6:29:a6,56,2,0,0,-42,S,5c:62:8b:66:67:d2"
1791497864.967,"B,75879,10,a6:4c:bd:b6:c7:99,30,1,0,0,-92,S,78:8c:b5:f5:e7:26"
1791497865.172,"B,75979,10,5c:62:8b:66:67:d2,0,0,28,1,-47,A,5c:62:8b:66:67:d2"
1791497865.172,"B,75979,10,b2:db:ca:e6:29:a6,28,1,0,0,-42,S,5c:62:8b:66:67:d2"
1791497865.377,"B,76179,10,78:8c:b5:f5:e7:26,0,0,30,1,-80,A,78:8c:b5:f5:e7:26"
1791497865.377,"B,76179,10,a6:4c:bd:b6:c7:99,30,1,0,0,-93,S,78:8c:b5:f5:e7:26"
1791497865.581,"B,76379,10,78:8c:b5:f5:e7:26,0,0,60,2,-79,A,78:8c:b5:f5:e7:26"
1791497865.581,"B,76379,10,a6:4c:bd:b6:c7:99,60,2,0,0,-91,S,78:8c:b5:f5:e7:26"
1791497865.581,"B,76479,10,78:8c:b5:f5:e7:26,0,0,30,1,0,A,78:8c:b5:f5:e7:26"
1791497865.581,"B,76479,10,a6:4c:bd:b6:c7:99,30,1,0,0,-93,S,78:8c:b5:f5:e7:26"
1791497865.784,"M,76584,slot,11,0"
1791497865.784,"B,76679,10,b0:a7:b9:23:82:ee,0,0,60,2,-84,A,b0:a7:b9:23:82:ee"
1791497865.784,"B,76679,10,f2:51:4e:f8:1a:7f,60,2,0,0,-87,S,b0:a7:b9:23:82:ee"
1791497866.190,"B,77079,10,5c:62:8b:66:67:d2,0,0,84,3,-47,A,5c:62:8b:66:67:d2"
1791497866.190,"B,77079,10,b2:db:ca:e6:29:a6,84,3,0,0,-42,S,5c:62:8b:66:67:d2"
1791497866.190,"B,77179,10,5c:62:8b:66:67:d2,0,0,56,2,-47,A,5c:62:8b:66:67:d2"
1791497866.190,"B,77179,10,b2:db:ca:e6:29:a6,56,2,0,0,-43,S,5c:62:8b:66:67:d2"
1791497866.391,"B,77279,10,5c:62:8b:66:67:d2,0,0,56,2,-48,A,5c:62:8b:66:67:d2"
1791497866.391,"B,77279,10,b2:db:ca:e6:29:a6,56,2,0,0,-44,S,5c:62:8b:66:67:d2"
1791497866.391,"B,77379,10,5c:62:8b:66:67:d2,0,0,56,2,-49,A,5c:62:8b:66:67:d2"
1791497866.391,"B,77379,10,b2:db:ca:e6:29:a6,56,2,0,0,-41,S,5c:62:8b:66:67:d2"
1791497866.592,"B,77479,10,5c:62:8b:66:67:d2,0,0,28,1,-49,A,5c:62:8b:66:67:d2"
1791497866.592,"B,77479,10,b2:db:ca:e6:29:a6,28,1,0,0,-41,S,5c:62:8b:66:67:d2"
1791497866.592,"B,77579,10,5c:62:8b:66:67:d2,0,0,28,1,-47,A,5c:62:8b:66:67:d2"
1791497866.592,"B,77579,10,b2:db:ca:e6:29:a6,28,1,0,0,-41,S,5c:62:8b:66:67:d2"
1791497866.792,"B,77679,10,5c:62:8b:66:67:d2,0,0,28,1,-50,A,5c:62:8b:66:67:d2"
1791497866.792,"B,77679,10,b2:db:ca:e6:29:a6,28,1,0,0,-41,S,5c:62:8b:66:67:d2"
1791497866.792,"B,77779,10,5c:62:8b:66:67:d2,0,0,56,2,-48,A,5c:62:8b:66:67:d2"
1791497866.792,"B,77779,10,b2:db:ca:e6:29:a6,56,2,0,0,-41,S,5c:62:8b:66:67:d2"
1791497866.994,"B,77879,10,5c:62:8b:66:67:d2,0,0,28,1,-49,A,5c:62:8b:66:67:d2"
1791497866.994,"B,77879,10,b2:db:ca:e6:29:a6,28,1,0,0,-40,S,5c:62:8b:66:67:d2"
1791497866.994,"B,77979,10,5c:62:8b:66:67:d2,0,0,28,1,-49,A,5c:62:8b:66:67:d2"
1791497866.994,"B,77979,10,b2:db:ca:e6:29:a6,28,1,0,0,-38,S,5c:62:8b:66:67:d2"
1791497867.196,"B,78079,10,5c:62:8b:66:67:d2,0,0,56,2,-49,A,5c:62:8b:66:67:d2"
1791497867.196,"B,78079,10,b2:db:ca:e6:29:a6,56,2,0,0,-38,S,5c:62:8b:66:67:d2"
1791497867.196,"B,78179,10,5c:62:8b:66:67:d2,0,0,56,2,-48,A,5c:62:8b:66:67:d2"
1791497867.196,"B,78179,10,b2:db:ca:e6:29:a6,56,2,0,0,-40,S,5c:62:8b:66:67:d2"
1791497867.398,"B,78279,10,5c:62:8b:66:67:d2,0,0,56,2,0,A,5c:62:8b:66:67:d2"
1791497867.398,"B,78279,10,b2:db:ca:e6:29:a6,56,2,0,0,-42,S,5c:62:8b:66:67:d2"
1791497867.398,"B,78379,10,5c:62:8b:66:67:d2,0,0,56,2,-48,A,5c:62:8b:66:67:d2"
1791497867.398,"B,78379,10,78:8c:b5:f5:e7:26,80,1,0,0,-79,A,78:8c:b5:f5:e7:26"
1791497867.398,"B,78379,10,b2:db:ca:e6:29:a6,56,2,0,0,-41,S,5c:62:8b:66:67:d2"
1791497867.602,"B,78479,10,5c:62:8b:66:67:d2,0,0,56,2,-49,A,5c:62:8b:66:67:d2"
1791497867.602,"B,78479,10,b2:db:ca:e6:29:a6,56,2,0,0,-42,S,5c:62:8b:66:67:d2"
1791497867.602,"B,78579,10,5c:62:8b:66:67:d2,0,0,56,2,-48,A,5c:62:8b:66:67:d2"
1791497867.602,"B,78579,10,b2:db:ca:e6:29:a6,56,2,0,0,-41,S,5c:62:8b:66:67:d2"
1791497867.806,"B,78679,10,5c:62:8b:66:67:d2,0,0,28,1,-48,A,5c:62:8b:66:67:d2"
1791497867.806,"B,78679,10,b2:db:ca:e6:29:a6,28,1,0,0,-41,S,5c:62:8b:66:67:d2"
1791497867.806,"B,78779,10,5c:62:8b:66:67:d2,0,0,56,2,-48,A,5c:62:8b:66:67:d2"
1791497867.806,"B,78779,10,b2:db:ca:e6:29:a6,56,2,0,0,-41,S,5c:62:8b:66:67:d2"
1791497868.011,"B,78879,10,5c:62:8b:66:67:d2,0,0,56,2,-48,A,5c:62:8b:66:67:d2"
1791497868.011,"B,78879,10,b2:db:ca:e6:29:a6,56,2,0,0,-42,S,5c:62:8b:66:67:d2"
1791497868.011,"B,78979,10,5c:62:8b:66:67:d2,0,0,56,2,-48,A,5c:62:8b:66:67:d2"
1791497868.011,"B,78979,10,b2:db:ca:e6:29:a6,56,2,0,0,-41,S,5c:62:8b:66:67:d2"
1791497868.215,"B,79079,10,5c:62:8b:66:67:d2,0,0,56,2,-47,A,5c:62:8b:66:67:d2"
1791497868.215,"B,79079,10,b2:db:ca:e6:29:a6,56,2,0,0,-42,S,5c:62:8b:66:67:d2"
1791497868.215,"B,79179,10,5c:62:8b:66:67:d2,0,0,28,1,-48,A,5c:62:8b:66:67:d2"
1791497868.215,"B,79179,10,b2:db:ca:e6:29:a6,28,1,0,0,-39,S,5c:62:8b:66:67:d2"
1791497868.420,"B,79379,10,5c:62:8b:66:67:d2,0,0,28,1,-48,A,5c:62:8b:66:67:d2"
1791497868.420,"B,79379,10,78:8c:b5:f5:e7:26,80,1,0,0,-77,A,78:8c:b5:f5:e7:26"
1791497868.420,"B,79379,10,b2:db:ca:e6:29:a6,28,1,0,0,-41,S,5c:62:8b:66:67:d2"
1791497868.625,"B,79479,10,5c:62:8b:66:67:d2,0,0,56,2,-48,A,5c:62:8b:66:67:d2"
1791497868.625,"B,79479,10,b2:db:ca:e6:29:a6,56,2,0,0,-40,S,5c:62:8b:66:67:d2"
1791497868.625,"B,79579,10,5c:62:8b:66:67:d2,0,0,84,3,-48,A,5c:62:8b:66:67:d2"
1791497868.625,"B,79579,10,b2:db:ca:e6:29:a6,84,3,0,0,-41,S,5c:62:8b:66:67:d2"
1791497868.828,"B,79679,10,5c:62:8b:66:67:d2,0,0,28,1,-48,A,5c:62:8b:66:67:d2"
1791497868.828,"B,79679,10,b2:db:ca:e6:29:a6,28,1,0,0,-43,S,5c:62:8b:66:67:d2"
1791497868.828,"B,79779,10,5c:62:8b:66:67:d2,0,0,84,3,-47,A,5c:62:8b:66:67:d2"
1791497868.828,"B,79779,10,b2:db:ca:e6:29:a6,56,2,0,0,-43,S,5c:62:8b:66:67:d2"
1791497868.828,"B,79779,10,cc:b8:5e:ad:5c:4a,28,1,0,0,-47,S,5c:62:8b:66:67:d2"
1791497869.031,"B,79879,10,5c:62:8b:66:67:d2,0,0,56,2,-47,A,5c:62:8b:66:67:d2"
1791497869.031,"B,79879,10,b2:db:ca:e6:29:a6,56,2,0,0,-42,S,5c:62:8b:66:67:d2"
1791497869.031,"B,79979,10,5c:62:8b:66:67:d2,0,0,28,1,-48,A,5c:62:8b:66:67:d2"
1791497869.031,"B,79979,10,b2:db:ca:e6:29:a6,28,1,0,0,-43,S,5c:62:8b:66:67:d2"
1791497869.236,"B,80079,10,5c:62:8b:66:67:d2,0,0,56,2,-48,A,5c:62:8b:66:67:d2"
1791497869.236,"B,80079,10,78:8c:b5:f5:e7:26,0,0,30,1,-77,A,78:8c:b5:f5:e7:26"
1791497869.236,"B,80079,10,b2:db:ca:e6:29:a6,56,2,0,0,-42,S,5c:62:8b:66:67:d2"
1791497869.236,"B,80079,10,a6:4c:bd:b6:c7:99,30,1,0,0,-89,S,78:8c:b5:f5:e7:26"
1791497869.236,"I,80105,stat,rx=4224,drops=0,ch=10,bin=100,hop=0,heap=203064"
1791497869.236,"B,80179,10,5c:62:8b:66:67:d2,0,0,28,1,-47,A,5c:62:8b:66:67:d2"
1791497869.236,"B,80179,10,b2:db:ca:e6:29:a6,28,1,0,0,-41,S,5c:62:8b:66:67:d2"
1791497869.439,"B,80279,10,5c:62:8b:66:67:d2,0,0,28,1,-48,A,5c:62:8b:66:67:d2"
1791497869.439,"B,80279,10,b2:db:ca:e6:29:a6,28,1,0,0,-44,S,5c:62:8b:66:67:d2"
1791497869.439,"B,80379,10,5c:62:8b:66:67:d2,0,0,28,1,-47,A,5c:62:8b:66:67:d2"
1791497869.439,"B,80379,10,b2:db:ca:e6:29:a6,28,1,0,0,-42,S,5c:62:8b:66:67:d2"
1791497869.848,"B,80679,10,64:d1:54:63:44:f4,113,1,0,0,-88,A,64:d1:54:63:44:f4"
1791497870.256,"B,81079,10,78:8c:b5:f5:e7:26,0,0,30,1,-77,A,78:8c:b5:f5:e7:26"
1791497870.256,"B,81079,10,a6:4c:bd:b6:c7:99,30,1,0,0,-92,S,78:8c:b5:f5:e7:26"
1791497870.461,"B,81279,10,5c:62:8b:66:67:d2,0,0,28,1,-47,A,5c:62:8b:66:67:d2"
1791497870.461,"B,81279,10,b2:db:ca:e6:29:a6,28,1,0,0,-44,S,5c:62:8b:66:67:d2"
1791497870.461,"B,81379,10,5c:62:8b:66:67:d2,0,0,28,1,-48,A,5c:62:8b:66:67:d2"
1791497870.461,"B,81379,10,b2:db:ca:e6:29:a6,28,1,0,0,-41,S,5c:62:8b:66:67:d2"
1791497870.665,"B,81479,10,5c:62:8b:66:67:d2,0,0,84,3,-48,A,5c:62:8b:66:67:d2"
1791497870.665,"B,81479,10,b2:db:ca:e6:29:a6,84,3,0,0,-43,S,5c:62:8b:66:67:d2"
1791497870.665,"B,81579,10,5c:62:8b:66:67:d2,0,0,56,2,-48,A,5c:62:8b:66:67:d2"
1791497870.665,"B,81579,10,b2:db:ca:e6:29:a6,56,2,0,0,-41,S,5c:62:8b:66:67:d2"
1791497870.870,"M,81666,end"
1791497870.870,"B,81679,10,5c:62:8b:66:67:d2,0,0,28,1,-48,A,5c:62:8b:66:67:d2"
1791497870.870,"B,81679,10,b2:db:ca:e6:29:a6,28,1,0,0,-42,S,5c:62:8b:66:67:d2"
1791497870.870,"B,81779,10,5c:62:8b:66:67:d2,0,0,28,1,-49,A,5c:62:8b:66:67:d2"
1791497870.870,"B,81779,10,b2:db:ca:e6:29:a6,28,1,0,0,-42,S,5c:62:8b:66:67:d2"
1791497871.075,"B,81879,10,5c:62:8b:66:67:d2,0,0,28,1,-48,A,5c:62:8b:66:67:d2"
1791497871.075,"B,81879,10,b2:db:ca:e6:29:a6,28,1,0,0,-40,S,5c:62:8b:66:67:d2"
1791497871.075,"B,81879,10,64:d1:54:63:44:f4,98,1,0,0,-87,A,64:d1:54:63:44:f4"
1791497871.075,"B,81979,10,5c:62:8b:66:67:d2,0,0,56,2,-48,A,5c:62:8b:66:67:d2"
1791497871.075,"B,81979,10,b2:db:ca:e6:29:a6,56,2,0,0,-41,S,5c:62:8b:66:67:d2"
1791497871.281,"B,82079,10,5c:62:8b:66:67:d2,0,0,56,2,-48,A,5c:62:8b:66:67:d2"
1791497871.281,"B,82079,10,b2:db:ca:e6:29:a6,56,2,0,0,-38,S,5c:62:8b:66:67:d2"
1791497871.281,"B,82179,10,5c:62:8b:66:67:d2,0,0,56,2,-48,A,5c:62:8b:66:67:d2"
1791497871.281,"B,82179,10,b2:db:ca:e6:29:a6,56,2,0,0,-38,S,5c:62:8b:66:67:d2"
1791497871.482,"B,82279,10,5c:62:8b:66:67:d2,0,0,28,1,-48,A,5c:62:8b:66:67:d2"
1791497871.482,"B,82279,10,b2:db:ca:e6:29:a6,28,1,0,0,-36,S,5c:62:8b:66:67:d2"
1791497871.482,"B,82379,10,5c:62:8b:66:67:d2,0,0,28,1,-47,A,5c:62:8b:66:67:d2"
1791497871.482,"B,82379,10,b2:db:ca:e6:29:a6,28,1,0,0,-41,S,5c:62:8b:66:67:d2"
1791497871.686,"B,82479,10,64:d1:54:63:44:f4,130,1,0,0,-87,A,64:d1:54:63:44:f4"
