host_time_s,line
1791490306.538,"I,76,boot,spyscan-e2-sniffer,v0.1,transport=usb-serial-jtag"
1791490306.538,"A,123,1,44:df:65:f4:66:07,-87,logovo_SKUFov"
1791490306.538,"B,176,1,f4:28:9d:ce:e6:09,28,1,0,0,-89,S,c4:16:88:9a:06:5c"
1791490306.538,"B,176,1,c4:16:88:9a:06:5c,0,0,28,1,0,A,c4:16:88:9a:06:5c"
1791490306.538,"A,197,1,e0:bb:0c:05:3a:69,-90,528"
1791490306.741,"A,246,1,c2:a5:dd:1b:60:3b,-71,MERCURY_603B"
1791490306.741,"B,276,1,44:df:65:f4:66:07,193,1,0,0,-88,A,44:df:65:f4:66:07"
1791490306.741,"B,276,1,f4:28:9d:ce:e6:09,28,1,0,0,-91,S,c4:16:88:9a:06:5c"
1791490306.741,"B,276,1,c4:16:88:9a:06:5c,0,0,28,1,0,A,c4:16:88:9a:06:5c"
1791490306.741,"I,332,reset"
1791490306.741,"I,333,bin,100"
1791490306.741,"I,333,channel,10"
1791490306.741,"A,350,10,cc:d8:43:ca:9f:eb,-81,Xiaomi_DF62"
1791490306.741,"A,358,10,b0:a7:b9:23:82:ee,-87,________ __ ________"
1791490306.741,"B,376,10,b2:db:ca:e6:29:a6,28,1,0,0,-23,S,5c:62:8b:66:67:d2"
1791490306.741,"B,376,10,5c:62:8b:66:67:d2,0,0,378,2,0,A,5c:62:8b:66:67:d2"
1791490306.741,"B,376,10,46:88:44:6e:4f:e4,350,1,0,0,-24,S,5c:62:8b:66:67:d2"
1791490306.741,"A,392,10,b0:95:75:76:da:76,-94,domruwifi"
1791490306.741,"A,414,10,5c:62:8b:66:67:d2,-47,TP-Link_67D2"
1791490306.941,"B,476,10,b2:db:ca:e6:29:a6,28,1,0,0,-21,S,5c:62:8b:66:67:d2"
1791490306.941,"B,476,10,5c:62:8b:66:67:d2,0,0,5957,10,-47,A,5c:62:8b:66:67:d2"
1791490306.941,"B,476,10,46:88:44:6e:4f:e4,5929,9,0,0,-24,S,5c:62:8b:66:67:d2"
1791490306.941,"A,534,10,78:8c:b5:f5:e7:26,-81,ITMO"
1791490306.941,"B,576,10,b2:db:ca:e6:29:a6,56,2,0,0,-21,S,5c:62:8b:66:67:d2"
1791490306.941,"B,576,10,5c:62:8b:66:67:d2,0,0,896,9,-47,A,5c:62:8b:66:67:d2"
1791490306.941,"B,576,10,46:88:44:6e:4f:e4,700,2,0,0,-24,S,5c:62:8b:66:67:d2"
1791490306.941,"B,576,10,72:3b:01:24:b7:c8,140,5,0,0,-18,S,5c:62:8b:66:67:d2"
1791490306.941,"M,638,baseline"
1791490307.146,"B,676,10,b2:db:ca:e6:29:a6,56,2,0,0,-21,S,5c:62:8b:66:67:d2"
1791490307.146,"B,676,10,5c:62:8b:66:67:d2,0,0,6737,15,-47,A,5c:62:8b:66:67:d2"
1791490307.146,"B,676,10,46:88:44:6e:4f:e4,6625,11,0,0,-24,S,5c:62:8b:66:67:d2"
1791490307.146,"B,676,10,72:3b:01:24:b7:c8,56,2,0,0,-18,S,5c:62:8b:66:67:d2"
1791490307.146,"B,776,10,b2:db:ca:e6:29:a6,84,3,0,0,-20,S,5c:62:8b:66:67:d2"
1791490307.146,"B,776,10,5c:62:8b:66:67:d2,0,0,6093,12,-47,A,5c:62:8b:66:67:d2"
1791490307.146,"B,776,10,46:88:44:6e:4f:e4,6009,9,0,0,-24,S,5c:62:8b:66:67:d2"
1791490307.351,"B,876,10,b2:db:ca:e6:29:a6,112,4,0,0,-20,S,5c:62:8b:66:67:d2"
1791490307.351,"B,876,10,5c:62:8b:66:67:d2,0,0,5831,19,-47,A,5c:62:8b:66:67:d2"
1791490307.351,"B,876,10,46:88:44:6e:4f:e4,5523,8,0,0,-23,S,5c:62:8b:66:67:d2"
1791490307.351,"B,876,10,78:8c:b5:f5:e7:26,80,1,0,0,-81,A,78:8c:b5:f5:e7:26"
1791490307.351,"B,876,10,72:3b:01:24:b7:c8,196,7,0,0,-18,S,5c:62:8b:66:67:d2"
1791490307.351,"B,976,10,b2:db:ca:e6:29:a6,84,3,0,0,-22,S,5c:62:8b:66:67:d2"
1791490307.351,"B,976,10,5c:62:8b:66:67:d2,0,0,5679,15,-47,A,5c:62:8b:66:67:d2"
1791490307.351,"B,976,10,46:88:44:6e:4f:e4,5483,8,0,0,-23,S,5c:62:8b:66:67:d2"
1791490307.351,"B,976,10,72:3b:01:24:b7:c8,112,4,0,0,-18,S,5c:62:8b:66:67:d2"
1791490307.351,"A,1002,10,00:eb:d8:11:99:9d,-55,"
1791490307.555,"B,1076,10,b2:db:ca:e6:29:a6,56,2,0,0,-20,S,5c:62:8b:66:67:d2"
1791490307.555,"B,1076,10,5c:62:8b:66:67:d2,0,0,13733,16,-47,A,5c:62:8b:66:67:d2"
1791490307.555,"B,1076,10,46:88:44:6e:4f:e4,13677,14,0,0,-23,S,5c:62:8b:66:67:d2"
1791490307.555,"B,1176,10,b2:db:ca:e6:29:a6,168,6,0,0,-21,S,5c:62:8b:66:67:d2"
1791490307.555,"B,1176,10,5c:62:8b:66:67:d2,0,0,2842,21,-47,A,5c:62:8b:66:67:d2"
1791490307.555,"B,1176,10,46:88:44:6e:4f:e4,2562,11,0,0,-24,S,5c:62:8b:66:67:d2"
1791490307.555,"B,1176,10,72:3b:01:24:b7:c8,112,4,0,0,-18,S,5c:62:8b:66:67:d2"
1791490307.760,"B,1276,10,b2:db:ca:e6:29:a6,28,1,0,0,-19,S,5c:62:8b:66:67:d2"
1791490307.760,"B,1276,10,5c:62:8b:66:67:d2,0,0,5543,10,-46,A,5c:62:8b:66:67:d2"
1791490307.760,"B,1276,10,46:88:44:6e:4f:e4,5459,7,0,0,-24,S,5c:62:8b:66:67:d2"
1791490307.760,"B,1276,10,72:3b:01:24:b7:c8,56,2,0,0,-18,S,5c:62:8b:66:67:d2"
1791490307.760,"B,1376,10,b2:db:ca:e6:29:a6,84,3,0,0,-21,S,5c:62:8b:66:67:d2"
1791490307.760,"B,1376,10,5c:62:8b:66:67:d2,0,0,6033,15,-47,A,5c:62:8b:66:67:d2"
1791490307.760,"B,1376,10,46:88:44:6e:4f:e4,5865,9,0,0,-24,S,5c:62:8b:66:67:d2"
1791490307.760,"B,1376,10,72:3b:01:24:b7:c8,84,3,0,0,-18,S,5c:62:8b:66:67:d2"
1791490307.965,"B,1476,10,b2:db:ca:e6:29:a6,56,2,0,0,-21,S,5c:62:8b:66:67:d2"
1791490307.965,"B,1476,10,5c:62:8b:66:67:d2,0,0,5707,13,-46,A,5c:62:8b:66:67:d2"
1791490307.965,"B,1476,10,46:88:44:6e:4f:e4,5567,8,0,0,-24,S,5c:62:8b:66:67:d2"
1791490307.965,"B,1476,10,72:3b:01:24:b7:c8,84,3,0,0,-18,S,5c:62:8b:66:67:d2"
1791490307.965,"B,1576,10,b2:db:ca:e6:29:a6,28,1,0,0,-20,S,5c:62:8b:66:67:d2"
1791490307.965,"B,1576,10,5c:62:8b:66:67:d2,0,0,5695,11,-47,A,5c:62:8b:66:67:d2"
1791490307.965,"B,1576,10,46:88:44:6e:4f:e4,5611,8,0,0,-24,S,5c:62:8b:66:67:d2"
1791490307.965,"B,1576,10,72:3b:01:24:b7:c8,56,2,0,0,-18,S,5c:62:8b:66:67:d2"
1791490308.171,"B,1676,10,b2:db:ca:e6:29:a6,56,2,0,0,-20,S,5c:62:8b:66:67:d2"
1791490308.171,"B,1676,10,5c:62:8b:66:67:d2,0,0,6757,17,-46,A,5c:62:8b:66:67:d2"
1791490308.171,"B,1676,10,46:88:44:6e:4f:e4,6589,11,0,0,-24,S,5c:62:8b:66:67:d2"
1791490308.171,"B,1676,10,72:3b:01:24:b7:c8,112,4,0,0,-18,S,5c:62:8b:66:67:d2"
1791490308.171,"B,1776,10,b2:db:ca:e6:29:a6,84,3,0,0,-21,S,5c:62:8b:66:67:d2"
1791490308.171,"B,1776,10,5c:62:8b:66:67:d2,0,0,8059,16,-47,A,5c:62:8b:66:67:d2"
1791490308.171,"B,1776,10,46:88:44:6e:4f:e4,7919,11,0,0,-24,S,5c:62:8b:66:67:d2"
1791490308.171,"B,1776,10,72:3b:01:24:b7:c8,56,2,0,0,-18,S,5c:62:8b:66:67:d2"
1791490308.376,"B,1876,10,b2:db:ca:e6:29:a6,56,2,0,0,-21,S,5c:62:8b:66:67:d2"
1791490308.376,"B,1876,10,5c:62:8b:66:67:d2,0,0,1528,7,-46,A,5c:62:8b:66:67:d2"
1791490308.376,"B,1876,10,46:88:44:6e:4f:e4,1444,4,0,0,-24,S,5c:62:8b:66:67:d2"
1791490308.376,"B,1876,10,72:3b:01:24:b7:c8,28,1,0,0,-18,S,5c:62:8b:66:67:d2"
1791490308.376,"B,1976,10,b2:db:ca:e6:29:a6,56,2,0,0,-21,S,5c:62:8b:66:67:d2"
1791490308.376,"B,1976,10,5c:62:8b:66:67:d2,0,0,5771,14,-48,A,5c:62:8b:66:67:d2"
1791490308.376,"B,1976,10,46:88:44:6e:4f:e4,5575,7,0,0,-24,S,5c:62:8b:66:67:d2"
1791490308.376,"B,1976,10,72:3b:01:24:b7:c8,140,5,0,0,-17,S,5c:62:8b:66:67:d2"
1791490308.579,"B,2076,10,b2:db:ca:e6:29:a6,140,5,0,0,-22,S,5c:62:8b:66:67:d2"
1791490308.579,"B,2076,10,5c:62:8b:66:67:d2,0,0,5595,14,-47,A,5c:62:8b:66:67:d2"
1791490308.579,"B,2076,10,46:88:44:6e:4f:e4,5427,8,0,0,-24,S,5c:62:8b:66:67:d2"
1791490308.579,"B,2076,10,72:3b:01:24:b7:c8,28,1,0,0,-18,S,5c:62:8b:66:67:d2"
1791490308.579,"B,2176,10,b2:db:ca:e6:29:a6,56,2,0,0,-20,S,5c:62:8b:66:67:d2"
1791490308.579,"B,2176,10,5c:62:8b:66:67:d2,0,0,7383,13,-48,A,5c:62:8b:66:67:d2"
1791490308.579,"B,2176,10,46:88:44:6e:4f:e4,7299,10,0,0,-23,S,5c:62:8b:66:67:d2"
1791490308.579,"B,2176,10,72:3b:01:24:b7:c8,28,1,0,0,-18,S,5c:62:8b:66:67:d2"
1791490308.781,"B,2276,10,b2:db:ca:e6:29:a6,56,2,0,0,-22,S,5c:62:8b:66:67:d2"
1791490308.781,"B,2276,10,5c:62:8b:66:67:d2,0,0,5325,14,-48,A,5c:62:8b:66:67:d2"
1791490308.781,"B,2276,10,46:88:44:6e:4f:e4,5129,7,0,0,-25,S,5c:62:8b:66:67:d2"
1791490308.781,"B,2276,10,72:3b:01:24:b7:c8,140,5,0,0,-18,S,5c:62:8b:66:67:d2"
1791490308.781,"B,2376,10,b2:db:ca:e6:29:a6,84,3,0,0,-21,S,5c:62:8b:66:67:d2"
1791490308.781,"B,2376,10,5c:62:8b:66:67:d2,0,0,6293,19,-49,A,5c:62:8b:66:67:d2"
1791490308.781,"B,2376,10,46:88:44:6e:4f:e4,6013,9,0,0,-29,S,5c:62:8b:66:67:d2"
1791490308.781,"B,2376,10,72:3b:01:24:b7:c8,196,7,0,0,-17,S,5c:62:8b:66:67:d2"
1791490308.781,"B,2476,10,b2:db:ca:e6:29:a6,28,1,0,0,-23,S,5c:62:8b:66:67:d2"
1791490308.982,"B,2476,10,5c:62:8b:66:67:d2,552,4,1274,11,-49,A,5c:62:8b:66:67:d2"
1791490308.982,"B,2476,10,46:88:44:6e:4f:e4,1078,4,552,4,-30,S,5c:62:8b:66:67:d2"
1791490308.982,"B,2476,10,72:3b:01:24:b7:c8,168,6,0,0,-17,S,5c:62:8b:66:67:d2"
1791490308.982,"B,2576,10,b2:db:ca:e6:29:a6,28,1,0,0,-22,S,5c:62:8b:66:67:d2"
1791490308.982,"B,2576,10,5c:62:8b:66:67:d2,0,0,5587,8,-49,A,5c:62:8b:66:67:d2"
1791490308.982,"B,2576,10,46:88:44:6e:4f:e4,5559,7,0,0,-25,S,5c:62:8b:66:67:d2"
1791490308.982,"B,2676,10,b2:db:ca:e6:29:a6,28,1,0,0,-21,S,5c:62:8b:66:67:d2"
1791490308.982,"B,2676,10,5c:62:8b:66:67:d2,0,0,5733,13,-49,A,5c:62:8b:66:67:d2"
1791490308.982,"B,2676,10,46:88:44:6e:4f:e4,5621,9,0,0,-25,S,5c:62:8b:66:67:d2"
1791490308.982,"B,2676,10,72:3b:01:24:b7:c8,84,3,0,0,-18,S,5c:62:8b:66:67:d2"
1791490309.182,"A,2756,10,8a:ce:16:78:6f:dc,-90,wizzwtf"
1791490309.182,"B,2776,10,b2:db:ca:e6:29:a6,28,1,0,0,-22,S,5c:62:8b:66:67:d2"
1791490309.182,"B,2776,10,5c:62:8b:66:67:d2,0,0,5651,14,-48,A,5c:62:8b:66:67:d2"
1791490309.182,"B,2776,10,46:88:44:6e:4f:e4,5483,8,0,0,-25,S,5c:62:8b:66:67:d2"
1791490309.182,"B,2776,10,72:3b:01:24:b7:c8,140,5,0,0,-17,S,5c:62:8b:66:67:d2"
1791490309.182,"B,2876,10,b2:db:ca:e6:29:a6,56,2,0,0,-22,S,5c:62:8b:66:67:d2"
1791490309.182,"B,2876,10,5c:62:8b:66:67:d2,0,0,5749,11,-50,A,5c:62:8b:66:67:d2"
1791490309.182,"B,2876,10,46:88:44:6e:4f:e4,5693,9,0,0,-26,S,5c:62:8b:66:67:d2"
1791490309.382,"B,2976,10,b2:db:ca:e6:29:a6,28,1,0,0,-21,S,5c:62:8b:66:67:d2"
1791490309.382,"B,2976,10,5c:62:8b:66:67:d2,0,0,5387,12,-51,A,5c:62:8b:66:67:d2"
1791490309.382,"B,2976,10,46:88:44:6e:4f:e4,5275,8,0,0,-27,S,5c:62:8b:66:67:d2"
1791490309.382,"B,2976,10,72:3b:01:24:b7:c8,84,3,0,0,-18,S,5c:62:8b:66:67:d2"
1791490309.382,"B,3076,10,b2:db:ca:e6:29:a6,56,2,0,0,-23,S,5c:62:8b:66:67:d2"
1791490309.382,"B,3076,10,5c:62:8b:66:67:d2,0,0,1330,13,-50,A,5c:62:8b:66:67:d2"
1791490309.382,"B,3076,10,46:88:44:6e:4f:e4,1078,4,0,0,-27,S,5c:62:8b:66:67:d2"
1791490309.382,"B,3076,10,72:3b:01:24:b7:c8,196,7,0,0,-17,S,5c:62:8b:66:67:d2"
1791490309.582,"A,3101,10,82:af:ca:28:4c:f8,-85,"
1791490309.582,"B,3176,10,b2:db:ca:e6:29:a6,84,3,0,0,-21,S,5c:62:8b:66:67:d2"
1791490309.582,"B,3176,10,5c:62:8b:66:67:d2,0,0,6695,10,0,A,5c:62:8b:66:67:d2"
1791490309.582,"B,3176,10,46:88:44:6e:4f:e4,6611,7,0,0,-26,S,5c:62:8b:66:67:d2"
1791490309.582,"B,3276,10,b2:db:ca:e6:29:a6,56,2,0,0,-21,S,5c:62:8b:66:67:d2"
1791490309.782,"B,3276,10,5c:62:8b:66:67:d2,0,0,6569,16,-50,A,5c:62:8b:66:67:d2"
1791490309.782,"B,3276,10,46:88:44:6e:4f:e4,6401,10,0,0,-26,S,5c:62:8b:66:67:d2"
1791490309.782,"B,3276,10,72:3b:01:24:b7:c8,112,4,0,0,-18,S,5c:62:8b:66:67:d2"
1791490309.782,"B,3376,10,b2:db:ca:e6:29:a6,56,2,0,0,-23,S,5c:62:8b:66:67:d2"
1791490309.782,"B,3376,10,5c:62:8b:66:67:d2,0,0,5647,16,-51,A,5c:62:8b:66:67:d2"
1791490309.782,"B,3376,10,46:88:44:6e:4f:e4,5423,8,0,0,-26,S,5c:62:8b:66:67:d2"
1791490309.782,"B,3376,10,72:3b:01:24:b7:c8,168,6,0,0,-17,S,5c:62:8b:66:67:d2"
1791490309.782,"B,3376,10,80:af:ca:68:4c:f8,80,1,0,0,-86,A,80:af:ca:68:4c:f8"
1791490309.782,"B,3476,10,b2:db:ca:e6:29:a6,28,1,0,0,-21,S,5c:62:8b:66:67:d2"
1791490309.782,"B,3476,10,5c:62:8b:66:67:d2,0,0,5539,11,-51,A,5c:62:8b:66:67:d2"
1791490309.782,"B,3476,10,46:88:44:6e:4f:e4,5455,8,0,0,-25,S,5c:62:8b:66:67:d2"
1791490309.782,"B,3476,10,72:3b:01:24:b7:c8,56,2,0,0,-18,S,5c:62:8b:66:67:d2"
1791490309.983,"B,3576,10,b2:db:ca:e6:29:a6,28,1,0,0,-21,S,5c:62:8b:66:67:d2"
1791490309.983,"B,3576,10,5c:62:8b:66:67:d2,0,0,5611,14,-50,A,5c:62:8b:66:67:d2"
1791490309.983,"B,3576,10,46:88:44:6e:4f:e4,5443,8,0,0,-25,S,5c:62:8b:66:67:d2"
1791490309.983,"B,3576,10,72:3b:01:24:b7:c8,140,5,0,0,-19,S,5c:62:8b:66:67:d2"
1791490309.983,"B,3676,10,b2:db:ca:e6:29:a6,56,2,0,0,-21,S,5c:62:8b:66:67:d2"
1791490309.983,"B,3676,10,5c:62:8b:66:67:d2,0,0,1358,14,-51,A,5c:62:8b:66:67:d2"
1791490309.983,"B,3676,10,46:88:44:6e:4f:e4,1050,3,0,0,-25,S,5c:62:8b:66:67:d2"
1791490309.983,"B,3676,10,72:3b:01:24:b7:c8,252,9,0,0,-18,S,5c:62:8b:66:67:d2"
1791490310.184,"B,3776,10,5c:62:8b:66:67:d2,0,0,5889,9,-50,A,5c:62:8b:66:67:d2"
1791490310.184,"B,3776,10,46:88:44:6e:4f:e4,5889,9,0,0,-24,S,5c:62:8b:66:67:d2"
1791490310.184,"B,3876,10,b2:db:ca:e6:29:a6,56,2,0,0,-21,S,5c:62:8b:66:67:d2"
1791490310.184,"B,3876,10,5c:62:8b:66:67:d2,0,0,5827,17,-50,A,5c:62:8b:66:67:d2"
1791490310.184,"B,3876,10,46:88:44:6e:4f:e4,5575,8,0,0,-25,S,5c:62:8b:66:67:d2"
1791490310.184,"B,3876,10,72:3b:01:24:b7:c8,196,7,0,0,-18,S,5c:62:8b:66:67:d2"
1791490310.384,"B,3976,10,b2:db:ca:e6:29:a6,56,2,0,0,-21,S,5c:62:8b:66:67:d2"
1791490310.384,"B,3976,10,5c:62:8b:66:67:d2,0,0,5905,13,-48,A,5c:62:8b:66:67:d2"
1791490310.384,"B,3976,10,46:88:44:6e:4f:e4,5793,9,0,0,-25,S,5c:62:8b:66:67:d2"
1791490310.384,"B,3976,10,78:8c:b5:f5:e7:26,0,0,30,1,-79,A,78:8c:b5:f5:e7:26"
1791490310.384,"B,3976,10,72:3b:01:24:b7:c8,56,2,0,0,-18,S,5c:62:8b:66:67:d2"
1791490310.384,"B,3976,10,a6:4c:bd:b6:c7:99,30,1,0,0,-90,S,78:8c:b5:f5:e7:26"
1791490310.384,"A,4017,10,d8:0d:17:46:46:1a,-79,spike"
1791490310.384,"B,4076,10,b2:db:ca:e6:29:a6,56,2,0,0,-21,S,5c:62:8b:66:67:d2"
1791490310.384,"B,4076,10,5c:62:8b:66:67:d2,0,0,5459,10,-51,A,5c:62:8b:66:67:d2"
1791490310.384,"B,4076,10,46:88:44:6e:4f:e4,5403,8,0,0,-25,S,5c:62:8b:66:67:d2"
1791490310.585,"B,4176,10,b2:db:ca:e6:29:a6,56,2,0,0,-22,S,5c:62:8b:66:67:d2"
1791490310.585,"B,4176,10,5c:62:8b:66:67:d2,0,0,5567,14,-49,A,5c:62:8b:66:67:d2"
1791490310.585,"B,4176,10,46:88:44:6e:4f:e4,5399,8,0,0,-25,S,5c:62:8b:66:67:d2"
1791490310.585,"B,4176,10,72:3b:01:24:b7:c8,112,4,0,0,-18,S,5c:62:8b:66:67:d2"
1791490310.585,"B,4276,10,b2:db:ca:e6:29:a6,28,1,0,0,-21,S,5c:62:8b:66:67:d2"
1791490310.585,"B,4276,10,5c:62:8b:66:67:d2,0,0,1274,11,-50,A,5c:62:8b:66:67:d2"
1791490310.585,"B,4276,10,46:88:44:6e:4f:e4,1050,3,0,0,-26,S,5c:62:8b:66:67:d2"
1791490310.585,"B,4276,10,78:8c:b5:f5:e7:26,0,0,30,1,-79,A,78:8c:b5:f5:e7:26"
1791490310.585,"B,4276,10,72:3b:01:24:b7:c8,196,7,0,0,-17,S,5c:62:8b:66:67:d2"
1791490310.585,"B,4276,10,a6:4c:bd:b6:c7:99,30,1,0,0,-93,S,78:8c:b5:f5:e7:26"
1791490310.786,"B,4376,10,b2:db:ca:e6:29:a6,84,3,0,0,-22,S,5c:62:8b:66:67:d2"
1791490310.786,"B,4376,10,5c:62:8b:66:67:d2,0,0,5539,15,-50,A,5c:62:8b:66:67:d2"
1791490310.786,"B,4376,10,46:88:44:6e:4f:e4,5343,8,0,0,-26,S,5c:62:8b:66:67:d2"
1791490310.786,"B,4376,10,72:3b:01:24:b7:c8,112,4,0,0,-17,S,5c:62:8b:66:67:d2"
1791490310.786,"B,4476,10,b2:db:ca:e6:29:a6,28,1,0,0,-21,S,5c:62:8b:66:67:d2"
1791490310.786,"B,4476,10,5c:62:8b:66:67:d2,0,0,5487,16,-51,A,5c:62:8b:66:67:d2"
1791490310.786,"B,4476,10,46:88:44:6e:4f:e4,5263,8,0,0,-27,S,5c:62:8b:66:67:d2"
1791490310.786,"B,4476,10,72:3b:01:24:b7:c8,196,7,0,0,-18,S,5c:62:8b:66:67:d2"
1791490310.988,"B,4576,10,b2:db:ca:e6:29:a6,56,2,0,0,-21,S,5c:62:8b:66:67:d2"
1791490310.988,"B,4576,10,5c:62:8b:66:67:d2,0,0,6661,19,-49,A,5c:62:8b:66:67:d2"
1791490310.988,"B,4576,10,46:88:44:6e:4f:e4,6549,15,0,0,-26,S,5c:62:8b:66:67:d2"
1791490310.988,"B,4576,10,72:3b:01:24:b7:c8,56,2,0,0,-17,S,5c:62:8b:66:67:d2"
1791490310.988,"B,4676,10,b2:db:ca:e6:29:a6,224,8,0,0,-21,S,5c:62:8b:66:67:d2"
1791490310.988,"B,4676,10,5c:62:8b:66:67:d2,0,0,5333,18,-50,A,5c:62:8b:66:67:d2"
1791490310.988,"B,4676,10,46:88:44:6e:4f:e4,5025,7,0,0,-27,S,5c:62:8b:66:67:d2"
1791490310.988,"B,4676,10,72:3b:01:24:b7:c8,84,3,0,0,-18,S,5c:62:8b:66:67:d2"
1791490311.189,"B,4776,10,b2:db:ca:e6:29:a6,56,2,0,0,-20,S,5c:62:8b:66:67:d2"
1791490311.189,"B,4776,10,5c:62:8b:66:67:d2,0,0,5189,13,-51,A,5c:62:8b:66:67:d2"
1791490311.189,"B,4776,10,46:88:44:6e:4f:e4,5021,7,0,0,-26,S,5c:62:8b:66:67:d2"
1791490311.189,"B,4776,10,78:8c:b5:f5:e7:26,0,0,30,1,-77,A,78:8c:b5:f5:e7:26"
1791490311.189,"B,4776,10,72:3b:01:24:b7:c8,112,4,0,0,-17,S,5c:62:8b:66:67:d2"
1791490311.189,"B,4776,10,a6:4c:bd:b6:c7:99,30,1,0,0,-91,S,78:8c:b5:f5:e7:26"
1791490311.189,"A,4838,10,80:af:ca:68:4c:f8,-89,Cudy-4CF8"
1791490311.189,"B,4876,10,b2:db:ca:e6:29:a6,84,3,0,0,-21,S,5c:62:8b:66:67:d2"
1791490311.189,"B,4876,10,5c:62:8b:66:67:d2,0,0,1162,7,-50,A,5c:62:8b:66:67:d2"
1791490311.189,"B,4876,10,46:88:44:6e:4f:e4,1050,3,0,0,-27,S,5c:62:8b:66:67:d2"
1791490311.189,"B,4876,10,72:3b:01:24:b7:c8,28,1,0,0,-18,S,5c:62:8b:66:67:d2"
1791490311.391,"B,4976,10,5c:62:8b:66:67:d2,0,0,5089,11,-49,A,5c:62:8b:66:67:d2"
1791490311.391,"B,4976,10,46:88:44:6e:4f:e4,4977,7,0,0,-27,S,5c:62:8b:66:67:d2"
1791490311.391,"B,4976,10,78:8c:b5:f5:e7:26,0,0,30,1,-78,A,78:8c:b5:f5:e7:26"
1791490311.391,"B,4976,10,72:3b:01:24:b7:c8,112,4,0,0,-17,S,5c:62:8b:66:67:d2"
1791490311.391,"B,4976,10,a6:4c:bd:b6:c7:99,30,1,0,0,-90,S,78:8c:b5:f5:e7:26"
1791490311.391,"B,5076,10,b2:db:ca:e6:29:a6,84,3,0,0,-21,S,5c:62:8b:66:67:d2"
1791490311.391,"B,5076,10,5c:62:8b:66:67:d2,0,0,5129,13,-50,A,5c:62:8b:66:67:d2"
1791490311.391,"B,5076,10,46:88:44:6e:4f:e4,4961,7,0,0,-26,S,5c:62:8b:66:67:d2"
1791490311.391,"B,5076,10,72:3b:01:24:b7:c8,84,3,0,0,-18,S,5c:62:8b:66:67:d2"
1791490311.391,"I,5079,stat,rx=820,drops=0,ch=10,bin=100,hop=0,heap=203064"
1791490311.593,"B,5176,10,b2:db:ca:e6:29:a6,56,2,0,0,-21,S,5c:62:8b:66:67:d2"
1791490311.593,"B,5176,10,5c:62:8b:66:67:d2,0,0,4981,11,-49,A,5c:62:8b:66:67:d2"
1791490311.593,"B,5176,10,46:88:44:6e:4f:e4,4869,7,0,0,-27,S,5c:62:8b:66:67:d2"
1791490311.593,"B,5176,10,78:8c:b5:f5:e7:26,0,0,30,1,-76,A,78:8c:b5:f5:e7:26"
1791490311.593,"B,5176,10,72:3b:01:24:b7:c8,56,2,0,0,-18,S,5c:62:8b:66:67:d2"
1791490311.593,"B,5176,10,a6:4c:bd:b6:c7:99,30,1,0,0,-91,S,78:8c:b5:f5:e7:26"
1791490311.593,"B,5276,10,b2:db:ca:e6:29:a6,56,2,0,0,-21,S,5c:62:8b:66:67:d2"
1791490311.593,"B,5276,10,5c:62:8b:66:67:d2,0,0,8189,18,-50,A,5c:62:8b:66:67:d2"
1791490311.593,"B,5276,10,46:88:44:6e:4f:e4,8021,12,0,0,-27,S,5c:62:8b:66:67:d2"
1791490311.593,"B,5276,10,72:3b:01:24:b7:c8,112,4,0,0,-17,S,5c:62:8b:66:67:d2"
1791490311.796,"B,5376,10,b2:db:ca:e6:29:a6,56,2,0,0,-21,S,5c:62:8b:66:67:d2"
1791490311.796,"B,5376,10,5c:62:8b:66:67:d2,0,0,5093,11,-50,A,5c:62:8b:66:67:d2"
1791490311.796,"B,5376,10,46:88:44:6e:4f:e4,4981,7,0,0,-27,S,5c:62:8b:66:67:d2"
1791490311.796,"B,5376,10,72:3b:01:24:b7:c8,56,2,0,0,-18,S,5c:62:8b:66:67:d2"
1791490311.796,"B,5476,10,b2:db:ca:e6:29:a6,28,1,0,0,-22,S,5c:62:8b:66:67:d2"
1791490311.796,"B,5476,10,5c:62:8b:66:67:d2,0,0,1134,6,-51,A,5c:62:8b:66:67:d2"
1791490311.796,"B,5476,10,46:88:44:6e:4f:e4,1050,3,0,0,-27,S,5c:62:8b:66:67:d2"
1791490311.796,"B,5476,10,72:3b:01:24:b7:c8,56,2,0,0,-19,S,5c:62:8b:66:67:d2"
1791490311.999,"B,5576,10,b2:db:ca:e6:29:a6,84,3,0,0,-21,S,5c:62:8b:66:67:d2"
1791490311.999,"B,5576,10,5c:62:8b:66:67:d2,0,0,4863,13,-50,A,5c:62:8b:66:67:d2"
1791490311.999,"B,5576,10,46:88:44:6e:4f:e4,4667,6,0,0,-27,S,5c:62:8b:66:67:d2"
1791490311.999,"B,5576,10,72:3b:01:24:b7:c8,112,4,0,0,-17,S,5c:62:8b:66:67:d2"
1791490311.999,"B,5676,10,b2:db:ca:e6:29:a6,56,2,0,0,-22,S,5c:62:8b:66:67:d2"
1791490311.999,"B,5676,10,5c:62:8b:66:67:d2,0,0,5503,13,-50,A,5c:62:8b:66:67:d2"
1791490311.999,"B,5676,10,46:88:44:6e:4f:e4,5363,8,0,0,-27,S,5c:62:8b:66:67:d2"
1791490311.999,"B,5676,10,72:3b:01:24:b7:c8,84,3,0,0,-17,S,5c:62:8b:66:67:d2"
1791490311.999,"B,5676,10,80:af:ca:68:4c:f8,84,1,0,0,-87,A,80:af:ca:68:4c:f8"
1791490312.201,"B,5776,10,b2:db:ca:e6:29:a6,56,2,0,0,-22,S,5c:62:8b:66:67:d2"
1791490312.201,"B,5776,10,5c:62:8b:66:67:d2,2100,6,5145,10,-51,A,5c:62:8b:66:67:d2"
1791490312.201,"B,5776,10,46:88:44:6e:4f:e4,5061,7,0,0,-27,S,5c:62:8b:66:67:d2"
1791490312.201,"B,5776,10,72:3b:01:24:b7:c8,28,1,2100,6,-17,S,5c:62:8b:66:67:d2"
1791490312.201,"B,5776,10,80:af:ca:68:4c:f8,104,1,0,0,-85,A,80:af:ca:68:4c:f8"
1791490312.201,"B,5876,10,b2:db:ca:e6:29:a6,56,2,0,0,-21,S,5c:62:8b:66:67:d2"
1791490312.201,"B,5876,10,5c:62:8b:66:67:d2,0,0,5213,11,-49,A,5c:62:8b:66:67:d2"
1791490312.201,"B,5876,10,46:88:44:6e:4f:e4,5101,7,0,0,-27,S,5c:62:8b:66:67:d2"
1791490312.201,"B,5876,10,72:3b:01:24:b7:c8,56,2,0,0,-18,S,5c:62:8b:66:67:d2"
1791490312.405,"B,5976,10,b2:db:ca:e6:29:a6,28,1,0,0,-21,S,5c:62:8b:66:67:d2"
1791490312.405,"B,5976,10,5c:62:8b:66:67:d2,0,0,5245,11,-50,A,5c:62:8b:66:67:d2"
1791490312.405,"B,5976,10,46:88:44:6e:4f:e4,5133,7,0,0,-27,S,5c:62:8b:66:67:d2"
1791490312.405,"B,5976,10,72:3b:01:24:b7:c8,84,3,0,0,-18,S,5c:62:8b:66:67:d2"
1791490312.405,"B,6076,10,5c:62:8b:66:67:d2,0,0,1274,11,-51,A,5c:62:8b:66:67:d2"
1791490312.405,"B,6076,10,46:88:44:6e:4f:e4,1050,3,0,0,-27,S,5c:62:8b:66:67:d2"
1791490312.405,"B,6076,10,72:3b:01:24:b7:c8,224,8,0,0,-18,S,5c:62:8b:66:67:d2"
1791490312.608,"B,6176,10,b2:db:ca:e6:29:a6,28,1,0,0,-23,S,5c:62:8b:66:67:d2"
1791490312.608,"B,6176,10,5c:62:8b:66:67:d2,0,0,4941,8,-50,A,5c:62:8b:66:67:d2"
1791490312.608,"B,6176,10,46:88:44:6e:4f:e4,4913,7,0,0,-26,S,5c:62:8b:66:67:d2"
1791490312.608,"B,6276,10,5c:62:8b:66:67:d2,0,0,5471,18,-50,A,5c:62:8b:66:67:d2"
1791490312.608,"B,6276,10,46:88:44:6e:4f:e4,5191,8,0,0,-26,S,5c:62:8b:66:67:d2"
1791490312.608,"B,6276,10,72:3b:01:24:b7:c8,280,10,0,0,-18,S,5c:62:8b:66:67:d2"
1791490312.813,"B,6376,10,5c:62:8b:66:67:d2,0,0,5049,13,-53,A,5c:62:8b:66:67:d2"
1791490312.813,"B,6376,10,46:88:44:6e:4f:e4,4881,7,0,0,-26,S,5c:62:8b:66:67:d2"
1791490312.813,"B,6376,10,78:8c:b5:f5:e7:26,0,0,114,1,-79,A,78:8c:b5:f5:e7:26"
1791490312.813,"B,6376,10,72:3b:01:24:b7:c8,168,6,0,0,-18,S,5c:62:8b:66:67:d2"
1791490312.813,"B,6376,10,a6:4c:bd:b6:c7:99,114,1,0,0,-88,S,78:8c:b5:f5:e7:26"
1791490312.813,"B,6476,10,5c:62:8b:66:67:d2,0,0,4969,8,-50,A,5c:62:8b:66:67:d2"
1791490312.813,"B,6476,10,46:88:44:6e:4f:e4,4941,7,0,0,-26,S,5c:62:8b:66:67:d2"
1791490312.813,"B,6476,10,72:3b:01:24:b7:c8,28,1,0,0,-18,S,5c:62:8b:66:67:d2"
1791490313.014,"B,6576,10,5c:62:8b:66:67:d2,0,0,1162,7,-51,A,5c:62:8b:66:67:d2"
1791490313.014,"B,6576,10,46:88:44:6e:4f:e4,1078,4,0,0,-26,S,5c:62:8b:66:67:d2"
1791490313.014,"B,6576,10,78:8c:b5:f5:e7:26,0,0,30,1,-81,A,78:8c:b5:f5:e7:26"
1791490313.014,"B,6576,10,72:3b:01:24:b7:c8,84,3,0,0,-17,S,5c:62:8b:66:67:d2"
1791490313.014,"B,6576,10,a6:4c:bd:b6:c7:99,30,1,0,0,-87,S,78:8c:b5:f5:e7:26"
1791490313.014,"B,6676,10,5c:62:8b:66:67:d2,0,0,7464,13,-50,A,5c:62:8b:66:67:d2"
1791490313.014,"B,6676,10,46:88:44:6e:4f:e4,7324,8,0,0,-27,S,5c:62:8b:66:67:d2"
1791490313.014,"B,6676,10,72:3b:01:24:b7:c8,140,5,0,0,-17,S,5c:62:8b:66:67:d2"
1791490313.215,"B,6776,10,5c:62:8b:66:67:d2,0,0,6815,8,-49,A,5c:62:8b:66:67:d2"
1791490313.215,"B,6776,10,46:88:44:6e:4f:e4,6815,8,0,0,-25,S,5c:62:8b:66:67:d2"
1791490313.215,"B,6876,10,5c:62:8b:66:67:d2,0,0,2899,13,-48,A,5c:62:8b:66:67:d2"
1791490313.215,"B,6876,10,46:88:44:6e:4f:e4,2703,6,0,0,-29,S,5c:62:8b:66:67:d2"
1791490313.215,"B,6876,10,72:3b:01:24:b7:c8,196,7,0,0,-18,S,5c:62:8b:66:67:d2"
1791490313.420,"B,6976,10,5c:62:8b:66:67:d2,0,0,4351,11,-48,A,5c:62:8b:66:67:d2"
1791490313.420,"B,6976,10,46:88:44:6e:4f:e4,4267,8,0,0,-31,S,5c:62:8b:66:67:d2"
1791490313.420,"B,6976,10,72:3b:01:24:b7:c8,84,3,0,0,-18,S,5c:62:8b:66:67:d2"
1791490313.420,"B,7076,10,5c:62:8b:66:67:d2,0,0,2743,6,-48,A,5c:62:8b:66:67:d2"
1791490313.420,"B,7076,10,46:88:44:6e:4f:e4,2743,6,0,0,-31,S,5c:62:8b:66:67:d2"
1791490313.622,"B,7176,10,5c:62:8b:66:67:d2,0,0,3137,10,-49,A,5c:62:8b:66:67:d2"
1791490313.622,"B,7176,10,46:88:44:6e:4f:e4,3053,7,0,0,-31,S,5c:62:8b:66:67:d2"
1791490313.622,"B,7176,10,78:8c:b5:f5:e7:26,0,0,106,1,-78,A,78:8c:b5:f5:e7:26"
1791490313.622,"B,7176,10,72:3b:01:24:b7:c8,84,3,0,0,-18,S,5c:62:8b:66:67:d2"
1791490313.622,"B,7176,10,a6:4c:bd:b6:c7:99,106,1,0,0,-88,S,78:8c:b5:f5:e7:26"
1791490313.622,"B,7276,10,b2:db:ca:e6:29:a6,56,2,0,0,-22,S,5c:62:8b:66:67:d2"
1791490313.622,"B,7276,10,5c:62:8b:66:67:d2,0,0,1218,9,-48,A,5c:62:8b:66:67:d2"
1791490313.622,"B,7276,10,46:88:44:6e:4f:e4,1050,3,0,0,-30,S,5c:62:8b:66:67:d2"
1791490313.622,"B,7276,10,72:3b:01:24:b7:c8,112,4,0,0,-18,S,5c:62:8b:66:67:d2"
1791490313.824,"B,7376,10,b2:db:ca:e6:29:a6,56,2,0,0,-22,S,5c:62:8b:66:67:d2"
1791490313.824,"B,7376,10,5c:62:8b:66:67:d2,0,0,3137,10,-49,A,5c:62:8b:66:67:d2"
1791490313.824,"B,7376,10,46:88:44:6e:4f:e4,3053,7,0,0,-29,S,5c:62:8b:66:67:d2"
1791490313.824,"B,7376,10,72:3b:01:24:b7:c8,28,1,0,0,-17,S,5c:62:8b:66:67:d2"
1791490313.824,"B,7476,10,b2:db:ca:e6:29:a6,56,2,0,0,-21,S,5c:62:8b:66:67:d2"
1791490313.824,"B,7476,10,5c:62:8b:66:67:d2,0,0,5015,19,0,A,5c:62:8b:66:67:d2"
1791490313.824,"B,7476,10,46:88:44:6e:4f:e4,4819,12,0,0,-28,S,5c:62:8b:66:67:d2"
1791490313.824,"B,7476,10,72:3b:01:24:b7:c8,140,5,0,0,-17,S,5c:62:8b:66:67:d2"
1791490313.824,"B,7476,10,8a:ce:16:78:6f:dc,0,0,30,1,-91,A,8a:ce:16:78:6f:dc"
1791490313.824,"B,7476,10,38:d5:7a:f4:5a:37,30,1,0,0,-89,S,8a:ce:16:78:6f:dc"
1791490313.824,"A,7512,10,dc:8e:8d:9c:65:79,-90,netis-9C6572"
1791490314.025,"B,7576,10,b2:db:ca:e6:29:a6,28,1,0,0,-23,S,5c:62:8b:66:67:d2"
1791490314.025,"B,7576,10,5c:62:8b:66:67:d2,0,0,3137,10,-49,A,5c:62:8b:66:67:d2"
1791490314.025,"B,7576,10,46:88:44:6e:4f:e4,3053,7,0,0,-28,S,5c:62:8b:66:67:d2"
1791490314.025,"B,7576,10,72:3b:01:24:b7:c8,56,2,0,0,-17,S,5c:62:8b:66:67:d2"
1791490314.025,"B,7676,10,5c:62:8b:66:67:d2,0,0,2797,7,-49,A,5c:62:8b:66:67:d2"
1791490314.025,"B,7676,10,46:88:44:6e:4f:e4,2797,7,0,0,-29,S,5c:62:8b:66:67:d2"
1791490314.230,"B,7776,10,b2:db:ca:e6:29:a6,56,2,0,0,-23,S,5c:62:8b:66:67:d2"
1791490314.230,"B,7776,10,5c:62:8b:66:67:d2,0,0,3221,13,-51,A,5c:62:8b:66:67:d2"
1791490314.230,"B,7776,10,46:88:44:6e:4f:e4,3053,7,0,0,-30,S,5c:62:8b:66:67:d2"
1791490314.230,"B,7776,10,72:3b:01:24:b7:c8,112,4,0,0,-17,S,5c:62:8b:66:67:d2"
1791490314.230,"B,7876,10,b2:db:ca:e6:29:a6,56,2,0,0,-21,S,5c:62:8b:66:67:d2"
1791490314.230,"B,7876,10,5c:62:8b:66:67:d2,0,0,1162,7,-51,A,5c:62:8b:66:67:d2"
1791490314.230,"B,7876,10,46:88:44:6e:4f:e4,1050,3,0,0,-34,S,5c:62:8b:66:67:d2"
1791490314.230,"B,7876,10,72:3b:01:24:b7:c8,56,2,0,0,-17,S,5c:62:8b:66:67:d2"
1791490314.435,"B,7976,10,b2:db:ca:e6:29:a6,56,2,0,0,-23,S,5c:62:8b:66:67:d2"
1791490314.435,"B,7976,10,5c:62:8b:66:67:d2,0,0,3221,13,-51,A,5c:62:8b:66:67:d2"
1791490314.435,"B,7976,10,46:88:44:6e:4f:e4,3053,7,0,0,-35,S,5c:62:8b:66:67:d2"
1791490314.435,"B,7976,10,72:3b:01:24:b7:c8,112,4,0,0,-18,S,5c:62:8b:66:67:d2"
1791490314.435,"B,8076,10,b2:db:ca:e6:29:a6,28,1,0,0,-21,S,5c:62:8b:66:67:d2"
1791490314.435,"B,8076,10,5c:62:8b:66:67:d2,0,0,4208,12,-51,A,5c:62:8b:66:67:d2"
1791490314.435,"B,8076,10,46:88:44:6e:4f:e4,4096,8,0,0,-38,S,5c:62:8b:66:67:d2"
1791490314.435,"B,8076,10,72:3b:01:24:b7:c8,84,3,0,0,-17,S,5c:62:8b:66:67:d2"
1791490314.641,"B,8176,10,5c:62:8b:66:67:d2,0,0,2759,8,-52,A,5c:62:8b:66:67:d2"
1791490314.641,"B,8176,10,46:88:44:6e:4f:e4,2703,6,0,0,-38,S,5c:62:8b:66:67:d2"
1791490314.641,"B,8176,10,78:8c:b5:f5:e7:26,0,0,30,1,-78,A,78:8c:b5:f5:e7:26"
1791490314.641,"B,8176,10,72:3b:01:24:b7:c8,56,2,0,0,-17,S,5c:62:8b:66:67:d2"
1791490314.641,"B,8176,10,a6:4c:bd:b6:c7:99,30,1,0,0,-88,S,78:8c:b5:f5:e7:26"
1791490314.641,"B,8276,10,5c:62:8b:66:67:d2,0,0,2983,16,-52,A,5c:62:8b:66:67:d2"
1791490314.641,"B,8276,10,46:88:44:6e:4f:e4,2843,11,0,0,-37,S,5c:62:8b:66:67:d2"
1791490314.641,"B,8276,10,72:3b:01:24:b7:c8,140,5,0,0,-17,S,5c:62:8b:66:67:d2"
1791490314.846,"B,8376,10,5c:62:8b:66:67:d2,0,0,1806,7,-52,A,5c:62:8b:66:67:d2"
1791490314.846,"B,8376,10,46:88:44:6e:4f:e4,1750,5,0,0,-36,S,5c:62:8b:66:67:d2"
1791490314.846,"B,8376,10,78:8c:b5:f5:e7:26,0,0,106,1,-79,A,78:8c:b5:f5:e7:26"
1791490314.846,"B,8376,10,72:3b:01:24:b7:c8,56,2,0,0,-19,S,5c:62:8b:66:67:d2"
1791490314.846,"B,8376,10,a6:4c:bd:b6:c7:99,106,1,0,0,-89,S,78:8c:b5:f5:e7:26"
1791490314.846,"B,8476,10,5c:62:8b:66:67:d2,0,0,2731,7,-52,A,5c:62:8b:66:67:d2"
1791490314.846,"B,8476,10,46:88:44:6e:4f:e4,2703,6,0,0,-37,S,5c:62:8b:66:67:d2"
1791490314.846,"B,8476,10,72:3b:01:24:b7:c8,28,1,0,0,-17,S,5c:62:8b:66:67:d2"
1791490315.049,"B,8576,10,5c:62:8b:66:67:d2,0,0,2178,12,-53,A,5c:62:8b:66:67:d2"
1791490315.049,"B,8576,10,46:88:44:6e:4f:e4,2010,6,0,0,-37,S,5c:62:8b:66:67:d2"
1791490315.049,"B,8576,10,78:8c:b5:f5:e7:26,0,0,60,2,-81,A,78:8c:b5:f5:e7:26"
1791490315.049,"B,8576,10,72:3b:01:24:b7:c8,168,6,0,0,-18,S,5c:62:8b:66:67:d2"
1791490315.049,"B,8576,10,a6:4c:bd:b6:c7:99,60,2,0,0,-88,S,78:8c:b5:f5:e7:26"
1791490315.049,"B,8676,10,5c:62:8b:66:67:d2,0,0,3249,14,-52,A,5c:62:8b:66:67:d2"
1791490315.049,"B,8676,10,46:88:44:6e:4f:e4,3053,7,0,0,-42,S,5c:62:8b:66:67:d2"
1791490315.049,"B,8676,10,78:8c:b5:f5:e7:26,0,0,30,1,-80,A,78:8c:b5:f5:e7:26"
1791490315.049,"B,8676,10,72:3b:01:24:b7:c8,196,7,0,0,-18,S,5c:62:8b:66:67:d2"
1791490315.049,"B,8676,10,a6:4c:bd:b6:c7:99,30,1,0,0,-89,S,78:8c:b5:f5:e7:26"
1791490315.251,"B,8776,10,5c:62:8b:66:67:d2,0,0,2759,8,-53,A,5c:62:8b:66:67:d2"
1791490315.251,"B,8776,10,46:88:44:6e:4f:e4,2703,6,0,0,-41,S,5c:62:8b:66:67:d2"
1791490315.251,"B,8776,10,72:3b:01:24:b7:c8,56,2,0,0,-17,S,5c:62:8b:66:67:d2"
1791490315.251,"B,8876,10,5c:62:8b:66:67:d2,0,0,3193,12,-53,A,5c:62:8b:66:67:d2"
1791490315.251,"B,8876,10,46:88:44:6e:4f:e4,3053,7,0,0,-42,S,5c:62:8b:66:67:d2"
1791490315.251,"B,8876,10,78:8c:b5:f5:e7:26,0,0,30,1,-82,A,78:8c:b5:f5:e7:26"
1791490315.251,"B,8876,10,72:3b:01:24:b7:c8,140,5,0,0,-17,S,5c:62:8b:66:67:d2"
1791490315.251,"B,8876,10,a6:4c:bd:b6:c7:99,30,1,0,0,-90,S,78:8c:b5:f5:e7:26"
1791490315.456,"B,8976,10,5c:62:8b:66:67:d2,0,0,2233,9,-52,A,5c:62:8b:66:67:d2"
1791490315.456,"B,8976,10,46:88:44:6e:4f:e4,2121,5,0,0,-42,S,5c:62:8b:66:67:d2"
1791490315.456,"B,8976,10,78:8c:b5:f5:e7:26,0,0,30,1,0,A,78:8c:b5:f5:e7:26"
1791490315.456,"B,8976,10,72:3b:01:24:b7:c8,112,4,0,0,-18,S,5c:62:8b:66:67:d2"
1791490315.456,"B,8976,10,a6:4c:bd:b6:c7:99,30,1,0,0,-90,S,78:8c:b5:f5:e7:26"
1791490315.456,"B,9076,10,5c:62:8b:66:67:d2,0,0,1660,5,-52,A,5c:62:8b:66:67:d2"
1791490315.456,"B,9076,10,46:88:44:6e:4f:e4,1632,4,0,0,-43,S,5c:62:8b:66:67:d2"
1791490315.456,"B,9076,10,78:8c:b5:f5:e7:26,0,0,60,2,0,A,78:8c:b5:f5:e7:26"
1791490315.456,"B,9076,10,72:3b:01:24:b7:c8,28,1,0,0,-19,S,5c:62:8b:66:67:d2"
1791490315.456,"B,9076,10,a6:4c:bd:b6:c7:99,60,2,0,0,-90,S,78:8c:b5:f5:e7:26"
1791490315.661,"B,9176,10,5c:62:8b:66:67:d2,0,0,2353,5,-52,A,5c:62:8b:66:67:d2"
1791490315.661,"B,9176,10,46:88:44:6e:4f:e4,2353,5,0,0,-44,S,5c:62:8b:66:67:d2"
1791490315.661,"B,9176,10,80:af:ca:68:4c:f8,84,1,0,0,-88,A,80:af:ca:68:4c:f8"
1791490315.661,"B,9276,10,5c:62:8b:66:67:d2,0,0,2759,8,-54,A,5c:62:8b:66:67:d2"
1791490315.661,"B,9276,10,46:88:44:6e:4f:e4,2703,6,0,0,-46,S,5c:62:8b:66:67:d2"
1791490315.661,"B,9276,10,78:8c:b5:f5:e7:26,0,0,30,1,-81,A,78:8c:b5:f5:e7:26"
1791490315.661,"B,9276,10,72:3b:01:24:b7:c8,56,2,0,0,-17,S,5c:62:8b:66:67:d2"
1791490315.661,"B,9276,10,a6:4c:bd:b6:c7:99,30,1,0,0,-90,S,78:8c:b5:f5:e7:26"
1791490315.865,"B,9376,10,5c:62:8b:66:67:d2,0,0,3781,10,-53,A,5c:62:8b:66:67:d2"
1791490315.865,"B,9376,10,46:88:44:6e:4f:e4,3753,9,0,0,-47,S,5c:62:8b:66:67:d2"
1791490315.865,"B,9376,10,78:8c:b5:f5:e7:26,0,0,30,1,0,A,78:8c:b5:f5:e7:26"
1791490315.865,"B,9376,10,72:3b:01:24:b7:c8,28,1,0,0,-18,S,5c:62:8b:66:67:d2"
1791490315.865,"B,9376,10,a6:4c:bd:b6:c7:99,30,1,0,0,-90,S,78:8c:b5:f5:e7:26"
1791490315.865,"B,9476,10,5c:62:8b:66:67:d2,0,0,1078,4,-52,A,5c:62:8b:66:67:d2"
1791490315.865,"B,9476,10,46:88:44:6e:4f:e4,1078,4,0,0,-47,S,5c:62:8b:66:67:d2"
1791490316.066,"B,9576,10,5c:62:8b:66:67:d2,0,0,4530,12,-52,A,5c:62:8b:66:67:d2"
1791490316.066,"B,9576,10,46:88:44:6e:4f:e4,4446,9,0,0,-47,S,5c:62:8b:66:67:d2"
1791490316.066,"B,9576,10,78:8c:b5:f5:e7:26,0,0,30,1,-80,A,78:8c:b5:f5:e7:26"
1791490316.066,"B,9576,10,72:3b:01:24:b7:c8,84,3,0,0,-17,S,5c:62:8b:66:67:d2"
1791490316.066,"B,9576,10,a6:4c:bd:b6:c7:99,30,1,0,0,-89,S,78:8c:b5:f5:e7:26"
1791490316.066,"B,9676,10,5c:62:8b:66:67:d2,0,0,2122,10,-53,A,5c:62:8b:66:67:d2"
1791490316.066,"B,9676,10,46:88:44:6e:4f:e4,1982,5,0,0,-47,S,5c:62:8b:66:67:d2"
1791490316.066,"B,9676,10,72:3b:01:24:b7:c8,140,5,0,0,-17,S,5c:62:8b:66:67:d2"
1791490316.267,"B,9776,10,5c:62:8b:66:67:d2,0,0,2703,6,-52,A,5c:62:8b:66:67:d2"
1791490316.267,"B,9776,10,46:88:44:6e:4f:e4,2703,6,0,0,-47,S,5c:62:8b:66:67:d2"
1791490316.267,"B,9876,10,5c:62:8b:66:67:d2,0,0,3543,13,-53,A,5c:62:8b:66:67:d2"
1791490316.267,"B,9876,10,46:88:44:6e:4f:e4,3403,8,0,0,-46,S,5c:62:8b:66:67:d2"
1791490316.267,"B,9876,10,78:8c:b5:f5:e7:26,0,0,30,1,-79,A,78:8c:b5:f5:e7:26"
1791490316.267,"B,9876,10,72:3b:01:24:b7:c8,140,5,0,0,-18,S,5c:62:8b:66:67:d2"
1791490316.267,"B,9876,10,a6:4c:bd:b6:c7:99,30,1,0,0,-89,S,78:8c:b5:f5:e7:26"
1791490316.473,"B,9976,10,b2:db:ca:e6:29:a6,28,1,0,0,-23,S,5c:62:8b:66:67:d2"
1791490316.473,"B,9976,10,5c:62:8b:66:67:d2,0,0,4791,18,-52,A,5c:62:8b:66:67:d2"
1791490316.473,"B,9976,10,46:88:44:6e:4f:e4,4567,10,0,0,-46,S,5c:62:8b:66:67:d2"
1791490316.473,"B,9976,10,72:3b:01:24:b7:c8,196,7,0,0,-20,S,5c:62:8b:66:67:d2"
1791490316.473,"B,10076,10,b2:db:ca:e6:29:a6,56,2,0,0,-21,S,5c:62:8b:66:67:d2"
1791490316.473,"B,10076,10,5c:62:8b:66:67:d2,0,0,5427,11,-54,A,5c:62:8b:66:67:d2"
1791490316.473,"B,10076,10,46:88:44:6e:4f:e4,5371,9,0,0,-47,S,5c:62:8b:66:67:d2"
1791490316.473,"I,10079,stat,rx=1555,drops=0,ch=10,bin=100,hop=0,heap=203064"
1791490316.678,"B,10176,10,b2:db:ca:e6:29:a6,28,1,0,0,-21,S,5c:62:8b:66:67:d2"
1791490316.678,"B,10176,10,5c:62:8b:66:67:d2,0,0,1652,13,-52,A,5c:62:8b:66:67:d2"
1791490316.678,"B,10176,10,46:88:44:6e:4f:e4,1428,5,0,0,-47,S,5c:62:8b:66:67:d2"
1791490316.678,"B,10176,10,72:3b:01:24:b7:c8,196,7,0,0,-17,S,5c:62:8b:66:67:d2"
1791490316.678,"B,10276,10,b2:db:ca:e6:29:a6,56,2,0,0,-22,S,5c:62:8b:66:67:d2"
1791490316.678,"B,10276,10,5c:62:8b:66:67:d2,0,0,3487,11,-52,A,5c:62:8b:66:67:d2"
1791490316.678,"B,10276,10,46:88:44:6e:4f:e4,3375,7,0,0,-48,S,5c:62:8b:66:67:d2"
1791490316.678,"B,10276,10,72:3b:01:24:b7:c8,56,2,0,0,-17,S,5c:62:8b:66:67:d2"
1791490316.881,"B,10376,10,b2:db:ca:e6:29:a6,28,1,0,0,-23,S,5c:62:8b:66:67:d2"
1791490316.881,"B,10376,10,5c:62:8b:66:67:d2,0,0,3543,13,-54,A,5c:62:8b:66:67:d2"
1791490316.881,"B,10376,10,46:88:44:6e:4f:e4,3403,8,0,0,-47,S,5c:62:8b:66:67:d2"
1791490316.881,"B,10376,10,72:3b:01:24:b7:c8,112,4,0,0,-17,S,5c:62:8b:66:67:d2"
1791490316.881,"B,10476,10,b2:db:ca:e6:29:a6,28,1,0,0,-22,S,5c:62:8b:66:67:d2"
1791490316.881,"B,10476,10,5c:62:8b:66:67:d2,0,0,2927,14,-52,A,5c:62:8b:66:67:d2"
1791490316.881,"B,10476,10,46:88:44:6e:4f:e4,2703,6,0,0,-48,S,5c:62:8b:66:67:d2"
1791490316.881,"B,10476,10,72:3b:01:24:b7:c8,196,7,0,0,-17,S,5c:62:8b:66:67:d2"
1791490317.082,"B,10576,10,b2:db:ca:e6:29:a6,28,1,0,0,-23,S,5c:62:8b:66:67:d2"
1791490317.082,"B,10576,10,5c:62:8b:66:67:d2,0,0,784,5,-53,A,5c:62:8b:66:67:d2"
1791490317.082,"B,10576,10,46:88:44:6e:4f:e4,728,3,0,0,-47,S,5c:62:8b:66:67:d2"
1791490317.082,"B,10576,10,72:3b:01:24:b7:c8,28,1,0,0,-17,S,5c:62:8b:66:67:d2"
1791490317.082,"B,10676,10,b2:db:ca:e6:29:a6,84,3,0,0,-21,S,5c:62:8b:66:67:d2"
1791490317.082,"B,10676,10,5c:62:8b:66:67:d2,0,0,4762,12,-52,A,5c:62:8b:66:67:d2"
1791490317.082,"B,10676,10,46:88:44:6e:4f:e4,4678,9,0,0,-47,S,5c:62:8b:66:67:d2"
1791490317.282,"B,10776,10,b2:db:ca:e6:29:a6,28,1,0,0,-22,S,5c:62:8b:66:67:d2"
1791490317.282,"B,10776,10,5c:62:8b:66:67:d2,0,0,1190,8,-52,A,5c:62:8b:66:67:d2"
1791490317.282,"B,10776,10,46:88:44:6e:4f:e4,1078,4,0,0,-47,S,5c:62:8b:66:67:d2"
1791490317.282,"B,10776,10,78:8c:b5:f5:e7:26,0,0,30,1,-79,A,78:8c:b5:f5:e7:26"
1791490317.282,"B,10776,10,72:3b:01:24:b7:c8,84,3,0,0,-17,S,5c:62:8b:66:67:d2"
1791490317.282,"B,10776,10,a6:4c:bd:b6:c7:99,30,1,0,0,-91,S,78:8c:b5:f5:e7:26"
1791490317.282,"B,10876,10,b2:db:ca:e6:29:a6,28,1,0,0,-22,S,5c:62:8b:66:67:d2"
1791490317.282,"B,10876,10,5c:62:8b:66:67:d2,0,0,5981,11,-53,A,5c:62:8b:66:67:d2"
1791490317.282,"B,10876,10,46:88:44:6e:4f:e4,5925,9,0,0,-46,S,5c:62:8b:66:67:d2"
1791490317.282,"B,10876,10,72:3b:01:24:b7:c8,28,1,0,0,-17,S,5c:62:8b:66:67:d2"
1791490317.282,"B,10976,10,b2:db:ca:e6:29:a6,56,2,0,0,-21,S,5c:62:8b:66:67:d2"
1791490317.282,"B,10976,10,5c:62:8b:66:67:d2,0,0,3893,14,-52,A,5c:62:8b:66:67:d2"
1791490317.482,"B,10976,10,46:88:44:6e:4f:e4,3753,9,0,0,-46,S,5c:62:8b:66:67:d2"
1791490317.482,"B,10976,10,78:8c:b5:f5:e7:26,0,0,30,1,-79,A,78:8c:b5:f5:e7:26"
1791490317.482,"B,10976,10,72:3b:01:24:b7:c8,84,3,0,0,-17,S,5c:62:8b:66:67:d2"
1791490317.482,"B,10976,10,a6:4c:bd:b6:c7:99,30,1,0,0,-90,S,78:8c:b5:f5:e7:26"
1791490317.482,"B,11076,10,b2:db:ca:e6:29:a6,56,2,0,0,-22,S,5c:62:8b:66:67:d2"
1791490317.482,"B,11076,10,5c:62:8b:66:67:d2,0,0,4901,12,-52,A,5c:62:8b:66:67:d2"
1791490317.482,"B,11076,10,46:88:44:6e:4f:e4,4789,8,0,0,-46,S,5c:62:8b:66:67:d2"
1791490317.482,"B,11076,10,72:3b:01:24:b7:c8,56,2,0,0,-17,S,5c:62:8b:66:67:d2"
1791490317.482,"B,11176,10,b2:db:ca:e6:29:a6,56,2,0,0,-22,S,5c:62:8b:66:67:d2"
1791490317.482,"B,11176,10,5c:62:8b:66:67:d2,0,0,2871,12,-52,A,5c:62:8b:66:67:d2"
1791490317.482,"B,11176,10,46:88:44:6e:4f:e4,2703,6,0,0,-46,S,5c:62:8b:66:67:d2"
1791490317.482,"B,11176,10,72:3b:01:24:b7:c8,112,4,0,0,-18,S,5c:62:8b:66:67:d2"
1791490317.683,"B,11276,10,b2:db:ca:e6:29:a6,28,1,0,0,-23,S,5c:62:8b:66:67:d2"
1791490317.683,"B,11276,10,5c:62:8b:66:67:d2,0,0,2759,8,-53,A,5c:62:8b:66:67:d2"
1791490317.683,"B,11276,10,46:88:44:6e:4f:e4,2703,6,0,0,-46,S,5c:62:8b:66:67:d2"
1791490317.683,"B,11276,10,72:3b:01:24:b7:c8,28,1,0,0,-18,S,5c:62:8b:66:67:d2"
1791490317.683,"B,11376,10,5c:62:8b:66:67:d2,0,0,1218,9,-54,A,5c:62:8b:66:67:d2"
1791490317.683,"B,11376,10,46:88:44:6e:4f:e4,1050,3,0,0,-46,S,5c:62:8b:66:67:d2"
1791490317.683,"B,11376,10,72:3b:01:24:b7:c8,168,6,0,0,-17,S,5c:62:8b:66:67:d2"
1791490317.884,"B,11476,10,5c:62:8b:66:67:d2,0,0,3487,11,-52,A,5c:62:8b:66:67:d2"
1791490317.884,"B,11476,10,46:88:44:6e:4f:e4,3403,8,0,0,-44,S,5c:62:8b:66:67:d2"
1791490317.884,"B,11476,10,72:3b:01:24:b7:c8,84,3,0,0,-18,S,5c:62:8b:66:67:d2"
1791490317.884,"B,11576,10,5c:62:8b:66:67:d2,0,0,2787,9,-52,A,5c:62:8b:66:67:d2"
1791490317.884,"B,11576,10,46:88:44:6e:4f:e4,2703,6,0,0,-44,S,5c:62:8b:66:67:d2"
1791490317.884,"B,11576,10,72:3b:01:24:b7:c8,84,3,0,0,-17,S,5c:62:8b:66:67:d2"
1791490318.084,"B,11676,10,5c:62:8b:66:67:d2,0,0,4208,12,0,A,5c:62:8b:66:67:d2"
1791490318.084,"B,11676,10,46:88:44:6e:4f:e4,4096,8,0,0,-44,S,5c:62:8b:66:67:d2"
1791490318.084,"B,11676,10,72:3b:01:24:b7:c8,112,4,0,0,-17,S,5c:62:8b:66:67:d2"
1791490318.084,"B,11776,10,5c:62:8b:66:67:d2,0,0,3431,9,-52,A,5c:62:8b:66:67:d2"
1791490318.084,"B,11776,10,46:88:44:6e:4f:e4,3403,8,0,0,-45,S,5c:62:8b:66:67:d2"
1791490318.084,"B,11776,10,78:8c:b5:f5:e7:26,0,0,30,1,-79,A,78:8c:b5:f5:e7:26"
1791490318.084,"B,11776,10,72:3b:01:24:b7:c8,28,1,0,0,-17,S,5c:62:8b:66:67:d2"
1791490318.285,"B,11776,10,a6:4c:bd:b6:c7:99,30,1,0,0,-92,S,78:8c:b5:f5:e7:26"
1791490318.285,"B,11876,10,5c:62:8b:66:67:d2,0,0,3515,12,-52,A,5c:62:8b:66:67:d2"
1791490318.285,"B,11876,10,46:88:44:6e:4f:e4,3403,8,0,0,-46,S,5c:62:8b:66:67:d2"
1791490318.285,"B,11876,10,72:3b:01:24:b7:c8,112,4,0,0,-17,S,5c:62:8b:66:67:d2"
1791490318.285,"B,11976,10,b2:db:ca:e6:29:a6,28,1,0,0,-22,S,5c:62:8b:66:67:d2"
1791490318.285,"B,11976,10,5c:62:8b:66:67:d2,0,0,1890,10,-52,A,5c:62:8b:66:67:d2"
1791490318.285,"B,11976,10,46:88:44:6e:4f:e4,1778,6,0,0,-48,S,5c:62:8b:66:67:d2"
1791490318.285,"B,11976,10,72:3b:01:24:b7:c8,84,3,0,0,-17,S,5c:62:8b:66:67:d2"
1791490318.486,"B,12076,10,b2:db:ca:e6:29:a6,56,2,0,0,-21,S,5c:62:8b:66:67:d2"
1791490318.486,"B,12076,10,5c:62:8b:66:67:d2,0,0,2787,9,-52,A,5c:62:8b:66:67:d2"
1791490318.486,"B,12076,10,46:88:44:6e:4f:e4,2675,5,0,0,-50,S,5c:62:8b:66:67:d2"
1791490318.486,"B,12076,10,72:3b:01:24:b7:c8,56,2,0,0,-17,S,5c:62:8b:66:67:d2"
1791490318.486,"B,12176,10,b2:db:ca:e6:29:a6,84,3,0,0,-22,S,5c:62:8b:66:67:d2"
1791490318.486,"B,12176,10,5c:62:8b:66:67:d2,0,0,3388,14,-54,A,5c:62:8b:66:67:d2"
1791490318.486,"B,12176,10,46:88:44:6e:4f:e4,3192,7,0,0,-50,S,5c:62:8b:66:67:d2"
1791490318.486,"B,12176,10,72:3b:01:24:b7:c8,112,4,0,0,-17,S,5c:62:8b:66:67:d2"
1791490318.686,"B,12276,10,b2:db:ca:e6:29:a6,56,2,0,0,-21,S,5c:62:8b:66:67:d2"
1791490318.686,"B,12276,10,5c:62:8b:66:67:d2,0,0,3536,11,-53,A,5c:62:8b:66:67:d2"
1791490318.686,"B,12276,10,46:88:44:6e:4f:e4,3396,6,0,0,-52,S,5c:62:8b:66:67:d2"
1791490318.686,"B,12276,10,78:8c:b5:f5:e7:26,0,0,30,1,-78,A,78:8c:b5:f5:e7:26"
1791490318.686,"B,12276,10,72:3b:01:24:b7:c8,84,3,0,0,-17,S,5c:62:8b:66:67:d2"
1791490318.686,"B,12276,10,a6:4c:bd:b6:c7:99,30,1,0,0,-90,S,78:8c:b5:f5:e7:26"
1791490318.686,"B,12376,10,b2:db:ca:e6:29:a6,56,2,0,0,-21,S,5c:62:8b:66:67:d2"
1791490318.686,"B,12376,10,5c:62:8b:66:67:d2,0,0,4348,17,-53,A,5c:62:8b:66:67:d2"
1791490318.686,"B,12376,10,46:88:44:6e:4f:e4,4096,8,0,0,-53,S,5c:62:8b:66:67:d2"
1791490318.686,"B,12376,10,72:3b:01:24:b7:c8,196,7,0,0,-17,S,5c:62:8b:66:67:d2"
1791490318.888,"B,12476,10,b2:db:ca:e6:29:a6,56,2,0,0,-22,S,5c:62:8b:66:67:d2"
1791490318.888,"B,12476,10,5c:62:8b:66:67:d2,0,0,2556,14,-54,A,5c:62:8b:66:67:d2"
1791490318.888,"B,12476,10,46:88:44:6e:4f:e4,2360,7,0,0,-57,S,5c:62:8b:66:67:d2"
1791490318.888,"B,12476,10,72:3b:01:24:b7:c8,140,5,0,0,-17,S,5c:62:8b:66:67:d2"
1791490318.888,"B,12576,10,b2:db:ca:e6:29:a6,56,2,0,0,-22,S,5c:62:8b:66:67:d2"
1791490318.888,"B,12576,10,5c:62:8b:66:67:d2,0,0,1190,8,-53,A,5c:62:8b:66:67:d2"
1791490318.888,"B,12576,10,46:88:44:6e:4f:e4,1078,4,0,0,-56,S,5c:62:8b:66:67:d2"
1791490318.888,"B,12576,10,72:3b:01:24:b7:c8,56,2,0,0,-17,S,5c:62:8b:66:67:d2"
1791490319.089,"B,12676,10,5c:62:8b:66:67:d2,0,0,3475,15,-53,A,5c:62:8b:66:67:d2"
1791490319.089,"B,12676,10,46:88:44:6e:4f:e4,3307,9,0,0,-54,S,5c:62:8b:66:67:d2"
1791490319.089,"B,12676,10,78:8c:b5:f5:e7:26,0,0,30,1,-79,A,78:8c:b5:f5:e7:26"
1791490319.089,"B,12676,10,72:3b:01:24:b7:c8,168,6,0,0,-17,S,5c:62:8b:66:67:d2"
1791490319.089,"B,12676,10,a6:4c:bd:b6:c7:99,30,1,0,0,-93,S,78:8c:b5:f5:e7:26"
1791490319.089,"B,12776,10,5c:62:8b:66:67:d2,0,0,2731,7,-53,A,5c:62:8b:66:67:d2"
1791490319.089,"B,12776,10,46:88:44:6e:4f:e4,2703,6,0,0,-52,S,5c:62:8b:66:67:d2"
1791490319.089,"B,12776,10,78:8c:b5:f5:e7:26,0,0,30,1,0,A,78:8c:b5:f5:e7:26"
1791490319.089,"B,12776,10,72:3b:01:24:b7:c8,28,1,0,0,-18,S,5c:62:8b:66:67:d2"
1791490319.089,"B,12776,10,a6:4c:bd:b6:c7:99,30,1,0,0,-91,S,78:8c:b5:f5:e7:26"
1791490319.290,"B,12876,10,5c:62:8b:66:67:d2,0,0,2787,9,-52,A,5c:62:8b:66:67:d2"
1791490319.290,"B,12876,10,46:88:44:6e:4f:e4,2703,6,0,0,-52,S,5c:62:8b:66:67:d2"
1791490319.290,"B,12876,10,72:3b:01:24:b7:c8,84,3,0,0,-18,S,5c:62:8b:66:67:d2"
1791490319.290,"B,12976,10,5c:62:8b:66:67:d2,0,0,6294,14,-53,A,5c:62:8b:66:67:d2"
1791490319.290,"B,12976,10,46:88:44:6e:4f:e4,6182,10,0,0,-50,S,5c:62:8b:66:67:d2"
1791490319.290,"B,12976,10,78:8c:b5:f5:e7:26,0,0,60,2,-78,A,78:8c:b5:f5:e7:26"
1791490319.290,"B,12976,10,72:3b:01:24:b7:c8,112,4,0,0,-18,S,5c:62:8b:66:67:d2"
1791490319.290,"B,12976,10,a6:4c:bd:b6:c7:99,60,2,0,0,-90,S,78:8c:b5:f5:e7:26"
1791490319.491,"B,13076,10,5c:62:8b:66:67:d2,0,0,3746,7,-53,A,5c:62:8b:66:67:d2"
1791490319.491,"B,13076,10,46:88:44:6e:4f:e4,3746,7,0,0,-50,S,5c:62:8b:66:67:d2"
1791490319.491,"B,13176,10,5c:62:8b:66:67:d2,0,0,1134,6,-55,A,5c:62:8b:66:67:d2"
1791490319.491,"B,13176,10,46:88:44:6e:4f:e4,1050,3,0,0,-51,S,5c:62:8b:66:67:d2"
1791490319.491,"B,13176,10,72:3b:01:24:b7:c8,84,3,0,0,-17,S,5c:62:8b:66:67:d2"
1791490319.692,"B,13276,10,b2:db:ca:e6:29:a6,28,1,0,0,-22,S,5c:62:8b:66:67:d2"
1791490319.692,"B,13276,10,5c:62:8b:66:67:d2,0,0,3109,9,-53,A,5c:62:8b:66:67:d2"
1791490319.692,"B,13276,10,46:88:44:6e:4f:e4,3053,7,0,0,-51,S,5c:62:8b:66:67:d2"
1791490319.692,"B,13276,10,72:3b:01:24:b7:c8,28,1,0,0,-18,S,5c:62:8b:66:67:d2"
1791490319.692,"B,13376,10,b2:db:ca:e6:29:a6,56,2,0,0,-21,S,5c:62:8b:66:67:d2"
1791490319.692,"B,13376,10,5c:62:8b:66:67:d2,0,0,2066,8,-54,A,5c:62:8b:66:67:d2"
1791490319.692,"B,13376,10,46:88:44:6e:4f:e4,2010,6,0,0,-51,S,5c:62:8b:66:67:d2"
1791490319.692,"B,13376,10,78:8c:b5:f5:e7:26,0,0,30,1,-78,A,78:8c:b5:f5:e7:26"
1791490319.692,"B,13376,10,a6:4c:bd:b6:c7:99,30,1,0,0,-91,S,78:8c:b5:f5:e7:26"
1791490319.895,"B,13476,10,b2:db:ca:e6:29:a6,56,2,0,0,-22,S,5c:62:8b:66:67:d2"
1791490319.895,"B,13476,10,5c:62:8b:66:67:d2,0,0,3837,12,-53,A,5c:62:8b:66:67:d2"
1791490319.895,"B,13476,10,46:88:44:6e:4f:e4,3753,9,0,0,-50,S,5c:62:8b:66:67:d2"
1791490319.895,"B,13476,10,78:8c:b5:f5:e7:26,0,0,60,2,-78,A,78:8c:b5:f5:e7:26"
1791490319.895,"B,13476,10,72:3b:01:24:b7:c8,28,1,0,0,-18,S,5c:62:8b:66:67:d2"
1791490319.895,"B,13476,10,a6:4c:bd:b6:c7:99,60,2,0,0,-91,S,78:8c:b5:f5:e7:26"
1791490319.895,"B,13576,10,b2:db:ca:e6:29:a6,56,2,0,0,-21,S,5c:62:8b:66:67:d2"
1791490319.895,"B,13576,10,5c:62:8b:66:67:d2,0,0,6065,14,-53,A,5c:62:8b:66:67:d2"
1791490319.895,"B,13576,10,46:88:44:6e:4f:e4,5953,10,0,0,-49,S,5c:62:8b:66:67:d2"
1791490319.895,"B,13576,10,72:3b:01:24:b7:c8,56,2,0,0,-17,S,5c:62:8b:66:67:d2"
1791490320.098,"B,13676,10,5c:62:8b:66:67:d2,0,0,6653,12,-53,A,5c:62:8b:66:67:d2"
1791490320.098,"B,13676,10,46:88:44:6e:4f:e4,6653,12,0,0,-49,S,5c:62:8b:66:67:d2"
1791490320.098,"B,13776,10,b2:db:ca:e6:29:a6,28,1,0,0,-23,S,5c:62:8b:66:67:d2"
1791490320.098,"B,13776,10,5c:62:8b:66:67:d2,0,0,2408,17,-53,A,5c:62:8b:66:67:d2"
1791490320.098,"B,13776,10,46:88:44:6e:4f:e4,2100,6,0,0,-49,S,5c:62:8b:66:67:d2"
1791490320.098,"B,13776,10,72:3b:01:24:b7:c8,280,10,0,0,-17,S,5c:62:8b:66:67:d2"
1791490320.098,"B,13776,10,80:af:ca:68:4c:f8,549,1,0,0,-86,A,80:af:ca:68:4c:f8"
1791490320.303,"B,13876,10,5c:62:8b:66:67:d2,0,0,3403,8,-53,A,5c:62:8b:66:67:d2"
1791490320.303,"B,13876,10,46:88:44:6e:4f:e4,3403,8,0,0,-49,S,5c:62:8b:66:67:d2"
1791490320.303,"B,13876,10,78:8c:b5:f5:e7:26,0,0,30,1,-79,A,78:8c:b5:f5:e7:26"
1791490320.303,"B,13876,10,80:af:ca:68:4c:f8,104,1,0,0,-86,A,80:af:ca:68:4c:f8"
1791490320.303,"B,13876,10,a6:4c:bd:b6:c7:99,30,1,0,0,-89,S,78:8c:b5:f5:e7:26"
1791490320.303,"B,13976,10,5c:62:8b:66:67:d2,0,0,6855,16,-52,A,5c:62:8b:66:67:d2"
1791490320.303,"B,13976,10,46:88:44:6e:4f:e4,6855,16,0,0,-49,S,5c:62:8b:66:67:d2"
1791490320.507,"B,14076,10,5c:62:8b:66:67:d2,0,0,2843,11,-52,A,5c:62:8b:66:67:d2"
1791490320.507,"B,14076,10,46:88:44:6e:4f:e4,2703,6,0,0,-47,S,5c:62:8b:66:67:d2"
1791490320.507,"B,14076,10,78:8c:b5:f5:e7:26,0,0,30,1,-79,A,78:8c:b5:f5:e7:26"
1791490320.507,"B,14076,10,72:3b:01:24:b7:c8,140,5,0,0,-17,S,5c:62:8b:66:67:d2"
1791490320.507,"B,14076,10,a6:4c:bd:b6:c7:99,30,1,0,0,-91,S,78:8c:b5:f5:e7:26"
1791490320.507,"B,14176,10,5c:62:8b:66:67:d2,0,0,3109,9,-53,A,5c:62:8b:66:67:d2"
1791490320.507,"B,14176,10,46:88:44:6e:4f:e4,3053,7,0,0,-47,S,5c:62:8b:66:67:d2"
1791490320.507,"B,14176,10,72:3b:01:24:b7:c8,56,2,0,0,-17,S,5c:62:8b:66:67:d2"
1791490320.708,"B,14276,10,5c:62:8b:66:67:d2,0,0,3746,7,-52,A,5c:62:8b:66:67:d2"
1791490320.708,"B,14276,10,46:88:44:6e:4f:e4,3746,7,0,0,-47,S,5c:62:8b:66:67:d2"
1791490320.708,"B,14376,10,5c:62:8b:66:67:d2,0,0,1848,20,-51,A,5c:62:8b:66:67:d2"
1791490320.708,"B,14376,10,46:88:44:6e:4f:e4,1428,5,0,0,-48,S,5c:62:8b:66:67:d2"
1791490320.708,"B,14376,10,72:3b:01:24:b7:c8,420,15,0,0,-17,S,5c:62:8b:66:67:d2"
1791490320.913,"B,14476,10,5c:62:8b:66:67:d2,0,0,4446,9,-52,A,5c:62:8b:66:67:d2"
1791490320.913,"B,14476,10,46:88:44:6e:4f:e4,4418,8,0,0,-48,S,5c:62:8b:66:67:d2"
1791490320.913,"B,14476,10,78:8c:b5:f5:e7:26,0,0,30,1,-78,A,78:8c:b5:f5:e7:26"
1791490320.913,"B,14476,10,72:3b:01:24:b7:c8,28,1,0,0,-17,S,5c:62:8b:66:67:d2"
1791490320.913,"B,14476,10,a6:4c:bd:b6:c7:99,30,1,0,0,-91,S,78:8c:b5:f5:e7:26"
1791490320.913,"B,14576,10,5c:62:8b:66:67:d2,0,0,2703,6,-52,A,5c:62:8b:66:67:d2"
1791490320.913,"B,14576,10,46:88:44:6e:4f:e4,2703,6,0,0,-48,S,5c:62:8b:66:67:d2"
1791490321.113,"B,14676,10,5c:62:8b:66:67:d2,0,0,3481,14,-52,A,5c:62:8b:66:67:d2"
1791490321.113,"B,14676,10,46:88:44:6e:4f:e4,3285,7,0,0,-49,S,5c:62:8b:66:67:d2"
1791490321.113,"B,14676,10,78:8c:b5:f5:e7:26,0,0,60,2,-78,A,78:8c:b5:f5:e7:26"
1791490321.113,"B,14676,10,72:3b:01:24:b7:c8,196,7,0,0,-17,S,5c:62:8b:66:67:d2"
1791490321.113,"B,14676,10,a6:4c:bd:b6:c7:99,60,2,0,0,-90,S,78:8c:b5:f5:e7:26"
1791490321.113,"B,14776,10,5c:62:8b:66:67:d2,0,0,2731,7,-52,A,5c:62:8b:66:67:d2"
1791490321.113,"B,14776,10,46:88:44:6e:4f:e4,2703,6,0,0,-48,S,5c:62:8b:66:67:d2"
1791490321.113,"B,14776,10,72:3b:01:24:b7:c8,28,1,0,0,-17,S,5c:62:8b:66:67:d2"
1791490321.318,"B,14876,10,5c:62:8b:66:67:d2,0,0,3053,7,-53,A,5c:62:8b:66:67:d2"
1791490321.318,"B,14876,10,46:88:44:6e:4f:e4,3053,7,0,0,-49,S,5c:62:8b:66:67:d2"
1791490321.318,"B,14876,10,78:8c:b5:f5:e7:26,0,0,30,1,-80,A,78:8c:b5:f5:e7:26"
1791490321.318,"B,14876,10,a6:4c:bd:b6:c7:99,30,1,0,0,-92,S,78:8c:b5:f5:e7:26"
1791490321.318,"B,14976,10,b2:db:ca:e6:29:a6,56,2,0,0,-21,S,5c:62:8b:66:67:d2"
1791490321.318,"B,14976,10,5c:62:8b:66:67:d2,0,0,2212,10,-52,A,5c:62:8b:66:67:d2"
1791490321.318,"B,14976,10,46:88:44:6e:4f:e4,2128,7,0,0,-50,S,5c:62:8b:66:67:d2"
1791490321.318,"B,14976,10,72:3b:01:24:b7:c8,28,1,0,0,-18,S,5c:62:8b:66:67:d2"
1791490321.521,"B,15076,10,b2:db:ca:e6:29:a6,28,1,0,0,-21,S,5c:62:8b:66:67:d2"
1791490321.521,"B,15076,10,5c:62:8b:66:67:d2,0,0,2899,13,-51,A,5c:62:8b:66:67:d2"
1791490321.521,"B,15076,10,46:88:44:6e:4f:e4,2675,5,0,0,-50,S,5c:62:8b:66:67:d2"
1791490321.521,"B,15076,10,72:3b:01:24:b7:c8,196,7,0,0,-17,S,5c:62:8b:66:67:d2"
1791490321.521,"I,15079,stat,rx=2298,drops=0,ch=10,bin=100,hop=0,heap=203064"
1791490321.521,"B,15176,10,b2:db:ca:e6:29:a6,56,2,0,0,-21,S,5c:62:8b:66:67:d2"
1791490321.521,"B,15176,10,5c:62:8b:66:67:d2,0,0,3453,13,-51,A,5c:62:8b:66:67:d2"
1791490321.521,"B,15176,10,46:88:44:6e:4f:e4,3285,7,0,0,-51,S,5c:62:8b:66:67:d2"
1791490321.521,"B,15176,10,72:3b:01:24:b7:c8,112,4,0,0,-17,S,5c:62:8b:66:67:d2"
1791490321.722,"B,15276,10,b2:db:ca:e6:29:a6,56,2,0,0,-21,S,5c:62:8b:66:67:d2"
1791490321.722,"B,15276,10,5c:62:8b:66:67:d2,0,0,2843,11,-51,A,5c:62:8b:66:67:d2"
1791490321.722,"B,15276,10,46:88:44:6e:4f:e4,2703,6,0,0,-52,S,5c:62:8b:66:67:d2"
1791490321.722,"B,15276,10,72:3b:01:24:b7:c8,84,3,0,0,-17,S,5c:62:8b:66:67:d2"
1791490321.722,"B,15376,10,b2:db:ca:e6:29:a6,28,1,0,0,-21,S,5c:62:8b:66:67:d2"
1791490321.722,"B,15376,10,5c:62:8b:66:67:d2,0,0,2759,8,-51,A,5c:62:8b:66:67:d2"
1791490321.722,"B,15376,10,46:88:44:6e:4f:e4,2703,6,0,0,-51,S,5c:62:8b:66:67:d2"
1791490321.722,"B,15376,10,78:8c:b5:f5:e7:26,0,0,30,1,-79,A,78:8c:b5:f5:e7:26"
1791490321.722,"B,15376,10,72:3b:01:24:b7:c8,28,1,0,0,-18,S,5c:62:8b:66:67:d2"
1791490321.722,"B,15376,10,a6:4c:bd:b6:c7:99,30,1,0,0,-89,S,78:8c:b5:f5:e7:26"
1791490321.927,"B,15476,10,b2:db:ca:e6:29:a6,28,1,0,0,-21,S,5c:62:8b:66:67:d2"
1791490321.927,"B,15476,10,5c:62:8b:66:67:d2,0,0,2843,11,-51,A,5c:62:8b:66:67:d2"
1791490321.927,"B,15476,10,46:88:44:6e:4f:e4,2703,6,0,0,-51,S,5c:62:8b:66:67:d2"
1791490321.927,"B,15476,10,72:3b:01:24:b7:c8,112,4,0,0,-17,S,5c:62:8b:66:67:d2"
1791490321.927,"B,15576,10,5c:62:8b:66:67:d2,0,0,1484,7,-51,A,5c:62:8b:66:67:d2"
1791490321.927,"B,15576,10,46:88:44:6e:4f:e4,1400,4,0,0,-52,S,5c:62:8b:66:67:d2"
1791490321.927,"B,15576,10,78:8c:b5:f5:e7:26,0,0,30,1,-78,A,78:8c:b5:f5:e7:26"
1791490321.927,"B,15576,10,72:3b:01:24:b7:c8,84,3,0,0,-18,S,5c:62:8b:66:67:d2"
1791490321.927,"B,15576,10,a6:4c:bd:b6:c7:99,30,1,0,0,-90,S,78:8c:b5:f5:e7:26"
1791490322.132,"B,15676,10,5c:62:8b:66:67:d2,0,0,3081,8,-51,A,5c:62:8b:66:67:d2"
1791490322.132,"B,15676,10,46:88:44:6e:4f:e4,3053,7,0,0,-51,S,5c:62:8b:66:67:d2"
1791490322.132,"B,15676,10,72:3b:01:24:b7:c8,28,1,0,0,-18,S,5c:62:8b:66:67:d2"
1791490322.132,"B,15776,10,5c:62:8b:66:67:d2,0,0,2583,10,-51,A,5c:62:8b:66:67:d2"
1791490322.132,"B,15776,10,46:88:44:6e:4f:e4,2471,6,0,0,-52,S,5c:62:8b:66:67:d2"
1791490322.132,"B,15776,10,72:3b:01:24:b7:c8,112,4,0,0,-18,S,5c:62:8b:66:67:d2"
1791490322.336,"B,15876,10,5c:62:8b:66:67:d2,0,0,2437,8,-51,A,5c:62:8b:66:67:d2"
1791490322.336,"B,15876,10,46:88:44:6e:4f:e4,2353,5,0,0,-53,S,5c:62:8b:66:67:d2"
1791490322.336,"B,15876,10,72:3b:01:24:b7:c8,84,3,0,0,-17,S,5c:62:8b:66:67:d2"
1791490322.336,"B,15976,10,5c:62:8b:66:67:d2,0,0,2787,9,0,A,5c:62:8b:66:67:d2"
1791490322.336,"B,15976,10,46:88:44:6e:4f:e4,2703,6,0,0,-52,S,5c:62:8b:66:67:d2"
1791490322.336,"B,15976,10,72:3b:01:24:b7:c8,84,3,0,0,-17,S,5c:62:8b:66:67:d2"
1791490322.541,"B,16076,10,b2:db:ca:e6:29:a6,84,3,0,0,-22,S,5c:62:8b:66:67:d2"
1791490322.541,"B,16076,10,5c:62:8b:66:67:d2,0,0,1540,9,-52,A,5c:62:8b:66:67:d2"
1791490322.541,"B,16076,10,46:88:44:6e:4f:e4,1428,5,0,0,-52,S,5c:62:8b:66:67:d2"
1791490322.541,"B,16076,10,72:3b:01:24:b7:c8,28,1,0,0,-18,S,5c:62:8b:66:67:d2"
1791490322.541,"B,16176,10,b2:db:ca:e6:29:a6,28,1,0,0,-23,S,5c:62:8b:66:67:d2"
1791490322.541,"B,16176,10,5c:62:8b:66:67:d2,0,0,3459,10,-51,A,5c:62:8b:66:67:d2"
1791490322.541,"B,16176,10,46:88:44:6e:4f:e4,3375,7,0,0,-52,S,5c:62:8b:66:67:d2"
1791490322.541,"B,16176,10,78:8c:b5:f5:e7:26,0,0,30,1,-78,A,78:8c:b5:f5:e7:26"
1791490322.541,"B,16176,10,72:3b:01:24:b7:c8,56,2,0,0,-18,S,5c:62:8b:66:67:d2"
1791490322.541,"B,16176,10,a6:4c:bd:b6:c7:99,30,1,0,0,-90,S,78:8c:b5:f5:e7:26"
1791490322.745,"B,16276,10,b2:db:ca:e6:29:a6,56,2,0,0,-21,S,5c:62:8b:66:67:d2"
1791490322.745,"B,16276,10,5c:62:8b:66:67:d2,0,0,2843,11,-52,A,5c:62:8b:66:67:d2"
1791490322.745,"B,16276,10,46:88:44:6e:4f:e4,2703,6,0,0,-52,S,5c:62:8b:66:67:d2"
1791490322.745,"B,16276,10,78:8c:b5:f5:e7:26,0,0,30,1,-78,A,78:8c:b5:f5:e7:26"
1791490322.745,"B,16276,10,72:3b:01:24:b7:c8,84,3,0,0,-17,S,5c:62:8b:66:67:d2"
1791490322.745,"B,16276,10,a6:4c:bd:b6:c7:99,30,1,0,0,-91,S,78:8c:b5:f5:e7:26"
1791490322.745,"B,16376,10,b2:db:ca:e6:29:a6,56,2,0,0,-21,S,5c:62:8b:66:67:d2"
1791490322.745,"B,16376,10,5c:62:8b:66:67:d2,0,0,6233,20,-51,A,5c:62:8b:66:67:d2"
1791490322.745,"B,16376,10,46:88:44:6e:4f:e4,5953,10,0,0,-52,S,5c:62:8b:66:67:d2"
1791490322.745,"B,16376,10,78:8c:b5:f5:e7:26,0,0,30,1,-77,A,78:8c:b5:f5:e7:26"
1791490322.745,"B,16376,10,72:3b:01:24:b7:c8,224,8,0,0,-17,S,5c:62:8b:66:67:d2"
1791490322.745,"B,16376,10,a6:4c:bd:b6:c7:99,30,1,0,0,-91,S,78:8c:b5:f5:e7:26"
1791490322.950,"B,16476,10,b2:db:ca:e6:29:a6,84,3,0,0,-22,S,5c:62:8b:66:67:d2"
1791490322.950,"B,16476,10,5c:62:8b:66:67:d2,0,0,3221,13,-52,A,5c:62:8b:66:67:d2"
1791490322.950,"B,16476,10,46:88:44:6e:4f:e4,3053,7,0,0,-52,S,5c:62:8b:66:67:d2"
1791490322.950,"B,16476,10,72:3b:01:24:b7:c8,84,3,0,0,-17,S,5c:62:8b:66:67:d2"
1791490322.950,"B,16576,10,b2:db:ca:e6:29:a6,28,1,0,0,-21,S,5c:62:8b:66:67:d2"
1791490322.950,"B,16576,10,5c:62:8b:66:67:d2,0,0,4181,16,-51,A,5c:62:8b:66:67:d2"
1791490322.950,"B,16576,10,46:88:44:6e:4f:e4,3985,9,0,0,-53,S,5c:62:8b:66:67:d2"
1791490322.950,"B,16576,10,72:3b:01:24:b7:c8,168,6,0,0,-18,S,5c:62:8b:66:67:d2"
1791490323.156,"B,16676,10,b2:db:ca:e6:29:a6,56,2,0,0,-22,S,5c:62:8b:66:67:d2"
1791490323.156,"B,16676,10,5c:62:8b:66:67:d2,0,0,2759,8,-51,A,5c:62:8b:66:67:d2"
1791490323.156,"B,16676,10,46:88:44:6e:4f:e4,2703,6,0,0,-51,S,5c:62:8b:66:67:d2"
1791490323.156,"B,16676,10,78:8c:b5:f5:e7:26,0,0,30,1,-78,A,78:8c:b5:f5:e7:26"
1791490323.156,"B,16676,10,a6:4c:bd:b6:c7:99,30,1,0,0,-88,S,78:8c:b5:f5:e7:26"
1791490323.156,"B,16776,10,b2:db:ca:e6:29:a6,56,2,0,0,-23,S,5c:62:8b:66:67:d2"
1791490323.156,"B,16776,10,5c:62:8b:66:67:d2,0,0,1218,9,-52,A,5c:62:8b:66:67:d2"
1791490323.156,"B,16776,10,46:88:44:6e:4f:e4,1078,4,0,0,-55,S,5c:62:8b:66:67:d2"
1791490323.156,"B,16776,10,72:3b:01:24:b7:c8,84,3,0,0,-17,S,5c:62:8b:66:67:d2"
1791490323.357,"B,16876,10,b2:db:ca:e6:29:a6,56,2,0,0,-21,S,5c:62:8b:66:67:d2"
1791490323.357,"B,16876,10,5c:62:8b:66:67:d2,0,0,1884,13,-51,A,5c:62:8b:66:67:d2"
1791490323.357,"B,16876,10,46:88:44:6e:4f:e4,1632,4,0,0,-59,S,5c:62:8b:66:67:d2"
1791490323.357,"B,16876,10,72:3b:01:24:b7:c8,196,7,0,0,-17,S,5c:62:8b:66:67:d2"
1791490323.357,"B,16976,10,b2:db:ca:e6:29:a6,28,1,0,0,-22,S,5c:62:8b:66:67:d2"
1791490323.357,"B,16976,10,5c:62:8b:66:67:d2,0,0,2731,7,-51,A,5c:62:8b:66:67:d2"
1791490323.357,"B,16976,10,46:88:44:6e:4f:e4,2703,6,0,0,-58,S,5c:62:8b:66:67:d2"
1791490323.357,"B,16976,10,78:8c:b5:f5:e7:26,141,1,0,0,-80,A,78:8c:b5:f5:e7:26"
1791490323.561,"B,17076,10,b2:db:ca:e6:29:a6,84,3,0,0,-22,S,5c:62:8b:66:67:d2"
1791490323.561,"B,17076,10,5c:62:8b:66:67:d2,0,0,3865,13,-53,A,5c:62:8b:66:67:d2"
1791490323.561,"B,17076,10,46:88:44:6e:4f:e4,3753,9,0,0,-59,S,5c:62:8b:66:67:d2"
1791490323.561,"B,17076,10,72:3b:01:24:b7:c8,28,1,0,0,-18,S,5c:62:8b:66:67:d2"
1791490323.561,"B,17176,10,b2:db:ca:e6:29:a6,28,1,0,0,-21,S,5c:62:8b:66:67:d2"
1791490323.561,"B,17176,10,5c:62:8b:66:67:d2,0,0,546,8,-52,A,5c:62:8b:66:67:d2"
1791490323.561,"B,17176,10,46:88:44:6e:4f:e4,378,2,0,0,-64,S,5c:62:8b:66:67:d2"
1791490323.561,"B,17176,10,72:3b:01:24:b7:c8,140,5,0,0,-17,S,5c:62:8b:66:67:d2"
1791490323.766,"B,17276,10,5c:62:8b:66:67:d2,0,0,1071,2,-51,A,5c:62:8b:66:67:d2"
1791490323.766,"B,17276,10,46:88:44:6e:4f:e4,1071,2,0,0,-59,S,5c:62:8b:66:67:d2"
1791490323.766,"B,17376,10,5c:62:8b:66:67:d2,0,0,1036,14,-51,A,5c:62:8b:66:67:d2"
1791490323.766,"B,17376,10,46:88:44:6e:4f:e4,728,3,0,0,-57,S,5c:62:8b:66:67:d2"
1791490323.766,"B,17376,10,72:3b:01:24:b7:c8,308,11,0,0,-17,S,5c:62:8b:66:67:d2"
1791490323.972,"B,17476,10,5c:62:8b:66:67:d2,0,0,3025,6,-51,A,5c:62:8b:66:67:d2"
1791490323.972,"B,17476,10,46:88:44:6e:4f:e4,3025,6,0,0,-54,S,5c:62:8b:66:67:d2"
1791490323.972,"B,17576,10,b2:db:ca:e6:29:a6,28,1,0,0,-21,S,5c:62:8b:66:67:d2"
1791490323.972,"B,17576,10,5c:62:8b:66:67:d2,0,0,2787,9,-51,A,5c:62:8b:66:67:d2"
1791490323.972,"B,17576,10,46:88:44:6e:4f:e4,2703,6,0,0,-51,S,5c:62:8b:66:67:d2"
1791490323.972,"B,17576,10,72:3b:01:24:b7:c8,56,2,0,0,-17,S,5c:62:8b:66:67:d2"
1791490324.173,"B,17676,10,b2:db:ca:e6:29:a6,56,2,0,0,-22,S,5c:62:8b:66:67:d2"
1791490324.173,"B,17676,10,5c:62:8b:66:67:d2,350,1,5075,15,-51,A,5c:62:8b:66:67:d2"
1791490324.173,"B,17676,10,46:88:44:6e:4f:e4,4907,9,0,0,-50,S,5c:62:8b:66:67:d2"
1791490324.173,"B,17676,10,72:3b:01:24:b7:c8,112,4,350,1,-17,S,5c:62:8b:66:67:d2"
1791490324.173,"B,17776,10,b2:db:ca:e6:29:a6,56,2,0,0,-21,S,5c:62:8b:66:67:d2"
1791490324.173,"B,17776,10,5c:62:8b:66:67:d2,1050,3,2759,8,-51,A,5c:62:8b:66:67:d2"
1791490324.173,"B,17776,10,46:88:44:6e:4f:e4,2703,6,0,0,-48,S,5c:62:8b:66:67:d2"
1791490324.173,"B,17776,10,72:3b:01:24:b7:c8,0,0,1050,3,0,S,5c:62:8b:66:67:d2"
1791490324.377,"B,17876,10,b2:db:ca:e6:29:a6,56,2,0,0,-21,S,5c:62:8b:66:67:d2"
1791490324.377,"B,17876,10,5c:62:8b:66:67:d2,246,2,2853,9,-52,A,5c:62:8b:66:67:d2"
1791490324.377,"B,17876,10,46:88:44:6e:4f:e4,2797,7,246,2,-46,S,5c:62:8b:66:67:d2"
1791490324.377,"B,17976,10,b2:db:ca:e6:29:a6,84,3,0,0,-22,S,5c:62:8b:66:67:d2"
1791490324.377,"B,17976,10,5c:62:8b:66:67:d2,0,0,2002,14,-51,A,5c:62:8b:66:67:d2"
1791490324.377,"B,17976,10,46:88:44:6e:4f:e4,1750,5,0,0,-45,S,5c:62:8b:66:67:d2"
1791490324.377,"B,17976,10,78:8c:b5:f5:e7:26,0,0,30,1,-78,A,78:8c:b5:f5:e7:26"
1791490324.377,"B,17976,10,72:3b:01:24:b7:c8,168,6,0,0,-17,S,5c:62:8b:66:67:d2"
1791490324.377,"B,17976,10,a6:4c:bd:b6:c7:99,30,1,0,0,-90,S,78:8c:b5:f5:e7:26"
1791490324.579,"B,18076,10,b2:db:ca:e6:29:a6,28,1,0,0,-21,S,5c:62:8b:66:67:d2"
1791490324.579,"B,18076,10,5c:62:8b:66:67:d2,0,0,3459,10,-50,A,5c:62:8b:66:67:d2"
1791490324.579,"B,18076,10,46:88:44:6e:4f:e4,3403,8,0,0,-44,S,5c:62:8b:66:67:d2"
1791490324.579,"B,18076,10,72:3b:01:24:b7:c8,28,1,0,0,-17,S,5c:62:8b:66:67:d2"
1791490324.579,"B,18176,10,5c:62:8b:66:67:d2,0,0,2703,6,-51,A,5c:62:8b:66:67:d2"
1791490324.579,"B,18176,10,46:88:44:6e:4f:e4,2703,6,0,0,-45,S,5c:62:8b:66:67:d2"
1791490324.779,"B,18276,10,b2:db:ca:e6:29:a6,56,2,0,0,-22,S,5c:62:8b:66:67:d2"
1791490324.779,"B,18276,10,5c:62:8b:66:67:d2,0,0,3249,14,-51,A,5c:62:8b:66:67:d2"
1791490324.779,"B,18276,10,46:88:44:6e:4f:e4,3053,7,0,0,-45,S,5c:62:8b:66:67:d2"
1791490324.779,"B,18276,10,72:3b:01:24:b7:c8,140,5,0,0,-17,S,5c:62:8b:66:67:d2"
1791490324.779,"B,18376,10,b2:db:ca:e6:29:a6,28,1,0,0,-22,S,5c:62:8b:66:67:d2"
1791490324.779,"B,18376,10,5c:62:8b:66:67:d2,0,0,2289,11,-51,A,5c:62:8b:66:67:d2"
1791490324.779,"B,18376,10,46:88:44:6e:4f:e4,2121,5,0,0,-48,S,5c:62:8b:66:67:d2"
1791490324.779,"B,18376,10,72:3b:01:24:b7:c8,140,5,0,0,-17,S,5c:62:8b:66:67:d2"
1791490324.779,"B,18476,10,b2:db:ca:e6:29:a6,56,2,0,0,-23,S,5c:62:8b:66:67:d2"
1791490324.779,"B,18476,10,5c:62:8b:66:67:d2,0,0,2177,7,-52,A,5c:62:8b:66:67:d2"
1791490324.979,"B,18476,10,46:88:44:6e:4f:e4,2121,5,0,0,-49,S,5c:62:8b:66:67:d2"
1791490324.979,"B,18576,10,b2:db:ca:e6:29:a6,28,1,0,0,-20,S,5c:62:8b:66:67:d2"
1791490324.979,"B,18576,10,5c:62:8b:66:67:d2,0,0,2444,10,-51,A,5c:62:8b:66:67:d2"
1791490324.979,"B,18576,10,46:88:44:6e:4f:e4,2332,6,0,0,-49,S,5c:62:8b:66:67:d2"
1791490324.979,"B,18576,10,72:3b:01:24:b7:c8,84,3,0,0,-18,S,5c:62:8b:66:67:d2"
1791490324.979,"B,18676,10,b2:db:ca:e6:29:a6,84,3,0,0,-21,S,5c:62:8b:66:67:d2"
1791490325.180,"B,18676,10,5c:62:8b:66:67:d2,0,0,5372,14,-51,A,5c:62:8b:66:67:d2"
1791490325.180,"B,18676,10,46:88:44:6e:4f:e4,5260,10,0,0,-49,S,5c:62:8b:66:67:d2"
1791490325.180,"B,18676,10,72:3b:01:24:b7:c8,28,1,0,0,-18,S,5c:62:8b:66:67:d2"
1791490325.180,"B,18776,10,b2:db:ca:e6:29:a6,56,2,0,0,-21,S,5c:62:8b:66:67:d2"
1791490325.180,"B,18776,10,5c:62:8b:66:67:d2,0,0,3193,12,-51,A,5c:62:8b:66:67:d2"
1791490325.180,"B,18776,10,46:88:44:6e:4f:e4,3053,7,0,0,-49,S,5c:62:8b:66:67:d2"
1791490325.180,"B,18776,10,72:3b:01:24:b7:c8,84,3,0,0,-17,S,5c:62:8b:66:67:d2"
1791490325.180,"B,18876,10,b2:db:ca:e6:29:a6,56,2,0,0,-23,S,5c:62:8b:66:67:d2"
1791490325.380,"B,18876,10,5c:62:8b:66:67:d2,0,0,4119,17,-52,A,5c:62:8b:66:67:d2"
1791490325.380,"B,18876,10,46:88:44:6e:4f:e4,3867,8,0,0,-48,S,5c:62:8b:66:67:d2"
1791490325.380,"B,18876,10,78:8c:b5:f5:e7:26,0,0,30,1,-78,A,78:8c:b5:f5:e7:26"
1791490325.380,"B,18876,10,72:3b:01:24:b7:c8,196,7,0,0,-18,S,5c:62:8b:66:67:d2"
1791490325.380,"B,18876,10,a6:4c:bd:b6:c7:99,30,1,0,0,-91,S,78:8c:b5:f5:e7:26"
1791490325.380,"B,18976,10,b2:db:ca:e6:29:a6,56,2,0,0,-20,S,5c:62:8b:66:67:d2"
1791490325.380,"B,18976,10,5c:62:8b:66:67:d2,0,0,3137,10,-51,A,5c:62:8b:66:67:d2"
1791490325.380,"B,18976,10,46:88:44:6e:4f:e4,3053,7,0,0,-49,S,5c:62:8b:66:67:d2"
1791490325.380,"B,18976,10,78:8c:b5:f5:e7:26,0,0,30,1,-79,A,78:8c:b5:f5:e7:26"
1791490325.380,"B,18976,10,72:3b:01:24:b7:c8,28,1,0,0,-18,S,5c:62:8b:66:67:d2"
1791490325.380,"B,18976,10,a6:4c:bd:b6:c7:99,30,1,0,0,-91,S,78:8c:b5:f5:e7:26"
1791490325.380,"B,19076,10,b2:db:ca:e6:29:a6,28,1,0,0,-21,S,5c:62:8b:66:67:d2"
1791490325.380,"B,19076,10,5c:62:8b:66:67:d2,0,0,5078,15,-51,A,5c:62:8b:66:67:d2"
1791490325.582,"B,19076,10,46:88:44:6e:4f:e4,4966,11,0,0,-48,S,5c:62:8b:66:67:d2"
1791490325.582,"B,19076,10,72:3b:01:24:b7:c8,84,3,0,0,-17,S,5c:62:8b:66:67:d2"
1791490325.582,"B,19176,10,b2:db:ca:e6:29:a6,28,1,0,0,-23,S,5c:62:8b:66:67:d2"
1791490325.582,"B,19176,10,5c:62:8b:66:67:d2,0,0,1162,7,-52,A,5c:62:8b:66:67:d2"
1791490325.582,"B,19176,10,46:88:44:6e:4f:e4,1050,3,0,0,-48,S,5c:62:8b:66:67:d2"
1791490325.582,"B,19176,10,72:3b:01:24:b7:c8,84,3,0,0,-17,S,5c:62:8b:66:67:d2"
1791490325.782,"B,19276,10,b2:db:ca:e6:29:a6,56,2,0,0,-22,S,5c:62:8b:66:67:d2"
1791490325.782,"B,19276,10,5c:62:8b:66:67:d2,0,0,2787,9,-51,A,5c:62:8b:66:67:d2"
1791490325.782,"B,19276,10,46:88:44:6e:4f:e4,2703,6,0,0,-48,S,5c:62:8b:66:67:d2"
1791490325.782,"B,19276,10,72:3b:01:24:b7:c8,28,1,0,0,-18,S,5c:62:8b:66:67:d2"
1791490325.782,"B,19376,10,b2:db:ca:e6:29:a6,28,1,0,0,-21,S,5c:62:8b:66:67:d2"
1791490325.782,"B,19376,10,5c:62:8b:66:67:d2,0,0,2731,7,-51,A,5c:62:8b:66:67:d2"
1791490325.782,"B,19376,10,46:88:44:6e:4f:e4,2703,6,0,0,-47,S,5c:62:8b:66:67:d2"
1791490325.782,"B,19476,10,b2:db:ca:e6:29:a6,56,2,0,0,-23,S,5c:62:8b:66:67:d2"
1791490325.782,"B,19476,10,5c:62:8b:66:67:d2,0,0,2843,11,-51,A,5c:62:8b:66:67:d2"
1791490325.782,"B,19476,10,46:88:44:6e:4f:e4,2703,6,0,0,-47,S,5c:62:8b:66:67:d2"
1791490325.782,"B,19476,10,72:3b:01:24:b7:c8,84,3,0,0,-18,S,5c:62:8b:66:67:d2"
1791490325.982,"B,19576,10,b2:db:ca:e6:29:a6,84,3,0,0,-21,S,5c:62:8b:66:67:d2"
1791490325.982,"B,19576,10,5c:62:8b:66:67:d2,0,0,3627,16,-52,A,5c:62:8b:66:67:d2"
1791490325.982,"B,19576,10,46:88:44:6e:4f:e4,3403,8,0,0,-48,S,5c:62:8b:66:67:d2"
1791490325.982,"B,19576,10,72:3b:01:24:b7:c8,140,5,0,0,-17,S,5c:62:8b:66:67:d2"
1791490325.982,"B,19676,10,b2:db:ca:e6:29:a6,28,1,0,0,-21,S,5c:62:8b:66:67:d2"
1791490325.982,"B,19676,10,5c:62:8b:66:67:d2,0,0,3781,10,-51,A,5c:62:8b:66:67:d2"
1791490325.982,"B,19676,10,46:88:44:6e:4f:e4,3753,9,0,0,-48,S,5c:62:8b:66:67:d2"
1791490326.182,"B,19776,10,5c:62:8b:66:67:d2,0,0,1540,9,-52,A,5c:62:8b:66:67:d2"
1791490326.182,"B,19776,10,46:88:44:6e:4f:e4,1428,5,0,0,-48,S,5c:62:8b:66:67:d2"
1791490326.182,"B,19776,10,72:3b:01:24:b7:c8,112,4,0,0,-17,S,5c:62:8b:66:67:d2"
1791490326.182,"B,19876,10,b2:db:ca:e6:29:a6,56,2,0,0,-20,S,5c:62:8b:66:67:d2"
1791490326.182,"B,19876,10,5c:62:8b:66:67:d2,0,0,2787,9,-52,A,5c:62:8b:66:67:d2"
1791490326.182,"B,19876,10,46:88:44:6e:4f:e4,2675,5,0,0,-49,S,5c:62:8b:66:67:d2"
1791490326.182,"B,19876,10,78:8c:b5:f5:e7:26,0,0,28,1,-79,A,78:8c:b5:f5:e7:26"
1791490326.383,"B,19876,10,72:3b:01:24:b7:c8,56,2,0,0,-18,S,5c:62:8b:66:67:d2"
1791490326.383,"B,19876,10,00:08:22:24:d6:fb,28,1,0,0,-77,S,78:8c:b5:f5:e7:26"
1791490326.383,"B,19976,10,b2:db:ca:e6:29:a6,56,2,0,0,-22,S,5c:62:8b:66:67:d2"
1791490326.383,"B,19976,10,5c:62:8b:66:67:d2,0,0,3923,10,-51,A,5c:62:8b:66:67:d2"
1791490326.383,"B,19976,10,46:88:44:6e:4f:e4,3867,8,0,0,-48,S,5c:62:8b:66:67:d2"
1791490326.383,"B,20076,10,b2:db:ca:e6:29:a6,56,2,0,0,-21,S,5c:62:8b:66:67:d2"
1791490326.383,"B,20076,10,5c:62:8b:66:67:d2,0,0,2787,9,-52,A,5c:62:8b:66:67:d2"
1791490326.383,"B,20076,10,46:88:44:6e:4f:e4,2703,6,0,0,-48,S,5c:62:8b:66:67:d2"
1791490326.383,"B,20076,10,72:3b:01:24:b7:c8,28,1,0,0,-18,S,5c:62:8b:66:67:d2"
1791490326.583,"I,20082,stat,rx=3026,drops=0,ch=10,bin=100,hop=0,heap=203064"
1791490326.583,"B,20176,10,b2:db:ca:e6:29:a6,28,1,0,0,-21,S,5c:62:8b:66:67:d2"
1791490326.583,"B,20176,10,5c:62:8b:66:67:d2,0,0,3543,13,-51,A,5c:62:8b:66:67:d2"
1791490326.583,"B,20176,10,46:88:44:6e:4f:e4,3403,8,0,0,-48,S,5c:62:8b:66:67:d2"
1791490326.583,"B,20176,10,72:3b:01:24:b7:c8,112,4,0,0,-17,S,5c:62:8b:66:67:d2"
1791490326.583,"B,20276,10,b2:db:ca:e6:29:a6,56,2,0,0,-21,S,5c:62:8b:66:67:d2"
1791490326.583,"B,20276,10,5c:62:8b:66:67:d2,0,0,2787,9,0,A,5c:62:8b:66:67:d2"
1791490326.583,"B,20276,10,46:88:44:6e:4f:e4,2703,6,0,0,-48,S,5c:62:8b:66:67:d2"
1791490326.784,"B,20276,10,72:3b:01:24:b7:c8,28,1,0,0,-18,S,5c:62:8b:66:67:d2"
1791490326.784,"B,20376,10,5c:62:8b:66:67:d2,0,0,1386,15,-51,A,5c:62:8b:66:67:d2"
1791490326.784,"B,20376,10,46:88:44:6e:4f:e4,1050,3,0,0,-48,S,5c:62:8b:66:67:d2"
1791490326.784,"B,20376,10,72:3b:01:24:b7:c8,336,12,0,0,-17,S,5c:62:8b:66:67:d2"
1791490326.784,"B,20476,10,b2:db:ca:e6:29:a6,56,2,0,0,-22,S,5c:62:8b:66:67:d2"
1791490326.784,"B,20476,10,5c:62:8b:66:67:d2,0,0,3137,10,-51,A,5c:62:8b:66:67:d2"
1791490326.784,"B,20476,10,46:88:44:6e:4f:e4,3053,7,0,0,-48,S,5c:62:8b:66:67:d2"
1791490326.784,"B,20476,10,72:3b:01:24:b7:c8,28,1,0,0,-18,S,5c:62:8b:66:67:d2"
1791490326.985,"B,20576,10,b2:db:ca:e6:29:a6,56,2,0,0,-22,S,5c:62:8b:66:67:d2"
1791490326.985,"B,20576,10,5c:62:8b:66:67:d2,0,0,3158,9,-52,A,5c:62:8b:66:67:d2"
1791490326.985,"B,20576,10,46:88:44:6e:4f:e4,3046,5,0,0,-48,S,5c:62:8b:66:67:d2"
1791490326.985,"B,20576,10,72:3b:01:24:b7:c8,56,2,0,0,-17,S,5c:62:8b:66:67:d2"
1791490326.985,"B,20676,10,b2:db:ca:e6:29:a6,56,2,0,0,-21,S,5c:62:8b:66:67:d2"
1791490326.985,"B,20676,10,5c:62:8b:66:67:d2,0,0,5552,14,-51,A,5c:62:8b:66:67:d2"
1791490326.985,"B,20676,10,46:88:44:6e:4f:e4,5496,12,0,0,-47,S,5c:62:8b:66:67:d2"
1791490327.186,"B,20776,10,b2:db:ca:e6:29:a6,56,2,0,0,-21,S,5c:62:8b:66:67:d2"
1791490327.186,"B,20776,10,5c:62:8b:66:67:d2,0,0,2787,9,-51,A,5c:62:8b:66:67:d2"
1791490327.186,"B,20776,10,46:88:44:6e:4f:e4,2703,6,0,0,-46,S,5c:62:8b:66:67:d2"
1791490327.186,"B,20776,10,72:3b:01:24:b7:c8,28,1,0,0,-17,S,5c:62:8b:66:67:d2"
1791490327.186,"M,20793,slot,0,0"
1791490327.186,"B,20876,10,b2:db:ca:e6:29:a6,56,2,0,0,-21,S,5c:62:8b:66:67:d2"
1791490327.186,"B,20876,10,5c:62:8b:66:67:d2,0,0,2759,8,-52,A,5c:62:8b:66:67:d2"
1791490327.186,"B,20876,10,46:88:44:6e:4f:e4,2703,6,0,0,-46,S,5c:62:8b:66:67:d2"
1791490327.386,"A,20972,10,02:eb:d8:11:99:9d,-56,"
1791490327.386,"B,20976,10,b2:db:ca:e6:29:a6,56,2,0,0,-22,S,5c:62:8b:66:67:d2"
1791490327.386,"B,20976,10,5c:62:8b:66:67:d2,0,0,1274,11,-50,A,5c:62:8b:66:67:d2"
1791490327.386,"B,20976,10,46:88:44:6e:4f:e4,1050,3,0,0,-47,S,5c:62:8b:66:67:d2"
1791490327.386,"B,20976,10,72:3b:01:24:b7:c8,168,6,0,0,-17,S,5c:62:8b:66:67:d2"
1791490327.386,"B,21076,10,b2:db:ca:e6:29:a6,56,2,0,0,-22,S,5c:62:8b:66:67:d2"
1791490327.386,"B,21076,10,5c:62:8b:66:67:d2,0,0,4208,12,-50,A,5c:62:8b:66:67:d2"
1791490327.386,"B,21076,10,46:88:44:6e:4f:e4,4096,8,0,0,-47,S,5c:62:8b:66:67:d2"
1791490327.386,"B,21076,10,72:3b:01:24:b7:c8,56,2,0,0,-17,S,5c:62:8b:66:67:d2"
1791490327.586,"B,21176,10,b2:db:ca:e6:29:a6,28,1,0,0,-20,S,5c:62:8b:66:67:d2"
1791490327.586,"B,21176,10,5c:62:8b:66:67:d2,0,0,3431,9,-50,A,5c:62:8b:66:67:d2"
1791490327.586,"B,21176,10,46:88:44:6e:4f:e4,3403,8,0,0,-47,S,5c:62:8b:66:67:d2"
1791490327.586,"B,21276,10,b2:db:ca:e6:29:a6,112,4,0,0,-21,S,5c:62:8b:66:67:d2"
1791490327.586,"B,21276,10,5c:62:8b:66:67:d2,0,0,2955,15,-50,A,5c:62:8b:66:67:d2"
1791490327.586,"B,21276,10,46:88:44:6e:4f:e4,2703,6,0,0,-47,S,5c:62:8b:66:67:d2"
1791490327.586,"B,21276,10,78:8c:b5:f5:e7:26,0,0,30,1,-79,A,78:8c:b5:f5:e7:26"
1791490327.586,"B,21276,10,72:3b:01:24:b7:c8,140,5,0,0,-18,S,5c:62:8b:66:67:d2"
1791490327.586,"B,21276,10,a6:4c:bd:b6:c7:99,30,1,0,0,-92,S,78:8c:b5:f5:e7:26"
1791490327.787,"B,21376,10,b2:db:ca:e6:29:a6,56,2,0,0,-21,S,5c:62:8b:66:67:d2"
1791490327.787,"B,21376,10,5c:62:8b:66:67:d2,0,0,3747,12,-51,A,5c:62:8b:66:67:d2"
1791490327.787,"B,21376,10,46:88:44:6e:4f:e4,3635,8,0,0,-47,S,5c:62:8b:66:67:d2"
1791490327.787,"B,21376,10,72:3b:01:24:b7:c8,56,2,0,0,-17,S,5c:62:8b:66:67:d2"
1791490327.787,"B,21476,10,5c:62:8b:66:67:d2,0,0,2815,10,-51,A,5c:62:8b:66:67:d2"
1791490327.787,"B,21476,10,46:88:44:6e:4f:e4,2703,6,0,0,-47,S,5c:62:8b:66:67:d2"
1791490327.787,"B,21476,10,72:3b:01:24:b7:c8,112,4,0,0,-17,S,5c:62:8b:66:67:d2"
1791490327.989,"B,21576,10,b2:db:ca:e6:29:a6,56,2,0,0,-22,S,5c:62:8b:66:67:d2"
1791490327.989,"B,21576,10,5c:62:8b:66:67:d2,0,0,1190,8,-50,A,5c:62:8b:66:67:d2"
1791490327.989,"B,21576,10,46:88:44:6e:4f:e4,1078,4,0,0,-47,S,5c:62:8b:66:67:d2"
1791490327.989,"B,21576,10,72:3b:01:24:b7:c8,56,2,0,0,-17,S,5c:62:8b:66:67:d2"
1791490327.989,"B,21676,10,b2:db:ca:e6:29:a6,56,2,0,0,-21,S,5c:62:8b:66:67:d2"
1791490327.989,"B,21676,10,5c:62:8b:66:67:d2,0,0,3459,10,-50,A,5c:62:8b:66:67:d2"
1791490327.989,"B,21676,10,46:88:44:6e:4f:e4,3375,7,0,0,-47,S,5c:62:8b:66:67:d2"
1791490327.989,"B,21676,10,72:3b:01:24:b7:c8,28,1,0,0,-17,S,5c:62:8b:66:67:d2"
1791490328.190,"B,21776,10,b2:db:ca:e6:29:a6,56,2,0,0,-21,S,5c:62:8b:66:67:d2"
1791490328.190,"B,21776,10,5c:62:8b:66:67:d2,0,0,2899,13,-52,A,5c:62:8b:66:67:d2"
1791490328.190,"B,21776,10,46:88:44:6e:4f:e4,2703,6,0,0,-47,S,5c:62:8b:66:67:d2"
1791490328.190,"B,21776,10,72:3b:01:24:b7:c8,140,5,0,0,-17,S,5c:62:8b:66:67:d2"
1791490328.190,"B,21876,10,b2:db:ca:e6:29:a6,28,1,0,0,-21,S,5c:62:8b:66:67:d2"
1791490328.190,"B,21876,10,5c:62:8b:66:67:d2,0,0,6415,15,-50,A,5c:62:8b:66:67:d2"
1791490328.190,"B,21876,10,46:88:44:6e:4f:e4,6303,11,0,0,-47,S,5c:62:8b:66:67:d2"
1791490328.190,"B,21876,10,72:3b:01:24:b7:c8,84,3,0,0,-17,S,5c:62:8b:66:67:d2"
1791490328.393,"B,21976,10,b2:db:ca:e6:29:a6,28,1,0,0,-22,S,5c:62:8b:66:67:d2"
1791490328.393,"B,21976,10,5c:62:8b:66:67:d2,0,0,3341,9,-50,A,5c:62:8b:66:67:d2"
1791490328.393,"B,21976,10,46:88:44:6e:4f:e4,3285,7,0,0,-46,S,5c:62:8b:66:67:d2"
1791490328.393,"B,21976,10,78:8c:b5:f5:e7:26,0,0,30,1,-79,A,78:8c:b5:f5:e7:26"
1791490328.393,"B,21976,10,72:3b:01:24:b7:c8,28,1,0,0,-18,S,5c:62:8b:66:67:d2"
1791490328.393,"B,21976,10,a6:4c:bd:b6:c7:99,30,1,0,0,-92,S,78:8c:b5:f5:e7:26"
1791490328.393,"B,22076,10,b2:db:ca:e6:29:a6,56,2,0,0,-22,S,5c:62:8b:66:67:d2"
1791490328.393,"B,22076,10,5c:62:8b:66:67:d2,0,0,2871,12,-51,A,5c:62:8b:66:67:d2"
1791490328.393,"B,22076,10,46:88:44:6e:4f:e4,2703,6,0,0,-45,S,5c:62:8b:66:67:d2"
1791490328.393,"B,22076,10,72:3b:01:24:b7:c8,112,4,0,0,-17,S,5c:62:8b:66:67:d2"
1791490328.595,"B,22176,10,b2:db:ca:e6:29:a6,84,3,0,0,-20,S,5c:62:8b:66:67:d2"
1791490328.595,"B,22176,10,5c:62:8b:66:67:d2,0,0,3921,15,-50,A,5c:62:8b:66:67:d2"
1791490328.595,"B,22176,10,46:88:44:6e:4f:e4,3725,8,0,0,-46,S,5c:62:8b:66:67:d2"
1791490328.595,"B,22176,10,72:3b:01:24:b7:c8,112,4,0,0,-17,S,5c:62:8b:66:67:d2"
1791490328.595,"B,22276,10,b2:db:ca:e6:29:a6,56,2,0,0,-22,S,5c:62:8b:66:67:d2"
1791490328.595,"B,22276,10,5c:62:8b:66:67:d2,82,1,1862,9,-55,A,5c:62:8b:66:67:d2"
1791490328.595,"B,22276,10,46:88:44:6e:4f:e4,1778,6,0,0,-45,S,5c:62:8b:66:67:d2"
1791490328.595,"B,22276,10,72:3b:01:24:b7:c8,28,1,82,1,-18,S,5c:62:8b:66:67:d2"
1791490328.798,"B,22376,10,b2:db:ca:e6:29:a6,56,2,0,0,-21,S,5c:62:8b:66:67:d2"
1791490328.798,"B,22376,10,5c:62:8b:66:67:d2,0,0,3039,18,-50,A,5c:62:8b:66:67:d2"
1791490328.798,"B,22376,10,46:88:44:6e:4f:e4,2703,6,0,0,-46,S,5c:62:8b:66:67:d2"
1791490328.798,"B,22376,10,72:3b:01:24:b7:c8,280,10,0,0,-17,S,5c:62:8b:66:67:d2"
1791490328.798,"B,22476,10,5c:62:8b:66:67:d2,0,0,2927,14,-51,A,5c:62:8b:66:67:d2"
1791490328.798,"B,22476,10,46:88:44:6e:4f:e4,2703,6,0,0,-46,S,5c:62:8b:66:67:d2"
1791490328.798,"B,22476,10,78:8c:b5:f5:e7:26,0,0,30,1,-79,A,78:8c:b5:f5:e7:26"
1791490328.798,"B,22476,10,72:3b:01:24:b7:c8,224,8,0,0,-17,S,5c:62:8b:66:67:d2"
1791490328.798,"B,22476,10,a6:4c:bd:b6:c7:99,30,1,0,0,-92,S,78:8c:b5:f5:e7:26"
1791490329.001,"B,22576,10,b2:db:ca:e6:29:a6,56,2,0,0,-21,S,5c:62:8b:66:67:d2"
1791490329.001,"B,22576,10,5c:62:8b:66:67:d2,138,1,4530,12,-51,A,5c:62:8b:66:67:d2"
1791490329.001,"B,22576,10,46:88:44:6e:4f:e4,4418,8,138,1,-46,S,5c:62:8b:66:67:d2"
1791490329.001,"B,22576,10,72:3b:01:24:b7:c8,56,2,0,0,-17,S,5c:62:8b:66:67:d2"
1791490329.001,"B,22676,10,b2:db:ca:e6:29:a6,56,2,0,0,-22,S,5c:62:8b:66:67:d2"
1791490329.001,"B,22676,10,5c:62:8b:66:67:d2,0,0,1284,9,-50,A,5c:62:8b:66:67:d2"
1791490329.001,"B,22676,10,46:88:44:6e:4f:e4,1172,5,0,0,-46,S,5c:62:8b:66:67:d2"
1791490329.001,"B,22676,10,72:3b:01:24:b7:c8,56,2,0,0,-17,S,5c:62:8b:66:67:d2"
1791490329.204,"B,22776,10,b2:db:ca:e6:29:a6,28,1,0,0,-22,S,5c:62:8b:66:67:d2"
1791490329.204,"B,22776,10,5c:62:8b:66:67:d2,0,0,2843,11,-50,A,5c:62:8b:66:67:d2"
1791490329.204,"B,22776,10,46:88:44:6e:4f:e4,2675,5,0,0,-46,S,5c:62:8b:66:67:d2"
1791490329.204,"B,22776,10,78:8c:b5:f5:e7:26,80,1,30,1,-79,A,78:8c:b5:f5:e7:26"
1791490329.204,"B,22776,10,72:3b:01:24:b7:c8,140,5,0,0,-17,S,5c:62:8b:66:67:d2"
1791490329.204,"B,22776,10,a6:4c:bd:b6:c7:99,30,1,0,0,-92,S,78:8c:b5:f5:e7:26"
1791490329.204,"B,22876,10,b2:db:ca:e6:29:a6,56,2,0,0,-21,S,5c:62:8b:66:67:d2"
1791490329.204,"B,22876,10,5c:62:8b:66:67:d2,0,0,3277,15,-50,A,5c:62:8b:66:67:d2"
1791490329.204,"B,22876,10,46:88:44:6e:4f:e4,3053,7,0,0,-46,S,5c:62:8b:66:67:d2"
1791490329.204,"B,22876,10,72:3b:01:24:b7:c8,168,6,0,0,-17,S,5c:62:8b:66:67:d2"
1791490329.408,"B,22976,10,b2:db:ca:e6:29:a6,28,1,0,0,-21,S,5c:62:8b:66:67:d2"
1791490329.408,"B,22976,10,5c:62:8b:66:67:d2,0,0,2731,7,-51,A,5c:62:8b:66:67:d2"
1791490329.408,"B,22976,10,46:88:44:6e:4f:e4,2703,6,0,0,-46,S,5c:62:8b:66:67:d2"
1791490329.408,"B,23076,10,b2:db:ca:e6:29:a6,56,2,0,0,-22,S,5c:62:8b:66:67:d2"
1791490329.408,"B,23076,10,5c:62:8b:66:67:d2,0,0,2787,9,-52,A,5c:62:8b:66:67:d2"
1791490329.408,"B,23076,10,46:88:44:6e:4f:e4,2703,6,0,0,-46,S,5c:62:8b:66:67:d2"
1791490329.408,"B,23076,10,72:3b:01:24:b7:c8,28,1,0,0,-16,S,5c:62:8b:66:67:d2"
1791490329.611,"B,23176,10,b2:db:ca:e6:29:a6,84,3,0,0,-23,S,5c:62:8b:66:67:d2"
1791490329.611,"B,23176,10,5c:62:8b:66:67:d2,0,0,6471,17,-50,A,5c:62:8b:66:67:d2"
1791490329.611,"B,23176,10,46:88:44:6e:4f:e4,6303,11,0,0,-46,S,5c:62:8b:66:67:d2"
1791490329.611,"B,23176,10,72:3b:01:24:b7:c8,84,3,0,0,-18,S,5c:62:8b:66:67:d2"
1791490329.611,"B,23276,10,b2:db:ca:e6:29:a6,28,1,0,0,-19,S,5c:62:8b:66:67:d2"
1791490329.611,"B,23276,10,5c:62:8b:66:67:d2,0,0,3774,8,-51,A,5c:62:8b:66:67:d2"
1791490329.611,"B,23276,10,46:88:44:6e:4f:e4,3746,7,0,0,-44,S,5c:62:8b:66:67:d2"
1791490329.812,"B,23376,10,b2:db:ca:e6:29:a6,84,3,0,0,-22,S,5c:62:8b:66:67:d2"
1791490329.812,"B,23376,10,5c:62:8b:66:67:d2,2100,6,1190,8,-51,A,5c:62:8b:66:67:d2"
1791490329.812,"B,23376,10,46:88:44:6e:4f:e4,1050,3,0,0,-45,S,5c:62:8b:66:67:d2"
1791490329.812,"B,23376,10,72:3b:01:24:b7:c8,56,2,2100,6,-17,S,5c:62:8b:66:67:d2"
1791490329.812,"B,23476,10,b2:db:ca:e6:29:a6,28,1,0,0,-21,S,5c:62:8b:66:67:d2"
1791490329.812,"B,23476,10,5c:62:8b:66:67:d2,700,2,2815,10,-51,A,5c:62:8b:66:67:d2"
1791490329.812,"B,23476,10,46:88:44:6e:4f:e4,2703,6,0,0,-44,S,5c:62:8b:66:67:d2"
1791490329.812,"B,23476,10,72:3b:01:24:b7:c8,84,3,700,2,-17,S,5c:62:8b:66:67:d2"
1791490330.018,"B,23576,10,b2:db:ca:e6:29:a6,28,1,0,0,-22,S,5c:62:8b:66:67:d2"
1791490330.018,"B,23576,10,5c:62:8b:66:67:d2,0,0,3830,10,-51,A,5c:62:8b:66:67:d2"
1791490330.018,"B,23576,10,46:88:44:6e:4f:e4,3746,7,0,0,-43,S,5c:62:8b:66:67:d2"
1791490330.018,"B,23576,10,72:3b:01:24:b7:c8,56,2,0,0,-17,S,5c:62:8b:66:67:d2"
1791490330.018,"B,23676,10,b2:db:ca:e6:29:a6,28,1,0,0,-23,S,5c:62:8b:66:67:d2"
1791490330.018,"B,23676,10,5c:62:8b:66:67:d2,0,0,2899,13,-51,A,5c:62:8b:66:67:d2"
1791490330.018,"B,23676,10,46:88:44:6e:4f:e4,2703,6,0,0,-44,S,5c:62:8b:66:67:d2"
1791490330.018,"B,23676,10,72:3b:01:24:b7:c8,168,6,0,0,-17,S,5c:62:8b:66:67:d2"
1791490330.223,"B,23776,10,5c:62:8b:66:67:d2,0,0,2240,11,-50,A,5c:62:8b:66:67:d2"
1791490330.223,"B,23776,10,46:88:44:6e:4f:e4,2128,7,0,0,-43,S,5c:62:8b:66:67:d2"
1791490330.223,"B,23776,10,72:3b:01:24:b7:c8,112,4,0,0,-17,S,5c:62:8b:66:67:d2"
1791490330.223,"B,23876,10,5c:62:8b:66:67:d2,0,0,4180,11,-52,A,5c:62:8b:66:67:d2"
1791490330.223,"B,23876,10,46:88:44:6e:4f:e4,4096,8,0,0,-42,S,5c:62:8b:66:67:d2"
1791490330.223,"B,23876,10,72:3b:01:24:b7:c8,84,3,0,0,-17,S,5c:62:8b:66:67:d2"
1791490330.425,"B,23976,10,5c:62:8b:66:67:d2,0,0,4301,12,-51,A,5c:62:8b:66:67:d2"
1791490330.425,"B,23976,10,46:88:44:6e:4f:e4,4189,8,0,0,-42,S,5c:62:8b:66:67:d2"
1791490330.425,"B,23976,10,72:3b:01:24:b7:c8,112,4,0,0,-18,S,5c:62:8b:66:67:d2"
1791490330.425,"B,24076,10,5c:62:8b:66:67:d2,0,0,2122,10,-51,A,5c:62:8b:66:67:d2"
1791490330.425,"B,24076,10,46:88:44:6e:4f:e4,2010,6,0,0,-42,S,5c:62:8b:66:67:d2"
1791490330.425,"B,24076,10,72:3b:01:24:b7:c8,112,4,0,0,-17,S,5c:62:8b:66:67:d2"
1791490330.629,"B,24176,10,b2:db:ca:e6:29:a6,28,1,0,0,-23,S,5c:62:8b:66:67:d2"
1791490330.629,"B,24176,10,5c:62:8b:66:67:d2,0,0,2815,10,-51,A,5c:62:8b:66:67:d2"
1791490330.629,"B,24176,10,46:88:44:6e:4f:e4,2703,6,0,0,-41,S,5c:62:8b:66:67:d2"
1791490330.629,"B,24176,10,72:3b:01:24:b7:c8,84,3,0,0,-17,S,5c:62:8b:66:67:d2"
1791490330.629,"B,24276,10,b2:db:ca:e6:29:a6,196,7,0,0,-21,S,5c:62:8b:66:67:d2"
1791490330.629,"B,24276,10,5c:62:8b:66:67:d2,0,0,4377,23,-51,A,5c:62:8b:66:67:d2"
1791490330.629,"B,24276,10,46:88:44:6e:4f:e4,3985,9,0,0,-38,S,5c:62:8b:66:67:d2"
1791490330.629,"B,24276,10,72:3b:01:24:b7:c8,196,7,0,0,-17,S,5c:62:8b:66:67:d2"
1791490330.835,"B,24376,10,b2:db:ca:e6:29:a6,56,2,0,0,-21,S,5c:62:8b:66:67:d2"
1791490330.835,"B,24376,10,5c:62:8b:66:67:d2,0,0,2927,14,0,A,5c:62:8b:66:67:d2"
1791490330.835,"B,24376,10,46:88:44:6e:4f:e4,2703,6,0,0,-38,S,5c:62:8b:66:67:d2"
1791490330.835,"B,24376,10,72:3b:01:24:b7:c8,168,6,0,0,-17,S,5c:62:8b:66:67:d2"
1791490330.835,"B,24476,10,b2:db:ca:e6:29:a6,56,2,0,0,-21,S,5c:62:8b:66:67:d2"
1791490330.835,"B,24476,10,5c:62:8b:66:67:d2,0,0,1218,9,-51,A,5c:62:8b:66:67:d2"
1791490330.835,"B,24476,10,46:88:44:6e:4f:e4,1050,3,0,0,-37,S,5c:62:8b:66:67:d2"
1791490330.835,"B,24476,10,72:3b:01:24:b7:c8,112,4,0,0,-17,S,5c:62:8b:66:67:d2"
1791490331.040,"B,24576,10,b2:db:ca:e6:29:a6,28,1,0,0,-23,S,5c:62:8b:66:67:d2"
1791490331.040,"B,24576,10,5c:62:8b:66:67:d2,0,0,4320,16,-50,A,5c:62:8b:66:67:d2"
1791490331.040,"B,24576,10,46:88:44:6e:4f:e4,4096,8,0,0,-36,S,5c:62:8b:66:67:d2"
1791490331.040,"B,24576,10,72:3b:01:24:b7:c8,196,7,0,0,-17,S,5c:62:8b:66:67:d2"
1791490331.040,"B,24676,10,b2:db:ca:e6:29:a6,84,3,0,0,-21,S,5c:62:8b:66:67:d2"
1791490331.040,"B,24676,10,5c:62:8b:66:67:d2,0,0,4725,14,-51,A,5c:62:8b:66:67:d2"
1791490331.040,"B,24676,10,46:88:44:6e:4f:e4,4557,8,0,0,-39,S,5c:62:8b:66:67:d2"
1791490331.040,"B,24676,10,72:3b:01:24:b7:c8,84,3,0,0,-17,S,5c:62:8b:66:67:d2"
1791490331.242,"B,24776,10,b2:db:ca:e6:29:a6,28,1,0,0,-21,S,5c:62:8b:66:67:d2"
1791490331.242,"B,24776,10,5c:62:8b:66:67:d2,0,0,4663,15,-51,A,5c:62:8b:66:67:d2"
1791490331.242,"B,24776,10,46:88:44:6e:4f:e4,4439,7,0,0,-38,S,5c:62:8b:66:67:d2"
1791490331.242,"B,24776,10,72:3b:01:24:b7:c8,196,7,0,0,-17,S,5c:62:8b:66:67:d2"
1791490331.242,"B,24876,10,5c:62:8b:66:67:d2,0,0,1828,11,-51,A,5c:62:8b:66:67:d2"
1791490331.242,"B,24876,10,46:88:44:6e:4f:e4,1660,5,0,0,-37,S,5c:62:8b:66:67:d2"
1791490331.242,"B,24876,10,78:8c:b5:f5:e7:26,80,1,0,0,-78,A,78:8c:b5:f5:e7:26"
1791490331.242,"B,24876,10,72:3b:01:24:b7:c8,168,6,0,0,-17,S,5c:62:8b:66:67:d2"
1791490331.447,"B,24976,10,b2:db:ca:e6:29:a6,28,1,0,0,-21,S,5c:62:8b:66:67:d2"
1791490331.447,"B,24976,10,5c:62:8b:66:67:d2,0,0,2899,13,-52,A,5c:62:8b:66:67:d2"
1791490331.447,"B,24976,10,46:88:44:6e:4f:e4,2703,6,0,0,-36,S,5c:62:8b:66:67:d2"
1791490331.447,"B,24976,10,78:8c:b5:f5:e7:26,0,0,30,1,0,A,78:8c:b5:f5:e7:26"
1791490331.447,"B,24976,10,72:3b:01:24:b7:c8,168,6,0,0,-17,S,5c:62:8b:66:67:d2"
1791490331.447,"B,24976,10,a6:4c:bd:b6:c7:99,30,1,0,0,-90,S,78:8c:b5:f5:e7:26"
1791490331.447,"B,25076,10,b2:db:ca:e6:29:a6,56,2,0,0,-21,S,5c:62:8b:66:67:d2"
1791490331.447,"B,25076,10,5c:62:8b:66:67:d2,0,0,1246,10,-50,A,5c:62:8b:66:67:d2"
1791490331.447,"B,25076,10,46:88:44:6e:4f:e4,1050,3,0,0,-41,S,5c:62:8b:66:67:d2"
1791490331.447,"B,25076,10,72:3b:01:24:b7:c8,140,5,0,0,-16,S,5c:62:8b:66:67:d2"
1791490331.447,"I,25085,stat,rx=3821,drops=0,ch=10,bin=100,hop=0,heap=203064"
1791490331.652,"B,25176,10,b2:db:ca:e6:29:a6,56,2,0,0,-22,S,5c:62:8b:66:67:d2"
1791490331.652,"B,25176,10,5c:62:8b:66:67:d2,0,0,2843,11,-50,A,5c:62:8b:66:67:d2"
1791490331.652,"B,25176,10,46:88:44:6e:4f:e4,2703,6,0,0,-37,S,5c:62:8b:66:67:d2"
1791490331.652,"B,25176,10,78:8c:b5:f5:e7:26,0,0,30,1,-78,A,78:8c:b5:f5:e7:26"
1791490331.652,"B,25176,10,72:3b:01:24:b7:c8,84,3,0,0,-17,S,5c:62:8b:66:67:d2"
1791490331.652,"B,25176,10,a6:4c:bd:b6:c7:99,30,1,0,0,-91,S,78:8c:b5:f5:e7:26"
1791490331.652,"B,25276,10,b2:db:ca:e6:29:a6,28,1,0,0,-23,S,5c:62:8b:66:67:d2"
1791490331.652,"B,25276,10,5c:62:8b:66:67:d2,0,0,3865,13,-51,A,5c:62:8b:66:67:d2"
1791490331.652,"B,25276,10,46:88:44:6e:4f:e4,3753,9,0,0,-38,S,5c:62:8b:66:67:d2"
1791490331.652,"B,25276,10,72:3b:01:24:b7:c8,84,3,0,0,-18,S,5c:62:8b:66:67:d2"
1791490331.854,"B,25376,10,b2:db:ca:e6:29:a6,28,1,0,0,-21,S,5c:62:8b:66:67:d2"
1791490331.854,"B,25376,10,5c:62:8b:66:67:d2,0,0,4119,17,-51,A,5c:62:8b:66:67:d2"
1791490331.854,"B,25376,10,46:88:44:6e:4f:e4,3867,8,0,0,-37,S,5c:62:8b:66:67:d2"
1791490331.854,"B,25376,10,72:3b:01:24:b7:c8,224,8,0,0,-17,S,5c:62:8b:66:67:d2"
1791490331.854,"B,25476,10,b2:db:ca:e6:29:a6,28,1,0,0,-23,S,5c:62:8b:66:67:d2"
1791490331.854,"B,25476,10,5c:62:8b:66:67:d2,0,0,3543,13,-51,A,5c:62:8b:66:67:d2"
1791490331.854,"B,25476,10,46:88:44:6e:4f:e4,3403,8,0,0,-39,S,5c:62:8b:66:67:d2"
1791490331.854,"B,25476,10,78:8c:b5:f5:e7:26,0,0,30,1,-78,A,78:8c:b5:f5:e7:26"
1791490331.854,"B,25476,10,72:3b:01:24:b7:c8,112,4,0,0,-17,S,5c:62:8b:66:67:d2"
1791490331.854,"B,25476,10,a6:4c:bd:b6:c7:99,30,1,0,0,-92,S,78:8c:b5:f5:e7:26"
1791490332.060,"B,25576,10,b2:db:ca:e6:29:a6,168,6,0,0,-20,S,5c:62:8b:66:67:d2"
1791490332.060,"B,25576,10,5c:62:8b:66:67:d2,0,0,1036,14,-51,A,5c:62:8b:66:67:d2"
1791490332.060,"B,25576,10,46:88:44:6e:4f:e4,728,3,0,0,-39,S,5c:62:8b:66:67:d2"
1791490332.060,"B,25576,10,72:3b:01:24:b7:c8,140,5,0,0,-17,S,5c:62:8b:66:67:d2"
1791490332.060,"B,25676,10,b2:db:ca:e6:29:a6,56,2,0,0,-21,S,5c:62:8b:66:67:d2"
1791490332.060,"B,25676,10,5c:62:8b:66:67:d2,0,0,3599,15,-50,A,5c:62:8b:66:67:d2"
1791490332.060,"B,25676,10,46:88:44:6e:4f:e4,3403,8,0,0,-36,S,5c:62:8b:66:67:d2"
1791490332.060,"B,25676,10,72:3b:01:24:b7:c8,140,5,0,0,-17,S,5c:62:8b:66:67:d2"
1791490332.264,"B,25776,10,b2:db:ca:e6:29:a6,56,2,0,0,-22,S,5c:62:8b:66:67:d2"
1791490332.264,"B,25776,10,5c:62:8b:66:67:d2,0,0,2493,10,-50,A,5c:62:8b:66:67:d2"
1791490332.264,"B,25776,10,46:88:44:6e:4f:e4,2325,4,0,0,-38,S,5c:62:8b:66:67:d2"
1791490332.264,"B,25776,10,72:3b:01:24:b7:c8,112,4,0,0,-16,S,5c:62:8b:66:67:d2"
1791490332.264,"M,25856,slot,1,1"
1791490332.264,"B,25876,10,b2:db:ca:e6:29:a6,28,1,0,0,-21,S,5c:62:8b:66:67:d2"
1791490332.264,"B,25876,10,5c:62:8b:66:67:d2,0,0,2815,10,-50,A,5c:62:8b:66:67:d2"
1791490332.264,"B,25876,10,46:88:44:6e:4f:e4,2703,6,0,0,-36,S,5c:62:8b:66:67:d2"
1791490332.264,"B,25876,10,72:3b:01:24:b7:c8,84,3,0,0,-17,S,5c:62:8b:66:67:d2"
1791490332.466,"B,25976,10,b2:db:ca:e6:29:a6,56,2,0,0,-22,S,5c:62:8b:66:67:d2"
1791490332.466,"B,25976,10,5c:62:8b:66:67:d2,0,0,2955,15,-50,A,5c:62:8b:66:67:d2"
1791490332.466,"B,25976,10,46:88:44:6e:4f:e4,2703,6,0,0,-36,S,5c:62:8b:66:67:d2"
1791490332.466,"B,25976,10,72:3b:01:24:b7:c8,196,7,0,0,-18,S,5c:62:8b:66:67:d2"
1791490332.466,"B,26076,10,b2:db:ca:e6:29:a6,56,2,0,0,-23,S,5c:62:8b:66:67:d2"
1791490332.466,"B,26076,10,5c:62:8b:66:67:d2,0,0,3809,11,-51,A,5c:62:8b:66:67:d2"
1791490332.466,"B,26076,10,46:88:44:6e:4f:e4,3753,9,0,0,-37,S,5c:62:8b:66:67:d2"
1791490332.671,"B,26176,10,5c:62:8b:66:67:d2,0,0,3053,7,-50,A,5c:62:8b:66:67:d2"
1791490332.671,"B,26176,10,46:88:44:6e:4f:e4,3053,7,0,0,-37,S,5c:62:8b:66:67:d2"
1791490332.671,"B,26276,10,b2:db:ca:e6:29:a6,56,2,0,0,-20,S,5c:62:8b:66:67:d2"
1791490332.671,"B,26276,10,5c:62:8b:66:67:d2,0,0,1890,10,-50,A,5c:62:8b:66:67:d2"
1791490332.671,"B,26276,10,46:88:44:6e:4f:e4,1778,6,0,0,-37,S,5c:62:8b:66:67:d2"
1791490332.671,"B,26276,10,72:3b:01:24:b7:c8,56,2,0,0,-17,S,5c:62:8b:66:67:d2"
1791490332.872,"B,26376,10,b2:db:ca:e6:29:a6,56,2,0,0,-22,S,5c:62:8b:66:67:d2"
1791490332.872,"B,26376,10,5c:62:8b:66:67:d2,0,0,2983,16,-52,A,5c:62:8b:66:67:d2"
1791490332.872,"B,26376,10,46:88:44:6e:4f:e4,2675,5,0,0,-38,S,5c:62:8b:66:67:d2"
1791490332.872,"B,26376,10,72:3b:01:24:b7:c8,252,9,0,0,-17,S,5c:62:8b:66:67:d2"
1791490332.872,"B,26476,10,5c:62:8b:66:67:d2,0,0,2787,9,-51,A,5c:62:8b:66:67:d2"
1791490332.872,"B,26476,10,46:88:44:6e:4f:e4,2703,6,0,0,-36,S,5c:62:8b:66:67:d2"
1791490332.872,"B,26476,10,72:3b:01:24:b7:c8,84,3,0,0,-17,S,5c:62:8b:66:67:d2"
1791490333.076,"B,26576,10,b2:db:ca:e6:29:a6,56,2,0,0,-22,S,5c:62:8b:66:67:d2"
1791490333.076,"B,26576,10,5c:62:8b:66:67:d2,0,0,5251,13,-50,A,5c:62:8b:66:67:d2"
1791490333.076,"B,26576,10,46:88:44:6e:4f:e4,5139,9,0,0,-38,S,5c:62:8b:66:67:d2"
1791490333.076,"B,26576,10,78:8c:b5:f5:e7:26,0,0,30,1,-78,A,78:8c:b5:f5:e7:26"
1791490333.076,"B,26576,10,72:3b:01:24:b7:c8,56,2,0,0,-19,S,5c:62:8b:66:67:d2"
1791490333.076,"B,26576,10,a6:4c:bd:b6:c7:99,30,1,0,0,-91,S,78:8c:b5:f5:e7:26"
1791490333.076,"B,26676,10,b2:db:ca:e6:29:a6,56,2,0,0,-22,S,5c:62:8b:66:67:d2"
1791490333.076,"B,26676,10,5c:62:8b:66:67:d2,0,0,2843,11,-52,A,5c:62:8b:66:67:d2"
1791490333.076,"B,26676,10,46:88:44:6e:4f:e4,2703,6,0,0,-36,S,5c:62:8b:66:67:d2"
1791490333.076,"B,26676,10,72:3b:01:24:b7:c8,84,3,0,0,-17,S,5c:62:8b:66:67:d2"
1791490333.280,"B,26776,10,b2:db:ca:e6:29:a6,56,2,0,0,-22,S,5c:62:8b:66:67:d2"
1791490333.280,"B,26776,10,5c:62:8b:66:67:d2,0,0,3949,16,-52,A,5c:62:8b:66:67:d2"
1791490333.280,"B,26776,10,46:88:44:6e:4f:e4,3753,9,0,0,-38,S,5c:62:8b:66:67:d2"
1791490333.280,"B,26776,10,72:3b:01:24:b7:c8,140,5,0,0,-17,S,5c:62:8b:66:67:d2"
1791490333.280,"B,26876,10,b2:db:ca:e6:29:a6,56,2,0,0,-22,S,5c:62:8b:66:67:d2"
1791490333.280,"B,26876,10,5c:62:8b:66:67:d2,0,0,1190,8,-52,A,5c:62:8b:66:67:d2"
1791490333.280,"B,26876,10,46:88:44:6e:4f:e4,1078,4,0,0,-39,S,5c:62:8b:66:67:d2"
1791490333.280,"B,26876,10,72:3b:01:24:b7:c8,56,2,0,0,-17,S,5c:62:8b:66:67:d2"
1791490333.480,"B,26976,10,b2:db:ca:e6:29:a6,28,1,0,0,-21,S,5c:62:8b:66:67:d2"
1791490333.480,"B,26976,10,5c:62:8b:66:67:d2,0,0,3109,9,-51,A,5c:62:8b:66:67:d2"
1791490333.480,"B,26976,10,46:88:44:6e:4f:e4,3025,6,0,0,-38,S,5c:62:8b:66:67:d2"
1791490333.480,"B,26976,10,72:3b:01:24:b7:c8,56,2,0,0,-17,S,5c:62:8b:66:67:d2"
1791490333.480,"B,27076,10,b2:db:ca:e6:29:a6,56,2,0,0,-21,S,5c:62:8b:66:67:d2"
1791490333.480,"B,27076,10,5c:62:8b:66:67:d2,0,0,3221,13,-50,A,5c:62:8b:66:67:d2"
1791490333.480,"B,27076,10,46:88:44:6e:4f:e4,3053,7,0,0,-36,S,5c:62:8b:66:67:d2"
1791490333.480,"B,27076,10,72:3b:01:24:b7:c8,112,4,0,0,-17,S,5c:62:8b:66:67:d2"
1791490333.480,"B,27176,10,b2:db:ca:e6:29:a6,56,2,0,0,-21,S,5c:62:8b:66:67:d2"
1791490333.480,"B,27176,10,5c:62:8b:66:67:d2,0,0,2871,12,-51,A,5c:62:8b:66:67:d2"
1791490333.680,"B,27176,10,46:88:44:6e:4f:e4,2703,6,0,0,-38,S,5c:62:8b:66:67:d2"
1791490333.680,"B,27176,10,72:3b:01:24:b7:c8,112,4,0,0,-17,S,5c:62:8b:66:67:d2"
1791490333.680,"B,27276,10,b2:db:ca:e6:29:a6,56,2,0,0,-21,S,5c:62:8b:66:67:d2"
1791490333.680,"B,27276,10,5c:62:8b:66:67:d2,0,0,3683,18,-51,A,5c:62:8b:66:67:d2"
1791490333.680,"B,27276,10,46:88:44:6e:4f:e4,3403,8,0,0,-38,S,5c:62:8b:66:67:d2"
1791490333.680,"B,27276,10,72:3b:01:24:b7:c8,224,8,0,0,-17,S,5c:62:8b:66:67:d2"
1791490333.680,"B,27376,10,b2:db:ca:e6:29:a6,56,2,0,0,-21,S,5c:62:8b:66:67:d2"
1791490333.680,"B,27376,10,5c:62:8b:66:67:d2,0,0,3249,14,-50,A,5c:62:8b:66:67:d2"
1791490333.880,"B,27376,10,46:88:44:6e:4f:e4,3053,7,0,0,-37,S,5c:62:8b:66:67:d2"
1791490333.880,"B,27376,10,72:3b:01:24:b7:c8,140,5,0,0,-17,S,5c:62:8b:66:67:d2"
1791490333.880,"B,27376,10,8a:ce:16:78:6f:dc,0,0,30,1,0,A,8a:ce:16:78:6f:dc"
1791490333.880,"B,27376,10,38:d5:7a:f4:5a:37,30,1,0,0,-89,S,8a:ce:16:78:6f:dc"
1791490333.880,"B,27476,10,b2:db:ca:e6:29:a6,28,1,0,0,-23,S,5c:62:8b:66:67:d2"
1791490333.880,"B,27476,10,5c:62:8b:66:67:d2,138,1,1162,7,-51,A,5c:62:8b:66:67:d2"
1791490333.880,"B,27476,10,46:88:44:6e:4f:e4,1050,3,138,1,-39,S,5c:62:8b:66:67:d2"
1791490333.880,"B,27476,10,72:3b:01:24:b7:c8,84,3,0,0,-17,S,5c:62:8b:66:67:d2"
1791490334.083,"B,27576,10,b2:db:ca:e6:29:a6,84,3,0,0,-22,S,5c:62:8b:66:67:d2"
1791490334.083,"B,27576,10,5c:62:8b:66:67:d2,0,0,3011,17,-51,A,5c:62:8b:66:67:d2"
1791490334.083,"B,27576,10,46:88:44:6e:4f:e4,2703,6,0,0,-36,S,5c:62:8b:66:67:d2"
1791490334.083,"B,27576,10,72:3b:01:24:b7:c8,224,8,0,0,-17,S,5c:62:8b:66:67:d2"
1791490334.083,"B,27676,10,b2:db:ca:e6:29:a6,56,2,0,0,-21,S,5c:62:8b:66:67:d2"
1791490334.083,"B,27676,10,5c:62:8b:66:67:d2,0,0,2937,12,-51,A,5c:62:8b:66:67:d2"
1791490334.083,"B,27676,10,46:88:44:6e:4f:e4,2797,7,0,0,-38,S,5c:62:8b:66:67:d2"
1791490334.083,"B,27676,10,72:3b:01:24:b7:c8,84,3,0,0,-17,S,5c:62:8b:66:67:d2"
1791490334.083,"B,27776,10,b2:db:ca:e6:29:a6,28,1,0,0,-22,S,5c:62:8b:66:67:d2"
1791490334.083,"B,27776,10,5c:62:8b:66:67:d2,0,0,2871,12,-50,A,5c:62:8b:66:67:d2"
1791490334.283,"B,27776,10,46:88:44:6e:4f:e4,2703,6,0,0,-37,S,5c:62:8b:66:67:d2"
1791490334.283,"B,27776,10,78:8c:b5:f5:e7:26,0,0,60,2,-80,A,78:8c:b5:f5:e7:26"
1791490334.283,"B,27776,10,72:3b:01:24:b7:c8,140,5,0,0,-17,S,5c:62:8b:66:67:d2"
1791490334.283,"B,27776,10,a6:4c:bd:b6:c7:99,60,2,0,0,-90,S,78:8c:b5:f5:e7:26"
1791490334.283,"B,27876,10,b2:db:ca:e6:29:a6,56,2,0,0,-22,S,5c:62:8b:66:67:d2"
1791490334.283,"B,27876,10,5c:62:8b:66:67:d2,0,0,2787,9,-50,A,5c:62:8b:66:67:d2"
1791490334.283,"B,27876,10,46:88:44:6e:4f:e4,2703,6,0,0,-36,S,5c:62:8b:66:67:d2"
1791490334.283,"B,27876,10,72:3b:01:24:b7:c8,28,1,0,0,-17,S,5c:62:8b:66:67:d2"
1791490334.283,"B,27976,10,b2:db:ca:e6:29:a6,28,1,0,0,-22,S,5c:62:8b:66:67:d2"
1791490334.283,"B,27976,10,5c:62:8b:66:67:d2,0,0,2150,11,-50,A,5c:62:8b:66:67:d2"
1791490334.283,"B,27976,10,46:88:44:6e:4f:e4,2010,6,0,0,-37,S,5c:62:8b:66:67:d2"
1791490334.283,"B,27976,10,72:3b:01:24:b7:c8,112,4,0,0,-17,S,5c:62:8b:66:67:d2"
1791490334.484,"B,28076,10,b2:db:ca:e6:29:a6,84,3,0,0,-21,S,5c:62:8b:66:67:d2"
1791490334.484,"B,28076,10,5c:62:8b:66:67:d2,0,0,1358,14,-51,A,5c:62:8b:66:67:d2"
1791490334.484,"B,28076,10,46:88:44:6e:4f:e4,1050,3,0,0,-40,S,5c:62:8b:66:67:d2"
1791490334.484,"B,28076,10,78:8c:b5:f5:e7:26,0,0,30,1,-79,A,78:8c:b5:f5:e7:26"
1791490334.484,"B,28076,10,72:3b:01:24:b7:c8,224,8,0,0,-17,S,5c:62:8b:66:67:d2"
1791490334.484,"B,28076,10,a6:4c:bd:b6:c7:99,30,1,0,0,-86,S,78:8c:b5:f5:e7:26"
1791490334.484,"B,28176,10,b2:db:ca:e6:29:a6,28,1,0,0,-21,S,5c:62:8b:66:67:d2"
1791490334.484,"B,28176,10,5c:62:8b:66:67:d2,0,0,6647,15,-50,A,5c:62:8b:66:67:d2"
1791490334.484,"B,28176,10,46:88:44:6e:4f:e4,6535,11,0,0,-39,S,5c:62:8b:66:67:d2"
1791490334.684,"B,28176,10,72:3b:01:24:b7:c8,84,3,0,0,-17,S,5c:62:8b:66:67:d2"
1791490334.684,"B,28276,10,b2:db:ca:e6:29:a6,56,2,0,0,-21,S,5c:62:8b:66:67:d2"
1791490334.684,"B,28276,10,5c:62:8b:66:67:d2,0,0,1218,9,-50,A,5c:62:8b:66:67:d2"
1791490334.684,"B,28276,10,46:88:44:6e:4f:e4,1078,4,0,0,-37,S,5c:62:8b:66:67:d2"
1791490334.684,"B,28276,10,78:8c:b5:f5:e7:26,0,0,90,3,-81,A,78:8c:b5:f5:e7:26"
1791490334.684,"B,28276,10,72:3b:01:24:b7:c8,84,3,0,0,-17,S,5c:62:8b:66:67:d2"
1791490334.684,"B,28276,10,a6:4c:bd:b6:c7:99,90,3,0,0,-87,S,78:8c:b5:f5:e7:26"
1791490334.684,"B,28376,10,b2:db:ca:e6:29:a6,56,2,0,0,-21,S,5c:62:8b:66:67:d2"
1791490334.684,"B,28376,10,5c:62:8b:66:67:d2,0,0,3501,23,-51,A,5c:62:8b:66:67:d2"
1791490334.684,"B,28376,10,46:88:44:6e:4f:e4,3053,7,0,0,-39,S,5c:62:8b:66:67:d2"
1791490334.684,"B,28376,10,78:8c:b5:f5:e7:26,0,0,30,1,0,A,78:8c:b5:f5:e7:26"
1791490334.684,"B,28376,10,72:3b:01:24:b7:c8,392,14,0,0,-17,S,5c:62:8b:66:67:d2"
1791490334.684,"B,28376,10,a6:4c:bd:b6:c7:99,30,1,0,0,-89,S,78:8c:b5:f5:e7:26"
1791490334.885,"B,28476,10,b2:db:ca:e6:29:a6,56,2,0,0,-23,S,5c:62:8b:66:67:d2"
1791490334.885,"B,28476,10,5c:62:8b:66:67:d2,0,0,2815,10,-50,A,5c:62:8b:66:67:d2"
1791490334.885,"B,28476,10,46:88:44:6e:4f:e4,2675,5,0,0,-38,S,5c:62:8b:66:67:d2"
1791490334.885,"B,28476,10,72:3b:01:24:b7:c8,84,3,0,0,-17,S,5c:62:8b:66:67:d2"
1791490334.885,"B,28576,10,b2:db:ca:e6:29:a6,84,3,0,0,-21,S,5c:62:8b:66:67:d2"
1791490334.885,"B,28576,10,5c:62:8b:66:67:d2,0,0,3221,13,-52,A,5c:62:8b:66:67:d2"
1791490334.885,"B,28576,10,46:88:44:6e:4f:e4,3053,7,0,0,-36,S,5c:62:8b:66:67:d2"
1791490334.885,"B,28576,10,72:3b:01:24:b7:c8,84,3,0,0,-17,S,5c:62:8b:66:67:d2"
1791490335.086,"B,28676,10,5c:62:8b:66:67:d2,0,0,1246,10,0,A,5c:62:8b:66:67:d2"
1791490335.086,"B,28676,10,46:88:44:6e:4f:e4,1078,4,0,0,-36,S,5c:62:8b:66:67:d2"
1791490335.086,"B,28676,10,78:8c:b5:f5:e7:26,0,0,60,2,-81,A,78:8c:b5:f5:e7:26"
1791490335.086,"B,28676,10,72:3b:01:24:b7:c8,168,6,0,0,-17,S,5c:62:8b:66:67:d2"
1791490335.086,"B,28676,10,a6:4c:bd:b6:c7:99,60,2,0,0,-88,S,78:8c:b5:f5:e7:26"
1791490335.086,"B,28776,10,b2:db:ca:e6:29:a6,84,3,0,0,-22,S,5c:62:8b:66:67:d2"
1791490335.086,"B,28776,10,5c:62:8b:66:67:d2,0,0,4608,18,-51,A,5c:62:8b:66:67:d2"
1791490335.086,"B,28776,10,46:88:44:6e:4f:e4,4300,7,0,0,-37,S,5c:62:8b:66:67:d2"
1791490335.086,"B,28776,10,72:3b:01:24:b7:c8,224,8,0,0,-17,S,5c:62:8b:66:67:d2"
1791490335.287,"B,28876,10,b2:db:ca:e6:29:a6,28,1,0,0,-21,S,5c:62:8b:66:67:d2"
1791490335.287,"B,28876,10,5c:62:8b:66:67:d2,0,0,1456,6,-52,A,5c:62:8b:66:67:d2"
1791490335.287,"B,28876,10,46:88:44:6e:4f:e4,1428,5,0,0,-38,S,5c:62:8b:66:67:d2"
1791490335.287,"B,28876,10,78:8c:b5:f5:e7:26,0,0,30,1,-81,A,78:8c:b5:f5:e7:26"
1791490335.287,"B,28876,10,a6:4c:bd:b6:c7:99,30,1,0,0,-88,S,78:8c:b5:f5:e7:26"
1791490335.287,"B,28976,10,b2:db:ca:e6:29:a6,56,2,0,0,-20,S,5c:62:8b:66:67:d2"
1791490335.287,"B,28976,10,5c:62:8b:66:67:d2,0,0,2871,12,-51,A,5c:62:8b:66:67:d2"
1791490335.287,"B,28976,10,46:88:44:6e:4f:e4,2703,6,0,0,-38,S,5c:62:8b:66:67:d2"
1791490335.287,"B,28976,10,78:8c:b5:f5:e7:26,0,0,30,1,0,A,78:8c:b5:f5:e7:26"
1791490335.287,"B,28976,10,72:3b:01:24:b7:c8,112,4,0,0,-17,S,5c:62:8b:66:67:d2"
1791490335.287,"B,28976,10,a6:4c:bd:b6:c7:99,30,1,0,0,-89,S,78:8c:b5:f5:e7:26"
1791490335.488,"B,29076,10,b2:db:ca:e6:29:a6,84,3,0,0,-21,S,5c:62:8b:66:67:d2"
1791490335.488,"B,29076,10,5c:62:8b:66:67:d2,0,0,3942,14,-51,A,5c:62:8b:66:67:d2"
1791490335.488,"B,29076,10,46:88:44:6e:4f:e4,3746,7,0,0,-36,S,5c:62:8b:66:67:d2"
1791490335.488,"B,29076,10,72:3b:01:24:b7:c8,112,4,0,0,-17,S,5c:62:8b:66:67:d2"
1791490335.488,"B,29176,10,5c:62:8b:66:67:d2,0,0,2871,12,-52,A,5c:62:8b:66:67:d2"
1791490335.488,"B,29176,10,46:88:44:6e:4f:e4,2703,6,0,0,-36,S,5c:62:8b:66:67:d2"
1791490335.488,"B,29176,10,72:3b:01:24:b7:c8,168,6,0,0,-17,S,5c:62:8b:66:67:d2"
1791490335.689,"B,29276,10,b2:db:ca:e6:29:a6,56,2,0,0,-22,S,5c:62:8b:66:67:d2"
1791490335.689,"B,29276,10,5c:62:8b:66:67:d2,0,0,1540,9,-51,A,5c:62:8b:66:67:d2"
1791490335.689,"B,29276,10,46:88:44:6e:4f:e4,1400,4,0,0,-37,S,5c:62:8b:66:67:d2"
1791490335.689,"B,29276,10,72:3b:01:24:b7:c8,84,3,0,0,-17,S,5c:62:8b:66:67:d2"
1791490335.689,"B,29376,10,b2:db:ca:e6:29:a6,56,2,0,0,-23,S,5c:62:8b:66:67:d2"
1791490335.689,"B,29376,10,5c:62:8b:66:67:d2,0,0,5141,19,-51,A,5c:62:8b:66:67:d2"
1791490335.689,"B,29376,10,46:88:44:6e:4f:e4,4917,11,0,0,-37,S,5c:62:8b:66:67:d2"
1791490335.689,"B,29376,10,78:8c:b5:f5:e7:26,0,0,30,1,0,A,78:8c:b5:f5:e7:26"
1791490335.689,"B,29376,10,72:3b:01:24:b7:c8,168,6,0,0,-17,S,5c:62:8b:66:67:d2"
1791490335.689,"B,29376,10,a6:4c:bd:b6:c7:99,30,1,0,0,-88,S,78:8c:b5:f5:e7:26"
1791490335.889,"B,29476,10,b2:db:ca:e6:29:a6,56,2,0,0,-21,S,5c:62:8b:66:67:d2"
1791490335.889,"B,29476,10,5c:62:8b:66:67:d2,0,0,3543,13,-51,A,5c:62:8b:66:67:d2"
1791490335.889,"B,29476,10,46:88:44:6e:4f:e4,3403,8,0,0,-39,S,5c:62:8b:66:67:d2"
1791490335.889,"B,29476,10,72:3b:01:24:b7:c8,84,3,0,0,-17,S,5c:62:8b:66:67:d2"
1791490335.889,"B,29576,10,b2:db:ca:e6:29:a6,28,1,0,0,-21,S,5c:62:8b:66:67:d2"
1791490335.889,"B,29576,10,5c:62:8b:66:67:d2,0,0,3886,12,-50,A,5c:62:8b:66:67:d2"
1791490335.889,"B,29576,10,46:88:44:6e:4f:e4,3746,7,0,0,-36,S,5c:62:8b:66:67:d2"
1791490335.889,"B,29576,10,78:8c:b5:f5:e7:26,0,0,114,1,-82,A,78:8c:b5:f5:e7:26"
1791490335.889,"B,29576,10,72:3b:01:24:b7:c8,112,4,0,0,-17,S,5c:62:8b:66:67:d2"
1791490335.889,"B,29576,10,a6:4c:bd:b6:c7:99,114,1,0,0,-88,S,78:8c:b5:f5:e7:26"
1791490336.091,"B,29676,10,b2:db:ca:e6:29:a6,28,1,0,0,-23,S,5c:62:8b:66:67:d2"
1791490336.091,"B,29676,10,5c:62:8b:66:67:d2,0,0,3165,11,-52,A,5c:62:8b:66:67:d2"
1791490336.091,"B,29676,10,46:88:44:6e:4f:e4,3053,7,0,0,-38,S,5c:62:8b:66:67:d2"
1791490336.091,"B,29676,10,72:3b:01:24:b7:c8,84,3,0,0,-17,S,5c:62:8b:66:67:d2"
1791490336.091,"B,29776,10,b2:db:ca:e6:29:a6,56,2,0,0,-21,S,5c:62:8b:66:67:d2"
1791490336.091,"B,29776,10,5c:62:8b:66:67:d2,0,0,2871,12,-51,A,5c:62:8b:66:67:d2"
1791490336.091,"B,29776,10,46:88:44:6e:4f:e4,2703,6,0,0,-37,S,5c:62:8b:66:67:d2"
1791490336.091,"B,29776,10,78:8c:b5:f5:e7:26,0,0,94,1,0,A,78:8c:b5:f5:e7:26"
1791490336.091,"B,29776,10,72:3b:01:24:b7:c8,112,4,0,0,-17,S,5c:62:8b:66:67:d2"
1791490336.091,"B,29776,10,a6:4c:bd:b6:c7:99,94,1,0,0,-90,S,78:8c:b5:f5:e7:26"
1791490336.292,"B,29876,10,b2:db:ca:e6:29:a6,56,2,0,0,-22,S,5c:62:8b:66:67:d2"
1791490336.292,"B,29876,10,5c:62:8b:66:67:d2,0,0,3543,13,-51,A,5c:62:8b:66:67:d2"
1791490336.292,"B,29876,10,46:88:44:6e:4f:e4,3375,7,0,0,-40,S,5c:62:8b:66:67:d2"
1791490336.292,"B,29876,10,78:8c:b5:f5:e7:26,0,0,30,1,0,A,78:8c:b5:f5:e7:26"
1791490336.292,"B,29876,10,72:3b:01:24:b7:c8,112,4,0,0,-17,S,5c:62:8b:66:67:d2"
1791490336.292,"B,29876,10,a6:4c:bd:b6:c7:99,30,1,0,0,-87,S,78:8c:b5:f5:e7:26"
1791490336.292,"B,29976,10,b2:db:ca:e6:29:a6,56,2,0,0,-23,S,5c:62:8b:66:67:d2"
1791490336.292,"B,29976,10,5c:62:8b:66:67:d2,0,0,1918,11,-51,A,5c:62:8b:66:67:d2"
1791490336.292,"B,29976,10,46:88:44:6e:4f:e4,1806,7,0,0,-39,S,5c:62:8b:66:67:d2"
1791490336.292,"B,29976,10,72:3b:01:24:b7:c8,56,2,0,0,-17,S,5c:62:8b:66:67:d2"
1791490336.292,"B,29976,10,80:af:ca:68:4c:f8,246,2,0,0,-87,A,80:af:ca:68:4c:f8"
1791490336.493,"B,30076,10,5c:62:8b:66:67:d2,0,0,3487,11,-51,A,5c:62:8b:66:67:d2"
1791490336.493,"B,30076,10,46:88:44:6e:4f:e4,3403,8,0,0,-39,S,5c:62:8b:66:67:d2"
1791490336.493,"B,30076,10,72:3b:01:24:b7:c8,84,3,0,0,-17,S,5c:62:8b:66:67:d2"
1791490336.493,"I,30085,stat,rx=4633,drops=0,ch=10,bin=100,hop=0,heap=203064"
1791490336.493,"B,30176,10,b2:db:ca:e6:29:a6,28,1,0,0,-23,S,5c:62:8b:66:67:d2"
1791490336.493,"B,30176,10,5c:62:8b:66:67:d2,0,0,3165,11,-50,A,5c:62:8b:66:67:d2"
1791490336.493,"B,30176,10,46:88:44:6e:4f:e4,3053,7,0,0,-37,S,5c:62:8b:66:67:d2"
1791490336.493,"B,30176,10,72:3b:01:24:b7:c8,84,3,0,0,-17,S,5c:62:8b:66:67:d2"
1791490336.696,"B,30276,10,5c:62:8b:66:67:d2,0,0,3719,11,-50,A,5c:62:8b:66:67:d2"
1791490336.696,"B,30276,10,46:88:44:6e:4f:e4,3635,8,0,0,-38,S,5c:62:8b:66:67:d2"
1791490336.696,"B,30276,10,78:8c:b5:f5:e7:26,0,0,30,1,-82,A,78:8c:b5:f5:e7:26"
1791490336.696,"B,30276,10,72:3b:01:24:b7:c8,84,3,0,0,-17,S,5c:62:8b:66:67:d2"
1791490336.696,"B,30276,10,a6:4c:bd:b6:c7:99,30,1,0,0,-87,S,78:8c:b5:f5:e7:26"
1791490336.696,"B,30376,10,b2:db:ca:e6:29:a6,56,2,0,0,-22,S,5c:62:8b:66:67:d2"
1791490336.696,"B,30376,10,5c:62:8b:66:67:d2,0,0,2058,16,-52,A,5c:62:8b:66:67:d2"
1791490336.696,"B,30376,10,46:88:44:6e:4f:e4,1778,6,0,0,-40,S,5c:62:8b:66:67:d2"
1791490336.696,"B,30376,10,72:3b:01:24:b7:c8,224,8,0,0,-17,S,5c:62:8b:66:67:d2"
1791490336.696,"B,30376,10,80:af:ca:68:4c:f8,347,3,0,0,-85,A,80:af:ca:68:4c:f8"
1791490336.900,"B,30476,10,b2:db:ca:e6:29:a6,56,2,0,0,-21,S,5c:62:8b:66:67:d2"
1791490336.900,"B,30476,10,5c:62:8b:66:67:d2,0,0,4677,19,-52,A,5c:62:8b:66:67:d2"
1791490336.900,"B,30476,10,46:88:44:6e:4f:e4,4425,10,0,0,-40,S,5c:62:8b:66:67:d2"
1791490336.900,"B,30476,10,78:8c:b5:f5:e7:26,0,0,30,1,-88,A,78:8c:b5:f5:e7:26"
1791490336.900,"B,30476,10,72:3b:01:24:b7:c8,196,7,0,0,-17,S,5c:62:8b:66:67:d2"
1791490336.900,"B,30476,10,a6:4c:bd:b6:c7:99,30,1,0,0,-86,S,78:8c:b5:f5:e7:26"
1791490336.900,"B,30576,10,b2:db:ca:e6:29:a6,84,3,0,0,-22,S,5c:62:8b:66:67:d2"
1791490336.900,"B,30576,10,5c:62:8b:66:67:d2,0,0,2689,17,-51,A,5c:62:8b:66:67:d2"
1791490336.900,"B,30576,10,46:88:44:6e:4f:e4,2353,5,0,0,-38,S,5c:62:8b:66:67:d2"
1791490336.900,"B,30576,10,78:8c:b5:f5:e7:26,0,0,30,1,0,A,78:8c:b5:f5:e7:26"
1791490336.900,"B,30576,10,72:3b:01:24:b7:c8,252,9,0,0,-17,S,5c:62:8b:66:67:d2"
1791490336.900,"B,30576,10,a6:4c:bd:b6:c7:99,30,1,0,0,-86,S,78:8c:b5:f5:e7:26"
1791490337.102,"B,30676,10,b2:db:ca:e6:29:a6,28,1,0,0,-21,S,5c:62:8b:66:67:d2"
1791490337.102,"B,30676,10,5c:62:8b:66:67:d2,0,0,2759,8,-50,A,5c:62:8b:66:67:d2"
1791490337.102,"B,30676,10,46:88:44:6e:4f:e4,2703,6,0,0,-37,S,5c:62:8b:66:67:d2"
1791490337.102,"B,30676,10,72:3b:01:24:b7:c8,28,1,0,0,-17,S,5c:62:8b:66:67:d2"
1791490337.102,"B,30776,10,b2:db:ca:e6:29:a6,56,2,0,0,-22,S,5c:62:8b:66:67:d2"
1791490337.102,"B,30776,10,5c:62:8b:66:67:d2,0,0,3459,10,-51,A,5c:62:8b:66:67:d2"
1791490337.102,"B,30776,10,46:88:44:6e:4f:e4,3403,8,0,0,-38,S,5c:62:8b:66:67:d2"
1791490337.102,"B,30776,10,80:af:ca:68:4c:f8,127,1,0,0,-85,A,80:af:ca:68:4c:f8"
1791490337.306,"B,30876,10,b2:db:ca:e6:29:a6,56,2,0,0,-22,S,5c:62:8b:66:67:d2"
1791490337.306,"B,30876,10,5c:62:8b:66:67:d2,0,0,5750,16,-53,A,5c:62:8b:66:67:d2"
1791490337.306,"B,30876,10,46:88:44:6e:4f:e4,5610,11,0,0,-40,S,5c:62:8b:66:67:d2"
1791490337.306,"B,30876,10,78:8c:b5:f5:e7:26,0,0,60,2,-82,A,78:8c:b5:f5:e7:26"
1791490337.306,"B,30876,10,72:3b:01:24:b7:c8,84,3,0,0,-17,S,5c:62:8b:66:67:d2"
1791490337.306,"B,30876,10,a6:4c:bd:b6:c7:99,60,2,0,0,-88,S,78:8c:b5:f5:e7:26"
1791490337.306,"M,30938,slot,2,1"
1791490337.306,"B,30976,10,b2:db:ca:e6:29:a6,56,2,0,0,-21,S,5c:62:8b:66:67:d2"
1791490337.306,"B,30976,10,5c:62:8b:66:67:d2,0,0,6415,15,-52,A,5c:62:8b:66:67:d2"
1791490337.306,"B,30976,10,46:88:44:6e:4f:e4,6303,11,0,0,-40,S,5c:62:8b:66:67:d2"
1791490337.306,"B,30976,10,78:8c:b5:f5:e7:26,0,0,60,2,-78,A,78:8c:b5:f5:e7:26"
1791490337.306,"B,30976,10,72:3b:01:24:b7:c8,56,2,0,0,-17,S,5c:62:8b:66:67:d2"
1791490337.306,"B,30976,10,a6:4c:bd:b6:c7:99,60,2,0,0,-87,S,78:8c:b5:f5:e7:26"
1791490337.511,"B,31076,10,b2:db:ca:e6:29:a6,84,3,0,0,-22,S,5c:62:8b:66:67:d2"
1791490337.511,"B,31076,10,5c:62:8b:66:67:d2,0,0,1274,11,-50,A,5c:62:8b:66:67:d2"
1791490337.511,"B,31076,10,46:88:44:6e:4f:e4,1078,4,0,0,-37,S,5c:62:8b:66:67:d2"
1791490337.511,"B,31076,10,72:3b:01:24:b7:c8,112,4,0,0,-17,S,5c:62:8b:66:67:d2"
1791490337.511,"B,31176,10,b2:db:ca:e6:29:a6,56,2,0,0,-22,S,5c:62:8b:66:67:d2"
1791490337.511,"B,31176,10,5c:62:8b:66:67:d2,0,0,2955,15,-50,A,5c:62:8b:66:67:d2"
1791490337.511,"B,31176,10,46:88:44:6e:4f:e4,2675,5,0,0,-37,S,5c:62:8b:66:67:d2"
1791490337.511,"B,31176,10,78:8c:b5:f5:e7:26,0,0,30,1,-85,A,78:8c:b5:f5:e7:26"
1791490337.511,"B,31176,10,72:3b:01:24:b7:c8,224,8,0,0,-17,S,5c:62:8b:66:67:d2"
1791490337.511,"B,31176,10,a6:4c:bd:b6:c7:99,30,1,0,0,-90,S,78:8c:b5:f5:e7:26"
1791490337.712,"B,31276,10,5c:62:8b:66:67:d2,0,0,2205,8,-50,A,5c:62:8b:66:67:d2"
1791490337.712,"B,31276,10,46:88:44:6e:4f:e4,2149,6,0,0,-36,S,5c:62:8b:66:67:d2"
1791490337.712,"B,31276,10,72:3b:01:24:b7:c8,56,2,0,0,-17,S,5c:62:8b:66:67:d2"
1791490337.712,"B,31376,10,b2:db:ca:e6:29:a6,28,1,0,0,-21,S,5c:62:8b:66:67:d2"
1791490337.712,"B,31376,10,5c:62:8b:66:67:d2,0,0,7633,24,-50,A,5c:62:8b:66:67:d2"
1791490337.712,"B,31376,10,46:88:44:6e:4f:e4,7381,15,0,0,-38,S,5c:62:8b:66:67:d2"
1791490337.712,"B,31376,10,72:3b:01:24:b7:c8,224,8,0,0,-17,S,5c:62:8b:66:67:d2"
1791490337.918,"B,31476,10,5c:62:8b:66:67:d2,0,0,3193,12,-50,A,5c:62:8b:66:67:d2"
1791490337.918,"B,31476,10,46:88:44:6e:4f:e4,3053,7,0,0,-37,S,5c:62:8b:66:67:d2"
1791490337.918,"B,31476,10,72:3b:01:24:b7:c8,140,5,0,0,-18,S,5c:62:8b:66:67:d2"
1791490337.918,"B,31576,10,5c:62:8b:66:67:d2,0,0,6443,16,-51,A,5c:62:8b:66:67:d2"
1791490337.918,"B,31576,10,46:88:44:6e:4f:e4,6303,11,0,0,-37,S,5c:62:8b:66:67:d2"
1791490337.918,"B,31576,10,72:3b:01:24:b7:c8,140,5,0,0,-17,S,5c:62:8b:66:67:d2"
1791490338.118,"B,31676,10,5c:62:8b:66:67:d2,0,0,1330,13,-50,A,5c:62:8b:66:67:d2"
1791490338.118,"B,31676,10,46:88:44:6e:4f:e4,1050,3,0,0,-37,S,5c:62:8b:66:67:d2"
1791490338.118,"B,31676,10,72:3b:01:24:b7:c8,280,10,0,0,-18,S,5c:62:8b:66:67:d2"
1791490338.118,"B,31776,10,5c:62:8b:66:67:d2,0,0,3165,11,-50,A,5c:62:8b:66:67:d2"
1791490338.118,"B,31776,10,46:88:44:6e:4f:e4,3053,7,0,0,-36,S,5c:62:8b:66:67:d2"
1791490338.118,"B,31776,10,72:3b:01:24:b7:c8,112,4,0,0,-17,S,5c:62:8b:66:67:d2"
1791490338.321,"B,31876,10,5c:62:8b:66:67:d2,0,0,3543,13,-51,A,5c:62:8b:66:67:d2"
1791490338.321,"B,31876,10,46:88:44:6e:4f:e4,3403,8,0,0,-39,S,5c:62:8b:66:67:d2"
1791490338.321,"B,31876,10,b0:a7:b9:23:82:ee,0,0,56,2,-87,A,b0:a7:b9:23:82:ee"
1791490338.321,"B,31876,10,72:3b:01:24:b7:c8,140,5,0,0,-17,S,5c:62:8b:66:67:d2"
1791490338.321,"B,31876,10,e2:5e:2c:92:7b:df,56,2,0,0,-89,S,b0:a7:b9:23:82:ee"
1791490338.321,"B,31976,10,5c:62:8b:66:67:d2,0,0,3011,17,-50,A,5c:62:8b:66:67:d2"
1791490338.321,"B,31976,10,46:88:44:6e:4f:e4,2703,6,0,0,-36,S,5c:62:8b:66:67:d2"
1791490338.321,"B,31976,10,72:3b:01:24:b7:c8,308,11,0,0,-17,S,5c:62:8b:66:67:d2"
1791490338.523,"B,32076,10,b2:db:ca:e6:29:a6,28,1,0,0,-22,S,5c:62:8b:66:67:d2"
1791490338.523,"B,32076,10,5c:62:8b:66:67:d2,0,0,2759,8,-51,A,5c:62:8b:66:67:d2"
1791490338.523,"B,32076,10,46:88:44:6e:4f:e4,2703,6,0,0,-36,S,5c:62:8b:66:67:d2"
1791490338.523,"B,32076,10,72:3b:01:24:b7:c8,28,1,0,0,-17,S,5c:62:8b:66:67:d2"
1791490338.523,"B,32176,10,5c:62:8b:66:67:d2,0,0,4301,12,-50,A,5c:62:8b:66:67:d2"
1791490338.523,"B,32176,10,46:88:44:6e:4f:e4,4217,9,0,0,-38,S,5c:62:8b:66:67:d2"
1791490338.523,"B,32176,10,78:8c:b5:f5:e7:26,0,0,30,1,-81,A,78:8c:b5:f5:e7:26"
1791490338.523,"B,32176,10,72:3b:01:24:b7:c8,84,3,0,0,-17,S,5c:62:8b:66:67:d2"
1791490338.523,"B,32176,10,a6:4c:bd:b6:c7:99,30,1,0,0,-88,S,78:8c:b5:f5:e7:26"
1791490338.727,"B,32276,10,b2:db:ca:e6:29:a6,84,3,0,0,-21,S,5c:62:8b:66:67:d2"
1791490338.727,"B,32276,10,5c:62:8b:66:67:d2,0,0,1162,7,-52,A,5c:62:8b:66:67:d2"
1791490338.727,"B,32276,10,46:88:44:6e:4f:e4,1050,3,0,0,-37,S,5c:62:8b:66:67:d2"
1791490338.727,"B,32276,10,78:8c:b5:f5:e7:26,0,0,90,3,0,A,78:8c:b5:f5:e7:26"
1791490338.727,"B,32276,10,72:3b:01:24:b7:c8,28,1,0,0,-17,S,5c:62:8b:66:67:d2"
1791490338.727,"B,32276,10,a6:4c:bd:b6:c7:99,90,3,0,0,-89,S,78:8c:b5:f5:e7:26"
1791490338.727,"B,32376,10,b2:db:ca:e6:29:a6,28,1,0,0,-23,S,5c:62:8b:66:67:d2"
1791490338.727,"B,32376,10,5c:62:8b:66:67:d2,0,0,2983,16,-51,A,5c:62:8b:66:67:d2"
1791490338.727,"B,32376,10,46:88:44:6e:4f:e4,2703,6,0,0,-38,S,5c:62:8b:66:67:d2"
1791490338.727,"B,32376,10,72:3b:01:24:b7:c8,252,9,0,0,-16,S,5c:62:8b:66:67:d2"
1791490338.930,"B,32476,10,b2:db:ca:e6:29:a6,28,1,0,0,-23,S,5c:62:8b:66:67:d2"
1791490338.930,"B,32476,10,5c:62:8b:66:67:d2,0,0,3739,20,-52,A,5c:62:8b:66:67:d2"
1791490338.930,"B,32476,10,46:88:44:6e:4f:e4,3403,8,0,0,-37,S,5c:62:8b:66:67:d2"
1791490338.930,"B,32476,10,78:8c:b5:f5:e7:26,0,0,30,1,-82,A,78:8c:b5:f5:e7:26"
1791490338.930,"B,32476,10,72:3b:01:24:b7:c8,308,11,0,0,-17,S,5c:62:8b:66:67:d2"
1791490338.930,"B,32476,10,80:af:ca:68:4c:f8,84,1,0,0,-87,A,80:af:ca:68:4c:f8"
1791490338.930,"B,32476,10,a6:4c:bd:b6:c7:99,30,1,0,0,-90,S,78:8c:b5:f5:e7:26"
1791490338.930,"B,32576,10,5c:62:8b:66:67:d2,138,1,4384,10,-50,A,5c:62:8b:66:67:d2"
1791490338.930,"B,32576,10,46:88:44:6e:4f:e4,4356,9,138,1,-36,S,5c:62:8b:66:67:d2"
1791490338.930,"B,32576,10,78:8c:b5:f5:e7:26,0,0,30,1,-83,A,78:8c:b5:f5:e7:26"
1791490338.930,"B,32576,10,72:3b:01:24:b7:c8,28,1,0,0,-17,S,5c:62:8b:66:67:d2"
1791490338.930,"B,32576,10,a6:4c:bd:b6:c7:99,30,1,0,0,-88,S,78:8c:b5:f5:e7:26"
1791490339.131,"B,32676,10,5c:62:8b:66:67:d2,0,0,3315,14,-51,A,5c:62:8b:66:67:d2"
1791490339.131,"B,32676,10,46:88:44:6e:4f:e4,3175,9,0,0,-38,S,5c:62:8b:66:67:d2"
1791490339.131,"B,32676,10,72:3b:01:24:b7:c8,140,5,0,0,-17,S,5c:62:8b:66:67:d2"
1791490339.131,"B,32776,10,5c:62:8b:66:67:d2,0,0,2871,12,-50,A,5c:62:8b:66:67:d2"
1791490339.131,"B,32776,10,46:88:44:6e:4f:e4,2731,7,0,0,-37,S,5c:62:8b:66:67:d2"
1791490339.131,"B,32776,10,b0:a7:b9:23:82:ee,0,0,28,1,-87,A,b0:a7:b9:23:82:ee"
1791490339.131,"B,32776,10,72:3b:01:24:b7:c8,140,5,0,0,-17,S,5c:62:8b:66:67:d2"
1791490339.131,"B,32776,10,80:af:ca:68:4c:f8,127,1,0,0,-85,A,80:af:ca:68:4c:f8"
1791490339.131,"B,32776,10,e2:5e:2c:92:7b:df,28,1,0,0,-90,S,b0:a7:b9:23:82:ee"
1791490339.336,"B,32876,10,5c:62:8b:66:67:d2,0,0,1218,9,-51,A,5c:62:8b:66:67:d2"
1791490339.336,"B,32876,10,46:88:44:6e:4f:e4,1078,4,0,0,-39,S,5c:62:8b:66:67:d2"
1791490339.336,"B,32876,10,72:3b:01:24:b7:c8,140,5,0,0,-17,S,5c:62:8b:66:67:d2"
1791490339.336,"B,32976,10,b2:db:ca:e6:29:a6,56,2,0,0,-22,S,5c:62:8b:66:67:d2"
1791490339.336,"B,32976,10,5c:62:8b:66:67:d2,0,0,7372,18,0,A,5c:62:8b:66:67:d2"
1791490339.336,"B,32976,10,46:88:44:6e:4f:e4,7204,12,0,0,-40,S,5c:62:8b:66:67:d2"
1791490339.336,"B,32976,10,72:3b:01:24:b7:c8,112,4,0,0,-17,S,5c:62:8b:66:67:d2"
1791490339.537,"B,33076,10,b2:db:ca:e6:29:a6,56,2,0,0,-21,S,5c:62:8b:66:67:d2"
1791490339.537,"B,33076,10,5c:62:8b:66:67:d2,0,0,3648,15,-51,A,5c:62:8b:66:67:d2"
1791490339.537,"B,33076,10,46:88:44:6e:4f:e4,3452,8,0,0,-39,S,5c:62:8b:66:67:d2"
1791490339.537,"B,33076,10,72:3b:01:24:b7:c8,140,5,0,0,-17,S,5c:62:8b:66:67:d2"
1791490339.537,"B,33176,10,b2:db:ca:e6:29:a6,28,1,0,0,-22,S,5c:62:8b:66:67:d2"
1791490339.537,"B,33176,10,5c:62:8b:66:67:d2,0,0,4558,13,-51,A,5c:62:8b:66:67:d2"
1791490339.537,"B,33176,10,46:88:44:6e:4f:e4,4446,9,0,0,-36,S,5c:62:8b:66:67:d2"
1791490339.537,"B,33176,10,72:3b:01:24:b7:c8,84,3,0,0,-17,S,5c:62:8b:66:67:d2"
1791490339.741,"B,33276,10,b2:db:ca:e6:29:a6,28,1,0,0,-23,S,5c:62:8b:66:67:d2"
1791490339.741,"B,33276,10,5c:62:8b:66:67:d2,0,0,5041,17,-50,A,5c:62:8b:66:67:d2"
1791490339.741,"B,33276,10,46:88:44:6e:4f:e4,4789,8,0,0,-38,S,5c:62:8b:66:67:d2"
1791490339.741,"B,33276,10,78:8c:b5:f5:e7:26,0,0,30,1,-82,A,78:8c:b5:f5:e7:26"
1791490339.741,"B,33276,10,72:3b:01:24:b7:c8,224,8,0,0,-17,S,5c:62:8b:66:67:d2"
1791490339.741,"B,33276,10,80:af:ca:68:4c:f8,107,1,0,0,-85,A,80:af:ca:68:4c:f8"
1791490339.741,"B,33276,10,a6:4c:bd:b6:c7:99,30,1,0,0,-90,S,78:8c:b5:f5:e7:26"
1791490339.741,"B,33376,10,5c:62:8b:66:67:d2,0,0,2871,12,-51,A,5c:62:8b:66:67:d2"
1791490339.741,"B,33376,10,46:88:44:6e:4f:e4,2703,6,0,0,-38,S,5c:62:8b:66:67:d2"
1791490339.741,"B,33376,10,72:3b:01:24:b7:c8,168,6,0,0,-17,S,5c:62:8b:66:67:d2"
1791490339.946,"B,33476,10,5c:62:8b:66:67:d2,0,0,1456,6,-50,A,5c:62:8b:66:67:d2"
1791490339.946,"B,33476,10,46:88:44:6e:4f:e4,1428,5,0,0,-40,S,5c:62:8b:66:67:d2"
1791490339.946,"B,33476,10,72:3b:01:24:b7:c8,28,1,0,0,-18,S,5c:62:8b:66:67:d2"
1791490339.946,"B,33576,10,5c:62:8b:66:67:d2,0,0,3221,13,-50,A,5c:62:8b:66:67:d2"
1791490339.946,"B,33576,10,46:88:44:6e:4f:e4,3025,6,0,0,-39,S,5c:62:8b:66:67:d2"
1791490339.946,"B,33576,10,72:3b:01:24:b7:c8,196,7,0,0,-17,S,5c:62:8b:66:67:d2"
1791490340.151,"B,33676,10,5c:62:8b:66:67:d2,0,0,3165,11,-50,A,5c:62:8b:66:67:d2"
1791490340.151,"B,33676,10,46:88:44:6e:4f:e4,3081,8,0,0,-39,S,5c:62:8b:66:67:d2"
1791490340.151,"B,33676,10,72:3b:01:24:b7:c8,84,3,0,0,-17,S,5c:62:8b:66:67:d2"
1791490340.151,"B,33776,10,5c:62:8b:66:67:d2,0,0,2871,12,-50,A,5c:62:8b:66:67:d2"
1791490340.151,"B,33776,10,46:88:44:6e:4f:e4,2703,6,0,0,-37,S,5c:62:8b:66:67:d2"
1791490340.151,"B,33776,10,78:8c:b5:f5:e7:26,0,0,60,2,-82,A,78:8c:b5:f5:e7:26"
1791490340.151,"B,33776,10,72:3b:01:24:b7:c8,168,6,0,0,-17,S,5c:62:8b:66:67:d2"
1791490340.151,"B,33776,10,a6:4c:bd:b6:c7:99,60,2,0,0,-90,S,78:8c:b5:f5:e7:26"
1791490340.356,"B,33876,10,5c:62:8b:66:67:d2,0,0,2815,10,-51,A,5c:62:8b:66:67:d2"
1791490340.356,"B,33876,10,46:88:44:6e:4f:e4,2703,6,0,0,-37,S,5c:62:8b:66:67:d2"
1791490340.356,"B,33876,10,78:8c:b5:f5:e7:26,80,1,0,0,-82,A,78:8c:b5:f5:e7:26"
1791490340.356,"B,33876,10,72:3b:01:24:b7:c8,112,4,0,0,-17,S,5c:62:8b:66:67:d2"
1791490340.356,"B,33976,10,5c:62:8b:66:67:d2,0,0,3487,11,-51,A,5c:62:8b:66:67:d2"
1791490340.356,"B,33976,10,46:88:44:6e:4f:e4,3403,8,0,0,-38,S,5c:62:8b:66:67:d2"
1791490340.356,"B,33976,10,78:8c:b5:f5:e7:26,0,0,30,1,-83,A,78:8c:b5:f5:e7:26"
1791490340.356,"B,33976,10,72:3b:01:24:b7:c8,84,3,0,0,-17,S,5c:62:8b:66:67:d2"
1791490340.356,"B,33976,10,a6:4c:bd:b6:c7:99,30,1,0,0,-91,S,78:8c:b5:f5:e7:26"
1791490340.561,"B,34076,10,5c:62:8b:66:67:d2,0,0,2983,16,-50,A,5c:62:8b:66:67:d2"
1791490340.561,"B,34076,10,46:88:44:6e:4f:e4,2675,5,0,0,-39,S,5c:62:8b:66:67:d2"
1791490340.561,"B,34076,10,78:8c:b5:f5:e7:26,0,0,30,1,0,A,78:8c:b5:f5:e7:26"
1791490340.561,"B,34076,10,72:3b:01:24:b7:c8,308,11,0,0,-17,S,5c:62:8b:66:67:d2"
1791490340.561,"B,34076,10,80:af:ca:68:4c:f8,104,1,0,0,-87,A,80:af:ca:68:4c:f8"
1791490340.561,"B,34076,10,a6:4c:bd:b6:c7:99,30,1,0,0,-89,S,78:8c:b5:f5:e7:26"
1791490340.561,"B,34176,10,5c:62:8b:66:67:d2,0,0,3193,12,-50,A,5c:62:8b:66:67:d2"
1791490340.561,"B,34176,10,46:88:44:6e:4f:e4,3053,7,0,0,-37,S,5c:62:8b:66:67:d2"
1791490340.561,"B,34176,10,72:3b:01:24:b7:c8,140,5,0,0,-17,S,5c:62:8b:66:67:d2"
1791490340.763,"B,34276,10,5c:62:8b:66:67:d2,0,0,2731,7,-50,A,5c:62:8b:66:67:d2"
1791490340.763,"B,34276,10,46:88:44:6e:4f:e4,2703,6,0,0,-37,S,5c:62:8b:66:67:d2"
1791490340.763,"B,34276,10,72:3b:01:24:b7:c8,28,1,0,0,-20,S,5c:62:8b:66:67:d2"
1791490340.763,"B,34376,10,5c:62:8b:66:67:d2,0,0,2618,13,-50,A,5c:62:8b:66:67:d2"
1791490340.763,"B,34376,10,46:88:44:6e:4f:e4,2478,8,0,0,-38,S,5c:62:8b:66:67:d2"
1791490340.763,"B,34376,10,72:3b:01:24:b7:c8,140,5,0,0,-17,S,5c:62:8b:66:67:d2"
1791490340.967,"B,34476,10,b2:db:ca:e6:29:a6,56,2,0,0,-23,S,5c:62:8b:66:67:d2"
1791490340.967,"B,34476,10,5c:62:8b:66:67:d2,0,0,4614,15,-51,A,5c:62:8b:66:67:d2"
1791490340.967,"B,34476,10,46:88:44:6e:4f:e4,4446,9,0,0,-38,S,5c:62:8b:66:67:d2"
1791490340.967,"B,34476,10,72:3b:01:24:b7:c8,112,4,0,0,-17,S,5c:62:8b:66:67:d2"
1791490340.967,"B,34576,10,5c:62:8b:66:67:d2,0,0,2675,5,-50,A,5c:62:8b:66:67:d2"
1791490340.967,"B,34576,10,46:88:44:6e:4f:e4,2675,5,0,0,-39,S,5c:62:8b:66:67:d2"
1791490341.172,"B,34676,10,b2:db:ca:e6:29:a6,56,2,0,0,-21,S,5c:62:8b:66:67:d2"
1791490341.172,"B,34676,10,5c:62:8b:66:67:d2,0,0,4264,14,-51,A,5c:62:8b:66:67:d2"
1791490341.172,"B,34676,10,46:88:44:6e:4f:e4,4096,8,0,0,-37,S,5c:62:8b:66:67:d2"
1791490341.172,"B,34676,10,72:3b:01:24:b7:c8,112,4,0,0,-17,S,5c:62:8b:66:67:d2"
1791490341.172,"B,34776,10,b2:db:ca:e6:29:a6,84,3,0,0,-22,S,5c:62:8b:66:67:d2"
1791490341.172,"B,34776,10,5c:62:8b:66:67:d2,0,0,924,10,-50,A,5c:62:8b:66:67:d2"
1791490341.172,"B,34776,10,46:88:44:6e:4f:e4,728,3,0,0,-36,S,5c:62:8b:66:67:d2"
1791490341.172,"B,34776,10,72:3b:01:24:b7:c8,112,4,0,0,-17,S,5c:62:8b:66:67:d2"
1791490341.373,"B,34876,10,b2:db:ca:e6:29:a6,28,1,0,0,-22,S,5c:62:8b:66:67:d2"
1791490341.373,"B,34876,10,5c:62:8b:66:67:d2,0,0,4412,11,-51,A,5c:62:8b:66:67:d2"
1791490341.373,"B,34876,10,46:88:44:6e:4f:e4,4328,8,0,0,-37,S,5c:62:8b:66:67:d2"
1791490341.373,"B,34876,10,78:8c:b5:f5:e7:26,80,1,0,0,-82,A,78:8c:b5:f5:e7:26"
1791490341.373,"B,34876,10,72:3b:01:24:b7:c8,56,2,0,0,-18,S,5c:62:8b:66:67:d2"
1791490341.373,"B,34976,10,b2:db:ca:e6:29:a6,56,2,0,0,-21,S,5c:62:8b:66:67:d2"
1791490341.373,"B,34976,10,5c:62:8b:66:67:d2,0,0,2268,12,-52,A,5c:62:8b:66:67:d2"
1791490341.373,"B,34976,10,46:88:44:6e:4f:e4,2128,7,0,0,-39,S,5c:62:8b:66:67:d2"
1791490341.373,"B,34976,10,72:3b:01:24:b7:c8,84,3,0,0,-17,S,5c:62:8b:66:67:d2"
1791490341.575,"B,35076,10,b2:db:ca:e6:29:a6,56,2,0,0,-22,S,5c:62:8b:66:67:d2"
1791490341.575,"B,35076,10,5c:62:8b:66:67:d2,0,0,3333,17,-51,A,5c:62:8b:66:67:d2"
1791490341.575,"B,35076,10,46:88:44:6e:4f:e4,3025,6,0,0,-39,S,5c:62:8b:66:67:d2"
1791490341.575,"B,35076,10,72:3b:01:24:b7:c8,252,9,0,0,-17,S,5c:62:8b:66:67:d2"
1791490341.575,"I,35086,stat,rx=5483,drops=0,ch=10,bin=100,hop=0,heap=203064"
1791490341.575,"B,35176,10,b2:db:ca:e6:29:a6,56,2,0,0,-23,S,5c:62:8b:66:67:d2"
1791490341.575,"B,35176,10,5c:62:8b:66:67:d2,0,0,3165,11,-50,A,5c:62:8b:66:67:d2"
1791490341.575,"B,35176,10,46:88:44:6e:4f:e4,3053,7,0,0,-36,S,5c:62:8b:66:67:d2"
1791490341.575,"B,35176,10,78:8c:b5:f5:e7:26,0,0,30,1,-80,A,78:8c:b5:f5:e7:26"
1791490341.575,"B,35176,10,72:3b:01:24:b7:c8,56,2,0,0,-17,S,5c:62:8b:66:67:d2"
1791490341.575,"B,35176,10,a6:4c:bd:b6:c7:99,30,1,0,0,-90,S,78:8c:b5:f5:e7:26"
1791490341.780,"B,35276,10,b2:db:ca:e6:29:a6,56,2,0,0,-21,S,5c:62:8b:66:67:d2"
1791490341.780,"B,35276,10,5c:62:8b:66:67:d2,0,0,3459,10,-50,A,5c:62:8b:66:67:d2"
1791490341.780,"B,35276,10,46:88:44:6e:4f:e4,3403,8,0,0,-37,S,5c:62:8b:66:67:d2"
1791490341.780,"B,35376,10,b2:db:ca:e6:29:a6,56,2,0,0,-21,S,5c:62:8b:66:67:d2"
1791490341.780,"B,35376,10,5c:62:8b:66:67:d2,0,0,6471,17,-50,A,5c:62:8b:66:67:d2"
1791490341.780,"B,35376,10,46:88:44:6e:4f:e4,6303,11,0,0,-40,S,5c:62:8b:66:67:d2"
1791490341.780,"B,35376,10,72:3b:01:24:b7:c8,112,4,0,0,-17,S,5c:62:8b:66:67:d2"
1791490341.980,"B,35476,10,b2:db:ca:e6:29:a6,28,1,0,0,-21,S,5c:62:8b:66:67:d2"
1791490341.980,"B,35476,10,5c:62:8b:66:67:d2,0,0,3221,13,-51,A,5c:62:8b:66:67:d2"
1791490341.980,"B,35476,10,46:88:44:6e:4f:e4,3053,7,0,0,-37,S,5c:62:8b:66:67:d2"
1791490341.980,"B,35476,10,72:3b:01:24:b7:c8,140,5,0,0,-17,S,5c:62:8b:66:67:d2"
1791490341.980,"B,35576,10,b2:db:ca:e6:29:a6,28,1,0,0,-21,S,5c:62:8b:66:67:d2"
1791490341.980,"B,35576,10,5c:62:8b:66:67:d2,0,0,728,3,-50,A,5c:62:8b:66:67:d2"
1791490341.980,"B,35576,10,46:88:44:6e:4f:e4,700,2,0,0,-36,S,5c:62:8b:66:67:d2"
1791490342.180,"B,35676,10,b2:db:ca:e6:29:a6,28,1,0,0,-23,S,5c:62:8b:66:67:d2"
1791490342.180,"B,35676,10,5c:62:8b:66:67:d2,0,0,3221,13,-50,A,5c:62:8b:66:67:d2"
1791490342.180,"B,35676,10,46:88:44:6e:4f:e4,3053,7,0,0,-37,S,5c:62:8b:66:67:d2"
1791490342.180,"B,35676,10,72:3b:01:24:b7:c8,140,5,0,0,-17,S,5c:62:8b:66:67:d2"
1791490342.180,"B,35776,10,b2:db:ca:e6:29:a6,112,4,0,0,-21,S,5c:62:8b:66:67:d2"
1791490342.180,"B,35776,10,5c:62:8b:66:67:d2,0,0,2927,14,-50,A,5c:62:8b:66:67:d2"
1791490342.180,"B,35776,10,46:88:44:6e:4f:e4,2703,6,0,0,-36,S,5c:62:8b:66:67:d2"
1791490342.180,"B,35776,10,72:3b:01:24:b7:c8,112,4,0,0,-17,S,5c:62:8b:66:67:d2"
1791490342.180,"B,35876,10,5c:62:8b:66:67:d2,0,0,2731,7,-50,A,5c:62:8b:66:67:d2"
1791490342.180,"B,35876,10,46:88:44:6e:4f:e4,2703,6,0,0,-37,S,5c:62:8b:66:67:d2"
1791490342.180,"B,35876,10,78:8c:b5:f5:e7:26,0,0,30,1,-78,A,78:8c:b5:f5:e7:26"
1791490342.381,"B,35876,10,72:3b:01:24:b7:c8,28,1,0,0,-17,S,5c:62:8b:66:67:d2"
1791490342.381,"B,35876,10,a6:4c:bd:b6:c7:99,30,1,0,0,-90,S,78:8c:b5:f5:e7:26"
1791490342.381,"B,35976,10,b2:db:ca:e6:29:a6,112,4,0,0,-22,S,5c:62:8b:66:67:d2"
1791490342.381,"B,35976,10,5c:62:8b:66:67:d2,0,0,3389,19,-50,A,5c:62:8b:66:67:d2"
1791490342.381,"B,35976,10,46:88:44:6e:4f:e4,3053,7,0,0,-38,S,5c:62:8b:66:67:d2"
1791490342.381,"B,35976,10,72:3b:01:24:b7:c8,224,8,0,0,-17,S,5c:62:8b:66:67:d2"
1791490342.381,"M,36018,slot,3,0"
1791490342.381,"B,36076,10,b2:db:ca:e6:29:a6,56,2,0,0,-21,S,5c:62:8b:66:67:d2"
1791490342.381,"B,36076,10,5c:62:8b:66:67:d2,0,0,6009,12,-52,A,5c:62:8b:66:67:d2"
1791490342.381,"B,36076,10,46:88:44:6e:4f:e4,5953,10,0,0,-40,S,5c:62:8b:66:67:d2"
1791490342.583,"B,36176,10,b2:db:ca:e6:29:a6,28,1,0,0,-21,S,5c:62:8b:66:67:d2"
1791490342.583,"B,36176,10,5c:62:8b:66:67:d2,0,0,1078,4,-51,A,5c:62:8b:66:67:d2"
1791490342.583,"B,36176,10,46:88:44:6e:4f:e4,1050,3,0,0,-38,S,5c:62:8b:66:67:d2"
1791490342.583,"B,36276,10,b2:db:ca:e6:29:a6,84,3,0,0,-23,S,5c:62:8b:66:67:d2"
1791490342.583,"B,36276,10,5c:62:8b:66:67:d2,0,0,3011,17,-50,A,5c:62:8b:66:67:d2"
1791490342.583,"B,36276,10,46:88:44:6e:4f:e4,2675,5,0,0,-36,S,5c:62:8b:66:67:d2"
1791490342.583,"B,36276,10,72:3b:01:24:b7:c8,252,9,0,0,-17,S,5c:62:8b:66:67:d2"
1791490342.784,"B,36376,10,5c:62:8b:66:67:d2,0,0,2703,6,-50,A,5c:62:8b:66:67:d2"
1791490342.784,"B,36376,10,46:88:44:6e:4f:e4,2703,6,0,0,-36,S,5c:62:8b:66:67:d2"
1791490342.784,"B,36476,10,b2:db:ca:e6:29:a6,84,3,0,0,-21,S,5c:62:8b:66:67:d2"
1791490342.784,"B,36476,10,5c:62:8b:66:67:d2,0,0,2787,9,-50,A,5c:62:8b:66:67:d2"
1791490342.784,"B,36476,10,46:88:44:6e:4f:e4,2703,6,0,0,-37,S,5c:62:8b:66:67:d2"
1791490342.984,"B,36576,10,b2:db:ca:e6:29:a6,56,2,0,0,-21,S,5c:62:8b:66:67:d2"
1791490342.984,"B,36576,10,5c:62:8b:66:67:d2,0,0,6296,24,-50,A,5c:62:8b:66:67:d2"
1791490342.984,"B,36576,10,46:88:44:6e:4f:e4,5960,12,0,0,-38,S,5c:62:8b:66:67:d2"
1791490342.984,"B,36576,10,72:3b:01:24:b7:c8,280,10,0,0,-17,S,5c:62:8b:66:67:d2"
1791490342.984,"B,36676,10,b2:db:ca:e6:29:a6,56,2,0,0,-21,S,5c:62:8b:66:67:d2"
1791490342.984,"B,36676,10,5c:62:8b:66:67:d2,0,0,3109,9,-50,A,5c:62:8b:66:67:d2"
1791490342.984,"B,36676,10,46:88:44:6e:4f:e4,3053,7,0,0,-39,S,5c:62:8b:66:67:d2"
1791490342.984,"B,36676,10,80:af:ca:68:4c:f8,128,1,0,0,-87,A,80:af:ca:68:4c:f8"
1791490343.185,"B,36776,10,b2:db:ca:e6:29:a6,28,1,0,0,-22,S,5c:62:8b:66:67:d2"
1791490343.185,"B,36776,10,5c:62:8b:66:67:d2,0,0,1862,9,-51,A,5c:62:8b:66:67:d2"
1791490343.185,"B,36776,10,46:88:44:6e:4f:e4,1750,5,0,0,-37,S,5c:62:8b:66:67:d2"
1791490343.185,"B,36776,10,72:3b:01:24:b7:c8,84,3,0,0,-18,S,5c:62:8b:66:67:d2"
1791490343.185,"B,36876,10,b2:db:ca:e6:29:a6,84,3,0,0,-23,S,5c:62:8b:66:67:d2"
1791490343.185,"B,36876,10,5c:62:8b:66:67:d2,0,0,6506,20,-50,A,5c:62:8b:66:67:d2"
1791490343.185,"B,36876,10,46:88:44:6e:4f:e4,6310,13,0,0,-36,S,5c:62:8b:66:67:d2"
1791490343.185,"B,36876,10,72:3b:01:24:b7:c8,112,4,0,0,-17,S,5c:62:8b:66:67:d2"
1791490343.385,"B,36976,10,b2:db:ca:e6:29:a6,28,1,0,0,-21,S,5c:62:8b:66:67:d2"
1791490343.385,"B,36976,10,5c:62:8b:66:67:d2,0,0,7381,15,-50,A,5c:62:8b:66:67:d2"
1791490343.385,"B,36976,10,46:88:44:6e:4f:e4,7353,14,0,0,-38,S,5c:62:8b:66:67:d2"
1791490343.385,"B,37076,10,b2:db:ca:e6:29:a6,28,1,0,0,-22,S,5c:62:8b:66:67:d2"
1791490343.385,"B,37076,10,5c:62:8b:66:67:d2,0,0,3627,16,-50,A,5c:62:8b:66:67:d2"
1791490343.385,"B,37076,10,46:88:44:6e:4f:e4,3403,8,0,0,-37,S,5c:62:8b:66:67:d2"
1791490343.587,"B,37076,10,72:3b:01:24:b7:c8,196,7,0,0,-18,S,5c:62:8b:66:67:d2"
1791490343.587,"B,37176,10,5c:62:8b:66:67:d2,0,0,4007,13,0,A,5c:62:8b:66:67:d2"
1791490343.587,"B,37176,10,46:88:44:6e:4f:e4,3867,8,0,0,-36,S,5c:62:8b:66:67:d2"
1791490343.587,"B,37176,10,72:3b:01:24:b7:c8,140,5,0,0,-17,S,5c:62:8b:66:67:d2"
1791490343.587,"B,37276,10,5c:62:8b:66:67:d2,0,0,3192,7,-51,A,5c:62:8b:66:67:d2"
1791490343.587,"B,37276,10,46:88:44:6e:4f:e4,3164,6,0,0,-37,S,5c:62:8b:66:67:d2"
1791490343.587,"B,37276,10,72:3b:01:24:b7:c8,28,1,0,0,-17,S,5c:62:8b:66:67:d2"
1791490343.788,"B,37376,10,5c:62:8b:66:67:d2,0,0,2094,9,-50,A,5c:62:8b:66:67:d2"
1791490343.788,"B,37376,10,46:88:44:6e:4f:e4,1982,5,0,0,-39,S,5c:62:8b:66:67:d2"
1791490343.788,"B,37376,10,72:3b:01:24:b7:c8,112,4,0,0,-17,S,5c:62:8b:66:67:d2"
1791490343.788,"B,37476,10,5c:62:8b:66:67:d2,0,0,6093,15,-50,A,5c:62:8b:66:67:d2"
1791490343.788,"B,37476,10,46:88:44:6e:4f:e4,5953,10,0,0,-40,S,5c:62:8b:66:67:d2"
1791490343.788,"B,37476,10,72:3b:01:24:b7:c8,140,5,0,0,-17,S,5c:62:8b:66:67:d2"
1791490343.788,"B,37476,10,8a:ce:16:78:6f:dc,0,0,30,1,0,A,8a:ce:16:78:6f:dc"
1791490343.788,"B,37476,10,38:d5:7a:f4:5a:37,30,1,0,0,-89,S,8a:ce:16:78:6f:dc"
1791490343.990,"B,37576,10,5c:62:8b:66:67:d2,138,1,3403,8,-51,A,5c:62:8b:66:67:d2"
1791490343.990,"B,37576,10,46:88:44:6e:4f:e4,3403,8,138,1,-37,S,5c:62:8b:66:67:d2"
1791490343.990,"B,37676,10,b2:db:ca:e6:29:a6,28,1,0,0,-23,S,5c:62:8b:66:67:d2"
1791490343.990,"B,37676,10,5c:62:8b:66:67:d2,0,0,4624,13,-51,A,5c:62:8b:66:67:d2"
1791490343.990,"B,37676,10,46:88:44:6e:4f:e4,4512,9,0,0,-37,S,5c:62:8b:66:67:d2"
1791490343.990,"B,37676,10,72:3b:01:24:b7:c8,84,3,0,0,-17,S,5c:62:8b:66:67:d2"
1791490344.191,"B,37776,10,b2:db:ca:e6:29:a6,56,2,0,0,-22,S,5c:62:8b:66:67:d2"
1791490344.191,"B,37776,10,5c:62:8b:66:67:d2,0,0,5657,16,-51,A,5c:62:8b:66:67:d2"
1791490344.191,"B,37776,10,46:88:44:6e:4f:e4,5489,10,0,0,-36,S,5c:62:8b:66:67:d2"
1791490344.191,"B,37776,10,72:3b:01:24:b7:c8,112,4,0,0,-17,S,5c:62:8b:66:67:d2"
1791490344.191,"B,37876,10,5c:62:8b:66:67:d2,0,0,1778,6,-51,A,5c:62:8b:66:67:d2"
1791490344.191,"B,37876,10,46:88:44:6e:4f:e4,1778,6,0,0,-35,S,5c:62:8b:66:67:d2"
1791490344.393,"B,37976,10,b2:db:ca:e6:29:a6,28,1,0,0,-21,S,5c:62:8b:66:67:d2"
1791490344.393,"B,37976,10,5c:62:8b:66:67:d2,0,0,5490,15,-51,A,5c:62:8b:66:67:d2"
1791490344.393,"B,37976,10,46:88:44:6e:4f:e4,5350,10,0,0,-36,S,5c:62:8b:66:67:d2"
1791490344.393,"B,37976,10,72:3b:01:24:b7:c8,112,4,0,0,-17,S,5c:62:8b:66:67:d2"
1791490344.393,"B,38076,10,b2:db:ca:e6:29:a6,28,1,0,0,-23,S,5c:62:8b:66:67:d2"
1791490344.393,"B,38076,10,5c:62:8b:66:67:d2,0,0,3571,14,-50,A,5c:62:8b:66:67:d2"
1791490344.393,"B,38076,10,46:88:44:6e:4f:e4,3403,8,0,0,-37,S,5c:62:8b:66:67:d2"
1791490344.393,"B,38076,10,72:3b:01:24:b7:c8,140,5,0,0,-17,S,5c:62:8b:66:67:d2"
1791490344.596,"B,38176,10,b2:db:ca:e6:29:a6,140,5,0,0,-20,S,5c:62:8b:66:67:d2"
1791490344.596,"B,38176,10,5c:62:8b:66:67:d2,0,0,8242,21,-50,A,5c:62:8b:66:67:d2"
1791490344.596,"B,38176,10,46:88:44:6e:4f:e4,8074,15,0,0,-39,S,5c:62:8b:66:67:d2"
1791490344.596,"B,38176,10,72:3b:01:24:b7:c8,28,1,0,0,-17,S,5c:62:8b:66:67:d2"
1791490344.596,"B,38276,10,b2:db:ca:e6:29:a6,56,2,0,0,-20,S,5c:62:8b:66:67:d2"
1791490344.596,"B,38276,10,5c:62:8b:66:67:d2,0,0,7119,19,-52,A,5c:62:8b:66:67:d2"
1791490344.596,"B,38276,10,46:88:44:6e:4f:e4,7007,15,0,0,-37,S,5c:62:8b:66:67:d2"
1791490344.596,"B,38276,10,72:3b:01:24:b7:c8,56,2,0,0,-17,S,5c:62:8b:66:67:d2"
1791490344.799,"B,38376,10,b2:db:ca:e6:29:a6,56,2,0,0,-22,S,5c:62:8b:66:67:d2"
1791490344.799,"B,38376,10,5c:62:8b:66:67:d2,0,0,6211,16,-50,A,5c:62:8b:66:67:d2"
1791490344.799,"B,38376,10,46:88:44:6e:4f:e4,6071,11,0,0,-37,S,5c:62:8b:66:67:d2"
1791490344.799,"B,38376,10,72:3b:01:24:b7:c8,84,3,0,0,-17,S,5c:62:8b:66:67:d2"
1791490344.799,"B,38476,10,b2:db:ca:e6:29:a6,56,2,0,0,-21,S,5c:62:8b:66:67:d2"
1791490344.799,"B,38476,10,5c:62:8b:66:67:d2,0,0,4039,16,-50,A,5c:62:8b:66:67:d2"
1791490344.799,"B,38476,10,46:88:44:6e:4f:e4,3871,10,0,0,-37,S,5c:62:8b:66:67:d2"
1791490344.799,"B,38476,10,72:3b:01:24:b7:c8,112,4,0,0,-17,S,5c:62:8b:66:67:d2"
1791490345.001,"B,38576,10,b2:db:ca:e6:29:a6,84,3,0,0,-21,S,5c:62:8b:66:67:d2"
1791490345.001,"B,38576,10,5c:62:8b:66:67:d2,0,0,3116,11,-50,A,5c:62:8b:66:67:d2"
1791490345.001,"B,38576,10,46:88:44:6e:4f:e4,3032,8,0,0,-39,S,5c:62:8b:66:67:d2"
1791490345.001,"B,38676,10,b2:db:ca:e6:29:a6,56,2,0,0,-21,S,5c:62:8b:66:67:d2"
1791490345.001,"B,38676,10,5c:62:8b:66:67:d2,0,0,5601,14,-50,A,5c:62:8b:66:67:d2"
1791490345.001,"B,38676,10,46:88:44:6e:4f:e4,5489,10,0,0,-37,S,5c:62:8b:66:67:d2"
1791490345.001,"B,38676,10,72:3b:01:24:b7:c8,56,2,0,0,-17,S,5c:62:8b:66:67:d2"
1791490345.206,"B,38776,10,b2:db:ca:e6:29:a6,56,2,0,0,-21,S,5c:62:8b:66:67:d2"
1791490345.206,"B,38776,10,5c:62:8b:66:67:d2,0,0,5251,13,-50,A,5c:62:8b:66:67:d2"
1791490345.206,"B,38776,10,46:88:44:6e:4f:e4,5139,9,0,0,-36,S,5c:62:8b:66:67:d2"
1791490345.206,"B,38776,10,72:3b:01:24:b7:c8,56,2,0,0,-17,S,5c:62:8b:66:67:d2"
1791490345.206,"B,38876,10,b2:db:ca:e6:29:a6,56,2,0,0,-21,S,5c:62:8b:66:67:d2"
1791490345.206,"B,38876,10,5c:62:8b:66:67:d2,0,0,7409,16,-50,A,5c:62:8b:66:67:d2"
1791490345.206,"B,38876,10,46:88:44:6e:4f:e4,7353,14,0,0,-38,S,5c:62:8b:66:67:d2"
1791490345.411,"B,38976,10,b2:db:ca:e6:29:a6,28,1,0,0,-23,S,5c:62:8b:66:67:d2"
1791490345.411,"B,38976,10,5c:62:8b:66:67:d2,0,0,4475,15,-50,A,5c:62:8b:66:67:d2"
1791490345.411,"B,38976,10,46:88:44:6e:4f:e4,4335,10,0,0,-38,S,5c:62:8b:66:67:d2"
1791490345.411,"B,38976,10,72:3b:01:24:b7:c8,112,4,0,0,-17,S,5c:62:8b:66:67:d2"
1791490345.411,"B,39076,10,b2:db:ca:e6:29:a6,84,3,0,0,-21,S,5c:62:8b:66:67:d2"
1791490345.411,"B,39076,10,5c:62:8b:66:67:d2,0,0,3220,23,-51,A,5c:62:8b:66:67:d2"
1791490345.411,"B,39076,10,46:88:44:6e:4f:e4,2856,10,0,0,-37,S,5c:62:8b:66:67:d2"
1791490345.411,"B,39076,10,72:3b:01:24:b7:c8,280,10,0,0,-17,S,5c:62:8b:66:67:d2"
1791490345.614,"B,39176,10,5c:62:8b:66:67:d2,0,0,4768,9,-50,A,5c:62:8b:66:67:d2"
1791490345.614,"B,39176,10,46:88:44:6e:4f:e4,4768,9,0,0,-36,S,5c:62:8b:66:67:d2"
1791490345.614,"B,39276,10,b2:db:ca:e6:29:a6,56,2,0,0,-21,S,5c:62:8b:66:67:d2"
1791490345.614,"B,39276,10,5c:62:8b:66:67:d2,0,0,5001,14,-50,A,5c:62:8b:66:67:d2"
1791490345.614,"B,39276,10,46:88:44:6e:4f:e4,4917,11,0,0,-36,S,5c:62:8b:66:67:d2"
1791490345.614,"B,39276,10,72:3b:01:24:b7:c8,28,1,0,0,-17,S,5c:62:8b:66:67:d2"
1791490345.815,"B,39376,10,b2:db:ca:e6:29:a6,56,2,0,0,-21,S,5c:62:8b:66:67:d2"
1791490345.815,"B,39376,10,5c:62:8b:66:67:d2,0,0,7311,24,-51,A,5c:62:8b:66:67:d2"
1791490345.815,"B,39376,10,46:88:44:6e:4f:e4,7003,13,0,0,-36,S,5c:62:8b:66:67:d2"
1791490345.815,"B,39376,10,72:3b:01:24:b7:c8,252,9,0,0,-17,S,5c:62:8b:66:67:d2"
1791490345.815,"B,39476,10,b2:db:ca:e6:29:a6,84,3,0,0,-21,S,5c:62:8b:66:67:d2"
1791490345.815,"B,39476,10,5c:62:8b:66:67:d2,0,0,6737,15,-52,A,5c:62:8b:66:67:d2"
1791490345.815,"B,39476,10,46:88:44:6e:4f:e4,6653,12,0,0,-36,S,5c:62:8b:66:67:d2"
1791490346.018,"B,39576,10,b2:db:ca:e6:29:a6,56,2,0,0,-20,S,5c:62:8b:66:67:d2"
1791490346.018,"B,39576,10,5c:62:8b:66:67:d2,0,0,6498,28,-50,A,5c:62:8b:66:67:d2"
1791490346.018,"B,39576,10,46:88:44:6e:4f:e4,6078,13,0,0,-38,S,5c:62:8b:66:67:d2"
1791490346.018,"B,39576,10,72:3b:01:24:b7:c8,364,13,0,0,-17,S,5c:62:8b:66:67:d2"
1791490346.018,"B,39676,10,b2:db:ca:e6:29:a6,56,2,0,0,-21,S,5c:62:8b:66:67:d2"
1791490346.018,"B,39676,10,5c:62:8b:66:67:d2,0,0,1162,7,-50,A,5c:62:8b:66:67:d2"
1791490346.018,"B,39676,10,46:88:44:6e:4f:e4,1078,4,0,0,-39,S,5c:62:8b:66:67:d2"
1791490346.018,"B,39676,10,72:3b:01:24:b7:c8,28,1,0,0,-17,S,5c:62:8b:66:67:d2"
1791490346.223,"B,39776,10,b2:db:ca:e6:29:a6,56,2,0,0,-21,S,5c:62:8b:66:67:d2"
1791490346.223,"B,39776,10,5c:62:8b:66:67:d2,0,0,3109,9,-50,A,5c:62:8b:66:67:d2"
1791490346.223,"B,39776,10,46:88:44:6e:4f:e4,3053,7,0,0,-38,S,5c:62:8b:66:67:d2"
1791490346.223,"B,39876,10,b2:db:ca:e6:29:a6,56,2,0,0,-21,S,5c:62:8b:66:67:d2"
1791490346.223,"B,39876,10,5c:62:8b:66:67:d2,0,0,4089,21,-52,A,5c:62:8b:66:67:d2"
1791490346.223,"B,39876,10,46:88:44:6e:4f:e4,3753,9,0,0,-37,S,5c:62:8b:66:67:d2"
1791490346.223,"B,39876,10,72:3b:01:24:b7:c8,280,10,0,0,-17,S,5c:62:8b:66:67:d2"
1791490346.427,"B,39976,10,b2:db:ca:e6:29:a6,56,2,0,0,-21,S,5c:62:8b:66:67:d2"
1791490346.427,"B,39976,10,5c:62:8b:66:67:d2,0,0,4845,10,-51,A,5c:62:8b:66:67:d2"
1791490346.427,"B,39976,10,46:88:44:6e:4f:e4,4789,8,0,0,-37,S,5c:62:8b:66:67:d2"
1791490346.427,"B,40076,10,b2:db:ca:e6:29:a6,84,3,0,0,-22,S,5c:62:8b:66:67:d2"
1791490346.427,"B,40076,10,5c:62:8b:66:67:d2,0,0,3487,11,-51,A,5c:62:8b:66:67:d2"
1791490346.427,"B,40076,10,46:88:44:6e:4f:e4,3403,8,0,0,-37,S,5c:62:8b:66:67:d2"
1791490346.427,"I,40087,stat,rx=6336,drops=0,ch=10,bin=100,hop=0,heap=203064"
1791490346.632,"B,40176,10,5c:62:8b:66:67:d2,0,0,9767,21,-51,A,5c:62:8b:66:67:d2"
1791490346.632,"B,40176,10,46:88:44:6e:4f:e4,9515,12,0,0,-37,S,5c:62:8b:66:67:d2"
1791490346.632,"B,40176,10,72:3b:01:24:b7:c8,252,9,0,0,-17,S,5c:62:8b:66:67:d2"
1791490346.632,"B,40276,10,b2:db:ca:e6:29:a6,56,2,0,0,-20,S,5c:62:8b:66:67:d2"
1791490346.632,"B,40276,10,5c:62:8b:66:67:d2,0,0,1484,7,-52,A,5c:62:8b:66:67:d2"
1791490346.632,"B,40276,10,46:88:44:6e:4f:e4,1428,5,0,0,-38,S,5c:62:8b:66:67:d2"
1791490346.632,"B,40276,10,78:8c:b5:f5:e7:26,0,0,30,1,-79,A,78:8c:b5:f5:e7:26"
1791490346.632,"B,40276,10,a6:4c:bd:b6:c7:99,30,1,0,0,-92,S,78:8c:b5:f5:e7:26"
1791490346.837,"B,40376,10,b2:db:ca:e6:29:a6,84,3,0,0,-22,S,5c:62:8b:66:67:d2"
1791490346.837,"B,40376,10,5c:62:8b:66:67:d2,0,0,5435,18,-51,A,5c:62:8b:66:67:d2"
1791490346.837,"B,40376,10,46:88:44:6e:4f:e4,5239,11,0,0,-37,S,5c:62:8b:66:67:d2"
1791490346.837,"B,40376,10,72:3b:01:24:b7:c8,112,4,0,0,-17,S,5c:62:8b:66:67:d2"
1791490346.837,"B,40476,10,b2:db:ca:e6:29:a6,112,4,0,0,-21,S,5c:62:8b:66:67:d2"
1791490346.837,"B,40476,10,5c:62:8b:66:67:d2,0,0,4320,16,-52,A,5c:62:8b:66:67:d2"
1791490346.837,"B,40476,10,46:88:44:6e:4f:e4,4096,8,0,0,-37,S,5c:62:8b:66:67:d2"
1791490346.837,"B,40476,10,72:3b:01:24:b7:c8,112,4,0,0,-17,S,5c:62:8b:66:67:d2"
1791490347.043,"B,40576,10,5c:62:8b:66:67:d2,0,0,4523,10,-50,A,5c:62:8b:66:67:d2"
1791490347.043,"B,40576,10,46:88:44:6e:4f:e4,4439,7,0,0,-37,S,5c:62:8b:66:67:d2"
1791490347.043,"B,40576,10,72:3b:01:24:b7:c8,84,3,0,0,-17,S,5c:62:8b:66:67:d2"
1791490347.043,"B,40676,10,b2:db:ca:e6:29:a6,56,2,0,0,-22,S,5c:62:8b:66:67:d2"
1791490347.043,"B,40676,10,5c:62:8b:66:67:d2,0,0,5342,18,-50,A,5c:62:8b:66:67:d2"
1791490347.043,"B,40676,10,46:88:44:6e:4f:e4,5146,11,0,0,-36,S,5c:62:8b:66:67:d2"
1791490347.043,"B,40676,10,72:3b:01:24:b7:c8,140,5,0,0,-17,S,5c:62:8b:66:67:d2"
1791490347.248,"B,40776,10,b2:db:ca:e6:29:a6,140,5,0,0,-21,S,5c:62:8b:66:67:d2"
1791490347.248,"B,40776,10,5c:62:8b:66:67:d2,0,0,3277,15,-52,A,5c:62:8b:66:67:d2"
1791490347.248,"B,40776,10,46:88:44:6e:4f:e4,3053,7,0,0,-39,S,5c:62:8b:66:67:d2"
1791490347.248,"B,40776,10,72:3b:01:24:b7:c8,84,3,0,0,-17,S,5c:62:8b:66:67:d2"
1791490347.248,"B,40876,10,b2:db:ca:e6:29:a6,140,5,0,0,-20,S,5c:62:8b:66:67:d2"
1791490347.248,"B,40876,10,5c:62:8b:66:67:d2,0,0,2261,10,-50,A,5c:62:8b:66:67:d2"
1791490347.248,"B,40876,10,46:88:44:6e:4f:e4,2121,5,0,0,-37,S,5c:62:8b:66:67:d2"
1791490347.451,"B,40976,10,b2:db:ca:e6:29:a6,28,1,0,0,-22,S,5c:62:8b:66:67:d2"
1791490347.451,"B,40976,10,5c:62:8b:66:67:d2,0,0,3462,10,-50,A,5c:62:8b:66:67:d2"
1791490347.451,"B,40976,10,46:88:44:6e:4f:e4,3378,7,0,0,-38,S,5c:62:8b:66:67:d2"
1791490347.451,"B,40976,10,72:3b:01:24:b7:c8,56,2,0,0,-17,S,5c:62:8b:66:67:d2"
1791490347.451,"B,41076,10,b2:db:ca:e6:29:a6,84,3,0,0,-22,S,5c:62:8b:66:67:d2"
1791490347.451,"B,41076,10,5c:62:8b:66:67:d2,0,0,3263,26,-51,A,5c:62:8b:66:67:d2"
1791490347.451,"B,41076,10,46:88:44:6e:4f:e4,2703,6,0,0,-36,S,5c:62:8b:66:67:d2"
1791490347.451,"B,41076,10,72:3b:01:24:b7:c8,476,17,0,0,-17,S,5c:62:8b:66:67:d2"
1791490347.451,"M,41097,slot,4,0"
1791490347.656,"B,41176,10,b2:db:ca:e6:29:a6,28,1,0,0,-22,S,5c:62:8b:66:67:d2"
1791490347.656,"B,41176,10,5c:62:8b:66:67:d2,0,0,6681,13,-51,A,5c:62:8b:66:67:d2"
1791490347.656,"B,41176,10,46:88:44:6e:4f:e4,6653,12,0,0,-36,S,5c:62:8b:66:67:d2"
1791490347.656,"B,41276,10,b2:db:ca:e6:29:a6,28,1,0,0,-21,S,5c:62:8b:66:67:d2"
1791490347.656,"B,41276,10,5c:62:8b:66:67:d2,0,0,6351,21,-50,A,5c:62:8b:66:67:d2"
1791490347.656,"B,41276,10,46:88:44:6e:4f:e4,6071,11,0,0,-36,S,5c:62:8b:66:67:d2"
1791490347.656,"B,41276,10,72:3b:01:24:b7:c8,252,9,0,0,-17,S,5c:62:8b:66:67:d2"
1791490347.861,"B,41376,10,5c:62:8b:66:67:d2,0,0,1540,9,-50,A,5c:62:8b:66:67:d2"
1791490347.861,"B,41376,10,46:88:44:6e:4f:e4,1428,5,0,0,-36,S,5c:62:8b:66:67:d2"
1791490347.861,"B,41376,10,b0:a7:b9:23:82:ee,0,0,28,1,-86,A,b0:a7:b9:23:82:ee"
1791490347.861,"B,41376,10,78:8c:b5:f5:e7:26,0,0,30,1,-79,A,78:8c:b5:f5:e7:26"
1791490347.861,"B,41376,10,72:3b:01:24:b7:c8,112,4,0,0,-17,S,5c:62:8b:66:67:d2"
1791490347.861,"B,41376,10,a6:4c:bd:b6:c7:99,30,1,0,0,-91,S,78:8c:b5:f5:e7:26"
1791490347.861,"B,41376,10,e2:5e:2c:92:7b:df,28,1,0,0,-90,S,b0:a7:b9:23:82:ee"
1791490347.861,"B,41476,10,5c:62:8b:66:67:d2,0,0,6183,15,0,A,5c:62:8b:66:67:d2"
1791490347.861,"B,41476,10,46:88:44:6e:4f:e4,6071,11,0,0,-36,S,5c:62:8b:66:67:d2"
1791490347.861,"B,41476,10,72:3b:01:24:b7:c8,112,4,0,0,-17,S,5c:62:8b:66:67:d2"
1791490348.065,"B,41576,10,b2:db:ca:e6:29:a6,28,1,0,0,-23,S,5c:62:8b:66:67:d2"
1791490348.065,"B,41576,10,5c:62:8b:66:67:d2,0,0,3781,10,-51,A,5c:62:8b:66:67:d2"
1791490348.065,"B,41576,10,46:88:44:6e:4f:e4,3725,8,0,0,-37,S,5c:62:8b:66:67:d2"
1791490348.065,"B,41576,10,72:3b:01:24:b7:c8,28,1,0,0,-17,S,5c:62:8b:66:67:d2"
1791490348.065,"B,41676,10,b2:db:ca:e6:29:a6,84,3,0,0,-21,S,5c:62:8b:66:67:d2"
1791490348.065,"B,41676,10,5c:62:8b:66:67:d2,0,0,6877,20,-51,A,5c:62:8b:66:67:d2"
1791490348.065,"B,41676,10,46:88:44:6e:4f:e4,6653,12,0,0,-38,S,5c:62:8b:66:67:d2"
1791490348.065,"B,41676,10,72:3b:01:24:b7:c8,140,5,0,0,-18,S,5c:62:8b:66:67:d2"
1791490348.268,"B,41776,10,b2:db:ca:e6:29:a6,56,2,0,0,-21,S,5c:62:8b:66:67:d2"
1791490348.268,"B,41776,10,5c:62:8b:66:67:d2,0,0,5784,14,-52,A,5c:62:8b:66:67:d2"
1791490348.268,"B,41776,10,46:88:44:6e:4f:e4,5728,12,0,0,-36,S,5c:62:8b:66:67:d2"
1791490348.268,"B,41876,10,b2:db:ca:e6:29:a6,112,4,0,0,-20,S,5c:62:8b:66:67:d2"
1791490348.268,"B,41876,10,5c:62:8b:66:67:d2,0,0,2843,11,-50,A,5c:62:8b:66:67:d2"
1791490348.268,"B,41876,10,46:88:44:6e:4f:e4,2703,6,0,0,-36,S,5c:62:8b:66:67:d2"
1791490348.268,"B,41876,10,72:3b:01:24:b7:c8,28,1,0,0,-17,S,5c:62:8b:66:67:d2"
1791490348.473,"B,41976,10,b2:db:ca:e6:29:a6,28,1,0,0,-21,S,5c:62:8b:66:67:d2"
1791490348.473,"B,41976,10,5c:62:8b:66:67:d2,0,0,2871,12,-51,A,5c:62:8b:66:67:d2"
1791490348.473,"B,41976,10,46:88:44:6e:4f:e4,2703,6,0,0,-36,S,5c:62:8b:66:67:d2"
1791490348.473,"B,41976,10,72:3b:01:24:b7:c8,140,5,0,0,-18,S,5c:62:8b:66:67:d2"
1791490348.473,"B,42076,10,b2:db:ca:e6:29:a6,56,2,0,0,-21,S,5c:62:8b:66:67:d2"
1791490348.473,"B,42076,10,5c:62:8b:66:67:d2,0,0,1946,12,-50,A,5c:62:8b:66:67:d2"
1791490348.473,"B,42076,10,46:88:44:6e:4f:e4,1778,6,0,0,-35,S,5c:62:8b:66:67:d2"
1791490348.473,"B,42076,10,72:3b:01:24:b7:c8,112,4,0,0,-17,S,5c:62:8b:66:67:d2"
1791490348.677,"B,42176,10,b2:db:ca:e6:29:a6,56,2,0,0,-22,S,5c:62:8b:66:67:d2"
1791490348.677,"B,42176,10,5c:62:8b:66:67:d2,82,1,6217,13,-55,A,5c:62:8b:66:67:d2"
1791490348.677,"B,42176,10,46:88:44:6e:4f:e4,6161,11,0,0,-37,S,5c:62:8b:66:67:d2"
1791490348.677,"B,42176,10,72:3b:01:24:b7:c8,0,0,82,1,0,S,5c:62:8b:66:67:d2"
1791490348.677,"B,42276,10,5c:62:8b:66:67:d2,0,0,7871,21,-51,A,5c:62:8b:66:67:d2"
1791490348.677,"B,42276,10,46:88:44:6e:4f:e4,7731,16,0,0,-38,S,5c:62:8b:66:67:d2"
1791490348.677,"B,42276,10,72:3b:01:24:b7:c8,140,5,0,0,-17,S,5c:62:8b:66:67:d2"
1791490348.878,"B,42376,10,b2:db:ca:e6:29:a6,168,6,0,0,-20,S,5c:62:8b:66:67:d2"
1791490348.878,"B,42376,10,5c:62:8b:66:67:d2,0,0,5546,17,-50,A,5c:62:8b:66:67:d2"
1791490348.878,"B,42376,10,46:88:44:6e:4f:e4,5378,11,0,0,-36,S,5c:62:8b:66:67:d2"
1791490348.878,"B,42476,10,b2:db:ca:e6:29:a6,140,5,0,0,-21,S,5c:62:8b:66:67:d2"
1791490348.878,"B,42476,10,5c:62:8b:66:67:d2,138,1,3221,13,-50,A,5c:62:8b:66:67:d2"
1791490348.878,"B,42476,10,46:88:44:6e:4f:e4,3053,7,138,1,-38,S,5c:62:8b:66:67:d2"
1791490348.878,"B,42476,10,72:3b:01:24:b7:c8,28,1,0,0,-18,S,5c:62:8b:66:67:d2"
1791490349.079,"B,42576,10,b2:db:ca:e6:29:a6,56,2,0,0,-22,S,5c:62:8b:66:67:d2"
1791490349.079,"B,42576,10,5c:62:8b:66:67:d2,0,0,2955,15,-50,A,5c:62:8b:66:67:d2"
1791490349.079,"B,42576,10,46:88:44:6e:4f:e4,2703,6,0,0,-36,S,5c:62:8b:66:67:d2"
1791490349.079,"B,42576,10,72:3b:01:24:b7:c8,196,7,0,0,-17,S,5c:62:8b:66:67:d2"
1791490349.079,"B,42676,10,b2:db:ca:e6:29:a6,56,2,0,0,-21,S,5c:62:8b:66:67:d2"
1791490349.079,"B,42676,10,5c:62:8b:66:67:d2,0,0,3206,11,-50,A,5c:62:8b:66:67:d2"
1791490349.079,"B,42676,10,46:88:44:6e:4f:e4,3150,9,0,0,-38,S,5c:62:8b:66:67:d2"
1791490349.079,"B,42776,10,b2:db:ca:e6:29:a6,84,3,0,0,-21,S,5c:62:8b:66:67:d2"
1791490349.282,"B,42776,10,5c:62:8b:66:67:d2,0,0,2787,9,-50,A,5c:62:8b:66:67:d2"
1791490349.282,"B,42776,10,46:88:44:6e:4f:e4,2703,6,0,0,-37,S,5c:62:8b:66:67:d2"
1791490349.282,"B,42876,10,b2:db:ca:e6:29:a6,112,4,0,0,-22,S,5c:62:8b:66:67:d2"
1791490349.282,"B,42876,10,5c:62:8b:66:67:d2,123,1,3095,20,-50,A,5c:62:8b:66:67:d2"
1791490349.282,"B,42876,10,46:88:44:6e:4f:e4,2703,6,123,1,-36,S,5c:62:8b:66:67:d2"
1791490349.282,"B,42876,10,72:3b:01:24:b7:c8,280,10,0,0,-18,S,5c:62:8b:66:67:d2"
1791490349.485,"B,42976,10,b2:db:ca:e6:29:a6,168,6,0,0,-19,S,5c:62:8b:66:67:d2"
1791490349.485,"B,42976,10,5c:62:8b:66:67:d2,0,0,3315,14,-50,A,5c:62:8b:66:67:d2"
1791490349.485,"B,42976,10,46:88:44:6e:4f:e4,3147,8,0,0,-36,S,5c:62:8b:66:67:d2"
1791490349.485,"B,43076,10,b2:db:ca:e6:29:a6,224,8,0,0,-20,S,5c:62:8b:66:67:d2"
1791490349.485,"B,43076,10,5c:62:8b:66:67:d2,0,0,3733,23,-50,A,5c:62:8b:66:67:d2"
1791490349.485,"B,43076,10,46:88:44:6e:4f:e4,3285,7,0,0,-36,S,5c:62:8b:66:67:d2"
1791490349.485,"B,43076,10,72:3b:01:24:b7:c8,224,8,0,0,-17,S,5c:62:8b:66:67:d2"
1791490349.485,"B,43176,10,b2:db:ca:e6:29:a6,28,1,0,0,-21,S,5c:62:8b:66:67:d2"
1791490349.485,"B,43176,10,5c:62:8b:66:67:d2,0,0,3641,28,-50,A,5c:62:8b:66:67:d2"
1791490349.485,"B,43176,10,46:88:44:6e:4f:e4,3109,9,0,0,-37,S,5c:62:8b:66:67:d2"
1791490349.485,"B,43176,10,72:3b:01:24:b7:c8,504,18,0,0,-17,S,5c:62:8b:66:67:d2"
1791490349.686,"B,43276,10,b2:db:ca:e6:29:a6,56,2,0,0,-21,S,5c:62:8b:66:67:d2"
1791490349.686,"B,43276,10,5c:62:8b:66:67:d2,0,0,1134,6,-51,A,5c:62:8b:66:67:d2"
1791490349.686,"B,43276,10,46:88:44:6e:4f:e4,1078,4,0,0,-39,S,5c:62:8b:66:67:d2"
1791490349.686,"B,43376,10,b2:db:ca:e6:29:a6,168,6,0,0,-21,S,5c:62:8b:66:67:d2"
1791490349.686,"B,43376,10,5c:62:8b:66:67:d2,0,0,3536,11,-50,A,5c:62:8b:66:67:d2"
1791490349.686,"B,43376,10,46:88:44:6e:4f:e4,3368,5,0,0,-37,S,5c:62:8b:66:67:d2"
1791490349.887,"B,43476,10,5c:62:8b:66:67:d2,0,0,2927,14,-50,A,5c:62:8b:66:67:d2"
1791490349.887,"B,43476,10,46:88:44:6e:4f:e4,2703,6,0,0,-36,S,5c:62:8b:66:67:d2"
1791490349.887,"B,43476,10,72:3b:01:24:b7:c8,224,8,0,0,-17,S,5c:62:8b:66:67:d2"
1791490349.887,"B,43576,10,b2:db:ca:e6:29:a6,28,1,0,0,-21,S,5c:62:8b:66:67:d2"
1791490349.887,"B,43576,10,5c:62:8b:66:67:d2,0,0,2731,7,-50,A,5c:62:8b:66:67:d2"
1791490349.887,"B,43576,10,46:88:44:6e:4f:e4,2703,6,0,0,-37,S,5c:62:8b:66:67:d2"
1791490350.088,"B,43676,10,5c:62:8b:66:67:d2,0,0,4187,13,-50,A,5c:62:8b:66:67:d2"
1791490350.088,"B,43676,10,46:88:44:6e:4f:e4,4103,10,0,0,-38,S,5c:62:8b:66:67:d2"
1791490350.088,"B,43676,10,72:3b:01:24:b7:c8,84,3,0,0,-17,S,5c:62:8b:66:67:d2"
1791490350.088,"B,43776,10,b2:db:ca:e6:29:a6,112,4,0,0,-22,S,5c:62:8b:66:67:d2"
1791490350.088,"B,43776,10,5c:62:8b:66:67:d2,2100,6,3977,17,-50,A,5c:62:8b:66:67:d2"
1791490350.088,"B,43776,10,46:88:44:6e:4f:e4,3753,9,0,0,-38,S,5c:62:8b:66:67:d2"
1791490350.088,"B,43776,10,72:3b:01:24:b7:c8,112,4,2100,6,-17,S,5c:62:8b:66:67:d2"
1791490350.290,"B,43876,10,b2:db:ca:e6:29:a6,168,6,0,0,-19,S,5c:62:8b:66:67:d2"
1791490350.290,"B,43876,10,5c:62:8b:66:67:d2,0,0,1246,10,-51,A,5c:62:8b:66:67:d2"
1791490350.290,"B,43876,10,46:88:44:6e:4f:e4,1078,4,0,0,-36,S,5c:62:8b:66:67:d2"
1791490350.290,"B,43976,10,b2:db:ca:e6:29:a6,84,3,0,0,-22,S,5c:62:8b:66:67:d2"
1791490350.290,"B,43976,10,5c:62:8b:66:67:d2,0,0,3109,9,-50,A,5c:62:8b:66:67:d2"
1791490350.290,"B,43976,10,46:88:44:6e:4f:e4,3025,6,0,0,-38,S,5c:62:8b:66:67:d2"
1791490350.492,"B,44076,10,b2:db:ca:e6:29:a6,196,7,0,0,-21,S,5c:62:8b:66:67:d2"
1791490350.492,"B,44076,10,5c:62:8b:66:67:d2,0,0,8179,32,-51,A,5c:62:8b:66:67:d2"
1791490350.492,"B,44076,10,46:88:44:6e:4f:e4,7759,17,0,0,-40,S,5c:62:8b:66:67:d2"
1791490350.492,"B,44076,10,72:3b:01:24:b7:c8,224,8,0,0,-17,S,5c:62:8b:66:67:d2"
1791490350.492,"B,44176,10,b2:db:ca:e6:29:a6,168,6,0,0,-20,S,5c:62:8b:66:67:d2"
1791490350.492,"B,44176,10,5c:62:8b:66:67:d2,0,0,3221,13,-50,A,5c:62:8b:66:67:d2"
1791490350.492,"B,44176,10,46:88:44:6e:4f:e4,3053,7,0,0,-38,S,5c:62:8b:66:67:d2"
1791490350.694,"B,44276,10,b2:db:ca:e6:29:a6,56,2,0,0,-22,S,5c:62:8b:66:67:d2"
1791490350.694,"B,44276,10,5c:62:8b:66:67:d2,0,0,3970,15,-50,A,5c:62:8b:66:67:d2"
1791490350.694,"B,44276,10,46:88:44:6e:4f:e4,3802,9,0,0,-37,S,5c:62:8b:66:67:d2"
1791490350.694,"B,44276,10,72:3b:01:24:b7:c8,112,4,0,0,-17,S,5c:62:8b:66:67:d2"
1791490350.694,"B,44376,10,b2:db:ca:e6:29:a6,28,1,0,0,-22,S,5c:62:8b:66:67:d2"
1791490350.694,"B,44376,10,5c:62:8b:66:67:d2,0,0,8058,16,-50,A,5c:62:8b:66:67:d2"
1791490350.694,"B,44376,10,46:88:44:6e:4f:e4,7918,11,0,0,-39,S,5c:62:8b:66:67:d2"
1791490350.694,"B,44376,10,72:3b:01:24:b7:c8,112,4,0,0,-16,S,5c:62:8b:66:67:d2"
1791490350.894,"B,44476,10,b2:db:ca:e6:29:a6,28,1,0,0,-21,S,5c:62:8b:66:67:d2"
1791490350.894,"B,44476,10,5c:62:8b:66:67:d2,0,0,1568,10,-50,A,5c:62:8b:66:67:d2"
1791490350.894,"B,44476,10,46:88:44:6e:4f:e4,1400,4,0,0,-36,S,5c:62:8b:66:67:d2"
1791490350.894,"B,44476,10,72:3b:01:24:b7:c8,140,5,0,0,-18,S,5c:62:8b:66:67:d2"
1791490350.894,"B,44576,10,b2:db:ca:e6:29:a6,28,1,0,0,-21,S,5c:62:8b:66:67:d2"
1791490350.894,"B,44576,10,5c:62:8b:66:67:d2,0,0,3165,11,-50,A,5c:62:8b:66:67:d2"
1791490350.894,"B,44576,10,46:88:44:6e:4f:e4,3053,7,0,0,-36,S,5c:62:8b:66:67:d2"
1791490350.894,"B,44576,10,72:3b:01:24:b7:c8,84,3,0,0,-17,S,5c:62:8b:66:67:d2"
1791490351.098,"B,44676,10,5c:62:8b:66:67:d2,0,0,4243,15,-50,A,5c:62:8b:66:67:d2"
1791490351.098,"B,44676,10,46:88:44:6e:4f:e4,4103,10,0,0,-38,S,5c:62:8b:66:67:d2"
1791490351.098,"B,44676,10,72:3b:01:24:b7:c8,140,5,0,0,-17,S,5c:62:8b:66:67:d2"
1791490351.098,"B,44776,10,5c:62:8b:66:67:d2,0,0,2703,6,-51,A,5c:62:8b:66:67:d2"
1791490351.098,"B,44776,10,46:88:44:6e:4f:e4,2703,6,0,0,-36,S,5c:62:8b:66:67:d2"
1791490351.301,"B,44876,10,5c:62:8b:66:67:d2,0,0,6217,13,-51,A,5c:62:8b:66:67:d2"
1791490351.301,"B,44876,10,46:88:44:6e:4f:e4,6217,13,0,0,-38,S,5c:62:8b:66:67:d2"
1791490351.301,"B,44976,10,5c:62:8b:66:67:d2,0,0,2177,7,-50,A,5c:62:8b:66:67:d2"
1791490351.301,"B,44976,10,46:88:44:6e:4f:e4,2121,5,0,0,-36,S,5c:62:8b:66:67:d2"
1791490351.301,"B,44976,10,72:3b:01:24:b7:c8,56,2,0,0,-17,S,5c:62:8b:66:67:d2"
1791490351.506,"B,45076,10,5c:62:8b:66:67:d2,0,0,1386,15,-51,A,5c:62:8b:66:67:d2"
1791490351.506,"B,45076,10,46:88:44:6e:4f:e4,1050,3,0,0,-36,S,5c:62:8b:66:67:d2"
1791490351.506,"B,45076,10,72:3b:01:24:b7:c8,336,12,0,0,-17,S,5c:62:8b:66:67:d2"
1791490351.506,"I,45087,stat,rx=7249,drops=0,ch=10,bin=100,hop=0,heap=203064"
1791490351.506,"B,45176,10,5c:62:8b:66:67:d2,0,0,2115,8,-50,A,5c:62:8b:66:67:d2"
1791490351.506,"B,45176,10,46:88:44:6e:4f:e4,2115,8,0,0,-38,S,5c:62:8b:66:67:d2"
1791490351.711,"B,45276,10,5c:62:8b:66:67:d2,0,0,5029,15,-51,A,5c:62:8b:66:67:d2"
1791490351.711,"B,45276,10,46:88:44:6e:4f:e4,4917,11,0,0,-39,S,5c:62:8b:66:67:d2"
1791490351.711,"B,45276,10,72:3b:01:24:b7:c8,112,4,0,0,-17,S,5c:62:8b:66:67:d2"
1791490351.711,"B,45376,10,5c:62:8b:66:67:d2,0,0,3053,7,-52,A,5c:62:8b:66:67:d2"
1791490351.711,"B,45376,10,46:88:44:6e:4f:e4,3053,7,0,0,-38,S,5c:62:8b:66:67:d2"
1791490351.916,"B,45476,10,5c:62:8b:66:67:d2,0,0,2703,6,-50,A,5c:62:8b:66:67:d2"
1791490351.916,"B,45476,10,46:88:44:6e:4f:e4,2703,6,0,0,-41,S,5c:62:8b:66:67:d2"
1791490351.916,"B,45576,10,5c:62:8b:66:67:d2,0,0,868,8,-50,A,5c:62:8b:66:67:d2"
1791490351.916,"B,45576,10,46:88:44:6e:4f:e4,700,2,0,0,-41,S,5c:62:8b:66:67:d2"
1791490351.916,"B,45576,10,78:8c:b5:f5:e7:26,0,0,30,1,-80,A,78:8c:b5:f5:e7:26"
1791490351.916,"B,45576,10,72:3b:01:24:b7:c8,168,6,0,0,-16,S,5c:62:8b:66:67:d2"
1791490351.916,"B,45576,10,a6:4c:bd:b6:c7:99,30,1,0,0,-91,S,78:8c:b5:f5:e7:26"
1791490352.121,"B,45676,10,5c:62:8b:66:67:d2,0,0,9402,18,-51,A,5c:62:8b:66:67:d2"
1791490352.121,"B,45676,10,46:88:44:6e:4f:e4,9402,18,0,0,-41,S,5c:62:8b:66:67:d2"
1791490352.121,"B,45676,10,78:8c:b5:f5:e7:26,0,0,30,1,0,A,78:8c:b5:f5:e7:26"
1791490352.121,"B,45676,10,a6:4c:bd:b6:c7:99,30,1,0,0,-92,S,78:8c:b5:f5:e7:26"
1791490352.121,"B,45776,10,5c:62:8b:66:67:d2,0,0,6014,19,0,A,5c:62:8b:66:67:d2"
1791490352.121,"B,45776,10,46:88:44:6e:4f:e4,5902,15,0,0,-40,S,5c:62:8b:66:67:d2"
1791490352.121,"B,45776,10,72:3b:01:24:b7:c8,112,4,0,0,-17,S,5c:62:8b:66:67:d2"
1791490352.324,"B,45876,10,5c:62:8b:66:67:d2,0,0,3417,20,-51,A,5c:62:8b:66:67:d2"
1791490352.324,"B,45876,10,46:88:44:6e:4f:e4,3053,7,0,0,-40,S,5c:62:8b:66:67:d2"
1791490352.324,"B,45876,10,72:3b:01:24:b7:c8,364,13,0,0,-17,S,5c:62:8b:66:67:d2"
1791490352.324,"B,45976,10,5c:62:8b:66:67:d2,0,0,2703,6,-52,A,5c:62:8b:66:67:d2"
1791490352.324,"B,45976,10,46:88:44:6e:4f:e4,2703,6,0,0,-40,S,5c:62:8b:66:67:d2"
1791490352.529,"B,46076,10,5c:62:8b:66:67:d2,0,0,3403,8,-50,A,5c:62:8b:66:67:d2"
1791490352.529,"B,46076,10,46:88:44:6e:4f:e4,3403,8,0,0,-40,S,5c:62:8b:66:67:d2"
1791490352.529,"B,46176,10,b2:db:ca:e6:29:a6,28,1,0,0,-23,S,5c:62:8b:66:67:d2"
1791490352.529,"B,46176,10,5c:62:8b:66:67:d2,0,0,4355,19,-50,A,5c:62:8b:66:67:d2"
1791490352.529,"B,46176,10,46:88:44:6e:4f:e4,4103,10,0,0,-41,S,5c:62:8b:66:67:d2"
1791490352.529,"B,46176,10,72:3b:01:24:b7:c8,224,8,0,0,-17,S,5c:62:8b:66:67:d2"
1791490352.529,"M,46184,slot,5,0"
1791490352.732,"B,46276,10,b2:db:ca:e6:29:a6,84,3,0,0,-21,S,5c:62:8b:66:67:d2"
1791490352.732,"B,46276,10,5c:62:8b:66:67:d2,0,0,1862,9,-50,A,5c:62:8b:66:67:d2"
1791490352.732,"B,46276,10,46:88:44:6e:4f:e4,1778,6,0,0,-41,S,5c:62:8b:66:67:d2"
1791490352.732,"B,46276,10,78:8c:b5:f5:e7:26,0,0,30,1,-81,A,78:8c:b5:f5:e7:26"
1791490352.732,"B,46276,10,a6:4c:bd:b6:c7:99,30,1,0,0,-92,S,78:8c:b5:f5:e7:26"
1791490352.732,"B,46376,10,b2:db:ca:e6:29:a6,56,2,0,0,-22,S,5c:62:8b:66:67:d2"
1791490352.732,"B,46376,10,5c:62:8b:66:67:d2,0,0,2731,7,-50,A,5c:62:8b:66:67:d2"
1791490352.732,"B,46376,10,46:88:44:6e:4f:e4,2675,5,0,0,-41,S,5c:62:8b:66:67:d2"
1791490352.732,"B,46376,10,78:8c:b5:f5:e7:26,0,0,60,2,-88,A,78:8c:b5:f5:e7:26"
1791490352.732,"B,46376,10,a6:4c:bd:b6:c7:99,60,2,0,0,-90,S,78:8c:b5:f5:e7:26"
1791490352.937,"B,46476,10,b2:db:ca:e6:29:a6,56,2,0,0,-23,S,5c:62:8b:66:67:d2"
1791490352.937,"B,46476,10,5c:62:8b:66:67:d2,0,0,3271,18,-50,A,5c:62:8b:66:67:d2"
1791490352.937,"B,46476,10,46:88:44:6e:4f:e4,2935,6,0,0,-41,S,5c:62:8b:66:67:d2"
1791490352.937,"B,46476,10,72:3b:01:24:b7:c8,280,10,0,0,-17,S,5c:62:8b:66:67:d2"
1791490352.937,"B,46576,10,b2:db:ca:e6:29:a6,56,2,0,0,-22,S,5c:62:8b:66:67:d2"
1791490352.937,"B,46576,10,5c:62:8b:66:67:d2,0,0,3802,9,-50,A,5c:62:8b:66:67:d2"
1791490352.937,"B,46576,10,46:88:44:6e:4f:e4,3746,7,0,0,-41,S,5c:62:8b:66:67:d2"
1791490353.141,"B,46676,10,5c:62:8b:66:67:d2,0,0,2703,6,-50,A,5c:62:8b:66:67:d2"
1791490353.141,"B,46676,10,46:88:44:6e:4f:e4,2703,6,0,0,-41,S,5c:62:8b:66:67:d2"
1791490353.141,"B,46776,10,b2:db:ca:e6:29:a6,196,7,0,0,-21,S,5c:62:8b:66:67:d2"
1791490353.141,"B,46776,10,5c:62:8b:66:67:d2,0,0,4873,26,-51,A,5c:62:8b:66:67:d2"
1791490353.141,"B,46776,10,46:88:44:6e:4f:e4,4453,11,0,0,-40,S,5c:62:8b:66:67:d2"
1791490353.141,"B,46776,10,72:3b:01:24:b7:c8,224,8,0,0,-17,S,5c:62:8b:66:67:d2"
1791490353.346,"B,46876,10,b2:db:ca:e6:29:a6,28,1,0,0,-21,S,5c:62:8b:66:67:d2"
1791490353.346,"B,46876,10,5c:62:8b:66:67:d2,0,0,1428,5,-50,A,5c:62:8b:66:67:d2"
1791490353.346,"B,46876,10,46:88:44:6e:4f:e4,1400,4,0,0,-41,S,5c:62:8b:66:67:d2"
1791490353.346,"B,46976,10,5c:62:8b:66:67:d2,0,0,3137,10,-51,A,5c:62:8b:66:67:d2"
1791490353.346,"B,46976,10,46:88:44:6e:4f:e4,3109,9,0,0,-40,S,5c:62:8b:66:67:d2"
1791490353.346,"B,46976,10,72:3b:01:24:b7:c8,28,1,0,0,-18,S,5c:62:8b:66:67:d2"
1791490353.549,"B,47076,10,5c:62:8b:66:67:d2,0,0,3375,30,-52,A,5c:62:8b:66:67:d2"
1791490353.549,"B,47076,10,46:88:44:6e:4f:e4,2703,6,0,0,-41,S,5c:62:8b:66:67:d2"
1791490353.549,"B,47076,10,72:3b:01:24:b7:c8,672,24,0,0,-17,S,5c:62:8b:66:67:d2"
1791490353.549,"B,47176,10,b2:db:ca:e6:29:a6,84,3,0,0,-21,S,5c:62:8b:66:67:d2"
1791490353.549,"B,47176,10,5c:62:8b:66:67:d2,0,0,7393,17,-50,A,5c:62:8b:66:67:d2"
1791490353.549,"B,47176,10,46:88:44:6e:4f:e4,7309,14,0,0,-39,S,5c:62:8b:66:67:d2"
1791490353.749,"B,47276,10,b2:db:ca:e6:29:a6,140,5,0,0,-20,S,5c:62:8b:66:67:d2"
1791490353.749,"B,47276,10,5c:62:8b:66:67:d2,0,0,4761,22,-50,A,5c:62:8b:66:67:d2"
1791490353.749,"B,47276,10,46:88:44:6e:4f:e4,4509,13,0,0,-40,S,5c:62:8b:66:67:d2"
1791490353.749,"B,47276,10,72:3b:01:24:b7:c8,112,4,0,0,-17,S,5c:62:8b:66:67:d2"
1791490353.749,"B,47376,10,b2:db:ca:e6:29:a6,28,1,0,0,-21,S,5c:62:8b:66:67:d2"
1791490353.749,"B,47376,10,5c:62:8b:66:67:d2,2325,4,3011,17,-50,A,5c:62:8b:66:67:d2"
1791490353.749,"B,47376,10,46:88:44:6e:4f:e4,2703,6,0,0,-40,S,5c:62:8b:66:67:d2"
1791490353.749,"B,47376,10,72:3b:01:24:b7:c8,280,10,2325,4,-18,S,5c:62:8b:66:67:d2"
1791490353.954,"B,47476,10,b2:db:ca:e6:29:a6,28,1,0,0,-22,S,5c:62:8b:66:67:d2"
1791490353.954,"B,47476,10,5c:62:8b:66:67:d2,138,1,1078,4,-50,A,5c:62:8b:66:67:d2"
1791490353.954,"B,47476,10,46:88:44:6e:4f:e4,1050,3,138,1,-41,S,5c:62:8b:66:67:d2"
1791490353.954,"B,47476,10,8a:ce:16:78:6f:dc,0,0,120,4,0,A,8a:ce:16:78:6f:dc"
1791490353.954,"B,47476,10,38:d5:7a:f4:5a:37,120,4,0,0,-88,S,8a:ce:16:78:6f:dc"
1791490353.954,"B,47576,10,b2:db:ca:e6:29:a6,224,8,0,0,-19,S,5c:62:8b:66:67:d2"
1791490353.954,"B,47576,10,5c:62:8b:66:67:d2,0,0,3151,22,-52,A,5c:62:8b:66:67:d2"
1791490353.954,"B,47576,10,46:88:44:6e:4f:e4,2815,10,0,0,-40,S,5c:62:8b:66:67:d2"
1791490353.954,"B,47576,10,78:8c:b5:f5:e7:26,0,0,30,1,-84,A,78:8c:b5:f5:e7:26"
1791490353.954,"B,47576,10,72:3b:01:24:b7:c8,112,4,0,0,-17,S,5c:62:8b:66:67:d2"
1791490353.954,"B,47576,10,a6:4c:bd:b6:c7:99,30,1,0,0,-91,S,78:8c:b5:f5:e7:26"
1791490354.156,"B,47676,10,b2:db:ca:e6:29:a6,56,2,0,0,-22,S,5c:62:8b:66:67:d2"
1791490354.156,"B,47676,10,5c:62:8b:66:67:d2,0,0,2909,11,-50,A,5c:62:8b:66:67:d2"
1791490354.156,"B,47676,10,46:88:44:6e:4f:e4,2797,7,0,0,-38,S,5c:62:8b:66:67:d2"
1791490354.156,"B,47676,10,72:3b:01:24:b7:c8,56,2,0,0,-17,S,5c:62:8b:66:67:d2"
1791490354.156,"B,47776,10,5c:62:8b:66:67:d2,0,0,4796,10,-50,A,5c:62:8b:66:67:d2"
1791490354.156,"B,47776,10,46:88:44:6e:4f:e4,4796,10,0,0,-38,S,5c:62:8b:66:67:d2"
1791490354.156,"B,47776,10,78:8c:b5:f5:e7:26,0,0,30,1,0,A,78:8c:b5:f5:e7:26"
1791490354.156,"B,47776,10,a6:4c:bd:b6:c7:99,30,1,0,0,-90,S,78:8c:b5:f5:e7:26"
1791490354.361,"B,47876,10,b2:db:ca:e6:29:a6,28,1,0,0,-23,S,5c:62:8b:66:67:d2"
1791490354.361,"B,47876,10,5c:62:8b:66:67:d2,0,0,7835,13,-50,A,5c:62:8b:66:67:d2"
1791490354.361,"B,47876,10,46:88:44:6e:4f:e4,7807,12,0,0,-39,S,5c:62:8b:66:67:d2"
1791490354.361,"B,47976,10,5c:62:8b:66:67:d2,0,0,1190,8,-50,A,5c:62:8b:66:67:d2"
1791490354.361,"B,47976,10,46:88:44:6e:4f:e4,1078,4,0,0,-39,S,5c:62:8b:66:67:d2"
1791490354.361,"B,47976,10,72:3b:01:24:b7:c8,112,4,0,0,-17,S,5c:62:8b:66:67:d2"
1791490354.565,"B,48076,10,5c:62:8b:66:67:d2,0,0,2787,9,-50,A,5c:62:8b:66:67:d2"
1791490354.565,"B,48076,10,46:88:44:6e:4f:e4,2675,5,0,0,-39,S,5c:62:8b:66:67:d2"
1791490354.565,"B,48076,10,78:8c:b5:f5:e7:26,0,0,30,1,-82,A,78:8c:b5:f5:e7:26"
1791490354.565,"B,48076,10,72:3b:01:24:b7:c8,112,4,0,0,-17,S,5c:62:8b:66:67:d2"
1791490354.565,"B,48076,10,a6:4c:bd:b6:c7:99,30,1,0,0,-90,S,78:8c:b5:f5:e7:26"
1791490354.565,"B,48176,10,5c:62:8b:66:67:d2,0,0,3403,8,-51,A,5c:62:8b:66:67:d2"
1791490354.565,"B,48176,10,46:88:44:6e:4f:e4,3403,8,0,0,-41,S,5c:62:8b:66:67:d2"
1791490354.766,"B,48276,10,5c:62:8b:66:67:d2,0,0,3606,17,-50,A,5c:62:8b:66:67:d2"
1791490354.766,"B,48276,10,46:88:44:6e:4f:e4,3410,10,0,0,-40,S,5c:62:8b:66:67:d2"
1791490354.766,"B,48276,10,78:8c:b5:f5:e7:26,0,0,60,2,-83,A,78:8c:b5:f5:e7:26"
1791490354.766,"B,48276,10,72:3b:01:24:b7:c8,196,7,0,0,-17,S,5c:62:8b:66:67:d2"
1791490354.766,"B,48276,10,a6:4c:bd:b6:c7:99,60,2,0,0,-89,S,78:8c:b5:f5:e7:26"
1791490354.766,"B,48376,10,5c:62:8b:66:67:d2,0,0,2815,10,-50,A,5c:62:8b:66:67:d2"
1791490354.766,"B,48376,10,46:88:44:6e:4f:e4,2703,6,0,0,-38,S,5c:62:8b:66:67:d2"
1791490354.766,"B,48376,10,78:8c:b5:f5:e7:26,0,0,30,1,-83,A,78:8c:b5:f5:e7:26"
1791490354.766,"B,48376,10,72:3b:01:24:b7:c8,112,4,0,0,-17,S,5c:62:8b:66:67:d2"
1791490354.766,"B,48376,10,a6:4c:bd:b6:c7:99,30,1,0,0,-91,S,78:8c:b5:f5:e7:26"
1791490354.969,"B,48476,10,5c:62:8b:66:67:d2,0,0,2759,8,-50,A,5c:62:8b:66:67:d2"
1791490354.969,"B,48476,10,46:88:44:6e:4f:e4,2703,6,0,0,-36,S,5c:62:8b:66:67:d2"
1791490354.969,"B,48476,10,72:3b:01:24:b7:c8,56,2,0,0,-17,S,5c:62:8b:66:67:d2"
1791490354.969,"B,48576,10,5c:62:8b:66:67:d2,0,0,3193,12,-50,A,5c:62:8b:66:67:d2"
1791490354.969,"B,48576,10,46:88:44:6e:4f:e4,3053,7,0,0,-39,S,5c:62:8b:66:67:d2"
1791490354.969,"B,48576,10,72:3b:01:24:b7:c8,140,5,0,0,-17,S,5c:62:8b:66:67:d2"
1791490355.171,"B,48676,10,5c:62:8b:66:67:d2,0,0,1540,9,-50,A,5c:62:8b:66:67:d2"
1791490355.171,"B,48676,10,46:88:44:6e:4f:e4,1428,5,0,0,-35,S,5c:62:8b:66:67:d2"
1791490355.171,"B,48676,10,78:8c:b5:f5:e7:26,0,0,30,1,-84,A,78:8c:b5:f5:e7:26"
1791490355.171,"B,48676,10,72:3b:01:24:b7:c8,112,4,0,0,-17,S,5c:62:8b:66:67:d2"
1791490355.171,"B,48676,10,a6:4c:bd:b6:c7:99,30,1,0,0,-92,S,78:8c:b5:f5:e7:26"
1791490355.171,"B,48776,10,5c:62:8b:66:67:d2,0,0,4775,11,-50,A,5c:62:8b:66:67:d2"
1791490355.171,"B,48776,10,46:88:44:6e:4f:e4,4775,11,0,0,-39,S,5c:62:8b:66:67:d2"
1791490355.374,"B,48876,10,5c:62:8b:66:67:d2,0,0,4035,14,-51,A,5c:62:8b:66:67:d2"
1791490355.374,"B,48876,10,46:88:44:6e:4f:e4,3867,8,0,0,-39,S,5c:62:8b:66:67:d2"
1791490355.374,"B,48876,10,72:3b:01:24:b7:c8,168,6,0,0,-17,S,5c:62:8b:66:67:d2"
1791490355.374,"B,48976,10,5c:62:8b:66:67:d2,0,0,3487,11,-50,A,5c:62:8b:66:67:d2"
1791490355.374,"B,48976,10,46:88:44:6e:4f:e4,3431,9,0,0,-38,S,5c:62:8b:66:67:d2"
1791490355.374,"B,48976,10,72:3b:01:24:b7:c8,56,2,0,0,-17,S,5c:62:8b:66:67:d2"
1791490355.575,"B,49076,10,b2:db:ca:e6:29:a6,112,4,0,0,-21,S,5c:62:8b:66:67:d2"
1791490355.575,"B,49076,10,5c:62:8b:66:67:d2,0,0,4875,21,-52,A,5c:62:8b:66:67:d2"
1791490355.575,"B,49076,10,46:88:44:6e:4f:e4,4567,10,0,0,-39,S,5c:62:8b:66:67:d2"
1791490355.575,"B,49076,10,78:8c:b5:f5:e7:26,0,0,30,1,-84,A,78:8c:b5:f5:e7:26"
1791490355.575,"B,49076,10,72:3b:01:24:b7:c8,196,7,0,0,-17,S,5c:62:8b:66:67:d2"
1791490355.575,"B,49076,10,a6:4c:bd:b6:c7:99,30,1,0,0,-90,S,78:8c:b5:f5:e7:26"
1791490355.575,"B,49176,10,b2:db:ca:e6:29:a6,84,3,0,0,-21,S,5c:62:8b:66:67:d2"
1791490355.575,"B,49176,10,5c:62:8b:66:67:d2,0,0,3621,19,-50,A,5c:62:8b:66:67:d2"
1791490355.575,"B,49176,10,46:88:44:6e:4f:e4,3285,7,0,0,-40,S,5c:62:8b:66:67:d2"
1791490355.575,"B,49176,10,72:3b:01:24:b7:c8,252,9,0,0,-17,S,5c:62:8b:66:67:d2"
1791490355.778,"B,49276,10,b2:db:ca:e6:29:a6,224,8,0,0,-20,S,5c:62:8b:66:67:d2"
1791490355.778,"B,49276,10,5c:62:8b:66:67:d2,0,0,1274,11,-49,A,5c:62:8b:66:67:d2"
1791490355.778,"B,49276,10,46:88:44:6e:4f:e4,1050,3,0,0,-41,S,5c:62:8b:66:67:d2"
1791490355.778,"B,49376,10,b2:db:ca:e6:29:a6,224,8,0,0,-20,S,5c:62:8b:66:67:d2"
1791490355.778,"B,49376,10,5c:62:8b:66:67:d2,0,0,3417,20,-51,A,5c:62:8b:66:67:d2"
1791490355.778,"B,49376,10,46:88:44:6e:4f:e4,3193,12,0,0,-41,S,5c:62:8b:66:67:d2"
1791490355.978,"B,49476,10,b2:db:ca:e6:29:a6,56,2,0,0,-21,S,5c:62:8b:66:67:d2"
1791490355.978,"B,49476,10,5c:62:8b:66:67:d2,0,0,3249,14,-52,A,5c:62:8b:66:67:d2"
1791490355.978,"B,49476,10,46:88:44:6e:4f:e4,3025,6,0,0,-39,S,5c:62:8b:66:67:d2"
1791490355.978,"B,49476,10,72:3b:01:24:b7:c8,168,6,0,0,-17,S,5c:62:8b:66:67:d2"
1791490355.978,"B,49576,10,b2:db:ca:e6:29:a6,84,3,0,0,-21,S,5c:62:8b:66:67:d2"
1791490355.978,"B,49576,10,5c:62:8b:66:67:d2,0,0,3914,13,-49,A,5c:62:8b:66:67:d2"
1791490355.978,"B,49576,10,46:88:44:6e:4f:e4,3746,7,0,0,-38,S,5c:62:8b:66:67:d2"
1791490355.978,"B,49576,10,72:3b:01:24:b7:c8,84,3,0,0,-18,S,5c:62:8b:66:67:d2"
1791490355.978,"B,49676,10,b2:db:ca:e6:29:a6,28,1,0,0,-20,S,5c:62:8b:66:67:d2"
1791490355.978,"B,49676,10,5c:62:8b:66:67:d2,0,0,3081,8,-49,A,5c:62:8b:66:67:d2"
1791490356.178,"B,49676,10,46:88:44:6e:4f:e4,3053,7,0,0,-36,S,5c:62:8b:66:67:d2"
1791490356.178,"B,49776,10,b2:db:ca:e6:29:a6,112,4,0,0,-21,S,5c:62:8b:66:67:d2"
1791490356.178,"B,49776,10,5c:62:8b:66:67:d2,0,0,3361,18,-51,A,5c:62:8b:66:67:d2"
1791490356.178,"B,49776,10,46:88:44:6e:4f:e4,3053,7,0,0,-38,S,5c:62:8b:66:67:d2"
1791490356.178,"B,49776,10,72:3b:01:24:b7:c8,196,7,0,0,-17,S,5c:62:8b:66:67:d2"
1791490356.178,"B,49876,10,b2:db:ca:e6:29:a6,28,1,0,0,-22,S,5c:62:8b:66:67:d2"
1791490356.178,"B,49876,10,5c:62:8b:66:67:d2,0,0,2828,9,-50,A,5c:62:8b:66:67:d2"
1791490356.381,"B,49876,10,46:88:44:6e:4f:e4,2800,8,0,0,-40,S,5c:62:8b:66:67:d2"
1791490356.381,"B,49976,10,b2:db:ca:e6:29:a6,140,5,0,0,-21,S,5c:62:8b:66:67:d2"
1791490356.381,"B,49976,10,5c:62:8b:66:67:d2,0,0,8751,16,0,A,5c:62:8b:66:67:d2"
1791490356.381,"B,49976,10,46:88:44:6e:4f:e4,8611,11,0,0,-41,S,5c:62:8b:66:67:d2"
1791490356.582,"B,50076,10,b2:db:ca:e6:29:a6,28,1,0,0,-20,S,5c:62:8b:66:67:d2"
1791490356.582,"B,50076,10,5c:62:8b:66:67:d2,0,0,2955,15,-50,A,5c:62:8b:66:67:d2"
1791490356.582,"B,50076,10,46:88:44:6e:4f:e4,2703,6,0,0,-39,S,5c:62:8b:66:67:d2"
1791490356.582,"B,50076,10,72:3b:01:24:b7:c8,224,8,0,0,-17,S,5c:62:8b:66:67:d2"
1791490356.582,"I,50089,stat,rx=8108,drops=0,ch=10,bin=100,hop=0,heap=203064"
1791490356.582,"B,50176,10,b2:db:ca:e6:29:a6,28,1,0,0,-21,S,5c:62:8b:66:67:d2"
1791490356.582,"B,50176,10,5c:62:8b:66:67:d2,0,0,4855,12,-50,A,5c:62:8b:66:67:d2"
1791490356.582,"B,50176,10,46:88:44:6e:4f:e4,4799,10,0,0,-41,S,5c:62:8b:66:67:d2"
1791490356.582,"B,50176,10,72:3b:01:24:b7:c8,28,1,0,0,-17,S,5c:62:8b:66:67:d2"
1791490356.582,"B,50276,10,b2:db:ca:e6:29:a6,140,5,0,0,-20,S,5c:62:8b:66:67:d2"
1791490356.582,"B,50276,10,5c:62:8b:66:67:d2,0,0,3305,16,-50,A,5c:62:8b:66:67:d2"
1791490356.582,"B,50276,10,46:88:44:6e:4f:e4,3053,7,0,0,-40,S,5c:62:8b:66:67:d2"
1791490356.782,"B,50276,10,72:3b:01:24:b7:c8,112,4,0,0,-17,S,5c:62:8b:66:67:d2"
1791490356.782,"B,50376,10,b2:db:ca:e6:29:a6,84,3,0,0,-21,S,5c:62:8b:66:67:d2"
1791490356.782,"B,50376,10,5c:62:8b:66:67:d2,0,0,4733,21,-51,A,5c:62:8b:66:67:d2"
1791490356.782,"B,50376,10,46:88:44:6e:4f:e4,4453,11,0,0,-41,S,5c:62:8b:66:67:d2"
1791490356.782,"B,50376,10,72:3b:01:24:b7:c8,196,7,0,0,-17,S,5c:62:8b:66:67:d2"
1791490356.782,"B,50476,10,b2:db:ca:e6:29:a6,224,8,0,0,-20,S,5c:62:8b:66:67:d2"
1791490356.983,"B,50476,10,5c:62:8b:66:67:d2,0,0,1274,11,-51,A,5c:62:8b:66:67:d2"
1791490356.983,"B,50476,10,46:88:44:6e:4f:e4,1050,3,0,0,-41,S,5c:62:8b:66:67:d2"
1791490356.983,"B,50576,10,b2:db:ca:e6:29:a6,56,2,0,0,-21,S,5c:62:8b:66:67:d2"
1791490356.983,"B,50576,10,5c:62:8b:66:67:d2,0,0,2521,11,-51,A,5c:62:8b:66:67:d2"
1791490356.983,"B,50576,10,46:88:44:6e:4f:e4,2353,5,0,0,-42,S,5c:62:8b:66:67:d2"
1791490356.983,"B,50576,10,72:3b:01:24:b7:c8,112,4,0,0,-17,S,5c:62:8b:66:67:d2"
1791490356.983,"B,50676,10,b2:db:ca:e6:29:a6,28,1,0,0,-23,S,5c:62:8b:66:67:d2"
1791490356.983,"B,50676,10,5c:62:8b:66:67:d2,0,0,3165,11,-50,A,5c:62:8b:66:67:d2"
1791490356.983,"B,50676,10,46:88:44:6e:4f:e4,3053,7,0,0,-40,S,5c:62:8b:66:67:d2"
1791490356.983,"B,50676,10,72:3b:01:24:b7:c8,84,3,0,0,-17,S,5c:62:8b:66:67:d2"
1791490357.183,"B,50776,10,b2:db:ca:e6:29:a6,56,2,0,0,-21,S,5c:62:8b:66:67:d2"
1791490357.183,"B,50776,10,5c:62:8b:66:67:d2,0,0,3137,10,-50,A,5c:62:8b:66:67:d2"
1791490357.183,"B,50776,10,46:88:44:6e:4f:e4,3053,7,0,0,-41,S,5c:62:8b:66:67:d2"
1791490357.183,"B,50776,10,72:3b:01:24:b7:c8,28,1,0,0,-17,S,5c:62:8b:66:67:d2"
1791490357.183,"B,50876,10,b2:db:ca:e6:29:a6,140,5,0,0,-21,S,5c:62:8b:66:67:d2"
1791490357.183,"B,50876,10,5c:62:8b:66:67:d2,0,0,4061,20,-51,A,5c:62:8b:66:67:d2"
1791490357.183,"B,50876,10,46:88:44:6e:4f:e4,3753,9,0,0,-41,S,5c:62:8b:66:67:d2"
1791490357.183,"B,50876,10,72:3b:01:24:b7:c8,168,6,0,0,-17,S,5c:62:8b:66:67:d2"
1791490357.384,"B,50976,10,b2:db:ca:e6:29:a6,84,3,0,0,-20,S,5c:62:8b:66:67:d2"
1791490357.384,"B,50976,10,5c:62:8b:66:67:d2,0,0,3137,10,-50,A,5c:62:8b:66:67:d2"
1791490357.384,"B,50976,10,46:88:44:6e:4f:e4,3053,7,0,0,-41,S,5c:62:8b:66:67:d2"
1791490357.384,"B,51076,10,b2:db:ca:e6:29:a6,56,2,0,0,-22,S,5c:62:8b:66:67:d2"
1791490357.384,"B,51076,10,5c:62:8b:66:67:d2,0,0,1736,16,-52,A,5c:62:8b:66:67:d2"
1791490357.384,"B,51076,10,46:88:44:6e:4f:e4,1400,4,0,0,-41,S,5c:62:8b:66:67:d2"
1791490357.384,"B,51076,10,72:3b:01:24:b7:c8,280,10,0,0,-20,S,5c:62:8b:66:67:d2"
1791490357.584,"B,51176,10,b2:db:ca:e6:29:a6,28,1,0,0,-21,S,5c:62:8b:66:67:d2"
1791490357.584,"B,51176,10,5c:62:8b:66:67:d2,0,0,3886,12,-50,A,5c:62:8b:66:67:d2"
1791490357.584,"B,51176,10,46:88:44:6e:4f:e4,3746,7,0,0,-39,S,5c:62:8b:66:67:d2"
1791490357.584,"B,51176,10,72:3b:01:24:b7:c8,112,4,0,0,-20,S,5c:62:8b:66:67:d2"
1791490357.584,"M,51262,slot,6,0"
1791490357.584,"B,51276,10,b2:db:ca:e6:29:a6,112,4,0,0,-21,S,5c:62:8b:66:67:d2"
1791490357.584,"B,51276,10,5c:62:8b:66:67:d2,0,0,4082,19,-51,A,5c:62:8b:66:67:d2"
1791490357.584,"B,51276,10,46:88:44:6e:4f:e4,3746,7,0,0,-40,S,5c:62:8b:66:67:d2"
1791490357.584,"B,51276,10,72:3b:01:24:b7:c8,224,8,0,0,-20,S,5c:62:8b:66:67:d2"
1791490357.785,"B,51376,10,b2:db:ca:e6:29:a6,84,3,0,0,-20,S,5c:62:8b:66:67:d2"
1791490357.785,"B,51376,10,5c:62:8b:66:67:d2,0,0,4642,16,-50,A,5c:62:8b:66:67:d2"
1791490357.785,"B,51376,10,46:88:44:6e:4f:e4,4446,9,0,0,-40,S,5c:62:8b:66:67:d2"
1791490357.785,"B,51376,10,72:3b:01:24:b7:c8,112,4,0,0,-20,S,5c:62:8b:66:67:d2"
1791490357.785,"B,51476,10,b2:db:ca:e6:29:a6,140,5,0,0,-20,S,5c:62:8b:66:67:d2"
1791490357.785,"B,51476,10,5c:62:8b:66:67:d2,0,0,3193,12,-51,A,5c:62:8b:66:67:d2"
1791490357.785,"B,51476,10,46:88:44:6e:4f:e4,3053,7,0,0,-41,S,5c:62:8b:66:67:d2"
1791490357.986,"B,51576,10,b2:db:ca:e6:29:a6,28,1,0,0,-22,S,5c:62:8b:66:67:d2"
1791490357.986,"B,51576,10,5c:62:8b:66:67:d2,0,0,2843,11,-50,A,5c:62:8b:66:67:d2"
1791490357.986,"B,51576,10,46:88:44:6e:4f:e4,2703,6,0,0,-40,S,5c:62:8b:66:67:d2"
1791490357.986,"B,51576,10,78:8c:b5:f5:e7:26,0,0,30,1,-83,A,78:8c:b5:f5:e7:26"
1791490357.986,"B,51576,10,72:3b:01:24:b7:c8,112,4,0,0,-20,S,5c:62:8b:66:67:d2"
1791490357.986,"B,51576,10,a6:4c:bd:b6:c7:99,30,1,0,0,-90,S,78:8c:b5:f5:e7:26"
1791490357.986,"B,51676,10,b2:db:ca:e6:29:a6,28,1,0,0,-21,S,5c:62:8b:66:67:d2"
1791490357.986,"B,51676,10,5c:62:8b:66:67:d2,0,0,1596,11,-50,A,5c:62:8b:66:67:d2"
1791490357.986,"B,51676,10,46:88:44:6e:4f:e4,1400,4,0,0,-37,S,5c:62:8b:66:67:d2"
1791490357.986,"B,51676,10,72:3b:01:24:b7:c8,168,6,0,0,-20,S,5c:62:8b:66:67:d2"
1791490358.187,"B,51776,10,b2:db:ca:e6:29:a6,112,4,0,0,-21,S,5c:62:8b:66:67:d2"
1791490358.187,"B,51776,10,5c:62:8b:66:67:d2,0,0,3221,13,-52,A,5c:62:8b:66:67:d2"
1791490358.187,"B,51776,10,46:88:44:6e:4f:e4,3081,8,0,0,-40,S,5c:62:8b:66:67:d2"
1791490358.187,"B,51776,10,72:3b:01:24:b7:c8,28,1,0,0,-20,S,5c:62:8b:66:67:d2"
1791490358.187,"B,51876,10,b2:db:ca:e6:29:a6,84,3,0,0,-21,S,5c:62:8b:66:67:d2"
1791490358.187,"B,51876,10,5c:62:8b:66:67:d2,0,0,3515,12,-50,A,5c:62:8b:66:67:d2"
1791490358.187,"B,51876,10,46:88:44:6e:4f:e4,3403,8,0,0,-41,S,5c:62:8b:66:67:d2"
1791490358.187,"B,51876,10,72:3b:01:24:b7:c8,28,1,0,0,-20,S,5c:62:8b:66:67:d2"
1791490358.388,"B,51976,10,b2:db:ca:e6:29:a6,224,8,0,0,-19,S,5c:62:8b:66:67:d2"
1791490358.388,"B,51976,10,5c:62:8b:66:67:d2,0,0,3627,16,-50,A,5c:62:8b:66:67:d2"
1791490358.388,"B,51976,10,46:88:44:6e:4f:e4,3403,8,0,0,-39,S,5c:62:8b:66:67:d2"
1791490358.388,"B,52076,10,b2:db:ca:e6:29:a6,28,1,0,0,-20,S,5c:62:8b:66:67:d2"
1791490358.388,"B,52076,10,5c:62:8b:66:67:d2,0,0,2731,7,-50,A,5c:62:8b:66:67:d2"
1791490358.388,"B,52076,10,46:88:44:6e:4f:e4,2703,6,0,0,-41,S,5c:62:8b:66:67:d2"
1791490358.589,"B,52176,10,b2:db:ca:e6:29:a6,28,1,0,0,-23,S,5c:62:8b:66:67:d2"
1791490358.589,"B,52176,10,5c:62:8b:66:67:d2,0,0,2871,12,-50,A,5c:62:8b:66:67:d2"
1791490358.589,"B,52176,10,46:88:44:6e:4f:e4,2675,5,0,0,-40,S,5c:62:8b:66:67:d2"
1791490358.589,"B,52176,10,72:3b:01:24:b7:c8,168,6,0,0,-21,S,5c:62:8b:66:67:d2"
1791490358.589,"B,52176,10,80:af:ca:68:4c:f8,104,1,0,0,-87,A,80:af:ca:68:4c:f8"
1791490358.589,"B,52276,10,b2:db:ca:e6:29:a6,28,1,0,0,-19,S,5c:62:8b:66:67:d2"
1791490358.589,"B,52276,10,5c:62:8b:66:67:d2,0,0,1190,8,-50,A,5c:62:8b:66:67:d2"
1791490358.589,"B,52276,10,46:88:44:6e:4f:e4,1050,3,0,0,-41,S,5c:62:8b:66:67:d2"
1791490358.589,"B,52276,10,72:3b:01:24:b7:c8,112,4,0,0,-21,S,5c:62:8b:66:67:d2"
1791490358.792,"B,52376,10,5c:62:8b:66:67:d2,0,0,2703,6,-51,A,5c:62:8b:66:67:d2"
1791490358.792,"B,52376,10,46:88:44:6e:4f:e4,2703,6,0,0,-39,S,5c:62:8b:66:67:d2"
1791490358.792,"B,52476,10,5c:62:8b:66:67:d2,138,1,2955,15,-51,A,5c:62:8b:66:67:d2"
1791490358.792,"B,52476,10,46:88:44:6e:4f:e4,2703,6,138,1,-39,S,5c:62:8b:66:67:d2"
1791490358.792,"B,52476,10,72:3b:01:24:b7:c8,252,9,0,0,-20,S,5c:62:8b:66:67:d2"
1791490358.995,"B,52576,10,b2:db:ca:e6:29:a6,224,8,0,0,-20,S,5c:62:8b:66:67:d2"
1791490358.995,"B,52576,10,5c:62:8b:66:67:d2,0,0,3417,20,-50,A,5c:62:8b:66:67:d2"
1791490358.995,"B,52576,10,46:88:44:6e:4f:e4,3053,7,0,0,-39,S,5c:62:8b:66:67:d2"
1791490358.995,"B,52576,10,78:8c:b5:f5:e7:26,0,0,30,1,-83,A,78:8c:b5:f5:e7:26"
1791490358.995,"B,52576,10,72:3b:01:24:b7:c8,140,5,0,0,-20,S,5c:62:8b:66:67:d2"
1791490358.995,"B,52576,10,a6:4c:bd:b6:c7:99,30,1,0,0,-91,S,78:8c:b5:f5:e7:26"
1791490358.995,"B,52676,10,b2:db:ca:e6:29:a6,56,2,0,0,-21,S,5c:62:8b:66:67:d2"
1791490358.995,"B,52676,10,5c:62:8b:66:67:d2,0,0,5649,15,-52,A,5c:62:8b:66:67:d2"
1791490358.995,"B,52676,10,46:88:44:6e:4f:e4,5593,13,0,0,-41,S,5c:62:8b:66:67:d2"
1791490359.199,"B,52776,10,b2:db:ca:e6:29:a6,56,2,0,0,-22,S,5c:62:8b:66:67:d2"
1791490359.199,"B,52776,10,5c:62:8b:66:67:d2,0,0,2457,17,-50,A,5c:62:8b:66:67:d2"
1791490359.199,"B,52776,10,46:88:44:6e:4f:e4,2149,6,0,0,-41,S,5c:62:8b:66:67:d2"
1791490359.199,"B,52776,10,72:3b:01:24:b7:c8,252,9,0,0,-20,S,5c:62:8b:66:67:d2"
1791490359.199,"B,52876,10,b2:db:ca:e6:29:a6,168,6,0,0,-20,S,5c:62:8b:66:67:d2"
1791490359.199,"B,52876,10,5c:62:8b:66:67:d2,0,0,1828,11,-51,A,5c:62:8b:66:67:d2"
1791490359.199,"B,52876,10,46:88:44:6e:4f:e4,1632,4,0,0,-42,S,5c:62:8b:66:67:d2"
1791490359.199,"B,52876,10,72:3b:01:24:b7:c8,28,1,0,0,-20,S,5c:62:8b:66:67:d2"
1791490359.403,"B,52976,10,b2:db:ca:e6:29:a6,56,2,0,0,-21,S,5c:62:8b:66:67:d2"
1791490359.403,"B,52976,10,5c:62:8b:66:67:d2,0,0,6554,15,-50,A,5c:62:8b:66:67:d2"
1791490359.403,"B,52976,10,46:88:44:6e:4f:e4,6414,10,0,0,-41,S,5c:62:8b:66:67:d2"
1791490359.403,"B,52976,10,72:3b:01:24:b7:c8,84,3,0,0,-20,S,5c:62:8b:66:67:d2"
1791490359.403,"B,53076,10,b2:db:ca:e6:29:a6,56,2,0,0,-19,S,5c:62:8b:66:67:d2"
1791490359.403,"B,53076,10,5c:62:8b:66:67:d2,0,0,3235,25,-50,A,5c:62:8b:66:67:d2"
1791490359.403,"B,53076,10,46:88:44:6e:4f:e4,2787,9,0,0,-42,S,5c:62:8b:66:67:d2"
1791490359.403,"B,53076,10,72:3b:01:24:b7:c8,392,14,0,0,-20,S,5c:62:8b:66:67:d2"
1791490359.607,"B,53176,10,b2:db:ca:e6:29:a6,56,2,0,0,-21,S,5c:62:8b:66:67:d2"
1791490359.607,"B,53176,10,5c:62:8b:66:67:d2,0,0,3137,10,-49,A,5c:62:8b:66:67:d2"
1791490359.607,"B,53176,10,46:88:44:6e:4f:e4,3053,7,0,0,-40,S,5c:62:8b:66:67:d2"
1791490359.607,"B,53176,10,72:3b:01:24:b7:c8,28,1,0,0,-20,S,5c:62:8b:66:67:d2"
1791490359.607,"B,53276,10,b2:db:ca:e6:29:a6,28,1,0,0,-21,S,5c:62:8b:66:67:d2"
1791490359.607,"B,53276,10,5c:62:8b:66:67:d2,0,0,2731,7,-50,A,5c:62:8b:66:67:d2"
1791490359.607,"B,53276,10,46:88:44:6e:4f:e4,2703,6,0,0,-39,S,5c:62:8b:66:67:d2"
1791490359.607,"B,53276,10,b0:a7:b9:23:82:ee,88,1,0,0,-87,A,b0:a7:b9:23:82:ee"
1791490359.811,"B,53376,10,b2:db:ca:e6:29:a6,28,1,0,0,-21,S,5c:62:8b:66:67:d2"
1791490359.811,"B,53376,10,5c:62:8b:66:67:d2,0,0,1330,13,-50,A,5c:62:8b:66:67:d2"
1791490359.811,"B,53376,10,46:88:44:6e:4f:e4,1078,4,0,0,-41,S,5c:62:8b:66:67:d2"
1791490359.811,"B,53376,10,72:3b:01:24:b7:c8,224,8,0,0,-20,S,5c:62:8b:66:67:d2"
1791490359.811,"B,53376,10,80:af:ca:68:4c:f8,84,1,0,0,-86,A,80:af:ca:68:4c:f8"
1791490359.811,"B,53476,10,5c:62:8b:66:67:d2,0,0,4670,17,-50,A,5c:62:8b:66:67:d2"
1791490359.811,"B,53476,10,46:88:44:6e:4f:e4,4586,14,0,0,-40,S,5c:62:8b:66:67:d2"
1791490359.811,"B,53476,10,72:3b:01:24:b7:c8,84,3,0,0,-20,S,5c:62:8b:66:67:d2"
1791490360.015,"B,53576,10,5c:62:8b:66:67:d2,0,0,2731,7,-50,A,5c:62:8b:66:67:d2"
1791490360.015,"B,53576,10,46:88:44:6e:4f:e4,2703,6,0,0,-41,S,5c:62:8b:66:67:d2"
1791490360.015,"B,53576,10,72:3b:01:24:b7:c8,28,1,0,0,-20,S,5c:62:8b:66:67:d2"
1791490360.015,"B,53676,10,5c:62:8b:66:67:d2,0,0,2927,14,-52,A,5c:62:8b:66:67:d2"
1791490360.015,"B,53676,10,46:88:44:6e:4f:e4,2703,6,0,0,-40,S,5c:62:8b:66:67:d2"
1791490360.015,"B,53676,10,72:3b:01:24:b7:c8,224,8,0,0,-20,S,5c:62:8b:66:67:d2"
1791490360.220,"B,53776,10,5c:62:8b:66:67:d2,0,0,2703,6,-50,A,5c:62:8b:66:67:d2"
1791490360.220,"B,53776,10,46:88:44:6e:4f:e4,2703,6,0,0,-40,S,5c:62:8b:66:67:d2"
1791490360.220,"B,53876,10,5c:62:8b:66:67:d2,0,0,2815,10,-51,A,5c:62:8b:66:67:d2"
1791490360.220,"B,53876,10,46:88:44:6e:4f:e4,2703,6,0,0,-40,S,5c:62:8b:66:67:d2"
1791490360.220,"B,53876,10,72:3b:01:24:b7:c8,112,4,0,0,-20,S,5c:62:8b:66:67:d2"
1791490360.421,"B,53976,10,5c:62:8b:66:67:d2,0,0,2940,13,-50,A,5c:62:8b:66:67:d2"
1791490360.421,"B,53976,10,46:88:44:6e:4f:e4,2828,9,0,0,-41,S,5c:62:8b:66:67:d2"
1791490360.421,"B,53976,10,72:3b:01:24:b7:c8,112,4,0,0,-20,S,5c:62:8b:66:67:d2"
1791490360.421,"A,54015,10,64:d1:54:63:44:f4,-90,Kubok"
1791490360.421,"B,54076,10,b2:db:ca:e6:29:a6,56,2,0,0,-23,S,5c:62:8b:66:67:d2"
1791490360.421,"B,54076,10,5c:62:8b:66:67:d2,0,0,2731,7,-50,A,5c:62:8b:66:67:d2"
1791490360.421,"B,54076,10,46:88:44:6e:4f:e4,2675,5,0,0,-41,S,5c:62:8b:66:67:d2"
1791490360.623,"B,54176,10,b2:db:ca:e6:29:a6,56,2,0,0,-23,S,5c:62:8b:66:67:d2"
1791490360.623,"B,54176,10,5c:62:8b:66:67:d2,0,0,3914,13,-51,A,5c:62:8b:66:67:d2"
1791490360.623,"B,54176,10,46:88:44:6e:4f:e4,3746,7,0,0,-41,S,5c:62:8b:66:67:d2"
1791490360.623,"B,54176,10,72:3b:01:24:b7:c8,112,4,0,0,-20,S,5c:62:8b:66:67:d2"
1791490360.623,"B,54276,10,b2:db:ca:e6:29:a6,56,2,0,0,-21,S,5c:62:8b:66:67:d2"
1791490360.623,"B,54276,10,5c:62:8b:66:67:d2,0,0,3221,13,0,A,5c:62:8b:66:67:d2"
1791490360.623,"B,54276,10,46:88:44:6e:4f:e4,3053,7,0,0,-41,S,5c:62:8b:66:67:d2"
1791490360.623,"B,54276,10,72:3b:01:24:b7:c8,112,4,0,0,-20,S,5c:62:8b:66:67:d2"
1791490360.623,"B,54276,10,80:af:ca:68:4c:f8,104,1,0,0,-85,A,80:af:ca:68:4c:f8"
1791490360.827,"B,54376,10,b2:db:ca:e6:29:a6,28,1,0,0,-20,S,5c:62:8b:66:67:d2"
1791490360.827,"B,54376,10,5c:62:8b:66:67:d2,0,0,2759,8,-50,A,5c:62:8b:66:67:d2"
1791490360.827,"B,54376,10,46:88:44:6e:4f:e4,2703,6,0,0,-41,S,5c:62:8b:66:67:d2"
1791490360.827,"B,54376,10,72:3b:01:24:b7:c8,28,1,0,0,-20,S,5c:62:8b:66:67:d2"
1791490360.827,"B,54476,10,b2:db:ca:e6:29:a6,140,5,0,0,-20,S,5c:62:8b:66:67:d2"
1791490360.827,"B,54476,10,5c:62:8b:66:67:d2,0,0,3795,22,-51,A,5c:62:8b:66:67:d2"
1791490360.827,"B,54476,10,46:88:44:6e:4f:e4,3403,8,0,0,-41,S,5c:62:8b:66:67:d2"
1791490360.827,"B,54476,10,72:3b:01:24:b7:c8,252,9,0,0,-20,S,5c:62:8b:66:67:d2"
1791490361.031,"B,54576,10,b2:db:ca:e6:29:a6,28,1,0,0,-23,S,5c:62:8b:66:67:d2"
1791490361.031,"B,54576,10,5c:62:8b:66:67:d2,0,0,1358,14,-50,A,5c:62:8b:66:67:d2"
1791490361.031,"B,54576,10,46:88:44:6e:4f:e4,1078,4,0,0,-41,S,5c:62:8b:66:67:d2"
1791490361.031,"B,54576,10,72:3b:01:24:b7:c8,252,9,0,0,-20,S,5c:62:8b:66:67:d2"
1791490361.031,"B,54676,10,b2:db:ca:e6:29:a6,168,6,0,0,-20,S,5c:62:8b:66:67:d2"
1791490361.031,"B,54676,10,5c:62:8b:66:67:d2,0,0,2871,12,-52,A,5c:62:8b:66:67:d2"
1791490361.031,"B,54676,10,46:88:44:6e:4f:e4,2675,5,0,0,-41,S,5c:62:8b:66:67:d2"
1791490361.031,"B,54676,10,78:8c:b5:f5:e7:26,0,0,30,1,-84,A,78:8c:b5:f5:e7:26"
1791490361.031,"B,54676,10,72:3b:01:24:b7:c8,28,1,0,0,-20,S,5c:62:8b:66:67:d2"
1791490361.031,"B,54676,10,a6:4c:bd:b6:c7:99,30,1,0,0,-92,S,78:8c:b5:f5:e7:26"
1791490361.231,"B,54776,10,b2:db:ca:e6:29:a6,28,1,0,0,-23,S,5c:62:8b:66:67:d2"
1791490361.231,"B,54776,10,5c:62:8b:66:67:d2,0,0,3109,9,-50,A,5c:62:8b:66:67:d2"
1791490361.231,"B,54776,10,46:88:44:6e:4f:e4,3053,7,0,0,-41,S,5c:62:8b:66:67:d2"
1791490361.231,"B,54776,10,72:3b:01:24:b7:c8,28,1,0,0,-20,S,5c:62:8b:66:67:d2"
1791490361.231,"B,54876,10,b2:db:ca:e6:29:a6,28,1,0,0,-23,S,5c:62:8b:66:67:d2"
1791490361.231,"B,54876,10,5c:62:8b:66:67:d2,0,0,2843,11,-49,A,5c:62:8b:66:67:d2"
1791490361.231,"B,54876,10,46:88:44:6e:4f:e4,2703,6,0,0,-41,S,5c:62:8b:66:67:d2"
1791490361.231,"B,54876,10,72:3b:01:24:b7:c8,112,4,0,0,-20,S,5c:62:8b:66:67:d2"
1791490361.431,"B,54976,10,b2:db:ca:e6:29:a6,196,7,0,0,-20,S,5c:62:8b:66:67:d2"
1791490361.431,"B,54976,10,5c:62:8b:66:67:d2,0,0,5139,24,-53,A,5c:62:8b:66:67:d2"
1791490361.431,"B,54976,10,46:88:44:6e:4f:e4,4803,12,0,0,-41,S,5c:62:8b:66:67:d2"
1791490361.431,"B,54976,10,72:3b:01:24:b7:c8,140,5,0,0,-20,S,5c:62:8b:66:67:d2"
1791490361.431,"B,55076,10,b2:db:ca:e6:29:a6,140,5,0,0,-19,S,5c:62:8b:66:67:d2"
1791490361.431,"B,55076,10,5c:62:8b:66:67:d2,0,0,1912,14,-52,A,5c:62:8b:66:67:d2"
1791490361.431,"B,55076,10,46:88:44:6e:4f:e4,1660,5,0,0,-40,S,5c:62:8b:66:67:d2"
1791490361.431,"B,55076,10,72:3b:01:24:b7:c8,112,4,0,0,-20,S,5c:62:8b:66:67:d2"
1791490361.431,"I,55093,stat,rx=8932,drops=0,ch=10,bin=100,hop=0,heap=203064"
1791490361.633,"B,55176,10,b2:db:ca:e6:29:a6,56,2,0,0,-22,S,5c:62:8b:66:67:d2"
1791490361.633,"B,55176,10,5c:62:8b:66:67:d2,0,0,2912,12,-49,A,5c:62:8b:66:67:d2"
1791490361.633,"B,55176,10,46:88:44:6e:4f:e4,2828,9,0,0,-41,S,5c:62:8b:66:67:d2"
1791490361.633,"B,55176,10,72:3b:01:24:b7:c8,28,1,0,0,-20,S,5c:62:8b:66:67:d2"
1791490361.633,"B,55276,10,b2:db:ca:e6:29:a6,28,1,0,0,-20,S,5c:62:8b:66:67:d2"
1791490361.633,"B,55276,10,5c:62:8b:66:67:d2,0,0,3425,12,-50,A,5c:62:8b:66:67:d2"
1791490361.633,"B,55276,10,46:88:44:6e:4f:e4,3257,6,0,0,-41,S,5c:62:8b:66:67:d2"
1791490361.633,"B,55276,10,72:3b:01:24:b7:c8,140,5,0,0,-20,S,5c:62:8b:66:67:d2"
1791490361.839,"B,55376,10,5c:62:8b:66:67:d2,0,0,2703,6,-52,A,5c:62:8b:66:67:d2"
1791490361.839,"B,55376,10,46:88:44:6e:4f:e4,2703,6,0,0,-40,S,5c:62:8b:66:67:d2"
1791490361.839,"B,55476,10,b2:db:ca:e6:29:a6,28,1,0,0,-23,S,5c:62:8b:66:67:d2"
1791490361.839,"B,55476,10,5c:62:8b:66:67:d2,0,0,4565,15,-50,A,5c:62:8b:66:67:d2"
1791490361.839,"B,55476,10,46:88:44:6e:4f:e4,4453,11,0,0,-41,S,5c:62:8b:66:67:d2"
1791490361.839,"B,55476,10,72:3b:01:24:b7:c8,84,3,0,0,-20,S,5c:62:8b:66:67:d2"
1791490362.042,"B,55576,10,b2:db:ca:e6:29:a6,140,5,0,0,-20,S,5c:62:8b:66:67:d2"
1791490362.042,"B,55576,10,5c:62:8b:66:67:d2,0,0,2633,15,-50,A,5c:62:8b:66:67:d2"
1791490362.042,"B,55576,10,46:88:44:6e:4f:e4,2353,5,0,0,-41,S,5c:62:8b:66:67:d2"
1791490362.042,"B,55576,10,72:3b:01:24:b7:c8,140,5,0,0,-20,S,5c:62:8b:66:67:d2"
1791490362.042,"B,55676,10,b2:db:ca:e6:29:a6,56,2,0,0,-21,S,5c:62:8b:66:67:d2"
1791490362.042,"B,55676,10,5c:62:8b:66:67:d2,0,0,1834,8,-50,A,5c:62:8b:66:67:d2"
1791490362.042,"B,55676,10,46:88:44:6e:4f:e4,1778,6,0,0,-41,S,5c:62:8b:66:67:d2"
1791490362.244,"B,55776,10,b2:db:ca:e6:29:a6,28,1,0,0,-22,S,5c:62:8b:66:67:d2"
1791490362.244,"B,55776,10,5c:62:8b:66:67:d2,0,0,2815,10,-50,A,5c:62:8b:66:67:d2"
1791490362.244,"B,55776,10,46:88:44:6e:4f:e4,2703,6,0,0,-41,S,5c:62:8b:66:67:d2"
1791490362.244,"B,55776,10,72:3b:01:24:b7:c8,84,3,0,0,-20,S,5c:62:8b:66:67:d2"
1791490362.244,"B,55876,10,b2:db:ca:e6:29:a6,28,1,0,0,-22,S,5c:62:8b:66:67:d2"
1791490362.244,"B,55876,10,5c:62:8b:66:67:d2,0,0,3663,9,-50,A,5c:62:8b:66:67:d2"
1791490362.244,"B,55876,10,46:88:44:6e:4f:e4,3607,7,0,0,-41,S,5c:62:8b:66:67:d2"
1791490362.244,"B,55876,10,72:3b:01:24:b7:c8,28,1,0,0,-20,S,5c:62:8b:66:67:d2"
1791490362.447,"B,55976,10,b2:db:ca:e6:29:a6,196,7,0,0,-19,S,5c:62:8b:66:67:d2"
1791490362.447,"B,55976,10,5c:62:8b:66:67:d2,0,0,4383,20,-51,A,5c:62:8b:66:67:d2"
1791490362.447,"B,55976,10,46:88:44:6e:4f:e4,4103,10,0,0,-41,S,5c:62:8b:66:67:d2"
1791490362.447,"B,55976,10,72:3b:01:24:b7:c8,84,3,0,0,-20,S,5c:62:8b:66:67:d2"
1791490362.447,"B,56076,10,b2:db:ca:e6:29:a6,56,2,0,0,-22,S,5c:62:8b:66:67:d2"
1791490362.447,"B,56076,10,5c:62:8b:66:67:d2,1400,4,3333,17,-51,A,5c:62:8b:66:67:d2"
1791490362.447,"B,56076,10,46:88:44:6e:4f:e4,3053,7,0,0,-41,S,5c:62:8b:66:67:d2"
1791490362.447,"B,56076,10,72:3b:01:24:b7:c8,224,8,1400,4,-20,S,5c:62:8b:66:67:d2"
1791490362.648,"B,56176,10,b2:db:ca:e6:29:a6,56,2,0,0,-21,S,5c:62:8b:66:67:d2"
1791490362.648,"B,56176,10,5c:62:8b:66:67:d2,0,0,7634,14,-50,A,5c:62:8b:66:67:d2"
1791490362.648,"B,56176,10,46:88:44:6e:4f:e4,7578,12,0,0,-41,S,5c:62:8b:66:67:d2"
1791490362.648,"B,56276,10,b2:db:ca:e6:29:a6,56,2,0,0,-21,S,5c:62:8b:66:67:d2"
1791490362.648,"B,56276,10,5c:62:8b:66:67:d2,0,0,3802,9,-51,A,5c:62:8b:66:67:d2"
1791490362.648,"B,56276,10,46:88:44:6e:4f:e4,3746,7,0,0,-41,S,5c:62:8b:66:67:d2"
1791490362.648,"M,56342,slot,7,1"
1791490362.853,"B,56376,10,b2:db:ca:e6:29:a6,56,2,0,0,-21,S,5c:62:8b:66:67:d2"
1791490362.853,"B,56376,10,5c:62:8b:66:67:d2,0,0,1974,13,-51,A,5c:62:8b:66:67:d2"
1791490362.853,"B,56376,10,46:88:44:6e:4f:e4,1778,6,0,0,-41,S,5c:62:8b:66:67:d2"
1791490362.853,"B,56376,10,72:3b:01:24:b7:c8,140,5,0,0,-20,S,5c:62:8b:66:67:d2"
1791490362.853,"B,56476,10,b2:db:ca:e6:29:a6,56,2,0,0,-21,S,5c:62:8b:66:67:d2"
1791490362.853,"B,56476,10,5c:62:8b:66:67:d2,0,0,3431,9,-51,A,5c:62:8b:66:67:d2"
1791490362.853,"B,56476,10,46:88:44:6e:4f:e4,3375,7,0,0,-41,S,5c:62:8b:66:67:d2"
1791490363.057,"B,56576,10,5c:62:8b:66:67:d2,0,0,2703,6,-50,A,5c:62:8b:66:67:d2"
1791490363.057,"B,56576,10,46:88:44:6e:4f:e4,2703,6,0,0,-40,S,5c:62:8b:66:67:d2"
1791490363.057,"B,56676,10,b2:db:ca:e6:29:a6,28,1,0,0,-23,S,5c:62:8b:66:67:d2"
1791490363.057,"B,56676,10,5c:62:8b:66:67:d2,0,0,3221,13,-50,A,5c:62:8b:66:67:d2"
1791490363.057,"B,56676,10,46:88:44:6e:4f:e4,3053,7,0,0,-40,S,5c:62:8b:66:67:d2"
1791490363.057,"B,56676,10,72:3b:01:24:b7:c8,140,5,0,0,-20,S,5c:62:8b:66:67:d2"
1791490363.261,"B,56776,10,5c:62:8b:66:67:d2,0,0,5749,11,-50,A,5c:62:8b:66:67:d2"
1791490363.261,"B,56776,10,46:88:44:6e:4f:e4,5721,10,0,0,-41,S,5c:62:8b:66:67:d2"
1791490363.261,"B,56776,10,78:8c:b5:f5:e7:26,80,1,0,0,-81,A,78:8c:b5:f5:e7:26"
1791490363.261,"B,56776,10,72:3b:01:24:b7:c8,28,1,0,0,-20,S,5c:62:8b:66:67:d2"
1791490363.261,"B,56876,10,5c:62:8b:66:67:d2,0,0,5721,10,-52,A,5c:62:8b:66:67:d2"
1791490363.261,"B,56876,10,46:88:44:6e:4f:e4,5721,10,0,0,-41,S,5c:62:8b:66:67:d2"
1791490363.466,"B,56976,10,5c:62:8b:66:67:d2,0,0,2212,10,-51,A,5c:62:8b:66:67:d2"
1791490363.466,"B,56976,10,46:88:44:6e:4f:e4,2100,6,0,0,-41,S,5c:62:8b:66:67:d2"
1791490363.466,"B,56976,10,78:8c:b5:f5:e7:26,161,1,0,0,-82,A,78:8c:b5:f5:e7:26"
1791490363.466,"B,56976,10,72:3b:01:24:b7:c8,112,4,0,0,-20,S,5c:62:8b:66:67:d2"
1791490363.466,"B,57076,10,5c:62:8b:66:67:d2,0,0,3039,18,-50,A,5c:62:8b:66:67:d2"
1791490363.466,"B,57076,10,46:88:44:6e:4f:e4,2703,6,0,0,-41,S,5c:62:8b:66:67:d2"
1791490363.466,"B,57076,10,72:3b:01:24:b7:c8,336,12,0,0,-20,S,5c:62:8b:66:67:d2"
1791490363.668,"B,57176,10,b2:db:ca:e6:29:a6,112,4,0,0,-20,S,5c:62:8b:66:67:d2"
1791490363.668,"B,57176,10,5c:62:8b:66:67:d2,0,0,2927,14,-50,A,5c:62:8b:66:67:d2"
1791490363.668,"B,57176,10,46:88:44:6e:4f:e4,2703,6,0,0,-41,S,5c:62:8b:66:67:d2"
1791490363.668,"B,57176,10,72:3b:01:24:b7:c8,112,4,0,0,-17,S,5c:62:8b:66:67:d2"
1791490363.668,"B,57276,10,b2:db:ca:e6:29:a6,84,3,0,0,-20,S,5c:62:8b:66:67:d2"
1791490363.668,"B,57276,10,5c:62:8b:66:67:d2,0,0,3998,16,-51,A,5c:62:8b:66:67:d2"
1791490363.668,"B,57276,10,46:88:44:6e:4f:e4,3746,7,0,0,-41,S,5c:62:8b:66:67:d2"
1791490363.668,"B,57276,10,72:3b:01:24:b7:c8,168,6,0,0,-19,S,5c:62:8b:66:67:d2"
1791490363.871,"B,57376,10,b2:db:ca:e6:29:a6,28,1,0,0,-22,S,5c:62:8b:66:67:d2"
1791490363.871,"B,57376,10,5c:62:8b:66:67:d2,0,0,3081,8,-50,A,5c:62:8b:66:67:d2"
1791490363.871,"B,57376,10,46:88:44:6e:4f:e4,3053,7,0,0,-41,S,5c:62:8b:66:67:d2"
1791490363.871,"B,57476,10,b2:db:ca:e6:29:a6,56,2,0,0,-21,S,5c:62:8b:66:67:d2"
1791490363.871,"B,57476,10,5c:62:8b:66:67:d2,138,1,4309,15,-51,A,5c:62:8b:66:67:d2"
1791490363.871,"B,57476,10,46:88:44:6e:4f:e4,4197,11,138,1,-42,S,5c:62:8b:66:67:d2"
1791490363.871,"B,57476,10,72:3b:01:24:b7:c8,56,2,0,0,-17,S,5c:62:8b:66:67:d2"
1791490363.871,"B,57476,10,8a:ce:16:78:6f:dc,0,0,30,1,0,A,8a:ce:16:78:6f:dc"
1791490363.871,"B,57476,10,38:d5:7a:f4:5a:37,30,1,0,0,-89,S,8a:ce:16:78:6f:dc"
1791490364.075,"B,57576,10,b2:db:ca:e6:29:a6,56,2,0,0,-21,S,5c:62:8b:66:67:d2"
1791490364.075,"B,57576,10,5c:62:8b:66:67:d2,0,0,1246,10,-50,A,5c:62:8b:66:67:d2"
1791490364.075,"B,57576,10,46:88:44:6e:4f:e4,1078,4,0,0,-41,S,5c:62:8b:66:67:d2"
1791490364.075,"B,57576,10,72:3b:01:24:b7:c8,112,4,0,0,-16,S,5c:62:8b:66:67:d2"
1791490364.075,"B,57676,10,b2:db:ca:e6:29:a6,28,1,0,0,-21,S,5c:62:8b:66:67:d2"
1791490364.075,"B,57676,10,5c:62:8b:66:67:d2,0,0,3053,7,-51,A,5c:62:8b:66:67:d2"
1791490364.075,"B,57676,10,46:88:44:6e:4f:e4,3025,6,0,0,-41,S,5c:62:8b:66:67:d2"
1791490364.277,"B,57776,10,b2:db:ca:e6:29:a6,28,1,0,0,-21,S,5c:62:8b:66:67:d2"
1791490364.277,"B,57776,10,5c:62:8b:66:67:d2,0,0,3979,12,-50,A,5c:62:8b:66:67:d2"
1791490364.277,"B,57776,10,46:88:44:6e:4f:e4,3867,8,0,0,-41,S,5c:62:8b:66:67:d2"
1791490364.277,"B,57776,10,72:3b:01:24:b7:c8,84,3,0,0,-16,S,5c:62:8b:66:67:d2"
1791490364.277,"B,57876,10,b2:db:ca:e6:29:a6,56,2,0,0,-23,S,5c:62:8b:66:67:d2"
1791490364.277,"B,57876,10,5c:62:8b:66:67:d2,0,0,2843,11,-52,A,5c:62:8b:66:67:d2"
1791490364.277,"B,57876,10,46:88:44:6e:4f:e4,2703,6,0,0,-41,S,5c:62:8b:66:67:d2"
1791490364.277,"B,57876,10,72:3b:01:24:b7:c8,84,3,0,0,-16,S,5c:62:8b:66:67:d2"
1791490364.479,"B,57976,10,b2:db:ca:e6:29:a6,112,4,0,0,-21,S,5c:62:8b:66:67:d2"
1791490364.479,"B,57976,10,5c:62:8b:66:67:d2,0,0,2815,10,-51,A,5c:62:8b:66:67:d2"
1791490364.479,"B,57976,10,46:88:44:6e:4f:e4,2703,6,0,0,-41,S,5c:62:8b:66:67:d2"
1791490364.479,"B,58076,10,b2:db:ca:e6:29:a6,28,1,0,0,-21,S,5c:62:8b:66:67:d2"
1791490364.479,"B,58076,10,5c:62:8b:66:67:d2,0,0,3277,15,-52,A,5c:62:8b:66:67:d2"
1791490364.479,"B,58076,10,46:88:44:6e:4f:e4,3053,7,0,0,-43,S,5c:62:8b:66:67:d2"
1791490364.479,"B,58076,10,72:3b:01:24:b7:c8,196,7,0,0,-17,S,5c:62:8b:66:67:d2"
1791490364.681,"B,58176,10,b2:db:ca:e6:29:a6,56,2,0,0,-21,S,5c:62:8b:66:67:d2"
1791490364.681,"B,58176,10,5c:62:8b:66:67:d2,3500,10,1106,5,-51,A,5c:62:8b:66:67:d2"
1791490364.681,"B,58176,10,46:88:44:6e:4f:e4,1050,3,0,0,-43,S,5c:62:8b:66:67:d2"
1791490364.681,"B,58176,10,72:3b:01:24:b7:c8,0,0,3500,10,0,S,5c:62:8b:66:67:d2"
1791490364.681,"B,58276,10,b2:db:ca:e6:29:a6,84,3,0,0,-20,S,5c:62:8b:66:67:d2"
1791490364.681,"B,58276,10,5c:62:8b:66:67:d2,0,0,4181,16,-51,A,5c:62:8b:66:67:d2"
1791490364.681,"B,58276,10,46:88:44:6e:4f:e4,3985,9,0,0,-43,S,5c:62:8b:66:67:d2"
1791490364.681,"B,58276,10,72:3b:01:24:b7:c8,112,4,0,0,-17,S,5c:62:8b:66:67:d2"
1791490364.881,"B,58376,10,b2:db:ca:e6:29:a6,84,3,0,0,-21,S,5c:62:8b:66:67:d2"
1791490364.881,"B,58376,10,5c:62:8b:66:67:d2,0,0,2787,9,-51,A,5c:62:8b:66:67:d2"
1791490364.881,"B,58376,10,46:88:44:6e:4f:e4,2703,6,0,0,-43,S,5c:62:8b:66:67:d2"
1791490364.881,"B,58476,10,b2:db:ca:e6:29:a6,84,3,0,0,-21,S,5c:62:8b:66:67:d2"
1791490364.881,"B,58476,10,5c:62:8b:66:67:d2,0,0,2899,13,-52,A,5c:62:8b:66:67:d2"
1791490364.881,"B,58476,10,46:88:44:6e:4f:e4,2703,6,0,0,-43,S,5c:62:8b:66:67:d2"
1791490364.881,"B,58476,10,72:3b:01:24:b7:c8,112,4,0,0,-17,S,5c:62:8b:66:67:d2"
1791490364.881,"B,58576,10,b2:db:ca:e6:29:a6,56,2,0,0,-21,S,5c:62:8b:66:67:d2"
1791490365.081,"B,58576,10,5c:62:8b:66:67:d2,0,0,4698,18,0,A,5c:62:8b:66:67:d2"
1791490365.081,"B,58576,10,46:88:44:6e:4f:e4,4446,9,0,0,-43,S,5c:62:8b:66:67:d2"
1791490365.081,"B,58576,10,72:3b:01:24:b7:c8,196,7,0,0,-17,S,5c:62:8b:66:67:d2"
1791490365.081,"B,58676,10,b2:db:ca:e6:29:a6,56,2,0,0,-22,S,5c:62:8b:66:67:d2"
1791490365.081,"B,58676,10,5c:62:8b:66:67:d2,0,0,2787,9,-49,A,5c:62:8b:66:67:d2"
1791490365.081,"B,58676,10,46:88:44:6e:4f:e4,2703,6,0,0,-43,S,5c:62:8b:66:67:d2"
1791490365.081,"B,58676,10,72:3b:01:24:b7:c8,28,1,0,0,-17,S,5c:62:8b:66:67:d2"
1791490365.081,"B,58776,10,b2:db:ca:e6:29:a6,28,1,0,0,-21,S,5c:62:8b:66:67:d2"
1791490365.081,"B,58776,10,5c:62:8b:66:67:d2,0,0,1190,8,-50,A,5c:62:8b:66:67:d2"
1791490365.081,"B,58776,10,46:88:44:6e:4f:e4,1050,3,0,0,-43,S,5c:62:8b:66:67:d2"
1791490365.081,"B,58776,10,72:3b:01:24:b7:c8,112,4,0,0,-17,S,5c:62:8b:66:67:d2"
1791490365.282,"B,58876,10,5c:62:8b:66:67:d2,0,0,2871,12,-51,A,5c:62:8b:66:67:d2"
1791490365.282,"B,58876,10,46:88:44:6e:4f:e4,2703,6,0,0,-43,S,5c:62:8b:66:67:d2"
1791490365.282,"B,58876,10,72:3b:01:24:b7:c8,168,6,0,0,-18,S,5c:62:8b:66:67:d2"
1791490365.282,"B,58976,10,5c:62:8b:66:67:d2,0,0,5050,14,-49,A,5c:62:8b:66:67:d2"
1791490365.282,"B,58976,10,46:88:44:6e:4f:e4,5022,13,0,0,-43,S,5c:62:8b:66:67:d2"
1791490365.482,"B,58976,10,72:3b:01:24:b7:c8,28,1,0,0,-18,S,5c:62:8b:66:67:d2"
1791490365.482,"B,59076,10,5c:62:8b:66:67:d2,0,0,3501,23,-49,A,5c:62:8b:66:67:d2"
1791490365.482,"B,59076,10,46:88:44:6e:4f:e4,3053,7,0,0,-41,S,5c:62:8b:66:67:d2"
1791490365.482,"B,59076,10,78:8c:b5:f5:e7:26,0,0,28,1,-82,A,78:8c:b5:f5:e7:26"
1791490365.482,"B,59076,10,72:3b:01:24:b7:c8,448,16,0,0,-17,S,5c:62:8b:66:67:d2"
1791490365.482,"B,59076,10,80:af:ca:68:4c:f8,84,1,0,0,-85,A,80:af:ca:68:4c:f8"
1791490365.482,"B,59076,10,00:08:22:24:d6:fb,28,1,0,0,-77,S,78:8c:b5:f5:e7:26"
1791490365.482,"B,59176,10,b2:db:ca:e6:29:a6,28,1,0,0,-21,S,5c:62:8b:66:67:d2"
1791490365.482,"B,59176,10,5c:62:8b:66:67:d2,0,0,2409,7,-51,A,5c:62:8b:66:67:d2"
1791490365.683,"B,59176,10,46:88:44:6e:4f:e4,2353,5,0,0,-42,S,5c:62:8b:66:67:d2"
1791490365.683,"B,59176,10,72:3b:01:24:b7:c8,28,1,0,0,-17,S,5c:62:8b:66:67:d2"
1791490365.683,"B,59276,10,b2:db:ca:e6:29:a6,56,2,0,0,-21,S,5c:62:8b:66:67:d2"
1791490365.683,"B,59276,10,5c:62:8b:66:67:d2,0,0,3459,10,-50,A,5c:62:8b:66:67:d2"
1791490365.683,"B,59276,10,46:88:44:6e:4f:e4,3403,8,0,0,-41,S,5c:62:8b:66:67:d2"
1791490365.683,"B,59376,10,b2:db:ca:e6:29:a6,56,2,0,0,-23,S,5c:62:8b:66:67:d2"
1791490365.683,"B,59376,10,5c:62:8b:66:67:d2,0,0,1680,14,-50,A,5c:62:8b:66:67:d2"
1791490365.683,"B,59376,10,46:88:44:6e:4f:e4,1400,4,0,0,-42,S,5c:62:8b:66:67:d2"
1791490365.683,"B,59376,10,72:3b:01:24:b7:c8,224,8,0,0,-18,S,5c:62:8b:66:67:d2"
1791490365.883,"B,59476,10,b2:db:ca:e6:29:a6,28,1,0,0,-21,S,5c:62:8b:66:67:d2"
1791490365.883,"B,59476,10,5c:62:8b:66:67:d2,0,0,4152,10,-50,A,5c:62:8b:66:67:d2"
1791490365.883,"B,59476,10,46:88:44:6e:4f:e4,4096,8,0,0,-42,S,5c:62:8b:66:67:d2"
1791490365.883,"B,59476,10,72:3b:01:24:b7:c8,28,1,0,0,-18,S,5c:62:8b:66:67:d2"
1791490365.883,"B,59576,10,b2:db:ca:e6:29:a6,28,1,0,0,-21,S,5c:62:8b:66:67:d2"
1791490365.883,"B,59576,10,5c:62:8b:66:67:d2,0,0,3431,9,-51,A,5c:62:8b:66:67:d2"
1791490365.883,"B,59576,10,46:88:44:6e:4f:e4,3403,8,0,0,-42,S,5c:62:8b:66:67:d2"
1791490366.084,"B,59676,10,b2:db:ca:e6:29:a6,84,3,0,0,-22,S,5c:62:8b:66:67:d2"
1791490366.084,"B,59676,10,5c:62:8b:66:67:d2,0,0,6224,23,-51,A,5c:62:8b:66:67:d2"
1791490366.084,"B,59676,10,46:88:44:6e:4f:e4,5832,9,0,0,-42,S,5c:62:8b:66:67:d2"
1791490366.084,"B,59676,10,72:3b:01:24:b7:c8,308,11,0,0,-17,S,5c:62:8b:66:67:d2"
1791490366.084,"B,59776,10,b2:db:ca:e6:29:a6,56,2,0,0,-21,S,5c:62:8b:66:67:d2"
1791490366.084,"B,59776,10,5c:62:8b:66:67:d2,0,0,4180,11,-50,A,5c:62:8b:66:67:d2"
1791490366.084,"B,59776,10,46:88:44:6e:4f:e4,4096,8,0,0,-42,S,5c:62:8b:66:67:d2"
1791490366.084,"B,59776,10,72:3b:01:24:b7:c8,28,1,0,0,-17,S,5c:62:8b:66:67:d2"
1791490366.285,"B,59876,10,b2:db:ca:e6:29:a6,28,1,0,0,-21,S,5c:62:8b:66:67:d2"
1791490366.285,"B,59876,10,5c:62:8b:66:67:d2,0,0,5895,13,-48,A,5c:62:8b:66:67:d2"
1791490366.285,"B,59876,10,46:88:44:6e:4f:e4,5839,11,0,0,-42,S,5c:62:8b:66:67:d2"
1791490366.285,"B,59876,10,72:3b:01:24:b7:c8,28,1,0,0,-20,S,5c:62:8b:66:67:d2"
1791490366.285,"B,59976,10,5c:62:8b:66:67:d2,0,0,1652,13,-50,A,5c:62:8b:66:67:d2"
1791490366.285,"B,59976,10,46:88:44:6e:4f:e4,1428,5,0,0,-42,S,5c:62:8b:66:67:d2"
1791490366.285,"B,59976,10,72:3b:01:24:b7:c8,224,8,0,0,-17,S,5c:62:8b:66:67:d2"
1791490366.486,"B,60076,10,b2:db:ca:e6:29:a6,28,1,0,0,-21,S,5c:62:8b:66:67:d2"
1791490366.486,"B,60076,10,5c:62:8b:66:67:d2,0,0,3109,9,-51,A,5c:62:8b:66:67:d2"
1791490366.486,"B,60076,10,46:88:44:6e:4f:e4,3053,7,0,0,-42,S,5c:62:8b:66:67:d2"
1791490366.486,"B,60076,10,72:3b:01:24:b7:c8,28,1,0,0,-17,S,5c:62:8b:66:67:d2"
1791490366.486,"I,60094,stat,rx=9740,drops=0,ch=10,bin=100,hop=0,heap=203064"
1791490366.486,"B,60176,10,b2:db:ca:e6:29:a6,84,3,0,0,-21,S,5c:62:8b:66:67:d2"
1791490366.486,"B,60176,10,5c:62:8b:66:67:d2,0,0,2759,8,-50,A,5c:62:8b:66:67:d2"
1791490366.486,"B,60176,10,46:88:44:6e:4f:e4,2675,5,0,0,-42,S,5c:62:8b:66:67:d2"
1791490366.686,"B,60276,10,b2:db:ca:e6:29:a6,56,2,0,0,-21,S,5c:62:8b:66:67:d2"
1791490366.686,"B,60276,10,5c:62:8b:66:67:d2,0,0,2843,11,-49,A,5c:62:8b:66:67:d2"
1791490366.686,"B,60276,10,46:88:44:6e:4f:e4,2703,6,0,0,-42,S,5c:62:8b:66:67:d2"
1791490366.686,"B,60276,10,72:3b:01:24:b7:c8,84,3,0,0,-17,S,5c:62:8b:66:67:d2"
1791490366.686,"B,60376,10,b2:db:ca:e6:29:a6,56,2,0,0,-21,S,5c:62:8b:66:67:d2"
1791490366.686,"B,60376,10,5c:62:8b:66:67:d2,0,0,2787,9,-50,A,5c:62:8b:66:67:d2"
1791490366.686,"B,60376,10,46:88:44:6e:4f:e4,2703,6,0,0,-41,S,5c:62:8b:66:67:d2"
1791490366.686,"B,60376,10,72:3b:01:24:b7:c8,28,1,0,0,-18,S,5c:62:8b:66:67:d2"
1791490366.888,"B,60476,10,b2:db:ca:e6:29:a6,84,3,0,0,-21,S,5c:62:8b:66:67:d2"
1791490366.888,"B,60476,10,5c:62:8b:66:67:d2,0,0,2871,12,-50,A,5c:62:8b:66:67:d2"
1791490366.888,"B,60476,10,46:88:44:6e:4f:e4,2703,6,0,0,-41,S,5c:62:8b:66:67:d2"
1791490366.888,"B,60476,10,72:3b:01:24:b7:c8,84,3,0,0,-17,S,5c:62:8b:66:67:d2"
1791490366.888,"B,60576,10,b2:db:ca:e6:29:a6,56,2,0,0,-21,S,5c:62:8b:66:67:d2"
1791490366.888,"B,60576,10,5c:62:8b:66:67:d2,0,0,896,9,-50,A,5c:62:8b:66:67:d2"
1791490366.888,"B,60576,10,46:88:44:6e:4f:e4,700,2,0,0,-43,S,5c:62:8b:66:67:d2"
1791490366.888,"B,60576,10,72:3b:01:24:b7:c8,140,5,0,0,-17,S,5c:62:8b:66:67:d2"
1791490367.090,"B,60676,10,b2:db:ca:e6:29:a6,56,2,0,0,-21,S,5c:62:8b:66:67:d2"
1791490367.090,"B,60676,10,5c:62:8b:66:67:d2,0,0,3459,10,-50,A,5c:62:8b:66:67:d2"
1791490367.090,"B,60676,10,46:88:44:6e:4f:e4,3403,8,0,0,-41,S,5c:62:8b:66:67:d2"
1791490367.090,"B,60776,10,b2:db:ca:e6:29:a6,56,2,0,0,-21,S,5c:62:8b:66:67:d2"
1791490367.090,"B,60776,10,5c:62:8b:66:67:d2,0,0,6821,18,-48,A,5c:62:8b:66:67:d2"
1791490367.090,"B,60776,10,46:88:44:6e:4f:e4,6653,12,0,0,-42,S,5c:62:8b:66:67:d2"
1791490367.090,"B,60776,10,72:3b:01:24:b7:c8,112,4,0,0,-17,S,5c:62:8b:66:67:d2"
1791490367.291,"B,60876,10,b2:db:ca:e6:29:a6,56,2,0,0,-22,S,5c:62:8b:66:67:d2"
1791490367.291,"B,60876,10,5c:62:8b:66:67:d2,0,0,1246,10,-51,A,5c:62:8b:66:67:d2"
1791490367.291,"B,60876,10,46:88:44:6e:4f:e4,1078,4,0,0,-42,S,5c:62:8b:66:67:d2"
1791490367.291,"B,60876,10,72:3b:01:24:b7:c8,112,4,0,0,-17,S,5c:62:8b:66:67:d2"
1791490367.291,"B,60976,10,b2:db:ca:e6:29:a6,28,1,0,0,-21,S,5c:62:8b:66:67:d2"
1791490367.291,"B,60976,10,5c:62:8b:66:67:d2,0,0,4124,9,-50,A,5c:62:8b:66:67:d2"
1791490367.291,"B,60976,10,46:88:44:6e:4f:e4,4096,8,0,0,-42,S,5c:62:8b:66:67:d2"
1791490367.494,"B,61076,10,b2:db:ca:e6:29:a6,56,2,0,0,-21,S,5c:62:8b:66:67:d2"
1791490367.494,"B,61076,10,5c:62:8b:66:67:d2,0,0,3655,17,-51,A,5c:62:8b:66:67:d2"
1791490367.494,"B,61076,10,46:88:44:6e:4f:e4,3403,8,0,0,-42,S,5c:62:8b:66:67:d2"
1791490367.494,"B,61076,10,78:8c:b5:f5:e7:26,0,0,414,2,-82,A,78:8c:b5:f5:e7:26"
1791490367.494,"B,61076,10,72:3b:01:24:b7:c8,196,7,0,0,-18,S,5c:62:8b:66:67:d2"
1791490367.494,"B,61076,10,00:08:22:24:d6:fb,414,2,0,0,-77,S,78:8c:b5:f5:e7:26"
1791490367.494,"B,61176,10,b2:db:ca:e6:29:a6,28,1,0,0,-23,S,5c:62:8b:66:67:d2"
1791490367.494,"B,61176,10,5c:62:8b:66:67:d2,0,0,1218,9,-50,A,5c:62:8b:66:67:d2"
1791490367.494,"B,61176,10,46:88:44:6e:4f:e4,1078,4,0,0,-42,S,5c:62:8b:66:67:d2"
1791490367.494,"B,61176,10,72:3b:01:24:b7:c8,112,4,0,0,-18,S,5c:62:8b:66:67:d2"
1791490367.697,"B,61276,10,b2:db:ca:e6:29:a6,28,1,0,0,-23,S,5c:62:8b:66:67:d2"
1791490367.697,"B,61276,10,5c:62:8b:66:67:d2,0,0,2731,7,-50,A,5c:62:8b:66:67:d2"
1791490367.697,"B,61276,10,46:88:44:6e:4f:e4,2675,5,0,0,-41,S,5c:62:8b:66:67:d2"
1791490367.697,"B,61276,10,72:3b:01:24:b7:c8,28,1,0,0,-18,S,5c:62:8b:66:67:d2"
1791490367.697,"B,61376,10,5c:62:8b:66:67:d2,0,0,5951,15,-50,A,5c:62:8b:66:67:d2"
1791490367.697,"B,61376,10,46:88:44:6e:4f:e4,5839,11,0,0,-41,S,5c:62:8b:66:67:d2"
1791490367.697,"B,61376,10,72:3b:01:24:b7:c8,112,4,0,0,-18,S,5c:62:8b:66:67:d2"
1791490367.901,"M,61401,slot,8,0"
1791490367.901,"B,61476,10,5c:62:8b:66:67:d2,0,0,2871,12,-50,A,5c:62:8b:66:67:d2"
1791490367.901,"B,61476,10,46:88:44:6e:4f:e4,2731,7,0,0,-41,S,5c:62:8b:66:67:d2"
1791490367.901,"B,61476,10,72:3b:01:24:b7:c8,140,5,0,0,-17,S,5c:62:8b:66:67:d2"
1791490367.901,"B,61576,10,5c:62:8b:66:67:d2,0,0,4187,13,-51,A,5c:62:8b:66:67:d2"
1791490367.901,"B,61576,10,46:88:44:6e:4f:e4,4103,10,0,0,-41,S,5c:62:8b:66:67:d2"
1791490367.901,"B,61576,10,72:3b:01:24:b7:c8,84,3,0,0,-17,S,5c:62:8b:66:67:d2"
1791490368.102,"B,61676,10,5c:62:8b:66:67:d2,0,0,2703,6,-49,A,5c:62:8b:66:67:d2"
1791490368.102,"B,61676,10,46:88:44:6e:4f:e4,2703,6,0,0,-39,S,5c:62:8b:66:67:d2"
1791490368.102,"B,61776,10,b2:db:ca:e6:29:a6,28,1,0,0,-23,S,5c:62:8b:66:67:d2"
1791490368.102,"B,61776,10,5c:62:8b:66:67:d2,0,0,1246,10,-50,A,5c:62:8b:66:67:d2"
1791490368.102,"B,61776,10,46:88:44:6e:4f:e4,1050,3,0,0,-39,S,5c:62:8b:66:67:d2"
1791490368.102,"B,61776,10,72:3b:01:24:b7:c8,168,6,0,0,-17,S,5c:62:8b:66:67:d2"
1791490368.306,"B,61876,10,b2:db:ca:e6:29:a6,28,1,0,0,-21,S,5c:62:8b:66:67:d2"
1791490368.306,"B,61876,10,5c:62:8b:66:67:d2,0,0,2815,10,-51,A,5c:62:8b:66:67:d2"
1791490368.306,"B,61876,10,46:88:44:6e:4f:e4,2703,6,0,0,-36,S,5c:62:8b:66:67:d2"
1791490368.306,"B,61876,10,72:3b:01:24:b7:c8,84,3,0,0,-18,S,5c:62:8b:66:67:d2"
1791490368.306,"B,61976,10,b2:db:ca:e6:29:a6,28,1,0,0,-21,S,5c:62:8b:66:67:d2"
1791490368.306,"B,61976,10,5c:62:8b:66:67:d2,0,0,3774,8,-50,A,5c:62:8b:66:67:d2"
1791490368.306,"B,61976,10,46:88:44:6e:4f:e4,3746,7,0,0,-38,S,5c:62:8b:66:67:d2"
1791490368.509,"B,62076,10,b2:db:ca:e6:29:a6,140,5,0,0,-20,S,5c:62:8b:66:67:d2"
1791490368.509,"B,62076,10,5c:62:8b:66:67:d2,0,0,4348,17,-50,A,5c:62:8b:66:67:d2"
1791490368.509,"B,62076,10,46:88:44:6e:4f:e4,4096,8,0,0,-41,S,5c:62:8b:66:67:d2"
1791490368.509,"B,62076,10,72:3b:01:24:b7:c8,112,4,0,0,-18,S,5c:62:8b:66:67:d2"
1791490368.509,"B,62176,10,b2:db:ca:e6:29:a6,28,1,0,0,-22,S,5c:62:8b:66:67:d2"
1791490368.509,"B,62176,10,5c:62:8b:66:67:d2,0,0,3893,14,-51,A,5c:62:8b:66:67:d2"
1791490368.509,"B,62176,10,46:88:44:6e:4f:e4,3753,9,0,0,-42,S,5c:62:8b:66:67:d2"
1791490368.509,"B,62176,10,72:3b:01:24:b7:c8,112,4,0,0,-18,S,5c:62:8b:66:67:d2"
1791490368.712,"B,62276,10,b2:db:ca:e6:29:a6,28,1,0,0,-21,S,5c:62:8b:66:67:d2"
1791490368.712,"B,62276,10,5c:62:8b:66:67:d2,0,0,1106,5,-51,A,5c:62:8b:66:67:d2"
1791490368.712,"B,62276,10,46:88:44:6e:4f:e4,1078,4,0,0,-42,S,5c:62:8b:66:67:d2"
1791490368.712,"B,62376,10,b2:db:ca:e6:29:a6,112,4,0,0,-21,S,5c:62:8b:66:67:d2"
1791490368.712,"B,62376,10,5c:62:8b:66:67:d2,0,0,1967,11,-52,A,5c:62:8b:66:67:d2"
1791490368.712,"B,62376,10,46:88:44:6e:4f:e4,1743,3,0,0,-41,S,5c:62:8b:66:67:d2"
1791490368.712,"B,62376,10,72:3b:01:24:b7:c8,112,4,0,0,-18,S,5c:62:8b:66:67:d2"
1791490368.712,"B,62376,10,80:af:ca:68:4c:f8,104,1,0,0,-89,A,80:af:ca:68:4c:f8"
1791490368.917,"B,62476,10,b2:db:ca:e6:29:a6,56,2,0,0,-21,S,5c:62:8b:66:67:d2"
1791490368.917,"B,62476,10,5c:62:8b:66:67:d2,0,0,4666,13,-52,A,5c:62:8b:66:67:d2"
1791490368.917,"B,62476,10,46:88:44:6e:4f:e4,4610,11,0,0,-41,S,5c:62:8b:66:67:d2"
1791490368.917,"B,62576,10,b2:db:ca:e6:29:a6,84,3,0,0,-21,S,5c:62:8b:66:67:d2"
1791490368.917,"B,62576,10,5c:62:8b:66:67:d2,0,0,3369,10,-51,A,5c:62:8b:66:67:d2"
1791490368.917,"B,62576,10,46:88:44:6e:4f:e4,3285,7,0,0,-41,S,5c:62:8b:66:67:d2"
1791490369.121,"B,62676,10,b2:db:ca:e6:29:a6,84,3,0,0,-22,S,5c:62:8b:66:67:d2"
1791490369.121,"B,62676,10,5c:62:8b:66:67:d2,0,0,4615,20,-51,A,5c:62:8b:66:67:d2"
1791490369.121,"B,62676,10,46:88:44:6e:4f:e4,4335,10,0,0,-41,S,5c:62:8b:66:67:d2"
1791490369.121,"B,62676,10,72:3b:01:24:b7:c8,196,7,0,0,-17,S,5c:62:8b:66:67:d2"
1791490369.121,"B,62776,10,b2:db:ca:e6:29:a6,56,2,0,0,-22,S,5c:62:8b:66:67:d2"
1791490369.121,"B,62776,10,5c:62:8b:66:67:d2,0,0,4180,11,0,A,5c:62:8b:66:67:d2"
1791490369.121,"B,62776,10,46:88:44:6e:4f:e4,4096,8,0,0,-41,S,5c:62:8b:66:67:d2"
1791490369.121,"B,62776,10,72:3b:01:24:b7:c8,28,1,0,0,-17,S,5c:62:8b:66:67:d2"
1791490369.326,"B,62876,10,b2:db:ca:e6:29:a6,56,2,0,0,-22,S,5c:62:8b:66:67:d2"
1791490369.326,"B,62876,10,5c:62:8b:66:67:d2,0,0,3109,9,-50,A,5c:62:8b:66:67:d2"
1791490369.326,"B,62876,10,46:88:44:6e:4f:e4,3053,7,0,0,-41,S,5c:62:8b:66:67:d2"
1791490369.326,"B,62976,10,b2:db:ca:e6:29:a6,28,1,0,0,-23,S,5c:62:8b:66:67:d2"
1791490369.326,"B,62976,10,5c:62:8b:66:67:d2,0,0,1358,14,-51,A,5c:62:8b:66:67:d2"
1791490369.326,"B,62976,10,46:88:44:6e:4f:e4,1078,4,0,0,-40,S,5c:62:8b:66:67:d2"
1791490369.326,"B,62976,10,72:3b:01:24:b7:c8,252,9,0,0,-17,S,5c:62:8b:66:67:d2"
1791490369.530,"B,63076,10,b2:db:ca:e6:29:a6,84,3,0,0,-21,S,5c:62:8b:66:67:d2"
1791490369.530,"B,63076,10,5c:62:8b:66:67:d2,0,0,5447,20,-49,A,5c:62:8b:66:67:d2"
1791490369.530,"B,63076,10,46:88:44:6e:4f:e4,5111,8,0,0,-42,S,5c:62:8b:66:67:d2"
1791490369.530,"B,63076,10,72:3b:01:24:b7:c8,252,9,0,0,-18,S,5c:62:8b:66:67:d2"
1791490369.530,"B,63176,10,b2:db:ca:e6:29:a6,28,1,0,0,-21,S,5c:62:8b:66:67:d2"
1791490369.530,"B,63176,10,5c:62:8b:66:67:d2,0,0,5777,12,-51,A,5c:62:8b:66:67:d2"
1791490369.530,"B,63176,10,46:88:44:6e:4f:e4,5721,10,0,0,-42,S,5c:62:8b:66:67:d2"
1791490369.530,"B,63176,10,72:3b:01:24:b7:c8,28,1,0,0,-18,S,5c:62:8b:66:67:d2"
1791490369.733,"B,63276,10,b2:db:ca:e6:29:a6,28,1,0,0,-23,S,5c:62:8b:66:67:d2"
1791490369.733,"B,63276,10,5c:62:8b:66:67:d2,0,0,2983,16,-49,A,5c:62:8b:66:67:d2"
1791490369.733,"B,63276,10,46:88:44:6e:4f:e4,2703,6,0,0,-41,S,5c:62:8b:66:67:d2"
1791490369.733,"B,63276,10,72:3b:01:24:b7:c8,252,9,0,0,-18,S,5c:62:8b:66:67:d2"
1791490369.733,"B,63376,10,5c:62:8b:66:67:d2,0,0,1078,4,-51,A,5c:62:8b:66:67:d2"
1791490369.733,"B,63376,10,46:88:44:6e:4f:e4,1050,3,0,0,-42,S,5c:62:8b:66:67:d2"
1791490369.733,"B,63376,10,72:3b:01:24:b7:c8,28,1,0,0,-18,S,5c:62:8b:66:67:d2"
1791490369.936,"B,63476,10,5c:62:8b:66:67:d2,0,0,4910,9,-49,A,5c:62:8b:66:67:d2"
1791490369.936,"B,63476,10,46:88:44:6e:4f:e4,4910,9,0,0,-42,S,5c:62:8b:66:67:d2"
1791490369.936,"B,63576,10,5c:62:8b:66:67:d2,0,0,1540,9,-51,A,5c:62:8b:66:67:d2"
1791490369.936,"B,63576,10,46:88:44:6e:4f:e4,1400,4,0,0,-42,S,5c:62:8b:66:67:d2"
1791490369.936,"B,63576,10,72:3b:01:24:b7:c8,140,5,0,0,-18,S,5c:62:8b:66:67:d2"
1791490370.141,"B,63676,10,b2:db:ca:e6:29:a6,84,3,0,0,-21,S,5c:62:8b:66:67:d2"
1791490370.141,"B,63676,10,5c:62:8b:66:67:d2,0,0,3571,14,-50,A,5c:62:8b:66:67:d2"
1791490370.141,"B,63676,10,46:88:44:6e:4f:e4,3403,8,0,0,-41,S,5c:62:8b:66:67:d2"
1791490370.141,"B,63676,10,72:3b:01:24:b7:c8,84,3,0,0,-17,S,5c:62:8b:66:67:d2"
1791490370.141,"B,63776,10,b2:db:ca:e6:29:a6,84,3,0,0,-21,S,5c:62:8b:66:67:d2"
1791490370.141,"B,63776,10,5c:62:8b:66:67:d2,0,0,2899,13,-49,A,5c:62:8b:66:67:d2"
1791490370.141,"B,63776,10,46:88:44:6e:4f:e4,2703,6,0,0,-41,S,5c:62:8b:66:67:d2"
1791490370.141,"B,63776,10,72:3b:01:24:b7:c8,112,4,0,0,-17,S,5c:62:8b:66:67:d2"
1791490370.343,"B,63876,10,b2:db:ca:e6:29:a6,56,2,0,0,-23,S,5c:62:8b:66:67:d2"
1791490370.343,"B,63876,10,5c:62:8b:66:67:d2,0,0,2815,10,-50,A,5c:62:8b:66:67:d2"
1791490370.343,"B,63876,10,46:88:44:6e:4f:e4,2703,6,0,0,-41,S,5c:62:8b:66:67:d2"
1791490370.343,"B,63876,10,72:3b:01:24:b7:c8,56,2,0,0,-17,S,5c:62:8b:66:67:d2"
1791490370.343,"B,63976,10,b2:db:ca:e6:29:a6,112,4,0,0,-21,S,5c:62:8b:66:67:d2"
1791490370.343,"B,63976,10,5c:62:8b:66:67:d2,0,0,2815,10,-50,A,5c:62:8b:66:67:d2"
1791490370.343,"B,63976,10,46:88:44:6e:4f:e4,2703,6,0,0,-41,S,5c:62:8b:66:67:d2"
1791490370.547,"B,64076,10,b2:db:ca:e6:29:a6,56,2,0,0,-23,S,5c:62:8b:66:67:d2"
1791490370.547,"B,64076,10,5c:62:8b:66:67:d2,0,0,3571,14,-50,A,5c:62:8b:66:67:d2"
1791490370.547,"B,64076,10,46:88:44:6e:4f:e4,3403,8,0,0,-41,S,5c:62:8b:66:67:d2"
1791490370.547,"B,64076,10,72:3b:01:24:b7:c8,112,4,0,0,-17,S,5c:62:8b:66:67:d2"
1791490370.547,"B,64176,10,b2:db:ca:e6:29:a6,28,1,0,0,-21,S,5c:62:8b:66:67:d2"
1791490370.547,"B,64176,10,5c:62:8b:66:67:d2,0,0,1834,8,-50,A,5c:62:8b:66:67:d2"
1791490370.547,"B,64176,10,46:88:44:6e:4f:e4,1750,5,0,0,-41,S,5c:62:8b:66:67:d2"
1791490370.547,"B,64176,10,72:3b:01:24:b7:c8,56,2,0,0,-17,S,5c:62:8b:66:67:d2"
1791490370.751,"B,64276,10,b2:db:ca:e6:29:a6,84,3,0,0,-21,S,5c:62:8b:66:67:d2"
1791490370.751,"B,64276,10,5c:62:8b:66:67:d2,0,0,2465,9,-53,A,5c:62:8b:66:67:d2"
1791490370.751,"B,64276,10,46:88:44:6e:4f:e4,2353,5,0,0,-41,S,5c:62:8b:66:67:d2"
1791490370.751,"B,64276,10,72:3b:01:24:b7:c8,28,1,0,0,-17,S,5c:62:8b:66:67:d2"
1791490370.751,"B,64376,10,b2:db:ca:e6:29:a6,28,1,0,0,-23,S,5c:62:8b:66:67:d2"
1791490370.751,"B,64376,10,5c:62:8b:66:67:d2,0,0,2731,7,-51,A,5c:62:8b:66:67:d2"
1791490370.751,"B,64376,10,46:88:44:6e:4f:e4,2703,6,0,0,-40,S,5c:62:8b:66:67:d2"
1791490370.956,"B,64476,10,5c:62:8b:66:67:d2,0,0,4124,9,-51,A,5c:62:8b:66:67:d2"
1791490370.956,"B,64476,10,46:88:44:6e:4f:e4,4096,8,0,0,-40,S,5c:62:8b:66:67:d2"
1791490370.956,"B,64476,10,72:3b:01:24:b7:c8,28,1,0,0,-17,S,5c:62:8b:66:67:d2"
1791490370.956,"B,64576,10,5c:62:8b:66:67:d2,0,0,3109,9,-51,A,5c:62:8b:66:67:d2"
1791490370.956,"B,64576,10,46:88:44:6e:4f:e4,3053,7,0,0,-41,S,5c:62:8b:66:67:d2"
1791490370.956,"B,64576,10,72:3b:01:24:b7:c8,56,2,0,0,-17,S,5c:62:8b:66:67:d2"
1791490370.956,"B,64576,10,80:af:ca:68:4c:f8,250,1,0,0,-86,A,80:af:ca:68:4c:f8"
1791490371.161,"B,64676,10,5c:62:8b:66:67:d2,0,0,3515,12,-52,A,5c:62:8b:66:67:d2"
1791490371.161,"B,64676,10,46:88:44:6e:4f:e4,3403,8,0,0,-41,S,5c:62:8b:66:67:d2"
1791490371.161,"B,64676,10,72:3b:01:24:b7:c8,112,4,0,0,-17,S,5c:62:8b:66:67:d2"
1791490371.161,"B,64776,10,5c:62:8b:66:67:d2,0,0,1106,5,-52,A,5c:62:8b:66:67:d2"
1791490371.161,"B,64776,10,46:88:44:6e:4f:e4,1050,3,0,0,-42,S,5c:62:8b:66:67:d2"
1791490371.161,"B,64776,10,72:3b:01:24:b7:c8,56,2,0,0,-17,S,5c:62:8b:66:67:d2"
1791490371.367,"B,64876,10,5c:62:8b:66:67:d2,0,0,2871,12,-52,A,5c:62:8b:66:67:d2"
1791490371.367,"B,64876,10,46:88:44:6e:4f:e4,2703,6,0,0,-41,S,5c:62:8b:66:67:d2"
1791490371.367,"B,64876,10,72:3b:01:24:b7:c8,168,6,0,0,-17,S,5c:62:8b:66:67:d2"
1791490371.367,"B,64976,10,b2:db:ca:e6:29:a6,28,1,0,0,-23,S,5c:62:8b:66:67:d2"
1791490371.367,"B,64976,10,5c:62:8b:66:67:d2,0,0,2787,9,-51,A,5c:62:8b:66:67:d2"
1791490371.367,"B,64976,10,46:88:44:6e:4f:e4,2675,5,0,0,-41,S,5c:62:8b:66:67:d2"
1791490371.367,"B,64976,10,72:3b:01:24:b7:c8,84,3,0,0,-18,S,5c:62:8b:66:67:d2"
1791490371.572,"B,65076,10,b2:db:ca:e6:29:a6,56,2,0,0,-22,S,5c:62:8b:66:67:d2"
1791490371.572,"B,65076,10,5c:62:8b:66:67:d2,0,0,8004,24,-52,A,5c:62:8b:66:67:d2"
1791490371.572,"B,65076,10,46:88:44:6e:4f:e4,7696,13,0,0,-41,S,5c:62:8b:66:67:d2"
1791490371.572,"B,65076,10,72:3b:01:24:b7:c8,252,9,0,0,-17,S,5c:62:8b:66:67:d2"
1791490371.572,"I,65094,stat,rx=10468,drops=0,ch=10,bin=100,hop=0,heap=203064"
1791490371.572,"B,65176,10,b2:db:ca:e6:29:a6,28,1,0,0,-21,S,5c:62:8b:66:67:d2"
1791490371.572,"B,65176,10,5c:62:8b:66:67:d2,0,0,4887,15,-52,A,5c:62:8b:66:67:d2"
1791490371.572,"B,65176,10,46:88:44:6e:4f:e4,4803,12,0,0,-41,S,5c:62:8b:66:67:d2"
1791490371.572,"B,65176,10,72:3b:01:24:b7:c8,56,2,0,0,-18,S,5c:62:8b:66:67:d2"
1791490371.777,"B,65276,10,b2:db:ca:e6:29:a6,56,2,0,0,-22,S,5c:62:8b:66:67:d2"
1791490371.777,"B,65276,10,5c:62:8b:66:67:d2,0,0,2177,7,-51,A,5c:62:8b:66:67:d2"
1791490371.777,"B,65276,10,46:88:44:6e:4f:e4,2121,5,0,0,-41,S,5c:62:8b:66:67:d2"
1791490371.777,"B,65376,10,5c:62:8b:66:67:d2,0,0,2094,9,-52,A,5c:62:8b:66:67:d2"
1791490371.777,"B,65376,10,46:88:44:6e:4f:e4,1982,5,0,0,-41,S,5c:62:8b:66:67:d2"
1791490371.777,"B,65376,10,72:3b:01:24:b7:c8,112,4,0,0,-17,S,5c:62:8b:66:67:d2"
1791490371.978,"B,65476,10,b2:db:ca:e6:29:a6,56,2,0,0,-20,S,5c:62:8b:66:67:d2"
1791490371.978,"B,65476,10,5c:62:8b:66:67:d2,0,0,3165,11,-52,A,5c:62:8b:66:67:d2"
1791490371.978,"B,65476,10,46:88:44:6e:4f:e4,3053,7,0,0,-41,S,5c:62:8b:66:67:d2"
1791490371.978,"B,65476,10,72:3b:01:24:b7:c8,56,2,0,0,-17,S,5c:62:8b:66:67:d2"
1791490371.978,"B,65576,10,b2:db:ca:e6:29:a6,224,8,0,0,-20,S,5c:62:8b:66:67:d2"
1791490371.978,"B,65576,10,5c:62:8b:66:67:d2,0,0,2577,13,-51,A,5c:62:8b:66:67:d2"
1791490371.978,"B,65576,10,46:88:44:6e:4f:e4,2353,5,0,0,-41,S,5c:62:8b:66:67:d2"
1791490371.978,"B,65676,10,b2:db:ca:e6:29:a6,28,1,0,0,-20,S,5c:62:8b:66:67:d2"
1791490372.178,"B,65676,10,5c:62:8b:66:67:d2,0,0,3144,12,-52,A,5c:62:8b:66:67:d2"
1791490372.178,"B,65676,10,46:88:44:6e:4f:e4,3060,9,0,0,-40,S,5c:62:8b:66:67:d2"
1791490372.178,"B,65676,10,72:3b:01:24:b7:c8,56,2,0,0,-17,S,5c:62:8b:66:67:d2"
1791490372.178,"B,65776,10,b2:db:ca:e6:29:a6,84,3,0,0,-20,S,5c:62:8b:66:67:d2"
1791490372.178,"B,65776,10,5c:62:8b:66:67:d2,0,0,2899,13,-52,A,5c:62:8b:66:67:d2"
1791490372.178,"B,65776,10,46:88:44:6e:4f:e4,2703,6,0,0,-39,S,5c:62:8b:66:67:d2"
1791490372.178,"B,65776,10,72:3b:01:24:b7:c8,112,4,0,0,-17,S,5c:62:8b:66:67:d2"
1791490372.178,"B,65876,10,b2:db:ca:e6:29:a6,56,2,0,0,-21,S,5c:62:8b:66:67:d2"
1791490372.178,"B,65876,10,5c:62:8b:66:67:d2,0,0,3802,9,-51,A,5c:62:8b:66:67:d2"
1791490372.380,"B,65876,10,46:88:44:6e:4f:e4,3746,7,0,0,-40,S,5c:62:8b:66:67:d2"
1791490372.380,"B,65976,10,b2:db:ca:e6:29:a6,56,2,0,0,-21,S,5c:62:8b:66:67:d2"
1791490372.380,"B,65976,10,5c:62:8b:66:67:d2,0,0,1190,8,-53,A,5c:62:8b:66:67:d2"
1791490372.380,"B,65976,10,46:88:44:6e:4f:e4,1050,3,0,0,-41,S,5c:62:8b:66:67:d2"
1791490372.380,"B,65976,10,72:3b:01:24:b7:c8,84,3,0,0,-17,S,5c:62:8b:66:67:d2"
1791490372.582,"B,66076,10,b2:db:ca:e6:29:a6,84,3,0,0,-22,S,5c:62:8b:66:67:d2"
1791490372.582,"B,66076,10,5c:62:8b:66:67:d2,0,0,2815,10,-53,A,5c:62:8b:66:67:d2"
1791490372.582,"B,66076,10,46:88:44:6e:4f:e4,2703,6,0,0,-40,S,5c:62:8b:66:67:d2"
1791490372.582,"B,66076,10,72:3b:01:24:b7:c8,28,1,0,0,-17,S,5c:62:8b:66:67:d2"
1791490372.582,"B,66176,10,b2:db:ca:e6:29:a6,28,1,0,0,-21,S,5c:62:8b:66:67:d2"
1791490372.582,"B,66176,10,5c:62:8b:66:67:d2,0,0,3487,11,-52,A,5c:62:8b:66:67:d2"
1791490372.582,"B,66176,10,46:88:44:6e:4f:e4,3403,8,0,0,-38,S,5c:62:8b:66:67:d2"
1791490372.582,"B,66176,10,72:3b:01:24:b7:c8,56,2,0,0,-17,S,5c:62:8b:66:67:d2"
1791490372.782,"B,66276,10,b2:db:ca:e6:29:a6,28,1,0,0,-21,S,5c:62:8b:66:67:d2"
1791490372.782,"B,66276,10,5c:62:8b:66:67:d2,0,0,3739,20,-53,A,5c:62:8b:66:67:d2"
1791490372.782,"B,66276,10,46:88:44:6e:4f:e4,3403,8,0,0,-39,S,5c:62:8b:66:67:d2"
1791490372.782,"B,66276,10,72:3b:01:24:b7:c8,308,11,0,0,-17,S,5c:62:8b:66:67:d2"
1791490372.782,"B,66376,10,b2:db:ca:e6:29:a6,28,1,0,0,-21,S,5c:62:8b:66:67:d2"
1791490372.782,"B,66376,10,5c:62:8b:66:67:d2,0,0,2731,7,-51,A,5c:62:8b:66:67:d2"
1791490372.782,"B,66376,10,46:88:44:6e:4f:e4,2703,6,0,0,-37,S,5c:62:8b:66:67:d2"
1791490372.782,"M,66473,slot,9,1"
1791490372.982,"B,66476,10,b2:db:ca:e6:29:a6,28,1,0,0,-21,S,5c:62:8b:66:67:d2"
1791490372.982,"B,66476,10,5c:62:8b:66:67:d2,0,0,2731,7,-52,A,5c:62:8b:66:67:d2"
1791490372.982,"B,66476,10,46:88:44:6e:4f:e4,2703,6,0,0,-37,S,5c:62:8b:66:67:d2"
1791490372.982,"B,66576,10,b2:db:ca:e6:29:a6,28,1,0,0,-21,S,5c:62:8b:66:67:d2"
1791490372.982,"B,66576,10,5c:62:8b:66:67:d2,0,0,1246,10,-51,A,5c:62:8b:66:67:d2"
1791490372.982,"B,66576,10,46:88:44:6e:4f:e4,1050,3,0,0,-39,S,5c:62:8b:66:67:d2"
1791490372.982,"B,66576,10,72:3b:01:24:b7:c8,168,6,0,0,-17,S,5c:62:8b:66:67:d2"
1791490372.982,"B,66676,10,b2:db:ca:e6:29:a6,56,2,0,0,-21,S,5c:62:8b:66:67:d2"
1791490373.182,"B,66676,10,5c:62:8b:66:67:d2,0,0,3341,9,-52,A,5c:62:8b:66:67:d2"
1791490373.182,"B,66676,10,46:88:44:6e:4f:e4,3285,7,0,0,-38,S,5c:62:8b:66:67:d2"
1791490373.182,"B,66776,10,b2:db:ca:e6:29:a6,84,3,0,0,-21,S,5c:62:8b:66:67:d2"
1791490373.182,"B,66776,10,5c:62:8b:66:67:d2,0,0,3487,11,-52,A,5c:62:8b:66:67:d2"
1791490373.182,"B,66776,10,46:88:44:6e:4f:e4,3403,8,0,0,-38,S,5c:62:8b:66:67:d2"
1791490373.182,"B,66876,10,b2:db:ca:e6:29:a6,84,3,0,0,-21,S,5c:62:8b:66:67:d2"
1791490373.182,"B,66876,10,5c:62:8b:66:67:d2,0,0,2899,13,-51,A,5c:62:8b:66:67:d2"
1791490373.382,"B,66876,10,46:88:44:6e:4f:e4,2703,6,0,0,-39,S,5c:62:8b:66:67:d2"
1791490373.382,"B,66876,10,72:3b:01:24:b7:c8,112,4,0,0,-17,S,5c:62:8b:66:67:d2"
1791490373.382,"B,66976,10,b2:db:ca:e6:29:a6,140,5,0,0,-20,S,5c:62:8b:66:67:d2"
1791490373.382,"B,66976,10,5c:62:8b:66:67:d2,0,0,2843,11,-51,A,5c:62:8b:66:67:d2"
1791490373.382,"B,66976,10,46:88:44:6e:4f:e4,2703,6,0,0,-38,S,5c:62:8b:66:67:d2"
1791490373.382,"B,66976,10,b0:a7:b9:23:82:ee,0,0,28,1,-87,A,b0:a7:b9:23:82:ee"
1791490373.382,"B,66976,10,e2:5e:2c:92:7b:df,28,1,0,0,-90,S,b0:a7:b9:23:82:ee"
1791490373.382,"B,67076,10,b2:db:ca:e6:29:a6,84,3,0,0,-21,S,5c:62:8b:66:67:d2"
1791490373.382,"B,67076,10,5c:62:8b:66:67:d2,0,0,3249,14,-51,A,5c:62:8b:66:67:d2"
1791490373.582,"B,67076,10,46:88:44:6e:4f:e4,3053,7,0,0,-37,S,5c:62:8b:66:67:d2"
1791490373.582,"B,67076,10,72:3b:01:24:b7:c8,112,4,0,0,-17,S,5c:62:8b:66:67:d2"
1791490373.582,"B,67176,10,b2:db:ca:e6:29:a6,56,2,0,0,-21,S,5c:62:8b:66:67:d2"
1791490373.582,"B,67176,10,5c:62:8b:66:67:d2,0,0,1414,16,0,A,5c:62:8b:66:67:d2"
1791490373.582,"B,67176,10,46:88:44:6e:4f:e4,1050,3,0,0,-37,S,5c:62:8b:66:67:d2"
1791490373.582,"B,67176,10,72:3b:01:24:b7:c8,308,11,0,0,-17,S,5c:62:8b:66:67:d2"
1791490373.582,"B,67176,10,80:af:ca:68:4c:f8,84,1,0,0,-87,A,80:af:ca:68:4c:f8"
1791490373.582,"B,67276,10,b2:db:ca:e6:29:a6,56,2,0,0,-21,S,5c:62:8b:66:67:d2"
1791490373.582,"B,67276,10,5c:62:8b:66:67:d2,0,0,8012,16,-52,A,5c:62:8b:66:67:d2"
1791490373.783,"B,67276,10,46:88:44:6e:4f:e4,7928,13,0,0,-38,S,5c:62:8b:66:67:d2"
1791490373.783,"B,67276,10,72:3b:01:24:b7:c8,28,1,0,0,-17,S,5c:62:8b:66:67:d2"
1791490373.783,"B,67376,10,b2:db:ca:e6:29:a6,28,1,0,0,-22,S,5c:62:8b:66:67:d2"
1791490373.783,"B,67376,10,5c:62:8b:66:67:d2,0,0,1190,8,-52,A,5c:62:8b:66:67:d2"
1791490373.783,"B,67376,10,46:88:44:6e:4f:e4,1078,4,0,0,-37,S,5c:62:8b:66:67:d2"
1791490373.783,"B,67376,10,72:3b:01:24:b7:c8,84,3,0,0,-17,S,5c:62:8b:66:67:d2"
1791490373.783,"B,67476,10,b2:db:ca:e6:29:a6,56,2,0,0,-22,S,5c:62:8b:66:67:d2"
1791490373.783,"B,67476,10,5c:62:8b:66:67:d2,138,1,4873,11,-53,A,5c:62:8b:66:67:d2"
1791490373.783,"B,67476,10,46:88:44:6e:4f:e4,4789,8,138,1,-36,S,5c:62:8b:66:67:d2"
1791490373.783,"B,67476,10,72:3b:01:24:b7:c8,28,1,0,0,-17,S,5c:62:8b:66:67:d2"
1791490373.984,"B,67576,10,5c:62:8b:66:67:d2,0,0,3081,8,-52,A,5c:62:8b:66:67:d2"
1791490373.984,"B,67576,10,46:88:44:6e:4f:e4,3053,7,0,0,-37,S,5c:62:8b:66:67:d2"
1791490373.984,"B,67576,10,72:3b:01:24:b7:c8,28,1,0,0,-17,S,5c:62:8b:66:67:d2"
1791490373.984,"B,67676,10,b2:db:ca:e6:29:a6,84,3,0,0,-22,S,5c:62:8b:66:67:d2"
1791490373.984,"B,67676,10,5c:62:8b:66:67:d2,0,0,2289,11,-52,A,5c:62:8b:66:67:d2"
1791490373.984,"B,67676,10,46:88:44:6e:4f:e4,2121,5,0,0,-37,S,5c:62:8b:66:67:d2"
1791490373.984,"B,67676,10,72:3b:01:24:b7:c8,84,3,0,0,-17,S,5c:62:8b:66:67:d2"
1791490374.185,"B,67776,10,b2:db:ca:e6:29:a6,56,2,0,0,-22,S,5c:62:8b:66:67:d2"
1791490374.185,"B,67776,10,5c:62:8b:66:67:d2,0,0,3144,12,-51,A,5c:62:8b:66:67:d2"
1791490374.185,"B,67776,10,46:88:44:6e:4f:e4,3032,8,0,0,-38,S,5c:62:8b:66:67:d2"
1791490374.185,"B,67776,10,72:3b:01:24:b7:c8,56,2,0,0,-17,S,5c:62:8b:66:67:d2"
1791490374.185,"B,67876,10,b2:db:ca:e6:29:a6,28,1,0,0,-22,S,5c:62:8b:66:67:d2"
1791490374.185,"B,67876,10,5c:62:8b:66:67:d2,123,1,3109,9,-52,A,5c:62:8b:66:67:d2"
1791490374.185,"B,67876,10,46:88:44:6e:4f:e4,3053,7,123,1,-36,S,5c:62:8b:66:67:d2"
1791490374.185,"B,67876,10,72:3b:01:24:b7:c8,28,1,0,0,-17,S,5c:62:8b:66:67:d2"
1791490374.386,"B,67976,10,5c:62:8b:66:67:d2,0,0,6741,16,-52,A,5c:62:8b:66:67:d2"
1791490374.386,"B,67976,10,46:88:44:6e:4f:e4,6629,12,0,0,-38,S,5c:62:8b:66:67:d2"
1791490374.386,"B,67976,10,72:3b:01:24:b7:c8,112,4,0,0,-17,S,5c:62:8b:66:67:d2"
1791490374.386,"B,68076,10,5c:62:8b:66:67:d2,0,0,5195,11,-51,A,5c:62:8b:66:67:d2"
1791490374.386,"B,68076,10,46:88:44:6e:4f:e4,5111,8,0,0,-39,S,5c:62:8b:66:67:d2"
1791490374.386,"B,68076,10,72:3b:01:24:b7:c8,84,3,0,0,-17,S,5c:62:8b:66:67:d2"
1791490374.587,"B,68176,10,b2:db:ca:e6:29:a6,28,1,0,0,-21,S,5c:62:8b:66:67:d2"
1791490374.587,"B,68176,10,5c:62:8b:66:67:d2,0,0,3858,11,-52,A,5c:62:8b:66:67:d2"
1791490374.587,"B,68176,10,46:88:44:6e:4f:e4,3746,7,0,0,-39,S,5c:62:8b:66:67:d2"
1791490374.587,"B,68176,10,72:3b:01:24:b7:c8,84,3,0,0,-17,S,5c:62:8b:66:67:d2"
1791490374.587,"B,68276,10,b2:db:ca:e6:29:a6,140,5,0,0,-20,S,5c:62:8b:66:67:d2"
1791490374.587,"B,68276,10,5c:62:8b:66:67:d2,0,0,2611,11,-52,A,5c:62:8b:66:67:d2"
1791490374.587,"B,68276,10,46:88:44:6e:4f:e4,2471,6,0,0,-36,S,5c:62:8b:66:67:d2"
1791490374.788,"B,68376,10,5c:62:8b:66:67:d2,0,0,6498,13,-53,A,5c:62:8b:66:67:d2"
1791490374.788,"B,68376,10,46:88:44:6e:4f:e4,6414,10,0,0,-38,S,5c:62:8b:66:67:d2"
1791490374.788,"B,68376,10,72:3b:01:24:b7:c8,84,3,0,0,-17,S,5c:62:8b:66:67:d2"
1791490374.788,"B,68376,10,80:af:ca:68:4c:f8,104,1,0,0,-86,A,80:af:ca:68:4c:f8"
1791490374.788,"B,68476,10,b2:db:ca:e6:29:a6,84,3,0,0,-21,S,5c:62:8b:66:67:d2"
1791490374.788,"B,68476,10,5c:62:8b:66:67:d2,0,0,2206,13,-52,A,5c:62:8b:66:67:d2"
1791490374.788,"B,68476,10,46:88:44:6e:4f:e4,1982,5,0,0,-36,S,5c:62:8b:66:67:d2"
1791490374.788,"B,68476,10,72:3b:01:24:b7:c8,140,5,0,0,-17,S,5c:62:8b:66:67:d2"
1791490374.989,"B,68576,10,b2:db:ca:e6:29:a6,56,2,0,0,-21,S,5c:62:8b:66:67:d2"
1791490374.989,"B,68576,10,5c:62:8b:66:67:d2,0,0,3109,9,-52,A,5c:62:8b:66:67:d2"
1791490374.989,"B,68576,10,46:88:44:6e:4f:e4,3053,7,0,0,-37,S,5c:62:8b:66:67:d2"
1791490374.989,"B,68676,10,5c:62:8b:66:67:d2,0,0,5979,16,-52,A,5c:62:8b:66:67:d2"
1791490374.989,"B,68676,10,46:88:44:6e:4f:e4,5839,11,0,0,-37,S,5c:62:8b:66:67:d2"
1791490374.989,"B,68676,10,72:3b:01:24:b7:c8,140,5,0,0,-17,S,5c:62:8b:66:67:d2"
1791490375.191,"B,68776,10,b2:db:ca:e6:29:a6,112,4,0,0,-21,S,5c:62:8b:66:67:d2"
1791490375.191,"B,68776,10,5c:62:8b:66:67:d2,0,0,2374,19,-52,A,5c:62:8b:66:67:d2"
1791490375.191,"B,68776,10,46:88:44:6e:4f:e4,2038,7,0,0,-37,S,5c:62:8b:66:67:d2"
1791490375.191,"B,68776,10,72:3b:01:24:b7:c8,224,8,0,0,-17,S,5c:62:8b:66:67:d2"
1791490375.191,"B,68876,10,b2:db:ca:e6:29:a6,56,2,0,0,-22,S,5c:62:8b:66:67:d2"
1791490375.191,"B,68876,10,5c:62:8b:66:67:d2,0,0,1162,7,-53,A,5c:62:8b:66:67:d2"
1791490375.191,"B,68876,10,46:88:44:6e:4f:e4,1078,4,0,0,-40,S,5c:62:8b:66:67:d2"
1791490375.191,"B,68876,10,78:8c:b5:f5:e7:26,0,0,661,2,-82,A,78:8c:b5:f5:e7:26"
1791490375.191,"B,68876,10,72:3b:01:24:b7:c8,28,1,0,0,-17,S,5c:62:8b:66:67:d2"
1791490375.191,"B,68876,10,a6:4c:bd:b6:c7:99,661,2,0,0,-90,S,78:8c:b5:f5:e7:26"
1791490375.393,"B,68976,10,b2:db:ca:e6:29:a6,56,2,0,0,-22,S,5c:62:8b:66:67:d2"
1791490375.393,"B,68976,10,5c:62:8b:66:67:d2,1750,5,1968,16,-53,A,5c:62:8b:66:67:d2"
1791490375.393,"B,68976,10,46:88:44:6e:4f:e4,1632,4,0,0,-37,S,5c:62:8b:66:67:d2"
1791490375.393,"B,68976,10,72:3b:01:24:b7:c8,280,10,1750,5,-17,S,5c:62:8b:66:67:d2"
1791490375.393,"B,69076,10,b2:db:ca:e6:29:a6,56,2,0,0,-22,S,5c:62:8b:66:67:d2"
1791490375.393,"B,69076,10,5c:62:8b:66:67:d2,0,0,3453,13,-51,A,5c:62:8b:66:67:d2"
1791490375.393,"B,69076,10,46:88:44:6e:4f:e4,3285,7,0,0,-37,S,5c:62:8b:66:67:d2"
1791490375.393,"B,69076,10,72:3b:01:24:b7:c8,112,4,0,0,-17,S,5c:62:8b:66:67:d2"
1791490375.594,"B,69176,10,b2:db:ca:e6:29:a6,28,1,0,0,-21,S,5c:62:8b:66:67:d2"
1791490375.594,"B,69176,10,5c:62:8b:66:67:d2,0,0,3193,12,-52,A,5c:62:8b:66:67:d2"
1791490375.594,"B,69176,10,46:88:44:6e:4f:e4,3053,7,0,0,-36,S,5c:62:8b:66:67:d2"
1791490375.594,"B,69176,10,72:3b:01:24:b7:c8,112,4,0,0,-17,S,5c:62:8b:66:67:d2"
1791490375.594,"B,69276,10,b2:db:ca:e6:29:a6,56,2,0,0,-22,S,5c:62:8b:66:67:d2"
1791490375.594,"B,69276,10,5c:62:8b:66:67:d2,0,0,5076,20,-52,A,5c:62:8b:66:67:d2"
1791490375.594,"B,69276,10,46:88:44:6e:4f:e4,4796,10,0,0,-38,S,5c:62:8b:66:67:d2"
1791490375.594,"B,69276,10,72:3b:01:24:b7:c8,224,8,0,0,-17,S,5c:62:8b:66:67:d2"
1791490375.798,"B,69376,10,b2:db:ca:e6:29:a6,28,1,0,0,-22,S,5c:62:8b:66:67:d2"
1791490375.798,"B,69376,10,5c:62:8b:66:67:d2,0,0,2731,7,-53,A,5c:62:8b:66:67:d2"
1791490375.798,"B,69376,10,46:88:44:6e:4f:e4,2703,6,0,0,-37,S,5c:62:8b:66:67:d2"
1791490375.798,"B,69476,10,b2:db:ca:e6:29:a6,84,3,0,0,-21,S,5c:62:8b:66:67:d2"
1791490375.798,"B,69476,10,5c:62:8b:66:67:d2,1050,3,3255,11,-53,A,5c:62:8b:66:67:d2"
1791490375.798,"B,69476,10,46:88:44:6e:4f:e4,3171,8,0,0,-37,S,5c:62:8b:66:67:d2"
1791490375.798,"B,69476,10,72:3b:01:24:b7:c8,0,0,1050,3,0,S,5c:62:8b:66:67:d2"
1791490376.001,"B,69576,10,b2:db:ca:e6:29:a6,56,2,0,0,-23,S,5c:62:8b:66:67:d2"
1791490376.001,"B,69576,10,5c:62:8b:66:67:d2,1625,2,1884,13,-53,A,5c:62:8b:66:67:d2"
1791490376.001,"B,69576,10,46:88:44:6e:4f:e4,1632,4,0,0,-38,S,5c:62:8b:66:67:d2"
1791490376.001,"B,69576,10,72:3b:01:24:b7:c8,196,7,1625,2,-17,S,5c:62:8b:66:67:d2"
1791490376.001,"B,69676,10,5c:62:8b:66:67:d2,0,0,1660,5,-52,A,5c:62:8b:66:67:d2"
1791490376.001,"B,69676,10,46:88:44:6e:4f:e4,1660,5,0,0,-36,S,5c:62:8b:66:67:d2"
1791490376.202,"B,69776,10,b2:db:ca:e6:29:a6,28,1,0,0,-21,S,5c:62:8b:66:67:d2"
1791490376.202,"B,69776,10,5c:62:8b:66:67:d2,0,0,3081,8,-52,A,5c:62:8b:66:67:d2"
1791490376.202,"B,69776,10,46:88:44:6e:4f:e4,3053,7,0,0,-38,S,5c:62:8b:66:67:d2"
1791490376.202,"B,69876,10,5c:62:8b:66:67:d2,0,0,2871,12,-51,A,5c:62:8b:66:67:d2"
1791490376.202,"B,69876,10,46:88:44:6e:4f:e4,2703,6,0,0,-35,S,5c:62:8b:66:67:d2"
1791490376.202,"B,69876,10,72:3b:01:24:b7:c8,168,6,0,0,-17,S,5c:62:8b:66:67:d2"
1791490376.404,"B,69976,10,5c:62:8b:66:67:d2,0,0,4789,8,-52,A,5c:62:8b:66:67:d2"
1791490376.404,"B,69976,10,46:88:44:6e:4f:e4,4789,8,0,0,-38,S,5c:62:8b:66:67:d2"
1791490376.404,"B,70076,10,b2:db:ca:e6:29:a6,252,9,0,0,-20,S,5c:62:8b:66:67:d2"
1791490376.404,"B,70076,10,5c:62:8b:66:67:d2,0,0,2086,17,-51,A,5c:62:8b:66:67:d2"
1791490376.404,"B,70076,10,46:88:44:6e:4f:e4,1750,5,0,0,-36,S,5c:62:8b:66:67:d2"
1791490376.404,"B,70076,10,72:3b:01:24:b7:c8,84,3,0,0,-17,S,5c:62:8b:66:67:d2"
1791490376.404,"I,70096,stat,rx=11238,drops=0,ch=10,bin=100,hop=0,heap=203064"
1791490376.609,"B,70176,10,b2:db:ca:e6:29:a6,196,7,0,0,-21,S,5c:62:8b:66:67:d2"
1791490376.609,"B,70176,10,5c:62:8b:66:67:d2,0,0,3529,24,-52,A,5c:62:8b:66:67:d2"
1791490376.609,"B,70176,10,46:88:44:6e:4f:e4,3053,7,0,0,-37,S,5c:62:8b:66:67:d2"
1791490376.609,"B,70176,10,72:3b:01:24:b7:c8,280,10,0,0,-17,S,5c:62:8b:66:67:d2"
1791490376.609,"B,70276,10,b2:db:ca:e6:29:a6,84,3,0,0,-20,S,5c:62:8b:66:67:d2"
1791490376.609,"B,70276,10,5c:62:8b:66:67:d2,0,0,3487,11,-52,A,5c:62:8b:66:67:d2"
1791490376.609,"B,70276,10,46:88:44:6e:4f:e4,3403,8,0,0,-39,S,5c:62:8b:66:67:d2"
1791490376.813,"B,70376,10,b2:db:ca:e6:29:a6,56,2,0,0,-22,S,5c:62:8b:66:67:d2"
1791490376.813,"B,70376,10,5c:62:8b:66:67:d2,0,0,3221,13,-53,A,5c:62:8b:66:67:d2"
1791490376.813,"B,70376,10,46:88:44:6e:4f:e4,3053,7,0,0,-37,S,5c:62:8b:66:67:d2"
1791490376.813,"B,70376,10,72:3b:01:24:b7:c8,112,4,0,0,-17,S,5c:62:8b:66:67:d2"
1791490376.813,"B,70476,10,b2:db:ca:e6:29:a6,28,1,0,0,-21,S,5c:62:8b:66:67:d2"
1791490376.813,"B,70476,10,5c:62:8b:66:67:d2,12556,20,2409,7,-53,A,5c:62:8b:66:67:d2"
1791490376.813,"B,70476,10,46:88:44:6e:4f:e4,2381,6,0,0,-38,S,5c:62:8b:66:67:d2"
1791490376.813,"B,70476,10,72:3b:01:24:b7:c8,0,0,12556,20,0,S,5c:62:8b:66:67:d2"
1791490377.018,"B,70576,10,b2:db:ca:e6:29:a6,56,2,0,0,-21,S,5c:62:8b:66:67:d2"
1791490377.018,"B,70576,10,5c:62:8b:66:67:d2,0,0,1134,6,-52,A,5c:62:8b:66:67:d2"
1791490377.018,"B,70576,10,46:88:44:6e:4f:e4,1078,4,0,0,-37,S,5c:62:8b:66:67:d2"
1791490377.018,"B,70676,10,b2:db:ca:e6:29:a6,140,5,0,0,-21,S,5c:62:8b:66:67:d2"
1791490377.018,"B,70676,10,5c:62:8b:66:67:d2,0,0,4376,18,-52,A,5c:62:8b:66:67:d2"
1791490377.018,"B,70676,10,46:88:44:6e:4f:e4,4124,9,0,0,-38,S,5c:62:8b:66:67:d2"
1791490377.018,"B,70676,10,78:8c:b5:f5:e7:26,6216,4,0,0,-81,A,78:8c:b5:f5:e7:26"
1791490377.018,"B,70676,10,72:3b:01:24:b7:c8,112,4,0,0,-17,S,5c:62:8b:66:67:d2"
1791490377.018,"B,70676,10,a6:4c:bd:b6:c7:99,0,0,6216,4,0,S,78:8c:b5:f5:e7:26"
1791490377.223,"B,70776,10,b2:db:ca:e6:29:a6,28,1,0,0,-23,S,5c:62:8b:66:67:d2"
1791490377.223,"B,70776,10,5c:62:8b:66:67:d2,0,0,4561,13,-52,A,5c:62:8b:66:67:d2"
1791490377.223,"B,70776,10,46:88:44:6e:4f:e4,4421,8,0,0,-37,S,5c:62:8b:66:67:d2"
1791490377.223,"B,70776,10,72:3b:01:24:b7:c8,112,4,0,0,-17,S,5c:62:8b:66:67:d2"
1791490377.223,"B,70876,10,b2:db:ca:e6:29:a6,28,1,0,0,-21,S,5c:62:8b:66:67:d2"
1791490377.223,"B,70876,10,5c:62:8b:66:67:d2,0,0,5784,14,-52,A,5c:62:8b:66:67:d2"
1791490377.223,"B,70876,10,46:88:44:6e:4f:e4,5756,13,0,0,-38,S,5c:62:8b:66:67:d2"
1791490377.426,"B,70976,10,b2:db:ca:e6:29:a6,56,2,0,0,-22,S,5c:62:8b:66:67:d2"
1791490377.426,"B,70976,10,5c:62:8b:66:67:d2,0,0,2815,10,-52,A,5c:62:8b:66:67:d2"
1791490377.426,"B,70976,10,46:88:44:6e:4f:e4,2703,6,0,0,-35,S,5c:62:8b:66:67:d2"
1791490377.426,"B,70976,10,72:3b:01:24:b7:c8,56,2,0,0,-17,S,5c:62:8b:66:67:d2"
1791490377.426,"B,71076,10,b2:db:ca:e6:29:a6,28,1,0,0,-21,S,5c:62:8b:66:67:d2"
1791490377.426,"B,71076,10,5c:62:8b:66:67:d2,0,0,3165,11,-52,A,5c:62:8b:66:67:d2"
1791490377.426,"B,71076,10,46:88:44:6e:4f:e4,3053,7,0,0,-35,S,5c:62:8b:66:67:d2"
1791490377.426,"B,71076,10,72:3b:01:24:b7:c8,84,3,0,0,-17,S,5c:62:8b:66:67:d2"
1791490377.629,"B,71176,10,b2:db:ca:e6:29:a6,84,3,0,0,-21,S,5c:62:8b:66:67:d2"
1791490377.629,"B,71176,10,5c:62:8b:66:67:d2,0,0,3011,17,-52,A,5c:62:8b:66:67:d2"
1791490377.629,"B,71176,10,46:88:44:6e:4f:e4,2703,6,0,0,-36,S,5c:62:8b:66:67:d2"
1791490377.629,"B,71176,10,72:3b:01:24:b7:c8,224,8,0,0,-17,S,5c:62:8b:66:67:d2"
1791490377.629,"B,71276,10,b2:db:ca:e6:29:a6,168,6,0,0,-20,S,5c:62:8b:66:67:d2"
1791490377.629,"B,71276,10,5c:62:8b:66:67:d2,0,0,1330,13,0,A,5c:62:8b:66:67:d2"
1791490377.629,"B,71276,10,46:88:44:6e:4f:e4,1050,3,0,0,-37,S,5c:62:8b:66:67:d2"
1791490377.629,"B,71276,10,72:3b:01:24:b7:c8,112,4,0,0,-17,S,5c:62:8b:66:67:d2"
1791490377.834,"B,71376,10,b2:db:ca:e6:29:a6,56,2,0,0,-22,S,5c:62:8b:66:67:d2"
1791490377.834,"B,71376,10,5c:62:8b:66:67:d2,0,0,3277,15,-51,A,5c:62:8b:66:67:d2"
1791490377.834,"B,71376,10,46:88:44:6e:4f:e4,3053,7,0,0,-37,S,5c:62:8b:66:67:d2"
1791490377.834,"B,71376,10,72:3b:01:24:b7:c8,168,6,0,0,-17,S,5c:62:8b:66:67:d2"
1791490377.834,"B,71476,10,b2:db:ca:e6:29:a6,56,2,0,0,-21,S,5c:62:8b:66:67:d2"
1791490377.834,"B,71476,10,5c:62:8b:66:67:d2,0,0,7285,18,-52,A,5c:62:8b:66:67:d2"
1791490377.834,"B,71476,10,46:88:44:6e:4f:e4,7117,12,0,0,-38,S,5c:62:8b:66:67:d2"
1791490377.834,"B,71476,10,72:3b:01:24:b7:c8,112,4,0,0,-17,S,5c:62:8b:66:67:d2"
1791490378.036,"M,71542,slot,10,1"
1791490378.036,"B,71576,10,b2:db:ca:e6:29:a6,56,2,0,0,-22,S,5c:62:8b:66:67:d2"
1791490378.036,"B,71576,10,5c:62:8b:66:67:d2,0,0,2787,9,-53,A,5c:62:8b:66:67:d2"
1791490378.036,"B,71576,10,46:88:44:6e:4f:e4,2703,6,0,0,-36,S,5c:62:8b:66:67:d2"
1791490378.036,"B,71576,10,72:3b:01:24:b7:c8,28,1,0,0,-17,S,5c:62:8b:66:67:d2"
1791490378.036,"B,71676,10,b2:db:ca:e6:29:a6,28,1,0,0,-23,S,5c:62:8b:66:67:d2"
1791490378.036,"B,71676,10,5c:62:8b:66:67:d2,0,0,1246,10,-52,A,5c:62:8b:66:67:d2"
1791490378.036,"B,71676,10,46:88:44:6e:4f:e4,1078,4,0,0,-39,S,5c:62:8b:66:67:d2"
1791490378.036,"B,71676,10,72:3b:01:24:b7:c8,140,5,0,0,-17,S,5c:62:8b:66:67:d2"
1791490378.241,"B,71776,10,b2:db:ca:e6:29:a6,56,2,0,0,-21,S,5c:62:8b:66:67:d2"
1791490378.241,"B,71776,10,5c:62:8b:66:67:d2,0,0,4874,16,-52,A,5c:62:8b:66:67:d2"
1791490378.241,"B,71776,10,46:88:44:6e:4f:e4,4678,9,0,0,-38,S,5c:62:8b:66:67:d2"
1791490378.241,"B,71776,10,72:3b:01:24:b7:c8,140,5,0,0,-17,S,5c:62:8b:66:67:d2"
1791490378.241,"B,71876,10,b2:db:ca:e6:29:a6,56,2,0,0,-21,S,5c:62:8b:66:67:d2"
1791490378.241,"B,71876,10,5c:62:8b:66:67:d2,0,0,2534,10,-52,A,5c:62:8b:66:67:d2"
1791490378.241,"B,71876,10,46:88:44:6e:4f:e4,2478,8,0,0,-37,S,5c:62:8b:66:67:d2"
1791490378.446,"B,71976,10,b2:db:ca:e6:29:a6,56,2,0,0,-22,S,5c:62:8b:66:67:d2"
1791490378.446,"B,71976,10,5c:62:8b:66:67:d2,0,0,3543,13,-52,A,5c:62:8b:66:67:d2"
1791490378.446,"B,71976,10,46:88:44:6e:4f:e4,3375,7,0,0,-36,S,5c:62:8b:66:67:d2"
1791490378.446,"B,71976,10,72:3b:01:24:b7:c8,112,4,0,0,-17,S,5c:62:8b:66:67:d2"
1791490378.446,"B,72076,10,b2:db:ca:e6:29:a6,56,2,0,0,-21,S,5c:62:8b:66:67:d2"
1791490378.446,"B,72076,10,5c:62:8b:66:67:d2,0,0,2633,15,-52,A,5c:62:8b:66:67:d2"
1791490378.446,"B,72076,10,46:88:44:6e:4f:e4,2353,5,0,0,-36,S,5c:62:8b:66:67:d2"
1791490378.446,"B,72076,10,72:3b:01:24:b7:c8,224,8,0,0,-18,S,5c:62:8b:66:67:d2"
1791490378.651,"B,72176,10,5c:62:8b:66:67:d2,0,0,3053,7,-52,A,5c:62:8b:66:67:d2"
1791490378.651,"B,72176,10,46:88:44:6e:4f:e4,3053,7,0,0,-37,S,5c:62:8b:66:67:d2"
1791490378.651,"B,72276,10,b2:db:ca:e6:29:a6,168,6,0,0,-22,S,5c:62:8b:66:67:d2"
1791490378.651,"B,72276,10,5c:62:8b:66:67:d2,0,0,3801,19,-51,A,5c:62:8b:66:67:d2"
1791490378.651,"B,72276,10,46:88:44:6e:4f:e4,3521,9,0,0,-37,S,5c:62:8b:66:67:d2"
1791490378.651,"B,72276,10,72:3b:01:24:b7:c8,112,4,0,0,-17,S,5c:62:8b:66:67:d2"
1791490378.852,"B,72376,10,b2:db:ca:e6:29:a6,196,7,0,0,-20,S,5c:62:8b:66:67:d2"
1791490378.852,"B,72376,10,5c:62:8b:66:67:d2,138,1,3389,19,-52,A,5c:62:8b:66:67:d2"
1791490378.852,"B,72376,10,46:88:44:6e:4f:e4,3053,7,138,1,-35,S,5c:62:8b:66:67:d2"
1791490378.852,"B,72376,10,72:3b:01:24:b7:c8,140,5,0,0,-17,S,5c:62:8b:66:67:d2"
1791490378.852,"B,72476,10,b2:db:ca:e6:29:a6,224,8,0,0,-21,S,5c:62:8b:66:67:d2"
1791490378.852,"B,72476,10,5c:62:8b:66:67:d2,0,0,1396,13,-52,A,5c:62:8b:66:67:d2"
1791490378.852,"B,72476,10,46:88:44:6e:4f:e4,1144,4,0,0,-37,S,5c:62:8b:66:67:d2"
1791490378.852,"B,72476,10,72:3b:01:24:b7:c8,28,1,0,0,-17,S,5c:62:8b:66:67:d2"
1791490379.055,"B,72576,10,5c:62:8b:66:67:d2,0,0,3507,20,-52,A,5c:62:8b:66:67:d2"
1791490379.055,"B,72576,10,46:88:44:6e:4f:e4,3171,8,0,0,-36,S,5c:62:8b:66:67:d2"
1791490379.055,"B,72576,10,72:3b:01:24:b7:c8,336,12,0,0,-17,S,5c:62:8b:66:67:d2"
1791490379.055,"B,72676,10,b2:db:ca:e6:29:a6,84,3,0,0,-21,S,5c:62:8b:66:67:d2"
1791490379.055,"B,72676,10,5c:62:8b:66:67:d2,0,0,4292,15,-51,A,5c:62:8b:66:67:d2"
1791490379.055,"B,72676,10,46:88:44:6e:4f:e4,4096,8,0,0,-36,S,5c:62:8b:66:67:d2"
1791490379.055,"B,72676,10,72:3b:01:24:b7:c8,112,4,0,0,-18,S,5c:62:8b:66:67:d2"
1791490379.260,"B,72776,10,b2:db:ca:e6:29:a6,56,2,0,0,-21,S,5c:62:8b:66:67:d2"
1791490379.260,"B,72776,10,5c:62:8b:66:67:d2,123,1,2759,8,-53,A,5c:62:8b:66:67:d2"
1791490379.260,"B,72776,10,46:88:44:6e:4f:e4,2703,6,123,1,-36,S,5c:62:8b:66:67:d2"
1791490379.260,"B,72876,10,b2:db:ca:e6:29:a6,56,2,0,0,-23,S,5c:62:8b:66:67:d2"
1791490379.260,"B,72876,10,5c:62:8b:66:67:d2,0,0,3011,17,-52,A,5c:62:8b:66:67:d2"
1791490379.260,"B,72876,10,46:88:44:6e:4f:e4,2675,5,0,0,-39,S,5c:62:8b:66:67:d2"
1791490379.260,"B,72876,10,78:8c:b5:f5:e7:26,80,1,0,0,-81,A,78:8c:b5:f5:e7:26"
1791490379.260,"B,72876,10,72:3b:01:24:b7:c8,280,10,0,0,-16,S,5c:62:8b:66:67:d2"
1791490379.462,"B,72976,10,b2:db:ca:e6:29:a6,56,2,0,0,-22,S,5c:62:8b:66:67:d2"
1791490379.462,"B,72976,10,5c:62:8b:66:67:d2,0,0,2853,9,-51,A,5c:62:8b:66:67:d2"
1791490379.462,"B,72976,10,46:88:44:6e:4f:e4,2797,7,0,0,-38,S,5c:62:8b:66:67:d2"
1791490379.462,"B,73076,10,b2:db:ca:e6:29:a6,28,1,0,0,-22,S,5c:62:8b:66:67:d2"
1791490379.462,"B,73076,10,5c:62:8b:66:67:d2,0,0,1428,5,-51,A,5c:62:8b:66:67:d2"
1791490379.462,"B,73076,10,46:88:44:6e:4f:e4,1400,4,0,0,-37,S,5c:62:8b:66:67:d2"
1791490379.665,"B,73176,10,5c:62:8b:66:67:d2,0,0,3333,17,-52,A,5c:62:8b:66:67:d2"
1791490379.665,"B,73176,10,46:88:44:6e:4f:e4,3053,7,0,0,-36,S,5c:62:8b:66:67:d2"
1791490379.665,"B,73176,10,72:3b:01:24:b7:c8,280,10,0,0,-16,S,5c:62:8b:66:67:d2"
1791490379.665,"B,73276,10,5c:62:8b:66:67:d2,0,0,4131,11,-52,A,5c:62:8b:66:67:d2"
1791490379.665,"B,73276,10,46:88:44:6e:4f:e4,4103,10,0,0,-36,S,5c:62:8b:66:67:d2"
1791490379.665,"B,73276,10,72:3b:01:24:b7:c8,28,1,0,0,-16,S,5c:62:8b:66:67:d2"
1791490379.870,"B,73376,10,5c:62:8b:66:67:d2,0,0,3753,9,-52,A,5c:62:8b:66:67:d2"
1791490379.870,"B,73376,10,46:88:44:6e:4f:e4,3753,9,0,0,-37,S,5c:62:8b:66:67:d2"
1791490379.870,"B,73476,10,5c:62:8b:66:67:d2,4543,11,2703,6,-52,A,5c:62:8b:66:67:d2"
1791490379.870,"B,73476,10,46:88:44:6e:4f:e4,2703,6,0,0,-38,S,5c:62:8b:66:67:d2"
1791490379.870,"B,73476,10,72:3b:01:24:b7:c8,0,0,4543,11,0,S,5c:62:8b:66:67:d2"
1791490380.071,"B,73576,10,5c:62:8b:66:67:d2,0,0,2703,6,-51,A,5c:62:8b:66:67:d2"
1791490380.071,"B,73576,10,46:88:44:6e:4f:e4,2703,6,0,0,-36,S,5c:62:8b:66:67:d2"
1791490380.071,"B,73676,10,5c:62:8b:66:67:d2,0,0,2702,16,-52,A,5c:62:8b:66:67:d2"
1791490380.071,"B,73676,10,46:88:44:6e:4f:e4,2562,11,0,0,-36,S,5c:62:8b:66:67:d2"
1791490380.071,"B,73676,10,72:3b:01:24:b7:c8,140,5,0,0,-17,S,5c:62:8b:66:67:d2"
1791490380.273,"B,73776,10,5c:62:8b:66:67:d2,0,0,12073,21,-52,A,5c:62:8b:66:67:d2"
1791490380.273,"B,73776,10,46:88:44:6e:4f:e4,11961,17,0,0,-39,S,5c:62:8b:66:67:d2"
1791490380.273,"B,73776,10,78:8c:b5:f5:e7:26,0,0,28,1,-83,A,78:8c:b5:f5:e7:26"
1791490380.273,"B,73776,10,72:3b:01:24:b7:c8,112,4,0,0,-17,S,5c:62:8b:66:67:d2"
1791490380.273,"B,73776,10,00:08:22:24:d6:fb,28,1,0,0,-79,S,78:8c:b5:f5:e7:26"
1791490380.273,"B,73876,10,5c:62:8b:66:67:d2,0,0,3571,14,-52,A,5c:62:8b:66:67:d2"
1791490380.273,"B,73876,10,46:88:44:6e:4f:e4,3403,8,0,0,-36,S,5c:62:8b:66:67:d2"
1791490380.273,"B,73876,10,78:8c:b5:f5:e7:26,0,0,28,1,0,A,78:8c:b5:f5:e7:26"
1791490380.273,"B,73876,10,72:3b:01:24:b7:c8,168,6,0,0,-17,S,5c:62:8b:66:67:d2"
1791490380.273,"B,73876,10,00:08:22:24:d6:fb,28,1,0,0,-78,S,78:8c:b5:f5:e7:26"
1791490380.476,"B,73976,10,5c:62:8b:66:67:d2,0,0,2815,10,-52,A,5c:62:8b:66:67:d2"
1791490380.476,"B,73976,10,46:88:44:6e:4f:e4,2703,6,0,0,-37,S,5c:62:8b:66:67:d2"
1791490380.476,"B,73976,10,72:3b:01:24:b7:c8,112,4,0,0,-17,S,5c:62:8b:66:67:d2"
1791490380.476,"B,74076,10,5c:62:8b:66:67:d2,0,0,4593,16,-52,A,5c:62:8b:66:67:d2"
1791490380.476,"B,74076,10,46:88:44:6e:4f:e4,4453,11,0,0,-39,S,5c:62:8b:66:67:d2"
1791490380.476,"B,74076,10,72:3b:01:24:b7:c8,140,5,0,0,-17,S,5c:62:8b:66:67:d2"
1791490380.679,"B,74176,10,5c:62:8b:66:67:d2,0,0,6071,11,-52,A,5c:62:8b:66:67:d2"
1791490380.679,"B,74176,10,46:88:44:6e:4f:e4,6071,11,0,0,-39,S,5c:62:8b:66:67:d2"
1791490380.679,"B,74276,10,5c:62:8b:66:67:d2,0,0,1512,8,-52,A,5c:62:8b:66:67:d2"
1791490380.679,"B,74276,10,46:88:44:6e:4f:e4,1428,5,0,0,-40,S,5c:62:8b:66:67:d2"
1791490380.679,"B,74276,10,72:3b:01:24:b7:c8,84,3,0,0,-17,S,5c:62:8b:66:67:d2"
1791490380.880,"B,74376,10,5c:62:8b:66:67:d2,0,0,2731,7,-52,A,5c:62:8b:66:67:d2"
1791490380.880,"B,74376,10,46:88:44:6e:4f:e4,2675,5,0,0,-39,S,5c:62:8b:66:67:d2"
1791490380.880,"B,74376,10,72:3b:01:24:b7:c8,56,2,0,0,-17,S,5c:62:8b:66:67:d2"
1791490380.880,"B,74476,10,5c:62:8b:66:67:d2,0,0,3403,8,-51,A,5c:62:8b:66:67:d2"
1791490380.880,"B,74476,10,46:88:44:6e:4f:e4,3403,8,0,0,-39,S,5c:62:8b:66:67:d2"
1791490381.080,"B,74576,10,b2:db:ca:e6:29:a6,112,4,0,0,-21,S,5c:62:8b:66:67:d2"
1791490381.080,"B,74576,10,5c:62:8b:66:67:d2,0,0,2899,13,-52,A,5c:62:8b:66:67:d2"
1791490381.080,"B,74576,10,46:88:44:6e:4f:e4,2703,6,0,0,-36,S,5c:62:8b:66:67:d2"
1791490381.080,"B,74576,10,72:3b:01:24:b7:c8,84,3,0,0,-17,S,5c:62:8b:66:67:d2"
1791490381.080,"B,74676,10,b2:db:ca:e6:29:a6,84,3,0,0,-20,S,5c:62:8b:66:67:d2"
1791490381.080,"B,74676,10,5c:62:8b:66:67:d2,0,0,2927,14,-50,A,5c:62:8b:66:67:d2"
1791490381.080,"B,74676,10,46:88:44:6e:4f:e4,2703,6,0,0,-36,S,5c:62:8b:66:67:d2"
1791490381.080,"B,74676,10,72:3b:01:24:b7:c8,140,5,0,0,-18,S,5c:62:8b:66:67:d2"
1791490381.080,"B,74776,10,b2:db:ca:e6:29:a6,112,4,0,0,-21,S,5c:62:8b:66:67:d2"
1791490381.080,"B,74776,10,5c:62:8b:66:67:d2,0,0,2815,10,-50,A,5c:62:8b:66:67:d2"
1791490381.080,"B,74776,10,46:88:44:6e:4f:e4,2703,6,0,0,-41,S,5c:62:8b:66:67:d2"
1791490381.280,"B,74876,10,b2:db:ca:e6:29:a6,56,2,0,0,-22,S,5c:62:8b:66:67:d2"
1791490381.280,"B,74876,10,5c:62:8b:66:67:d2,0,0,1106,5,-51,A,5c:62:8b:66:67:d2"
1791490381.280,"B,74876,10,46:88:44:6e:4f:e4,1050,3,0,0,-40,S,5c:62:8b:66:67:d2"
1791490381.280,"B,74876,10,78:8c:b5:f5:e7:26,80,1,0,0,-83,A,78:8c:b5:f5:e7:26"
1791490381.481,"B,74976,10,b2:db:ca:e6:29:a6,28,1,0,0,-20,S,5c:62:8b:66:67:d2"
1791490381.481,"B,74976,10,5c:62:8b:66:67:d2,0,0,7081,19,-49,A,5c:62:8b:66:67:d2"
1791490381.481,"B,74976,10,46:88:44:6e:4f:e4,6913,13,0,0,-39,S,5c:62:8b:66:67:d2"
1791490381.481,"B,74976,10,72:3b:01:24:b7:c8,140,5,0,0,-18,S,5c:62:8b:66:67:d2"
1791490381.481,"B,75076,10,b2:db:ca:e6:29:a6,56,2,0,0,-22,S,5c:62:8b:66:67:d2"
1791490381.481,"B,75076,10,5c:62:8b:66:67:d2,0,0,5601,14,-50,A,5c:62:8b:66:67:d2"
1791490381.481,"B,75076,10,46:88:44:6e:4f:e4,5517,11,0,0,-38,S,5c:62:8b:66:67:d2"
1791490381.481,"B,75076,10,72:3b:01:24:b7:c8,28,1,0,0,-18,S,5c:62:8b:66:67:d2"
1791490381.481,"I,75096,stat,rx=12076,drops=0,ch=10,bin=100,hop=0,heap=203064"
1791490381.683,"B,75176,10,b2:db:ca:e6:29:a6,28,1,0,0,-22,S,5c:62:8b:66:67:d2"
1791490381.683,"B,75176,10,5c:62:8b:66:67:d2,0,0,2955,15,-51,A,5c:62:8b:66:67:d2"
1791490381.683,"B,75176,10,46:88:44:6e:4f:e4,2703,6,0,0,-41,S,5c:62:8b:66:67:d2"
1791490381.683,"B,75176,10,72:3b:01:24:b7:c8,224,8,0,0,-18,S,5c:62:8b:66:67:d2"
1791490381.683,"B,75276,10,b2:db:ca:e6:29:a6,56,2,0,0,-22,S,5c:62:8b:66:67:d2"
1791490381.683,"B,75276,10,5c:62:8b:66:67:d2,0,0,2899,13,-50,A,5c:62:8b:66:67:d2"
1791490381.683,"B,75276,10,46:88:44:6e:4f:e4,2703,6,0,0,-43,S,5c:62:8b:66:67:d2"
1791490381.683,"B,75276,10,72:3b:01:24:b7:c8,140,5,0,0,-17,S,5c:62:8b:66:67:d2"
1791490381.683,"B,75376,10,b2:db:ca:e6:29:a6,28,1,0,0,-22,S,5c:62:8b:66:67:d2"
1791490381.683,"B,75376,10,5c:62:8b:66:67:d2,0,0,3886,12,-48,A,5c:62:8b:66:67:d2"
1791490381.683,"B,75376,10,46:88:44:6e:4f:e4,3746,7,0,0,-44,S,5c:62:8b:66:67:d2"
1791490381.683,"B,75376,10,72:3b:01:24:b7:c8,112,4,0,0,-17,S,5c:62:8b:66:67:d2"
1791490381.885,"B,75476,10,5c:62:8b:66:67:d2,0,0,1750,5,-48,A,5c:62:8b:66:67:d2"
1791490381.885,"B,75476,10,46:88:44:6e:4f:e4,1750,5,0,0,-44,S,5c:62:8b:66:67:d2"
1791490381.885,"B,75576,10,5c:62:8b:66:67:d2,0,0,2465,9,0,A,5c:62:8b:66:67:d2"
1791490381.885,"B,75576,10,46:88:44:6e:4f:e4,2353,5,0,0,-43,S,5c:62:8b:66:67:d2"
1791490381.885,"B,75576,10,72:3b:01:24:b7:c8,112,4,0,0,-18,S,5c:62:8b:66:67:d2"
1791490382.086,"B,75676,10,5c:62:8b:66:67:d2,0,0,2731,7,-49,A,5c:62:8b:66:67:d2"
1791490382.086,"B,75676,10,46:88:44:6e:4f:e4,2703,6,0,0,-42,S,5c:62:8b:66:67:d2"
1791490382.086,"B,75676,10,72:3b:01:24:b7:c8,28,1,0,0,-18,S,5c:62:8b:66:67:d2"
1791490382.086,"B,75776,10,5c:62:8b:66:67:d2,0,0,3053,7,-50,A,5c:62:8b:66:67:d2"
1791490382.086,"B,75776,10,46:88:44:6e:4f:e4,3053,7,0,0,-41,S,5c:62:8b:66:67:d2"
1791490382.287,"B,75876,10,5c:62:8b:66:67:d2,0,0,2815,10,-50,A,5c:62:8b:66:67:d2"
1791490382.287,"B,75876,10,46:88:44:6e:4f:e4,2675,5,0,0,-41,S,5c:62:8b:66:67:d2"
1791490382.287,"B,75876,10,72:3b:01:24:b7:c8,140,5,0,0,-18,S,5c:62:8b:66:67:d2"
1791490382.287,"B,75976,10,5c:62:8b:66:67:d2,0,0,4481,12,-50,A,5c:62:8b:66:67:d2"
1791490382.287,"B,75976,10,46:88:44:6e:4f:e4,4453,11,0,0,-43,S,5c:62:8b:66:67:d2"
1791490382.287,"B,75976,10,72:3b:01:24:b7:c8,28,1,0,0,-18,S,5c:62:8b:66:67:d2"
1791490382.489,"B,76076,10,5c:62:8b:66:67:d2,0,0,1078,4,-49,A,5c:62:8b:66:67:d2"
1791490382.489,"B,76076,10,46:88:44:6e:4f:e4,1050,3,0,0,-43,S,5c:62:8b:66:67:d2"
1791490382.489,"B,76076,10,72:3b:01:24:b7:c8,28,1,0,0,-18,S,5c:62:8b:66:67:d2"
1791490382.489,"B,76176,10,b2:db:ca:e6:29:a6,28,1,0,0,-23,S,5c:62:8b:66:67:d2"
1791490382.489,"B,76176,10,5c:62:8b:66:67:d2,0,0,4110,20,-51,A,5c:62:8b:66:67:d2"
1791490382.489,"B,76176,10,46:88:44:6e:4f:e4,3914,13,0,0,-43,S,5c:62:8b:66:67:d2"
1791490382.489,"B,76176,10,72:3b:01:24:b7:c8,168,6,0,0,-18,S,5c:62:8b:66:67:d2"
1791490382.690,"B,76276,10,b2:db:ca:e6:29:a6,28,1,0,0,-22,S,5c:62:8b:66:67:d2"
1791490382.690,"B,76276,10,5c:62:8b:66:67:d2,0,0,6009,12,-51,A,5c:62:8b:66:67:d2"
1791490382.690,"B,76276,10,46:88:44:6e:4f:e4,5953,10,0,0,-42,S,5c:62:8b:66:67:d2"
1791490382.690,"B,76276,10,72:3b:01:24:b7:c8,28,1,0,0,-18,S,5c:62:8b:66:67:d2"
1791490382.690,"B,76376,10,5c:62:8b:66:67:d2,0,0,2010,6,-50,A,5c:62:8b:66:67:d2"
1791490382.690,"B,76376,10,46:88:44:6e:4f:e4,2010,6,0,0,-41,S,5c:62:8b:66:67:d2"
1791490382.892,"B,76476,10,b2:db:ca:e6:29:a6,28,1,0,0,-21,S,5c:62:8b:66:67:d2"
1791490382.892,"B,76476,10,5c:62:8b:66:67:d2,0,0,3571,14,-49,A,5c:62:8b:66:67:d2"
1791490382.892,"B,76476,10,46:88:44:6e:4f:e4,3403,8,0,0,-42,S,5c:62:8b:66:67:d2"
1791490382.892,"B,76476,10,72:3b:01:24:b7:c8,140,5,0,0,-18,S,5c:62:8b:66:67:d2"
1791490382.892,"B,76576,10,b2:db:ca:e6:29:a6,112,4,0,0,-21,S,5c:62:8b:66:67:d2"
1791490382.892,"B,76576,10,5c:62:8b:66:67:d2,0,0,3193,12,-49,A,5c:62:8b:66:67:d2"
1791490382.892,"B,76576,10,46:88:44:6e:4f:e4,3053,7,0,0,-43,S,5c:62:8b:66:67:d2"
1791490382.892,"B,76576,10,72:3b:01:24:b7:c8,28,1,0,0,-18,S,5c:62:8b:66:67:d2"
1791490383.093,"M,76623,slot,11,1"
1791490383.093,"B,76676,10,b2:db:ca:e6:29:a6,56,2,0,0,-22,S,5c:62:8b:66:67:d2"
1791490383.093,"B,76676,10,5c:62:8b:66:67:d2,0,0,1134,6,-50,A,5c:62:8b:66:67:d2"
1791490383.093,"B,76676,10,46:88:44:6e:4f:e4,1078,4,0,0,-42,S,5c:62:8b:66:67:d2"
1791490383.093,"B,76776,10,b2:db:ca:e6:29:a6,28,1,0,0,-23,S,5c:62:8b:66:67:d2"
1791490383.093,"B,76776,10,5c:62:8b:66:67:d2,0,0,2955,15,-51,A,5c:62:8b:66:67:d2"
1791490383.093,"B,76776,10,46:88:44:6e:4f:e4,2675,5,0,0,-42,S,5c:62:8b:66:67:d2"
1791490383.093,"B,76776,10,b0:a7:b9:23:82:ee,0,0,28,1,-86,A,b0:a7:b9:23:82:ee"
1791490383.093,"B,76776,10,72:3b:01:24:b7:c8,252,9,0,0,-18,S,5c:62:8b:66:67:d2"
1791490383.093,"B,76776,10,e2:5e:2c:92:7b:df,28,1,0,0,-93,S,b0:a7:b9:23:82:ee"
1791490383.296,"B,76876,10,b2:db:ca:e6:29:a6,28,1,0,0,-23,S,5c:62:8b:66:67:d2"
1791490383.296,"B,76876,10,5c:62:8b:66:67:d2,0,0,3109,9,-49,A,5c:62:8b:66:67:d2"
1791490383.296,"B,76876,10,46:88:44:6e:4f:e4,3053,7,0,0,-42,S,5c:62:8b:66:67:d2"
1791490383.296,"B,76876,10,72:3b:01:24:b7:c8,28,1,0,0,-18,S,5c:62:8b:66:67:d2"
1791490383.296,"B,76976,10,b2:db:ca:e6:29:a6,84,3,0,0,-20,S,5c:62:8b:66:67:d2"
1791490383.296,"B,76976,10,5c:62:8b:66:67:d2,0,0,5923,14,-49,A,5c:62:8b:66:67:d2"
1791490383.296,"B,76976,10,46:88:44:6e:4f:e4,5839,11,0,0,-43,S,5c:62:8b:66:67:d2"
1791490383.501,"B,77076,10,b2:db:ca:e6:29:a6,56,2,0,0,-23,S,5c:62:8b:66:67:d2"
1791490383.501,"B,77076,10,5c:62:8b:66:67:d2,0,0,3011,17,-51,A,5c:62:8b:66:67:d2"
1791490383.501,"B,77076,10,46:88:44:6e:4f:e4,2703,6,0,0,-42,S,5c:62:8b:66:67:d2"
1791490383.501,"B,77076,10,72:3b:01:24:b7:c8,252,9,0,0,-18,S,5c:62:8b:66:67:d2"
1791490383.501,"B,77176,10,b2:db:ca:e6:29:a6,28,1,0,0,-24,S,5c:62:8b:66:67:d2"
1791490383.501,"B,77176,10,5c:62:8b:66:67:d2,0,0,1358,14,-49,A,5c:62:8b:66:67:d2"
1791490383.501,"B,77176,10,46:88:44:6e:4f:e4,1078,4,0,0,-42,S,5c:62:8b:66:67:d2"
1791490383.501,"B,77176,10,72:3b:01:24:b7:c8,252,9,0,0,-18,S,5c:62:8b:66:67:d2"
1791490383.705,"B,77276,10,5c:62:8b:66:67:d2,0,0,2899,13,-51,A,5c:62:8b:66:67:d2"
1791490383.705,"B,77276,10,46:88:44:6e:4f:e4,2675,5,0,0,-42,S,5c:62:8b:66:67:d2"
1791490383.705,"B,77276,10,72:3b:01:24:b7:c8,224,8,0,0,-17,S,5c:62:8b:66:67:d2"
1791490383.705,"B,77376,10,b2:db:ca:e6:29:a6,56,2,0,0,-22,S,5c:62:8b:66:67:d2"
1791490383.705,"B,77376,10,5c:62:8b:66:67:d2,0,0,3249,14,-48,A,5c:62:8b:66:67:d2"
1791490383.705,"B,77376,10,46:88:44:6e:4f:e4,3053,7,0,0,-42,S,5c:62:8b:66:67:d2"
1791490383.705,"B,77376,10,72:3b:01:24:b7:c8,140,5,0,0,-18,S,5c:62:8b:66:67:d2"
1791490383.909,"B,77476,10,b2:db:ca:e6:29:a6,28,1,0,0,-21,S,5c:62:8b:66:67:d2"
1791490383.909,"B,77476,10,5c:62:8b:66:67:d2,138,1,3553,11,-50,A,5c:62:8b:66:67:d2"
1791490383.909,"B,77476,10,46:88:44:6e:4f:e4,3497,9,138,1,-43,S,5c:62:8b:66:67:d2"
1791490383.909,"B,77476,10,72:3b:01:24:b7:c8,28,1,0,0,-18,S,5c:62:8b:66:67:d2"
1791490383.909,"B,77576,10,5c:62:8b:66:67:d2,0,0,4215,14,-51,A,5c:62:8b:66:67:d2"
1791490383.909,"B,77576,10,46:88:44:6e:4f:e4,4103,10,0,0,-42,S,5c:62:8b:66:67:d2"
1791490383.909,"B,77576,10,72:3b:01:24:b7:c8,112,4,0,0,-18,S,5c:62:8b:66:67:d2"
1791490384.111,"B,77676,10,5c:62:8b:66:67:d2,0,0,5832,9,-48,A,5c:62:8b:66:67:d2"
1791490384.111,"B,77676,10,46:88:44:6e:4f:e4,5832,9,0,0,-42,S,5c:62:8b:66:67:d2"
1791490384.111,"B,77776,10,5c:62:8b:66:67:d2,0,0,3313,8,-51,A,5c:62:8b:66:67:d2"
1791490384.111,"B,77776,10,46:88:44:6e:4f:e4,3285,7,0,0,-42,S,5c:62:8b:66:67:d2"
1791490384.111,"B,77776,10,72:3b:01:24:b7:c8,28,1,0,0,-21,S,5c:62:8b:66:67:d2"
1791490384.315,"B,77876,10,b2:db:ca:e6:29:a6,28,1,0,0,-21,S,5c:62:8b:66:67:d2"
1791490384.315,"B,77876,10,5c:62:8b:66:67:d2,0,0,1162,7,-48,A,5c:62:8b:66:67:d2"
1791490384.315,"B,77876,10,46:88:44:6e:4f:e4,1050,3,0,0,-42,S,5c:62:8b:66:67:d2"
1791490384.315,"B,77876,10,72:3b:01:24:b7:c8,84,3,0,0,-18,S,5c:62:8b:66:67:d2"
1791490384.315,"B,77976,10,b2:db:ca:e6:29:a6,56,2,0,0,-21,S,5c:62:8b:66:67:d2"
1791490384.315,"B,77976,10,5c:62:8b:66:67:d2,0,0,4299,17,-50,A,5c:62:8b:66:67:d2"
1791490384.315,"B,77976,10,46:88:44:6e:4f:e4,4131,11,0,0,-42,S,5c:62:8b:66:67:d2"
1791490384.315,"B,77976,10,72:3b:01:24:b7:c8,112,4,0,0,-18,S,5c:62:8b:66:67:d2"
1791490384.315,"B,77976,10,8a:ce:16:78:6f:dc,0,0,30,1,0,A,8a:ce:16:78:6f:dc"
1791490384.315,"B,77976,10,38:d5:7a:f4:5a:37,30,1,0,0,-88,S,8a:ce:16:78:6f:dc"
1791490384.516,"B,78076,10,b2:db:ca:e6:29:a6,84,3,0,0,-23,S,5c:62:8b:66:67:d2"
1791490384.516,"B,78076,10,5c:62:8b:66:67:d2,0,0,5106,16,-49,A,5c:62:8b:66:67:d2"
1791490384.516,"B,78076,10,46:88:44:6e:4f:e4,4910,9,0,0,-43,S,5c:62:8b:66:67:d2"
1791490384.516,"B,78076,10,72:3b:01:24:b7:c8,112,4,0,0,-18,S,5c:62:8b:66:67:d2"
1791490384.516,"B,78176,10,b2:db:ca:e6:29:a6,56,2,0,0,-21,S,5c:62:8b:66:67:d2"
1791490384.516,"B,78176,10,5c:62:8b:66:67:d2,0,0,3459,10,-50,A,5c:62:8b:66:67:d2"
1791490384.516,"B,78176,10,46:88:44:6e:4f:e4,3403,8,0,0,-43,S,5c:62:8b:66:67:d2"
1791490384.722,"B,78276,10,b2:db:ca:e6:29:a6,28,1,0,0,-23,S,5c:62:8b:66:67:d2"
1791490384.722,"B,78276,10,5c:62:8b:66:67:d2,0,0,1218,9,-49,A,5c:62:8b:66:67:d2"
1791490384.722,"B,78276,10,46:88:44:6e:4f:e4,1078,4,0,0,-42,S,5c:62:8b:66:67:d2"
1791490384.722,"B,78276,10,72:3b:01:24:b7:c8,112,4,0,0,-18,S,5c:62:8b:66:67:d2"
1791490384.722,"B,78376,10,b2:db:ca:e6:29:a6,56,2,0,0,-22,S,5c:62:8b:66:67:d2"
1791490384.722,"B,78376,10,5c:62:8b:66:67:d2,0,0,4846,15,-49,A,5c:62:8b:66:67:d2"
1791490384.722,"B,78376,10,46:88:44:6e:4f:e4,4678,9,0,0,-42,S,5c:62:8b:66:67:d2"
1791490384.722,"B,78376,10,72:3b:01:24:b7:c8,112,4,0,0,-18,S,5c:62:8b:66:67:d2"
1791490384.722,"B,78376,10,80:af:ca:68:4c:f8,104,1,0,0,-87,A,80:af:ca:68:4c:f8"
1791490384.925,"B,78476,10,b2:db:ca:e6:29:a6,28,1,0,0,-21,S,5c:62:8b:66:67:d2"
1791490384.925,"B,78476,10,5c:62:8b:66:67:d2,0,0,1078,4,-50,A,5c:62:8b:66:67:d2"
1791490384.925,"B,78476,10,46:88:44:6e:4f:e4,1050,3,0,0,-43,S,5c:62:8b:66:67:d2"
1791490384.925,"B,78576,10,b2:db:ca:e6:29:a6,28,1,0,0,-21,S,5c:62:8b:66:67:d2"
1791490384.925,"B,78576,10,5c:62:8b:66:67:d2,0,0,3137,10,-50,A,5c:62:8b:66:67:d2"
1791490384.925,"B,78576,10,46:88:44:6e:4f:e4,3053,7,0,0,-43,S,5c:62:8b:66:67:d2"
1791490384.925,"B,78576,10,72:3b:01:24:b7:c8,56,2,0,0,-18,S,5c:62:8b:66:67:d2"
1791490385.130,"B,78676,10,b2:db:ca:e6:29:a6,28,1,0,0,-23,S,5c:62:8b:66:67:d2"
1791490385.130,"B,78676,10,5c:62:8b:66:67:d2,0,0,2815,10,-50,A,5c:62:8b:66:67:d2"
1791490385.130,"B,78676,10,46:88:44:6e:4f:e4,2703,6,0,0,-43,S,5c:62:8b:66:67:d2"
1791490385.130,"B,78676,10,72:3b:01:24:b7:c8,84,3,0,0,-18,S,5c:62:8b:66:67:d2"
1791490385.130,"B,78676,10,80:af:ca:68:4c:f8,187,1,0,0,-88,A,80:af:ca:68:4c:f8"
1791490385.130,"B,78776,10,5c:62:8b:66:67:d2,0,0,3403,8,-49,A,5c:62:8b:66:67:d2"
1791490385.130,"B,78776,10,46:88:44:6e:4f:e4,3403,8,0,0,-43,S,5c:62:8b:66:67:d2"
1791490385.333,"B,78876,10,5c:62:8b:66:67:d2,0,0,3109,9,-50,A,5c:62:8b:66:67:d2"
1791490385.333,"B,78876,10,46:88:44:6e:4f:e4,3053,7,0,0,-42,S,5c:62:8b:66:67:d2"
1791490385.333,"B,78876,10,72:3b:01:24:b7:c8,56,2,0,0,-17,S,5c:62:8b:66:67:d2"
1791490385.333,"B,78976,10,b2:db:ca:e6:29:a6,112,4,0,0,-22,S,5c:62:8b:66:67:d2"
1791490385.333,"B,78976,10,5c:62:8b:66:67:d2,0,0,4355,19,-49,A,5c:62:8b:66:67:d2"
1791490385.333,"B,78976,10,46:88:44:6e:4f:e4,4103,10,0,0,-42,S,5c:62:8b:66:67:d2"
1791490385.333,"B,78976,10,72:3b:01:24:b7:c8,140,5,0,0,-18,S,5c:62:8b:66:67:d2"
1791490385.535,"B,79076,10,5c:62:8b:66:67:d2,0,0,2506,9,-49,A,5c:62:8b:66:67:d2"
1791490385.535,"B,79076,10,46:88:44:6e:4f:e4,2478,8,0,0,-42,S,5c:62:8b:66:67:d2"
1791490385.535,"B,79076,10,78:8c:b5:f5:e7:26,0,0,30,1,-84,A,78:8c:b5:f5:e7:26"
1791490385.535,"B,79076,10,72:3b:01:24:b7:c8,28,1,0,0,-18,S,5c:62:8b:66:67:d2"
1791490385.535,"B,79076,10,a6:4c:bd:b6:c7:99,30,1,0,0,-92,S,78:8c:b5:f5:e7:26"
1791490385.535,"B,79176,10,b2:db:ca:e6:29:a6,56,2,0,0,-20,S,5c:62:8b:66:67:d2"
1791490385.535,"B,79176,10,5c:62:8b:66:67:d2,0,0,3501,23,-48,A,5c:62:8b:66:67:d2"
1791490385.535,"B,79176,10,46:88:44:6e:4f:e4,3025,6,0,0,-43,S,5c:62:8b:66:67:d2"
1791490385.535,"B,79176,10,72:3b:01:24:b7:c8,420,15,0,0,-18,S,5c:62:8b:66:67:d2"
1791490385.740,"B,79276,10,b2:db:ca:e6:29:a6,56,2,0,0,-22,S,5c:62:8b:66:67:d2"
1791490385.740,"B,79276,10,5c:62:8b:66:67:d2,0,0,5223,12,-49,A,5c:62:8b:66:67:d2"
1791490385.740,"B,79276,10,46:88:44:6e:4f:e4,5111,8,0,0,-43,S,5c:62:8b:66:67:d2"
1791490385.740,"B,79276,10,72:3b:01:24:b7:c8,56,2,0,0,-18,S,5c:62:8b:66:67:d2"
1791490385.740,"B,79376,10,b2:db:ca:e6:29:a6,28,1,0,0,-23,S,5c:62:8b:66:67:d2"
1791490385.740,"B,79376,10,5c:62:8b:66:67:d2,0,0,1134,6,-49,A,5c:62:8b:66:67:d2"
1791490385.740,"B,79376,10,46:88:44:6e:4f:e4,1078,4,0,0,-43,S,5c:62:8b:66:67:d2"
1791490385.740,"B,79376,10,78:8c:b5:f5:e7:26,0,0,30,1,-86,A,78:8c:b5:f5:e7:26"
1791490385.740,"B,79376,10,72:3b:01:24:b7:c8,28,1,0,0,-18,S,5c:62:8b:66:67:d2"
1791490385.740,"B,79376,10,a6:4c:bd:b6:c7:99,30,1,0,0,-92,S,78:8c:b5:f5:e7:26"
1791490385.943,"B,79476,10,b2:db:ca:e6:29:a6,28,1,0,0,-19,S,5c:62:8b:66:67:d2"
1791490385.943,"B,79476,10,5c:62:8b:66:67:d2,0,0,5364,22,-51,A,5c:62:8b:66:67:d2"
1791490385.943,"B,79476,10,46:88:44:6e:4f:e4,5056,11,0,0,-43,S,5c:62:8b:66:67:d2"
1791490385.943,"B,79476,10,72:3b:01:24:b7:c8,280,10,0,0,-18,S,5c:62:8b:66:67:d2"
1791490385.943,"B,79576,10,b2:db:ca:e6:29:a6,56,2,0,0,-21,S,5c:62:8b:66:67:d2"
1791490385.943,"B,79576,10,5c:62:8b:66:67:d2,0,0,3809,11,-51,A,5c:62:8b:66:67:d2"
1791490385.943,"B,79576,10,46:88:44:6e:4f:e4,3753,9,0,0,-42,S,5c:62:8b:66:67:d2"
1791490386.148,"B,79676,10,b2:db:ca:e6:29:a6,56,2,0,0,-22,S,5c:62:8b:66:67:d2"
1791490386.148,"B,79676,10,5c:62:8b:66:67:d2,0,0,2156,8,-52,A,5c:62:8b:66:67:d2"
1791490386.148,"B,79676,10,46:88:44:6e:4f:e4,2100,6,0,0,-43,S,5c:62:8b:66:67:d2"
1791490386.148,"B,79776,10,b2:db:ca:e6:29:a6,28,1,0,0,-21,S,5c:62:8b:66:67:d2"
1791490386.148,"B,79776,10,5c:62:8b:66:67:d2,0,0,5778,17,-51,A,5c:62:8b:66:67:d2"
1791490386.148,"B,79776,10,46:88:44:6e:4f:e4,5610,11,0,0,-43,S,5c:62:8b:66:67:d2"
1791490386.148,"B,79776,10,72:3b:01:24:b7:c8,140,5,0,0,-17,S,5c:62:8b:66:67:d2"
1791490386.353,"B,79876,10,b2:db:ca:e6:29:a6,56,2,0,0,-21,S,5c:62:8b:66:67:d2"
1791490386.353,"B,79876,10,5c:62:8b:66:67:d2,0,0,3165,11,0,A,5c:62:8b:66:67:d2"
1791490386.353,"B,79876,10,46:88:44:6e:4f:e4,3053,7,0,0,-42,S,5c:62:8b:66:67:d2"
1791490386.353,"B,79876,10,72:3b:01:24:b7:c8,56,2,0,0,-18,S,5c:62:8b:66:67:d2"
1791490386.353,"B,79976,10,b2:db:ca:e6:29:a6,84,3,0,0,-23,S,5c:62:8b:66:67:d2"
1791490386.353,"B,79976,10,5c:62:8b:66:67:d2,0,0,4180,11,-51,A,5c:62:8b:66:67:d2"
1791490386.353,"B,79976,10,46:88:44:6e:4f:e4,4096,8,0,0,-42,S,5c:62:8b:66:67:d2"
1791490386.353,"B,79976,10,78:8c:b5:f5:e7:26,205,1,0,0,-84,A,78:8c:b5:f5:e7:26"
1791490386.555,"B,80076,10,5c:62:8b:66:67:d2,0,0,2899,13,-49,A,5c:62:8b:66:67:d2"
1791490386.555,"B,80076,10,46:88:44:6e:4f:e4,2731,7,0,0,-43,S,5c:62:8b:66:67:d2"
1791490386.555,"B,80076,10,72:3b:01:24:b7:c8,168,6,0,0,-18,S,5c:62:8b:66:67:d2"
1791490386.555,"I,80096,stat,rx=12818,drops=0,ch=10,bin=100,hop=0,heap=203064"
1791490386.555,"B,80176,10,b2:db:ca:e6:29:a6,84,3,0,0,-21,S,5c:62:8b:66:67:d2"
1791490386.555,"B,80176,10,5c:62:8b:66:67:d2,0,0,5251,13,-49,A,5c:62:8b:66:67:d2"
1791490386.555,"B,80176,10,46:88:44:6e:4f:e4,5139,9,0,0,-42,S,5c:62:8b:66:67:d2"
1791490386.555,"B,80176,10,72:3b:01:24:b7:c8,28,1,0,0,-18,S,5c:62:8b:66:67:d2"
1791490386.760,"B,80276,10,b2:db:ca:e6:29:a6,56,2,0,0,-23,S,5c:62:8b:66:67:d2"
1791490386.760,"B,80276,10,5c:62:8b:66:67:d2,0,0,3249,14,-48,A,5c:62:8b:66:67:d2"
1791490386.760,"B,80276,10,46:88:44:6e:4f:e4,3025,6,0,0,-42,S,5c:62:8b:66:67:d2"
1791490386.760,"B,80276,10,72:3b:01:24:b7:c8,168,6,0,0,-18,S,5c:62:8b:66:67:d2"
1791490386.760,"B,80376,10,b2:db:ca:e6:29:a6,56,2,0,0,-21,S,5c:62:8b:66:67:d2"
1791490386.760,"B,80376,10,5c:62:8b:66:67:d2,0,0,4791,18,-49,A,5c:62:8b:66:67:d2"
1791490386.760,"B,80376,10,46:88:44:6e:4f:e4,4567,10,0,0,-42,S,5c:62:8b:66:67:d2"
1791490386.760,"B,80376,10,72:3b:01:24:b7:c8,168,6,0,0,-18,S,5c:62:8b:66:67:d2"
1791490386.965,"B,80476,10,b2:db:ca:e6:29:a6,56,2,0,0,-22,S,5c:62:8b:66:67:d2"
1791490386.965,"B,80476,10,5c:62:8b:66:67:d2,0,0,2583,10,-49,A,5c:62:8b:66:67:d2"
1791490386.965,"B,80476,10,46:88:44:6e:4f:e4,2471,6,0,0,-42,S,5c:62:8b:66:67:d2"
1791490386.965,"B,80476,10,78:8c:b5:f5:e7:26,128,1,0,0,-85,A,78:8c:b5:f5:e7:26"
1791490386.965,"B,80476,10,72:3b:01:24:b7:c8,56,2,0,0,-18,S,5c:62:8b:66:67:d2"
1791490386.965,"B,80576,10,b2:db:ca:e6:29:a6,28,1,0,0,-23,S,5c:62:8b:66:67:d2"
1791490386.965,"B,80576,10,5c:62:8b:66:67:d2,88,1,1772,9,-55,A,5c:62:8b:66:67:d2"
1791490386.965,"B,80576,10,46:88:44:6e:4f:e4,1632,4,0,0,-43,S,5c:62:8b:66:67:d2"
1791490386.965,"B,80576,10,72:3b:01:24:b7:c8,112,4,0,0,-18,S,5c:62:8b:66:67:d2"
1791490387.168,"B,80676,10,b2:db:ca:e6:29:a6,28,1,0,0,-23,S,5c:62:8b:66:67:d2"
1791490387.168,"B,80676,10,5c:62:8b:66:67:d2,0,0,5986,18,-51,A,5c:62:8b:66:67:d2"
1791490387.168,"B,80676,10,46:88:44:6e:4f:e4,5846,13,0,0,-42,S,5c:62:8b:66:67:d2"
1791490387.168,"B,80676,10,72:3b:01:24:b7:c8,112,4,0,0,-18,S,5c:62:8b:66:67:d2"
1791490387.168,"B,80776,10,5c:62:8b:66:67:d2,0,0,3895,9,-49,A,5c:62:8b:66:67:d2"
1791490387.168,"B,80776,10,46:88:44:6e:4f:e4,3867,8,0,0,-43,S,5c:62:8b:66:67:d2"
1791490387.168,"B,80776,10,72:3b:01:24:b7:c8,28,1,0,0,-18,S,5c:62:8b:66:67:d2"
1791490387.373,"B,80876,10,b2:db:ca:e6:29:a6,112,4,0,0,-21,S,5c:62:8b:66:67:d2"
1791490387.373,"B,80876,10,5c:62:8b:66:67:d2,0,0,7549,21,-49,A,5c:62:8b:66:67:d2"
1791490387.373,"B,80876,10,46:88:44:6e:4f:e4,7353,14,0,0,-43,S,5c:62:8b:66:67:d2"
1791490387.373,"B,80876,10,72:3b:01:24:b7:c8,84,3,0,0,-18,S,5c:62:8b:66:67:d2"
1791490387.373,"B,80976,10,b2:db:ca:e6:29:a6,28,1,0,0,-20,S,5c:62:8b:66:67:d2"
1791490387.373,"B,80976,10,5c:62:8b:66:67:d2,0,0,7465,18,-52,A,5c:62:8b:66:67:d2"
1791490387.373,"B,80976,10,46:88:44:6e:4f:e4,7353,14,0,0,-42,S,5c:62:8b:66:67:d2"
1791490387.373,"B,80976,10,72:3b:01:24:b7:c8,84,3,0,0,-18,S,5c:62:8b:66:67:d2"
1791490387.577,"B,81076,10,b2:db:ca:e6:29:a6,56,2,0,0,-21,S,5c:62:8b:66:67:d2"
1791490387.577,"B,81076,10,5c:62:8b:66:67:d2,0,0,6623,16,-49,A,5c:62:8b:66:67:d2"
1791490387.577,"B,81076,10,46:88:44:6e:4f:e4,6539,13,0,0,-43,S,5c:62:8b:66:67:d2"
1791490387.577,"B,81076,10,72:3b:01:24:b7:c8,28,1,0,0,-18,S,5c:62:8b:66:67:d2"
1791490387.577,"B,81176,10,b2:db:ca:e6:29:a6,56,2,0,0,-22,S,5c:62:8b:66:67:d2"
1791490387.577,"B,81176,10,5c:62:8b:66:67:d2,0,0,4006,23,-51,A,5c:62:8b:66:67:d2"
1791490387.577,"B,81176,10,46:88:44:6e:4f:e4,3614,9,0,0,-43,S,5c:62:8b:66:67:d2"
1791490387.577,"B,81176,10,72:3b:01:24:b7:c8,336,12,0,0,-18,S,5c:62:8b:66:67:d2"
1791490387.779,"B,81276,10,b2:db:ca:e6:29:a6,56,2,0,0,-23,S,5c:62:8b:66:67:d2"
1791490387.779,"B,81276,10,5c:62:8b:66:67:d2,0,0,6469,22,-51,A,5c:62:8b:66:67:d2"
1791490387.779,"B,81276,10,46:88:44:6e:4f:e4,6245,14,0,0,-42,S,5c:62:8b:66:67:d2"
1791490387.779,"B,81276,10,72:3b:01:24:b7:c8,168,6,0,0,-18,S,5c:62:8b:66:67:d2"
1791490387.779,"B,81376,10,b2:db:ca:e6:29:a6,28,1,0,0,-23,S,5c:62:8b:66:67:d2"
1791490387.779,"B,81376,10,5c:62:8b:66:67:d2,0,0,7549,21,-49,A,5c:62:8b:66:67:d2"
1791490387.779,"B,81376,10,46:88:44:6e:4f:e4,7381,15,0,0,-43,S,5c:62:8b:66:67:d2"
1791490387.779,"B,81376,10,72:3b:01:24:b7:c8,140,5,0,0,-18,S,5c:62:8b:66:67:d2"
1791490387.980,"B,81476,10,b2:db:ca:e6:29:a6,28,1,0,0,-22,S,5c:62:8b:66:67:d2"
1791490387.980,"B,81476,10,5c:62:8b:66:67:d2,0,0,6658,19,-49,A,5c:62:8b:66:67:d2"
1791490387.980,"B,81476,10,46:88:44:6e:4f:e4,6602,17,0,0,-43,S,5c:62:8b:66:67:d2"
1791490387.980,"B,81476,10,72:3b:01:24:b7:c8,28,1,0,0,-18,S,5c:62:8b:66:67:d2"
1791490387.980,"B,81576,10,5c:62:8b:66:67:d2,0,0,1246,10,-49,A,5c:62:8b:66:67:d2"
1791490387.980,"B,81576,10,46:88:44:6e:4f:e4,1078,4,0,0,-41,S,5c:62:8b:66:67:d2"
1791490387.980,"B,81576,10,72:3b:01:24:b7:c8,168,6,0,0,-18,S,5c:62:8b:66:67:d2"
1791490387.980,"B,81676,10,b2:db:ca:e6:29:a6,56,2,0,0,-22,S,5c:62:8b:66:67:d2"
1791490387.980,"B,81676,10,5c:62:8b:66:67:d2,0,0,11238,21,-49,A,5c:62:8b:66:67:d2"
1791490387.980,"B,81676,10,46:88:44:6e:4f:e4,11182,19,0,0,-42,S,5c:62:8b:66:67:d2"
1791490388.180,"M,81710,end"
1791490388.180,"B,81776,10,b2:db:ca:e6:29:a6,84,3,0,0,-21,S,5c:62:8b:66:67:d2"
1791490388.180,"B,81776,10,5c:62:8b:66:67:d2,0,0,3234,12,-51,A,5c:62:8b:66:67:d2"
1791490388.180,"B,81776,10,46:88:44:6e:4f:e4,3150,9,0,0,-43,S,5c:62:8b:66:67:d2"
1791490388.380,"B,81876,10,5c:62:8b:66:67:d2,0,0,7205,17,-49,A,5c:62:8b:66:67:d2"
1791490388.380,"B,81876,10,46:88:44:6e:4f:e4,7121,14,0,0,-42,S,5c:62:8b:66:67:d2"
1791490388.380,"B,81876,10,78:8c:b5:f5:e7:26,80,1,0,0,-85,A,78:8c:b5:f5:e7:26"
1791490388.380,"B,81876,10,72:3b:01:24:b7:c8,84,3,0,0,-18,S,5c:62:8b:66:67:d2"
1791490388.380,"B,81976,10,b2:db:ca:e6:29:a6,28,1,0,0,-21,S,5c:62:8b:66:67:d2"
1791490388.380,"B,81976,10,5c:62:8b:66:67:d2,0,0,7171,19,-49,A,5c:62:8b:66:67:d2"
1791490388.380,"B,81976,10,46:88:44:6e:4f:e4,7003,13,0,0,-43,S,5c:62:8b:66:67:d2"
1791490388.380,"B,81976,10,72:3b:01:24:b7:c8,140,5,0,0,-18,S,5c:62:8b:66:67:d2"
1791490388.380,"B,82076,10,b2:db:ca:e6:29:a6,56,2,0,0,-21,S,5c:62:8b:66:67:d2"
1791490388.380,"B,82076,10,5c:62:8b:66:67:d2,0,0,7059,15,-51,A,5c:62:8b:66:67:d2"
1791490388.580,"B,82076,10,46:88:44:6e:4f:e4,7003,13,0,0,-43,S,5c:62:8b:66:67:d2"
1791490388.580,"B,82176,10,b2:db:ca:e6:29:a6,28,1,0,0,-21,S,5c:62:8b:66:67:d2"
1791490388.580,"B,82176,10,5c:62:8b:66:67:d2,0,0,8193,21,-50,A,5c:62:8b:66:67:d2"
1791490388.580,"B,82176,10,46:88:44:6e:4f:e4,8053,16,0,0,-43,S,5c:62:8b:66:67:d2"
1791490388.580,"B,82176,10,72:3b:01:24:b7:c8,112,4,0,0,-18,S,5c:62:8b:66:67:d2"
1791490388.580,"B,82276,10,b2:db:ca:e6:29:a6,28,1,0,0,-21,S,5c:62:8b:66:67:d2"
1791490388.580,"B,82276,10,5c:62:8b:66:67:d2,0,0,4361,16,-49,A,5c:62:8b:66:67:d2"
1791490388.580,"B,82276,10,46:88:44:6e:4f:e4,4221,11,0,0,-43,S,5c:62:8b:66:67:d2"
1791490388.580,"B,82276,10,78:8c:b5:f5:e7:26,535,4,0,0,-85,A,78:8c:b5:f5:e7:26"
1791490388.580,"B,82276,10,72:3b:01:24:b7:c8,112,4,0,0,-17,S,5c:62:8b:66:67:d2"
1791490388.781,"B,82376,10,b2:db:ca:e6:29:a6,56,2,0,0,-22,S,5c:62:8b:66:67:d2"
1791490388.781,"B,82376,10,5c:62:8b:66:67:d2,0,0,5874,14,-50,A,5c:62:8b:66:67:d2"
1791490388.781,"B,82376,10,46:88:44:6e:4f:e4,5818,12,0,0,-43,S,5c:62:8b:66:67:d2"
1791490388.781,"B,82476,10,b2:db:ca:e6:29:a6,28,1,0,0,-23,S,5c:62:8b:66:67:d2"
1791490388.781,"B,82476,10,5c:62:8b:66:67:d2,0,0,5370,19,-49,A,5c:62:8b:66:67:d2"
1791490388.781,"B,82476,10,46:88:44:6e:4f:e4,5146,11,0,0,-43,S,5c:62:8b:66:67:d2"
1791490388.781,"B,82476,10,72:3b:01:24:b7:c8,196,7,0,0,-18,S,5c:62:8b:66:67:d2"
1791490388.981,"B,82576,10,b2:db:ca:e6:29:a6,56,2,0,0,-21,S,5c:62:8b:66:67:d2"
1791490388.981,"B,82576,10,5c:62:8b:66:67:d2,0,0,4936,15,-49,A,5c:62:8b:66:67:d2"
1791490388.981,"B,82576,10,46:88:44:6e:4f:e4,4852,12,0,0,-43,S,5c:62:8b:66:67:d2"
1791490388.981,"B,82576,10,72:3b:01:24:b7:c8,28,1,0,0,-18,S,5c:62:8b:66:67:d2"
1791490388.981,"B,82676,10,b2:db:ca:e6:29:a6,56,2,0,0,-22,S,5c:62:8b:66:67:d2"
1791490388.981,"B,82676,10,5c:62:8b:66:67:d2,0,0,3605,12,-50,A,5c:62:8b:66:67:d2"
1791490388.981,"B,82676,10,46:88:44:6e:4f:e4,3521,9,0,0,-43,S,5c:62:8b:66:67:d2"
1791490388.981,"B,82676,10,72:3b:01:24:b7:c8,28,1,0,0,-18,S,5c:62:8b:66:67:d2"
1791490389.181,"B,82776,10,b2:db:ca:e6:29:a6,28,1,0,0,-23,S,5c:62:8b:66:67:d2"
1791490389.181,"B,82776,10,5c:62:8b:66:67:d2,3150,9,13075,29,-49,A,5c:62:8b:66:67:d2"
1791490389.181,"B,82776,10,46:88:44:6e:4f:e4,12991,26,0,0,-43,S,5c:62:8b:66:67:d2"
1791490389.181,"B,82776,10,78:8c:b5:f5:e7:26,80,1,0,0,-83,A,78:8c:b5:f5:e7:26"
1791490389.181,"B,82776,10,72:3b:01:24:b7:c8,56,2,3150,9,-17,S,5c:62:8b:66:67:d2"
1791490389.181,"B,82876,10,b2:db:ca:e6:29:a6,56,2,0,0,-21,S,5c:62:8b:66:67:d2"
