host_time_s,line
1791490647.199,"I,75,boot,spyscan-e2-sniffer,v0.1,transport=usb-serial-jtag"
1791490647.199,"A,79,1,50:ff:20:ee:c2:b2,-91,Keenetic-9741"
1791490647.199,"A,169,1,c2:a5:dd:1b:60:3b,-74,MERCURY_603B"
1791490647.404,"A,274,1,c4:16:88:9a:06:5c,-89,Marine_Horse"
1791490647.404,"B,275,1,f4:28:9d:ce:e6:09,56,2,0,0,-87,S,c4:16:88:9a:06:5c"
1791490647.404,"B,275,1,c4:16:88:9a:06:5c,0,0,56,2,-89,A,c4:16:88:9a:06:5c"
1791490647.404,"I,332,reset"
1791490647.404,"I,333,bin,100"
1791490647.404,"I,333,channel,10"
1791490647.404,"A,338,10,5c:62:8b:66:67:d2,-50,TP-Link_67D2"
1791490647.404,"A,362,10,78:8c:b5:f5:e7:26,-80,ITMO"
1791490647.404,"B,375,10,5c:62:8b:66:67:d2,4405,4,6741,10,-51,A,5c:62:8b:66:67:d2"
1791490647.404,"B,375,10,b2:db:ca:e6:29:a6,56,2,0,0,-21,S,5c:62:8b:66:67:d2"
1791490647.404,"B,375,10,46:88:44:6e:4f:e4,6685,8,0,0,-26,S,5c:62:8b:66:67:d2"
1791490647.404,"B,375,10,72:3b:01:24:b7:c8,0,0,4405,4,0,S,5c:62:8b:66:67:d2"
1791490647.404,"A,386,10,b0:a7:b9:23:82:ee,-88,________ __ ________"
1791490647.606,"B,475,10,5c:62:8b:66:67:d2,608,2,2758,18,-51,A,5c:62:8b:66:67:d2"
1791490647.606,"B,475,10,b2:db:ca:e6:29:a6,28,1,0,0,-21,S,5c:62:8b:66:67:d2"
1791490647.606,"B,475,10,46:88:44:6e:4f:e4,2478,8,0,0,-27,S,5c:62:8b:66:67:d2"
1791490647.606,"B,475,10,72:3b:01:24:b7:c8,252,9,608,2,-16,S,5c:62:8b:66:67:d2"
1791490647.606,"B,575,10,5c:62:8b:66:67:d2,6151,9,5563,11,-50,A,5c:62:8b:66:67:d2"
1791490647.606,"B,575,10,b2:db:ca:e6:29:a6,56,2,0,0,-21,S,5c:62:8b:66:67:d2"
1791490647.606,"B,575,10,46:88:44:6e:4f:e4,5479,8,0,0,-26,S,5c:62:8b:66:67:d2"
1791490647.606,"B,575,10,72:3b:01:24:b7:c8,28,1,6151,9,-17,S,5c:62:8b:66:67:d2"
1791490647.606,"A,579,10,cc:d8:43:ca:9f:eb,-82,Xiaomi_DF62"
1791490647.811,"M,638,baseline"
1791490647.811,"B,675,10,5c:62:8b:66:67:d2,5551,7,5607,9,-50,A,5c:62:8b:66:67:d2"
1791490647.811,"B,675,10,b2:db:ca:e6:29:a6,56,2,0,0,-21,S,5c:62:8b:66:67:d2"
1791490647.811,"B,675,10,78:8c:b5:f5:e7:26,0,0,60,2,-80,A,78:8c:b5:f5:e7:26"
1791490647.811,"B,675,10,46:88:44:6e:4f:e4,5551,7,0,0,-26,S,5c:62:8b:66:67:d2"
1791490647.811,"B,675,10,72:3b:01:24:b7:c8,0,0,5551,7,0,S,5c:62:8b:66:67:d2"
1791490647.811,"B,675,10,a6:4c:bd:b6:c7:99,60,2,0,0,-87,S,78:8c:b5:f5:e7:26"
1791490647.811,"B,775,10,5c:62:8b:66:67:d2,350,1,5807,15,-50,A,5c:62:8b:66:67:d2"
1791490647.811,"B,775,10,b2:db:ca:e6:29:a6,56,2,0,0,-22,S,5c:62:8b:66:67:d2"
1791490647.811,"B,775,10,46:88:44:6e:4f:e4,5611,8,0,0,-27,S,5c:62:8b:66:67:d2"
1791490647.811,"B,775,10,72:3b:01:24:b7:c8,140,5,350,1,-16,S,5c:62:8b:66:67:d2"
1791490648.016,"B,875,10,5c:62:8b:66:67:d2,4469,4,5953,11,-50,A,5c:62:8b:66:67:d2"
1791490648.016,"B,875,10,b2:db:ca:e6:29:a6,56,2,0,0,-21,S,5c:62:8b:66:67:d2"
1791490648.016,"B,875,10,46:88:44:6e:4f:e4,5897,9,0,0,-27,S,5c:62:8b:66:67:d2"
1791490648.016,"B,875,10,72:3b:01:24:b7:c8,0,0,4469,4,0,S,5c:62:8b:66:67:d2"
1791490648.016,"B,975,10,5c:62:8b:66:67:d2,700,2,6457,13,-50,A,5c:62:8b:66:67:d2"
1791490648.016,"B,975,10,b2:db:ca:e6:29:a6,84,3,0,0,-21,S,5c:62:8b:66:67:d2"
1791490648.016,"B,975,10,46:88:44:6e:4f:e4,6289,7,0,0,-27,S,5c:62:8b:66:67:d2"
1791490648.016,"B,975,10,72:3b:01:24:b7:c8,84,3,700,2,-16,S,5c:62:8b:66:67:d2"
1791490648.221,"B,1075,10,5c:62:8b:66:67:d2,0,0,3508,13,-48,A,5c:62:8b:66:67:d2"
1791490648.221,"B,1075,10,b2:db:ca:e6:29:a6,28,1,0,0,-21,S,5c:62:8b:66:67:d2"
1791490648.221,"B,1075,10,78:8c:b5:f5:e7:26,0,0,60,2,-77,A,78:8c:b5:f5:e7:26"
1791490648.221,"B,1075,10,46:88:44:6e:4f:e4,3340,7,0,0,-26,S,5c:62:8b:66:67:d2"
1791490648.221,"B,1075,10,72:3b:01:24:b7:c8,140,5,0,0,-16,S,5c:62:8b:66:67:d2"
1791490648.221,"B,1075,10,a6:4c:bd:b6:c7:99,60,2,0,0,-85,S,78:8c:b5:f5:e7:26"
1791490648.221,"B,1175,10,5c:62:8b:66:67:d2,11518,16,5607,9,-50,A,5c:62:8b:66:67:d2"
1791490648.221,"B,1175,10,b2:db:ca:e6:29:a6,56,2,0,0,-22,S,5c:62:8b:66:67:d2"
1791490648.221,"B,1175,10,78:8c:b5:f5:e7:26,0,0,30,1,0,A,78:8c:b5:f5:e7:26"
1791490648.221,"B,1175,10,46:88:44:6e:4f:e4,5551,7,0,0,-25,S,5c:62:8b:66:67:d2"
1791490648.221,"B,1175,10,72:3b:01:24:b7:c8,0,0,11518,16,0,S,5c:62:8b:66:67:d2"
1791490648.221,"B,1175,10,a6:4c:bd:b6:c7:99,30,1,0,0,-87,S,78:8c:b5:f5:e7:26"
1791490648.424,"B,1275,10,5c:62:8b:66:67:d2,4783,5,5651,13,-50,A,5c:62:8b:66:67:d2"
1791490648.424,"B,1275,10,b2:db:ca:e6:29:a6,28,1,0,0,-21,S,5c:62:8b:66:67:d2"
1791490648.424,"B,1275,10,78:8c:b5:f5:e7:26,0,0,60,2,-75,A,78:8c:b5:f5:e7:26"
1791490648.424,"B,1275,10,46:88:44:6e:4f:e4,5511,8,0,0,-25,S,5c:62:8b:66:67:d2"
1791490648.424,"B,1275,10,72:3b:01:24:b7:c8,112,4,4783,5,-17,S,5c:62:8b:66:67:d2"
1791490648.424,"B,1275,10,a6:4c:bd:b6:c7:99,60,2,0,0,-87,S,78:8c:b5:f5:e7:26"
1791490648.424,"B,1375,10,5c:62:8b:66:67:d2,0,0,5703,16,-48,A,5c:62:8b:66:67:d2"
1791490648.424,"B,1375,10,b2:db:ca:e6:29:a6,56,2,0,0,-21,S,5c:62:8b:66:67:d2"
1791490648.424,"B,1375,10,78:8c:b5:f5:e7:26,0,0,60,2,0,A,78:8c:b5:f5:e7:26"
1791490648.424,"B,1375,10,46:88:44:6e:4f:e4,5479,8,0,0,-24,S,5c:62:8b:66:67:d2"
1791490648.424,"B,1375,10,72:3b:01:24:b7:c8,168,6,0,0,-17,S,5c:62:8b:66:67:d2"
1791490648.424,"B,1375,10,a6:4c:bd:b6:c7:99,60,2,0,0,-89,S,78:8c:b5:f5:e7:26"
1791490648.630,"B,1475,10,5c:62:8b:66:67:d2,10608,13,5563,9,-51,A,5c:62:8b:66:67:d2"
1791490648.630,"B,1475,10,b2:db:ca:e6:29:a6,28,1,0,0,-21,S,5c:62:8b:66:67:d2"
1791490648.630,"B,1475,10,46:88:44:6e:4f:e4,5535,8,0,0,-26,S,5c:62:8b:66:67:d2"
1791490648.630,"B,1475,10,72:3b:01:24:b7:c8,0,0,10608,13,0,S,5c:62:8b:66:67:d2"
1791490648.630,"B,1575,10,5c:62:8b:66:67:d2,5105,6,6316,13,-49,A,5c:62:8b:66:67:d2"
1791490648.630,"B,1575,10,b2:db:ca:e6:29:a6,28,1,0,0,-23,S,5c:62:8b:66:67:d2"
1791490648.630,"B,1575,10,46:88:44:6e:4f:e4,6176,8,0,0,-26,S,5c:62:8b:66:67:d2"
1791490648.630,"B,1575,10,72:3b:01:24:b7:c8,112,4,5105,6,-17,S,5c:62:8b:66:67:d2"
1791490648.834,"B,1675,10,5c:62:8b:66:67:d2,1372,4,1512,9,-49,A,5c:62:8b:66:67:d2"
1791490648.834,"B,1675,10,b2:db:ca:e6:29:a6,28,1,0,0,-23,S,5c:62:8b:66:67:d2"
1791490648.834,"B,1675,10,46:88:44:6e:4f:e4,1372,4,0,0,-27,S,5c:62:8b:66:67:d2"
1791490648.834,"B,1675,10,72:3b:01:24:b7:c8,112,4,1372,4,-18,S,5c:62:8b:66:67:d2"
1791490648.834,"B,1775,10,5c:62:8b:66:67:d2,5069,6,6581,14,-49,A,5c:62:8b:66:67:d2"
1791490648.834,"B,1775,10,b2:db:ca:e6:29:a6,56,2,0,0,-22,S,5c:62:8b:66:67:d2"
1791490648.834,"B,1775,10,46:88:44:6e:4f:e4,6497,11,0,0,-27,S,5c:62:8b:66:67:d2"
1791490648.834,"B,1775,10,72:3b:01:24:b7:c8,28,1,5069,6,-17,S,5c:62:8b:66:67:d2"
1791490649.039,"B,1875,10,5c:62:8b:66:67:d2,5447,7,5651,14,-48,A,5c:62:8b:66:67:d2"
1791490649.039,"B,1875,10,b2:db:ca:e6:29:a6,84,3,0,0,-21,S,5c:62:8b:66:67:d2"
1791490649.039,"B,1875,10,78:8c:b5:f5:e7:26,0,0,30,1,-76,A,78:8c:b5:f5:e7:26"
1791490649.039,"B,1875,10,46:88:44:6e:4f:e4,5483,8,0,0,-26,S,5c:62:8b:66:67:d2"
1791490649.039,"B,1875,10,72:3b:01:24:b7:c8,84,3,5447,7,-17,S,5c:62:8b:66:67:d2"
1791490649.039,"B,1875,10,a6:4c:bd:b6:c7:99,30,1,0,0,-91,S,78:8c:b5:f5:e7:26"
1791490649.039,"B,1975,10,5c:62:8b:66:67:d2,5471,7,5639,13,-48,A,5c:62:8b:66:67:d2"
1791490649.039,"B,1975,10,b2:db:ca:e6:29:a6,28,1,0,0,-21,S,5c:62:8b:66:67:d2"
1791490649.039,"B,1975,10,46:88:44:6e:4f:e4,5499,8,0,0,-27,S,5c:62:8b:66:67:d2"
1791490649.039,"B,1975,10,72:3b:01:24:b7:c8,112,4,5471,7,-17,S,5c:62:8b:66:67:d2"
1791490649.244,"B,2075,10,5c:62:8b:66:67:d2,5447,7,6399,18,-49,A,5c:62:8b:66:67:d2"
1791490649.244,"B,2075,10,b2:db:ca:e6:29:a6,56,2,0,0,-21,S,5c:62:8b:66:67:d2"
1791490649.244,"B,2075,10,46:88:44:6e:4f:e4,6175,10,0,0,-26,S,5c:62:8b:66:67:d2"
1791490649.244,"B,2075,10,72:3b:01:24:b7:c8,168,6,5447,7,-17,S,5c:62:8b:66:67:d2"
1791490649.244,"B,2175,10,5c:62:8b:66:67:d2,1050,3,1246,10,-47,A,5c:62:8b:66:67:d2"
1791490649.244,"B,2175,10,b2:db:ca:e6:29:a6,56,2,0,0,-21,S,5c:62:8b:66:67:d2"
1791490649.244,"B,2175,10,78:8c:b5:f5:e7:26,80,1,0,0,-79,A,78:8c:b5:f5:e7:26"
1791490649.244,"B,2175,10,46:88:44:6e:4f:e4,1078,4,0,0,-27,S,5c:62:8b:66:67:d2"
1791490649.244,"B,2175,10,72:3b:01:24:b7:c8,112,4,1050,3,-17,S,5c:62:8b:66:67:d2"
1791490649.444,"B,2275,10,5c:62:8b:66:67:d2,4809,6,7489,16,-48,A,5c:62:8b:66:67:d2"
1791490649.444,"B,2275,10,b2:db:ca:e6:29:a6,28,1,0,0,-22,S,5c:62:8b:66:67:d2"
1791490649.444,"B,2275,10,46:88:44:6e:4f:e4,7349,11,138,1,-27,S,5c:62:8b:66:67:d2"
1791490649.444,"B,2275,10,72:3b:01:24:b7:c8,112,4,4671,5,-17,S,5c:62:8b:66:67:d2"
1791490649.444,"B,2375,10,5c:62:8b:66:67:d2,350,1,5503,14,-49,A,5c:62:8b:66:67:d2"
1791490649.444,"B,2375,10,b2:db:ca:e6:29:a6,84,3,0,0,-21,S,5c:62:8b:66:67:d2"
1791490649.444,"B,2375,10,46:88:44:6e:4f:e4,5307,7,0,0,-26,S,5c:62:8b:66:67:d2"
1791490649.444,"B,2375,10,72:3b:01:24:b7:c8,112,4,350,1,-17,S,5c:62:8b:66:67:d2"
1791490649.444,"A,2407,10,82:af:ca:28:4c:f8,-87,"
1791490649.645,"B,2475,10,5c:62:8b:66:67:d2,5645,7,5777,10,-51,A,5c:62:8b:66:67:d2"
1791490649.645,"B,2475,10,b2:db:ca:e6:29:a6,28,1,0,0,-23,S,5c:62:8b:66:67:d2"
1791490649.645,"B,2475,10,46:88:44:6e:4f:e4,5749,9,0,0,-25,S,5c:62:8b:66:67:d2"
1791490649.645,"B,2475,10,72:3b:01:24:b7:c8,0,0,5645,7,0,S,5c:62:8b:66:67:d2"
1791490649.645,"B,2575,10,5c:62:8b:66:67:d2,5077,6,8522,17,-52,A,5c:62:8b:66:67:d2"
1791490649.645,"B,2575,10,b2:db:ca:e6:29:a6,56,2,0,0,-20,S,5c:62:8b:66:67:d2"
1791490649.645,"B,2575,10,46:88:44:6e:4f:e4,8354,11,0,0,-25,S,5c:62:8b:66:67:d2"
1791490649.645,"B,2575,10,72:3b:01:24:b7:c8,112,4,5077,6,-16,S,5c:62:8b:66:67:d2"
1791490649.645,"B,2675,10,5c:62:8b:66:67:d2,5327,7,7407,17,-53,A,5c:62:8b:66:67:d2"
1791490649.645,"B,2675,10,b2:db:ca:e6:29:a6,56,2,0,0,-22,S,5c:62:8b:66:67:d2"
1791490649.845,"B,2675,10,46:88:44:6e:4f:e4,7239,11,0,0,-25,S,5c:62:8b:66:67:d2"
1791490649.845,"B,2675,10,72:3b:01:24:b7:c8,112,4,5327,7,-16,S,5c:62:8b:66:67:d2"
1791490649.845,"B,2775,10,5c:62:8b:66:67:d2,700,2,7661,11,-52,A,5c:62:8b:66:67:d2"
1791490649.845,"B,2775,10,46:88:44:6e:4f:e4,7661,11,0,0,-24,S,5c:62:8b:66:67:d2"
1791490649.845,"B,2775,10,72:3b:01:24:b7:c8,0,0,700,2,0,S,5c:62:8b:66:67:d2"
1791490649.845,"B,2875,10,5c:62:8b:66:67:d2,0,0,5651,14,-52,A,5c:62:8b:66:67:d2"
1791490649.845,"B,2875,10,b2:db:ca:e6:29:a6,56,2,0,0,-21,S,5c:62:8b:66:67:d2"
1791490650.045,"B,2875,10,46:88:44:6e:4f:e4,5483,8,0,0,-24,S,5c:62:8b:66:67:d2"
1791490650.045,"B,2875,10,72:3b:01:24:b7:c8,112,4,0,0,-17,S,5c:62:8b:66:67:d2"
1791490650.045,"B,2975,10,5c:62:8b:66:67:d2,0,0,2352,10,-52,A,5c:62:8b:66:67:d2"
1791490650.045,"B,2975,10,b2:db:ca:e6:29:a6,28,1,0,0,-22,S,5c:62:8b:66:67:d2"
1791490650.045,"B,2975,10,46:88:44:6e:4f:e4,2240,6,0,0,-26,S,5c:62:8b:66:67:d2"
1791490650.045,"B,2975,10,72:3b:01:24:b7:c8,84,3,0,0,-17,S,5c:62:8b:66:67:d2"
1791490650.245,"B,3075,10,5c:62:8b:66:67:d2,10125,14,4957,9,-52,A,5c:62:8b:66:67:d2"
1791490650.245,"B,3075,10,b2:db:ca:e6:29:a6,56,2,0,0,-22,S,5c:62:8b:66:67:d2"
1791490650.245,"B,3075,10,46:88:44:6e:4f:e4,4901,7,0,0,-26,S,5c:62:8b:66:67:d2"
1791490650.245,"B,3075,10,72:3b:01:24:b7:c8,0,0,10125,14,0,S,5c:62:8b:66:67:d2"
1791490650.245,"B,3175,10,5c:62:8b:66:67:d2,350,1,10903,22,-53,A,5c:62:8b:66:67:d2"
1791490650.245,"B,3175,10,b2:db:ca:e6:29:a6,56,2,0,0,-21,S,5c:62:8b:66:67:d2"
1791490650.245,"B,3175,10,78:8c:b5:f5:e7:26,626,2,0,0,-76,A,78:8c:b5:f5:e7:26"
1791490650.245,"B,3175,10,46:88:44:6e:4f:e4,10707,15,0,0,-26,S,5c:62:8b:66:67:d2"
1791490650.245,"B,3175,10,72:3b:01:24:b7:c8,140,5,350,1,-18,S,5c:62:8b:66:67:d2"
1791490650.245,"B,3175,10,80:af:ca:68:4c:f8,549,1,0,0,-85,A,80:af:ca:68:4c:f8"
1791490650.245,"B,3275,10,5c:62:8b:66:67:d2,0,0,6031,14,-56,A,5c:62:8b:66:67:d2"
1791490650.245,"B,3275,10,b2:db:ca:e6:29:a6,56,2,0,0,-22,S,5c:62:8b:66:67:d2"
1791490650.445,"B,3275,10,46:88:44:6e:4f:e4,5919,10,0,0,-27,S,5c:62:8b:66:67:d2"
1791490650.445,"B,3275,10,72:3b:01:24:b7:c8,56,2,0,0,-17,S,5c:62:8b:66:67:d2"
1791490650.445,"B,3375,10,5c:62:8b:66:67:d2,4459,5,4893,9,-54,A,5c:62:8b:66:67:d2"
1791490650.445,"B,3375,10,b2:db:ca:e6:29:a6,56,2,0,0,-21,S,5c:62:8b:66:67:d2"
1791490650.445,"B,3375,10,46:88:44:6e:4f:e4,4809,6,0,0,-27,S,5c:62:8b:66:67:d2"
1791490650.445,"B,3375,10,72:3b:01:24:b7:c8,28,1,4459,5,-18,S,5c:62:8b:66:67:d2"
1791490650.445,"B,3475,10,5c:62:8b:66:67:d2,0,0,5803,18,-53,A,5c:62:8b:66:67:d2"
1791490650.445,"B,3475,10,b2:db:ca:e6:29:a6,28,1,0,0,-21,S,5c:62:8b:66:67:d2"
1791490650.445,"B,3475,10,46:88:44:6e:4f:e4,5607,11,0,0,-27,S,5c:62:8b:66:67:d2"
1791490650.647,"B,3475,10,72:3b:01:24:b7:c8,168,6,0,0,-17,S,5c:62:8b:66:67:d2"
1791490650.647,"B,3475,10,80:af:ca:68:4c:f8,494,1,0,0,-84,A,80:af:ca:68:4c:f8"
1791490650.647,"B,3575,10,5c:62:8b:66:67:d2,5469,8,9862,14,-54,A,5c:62:8b:66:67:d2"
1791490650.647,"B,3575,10,b2:db:ca:e6:29:a6,84,3,0,0,-22,S,5c:62:8b:66:67:d2"
1791490650.647,"B,3575,10,46:88:44:6e:4f:e4,9778,11,0,0,-27,S,5c:62:8b:66:67:d2"
1791490650.647,"B,3575,10,72:3b:01:24:b7:c8,0,0,5469,8,0,S,5c:62:8b:66:67:d2"
1791490650.847,"B,3675,10,5c:62:8b:66:67:d2,4145,4,5335,12,-54,A,5c:62:8b:66:67:d2"
1791490650.847,"B,3675,10,b2:db:ca:e6:29:a6,56,2,0,0,-21,S,5c:62:8b:66:67:d2"
1791490650.847,"B,3675,10,46:88:44:6e:4f:e4,5223,8,0,0,-27,S,5c:62:8b:66:67:d2"
1791490650.847,"B,3675,10,72:3b:01:24:b7:c8,56,2,4145,4,-17,S,5c:62:8b:66:67:d2"
1791490650.847,"B,3775,10,5c:62:8b:66:67:d2,1050,3,7735,22,-50,A,5c:62:8b:66:67:d2"
1791490650.847,"B,3775,10,b2:db:ca:e6:29:a6,56,2,0,0,-20,S,5c:62:8b:66:67:d2"
1791490650.847,"B,3775,10,46:88:44:6e:4f:e4,7455,12,0,0,-27,S,5c:62:8b:66:67:d2"
1791490650.847,"B,3775,10,72:3b:01:24:b7:c8,224,8,1050,3,-17,S,5c:62:8b:66:67:d2"
1791490650.847,"B,3875,10,5c:62:8b:66:67:d2,4133,4,10015,13,-50,A,5c:62:8b:66:67:d2"
1791490651.047,"B,3875,10,b2:db:ca:e6:29:a6,28,1,0,0,-21,S,5c:62:8b:66:67:d2"
1791490651.047,"B,3875,10,46:88:44:6e:4f:e4,9959,11,0,0,-27,S,5c:62:8b:66:67:d2"
1791490651.047,"B,3875,10,72:3b:01:24:b7:c8,28,1,4133,4,-17,S,5c:62:8b:66:67:d2"
1791490651.047,"B,3975,10,5c:62:8b:66:67:d2,3339,5,3423,8,-51,A,5c:62:8b:66:67:d2"
1791490651.047,"B,3975,10,b2:db:ca:e6:29:a6,56,2,0,0,-20,S,5c:62:8b:66:67:d2"
1791490651.047,"B,3975,10,46:88:44:6e:4f:e4,3367,6,0,0,-26,S,5c:62:8b:66:67:d2"
1791490651.047,"B,3975,10,72:3b:01:24:b7:c8,0,0,3339,5,0,S,5c:62:8b:66:67:d2"
1791490651.047,"B,4075,10,5c:62:8b:66:67:d2,0,0,2086,17,-48,A,5c:62:8b:66:67:d2"
1791490651.047,"B,4075,10,b2:db:ca:e6:29:a6,84,3,0,0,-21,S,5c:62:8b:66:67:d2"
1791490651.047,"B,4075,10,46:88:44:6e:4f:e4,1778,6,0,0,-25,S,5c:62:8b:66:67:d2"
1791490651.047,"B,4075,10,72:3b:01:24:b7:c8,224,8,0,0,-17,S,5c:62:8b:66:67:d2"
1791490651.247,"B,4175,10,5c:62:8b:66:67:d2,5891,9,5709,14,-50,A,5c:62:8b:66:67:d2"
1791490651.247,"B,4175,10,b2:db:ca:e6:29:a6,28,1,0,0,-23,S,5c:62:8b:66:67:d2"
1791490651.247,"B,4175,10,78:8c:b5:f5:e7:26,80,1,0,0,-75,A,78:8c:b5:f5:e7:26"
1791490651.247,"B,4175,10,46:88:44:6e:4f:e4,5541,8,0,0,-26,S,5c:62:8b:66:67:d2"
1791490651.247,"B,4175,10,72:3b:01:24:b7:c8,140,5,5891,9,-16,S,5c:62:8b:66:67:d2"
1791490651.247,"B,4275,10,5c:62:8b:66:67:d2,4483,5,4973,11,-50,A,5c:62:8b:66:67:d2"
1791490651.448,"B,4275,10,b2:db:ca:e6:29:a6,56,2,0,0,-21,S,5c:62:8b:66:67:d2"
1791490651.448,"B,4275,10,46:88:44:6e:4f:e4,4861,7,0,0,-25,S,5c:62:8b:66:67:d2"
1791490651.448,"B,4275,10,72:3b:01:24:b7:c8,56,2,4483,5,-17,S,5c:62:8b:66:67:d2"
1791490651.448,"B,4375,10,5c:62:8b:66:67:d2,0,0,5017,14,-48,A,5c:62:8b:66:67:d2"
1791490651.448,"B,4375,10,b2:db:ca:e6:29:a6,56,2,0,0,-21,S,5c:62:8b:66:67:d2"
1791490651.448,"B,4375,10,46:88:44:6e:4f:e4,4821,7,0,0,-26,S,5c:62:8b:66:67:d2"
1791490651.448,"B,4375,10,72:3b:01:24:b7:c8,140,5,0,0,-17,S,5c:62:8b:66:67:d2"
1791490651.448,"B,4475,10,5c:62:8b:66:67:d2,9562,12,6079,12,-49,A,5c:62:8b:66:67:d2"
1791490651.448,"B,4475,10,b2:db:ca:e6:29:a6,84,3,0,0,-21,S,5c:62:8b:66:67:d2"
1791490651.448,"B,4475,10,46:88:44:6e:4f:e4,5967,8,0,0,-27,S,5c:62:8b:66:67:d2"
1791490651.448,"B,4475,10,72:3b:01:24:b7:c8,28,1,9562,12,-17,S,5c:62:8b:66:67:d2"
1791490651.649,"B,4575,10,5c:62:8b:66:67:d2,700,2,10356,20,-50,A,5c:62:8b:66:67:d2"
1791490651.649,"B,4575,10,b2:db:ca:e6:29:a6,28,1,0,0,-23,S,5c:62:8b:66:67:d2"
1791490651.649,"B,4575,10,46:88:44:6e:4f:e4,10160,13,0,0,-26,S,5c:62:8b:66:67:d2"
1791490651.649,"B,4575,10,72:3b:01:24:b7:c8,168,6,700,2,-17,S,5c:62:8b:66:67:d2"
1791490651.649,"B,4675,10,5c:62:8b:66:67:d2,5151,7,1624,12,-50,A,5c:62:8b:66:67:d2"
1791490651.649,"B,4675,10,b2:db:ca:e6:29:a6,56,2,0,0,-21,S,5c:62:8b:66:67:d2"
1791490651.649,"B,4675,10,46:88:44:6e:4f:e4,1400,4,0,0,-27,S,5c:62:8b:66:67:d2"
1791490651.649,"B,4675,10,72:3b:01:24:b7:c8,168,6,5151,7,-18,S,5c:62:8b:66:67:d2"
1791490651.850,"B,4775,10,5c:62:8b:66:67:d2,5155,7,7901,11,-49,A,5c:62:8b:66:67:d2"
1791490651.850,"B,4775,10,b2:db:ca:e6:29:a6,56,2,0,0,-22,S,5c:62:8b:66:67:d2"
1791490651.850,"B,4775,10,46:88:44:6e:4f:e4,7845,9,0,0,-27,S,5c:62:8b:66:67:d2"
1791490651.850,"B,4775,10,72:3b:01:24:b7:c8,0,0,5155,7,0,S,5c:62:8b:66:67:d2"
1791490651.850,"B,4875,10,5c:62:8b:66:67:d2,350,1,6040,12,-47,A,5c:62:8b:66:67:d2"
1791490651.850,"B,4875,10,46:88:44:6e:4f:e4,5928,8,0,0,-27,S,5c:62:8b:66:67:d2"
1791490651.850,"B,4875,10,72:3b:01:24:b7:c8,112,4,350,1,-17,S,5c:62:8b:66:67:d2"
1791490652.050,"B,4975,10,5c:62:8b:66:67:d2,5151,7,11145,20,-49,A,5c:62:8b:66:67:d2"
1791490652.050,"B,4975,10,b2:db:ca:e6:29:a6,56,2,0,0,-21,S,5c:62:8b:66:67:d2"
1791490652.050,"B,4975,10,46:88:44:6e:4f:e4,10977,14,0,0,-27,S,5c:62:8b:66:67:d2"
1791490652.050,"B,4975,10,72:3b:01:24:b7:c8,112,4,5151,7,-17,S,5c:62:8b:66:67:d2"
1791490652.050,"A,5029,10,8a:ce:16:78:6f:dc,-94,wizzwtf"
1791490652.050,"B,5075,10,5c:62:8b:66:67:d2,3757,6,4569,12,-49,A,5c:62:8b:66:67:d2"
1791490652.050,"B,5075,10,b2:db:ca:e6:29:a6,28,1,0,0,-23,S,5c:62:8b:66:67:d2"
1791490652.050,"B,5075,10,46:88:44:6e:4f:e4,4541,11,0,0,-27,S,5c:62:8b:66:67:d2"
1791490652.050,"B,5075,10,72:3b:01:24:b7:c8,0,0,3757,6,0,S,5c:62:8b:66:67:d2"
1791490652.050,"I,5076,stat,rx=1076,drops=0,ch=10,bin=100,hop=0,heap=203064"
1791490652.250,"B,5175,10,5c:62:8b:66:67:d2,2675,5,4929,13,-49,A,5c:62:8b:66:67:d2"
1791490652.250,"B,5175,10,b2:db:ca:e6:29:a6,56,2,0,0,-21,S,5c:62:8b:66:67:d2"
1791490652.250,"B,5175,10,46:88:44:6e:4f:e4,4761,7,0,0,-27,S,5c:62:8b:66:67:d2"
1791490652.250,"B,5175,10,72:3b:01:24:b7:c8,112,4,2675,5,-17,S,5c:62:8b:66:67:d2"
1791490652.250,"B,5275,10,5c:62:8b:66:67:d2,0,0,1190,8,-47,A,5c:62:8b:66:67:d2"
1791490652.250,"B,5275,10,b2:db:ca:e6:29:a6,28,1,0,0,-22,S,5c:62:8b:66:67:d2"
1791490652.250,"B,5275,10,46:88:44:6e:4f:e4,1078,4,0,0,-27,S,5c:62:8b:66:67:d2"
1791490652.250,"B,5275,10,72:3b:01:24:b7:c8,84,3,0,0,-16,S,5c:62:8b:66:67:d2"
1791490652.451,"B,5375,10,5c:62:8b:66:67:d2,0,0,2843,11,-47,A,5c:62:8b:66:67:d2"
1791490652.451,"B,5375,10,b2:db:ca:e6:29:a6,28,1,0,0,-21,S,5c:62:8b:66:67:d2"
1791490652.451,"B,5375,10,46:88:44:6e:4f:e4,2703,6,0,0,-26,S,5c:62:8b:66:67:d2"
1791490652.451,"B,5375,10,72:3b:01:24:b7:c8,112,4,0,0,-17,S,5c:62:8b:66:67:d2"
1791490652.451,"B,5475,10,5c:62:8b:66:67:d2,3025,6,2815,10,-49,A,5c:62:8b:66:67:d2"
1791490652.451,"B,5475,10,b2:db:ca:e6:29:a6,28,1,0,0,-23,S,5c:62:8b:66:67:d2"
1791490652.451,"B,5475,10,46:88:44:6e:4f:e4,2703,6,0,0,-26,S,5c:62:8b:66:67:d2"
1791490652.451,"B,5475,10,72:3b:01:24:b7:c8,84,3,3025,6,-17,S,5c:62:8b:66:67:d2"
1791490652.652,"B,5575,10,5c:62:8b:66:67:d2,2675,5,6121,16,-50,A,5c:62:8b:66:67:d2"
1791490652.652,"B,5575,10,b2:db:ca:e6:29:a6,56,2,0,0,-21,S,5c:62:8b:66:67:d2"
1791490652.652,"B,5575,10,46:88:44:6e:4f:e4,5925,9,0,0,-27,S,5c:62:8b:66:67:d2"
1791490652.652,"B,5575,10,72:3b:01:24:b7:c8,140,5,2675,5,-16,S,5c:62:8b:66:67:d2"
1791490652.652,"B,5675,10,5c:62:8b:66:67:d2,2675,5,3571,14,-50,A,5c:62:8b:66:67:d2"
1791490652.652,"B,5675,10,b2:db:ca:e6:29:a6,56,2,0,0,-21,S,5c:62:8b:66:67:d2"
1791490652.652,"B,5675,10,46:88:44:6e:4f:e4,3403,8,0,0,-26,S,5c:62:8b:66:67:d2"
1791490652.652,"B,5675,10,72:3b:01:24:b7:c8,112,4,2675,5,-17,S,5c:62:8b:66:67:d2"
1791490652.652,"B,5675,10,80:af:ca:68:4c:f8,246,1,0,0,-80,A,80:af:ca:68:4c:f8"
1791490652.853,"B,5775,10,5c:62:8b:66:67:d2,700,2,3830,10,-49,A,5c:62:8b:66:67:d2"
1791490652.853,"B,5775,10,b2:db:ca:e6:29:a6,84,3,0,0,-21,S,5c:62:8b:66:67:d2"
1791490652.853,"B,5775,10,46:88:44:6e:4f:e4,3746,7,0,0,-27,S,5c:62:8b:66:67:d2"
1791490652.853,"B,5775,10,72:3b:01:24:b7:c8,0,0,700,2,0,S,5c:62:8b:66:67:d2"
1791490652.853,"B,5875,10,5c:62:8b:66:67:d2,0,0,1358,14,-48,A,5c:62:8b:66:67:d2"
1791490652.853,"B,5875,10,b2:db:ca:e6:29:a6,56,2,0,0,-22,S,5c:62:8b:66:67:d2"
1791490652.853,"B,5875,10,46:88:44:6e:4f:e4,1078,4,0,0,-27,S,5c:62:8b:66:67:d2"
1791490652.853,"B,5875,10,72:3b:01:24:b7:c8,224,8,0,0,-16,S,5c:62:8b:66:67:d2"
1791490653.054,"B,5975,10,5c:62:8b:66:67:d2,3725,8,2899,13,-50,A,5c:62:8b:66:67:d2"
1791490653.054,"B,5975,10,b2:db:ca:e6:29:a6,56,2,0,0,-22,S,5c:62:8b:66:67:d2"
1791490653.054,"B,5975,10,46:88:44:6e:4f:e4,2703,6,0,0,-27,S,5c:62:8b:66:67:d2"
1791490653.054,"B,5975,10,72:3b:01:24:b7:c8,140,5,3725,8,-16,S,5c:62:8b:66:67:d2"
1791490653.054,"B,5975,10,80:af:ca:68:4c:f8,104,1,0,0,-80,A,80:af:ca:68:4c:f8"
1791490653.054,"B,6075,10,5c:62:8b:66:67:d2,3718,6,2759,8,-49,A,5c:62:8b:66:67:d2"
1791490653.054,"B,6075,10,b2:db:ca:e6:29:a6,84,3,0,0,-21,S,5c:62:8b:66:67:d2"
1791490653.054,"B,6075,10,46:88:44:6e:4f:e4,2675,5,0,0,-27,S,5c:62:8b:66:67:d2"
1791490653.054,"B,6075,10,72:3b:01:24:b7:c8,0,0,3718,6,0,S,5c:62:8b:66:67:d2"
1791490653.255,"B,6175,10,5c:62:8b:66:67:d2,0,0,3543,13,-48,A,5c:62:8b:66:67:d2"
1791490653.255,"B,6175,10,b2:db:ca:e6:29:a6,56,2,0,0,-21,S,5c:62:8b:66:67:d2"
1791490653.255,"B,6175,10,78:8c:b5:f5:e7:26,0,0,30,1,-75,A,78:8c:b5:f5:e7:26"
1791490653.255,"B,6175,10,46:88:44:6e:4f:e4,3403,8,0,0,-27,S,5c:62:8b:66:67:d2"
1791490653.255,"B,6175,10,72:3b:01:24:b7:c8,84,3,0,0,-17,S,5c:62:8b:66:67:d2"
1791490653.255,"B,6175,10,a6:4c:bd:b6:c7:99,30,1,0,0,-91,S,78:8c:b5:f5:e7:26"
1791490653.255,"A,6192,10,80:af:ca:68:4c:f8,-79,Cudy-4CF8"
1791490653.255,"B,6275,10,5c:62:8b:66:67:d2,2675,5,2899,13,-49,A,5c:62:8b:66:67:d2"
1791490653.255,"B,6275,10,b2:db:ca:e6:29:a6,28,1,0,0,-23,S,5c:62:8b:66:67:d2"
1791490653.255,"B,6275,10,78:8c:b5:f5:e7:26,0,0,30,1,-74,A,78:8c:b5:f5:e7:26"
1791490653.255,"B,6275,10,46:88:44:6e:4f:e4,2703,6,0,0,-27,S,5c:62:8b:66:67:d2"
1791490653.255,"B,6275,10,72:3b:01:24:b7:c8,168,6,2675,5,-16,S,5c:62:8b:66:67:d2"
1791490653.255,"B,6275,10,a6:4c:bd:b6:c7:99,30,1,0,0,-88,S,78:8c:b5:f5:e7:26"
1791490653.457,"B,6375,10,5c:62:8b:66:67:d2,1975,3,2703,6,-51,A,5c:62:8b:66:67:d2"
1791490653.457,"B,6375,10,46:88:44:6e:4f:e4,2703,6,0,0,-27,S,5c:62:8b:66:67:d2"
1791490653.457,"B,6375,10,72:3b:01:24:b7:c8,0,0,1975,3,0,S,5c:62:8b:66:67:d2"
1791490653.457,"B,6475,10,5c:62:8b:66:67:d2,350,1,1246,10,-49,A,5c:62:8b:66:67:d2"
1791490653.457,"B,6475,10,46:88:44:6e:4f:e4,1078,4,0,0,-27,S,5c:62:8b:66:67:d2"
1791490653.457,"B,6475,10,72:3b:01:24:b7:c8,168,6,350,1,-17,S,5c:62:8b:66:67:d2"
1791490653.658,"B,6575,10,5c:62:8b:66:67:d2,3831,11,2703,6,-50,A,5c:62:8b:66:67:d2"
1791490653.658,"B,6575,10,46:88:44:6e:4f:e4,2675,5,0,0,-27,S,5c:62:8b:66:67:d2"
1791490653.658,"B,6575,10,72:3b:01:24:b7:c8,28,1,3831,11,-16,S,5c:62:8b:66:67:d2"
1791490653.658,"B,6675,10,5c:62:8b:66:67:d2,3025,6,5202,13,-50,A,5c:62:8b:66:67:d2"
1791490653.658,"B,6675,10,b2:db:ca:e6:29:a6,56,2,0,0,-22,S,5c:62:8b:66:67:d2"
1791490653.658,"B,6675,10,78:8c:b5:f5:e7:26,0,0,30,1,-74,A,78:8c:b5:f5:e7:26"
1791490653.658,"B,6675,10,46:88:44:6e:4f:e4,5146,11,0,0,-27,S,5c:62:8b:66:67:d2"
1791490653.658,"B,6675,10,72:3b:01:24:b7:c8,0,0,3025,6,0,S,5c:62:8b:66:67:d2"
1791490653.658,"B,6675,10,a6:4c:bd:b6:c7:99,30,1,0,0,-89,S,78:8c:b5:f5:e7:26"
1791490653.862,"B,6775,10,5c:62:8b:66:67:d2,0,0,2871,12,-48,A,5c:62:8b:66:67:d2"
1791490653.862,"B,6775,10,b2:db:ca:e6:29:a6,28,1,0,0,-22,S,5c:62:8b:66:67:d2"
1791490653.862,"B,6775,10,46:88:44:6e:4f:e4,2703,6,0,0,-26,S,5c:62:8b:66:67:d2"
1791490653.862,"B,6775,10,72:3b:01:24:b7:c8,140,5,0,0,-16,S,5c:62:8b:66:67:d2"
1791490653.862,"B,6875,10,5c:62:8b:66:67:d2,1975,3,2787,9,-50,A,5c:62:8b:66:67:d2"
1791490653.862,"B,6875,10,b2:db:ca:e6:29:a6,56,2,0,0,-21,S,5c:62:8b:66:67:d2"
1791490653.862,"B,6875,10,46:88:44:6e:4f:e4,2703,6,0,0,-26,S,5c:62:8b:66:67:d2"
1791490653.862,"B,6875,10,72:3b:01:24:b7:c8,28,1,1975,3,-16,S,5c:62:8b:66:67:d2"
1791490654.065,"B,6975,10,5c:62:8b:66:67:d2,2675,5,2759,8,-50,A,5c:62:8b:66:67:d2"
1791490654.065,"B,6975,10,b2:db:ca:e6:29:a6,56,2,0,0,-22,S,5c:62:8b:66:67:d2"
1791490654.065,"B,6975,10,46:88:44:6e:4f:e4,2703,6,0,0,-26,S,5c:62:8b:66:67:d2"
1791490654.065,"B,6975,10,72:3b:01:24:b7:c8,0,0,2675,5,0,S,5c:62:8b:66:67:d2"
1791490654.065,"B,7075,10,5c:62:8b:66:67:d2,0,0,1918,11,-49,A,5c:62:8b:66:67:d2"
1791490654.065,"B,7075,10,b2:db:ca:e6:29:a6,56,2,0,0,-21,S,5c:62:8b:66:67:d2"
1791490654.065,"B,7075,10,46:88:44:6e:4f:e4,1750,5,0,0,-27,S,5c:62:8b:66:67:d2"
1791490654.065,"B,7075,10,72:3b:01:24:b7:c8,112,4,0,0,-16,S,5c:62:8b:66:67:d2"
1791490654.269,"B,7175,10,5c:62:8b:66:67:d2,3025,6,6065,14,-51,A,5c:62:8b:66:67:d2"
1791490654.269,"B,7175,10,b2:db:ca:e6:29:a6,28,1,0,0,-22,S,5c:62:8b:66:67:d2"
1791490654.269,"B,7175,10,46:88:44:6e:4f:e4,5953,10,0,0,-27,S,5c:62:8b:66:67:d2"
1791490654.269,"B,7175,10,72:3b:01:24:b7:c8,84,3,3025,6,-16,S,5c:62:8b:66:67:d2"
1791490654.269,"B,7275,10,5c:62:8b:66:67:d2,3025,6,2010,6,-50,A,5c:62:8b:66:67:d2"
1791490654.269,"B,7275,10,78:8c:b5:f5:e7:26,0,0,60,2,-75,A,78:8c:b5:f5:e7:26"
1791490654.269,"B,7275,10,46:88:44:6e:4f:e4,2010,6,0,0,-27,S,5c:62:8b:66:67:d2"
1791490654.269,"B,7275,10,72:3b:01:24:b7:c8,0,0,3025,6,0,S,5c:62:8b:66:67:d2"
1791490654.269,"B,7275,10,a6:4c:bd:b6:c7:99,60,2,0,0,-89,S,78:8c:b5:f5:e7:26"
1791490654.474,"B,7375,10,5c:62:8b:66:67:d2,0,0,5679,20,-49,A,5c:62:8b:66:67:d2"
1791490654.474,"B,7375,10,78:8c:b5:f5:e7:26,0,0,30,1,0,A,78:8c:b5:f5:e7:26"
1791490654.474,"B,7375,10,46:88:44:6e:4f:e4,5371,9,0,0,-26,S,5c:62:8b:66:67:d2"
1791490654.474,"B,7375,10,72:3b:01:24:b7:c8,308,11,0,0,-16,S,5c:62:8b:66:67:d2"
1791490654.474,"B,7375,10,a6:4c:bd:b6:c7:99,30,1,0,0,-91,S,78:8c:b5:f5:e7:26"
1791490654.474,"B,7475,10,5c:62:8b:66:67:d2,4307,9,2759,8,-50,A,5c:62:8b:66:67:d2"
1791490654.474,"B,7475,10,b2:db:ca:e6:29:a6,28,1,0,0,-23,S,5c:62:8b:66:67:d2"
1791490654.474,"B,7475,10,78:8c:b5:f5:e7:26,0,0,30,1,-75,A,78:8c:b5:f5:e7:26"
1791490654.474,"B,7475,10,46:88:44:6e:4f:e4,2703,6,0,0,-27,S,5c:62:8b:66:67:d2"
1791490654.474,"B,7475,10,72:3b:01:24:b7:c8,28,1,4307,9,-17,S,5c:62:8b:66:67:d2"
1791490654.474,"B,7475,10,a6:4c:bd:b6:c7:99,30,1,0,0,-90,S,78:8c:b5:f5:e7:26"
1791490654.678,"B,7575,10,5c:62:8b:66:67:d2,700,2,2899,13,-51,A,5c:62:8b:66:67:d2"
1791490654.678,"B,7575,10,b2:db:ca:e6:29:a6,84,3,0,0,-21,S,5c:62:8b:66:67:d2"
1791490654.678,"B,7575,10,46:88:44:6e:4f:e4,2703,6,0,0,-27,S,5c:62:8b:66:67:d2"
1791490654.678,"B,7575,10,72:3b:01:24:b7:c8,112,4,700,2,-17,S,5c:62:8b:66:67:d2"
1791490654.678,"B,7675,10,5c:62:8b:66:67:d2,2325,4,868,8,-50,A,5c:62:8b:66:67:d2"
1791490654.678,"B,7675,10,b2:db:ca:e6:29:a6,28,1,0,0,-21,S,5c:62:8b:66:67:d2"
1791490654.678,"B,7675,10,46:88:44:6e:4f:e4,728,3,0,0,-27,S,5c:62:8b:66:67:d2"
1791490654.678,"B,7675,10,72:3b:01:24:b7:c8,112,4,2325,4,-16,S,5c:62:8b:66:67:d2"
1791490654.882,"B,7775,10,5c:62:8b:66:67:d2,2675,5,4217,9,-51,A,5c:62:8b:66:67:d2"
1791490654.882,"B,7775,10,b2:db:ca:e6:29:a6,28,1,0,0,-23,S,5c:62:8b:66:67:d2"
1791490654.882,"B,7775,10,78:8c:b5:f5:e7:26,0,0,30,1,-75,A,78:8c:b5:f5:e7:26"
1791490654.882,"B,7775,10,46:88:44:6e:4f:e4,4189,8,0,0,-27,S,5c:62:8b:66:67:d2"
1791490654.882,"B,7775,10,72:3b:01:24:b7:c8,0,0,2675,5,0,S,5c:62:8b:66:67:d2"
1791490654.882,"B,7775,10,a6:4c:bd:b6:c7:99,30,1,0,0,-87,S,78:8c:b5:f5:e7:26"
1791490654.882,"B,7875,10,5c:62:8b:66:67:d2,0,0,3886,12,-49,A,5c:62:8b:66:67:d2"
1791490654.882,"B,7875,10,b2:db:ca:e6:29:a6,56,2,0,0,-21,S,5c:62:8b:66:67:d2"
1791490654.882,"B,7875,10,46:88:44:6e:4f:e4,3746,7,0,0,-27,S,5c:62:8b:66:67:d2"
1791490654.882,"B,7875,10,72:3b:01:24:b7:c8,84,3,0,0,-17,S,5c:62:8b:66:67:d2"
1791490655.085,"B,7975,10,5c:62:8b:66:67:d2,3025,6,2899,13,-50,A,5c:62:8b:66:67:d2"
1791490655.085,"B,7975,10,b2:db:ca:e6:29:a6,28,1,0,0,-22,S,5c:62:8b:66:67:d2"
1791490655.085,"B,7975,10,78:8c:b5:f5:e7:26,0,0,30,1,-74,A,78:8c:b5:f5:e7:26"
1791490655.085,"B,7975,10,46:88:44:6e:4f:e4,2731,7,0,0,-27,S,5c:62:8b:66:67:d2"
1791490655.085,"B,7975,10,72:3b:01:24:b7:c8,140,5,3025,6,-16,S,5c:62:8b:66:67:d2"
1791490655.085,"B,7975,10,a6:4c:bd:b6:c7:99,30,1,0,0,-91,S,78:8c:b5:f5:e7:26"
1791490655.085,"B,8075,10,5c:62:8b:66:67:d2,2675,5,3691,10,-50,A,5c:62:8b:66:67:d2"
1791490655.085,"B,8075,10,b2:db:ca:e6:29:a6,56,2,0,0,-23,S,5c:62:8b:66:67:d2"
1791490655.085,"B,8075,10,46:88:44:6e:4f:e4,3635,8,0,0,-26,S,5c:62:8b:66:67:d2"
1791490655.085,"B,8075,10,72:3b:01:24:b7:c8,0,0,2675,5,0,S,5c:62:8b:66:67:d2"
1791490655.290,"B,8175,10,5c:62:8b:66:67:d2,1188,4,3711,19,-51,A,5c:62:8b:66:67:d2"
1791490655.290,"B,8175,10,46:88:44:6e:4f:e4,3403,8,138,1,-26,S,5c:62:8b:66:67:d2"
1791490655.290,"B,8175,10,72:3b:01:24:b7:c8,308,11,1050,3,-17,S,5c:62:8b:66:67:d2"
1791490655.290,"A,8251,10,dc:8e:8d:9c:65:79,-92,netis-9C6572"
1791490655.290,"B,8275,10,5c:62:8b:66:67:d2,0,0,2122,10,-49,A,5c:62:8b:66:67:d2"
1791490655.290,"B,8275,10,b2:db:ca:e6:29:a6,28,1,0,0,-22,S,5c:62:8b:66:67:d2"
1791490655.290,"B,8275,10,46:88:44:6e:4f:e4,2010,6,0,0,-26,S,5c:62:8b:66:67:d2"
1791490655.290,"B,8275,10,72:3b:01:24:b7:c8,84,3,0,0,-17,S,5c:62:8b:66:67:d2"
1791490655.495,"B,8375,10,5c:62:8b:66:67:d2,5700,11,1318,7,-50,A,5c:62:8b:66:67:d2"
1791490655.495,"B,8375,10,b2:db:ca:e6:29:a6,28,1,0,0,-21,S,5c:62:8b:66:67:d2"
1791490655.495,"B,8375,10,46:88:44:6e:4f:e4,1262,5,0,0,-27,S,5c:62:8b:66:67:d2"
1791490655.495,"B,8375,10,72:3b:01:24:b7:c8,28,1,5700,11,-17,S,5c:62:8b:66:67:d2"
1791490655.495,"B,8475,10,5c:62:8b:66:67:d2,2675,5,3599,15,-50,A,5c:62:8b:66:67:d2"
1791490655.495,"B,8475,10,b2:db:ca:e6:29:a6,84,3,0,0,-21,S,5c:62:8b:66:67:d2"
1791490655.495,"B,8475,10,46:88:44:6e:4f:e4,3403,8,0,0,-27,S,5c:62:8b:66:67:d2"
1791490655.495,"B,8475,10,72:3b:01:24:b7:c8,112,4,2675,5,-17,S,5c:62:8b:66:67:d2"
1791490655.699,"B,8575,10,5c:62:8b:66:67:d2,2675,5,2927,14,-51,A,5c:62:8b:66:67:d2"
1791490655.699,"B,8575,10,b2:db:ca:e6:29:a6,56,2,0,0,-20,S,5c:62:8b:66:67:d2"
1791490655.699,"B,8575,10,46:88:44:6e:4f:e4,2703,6,0,0,-27,S,5c:62:8b:66:67:d2"
1791490655.699,"B,8575,10,72:3b:01:24:b7:c8,168,6,2675,5,-17,S,5c:62:8b:66:67:d2"
1791490655.699,"B,8675,10,5c:62:8b:66:67:d2,2798,6,2927,14,-50,A,5c:62:8b:66:67:d2"
1791490655.699,"B,8675,10,b2:db:ca:e6:29:a6,84,3,0,0,-22,S,5c:62:8b:66:67:d2"
1791490655.699,"B,8675,10,46:88:44:6e:4f:e4,2703,6,123,1,-27,S,5c:62:8b:66:67:d2"
1791490655.699,"B,8675,10,72:3b:01:24:b7:c8,140,5,2675,5,-16,S,5c:62:8b:66:67:d2"
1791490655.902,"B,8775,10,5c:62:8b:66:67:d2,0,0,1078,4,-49,A,5c:62:8b:66:67:d2"
1791490655.902,"B,8775,10,46:88:44:6e:4f:e4,1078,4,0,0,-27,S,5c:62:8b:66:67:d2"
1791490655.902,"B,8875,10,5c:62:8b:66:67:d2,2325,4,3021,15,-50,A,5c:62:8b:66:67:d2"
1791490655.902,"B,8875,10,b2:db:ca:e6:29:a6,84,3,0,0,-21,S,5c:62:8b:66:67:d2"
1791490655.902,"B,8875,10,46:88:44:6e:4f:e4,2797,7,0,0,-27,S,5c:62:8b:66:67:d2"
1791490655.902,"B,8875,10,72:3b:01:24:b7:c8,140,5,2325,4,-16,S,5c:62:8b:66:67:d2"
1791490656.107,"B,8975,10,5c:62:8b:66:67:d2,2675,5,3193,12,-50,A,5c:62:8b:66:67:d2"
1791490656.107,"B,8975,10,b2:db:ca:e6:29:a6,56,2,0,0,-22,S,5c:62:8b:66:67:d2"
1791490656.107,"B,8975,10,78:8c:b5:f5:e7:26,0,0,60,2,-74,A,78:8c:b5:f5:e7:26"
1791490656.107,"B,8975,10,46:88:44:6e:4f:e4,3025,6,0,0,-27,S,5c:62:8b:66:67:d2"
1791490656.107,"B,8975,10,72:3b:01:24:b7:c8,112,4,2675,5,-16,S,5c:62:8b:66:67:d2"
1791490656.107,"B,8975,10,a6:4c:bd:b6:c7:99,60,2,0,0,-86,S,78:8c:b5:f5:e7:26"
1791490656.107,"B,9075,10,5c:62:8b:66:67:d2,3025,6,2787,9,-50,A,5c:62:8b:66:67:d2"
1791490656.107,"B,9075,10,b2:db:ca:e6:29:a6,56,2,0,0,-21,S,5c:62:8b:66:67:d2"
1791490656.107,"B,9075,10,46:88:44:6e:4f:e4,2703,6,0,0,-27,S,5c:62:8b:66:67:d2"
1791490656.107,"B,9075,10,72:3b:01:24:b7:c8,28,1,3025,6,-17,S,5c:62:8b:66:67:d2"
1791490656.310,"B,9175,10,5c:62:8b:66:67:d2,2675,5,3249,14,-50,A,5c:62:8b:66:67:d2"
1791490656.310,"B,9175,10,b2:db:ca:e6:29:a6,56,2,0,0,-22,S,5c:62:8b:66:67:d2"
1791490656.310,"B,9175,10,78:8c:b5:f5:e7:26,0,0,30,1,-74,A,78:8c:b5:f5:e7:26"
1791490656.310,"B,9175,10,46:88:44:6e:4f:e4,3053,7,0,0,-27,S,5c:62:8b:66:67:d2"
1791490656.310,"B,9175,10,72:3b:01:24:b7:c8,140,5,2675,5,-17,S,5c:62:8b:66:67:d2"
1791490656.310,"B,9175,10,a6:4c:bd:b6:c7:99,30,1,0,0,-86,S,78:8c:b5:f5:e7:26"
1791490656.310,"B,9275,10,5c:62:8b:66:67:d2,700,2,2759,8,-50,A,5c:62:8b:66:67:d2"
1791490656.310,"B,9275,10,b2:db:ca:e6:29:a6,56,2,0,0,-21,S,5c:62:8b:66:67:d2"
1791490656.310,"B,9275,10,78:8c:b5:f5:e7:26,0,0,30,1,0,A,78:8c:b5:f5:e7:26"
1791490656.310,"B,9275,10,46:88:44:6e:4f:e4,2703,6,0,0,-27,S,5c:62:8b:66:67:d2"
1791490656.310,"B,9275,10,72:3b:01:24:b7:c8,0,0,700,2,0,S,5c:62:8b:66:67:d2"
1791490656.310,"B,9275,10,a6:4c:bd:b6:c7:99,30,1,0,0,-87,S,78:8c:b5:f5:e7:26"
1791490656.515,"B,9375,10,5c:62:8b:66:67:d2,1975,3,3109,9,-49,A,5c:62:8b:66:67:d2"
1791490656.515,"B,9375,10,b2:db:ca:e6:29:a6,56,2,0,0,-21,S,5c:62:8b:66:67:d2"
1791490656.515,"B,9375,10,78:8c:b5:f5:e7:26,0,0,90,3,0,A,78:8c:b5:f5:e7:26"
1791490656.515,"B,9375,10,46:88:44:6e:4f:e4,3053,7,0,0,-26,S,5c:62:8b:66:67:d2"
1791490656.515,"B,9375,10,72:3b:01:24:b7:c8,0,0,1975,3,0,S,5c:62:8b:66:67:d2"
1791490656.515,"B,9375,10,a6:4c:bd:b6:c7:99,90,3,0,0,-87,S,78:8c:b5:f5:e7:26"
1791490656.515,"B,9475,10,5c:62:8b:66:67:d2,1050,3,1246,10,-49,A,5c:62:8b:66:67:d2"
1791490656.515,"B,9475,10,b2:db:ca:e6:29:a6,28,1,0,0,-21,S,5c:62:8b:66:67:d2"
1791490656.515,"B,9475,10,46:88:44:6e:4f:e4,1050,3,0,0,-27,S,5c:62:8b:66:67:d2"
1791490656.515,"B,9475,10,72:3b:01:24:b7:c8,168,6,1050,3,-16,S,5c:62:8b:66:67:d2"
1791490656.719,"B,9575,10,5c:62:8b:66:67:d2,2675,5,2843,11,-50,A,5c:62:8b:66:67:d2"
1791490656.719,"B,9575,10,b2:db:ca:e6:29:a6,84,3,0,0,-22,S,5c:62:8b:66:67:d2"
1791490656.719,"B,9575,10,46:88:44:6e:4f:e4,2703,6,0,0,-26,S,5c:62:8b:66:67:d2"
1791490656.719,"B,9575,10,72:3b:01:24:b7:c8,56,2,2675,5,-17,S,5c:62:8b:66:67:d2"
1791490656.719,"B,9675,10,5c:62:8b:66:67:d2,2675,5,3487,11,-50,A,5c:62:8b:66:67:d2"
1791490656.719,"B,9675,10,b2:db:ca:e6:29:a6,56,2,0,0,-21,S,5c:62:8b:66:67:d2"
1791490656.719,"B,9675,10,78:8c:b5:f5:e7:26,0,0,30,1,-74,A,78:8c:b5:f5:e7:26"
1791490656.719,"B,9675,10,46:88:44:6e:4f:e4,3403,8,0,0,-26,S,5c:62:8b:66:67:d2"
1791490656.719,"B,9675,10,72:3b:01:24:b7:c8,28,1,2675,5,-17,S,5c:62:8b:66:67:d2"
1791490656.719,"B,9675,10,a6:4c:bd:b6:c7:99,30,1,0,0,-88,S,78:8c:b5:f5:e7:26"
1791490656.924,"B,9775,10,5c:62:8b:66:67:d2,0,0,2871,12,-49,A,5c:62:8b:66:67:d2"
1791490656.924,"B,9775,10,b2:db:ca:e6:29:a6,28,1,0,0,-21,S,5c:62:8b:66:67:d2"
1791490656.924,"B,9775,10,46:88:44:6e:4f:e4,2675,5,0,0,-27,S,5c:62:8b:66:67:d2"
1791490656.924,"B,9775,10,72:3b:01:24:b7:c8,168,6,0,0,-17,S,5c:62:8b:66:67:d2"
1791490656.924,"B,9875,10,5c:62:8b:66:67:d2,2675,5,3979,12,-50,A,5c:62:8b:66:67:d2"
1791490656.924,"B,9875,10,b2:db:ca:e6:29:a6,112,4,0,0,-22,S,5c:62:8b:66:67:d2"
1791490656.924,"B,9875,10,46:88:44:6e:4f:e4,3867,8,0,0,-27,S,5c:62:8b:66:67:d2"
1791490656.924,"B,9875,10,72:3b:01:24:b7:c8,0,0,2675,5,0,S,5c:62:8b:66:67:d2"
1791490657.127,"B,9975,10,5c:62:8b:66:67:d2,2675,5,2787,9,-50,A,5c:62:8b:66:67:d2"
1791490657.127,"B,9975,10,b2:db:ca:e6:29:a6,28,1,0,0,-21,S,5c:62:8b:66:67:d2"
1791490657.127,"B,9975,10,78:8c:b5:f5:e7:26,0,0,30,1,-75,A,78:8c:b5:f5:e7:26"
1791490657.127,"B,9975,10,46:88:44:6e:4f:e4,2703,6,0,0,-27,S,5c:62:8b:66:67:d2"
1791490657.127,"B,9975,10,72:3b:01:24:b7:c8,56,2,2675,5,-16,S,5c:62:8b:66:67:d2"
1791490657.127,"B,9975,10,a6:4c:bd:b6:c7:99,30,1,0,0,-86,S,78:8c:b5:f5:e7:26"
1791490657.127,"B,10075,10,5c:62:8b:66:67:d2,700,2,1330,13,-50,A,5c:62:8b:66:67:d2"
1791490657.127,"B,10075,10,b2:db:ca:e6:29:a6,56,2,0,0,-21,S,5c:62:8b:66:67:d2"
1791490657.127,"B,10075,10,46:88:44:6e:4f:e4,1078,4,0,0,-27,S,5c:62:8b:66:67:d2"
1791490657.127,"B,10075,10,72:3b:01:24:b7:c8,196,7,700,2,-16,S,5c:62:8b:66:67:d2"
1791490657.127,"I,10078,stat,rx=2016,drops=0,ch=10,bin=100,hop=0,heap=203064"
1791490657.333,"B,10175,10,5c:62:8b:66:67:d2,4174,8,5022,13,-50,A,5c:62:8b:66:67:d2"
1791490657.333,"B,10175,10,b2:db:ca:e6:29:a6,56,2,0,0,-21,S,5c:62:8b:66:67:d2"
1791490657.333,"B,10175,10,78:8c:b5:f5:e7:26,0,0,60,2,-74,A,78:8c:b5:f5:e7:26"
1791490657.333,"B,10175,10,46:88:44:6e:4f:e4,4882,8,0,0,-26,S,5c:62:8b:66:67:d2"
1791490657.333,"B,10175,10,72:3b:01:24:b7:c8,84,3,4174,8,-17,S,5c:62:8b:66:67:d2"
1791490657.333,"B,10175,10,a6:4c:bd:b6:c7:99,60,2,0,0,-86,S,78:8c:b5:f5:e7:26"
1791490657.333,"B,10275,10,5c:62:8b:66:67:d2,0,0,3571,14,-49,A,5c:62:8b:66:67:d2"
1791490657.333,"B,10275,10,b2:db:ca:e6:29:a6,56,2,0,0,-22,S,5c:62:8b:66:67:d2"
1791490657.333,"B,10275,10,46:88:44:6e:4f:e4,3403,8,0,0,-27,S,5c:62:8b:66:67:d2"
1791490657.333,"B,10275,10,72:3b:01:24:b7:c8,112,4,0,0,-17,S,5c:62:8b:66:67:d2"
1791490657.537,"B,10375,10,5c:62:8b:66:67:d2,0,0,3011,17,-49,A,5c:62:8b:66:67:d2"
1791490657.537,"B,10375,10,b2:db:ca:e6:29:a6,84,3,0,0,-22,S,5c:62:8b:66:67:d2"
1791490657.537,"B,10375,10,46:88:44:6e:4f:e4,2703,6,0,0,-27,S,5c:62:8b:66:67:d2"
1791490657.537,"B,10375,10,72:3b:01:24:b7:c8,224,8,0,0,-17,S,5c:62:8b:66:67:d2"
1791490657.537,"B,10475,10,5c:62:8b:66:67:d2,5000,9,2731,7,-50,A,5c:62:8b:66:67:d2"
1791490657.537,"B,10475,10,b2:db:ca:e6:29:a6,28,1,0,0,-20,S,5c:62:8b:66:67:d2"
1791490657.537,"B,10475,10,46:88:44:6e:4f:e4,2703,6,0,0,-27,S,5c:62:8b:66:67:d2"
1791490657.537,"B,10475,10,72:3b:01:24:b7:c8,0,0,5000,9,0,S,5c:62:8b:66:67:d2"
1791490657.741,"B,10575,10,5c:62:8b:66:67:d2,3025,6,2849,8,-50,A,5c:62:8b:66:67:d2"
1791490657.741,"B,10575,10,b2:db:ca:e6:29:a6,28,1,0,0,-22,S,5c:62:8b:66:67:d2"
1791490657.741,"B,10575,10,46:88:44:6e:4f:e4,2821,7,0,0,-27,S,5c:62:8b:66:67:d2"
1791490657.741,"B,10575,10,72:3b:01:24:b7:c8,0,0,3025,6,0,S,5c:62:8b:66:67:d2"
1791490657.741,"B,10675,10,5c:62:8b:66:67:d2,700,2,1358,14,-50,A,5c:62:8b:66:67:d2"
1791490657.741,"B,10675,10,b2:db:ca:e6:29:a6,56,2,0,0,-21,S,5c:62:8b:66:67:d2"
1791490657.741,"B,10675,10,78:8c:b5:f5:e7:26,0,0,30,1,-74,A,78:8c:b5:f5:e7:26"
1791490657.741,"B,10675,10,46:88:44:6e:4f:e4,1078,4,0,0,-25,S,5c:62:8b:66:67:d2"
1791490657.741,"B,10675,10,72:3b:01:24:b7:c8,224,8,700,2,-17,S,5c:62:8b:66:67:d2"
1791490657.741,"B,10675,10,a6:4c:bd:b6:c7:99,30,1,0,0,-88,S,78:8c:b5:f5:e7:26"
1791490657.944,"B,10775,10,5c:62:8b:66:67:d2,0,0,2731,7,-50,A,5c:62:8b:66:67:d2"
1791490657.944,"B,10775,10,b2:db:ca:e6:29:a6,56,2,0,0,-22,S,5c:62:8b:66:67:d2"
1791490657.944,"B,10775,10,46:88:44:6e:4f:e4,2675,5,0,0,-27,S,5c:62:8b:66:67:d2"
1791490657.944,"B,10875,10,5c:62:8b:66:67:d2,432,2,3830,10,-51,A,5c:62:8b:66:67:d2"
1791490657.944,"B,10875,10,b2:db:ca:e6:29:a6,56,2,0,0,-22,S,5c:62:8b:66:67:d2"
1791490657.944,"B,10875,10,46:88:44:6e:4f:e4,3746,7,0,0,-26,S,5c:62:8b:66:67:d2"
1791490657.944,"B,10875,10,72:3b:01:24:b7:c8,28,1,432,2,-17,S,5c:62:8b:66:67:d2"
1791490658.144,"B,10975,10,5c:62:8b:66:67:d2,0,0,2871,12,-48,A,5c:62:8b:66:67:d2"
1791490658.144,"B,10975,10,b2:db:ca:e6:29:a6,28,1,0,0,-22,S,5c:62:8b:66:67:d2"
1791490658.144,"B,10975,10,46:88:44:6e:4f:e4,2703,6,0,0,-26,S,5c:62:8b:66:67:d2"
1791490658.144,"B,10975,10,72:3b:01:24:b7:c8,140,5,0,0,-17,S,5c:62:8b:66:67:d2"
1791490658.144,"B,11075,10,5c:62:8b:66:67:d2,5350,10,2787,9,-49,A,5c:62:8b:66:67:d2"
1791490658.144,"B,11075,10,b2:db:ca:e6:29:a6,56,2,0,0,-22,S,5c:62:8b:66:67:d2"
1791490658.144,"B,11075,10,46:88:44:6e:4f:e4,2703,6,0,0,-27,S,5c:62:8b:66:67:d2"
1791490658.144,"B,11075,10,72:3b:01:24:b7:c8,28,1,5350,10,-16,S,5c:62:8b:66:67:d2"
1791490658.144,"B,11175,10,5c:62:8b:66:67:d2,1050,3,2871,12,-50,A,5c:62:8b:66:67:d2"
1791490658.346,"B,11175,10,b2:db:ca:e6:29:a6,56,2,0,0,-22,S,5c:62:8b:66:67:d2"
1791490658.346,"B,11175,10,78:8c:b5:f5:e7:26,80,1,0,0,-75,A,78:8c:b5:f5:e7:26"
1791490658.346,"B,11175,10,46:88:44:6e:4f:e4,2703,6,0,0,-27,S,5c:62:8b:66:67:d2"
1791490658.346,"B,11175,10,72:3b:01:24:b7:c8,112,4,1050,3,-16,S,5c:62:8b:66:67:d2"
1791490658.346,"B,11275,10,5c:62:8b:66:67:d2,2325,4,840,7,-49,A,5c:62:8b:66:67:d2"
1791490658.346,"B,11275,10,b2:db:ca:e6:29:a6,28,1,0,0,-22,S,5c:62:8b:66:67:d2"
1791490658.346,"B,11275,10,78:8c:b5:f5:e7:26,0,0,60,2,-75,A,78:8c:b5:f5:e7:26"
1791490658.346,"B,11275,10,46:88:44:6e:4f:e4,728,3,0,0,-27,S,5c:62:8b:66:67:d2"
1791490658.346,"B,11275,10,72:3b:01:24:b7:c8,84,3,2325,4,-17,S,5c:62:8b:66:67:d2"
1791490658.346,"B,11275,10,a6:4c:bd:b6:c7:99,60,2,0,0,-89,S,78:8c:b5:f5:e7:26"
1791490658.547,"B,11375,10,5c:62:8b:66:67:d2,700,2,2010,6,-49,A,5c:62:8b:66:67:d2"
1791490658.547,"B,11375,10,b2:db:ca:e6:29:a6,28,1,0,0,-22,S,5c:62:8b:66:67:d2"
1791490658.547,"B,11375,10,78:8c:b5:f5:e7:26,0,0,30,1,-75,A,78:8c:b5:f5:e7:26"
1791490658.547,"B,11375,10,46:88:44:6e:4f:e4,1982,5,0,0,-27,S,5c:62:8b:66:67:d2"
1791490658.547,"B,11375,10,72:3b:01:24:b7:c8,0,0,700,2,0,S,5c:62:8b:66:67:d2"
1791490658.547,"B,11375,10,a6:4c:bd:b6:c7:99,30,1,0,0,-87,S,78:8c:b5:f5:e7:26"
1791490658.547,"B,11475,10,5c:62:8b:66:67:d2,1975,3,2843,11,-50,A,5c:62:8b:66:67:d2"
1791490658.547,"B,11475,10,46:88:44:6e:4f:e4,2703,6,0,0,-27,S,5c:62:8b:66:67:d2"
1791490658.547,"B,11475,10,72:3b:01:24:b7:c8,140,5,1975,3,-17,S,5c:62:8b:66:67:d2"
1791490658.547,"B,11575,10,5c:62:8b:66:67:d2,0,0,1078,4,-48,A,5c:62:8b:66:67:d2"
1791490658.547,"B,11575,10,46:88:44:6e:4f:e4,1078,4,0,0,-27,S,5c:62:8b:66:67:d2"
1791490658.747,"B,11675,10,5c:62:8b:66:67:d2,6164,13,4356,9,-49,A,5c:62:8b:66:67:d2"
1791490658.747,"B,11675,10,46:88:44:6e:4f:e4,4328,8,0,0,-27,S,5c:62:8b:66:67:d2"
1791490658.747,"B,11675,10,72:3b:01:24:b7:c8,28,1,6164,13,-17,S,5c:62:8b:66:67:d2"
1791490658.747,"B,11775,10,5c:62:8b:66:67:d2,700,2,3137,10,-49,A,5c:62:8b:66:67:d2"
1791490658.747,"B,11775,10,78:8c:b5:f5:e7:26,0,0,30,1,-74,A,78:8c:b5:f5:e7:26"
1791490658.747,"B,11775,10,46:88:44:6e:4f:e4,3053,7,0,0,-27,S,5c:62:8b:66:67:d2"
1791490658.947,"B,11775,10,72:3b:01:24:b7:c8,84,3,700,2,-17,S,5c:62:8b:66:67:d2"
1791490658.947,"B,11775,10,a6:4c:bd:b6:c7:99,30,1,0,0,-88,S,78:8c:b5:f5:e7:26"
1791490658.947,"B,11875,10,5c:62:8b:66:67:d2,350,1,1246,10,-49,A,5c:62:8b:66:67:d2"
1791490658.947,"B,11875,10,46:88:44:6e:4f:e4,1050,3,0,0,-27,S,5c:62:8b:66:67:d2"
1791490658.947,"B,11875,10,72:3b:01:24:b7:c8,196,7,350,1,-17,S,5c:62:8b:66:67:d2"
1791490658.947,"B,11975,10,5c:62:8b:66:67:d2,3543,8,2731,7,-49,A,5c:62:8b:66:67:d2"
1791490659.147,"B,11975,10,b2:db:ca:e6:29:a6,28,1,0,0,-22,S,5c:62:8b:66:67:d2"
1791490659.147,"B,11975,10,46:88:44:6e:4f:e4,2703,6,138,1,-27,S,5c:62:8b:66:67:d2"
1791490659.147,"B,11975,10,72:3b:01:24:b7:c8,0,0,3405,7,0,S,5c:62:8b:66:67:d2"
1791490659.147,"B,12075,10,5c:62:8b:66:67:d2,2675,5,2937,12,-49,A,5c:62:8b:66:67:d2"
1791490659.147,"B,12075,10,b2:db:ca:e6:29:a6,28,1,0,0,-22,S,5c:62:8b:66:67:d2"
1791490659.147,"B,12075,10,78:8c:b5:f5:e7:26,0,0,60,2,-72,A,78:8c:b5:f5:e7:26"
1791490659.147,"B,12075,10,46:88:44:6e:4f:e4,2797,7,0,0,-26,S,5c:62:8b:66:67:d2"
1791490659.147,"B,12075,10,72:3b:01:24:b7:c8,112,4,2675,5,-16,S,5c:62:8b:66:67:d2"
1791490659.147,"B,12075,10,a6:4c:bd:b6:c7:99,60,2,0,0,-88,S,78:8c:b5:f5:e7:26"
1791490659.147,"B,12175,10,5c:62:8b:66:67:d2,2757,6,3333,17,-50,A,5c:62:8b:66:67:d2"
1791490659.147,"B,12175,10,b2:db:ca:e6:29:a6,56,2,82,1,-21,S,5c:62:8b:66:67:d2"
1791490659.348,"B,12175,10,46:88:44:6e:4f:e4,3053,7,0,0,-26,S,5c:62:8b:66:67:d2"
1791490659.348,"B,12175,10,72:3b:01:24:b7:c8,224,8,2675,5,-16,S,5c:62:8b:66:67:d2"
1791490659.348,"B,12275,10,5c:62:8b:66:67:d2,0,0,3067,19,-48,A,5c:62:8b:66:67:d2"
1791490659.348,"B,12275,10,b2:db:ca:e6:29:a6,56,2,0,0,-22,S,5c:62:8b:66:67:d2"
1791490659.348,"B,12275,10,46:88:44:6e:4f:e4,2703,6,0,0,-26,S,5c:62:8b:66:67:d2"
1791490659.348,"B,12275,10,72:3b:01:24:b7:c8,308,11,0,0,-17,S,5c:62:8b:66:67:d2"
1791490659.348,"B,12375,10,5c:62:8b:66:67:d2,1982,5,2731,7,-49,A,5c:62:8b:66:67:d2"
1791490659.348,"B,12375,10,b2:db:ca:e6:29:a6,28,1,0,0,-23,S,5c:62:8b:66:67:d2"
1791490659.348,"B,12375,10,46:88:44:6e:4f:e4,2703,6,0,0,-27,S,5c:62:8b:66:67:d2"
1791490659.348,"B,12375,10,72:3b:01:24:b7:c8,0,0,1982,5,0,S,5c:62:8b:66:67:d2"
1791490659.548,"B,12475,10,5c:62:8b:66:67:d2,700,2,896,9,-49,A,5c:62:8b:66:67:d2"
1791490659.548,"B,12475,10,46:88:44:6e:4f:e4,700,2,0,0,-27,S,5c:62:8b:66:67:d2"
1791490659.548,"B,12475,10,72:3b:01:24:b7:c8,196,7,700,2,-17,S,5c:62:8b:66:67:d2"
1791490659.548,"B,12575,10,5c:62:8b:66:67:d2,2675,5,3341,9,-50,A,5c:62:8b:66:67:d2"
1791490659.548,"B,12575,10,46:88:44:6e:4f:e4,3285,7,0,0,-27,S,5c:62:8b:66:67:d2"
1791490659.548,"B,12575,10,72:3b:01:24:b7:c8,56,2,2675,5,-17,S,5c:62:8b:66:67:d2"
1791490659.749,"B,12675,10,5c:62:8b:66:67:d2,2675,5,2353,5,-50,A,5c:62:8b:66:67:d2"
1791490659.749,"B,12675,10,78:8c:b5:f5:e7:26,0,0,30,1,-73,A,78:8c:b5:f5:e7:26"
1791490659.749,"B,12675,10,46:88:44:6e:4f:e4,2353,5,0,0,-27,S,5c:62:8b:66:67:d2"
1791490659.749,"B,12675,10,72:3b:01:24:b7:c8,0,0,2675,5,0,S,5c:62:8b:66:67:d2"
1791490659.749,"B,12675,10,a6:4c:bd:b6:c7:99,30,1,0,0,-87,S,78:8c:b5:f5:e7:26"
1791490659.749,"B,12775,10,5c:62:8b:66:67:d2,0,0,3571,14,-48,A,5c:62:8b:66:67:d2"
1791490659.749,"B,12775,10,b2:db:ca:e6:29:a6,28,1,0,0,-22,S,5c:62:8b:66:67:d2"
1791490659.749,"B,12775,10,46:88:44:6e:4f:e4,3403,8,0,0,-27,S,5c:62:8b:66:67:d2"
1791490659.749,"B,12775,10,72:3b:01:24:b7:c8,140,5,0,0,-16,S,5c:62:8b:66:67:d2"
1791490659.950,"B,12875,10,5c:62:8b:66:67:d2,3957,8,3109,9,-50,A,5c:62:8b:66:67:d2"
1791490659.950,"B,12875,10,b2:db:ca:e6:29:a6,28,1,0,0,-22,S,5c:62:8b:66:67:d2"
1791490659.950,"B,12875,10,46:88:44:6e:4f:e4,3053,7,0,0,-27,S,5c:62:8b:66:67:d2"
1791490659.950,"B,12875,10,72:3b:01:24:b7:c8,28,1,3957,8,-16,S,5c:62:8b:66:67:d2"
1791490659.950,"B,12975,10,5c:62:8b:66:67:d2,3025,6,3081,8,-50,A,5c:62:8b:66:67:d2"
1791490659.950,"B,12975,10,b2:db:ca:e6:29:a6,28,1,0,0,-22,S,5c:62:8b:66:67:d2"
1791490659.950,"B,12975,10,46:88:44:6e:4f:e4,3053,7,0,0,-27,S,5c:62:8b:66:67:d2"
1791490659.950,"B,12975,10,72:3b:01:24:b7:c8,0,0,3025,6,0,S,5c:62:8b:66:67:d2"
1791490660.150,"B,13075,10,5c:62:8b:66:67:d2,700,2,1386,15,-49,A,5c:62:8b:66:67:d2"
1791490660.150,"B,13075,10,b2:db:ca:e6:29:a6,84,3,0,0,-21,S,5c:62:8b:66:67:d2"
1791490660.150,"B,13075,10,78:8c:b5:f5:e7:26,0,0,684,6,-75,A,78:8c:b5:f5:e7:26"
1791490660.150,"B,13075,10,46:88:44:6e:4f:e4,1078,4,0,0,-27,S,5c:62:8b:66:67:d2"
1791490660.150,"B,13075,10,72:3b:01:24:b7:c8,224,8,700,2,-16,S,5c:62:8b:66:67:d2"
1791490660.150,"B,13075,10,a6:4c:bd:b6:c7:99,684,6,0,0,-88,S,78:8c:b5:f5:e7:26"
1791490660.150,"B,13175,10,5c:62:8b:66:67:d2,0,0,2759,8,-48,A,5c:62:8b:66:67:d2"
1791490660.150,"B,13175,10,b2:db:ca:e6:29:a6,56,2,0,0,-22,S,5c:62:8b:66:67:d2"
1791490660.351,"B,13175,10,46:88:44:6e:4f:e4,2675,5,0,0,-27,S,5c:62:8b:66:67:d2"
1791490660.351,"B,13175,10,72:3b:01:24:b7:c8,28,1,0,0,-16,S,5c:62:8b:66:67:d2"
1791490660.351,"B,13275,10,5c:62:8b:66:67:d2,0,0,2094,9,-48,A,5c:62:8b:66:67:d2"
1791490660.351,"B,13275,10,b2:db:ca:e6:29:a6,56,2,0,0,-21,S,5c:62:8b:66:67:d2"
1791490660.351,"B,13275,10,78:8c:b5:f5:e7:26,0,0,30,1,-73,A,78:8c:b5:f5:e7:26"
1791490660.351,"B,13275,10,46:88:44:6e:4f:e4,2010,6,0,0,-27,S,5c:62:8b:66:67:d2"
1791490660.351,"B,13275,10,72:3b:01:24:b7:c8,28,1,0,0,-17,S,5c:62:8b:66:67:d2"
1791490660.351,"B,13275,10,a6:4c:bd:b6:c7:99,30,1,0,0,-88,S,78:8c:b5:f5:e7:26"
1791490660.351,"A,13361,10,d8:0d:17:46:46:1a,-70,spike"
1791490660.351,"B,13375,10,5c:62:8b:66:67:d2,2675,5,2899,13,-50,A,5c:62:8b:66:67:d2"
1791490660.351,"B,13375,10,b2:db:ca:e6:29:a6,28,1,0,0,-23,S,5c:62:8b:66:67:d2"
1791490660.351,"B,13375,10,46:88:44:6e:4f:e4,2703,6,0,0,-26,S,5c:62:8b:66:67:d2"
1791490660.351,"B,13375,10,72:3b:01:24:b7:c8,168,6,2675,5,-17,S,5c:62:8b:66:67:d2"
1791490660.551,"B,13475,10,5c:62:8b:66:67:d2,3025,6,5981,11,-49,A,5c:62:8b:66:67:d2"
1791490660.551,"B,13475,10,b2:db:ca:e6:29:a6,28,1,0,0,-21,S,5c:62:8b:66:67:d2"
1791490660.551,"B,13475,10,46:88:44:6e:4f:e4,5953,10,0,0,-26,S,5c:62:8b:66:67:d2"
1791490660.551,"B,13475,10,72:3b:01:24:b7:c8,0,0,3025,6,0,S,5c:62:8b:66:67:d2"
1791490660.551,"B,13575,10,5c:62:8b:66:67:d2,2675,5,4412,11,-49,A,5c:62:8b:66:67:d2"
1791490660.551,"B,13575,10,b2:db:ca:e6:29:a6,28,1,0,0,-21,S,5c:62:8b:66:67:d2"
1791490660.551,"B,13575,10,78:8c:b5:f5:e7:26,0,0,30,1,-75,A,78:8c:b5:f5:e7:26"
1791490660.551,"B,13575,10,46:88:44:6e:4f:e4,4328,8,0,0,-26,S,5c:62:8b:66:67:d2"
1791490660.551,"B,13575,10,72:3b:01:24:b7:c8,56,2,2675,5,-17,S,5c:62:8b:66:67:d2"
1791490660.551,"B,13575,10,a6:4c:bd:b6:c7:99,30,1,0,0,-89,S,78:8c:b5:f5:e7:26"
1791490660.756,"B,13675,10,5c:62:8b:66:67:d2,350,1,1414,16,-49,A,5c:62:8b:66:67:d2"
1791490660.756,"B,13675,10,b2:db:ca:e6:29:a6,56,2,0,0,-21,S,5c:62:8b:66:67:d2"
1791490660.756,"B,13675,10,46:88:44:6e:4f:e4,1050,3,0,0,-27,S,5c:62:8b:66:67:d2"
1791490660.756,"B,13675,10,72:3b:01:24:b7:c8,308,11,350,1,-16,S,5c:62:8b:66:67:d2"
1791490660.756,"B,13775,10,5c:62:8b:66:67:d2,0,0,3109,9,-48,A,5c:62:8b:66:67:d2"
1791490660.756,"B,13775,10,b2:db:ca:e6:29:a6,28,1,0,0,-21,S,5c:62:8b:66:67:d2"
1791490660.756,"B,13775,10,78:8c:b5:f5:e7:26,0,0,30,1,-74,A,78:8c:b5:f5:e7:26"
1791490660.756,"B,13775,10,46:88:44:6e:4f:e4,3053,7,0,0,-27,S,5c:62:8b:66:67:d2"
1791490660.756,"B,13775,10,72:3b:01:24:b7:c8,28,1,0,0,-17,S,5c:62:8b:66:67:d2"
1791490660.756,"B,13775,10,a6:4c:bd:b6:c7:99,30,1,0,0,-88,S,78:8c:b5:f5:e7:26"
1791490660.957,"B,13875,10,5c:62:8b:66:67:d2,700,2,3109,9,-49,A,5c:62:8b:66:67:d2"
1791490660.957,"B,13875,10,b2:db:ca:e6:29:a6,56,2,0,0,-21,S,5c:62:8b:66:67:d2"
1791490660.957,"B,13875,10,46:88:44:6e:4f:e4,3053,7,0,0,-27,S,5c:62:8b:66:67:d2"
1791490660.957,"B,13875,10,72:3b:01:24:b7:c8,0,0,700,2,0,S,5c:62:8b:66:67:d2"
1791490660.957,"B,13975,10,5c:62:8b:66:67:d2,0,0,2983,16,-48,A,5c:62:8b:66:67:d2"
1791490660.957,"B,13975,10,b2:db:ca:e6:29:a6,28,1,0,0,-21,S,5c:62:8b:66:67:d2"
1791490660.957,"B,13975,10,46:88:44:6e:4f:e4,2703,6,0,0,-27,S,5c:62:8b:66:67:d2"
1791490660.957,"B,13975,10,72:3b:01:24:b7:c8,252,9,0,0,-17,S,5c:62:8b:66:67:d2"
1791490661.158,"B,14075,10,5c:62:8b:66:67:d2,5350,10,2787,9,-50,A,5c:62:8b:66:67:d2"
1791490661.158,"B,14075,10,b2:db:ca:e6:29:a6,84,3,0,0,-22,S,5c:62:8b:66:67:d2"
1791490661.158,"B,14075,10,46:88:44:6e:4f:e4,2703,6,0,0,-27,S,5c:62:8b:66:67:d2"
1791490661.158,"B,14075,10,72:3b:01:24:b7:c8,0,0,5350,10,0,S,5c:62:8b:66:67:d2"
1791490661.158,"B,14175,10,5c:62:8b:66:67:d2,1050,3,2843,11,-49,A,5c:62:8b:66:67:d2"
1791490661.158,"B,14175,10,b2:db:ca:e6:29:a6,28,1,0,0,-22,S,5c:62:8b:66:67:d2"
1791490661.158,"B,14175,10,78:8c:b5:f5:e7:26,0,0,30,1,-76,A,78:8c:b5:f5:e7:26"
1791490661.158,"B,14175,10,46:88:44:6e:4f:e4,2703,6,0,0,-27,S,5c:62:8b:66:67:d2"
1791490661.158,"B,14175,10,72:3b:01:24:b7:c8,112,4,1050,3,-17,S,5c:62:8b:66:67:d2"
1791490661.158,"B,14175,10,a6:4c:bd:b6:c7:99,30,1,0,0,-91,S,78:8c:b5:f5:e7:26"
1791490661.361,"B,14275,10,5c:62:8b:66:67:d2,9871,13,1918,11,-49,A,5c:62:8b:66:67:d2"
1791490661.361,"B,14275,10,b2:db:ca:e6:29:a6,56,2,0,0,-21,S,5c:62:8b:66:67:d2"
1791490661.361,"B,14275,10,46:88:44:6e:4f:e4,1750,5,0,0,-27,S,5c:62:8b:66:67:d2"
1791490661.361,"B,14275,10,72:3b:01:24:b7:c8,112,4,9871,13,-16,S,5c:62:8b:66:67:d2"
1791490661.361,"B,14375,10,5c:62:8b:66:67:d2,3725,8,1744,8,-49,A,5c:62:8b:66:67:d2"
1791490661.361,"B,14375,10,b2:db:ca:e6:29:a6,56,2,0,0,-22,S,5c:62:8b:66:67:d2"
1791490661.361,"B,14375,10,78:8c:b5:f5:e7:26,0,0,30,1,-74,A,78:8c:b5:f5:e7:26"
1791490661.361,"B,14375,10,46:88:44:6e:4f:e4,1660,5,0,0,-27,S,5c:62:8b:66:67:d2"
1791490661.361,"B,14375,10,72:3b:01:24:b7:c8,28,1,3725,8,-17,S,5c:62:8b:66:67:d2"
1791490661.361,"B,14375,10,a6:4c:bd:b6:c7:99,30,1,0,0,-89,S,78:8c:b5:f5:e7:26"
1791490661.564,"B,14475,10,5c:62:8b:66:67:d2,3725,8,2815,10,-49,A,5c:62:8b:66:67:d2"
1791490661.564,"B,14475,10,b2:db:ca:e6:29:a6,28,1,0,0,-23,S,5c:62:8b:66:67:d2"
1791490661.564,"B,14475,10,46:88:44:6e:4f:e4,2703,6,0,0,-27,S,5c:62:8b:66:67:d2"
1791490661.564,"B,14475,10,72:3b:01:24:b7:c8,84,3,3725,8,-17,S,5c:62:8b:66:67:d2"
1791490661.564,"B,14575,10,5c:62:8b:66:67:d2,4425,10,3193,12,-49,A,5c:62:8b:66:67:d2"
1791490661.564,"B,14575,10,b2:db:ca:e6:29:a6,56,2,0,0,-21,S,5c:62:8b:66:67:d2"
1791490661.564,"B,14575,10,46:88:44:6e:4f:e4,3053,7,0,0,-27,S,5c:62:8b:66:67:d2"
1791490661.564,"B,14575,10,72:3b:01:24:b7:c8,84,3,4425,10,-16,S,5c:62:8b:66:67:d2"
1791490661.768,"B,14675,10,5c:62:8b:66:67:d2,2789,6,2759,8,-49,A,5c:62:8b:66:67:d2"
1791490661.768,"B,14675,10,b2:db:ca:e6:29:a6,56,2,0,0,-23,S,5c:62:8b:66:67:d2"
1791490661.768,"B,14675,10,78:8c:b5:f5:e7:26,0,0,30,1,-74,A,78:8c:b5:f5:e7:26"
1791490661.768,"B,14675,10,46:88:44:6e:4f:e4,2703,6,0,0,-26,S,5c:62:8b:66:67:d2"
1791490661.768,"B,14675,10,72:3b:01:24:b7:c8,0,0,2789,6,0,S,5c:62:8b:66:67:d2"
1791490661.768,"B,14675,10,a6:4c:bd:b6:c7:99,30,1,0,0,-90,S,78:8c:b5:f5:e7:26"
1791490661.768,"B,14775,10,5c:62:8b:66:67:d2,350,1,3813,13,-50,A,5c:62:8b:66:67:d2"
1791490661.768,"B,14775,10,b2:db:ca:e6:29:a6,56,2,0,0,-23,S,5c:62:8b:66:67:d2"
1791490661.768,"B,14775,10,46:88:44:6e:4f:e4,3645,7,0,0,-26,S,5c:62:8b:66:67:d2"
1791490661.768,"B,14775,10,72:3b:01:24:b7:c8,112,4,350,1,-17,S,5c:62:8b:66:67:d2"
1791490661.973,"B,14875,10,5c:62:8b:66:67:d2,3617,6,4231,16,-49,A,5c:62:8b:66:67:d2"
1791490661.973,"B,14875,10,b2:db:ca:e6:29:a6,28,1,0,0,-22,S,5c:62:8b:66:67:d2"
1791490661.973,"B,14875,10,46:88:44:6e:4f:e4,4007,8,0,0,-26,S,5c:62:8b:66:67:d2"
1791490661.973,"B,14875,10,72:3b:01:24:b7:c8,196,7,3617,6,-17,S,5c:62:8b:66:67:d2"
1791490661.973,"B,14975,10,5c:62:8b:66:67:d2,3629,6,1050,3,-49,A,5c:62:8b:66:67:d2"
1791490661.973,"B,14975,10,78:8c:b5:f5:e7:26,0,0,30,1,-74,A,78:8c:b5:f5:e7:26"
1791490661.973,"B,14975,10,46:88:44:6e:4f:e4,1050,3,0,0,-27,S,5c:62:8b:66:67:d2"
1791490661.973,"B,14975,10,72:3b:01:24:b7:c8,0,0,3629,6,0,S,5c:62:8b:66:67:d2"
1791490661.973,"B,14975,10,a6:4c:bd:b6:c7:99,30,1,0,0,-90,S,78:8c:b5:f5:e7:26"
1791490662.174,"B,15075,10,5c:62:8b:66:67:d2,4773,6,4913,11,-49,A,5c:62:8b:66:67:d2"
1791490662.174,"B,15075,10,46:88:44:6e:4f:e4,4801,7,0,0,-27,S,5c:62:8b:66:67:d2"
1791490662.174,"B,15075,10,72:3b:01:24:b7:c8,112,4,4773,6,-17,S,5c:62:8b:66:67:d2"
1791490662.174,"I,15082,stat,rx=2951,drops=0,ch=10,bin=100,hop=0,heap=203064"
1791490662.174,"B,15175,10,5c:62:8b:66:67:d2,7451,17,5940,12,-49,A,5c:62:8b:66:67:d2"
1791490662.174,"B,15175,10,46:88:44:6e:4f:e4,5828,8,0,0,-27,S,5c:62:8b:66:67:d2"
1791490662.174,"B,15175,10,72:3b:01:24:b7:c8,112,4,7451,17,-16,S,5c:62:8b:66:67:d2"
1791490662.375,"B,15275,10,5c:62:8b:66:67:d2,4827,7,5351,17,-49,A,5c:62:8b:66:67:d2"
1791490662.375,"B,15275,10,46:88:44:6e:4f:e4,5099,8,0,0,-27,S,5c:62:8b:66:67:d2"
1791490662.375,"B,15275,10,72:3b:01:24:b7:c8,252,9,4827,7,-16,S,5c:62:8b:66:67:d2"
1791490662.375,"B,15375,10,5c:62:8b:66:67:d2,2100,6,1106,5,-49,A,5c:62:8b:66:67:d2"
1791490662.375,"B,15375,10,b2:db:ca:e6:29:a6,28,1,0,0,-21,S,5c:62:8b:66:67:d2"
1791490662.375,"B,15375,10,78:8c:b5:f5:e7:26,0,0,30,1,-73,A,78:8c:b5:f5:e7:26"
1791490662.375,"B,15375,10,46:88:44:6e:4f:e4,1050,3,0,0,-27,S,5c:62:8b:66:67:d2"
1791490662.375,"B,15375,10,72:3b:01:24:b7:c8,28,1,2100,6,-17,S,5c:62:8b:66:67:d2"
1791490662.375,"B,15375,10,a6:4c:bd:b6:c7:99,30,1,0,0,-88,S,78:8c:b5:f5:e7:26"
1791490662.579,"B,15475,10,5c:62:8b:66:67:d2,5083,7,5223,12,-49,A,5c:62:8b:66:67:d2"
1791490662.579,"B,15475,10,b2:db:ca:e6:29:a6,56,2,0,0,-21,S,5c:62:8b:66:67:d2"
1791490662.579,"B,15475,10,46:88:44:6e:4f:e4,5111,8,0,0,-27,S,5c:62:8b:66:67:d2"
1791490662.579,"B,15475,10,72:3b:01:24:b7:c8,56,2,5083,7,-17,S,5c:62:8b:66:67:d2"
1791490662.579,"B,15575,10,5c:62:8b:66:67:d2,4395,5,4885,11,-49,A,5c:62:8b:66:67:d2"
1791490662.579,"B,15575,10,46:88:44:6e:4f:e4,4773,7,0,0,-27,S,5c:62:8b:66:67:d2"
1791490662.579,"B,15575,10,72:3b:01:24:b7:c8,112,4,4395,5,-17,S,5c:62:8b:66:67:d2"
1791490662.780,"B,15675,10,5c:62:8b:66:67:d2,5091,7,5812,8,-50,A,5c:62:8b:66:67:d2"
1791490662.780,"B,15675,10,46:88:44:6e:4f:e4,5812,8,0,0,-27,S,5c:62:8b:66:67:d2"
1791490662.780,"B,15675,10,72:3b:01:24:b7:c8,0,0,5091,7,0,S,5c:62:8b:66:67:d2"
1791490662.780,"B,15775,10,5c:62:8b:66:67:d2,3249,4,4845,10,-49,A,5c:62:8b:66:67:d2"
1791490662.780,"B,15775,10,46:88:44:6e:4f:e4,4761,7,0,0,-27,S,5c:62:8b:66:67:d2"
1791490662.780,"B,15775,10,72:3b:01:24:b7:c8,84,3,3249,4,-17,S,5c:62:8b:66:67:d2"
1791490662.985,"B,15875,10,5c:62:8b:66:67:d2,4081,4,5915,12,-49,A,5c:62:8b:66:67:d2"
1791490662.985,"B,15875,10,46:88:44:6e:4f:e4,5859,10,0,0,-27,S,5c:62:8b:66:67:d2"
1791490662.985,"B,15875,10,72:3b:01:24:b7:c8,56,2,4081,4,-17,S,5c:62:8b:66:67:d2"
1791490662.985,"B,15975,10,5c:62:8b:66:67:d2,4765,6,4793,7,-49,A,5c:62:8b:66:67:d2"
1791490662.985,"B,15975,10,78:8c:b5:f5:e7:26,0,0,30,1,-73,A,78:8c:b5:f5:e7:26"
1791490662.985,"B,15975,10,46:88:44:6e:4f:e4,4793,7,0,0,-26,S,5c:62:8b:66:67:d2"
1791490662.985,"B,15975,10,72:3b:01:24:b7:c8,0,0,4765,6,0,S,5c:62:8b:66:67:d2"
1791490662.985,"B,15975,10,a6:4c:bd:b6:c7:99,30,1,0,0,-89,S,78:8c:b5:f5:e7:26"
1791490663.190,"B,16075,10,5c:62:8b:66:67:d2,1050,3,1162,7,-49,A,5c:62:8b:66:67:d2"
1791490663.190,"B,16075,10,78:8c:b5:f5:e7:26,0,0,30,1,-70,A,78:8c:b5:f5:e7:26"
1791490663.190,"B,16075,10,46:88:44:6e:4f:e4,1078,4,0,0,-25,S,5c:62:8b:66:67:d2"
1791490663.190,"B,16075,10,72:3b:01:24:b7:c8,84,3,1050,3,-17,S,5c:62:8b:66:67:d2"
1791490663.190,"B,16075,10,a6:4c:bd:b6:c7:99,30,1,0,0,-89,S,78:8c:b5:f5:e7:26"
1791490663.190,"B,16175,10,5c:62:8b:66:67:d2,4817,6,5391,15,-49,A,5c:62:8b:66:67:d2"
1791490663.190,"B,16175,10,78:8c:b5:f5:e7:26,80,1,30,1,-76,A,78:8c:b5:f5:e7:26"
1791490663.190,"B,16175,10,46:88:44:6e:4f:e4,5167,7,0,0,-27,S,5c:62:8b:66:67:d2"
1791490663.190,"B,16175,10,72:3b:01:24:b7:c8,224,8,4817,6,-17,S,5c:62:8b:66:67:d2"
1791490663.190,"B,16175,10,a6:4c:bd:b6:c7:99,30,1,0,0,-89,S,78:8c:b5:f5:e7:26"
1791490663.394,"B,16275,10,5c:62:8b:66:67:d2,0,0,4873,10,-48,A,5c:62:8b:66:67:d2"
1791490663.394,"B,16275,10,46:88:44:6e:4f:e4,4789,7,0,0,-26,S,5c:62:8b:66:67:d2"
1791490663.394,"B,16275,10,72:3b:01:24:b7:c8,84,3,0,0,-17,S,5c:62:8b:66:67:d2"
1791490663.394,"B,16375,10,5c:62:8b:66:67:d2,0,0,11193,16,-49,A,5c:62:8b:66:67:d2"
1791490663.394,"B,16375,10,78:8c:b5:f5:e7:26,161,1,0,0,-76,A,78:8c:b5:f5:e7:26"
1791490663.394,"B,16375,10,46:88:44:6e:4f:e4,11081,12,0,0,-27,S,5c:62:8b:66:67:d2"
1791490663.394,"B,16375,10,72:3b:01:24:b7:c8,112,4,0,0,-17,S,5c:62:8b:66:67:d2"
1791490663.599,"B,16475,10,5c:62:8b:66:67:d2,9590,12,4869,8,-49,A,5c:62:8b:66:67:d2"
1791490663.599,"B,16475,10,46:88:44:6e:4f:e4,4841,7,0,0,-27,S,5c:62:8b:66:67:d2"
1791490663.599,"B,16475,10,72:3b:01:24:b7:c8,28,1,9590,12,-17,S,5c:62:8b:66:67:d2"
1791490663.599,"B,16575,10,5c:62:8b:66:67:d2,5025,8,6246,10,-49,A,5c:62:8b:66:67:d2"
1791490663.599,"B,16575,10,b2:db:ca:e6:29:a6,28,1,0,0,-23,S,5c:62:8b:66:67:d2"
1791490663.599,"B,16575,10,46:88:44:6e:4f:e4,6218,9,0,0,-27,S,5c:62:8b:66:67:d2"
1791490663.599,"B,16575,10,72:3b:01:24:b7:c8,0,0,5025,8,0,S,5c:62:8b:66:67:d2"
1791490663.802,"B,16675,10,5c:62:8b:66:67:d2,6300,18,1358,14,-49,A,5c:62:8b:66:67:d2"
1791490663.802,"B,16675,10,b2:db:ca:e6:29:a6,56,2,0,0,-20,S,5c:62:8b:66:67:d2"
1791490663.802,"B,16675,10,46:88:44:6e:4f:e4,1050,3,0,0,-27,S,5c:62:8b:66:67:d2"
1791490663.802,"B,16675,10,72:3b:01:24:b7:c8,252,9,6300,18,-16,S,5c:62:8b:66:67:d2"
1791490663.802,"B,16775,10,5c:62:8b:66:67:d2,3599,5,4905,9,-49,A,5c:62:8b:66:67:d2"
1791490663.802,"B,16775,10,b2:db:ca:e6:29:a6,56,2,0,0,-22,S,5c:62:8b:66:67:d2"
1791490663.802,"B,16775,10,78:8c:b5:f5:e7:26,0,0,30,1,-74,A,78:8c:b5:f5:e7:26"
1791490663.802,"B,16775,10,46:88:44:6e:4f:e4,4849,7,0,0,-27,S,5c:62:8b:66:67:d2"
1791490663.802,"B,16775,10,72:3b:01:24:b7:c8,0,0,3599,5,0,S,5c:62:8b:66:67:d2"
1791490663.802,"B,16775,10,a6:4c:bd:b6:c7:99,30,1,0,0,-91,S,78:8c:b5:f5:e7:26"
1791490664.007,"B,16875,10,5c:62:8b:66:67:d2,5041,8,3810,7,-49,A,5c:62:8b:66:67:d2"
1791490664.007,"B,16875,10,b2:db:ca:e6:29:a6,28,1,0,0,-22,S,5c:62:8b:66:67:d2"
1791490664.007,"B,16875,10,78:8c:b5:f5:e7:26,0,0,30,1,0,A,78:8c:b5:f5:e7:26"
1791490664.007,"B,16875,10,46:88:44:6e:4f:e4,3782,6,138,1,-27,S,5c:62:8b:66:67:d2"
1791490664.007,"B,16875,10,72:3b:01:24:b7:c8,0,0,4903,7,0,S,5c:62:8b:66:67:d2"
1791490664.007,"B,16875,10,a6:4c:bd:b6:c7:99,30,1,0,0,-90,S,78:8c:b5:f5:e7:26"
1791490664.007,"B,16975,10,5c:62:8b:66:67:d2,14221,17,5165,17,-49,A,5c:62:8b:66:67:d2"
1791490664.007,"B,16975,10,46:88:44:6e:4f:e4,4885,7,0,0,-27,S,5c:62:8b:66:67:d2"
1791490664.007,"B,16975,10,72:3b:01:24:b7:c8,280,10,14221,17,-17,S,5c:62:8b:66:67:d2"
1791490664.210,"B,17075,10,5c:62:8b:66:67:d2,4837,6,4987,9,-49,A,5c:62:8b:66:67:d2"
1791490664.210,"B,17075,10,b2:db:ca:e6:29:a6,28,1,0,0,-23,S,5c:62:8b:66:67:d2"
1791490664.210,"B,17075,10,46:88:44:6e:4f:e4,4959,8,0,0,-27,S,5c:62:8b:66:67:d2"
1791490664.210,"B,17075,10,72:3b:01:24:b7:c8,0,0,4837,6,0,S,5c:62:8b:66:67:d2"
1791490664.210,"B,17175,10,5c:62:8b:66:67:d2,4817,6,4845,7,-49,A,5c:62:8b:66:67:d2"
1791490664.210,"B,17175,10,78:8c:b5:f5:e7:26,80,1,0,0,-74,A,78:8c:b5:f5:e7:26"
1791490664.210,"B,17175,10,46:88:44:6e:4f:e4,4845,7,0,0,-27,S,5c:62:8b:66:67:d2"
1791490664.210,"B,17175,10,72:3b:01:24:b7:c8,0,0,4817,6,0,S,5c:62:8b:66:67:d2"
1791490664.414,"B,17275,10,5c:62:8b:66:67:d2,0,0,1358,14,-48,A,5c:62:8b:66:67:d2"
1791490664.414,"B,17275,10,46:88:44:6e:4f:e4,1050,3,0,0,-27,S,5c:62:8b:66:67:d2"
1791490664.414,"B,17275,10,72:3b:01:24:b7:c8,308,11,0,0,-17,S,5c:62:8b:66:67:d2"
1791490664.414,"B,17275,10,80:af:ca:68:4c:f8,84,1,0,0,-81,A,80:af:ca:68:4c:f8"
1791490664.414,"B,17275,10,8a:ce:16:78:6f:dc,30,1,0,0,-93,A,8a:ce:16:78:6f:dc"
1791490664.414,"B,17275,10,d2:cf:53:d5:b8:26,0,0,30,1,0,S,8a:ce:16:78:6f:dc"
1791490664.414,"B,17375,10,5c:62:8b:66:67:d2,350,1,4865,9,-49,A,5c:62:8b:66:67:d2"
1791490664.414,"B,17375,10,46:88:44:6e:4f:e4,4809,7,0,0,-26,S,5c:62:8b:66:67:d2"
1791490664.414,"B,17375,10,72:3b:01:24:b7:c8,56,2,350,1,-17,S,5c:62:8b:66:67:d2"
1791490664.617,"B,17475,10,5c:62:8b:66:67:d2,4797,6,7023,13,-49,A,5c:62:8b:66:67:d2"
1791490664.617,"B,17475,10,46:88:44:6e:4f:e4,6911,9,0,0,-26,S,5c:62:8b:66:67:d2"
1791490664.617,"B,17475,10,72:3b:01:24:b7:c8,112,4,4797,6,-17,S,5c:62:8b:66:67:d2"
1791490664.617,"B,17575,10,5c:62:8b:66:67:d2,10405,22,4861,8,-48,A,5c:62:8b:66:67:d2"
1791490664.617,"B,17575,10,46:88:44:6e:4f:e4,4833,7,0,0,-26,S,5c:62:8b:66:67:d2"
1791490664.617,"B,17575,10,72:3b:01:24:b7:c8,28,1,10405,22,-15,S,5c:62:8b:66:67:d2"
1791490664.822,"B,17675,10,5c:62:8b:66:67:d2,3949,6,3977,7,-49,A,5c:62:8b:66:67:d2"
1791490664.822,"B,17675,10,46:88:44:6e:4f:e4,3977,7,0,0,-27,S,5c:62:8b:66:67:d2"
1791490664.822,"B,17675,10,72:3b:01:24:b7:c8,0,0,3949,6,0,S,5c:62:8b:66:67:d2"
1791490664.822,"B,17775,10,5c:62:8b:66:67:d2,700,2,4089,11,-49,A,5c:62:8b:66:67:d2"
1791490664.822,"B,17775,10,46:88:44:6e:4f:e4,3977,7,0,0,-27,S,5c:62:8b:66:67:d2"
1791490664.822,"B,17775,10,72:3b:01:24:b7:c8,112,4,700,2,-16,S,5c:62:8b:66:67:d2"
1791490665.025,"B,17875,10,5c:62:8b:66:67:d2,8910,10,3446,12,-49,A,5c:62:8b:66:67:d2"
1791490665.025,"B,17875,10,46:88:44:6e:4f:e4,3306,7,0,0,-27,S,5c:62:8b:66:67:d2"
1791490665.025,"B,17875,10,72:3b:01:24:b7:c8,140,5,8910,10,-17,S,5c:62:8b:66:67:d2"
1791490665.025,"B,17975,10,5c:62:8b:66:67:d2,5911,9,4861,6,-49,A,5c:62:8b:66:67:d2"
1791490665.025,"B,17975,10,46:88:44:6e:4f:e4,4861,6,0,0,-27,S,5c:62:8b:66:67:d2"
1791490665.025,"B,17975,10,72:3b:01:24:b7:c8,0,0,5911,9,0,S,5c:62:8b:66:67:d2"
1791490665.025,"B,17975,10,80:af:ca:68:4c:f8,104,1,0,0,-84,A,80:af:ca:68:4c:f8"
1791490665.227,"B,18075,10,5c:62:8b:66:67:d2,0,0,4909,10,-49,A,5c:62:8b:66:67:d2"
1791490665.227,"B,18075,10,46:88:44:6e:4f:e4,4825,7,0,0,-27,S,5c:62:8b:66:67:d2"
1791490665.227,"B,18075,10,72:3b:01:24:b7:c8,84,3,0,0,-17,S,5c:62:8b:66:67:d2"
1791490665.227,"B,18175,10,5c:62:8b:66:67:d2,5497,8,7457,17,-49,A,5c:62:8b:66:67:d2"
1791490665.227,"B,18175,10,46:88:44:6e:4f:e4,7233,9,0,0,-27,S,5c:62:8b:66:67:d2"
1791490665.227,"B,18175,10,72:3b:01:24:b7:c8,224,8,5497,8,-17,S,5c:62:8b:66:67:d2"
1791490665.433,"B,18275,10,5c:62:8b:66:67:d2,4451,5,4921,11,-49,A,5c:62:8b:66:67:d2"
1791490665.433,"B,18275,10,b2:db:ca:e6:29:a6,112,4,0,0,-21,S,5c:62:8b:66:67:d2"
1791490665.433,"B,18275,10,78:8c:b5:f5:e7:26,80,1,0,0,-73,A,78:8c:b5:f5:e7:26"
1791490665.433,"B,18275,10,46:88:44:6e:4f:e4,4809,7,0,0,-27,S,5c:62:8b:66:67:d2"
1791490665.433,"B,18275,10,72:3b:01:24:b7:c8,0,0,4451,5,0,S,5c:62:8b:66:67:d2"
1791490665.433,"B,18375,10,5c:62:8b:66:67:d2,350,1,2261,10,-48,A,5c:62:8b:66:67:d2"
1791490665.433,"B,18375,10,b2:db:ca:e6:29:a6,28,1,0,0,-21,S,5c:62:8b:66:67:d2"
1791490665.433,"B,18375,10,46:88:44:6e:4f:e4,2121,5,0,0,-27,S,5c:62:8b:66:67:d2"
1791490665.433,"B,18375,10,72:3b:01:24:b7:c8,112,4,350,1,-17,S,5c:62:8b:66:67:d2"
1791490665.638,"B,18475,10,5c:62:8b:66:67:d2,9137,11,6784,13,-49,A,5c:62:8b:66:67:d2"
1791490665.638,"B,18475,10,46:88:44:6e:4f:e4,6644,8,0,0,-27,S,5c:62:8b:66:67:d2"
1791490665.638,"B,18475,10,72:3b:01:24:b7:c8,140,5,9137,11,-17,S,5c:62:8b:66:67:d2"
1791490665.638,"B,18575,10,5c:62:8b:66:67:d2,5501,8,5641,13,-49,A,5c:62:8b:66:67:d2"
1791490665.638,"B,18575,10,46:88:44:6e:4f:e4,5529,9,0,0,-27,S,5c:62:8b:66:67:d2"
1791490665.638,"B,18575,10,72:3b:01:24:b7:c8,112,4,5501,8,-17,S,5c:62:8b:66:67:d2"
1791490665.842,"B,18675,10,5c:62:8b:66:67:d2,4439,5,4901,10,-49,A,5c:62:8b:66:67:d2"
1791490665.842,"B,18675,10,46:88:44:6e:4f:e4,4817,7,0,0,-26,S,5c:62:8b:66:67:d2"
1791490665.842,"B,18675,10,72:3b:01:24:b7:c8,84,3,4439,5,-17,S,5c:62:8b:66:67:d2"
1791490665.842,"B,18775,10,5c:62:8b:66:67:d2,7637,14,6565,13,-50,A,5c:62:8b:66:67:d2"
1791490665.842,"B,18775,10,46:88:44:6e:4f:e4,6453,9,0,0,-26,S,5c:62:8b:66:67:d2"
1791490665.842,"B,18775,10,72:3b:01:24:b7:c8,112,4,7637,14,-17,S,5c:62:8b:66:67:d2"
1791490666.043,"B,18875,10,5c:62:8b:66:67:d2,350,1,5065,12,-49,A,5c:62:8b:66:67:d2"
1791490666.043,"B,18875,10,46:88:44:6e:4f:e4,4925,7,0,0,-26,S,5c:62:8b:66:67:d2"
1791490666.043,"B,18875,10,72:3b:01:24:b7:c8,140,5,350,1,-16,S,5c:62:8b:66:67:d2"
1791490666.043,"B,18975,10,5c:62:8b:66:67:d2,5247,7,1428,5,-49,A,5c:62:8b:66:67:d2"
1791490666.043,"B,18975,10,78:8c:b5:f5:e7:26,88,1,0,0,-73,A,78:8c:b5:f5:e7:26"
1791490666.043,"B,18975,10,46:88:44:6e:4f:e4,1428,5,0,0,-27,S,5c:62:8b:66:67:d2"
1791490666.043,"B,18975,10,72:3b:01:24:b7:c8,0,0,5247,7,0,S,5c:62:8b:66:67:d2"
1791490666.244,"B,19075,10,5c:62:8b:66:67:d2,4813,6,5275,11,-50,A,5c:62:8b:66:67:d2"
1791490666.244,"B,19075,10,46:88:44:6e:4f:e4,5163,7,0,0,-27,S,5c:62:8b:66:67:d2"
1791490666.244,"B,19075,10,72:3b:01:24:b7:c8,112,4,4813,6,-17,S,5c:62:8b:66:67:d2"
1791490666.244,"B,19175,10,5c:62:8b:66:67:d2,6315,7,11100,15,-49,A,5c:62:8b:66:67:d2"
1791490666.244,"B,19175,10,b2:db:ca:e6:29:a6,56,2,0,0,-22,S,5c:62:8b:66:67:d2"
1791490666.244,"B,19175,10,78:8c:b5:f5:e7:26,0,0,30,1,-74,A,78:8c:b5:f5:e7:26"
1791490666.244,"B,19175,10,46:88:44:6e:4f:e4,11044,13,0,0,-27,S,5c:62:8b:66:67:d2"
1791490666.244,"B,19175,10,72:3b:01:24:b7:c8,0,0,6315,7,0,S,5c:62:8b:66:67:d2"
1791490666.244,"B,19175,10,a6:4c:bd:b6:c7:99,30,1,0,0,-91,S,78:8c:b5:f5:e7:26"
1791490666.447,"B,19275,10,5c:62:8b:66:67:d2,4495,5,4901,8,-49,A,5c:62:8b:66:67:d2"
1791490666.447,"B,19275,10,b2:db:ca:e6:29:a6,28,1,0,0,-21,S,5c:62:8b:66:67:d2"
1791490666.447,"B,19275,10,46:88:44:6e:4f:e4,4873,7,0,0,-27,S,5c:62:8b:66:67:d2"
1791490666.447,"B,19275,10,72:3b:01:24:b7:c8,0,0,4495,5,0,S,5c:62:8b:66:67:d2"
1791490666.447,"B,19375,10,5c:62:8b:66:67:d2,4451,5,5375,15,-50,A,5c:62:8b:66:67:d2"
1791490666.447,"B,19375,10,b2:db:ca:e6:29:a6,28,1,0,0,-21,S,5c:62:8b:66:67:d2"
1791490666.447,"B,19375,10,46:88:44:6e:4f:e4,5179,8,0,0,-27,S,5c:62:8b:66:67:d2"
1791490666.447,"B,19375,10,72:3b:01:24:b7:c8,168,6,4451,5,-17,S,5c:62:8b:66:67:d2"
1791490666.648,"B,19475,10,5c:62:8b:66:67:d2,3599,5,5013,12,-49,A,5c:62:8b:66:67:d2"
1791490666.648,"B,19475,10,b2:db:ca:e6:29:a6,28,1,0,0,-23,S,5c:62:8b:66:67:d2"
1791490666.648,"B,19475,10,46:88:44:6e:4f:e4,4873,7,0,0,-27,S,5c:62:8b:66:67:d2"
1791490666.648,"B,19475,10,72:3b:01:24:b7:c8,112,4,3599,5,-17,S,5c:62:8b:66:67:d2"
1791490666.648,"B,19575,10,5c:62:8b:66:67:d2,1400,4,2177,7,-49,A,5c:62:8b:66:67:d2"
1791490666.648,"B,19575,10,b2:db:ca:e6:29:a6,56,2,0,0,-22,S,5c:62:8b:66:67:d2"
1791490666.648,"B,19575,10,46:88:44:6e:4f:e4,2121,5,0,0,-27,S,5c:62:8b:66:67:d2"
1791490666.648,"B,19575,10,72:3b:01:24:b7:c8,0,0,1400,4,0,S,5c:62:8b:66:67:d2"
1791490666.648,"B,19675,10,5c:62:8b:66:67:d2,4551,5,4082,13,-49,A,5c:62:8b:66:67:d2"
1791490666.648,"B,19675,10,b2:db:ca:e6:29:a6,56,2,0,0,-22,S,5c:62:8b:66:67:d2"
1791490666.848,"B,19675,10,46:88:44:6e:4f:e4,3858,5,0,0,-27,S,5c:62:8b:66:67:d2"
1791490666.848,"B,19675,10,72:3b:01:24:b7:c8,168,6,4551,5,-17,S,5c:62:8b:66:67:d2"
1791490666.848,"B,19775,10,5c:62:8b:66:67:d2,0,0,3817,9,-49,A,5c:62:8b:66:67:d2"
1791490666.848,"B,19775,10,b2:db:ca:e6:29:a6,56,2,0,0,-22,S,5c:62:8b:66:67:d2"
1791490666.848,"B,19775,10,46:88:44:6e:4f:e4,3761,7,0,0,-27,S,5c:62:8b:66:67:d2"
1791490666.848,"B,19875,10,5c:62:8b:66:67:d2,350,1,2759,8,-49,A,5c:62:8b:66:67:d2"
1791490666.848,"B,19875,10,b2:db:ca:e6:29:a6,56,2,0,0,-22,S,5c:62:8b:66:67:d2"
1791490666.848,"B,19875,10,46:88:44:6e:4f:e4,2703,6,0,0,-27,S,5c:62:8b:66:67:d2"
1791490667.048,"B,19875,10,72:3b:01:24:b7:c8,0,0,350,1,0,S,5c:62:8b:66:67:d2"
1791490667.048,"B,19975,10,5c:62:8b:66:67:d2,2675,5,2899,13,-49,A,5c:62:8b:66:67:d2"
1791490667.048,"B,19975,10,b2:db:ca:e6:29:a6,56,2,0,0,-21,S,5c:62:8b:66:67:d2"
1791490667.048,"B,19975,10,46:88:44:6e:4f:e4,2703,6,0,0,-26,S,5c:62:8b:66:67:d2"
1791490667.048,"B,19975,10,72:3b:01:24:b7:c8,140,5,2675,5,-16,S,5c:62:8b:66:67:d2"
1791490667.048,"B,20075,10,5c:62:8b:66:67:d2,2675,5,3109,9,-49,A,5c:62:8b:66:67:d2"
1791490667.048,"B,20075,10,b2:db:ca:e6:29:a6,56,2,0,0,-23,S,5c:62:8b:66:67:d2"
1791490667.048,"B,20075,10,46:88:44:6e:4f:e4,3053,7,0,0,-26,S,5c:62:8b:66:67:d2"
1791490667.048,"B,20075,10,72:3b:01:24:b7:c8,0,0,2675,5,0,S,5c:62:8b:66:67:d2"
1791490667.249,"I,20083,stat,rx=3990,drops=0,ch=10,bin=100,hop=0,heap=203064"
1791490667.249,"B,20175,10,5c:62:8b:66:67:d2,1050,3,1246,10,-49,A,5c:62:8b:66:67:d2"
1791490667.249,"B,20175,10,b2:db:ca:e6:29:a6,56,2,0,0,-21,S,5c:62:8b:66:67:d2"
1791490667.249,"B,20175,10,78:8c:b5:f5:e7:26,80,1,0,0,-73,A,78:8c:b5:f5:e7:26"
1791490667.249,"B,20175,10,46:88:44:6e:4f:e4,1078,4,0,0,-25,S,5c:62:8b:66:67:d2"
1791490667.249,"B,20175,10,72:3b:01:24:b7:c8,112,4,1050,3,-17,S,5c:62:8b:66:67:d2"
1791490667.249,"B,20275,10,5c:62:8b:66:67:d2,3025,6,3123,21,-49,A,5c:62:8b:66:67:d2"
1791490667.249,"B,20275,10,b2:db:ca:e6:29:a6,56,2,0,0,-21,S,5c:62:8b:66:67:d2"
1791490667.249,"B,20275,10,46:88:44:6e:4f:e4,2675,5,0,0,-27,S,5c:62:8b:66:67:d2"
1791490667.249,"B,20275,10,72:3b:01:24:b7:c8,392,14,3025,6,-17,S,5c:62:8b:66:67:d2"
1791490667.449,"B,20375,10,5c:62:8b:66:67:d2,2675,5,3403,8,-49,A,5c:62:8b:66:67:d2"
1791490667.449,"B,20375,10,46:88:44:6e:4f:e4,3403,8,0,0,-27,S,5c:62:8b:66:67:d2"
1791490667.449,"B,20375,10,72:3b:01:24:b7:c8,0,0,2675,5,0,S,5c:62:8b:66:67:d2"
1791490667.449,"B,20475,10,5c:62:8b:66:67:d2,2675,5,3431,9,-49,A,5c:62:8b:66:67:d2"
1791490667.449,"B,20475,10,b2:db:ca:e6:29:a6,28,1,0,0,-21,S,5c:62:8b:66:67:d2"
1791490667.449,"B,20475,10,46:88:44:6e:4f:e4,3403,8,0,0,-27,S,5c:62:8b:66:67:d2"
1791490667.449,"B,20475,10,72:3b:01:24:b7:c8,0,0,2675,5,0,S,5c:62:8b:66:67:d2"
1791490667.650,"B,20575,10,5c:62:8b:66:67:d2,5350,10,2843,11,-49,A,5c:62:8b:66:67:d2"
1791490667.650,"B,20575,10,46:88:44:6e:4f:e4,2703,6,0,0,-27,S,5c:62:8b:66:67:d2"
1791490667.650,"B,20575,10,72:3b:01:24:b7:c8,140,5,5350,10,-17,S,5c:62:8b:66:67:d2"
1791490667.650,"B,20675,10,5c:62:8b:66:67:d2,2675,5,2703,6,-50,A,5c:62:8b:66:67:d2"
1791490667.650,"B,20675,10,46:88:44:6e:4f:e4,2703,6,0,0,-27,S,5c:62:8b:66:67:d2"
1791490667.650,"B,20675,10,72:3b:01:24:b7:c8,0,0,2675,5,0,S,5c:62:8b:66:67:d2"
1791490667.851,"B,20775,10,5c:62:8b:66:67:d2,700,2,1246,10,-49,A,5c:62:8b:66:67:d2"
1791490667.851,"B,20775,10,46:88:44:6e:4f:e4,1078,4,0,0,-27,S,5c:62:8b:66:67:d2"
1791490667.851,"B,20775,10,72:3b:01:24:b7:c8,168,6,700,2,-17,S,5c:62:8b:66:67:d2"
1791490667.851,"M,20799,slot,0,1"
1791490667.851,"B,20875,10,5c:62:8b:66:67:d2,0,0,2815,10,-48,A,5c:62:8b:66:67:d2"
1791490667.851,"B,20875,10,46:88:44:6e:4f:e4,2675,5,0,0,-27,S,5c:62:8b:66:67:d2"
1791490667.851,"B,20875,10,72:3b:01:24:b7:c8,140,5,0,0,-16,S,5c:62:8b:66:67:d2"
1791490668.052,"B,20975,10,5c:62:8b:66:67:d2,3725,8,3431,9,-49,A,5c:62:8b:66:67:d2"
1791490668.052,"B,20975,10,46:88:44:6e:4f:e4,3403,8,0,0,-27,S,5c:62:8b:66:67:d2"
1791490668.052,"B,20975,10,72:3b:01:24:b7:c8,28,1,3725,8,-17,S,5c:62:8b:66:67:d2"
1791490668.052,"B,21075,10,5c:62:8b:66:67:d2,2781,6,2815,10,-50,A,5c:62:8b:66:67:d2"
1791490668.052,"B,21075,10,78:8c:b5:f5:e7:26,0,0,30,1,-72,A,78:8c:b5:f5:e7:26"
1791490668.052,"B,21075,10,46:88:44:6e:4f:e4,2703,6,0,0,-27,S,5c:62:8b:66:67:d2"
1791490668.052,"B,21075,10,72:3b:01:24:b7:c8,112,4,2781,6,-17,S,5c:62:8b:66:67:d2"
1791490668.052,"B,21075,10,a6:4c:bd:b6:c7:99,30,1,0,0,-91,S,78:8c:b5:f5:e7:26"
1791490668.254,"B,21175,10,5c:62:8b:66:67:d2,350,1,2843,11,-49,A,5c:62:8b:66:67:d2"
1791490668.254,"B,21175,10,46:88:44:6e:4f:e4,2703,6,0,0,-27,S,5c:62:8b:66:67:d2"
1791490668.254,"B,21175,10,72:3b:01:24:b7:c8,140,5,350,1,-16,S,5c:62:8b:66:67:d2"
1791490668.254,"B,21275,10,5c:62:8b:66:67:d2,2325,4,2759,8,-49,A,5c:62:8b:66:67:d2"
1791490668.254,"B,21275,10,46:88:44:6e:4f:e4,2703,6,0,0,-26,S,5c:62:8b:66:67:d2"
1791490668.254,"B,21275,10,72:3b:01:24:b7:c8,56,2,2325,4,-17,S,5c:62:8b:66:67:d2"
1791490668.456,"B,21375,10,5c:62:8b:66:67:d2,0,0,1540,9,-48,A,5c:62:8b:66:67:d2"
1791490668.456,"B,21375,10,78:8c:b5:f5:e7:26,0,0,30,1,-73,A,78:8c:b5:f5:e7:26"
1791490668.456,"B,21375,10,46:88:44:6e:4f:e4,1400,4,0,0,-27,S,5c:62:8b:66:67:d2"
1791490668.456,"B,21375,10,72:3b:01:24:b7:c8,140,5,0,0,-17,S,5c:62:8b:66:67:d2"
1791490668.456,"B,21375,10,a6:4c:bd:b6:c7:99,30,1,0,0,-88,S,78:8c:b5:f5:e7:26"
1791490668.456,"B,21475,10,5c:62:8b:66:67:d2,5114,10,5140,14,-49,A,5c:62:8b:66:67:d2"
1791490668.456,"B,21475,10,b2:db:ca:e6:29:a6,84,3,0,0,-21,S,5c:62:8b:66:67:d2"
1791490668.456,"B,21475,10,46:88:44:6e:4f:e4,5028,10,0,0,-26,S,5c:62:8b:66:67:d2"
1791490668.456,"B,21475,10,72:3b:01:24:b7:c8,28,1,5114,10,-17,S,5c:62:8b:66:67:d2"
1791490668.658,"B,21575,10,5c:62:8b:66:67:d2,1164,4,1134,6,-49,A,5c:62:8b:66:67:d2"
1791490668.658,"B,21575,10,b2:db:ca:e6:29:a6,56,2,0,0,-22,S,5c:62:8b:66:67:d2"
1791490668.658,"B,21575,10,46:88:44:6e:4f:e4,1078,4,0,0,-25,S,5c:62:8b:66:67:d2"
1791490668.658,"B,21575,10,72:3b:01:24:b7:c8,0,0,1164,4,0,S,5c:62:8b:66:67:d2"
1791490668.658,"B,21675,10,5c:62:8b:66:67:d2,350,1,5307,15,-49,A,5c:62:8b:66:67:d2"
1791490668.658,"B,21675,10,b2:db:ca:e6:29:a6,56,2,0,0,-21,S,5c:62:8b:66:67:d2"
1791490668.658,"B,21675,10,46:88:44:6e:4f:e4,5139,9,0,0,-27,S,5c:62:8b:66:67:d2"
1791490668.658,"B,21675,10,72:3b:01:24:b7:c8,112,4,350,1,-16,S,5c:62:8b:66:67:d2"
1791490668.861,"B,21775,10,5c:62:8b:66:67:d2,3025,6,3425,12,-49,A,5c:62:8b:66:67:d2"
1791490668.861,"B,21775,10,b2:db:ca:e6:29:a6,28,1,0,0,-21,S,5c:62:8b:66:67:d2"
1791490668.861,"B,21775,10,46:88:44:6e:4f:e4,3285,7,0,0,-27,S,5c:62:8b:66:67:d2"
1791490668.861,"B,21775,10,72:3b:01:24:b7:c8,112,4,3025,6,-16,S,5c:62:8b:66:67:d2"
1791490668.861,"B,21875,10,5c:62:8b:66:67:d2,1975,3,3453,13,-49,A,5c:62:8b:66:67:d2"
1791490668.861,"B,21875,10,b2:db:ca:e6:29:a6,84,3,0,0,-22,S,5c:62:8b:66:67:d2"
1791490668.861,"B,21875,10,46:88:44:6e:4f:e4,3285,7,0,0,-27,S,5c:62:8b:66:67:d2"
1791490668.861,"B,21875,10,72:3b:01:24:b7:c8,84,3,1975,3,-19,S,5c:62:8b:66:67:d2"
1791490669.062,"B,21975,10,5c:62:8b:66:67:d2,1050,3,1134,6,-49,A,5c:62:8b:66:67:d2"
1791490669.062,"B,21975,10,b2:db:ca:e6:29:a6,56,2,0,0,-22,S,5c:62:8b:66:67:d2"
1791490669.062,"B,21975,10,46:88:44:6e:4f:e4,1078,4,0,0,-27,S,5c:62:8b:66:67:d2"
1791490669.062,"B,21975,10,72:3b:01:24:b7:c8,0,0,1050,3,0,S,5c:62:8b:66:67:d2"
1791490669.062,"B,22075,10,5c:62:8b:66:67:d2,0,0,2871,12,-48,A,5c:62:8b:66:67:d2"
1791490669.062,"B,22075,10,b2:db:ca:e6:29:a6,56,2,0,0,-21,S,5c:62:8b:66:67:d2"
1791490669.062,"B,22075,10,46:88:44:6e:4f:e4,2675,5,0,0,-27,S,5c:62:8b:66:67:d2"
1791490669.062,"B,22075,10,72:3b:01:24:b7:c8,140,5,0,0,-17,S,5c:62:8b:66:67:d2"
1791490669.265,"B,22175,10,5c:62:8b:66:67:d2,5000,9,2927,14,-49,A,5c:62:8b:66:67:d2"
1791490669.265,"B,22175,10,b2:db:ca:e6:29:a6,28,1,0,0,-23,S,5c:62:8b:66:67:d2"
1791490669.265,"B,22175,10,78:8c:b5:f5:e7:26,80,1,0,0,-73,A,78:8c:b5:f5:e7:26"
1791490669.265,"B,22175,10,46:88:44:6e:4f:e4,2703,6,0,0,-27,S,5c:62:8b:66:67:d2"
1791490669.265,"B,22175,10,72:3b:01:24:b7:c8,196,7,5000,9,-17,S,5c:62:8b:66:67:d2"
1791490669.265,"B,22275,10,5c:62:8b:66:67:d2,0,0,2843,11,-49,A,5c:62:8b:66:67:d2"
1791490669.265,"B,22275,10,b2:db:ca:e6:29:a6,56,2,0,0,-21,S,5c:62:8b:66:67:d2"
1791490669.265,"B,22275,10,46:88:44:6e:4f:e4,2703,6,0,0,-27,S,5c:62:8b:66:67:d2"
1791490669.265,"B,22275,10,72:3b:01:24:b7:c8,84,3,0,0,-17,S,5c:62:8b:66:67:d2"
1791490669.467,"B,22375,10,5c:62:8b:66:67:d2,0,0,2289,11,-48,A,5c:62:8b:66:67:d2"
1791490669.467,"B,22375,10,b2:db:ca:e6:29:a6,28,1,0,0,-22,S,5c:62:8b:66:67:d2"
1791490669.467,"B,22375,10,78:8c:b5:f5:e7:26,0,0,30,1,-73,A,78:8c:b5:f5:e7:26"
1791490669.467,"B,22375,10,46:88:44:6e:4f:e4,2121,5,0,0,-27,S,5c:62:8b:66:67:d2"
1791490669.467,"B,22375,10,72:3b:01:24:b7:c8,140,5,0,0,-17,S,5c:62:8b:66:67:d2"
1791490669.467,"B,22375,10,a6:4c:bd:b6:c7:99,30,1,0,0,-90,S,78:8c:b5:f5:e7:26"
1791490669.467,"B,22475,10,5c:62:8b:66:67:d2,3375,7,3543,13,-49,A,5c:62:8b:66:67:d2"
1791490669.467,"B,22475,10,b2:db:ca:e6:29:a6,28,1,0,0,-22,S,5c:62:8b:66:67:d2"
1791490669.467,"B,22475,10,46:88:44:6e:4f:e4,3403,8,0,0,-27,S,5c:62:8b:66:67:d2"
1791490669.467,"B,22475,10,72:3b:01:24:b7:c8,112,4,3375,7,-16,S,5c:62:8b:66:67:d2"
1791490669.671,"B,22575,10,5c:62:8b:66:67:d2,5244,11,3609,13,-49,A,5c:62:8b:66:67:d2"
1791490669.671,"B,22575,10,b2:db:ca:e6:29:a6,28,1,0,0,-19,S,5c:62:8b:66:67:d2"
1791490669.671,"B,22575,10,46:88:44:6e:4f:e4,3497,9,138,1,-26,S,5c:62:8b:66:67:d2"
1791490669.671,"B,22575,10,72:3b:01:24:b7:c8,84,3,5106,10,-17,S,5c:62:8b:66:67:d2"
1791490669.671,"B,22675,10,5c:62:8b:66:67:d2,0,0,784,5,-47,A,5c:62:8b:66:67:d2"
1791490669.671,"B,22675,10,46:88:44:6e:4f:e4,700,2,0,0,-27,S,5c:62:8b:66:67:d2"
1791490669.671,"B,22675,10,72:3b:01:24:b7:c8,84,3,0,0,-17,S,5c:62:8b:66:67:d2"
1791490669.875,"B,22775,10,5c:62:8b:66:67:d2,3375,7,2703,6,-49,A,5c:62:8b:66:67:d2"
1791490669.875,"B,22775,10,46:88:44:6e:4f:e4,2703,6,0,0,-26,S,5c:62:8b:66:67:d2"
1791490669.875,"B,22775,10,72:3b:01:24:b7:c8,0,0,3375,7,0,S,5c:62:8b:66:67:d2"
1791490669.875,"B,22875,10,5c:62:8b:66:67:d2,350,1,2731,7,-48,A,5c:62:8b:66:67:d2"
1791490669.875,"B,22875,10,b2:db:ca:e6:29:a6,28,1,0,0,-21,S,5c:62:8b:66:67:d2"
1791490669.875,"B,22875,10,46:88:44:6e:4f:e4,2703,6,0,0,-26,S,5c:62:8b:66:67:d2"
1791490669.875,"B,22875,10,72:3b:01:24:b7:c8,0,0,350,1,0,S,5c:62:8b:66:67:d2"
1791490670.080,"B,22975,10,5c:62:8b:66:67:d2,2675,5,2955,15,-49,A,5c:62:8b:66:67:d2"
1791490670.080,"B,22975,10,b2:db:ca:e6:29:a6,84,3,0,0,-22,S,5c:62:8b:66:67:d2"
1791490670.080,"B,22975,10,46:88:44:6e:4f:e4,2703,6,0,0,-27,S,5c:62:8b:66:67:d2"
1791490670.080,"B,22975,10,72:3b:01:24:b7:c8,168,6,2675,5,-17,S,5c:62:8b:66:67:d2"
1791490670.080,"B,23075,10,5c:62:8b:66:67:d2,2675,5,3459,10,-48,A,5c:62:8b:66:67:d2"
1791490670.080,"B,23075,10,b2:db:ca:e6:29:a6,56,2,0,0,-21,S,5c:62:8b:66:67:d2"
1791490670.080,"B,23075,10,46:88:44:6e:4f:e4,3403,8,0,0,-27,S,5c:62:8b:66:67:d2"
1791490670.080,"B,23075,10,72:3b:01:24:b7:c8,0,0,2675,5,0,S,5c:62:8b:66:67:d2"
1791490670.284,"B,23175,10,5c:62:8b:66:67:d2,1050,3,1806,7,-48,A,5c:62:8b:66:67:d2"
1791490670.284,"B,23175,10,b2:db:ca:e6:29:a6,56,2,0,0,-21,S,5c:62:8b:66:67:d2"
1791490670.284,"B,23175,10,78:8c:b5:f5:e7:26,0,0,30,1,-73,A,78:8c:b5:f5:e7:26"
1791490670.284,"B,23175,10,46:88:44:6e:4f:e4,1750,5,0,0,-26,S,5c:62:8b:66:67:d2"
1791490670.284,"B,23175,10,72:3b:01:24:b7:c8,0,0,1050,3,0,S,5c:62:8b:66:67:d2"
1791490670.284,"B,23175,10,a6:4c:bd:b6:c7:99,30,1,0,0,-91,S,78:8c:b5:f5:e7:26"
1791490670.284,"B,23275,10,5c:62:8b:66:67:d2,15106,22,2899,13,-48,A,5c:62:8b:66:67:d2"
1791490670.284,"B,23275,10,b2:db:ca:e6:29:a6,28,1,0,0,-22,S,5c:62:8b:66:67:d2"
1791490670.284,"B,23275,10,78:8c:b5:f5:e7:26,80,1,0,0,-76,A,78:8c:b5:f5:e7:26"
1791490670.284,"B,23275,10,46:88:44:6e:4f:e4,2703,6,0,0,-27,S,5c:62:8b:66:67:d2"
1791490670.284,"B,23275,10,72:3b:01:24:b7:c8,168,6,15106,22,-17,S,5c:62:8b:66:67:d2"
1791490670.489,"B,23375,10,5c:62:8b:66:67:d2,0,0,3865,13,-46,A,5c:62:8b:66:67:d2"
1791490670.489,"B,23375,10,b2:db:ca:e6:29:a6,84,3,0,0,-22,S,5c:62:8b:66:67:d2"
1791490670.489,"B,23375,10,46:88:44:6e:4f:e4,3753,9,0,0,-27,S,5c:62:8b:66:67:d2"
1791490670.489,"B,23375,10,72:3b:01:24:b7:c8,28,1,0,0,-17,S,5c:62:8b:66:67:d2"
1791490670.489,"B,23475,10,5c:62:8b:66:67:d2,5468,11,3109,9,-49,A,5c:62:8b:66:67:d2"
1791490670.489,"B,23475,10,b2:db:ca:e6:29:a6,28,1,0,0,-23,S,5c:62:8b:66:67:d2"
1791490670.489,"B,23475,10,46:88:44:6e:4f:e4,3053,7,0,0,-26,S,5c:62:8b:66:67:d2"
1791490670.489,"B,23475,10,72:3b:01:24:b7:c8,28,1,5468,11,-17,S,5c:62:8b:66:67:d2"
1791490670.692,"B,23575,10,5c:62:8b:66:67:d2,2675,5,3886,12,-48,A,5c:62:8b:66:67:d2"
1791490670.692,"B,23575,10,46:88:44:6e:4f:e4,3746,7,0,0,-27,S,5c:62:8b:66:67:d2"
1791490670.692,"B,23575,10,72:3b:01:24:b7:c8,140,5,2675,5,-17,S,5c:62:8b:66:67:d2"
1791490670.692,"B,23675,10,5c:62:8b:66:67:d2,350,1,3165,11,-47,A,5c:62:8b:66:67:d2"
1791490670.692,"B,23675,10,b2:db:ca:e6:29:a6,56,2,0,0,-22,S,5c:62:8b:66:67:d2"
1791490670.692,"B,23675,10,46:88:44:6e:4f:e4,3053,7,0,0,-27,S,5c:62:8b:66:67:d2"
1791490670.692,"B,23675,10,72:3b:01:24:b7:c8,56,2,350,1,-17,S,5c:62:8b:66:67:d2"
1791490670.897,"B,23775,10,5c:62:8b:66:67:d2,0,0,1274,11,-47,A,5c:62:8b:66:67:d2"
1791490670.897,"B,23775,10,b2:db:ca:e6:29:a6,56,2,0,0,-21,S,5c:62:8b:66:67:d2"
1791490670.897,"B,23775,10,46:88:44:6e:4f:e4,1078,4,0,0,-27,S,5c:62:8b:66:67:d2"
1791490670.897,"B,23775,10,72:3b:01:24:b7:c8,140,5,0,0,-17,S,5c:62:8b:66:67:d2"
1791490670.897,"B,23875,10,5c:62:8b:66:67:d2,700,2,2871,12,-49,A,5c:62:8b:66:67:d2"
1791490670.897,"B,23875,10,b2:db:ca:e6:29:a6,84,3,0,0,-22,S,5c:62:8b:66:67:d2"
1791490670.897,"B,23875,10,46:88:44:6e:4f:e4,2675,5,0,0,-27,S,5c:62:8b:66:67:d2"
1791490670.897,"B,23875,10,72:3b:01:24:b7:c8,112,4,700,2,-17,S,5c:62:8b:66:67:d2"
1791490671.098,"B,23975,10,5c:62:8b:66:67:d2,2675,5,2759,8,-49,A,5c:62:8b:66:67:d2"
1791490671.098,"B,23975,10,b2:db:ca:e6:29:a6,56,2,0,0,-21,S,5c:62:8b:66:67:d2"
1791490671.098,"B,23975,10,46:88:44:6e:4f:e4,2703,6,0,0,-26,S,5c:62:8b:66:67:d2"
1791490671.098,"B,23975,10,72:3b:01:24:b7:c8,0,0,2675,5,0,S,5c:62:8b:66:67:d2"
1791490671.098,"B,24075,10,5c:62:8b:66:67:d2,350,1,2899,13,-49,A,5c:62:8b:66:67:d2"
1791490671.098,"B,24075,10,b2:db:ca:e6:29:a6,56,2,0,0,-20,S,5c:62:8b:66:67:d2"
1791490671.098,"B,24075,10,46:88:44:6e:4f:e4,2703,6,0,0,-26,S,5c:62:8b:66:67:d2"
1791490671.098,"B,24075,10,72:3b:01:24:b7:c8,140,5,350,1,-17,S,5c:62:8b:66:67:d2"
1791490671.300,"B,24175,10,5c:62:8b:66:67:d2,5000,9,2815,10,-49,A,5c:62:8b:66:67:d2"
1791490671.300,"B,24175,10,b2:db:ca:e6:29:a6,56,2,0,0,-21,S,5c:62:8b:66:67:d2"
1791490671.300,"B,24175,10,46:88:44:6e:4f:e4,2703,6,0,0,-26,S,5c:62:8b:66:67:d2"
1791490671.300,"B,24175,10,72:3b:01:24:b7:c8,56,2,5000,9,-17,S,5c:62:8b:66:67:d2"
1791490671.300,"B,24275,10,5c:62:8b:66:67:d2,0,0,5861,15,-48,A,5c:62:8b:66:67:d2"
1791490671.300,"B,24275,10,b2:db:ca:e6:29:a6,56,2,0,0,-22,S,5c:62:8b:66:67:d2"
1791490671.300,"B,24275,10,46:88:44:6e:4f:e4,5721,10,0,0,-27,S,5c:62:8b:66:67:d2"
1791490671.300,"B,24275,10,72:3b:01:24:b7:c8,84,3,0,0,-17,S,5c:62:8b:66:67:d2"
1791490671.506,"B,24375,10,5c:62:8b:66:67:d2,1050,3,1302,12,-49,A,5c:62:8b:66:67:d2"
1791490671.506,"B,24375,10,b2:db:ca:e6:29:a6,28,1,0,0,-21,S,5c:62:8b:66:67:d2"
1791490671.506,"B,24375,10,78:8c:b5:f5:e7:26,0,0,30,1,-73,A,78:8c:b5:f5:e7:26"
1791490671.506,"B,24375,10,46:88:44:6e:4f:e4,1050,3,0,0,-27,S,5c:62:8b:66:67:d2"
1791490671.506,"B,24375,10,72:3b:01:24:b7:c8,224,8,1050,3,-17,S,5c:62:8b:66:67:d2"
1791490671.506,"B,24375,10,a6:4c:bd:b6:c7:99,30,1,0,0,-90,S,78:8c:b5:f5:e7:26"
1791490671.506,"B,24475,10,5c:62:8b:66:67:d2,2675,5,3802,9,-49,A,5c:62:8b:66:67:d2"
1791490671.506,"B,24475,10,b2:db:ca:e6:29:a6,56,2,0,0,-21,S,5c:62:8b:66:67:d2"
1791490671.506,"B,24475,10,46:88:44:6e:4f:e4,3746,7,0,0,-27,S,5c:62:8b:66:67:d2"
1791490671.506,"B,24475,10,72:3b:01:24:b7:c8,0,0,2675,5,0,S,5c:62:8b:66:67:d2"
1791490671.506,"A,24480,10,02:eb:d8:11:99:9d,-58,"
1791490671.708,"B,24575,10,5c:62:8b:66:67:d2,2675,5,2759,8,-49,A,5c:62:8b:66:67:d2"
1791490671.708,"B,24575,10,b2:db:ca:e6:29:a6,56,2,0,0,-22,S,5c:62:8b:66:67:d2"
1791490671.708,"B,24575,10,46:88:44:6e:4f:e4,2703,6,0,0,-27,S,5c:62:8b:66:67:d2"
1791490671.708,"B,24575,10,72:3b:01:24:b7:c8,0,0,2675,5,0,S,5c:62:8b:66:67:d2"
1791490671.708,"A,24581,10,00:eb:d8:11:99:9d,-56,"
1791490671.708,"B,24675,10,5c:62:8b:66:67:d2,2675,5,3011,17,-49,A,5c:62:8b:66:67:d2"
1791490671.708,"B,24675,10,b2:db:ca:e6:29:a6,28,1,0,0,-23,S,5c:62:8b:66:67:d2"
1791490671.708,"B,24675,10,46:88:44:6e:4f:e4,2703,6,0,0,-27,S,5c:62:8b:66:67:d2"
1791490671.708,"B,24675,10,72:3b:01:24:b7:c8,280,10,2675,5,-17,S,5c:62:8b:66:67:d2"
1791490671.908,"B,24775,10,5c:62:8b:66:67:d2,350,1,2703,6,-49,A,5c:62:8b:66:67:d2"
1791490671.908,"B,24775,10,46:88:44:6e:4f:e4,2703,6,0,0,-27,S,5c:62:8b:66:67:d2"
1791490671.908,"B,24775,10,72:3b:01:24:b7:c8,0,0,350,1,0,S,5c:62:8b:66:67:d2"
1791490671.908,"B,24775,10,80:af:ca:68:4c:f8,82,1,0,0,-82,A,80:af:ca:68:4c:f8"
1791490671.908,"B,24775,10,52:4b:9a:a2:db:8e,0,0,82,1,0,S,80:af:ca:68:4c:f8"
1791490671.908,"B,24875,10,5c:62:8b:66:67:d2,1975,3,2703,6,-49,A,5c:62:8b:66:67:d2"
1791490671.908,"B,24875,10,46:88:44:6e:4f:e4,2703,6,0,0,-27,S,5c:62:8b:66:67:d2"
1791490671.908,"B,24875,10,72:3b:01:24:b7:c8,0,0,1975,3,0,S,5c:62:8b:66:67:d2"
1791490672.114,"B,24975,10,5c:62:8b:66:67:d2,350,1,1246,10,-48,A,5c:62:8b:66:67:d2"
1791490672.114,"B,24975,10,78:8c:b5:f5:e7:26,0,0,30,1,-73,A,78:8c:b5:f5:e7:26"
1791490672.114,"B,24975,10,46:88:44:6e:4f:e4,1078,4,0,0,-27,S,5c:62:8b:66:67:d2"
1791490672.114,"B,24975,10,72:3b:01:24:b7:c8,168,6,350,1,-17,S,5c:62:8b:66:67:d2"
1791490672.114,"B,24975,10,a6:4c:bd:b6:c7:99,30,1,0,0,-92,S,78:8c:b5:f5:e7:26"
1791490672.114,"B,25075,10,5c:62:8b:66:67:d2,3025,6,2731,7,-49,A,5c:62:8b:66:67:d2"
1791490672.114,"B,25075,10,46:88:44:6e:4f:e4,2675,5,0,0,-27,S,5c:62:8b:66:67:d2"
1791490672.114,"B,25075,10,72:3b:01:24:b7:c8,56,2,3025,6,-17,S,5c:62:8b:66:67:d2"
1791490672.114,"B,25075,10,80:af:ca:68:4c:f8,84,1,0,0,-84,A,80:af:ca:68:4c:f8"
1791490672.114,"I,25088,stat,rx=4909,drops=0,ch=10,bin=100,hop=0,heap=203064"
1791490672.319,"B,25175,10,5c:62:8b:66:67:d2,3481,8,2703,6,-49,A,5c:62:8b:66:67:d2"
1791490672.319,"B,25175,10,46:88:44:6e:4f:e4,2703,6,0,0,-27,S,5c:62:8b:66:67:d2"
1791490672.319,"B,25175,10,72:3b:01:24:b7:c8,0,0,3481,8,0,S,5c:62:8b:66:67:d2"
1791490672.319,"B,25275,10,5c:62:8b:66:67:d2,8275,21,4453,11,-48,A,5c:62:8b:66:67:d2"
1791490672.319,"B,25275,10,46:88:44:6e:4f:e4,4453,11,0,0,-26,S,5c:62:8b:66:67:d2"
1791490672.319,"B,25275,10,72:3b:01:24:b7:c8,0,0,8275,21,0,S,5c:62:8b:66:67:d2"
1791490672.523,"B,25375,10,5c:62:8b:66:67:d2,2675,5,2703,6,-49,A,5c:62:8b:66:67:d2"
1791490672.523,"B,25375,10,46:88:44:6e:4f:e4,2703,6,0,0,-26,S,5c:62:8b:66:67:d2"
1791490672.523,"B,25375,10,72:3b:01:24:b7:c8,0,0,2675,5,0,S,5c:62:8b:66:67:d2"
1791490672.523,"B,25475,10,5c:62:8b:66:67:d2,700,2,2787,9,-49,A,5c:62:8b:66:67:d2"
1791490672.523,"B,25475,10,b2:db:ca:e6:29:a6,28,1,0,0,-23,S,5c:62:8b:66:67:d2"
1791490672.523,"B,25475,10,46:88:44:6e:4f:e4,2703,6,0,0,-26,S,5c:62:8b:66:67:d2"
1791490672.523,"B,25475,10,72:3b:01:24:b7:c8,56,2,700,2,-17,S,5c:62:8b:66:67:d2"
1791490672.725,"B,25575,10,5c:62:8b:66:67:d2,2325,4,1218,9,-48,A,5c:62:8b:66:67:d2"
1791490672.725,"B,25575,10,b2:db:ca:e6:29:a6,112,4,0,0,-21,S,5c:62:8b:66:67:d2"
1791490672.725,"B,25575,10,46:88:44:6e:4f:e4,1050,3,0,0,-27,S,5c:62:8b:66:67:d2"
1791490672.725,"B,25575,10,72:3b:01:24:b7:c8,56,2,2325,4,-17,S,5c:62:8b:66:67:d2"
1791490672.725,"B,25675,10,5c:62:8b:66:67:d2,3375,7,3053,7,-48,A,5c:62:8b:66:67:d2"
1791490672.725,"B,25675,10,46:88:44:6e:4f:e4,3053,7,0,0,-27,S,5c:62:8b:66:67:d2"
1791490672.725,"B,25675,10,72:3b:01:24:b7:c8,0,0,3375,7,0,S,5c:62:8b:66:67:d2"
1791490672.929,"B,25775,10,5c:62:8b:66:67:d2,2325,4,3221,13,-48,A,5c:62:8b:66:67:d2"
1791490672.929,"B,25775,10,b2:db:ca:e6:29:a6,56,2,0,0,-23,S,5c:62:8b:66:67:d2"
1791490672.929,"B,25775,10,78:8c:b5:f5:e7:26,0,0,30,1,-73,A,78:8c:b5:f5:e7:26"
1791490672.929,"B,25775,10,46:88:44:6e:4f:e4,3053,7,0,0,-27,S,5c:62:8b:66:67:d2"
1791490672.929,"B,25775,10,72:3b:01:24:b7:c8,112,4,2325,4,-17,S,5c:62:8b:66:67:d2"
1791490672.929,"B,25775,10,a6:4c:bd:b6:c7:99,30,1,0,0,-90,S,78:8c:b5:f5:e7:26"
1791490672.929,"M,25874,slot,1,0"
1791490672.929,"B,25875,10,5c:62:8b:66:67:d2,700,2,2261,10,-48,A,5c:62:8b:66:67:d2"
1791490672.929,"B,25875,10,b2:db:ca:e6:29:a6,56,2,0,0,-22,S,5c:62:8b:66:67:d2"
1791490672.929,"B,25875,10,46:88:44:6e:4f:e4,2121,5,0,0,-27,S,5c:62:8b:66:67:d2"
1791490672.929,"B,25875,10,72:3b:01:24:b7:c8,84,3,700,2,-17,S,5c:62:8b:66:67:d2"
1791490673.133,"B,25975,10,5c:62:8b:66:67:d2,2675,5,2787,9,-48,A,5c:62:8b:66:67:d2"
1791490673.133,"B,25975,10,b2:db:ca:e6:29:a6,84,3,0,0,-20,S,5c:62:8b:66:67:d2"
1791490673.133,"B,25975,10,46:88:44:6e:4f:e4,2703,6,0,0,-27,S,5c:62:8b:66:67:d2"
1791490673.133,"B,25975,10,72:3b:01:24:b7:c8,0,0,2675,5,0,S,5c:62:8b:66:67:d2"
1791490673.133,"B,26075,10,5c:62:8b:66:67:d2,2675,5,3571,14,-48,A,5c:62:8b:66:67:d2"
1791490673.133,"B,26075,10,b2:db:ca:e6:29:a6,56,2,0,0,-22,S,5c:62:8b:66:67:d2"
1791490673.133,"B,26075,10,46:88:44:6e:4f:e4,3403,8,0,0,-27,S,5c:62:8b:66:67:d2"
1791490673.133,"B,26075,10,72:3b:01:24:b7:c8,112,4,2675,5,-17,S,5c:62:8b:66:67:d2"
1791490673.334,"B,26175,10,5c:62:8b:66:67:d2,350,1,1190,8,-47,A,5c:62:8b:66:67:d2"
1791490673.334,"B,26175,10,b2:db:ca:e6:29:a6,56,2,0,0,-21,S,5c:62:8b:66:67:d2"
1791490673.334,"B,26175,10,46:88:44:6e:4f:e4,1050,3,0,0,-27,S,5c:62:8b:66:67:d2"
1791490673.334,"B,26175,10,72:3b:01:24:b7:c8,84,3,350,1,-17,S,5c:62:8b:66:67:d2"
1791490673.334,"B,26275,10,5c:62:8b:66:67:d2,2675,5,3305,16,-48,A,5c:62:8b:66:67:d2"
1791490673.334,"B,26275,10,b2:db:ca:e6:29:a6,56,2,0,0,-22,S,5c:62:8b:66:67:d2"
1791490673.334,"B,26275,10,78:8c:b5:f5:e7:26,0,0,30,1,-73,A,78:8c:b5:f5:e7:26"
1791490673.334,"B,26275,10,46:88:44:6e:4f:e4,3053,7,0,0,-27,S,5c:62:8b:66:67:d2"
1791490673.334,"B,26275,10,72:3b:01:24:b7:c8,196,7,2675,5,-17,S,5c:62:8b:66:67:d2"
1791490673.334,"B,26275,10,a6:4c:bd:b6:c7:99,30,1,0,0,-90,S,78:8c:b5:f5:e7:26"
1791490673.537,"B,26375,10,5c:62:8b:66:67:d2,3375,7,2787,9,-48,A,5c:62:8b:66:67:d2"
1791490673.537,"B,26375,10,b2:db:ca:e6:29:a6,56,2,0,0,-21,S,5c:62:8b:66:67:d2"
1791490673.537,"B,26375,10,46:88:44:6e:4f:e4,2703,6,0,0,-27,S,5c:62:8b:66:67:d2"
1791490673.537,"B,26375,10,72:3b:01:24:b7:c8,28,1,3375,7,-17,S,5c:62:8b:66:67:d2"
1791490673.537,"B,26475,10,5c:62:8b:66:67:d2,350,1,4614,15,-47,A,5c:62:8b:66:67:d2"
1791490673.537,"B,26475,10,b2:db:ca:e6:29:a6,56,2,0,0,-21,S,5c:62:8b:66:67:d2"
1791490673.537,"B,26475,10,46:88:44:6e:4f:e4,4446,9,0,0,-27,S,5c:62:8b:66:67:d2"
1791490673.537,"B,26475,10,72:3b:01:24:b7:c8,112,4,350,1,-17,S,5c:62:8b:66:67:d2"
1791490673.742,"B,26575,10,5c:62:8b:66:67:d2,3139,7,3571,14,-48,A,5c:62:8b:66:67:d2"
1791490673.742,"B,26575,10,b2:db:ca:e6:29:a6,56,2,0,0,-21,S,5c:62:8b:66:67:d2"
1791490673.742,"B,26575,10,46:88:44:6e:4f:e4,3403,8,0,0,-26,S,5c:62:8b:66:67:d2"
1791490673.742,"B,26575,10,72:3b:01:24:b7:c8,112,4,3139,7,-17,S,5c:62:8b:66:67:d2"
1791490673.742,"B,26675,10,5c:62:8b:66:67:d2,0,0,2759,8,-46,A,5c:62:8b:66:67:d2"
1791490673.742,"B,26675,10,46:88:44:6e:4f:e4,2703,6,0,0,-26,S,5c:62:8b:66:67:d2"
1791490673.742,"B,26675,10,72:3b:01:24:b7:c8,56,2,0,0,-17,S,5c:62:8b:66:67:d2"
1791490673.944,"B,26775,10,5c:62:8b:66:67:d2,0,0,1190,8,-47,A,5c:62:8b:66:67:d2"
1791490673.944,"B,26775,10,b2:db:ca:e6:29:a6,28,1,0,0,-22,S,5c:62:8b:66:67:d2"
1791490673.944,"B,26775,10,46:88:44:6e:4f:e4,1050,3,0,0,-27,S,5c:62:8b:66:67:d2"
1791490673.944,"B,26775,10,72:3b:01:24:b7:c8,112,4,0,0,-16,S,5c:62:8b:66:67:d2"
1791490673.944,"B,26875,10,5c:62:8b:66:67:d2,1112,3,2871,12,-47,A,5c:62:8b:66:67:d2"
1791490673.944,"B,26875,10,b2:db:ca:e6:29:a6,56,2,0,0,-22,S,5c:62:8b:66:67:d2"
1791490673.944,"B,26875,10,46:88:44:6e:4f:e4,2703,6,138,1,-26,S,5c:62:8b:66:67:d2"
1791490673.944,"B,26875,10,72:3b:01:24:b7:c8,112,4,974,2,-17,S,5c:62:8b:66:67:d2"
1791490674.145,"B,26975,10,5c:62:8b:66:67:d2,1632,4,2416,9,-48,A,5c:62:8b:66:67:d2"
1791490674.145,"B,26975,10,b2:db:ca:e6:29:a6,56,2,0,0,-21,S,5c:62:8b:66:67:d2"
1791490674.145,"B,26975,10,46:88:44:6e:4f:e4,2360,7,0,0,-27,S,5c:62:8b:66:67:d2"
1791490674.145,"B,26975,10,72:3b:01:24:b7:c8,0,0,1632,4,0,S,5c:62:8b:66:67:d2"
1791490674.145,"B,27075,10,5c:62:8b:66:67:d2,2325,4,3399,17,-48,A,5c:62:8b:66:67:d2"
1791490674.145,"B,27075,10,b2:db:ca:e6:29:a6,140,5,0,0,-21,S,5c:62:8b:66:67:d2"
1791490674.145,"B,27075,10,78:8c:b5:f5:e7:26,0,0,30,1,-74,A,78:8c:b5:f5:e7:26"
1791490674.145,"B,27075,10,46:88:44:6e:4f:e4,3147,8,0,0,-27,S,5c:62:8b:66:67:d2"
1791490674.145,"B,27075,10,72:3b:01:24:b7:c8,112,4,2325,4,-16,S,5c:62:8b:66:67:d2"
1791490674.145,"B,27075,10,a6:4c:bd:b6:c7:99,30,1,0,0,-91,S,78:8c:b5:f5:e7:26"
1791490674.347,"B,27175,10,5c:62:8b:66:67:d2,2675,5,2843,11,-48,A,5c:62:8b:66:67:d2"
1791490674.347,"B,27175,10,b2:db:ca:e6:29:a6,56,2,0,0,-22,S,5c:62:8b:66:67:d2"
1791490674.347,"B,27175,10,46:88:44:6e:4f:e4,2703,6,0,0,-27,S,5c:62:8b:66:67:d2"
1791490674.347,"B,27175,10,72:3b:01:24:b7:c8,84,3,2675,5,-17,S,5c:62:8b:66:67:d2"
1791490674.347,"B,27275,10,5c:62:8b:66:67:d2,700,2,3837,12,-48,A,5c:62:8b:66:67:d2"
1791490674.347,"B,27275,10,b2:db:ca:e6:29:a6,84,3,0,0,-22,S,5c:62:8b:66:67:d2"
1791490674.347,"B,27275,10,78:8c:b5:f5:e7:26,546,1,0,0,-76,A,78:8c:b5:f5:e7:26"
1791490674.347,"B,27275,10,46:88:44:6e:4f:e4,3753,9,0,0,-27,S,5c:62:8b:66:67:d2"
1791490674.347,"B,27275,10,72:3b:01:24:b7:c8,0,0,700,2,0,S,5c:62:8b:66:67:d2"
1791490674.347,"B,27275,10,8a:ce:16:78:6f:dc,30,1,0,0,-92,A,8a:ce:16:78:6f:dc"
1791490674.347,"B,27275,10,d2:cf:53:d5:b8:26,0,0,30,1,0,S,8a:ce:16:78:6f:dc"
1791490674.547,"B,27375,10,5c:62:8b:66:67:d2,700,2,1652,13,-48,A,5c:62:8b:66:67:d2"
1791490674.547,"B,27375,10,b2:db:ca:e6:29:a6,56,2,0,0,-22,S,5c:62:8b:66:67:d2"
1791490674.547,"B,27375,10,78:8c:b5:f5:e7:26,0,0,28,1,-75,A,78:8c:b5:f5:e7:26"
1791490674.547,"B,27375,10,46:88:44:6e:4f:e4,1428,5,0,0,-27,S,5c:62:8b:66:67:d2"
1791490674.547,"B,27375,10,72:3b:01:24:b7:c8,168,6,700,2,-17,S,5c:62:8b:66:67:d2"
1791490674.547,"B,27375,10,00:08:22:24:d6:fb,28,1,0,0,-77,S,78:8c:b5:f5:e7:26"
1791490674.547,"B,27475,10,5c:62:8b:66:67:d2,2675,5,2381,6,-48,A,5c:62:8b:66:67:d2"
1791490674.547,"B,27475,10,b2:db:ca:e6:29:a6,56,2,0,0,-21,S,5c:62:8b:66:67:d2"
1791490674.547,"B,27475,10,46:88:44:6e:4f:e4,2325,4,0,0,-27,S,5c:62:8b:66:67:d2"
1791490674.547,"B,27475,10,72:3b:01:24:b7:c8,0,0,2675,5,0,S,5c:62:8b:66:67:d2"
1791490674.547,"B,27575,10,5c:62:8b:66:67:d2,3265,8,3109,9,-49,A,5c:62:8b:66:67:d2"
1791490674.547,"B,27575,10,b2:db:ca:e6:29:a6,56,2,0,0,-22,S,5c:62:8b:66:67:d2"
1791490674.547,"B,27575,10,46:88:44:6e:4f:e4,3053,7,0,0,-27,S,5c:62:8b:66:67:d2"
1791490674.547,"B,27575,10,72:3b:01:24:b7:c8,0,0,3265,8,0,S,5c:62:8b:66:67:d2"
1791490674.748,"B,27675,10,5c:62:8b:66:67:d2,2211,5,3711,19,-48,A,5c:62:8b:66:67:d2"
1791490674.748,"B,27675,10,b2:db:ca:e6:29:a6,28,1,0,0,-22,S,5c:62:8b:66:67:d2"
1791490674.748,"B,27675,10,46:88:44:6e:4f:e4,3431,9,0,0,-27,S,5c:62:8b:66:67:d2"
1791490674.748,"B,27675,10,72:3b:01:24:b7:c8,252,9,2211,5,-16,S,5c:62:8b:66:67:d2"
1791490674.748,"B,27775,10,5c:62:8b:66:67:d2,700,2,2177,7,-48,A,5c:62:8b:66:67:d2"
1791490674.748,"B,27775,10,b2:db:ca:e6:29:a6,56,2,0,0,-21,S,5c:62:8b:66:67:d2"
1791490674.748,"B,27775,10,46:88:44:6e:4f:e4,2121,5,0,0,-27,S,5c:62:8b:66:67:d2"
1791490674.748,"B,27775,10,72:3b:01:24:b7:c8,0,0,700,2,0,S,5c:62:8b:66:67:d2"
1791490674.948,"B,27875,10,5c:62:8b:66:67:d2,1975,3,2703,6,-48,A,5c:62:8b:66:67:d2"
1791490674.948,"B,27875,10,78:8c:b5:f5:e7:26,0,0,30,1,-74,A,78:8c:b5:f5:e7:26"
1791490674.948,"B,27875,10,46:88:44:6e:4f:e4,2703,6,0,0,-26,S,5c:62:8b:66:67:d2"
1791490674.948,"B,27875,10,72:3b:01:24:b7:c8,0,0,1975,3,0,S,5c:62:8b:66:67:d2"
1791490674.948,"B,27875,10,a6:4c:bd:b6:c7:99,30,1,0,0,-89,S,78:8c:b5:f5:e7:26"
1791490674.948,"B,27975,10,5c:62:8b:66:67:d2,350,1,1386,15,-47,A,5c:62:8b:66:67:d2"
1791490675.148,"B,27975,10,46:88:44:6e:4f:e4,1050,3,0,0,-27,S,5c:62:8b:66:67:d2"
1791490675.148,"B,27975,10,72:3b:01:24:b7:c8,336,12,350,1,-17,S,5c:62:8b:66:67:d2"
1791490675.148,"B,28075,10,5c:62:8b:66:67:d2,4300,7,5371,9,-48,A,5c:62:8b:66:67:d2"
1791490675.148,"B,28075,10,46:88:44:6e:4f:e4,5371,9,0,0,-26,S,5c:62:8b:66:67:d2"
1791490675.148,"B,28075,10,72:3b:01:24:b7:c8,0,0,4300,7,0,S,5c:62:8b:66:67:d2"
1791490675.148,"B,28175,10,5c:62:8b:66:67:d2,1400,4,2478,8,-48,A,5c:62:8b:66:67:d2"
1791490675.148,"B,28175,10,46:88:44:6e:4f:e4,2478,8,0,0,-26,S,5c:62:8b:66:67:d2"
1791490675.148,"B,28175,10,72:3b:01:24:b7:c8,0,0,1400,4,0,S,5c:62:8b:66:67:d2"
1791490675.348,"B,28275,10,5c:62:8b:66:67:d2,0,0,4754,20,-46,A,5c:62:8b:66:67:d2"
1791490675.348,"B,28275,10,46:88:44:6e:4f:e4,4446,9,0,0,-27,S,5c:62:8b:66:67:d2"
1791490675.348,"B,28275,10,72:3b:01:24:b7:c8,308,11,0,0,-16,S,5c:62:8b:66:67:d2"
1791490675.348,"B,28375,10,5c:62:8b:66:67:d2,2325,4,2703,6,-48,A,5c:62:8b:66:67:d2"
1791490675.348,"B,28375,10,78:8c:b5:f5:e7:26,0,0,30,1,-73,A,78:8c:b5:f5:e7:26"
1791490675.348,"B,28375,10,46:88:44:6e:4f:e4,2703,6,0,0,-27,S,5c:62:8b:66:67:d2"
1791490675.348,"B,28375,10,72:3b:01:24:b7:c8,0,0,2325,4,0,S,5c:62:8b:66:67:d2"
1791490675.549,"B,28375,10,a6:4c:bd:b6:c7:99,30,1,0,0,-87,S,78:8c:b5:f5:e7:26"
1791490675.549,"B,28475,10,5c:62:8b:66:67:d2,2675,5,2787,9,-48,A,5c:62:8b:66:67:d2"
1791490675.549,"B,28475,10,46:88:44:6e:4f:e4,2703,6,0,0,-27,S,5c:62:8b:66:67:d2"
1791490675.549,"B,28475,10,72:3b:01:24:b7:c8,84,3,2675,5,-17,S,5c:62:8b:66:67:d2"
1791490675.549,"B,28575,10,5c:62:8b:66:67:d2,350,1,1862,9,-47,A,5c:62:8b:66:67:d2"
1791490675.549,"B,28575,10,46:88:44:6e:4f:e4,1750,5,0,0,-27,S,5c:62:8b:66:67:d2"
1791490675.549,"B,28575,10,72:3b:01:24:b7:c8,112,4,350,1,-17,S,5c:62:8b:66:67:d2"
1791490675.749,"B,28675,10,5c:62:8b:66:67:d2,2675,5,4103,10,-48,A,5c:62:8b:66:67:d2"
1791490675.749,"B,28675,10,46:88:44:6e:4f:e4,4103,10,0,0,-26,S,5c:62:8b:66:67:d2"
1791490675.749,"B,28675,10,72:3b:01:24:b7:c8,0,0,2675,5,0,S,5c:62:8b:66:67:d2"
1791490675.749,"B,28775,10,5c:62:8b:66:67:d2,2325,4,2843,11,-48,A,5c:62:8b:66:67:d2"
1791490675.749,"B,28775,10,46:88:44:6e:4f:e4,2703,6,0,0,-27,S,5c:62:8b:66:67:d2"
1791490675.749,"B,28775,10,72:3b:01:24:b7:c8,140,5,2325,4,-16,S,5c:62:8b:66:67:d2"
1791490675.950,"B,28875,10,5c:62:8b:66:67:d2,0,0,2843,11,-46,A,5c:62:8b:66:67:d2"
1791490675.950,"B,28875,10,46:88:44:6e:4f:e4,2703,6,0,0,-27,S,5c:62:8b:66:67:d2"
1791490675.950,"B,28875,10,72:3b:01:24:b7:c8,140,5,0,0,-17,S,5c:62:8b:66:67:d2"
1791490675.950,"B,28975,10,5c:62:8b:66:67:d2,5350,10,2731,7,-48,A,5c:62:8b:66:67:d2"
1791490675.950,"B,28975,10,46:88:44:6e:4f:e4,2703,6,0,0,-27,S,5c:62:8b:66:67:d2"
1791490675.950,"B,28975,10,72:3b:01:24:b7:c8,28,1,5350,10,-18,S,5c:62:8b:66:67:d2"
1791490676.151,"B,29075,10,5c:62:8b:66:67:d2,350,1,2815,10,-47,A,5c:62:8b:66:67:d2"
1791490676.151,"B,29075,10,46:88:44:6e:4f:e4,2703,6,0,0,-27,S,5c:62:8b:66:67:d2"
1791490676.151,"B,29075,10,72:3b:01:24:b7:c8,112,4,350,1,-17,S,5c:62:8b:66:67:d2"
1791490676.151,"B,29175,10,5c:62:8b:66:67:d2,2325,4,3137,10,-48,A,5c:62:8b:66:67:d2"
1791490676.151,"B,29175,10,46:88:44:6e:4f:e4,3025,6,0,0,-27,S,5c:62:8b:66:67:d2"
1791490676.151,"B,29175,10,72:3b:01:24:b7:c8,112,4,2325,4,-16,S,5c:62:8b:66:67:d2"
1791490676.352,"B,29275,10,5c:62:8b:66:67:d2,3375,7,1078,4,-48,A,5c:62:8b:66:67:d2"
1791490676.352,"B,29275,10,46:88:44:6e:4f:e4,1078,4,0,0,-25,S,5c:62:8b:66:67:d2"
1791490676.352,"B,29275,10,72:3b:01:24:b7:c8,0,0,3375,7,0,S,5c:62:8b:66:67:d2"
1791490676.352,"B,29375,10,5c:62:8b:66:67:d2,350,1,2703,6,-48,A,5c:62:8b:66:67:d2"
1791490676.352,"B,29375,10,46:88:44:6e:4f:e4,2703,6,0,0,-26,S,5c:62:8b:66:67:d2"
1791490676.352,"B,29375,10,72:3b:01:24:b7:c8,0,0,350,1,0,S,5c:62:8b:66:67:d2"
1791490676.552,"B,29475,10,5c:62:8b:66:67:d2,350,1,2843,11,-47,A,5c:62:8b:66:67:d2"
1791490676.552,"B,29475,10,b2:db:ca:e6:29:a6,84,3,0,0,-22,S,5c:62:8b:66:67:d2"
1791490676.552,"B,29475,10,46:88:44:6e:4f:e4,2703,6,0,0,-26,S,5c:62:8b:66:67:d2"
1791490676.552,"B,29475,10,72:3b:01:24:b7:c8,56,2,350,1,-17,S,5c:62:8b:66:67:d2"
1791490676.552,"B,29575,10,5c:62:8b:66:67:d2,5000,9,2843,11,-48,A,5c:62:8b:66:67:d2"
1791490676.552,"B,29575,10,b2:db:ca:e6:29:a6,56,2,0,0,-21,S,5c:62:8b:66:67:d2"
1791490676.552,"B,29575,10,46:88:44:6e:4f:e4,2703,6,0,0,-27,S,5c:62:8b:66:67:d2"
1791490676.552,"B,29575,10,72:3b:01:24:b7:c8,84,3,5000,9,-17,S,5c:62:8b:66:67:d2"
1791490676.754,"B,29675,10,5c:62:8b:66:67:d2,1050,3,1078,4,-48,A,5c:62:8b:66:67:d2"
1791490676.754,"B,29675,10,b2:db:ca:e6:29:a6,28,1,0,0,-22,S,5c:62:8b:66:67:d2"
1791490676.754,"B,29675,10,46:88:44:6e:4f:e4,1050,3,0,0,-27,S,5c:62:8b:66:67:d2"
1791490676.754,"B,29675,10,72:3b:01:24:b7:c8,0,0,1050,3,0,S,5c:62:8b:66:67:d2"
1791490676.754,"B,29775,10,5c:62:8b:66:67:d2,4075,9,3193,12,-48,A,5c:62:8b:66:67:d2"
1791490676.754,"B,29775,10,b2:db:ca:e6:29:a6,84,3,0,0,-21,S,5c:62:8b:66:67:d2"
1791490676.754,"B,29775,10,46:88:44:6e:4f:e4,3053,7,0,0,-27,S,5c:62:8b:66:67:d2"
1791490676.754,"B,29775,10,72:3b:01:24:b7:c8,56,2,4075,9,-16,S,5c:62:8b:66:67:d2"
1791490676.956,"B,29875,10,5c:62:8b:66:67:d2,2325,4,2843,11,-48,A,5c:62:8b:66:67:d2"
1791490676.956,"B,29875,10,b2:db:ca:e6:29:a6,84,3,0,0,-21,S,5c:62:8b:66:67:d2"
1791490676.956,"B,29875,10,46:88:44:6e:4f:e4,2703,6,0,0,-27,S,5c:62:8b:66:67:d2"
1791490676.956,"B,29875,10,72:3b:01:24:b7:c8,56,2,2325,4,-17,S,5c:62:8b:66:67:d2"
1791490676.956,"B,29975,10,5c:62:8b:66:67:d2,3025,6,2759,8,-48,A,5c:62:8b:66:67:d2"
1791490676.956,"B,29975,10,b2:db:ca:e6:29:a6,56,2,0,0,-21,S,5c:62:8b:66:67:d2"
1791490676.956,"B,29975,10,46:88:44:6e:4f:e4,2703,6,0,0,-27,S,5c:62:8b:66:67:d2"
1791490676.956,"B,29975,10,72:3b:01:24:b7:c8,0,0,3025,6,0,S,5c:62:8b:66:67:d2"
1791490677.158,"B,30075,10,5c:62:8b:66:67:d2,0,0,2927,14,-47,A,5c:62:8b:66:67:d2"
1791490677.158,"B,30075,10,46:88:44:6e:4f:e4,2703,6,0,0,-27,S,5c:62:8b:66:67:d2"
1791490677.158,"B,30075,10,72:3b:01:24:b7:c8,224,8,0,0,-17,S,5c:62:8b:66:67:d2"
1791490677.158,"I,30089,stat,rx=5808,drops=0,ch=10,bin=100,hop=0,heap=203064"
1791490677.158,"B,30175,10,5c:62:8b:66:67:d2,3375,7,2927,14,-48,A,5c:62:8b:66:67:d2"
1791490677.158,"B,30175,10,b2:db:ca:e6:29:a6,56,2,0,0,-21,S,5c:62:8b:66:67:d2"
1791490677.158,"B,30175,10,46:88:44:6e:4f:e4,2703,6,0,0,-27,S,5c:62:8b:66:67:d2"
1791490677.158,"B,30175,10,72:3b:01:24:b7:c8,168,6,3375,7,-17,S,5c:62:8b:66:67:d2"
1791490677.360,"B,30275,10,5c:62:8b:66:67:d2,0,0,3341,9,-46,A,5c:62:8b:66:67:d2"
1791490677.360,"B,30275,10,b2:db:ca:e6:29:a6,28,1,0,0,-21,S,5c:62:8b:66:67:d2"
1791490677.360,"B,30275,10,46:88:44:6e:4f:e4,3285,7,0,0,-27,S,5c:62:8b:66:67:d2"
1791490677.360,"B,30275,10,72:3b:01:24:b7:c8,28,1,0,0,-20,S,5c:62:8b:66:67:d2"
1791490677.360,"B,30375,10,5c:62:8b:66:67:d2,5806,12,1162,7,-48,A,5c:62:8b:66:67:d2"
1791490677.360,"B,30375,10,b2:db:ca:e6:29:a6,84,3,0,0,-22,S,5c:62:8b:66:67:d2"
1791490677.360,"B,30375,10,46:88:44:6e:4f:e4,1050,3,0,0,-27,S,5c:62:8b:66:67:d2"
1791490677.360,"B,30375,10,72:3b:01:24:b7:c8,28,1,5806,12,-17,S,5c:62:8b:66:67:d2"
1791490677.563,"B,30475,10,5c:62:8b:66:67:d2,2325,4,3361,18,-48,A,5c:62:8b:66:67:d2"
1791490677.563,"B,30475,10,b2:db:ca:e6:29:a6,56,2,0,0,-21,S,5c:62:8b:66:67:d2"
1791490677.563,"B,30475,10,46:88:44:6e:4f:e4,3053,7,0,0,-27,S,5c:62:8b:66:67:d2"
1791490677.563,"B,30475,10,72:3b:01:24:b7:c8,252,9,2325,4,-17,S,5c:62:8b:66:67:d2"
1791490677.563,"B,30575,10,5c:62:8b:66:67:d2,3025,6,3886,12,-48,A,5c:62:8b:66:67:d2"
1791490677.563,"B,30575,10,b2:db:ca:e6:29:a6,28,1,0,0,-23,S,5c:62:8b:66:67:d2"
1791490677.563,"B,30575,10,46:88:44:6e:4f:e4,3746,7,0,0,-26,S,5c:62:8b:66:67:d2"
1791490677.563,"B,30575,10,72:3b:01:24:b7:c8,112,4,3025,6,-16,S,5c:62:8b:66:67:d2"
1791490677.767,"B,30675,10,5c:62:8b:66:67:d2,0,0,2843,11,-47,A,5c:62:8b:66:67:d2"
1791490677.767,"B,30675,10,b2:db:ca:e6:29:a6,56,2,0,0,-22,S,5c:62:8b:66:67:d2"
1791490677.767,"B,30675,10,46:88:44:6e:4f:e4,2703,6,0,0,-26,S,5c:62:8b:66:67:d2"
1791490677.767,"B,30675,10,72:3b:01:24:b7:c8,84,3,0,0,-17,S,5c:62:8b:66:67:d2"
1791490677.767,"B,30775,10,5c:62:8b:66:67:d2,0,0,2465,9,-46,A,5c:62:8b:66:67:d2"
1791490677.767,"B,30775,10,b2:db:ca:e6:29:a6,28,1,0,0,-21,S,5c:62:8b:66:67:d2"
1791490677.767,"B,30775,10,46:88:44:6e:4f:e4,2353,5,0,0,-26,S,5c:62:8b:66:67:d2"
1791490677.767,"B,30775,10,72:3b:01:24:b7:c8,84,3,0,0,-17,S,5c:62:8b:66:67:d2"
1791490677.972,"B,30875,10,5c:62:8b:66:67:d2,0,0,2961,12,-46,A,5c:62:8b:66:67:d2"
1791490677.972,"B,30875,10,b2:db:ca:e6:29:a6,56,2,0,0,-23,S,5c:62:8b:66:67:d2"
1791490677.972,"B,30875,10,46:88:44:6e:4f:e4,2821,7,0,0,-27,S,5c:62:8b:66:67:d2"
1791490677.972,"B,30875,10,72:3b:01:24:b7:c8,84,3,0,0,-16,S,5c:62:8b:66:67:d2"
1791490677.972,"M,30953,slot,2,0"
1791490677.972,"B,30975,10,5c:62:8b:66:67:d2,4075,9,2787,9,-48,A,5c:62:8b:66:67:d2"
1791490677.972,"B,30975,10,b2:db:ca:e6:29:a6,28,1,0,0,-22,S,5c:62:8b:66:67:d2"
1791490677.972,"B,30975,10,46:88:44:6e:4f:e4,2675,5,0,0,-27,S,5c:62:8b:66:67:d2"
1791490677.972,"B,30975,10,72:3b:01:24:b7:c8,84,3,4075,9,-16,S,5c:62:8b:66:67:d2"
1791490678.175,"B,31075,10,5c:62:8b:66:67:d2,2675,5,2843,11,-48,A,5c:62:8b:66:67:d2"
1791490678.175,"B,31075,10,b2:db:ca:e6:29:a6,56,2,0,0,-22,S,5c:62:8b:66:67:d2"
1791490678.175,"B,31075,10,78:8c:b5:f5:e7:26,0,0,30,1,-73,A,78:8c:b5:f5:e7:26"
1791490678.175,"B,31075,10,46:88:44:6e:4f:e4,2703,6,0,0,-27,S,5c:62:8b:66:67:d2"
1791490678.175,"B,31075,10,72:3b:01:24:b7:c8,84,3,2675,5,-17,S,5c:62:8b:66:67:d2"
1791490678.175,"B,31075,10,a6:4c:bd:b6:c7:99,30,1,0,0,-90,S,78:8c:b5:f5:e7:26"
1791490678.175,"B,31175,10,5c:62:8b:66:67:d2,2675,5,2871,12,-48,A,5c:62:8b:66:67:d2"
1791490678.175,"B,31175,10,b2:db:ca:e6:29:a6,28,1,0,0,-23,S,5c:62:8b:66:67:d2"
1791490678.175,"B,31175,10,46:88:44:6e:4f:e4,2703,6,0,0,-27,S,5c:62:8b:66:67:d2"
1791490678.175,"B,31175,10,72:3b:01:24:b7:c8,140,5,2675,5,-16,S,5c:62:8b:66:67:d2"
1791490678.175,"B,31175,10,80:af:ca:68:4c:f8,84,1,0,0,-81,A,80:af:ca:68:4c:f8"
1791490678.378,"B,31275,10,5c:62:8b:66:67:d2,350,1,2927,14,-47,A,5c:62:8b:66:67:d2"
1791490678.378,"B,31275,10,46:88:44:6e:4f:e4,2703,6,0,0,-27,S,5c:62:8b:66:67:d2"
1791490678.378,"B,31275,10,72:3b:01:24:b7:c8,224,8,350,1,-16,S,5c:62:8b:66:67:d2"
1791490678.378,"B,31375,10,5c:62:8b:66:67:d2,3025,6,4887,15,-48,A,5c:62:8b:66:67:d2"
1791490678.378,"B,31375,10,46:88:44:6e:4f:e4,4803,12,0,0,-27,S,5c:62:8b:66:67:d2"
1791490678.378,"B,31375,10,72:3b:01:24:b7:c8,84,3,3025,6,-17,S,5c:62:8b:66:67:d2"
1791490678.582,"B,31475,10,5c:62:8b:66:67:d2,0,0,2843,11,-47,A,5c:62:8b:66:67:d2"
1791490678.582,"B,31475,10,46:88:44:6e:4f:e4,2703,6,0,0,-27,S,5c:62:8b:66:67:d2"
1791490678.582,"B,31475,10,72:3b:01:24:b7:c8,140,5,0,0,-16,S,5c:62:8b:66:67:d2"
1791490678.582,"B,31575,10,5c:62:8b:66:67:d2,3489,8,1106,5,-48,A,5c:62:8b:66:67:d2"
1791490678.582,"B,31575,10,46:88:44:6e:4f:e4,1078,4,0,0,-27,S,5c:62:8b:66:67:d2"
1791490678.582,"B,31575,10,72:3b:01:24:b7:c8,28,1,3489,8,-17,S,5c:62:8b:66:67:d2"
1791490678.784,"B,31675,10,5c:62:8b:66:67:d2,1982,5,2787,9,-48,A,5c:62:8b:66:67:d2"
1791490678.784,"B,31675,10,78:8c:b5:f5:e7:26,0,0,60,2,-74,A,78:8c:b5:f5:e7:26"
1791490678.784,"B,31675,10,46:88:44:6e:4f:e4,2675,5,0,0,-27,S,5c:62:8b:66:67:d2"
1791490678.784,"B,31675,10,72:3b:01:24:b7:c8,112,4,1982,5,-17,S,5c:62:8b:66:67:d2"
1791490678.784,"B,31675,10,a6:4c:bd:b6:c7:99,60,2,0,0,-90,S,78:8c:b5:f5:e7:26"
1791490678.784,"B,31775,10,5c:62:8b:66:67:d2,0,0,2731,7,-46,A,5c:62:8b:66:67:d2"
1791490678.784,"B,31775,10,46:88:44:6e:4f:e4,2703,6,0,0,-27,S,5c:62:8b:66:67:d2"
1791490678.784,"B,31775,10,72:3b:01:24:b7:c8,28,1,0,0,-17,S,5c:62:8b:66:67:d2"
1791490678.989,"B,31875,10,5c:62:8b:66:67:d2,1975,3,3137,10,-49,A,5c:62:8b:66:67:d2"
1791490678.989,"B,31875,10,78:8c:b5:f5:e7:26,0,0,30,1,-75,A,78:8c:b5:f5:e7:26"
1791490678.989,"B,31875,10,46:88:44:6e:4f:e4,3053,7,0,0,-26,S,5c:62:8b:66:67:d2"
1791490678.989,"B,31875,10,72:3b:01:24:b7:c8,84,3,1975,3,-17,S,5c:62:8b:66:67:d2"
1791490678.989,"B,31875,10,a6:4c:bd:b6:c7:99,30,1,0,0,-90,S,78:8c:b5:f5:e7:26"
1791490678.989,"B,31975,10,5c:62:8b:66:67:d2,3543,8,2843,11,-48,A,5c:62:8b:66:67:d2"
1791490678.989,"B,31975,10,46:88:44:6e:4f:e4,2703,6,138,1,-26,S,5c:62:8b:66:67:d2"
1791490678.989,"B,31975,10,72:3b:01:24:b7:c8,140,5,3405,7,-17,S,5c:62:8b:66:67:d2"
1791490679.192,"B,32075,10,5c:62:8b:66:67:d2,350,1,3339,14,-47,A,5c:62:8b:66:67:d2"
1791490679.192,"B,32075,10,b2:db:ca:e6:29:a6,84,3,0,0,-23,S,5c:62:8b:66:67:d2"
1791490679.192,"B,32075,10,46:88:44:6e:4f:e4,3143,7,0,0,-27,S,5c:62:8b:66:67:d2"
1791490679.192,"B,32075,10,72:3b:01:24:b7:c8,112,4,350,1,-17,S,5c:62:8b:66:67:d2"
1791490679.192,"B,32175,10,5c:62:8b:66:67:d2,3375,7,1568,10,-48,A,5c:62:8b:66:67:d2"
1791490679.192,"B,32175,10,b2:db:ca:e6:29:a6,56,2,0,0,-21,S,5c:62:8b:66:67:d2"
1791490679.192,"B,32175,10,46:88:44:6e:4f:e4,1428,5,0,0,-25,S,5c:62:8b:66:67:d2"
1791490679.192,"B,32175,10,72:3b:01:24:b7:c8,84,3,3375,7,-17,S,5c:62:8b:66:67:d2"
1791490679.396,"B,32275,10,5c:62:8b:66:67:d2,1975,3,7506,26,-48,A,5c:62:8b:66:67:d2"
1791490679.396,"B,32275,10,b2:db:ca:e6:29:a6,56,2,0,0,-22,S,5c:62:8b:66:67:d2"
1791490679.396,"B,32275,10,46:88:44:6e:4f:e4,7114,12,0,0,-27,S,5c:62:8b:66:67:d2"
1791490679.396,"B,32275,10,72:3b:01:24:b7:c8,336,12,1975,3,-17,S,5c:62:8b:66:67:d2"
1791490679.396,"B,32375,10,5c:62:8b:66:67:d2,2325,4,2787,9,-48,A,5c:62:8b:66:67:d2"
1791490679.396,"B,32375,10,b2:db:ca:e6:29:a6,56,2,0,0,-23,S,5c:62:8b:66:67:d2"
1791490679.396,"B,32375,10,46:88:44:6e:4f:e4,2703,6,0,0,-27,S,5c:62:8b:66:67:d2"
1791490679.396,"B,32375,10,72:3b:01:24:b7:c8,28,1,2325,4,-17,S,5c:62:8b:66:67:d2"
1791490679.602,"B,32475,10,5c:62:8b:66:67:d2,0,0,1218,9,-46,A,5c:62:8b:66:67:d2"
1791490679.602,"B,32475,10,b2:db:ca:e6:29:a6,28,1,0,0,-21,S,5c:62:8b:66:67:d2"
1791490679.602,"B,32475,10,78:8c:b5:f5:e7:26,0,0,30,1,-73,A,78:8c:b5:f5:e7:26"
1791490679.602,"B,32475,10,46:88:44:6e:4f:e4,1078,4,0,0,-27,S,5c:62:8b:66:67:d2"
1791490679.602,"B,32475,10,72:3b:01:24:b7:c8,112,4,0,0,-17,S,5c:62:8b:66:67:d2"
1791490679.602,"B,32475,10,a6:4c:bd:b6:c7:99,30,1,0,0,-88,S,78:8c:b5:f5:e7:26"
1791490679.602,"B,32575,10,5c:62:8b:66:67:d2,3025,6,2881,10,-48,A,5c:62:8b:66:67:d2"
1791490679.602,"B,32575,10,46:88:44:6e:4f:e4,2797,7,0,0,-27,S,5c:62:8b:66:67:d2"
1791490679.602,"B,32575,10,72:3b:01:24:b7:c8,84,3,3025,6,-17,S,5c:62:8b:66:67:d2"
1791490679.804,"B,32675,10,5c:62:8b:66:67:d2,1050,3,4413,16,-48,A,5c:62:8b:66:67:d2"
1791490679.804,"B,32675,10,46:88:44:6e:4f:e4,4217,9,0,0,-27,S,5c:62:8b:66:67:d2"
1791490679.804,"B,32675,10,72:3b:01:24:b7:c8,196,7,1050,3,-17,S,5c:62:8b:66:67:d2"
1791490679.804,"B,32775,10,5c:62:8b:66:67:d2,5350,10,3487,11,-48,A,5c:62:8b:66:67:d2"
1791490679.804,"B,32775,10,46:88:44:6e:4f:e4,3375,7,0,0,-27,S,5c:62:8b:66:67:d2"
1791490679.804,"B,32775,10,72:3b:01:24:b7:c8,112,4,5350,10,-17,S,5c:62:8b:66:67:d2"
1791490680.008,"B,32875,10,5c:62:8b:66:67:d2,350,1,3193,12,-48,A,5c:62:8b:66:67:d2"
1791490680.008,"B,32875,10,46:88:44:6e:4f:e4,3053,7,0,0,-27,S,5c:62:8b:66:67:d2"
1791490680.008,"B,32875,10,72:3b:01:24:b7:c8,140,5,350,1,-17,S,5c:62:8b:66:67:d2"
1791490680.008,"B,32975,10,5c:62:8b:66:67:d2,2325,4,1274,11,-48,A,5c:62:8b:66:67:d2"
1791490680.008,"B,32975,10,46:88:44:6e:4f:e4,1078,4,0,0,-27,S,5c:62:8b:66:67:d2"
1791490680.008,"B,32975,10,72:3b:01:24:b7:c8,196,7,2325,4,-16,S,5c:62:8b:66:67:d2"
1791490680.213,"B,33075,10,5c:62:8b:66:67:d2,2675,5,4243,15,-48,A,5c:62:8b:66:67:d2"
1791490680.213,"B,33075,10,46:88:44:6e:4f:e4,4103,10,0,0,-27,S,5c:62:8b:66:67:d2"
1791490680.213,"B,33075,10,72:3b:01:24:b7:c8,140,5,2675,5,-16,S,5c:62:8b:66:67:d2"
1791490680.213,"B,33175,10,5c:62:8b:66:67:d2,3025,6,3137,10,-48,A,5c:62:8b:66:67:d2"
1791490680.213,"B,33175,10,46:88:44:6e:4f:e4,3053,7,0,0,-26,S,5c:62:8b:66:67:d2"
1791490680.213,"B,33175,10,72:3b:01:24:b7:c8,84,3,3025,6,-17,S,5c:62:8b:66:67:d2"
1791490680.213,"B,33175,10,80:af:ca:68:4c:f8,533,1,0,0,-83,A,80:af:ca:68:4c:f8"
1791490680.418,"B,33275,10,5c:62:8b:66:67:d2,2325,4,3397,11,-48,A,5c:62:8b:66:67:d2"
1791490680.418,"B,33275,10,78:8c:b5:f5:e7:26,0,0,174,3,-74,A,78:8c:b5:f5:e7:26"
1791490680.418,"B,33275,10,46:88:44:6e:4f:e4,3285,7,0,0,-26,S,5c:62:8b:66:67:d2"
1791490680.418,"B,33275,10,72:3b:01:24:b7:c8,112,4,2325,4,-16,S,5c:62:8b:66:67:d2"
1791490680.418,"B,33275,10,a6:4c:bd:b6:c7:99,174,3,0,0,-88,S,78:8c:b5:f5:e7:26"
1791490680.418,"B,33275,10,80:af:ca:68:4c:f8,565,1,0,0,-82,A,80:af:ca:68:4c:f8"
1791490680.418,"B,33375,10,5c:62:8b:66:67:d2,0,0,2731,7,-47,A,5c:62:8b:66:67:d2"
1791490680.418,"B,33375,10,46:88:44:6e:4f:e4,2675,5,0,0,-27,S,5c:62:8b:66:67:d2"
1791490680.418,"B,33375,10,72:3b:01:24:b7:c8,56,2,0,0,-17,S,5c:62:8b:66:67:d2"
1791490680.623,"B,33475,10,5c:62:8b:66:67:d2,0,0,3774,8,-47,A,5c:62:8b:66:67:d2"
1791490680.623,"B,33475,10,b2:db:ca:e6:29:a6,28,1,0,0,-23,S,5c:62:8b:66:67:d2"
1791490680.623,"B,33475,10,46:88:44:6e:4f:e4,3746,7,0,0,-26,S,5c:62:8b:66:67:d2"
1791490680.623,"B,33475,10,80:af:ca:68:4c:f8,549,1,0,0,-83,A,80:af:ca:68:4c:f8"
1791490680.623,"B,33575,10,5c:62:8b:66:67:d2,7450,16,2122,10,-48,A,5c:62:8b:66:67:d2"
1791490680.623,"B,33575,10,b2:db:ca:e6:29:a6,56,2,0,0,-22,S,5c:62:8b:66:67:d2"
1791490680.623,"B,33575,10,78:8c:b5:f5:e7:26,0,0,30,1,-74,A,78:8c:b5:f5:e7:26"
1791490680.623,"B,33575,10,46:88:44:6e:4f:e4,2010,6,0,0,-27,S,5c:62:8b:66:67:d2"
1791490680.623,"B,33575,10,72:3b:01:24:b7:c8,56,2,7450,16,-16,S,5c:62:8b:66:67:d2"
1791490680.623,"B,33575,10,a6:4c:bd:b6:c7:99,30,1,0,0,-87,S,78:8c:b5:f5:e7:26"
1791490680.823,"B,33675,10,5c:62:8b:66:67:d2,2325,4,2178,12,-48,A,5c:62:8b:66:67:d2"
1791490680.823,"B,33675,10,b2:db:ca:e6:29:a6,28,1,0,0,-23,S,5c:62:8b:66:67:d2"
1791490680.823,"B,33675,10,78:8c:b5:f5:e7:26,0,0,106,1,-74,A,78:8c:b5:f5:e7:26"
1791490680.823,"B,33675,10,46:88:44:6e:4f:e4,2010,6,0,0,-27,S,5c:62:8b:66:67:d2"
1791490680.823,"B,33675,10,72:3b:01:24:b7:c8,140,5,2325,4,-16,S,5c:62:8b:66:67:d2"
1791490680.823,"B,33675,10,a6:4c:bd:b6:c7:99,106,1,0,0,-89,S,78:8c:b5:f5:e7:26"
1791490680.823,"B,33775,10,5c:62:8b:66:67:d2,2675,5,2955,15,-49,A,5c:62:8b:66:67:d2"
1791490680.823,"B,33775,10,b2:db:ca:e6:29:a6,56,2,0,0,-21,S,5c:62:8b:66:67:d2"
1791490680.823,"B,33775,10,78:8c:b5:f5:e7:26,0,0,60,2,-74,A,78:8c:b5:f5:e7:26"
1791490680.823,"B,33775,10,46:88:44:6e:4f:e4,2703,6,0,0,-27,S,5c:62:8b:66:67:d2"
1791490680.823,"B,33775,10,72:3b:01:24:b7:c8,196,7,2675,5,-17,S,5c:62:8b:66:67:d2"
1791490680.823,"B,33775,10,a6:4c:bd:b6:c7:99,60,2,0,0,-89,S,78:8c:b5:f5:e7:26"
1791490681.025,"B,33875,10,5c:62:8b:66:67:d2,350,1,2871,12,-48,A,5c:62:8b:66:67:d2"
1791490681.025,"B,33875,10,b2:db:ca:e6:29:a6,28,1,0,0,-23,S,5c:62:8b:66:67:d2"
1791490681.025,"B,33875,10,78:8c:b5:f5:e7:26,0,0,150,5,-75,A,78:8c:b5:f5:e7:26"
1791490681.025,"B,33875,10,46:88:44:6e:4f:e4,2675,5,0,0,-27,S,5c:62:8b:66:67:d2"
1791490681.025,"B,33875,10,72:3b:01:24:b7:c8,168,6,350,1,-17,S,5c:62:8b:66:67:d2"
1791490681.025,"B,33875,10,a6:4c:bd:b6:c7:99,150,5,0,0,-89,S,78:8c:b5:f5:e7:26"
1791490681.025,"B,33975,10,5c:62:8b:66:67:d2,0,0,3165,11,-47,A,5c:62:8b:66:67:d2"
1791490681.025,"B,33975,10,b2:db:ca:e6:29:a6,84,3,0,0,-21,S,5c:62:8b:66:67:d2"
1791490681.025,"B,33975,10,46:88:44:6e:4f:e4,3053,7,0,0,-27,S,5c:62:8b:66:67:d2"
1791490681.025,"B,33975,10,72:3b:01:24:b7:c8,28,1,0,0,-17,S,5c:62:8b:66:67:d2"
1791490681.228,"B,34075,10,5c:62:8b:66:67:d2,0,0,2409,7,-48,A,5c:62:8b:66:67:d2"
1791490681.228,"B,34075,10,b2:db:ca:e6:29:a6,56,2,0,0,-22,S,5c:62:8b:66:67:d2"
1791490681.228,"B,34075,10,46:88:44:6e:4f:e4,2353,5,0,0,-27,S,5c:62:8b:66:67:d2"
1791490681.228,"B,34175,10,5c:62:8b:66:67:d2,6750,14,2555,9,-49,A,5c:62:8b:66:67:d2"
1791490681.228,"B,34175,10,b2:db:ca:e6:29:a6,56,2,0,0,-23,S,5c:62:8b:66:67:d2"
1791490681.228,"B,34175,10,46:88:44:6e:4f:e4,2471,6,0,0,-27,S,5c:62:8b:66:67:d2"
1791490681.228,"B,34175,10,72:3b:01:24:b7:c8,28,1,6750,14,-17,S,5c:62:8b:66:67:d2"
1791490681.430,"B,34275,10,5c:62:8b:66:67:d2,2325,4,3165,11,-49,A,5c:62:8b:66:67:d2"
1791490681.430,"B,34275,10,b2:db:ca:e6:29:a6,56,2,0,0,-21,S,5c:62:8b:66:67:d2"
1791490681.430,"B,34275,10,46:88:44:6e:4f:e4,3025,6,0,0,-27,S,5c:62:8b:66:67:d2"
1791490681.430,"B,34275,10,72:3b:01:24:b7:c8,84,3,2325,4,-17,S,5c:62:8b:66:67:d2"
1791490681.430,"B,34375,10,5c:62:8b:66:67:d2,350,1,2843,11,-48,A,5c:62:8b:66:67:d2"
1791490681.430,"B,34375,10,b2:db:ca:e6:29:a6,28,1,0,0,-21,S,5c:62:8b:66:67:d2"
1791490681.430,"B,34375,10,46:88:44:6e:4f:e4,2703,6,0,0,-27,S,5c:62:8b:66:67:d2"
1791490681.430,"B,34375,10,72:3b:01:24:b7:c8,112,4,350,1,-17,S,5c:62:8b:66:67:d2"
1791490681.636,"B,34475,10,5c:62:8b:66:67:d2,2675,5,3277,15,-48,A,5c:62:8b:66:67:d2"
1791490681.636,"B,34475,10,b2:db:ca:e6:29:a6,84,3,0,0,-23,S,5c:62:8b:66:67:d2"
1791490681.636,"B,34475,10,46:88:44:6e:4f:e4,3109,9,0,0,-27,S,5c:62:8b:66:67:d2"
1791490681.636,"B,34475,10,72:3b:01:24:b7:c8,84,3,2675,5,-16,S,5c:62:8b:66:67:d2"
1791490681.636,"B,34575,10,5c:62:8b:66:67:d2,3375,7,2899,13,-48,A,5c:62:8b:66:67:d2"
1791490681.636,"B,34575,10,b2:db:ca:e6:29:a6,84,3,0,0,-21,S,5c:62:8b:66:67:d2"
1791490681.636,"B,34575,10,46:88:44:6e:4f:e4,2703,6,0,0,-26,S,5c:62:8b:66:67:d2"
1791490681.636,"B,34575,10,72:3b:01:24:b7:c8,112,4,3375,7,-17,S,5c:62:8b:66:67:d2"
1791490681.841,"B,34675,10,5c:62:8b:66:67:d2,1050,3,4385,15,-48,A,5c:62:8b:66:67:d2"
1791490681.841,"B,34675,10,b2:db:ca:e6:29:a6,28,1,0,0,-21,S,5c:62:8b:66:67:d2"
1791490681.841,"B,34675,10,46:88:44:6e:4f:e4,4217,9,0,0,-26,S,5c:62:8b:66:67:d2"
1791490681.841,"B,34675,10,72:3b:01:24:b7:c8,140,5,1050,3,-17,S,5c:62:8b:66:67:d2"
1791490681.841,"B,34775,10,5c:62:8b:66:67:d2,0,0,2583,10,-47,A,5c:62:8b:66:67:d2"
1791490681.841,"B,34775,10,b2:db:ca:e6:29:a6,56,2,0,0,-23,S,5c:62:8b:66:67:d2"
1791490681.841,"B,34775,10,78:8c:b5:f5:e7:26,0,0,30,1,-74,A,78:8c:b5:f5:e7:26"
1791490681.841,"B,34775,10,46:88:44:6e:4f:e4,2471,6,0,0,-26,S,5c:62:8b:66:67:d2"
1791490681.841,"B,34775,10,72:3b:01:24:b7:c8,56,2,0,0,-17,S,5c:62:8b:66:67:d2"
1791490681.841,"B,34775,10,a6:4c:bd:b6:c7:99,30,1,0,0,-89,S,78:8c:b5:f5:e7:26"
1791490682.043,"B,34875,10,5c:62:8b:66:67:d2,5118,10,2234,14,-48,A,5c:62:8b:66:67:d2"
1791490682.043,"B,34875,10,b2:db:ca:e6:29:a6,28,1,0,0,-20,S,5c:62:8b:66:67:d2"
1791490682.043,"B,34875,10,78:8c:b5:f5:e7:26,0,0,30,1,0,A,78:8c:b5:f5:e7:26"
1791490682.043,"B,34875,10,46:88:44:6e:4f:e4,1982,5,0,0,-27,S,5c:62:8b:66:67:d2"
1791490682.043,"B,34875,10,72:3b:01:24:b7:c8,224,8,5118,10,-16,S,5c:62:8b:66:67:d2"
1791490682.043,"B,34875,10,a6:4c:bd:b6:c7:99,30,1,0,0,-90,S,78:8c:b5:f5:e7:26"
1791490682.043,"B,34975,10,5c:62:8b:66:67:d2,3025,6,2843,11,-48,A,5c:62:8b:66:67:d2"
1791490682.043,"B,34975,10,b2:db:ca:e6:29:a6,28,1,0,0,-22,S,5c:62:8b:66:67:d2"
1791490682.043,"B,34975,10,46:88:44:6e:4f:e4,2703,6,0,0,-27,S,5c:62:8b:66:67:d2"
1791490682.043,"B,34975,10,72:3b:01:24:b7:c8,112,4,3025,6,-16,S,5c:62:8b:66:67:d2"
1791490682.246,"B,35075,10,5c:62:8b:66:67:d2,2675,5,2843,11,-48,A,5c:62:8b:66:67:d2"
1791490682.246,"B,35075,10,b2:db:ca:e6:29:a6,56,2,0,0,-22,S,5c:62:8b:66:67:d2"
1791490682.246,"B,35075,10,78:8c:b5:f5:e7:26,0,0,30,1,-74,A,78:8c:b5:f5:e7:26"
1791490682.246,"B,35075,10,46:88:44:6e:4f:e4,2703,6,0,0,-27,S,5c:62:8b:66:67:d2"
1791490682.246,"B,35075,10,72:3b:01:24:b7:c8,84,3,2675,5,-16,S,5c:62:8b:66:67:d2"
1791490682.246,"B,35075,10,a6:4c:bd:b6:c7:99,30,1,0,0,-90,S,78:8c:b5:f5:e7:26"
1791490682.246,"I,35089,stat,rx=6793,drops=0,ch=10,bin=100,hop=0,heap=203064"
1791490682.246,"B,35175,10,5c:62:8b:66:67:d2,350,1,2927,14,-48,A,5c:62:8b:66:67:d2"
1791490682.246,"B,35175,10,b2:db:ca:e6:29:a6,56,2,0,0,-21,S,5c:62:8b:66:67:d2"
1791490682.246,"B,35175,10,46:88:44:6e:4f:e4,2675,5,0,0,-27,S,5c:62:8b:66:67:d2"
1791490682.246,"B,35175,10,72:3b:01:24:b7:c8,196,7,350,1,-17,S,5c:62:8b:66:67:d2"
1791490682.447,"B,35275,10,5c:62:8b:66:67:d2,0,0,2731,7,-46,A,5c:62:8b:66:67:d2"
1791490682.447,"B,35275,10,b2:db:ca:e6:29:a6,28,1,0,0,-22,S,5c:62:8b:66:67:d2"
1791490682.447,"B,35275,10,78:8c:b5:f5:e7:26,0,0,30,1,-73,A,78:8c:b5:f5:e7:26"
1791490682.447,"B,35275,10,46:88:44:6e:4f:e4,2703,6,0,0,-27,S,5c:62:8b:66:67:d2"
1791490682.447,"B,35275,10,a6:4c:bd:b6:c7:99,30,1,0,0,-90,S,78:8c:b5:f5:e7:26"
1791490682.447,"B,35375,10,5c:62:8b:66:67:d2,6156,13,1568,10,-48,A,5c:62:8b:66:67:d2"
1791490682.447,"B,35375,10,b2:db:ca:e6:29:a6,56,2,0,0,-21,S,5c:62:8b:66:67:d2"
1791490682.447,"B,35375,10,46:88:44:6e:4f:e4,1428,5,0,0,-27,S,5c:62:8b:66:67:d2"
1791490682.447,"B,35375,10,72:3b:01:24:b7:c8,84,3,6156,13,-17,S,5c:62:8b:66:67:d2"
1791490682.647,"B,35475,10,5c:62:8b:66:67:d2,3025,6,6443,16,-49,A,5c:62:8b:66:67:d2"
1791490682.647,"B,35475,10,b2:db:ca:e6:29:a6,28,1,0,0,-21,S,5c:62:8b:66:67:d2"
1791490682.647,"B,35475,10,46:88:44:6e:4f:e4,6303,11,0,0,-27,S,5c:62:8b:66:67:d2"
1791490682.647,"B,35475,10,72:3b:01:24:b7:c8,112,4,3025,6,-17,S,5c:62:8b:66:67:d2"
1791490682.647,"B,35575,10,5c:62:8b:66:67:d2,0,0,2843,11,-47,A,5c:62:8b:66:67:d2"
1791490682.647,"B,35575,10,b2:db:ca:e6:29:a6,56,2,0,0,-21,S,5c:62:8b:66:67:d2"
1791490682.647,"B,35575,10,46:88:44:6e:4f:e4,2703,6,0,0,-27,S,5c:62:8b:66:67:d2"
1791490682.647,"B,35575,10,72:3b:01:24:b7:c8,84,3,0,0,-17,S,5c:62:8b:66:67:d2"
1791490682.647,"B,35575,10,b0:a7:b9:23:82:ee,0,0,60,2,-86,A,b0:a7:b9:23:82:ee"
1791490682.647,"B,35575,10,3c:f0:11:24:00:90,60,2,0,0,-90,S,b0:a7:b9:23:82:ee"
1791490682.647,"A,35645,10,b0:95:75:76:da:76,-92,domruwifi"
1791490682.647,"B,35675,10,5c:62:8b:66:67:d2,0,0,2703,6,-47,A,5c:62:8b:66:67:d2"
1791490682.647,"B,35675,10,b2:db:ca:e6:29:a6,28,1,0,0,-23,S,5c:62:8b:66:67:d2"
1791490682.847,"B,35675,10,46:88:44:6e:4f:e4,2675,5,0,0,-27,S,5c:62:8b:66:67:d2"
1791490682.847,"B,35775,10,5c:62:8b:66:67:d2,0,0,2731,7,-46,A,5c:62:8b:66:67:d2"
1791490682.847,"B,35775,10,78:8c:b5:f5:e7:26,0,0,30,1,-74,A,78:8c:b5:f5:e7:26"
1791490682.847,"B,35775,10,46:88:44:6e:4f:e4,2703,6,0,0,-27,S,5c:62:8b:66:67:d2"
1791490682.847,"B,35775,10,72:3b:01:24:b7:c8,28,1,0,0,-17,S,5c:62:8b:66:67:d2"
1791490682.847,"B,35775,10,a6:4c:bd:b6:c7:99,30,1,0,0,-89,S,78:8c:b5:f5:e7:26"
1791490683.047,"B,35875,10,5c:62:8b:66:67:d2,0,0,3543,13,-46,A,5c:62:8b:66:67:d2"
1791490683.047,"B,35875,10,b2:db:ca:e6:29:a6,28,1,0,0,-22,S,5c:62:8b:66:67:d2"
1791490683.047,"B,35875,10,46:88:44:6e:4f:e4,3403,8,0,0,-27,S,5c:62:8b:66:67:d2"
1791490683.047,"B,35875,10,72:3b:01:24:b7:c8,112,4,0,0,-16,S,5c:62:8b:66:67:d2"
1791490683.047,"B,35975,10,5c:62:8b:66:67:d2,0,0,1302,12,-47,A,5c:62:8b:66:67:d2"
1791490683.047,"B,35975,10,b2:db:ca:e6:29:a6,56,2,0,0,-22,S,5c:62:8b:66:67:d2"
1791490683.047,"B,35975,10,46:88:44:6e:4f:e4,1078,4,0,0,-25,S,5c:62:8b:66:67:d2"
1791490683.047,"B,35975,10,72:3b:01:24:b7:c8,168,6,0,0,-17,S,5c:62:8b:66:67:d2"
1791490683.047,"M,36032,slot,3,1"
1791490683.047,"B,36075,10,5c:62:8b:66:67:d2,0,0,2759,8,0,A,5c:62:8b:66:67:d2"
1791490683.047,"B,36075,10,b2:db:ca:e6:29:a6,84,3,0,0,-21,S,5c:62:8b:66:67:d2"
1791490683.047,"B,36075,10,46:88:44:6e:4f:e4,2675,5,0,0,-27,S,5c:62:8b:66:67:d2"
1791490683.247,"B,36175,10,5c:62:8b:66:67:d2,0,0,3137,10,-47,A,5c:62:8b:66:67:d2"
1791490683.247,"B,36175,10,46:88:44:6e:4f:e4,3053,7,0,0,-26,S,5c:62:8b:66:67:d2"
1791490683.247,"B,36175,10,72:3b:01:24:b7:c8,84,3,0,0,-17,S,5c:62:8b:66:67:d2"
1791490683.247,"B,36275,10,5c:62:8b:66:67:d2,0,0,3067,19,-46,A,5c:62:8b:66:67:d2"
1791490683.247,"B,36275,10,b2:db:ca:e6:29:a6,56,2,0,0,-23,S,5c:62:8b:66:67:d2"
1791490683.247,"B,36275,10,78:8c:b5:f5:e7:26,0,0,60,2,-75,A,78:8c:b5:f5:e7:26"
1791490683.447,"B,36275,10,46:88:44:6e:4f:e4,2703,6,0,0,-26,S,5c:62:8b:66:67:d2"
1791490683.447,"B,36275,10,72:3b:01:24:b7:c8,308,11,0,0,-16,S,5c:62:8b:66:67:d2"
1791490683.447,"B,36275,10,a6:4c:bd:b6:c7:99,60,2,0,0,-89,S,78:8c:b5:f5:e7:26"
1791490683.447,"B,36375,10,5c:62:8b:66:67:d2,0,0,2815,10,-46,A,5c:62:8b:66:67:d2"
1791490683.447,"B,36375,10,b2:db:ca:e6:29:a6,28,1,0,0,-21,S,5c:62:8b:66:67:d2"
1791490683.447,"B,36375,10,78:8c:b5:f5:e7:26,161,1,60,2,-77,A,78:8c:b5:f5:e7:26"
1791490683.447,"B,36375,10,46:88:44:6e:4f:e4,2703,6,0,0,-27,S,5c:62:8b:66:67:d2"
1791490683.447,"B,36375,10,72:3b:01:24:b7:c8,84,3,0,0,-17,S,5c:62:8b:66:67:d2"
1791490683.447,"B,36375,10,a6:4c:bd:b6:c7:99,60,2,0,0,-90,S,78:8c:b5:f5:e7:26"
1791490683.447,"B,36475,10,5c:62:8b:66:67:d2,0,0,3249,14,-46,A,5c:62:8b:66:67:d2"
1791490683.447,"B,36475,10,b2:db:ca:e6:29:a6,56,2,0,0,-22,S,5c:62:8b:66:67:d2"
1791490683.648,"B,36475,10,78:8c:b5:f5:e7:26,0,0,30,1,-71,A,78:8c:b5:f5:e7:26"
1791490683.648,"B,36475,10,46:88:44:6e:4f:e4,3053,7,0,0,-27,S,5c:62:8b:66:67:d2"
1791490683.648,"B,36475,10,72:3b:01:24:b7:c8,140,5,0,0,-17,S,5c:62:8b:66:67:d2"
1791490683.648,"B,36475,10,a6:4c:bd:b6:c7:99,30,1,0,0,-90,S,78:8c:b5:f5:e7:26"
1791490683.648,"B,36575,10,5c:62:8b:66:67:d2,0,0,1134,6,-46,A,5c:62:8b:66:67:d2"
1791490683.648,"B,36575,10,b2:db:ca:e6:29:a6,56,2,0,0,-22,S,5c:62:8b:66:67:d2"
1791490683.648,"B,36575,10,46:88:44:6e:4f:e4,1078,4,0,0,-27,S,5c:62:8b:66:67:d2"
1791490683.648,"B,36575,10,b0:a7:b9:23:82:ee,506,1,0,0,-86,A,b0:a7:b9:23:82:ee"
1791490683.648,"B,36675,10,5c:62:8b:66:67:d2,0,0,2815,10,-46,A,5c:62:8b:66:67:d2"
1791490683.648,"B,36675,10,78:8c:b5:f5:e7:26,0,0,30,1,-74,A,78:8c:b5:f5:e7:26"
1791490683.848,"B,36675,10,46:88:44:6e:4f:e4,2675,5,0,0,-27,S,5c:62:8b:66:67:d2"
1791490683.848,"B,36675,10,72:3b:01:24:b7:c8,140,5,0,0,-16,S,5c:62:8b:66:67:d2"
1791490683.848,"B,36675,10,a6:4c:bd:b6:c7:99,30,1,0,0,-90,S,78:8c:b5:f5:e7:26"
1791490683.848,"B,36775,10,5c:62:8b:66:67:d2,0,0,3011,17,-47,A,5c:62:8b:66:67:d2"
1791490683.848,"B,36775,10,b2:db:ca:e6:29:a6,56,2,0,0,-21,S,5c:62:8b:66:67:d2"
1791490683.848,"B,36775,10,46:88:44:6e:4f:e4,2703,6,0,0,-27,S,5c:62:8b:66:67:d2"
1791490683.848,"B,36775,10,72:3b:01:24:b7:c8,252,9,0,0,-16,S,5c:62:8b:66:67:d2"
1791490683.848,"B,36875,10,5c:62:8b:66:67:d2,0,0,3137,10,-47,A,5c:62:8b:66:67:d2"
1791490683.848,"B,36875,10,b2:db:ca:e6:29:a6,56,2,0,0,-22,S,5c:62:8b:66:67:d2"
1791490683.848,"B,36875,10,78:8c:b5:f5:e7:26,0,0,30,1,-74,A,78:8c:b5:f5:e7:26"
1791490683.848,"B,36875,10,46:88:44:6e:4f:e4,3053,7,0,0,-27,S,5c:62:8b:66:67:d2"
1791490684.048,"B,36875,10,72:3b:01:24:b7:c8,28,1,0,0,-17,S,5c:62:8b:66:67:d2"
1791490684.048,"B,36875,10,a6:4c:bd:b6:c7:99,30,1,0,0,-89,S,78:8c:b5:f5:e7:26"
1791490684.048,"B,36975,10,5c:62:8b:66:67:d2,138,1,4264,14,-47,A,5c:62:8b:66:67:d2"
1791490684.048,"B,36975,10,b2:db:ca:e6:29:a6,84,3,0,0,-22,S,5c:62:8b:66:67:d2"
1791490684.048,"B,36975,10,46:88:44:6e:4f:e4,4096,8,138,1,-27,S,5c:62:8b:66:67:d2"
1791490684.048,"B,36975,10,72:3b:01:24:b7:c8,84,3,0,0,-17,S,5c:62:8b:66:67:d2"
1791490684.048,"B,37075,10,5c:62:8b:66:67:d2,0,0,3077,17,-46,A,5c:62:8b:66:67:d2"
1791490684.048,"B,37075,10,b2:db:ca:e6:29:a6,56,2,0,0,-22,S,5c:62:8b:66:67:d2"
1791490684.048,"B,37075,10,46:88:44:6e:4f:e4,2797,7,0,0,-27,S,5c:62:8b:66:67:d2"
1791490684.249,"B,37075,10,72:3b:01:24:b7:c8,224,8,0,0,-17,S,5c:62:8b:66:67:d2"
1791490684.249,"B,37175,10,5c:62:8b:66:67:d2,0,0,1190,8,-47,A,5c:62:8b:66:67:d2"
1791490684.249,"B,37175,10,b2:db:ca:e6:29:a6,28,1,0,0,-22,S,5c:62:8b:66:67:d2"
1791490684.249,"B,37175,10,46:88:44:6e:4f:e4,1078,4,0,0,-27,S,5c:62:8b:66:67:d2"
1791490684.249,"B,37175,10,72:3b:01:24:b7:c8,84,3,0,0,-16,S,5c:62:8b:66:67:d2"
1791490684.249,"B,37175,10,80:af:ca:68:4c:f8,84,1,0,0,-84,A,80:af:ca:68:4c:f8"
1791490684.249,"B,37275,10,5c:62:8b:66:67:d2,0,0,2843,11,-46,A,5c:62:8b:66:67:d2"
1791490684.249,"B,37275,10,b2:db:ca:e6:29:a6,56,2,0,0,-22,S,5c:62:8b:66:67:d2"
1791490684.249,"B,37275,10,46:88:44:6e:4f:e4,2675,5,0,0,-27,S,5c:62:8b:66:67:d2"
1791490684.249,"B,37275,10,72:3b:01:24:b7:c8,112,4,0,0,-16,S,5c:62:8b:66:67:d2"
1791490684.449,"B,37375,10,5c:62:8b:66:67:d2,0,0,2983,16,-46,A,5c:62:8b:66:67:d2"
1791490684.449,"B,37375,10,b2:db:ca:e6:29:a6,56,2,0,0,-21,S,5c:62:8b:66:67:d2"
1791490684.449,"B,37375,10,46:88:44:6e:4f:e4,2703,6,0,0,-26,S,5c:62:8b:66:67:d2"
1791490684.449,"B,37375,10,72:3b:01:24:b7:c8,224,8,0,0,-17,S,5c:62:8b:66:67:d2"
1791490684.449,"B,37475,10,5c:62:8b:66:67:d2,0,0,2843,11,-46,A,5c:62:8b:66:67:d2"
1791490684.449,"B,37475,10,b2:db:ca:e6:29:a6,56,2,0,0,-23,S,5c:62:8b:66:67:d2"
1791490684.449,"B,37475,10,46:88:44:6e:4f:e4,2703,6,0,0,-26,S,5c:62:8b:66:67:d2"
1791490684.449,"B,37475,10,72:3b:01:24:b7:c8,84,3,0,0,-17,S,5c:62:8b:66:67:d2"
1791490684.651,"B,37575,10,5c:62:8b:66:67:d2,0,0,2899,13,-46,A,5c:62:8b:66:67:d2"
1791490684.651,"B,37575,10,b2:db:ca:e6:29:a6,28,1,0,0,-20,S,5c:62:8b:66:67:d2"
1791490684.651,"B,37575,10,46:88:44:6e:4f:e4,2703,6,0,0,-26,S,5c:62:8b:66:67:d2"
1791490684.651,"B,37575,10,72:3b:01:24:b7:c8,168,6,0,0,-17,S,5c:62:8b:66:67:d2"
1791490684.651,"B,37675,10,5c:62:8b:66:67:d2,0,0,2843,11,-46,A,5c:62:8b:66:67:d2"
1791490684.651,"B,37675,10,46:88:44:6e:4f:e4,2703,6,0,0,-27,S,5c:62:8b:66:67:d2"
1791490684.651,"B,37675,10,72:3b:01:24:b7:c8,140,5,0,0,-17,S,5c:62:8b:66:67:d2"
1791490684.851,"B,37775,10,5c:62:8b:66:67:d2,0,0,1540,9,-46,A,5c:62:8b:66:67:d2"
1791490684.851,"B,37775,10,46:88:44:6e:4f:e4,1428,5,0,0,-27,S,5c:62:8b:66:67:d2"
1791490684.851,"B,37775,10,72:3b:01:24:b7:c8,112,4,0,0,-17,S,5c:62:8b:66:67:d2"
1791490684.851,"B,37875,10,5c:62:8b:66:67:d2,0,0,3593,18,-46,A,5c:62:8b:66:67:d2"
1791490684.851,"B,37875,10,46:88:44:6e:4f:e4,3257,6,0,0,-27,S,5c:62:8b:66:67:d2"
1791490684.851,"B,37875,10,72:3b:01:24:b7:c8,336,12,0,0,-17,S,5c:62:8b:66:67:d2"
1791490685.053,"B,37975,10,5c:62:8b:66:67:d2,0,0,2871,12,-46,A,5c:62:8b:66:67:d2"
1791490685.053,"B,37975,10,46:88:44:6e:4f:e4,2703,6,0,0,-27,S,5c:62:8b:66:67:d2"
1791490685.053,"B,37975,10,72:3b:01:24:b7:c8,168,6,0,0,-16,S,5c:62:8b:66:67:d2"
1791490685.053,"B,38075,10,5c:62:8b:66:67:d2,0,0,3137,10,-47,A,5c:62:8b:66:67:d2"
1791490685.053,"B,38075,10,46:88:44:6e:4f:e4,3053,7,0,0,-27,S,5c:62:8b:66:67:d2"
1791490685.053,"B,38075,10,72:3b:01:24:b7:c8,84,3,0,0,-16,S,5c:62:8b:66:67:d2"
1791490685.254,"B,38175,10,5c:62:8b:66:67:d2,0,0,4091,16,-47,A,5c:62:8b:66:67:d2"
1791490685.254,"B,38175,10,46:88:44:6e:4f:e4,3867,8,0,0,-27,S,5c:62:8b:66:67:d2"
1791490685.254,"B,38175,10,72:3b:01:24:b7:c8,224,8,0,0,-17,S,5c:62:8b:66:67:d2"
1791490685.254,"B,38275,10,5c:62:8b:66:67:d2,0,0,2899,13,-47,A,5c:62:8b:66:67:d2"
1791490685.254,"B,38275,10,46:88:44:6e:4f:e4,2703,6,0,0,-27,S,5c:62:8b:66:67:d2"
1791490685.254,"B,38275,10,72:3b:01:24:b7:c8,196,7,0,0,-17,S,5c:62:8b:66:67:d2"
1791490685.456,"B,38375,10,5c:62:8b:66:67:d2,0,0,1190,8,-47,A,5c:62:8b:66:67:d2"
1791490685.456,"B,38375,10,46:88:44:6e:4f:e4,1050,3,0,0,-27,S,5c:62:8b:66:67:d2"
1791490685.456,"B,38375,10,72:3b:01:24:b7:c8,140,5,0,0,-16,S,5c:62:8b:66:67:d2"
1791490685.456,"B,38475,10,5c:62:8b:66:67:d2,0,0,8552,16,-46,A,5c:62:8b:66:67:d2"
1791490685.456,"B,38475,10,46:88:44:6e:4f:e4,8440,12,0,0,-27,S,5c:62:8b:66:67:d2"
1791490685.456,"B,38475,10,72:3b:01:24:b7:c8,112,4,0,0,-16,S,5c:62:8b:66:67:d2"
1791490685.658,"B,38575,10,5c:62:8b:66:67:d2,0,0,3387,9,-47,A,5c:62:8b:66:67:d2"
1791490685.658,"B,38575,10,46:88:44:6e:4f:e4,3303,6,0,0,-27,S,5c:62:8b:66:67:d2"
1791490685.658,"B,38575,10,72:3b:01:24:b7:c8,84,3,0,0,-16,S,5c:62:8b:66:67:d2"
1791490685.658,"B,38675,10,5c:62:8b:66:67:d2,0,0,3765,8,-46,A,5c:62:8b:66:67:d2"
1791490685.658,"B,38675,10,78:8c:b5:f5:e7:26,0,0,30,1,-73,A,78:8c:b5:f5:e7:26"
1791490685.658,"B,38675,10,46:88:44:6e:4f:e4,3737,7,0,0,-26,S,5c:62:8b:66:67:d2"
1791490685.658,"B,38675,10,72:3b:01:24:b7:c8,28,1,0,0,-17,S,5c:62:8b:66:67:d2"
1791490685.658,"B,38675,10,a6:4c:bd:b6:c7:99,30,1,0,0,-91,S,78:8c:b5:f5:e7:26"
1791490685.860,"B,38775,10,5c:62:8b:66:67:d2,0,0,5983,12,-46,A,5c:62:8b:66:67:d2"
1791490685.860,"B,38775,10,46:88:44:6e:4f:e4,5871,8,0,0,-26,S,5c:62:8b:66:67:d2"
1791490685.860,"B,38775,10,72:3b:01:24:b7:c8,112,4,0,0,-17,S,5c:62:8b:66:67:d2"
1791490685.860,"B,38875,10,5c:62:8b:66:67:d2,0,0,7213,12,-46,A,5c:62:8b:66:67:d2"
1791490685.860,"B,38875,10,46:88:44:6e:4f:e4,7157,10,0,0,-26,S,5c:62:8b:66:67:d2"
1791490685.860,"B,38875,10,72:3b:01:24:b7:c8,56,2,0,0,-16,S,5c:62:8b:66:67:d2"
1791490686.063,"B,38975,10,5c:62:8b:66:67:d2,0,0,1274,11,-46,A,5c:62:8b:66:67:d2"
1791490686.063,"B,38975,10,46:88:44:6e:4f:e4,1050,3,0,0,-27,S,5c:62:8b:66:67:d2"
1791490686.063,"B,38975,10,72:3b:01:24:b7:c8,224,8,0,0,-17,S,5c:62:8b:66:67:d2"
1791490686.063,"B,39075,10,5c:62:8b:66:67:d2,0,0,5836,12,-46,A,5c:62:8b:66:67:d2"
1791490686.063,"B,39075,10,78:8c:b5:f5:e7:26,0,0,30,1,-74,A,78:8c:b5:f5:e7:26"
1791490686.063,"B,39075,10,46:88:44:6e:4f:e4,5724,8,0,0,-27,S,5c:62:8b:66:67:d2"
1791490686.063,"B,39075,10,72:3b:01:24:b7:c8,112,4,0,0,-17,S,5c:62:8b:66:67:d2"
1791490686.063,"B,39075,10,a6:4c:bd:b6:c7:99,30,1,0,0,-90,S,78:8c:b5:f5:e7:26"
1791490686.267,"B,39175,10,5c:62:8b:66:67:d2,0,0,4881,13,-47,A,5c:62:8b:66:67:d2"
1791490686.267,"B,39175,10,46:88:44:6e:4f:e4,4713,7,0,0,-27,S,5c:62:8b:66:67:d2"
1791490686.267,"B,39175,10,72:3b:01:24:b7:c8,168,6,0,0,-17,S,5c:62:8b:66:67:d2"
1791490686.267,"B,39275,10,5c:62:8b:66:67:d2,0,0,6409,14,-46,A,5c:62:8b:66:67:d2"
1791490686.267,"B,39275,10,78:8c:b5:f5:e7:26,0,0,30,1,-74,A,78:8c:b5:f5:e7:26"
1791490686.267,"B,39275,10,46:88:44:6e:4f:e4,6269,9,0,0,-27,S,5c:62:8b:66:67:d2"
1791490686.267,"B,39275,10,72:3b:01:24:b7:c8,140,5,0,0,-17,S,5c:62:8b:66:67:d2"
1791490686.267,"B,39275,10,a6:4c:bd:b6:c7:99,30,1,0,0,-90,S,78:8c:b5:f5:e7:26"
1791490686.473,"B,39375,10,5c:62:8b:66:67:d2,0,0,5183,10,-46,A,5c:62:8b:66:67:d2"
1791490686.473,"B,39375,10,46:88:44:6e:4f:e4,5127,8,0,0,-27,S,5c:62:8b:66:67:d2"
1791490686.473,"B,39375,10,72:3b:01:24:b7:c8,56,2,0,0,-17,S,5c:62:8b:66:67:d2"
1791490686.473,"B,39475,10,5c:62:8b:66:67:d2,0,0,4603,11,-46,A,5c:62:8b:66:67:d2"
1791490686.473,"B,39475,10,b2:db:ca:e6:29:a6,56,2,0,0,-22,S,5c:62:8b:66:67:d2"
1791490686.473,"B,39475,10,46:88:44:6e:4f:e4,4463,6,0,0,-27,S,5c:62:8b:66:67:d2"
1791490686.473,"B,39475,10,72:3b:01:24:b7:c8,84,3,0,0,-17,S,5c:62:8b:66:67:d2"
1791490686.678,"B,39575,10,5c:62:8b:66:67:d2,0,0,1862,9,-46,A,5c:62:8b:66:67:d2"
1791490686.678,"B,39575,10,b2:db:ca:e6:29:a6,56,2,0,0,-22,S,5c:62:8b:66:67:d2"
1791490686.678,"B,39575,10,46:88:44:6e:4f:e4,1750,5,0,0,-27,S,5c:62:8b:66:67:d2"
1791490686.678,"B,39575,10,72:3b:01:24:b7:c8,56,2,0,0,-17,S,5c:62:8b:66:67:d2"
1791490686.678,"B,39675,10,5c:62:8b:66:67:d2,0,0,4913,11,-46,A,5c:62:8b:66:67:d2"
1791490686.678,"B,39675,10,b2:db:ca:e6:29:a6,28,1,0,0,-20,S,5c:62:8b:66:67:d2"
1791490686.678,"B,39675,10,78:8c:b5:f5:e7:26,0,0,30,1,-74,A,78:8c:b5:f5:e7:26"
1791490686.678,"B,39675,10,46:88:44:6e:4f:e4,4773,6,0,0,-27,S,5c:62:8b:66:67:d2"
1791490686.678,"B,39675,10,72:3b:01:24:b7:c8,112,4,0,0,-16,S,5c:62:8b:66:67:d2"
1791490686.678,"B,39675,10,a6:4c:bd:b6:c7:99,30,1,0,0,-91,S,78:8c:b5:f5:e7:26"
1791490686.883,"B,39775,10,5c:62:8b:66:67:d2,0,0,5001,13,-46,A,5c:62:8b:66:67:d2"
1791490686.883,"B,39775,10,b2:db:ca:e6:29:a6,56,2,0,0,-21,S,5c:62:8b:66:67:d2"
1791490686.883,"B,39775,10,46:88:44:6e:4f:e4,4833,7,0,0,-27,S,5c:62:8b:66:67:d2"
1791490686.883,"B,39775,10,72:3b:01:24:b7:c8,112,4,0,0,-16,S,5c:62:8b:66:67:d2"
1791490686.883,"B,39875,10,5c:62:8b:66:67:d2,0,0,8285,15,-46,A,5c:62:8b:66:67:d2"
1791490686.883,"B,39875,10,b2:db:ca:e6:29:a6,28,1,0,0,-22,S,5c:62:8b:66:67:d2"
1791490686.883,"B,39875,10,46:88:44:6e:4f:e4,8173,11,0,0,-26,S,5c:62:8b:66:67:d2"
1791490686.883,"B,39875,10,72:3b:01:24:b7:c8,84,3,0,0,-17,S,5c:62:8b:66:67:d2"
1791490687.088,"B,39975,10,5c:62:8b:66:67:d2,0,0,4929,11,-46,A,5c:62:8b:66:67:d2"
1791490687.088,"B,39975,10,b2:db:ca:e6:29:a6,28,1,0,0,-22,S,5c:62:8b:66:67:d2"
1791490687.088,"B,39975,10,46:88:44:6e:4f:e4,4817,7,0,0,-26,S,5c:62:8b:66:67:d2"
1791490687.088,"B,39975,10,72:3b:01:24:b7:c8,84,3,0,0,-17,S,5c:62:8b:66:67:d2"
1791490687.088,"B,40075,10,5c:62:8b:66:67:d2,0,0,6055,17,-46,A,5c:62:8b:66:67:d2"
1791490687.088,"B,40075,10,46:88:44:6e:4f:e4,5859,10,0,0,-26,S,5c:62:8b:66:67:d2"
1791490687.088,"B,40075,10,72:3b:01:24:b7:c8,196,7,0,0,-17,S,5c:62:8b:66:67:d2"
1791490687.088,"I,40089,stat,rx=7631,drops=0,ch=10,bin=100,hop=0,heap=203064"
1791490687.293,"B,40175,10,5c:62:8b:66:67:d2,0,0,1456,6,-46,A,5c:62:8b:66:67:d2"
1791490687.293,"B,40175,10,46:88:44:6e:4f:e4,1428,5,0,0,-26,S,5c:62:8b:66:67:d2"
1791490687.293,"B,40175,10,72:3b:01:24:b7:c8,28,1,0,0,-17,S,5c:62:8b:66:67:d2"
1791490687.293,"B,40275,10,5c:62:8b:66:67:d2,0,0,5113,17,-46,A,5c:62:8b:66:67:d2"
1791490687.293,"B,40275,10,b2:db:ca:e6:29:a6,28,1,0,0,-22,S,5c:62:8b:66:67:d2"
1791490687.293,"B,40275,10,46:88:44:6e:4f:e4,4805,6,0,0,-27,S,5c:62:8b:66:67:d2"
1791490687.293,"B,40275,10,72:3b:01:24:b7:c8,280,10,0,0,-16,S,5c:62:8b:66:67:d2"
1791490687.495,"B,40375,10,5c:62:8b:66:67:d2,0,0,4933,12,0,A,5c:62:8b:66:67:d2"
1791490687.495,"B,40375,10,b2:db:ca:e6:29:a6,28,1,0,0,-21,S,5c:62:8b:66:67:d2"
1791490687.495,"B,40375,10,46:88:44:6e:4f:e4,4793,7,0,0,-27,S,5c:62:8b:66:67:d2"
1791490687.495,"B,40375,10,72:3b:01:24:b7:c8,112,4,0,0,-17,S,5c:62:8b:66:67:d2"
1791490687.495,"B,40475,10,5c:62:8b:66:67:d2,0,0,5315,14,-46,A,5c:62:8b:66:67:d2"
1791490687.495,"B,40475,10,b2:db:ca:e6:29:a6,56,2,0,0,-21,S,5c:62:8b:66:67:d2"
1791490687.495,"B,40475,10,46:88:44:6e:4f:e4,5147,8,0,0,-27,S,5c:62:8b:66:67:d2"
1791490687.495,"B,40475,10,72:3b:01:24:b7:c8,112,4,0,0,-17,S,5c:62:8b:66:67:d2"
1791490687.700,"B,40575,10,5c:62:8b:66:67:d2,0,0,5745,17,-46,A,5c:62:8b:66:67:d2"
1791490687.700,"B,40575,10,b2:db:ca:e6:29:a6,28,1,0,0,-22,S,5c:62:8b:66:67:d2"
1791490687.700,"B,40575,10,46:88:44:6e:4f:e4,5549,10,0,0,-27,S,5c:62:8b:66:67:d2"
1791490687.700,"B,40575,10,72:3b:01:24:b7:c8,168,6,0,0,-17,S,5c:62:8b:66:67:d2"
1791490687.700,"B,40675,10,5c:62:8b:66:67:d2,0,0,1134,6,-46,A,5c:62:8b:66:67:d2"
1791490687.700,"B,40675,10,b2:db:ca:e6:29:a6,56,2,0,0,-21,S,5c:62:8b:66:67:d2"
1791490687.700,"B,40675,10,46:88:44:6e:4f:e4,1078,4,0,0,-27,S,5c:62:8b:66:67:d2"
1791490687.905,"B,40775,10,5c:62:8b:66:67:d2,0,0,6007,13,-46,A,5c:62:8b:66:67:d2"
1791490687.905,"B,40775,10,b2:db:ca:e6:29:a6,84,3,0,0,-22,S,5c:62:8b:66:67:d2"
1791490687.905,"B,40775,10,46:88:44:6e:4f:e4,5895,9,0,0,-27,S,5c:62:8b:66:67:d2"
1791490687.905,"B,40775,10,72:3b:01:24:b7:c8,28,1,0,0,-17,S,5c:62:8b:66:67:d2"
1791490687.905,"B,40875,10,5c:62:8b:66:67:d2,1750,5,5645,13,-47,A,5c:62:8b:66:67:d2"
1791490687.905,"B,40875,10,b2:db:ca:e6:29:a6,56,2,0,0,-21,S,5c:62:8b:66:67:d2"
1791490687.905,"B,40875,10,46:88:44:6e:4f:e4,5533,9,0,0,-27,S,5c:62:8b:66:67:d2"
1791490687.905,"B,40875,10,72:3b:01:24:b7:c8,56,2,1750,5,-16,S,5c:62:8b:66:67:d2"
1791490688.108,"B,40975,10,5c:62:8b:66:67:d2,0,0,5940,11,-46,A,5c:62:8b:66:67:d2"
1791490688.108,"B,40975,10,b2:db:ca:e6:29:a6,56,2,0,0,-21,S,5c:62:8b:66:67:d2"
1791490688.108,"B,40975,10,46:88:44:6e:4f:e4,5856,8,0,0,-27,S,5c:62:8b:66:67:d2"
1791490688.108,"B,40975,10,72:3b:01:24:b7:c8,28,1,0,0,-16,S,5c:62:8b:66:67:d2"
1791490688.108,"B,41075,10,5c:62:8b:66:67:d2,0,0,6238,10,-46,A,5c:62:8b:66:67:d2"
1791490688.108,"B,41075,10,b2:db:ca:e6:29:a6,28,1,0,0,-21,S,5c:62:8b:66:67:d2"
1791490688.108,"B,41075,10,46:88:44:6e:4f:e4,6210,9,0,0,-27,S,5c:62:8b:66:67:d2"
1791490688.108,"M,41109,slot,4,0"
1791490688.312,"B,41175,10,5c:62:8b:66:67:d2,0,0,5679,27,-46,A,5c:62:8b:66:67:d2"
1791490688.312,"B,41175,10,b2:db:ca:e6:29:a6,140,5,0,0,-22,S,5c:62:8b:66:67:d2"
1791490688.312,"B,41175,10,78:8c:b5:f5:e7:26,80,1,0,0,-74,A,78:8c:b5:f5:e7:26"
1791490688.312,"B,41175,10,46:88:44:6e:4f:e4,5147,8,0,0,-27,S,5c:62:8b:66:67:d2"
1791490688.312,"B,41175,10,72:3b:01:24:b7:c8,392,14,0,0,-16,S,5c:62:8b:66:67:d2"
1791490688.312,"B,41275,10,5c:62:8b:66:67:d2,0,0,4857,9,-46,A,5c:62:8b:66:67:d2"
1791490688.312,"B,41275,10,b2:db:ca:e6:29:a6,28,1,0,0,-21,S,5c:62:8b:66:67:d2"
1791490688.312,"B,41275,10,78:8c:b5:f5:e7:26,0,0,30,1,0,A,78:8c:b5:f5:e7:26"
1791490688.312,"B,41275,10,46:88:44:6e:4f:e4,4801,7,0,0,-26,S,5c:62:8b:66:67:d2"
1791490688.312,"B,41275,10,72:3b:01:24:b7:c8,28,1,0,0,-16,S,5c:62:8b:66:67:d2"
1791490688.312,"B,41275,10,a6:4c:bd:b6:c7:99,30,1,0,0,-87,S,78:8c:b5:f5:e7:26"
1791490688.516,"B,41375,10,5c:62:8b:66:67:d2,0,0,1078,4,-47,A,5c:62:8b:66:67:d2"
1791490688.516,"B,41375,10,b2:db:ca:e6:29:a6,28,1,0,0,-22,S,5c:62:8b:66:67:d2"
1791490688.516,"B,41375,10,78:8c:b5:f5:e7:26,0,0,30,1,0,A,78:8c:b5:f5:e7:26"
1791490688.516,"B,41375,10,46:88:44:6e:4f:e4,1050,3,0,0,-27,S,5c:62:8b:66:67:d2"
1791490688.516,"B,41375,10,a6:4c:bd:b6:c7:99,30,1,0,0,-88,S,78:8c:b5:f5:e7:26"
1791490688.516,"B,41475,10,5c:62:8b:66:67:d2,3850,11,5613,14,-46,A,5c:62:8b:66:67:d2"
1791490688.516,"B,41475,10,b2:db:ca:e6:29:a6,56,2,0,0,-21,S,5c:62:8b:66:67:d2"
1791490688.516,"B,41475,10,46:88:44:6e:4f:e4,5473,9,0,0,-26,S,5c:62:8b:66:67:d2"
1791490688.516,"B,41475,10,72:3b:01:24:b7:c8,84,3,3850,11,-16,S,5c:62:8b:66:67:d2"
1791490688.721,"B,41575,10,5c:62:8b:66:67:d2,82,1,6079,10,-48,A,5c:62:8b:66:67:d2"
1791490688.721,"B,41575,10,b2:db:ca:e6:29:a6,56,2,0,0,-21,S,5c:62:8b:66:67:d2"
1791490688.721,"B,41575,10,46:88:44:6e:4f:e4,6023,8,0,0,-26,S,5c:62:8b:66:67:d2"
1791490688.721,"B,41575,10,72:3b:01:24:b7:c8,0,0,82,1,0,S,5c:62:8b:66:67:d2"
1791490688.721,"B,41675,10,5c:62:8b:66:67:d2,0,0,5939,13,-47,A,5c:62:8b:66:67:d2"
1791490688.721,"B,41675,10,b2:db:ca:e6:29:a6,56,2,0,0,-23,S,5c:62:8b:66:67:d2"
1791490688.721,"B,41675,10,46:88:44:6e:4f:e4,5855,10,0,0,-27,S,5c:62:8b:66:67:d2"
1791490688.721,"B,41675,10,72:3b:01:24:b7:c8,28,1,0,0,-17,S,5c:62:8b:66:67:d2"
1791490688.925,"B,41775,10,5c:62:8b:66:67:d2,0,0,6064,15,-47,A,5c:62:8b:66:67:d2"
1791490688.925,"B,41775,10,b2:db:ca:e6:29:a6,28,1,0,0,-21,S,5c:62:8b:66:67:d2"
1791490688.925,"B,41775,10,46:88:44:6e:4f:e4,5868,8,0,0,-27,S,5c:62:8b:66:67:d2"
1791490688.925,"B,41775,10,72:3b:01:24:b7:c8,168,6,0,0,-16,S,5c:62:8b:66:67:d2"
1791490688.925,"B,41875,10,5c:62:8b:66:67:d2,138,1,4883,8,-48,A,5c:62:8b:66:67:d2"
1791490688.925,"B,41875,10,78:8c:b5:f5:e7:26,0,0,30,1,-74,A,78:8c:b5:f5:e7:26"
1791490688.925,"B,41875,10,46:88:44:6e:4f:e4,4883,8,138,1,-27,S,5c:62:8b:66:67:d2"
1791490688.925,"B,41875,10,a6:4c:bd:b6:c7:99,30,1,0,0,-87,S,78:8c:b5:f5:e7:26"
1791490689.130,"B,41975,10,5c:62:8b:66:67:d2,0,0,1302,12,-47,A,5c:62:8b:66:67:d2"
1791490689.130,"B,41975,10,b2:db:ca:e6:29:a6,84,3,0,0,-22,S,5c:62:8b:66:67:d2"
1791490689.130,"B,41975,10,46:88:44:6e:4f:e4,1050,3,0,0,-27,S,5c:62:8b:66:67:d2"
1791490689.130,"B,41975,10,72:3b:01:24:b7:c8,168,6,0,0,-16,S,5c:62:8b:66:67:d2"
1791490689.130,"B,42075,10,5c:62:8b:66:67:d2,0,0,5967,13,-48,A,5c:62:8b:66:67:d2"
1791490689.130,"B,42075,10,b2:db:ca:e6:29:a6,56,2,0,0,-21,S,5c:62:8b:66:67:d2"
1791490689.130,"B,42075,10,46:88:44:6e:4f:e4,5883,10,0,0,-26,S,5c:62:8b:66:67:d2"
1791490689.130,"B,42075,10,72:3b:01:24:b7:c8,28,1,0,0,-17,S,5c:62:8b:66:67:d2"
1791490689.333,"B,42175,10,5c:62:8b:66:67:d2,0,0,4845,9,-47,A,5c:62:8b:66:67:d2"
1791490689.333,"B,42175,10,b2:db:ca:e6:29:a6,56,2,0,0,-21,S,5c:62:8b:66:67:d2"
1791490689.333,"B,42175,10,78:8c:b5:f5:e7:26,160,2,0,0,-76,A,78:8c:b5:f5:e7:26"
1791490689.333,"B,42175,10,46:88:44:6e:4f:e4,4789,7,0,0,-27,S,5c:62:8b:66:67:d2"
1791490689.333,"B,42275,10,5c:62:8b:66:67:d2,0,0,7251,18,-47,A,5c:62:8b:66:67:d2"
1791490689.333,"B,42275,10,b2:db:ca:e6:29:a6,28,1,0,0,-23,S,5c:62:8b:66:67:d2"
1791490689.333,"B,42275,10,46:88:44:6e:4f:e4,7027,10,0,0,-27,S,5c:62:8b:66:67:d2"
1791490689.333,"B,42275,10,72:3b:01:24:b7:c8,196,7,0,0,-17,S,5c:62:8b:66:67:d2"
1791490689.534,"B,42375,10,5c:62:8b:66:67:d2,0,0,4949,12,-48,A,5c:62:8b:66:67:d2"
1791490689.534,"B,42375,10,b2:db:ca:e6:29:a6,28,1,0,0,-23,S,5c:62:8b:66:67:d2"
1791490689.534,"B,42375,10,46:88:44:6e:4f:e4,4809,7,0,0,-27,S,5c:62:8b:66:67:d2"
1791490689.534,"B,42375,10,72:3b:01:24:b7:c8,112,4,0,0,-17,S,5c:62:8b:66:67:d2"
1791490689.534,"B,42475,10,5c:62:8b:66:67:d2,0,0,5951,12,-47,A,5c:62:8b:66:67:d2"
1791490689.534,"B,42475,10,b2:db:ca:e6:29:a6,56,2,0,0,-21,S,5c:62:8b:66:67:d2"
1791490689.534,"B,42475,10,46:88:44:6e:4f:e4,5895,10,0,0,-27,S,5c:62:8b:66:67:d2"
1791490689.739,"B,42575,10,5c:62:8b:66:67:d2,0,0,1246,10,-47,A,5c:62:8b:66:67:d2"
1791490689.739,"B,42575,10,b2:db:ca:e6:29:a6,56,2,0,0,-23,S,5c:62:8b:66:67:d2"
1791490689.739,"B,42575,10,46:88:44:6e:4f:e4,1078,4,0,0,-25,S,5c:62:8b:66:67:d2"
1791490689.739,"B,42575,10,72:3b:01:24:b7:c8,112,4,0,0,-16,S,5c:62:8b:66:67:d2"
1791490689.739,"B,42675,10,5c:62:8b:66:67:d2,0,0,5633,12,-47,A,5c:62:8b:66:67:d2"
1791490689.739,"B,42675,10,b2:db:ca:e6:29:a6,56,2,0,0,-22,S,5c:62:8b:66:67:d2"
1791490689.739,"B,42675,10,78:8c:b5:f5:e7:26,0,0,30,1,-74,A,78:8c:b5:f5:e7:26"
1791490689.739,"B,42675,10,46:88:44:6e:4f:e4,5521,8,0,0,-27,S,5c:62:8b:66:67:d2"
1791490689.739,"B,42675,10,72:3b:01:24:b7:c8,56,2,0,0,-17,S,5c:62:8b:66:67:d2"
1791490689.739,"B,42675,10,a6:4c:bd:b6:c7:99,30,1,0,0,-88,S,78:8c:b5:f5:e7:26"
1791490689.943,"B,42775,10,5c:62:8b:66:67:d2,0,0,4889,8,-47,A,5c:62:8b:66:67:d2"
1791490689.943,"B,42775,10,b2:db:ca:e6:29:a6,28,1,0,0,-23,S,5c:62:8b:66:67:d2"
1791490689.943,"B,42775,10,46:88:44:6e:4f:e4,4861,7,0,0,-26,S,5c:62:8b:66:67:d2"
1791490689.943,"B,42875,10,5c:62:8b:66:67:d2,0,0,4937,11,-47,A,5c:62:8b:66:67:d2"
1791490689.943,"B,42875,10,46:88:44:6e:4f:e4,4825,7,0,0,-26,S,5c:62:8b:66:67:d2"
1791490689.943,"B,42875,10,72:3b:01:24:b7:c8,112,4,0,0,-17,S,5c:62:8b:66:67:d2"
1791490690.144,"B,42975,10,5c:62:8b:66:67:d2,0,0,5721,15,-47,A,5c:62:8b:66:67:d2"
1791490690.144,"B,42975,10,46:88:44:6e:4f:e4,5553,9,0,0,-27,S,5c:62:8b:66:67:d2"
1791490690.144,"B,42975,10,72:3b:01:24:b7:c8,168,6,0,0,-17,S,5c:62:8b:66:67:d2"
1791490690.144,"B,43075,10,5c:62:8b:66:67:d2,0,0,4837,7,-47,A,5c:62:8b:66:67:d2"
1791490690.144,"B,43075,10,46:88:44:6e:4f:e4,4837,7,0,0,-27,S,5c:62:8b:66:67:d2"
1791490690.144,"B,43175,10,5c:62:8b:66:67:d2,0,0,1050,3,-47,A,5c:62:8b:66:67:d2"
1791490690.345,"B,43175,10,78:8c:b5:f5:e7:26,80,1,30,1,-75,A,78:8c:b5:f5:e7:26"
1791490690.345,"B,43175,10,46:88:44:6e:4f:e4,1050,3,0,0,-27,S,5c:62:8b:66:67:d2"
1791490690.345,"B,43175,10,a6:4c:bd:b6:c7:99,30,1,0,0,-88,S,78:8c:b5:f5:e7:26"
1791490690.345,"B,43275,10,5c:62:8b:66:67:d2,0,0,4965,11,-47,A,5c:62:8b:66:67:d2"
1791490690.345,"B,43275,10,78:8c:b5:f5:e7:26,0,0,30,1,-76,A,78:8c:b5:f5:e7:26"
1791490690.345,"B,43275,10,46:88:44:6e:4f:e4,4853,7,0,0,-27,S,5c:62:8b:66:67:d2"
1791490690.345,"B,43275,10,72:3b:01:24:b7:c8,112,4,0,0,-17,S,5c:62:8b:66:67:d2"
1791490690.345,"B,43275,10,a6:4c:bd:b6:c7:99,30,1,0,0,-89,S,78:8c:b5:f5:e7:26"
1791490690.546,"B,43375,10,5c:62:8b:66:67:d2,0,0,5259,11,-47,A,5c:62:8b:66:67:d2"
1791490690.546,"B,43375,10,46:88:44:6e:4f:e4,5175,8,0,0,-27,S,5c:62:8b:66:67:d2"
1791490690.546,"B,43375,10,72:3b:01:24:b7:c8,84,3,0,0,-17,S,5c:62:8b:66:67:d2"
1791490690.546,"B,43475,10,5c:62:8b:66:67:d2,0,0,4825,7,-47,A,5c:62:8b:66:67:d2"
1791490690.546,"B,43475,10,46:88:44:6e:4f:e4,4825,7,0,0,-27,S,5c:62:8b:66:67:d2"
1791490690.746,"B,43575,10,5c:62:8b:66:67:d2,0,0,5411,15,-47,A,5c:62:8b:66:67:d2"
1791490690.746,"B,43575,10,b2:db:ca:e6:29:a6,84,3,0,0,-22,S,5c:62:8b:66:67:d2"
1791490690.746,"B,43575,10,46:88:44:6e:4f:e4,5215,8,0,0,-27,S,5c:62:8b:66:67:d2"
1791490690.746,"B,43575,10,72:3b:01:24:b7:c8,112,4,0,0,-17,S,5c:62:8b:66:67:d2"
1791490690.746,"B,43675,10,5c:62:8b:66:67:d2,0,0,4981,13,-46,A,5c:62:8b:66:67:d2"
1791490690.746,"B,43675,10,b2:db:ca:e6:29:a6,56,2,0,0,-21,S,5c:62:8b:66:67:d2"
1791490690.746,"B,43675,10,46:88:44:6e:4f:e4,4813,7,0,0,-27,S,5c:62:8b:66:67:d2"
1791490690.746,"B,43675,10,72:3b:01:24:b7:c8,112,4,0,0,-17,S,5c:62:8b:66:67:d2"
1791490690.746,"B,43775,10,5c:62:8b:66:67:d2,0,0,1106,5,-48,A,5c:62:8b:66:67:d2"
1791490690.947,"B,43775,10,b2:db:ca:e6:29:a6,56,2,0,0,-22,S,5c:62:8b:66:67:d2"
1791490690.947,"B,43775,10,46:88:44:6e:4f:e4,1050,3,0,0,-27,S,5c:62:8b:66:67:d2"
1791490690.947,"B,43875,10,5c:62:8b:66:67:d2,0,0,4595,12,-47,A,5c:62:8b:66:67:d2"
1791490690.947,"B,43875,10,b2:db:ca:e6:29:a6,28,1,0,0,-22,S,5c:62:8b:66:67:d2"
1791490690.947,"B,43875,10,46:88:44:6e:4f:e4,4399,5,0,0,-27,S,5c:62:8b:66:67:d2"
1791490690.947,"B,43875,10,72:3b:01:24:b7:c8,168,6,0,0,-17,S,5c:62:8b:66:67:d2"
1791490690.947,"B,43975,10,5c:62:8b:66:67:d2,0,0,5331,13,-47,A,5c:62:8b:66:67:d2"
1791490690.947,"B,43975,10,b2:db:ca:e6:29:a6,56,2,0,0,-22,S,5c:62:8b:66:67:d2"
1791490690.947,"B,43975,10,78:8c:b5:f5:e7:26,0,0,30,1,-74,A,78:8c:b5:f5:e7:26"
1791490691.147,"B,43975,10,46:88:44:6e:4f:e4,5191,8,0,0,-26,S,5c:62:8b:66:67:d2"
1791490691.147,"B,43975,10,72:3b:01:24:b7:c8,84,3,0,0,-17,S,5c:62:8b:66:67:d2"
1791490691.147,"B,43975,10,a6:4c:bd:b6:c7:99,30,1,0,0,-89,S,78:8c:b5:f5:e7:26"
1791490691.147,"B,44075,10,5c:62:8b:66:67:d2,0,0,5541,11,-46,A,5c:62:8b:66:67:d2"
1791490691.147,"B,44075,10,b2:db:ca:e6:29:a6,56,2,0,0,-21,S,5c:62:8b:66:67:d2"
1791490691.147,"B,44075,10,46:88:44:6e:4f:e4,5485,9,0,0,-26,S,5c:62:8b:66:67:d2"
1791490691.147,"B,44175,10,5c:62:8b:66:67:d2,0,0,5531,19,-46,A,5c:62:8b:66:67:d2"
1791490691.147,"B,44175,10,b2:db:ca:e6:29:a6,56,2,0,0,-22,S,5c:62:8b:66:67:d2"
1791490691.147,"B,44175,10,46:88:44:6e:4f:e4,5223,8,0,0,-26,S,5c:62:8b:66:67:d2"
1791490691.147,"B,44175,10,72:3b:01:24:b7:c8,252,9,0,0,-17,S,5c:62:8b:66:67:d2"
1791490691.347,"B,44275,10,5c:62:8b:66:67:d2,0,0,6220,13,-46,A,5c:62:8b:66:67:d2"
1791490691.347,"B,44275,10,b2:db:ca:e6:29:a6,28,1,0,0,-21,S,5c:62:8b:66:67:d2"
1791490691.347,"B,44275,10,46:88:44:6e:4f:e4,6080,8,0,0,-27,S,5c:62:8b:66:67:d2"
1791490691.347,"B,44275,10,72:3b:01:24:b7:c8,112,4,0,0,-17,S,5c:62:8b:66:67:d2"
1791490691.347,"B,44375,10,5c:62:8b:66:67:d2,0,0,1078,4,-47,A,5c:62:8b:66:67:d2"
1791490691.347,"B,44375,10,b2:db:ca:e6:29:a6,28,1,0,0,-21,S,5c:62:8b:66:67:d2"
1791490691.347,"B,44375,10,46:88:44:6e:4f:e4,1050,3,0,0,-27,S,5c:62:8b:66:67:d2"
1791490691.547,"B,44475,10,5c:62:8b:66:67:d2,0,0,6307,15,-47,A,5c:62:8b:66:67:d2"
1791490691.547,"B,44475,10,b2:db:ca:e6:29:a6,84,3,0,0,-21,S,5c:62:8b:66:67:d2"
1791490691.547,"B,44475,10,46:88:44:6e:4f:e4,6111,8,0,0,-27,S,5c:62:8b:66:67:d2"
1791490691.547,"B,44475,10,72:3b:01:24:b7:c8,112,4,0,0,-17,S,5c:62:8b:66:67:d2"
1791490691.547,"B,44575,10,5c:62:8b:66:67:d2,0,0,2381,6,-47,A,5c:62:8b:66:67:d2"
1791490691.547,"B,44575,10,b2:db:ca:e6:29:a6,28,1,0,0,-21,S,5c:62:8b:66:67:d2"
1791490691.547,"B,44575,10,46:88:44:6e:4f:e4,2353,5,0,0,-27,S,5c:62:8b:66:67:d2"
1791490691.748,"B,44675,10,5c:62:8b:66:67:d2,3492,6,2815,10,-47,A,5c:62:8b:66:67:d2"
1791490691.748,"B,44675,10,b2:db:ca:e6:29:a6,84,3,0,0,-20,S,5c:62:8b:66:67:d2"
1791490691.748,"B,44675,10,46:88:44:6e:4f:e4,2703,6,0,0,-27,S,5c:62:8b:66:67:d2"
1791490691.748,"B,44675,10,72:3b:01:24:b7:c8,28,1,3492,6,-17,S,5c:62:8b:66:67:d2"
1791490691.748,"B,44775,10,5c:62:8b:66:67:d2,0,0,3067,19,-46,A,5c:62:8b:66:67:d2"
1791490691.948,"B,44775,10,b2:db:ca:e6:29:a6,56,2,0,0,-21,S,5c:62:8b:66:67:d2"
1791490691.948,"B,44775,10,46:88:44:6e:4f:e4,2703,6,0,0,-27,S,5c:62:8b:66:67:d2"
1791490691.948,"B,44775,10,72:3b:01:24:b7:c8,308,11,0,0,-17,S,5c:62:8b:66:67:d2"
1791490691.948,"B,44875,10,5c:62:8b:66:67:d2,0,0,2731,7,-47,A,5c:62:8b:66:67:d2"
1791490691.948,"B,44875,10,46:88:44:6e:4f:e4,2703,6,0,0,-27,S,5c:62:8b:66:67:d2"
1791490691.948,"B,44875,10,72:3b:01:24:b7:c8,28,1,0,0,-17,S,5c:62:8b:66:67:d2"
1791490691.948,"B,44975,10,5c:62:8b:66:67:d2,0,0,1484,7,-47,A,5c:62:8b:66:67:d2"
1791490691.948,"B,44975,10,b2:db:ca:e6:29:a6,56,2,0,0,-23,S,5c:62:8b:66:67:d2"
1791490691.948,"B,44975,10,46:88:44:6e:4f:e4,1428,5,0,0,-27,S,5c:62:8b:66:67:d2"
1791490692.148,"B,45075,10,5c:62:8b:66:67:d2,0,0,2493,10,-46,A,5c:62:8b:66:67:d2"
1791490692.148,"B,45075,10,b2:db:ca:e6:29:a6,28,1,0,0,-23,S,5c:62:8b:66:67:d2"
1791490692.148,"B,45075,10,46:88:44:6e:4f:e4,2353,5,0,0,-27,S,5c:62:8b:66:67:d2"
1791490692.148,"B,45075,10,72:3b:01:24:b7:c8,112,4,0,0,-17,S,5c:62:8b:66:67:d2"
1791490692.148,"I,45089,stat,rx=8394,drops=0,ch=10,bin=100,hop=0,heap=203064"
1791490692.148,"B,45175,10,5c:62:8b:66:67:d2,0,0,3081,8,-47,A,5c:62:8b:66:67:d2"
1791490692.148,"B,45175,10,b2:db:ca:e6:29:a6,56,2,0,0,-22,S,5c:62:8b:66:67:d2"
1791490692.148,"B,45175,10,46:88:44:6e:4f:e4,3025,6,0,0,-27,S,5c:62:8b:66:67:d2"
1791490692.349,"B,45275,10,5c:62:8b:66:67:d2,0,0,2843,11,-46,A,5c:62:8b:66:67:d2"
1791490692.349,"B,45275,10,b2:db:ca:e6:29:a6,56,2,0,0,-23,S,5c:62:8b:66:67:d2"
1791490692.349,"B,45275,10,78:8c:b5:f5:e7:26,0,0,30,1,-75,A,78:8c:b5:f5:e7:26"
1791490692.349,"B,45275,10,46:88:44:6e:4f:e4,2703,6,0,0,-26,S,5c:62:8b:66:67:d2"
1791490692.349,"B,45275,10,72:3b:01:24:b7:c8,84,3,0,0,-17,S,5c:62:8b:66:67:d2"
1791490692.349,"B,45275,10,a6:4c:bd:b6:c7:99,30,1,0,0,-88,S,78:8c:b5:f5:e7:26"
1791490692.349,"B,45375,10,5c:62:8b:66:67:d2,0,0,2899,13,-47,A,5c:62:8b:66:67:d2"
1791490692.349,"B,45375,10,b2:db:ca:e6:29:a6,84,3,0,0,-21,S,5c:62:8b:66:67:d2"
1791490692.349,"B,45375,10,78:8c:b5:f5:e7:26,0,0,30,1,-74,A,78:8c:b5:f5:e7:26"
1791490692.349,"B,45375,10,46:88:44:6e:4f:e4,2703,6,0,0,-26,S,5c:62:8b:66:67:d2"
1791490692.349,"B,45375,10,72:3b:01:24:b7:c8,112,4,0,0,-17,S,5c:62:8b:66:67:d2"
1791490692.549,"B,45375,10,a6:4c:bd:b6:c7:99,30,1,0,0,-89,S,78:8c:b5:f5:e7:26"
1791490692.549,"B,45475,10,5c:62:8b:66:67:d2,0,0,3081,8,-47,A,5c:62:8b:66:67:d2"
1791490692.549,"B,45475,10,b2:db:ca:e6:29:a6,28,1,0,0,-22,S,5c:62:8b:66:67:d2"
1791490692.549,"B,45475,10,78:8c:b5:f5:e7:26,0,0,30,1,-75,A,78:8c:b5:f5:e7:26"
1791490692.549,"B,45475,10,46:88:44:6e:4f:e4,3053,7,0,0,-26,S,5c:62:8b:66:67:d2"
1791490692.549,"B,45475,10,a6:4c:bd:b6:c7:99,30,1,0,0,-89,S,78:8c:b5:f5:e7:26"
1791490692.549,"B,45575,10,5c:62:8b:66:67:d2,0,0,1652,13,-48,A,5c:62:8b:66:67:d2"
1791490692.549,"B,45575,10,46:88:44:6e:4f:e4,1400,4,0,0,-27,S,5c:62:8b:66:67:d2"
1791490692.549,"B,45575,10,72:3b:01:24:b7:c8,252,9,0,0,-17,S,5c:62:8b:66:67:d2"
1791490692.751,"B,45675,10,5c:62:8b:66:67:d2,0,0,2815,10,-48,A,5c:62:8b:66:67:d2"
1791490692.751,"B,45675,10,b2:db:ca:e6:29:a6,56,2,0,0,-21,S,5c:62:8b:66:67:d2"
1791490692.751,"B,45675,10,46:88:44:6e:4f:e4,2703,6,0,0,-27,S,5c:62:8b:66:67:d2"
1791490692.751,"B,45675,10,72:3b:01:24:b7:c8,56,2,0,0,-17,S,5c:62:8b:66:67:d2"
1791490692.751,"B,45775,10,5c:62:8b:66:67:d2,1050,3,3109,9,-49,A,5c:62:8b:66:67:d2"
1791490692.751,"B,45775,10,b2:db:ca:e6:29:a6,56,2,0,0,-21,S,5c:62:8b:66:67:d2"
1791490692.751,"B,45775,10,78:8c:b5:f5:e7:26,0,0,30,1,-73,A,78:8c:b5:f5:e7:26"
1791490692.751,"B,45775,10,46:88:44:6e:4f:e4,3053,7,0,0,-27,S,5c:62:8b:66:67:d2"
1791490692.751,"B,45775,10,72:3b:01:24:b7:c8,0,0,1050,3,0,S,5c:62:8b:66:67:d2"
1791490692.751,"B,45775,10,a6:4c:bd:b6:c7:99,30,1,0,0,-89,S,78:8c:b5:f5:e7:26"
1791490692.952,"B,45875,10,5c:62:8b:66:67:d2,1975,3,2787,9,-50,A,5c:62:8b:66:67:d2"
1791490692.952,"B,45875,10,b2:db:ca:e6:29:a6,84,3,0,0,-22,S,5c:62:8b:66:67:d2"
1791490692.952,"B,45875,10,46:88:44:6e:4f:e4,2703,6,0,0,-27,S,5c:62:8b:66:67:d2"
1791490692.952,"B,45875,10,72:3b:01:24:b7:c8,0,0,1975,3,0,S,5c:62:8b:66:67:d2"
1791490692.952,"B,45975,10,5c:62:8b:66:67:d2,0,0,2843,11,-49,A,5c:62:8b:66:67:d2"
1791490692.952,"B,45975,10,b2:db:ca:e6:29:a6,28,1,0,0,-22,S,5c:62:8b:66:67:d2"
1791490692.952,"B,45975,10,46:88:44:6e:4f:e4,2703,6,0,0,-27,S,5c:62:8b:66:67:d2"
1791490692.952,"B,45975,10,72:3b:01:24:b7:c8,112,4,0,0,-16,S,5c:62:8b:66:67:d2"
1791490693.153,"B,46075,10,5c:62:8b:66:67:d2,0,0,3487,11,-49,A,5c:62:8b:66:67:d2"
1791490693.153,"B,46075,10,b2:db:ca:e6:29:a6,56,2,0,0,-22,S,5c:62:8b:66:67:d2"
1791490693.153,"B,46075,10,78:8c:b5:f5:e7:26,0,0,90,3,-75,A,78:8c:b5:f5:e7:26"
1791490693.153,"B,46075,10,46:88:44:6e:4f:e4,3403,8,0,0,-27,S,5c:62:8b:66:67:d2"
1791490693.153,"B,46075,10,72:3b:01:24:b7:c8,28,1,0,0,-17,S,5c:62:8b:66:67:d2"
1791490693.153,"B,46075,10,a6:4c:bd:b6:c7:99,90,3,0,0,-87,S,78:8c:b5:f5:e7:26"
1791490693.153,"B,46175,10,5c:62:8b:66:67:d2,0,0,1218,9,-49,A,5c:62:8b:66:67:d2"
1791490693.153,"B,46175,10,b2:db:ca:e6:29:a6,56,2,0,0,-23,S,5c:62:8b:66:67:d2"
1791490693.153,"B,46175,10,46:88:44:6e:4f:e4,1078,4,0,0,-27,S,5c:62:8b:66:67:d2"
1791490693.153,"B,46175,10,72:3b:01:24:b7:c8,84,3,0,0,-17,S,5c:62:8b:66:67:d2"
1791490693.153,"M,46181,slot,5,1"
1791490693.354,"B,46275,10,5c:62:8b:66:67:d2,2325,4,2871,12,-50,A,5c:62:8b:66:67:d2"
1791490693.354,"B,46275,10,b2:db:ca:e6:29:a6,84,3,0,0,-21,S,5c:62:8b:66:67:d2"
1791490693.354,"B,46275,10,78:8c:b5:f5:e7:26,0,0,60,2,-77,A,78:8c:b5:f5:e7:26"
1791490693.354,"B,46275,10,46:88:44:6e:4f:e4,2675,5,0,0,-27,S,5c:62:8b:66:67:d2"
1791490693.354,"B,46275,10,72:3b:01:24:b7:c8,112,4,2325,4,-16,S,5c:62:8b:66:67:d2"
1791490693.354,"B,46275,10,a6:4c:bd:b6:c7:99,60,2,0,0,-90,S,78:8c:b5:f5:e7:26"
1791490693.354,"B,46375,10,5c:62:8b:66:67:d2,2325,4,2871,12,-50,A,5c:62:8b:66:67:d2"
1791490693.354,"B,46375,10,b2:db:ca:e6:29:a6,56,2,0,0,-21,S,5c:62:8b:66:67:d2"
1791490693.354,"B,46375,10,46:88:44:6e:4f:e4,2703,6,0,0,-27,S,5c:62:8b:66:67:d2"
1791490693.354,"B,46375,10,72:3b:01:24:b7:c8,112,4,2325,4,-17,S,5c:62:8b:66:67:d2"
1791490693.555,"B,46475,10,5c:62:8b:66:67:d2,0,0,3081,8,-49,A,5c:62:8b:66:67:d2"
1791490693.555,"B,46475,10,b2:db:ca:e6:29:a6,28,1,0,0,-23,S,5c:62:8b:66:67:d2"
1791490693.555,"B,46475,10,78:8c:b5:f5:e7:26,0,0,30,1,-75,A,78:8c:b5:f5:e7:26"
1791490693.555,"B,46475,10,46:88:44:6e:4f:e4,3053,7,0,0,-27,S,5c:62:8b:66:67:d2"
1791490693.555,"B,46475,10,a6:4c:bd:b6:c7:99,30,1,0,0,-88,S,78:8c:b5:f5:e7:26"
1791490693.555,"B,46575,10,5c:62:8b:66:67:d2,82,1,2787,9,-51,A,5c:62:8b:66:67:d2"
1791490693.555,"B,46575,10,b2:db:ca:e6:29:a6,28,1,0,0,-21,S,5c:62:8b:66:67:d2"
1791490693.555,"B,46575,10,78:8c:b5:f5:e7:26,0,0,30,1,0,A,78:8c:b5:f5:e7:26"
1791490693.555,"B,46575,10,46:88:44:6e:4f:e4,2703,6,0,0,-26,S,5c:62:8b:66:67:d2"
1791490693.555,"B,46575,10,72:3b:01:24:b7:c8,56,2,82,1,-16,S,5c:62:8b:66:67:d2"
1791490693.555,"B,46575,10,a6:4c:bd:b6:c7:99,30,1,0,0,-88,S,78:8c:b5:f5:e7:26"
1791490693.758,"B,46675,10,5c:62:8b:66:67:d2,0,0,2871,12,-48,A,5c:62:8b:66:67:d2"
1791490693.758,"B,46675,10,b2:db:ca:e6:29:a6,56,2,0,0,-21,S,5c:62:8b:66:67:d2"
1791490693.758,"B,46675,10,46:88:44:6e:4f:e4,2703,6,0,0,-26,S,5c:62:8b:66:67:d2"
1791490693.758,"B,46675,10,72:3b:01:24:b7:c8,112,4,0,0,-17,S,5c:62:8b:66:67:d2"
1791490693.758,"B,46775,10,5c:62:8b:66:67:d2,350,1,1078,4,-49,A,5c:62:8b:66:67:d2"
1791490693.758,"B,46775,10,b2:db:ca:e6:29:a6,28,1,0,0,-23,S,5c:62:8b:66:67:d2"
1791490693.758,"B,46775,10,46:88:44:6e:4f:e4,1050,3,0,0,-27,S,5c:62:8b:66:67:d2"
1791490693.758,"B,46775,10,72:3b:01:24:b7:c8,0,0,350,1,0,S,5c:62:8b:66:67:d2"
1791490693.961,"B,46875,10,5c:62:8b:66:67:d2,0,0,2899,13,-49,A,5c:62:8b:66:67:d2"
1791490693.961,"B,46875,10,b2:db:ca:e6:29:a6,56,2,0,0,-21,S,5c:62:8b:66:67:d2"
1791490693.961,"B,46875,10,78:8c:b5:f5:e7:26,0,0,30,1,-74,A,78:8c:b5:f5:e7:26"
1791490693.961,"B,46875,10,46:88:44:6e:4f:e4,2703,6,0,0,-26,S,5c:62:8b:66:67:d2"
1791490693.961,"B,46875,10,72:3b:01:24:b7:c8,140,5,0,0,-17,S,5c:62:8b:66:67:d2"
1791490693.961,"B,46875,10,a6:4c:bd:b6:c7:99,30,1,0,0,-87,S,78:8c:b5:f5:e7:26"
1791490693.961,"B,46975,10,5c:62:8b:66:67:d2,138,1,2815,10,-48,A,5c:62:8b:66:67:d2"
1791490693.961,"B,46975,10,46:88:44:6e:4f:e4,2703,6,138,1,-27,S,5c:62:8b:66:67:d2"
1791490693.961,"B,46975,10,72:3b:01:24:b7:c8,112,4,0,0,-17,S,5c:62:8b:66:67:d2"
1791490694.164,"B,47075,10,5c:62:8b:66:67:d2,0,0,3515,12,-48,A,5c:62:8b:66:67:d2"
1791490694.164,"B,47075,10,b2:db:ca:e6:29:a6,84,3,0,0,-21,S,5c:62:8b:66:67:d2"
1791490694.164,"B,47075,10,46:88:44:6e:4f:e4,3403,8,0,0,-27,S,5c:62:8b:66:67:d2"
1791490694.164,"B,47075,10,72:3b:01:24:b7:c8,28,1,0,0,-17,S,5c:62:8b:66:67:d2"
1791490694.164,"B,47175,10,5c:62:8b:66:67:d2,0,0,4213,18,-49,A,5c:62:8b:66:67:d2"
1791490694.164,"B,47175,10,b2:db:ca:e6:29:a6,56,2,0,0,-22,S,5c:62:8b:66:67:d2"
1791490694.164,"B,47175,10,46:88:44:6e:4f:e4,3961,9,0,0,-26,S,5c:62:8b:66:67:d2"
1791490694.164,"B,47175,10,72:3b:01:24:b7:c8,196,7,0,0,-16,S,5c:62:8b:66:67:d2"
1791490694.367,"B,47275,10,5c:62:8b:66:67:d2,350,1,1106,5,-49,A,5c:62:8b:66:67:d2"
1791490694.367,"B,47275,10,b2:db:ca:e6:29:a6,56,2,0,0,-21,S,5c:62:8b:66:67:d2"
1791490694.367,"B,47275,10,78:8c:b5:f5:e7:26,0,0,30,1,-75,A,78:8c:b5:f5:e7:26"
1791490694.367,"B,47275,10,46:88:44:6e:4f:e4,1050,3,0,0,-27,S,5c:62:8b:66:67:d2"
1791490694.367,"B,47275,10,72:3b:01:24:b7:c8,0,0,350,1,0,S,5c:62:8b:66:67:d2"
1791490694.367,"B,47275,10,a6:4c:bd:b6:c7:99,30,1,0,0,-88,S,78:8c:b5:f5:e7:26"
1791490694.367,"B,47375,10,5c:62:8b:66:67:d2,2325,4,3109,9,-50,A,5c:62:8b:66:67:d2"
1791490694.367,"B,47375,10,b2:db:ca:e6:29:a6,56,2,0,0,-22,S,5c:62:8b:66:67:d2"
1791490694.367,"B,47375,10,46:88:44:6e:4f:e4,3053,7,0,0,-27,S,5c:62:8b:66:67:d2"
1791490694.367,"B,47375,10,72:3b:01:24:b7:c8,0,0,2325,4,0,S,5c:62:8b:66:67:d2"
1791490694.570,"B,47475,10,5c:62:8b:66:67:d2,0,0,2927,14,-48,A,5c:62:8b:66:67:d2"
1791490694.570,"B,47475,10,b2:db:ca:e6:29:a6,28,1,0,0,-20,S,5c:62:8b:66:67:d2"
1791490694.570,"B,47475,10,46:88:44:6e:4f:e4,2703,6,0,0,-27,S,5c:62:8b:66:67:d2"
1791490694.570,"B,47475,10,72:3b:01:24:b7:c8,196,7,0,0,-16,S,5c:62:8b:66:67:d2"
1791490694.570,"B,47475,10,8a:ce:16:78:6f:dc,82,1,0,0,-90,A,8a:ce:16:78:6f:dc"
1791490694.570,"B,47475,10,d2:cf:53:d5:b8:26,0,0,82,1,0,S,8a:ce:16:78:6f:dc"
1791490694.570,"B,47575,10,5c:62:8b:66:67:d2,0,0,2815,10,-49,A,5c:62:8b:66:67:d2"
1791490694.570,"B,47575,10,b2:db:ca:e6:29:a6,112,4,0,0,-21,S,5c:62:8b:66:67:d2"
1791490694.570,"B,47575,10,46:88:44:6e:4f:e4,2703,6,0,0,-27,S,5c:62:8b:66:67:d2"
1791490694.773,"B,47675,10,5c:62:8b:66:67:d2,0,0,2703,6,-48,A,5c:62:8b:66:67:d2"
1791490694.773,"B,47675,10,46:88:44:6e:4f:e4,2703,6,0,0,-27,S,5c:62:8b:66:67:d2"
1791490694.773,"B,47775,10,5c:62:8b:66:67:d2,0,0,2983,16,-48,A,5c:62:8b:66:67:d2"
1791490694.773,"B,47775,10,b2:db:ca:e6:29:a6,56,2,0,0,-21,S,5c:62:8b:66:67:d2"
1791490694.773,"B,47775,10,46:88:44:6e:4f:e4,2703,6,0,0,-27,S,5c:62:8b:66:67:d2"
1791490694.773,"B,47775,10,72:3b:01:24:b7:c8,224,8,0,0,-16,S,5c:62:8b:66:67:d2"
1791490694.977,"B,47875,10,5c:62:8b:66:67:d2,3025,6,1134,6,-50,A,5c:62:8b:66:67:d2"
1791490694.977,"B,47875,10,b2:db:ca:e6:29:a6,56,2,0,0,-22,S,5c:62:8b:66:67:d2"
1791490694.977,"B,47875,10,46:88:44:6e:4f:e4,1078,4,0,0,-25,S,5c:62:8b:66:67:d2"
1791490694.977,"B,47875,10,72:3b:01:24:b7:c8,0,0,3025,6,0,S,5c:62:8b:66:67:d2"
1791490694.977,"B,47975,10,5c:62:8b:66:67:d2,0,0,3978,7,-49,A,5c:62:8b:66:67:d2"
1791490694.977,"B,47975,10,b2:db:ca:e6:29:a6,28,1,0,0,-22,S,5c:62:8b:66:67:d2"
1791490694.977,"B,47975,10,46:88:44:6e:4f:e4,3950,6,0,0,-27,S,5c:62:8b:66:67:d2"
1791490695.182,"B,48075,10,5c:62:8b:66:67:d2,0,0,3067,19,-48,A,5c:62:8b:66:67:d2"
1791490695.182,"B,48075,10,b2:db:ca:e6:29:a6,56,2,0,0,-22,S,5c:62:8b:66:67:d2"
1791490695.182,"B,48075,10,46:88:44:6e:4f:e4,2703,6,0,0,-26,S,5c:62:8b:66:67:d2"
1791490695.182,"B,48075,10,72:3b:01:24:b7:c8,308,11,0,0,-16,S,5c:62:8b:66:67:d2"
1791490695.182,"B,48175,10,5c:62:8b:66:67:d2,0,0,3809,11,-48,A,5c:62:8b:66:67:d2"
1791490695.182,"B,48175,10,b2:db:ca:e6:29:a6,28,1,0,0,-21,S,5c:62:8b:66:67:d2"
1791490695.182,"B,48175,10,78:8c:b5:f5:e7:26,0,0,30,1,-75,A,78:8c:b5:f5:e7:26"
1791490695.182,"B,48175,10,46:88:44:6e:4f:e4,3753,9,0,0,-26,S,5c:62:8b:66:67:d2"
1791490695.182,"B,48175,10,72:3b:01:24:b7:c8,28,1,0,0,-17,S,5c:62:8b:66:67:d2"
1791490695.182,"B,48175,10,a6:4c:bd:b6:c7:99,30,1,0,0,-86,S,78:8c:b5:f5:e7:26"
1791490695.387,"B,48275,10,5c:62:8b:66:67:d2,1975,3,2983,16,-50,A,5c:62:8b:66:67:d2"
1791490695.387,"B,48275,10,b2:db:ca:e6:29:a6,56,2,0,0,-22,S,5c:62:8b:66:67:d2"
1791490695.387,"B,48275,10,46:88:44:6e:4f:e4,2703,6,0,0,-27,S,5c:62:8b:66:67:d2"
1791490695.387,"B,48275,10,72:3b:01:24:b7:c8,224,8,1975,3,-17,S,5c:62:8b:66:67:d2"
1791490695.387,"B,48275,10,80:af:ca:68:4c:f8,104,1,0,0,-83,A,80:af:ca:68:4c:f8"
1791490695.387,"B,48375,10,5c:62:8b:66:67:d2,700,2,1358,14,-50,A,5c:62:8b:66:67:d2"
1791490695.387,"B,48375,10,b2:db:ca:e6:29:a6,56,2,0,0,-21,S,5c:62:8b:66:67:d2"
1791490695.387,"B,48375,10,46:88:44:6e:4f:e4,1078,4,0,0,-27,S,5c:62:8b:66:67:d2"
1791490695.387,"B,48375,10,72:3b:01:24:b7:c8,224,8,700,2,-16,S,5c:62:8b:66:67:d2"
1791490695.590,"B,48475,10,5c:62:8b:66:67:d2,0,0,2759,8,-48,A,5c:62:8b:66:67:d2"
1791490695.590,"B,48475,10,b2:db:ca:e6:29:a6,56,2,0,0,-21,S,5c:62:8b:66:67:d2"
1791490695.590,"B,48475,10,46:88:44:6e:4f:e4,2703,6,0,0,-27,S,5c:62:8b:66:67:d2"
1791490695.590,"B,48575,10,5c:62:8b:66:67:d2,0,0,1800,10,-48,A,5c:62:8b:66:67:d2"
1791490695.590,"B,48575,10,b2:db:ca:e6:29:a6,56,2,0,0,-22,S,5c:62:8b:66:67:d2"
1791490695.590,"B,48575,10,46:88:44:6e:4f:e4,1632,4,0,0,-27,S,5c:62:8b:66:67:d2"
1791490695.590,"B,48575,10,72:3b:01:24:b7:c8,112,4,0,0,-16,S,5c:62:8b:66:67:d2"
1791490695.794,"B,48675,10,5c:62:8b:66:67:d2,0,0,2843,11,-48,A,5c:62:8b:66:67:d2"
1791490695.794,"B,48675,10,b2:db:ca:e6:29:a6,28,1,0,0,-21,S,5c:62:8b:66:67:d2"
1791490695.794,"B,48675,10,46:88:44:6e:4f:e4,2703,6,0,0,-27,S,5c:62:8b:66:67:d2"
1791490695.794,"B,48675,10,72:3b:01:24:b7:c8,112,4,0,0,-16,S,5c:62:8b:66:67:d2"
1791490695.794,"B,48775,10,5c:62:8b:66:67:d2,350,1,2731,7,-50,A,5c:62:8b:66:67:d2"
1791490695.794,"B,48775,10,b2:db:ca:e6:29:a6,28,1,0,0,-21,S,5c:62:8b:66:67:d2"
1791490695.794,"B,48775,10,46:88:44:6e:4f:e4,2703,6,0,0,-27,S,5c:62:8b:66:67:d2"
1791490695.794,"B,48775,10,72:3b:01:24:b7:c8,0,0,350,1,0,S,5c:62:8b:66:67:d2"
1791490695.794,"B,48775,10,80:af:ca:68:4c:f8,84,1,0,0,-82,A,80:af:ca:68:4c:f8"
1791490695.999,"B,48875,10,5c:62:8b:66:67:d2,700,2,2815,10,-51,A,5c:62:8b:66:67:d2"
1791490695.999,"B,48875,10,46:88:44:6e:4f:e4,2703,6,0,0,-27,S,5c:62:8b:66:67:d2"
1791490695.999,"B,48875,10,72:3b:01:24:b7:c8,112,4,700,2,-16,S,5c:62:8b:66:67:d2"
1791490695.999,"B,48975,10,5c:62:8b:66:67:d2,0,0,4641,11,-48,A,5c:62:8b:66:67:d2"
1791490695.999,"B,48975,10,46:88:44:6e:4f:e4,4557,8,0,0,-27,S,5c:62:8b:66:67:d2"
1791490695.999,"B,48975,10,72:3b:01:24:b7:c8,84,3,0,0,-16,S,5c:62:8b:66:67:d2"
1791490696.202,"B,49075,10,5c:62:8b:66:67:d2,0,0,1078,4,-48,A,5c:62:8b:66:67:d2"
1791490696.202,"B,49075,10,78:8c:b5:f5:e7:26,0,0,30,1,-74,A,78:8c:b5:f5:e7:26"
1791490696.202,"B,49075,10,46:88:44:6e:4f:e4,1078,4,0,0,-27,S,5c:62:8b:66:67:d2"
1791490696.202,"B,49075,10,a6:4c:bd:b6:c7:99,30,1,0,0,-88,S,78:8c:b5:f5:e7:26"
1791490696.202,"B,49175,10,5c:62:8b:66:67:d2,0,0,3487,11,-48,A,5c:62:8b:66:67:d2"
1791490696.202,"B,49175,10,46:88:44:6e:4f:e4,3375,7,0,0,-27,S,5c:62:8b:66:67:d2"
1791490696.202,"B,49175,10,72:3b:01:24:b7:c8,112,4,0,0,-17,S,5c:62:8b:66:67:d2"
1791490696.407,"B,49275,10,5c:62:8b:66:67:d2,5825,14,3431,9,-49,A,5c:62:8b:66:67:d2"
1791490696.407,"B,49275,10,46:88:44:6e:4f:e4,3403,8,0,0,-26,S,5c:62:8b:66:67:d2"
1791490696.407,"B,49275,10,72:3b:01:24:b7:c8,28,1,5825,14,-16,S,5c:62:8b:66:67:d2"
1791490696.407,"B,49375,10,5c:62:8b:66:67:d2,2325,4,1716,7,-49,A,5c:62:8b:66:67:d2"
1791490696.407,"B,49375,10,46:88:44:6e:4f:e4,1660,5,0,0,-25,S,5c:62:8b:66:67:d2"
1791490696.407,"B,49375,10,72:3b:01:24:b7:c8,56,2,2325,4,-17,S,5c:62:8b:66:67:d2"
1791490696.609,"B,49475,10,5c:62:8b:66:67:d2,0,0,2759,8,-48,A,5c:62:8b:66:67:d2"
1791490696.609,"B,49475,10,b2:db:ca:e6:29:a6,28,1,0,0,-23,S,5c:62:8b:66:67:d2"
1791490696.609,"B,49475,10,46:88:44:6e:4f:e4,2703,6,0,0,-26,S,5c:62:8b:66:67:d2"
1791490696.609,"B,49475,10,72:3b:01:24:b7:c8,28,1,0,0,-16,S,5c:62:8b:66:67:d2"
1791490696.609,"B,49575,10,5c:62:8b:66:67:d2,0,0,2871,12,-48,A,5c:62:8b:66:67:d2"
1791490696.609,"B,49575,10,b2:db:ca:e6:29:a6,112,4,0,0,-21,S,5c:62:8b:66:67:d2"
1791490696.609,"B,49575,10,46:88:44:6e:4f:e4,2703,6,0,0,-27,S,5c:62:8b:66:67:d2"
1791490696.609,"B,49575,10,72:3b:01:24:b7:c8,56,2,0,0,-16,S,5c:62:8b:66:67:d2"
1791490696.812,"B,49675,10,5c:62:8b:66:67:d2,0,0,1862,9,-49,A,5c:62:8b:66:67:d2"
1791490696.812,"B,49675,10,b2:db:ca:e6:29:a6,28,1,0,0,-22,S,5c:62:8b:66:67:d2"
1791490696.812,"B,49675,10,46:88:44:6e:4f:e4,1750,5,0,0,-27,S,5c:62:8b:66:67:d2"
1791490696.812,"B,49675,10,72:3b:01:24:b7:c8,84,3,0,0,-16,S,5c:62:8b:66:67:d2"
1791490696.812,"B,49775,10,5c:62:8b:66:67:d2,700,2,4159,12,-50,A,5c:62:8b:66:67:d2"
1791490696.812,"B,49775,10,b2:db:ca:e6:29:a6,56,2,0,0,-22,S,5c:62:8b:66:67:d2"
1791490696.812,"B,49775,10,46:88:44:6e:4f:e4,4103,10,0,0,-27,S,5c:62:8b:66:67:d2"
1791490696.812,"B,49775,10,72:3b:01:24:b7:c8,0,0,700,2,0,S,5c:62:8b:66:67:d2"
1791490697.015,"B,49875,10,5c:62:8b:66:67:d2,3711,4,2815,10,-50,A,5c:62:8b:66:67:d2"
1791490697.015,"B,49875,10,78:8c:b5:f5:e7:26,0,0,30,1,-75,A,78:8c:b5:f5:e7:26"
1791490697.015,"B,49875,10,46:88:44:6e:4f:e4,2703,6,0,0,-27,S,5c:62:8b:66:67:d2"
1791490697.015,"B,49875,10,72:3b:01:24:b7:c8,112,4,3711,4,-16,S,5c:62:8b:66:67:d2"
1791490697.015,"B,49875,10,a6:4c:bd:b6:c7:99,30,1,0,0,-89,S,78:8c:b5:f5:e7:26"
1791490697.015,"B,49975,10,5c:62:8b:66:67:d2,0,0,2815,10,-48,A,5c:62:8b:66:67:d2"
1791490697.015,"B,49975,10,46:88:44:6e:4f:e4,2703,6,0,0,-27,S,5c:62:8b:66:67:d2"
1791490697.015,"B,49975,10,72:3b:01:24:b7:c8,112,4,0,0,-16,S,5c:62:8b:66:67:d2"
1791490697.220,"B,50075,10,5c:62:8b:66:67:d2,0,0,2815,10,-48,A,5c:62:8b:66:67:d2"
1791490697.220,"B,50075,10,b2:db:ca:e6:29:a6,112,4,0,0,-22,S,5c:62:8b:66:67:d2"
1791490697.220,"B,50075,10,46:88:44:6e:4f:e4,2703,6,0,0,-27,S,5c:62:8b:66:67:d2"
1791490697.220,"I,50089,stat,rx=9158,drops=0,ch=10,bin=100,hop=0,heap=203064"
1791490697.220,"B,50175,10,5c:62:8b:66:67:d2,0,0,4419,13,-48,A,5c:62:8b:66:67:d2"
1791490697.220,"B,50175,10,78:8c:b5:f5:e7:26,80,1,30,1,-75,A,78:8c:b5:f5:e7:26"
1791490697.220,"B,50175,10,46:88:44:6e:4f:e4,4335,10,0,0,-27,S,5c:62:8b:66:67:d2"
1791490697.220,"B,50175,10,72:3b:01:24:b7:c8,84,3,0,0,-16,S,5c:62:8b:66:67:d2"
1791490697.220,"B,50175,10,a6:4c:bd:b6:c7:99,30,1,0,0,-89,S,78:8c:b5:f5:e7:26"
1791490697.425,"B,50275,10,5c:62:8b:66:67:d2,350,1,1246,10,-49,A,5c:62:8b:66:67:d2"
1791490697.425,"B,50275,10,b2:db:ca:e6:29:a6,28,1,0,0,-21,S,5c:62:8b:66:67:d2"
1791490697.425,"B,50275,10,46:88:44:6e:4f:e4,1078,4,0,0,-27,S,5c:62:8b:66:67:d2"
1791490697.425,"B,50275,10,72:3b:01:24:b7:c8,140,5,350,1,-17,S,5c:62:8b:66:67:d2"
1791490697.425,"B,50375,10,5c:62:8b:66:67:d2,2325,4,4159,12,-50,A,5c:62:8b:66:67:d2"
1791490697.425,"B,50375,10,b2:db:ca:e6:29:a6,84,3,0,0,-23,S,5c:62:8b:66:67:d2"
1791490697.425,"B,50375,10,46:88:44:6e:4f:e4,4075,9,0,0,-27,S,5c:62:8b:66:67:d2"
1791490697.425,"B,50375,10,72:3b:01:24:b7:c8,0,0,2325,4,0,S,5c:62:8b:66:67:d2"
1791490697.628,"B,50475,10,5c:62:8b:66:67:d2,0,0,2815,10,-48,A,5c:62:8b:66:67:d2"
1791490697.628,"B,50475,10,b2:db:ca:e6:29:a6,56,2,0,0,-20,S,5c:62:8b:66:67:d2"
1791490697.628,"B,50475,10,78:8c:b5:f5:e7:26,0,0,30,1,-75,A,78:8c:b5:f5:e7:26"
1791490697.628,"B,50475,10,46:88:44:6e:4f:e4,2703,6,0,0,-27,S,5c:62:8b:66:67:d2"
1791490697.628,"B,50475,10,72:3b:01:24:b7:c8,56,2,0,0,-17,S,5c:62:8b:66:67:d2"
1791490697.628,"B,50475,10,a6:4c:bd:b6:c7:99,30,1,0,0,-86,S,78:8c:b5:f5:e7:26"
1791490697.628,"B,50575,10,5c:62:8b:66:67:d2,0,0,2759,8,-48,A,5c:62:8b:66:67:d2"
1791490697.628,"B,50575,10,b2:db:ca:e6:29:a6,56,2,0,0,-21,S,5c:62:8b:66:67:d2"
1791490697.628,"B,50575,10,46:88:44:6e:4f:e4,2703,6,0,0,-26,S,5c:62:8b:66:67:d2"
1791490697.833,"B,50675,10,5c:62:8b:66:67:d2,0,0,5112,13,-48,A,5c:62:8b:66:67:d2"
1791490697.833,"B,50675,10,b2:db:ca:e6:29:a6,28,1,0,0,-23,S,5c:62:8b:66:67:d2"
1791490697.833,"B,50675,10,46:88:44:6e:4f:e4,5028,10,0,0,-26,S,5c:62:8b:66:67:d2"
1791490697.833,"B,50675,10,72:3b:01:24:b7:c8,56,2,0,0,-17,S,5c:62:8b:66:67:d2"
1791490697.833,"B,50775,10,5c:62:8b:66:67:d2,0,0,3011,17,-48,A,5c:62:8b:66:67:d2"
1791490697.833,"B,50775,10,b2:db:ca:e6:29:a6,84,3,0,0,-22,S,5c:62:8b:66:67:d2"
1791490697.833,"B,50775,10,46:88:44:6e:4f:e4,2703,6,0,0,-26,S,5c:62:8b:66:67:d2"
1791490697.833,"B,50775,10,72:3b:01:24:b7:c8,224,8,0,0,-17,S,5c:62:8b:66:67:d2"
1791490698.034,"B,50875,10,5c:62:8b:66:67:d2,3375,7,1484,7,-50,A,5c:62:8b:66:67:d2"
1791490698.034,"B,50875,10,b2:db:ca:e6:29:a6,56,2,0,0,-21,S,5c:62:8b:66:67:d2"
1791490698.034,"B,50875,10,46:88:44:6e:4f:e4,1428,5,0,0,-27,S,5c:62:8b:66:67:d2"
1791490698.034,"B,50875,10,72:3b:01:24:b7:c8,0,0,3375,7,0,S,5c:62:8b:66:67:d2"
1791490698.034,"B,50975,10,5c:62:8b:66:67:d2,0,0,2703,6,-48,A,5c:62:8b:66:67:d2"
1791490698.034,"B,50975,10,b2:db:ca:e6:29:a6,28,1,0,0,-22,S,5c:62:8b:66:67:d2"
1791490698.034,"B,50975,10,46:88:44:6e:4f:e4,2675,5,0,0,-27,S,5c:62:8b:66:67:d2"
1791490698.235,"B,51075,10,5c:62:8b:66:67:d2,0,0,3123,21,-49,A,5c:62:8b:66:67:d2"
1791490698.235,"B,51075,10,b2:db:ca:e6:29:a6,84,3,0,0,-21,S,5c:62:8b:66:67:d2"
1791490698.235,"B,51075,10,46:88:44:6e:4f:e4,2703,6,0,0,-27,S,5c:62:8b:66:67:d2"
1791490698.235,"B,51075,10,72:3b:01:24:b7:c8,336,12,0,0,-16,S,5c:62:8b:66:67:d2"
1791490698.235,"B,51175,10,5c:62:8b:66:67:d2,0,0,2703,6,-49,A,5c:62:8b:66:67:d2"
1791490698.235,"B,51175,10,46:88:44:6e:4f:e4,2703,6,0,0,-27,S,5c:62:8b:66:67:d2"
1791490698.235,"M,51263,slot,6,0"
1791490698.437,"B,51275,10,5c:62:8b:66:67:d2,1975,3,3137,10,-49,A,5c:62:8b:66:67:d2"
1791490698.437,"B,51275,10,b2:db:ca:e6:29:a6,84,3,0,0,-22,S,5c:62:8b:66:67:d2"
1791490698.437,"B,51275,10,78:8c:b5:f5:e7:26,0,0,30,1,-75,A,78:8c:b5:f5:e7:26"
1791490698.437,"B,51275,10,46:88:44:6e:4f:e4,3053,7,0,0,-27,S,5c:62:8b:66:67:d2"
1791490698.437,"B,51275,10,72:3b:01:24:b7:c8,0,0,1975,3,0,S,5c:62:8b:66:67:d2"
1791490698.437,"B,51275,10,a6:4c:bd:b6:c7:99,30,1,0,0,-85,S,78:8c:b5:f5:e7:26"
1791490698.437,"B,51375,10,5c:62:8b:66:67:d2,350,1,3011,17,-49,A,5c:62:8b:66:67:d2"
1791490698.437,"B,51375,10,b2:db:ca:e6:29:a6,56,2,0,0,-21,S,5c:62:8b:66:67:d2"
1791490698.437,"B,51375,10,46:88:44:6e:4f:e4,2703,6,0,0,-27,S,5c:62:8b:66:67:d2"
1791490698.437,"B,51375,10,72:3b:01:24:b7:c8,252,9,350,1,-17,S,5c:62:8b:66:67:d2"
1791490698.640,"B,51475,10,5c:62:8b:66:67:d2,0,0,2149,6,-48,A,5c:62:8b:66:67:d2"
1791490698.640,"B,51475,10,b2:db:ca:e6:29:a6,28,1,0,0,-21,S,5c:62:8b:66:67:d2"
1791490698.640,"B,51475,10,78:8c:b5:f5:e7:26,0,0,30,1,-75,A,78:8c:b5:f5:e7:26"
1791490698.640,"B,51475,10,46:88:44:6e:4f:e4,2121,5,0,0,-27,S,5c:62:8b:66:67:d2"
1791490698.640,"B,51475,10,a6:4c:bd:b6:c7:99,30,1,0,0,-88,S,78:8c:b5:f5:e7:26"
1791490698.640,"B,51575,10,5c:62:8b:66:67:d2,0,0,1800,10,-48,A,5c:62:8b:66:67:d2"
1791490698.640,"B,51575,10,b2:db:ca:e6:29:a6,56,2,0,0,-22,S,5c:62:8b:66:67:d2"
1791490698.640,"B,51575,10,46:88:44:6e:4f:e4,1632,4,0,0,-27,S,5c:62:8b:66:67:d2"
1791490698.640,"B,51575,10,72:3b:01:24:b7:c8,112,4,0,0,-17,S,5c:62:8b:66:67:d2"
1791490698.845,"B,51675,10,5c:62:8b:66:67:d2,0,0,3809,11,-48,A,5c:62:8b:66:67:d2"
1791490698.845,"B,51675,10,46:88:44:6e:4f:e4,3753,9,0,0,-26,S,5c:62:8b:66:67:d2"
1791490698.845,"B,51675,10,72:3b:01:24:b7:c8,56,2,0,0,-16,S,5c:62:8b:66:67:d2"
1791490698.845,"B,51775,10,5c:62:8b:66:67:d2,456,2,2437,8,-49,A,5c:62:8b:66:67:d2"
1791490698.845,"B,51775,10,b2:db:ca:e6:29:a6,84,3,0,0,-21,S,5c:62:8b:66:67:d2"
1791490698.845,"B,51775,10,46:88:44:6e:4f:e4,2353,5,0,0,-27,S,5c:62:8b:66:67:d2"
1791490698.845,"B,51775,10,72:3b:01:24:b7:c8,0,0,456,2,0,S,5c:62:8b:66:67:d2"
1791490699.045,"B,51875,10,5c:62:8b:66:67:d2,838,3,3341,17,-50,A,5c:62:8b:66:67:d2"
1791490699.045,"B,51875,10,b2:db:ca:e6:29:a6,56,2,0,0,-22,S,5c:62:8b:66:67:d2"
1791490699.045,"B,51875,10,46:88:44:6e:4f:e4,3173,11,138,1,-26,S,5c:62:8b:66:67:d2"
1791490699.045,"B,51875,10,72:3b:01:24:b7:c8,112,4,700,2,-17,S,5c:62:8b:66:67:d2"
1791490699.045,"B,51975,10,5c:62:8b:66:67:d2,0,0,2899,13,-48,A,5c:62:8b:66:67:d2"
1791490699.045,"B,51975,10,b2:db:ca:e6:29:a6,28,1,0,0,-22,S,5c:62:8b:66:67:d2"
1791490699.045,"B,51975,10,46:88:44:6e:4f:e4,2703,6,0,0,-26,S,5c:62:8b:66:67:d2"
1791490699.045,"B,51975,10,72:3b:01:24:b7:c8,168,6,0,0,-17,S,5c:62:8b:66:67:d2"
1791490699.245,"B,52075,10,5c:62:8b:66:67:d2,0,0,1106,5,-48,A,5c:62:8b:66:67:d2"
1791490699.245,"B,52075,10,b2:db:ca:e6:29:a6,28,1,0,0,-21,S,5c:62:8b:66:67:d2"
1791490699.245,"B,52075,10,78:8c:b5:f5:e7:26,0,0,30,1,-74,A,78:8c:b5:f5:e7:26"
1791490699.245,"B,52075,10,46:88:44:6e:4f:e4,1078,4,0,0,-25,S,5c:62:8b:66:67:d2"
1791490699.245,"B,52075,10,a6:4c:bd:b6:c7:99,30,1,0,0,-87,S,78:8c:b5:f5:e7:26"
1791490699.245,"B,52175,10,5c:62:8b:66:67:d2,0,0,3165,11,-49,A,5c:62:8b:66:67:d2"
1791490699.245,"B,52175,10,b2:db:ca:e6:29:a6,28,1,0,0,-23,S,5c:62:8b:66:67:d2"
1791490699.245,"B,52175,10,46:88:44:6e:4f:e4,3025,6,0,0,-27,S,5c:62:8b:66:67:d2"
1791490699.245,"B,52175,10,72:3b:01:24:b7:c8,112,4,0,0,-17,S,5c:62:8b:66:67:d2"
1791490699.245,"B,52275,10,5c:62:8b:66:67:d2,0,0,2927,14,-48,A,5c:62:8b:66:67:d2"
1791490699.245,"B,52275,10,78:8c:b5:f5:e7:26,80,1,0,0,-76,A,78:8c:b5:f5:e7:26"
1791490699.245,"B,52275,10,46:88:44:6e:4f:e4,2703,6,0,0,-27,S,5c:62:8b:66:67:d2"
1791490699.245,"B,52275,10,72:3b:01:24:b7:c8,224,8,0,0,-17,S,5c:62:8b:66:67:d2"
1791490699.446,"B,52375,10,5c:62:8b:66:67:d2,4650,8,2703,6,-50,A,5c:62:8b:66:67:d2"
1791490699.446,"B,52375,10,46:88:44:6e:4f:e4,2703,6,0,0,-27,S,5c:62:8b:66:67:d2"
1791490699.446,"B,52375,10,72:3b:01:24:b7:c8,0,0,4650,8,0,S,5c:62:8b:66:67:d2"
1791490699.446,"B,52475,10,5c:62:8b:66:67:d2,0,0,2703,6,-48,A,5c:62:8b:66:67:d2"
1791490699.446,"B,52475,10,46:88:44:6e:4f:e4,2703,6,0,0,-27,S,5c:62:8b:66:67:d2"
1791490699.646,"B,52575,10,5c:62:8b:66:67:d2,0,0,2759,8,-48,A,5c:62:8b:66:67:d2"
1791490699.646,"B,52575,10,46:88:44:6e:4f:e4,2703,6,0,0,-27,S,5c:62:8b:66:67:d2"
1791490699.646,"B,52575,10,72:3b:01:24:b7:c8,56,2,0,0,-17,S,5c:62:8b:66:67:d2"
1791490699.646,"B,52675,10,5c:62:8b:66:67:d2,0,0,1162,7,-48,A,5c:62:8b:66:67:d2"
1791490699.646,"B,52675,10,46:88:44:6e:4f:e4,1050,3,0,0,-26,S,5c:62:8b:66:67:d2"
1791490699.846,"B,52675,10,72:3b:01:24:b7:c8,112,4,0,0,-17,S,5c:62:8b:66:67:d2"
1791490699.846,"B,52775,10,5c:62:8b:66:67:d2,0,0,4328,8,-48,A,5c:62:8b:66:67:d2"
1791490699.846,"B,52775,10,46:88:44:6e:4f:e4,4328,8,0,0,-27,S,5c:62:8b:66:67:d2"
1791490699.846,"B,52875,10,5c:62:8b:66:67:d2,350,1,6183,15,-49,A,5c:62:8b:66:67:d2"
1791490699.846,"B,52875,10,78:8c:b5:f5:e7:26,0,0,30,1,-73,A,78:8c:b5:f5:e7:26"
1791490700.047,"B,52875,10,46:88:44:6e:4f:e4,6071,11,0,0,-27,S,5c:62:8b:66:67:d2"
1791490700.047,"B,52875,10,72:3b:01:24:b7:c8,112,4,350,1,-17,S,5c:62:8b:66:67:d2"
1791490700.047,"B,52875,10,a6:4c:bd:b6:c7:99,30,1,0,0,-87,S,78:8c:b5:f5:e7:26"
1791490700.047,"B,52975,10,5c:62:8b:66:67:d2,0,0,3165,11,-48,A,5c:62:8b:66:67:d2"
1791490700.047,"B,52975,10,46:88:44:6e:4f:e4,3053,7,0,0,-27,S,5c:62:8b:66:67:d2"
1791490700.047,"B,52975,10,72:3b:01:24:b7:c8,112,4,0,0,-17,S,5c:62:8b:66:67:d2"
1791490700.047,"B,53075,10,5c:62:8b:66:67:d2,0,0,2703,6,0,A,5c:62:8b:66:67:d2"
1791490700.047,"B,53075,10,46:88:44:6e:4f:e4,2703,6,0,0,-27,S,5c:62:8b:66:67:d2"
1791490700.247,"B,53175,10,5c:62:8b:66:67:d2,0,0,2815,10,-48,A,5c:62:8b:66:67:d2"
1791490700.247,"B,53175,10,78:8c:b5:f5:e7:26,0,0,30,1,-74,A,78:8c:b5:f5:e7:26"
1791490700.247,"B,53175,10,46:88:44:6e:4f:e4,2703,6,0,0,-26,S,5c:62:8b:66:67:d2"
1791490700.247,"B,53175,10,72:3b:01:24:b7:c8,112,4,0,0,-17,S,5c:62:8b:66:67:d2"
1791490700.247,"B,53175,10,a6:4c:bd:b6:c7:99,30,1,0,0,-86,S,78:8c:b5:f5:e7:26"
1791490700.247,"B,53275,10,5c:62:8b:66:67:d2,1050,3,1246,10,-49,A,5c:62:8b:66:67:d2"
1791490700.247,"B,53275,10,46:88:44:6e:4f:e4,1078,4,0,0,-25,S,5c:62:8b:66:67:d2"
1791490700.447,"B,53275,10,72:3b:01:24:b7:c8,168,6,1050,3,-17,S,5c:62:8b:66:67:d2"
1791490700.447,"B,53375,10,5c:62:8b:66:67:d2,2325,4,2675,5,-49,A,5c:62:8b:66:67:d2"
1791490700.447,"B,53375,10,46:88:44:6e:4f:e4,2675,5,0,0,-27,S,5c:62:8b:66:67:d2"
1791490700.447,"B,53375,10,72:3b:01:24:b7:c8,0,0,2325,4,0,S,5c:62:8b:66:67:d2"
1791490700.447,"B,53475,10,5c:62:8b:66:67:d2,0,0,4063,15,-49,A,5c:62:8b:66:67:d2"
1791490700.648,"B,53475,10,78:8c:b5:f5:e7:26,0,0,30,1,-74,A,78:8c:b5:f5:e7:26"
1791490700.648,"B,53475,10,46:88:44:6e:4f:e4,3867,8,0,0,-26,S,5c:62:8b:66:67:d2"
1791490700.648,"B,53475,10,72:3b:01:24:b7:c8,196,7,0,0,-17,S,5c:62:8b:66:67:d2"
1791490700.648,"B,53475,10,a6:4c:bd:b6:c7:99,30,1,0,0,-88,S,78:8c:b5:f5:e7:26"
1791490700.648,"B,53575,10,5c:62:8b:66:67:d2,0,0,2703,6,-48,A,5c:62:8b:66:67:d2"
1791490700.648,"B,53575,10,78:8c:b5:f5:e7:26,0,0,30,1,-74,A,78:8c:b5:f5:e7:26"
1791490700.648,"B,53575,10,46:88:44:6e:4f:e4,2703,6,0,0,-27,S,5c:62:8b:66:67:d2"
1791490700.648,"B,53575,10,a6:4c:bd:b6:c7:99,30,1,0,0,-89,S,78:8c:b5:f5:e7:26"
1791490700.648,"B,53675,10,5c:62:8b:66:67:d2,0,0,2703,6,-48,A,5c:62:8b:66:67:d2"
1791490700.648,"B,53675,10,46:88:44:6e:4f:e4,2703,6,0,0,-27,S,5c:62:8b:66:67:d2"
1791490700.849,"B,53775,10,5c:62:8b:66:67:d2,2675,5,3977,17,-50,A,5c:62:8b:66:67:d2"
1791490700.849,"B,53775,10,46:88:44:6e:4f:e4,3753,9,0,0,-27,S,5c:62:8b:66:67:d2"
1791490700.849,"B,53775,10,72:3b:01:24:b7:c8,224,8,2675,5,-17,S,5c:62:8b:66:67:d2"
1791490700.849,"B,53875,10,5c:62:8b:66:67:d2,350,1,1428,5,-50,A,5c:62:8b:66:67:d2"
1791490700.849,"B,53875,10,46:88:44:6e:4f:e4,1428,5,0,0,-27,S,5c:62:8b:66:67:d2"
1791490700.849,"B,53875,10,72:3b:01:24:b7:c8,0,0,350,1,0,S,5c:62:8b:66:67:d2"
1791490701.049,"B,53975,10,5c:62:8b:66:67:d2,0,0,5232,9,-48,A,5c:62:8b:66:67:d2"
1791490701.049,"B,53975,10,46:88:44:6e:4f:e4,5232,9,0,0,-27,S,5c:62:8b:66:67:d2"
1791490701.049,"B,54075,10,5c:62:8b:66:67:d2,4200,12,3341,9,-48,A,5c:62:8b:66:67:d2"
1791490701.049,"B,54075,10,46:88:44:6e:4f:e4,3285,7,0,0,-27,S,5c:62:8b:66:67:d2"
1791490701.049,"B,54075,10,72:3b:01:24:b7:c8,56,2,4200,12,-16,S,5c:62:8b:66:67:d2"
1791490701.251,"B,54175,10,5c:62:8b:66:67:d2,0,0,2731,7,-48,A,5c:62:8b:66:67:d2"
1791490701.251,"B,54175,10,b2:db:ca:e6:29:a6,28,1,0,0,-22,S,5c:62:8b:66:67:d2"
1791490701.251,"B,54175,10,46:88:44:6e:4f:e4,2703,6,0,0,-27,S,5c:62:8b:66:67:d2"
1791490701.251,"B,54275,10,5c:62:8b:66:67:d2,1975,3,4026,17,-50,A,5c:62:8b:66:67:d2"
1791490701.251,"B,54275,10,b2:db:ca:e6:29:a6,56,2,0,0,-21,S,5c:62:8b:66:67:d2"
1791490701.251,"B,54275,10,46:88:44:6e:4f:e4,3746,7,0,0,-27,S,5c:62:8b:66:67:d2"
1791490701.251,"B,54275,10,72:3b:01:24:b7:c8,224,8,1975,3,-17,S,5c:62:8b:66:67:d2"
1791490701.452,"B,54375,10,5c:62:8b:66:67:d2,350,1,3095,20,-49,A,5c:62:8b:66:67:d2"
1791490701.452,"B,54375,10,b2:db:ca:e6:29:a6,56,2,0,0,-21,S,5c:62:8b:66:67:d2"
1791490701.452,"B,54375,10,46:88:44:6e:4f:e4,2703,6,0,0,-27,S,5c:62:8b:66:67:d2"
1791490701.452,"B,54375,10,72:3b:01:24:b7:c8,336,12,350,1,-16,S,5c:62:8b:66:67:d2"
1791490701.452,"B,54475,10,5c:62:8b:66:67:d2,0,0,1078,4,-48,A,5c:62:8b:66:67:d2"
1791490701.452,"B,54475,10,46:88:44:6e:4f:e4,1050,3,0,0,-27,S,5c:62:8b:66:67:d2"
1791490701.452,"B,54475,10,72:3b:01:24:b7:c8,28,1,0,0,-17,S,5c:62:8b:66:67:d2"
1791490701.654,"B,54575,10,5c:62:8b:66:67:d2,0,0,3949,16,-49,A,5c:62:8b:66:67:d2"
1791490701.654,"B,54575,10,b2:db:ca:e6:29:a6,56,2,0,0,-23,S,5c:62:8b:66:67:d2"
1791490701.654,"B,54575,10,46:88:44:6e:4f:e4,3753,9,0,0,-26,S,5c:62:8b:66:67:d2"
1791490701.654,"B,54575,10,72:3b:01:24:b7:c8,140,5,0,0,-16,S,5c:62:8b:66:67:d2"
1791490701.654,"B,54675,10,5c:62:8b:66:67:d2,0,0,3886,12,-48,A,5c:62:8b:66:67:d2"
1791490701.654,"B,54675,10,b2:db:ca:e6:29:a6,28,1,0,0,-22,S,5c:62:8b:66:67:d2"
1791490701.654,"B,54675,10,46:88:44:6e:4f:e4,3746,7,0,0,-26,S,5c:62:8b:66:67:d2"
1791490701.654,"B,54675,10,72:3b:01:24:b7:c8,112,4,0,0,-17,S,5c:62:8b:66:67:d2"
1791490701.856,"B,54775,10,5c:62:8b:66:67:d2,700,2,6009,12,-50,A,5c:62:8b:66:67:d2"
1791490701.856,"B,54775,10,b2:db:ca:e6:29:a6,56,2,0,0,-22,S,5c:62:8b:66:67:d2"
1791490701.856,"B,54775,10,46:88:44:6e:4f:e4,5953,10,0,0,-26,S,5c:62:8b:66:67:d2"
1791490701.856,"B,54775,10,72:3b:01:24:b7:c8,0,0,700,2,0,S,5c:62:8b:66:67:d2"
1791490701.856,"B,54875,10,5c:62:8b:66:67:d2,350,1,2871,12,-49,A,5c:62:8b:66:67:d2"
1791490701.856,"B,54875,10,b2:db:ca:e6:29:a6,28,1,0,0,-21,S,5c:62:8b:66:67:d2"
1791490701.856,"B,54875,10,46:88:44:6e:4f:e4,2703,6,0,0,-27,S,5c:62:8b:66:67:d2"
1791490701.856,"B,54875,10,72:3b:01:24:b7:c8,140,5,350,1,-17,S,5c:62:8b:66:67:d2"
1791490702.058,"B,54975,10,5c:62:8b:66:67:d2,0,0,1274,11,-48,A,5c:62:8b:66:67:d2"
1791490702.058,"B,54975,10,b2:db:ca:e6:29:a6,84,3,0,0,-22,S,5c:62:8b:66:67:d2"
1791490702.058,"B,54975,10,46:88:44:6e:4f:e4,1078,4,0,0,-27,S,5c:62:8b:66:67:d2"
1791490702.058,"B,54975,10,72:3b:01:24:b7:c8,112,4,0,0,-16,S,5c:62:8b:66:67:d2"
1791490702.058,"B,55075,10,5c:62:8b:66:67:d2,0,0,2759,8,-48,A,5c:62:8b:66:67:d2"
1791490702.058,"B,55075,10,b2:db:ca:e6:29:a6,56,2,0,0,-21,S,5c:62:8b:66:67:d2"
1791490702.058,"B,55075,10,46:88:44:6e:4f:e4,2703,6,0,0,-27,S,5c:62:8b:66:67:d2"
1791490702.261,"I,55092,stat,rx=9959,drops=0,ch=10,bin=100,hop=0,heap=203064"
1791490702.261,"B,55175,10,5c:62:8b:66:67:d2,0,0,2261,10,-48,A,5c:62:8b:66:67:d2"
1791490702.261,"B,55175,10,b2:db:ca:e6:29:a6,56,2,0,0,-23,S,5c:62:8b:66:67:d2"
1791490702.261,"B,55175,10,46:88:44:6e:4f:e4,2093,4,0,0,-27,S,5c:62:8b:66:67:d2"
1791490702.261,"B,55175,10,72:3b:01:24:b7:c8,112,4,0,0,-16,S,5c:62:8b:66:67:d2"
1791490702.261,"B,55275,10,5c:62:8b:66:67:d2,2100,6,2787,9,-49,A,5c:62:8b:66:67:d2"
1791490702.261,"B,55275,10,b2:db:ca:e6:29:a6,28,1,0,0,-21,S,5c:62:8b:66:67:d2"
1791490702.261,"B,55275,10,78:8c:b5:f5:e7:26,0,0,30,1,-74,A,78:8c:b5:f5:e7:26"
1791490702.261,"B,55275,10,46:88:44:6e:4f:e4,2703,6,0,0,-27,S,5c:62:8b:66:67:d2"
1791490702.261,"B,55275,10,72:3b:01:24:b7:c8,56,2,2100,6,-16,S,5c:62:8b:66:67:d2"
1791490702.261,"B,55275,10,a6:4c:bd:b6:c7:99,30,1,0,0,-89,S,78:8c:b5:f5:e7:26"
1791490702.465,"B,55375,10,5c:62:8b:66:67:d2,4650,8,3053,7,-49,A,5c:62:8b:66:67:d2"
1791490702.465,"B,55375,10,46:88:44:6e:4f:e4,3053,7,0,0,-27,S,5c:62:8b:66:67:d2"
1791490702.465,"B,55375,10,72:3b:01:24:b7:c8,0,0,4650,8,0,S,5c:62:8b:66:67:d2"
1791490702.465,"B,55475,10,5c:62:8b:66:67:d2,0,0,2150,11,-48,A,5c:62:8b:66:67:d2"
1791490702.465,"B,55475,10,b2:db:ca:e6:29:a6,28,1,0,0,-23,S,5c:62:8b:66:67:d2"
1791490702.465,"B,55475,10,78:8c:b5:f5:e7:26,0,0,30,1,-75,A,78:8c:b5:f5:e7:26"
1791490702.465,"B,55475,10,46:88:44:6e:4f:e4,2010,6,0,0,-27,S,5c:62:8b:66:67:d2"
1791490702.465,"B,55475,10,72:3b:01:24:b7:c8,112,4,0,0,-17,S,5c:62:8b:66:67:d2"
1791490702.465,"B,55475,10,a6:4c:bd:b6:c7:99,30,1,0,0,-89,S,78:8c:b5:f5:e7:26"
1791490702.670,"B,55575,10,5c:62:8b:66:67:d2,0,0,3858,11,-48,A,5c:62:8b:66:67:d2"
1791490702.670,"B,55575,10,46:88:44:6e:4f:e4,3746,7,0,0,-27,S,5c:62:8b:66:67:d2"
1791490702.670,"B,55575,10,72:3b:01:24:b7:c8,112,4,0,0,-17,S,5c:62:8b:66:67:d2"
1791490702.670,"B,55675,10,5c:62:8b:66:67:d2,164,2,1160,5,-50,A,5c:62:8b:66:67:d2"
1791490702.670,"B,55675,10,46:88:44:6e:4f:e4,1160,5,82,1,-27,S,5c:62:8b:66:67:d2"
1791490702.670,"B,55675,10,72:3b:01:24:b7:c8,0,0,82,1,0,S,5c:62:8b:66:67:d2"
1791490702.875,"B,55775,10,5c:62:8b:66:67:d2,0,0,2843,11,-48,A,5c:62:8b:66:67:d2"
1791490702.875,"B,55775,10,46:88:44:6e:4f:e4,2675,5,0,0,-27,S,5c:62:8b:66:67:d2"
1791490702.875,"B,55775,10,72:3b:01:24:b7:c8,168,6,0,0,-16,S,5c:62:8b:66:67:d2"
1791490702.875,"B,55875,10,5c:62:8b:66:67:d2,2675,5,2843,11,-50,A,5c:62:8b:66:67:d2"
1791490702.875,"B,55875,10,46:88:44:6e:4f:e4,2703,6,0,0,-26,S,5c:62:8b:66:67:d2"
1791490702.875,"B,55875,10,72:3b:01:24:b7:c8,140,5,2675,5,-17,S,5c:62:8b:66:67:d2"
1791490703.080,"B,55975,10,5c:62:8b:66:67:d2,0,0,2815,10,-48,A,5c:62:8b:66:67:d2"
1791490703.080,"B,55975,10,78:8c:b5:f5:e7:26,0,0,30,1,-74,A,78:8c:b5:f5:e7:26"
1791490703.080,"B,55975,10,46:88:44:6e:4f:e4,2703,6,0,0,-26,S,5c:62:8b:66:67:d2"
1791490703.080,"B,55975,10,72:3b:01:24:b7:c8,112,4,0,0,-16,S,5c:62:8b:66:67:d2"
1791490703.080,"B,55975,10,a6:4c:bd:b6:c7:99,30,1,0,0,-89,S,78:8c:b5:f5:e7:26"
1791490703.080,"B,56075,10,5c:62:8b:66:67:d2,0,0,3109,9,-48,A,5c:62:8b:66:67:d2"
1791490703.080,"B,56075,10,46:88:44:6e:4f:e4,3053,7,0,0,-26,S,5c:62:8b:66:67:d2"
1791490703.080,"B,56075,10,72:3b:01:24:b7:c8,56,2,0,0,-17,S,5c:62:8b:66:67:d2"
1791490703.283,"B,56175,10,5c:62:8b:66:67:d2,0,0,5251,13,-48,A,5c:62:8b:66:67:d2"
1791490703.283,"B,56175,10,46:88:44:6e:4f:e4,5139,9,0,0,-27,S,5c:62:8b:66:67:d2"
1791490703.283,"B,56175,10,72:3b:01:24:b7:c8,112,4,0,0,-17,S,5c:62:8b:66:67:d2"
1791490703.283,"B,56275,10,5c:62:8b:66:67:d2,0,0,2114,18,-49,A,5c:62:8b:66:67:d2"
1791490703.283,"B,56275,10,78:8c:b5:f5:e7:26,141,1,0,0,-76,A,78:8c:b5:f5:e7:26"
1791490703.283,"B,56275,10,46:88:44:6e:4f:e4,1778,6,0,0,-27,S,5c:62:8b:66:67:d2"
1791490703.283,"B,56275,10,72:3b:01:24:b7:c8,336,12,0,0,-17,S,5c:62:8b:66:67:d2"
1791490703.489,"M,56334,slot,7,1"
1791490703.489,"B,56375,10,5c:62:8b:66:67:d2,0,0,2703,6,-49,A,5c:62:8b:66:67:d2"
1791490703.489,"B,56375,10,b2:db:ca:e6:29:a6,28,1,0,0,-23,S,5c:62:8b:66:67:d2"
1791490703.489,"B,56375,10,78:8c:b5:f5:e7:26,161,1,174,3,-77,A,78:8c:b5:f5:e7:26"
1791490703.489,"B,56375,10,46:88:44:6e:4f:e4,2675,5,0,0,-27,S,5c:62:8b:66:67:d2"
1791490703.489,"B,56375,10,a6:4c:bd:b6:c7:99,174,3,0,0,-88,S,78:8c:b5:f5:e7:26"
1791490703.489,"B,56375,10,8a:ce:16:78:6f:dc,141,1,0,0,-90,A,8a:ce:16:78:6f:dc"
1791490703.489,"B,56475,10,5c:62:8b:66:67:d2,0,0,3543,13,-48,A,5c:62:8b:66:67:d2"
1791490703.489,"B,56475,10,b2:db:ca:e6:29:a6,28,1,0,0,-22,S,5c:62:8b:66:67:d2"
1791490703.489,"B,56475,10,46:88:44:6e:4f:e4,3403,8,0,0,-27,S,5c:62:8b:66:67:d2"
1791490703.489,"B,56475,10,72:3b:01:24:b7:c8,112,4,0,0,-17,S,5c:62:8b:66:67:d2"
1791490703.692,"B,56575,10,5c:62:8b:66:67:d2,0,0,3571,14,-49,A,5c:62:8b:66:67:d2"
1791490703.692,"B,56575,10,b2:db:ca:e6:29:a6,56,2,0,0,-22,S,5c:62:8b:66:67:d2"
1791490703.692,"B,56575,10,46:88:44:6e:4f:e4,3403,8,0,0,-27,S,5c:62:8b:66:67:d2"
1791490703.692,"B,56575,10,72:3b:01:24:b7:c8,112,4,0,0,-17,S,5c:62:8b:66:67:d2"
1791490703.692,"B,56675,10,5c:62:8b:66:67:d2,0,0,2703,6,-48,A,5c:62:8b:66:67:d2"
1791490703.692,"B,56675,10,46:88:44:6e:4f:e4,2703,6,0,0,-27,S,5c:62:8b:66:67:d2"
1791490703.892,"B,56775,10,5c:62:8b:66:67:d2,2431,5,2871,12,-50,A,5c:62:8b:66:67:d2"
1791490703.892,"B,56775,10,b2:db:ca:e6:29:a6,56,2,0,0,-22,S,5c:62:8b:66:67:d2"
1791490703.892,"B,56775,10,46:88:44:6e:4f:e4,2703,6,0,0,-27,S,5c:62:8b:66:67:d2"
1791490703.892,"B,56775,10,72:3b:01:24:b7:c8,112,4,2431,5,-17,S,5c:62:8b:66:67:d2"
1791490703.892,"B,56875,10,5c:62:8b:66:67:d2,1462,4,1900,8,-50,A,5c:62:8b:66:67:d2"
1791490703.892,"B,56875,10,b2:db:ca:e6:29:a6,56,2,0,0,-21,S,5c:62:8b:66:67:d2"
1791490703.892,"B,56875,10,46:88:44:6e:4f:e4,1844,6,138,1,-27,S,5c:62:8b:66:67:d2"
1791490703.892,"B,56875,10,72:3b:01:24:b7:c8,0,0,1324,3,0,S,5c:62:8b:66:67:d2"
1791490704.097,"B,56975,10,5c:62:8b:66:67:d2,0,0,3899,11,-48,A,5c:62:8b:66:67:d2"
1791490704.097,"B,56975,10,b2:db:ca:e6:29:a6,56,2,0,0,-22,S,5c:62:8b:66:67:d2"
1791490704.097,"B,56975,10,46:88:44:6e:4f:e4,3843,9,0,0,-27,S,5c:62:8b:66:67:d2"
1791490704.097,"B,57075,10,5c:62:8b:66:67:d2,0,0,3039,18,-48,A,5c:62:8b:66:67:d2"
1791490704.097,"B,57075,10,b2:db:ca:e6:29:a6,56,2,0,0,-22,S,5c:62:8b:66:67:d2"
1791490704.097,"B,57075,10,46:88:44:6e:4f:e4,2703,6,0,0,-27,S,5c:62:8b:66:67:d2"
1791490704.097,"B,57075,10,72:3b:01:24:b7:c8,280,10,0,0,-17,S,5c:62:8b:66:67:d2"
1791490704.300,"B,57175,10,5c:62:8b:66:67:d2,0,0,2731,7,-48,A,5c:62:8b:66:67:d2"
1791490704.300,"B,57175,10,b2:db:ca:e6:29:a6,28,1,0,0,-23,S,5c:62:8b:66:67:d2"
1791490704.300,"B,57175,10,46:88:44:6e:4f:e4,2703,6,0,0,-26,S,5c:62:8b:66:67:d2"
1791490704.300,"B,57275,10,5c:62:8b:66:67:d2,2098,4,3802,9,-49,A,5c:62:8b:66:67:d2"
1791490704.300,"B,57275,10,b2:db:ca:e6:29:a6,56,2,0,0,-22,S,5c:62:8b:66:67:d2"
1791490704.300,"B,57275,10,46:88:44:6e:4f:e4,3746,7,123,1,-26,S,5c:62:8b:66:67:d2"
1791490704.300,"B,57275,10,72:3b:01:24:b7:c8,0,0,1975,3,0,S,5c:62:8b:66:67:d2"
1791490704.505,"B,57375,10,5c:62:8b:66:67:d2,700,2,3749,18,-50,A,5c:62:8b:66:67:d2"
1791490704.505,"B,57375,10,b2:db:ca:e6:29:a6,28,1,0,0,-21,S,5c:62:8b:66:67:d2"
1791490704.505,"B,57375,10,78:8c:b5:f5:e7:26,0,0,28,1,-74,A,78:8c:b5:f5:e7:26"
1791490704.505,"B,57375,10,46:88:44:6e:4f:e4,3497,9,0,0,-26,S,5c:62:8b:66:67:d2"
1791490704.505,"B,57375,10,72:3b:01:24:b7:c8,224,8,700,2,-17,S,5c:62:8b:66:67:d2"
1791490704.505,"B,57375,10,8a:ce:16:78:6f:dc,141,1,0,0,-95,A,8a:ce:16:78:6f:dc"
1791490704.505,"B,57375,10,00:08:22:24:d6:fb,28,1,0,0,-79,S,78:8c:b5:f5:e7:26"
1791490704.505,"B,57475,10,5c:62:8b:66:67:d2,0,0,1806,7,0,A,5c:62:8b:66:67:d2"
1791490704.505,"B,57475,10,b2:db:ca:e6:29:a6,56,2,0,0,-21,S,5c:62:8b:66:67:d2"
1791490704.505,"B,57475,10,78:8c:b5:f5:e7:26,0,0,60,2,0,A,78:8c:b5:f5:e7:26"
1791490704.505,"B,57475,10,46:88:44:6e:4f:e4,1750,5,0,0,-27,S,5c:62:8b:66:67:d2"
1791490704.505,"B,57475,10,a6:4c:bd:b6:c7:99,60,2,0,0,-90,S,78:8c:b5:f5:e7:26"
1791490704.709,"B,57575,10,5c:62:8b:66:67:d2,0,0,5399,10,-49,A,5c:62:8b:66:67:d2"
1791490704.709,"B,57575,10,b2:db:ca:e6:29:a6,28,1,0,0,-21,S,5c:62:8b:66:67:d2"
1791490704.709,"B,57575,10,78:8c:b5:f5:e7:26,0,0,60,2,-74,A,78:8c:b5:f5:e7:26"
1791490704.709,"B,57575,10,46:88:44:6e:4f:e4,5371,9,0,0,-27,S,5c:62:8b:66:67:d2"
1791490704.709,"B,57575,10,a6:4c:bd:b6:c7:99,60,2,0,0,-88,S,78:8c:b5:f5:e7:26"
1791490704.709,"B,57675,10,5c:62:8b:66:67:d2,0,0,2843,11,-48,A,5c:62:8b:66:67:d2"
1791490704.709,"B,57675,10,b2:db:ca:e6:29:a6,28,1,0,0,-21,S,5c:62:8b:66:67:d2"
1791490704.709,"B,57675,10,46:88:44:6e:4f:e4,2703,6,0,0,-27,S,5c:62:8b:66:67:d2"
1791490704.709,"B,57675,10,72:3b:01:24:b7:c8,112,4,0,0,-17,S,5c:62:8b:66:67:d2"
1791490704.915,"B,57775,10,5c:62:8b:66:67:d2,1282,3,2759,8,-50,A,5c:62:8b:66:67:d2"
1791490704.915,"B,57775,10,b2:db:ca:e6:29:a6,56,2,0,0,-20,S,5c:62:8b:66:67:d2"
1791490704.915,"B,57775,10,78:8c:b5:f5:e7:26,0,0,30,1,-74,A,78:8c:b5:f5:e7:26"
1791490704.915,"B,57775,10,46:88:44:6e:4f:e4,2703,6,0,0,-27,S,5c:62:8b:66:67:d2"
1791490704.915,"B,57775,10,72:3b:01:24:b7:c8,0,0,1282,3,0,S,5c:62:8b:66:67:d2"
1791490704.915,"B,57775,10,a6:4c:bd:b6:c7:99,30,1,0,0,-89,S,78:8c:b5:f5:e7:26"
1791490704.915,"B,57875,10,5c:62:8b:66:67:d2,350,1,2759,8,-49,A,5c:62:8b:66:67:d2"
1791490704.915,"B,57875,10,b2:db:ca:e6:29:a6,56,2,0,0,-22,S,5c:62:8b:66:67:d2"
1791490704.915,"B,57875,10,46:88:44:6e:4f:e4,2703,6,0,0,-27,S,5c:62:8b:66:67:d2"
1791490704.915,"B,57875,10,72:3b:01:24:b7:c8,0,0,350,1,0,S,5c:62:8b:66:67:d2"
1791490705.118,"B,57975,10,5c:62:8b:66:67:d2,0,0,2955,15,-49,A,5c:62:8b:66:67:d2"
1791490705.118,"B,57975,10,b2:db:ca:e6:29:a6,84,3,0,0,-22,S,5c:62:8b:66:67:d2"
1791490705.118,"B,57975,10,46:88:44:6e:4f:e4,2703,6,0,0,-27,S,5c:62:8b:66:67:d2"
1791490705.118,"B,57975,10,72:3b:01:24:b7:c8,168,6,0,0,-16,S,5c:62:8b:66:67:d2"
1791490705.118,"B,58075,10,5c:62:8b:66:67:d2,0,0,1078,4,-49,A,5c:62:8b:66:67:d2"
1791490705.118,"B,58075,10,b2:db:ca:e6:29:a6,28,1,0,0,-22,S,5c:62:8b:66:67:d2"
1791490705.118,"B,58075,10,78:8c:b5:f5:e7:26,0,0,60,2,-74,A,78:8c:b5:f5:e7:26"
1791490705.118,"B,58075,10,46:88:44:6e:4f:e4,1050,3,0,0,-27,S,5c:62:8b:66:67:d2"
1791490705.118,"B,58075,10,a6:4c:bd:b6:c7:99,60,2,0,0,-90,S,78:8c:b5:f5:e7:26"
1791490705.323,"B,58175,10,5c:62:8b:66:67:d2,0,0,2493,10,-49,A,5c:62:8b:66:67:d2"
1791490705.323,"B,58175,10,b2:db:ca:e6:29:a6,28,1,0,0,-22,S,5c:62:8b:66:67:d2"
1791490705.323,"B,58175,10,46:88:44:6e:4f:e4,2353,5,0,0,-27,S,5c:62:8b:66:67:d2"
1791490705.323,"B,58175,10,72:3b:01:24:b7:c8,112,4,0,0,-17,S,5c:62:8b:66:67:d2"
1791490705.323,"B,58275,10,5c:62:8b:66:67:d2,0,0,3011,17,-48,A,5c:62:8b:66:67:d2"
1791490705.323,"B,58275,10,b2:db:ca:e6:29:a6,56,2,0,0,-21,S,5c:62:8b:66:67:d2"
1791490705.323,"B,58275,10,46:88:44:6e:4f:e4,2703,6,0,0,-27,S,5c:62:8b:66:67:d2"
1791490705.323,"B,58275,10,72:3b:01:24:b7:c8,252,9,0,0,-17,S,5c:62:8b:66:67:d2"
1791490705.528,"B,58375,10,5c:62:8b:66:67:d2,8011,11,2899,13,-50,A,5c:62:8b:66:67:d2"
1791490705.528,"B,58375,10,b2:db:ca:e6:29:a6,56,2,0,0,-22,S,5c:62:8b:66:67:d2"
1791490705.528,"B,58375,10,46:88:44:6e:4f:e4,2703,6,0,0,-27,S,5c:62:8b:66:67:d2"
1791490705.528,"B,58375,10,72:3b:01:24:b7:c8,140,5,8011,11,-17,S,5c:62:8b:66:67:d2"
1791490705.528,"B,58475,10,5c:62:8b:66:67:d2,0,0,2465,9,-48,A,5c:62:8b:66:67:d2"
1791490705.528,"B,58475,10,b2:db:ca:e6:29:a6,56,2,0,0,-22,S,5c:62:8b:66:67:d2"
1791490705.528,"B,58475,10,46:88:44:6e:4f:e4,2353,5,0,0,-25,S,5c:62:8b:66:67:d2"
1791490705.528,"B,58475,10,72:3b:01:24:b7:c8,56,2,0,0,-17,S,5c:62:8b:66:67:d2"
1791490705.734,"B,58575,10,5c:62:8b:66:67:d2,0,0,2178,12,-48,A,5c:62:8b:66:67:d2"
1791490705.734,"B,58575,10,b2:db:ca:e6:29:a6,56,2,0,0,-20,S,5c:62:8b:66:67:d2"
1791490705.734,"B,58575,10,46:88:44:6e:4f:e4,2010,6,0,0,-26,S,5c:62:8b:66:67:d2"
1791490705.734,"B,58575,10,72:3b:01:24:b7:c8,112,4,0,0,-17,S,5c:62:8b:66:67:d2"
1791490705.734,"B,58675,10,5c:62:8b:66:67:d2,0,0,1078,4,-49,A,5c:62:8b:66:67:d2"
1791490705.734,"B,58675,10,46:88:44:6e:4f:e4,1078,4,0,0,-25,S,5c:62:8b:66:67:d2"
1791490705.934,"B,58775,10,5c:62:8b:66:67:d2,0,0,2815,10,-47,A,5c:62:8b:66:67:d2"
1791490705.934,"B,58775,10,b2:db:ca:e6:29:a6,28,1,0,0,-22,S,5c:62:8b:66:67:d2"
1791490705.934,"B,58775,10,46:88:44:6e:4f:e4,2675,5,0,0,-27,S,5c:62:8b:66:67:d2"
1791490705.934,"B,58775,10,72:3b:01:24:b7:c8,112,4,0,0,-17,S,5c:62:8b:66:67:d2"
1791490705.934,"B,58875,10,5c:62:8b:66:67:d2,700,2,2465,9,-49,A,5c:62:8b:66:67:d2"
1791490705.934,"B,58875,10,46:88:44:6e:4f:e4,2353,5,0,0,-27,S,5c:62:8b:66:67:d2"
1791490705.934,"B,58875,10,72:3b:01:24:b7:c8,112,4,700,2,-17,S,5c:62:8b:66:67:d2"
1791490706.140,"B,58975,10,5c:62:8b:66:67:d2,0,0,6681,13,-48,A,5c:62:8b:66:67:d2"
1791490706.140,"B,58975,10,46:88:44:6e:4f:e4,6653,12,0,0,-27,S,5c:62:8b:66:67:d2"
1791490706.140,"B,58975,10,72:3b:01:24:b7:c8,28,1,0,0,-17,S,5c:62:8b:66:67:d2"
1791490706.140,"B,59075,10,5c:62:8b:66:67:d2,0,0,2731,7,-48,A,5c:62:8b:66:67:d2"
1791490706.140,"B,59075,10,b2:db:ca:e6:29:a6,28,1,0,0,-22,S,5c:62:8b:66:67:d2"
1791490706.140,"B,59075,10,46:88:44:6e:4f:e4,2703,6,0,0,-27,S,5c:62:8b:66:67:d2"
1791490706.344,"B,59175,10,5c:62:8b:66:67:d2,0,0,2871,12,-48,A,5c:62:8b:66:67:d2"
1791490706.344,"B,59175,10,b2:db:ca:e6:29:a6,84,3,0,0,-21,S,5c:62:8b:66:67:d2"
1791490706.344,"B,59175,10,78:8c:b5:f5:e7:26,1072,2,0,0,-75,A,78:8c:b5:f5:e7:26"
1791490706.344,"B,59175,10,46:88:44:6e:4f:e4,2703,6,0,0,-27,S,5c:62:8b:66:67:d2"
1791490706.344,"B,59175,10,72:3b:01:24:b7:c8,84,3,0,0,-17,S,5c:62:8b:66:67:d2"
1791490706.344,"B,59275,10,5c:62:8b:66:67:d2,350,1,1974,13,-49,A,5c:62:8b:66:67:d2"
1791490706.344,"B,59275,10,b2:db:ca:e6:29:a6,56,2,0,0,-23,S,5c:62:8b:66:67:d2"
1791490706.344,"B,59275,10,46:88:44:6e:4f:e4,1778,6,0,0,-27,S,5c:62:8b:66:67:d2"
1791490706.344,"B,59275,10,72:3b:01:24:b7:c8,140,5,350,1,-16,S,5c:62:8b:66:67:d2"
1791490706.546,"B,59375,10,5c:62:8b:66:67:d2,2325,4,2010,6,-50,A,5c:62:8b:66:67:d2"
1791490706.546,"B,59375,10,b2:db:ca:e6:29:a6,28,1,0,0,-21,S,5c:62:8b:66:67:d2"
1791490706.546,"B,59375,10,46:88:44:6e:4f:e4,1982,5,0,0,-27,S,5c:62:8b:66:67:d2"
1791490706.546,"B,59375,10,72:3b:01:24:b7:c8,0,0,2325,4,0,S,5c:62:8b:66:67:d2"
1791490706.546,"B,59475,10,5c:62:8b:66:67:d2,0,0,2899,13,-49,A,5c:62:8b:66:67:d2"
1791490706.546,"B,59475,10,b2:db:ca:e6:29:a6,56,2,0,0,-20,S,5c:62:8b:66:67:d2"
1791490706.546,"B,59475,10,78:8c:b5:f5:e7:26,0,0,328,5,-74,A,78:8c:b5:f5:e7:26"
1791490706.546,"B,59475,10,46:88:44:6e:4f:e4,2703,6,0,0,-27,S,5c:62:8b:66:67:d2"
1791490706.546,"B,59475,10,72:3b:01:24:b7:c8,140,5,0,0,-17,S,5c:62:8b:66:67:d2"
1791490706.546,"B,59475,10,00:08:22:24:d6:fb,328,5,0,0,-77,S,78:8c:b5:f5:e7:26"
1791490706.546,"B,59575,10,5c:62:8b:66:67:d2,0,0,3425,12,-49,A,5c:62:8b:66:67:d2"
1791490706.546,"B,59575,10,78:8c:b5:f5:e7:26,0,0,28,1,-75,A,78:8c:b5:f5:e7:26"
1791490706.546,"B,59575,10,46:88:44:6e:4f:e4,3285,7,0,0,-27,S,5c:62:8b:66:67:d2"
1791490706.746,"B,59575,10,72:3b:01:24:b7:c8,140,5,0,0,-17,S,5c:62:8b:66:67:d2"
1791490706.746,"B,59575,10,00:08:22:24:d6:fb,28,1,0,0,-79,S,78:8c:b5:f5:e7:26"
1791490706.746,"B,59675,10,5c:62:8b:66:67:d2,0,0,2955,15,-48,A,5c:62:8b:66:67:d2"
1791490706.746,"B,59675,10,b2:db:ca:e6:29:a6,112,4,0,0,-22,S,5c:62:8b:66:67:d2"
1791490706.746,"B,59675,10,46:88:44:6e:4f:e4,2703,6,0,0,-27,S,5c:62:8b:66:67:d2"
1791490706.746,"B,59675,10,72:3b:01:24:b7:c8,140,5,0,0,-17,S,5c:62:8b:66:67:d2"
1791490706.746,"B,59775,10,5c:62:8b:66:67:d2,0,0,2815,10,-48,A,5c:62:8b:66:67:d2"
1791490706.746,"B,59775,10,46:88:44:6e:4f:e4,2703,6,0,0,-26,S,5c:62:8b:66:67:d2"
1791490706.746,"B,59775,10,72:3b:01:24:b7:c8,112,4,0,0,-17,S,5c:62:8b:66:67:d2"
1791490706.947,"B,59875,10,5c:62:8b:66:67:d2,3025,6,1190,8,-50,A,5c:62:8b:66:67:d2"
1791490706.947,"B,59875,10,b2:db:ca:e6:29:a6,28,1,0,0,-23,S,5c:62:8b:66:67:d2"
1791490706.947,"B,59875,10,46:88:44:6e:4f:e4,1050,3,0,0,-27,S,5c:62:8b:66:67:d2"
1791490706.947,"B,59875,10,72:3b:01:24:b7:c8,112,4,3025,6,-16,S,5c:62:8b:66:67:d2"
1791490706.947,"B,59975,10,5c:62:8b:66:67:d2,0,0,4945,12,-48,A,5c:62:8b:66:67:d2"
1791490706.947,"B,59975,10,46:88:44:6e:4f:e4,4917,11,0,0,-26,S,5c:62:8b:66:67:d2"
1791490707.147,"B,59975,10,72:3b:01:24:b7:c8,28,1,0,0,-17,S,5c:62:8b:66:67:d2"
1791490707.147,"B,60075,10,5c:62:8b:66:67:d2,0,0,2703,6,-48,A,5c:62:8b:66:67:d2"
1791490707.147,"B,60075,10,46:88:44:6e:4f:e4,2675,5,0,0,-27,S,5c:62:8b:66:67:d2"
1791490707.147,"B,60075,10,72:3b:01:24:b7:c8,28,1,0,0,-17,S,5c:62:8b:66:67:d2"
1791490707.147,"I,60092,stat,rx=10773,drops=0,ch=10,bin=100,hop=0,heap=203064"
1791490707.147,"B,60175,10,5c:62:8b:66:67:d2,0,0,3193,12,-48,A,5c:62:8b:66:67:d2"
1791490707.147,"B,60175,10,b2:db:ca:e6:29:a6,28,1,0,0,-21,S,5c:62:8b:66:67:d2"
1791490707.147,"B,60175,10,46:88:44:6e:4f:e4,3053,7,0,0,-26,S,5c:62:8b:66:67:d2"
1791490707.347,"B,60175,10,72:3b:01:24:b7:c8,112,4,0,0,-17,S,5c:62:8b:66:67:d2"
1791490707.347,"B,60275,10,5c:62:8b:66:67:d2,2325,4,2871,12,-50,A,5c:62:8b:66:67:d2"
1791490707.347,"B,60275,10,b2:db:ca:e6:29:a6,56,2,0,0,-23,S,5c:62:8b:66:67:d2"
1791490707.347,"B,60275,10,46:88:44:6e:4f:e4,2703,6,0,0,-27,S,5c:62:8b:66:67:d2"
1791490707.347,"B,60275,10,72:3b:01:24:b7:c8,112,4,2325,4,-17,S,5c:62:8b:66:67:d2"
1791490707.347,"B,60375,10,5c:62:8b:66:67:d2,0,0,3095,20,-48,A,5c:62:8b:66:67:d2"
1791490707.347,"B,60375,10,b2:db:ca:e6:29:a6,56,2,0,0,-23,S,5c:62:8b:66:67:d2"
1791490707.548,"B,60375,10,46:88:44:6e:4f:e4,2703,6,0,0,-27,S,5c:62:8b:66:67:d2"
1791490707.548,"B,60375,10,72:3b:01:24:b7:c8,336,12,0,0,-17,S,5c:62:8b:66:67:d2"
1791490707.548,"B,60475,10,5c:62:8b:66:67:d2,0,0,756,4,-48,A,5c:62:8b:66:67:d2"
1791490707.548,"B,60475,10,b2:db:ca:e6:29:a6,28,1,0,0,-21,S,5c:62:8b:66:67:d2"
1791490707.548,"B,60475,10,46:88:44:6e:4f:e4,728,3,0,0,-27,S,5c:62:8b:66:67:d2"
1791490707.548,"B,60575,10,5c:62:8b:66:67:d2,0,0,3081,8,-49,A,5c:62:8b:66:67:d2"
1791490707.548,"B,60575,10,b2:db:ca:e6:29:a6,56,2,0,0,-22,S,5c:62:8b:66:67:d2"
1791490707.548,"B,60575,10,46:88:44:6e:4f:e4,3025,6,0,0,-27,S,5c:62:8b:66:67:d2"
1791490707.749,"B,60675,10,5c:62:8b:66:67:d2,0,0,3011,17,-49,A,5c:62:8b:66:67:d2"
1791490707.749,"B,60675,10,b2:db:ca:e6:29:a6,28,1,0,0,-21,S,5c:62:8b:66:67:d2"
1791490707.749,"B,60675,10,46:88:44:6e:4f:e4,2703,6,0,0,-27,S,5c:62:8b:66:67:d2"
1791490707.749,"B,60675,10,72:3b:01:24:b7:c8,280,10,0,0,-17,S,5c:62:8b:66:67:d2"
1791490707.749,"B,60775,10,5c:62:8b:66:67:d2,350,1,4152,10,-49,A,5c:62:8b:66:67:d2"
1791490707.749,"B,60775,10,b2:db:ca:e6:29:a6,56,2,0,0,-22,S,5c:62:8b:66:67:d2"
1791490707.749,"B,60775,10,46:88:44:6e:4f:e4,4096,8,0,0,-27,S,5c:62:8b:66:67:d2"
1791490707.749,"B,60775,10,72:3b:01:24:b7:c8,0,0,350,1,0,S,5c:62:8b:66:67:d2"
1791490707.749,"B,60775,10,b0:a7:b9:23:82:ee,0,0,150,5,-86,A,b0:a7:b9:23:82:ee"
1791490707.749,"B,60775,10,3c:f0:11:24:00:90,150,5,0,0,-92,S,b0:a7:b9:23:82:ee"
1791490707.949,"B,60875,10,5c:62:8b:66:67:d2,700,2,2731,7,-50,A,5c:62:8b:66:67:d2"
1791490707.949,"B,60875,10,46:88:44:6e:4f:e4,2703,6,0,0,-27,S,5c:62:8b:66:67:d2"
1791490707.949,"B,60875,10,72:3b:01:24:b7:c8,28,1,700,2,-17,S,5c:62:8b:66:67:d2"
1791490707.949,"B,60975,10,5c:62:8b:66:67:d2,0,0,2934,16,-49,A,5c:62:8b:66:67:d2"
1791490707.949,"B,60975,10,b2:db:ca:e6:29:a6,28,1,0,0,-22,S,5c:62:8b:66:67:d2"
1791490707.949,"B,60975,10,46:88:44:6e:4f:e4,2710,8,0,0,-27,S,5c:62:8b:66:67:d2"
1791490708.149,"B,60975,10,72:3b:01:24:b7:c8,196,7,0,0,-17,S,5c:62:8b:66:67:d2"
1791490708.149,"B,61075,10,5c:62:8b:66:67:d2,0,0,2703,6,-48,A,5c:62:8b:66:67:d2"
1791490708.149,"B,61075,10,46:88:44:6e:4f:e4,2703,6,0,0,-27,S,5c:62:8b:66:67:d2"
1791490708.149,"B,61175,10,5c:62:8b:66:67:d2,0,0,1484,7,-48,A,5c:62:8b:66:67:d2"
1791490708.149,"B,61175,10,46:88:44:6e:4f:e4,1400,4,0,0,-27,S,5c:62:8b:66:67:d2"
1791490708.149,"B,61175,10,72:3b:01:24:b7:c8,84,3,0,0,-17,S,5c:62:8b:66:67:d2"
1791490708.350,"B,61275,10,5c:62:8b:66:67:d2,1632,4,2815,10,-50,A,5c:62:8b:66:67:d2"
1791490708.350,"B,61275,10,b2:db:ca:e6:29:a6,28,1,0,0,-23,S,5c:62:8b:66:67:d2"
1791490708.350,"B,61275,10,46:88:44:6e:4f:e4,2703,6,0,0,-26,S,5c:62:8b:66:67:d2"
1791490708.350,"B,61275,10,72:3b:01:24:b7:c8,84,3,1632,4,-17,S,5c:62:8b:66:67:d2"
1791490708.350,"B,61375,10,5c:62:8b:66:67:d2,2325,4,3774,8,-50,A,5c:62:8b:66:67:d2"
1791490708.350,"B,61375,10,b2:db:ca:e6:29:a6,28,1,0,0,-20,S,5c:62:8b:66:67:d2"
1791490708.350,"B,61375,10,46:88:44:6e:4f:e4,3746,7,0,0,-26,S,5c:62:8b:66:67:d2"
1791490708.350,"B,61375,10,72:3b:01:24:b7:c8,0,0,2325,4,0,S,5c:62:8b:66:67:d2"
1791490708.552,"M,61414,slot,8,1"
1791490708.552,"B,61475,10,5c:62:8b:66:67:d2,0,0,2843,11,0,A,5c:62:8b:66:67:d2"
1791490708.552,"B,61475,10,b2:db:ca:e6:29:a6,56,2,0,0,-21,S,5c:62:8b:66:67:d2"
1791490708.552,"B,61475,10,46:88:44:6e:4f:e4,2703,6,0,0,-26,S,5c:62:8b:66:67:d2"
1791490708.552,"B,61475,10,72:3b:01:24:b7:c8,84,3,0,0,-17,S,5c:62:8b:66:67:d2"
1791490708.552,"B,61575,10,5c:62:8b:66:67:d2,0,0,1246,10,-48,A,5c:62:8b:66:67:d2"
1791490708.552,"B,61575,10,b2:db:ca:e6:29:a6,56,2,0,0,-22,S,5c:62:8b:66:67:d2"
1791490708.552,"B,61575,10,46:88:44:6e:4f:e4,1050,3,0,0,-27,S,5c:62:8b:66:67:d2"
1791490708.552,"B,61575,10,72:3b:01:24:b7:c8,140,5,0,0,-17,S,5c:62:8b:66:67:d2"
1791490708.753,"B,61675,10,5c:62:8b:66:67:d2,0,0,2759,8,0,A,5c:62:8b:66:67:d2"
1791490708.753,"B,61675,10,b2:db:ca:e6:29:a6,28,1,0,0,-23,S,5c:62:8b:66:67:d2"
1791490708.753,"B,61675,10,46:88:44:6e:4f:e4,2703,6,0,0,-27,S,5c:62:8b:66:67:d2"
1791490708.753,"B,61675,10,72:3b:01:24:b7:c8,28,1,0,0,-17,S,5c:62:8b:66:67:d2"
1791490708.753,"B,61775,10,5c:62:8b:66:67:d2,0,0,3277,15,-48,A,5c:62:8b:66:67:d2"
1791490708.753,"B,61775,10,b2:db:ca:e6:29:a6,56,2,0,0,-20,S,5c:62:8b:66:67:d2"
1791490708.753,"B,61775,10,46:88:44:6e:4f:e4,3053,7,0,0,-27,S,5c:62:8b:66:67:d2"
1791490708.753,"B,61775,10,72:3b:01:24:b7:c8,168,6,0,0,-17,S,5c:62:8b:66:67:d2"
1791490708.953,"B,61875,10,5c:62:8b:66:67:d2,138,1,2881,10,-49,A,5c:62:8b:66:67:d2"
1791490708.953,"B,61875,10,b2:db:ca:e6:29:a6,84,3,0,0,-20,S,5c:62:8b:66:67:d2"
1791490708.953,"B,61875,10,46:88:44:6e:4f:e4,2797,7,138,1,-27,S,5c:62:8b:66:67:d2"
1791490708.953,"B,61975,10,5c:62:8b:66:67:d2,0,0,2815,10,-48,A,5c:62:8b:66:67:d2"
1791490708.953,"B,61975,10,b2:db:ca:e6:29:a6,84,3,0,0,-21,S,5c:62:8b:66:67:d2"
1791490708.953,"B,61975,10,46:88:44:6e:4f:e4,2703,6,0,0,-27,S,5c:62:8b:66:67:d2"
1791490708.953,"B,61975,10,72:3b:01:24:b7:c8,28,1,0,0,-17,S,5c:62:8b:66:67:d2"
1791490709.155,"B,62075,10,5c:62:8b:66:67:d2,0,0,3543,13,-49,A,5c:62:8b:66:67:d2"
1791490709.155,"B,62075,10,b2:db:ca:e6:29:a6,28,1,0,0,-21,S,5c:62:8b:66:67:d2"
1791490709.155,"B,62075,10,46:88:44:6e:4f:e4,3403,8,0,0,-27,S,5c:62:8b:66:67:d2"
1791490709.155,"B,62075,10,72:3b:01:24:b7:c8,112,4,0,0,-17,S,5c:62:8b:66:67:d2"
1791490709.155,"B,62175,10,5c:62:8b:66:67:d2,0,0,3537,16,-47,A,5c:62:8b:66:67:d2"
1791490709.155,"B,62175,10,b2:db:ca:e6:29:a6,84,3,0,0,-21,S,5c:62:8b:66:67:d2"
1791490709.155,"B,62175,10,78:8c:b5:f5:e7:26,80,1,0,0,-74,A,78:8c:b5:f5:e7:26"
1791490709.155,"B,62175,10,46:88:44:6e:4f:e4,3285,7,0,0,-27,S,5c:62:8b:66:67:d2"
1791490709.155,"B,62175,10,72:3b:01:24:b7:c8,168,6,0,0,-17,S,5c:62:8b:66:67:d2"
1791490709.357,"B,62275,10,5c:62:8b:66:67:d2,350,1,1218,9,-48,A,5c:62:8b:66:67:d2"
1791490709.357,"B,62275,10,b2:db:ca:e6:29:a6,84,3,0,0,-22,S,5c:62:8b:66:67:d2"
1791490709.357,"B,62275,10,46:88:44:6e:4f:e4,1050,3,0,0,-27,S,5c:62:8b:66:67:d2"
1791490709.357,"B,62275,10,72:3b:01:24:b7:c8,84,3,350,1,-17,S,5c:62:8b:66:67:d2"
1791490709.357,"B,62375,10,5c:62:8b:66:67:d2,2325,4,3011,17,-49,A,5c:62:8b:66:67:d2"
1791490709.357,"B,62375,10,b2:db:ca:e6:29:a6,28,1,0,0,-21,S,5c:62:8b:66:67:d2"
1791490709.357,"B,62375,10,46:88:44:6e:4f:e4,2703,6,0,0,-27,S,5c:62:8b:66:67:d2"
1791490709.357,"B,62375,10,72:3b:01:24:b7:c8,280,10,2325,4,-17,S,5c:62:8b:66:67:d2"
1791490709.558,"B,62475,10,5c:62:8b:66:67:d2,0,0,2871,12,-47,A,5c:62:8b:66:67:d2"
1791490709.558,"B,62475,10,b2:db:ca:e6:29:a6,28,1,0,0,-21,S,5c:62:8b:66:67:d2"
1791490709.558,"B,62475,10,46:88:44:6e:4f:e4,2759,8,0,0,-27,S,5c:62:8b:66:67:d2"
1791490709.558,"B,62475,10,72:3b:01:24:b7:c8,84,3,0,0,-17,S,5c:62:8b:66:67:d2"
1791490709.558,"B,62575,10,5c:62:8b:66:67:d2,0,0,3487,11,-47,A,5c:62:8b:66:67:d2"
1791490709.558,"B,62575,10,b2:db:ca:e6:29:a6,56,2,0,0,-22,S,5c:62:8b:66:67:d2"
1791490709.558,"B,62575,10,46:88:44:6e:4f:e4,3403,8,0,0,-26,S,5c:62:8b:66:67:d2"
1791490709.558,"B,62575,10,72:3b:01:24:b7:c8,28,1,0,0,-17,S,5c:62:8b:66:67:d2"
1791490709.761,"B,62675,10,5c:62:8b:66:67:d2,0,0,2759,8,-48,A,5c:62:8b:66:67:d2"
1791490709.761,"B,62675,10,b2:db:ca:e6:29:a6,56,2,0,0,-22,S,5c:62:8b:66:67:d2"
1791490709.761,"B,62675,10,46:88:44:6e:4f:e4,2703,6,0,0,-26,S,5c:62:8b:66:67:d2"
1791490709.761,"B,62675,10,80:af:ca:68:4c:f8,84,1,0,0,-83,A,80:af:ca:68:4c:f8"
1791490709.761,"B,62775,10,5c:62:8b:66:67:d2,2325,4,3165,11,-50,A,5c:62:8b:66:67:d2"
1791490709.761,"B,62775,10,b2:db:ca:e6:29:a6,56,2,0,0,-21,S,5c:62:8b:66:67:d2"
1791490709.761,"B,62775,10,46:88:44:6e:4f:e4,3053,7,0,0,-26,S,5c:62:8b:66:67:d2"
1791490709.761,"B,62775,10,72:3b:01:24:b7:c8,56,2,2325,4,-17,S,5c:62:8b:66:67:d2"
1791490709.964,"B,62875,10,5c:62:8b:66:67:d2,350,1,1218,9,-50,A,5c:62:8b:66:67:d2"
1791490709.964,"B,62875,10,b2:db:ca:e6:29:a6,56,2,0,0,-23,S,5c:62:8b:66:67:d2"
1791490709.964,"B,62875,10,46:88:44:6e:4f:e4,1050,3,0,0,-27,S,5c:62:8b:66:67:d2"
1791490709.964,"B,62875,10,72:3b:01:24:b7:c8,112,4,350,1,-17,S,5c:62:8b:66:67:d2"
1791490709.964,"B,62975,10,5c:62:8b:66:67:d2,0,0,2787,9,-49,A,5c:62:8b:66:67:d2"
1791490709.964,"B,62975,10,b2:db:ca:e6:29:a6,84,3,0,0,-21,S,5c:62:8b:66:67:d2"
1791490709.964,"B,62975,10,46:88:44:6e:4f:e4,2703,6,0,0,-27,S,5c:62:8b:66:67:d2"
1791490710.168,"B,63075,10,5c:62:8b:66:67:d2,0,0,4957,14,-48,A,5c:62:8b:66:67:d2"
1791490710.168,"B,63075,10,b2:db:ca:e6:29:a6,56,2,0,0,-22,S,5c:62:8b:66:67:d2"
1791490710.168,"B,63075,10,46:88:44:6e:4f:e4,4789,8,0,0,-27,S,5c:62:8b:66:67:d2"
1791490710.168,"B,63075,10,72:3b:01:24:b7:c8,112,4,0,0,-17,S,5c:62:8b:66:67:d2"
1791490710.168,"B,63175,10,5c:62:8b:66:67:d2,0,0,3831,15,-50,A,5c:62:8b:66:67:d2"
1791490710.168,"B,63175,10,b2:db:ca:e6:29:a6,56,2,0,0,-22,S,5c:62:8b:66:67:d2"
1791490710.168,"B,63175,10,46:88:44:6e:4f:e4,3635,8,0,0,-27,S,5c:62:8b:66:67:d2"
1791490710.168,"B,63175,10,72:3b:01:24:b7:c8,140,5,0,0,-17,S,5c:62:8b:66:67:d2"
1791490710.168,"B,63175,10,80:af:ca:68:4c:f8,533,1,0,0,-82,A,80:af:ca:68:4c:f8"
1791490710.373,"B,63275,10,5c:62:8b:66:67:d2,1975,3,3109,9,-51,A,5c:62:8b:66:67:d2"
1791490710.373,"B,63275,10,b2:db:ca:e6:29:a6,56,2,0,0,-21,S,5c:62:8b:66:67:d2"
1791490710.373,"B,63275,10,46:88:44:6e:4f:e4,3053,7,0,0,-27,S,5c:62:8b:66:67:d2"
1791490710.373,"B,63275,10,72:3b:01:24:b7:c8,0,0,1975,3,0,S,5c:62:8b:66:67:d2"
1791490710.373,"B,63375,10,5c:62:8b:66:67:d2,700,2,2268,12,-50,A,5c:62:8b:66:67:d2"
1791490710.373,"B,63375,10,46:88:44:6e:4f:e4,2128,7,0,0,-26,S,5c:62:8b:66:67:d2"
1791490710.373,"B,63375,10,72:3b:01:24:b7:c8,140,5,700,2,-17,S,5c:62:8b:66:67:d2"
1791490710.373,"B,63375,10,80:af:ca:68:4c:f8,795,4,0,0,-82,A,80:af:ca:68:4c:f8"
1791490710.373,"B,63375,10,52:4b:9a:a2:db:8e,0,0,246,3,0,S,80:af:ca:68:4c:f8"
1791490710.578,"B,63475,10,5c:62:8b:66:67:d2,0,0,3081,8,-50,A,5c:62:8b:66:67:d2"
1791490710.578,"B,63475,10,b2:db:ca:e6:29:a6,28,1,0,0,-21,S,5c:62:8b:66:67:d2"
1791490710.578,"B,63475,10,46:88:44:6e:4f:e4,3025,6,0,0,-27,S,5c:62:8b:66:67:d2"
1791490710.578,"B,63475,10,72:3b:01:24:b7:c8,28,1,0,0,-17,S,5c:62:8b:66:67:d2"
1791490710.578,"B,63575,10,5c:62:8b:66:67:d2,0,0,2731,7,-50,A,5c:62:8b:66:67:d2"
1791490710.578,"B,63575,10,46:88:44:6e:4f:e4,2703,6,0,0,-27,S,5c:62:8b:66:67:d2"
1791490710.578,"B,63575,10,72:3b:01:24:b7:c8,28,1,0,0,-17,S,5c:62:8b:66:67:d2"
1791490710.782,"B,63675,10,5c:62:8b:66:67:d2,3850,11,2787,9,-49,A,5c:62:8b:66:67:d2"
1791490710.782,"B,63675,10,46:88:44:6e:4f:e4,2703,6,0,0,-27,S,5c:62:8b:66:67:d2"
1791490710.782,"B,63675,10,72:3b:01:24:b7:c8,84,3,3850,11,-16,S,5c:62:8b:66:67:d2"
1791490710.782,"B,63775,10,5c:62:8b:66:67:d2,1975,3,2703,6,-50,A,5c:62:8b:66:67:d2"
1791490710.782,"B,63775,10,46:88:44:6e:4f:e4,2703,6,0,0,-27,S,5c:62:8b:66:67:d2"
1791490710.782,"B,63775,10,72:3b:01:24:b7:c8,0,0,1975,3,0,S,5c:62:8b:66:67:d2"
1791490710.984,"B,63875,10,5c:62:8b:66:67:d2,2325,4,2703,6,-50,A,5c:62:8b:66:67:d2"
1791490710.984,"B,63875,10,46:88:44:6e:4f:e4,2703,6,0,0,-26,S,5c:62:8b:66:67:d2"
1791490710.984,"B,63875,10,72:3b:01:24:b7:c8,0,0,2325,4,0,S,5c:62:8b:66:67:d2"
1791490710.984,"B,63975,10,5c:62:8b:66:67:d2,0,0,1386,15,-50,A,5c:62:8b:66:67:d2"
1791490710.984,"B,63975,10,46:88:44:6e:4f:e4,1078,4,0,0,-25,S,5c:62:8b:66:67:d2"
1791490710.984,"B,63975,10,72:3b:01:24:b7:c8,308,11,0,0,-16,S,5c:62:8b:66:67:d2"
1791490711.189,"B,64075,10,5c:62:8b:66:67:d2,0,0,4179,6,-49,A,5c:62:8b:66:67:d2"
1791490711.189,"B,64075,10,46:88:44:6e:4f:e4,4179,6,0,0,-27,S,5c:62:8b:66:67:d2"
1791490711.189,"B,64175,10,5c:62:8b:66:67:d2,0,0,3109,9,-51,A,5c:62:8b:66:67:d2"
1791490711.189,"B,64175,10,b2:db:ca:e6:29:a6,56,2,0,0,-21,S,5c:62:8b:66:67:d2"
1791490711.189,"B,64175,10,78:8c:b5:f5:e7:26,80,1,0,0,-74,A,78:8c:b5:f5:e7:26"
1791490711.189,"B,64175,10,46:88:44:6e:4f:e4,3053,7,0,0,-26,S,5c:62:8b:66:67:d2"
1791490711.390,"B,64275,10,5c:62:8b:66:67:d2,0,0,3389,19,-49,A,5c:62:8b:66:67:d2"
1791490711.390,"B,64275,10,b2:db:ca:e6:29:a6,28,1,0,0,-22,S,5c:62:8b:66:67:d2"
1791490711.390,"B,64275,10,46:88:44:6e:4f:e4,3053,7,0,0,-27,S,5c:62:8b:66:67:d2"
1791490711.390,"B,64275,10,72:3b:01:24:b7:c8,308,11,0,0,-16,S,5c:62:8b:66:67:d2"
1791490711.390,"B,64375,10,5c:62:8b:66:67:d2,0,0,2983,16,-51,A,5c:62:8b:66:67:d2"
1791490711.390,"B,64375,10,b2:db:ca:e6:29:a6,28,1,0,0,-23,S,5c:62:8b:66:67:d2"
1791490711.390,"B,64375,10,46:88:44:6e:4f:e4,2703,6,0,0,-27,S,5c:62:8b:66:67:d2"
1791490711.390,"B,64375,10,72:3b:01:24:b7:c8,252,9,0,0,-16,S,5c:62:8b:66:67:d2"
1791490711.594,"B,64475,10,5c:62:8b:66:67:d2,0,0,2787,9,-50,A,5c:62:8b:66:67:d2"
1791490711.594,"B,64475,10,b2:db:ca:e6:29:a6,56,2,0,0,-21,S,5c:62:8b:66:67:d2"
1791490711.594,"B,64475,10,46:88:44:6e:4f:e4,2703,6,0,0,-27,S,5c:62:8b:66:67:d2"
1791490711.594,"B,64475,10,72:3b:01:24:b7:c8,28,1,0,0,-17,S,5c:62:8b:66:67:d2"
1791490711.594,"B,64575,10,5c:62:8b:66:67:d2,0,0,2317,12,-49,A,5c:62:8b:66:67:d2"
1791490711.594,"B,64575,10,b2:db:ca:e6:29:a6,28,1,0,0,-21,S,5c:62:8b:66:67:d2"
1791490711.594,"B,64575,10,46:88:44:6e:4f:e4,2121,5,0,0,-27,S,5c:62:8b:66:67:d2"
1791490711.594,"B,64575,10,72:3b:01:24:b7:c8,168,6,0,0,-17,S,5c:62:8b:66:67:d2"
1791490711.594,"B,64575,10,80:af:ca:68:4c:f8,124,1,0,0,-81,A,80:af:ca:68:4c:f8"
1791490711.795,"B,64675,10,5c:62:8b:66:67:d2,0,0,3438,11,-49,A,5c:62:8b:66:67:d2"
1791490711.795,"B,64675,10,b2:db:ca:e6:29:a6,56,2,0,0,-22,S,5c:62:8b:66:67:d2"
1791490711.795,"B,64675,10,46:88:44:6e:4f:e4,3382,9,0,0,-27,S,5c:62:8b:66:67:d2"
1791490711.795,"B,64775,10,5c:62:8b:66:67:d2,700,2,2289,11,-49,A,5c:62:8b:66:67:d2"
1791490711.795,"B,64775,10,b2:db:ca:e6:29:a6,28,1,0,0,-22,S,5c:62:8b:66:67:d2"
1791490711.795,"B,64775,10,78:8c:b5:f5:e7:26,0,0,30,1,-74,A,78:8c:b5:f5:e7:26"
1791490711.795,"B,64775,10,46:88:44:6e:4f:e4,2121,5,0,0,-27,S,5c:62:8b:66:67:d2"
1791490711.795,"B,64775,10,72:3b:01:24:b7:c8,140,5,700,2,-18,S,5c:62:8b:66:67:d2"
1791490711.795,"B,64775,10,a6:4c:bd:b6:c7:99,30,1,0,0,-90,S,78:8c:b5:f5:e7:26"
1791490711.999,"B,64875,10,5c:62:8b:66:67:d2,350,1,2927,14,-50,A,5c:62:8b:66:67:d2"
1791490711.999,"B,64875,10,b2:db:ca:e6:29:a6,56,2,0,0,-21,S,5c:62:8b:66:67:d2"
1791490711.999,"B,64875,10,46:88:44:6e:4f:e4,2703,6,0,0,-27,S,5c:62:8b:66:67:d2"
1791490711.999,"B,64875,10,72:3b:01:24:b7:c8,168,6,350,1,-16,S,5c:62:8b:66:67:d2"
1791490711.999,"B,64975,10,5c:62:8b:66:67:d2,0,0,2759,8,-49,A,5c:62:8b:66:67:d2"
1791490711.999,"B,64975,10,b2:db:ca:e6:29:a6,56,2,0,0,-21,S,5c:62:8b:66:67:d2"
1791490711.999,"B,64975,10,78:8c:b5:f5:e7:26,0,0,30,1,-73,A,78:8c:b5:f5:e7:26"
1791490711.999,"B,64975,10,46:88:44:6e:4f:e4,2703,6,0,0,-27,S,5c:62:8b:66:67:d2"
1791490711.999,"B,64975,10,a6:4c:bd:b6:c7:99,30,1,0,0,-88,S,78:8c:b5:f5:e7:26"
1791490712.204,"B,65075,10,5c:62:8b:66:67:d2,0,0,2871,12,-48,A,5c:62:8b:66:67:d2"
1791490712.204,"B,65075,10,b2:db:ca:e6:29:a6,56,2,0,0,-22,S,5c:62:8b:66:67:d2"
1791490712.204,"B,65075,10,46:88:44:6e:4f:e4,2703,6,0,0,-27,S,5c:62:8b:66:67:d2"
1791490712.204,"B,65075,10,72:3b:01:24:b7:c8,112,4,0,0,-17,S,5c:62:8b:66:67:d2"
1791490712.204,"I,65093,stat,rx=11538,drops=0,ch=10,bin=100,hop=0,heap=203064"
1791490712.204,"B,65175,10,5c:62:8b:66:67:d2,0,0,2317,12,-49,A,5c:62:8b:66:67:d2"
1791490712.204,"B,65175,10,b2:db:ca:e6:29:a6,28,1,0,0,-23,S,5c:62:8b:66:67:d2"
1791490712.204,"B,65175,10,78:8c:b5:f5:e7:26,0,0,30,1,-74,A,78:8c:b5:f5:e7:26"
1791490712.204,"B,65175,10,46:88:44:6e:4f:e4,2149,6,0,0,-25,S,5c:62:8b:66:67:d2"
1791490712.204,"B,65175,10,72:3b:01:24:b7:c8,140,5,0,0,-16,S,5c:62:8b:66:67:d2"
1791490712.204,"B,65175,10,a6:4c:bd:b6:c7:99,30,1,0,0,-89,S,78:8c:b5:f5:e7:26"
1791490712.408,"B,65275,10,5c:62:8b:66:67:d2,350,1,2731,7,-48,A,5c:62:8b:66:67:d2"
1791490712.408,"B,65275,10,b2:db:ca:e6:29:a6,56,2,0,0,-22,S,5c:62:8b:66:67:d2"
1791490712.408,"B,65275,10,78:8c:b5:f5:e7:26,160,2,30,1,-74,A,78:8c:b5:f5:e7:26"
1791490712.408,"B,65275,10,46:88:44:6e:4f:e4,2675,5,0,0,-26,S,5c:62:8b:66:67:d2"
1791490712.408,"B,65275,10,72:3b:01:24:b7:c8,0,0,350,1,0,S,5c:62:8b:66:67:d2"
1791490712.408,"B,65275,10,a6:4c:bd:b6:c7:99,30,1,0,0,-88,S,78:8c:b5:f5:e7:26"
1791490712.408,"B,65375,10,5c:62:8b:66:67:d2,0,0,3131,13,-47,A,5c:62:8b:66:67:d2"
1791490712.408,"B,65375,10,b2:db:ca:e6:29:a6,28,1,0,0,-22,S,5c:62:8b:66:67:d2"
1791490712.408,"B,65375,10,46:88:44:6e:4f:e4,2935,6,0,0,-26,S,5c:62:8b:66:67:d2"
1791490712.408,"B,65375,10,72:3b:01:24:b7:c8,168,6,0,0,-16,S,5c:62:8b:66:67:d2"
1791490712.609,"B,65475,10,5c:62:8b:66:67:d2,0,0,2843,11,-46,A,5c:62:8b:66:67:d2"
1791490712.609,"B,65475,10,b2:db:ca:e6:29:a6,28,1,0,0,-23,S,5c:62:8b:66:67:d2"
1791490712.609,"B,65475,10,78:8c:b5:f5:e7:26,0,0,60,2,-73,A,78:8c:b5:f5:e7:26"
1791490712.609,"B,65475,10,46:88:44:6e:4f:e4,2703,6,0,0,-26,S,5c:62:8b:66:67:d2"
1791490712.609,"B,65475,10,72:3b:01:24:b7:c8,112,4,0,0,-16,S,5c:62:8b:66:67:d2"
1791490712.609,"B,65475,10,a6:4c:bd:b6:c7:99,60,2,0,0,-88,S,78:8c:b5:f5:e7:26"
1791490712.609,"B,65575,10,5c:62:8b:66:67:d2,0,0,3193,12,-47,A,5c:62:8b:66:67:d2"
1791490712.609,"B,65575,10,b2:db:ca:e6:29:a6,56,2,0,0,-22,S,5c:62:8b:66:67:d2"
1791490712.609,"B,65575,10,78:8c:b5:f5:e7:26,0,0,30,1,-74,A,78:8c:b5:f5:e7:26"
1791490712.609,"B,65575,10,46:88:44:6e:4f:e4,3053,7,0,0,-27,S,5c:62:8b:66:67:d2"
1791490712.609,"B,65575,10,72:3b:01:24:b7:c8,84,3,0,0,-17,S,5c:62:8b:66:67:d2"
1791490712.609,"B,65575,10,a6:4c:bd:b6:c7:99,30,1,0,0,-89,S,78:8c:b5:f5:e7:26"
1791490712.814,"B,65675,10,5c:62:8b:66:67:d2,0,0,2549,12,-47,A,5c:62:8b:66:67:d2"
1791490712.814,"B,65675,10,b2:db:ca:e6:29:a6,56,2,0,0,-21,S,5c:62:8b:66:67:d2"
1791490712.814,"B,65675,10,46:88:44:6e:4f:e4,2353,5,0,0,-27,S,5c:62:8b:66:67:d2"
1791490712.814,"B,65675,10,72:3b:01:24:b7:c8,140,5,0,0,-17,S,5c:62:8b:66:67:d2"
1791490712.814,"B,65775,10,5c:62:8b:66:67:d2,700,2,1246,10,-48,A,5c:62:8b:66:67:d2"
1791490712.814,"B,65775,10,b2:db:ca:e6:29:a6,56,2,0,0,-22,S,5c:62:8b:66:67:d2"
1791490712.814,"B,65775,10,46:88:44:6e:4f:e4,1078,4,0,0,-27,S,5c:62:8b:66:67:d2"
1791490712.814,"B,65775,10,72:3b:01:24:b7:c8,112,4,700,2,-16,S,5c:62:8b:66:67:d2"
1791490713.019,"B,65875,10,5c:62:8b:66:67:d2,0,0,3081,8,-47,A,5c:62:8b:66:67:d2"
1791490713.019,"B,65875,10,b2:db:ca:e6:29:a6,56,2,0,0,-21,S,5c:62:8b:66:67:d2"
1791490713.019,"B,65875,10,46:88:44:6e:4f:e4,3025,6,0,0,-27,S,5c:62:8b:66:67:d2"
1791490713.019,"B,65975,10,5c:62:8b:66:67:d2,0,0,4384,10,0,A,5c:62:8b:66:67:d2"
1791490713.019,"B,65975,10,b2:db:ca:e6:29:a6,28,1,0,0,-22,S,5c:62:8b:66:67:d2"
1791490713.019,"B,65975,10,46:88:44:6e:4f:e4,4328,8,0,0,-27,S,5c:62:8b:66:67:d2"
1791490713.019,"B,65975,10,72:3b:01:24:b7:c8,28,1,0,0,-17,S,5c:62:8b:66:67:d2"
1791490713.224,"B,66075,10,5c:62:8b:66:67:d2,0,0,2927,14,-48,A,5c:62:8b:66:67:d2"
1791490713.224,"B,66075,10,b2:db:ca:e6:29:a6,56,2,0,0,-22,S,5c:62:8b:66:67:d2"
1791490713.224,"B,66075,10,46:88:44:6e:4f:e4,2703,6,0,0,-27,S,5c:62:8b:66:67:d2"
1791490713.224,"B,66075,10,72:3b:01:24:b7:c8,168,6,0,0,-16,S,5c:62:8b:66:67:d2"
1791490713.224,"B,66175,10,5c:62:8b:66:67:d2,0,0,2899,13,-48,A,5c:62:8b:66:67:d2"
1791490713.224,"B,66175,10,b2:db:ca:e6:29:a6,28,1,0,0,-22,S,5c:62:8b:66:67:d2"
1791490713.224,"B,66175,10,78:8c:b5:f5:e7:26,80,1,0,0,-75,A,78:8c:b5:f5:e7:26"
1791490713.224,"B,66175,10,46:88:44:6e:4f:e4,2703,6,0,0,-27,S,5c:62:8b:66:67:d2"
1791490713.224,"B,66175,10,72:3b:01:24:b7:c8,168,6,0,0,-17,S,5c:62:8b:66:67:d2"
1791490713.427,"B,66275,10,5c:62:8b:66:67:d2,932,2,5455,12,-50,A,5c:62:8b:66:67:d2"
1791490713.427,"B,66275,10,b2:db:ca:e6:29:a6,56,2,0,0,-22,S,5c:62:8b:66:67:d2"
1791490713.427,"B,66275,10,78:8c:b5:f5:e7:26,0,0,30,1,-77,A,78:8c:b5:f5:e7:26"
1791490713.427,"B,66275,10,46:88:44:6e:4f:e4,5371,9,0,0,-27,S,5c:62:8b:66:67:d2"
1791490713.427,"B,66275,10,72:3b:01:24:b7:c8,28,1,932,2,-17,S,5c:62:8b:66:67:d2"
1791490713.427,"B,66275,10,a6:4c:bd:b6:c7:99,30,1,0,0,-90,S,78:8c:b5:f5:e7:26"
1791490713.427,"B,66375,10,5c:62:8b:66:67:d2,350,1,1442,17,-50,A,5c:62:8b:66:67:d2"
1791490713.427,"B,66375,10,b2:db:ca:e6:29:a6,84,3,0,0,-22,S,5c:62:8b:66:67:d2"
1791490713.427,"B,66375,10,46:88:44:6e:4f:e4,1050,3,0,0,-27,S,5c:62:8b:66:67:d2"
1791490713.427,"B,66375,10,72:3b:01:24:b7:c8,308,11,350,1,-17,S,5c:62:8b:66:67:d2"
1791490713.632,"B,66475,10,5c:62:8b:66:67:d2,0,0,2927,14,-50,A,5c:62:8b:66:67:d2"
1791490713.632,"B,66475,10,b2:db:ca:e6:29:a6,84,3,0,0,-22,S,5c:62:8b:66:67:d2"
1791490713.632,"B,66475,10,46:88:44:6e:4f:e4,2703,6,0,0,-27,S,5c:62:8b:66:67:d2"
1791490713.632,"B,66475,10,72:3b:01:24:b7:c8,140,5,0,0,-17,S,5c:62:8b:66:67:d2"
1791490713.632,"B,66475,10,80:af:ca:68:4c:f8,492,6,0,0,-81,A,80:af:ca:68:4c:f8"
1791490713.632,"B,66475,10,52:f3:8a:4b:ff:ac,0,0,492,6,0,S,80:af:ca:68:4c:f8"
1791490713.632,"M,66486,slot,9,0"
1791490713.632,"B,66575,10,5c:62:8b:66:67:d2,0,0,3109,9,-49,A,5c:62:8b:66:67:d2"
1791490713.632,"B,66575,10,b2:db:ca:e6:29:a6,56,2,0,0,-21,S,5c:62:8b:66:67:d2"
1791490713.632,"B,66575,10,78:8c:b5:f5:e7:26,0,0,60,2,-72,A,78:8c:b5:f5:e7:26"
1791490713.632,"B,66575,10,46:88:44:6e:4f:e4,3053,7,0,0,-26,S,5c:62:8b:66:67:d2"
1791490713.632,"B,66575,10,a6:4c:bd:b6:c7:99,60,2,0,0,-90,S,78:8c:b5:f5:e7:26"
1791490713.632,"B,66575,10,80:af:ca:68:4c:f8,82,1,0,0,-81,A,80:af:ca:68:4c:f8"
1791490713.632,"B,66575,10,52:f3:8a:4b:ff:ac,0,0,82,1,0,S,80:af:ca:68:4c:f8"
1791490713.834,"B,66675,10,5c:62:8b:66:67:d2,0,0,2815,10,-48,A,5c:62:8b:66:67:d2"
1791490713.834,"B,66675,10,b2:db:ca:e6:29:a6,56,2,0,0,-21,S,5c:62:8b:66:67:d2"
1791490713.834,"B,66675,10,46:88:44:6e:4f:e4,2703,6,0,0,-26,S,5c:62:8b:66:67:d2"
1791490713.834,"B,66675,10,72:3b:01:24:b7:c8,56,2,0,0,-17,S,5c:62:8b:66:67:d2"
1791490713.834,"B,66775,10,5c:62:8b:66:67:d2,2325,4,2787,9,-51,A,5c:62:8b:66:67:d2"
1791490713.834,"B,66775,10,b2:db:ca:e6:29:a6,56,2,0,0,-21,S,5c:62:8b:66:67:d2"
1791490713.834,"B,66775,10,46:88:44:6e:4f:e4,2703,6,0,0,-26,S,5c:62:8b:66:67:d2"
1791490713.834,"B,66775,10,72:3b:01:24:b7:c8,28,1,2325,4,-17,S,5c:62:8b:66:67:d2"
1791490714.035,"B,66875,10,5c:62:8b:66:67:d2,2096,9,3123,12,-51,A,5c:62:8b:66:67:d2"
1791490714.035,"B,66875,10,b2:db:ca:e6:29:a6,56,2,0,0,-21,S,5c:62:8b:66:67:d2"
1791490714.035,"B,66875,10,46:88:44:6e:4f:e4,3067,10,772,6,-27,S,5c:62:8b:66:67:d2"
1791490714.035,"B,66875,10,72:3b:01:24:b7:c8,0,0,1324,3,0,S,5c:62:8b:66:67:d2"
1791490714.035,"B,66975,10,5c:62:8b:66:67:d2,1750,5,1218,9,-50,A,5c:62:8b:66:67:d2"
1791490714.035,"B,66975,10,b2:db:ca:e6:29:a6,56,2,0,0,-22,S,5c:62:8b:66:67:d2"
1791490714.035,"B,66975,10,46:88:44:6e:4f:e4,1078,4,0,0,-27,S,5c:62:8b:66:67:d2"
1791490714.035,"B,66975,10,72:3b:01:24:b7:c8,84,3,1750,5,-16,S,5c:62:8b:66:67:d2"
1791490714.240,"B,67075,10,5c:62:8b:66:67:d2,0,0,3081,8,-49,A,5c:62:8b:66:67:d2"
1791490714.240,"B,67075,10,b2:db:ca:e6:29:a6,56,2,0,0,-22,S,5c:62:8b:66:67:d2"
1791490714.240,"B,67075,10,46:88:44:6e:4f:e4,3025,6,0,0,-27,S,5c:62:8b:66:67:d2"
1791490714.240,"B,67175,10,5c:62:8b:66:67:d2,0,0,5545,12,-50,A,5c:62:8b:66:67:d2"
1791490714.240,"B,67175,10,b2:db:ca:e6:29:a6,56,2,0,0,-23,S,5c:62:8b:66:67:d2"
1791490714.240,"B,67175,10,78:8c:b5:f5:e7:26,0,0,30,1,-74,A,78:8c:b5:f5:e7:26"
1791490714.240,"B,67175,10,46:88:44:6e:4f:e4,5489,10,0,0,-26,S,5c:62:8b:66:67:d2"
1791490714.240,"B,67175,10,a6:4c:bd:b6:c7:99,30,1,0,0,-90,S,78:8c:b5:f5:e7:26"
1791490714.442,"B,67275,10,5c:62:8b:66:67:d2,3950,6,2843,11,-51,A,5c:62:8b:66:67:d2"
1791490714.442,"B,67275,10,b2:db:ca:e6:29:a6,56,2,0,0,-21,S,5c:62:8b:66:67:d2"
1791490714.442,"B,67275,10,46:88:44:6e:4f:e4,2703,6,0,0,-27,S,5c:62:8b:66:67:d2"
1791490714.442,"B,67275,10,72:3b:01:24:b7:c8,84,3,3950,6,-16,S,5c:62:8b:66:67:d2"
1791490714.442,"B,67375,10,5c:62:8b:66:67:d2,700,2,3221,13,-50,A,5c:62:8b:66:67:d2"
1791490714.442,"B,67375,10,b2:db:ca:e6:29:a6,112,4,0,0,-21,S,5c:62:8b:66:67:d2"
1791490714.442,"B,67375,10,46:88:44:6e:4f:e4,3053,7,0,0,-27,S,5c:62:8b:66:67:d2"
1791490714.442,"B,67375,10,72:3b:01:24:b7:c8,56,2,700,2,-17,S,5c:62:8b:66:67:d2"
1791490714.644,"B,67475,10,5c:62:8b:66:67:d2,0,0,1688,6,-49,A,5c:62:8b:66:67:d2"
1791490714.644,"B,67475,10,b2:db:ca:e6:29:a6,28,1,0,0,-21,S,5c:62:8b:66:67:d2"
1791490714.644,"B,67475,10,46:88:44:6e:4f:e4,1660,5,0,0,-27,S,5c:62:8b:66:67:d2"
1791490714.644,"B,67575,10,5c:62:8b:66:67:d2,0,0,2002,14,-49,A,5c:62:8b:66:67:d2"
1791490714.644,"B,67575,10,46:88:44:6e:4f:e4,1778,6,0,0,-27,S,5c:62:8b:66:67:d2"
1791490714.644,"B,67575,10,72:3b:01:24:b7:c8,224,8,0,0,-17,S,5c:62:8b:66:67:d2"
1791490714.644,"B,67575,10,80:af:ca:68:4c:f8,246,3,0,0,-81,A,80:af:ca:68:4c:f8"
1791490714.644,"B,67575,10,52:f3:8a:4b:ff:ac,0,0,246,3,0,S,80:af:ca:68:4c:f8"
1791490714.844,"B,67675,10,5c:62:8b:66:67:d2,0,0,2731,7,-50,A,5c:62:8b:66:67:d2"
1791490714.844,"B,67675,10,b2:db:ca:e6:29:a6,28,1,0,0,-22,S,5c:62:8b:66:67:d2"
1791490714.844,"B,67675,10,78:8c:b5:f5:e7:26,0,0,30,1,-73,A,78:8c:b5:f5:e7:26"
1791490714.844,"B,67675,10,46:88:44:6e:4f:e4,2675,5,0,0,-27,S,5c:62:8b:66:67:d2"
1791490714.844,"B,67675,10,72:3b:01:24:b7:c8,28,1,0,0,-17,S,5c:62:8b:66:67:d2"
1791490714.844,"B,67675,10,a6:4c:bd:b6:c7:99,30,1,0,0,-89,S,78:8c:b5:f5:e7:26"
1791490714.844,"B,67875,10,5c:62:8b:66:67:d2,0,0,3397,11,-51,A,5c:62:8b:66:67:d2"
1791490715.045,"B,67875,10,78:8c:b5:f5:e7:26,0,0,30,1,-74,A,78:8c:b5:f5:e7:26"
1791490715.045,"B,67875,10,46:88:44:6e:4f:e4,3285,7,0,0,-26,S,5c:62:8b:66:67:d2"
1791490715.045,"B,67875,10,72:3b:01:24:b7:c8,112,4,0,0,-17,S,5c:62:8b:66:67:d2"
1791490715.045,"B,67875,10,a6:4c:bd:b6:c7:99,30,1,0,0,-91,S,78:8c:b5:f5:e7:26"
1791490715.045,"B,67975,10,5c:62:8b:66:67:d2,0,0,5953,10,-49,A,5c:62:8b:66:67:d2"
1791490715.045,"B,67975,10,46:88:44:6e:4f:e4,5953,10,0,0,-26,S,5c:62:8b:66:67:d2"
1791490715.045,"B,68075,10,5c:62:8b:66:67:d2,0,0,2703,6,-48,A,5c:62:8b:66:67:d2"
1791490715.045,"B,68075,10,46:88:44:6e:4f:e4,2703,6,0,0,-26,S,5c:62:8b:66:67:d2"
1791490715.245,"B,68175,10,5c:62:8b:66:67:d2,3500,10,1428,5,-50,A,5c:62:8b:66:67:d2"
1791490715.245,"B,68175,10,46:88:44:6e:4f:e4,1428,5,0,0,-27,S,5c:62:8b:66:67:d2"
1791490715.245,"B,68175,10,72:3b:01:24:b7:c8,0,0,3500,10,0,S,5c:62:8b:66:67:d2"
1791490715.245,"B,68275,10,5c:62:8b:66:67:d2,700,2,2675,5,-50,A,5c:62:8b:66:67:d2"
1791490715.245,"B,68275,10,46:88:44:6e:4f:e4,2675,5,0,0,-27,S,5c:62:8b:66:67:d2"
1791490715.445,"B,68275,10,72:3b:01:24:b7:c8,0,0,700,2,0,S,5c:62:8b:66:67:d2"
1791490715.445,"B,68275,10,80:af:ca:68:4c:f8,124,1,0,0,-82,A,80:af:ca:68:4c:f8"
1791490715.445,"B,68375,10,5c:62:8b:66:67:d2,1625,2,3039,18,-51,A,5c:62:8b:66:67:d2"
1791490715.445,"B,68375,10,46:88:44:6e:4f:e4,2703,6,0,0,-27,S,5c:62:8b:66:67:d2"
1791490715.445,"B,68375,10,72:3b:01:24:b7:c8,336,12,1625,2,-17,S,5c:62:8b:66:67:d2"
1791490715.645,"B,68475,10,5c:62:8b:66:67:d2,1625,2,3403,8,-50,A,5c:62:8b:66:67:d2"
1791490715.645,"B,68475,10,46:88:44:6e:4f:e4,3403,8,0,0,-27,S,5c:62:8b:66:67:d2"
1791490715.645,"B,68475,10,72:3b:01:24:b7:c8,0,0,1625,2,0,S,5c:62:8b:66:67:d2"
1791490715.645,"B,68575,10,5c:62:8b:66:67:d2,0,0,3165,11,-48,A,5c:62:8b:66:67:d2"
1791490715.645,"B,68575,10,46:88:44:6e:4f:e4,3053,7,0,0,-27,S,5c:62:8b:66:67:d2"
1791490715.645,"B,68575,10,72:3b:01:24:b7:c8,112,4,0,0,-17,S,5c:62:8b:66:67:d2"
1791490715.645,"B,68575,10,80:af:ca:68:4c:f8,492,6,0,0,-81,A,80:af:ca:68:4c:f8"
1791490715.645,"B,68575,10,52:f3:8a:4b:ff:ac,0,0,492,6,0,S,80:af:ca:68:4c:f8"
1791490715.645,"B,68675,10,5c:62:8b:66:67:d2,0,0,2815,10,-49,A,5c:62:8b:66:67:d2"
1791490715.845,"B,68675,10,78:8c:b5:f5:e7:26,0,0,60,2,-74,A,78:8c:b5:f5:e7:26"
1791490715.845,"B,68675,10,46:88:44:6e:4f:e4,2703,6,0,0,-27,S,5c:62:8b:66:67:d2"
1791490715.845,"B,68675,10,72:3b:01:24:b7:c8,112,4,0,0,-17,S,5c:62:8b:66:67:d2"
1791490715.845,"B,68675,10,a6:4c:bd:b6:c7:99,60,2,0,0,-90,S,78:8c:b5:f5:e7:26"
1791490715.845,"B,68775,10,5c:62:8b:66:67:d2,2800,8,1134,6,-50,A,5c:62:8b:66:67:d2"
1791490715.845,"B,68775,10,46:88:44:6e:4f:e4,1050,3,0,0,-27,S,5c:62:8b:66:67:d2"
1791490715.845,"B,68775,10,72:3b:01:24:b7:c8,84,3,2800,8,-17,S,5c:62:8b:66:67:d2"
1791490715.845,"B,68875,10,5c:62:8b:66:67:d2,2325,4,2703,6,-51,A,5c:62:8b:66:67:d2"
1791490715.845,"B,68875,10,78:8c:b5:f5:e7:26,0,0,30,1,-68,A,78:8c:b5:f5:e7:26"
1791490716.046,"B,68875,10,46:88:44:6e:4f:e4,2675,5,0,0,-27,S,5c:62:8b:66:67:d2"
1791490716.046,"B,68875,10,72:3b:01:24:b7:c8,28,1,2325,4,-17,S,5c:62:8b:66:67:d2"
1791490716.046,"B,68875,10,a6:4c:bd:b6:c7:99,30,1,0,0,-89,S,78:8c:b5:f5:e7:26"
1791490716.046,"B,68975,10,5c:62:8b:66:67:d2,0,0,3571,14,-49,A,5c:62:8b:66:67:d2"
1791490716.046,"B,68975,10,46:88:44:6e:4f:e4,3403,8,0,0,-27,S,5c:62:8b:66:67:d2"
1791490716.046,"B,68975,10,72:3b:01:24:b7:c8,168,6,0,0,-17,S,5c:62:8b:66:67:d2"
1791490716.046,"B,69075,10,5c:62:8b:66:67:d2,0,0,4236,13,-48,A,5c:62:8b:66:67:d2"
1791490716.046,"B,69075,10,46:88:44:6e:4f:e4,4096,8,0,0,-27,S,5c:62:8b:66:67:d2"
1791490716.046,"B,69075,10,72:3b:01:24:b7:c8,140,5,0,0,-17,S,5c:62:8b:66:67:d2"
1791490716.246,"B,69175,10,5c:62:8b:66:67:d2,0,0,2787,9,-49,A,5c:62:8b:66:67:d2"
1791490716.246,"B,69175,10,46:88:44:6e:4f:e4,2703,6,0,0,-26,S,5c:62:8b:66:67:d2"
1791490716.246,"B,69175,10,72:3b:01:24:b7:c8,84,3,0,0,-17,S,5c:62:8b:66:67:d2"
1791490716.246,"B,69275,10,5c:62:8b:66:67:d2,1975,3,2703,6,-50,A,5c:62:8b:66:67:d2"
1791490716.246,"B,69275,10,46:88:44:6e:4f:e4,2703,6,0,0,-26,S,5c:62:8b:66:67:d2"
1791490716.246,"B,69275,10,72:3b:01:24:b7:c8,0,0,1975,3,0,S,5c:62:8b:66:67:d2"
1791490716.446,"B,69375,10,5c:62:8b:66:67:d2,0,0,2787,9,-51,A,5c:62:8b:66:67:d2"
1791490716.446,"B,69375,10,46:88:44:6e:4f:e4,2675,5,0,0,-27,S,5c:62:8b:66:67:d2"
1791490716.446,"B,69375,10,72:3b:01:24:b7:c8,112,4,0,0,-17,S,5c:62:8b:66:67:d2"
1791490716.446,"B,69475,10,5c:62:8b:66:67:d2,0,0,1246,10,-50,A,5c:62:8b:66:67:d2"
1791490716.446,"B,69475,10,b2:db:ca:e6:29:a6,56,2,0,0,-22,S,5c:62:8b:66:67:d2"
1791490716.446,"B,69475,10,46:88:44:6e:4f:e4,1078,4,0,0,-25,S,5c:62:8b:66:67:d2"
1791490716.446,"B,69475,10,72:3b:01:24:b7:c8,112,4,0,0,-17,S,5c:62:8b:66:67:d2"
1791490716.647,"B,69575,10,5c:62:8b:66:67:d2,0,0,3137,10,-48,A,5c:62:8b:66:67:d2"
1791490716.647,"B,69575,10,b2:db:ca:e6:29:a6,84,3,0,0,-22,S,5c:62:8b:66:67:d2"
1791490716.647,"B,69575,10,46:88:44:6e:4f:e4,3053,7,0,0,-27,S,5c:62:8b:66:67:d2"
1791490716.647,"B,69675,10,5c:62:8b:66:67:d2,0,0,2871,12,-48,A,5c:62:8b:66:67:d2"
1791490716.647,"B,69675,10,b2:db:ca:e6:29:a6,28,1,0,0,-22,S,5c:62:8b:66:67:d2"
1791490716.647,"B,69675,10,46:88:44:6e:4f:e4,2703,6,0,0,-27,S,5c:62:8b:66:67:d2"
1791490716.647,"B,69675,10,72:3b:01:24:b7:c8,140,5,0,0,-16,S,5c:62:8b:66:67:d2"
1791490716.847,"B,69775,10,5c:62:8b:66:67:d2,0,0,3277,15,-49,A,5c:62:8b:66:67:d2"
1791490716.847,"B,69775,10,b2:db:ca:e6:29:a6,28,1,0,0,-22,S,5c:62:8b:66:67:d2"
1791490716.847,"B,69775,10,78:8c:b5:f5:e7:26,0,0,30,1,-76,A,78:8c:b5:f5:e7:26"
1791490716.847,"B,69775,10,46:88:44:6e:4f:e4,3081,8,0,0,-27,S,5c:62:8b:66:67:d2"
1791490716.847,"B,69775,10,72:3b:01:24:b7:c8,168,6,0,0,-17,S,5c:62:8b:66:67:d2"
1791490716.847,"B,69775,10,a6:4c:bd:b6:c7:99,30,1,0,0,-91,S,78:8c:b5:f5:e7:26"
1791490716.847,"B,69875,10,5c:62:8b:66:67:d2,0,0,1162,7,-48,A,5c:62:8b:66:67:d2"
1791490716.847,"B,69875,10,b2:db:ca:e6:29:a6,56,2,0,0,-22,S,5c:62:8b:66:67:d2"
1791490716.847,"B,69875,10,46:88:44:6e:4f:e4,1078,4,0,0,-27,S,5c:62:8b:66:67:d2"
1791490716.847,"B,69875,10,72:3b:01:24:b7:c8,28,1,0,0,-17,S,5c:62:8b:66:67:d2"
1791490717.048,"B,69975,10,5c:62:8b:66:67:d2,0,0,2927,14,-50,A,5c:62:8b:66:67:d2"
1791490717.048,"B,69975,10,b2:db:ca:e6:29:a6,56,2,0,0,-22,S,5c:62:8b:66:67:d2"
1791490717.048,"B,69975,10,46:88:44:6e:4f:e4,2703,6,0,0,-27,S,5c:62:8b:66:67:d2"
1791490717.048,"B,69975,10,72:3b:01:24:b7:c8,168,6,0,0,-17,S,5c:62:8b:66:67:d2"
1791490717.048,"B,70075,10,5c:62:8b:66:67:d2,0,0,2815,10,-50,A,5c:62:8b:66:67:d2"
1791490717.048,"B,70075,10,b2:db:ca:e6:29:a6,56,2,0,0,-21,S,5c:62:8b:66:67:d2"
1791490717.048,"B,70075,10,46:88:44:6e:4f:e4,2675,5,0,0,-27,S,5c:62:8b:66:67:d2"
1791490717.048,"B,70075,10,72:3b:01:24:b7:c8,84,3,0,0,-17,S,5c:62:8b:66:67:d2"
1791490717.248,"I,70094,stat,rx=12352,drops=0,ch=10,bin=100,hop=0,heap=203064"
1791490717.248,"B,70175,10,5c:62:8b:66:67:d2,0,0,2759,8,0,A,5c:62:8b:66:67:d2"
1791490717.248,"B,70175,10,b2:db:ca:e6:29:a6,56,2,0,0,-22,S,5c:62:8b:66:67:d2"
1791490717.248,"B,70175,10,46:88:44:6e:4f:e4,2703,6,0,0,-27,S,5c:62:8b:66:67:d2"
1791490717.248,"B,70275,10,5c:62:8b:66:67:d2,0,0,3445,21,-49,A,5c:62:8b:66:67:d2"
1791490717.248,"B,70275,10,b2:db:ca:e6:29:a6,56,2,0,0,-22,S,5c:62:8b:66:67:d2"
1791490717.248,"B,70275,10,46:88:44:6e:4f:e4,3053,7,0,0,-27,S,5c:62:8b:66:67:d2"
1791490717.448,"B,70275,10,72:3b:01:24:b7:c8,336,12,0,0,-17,S,5c:62:8b:66:67:d2"
1791490717.448,"B,70375,10,5c:62:8b:66:67:d2,2675,5,3011,17,-50,A,5c:62:8b:66:67:d2"
1791490717.448,"B,70375,10,b2:db:ca:e6:29:a6,56,2,0,0,-22,S,5c:62:8b:66:67:d2"
1791490717.448,"B,70375,10,46:88:44:6e:4f:e4,2703,6,0,0,-27,S,5c:62:8b:66:67:d2"
1791490717.448,"B,70375,10,72:3b:01:24:b7:c8,252,9,2675,5,-16,S,5c:62:8b:66:67:d2"
1791490717.448,"B,70475,10,5c:62:8b:66:67:d2,0,0,2731,7,-50,A,5c:62:8b:66:67:d2"
1791490717.448,"B,70475,10,b2:db:ca:e6:29:a6,28,1,0,0,-23,S,5c:62:8b:66:67:d2"
1791490717.448,"B,70475,10,78:8c:b5:f5:e7:26,0,0,30,1,-73,A,78:8c:b5:f5:e7:26"
1791490717.448,"B,70475,10,46:88:44:6e:4f:e4,2703,6,0,0,-26,S,5c:62:8b:66:67:d2"
1791490717.448,"B,70475,10,a6:4c:bd:b6:c7:99,30,1,0,0,-91,S,78:8c:b5:f5:e7:26"
1791490717.649,"B,70575,10,5c:62:8b:66:67:d2,0,0,1792,18,-49,A,5c:62:8b:66:67:d2"
1791490717.649,"B,70575,10,b2:db:ca:e6:29:a6,84,3,0,0,-22,S,5c:62:8b:66:67:d2"
1791490717.649,"B,70575,10,46:88:44:6e:4f:e4,1428,5,0,0,-26,S,5c:62:8b:66:67:d2"
1791490717.649,"B,70575,10,72:3b:01:24:b7:c8,280,10,0,0,-17,S,5c:62:8b:66:67:d2"
1791490717.649,"B,70675,10,5c:62:8b:66:67:d2,0,0,3431,9,-50,A,5c:62:8b:66:67:d2"
1791490717.649,"B,70675,10,b2:db:ca:e6:29:a6,28,1,0,0,-22,S,5c:62:8b:66:67:d2"
1791490717.649,"B,70675,10,46:88:44:6e:4f:e4,3375,7,0,0,-27,S,5c:62:8b:66:67:d2"
1791490717.649,"B,70675,10,72:3b:01:24:b7:c8,28,1,0,0,-17,S,5c:62:8b:66:67:d2"
1791490717.849,"B,70775,10,5c:62:8b:66:67:d2,350,1,6016,14,-49,A,5c:62:8b:66:67:d2"
1791490717.849,"B,70775,10,b2:db:ca:e6:29:a6,56,2,0,0,-22,S,5c:62:8b:66:67:d2"
1791490717.849,"B,70775,10,46:88:44:6e:4f:e4,5960,12,0,0,-26,S,5c:62:8b:66:67:d2"
1791490717.849,"B,70775,10,72:3b:01:24:b7:c8,0,0,350,1,0,S,5c:62:8b:66:67:d2"
1791490717.849,"B,70875,10,5c:62:8b:66:67:d2,0,0,3039,18,-50,A,5c:62:8b:66:67:d2"
1791490717.849,"B,70875,10,b2:db:ca:e6:29:a6,28,1,0,0,-22,S,5c:62:8b:66:67:d2"
1791490717.849,"B,70875,10,46:88:44:6e:4f:e4,2703,6,0,0,-27,S,5c:62:8b:66:67:d2"
1791490717.849,"B,70875,10,72:3b:01:24:b7:c8,308,11,0,0,-17,S,5c:62:8b:66:67:d2"
1791490717.849,"B,70875,10,80:af:ca:68:4c:f8,80,1,0,0,-80,A,80:af:ca:68:4c:f8"
1791490718.050,"B,70975,10,5c:62:8b:66:67:d2,0,0,4817,9,-50,A,5c:62:8b:66:67:d2"
1791490718.050,"B,70975,10,46:88:44:6e:4f:e4,4789,8,0,0,-27,S,5c:62:8b:66:67:d2"
1791490718.050,"B,70975,10,72:3b:01:24:b7:c8,28,1,0,0,-17,S,5c:62:8b:66:67:d2"
1791490718.050,"B,71075,10,5c:62:8b:66:67:d2,0,0,2787,9,-49,A,5c:62:8b:66:67:d2"
1791490718.050,"B,71075,10,46:88:44:6e:4f:e4,2703,6,0,0,-27,S,5c:62:8b:66:67:d2"
1791490718.050,"B,71075,10,72:3b:01:24:b7:c8,84,3,0,0,-17,S,5c:62:8b:66:67:d2"
1791490718.252,"B,71175,10,5c:62:8b:66:67:d2,0,0,1540,9,-51,A,5c:62:8b:66:67:d2"
1791490718.252,"B,71175,10,78:8c:b5:f5:e7:26,160,2,56,2,-75,A,78:8c:b5:f5:e7:26"
1791490718.252,"B,71175,10,46:88:44:6e:4f:e4,1400,4,0,0,-27,S,5c:62:8b:66:67:d2"
1791490718.252,"B,71175,10,72:3b:01:24:b7:c8,140,5,0,0,-17,S,5c:62:8b:66:67:d2"
1791490718.252,"B,71175,10,00:08:22:24:d6:fb,56,2,0,0,-77,S,78:8c:b5:f5:e7:26"
1791490718.252,"B,71275,10,5c:62:8b:66:67:d2,350,1,2703,6,-51,A,5c:62:8b:66:67:d2"
1791490718.252,"B,71275,10,46:88:44:6e:4f:e4,2703,6,0,0,-27,S,5c:62:8b:66:67:d2"
1791490718.252,"B,71275,10,72:3b:01:24:b7:c8,0,0,350,1,0,S,5c:62:8b:66:67:d2"
1791490718.453,"B,71375,10,5c:62:8b:66:67:d2,2325,4,3487,11,-50,A,5c:62:8b:66:67:d2"
1791490718.453,"B,71375,10,46:88:44:6e:4f:e4,3403,8,0,0,-27,S,5c:62:8b:66:67:d2"
1791490718.453,"B,71375,10,72:3b:01:24:b7:c8,84,3,2325,4,-17,S,5c:62:8b:66:67:d2"
1791490718.453,"B,71475,10,5c:62:8b:66:67:d2,0,0,3719,11,-51,A,5c:62:8b:66:67:d2"
1791490718.453,"B,71475,10,46:88:44:6e:4f:e4,3635,8,0,0,-27,S,5c:62:8b:66:67:d2"
1791490718.453,"B,71475,10,72:3b:01:24:b7:c8,84,3,0,0,-16,S,5c:62:8b:66:67:d2"
1791490718.654,"M,71559,slot,10,1"
1791490718.654,"B,71575,10,5c:62:8b:66:67:d2,0,0,2997,12,-50,A,5c:62:8b:66:67:d2"
1791490718.654,"B,71575,10,b2:db:ca:e6:29:a6,266,5,0,0,-20,S,5c:62:8b:66:67:d2"
1791490718.654,"B,71575,10,46:88:44:6e:4f:e4,2703,6,0,0,-27,S,5c:62:8b:66:67:d2"
1791490718.654,"B,71575,10,72:3b:01:24:b7:c8,28,1,0,0,-17,S,5c:62:8b:66:67:d2"
1791490718.654,"B,71675,10,5c:62:8b:66:67:d2,0,0,2815,10,-50,A,5c:62:8b:66:67:d2"
1791490718.654,"B,71675,10,b2:db:ca:e6:29:a6,28,1,0,0,-22,S,5c:62:8b:66:67:d2"
1791490718.654,"B,71675,10,78:8c:b5:f5:e7:26,0,0,30,1,-74,A,78:8c:b5:f5:e7:26"
1791490718.654,"B,71675,10,46:88:44:6e:4f:e4,2703,6,0,0,-27,S,5c:62:8b:66:67:d2"
1791490718.654,"B,71675,10,72:3b:01:24:b7:c8,84,3,0,0,-17,S,5c:62:8b:66:67:d2"
1791490718.654,"B,71675,10,a6:4c:bd:b6:c7:99,30,1,0,0,-90,S,78:8c:b5:f5:e7:26"
1791490718.855,"B,71775,10,5c:62:8b:66:67:d2,0,0,1246,10,-50,A,5c:62:8b:66:67:d2"
1791490718.855,"B,71775,10,b2:db:ca:e6:29:a6,56,2,0,0,-22,S,5c:62:8b:66:67:d2"
1791490718.855,"B,71775,10,46:88:44:6e:4f:e4,1078,4,0,0,-25,S,5c:62:8b:66:67:d2"
1791490718.855,"B,71775,10,72:3b:01:24:b7:c8,112,4,0,0,-17,S,5c:62:8b:66:67:d2"
1791490718.855,"B,71875,10,5c:62:8b:66:67:d2,3291,11,3903,12,-51,A,5c:62:8b:66:67:d2"
1791490718.855,"B,71875,10,b2:db:ca:e6:29:a6,84,3,0,0,-19,S,5c:62:8b:66:67:d2"
1791490718.855,"B,71875,10,46:88:44:6e:4f:e4,3819,9,966,7,-27,S,5c:62:8b:66:67:d2"
1791490718.855,"B,71875,10,72:3b:01:24:b7:c8,0,0,2325,4,0,S,5c:62:8b:66:67:d2"
1791490719.057,"B,71975,10,5c:62:8b:66:67:d2,0,0,3543,13,-48,A,5c:62:8b:66:67:d2"
1791490719.057,"B,71975,10,46:88:44:6e:4f:e4,3403,8,0,0,-26,S,5c:62:8b:66:67:d2"
1791490719.057,"B,71975,10,72:3b:01:24:b7:c8,140,5,0,0,-17,S,5c:62:8b:66:67:d2"
1791490719.057,"B,72075,10,5c:62:8b:66:67:d2,0,0,3858,11,-49,A,5c:62:8b:66:67:d2"
1791490719.057,"B,72075,10,b2:db:ca:e6:29:a6,28,1,0,0,-21,S,5c:62:8b:66:67:d2"
1791490719.057,"B,72075,10,46:88:44:6e:4f:e4,3746,7,0,0,-26,S,5c:62:8b:66:67:d2"
1791490719.057,"B,72075,10,72:3b:01:24:b7:c8,84,3,0,0,-17,S,5c:62:8b:66:67:d2"
1791490719.258,"B,72175,10,5c:62:8b:66:67:d2,0,0,3137,10,-49,A,5c:62:8b:66:67:d2"
1791490719.258,"B,72175,10,b2:db:ca:e6:29:a6,84,3,0,0,-20,S,5c:62:8b:66:67:d2"
1791490719.258,"B,72175,10,78:8c:b5:f5:e7:26,0,0,30,1,-75,A,78:8c:b5:f5:e7:26"
1791490719.258,"B,72175,10,46:88:44:6e:4f:e4,3053,7,0,0,-27,S,5c:62:8b:66:67:d2"
1791490719.258,"B,72175,10,a6:4c:bd:b6:c7:99,30,1,0,0,-92,S,78:8c:b5:f5:e7:26"
1791490719.258,"B,72175,10,80:af:ca:68:4c:f8,208,2,0,0,-81,A,80:af:ca:68:4c:f8"
1791490719.258,"B,72275,10,5c:62:8b:66:67:d2,2325,4,2731,7,-50,A,5c:62:8b:66:67:d2"
1791490719.258,"B,72275,10,b2:db:ca:e6:29:a6,28,1,0,0,-21,S,5c:62:8b:66:67:d2"
1791490719.258,"B,72275,10,46:88:44:6e:4f:e4,2703,6,0,0,-27,S,5c:62:8b:66:67:d2"
1791490719.258,"B,72275,10,72:3b:01:24:b7:c8,0,0,2325,4,0,S,5c:62:8b:66:67:d2"
1791490719.258,"B,72275,10,80:af:ca:68:4c:f8,82,1,0,0,-82,A,80:af:ca:68:4c:f8"
1791490719.258,"B,72275,10,52:4b:9a:a2:db:8e,0,0,82,1,0,S,80:af:ca:68:4c:f8"
1791490719.461,"B,72375,10,5c:62:8b:66:67:d2,350,1,2310,25,-50,A,5c:62:8b:66:67:d2"
1791490719.461,"B,72375,10,b2:db:ca:e6:29:a6,56,2,0,0,-21,S,5c:62:8b:66:67:d2"
1791490719.461,"B,72375,10,46:88:44:6e:4f:e4,1778,6,0,0,-27,S,5c:62:8b:66:67:d2"
1791490719.461,"B,72375,10,72:3b:01:24:b7:c8,476,17,350,1,-16,S,5c:62:8b:66:67:d2"
1791490719.461,"B,72475,10,5c:62:8b:66:67:d2,0,0,2927,14,-49,A,5c:62:8b:66:67:d2"
1791490719.461,"B,72475,10,b2:db:ca:e6:29:a6,56,2,0,0,-21,S,5c:62:8b:66:67:d2"
1791490719.461,"B,72475,10,46:88:44:6e:4f:e4,2675,5,0,0,-27,S,5c:62:8b:66:67:d2"
1791490719.461,"B,72475,10,72:3b:01:24:b7:c8,196,7,0,0,-16,S,5c:62:8b:66:67:d2"
1791490719.662,"B,72575,10,5c:62:8b:66:67:d2,0,0,5860,10,-49,A,5c:62:8b:66:67:d2"
1791490719.662,"B,72575,10,b2:db:ca:e6:29:a6,28,1,0,0,-22,S,5c:62:8b:66:67:d2"
1791490719.662,"B,72575,10,46:88:44:6e:4f:e4,5832,9,0,0,-27,S,5c:62:8b:66:67:d2"
1791490719.662,"B,72675,10,5c:62:8b:66:67:d2,0,0,4901,12,-49,A,5c:62:8b:66:67:d2"
1791490719.662,"B,72675,10,b2:db:ca:e6:29:a6,28,1,0,0,-21,S,5c:62:8b:66:67:d2"
1791490719.662,"B,72675,10,46:88:44:6e:4f:e4,4789,8,0,0,-27,S,5c:62:8b:66:67:d2"
1791490719.662,"B,72675,10,72:3b:01:24:b7:c8,84,3,0,0,-17,S,5c:62:8b:66:67:d2"
1791490719.866,"B,72775,10,5c:62:8b:66:67:d2,0,0,2815,10,-48,A,5c:62:8b:66:67:d2"
1791490719.866,"B,72775,10,b2:db:ca:e6:29:a6,84,3,0,0,-21,S,5c:62:8b:66:67:d2"
1791490719.866,"B,72775,10,46:88:44:6e:4f:e4,2703,6,0,0,-27,S,5c:62:8b:66:67:d2"
1791490719.866,"B,72775,10,72:3b:01:24:b7:c8,28,1,0,0,-17,S,5c:62:8b:66:67:d2"
1791490719.866,"B,72875,10,5c:62:8b:66:67:d2,0,0,3809,11,-48,A,5c:62:8b:66:67:d2"
1791490719.866,"B,72875,10,b2:db:ca:e6:29:a6,56,2,0,0,-22,S,5c:62:8b:66:67:d2"
1791490719.866,"B,72875,10,46:88:44:6e:4f:e4,3753,9,0,0,-27,S,5c:62:8b:66:67:d2"
1791490720.071,"B,72975,10,5c:62:8b:66:67:d2,0,0,1568,10,-50,A,5c:62:8b:66:67:d2"
1791490720.071,"B,72975,10,46:88:44:6e:4f:e4,1428,5,0,0,-27,S,5c:62:8b:66:67:d2"
1791490720.071,"B,72975,10,72:3b:01:24:b7:c8,140,5,0,0,-16,S,5c:62:8b:66:67:d2"
1791490720.071,"B,73075,10,5c:62:8b:66:67:d2,0,0,3193,12,-48,A,5c:62:8b:66:67:d2"
1791490720.071,"B,73075,10,b2:db:ca:e6:29:a6,28,1,0,0,-22,S,5c:62:8b:66:67:d2"
1791490720.071,"B,73075,10,46:88:44:6e:4f:e4,3025,6,0,0,-27,S,5c:62:8b:66:67:d2"
1791490720.071,"B,73075,10,72:3b:01:24:b7:c8,140,5,0,0,-17,S,5c:62:8b:66:67:d2"
1791490720.274,"B,73175,10,5c:62:8b:66:67:d2,0,0,2731,7,-50,A,5c:62:8b:66:67:d2"
1791490720.274,"B,73175,10,46:88:44:6e:4f:e4,2703,6,0,0,-26,S,5c:62:8b:66:67:d2"
1791490720.274,"B,73175,10,72:3b:01:24:b7:c8,28,1,0,0,-17,S,5c:62:8b:66:67:d2"
1791490720.274,"B,73275,10,5c:62:8b:66:67:d2,0,0,3165,11,-48,A,5c:62:8b:66:67:d2"
1791490720.274,"B,73275,10,78:8c:b5:f5:e7:26,0,0,30,1,-75,A,78:8c:b5:f5:e7:26"
1791490720.274,"B,73275,10,46:88:44:6e:4f:e4,3053,7,0,0,-26,S,5c:62:8b:66:67:d2"
1791490720.274,"B,73275,10,72:3b:01:24:b7:c8,112,4,0,0,-16,S,5c:62:8b:66:67:d2"
1791490720.274,"B,73275,10,a6:4c:bd:b6:c7:99,30,1,0,0,-91,S,78:8c:b5:f5:e7:26"
1791490720.480,"B,73375,10,5c:62:8b:66:67:d2,1400,4,2703,6,-50,A,5c:62:8b:66:67:d2"
1791490720.480,"B,73375,10,46:88:44:6e:4f:e4,2703,6,0,0,-26,S,5c:62:8b:66:67:d2"
1791490720.480,"B,73375,10,72:3b:01:24:b7:c8,0,0,1400,4,0,S,5c:62:8b:66:67:d2"
1791490720.480,"B,73475,10,5c:62:8b:66:67:d2,0,0,3867,8,-49,A,5c:62:8b:66:67:d2"
1791490720.480,"B,73475,10,46:88:44:6e:4f:e4,3867,8,0,0,-26,S,5c:62:8b:66:67:d2"
1791490720.684,"B,73575,10,5c:62:8b:66:67:d2,0,0,952,11,-48,A,5c:62:8b:66:67:d2"
1791490720.684,"B,73575,10,46:88:44:6e:4f:e4,700,2,0,0,-27,S,5c:62:8b:66:67:d2"
1791490720.684,"B,73575,10,72:3b:01:24:b7:c8,252,9,0,0,-16,S,5c:62:8b:66:67:d2"
1791490720.684,"B,73675,10,5c:62:8b:66:67:d2,0,0,2787,9,-51,A,5c:62:8b:66:67:d2"
1791490720.684,"B,73675,10,46:88:44:6e:4f:e4,2703,6,0,0,-27,S,5c:62:8b:66:67:d2"
1791490720.684,"B,73675,10,72:3b:01:24:b7:c8,84,3,0,0,-16,S,5c:62:8b:66:67:d2"
1791490720.889,"B,73775,10,5c:62:8b:66:67:d2,1975,3,3431,9,-51,A,5c:62:8b:66:67:d2"
1791490720.889,"B,73775,10,46:88:44:6e:4f:e4,3403,8,0,0,-27,S,5c:62:8b:66:67:d2"
1791490720.889,"B,73775,10,72:3b:01:24:b7:c8,28,1,1975,3,-16,S,5c:62:8b:66:67:d2"
1791490720.889,"B,73875,10,5c:62:8b:66:67:d2,350,1,3389,19,-50,A,5c:62:8b:66:67:d2"
1791490720.889,"B,73875,10,46:88:44:6e:4f:e4,3053,7,0,0,-27,S,5c:62:8b:66:67:d2"
1791490720.889,"B,73875,10,72:3b:01:24:b7:c8,336,12,350,1,-16,S,5c:62:8b:66:67:d2"
1791490721.092,"B,73975,10,5c:62:8b:66:67:d2,0,0,2703,6,-49,A,5c:62:8b:66:67:d2"
1791490721.092,"B,73975,10,46:88:44:6e:4f:e4,2703,6,0,0,-27,S,5c:62:8b:66:67:d2"
1791490721.092,"B,73975,10,80:af:ca:68:4c:f8,82,1,0,0,-81,A,80:af:ca:68:4c:f8"
1791490721.092,"B,73975,10,52:4b:9a:a2:db:8e,0,0,82,1,0,S,80:af:ca:68:4c:f8"
1791490721.092,"B,74075,10,5c:62:8b:66:67:d2,0,0,5981,11,-49,A,5c:62:8b:66:67:d2"
1791490721.092,"B,74075,10,b2:db:ca:e6:29:a6,28,1,0,0,-23,S,5c:62:8b:66:67:d2"
1791490721.092,"B,74075,10,46:88:44:6e:4f:e4,5953,10,0,0,-27,S,5c:62:8b:66:67:d2"
1791490721.092,"B,74075,10,80:af:ca:68:4c:f8,84,1,0,0,-82,A,80:af:ca:68:4c:f8"
1791490721.295,"B,74175,10,5c:62:8b:66:67:d2,1400,4,1596,11,-49,A,5c:62:8b:66:67:d2"
1791490721.295,"B,74175,10,b2:db:ca:e6:29:a6,28,1,0,0,-22,S,5c:62:8b:66:67:d2"
1791490721.295,"B,74175,10,46:88:44:6e:4f:e4,1400,4,0,0,-27,S,5c:62:8b:66:67:d2"
1791490721.295,"B,74175,10,72:3b:01:24:b7:c8,168,6,1400,4,-17,S,5c:62:8b:66:67:d2"
1791490721.295,"B,74275,10,5c:62:8b:66:67:d2,350,1,3802,9,-50,A,5c:62:8b:66:67:d2"
1791490721.295,"B,74275,10,b2:db:ca:e6:29:a6,56,2,0,0,-21,S,5c:62:8b:66:67:d2"
1791490721.295,"B,74275,10,46:88:44:6e:4f:e4,3746,7,0,0,-27,S,5c:62:8b:66:67:d2"
1791490721.295,"B,74275,10,72:3b:01:24:b7:c8,0,0,350,1,0,S,5c:62:8b:66:67:d2"
1791490721.501,"B,74375,10,5c:62:8b:66:67:d2,2325,4,2759,8,-50,A,5c:62:8b:66:67:d2"
1791490721.501,"B,74375,10,b2:db:ca:e6:29:a6,56,2,0,0,-20,S,5c:62:8b:66:67:d2"
1791490721.501,"B,74375,10,46:88:44:6e:4f:e4,2703,6,0,0,-27,S,5c:62:8b:66:67:d2"
1791490721.501,"B,74375,10,72:3b:01:24:b7:c8,0,0,2325,4,0,S,5c:62:8b:66:67:d2"
1791490721.501,"B,74475,10,5c:62:8b:66:67:d2,0,0,2983,16,0,A,5c:62:8b:66:67:d2"
1791490721.501,"B,74475,10,b2:db:ca:e6:29:a6,56,2,0,0,-22,S,5c:62:8b:66:67:d2"
1791490721.501,"B,74475,10,46:88:44:6e:4f:e4,2703,6,0,0,-26,S,5c:62:8b:66:67:d2"
1791490721.501,"B,74475,10,72:3b:01:24:b7:c8,224,8,0,0,-17,S,5c:62:8b:66:67:d2"
1791490721.706,"B,74575,10,5c:62:8b:66:67:d2,0,0,3109,9,-47,A,5c:62:8b:66:67:d2"
1791490721.706,"B,74575,10,b2:db:ca:e6:29:a6,28,1,0,0,-22,S,5c:62:8b:66:67:d2"
1791490721.706,"B,74575,10,46:88:44:6e:4f:e4,3053,7,0,0,-26,S,5c:62:8b:66:67:d2"
1791490721.706,"B,74575,10,72:3b:01:24:b7:c8,28,1,0,0,-17,S,5c:62:8b:66:67:d2"
1791490721.706,"B,74675,10,5c:62:8b:66:67:d2,0,0,2815,10,-48,A,5c:62:8b:66:67:d2"
1791490721.706,"B,74675,10,b2:db:ca:e6:29:a6,28,1,0,0,-22,S,5c:62:8b:66:67:d2"
1791490721.706,"B,74675,10,46:88:44:6e:4f:e4,2703,6,0,0,-26,S,5c:62:8b:66:67:d2"
1791490721.706,"B,74675,10,72:3b:01:24:b7:c8,84,3,0,0,-17,S,5c:62:8b:66:67:d2"
1791490721.908,"B,74775,10,5c:62:8b:66:67:d2,0,0,1890,10,-48,A,5c:62:8b:66:67:d2"
1791490721.908,"B,74775,10,b2:db:ca:e6:29:a6,84,3,0,0,-21,S,5c:62:8b:66:67:d2"
1791490721.908,"B,74775,10,46:88:44:6e:4f:e4,1750,5,0,0,-27,S,5c:62:8b:66:67:d2"
1791490721.908,"B,74775,10,72:3b:01:24:b7:c8,56,2,0,0,-17,S,5c:62:8b:66:67:d2"
1791490721.908,"B,74875,10,5c:62:8b:66:67:d2,0,0,2759,8,-48,A,5c:62:8b:66:67:d2"
1791490721.908,"B,74875,10,b2:db:ca:e6:29:a6,28,1,0,0,-22,S,5c:62:8b:66:67:d2"
1791490721.908,"B,74875,10,46:88:44:6e:4f:e4,2703,6,0,0,-27,S,5c:62:8b:66:67:d2"
1791490721.908,"B,74875,10,72:3b:01:24:b7:c8,28,1,0,0,-17,S,5c:62:8b:66:67:d2"
1791490722.111,"B,74975,10,5c:62:8b:66:67:d2,0,0,2465,9,-48,A,5c:62:8b:66:67:d2"
1791490722.111,"B,74975,10,b2:db:ca:e6:29:a6,28,1,0,0,-23,S,5c:62:8b:66:67:d2"
1791490722.111,"B,74975,10,78:8c:b5:f5:e7:26,0,0,30,1,-74,A,78:8c:b5:f5:e7:26"
1791490722.111,"B,74975,10,46:88:44:6e:4f:e4,2353,5,0,0,-27,S,5c:62:8b:66:67:d2"
1791490722.111,"B,74975,10,72:3b:01:24:b7:c8,84,3,0,0,-17,S,5c:62:8b:66:67:d2"
1791490722.111,"B,74975,10,a6:4c:bd:b6:c7:99,30,1,0,0,-91,S,78:8c:b5:f5:e7:26"
1791490722.111,"B,75075,10,5c:62:8b:66:67:d2,0,0,2871,12,-48,A,5c:62:8b:66:67:d2"
1791490722.111,"B,75075,10,b2:db:ca:e6:29:a6,56,2,0,0,-22,S,5c:62:8b:66:67:d2"
1791490722.111,"B,75075,10,46:88:44:6e:4f:e4,2703,6,0,0,-27,S,5c:62:8b:66:67:d2"
1791490722.111,"B,75075,10,72:3b:01:24:b7:c8,112,4,0,0,-16,S,5c:62:8b:66:67:d2"
1791490722.111,"I,75098,stat,rx=13140,drops=0,ch=10,bin=100,hop=0,heap=203064"
1791490722.316,"B,75175,10,5c:62:8b:66:67:d2,0,0,2759,8,-49,A,5c:62:8b:66:67:d2"
1791490722.316,"B,75175,10,b2:db:ca:e6:29:a6,84,3,0,0,-21,S,5c:62:8b:66:67:d2"
1791490722.316,"B,75175,10,78:8c:b5:f5:e7:26,0,0,30,1,-74,A,78:8c:b5:f5:e7:26"
1791490722.316,"B,75175,10,46:88:44:6e:4f:e4,2675,5,0,0,-27,S,5c:62:8b:66:67:d2"
1791490722.316,"B,75175,10,a6:4c:bd:b6:c7:99,30,1,0,0,-90,S,78:8c:b5:f5:e7:26"
1791490722.316,"B,75275,10,5c:62:8b:66:67:d2,2325,4,3921,15,-50,A,5c:62:8b:66:67:d2"
1791490722.316,"B,75275,10,b2:db:ca:e6:29:a6,56,2,0,0,-22,S,5c:62:8b:66:67:d2"
1791490722.316,"B,75275,10,46:88:44:6e:4f:e4,3753,9,0,0,-27,S,5c:62:8b:66:67:d2"
1791490722.316,"B,75275,10,72:3b:01:24:b7:c8,112,4,2325,4,-17,S,5c:62:8b:66:67:d2"
1791490722.519,"B,75375,10,5c:62:8b:66:67:d2,350,1,1190,8,-49,A,5c:62:8b:66:67:d2"
1791490722.519,"B,75375,10,46:88:44:6e:4f:e4,1078,4,0,0,-27,S,5c:62:8b:66:67:d2"
1791490722.519,"B,75375,10,72:3b:01:24:b7:c8,112,4,350,1,-16,S,5c:62:8b:66:67:d2"
1791490722.519,"B,75475,10,5c:62:8b:66:67:d2,0,0,2759,8,-49,A,5c:62:8b:66:67:d2"
1791490722.519,"B,75475,10,b2:db:ca:e6:29:a6,28,1,0,0,-20,S,5c:62:8b:66:67:d2"
1791490722.519,"B,75475,10,46:88:44:6e:4f:e4,2703,6,0,0,-27,S,5c:62:8b:66:67:d2"
1791490722.519,"B,75475,10,72:3b:01:24:b7:c8,28,1,0,0,-17,S,5c:62:8b:66:67:d2"
1791490722.721,"B,75575,10,5c:62:8b:66:67:d2,0,0,2787,9,-48,A,5c:62:8b:66:67:d2"
1791490722.721,"B,75575,10,46:88:44:6e:4f:e4,2703,6,0,0,-27,S,5c:62:8b:66:67:d2"
1791490722.721,"B,75575,10,72:3b:01:24:b7:c8,84,3,0,0,-17,S,5c:62:8b:66:67:d2"
1791490722.721,"B,75675,10,5c:62:8b:66:67:d2,0,0,5573,13,-50,A,5c:62:8b:66:67:d2"
1791490722.721,"B,75675,10,46:88:44:6e:4f:e4,5461,9,0,0,-27,S,5c:62:8b:66:67:d2"
1791490722.721,"B,75675,10,72:3b:01:24:b7:c8,112,4,0,0,-17,S,5c:62:8b:66:67:d2"
1791490722.926,"B,75775,10,5c:62:8b:66:67:d2,1975,3,3747,12,-50,A,5c:62:8b:66:67:d2"
1791490722.926,"B,75775,10,46:88:44:6e:4f:e4,3635,8,0,0,-27,S,5c:62:8b:66:67:d2"
1791490722.926,"B,75775,10,72:3b:01:24:b7:c8,112,4,1975,3,-17,S,5c:62:8b:66:67:d2"
1791490722.926,"B,75875,10,5c:62:8b:66:67:d2,0,0,2703,6,-49,A,5c:62:8b:66:67:d2"
1791490722.926,"B,75875,10,46:88:44:6e:4f:e4,2703,6,0,0,-26,S,5c:62:8b:66:67:d2"
1791490723.132,"B,75975,10,5c:62:8b:66:67:d2,0,0,2759,8,-49,A,5c:62:8b:66:67:d2"
1791490723.132,"B,75975,10,78:8c:b5:f5:e7:26,0,0,30,1,-72,A,78:8c:b5:f5:e7:26"
1791490723.132,"B,75975,10,46:88:44:6e:4f:e4,2703,6,0,0,-26,S,5c:62:8b:66:67:d2"
1791490723.132,"B,75975,10,72:3b:01:24:b7:c8,56,2,0,0,-17,S,5c:62:8b:66:67:d2"
1791490723.132,"B,75975,10,a6:4c:bd:b6:c7:99,30,1,0,0,-88,S,78:8c:b5:f5:e7:26"
1791490723.132,"B,76075,10,5c:62:8b:66:67:d2,0,0,1106,5,-49,A,5c:62:8b:66:67:d2"
1791490723.132,"B,76075,10,46:88:44:6e:4f:e4,1050,3,0,0,-27,S,5c:62:8b:66:67:d2"
1791490723.132,"B,76075,10,72:3b:01:24:b7:c8,56,2,0,0,-17,S,5c:62:8b:66:67:d2"
1791490723.333,"B,76175,10,5c:62:8b:66:67:d2,0,0,4446,9,-49,A,5c:62:8b:66:67:d2"
1791490723.333,"B,76175,10,46:88:44:6e:4f:e4,4446,9,0,0,-26,S,5c:62:8b:66:67:d2"
1791490723.333,"B,76275,10,5c:62:8b:66:67:d2,0,0,2843,11,-49,A,5c:62:8b:66:67:d2"
1791490723.333,"B,76275,10,46:88:44:6e:4f:e4,2703,6,0,0,-27,S,5c:62:8b:66:67:d2"
1791490723.333,"B,76275,10,72:3b:01:24:b7:c8,140,5,0,0,-16,S,5c:62:8b:66:67:d2"
1791490723.538,"B,76375,10,5c:62:8b:66:67:d2,0,0,3067,19,-49,A,5c:62:8b:66:67:d2"
1791490723.538,"B,76375,10,78:8c:b5:f5:e7:26,302,2,0,0,-75,A,78:8c:b5:f5:e7:26"
1791490723.538,"B,76375,10,46:88:44:6e:4f:e4,2703,6,0,0,-27,S,5c:62:8b:66:67:d2"
1791490723.538,"B,76375,10,72:3b:01:24:b7:c8,364,13,0,0,-16,S,5c:62:8b:66:67:d2"
1791490723.538,"B,76475,10,5c:62:8b:66:67:d2,0,0,1106,5,-49,A,5c:62:8b:66:67:d2"
1791490723.538,"B,76475,10,b2:db:ca:e6:29:a6,28,1,0,0,-21,S,5c:62:8b:66:67:d2"
1791490723.538,"B,76475,10,46:88:44:6e:4f:e4,1078,4,0,0,-27,S,5c:62:8b:66:67:d2"
1791490723.743,"B,76575,10,5c:62:8b:66:67:d2,0,0,3193,12,-49,A,5c:62:8b:66:67:d2"
1791490723.743,"B,76575,10,b2:db:ca:e6:29:a6,56,2,0,0,-22,S,5c:62:8b:66:67:d2"
1791490723.743,"B,76575,10,46:88:44:6e:4f:e4,3025,6,0,0,-27,S,5c:62:8b:66:67:d2"
1791490723.743,"B,76575,10,72:3b:01:24:b7:c8,112,4,0,0,-16,S,5c:62:8b:66:67:d2"
1791490723.743,"M,76632,slot,11,0"
1791490723.743,"B,76675,10,5c:62:8b:66:67:d2,0,0,3137,10,-49,A,5c:62:8b:66:67:d2"
1791490723.743,"B,76675,10,b2:db:ca:e6:29:a6,56,2,0,0,-21,S,5c:62:8b:66:67:d2"
1791490723.743,"B,76675,10,46:88:44:6e:4f:e4,3053,7,0,0,-27,S,5c:62:8b:66:67:d2"
1791490723.743,"B,76675,10,72:3b:01:24:b7:c8,28,1,0,0,-17,S,5c:62:8b:66:67:d2"
1791490723.943,"B,76775,10,5c:62:8b:66:67:d2,350,1,3109,9,-50,A,5c:62:8b:66:67:d2"
1791490723.943,"B,76775,10,b2:db:ca:e6:29:a6,56,2,0,0,-22,S,5c:62:8b:66:67:d2"
1791490723.943,"B,76775,10,46:88:44:6e:4f:e4,3053,7,0,0,-27,S,5c:62:8b:66:67:d2"
1791490723.943,"B,76775,10,72:3b:01:24:b7:c8,0,0,350,1,0,S,5c:62:8b:66:67:d2"
1791490723.943,"B,76875,10,5c:62:8b:66:67:d2,350,1,2965,13,-49,A,5c:62:8b:66:67:d2"
1791490723.943,"B,76875,10,b2:db:ca:e6:29:a6,28,1,0,0,-21,S,5c:62:8b:66:67:d2"
1791490723.943,"B,76875,10,78:8c:b5:f5:e7:26,0,0,30,1,-74,A,78:8c:b5:f5:e7:26"
1791490723.943,"B,76875,10,46:88:44:6e:4f:e4,2797,7,0,0,-27,S,5c:62:8b:66:67:d2"
1791490723.943,"B,76875,10,72:3b:01:24:b7:c8,140,5,350,1,-17,S,5c:62:8b:66:67:d2"
1791490723.943,"B,76875,10,a6:4c:bd:b6:c7:99,30,1,0,0,-92,S,78:8c:b5:f5:e7:26"
1791490723.943,"B,76975,10,5c:62:8b:66:67:d2,0,0,6387,14,-48,A,5c:62:8b:66:67:d2"
1791490723.943,"B,76975,10,b2:db:ca:e6:29:a6,84,3,0,0,-21,S,5c:62:8b:66:67:d2"
1791490724.144,"B,76975,10,46:88:44:6e:4f:e4,6303,11,0,0,-27,S,5c:62:8b:66:67:d2"
1791490724.144,"B,77075,10,5c:62:8b:66:67:d2,0,0,2409,7,-48,A,5c:62:8b:66:67:d2"
1791490724.144,"B,77075,10,b2:db:ca:e6:29:a6,56,2,0,0,-23,S,5c:62:8b:66:67:d2"
1791490724.144,"B,77075,10,46:88:44:6e:4f:e4,2353,5,0,0,-27,S,5c:62:8b:66:67:d2"
1791490724.345,"B,77175,10,5c:62:8b:66:67:d2,0,0,1190,8,-48,A,5c:62:8b:66:67:d2"
1791490724.345,"B,77175,10,b2:db:ca:e6:29:a6,56,2,0,0,-22,S,5c:62:8b:66:67:d2"
1791490724.345,"B,77175,10,46:88:44:6e:4f:e4,1078,4,0,0,-25,S,5c:62:8b:66:67:d2"
1791490724.345,"B,77175,10,72:3b:01:24:b7:c8,56,2,0,0,-17,S,5c:62:8b:66:67:d2"
1791490724.345,"B,77275,10,5c:62:8b:66:67:d2,350,1,2731,7,-49,A,5c:62:8b:66:67:d2"
1791490724.345,"B,77275,10,b2:db:ca:e6:29:a6,56,2,0,0,-21,S,5c:62:8b:66:67:d2"
1791490724.345,"B,77275,10,46:88:44:6e:4f:e4,2675,5,0,0,-27,S,5c:62:8b:66:67:d2"
1791490724.345,"B,77275,10,72:3b:01:24:b7:c8,0,0,350,1,0,S,5c:62:8b:66:67:d2"
1791490724.545,"B,77375,10,5c:62:8b:66:67:d2,2325,4,2703,6,-50,A,5c:62:8b:66:67:d2"
1791490724.545,"B,77375,10,46:88:44:6e:4f:e4,2703,6,0,0,-26,S,5c:62:8b:66:67:d2"
1791490724.545,"B,77375,10,72:3b:01:24:b7:c8,0,0,2325,4,0,S,5c:62:8b:66:67:d2"
1791490724.545,"B,77475,10,5c:62:8b:66:67:d2,0,0,3067,19,-48,A,5c:62:8b:66:67:d2"
1791490724.545,"B,77475,10,b2:db:ca:e6:29:a6,84,3,0,0,-21,S,5c:62:8b:66:67:d2"
1791490724.545,"B,77475,10,46:88:44:6e:4f:e4,2703,6,0,0,-26,S,5c:62:8b:66:67:d2"
1791490724.545,"B,77475,10,72:3b:01:24:b7:c8,280,10,0,0,-16,S,5c:62:8b:66:67:d2"
1791490724.746,"B,77575,10,5c:62:8b:66:67:d2,0,0,1568,10,-47,A,5c:62:8b:66:67:d2"
1791490724.746,"B,77575,10,b2:db:ca:e6:29:a6,56,2,0,0,-21,S,5c:62:8b:66:67:d2"
1791490724.746,"B,77575,10,46:88:44:6e:4f:e4,1428,5,0,0,-27,S,5c:62:8b:66:67:d2"
1791490724.746,"B,77575,10,72:3b:01:24:b7:c8,84,3,0,0,-15,S,5c:62:8b:66:67:d2"
1791490724.746,"B,77675,10,5c:62:8b:66:67:d2,0,0,6127,13,-47,A,5c:62:8b:66:67:d2"
1791490724.746,"B,77675,10,b2:db:ca:e6:29:a6,56,2,0,0,-21,S,5c:62:8b:66:67:d2"
1791490724.746,"B,77675,10,46:88:44:6e:4f:e4,6071,11,0,0,-27,S,5c:62:8b:66:67:d2"
1791490724.746,"B,77775,10,5c:62:8b:66:67:d2,0,0,1414,16,-47,A,5c:62:8b:66:67:d2"
1791490724.746,"B,77775,10,b2:db:ca:e6:29:a6,56,2,0,0,-21,S,5c:62:8b:66:67:d2"
1791490724.746,"B,77775,10,46:88:44:6e:4f:e4,1078,4,0,0,-27,S,5c:62:8b:66:67:d2"
1791490724.746,"B,77775,10,72:3b:01:24:b7:c8,280,10,0,0,-16,S,5c:62:8b:66:67:d2"
1791490724.949,"B,77875,10,5c:62:8b:66:67:d2,3025,6,3053,7,-49,A,5c:62:8b:66:67:d2"
1791490724.949,"B,77875,10,b2:db:ca:e6:29:a6,28,1,0,0,-22,S,5c:62:8b:66:67:d2"
1791490724.949,"B,77875,10,46:88:44:6e:4f:e4,3025,6,0,0,-27,S,5c:62:8b:66:67:d2"
1791490724.949,"B,77875,10,72:3b:01:24:b7:c8,0,0,3025,6,0,S,5c:62:8b:66:67:d2"
1791490724.949,"B,77975,10,5c:62:8b:66:67:d2,0,0,3627,9,-46,A,5c:62:8b:66:67:d2"
1791490724.949,"B,77975,10,b2:db:ca:e6:29:a6,28,1,0,0,-23,S,5c:62:8b:66:67:d2"
1791490724.949,"B,77975,10,78:8c:b5:f5:e7:26,0,0,30,1,-74,A,78:8c:b5:f5:e7:26"
1791490725.150,"B,77975,10,46:88:44:6e:4f:e4,3543,6,0,0,-27,S,5c:62:8b:66:67:d2"
1791490725.150,"B,77975,10,72:3b:01:24:b7:c8,56,2,0,0,-17,S,5c:62:8b:66:67:d2"
1791490725.150,"B,77975,10,a6:4c:bd:b6:c7:99,30,1,0,0,-89,S,78:8c:b5:f5:e7:26"
1791490725.150,"B,78075,10,5c:62:8b:66:67:d2,0,0,3371,9,-48,A,5c:62:8b:66:67:d2"
1791490725.150,"B,78075,10,b2:db:ca:e6:29:a6,28,1,0,0,-23,S,5c:62:8b:66:67:d2"
1791490725.150,"B,78075,10,46:88:44:6e:4f:e4,3287,6,0,0,-27,S,5c:62:8b:66:67:d2"
1791490725.150,"B,78075,10,72:3b:01:24:b7:c8,56,2,0,0,-17,S,5c:62:8b:66:67:d2"
1791490725.150,"B,78175,10,5c:62:8b:66:67:d2,0,0,4797,9,-48,A,5c:62:8b:66:67:d2"
1791490725.150,"B,78175,10,b2:db:ca:e6:29:a6,56,2,0,0,-21,S,5c:62:8b:66:67:d2"
1791490725.150,"B,78175,10,46:88:44:6e:4f:e4,4741,7,0,0,-27,S,5c:62:8b:66:67:d2"
1791490725.352,"B,78275,10,5c:62:8b:66:67:d2,0,0,3795,12,-49,A,5c:62:8b:66:67:d2"
1791490725.352,"B,78275,10,b2:db:ca:e6:29:a6,56,2,0,0,-21,S,5c:62:8b:66:67:d2"
1791490725.352,"B,78275,10,46:88:44:6e:4f:e4,3627,6,0,0,-27,S,5c:62:8b:66:67:d2"
1791490725.352,"B,78275,10,72:3b:01:24:b7:c8,112,4,0,0,-17,S,5c:62:8b:66:67:d2"
1791490725.352,"B,78375,10,5c:62:8b:66:67:d2,14031,18,2730,14,-51,A,5c:62:8b:66:67:d2"
1791490725.352,"B,78375,10,b2:db:ca:e6:29:a6,28,1,0,0,-21,S,5c:62:8b:66:67:d2"
1791490725.352,"B,78375,10,46:88:44:6e:4f:e4,2478,5,0,0,-27,S,5c:62:8b:66:67:d2"
1791490725.352,"B,78375,10,72:3b:01:24:b7:c8,224,8,14031,18,-16,S,5c:62:8b:66:67:d2"
1791490725.554,"B,78475,10,5c:62:8b:66:67:d2,0,0,10538,13,-49,A,5c:62:8b:66:67:d2"
1791490725.554,"B,78475,10,b2:db:ca:e6:29:a6,28,1,0,0,-22,S,5c:62:8b:66:67:d2"
1791490725.554,"B,78475,10,46:88:44:6e:4f:e4,10510,12,0,0,-27,S,5c:62:8b:66:67:d2"
1791490725.554,"B,78575,10,5c:62:8b:66:67:d2,0,0,1190,8,0,A,5c:62:8b:66:67:d2"
1791490725.554,"B,78575,10,b2:db:ca:e6:29:a6,28,1,0,0,-21,S,5c:62:8b:66:67:d2"
1791490725.554,"B,78575,10,46:88:44:6e:4f:e4,1078,4,0,0,-25,S,5c:62:8b:66:67:d2"
1791490725.554,"B,78575,10,72:3b:01:24:b7:c8,84,3,0,0,-16,S,5c:62:8b:66:67:d2"
1791490725.756,"B,78675,10,5c:62:8b:66:67:d2,0,0,5195,13,-51,A,5c:62:8b:66:67:d2"
1791490725.756,"B,78675,10,b2:db:ca:e6:29:a6,28,1,0,0,-21,S,5c:62:8b:66:67:d2"
1791490725.756,"B,78675,10,46:88:44:6e:4f:e4,5055,8,0,0,-26,S,5c:62:8b:66:67:d2"
1791490725.756,"B,78675,10,72:3b:01:24:b7:c8,112,4,0,0,-16,S,5c:62:8b:66:67:d2"
1791490725.756,"B,78775,10,5c:62:8b:66:67:d2,350,1,6287,10,-50,A,5c:62:8b:66:67:d2"
1791490725.756,"B,78775,10,b2:db:ca:e6:29:a6,56,2,0,0,-21,S,5c:62:8b:66:67:d2"
1791490725.756,"B,78775,10,46:88:44:6e:4f:e4,6231,8,0,0,-26,S,5c:62:8b:66:67:d2"
1791490725.756,"B,78775,10,72:3b:01:24:b7:c8,0,0,350,1,0,S,5c:62:8b:66:67:d2"
1791490725.958,"B,78875,10,5c:62:8b:66:67:d2,0,0,4348,16,-47,A,5c:62:8b:66:67:d2"
1791490725.958,"B,78875,10,b2:db:ca:e6:29:a6,56,2,0,0,-21,S,5c:62:8b:66:67:d2"
1791490725.958,"B,78875,10,46:88:44:6e:4f:e4,4068,6,0,0,-27,S,5c:62:8b:66:67:d2"
1791490725.958,"B,78875,10,72:3b:01:24:b7:c8,224,8,0,0,-17,S,5c:62:8b:66:67:d2"
1791490725.958,"B,78975,10,5c:62:8b:66:67:d2,0,0,4973,13,-52,A,5c:62:8b:66:67:d2"
1791490725.958,"B,78975,10,b2:db:ca:e6:29:a6,56,2,0,0,-22,S,5c:62:8b:66:67:d2"
1791490725.958,"B,78975,10,46:88:44:6e:4f:e4,4805,7,0,0,-27,S,5c:62:8b:66:67:d2"
1791490725.958,"B,78975,10,72:3b:01:24:b7:c8,112,4,0,0,-17,S,5c:62:8b:66:67:d2"
1791490726.163,"B,79075,10,5c:62:8b:66:67:d2,0,0,4981,14,-51,A,5c:62:8b:66:67:d2"
1791490726.163,"B,79075,10,b2:db:ca:e6:29:a6,56,2,0,0,-21,S,5c:62:8b:66:67:d2"
1791490726.163,"B,79075,10,46:88:44:6e:4f:e4,4785,7,0,0,-27,S,5c:62:8b:66:67:d2"
1791490726.163,"B,79075,10,72:3b:01:24:b7:c8,140,5,0,0,-17,S,5c:62:8b:66:67:d2"
1791490726.163,"B,79175,10,5c:62:8b:66:67:d2,0,0,2527,8,-51,A,5c:62:8b:66:67:d2"
1791490726.163,"B,79175,10,b2:db:ca:e6:29:a6,28,1,0,0,-22,S,5c:62:8b:66:67:d2"
1791490726.163,"B,79175,10,46:88:44:6e:4f:e4,2471,6,0,0,-27,S,5c:62:8b:66:67:d2"
1791490726.163,"B,79175,10,72:3b:01:24:b7:c8,28,1,0,0,-17,S,5c:62:8b:66:67:d2"
1791490726.367,"B,79275,10,5c:62:8b:66:67:d2,5843,9,3946,12,-49,A,5c:62:8b:66:67:d2"
1791490726.367,"B,79275,10,b2:db:ca:e6:29:a6,56,2,0,0,-22,S,5c:62:8b:66:67:d2"
1791490726.367,"B,79275,10,46:88:44:6e:4f:e4,3750,5,0,0,-27,S,5c:62:8b:66:67:d2"
1791490726.367,"B,79275,10,72:3b:01:24:b7:c8,140,5,5843,9,-17,S,5c:62:8b:66:67:d2"
1791490726.367,"B,79375,10,5c:62:8b:66:67:d2,4447,5,6849,15,-50,A,5c:62:8b:66:67:d2"
1791490726.367,"B,79375,10,b2:db:ca:e6:29:a6,56,2,0,0,-21,S,5c:62:8b:66:67:d2"
1791490726.367,"B,79375,10,46:88:44:6e:4f:e4,6681,9,0,0,-27,S,5c:62:8b:66:67:d2"
1791490726.367,"B,79375,10,72:3b:01:24:b7:c8,112,4,4447,5,-17,S,5c:62:8b:66:67:d2"
1791490726.572,"B,79475,10,5c:62:8b:66:67:d2,0,0,4507,8,-49,A,5c:62:8b:66:67:d2"
1791490726.572,"B,79475,10,b2:db:ca:e6:29:a6,56,2,0,0,-22,S,5c:62:8b:66:67:d2"
1791490726.572,"B,79475,10,46:88:44:6e:4f:e4,4451,6,0,0,-27,S,5c:62:8b:66:67:d2"
1791490726.572,"B,79575,10,5c:62:8b:66:67:d2,0,0,1190,8,-49,A,5c:62:8b:66:67:d2"
1791490726.572,"B,79575,10,b2:db:ca:e6:29:a6,56,2,0,0,-21,S,5c:62:8b:66:67:d2"
1791490726.572,"B,79575,10,46:88:44:6e:4f:e4,1078,4,0,0,-27,S,5c:62:8b:66:67:d2"
1791490726.572,"B,79575,10,72:3b:01:24:b7:c8,56,2,0,0,-16,S,5c:62:8b:66:67:d2"
1791490726.775,"B,79675,10,5c:62:8b:66:67:d2,0,0,5041,11,-52,A,5c:62:8b:66:67:d2"
1791490726.775,"B,79675,10,46:88:44:6e:4f:e4,4929,7,0,0,-27,S,5c:62:8b:66:67:d2"
1791490726.775,"B,79675,10,72:3b:01:24:b7:c8,112,4,0,0,-16,S,5c:62:8b:66:67:d2"
1791490726.775,"B,79775,10,5c:62:8b:66:67:d2,350,1,4941,8,-50,A,5c:62:8b:66:67:d2"
1791490726.775,"B,79775,10,b2:db:ca:e6:29:a6,28,1,0,0,-23,S,5c:62:8b:66:67:d2"
1791490726.775,"B,79775,10,46:88:44:6e:4f:e4,4913,7,0,0,-27,S,5c:62:8b:66:67:d2"
1791490726.775,"B,79775,10,72:3b:01:24:b7:c8,0,0,350,1,0,S,5c:62:8b:66:67:d2"
1791490726.978,"B,79875,10,5c:62:8b:66:67:d2,4137,4,4949,10,-51,A,5c:62:8b:66:67:d2"
1791490726.978,"B,79875,10,b2:db:ca:e6:29:a6,56,2,0,0,-21,S,5c:62:8b:66:67:d2"
1791490726.978,"B,79875,10,46:88:44:6e:4f:e4,4837,6,0,0,-27,S,5c:62:8b:66:67:d2"
1791490726.978,"B,79875,10,72:3b:01:24:b7:c8,56,2,4137,4,-17,S,5c:62:8b:66:67:d2"
1791490726.978,"B,79975,10,5c:62:8b:66:67:d2,0,0,5073,14,-51,A,5c:62:8b:66:67:d2"
1791490726.978,"B,79975,10,b2:db:ca:e6:29:a6,84,3,0,0,-21,S,5c:62:8b:66:67:d2"
1791490726.978,"B,79975,10,46:88:44:6e:4f:e4,4877,7,0,0,-26,S,5c:62:8b:66:67:d2"
1791490726.978,"B,79975,10,72:3b:01:24:b7:c8,112,4,0,0,-17,S,5c:62:8b:66:67:d2"
1791490727.183,"B,80075,10,5c:62:8b:66:67:d2,0,0,8851,13,-51,A,5c:62:8b:66:67:d2"
1791490727.183,"B,80075,10,b2:db:ca:e6:29:a6,28,1,0,0,-22,S,5c:62:8b:66:67:d2"
1791490727.183,"B,80075,10,46:88:44:6e:4f:e4,8795,11,0,0,-26,S,5c:62:8b:66:67:d2"
1791490727.183,"B,80075,10,72:3b:01:24:b7:c8,28,1,0,0,-17,S,5c:62:8b:66:67:d2"
1791490727.183,"I,80098,stat,rx=13936,drops=0,ch=10,bin=100,hop=0,heap=203064"
1791490727.183,"B,80175,10,5c:62:8b:66:67:d2,0,0,5181,17,-50,A,5c:62:8b:66:67:d2"
1791490727.183,"B,80175,10,b2:db:ca:e6:29:a6,28,1,0,0,-21,S,5c:62:8b:66:67:d2"
1791490727.183,"B,80175,10,78:8c:b5:f5:e7:26,80,1,0,0,-74,A,78:8c:b5:f5:e7:26"
1791490727.183,"B,80175,10,46:88:44:6e:4f:e4,4901,7,0,0,-26,S,5c:62:8b:66:67:d2"
1791490727.183,"B,80175,10,72:3b:01:24:b7:c8,252,9,0,0,-17,S,5c:62:8b:66:67:d2"
1791490727.389,"B,80275,10,5c:62:8b:66:67:d2,700,2,1456,6,-50,A,5c:62:8b:66:67:d2"
1791490727.389,"B,80275,10,b2:db:ca:e6:29:a6,56,2,0,0,-22,S,5c:62:8b:66:67:d2"
1791490727.389,"B,80275,10,46:88:44:6e:4f:e4,1400,4,0,0,-27,S,5c:62:8b:66:67:d2"
1791490727.389,"B,80275,10,72:3b:01:24:b7:c8,0,0,700,2,0,S,5c:62:8b:66:67:d2"
1791490727.389,"B,80375,10,5c:62:8b:66:67:d2,350,1,5149,16,-50,A,5c:62:8b:66:67:d2"
1791490727.389,"B,80375,10,b2:db:ca:e6:29:a6,56,2,0,0,-22,S,5c:62:8b:66:67:d2"
1791490727.389,"B,80375,10,46:88:44:6e:4f:e4,4897,7,0,0,-27,S,5c:62:8b:66:67:d2"
1791490727.389,"B,80375,10,72:3b:01:24:b7:c8,196,7,350,1,-17,S,5c:62:8b:66:67:d2"
1791490727.592,"B,80475,10,5c:62:8b:66:67:d2,0,0,5021,12,-51,A,5c:62:8b:66:67:d2"
1791490727.592,"B,80475,10,b2:db:ca:e6:29:a6,56,2,0,0,-22,S,5c:62:8b:66:67:d2"
1791490727.592,"B,80475,10,46:88:44:6e:4f:e4,4881,7,0,0,-26,S,5c:62:8b:66:67:d2"
1791490727.592,"B,80475,10,72:3b:01:24:b7:c8,84,3,0,0,-16,S,5c:62:8b:66:67:d2"
1791490727.592,"B,80575,10,5c:62:8b:66:67:d2,0,0,4933,9,-51,A,5c:62:8b:66:67:d2"
1791490727.592,"B,80575,10,b2:db:ca:e6:29:a6,56,2,0,0,-20,S,5c:62:8b:66:67:d2"
1791490727.592,"B,80575,10,46:88:44:6e:4f:e4,4877,7,0,0,-27,S,5c:62:8b:66:67:d2"
1791490727.793,"B,80675,10,5c:62:8b:66:67:d2,0,0,4957,8,-52,A,5c:62:8b:66:67:d2"
1791490727.793,"B,80675,10,b2:db:ca:e6:29:a6,56,2,0,0,-22,S,5c:62:8b:66:67:d2"
1791490727.793,"B,80675,10,78:8c:b5:f5:e7:26,0,0,30,1,-75,A,78:8c:b5:f5:e7:26"
1791490727.793,"B,80675,10,46:88:44:6e:4f:e4,4901,6,0,0,-27,S,5c:62:8b:66:67:d2"
1791490727.793,"B,80675,10,a6:4c:bd:b6:c7:99,30,1,0,0,-89,S,78:8c:b5:f5:e7:26"
1791490727.793,"B,80775,10,5c:62:8b:66:67:d2,0,0,7327,23,-52,A,5c:62:8b:66:67:d2"
1791490727.793,"B,80775,10,b2:db:ca:e6:29:a6,56,2,0,0,-21,S,5c:62:8b:66:67:d2"
1791490727.793,"B,80775,10,46:88:44:6e:4f:e4,6935,9,0,0,-28,S,5c:62:8b:66:67:d2"
1791490727.793,"B,80775,10,72:3b:01:24:b7:c8,336,12,0,0,-17,S,5c:62:8b:66:67:d2"
1791490727.996,"B,80875,10,5c:62:8b:66:67:d2,5171,7,1428,5,-51,A,5c:62:8b:66:67:d2"
1791490727.996,"B,80875,10,78:8c:b5:f5:e7:26,0,0,30,1,-74,A,78:8c:b5:f5:e7:26"
1791490727.996,"B,80875,10,46:88:44:6e:4f:e4,1428,5,0,0,-27,S,5c:62:8b:66:67:d2"
1791490727.996,"B,80875,10,72:3b:01:24:b7:c8,0,0,5171,7,0,S,5c:62:8b:66:67:d2"
1791490727.996,"B,80875,10,a6:4c:bd:b6:c7:99,30,1,0,0,-87,S,78:8c:b5:f5:e7:26"
1791490727.996,"B,80975,10,5c:62:8b:66:67:d2,0,0,5247,8,-53,A,5c:62:8b:66:67:d2"
1791490727.996,"B,80975,10,b2:db:ca:e6:29:a6,28,1,0,0,-21,S,5c:62:8b:66:67:d2"
1791490727.996,"B,80975,10,46:88:44:6e:4f:e4,5219,7,0,0,-27,S,5c:62:8b:66:67:d2"
1791490728.199,"B,81075,10,5c:62:8b:66:67:d2,0,0,6191,18,-54,A,5c:62:8b:66:67:d2"
1791490728.199,"B,81075,10,46:88:44:6e:4f:e4,5967,10,0,0,-27,S,5c:62:8b:66:67:d2"
1791490728.199,"B,81075,10,72:3b:01:24:b7:c8,224,8,0,0,-16,S,5c:62:8b:66:67:d2"
1791490728.199,"B,81175,10,5c:62:8b:66:67:d2,0,0,4857,6,-55,A,5c:62:8b:66:67:d2"
1791490728.199,"B,81175,10,46:88:44:6e:4f:e4,4857,6,0,0,-27,S,5c:62:8b:66:67:d2"
1791490728.405,"B,81275,10,5c:62:8b:66:67:d2,3783,3,4917,9,-53,A,5c:62:8b:66:67:d2"
1791490728.405,"B,81275,10,78:8c:b5:f5:e7:26,0,0,30,1,-74,A,78:8c:b5:f5:e7:26"
1791490728.405,"B,81275,10,46:88:44:6e:4f:e4,4861,7,0,0,-27,S,5c:62:8b:66:67:d2"
1791490728.405,"B,81275,10,72:3b:01:24:b7:c8,56,2,3783,3,-16,S,5c:62:8b:66:67:d2"
1791490728.405,"B,81275,10,a6:4c:bd:b6:c7:99,30,1,0,0,-91,S,78:8c:b5:f5:e7:26"
1791490728.405,"B,81375,10,5c:62:8b:66:67:d2,700,2,5777,15,-52,A,5c:62:8b:66:67:d2"
1791490728.405,"B,81375,10,46:88:44:6e:4f:e4,5609,9,0,0,-26,S,5c:62:8b:66:67:d2"
1791490728.405,"B,81375,10,72:3b:01:24:b7:c8,168,6,700,2,-17,S,5c:62:8b:66:67:d2"
1791490728.608,"B,81475,10,5c:62:8b:66:67:d2,0,0,8066,13,-56,A,5c:62:8b:66:67:d2"
1791490728.608,"B,81475,10,b2:db:ca:e6:29:a6,84,3,0,0,-21,S,5c:62:8b:66:67:d2"
1791490728.608,"B,81475,10,46:88:44:6e:4f:e4,7982,10,0,0,-26,S,5c:62:8b:66:67:d2"
1791490728.608,"B,81575,10,5c:62:8b:66:67:d2,0,0,1162,7,-57,A,5c:62:8b:66:67:d2"
1791490728.608,"B,81575,10,46:88:44:6e:4f:e4,1050,3,0,0,-27,S,5c:62:8b:66:67:d2"
1791490728.608,"B,81575,10,72:3b:01:24:b7:c8,112,4,0,0,-17,S,5c:62:8b:66:67:d2"
1791490728.813,"B,81675,10,5c:62:8b:66:67:d2,0,0,5101,15,-57,A,5c:62:8b:66:67:d2"
1791490728.813,"B,81675,10,b2:db:ca:e6:29:a6,84,3,0,0,-21,S,5c:62:8b:66:67:d2"
1791490728.813,"B,81675,10,46:88:44:6e:4f:e4,4877,7,0,0,-26,S,5c:62:8b:66:67:d2"
1791490728.813,"B,81675,10,72:3b:01:24:b7:c8,140,5,0,0,-17,S,5c:62:8b:66:67:d2"
1791490728.813,"M,81707,end"
1791490728.813,"B,81775,10,5c:62:8b:66:67:d2,4209,4,6877,12,-52,A,5c:62:8b:66:67:d2"
1791490728.813,"B,81775,10,b2:db:ca:e6:29:a6,84,3,0,0,-21,S,5c:62:8b:66:67:d2"
1791490728.813,"B,81775,10,46:88:44:6e:4f:e4,6793,9,0,0,-27,S,5c:62:8b:66:67:d2"
1791490728.813,"B,81775,10,72:3b:01:24:b7:c8,0,0,4209,4,0,S,5c:62:8b:66:67:d2"
1791490729.019,"B,81875,10,5c:62:8b:66:67:d2,838,3,6537,17,-52,A,5c:62:8b:66:67:d2"
1791490729.019,"B,81875,10,b2:db:ca:e6:29:a6,56,2,0,0,-22,S,5c:62:8b:66:67:d2"
1791490729.019,"B,81875,10,46:88:44:6e:4f:e4,6369,11,138,1,-27,S,5c:62:8b:66:67:d2"
1791490729.019,"B,81875,10,72:3b:01:24:b7:c8,112,4,700,2,-17,S,5c:62:8b:66:67:d2"
1791490729.019,"B,81975,10,5c:62:8b:66:67:d2,0,0,2120,15,-58,A,5c:62:8b:66:67:d2"
1791490729.019,"B,81975,10,b2:db:ca:e6:29:a6,84,3,0,0,-22,S,5c:62:8b:66:67:d2"
1791490729.019,"B,81975,10,46:88:44:6e:4f:e4,1896,7,0,0,-28,S,5c:62:8b:66:67:d2"
1791490729.019,"B,81975,10,72:3b:01:24:b7:c8,140,5,0,0,-17,S,5c:62:8b:66:67:d2"
1791490729.220,"B,82075,10,5c:62:8b:66:67:d2,0,0,13157,15,-60,A,5c:62:8b:66:67:d2"
1791490729.220,"B,82075,10,b2:db:ca:e6:29:a6,28,1,0,0,-19,S,5c:62:8b:66:67:d2"
1791490729.220,"B,82075,10,46:88:44:6e:4f:e4,13129,14,0,0,-27,S,5c:62:8b:66:67:d2"
1791490729.220,"B,82175,10,5c:62:8b:66:67:d2,0,0,1106,5,-56,A,5c:62:8b:66:67:d2"
1791490729.220,"B,82175,10,b2:db:ca:e6:29:a6,28,1,0,0,-23,S,5c:62:8b:66:67:d2"
1791490729.220,"B,82175,10,46:88:44:6e:4f:e4,1078,4,0,0,-27,S,5c:62:8b:66:67:d2"
1791490729.425,"B,82275,10,5c:62:8b:66:67:d2,700,2,8569,13,-51,A,5c:62:8b:66:67:d2"
1791490729.425,"B,82275,10,46:88:44:6e:4f:e4,8457,9,0,0,-28,S,5c:62:8b:66:67:d2"
1791490729.425,"B,82275,10,72:3b:01:24:b7:c8,112,4,700,2,-17,S,5c:62:8b:66:67:d2"
1791490729.425,"B,82375,10,5c:62:8b:66:67:d2,700,2,3935,22,-51,A,5c:62:8b:66:67:d2"
1791490729.425,"B,82375,10,b2:db:ca:e6:29:a6,56,2,0,0,-21,S,5c:62:8b:66:67:d2"
1791490729.425,"B,82375,10,46:88:44:6e:4f:e4,3543,8,0,0,-27,S,5c:62:8b:66:67:d2"
1791490729.425,"B,82375,10,72:3b:01:24:b7:c8,336,12,700,2,-17,S,5c:62:8b:66:67:d2"
1791490729.628,"B,82475,10,5c:62:8b:66:67:d2,0,0,5805,16,-50,A,5c:62:8b:66:67:d2"
1791490729.628,"B,82475,10,b2:db:ca:e6:29:a6,140,5,0,0,-21,S,5c:62:8b:66:67:d2"
1791490729.628,"B,82475,10,46:88:44:6e:4f:e4,5609,9,0,0,-27,S,5c:62:8b:66:67:d2"
1791490729.628,"B,82475,10,72:3b:01:24:b7:c8,56,2,0,0,-17,S,5c:62:8b:66:67:d2"
1791490729.628,"B,82575,10,5c:62:8b:66:67:d2,0,0,6223,19,-50,A,5c:62:8b:66:67:d2"
1791490729.628,"B,82575,10,b2:db:ca:e6:29:a6,56,2,0,0,-21,S,5c:62:8b:66:67:d2"
1791490729.628,"B,82575,10,46:88:44:6e:4f:e4,6027,12,0,0,-27,S,5c:62:8b:66:67:d2"
1791490729.628,"B,82575,10,72:3b:01:24:b7:c8,140,5,0,0,-17,S,5c:62:8b:66:67:d2"
1791490729.829,"B,82675,10,5c:62:8b:66:67:d2,0,0,6239,12,-50,A,5c:62:8b:66:67:d2"
1791490729.829,"B,82675,10,b2:db:ca:e6:29:a6,56,2,0,0,-21,S,5c:62:8b:66:67:d2"
1791490729.829,"B,82675,10,46:88:44:6e:4f:e4,6127,8,0,0,-27,S,5c:62:8b:66:67:d2"
1791490729.829,"B,82675,10,72:3b:01:24:b7:c8,56,2,0,0,-17,S,5c:62:8b:66:67:d2"
1791490729.829,"B,82775,10,5c:62:8b:66:67:d2,350,1,1078,4,-50,A,5c:62:8b:66:67:d2"
1791490729.829,"B,82775,10,b2:db:ca:e6:29:a6,28,1,0,0,-22,S,5c:62:8b:66:67:d2"
1791490729.829,"B,82775,10,78:8c:b5:f5:e7:26,0,0,30,1,-75,A,78:8c:b5:f5:e7:26"
1791490729.829,"B,82775,10,46:88:44:6e:4f:e4,1050,3,0,0,-27,S,5c:62:8b:66:67:d2"
1791490729.829,"B,82775,10,72:3b:01:24:b7:c8,0,0,350,1,0,S,5c:62:8b:66:67:d2"
1791490729.829,"B,82775,10,a6:4c:bd:b6:c7:99,30,1,0,0,-92,S,78:8c:b5:f5:e7:26"
