host_time_s,line
1791390229.309,"I,79,boot,spyscan-e2-sniffer,v0.1,transport=usb-serial-jtag"
1791390229.309,"A,98,1,cc:d8:43:ca:9f:eb,-82,Xiaomi_DF62"
1791390229.309,"B,179,1,f4:28:9d:ce:e6:09,84,3,0,0,-86,S,c4:16:88:9a:06:5c"
1791390229.309,"B,179,1,c4:16:88:9a:06:5c,0,0,84,3,0,A,c4:16:88:9a:06:5c"
1791390229.309,"A,184,1,c2:a5:dd:1b:60:3b,-65,MERCURY_603B"
1791390229.510,"B,279,1,f4:28:9d:ce:e6:09,28,1,0,0,-88,S,c4:16:88:9a:06:5c"
1791390229.510,"B,279,1,c4:16:88:9a:06:5c,0,0,28,1,0,A,c4:16:88:9a:06:5c"
1791390229.510,"I,332,reset"
1791390229.510,"I,333,bin,100"
1791390229.510,"I,333,channel,10"
1791390229.510,"B,379,10,72:3b:01:24:b7:c8,84,3,0,0,-43,S,5c:62:8b:66:67:d2"
1791390229.510,"B,379,10,5c:62:8b:66:67:d2,0,0,84,3,0,A,5c:62:8b:66:67:d2"
1791390229.510,"A,388,10,02:eb:d8:11:99:9d,-74,"
1791390229.510,"A,425,10,5c:62:8b:66:67:d2,-48,TP-Link_67D2"
1791390229.713,"B,479,10,72:3b:01:24:b7:c8,224,8,0,0,-42,S,5c:62:8b:66:67:d2"
1791390229.713,"B,479,10,5c:62:8b:66:67:d2,0,0,280,10,-48,A,5c:62:8b:66:67:d2"
1791390229.713,"B,479,10,b2:db:ca:e6:29:a6,56,2,0,0,-26,S,5c:62:8b:66:67:d2"
1791390229.713,"A,569,10,80:af:ca:68:4c:f8,-87,Cudy-4CF8"
1791390229.713,"B,579,10,72:3b:01:24:b7:c8,224,8,0,0,-45,S,5c:62:8b:66:67:d2"
1791390229.713,"B,579,10,5c:62:8b:66:67:d2,0,0,224,8,-47,A,5c:62:8b:66:67:d2"
1791390229.713,"B,579,10,38:d5:7a:f4:5a:37,60,2,0,0,-93,S,46:fb:cf:a9:f4:22"
1791390229.713,"B,579,10,46:fb:cf:a9:f4:22,0,0,60,2,0,A,46:fb:cf:a9:f4:22"
1791390229.918,"M,638,baseline"
1791390229.918,"B,679,10,72:3b:01:24:b7:c8,196,7,0,0,-36,S,5c:62:8b:66:67:d2"
1791390229.918,"B,679,10,5c:62:8b:66:67:d2,0,0,252,9,-48,A,5c:62:8b:66:67:d2"
1791390229.918,"B,679,10,b2:db:ca:e6:29:a6,56,2,0,0,-26,S,5c:62:8b:66:67:d2"
1791390229.918,"B,779,10,72:3b:01:24:b7:c8,364,13,0,0,-38,S,5c:62:8b:66:67:d2"
1791390229.918,"B,779,10,5c:62:8b:66:67:d2,0,0,364,13,-48,A,5c:62:8b:66:67:d2"
1791390230.119,"B,879,10,72:3b:01:24:b7:c8,280,10,0,0,-40,S,5c:62:8b:66:67:d2"
1791390230.119,"B,879,10,5c:62:8b:66:67:d2,0,0,280,10,-47,A,5c:62:8b:66:67:d2"
1791390230.119,"B,979,10,5c:62:8b:66:67:d2,0,0,56,2,-47,A,5c:62:8b:66:67:d2"
1791390230.119,"B,979,10,b2:db:ca:e6:29:a6,56,2,0,0,-27,S,5c:62:8b:66:67:d2"
1791390230.323,"A,1086,10,82:af:ca:28:4c:f8,-89,"
1791390230.323,"B,1179,10,72:3b:01:24:b7:c8,84,3,0,0,-45,S,5c:62:8b:66:67:d2"
1791390230.323,"B,1179,10,5c:62:8b:66:67:d2,0,0,112,4,-48,A,5c:62:8b:66:67:d2"
1791390230.323,"B,1179,10,b2:db:ca:e6:29:a6,28,1,0,0,-29,S,5c:62:8b:66:67:d2"
1791390230.527,"B,1279,10,72:3b:01:24:b7:c8,224,8,0,0,-42,S,5c:62:8b:66:67:d2"
1791390230.527,"B,1279,10,5c:62:8b:66:67:d2,0,0,224,8,-46,A,5c:62:8b:66:67:d2"
1791390230.527,"A,1351,10,b0:a7:b9:23:82:ee,-92,________ __ ________"
1791390230.527,"B,1379,10,72:3b:01:24:b7:c8,168,6,0,0,-37,S,5c:62:8b:66:67:d2"
1791390230.527,"B,1379,10,5c:62:8b:66:67:d2,0,0,196,7,-46,A,5c:62:8b:66:67:d2"
1791390230.527,"B,1379,10,b2:db:ca:e6:29:a6,28,1,0,0,-28,S,5c:62:8b:66:67:d2"
1791390230.732,"B,1479,10,72:3b:01:24:b7:c8,280,10,0,0,-42,S,5c:62:8b:66:67:d2"
1791390230.732,"B,1479,10,5c:62:8b:66:67:d2,0,0,308,11,-46,A,5c:62:8b:66:67:d2"
1791390230.732,"B,1479,10,b2:db:ca:e6:29:a6,28,1,0,0,-29,S,5c:62:8b:66:67:d2"
1791390230.732,"B,1479,10,38:d5:7a:f4:5a:37,60,2,0,0,-92,S,46:fb:cf:a9:f4:22"
1791390230.732,"B,1479,10,46:fb:cf:a9:f4:22,0,0,60,2,0,A,46:fb:cf:a9:f4:22"
1791390230.732,"B,1579,10,72:3b:01:24:b7:c8,196,7,0,0,-45,S,5c:62:8b:66:67:d2"
1791390230.732,"B,1579,10,5c:62:8b:66:67:d2,0,0,224,8,-47,A,5c:62:8b:66:67:d2"
1791390230.732,"B,1579,10,b2:db:ca:e6:29:a6,28,1,0,0,-26,S,5c:62:8b:66:67:d2"
1791390230.937,"B,1679,10,72:3b:01:24:b7:c8,196,7,0,0,-46,S,5c:62:8b:66:67:d2"
1791390230.937,"B,1679,10,5c:62:8b:66:67:d2,0,0,196,7,-44,A,5c:62:8b:66:67:d2"
1791390230.937,"B,1779,10,72:3b:01:24:b7:c8,420,15,0,0,-46,S,5c:62:8b:66:67:d2"
1791390230.937,"B,1779,10,5c:62:8b:66:67:d2,0,0,448,16,-44,A,5c:62:8b:66:67:d2"
1791390230.937,"B,1779,10,b2:db:ca:e6:29:a6,28,1,0,0,-28,S,5c:62:8b:66:67:d2"
1791390231.142,"B,1879,10,72:3b:01:24:b7:c8,168,6,0,0,-47,S,5c:62:8b:66:67:d2"
1791390231.142,"B,1879,10,5c:62:8b:66:67:d2,0,0,196,7,-45,A,5c:62:8b:66:67:d2"
1791390231.142,"B,1879,10,b2:db:ca:e6:29:a6,28,1,0,0,-30,S,5c:62:8b:66:67:d2"
1791390231.142,"B,1979,10,72:3b:01:24:b7:c8,280,10,0,0,-48,S,5c:62:8b:66:67:d2"
1791390231.142,"B,1979,10,5c:62:8b:66:67:d2,0,0,280,10,-46,A,5c:62:8b:66:67:d2"
1791390231.347,"B,2079,10,72:3b:01:24:b7:c8,308,11,0,0,-48,S,5c:62:8b:66:67:d2"
1791390231.347,"B,2079,10,5c:62:8b:66:67:d2,0,0,336,12,-47,A,5c:62:8b:66:67:d2"
1791390231.347,"B,2079,10,b2:db:ca:e6:29:a6,28,1,0,0,-24,S,5c:62:8b:66:67:d2"
1791390231.347,"B,2079,10,38:d5:7a:f4:5a:37,30,1,0,0,-93,S,46:fb:cf:a9:f4:22"
1791390231.347,"B,2079,10,46:fb:cf:a9:f4:22,0,0,30,1,0,A,46:fb:cf:a9:f4:22"
1791390231.347,"B,2179,10,72:3b:01:24:b7:c8,336,12,0,0,-40,S,5c:62:8b:66:67:d2"
1791390231.347,"B,2179,10,5c:62:8b:66:67:d2,0,0,364,13,-49,A,5c:62:8b:66:67:d2"
1791390231.347,"B,2179,10,b2:db:ca:e6:29:a6,28,1,0,0,-28,S,5c:62:8b:66:67:d2"
1791390231.550,"B,2279,10,72:3b:01:24:b7:c8,252,9,0,0,-36,S,5c:62:8b:66:67:d2"
1791390231.550,"B,2279,10,5c:62:8b:66:67:d2,0,0,280,10,-49,A,5c:62:8b:66:67:d2"
1791390231.550,"B,2279,10,b2:db:ca:e6:29:a6,28,1,0,0,-26,S,5c:62:8b:66:67:d2"
1791390231.550,"B,2279,10,38:d5:7a:f4:5a:37,30,1,0,0,-95,S,46:fb:cf:a9:f4:22"
1791390231.550,"B,2279,10,46:fb:cf:a9:f4:22,0,0,30,1,0,A,46:fb:cf:a9:f4:22"
1791390231.550,"B,2379,10,72:3b:01:24:b7:c8,280,10,0,0,-37,S,5c:62:8b:66:67:d2"
1791390231.550,"B,2379,10,5c:62:8b:66:67:d2,0,0,336,12,-48,A,5c:62:8b:66:67:d2"
1791390231.550,"B,2379,10,b2:db:ca:e6:29:a6,56,2,0,0,-26,S,5c:62:8b:66:67:d2"
1791390231.550,"B,2379,10,38:d5:7a:f4:5a:37,30,1,0,0,-92,S,46:fb:cf:a9:f4:22"
1791390231.550,"B,2379,10,46:fb:cf:a9:f4:22,0,0,30,1,0,A,46:fb:cf:a9:f4:22"
1791390231.751,"B,2479,10,72:3b:01:24:b7:c8,224,8,0,0,-35,S,5c:62:8b:66:67:d2"
1791390231.751,"B,2479,10,5c:62:8b:66:67:d2,0,0,308,11,-47,A,5c:62:8b:66:67:d2"
1791390231.751,"B,2479,10,b2:db:ca:e6:29:a6,84,3,0,0,-26,S,5c:62:8b:66:67:d2"
1791390231.751,"B,2579,10,72:3b:01:24:b7:c8,224,8,0,0,-37,S,5c:62:8b:66:67:d2"
1791390231.751,"B,2579,10,5c:62:8b:66:67:d2,0,0,224,8,-47,A,5c:62:8b:66:67:d2"
1791390231.956,"B,2679,10,72:3b:01:24:b7:c8,224,8,0,0,-37,S,5c:62:8b:66:67:d2"
1791390231.956,"B,2679,10,5c:62:8b:66:67:d2,0,0,224,8,-47,A,5c:62:8b:66:67:d2"
1791390231.956,"B,2679,10,38:d5:7a:f4:5a:37,30,1,0,0,-92,S,46:fb:cf:a9:f4:22"
1791390231.956,"B,2679,10,46:fb:cf:a9:f4:22,0,0,30,1,0,A,46:fb:cf:a9:f4:22"
1791390231.956,"B,2779,10,72:3b:01:24:b7:c8,336,12,0,0,-35,S,5c:62:8b:66:67:d2"
1791390231.956,"B,2779,10,5c:62:8b:66:67:d2,0,0,364,13,-47,A,5c:62:8b:66:67:d2"
1791390231.956,"B,2779,10,b2:db:ca:e6:29:a6,28,1,0,0,-25,S,5c:62:8b:66:67:d2"
1791390232.157,"B,2879,10,72:3b:01:24:b7:c8,308,11,0,0,-35,S,5c:62:8b:66:67:d2"
1791390232.157,"B,2879,10,5c:62:8b:66:67:d2,0,0,308,11,-48,A,5c:62:8b:66:67:d2"
1791390232.157,"B,2879,10,38:d5:7a:f4:5a:37,30,1,0,0,-91,S,46:fb:cf:a9:f4:22"
1791390232.157,"B,2879,10,46:fb:cf:a9:f4:22,0,0,30,1,0,A,46:fb:cf:a9:f4:22"
1791390232.157,"B,2979,10,72:3b:01:24:b7:c8,280,10,0,0,-36,S,5c:62:8b:66:67:d2"
1791390232.157,"B,2979,10,5c:62:8b:66:67:d2,0,0,308,11,0,A,5c:62:8b:66:67:d2"
1791390232.157,"B,2979,10,b2:db:ca:e6:29:a6,28,1,0,0,-27,S,5c:62:8b:66:67:d2"
1791390232.157,"B,2979,10,38:d5:7a:f4:5a:37,60,2,0,0,-93,S,46:fb:cf:a9:f4:22"
1791390232.157,"B,2979,10,46:fb:cf:a9:f4:22,0,0,60,2,0,A,46:fb:cf:a9:f4:22"
1791390232.157,"A,3037,10,e0:bb:0c:05:3a:69,-85,528"
1791390232.157,"B,3079,10,72:3b:01:24:b7:c8,168,6,0,0,-35,S,5c:62:8b:66:67:d2"
1791390232.359,"B,3079,10,5c:62:8b:66:67:d2,0,0,196,7,-49,A,5c:62:8b:66:67:d2"
1791390232.359,"B,3079,10,b2:db:ca:e6:29:a6,28,1,0,0,-28,S,5c:62:8b:66:67:d2"
1791390232.359,"B,3079,10,38:d5:7a:f4:5a:37,90,3,0,0,-92,S,46:fb:cf:a9:f4:22"
1791390232.359,"B,3079,10,46:fb:cf:a9:f4:22,0,0,90,3,0,A,46:fb:cf:a9:f4:22"
1791390232.359,"B,3179,10,72:3b:01:24:b7:c8,308,11,0,0,-37,S,5c:62:8b:66:67:d2"
1791390232.359,"B,3179,10,5c:62:8b:66:67:d2,0,0,308,11,-47,A,5c:62:8b:66:67:d2"
1791390232.560,"B,3279,10,72:3b:01:24:b7:c8,196,7,0,0,-38,S,5c:62:8b:66:67:d2"
1791390232.560,"B,3279,10,5c:62:8b:66:67:d2,0,0,252,9,-47,A,5c:62:8b:66:67:d2"
1791390232.560,"B,3279,10,b2:db:ca:e6:29:a6,56,2,0,0,-26,S,5c:62:8b:66:67:d2"
1791390232.560,"B,3279,10,38:d5:7a:f4:5a:37,30,1,0,0,-95,S,46:fb:cf:a9:f4:22"
1791390232.560,"B,3279,10,46:fb:cf:a9:f4:22,0,0,30,1,0,A,46:fb:cf:a9:f4:22"
1791390232.560,"B,3379,10,72:3b:01:24:b7:c8,308,11,0,0,-37,S,5c:62:8b:66:67:d2"
1791390232.560,"B,3379,10,5c:62:8b:66:67:d2,0,0,308,11,-47,A,5c:62:8b:66:67:d2"
1791390232.560,"B,3379,10,38:d5:7a:f4:5a:37,60,2,0,0,-95,S,46:fb:cf:a9:f4:22"
1791390232.560,"B,3379,10,46:fb:cf:a9:f4:22,0,0,60,2,0,A,46:fb:cf:a9:f4:22"
1791390232.560,"B,3479,10,72:3b:01:24:b7:c8,392,14,0,0,-38,S,5c:62:8b:66:67:d2"
1791390232.560,"B,3479,10,5c:62:8b:66:67:d2,0,0,476,17,-48,A,5c:62:8b:66:67:d2"
1791390232.560,"B,3479,10,b2:db:ca:e6:29:a6,84,3,0,0,-25,S,5c:62:8b:66:67:d2"
1791390232.760,"B,3579,10,72:3b:01:24:b7:c8,168,6,0,0,-41,S,5c:62:8b:66:67:d2"
1791390232.760,"B,3579,10,5c:62:8b:66:67:d2,0,0,224,8,-48,A,5c:62:8b:66:67:d2"
1791390232.760,"B,3579,10,b2:db:ca:e6:29:a6,56,2,0,0,-26,S,5c:62:8b:66:67:d2"
1791390232.760,"B,3579,10,38:d5:7a:f4:5a:37,60,2,0,0,-94,S,46:fb:cf:a9:f4:22"
1791390232.760,"B,3579,10,46:fb:cf:a9:f4:22,0,0,60,2,0,A,46:fb:cf:a9:f4:22"
1791390232.760,"B,3679,10,72:3b:01:24:b7:c8,168,6,0,0,-39,S,5c:62:8b:66:67:d2"
1791390232.760,"B,3679,10,5c:62:8b:66:67:d2,0,0,224,8,-47,A,5c:62:8b:66:67:d2"
1791390232.760,"B,3679,10,b2:db:ca:e6:29:a6,56,2,0,0,-26,S,5c:62:8b:66:67:d2"
1791390232.760,"B,3679,10,38:d5:7a:f4:5a:37,30,1,0,0,-93,S,46:fb:cf:a9:f4:22"
1791390232.760,"B,3679,10,46:fb:cf:a9:f4:22,0,0,30,1,0,A,46:fb:cf:a9:f4:22"
1791390232.961,"B,3779,10,72:3b:01:24:b7:c8,224,8,0,0,-40,S,5c:62:8b:66:67:d2"
1791390232.961,"B,3779,10,5c:62:8b:66:67:d2,0,0,224,8,-47,A,5c:62:8b:66:67:d2"
1791390232.961,"B,3779,10,38:d5:7a:f4:5a:37,60,2,0,0,-92,S,46:fb:cf:a9:f4:22"
1791390232.961,"B,3779,10,46:fb:cf:a9:f4:22,0,0,60,2,0,A,46:fb:cf:a9:f4:22"
1791390232.961,"B,3879,10,72:3b:01:24:b7:c8,28,1,0,0,-40,S,5c:62:8b:66:67:d2"
1791390232.961,"B,3879,10,5c:62:8b:66:67:d2,0,0,84,3,-49,A,5c:62:8b:66:67:d2"
1791390232.961,"B,3879,10,b2:db:ca:e6:29:a6,56,2,0,0,-27,S,5c:62:8b:66:67:d2"
1791390232.961,"B,3879,10,38:d5:7a:f4:5a:37,60,2,0,0,-94,S,46:fb:cf:a9:f4:22"
1791390232.961,"B,3879,10,46:fb:cf:a9:f4:22,0,0,60,2,0,A,46:fb:cf:a9:f4:22"
1791390233.161,"B,3979,10,72:3b:01:24:b7:c8,84,3,0,0,-38,S,5c:62:8b:66:67:d2"
1791390233.161,"B,3979,10,5c:62:8b:66:67:d2,0,0,84,3,-48,A,5c:62:8b:66:67:d2"
1791390233.161,"B,3979,10,38:d5:7a:f4:5a:37,30,1,0,0,-95,S,46:fb:cf:a9:f4:22"
1791390233.161,"B,3979,10,46:fb:cf:a9:f4:22,0,0,30,1,0,A,46:fb:cf:a9:f4:22"
1791390233.161,"B,4079,10,72:3b:01:24:b7:c8,56,2,0,0,-41,S,5c:62:8b:66:67:d2"
1791390233.161,"B,4079,10,5c:62:8b:66:67:d2,0,0,84,3,-49,A,5c:62:8b:66:67:d2"
1791390233.161,"B,4079,10,b2:db:ca:e6:29:a6,28,1,0,0,-24,S,5c:62:8b:66:67:d2"
1791390233.161,"B,4079,10,38:d5:7a:f4:5a:37,30,1,0,0,-94,S,46:fb:cf:a9:f4:22"
1791390233.161,"B,4079,10,46:fb:cf:a9:f4:22,0,0,30,1,0,A,46:fb:cf:a9:f4:22"
1791390233.361,"B,4179,10,5c:62:8b:66:67:d2,0,0,28,1,-47,A,5c:62:8b:66:67:d2"
1791390233.361,"B,4179,10,b2:db:ca:e6:29:a6,28,1,0,0,-28,S,5c:62:8b:66:67:d2"
1791390233.361,"B,4179,10,38:d5:7a:f4:5a:37,30,1,0,0,-90,S,46:fb:cf:a9:f4:22"
1791390233.361,"B,4179,10,46:fb:cf:a9:f4:22,0,0,30,1,0,A,46:fb:cf:a9:f4:22"
1791390233.361,"B,4279,10,72:3b:01:24:b7:c8,140,5,0,0,-38,S,5c:62:8b:66:67:d2"
1791390233.361,"B,4279,10,5c:62:8b:66:67:d2,0,0,140,5,-49,A,5c:62:8b:66:67:d2"
1791390233.562,"B,4379,10,5c:62:8b:66:67:d2,0,0,56,2,-47,A,5c:62:8b:66:67:d2"
1791390233.562,"B,4379,10,b2:db:ca:e6:29:a6,56,2,0,0,-27,S,5c:62:8b:66:67:d2"
1791390233.562,"B,4479,10,72:3b:01:24:b7:c8,56,2,0,0,-41,S,5c:62:8b:66:67:d2"
1791390233.562,"B,4479,10,5c:62:8b:66:67:d2,0,0,56,2,-47,A,5c:62:8b:66:67:d2"
1791390233.562,"B,4479,10,38:d5:7a:f4:5a:37,30,1,0,0,-93,S,46:fb:cf:a9:f4:22"
1791390233.562,"B,4479,10,46:fb:cf:a9:f4:22,0,0,30,1,0,A,46:fb:cf:a9:f4:22"
1791390233.762,"B,4579,10,5c:62:8b:66:67:d2,466,2,28,1,-49,A,5c:62:8b:66:67:d2"
1791390233.762,"B,4579,10,b2:db:ca:e6:29:a6,28,1,466,2,-25,S,5c:62:8b:66:67:d2"
1791390233.762,"B,4679,10,72:3b:01:24:b7:c8,56,2,0,0,-36,S,5c:62:8b:66:67:d2"
1791390233.762,"B,4679,10,5c:62:8b:66:67:d2,0,0,56,2,-47,A,5c:62:8b:66:67:d2"
1791390233.762,"B,4679,10,38:d5:7a:f4:5a:37,30,1,0,0,-92,S,46:fb:cf:a9:f4:22"
1791390233.762,"B,4679,10,46:fb:cf:a9:f4:22,0,0,30,1,0,A,46:fb:cf:a9:f4:22"
1791390233.964,"B,4779,10,72:3b:01:24:b7:c8,56,2,0,0,-35,S,5c:62:8b:66:67:d2"
1791390233.964,"B,4779,10,5c:62:8b:66:67:d2,0,0,112,4,-48,A,5c:62:8b:66:67:d2"
1791390233.964,"B,4779,10,b2:db:ca:e6:29:a6,56,2,0,0,-27,S,5c:62:8b:66:67:d2"
1791390233.964,"B,4879,10,72:3b:01:24:b7:c8,56,2,0,0,-38,S,5c:62:8b:66:67:d2"
1791390233.964,"B,4879,10,5c:62:8b:66:67:d2,0,0,56,2,-49,A,5c:62:8b:66:67:d2"
1791390234.166,"B,4979,10,5c:62:8b:66:67:d2,0,0,56,2,-47,A,5c:62:8b:66:67:d2"
1791390234.166,"B,4979,10,b2:db:ca:e6:29:a6,56,2,0,0,-26,S,5c:62:8b:66:67:d2"
1791390234.166,"B,4979,10,38:d5:7a:f4:5a:37,60,2,0,0,-94,S,46:fb:cf:a9:f4:22"
1791390234.166,"B,4979,10,46:fb:cf:a9:f4:22,0,0,60,2,0,A,46:fb:cf:a9:f4:22"
1791390234.166,"B,5079,10,72:3b:01:24:b7:c8,84,3,0,0,-41,S,5c:62:8b:66:67:d2"
1791390234.166,"B,5079,10,5c:62:8b:66:67:d2,0,0,112,4,-47,A,5c:62:8b:66:67:d2"
1791390234.166,"B,5079,10,b2:db:ca:e6:29:a6,28,1,0,0,-24,S,5c:62:8b:66:67:d2"
1791390234.166,"B,5079,10,38:d5:7a:f4:5a:37,60,2,0,0,-93,S,46:fb:cf:a9:f4:22"
1791390234.166,"B,5079,10,46:fb:cf:a9:f4:22,0,0,60,2,0,A,46:fb:cf:a9:f4:22"
1791390234.166,"I,5079,stat,rx=462,drops=0,ch=10,bin=100,hop=0,heap=203064"
1791390234.367,"B,5179,10,5c:62:8b:66:67:d2,0,0,56,2,-47,A,5c:62:8b:66:67:d2"
1791390234.367,"B,5179,10,b2:db:ca:e6:29:a6,56,2,0,0,-26,S,5c:62:8b:66:67:d2"
1791390234.367,"B,5279,10,72:3b:01:24:b7:c8,196,7,0,0,-38,S,5c:62:8b:66:67:d2"
1791390234.367,"B,5279,10,5c:62:8b:66:67:d2,0,0,196,7,-47,A,5c:62:8b:66:67:d2"
1791390234.367,"B,5279,10,38:d5:7a:f4:5a:37,30,1,0,0,-89,S,46:fb:cf:a9:f4:22"
1791390234.367,"B,5279,10,46:fb:cf:a9:f4:22,0,0,30,1,0,A,46:fb:cf:a9:f4:22"
1791390234.568,"B,5379,10,72:3b:01:24:b7:c8,112,4,0,0,-36,S,5c:62:8b:66:67:d2"
1791390234.568,"B,5379,10,5c:62:8b:66:67:d2,0,0,112,4,-46,A,5c:62:8b:66:67:d2"
1791390234.568,"B,5379,10,38:d5:7a:f4:5a:37,120,4,0,0,-93,S,46:fb:cf:a9:f4:22"
1791390234.568,"B,5379,10,46:fb:cf:a9:f4:22,0,0,120,4,0,A,46:fb:cf:a9:f4:22"
1791390234.568,"B,5479,10,72:3b:01:24:b7:c8,28,1,0,0,-41,S,5c:62:8b:66:67:d2"
1791390234.568,"B,5479,10,5c:62:8b:66:67:d2,175,1,28,1,-49,A,5c:62:8b:66:67:d2"
1791390234.568,"B,5479,10,38:d5:7a:f4:5a:37,90,3,0,0,-93,S,46:fb:cf:a9:f4:22"
1791390234.568,"B,5479,10,46:fb:cf:a9:f4:22,0,0,90,3,0,A,46:fb:cf:a9:f4:22"
1791390234.768,"B,5579,10,72:3b:01:24:b7:c8,112,4,0,0,-38,S,5c:62:8b:66:67:d2"
1791390234.768,"B,5579,10,5c:62:8b:66:67:d2,0,0,140,5,-48,A,5c:62:8b:66:67:d2"
1791390234.768,"B,5579,10,b2:db:ca:e6:29:a6,28,1,0,0,-27,S,5c:62:8b:66:67:d2"
1791390234.768,"B,5579,10,38:d5:7a:f4:5a:37,60,2,0,0,-94,S,46:fb:cf:a9:f4:22"
1791390234.768,"B,5579,10,46:fb:cf:a9:f4:22,0,0,60,2,0,A,46:fb:cf:a9:f4:22"
1791390234.768,"B,5679,10,5c:62:8b:66:67:d2,0,0,28,1,-46,A,5c:62:8b:66:67:d2"
1791390234.768,"B,5679,10,b2:db:ca:e6:29:a6,28,1,0,0,-26,S,5c:62:8b:66:67:d2"
1791390234.971,"B,5779,10,72:3b:01:24:b7:c8,168,6,0,0,-38,S,5c:62:8b:66:67:d2"
1791390234.971,"B,5779,10,5c:62:8b:66:67:d2,0,0,168,6,-47,A,5c:62:8b:66:67:d2"
1791390234.971,"B,5779,10,38:d5:7a:f4:5a:37,30,1,0,0,-95,S,46:fb:cf:a9:f4:22"
1791390234.971,"B,5779,10,46:fb:cf:a9:f4:22,0,0,30,1,0,A,46:fb:cf:a9:f4:22"
1791390234.971,"B,5879,10,5c:62:8b:66:67:d2,0,0,56,2,-47,A,5c:62:8b:66:67:d2"
1791390234.971,"B,5879,10,b2:db:ca:e6:29:a6,56,2,0,0,-27,S,5c:62:8b:66:67:d2"
1791390235.171,"B,5979,10,72:3b:01:24:b7:c8,112,4,0,0,-37,S,5c:62:8b:66:67:d2"
1791390235.171,"B,5979,10,5c:62:8b:66:67:d2,0,0,140,5,-47,A,5c:62:8b:66:67:d2"
1791390235.171,"B,5979,10,b2:db:ca:e6:29:a6,28,1,0,0,-27,S,5c:62:8b:66:67:d2"
1791390235.375,"B,6179,10,72:3b:01:24:b7:c8,112,4,0,0,-39,S,5c:62:8b:66:67:d2"
1791390235.375,"B,6179,10,5c:62:8b:66:67:d2,0,0,196,7,-47,A,5c:62:8b:66:67:d2"
1791390235.375,"B,6179,10,b2:db:ca:e6:29:a6,84,3,0,0,-25,S,5c:62:8b:66:67:d2"
1791390235.375,"B,6279,10,72:3b:01:24:b7:c8,56,2,0,0,-42,S,5c:62:8b:66:67:d2"
1791390235.375,"B,6279,10,5c:62:8b:66:67:d2,0,0,84,3,-47,A,5c:62:8b:66:67:d2"
1791390235.375,"B,6279,10,b2:db:ca:e6:29:a6,28,1,0,0,-24,S,5c:62:8b:66:67:d2"
1791390235.579,"B,6379,10,72:3b:01:24:b7:c8,56,2,0,0,-38,S,5c:62:8b:66:67:d2"
1791390235.579,"B,6379,10,5c:62:8b:66:67:d2,0,0,112,4,-47,A,5c:62:8b:66:67:d2"
1791390235.579,"B,6379,10,b2:db:ca:e6:29:a6,56,2,0,0,-26,S,5c:62:8b:66:67:d2"
1791390235.579,"B,6379,10,38:d5:7a:f4:5a:37,60,2,0,0,-93,S,46:fb:cf:a9:f4:22"
1791390235.579,"B,6379,10,46:fb:cf:a9:f4:22,0,0,60,2,0,A,46:fb:cf:a9:f4:22"
1791390235.781,"B,6579,10,72:3b:01:24:b7:c8,84,3,0,0,-48,S,5c:62:8b:66:67:d2"
1791390235.781,"B,6579,10,5c:62:8b:66:67:d2,0,0,84,3,-45,A,5c:62:8b:66:67:d2"
1791390235.781,"B,6579,10,38:d5:7a:f4:5a:37,30,1,0,0,-91,S,46:fb:cf:a9:f4:22"
1791390235.781,"B,6579,10,46:fb:cf:a9:f4:22,0,0,30,1,0,A,46:fb:cf:a9:f4:22"
1791390235.781,"B,6679,10,5c:62:8b:66:67:d2,2151,9,28,1,-46,A,5c:62:8b:66:67:d2"
1791390235.781,"B,6679,10,b2:db:ca:e6:29:a6,28,1,2151,9,-27,S,5c:62:8b:66:67:d2"
1791390235.781,"B,6679,10,38:d5:7a:f4:5a:37,30,1,0,0,-91,S,46:fb:cf:a9:f4:22"
1791390235.781,"B,6679,10,46:fb:cf:a9:f4:22,0,0,30,1,0,A,46:fb:cf:a9:f4:22"
1791390235.981,"B,6779,10,72:3b:01:24:b7:c8,140,5,0,0,-47,S,5c:62:8b:66:67:d2"
1791390235.981,"B,6779,10,5c:62:8b:66:67:d2,0,0,168,6,-46,A,5c:62:8b:66:67:d2"
1791390235.981,"B,6779,10,b2:db:ca:e6:29:a6,28,1,0,0,-27,S,5c:62:8b:66:67:d2"
1791390235.981,"B,6879,10,72:3b:01:24:b7:c8,373,1,0,0,-46,S,5c:62:8b:66:67:d2"
1791390235.981,"B,6879,10,5c:62:8b:66:67:d2,0,0,401,2,-47,A,5c:62:8b:66:67:d2"
1791390235.981,"B,6879,10,b2:db:ca:e6:29:a6,28,1,0,0,-29,S,5c:62:8b:66:67:d2"
1791390236.183,"B,6979,10,72:3b:01:24:b7:c8,1554,1,0,0,-46,S,5c:62:8b:66:67:d2"
1791390236.183,"B,6979,10,5c:62:8b:66:67:d2,0,0,1582,2,-47,A,5c:62:8b:66:67:d2"
1791390236.183,"B,6979,10,b2:db:ca:e6:29:a6,28,1,0,0,-24,S,5c:62:8b:66:67:d2"
1791390236.183,"B,7079,10,72:3b:01:24:b7:c8,112,4,0,0,-29,S,5c:62:8b:66:67:d2"
1791390236.183,"B,7079,10,5c:62:8b:66:67:d2,0,0,140,5,-47,A,5c:62:8b:66:67:d2"
1791390236.183,"B,7079,10,b2:db:ca:e6:29:a6,28,1,0,0,-29,S,5c:62:8b:66:67:d2"
1791390236.183,"B,7079,10,38:d5:7a:f4:5a:37,30,1,0,0,-92,S,46:fb:cf:a9:f4:22"
1791390236.183,"B,7079,10,46:fb:cf:a9:f4:22,0,0,30,1,0,A,46:fb:cf:a9:f4:22"
1791390236.387,"B,7179,10,5c:62:8b:66:67:d2,0,0,28,1,0,A,5c:62:8b:66:67:d2"
1791390236.387,"B,7179,10,b2:db:ca:e6:29:a6,28,1,0,0,-28,S,5c:62:8b:66:67:d2"
1791390236.387,"B,7279,10,72:3b:01:24:b7:c8,140,5,0,0,-36,S,5c:62:8b:66:67:d2"
1791390236.387,"B,7279,10,5c:62:8b:66:67:d2,0,0,168,6,-48,A,5c:62:8b:66:67:d2"
1791390236.387,"B,7279,10,b2:db:ca:e6:29:a6,28,1,0,0,-28,S,5c:62:8b:66:67:d2"
1791390236.588,"B,7379,10,72:3b:01:24:b7:c8,28,1,0,0,-37,S,5c:62:8b:66:67:d2"
1791390236.588,"B,7379,10,5c:62:8b:66:67:d2,0,0,28,1,-48,A,5c:62:8b:66:67:d2"
1791390236.588,"B,7379,10,38:d5:7a:f4:5a:37,30,1,0,0,-91,S,46:fb:cf:a9:f4:22"
1791390236.588,"B,7379,10,46:fb:cf:a9:f4:22,0,0,30,1,0,A,46:fb:cf:a9:f4:22"
1791390236.588,"B,7479,10,72:3b:01:24:b7:c8,112,4,0,0,-36,S,5c:62:8b:66:67:d2"
1791390236.588,"B,7479,10,5c:62:8b:66:67:d2,0,0,112,4,-47,A,5c:62:8b:66:67:d2"
1791390236.793,"B,7579,10,5c:62:8b:66:67:d2,0,0,28,1,-47,A,5c:62:8b:66:67:d2"
1791390236.793,"B,7579,10,b2:db:ca:e6:29:a6,28,1,0,0,-29,S,5c:62:8b:66:67:d2"
1791390236.793,"B,7679,10,72:3b:01:24:b7:c8,84,3,0,0,-37,S,5c:62:8b:66:67:d2"
1791390236.793,"B,7679,10,5c:62:8b:66:67:d2,0,0,112,4,-46,A,5c:62:8b:66:67:d2"
1791390236.793,"B,7679,10,b2:db:ca:e6:29:a6,28,1,0,0,-29,S,5c:62:8b:66:67:d2"
1791390236.793,"B,7679,10,38:d5:7a:f4:5a:37,60,2,0,0,-93,S,46:fb:cf:a9:f4:22"
1791390236.793,"B,7679,10,46:fb:cf:a9:f4:22,0,0,60,2,0,A,46:fb:cf:a9:f4:22"
1791390236.998,"B,7779,10,72:3b:01:24:b7:c8,224,8,0,0,-36,S,5c:62:8b:66:67:d2"
1791390236.998,"B,7779,10,5c:62:8b:66:67:d2,0,0,252,9,-46,A,5c:62:8b:66:67:d2"
1791390236.998,"B,7779,10,b2:db:ca:e6:29:a6,28,1,0,0,-31,S,5c:62:8b:66:67:d2"
1791390236.998,"B,7879,10,72:3b:01:24:b7:c8,112,4,0,0,-34,S,5c:62:8b:66:67:d2"
1791390236.998,"B,7879,10,5c:62:8b:66:67:d2,0,0,140,5,-45,A,5c:62:8b:66:67:d2"
1791390236.998,"B,7879,10,b2:db:ca:e6:29:a6,28,1,0,0,-30,S,5c:62:8b:66:67:d2"
1791390236.998,"B,7879,10,38:d5:7a:f4:5a:37,30,1,0,0,-90,S,46:fb:cf:a9:f4:22"
1791390236.998,"B,7879,10,46:fb:cf:a9:f4:22,0,0,30,1,0,A,46:fb:cf:a9:f4:22"
1791390237.201,"B,7979,10,72:3b:01:24:b7:c8,112,4,0,0,-34,S,5c:62:8b:66:67:d2"
1791390237.201,"B,7979,10,5c:62:8b:66:67:d2,0,0,168,6,-45,A,5c:62:8b:66:67:d2"
1791390237.201,"B,7979,10,b2:db:ca:e6:29:a6,56,2,0,0,-30,S,5c:62:8b:66:67:d2"
1791390237.201,"B,7979,10,38:d5:7a:f4:5a:37,30,1,0,0,-94,S,46:fb:cf:a9:f4:22"
1791390237.201,"B,7979,10,46:fb:cf:a9:f4:22,0,0,30,1,0,A,46:fb:cf:a9:f4:22"
1791390237.201,"B,8079,10,5c:62:8b:66:67:d2,0,0,28,1,-45,A,5c:62:8b:66:67:d2"
1791390237.201,"B,8079,10,b2:db:ca:e6:29:a6,28,1,0,0,-27,S,5c:62:8b:66:67:d2"
1791390237.406,"B,8179,10,72:3b:01:24:b7:c8,112,4,0,0,-36,S,5c:62:8b:66:67:d2"
1791390237.406,"B,8179,10,5c:62:8b:66:67:d2,0,0,168,6,-45,A,5c:62:8b:66:67:d2"
1791390237.406,"B,8179,10,b2:db:ca:e6:29:a6,56,2,0,0,-28,S,5c:62:8b:66:67:d2"
1791390237.406,"B,8179,10,38:d5:7a:f4:5a:37,60,2,0,0,-95,S,46:fb:cf:a9:f4:22"
1791390237.406,"B,8179,10,46:fb:cf:a9:f4:22,0,0,60,2,0,A,46:fb:cf:a9:f4:22"
1791390237.406,"B,8279,10,72:3b:01:24:b7:c8,28,1,0,0,-36,S,5c:62:8b:66:67:d2"
1791390237.406,"B,8279,10,5c:62:8b:66:67:d2,0,0,56,2,-44,A,5c:62:8b:66:67:d2"
1791390237.406,"B,8279,10,b2:db:ca:e6:29:a6,28,1,0,0,-27,S,5c:62:8b:66:67:d2"
1791390237.608,"B,8379,10,72:3b:01:24:b7:c8,112,4,0,0,-35,S,5c:62:8b:66:67:d2"
1791390237.608,"B,8379,10,5c:62:8b:66:67:d2,0,0,140,5,-43,A,5c:62:8b:66:67:d2"
1791390237.608,"B,8379,10,b2:db:ca:e6:29:a6,28,1,0,0,-27,S,5c:62:8b:66:67:d2"
1791390237.811,"B,8579,10,72:3b:01:24:b7:c8,112,4,0,0,-37,S,5c:62:8b:66:67:d2"
1791390237.811,"B,8579,10,5c:62:8b:66:67:d2,0,0,112,4,-44,A,5c:62:8b:66:67:d2"
1791390237.811,"B,8579,10,38:d5:7a:f4:5a:37,60,2,0,0,-94,S,46:fb:cf:a9:f4:22"
1791390237.811,"B,8579,10,46:fb:cf:a9:f4:22,0,0,60,2,0,A,46:fb:cf:a9:f4:22"
1791390237.811,"B,8679,10,72:3b:01:24:b7:c8,162,3,0,0,-40,S,5c:62:8b:66:67:d2"
1791390237.811,"B,8679,10,5c:62:8b:66:67:d2,0,0,246,6,-43,A,5c:62:8b:66:67:d2"
1791390237.811,"B,8679,10,b2:db:ca:e6:29:a6,84,3,0,0,-28,S,5c:62:8b:66:67:d2"
1791390237.811,"B,8679,10,38:d5:7a:f4:5a:37,30,1,0,0,-94,S,46:fb:cf:a9:f4:22"
1791390237.811,"B,8679,10,46:fb:cf:a9:f4:22,0,0,30,1,0,A,46:fb:cf:a9:f4:22"
1791390238.014,"B,8779,10,72:3b:01:24:b7:c8,140,5,0,0,-36,S,5c:62:8b:66:67:d2"
1791390238.014,"B,8779,10,5c:62:8b:66:67:d2,0,0,196,7,-43,A,5c:62:8b:66:67:d2"
1791390238.014,"B,8779,10,b2:db:ca:e6:29:a6,56,2,0,0,-29,S,5c:62:8b:66:67:d2"
1791390238.014,"B,8879,10,5c:62:8b:66:67:d2,0,0,28,1,-44,A,5c:62:8b:66:67:d2"
1791390238.014,"B,8879,10,b2:db:ca:e6:29:a6,28,1,0,0,-28,S,5c:62:8b:66:67:d2"
1791390238.216,"B,8979,10,72:3b:01:24:b7:c8,112,4,0,0,-37,S,5c:62:8b:66:67:d2"
1791390238.216,"B,8979,10,5c:62:8b:66:67:d2,0,0,112,4,-44,A,5c:62:8b:66:67:d2"
1791390238.216,"B,9079,10,72:3b:01:24:b7:c8,28,1,0,0,-32,S,5c:62:8b:66:67:d2"
1791390238.216,"B,9079,10,5c:62:8b:66:67:d2,0,0,56,2,-45,A,5c:62:8b:66:67:d2"
1791390238.216,"B,9079,10,b2:db:ca:e6:29:a6,28,1,0,0,-28,S,5c:62:8b:66:67:d2"
1791390238.416,"B,9179,10,72:3b:01:24:b7:c8,28,1,0,0,-37,S,5c:62:8b:66:67:d2"
1791390238.416,"B,9179,10,5c:62:8b:66:67:d2,0,0,28,1,-43,A,5c:62:8b:66:67:d2"
1791390238.416,"B,9279,10,72:3b:01:24:b7:c8,168,6,0,0,-37,S,5c:62:8b:66:67:d2"
1791390238.416,"B,9279,10,5c:62:8b:66:67:d2,0,0,196,7,-45,A,5c:62:8b:66:67:d2"
1791390238.416,"B,9279,10,b2:db:ca:e6:29:a6,28,1,0,0,-26,S,5c:62:8b:66:67:d2"
1791390238.617,"B,9379,10,72:3b:01:24:b7:c8,28,1,0,0,-38,S,5c:62:8b:66:67:d2"
1791390238.617,"B,9379,10,5c:62:8b:66:67:d2,0,0,84,3,-43,A,5c:62:8b:66:67:d2"
1791390238.617,"B,9379,10,b2:db:ca:e6:29:a6,56,2,0,0,-27,S,5c:62:8b:66:67:d2"
1791390238.617,"B,9479,10,72:3b:01:24:b7:c8,112,4,0,0,-37,S,5c:62:8b:66:67:d2"
1791390238.617,"B,9479,10,5c:62:8b:66:67:d2,0,0,140,5,-44,A,5c:62:8b:66:67:d2"
1791390238.617,"B,9479,10,b2:db:ca:e6:29:a6,28,1,0,0,-26,S,5c:62:8b:66:67:d2"
1791390238.617,"B,9479,10,38:d5:7a:f4:5a:37,30,1,0,0,-98,S,46:fb:cf:a9:f4:22"
1791390238.617,"B,9479,10,46:fb:cf:a9:f4:22,0,0,30,1,0,A,46:fb:cf:a9:f4:22"
1791390238.819,"B,9579,10,5c:62:8b:66:67:d2,0,0,56,2,-44,A,5c:62:8b:66:67:d2"
1791390238.819,"B,9579,10,b2:db:ca:e6:29:a6,56,2,0,0,-27,S,5c:62:8b:66:67:d2"
1791390238.819,"B,9579,10,38:d5:7a:f4:5a:37,30,1,0,0,-93,S,46:fb:cf:a9:f4:22"
1791390238.819,"B,9579,10,46:fb:cf:a9:f4:22,0,0,30,1,0,A,46:fb:cf:a9:f4:22"
1791390238.819,"B,9679,10,72:3b:01:24:b7:c8,112,4,0,0,-36,S,5c:62:8b:66:67:d2"
1791390238.819,"B,9679,10,5c:62:8b:66:67:d2,0,0,140,5,-44,A,5c:62:8b:66:67:d2"
1791390238.819,"B,9679,10,b2:db:ca:e6:29:a6,28,1,0,0,-26,S,5c:62:8b:66:67:d2"
1791390238.819,"B,9679,10,38:d5:7a:f4:5a:37,30,1,0,0,-95,S,46:fb:cf:a9:f4:22"
1791390238.819,"B,9679,10,46:fb:cf:a9:f4:22,0,0,30,1,0,A,46:fb:cf:a9:f4:22"
1791390239.023,"B,9779,10,72:3b:01:24:b7:c8,280,10,0,0,-37,S,5c:62:8b:66:67:d2"
1791390239.023,"B,9779,10,5c:62:8b:66:67:d2,0,0,336,12,-44,A,5c:62:8b:66:67:d2"
1791390239.023,"B,9779,10,b2:db:ca:e6:29:a6,56,2,0,0,-26,S,5c:62:8b:66:67:d2"
1791390239.023,"B,9779,10,38:d5:7a:f4:5a:37,30,1,0,0,-92,S,46:fb:cf:a9:f4:22"
1791390239.023,"B,9779,10,46:fb:cf:a9:f4:22,0,0,30,1,0,A,46:fb:cf:a9:f4:22"
1791390239.023,"B,9879,10,72:3b:01:24:b7:c8,112,4,0,0,-36,S,5c:62:8b:66:67:d2"
1791390239.023,"B,9879,10,5c:62:8b:66:67:d2,0,0,168,6,-43,A,5c:62:8b:66:67:d2"
1791390239.023,"B,9879,10,b2:db:ca:e6:29:a6,56,2,0,0,-26,S,5c:62:8b:66:67:d2"
1791390239.023,"B,9879,10,38:d5:7a:f4:5a:37,30,1,0,0,-93,S,46:fb:cf:a9:f4:22"
1791390239.023,"B,9879,10,46:fb:cf:a9:f4:22,0,0,30,1,0,A,46:fb:cf:a9:f4:22"
1791390239.228,"B,9979,10,5c:62:8b:66:67:d2,0,0,56,2,-43,A,5c:62:8b:66:67:d2"
1791390239.228,"B,9979,10,b2:db:ca:e6:29:a6,56,2,0,0,-26,S,5c:62:8b:66:67:d2"
1791390239.228,"B,10079,10,72:3b:01:24:b7:c8,112,4,0,0,-36,S,5c:62:8b:66:67:d2"
1791390239.228,"B,10079,10,5c:62:8b:66:67:d2,0,0,112,4,-44,A,5c:62:8b:66:67:d2"
1791390239.228,"I,10081,stat,rx=759,drops=0,ch=10,bin=100,hop=0,heap=203064"
1791390239.434,"B,10179,10,5c:62:8b:66:67:d2,0,0,56,2,-44,A,5c:62:8b:66:67:d2"
1791390239.434,"B,10179,10,b2:db:ca:e6:29:a6,56,2,0,0,-28,S,5c:62:8b:66:67:d2"
1791390239.434,"B,10279,10,72:3b:01:24:b7:c8,196,7,0,0,-37,S,5c:62:8b:66:67:d2"
1791390239.434,"B,10279,10,5c:62:8b:66:67:d2,0,0,196,7,-44,A,5c:62:8b:66:67:d2"
1791390239.637,"B,10379,10,5c:62:8b:66:67:d2,0,0,56,2,-45,A,5c:62:8b:66:67:d2"
1791390239.637,"B,10379,10,b2:db:ca:e6:29:a6,56,2,0,0,-27,S,5c:62:8b:66:67:d2"
1791390239.637,"B,10479,10,72:3b:01:24:b7:c8,56,2,0,0,-40,S,5c:62:8b:66:67:d2"
1791390239.637,"B,10479,10,5c:62:8b:66:67:d2,0,0,56,2,-45,A,5c:62:8b:66:67:d2"
1791390239.841,"B,10579,10,5c:62:8b:66:67:d2,0,0,28,1,-45,A,5c:62:8b:66:67:d2"
1791390239.841,"B,10579,10,b2:db:ca:e6:29:a6,28,1,0,0,-25,S,5c:62:8b:66:67:d2"
1791390239.841,"B,10679,10,72:3b:01:24:b7:c8,56,2,0,0,-39,S,5c:62:8b:66:67:d2"
1791390239.841,"B,10679,10,5c:62:8b:66:67:d2,0,0,112,4,-45,A,5c:62:8b:66:67:d2"
1791390239.841,"B,10679,10,b2:db:ca:e6:29:a6,56,2,0,0,-27,S,5c:62:8b:66:67:d2"
1791390239.841,"B,10679,10,38:d5:7a:f4:5a:37,60,2,0,0,-91,S,46:fb:cf:a9:f4:22"
1791390239.841,"B,10679,10,46:fb:cf:a9:f4:22,0,0,60,2,0,A,46:fb:cf:a9:f4:22"
1791390239.841,"M,10703,slot,0,0"
1791390240.046,"B,10779,10,72:3b:01:24:b7:c8,112,4,0,0,-37,S,5c:62:8b:66:67:d2"
1791390240.046,"B,10779,10,5c:62:8b:66:67:d2,0,0,140,5,-45,A,5c:62:8b:66:67:d2"
1791390240.046,"B,10779,10,b2:db:ca:e6:29:a6,28,1,0,0,-27,S,5c:62:8b:66:67:d2"
1791390240.046,"B,10779,10,38:d5:7a:f4:5a:37,30,1,0,0,-94,S,46:fb:cf:a9:f4:22"
1791390240.046,"B,10779,10,46:fb:cf:a9:f4:22,0,0,30,1,0,A,46:fb:cf:a9:f4:22"
1791390240.046,"B,10879,10,5c:62:8b:66:67:d2,0,0,56,2,-45,A,5c:62:8b:66:67:d2"
1791390240.046,"B,10879,10,b2:db:ca:e6:29:a6,56,2,0,0,-26,S,5c:62:8b:66:67:d2"
1791390240.250,"B,10979,10,72:3b:01:24:b7:c8,56,2,0,0,-37,S,5c:62:8b:66:67:d2"
1791390240.250,"B,10979,10,5c:62:8b:66:67:d2,0,0,56,2,-45,A,5c:62:8b:66:67:d2"
1791390240.250,"B,10979,10,38:d5:7a:f4:5a:37,30,1,0,0,-93,S,46:fb:cf:a9:f4:22"
1791390240.250,"B,10979,10,46:fb:cf:a9:f4:22,0,0,30,1,0,A,46:fb:cf:a9:f4:22"
1791390240.250,"B,11079,10,5c:62:8b:66:67:d2,0,0,28,1,-45,A,5c:62:8b:66:67:d2"
1791390240.250,"B,11079,10,b2:db:ca:e6:29:a6,28,1,0,0,-28,S,5c:62:8b:66:67:d2"
1791390240.250,"B,11079,10,38:d5:7a:f4:5a:37,30,1,0,0,-95,S,46:fb:cf:a9:f4:22"
1791390240.250,"B,11079,10,46:fb:cf:a9:f4:22,0,0,30,1,0,A,46:fb:cf:a9:f4:22"
1791390240.451,"B,11179,10,72:3b:01:24:b7:c8,84,3,0,0,-37,S,5c:62:8b:66:67:d2"
1791390240.451,"B,11179,10,5c:62:8b:66:67:d2,0,0,112,4,-44,A,5c:62:8b:66:67:d2"
1791390240.451,"B,11179,10,b2:db:ca:e6:29:a6,28,1,0,0,-29,S,5c:62:8b:66:67:d2"
1791390240.451,"B,11179,10,38:d5:7a:f4:5a:37,30,1,0,0,-94,S,46:fb:cf:a9:f4:22"
1791390240.451,"B,11179,10,46:fb:cf:a9:f4:22,0,0,30,1,0,A,46:fb:cf:a9:f4:22"
1791390240.451,"B,11279,10,72:3b:01:24:b7:c8,28,1,0,0,-37,S,5c:62:8b:66:67:d2"
1791390240.451,"B,11279,10,5c:62:8b:66:67:d2,0,0,56,2,-44,A,5c:62:8b:66:67:d2"
1791390240.451,"B,11279,10,b2:db:ca:e6:29:a6,28,1,0,0,-26,S,5c:62:8b:66:67:d2"
1791390240.451,"B,11279,10,38:d5:7a:f4:5a:37,30,1,0,0,-92,S,46:fb:cf:a9:f4:22"
1791390240.451,"B,11279,10,46:fb:cf:a9:f4:22,0,0,30,1,0,A,46:fb:cf:a9:f4:22"
1791390240.653,"B,11379,10,72:3b:01:24:b7:c8,112,4,0,0,-37,S,5c:62:8b:66:67:d2"
1791390240.653,"B,11379,10,5c:62:8b:66:67:d2,0,0,140,5,-44,A,5c:62:8b:66:67:d2"
1791390240.653,"B,11379,10,b2:db:ca:e6:29:a6,28,1,0,0,-27,S,5c:62:8b:66:67:d2"
1791390240.653,"B,11379,10,38:d5:7a:f4:5a:37,60,2,0,0,-93,S,46:fb:cf:a9:f4:22"
1791390240.653,"B,11379,10,46:fb:cf:a9:f4:22,0,0,60,2,0,A,46:fb:cf:a9:f4:22"
1791390240.653,"B,11479,10,5c:62:8b:66:67:d2,0,0,56,2,0,A,5c:62:8b:66:67:d2"
1791390240.653,"B,11479,10,b2:db:ca:e6:29:a6,56,2,0,0,-27,S,5c:62:8b:66:67:d2"
1791390240.653,"B,11479,10,38:d5:7a:f4:5a:37,210,7,0,0,-91,S,46:fb:cf:a9:f4:22"
1791390240.653,"B,11479,10,46:fb:cf:a9:f4:22,0,0,210,7,0,A,46:fb:cf:a9:f4:22"
1791390240.857,"B,11579,10,72:3b:01:24:b7:c8,112,4,0,0,-37,S,5c:62:8b:66:67:d2"
1791390240.857,"B,11579,10,5c:62:8b:66:67:d2,0,0,140,5,-45,A,5c:62:8b:66:67:d2"
1791390240.857,"B,11579,10,b2:db:ca:e6:29:a6,28,1,0,0,-27,S,5c:62:8b:66:67:d2"
1791390241.058,"B,11779,10,72:3b:01:24:b7:c8,364,13,0,0,-37,S,5c:62:8b:66:67:d2"
1791390241.058,"B,11779,10,5c:62:8b:66:67:d2,0,0,364,13,-43,A,5c:62:8b:66:67:d2"
1791390241.058,"B,11879,10,72:3b:01:24:b7:c8,308,11,0,0,-37,S,5c:62:8b:66:67:d2"
1791390241.058,"B,11879,10,5c:62:8b:66:67:d2,0,0,336,12,-42,A,5c:62:8b:66:67:d2"
1791390241.058,"B,11879,10,b2:db:ca:e6:29:a6,28,1,0,0,-25,S,5c:62:8b:66:67:d2"
1791390241.058,"B,11879,10,38:d5:7a:f4:5a:37,30,1,0,0,-94,S,46:fb:cf:a9:f4:22"
1791390241.058,"B,11879,10,46:fb:cf:a9:f4:22,0,0,30,1,0,A,46:fb:cf:a9:f4:22"
1791390241.058,"B,11979,10,72:3b:01:24:b7:c8,140,5,0,0,-37,S,5c:62:8b:66:67:d2"
1791390241.058,"B,11979,10,5c:62:8b:66:67:d2,0,0,224,8,-43,A,5c:62:8b:66:67:d2"
1791390241.058,"B,11979,10,b2:db:ca:e6:29:a6,84,3,0,0,-26,S,5c:62:8b:66:67:d2"
1791390241.258,"B,12079,10,72:3b:01:24:b7:c8,196,7,0,0,-36,S,5c:62:8b:66:67:d2"
1791390241.258,"B,12079,10,5c:62:8b:66:67:d2,0,0,224,8,-43,A,5c:62:8b:66:67:d2"
1791390241.258,"B,12079,10,b2:db:ca:e6:29:a6,28,1,0,0,-26,S,5c:62:8b:66:67:d2"
1791390241.258,"B,12179,10,72:3b:01:24:b7:c8,252,9,0,0,-35,S,5c:62:8b:66:67:d2"
1791390241.258,"B,12179,10,5c:62:8b:66:67:d2,0,0,252,9,-44,A,5c:62:8b:66:67:d2"
1791390241.458,"B,12279,10,72:3b:01:24:b7:c8,196,7,0,0,-35,S,5c:62:8b:66:67:d2"
1791390241.458,"B,12279,10,5c:62:8b:66:67:d2,0,0,252,9,-43,A,5c:62:8b:66:67:d2"
1791390241.458,"B,12279,10,b2:db:ca:e6:29:a6,56,2,0,0,-25,S,5c:62:8b:66:67:d2"
1791390241.458,"B,12279,10,38:d5:7a:f4:5a:37,30,1,0,0,-93,S,46:fb:cf:a9:f4:22"
1791390241.458,"B,12279,10,46:fb:cf:a9:f4:22,0,0,30,1,0,A,46:fb:cf:a9:f4:22"
1791390241.458,"B,12379,10,72:3b:01:24:b7:c8,420,15,0,0,-35,S,5c:62:8b:66:67:d2"
1791390241.458,"B,12379,10,5c:62:8b:66:67:d2,0,0,448,16,-44,A,5c:62:8b:66:67:d2"
1791390241.659,"B,12379,10,b2:db:ca:e6:29:a6,28,1,0,0,-28,S,5c:62:8b:66:67:d2"
1791390241.659,"B,12479,10,72:3b:01:24:b7:c8,224,8,0,0,-35,S,5c:62:8b:66:67:d2"
1791390241.659,"B,12479,10,5c:62:8b:66:67:d2,0,0,280,10,-44,A,5c:62:8b:66:67:d2"
1791390241.659,"B,12479,10,b2:db:ca:e6:29:a6,56,2,0,0,-25,S,5c:62:8b:66:67:d2"
1791390241.659,"B,12479,10,38:d5:7a:f4:5a:37,30,1,0,0,-93,S,46:fb:cf:a9:f4:22"
1791390241.659,"B,12479,10,46:fb:cf:a9:f4:22,0,0,30,1,0,A,46:fb:cf:a9:f4:22"
1791390241.659,"B,12579,10,72:3b:01:24:b7:c8,196,7,0,0,-35,S,5c:62:8b:66:67:d2"
1791390241.659,"B,12579,10,5c:62:8b:66:67:d2,0,0,224,8,-44,A,5c:62:8b:66:67:d2"
1791390241.659,"B,12579,10,b2:db:ca:e6:29:a6,28,1,0,0,-26,S,5c:62:8b:66:67:d2"
1791390241.659,"B,12579,10,38:d5:7a:f4:5a:37,30,1,0,0,-95,S,46:fb:cf:a9:f4:22"
1791390241.860,"B,12579,10,46:fb:cf:a9:f4:22,0,0,30,1,0,A,46:fb:cf:a9:f4:22"
1791390241.860,"B,12679,10,72:3b:01:24:b7:c8,336,12,0,0,-38,S,5c:62:8b:66:67:d2"
1791390241.860,"B,12679,10,5c:62:8b:66:67:d2,0,0,392,14,-44,A,5c:62:8b:66:67:d2"
1791390241.860,"B,12679,10,b2:db:ca:e6:29:a6,56,2,0,0,-26,S,5c:62:8b:66:67:d2"
1791390241.860,"B,12779,10,72:3b:01:24:b7:c8,336,12,0,0,-37,S,5c:62:8b:66:67:d2"
1791390241.860,"B,12779,10,5c:62:8b:66:67:d2,0,0,364,13,-45,A,5c:62:8b:66:67:d2"
1791390241.860,"B,12779,10,b2:db:ca:e6:29:a6,28,1,0,0,-26,S,5c:62:8b:66:67:d2"
1791390242.060,"B,12879,10,72:3b:01:24:b7:c8,364,13,0,0,-38,S,5c:62:8b:66:67:d2"
1791390242.060,"B,12879,10,5c:62:8b:66:67:d2,0,0,392,14,-45,A,5c:62:8b:66:67:d2"
1791390242.060,"B,12879,10,b2:db:ca:e6:29:a6,28,1,0,0,-26,S,5c:62:8b:66:67:d2"
1791390242.060,"B,12979,10,72:3b:01:24:b7:c8,252,9,0,0,-37,S,5c:62:8b:66:67:d2"
1791390242.060,"B,12979,10,5c:62:8b:66:67:d2,0,0,280,10,-45,A,5c:62:8b:66:67:d2"
1791390242.060,"B,12979,10,b2:db:ca:e6:29:a6,28,1,0,0,-27,S,5c:62:8b:66:67:d2"
1791390242.260,"B,13079,10,72:3b:01:24:b7:c8,196,7,0,0,-39,S,5c:62:8b:66:67:d2"
1791390242.260,"B,13079,10,5c:62:8b:66:67:d2,0,0,196,7,-40,A,5c:62:8b:66:67:d2"
1791390242.260,"B,13079,10,38:d5:7a:f4:5a:37,60,2,0,0,-94,S,46:fb:cf:a9:f4:22"
1791390242.260,"B,13079,10,46:fb:cf:a9:f4:22,0,0,60,2,0,A,46:fb:cf:a9:f4:22"
1791390242.260,"B,13179,10,72:3b:01:24:b7:c8,280,10,0,0,-37,S,5c:62:8b:66:67:d2"
1791390242.260,"B,13179,10,5c:62:8b:66:67:d2,0,0,336,12,-44,A,5c:62:8b:66:67:d2"
1791390242.462,"B,13179,10,b2:db:ca:e6:29:a6,56,2,0,0,-27,S,5c:62:8b:66:67:d2"
1791390242.462,"B,13279,10,72:3b:01:24:b7:c8,252,9,0,0,-36,S,5c:62:8b:66:67:d2"
1791390242.462,"B,13279,10,5c:62:8b:66:67:d2,0,0,280,10,-45,A,5c:62:8b:66:67:d2"
1791390242.462,"B,13279,10,b2:db:ca:e6:29:a6,28,1,0,0,-27,S,5c:62:8b:66:67:d2"
1791390242.462,"B,13379,10,72:3b:01:24:b7:c8,196,7,0,0,-36,S,5c:62:8b:66:67:d2"
1791390242.462,"B,13379,10,5c:62:8b:66:67:d2,0,0,252,9,-45,A,5c:62:8b:66:67:d2"
1791390242.462,"B,13379,10,b2:db:ca:e6:29:a6,56,2,0,0,-29,S,5c:62:8b:66:67:d2"
1791390242.663,"B,13479,10,72:3b:01:24:b7:c8,84,3,0,0,-36,S,5c:62:8b:66:67:d2"
1791390242.663,"B,13479,10,5c:62:8b:66:67:d2,0,0,112,4,-45,A,5c:62:8b:66:67:d2"
1791390242.663,"B,13479,10,b2:db:ca:e6:29:a6,28,1,0,0,-27,S,5c:62:8b:66:67:d2"
1791390242.663,"B,13579,10,72:3b:01:24:b7:c8,336,12,0,0,-37,S,5c:62:8b:66:67:d2"
1791390242.663,"B,13579,10,5c:62:8b:66:67:d2,0,0,392,14,-45,A,5c:62:8b:66:67:d2"
1791390242.663,"B,13579,10,b2:db:ca:e6:29:a6,56,2,0,0,-27,S,5c:62:8b:66:67:d2"
1791390242.864,"B,13679,10,72:3b:01:24:b7:c8,168,6,0,0,-37,S,5c:62:8b:66:67:d2"
1791390242.864,"B,13679,10,5c:62:8b:66:67:d2,0,0,196,7,-44,A,5c:62:8b:66:67:d2"
1791390242.864,"B,13679,10,b2:db:ca:e6:29:a6,28,1,0,0,-27,S,5c:62:8b:66:67:d2"
1791390242.864,"B,13779,10,72:3b:01:24:b7:c8,196,7,0,0,-40,S,5c:62:8b:66:67:d2"
1791390242.864,"B,13779,10,5c:62:8b:66:67:d2,0,0,224,8,-44,A,5c:62:8b:66:67:d2"
1791390242.864,"B,13779,10,b2:db:ca:e6:29:a6,28,1,0,0,-27,S,5c:62:8b:66:67:d2"
1791390243.065,"B,13879,10,72:3b:01:24:b7:c8,56,2,0,0,-40,S,5c:62:8b:66:67:d2"
1791390243.065,"B,13879,10,5c:62:8b:66:67:d2,0,0,56,2,-46,A,5c:62:8b:66:67:d2"
1791390243.065,"B,13979,10,72:3b:01:24:b7:c8,140,5,0,0,-37,S,5c:62:8b:66:67:d2"
1791390243.065,"B,13979,10,5c:62:8b:66:67:d2,0,0,168,6,-45,A,5c:62:8b:66:67:d2"
1791390243.065,"B,13979,10,b2:db:ca:e6:29:a6,28,1,0,0,-25,S,5c:62:8b:66:67:d2"
1791390243.267,"B,14079,10,5c:62:8b:66:67:d2,0,0,56,2,-45,A,5c:62:8b:66:67:d2"
1791390243.267,"B,14079,10,b2:db:ca:e6:29:a6,56,2,0,0,-26,S,5c:62:8b:66:67:d2"
1791390243.267,"B,14179,10,72:3b:01:24:b7:c8,84,3,0,0,-42,S,5c:62:8b:66:67:d2"
1791390243.267,"B,14179,10,5c:62:8b:66:67:d2,0,0,84,3,-43,A,5c:62:8b:66:67:d2"
1791390243.468,"A,14211,10,00:eb:d8:11:99:9d,-71,"
1791390243.468,"B,14279,10,72:3b:01:24:b7:c8,28,1,0,0,-46,S,5c:62:8b:66:67:d2"
1791390243.468,"B,14279,10,5c:62:8b:66:67:d2,0,0,84,3,-43,A,5c:62:8b:66:67:d2"
1791390243.468,"B,14279,10,b2:db:ca:e6:29:a6,56,2,0,0,-25,S,5c:62:8b:66:67:d2"
1791390243.468,"B,14379,10,72:3b:01:24:b7:c8,112,4,0,0,-43,S,5c:62:8b:66:67:d2"
1791390243.468,"B,14379,10,5c:62:8b:66:67:d2,0,0,140,5,-43,A,5c:62:8b:66:67:d2"
1791390243.468,"B,14379,10,b2:db:ca:e6:29:a6,28,1,0,0,-26,S,5c:62:8b:66:67:d2"
1791390243.671,"B,14479,10,72:3b:01:24:b7:c8,112,4,0,0,-41,S,5c:62:8b:66:67:d2"
1791390243.671,"B,14479,10,5c:62:8b:66:67:d2,0,0,112,4,-44,A,5c:62:8b:66:67:d2"
1791390243.671,"B,14579,10,5c:62:8b:66:67:d2,0,0,84,3,-44,A,5c:62:8b:66:67:d2"
1791390243.671,"B,14579,10,b2:db:ca:e6:29:a6,84,3,0,0,-26,S,5c:62:8b:66:67:d2"
1791390243.873,"B,14679,10,72:3b:01:24:b7:c8,84,3,0,0,-38,S,5c:62:8b:66:67:d2"
1791390243.873,"B,14679,10,5c:62:8b:66:67:d2,0,0,112,4,-45,A,5c:62:8b:66:67:d2"
1791390243.873,"B,14679,10,b2:db:ca:e6:29:a6,28,1,0,0,-25,S,5c:62:8b:66:67:d2"
1791390243.873,"B,14779,10,72:3b:01:24:b7:c8,28,1,0,0,-35,S,5c:62:8b:66:67:d2"
1791390243.873,"B,14779,10,5c:62:8b:66:67:d2,0,0,56,2,-44,A,5c:62:8b:66:67:d2"
1791390243.873,"B,14779,10,b2:db:ca:e6:29:a6,28,1,0,0,-28,S,5c:62:8b:66:67:d2"
1791390244.076,"B,14879,10,72:3b:01:24:b7:c8,112,4,0,0,-35,S,5c:62:8b:66:67:d2"
1791390244.076,"B,14879,10,5c:62:8b:66:67:d2,0,0,140,5,-44,A,5c:62:8b:66:67:d2"
1791390244.076,"B,14879,10,b2:db:ca:e6:29:a6,28,1,0,0,-26,S,5c:62:8b:66:67:d2"
1791390244.076,"B,14979,10,5c:62:8b:66:67:d2,0,0,56,2,-44,A,5c:62:8b:66:67:d2"
1791390244.076,"B,14979,10,b2:db:ca:e6:29:a6,56,2,0,0,-26,S,5c:62:8b:66:67:d2"
1791390244.277,"B,15079,10,72:3b:01:24:b7:c8,112,4,0,0,-36,S,5c:62:8b:66:67:d2"
1791390244.277,"B,15079,10,5c:62:8b:66:67:d2,0,0,140,5,-45,A,5c:62:8b:66:67:d2"
1791390244.277,"B,15079,10,b2:db:ca:e6:29:a6,28,1,0,0,-29,S,5c:62:8b:66:67:d2"
1791390244.277,"B,15079,10,80:af:ca:68:4c:f8,576,1,0,0,-87,A,80:af:ca:68:4c:f8"
1791390244.277,"I,15087,stat,rx=1152,drops=0,ch=10,bin=100,hop=0,heap=203064"
1791390244.277,"B,15179,10,5c:62:8b:66:67:d2,0,0,28,1,-44,A,5c:62:8b:66:67:d2"
1791390244.277,"B,15179,10,b2:db:ca:e6:29:a6,28,1,0,0,-26,S,5c:62:8b:66:67:d2"
1791390244.481,"B,15279,10,72:3b:01:24:b7:c8,168,6,0,0,-39,S,5c:62:8b:66:67:d2"
1791390244.481,"B,15279,10,5c:62:8b:66:67:d2,0,0,196,7,-45,A,5c:62:8b:66:67:d2"
1791390244.481,"B,15279,10,b2:db:ca:e6:29:a6,28,1,0,0,-27,S,5c:62:8b:66:67:d2"
1791390244.481,"B,15279,10,38:d5:7a:f4:5a:37,30,1,0,0,-93,S,46:fb:cf:a9:f4:22"
1791390244.481,"B,15279,10,46:fb:cf:a9:f4:22,0,0,30,1,0,A,46:fb:cf:a9:f4:22"
1791390244.481,"B,15379,10,5c:62:8b:66:67:d2,0,0,28,1,-45,A,5c:62:8b:66:67:d2"
1791390244.481,"B,15379,10,b2:db:ca:e6:29:a6,28,1,0,0,-25,S,5c:62:8b:66:67:d2"
1791390244.685,"B,15479,10,72:3b:01:24:b7:c8,140,5,0,0,-42,S,5c:62:8b:66:67:d2"
1791390244.685,"B,15479,10,5c:62:8b:66:67:d2,0,0,168,6,-44,A,5c:62:8b:66:67:d2"
1791390244.685,"B,15479,10,b2:db:ca:e6:29:a6,28,1,0,0,-27,S,5c:62:8b:66:67:d2"
1791390244.685,"B,15579,10,5c:62:8b:66:67:d2,0,0,28,1,0,A,5c:62:8b:66:67:d2"
1791390244.685,"B,15579,10,b2:db:ca:e6:29:a6,28,1,0,0,-28,S,5c:62:8b:66:67:d2"
1791390244.888,"B,15679,10,72:3b:01:24:b7:c8,84,3,0,0,-42,S,5c:62:8b:66:67:d2"
1791390244.888,"B,15679,10,5c:62:8b:66:67:d2,0,0,112,4,-45,A,5c:62:8b:66:67:d2"
1791390244.888,"B,15679,10,b2:db:ca:e6:29:a6,28,1,0,0,-28,S,5c:62:8b:66:67:d2"
1791390244.888,"M,15774,slot,1,0"
1791390244.888,"B,15779,10,72:3b:01:24:b7:c8,308,11,0,0,-42,S,5c:62:8b:66:67:d2"
1791390244.888,"B,15779,10,5c:62:8b:66:67:d2,0,0,336,12,-44,A,5c:62:8b:66:67:d2"
1791390244.888,"B,15779,10,b2:db:ca:e6:29:a6,28,1,0,0,-26,S,5c:62:8b:66:67:d2"
1791390245.092,"B,15879,10,72:3b:01:24:b7:c8,84,3,0,0,-42,S,5c:62:8b:66:67:d2"
1791390245.092,"B,15879,10,5c:62:8b:66:67:d2,0,0,112,4,-44,A,5c:62:8b:66:67:d2"
1791390245.092,"B,15879,10,b2:db:ca:e6:29:a6,28,1,0,0,-27,S,5c:62:8b:66:67:d2"
1791390245.092,"B,15979,10,72:3b:01:24:b7:c8,84,3,0,0,-43,S,5c:62:8b:66:67:d2"
1791390245.092,"B,15979,10,5c:62:8b:66:67:d2,0,0,84,3,-44,A,5c:62:8b:66:67:d2"
1791390245.293,"B,16079,10,5c:62:8b:66:67:d2,0,0,28,1,-44,A,5c:62:8b:66:67:d2"
1791390245.293,"B,16079,10,b2:db:ca:e6:29:a6,28,1,0,0,-26,S,5c:62:8b:66:67:d2"
1791390245.293,"B,16179,10,72:3b:01:24:b7:c8,112,4,0,0,-42,S,5c:62:8b:66:67:d2"
1791390245.293,"B,16179,10,5c:62:8b:66:67:d2,0,0,140,5,-45,A,5c:62:8b:66:67:d2"
1791390245.293,"B,16179,10,b2:db:ca:e6:29:a6,28,1,0,0,-29,S,5c:62:8b:66:67:d2"
1791390245.497,"B,16379,10,72:3b:01:24:b7:c8,56,2,0,0,-41,S,5c:62:8b:66:67:d2"
1791390245.497,"B,16379,10,5c:62:8b:66:67:d2,0,0,112,4,-44,A,5c:62:8b:66:67:d2"
1791390245.497,"B,16379,10,b2:db:ca:e6:29:a6,56,2,0,0,-26,S,5c:62:8b:66:67:d2"
1791390245.701,"B,16479,10,72:3b:01:24:b7:c8,28,1,0,0,-42,S,5c:62:8b:66:67:d2"
1791390245.701,"B,16479,10,5c:62:8b:66:67:d2,0,0,28,1,-45,A,5c:62:8b:66:67:d2"
1791390245.701,"B,16579,10,72:3b:01:24:b7:c8,84,3,0,0,-41,S,5c:62:8b:66:67:d2"
1791390245.701,"B,16579,10,5c:62:8b:66:67:d2,0,0,140,5,-45,A,5c:62:8b:66:67:d2"
1791390245.701,"B,16579,10,b2:db:ca:e6:29:a6,56,2,0,0,-27,S,5c:62:8b:66:67:d2"
1791390245.905,"B,16779,10,72:3b:01:24:b7:c8,308,11,0,0,-38,S,5c:62:8b:66:67:d2"
1791390245.905,"B,16779,10,5c:62:8b:66:67:d2,0,0,364,13,-45,A,5c:62:8b:66:67:d2"
1791390245.905,"B,16779,10,b2:db:ca:e6:29:a6,56,2,0,0,-26,S,5c:62:8b:66:67:d2"
1791390245.905,"B,16779,10,38:d5:7a:f4:5a:37,60,2,0,0,-95,S,46:fb:cf:a9:f4:22"
1791390245.905,"B,16779,10,46:fb:cf:a9:f4:22,0,0,60,2,0,A,46:fb:cf:a9:f4:22"
1791390246.107,"B,16879,10,72:3b:01:24:b7:c8,56,2,0,0,-36,S,5c:62:8b:66:67:d2"
1791390246.107,"B,16879,10,5c:62:8b:66:67:d2,0,0,56,2,-44,A,5c:62:8b:66:67:d2"
1791390246.107,"B,16879,10,38:d5:7a:f4:5a:37,90,3,0,0,-91,S,46:fb:cf:a9:f4:22"
1791390246.107,"B,16879,10,46:fb:cf:a9:f4:22,0,0,90,3,0,A,46:fb:cf:a9:f4:22"
1791390246.107,"B,16979,10,72:3b:01:24:b7:c8,196,7,0,0,-39,S,5c:62:8b:66:67:d2"
1791390246.107,"B,16979,10,5c:62:8b:66:67:d2,0,0,252,9,-44,A,5c:62:8b:66:67:d2"
1791390246.107,"B,16979,10,b2:db:ca:e6:29:a6,56,2,0,0,-27,S,5c:62:8b:66:67:d2"
1791390246.311,"B,17079,10,72:3b:01:24:b7:c8,252,9,0,0,-42,S,5c:62:8b:66:67:d2"
1791390246.311,"B,17079,10,5c:62:8b:66:67:d2,0,0,280,10,-45,A,5c:62:8b:66:67:d2"
1791390246.311,"B,17079,10,b2:db:ca:e6:29:a6,28,1,0,0,-27,S,5c:62:8b:66:67:d2"
1791390246.311,"B,17179,10,72:3b:01:24:b7:c8,196,7,0,0,-45,S,5c:62:8b:66:67:d2"
1791390246.311,"B,17179,10,5c:62:8b:66:67:d2,0,0,224,8,-43,A,5c:62:8b:66:67:d2"
1791390246.311,"B,17179,10,b2:db:ca:e6:29:a6,28,1,0,0,-29,S,5c:62:8b:66:67:d2"
1791390246.311,"B,17179,10,38:d5:7a:f4:5a:37,30,1,0,0,-95,S,46:fb:cf:a9:f4:22"
1791390246.311,"B,17179,10,46:fb:cf:a9:f4:22,0,0,30,1,0,A,46:fb:cf:a9:f4:22"
1791390246.513,"B,17279,10,72:3b:01:24:b7:c8,224,8,0,0,-43,S,5c:62:8b:66:67:d2"
1791390246.513,"B,17279,10,5c:62:8b:66:67:d2,0,0,252,9,-44,A,5c:62:8b:66:67:d2"
1791390246.513,"B,17279,10,b2:db:ca:e6:29:a6,28,1,0,0,-26,S,5c:62:8b:66:67:d2"
1791390246.513,"B,17279,10,38:d5:7a:f4:5a:37,90,3,0,0,-94,S,46:fb:cf:a9:f4:22"
1791390246.513,"B,17279,10,46:fb:cf:a9:f4:22,0,0,90,3,0,A,46:fb:cf:a9:f4:22"
1791390246.513,"B,17379,10,72:3b:01:24:b7:c8,196,7,0,0,-43,S,5c:62:8b:66:67:d2"
1791390246.513,"B,17379,10,5c:62:8b:66:67:d2,0,0,196,7,-45,A,5c:62:8b:66:67:d2"
1791390246.714,"B,17479,10,72:3b:01:24:b7:c8,196,7,0,0,-42,S,5c:62:8b:66:67:d2"
1791390246.714,"B,17479,10,5c:62:8b:66:67:d2,0,0,252,9,-45,A,5c:62:8b:66:67:d2"
1791390246.714,"B,17479,10,b2:db:ca:e6:29:a6,56,2,0,0,-26,S,5c:62:8b:66:67:d2"
1791390246.714,"B,17479,10,e6:eb:0e:16:9b:da,26655,17,0,0,-67,A,e6:eb:0e:16:9b:da"
1791390246.714,"B,17479,10,6a:00:a8:6f:a4:98,0,0,26655,17,0,S,e6:eb:0e:16:9b:da"
1791390246.714,"B,17579,10,72:3b:01:24:b7:c8,224,8,0,0,-42,S,5c:62:8b:66:67:d2"
1791390246.714,"B,17579,10,5c:62:8b:66:67:d2,0,0,252,9,-45,A,5c:62:8b:66:67:d2"
1791390246.714,"B,17579,10,b2:db:ca:e6:29:a6,28,1,0,0,-28,S,5c:62:8b:66:67:d2"
1791390246.714,"B,17579,10,38:d5:7a:f4:5a:37,30,1,0,0,-97,S,46:fb:cf:a9:f4:22"
1791390246.714,"B,17579,10,46:fb:cf:a9:f4:22,0,0,30,1,0,A,46:fb:cf:a9:f4:22"
1791390246.918,"B,17679,10,72:3b:01:24:b7:c8,196,7,0,0,-42,S,5c:62:8b:66:67:d2"
1791390246.918,"B,17679,10,5c:62:8b:66:67:d2,0,0,224,8,-45,A,5c:62:8b:66:67:d2"
1791390246.918,"B,17679,10,b2:db:ca:e6:29:a6,28,1,0,0,-27,S,5c:62:8b:66:67:d2"
1791390246.918,"B,17679,10,38:d5:7a:f4:5a:37,180,6,0,0,-95,S,46:fb:cf:a9:f4:22"
1791390246.918,"B,17679,10,46:fb:cf:a9:f4:22,0,0,180,6,0,A,46:fb:cf:a9:f4:22"
1791390246.918,"B,17779,10,72:3b:01:24:b7:c8,112,4,0,0,-43,S,5c:62:8b:66:67:d2"
1791390246.918,"B,17779,10,5c:62:8b:66:67:d2,0,0,168,6,-46,A,5c:62:8b:66:67:d2"
1791390246.918,"B,17779,10,b2:db:ca:e6:29:a6,56,2,0,0,-28,S,5c:62:8b:66:67:d2"
1791390246.918,"B,17779,10,38:d5:7a:f4:5a:37,60,2,0,0,-94,S,46:fb:cf:a9:f4:22"
1791390246.918,"B,17779,10,46:fb:cf:a9:f4:22,0,0,60,2,0,A,46:fb:cf:a9:f4:22"
1791390247.122,"B,17879,10,72:3b:01:24:b7:c8,224,8,0,0,-42,S,5c:62:8b:66:67:d2"
1791390247.122,"B,17879,10,5c:62:8b:66:67:d2,0,0,280,10,-45,A,5c:62:8b:66:67:d2"
1791390247.122,"B,17879,10,b2:db:ca:e6:29:a6,56,2,0,0,-27,S,5c:62:8b:66:67:d2"
1791390247.122,"B,17979,10,72:3b:01:24:b7:c8,252,9,0,0,-42,S,5c:62:8b:66:67:d2"
1791390247.122,"B,17979,10,5c:62:8b:66:67:d2,0,0,252,9,-47,A,5c:62:8b:66:67:d2"
1791390247.323,"B,18079,10,72:3b:01:24:b7:c8,280,10,0,0,-39,S,5c:62:8b:66:67:d2"
1791390247.323,"B,18079,10,5c:62:8b:66:67:d2,0,0,336,12,-45,A,5c:62:8b:66:67:d2"
1791390247.323,"B,18079,10,b2:db:ca:e6:29:a6,56,2,0,0,-28,S,5c:62:8b:66:67:d2"
1791390247.323,"B,18179,10,72:3b:01:24:b7:c8,252,9,0,0,-41,S,5c:62:8b:66:67:d2"
1791390247.323,"B,18179,10,5c:62:8b:66:67:d2,0,0,280,10,-45,A,5c:62:8b:66:67:d2"
1791390247.323,"B,18179,10,b2:db:ca:e6:29:a6,28,1,0,0,-28,S,5c:62:8b:66:67:d2"
1791390247.527,"B,18279,10,72:3b:01:24:b7:c8,140,5,0,0,-41,S,5c:62:8b:66:67:d2"
1791390247.527,"B,18279,10,5c:62:8b:66:67:d2,0,0,168,6,-46,A,5c:62:8b:66:67:d2"
1791390247.527,"B,18279,10,b2:db:ca:e6:29:a6,28,1,0,0,-28,S,5c:62:8b:66:67:d2"
1791390247.527,"B,18379,10,72:3b:01:24:b7:c8,308,11,0,0,-42,S,5c:62:8b:66:67:d2"
1791390247.527,"B,18379,10,5c:62:8b:66:67:d2,0,0,364,13,-45,A,5c:62:8b:66:67:d2"
1791390247.527,"B,18379,10,b2:db:ca:e6:29:a6,56,2,0,0,-27,S,5c:62:8b:66:67:d2"
1791390247.731,"B,18479,10,72:3b:01:24:b7:c8,112,4,0,0,-42,S,5c:62:8b:66:67:d2"
1791390247.731,"B,18479,10,5c:62:8b:66:67:d2,0,0,112,4,-45,A,5c:62:8b:66:67:d2"
1791390247.731,"B,18479,10,38:d5:7a:f4:5a:37,30,1,0,0,-91,S,46:fb:cf:a9:f4:22"
1791390247.731,"B,18479,10,46:fb:cf:a9:f4:22,0,0,30,1,0,A,46:fb:cf:a9:f4:22"
1791390247.731,"B,18579,10,72:3b:01:24:b7:c8,224,8,0,0,-41,S,5c:62:8b:66:67:d2"
1791390247.731,"B,18579,10,5c:62:8b:66:67:d2,0,0,280,10,-45,A,5c:62:8b:66:67:d2"
1791390247.731,"B,18579,10,b2:db:ca:e6:29:a6,56,2,0,0,-29,S,5c:62:8b:66:67:d2"
1791390247.933,"B,18679,10,72:3b:01:24:b7:c8,280,10,0,0,-38,S,5c:62:8b:66:67:d2"
1791390247.933,"B,18679,10,5c:62:8b:66:67:d2,0,0,280,10,-45,A,5c:62:8b:66:67:d2"
1791390247.933,"B,18779,10,72:3b:01:24:b7:c8,196,7,0,0,-42,S,5c:62:8b:66:67:d2"
1791390247.933,"B,18779,10,5c:62:8b:66:67:d2,0,0,252,9,-45,A,5c:62:8b:66:67:d2"
1791390247.933,"B,18779,10,b2:db:ca:e6:29:a6,56,2,0,0,-28,S,5c:62:8b:66:67:d2"
1791390248.137,"B,18879,10,72:3b:01:24:b7:c8,134,2,0,0,-39,S,5c:62:8b:66:67:d2"
1791390248.137,"B,18879,10,5c:62:8b:66:67:d2,0,0,134,2,-46,A,5c:62:8b:66:67:d2"
1791390248.137,"B,18979,10,72:3b:01:24:b7:c8,84,3,0,0,-36,S,5c:62:8b:66:67:d2"
1791390248.137,"B,18979,10,5c:62:8b:66:67:d2,0,0,505,6,-46,A,5c:62:8b:66:67:d2"
1791390248.137,"B,18979,10,b2:db:ca:e6:29:a6,421,3,0,0,-26,S,5c:62:8b:66:67:d2"
1791390248.341,"B,19079,10,72:3b:01:24:b7:c8,56,2,0,0,-38,S,5c:62:8b:66:67:d2"
1791390248.341,"B,19079,10,5c:62:8b:66:67:d2,0,0,162,3,-46,A,5c:62:8b:66:67:d2"
1791390248.341,"B,19079,10,b2:db:ca:e6:29:a6,106,1,0,0,-26,S,5c:62:8b:66:67:d2"
1791390248.341,"B,19179,10,5c:62:8b:66:67:d2,0,0,28,1,-47,A,5c:62:8b:66:67:d2"
1791390248.341,"B,19179,10,b2:db:ca:e6:29:a6,28,1,0,0,-27,S,5c:62:8b:66:67:d2"
1791390248.546,"B,19279,10,72:3b:01:24:b7:c8,168,6,0,0,-37,S,5c:62:8b:66:67:d2"
1791390248.546,"B,19279,10,5c:62:8b:66:67:d2,0,0,280,10,-47,A,5c:62:8b:66:67:d2"
1791390248.546,"B,19279,10,b2:db:ca:e6:29:a6,112,4,0,0,-25,S,5c:62:8b:66:67:d2"
1791390248.748,"B,19479,10,72:3b:01:24:b7:c8,56,2,0,0,-35,S,5c:62:8b:66:67:d2"
1791390248.748,"B,19479,10,5c:62:8b:66:67:d2,0,0,2547,6,-47,A,5c:62:8b:66:67:d2"
1791390248.748,"B,19479,10,b2:db:ca:e6:29:a6,2491,4,0,0,-24,S,5c:62:8b:66:67:d2"
1791390248.748,"B,19579,10,5c:62:8b:66:67:d2,0,0,1388,2,-46,A,5c:62:8b:66:67:d2"
1791390248.748,"B,19579,10,b2:db:ca:e6:29:a6,1388,2,0,0,-25,S,5c:62:8b:66:67:d2"
1791390248.951,"B,19679,10,72:3b:01:24:b7:c8,112,4,0,0,-36,S,5c:62:8b:66:67:d2"
1791390248.951,"B,19679,10,5c:62:8b:66:67:d2,0,0,112,4,-47,A,5c:62:8b:66:67:d2"
1791390248.951,"B,19779,10,72:3b:01:24:b7:c8,56,2,0,0,-38,S,5c:62:8b:66:67:d2"
1791390248.951,"B,19779,10,5c:62:8b:66:67:d2,0,0,84,3,0,A,5c:62:8b:66:67:d2"
1791390248.951,"B,19779,10,b2:db:ca:e6:29:a6,28,1,0,0,-25,S,5c:62:8b:66:67:d2"
1791390248.951,"B,19779,10,38:d5:7a:f4:5a:37,30,1,0,0,-96,S,46:fb:cf:a9:f4:22"
1791390248.951,"B,19779,10,46:fb:cf:a9:f4:22,0,0,30,1,0,A,46:fb:cf:a9:f4:22"
1791390249.154,"B,19879,10,5c:62:8b:66:67:d2,0,0,1778,9,-47,A,5c:62:8b:66:67:d2"
1791390249.154,"B,19879,10,b2:db:ca:e6:29:a6,1778,9,0,0,-25,S,5c:62:8b:66:67:d2"
1791390249.154,"B,19979,10,5c:62:8b:66:67:d2,4388,20,112,4,-48,A,5c:62:8b:66:67:d2"
1791390249.154,"B,19979,10,b2:db:ca:e6:29:a6,112,4,4388,20,-25,S,5c:62:8b:66:67:d2"
1791390249.154,"B,19979,10,38:d5:7a:f4:5a:37,30,1,0,0,-95,S,46:fb:cf:a9:f4:22"
1791390249.154,"B,19979,10,46:fb:cf:a9:f4:22,0,0,30,1,0,A,46:fb:cf:a9:f4:22"
1791390249.356,"B,20079,10,5c:62:8b:66:67:d2,1281,9,3226,3,-48,A,5c:62:8b:66:67:d2"
1791390249.356,"B,20079,10,b2:db:ca:e6:29:a6,3226,3,1281,9,-23,S,5c:62:8b:66:67:d2"
1791390249.356,"B,20079,10,38:d5:7a:f4:5a:37,30,1,0,0,-95,S,46:fb:cf:a9:f4:22"
1791390249.356,"B,20079,10,46:fb:cf:a9:f4:22,0,0,30,1,0,A,46:fb:cf:a9:f4:22"
1791390249.356,"I,20089,stat,rx=1600,drops=0,ch=10,bin=100,hop=0,heap=203064"
1791390249.356,"B,20179,10,5c:62:8b:66:67:d2,3129,20,1778,9,-48,A,5c:62:8b:66:67:d2"
1791390249.356,"B,20179,10,b2:db:ca:e6:29:a6,1778,9,3129,20,-26,S,5c:62:8b:66:67:d2"
1791390249.559,"B,20279,10,72:3b:01:24:b7:c8,28,1,0,0,-39,S,5c:62:8b:66:67:d2"
1791390249.559,"B,20279,10,5c:62:8b:66:67:d2,306,2,1694,6,-47,A,5c:62:8b:66:67:d2"
1791390249.559,"B,20279,10,b2:db:ca:e6:29:a6,1666,5,306,2,-23,S,5c:62:8b:66:67:d2"
1791390249.559,"B,20379,10,72:3b:01:24:b7:c8,56,2,0,0,-35,S,5c:62:8b:66:67:d2"
1791390249.559,"B,20379,10,5c:62:8b:66:67:d2,0,0,140,5,-47,A,5c:62:8b:66:67:d2"
1791390249.559,"B,20379,10,b2:db:ca:e6:29:a6,84,3,0,0,-26,S,5c:62:8b:66:67:d2"
1791390249.559,"B,20379,10,38:d5:7a:f4:5a:37,60,2,0,0,-93,S,46:fb:cf:a9:f4:22"
1791390249.559,"B,20379,10,46:fb:cf:a9:f4:22,0,0,60,2,0,A,46:fb:cf:a9:f4:22"
1791390249.760,"B,20579,10,72:3b:01:24:b7:c8,112,4,0,0,-35,S,5c:62:8b:66:67:d2"
1791390249.760,"B,20579,10,5c:62:8b:66:67:d2,0,0,112,4,-46,A,5c:62:8b:66:67:d2"
1791390249.760,"B,20679,10,5c:62:8b:66:67:d2,0,0,1610,3,-47,A,5c:62:8b:66:67:d2"
1791390249.961,"B,20679,10,b2:db:ca:e6:29:a6,1610,3,0,0,-27,S,5c:62:8b:66:67:d2"
1791390249.961,"B,20779,10,72:3b:01:24:b7:c8,336,12,0,0,-36,S,5c:62:8b:66:67:d2"
1791390249.961,"B,20779,10,5c:62:8b:66:67:d2,0,0,336,12,-47,A,5c:62:8b:66:67:d2"
1791390249.961,"M,20842,slot,2,0"
1791390249.961,"B,20879,10,5c:62:8b:66:67:d2,0,0,56,2,-47,A,5c:62:8b:66:67:d2"
1791390249.961,"B,20879,10,b2:db:ca:e6:29:a6,56,2,0,0,-27,S,5c:62:8b:66:67:d2"
1791390250.161,"B,20979,10,72:3b:01:24:b7:c8,112,4,0,0,-36,S,5c:62:8b:66:67:d2"
1791390250.161,"B,20979,10,5c:62:8b:66:67:d2,0,0,112,4,-46,A,5c:62:8b:66:67:d2"
1791390250.161,"B,21079,10,5c:62:8b:66:67:d2,1438,10,56,2,-48,A,5c:62:8b:66:67:d2"
1791390250.161,"B,21079,10,b2:db:ca:e6:29:a6,56,2,1438,10,-29,S,5c:62:8b:66:67:d2"
1791390250.161,"B,21079,10,38:d5:7a:f4:5a:37,30,1,0,0,-97,S,46:fb:cf:a9:f4:22"
1791390250.161,"B,21079,10,46:fb:cf:a9:f4:22,0,0,30,1,0,A,46:fb:cf:a9:f4:22"
1791390250.361,"B,21179,10,72:3b:01:24:b7:c8,84,3,0,0,-35,S,5c:62:8b:66:67:d2"
1791390250.361,"B,21179,10,5c:62:8b:66:67:d2,0,0,84,3,-46,A,5c:62:8b:66:67:d2"
1791390250.361,"B,21179,10,38:d5:7a:f4:5a:37,60,2,0,0,-93,S,46:fb:cf:a9:f4:22"
1791390250.361,"B,21179,10,46:fb:cf:a9:f4:22,0,0,60,2,0,A,46:fb:cf:a9:f4:22"
1791390250.361,"B,21279,10,72:3b:01:24:b7:c8,28,1,0,0,-36,S,5c:62:8b:66:67:d2"
1791390250.361,"B,21279,10,5c:62:8b:66:67:d2,0,0,56,2,-45,A,5c:62:8b:66:67:d2"
1791390250.361,"B,21279,10,b2:db:ca:e6:29:a6,28,1,0,0,-28,S,5c:62:8b:66:67:d2"
1791390250.563,"B,21379,10,72:3b:01:24:b7:c8,56,2,0,0,-41,S,5c:62:8b:66:67:d2"
1791390250.563,"B,21379,10,5c:62:8b:66:67:d2,0,0,84,3,-45,A,5c:62:8b:66:67:d2"
1791390250.563,"B,21379,10,b2:db:ca:e6:29:a6,28,1,0,0,-28,S,5c:62:8b:66:67:d2"
1791390250.563,"B,21479,10,38:d5:7a:f4:5a:37,30,1,0,0,-94,S,46:fb:cf:a9:f4:22"
1791390250.563,"B,21479,10,46:fb:cf:a9:f4:22,0,0,30,1,0,A,46:fb:cf:a9:f4:22"
1791390250.765,"B,21579,10,72:3b:01:24:b7:c8,84,3,0,0,-41,S,5c:62:8b:66:67:d2"
1791390250.765,"B,21579,10,5c:62:8b:66:67:d2,1890,12,140,5,-47,A,5c:62:8b:66:67:d2"
1791390250.765,"B,21579,10,b2:db:ca:e6:29:a6,56,2,1890,12,-27,S,5c:62:8b:66:67:d2"
1791390250.765,"B,21579,10,38:d5:7a:f4:5a:37,60,2,0,0,-93,S,46:fb:cf:a9:f4:22"
1791390250.765,"B,21579,10,46:fb:cf:a9:f4:22,0,0,60,2,0,A,46:fb:cf:a9:f4:22"
1791390250.765,"B,21679,10,72:3b:01:24:b7:c8,84,3,0,0,-37,S,5c:62:8b:66:67:d2"
1791390250.765,"B,21679,10,5c:62:8b:66:67:d2,145,1,84,3,-47,A,5c:62:8b:66:67:d2"
1791390250.765,"B,21679,10,b2:db:ca:e6:29:a6,0,0,145,1,0,S,5c:62:8b:66:67:d2"
1791390250.965,"B,21779,10,72:3b:01:24:b7:c8,84,3,0,0,-38,S,5c:62:8b:66:67:d2"
1791390250.965,"B,21779,10,5c:62:8b:66:67:d2,0,0,140,5,-47,A,5c:62:8b:66:67:d2"
1791390250.965,"B,21779,10,b2:db:ca:e6:29:a6,56,2,0,0,-28,S,5c:62:8b:66:67:d2"
1791390250.965,"B,21879,10,72:3b:01:24:b7:c8,84,3,0,0,-39,S,5c:62:8b:66:67:d2"
1791390250.965,"B,21879,10,5c:62:8b:66:67:d2,0,0,84,3,-47,A,5c:62:8b:66:67:d2"
1791390251.166,"B,21979,10,5c:62:8b:66:67:d2,0,0,56,2,-46,A,5c:62:8b:66:67:d2"
1791390251.166,"B,21979,10,b2:db:ca:e6:29:a6,56,2,0,0,-30,S,5c:62:8b:66:67:d2"
1791390251.166,"B,21979,10,38:d5:7a:f4:5a:37,30,1,0,0,-93,S,46:fb:cf:a9:f4:22"
1791390251.166,"B,21979,10,46:fb:cf:a9:f4:22,0,0,30,1,0,A,46:fb:cf:a9:f4:22"
1791390251.166,"B,22079,10,72:3b:01:24:b7:c8,84,3,0,0,-24,S,5c:62:8b:66:67:d2"
1791390251.166,"B,22079,10,5c:62:8b:66:67:d2,8246,7,84,3,-47,A,5c:62:8b:66:67:d2"
1791390251.166,"B,22079,10,b2:db:ca:e6:29:a6,0,0,8246,7,0,S,5c:62:8b:66:67:d2"
1791390251.367,"B,22179,10,5c:62:8b:66:67:d2,0,0,56,2,-44,A,5c:62:8b:66:67:d2"
1791390251.367,"B,22179,10,b2:db:ca:e6:29:a6,56,2,0,0,-33,S,5c:62:8b:66:67:d2"
1791390251.367,"B,22279,10,72:3b:01:24:b7:c8,168,6,0,0,-26,S,5c:62:8b:66:67:d2"
1791390251.367,"B,22279,10,5c:62:8b:66:67:d2,0,0,168,6,-44,A,5c:62:8b:66:67:d2"
1791390251.367,"B,22279,10,38:d5:7a:f4:5a:37,30,1,0,0,-95,S,46:fb:cf:a9:f4:22"
1791390251.367,"B,22279,10,46:fb:cf:a9:f4:22,0,0,30,1,0,A,46:fb:cf:a9:f4:22"
1791390251.568,"B,22379,10,5c:62:8b:66:67:d2,0,0,28,1,-43,A,5c:62:8b:66:67:d2"
1791390251.568,"B,22379,10,b2:db:ca:e6:29:a6,28,1,0,0,-27,S,5c:62:8b:66:67:d2"
1791390251.568,"B,22479,10,72:3b:01:24:b7:c8,112,4,0,0,-27,S,5c:62:8b:66:67:d2"
1791390251.568,"B,22479,10,5c:62:8b:66:67:d2,0,0,140,5,-43,A,5c:62:8b:66:67:d2"
1791390251.568,"B,22479,10,b2:db:ca:e6:29:a6,28,1,0,0,-28,S,5c:62:8b:66:67:d2"
1791390251.568,"B,22479,10,38:d5:7a:f4:5a:37,30,1,0,0,-94,S,46:fb:cf:a9:f4:22"
1791390251.568,"B,22479,10,46:fb:cf:a9:f4:22,0,0,30,1,0,A,46:fb:cf:a9:f4:22"
1791390251.769,"B,22579,10,5c:62:8b:66:67:d2,4499,25,0,0,-45,A,5c:62:8b:66:67:d2"
1791390251.769,"B,22579,10,b2:db:ca:e6:29:a6,0,0,4499,25,0,S,5c:62:8b:66:67:d2"
1791390251.769,"B,22679,10,72:3b:01:24:b7:c8,56,2,0,0,-26,S,5c:62:8b:66:67:d2"
1791390251.769,"B,22679,10,5c:62:8b:66:67:d2,0,0,224,8,-42,A,5c:62:8b:66:67:d2"
1791390251.769,"B,22679,10,b2:db:ca:e6:29:a6,168,6,0,0,-27,S,5c:62:8b:66:67:d2"
1791390251.971,"B,22779,10,72:3b:01:24:b7:c8,56,2,0,0,-29,S,5c:62:8b:66:67:d2"
1791390251.971,"B,22779,10,5c:62:8b:66:67:d2,0,0,56,2,-44,A,5c:62:8b:66:67:d2"
1791390251.971,"B,22879,10,72:3b:01:24:b7:c8,84,3,0,0,-27,S,5c:62:8b:66:67:d2"
1791390251.971,"B,22879,10,5c:62:8b:66:67:d2,0,0,168,6,-44,A,5c:62:8b:66:67:d2"
1791390251.971,"B,22879,10,b2:db:ca:e6:29:a6,84,3,0,0,-26,S,5c:62:8b:66:67:d2"
1791390252.173,"B,23079,10,72:3b:01:24:b7:c8,112,4,0,0,-26,S,5c:62:8b:66:67:d2"
1791390252.173,"B,23079,10,5c:62:8b:66:67:d2,0,0,168,6,-44,A,5c:62:8b:66:67:d2"
1791390252.173,"B,23079,10,b2:db:ca:e6:29:a6,56,2,0,0,-23,S,5c:62:8b:66:67:d2"
1791390252.376,"B,23179,10,72:3b:01:24:b7:c8,84,3,0,0,-27,S,5c:62:8b:66:67:d2"
1791390252.376,"B,23179,10,5c:62:8b:66:67:d2,0,0,84,3,-44,A,5c:62:8b:66:67:d2"
1791390252.376,"B,23279,10,72:3b:01:24:b7:c8,28,1,0,0,-27,S,5c:62:8b:66:67:d2"
1791390252.376,"B,23279,10,5c:62:8b:66:67:d2,0,0,56,2,-45,A,5c:62:8b:66:67:d2"
1791390252.376,"B,23279,10,b2:db:ca:e6:29:a6,28,1,0,0,-27,S,5c:62:8b:66:67:d2"
1791390252.580,"B,23379,10,72:3b:01:24:b7:c8,112,4,0,0,-28,S,5c:62:8b:66:67:d2"
1791390252.580,"B,23379,10,5c:62:8b:66:67:d2,0,0,168,6,-45,A,5c:62:8b:66:67:d2"
1791390252.580,"B,23379,10,b2:db:ca:e6:29:a6,56,2,0,0,-24,S,5c:62:8b:66:67:d2"
1791390252.580,"B,23479,10,5c:62:8b:66:67:d2,0,0,28,1,-45,A,5c:62:8b:66:67:d2"
1791390252.580,"B,23479,10,b2:db:ca:e6:29:a6,28,1,0,0,-24,S,5c:62:8b:66:67:d2"
1791390252.783,"B,23579,10,72:3b:01:24:b7:c8,84,3,0,0,-29,S,5c:62:8b:66:67:d2"
1791390252.783,"B,23579,10,5c:62:8b:66:67:d2,0,0,112,4,-46,A,5c:62:8b:66:67:d2"
1791390252.783,"B,23579,10,b2:db:ca:e6:29:a6,28,1,0,0,-23,S,5c:62:8b:66:67:d2"
1791390252.783,"B,23679,10,5c:62:8b:66:67:d2,0,0,28,1,-52,A,5c:62:8b:66:67:d2"
1791390252.783,"B,23679,10,b2:db:ca:e6:29:a6,28,1,0,0,-24,S,5c:62:8b:66:67:d2"
1791390252.985,"B,23779,10,72:3b:01:24:b7:c8,56,2,0,0,-33,S,5c:62:8b:66:67:d2"
1791390252.985,"B,23779,10,5c:62:8b:66:67:d2,0,0,84,3,-42,A,5c:62:8b:66:67:d2"
1791390252.985,"B,23779,10,b2:db:ca:e6:29:a6,28,1,0,0,-22,S,5c:62:8b:66:67:d2"
1791390252.985,"B,23779,10,38:d5:7a:f4:5a:37,60,2,0,0,-94,S,46:fb:cf:a9:f4:22"
1791390252.985,"B,23779,10,46:fb:cf:a9:f4:22,0,0,60,2,0,A,46:fb:cf:a9:f4:22"
1791390252.985,"B,23879,10,5c:62:8b:66:67:d2,0,0,28,1,-44,A,5c:62:8b:66:67:d2"
1791390252.985,"B,23879,10,b2:db:ca:e6:29:a6,28,1,0,0,-23,S,5c:62:8b:66:67:d2"
1791390253.189,"B,23979,10,72:3b:01:24:b7:c8,84,3,0,0,-31,S,5c:62:8b:66:67:d2"
1791390253.189,"B,23979,10,5c:62:8b:66:67:d2,0,0,1061,6,0,A,5c:62:8b:66:67:d2"
1791390253.189,"B,23979,10,b2:db:ca:e6:29:a6,977,3,0,0,-23,S,5c:62:8b:66:67:d2"
1791390253.189,"B,24079,10,5c:62:8b:66:67:d2,0,0,949,2,-52,A,5c:62:8b:66:67:d2"
1791390253.189,"B,24079,10,b2:db:ca:e6:29:a6,949,2,0,0,-27,S,5c:62:8b:66:67:d2"
1791390253.393,"B,24179,10,72:3b:01:24:b7:c8,112,4,0,0,-31,S,5c:62:8b:66:67:d2"
1791390253.393,"B,24179,10,5c:62:8b:66:67:d2,0,0,140,5,0,A,5c:62:8b:66:67:d2"
1791390253.393,"B,24179,10,b2:db:ca:e6:29:a6,28,1,0,0,-28,S,5c:62:8b:66:67:d2"
1791390253.393,"B,24279,10,72:3b:01:24:b7:c8,56,2,0,0,-30,S,5c:62:8b:66:67:d2"
1791390253.393,"B,24279,10,5c:62:8b:66:67:d2,0,0,84,3,-51,A,5c:62:8b:66:67:d2"
1791390253.393,"B,24279,10,b2:db:ca:e6:29:a6,28,1,0,0,-27,S,5c:62:8b:66:67:d2"
1791390253.598,"B,24479,10,72:3b:01:24:b7:c8,112,4,0,0,-25,S,5c:62:8b:66:67:d2"
1791390253.598,"B,24479,10,5c:62:8b:66:67:d2,0,0,140,5,-46,A,5c:62:8b:66:67:d2"
1791390253.598,"B,24479,10,b2:db:ca:e6:29:a6,28,1,0,0,-30,S,5c:62:8b:66:67:d2"
1791390253.598,"B,24479,10,80:af:ca:68:4c:f8,84,1,0,0,-87,A,80:af:ca:68:4c:f8"
1791390253.802,"B,24579,10,5c:62:8b:66:67:d2,0,0,56,2,-49,A,5c:62:8b:66:67:d2"
1791390253.802,"B,24579,10,b2:db:ca:e6:29:a6,56,2,0,0,-39,S,5c:62:8b:66:67:d2"
1791390253.802,"B,24679,10,72:3b:01:24:b7:c8,56,2,0,0,-22,S,5c:62:8b:66:67:d2"
1791390253.802,"B,24679,10,5c:62:8b:66:67:d2,0,0,162,3,-43,A,5c:62:8b:66:67:d2"
1791390253.802,"B,24679,10,b2:db:ca:e6:29:a6,106,1,0,0,-36,S,5c:62:8b:66:67:d2"
1791390254.006,"B,24779,10,72:3b:01:24:b7:c8,280,10,0,0,-18,S,5c:62:8b:66:67:d2"
1791390254.006,"B,24779,10,5c:62:8b:66:67:d2,0,0,336,12,-52,A,5c:62:8b:66:67:d2"
1791390254.006,"B,24779,10,b2:db:ca:e6:29:a6,56,2,0,0,-26,S,5c:62:8b:66:67:d2"
1791390254.006,"B,24779,10,38:d5:7a:f4:5a:37,30,1,0,0,-90,S,46:fb:cf:a9:f4:22"
1791390254.006,"B,24779,10,46:fb:cf:a9:f4:22,0,0,30,1,0,A,46:fb:cf:a9:f4:22"
1791390254.006,"B,24879,10,72:3b:01:24:b7:c8,84,3,0,0,-18,S,5c:62:8b:66:67:d2"
1791390254.006,"B,24879,10,5c:62:8b:66:67:d2,0,0,84,3,-50,A,5c:62:8b:66:67:d2"
1791390254.006,"B,24879,10,38:d5:7a:f4:5a:37,30,1,0,0,-95,S,46:fb:cf:a9:f4:22"
1791390254.006,"B,24879,10,46:fb:cf:a9:f4:22,0,0,30,1,0,A,46:fb:cf:a9:f4:22"
1791390254.006,"A,24886,10,d8:0d:17:46:46:1a,-67,spike"
1791390254.211,"B,24979,10,5c:62:8b:66:67:d2,0,0,56,2,-41,A,5c:62:8b:66:67:d2"
1791390254.211,"B,24979,10,b2:db:ca:e6:29:a6,56,2,0,0,-21,S,5c:62:8b:66:67:d2"
1791390254.211,"B,25079,10,72:3b:01:24:b7:c8,84,3,0,0,-19,S,5c:62:8b:66:67:d2"
1791390254.211,"B,25079,10,5c:62:8b:66:67:d2,0,0,84,3,-43,A,5c:62:8b:66:67:d2"
1791390254.211,"I,25090,stat,rx=1943,drops=0,ch=10,bin=100,hop=0,heap=203064"
1791390254.413,"B,25179,10,5c:62:8b:66:67:d2,0,0,56,2,-47,A,5c:62:8b:66:67:d2"
1791390254.413,"B,25179,10,b2:db:ca:e6:29:a6,56,2,0,0,-21,S,5c:62:8b:66:67:d2"
1791390254.413,"B,25279,10,72:3b:01:24:b7:c8,56,2,0,0,-17,S,5c:62:8b:66:67:d2"
1791390254.413,"B,25279,10,5c:62:8b:66:67:d2,0,0,56,2,-49,A,5c:62:8b:66:67:d2"
1791390254.618,"B,25379,10,5c:62:8b:66:67:d2,1554,1,168,6,-46,A,5c:62:8b:66:67:d2"
1791390254.618,"B,25379,10,b2:db:ca:e6:29:a6,168,6,1554,1,-19,S,5c:62:8b:66:67:d2"
1791390254.618,"B,25379,10,38:d5:7a:f4:5a:37,30,1,0,0,-94,S,46:fb:cf:a9:f4:22"
1791390254.618,"B,25379,10,46:fb:cf:a9:f4:22,0,0,30,1,0,A,46:fb:cf:a9:f4:22"
1791390254.618,"B,25479,10,72:3b:01:24:b7:c8,56,2,0,0,-16,S,5c:62:8b:66:67:d2"
1791390254.618,"B,25479,10,5c:62:8b:66:67:d2,10441,7,168,6,-44,A,5c:62:8b:66:67:d2"
1791390254.618,"B,25479,10,b2:db:ca:e6:29:a6,112,4,10441,7,-22,S,5c:62:8b:66:67:d2"
1791390254.823,"B,25579,10,5c:62:8b:66:67:d2,0,0,888,2,-51,A,5c:62:8b:66:67:d2"
1791390254.823,"B,25579,10,b2:db:ca:e6:29:a6,888,2,0,0,-21,S,5c:62:8b:66:67:d2"
1791390254.823,"B,25679,10,72:3b:01:24:b7:c8,140,5,0,0,-19,S,5c:62:8b:66:67:d2"
1791390254.823,"B,25679,10,5c:62:8b:66:67:d2,0,0,140,5,-52,A,5c:62:8b:66:67:d2"
1791390255.028,"B,25779,10,72:3b:01:24:b7:c8,196,7,0,0,-20,S,5c:62:8b:66:67:d2"
1791390255.028,"B,25779,10,5c:62:8b:66:67:d2,0,0,196,7,-54,A,5c:62:8b:66:67:d2"
1791390255.028,"B,25879,10,5c:62:8b:66:67:d2,0,0,56,2,-57,A,5c:62:8b:66:67:d2"
1791390255.028,"B,25879,10,b2:db:ca:e6:29:a6,56,2,0,0,-19,S,5c:62:8b:66:67:d2"
1791390255.028,"M,25915,slot,3,0"
1791390255.233,"B,25979,10,72:3b:01:24:b7:c8,84,3,0,0,-22,S,5c:62:8b:66:67:d2"
1791390255.233,"B,25979,10,5c:62:8b:66:67:d2,0,0,112,4,-57,A,5c:62:8b:66:67:d2"
1791390255.233,"B,25979,10,b2:db:ca:e6:29:a6,28,1,0,0,-19,S,5c:62:8b:66:67:d2"
1791390255.233,"B,26079,10,5c:62:8b:66:67:d2,0,0,1582,2,-58,A,5c:62:8b:66:67:d2"
1791390255.233,"B,26079,10,b2:db:ca:e6:29:a6,1582,2,0,0,-20,S,5c:62:8b:66:67:d2"
1791390255.233,"B,26079,10,38:d5:7a:f4:5a:37,82,1,0,0,-89,S,46:fb:cf:a9:f4:22"
1791390255.233,"B,26079,10,46:fb:cf:a9:f4:22,0,0,82,1,0,A,46:fb:cf:a9:f4:22"
1791390255.434,"B,26179,10,72:3b:01:24:b7:c8,84,3,0,0,-21,S,5c:62:8b:66:67:d2"
1791390255.434,"B,26179,10,5c:62:8b:66:67:d2,0,0,84,3,-57,A,5c:62:8b:66:67:d2"
1791390255.434,"B,26279,10,72:3b:01:24:b7:c8,28,1,0,0,-21,S,5c:62:8b:66:67:d2"
1791390255.434,"B,26279,10,5c:62:8b:66:67:d2,0,0,84,3,-59,A,5c:62:8b:66:67:d2"
1791390255.434,"B,26279,10,b2:db:ca:e6:29:a6,56,2,0,0,-19,S,5c:62:8b:66:67:d2"
1791390255.638,"B,26379,10,72:3b:01:24:b7:c8,84,3,0,0,-21,S,5c:62:8b:66:67:d2"
1791390255.638,"B,26379,10,5c:62:8b:66:67:d2,0,0,112,4,-58,A,5c:62:8b:66:67:d2"
1791390255.638,"B,26379,10,b2:db:ca:e6:29:a6,28,1,0,0,-20,S,5c:62:8b:66:67:d2"
1791390255.638,"B,26379,10,38:d5:7a:f4:5a:37,60,2,0,0,-93,S,46:fb:cf:a9:f4:22"
1791390255.638,"B,26379,10,46:fb:cf:a9:f4:22,0,0,60,2,0,A,46:fb:cf:a9:f4:22"
1791390255.638,"B,26479,10,72:3b:01:24:b7:c8,308,11,0,0,-21,S,5c:62:8b:66:67:d2"
1791390255.638,"B,26479,10,5c:62:8b:66:67:d2,0,0,308,11,-57,A,5c:62:8b:66:67:d2"
1791390255.843,"B,26579,10,72:3b:01:24:b7:c8,336,12,0,0,-20,S,5c:62:8b:66:67:d2"
1791390255.843,"B,26579,10,5c:62:8b:66:67:d2,0,0,336,12,-55,A,5c:62:8b:66:67:d2"
1791390255.843,"B,26679,10,72:3b:01:24:b7:c8,308,11,0,0,-20,S,5c:62:8b:66:67:d2"
1791390255.843,"B,26679,10,5c:62:8b:66:67:d2,0,0,308,11,-54,A,5c:62:8b:66:67:d2"
1791390256.048,"B,26779,10,72:3b:01:24:b7:c8,224,8,0,0,-26,S,5c:62:8b:66:67:d2"
1791390256.048,"B,26779,10,5c:62:8b:66:67:d2,0,0,2194,11,-53,A,5c:62:8b:66:67:d2"
1791390256.048,"B,26779,10,b2:db:ca:e6:29:a6,1970,3,0,0,-21,S,5c:62:8b:66:67:d2"
1791390256.048,"B,26879,10,72:3b:01:24:b7:c8,196,7,0,0,-22,S,5c:62:8b:66:67:d2"
1791390256.048,"B,26879,10,5c:62:8b:66:67:d2,0,0,302,8,-52,A,5c:62:8b:66:67:d2"
1791390256.048,"B,26879,10,b2:db:ca:e6:29:a6,106,1,0,0,-23,S,5c:62:8b:66:67:d2"
1791390256.253,"B,26979,10,72:3b:01:24:b7:c8,140,5,0,0,-20,S,5c:62:8b:66:67:d2"
1791390256.253,"B,26979,10,5c:62:8b:66:67:d2,0,0,1454,8,-52,A,5c:62:8b:66:67:d2"
1791390256.253,"B,26979,10,b2:db:ca:e6:29:a6,1314,3,0,0,-21,S,5c:62:8b:66:67:d2"
1791390256.253,"B,27079,10,72:3b:01:24:b7:c8,196,7,0,0,-20,S,5c:62:8b:66:67:d2"
1791390256.253,"B,27079,10,5c:62:8b:66:67:d2,2036,11,302,8,-46,A,5c:62:8b:66:67:d2"
1791390256.253,"B,27079,10,b2:db:ca:e6:29:a6,106,1,2036,11,-22,S,5c:62:8b:66:67:d2"
1791390256.455,"B,27179,10,72:3b:01:24:b7:c8,196,7,0,0,-20,S,5c:62:8b:66:67:d2"
1791390256.455,"B,27179,10,5c:62:8b:66:67:d2,0,0,252,9,-52,A,5c:62:8b:66:67:d2"
1791390256.455,"B,27179,10,b2:db:ca:e6:29:a6,56,2,0,0,-22,S,5c:62:8b:66:67:d2"
1791390256.455,"B,27279,10,72:3b:01:24:b7:c8,168,6,0,0,-22,S,5c:62:8b:66:67:d2"
1791390256.455,"B,27279,10,5c:62:8b:66:67:d2,0,0,380,8,-52,A,5c:62:8b:66:67:d2"
1791390256.455,"B,27279,10,b2:db:ca:e6:29:a6,212,2,0,0,-21,S,5c:62:8b:66:67:d2"
1791390256.656,"B,27379,10,72:3b:01:24:b7:c8,308,11,0,0,-20,S,5c:62:8b:66:67:d2"
1791390256.656,"B,27379,10,5c:62:8b:66:67:d2,0,0,364,13,-52,A,5c:62:8b:66:67:d2"
1791390256.656,"B,27379,10,b2:db:ca:e6:29:a6,56,2,0,0,-21,S,5c:62:8b:66:67:d2"
1791390256.656,"B,27479,10,72:3b:01:24:b7:c8,252,9,0,0,-20,S,5c:62:8b:66:67:d2"
1791390256.656,"B,27479,10,5c:62:8b:66:67:d2,0,0,603,10,-52,A,5c:62:8b:66:67:d2"
1791390256.656,"B,27479,10,b2:db:ca:e6:29:a6,351,1,0,0,-21,S,5c:62:8b:66:67:d2"
1791390256.856,"B,27579,10,72:3b:01:24:b7:c8,112,4,0,0,-20,S,5c:62:8b:66:67:d2"
1791390256.856,"B,27579,10,5c:62:8b:66:67:d2,1438,10,140,5,-46,A,5c:62:8b:66:67:d2"
1791390256.856,"B,27579,10,b2:db:ca:e6:29:a6,28,1,1438,10,-22,S,5c:62:8b:66:67:d2"
1791390256.856,"B,27679,10,72:3b:01:24:b7:c8,336,12,0,0,-20,S,5c:62:8b:66:67:d2"
1791390256.856,"B,27679,10,5c:62:8b:66:67:d2,0,0,364,13,-52,A,5c:62:8b:66:67:d2"
1791390256.856,"B,27679,10,b2:db:ca:e6:29:a6,28,1,0,0,-23,S,5c:62:8b:66:67:d2"
1791390257.057,"B,27779,10,72:3b:01:24:b7:c8,448,16,0,0,-20,S,5c:62:8b:66:67:d2"
1791390257.057,"B,27779,10,5c:62:8b:66:67:d2,0,0,476,17,-51,A,5c:62:8b:66:67:d2"
1791390257.057,"B,27779,10,b2:db:ca:e6:29:a6,28,1,0,0,-23,S,5c:62:8b:66:67:d2"
1791390257.057,"B,27779,10,80:af:ca:68:4c:f8,82,1,0,0,-86,A,80:af:ca:68:4c:f8"
1791390257.057,"B,27779,10,52:f3:8a:4b:ff:ac,0,0,82,1,0,S,80:af:ca:68:4c:f8"
1791390257.057,"B,27879,10,72:3b:01:24:b7:c8,224,8,0,0,-20,S,5c:62:8b:66:67:d2"
1791390257.057,"B,27879,10,5c:62:8b:66:67:d2,0,0,252,9,-50,A,5c:62:8b:66:67:d2"
1791390257.057,"B,27879,10,b2:db:ca:e6:29:a6,28,1,0,0,-23,S,5c:62:8b:66:67:d2"
1791390257.258,"B,27979,10,72:3b:01:24:b7:c8,196,7,0,0,-19,S,5c:62:8b:66:67:d2"
1791390257.258,"B,27979,10,5c:62:8b:66:67:d2,0,0,196,7,-51,A,5c:62:8b:66:67:d2"
1791390257.258,"B,28079,10,72:3b:01:24:b7:c8,280,10,0,0,-20,S,5c:62:8b:66:67:d2"
1791390257.258,"B,28079,10,5c:62:8b:66:67:d2,897,5,280,10,-46,A,5c:62:8b:66:67:d2"
1791390257.258,"B,28079,10,b2:db:ca:e6:29:a6,0,0,897,5,0,S,5c:62:8b:66:67:d2"
1791390257.258,"B,28079,10,38:d5:7a:f4:5a:37,30,1,0,0,-91,S,46:fb:cf:a9:f4:22"
1791390257.258,"B,28079,10,46:fb:cf:a9:f4:22,0,0,30,1,0,A,46:fb:cf:a9:f4:22"
1791390257.458,"B,28179,10,72:3b:01:24:b7:c8,280,10,0,0,-19,S,5c:62:8b:66:67:d2"
1791390257.458,"B,28179,10,5c:62:8b:66:67:d2,392,3,336,12,-46,A,5c:62:8b:66:67:d2"
1791390257.458,"B,28179,10,b2:db:ca:e6:29:a6,56,2,392,3,-24,S,5c:62:8b:66:67:d2"
1791390257.458,"B,28279,10,72:3b:01:24:b7:c8,56,2,0,0,-20,S,5c:62:8b:66:67:d2"
1791390257.458,"B,28279,10,5c:62:8b:66:67:d2,0,0,84,3,-51,A,5c:62:8b:66:67:d2"
1791390257.458,"B,28279,10,b2:db:ca:e6:29:a6,28,1,0,0,-22,S,5c:62:8b:66:67:d2"
1791390257.458,"B,28379,10,72:3b:01:24:b7:c8,336,12,0,0,-20,S,5c:62:8b:66:67:d2"
1791390257.458,"B,28379,10,5c:62:8b:66:67:d2,0,0,364,13,0,A,5c:62:8b:66:67:d2"
1791390257.458,"B,28379,10,b2:db:ca:e6:29:a6,28,1,0,0,-23,S,5c:62:8b:66:67:d2"
1791390257.658,"B,28379,10,38:d5:7a:f4:5a:37,30,1,0,0,-88,S,46:fb:cf:a9:f4:22"
1791390257.658,"B,28379,10,46:fb:cf:a9:f4:22,0,0,30,1,0,A,46:fb:cf:a9:f4:22"
1791390257.658,"B,28479,10,72:3b:01:24:b7:c8,308,11,0,0,-20,S,5c:62:8b:66:67:d2"
1791390257.658,"B,28479,10,5c:62:8b:66:67:d2,0,0,336,12,-51,A,5c:62:8b:66:67:d2"
1791390257.658,"B,28479,10,b2:db:ca:e6:29:a6,28,1,0,0,-24,S,5c:62:8b:66:67:d2"
1791390257.658,"B,28579,10,5c:62:8b:66:67:d2,1046,7,56,2,-45,A,5c:62:8b:66:67:d2"
1791390257.658,"B,28579,10,b2:db:ca:e6:29:a6,56,2,1046,7,-23,S,5c:62:8b:66:67:d2"
1791390257.859,"B,28679,10,72:3b:01:24:b7:c8,84,3,0,0,-20,S,5c:62:8b:66:67:d2"
1791390257.859,"B,28679,10,5c:62:8b:66:67:d2,0,0,112,4,-49,A,5c:62:8b:66:67:d2"
1791390257.859,"B,28679,10,b2:db:ca:e6:29:a6,28,1,0,0,-23,S,5c:62:8b:66:67:d2"
1791390257.859,"B,28779,10,72:3b:01:24:b7:c8,84,3,0,0,-20,S,5c:62:8b:66:67:d2"
1791390257.859,"B,28779,10,5c:62:8b:66:67:d2,0,0,280,10,-49,A,5c:62:8b:66:67:d2"
1791390257.859,"B,28779,10,b2:db:ca:e6:29:a6,196,7,0,0,-23,S,5c:62:8b:66:67:d2"
1791390258.059,"B,28879,10,72:3b:01:24:b7:c8,56,2,0,0,-20,S,5c:62:8b:66:67:d2"
1791390258.059,"B,28879,10,5c:62:8b:66:67:d2,0,0,629,5,-48,A,5c:62:8b:66:67:d2"
1791390258.059,"B,28879,10,b2:db:ca:e6:29:a6,573,3,0,0,-22,S,5c:62:8b:66:67:d2"
1791390258.059,"B,28979,10,5c:62:8b:66:67:d2,0,0,1554,1,-49,A,5c:62:8b:66:67:d2"
1791390258.264,"B,28979,10,b2:db:ca:e6:29:a6,1554,1,0,0,-23,S,5c:62:8b:66:67:d2"
1791390258.264,"B,29079,10,72:3b:01:24:b7:c8,112,4,0,0,-21,S,5c:62:8b:66:67:d2"
1791390258.264,"B,29079,10,5c:62:8b:66:67:d2,0,0,252,9,-48,A,5c:62:8b:66:67:d2"
1791390258.264,"B,29079,10,b2:db:ca:e6:29:a6,140,5,0,0,-23,S,5c:62:8b:66:67:d2"
1791390258.465,"B,29279,10,72:3b:01:24:b7:c8,84,3,0,0,-21,S,5c:62:8b:66:67:d2"
1791390258.465,"B,29279,10,5c:62:8b:66:67:d2,0,0,140,5,-50,A,5c:62:8b:66:67:d2"
1791390258.465,"B,29279,10,b2:db:ca:e6:29:a6,56,2,0,0,-22,S,5c:62:8b:66:67:d2"
1791390258.667,"B,29479,10,72:3b:01:24:b7:c8,84,3,0,0,-21,S,5c:62:8b:66:67:d2"
1791390258.667,"B,29479,10,5c:62:8b:66:67:d2,0,0,140,5,-49,A,5c:62:8b:66:67:d2"
1791390258.667,"B,29479,10,b2:db:ca:e6:29:a6,56,2,0,0,-23,S,5c:62:8b:66:67:d2"
1791390258.667,"B,29579,10,72:3b:01:24:b7:c8,56,2,0,0,-20,S,5c:62:8b:66:67:d2"
1791390258.667,"B,29579,10,5c:62:8b:66:67:d2,0,0,2778,6,-49,A,5c:62:8b:66:67:d2"
1791390258.667,"B,29579,10,b2:db:ca:e6:29:a6,2722,4,0,0,-21,S,5c:62:8b:66:67:d2"
1791390258.869,"B,29679,10,5c:62:8b:66:67:d2,0,0,273,5,-49,A,5c:62:8b:66:67:d2"
1791390258.869,"B,29679,10,b2:db:ca:e6:29:a6,273,5,0,0,-23,S,5c:62:8b:66:67:d2"
1791390258.869,"B,29779,10,72:3b:01:24:b7:c8,140,5,0,0,-20,S,5c:62:8b:66:67:d2"
1791390258.869,"B,29779,10,5c:62:8b:66:67:d2,459,4,252,9,-46,A,5c:62:8b:66:67:d2"
1791390258.869,"B,29779,10,b2:db:ca:e6:29:a6,112,4,459,4,-24,S,5c:62:8b:66:67:d2"
1791390259.072,"B,29879,10,5c:62:8b:66:67:d2,141,1,246,6,-47,A,5c:62:8b:66:67:d2"
1791390259.072,"B,29879,10,b2:db:ca:e6:29:a6,246,6,141,1,-22,S,5c:62:8b:66:67:d2"
1791390259.072,"B,29979,10,72:3b:01:24:b7:c8,84,3,0,0,-26,S,5c:62:8b:66:67:d2"
1791390259.072,"B,29979,10,5c:62:8b:66:67:d2,0,0,190,4,-50,A,5c:62:8b:66:67:d2"
1791390259.072,"B,29979,10,b2:db:ca:e6:29:a6,106,1,0,0,-21,S,5c:62:8b:66:67:d2"
1791390259.274,"B,30079,10,5c:62:8b:66:67:d2,1849,12,106,1,-47,A,5c:62:8b:66:67:d2"
1791390259.274,"B,30079,10,b2:db:ca:e6:29:a6,106,1,1849,12,-20,S,5c:62:8b:66:67:d2"
1791390259.274,"I,30090,stat,rx=2428,drops=0,ch=10,bin=100,hop=0,heap=203064"
1791390259.274,"B,30179,10,72:3b:01:24:b7:c8,84,3,0,0,-22,S,5c:62:8b:66:67:d2"
1791390259.274,"B,30179,10,5c:62:8b:66:67:d2,854,6,1371,6,-49,A,5c:62:8b:66:67:d2"
1791390259.274,"B,30179,10,b2:db:ca:e6:29:a6,1287,3,854,6,-19,S,5c:62:8b:66:67:d2"
1791390259.477,"B,30279,10,72:3b:01:24:b7:c8,56,2,0,0,-22,S,5c:62:8b:66:67:d2"
1791390259.477,"B,30279,10,5c:62:8b:66:67:d2,3067,19,56,2,-49,A,5c:62:8b:66:67:d2"
1791390259.477,"B,30279,10,b2:db:ca:e6:29:a6,0,0,3067,19,0,S,5c:62:8b:66:67:d2"
1791390259.477,"B,30379,10,72:3b:01:24:b7:c8,112,4,0,0,-22,S,5c:62:8b:66:67:d2"
1791390259.477,"B,30379,10,5c:62:8b:66:67:d2,380,2,246,6,-50,A,5c:62:8b:66:67:d2"
1791390259.477,"B,30379,10,b2:db:ca:e6:29:a6,134,2,380,2,-20,S,5c:62:8b:66:67:d2"
1791390259.683,"B,30479,10,72:3b:01:24:b7:c8,196,7,0,0,-22,S,5c:62:8b:66:67:d2"
1791390259.683,"B,30479,10,5c:62:8b:66:67:d2,1978,12,196,7,-49,A,5c:62:8b:66:67:d2"
1791390259.683,"B,30479,10,b2:db:ca:e6:29:a6,0,0,1978,12,0,S,5c:62:8b:66:67:d2"
1791390259.683,"B,30579,10,72:3b:01:24:b7:c8,112,4,0,0,-23,S,5c:62:8b:66:67:d2"
1791390259.683,"B,30579,10,5c:62:8b:66:67:d2,517,3,274,7,-50,A,5c:62:8b:66:67:d2"
1791390259.683,"B,30579,10,b2:db:ca:e6:29:a6,162,3,517,3,-19,S,5c:62:8b:66:67:d2"
1791390259.887,"B,30679,10,72:3b:01:24:b7:c8,56,2,0,0,-23,S,5c:62:8b:66:67:d2"
1791390259.887,"B,30679,10,5c:62:8b:66:67:d2,2423,14,56,2,-50,A,5c:62:8b:66:67:d2"
1791390259.887,"B,30679,10,b2:db:ca:e6:29:a6,0,0,2423,14,0,S,5c:62:8b:66:67:d2"
1791390259.887,"B,30779,10,72:3b:01:24:b7:c8,84,3,0,0,-23,S,5c:62:8b:66:67:d2"
1791390259.887,"B,30779,10,5c:62:8b:66:67:d2,145,1,246,6,-51,A,5c:62:8b:66:67:d2"
1791390259.887,"B,30779,10,b2:db:ca:e6:29:a6,162,3,145,1,-19,S,5c:62:8b:66:67:d2"
1791390260.090,"B,30879,10,72:3b:01:24:b7:c8,84,3,0,0,-21,S,5c:62:8b:66:67:d2"
1791390260.090,"B,30879,10,5c:62:8b:66:67:d2,2456,15,84,3,-50,A,5c:62:8b:66:67:d2"
1791390260.090,"B,30879,10,b2:db:ca:e6:29:a6,0,0,2456,15,0,S,5c:62:8b:66:67:d2"
1791390260.090,"B,30979,10,5c:62:8b:66:67:d2,1616,11,675,4,-48,A,5c:62:8b:66:67:d2"
1791390260.090,"B,30979,10,b2:db:ca:e6:29:a6,675,4,1528,10,-22,S,5c:62:8b:66:67:d2"
1791390260.090,"M,30991,slot,4,1"
1791390260.292,"B,31079,10,5c:62:8b:66:67:d2,2402,15,4960,17,-47,A,5c:62:8b:66:67:d2"
1791390260.292,"B,31079,10,b2:db:ca:e6:29:a6,4960,17,2402,15,-19,S,5c:62:8b:66:67:d2"
1791390260.292,"B,31179,10,5c:62:8b:66:67:d2,2166,13,1231,3,-48,A,5c:62:8b:66:67:d2"
1791390260.292,"B,31179,10,b2:db:ca:e6:29:a6,1231,3,2166,13,-19,S,5c:62:8b:66:67:d2"
1791390260.494,"B,31279,10,72:3b:01:24:b7:c8,56,2,0,0,-27,S,5c:62:8b:66:67:d2"
1791390260.494,"B,31279,10,5c:62:8b:66:67:d2,2258,14,84,3,-47,A,5c:62:8b:66:67:d2"
1791390260.494,"B,31279,10,b2:db:ca:e6:29:a6,28,1,2258,14,-21,S,5c:62:8b:66:67:d2"
1791390260.494,"B,31379,10,72:3b:01:24:b7:c8,336,12,0,0,-25,S,5c:62:8b:66:67:d2"
1791390260.494,"B,31379,10,5c:62:8b:66:67:d2,2460,16,336,12,-47,A,5c:62:8b:66:67:d2"
1791390260.494,"B,31379,10,b2:db:ca:e6:29:a6,0,0,2460,16,0,S,5c:62:8b:66:67:d2"
1791390260.494,"B,31379,10,38:d5:7a:f4:5a:37,30,1,0,0,-93,S,46:fb:cf:a9:f4:22"
1791390260.494,"B,31379,10,46:fb:cf:a9:f4:22,0,0,30,1,0,A,46:fb:cf:a9:f4:22"
1791390260.699,"B,31479,10,72:3b:01:24:b7:c8,280,10,0,0,-25,S,5c:62:8b:66:67:d2"
1791390260.699,"B,31479,10,5c:62:8b:66:67:d2,1089,7,336,12,-47,A,5c:62:8b:66:67:d2"
1791390260.699,"B,31479,10,b2:db:ca:e6:29:a6,56,2,1089,7,-24,S,5c:62:8b:66:67:d2"
1791390260.699,"B,31579,10,72:3b:01:24:b7:c8,196,7,0,0,-25,S,5c:62:8b:66:67:d2"
1791390260.699,"B,31579,10,5c:62:8b:66:67:d2,2366,15,196,7,-46,A,5c:62:8b:66:67:d2"
1791390260.699,"B,31579,10,b2:db:ca:e6:29:a6,0,0,2366,15,0,S,5c:62:8b:66:67:d2"
1791390260.904,"B,31679,10,72:3b:01:24:b7:c8,336,12,0,0,-26,S,5c:62:8b:66:67:d2"
1791390260.904,"B,31679,10,5c:62:8b:66:67:d2,1371,9,364,13,-45,A,5c:62:8b:66:67:d2"
1791390260.904,"B,31679,10,b2:db:ca:e6:29:a6,28,1,1371,9,-26,S,5c:62:8b:66:67:d2"
1791390260.904,"B,31779,10,72:3b:01:24:b7:c8,196,7,0,0,-26,S,5c:62:8b:66:67:d2"
1791390260.904,"B,31779,10,5c:62:8b:66:67:d2,0,0,252,9,-42,A,5c:62:8b:66:67:d2"
1791390260.904,"B,31779,10,b2:db:ca:e6:29:a6,56,2,0,0,-29,S,5c:62:8b:66:67:d2"
1791390261.109,"B,31879,10,72:3b:01:24:b7:c8,224,8,0,0,-28,S,5c:62:8b:66:67:d2"
1791390261.109,"B,31879,10,5c:62:8b:66:67:d2,3074,18,308,11,-41,A,5c:62:8b:66:67:d2"
1791390261.109,"B,31879,10,b2:db:ca:e6:29:a6,84,3,3074,18,-28,S,5c:62:8b:66:67:d2"
1791390261.109,"B,31979,10,72:3b:01:24:b7:c8,336,12,0,0,-29,S,5c:62:8b:66:67:d2"
1791390261.109,"B,31979,10,5c:62:8b:66:67:d2,1994,13,336,12,-44,A,5c:62:8b:66:67:d2"
1791390261.109,"B,31979,10,b2:db:ca:e6:29:a6,0,0,1994,13,0,S,5c:62:8b:66:67:d2"
1791390261.312,"B,32079,10,72:3b:01:24:b7:c8,280,10,0,0,-33,S,5c:62:8b:66:67:d2"
1791390261.312,"B,32079,10,5c:62:8b:66:67:d2,2640,16,280,10,-45,A,5c:62:8b:66:67:d2"
1791390261.312,"B,32079,10,b2:db:ca:e6:29:a6,0,0,2640,16,0,S,5c:62:8b:66:67:d2"
1791390261.312,"B,32179,10,72:3b:01:24:b7:c8,252,9,0,0,-42,S,5c:62:8b:66:67:d2"
1791390261.312,"B,32179,10,5c:62:8b:66:67:d2,2770,13,280,10,-49,A,5c:62:8b:66:67:d2"
1791390261.312,"B,32179,10,b2:db:ca:e6:29:a6,28,1,2770,13,-40,S,5c:62:8b:66:67:d2"
1791390261.312,"B,32179,10,38:d5:7a:f4:5a:37,60,2,0,0,-92,S,46:fb:cf:a9:f4:22"
1791390261.312,"B,32179,10,46:fb:cf:a9:f4:22,0,0,60,2,0,A,46:fb:cf:a9:f4:22"
1791390261.515,"B,32279,10,72:3b:01:24:b7:c8,280,10,0,0,-40,S,5c:62:8b:66:67:d2"
1791390261.515,"B,32279,10,5c:62:8b:66:67:d2,2589,17,280,10,-46,A,5c:62:8b:66:67:d2"
1791390261.515,"B,32279,10,b2:db:ca:e6:29:a6,0,0,2589,17,0,S,5c:62:8b:66:67:d2"
1791390261.515,"B,32379,10,72:3b:01:24:b7:c8,308,11,0,0,-29,S,5c:62:8b:66:67:d2"
1791390261.515,"B,32379,10,5c:62:8b:66:67:d2,768,5,392,14,-45,A,5c:62:8b:66:67:d2"
1791390261.515,"B,32379,10,b2:db:ca:e6:29:a6,84,3,768,5,-36,S,5c:62:8b:66:67:d2"
1791390261.720,"B,32479,10,72:3b:01:24:b7:c8,252,9,0,0,-27,S,5c:62:8b:66:67:d2"
1791390261.720,"B,32479,10,5c:62:8b:66:67:d2,2507,16,252,9,-47,A,5c:62:8b:66:67:d2"
1791390261.720,"B,32479,10,b2:db:ca:e6:29:a6,0,0,2507,16,0,S,5c:62:8b:66:67:d2"
1791390261.720,"B,32579,10,72:3b:01:24:b7:c8,84,3,0,0,-30,S,5c:62:8b:66:67:d2"
1791390261.720,"B,32579,10,5c:62:8b:66:67:d2,1849,12,112,4,-47,A,5c:62:8b:66:67:d2"
1791390261.720,"B,32579,10,b2:db:ca:e6:29:a6,28,1,1849,12,-32,S,5c:62:8b:66:67:d2"
1791390261.925,"B,32679,10,72:3b:01:24:b7:c8,336,12,0,0,-28,S,5c:62:8b:66:67:d2"
1791390261.925,"B,32679,10,5c:62:8b:66:67:d2,5778,34,364,13,-45,A,5c:62:8b:66:67:d2"
1791390261.925,"B,32679,10,b2:db:ca:e6:29:a6,28,1,5778,34,-33,S,5c:62:8b:66:67:d2"
1791390261.925,"B,32779,10,72:3b:01:24:b7:c8,336,12,0,0,-29,S,5c:62:8b:66:67:d2"
1791390261.925,"B,32779,10,5c:62:8b:66:67:d2,1853,12,808,17,-46,A,5c:62:8b:66:67:d2"
1791390261.925,"B,32779,10,b2:db:ca:e6:29:a6,472,5,1853,12,-33,S,5c:62:8b:66:67:d2"
1791390262.126,"B,32879,10,72:3b:01:24:b7:c8,196,7,0,0,-30,S,5c:62:8b:66:67:d2"
1791390262.126,"B,32879,10,5c:62:8b:66:67:d2,1955,5,224,8,-47,A,5c:62:8b:66:67:d2"
1791390262.126,"B,32879,10,b2:db:ca:e6:29:a6,28,1,1955,5,-33,S,5c:62:8b:66:67:d2"
1791390262.126,"B,32979,10,72:3b:01:24:b7:c8,252,9,0,0,-31,S,5c:62:8b:66:67:d2"
1791390262.126,"B,32979,10,5c:62:8b:66:67:d2,7118,36,386,11,-47,A,5c:62:8b:66:67:d2"
1791390262.126,"B,32979,10,b2:db:ca:e6:29:a6,134,2,7118,36,-30,S,5c:62:8b:66:67:d2"
1791390262.329,"B,33079,10,72:3b:01:24:b7:c8,308,11,0,0,-34,S,5c:62:8b:66:67:d2"
1791390262.329,"B,33079,10,5c:62:8b:66:67:d2,921,7,364,13,-44,A,5c:62:8b:66:67:d2"
1791390262.329,"B,33079,10,b2:db:ca:e6:29:a6,56,2,921,7,-31,S,5c:62:8b:66:67:d2"
1791390262.329,"B,33179,10,72:3b:01:24:b7:c8,308,11,0,0,-46,S,5c:62:8b:66:67:d2"
1791390262.329,"B,33179,10,5c:62:8b:66:67:d2,1892,12,336,12,-45,A,5c:62:8b:66:67:d2"
1791390262.329,"B,33179,10,b2:db:ca:e6:29:a6,28,1,1892,12,-30,S,5c:62:8b:66:67:d2"
1791390262.534,"B,33279,10,72:3b:01:24:b7:c8,224,8,0,0,-36,S,5c:62:8b:66:67:d2"
1791390262.534,"B,33279,10,5c:62:8b:66:67:d2,3967,9,280,10,-47,A,5c:62:8b:66:67:d2"
1791390262.534,"B,33279,10,b2:db:ca:e6:29:a6,56,2,3967,9,-30,S,5c:62:8b:66:67:d2"
1791390262.534,"B,33279,10,38:d5:7a:f4:5a:37,30,1,0,0,-94,S,46:fb:cf:a9:f4:22"
1791390262.534,"B,33279,10,46:fb:cf:a9:f4:22,0,0,30,1,0,A,46:fb:cf:a9:f4:22"
1791390262.534,"B,33379,10,72:3b:01:24:b7:c8,476,17,0,0,-33,S,5c:62:8b:66:67:d2"
1791390262.534,"B,33379,10,5c:62:8b:66:67:d2,91187,96,504,18,-43,A,5c:62:8b:66:67:d2"
1791390262.534,"B,33379,10,b2:db:ca:e6:29:a6,28,1,91187,96,-31,S,5c:62:8b:66:67:d2"
1791390262.734,"B,33479,10,5c:62:8b:66:67:d2,1324,8,0,0,-41,A,5c:62:8b:66:67:d2"
1791390262.734,"B,33479,10,b2:db:ca:e6:29:a6,0,0,1324,8,0,S,5c:62:8b:66:67:d2"
1791390262.734,"B,33579,10,72:3b:01:24:b7:c8,28,1,0,0,-29,S,5c:62:8b:66:67:d2"
1791390262.734,"B,33579,10,5c:62:8b:66:67:d2,286,2,84,3,-41,A,5c:62:8b:66:67:d2"
1791390262.734,"B,33579,10,b2:db:ca:e6:29:a6,56,2,286,2,-26,S,5c:62:8b:66:67:d2"
1791390262.939,"B,33679,10,5c:62:8b:66:67:d2,3141,16,0,0,-41,A,5c:62:8b:66:67:d2"
1791390262.939,"B,33679,10,b2:db:ca:e6:29:a6,0,0,3141,16,0,S,5c:62:8b:66:67:d2"
1791390262.939,"B,33779,10,72:3b:01:24:b7:c8,28,1,0,0,-30,S,5c:62:8b:66:67:d2"
1791390262.939,"B,33779,10,5c:62:8b:66:67:d2,458,3,84,3,-43,A,5c:62:8b:66:67:d2"
1791390262.939,"B,33779,10,b2:db:ca:e6:29:a6,56,2,458,3,-25,S,5c:62:8b:66:67:d2"
1791390263.142,"B,33879,10,5c:62:8b:66:67:d2,1461,9,56,2,-44,A,5c:62:8b:66:67:d2"
1791390263.142,"B,33879,10,b2:db:ca:e6:29:a6,56,2,1461,9,-22,S,5c:62:8b:66:67:d2"
1791390263.142,"B,33979,10,72:3b:01:24:b7:c8,112,4,0,0,-28,S,5c:62:8b:66:67:d2"
1791390263.142,"B,33979,10,5c:62:8b:66:67:d2,2119,14,140,5,-42,A,5c:62:8b:66:67:d2"
1791390263.142,"B,33979,10,b2:db:ca:e6:29:a6,28,1,2119,14,-24,S,5c:62:8b:66:67:d2"
1791390263.142,"B,33979,10,38:d5:7a:f4:5a:37,30,1,0,0,-94,S,46:fb:cf:a9:f4:22"
1791390263.142,"B,33979,10,46:fb:cf:a9:f4:22,0,0,30,1,0,A,46:fb:cf:a9:f4:22"
1791390263.342,"B,34079,10,5c:62:8b:66:67:d2,1465,9,0,0,-42,A,5c:62:8b:66:67:d2"
1791390263.342,"B,34079,10,b2:db:ca:e6:29:a6,0,0,1465,9,0,S,5c:62:8b:66:67:d2"
1791390263.342,"B,34179,10,72:3b:01:24:b7:c8,112,4,0,0,-27,S,5c:62:8b:66:67:d2"
1791390263.342,"B,34179,10,5c:62:8b:66:67:d2,427,3,168,6,-42,A,5c:62:8b:66:67:d2"
1791390263.342,"B,34179,10,b2:db:ca:e6:29:a6,56,2,427,3,-22,S,5c:62:8b:66:67:d2"
1791390263.546,"B,34279,10,72:3b:01:24:b7:c8,168,6,0,0,-26,S,5c:62:8b:66:67:d2"
1791390263.546,"B,34279,10,5c:62:8b:66:67:d2,2777,17,196,7,-43,A,5c:62:8b:66:67:d2"
1791390263.546,"B,34279,10,b2:db:ca:e6:29:a6,28,1,2777,17,-21,S,5c:62:8b:66:67:d2"
1791390263.546,"B,34379,10,72:3b:01:24:b7:c8,28,1,0,0,-26,S,5c:62:8b:66:67:d2"
1791390263.546,"B,34379,10,5c:62:8b:66:67:d2,666,4,56,2,-46,A,5c:62:8b:66:67:d2"
1791390263.546,"B,34379,10,b2:db:ca:e6:29:a6,28,1,666,4,-28,S,5c:62:8b:66:67:d2"
1791390263.748,"B,34479,10,72:3b:01:24:b7:c8,56,2,0,0,-32,S,5c:62:8b:66:67:d2"
1791390263.748,"B,34479,10,5c:62:8b:66:67:d2,1512,9,112,4,-49,A,5c:62:8b:66:67:d2"
1791390263.748,"B,34479,10,b2:db:ca:e6:29:a6,56,2,1512,9,-27,S,5c:62:8b:66:67:d2"
1791390263.748,"B,34579,10,72:3b:01:24:b7:c8,28,1,0,0,-31,S,5c:62:8b:66:67:d2"
1791390263.748,"B,34579,10,5c:62:8b:66:67:d2,0,0,28,1,-55,A,5c:62:8b:66:67:d2"
1791390263.952,"B,34679,10,72:3b:01:24:b7:c8,84,3,0,0,-36,S,5c:62:8b:66:67:d2"
1791390263.952,"B,34679,10,5c:62:8b:66:67:d2,286,2,140,5,-53,A,5c:62:8b:66:67:d2"
1791390263.952,"B,34679,10,b2:db:ca:e6:29:a6,56,2,286,2,-34,S,5c:62:8b:66:67:d2"
1791390263.952,"B,34779,10,72:3b:01:24:b7:c8,28,1,0,0,-32,S,5c:62:8b:66:67:d2"
1791390263.952,"B,34779,10,5c:62:8b:66:67:d2,2807,15,84,3,-51,A,5c:62:8b:66:67:d2"
1791390263.952,"B,34779,10,b2:db:ca:e6:29:a6,56,2,2807,15,-36,S,5c:62:8b:66:67:d2"
1791390264.153,"B,34879,10,72:3b:01:24:b7:c8,112,4,0,0,-37,S,5c:62:8b:66:67:d2"
1791390264.153,"B,34879,10,5c:62:8b:66:67:d2,2291,13,196,7,-52,A,5c:62:8b:66:67:d2"
1791390264.153,"B,34879,10,b2:db:ca:e6:29:a6,84,3,2291,13,-40,S,5c:62:8b:66:67:d2"
1791390264.153,"B,34979,10,5c:62:8b:66:67:d2,0,0,196,7,-70,A,5c:62:8b:66:67:d2"
1791390264.153,"B,34979,10,b2:db:ca:e6:29:a6,196,7,0,0,-36,S,5c:62:8b:66:67:d2"
1791390264.355,"B,35079,10,72:3b:01:24:b7:c8,112,4,0,0,-44,S,5c:62:8b:66:67:d2"
1791390264.355,"B,35079,10,5c:62:8b:66:67:d2,7836,49,631,10,-56,A,5c:62:8b:66:67:d2"
1791390264.355,"B,35079,10,b2:db:ca:e6:29:a6,519,6,7836,49,-36,S,5c:62:8b:66:67:d2"
1791390264.355,"I,35091,stat,rx=3541,drops=0,ch=10,bin=100,hop=0,heap=203064"
1791390264.355,"B,35179,10,5c:62:8b:66:67:d2,1583,11,0,0,-55,A,5c:62:8b:66:67:d2"
1791390264.355,"B,35179,10,b2:db:ca:e6:29:a6,0,0,1583,11,0,S,5c:62:8b:66:67:d2"
1791390264.557,"B,35279,10,72:3b:01:24:b7:c8,168,6,0,0,-44,S,5c:62:8b:66:67:d2"
1791390264.557,"B,35279,10,5c:62:8b:66:67:d2,1618,11,224,8,-54,A,5c:62:8b:66:67:d2"
1791390264.557,"B,35279,10,b2:db:ca:e6:29:a6,56,2,1618,11,-40,S,5c:62:8b:66:67:d2"
1791390264.557,"B,35379,10,72:3b:01:24:b7:c8,140,5,0,0,-38,S,5c:62:8b:66:67:d2"
1791390264.557,"B,35379,10,5c:62:8b:66:67:d2,4947,31,168,6,-51,A,5c:62:8b:66:67:d2"
1791390264.557,"B,35379,10,b2:db:ca:e6:29:a6,28,1,4947,31,-42,S,5c:62:8b:66:67:d2"
1791390264.758,"B,35479,10,72:3b:01:24:b7:c8,140,5,0,0,-35,S,5c:62:8b:66:67:d2"
1791390264.758,"B,35479,10,5c:62:8b:66:67:d2,4615,31,168,6,-47,A,5c:62:8b:66:67:d2"
1791390264.758,"B,35479,10,b2:db:ca:e6:29:a6,28,1,4615,31,-38,S,5c:62:8b:66:67:d2"
1791390264.758,"B,35579,10,5c:62:8b:66:67:d2,0,0,112,4,-52,A,5c:62:8b:66:67:d2"
1791390264.758,"B,35579,10,b2:db:ca:e6:29:a6,112,4,0,0,-32,S,5c:62:8b:66:67:d2"
1791390264.758,"B,35679,10,72:3b:01:24:b7:c8,56,2,0,0,-31,S,5c:62:8b:66:67:d2"
1791390264.958,"B,35679,10,5c:62:8b:66:67:d2,2639,16,56,2,-46,A,5c:62:8b:66:67:d2"
1791390264.958,"B,35679,10,b2:db:ca:e6:29:a6,0,0,2639,16,0,S,5c:62:8b:66:67:d2"
1791390264.958,"B,35779,10,72:3b:01:24:b7:c8,168,6,0,0,-26,S,5c:62:8b:66:67:d2"
1791390264.958,"B,35779,10,5c:62:8b:66:67:d2,1191,8,224,8,-45,A,5c:62:8b:66:67:d2"
1791390264.958,"B,35779,10,b2:db:ca:e6:29:a6,56,2,1191,8,-21,S,5c:62:8b:66:67:d2"
1791390264.958,"B,35779,10,38:d5:7a:f4:5a:37,30,1,0,0,-91,S,46:fb:cf:a9:f4:22"
1791390264.958,"B,35779,10,46:fb:cf:a9:f4:22,0,0,30,1,0,A,46:fb:cf:a9:f4:22"
1791390265.159,"B,35879,10,5c:62:8b:66:67:d2,2652,17,0,0,-44,A,5c:62:8b:66:67:d2"
1791390265.159,"B,35879,10,b2:db:ca:e6:29:a6,0,0,2652,17,0,S,5c:62:8b:66:67:d2"
1791390265.159,"B,35979,10,72:3b:01:24:b7:c8,112,4,0,0,-32,S,5c:62:8b:66:67:d2"
1791390265.159,"B,35979,10,5c:62:8b:66:67:d2,670,5,140,5,-45,A,5c:62:8b:66:67:d2"
1791390265.159,"B,35979,10,b2:db:ca:e6:29:a6,28,1,670,5,-20,S,5c:62:8b:66:67:d2"
1791390265.159,"M,36059,slot,5,1"
1791390265.159,"B,36079,10,5c:62:8b:66:67:d2,1747,10,28,1,-49,A,5c:62:8b:66:67:d2"
1791390265.159,"B,36079,10,b2:db:ca:e6:29:a6,28,1,1747,10,-22,S,5c:62:8b:66:67:d2"
1791390265.359,"B,36179,10,72:3b:01:24:b7:c8,56,2,0,0,-27,S,5c:62:8b:66:67:d2"
1791390265.359,"B,36179,10,5c:62:8b:66:67:d2,1391,8,84,3,-41,A,5c:62:8b:66:67:d2"
1791390265.359,"B,36179,10,b2:db:ca:e6:29:a6,28,1,1391,8,-20,S,5c:62:8b:66:67:d2"
1791390265.359,"B,36279,10,72:3b:01:24:b7:c8,28,1,0,0,-26,S,5c:62:8b:66:67:d2"
1791390265.359,"B,36279,10,5c:62:8b:66:67:d2,8264,55,84,3,-41,A,5c:62:8b:66:67:d2"
1791390265.359,"B,36279,10,b2:db:ca:e6:29:a6,56,2,8264,55,-19,S,5c:62:8b:66:67:d2"
1791390265.559,"B,36379,10,5c:62:8b:66:67:d2,1849,12,28,1,-41,A,5c:62:8b:66:67:d2"
1791390265.559,"B,36379,10,b2:db:ca:e6:29:a6,28,1,1849,12,-19,S,5c:62:8b:66:67:d2"
1791390265.559,"B,36479,10,5c:62:8b:66:67:d2,1438,10,28,1,-49,A,5c:62:8b:66:67:d2"
1791390265.559,"B,36479,10,b2:db:ca:e6:29:a6,28,1,1438,10,-22,S,5c:62:8b:66:67:d2"
1791390265.760,"B,36579,10,72:3b:01:24:b7:c8,112,4,0,0,-36,S,5c:62:8b:66:67:d2"
1791390265.760,"B,36579,10,5c:62:8b:66:67:d2,1853,12,112,4,-52,A,5c:62:8b:66:67:d2"
1791390265.760,"B,36579,10,b2:db:ca:e6:29:a6,0,0,1853,12,0,S,5c:62:8b:66:67:d2"
1791390265.760,"B,36679,10,5c:62:8b:66:67:d2,1789,11,28,1,-52,A,5c:62:8b:66:67:d2"
1791390265.760,"B,36679,10,b2:db:ca:e6:29:a6,28,1,1789,11,-20,S,5c:62:8b:66:67:d2"
1791390265.961,"B,36779,10,72:3b:01:24:b7:c8,112,4,0,0,-42,S,5c:62:8b:66:67:d2"
1791390265.961,"B,36779,10,5c:62:8b:66:67:d2,1920,13,140,5,-52,A,5c:62:8b:66:67:d2"
1791390265.961,"B,36779,10,b2:db:ca:e6:29:a6,28,1,1920,13,-22,S,5c:62:8b:66:67:d2"
1791390265.961,"B,36879,10,5c:62:8b:66:67:d2,1990,13,28,1,-52,A,5c:62:8b:66:67:d2"
1791390265.961,"B,36879,10,b2:db:ca:e6:29:a6,28,1,1990,13,-23,S,5c:62:8b:66:67:d2"
1791390265.961,"B,36879,10,38:d5:7a:f4:5a:37,30,1,0,0,-93,S,46:fb:cf:a9:f4:22"
1791390265.961,"B,36879,10,46:fb:cf:a9:f4:22,0,0,30,1,0,A,46:fb:cf:a9:f4:22"
1791390266.162,"B,36979,10,72:3b:01:24:b7:c8,84,3,0,0,-42,S,5c:62:8b:66:67:d2"
1791390266.162,"B,36979,10,5c:62:8b:66:67:d2,2347,15,140,5,-47,A,5c:62:8b:66:67:d2"
1791390266.162,"B,36979,10,b2:db:ca:e6:29:a6,56,2,2347,15,-22,S,5c:62:8b:66:67:d2"
1791390266.162,"B,36979,10,38:d5:7a:f4:5a:37,30,1,0,0,-94,S,46:fb:cf:a9:f4:22"
1791390266.162,"B,36979,10,46:fb:cf:a9:f4:22,0,0,30,1,0,A,46:fb:cf:a9:f4:22"
1791390266.162,"B,37079,10,72:3b:01:24:b7:c8,28,1,0,0,-38,S,5c:62:8b:66:67:d2"
1791390266.162,"B,37079,10,5c:62:8b:66:67:d2,0,0,28,1,-48,A,5c:62:8b:66:67:d2"
1791390266.162,"B,37079,10,80:af:ca:68:4c:f8,212,2,0,0,-82,A,80:af:ca:68:4c:f8"
1791390266.363,"B,37179,10,72:3b:01:24:b7:c8,28,1,0,0,-41,S,5c:62:8b:66:67:d2"
1791390266.363,"B,37179,10,5c:62:8b:66:67:d2,1697,13,56,2,-45,A,5c:62:8b:66:67:d2"
1791390266.363,"B,37179,10,b2:db:ca:e6:29:a6,28,1,1697,13,-20,S,5c:62:8b:66:67:d2"
1791390266.363,"B,37279,10,72:3b:01:24:b7:c8,140,5,0,0,-41,S,5c:62:8b:66:67:d2"
1791390266.363,"B,37279,10,5c:62:8b:66:67:d2,2259,15,140,5,-48,A,5c:62:8b:66:67:d2"
1791390266.363,"B,37279,10,b2:db:ca:e6:29:a6,0,0,2259,15,0,S,5c:62:8b:66:67:d2"
1791390266.564,"B,37379,10,72:3b:01:24:b7:c8,140,5,0,0,-41,S,5c:62:8b:66:67:d2"
1791390266.564,"B,37379,10,5c:62:8b:66:67:d2,0,0,196,7,-49,A,5c:62:8b:66:67:d2"
1791390266.564,"B,37379,10,b2:db:ca:e6:29:a6,56,2,0,0,-23,S,5c:62:8b:66:67:d2"
1791390266.564,"B,37379,10,38:d5:7a:f4:5a:37,30,1,0,0,-96,S,46:fb:cf:a9:f4:22"
1791390266.564,"B,37379,10,46:fb:cf:a9:f4:22,0,0,30,1,0,A,46:fb:cf:a9:f4:22"
1791390266.564,"B,37479,10,72:3b:01:24:b7:c8,140,5,0,0,-37,S,5c:62:8b:66:67:d2"
1791390266.564,"B,37479,10,5c:62:8b:66:67:d2,5802,35,168,6,-51,A,5c:62:8b:66:67:d2"
1791390266.564,"B,37479,10,b2:db:ca:e6:29:a6,28,1,5802,35,-24,S,5c:62:8b:66:67:d2"
1791390266.765,"B,37579,10,5c:62:8b:66:67:d2,1477,10,28,1,-49,A,5c:62:8b:66:67:d2"
1791390266.765,"B,37579,10,b2:db:ca:e6:29:a6,28,1,1477,10,-31,S,5c:62:8b:66:67:d2"
1791390266.765,"B,37679,10,5c:62:8b:66:67:d2,2412,15,28,1,-49,A,5c:62:8b:66:67:d2"
1791390266.765,"B,37679,10,b2:db:ca:e6:29:a6,28,1,2412,15,-32,S,5c:62:8b:66:67:d2"
1791390266.965,"B,37779,10,72:3b:01:24:b7:c8,28,1,0,0,-33,S,5c:62:8b:66:67:d2"
1791390266.965,"B,37779,10,5c:62:8b:66:67:d2,2268,14,28,1,-47,A,5c:62:8b:66:67:d2"
1791390266.965,"B,37779,10,b2:db:ca:e6:29:a6,0,0,2268,14,0,S,5c:62:8b:66:67:d2"
1791390266.965,"B,37879,10,72:3b:01:24:b7:c8,28,1,0,0,-34,S,5c:62:8b:66:67:d2"
1791390266.965,"B,37879,10,5c:62:8b:66:67:d2,2206,15,56,2,-47,A,5c:62:8b:66:67:d2"
1791390266.965,"B,37879,10,b2:db:ca:e6:29:a6,28,1,2206,15,-40,S,5c:62:8b:66:67:d2"
1791390267.167,"B,37979,10,5c:62:8b:66:67:d2,1822,12,106,1,-48,A,5c:62:8b:66:67:d2"
1791390267.167,"B,37979,10,b2:db:ca:e6:29:a6,106,1,1822,12,-34,S,5c:62:8b:66:67:d2"
1791390267.167,"B,38079,10,5c:62:8b:66:67:d2,286,2,28,1,-49,A,5c:62:8b:66:67:d2"
1791390267.167,"B,38079,10,b2:db:ca:e6:29:a6,28,1,286,2,-32,S,5c:62:8b:66:67:d2"
1791390267.370,"B,38179,10,5c:62:8b:66:67:d2,2182,14,28,1,-48,A,5c:62:8b:66:67:d2"
1791390267.370,"B,38179,10,b2:db:ca:e6:29:a6,28,1,2182,14,-34,S,5c:62:8b:66:67:d2"
1791390267.370,"B,38279,10,72:3b:01:24:b7:c8,56,2,0,0,-27,S,5c:62:8b:66:67:d2"
1791390267.370,"B,38279,10,5c:62:8b:66:67:d2,3264,23,196,7,-48,A,5c:62:8b:66:67:d2"
1791390267.370,"B,38279,10,b2:db:ca:e6:29:a6,140,5,3264,23,-31,S,5c:62:8b:66:67:d2"
1791390267.573,"B,38379,10,5c:62:8b:66:67:d2,5362,31,0,0,-49,A,5c:62:8b:66:67:d2"
1791390267.573,"B,38379,10,b2:db:ca:e6:29:a6,0,0,5362,31,0,S,5c:62:8b:66:67:d2"
1791390267.573,"B,38479,10,72:3b:01:24:b7:c8,112,4,0,0,-27,S,5c:62:8b:66:67:d2"
1791390267.573,"B,38479,10,5c:62:8b:66:67:d2,2181,11,168,6,-49,A,5c:62:8b:66:67:d2"
1791390267.573,"B,38479,10,b2:db:ca:e6:29:a6,56,2,2181,11,-30,S,5c:62:8b:66:67:d2"
1791390267.775,"B,38579,10,72:3b:01:24:b7:c8,84,3,0,0,-29,S,5c:62:8b:66:67:d2"
1791390267.775,"B,38579,10,5c:62:8b:66:67:d2,8009,50,112,4,-49,A,5c:62:8b:66:67:d2"
1791390267.775,"B,38579,10,b2:db:ca:e6:29:a6,28,1,8009,50,-30,S,5c:62:8b:66:67:d2"
1791390267.775,"B,38679,10,5c:62:8b:66:67:d2,1579,10,56,2,-49,A,5c:62:8b:66:67:d2"
1791390267.775,"B,38679,10,b2:db:ca:e6:29:a6,56,2,1579,10,-30,S,5c:62:8b:66:67:d2"
1791390267.975,"B,38779,10,72:3b:01:24:b7:c8,196,7,0,0,-30,S,5c:62:8b:66:67:d2"
1791390267.975,"B,38779,10,5c:62:8b:66:67:d2,4840,30,224,8,-48,A,5c:62:8b:66:67:d2"
1791390267.975,"B,38779,10,b2:db:ca:e6:29:a6,28,1,4840,30,-29,S,5c:62:8b:66:67:d2"
1791390267.975,"B,38879,10,5c:62:8b:66:67:d2,1516,9,0,0,-48,A,5c:62:8b:66:67:d2"
1791390267.975,"B,38879,10,b2:db:ca:e6:29:a6,0,0,1516,9,0,S,5c:62:8b:66:67:d2"
1791390268.176,"B,38979,10,72:3b:01:24:b7:c8,56,2,0,0,-30,S,5c:62:8b:66:67:d2"
1791390268.176,"B,38979,10,5c:62:8b:66:67:d2,1050,7,140,5,-48,A,5c:62:8b:66:67:d2"
1791390268.176,"B,38979,10,b2:db:ca:e6:29:a6,84,3,1050,7,-29,S,5c:62:8b:66:67:d2"
1791390268.176,"B,39079,10,5c:62:8b:66:67:d2,235,1,28,1,-49,A,5c:62:8b:66:67:d2"
1791390268.176,"B,39079,10,b2:db:ca:e6:29:a6,28,1,235,1,-29,S,5c:62:8b:66:67:d2"
1791390268.379,"B,39179,10,72:3b:01:24:b7:c8,84,3,0,0,-30,S,5c:62:8b:66:67:d2"
1791390268.379,"B,39179,10,5c:62:8b:66:67:d2,834,4,112,4,-49,A,5c:62:8b:66:67:d2"
1791390268.379,"B,39179,10,b2:db:ca:e6:29:a6,28,1,834,4,-30,S,5c:62:8b:66:67:d2"
1791390268.379,"B,39279,10,72:3b:01:24:b7:c8,56,2,0,0,-30,S,5c:62:8b:66:67:d2"
1791390268.379,"B,39279,10,5c:62:8b:66:67:d2,2159,16,56,2,-49,A,5c:62:8b:66:67:d2"
1791390268.379,"B,39279,10,b2:db:ca:e6:29:a6,0,0,2159,16,0,S,5c:62:8b:66:67:d2"
1791390268.583,"B,39379,10,72:3b:01:24:b7:c8,196,7,0,0,-30,S,5c:62:8b:66:67:d2"
1791390268.583,"B,39379,10,5c:62:8b:66:67:d2,756,4,358,10,-49,A,5c:62:8b:66:67:d2"
1791390268.583,"B,39379,10,b2:db:ca:e6:29:a6,162,3,756,4,-28,S,5c:62:8b:66:67:d2"
1791390268.583,"B,39479,10,72:3b:01:24:b7:c8,84,3,0,0,-30,S,5c:62:8b:66:67:d2"
1791390268.583,"B,39479,10,5c:62:8b:66:67:d2,1791,13,84,3,-49,A,5c:62:8b:66:67:d2"
1791390268.583,"B,39479,10,b2:db:ca:e6:29:a6,0,0,1791,13,0,S,5c:62:8b:66:67:d2"
1791390268.788,"B,39579,10,72:3b:01:24:b7:c8,364,13,0,0,-31,S,5c:62:8b:66:67:d2"
1791390268.788,"B,39579,10,5c:62:8b:66:67:d2,235,1,420,15,-51,A,5c:62:8b:66:67:d2"
1791390268.788,"B,39579,10,b2:db:ca:e6:29:a6,56,2,235,1,-30,S,5c:62:8b:66:67:d2"
1791390268.788,"B,39679,10,5c:62:8b:66:67:d2,2817,17,56,2,-49,A,5c:62:8b:66:67:d2"
1791390268.788,"B,39679,10,b2:db:ca:e6:29:a6,56,2,2817,17,-29,S,5c:62:8b:66:67:d2"
1791390268.989,"B,39779,10,72:3b:01:24:b7:c8,336,12,0,0,-31,S,5c:62:8b:66:67:d2"
1791390268.989,"B,39779,10,5c:62:8b:66:67:d2,1544,11,336,12,-49,A,5c:62:8b:66:67:d2"
1791390268.989,"B,39779,10,b2:db:ca:e6:29:a6,0,0,1544,11,0,S,5c:62:8b:66:67:d2"
1791390268.989,"B,39879,10,72:3b:01:24:b7:c8,280,10,0,0,-34,S,5c:62:8b:66:67:d2"
1791390268.989,"B,39879,10,5c:62:8b:66:67:d2,752,4,336,12,-49,A,5c:62:8b:66:67:d2"
1791390268.989,"B,39879,10,b2:db:ca:e6:29:a6,56,2,752,4,-28,S,5c:62:8b:66:67:d2"
1791390269.190,"B,39979,10,72:3b:01:24:b7:c8,224,8,0,0,-34,S,5c:62:8b:66:67:d2"
1791390269.190,"B,39979,10,5c:62:8b:66:67:d2,1982,13,252,9,-49,A,5c:62:8b:66:67:d2"
1791390269.190,"B,39979,10,b2:db:ca:e6:29:a6,28,1,1982,13,-28,S,5c:62:8b:66:67:d2"
1791390269.190,"B,40079,10,72:3b:01:24:b7:c8,252,9,0,0,-32,S,5c:62:8b:66:67:d2"
1791390269.190,"B,40079,10,5c:62:8b:66:67:d2,521,3,308,11,-49,A,5c:62:8b:66:67:d2"
1791390269.190,"B,40079,10,b2:db:ca:e6:29:a6,56,2,521,3,-27,S,5c:62:8b:66:67:d2"
1791390269.190,"I,40092,stat,rx=4543,drops=0,ch=10,bin=100,hop=0,heap=203064"
1791390269.393,"B,40179,10,72:3b:01:24:b7:c8,336,12,0,0,-37,S,5c:62:8b:66:67:d2"
1791390269.393,"B,40179,10,5c:62:8b:66:67:d2,0,0,364,13,-51,A,5c:62:8b:66:67:d2"
1791390269.393,"B,40179,10,b2:db:ca:e6:29:a6,28,1,0,0,-27,S,5c:62:8b:66:67:d2"
1791390269.393,"B,40279,10,72:3b:01:24:b7:c8,252,9,0,0,-36,S,5c:62:8b:66:67:d2"
1791390269.393,"B,40279,10,5c:62:8b:66:67:d2,1579,10,336,12,-51,A,5c:62:8b:66:67:d2"
1791390269.393,"B,40279,10,b2:db:ca:e6:29:a6,84,3,1579,10,-28,S,5c:62:8b:66:67:d2"
1791390269.598,"B,40379,10,72:3b:01:24:b7:c8,196,7,0,0,-38,S,5c:62:8b:66:67:d2"
1791390269.598,"B,40379,10,5c:62:8b:66:67:d2,1916,12,302,8,-50,A,5c:62:8b:66:67:d2"
1791390269.598,"B,40379,10,b2:db:ca:e6:29:a6,106,1,1916,12,-24,S,5c:62:8b:66:67:d2"
1791390269.598,"B,40479,10,72:3b:01:24:b7:c8,252,9,0,0,-37,S,5c:62:8b:66:67:d2"
1791390269.598,"B,40479,10,5c:62:8b:66:67:d2,1461,9,308,11,-50,A,5c:62:8b:66:67:d2"
1791390269.598,"B,40479,10,b2:db:ca:e6:29:a6,56,2,1461,9,-27,S,5c:62:8b:66:67:d2"
1791390269.803,"B,40579,10,72:3b:01:24:b7:c8,308,11,0,0,-39,S,5c:62:8b:66:67:d2"
1791390269.803,"B,40579,10,5c:62:8b:66:67:d2,0,0,336,12,-51,A,5c:62:8b:66:67:d2"
1791390269.803,"B,40579,10,b2:db:ca:e6:29:a6,28,1,0,0,-29,S,5c:62:8b:66:67:d2"
1791390269.803,"B,40679,10,72:3b:01:24:b7:c8,168,6,0,0,-41,S,5c:62:8b:66:67:d2"
1791390269.803,"B,40679,10,5c:62:8b:66:67:d2,1679,10,168,6,-50,A,5c:62:8b:66:67:d2"
1791390269.803,"B,40679,10,b2:db:ca:e6:29:a6,0,0,1679,10,0,S,5c:62:8b:66:67:d2"
1791390270.003,"B,40779,10,72:3b:01:24:b7:c8,252,9,0,0,-40,S,5c:62:8b:66:67:d2"
1791390270.003,"B,40779,10,5c:62:8b:66:67:d2,1191,8,336,12,-50,A,5c:62:8b:66:67:d2"
1791390270.003,"B,40779,10,b2:db:ca:e6:29:a6,84,3,1191,8,-30,S,5c:62:8b:66:67:d2"
1791390270.003,"B,40879,10,72:3b:01:24:b7:c8,280,10,0,0,-38,S,5c:62:8b:66:67:d2"
1791390270.003,"B,40879,10,5c:62:8b:66:67:d2,3083,20,280,10,-50,A,5c:62:8b:66:67:d2"
1791390270.003,"B,40879,10,b2:db:ca:e6:29:a6,0,0,3083,20,0,S,5c:62:8b:66:67:d2"
1791390270.204,"B,40979,10,72:3b:01:24:b7:c8,280,10,0,0,-36,S,5c:62:8b:66:67:d2"
1791390270.204,"B,40979,10,5c:62:8b:66:67:d2,4047,14,364,13,-50,A,5c:62:8b:66:67:d2"
1791390270.204,"B,40979,10,b2:db:ca:e6:29:a6,84,3,4047,14,-31,S,5c:62:8b:66:67:d2"
1791390270.204,"B,41079,10,72:3b:01:24:b7:c8,336,12,0,0,-35,S,5c:62:8b:66:67:d2"
1791390270.204,"B,41079,10,5c:62:8b:66:67:d2,0,0,364,13,-51,A,5c:62:8b:66:67:d2"
1791390270.204,"B,41079,10,b2:db:ca:e6:29:a6,28,1,0,0,-32,S,5c:62:8b:66:67:d2"
1791390270.204,"M,41128,slot,6,1"
1791390270.409,"B,41179,10,72:3b:01:24:b7:c8,280,10,0,0,-36,S,5c:62:8b:66:67:d2"
1791390270.409,"B,41179,10,5c:62:8b:66:67:d2,3275,21,392,14,-51,A,5c:62:8b:66:67:d2"
1791390270.409,"B,41179,10,b2:db:ca:e6:29:a6,112,4,3275,21,-36,S,5c:62:8b:66:67:d2"
1791390270.409,"B,41279,10,72:3b:01:24:b7:c8,196,7,0,0,-38,S,5c:62:8b:66:67:d2"
1791390270.409,"B,41279,10,5c:62:8b:66:67:d2,0,0,224,8,-49,A,5c:62:8b:66:67:d2"
1791390270.409,"B,41279,10,b2:db:ca:e6:29:a6,28,1,0,0,-39,S,5c:62:8b:66:67:d2"
1791390270.612,"B,41379,10,72:3b:01:24:b7:c8,252,9,0,0,-39,S,5c:62:8b:66:67:d2"
1791390270.612,"B,41379,10,5c:62:8b:66:67:d2,4641,26,280,10,-50,A,5c:62:8b:66:67:d2"
1791390270.612,"B,41379,10,b2:db:ca:e6:29:a6,28,1,4641,26,-39,S,5c:62:8b:66:67:d2"
1791390270.612,"B,41479,10,72:3b:01:24:b7:c8,280,10,0,0,-37,S,5c:62:8b:66:67:d2"
1791390270.612,"B,41479,10,5c:62:8b:66:67:d2,0,0,336,12,-51,A,5c:62:8b:66:67:d2"
1791390270.612,"B,41479,10,b2:db:ca:e6:29:a6,56,2,0,0,-36,S,5c:62:8b:66:67:d2"
1791390270.816,"B,41579,10,72:3b:01:24:b7:c8,308,11,0,0,-38,S,5c:62:8b:66:67:d2"
1791390270.816,"B,41579,10,5c:62:8b:66:67:d2,0,0,336,12,-52,A,5c:62:8b:66:67:d2"
1791390270.816,"B,41579,10,b2:db:ca:e6:29:a6,28,1,0,0,-30,S,5c:62:8b:66:67:d2"
1791390270.816,"B,41679,10,5c:62:8b:66:67:d2,0,0,56,2,-52,A,5c:62:8b:66:67:d2"
1791390270.816,"B,41679,10,b2:db:ca:e6:29:a6,56,2,0,0,-32,S,5c:62:8b:66:67:d2"
1791390271.017,"B,41779,10,72:3b:01:24:b7:c8,84,3,0,0,-41,S,5c:62:8b:66:67:d2"
1791390271.017,"B,41779,10,5c:62:8b:66:67:d2,0,0,112,4,-51,A,5c:62:8b:66:67:d2"
1791390271.017,"B,41779,10,b2:db:ca:e6:29:a6,28,1,0,0,-31,S,5c:62:8b:66:67:d2"
1791390271.017,"B,41879,10,72:3b:01:24:b7:c8,28,1,0,0,-39,S,5c:62:8b:66:67:d2"
1791390271.017,"B,41879,10,5c:62:8b:66:67:d2,0,0,84,3,-49,A,5c:62:8b:66:67:d2"
1791390271.017,"B,41879,10,b2:db:ca:e6:29:a6,56,2,0,0,-31,S,5c:62:8b:66:67:d2"
1791390271.219,"B,41979,10,72:3b:01:24:b7:c8,112,4,0,0,-35,S,5c:62:8b:66:67:d2"
1791390271.219,"B,41979,10,5c:62:8b:66:67:d2,0,0,140,5,-48,A,5c:62:8b:66:67:d2"
1791390271.219,"B,41979,10,b2:db:ca:e6:29:a6,28,1,0,0,-33,S,5c:62:8b:66:67:d2"
1791390271.424,"B,42179,10,72:3b:01:24:b7:c8,56,2,0,0,-38,S,5c:62:8b:66:67:d2"
1791390271.424,"B,42179,10,5c:62:8b:66:67:d2,0,0,84,3,-49,A,5c:62:8b:66:67:d2"
1791390271.424,"B,42179,10,b2:db:ca:e6:29:a6,28,1,0,0,-31,S,5c:62:8b:66:67:d2"
1791390271.424,"B,42279,10,72:3b:01:24:b7:c8,28,1,0,0,-33,S,5c:62:8b:66:67:d2"
1791390271.424,"B,42279,10,5c:62:8b:66:67:d2,0,0,56,2,-49,A,5c:62:8b:66:67:d2"
1791390271.424,"B,42279,10,b2:db:ca:e6:29:a6,28,1,0,0,-31,S,5c:62:8b:66:67:d2"
1791390271.625,"B,42379,10,72:3b:01:24:b7:c8,252,9,0,0,-34,S,5c:62:8b:66:67:d2"
1791390271.625,"B,42379,10,5c:62:8b:66:67:d2,0,0,280,10,-50,A,5c:62:8b:66:67:d2"
1791390271.625,"B,42379,10,b2:db:ca:e6:29:a6,28,1,0,0,-31,S,5c:62:8b:66:67:d2"
1791390271.625,"B,42479,10,72:3b:01:24:b7:c8,84,3,0,0,-36,S,5c:62:8b:66:67:d2"
1791390271.625,"B,42479,10,5c:62:8b:66:67:d2,0,0,84,3,-49,A,5c:62:8b:66:67:d2"
1791390271.826,"B,42579,10,72:3b:01:24:b7:c8,28,1,0,0,-35,S,5c:62:8b:66:67:d2"
1791390271.826,"B,42579,10,5c:62:8b:66:67:d2,0,0,84,3,-49,A,5c:62:8b:66:67:d2"
1791390271.826,"B,42579,10,b2:db:ca:e6:29:a6,56,2,0,0,-29,S,5c:62:8b:66:67:d2"
1791390271.826,"B,42679,10,72:3b:01:24:b7:c8,84,3,0,0,-38,S,5c:62:8b:66:67:d2"
1791390271.826,"B,42679,10,5c:62:8b:66:67:d2,0,0,84,3,-49,A,5c:62:8b:66:67:d2"
1791390272.031,"B,42779,10,72:3b:01:24:b7:c8,84,3,0,0,-37,S,5c:62:8b:66:67:d2"
1791390272.031,"B,42779,10,5c:62:8b:66:67:d2,0,0,140,5,-49,A,5c:62:8b:66:67:d2"
1791390272.031,"B,42779,10,b2:db:ca:e6:29:a6,56,2,0,0,-30,S,5c:62:8b:66:67:d2"
1791390272.031,"B,42879,10,72:3b:01:24:b7:c8,84,3,0,0,-36,S,5c:62:8b:66:67:d2"
1791390272.031,"B,42879,10,5c:62:8b:66:67:d2,0,0,668,6,-49,A,5c:62:8b:66:67:d2"
1791390272.031,"B,42879,10,b2:db:ca:e6:29:a6,584,3,0,0,-26,S,5c:62:8b:66:67:d2"
1791390272.233,"B,42979,10,5c:62:8b:66:67:d2,0,0,56,2,-51,A,5c:62:8b:66:67:d2"
1791390272.233,"B,42979,10,b2:db:ca:e6:29:a6,56,2,0,0,-29,S,5c:62:8b:66:67:d2"
1791390272.233,"B,43079,10,72:3b:01:24:b7:c8,112,4,0,0,-35,S,5c:62:8b:66:67:d2"
1791390272.233,"B,43079,10,5c:62:8b:66:67:d2,0,0,140,5,-47,A,5c:62:8b:66:67:d2"
1791390272.233,"B,43079,10,b2:db:ca:e6:29:a6,28,1,0,0,-28,S,5c:62:8b:66:67:d2"
1791390272.434,"B,43279,10,72:3b:01:24:b7:c8,168,6,0,0,-37,S,5c:62:8b:66:67:d2"
1791390272.434,"B,43279,10,5c:62:8b:66:67:d2,0,0,196,7,-49,A,5c:62:8b:66:67:d2"
1791390272.434,"B,43279,10,b2:db:ca:e6:29:a6,28,1,0,0,-30,S,5c:62:8b:66:67:d2"
1791390272.639,"B,43379,10,5c:62:8b:66:67:d2,0,0,28,1,-49,A,5c:62:8b:66:67:d2"
1791390272.639,"B,43379,10,b2:db:ca:e6:29:a6,28,1,0,0,-29,S,5c:62:8b:66:67:d2"
1791390272.639,"B,43479,10,72:3b:01:24:b7:c8,112,4,328,4,-35,S,5c:62:8b:66:67:d2"
1791390272.639,"B,43479,10,5c:62:8b:66:67:d2,408,5,196,7,-49,A,5c:62:8b:66:67:d2"
1791390272.639,"B,43479,10,b2:db:ca:e6:29:a6,84,3,0,0,-28,S,5c:62:8b:66:67:d2"
1791390272.840,"B,43579,10,72:3b:01:24:b7:c8,112,4,0,0,-34,S,5c:62:8b:66:67:d2"
1791390272.840,"B,43579,10,5c:62:8b:66:67:d2,0,0,112,4,-49,A,5c:62:8b:66:67:d2"
1791390272.840,"B,43679,10,72:3b:01:24:b7:c8,112,4,0,0,-36,S,5c:62:8b:66:67:d2"
1791390272.840,"B,43679,10,5c:62:8b:66:67:d2,0,0,168,6,-48,A,5c:62:8b:66:67:d2"
1791390272.840,"B,43679,10,b2:db:ca:e6:29:a6,56,2,0,0,-28,S,5c:62:8b:66:67:d2"
1791390273.043,"B,43779,10,72:3b:01:24:b7:c8,112,4,0,0,-36,S,5c:62:8b:66:67:d2"
1791390273.043,"B,43779,10,5c:62:8b:66:67:d2,0,0,112,4,-47,A,5c:62:8b:66:67:d2"
1791390273.043,"B,43879,10,5c:62:8b:66:67:d2,0,0,28,1,-48,A,5c:62:8b:66:67:d2"
1791390273.043,"B,43879,10,b2:db:ca:e6:29:a6,28,1,0,0,-27,S,5c:62:8b:66:67:d2"
1791390273.248,"B,43979,10,72:3b:01:24:b7:c8,112,4,0,0,-34,S,5c:62:8b:66:67:d2"
1791390273.248,"B,43979,10,5c:62:8b:66:67:d2,0,0,140,5,-47,A,5c:62:8b:66:67:d2"
1791390273.248,"B,43979,10,b2:db:ca:e6:29:a6,28,1,0,0,-27,S,5c:62:8b:66:67:d2"
1791390273.453,"B,44179,10,72:3b:01:24:b7:c8,56,2,0,0,-35,S,5c:62:8b:66:67:d2"
1791390273.453,"B,44179,10,5c:62:8b:66:67:d2,0,0,112,4,-47,A,5c:62:8b:66:67:d2"
1791390273.453,"B,44179,10,b2:db:ca:e6:29:a6,56,2,0,0,-27,S,5c:62:8b:66:67:d2"
1791390273.453,"B,44279,10,72:3b:01:24:b7:c8,56,2,0,0,-38,S,5c:62:8b:66:67:d2"
1791390273.453,"B,44279,10,5c:62:8b:66:67:d2,0,0,56,2,-47,A,5c:62:8b:66:67:d2"
1791390273.654,"B,44379,10,72:3b:01:24:b7:c8,112,4,0,0,-38,S,5c:62:8b:66:67:d2"
1791390273.654,"B,44379,10,5c:62:8b:66:67:d2,0,0,140,5,-48,A,5c:62:8b:66:67:d2"
1791390273.654,"B,44379,10,b2:db:ca:e6:29:a6,28,1,0,0,-28,S,5c:62:8b:66:67:d2"
1791390273.654,"B,44479,10,5c:62:8b:66:67:d2,0,0,28,1,-49,A,5c:62:8b:66:67:d2"
1791390273.654,"B,44479,10,b2:db:ca:e6:29:a6,28,1,0,0,-31,S,5c:62:8b:66:67:d2"
1791390273.856,"B,44579,10,72:3b:01:24:b7:c8,84,3,0,0,-37,S,5c:62:8b:66:67:d2"
1791390273.856,"B,44579,10,5c:62:8b:66:67:d2,0,0,140,5,-49,A,5c:62:8b:66:67:d2"
1791390273.856,"B,44579,10,b2:db:ca:e6:29:a6,56,2,0,0,-30,S,5c:62:8b:66:67:d2"
1791390274.056,"B,44779,10,72:3b:01:24:b7:c8,28,1,0,0,-36,S,5c:62:8b:66:67:d2"
1791390274.056,"B,44779,10,5c:62:8b:66:67:d2,0,0,56,2,-49,A,5c:62:8b:66:67:d2"
1791390274.056,"B,44779,10,b2:db:ca:e6:29:a6,28,1,0,0,-28,S,5c:62:8b:66:67:d2"
1791390274.056,"B,44879,10,5c:62:8b:66:67:d2,0,0,28,1,-49,A,5c:62:8b:66:67:d2"
1791390274.056,"B,44879,10,b2:db:ca:e6:29:a6,28,1,0,0,-28,S,5c:62:8b:66:67:d2"
1791390274.056,"B,44979,10,72:3b:01:24:b7:c8,84,3,0,0,-36,S,5c:62:8b:66:67:d2"
1791390274.056,"B,44979,10,5c:62:8b:66:67:d2,0,0,112,4,-50,A,5c:62:8b:66:67:d2"
1791390274.256,"B,44979,10,b2:db:ca:e6:29:a6,28,1,0,0,-30,S,5c:62:8b:66:67:d2"
1791390274.256,"B,45079,10,5c:62:8b:66:67:d2,0,0,28,1,-47,A,5c:62:8b:66:67:d2"
1791390274.256,"B,45079,10,b2:db:ca:e6:29:a6,28,1,0,0,-30,S,5c:62:8b:66:67:d2"
1791390274.256,"I,45093,stat,rx=5079,drops=0,ch=10,bin=100,hop=0,heap=203064"
1791390274.456,"B,45179,10,72:3b:01:24:b7:c8,112,4,0,0,-37,S,5c:62:8b:66:67:d2"
1791390274.456,"B,45179,10,5c:62:8b:66:67:d2,0,0,112,4,-48,A,5c:62:8b:66:67:d2"
1791390274.456,"B,45279,10,72:3b:01:24:b7:c8,336,12,0,0,-36,S,5c:62:8b:66:67:d2"
1791390274.456,"B,45279,10,5c:62:8b:66:67:d2,0,0,364,13,-48,A,5c:62:8b:66:67:d2"
1791390274.456,"B,45279,10,b2:db:ca:e6:29:a6,28,1,0,0,-28,S,5c:62:8b:66:67:d2"
1791390274.456,"B,45379,10,72:3b:01:24:b7:c8,224,8,0,0,-38,S,5c:62:8b:66:67:d2"
1791390274.456,"B,45379,10,5c:62:8b:66:67:d2,0,0,280,10,0,A,5c:62:8b:66:67:d2"
1791390274.456,"B,45379,10,b2:db:ca:e6:29:a6,56,2,0,0,-28,S,5c:62:8b:66:67:d2"
1791390274.656,"B,45479,10,72:3b:01:24:b7:c8,224,8,0,0,-36,S,5c:62:8b:66:67:d2"
1791390274.656,"B,45479,10,5c:62:8b:66:67:d2,0,0,252,9,-52,A,5c:62:8b:66:67:d2"
1791390274.656,"B,45479,10,b2:db:ca:e6:29:a6,28,1,0,0,-28,S,5c:62:8b:66:67:d2"
1791390274.656,"B,45579,10,72:3b:01:24:b7:c8,308,11,0,0,-33,S,5c:62:8b:66:67:d2"
1791390274.857,"B,45579,10,5c:62:8b:66:67:d2,0,0,308,11,-49,A,5c:62:8b:66:67:d2"
1791390274.857,"B,45679,10,72:3b:01:24:b7:c8,252,9,0,0,-33,S,5c:62:8b:66:67:d2"
1791390274.857,"B,45679,10,5c:62:8b:66:67:d2,0,0,280,10,-51,A,5c:62:8b:66:67:d2"
1791390274.857,"B,45679,10,b2:db:ca:e6:29:a6,28,1,0,0,-28,S,5c:62:8b:66:67:d2"
1791390274.857,"B,45779,10,72:3b:01:24:b7:c8,308,11,0,0,-31,S,5c:62:8b:66:67:d2"
1791390274.857,"B,45779,10,5c:62:8b:66:67:d2,0,0,336,12,-55,A,5c:62:8b:66:67:d2"
1791390274.857,"B,45779,10,b2:db:ca:e6:29:a6,28,1,0,0,-29,S,5c:62:8b:66:67:d2"
1791390275.058,"B,45879,10,72:3b:01:24:b7:c8,196,7,0,0,-34,S,5c:62:8b:66:67:d2"
1791390275.058,"B,45879,10,5c:62:8b:66:67:d2,0,0,196,7,-61,A,5c:62:8b:66:67:d2"
1791390275.058,"B,45979,10,72:3b:01:24:b7:c8,308,11,0,0,-36,S,5c:62:8b:66:67:d2"
1791390275.058,"B,45979,10,5c:62:8b:66:67:d2,0,0,336,12,-58,A,5c:62:8b:66:67:d2"
1791390275.258,"B,45979,10,b2:db:ca:e6:29:a6,28,1,0,0,-30,S,5c:62:8b:66:67:d2"
1791390275.258,"B,46079,10,72:3b:01:24:b7:c8,252,9,0,0,-37,S,5c:62:8b:66:67:d2"
1791390275.258,"B,46079,10,5c:62:8b:66:67:d2,0,0,280,10,-57,A,5c:62:8b:66:67:d2"
1791390275.258,"B,46079,10,b2:db:ca:e6:29:a6,28,1,0,0,-30,S,5c:62:8b:66:67:d2"
1791390275.258,"B,46179,10,72:3b:01:24:b7:c8,168,6,0,0,-34,S,5c:62:8b:66:67:d2"
1791390275.258,"B,46179,10,5c:62:8b:66:67:d2,0,0,224,8,-54,A,5c:62:8b:66:67:d2"
1791390275.258,"B,46179,10,b2:db:ca:e6:29:a6,56,2,0,0,-28,S,5c:62:8b:66:67:d2"
1791390275.459,"M,46196,slot,7,0"
1791390275.459,"B,46279,10,72:3b:01:24:b7:c8,308,11,0,0,-31,S,5c:62:8b:66:67:d2"
1791390275.459,"B,46279,10,5c:62:8b:66:67:d2,0,0,336,12,-51,A,5c:62:8b:66:67:d2"
1791390275.459,"B,46279,10,b2:db:ca:e6:29:a6,28,1,0,0,-30,S,5c:62:8b:66:67:d2"
1791390275.459,"B,46379,10,72:3b:01:24:b7:c8,112,4,0,0,-33,S,5c:62:8b:66:67:d2"
1791390275.459,"B,46379,10,5c:62:8b:66:67:d2,0,0,218,5,-49,A,5c:62:8b:66:67:d2"
1791390275.459,"B,46379,10,b2:db:ca:e6:29:a6,106,1,0,0,-25,S,5c:62:8b:66:67:d2"
1791390275.659,"B,46479,10,72:3b:01:24:b7:c8,252,9,0,0,-36,S,5c:62:8b:66:67:d2"
1791390275.659,"B,46479,10,5c:62:8b:66:67:d2,0,0,364,13,-48,A,5c:62:8b:66:67:d2"
1791390275.659,"B,46479,10,b2:db:ca:e6:29:a6,112,4,0,0,-28,S,5c:62:8b:66:67:d2"
1791390275.659,"B,46579,10,72:3b:01:24:b7:c8,336,12,0,0,-37,S,5c:62:8b:66:67:d2"
1791390275.860,"B,46579,10,5c:62:8b:66:67:d2,0,0,498,15,-48,A,5c:62:8b:66:67:d2"
1791390275.860,"B,46579,10,b2:db:ca:e6:29:a6,162,3,0,0,-30,S,5c:62:8b:66:67:d2"
1791390275.860,"B,46679,10,72:3b:01:24:b7:c8,308,11,0,0,-31,S,5c:62:8b:66:67:d2"
1791390275.860,"B,46679,10,5c:62:8b:66:67:d2,0,0,364,13,-47,A,5c:62:8b:66:67:d2"
1791390275.860,"B,46679,10,b2:db:ca:e6:29:a6,56,2,0,0,-30,S,5c:62:8b:66:67:d2"
1791390275.860,"B,46779,10,72:3b:01:24:b7:c8,168,6,0,0,-30,S,5c:62:8b:66:67:d2"
1791390275.860,"B,46779,10,5c:62:8b:66:67:d2,0,0,328,7,-46,A,5c:62:8b:66:67:d2"
1791390275.860,"B,46779,10,b2:db:ca:e6:29:a6,160,1,0,0,-28,S,5c:62:8b:66:67:d2"
1791390276.061,"B,46879,10,72:3b:01:24:b7:c8,280,10,0,0,-30,S,5c:62:8b:66:67:d2"
1791390276.061,"B,46879,10,5c:62:8b:66:67:d2,0,0,336,12,-47,A,5c:62:8b:66:67:d2"
1791390276.061,"B,46879,10,b2:db:ca:e6:29:a6,56,2,0,0,-30,S,5c:62:8b:66:67:d2"
1791390276.061,"B,46979,10,72:3b:01:24:b7:c8,112,4,0,0,-31,S,5c:62:8b:66:67:d2"
1791390276.061,"B,46979,10,5c:62:8b:66:67:d2,0,0,218,5,-47,A,5c:62:8b:66:67:d2"
1791390276.061,"B,46979,10,b2:db:ca:e6:29:a6,106,1,0,0,-29,S,5c:62:8b:66:67:d2"
1791390276.261,"B,47079,10,72:3b:01:24:b7:c8,336,12,0,0,-31,S,5c:62:8b:66:67:d2"
1791390276.261,"B,47079,10,5c:62:8b:66:67:d2,0,0,498,15,-48,A,5c:62:8b:66:67:d2"
1791390276.261,"B,47079,10,b2:db:ca:e6:29:a6,162,3,0,0,-29,S,5c:62:8b:66:67:d2"
1791390276.261,"B,47179,10,72:3b:01:24:b7:c8,252,9,0,0,-31,S,5c:62:8b:66:67:d2"
1791390276.261,"B,47179,10,5c:62:8b:66:67:d2,0,0,358,10,-49,A,5c:62:8b:66:67:d2"
1791390276.261,"B,47179,10,b2:db:ca:e6:29:a6,106,1,0,0,-27,S,5c:62:8b:66:67:d2"
1791390276.461,"B,47279,10,72:3b:01:24:b7:c8,112,4,0,0,-31,S,5c:62:8b:66:67:d2"
1791390276.461,"B,47279,10,5c:62:8b:66:67:d2,0,0,274,7,-49,A,5c:62:8b:66:67:d2"
1791390276.461,"B,47279,10,b2:db:ca:e6:29:a6,162,3,0,0,-28,S,5c:62:8b:66:67:d2"
1791390276.461,"B,47379,10,72:3b:01:24:b7:c8,84,3,0,0,-30,S,5c:62:8b:66:67:d2"
1791390276.461,"B,47379,10,5c:62:8b:66:67:d2,0,0,190,4,-50,A,5c:62:8b:66:67:d2"
1791390276.461,"B,47379,10,b2:db:ca:e6:29:a6,106,1,0,0,-28,S,5c:62:8b:66:67:d2"
1791390276.662,"B,47479,10,72:3b:01:24:b7:c8,28,1,0,0,-30,S,5c:62:8b:66:67:d2"
1791390276.662,"B,47479,10,5c:62:8b:66:67:d2,0,0,56,2,-50,A,5c:62:8b:66:67:d2"
1791390276.662,"B,47479,10,b2:db:ca:e6:29:a6,28,1,0,0,-29,S,5c:62:8b:66:67:d2"
1791390276.662,"B,47579,10,72:3b:01:24:b7:c8,112,4,0,0,-32,S,5c:62:8b:66:67:d2"
1791390276.662,"B,47579,10,5c:62:8b:66:67:d2,0,0,140,5,-48,A,5c:62:8b:66:67:d2"
1791390276.662,"B,47579,10,b2:db:ca:e6:29:a6,28,1,0,0,-29,S,5c:62:8b:66:67:d2"
1791390276.864,"B,47679,10,5c:62:8b:66:67:d2,0,0,1208,1,-49,A,5c:62:8b:66:67:d2"
1791390276.864,"B,47679,10,b2:db:ca:e6:29:a6,1208,1,0,0,-28,S,5c:62:8b:66:67:d2"
1791390276.864,"B,47779,10,72:3b:01:24:b7:c8,140,5,0,0,-34,S,5c:62:8b:66:67:d2"
1791390276.864,"B,47779,10,5c:62:8b:66:67:d2,0,0,302,8,-49,A,5c:62:8b:66:67:d2"
1791390276.864,"B,47779,10,b2:db:ca:e6:29:a6,162,3,0,0,-29,S,5c:62:8b:66:67:d2"
1791390277.065,"B,47979,10,72:3b:01:24:b7:c8,112,4,0,0,-36,S,5c:62:8b:66:67:d2"
1791390277.065,"B,47979,10,5c:62:8b:66:67:d2,0,0,541,7,-47,A,5c:62:8b:66:67:d2"
1791390277.065,"B,47979,10,b2:db:ca:e6:29:a6,429,3,0,0,-30,S,5c:62:8b:66:67:d2"
1791390277.267,"B,48079,10,5c:62:8b:66:67:d2,0,0,106,1,-47,A,5c:62:8b:66:67:d2"
1791390277.267,"B,48079,10,b2:db:ca:e6:29:a6,106,1,0,0,-30,S,5c:62:8b:66:67:d2"
1791390277.267,"B,48179,10,72:3b:01:24:b7:c8,112,4,0,0,-33,S,5c:62:8b:66:67:d2"
1791390277.267,"B,48179,10,5c:62:8b:66:67:d2,0,0,274,7,-46,A,5c:62:8b:66:67:d2"
1791390277.267,"B,48179,10,b2:db:ca:e6:29:a6,162,3,0,0,-30,S,5c:62:8b:66:67:d2"
1791390277.471,"B,48279,10,72:3b:01:24:b7:c8,28,1,0,0,-31,S,5c:62:8b:66:67:d2"
1791390277.471,"B,48279,10,5c:62:8b:66:67:d2,0,0,362,2,-48,A,5c:62:8b:66:67:d2"
1791390277.471,"B,48279,10,b2:db:ca:e6:29:a6,334,1,0,0,-30,S,5c:62:8b:66:67:d2"
1791390277.471,"B,48379,10,72:3b:01:24:b7:c8,112,4,0,0,-26,S,5c:62:8b:66:67:d2"
1791390277.471,"B,48379,10,5c:62:8b:66:67:d2,0,0,140,5,-47,A,5c:62:8b:66:67:d2"
1791390277.471,"B,48379,10,b2:db:ca:e6:29:a6,28,1,0,0,-28,S,5c:62:8b:66:67:d2"
1791390277.674,"B,48479,10,5c:62:8b:66:67:d2,0,0,28,1,-49,A,5c:62:8b:66:67:d2"
1791390277.674,"B,48479,10,b2:db:ca:e6:29:a6,28,1,0,0,-30,S,5c:62:8b:66:67:d2"
1791390277.674,"B,48579,10,72:3b:01:24:b7:c8,28,1,0,0,-25,S,5c:62:8b:66:67:d2"
1791390277.674,"B,48579,10,5c:62:8b:66:67:d2,0,0,56,2,-49,A,5c:62:8b:66:67:d2"
1791390277.674,"B,48579,10,b2:db:ca:e6:29:a6,28,1,0,0,-30,S,5c:62:8b:66:67:d2"
1791390277.875,"B,48679,10,72:3b:01:24:b7:c8,84,3,0,0,-24,S,5c:62:8b:66:67:d2"
1791390277.875,"B,48679,10,5c:62:8b:66:67:d2,0,0,112,4,-48,A,5c:62:8b:66:67:d2"
1791390277.875,"B,48679,10,b2:db:ca:e6:29:a6,28,1,0,0,-31,S,5c:62:8b:66:67:d2"
1791390277.875,"B,48779,10,72:3b:01:24:b7:c8,28,1,0,0,-25,S,5c:62:8b:66:67:d2"
1791390277.875,"B,48779,10,5c:62:8b:66:67:d2,0,0,28,1,-49,A,5c:62:8b:66:67:d2"
1791390278.080,"B,48879,10,72:3b:01:24:b7:c8,56,2,0,0,-25,S,5c:62:8b:66:67:d2"
1791390278.080,"B,48879,10,5c:62:8b:66:67:d2,0,0,84,3,-49,A,5c:62:8b:66:67:d2"
1791390278.080,"B,48879,10,b2:db:ca:e6:29:a6,28,1,0,0,-29,S,5c:62:8b:66:67:d2"
1791390278.283,"B,49079,10,72:3b:01:24:b7:c8,112,4,0,0,-25,S,5c:62:8b:66:67:d2"
1791390278.283,"B,49079,10,5c:62:8b:66:67:d2,0,0,112,4,-48,A,5c:62:8b:66:67:d2"
1791390278.283,"B,49179,10,5c:62:8b:66:67:d2,0,0,84,3,-47,A,5c:62:8b:66:67:d2"
1791390278.283,"B,49179,10,b2:db:ca:e6:29:a6,84,3,0,0,-29,S,5c:62:8b:66:67:d2"
1791390278.488,"B,49279,10,72:3b:01:24:b7:c8,112,4,0,0,-25,S,5c:62:8b:66:67:d2"
1791390278.488,"B,49279,10,5c:62:8b:66:67:d2,0,0,140,5,-48,A,5c:62:8b:66:67:d2"
1791390278.488,"B,49279,10,b2:db:ca:e6:29:a6,28,1,0,0,-29,S,5c:62:8b:66:67:d2"
1791390278.488,"B,49379,10,5c:62:8b:66:67:d2,0,0,28,1,-49,A,5c:62:8b:66:67:d2"
1791390278.488,"B,49379,10,b2:db:ca:e6:29:a6,28,1,0,0,-29,S,5c:62:8b:66:67:d2"
1791390278.689,"B,49479,10,72:3b:01:24:b7:c8,84,3,0,0,-25,S,5c:62:8b:66:67:d2"
1791390278.689,"B,49479,10,5c:62:8b:66:67:d2,0,0,84,3,-50,A,5c:62:8b:66:67:d2"
1791390278.689,"B,49579,10,5c:62:8b:66:67:d2,0,0,56,2,-50,A,5c:62:8b:66:67:d2"
1791390278.689,"B,49579,10,b2:db:ca:e6:29:a6,56,2,0,0,-29,S,5c:62:8b:66:67:d2"
1791390278.894,"B,49679,10,72:3b:01:24:b7:c8,84,3,0,0,-25,S,5c:62:8b:66:67:d2"
1791390278.894,"B,49679,10,5c:62:8b:66:67:d2,0,0,112,4,-50,A,5c:62:8b:66:67:d2"
1791390278.894,"B,49679,10,b2:db:ca:e6:29:a6,28,1,0,0,-29,S,5c:62:8b:66:67:d2"
1791390278.894,"B,49779,10,72:3b:01:24:b7:c8,28,1,0,0,-26,S,5c:62:8b:66:67:d2"
1791390278.894,"B,49779,10,5c:62:8b:66:67:d2,0,0,56,2,0,A,5c:62:8b:66:67:d2"
1791390278.894,"B,49779,10,b2:db:ca:e6:29:a6,28,1,0,0,-29,S,5c:62:8b:66:67:d2"
1791390279.098,"B,49879,10,72:3b:01:24:b7:c8,84,3,0,0,-27,S,5c:62:8b:66:67:d2"
1791390279.098,"B,49879,10,5c:62:8b:66:67:d2,0,0,112,4,-50,A,5c:62:8b:66:67:d2"
1791390279.098,"B,49879,10,b2:db:ca:e6:29:a6,28,1,0,0,-31,S,5c:62:8b:66:67:d2"
1791390279.098,"B,49979,10,72:3b:01:24:b7:c8,56,2,0,0,-27,S,5c:62:8b:66:67:d2"
1791390279.098,"B,49979,10,5c:62:8b:66:67:d2,0,0,84,3,-51,A,5c:62:8b:66:67:d2"
1791390279.098,"B,49979,10,b2:db:ca:e6:29:a6,28,1,0,0,-28,S,5c:62:8b:66:67:d2"
1791390279.299,"B,50079,10,5c:62:8b:66:67:d2,0,0,28,1,-50,A,5c:62:8b:66:67:d2"
1791390279.299,"B,50079,10,b2:db:ca:e6:29:a6,28,1,0,0,-29,S,5c:62:8b:66:67:d2"
1791390279.299,"I,50096,stat,rx=5468,drops=0,ch=10,bin=100,hop=0,heap=203064"
1791390279.299,"B,50179,10,72:3b:01:24:b7:c8,28,1,0,0,-27,S,5c:62:8b:66:67:d2"
1791390279.299,"B,50179,10,5c:62:8b:66:67:d2,0,0,28,1,-49,A,5c:62:8b:66:67:d2"
1791390279.500,"B,50279,10,72:3b:01:24:b7:c8,28,1,0,0,-28,S,5c:62:8b:66:67:d2"
1791390279.500,"B,50279,10,5c:62:8b:66:67:d2,0,0,84,3,-50,A,5c:62:8b:66:67:d2"
1791390279.500,"B,50279,10,b2:db:ca:e6:29:a6,56,2,0,0,-29,S,5c:62:8b:66:67:d2"
1791390279.500,"B,50379,10,72:3b:01:24:b7:c8,84,3,0,0,-27,S,5c:62:8b:66:67:d2"
1791390279.500,"B,50379,10,5c:62:8b:66:67:d2,0,0,84,3,-51,A,5c:62:8b:66:67:d2"
1791390279.704,"B,50479,10,5c:62:8b:66:67:d2,0,0,56,2,-51,A,5c:62:8b:66:67:d2"
1791390279.704,"B,50479,10,b2:db:ca:e6:29:a6,56,2,0,0,-30,S,5c:62:8b:66:67:d2"
1791390279.704,"B,50579,10,72:3b:01:24:b7:c8,28,1,0,0,-26,S,5c:62:8b:66:67:d2"
1791390279.704,"B,50579,10,5c:62:8b:66:67:d2,0,0,56,2,-50,A,5c:62:8b:66:67:d2"
1791390279.704,"B,50579,10,b2:db:ca:e6:29:a6,28,1,0,0,-26,S,5c:62:8b:66:67:d2"
1791390279.907,"B,50679,10,5c:62:8b:66:67:d2,0,0,28,1,-49,A,5c:62:8b:66:67:d2"
1791390279.907,"B,50679,10,b2:db:ca:e6:29:a6,28,1,0,0,-29,S,5c:62:8b:66:67:d2"
1791390279.907,"B,50779,10,72:3b:01:24:b7:c8,140,5,0,0,-29,S,5c:62:8b:66:67:d2"
1791390279.907,"B,50779,10,5c:62:8b:66:67:d2,0,0,196,7,-48,A,5c:62:8b:66:67:d2"
1791390279.907,"B,50779,10,b2:db:ca:e6:29:a6,56,2,0,0,-29,S,5c:62:8b:66:67:d2"
1791390280.111,"B,50979,10,72:3b:01:24:b7:c8,112,4,0,0,-31,S,5c:62:8b:66:67:d2"
1791390280.111,"B,50979,10,5c:62:8b:66:67:d2,0,0,140,5,-48,A,5c:62:8b:66:67:d2"
1791390280.111,"B,50979,10,b2:db:ca:e6:29:a6,28,1,0,0,-29,S,5c:62:8b:66:67:d2"
1791390280.312,"B,51179,10,72:3b:01:24:b7:c8,84,3,0,0,-30,S,5c:62:8b:66:67:d2"
1791390280.312,"B,51179,10,5c:62:8b:66:67:d2,0,0,140,5,-48,A,5c:62:8b:66:67:d2"
1791390280.312,"B,51179,10,b2:db:ca:e6:29:a6,56,2,0,0,-28,S,5c:62:8b:66:67:d2"
1791390280.516,"M,51271,slot,8,1"
1791390280.516,"B,51279,10,72:3b:01:24:b7:c8,280,10,0,0,-30,S,5c:62:8b:66:67:d2"
1791390280.516,"B,51279,10,5c:62:8b:66:67:d2,0,0,280,10,-48,A,5c:62:8b:66:67:d2"
1791390280.516,"B,51379,10,72:3b:01:24:b7:c8,84,3,0,0,-30,S,5c:62:8b:66:67:d2"
1791390280.516,"B,51379,10,5c:62:8b:66:67:d2,0,0,140,5,-48,A,5c:62:8b:66:67:d2"
1791390280.516,"B,51379,10,b2:db:ca:e6:29:a6,56,2,0,0,-30,S,5c:62:8b:66:67:d2"
1791390280.720,"B,51479,10,72:3b:01:24:b7:c8,28,1,0,0,-31,S,5c:62:8b:66:67:d2"
1791390280.720,"B,51479,10,5c:62:8b:66:67:d2,0,0,28,1,-48,A,5c:62:8b:66:67:d2"
1791390280.720,"B,51579,10,72:3b:01:24:b7:c8,56,2,0,0,-31,S,5c:62:8b:66:67:d2"
1791390280.720,"B,51579,10,5c:62:8b:66:67:d2,0,0,112,4,-49,A,5c:62:8b:66:67:d2"
1791390280.720,"B,51579,10,b2:db:ca:e6:29:a6,56,2,0,0,-28,S,5c:62:8b:66:67:d2"
1791390280.923,"B,51679,10,72:3b:01:24:b7:c8,56,2,0,0,-31,S,5c:62:8b:66:67:d2"
1791390280.923,"B,51679,10,5c:62:8b:66:67:d2,0,0,84,3,-49,A,5c:62:8b:66:67:d2"
1791390280.923,"B,51679,10,b2:db:ca:e6:29:a6,28,1,0,0,-29,S,5c:62:8b:66:67:d2"
1791390280.923,"B,51779,10,72:3b:01:24:b7:c8,56,2,0,0,-32,S,5c:62:8b:66:67:d2"
1791390280.923,"B,51779,10,5c:62:8b:66:67:d2,0,0,112,4,-49,A,5c:62:8b:66:67:d2"
1791390280.923,"B,51779,10,b2:db:ca:e6:29:a6,56,2,0,0,-29,S,5c:62:8b:66:67:d2"
1791390281.125,"B,51879,10,72:3b:01:24:b7:c8,84,3,0,0,-32,S,5c:62:8b:66:67:d2"
1791390281.125,"B,51879,10,5c:62:8b:66:67:d2,0,0,112,4,-50,A,5c:62:8b:66:67:d2"
1791390281.125,"B,51879,10,b2:db:ca:e6:29:a6,28,1,0,0,-29,S,5c:62:8b:66:67:d2"
1791390281.331,"B,52079,10,72:3b:01:24:b7:c8,112,4,0,0,-32,S,5c:62:8b:66:67:d2"
1791390281.331,"B,52079,10,5c:62:8b:66:67:d2,0,0,168,6,-49,A,5c:62:8b:66:67:d2"
1791390281.331,"B,52079,10,b2:db:ca:e6:29:a6,56,2,0,0,-28,S,5c:62:8b:66:67:d2"
1791390281.534,"B,52279,10,72:3b:01:24:b7:c8,140,5,0,0,-30,S,5c:62:8b:66:67:d2"
1791390281.534,"B,52279,10,5c:62:8b:66:67:d2,0,0,168,6,-48,A,5c:62:8b:66:67:d2"
1791390281.534,"B,52279,10,b2:db:ca:e6:29:a6,28,1,0,0,-29,S,5c:62:8b:66:67:d2"
1791390281.534,"B,52379,10,5c:62:8b:66:67:d2,0,0,28,1,-48,A,5c:62:8b:66:67:d2"
1791390281.534,"B,52379,10,b2:db:ca:e6:29:a6,28,1,0,0,-29,S,5c:62:8b:66:67:d2"
1791390281.738,"B,52479,10,72:3b:01:24:b7:c8,112,4,0,0,-28,S,5c:62:8b:66:67:d2"
1791390281.738,"B,52479,10,5c:62:8b:66:67:d2,0,0,168,6,-48,A,5c:62:8b:66:67:d2"
1791390281.738,"B,52479,10,b2:db:ca:e6:29:a6,56,2,0,0,-28,S,5c:62:8b:66:67:d2"
1791390281.942,"B,52679,10,72:3b:01:24:b7:c8,112,4,0,0,-29,S,5c:62:8b:66:67:d2"
1791390281.942,"B,52679,10,5c:62:8b:66:67:d2,0,0,140,5,-48,A,5c:62:8b:66:67:d2"
1791390281.942,"B,52679,10,b2:db:ca:e6:29:a6,28,1,0,0,-28,S,5c:62:8b:66:67:d2"
1791390281.942,"B,52779,10,72:3b:01:24:b7:c8,56,2,0,0,-29,S,5c:62:8b:66:67:d2"
1791390281.942,"B,52779,10,5c:62:8b:66:67:d2,0,0,112,4,-48,A,5c:62:8b:66:67:d2"
1791390281.942,"B,52779,10,b2:db:ca:e6:29:a6,56,2,0,0,-29,S,5c:62:8b:66:67:d2"
1791390282.147,"B,52879,10,72:3b:01:24:b7:c8,112,4,0,0,-29,S,5c:62:8b:66:67:d2"
1791390282.147,"B,52879,10,5c:62:8b:66:67:d2,0,0,140,5,-48,A,5c:62:8b:66:67:d2"
1791390282.147,"B,52879,10,b2:db:ca:e6:29:a6,28,1,0,0,-30,S,5c:62:8b:66:67:d2"
1791390282.147,"B,52979,10,72:3b:01:24:b7:c8,28,1,0,0,-30,S,5c:62:8b:66:67:d2"
1791390282.147,"B,52979,10,5c:62:8b:66:67:d2,0,0,84,3,-48,A,5c:62:8b:66:67:d2"
1791390282.147,"B,52979,10,b2:db:ca:e6:29:a6,56,2,0,0,-28,S,5c:62:8b:66:67:d2"
1791390282.349,"B,53079,10,72:3b:01:24:b7:c8,56,2,0,0,-30,S,5c:62:8b:66:67:d2"
1791390282.349,"B,53079,10,5c:62:8b:66:67:d2,0,0,56,2,-47,A,5c:62:8b:66:67:d2"
1791390282.349,"B,53179,10,72:3b:01:24:b7:c8,112,4,0,0,-28,S,5c:62:8b:66:67:d2"
1791390282.349,"B,53179,10,5c:62:8b:66:67:d2,0,0,140,5,-48,A,5c:62:8b:66:67:d2"
1791390282.349,"B,53179,10,b2:db:ca:e6:29:a6,28,1,0,0,-29,S,5c:62:8b:66:67:d2"
1791390282.554,"B,53279,10,72:3b:01:24:b7:c8,140,5,0,0,-27,S,5c:62:8b:66:67:d2"
1791390282.554,"B,53279,10,5c:62:8b:66:67:d2,0,0,168,6,-48,A,5c:62:8b:66:67:d2"
1791390282.554,"B,53279,10,b2:db:ca:e6:29:a6,28,1,0,0,-29,S,5c:62:8b:66:67:d2"
1791390282.554,"B,53379,10,72:3b:01:24:b7:c8,112,4,0,0,-27,S,5c:62:8b:66:67:d2"
1791390282.554,"B,53379,10,5c:62:8b:66:67:d2,0,0,140,5,-49,A,5c:62:8b:66:67:d2"
1791390282.554,"B,53379,10,b2:db:ca:e6:29:a6,28,1,0,0,-28,S,5c:62:8b:66:67:d2"
1791390282.755,"B,53479,10,5c:62:8b:66:67:d2,0,0,28,1,-47,A,5c:62:8b:66:67:d2"
1791390282.755,"B,53479,10,b2:db:ca:e6:29:a6,28,1,0,0,-30,S,5c:62:8b:66:67:d2"
1791390282.755,"B,53579,10,72:3b:01:24:b7:c8,84,3,0,0,-27,S,5c:62:8b:66:67:d2"
1791390282.755,"B,53579,10,5c:62:8b:66:67:d2,0,0,112,4,-48,A,5c:62:8b:66:67:d2"
1791390282.755,"B,53579,10,b2:db:ca:e6:29:a6,28,1,0,0,-28,S,5c:62:8b:66:67:d2"
1791390282.955,"B,53679,10,5c:62:8b:66:67:d2,80,1,28,1,-48,A,5c:62:8b:66:67:d2"
1791390282.955,"B,53679,10,b2:db:ca:e6:29:a6,28,1,0,0,-29,S,5c:62:8b:66:67:d2"
1791390282.955,"B,53779,10,72:3b:01:24:b7:c8,280,10,0,0,-27,S,5c:62:8b:66:67:d2"
1791390282.955,"B,53779,10,5c:62:8b:66:67:d2,82,1,308,11,-48,A,5c:62:8b:66:67:d2"
1791390282.955,"B,53779,10,b2:db:ca:e6:29:a6,28,1,82,1,-27,S,5c:62:8b:66:67:d2"
1791390282.955,"B,53879,10,72:3b:01:24:b7:c8,392,14,0,0,-27,S,5c:62:8b:66:67:d2"
1791390283.156,"B,53879,10,5c:62:8b:66:67:d2,0,0,420,15,0,A,5c:62:8b:66:67:d2"
1791390283.156,"B,53879,10,b2:db:ca:e6:29:a6,28,1,0,0,-29,S,5c:62:8b:66:67:d2"
1791390283.156,"B,53979,10,72:3b:01:24:b7:c8,168,6,0,0,-27,S,5c:62:8b:66:67:d2"
1791390283.156,"B,53979,10,5c:62:8b:66:67:d2,0,0,168,6,-48,A,5c:62:8b:66:67:d2"
1791390283.156,"B,54079,10,72:3b:01:24:b7:c8,168,6,0,0,-27,S,5c:62:8b:66:67:d2"
1791390283.156,"B,54079,10,5c:62:8b:66:67:d2,0,0,196,7,0,A,5c:62:8b:66:67:d2"
1791390283.156,"B,54079,10,b2:db:ca:e6:29:a6,28,1,0,0,-28,S,5c:62:8b:66:67:d2"
1791390283.357,"B,54179,10,72:3b:01:24:b7:c8,224,8,0,0,-27,S,5c:62:8b:66:67:d2"
1791390283.357,"B,54179,10,5c:62:8b:66:67:d2,0,0,252,9,-48,A,5c:62:8b:66:67:d2"
1791390283.357,"B,54179,10,b2:db:ca:e6:29:a6,28,1,0,0,-29,S,5c:62:8b:66:67:d2"
1791390283.357,"B,54279,10,72:3b:01:24:b7:c8,140,5,0,0,-28,S,5c:62:8b:66:67:d2"
1791390283.357,"B,54279,10,5c:62:8b:66:67:d2,0,0,140,5,-48,A,5c:62:8b:66:67:d2"
1791390283.557,"B,54379,10,72:3b:01:24:b7:c8,336,12,0,0,-28,S,5c:62:8b:66:67:d2"
1791390283.557,"B,54379,10,5c:62:8b:66:67:d2,0,0,364,13,-48,A,5c:62:8b:66:67:d2"
1791390283.557,"B,54379,10,b2:db:ca:e6:29:a6,28,1,0,0,-29,S,5c:62:8b:66:67:d2"
1791390283.557,"B,54479,10,72:3b:01:24:b7:c8,308,11,0,0,-28,S,5c:62:8b:66:67:d2"
1791390283.557,"B,54479,10,5c:62:8b:66:67:d2,0,0,392,14,-49,A,5c:62:8b:66:67:d2"
1791390283.557,"B,54479,10,b2:db:ca:e6:29:a6,84,3,0,0,-28,S,5c:62:8b:66:67:d2"
1791390283.757,"B,54579,10,72:3b:01:24:b7:c8,308,11,0,0,-29,S,5c:62:8b:66:67:d2"
1791390283.757,"B,54579,10,5c:62:8b:66:67:d2,0,0,364,13,-48,A,5c:62:8b:66:67:d2"
1791390283.757,"B,54579,10,b2:db:ca:e6:29:a6,56,2,0,0,-29,S,5c:62:8b:66:67:d2"
1791390283.757,"B,54679,10,72:3b:01:24:b7:c8,252,9,0,0,-29,S,5c:62:8b:66:67:d2"
1791390283.757,"B,54679,10,5c:62:8b:66:67:d2,80,1,252,9,-48,A,5c:62:8b:66:67:d2"
1791390283.958,"B,54779,10,72:3b:01:24:b7:c8,252,9,0,0,-29,S,5c:62:8b:66:67:d2"
1791390283.958,"B,54779,10,5c:62:8b:66:67:d2,0,0,308,11,-48,A,5c:62:8b:66:67:d2"
1791390283.958,"B,54779,10,b2:db:ca:e6:29:a6,56,2,0,0,-28,S,5c:62:8b:66:67:d2"
1791390283.958,"B,54879,10,72:3b:01:24:b7:c8,196,7,0,0,-29,S,5c:62:8b:66:67:d2"
1791390283.958,"B,54879,10,5c:62:8b:66:67:d2,0,0,224,8,-49,A,5c:62:8b:66:67:d2"
1791390283.958,"B,54879,10,b2:db:ca:e6:29:a6,28,1,0,0,-28,S,5c:62:8b:66:67:d2"
1791390284.158,"B,54979,10,72:3b:01:24:b7:c8,308,11,0,0,-30,S,5c:62:8b:66:67:d2"
1791390284.158,"B,54979,10,5c:62:8b:66:67:d2,161,1,364,13,-48,A,5c:62:8b:66:67:d2"
1791390284.158,"B,54979,10,b2:db:ca:e6:29:a6,56,2,0,0,-29,S,5c:62:8b:66:67:d2"
1791390284.158,"B,55079,10,72:3b:01:24:b7:c8,336,12,0,0,-30,S,5c:62:8b:66:67:d2"
1791390284.359,"B,55079,10,5c:62:8b:66:67:d2,0,0,392,14,-48,A,5c:62:8b:66:67:d2"
1791390284.359,"B,55079,10,b2:db:ca:e6:29:a6,56,2,0,0,-28,S,5c:62:8b:66:67:d2"
1791390284.359,"I,55100,stat,rx=5809,drops=0,ch=10,bin=100,hop=0,heap=203064"
1791390284.359,"B,55179,10,72:3b:01:24:b7:c8,336,12,0,0,-30,S,5c:62:8b:66:67:d2"
1791390284.359,"B,55179,10,5c:62:8b:66:67:d2,0,0,336,12,-48,A,5c:62:8b:66:67:d2"
1791390284.359,"B,55279,10,72:3b:01:24:b7:c8,308,11,0,0,-29,S,5c:62:8b:66:67:d2"
1791390284.359,"B,55279,10,5c:62:8b:66:67:d2,0,0,364,13,-48,A,5c:62:8b:66:67:d2"
1791390284.359,"B,55279,10,b2:db:ca:e6:29:a6,56,2,0,0,-30,S,5c:62:8b:66:67:d2"
1791390284.560,"B,55379,10,72:3b:01:24:b7:c8,280,10,0,0,-29,S,5c:62:8b:66:67:d2"
1791390284.560,"B,55379,10,5c:62:8b:66:67:d2,0,0,280,10,-48,A,5c:62:8b:66:67:d2"
1791390284.560,"B,55479,10,72:3b:01:24:b7:c8,336,12,0,0,-29,S,5c:62:8b:66:67:d2"
1791390284.560,"B,55479,10,5c:62:8b:66:67:d2,0,0,392,14,-48,A,5c:62:8b:66:67:d2"
1791390284.560,"B,55479,10,b2:db:ca:e6:29:a6,56,2,0,0,-29,S,5c:62:8b:66:67:d2"
1791390284.761,"B,55579,10,72:3b:01:24:b7:c8,280,10,0,0,-29,S,5c:62:8b:66:67:d2"
1791390284.761,"B,55579,10,5c:62:8b:66:67:d2,0,0,280,10,-48,A,5c:62:8b:66:67:d2"
1791390284.761,"B,55679,10,72:3b:01:24:b7:c8,336,12,0,0,-29,S,5c:62:8b:66:67:d2"
1791390284.761,"B,55679,10,5c:62:8b:66:67:d2,80,1,392,14,-48,A,5c:62:8b:66:67:d2"
1791390284.761,"B,55679,10,b2:db:ca:e6:29:a6,56,2,0,0,-28,S,5c:62:8b:66:67:d2"
1791390284.962,"B,55779,10,72:3b:01:24:b7:c8,336,12,0,0,-29,S,5c:62:8b:66:67:d2"
1791390284.962,"B,55779,10,5c:62:8b:66:67:d2,0,0,336,12,-49,A,5c:62:8b:66:67:d2"
1791390284.962,"B,55879,10,72:3b:01:24:b7:c8,140,5,0,0,-29,S,5c:62:8b:66:67:d2"
1791390284.962,"B,55879,10,5c:62:8b:66:67:d2,0,0,168,6,-48,A,5c:62:8b:66:67:d2"
1791390284.962,"B,55879,10,b2:db:ca:e6:29:a6,28,1,0,0,-29,S,5c:62:8b:66:67:d2"
1791390285.163,"B,55979,10,72:3b:01:24:b7:c8,84,3,0,0,-27,S,5c:62:8b:66:67:d2"
1791390285.163,"B,55979,10,5c:62:8b:66:67:d2,0,0,112,4,-48,A,5c:62:8b:66:67:d2"
1791390285.163,"B,55979,10,b2:db:ca:e6:29:a6,28,1,0,0,-31,S,5c:62:8b:66:67:d2"
1791390285.163,"B,56079,10,72:3b:01:24:b7:c8,0,0,82,1,0,S,5c:62:8b:66:67:d2"
1791390285.163,"B,56079,10,5c:62:8b:66:67:d2,82,1,377,1,-48,A,5c:62:8b:66:67:d2"
1791390285.163,"B,56079,10,b2:db:ca:e6:29:a6,377,1,0,0,-29,S,5c:62:8b:66:67:d2"
1791390285.364,"B,56179,10,72:3b:01:24:b7:c8,56,2,0,0,-28,S,5c:62:8b:66:67:d2"
1791390285.364,"B,56179,10,5c:62:8b:66:67:d2,0,0,3176,8,-49,A,5c:62:8b:66:67:d2"
1791390285.364,"B,56179,10,b2:db:ca:e6:29:a6,3120,6,0,0,-30,S,5c:62:8b:66:67:d2"
1791390285.364,"B,56279,10,72:3b:01:24:b7:c8,28,1,0,0,-27,S,5c:62:8b:66:67:d2"
1791390285.364,"B,56279,10,5c:62:8b:66:67:d2,0,0,28,1,-48,A,5c:62:8b:66:67:d2"
1791390285.565,"M,56344,slot,9,0"
1791390285.565,"B,56379,10,5c:62:8b:66:67:d2,0,0,56,2,-48,A,5c:62:8b:66:67:d2"
1791390285.565,"B,56379,10,b2:db:ca:e6:29:a6,56,2,0,0,-31,S,5c:62:8b:66:67:d2"
1791390285.765,"B,56579,10,72:3b:01:24:b7:c8,84,3,0,0,-27,S,5c:62:8b:66:67:d2"
1791390285.765,"B,56579,10,5c:62:8b:66:67:d2,0,0,140,5,-49,A,5c:62:8b:66:67:d2"
1791390285.765,"B,56579,10,b2:db:ca:e6:29:a6,56,2,0,0,-30,S,5c:62:8b:66:67:d2"
1791390285.765,"B,56679,10,5c:62:8b:66:67:d2,80,1,0,0,-48,A,5c:62:8b:66:67:d2"
1791390285.970,"B,56779,10,72:3b:01:24:b7:c8,56,2,0,0,-27,S,5c:62:8b:66:67:d2"
1791390285.970,"B,56779,10,5c:62:8b:66:67:d2,0,0,112,4,-48,A,5c:62:8b:66:67:d2"
1791390285.970,"B,56779,10,b2:db:ca:e6:29:a6,56,2,0,0,-31,S,5c:62:8b:66:67:d2"
1791390286.173,"B,56979,10,72:3b:01:24:b7:c8,112,4,0,0,-30,S,5c:62:8b:66:67:d2"
1791390286.173,"B,56979,10,5c:62:8b:66:67:d2,161,1,140,5,-47,A,5c:62:8b:66:67:d2"
1791390286.173,"B,56979,10,b2:db:ca:e6:29:a6,28,1,0,0,-30,S,5c:62:8b:66:67:d2"
1791390286.173,"B,57079,10,72:3b:01:24:b7:c8,112,4,0,0,-32,S,5c:62:8b:66:67:d2"
1791390286.173,"B,57079,10,5c:62:8b:66:67:d2,0,0,140,5,-48,A,5c:62:8b:66:67:d2"
1791390286.173,"B,57079,10,b2:db:ca:e6:29:a6,28,1,0,0,-31,S,5c:62:8b:66:67:d2"
1791390286.378,"B,57279,10,72:3b:01:24:b7:c8,84,3,0,0,-32,S,5c:62:8b:66:67:d2"
1791390286.378,"B,57279,10,5c:62:8b:66:67:d2,0,0,112,4,-48,A,5c:62:8b:66:67:d2"
1791390286.378,"B,57279,10,b2:db:ca:e6:29:a6,28,1,0,0,-29,S,5c:62:8b:66:67:d2"
1791390286.581,"B,57379,10,5c:62:8b:66:67:d2,0,0,28,1,-48,A,5c:62:8b:66:67:d2"
1791390286.581,"B,57379,10,b2:db:ca:e6:29:a6,28,1,0,0,-31,S,5c:62:8b:66:67:d2"
1791390286.581,"B,57479,10,72:3b:01:24:b7:c8,112,4,0,0,-33,S,5c:62:8b:66:67:d2"
1791390286.581,"B,57479,10,5c:62:8b:66:67:d2,0,0,168,6,-48,A,5c:62:8b:66:67:d2"
1791390286.581,"B,57479,10,b2:db:ca:e6:29:a6,56,2,0,0,-29,S,5c:62:8b:66:67:d2"
1791390286.787,"B,57679,10,72:3b:01:24:b7:c8,56,2,0,0,-34,S,5c:62:8b:66:67:d2"
1791390286.787,"B,57679,10,5c:62:8b:66:67:d2,80,1,56,2,-48,A,5c:62:8b:66:67:d2"
1791390286.990,"B,57779,10,72:3b:01:24:b7:c8,84,3,0,0,-32,S,5c:62:8b:66:67:d2"
1791390286.990,"B,57779,10,5c:62:8b:66:67:d2,0,0,112,4,-48,A,5c:62:8b:66:67:d2"
1791390286.990,"B,57779,10,b2:db:ca:e6:29:a6,28,1,0,0,-31,S,5c:62:8b:66:67:d2"
1791390286.990,"B,57879,10,72:3b:01:24:b7:c8,308,11,0,0,-35,S,5c:62:8b:66:67:d2"
1791390286.990,"B,57879,10,5c:62:8b:66:67:d2,0,0,336,12,-48,A,5c:62:8b:66:67:d2"
1791390286.990,"B,57879,10,b2:db:ca:e6:29:a6,28,1,0,0,-28,S,5c:62:8b:66:67:d2"
1791390287.191,"B,57979,10,5c:62:8b:66:67:d2,0,0,56,2,-49,A,5c:62:8b:66:67:d2"
1791390287.191,"B,57979,10,b2:db:ca:e6:29:a6,56,2,0,0,-30,S,5c:62:8b:66:67:d2"
1791390287.191,"B,58079,10,72:3b:01:24:b7:c8,28,1,0,0,-33,S,5c:62:8b:66:67:d2"
1791390287.191,"B,58079,10,5c:62:8b:66:67:d2,0,0,56,2,-48,A,5c:62:8b:66:67:d2"
1791390287.191,"B,58079,10,b2:db:ca:e6:29:a6,28,1,0,0,-28,S,5c:62:8b:66:67:d2"
1791390287.393,"B,58179,10,5c:62:8b:66:67:d2,0,0,134,2,0,A,5c:62:8b:66:67:d2"
1791390287.393,"B,58179,10,b2:db:ca:e6:29:a6,134,2,0,0,-27,S,5c:62:8b:66:67:d2"
1791390287.393,"B,58279,10,72:3b:01:24:b7:c8,84,3,0,0,-26,S,5c:62:8b:66:67:d2"
1791390287.393,"B,58279,10,5c:62:8b:66:67:d2,0,0,218,5,-50,A,5c:62:8b:66:67:d2"
1791390287.393,"B,58279,10,b2:db:ca:e6:29:a6,134,2,0,0,-28,S,5c:62:8b:66:67:d2"
1791390287.598,"B,58379,10,5c:62:8b:66:67:d2,0,0,28,1,-50,A,5c:62:8b:66:67:d2"
1791390287.598,"B,58379,10,b2:db:ca:e6:29:a6,28,1,0,0,-30,S,5c:62:8b:66:67:d2"
1791390287.598,"B,58479,10,72:3b:01:24:b7:c8,56,2,0,0,-25,S,5c:62:8b:66:67:d2"
1791390287.598,"B,58479,10,5c:62:8b:66:67:d2,0,0,469,6,-49,A,5c:62:8b:66:67:d2"
1791390287.598,"B,58479,10,b2:db:ca:e6:29:a6,413,4,0,0,-28,S,5c:62:8b:66:67:d2"
1791390287.802,"B,58579,10,72:3b:01:24:b7:c8,56,2,0,0,-26,S,5c:62:8b:66:67:d2"
1791390287.802,"B,58579,10,5c:62:8b:66:67:d2,0,0,84,3,-49,A,5c:62:8b:66:67:d2"
1791390287.802,"B,58579,10,b2:db:ca:e6:29:a6,28,1,0,0,-30,S,5c:62:8b:66:67:d2"
1791390287.802,"B,58679,10,5c:62:8b:66:67:d2,0,0,268,4,-49,A,5c:62:8b:66:67:d2"
1791390287.802,"B,58679,10,b2:db:ca:e6:29:a6,268,4,0,0,-28,S,5c:62:8b:66:67:d2"
1791390288.005,"B,58779,10,72:3b:01:24:b7:c8,28,1,0,0,-26,S,5c:62:8b:66:67:d2"
1791390288.005,"B,58779,10,5c:62:8b:66:67:d2,0,0,134,2,-50,A,5c:62:8b:66:67:d2"
1791390288.005,"B,58779,10,b2:db:ca:e6:29:a6,106,1,0,0,-29,S,5c:62:8b:66:67:d2"
1791390288.005,"B,58879,10,5c:62:8b:66:67:d2,0,0,56,2,-50,A,5c:62:8b:66:67:d2"
1791390288.005,"B,58879,10,b2:db:ca:e6:29:a6,56,2,0,0,-30,S,5c:62:8b:66:67:d2"
1791390288.208,"B,58979,10,72:3b:01:24:b7:c8,84,3,0,0,-26,S,5c:62:8b:66:67:d2"
1791390288.208,"B,58979,10,5c:62:8b:66:67:d2,0,0,190,4,-49,A,5c:62:8b:66:67:d2"
1791390288.208,"B,58979,10,b2:db:ca:e6:29:a6,106,1,0,0,-29,S,5c:62:8b:66:67:d2"
1791390288.208,"B,59079,10,5c:62:8b:66:67:d2,161,1,28,1,-48,A,5c:62:8b:66:67:d2"
1791390288.208,"B,59079,10,b2:db:ca:e6:29:a6,28,1,0,0,-29,S,5c:62:8b:66:67:d2"
1791390288.413,"B,59179,10,72:3b:01:24:b7:c8,84,3,0,0,-25,S,5c:62:8b:66:67:d2"
1791390288.413,"B,59179,10,5c:62:8b:66:67:d2,0,0,246,6,-49,A,5c:62:8b:66:67:d2"
1791390288.413,"B,59179,10,b2:db:ca:e6:29:a6,162,3,0,0,-29,S,5c:62:8b:66:67:d2"
1791390288.413,"B,59279,10,72:3b:01:24:b7:c8,28,1,0,0,-25,S,5c:62:8b:66:67:d2"
1791390288.413,"B,59279,10,5c:62:8b:66:67:d2,0,0,134,2,-51,A,5c:62:8b:66:67:d2"
1791390288.413,"B,59279,10,b2:db:ca:e6:29:a6,106,1,0,0,-29,S,5c:62:8b:66:67:d2"
1791390288.617,"B,59379,10,72:3b:01:24:b7:c8,112,4,0,0,-25,S,5c:62:8b:66:67:d2"
1791390288.617,"B,59379,10,5c:62:8b:66:67:d2,0,0,274,7,-49,A,5c:62:8b:66:67:d2"
1791390288.617,"B,59379,10,b2:db:ca:e6:29:a6,162,3,0,0,-28,S,5c:62:8b:66:67:d2"
1791390288.822,"B,59579,10,72:3b:01:24:b7:c8,112,4,0,0,-30,S,5c:62:8b:66:67:d2"
1791390288.822,"B,59579,10,5c:62:8b:66:67:d2,0,0,168,6,-48,A,5c:62:8b:66:67:d2"
1791390288.822,"B,59579,10,b2:db:ca:e6:29:a6,56,2,0,0,-29,S,5c:62:8b:66:67:d2"
1791390289.023,"B,59779,10,72:3b:01:24:b7:c8,28,1,0,0,-30,S,5c:62:8b:66:67:d2"
1791390289.023,"B,59779,10,5c:62:8b:66:67:d2,0,0,84,3,-49,A,5c:62:8b:66:67:d2"
1791390289.023,"B,59779,10,b2:db:ca:e6:29:a6,56,2,0,0,-29,S,5c:62:8b:66:67:d2"
1791390289.023,"B,59879,10,72:3b:01:24:b7:c8,1554,1,0,0,-30,S,5c:62:8b:66:67:d2"
1791390289.023,"B,59879,10,5c:62:8b:66:67:d2,0,0,1554,1,-48,A,5c:62:8b:66:67:d2"
1791390289.228,"B,59979,10,72:3b:01:24:b7:c8,112,4,0,0,-30,S,5c:62:8b:66:67:d2"
1791390289.228,"B,59979,10,5c:62:8b:66:67:d2,0,0,168,6,-48,A,5c:62:8b:66:67:d2"
1791390289.228,"B,59979,10,b2:db:ca:e6:29:a6,56,2,0,0,-29,S,5c:62:8b:66:67:d2"
1791390289.228,"B,60079,10,72:3b:01:24:b7:c8,28,1,0,0,-30,S,5c:62:8b:66:67:d2"
1791390289.228,"B,60079,10,5c:62:8b:66:67:d2,0,0,56,2,-48,A,5c:62:8b:66:67:d2"
1791390289.228,"B,60079,10,b2:db:ca:e6:29:a6,28,1,0,0,-27,S,5c:62:8b:66:67:d2"
1791390289.228,"I,60103,stat,rx=6122,drops=0,ch=10,bin=100,hop=0,heap=203064"
1791390289.430,"B,60179,10,5c:62:8b:66:67:d2,0,0,84,3,-49,A,5c:62:8b:66:67:d2"
1791390289.430,"B,60179,10,b2:db:ca:e6:29:a6,84,3,0,0,-28,S,5c:62:8b:66:67:d2"
1791390289.430,"B,60279,10,72:3b:01:24:b7:c8,140,5,0,0,-29,S,5c:62:8b:66:67:d2"
1791390289.430,"B,60279,10,5c:62:8b:66:67:d2,0,0,140,5,-48,A,5c:62:8b:66:67:d2"
1791390289.633,"B,60379,10,5c:62:8b:66:67:d2,0,0,158,1,-49,A,5c:62:8b:66:67:d2"
1791390289.633,"B,60379,10,b2:db:ca:e6:29:a6,158,1,0,0,-27,S,5c:62:8b:66:67:d2"
1791390289.633,"B,60479,10,72:3b:01:24:b7:c8,112,4,0,0,-29,S,5c:62:8b:66:67:d2"
1791390289.633,"B,60479,10,5c:62:8b:66:67:d2,0,0,274,7,-49,A,5c:62:8b:66:67:d2"
1791390289.633,"B,60479,10,b2:db:ca:e6:29:a6,162,3,0,0,-28,S,5c:62:8b:66:67:d2"
1791390289.836,"B,60579,10,5c:62:8b:66:67:d2,0,0,28,1,-49,A,5c:62:8b:66:67:d2"
1791390289.836,"B,60579,10,b2:db:ca:e6:29:a6,28,1,0,0,-29,S,5c:62:8b:66:67:d2"
1791390289.836,"B,60679,10,72:3b:01:24:b7:c8,112,4,0,0,-29,S,5c:62:8b:66:67:d2"
1791390289.836,"B,60679,10,5c:62:8b:66:67:d2,0,0,274,7,-48,A,5c:62:8b:66:67:d2"
1791390289.836,"B,60679,10,b2:db:ca:e6:29:a6,162,3,0,0,-28,S,5c:62:8b:66:67:d2"
1791390290.041,"B,60779,10,72:3b:01:24:b7:c8,28,1,0,0,-29,S,5c:62:8b:66:67:d2"
1791390290.041,"B,60779,10,5c:62:8b:66:67:d2,0,0,162,3,-49,A,5c:62:8b:66:67:d2"
1791390290.041,"B,60779,10,b2:db:ca:e6:29:a6,134,2,0,0,-28,S,5c:62:8b:66:67:d2"
1791390290.041,"B,60879,10,72:3b:01:24:b7:c8,84,3,0,0,-29,S,5c:62:8b:66:67:d2"
1791390290.041,"B,60879,10,5c:62:8b:66:67:d2,0,0,140,5,-48,A,5c:62:8b:66:67:d2"
1791390290.041,"B,60879,10,b2:db:ca:e6:29:a6,56,2,0,0,-29,S,5c:62:8b:66:67:d2"
1791390290.244,"B,60979,10,5c:62:8b:66:67:d2,0,0,106,1,-49,A,5c:62:8b:66:67:d2"
1791390290.244,"B,60979,10,b2:db:ca:e6:29:a6,106,1,0,0,-28,S,5c:62:8b:66:67:d2"
1791390290.244,"B,61079,10,72:3b:01:24:b7:c8,84,3,0,0,-29,S,5c:62:8b:66:67:d2"
1791390290.244,"B,61079,10,5c:62:8b:66:67:d2,0,0,140,5,-48,A,5c:62:8b:66:67:d2"
1791390290.244,"B,61079,10,b2:db:ca:e6:29:a6,56,2,0,0,-28,S,5c:62:8b:66:67:d2"
1791390290.448,"B,61179,10,72:3b:01:24:b7:c8,84,3,0,0,-28,S,5c:62:8b:66:67:d2"
1791390290.448,"B,61179,10,5c:62:8b:66:67:d2,0,0,112,4,-49,A,5c:62:8b:66:67:d2"
1791390290.448,"B,61179,10,b2:db:ca:e6:29:a6,28,1,0,0,-29,S,5c:62:8b:66:67:d2"
1791390290.448,"B,61279,10,72:3b:01:24:b7:c8,28,1,0,0,-28,S,5c:62:8b:66:67:d2"
1791390290.448,"B,61279,10,5c:62:8b:66:67:d2,0,0,84,3,-49,A,5c:62:8b:66:67:d2"
1791390290.448,"B,61279,10,b2:db:ca:e6:29:a6,56,2,0,0,-30,S,5c:62:8b:66:67:d2"
1791390290.649,"B,61379,10,72:3b:01:24:b7:c8,112,4,0,0,-28,S,5c:62:8b:66:67:d2"
1791390290.649,"B,61379,10,5c:62:8b:66:67:d2,0,0,168,6,-49,A,5c:62:8b:66:67:d2"
1791390290.649,"B,61379,10,b2:db:ca:e6:29:a6,56,2,0,0,-29,S,5c:62:8b:66:67:d2"
1791390290.649,"M,61405,slot,10,1"
1791390290.649,"B,61479,10,5c:62:8b:66:67:d2,0,0,106,1,-49,A,5c:62:8b:66:67:d2"
1791390290.649,"B,61479,10,b2:db:ca:e6:29:a6,106,1,0,0,-30,S,5c:62:8b:66:67:d2"
1791390290.851,"B,61579,10,72:3b:01:24:b7:c8,112,4,0,0,-27,S,5c:62:8b:66:67:d2"
1791390290.851,"B,61579,10,5c:62:8b:66:67:d2,0,0,3698,11,-49,A,5c:62:8b:66:67:d2"
1791390290.851,"B,61579,10,b2:db:ca:e6:29:a6,3586,7,0,0,-27,S,5c:62:8b:66:67:d2"
1791390290.851,"B,61679,10,5c:62:8b:66:67:d2,0,0,28,1,-50,A,5c:62:8b:66:67:d2"
1791390290.851,"B,61679,10,b2:db:ca:e6:29:a6,28,1,0,0,-29,S,5c:62:8b:66:67:d2"
1791390291.054,"B,61779,10,72:3b:01:24:b7:c8,28,1,0,0,-26,S,5c:62:8b:66:67:d2"
1791390291.054,"B,61779,10,5c:62:8b:66:67:d2,0,0,3833,16,-49,A,5c:62:8b:66:67:d2"
1791390291.054,"B,61779,10,b2:db:ca:e6:29:a6,3805,15,0,0,-28,S,5c:62:8b:66:67:d2"
1791390291.054,"B,61879,10,72:3b:01:24:b7:c8,140,5,0,0,-25,S,5c:62:8b:66:67:d2"
1791390291.054,"B,61879,10,5c:62:8b:66:67:d2,0,0,12034,27,-50,A,5c:62:8b:66:67:d2"
1791390291.054,"B,61879,10,b2:db:ca:e6:29:a6,11894,22,0,0,-28,S,5c:62:8b:66:67:d2"
1791390291.254,"B,61979,10,72:3b:01:24:b7:c8,112,4,0,0,-25,S,5c:62:8b:66:67:d2"
1791390291.254,"B,61979,10,5c:62:8b:66:67:d2,0,0,5737,20,-49,A,5c:62:8b:66:67:d2"
1791390291.254,"B,61979,10,b2:db:ca:e6:29:a6,5625,16,0,0,-28,S,5c:62:8b:66:67:d2"
1791390291.254,"B,62079,10,5c:62:8b:66:67:d2,0,0,6479,12,-50,A,5c:62:8b:66:67:d2"
1791390291.254,"B,62079,10,b2:db:ca:e6:29:a6,6479,12,0,0,-28,S,5c:62:8b:66:67:d2"
1791390291.254,"B,62079,10,80:af:ca:68:4c:f8,82,1,0,0,-84,A,80:af:ca:68:4c:f8"
1791390291.254,"B,62079,10,52:f3:8a:4b:ff:ac,0,0,82,1,0,S,80:af:ca:68:4c:f8"
1791390291.454,"B,62179,10,5c:62:8b:66:67:d2,0,0,4279,15,-49,A,5c:62:8b:66:67:d2"
1791390291.454,"B,62179,10,b2:db:ca:e6:29:a6,4279,15,0,0,-28,S,5c:62:8b:66:67:d2"
1791390291.454,"B,62279,10,72:3b:01:24:b7:c8,84,3,0,0,-25,S,5c:62:8b:66:67:d2"
1791390291.454,"B,62279,10,5c:62:8b:66:67:d2,0,0,6619,20,-49,A,5c:62:8b:66:67:d2"
1791390291.454,"B,62279,10,b2:db:ca:e6:29:a6,6535,17,0,0,-28,S,5c:62:8b:66:67:d2"
1791390291.454,"B,62379,10,72:3b:01:24:b7:c8,28,1,0,0,-25,S,5c:62:8b:66:67:d2"
1791390291.655,"B,62379,10,5c:62:8b:66:67:d2,0,0,4454,14,-50,A,5c:62:8b:66:67:d2"
1791390291.655,"B,62379,10,b2:db:ca:e6:29:a6,4426,13,0,0,-27,S,5c:62:8b:66:67:d2"
1791390291.655,"B,62479,10,72:3b:01:24:b7:c8,112,4,0,0,-25,S,5c:62:8b:66:67:d2"
1791390291.655,"B,62479,10,5c:62:8b:66:67:d2,0,0,5225,18,0,A,5c:62:8b:66:67:d2"
1791390291.655,"B,62479,10,b2:db:ca:e6:29:a6,5113,14,0,0,-28,S,5c:62:8b:66:67:d2"
1791390291.855,"B,62579,10,5c:62:8b:66:67:d2,0,0,4716,13,-49,A,5c:62:8b:66:67:d2"
1791390291.855,"B,62579,10,b2:db:ca:e6:29:a6,4716,13,0,0,-28,S,5c:62:8b:66:67:d2"
1791390291.855,"B,62679,10,72:3b:01:24:b7:c8,84,3,0,0,-25,S,5c:62:8b:66:67:d2"
1791390291.855,"B,62679,10,5c:62:8b:66:67:d2,0,0,8198,20,-52,A,5c:62:8b:66:67:d2"
1791390291.855,"B,62679,10,b2:db:ca:e6:29:a6,8114,17,0,0,-29,S,5c:62:8b:66:67:d2"
1791390292.055,"B,62779,10,72:3b:01:24:b7:c8,28,1,0,0,-25,S,5c:62:8b:66:67:d2"
1791390292.055,"B,62779,10,5c:62:8b:66:67:d2,0,0,8463,17,-51,A,5c:62:8b:66:67:d2"
1791390292.055,"B,62779,10,b2:db:ca:e6:29:a6,8435,16,0,0,-30,S,5c:62:8b:66:67:d2"
1791390292.055,"B,62879,10,72:3b:01:24:b7:c8,56,2,0,0,-27,S,5c:62:8b:66:67:d2"
1791390292.055,"B,62879,10,5c:62:8b:66:67:d2,0,0,10470,27,-51,A,5c:62:8b:66:67:d2"
1791390292.055,"B,62879,10,b2:db:ca:e6:29:a6,10414,25,0,0,-29,S,5c:62:8b:66:67:d2"
1791390292.055,"B,62979,10,5c:62:8b:66:67:d2,0,0,8410,15,-51,A,5c:62:8b:66:67:d2"
1791390292.055,"B,62979,10,b2:db:ca:e6:29:a6,8410,15,0,0,-29,S,5c:62:8b:66:67:d2"
1791390292.256,"B,63079,10,5c:62:8b:66:67:d2,0,0,7173,28,-50,A,5c:62:8b:66:67:d2"
1791390292.256,"B,63079,10,b2:db:ca:e6:29:a6,7173,28,0,0,-30,S,5c:62:8b:66:67:d2"
1791390292.256,"B,63179,10,5c:62:8b:66:67:d2,0,0,4116,11,-49,A,5c:62:8b:66:67:d2"
1791390292.256,"B,63179,10,b2:db:ca:e6:29:a6,4116,11,0,0,-29,S,5c:62:8b:66:67:d2"
1791390292.457,"B,63279,10,72:3b:01:24:b7:c8,84,3,0,0,-27,S,5c:62:8b:66:67:d2"
1791390292.457,"B,63279,10,5c:62:8b:66:67:d2,0,0,1310,7,-51,A,5c:62:8b:66:67:d2"
1791390292.457,"B,63279,10,b2:db:ca:e6:29:a6,1226,4,0,0,-30,S,5c:62:8b:66:67:d2"
1791390292.658,"B,63379,10,5c:62:8b:66:67:d2,0,0,9933,20,-49,A,5c:62:8b:66:67:d2"
1791390292.658,"B,63379,10,b2:db:ca:e6:29:a6,9933,20,0,0,-29,S,5c:62:8b:66:67:d2"
1791390292.658,"B,63479,10,5c:62:8b:66:67:d2,0,0,7936,32,-49,A,5c:62:8b:66:67:d2"
1791390292.658,"B,63479,10,b2:db:ca:e6:29:a6,7936,32,0,0,-28,S,5c:62:8b:66:67:d2"
1791390292.658,"B,63579,10,5c:62:8b:66:67:d2,0,0,8000,12,-49,A,5c:62:8b:66:67:d2"
1791390292.658,"B,63579,10,b2:db:ca:e6:29:a6,8000,12,0,0,-28,S,5c:62:8b:66:67:d2"
1791390292.858,"B,63679,10,72:3b:01:24:b7:c8,112,4,0,0,-25,S,5c:62:8b:66:67:d2"
1791390292.858,"B,63679,10,5c:62:8b:66:67:d2,0,0,6352,27,-49,A,5c:62:8b:66:67:d2"
1791390292.858,"B,63679,10,b2:db:ca:e6:29:a6,6240,23,0,0,-28,S,5c:62:8b:66:67:d2"
1791390292.858,"B,63779,10,72:3b:01:24:b7:c8,140,5,0,0,-25,S,5c:62:8b:66:67:d2"
1791390292.858,"B,63779,10,5c:62:8b:66:67:d2,0,0,5848,30,-51,A,5c:62:8b:66:67:d2"
1791390292.858,"B,63779,10,b2:db:ca:e6:29:a6,5708,25,0,0,-27,S,5c:62:8b:66:67:d2"
1791390293.059,"B,63879,10,72:3b:01:24:b7:c8,112,4,0,0,-25,S,5c:62:8b:66:67:d2"
1791390293.059,"B,63879,10,5c:62:8b:66:67:d2,0,0,6722,18,-50,A,5c:62:8b:66:67:d2"
1791390293.059,"B,63879,10,b2:db:ca:e6:29:a6,6610,14,0,0,-28,S,5c:62:8b:66:67:d2"
1791390293.059,"B,63979,10,72:3b:01:24:b7:c8,56,2,0,0,-25,S,5c:62:8b:66:67:d2"
1791390293.059,"B,63979,10,5c:62:8b:66:67:d2,0,0,7015,23,-50,A,5c:62:8b:66:67:d2"
1791390293.059,"B,63979,10,b2:db:ca:e6:29:a6,6959,21,0,0,-28,S,5c:62:8b:66:67:d2"
1791390293.259,"B,64079,10,5c:62:8b:66:67:d2,0,0,5504,15,-49,A,5c:62:8b:66:67:d2"
1791390293.259,"B,64079,10,b2:db:ca:e6:29:a6,5504,15,0,0,-27,S,5c:62:8b:66:67:d2"
1791390293.259,"B,64179,10,72:3b:01:24:b7:c8,112,4,0,0,-25,S,5c:62:8b:66:67:d2"
1791390293.259,"B,64179,10,5c:62:8b:66:67:d2,0,0,6609,22,-50,A,5c:62:8b:66:67:d2"
1791390293.259,"B,64179,10,b2:db:ca:e6:29:a6,6497,18,0,0,-28,S,5c:62:8b:66:67:d2"
1791390293.459,"B,64279,10,72:3b:01:24:b7:c8,28,1,0,0,-25,S,5c:62:8b:66:67:d2"
1791390293.459,"B,64279,10,5c:62:8b:66:67:d2,0,0,2961,10,-50,A,5c:62:8b:66:67:d2"
1791390293.459,"B,64279,10,b2:db:ca:e6:29:a6,2933,9,0,0,-28,S,5c:62:8b:66:67:d2"
1791390293.459,"B,64379,10,5c:62:8b:66:67:d2,0,0,8036,22,-50,A,5c:62:8b:66:67:d2"
1791390293.459,"B,64379,10,b2:db:ca:e6:29:a6,8036,22,0,0,-28,S,5c:62:8b:66:67:d2"
1791390293.660,"B,64479,10,5c:62:8b:66:67:d2,0,0,9730,21,-48,A,5c:62:8b:66:67:d2"
1791390293.660,"B,64479,10,b2:db:ca:e6:29:a6,9730,21,0,0,-28,S,5c:62:8b:66:67:d2"
1791390293.660,"B,64579,10,72:3b:01:24:b7:c8,112,4,0,0,-24,S,5c:62:8b:66:67:d2"
1791390293.660,"B,64579,10,5c:62:8b:66:67:d2,0,0,9034,29,-49,A,5c:62:8b:66:67:d2"
1791390293.660,"B,64579,10,b2:db:ca:e6:29:a6,8922,25,0,0,-28,S,5c:62:8b:66:67:d2"
1791390293.861,"B,64679,10,72:3b:01:24:b7:c8,196,7,0,0,-24,S,5c:62:8b:66:67:d2"
1791390293.861,"B,64679,10,5c:62:8b:66:67:d2,0,0,10887,36,-50,A,5c:62:8b:66:67:d2"
1791390293.861,"B,64679,10,b2:db:ca:e6:29:a6,10691,29,0,0,-27,S,5c:62:8b:66:67:d2"
1791390293.861,"B,64779,10,72:3b:01:24:b7:c8,168,6,0,0,-25,S,5c:62:8b:66:67:d2"
1791390293.861,"B,64779,10,5c:62:8b:66:67:d2,0,0,5889,21,-51,A,5c:62:8b:66:67:d2"
1791390293.861,"B,64779,10,b2:db:ca:e6:29:a6,5721,15,0,0,-28,S,5c:62:8b:66:67:d2"
1791390294.063,"B,64879,10,72:3b:01:24:b7:c8,168,6,0,0,-25,S,5c:62:8b:66:67:d2"
1791390294.063,"B,64879,10,5c:62:8b:66:67:d2,0,0,4674,21,-50,A,5c:62:8b:66:67:d2"
1791390294.063,"B,64879,10,b2:db:ca:e6:29:a6,4506,15,0,0,-28,S,5c:62:8b:66:67:d2"
1791390294.063,"B,64979,10,72:3b:01:24:b7:c8,196,7,0,0,-25,S,5c:62:8b:66:67:d2"
1791390294.063,"B,64979,10,5c:62:8b:66:67:d2,0,0,8398,29,-50,A,5c:62:8b:66:67:d2"
1791390294.063,"B,64979,10,b2:db:ca:e6:29:a6,8202,22,0,0,-28,S,5c:62:8b:66:67:d2"
1791390294.263,"B,65079,10,72:3b:01:24:b7:c8,308,11,0,0,-25,S,5c:62:8b:66:67:d2"
1791390294.263,"B,65079,10,5c:62:8b:66:67:d2,0,0,14683,38,-50,A,5c:62:8b:66:67:d2"
1791390294.263,"B,65079,10,b2:db:ca:e6:29:a6,14375,27,0,0,-28,S,5c:62:8b:66:67:d2"
1791390294.263,"I,65103,stat,rx=6986,drops=0,ch=10,bin=100,hop=0,heap=203064"
1791390294.263,"B,65179,10,72:3b:01:24:b7:c8,224,8,0,0,-25,S,5c:62:8b:66:67:d2"
1791390294.263,"B,65179,10,5c:62:8b:66:67:d2,0,0,6484,31,-50,A,5c:62:8b:66:67:d2"
1791390294.263,"B,65179,10,b2:db:ca:e6:29:a6,6260,23,0,0,-28,S,5c:62:8b:66:67:d2"
1791390294.466,"B,65279,10,72:3b:01:24:b7:c8,308,11,0,0,-25,S,5c:62:8b:66:67:d2"
1791390294.466,"B,65279,10,5c:62:8b:66:67:d2,0,0,7855,30,-50,A,5c:62:8b:66:67:d2"
1791390294.466,"B,65279,10,b2:db:ca:e6:29:a6,7547,19,0,0,-28,S,5c:62:8b:66:67:d2"
1791390294.668,"B,65479,10,72:3b:01:24:b7:c8,252,9,0,0,-26,S,5c:62:8b:66:67:d2"
1791390294.668,"B,65479,10,5c:62:8b:66:67:d2,0,0,10911,33,-49,A,5c:62:8b:66:67:d2"
1791390294.668,"B,65479,10,b2:db:ca:e6:29:a6,10659,24,0,0,-28,S,5c:62:8b:66:67:d2"
1791390294.668,"B,65579,10,72:3b:01:24:b7:c8,308,11,0,0,-26,S,5c:62:8b:66:67:d2"
1791390294.668,"B,65579,10,5c:62:8b:66:67:d2,0,0,6608,30,-50,A,5c:62:8b:66:67:d2"
1791390294.668,"B,65579,10,b2:db:ca:e6:29:a6,6300,19,0,0,-27,S,5c:62:8b:66:67:d2"
1791390294.870,"B,65679,10,72:3b:01:24:b7:c8,336,12,0,0,-27,S,5c:62:8b:66:67:d2"
1791390294.870,"B,65679,10,5c:62:8b:66:67:d2,0,0,6217,30,-50,A,5c:62:8b:66:67:d2"
1791390294.870,"B,65679,10,b2:db:ca:e6:29:a6,5881,18,0,0,-28,S,5c:62:8b:66:67:d2"
1791390294.870,"B,65779,10,72:3b:01:24:b7:c8,84,3,0,0,-26,S,5c:62:8b:66:67:d2"
1791390294.870,"B,65779,10,5c:62:8b:66:67:d2,0,0,6790,23,-50,A,5c:62:8b:66:67:d2"
1791390294.870,"B,65779,10,b2:db:ca:e6:29:a6,6706,20,0,0,-28,S,5c:62:8b:66:67:d2"
1791390295.072,"B,65879,10,72:3b:01:24:b7:c8,252,9,0,0,-26,S,5c:62:8b:66:67:d2"
1791390295.072,"B,65879,10,5c:62:8b:66:67:d2,0,0,3513,24,-50,A,5c:62:8b:66:67:d2"
1791390295.072,"B,65879,10,b2:db:ca:e6:29:a6,3261,15,0,0,-28,S,5c:62:8b:66:67:d2"
1791390295.072,"B,65979,10,72:3b:01:24:b7:c8,336,12,0,0,-25,S,5c:62:8b:66:67:d2"
1791390295.072,"B,65979,10,5c:62:8b:66:67:d2,0,0,4169,23,-50,A,5c:62:8b:66:67:d2"
1791390295.072,"B,65979,10,b2:db:ca:e6:29:a6,3833,11,0,0,-27,S,5c:62:8b:66:67:d2"
1791390295.273,"B,66079,10,72:3b:01:24:b7:c8,196,7,0,0,-25,S,5c:62:8b:66:67:d2"
1791390295.273,"B,66079,10,5c:62:8b:66:67:d2,0,0,1532,15,-49,A,5c:62:8b:66:67:d2"
1791390295.273,"B,66079,10,b2:db:ca:e6:29:a6,1336,8,0,0,-29,S,5c:62:8b:66:67:d2"
1791390295.273,"B,66179,10,72:3b:01:24:b7:c8,224,8,0,0,-25,S,5c:62:8b:66:67:d2"
1791390295.273,"B,66179,10,5c:62:8b:66:67:d2,0,0,4560,16,-49,A,5c:62:8b:66:67:d2"
1791390295.273,"B,66179,10,b2:db:ca:e6:29:a6,4336,8,0,0,-28,S,5c:62:8b:66:67:d2"
1791390295.476,"B,66279,10,72:3b:01:24:b7:c8,392,14,0,0,-25,S,5c:62:8b:66:67:d2"
1791390295.476,"B,66279,10,5c:62:8b:66:67:d2,0,0,5475,31,-49,A,5c:62:8b:66:67:d2"
1791390295.476,"B,66279,10,b2:db:ca:e6:29:a6,5083,17,0,0,-28,S,5c:62:8b:66:67:d2"
1791390295.476,"B,66379,10,72:3b:01:24:b7:c8,252,9,0,0,-25,S,5c:62:8b:66:67:d2"
1791390295.476,"B,66379,10,5c:62:8b:66:67:d2,0,0,2182,13,-50,A,5c:62:8b:66:67:d2"
1791390295.476,"B,66379,10,b2:db:ca:e6:29:a6,1930,4,0,0,-29,S,5c:62:8b:66:67:d2"
1791390295.678,"B,66479,10,72:3b:01:24:b7:c8,336,12,0,0,-26,S,5c:62:8b:66:67:d2"
1791390295.678,"B,66479,10,5c:62:8b:66:67:d2,0,0,5715,27,-50,A,5c:62:8b:66:67:d2"
1791390295.678,"B,66479,10,b2:db:ca:e6:29:a6,5379,15,0,0,-28,S,5c:62:8b:66:67:d2"
1791390295.678,"M,66484,slot,11,1"
1791390295.678,"B,66579,10,72:3b:01:24:b7:c8,224,8,0,0,-27,S,5c:62:8b:66:67:d2"
1791390295.678,"B,66579,10,5c:62:8b:66:67:d2,0,0,5090,14,-49,A,5c:62:8b:66:67:d2"
1791390295.678,"B,66579,10,b2:db:ca:e6:29:a6,4866,6,0,0,-28,S,5c:62:8b:66:67:d2"
1791390295.883,"B,66679,10,72:3b:01:24:b7:c8,140,5,0,0,-26,S,5c:62:8b:66:67:d2"
1791390295.883,"B,66679,10,5c:62:8b:66:67:d2,0,0,3812,29,-50,A,5c:62:8b:66:67:d2"
1791390295.883,"B,66679,10,b2:db:ca:e6:29:a6,3672,24,0,0,-28,S,5c:62:8b:66:67:d2"
1791390295.883,"B,66779,10,72:3b:01:24:b7:c8,28,1,0,0,-26,S,5c:62:8b:66:67:d2"
1791390295.883,"B,66779,10,5c:62:8b:66:67:d2,0,0,4589,9,0,A,5c:62:8b:66:67:d2"
1791390295.883,"B,66779,10,b2:db:ca:e6:29:a6,4561,8,0,0,-28,S,5c:62:8b:66:67:d2"
1791390296.084,"B,66879,10,72:3b:01:24:b7:c8,112,4,0,0,-26,S,5c:62:8b:66:67:d2"
1791390296.084,"B,66879,10,5c:62:8b:66:67:d2,0,0,6034,18,-49,A,5c:62:8b:66:67:d2"
1791390296.084,"B,66879,10,b2:db:ca:e6:29:a6,5922,14,0,0,-28,S,5c:62:8b:66:67:d2"
1791390296.084,"B,66979,10,5c:62:8b:66:67:d2,0,0,5427,13,-50,A,5c:62:8b:66:67:d2"
1791390296.084,"B,66979,10,b2:db:ca:e6:29:a6,5427,13,0,0,-28,S,5c:62:8b:66:67:d2"
1791390296.285,"B,67079,10,72:3b:01:24:b7:c8,84,3,0,0,-26,S,5c:62:8b:66:67:d2"
1791390296.285,"B,67079,10,5c:62:8b:66:67:d2,0,0,6055,23,-49,A,5c:62:8b:66:67:d2"
1791390296.285,"B,67079,10,b2:db:ca:e6:29:a6,5971,20,0,0,-28,S,5c:62:8b:66:67:d2"
1791390296.285,"B,67179,10,5c:62:8b:66:67:d2,0,0,3428,11,-49,A,5c:62:8b:66:67:d2"
1791390296.285,"B,67179,10,b2:db:ca:e6:29:a6,3428,11,0,0,-28,S,5c:62:8b:66:67:d2"
1791390296.488,"B,67279,10,72:3b:01:24:b7:c8,112,4,0,0,-25,S,5c:62:8b:66:67:d2"
1791390296.488,"B,67279,10,5c:62:8b:66:67:d2,0,0,5477,12,-51,A,5c:62:8b:66:67:d2"
1791390296.488,"B,67279,10,b2:db:ca:e6:29:a6,5365,8,0,0,-27,S,5c:62:8b:66:67:d2"
1791390296.488,"B,67379,10,72:3b:01:24:b7:c8,112,4,0,0,-25,S,5c:62:8b:66:67:d2"
1791390296.488,"B,67379,10,5c:62:8b:66:67:d2,0,0,5271,16,-51,A,5c:62:8b:66:67:d2"
1791390296.488,"B,67379,10,b2:db:ca:e6:29:a6,5159,12,0,0,-28,S,5c:62:8b:66:67:d2"
1791390296.691,"B,67479,10,5c:62:8b:66:67:d2,0,0,4420,8,-50,A,5c:62:8b:66:67:d2"
1791390296.691,"B,67479,10,b2:db:ca:e6:29:a6,4420,8,0,0,-28,S,5c:62:8b:66:67:d2"
1791390296.691,"B,67579,10,72:3b:01:24:b7:c8,112,4,0,0,-25,S,5c:62:8b:66:67:d2"
1791390296.691,"B,67579,10,5c:62:8b:66:67:d2,0,0,6753,18,-50,A,5c:62:8b:66:67:d2"
1791390296.691,"B,67579,10,b2:db:ca:e6:29:a6,6641,14,0,0,-28,S,5c:62:8b:66:67:d2"
1791390296.895,"B,67679,10,5c:62:8b:66:67:d2,0,0,4526,9,-51,A,5c:62:8b:66:67:d2"
1791390296.895,"B,67679,10,b2:db:ca:e6:29:a6,4526,9,0,0,-27,S,5c:62:8b:66:67:d2"
1791390296.895,"B,67779,10,72:3b:01:24:b7:c8,140,5,0,0,-27,S,5c:62:8b:66:67:d2"
1791390296.895,"B,67779,10,5c:62:8b:66:67:d2,0,0,9501,27,-51,A,5c:62:8b:66:67:d2"
1791390296.895,"B,67779,10,b2:db:ca:e6:29:a6,9361,22,0,0,-28,S,5c:62:8b:66:67:d2"
1791390297.098,"B,67879,10,72:3b:01:24:b7:c8,28,1,0,0,-29,S,5c:62:8b:66:67:d2"
1791390297.098,"B,67879,10,5c:62:8b:66:67:d2,0,0,8503,17,-50,A,5c:62:8b:66:67:d2"
1791390297.098,"B,67879,10,b2:db:ca:e6:29:a6,8475,16,0,0,-29,S,5c:62:8b:66:67:d2"
1791390297.098,"B,67979,10,72:3b:01:24:b7:c8,112,4,0,0,-30,S,5c:62:8b:66:67:d2"
1791390297.098,"B,67979,10,5c:62:8b:66:67:d2,0,0,7907,24,-50,A,5c:62:8b:66:67:d2"
1791390297.098,"B,67979,10,b2:db:ca:e6:29:a6,7795,20,0,0,-30,S,5c:62:8b:66:67:d2"
1791390297.303,"B,68079,10,5c:62:8b:66:67:d2,0,0,6421,22,-48,A,5c:62:8b:66:67:d2"
1791390297.303,"B,68079,10,b2:db:ca:e6:29:a6,6421,22,0,0,-30,S,5c:62:8b:66:67:d2"
1791390297.303,"B,68179,10,72:3b:01:24:b7:c8,112,4,0,0,-30,S,5c:62:8b:66:67:d2"
1791390297.303,"B,68179,10,5c:62:8b:66:67:d2,0,0,6911,29,-48,A,5c:62:8b:66:67:d2"
1791390297.303,"B,68179,10,b2:db:ca:e6:29:a6,6799,25,0,0,-29,S,5c:62:8b:66:67:d2"
1791390297.507,"B,68279,10,72:3b:01:24:b7:c8,28,1,0,0,-30,S,5c:62:8b:66:67:d2"
1791390297.507,"B,68279,10,5c:62:8b:66:67:d2,0,0,4721,14,-48,A,5c:62:8b:66:67:d2"
1791390297.507,"B,68279,10,b2:db:ca:e6:29:a6,4693,13,0,0,-29,S,5c:62:8b:66:67:d2"
1791390297.507,"B,68379,10,72:3b:01:24:b7:c8,112,4,0,0,-30,S,5c:62:8b:66:67:d2"
1791390297.507,"B,68379,10,5c:62:8b:66:67:d2,0,0,4115,17,-48,A,5c:62:8b:66:67:d2"
1791390297.507,"B,68379,10,b2:db:ca:e6:29:a6,4003,13,0,0,-30,S,5c:62:8b:66:67:d2"
1791390297.712,"B,68479,10,5c:62:8b:66:67:d2,0,0,1783,6,-48,A,5c:62:8b:66:67:d2"
1791390297.712,"B,68479,10,b2:db:ca:e6:29:a6,1783,6,0,0,-30,S,5c:62:8b:66:67:d2"
1791390297.712,"B,68579,10,72:3b:01:24:b7:c8,112,4,0,0,-30,S,5c:62:8b:66:67:d2"
1791390297.712,"B,68579,10,5c:62:8b:66:67:d2,0,0,6360,19,-48,A,5c:62:8b:66:67:d2"
1791390297.712,"B,68579,10,b2:db:ca:e6:29:a6,6248,15,0,0,-30,S,5c:62:8b:66:67:d2"
1791390297.916,"B,68679,10,72:3b:01:24:b7:c8,252,9,0,0,-30,S,5c:62:8b:66:67:d2"
1791390297.916,"B,68679,10,5c:62:8b:66:67:d2,0,0,5406,25,-49,A,5c:62:8b:66:67:d2"
1791390297.916,"B,68679,10,b2:db:ca:e6:29:a6,5154,16,0,0,-30,S,5c:62:8b:66:67:d2"
1791390297.916,"B,68779,10,72:3b:01:24:b7:c8,84,3,0,0,-31,S,5c:62:8b:66:67:d2"
1791390297.916,"B,68779,10,5c:62:8b:66:67:d2,0,0,4516,14,-48,A,5c:62:8b:66:67:d2"
1791390297.916,"B,68779,10,b2:db:ca:e6:29:a6,4432,11,0,0,-30,S,5c:62:8b:66:67:d2"
1791390298.117,"B,68879,10,72:3b:01:24:b7:c8,84,3,0,0,-31,S,5c:62:8b:66:67:d2"
1791390298.117,"B,68879,10,5c:62:8b:66:67:d2,0,0,6809,13,-48,A,5c:62:8b:66:67:d2"
1791390298.117,"B,68879,10,b2:db:ca:e6:29:a6,6725,10,0,0,-29,S,5c:62:8b:66:67:d2"
1791390298.117,"B,68979,10,5c:62:8b:66:67:d2,0,0,3781,13,-48,A,5c:62:8b:66:67:d2"
1791390298.117,"B,68979,10,b2:db:ca:e6:29:a6,3781,13,0,0,-30,S,5c:62:8b:66:67:d2"
1791390298.322,"B,69079,10,72:3b:01:24:b7:c8,56,2,0,0,-31,S,5c:62:8b:66:67:d2"
1791390298.322,"B,69079,10,5c:62:8b:66:67:d2,0,0,4509,15,-48,A,5c:62:8b:66:67:d2"
1791390298.322,"B,69079,10,b2:db:ca:e6:29:a6,4453,13,0,0,-29,S,5c:62:8b:66:67:d2"
1791390298.322,"B,69179,10,5c:62:8b:66:67:d2,0,0,1707,11,-49,A,5c:62:8b:66:67:d2"
1791390298.322,"B,69179,10,b2:db:ca:e6:29:a6,1707,11,0,0,-29,S,5c:62:8b:66:67:d2"
1791390298.528,"B,69279,10,72:3b:01:24:b7:c8,140,5,0,0,-30,S,5c:62:8b:66:67:d2"
1791390298.528,"B,69279,10,5c:62:8b:66:67:d2,0,0,5079,17,-48,A,5c:62:8b:66:67:d2"
1791390298.528,"B,69279,10,b2:db:ca:e6:29:a6,4939,12,0,0,-30,S,5c:62:8b:66:67:d2"
1791390298.528,"B,69379,10,5c:62:8b:66:67:d2,0,0,5920,9,-49,A,5c:62:8b:66:67:d2"
1791390298.528,"B,69379,10,b2:db:ca:e6:29:a6,5920,9,0,0,-29,S,5c:62:8b:66:67:d2"
1791390298.731,"B,69479,10,72:3b:01:24:b7:c8,112,4,0,0,-31,S,5c:62:8b:66:67:d2"
1791390298.731,"B,69479,10,5c:62:8b:66:67:d2,0,0,6947,20,-48,A,5c:62:8b:66:67:d2"
1791390298.731,"B,69479,10,b2:db:ca:e6:29:a6,6835,16,0,0,-29,S,5c:62:8b:66:67:d2"
1791390298.731,"B,69579,10,5c:62:8b:66:67:d2,0,0,7188,12,-48,A,5c:62:8b:66:67:d2"
1791390298.731,"B,69579,10,b2:db:ca:e6:29:a6,7188,12,0,0,-29,S,5c:62:8b:66:67:d2"
1791390298.937,"B,69679,10,72:3b:01:24:b7:c8,84,3,0,0,-33,S,5c:62:8b:66:67:d2"
1791390298.937,"B,69679,10,5c:62:8b:66:67:d2,0,0,9049,28,-49,A,5c:62:8b:66:67:d2"
1791390298.937,"B,69679,10,b2:db:ca:e6:29:a6,8965,25,0,0,-29,S,5c:62:8b:66:67:d2"
1791390298.937,"B,69779,10,72:3b:01:24:b7:c8,84,3,0,0,-32,S,5c:62:8b:66:67:d2"
1791390298.937,"B,69779,10,5c:62:8b:66:67:d2,0,0,7786,28,-50,A,5c:62:8b:66:67:d2"
1791390298.937,"B,69779,10,b2:db:ca:e6:29:a6,7702,25,0,0,-29,S,5c:62:8b:66:67:d2"
1791390299.140,"B,69879,10,72:3b:01:24:b7:c8,56,2,0,0,-34,S,5c:62:8b:66:67:d2"
1791390299.140,"B,69879,10,5c:62:8b:66:67:d2,0,0,7579,25,-50,A,5c:62:8b:66:67:d2"
1791390299.140,"B,69879,10,b2:db:ca:e6:29:a6,7523,23,0,0,-30,S,5c:62:8b:66:67:d2"
1791390299.140,"B,69979,10,72:3b:01:24:b7:c8,84,3,0,0,-30,S,5c:62:8b:66:67:d2"
1791390299.140,"B,69979,10,5c:62:8b:66:67:d2,0,0,8196,28,-51,A,5c:62:8b:66:67:d2"
1791390299.140,"B,69979,10,b2:db:ca:e6:29:a6,8112,25,0,0,-29,S,5c:62:8b:66:67:d2"
1791390299.344,"B,70079,10,5c:62:8b:66:67:d2,0,0,4945,15,-51,A,5c:62:8b:66:67:d2"
1791390299.344,"B,70079,10,b2:db:ca:e6:29:a6,4945,15,0,0,-29,S,5c:62:8b:66:67:d2"
1791390299.344,"I,70103,stat,rx=8030,drops=0,ch=10,bin=100,hop=0,heap=203064"
1791390299.344,"B,70179,10,72:3b:01:24:b7:c8,56,2,0,0,-29,S,5c:62:8b:66:67:d2"
1791390299.344,"B,70179,10,5c:62:8b:66:67:d2,0,0,4605,14,-50,A,5c:62:8b:66:67:d2"
1791390299.344,"B,70179,10,b2:db:ca:e6:29:a6,4549,12,0,0,-29,S,5c:62:8b:66:67:d2"
1791390299.548,"B,70279,10,72:3b:01:24:b7:c8,84,3,0,0,-29,S,5c:62:8b:66:67:d2"
1791390299.548,"B,70279,10,5c:62:8b:66:67:d2,0,0,7376,32,-51,A,5c:62:8b:66:67:d2"
1791390299.548,"B,70279,10,b2:db:ca:e6:29:a6,7292,29,0,0,-28,S,5c:62:8b:66:67:d2"
1791390299.548,"B,70379,10,72:3b:01:24:b7:c8,112,4,0,0,-28,S,5c:62:8b:66:67:d2"
1791390299.548,"B,70379,10,5c:62:8b:66:67:d2,0,0,8014,29,-51,A,5c:62:8b:66:67:d2"
1791390299.548,"B,70379,10,b2:db:ca:e6:29:a6,7902,25,0,0,-28,S,5c:62:8b:66:67:d2"
1791390299.753,"B,70479,10,5c:62:8b:66:67:d2,0,0,7533,26,-52,A,5c:62:8b:66:67:d2"
1791390299.753,"B,70479,10,b2:db:ca:e6:29:a6,7533,26,0,0,-28,S,5c:62:8b:66:67:d2"
1791390299.753,"B,70579,10,72:3b:01:24:b7:c8,84,3,0,0,-27,S,5c:62:8b:66:67:d2"
1791390299.753,"B,70579,10,5c:62:8b:66:67:d2,0,0,4492,16,-52,A,5c:62:8b:66:67:d2"
1791390299.753,"B,70579,10,b2:db:ca:e6:29:a6,4408,13,0,0,-29,S,5c:62:8b:66:67:d2"
1791390299.954,"B,70679,10,72:3b:01:24:b7:c8,224,8,0,0,-28,S,5c:62:8b:66:67:d2"
1791390299.954,"B,70679,10,5c:62:8b:66:67:d2,0,0,9511,24,-51,A,5c:62:8b:66:67:d2"
1791390299.954,"B,70679,10,b2:db:ca:e6:29:a6,9287,16,0,0,-29,S,5c:62:8b:66:67:d2"
1791390299.954,"B,70779,10,72:3b:01:24:b7:c8,168,6,0,0,-28,S,5c:62:8b:66:67:d2"
1791390299.954,"B,70779,10,5c:62:8b:66:67:d2,0,0,7270,32,-51,A,5c:62:8b:66:67:d2"
1791390299.954,"B,70779,10,b2:db:ca:e6:29:a6,7102,26,0,0,-29,S,5c:62:8b:66:67:d2"
1791390300.154,"B,70879,10,5c:62:8b:66:67:d2,0,0,8700,25,-50,A,5c:62:8b:66:67:d2"
1791390300.154,"B,70879,10,b2:db:ca:e6:29:a6,8700,25,0,0,-29,S,5c:62:8b:66:67:d2"
1791390300.154,"B,70979,10,72:3b:01:24:b7:c8,112,4,0,0,-29,S,5c:62:8b:66:67:d2"
1791390300.154,"B,70979,10,5c:62:8b:66:67:d2,0,0,7906,30,0,A,5c:62:8b:66:67:d2"
1791390300.154,"B,70979,10,b2:db:ca:e6:29:a6,7794,26,0,0,-30,S,5c:62:8b:66:67:d2"
1791390300.354,"B,71079,10,72:3b:01:24:b7:c8,28,1,0,0,-29,S,5c:62:8b:66:67:d2"
1791390300.354,"B,71079,10,5c:62:8b:66:67:d2,0,0,84,3,-50,A,5c:62:8b:66:67:d2"
1791390300.354,"B,71079,10,b2:db:ca:e6:29:a6,56,2,0,0,-33,S,5c:62:8b:66:67:d2"
1791390300.354,"B,71179,10,72:3b:01:24:b7:c8,28,1,0,0,-29,S,5c:62:8b:66:67:d2"
1791390300.354,"B,71179,10,5c:62:8b:66:67:d2,0,0,28,1,-51,A,5c:62:8b:66:67:d2"
1791390300.554,"B,71279,10,72:3b:01:24:b7:c8,84,3,0,0,-28,S,5c:62:8b:66:67:d2"
1791390300.554,"B,71279,10,5c:62:8b:66:67:d2,0,0,112,4,-49,A,5c:62:8b:66:67:d2"
1791390300.554,"B,71279,10,b2:db:ca:e6:29:a6,28,1,0,0,-28,S,5c:62:8b:66:67:d2"
1791390300.554,"B,71379,10,5c:62:8b:66:67:d2,0,0,134,2,-50,A,5c:62:8b:66:67:d2"
1791390300.554,"B,71379,10,b2:db:ca:e6:29:a6,134,2,0,0,-27,S,5c:62:8b:66:67:d2"
1791390300.554,"B,71479,10,72:3b:01:24:b7:c8,112,4,0,0,-30,S,5c:62:8b:66:67:d2"
1791390300.554,"B,71479,10,5c:62:8b:66:67:d2,0,0,112,4,-57,A,5c:62:8b:66:67:d2"
1791390300.755,"M,71547,end"
1791390300.755,"B,71579,10,72:3b:01:24:b7:c8,1554,1,0,0,-26,S,5c:62:8b:66:67:d2"
1791390300.755,"B,71579,10,5c:62:8b:66:67:d2,0,0,1610,3,-58,A,5c:62:8b:66:67:d2"
1791390300.755,"B,71579,10,b2:db:ca:e6:29:a6,56,2,0,0,-29,S,5c:62:8b:66:67:d2"
1791390300.957,"B,71679,10,72:3b:01:24:b7:c8,112,4,0,0,-39,S,5c:62:8b:66:67:d2"
1791390300.957,"B,71679,10,5c:62:8b:66:67:d2,0,0,168,6,-57,A,5c:62:8b:66:67:d2"
1791390300.957,"B,71679,10,b2:db:ca:e6:29:a6,56,2,0,0,-30,S,5c:62:8b:66:67:d2"
1791390300.957,"B,71779,10,72:3b:01:24:b7:c8,28,1,0,0,-42,S,5c:62:8b:66:67:d2"
1791390300.957,"B,71779,10,5c:62:8b:66:67:d2,0,0,28,1,-56,A,5c:62:8b:66:67:d2"
1791390301.157,"B,71879,10,72:3b:01:24:b7:c8,112,4,0,0,-33,S,5c:62:8b:66:67:d2"
1791390301.157,"B,71879,10,5c:62:8b:66:67:d2,0,0,112,4,-56,A,5c:62:8b:66:67:d2"
1791390301.157,"B,71979,10,5c:62:8b:66:67:d2,0,0,56,2,-54,A,5c:62:8b:66:67:d2"
1791390301.157,"B,71979,10,b2:db:ca:e6:29:a6,56,2,0,0,-29,S,5c:62:8b:66:67:d2"
1791390301.358,"B,72079,10,72:3b:01:24:b7:c8,84,3,0,0,-43,S,5c:62:8b:66:67:d2"
1791390301.358,"B,72079,10,5c:62:8b:66:67:d2,0,0,84,3,-52,A,5c:62:8b:66:67:d2"
1791390301.358,"B,72179,10,5c:62:8b:66:67:d2,0,0,28,1,-51,A,5c:62:8b:66:67:d2"
1791390301.358,"B,72179,10,b2:db:ca:e6:29:a6,28,1,0,0,-27,S,5c:62:8b:66:67:d2"
1791390301.358,"B,72279,10,72:3b:01:24:b7:c8,84,3,0,0,-48,S,5c:62:8b:66:67:d2"
1791390301.358,"B,72279,10,5c:62:8b:66:67:d2,0,0,140,5,-50,A,5c:62:8b:66:67:d2"
1791390301.559,"B,72279,10,b2:db:ca:e6:29:a6,56,2,0,0,-29,S,5c:62:8b:66:67:d2"
1791390301.559,"B,72479,10,72:3b:01:24:b7:c8,28,1,0,0,-47,S,5c:62:8b:66:67:d2"
1791390301.559,"B,72479,10,5c:62:8b:66:67:d2,0,0,84,3,-51,A,5c:62:8b:66:67:d2"
1791390301.559,"B,72479,10,b2:db:ca:e6:29:a6,56,2,0,0,-29,S,5c:62:8b:66:67:d2"
1791390301.760,"B,72579,10,72:3b:01:24:b7:c8,28,1,0,0,-43,S,5c:62:8b:66:67:d2"
1791390301.760,"B,72579,10,5c:62:8b:66:67:d2,0,0,28,1,-53,A,5c:62:8b:66:67:d2"
1791390301.760,"B,72679,10,72:3b:01:24:b7:c8,336,12,0,0,-44,S,5c:62:8b:66:67:d2"
1791390301.760,"B,72679,10,5c:62:8b:66:67:d2,0,0,364,13,-54,A,5c:62:8b:66:67:d2"
1791390301.760,"B,72679,10,b2:db:ca:e6:29:a6,28,1,0,0,-29,S,5c:62:8b:66:67:d2"
