host_time_s,line
1791489177.715,"I,95,boot,spyscan-e2-sniffer,v0.1,transport=usb-serial-jtag"
1791489177.715,"A,124,1,e0:bb:0c:05:3a:69,-87,528"
1791489177.715,"A,190,1,c2:a5:dd:1b:60:3b,-66,MERCURY_603B"
1791489177.715,"B,195,1,f4:28:9d:ce:e6:09,140,5,0,0,-83,S,c4:16:88:9a:06:5c"
1791489177.715,"B,195,1,c4:16:88:9a:06:5c,0,0,170,6,0,A,c4:16:88:9a:06:5c"
1791489177.715,"B,195,1,08:9d:f4:81:f5:38,30,1,0,0,-88,S,c4:16:88:9a:06:5c"
1791489177.920,"B,295,1,c4:16:88:9a:06:5c,0,0,30,1,0,A,c4:16:88:9a:06:5c"
1791489177.920,"B,295,1,08:9d:f4:81:f5:38,30,1,0,0,-86,S,c4:16:88:9a:06:5c"
1791489177.920,"I,332,reset"
1791489177.920,"I,333,bin,100"
1791489177.920,"I,333,channel,10"
1791489177.920,"A,355,10,5c:62:8b:66:67:d2,-49,TP-Link_67D2"
1791489177.920,"A,363,10,78:8c:b5:f5:e7:26,-73,ITMO"
1791489177.920,"A,395,10,b0:a7:b9:23:82:ee,-92,________ __ ________"
1791489177.920,"B,395,10,a6:4c:bd:b6:c7:99,150,5,0,0,-80,S,78:8c:b5:f5:e7:26"
1791489177.920,"B,395,10,78:8c:b5:f5:e7:26,0,0,150,5,-73,A,78:8c:b5:f5:e7:26"
1791489177.920,"B,395,10,46:88:44:6e:4f:e4,700,2,0,0,-30,S,5c:62:8b:66:67:d2"
1791489177.920,"B,395,10,5c:62:8b:66:67:d2,0,0,728,3,-49,A,5c:62:8b:66:67:d2"
1791489177.920,"B,395,10,72:3b:01:24:b7:c8,28,1,0,0,-21,S,5c:62:8b:66:67:d2"
1791489177.920,"A,401,10,cc:d8:43:ca:9f:eb,-81,Xiaomi_DF62"
1791489178.121,"B,495,10,46:88:44:6e:4f:e4,6255,8,0,0,-29,S,5c:62:8b:66:67:d2"
1791489178.121,"B,495,10,5c:62:8b:66:67:d2,0,0,6507,17,-48,A,5c:62:8b:66:67:d2"
1791489178.121,"B,495,10,72:3b:01:24:b7:c8,196,7,0,0,-21,S,5c:62:8b:66:67:d2"
1791489178.121,"B,495,10,b2:db:ca:e6:29:a6,56,2,0,0,-31,S,5c:62:8b:66:67:d2"
1791489178.121,"B,595,10,46:88:44:6e:4f:e4,9253,11,0,0,-29,S,5c:62:8b:66:67:d2"
1791489178.121,"B,595,10,5c:62:8b:66:67:d2,0,0,9337,14,-49,A,5c:62:8b:66:67:d2"
1791489178.121,"B,595,10,72:3b:01:24:b7:c8,28,1,0,0,-21,S,5c:62:8b:66:67:d2"
1791489178.121,"B,595,10,b2:db:ca:e6:29:a6,56,2,0,0,-30,S,5c:62:8b:66:67:d2"
1791489178.121,"M,638,baseline"
1791489178.326,"B,695,10,46:88:44:6e:4f:e4,1078,4,0,0,-30,S,5c:62:8b:66:67:d2"
1791489178.326,"B,695,10,5c:62:8b:66:67:d2,0,0,1106,5,-48,A,5c:62:8b:66:67:d2"
1791489178.326,"B,695,10,b2:db:ca:e6:29:a6,28,1,0,0,-32,S,5c:62:8b:66:67:d2"
1791489178.326,"A,769,10,d8:0d:17:46:46:1a,-65,spike"
1791489178.326,"B,795,10,46:88:44:6e:4f:e4,6183,8,0,0,-30,S,5c:62:8b:66:67:d2"
1791489178.326,"B,795,10,5c:62:8b:66:67:d2,5455,5,6491,19,-47,A,5c:62:8b:66:67:d2"
1791489178.326,"B,795,10,72:3b:01:24:b7:c8,280,10,5455,5,-21,S,5c:62:8b:66:67:d2"
1791489178.326,"B,795,10,b2:db:ca:e6:29:a6,28,1,0,0,-32,S,5c:62:8b:66:67:d2"
1791489178.531,"B,895,10,46:88:44:6e:4f:e4,6671,9,0,0,-30,S,5c:62:8b:66:67:d2"
1791489178.531,"B,895,10,5c:62:8b:66:67:d2,0,0,6783,13,-49,A,5c:62:8b:66:67:d2"
1791489178.531,"B,895,10,72:3b:01:24:b7:c8,28,1,0,0,-21,S,5c:62:8b:66:67:d2"
1791489178.531,"B,895,10,b2:db:ca:e6:29:a6,84,3,0,0,-29,S,5c:62:8b:66:67:d2"
1791489178.531,"B,995,10,a6:4c:bd:b6:c7:99,30,1,0,0,-88,S,78:8c:b5:f5:e7:26"
1791489178.531,"B,995,10,78:8c:b5:f5:e7:26,0,0,30,1,-72,A,78:8c:b5:f5:e7:26"
1791489178.531,"B,995,10,46:88:44:6e:4f:e4,5963,8,0,0,-29,S,5c:62:8b:66:67:d2"
1791489178.531,"B,995,10,5c:62:8b:66:67:d2,0,0,6075,12,-48,A,5c:62:8b:66:67:d2"
1791489178.531,"B,995,10,72:3b:01:24:b7:c8,56,2,0,0,-21,S,5c:62:8b:66:67:d2"
1791489178.531,"B,995,10,b2:db:ca:e6:29:a6,56,2,0,0,-31,S,5c:62:8b:66:67:d2"
1791489178.531,"B,995,10,64:d1:54:63:44:f4,91,1,0,0,-87,A,64:d1:54:63:44:f4"
1791489178.732,"B,1095,10,a6:4c:bd:b6:c7:99,30,1,0,0,-80,S,78:8c:b5:f5:e7:26"
1791489178.732,"B,1095,10,78:8c:b5:f5:e7:26,0,0,30,1,-72,A,78:8c:b5:f5:e7:26"
1791489178.732,"B,1095,10,46:88:44:6e:4f:e4,6043,8,0,0,-29,S,5c:62:8b:66:67:d2"
1791489178.732,"B,1095,10,5c:62:8b:66:67:d2,0,0,6183,13,-47,A,5c:62:8b:66:67:d2"
1791489178.732,"B,1095,10,72:3b:01:24:b7:c8,140,5,0,0,-21,S,5c:62:8b:66:67:d2"
1791489178.732,"B,1195,10,a6:4c:bd:b6:c7:99,60,2,0,0,-80,S,78:8c:b5:f5:e7:26"
1791489178.732,"B,1195,10,78:8c:b5:f5:e7:26,0,0,60,2,0,A,78:8c:b5:f5:e7:26"
1791489178.732,"B,1195,10,46:88:44:6e:4f:e4,5601,7,0,0,-29,S,5c:62:8b:66:67:d2"
1791489178.732,"B,1195,10,5c:62:8b:66:67:d2,0,0,5657,9,-47,A,5c:62:8b:66:67:d2"
1791489178.732,"B,1195,10,72:3b:01:24:b7:c8,28,1,0,0,-21,S,5c:62:8b:66:67:d2"
1791489178.732,"B,1195,10,b2:db:ca:e6:29:a6,28,1,0,0,-31,S,5c:62:8b:66:67:d2"
1791489178.933,"B,1295,10,46:88:44:6e:4f:e4,5867,8,0,0,-29,S,5c:62:8b:66:67:d2"
1791489178.933,"B,1295,10,5c:62:8b:66:67:d2,700,2,5951,11,-46,A,5c:62:8b:66:67:d2"
1791489178.933,"B,1295,10,72:3b:01:24:b7:c8,84,3,700,2,-21,S,5c:62:8b:66:67:d2"
1791489178.933,"B,1395,10,46:88:44:6e:4f:e4,1078,4,0,0,-28,S,5c:62:8b:66:67:d2"
1791489178.933,"B,1395,10,5c:62:8b:66:67:d2,0,0,1162,7,-45,A,5c:62:8b:66:67:d2"
1791489178.933,"B,1395,10,72:3b:01:24:b7:c8,84,3,0,0,-21,S,5c:62:8b:66:67:d2"
1791489179.134,"B,1495,10,a6:4c:bd:b6:c7:99,106,1,0,0,-85,S,78:8c:b5:f5:e7:26"
1791489179.134,"B,1495,10,78:8c:b5:f5:e7:26,0,0,106,1,-73,A,78:8c:b5:f5:e7:26"
1791489179.134,"B,1495,10,46:88:44:6e:4f:e4,3350,5,0,0,-29,S,5c:62:8b:66:67:d2"
1791489179.134,"B,1495,10,5c:62:8b:66:67:d2,0,0,3378,6,-46,A,5c:62:8b:66:67:d2"
1791489179.134,"B,1495,10,72:3b:01:24:b7:c8,28,1,0,0,-21,S,5c:62:8b:66:67:d2"
1791489179.134,"B,1595,10,46:88:44:6e:4f:e4,5871,8,0,0,-28,S,5c:62:8b:66:67:d2"
1791489179.134,"B,1595,10,5c:62:8b:66:67:d2,0,0,5899,9,-46,A,5c:62:8b:66:67:d2"
1791489179.134,"B,1595,10,72:3b:01:24:b7:c8,28,1,0,0,-21,S,5c:62:8b:66:67:d2"
1791489179.340,"B,1695,10,46:88:44:6e:4f:e4,4321,6,0,0,-31,S,5c:62:8b:66:67:d2"
1791489179.340,"B,1695,10,5c:62:8b:66:67:d2,0,0,4349,7,-45,A,5c:62:8b:66:67:d2"
1791489179.340,"B,1695,10,72:3b:01:24:b7:c8,28,1,0,0,-21,S,5c:62:8b:66:67:d2"
1791489179.340,"B,1795,10,46:88:44:6e:4f:e4,1078,4,0,0,-30,S,5c:62:8b:66:67:d2"
1791489179.340,"B,1795,10,5c:62:8b:66:67:d2,1050,3,1190,8,-45,A,5c:62:8b:66:67:d2"
1791489179.340,"B,1795,10,72:3b:01:24:b7:c8,56,2,1050,3,-21,S,5c:62:8b:66:67:d2"
1791489179.340,"B,1795,10,b2:db:ca:e6:29:a6,56,2,0,0,-32,S,5c:62:8b:66:67:d2"
1791489179.545,"B,1895,10,a6:4c:bd:b6:c7:99,0,0,3214,3,0,S,78:8c:b5:f5:e7:26"
1791489179.545,"B,1895,10,78:8c:b5:f5:e7:26,3214,3,0,0,-74,A,78:8c:b5:f5:e7:26"
1791489179.545,"B,1895,10,46:88:44:6e:4f:e4,9018,11,0,0,-30,S,5c:62:8b:66:67:d2"
1791489179.545,"B,1895,10,5c:62:8b:66:67:d2,0,0,9158,16,-46,A,5c:62:8b:66:67:d2"
1791489179.545,"B,1895,10,72:3b:01:24:b7:c8,84,3,0,0,-21,S,5c:62:8b:66:67:d2"
1791489179.545,"B,1895,10,b2:db:ca:e6:29:a6,56,2,0,0,-31,S,5c:62:8b:66:67:d2"
1791489179.545,"B,1995,10,a6:4c:bd:b6:c7:99,30,1,106,1,-87,S,78:8c:b5:f5:e7:26"
1791489179.545,"B,1995,10,78:8c:b5:f5:e7:26,106,1,30,1,-73,A,78:8c:b5:f5:e7:26"
1791489179.545,"B,1995,10,46:88:44:6e:4f:e4,1050,3,0,0,-30,S,5c:62:8b:66:67:d2"
1791489179.545,"B,1995,10,5c:62:8b:66:67:d2,0,0,1162,7,-45,A,5c:62:8b:66:67:d2"
1791489179.545,"B,1995,10,72:3b:01:24:b7:c8,56,2,0,0,-21,S,5c:62:8b:66:67:d2"
1791489179.545,"B,1995,10,b2:db:ca:e6:29:a6,56,2,0,0,-33,S,5c:62:8b:66:67:d2"
1791489179.748,"B,2095,10,a6:4c:bd:b6:c7:99,60,2,0,0,-81,S,78:8c:b5:f5:e7:26"
1791489179.748,"B,2095,10,78:8c:b5:f5:e7:26,0,0,60,2,-73,A,78:8c:b5:f5:e7:26"
1791489179.748,"B,2095,10,46:88:44:6e:4f:e4,5819,8,0,0,-30,S,5c:62:8b:66:67:d2"
1791489179.748,"B,2095,10,5c:62:8b:66:67:d2,0,0,6071,17,-46,A,5c:62:8b:66:67:d2"
1791489179.748,"B,2095,10,72:3b:01:24:b7:c8,224,8,0,0,-21,S,5c:62:8b:66:67:d2"
1791489179.748,"B,2095,10,b2:db:ca:e6:29:a6,28,1,0,0,-32,S,5c:62:8b:66:67:d2"
1791489179.748,"B,2195,10,a6:4c:bd:b6:c7:99,60,2,0,0,-82,S,78:8c:b5:f5:e7:26"
1791489179.748,"B,2195,10,78:8c:b5:f5:e7:26,0,0,60,2,-73,A,78:8c:b5:f5:e7:26"
1791489179.748,"B,2195,10,46:88:44:6e:4f:e4,7289,9,0,0,-30,S,5c:62:8b:66:67:d2"
1791489179.748,"B,2195,10,5c:62:8b:66:67:d2,0,0,7345,11,0,A,5c:62:8b:66:67:d2"
1791489179.748,"B,2195,10,b2:db:ca:e6:29:a6,56,2,0,0,-31,S,5c:62:8b:66:67:d2"
1791489179.950,"B,2295,10,a6:4c:bd:b6:c7:99,0,0,12538,9,0,S,78:8c:b5:f5:e7:26"
1791489179.950,"B,2295,10,78:8c:b5:f5:e7:26,12538,9,0,0,-73,A,78:8c:b5:f5:e7:26"
1791489179.950,"B,2295,10,46:88:44:6e:4f:e4,5999,7,0,0,-30,S,5c:62:8b:66:67:d2"
1791489179.950,"B,2295,10,5c:62:8b:66:67:d2,350,1,6251,16,-46,A,5c:62:8b:66:67:d2"
1791489179.950,"B,2295,10,72:3b:01:24:b7:c8,196,7,350,1,-21,S,5c:62:8b:66:67:d2"
1791489179.950,"B,2295,10,b2:db:ca:e6:29:a6,56,2,0,0,-33,S,5c:62:8b:66:67:d2"
1791489179.950,"B,2395,10,a6:4c:bd:b6:c7:99,0,0,17094,11,0,S,78:8c:b5:f5:e7:26"
1791489179.950,"B,2395,10,78:8c:b5:f5:e7:26,17094,11,0,0,-73,A,78:8c:b5:f5:e7:26"
1791489179.950,"B,2395,10,46:88:44:6e:4f:e4,5791,8,0,0,-30,S,5c:62:8b:66:67:d2"
1791489179.950,"B,2395,10,5c:62:8b:66:67:d2,0,0,5987,15,-45,A,5c:62:8b:66:67:d2"
1791489179.950,"B,2395,10,72:3b:01:24:b7:c8,168,6,0,0,-21,S,5c:62:8b:66:67:d2"
1791489179.950,"B,2395,10,b2:db:ca:e6:29:a6,28,1,0,0,-31,S,5c:62:8b:66:67:d2"
1791489180.151,"B,2495,10,a6:4c:bd:b6:c7:99,90,3,0,0,-86,S,78:8c:b5:f5:e7:26"
1791489180.151,"B,2495,10,78:8c:b5:f5:e7:26,0,0,90,3,-74,A,78:8c:b5:f5:e7:26"
1791489180.151,"B,2495,10,46:88:44:6e:4f:e4,6025,9,0,0,-29,S,5c:62:8b:66:67:d2"
1791489180.151,"B,2495,10,5c:62:8b:66:67:d2,0,0,6081,11,-46,A,5c:62:8b:66:67:d2"
1791489180.151,"B,2495,10,72:3b:01:24:b7:c8,56,2,0,0,-21,S,5c:62:8b:66:67:d2"
1791489180.151,"B,2595,10,a6:4c:bd:b6:c7:99,60,2,27972,18,-86,S,78:8c:b5:f5:e7:26"
1791489180.151,"B,2595,10,78:8c:b5:f5:e7:26,27972,18,60,2,-74,A,78:8c:b5:f5:e7:26"
1791489180.151,"B,2595,10,46:88:44:6e:4f:e4,728,3,0,0,-28,S,5c:62:8b:66:67:d2"
1791489180.151,"B,2595,10,5c:62:8b:66:67:d2,0,0,840,7,-46,A,5c:62:8b:66:67:d2"
1791489180.151,"B,2595,10,72:3b:01:24:b7:c8,84,3,0,0,-22,S,5c:62:8b:66:67:d2"
1791489180.151,"B,2595,10,b2:db:ca:e6:29:a6,28,1,0,0,-28,S,5c:62:8b:66:67:d2"
1791489180.356,"B,2695,10,a6:4c:bd:b6:c7:99,60,2,0,0,-85,S,78:8c:b5:f5:e7:26"
1791489180.356,"B,2695,10,78:8c:b5:f5:e7:26,80,1,60,2,-79,A,78:8c:b5:f5:e7:26"
1791489180.356,"B,2695,10,46:88:44:6e:4f:e4,5555,7,0,0,-27,S,5c:62:8b:66:67:d2"
1791489180.356,"B,2695,10,5c:62:8b:66:67:d2,6605,10,5863,18,-45,A,5c:62:8b:66:67:d2"
1791489180.356,"B,2695,10,72:3b:01:24:b7:c8,252,9,6605,10,-21,S,5c:62:8b:66:67:d2"
1791489180.356,"B,2695,10,b2:db:ca:e6:29:a6,56,2,0,0,-28,S,5c:62:8b:66:67:d2"
1791489180.356,"B,2795,10,a6:4c:bd:b6:c7:99,30,1,0,0,-85,S,78:8c:b5:f5:e7:26"
1791489180.356,"B,2795,10,78:8c:b5:f5:e7:26,0,0,30,1,0,A,78:8c:b5:f5:e7:26"
1791489180.356,"B,2795,10,46:88:44:6e:4f:e4,3772,4,0,0,-28,S,5c:62:8b:66:67:d2"
1791489180.356,"B,2795,10,5c:62:8b:66:67:d2,0,0,3940,10,-47,A,5c:62:8b:66:67:d2"
1791489180.356,"B,2795,10,72:3b:01:24:b7:c8,84,3,0,0,-22,S,5c:62:8b:66:67:d2"
1791489180.356,"B,2795,10,b2:db:ca:e6:29:a6,84,3,0,0,-28,S,5c:62:8b:66:67:d2"
1791489180.561,"B,2895,10,46:88:44:6e:4f:e4,6921,10,0,0,-27,S,5c:62:8b:66:67:d2"
1791489180.561,"B,2895,10,5c:62:8b:66:67:d2,0,0,7033,14,-47,A,5c:62:8b:66:67:d2"
1791489180.561,"B,2895,10,72:3b:01:24:b7:c8,84,3,0,0,-21,S,5c:62:8b:66:67:d2"
1791489180.561,"B,2895,10,b2:db:ca:e6:29:a6,28,1,0,0,-30,S,5c:62:8b:66:67:d2"
1791489180.561,"B,2995,10,a6:4c:bd:b6:c7:99,0,0,3108,2,0,S,78:8c:b5:f5:e7:26"
1791489180.561,"B,2995,10,78:8c:b5:f5:e7:26,3108,2,0,0,-74,A,78:8c:b5:f5:e7:26"
1791489180.561,"B,2995,10,46:88:44:6e:4f:e4,5287,8,0,0,-27,S,5c:62:8b:66:67:d2"
1791489180.561,"B,2995,10,5c:62:8b:66:67:d2,0,0,5483,15,-47,A,5c:62:8b:66:67:d2"
1791489180.561,"B,2995,10,72:3b:01:24:b7:c8,140,5,0,0,-21,S,5c:62:8b:66:67:d2"
1791489180.561,"B,2995,10,b2:db:ca:e6:29:a6,56,2,0,0,-29,S,5c:62:8b:66:67:d2"
1791489180.762,"B,3095,10,a6:4c:bd:b6:c7:99,0,0,1554,1,0,S,78:8c:b5:f5:e7:26"
1791489180.762,"B,3095,10,78:8c:b5:f5:e7:26,1554,1,0,0,-75,A,78:8c:b5:f5:e7:26"
1791489180.762,"B,3095,10,46:88:44:6e:4f:e4,5097,7,0,0,-28,S,5c:62:8b:66:67:d2"
1791489180.762,"B,3095,10,5c:62:8b:66:67:d2,0,0,5265,13,-46,A,5c:62:8b:66:67:d2"
1791489180.762,"B,3095,10,72:3b:01:24:b7:c8,112,4,0,0,-21,S,5c:62:8b:66:67:d2"
1791489180.762,"B,3095,10,b2:db:ca:e6:29:a6,56,2,0,0,-29,S,5c:62:8b:66:67:d2"
1791489180.762,"B,3195,10,a6:4c:bd:b6:c7:99,0,0,1554,1,0,S,78:8c:b5:f5:e7:26"
1791489180.762,"B,3195,10,78:8c:b5:f5:e7:26,1554,1,0,0,-75,A,78:8c:b5:f5:e7:26"
1791489180.762,"B,3195,10,46:88:44:6e:4f:e4,700,2,0,0,-27,S,5c:62:8b:66:67:d2"
1791489180.762,"B,3195,10,5c:62:8b:66:67:d2,0,0,1064,15,-47,A,5c:62:8b:66:67:d2"
1791489180.762,"B,3195,10,72:3b:01:24:b7:c8,280,10,0,0,-21,S,5c:62:8b:66:67:d2"
1791489180.762,"B,3195,10,b2:db:ca:e6:29:a6,84,3,0,0,-29,S,5c:62:8b:66:67:d2"
1791489180.966,"B,3295,10,46:88:44:6e:4f:e4,5701,9,0,0,-27,S,5c:62:8b:66:67:d2"
1791489180.966,"B,3295,10,5c:62:8b:66:67:d2,0,0,5897,16,-47,A,5c:62:8b:66:67:d2"
1791489180.966,"B,3295,10,72:3b:01:24:b7:c8,112,4,0,0,-21,S,5c:62:8b:66:67:d2"
1791489180.966,"B,3295,10,b2:db:ca:e6:29:a6,84,3,0,0,-29,S,5c:62:8b:66:67:d2"
1791489180.966,"B,3395,10,78:8c:b5:f5:e7:26,161,1,0,0,-77,A,78:8c:b5:f5:e7:26"
1791489180.966,"B,3395,10,46:88:44:6e:4f:e4,6785,9,0,0,-27,S,5c:62:8b:66:67:d2"
1791489180.966,"B,3395,10,5c:62:8b:66:67:d2,0,0,6981,16,-49,A,5c:62:8b:66:67:d2"
1791489180.966,"B,3395,10,72:3b:01:24:b7:c8,140,5,0,0,-21,S,5c:62:8b:66:67:d2"
1791489180.966,"B,3395,10,b2:db:ca:e6:29:a6,56,2,0,0,-28,S,5c:62:8b:66:67:d2"
1791489181.169,"B,3495,10,46:88:44:6e:4f:e4,5649,9,0,0,-27,S,5c:62:8b:66:67:d2"
1791489181.169,"B,3495,10,5c:62:8b:66:67:d2,0,0,5845,16,-50,A,5c:62:8b:66:67:d2"
1791489181.169,"B,3495,10,72:3b:01:24:b7:c8,168,6,0,0,-21,S,5c:62:8b:66:67:d2"
1791489181.169,"B,3495,10,b2:db:ca:e6:29:a6,28,1,0,0,-31,S,5c:62:8b:66:67:d2"
1791489181.169,"B,3595,10,46:88:44:6e:4f:e4,5089,6,138,1,-27,S,5c:62:8b:66:67:d2"
1791489181.169,"B,3595,10,5c:62:8b:66:67:d2,138,1,5313,14,-48,A,5c:62:8b:66:67:d2"
1791489181.169,"B,3595,10,72:3b:01:24:b7:c8,168,6,0,0,-21,S,5c:62:8b:66:67:d2"
1791489181.169,"B,3595,10,b2:db:ca:e6:29:a6,56,2,0,0,-29,S,5c:62:8b:66:67:d2"
1791489181.371,"B,3695,10,46:88:44:6e:4f:e4,5133,7,0,0,-27,S,5c:62:8b:66:67:d2"
1791489181.371,"B,3695,10,5c:62:8b:66:67:d2,0,0,5301,13,-50,A,5c:62:8b:66:67:d2"
1791489181.371,"B,3695,10,72:3b:01:24:b7:c8,112,4,0,0,-21,S,5c:62:8b:66:67:d2"
1791489181.371,"B,3695,10,b2:db:ca:e6:29:a6,56,2,0,0,-29,S,5c:62:8b:66:67:d2"
1791489181.371,"A,3768,10,82:af:ca:28:4c:f8,-82,"
1791489181.371,"B,3795,10,46:88:44:6e:4f:e4,1172,5,0,0,-27,S,5c:62:8b:66:67:d2"
1791489181.371,"B,3795,10,5c:62:8b:66:67:d2,5105,6,1340,11,-47,A,5c:62:8b:66:67:d2"
1791489181.371,"B,3795,10,72:3b:01:24:b7:c8,112,4,5105,6,-21,S,5c:62:8b:66:67:d2"
1791489181.371,"B,3795,10,b2:db:ca:e6:29:a6,56,2,0,0,-29,S,5c:62:8b:66:67:d2"
1791489181.576,"B,3895,10,a6:4c:bd:b6:c7:99,60,2,0,0,-80,S,78:8c:b5:f5:e7:26"
1791489181.576,"B,3895,10,78:8c:b5:f5:e7:26,0,0,60,2,-73,A,78:8c:b5:f5:e7:26"
1791489181.576,"B,3895,10,46:88:44:6e:4f:e4,7610,8,0,0,-27,S,5c:62:8b:66:67:d2"
1791489181.576,"B,3895,10,5c:62:8b:66:67:d2,0,0,7750,13,-49,A,5c:62:8b:66:67:d2"
1791489181.576,"B,3895,10,72:3b:01:24:b7:c8,112,4,0,0,-21,S,5c:62:8b:66:67:d2"
1791489181.576,"B,3895,10,b2:db:ca:e6:29:a6,28,1,0,0,-27,S,5c:62:8b:66:67:d2"
1791489181.576,"B,3995,10,46:88:44:6e:4f:e4,5133,7,0,0,-27,S,5c:62:8b:66:67:d2"
1791489181.576,"B,3995,10,5c:62:8b:66:67:d2,0,0,5189,9,-49,A,5c:62:8b:66:67:d2"
1791489181.576,"B,3995,10,72:3b:01:24:b7:c8,28,1,0,0,-21,S,5c:62:8b:66:67:d2"
1791489181.576,"B,3995,10,b2:db:ca:e6:29:a6,28,1,0,0,-30,S,5c:62:8b:66:67:d2"
1791489181.776,"B,4095,10,46:88:44:6e:4f:e4,5459,8,0,0,-26,S,5c:62:8b:66:67:d2"
1791489181.776,"B,4095,10,5c:62:8b:66:67:d2,0,0,5571,12,-50,A,5c:62:8b:66:67:d2"
1791489181.776,"B,4095,10,72:3b:01:24:b7:c8,56,2,0,0,-21,S,5c:62:8b:66:67:d2"
1791489181.776,"B,4095,10,b2:db:ca:e6:29:a6,56,2,0,0,-31,S,5c:62:8b:66:67:d2"
1791489181.776,"B,4195,10,a6:4c:bd:b6:c7:99,60,2,0,0,-81,S,78:8c:b5:f5:e7:26"
1791489181.776,"B,4195,10,78:8c:b5:f5:e7:26,0,0,60,2,-72,A,78:8c:b5:f5:e7:26"
1791489181.776,"B,4195,10,46:88:44:6e:4f:e4,3627,6,0,0,-26,S,5c:62:8b:66:67:d2"
1791489181.776,"B,4195,10,5c:62:8b:66:67:d2,0,0,3795,12,-50,A,5c:62:8b:66:67:d2"
1791489181.776,"B,4195,10,72:3b:01:24:b7:c8,112,4,0,0,-21,S,5c:62:8b:66:67:d2"
1791489181.776,"B,4195,10,b2:db:ca:e6:29:a6,56,2,0,0,-30,S,5c:62:8b:66:67:d2"
1791489181.776,"B,4295,10,46:88:44:6e:4f:e4,5279,8,0,0,-26,S,5c:62:8b:66:67:d2"
1791489181.776,"B,4295,10,5c:62:8b:66:67:d2,5097,6,5755,25,-46,A,5c:62:8b:66:67:d2"
1791489181.976,"B,4295,10,72:3b:01:24:b7:c8,420,15,5097,6,-21,S,5c:62:8b:66:67:d2"
1791489181.976,"B,4295,10,b2:db:ca:e6:29:a6,56,2,0,0,-29,S,5c:62:8b:66:67:d2"
1791489181.976,"B,4395,10,46:88:44:6e:4f:e4,5133,7,0,0,-27,S,5c:62:8b:66:67:d2"
1791489181.976,"B,4395,10,5c:62:8b:66:67:d2,0,0,5161,8,-49,A,5c:62:8b:66:67:d2"
1791489181.976,"B,4395,10,72:3b:01:24:b7:c8,28,1,0,0,-21,S,5c:62:8b:66:67:d2"
1791489181.976,"A,4480,10,80:af:ca:68:4c:f8,-83,Cudy-4CF8"
1791489181.976,"B,4495,10,46:88:44:6e:4f:e4,1050,3,0,0,-27,S,5c:62:8b:66:67:d2"
1791489182.176,"B,4495,10,5c:62:8b:66:67:d2,0,0,1274,11,-49,A,5c:62:8b:66:67:d2"
1791489182.176,"B,4495,10,72:3b:01:24:b7:c8,140,5,0,0,-21,S,5c:62:8b:66:67:d2"
1791489182.176,"B,4495,10,b2:db:ca:e6:29:a6,84,3,0,0,-28,S,5c:62:8b:66:67:d2"
1791489182.176,"B,4595,10,a6:4c:bd:b6:c7:99,30,1,0,0,-82,S,78:8c:b5:f5:e7:26"
1791489182.176,"B,4595,10,78:8c:b5:f5:e7:26,0,0,30,1,-72,A,78:8c:b5:f5:e7:26"
1791489182.176,"B,4595,10,46:88:44:6e:4f:e4,4387,10,0,0,-27,S,5c:62:8b:66:67:d2"
1791489182.176,"B,4595,10,5c:62:8b:66:67:d2,0,0,4667,20,-49,A,5c:62:8b:66:67:d2"
1791489182.176,"B,4595,10,72:3b:01:24:b7:c8,252,9,0,0,-21,S,5c:62:8b:66:67:d2"
1791489182.176,"B,4595,10,b2:db:ca:e6:29:a6,28,1,0,0,-29,S,5c:62:8b:66:67:d2"
1791489182.176,"B,4695,10,a6:4c:bd:b6:c7:99,60,2,0,0,-81,S,78:8c:b5:f5:e7:26"
1791489182.176,"B,4695,10,78:8c:b5:f5:e7:26,0,0,60,2,-72,A,78:8c:b5:f5:e7:26"
1791489182.176,"B,4695,10,46:88:44:6e:4f:e4,5335,8,0,0,-27,S,5c:62:8b:66:67:d2"
1791489182.176,"B,4695,10,5c:62:8b:66:67:d2,0,0,5447,12,-51,A,5c:62:8b:66:67:d2"
1791489182.376,"B,4695,10,72:3b:01:24:b7:c8,84,3,0,0,-21,S,5c:62:8b:66:67:d2"
1791489182.376,"B,4695,10,b2:db:ca:e6:29:a6,28,1,0,0,-30,S,5c:62:8b:66:67:d2"
1791489182.376,"B,4695,10,38:d5:7a:f4:5a:37,30,1,0,0,-92,S,8a:ce:16:78:6f:dc"
1791489182.376,"B,4695,10,8a:ce:16:78:6f:dc,0,0,30,1,0,A,8a:ce:16:78:6f:dc"
1791489182.376,"B,4795,10,a6:4c:bd:b6:c7:99,30,1,0,0,-81,S,78:8c:b5:f5:e7:26"
1791489182.376,"B,4795,10,78:8c:b5:f5:e7:26,0,0,30,1,-72,A,78:8c:b5:f5:e7:26"
1791489182.376,"B,4795,10,46:88:44:6e:4f:e4,5291,8,0,0,-28,S,5c:62:8b:66:67:d2"
1791489182.376,"B,4795,10,5c:62:8b:66:67:d2,0,0,5431,13,-49,A,5c:62:8b:66:67:d2"
1791489182.376,"B,4795,10,72:3b:01:24:b7:c8,112,4,0,0,-21,S,5c:62:8b:66:67:d2"
1791489182.376,"B,4795,10,b2:db:ca:e6:29:a6,28,1,0,0,-29,S,5c:62:8b:66:67:d2"
1791489182.376,"B,4895,10,a6:4c:bd:b6:c7:99,30,1,0,0,-80,S,78:8c:b5:f5:e7:26"
1791489182.577,"B,4895,10,78:8c:b5:f5:e7:26,0,0,30,1,-72,A,78:8c:b5:f5:e7:26"
1791489182.577,"B,4895,10,46:88:44:6e:4f:e4,5725,9,0,0,-28,S,5c:62:8b:66:67:d2"
1791489182.577,"B,4895,10,5c:62:8b:66:67:d2,0,0,5893,15,-48,A,5c:62:8b:66:67:d2"
1791489182.577,"B,4895,10,72:3b:01:24:b7:c8,140,5,0,0,-28,S,5c:62:8b:66:67:d2"
1791489182.577,"B,4895,10,b2:db:ca:e6:29:a6,28,1,0,0,-27,S,5c:62:8b:66:67:d2"
1791489182.577,"B,4995,10,a6:4c:bd:b6:c7:99,30,1,0,0,-80,S,78:8c:b5:f5:e7:26"
1791489182.577,"B,4995,10,78:8c:b5:f5:e7:26,0,0,30,1,-72,A,78:8c:b5:f5:e7:26"
1791489182.577,"B,4995,10,46:88:44:6e:4f:e4,1078,4,0,0,-28,S,5c:62:8b:66:67:d2"
1791489182.577,"B,4995,10,5c:62:8b:66:67:d2,0,0,1134,6,-50,A,5c:62:8b:66:67:d2"
1791489182.577,"B,4995,10,72:3b:01:24:b7:c8,28,1,0,0,-21,S,5c:62:8b:66:67:d2"
1791489182.577,"B,4995,10,b2:db:ca:e6:29:a6,28,1,0,0,-28,S,5c:62:8b:66:67:d2"
1791489182.577,"B,5095,10,46:88:44:6e:4f:e4,5447,7,0,0,-28,S,5c:62:8b:66:67:d2"
1791489182.577,"B,5095,10,5c:62:8b:66:67:d2,0,0,5671,15,-50,A,5c:62:8b:66:67:d2"
1791489182.577,"B,5095,10,72:3b:01:24:b7:c8,140,5,0,0,-20,S,5c:62:8b:66:67:d2"
1791489182.577,"B,5095,10,b2:db:ca:e6:29:a6,84,3,0,0,-28,S,5c:62:8b:66:67:d2"
1791489182.777,"I,5095,stat,rx=899,drops=0,ch=10,bin=100,hop=0,heap=203056"
1791489182.777,"A,5111,10,64:d1:54:63:44:f4,-85,Kubok"
1791489182.777,"B,5195,10,a6:4c:bd:b6:c7:99,60,2,0,0,-79,S,78:8c:b5:f5:e7:26"
1791489182.777,"B,5195,10,78:8c:b5:f5:e7:26,0,0,60,2,-72,A,78:8c:b5:f5:e7:26"
1791489182.777,"B,5195,10,46:88:44:6e:4f:e4,5511,8,0,0,-28,S,5c:62:8b:66:67:d2"
1791489182.777,"B,5195,10,5c:62:8b:66:67:d2,0,0,5735,16,-48,A,5c:62:8b:66:67:d2"
1791489182.777,"B,5195,10,72:3b:01:24:b7:c8,168,6,0,0,-20,S,5c:62:8b:66:67:d2"
1791489182.777,"B,5195,10,b2:db:ca:e6:29:a6,56,2,0,0,-27,S,5c:62:8b:66:67:d2"
1791489182.777,"B,5295,10,46:88:44:6e:4f:e4,5719,8,0,0,-28,S,5c:62:8b:66:67:d2"
1791489182.777,"B,5295,10,5c:62:8b:66:67:d2,0,0,5859,13,-48,A,5c:62:8b:66:67:d2"
1791489182.777,"B,5295,10,72:3b:01:24:b7:c8,84,3,0,0,-22,S,5c:62:8b:66:67:d2"
1791489182.777,"B,5295,10,b2:db:ca:e6:29:a6,56,2,0,0,-28,S,5c:62:8b:66:67:d2"
1791489182.977,"B,5395,10,46:88:44:6e:4f:e4,5811,8,0,0,-27,S,5c:62:8b:66:67:d2"
1791489182.977,"B,5395,10,5c:62:8b:66:67:d2,0,0,5951,13,-51,A,5c:62:8b:66:67:d2"
1791489182.977,"B,5395,10,72:3b:01:24:b7:c8,84,3,0,0,-35,S,5c:62:8b:66:67:d2"
1791489182.977,"B,5395,10,b2:db:ca:e6:29:a6,56,2,0,0,-28,S,5c:62:8b:66:67:d2"
1791489182.977,"B,5495,10,46:88:44:6e:4f:e4,7917,10,0,0,-26,S,5c:62:8b:66:67:d2"
1791489182.977,"B,5495,10,5c:62:8b:66:67:d2,0,0,8113,17,-51,A,5c:62:8b:66:67:d2"
1791489182.977,"B,5495,10,72:3b:01:24:b7:c8,112,4,0,0,-21,S,5c:62:8b:66:67:d2"
1791489182.977,"B,5495,10,b2:db:ca:e6:29:a6,84,3,0,0,-29,S,5c:62:8b:66:67:d2"
1791489183.177,"B,5595,10,a6:4c:bd:b6:c7:99,60,2,0,0,-79,S,78:8c:b5:f5:e7:26"
1791489183.177,"B,5595,10,78:8c:b5:f5:e7:26,0,0,60,2,0,A,78:8c:b5:f5:e7:26"
1791489183.177,"B,5595,10,46:88:44:6e:4f:e4,1078,4,0,0,-26,S,5c:62:8b:66:67:d2"
1791489183.177,"B,5595,10,5c:62:8b:66:67:d2,0,0,1246,10,-51,A,5c:62:8b:66:67:d2"
1791489183.177,"B,5595,10,72:3b:01:24:b7:c8,112,4,0,0,-21,S,5c:62:8b:66:67:d2"
1791489183.177,"B,5595,10,b2:db:ca:e6:29:a6,56,2,0,0,-29,S,5c:62:8b:66:67:d2"
1791489183.177,"B,5695,10,46:88:44:6e:4f:e4,6193,8,0,0,-28,S,5c:62:8b:66:67:d2"
1791489183.177,"B,5695,10,5c:62:8b:66:67:d2,0,0,6361,14,-48,A,5c:62:8b:66:67:d2"
1791489183.377,"B,5695,10,72:3b:01:24:b7:c8,140,5,0,0,-21,S,5c:62:8b:66:67:d2"
1791489183.377,"B,5695,10,b2:db:ca:e6:29:a6,28,1,0,0,-29,S,5c:62:8b:66:67:d2"
1791489183.377,"B,5795,10,a6:4c:bd:b6:c7:99,30,1,0,0,-80,S,78:8c:b5:f5:e7:26"
1791489183.377,"B,5795,10,78:8c:b5:f5:e7:26,0,0,30,1,-72,A,78:8c:b5:f5:e7:26"
1791489183.377,"B,5795,10,46:88:44:6e:4f:e4,4852,6,0,0,-28,S,5c:62:8b:66:67:d2"
1791489183.377,"B,5795,10,5c:62:8b:66:67:d2,6245,8,5020,12,-48,A,5c:62:8b:66:67:d2"
1791489183.377,"B,5795,10,72:3b:01:24:b7:c8,112,4,6245,8,-21,S,5c:62:8b:66:67:d2"
1791489183.377,"B,5795,10,b2:db:ca:e6:29:a6,56,2,0,0,-27,S,5c:62:8b:66:67:d2"
1791489183.377,"B,5895,10,46:88:44:6e:4f:e4,5871,9,0,0,-28,S,5c:62:8b:66:67:d2"
1791489183.578,"B,5895,10,5c:62:8b:66:67:d2,0,0,5983,13,-47,A,5c:62:8b:66:67:d2"
1791489183.578,"B,5895,10,72:3b:01:24:b7:c8,56,2,0,0,-21,S,5c:62:8b:66:67:d2"
1791489183.578,"B,5895,10,b2:db:ca:e6:29:a6,56,2,0,0,-29,S,5c:62:8b:66:67:d2"
1791489183.578,"B,5995,10,46:88:44:6e:4f:e4,5695,8,0,0,-28,S,5c:62:8b:66:67:d2"
1791489183.578,"B,5995,10,5c:62:8b:66:67:d2,0,0,5863,14,-50,A,5c:62:8b:66:67:d2"
1791489183.578,"B,5995,10,72:3b:01:24:b7:c8,112,4,0,0,-21,S,5c:62:8b:66:67:d2"
1791489183.578,"B,5995,10,b2:db:ca:e6:29:a6,56,2,0,0,-27,S,5c:62:8b:66:67:d2"
1791489183.578,"B,6095,10,a6:4c:bd:b6:c7:99,30,1,0,0,-79,S,78:8c:b5:f5:e7:26"
1791489183.578,"B,6095,10,78:8c:b5:f5:e7:26,0,0,30,1,-71,A,78:8c:b5:f5:e7:26"
1791489183.578,"B,6095,10,46:88:44:6e:4f:e4,5783,8,0,0,-28,S,5c:62:8b:66:67:d2"
1791489183.578,"B,6095,10,5c:62:8b:66:67:d2,0,0,6007,16,-47,A,5c:62:8b:66:67:d2"
1791489183.578,"B,6095,10,72:3b:01:24:b7:c8,112,4,0,0,-21,S,5c:62:8b:66:67:d2"
1791489183.778,"B,6095,10,b2:db:ca:e6:29:a6,112,4,0,0,-27,S,5c:62:8b:66:67:d2"
1791489183.778,"B,6195,10,a6:4c:bd:b6:c7:99,30,1,0,0,-79,S,78:8c:b5:f5:e7:26"
1791489183.778,"B,6195,10,78:8c:b5:f5:e7:26,0,0,30,1,-71,A,78:8c:b5:f5:e7:26"
1791489183.778,"B,6195,10,46:88:44:6e:4f:e4,1050,3,0,0,-28,S,5c:62:8b:66:67:d2"
1791489183.778,"B,6195,10,5c:62:8b:66:67:d2,0,0,1162,7,-45,A,5c:62:8b:66:67:d2"
1791489183.778,"B,6195,10,72:3b:01:24:b7:c8,84,3,0,0,-21,S,5c:62:8b:66:67:d2"
1791489183.778,"B,6195,10,b2:db:ca:e6:29:a6,28,1,0,0,-28,S,5c:62:8b:66:67:d2"
1791489183.778,"B,6295,10,a6:4c:bd:b6:c7:99,60,2,0,0,-79,S,78:8c:b5:f5:e7:26"
1791489183.778,"B,6295,10,78:8c:b5:f5:e7:26,0,0,60,2,-72,A,78:8c:b5:f5:e7:26"
1791489183.778,"B,6295,10,46:88:44:6e:4f:e4,6133,9,0,0,-28,S,5c:62:8b:66:67:d2"
1791489183.778,"B,6295,10,5c:62:8b:66:67:d2,0,0,6463,18,-49,A,5c:62:8b:66:67:d2"
1791489183.778,"B,6295,10,72:3b:01:24:b7:c8,168,6,0,0,-21,S,5c:62:8b:66:67:d2"
1791489183.978,"B,6295,10,b2:db:ca:e6:29:a6,162,3,0,0,-28,S,5c:62:8b:66:67:d2"
1791489183.978,"B,6395,10,a6:4c:bd:b6:c7:99,30,1,0,0,-79,S,78:8c:b5:f5:e7:26"
1791489183.978,"B,6395,10,78:8c:b5:f5:e7:26,0,0,30,1,0,A,78:8c:b5:f5:e7:26"
1791489183.978,"B,6395,10,46:88:44:6e:4f:e4,5421,7,0,0,-28,S,5c:62:8b:66:67:d2"
1791489183.978,"B,6395,10,5c:62:8b:66:67:d2,0,0,5561,12,-49,A,5c:62:8b:66:67:d2"
1791489183.978,"B,6395,10,72:3b:01:24:b7:c8,84,3,0,0,-31,S,5c:62:8b:66:67:d2"
1791489183.978,"B,6395,10,b2:db:ca:e6:29:a6,56,2,0,0,-28,S,5c:62:8b:66:67:d2"
1791489183.978,"B,6495,10,46:88:44:6e:4f:e4,5961,9,0,0,-28,S,5c:62:8b:66:67:d2"
1791489183.978,"B,6495,10,5c:62:8b:66:67:d2,0,0,5989,10,0,A,5c:62:8b:66:67:d2"
1791489183.978,"B,6495,10,b2:db:ca:e6:29:a6,28,1,0,0,-30,S,5c:62:8b:66:67:d2"
1791489184.178,"B,6595,10,a6:4c:bd:b6:c7:99,30,1,0,0,-79,S,78:8c:b5:f5:e7:26"
1791489184.178,"B,6595,10,78:8c:b5:f5:e7:26,0,0,30,1,-72,A,78:8c:b5:f5:e7:26"
1791489184.178,"B,6595,10,46:88:44:6e:4f:e4,5667,8,0,0,-28,S,5c:62:8b:66:67:d2"
1791489184.178,"B,6595,10,5c:62:8b:66:67:d2,0,0,5751,11,-51,A,5c:62:8b:66:67:d2"
1791489184.178,"B,6595,10,72:3b:01:24:b7:c8,28,1,0,0,-21,S,5c:62:8b:66:67:d2"
1791489184.178,"B,6595,10,b2:db:ca:e6:29:a6,56,2,0,0,-27,S,5c:62:8b:66:67:d2"
1791489184.178,"B,6695,10,a6:4c:bd:b6:c7:99,30,1,0,0,-80,S,78:8c:b5:f5:e7:26"
1791489184.379,"B,6695,10,78:8c:b5:f5:e7:26,0,0,30,1,0,A,78:8c:b5:f5:e7:26"
1791489184.379,"B,6695,10,46:88:44:6e:4f:e4,5719,8,0,0,-26,S,5c:62:8b:66:67:d2"
1791489184.379,"B,6695,10,5c:62:8b:66:67:d2,0,0,5887,14,-50,A,5c:62:8b:66:67:d2"
1791489184.379,"B,6695,10,72:3b:01:24:b7:c8,112,4,0,0,-21,S,5c:62:8b:66:67:d2"
1791489184.379,"B,6695,10,b2:db:ca:e6:29:a6,56,2,0,0,-28,S,5c:62:8b:66:67:d2"
1791489184.379,"B,6795,10,a6:4c:bd:b6:c7:99,30,1,0,0,-80,S,78:8c:b5:f5:e7:26"
1791489184.379,"B,6795,10,78:8c:b5:f5:e7:26,0,0,30,1,-72,A,78:8c:b5:f5:e7:26"
1791489184.379,"B,6795,10,46:88:44:6e:4f:e4,1050,3,0,0,-28,S,5c:62:8b:66:67:d2"
1791489184.379,"B,6795,10,5c:62:8b:66:67:d2,6041,8,1218,9,-47,A,5c:62:8b:66:67:d2"
1791489184.379,"B,6795,10,72:3b:01:24:b7:c8,112,4,6041,8,-21,S,5c:62:8b:66:67:d2"
1791489184.379,"B,6795,10,b2:db:ca:e6:29:a6,56,2,0,0,-29,S,5c:62:8b:66:67:d2"
1791489184.379,"B,6895,10,a6:4c:bd:b6:c7:99,30,1,0,0,-80,S,78:8c:b5:f5:e7:26"
1791489184.379,"B,6895,10,78:8c:b5:f5:e7:26,0,0,30,1,-72,A,78:8c:b5:f5:e7:26"
1791489184.379,"B,6895,10,46:88:44:6e:4f:e4,10357,11,0,0,-27,S,5c:62:8b:66:67:d2"
1791489184.379,"B,6895,10,5c:62:8b:66:67:d2,0,0,10413,13,-51,A,5c:62:8b:66:67:d2"
1791489184.379,"B,6895,10,b2:db:ca:e6:29:a6,56,2,0,0,-27,S,5c:62:8b:66:67:d2"
1791489184.579,"B,6995,10,46:88:44:6e:4f:e4,5851,8,0,0,-26,S,5c:62:8b:66:67:d2"
1791489184.579,"B,6995,10,5c:62:8b:66:67:d2,0,0,6047,15,-50,A,5c:62:8b:66:67:d2"
1791489184.579,"B,6995,10,72:3b:01:24:b7:c8,112,4,0,0,-21,S,5c:62:8b:66:67:d2"
1791489184.579,"B,6995,10,b2:db:ca:e6:29:a6,84,3,0,0,-28,S,5c:62:8b:66:67:d2"
1791489184.579,"B,7095,10,46:88:44:6e:4f:e4,5791,8,0,0,-27,S,5c:62:8b:66:67:d2"
1791489184.579,"B,7095,10,5c:62:8b:66:67:d2,0,0,6043,17,-50,A,5c:62:8b:66:67:d2"
1791489184.579,"B,7095,10,72:3b:01:24:b7:c8,168,6,0,0,-21,S,5c:62:8b:66:67:d2"
1791489184.779,"B,7095,10,b2:db:ca:e6:29:a6,84,3,0,0,-28,S,5c:62:8b:66:67:d2"
1791489184.779,"B,7195,10,a6:4c:bd:b6:c7:99,60,2,0,0,-79,S,78:8c:b5:f5:e7:26"
1791489184.779,"B,7195,10,78:8c:b5:f5:e7:26,0,0,60,2,-72,A,78:8c:b5:f5:e7:26"
1791489184.779,"B,7195,10,46:88:44:6e:4f:e4,5133,7,0,0,-27,S,5c:62:8b:66:67:d2"
1791489184.779,"B,7195,10,5c:62:8b:66:67:d2,0,0,5245,11,-52,A,5c:62:8b:66:67:d2"
1791489184.779,"B,7195,10,72:3b:01:24:b7:c8,84,3,0,0,-21,S,5c:62:8b:66:67:d2"
1791489184.779,"B,7195,10,b2:db:ca:e6:29:a6,28,1,0,0,-28,S,5c:62:8b:66:67:d2"
1791489184.779,"B,7295,10,a6:4c:bd:b6:c7:99,30,1,0,0,-79,S,78:8c:b5:f5:e7:26"
1791489184.779,"B,7295,10,78:8c:b5:f5:e7:26,0,0,30,1,-72,A,78:8c:b5:f5:e7:26"
1791489184.980,"B,7295,10,46:88:44:6e:4f:e4,1078,4,0,0,-27,S,5c:62:8b:66:67:d2"
1791489184.980,"B,7295,10,5c:62:8b:66:67:d2,13358,16,1218,9,-47,A,5c:62:8b:66:67:d2"
1791489184.980,"B,7295,10,72:3b:01:24:b7:c8,84,3,13358,16,-21,S,5c:62:8b:66:67:d2"
1791489184.980,"B,7295,10,b2:db:ca:e6:29:a6,56,2,0,0,-28,S,5c:62:8b:66:67:d2"
1791489184.980,"B,7395,10,46:88:44:6e:4f:e4,6217,9,0,0,-27,S,5c:62:8b:66:67:d2"
1791489184.980,"B,7395,10,5c:62:8b:66:67:d2,0,0,6557,14,-51,A,5c:62:8b:66:67:d2"
1791489184.980,"B,7395,10,72:3b:01:24:b7:c8,56,2,0,0,-21,S,5c:62:8b:66:67:d2"
1791489184.980,"B,7395,10,b2:db:ca:e6:29:a6,284,3,0,0,-28,S,5c:62:8b:66:67:d2"
1791489184.980,"B,7495,10,46:88:44:6e:4f:e4,5879,7,0,0,-27,S,5c:62:8b:66:67:d2"
1791489184.980,"B,7495,10,5c:62:8b:66:67:d2,14698,18,6075,14,-47,A,5c:62:8b:66:67:d2"
1791489184.980,"B,7495,10,72:3b:01:24:b7:c8,140,5,14698,18,-20,S,5c:62:8b:66:67:d2"
1791489184.980,"B,7495,10,b2:db:ca:e6:29:a6,56,2,0,0,-28,S,5c:62:8b:66:67:d2"
1791489185.180,"B,7595,10,46:88:44:6e:4f:e4,6750,9,0,0,-27,S,5c:62:8b:66:67:d2"
1791489185.180,"B,7595,10,5c:62:8b:66:67:d2,8115,10,6890,14,-47,A,5c:62:8b:66:67:d2"
1791489185.180,"B,7595,10,72:3b:01:24:b7:c8,56,2,8115,10,-21,S,5c:62:8b:66:67:d2"
1791489185.180,"B,7595,10,b2:db:ca:e6:29:a6,84,3,0,0,-28,S,5c:62:8b:66:67:d2"
1791489185.180,"B,7695,10,a6:4c:bd:b6:c7:99,30,1,0,0,-82,S,78:8c:b5:f5:e7:26"
1791489185.180,"B,7695,10,78:8c:b5:f5:e7:26,0,0,30,1,-73,A,78:8c:b5:f5:e7:26"
1791489185.180,"B,7695,10,46:88:44:6e:4f:e4,5839,8,0,0,-27,S,5c:62:8b:66:67:d2"
1791489185.380,"B,7695,10,5c:62:8b:66:67:d2,5811,7,5979,13,-47,A,5c:62:8b:66:67:d2"
1791489185.380,"B,7695,10,72:3b:01:24:b7:c8,56,2,5811,7,-21,S,5c:62:8b:66:67:d2"
1791489185.380,"B,7695,10,b2:db:ca:e6:29:a6,84,3,0,0,-29,S,5c:62:8b:66:67:d2"
1791489185.380,"B,7795,10,a6:4c:bd:b6:c7:99,30,1,0,0,-79,S,78:8c:b5:f5:e7:26"
1791489185.380,"B,7795,10,78:8c:b5:f5:e7:26,0,0,30,1,-73,A,78:8c:b5:f5:e7:26"
1791489185.380,"B,7795,10,46:88:44:6e:4f:e4,4257,7,0,0,-27,S,5c:62:8b:66:67:d2"
1791489185.380,"B,7795,10,5c:62:8b:66:67:d2,700,2,4369,11,-48,A,5c:62:8b:66:67:d2"
1791489185.380,"B,7795,10,72:3b:01:24:b7:c8,84,3,700,2,-21,S,5c:62:8b:66:67:d2"
1791489185.380,"B,7795,10,b2:db:ca:e6:29:a6,28,1,0,0,-30,S,5c:62:8b:66:67:d2"
1791489185.380,"B,7895,10,a6:4c:bd:b6:c7:99,30,1,0,0,-82,S,78:8c:b5:f5:e7:26"
1791489185.380,"B,7895,10,78:8c:b5:f5:e7:26,0,0,30,1,-73,A,78:8c:b5:f5:e7:26"
1791489185.380,"B,7895,10,46:88:44:6e:4f:e4,5723,7,0,0,-28,S,5c:62:8b:66:67:d2"
1791489185.380,"B,7895,10,5c:62:8b:66:67:d2,7478,10,5947,15,-47,A,5c:62:8b:66:67:d2"
1791489185.380,"B,7895,10,72:3b:01:24:b7:c8,168,6,7478,10,-21,S,5c:62:8b:66:67:d2"
1791489185.380,"B,7895,10,b2:db:ca:e6:29:a6,56,2,0,0,-28,S,5c:62:8b:66:67:d2"
1791489185.581,"B,7995,10,46:88:44:6e:4f:e4,1428,5,0,0,-27,S,5c:62:8b:66:67:d2"
1791489185.581,"B,7995,10,5c:62:8b:66:67:d2,6073,8,1596,11,-47,A,5c:62:8b:66:67:d2"
1791489185.581,"B,7995,10,72:3b:01:24:b7:c8,84,3,6073,8,-21,S,5c:62:8b:66:67:d2"
1791489185.581,"B,7995,10,b2:db:ca:e6:29:a6,84,3,0,0,-28,S,5c:62:8b:66:67:d2"
1791489185.581,"B,8095,10,46:88:44:6e:4f:e4,5771,8,0,0,-27,S,5c:62:8b:66:67:d2"
1791489185.581,"B,8095,10,5c:62:8b:66:67:d2,5043,5,5911,13,-47,A,5c:62:8b:66:67:d2"
1791489185.581,"B,8095,10,72:3b:01:24:b7:c8,84,3,5043,5,-21,S,5c:62:8b:66:67:d2"
1791489185.581,"B,8095,10,b2:db:ca:e6:29:a6,56,2,0,0,-29,S,5c:62:8b:66:67:d2"
1791489185.781,"B,8195,10,46:88:44:6e:4f:e4,5847,8,0,0,-27,S,5c:62:8b:66:67:d2"
1791489185.781,"B,8195,10,5c:62:8b:66:67:d2,6169,8,5959,12,-47,A,5c:62:8b:66:67:d2"
1791489185.781,"B,8195,10,72:3b:01:24:b7:c8,84,3,6169,8,-21,S,5c:62:8b:66:67:d2"
1791489185.781,"B,8195,10,b2:db:ca:e6:29:a6,28,1,0,0,-28,S,5c:62:8b:66:67:d2"
1791489185.781,"B,8295,10,a6:4c:bd:b6:c7:99,30,1,0,0,-80,S,78:8c:b5:f5:e7:26"
1791489185.781,"B,8295,10,78:8c:b5:f5:e7:26,0,0,30,1,-72,A,78:8c:b5:f5:e7:26"
1791489185.781,"B,8295,10,46:88:44:6e:4f:e4,5755,8,0,0,-27,S,5c:62:8b:66:67:d2"
1791489185.781,"B,8295,10,5c:62:8b:66:67:d2,4983,7,5979,16,-47,A,5c:62:8b:66:67:d2"
1791489185.781,"B,8295,10,72:3b:01:24:b7:c8,168,6,4983,7,-21,S,5c:62:8b:66:67:d2"
1791489185.781,"B,8295,10,b2:db:ca:e6:29:a6,56,2,0,0,-29,S,5c:62:8b:66:67:d2"
1791489185.982,"B,8395,10,a6:4c:bd:b6:c7:99,60,2,0,0,-80,S,78:8c:b5:f5:e7:26"
1791489185.982,"B,8395,10,78:8c:b5:f5:e7:26,0,0,60,2,-71,A,78:8c:b5:f5:e7:26"
1791489185.982,"B,8395,10,46:88:44:6e:4f:e4,1078,4,0,0,-28,S,5c:62:8b:66:67:d2"
1791489185.982,"B,8395,10,5c:62:8b:66:67:d2,3344,8,1302,12,-47,A,5c:62:8b:66:67:d2"
1791489185.982,"B,8395,10,72:3b:01:24:b7:c8,168,6,3344,8,-21,S,5c:62:8b:66:67:d2"
1791489185.982,"B,8395,10,b2:db:ca:e6:29:a6,56,2,0,0,-28,S,5c:62:8b:66:67:d2"
1791489185.982,"B,8495,10,a6:4c:bd:b6:c7:99,30,1,0,0,-80,S,78:8c:b5:f5:e7:26"
1791489185.982,"B,8495,10,78:8c:b5:f5:e7:26,0,0,30,1,-72,A,78:8c:b5:f5:e7:26"
1791489185.982,"B,8495,10,46:88:44:6e:4f:e4,11238,13,0,0,-28,S,5c:62:8b:66:67:d2"
1791489185.982,"B,8495,10,5c:62:8b:66:67:d2,5441,6,11546,24,-46,A,5c:62:8b:66:67:d2"
1791489186.183,"B,8495,10,72:3b:01:24:b7:c8,252,9,5441,6,-21,S,5c:62:8b:66:67:d2"
1791489186.183,"B,8495,10,b2:db:ca:e6:29:a6,56,2,0,0,-28,S,5c:62:8b:66:67:d2"
1791489186.183,"B,8595,10,a6:4c:bd:b6:c7:99,30,1,0,0,-79,S,78:8c:b5:f5:e7:26"
1791489186.183,"B,8595,10,78:8c:b5:f5:e7:26,0,0,30,1,0,A,78:8c:b5:f5:e7:26"
1791489186.183,"B,8595,10,46:88:44:6e:4f:e4,1144,4,138,1,-28,S,5c:62:8b:66:67:d2"
1791489186.183,"B,8595,10,5c:62:8b:66:67:d2,4562,10,1228,7,-45,A,5c:62:8b:66:67:d2"
1791489186.183,"B,8595,10,72:3b:01:24:b7:c8,84,3,4424,9,-21,S,5c:62:8b:66:67:d2"
1791489186.183,"B,8695,10,46:88:44:6e:4f:e4,5739,8,0,0,-28,S,5c:62:8b:66:67:d2"
1791489186.183,"B,8695,10,5c:62:8b:66:67:d2,8034,11,6139,17,-45,A,5c:62:8b:66:67:d2"
1791489186.183,"B,8695,10,72:3b:01:24:b7:c8,112,4,8034,11,-21,S,5c:62:8b:66:67:d2"
1791489186.183,"B,8695,10,b2:db:ca:e6:29:a6,288,5,0,0,-27,S,5c:62:8b:66:67:d2"
1791489186.384,"B,8795,10,a6:4c:bd:b6:c7:99,30,1,0,0,-80,S,78:8c:b5:f5:e7:26"
1791489186.384,"B,8795,10,78:8c:b5:f5:e7:26,0,0,30,1,-71,A,78:8c:b5:f5:e7:26"
1791489186.384,"B,8795,10,46:88:44:6e:4f:e4,5763,8,0,0,-28,S,5c:62:8b:66:67:d2"
1791489186.384,"B,8795,10,5c:62:8b:66:67:d2,0,0,5953,12,-47,A,5c:62:8b:66:67:d2"
1791489186.384,"B,8795,10,72:3b:01:24:b7:c8,28,1,0,0,-21,S,5c:62:8b:66:67:d2"
1791489186.384,"B,8795,10,b2:db:ca:e6:29:a6,162,3,0,0,-28,S,5c:62:8b:66:67:d2"
1791489186.384,"B,8895,10,46:88:44:6e:4f:e4,5783,8,0,0,-29,S,5c:62:8b:66:67:d2"
1791489186.384,"B,8895,10,5c:62:8b:66:67:d2,13126,19,5839,10,-45,A,5c:62:8b:66:67:d2"
1791489186.384,"B,8895,10,72:3b:01:24:b7:c8,28,1,13126,19,-21,S,5c:62:8b:66:67:d2"
1791489186.384,"B,8895,10,b2:db:ca:e6:29:a6,28,1,0,0,-30,S,5c:62:8b:66:67:d2"
1791489186.584,"B,8995,10,46:88:44:6e:4f:e4,5767,8,0,0,-29,S,5c:62:8b:66:67:d2"
1791489186.584,"B,8995,10,5c:62:8b:66:67:d2,10778,12,5991,16,-45,A,5c:62:8b:66:67:d2"
1791489186.584,"B,8995,10,72:3b:01:24:b7:c8,168,6,10778,12,-21,S,5c:62:8b:66:67:d2"
1791489186.584,"B,8995,10,b2:db:ca:e6:29:a6,56,2,0,0,-28,S,5c:62:8b:66:67:d2"
1791489186.584,"B,9095,10,a6:4c:bd:b6:c7:99,30,1,0,0,-80,S,78:8c:b5:f5:e7:26"
1791489186.584,"B,9095,10,78:8c:b5:f5:e7:26,0,0,30,1,-71,A,78:8c:b5:f5:e7:26"
1791489186.584,"B,9095,10,46:88:44:6e:4f:e4,5683,8,0,0,-29,S,5c:62:8b:66:67:d2"
1791489186.584,"B,9095,10,5c:62:8b:66:67:d2,1400,4,5795,12,-44,A,5c:62:8b:66:67:d2"
1791489186.584,"B,9095,10,72:3b:01:24:b7:c8,84,3,1400,4,-21,S,5c:62:8b:66:67:d2"
1791489186.584,"B,9095,10,b2:db:ca:e6:29:a6,28,1,0,0,-27,S,5c:62:8b:66:67:d2"
1791489186.784,"B,9195,10,46:88:44:6e:4f:e4,728,3,0,0,-29,S,5c:62:8b:66:67:d2"
1791489186.784,"B,9195,10,5c:62:8b:66:67:d2,5655,7,868,8,-45,A,5c:62:8b:66:67:d2"
1791489186.784,"B,9195,10,72:3b:01:24:b7:c8,112,4,5655,7,-23,S,5c:62:8b:66:67:d2"
1791489186.784,"B,9195,10,b2:db:ca:e6:29:a6,28,1,0,0,-29,S,5c:62:8b:66:67:d2"
1791489186.784,"B,9295,10,a6:4c:bd:b6:c7:99,30,1,0,0,-80,S,78:8c:b5:f5:e7:26"
1791489186.784,"B,9295,10,78:8c:b5:f5:e7:26,0,0,30,1,-71,A,78:8c:b5:f5:e7:26"
1791489186.784,"B,9295,10,46:88:44:6e:4f:e4,6237,8,0,0,-29,S,5c:62:8b:66:67:d2"
1791489186.784,"B,9295,10,5c:62:8b:66:67:d2,5907,9,6545,19,-46,A,5c:62:8b:66:67:d2"
1791489186.784,"B,9295,10,72:3b:01:24:b7:c8,252,9,5907,9,-21,S,5c:62:8b:66:67:d2"
1791489186.784,"B,9295,10,b2:db:ca:e6:29:a6,56,2,0,0,-28,S,5c:62:8b:66:67:d2"
1791489186.986,"B,9395,10,46:88:44:6e:4f:e4,5767,8,0,0,-28,S,5c:62:8b:66:67:d2"
1791489186.986,"B,9395,10,5c:62:8b:66:67:d2,5739,7,6019,17,-46,A,5c:62:8b:66:67:d2"
1791489186.986,"B,9395,10,72:3b:01:24:b7:c8,196,7,5739,7,-25,S,5c:62:8b:66:67:d2"
1791489186.986,"B,9395,10,b2:db:ca:e6:29:a6,56,2,0,0,-28,S,5c:62:8b:66:67:d2"
1791489186.986,"B,9495,10,a6:4c:bd:b6:c7:99,60,2,0,0,-81,S,78:8c:b5:f5:e7:26"
1791489186.986,"B,9495,10,78:8c:b5:f5:e7:26,0,0,60,2,0,A,78:8c:b5:f5:e7:26"
1791489186.986,"B,9495,10,46:88:44:6e:4f:e4,2121,5,0,0,-27,S,5c:62:8b:66:67:d2"
1791489186.986,"B,9495,10,5c:62:8b:66:67:d2,1050,3,2261,10,-46,A,5c:62:8b:66:67:d2"
1791489186.986,"B,9495,10,72:3b:01:24:b7:c8,84,3,1050,3,-21,S,5c:62:8b:66:67:d2"
1791489186.986,"B,9495,10,b2:db:ca:e6:29:a6,56,2,0,0,-28,S,5c:62:8b:66:67:d2"
1791489187.188,"B,9595,10,78:8c:b5:f5:e7:26,161,1,0,0,-75,A,78:8c:b5:f5:e7:26"
1791489187.188,"B,9595,10,46:88:44:6e:4f:e4,8791,10,0,0,-27,S,5c:62:8b:66:67:d2"
1791489187.188,"B,9595,10,5c:62:8b:66:67:d2,8063,7,8931,15,-45,A,5c:62:8b:66:67:d2"
1791489187.188,"B,9595,10,72:3b:01:24:b7:c8,84,3,8063,7,-21,S,5c:62:8b:66:67:d2"
1791489187.188,"B,9595,10,b2:db:ca:e6:29:a6,56,2,0,0,-28,S,5c:62:8b:66:67:d2"
1791489187.188,"B,9695,10,a6:4c:bd:b6:c7:99,60,2,0,0,-81,S,78:8c:b5:f5:e7:26"
1791489187.188,"B,9695,10,78:8c:b5:f5:e7:26,0,0,60,2,0,A,78:8c:b5:f5:e7:26"
1791489187.188,"B,9695,10,46:88:44:6e:4f:e4,3977,7,0,0,-27,S,5c:62:8b:66:67:d2"
1791489187.188,"B,9695,10,5c:62:8b:66:67:d2,0,0,4033,9,-48,A,5c:62:8b:66:67:d2"
1791489187.188,"B,9695,10,b2:db:ca:e6:29:a6,56,2,0,0,-27,S,5c:62:8b:66:67:d2"
1791489187.390,"B,9795,10,a6:4c:bd:b6:c7:99,30,1,0,0,-80,S,78:8c:b5:f5:e7:26"
1791489187.390,"B,9795,10,78:8c:b5:f5:e7:26,0,0,30,1,0,A,78:8c:b5:f5:e7:26"
1791489187.390,"B,9795,10,46:88:44:6e:4f:e4,3142,5,0,0,-28,S,5c:62:8b:66:67:d2"
1791489187.390,"B,9795,10,5c:62:8b:66:67:d2,12448,17,3198,7,-46,A,5c:62:8b:66:67:d2"
1791489187.390,"B,9795,10,72:3b:01:24:b7:c8,28,1,12448,17,-21,S,5c:62:8b:66:67:d2"
1791489187.390,"B,9795,10,b2:db:ca:e6:29:a6,28,1,0,0,-28,S,5c:62:8b:66:67:d2"
1791489187.390,"B,9895,10,a6:4c:bd:b6:c7:99,30,1,0,0,-79,S,78:8c:b5:f5:e7:26"
1791489187.390,"B,9895,10,78:8c:b5:f5:e7:26,0,0,30,1,0,A,78:8c:b5:f5:e7:26"
1791489187.390,"B,9895,10,46:88:44:6e:4f:e4,5751,8,0,0,-27,S,5c:62:8b:66:67:d2"
1791489187.390,"B,9895,10,5c:62:8b:66:67:d2,6691,9,5863,12,-46,A,5c:62:8b:66:67:d2"
1791489187.390,"B,9895,10,72:3b:01:24:b7:c8,56,2,6691,9,-21,S,5c:62:8b:66:67:d2"
1791489187.390,"B,9895,10,b2:db:ca:e6:29:a6,56,2,0,0,-28,S,5c:62:8b:66:67:d2"
1791489187.592,"B,9995,10,a6:4c:bd:b6:c7:99,60,2,0,0,-79,S,78:8c:b5:f5:e7:26"
1791489187.592,"B,9995,10,78:8c:b5:f5:e7:26,0,0,60,2,0,A,78:8c:b5:f5:e7:26"
1791489187.592,"B,9995,10,46:88:44:6e:4f:e4,5795,8,0,0,-27,S,5c:62:8b:66:67:d2"
1791489187.592,"B,9995,10,5c:62:8b:66:67:d2,3911,5,5907,12,-47,A,5c:62:8b:66:67:d2"
1791489187.592,"B,9995,10,72:3b:01:24:b7:c8,84,3,3911,5,-21,S,5c:62:8b:66:67:d2"
1791489187.592,"B,9995,10,b2:db:ca:e6:29:a6,28,1,0,0,-28,S,5c:62:8b:66:67:d2"
1791489187.592,"B,10095,10,46:88:44:6e:4f:e4,5855,8,0,0,-27,S,5c:62:8b:66:67:d2"
1791489187.592,"B,10095,10,5c:62:8b:66:67:d2,0,0,6051,15,-51,A,5c:62:8b:66:67:d2"
1791489187.592,"B,10095,10,72:3b:01:24:b7:c8,168,6,0,0,-21,S,5c:62:8b:66:67:d2"
1791489187.592,"B,10095,10,b2:db:ca:e6:29:a6,28,1,0,0,-27,S,5c:62:8b:66:67:d2"
1791489187.592,"I,10097,stat,rx=2016,drops=0,ch=10,bin=100,hop=0,heap=203056"
1791489187.792,"B,10195,10,46:88:44:6e:4f:e4,5827,8,0,0,-28,S,5c:62:8b:66:67:d2"
1791489187.792,"B,10195,10,5c:62:8b:66:67:d2,11626,14,5911,11,-48,A,5c:62:8b:66:67:d2"
1791489187.792,"B,10195,10,72:3b:01:24:b7:c8,28,1,11626,14,-21,S,5c:62:8b:66:67:d2"
1791489187.792,"B,10195,10,b2:db:ca:e6:29:a6,56,2,0,0,-27,S,5c:62:8b:66:67:d2"
1791489187.792,"B,10295,10,46:88:44:6e:4f:e4,6639,8,0,0,-28,S,5c:62:8b:66:67:d2"
1791489187.792,"B,10295,10,5c:62:8b:66:67:d2,0,0,6975,20,-49,A,5c:62:8b:66:67:d2"
1791489187.792,"B,10295,10,72:3b:01:24:b7:c8,252,9,0,0,-21,S,5c:62:8b:66:67:d2"
1791489187.792,"B,10295,10,b2:db:ca:e6:29:a6,84,3,0,0,-28,S,5c:62:8b:66:67:d2"
1791489187.995,"B,10395,10,46:88:44:6e:4f:e4,5476,8,0,0,-28,S,5c:62:8b:66:67:d2"
1791489187.995,"B,10395,10,5c:62:8b:66:67:d2,0,0,5672,15,-48,A,5c:62:8b:66:67:d2"
1791489187.995,"B,10395,10,72:3b:01:24:b7:c8,168,6,0,0,-32,S,5c:62:8b:66:67:d2"
1791489187.995,"B,10395,10,b2:db:ca:e6:29:a6,28,1,0,0,-28,S,5c:62:8b:66:67:d2"
1791489187.995,"B,10495,10,a6:4c:bd:b6:c7:99,60,2,0,0,-80,S,78:8c:b5:f5:e7:26"
1791489187.995,"B,10495,10,78:8c:b5:f5:e7:26,0,0,60,2,-71,A,78:8c:b5:f5:e7:26"
1791489187.995,"B,10495,10,46:88:44:6e:4f:e4,6205,9,0,0,-28,S,5c:62:8b:66:67:d2"
1791489187.995,"B,10495,10,5c:62:8b:66:67:d2,10854,14,6261,11,-47,A,5c:62:8b:66:67:d2"
1791489187.995,"B,10495,10,72:3b:01:24:b7:c8,56,2,10854,14,-21,S,5c:62:8b:66:67:d2"
1791489188.198,"B,10595,10,a6:4c:bd:b6:c7:99,60,2,0,0,-80,S,78:8c:b5:f5:e7:26"
1791489188.198,"B,10595,10,78:8c:b5:f5:e7:26,0,0,60,2,-72,A,78:8c:b5:f5:e7:26"
1791489188.198,"B,10595,10,46:88:44:6e:4f:e4,5501,7,0,0,-28,S,5c:62:8b:66:67:d2"
1791489188.198,"B,10595,10,5c:62:8b:66:67:d2,0,0,5501,7,-48,A,5c:62:8b:66:67:d2"
1791489188.198,"B,10695,10,46:88:44:6e:4f:e4,10595,12,0,0,-27,S,5c:62:8b:66:67:d2"
1791489188.198,"B,10695,10,5c:62:8b:66:67:d2,11522,14,10735,17,-47,A,5c:62:8b:66:67:d2"
1791489188.198,"B,10695,10,72:3b:01:24:b7:c8,112,4,11522,14,-25,S,5c:62:8b:66:67:d2"
1791489188.198,"B,10695,10,b2:db:ca:e6:29:a6,28,1,0,0,-30,S,5c:62:8b:66:67:d2"
1791489188.402,"B,10795,10,46:88:44:6e:4f:e4,5859,8,0,0,-27,S,5c:62:8b:66:67:d2"
1791489188.402,"B,10795,10,5c:62:8b:66:67:d2,6181,8,6055,15,-47,A,5c:62:8b:66:67:d2"
1791489188.402,"B,10795,10,72:3b:01:24:b7:c8,140,5,6181,8,-21,S,5c:62:8b:66:67:d2"
1791489188.402,"B,10795,10,b2:db:ca:e6:29:a6,56,2,0,0,-27,S,5c:62:8b:66:67:d2"
1791489188.402,"B,10895,10,46:88:44:6e:4f:e4,6905,10,0,0,-28,S,5c:62:8b:66:67:d2"
1791489188.402,"B,10895,10,5c:62:8b:66:67:d2,0,0,6961,12,-48,A,5c:62:8b:66:67:d2"
1791489188.402,"B,10895,10,72:3b:01:24:b7:c8,28,1,0,0,-21,S,5c:62:8b:66:67:d2"
1791489188.402,"B,10895,10,b2:db:ca:e6:29:a6,28,1,0,0,-28,S,5c:62:8b:66:67:d2"
1791489188.605,"B,10995,10,a6:4c:bd:b6:c7:99,60,2,0,0,-80,S,78:8c:b5:f5:e7:26"
1791489188.605,"B,10995,10,78:8c:b5:f5:e7:26,0,0,60,2,-71,A,78:8c:b5:f5:e7:26"
1791489188.605,"B,10995,10,46:88:44:6e:4f:e4,4425,7,0,0,-28,S,5c:62:8b:66:67:d2"
1791489188.605,"B,10995,10,5c:62:8b:66:67:d2,6905,10,4537,11,-46,A,5c:62:8b:66:67:d2"
1791489188.605,"B,10995,10,72:3b:01:24:b7:c8,56,2,6905,10,-21,S,5c:62:8b:66:67:d2"
1791489188.605,"B,10995,10,b2:db:ca:e6:29:a6,56,2,0,0,-28,S,5c:62:8b:66:67:d2"
1791489188.605,"A,11081,10,00:eb:d8:11:99:9d,-58,"
1791489188.605,"B,11095,10,a6:4c:bd:b6:c7:99,30,1,0,0,-80,S,78:8c:b5:f5:e7:26"
1791489188.605,"B,11095,10,78:8c:b5:f5:e7:26,0,0,30,1,-71,A,78:8c:b5:f5:e7:26"
1791489188.605,"B,11095,10,46:88:44:6e:4f:e4,5907,8,0,0,-29,S,5c:62:8b:66:67:d2"
1791489188.605,"B,11095,10,5c:62:8b:66:67:d2,5903,7,6047,13,-47,A,5c:62:8b:66:67:d2"
1791489188.605,"B,11095,10,72:3b:01:24:b7:c8,112,4,5903,7,-21,S,5c:62:8b:66:67:d2"
1791489188.605,"B,11095,10,b2:db:ca:e6:29:a6,28,1,0,0,-28,S,5c:62:8b:66:67:d2"
1791489188.807,"B,11195,10,46:88:44:6e:4f:e4,5895,8,0,0,-29,S,5c:62:8b:66:67:d2"
1791489188.807,"B,11195,10,5c:62:8b:66:67:d2,0,0,5923,9,-49,A,5c:62:8b:66:67:d2"
1791489188.807,"B,11195,10,72:3b:01:24:b7:c8,28,1,0,0,-21,S,5c:62:8b:66:67:d2"
1791489188.807,"B,11295,10,46:88:44:6e:4f:e4,1428,5,0,0,-29,S,5c:62:8b:66:67:d2"
1791489188.807,"B,11295,10,5c:62:8b:66:67:d2,0,0,1428,5,-48,A,5c:62:8b:66:67:d2"
1791489189.012,"B,11395,10,a6:4c:bd:b6:c7:99,30,1,0,0,-84,S,78:8c:b5:f5:e7:26"
1791489189.012,"B,11395,10,78:8c:b5:f5:e7:26,0,0,30,1,-72,A,78:8c:b5:f5:e7:26"
1791489189.012,"B,11395,10,46:88:44:6e:4f:e4,5739,7,0,0,-29,S,5c:62:8b:66:67:d2"
1791489189.012,"B,11395,10,5c:62:8b:66:67:d2,31309,38,5935,14,-46,A,5c:62:8b:66:67:d2"
1791489189.012,"B,11395,10,72:3b:01:24:b7:c8,196,7,31309,38,-23,S,5c:62:8b:66:67:d2"
1791489189.012,"B,11495,10,46:88:44:6e:4f:e4,5763,8,0,0,-29,S,5c:62:8b:66:67:d2"
1791489189.012,"B,11495,10,5c:62:8b:66:67:d2,5385,6,5959,15,-47,A,5c:62:8b:66:67:d2"
1791489189.012,"B,11495,10,72:3b:01:24:b7:c8,196,7,5385,6,-21,S,5c:62:8b:66:67:d2"
1791489189.217,"B,11595,10,46:88:44:6e:4f:e4,5771,8,0,0,-28,S,5c:62:8b:66:67:d2"
1791489189.217,"B,11595,10,5c:62:8b:66:67:d2,1050,3,5883,12,-47,A,5c:62:8b:66:67:d2"
1791489189.217,"B,11595,10,72:3b:01:24:b7:c8,84,3,1050,3,-21,S,5c:62:8b:66:67:d2"
1791489189.217,"B,11595,10,b2:db:ca:e6:29:a6,28,1,0,0,-30,S,5c:62:8b:66:67:d2"
1791489189.217,"B,11695,10,46:88:44:6e:4f:e4,5727,8,0,0,-28,S,5c:62:8b:66:67:d2"
1791489189.217,"B,11695,10,5c:62:8b:66:67:d2,0,0,5867,13,-49,A,5c:62:8b:66:67:d2"
1791489189.217,"B,11695,10,72:3b:01:24:b7:c8,84,3,0,0,-21,S,5c:62:8b:66:67:d2"
1791489189.217,"B,11695,10,b2:db:ca:e6:29:a6,56,2,0,0,-27,S,5c:62:8b:66:67:d2"
1791489189.421,"B,11795,10,a6:4c:bd:b6:c7:99,60,2,0,0,-80,S,78:8c:b5:f5:e7:26"
1791489189.421,"B,11795,10,78:8c:b5:f5:e7:26,0,0,60,2,-72,A,78:8c:b5:f5:e7:26"
1791489189.421,"B,11795,10,46:88:44:6e:4f:e4,4229,7,0,0,-28,S,5c:62:8b:66:67:d2"
1791489189.421,"B,11795,10,5c:62:8b:66:67:d2,11792,15,4341,11,-46,A,5c:62:8b:66:67:d2"
1791489189.421,"B,11795,10,72:3b:01:24:b7:c8,84,3,11792,15,-21,S,5c:62:8b:66:67:d2"
1791489189.421,"B,11795,10,b2:db:ca:e6:29:a6,28,1,0,0,-27,S,5c:62:8b:66:67:d2"
1791489189.421,"B,11895,10,a6:4c:bd:b6:c7:99,30,1,0,0,-82,S,78:8c:b5:f5:e7:26"
1791489189.421,"B,11895,10,78:8c:b5:f5:e7:26,0,0,30,1,-71,A,78:8c:b5:f5:e7:26"
1791489189.421,"B,11895,10,46:88:44:6e:4f:e4,1050,3,0,0,-28,S,5c:62:8b:66:67:d2"
1791489189.421,"B,11895,10,5c:62:8b:66:67:d2,0,0,1134,6,-49,A,5c:62:8b:66:67:d2"
1791489189.421,"B,11895,10,72:3b:01:24:b7:c8,84,3,0,0,-21,S,5c:62:8b:66:67:d2"
1791489189.625,"B,11995,10,a6:4c:bd:b6:c7:99,30,1,0,0,-81,S,78:8c:b5:f5:e7:26"
1791489189.625,"B,11995,10,78:8c:b5:f5:e7:26,0,0,30,1,-69,A,78:8c:b5:f5:e7:26"
1791489189.625,"B,11995,10,46:88:44:6e:4f:e4,5337,7,0,0,-28,S,5c:62:8b:66:67:d2"
1791489189.625,"B,11995,10,5c:62:8b:66:67:d2,11822,16,5477,12,-46,A,5c:62:8b:66:67:d2"
1791489189.625,"B,11995,10,72:3b:01:24:b7:c8,140,5,11822,16,-21,S,5c:62:8b:66:67:d2"
1791489189.625,"B,12095,10,a6:4c:bd:b6:c7:99,60,2,0,0,-81,S,78:8c:b5:f5:e7:26"
1791489189.625,"B,12095,10,78:8c:b5:f5:e7:26,0,0,60,2,0,A,78:8c:b5:f5:e7:26"
1791489189.625,"B,12095,10,46:88:44:6e:4f:e4,6077,9,0,0,-27,S,5c:62:8b:66:67:d2"
1791489189.625,"B,12095,10,5c:62:8b:66:67:d2,0,0,6217,14,-49,A,5c:62:8b:66:67:d2"
1791489189.625,"B,12095,10,72:3b:01:24:b7:c8,140,5,0,0,-21,S,5c:62:8b:66:67:d2"
1791489189.827,"B,12195,10,46:88:44:6e:4f:e4,5731,8,0,0,-27,S,5c:62:8b:66:67:d2"
1791489189.827,"B,12195,10,5c:62:8b:66:67:d2,0,0,5731,8,-47,A,5c:62:8b:66:67:d2"
1791489189.827,"B,12295,10,46:88:44:6e:4f:e4,5711,8,0,0,-26,S,5c:62:8b:66:67:d2"
1791489189.827,"B,12295,10,5c:62:8b:66:67:d2,0,0,5879,14,-49,A,5c:62:8b:66:67:d2"
1791489189.827,"B,12295,10,72:3b:01:24:b7:c8,168,6,0,0,-21,S,5c:62:8b:66:67:d2"
1791489190.032,"B,12395,10,46:88:44:6e:4f:e4,2121,5,0,0,-28,S,5c:62:8b:66:67:d2"
1791489190.032,"B,12395,10,5c:62:8b:66:67:d2,0,0,2233,9,-49,A,5c:62:8b:66:67:d2"
1791489190.032,"B,12395,10,72:3b:01:24:b7:c8,84,3,0,0,-22,S,5c:62:8b:66:67:d2"
1791489190.032,"B,12395,10,b2:db:ca:e6:29:a6,28,1,0,0,-28,S,5c:62:8b:66:67:d2"
1791489190.032,"B,12495,10,a6:4c:bd:b6:c7:99,30,1,0,0,-80,S,78:8c:b5:f5:e7:26"
1791489190.032,"B,12495,10,78:8c:b5:f5:e7:26,0,0,30,1,-71,A,78:8c:b5:f5:e7:26"
1791489190.032,"B,12495,10,46:88:44:6e:4f:e4,2906,5,0,0,-27,S,5c:62:8b:66:67:d2"
1791489190.032,"B,12495,10,5c:62:8b:66:67:d2,0,0,3102,12,-48,A,5c:62:8b:66:67:d2"
1791489190.032,"B,12495,10,72:3b:01:24:b7:c8,140,5,0,0,-21,S,5c:62:8b:66:67:d2"
1791489190.032,"B,12495,10,b2:db:ca:e6:29:a6,56,2,0,0,-28,S,5c:62:8b:66:67:d2"
1791489190.237,"B,12595,10,46:88:44:6e:4f:e4,7729,9,0,0,-27,S,5c:62:8b:66:67:d2"
1791489190.237,"B,12595,10,5c:62:8b:66:67:d2,0,0,7897,15,-48,A,5c:62:8b:66:67:d2"
1791489190.237,"B,12595,10,72:3b:01:24:b7:c8,112,4,0,0,-21,S,5c:62:8b:66:67:d2"
1791489190.237,"B,12595,10,b2:db:ca:e6:29:a6,56,2,0,0,-27,S,5c:62:8b:66:67:d2"
1791489190.237,"B,12695,10,46:88:44:6e:4f:e4,5683,8,0,0,-27,S,5c:62:8b:66:67:d2"
1791489190.237,"B,12695,10,5c:62:8b:66:67:d2,229,1,5795,12,-52,A,5c:62:8b:66:67:d2"
1791489190.237,"B,12695,10,72:3b:01:24:b7:c8,56,2,0,0,-21,S,5c:62:8b:66:67:d2"
1791489190.237,"B,12695,10,b2:db:ca:e6:29:a6,56,2,0,0,-28,S,5c:62:8b:66:67:d2"
1791489190.442,"B,12795,10,46:88:44:6e:4f:e4,2121,5,0,0,-28,S,5c:62:8b:66:67:d2"
1791489190.442,"B,12795,10,5c:62:8b:66:67:d2,0,0,2317,12,-48,A,5c:62:8b:66:67:d2"
1791489190.442,"B,12795,10,72:3b:01:24:b7:c8,140,5,0,0,-21,S,5c:62:8b:66:67:d2"
1791489190.442,"B,12795,10,b2:db:ca:e6:29:a6,56,2,0,0,-27,S,5c:62:8b:66:67:d2"
1791489190.442,"B,12895,10,a6:4c:bd:b6:c7:99,30,1,0,0,-80,S,78:8c:b5:f5:e7:26"
1791489190.442,"B,12895,10,78:8c:b5:f5:e7:26,0,0,30,1,-70,A,78:8c:b5:f5:e7:26"
1791489190.442,"B,12895,10,46:88:44:6e:4f:e4,9237,12,0,0,-28,S,5c:62:8b:66:67:d2"
1791489190.442,"B,12895,10,5c:62:8b:66:67:d2,0,0,9601,25,-48,A,5c:62:8b:66:67:d2"
1791489190.442,"B,12895,10,72:3b:01:24:b7:c8,252,9,0,0,-21,S,5c:62:8b:66:67:d2"
1791489190.442,"B,12895,10,b2:db:ca:e6:29:a6,112,4,0,0,-28,S,5c:62:8b:66:67:d2"
1791489190.642,"B,12995,10,46:88:44:6e:4f:e4,728,3,0,0,-28,S,5c:62:8b:66:67:d2"
1791489190.642,"B,12995,10,5c:62:8b:66:67:d2,0,0,840,7,-48,A,5c:62:8b:66:67:d2"
1791489190.642,"B,12995,10,72:3b:01:24:b7:c8,56,2,0,0,-23,S,5c:62:8b:66:67:d2"
1791489190.642,"B,12995,10,b2:db:ca:e6:29:a6,56,2,0,0,-28,S,5c:62:8b:66:67:d2"
1791489190.642,"B,13095,10,46:88:44:6e:4f:e4,5647,7,0,0,-27,S,5c:62:8b:66:67:d2"
1791489190.642,"B,13095,10,5c:62:8b:66:67:d2,0,0,5871,15,-48,A,5c:62:8b:66:67:d2"
1791489190.642,"B,13095,10,72:3b:01:24:b7:c8,140,5,0,0,-21,S,5c:62:8b:66:67:d2"
1791489190.642,"B,13095,10,b2:db:ca:e6:29:a6,84,3,0,0,-28,S,5c:62:8b:66:67:d2"
1791489190.845,"B,13195,10,a6:4c:bd:b6:c7:99,60,2,0,0,-80,S,78:8c:b5:f5:e7:26"
1791489190.845,"B,13195,10,78:8c:b5:f5:e7:26,0,0,60,2,-71,A,78:8c:b5:f5:e7:26"
1791489190.845,"B,13195,10,46:88:44:6e:4f:e4,7829,10,0,0,-27,S,5c:62:8b:66:67:d2"
1791489190.845,"B,13195,10,5c:62:8b:66:67:d2,0,0,8137,21,-51,A,5c:62:8b:66:67:d2"
1791489190.845,"B,13195,10,72:3b:01:24:b7:c8,252,9,0,0,-21,S,5c:62:8b:66:67:d2"
1791489190.845,"B,13195,10,b2:db:ca:e6:29:a6,56,2,0,0,-29,S,5c:62:8b:66:67:d2"
1791489190.845,"A,13233,10,02:eb:d8:11:99:9d,-60,"
1791489190.845,"B,13295,10,46:88:44:6e:4f:e4,5867,8,0,0,-27,S,5c:62:8b:66:67:d2"
1791489190.845,"B,13295,10,5c:62:8b:66:67:d2,0,0,5979,12,-50,A,5c:62:8b:66:67:d2"
1791489190.845,"B,13295,10,72:3b:01:24:b7:c8,84,3,0,0,-21,S,5c:62:8b:66:67:d2"
1791489190.845,"B,13295,10,b2:db:ca:e6:29:a6,28,1,0,0,-28,S,5c:62:8b:66:67:d2"
1791489191.050,"B,13395,10,46:88:44:6e:4f:e4,7401,9,0,0,-27,S,5c:62:8b:66:67:d2"
1791489191.050,"B,13395,10,5c:62:8b:66:67:d2,0,0,7429,10,-49,A,5c:62:8b:66:67:d2"
1791489191.050,"B,13395,10,b2:db:ca:e6:29:a6,28,1,0,0,-28,S,5c:62:8b:66:67:d2"
1791489191.050,"B,13495,10,46:88:44:6e:4f:e4,5991,8,0,0,-27,S,5c:62:8b:66:67:d2"
1791489191.050,"B,13495,10,5c:62:8b:66:67:d2,0,0,6187,15,-48,A,5c:62:8b:66:67:d2"
1791489191.050,"B,13495,10,72:3b:01:24:b7:c8,140,5,0,0,-21,S,5c:62:8b:66:67:d2"
1791489191.050,"B,13495,10,b2:db:ca:e6:29:a6,56,2,0,0,-29,S,5c:62:8b:66:67:d2"
1791489191.254,"B,13595,10,46:88:44:6e:4f:e4,1865,5,138,1,-26,S,5c:62:8b:66:67:d2"
1791489191.254,"B,13595,10,5c:62:8b:66:67:d2,138,1,2005,10,-47,A,5c:62:8b:66:67:d2"
1791489191.254,"B,13595,10,72:3b:01:24:b7:c8,84,3,0,0,-21,S,5c:62:8b:66:67:d2"
1791489191.254,"B,13595,10,b2:db:ca:e6:29:a6,56,2,0,0,-27,S,5c:62:8b:66:67:d2"
1791489191.254,"B,13695,10,46:88:44:6e:4f:e4,4864,6,0,0,-28,S,5c:62:8b:66:67:d2"
1791489191.254,"B,13695,10,5c:62:8b:66:67:d2,0,0,5032,12,-51,A,5c:62:8b:66:67:d2"
1791489191.254,"B,13695,10,72:3b:01:24:b7:c8,112,4,0,0,-21,S,5c:62:8b:66:67:d2"
1791489191.254,"B,13695,10,b2:db:ca:e6:29:a6,56,2,0,0,-27,S,5c:62:8b:66:67:d2"
1791489191.460,"B,13795,10,46:88:44:6e:4f:e4,6367,10,0,0,-28,S,5c:62:8b:66:67:d2"
1791489191.460,"B,13795,10,5c:62:8b:66:67:d2,0,0,6479,14,-48,A,5c:62:8b:66:67:d2"
1791489191.460,"B,13795,10,72:3b:01:24:b7:c8,84,3,0,0,-21,S,5c:62:8b:66:67:d2"
1791489191.460,"B,13795,10,b2:db:ca:e6:29:a6,28,1,0,0,-28,S,5c:62:8b:66:67:d2"
1791489191.460,"B,13895,10,46:88:44:6e:4f:e4,5895,8,0,0,-28,S,5c:62:8b:66:67:d2"
1791489191.460,"B,13895,10,5c:62:8b:66:67:d2,0,0,6063,14,-48,A,5c:62:8b:66:67:d2"
1791489191.460,"B,13895,10,72:3b:01:24:b7:c8,84,3,0,0,-21,S,5c:62:8b:66:67:d2"
1791489191.460,"B,13895,10,b2:db:ca:e6:29:a6,84,3,0,0,-29,S,5c:62:8b:66:67:d2"
1791489191.664,"B,13995,10,46:88:44:6e:4f:e4,5971,8,123,1,-28,S,5c:62:8b:66:67:d2"
1791489191.664,"B,13995,10,5c:62:8b:66:67:d2,123,1,6139,14,-49,A,5c:62:8b:66:67:d2"
1791489191.664,"B,13995,10,72:3b:01:24:b7:c8,112,4,0,0,-21,S,5c:62:8b:66:67:d2"
1791489191.664,"B,13995,10,b2:db:ca:e6:29:a6,56,2,0,0,-29,S,5c:62:8b:66:67:d2"
1791489191.664,"B,14095,10,46:88:44:6e:4f:e4,7100,10,0,0,-27,S,5c:62:8b:66:67:d2"
1791489191.664,"B,14095,10,5c:62:8b:66:67:d2,0,0,7184,13,-49,A,5c:62:8b:66:67:d2"
1791489191.664,"B,14095,10,72:3b:01:24:b7:c8,28,1,0,0,-21,S,5c:62:8b:66:67:d2"
1791489191.664,"B,14095,10,b2:db:ca:e6:29:a6,56,2,0,0,-28,S,5c:62:8b:66:67:d2"
1791489191.866,"B,14195,10,a6:4c:bd:b6:c7:99,60,2,0,0,-79,S,78:8c:b5:f5:e7:26"
1791489191.866,"B,14195,10,78:8c:b5:f5:e7:26,0,0,60,2,-71,A,78:8c:b5:f5:e7:26"
1791489191.866,"B,14195,10,46:88:44:6e:4f:e4,1050,3,0,0,-27,S,5c:62:8b:66:67:d2"
1791489191.866,"B,14195,10,5c:62:8b:66:67:d2,0,0,1134,6,-48,A,5c:62:8b:66:67:d2"
1791489191.866,"B,14195,10,72:3b:01:24:b7:c8,56,2,0,0,-21,S,5c:62:8b:66:67:d2"
1791489191.866,"B,14195,10,b2:db:ca:e6:29:a6,28,1,0,0,-28,S,5c:62:8b:66:67:d2"
1791489191.866,"B,14295,10,a6:4c:bd:b6:c7:99,30,1,0,0,-81,S,78:8c:b5:f5:e7:26"
1791489191.866,"B,14295,10,78:8c:b5:f5:e7:26,0,0,30,1,-71,A,78:8c:b5:f5:e7:26"
1791489191.866,"B,14295,10,46:88:44:6e:4f:e4,5839,8,0,0,-27,S,5c:62:8b:66:67:d2"
1791489191.866,"B,14295,10,5c:62:8b:66:67:d2,0,0,6147,19,-48,A,5c:62:8b:66:67:d2"
1791489191.866,"B,14295,10,72:3b:01:24:b7:c8,224,8,0,0,-21,S,5c:62:8b:66:67:d2"
1791489191.866,"B,14295,10,b2:db:ca:e6:29:a6,84,3,0,0,-29,S,5c:62:8b:66:67:d2"
1791489192.067,"B,14395,10,a6:4c:bd:b6:c7:99,30,1,0,0,-81,S,78:8c:b5:f5:e7:26"
1791489192.067,"B,14395,10,78:8c:b5:f5:e7:26,0,0,30,1,-72,A,78:8c:b5:f5:e7:26"
1791489192.067,"B,14395,10,46:88:44:6e:4f:e4,5827,8,0,0,-27,S,5c:62:8b:66:67:d2"
1791489192.067,"B,14395,10,5c:62:8b:66:67:d2,0,0,6023,15,-50,A,5c:62:8b:66:67:d2"
1791489192.067,"B,14395,10,72:3b:01:24:b7:c8,196,7,0,0,-25,S,5c:62:8b:66:67:d2"
1791489192.067,"B,14495,10,a6:4c:bd:b6:c7:99,30,1,0,0,-81,S,78:8c:b5:f5:e7:26"
1791489192.067,"B,14495,10,78:8c:b5:f5:e7:26,0,0,30,1,-72,A,78:8c:b5:f5:e7:26"
1791489192.067,"B,14495,10,46:88:44:6e:4f:e4,6261,9,0,0,-27,S,5c:62:8b:66:67:d2"
1791489192.067,"B,14495,10,5c:62:8b:66:67:d2,0,0,6373,13,-50,A,5c:62:8b:66:67:d2"
1791489192.067,"B,14495,10,72:3b:01:24:b7:c8,28,1,0,0,-21,S,5c:62:8b:66:67:d2"
1791489192.067,"B,14495,10,b2:db:ca:e6:29:a6,84,3,0,0,-29,S,5c:62:8b:66:67:d2"
1791489192.269,"B,14595,10,46:88:44:6e:4f:e4,5959,7,0,0,-27,S,5c:62:8b:66:67:d2"
1791489192.269,"B,14595,10,5c:62:8b:66:67:d2,0,0,6071,11,-51,A,5c:62:8b:66:67:d2"
1791489192.269,"B,14595,10,72:3b:01:24:b7:c8,84,3,0,0,-21,S,5c:62:8b:66:67:d2"
1791489192.269,"B,14595,10,b2:db:ca:e6:29:a6,28,1,0,0,-29,S,5c:62:8b:66:67:d2"
1791489192.269,"B,14695,10,46:88:44:6e:4f:e4,5959,8,0,0,-26,S,5c:62:8b:66:67:d2"
1791489192.269,"B,14695,10,5c:62:8b:66:67:d2,0,0,6099,13,-50,A,5c:62:8b:66:67:d2"
1791489192.269,"B,14695,10,72:3b:01:24:b7:c8,84,3,0,0,-21,S,5c:62:8b:66:67:d2"
1791489192.269,"B,14695,10,b2:db:ca:e6:29:a6,56,2,0,0,-28,S,5c:62:8b:66:67:d2"
1791489192.473,"B,14795,10,46:88:44:6e:4f:e4,728,3,0,0,-25,S,5c:62:8b:66:67:d2"
1791489192.473,"B,14795,10,5c:62:8b:66:67:d2,0,0,896,9,-51,A,5c:62:8b:66:67:d2"
1791489192.473,"B,14795,10,72:3b:01:24:b7:c8,112,4,0,0,-21,S,5c:62:8b:66:67:d2"
1791489192.473,"B,14795,10,b2:db:ca:e6:29:a6,56,2,0,0,-28,S,5c:62:8b:66:67:d2"
1791489192.473,"B,14895,10,46:88:44:6e:4f:e4,5811,7,0,0,-27,S,5c:62:8b:66:67:d2"
1791489192.473,"B,14895,10,5c:62:8b:66:67:d2,0,0,5895,10,-50,A,5c:62:8b:66:67:d2"
1791489192.473,"B,14895,10,72:3b:01:24:b7:c8,56,2,0,0,-21,S,5c:62:8b:66:67:d2"
1791489192.473,"B,14895,10,b2:db:ca:e6:29:a6,28,1,0,0,-30,S,5c:62:8b:66:67:d2"
1791489192.473,"B,14895,10,8a:ce:16:78:6f:dc,30,1,0,0,-91,A,8a:ce:16:78:6f:dc"
1791489192.473,"B,14895,10,d2:cf:53:d5:b8:26,0,0,30,1,0,S,8a:ce:16:78:6f:dc"
1791489192.673,"B,14995,10,a6:4c:bd:b6:c7:99,30,1,0,0,-80,S,78:8c:b5:f5:e7:26"
1791489192.673,"B,14995,10,78:8c:b5:f5:e7:26,0,0,30,1,-70,A,78:8c:b5:f5:e7:26"
1791489192.673,"B,14995,10,46:88:44:6e:4f:e4,5859,8,0,0,-26,S,5c:62:8b:66:67:d2"
1791489192.673,"B,14995,10,5c:62:8b:66:67:d2,0,0,6027,14,0,A,5c:62:8b:66:67:d2"
1791489192.673,"B,14995,10,72:3b:01:24:b7:c8,84,3,0,0,-21,S,5c:62:8b:66:67:d2"
1791489192.673,"B,14995,10,b2:db:ca:e6:29:a6,84,3,0,0,-27,S,5c:62:8b:66:67:d2"
1791489192.673,"B,15095,10,46:88:44:6e:4f:e4,5811,8,0,0,-27,S,5c:62:8b:66:67:d2"
1791489192.673,"B,15095,10,5c:62:8b:66:67:d2,0,0,6007,15,-52,A,5c:62:8b:66:67:d2"
1791489192.673,"B,15095,10,72:3b:01:24:b7:c8,140,5,0,0,-21,S,5c:62:8b:66:67:d2"
1791489192.673,"B,15095,10,b2:db:ca:e6:29:a6,56,2,0,0,-28,S,5c:62:8b:66:67:d2"
1791489192.673,"I,15099,stat,rx=3025,drops=0,ch=10,bin=100,hop=0,heap=203056"
1791489192.878,"B,15195,10,46:88:44:6e:4f:e4,5759,8,0,0,-27,S,5c:62:8b:66:67:d2"
1791489192.878,"B,15195,10,5c:62:8b:66:67:d2,0,0,5759,8,-49,A,5c:62:8b:66:67:d2"
1791489192.878,"B,15295,10,a6:4c:bd:b6:c7:99,60,2,0,0,-82,S,78:8c:b5:f5:e7:26"
1791489192.878,"B,15295,10,78:8c:b5:f5:e7:26,0,0,60,2,-71,A,78:8c:b5:f5:e7:26"
1791489192.878,"B,15295,10,46:88:44:6e:4f:e4,4724,7,0,0,-27,S,5c:62:8b:66:67:d2"
1791489192.878,"B,15295,10,5c:62:8b:66:67:d2,0,0,4892,13,-49,A,5c:62:8b:66:67:d2"
1791489192.878,"B,15295,10,b2:db:ca:e6:29:a6,168,6,0,0,-28,S,5c:62:8b:66:67:d2"
1791489192.878,"B,15395,10,46:88:44:6e:4f:e4,2471,6,0,0,-27,S,5c:62:8b:66:67:d2"
1791489193.078,"B,15395,10,5c:62:8b:66:67:d2,0,0,2807,18,-49,A,5c:62:8b:66:67:d2"
1791489193.078,"B,15395,10,72:3b:01:24:b7:c8,224,8,0,0,-21,S,5c:62:8b:66:67:d2"
1791489193.078,"B,15395,10,b2:db:ca:e6:29:a6,112,4,0,0,-26,S,5c:62:8b:66:67:d2"
1791489193.078,"B,15495,10,46:88:44:6e:4f:e4,4684,6,0,0,-27,S,5c:62:8b:66:67:d2"
1791489193.078,"B,15495,10,5c:62:8b:66:67:d2,0,0,4712,7,-50,A,5c:62:8b:66:67:d2"
1791489193.078,"B,15495,10,b2:db:ca:e6:29:a6,28,1,0,0,-28,S,5c:62:8b:66:67:d2"
1791489193.078,"B,15595,10,a6:4c:bd:b6:c7:99,60,2,0,0,-80,S,78:8c:b5:f5:e7:26"
1791489193.278,"B,15595,10,78:8c:b5:f5:e7:26,0,0,60,2,-71,A,78:8c:b5:f5:e7:26"
1791489193.278,"B,15595,10,46:88:44:6e:4f:e4,7452,10,0,0,-27,S,5c:62:8b:66:67:d2"
1791489193.278,"B,15595,10,5c:62:8b:66:67:d2,0,0,7508,12,-49,A,5c:62:8b:66:67:d2"
1791489193.278,"B,15595,10,72:3b:01:24:b7:c8,28,1,0,0,-22,S,5c:62:8b:66:67:d2"
1791489193.278,"B,15595,10,b2:db:ca:e6:29:a6,28,1,0,0,-28,S,5c:62:8b:66:67:d2"
1791489193.278,"B,15695,10,a6:4c:bd:b6:c7:99,90,3,0,0,-81,S,78:8c:b5:f5:e7:26"
1791489193.278,"B,15695,10,78:8c:b5:f5:e7:26,0,0,90,3,-71,A,78:8c:b5:f5:e7:26"
1791489193.278,"B,15695,10,46:88:44:6e:4f:e4,5719,8,0,0,-27,S,5c:62:8b:66:67:d2"
1791489193.278,"B,15695,10,5c:62:8b:66:67:d2,0,0,5915,15,-52,A,5c:62:8b:66:67:d2"
1791489193.278,"B,15695,10,72:3b:01:24:b7:c8,168,6,0,0,-21,S,5c:62:8b:66:67:d2"
1791489193.278,"B,15695,10,b2:db:ca:e6:29:a6,28,1,0,0,-28,S,5c:62:8b:66:67:d2"
1791489193.278,"B,15795,10,a6:4c:bd:b6:c7:99,60,2,0,0,-79,S,78:8c:b5:f5:e7:26"
1791489193.278,"B,15795,10,78:8c:b5:f5:e7:26,0,0,60,2,-71,A,78:8c:b5:f5:e7:26"
1791489193.478,"B,15795,10,46:88:44:6e:4f:e4,2779,6,0,0,-27,S,5c:62:8b:66:67:d2"
1791489193.478,"B,15795,10,5c:62:8b:66:67:d2,0,0,2835,8,-49,A,5c:62:8b:66:67:d2"
1791489193.478,"B,15795,10,b2:db:ca:e6:29:a6,56,2,0,0,-29,S,5c:62:8b:66:67:d2"
1791489193.478,"B,15895,10,46:88:44:6e:4f:e4,5743,8,0,0,-27,S,5c:62:8b:66:67:d2"
1791489193.478,"B,15895,10,5c:62:8b:66:67:d2,0,0,5911,14,-51,A,5c:62:8b:66:67:d2"
1791489193.478,"B,15895,10,72:3b:01:24:b7:c8,84,3,0,0,-21,S,5c:62:8b:66:67:d2"
1791489193.478,"B,15895,10,b2:db:ca:e6:29:a6,84,3,0,0,-27,S,5c:62:8b:66:67:d2"
1791489193.478,"B,15995,10,a6:4c:bd:b6:c7:99,60,2,0,0,-80,S,78:8c:b5:f5:e7:26"
1791489193.678,"B,15995,10,78:8c:b5:f5:e7:26,0,0,60,2,-71,A,78:8c:b5:f5:e7:26"
1791489193.678,"B,15995,10,46:88:44:6e:4f:e4,1078,4,0,0,-25,S,5c:62:8b:66:67:d2"
1791489193.678,"B,15995,10,5c:62:8b:66:67:d2,0,0,1162,7,-51,A,5c:62:8b:66:67:d2"
1791489193.678,"B,15995,10,72:3b:01:24:b7:c8,56,2,0,0,-21,S,5c:62:8b:66:67:d2"
1791489193.678,"B,15995,10,b2:db:ca:e6:29:a6,28,1,0,0,-28,S,5c:62:8b:66:67:d2"
1791489193.678,"B,16095,10,46:88:44:6e:4f:e4,5455,7,0,0,-27,S,5c:62:8b:66:67:d2"
1791489193.678,"B,16095,10,5c:62:8b:66:67:d2,0,0,5539,10,-49,A,5c:62:8b:66:67:d2"
1791489193.678,"B,16095,10,72:3b:01:24:b7:c8,28,1,0,0,-21,S,5c:62:8b:66:67:d2"
1791489193.678,"B,16095,10,b2:db:ca:e6:29:a6,56,2,0,0,-28,S,5c:62:8b:66:67:d2"
1791489193.678,"B,16195,10,46:88:44:6e:4f:e4,5799,8,0,0,-26,S,5c:62:8b:66:67:d2"
1791489193.879,"B,16195,10,5c:62:8b:66:67:d2,0,0,6107,19,-51,A,5c:62:8b:66:67:d2"
1791489193.879,"B,16195,10,72:3b:01:24:b7:c8,252,9,0,0,-21,S,5c:62:8b:66:67:d2"
1791489193.879,"B,16195,10,b2:db:ca:e6:29:a6,56,2,0,0,-27,S,5c:62:8b:66:67:d2"
1791489193.879,"B,16295,10,a6:4c:bd:b6:c7:99,60,2,0,0,-80,S,78:8c:b5:f5:e7:26"
1791489193.879,"B,16295,10,78:8c:b5:f5:e7:26,0,0,60,2,-71,A,78:8c:b5:f5:e7:26"
1791489193.879,"B,16295,10,46:88:44:6e:4f:e4,5791,8,0,0,-26,S,5c:62:8b:66:67:d2"
1791489193.879,"B,16295,10,5c:62:8b:66:67:d2,5763,7,5987,15,-47,A,5c:62:8b:66:67:d2"
1791489193.879,"B,16295,10,72:3b:01:24:b7:c8,140,5,5763,7,-21,S,5c:62:8b:66:67:d2"
1791489193.879,"B,16295,10,b2:db:ca:e6:29:a6,56,2,0,0,-28,S,5c:62:8b:66:67:d2"
1791489193.879,"B,16395,10,a6:4c:bd:b6:c7:99,30,1,0,0,-80,S,78:8c:b5:f5:e7:26"
1791489193.879,"B,16395,10,78:8c:b5:f5:e7:26,0,0,30,1,-71,A,78:8c:b5:f5:e7:26"
1791489193.879,"B,16395,10,46:88:44:6e:4f:e4,5723,8,0,0,-27,S,5c:62:8b:66:67:d2"
1791489193.879,"B,16395,10,5c:62:8b:66:67:d2,0,0,5919,15,-50,A,5c:62:8b:66:67:d2"
1791489193.879,"B,16395,10,72:3b:01:24:b7:c8,140,5,0,0,-21,S,5c:62:8b:66:67:d2"
1791489194.079,"B,16395,10,b2:db:ca:e6:29:a6,56,2,0,0,-29,S,5c:62:8b:66:67:d2"
1791489194.079,"B,16495,10,46:88:44:6e:4f:e4,6513,9,0,0,-27,S,5c:62:8b:66:67:d2"
1791489194.079,"B,16495,10,5c:62:8b:66:67:d2,0,0,6625,13,-52,A,5c:62:8b:66:67:d2"
1791489194.079,"B,16495,10,72:3b:01:24:b7:c8,84,3,0,0,-21,S,5c:62:8b:66:67:d2"
1791489194.079,"B,16495,10,b2:db:ca:e6:29:a6,28,1,0,0,-28,S,5c:62:8b:66:67:d2"
1791489194.079,"B,16595,10,78:8c:b5:f5:e7:26,80,1,0,0,-75,A,78:8c:b5:f5:e7:26"
1791489194.079,"B,16595,10,46:88:44:6e:4f:e4,1050,3,0,0,-27,S,5c:62:8b:66:67:d2"
1791489194.279,"B,16595,10,5c:62:8b:66:67:d2,0,0,1162,7,-49,A,5c:62:8b:66:67:d2"
1791489194.279,"B,16595,10,72:3b:01:24:b7:c8,84,3,0,0,-21,S,5c:62:8b:66:67:d2"
1791489194.279,"B,16595,10,b2:db:ca:e6:29:a6,28,1,0,0,-28,S,5c:62:8b:66:67:d2"
1791489194.279,"B,16695,10,46:88:44:6e:4f:e4,5799,8,0,0,-27,S,5c:62:8b:66:67:d2"
1791489194.279,"B,16695,10,5c:62:8b:66:67:d2,0,0,5855,10,-50,A,5c:62:8b:66:67:d2"
1791489194.279,"B,16695,10,b2:db:ca:e6:29:a6,56,2,0,0,-28,S,5c:62:8b:66:67:d2"
1791489194.279,"B,16795,10,a6:4c:bd:b6:c7:99,60,2,0,0,-81,S,78:8c:b5:f5:e7:26"
1791489194.279,"B,16795,10,78:8c:b5:f5:e7:26,0,0,60,2,-71,A,78:8c:b5:f5:e7:26"
1791489194.279,"B,16795,10,46:88:44:6e:4f:e4,5795,8,0,0,-27,S,5c:62:8b:66:67:d2"
1791489194.279,"B,16795,10,5c:62:8b:66:67:d2,350,1,5991,15,-49,A,5c:62:8b:66:67:d2"
1791489194.279,"B,16795,10,72:3b:01:24:b7:c8,140,5,350,1,-21,S,5c:62:8b:66:67:d2"
1791489194.279,"B,16795,10,b2:db:ca:e6:29:a6,56,2,0,0,-28,S,5c:62:8b:66:67:d2"
1791489194.480,"B,16895,10,46:88:44:6e:4f:e4,6631,10,0,0,-28,S,5c:62:8b:66:67:d2"
1791489194.480,"B,16895,10,5c:62:8b:66:67:d2,82,1,6715,13,-51,A,5c:62:8b:66:67:d2"
1791489194.480,"B,16895,10,72:3b:01:24:b7:c8,28,1,82,1,-21,S,5c:62:8b:66:67:d2"
1791489194.480,"B,16895,10,b2:db:ca:e6:29:a6,56,2,0,0,-28,S,5c:62:8b:66:67:d2"
1791489194.480,"B,16995,10,46:88:44:6e:4f:e4,4033,7,0,0,-27,S,5c:62:8b:66:67:d2"
1791489194.480,"B,16995,10,5c:62:8b:66:67:d2,0,0,4089,9,-50,A,5c:62:8b:66:67:d2"
1791489194.480,"B,16995,10,72:3b:01:24:b7:c8,56,2,0,0,-21,S,5c:62:8b:66:67:d2"
1791489194.480,"B,16995,10,80:af:ca:68:4c:f8,84,1,0,0,-83,A,80:af:ca:68:4c:f8"
1791489194.680,"B,17095,10,a6:4c:bd:b6:c7:99,30,1,0,0,-79,S,78:8c:b5:f5:e7:26"
1791489194.680,"B,17095,10,78:8c:b5:f5:e7:26,0,0,30,1,-71,A,78:8c:b5:f5:e7:26"
1791489194.680,"B,17095,10,46:88:44:6e:4f:e4,6618,9,0,0,-27,S,5c:62:8b:66:67:d2"
1791489194.680,"B,17095,10,5c:62:8b:66:67:d2,0,0,6702,12,-49,A,5c:62:8b:66:67:d2"
1791489194.680,"B,17095,10,72:3b:01:24:b7:c8,28,1,0,0,-21,S,5c:62:8b:66:67:d2"
1791489194.680,"B,17095,10,b2:db:ca:e6:29:a6,56,2,0,0,-27,S,5c:62:8b:66:67:d2"
1791489194.680,"B,17195,10,a6:4c:bd:b6:c7:99,60,2,0,0,-79,S,78:8c:b5:f5:e7:26"
1791489194.680,"B,17195,10,78:8c:b5:f5:e7:26,0,0,60,2,-72,A,78:8c:b5:f5:e7:26"
1791489194.680,"B,17195,10,46:88:44:6e:4f:e4,1050,3,0,0,-27,S,5c:62:8b:66:67:d2"
1791489194.680,"B,17195,10,5c:62:8b:66:67:d2,0,0,1162,7,-48,A,5c:62:8b:66:67:d2"
1791489194.680,"B,17195,10,72:3b:01:24:b7:c8,56,2,0,0,-21,S,5c:62:8b:66:67:d2"
1791489194.680,"B,17195,10,b2:db:ca:e6:29:a6,56,2,0,0,-27,S,5c:62:8b:66:67:d2"
1791489194.880,"B,17295,10,46:88:44:6e:4f:e4,5551,8,0,0,-27,S,5c:62:8b:66:67:d2"
1791489194.880,"B,17295,10,5c:62:8b:66:67:d2,5523,7,5663,12,-45,A,5c:62:8b:66:67:d2"
1791489194.880,"B,17295,10,72:3b:01:24:b7:c8,56,2,5523,7,-21,S,5c:62:8b:66:67:d2"
1791489194.880,"B,17295,10,b2:db:ca:e6:29:a6,56,2,0,0,-28,S,5c:62:8b:66:67:d2"
1791489194.880,"B,17395,10,a6:4c:bd:b6:c7:99,30,1,0,0,-81,S,78:8c:b5:f5:e7:26"
1791489194.880,"B,17395,10,78:8c:b5:f5:e7:26,0,0,30,1,-72,A,78:8c:b5:f5:e7:26"
1791489194.880,"B,17395,10,46:88:44:6e:4f:e4,4500,7,0,0,-26,S,5c:62:8b:66:67:d2"
1791489194.880,"B,17395,10,5c:62:8b:66:67:d2,0,0,4584,10,-50,A,5c:62:8b:66:67:d2"
1791489194.880,"B,17395,10,72:3b:01:24:b7:c8,28,1,0,0,-21,S,5c:62:8b:66:67:d2"
1791489195.081,"B,17395,10,b2:db:ca:e6:29:a6,56,2,0,0,-27,S,5c:62:8b:66:67:d2"
1791489195.081,"B,17495,10,46:88:44:6e:4f:e4,7679,14,0,0,-26,S,5c:62:8b:66:67:d2"
1791489195.081,"B,17495,10,5c:62:8b:66:67:d2,0,0,7847,20,-49,A,5c:62:8b:66:67:d2"
1791489195.081,"B,17495,10,72:3b:01:24:b7:c8,140,5,0,0,-22,S,5c:62:8b:66:67:d2"
1791489195.081,"B,17495,10,b2:db:ca:e6:29:a6,28,1,0,0,-26,S,5c:62:8b:66:67:d2"
1791489195.081,"B,17595,10,78:8c:b5:f5:e7:26,80,1,0,0,-77,A,78:8c:b5:f5:e7:26"
1791489195.081,"B,17595,10,46:88:44:6e:4f:e4,7294,11,0,0,-27,S,5c:62:8b:66:67:d2"
1791489195.081,"B,17595,10,5c:62:8b:66:67:d2,0,0,7490,18,-50,A,5c:62:8b:66:67:d2"
1791489195.081,"B,17595,10,72:3b:01:24:b7:c8,84,3,0,0,-21,S,5c:62:8b:66:67:d2"
1791489195.081,"B,17595,10,b2:db:ca:e6:29:a6,112,4,0,0,-27,S,5c:62:8b:66:67:d2"
1791489195.282,"B,17695,10,a6:4c:bd:b6:c7:99,150,5,0,0,-83,S,78:8c:b5:f5:e7:26"
1791489195.282,"B,17695,10,78:8c:b5:f5:e7:26,0,0,150,5,0,A,78:8c:b5:f5:e7:26"
1791489195.282,"B,17695,10,46:88:44:6e:4f:e4,5575,8,0,0,-27,S,5c:62:8b:66:67:d2"
1791489195.282,"B,17695,10,5c:62:8b:66:67:d2,12006,10,5575,8,-47,A,5c:62:8b:66:67:d2"
1791489195.282,"B,17695,10,72:3b:01:24:b7:c8,0,0,12006,10,0,S,5c:62:8b:66:67:d2"
1791489195.282,"B,17795,10,a6:4c:bd:b6:c7:99,276,2,0,0,-84,S,78:8c:b5:f5:e7:26"
1791489195.282,"B,17795,10,78:8c:b5:f5:e7:26,0,0,276,2,-72,A,78:8c:b5:f5:e7:26"
1791489195.282,"B,17795,10,46:88:44:6e:4f:e4,1078,4,0,0,-27,S,5c:62:8b:66:67:d2"
1791489195.282,"B,17795,10,5c:62:8b:66:67:d2,33554,33,1134,6,-47,A,5c:62:8b:66:67:d2"
1791489195.282,"B,17795,10,72:3b:01:24:b7:c8,0,0,33554,33,0,S,5c:62:8b:66:67:d2"
1791489195.483,"B,17795,10,b2:db:ca:e6:29:a6,56,2,0,0,-27,S,5c:62:8b:66:67:d2"
1791489195.483,"B,17895,10,a6:4c:bd:b6:c7:99,30,1,0,0,-83,S,78:8c:b5:f5:e7:26"
1791489195.483,"B,17895,10,78:8c:b5:f5:e7:26,0,0,30,1,-73,A,78:8c:b5:f5:e7:26"
1791489195.483,"B,17895,10,46:88:44:6e:4f:e4,6598,8,0,0,-27,S,5c:62:8b:66:67:d2"
1791489195.483,"B,17895,10,5c:62:8b:66:67:d2,0,0,6794,15,-49,A,5c:62:8b:66:67:d2"
1791489195.483,"B,17895,10,72:3b:01:24:b7:c8,140,5,0,0,-21,S,5c:62:8b:66:67:d2"
1791489195.483,"B,17895,10,b2:db:ca:e6:29:a6,56,2,0,0,-28,S,5c:62:8b:66:67:d2"
1791489195.483,"B,17995,10,a6:4c:bd:b6:c7:99,386,3,0,0,-81,S,78:8c:b5:f5:e7:26"
1791489195.483,"B,17995,10,78:8c:b5:f5:e7:26,0,0,386,3,-72,A,78:8c:b5:f5:e7:26"
1791489195.483,"B,17995,10,46:88:44:6e:4f:e4,4049,7,0,0,-27,S,5c:62:8b:66:67:d2"
1791489195.483,"B,17995,10,5c:62:8b:66:67:d2,0,0,4161,11,-48,A,5c:62:8b:66:67:d2"
1791489195.483,"B,17995,10,72:3b:01:24:b7:c8,84,3,0,0,-21,S,5c:62:8b:66:67:d2"
1791489195.483,"B,17995,10,b2:db:ca:e6:29:a6,28,1,0,0,-28,S,5c:62:8b:66:67:d2"
1791489195.684,"B,18095,10,46:88:44:6e:4f:e4,7057,9,0,0,-27,S,5c:62:8b:66:67:d2"
1791489195.684,"B,18095,10,5c:62:8b:66:67:d2,0,0,7337,19,-50,A,5c:62:8b:66:67:d2"
1791489195.684,"B,18095,10,72:3b:01:24:b7:c8,196,7,0,0,-28,S,5c:62:8b:66:67:d2"
1791489195.684,"B,18095,10,b2:db:ca:e6:29:a6,84,3,0,0,-27,S,5c:62:8b:66:67:d2"
1791489195.684,"B,18195,10,a6:4c:bd:b6:c7:99,120,4,0,0,-81,S,78:8c:b5:f5:e7:26"
1791489195.684,"B,18195,10,78:8c:b5:f5:e7:26,0,0,120,4,-72,A,78:8c:b5:f5:e7:26"
1791489195.684,"B,18195,10,46:88:44:6e:4f:e4,5205,7,0,0,-27,S,5c:62:8b:66:67:d2"
1791489195.684,"B,18195,10,5c:62:8b:66:67:d2,0,0,5261,9,-50,A,5c:62:8b:66:67:d2"
1791489195.684,"B,18195,10,b2:db:ca:e6:29:a6,56,2,0,0,-28,S,5c:62:8b:66:67:d2"
1791489195.886,"B,18295,10,46:88:44:6e:4f:e4,3711,5,0,0,-27,S,5c:62:8b:66:67:d2"
1791489195.886,"B,18295,10,5c:62:8b:66:67:d2,0,0,3879,11,-50,A,5c:62:8b:66:67:d2"
1791489195.886,"B,18295,10,72:3b:01:24:b7:c8,140,5,0,0,-21,S,5c:62:8b:66:67:d2"
1791489195.886,"B,18295,10,b2:db:ca:e6:29:a6,28,1,0,0,-28,S,5c:62:8b:66:67:d2"
1791489195.886,"B,18395,10,a6:4c:bd:b6:c7:99,90,3,0,0,-79,S,78:8c:b5:f5:e7:26"
1791489195.886,"B,18395,10,78:8c:b5:f5:e7:26,0,0,90,3,-72,A,78:8c:b5:f5:e7:26"
1791489195.886,"B,18395,10,46:88:44:6e:4f:e4,1400,4,0,0,-27,S,5c:62:8b:66:67:d2"
1791489195.886,"B,18395,10,5c:62:8b:66:67:d2,0,0,1764,17,-51,A,5c:62:8b:66:67:d2"
1791489195.886,"B,18395,10,72:3b:01:24:b7:c8,308,11,0,0,-22,S,5c:62:8b:66:67:d2"
1791489195.886,"B,18395,10,b2:db:ca:e6:29:a6,56,2,0,0,-28,S,5c:62:8b:66:67:d2"
1791489196.087,"B,18495,10,a6:4c:bd:b6:c7:99,30,1,0,0,-80,S,78:8c:b5:f5:e7:26"
1791489196.087,"B,18495,10,78:8c:b5:f5:e7:26,0,0,30,1,-72,A,78:8c:b5:f5:e7:26"
1791489196.087,"B,18495,10,46:88:44:6e:4f:e4,5937,9,0,0,-27,S,5c:62:8b:66:67:d2"
1791489196.087,"B,18495,10,5c:62:8b:66:67:d2,0,0,5993,11,-48,A,5c:62:8b:66:67:d2"
1791489196.087,"B,18495,10,b2:db:ca:e6:29:a6,56,2,0,0,-27,S,5c:62:8b:66:67:d2"
1791489196.087,"B,18595,10,46:88:44:6e:4f:e4,5607,8,138,1,-26,S,5c:62:8b:66:67:d2"
1791489196.087,"B,18595,10,5c:62:8b:66:67:d2,138,1,5747,13,-48,A,5c:62:8b:66:67:d2"
1791489196.087,"B,18595,10,72:3b:01:24:b7:c8,84,3,0,0,-21,S,5c:62:8b:66:67:d2"
1791489196.087,"B,18595,10,b2:db:ca:e6:29:a6,56,2,0,0,-28,S,5c:62:8b:66:67:d2"
1791489196.289,"B,18695,10,46:88:44:6e:4f:e4,5547,8,0,0,-26,S,5c:62:8b:66:67:d2"
1791489196.289,"B,18695,10,5c:62:8b:66:67:d2,0,0,5799,17,-50,A,5c:62:8b:66:67:d2"
1791489196.289,"B,18695,10,72:3b:01:24:b7:c8,224,8,0,0,-21,S,5c:62:8b:66:67:d2"
1791489196.289,"B,18695,10,b2:db:ca:e6:29:a6,28,1,0,0,-28,S,5c:62:8b:66:67:d2"
1791489196.289,"B,18795,10,a6:4c:bd:b6:c7:99,60,2,0,0,-81,S,78:8c:b5:f5:e7:26"
1791489196.289,"B,18795,10,78:8c:b5:f5:e7:26,0,0,60,2,-71,A,78:8c:b5:f5:e7:26"
1791489196.289,"B,18795,10,46:88:44:6e:4f:e4,5861,9,0,0,-26,S,5c:62:8b:66:67:d2"
1791489196.289,"B,18795,10,5c:62:8b:66:67:d2,0,0,5889,10,-51,A,5c:62:8b:66:67:d2"
1791489196.289,"B,18795,10,b2:db:ca:e6:29:a6,28,1,0,0,-29,S,5c:62:8b:66:67:d2"
1791489196.490,"B,18895,10,a6:4c:bd:b6:c7:99,30,1,0,0,-80,S,78:8c:b5:f5:e7:26"
1791489196.490,"B,18895,10,78:8c:b5:f5:e7:26,0,0,30,1,0,A,78:8c:b5:f5:e7:26"
1791489196.490,"B,18895,10,46:88:44:6e:4f:e4,5701,9,0,0,-26,S,5c:62:8b:66:67:d2"
1791489196.490,"B,18895,10,5c:62:8b:66:67:d2,0,0,5841,14,-51,A,5c:62:8b:66:67:d2"
1791489196.490,"B,18895,10,72:3b:01:24:b7:c8,84,3,0,0,-21,S,5c:62:8b:66:67:d2"
1791489196.490,"B,18895,10,b2:db:ca:e6:29:a6,56,2,0,0,-28,S,5c:62:8b:66:67:d2"
1791489196.490,"B,18995,10,a6:4c:bd:b6:c7:99,30,1,0,0,-80,S,78:8c:b5:f5:e7:26"
1791489196.490,"B,18995,10,78:8c:b5:f5:e7:26,0,0,30,1,0,A,78:8c:b5:f5:e7:26"
1791489196.490,"B,18995,10,46:88:44:6e:4f:e4,1050,3,0,0,-27,S,5c:62:8b:66:67:d2"
1791489196.490,"B,18995,10,5c:62:8b:66:67:d2,0,0,1358,14,-49,A,5c:62:8b:66:67:d2"
1791489196.490,"B,18995,10,72:3b:01:24:b7:c8,252,9,0,0,-21,S,5c:62:8b:66:67:d2"
1791489196.490,"B,18995,10,b2:db:ca:e6:29:a6,56,2,0,0,-28,S,5c:62:8b:66:67:d2"
1791489196.490,"B,18995,10,80:af:ca:68:4c:f8,84,1,0,0,-82,A,80:af:ca:68:4c:f8"
1791489196.691,"B,19095,10,a6:4c:bd:b6:c7:99,30,1,0,0,-81,S,78:8c:b5:f5:e7:26"
1791489196.691,"B,19095,10,78:8c:b5:f5:e7:26,0,0,30,1,-72,A,78:8c:b5:f5:e7:26"
1791489196.691,"B,19095,10,46:88:44:6e:4f:e4,5599,8,0,0,-27,S,5c:62:8b:66:67:d2"
1791489196.691,"B,19095,10,5c:62:8b:66:67:d2,0,0,5627,9,-48,A,5c:62:8b:66:67:d2"
1791489196.691,"B,19095,10,b2:db:ca:e6:29:a6,28,1,0,0,-29,S,5c:62:8b:66:67:d2"
1791489196.691,"B,19195,10,a6:4c:bd:b6:c7:99,90,3,0,0,-81,S,78:8c:b5:f5:e7:26"
1791489196.691,"B,19195,10,78:8c:b5:f5:e7:26,0,0,90,3,-71,A,78:8c:b5:f5:e7:26"
1791489196.691,"B,19195,10,46:88:44:6e:4f:e4,7499,10,0,0,-27,S,5c:62:8b:66:67:d2"
1791489196.691,"B,19195,10,5c:62:8b:66:67:d2,0,0,7751,19,0,A,5c:62:8b:66:67:d2"
1791489196.691,"B,19195,10,72:3b:01:24:b7:c8,168,6,0,0,-21,S,5c:62:8b:66:67:d2"
1791489196.691,"B,19195,10,b2:db:ca:e6:29:a6,84,3,0,0,-27,S,5c:62:8b:66:67:d2"
1791489196.893,"B,19295,10,a6:4c:bd:b6:c7:99,60,2,0,0,-81,S,78:8c:b5:f5:e7:26"
1791489196.893,"B,19295,10,78:8c:b5:f5:e7:26,0,0,60,2,-71,A,78:8c:b5:f5:e7:26"
1791489196.893,"B,19295,10,46:88:44:6e:4f:e4,3588,7,0,0,-27,S,5c:62:8b:66:67:d2"
1791489196.893,"B,19295,10,5c:62:8b:66:67:d2,0,0,3728,12,-48,A,5c:62:8b:66:67:d2"
1791489196.893,"B,19295,10,72:3b:01:24:b7:c8,56,2,0,0,-21,S,5c:62:8b:66:67:d2"
1791489196.893,"B,19295,10,b2:db:ca:e6:29:a6,84,3,0,0,-27,S,5c:62:8b:66:67:d2"
1791489196.893,"B,19395,10,a6:4c:bd:b6:c7:99,30,1,0,0,-83,S,78:8c:b5:f5:e7:26"
1791489196.893,"B,19395,10,78:8c:b5:f5:e7:26,0,0,30,1,-72,A,78:8c:b5:f5:e7:26"
1791489196.893,"B,19395,10,46:88:44:6e:4f:e4,350,1,0,0,-27,S,5c:62:8b:66:67:d2"
1791489196.893,"B,19395,10,5c:62:8b:66:67:d2,0,0,406,3,-50,A,5c:62:8b:66:67:d2"
1791489196.893,"B,19395,10,72:3b:01:24:b7:c8,28,1,0,0,-21,S,5c:62:8b:66:67:d2"
1791489196.893,"B,19395,10,b2:db:ca:e6:29:a6,28,1,0,0,-26,S,5c:62:8b:66:67:d2"
1791489197.096,"B,19495,10,46:88:44:6e:4f:e4,11248,14,0,0,-26,S,5c:62:8b:66:67:d2"
1791489197.096,"B,19495,10,5c:62:8b:66:67:d2,0,0,11444,21,-49,A,5c:62:8b:66:67:d2"
1791489197.096,"B,19495,10,72:3b:01:24:b7:c8,140,5,0,0,-21,S,5c:62:8b:66:67:d2"
1791489197.096,"B,19495,10,b2:db:ca:e6:29:a6,56,2,0,0,-27,S,5c:62:8b:66:67:d2"
1791489197.096,"B,19595,10,46:88:44:6e:4f:e4,2128,7,0,0,-26,S,5c:62:8b:66:67:d2"
1791489197.096,"B,19595,10,5c:62:8b:66:67:d2,0,0,2240,11,-51,A,5c:62:8b:66:67:d2"
1791489197.096,"B,19595,10,72:3b:01:24:b7:c8,56,2,0,0,-21,S,5c:62:8b:66:67:d2"
1791489197.096,"B,19595,10,b2:db:ca:e6:29:a6,56,2,0,0,-28,S,5c:62:8b:66:67:d2"
1791489197.300,"B,19695,10,46:88:44:6e:4f:e4,7445,11,0,0,-26,S,5c:62:8b:66:67:d2"
1791489197.300,"B,19695,10,5c:62:8b:66:67:d2,0,0,7473,12,-51,A,5c:62:8b:66:67:d2"
1791489197.300,"B,19695,10,b2:db:ca:e6:29:a6,28,1,0,0,-28,S,5c:62:8b:66:67:d2"
1791489197.300,"B,19795,10,a6:4c:bd:b6:c7:99,60,2,0,0,-80,S,78:8c:b5:f5:e7:26"
1791489197.300,"B,19795,10,78:8c:b5:f5:e7:26,0,0,60,2,-71,A,78:8c:b5:f5:e7:26"
1791489197.300,"B,19795,10,46:88:44:6e:4f:e4,6443,10,0,0,-25,S,5c:62:8b:66:67:d2"
1791489197.300,"B,19795,10,5c:62:8b:66:67:d2,0,0,6751,21,-51,A,5c:62:8b:66:67:d2"
1791489197.300,"B,19795,10,72:3b:01:24:b7:c8,112,4,0,0,-21,S,5c:62:8b:66:67:d2"
1791489197.300,"B,19795,10,b2:db:ca:e6:29:a6,196,7,0,0,-26,S,5c:62:8b:66:67:d2"
1791489197.505,"B,19895,10,a6:4c:bd:b6:c7:99,60,2,0,0,-80,S,78:8c:b5:f5:e7:26"
1791489197.505,"B,19895,10,78:8c:b5:f5:e7:26,0,0,60,2,-71,A,78:8c:b5:f5:e7:26"
1791489197.505,"B,19895,10,46:88:44:6e:4f:e4,5711,7,0,0,-25,S,5c:62:8b:66:67:d2"
1791489197.505,"B,19895,10,5c:62:8b:66:67:d2,0,0,5823,11,-52,A,5c:62:8b:66:67:d2"
1791489197.505,"B,19895,10,72:3b:01:24:b7:c8,112,4,0,0,-21,S,5c:62:8b:66:67:d2"
1791489197.505,"B,19995,10,46:88:44:6e:4f:e4,6173,9,0,0,-25,S,5c:62:8b:66:67:d2"
1791489197.505,"B,19995,10,5c:62:8b:66:67:d2,0,0,6229,11,-52,A,5c:62:8b:66:67:d2"
1791489197.505,"B,19995,10,b2:db:ca:e6:29:a6,56,2,0,0,-29,S,5c:62:8b:66:67:d2"
1791489197.706,"B,20095,10,46:88:44:6e:4f:e4,6595,10,0,0,-25,S,5c:62:8b:66:67:d2"
1791489197.706,"B,20095,10,5c:62:8b:66:67:d2,0,0,6707,14,-51,A,5c:62:8b:66:67:d2"
1791489197.706,"B,20095,10,b2:db:ca:e6:29:a6,112,4,0,0,-27,S,5c:62:8b:66:67:d2"
1791489197.706,"I,20099,stat,rx=3981,drops=0,ch=10,bin=100,hop=0,heap=203056"
1791489197.706,"B,20195,10,46:88:44:6e:4f:e4,1428,5,0,0,-26,S,5c:62:8b:66:67:d2"
1791489197.706,"B,20195,10,5c:62:8b:66:67:d2,0,0,1456,6,-50,A,5c:62:8b:66:67:d2"
1791489197.706,"B,20195,10,72:3b:01:24:b7:c8,28,1,0,0,-21,S,5c:62:8b:66:67:d2"
1791489197.907,"B,20295,10,46:88:44:6e:4f:e4,5923,8,0,0,-26,S,5c:62:8b:66:67:d2"
1791489197.907,"B,20295,10,5c:62:8b:66:67:d2,5545,6,6231,19,-47,A,5c:62:8b:66:67:d2"
1791489197.907,"B,20295,10,72:3b:01:24:b7:c8,252,9,5545,6,-21,S,5c:62:8b:66:67:d2"
1791489197.907,"B,20295,10,b2:db:ca:e6:29:a6,56,2,0,0,-29,S,5c:62:8b:66:67:d2"
1791489197.907,"B,20395,10,46:88:44:6e:4f:e4,5895,7,0,0,-27,S,5c:62:8b:66:67:d2"
1791489197.907,"B,20395,10,5c:62:8b:66:67:d2,0,0,6203,18,-50,A,5c:62:8b:66:67:d2"
1791489197.907,"B,20395,10,72:3b:01:24:b7:c8,252,9,0,0,-21,S,5c:62:8b:66:67:d2"
1791489197.907,"B,20395,10,b2:db:ca:e6:29:a6,56,2,0,0,-27,S,5c:62:8b:66:67:d2"
1791489198.109,"B,20495,10,46:88:44:6e:4f:e4,5955,8,0,0,-27,S,5c:62:8b:66:67:d2"
1791489198.109,"B,20495,10,5c:62:8b:66:67:d2,0,0,6011,10,-50,A,5c:62:8b:66:67:d2"
1791489198.109,"B,20495,10,b2:db:ca:e6:29:a6,56,2,0,0,-28,S,5c:62:8b:66:67:d2"
1791489198.109,"B,20595,10,a6:4c:bd:b6:c7:99,30,1,0,0,-80,S,78:8c:b5:f5:e7:26"
1791489198.109,"B,20595,10,78:8c:b5:f5:e7:26,0,0,30,1,-70,A,78:8c:b5:f5:e7:26"
1791489198.109,"B,20595,10,46:88:44:6e:4f:e4,6019,8,0,0,-27,S,5c:62:8b:66:67:d2"
1791489198.109,"B,20595,10,5c:62:8b:66:67:d2,0,0,6215,15,-49,A,5c:62:8b:66:67:d2"
1791489198.109,"B,20595,10,72:3b:01:24:b7:c8,140,5,0,0,-21,S,5c:62:8b:66:67:d2"
1791489198.109,"B,20595,10,b2:db:ca:e6:29:a6,56,2,0,0,-29,S,5c:62:8b:66:67:d2"
1791489198.109,"B,20595,10,80:af:ca:68:4c:f8,251,1,0,0,-83,A,80:af:ca:68:4c:f8"
1791489198.313,"B,20695,10,46:88:44:6e:4f:e4,6691,10,0,0,-27,S,5c:62:8b:66:67:d2"
1791489198.313,"B,20695,10,5c:62:8b:66:67:d2,0,0,6831,15,-49,A,5c:62:8b:66:67:d2"
1791489198.313,"B,20695,10,72:3b:01:24:b7:c8,56,2,0,0,-23,S,5c:62:8b:66:67:d2"
1791489198.313,"B,20695,10,b2:db:ca:e6:29:a6,84,3,0,0,-28,S,5c:62:8b:66:67:d2"
1791489198.313,"B,20795,10,46:88:44:6e:4f:e4,1050,3,0,0,-27,S,5c:62:8b:66:67:d2"
1791489198.313,"B,20795,10,5c:62:8b:66:67:d2,1050,3,1106,5,-48,A,5c:62:8b:66:67:d2"
1791489198.313,"B,20795,10,72:3b:01:24:b7:c8,0,0,1050,3,0,S,5c:62:8b:66:67:d2"
1791489198.313,"B,20795,10,b2:db:ca:e6:29:a6,56,2,0,0,-28,S,5c:62:8b:66:67:d2"
1791489198.313,"M,20814,slot,0,1"
1791489198.517,"B,20895,10,46:88:44:6e:4f:e4,8202,11,0,0,-28,S,5c:62:8b:66:67:d2"
1791489198.517,"B,20895,10,5c:62:8b:66:67:d2,0,0,8538,23,-50,A,5c:62:8b:66:67:d2"
1791489198.517,"B,20895,10,72:3b:01:24:b7:c8,224,8,0,0,-21,S,5c:62:8b:66:67:d2"
1791489198.517,"B,20895,10,b2:db:ca:e6:29:a6,112,4,0,0,-29,S,5c:62:8b:66:67:d2"
1791489198.517,"B,20995,10,46:88:44:6e:4f:e4,6027,8,0,0,-28,S,5c:62:8b:66:67:d2"
1791489198.517,"B,20995,10,5c:62:8b:66:67:d2,0,0,6083,10,-50,A,5c:62:8b:66:67:d2"
1791489198.517,"B,20995,10,72:3b:01:24:b7:c8,56,2,0,0,-21,S,5c:62:8b:66:67:d2"
1791489198.722,"B,21095,10,a6:4c:bd:b6:c7:99,30,1,0,0,-81,S,78:8c:b5:f5:e7:26"
1791489198.722,"B,21095,10,78:8c:b5:f5:e7:26,0,0,30,1,-72,A,78:8c:b5:f5:e7:26"
1791489198.722,"B,21095,10,46:88:44:6e:4f:e4,7529,9,0,0,-28,S,5c:62:8b:66:67:d2"
1791489198.722,"B,21095,10,5c:62:8b:66:67:d2,0,0,7613,12,-50,A,5c:62:8b:66:67:d2"
1791489198.722,"B,21095,10,72:3b:01:24:b7:c8,28,1,0,0,-21,S,5c:62:8b:66:67:d2"
1791489198.722,"B,21095,10,b2:db:ca:e6:29:a6,56,2,0,0,-29,S,5c:62:8b:66:67:d2"
1791489198.722,"B,21195,10,a6:4c:bd:b6:c7:99,30,1,0,0,-80,S,78:8c:b5:f5:e7:26"
1791489198.722,"B,21195,10,78:8c:b5:f5:e7:26,0,0,30,1,0,A,78:8c:b5:f5:e7:26"
1791489198.722,"B,21195,10,46:88:44:6e:4f:e4,7045,11,0,0,-28,S,5c:62:8b:66:67:d2"
1791489198.722,"B,21195,10,5c:62:8b:66:67:d2,350,1,7157,15,-48,A,5c:62:8b:66:67:d2"
1791489198.722,"B,21195,10,72:3b:01:24:b7:c8,112,4,350,1,-21,S,5c:62:8b:66:67:d2"
1791489198.926,"B,21295,10,46:88:44:6e:4f:e4,6019,8,0,0,-28,S,5c:62:8b:66:67:d2"
1791489198.926,"B,21295,10,5c:62:8b:66:67:d2,45986,51,6187,14,-47,A,5c:62:8b:66:67:d2"
1791489198.926,"B,21295,10,72:3b:01:24:b7:c8,84,3,45986,51,-21,S,5c:62:8b:66:67:d2"
1791489198.926,"B,21295,10,b2:db:ca:e6:29:a6,84,3,0,0,-28,S,5c:62:8b:66:67:d2"
1791489198.926,"B,21395,10,a6:4c:bd:b6:c7:99,30,1,0,0,-81,S,78:8c:b5:f5:e7:26"
1791489198.926,"B,21395,10,78:8c:b5:f5:e7:26,0,0,30,1,-72,A,78:8c:b5:f5:e7:26"
1791489198.926,"B,21395,10,46:88:44:6e:4f:e4,1050,3,0,0,-28,S,5c:62:8b:66:67:d2"
1791489198.926,"B,21395,10,5c:62:8b:66:67:d2,0,0,1106,5,-51,A,5c:62:8b:66:67:d2"
1791489198.926,"B,21395,10,b2:db:ca:e6:29:a6,56,2,0,0,-29,S,5c:62:8b:66:67:d2"
1791489199.127,"B,21495,10,a6:4c:bd:b6:c7:99,30,1,0,0,-81,S,78:8c:b5:f5:e7:26"
1791489199.127,"B,21495,10,78:8c:b5:f5:e7:26,0,0,30,1,-73,A,78:8c:b5:f5:e7:26"
1791489199.127,"B,21495,10,46:88:44:6e:4f:e4,6019,8,0,0,-27,S,5c:62:8b:66:67:d2"
1791489199.127,"B,21495,10,5c:62:8b:66:67:d2,0,0,6103,11,-49,A,5c:62:8b:66:67:d2"
1791489199.127,"B,21495,10,72:3b:01:24:b7:c8,28,1,0,0,-21,S,5c:62:8b:66:67:d2"
1791489199.127,"B,21495,10,b2:db:ca:e6:29:a6,56,2,0,0,-29,S,5c:62:8b:66:67:d2"
1791489199.127,"B,21595,10,a6:4c:bd:b6:c7:99,30,1,0,0,-84,S,78:8c:b5:f5:e7:26"
1791489199.127,"B,21595,10,78:8c:b5:f5:e7:26,0,0,30,1,-72,A,78:8c:b5:f5:e7:26"
1791489199.127,"B,21595,10,46:88:44:6e:4f:e4,6039,8,0,0,-27,S,5c:62:8b:66:67:d2"
1791489199.127,"B,21595,10,5c:62:8b:66:67:d2,0,0,6123,11,-50,A,5c:62:8b:66:67:d2"
1791489199.127,"B,21595,10,72:3b:01:24:b7:c8,28,1,0,0,-21,S,5c:62:8b:66:67:d2"
1791489199.127,"B,21595,10,b2:db:ca:e6:29:a6,56,2,0,0,-28,S,5c:62:8b:66:67:d2"
1791489199.328,"B,21695,10,46:88:44:6e:4f:e4,7807,10,0,0,-26,S,5c:62:8b:66:67:d2"
1791489199.328,"B,21695,10,5c:62:8b:66:67:d2,0,0,7891,13,-50,A,5c:62:8b:66:67:d2"
1791489199.328,"B,21695,10,72:3b:01:24:b7:c8,56,2,0,0,-21,S,5c:62:8b:66:67:d2"
1791489199.328,"B,21695,10,b2:db:ca:e6:29:a6,28,1,0,0,-28,S,5c:62:8b:66:67:d2"
1791489199.328,"B,21795,10,46:88:44:6e:4f:e4,6015,8,0,0,-27,S,5c:62:8b:66:67:d2"
1791489199.328,"B,21795,10,5c:62:8b:66:67:d2,0,0,6155,13,-50,A,5c:62:8b:66:67:d2"
1791489199.328,"B,21795,10,72:3b:01:24:b7:c8,56,2,0,0,-21,S,5c:62:8b:66:67:d2"
1791489199.328,"B,21795,10,b2:db:ca:e6:29:a6,84,3,0,0,-28,S,5c:62:8b:66:67:d2"
1791489199.531,"B,21895,10,a6:4c:bd:b6:c7:99,60,2,0,0,-79,S,78:8c:b5:f5:e7:26"
1791489199.531,"B,21895,10,78:8c:b5:f5:e7:26,0,0,60,2,-71,A,78:8c:b5:f5:e7:26"
1791489199.531,"B,21895,10,46:88:44:6e:4f:e4,9717,11,0,0,-26,S,5c:62:8b:66:67:d2"
1791489199.531,"B,21895,10,5c:62:8b:66:67:d2,0,0,9857,16,-52,A,5c:62:8b:66:67:d2"
1791489199.531,"B,21895,10,72:3b:01:24:b7:c8,84,3,0,0,-21,S,5c:62:8b:66:67:d2"
1791489199.531,"B,21895,10,b2:db:ca:e6:29:a6,56,2,0,0,-28,S,5c:62:8b:66:67:d2"
1791489199.531,"A,21903,10,dc:8e:8d:9c:65:79,-88,netis-9C6572"
1791489199.531,"B,21995,10,46:88:44:6e:4f:e4,1050,3,0,0,-26,S,5c:62:8b:66:67:d2"
1791489199.531,"B,21995,10,5c:62:8b:66:67:d2,0,0,1190,8,-49,A,5c:62:8b:66:67:d2"
1791489199.531,"B,21995,10,72:3b:01:24:b7:c8,112,4,0,0,-21,S,5c:62:8b:66:67:d2"
1791489199.531,"B,21995,10,b2:db:ca:e6:29:a6,28,1,0,0,-28,S,5c:62:8b:66:67:d2"
1791489199.736,"B,22095,10,46:88:44:6e:4f:e4,5847,8,0,0,-25,S,5c:62:8b:66:67:d2"
1791489199.736,"B,22095,10,5c:62:8b:66:67:d2,0,0,5903,10,-48,A,5c:62:8b:66:67:d2"
1791489199.736,"B,22095,10,72:3b:01:24:b7:c8,28,1,0,0,-21,S,5c:62:8b:66:67:d2"
1791489199.736,"B,22095,10,b2:db:ca:e6:29:a6,28,1,0,0,-30,S,5c:62:8b:66:67:d2"
1791489199.736,"B,22195,10,a6:4c:bd:b6:c7:99,30,1,0,0,-83,S,78:8c:b5:f5:e7:26"
1791489199.736,"B,22195,10,78:8c:b5:f5:e7:26,0,0,30,1,-71,A,78:8c:b5:f5:e7:26"
1791489199.736,"B,22195,10,46:88:44:6e:4f:e4,5133,7,0,0,-25,S,5c:62:8b:66:67:d2"
1791489199.736,"B,22195,10,5c:62:8b:66:67:d2,0,0,5189,9,-51,A,5c:62:8b:66:67:d2"
1791489199.736,"B,22195,10,72:3b:01:24:b7:c8,28,1,0,0,-21,S,5c:62:8b:66:67:d2"
1791489199.736,"B,22195,10,b2:db:ca:e6:29:a6,28,1,0,0,-28,S,5c:62:8b:66:67:d2"
1791489199.941,"B,22295,10,a6:4c:bd:b6:c7:99,30,1,0,0,-80,S,78:8c:b5:f5:e7:26"
1791489199.941,"B,22295,10,78:8c:b5:f5:e7:26,0,0,30,1,-70,A,78:8c:b5:f5:e7:26"
1791489199.941,"B,22295,10,46:88:44:6e:4f:e4,5991,8,0,0,-26,S,5c:62:8b:66:67:d2"
1791489199.941,"B,22295,10,5c:62:8b:66:67:d2,0,0,6299,19,-48,A,5c:62:8b:66:67:d2"
1791489199.941,"B,22295,10,72:3b:01:24:b7:c8,224,8,0,0,-21,S,5c:62:8b:66:67:d2"
1791489199.941,"B,22295,10,b2:db:ca:e6:29:a6,84,3,0,0,-28,S,5c:62:8b:66:67:d2"
1791489199.941,"B,22395,10,46:88:44:6e:4f:e4,5967,8,0,0,-25,S,5c:62:8b:66:67:d2"
1791489199.941,"B,22395,10,5c:62:8b:66:67:d2,0,0,6107,13,-48,A,5c:62:8b:66:67:d2"
1791489199.941,"B,22395,10,72:3b:01:24:b7:c8,84,3,0,0,-21,S,5c:62:8b:66:67:d2"
1791489199.941,"B,22395,10,b2:db:ca:e6:29:a6,56,2,0,0,-29,S,5c:62:8b:66:67:d2"
1791489200.146,"B,22495,10,a6:4c:bd:b6:c7:99,30,1,0,0,-79,S,78:8c:b5:f5:e7:26"
1791489200.146,"B,22495,10,78:8c:b5:f5:e7:26,0,0,30,1,-72,A,78:8c:b5:f5:e7:26"
1791489200.146,"B,22495,10,46:88:44:6e:4f:e4,6301,9,0,0,-25,S,5c:62:8b:66:67:d2"
1791489200.146,"B,22495,10,5c:62:8b:66:67:d2,0,0,6497,16,-49,A,5c:62:8b:66:67:d2"
1791489200.146,"B,22495,10,72:3b:01:24:b7:c8,140,5,0,0,-21,S,5c:62:8b:66:67:d2"
1791489200.146,"B,22495,10,b2:db:ca:e6:29:a6,56,2,0,0,-27,S,5c:62:8b:66:67:d2"
1791489200.146,"B,22595,10,a6:4c:bd:b6:c7:99,30,1,0,0,-79,S,78:8c:b5:f5:e7:26"
1791489200.146,"B,22595,10,78:8c:b5:f5:e7:26,0,0,30,1,-73,A,78:8c:b5:f5:e7:26"
1791489200.146,"B,22595,10,46:88:44:6e:4f:e4,1078,4,0,0,-25,S,5c:62:8b:66:67:d2"
1791489200.146,"B,22595,10,5c:62:8b:66:67:d2,0,0,1162,7,-51,A,5c:62:8b:66:67:d2"
1791489200.146,"B,22595,10,72:3b:01:24:b7:c8,28,1,0,0,-21,S,5c:62:8b:66:67:d2"
1791489200.146,"B,22595,10,b2:db:ca:e6:29:a6,56,2,0,0,-28,S,5c:62:8b:66:67:d2"
1791489200.350,"B,22695,10,46:88:44:6e:4f:e4,9483,10,0,0,-25,S,5c:62:8b:66:67:d2"
1791489200.350,"B,22695,10,5c:62:8b:66:67:d2,0,0,9539,12,-51,A,5c:62:8b:66:67:d2"
1791489200.350,"B,22695,10,72:3b:01:24:b7:c8,28,1,0,0,-21,S,5c:62:8b:66:67:d2"
1791489200.350,"B,22695,10,b2:db:ca:e6:29:a6,28,1,0,0,-25,S,5c:62:8b:66:67:d2"
1791489200.350,"B,22795,10,46:88:44:6e:4f:e4,5903,8,0,0,-24,S,5c:62:8b:66:67:d2"
1791489200.350,"B,22795,10,5c:62:8b:66:67:d2,0,0,6183,18,-51,A,5c:62:8b:66:67:d2"
1791489200.350,"B,22795,10,72:3b:01:24:b7:c8,196,7,0,0,-21,S,5c:62:8b:66:67:d2"
1791489200.350,"B,22795,10,b2:db:ca:e6:29:a6,84,3,0,0,-28,S,5c:62:8b:66:67:d2"
1791489200.350,"B,22795,10,80:af:ca:68:4c:f8,205,1,0,0,-84,A,80:af:ca:68:4c:f8"
1791489200.555,"B,22895,10,46:88:44:6e:4f:e4,5927,8,0,0,-24,S,5c:62:8b:66:67:d2"
1791489200.555,"B,22895,10,5c:62:8b:66:67:d2,0,0,5955,9,-52,A,5c:62:8b:66:67:d2"
1791489200.555,"B,22895,10,b2:db:ca:e6:29:a6,28,1,0,0,-28,S,5c:62:8b:66:67:d2"
1791489200.555,"B,22995,10,a6:4c:bd:b6:c7:99,30,1,0,0,-82,S,78:8c:b5:f5:e7:26"
1791489200.555,"B,22995,10,78:8c:b5:f5:e7:26,0,0,30,1,-72,A,78:8c:b5:f5:e7:26"
1791489200.555,"B,22995,10,46:88:44:6e:4f:e4,5787,8,0,0,-24,S,5c:62:8b:66:67:d2"
1791489200.555,"B,22995,10,5c:62:8b:66:67:d2,0,0,5843,10,-52,A,5c:62:8b:66:67:d2"
1791489200.555,"B,22995,10,72:3b:01:24:b7:c8,28,1,0,0,-21,S,5c:62:8b:66:67:d2"
1791489200.555,"B,22995,10,b2:db:ca:e6:29:a6,28,1,0,0,-27,S,5c:62:8b:66:67:d2"
1791489200.756,"B,23095,10,a6:4c:bd:b6:c7:99,150,5,0,0,-79,S,78:8c:b5:f5:e7:26"
1791489200.756,"B,23095,10,78:8c:b5:f5:e7:26,0,0,150,5,0,A,78:8c:b5:f5:e7:26"
1791489200.756,"B,23095,10,46:88:44:6e:4f:e4,5763,8,0,0,-25,S,5c:62:8b:66:67:d2"
1791489200.756,"B,23095,10,5c:62:8b:66:67:d2,0,0,5959,15,-49,A,5c:62:8b:66:67:d2"
1791489200.756,"B,23095,10,72:3b:01:24:b7:c8,168,6,0,0,-21,S,5c:62:8b:66:67:d2"
1791489200.756,"B,23095,10,b2:db:ca:e6:29:a6,28,1,0,0,-28,S,5c:62:8b:66:67:d2"
1791489200.756,"B,23195,10,a6:4c:bd:b6:c7:99,60,2,0,0,-79,S,78:8c:b5:f5:e7:26"
1791489200.756,"B,23195,10,78:8c:b5:f5:e7:26,0,0,60,2,-73,A,78:8c:b5:f5:e7:26"
1791489200.756,"B,23195,10,46:88:44:6e:4f:e4,1050,3,0,0,-25,S,5c:62:8b:66:67:d2"
1791489200.756,"B,23195,10,5c:62:8b:66:67:d2,0,0,1078,4,-49,A,5c:62:8b:66:67:d2"
1791489200.756,"B,23195,10,b2:db:ca:e6:29:a6,28,1,0,0,-29,S,5c:62:8b:66:67:d2"
1791489200.961,"B,23295,10,46:88:44:6e:4f:e4,6141,9,0,0,-25,S,5c:62:8b:66:67:d2"
1791489200.961,"B,23295,10,5c:62:8b:66:67:d2,350,1,6169,10,-48,A,5c:62:8b:66:67:d2"
1791489200.961,"B,23295,10,72:3b:01:24:b7:c8,0,0,350,1,0,S,5c:62:8b:66:67:d2"
1791489200.961,"B,23295,10,b2:db:ca:e6:29:a6,28,1,0,0,-29,S,5c:62:8b:66:67:d2"
1791489200.961,"B,23395,10,46:88:44:6e:4f:e4,5883,8,0,0,-25,S,5c:62:8b:66:67:d2"
1791489200.961,"B,23395,10,5c:62:8b:66:67:d2,3850,11,5967,11,-49,A,5c:62:8b:66:67:d2"
1791489200.961,"B,23395,10,72:3b:01:24:b7:c8,0,0,3850,11,0,S,5c:62:8b:66:67:d2"
1791489200.961,"B,23395,10,b2:db:ca:e6:29:a6,84,3,0,0,-27,S,5c:62:8b:66:67:d2"
1791489201.166,"B,23495,10,a6:4c:bd:b6:c7:99,60,2,0,0,-80,S,78:8c:b5:f5:e7:26"
1791489201.166,"B,23495,10,78:8c:b5:f5:e7:26,0,0,60,2,-73,A,78:8c:b5:f5:e7:26"
1791489201.166,"B,23495,10,46:88:44:6e:4f:e4,5871,8,0,0,-25,S,5c:62:8b:66:67:d2"
1791489201.166,"B,23495,10,5c:62:8b:66:67:d2,0,0,5927,10,-48,A,5c:62:8b:66:67:d2"
1791489201.166,"B,23495,10,b2:db:ca:e6:29:a6,56,2,0,0,-28,S,5c:62:8b:66:67:d2"
1791489201.166,"B,23595,10,46:88:44:6e:4f:e4,8925,11,138,1,-25,S,5c:62:8b:66:67:d2"
1791489201.166,"B,23595,10,5c:62:8b:66:67:d2,138,1,9177,20,-48,A,5c:62:8b:66:67:d2"
1791489201.166,"B,23595,10,72:3b:01:24:b7:c8,196,7,0,0,-21,S,5c:62:8b:66:67:d2"
1791489201.166,"B,23595,10,b2:db:ca:e6:29:a6,56,2,0,0,-28,S,5c:62:8b:66:67:d2"
1791489201.368,"B,23695,10,78:8c:b5:f5:e7:26,80,1,0,0,-78,A,78:8c:b5:f5:e7:26"
1791489201.368,"B,23695,10,46:88:44:6e:4f:e4,5457,7,0,0,-25,S,5c:62:8b:66:67:d2"
1791489201.368,"B,23695,10,5c:62:8b:66:67:d2,0,0,5541,10,-50,A,5c:62:8b:66:67:d2"
1791489201.368,"B,23695,10,72:3b:01:24:b7:c8,28,1,0,0,-21,S,5c:62:8b:66:67:d2"
1791489201.368,"B,23695,10,b2:db:ca:e6:29:a6,56,2,0,0,-28,S,5c:62:8b:66:67:d2"
1791489201.368,"B,23795,10,a6:4c:bd:b6:c7:99,30,1,0,0,-81,S,78:8c:b5:f5:e7:26"
1791489201.368,"B,23795,10,78:8c:b5:f5:e7:26,0,0,30,1,-73,A,78:8c:b5:f5:e7:26"
1791489201.368,"B,23795,10,46:88:44:6e:4f:e4,1050,3,0,0,-25,S,5c:62:8b:66:67:d2"
1791489201.368,"B,23795,10,5c:62:8b:66:67:d2,0,0,1162,7,-49,A,5c:62:8b:66:67:d2"
1791489201.368,"B,23795,10,72:3b:01:24:b7:c8,56,2,0,0,-21,S,5c:62:8b:66:67:d2"
1791489201.368,"B,23795,10,b2:db:ca:e6:29:a6,56,2,0,0,-28,S,5c:62:8b:66:67:d2"
1791489201.572,"B,23895,10,46:88:44:6e:4f:e4,5839,8,0,0,-25,S,5c:62:8b:66:67:d2"
1791489201.572,"B,23895,10,5c:62:8b:66:67:d2,0,0,6063,16,-50,A,5c:62:8b:66:67:d2"
1791489201.572,"B,23895,10,72:3b:01:24:b7:c8,196,7,0,0,-21,S,5c:62:8b:66:67:d2"
1791489201.572,"B,23895,10,b2:db:ca:e6:29:a6,28,1,0,0,-27,S,5c:62:8b:66:67:d2"
1791489201.572,"B,23995,10,46:88:44:6e:4f:e4,6233,9,0,0,-25,S,5c:62:8b:66:67:d2"
1791489201.572,"B,23995,10,5c:62:8b:66:67:d2,0,0,6345,13,-51,A,5c:62:8b:66:67:d2"
1791489201.572,"B,23995,10,72:3b:01:24:b7:c8,56,2,0,0,-21,S,5c:62:8b:66:67:d2"
1791489201.572,"B,23995,10,b2:db:ca:e6:29:a6,56,2,0,0,-27,S,5c:62:8b:66:67:d2"
1791489201.777,"B,24095,10,a6:4c:bd:b6:c7:99,90,3,0,0,-79,S,78:8c:b5:f5:e7:26"
1791489201.777,"B,24095,10,78:8c:b5:f5:e7:26,1072,2,90,3,-76,A,78:8c:b5:f5:e7:26"
1791489201.777,"B,24095,10,46:88:44:6e:4f:e4,6189,9,0,0,-24,S,5c:62:8b:66:67:d2"
1791489201.777,"B,24095,10,5c:62:8b:66:67:d2,0,0,6357,15,-50,A,5c:62:8b:66:67:d2"
1791489201.777,"B,24095,10,72:3b:01:24:b7:c8,28,1,0,0,-21,S,5c:62:8b:66:67:d2"
1791489201.777,"B,24095,10,b2:db:ca:e6:29:a6,140,5,0,0,-26,S,5c:62:8b:66:67:d2"
1791489201.777,"B,24195,10,a6:4c:bd:b6:c7:99,90,3,0,0,-78,S,78:8c:b5:f5:e7:26"
1791489201.777,"B,24195,10,78:8c:b5:f5:e7:26,0,0,90,3,-72,A,78:8c:b5:f5:e7:26"
1791489201.777,"B,24195,10,46:88:44:6e:4f:e4,7361,9,0,0,-24,S,5c:62:8b:66:67:d2"
1791489201.777,"B,24195,10,5c:62:8b:66:67:d2,0,0,7501,14,-49,A,5c:62:8b:66:67:d2"
1791489201.777,"B,24195,10,72:3b:01:24:b7:c8,84,3,0,0,-21,S,5c:62:8b:66:67:d2"
1791489201.777,"B,24195,10,b2:db:ca:e6:29:a6,56,2,0,0,-29,S,5c:62:8b:66:67:d2"
1791489201.977,"B,24295,10,46:88:44:6e:4f:e4,5429,7,0,0,-25,S,5c:62:8b:66:67:d2"
1791489201.977,"B,24295,10,5c:62:8b:66:67:d2,0,0,5597,13,-52,A,5c:62:8b:66:67:d2"
1791489201.977,"B,24295,10,72:3b:01:24:b7:c8,112,4,0,0,-21,S,5c:62:8b:66:67:d2"
1791489201.977,"B,24295,10,b2:db:ca:e6:29:a6,56,2,0,0,-26,S,5c:62:8b:66:67:d2"
1791489201.977,"B,24395,10,a6:4c:bd:b6:c7:99,30,1,0,0,-79,S,78:8c:b5:f5:e7:26"
1791489201.977,"B,24395,10,78:8c:b5:f5:e7:26,0,0,30,1,-72,A,78:8c:b5:f5:e7:26"
1791489201.977,"B,24395,10,46:88:44:6e:4f:e4,1078,4,0,0,-26,S,5c:62:8b:66:67:d2"
1791489201.977,"B,24395,10,5c:62:8b:66:67:d2,0,0,1190,8,-49,A,5c:62:8b:66:67:d2"
1791489201.977,"B,24395,10,72:3b:01:24:b7:c8,56,2,0,0,-21,S,5c:62:8b:66:67:d2"
1791489201.977,"B,24395,10,b2:db:ca:e6:29:a6,56,2,0,0,-27,S,5c:62:8b:66:67:d2"
1791489201.977,"B,24495,10,46:88:44:6e:4f:e4,5723,7,0,0,-26,S,5c:62:8b:66:67:d2"
1791489201.977,"B,24495,10,5c:62:8b:66:67:d2,0,0,5751,8,-49,A,5c:62:8b:66:67:d2"
1791489201.977,"B,24495,10,72:3b:01:24:b7:c8,28,1,0,0,-21,S,5c:62:8b:66:67:d2"
1791489202.178,"B,24595,10,46:88:44:6e:4f:e4,5731,8,0,0,-26,S,5c:62:8b:66:67:d2"
1791489202.178,"B,24595,10,5c:62:8b:66:67:d2,0,0,5871,13,-48,A,5c:62:8b:66:67:d2"
1791489202.178,"B,24595,10,72:3b:01:24:b7:c8,84,3,0,0,-21,S,5c:62:8b:66:67:d2"
1791489202.178,"B,24595,10,b2:db:ca:e6:29:a6,56,2,0,0,-27,S,5c:62:8b:66:67:d2"
1791489202.178,"B,24695,10,78:8c:b5:f5:e7:26,80,1,0,0,-76,A,78:8c:b5:f5:e7:26"
1791489202.178,"B,24695,10,46:88:44:6e:4f:e4,6722,9,0,0,-26,S,5c:62:8b:66:67:d2"
1791489202.178,"B,24695,10,5c:62:8b:66:67:d2,0,0,6862,14,-47,A,5c:62:8b:66:67:d2"
1791489202.378,"B,24695,10,72:3b:01:24:b7:c8,84,3,0,0,-21,S,5c:62:8b:66:67:d2"
1791489202.378,"B,24695,10,b2:db:ca:e6:29:a6,56,2,0,0,-27,S,5c:62:8b:66:67:d2"
1791489202.378,"B,24795,10,46:88:44:6e:4f:e4,3720,7,0,0,-27,S,5c:62:8b:66:67:d2"
1791489202.378,"B,24795,10,5c:62:8b:66:67:d2,0,0,3776,9,-50,A,5c:62:8b:66:67:d2"
1791489202.378,"B,24795,10,b2:db:ca:e6:29:a6,56,2,0,0,-29,S,5c:62:8b:66:67:d2"
1791489202.378,"B,24895,10,a6:4c:bd:b6:c7:99,30,1,0,0,-81,S,78:8c:b5:f5:e7:26"
1791489202.378,"B,24895,10,78:8c:b5:f5:e7:26,0,0,30,1,0,A,78:8c:b5:f5:e7:26"
1791489202.578,"B,24895,10,46:88:44:6e:4f:e4,1078,4,0,0,-27,S,5c:62:8b:66:67:d2"
1791489202.578,"B,24895,10,5c:62:8b:66:67:d2,3150,9,1134,6,-49,A,5c:62:8b:66:67:d2"
1791489202.578,"B,24895,10,72:3b:01:24:b7:c8,0,0,3150,9,0,S,5c:62:8b:66:67:d2"
1791489202.578,"B,24895,10,b2:db:ca:e6:29:a6,56,2,0,0,-28,S,5c:62:8b:66:67:d2"
1791489202.578,"B,24995,10,a6:4c:bd:b6:c7:99,698,8,0,0,-81,S,78:8c:b5:f5:e7:26"
1791489202.578,"B,24995,10,78:8c:b5:f5:e7:26,0,0,698,8,-72,A,78:8c:b5:f5:e7:26"
1791489202.578,"B,24995,10,46:88:44:6e:4f:e4,6213,8,0,0,-27,S,5c:62:8b:66:67:d2"
1791489202.578,"B,24995,10,5c:62:8b:66:67:d2,0,0,6409,15,-49,A,5c:62:8b:66:67:d2"
1791489202.578,"B,24995,10,72:3b:01:24:b7:c8,112,4,0,0,-21,S,5c:62:8b:66:67:d2"
1791489202.578,"B,24995,10,b2:db:ca:e6:29:a6,84,3,0,0,-27,S,5c:62:8b:66:67:d2"
1791489202.779,"B,25095,10,46:88:44:6e:4f:e4,5803,8,0,0,-26,S,5c:62:8b:66:67:d2"
1791489202.779,"B,25095,10,5c:62:8b:66:67:d2,0,0,5999,15,-52,A,5c:62:8b:66:67:d2"
1791489202.779,"B,25095,10,72:3b:01:24:b7:c8,140,5,0,0,-21,S,5c:62:8b:66:67:d2"
1791489202.779,"B,25095,10,b2:db:ca:e6:29:a6,56,2,0,0,-29,S,5c:62:8b:66:67:d2"
1791489202.779,"I,25100,stat,rx=4927,drops=0,ch=10,bin=100,hop=0,heap=203056"
1791489202.779,"B,25195,10,46:88:44:6e:4f:e4,5723,8,0,0,-25,S,5c:62:8b:66:67:d2"
1791489202.779,"B,25195,10,5c:62:8b:66:67:d2,0,0,5863,13,-51,A,5c:62:8b:66:67:d2"
1791489202.779,"B,25195,10,72:3b:01:24:b7:c8,56,2,0,0,-21,S,5c:62:8b:66:67:d2"
1791489202.779,"B,25195,10,b2:db:ca:e6:29:a6,84,3,0,0,-28,S,5c:62:8b:66:67:d2"
1791489202.779,"B,25295,10,46:88:44:6e:4f:e4,6399,10,0,0,-25,S,5c:62:8b:66:67:d2"
1791489202.779,"B,25295,10,5c:62:8b:66:67:d2,0,0,6455,12,-49,A,5c:62:8b:66:67:d2"
1791489202.779,"B,25295,10,b2:db:ca:e6:29:a6,56,2,0,0,-28,S,5c:62:8b:66:67:d2"
1791489202.979,"B,25395,10,46:88:44:6e:4f:e4,9395,11,0,0,-25,S,5c:62:8b:66:67:d2"
1791489202.979,"B,25395,10,5c:62:8b:66:67:d2,0,0,9451,13,-52,A,5c:62:8b:66:67:d2"
1791489202.979,"B,25395,10,72:3b:01:24:b7:c8,56,2,0,0,-21,S,5c:62:8b:66:67:d2"
1791489202.979,"B,25495,10,a6:4c:bd:b6:c7:99,60,2,0,0,-81,S,78:8c:b5:f5:e7:26"
1791489202.979,"B,25495,10,78:8c:b5:f5:e7:26,0,0,60,2,-71,A,78:8c:b5:f5:e7:26"
1791489202.979,"B,25495,10,46:88:44:6e:4f:e4,5771,8,0,0,-26,S,5c:62:8b:66:67:d2"
1791489202.979,"B,25495,10,5c:62:8b:66:67:d2,2450,7,5827,10,-48,A,5c:62:8b:66:67:d2"
1791489202.979,"B,25495,10,72:3b:01:24:b7:c8,0,0,2450,7,0,S,5c:62:8b:66:67:d2"
1791489202.979,"B,25495,10,b2:db:ca:e6:29:a6,56,2,0,0,-28,S,5c:62:8b:66:67:d2"
1791489203.179,"B,25595,10,78:8c:b5:f5:e7:26,80,1,0,0,-77,A,78:8c:b5:f5:e7:26"
1791489203.179,"B,25595,10,46:88:44:6e:4f:e4,700,2,0,0,-27,S,5c:62:8b:66:67:d2"
1791489203.179,"B,25595,10,5c:62:8b:66:67:d2,0,0,868,8,-49,A,5c:62:8b:66:67:d2"
1791489203.179,"B,25595,10,72:3b:01:24:b7:c8,112,4,0,0,-21,S,5c:62:8b:66:67:d2"
1791489203.179,"B,25595,10,b2:db:ca:e6:29:a6,56,2,0,0,-28,S,5c:62:8b:66:67:d2"
1791489203.179,"B,25695,10,a6:4c:bd:b6:c7:99,220,2,0,0,-84,S,78:8c:b5:f5:e7:26"
1791489203.179,"B,25695,10,78:8c:b5:f5:e7:26,0,0,220,2,-71,A,78:8c:b5:f5:e7:26"
1791489203.179,"B,25695,10,46:88:44:6e:4f:e4,5811,8,0,0,-26,S,5c:62:8b:66:67:d2"
1791489203.179,"B,25695,10,5c:62:8b:66:67:d2,0,0,5895,11,-50,A,5c:62:8b:66:67:d2"
1791489203.179,"B,25695,10,72:3b:01:24:b7:c8,28,1,0,0,-21,S,5c:62:8b:66:67:d2"
1791489203.179,"B,25695,10,b2:db:ca:e6:29:a6,56,2,0,0,-29,S,5c:62:8b:66:67:d2"
1791489203.380,"B,25795,10,46:88:44:6e:4f:e4,6225,9,0,0,-27,S,5c:62:8b:66:67:d2"
1791489203.380,"B,25795,10,5c:62:8b:66:67:d2,0,0,6477,18,-48,A,5c:62:8b:66:67:d2"
1791489203.380,"B,25795,10,72:3b:01:24:b7:c8,196,7,0,0,-21,S,5c:62:8b:66:67:d2"
1791489203.380,"B,25795,10,b2:db:ca:e6:29:a6,56,2,0,0,-27,S,5c:62:8b:66:67:d2"
1791489203.380,"M,25884,slot,1,1"
1791489203.380,"B,25895,10,46:88:44:6e:4f:e4,6221,9,0,0,-28,S,5c:62:8b:66:67:d2"
1791489203.380,"B,25895,10,5c:62:8b:66:67:d2,0,0,6249,10,-51,A,5c:62:8b:66:67:d2"
1791489203.380,"B,25895,10,b2:db:ca:e6:29:a6,28,1,0,0,-28,S,5c:62:8b:66:67:d2"
1791489203.582,"B,25995,10,a6:4c:bd:b6:c7:99,30,1,0,0,-88,S,78:8c:b5:f5:e7:26"
1791489203.582,"B,25995,10,78:8c:b5:f5:e7:26,0,0,30,1,-71,A,78:8c:b5:f5:e7:26"
1791489203.582,"B,25995,10,46:88:44:6e:4f:e4,1078,4,0,0,-28,S,5c:62:8b:66:67:d2"
1791489203.582,"B,25995,10,5c:62:8b:66:67:d2,0,0,1190,8,-50,A,5c:62:8b:66:67:d2"
1791489203.582,"B,25995,10,72:3b:01:24:b7:c8,84,3,0,0,-21,S,5c:62:8b:66:67:d2"
1791489203.582,"B,25995,10,b2:db:ca:e6:29:a6,28,1,0,0,-28,S,5c:62:8b:66:67:d2"
1791489203.582,"B,26095,10,46:88:44:6e:4f:e4,12515,13,0,0,-28,S,5c:62:8b:66:67:d2"
1791489203.582,"B,26095,10,5c:62:8b:66:67:d2,0,0,12683,19,-51,A,5c:62:8b:66:67:d2"
1791489203.582,"B,26095,10,72:3b:01:24:b7:c8,112,4,0,0,-21,S,5c:62:8b:66:67:d2"
1791489203.582,"B,26095,10,b2:db:ca:e6:29:a6,56,2,0,0,-29,S,5c:62:8b:66:67:d2"
1791489203.783,"B,26195,10,46:88:44:6e:4f:e4,1840,4,0,0,-28,S,5c:62:8b:66:67:d2"
1791489203.783,"B,26195,10,5c:62:8b:66:67:d2,0,0,1924,7,-51,A,5c:62:8b:66:67:d2"
1791489203.783,"B,26195,10,b2:db:ca:e6:29:a6,84,3,0,0,-28,S,5c:62:8b:66:67:d2"
1791489203.783,"B,26295,10,46:88:44:6e:4f:e4,5859,8,0,0,-28,S,5c:62:8b:66:67:d2"
1791489203.783,"B,26295,10,5c:62:8b:66:67:d2,0,0,6055,15,-51,A,5c:62:8b:66:67:d2"
1791489203.783,"B,26295,10,72:3b:01:24:b7:c8,140,5,0,0,-21,S,5c:62:8b:66:67:d2"
1791489203.783,"B,26295,10,b2:db:ca:e6:29:a6,56,2,0,0,-29,S,5c:62:8b:66:67:d2"
1791489203.984,"B,26395,10,46:88:44:6e:4f:e4,4771,8,0,0,-28,S,5c:62:8b:66:67:d2"
1791489203.984,"B,26395,10,5c:62:8b:66:67:d2,0,0,5023,17,-48,A,5c:62:8b:66:67:d2"
1791489203.984,"B,26395,10,72:3b:01:24:b7:c8,252,9,0,0,-21,S,5c:62:8b:66:67:d2"
1791489203.984,"B,26495,10,46:88:44:6e:4f:e4,6595,10,0,0,-28,S,5c:62:8b:66:67:d2"
1791489203.984,"B,26495,10,5c:62:8b:66:67:d2,0,0,6623,11,-51,A,5c:62:8b:66:67:d2"
1791489203.984,"B,26495,10,b2:db:ca:e6:29:a6,28,1,0,0,-29,S,5c:62:8b:66:67:d2"
1791489204.186,"B,26595,10,46:88:44:6e:4f:e4,7506,10,0,0,-28,S,5c:62:8b:66:67:d2"
1791489204.186,"B,26595,10,5c:62:8b:66:67:d2,0,0,7534,11,-48,A,5c:62:8b:66:67:d2"
1791489204.186,"B,26595,10,72:3b:01:24:b7:c8,28,1,0,0,-21,S,5c:62:8b:66:67:d2"
1791489204.186,"B,26695,10,a6:4c:bd:b6:c7:99,60,2,0,0,-85,S,78:8c:b5:f5:e7:26"
1791489204.186,"B,26695,10,78:8c:b5:f5:e7:26,0,0,60,2,-73,A,78:8c:b5:f5:e7:26"
1791489204.186,"B,26695,10,46:88:44:6e:4f:e4,5133,7,0,0,-27,S,5c:62:8b:66:67:d2"
1791489204.186,"B,26695,10,5c:62:8b:66:67:d2,0,0,5329,14,-48,A,5c:62:8b:66:67:d2"
1791489204.186,"B,26695,10,72:3b:01:24:b7:c8,196,7,0,0,-21,S,5c:62:8b:66:67:d2"
1791489204.388,"B,26795,10,46:88:44:6e:4f:e4,3322,5,0,0,-28,S,5c:62:8b:66:67:d2"
1791489204.388,"B,26795,10,5c:62:8b:66:67:d2,0,0,3322,5,-50,A,5c:62:8b:66:67:d2"
1791489204.388,"B,26795,10,64:d1:54:63:44:f4,98,1,0,0,-86,A,64:d1:54:63:44:f4"
1791489204.388,"B,26895,10,46:88:44:6e:4f:e4,8887,10,0,0,-27,S,5c:62:8b:66:67:d2"
1791489204.388,"B,26895,10,5c:62:8b:66:67:d2,0,0,9027,15,-48,A,5c:62:8b:66:67:d2"
1791489204.388,"B,26895,10,72:3b:01:24:b7:c8,140,5,0,0,-21,S,5c:62:8b:66:67:d2"
1791489204.591,"B,26995,10,46:88:44:6e:4f:e4,6253,9,0,0,-26,S,5c:62:8b:66:67:d2"
1791489204.591,"B,26995,10,5c:62:8b:66:67:d2,0,0,6337,12,-50,A,5c:62:8b:66:67:d2"
1791489204.591,"B,26995,10,72:3b:01:24:b7:c8,84,3,0,0,-21,S,5c:62:8b:66:67:d2"
1791489204.591,"B,27095,10,46:88:44:6e:4f:e4,8919,10,0,0,-27,S,5c:62:8b:66:67:d2"
1791489204.591,"B,27095,10,5c:62:8b:66:67:d2,0,0,8919,10,-52,A,5c:62:8b:66:67:d2"
1791489204.795,"B,27195,10,46:88:44:6e:4f:e4,6053,9,0,0,-26,S,5c:62:8b:66:67:d2"
1791489204.795,"B,27195,10,5c:62:8b:66:67:d2,0,0,6193,14,-49,A,5c:62:8b:66:67:d2"
1791489204.795,"B,27195,10,72:3b:01:24:b7:c8,140,5,0,0,-21,S,5c:62:8b:66:67:d2"
1791489204.795,"B,27295,10,46:88:44:6e:4f:e4,1400,4,0,0,-25,S,5c:62:8b:66:67:d2"
1791489204.795,"B,27295,10,5c:62:8b:66:67:d2,0,0,1484,7,-48,A,5c:62:8b:66:67:d2"
1791489204.795,"B,27295,10,72:3b:01:24:b7:c8,28,1,0,0,-21,S,5c:62:8b:66:67:d2"
1791489204.795,"B,27295,10,b2:db:ca:e6:29:a6,56,2,0,0,-28,S,5c:62:8b:66:67:d2"
1791489204.997,"B,27395,10,46:88:44:6e:4f:e4,6694,8,0,0,-25,S,5c:62:8b:66:67:d2"
1791489204.997,"B,27395,10,5c:62:8b:66:67:d2,0,0,6722,9,-50,A,5c:62:8b:66:67:d2"
1791489204.997,"B,27395,10,b2:db:ca:e6:29:a6,28,1,0,0,-28,S,5c:62:8b:66:67:d2"
1791489204.997,"B,27495,10,46:88:44:6e:4f:e4,7257,9,0,0,-26,S,5c:62:8b:66:67:d2"
1791489204.997,"B,27495,10,5c:62:8b:66:67:d2,0,0,7453,16,-50,A,5c:62:8b:66:67:d2"
1791489204.997,"B,27495,10,72:3b:01:24:b7:c8,140,5,0,0,-21,S,5c:62:8b:66:67:d2"
1791489204.997,"B,27495,10,b2:db:ca:e6:29:a6,56,2,0,0,-29,S,5c:62:8b:66:67:d2"
1791489205.199,"B,27595,10,46:88:44:6e:4f:e4,5867,8,0,0,-25,S,5c:62:8b:66:67:d2"
1791489205.199,"B,27595,10,5c:62:8b:66:67:d2,0,0,5951,11,-47,A,5c:62:8b:66:67:d2"
1791489205.199,"B,27595,10,72:3b:01:24:b7:c8,28,1,0,0,-21,S,5c:62:8b:66:67:d2"
1791489205.199,"B,27595,10,b2:db:ca:e6:29:a6,56,2,0,0,-28,S,5c:62:8b:66:67:d2"
1791489205.199,"B,27595,10,38:d5:7a:f4:5a:37,30,1,0,0,-93,S,8a:ce:16:78:6f:dc"
1791489205.199,"B,27595,10,8a:ce:16:78:6f:dc,0,0,30,1,0,A,8a:ce:16:78:6f:dc"
1791489205.199,"B,27695,10,a6:4c:bd:b6:c7:99,30,1,0,0,-85,S,78:8c:b5:f5:e7:26"
1791489205.199,"B,27695,10,78:8c:b5:f5:e7:26,0,0,30,1,-73,A,78:8c:b5:f5:e7:26"
1791489205.199,"B,27695,10,46:88:44:6e:4f:e4,6329,9,0,0,-25,S,5c:62:8b:66:67:d2"
1791489205.199,"B,27695,10,5c:62:8b:66:67:d2,0,0,6413,12,0,A,5c:62:8b:66:67:d2"
1791489205.199,"B,27695,10,72:3b:01:24:b7:c8,56,2,0,0,-21,S,5c:62:8b:66:67:d2"
1791489205.199,"B,27695,10,b2:db:ca:e6:29:a6,28,1,0,0,-30,S,5c:62:8b:66:67:d2"
1791489205.404,"B,27795,10,46:88:44:6e:4f:e4,5775,8,0,0,-25,S,5c:62:8b:66:67:d2"
1791489205.404,"B,27795,10,5c:62:8b:66:67:d2,0,0,6027,17,-49,A,5c:62:8b:66:67:d2"
1791489205.404,"B,27795,10,72:3b:01:24:b7:c8,196,7,0,0,-21,S,5c:62:8b:66:67:d2"
1791489205.404,"B,27795,10,b2:db:ca:e6:29:a6,56,2,0,0,-28,S,5c:62:8b:66:67:d2"
1791489205.404,"B,27895,10,46:88:44:6e:4f:e4,1050,3,0,0,-26,S,5c:62:8b:66:67:d2"
1791489205.404,"B,27895,10,5c:62:8b:66:67:d2,0,0,1134,6,-49,A,5c:62:8b:66:67:d2"
1791489205.404,"B,27895,10,72:3b:01:24:b7:c8,28,1,0,0,-22,S,5c:62:8b:66:67:d2"
1791489205.404,"B,27895,10,b2:db:ca:e6:29:a6,56,2,0,0,-28,S,5c:62:8b:66:67:d2"
1791489205.608,"B,27995,10,46:88:44:6e:4f:e4,6205,10,0,0,-25,S,5c:62:8b:66:67:d2"
1791489205.608,"B,27995,10,5c:62:8b:66:67:d2,0,0,6345,15,-51,A,5c:62:8b:66:67:d2"
1791489205.608,"B,27995,10,72:3b:01:24:b7:c8,84,3,0,0,-21,S,5c:62:8b:66:67:d2"
1791489205.608,"B,27995,10,b2:db:ca:e6:29:a6,56,2,0,0,-27,S,5c:62:8b:66:67:d2"
1791489205.608,"B,28095,10,a6:4c:bd:b6:c7:99,30,1,0,0,-85,S,78:8c:b5:f5:e7:26"
1791489205.608,"B,28095,10,78:8c:b5:f5:e7:26,0,0,30,1,-74,A,78:8c:b5:f5:e7:26"
1791489205.608,"B,28095,10,46:88:44:6e:4f:e4,6269,8,0,0,-25,S,5c:62:8b:66:67:d2"
1791489205.608,"B,28095,10,5c:62:8b:66:67:d2,0,0,6437,14,-51,A,5c:62:8b:66:67:d2"
1791489205.608,"B,28095,10,72:3b:01:24:b7:c8,84,3,0,0,-21,S,5c:62:8b:66:67:d2"
1791489205.608,"B,28095,10,b2:db:ca:e6:29:a6,84,3,0,0,-28,S,5c:62:8b:66:67:d2"
1791489205.812,"B,28195,10,a6:4c:bd:b6:c7:99,30,1,0,0,-85,S,78:8c:b5:f5:e7:26"
1791489205.812,"B,28195,10,78:8c:b5:f5:e7:26,0,0,30,1,-74,A,78:8c:b5:f5:e7:26"
1791489205.812,"B,28195,10,46:88:44:6e:4f:e4,7636,10,0,0,-25,S,5c:62:8b:66:67:d2"
1791489205.812,"B,28195,10,5c:62:8b:66:67:d2,0,0,7664,11,-51,A,5c:62:8b:66:67:d2"
1791489205.812,"B,28195,10,72:3b:01:24:b7:c8,28,1,0,0,-22,S,5c:62:8b:66:67:d2"
1791489205.812,"B,28195,10,38:d5:7a:f4:5a:37,30,1,0,0,-93,S,8a:ce:16:78:6f:dc"
1791489205.812,"B,28195,10,8a:ce:16:78:6f:dc,0,0,30,1,0,A,8a:ce:16:78:6f:dc"
1791489205.812,"B,28295,10,46:88:44:6e:4f:e4,5517,7,0,0,-24,S,5c:62:8b:66:67:d2"
1791489205.812,"B,28295,10,5c:62:8b:66:67:d2,0,0,5657,12,-51,A,5c:62:8b:66:67:d2"
1791489205.812,"B,28295,10,72:3b:01:24:b7:c8,84,3,0,0,-21,S,5c:62:8b:66:67:d2"
1791489205.812,"B,28295,10,b2:db:ca:e6:29:a6,56,2,0,0,-27,S,5c:62:8b:66:67:d2"
1791489206.017,"B,28395,10,a6:4c:bd:b6:c7:99,30,1,0,0,-85,S,78:8c:b5:f5:e7:26"
1791489206.017,"B,28395,10,78:8c:b5:f5:e7:26,0,0,30,1,-73,A,78:8c:b5:f5:e7:26"
1791489206.017,"B,28395,10,46:88:44:6e:4f:e4,6810,9,0,0,-25,S,5c:62:8b:66:67:d2"
1791489206.017,"B,28395,10,5c:62:8b:66:67:d2,0,0,7034,17,-50,A,5c:62:8b:66:67:d2"
1791489206.017,"B,28395,10,72:3b:01:24:b7:c8,168,6,0,0,-21,S,5c:62:8b:66:67:d2"
1791489206.017,"B,28395,10,b2:db:ca:e6:29:a6,56,2,0,0,-27,S,5c:62:8b:66:67:d2"
1791489206.017,"B,28495,10,a6:4c:bd:b6:c7:99,90,3,0,0,-86,S,78:8c:b5:f5:e7:26"
1791489206.017,"B,28495,10,78:8c:b5:f5:e7:26,0,0,90,3,-74,A,78:8c:b5:f5:e7:26"
1791489206.017,"B,28495,10,46:88:44:6e:4f:e4,2121,5,0,0,-25,S,5c:62:8b:66:67:d2"
1791489206.017,"B,28495,10,5c:62:8b:66:67:d2,0,0,2233,9,-48,A,5c:62:8b:66:67:d2"
1791489206.017,"B,28495,10,72:3b:01:24:b7:c8,56,2,0,0,-21,S,5c:62:8b:66:67:d2"
1791489206.017,"B,28495,10,b2:db:ca:e6:29:a6,56,2,0,0,-27,S,5c:62:8b:66:67:d2"
1791489206.222,"B,28595,10,46:88:44:6e:4f:e4,4834,8,138,1,-25,S,5c:62:8b:66:67:d2"
1791489206.222,"B,28595,10,5c:62:8b:66:67:d2,138,1,5002,14,-49,A,5c:62:8b:66:67:d2"
1791489206.222,"B,28595,10,72:3b:01:24:b7:c8,112,4,0,0,-21,S,5c:62:8b:66:67:d2"
1791489206.222,"B,28595,10,b2:db:ca:e6:29:a6,56,2,0,0,-27,S,5c:62:8b:66:67:d2"
1791489206.222,"B,28695,10,46:88:44:6e:4f:e4,7817,10,0,0,-25,S,5c:62:8b:66:67:d2"
1791489206.222,"B,28695,10,5c:62:8b:66:67:d2,0,0,7845,11,-49,A,5c:62:8b:66:67:d2"
1791489206.222,"B,28695,10,72:3b:01:24:b7:c8,28,1,0,0,-22,S,5c:62:8b:66:67:d2"
1791489206.427,"B,28795,10,a6:4c:bd:b6:c7:99,30,1,0,0,-85,S,78:8c:b5:f5:e7:26"
1791489206.427,"B,28795,10,78:8c:b5:f5:e7:26,0,0,30,1,-73,A,78:8c:b5:f5:e7:26"
1791489206.427,"B,28795,10,46:88:44:6e:4f:e4,5823,8,0,0,-25,S,5c:62:8b:66:67:d2"
1791489206.427,"B,28795,10,5c:62:8b:66:67:d2,0,0,5935,12,-47,A,5c:62:8b:66:67:d2"
1791489206.427,"B,28795,10,72:3b:01:24:b7:c8,56,2,0,0,-21,S,5c:62:8b:66:67:d2"
1791489206.427,"B,28795,10,b2:db:ca:e6:29:a6,56,2,0,0,-28,S,5c:62:8b:66:67:d2"
1791489206.427,"B,28895,10,46:88:44:6e:4f:e4,5839,8,0,0,-26,S,5c:62:8b:66:67:d2"
1791489206.427,"B,28895,10,5c:62:8b:66:67:d2,0,0,5951,12,-48,A,5c:62:8b:66:67:d2"
1791489206.427,"B,28895,10,72:3b:01:24:b7:c8,56,2,0,0,-21,S,5c:62:8b:66:67:d2"
1791489206.427,"B,28895,10,b2:db:ca:e6:29:a6,56,2,0,0,-27,S,5c:62:8b:66:67:d2"
1791489206.632,"B,28995,10,a6:4c:bd:b6:c7:99,30,1,0,0,-87,S,78:8c:b5:f5:e7:26"
1791489206.632,"B,28995,10,78:8c:b5:f5:e7:26,0,0,30,1,-71,A,78:8c:b5:f5:e7:26"
1791489206.632,"B,28995,10,46:88:44:6e:4f:e4,5799,8,0,0,-26,S,5c:62:8b:66:67:d2"
1791489206.632,"B,28995,10,5c:62:8b:66:67:d2,0,0,6051,17,-48,A,5c:62:8b:66:67:d2"
1791489206.632,"B,28995,10,72:3b:01:24:b7:c8,168,6,0,0,-21,S,5c:62:8b:66:67:d2"
1791489206.632,"B,28995,10,b2:db:ca:e6:29:a6,84,3,0,0,-28,S,5c:62:8b:66:67:d2"
1791489206.632,"B,29095,10,46:88:44:6e:4f:e4,1078,4,0,0,-26,S,5c:62:8b:66:67:d2"
1791489206.632,"B,29095,10,5c:62:8b:66:67:d2,0,0,1274,11,-48,A,5c:62:8b:66:67:d2"
1791489206.632,"B,29095,10,72:3b:01:24:b7:c8,168,6,0,0,-21,S,5c:62:8b:66:67:d2"
1791489206.632,"B,29095,10,b2:db:ca:e6:29:a6,28,1,0,0,-27,S,5c:62:8b:66:67:d2"
1791489206.835,"B,29195,10,a6:4c:bd:b6:c7:99,30,1,0,0,-87,S,78:8c:b5:f5:e7:26"
1791489206.835,"B,29195,10,78:8c:b5:f5:e7:26,0,0,30,1,-72,A,78:8c:b5:f5:e7:26"
1791489206.835,"B,29195,10,46:88:44:6e:4f:e4,5675,7,0,0,-26,S,5c:62:8b:66:67:d2"
1791489206.835,"B,29195,10,5c:62:8b:66:67:d2,0,0,5731,9,-48,A,5c:62:8b:66:67:d2"
1791489206.835,"B,29195,10,b2:db:ca:e6:29:a6,56,2,0,0,-27,S,5c:62:8b:66:67:d2"
1791489206.835,"B,29295,10,46:88:44:6e:4f:e4,5815,8,0,0,-27,S,5c:62:8b:66:67:d2"
1791489206.835,"B,29295,10,5c:62:8b:66:67:d2,0,0,5955,13,-48,A,5c:62:8b:66:67:d2"
1791489206.835,"B,29295,10,72:3b:01:24:b7:c8,84,3,0,0,-21,S,5c:62:8b:66:67:d2"
1791489206.835,"B,29295,10,b2:db:ca:e6:29:a6,56,2,0,0,-28,S,5c:62:8b:66:67:d2"
1791489207.039,"B,29395,10,46:88:44:6e:4f:e4,3899,6,0,0,-25,S,5c:62:8b:66:67:d2"
1791489207.039,"B,29395,10,5c:62:8b:66:67:d2,0,0,4123,14,-48,A,5c:62:8b:66:67:d2"
1791489207.039,"B,29395,10,72:3b:01:24:b7:c8,168,6,0,0,-21,S,5c:62:8b:66:67:d2"
1791489207.039,"B,29395,10,b2:db:ca:e6:29:a6,56,2,0,0,-28,S,5c:62:8b:66:67:d2"
1791489207.039,"B,29495,10,46:88:44:6e:4f:e4,5133,7,0,0,-26,S,5c:62:8b:66:67:d2"
1791489207.039,"B,29495,10,5c:62:8b:66:67:d2,0,0,5189,9,-49,A,5c:62:8b:66:67:d2"
1791489207.039,"B,29495,10,b2:db:ca:e6:29:a6,56,2,0,0,-28,S,5c:62:8b:66:67:d2"
1791489207.244,"B,29595,10,78:8c:b5:f5:e7:26,302,2,0,0,-76,A,78:8c:b5:f5:e7:26"
1791489207.244,"B,29595,10,46:88:44:6e:4f:e4,4663,8,0,0,-26,S,5c:62:8b:66:67:d2"
1791489207.244,"B,29595,10,5c:62:8b:66:67:d2,0,0,4775,12,-47,A,5c:62:8b:66:67:d2"
1791489207.244,"B,29595,10,72:3b:01:24:b7:c8,84,3,0,0,-21,S,5c:62:8b:66:67:d2"
1791489207.244,"B,29595,10,b2:db:ca:e6:29:a6,28,1,0,0,-29,S,5c:62:8b:66:67:d2"
1791489207.244,"B,29695,10,46:88:44:6e:4f:e4,2121,5,0,0,-27,S,5c:62:8b:66:67:d2"
1791489207.244,"B,29695,10,5c:62:8b:66:67:d2,0,0,2373,14,-47,A,5c:62:8b:66:67:d2"
1791489207.244,"B,29695,10,72:3b:01:24:b7:c8,224,8,0,0,-21,S,5c:62:8b:66:67:d2"
1791489207.244,"B,29695,10,b2:db:ca:e6:29:a6,28,1,0,0,-28,S,5c:62:8b:66:67:d2"
1791489207.449,"B,29795,10,46:88:44:6e:4f:e4,4708,6,0,0,-27,S,5c:62:8b:66:67:d2"
1791489207.449,"B,29795,10,5c:62:8b:66:67:d2,0,0,4736,7,-48,A,5c:62:8b:66:67:d2"
1791489207.449,"B,29795,10,72:3b:01:24:b7:c8,28,1,0,0,-21,S,5c:62:8b:66:67:d2"
1791489207.449,"B,29895,10,46:88:44:6e:4f:e4,5643,8,0,0,-27,S,5c:62:8b:66:67:d2"
1791489207.449,"B,29895,10,5c:62:8b:66:67:d2,0,0,5727,11,-47,A,5c:62:8b:66:67:d2"
1791489207.449,"B,29895,10,72:3b:01:24:b7:c8,28,1,0,0,-21,S,5c:62:8b:66:67:d2"
1791489207.449,"B,29895,10,b2:db:ca:e6:29:a6,56,2,0,0,-28,S,5c:62:8b:66:67:d2"
1791489207.654,"B,29995,10,46:88:44:6e:4f:e4,5623,8,0,0,-27,S,5c:62:8b:66:67:d2"
1791489207.654,"B,29995,10,5c:62:8b:66:67:d2,0,0,5875,17,-48,A,5c:62:8b:66:67:d2"
1791489207.654,"B,29995,10,72:3b:01:24:b7:c8,168,6,0,0,-21,S,5c:62:8b:66:67:d2"
1791489207.654,"B,29995,10,b2:db:ca:e6:29:a6,84,3,0,0,-28,S,5c:62:8b:66:67:d2"
1791489207.654,"B,30095,10,46:88:44:6e:4f:e4,5627,8,0,0,-27,S,5c:62:8b:66:67:d2"
1791489207.654,"B,30095,10,5c:62:8b:66:67:d2,0,0,5711,11,-48,A,5c:62:8b:66:67:d2"
1791489207.654,"B,30095,10,b2:db:ca:e6:29:a6,84,3,0,0,-27,S,5c:62:8b:66:67:d2"
1791489207.654,"I,30100,stat,rx=5797,drops=0,ch=10,bin=100,hop=0,heap=203056"
1791489207.856,"B,30195,10,46:88:44:6e:4f:e4,6698,9,0,0,-27,S,5c:62:8b:66:67:d2"
1791489207.856,"B,30195,10,5c:62:8b:66:67:d2,0,0,6866,15,-48,A,5c:62:8b:66:67:d2"
1791489207.856,"B,30195,10,72:3b:01:24:b7:c8,140,5,0,0,-28,S,5c:62:8b:66:67:d2"
1791489207.856,"B,30195,10,b2:db:ca:e6:29:a6,28,1,0,0,-29,S,5c:62:8b:66:67:d2"
1791489207.856,"B,30295,10,46:88:44:6e:4f:e4,1050,3,0,0,-27,S,5c:62:8b:66:67:d2"
1791489207.856,"B,30295,10,5c:62:8b:66:67:d2,0,0,1246,10,-47,A,5c:62:8b:66:67:d2"
1791489207.856,"B,30295,10,72:3b:01:24:b7:c8,140,5,0,0,-37,S,5c:62:8b:66:67:d2"
1791489207.856,"B,30295,10,b2:db:ca:e6:29:a6,56,2,0,0,-28,S,5c:62:8b:66:67:d2"
1791489208.062,"B,30395,10,a6:4c:bd:b6:c7:99,30,1,0,0,-87,S,78:8c:b5:f5:e7:26"
1791489208.062,"B,30395,10,78:8c:b5:f5:e7:26,0,0,58,2,-73,A,78:8c:b5:f5:e7:26"
1791489208.062,"B,30395,10,46:88:44:6e:4f:e4,5821,8,0,0,-27,S,5c:62:8b:66:67:d2"
1791489208.062,"B,30395,10,5c:62:8b:66:67:d2,0,0,6101,18,-48,A,5c:62:8b:66:67:d2"
1791489208.062,"B,30395,10,72:3b:01:24:b7:c8,224,8,0,0,-21,S,5c:62:8b:66:67:d2"
1791489208.062,"B,30395,10,b2:db:ca:e6:29:a6,56,2,0,0,-28,S,5c:62:8b:66:67:d2"
1791489208.062,"B,30395,10,00:08:22:24:d6:fb,28,1,0,0,-84,S,78:8c:b5:f5:e7:26"
1791489208.062,"B,30495,10,78:8c:b5:f5:e7:26,80,1,28,1,-76,A,78:8c:b5:f5:e7:26"
1791489208.062,"B,30495,10,46:88:44:6e:4f:e4,5909,9,0,0,-27,S,5c:62:8b:66:67:d2"
1791489208.062,"B,30495,10,5c:62:8b:66:67:d2,0,0,6161,18,-48,A,5c:62:8b:66:67:d2"
1791489208.062,"B,30495,10,72:3b:01:24:b7:c8,196,7,0,0,-21,S,5c:62:8b:66:67:d2"
1791489208.062,"B,30495,10,b2:db:ca:e6:29:a6,56,2,0,0,-28,S,5c:62:8b:66:67:d2"
1791489208.062,"B,30495,10,00:08:22:24:d6:fb,28,1,0,0,-84,S,78:8c:b5:f5:e7:26"
1791489208.267,"B,30595,10,46:88:44:6e:4f:e4,5651,8,0,0,-27,S,5c:62:8b:66:67:d2"
1791489208.267,"B,30595,10,5c:62:8b:66:67:d2,0,0,5763,12,-48,A,5c:62:8b:66:67:d2"
1791489208.267,"B,30595,10,72:3b:01:24:b7:c8,84,3,0,0,-21,S,5c:62:8b:66:67:d2"
1791489208.267,"B,30595,10,b2:db:ca:e6:29:a6,28,1,0,0,-27,S,5c:62:8b:66:67:d2"
1791489208.267,"B,30695,10,78:8c:b5:f5:e7:26,0,0,28,1,-73,A,78:8c:b5:f5:e7:26"
1791489208.267,"B,30695,10,46:88:44:6e:4f:e4,7105,9,0,0,-26,S,5c:62:8b:66:67:d2"
1791489208.267,"B,30695,10,5c:62:8b:66:67:d2,0,0,7133,10,-49,A,5c:62:8b:66:67:d2"
1791489208.267,"B,30695,10,b2:db:ca:e6:29:a6,28,1,0,0,-29,S,5c:62:8b:66:67:d2"
1791489208.267,"B,30695,10,00:08:22:24:d6:fb,28,1,0,0,-84,S,78:8c:b5:f5:e7:26"
1791489208.471,"B,30795,10,46:88:44:6e:4f:e4,5571,8,0,0,-26,S,5c:62:8b:66:67:d2"
1791489208.471,"B,30795,10,5c:62:8b:66:67:d2,0,0,5795,16,-49,A,5c:62:8b:66:67:d2"
1791489208.471,"B,30795,10,72:3b:01:24:b7:c8,140,5,0,0,-21,S,5c:62:8b:66:67:d2"
1791489208.471,"B,30795,10,b2:db:ca:e6:29:a6,84,3,0,0,-27,S,5c:62:8b:66:67:d2"
1791489208.471,"B,30895,10,78:8c:b5:f5:e7:26,0,0,106,1,-74,A,78:8c:b5:f5:e7:26"
1791489208.471,"B,30895,10,46:88:44:6e:4f:e4,1050,3,0,0,-27,S,5c:62:8b:66:67:d2"
1791489208.471,"B,30895,10,5c:62:8b:66:67:d2,0,0,1246,10,-48,A,5c:62:8b:66:67:d2"
1791489208.471,"B,30895,10,72:3b:01:24:b7:c8,112,4,0,0,-21,S,5c:62:8b:66:67:d2"
1791489208.471,"B,30895,10,b2:db:ca:e6:29:a6,84,3,0,0,-27,S,5c:62:8b:66:67:d2"
1791489208.471,"B,30895,10,00:08:22:24:d6:fb,106,1,0,0,-82,S,78:8c:b5:f5:e7:26"
1791489208.471,"M,30950,slot,2,0"
1791489208.674,"B,30995,10,a6:4c:bd:b6:c7:99,30,1,0,0,-88,S,78:8c:b5:f5:e7:26"
1791489208.674,"B,30995,10,78:8c:b5:f5:e7:26,0,0,30,1,-73,A,78:8c:b5:f5:e7:26"
1791489208.674,"B,30995,10,46:88:44:6e:4f:e4,5431,8,0,0,-26,S,5c:62:8b:66:67:d2"
1791489208.674,"B,30995,10,5c:62:8b:66:67:d2,0,0,5487,10,-47,A,5c:62:8b:66:67:d2"
1791489208.674,"B,30995,10,b2:db:ca:e6:29:a6,56,2,0,0,-28,S,5c:62:8b:66:67:d2"
1791489208.674,"B,31095,10,46:88:44:6e:4f:e4,5633,9,0,0,-27,S,5c:62:8b:66:67:d2"
1791489208.674,"B,31095,10,5c:62:8b:66:67:d2,0,0,5913,19,-48,A,5c:62:8b:66:67:d2"
1791489208.674,"B,31095,10,72:3b:01:24:b7:c8,252,9,0,0,-21,S,5c:62:8b:66:67:d2"
1791489208.674,"B,31095,10,b2:db:ca:e6:29:a6,28,1,0,0,-29,S,5c:62:8b:66:67:d2"
1791489208.875,"B,31195,10,46:88:44:6e:4f:e4,10067,11,0,0,-27,S,5c:62:8b:66:67:d2"
1791489208.875,"B,31195,10,5c:62:8b:66:67:d2,0,0,10151,14,-48,A,5c:62:8b:66:67:d2"
1791489208.875,"B,31195,10,72:3b:01:24:b7:c8,56,2,0,0,-21,S,5c:62:8b:66:67:d2"
1791489208.875,"B,31195,10,b2:db:ca:e6:29:a6,28,1,0,0,-28,S,5c:62:8b:66:67:d2"
1791489208.875,"B,31295,10,46:88:44:6e:4f:e4,5657,9,0,0,-27,S,5c:62:8b:66:67:d2"
1791489208.875,"B,31295,10,5c:62:8b:66:67:d2,0,0,5853,16,-49,A,5c:62:8b:66:67:d2"
1791489208.875,"B,31295,10,72:3b:01:24:b7:c8,112,4,0,0,-21,S,5c:62:8b:66:67:d2"
1791489208.875,"B,31295,10,b2:db:ca:e6:29:a6,84,3,0,0,-28,S,5c:62:8b:66:67:d2"
1791489209.078,"B,31395,10,46:88:44:6e:4f:e4,5271,8,0,0,-27,S,5c:62:8b:66:67:d2"
1791489209.078,"B,31395,10,5c:62:8b:66:67:d2,0,0,5383,12,-48,A,5c:62:8b:66:67:d2"
1791489209.078,"B,31395,10,72:3b:01:24:b7:c8,84,3,0,0,-21,S,5c:62:8b:66:67:d2"
1791489209.078,"B,31395,10,b2:db:ca:e6:29:a6,28,1,0,0,-28,S,5c:62:8b:66:67:d2"
1791489209.078,"B,31495,10,78:8c:b5:f5:e7:26,0,0,304,1,-73,A,78:8c:b5:f5:e7:26"
1791489209.078,"B,31495,10,46:88:44:6e:4f:e4,1078,4,0,0,-27,S,5c:62:8b:66:67:d2"
1791489209.078,"B,31495,10,5c:62:8b:66:67:d2,0,0,1218,9,-48,A,5c:62:8b:66:67:d2"
1791489209.078,"B,31495,10,72:3b:01:24:b7:c8,84,3,0,0,-21,S,5c:62:8b:66:67:d2"
1791489209.078,"B,31495,10,b2:db:ca:e6:29:a6,56,2,0,0,-28,S,5c:62:8b:66:67:d2"
1791489209.078,"B,31495,10,00:08:22:24:d6:fb,304,1,0,0,-84,S,78:8c:b5:f5:e7:26"
1791489209.078,"B,31595,10,46:88:44:6e:4f:e4,6749,8,0,0,-27,S,5c:62:8b:66:67:d2"
1791489209.078,"B,31595,10,5c:62:8b:66:67:d2,0,0,6917,14,-49,A,5c:62:8b:66:67:d2"
1791489209.078,"B,31595,10,72:3b:01:24:b7:c8,112,4,0,0,-21,S,5c:62:8b:66:67:d2"
1791489209.278,"B,31595,10,b2:db:ca:e6:29:a6,56,2,0,0,-28,S,5c:62:8b:66:67:d2"
1791489209.278,"B,31695,10,46:88:44:6e:4f:e4,5125,7,0,0,-27,S,5c:62:8b:66:67:d2"
1791489209.278,"B,31695,10,5c:62:8b:66:67:d2,0,0,5209,10,-49,A,5c:62:8b:66:67:d2"
1791489209.278,"B,31695,10,72:3b:01:24:b7:c8,28,1,0,0,-21,S,5c:62:8b:66:67:d2"
1791489209.278,"B,31695,10,b2:db:ca:e6:29:a6,56,2,0,0,-28,S,5c:62:8b:66:67:d2"
1791489209.278,"B,31795,10,46:88:44:6e:4f:e4,5093,7,0,0,-27,S,5c:62:8b:66:67:d2"
1791489209.278,"B,31795,10,5c:62:8b:66:67:d2,0,0,5317,15,-50,A,5c:62:8b:66:67:d2"
1791489209.278,"B,31795,10,72:3b:01:24:b7:c8,196,7,0,0,-21,S,5c:62:8b:66:67:d2"
1791489209.478,"B,31795,10,b2:db:ca:e6:29:a6,28,1,0,0,-27,S,5c:62:8b:66:67:d2"
1791489209.478,"B,31895,10,46:88:44:6e:4f:e4,4925,7,0,0,-27,S,5c:62:8b:66:67:d2"
1791489209.478,"B,31895,10,5c:62:8b:66:67:d2,0,0,5093,13,-52,A,5c:62:8b:66:67:d2"
1791489209.478,"B,31895,10,72:3b:01:24:b7:c8,112,4,0,0,-21,S,5c:62:8b:66:67:d2"
1791489209.478,"B,31895,10,b2:db:ca:e6:29:a6,56,2,0,0,-28,S,5c:62:8b:66:67:d2"
1791489209.478,"B,31995,10,46:88:44:6e:4f:e4,5121,7,0,0,-26,S,5c:62:8b:66:67:d2"
1791489209.478,"B,31995,10,5c:62:8b:66:67:d2,0,0,5289,13,-51,A,5c:62:8b:66:67:d2"
1791489209.678,"B,31995,10,72:3b:01:24:b7:c8,112,4,0,0,-21,S,5c:62:8b:66:67:d2"
1791489209.678,"B,31995,10,b2:db:ca:e6:29:a6,56,2,0,0,-28,S,5c:62:8b:66:67:d2"
1791489209.678,"B,32095,10,46:88:44:6e:4f:e4,1428,5,0,0,-26,S,5c:62:8b:66:67:d2"
1791489209.678,"B,32095,10,5c:62:8b:66:67:d2,0,0,1512,8,0,A,5c:62:8b:66:67:d2"
1791489209.678,"B,32095,10,72:3b:01:24:b7:c8,56,2,0,0,-21,S,5c:62:8b:66:67:d2"
1791489209.678,"B,32095,10,b2:db:ca:e6:29:a6,28,1,0,0,-28,S,5c:62:8b:66:67:d2"
1791489209.678,"B,32195,10,a6:4c:bd:b6:c7:99,30,1,0,0,-86,S,78:8c:b5:f5:e7:26"
1791489209.678,"B,32195,10,78:8c:b5:f5:e7:26,0,0,30,1,-73,A,78:8c:b5:f5:e7:26"
1791489209.678,"B,32195,10,46:88:44:6e:4f:e4,5029,6,0,0,-27,S,5c:62:8b:66:67:d2"
1791489209.678,"B,32195,10,5c:62:8b:66:67:d2,0,0,5057,7,-49,A,5c:62:8b:66:67:d2"
1791489209.878,"B,32195,10,72:3b:01:24:b7:c8,28,1,0,0,-21,S,5c:62:8b:66:67:d2"
1791489209.878,"B,32295,10,46:88:44:6e:4f:e4,5247,8,0,0,-27,S,5c:62:8b:66:67:d2"
1791489209.878,"B,32295,10,5c:62:8b:66:67:d2,0,0,5387,13,-48,A,5c:62:8b:66:67:d2"
1791489209.878,"B,32295,10,72:3b:01:24:b7:c8,84,3,0,0,-21,S,5c:62:8b:66:67:d2"
1791489209.878,"B,32295,10,b2:db:ca:e6:29:a6,56,2,0,0,-28,S,5c:62:8b:66:67:d2"
1791489209.878,"B,32395,10,46:88:44:6e:4f:e4,5645,9,0,0,-27,S,5c:62:8b:66:67:d2"
1791489209.878,"B,32395,10,5c:62:8b:66:67:d2,0,0,6065,24,-50,A,5c:62:8b:66:67:d2"
1791489209.878,"B,32395,10,72:3b:01:24:b7:c8,392,14,0,0,-21,S,5c:62:8b:66:67:d2"
1791489210.079,"B,32395,10,b2:db:ca:e6:29:a6,28,1,0,0,-28,S,5c:62:8b:66:67:d2"
1791489210.079,"B,32495,10,46:88:44:6e:4f:e4,5133,7,0,0,-28,S,5c:62:8b:66:67:d2"
1791489210.079,"B,32495,10,5c:62:8b:66:67:d2,0,0,5189,9,-50,A,5c:62:8b:66:67:d2"
1791489210.079,"B,32495,10,b2:db:ca:e6:29:a6,56,2,0,0,-28,S,5c:62:8b:66:67:d2"
1791489210.079,"B,32595,10,78:8c:b5:f5:e7:26,80,1,0,0,-75,A,78:8c:b5:f5:e7:26"
1791489210.079,"B,32595,10,46:88:44:6e:4f:e4,1078,4,0,0,-28,S,5c:62:8b:66:67:d2"
1791489210.079,"B,32595,10,5c:62:8b:66:67:d2,0,0,1218,9,-48,A,5c:62:8b:66:67:d2"
1791489210.079,"B,32595,10,72:3b:01:24:b7:c8,84,3,0,0,-21,S,5c:62:8b:66:67:d2"
1791489210.079,"B,32595,10,b2:db:ca:e6:29:a6,56,2,0,0,-29,S,5c:62:8b:66:67:d2"
1791489210.279,"B,32695,10,a6:4c:bd:b6:c7:99,30,1,0,0,-86,S,78:8c:b5:f5:e7:26"
1791489210.279,"B,32695,10,78:8c:b5:f5:e7:26,0,0,30,1,-74,A,78:8c:b5:f5:e7:26"
1791489210.279,"B,32695,10,46:88:44:6e:4f:e4,5077,6,0,0,-29,S,5c:62:8b:66:67:d2"
1791489210.279,"B,32695,10,5c:62:8b:66:67:d2,0,0,5273,13,-49,A,5c:62:8b:66:67:d2"
1791489210.279,"B,32695,10,72:3b:01:24:b7:c8,140,5,0,0,-21,S,5c:62:8b:66:67:d2"
1791489210.279,"B,32695,10,b2:db:ca:e6:29:a6,56,2,0,0,-27,S,5c:62:8b:66:67:d2"
1791489210.279,"B,32795,10,46:88:44:6e:4f:e4,5443,8,0,0,-29,S,5c:62:8b:66:67:d2"
1791489210.279,"B,32795,10,5c:62:8b:66:67:d2,0,0,5639,15,-48,A,5c:62:8b:66:67:d2"
1791489210.279,"B,32795,10,72:3b:01:24:b7:c8,84,3,0,0,-21,S,5c:62:8b:66:67:d2"
1791489210.279,"B,32795,10,b2:db:ca:e6:29:a6,112,4,0,0,-27,S,5c:62:8b:66:67:d2"
1791489210.479,"B,32795,10,38:d5:7a:f4:5a:37,30,1,0,0,-94,S,8a:ce:16:78:6f:dc"
1791489210.479,"B,32795,10,8a:ce:16:78:6f:dc,0,0,30,1,0,A,8a:ce:16:78:6f:dc"
1791489210.479,"B,32895,10,46:88:44:6e:4f:e4,8303,10,0,0,-29,S,5c:62:8b:66:67:d2"
1791489210.479,"B,32895,10,5c:62:8b:66:67:d2,0,0,8415,14,-48,A,5c:62:8b:66:67:d2"
1791489210.479,"B,32895,10,72:3b:01:24:b7:c8,56,2,0,0,-21,S,5c:62:8b:66:67:d2"
1791489210.479,"B,32895,10,b2:db:ca:e6:29:a6,56,2,0,0,-28,S,5c:62:8b:66:67:d2"
1791489210.479,"B,32995,10,a6:4c:bd:b6:c7:99,30,1,0,0,-89,S,78:8c:b5:f5:e7:26"
1791489210.479,"B,32995,10,78:8c:b5:f5:e7:26,0,0,30,1,0,A,78:8c:b5:f5:e7:26"
1791489210.479,"B,32995,10,46:88:44:6e:4f:e4,5387,8,0,0,-29,S,5c:62:8b:66:67:d2"
1791489210.479,"B,32995,10,5c:62:8b:66:67:d2,0,0,5807,23,-48,A,5c:62:8b:66:67:d2"
1791489210.479,"B,32995,10,72:3b:01:24:b7:c8,364,13,0,0,-22,S,5c:62:8b:66:67:d2"
1791489210.479,"B,32995,10,b2:db:ca:e6:29:a6,56,2,0,0,-27,S,5c:62:8b:66:67:d2"
1791489210.479,"B,32995,10,38:d5:7a:f4:5a:37,30,1,0,0,-89,S,8a:ce:16:78:6f:dc"
1791489210.679,"B,32995,10,8a:ce:16:78:6f:dc,0,0,30,1,0,A,8a:ce:16:78:6f:dc"
1791489210.679,"B,33095,10,46:88:44:6e:4f:e4,4956,8,0,0,-28,S,5c:62:8b:66:67:d2"
1791489210.679,"B,33095,10,5c:62:8b:66:67:d2,0,0,5012,10,-47,A,5c:62:8b:66:67:d2"
1791489210.679,"B,33095,10,72:3b:01:24:b7:c8,28,1,0,0,-21,S,5c:62:8b:66:67:d2"
1791489210.679,"B,33095,10,b2:db:ca:e6:29:a6,28,1,0,0,-28,S,5c:62:8b:66:67:d2"
1791489210.679,"B,33195,10,46:88:44:6e:4f:e4,5053,7,0,0,-28,S,5c:62:8b:66:67:d2"
1791489210.679,"B,33195,10,5c:62:8b:66:67:d2,0,0,5193,12,-46,A,5c:62:8b:66:67:d2"
1791489210.679,"B,33195,10,b2:db:ca:e6:29:a6,140,5,0,0,-29,S,5c:62:8b:66:67:d2"
1791489210.880,"B,33295,10,46:88:44:6e:4f:e4,1078,4,0,0,-26,S,5c:62:8b:66:67:d2"
1791489210.880,"B,33295,10,5c:62:8b:66:67:d2,0,0,1218,9,-45,A,5c:62:8b:66:67:d2"
1791489210.880,"B,33295,10,72:3b:01:24:b7:c8,112,4,0,0,-21,S,5c:62:8b:66:67:d2"
1791489210.880,"B,33295,10,b2:db:ca:e6:29:a6,28,1,0,0,-29,S,5c:62:8b:66:67:d2"
1791489210.880,"B,33295,10,38:d5:7a:f4:5a:37,30,1,0,0,-93,S,8a:ce:16:78:6f:dc"
1791489210.880,"B,33295,10,8a:ce:16:78:6f:dc,0,0,30,1,0,A,8a:ce:16:78:6f:dc"
1791489210.880,"B,33395,10,46:88:44:6e:4f:e4,5049,6,0,0,-28,S,5c:62:8b:66:67:d2"
1791489210.880,"B,33395,10,5c:62:8b:66:67:d2,0,0,5077,7,-44,A,5c:62:8b:66:67:d2"
1791489210.880,"B,33395,10,72:3b:01:24:b7:c8,28,1,0,0,-21,S,5c:62:8b:66:67:d2"
1791489211.081,"B,33495,10,46:88:44:6e:4f:e4,5459,9,0,0,-26,S,5c:62:8b:66:67:d2"
1791489211.081,"B,33495,10,5c:62:8b:66:67:d2,0,0,5655,16,-45,A,5c:62:8b:66:67:d2"
1791489211.081,"B,33495,10,72:3b:01:24:b7:c8,140,5,0,0,-21,S,5c:62:8b:66:67:d2"
1791489211.081,"B,33495,10,b2:db:ca:e6:29:a6,56,2,0,0,-29,S,5c:62:8b:66:67:d2"
1791489211.081,"B,33595,10,78:8c:b5:f5:e7:26,0,0,28,1,-72,A,78:8c:b5:f5:e7:26"
1791489211.081,"B,33595,10,46:88:44:6e:4f:e4,5021,7,0,0,-27,S,5c:62:8b:66:67:d2"
1791489211.081,"B,33595,10,5c:62:8b:66:67:d2,0,0,5133,11,-44,A,5c:62:8b:66:67:d2"
1791489211.081,"B,33595,10,72:3b:01:24:b7:c8,56,2,0,0,-21,S,5c:62:8b:66:67:d2"
1791489211.081,"B,33595,10,b2:db:ca:e6:29:a6,56,2,0,0,-29,S,5c:62:8b:66:67:d2"
1791489211.081,"B,33595,10,00:08:22:24:d6:fb,28,1,0,0,-86,S,78:8c:b5:f5:e7:26"
1791489211.283,"B,33695,10,46:88:44:6e:4f:e4,1172,5,138,1,-27,S,5c:62:8b:66:67:d2"
1791489211.283,"B,33695,10,5c:62:8b:66:67:d2,138,1,1228,7,-44,A,5c:62:8b:66:67:d2"
1791489211.283,"B,33695,10,b2:db:ca:e6:29:a6,56,2,0,0,-30,S,5c:62:8b:66:67:d2"
1791489211.283,"B,33795,10,46:88:44:6e:4f:e4,12125,13,0,0,-28,S,5c:62:8b:66:67:d2"
1791489211.283,"B,33795,10,5c:62:8b:66:67:d2,0,0,12293,19,-45,A,5c:62:8b:66:67:d2"
1791489211.283,"B,33795,10,72:3b:01:24:b7:c8,140,5,0,0,-21,S,5c:62:8b:66:67:d2"
1791489211.283,"B,33795,10,b2:db:ca:e6:29:a6,28,1,0,0,-28,S,5c:62:8b:66:67:d2"
1791489211.484,"B,33895,10,46:88:44:6e:4f:e4,1078,4,0,0,-28,S,5c:62:8b:66:67:d2"
1791489211.484,"B,33895,10,5c:62:8b:66:67:d2,0,0,1078,4,-46,A,5c:62:8b:66:67:d2"
1791489211.484,"B,33995,10,46:88:44:6e:4f:e4,5005,6,0,0,-28,S,5c:62:8b:66:67:d2"
1791489211.484,"B,33995,10,5c:62:8b:66:67:d2,0,0,5005,6,-44,A,5c:62:8b:66:67:d2"
1791489211.685,"B,34095,10,46:88:44:6e:4f:e4,5093,7,0,0,-28,S,5c:62:8b:66:67:d2"
1791489211.685,"B,34095,10,5c:62:8b:66:67:d2,0,0,5261,13,-44,A,5c:62:8b:66:67:d2"
1791489211.685,"B,34095,10,72:3b:01:24:b7:c8,168,6,0,0,-21,S,5c:62:8b:66:67:d2"
1791489211.685,"B,34095,10,38:d5:7a:f4:5a:37,30,1,0,0,-90,S,8a:ce:16:78:6f:dc"
1791489211.685,"B,34095,10,8a:ce:16:78:6f:dc,0,0,30,1,0,A,8a:ce:16:78:6f:dc"
1791489211.685,"B,34195,10,a6:4c:bd:b6:c7:99,60,2,0,0,-86,S,78:8c:b5:f5:e7:26"
1791489211.685,"B,34195,10,78:8c:b5:f5:e7:26,0,0,116,4,-72,A,78:8c:b5:f5:e7:26"
1791489211.685,"B,34195,10,46:88:44:6e:4f:e4,5089,7,0,0,-28,S,5c:62:8b:66:67:d2"
1791489211.685,"B,34195,10,5c:62:8b:66:67:d2,0,0,5257,13,-45,A,5c:62:8b:66:67:d2"
1791489211.685,"B,34195,10,72:3b:01:24:b7:c8,112,4,0,0,-21,S,5c:62:8b:66:67:d2"
1791489211.685,"B,34195,10,b2:db:ca:e6:29:a6,56,2,0,0,-28,S,5c:62:8b:66:67:d2"
1791489211.685,"B,34195,10,00:08:22:24:d6:fb,56,2,0,0,-86,S,78:8c:b5:f5:e7:26"
1791489211.888,"B,34295,10,a6:4c:bd:b6:c7:99,90,3,0,0,-85,S,78:8c:b5:f5:e7:26"
1791489211.888,"B,34295,10,78:8c:b5:f5:e7:26,0,0,90,3,-73,A,78:8c:b5:f5:e7:26"
1791489211.888,"B,34295,10,46:88:44:6e:4f:e4,5101,7,0,0,-28,S,5c:62:8b:66:67:d2"
1791489211.888,"B,34295,10,5c:62:8b:66:67:d2,0,0,5241,12,-44,A,5c:62:8b:66:67:d2"
1791489211.888,"B,34295,10,72:3b:01:24:b7:c8,112,4,0,0,-21,S,5c:62:8b:66:67:d2"
1791489211.888,"B,34295,10,b2:db:ca:e6:29:a6,28,1,0,0,-30,S,5c:62:8b:66:67:d2"
1791489211.888,"B,34395,10,a6:4c:bd:b6:c7:99,30,1,0,0,-86,S,78:8c:b5:f5:e7:26"
1791489211.888,"B,34395,10,78:8c:b5:f5:e7:26,0,0,30,1,-73,A,78:8c:b5:f5:e7:26"
1791489211.888,"B,34395,10,46:88:44:6e:4f:e4,6969,13,0,0,-28,S,5c:62:8b:66:67:d2"
1791489211.888,"B,34395,10,5c:62:8b:66:67:d2,0,0,7109,18,-45,A,5c:62:8b:66:67:d2"
1791489211.888,"B,34395,10,72:3b:01:24:b7:c8,140,5,0,0,-21,S,5c:62:8b:66:67:d2"
1791489212.091,"B,34495,10,46:88:44:6e:4f:e4,2128,7,0,0,-28,S,5c:62:8b:66:67:d2"
1791489212.091,"B,34495,10,5c:62:8b:66:67:d2,0,0,2212,10,-46,A,5c:62:8b:66:67:d2"
1791489212.091,"B,34495,10,72:3b:01:24:b7:c8,56,2,0,0,-21,S,5c:62:8b:66:67:d2"
1791489212.091,"B,34495,10,b2:db:ca:e6:29:a6,28,1,0,0,-29,S,5c:62:8b:66:67:d2"
1791489212.091,"B,34595,10,46:88:44:6e:4f:e4,5769,8,0,0,-28,S,5c:62:8b:66:67:d2"
1791489212.091,"B,34595,10,5c:62:8b:66:67:d2,0,0,5797,9,-45,A,5c:62:8b:66:67:d2"
1791489212.091,"B,34595,10,b2:db:ca:e6:29:a6,28,1,0,0,-28,S,5c:62:8b:66:67:d2"
1791489212.293,"B,34695,10,78:8c:b5:f5:e7:26,0,0,240,3,-73,A,78:8c:b5:f5:e7:26"
1791489212.293,"B,34695,10,46:88:44:6e:4f:e4,6386,9,0,0,-27,S,5c:62:8b:66:67:d2"
1791489212.293,"B,34695,10,5c:62:8b:66:67:d2,0,0,6498,13,-44,A,5c:62:8b:66:67:d2"
1791489212.293,"B,34695,10,72:3b:01:24:b7:c8,84,3,0,0,-21,S,5c:62:8b:66:67:d2"
1791489212.293,"B,34695,10,b2:db:ca:e6:29:a6,28,1,0,0,-28,S,5c:62:8b:66:67:d2"
1791489212.293,"B,34695,10,00:08:22:24:d6:fb,240,3,0,0,-86,S,78:8c:b5:f5:e7:26"
1791489212.293,"B,34795,10,46:88:44:6e:4f:e4,5411,8,0,0,-27,S,5c:62:8b:66:67:d2"
1791489212.293,"B,34795,10,5c:62:8b:66:67:d2,0,0,5467,10,-44,A,5c:62:8b:66:67:d2"
1791489212.293,"B,34795,10,72:3b:01:24:b7:c8,56,2,0,0,-21,S,5c:62:8b:66:67:d2"
1791489212.496,"B,34895,10,78:8c:b5:f5:e7:26,0,0,56,2,-73,A,78:8c:b5:f5:e7:26"
1791489212.496,"B,34895,10,46:88:44:6e:4f:e4,5407,8,0,0,-27,S,5c:62:8b:66:67:d2"
1791489212.496,"B,34895,10,5c:62:8b:66:67:d2,0,0,5491,11,-45,A,5c:62:8b:66:67:d2"
1791489212.496,"B,34895,10,72:3b:01:24:b7:c8,28,1,0,0,-21,S,5c:62:8b:66:67:d2"
1791489212.496,"B,34895,10,b2:db:ca:e6:29:a6,56,2,0,0,-26,S,5c:62:8b:66:67:d2"
1791489212.496,"B,34895,10,00:08:22:24:d6:fb,56,2,0,0,-86,S,78:8c:b5:f5:e7:26"
1791489212.496,"B,34995,10,46:88:44:6e:4f:e4,6083,10,0,0,-28,S,5c:62:8b:66:67:d2"
1791489212.496,"B,34995,10,5c:62:8b:66:67:d2,0,0,6195,14,-44,A,5c:62:8b:66:67:d2"
1791489212.496,"B,34995,10,72:3b:01:24:b7:c8,56,2,0,0,-21,S,5c:62:8b:66:67:d2"
1791489212.496,"B,34995,10,b2:db:ca:e6:29:a6,56,2,0,0,-26,S,5c:62:8b:66:67:d2"
1791489212.697,"B,35095,10,46:88:44:6e:4f:e4,1050,3,0,0,-28,S,5c:62:8b:66:67:d2"
1791489212.697,"B,35095,10,5c:62:8b:66:67:d2,0,0,1134,6,-44,A,5c:62:8b:66:67:d2"
1791489212.697,"B,35095,10,72:3b:01:24:b7:c8,56,2,0,0,-21,S,5c:62:8b:66:67:d2"
1791489212.697,"B,35095,10,b2:db:ca:e6:29:a6,28,1,0,0,-27,S,5c:62:8b:66:67:d2"
1791489212.697,"I,35102,stat,rx=6655,drops=0,ch=10,bin=100,hop=0,heap=203056"
1791489212.697,"B,35195,10,78:8c:b5:f5:e7:26,0,0,148,2,-74,A,78:8c:b5:f5:e7:26"
1791489212.697,"B,35195,10,46:88:44:6e:4f:e4,5769,9,0,0,-29,S,5c:62:8b:66:67:d2"
1791489212.697,"B,35195,10,5c:62:8b:66:67:d2,0,0,5881,13,-44,A,5c:62:8b:66:67:d2"
1791489212.697,"B,35195,10,72:3b:01:24:b7:c8,56,2,0,0,-27,S,5c:62:8b:66:67:d2"
1791489212.697,"B,35195,10,b2:db:ca:e6:29:a6,56,2,0,0,-27,S,5c:62:8b:66:67:d2"
1791489212.697,"B,35195,10,00:08:22:24:d6:fb,148,2,0,0,-87,S,78:8c:b5:f5:e7:26"
1791489212.899,"B,35295,10,a6:4c:bd:b6:c7:99,30,1,0,0,-86,S,78:8c:b5:f5:e7:26"
1791489212.899,"B,35295,10,78:8c:b5:f5:e7:26,0,0,30,1,-74,A,78:8c:b5:f5:e7:26"
1791489212.899,"B,35295,10,46:88:44:6e:4f:e4,5539,8,0,0,-29,S,5c:62:8b:66:67:d2"
1791489212.899,"B,35295,10,5c:62:8b:66:67:d2,0,0,5623,11,-44,A,5c:62:8b:66:67:d2"
1791489212.899,"B,35295,10,72:3b:01:24:b7:c8,28,1,0,0,-21,S,5c:62:8b:66:67:d2"
1791489212.899,"B,35295,10,b2:db:ca:e6:29:a6,56,2,0,0,-27,S,5c:62:8b:66:67:d2"
1791489212.899,"B,35395,10,46:88:44:6e:4f:e4,5699,8,0,0,-29,S,5c:62:8b:66:67:d2"
1791489212.899,"B,35395,10,5c:62:8b:66:67:d2,0,0,6063,21,-46,A,5c:62:8b:66:67:d2"
1791489212.899,"B,35395,10,72:3b:01:24:b7:c8,308,11,0,0,-21,S,5c:62:8b:66:67:d2"
1791489212.899,"B,35395,10,b2:db:ca:e6:29:a6,56,2,0,0,-27,S,5c:62:8b:66:67:d2"
1791489213.101,"B,35495,10,78:8c:b5:f5:e7:26,0,0,28,1,-74,A,78:8c:b5:f5:e7:26"
1791489213.101,"B,35495,10,46:88:44:6e:4f:e4,5441,11,0,0,-29,S,5c:62:8b:66:67:d2"
1791489213.101,"B,35495,10,5c:62:8b:66:67:d2,0,0,5469,12,-44,A,5c:62:8b:66:67:d2"
1791489213.101,"B,35495,10,b2:db:ca:e6:29:a6,28,1,0,0,-26,S,5c:62:8b:66:67:d2"
1791489213.101,"B,35495,10,00:08:22:24:d6:fb,28,1,0,0,-86,S,78:8c:b5:f5:e7:26"
1791489213.101,"B,35595,10,46:88:44:6e:4f:e4,5873,9,0,0,-29,S,5c:62:8b:66:67:d2"
1791489213.101,"B,35595,10,5c:62:8b:66:67:d2,0,0,5957,12,-45,A,5c:62:8b:66:67:d2"
1791489213.101,"B,35595,10,72:3b:01:24:b7:c8,28,1,0,0,-21,S,5c:62:8b:66:67:d2"
1791489213.101,"B,35595,10,b2:db:ca:e6:29:a6,56,2,0,0,-27,S,5c:62:8b:66:67:d2"
1791489213.307,"B,35695,10,46:88:44:6e:4f:e4,1750,5,0,0,-28,S,5c:62:8b:66:67:d2"
1791489213.307,"B,35695,10,5c:62:8b:66:67:d2,0,0,2030,15,-45,A,5c:62:8b:66:67:d2"
1791489213.307,"B,35695,10,72:3b:01:24:b7:c8,224,8,0,0,-21,S,5c:62:8b:66:67:d2"
1791489213.307,"B,35695,10,b2:db:ca:e6:29:a6,56,2,0,0,-26,S,5c:62:8b:66:67:d2"
1791489213.307,"B,35795,10,46:88:44:6e:4f:e4,5447,8,0,0,-28,S,5c:62:8b:66:67:d2"
1791489213.307,"B,35795,10,5c:62:8b:66:67:d2,0,0,5503,10,-45,A,5c:62:8b:66:67:d2"
1791489213.307,"B,35795,10,b2:db:ca:e6:29:a6,56,2,0,0,-27,S,5c:62:8b:66:67:d2"
1791489213.508,"B,35895,10,46:88:44:6e:4f:e4,5351,8,0,0,-28,S,5c:62:8b:66:67:d2"
1791489213.508,"B,35895,10,5c:62:8b:66:67:d2,0,0,5435,11,-45,A,5c:62:8b:66:67:d2"
1791489213.508,"B,35895,10,72:3b:01:24:b7:c8,28,1,0,0,-21,S,5c:62:8b:66:67:d2"
1791489213.508,"B,35895,10,b2:db:ca:e6:29:a6,56,2,0,0,-27,S,5c:62:8b:66:67:d2"
1791489213.508,"B,35995,10,46:88:44:6e:4f:e4,7121,13,0,0,-26,S,5c:62:8b:66:67:d2"
1791489213.508,"B,35995,10,5c:62:8b:66:67:d2,0,0,7317,20,-44,A,5c:62:8b:66:67:d2"
1791489213.508,"B,35995,10,72:3b:01:24:b7:c8,140,5,0,0,-21,S,5c:62:8b:66:67:d2"
1791489213.508,"B,35995,10,b2:db:ca:e6:29:a6,56,2,0,0,-27,S,5c:62:8b:66:67:d2"
1791489213.508,"M,36024,slot,3,1"
1791489213.711,"B,36095,10,46:88:44:6e:4f:e4,3873,7,0,0,-26,S,5c:62:8b:66:67:d2"
1791489213.711,"B,36095,10,5c:62:8b:66:67:d2,0,0,3929,9,-45,A,5c:62:8b:66:67:d2"
1791489213.711,"B,36095,10,b2:db:ca:e6:29:a6,56,2,0,0,-28,S,5c:62:8b:66:67:d2"
1791489213.711,"B,36195,10,46:88:44:6e:4f:e4,5315,8,0,0,-26,S,5c:62:8b:66:67:d2"
1791489213.711,"B,36195,10,5c:62:8b:66:67:d2,0,0,5343,9,0,A,5c:62:8b:66:67:d2"
1791489213.711,"B,36195,10,b2:db:ca:e6:29:a6,28,1,0,0,-29,S,5c:62:8b:66:67:d2"
1791489213.915,"B,36295,10,46:88:44:6e:4f:e4,1050,3,0,0,-28,S,5c:62:8b:66:67:d2"
1791489213.915,"B,36295,10,5c:62:8b:66:67:d2,0,0,1330,13,-45,A,5c:62:8b:66:67:d2"
1791489213.915,"B,36295,10,72:3b:01:24:b7:c8,224,8,0,0,-21,S,5c:62:8b:66:67:d2"
1791489213.915,"B,36295,10,b2:db:ca:e6:29:a6,56,2,0,0,-28,S,5c:62:8b:66:67:d2"
1791489213.915,"B,36395,10,46:88:44:6e:4f:e4,5251,8,0,0,-27,S,5c:62:8b:66:67:d2"
1791489213.915,"B,36395,10,5c:62:8b:66:67:d2,0,0,5531,18,-46,A,5c:62:8b:66:67:d2"
1791489213.915,"B,36395,10,72:3b:01:24:b7:c8,252,9,0,0,-21,S,5c:62:8b:66:67:d2"
1791489213.915,"B,36395,10,b2:db:ca:e6:29:a6,28,1,0,0,-28,S,5c:62:8b:66:67:d2"
1791489214.117,"B,36495,10,46:88:44:6e:4f:e4,5097,7,0,0,-27,S,5c:62:8b:66:67:d2"
1791489214.117,"B,36495,10,5c:62:8b:66:67:d2,0,0,5293,14,-46,A,5c:62:8b:66:67:d2"
1791489214.117,"B,36495,10,72:3b:01:24:b7:c8,140,5,0,0,-21,S,5c:62:8b:66:67:d2"
1791489214.117,"B,36495,10,b2:db:ca:e6:29:a6,56,2,0,0,-28,S,5c:62:8b:66:67:d2"
1791489214.117,"B,36595,10,46:88:44:6e:4f:e4,6559,8,0,0,-27,S,5c:62:8b:66:67:d2"
1791489214.117,"B,36595,10,5c:62:8b:66:67:d2,0,0,6699,13,-45,A,5c:62:8b:66:67:d2"
1791489214.117,"B,36595,10,72:3b:01:24:b7:c8,112,4,0,0,-21,S,5c:62:8b:66:67:d2"
1791489214.117,"B,36595,10,b2:db:ca:e6:29:a6,28,1,0,0,-28,S,5c:62:8b:66:67:d2"
1791489214.322,"B,36695,10,46:88:44:6e:4f:e4,5451,8,0,0,-27,S,5c:62:8b:66:67:d2"
1791489214.322,"B,36695,10,5c:62:8b:66:67:d2,0,0,5479,9,-46,A,5c:62:8b:66:67:d2"
1791489214.322,"B,36695,10,b2:db:ca:e6:29:a6,28,1,0,0,-28,S,5c:62:8b:66:67:d2"
1791489214.322,"B,36795,10,46:88:44:6e:4f:e4,5089,7,0,0,-27,S,5c:62:8b:66:67:d2"
1791489214.322,"B,36795,10,5c:62:8b:66:67:d2,0,0,5285,14,-46,A,5c:62:8b:66:67:d2"
1791489214.322,"B,36795,10,72:3b:01:24:b7:c8,140,5,0,0,-21,S,5c:62:8b:66:67:d2"
1791489214.322,"B,36795,10,b2:db:ca:e6:29:a6,56,2,0,0,-29,S,5c:62:8b:66:67:d2"
1791489214.527,"B,36895,10,46:88:44:6e:4f:e4,1400,4,0,0,-27,S,5c:62:8b:66:67:d2"
1791489214.527,"B,36895,10,5c:62:8b:66:67:d2,0,0,1512,8,-46,A,5c:62:8b:66:67:d2"
1791489214.527,"B,36895,10,72:3b:01:24:b7:c8,56,2,0,0,-21,S,5c:62:8b:66:67:d2"
1791489214.527,"B,36895,10,b2:db:ca:e6:29:a6,56,2,0,0,-28,S,5c:62:8b:66:67:d2"
1791489214.527,"B,36995,10,46:88:44:6e:4f:e4,5773,8,0,0,-27,S,5c:62:8b:66:67:d2"
1791489214.527,"B,36995,10,5c:62:8b:66:67:d2,0,0,5829,10,-45,A,5c:62:8b:66:67:d2"
1791489214.527,"B,36995,10,b2:db:ca:e6:29:a6,56,2,0,0,-28,S,5c:62:8b:66:67:d2"
1791489214.728,"B,37095,10,46:88:44:6e:4f:e4,5093,7,0,0,-27,S,5c:62:8b:66:67:d2"
1791489214.728,"B,37095,10,5c:62:8b:66:67:d2,0,0,5289,14,-45,A,5c:62:8b:66:67:d2"
1791489214.728,"B,37095,10,72:3b:01:24:b7:c8,140,5,0,0,-21,S,5c:62:8b:66:67:d2"
1791489214.728,"B,37095,10,b2:db:ca:e6:29:a6,56,2,0,0,-30,S,5c:62:8b:66:67:d2"
1791489214.728,"B,37195,10,46:88:44:6e:4f:e4,9967,11,0,0,-27,S,5c:62:8b:66:67:d2"
1791489214.728,"B,37195,10,5c:62:8b:66:67:d2,0,0,10135,17,-46,A,5c:62:8b:66:67:d2"
1791489214.728,"B,37195,10,72:3b:01:24:b7:c8,112,4,0,0,-21,S,5c:62:8b:66:67:d2"
1791489214.728,"B,37195,10,b2:db:ca:e6:29:a6,56,2,0,0,-28,S,5c:62:8b:66:67:d2"
1791489214.929,"B,37295,10,46:88:44:6e:4f:e4,5033,7,0,0,-26,S,5c:62:8b:66:67:d2"
1791489214.929,"B,37295,10,5c:62:8b:66:67:d2,0,0,5089,9,-45,A,5c:62:8b:66:67:d2"
1791489214.929,"B,37295,10,b2:db:ca:e6:29:a6,56,2,0,0,-28,S,5c:62:8b:66:67:d2"
1791489214.929,"B,37395,10,46:88:44:6e:4f:e4,4670,7,0,0,-27,S,5c:62:8b:66:67:d2"
1791489214.929,"B,37395,10,5c:62:8b:66:67:d2,0,0,4894,15,-46,A,5c:62:8b:66:67:d2"
1791489214.929,"B,37395,10,72:3b:01:24:b7:c8,140,5,0,0,-21,S,5c:62:8b:66:67:d2"
1791489214.929,"B,37395,10,b2:db:ca:e6:29:a6,84,3,0,0,-28,S,5c:62:8b:66:67:d2"
1791489215.134,"B,37495,10,46:88:44:6e:4f:e4,8304,8,0,0,-28,S,5c:62:8b:66:67:d2"
1791489215.134,"B,37495,10,5c:62:8b:66:67:d2,0,0,8360,10,-46,A,5c:62:8b:66:67:d2"
1791489215.134,"B,37495,10,72:3b:01:24:b7:c8,28,1,0,0,-21,S,5c:62:8b:66:67:d2"
1791489215.134,"B,37495,10,b2:db:ca:e6:29:a6,28,1,0,0,-28,S,5c:62:8b:66:67:d2"
1791489215.134,"B,37595,10,a6:4c:bd:b6:c7:99,30,1,0,0,-85,S,78:8c:b5:f5:e7:26"
1791489215.134,"B,37595,10,78:8c:b5:f5:e7:26,0,0,30,1,-73,A,78:8c:b5:f5:e7:26"
1791489215.134,"B,37595,10,46:88:44:6e:4f:e4,7602,9,0,0,-27,S,5c:62:8b:66:67:d2"
1791489215.134,"B,37595,10,5c:62:8b:66:67:d2,0,0,7686,12,-48,A,5c:62:8b:66:67:d2"
1791489215.134,"B,37595,10,72:3b:01:24:b7:c8,84,3,0,0,-21,S,5c:62:8b:66:67:d2"
1791489215.337,"B,37695,10,46:88:44:6e:4f:e4,5407,8,0,0,-28,S,5c:62:8b:66:67:d2"
1791489215.337,"B,37695,10,5c:62:8b:66:67:d2,0,0,5463,10,-48,A,5c:62:8b:66:67:d2"
1791489215.337,"B,37695,10,72:3b:01:24:b7:c8,56,2,0,0,-21,S,5c:62:8b:66:67:d2"
1791489215.337,"B,37795,10,46:88:44:6e:4f:e4,5121,7,0,0,-28,S,5c:62:8b:66:67:d2"
1791489215.337,"B,37795,10,5c:62:8b:66:67:d2,0,0,5121,7,-46,A,5c:62:8b:66:67:d2"
1791489215.337,"B,37795,10,80:af:ca:68:4c:f8,84,1,0,0,-83,A,80:af:ca:68:4c:f8"
1791489215.541,"B,37895,10,a6:4c:bd:b6:c7:99,90,3,0,0,-89,S,78:8c:b5:f5:e7:26"
1791489215.541,"B,37895,10,78:8c:b5:f5:e7:26,0,0,90,3,-72,A,78:8c:b5:f5:e7:26"
1791489215.541,"B,37895,10,46:88:44:6e:4f:e4,5595,8,0,0,-28,S,5c:62:8b:66:67:d2"
1791489215.541,"B,37895,10,5c:62:8b:66:67:d2,0,0,5707,12,-48,A,5c:62:8b:66:67:d2"
1791489215.541,"B,37895,10,72:3b:01:24:b7:c8,112,4,0,0,-21,S,5c:62:8b:66:67:d2"
1791489215.541,"B,37995,10,a6:4c:bd:b6:c7:99,30,1,0,0,-88,S,78:8c:b5:f5:e7:26"
1791489215.541,"B,37995,10,78:8c:b5:f5:e7:26,0,0,30,1,-73,A,78:8c:b5:f5:e7:26"
1791489215.541,"B,37995,10,46:88:44:6e:4f:e4,5755,8,0,0,-29,S,5c:62:8b:66:67:d2"
1791489215.541,"B,37995,10,5c:62:8b:66:67:d2,0,0,5811,10,-47,A,5c:62:8b:66:67:d2"
1791489215.541,"B,37995,10,72:3b:01:24:b7:c8,56,2,0,0,-21,S,5c:62:8b:66:67:d2"
1791489215.746,"B,38095,10,46:88:44:6e:4f:e4,1750,5,0,0,-28,S,5c:62:8b:66:67:d2"
1791489215.746,"B,38095,10,5c:62:8b:66:67:d2,0,0,1862,9,-49,A,5c:62:8b:66:67:d2"
1791489215.746,"B,38095,10,72:3b:01:24:b7:c8,112,4,0,0,-21,S,5c:62:8b:66:67:d2"
1791489215.746,"B,38195,10,46:88:44:6e:4f:e4,7551,10,0,0,-28,S,5c:62:8b:66:67:d2"
1791489215.746,"B,38195,10,5c:62:8b:66:67:d2,0,0,7663,14,-50,A,5c:62:8b:66:67:d2"
1791489215.746,"B,38195,10,72:3b:01:24:b7:c8,112,4,0,0,-21,S,5c:62:8b:66:67:d2"
1791489215.952,"B,38295,10,a6:4c:bd:b6:c7:99,30,1,0,0,-88,S,78:8c:b5:f5:e7:26"
1791489215.952,"B,38295,10,78:8c:b5:f5:e7:26,0,0,30,1,-73,A,78:8c:b5:f5:e7:26"
1791489215.952,"B,38295,10,46:88:44:6e:4f:e4,5875,8,0,0,-28,S,5c:62:8b:66:67:d2"
1791489215.952,"B,38295,10,5c:62:8b:66:67:d2,0,0,5959,11,-51,A,5c:62:8b:66:67:d2"
1791489215.952,"B,38295,10,72:3b:01:24:b7:c8,84,3,0,0,-21,S,5c:62:8b:66:67:d2"
1791489215.952,"B,38395,10,a6:4c:bd:b6:c7:99,30,1,0,0,-85,S,78:8c:b5:f5:e7:26"
1791489215.952,"B,38395,10,78:8c:b5:f5:e7:26,0,0,30,1,0,A,78:8c:b5:f5:e7:26"
1791489215.952,"B,38395,10,46:88:44:6e:4f:e4,13535,14,0,0,-28,S,5c:62:8b:66:67:d2"
1791489215.952,"B,38395,10,5c:62:8b:66:67:d2,0,0,13815,24,-50,A,5c:62:8b:66:67:d2"
1791489215.952,"B,38395,10,72:3b:01:24:b7:c8,280,10,0,0,-21,S,5c:62:8b:66:67:d2"
1791489216.154,"B,38495,10,46:88:44:6e:4f:e4,5849,7,0,0,-28,S,5c:62:8b:66:67:d2"
1791489216.154,"B,38495,10,5c:62:8b:66:67:d2,0,0,5961,11,-51,A,5c:62:8b:66:67:d2"
1791489216.154,"B,38495,10,72:3b:01:24:b7:c8,112,4,0,0,-21,S,5c:62:8b:66:67:d2"
1791489216.154,"B,38595,10,46:88:44:6e:4f:e4,3871,10,138,1,-27,S,5c:62:8b:66:67:d2"
1791489216.154,"B,38595,10,5c:62:8b:66:67:d2,138,1,3899,11,-49,A,5c:62:8b:66:67:d2"
1791489216.154,"B,38595,10,b2:db:ca:e6:29:a6,28,1,0,0,-29,S,5c:62:8b:66:67:d2"
1791489216.358,"B,38695,10,46:88:44:6e:4f:e4,6204,16,0,0,-28,S,5c:62:8b:66:67:d2"
1791489216.358,"B,38695,10,5c:62:8b:66:67:d2,9036,6,6456,25,-48,A,5c:62:8b:66:67:d2"
1791489216.358,"B,38695,10,72:3b:01:24:b7:c8,196,7,9036,6,-21,S,5c:62:8b:66:67:d2"
1791489216.358,"B,38695,10,b2:db:ca:e6:29:a6,56,2,0,0,-27,S,5c:62:8b:66:67:d2"
1791489216.358,"B,38795,10,46:88:44:6e:4f:e4,6143,8,0,0,-27,S,5c:62:8b:66:67:d2"
1791489216.358,"B,38795,10,5c:62:8b:66:67:d2,0,0,6255,12,-52,A,5c:62:8b:66:67:d2"
1791489216.358,"B,38795,10,72:3b:01:24:b7:c8,56,2,0,0,-21,S,5c:62:8b:66:67:d2"
1791489216.358,"B,38795,10,b2:db:ca:e6:29:a6,56,2,0,0,-29,S,5c:62:8b:66:67:d2"
1791489216.563,"B,38895,10,46:88:44:6e:4f:e4,9797,11,0,0,-28,S,5c:62:8b:66:67:d2"
1791489216.563,"B,38895,10,5c:62:8b:66:67:d2,0,0,9881,14,-50,A,5c:62:8b:66:67:d2"
1791489216.563,"B,38895,10,72:3b:01:24:b7:c8,28,1,0,0,-21,S,5c:62:8b:66:67:d2"
1791489216.563,"B,38895,10,b2:db:ca:e6:29:a6,56,2,0,0,-28,S,5c:62:8b:66:67:d2"
1791489216.563,"B,38995,10,46:88:44:6e:4f:e4,5951,8,246,2,-29,S,5c:62:8b:66:67:d2"
1791489216.563,"B,38995,10,5c:62:8b:66:67:d2,246,2,6035,11,-48,A,5c:62:8b:66:67:d2"
1791489216.563,"B,38995,10,72:3b:01:24:b7:c8,84,3,0,0,-22,S,5c:62:8b:66:67:d2"
1791489216.769,"B,39095,10,46:88:44:6e:4f:e4,6241,9,0,0,-27,S,5c:62:8b:66:67:d2"
1791489216.769,"B,39095,10,5c:62:8b:66:67:d2,0,0,6269,10,-52,A,5c:62:8b:66:67:d2"
1791489216.769,"B,39095,10,b2:db:ca:e6:29:a6,28,1,0,0,-27,S,5c:62:8b:66:67:d2"
1791489216.769,"B,39195,10,46:88:44:6e:4f:e4,1172,5,0,0,-27,S,5c:62:8b:66:67:d2"
1791489216.769,"B,39195,10,5c:62:8b:66:67:d2,0,0,1312,10,-51,A,5c:62:8b:66:67:d2"
1791489216.769,"B,39195,10,72:3b:01:24:b7:c8,140,5,0,0,-22,S,5c:62:8b:66:67:d2"
1791489216.970,"B,39295,10,46:88:44:6e:4f:e4,7607,10,0,0,-28,S,5c:62:8b:66:67:d2"
1791489216.970,"B,39295,10,5c:62:8b:66:67:d2,0,0,7915,21,-51,A,5c:62:8b:66:67:d2"
1791489216.970,"B,39295,10,72:3b:01:24:b7:c8,224,8,0,0,-21,S,5c:62:8b:66:67:d2"
1791489216.970,"B,39295,10,b2:db:ca:e6:29:a6,84,3,0,0,-27,S,5c:62:8b:66:67:d2"
1791489216.970,"B,39395,10,46:88:44:6e:4f:e4,5105,6,0,0,-28,S,5c:62:8b:66:67:d2"
1791489216.970,"B,39395,10,5c:62:8b:66:67:d2,0,0,5161,8,-51,A,5c:62:8b:66:67:d2"
1791489216.970,"B,39395,10,b2:db:ca:e6:29:a6,56,2,0,0,-28,S,5c:62:8b:66:67:d2"
1791489217.172,"B,39495,10,46:88:44:6e:4f:e4,5899,8,0,0,-29,S,5c:62:8b:66:67:d2"
1791489217.172,"B,39495,10,5c:62:8b:66:67:d2,0,0,6011,12,-50,A,5c:62:8b:66:67:d2"
1791489217.172,"B,39495,10,72:3b:01:24:b7:c8,84,3,0,0,-21,S,5c:62:8b:66:67:d2"
1791489217.172,"B,39495,10,b2:db:ca:e6:29:a6,28,1,0,0,-27,S,5c:62:8b:66:67:d2"
1791489217.172,"B,39595,10,46:88:44:6e:4f:e4,5907,8,0,0,-29,S,5c:62:8b:66:67:d2"
1791489217.172,"B,39595,10,5c:62:8b:66:67:d2,0,0,6215,19,-51,A,5c:62:8b:66:67:d2"
1791489217.172,"B,39595,10,72:3b:01:24:b7:c8,280,10,0,0,-21,S,5c:62:8b:66:67:d2"
1791489217.172,"B,39595,10,b2:db:ca:e6:29:a6,28,1,0,0,-28,S,5c:62:8b:66:67:d2"
1791489217.373,"B,39695,10,46:88:44:6e:4f:e4,5767,8,0,0,-29,S,5c:62:8b:66:67:d2"
1791489217.373,"B,39695,10,5c:62:8b:66:67:d2,0,0,5823,10,-50,A,5c:62:8b:66:67:d2"
1791489217.373,"B,39695,10,b2:db:ca:e6:29:a6,56,2,0,0,-28,S,5c:62:8b:66:67:d2"
1791489217.373,"B,39795,10,46:88:44:6e:4f:e4,4671,8,0,0,-29,S,5c:62:8b:66:67:d2"
1791489217.373,"B,39795,10,5c:62:8b:66:67:d2,0,0,4783,12,-49,A,5c:62:8b:66:67:d2"
1791489217.373,"B,39795,10,72:3b:01:24:b7:c8,84,3,0,0,-21,S,5c:62:8b:66:67:d2"
1791489217.373,"B,39795,10,b2:db:ca:e6:29:a6,28,1,0,0,-28,S,5c:62:8b:66:67:d2"
1791489217.574,"B,39895,10,46:88:44:6e:4f:e4,1050,3,0,0,-29,S,5c:62:8b:66:67:d2"
1791489217.574,"B,39895,10,5c:62:8b:66:67:d2,0,0,1190,8,-50,A,5c:62:8b:66:67:d2"
1791489217.574,"B,39895,10,72:3b:01:24:b7:c8,84,3,0,0,-21,S,5c:62:8b:66:67:d2"
1791489217.574,"B,39895,10,b2:db:ca:e6:29:a6,56,2,0,0,-28,S,5c:62:8b:66:67:d2"
1791489217.574,"B,39995,10,46:88:44:6e:4f:e4,7850,11,0,0,-28,S,5c:62:8b:66:67:d2"
1791489217.574,"B,39995,10,5c:62:8b:66:67:d2,0,0,7906,13,-49,A,5c:62:8b:66:67:d2"
1791489217.574,"B,39995,10,b2:db:ca:e6:29:a6,56,2,0,0,-28,S,5c:62:8b:66:67:d2"
1791489217.775,"B,40095,10,46:88:44:6e:4f:e4,7627,12,0,0,-28,S,5c:62:8b:66:67:d2"
1791489217.775,"B,40095,10,5c:62:8b:66:67:d2,0,0,7851,20,-48,A,5c:62:8b:66:67:d2"
1791489217.775,"B,40095,10,72:3b:01:24:b7:c8,168,6,0,0,-21,S,5c:62:8b:66:67:d2"
1791489217.775,"B,40095,10,b2:db:ca:e6:29:a6,56,2,0,0,-28,S,5c:62:8b:66:67:d2"
1791489217.775,"I,40105,stat,rx=7539,drops=0,ch=10,bin=100,hop=0,heap=203056"
1791489217.775,"B,40195,10,46:88:44:6e:4f:e4,5815,8,0,0,-28,S,5c:62:8b:66:67:d2"
1791489217.775,"B,40195,10,5c:62:8b:66:67:d2,0,0,6011,15,-48,A,5c:62:8b:66:67:d2"
1791489217.775,"B,40195,10,72:3b:01:24:b7:c8,140,5,0,0,-21,S,5c:62:8b:66:67:d2"
1791489217.775,"B,40195,10,b2:db:ca:e6:29:a6,56,2,0,0,-28,S,5c:62:8b:66:67:d2"
1791489217.975,"B,40295,10,46:88:44:6e:4f:e4,1078,4,0,0,-29,S,5c:62:8b:66:67:d2"
1791489217.975,"B,40295,10,5c:62:8b:66:67:d2,0,0,1162,7,-50,A,5c:62:8b:66:67:d2"
1791489217.975,"B,40295,10,b2:db:ca:e6:29:a6,84,3,0,0,-27,S,5c:62:8b:66:67:d2"
1791489217.975,"B,40395,10,46:88:44:6e:4f:e4,5787,8,0,0,-29,S,5c:62:8b:66:67:d2"
1791489217.975,"B,40395,10,5c:62:8b:66:67:d2,0,0,6263,25,-51,A,5c:62:8b:66:67:d2"
1791489217.975,"B,40395,10,72:3b:01:24:b7:c8,420,15,0,0,-22,S,5c:62:8b:66:67:d2"
1791489217.975,"B,40395,10,b2:db:ca:e6:29:a6,56,2,0,0,-28,S,5c:62:8b:66:67:d2"
1791489217.975,"B,40495,10,46:88:44:6e:4f:e4,8900,10,0,0,-28,S,5c:62:8b:66:67:d2"
1791489217.975,"B,40495,10,5c:62:8b:66:67:d2,0,0,8956,12,0,A,5c:62:8b:66:67:d2"
1791489217.975,"B,40495,10,b2:db:ca:e6:29:a6,56,2,0,0,-27,S,5c:62:8b:66:67:d2"
1791489218.176,"B,40595,10,46:88:44:6e:4f:e4,6471,10,0,0,-28,S,5c:62:8b:66:67:d2"
1791489218.176,"B,40595,10,5c:62:8b:66:67:d2,0,0,6555,13,-49,A,5c:62:8b:66:67:d2"
1791489218.176,"B,40595,10,72:3b:01:24:b7:c8,28,1,0,0,-21,S,5c:62:8b:66:67:d2"
1791489218.176,"B,40595,10,b2:db:ca:e6:29:a6,56,2,0,0,-27,S,5c:62:8b:66:67:d2"
1791489218.377,"B,40695,10,46:88:44:6e:4f:e4,8675,10,0,0,-29,S,5c:62:8b:66:67:d2"
1791489218.377,"B,40695,10,5c:62:8b:66:67:d2,82,1,8871,17,-55,A,5c:62:8b:66:67:d2"
1791489218.377,"B,40695,10,72:3b:01:24:b7:c8,168,6,0,0,-21,S,5c:62:8b:66:67:d2"
1791489218.377,"B,40695,10,b2:db:ca:e6:29:a6,28,1,82,1,-29,S,5c:62:8b:66:67:d2"
1791489218.377,"B,40795,10,46:88:44:6e:4f:e4,8296,10,0,0,-29,S,5c:62:8b:66:67:d2"
1791489218.377,"B,40795,10,5c:62:8b:66:67:d2,0,0,8324,11,-47,A,5c:62:8b:66:67:d2"
1791489218.377,"B,40795,10,72:3b:01:24:b7:c8,28,1,0,0,-21,S,5c:62:8b:66:67:d2"
1791489218.577,"B,40895,10,46:88:44:6e:4f:e4,6077,8,0,0,-28,S,5c:62:8b:66:67:d2"
1791489218.577,"B,40895,10,5c:62:8b:66:67:d2,0,0,6217,13,-49,A,5c:62:8b:66:67:d2"
1791489218.577,"B,40895,10,72:3b:01:24:b7:c8,84,3,0,0,-21,S,5c:62:8b:66:67:d2"
1791489218.577,"B,40895,10,b2:db:ca:e6:29:a6,56,2,0,0,-26,S,5c:62:8b:66:67:d2"
1791489218.577,"B,40995,10,46:88:44:6e:4f:e4,5831,8,0,0,-28,S,5c:62:8b:66:67:d2"
1791489218.577,"B,40995,10,5c:62:8b:66:67:d2,0,0,6251,23,-49,A,5c:62:8b:66:67:d2"
1791489218.577,"B,40995,10,72:3b:01:24:b7:c8,364,13,0,0,-21,S,5c:62:8b:66:67:d2"
1791489218.577,"B,40995,10,b2:db:ca:e6:29:a6,56,2,0,0,-29,S,5c:62:8b:66:67:d2"
1791489218.577,"B,41095,10,46:88:44:6e:4f:e4,1484,7,0,0,-28,S,5c:62:8b:66:67:d2"
1791489218.777,"B,41095,10,5c:62:8b:66:67:d2,0,0,1596,11,-50,A,5c:62:8b:66:67:d2"
1791489218.777,"B,41095,10,72:3b:01:24:b7:c8,56,2,0,0,-21,S,5c:62:8b:66:67:d2"
1791489218.777,"B,41095,10,b2:db:ca:e6:29:a6,56,2,0,0,-28,S,5c:62:8b:66:67:d2"
1791489218.777,"M,41101,slot,4,0"
1791489218.777,"B,41195,10,46:88:44:6e:4f:e4,5891,7,0,0,-28,S,5c:62:8b:66:67:d2"
1791489218.777,"B,41195,10,5c:62:8b:66:67:d2,0,0,5947,9,-50,A,5c:62:8b:66:67:d2"
1791489218.777,"B,41195,10,b2:db:ca:e6:29:a6,56,2,0,0,-27,S,5c:62:8b:66:67:d2"
1791489218.777,"B,41295,10,a6:4c:bd:b6:c7:99,90,3,0,0,-86,S,78:8c:b5:f5:e7:26"
1791489218.977,"B,41295,10,78:8c:b5:f5:e7:26,0,0,90,3,-74,A,78:8c:b5:f5:e7:26"
1791489218.977,"B,41295,10,46:88:44:6e:4f:e4,5875,8,0,0,-27,S,5c:62:8b:66:67:d2"
1791489218.977,"B,41295,10,5c:62:8b:66:67:d2,0,0,6015,13,-52,A,5c:62:8b:66:67:d2"
1791489218.977,"B,41295,10,72:3b:01:24:b7:c8,84,3,0,0,-21,S,5c:62:8b:66:67:d2"
1791489218.977,"B,41295,10,b2:db:ca:e6:29:a6,56,2,0,0,-28,S,5c:62:8b:66:67:d2"
1791489218.977,"B,41395,10,46:88:44:6e:4f:e4,1078,4,0,0,-26,S,5c:62:8b:66:67:d2"
1791489218.977,"B,41395,10,5c:62:8b:66:67:d2,0,0,1218,9,-50,A,5c:62:8b:66:67:d2"
1791489218.977,"B,41395,10,72:3b:01:24:b7:c8,84,3,0,0,-21,S,5c:62:8b:66:67:d2"
1791489218.977,"B,41395,10,b2:db:ca:e6:29:a6,56,2,0,0,-28,S,5c:62:8b:66:67:d2"
1791489218.977,"B,41495,10,46:88:44:6e:4f:e4,10428,12,0,0,-27,S,5c:62:8b:66:67:d2"
1791489218.977,"B,41495,10,5c:62:8b:66:67:d2,0,0,10540,16,-50,A,5c:62:8b:66:67:d2"
1791489218.977,"B,41495,10,72:3b:01:24:b7:c8,56,2,0,0,-21,S,5c:62:8b:66:67:d2"
1791489219.178,"B,41495,10,b2:db:ca:e6:29:a6,56,2,0,0,-26,S,5c:62:8b:66:67:d2"
1791489219.178,"B,41595,10,46:88:44:6e:4f:e4,3977,7,0,0,-28,S,5c:62:8b:66:67:d2"
1791489219.178,"B,41595,10,5c:62:8b:66:67:d2,700,2,4145,13,-47,A,5c:62:8b:66:67:d2"
1791489219.178,"B,41595,10,72:3b:01:24:b7:c8,84,3,700,2,-21,S,5c:62:8b:66:67:d2"
1791489219.178,"B,41595,10,b2:db:ca:e6:29:a6,84,3,0,0,-28,S,5c:62:8b:66:67:d2"
1791489219.178,"B,41695,10,46:88:44:6e:4f:e4,4938,7,0,0,-28,S,5c:62:8b:66:67:d2"
1791489219.378,"B,41695,10,5c:62:8b:66:67:d2,350,1,5050,11,-51,A,5c:62:8b:66:67:d2"
1791489219.378,"B,41695,10,72:3b:01:24:b7:c8,84,3,350,1,-21,S,5c:62:8b:66:67:d2"
1791489219.378,"B,41695,10,b2:db:ca:e6:29:a6,28,1,0,0,-29,S,5c:62:8b:66:67:d2"
1791489219.378,"B,41795,10,46:88:44:6e:4f:e4,9423,12,0,0,-28,S,5c:62:8b:66:67:d2"
1791489219.378,"B,41795,10,5c:62:8b:66:67:d2,0,0,9563,17,-51,A,5c:62:8b:66:67:d2"
1791489219.378,"B,41795,10,72:3b:01:24:b7:c8,56,2,0,0,-21,S,5c:62:8b:66:67:d2"
1791489219.378,"B,41795,10,b2:db:ca:e6:29:a6,84,3,0,0,-27,S,5c:62:8b:66:67:d2"
1791489219.378,"B,41895,10,46:88:44:6e:4f:e4,4921,9,0,0,-28,S,5c:62:8b:66:67:d2"
1791489219.378,"B,41895,10,5c:62:8b:66:67:d2,0,0,5033,13,-51,A,5c:62:8b:66:67:d2"
1791489219.378,"B,41895,10,72:3b:01:24:b7:c8,112,4,0,0,-21,S,5c:62:8b:66:67:d2"
1791489219.579,"B,41995,10,a6:4c:bd:b6:c7:99,60,2,0,0,-84,S,78:8c:b5:f5:e7:26"
1791489219.579,"B,41995,10,78:8c:b5:f5:e7:26,0,0,60,2,-74,A,78:8c:b5:f5:e7:26"
1791489219.579,"B,41995,10,46:88:44:6e:4f:e4,6353,9,0,0,-28,S,5c:62:8b:66:67:d2"
1791489219.579,"B,41995,10,5c:62:8b:66:67:d2,0,0,6465,13,-49,A,5c:62:8b:66:67:d2"
1791489219.579,"B,41995,10,72:3b:01:24:b7:c8,56,2,0,0,-21,S,5c:62:8b:66:67:d2"
1791489219.579,"B,41995,10,b2:db:ca:e6:29:a6,56,2,0,0,-28,S,5c:62:8b:66:67:d2"
1791489219.579,"B,42095,10,a6:4c:bd:b6:c7:99,30,1,0,0,-86,S,78:8c:b5:f5:e7:26"
1791489219.779,"B,42095,10,78:8c:b5:f5:e7:26,0,0,30,1,-74,A,78:8c:b5:f5:e7:26"
1791489219.779,"B,42095,10,46:88:44:6e:4f:e4,5826,7,0,0,-28,S,5c:62:8b:66:67:d2"
1791489219.779,"B,42095,10,5c:62:8b:66:67:d2,0,0,5910,10,-52,A,5c:62:8b:66:67:d2"
1791489219.779,"B,42095,10,b2:db:ca:e6:29:a6,84,3,0,0,-28,S,5c:62:8b:66:67:d2"
1791489219.779,"B,42195,10,a6:4c:bd:b6:c7:99,30,1,0,0,-85,S,78:8c:b5:f5:e7:26"
1791489219.779,"B,42195,10,78:8c:b5:f5:e7:26,0,0,30,1,-74,A,78:8c:b5:f5:e7:26"
1791489219.779,"B,42195,10,46:88:44:6e:4f:e4,1078,4,0,0,-29,S,5c:62:8b:66:67:d2"
1791489219.779,"B,42195,10,5c:62:8b:66:67:d2,0,0,1190,8,-49,A,5c:62:8b:66:67:d2"
1791489219.779,"B,42195,10,72:3b:01:24:b7:c8,84,3,0,0,-21,S,5c:62:8b:66:67:d2"
1791489219.779,"B,42195,10,b2:db:ca:e6:29:a6,28,1,0,0,-30,S,5c:62:8b:66:67:d2"
1791489219.779,"B,42295,10,a6:4c:bd:b6:c7:99,60,2,0,0,-85,S,78:8c:b5:f5:e7:26"
1791489219.779,"B,42295,10,78:8c:b5:f5:e7:26,0,0,60,2,-74,A,78:8c:b5:f5:e7:26"
1791489219.779,"B,42295,10,46:88:44:6e:4f:e4,5667,7,0,0,-28,S,5c:62:8b:66:67:d2"
1791489219.779,"B,42295,10,5c:62:8b:66:67:d2,0,0,5891,15,-52,A,5c:62:8b:66:67:d2"
1791489219.779,"B,42295,10,72:3b:01:24:b7:c8,168,6,0,0,-21,S,5c:62:8b:66:67:d2"
1791489219.779,"B,42295,10,b2:db:ca:e6:29:a6,56,2,0,0,-28,S,5c:62:8b:66:67:d2"
1791489219.979,"B,42395,10,a6:4c:bd:b6:c7:99,30,1,0,0,-86,S,78:8c:b5:f5:e7:26"
1791489219.979,"B,42395,10,78:8c:b5:f5:e7:26,0,0,30,1,-74,A,78:8c:b5:f5:e7:26"
1791489219.979,"B,42395,10,46:88:44:6e:4f:e4,6101,9,0,0,-28,S,5c:62:8b:66:67:d2"
1791489219.979,"B,42395,10,5c:62:8b:66:67:d2,0,0,6297,16,-50,A,5c:62:8b:66:67:d2"
1791489219.979,"B,42395,10,72:3b:01:24:b7:c8,140,5,0,0,-25,S,5c:62:8b:66:67:d2"
1791489219.979,"B,42395,10,b2:db:ca:e6:29:a6,56,2,0,0,-28,S,5c:62:8b:66:67:d2"
1791489219.979,"B,42495,10,a6:4c:bd:b6:c7:99,144,2,0,0,-85,S,78:8c:b5:f5:e7:26"
1791489219.979,"B,42495,10,78:8c:b5:f5:e7:26,0,0,144,2,-75,A,78:8c:b5:f5:e7:26"
1791489219.979,"B,42495,10,46:88:44:6e:4f:e4,6897,11,0,0,-28,S,5c:62:8b:66:67:d2"
1791489219.979,"B,42495,10,5c:62:8b:66:67:d2,0,0,7037,16,-50,A,5c:62:8b:66:67:d2"
1791489219.979,"B,42495,10,72:3b:01:24:b7:c8,84,3,0,0,-21,S,5c:62:8b:66:67:d2"
1791489219.979,"B,42495,10,b2:db:ca:e6:29:a6,56,2,0,0,-29,S,5c:62:8b:66:67:d2"
1791489220.180,"B,42595,10,46:88:44:6e:4f:e4,7691,10,0,0,-28,S,5c:62:8b:66:67:d2"
1791489220.180,"B,42595,10,5c:62:8b:66:67:d2,0,0,7803,14,-53,A,5c:62:8b:66:67:d2"
1791489220.180,"B,42595,10,72:3b:01:24:b7:c8,56,2,0,0,-21,S,5c:62:8b:66:67:d2"
1791489220.180,"B,42595,10,b2:db:ca:e6:29:a6,56,2,0,0,-28,S,5c:62:8b:66:67:d2"
1791489220.180,"B,42695,10,46:88:44:6e:4f:e4,7345,9,0,0,-28,S,5c:62:8b:66:67:d2"
1791489220.180,"B,42695,10,5c:62:8b:66:67:d2,0,0,7373,10,-50,A,5c:62:8b:66:67:d2"
1791489220.180,"B,42695,10,b2:db:ca:e6:29:a6,28,1,0,0,-28,S,5c:62:8b:66:67:d2"
1791489220.380,"B,42795,10,a6:4c:bd:b6:c7:99,30,1,0,0,-85,S,78:8c:b5:f5:e7:26"
1791489220.380,"B,42795,10,78:8c:b5:f5:e7:26,0,0,30,1,-73,A,78:8c:b5:f5:e7:26"
1791489220.380,"B,42795,10,46:88:44:6e:4f:e4,1078,4,0,0,-27,S,5c:62:8b:66:67:d2"
1791489220.380,"B,42795,10,5c:62:8b:66:67:d2,0,0,1246,10,-50,A,5c:62:8b:66:67:d2"
1791489220.380,"B,42795,10,72:3b:01:24:b7:c8,84,3,0,0,-21,S,5c:62:8b:66:67:d2"
1791489220.380,"B,42795,10,b2:db:ca:e6:29:a6,84,3,0,0,-29,S,5c:62:8b:66:67:d2"
1791489220.380,"B,42895,10,a6:4c:bd:b6:c7:99,30,1,0,0,-86,S,78:8c:b5:f5:e7:26"
1791489220.380,"B,42895,10,78:8c:b5:f5:e7:26,0,0,30,1,-74,A,78:8c:b5:f5:e7:26"
1791489220.380,"B,42895,10,46:88:44:6e:4f:e4,5863,7,0,0,-28,S,5c:62:8b:66:67:d2"
1791489220.380,"B,42895,10,5c:62:8b:66:67:d2,0,0,6003,12,-50,A,5c:62:8b:66:67:d2"
1791489220.380,"B,42895,10,72:3b:01:24:b7:c8,84,3,0,0,-21,S,5c:62:8b:66:67:d2"
1791489220.380,"B,42895,10,b2:db:ca:e6:29:a6,56,2,0,0,-28,S,5c:62:8b:66:67:d2"
1791489220.580,"B,42995,10,46:88:44:6e:4f:e4,10309,11,0,0,-28,S,5c:62:8b:66:67:d2"
1791489220.580,"B,42995,10,5c:62:8b:66:67:d2,0,0,10337,12,-50,A,5c:62:8b:66:67:d2"
1791489220.580,"B,42995,10,72:3b:01:24:b7:c8,28,1,0,0,-21,S,5c:62:8b:66:67:d2"
1791489220.580,"B,43095,10,46:88:44:6e:4f:e4,4772,7,0,0,-28,S,5c:62:8b:66:67:d2"
1791489220.580,"B,43095,10,5c:62:8b:66:67:d2,0,0,4912,12,-50,A,5c:62:8b:66:67:d2"
1791489220.580,"B,43095,10,72:3b:01:24:b7:c8,84,3,0,0,-21,S,5c:62:8b:66:67:d2"
1791489220.580,"B,43095,10,b2:db:ca:e6:29:a6,56,2,0,0,-29,S,5c:62:8b:66:67:d2"
1791489220.780,"B,43195,10,46:88:44:6e:4f:e4,7715,10,0,0,-28,S,5c:62:8b:66:67:d2"
1791489220.780,"B,43195,10,5c:62:8b:66:67:d2,0,0,7827,14,-51,A,5c:62:8b:66:67:d2"
1791489220.780,"B,43195,10,72:3b:01:24:b7:c8,112,4,0,0,-21,S,5c:62:8b:66:67:d2"
1791489220.780,"B,43295,10,46:88:44:6e:4f:e4,5835,8,0,0,-28,S,5c:62:8b:66:67:d2"
1791489220.780,"B,43295,10,5c:62:8b:66:67:d2,0,0,5947,12,-50,A,5c:62:8b:66:67:d2"
1791489220.780,"B,43295,10,72:3b:01:24:b7:c8,28,1,0,0,-21,S,5c:62:8b:66:67:d2"
1791489220.780,"B,43295,10,b2:db:ca:e6:29:a6,84,3,0,0,-27,S,5c:62:8b:66:67:d2"
1791489220.981,"B,43395,10,46:88:44:6e:4f:e4,1078,4,0,0,-28,S,5c:62:8b:66:67:d2"
1791489220.981,"B,43395,10,5c:62:8b:66:67:d2,0,0,1330,13,-50,A,5c:62:8b:66:67:d2"
1791489220.981,"B,43395,10,72:3b:01:24:b7:c8,196,7,0,0,-21,S,5c:62:8b:66:67:d2"
1791489220.981,"B,43395,10,b2:db:ca:e6:29:a6,56,2,0,0,-28,S,5c:62:8b:66:67:d2"
1791489220.981,"B,43495,10,46:88:44:6e:4f:e4,11398,12,0,0,-28,S,5c:62:8b:66:67:d2"
1791489220.981,"B,43495,10,5c:62:8b:66:67:d2,0,0,11510,16,-51,A,5c:62:8b:66:67:d2"
1791489220.981,"B,43495,10,72:3b:01:24:b7:c8,56,2,0,0,-21,S,5c:62:8b:66:67:d2"
1791489220.981,"B,43495,10,b2:db:ca:e6:29:a6,56,2,0,0,-28,S,5c:62:8b:66:67:d2"
1791489220.981,"B,43495,10,80:af:ca:68:4c:f8,124,1,0,0,-86,A,80:af:ca:68:4c:f8"
1791489221.181,"B,43595,10,46:88:44:6e:4f:e4,7252,10,138,1,-28,S,5c:62:8b:66:67:d2"
1791489221.181,"B,43595,10,5c:62:8b:66:67:d2,138,1,7308,12,-48,A,5c:62:8b:66:67:d2"
1791489221.181,"B,43595,10,b2:db:ca:e6:29:a6,56,2,0,0,-29,S,5c:62:8b:66:67:d2"
1791489221.181,"B,43695,10,46:88:44:6e:4f:e4,11342,12,0,0,-28,S,5c:62:8b:66:67:d2"
1791489221.181,"B,43695,10,5c:62:8b:66:67:d2,0,0,11538,19,-50,A,5c:62:8b:66:67:d2"
1791489221.181,"B,43695,10,72:3b:01:24:b7:c8,168,6,0,0,-23,S,5c:62:8b:66:67:d2"
1791489221.181,"B,43695,10,b2:db:ca:e6:29:a6,28,1,0,0,-27,S,5c:62:8b:66:67:d2"
1791489221.383,"B,43795,10,46:88:44:6e:4f:e4,5855,8,0,0,-28,S,5c:62:8b:66:67:d2"
1791489221.383,"B,43795,10,5c:62:8b:66:67:d2,0,0,5967,12,-50,A,5c:62:8b:66:67:d2"
1791489221.383,"B,43795,10,72:3b:01:24:b7:c8,28,1,0,0,-21,S,5c:62:8b:66:67:d2"
1791489221.383,"B,43795,10,b2:db:ca:e6:29:a6,84,3,0,0,-28,S,5c:62:8b:66:67:d2"
1791489221.383,"B,43895,10,46:88:44:6e:4f:e4,8165,11,0,0,-27,S,5c:62:8b:66:67:d2"
1791489221.383,"B,43895,10,5c:62:8b:66:67:d2,0,0,8193,12,-51,A,5c:62:8b:66:67:d2"
1791489221.383,"B,43895,10,b2:db:ca:e6:29:a6,28,1,0,0,-29,S,5c:62:8b:66:67:d2"
1791489221.583,"B,43995,10,a6:4c:bd:b6:c7:99,30,1,0,0,-86,S,78:8c:b5:f5:e7:26"
1791489221.583,"B,43995,10,78:8c:b5:f5:e7:26,0,0,30,1,-73,A,78:8c:b5:f5:e7:26"
1791489221.583,"B,43995,10,46:88:44:6e:4f:e4,1078,4,0,0,-27,S,5c:62:8b:66:67:d2"
1791489221.583,"B,43995,10,5c:62:8b:66:67:d2,0,0,1246,10,-51,A,5c:62:8b:66:67:d2"
1791489221.583,"B,43995,10,72:3b:01:24:b7:c8,140,5,0,0,-21,S,5c:62:8b:66:67:d2"
1791489221.583,"B,43995,10,b2:db:ca:e6:29:a6,28,1,0,0,-30,S,5c:62:8b:66:67:d2"
1791489221.583,"B,44095,10,46:88:44:6e:4f:e4,6225,8,0,0,-28,S,5c:62:8b:66:67:d2"
1791489221.583,"B,44095,10,5c:62:8b:66:67:d2,0,0,6365,13,-50,A,5c:62:8b:66:67:d2"
1791489221.583,"B,44095,10,72:3b:01:24:b7:c8,84,3,0,0,-21,S,5c:62:8b:66:67:d2"
1791489221.583,"B,44095,10,b2:db:ca:e6:29:a6,56,2,0,0,-26,S,5c:62:8b:66:67:d2"
1791489221.785,"B,44195,10,46:88:44:6e:4f:e4,6906,9,0,0,-27,S,5c:62:8b:66:67:d2"
1791489221.785,"B,44195,10,5c:62:8b:66:67:d2,0,0,6934,10,-51,A,5c:62:8b:66:67:d2"
1791489221.785,"B,44195,10,b2:db:ca:e6:29:a6,28,1,0,0,-28,S,5c:62:8b:66:67:d2"
1791489221.785,"B,44295,10,46:88:44:6e:4f:e4,5895,8,0,0,-28,S,5c:62:8b:66:67:d2"
1791489221.785,"B,44295,10,5c:62:8b:66:67:d2,0,0,6147,17,-50,A,5c:62:8b:66:67:d2"
1791489221.785,"B,44295,10,72:3b:01:24:b7:c8,224,8,0,0,-21,S,5c:62:8b:66:67:d2"
1791489221.785,"B,44295,10,b2:db:ca:e6:29:a6,28,1,0,0,-26,S,5c:62:8b:66:67:d2"
1791489221.987,"B,44395,10,46:88:44:6e:4f:e4,6257,9,0,0,-28,S,5c:62:8b:66:67:d2"
1791489221.987,"B,44395,10,5c:62:8b:66:67:d2,0,0,6593,21,-50,A,5c:62:8b:66:67:d2"
1791489221.987,"B,44395,10,72:3b:01:24:b7:c8,280,10,0,0,-22,S,5c:62:8b:66:67:d2"
1791489221.987,"B,44395,10,b2:db:ca:e6:29:a6,56,2,0,0,-28,S,5c:62:8b:66:67:d2"
1791489221.987,"B,44495,10,46:88:44:6e:4f:e4,5698,7,0,0,-28,S,5c:62:8b:66:67:d2"
1791489221.987,"B,44495,10,5c:62:8b:66:67:d2,0,0,5838,12,-52,A,5c:62:8b:66:67:d2"
1791489221.987,"B,44495,10,72:3b:01:24:b7:c8,84,3,0,0,-21,S,5c:62:8b:66:67:d2"
1791489221.987,"B,44495,10,b2:db:ca:e6:29:a6,56,2,0,0,-27,S,5c:62:8b:66:67:d2"
1791489222.188,"B,44595,10,a6:4c:bd:b6:c7:99,30,1,0,0,-85,S,78:8c:b5:f5:e7:26"
1791489222.188,"B,44595,10,78:8c:b5:f5:e7:26,0,0,30,1,-74,A,78:8c:b5:f5:e7:26"
1791489222.188,"B,44595,10,46:88:44:6e:4f:e4,728,3,0,0,-28,S,5c:62:8b:66:67:d2"
1791489222.188,"B,44595,10,5c:62:8b:66:67:d2,0,0,812,6,-50,A,5c:62:8b:66:67:d2"
1791489222.188,"B,44595,10,72:3b:01:24:b7:c8,28,1,0,0,-21,S,5c:62:8b:66:67:d2"
1791489222.188,"B,44595,10,b2:db:ca:e6:29:a6,56,2,0,0,-29,S,5c:62:8b:66:67:d2"
1791489222.188,"B,44695,10,46:88:44:6e:4f:e4,7355,9,0,0,-28,S,5c:62:8b:66:67:d2"
1791489222.188,"B,44695,10,5c:62:8b:66:67:d2,0,0,7467,13,-50,A,5c:62:8b:66:67:d2"
1791489222.188,"B,44695,10,72:3b:01:24:b7:c8,56,2,0,0,-21,S,5c:62:8b:66:67:d2"
1791489222.188,"B,44695,10,b2:db:ca:e6:29:a6,56,2,0,0,-28,S,5c:62:8b:66:67:d2"
1791489222.390,"B,44795,10,46:88:44:6e:4f:e4,4836,7,0,0,-28,S,5c:62:8b:66:67:d2"
1791489222.390,"B,44795,10,5c:62:8b:66:67:d2,0,0,5032,14,0,A,5c:62:8b:66:67:d2"
1791489222.390,"B,44795,10,72:3b:01:24:b7:c8,140,5,0,0,-21,S,5c:62:8b:66:67:d2"
1791489222.390,"B,44795,10,b2:db:ca:e6:29:a6,56,2,0,0,-28,S,5c:62:8b:66:67:d2"
1791489222.390,"B,44895,10,a6:4c:bd:b6:c7:99,30,1,0,0,-84,S,78:8c:b5:f5:e7:26"
1791489222.390,"B,44895,10,78:8c:b5:f5:e7:26,0,0,30,1,-74,A,78:8c:b5:f5:e7:26"
1791489222.390,"B,44895,10,46:88:44:6e:4f:e4,8009,11,0,0,-28,S,5c:62:8b:66:67:d2"
1791489222.390,"B,44895,10,5c:62:8b:66:67:d2,0,0,8093,14,-51,A,5c:62:8b:66:67:d2"
1791489222.390,"B,44895,10,72:3b:01:24:b7:c8,28,1,0,0,-22,S,5c:62:8b:66:67:d2"
1791489222.390,"B,44895,10,b2:db:ca:e6:29:a6,56,2,0,0,-28,S,5c:62:8b:66:67:d2"
1791489222.592,"B,44995,10,a6:4c:bd:b6:c7:99,30,1,0,0,-86,S,78:8c:b5:f5:e7:26"
1791489222.592,"B,44995,10,78:8c:b5:f5:e7:26,0,0,30,1,-74,A,78:8c:b5:f5:e7:26"
1791489222.592,"B,44995,10,46:88:44:6e:4f:e4,7433,9,0,0,-28,S,5c:62:8b:66:67:d2"
1791489222.592,"B,44995,10,5c:62:8b:66:67:d2,0,0,7489,11,-51,A,5c:62:8b:66:67:d2"
1791489222.592,"B,44995,10,72:3b:01:24:b7:c8,28,1,0,0,-22,S,5c:62:8b:66:67:d2"
1791489222.592,"B,44995,10,b2:db:ca:e6:29:a6,28,1,0,0,-28,S,5c:62:8b:66:67:d2"
1791489222.592,"B,45095,10,a6:4c:bd:b6:c7:99,60,2,0,0,-84,S,78:8c:b5:f5:e7:26"
1791489222.592,"B,45095,10,78:8c:b5:f5:e7:26,0,0,60,2,-74,A,78:8c:b5:f5:e7:26"
1791489222.592,"B,45095,10,46:88:44:6e:4f:e4,6063,8,0,0,-28,S,5c:62:8b:66:67:d2"
1791489222.592,"B,45095,10,5c:62:8b:66:67:d2,0,0,6231,14,-51,A,5c:62:8b:66:67:d2"
1791489222.592,"B,45095,10,72:3b:01:24:b7:c8,112,4,0,0,-21,S,5c:62:8b:66:67:d2"
1791489222.592,"B,45095,10,b2:db:ca:e6:29:a6,56,2,0,0,-28,S,5c:62:8b:66:67:d2"
1791489222.592,"I,45106,stat,rx=8422,drops=0,ch=10,bin=100,hop=0,heap=203056"
1791489222.795,"B,45195,10,46:88:44:6e:4f:e4,1778,6,0,0,-27,S,5c:62:8b:66:67:d2"
1791489222.795,"B,45195,10,5c:62:8b:66:67:d2,0,0,1806,7,-51,A,5c:62:8b:66:67:d2"
1791489222.795,"B,45195,10,72:3b:01:24:b7:c8,28,1,0,0,-22,S,5c:62:8b:66:67:d2"
1791489222.795,"B,45295,10,46:88:44:6e:4f:e4,6067,7,0,0,-28,S,5c:62:8b:66:67:d2"
1791489222.795,"B,45295,10,5c:62:8b:66:67:d2,0,0,6235,13,-52,A,5c:62:8b:66:67:d2"
1791489222.795,"B,45295,10,72:3b:01:24:b7:c8,56,2,0,0,-21,S,5c:62:8b:66:67:d2"
1791489222.795,"B,45295,10,b2:db:ca:e6:29:a6,112,4,0,0,-28,S,5c:62:8b:66:67:d2"
1791489222.995,"B,45395,10,46:88:44:6e:4f:e4,6023,8,0,0,-27,S,5c:62:8b:66:67:d2"
1791489222.995,"B,45395,10,5c:62:8b:66:67:d2,0,0,6219,15,-51,A,5c:62:8b:66:67:d2"
1791489222.995,"B,45395,10,72:3b:01:24:b7:c8,168,6,0,0,-21,S,5c:62:8b:66:67:d2"
1791489222.995,"B,45395,10,b2:db:ca:e6:29:a6,28,1,0,0,-28,S,5c:62:8b:66:67:d2"
1791489222.995,"B,45495,10,a6:4c:bd:b6:c7:99,60,2,0,0,-84,S,78:8c:b5:f5:e7:26"
1791489222.995,"B,45495,10,78:8c:b5:f5:e7:26,0,0,60,2,-72,A,78:8c:b5:f5:e7:26"
1791489222.995,"B,45495,10,46:88:44:6e:4f:e4,7722,11,0,0,-27,S,5c:62:8b:66:67:d2"
1791489222.995,"B,45495,10,5c:62:8b:66:67:d2,0,0,7862,16,-51,A,5c:62:8b:66:67:d2"
1791489222.995,"B,45495,10,72:3b:01:24:b7:c8,112,4,0,0,-21,S,5c:62:8b:66:67:d2"
1791489222.995,"B,45495,10,b2:db:ca:e6:29:a6,28,1,0,0,-29,S,5c:62:8b:66:67:d2"
1791489223.199,"B,45595,10,a6:4c:bd:b6:c7:99,30,1,0,0,-85,S,78:8c:b5:f5:e7:26"
1791489223.199,"B,45595,10,78:8c:b5:f5:e7:26,0,0,30,1,-74,A,78:8c:b5:f5:e7:26"
1791489223.199,"B,45595,10,46:88:44:6e:4f:e4,1900,5,0,0,-28,S,5c:62:8b:66:67:d2"
1791489223.199,"B,45595,10,5c:62:8b:66:67:d2,0,0,2124,13,-51,A,5c:62:8b:66:67:d2"
1791489223.199,"B,45595,10,72:3b:01:24:b7:c8,168,6,0,0,-22,S,5c:62:8b:66:67:d2"
1791489223.199,"B,45595,10,b2:db:ca:e6:29:a6,56,2,0,0,-28,S,5c:62:8b:66:67:d2"
1791489223.199,"B,45695,10,46:88:44:6e:4f:e4,9475,11,0,0,-28,S,5c:62:8b:66:67:d2"
1791489223.199,"B,45695,10,5c:62:8b:66:67:d2,0,0,9559,14,-50,A,5c:62:8b:66:67:d2"
1791489223.199,"B,45695,10,72:3b:01:24:b7:c8,28,1,0,0,-21,S,5c:62:8b:66:67:d2"
1791489223.199,"B,45695,10,b2:db:ca:e6:29:a6,56,2,0,0,-28,S,5c:62:8b:66:67:d2"
1791489223.404,"B,45795,10,46:88:44:6e:4f:e4,1428,5,0,0,-28,S,5c:62:8b:66:67:d2"
1791489223.404,"B,45795,10,5c:62:8b:66:67:d2,0,0,1624,12,-50,A,5c:62:8b:66:67:d2"
1791489223.404,"B,45795,10,72:3b:01:24:b7:c8,112,4,0,0,-21,S,5c:62:8b:66:67:d2"
1791489223.404,"B,45795,10,b2:db:ca:e6:29:a6,84,3,0,0,-28,S,5c:62:8b:66:67:d2"
1791489223.404,"B,45895,10,46:88:44:6e:4f:e4,6309,8,0,0,-28,S,5c:62:8b:66:67:d2"
1791489223.404,"B,45895,10,5c:62:8b:66:67:d2,0,0,6533,16,-50,A,5c:62:8b:66:67:d2"
1791489223.404,"B,45895,10,72:3b:01:24:b7:c8,196,7,0,0,-23,S,5c:62:8b:66:67:d2"
1791489223.404,"B,45895,10,b2:db:ca:e6:29:a6,28,1,0,0,-28,S,5c:62:8b:66:67:d2"
1791489223.605,"B,45995,10,a6:4c:bd:b6:c7:99,30,1,0,0,-84,S,78:8c:b5:f5:e7:26"
1791489223.605,"B,45995,10,78:8c:b5:f5:e7:26,0,0,30,1,-73,A,78:8c:b5:f5:e7:26"
1791489223.605,"B,45995,10,46:88:44:6e:4f:e4,6027,8,0,0,-28,S,5c:62:8b:66:67:d2"
1791489223.605,"B,45995,10,5c:62:8b:66:67:d2,0,0,6055,9,-51,A,5c:62:8b:66:67:d2"
1791489223.605,"B,45995,10,b2:db:ca:e6:29:a6,28,1,0,0,-28,S,5c:62:8b:66:67:d2"
1791489223.605,"B,46095,10,46:88:44:6e:4f:e4,6031,8,0,0,-28,S,5c:62:8b:66:67:d2"
1791489223.605,"B,46095,10,5c:62:8b:66:67:d2,0,0,6171,13,-50,A,5c:62:8b:66:67:d2"
1791489223.605,"B,46095,10,72:3b:01:24:b7:c8,84,3,0,0,-21,S,5c:62:8b:66:67:d2"
1791489223.605,"B,46095,10,b2:db:ca:e6:29:a6,56,2,0,0,-29,S,5c:62:8b:66:67:d2"
1791489223.809,"M,46175,slot,5,1"
1791489223.809,"B,46195,10,46:88:44:6e:4f:e4,10123,10,0,0,-28,S,5c:62:8b:66:67:d2"
1791489223.809,"B,46195,10,5c:62:8b:66:67:d2,0,0,10319,17,-50,A,5c:62:8b:66:67:d2"
1791489223.809,"B,46195,10,72:3b:01:24:b7:c8,140,5,0,0,-22,S,5c:62:8b:66:67:d2"
1791489223.809,"B,46195,10,b2:db:ca:e6:29:a6,56,2,0,0,-28,S,5c:62:8b:66:67:d2"
1791489223.809,"B,46295,10,78:8c:b5:f5:e7:26,88,1,0,0,-77,A,78:8c:b5:f5:e7:26"
1791489223.809,"B,46295,10,46:88:44:6e:4f:e4,4552,9,0,0,-28,S,5c:62:8b:66:67:d2"
1791489223.809,"B,46295,10,5c:62:8b:66:67:d2,0,0,4608,11,-50,A,5c:62:8b:66:67:d2"
1791489223.809,"B,46295,10,b2:db:ca:e6:29:a6,56,2,0,0,-28,S,5c:62:8b:66:67:d2"
1791489224.011,"B,46395,10,46:88:44:6e:4f:e4,2478,8,0,0,-28,S,5c:62:8b:66:67:d2"
1791489224.011,"B,46395,10,5c:62:8b:66:67:d2,0,0,2870,22,-50,A,5c:62:8b:66:67:d2"
1791489224.011,"B,46395,10,72:3b:01:24:b7:c8,280,10,0,0,-21,S,5c:62:8b:66:67:d2"
1791489224.011,"B,46395,10,b2:db:ca:e6:29:a6,112,4,0,0,-28,S,5c:62:8b:66:67:d2"
1791489224.011,"B,46495,10,46:88:44:6e:4f:e4,6289,8,0,0,-28,S,5c:62:8b:66:67:d2"
1791489224.011,"B,46495,10,5c:62:8b:66:67:d2,0,0,6429,13,-50,A,5c:62:8b:66:67:d2"
1791489224.011,"B,46495,10,72:3b:01:24:b7:c8,112,4,0,0,-21,S,5c:62:8b:66:67:d2"
1791489224.011,"B,46495,10,b2:db:ca:e6:29:a6,28,1,0,0,-30,S,5c:62:8b:66:67:d2"
1791489224.216,"B,46595,10,78:8c:b5:f5:e7:26,160,2,0,0,-79,A,78:8c:b5:f5:e7:26"
1791489224.216,"B,46595,10,46:88:44:6e:4f:e4,5979,8,0,0,-27,S,5c:62:8b:66:67:d2"
1791489224.216,"B,46595,10,5c:62:8b:66:67:d2,0,0,6035,10,-52,A,5c:62:8b:66:67:d2"
1791489224.216,"B,46595,10,b2:db:ca:e6:29:a6,56,2,0,0,-27,S,5c:62:8b:66:67:d2"
1791489224.216,"B,46695,10,46:88:44:6e:4f:e4,6015,8,0,0,-27,S,5c:62:8b:66:67:d2"
1791489224.216,"B,46695,10,5c:62:8b:66:67:d2,0,0,6351,20,-52,A,5c:62:8b:66:67:d2"
1791489224.216,"B,46695,10,72:3b:01:24:b7:c8,280,10,0,0,-21,S,5c:62:8b:66:67:d2"
1791489224.216,"B,46695,10,b2:db:ca:e6:29:a6,56,2,0,0,-29,S,5c:62:8b:66:67:d2"
1791489224.420,"B,46795,10,46:88:44:6e:4f:e4,7623,10,0,0,-27,S,5c:62:8b:66:67:d2"
1791489224.420,"B,46795,10,5c:62:8b:66:67:d2,0,0,7735,14,-51,A,5c:62:8b:66:67:d2"
1791489224.420,"B,46795,10,72:3b:01:24:b7:c8,56,2,0,0,-21,S,5c:62:8b:66:67:d2"
1791489224.420,"B,46795,10,b2:db:ca:e6:29:a6,56,2,0,0,-28,S,5c:62:8b:66:67:d2"
1791489224.420,"B,46895,10,46:88:44:6e:4f:e4,1078,4,0,0,-28,S,5c:62:8b:66:67:d2"
1791489224.420,"B,46895,10,5c:62:8b:66:67:d2,82,1,1134,6,-53,A,5c:62:8b:66:67:d2"
1791489224.420,"B,46895,10,72:3b:01:24:b7:c8,28,1,82,1,-21,S,5c:62:8b:66:67:d2"
1791489224.420,"B,46895,10,b2:db:ca:e6:29:a6,28,1,0,0,-28,S,5c:62:8b:66:67:d2"
1791489224.625,"B,46995,10,46:88:44:6e:4f:e4,6301,9,0,0,-28,S,5c:62:8b:66:67:d2"
1791489224.625,"B,46995,10,5c:62:8b:66:67:d2,0,0,6553,18,-51,A,5c:62:8b:66:67:d2"
1791489224.625,"B,46995,10,72:3b:01:24:b7:c8,168,6,0,0,-21,S,5c:62:8b:66:67:d2"
1791489224.625,"B,46995,10,b2:db:ca:e6:29:a6,84,3,0,0,-29,S,5c:62:8b:66:67:d2"
1791489224.625,"B,47095,10,46:88:44:6e:4f:e4,5911,7,0,0,-28,S,5c:62:8b:66:67:d2"
1791489224.625,"B,47095,10,5c:62:8b:66:67:d2,0,0,6023,11,-50,A,5c:62:8b:66:67:d2"
1791489224.625,"B,47095,10,72:3b:01:24:b7:c8,56,2,0,0,-21,S,5c:62:8b:66:67:d2"
1791489224.625,"B,47095,10,b2:db:ca:e6:29:a6,56,2,0,0,-28,S,5c:62:8b:66:67:d2"
1791489224.829,"B,47195,10,46:88:44:6e:4f:e4,6990,9,0,0,-28,S,5c:62:8b:66:67:d2"
1791489224.829,"B,47195,10,5c:62:8b:66:67:d2,0,0,7018,10,-50,A,5c:62:8b:66:67:d2"
1791489224.829,"B,47195,10,b2:db:ca:e6:29:a6,28,1,0,0,-30,S,5c:62:8b:66:67:d2"
1791489224.829,"B,47295,10,46:88:44:6e:4f:e4,6035,8,0,0,-28,S,5c:62:8b:66:67:d2"
1791489224.829,"B,47295,10,5c:62:8b:66:67:d2,0,0,6231,15,-51,A,5c:62:8b:66:67:d2"
1791489224.829,"B,47295,10,72:3b:01:24:b7:c8,140,5,0,0,-21,S,5c:62:8b:66:67:d2"
1791489224.829,"B,47295,10,b2:db:ca:e6:29:a6,56,2,0,0,-28,S,5c:62:8b:66:67:d2"
1791489225.034,"B,47395,10,46:88:44:6e:4f:e4,6003,8,0,0,-28,S,5c:62:8b:66:67:d2"
1791489225.034,"B,47395,10,5c:62:8b:66:67:d2,0,0,6031,9,-50,A,5c:62:8b:66:67:d2"
1791489225.034,"B,47395,10,72:3b:01:24:b7:c8,28,1,0,0,-21,S,5c:62:8b:66:67:d2"
1791489225.034,"B,47495,10,46:88:44:6e:4f:e4,5939,8,0,0,-28,S,5c:62:8b:66:67:d2"
1791489225.034,"B,47495,10,5c:62:8b:66:67:d2,0,0,5995,10,-52,A,5c:62:8b:66:67:d2"
1791489225.034,"B,47495,10,72:3b:01:24:b7:c8,28,1,0,0,-21,S,5c:62:8b:66:67:d2"
1791489225.034,"B,47495,10,b2:db:ca:e6:29:a6,28,1,0,0,-28,S,5c:62:8b:66:67:d2"
1791489225.238,"B,47595,10,78:8c:b5:f5:e7:26,80,1,0,0,-75,A,78:8c:b5:f5:e7:26"
1791489225.238,"B,47595,10,46:88:44:6e:4f:e4,1750,5,0,0,-28,S,5c:62:8b:66:67:d2"
1791489225.238,"B,47595,10,5c:62:8b:66:67:d2,0,0,1862,9,-51,A,5c:62:8b:66:67:d2"
1791489225.238,"B,47595,10,72:3b:01:24:b7:c8,112,4,0,0,-22,S,5c:62:8b:66:67:d2"
1791489225.238,"B,47595,10,80:af:ca:68:4c:f8,246,3,0,0,-85,A,80:af:ca:68:4c:f8"
1791489225.238,"B,47595,10,52:f3:8a:4b:ff:ac,0,0,246,3,0,S,80:af:ca:68:4c:f8"
1791489225.238,"B,47695,10,46:88:44:6e:4f:e4,5879,8,0,0,-28,S,5c:62:8b:66:67:d2"
1791489225.238,"B,47695,10,5c:62:8b:66:67:d2,0,0,5907,9,-51,A,5c:62:8b:66:67:d2"
1791489225.238,"B,47695,10,72:3b:01:24:b7:c8,28,1,0,0,-21,S,5c:62:8b:66:67:d2"
1791489225.439,"B,47795,10,46:88:44:6e:4f:e4,5871,8,0,0,-28,S,5c:62:8b:66:67:d2"
1791489225.439,"B,47795,10,5c:62:8b:66:67:d2,0,0,5927,10,-51,A,5c:62:8b:66:67:d2"
1791489225.439,"B,47795,10,72:3b:01:24:b7:c8,56,2,0,0,-21,S,5c:62:8b:66:67:d2"
1791489225.439,"B,47895,10,46:88:44:6e:4f:e4,8891,10,0,0,-27,S,5c:62:8b:66:67:d2"
1791489225.439,"B,47895,10,5c:62:8b:66:67:d2,0,0,8975,13,-51,A,5c:62:8b:66:67:d2"
1791489225.439,"B,47895,10,72:3b:01:24:b7:c8,84,3,0,0,-21,S,5c:62:8b:66:67:d2"
1791489225.643,"B,47995,10,46:88:44:6e:4f:e4,3627,6,0,0,-27,S,5c:62:8b:66:67:d2"
1791489225.643,"B,47995,10,5c:62:8b:66:67:d2,0,0,3655,7,-51,A,5c:62:8b:66:67:d2"
1791489225.643,"B,47995,10,72:3b:01:24:b7:c8,28,1,0,0,-21,S,5c:62:8b:66:67:d2"
1791489225.643,"B,48095,10,46:88:44:6e:4f:e4,7868,10,0,0,-27,S,5c:62:8b:66:67:d2"
1791489225.643,"B,48095,10,5c:62:8b:66:67:d2,0,0,7952,13,-50,A,5c:62:8b:66:67:d2"
1791489225.643,"B,48095,10,72:3b:01:24:b7:c8,84,3,0,0,-21,S,5c:62:8b:66:67:d2"
1791489225.845,"B,48195,10,46:88:44:6e:4f:e4,1078,4,0,0,-28,S,5c:62:8b:66:67:d2"
1791489225.845,"B,48195,10,5c:62:8b:66:67:d2,0,0,1134,6,-53,A,5c:62:8b:66:67:d2"
1791489225.845,"B,48195,10,72:3b:01:24:b7:c8,56,2,0,0,-21,S,5c:62:8b:66:67:d2"
1791489225.845,"B,48295,10,46:88:44:6e:4f:e4,5987,7,0,0,-28,S,5c:62:8b:66:67:d2"
1791489225.845,"B,48295,10,5c:62:8b:66:67:d2,0,0,6015,8,-50,A,5c:62:8b:66:67:d2"
1791489225.845,"B,48295,10,72:3b:01:24:b7:c8,28,1,0,0,-21,S,5c:62:8b:66:67:d2"
1791489226.047,"B,48395,10,46:88:44:6e:4f:e4,6087,8,0,0,-28,S,5c:62:8b:66:67:d2"
1791489226.047,"B,48395,10,5c:62:8b:66:67:d2,0,0,6255,14,-52,A,5c:62:8b:66:67:d2"
1791489226.047,"B,48395,10,72:3b:01:24:b7:c8,140,5,0,0,-21,S,5c:62:8b:66:67:d2"
1791489226.047,"B,48395,10,b2:db:ca:e6:29:a6,28,1,0,0,-29,S,5c:62:8b:66:67:d2"
1791489226.047,"B,48495,10,46:88:44:6e:4f:e4,7637,9,0,0,-28,S,5c:62:8b:66:67:d2"
1791489226.047,"B,48495,10,5c:62:8b:66:67:d2,0,0,7777,14,-50,A,5c:62:8b:66:67:d2"
1791489226.047,"B,48495,10,72:3b:01:24:b7:c8,84,3,0,0,-21,S,5c:62:8b:66:67:d2"
1791489226.047,"B,48495,10,b2:db:ca:e6:29:a6,56,2,0,0,-28,S,5c:62:8b:66:67:d2"
1791489226.251,"B,48595,10,a6:4c:bd:b6:c7:99,60,2,0,0,-83,S,78:8c:b5:f5:e7:26"
1791489226.251,"B,48595,10,78:8c:b5:f5:e7:26,0,0,60,2,-73,A,78:8c:b5:f5:e7:26"
1791489226.251,"B,48595,10,46:88:44:6e:4f:e4,9251,10,138,1,-28,S,5c:62:8b:66:67:d2"
1791489226.251,"B,48595,10,5c:62:8b:66:67:d2,138,1,9307,12,-48,A,5c:62:8b:66:67:d2"
1791489226.251,"B,48595,10,b2:db:ca:e6:29:a6,56,2,0,0,-27,S,5c:62:8b:66:67:d2"
1791489226.251,"B,48595,10,80:af:ca:68:4c:f8,82,1,0,0,-84,A,80:af:ca:68:4c:f8"
1791489226.251,"B,48595,10,52:f3:8a:4b:ff:ac,0,0,82,1,0,S,80:af:ca:68:4c:f8"
1791489226.251,"B,48695,10,a6:4c:bd:b6:c7:99,60,2,0,0,-85,S,78:8c:b5:f5:e7:26"
1791489226.251,"B,48695,10,78:8c:b5:f5:e7:26,0,0,60,2,-73,A,78:8c:b5:f5:e7:26"
1791489226.251,"B,48695,10,46:88:44:6e:4f:e4,6141,9,0,0,-28,S,5c:62:8b:66:67:d2"
1791489226.251,"B,48695,10,5c:62:8b:66:67:d2,0,0,6281,14,-50,A,5c:62:8b:66:67:d2"
1791489226.251,"B,48695,10,72:3b:01:24:b7:c8,112,4,0,0,-21,S,5c:62:8b:66:67:d2"
1791489226.251,"B,48695,10,b2:db:ca:e6:29:a6,28,1,0,0,-28,S,5c:62:8b:66:67:d2"
1791489226.455,"B,48795,10,46:88:44:6e:4f:e4,1750,5,0,0,-28,S,5c:62:8b:66:67:d2"
1791489226.455,"B,48795,10,5c:62:8b:66:67:d2,0,0,1834,8,-51,A,5c:62:8b:66:67:d2"
1791489226.455,"B,48795,10,72:3b:01:24:b7:c8,28,1,0,0,-21,S,5c:62:8b:66:67:d2"
1791489226.455,"B,48795,10,b2:db:ca:e6:29:a6,56,2,0,0,-28,S,5c:62:8b:66:67:d2"
1791489226.455,"B,48895,10,46:88:44:6e:4f:e4,6417,9,0,0,-28,S,5c:62:8b:66:67:d2"
1791489226.455,"B,48895,10,5c:62:8b:66:67:d2,0,0,6613,16,-50,A,5c:62:8b:66:67:d2"
1791489226.455,"B,48895,10,72:3b:01:24:b7:c8,140,5,0,0,-21,S,5c:62:8b:66:67:d2"
1791489226.455,"B,48895,10,b2:db:ca:e6:29:a6,56,2,0,0,-28,S,5c:62:8b:66:67:d2"
1791489226.657,"B,48995,10,a6:4c:bd:b6:c7:99,30,1,0,0,-86,S,78:8c:b5:f5:e7:26"
1791489226.657,"B,48995,10,78:8c:b5:f5:e7:26,0,0,30,1,-73,A,78:8c:b5:f5:e7:26"
1791489226.657,"B,48995,10,46:88:44:6e:4f:e4,6139,8,0,0,-28,S,5c:62:8b:66:67:d2"
1791489226.657,"B,48995,10,5c:62:8b:66:67:d2,0,0,6195,10,0,A,5c:62:8b:66:67:d2"
1791489226.657,"B,48995,10,b2:db:ca:e6:29:a6,56,2,0,0,-27,S,5c:62:8b:66:67:d2"
1791489226.657,"B,49095,10,a6:4c:bd:b6:c7:99,30,1,0,0,-85,S,78:8c:b5:f5:e7:26"
1791489226.657,"B,49095,10,78:8c:b5:f5:e7:26,0,0,30,1,-74,A,78:8c:b5:f5:e7:26"
1791489226.657,"B,49095,10,46:88:44:6e:4f:e4,5889,11,0,0,-28,S,5c:62:8b:66:67:d2"
1791489226.657,"B,49095,10,5c:62:8b:66:67:d2,0,0,6029,16,-51,A,5c:62:8b:66:67:d2"
1791489226.657,"B,49095,10,72:3b:01:24:b7:c8,84,3,0,0,-21,S,5c:62:8b:66:67:d2"
1791489226.657,"B,49095,10,b2:db:ca:e6:29:a6,56,2,0,0,-28,S,5c:62:8b:66:67:d2"
1791489226.861,"B,49195,10,a6:4c:bd:b6:c7:99,60,2,0,0,-84,S,78:8c:b5:f5:e7:26"
1791489226.861,"B,49195,10,78:8c:b5:f5:e7:26,0,0,60,2,-74,A,78:8c:b5:f5:e7:26"
1791489226.861,"B,49195,10,46:88:44:6e:4f:e4,8579,10,0,0,-27,S,5c:62:8b:66:67:d2"
1791489226.861,"B,49195,10,5c:62:8b:66:67:d2,0,0,8747,16,-51,A,5c:62:8b:66:67:d2"
1791489226.861,"B,49195,10,72:3b:01:24:b7:c8,112,4,0,0,-21,S,5c:62:8b:66:67:d2"
1791489226.861,"B,49195,10,b2:db:ca:e6:29:a6,56,2,0,0,-27,S,5c:62:8b:66:67:d2"
1791489226.861,"B,49295,10,46:88:44:6e:4f:e4,6261,9,0,0,-28,S,5c:62:8b:66:67:d2"
1791489226.861,"B,49295,10,5c:62:8b:66:67:d2,0,0,6289,10,-51,A,5c:62:8b:66:67:d2"
1791489226.861,"B,49295,10,b2:db:ca:e6:29:a6,28,1,0,0,-29,S,5c:62:8b:66:67:d2"
1791489227.064,"B,49395,10,46:88:44:6e:4f:e4,5903,10,0,0,-27,S,5c:62:8b:66:67:d2"
1791489227.064,"B,49395,10,5c:62:8b:66:67:d2,0,0,6043,15,-49,A,5c:62:8b:66:67:d2"
1791489227.064,"B,49395,10,72:3b:01:24:b7:c8,84,3,0,0,-21,S,5c:62:8b:66:67:d2"
1791489227.064,"B,49395,10,b2:db:ca:e6:29:a6,56,2,0,0,-29,S,5c:62:8b:66:67:d2"
1791489227.064,"B,49495,10,46:88:44:6e:4f:e4,1400,4,0,0,-29,S,5c:62:8b:66:67:d2"
1791489227.064,"B,49495,10,5c:62:8b:66:67:d2,0,0,1652,13,-49,A,5c:62:8b:66:67:d2"
1791489227.064,"B,49495,10,72:3b:01:24:b7:c8,196,7,0,0,-21,S,5c:62:8b:66:67:d2"
1791489227.064,"B,49495,10,b2:db:ca:e6:29:a6,56,2,0,0,-28,S,5c:62:8b:66:67:d2"
1791489227.268,"B,49595,10,46:88:44:6e:4f:e4,5731,8,0,0,-29,S,5c:62:8b:66:67:d2"
1791489227.268,"B,49595,10,5c:62:8b:66:67:d2,0,0,5787,10,-49,A,5c:62:8b:66:67:d2"
1791489227.268,"B,49595,10,b2:db:ca:e6:29:a6,56,2,0,0,-30,S,5c:62:8b:66:67:d2"
1791489227.268,"B,49695,10,a6:4c:bd:b6:c7:99,30,1,0,0,-85,S,78:8c:b5:f5:e7:26"
1791489227.268,"B,49695,10,78:8c:b5:f5:e7:26,161,1,30,1,-76,A,78:8c:b5:f5:e7:26"
1791489227.268,"B,49695,10,46:88:44:6e:4f:e4,7108,10,0,0,-29,S,5c:62:8b:66:67:d2"
1791489227.268,"B,49695,10,5c:62:8b:66:67:d2,0,0,7304,17,-49,A,5c:62:8b:66:67:d2"
1791489227.268,"B,49695,10,72:3b:01:24:b7:c8,112,4,0,0,-21,S,5c:62:8b:66:67:d2"
1791489227.268,"B,49695,10,b2:db:ca:e6:29:a6,84,3,0,0,-29,S,5c:62:8b:66:67:d2"
1791489227.268,"B,49695,10,80:af:ca:68:4c:f8,164,2,0,0,-87,A,80:af:ca:68:4c:f8"
1791489227.268,"B,49695,10,52:f3:8a:4b:ff:ac,0,0,82,1,0,S,80:af:ca:68:4c:f8"
1791489227.268,"B,49695,10,52:4b:9a:a2:db:8e,0,0,82,1,0,S,80:af:ca:68:4c:f8"
1791489227.469,"B,49795,10,46:88:44:6e:4f:e4,7219,12,0,0,-27,S,5c:62:8b:66:67:d2"
1791489227.469,"B,49795,10,5c:62:8b:66:67:d2,0,0,7387,18,-48,A,5c:62:8b:66:67:d2"
1791489227.469,"B,49795,10,72:3b:01:24:b7:c8,112,4,0,0,-21,S,5c:62:8b:66:67:d2"
1791489227.469,"B,49795,10,b2:db:ca:e6:29:a6,56,2,0,0,-27,S,5c:62:8b:66:67:d2"
1791489227.469,"B,49895,10,a6:4c:bd:b6:c7:99,30,1,0,0,-85,S,78:8c:b5:f5:e7:26"
1791489227.469,"B,49895,10,78:8c:b5:f5:e7:26,0,0,30,1,-73,A,78:8c:b5:f5:e7:26"
1791489227.469,"B,49895,10,46:88:44:6e:4f:e4,6289,9,0,0,-27,S,5c:62:8b:66:67:d2"
1791489227.469,"B,49895,10,5c:62:8b:66:67:d2,0,0,6345,11,-47,A,5c:62:8b:66:67:d2"
1791489227.469,"B,49895,10,b2:db:ca:e6:29:a6,56,2,0,0,-28,S,5c:62:8b:66:67:d2"
1791489227.673,"B,49995,10,46:88:44:6e:4f:e4,1078,4,0,0,-28,S,5c:62:8b:66:67:d2"
1791489227.673,"B,49995,10,5c:62:8b:66:67:d2,0,0,1414,16,-46,A,5c:62:8b:66:67:d2"
1791489227.673,"B,49995,10,72:3b:01:24:b7:c8,252,9,0,0,-21,S,5c:62:8b:66:67:d2"
1791489227.673,"B,49995,10,b2:db:ca:e6:29:a6,84,3,0,0,-27,S,5c:62:8b:66:67:d2"
1791489227.673,"B,50095,10,46:88:44:6e:4f:e4,5635,7,0,0,-29,S,5c:62:8b:66:67:d2"
1791489227.673,"B,50095,10,5c:62:8b:66:67:d2,0,0,5775,12,-45,A,5c:62:8b:66:67:d2"
1791489227.673,"B,50095,10,72:3b:01:24:b7:c8,112,4,0,0,-21,S,5c:62:8b:66:67:d2"
1791489227.673,"B,50095,10,b2:db:ca:e6:29:a6,28,1,0,0,-26,S,5c:62:8b:66:67:d2"
1791489227.673,"I,50107,stat,rx=9303,drops=0,ch=10,bin=100,hop=0,heap=203056"
1791489227.876,"B,50195,10,46:88:44:6e:4f:e4,7217,9,0,0,-28,S,5c:62:8b:66:67:d2"
1791489227.876,"B,50195,10,5c:62:8b:66:67:d2,0,0,7273,11,-46,A,5c:62:8b:66:67:d2"
1791489227.876,"B,50195,10,b2:db:ca:e6:29:a6,56,2,0,0,-25,S,5c:62:8b:66:67:d2"
1791489227.876,"B,50295,10,46:88:44:6e:4f:e4,5663,8,0,0,-29,S,5c:62:8b:66:67:d2"
1791489227.876,"B,50295,10,5c:62:8b:66:67:d2,0,0,5943,18,-46,A,5c:62:8b:66:67:d2"
1791489227.876,"B,50295,10,72:3b:01:24:b7:c8,224,8,0,0,-21,S,5c:62:8b:66:67:d2"
1791489227.876,"B,50295,10,b2:db:ca:e6:29:a6,56,2,0,0,-27,S,5c:62:8b:66:67:d2"
1791489228.077,"B,50395,10,46:88:44:6e:4f:e4,5985,9,0,0,-28,S,5c:62:8b:66:67:d2"
1791489228.077,"B,50395,10,5c:62:8b:66:67:d2,0,0,6293,20,-46,A,5c:62:8b:66:67:d2"
1791489228.077,"B,50395,10,72:3b:01:24:b7:c8,252,9,0,0,-21,S,5c:62:8b:66:67:d2"
1791489228.077,"B,50395,10,b2:db:ca:e6:29:a6,56,2,0,0,-27,S,5c:62:8b:66:67:d2"
1791489228.077,"B,50495,10,46:88:44:6e:4f:e4,5663,8,0,0,-28,S,5c:62:8b:66:67:d2"
1791489228.077,"B,50495,10,5c:62:8b:66:67:d2,0,0,5747,11,-47,A,5c:62:8b:66:67:d2"
1791489228.077,"B,50495,10,72:3b:01:24:b7:c8,28,1,0,0,-22,S,5c:62:8b:66:67:d2"
1791489228.077,"B,50495,10,b2:db:ca:e6:29:a6,56,2,0,0,-26,S,5c:62:8b:66:67:d2"
1791489228.077,"B,50595,10,78:8c:b5:f5:e7:26,80,1,0,0,-75,A,78:8c:b5:f5:e7:26"
1791489228.077,"B,50595,10,46:88:44:6e:4f:e4,1078,4,0,0,-27,S,5c:62:8b:66:67:d2"
1791489228.077,"B,50595,10,5c:62:8b:66:67:d2,0,0,1358,14,-46,A,5c:62:8b:66:67:d2"
1791489228.077,"B,50595,10,72:3b:01:24:b7:c8,224,8,0,0,-21,S,5c:62:8b:66:67:d2"
1791489228.077,"B,50595,10,b2:db:ca:e6:29:a6,56,2,0,0,-25,S,5c:62:8b:66:67:d2"
1791489228.278,"B,50695,10,46:88:44:6e:4f:e4,9635,11,0,0,-29,S,5c:62:8b:66:67:d2"
1791489228.278,"B,50695,10,5c:62:8b:66:67:d2,0,0,9719,14,-45,A,5c:62:8b:66:67:d2"
1791489228.278,"B,50695,10,72:3b:01:24:b7:c8,84,3,0,0,-21,S,5c:62:8b:66:67:d2"
1791489228.278,"B,50795,10,46:88:44:6e:4f:e4,8759,10,0,0,-28,S,5c:62:8b:66:67:d2"
1791489228.478,"B,50795,10,5c:62:8b:66:67:d2,0,0,8787,11,-45,A,5c:62:8b:66:67:d2"
1791489228.478,"B,50795,10,b2:db:ca:e6:29:a6,28,1,0,0,-27,S,5c:62:8b:66:67:d2"
1791489228.478,"B,50895,10,46:88:44:6e:4f:e4,6705,11,0,0,-29,S,5c:62:8b:66:67:d2"
1791489228.478,"B,50895,10,5c:62:8b:66:67:d2,0,0,6957,20,-46,A,5c:62:8b:66:67:d2"
1791489228.478,"B,50895,10,72:3b:01:24:b7:c8,224,8,0,0,-21,S,5c:62:8b:66:67:d2"
1791489228.478,"B,50895,10,b2:db:ca:e6:29:a6,28,1,0,0,-27,S,5c:62:8b:66:67:d2"
1791489228.478,"B,50995,10,46:88:44:6e:4f:e4,5659,8,0,0,-29,S,5c:62:8b:66:67:d2"
1791489228.478,"B,50995,10,5c:62:8b:66:67:d2,0,0,5743,11,-45,A,5c:62:8b:66:67:d2"
1791489228.478,"B,50995,10,b2:db:ca:e6:29:a6,84,3,0,0,-26,S,5c:62:8b:66:67:d2"
1791489228.678,"B,51095,10,46:88:44:6e:4f:e4,8725,10,0,0,-29,S,5c:62:8b:66:67:d2"
1791489228.678,"B,51095,10,5c:62:8b:66:67:d2,0,0,8725,10,-45,A,5c:62:8b:66:67:d2"
1791489228.678,"B,51195,10,46:88:44:6e:4f:e4,3094,6,0,0,-29,S,5c:62:8b:66:67:d2"
1791489228.678,"B,51195,10,5c:62:8b:66:67:d2,0,0,3374,16,-45,A,5c:62:8b:66:67:d2"
1791489228.878,"B,51195,10,72:3b:01:24:b7:c8,196,7,0,0,-21,S,5c:62:8b:66:67:d2"
1791489228.878,"B,51195,10,b2:db:ca:e6:29:a6,84,3,0,0,-27,S,5c:62:8b:66:67:d2"
1791489228.878,"M,51252,slot,6,1"
1791489228.878,"B,51295,10,46:88:44:6e:4f:e4,9611,11,0,0,-29,S,5c:62:8b:66:67:d2"
1791489228.878,"B,51295,10,5c:62:8b:66:67:d2,0,0,9695,14,-45,A,5c:62:8b:66:67:d2"
1791489228.878,"B,51295,10,72:3b:01:24:b7:c8,28,1,0,0,-21,S,5c:62:8b:66:67:d2"
1791489228.878,"B,51295,10,b2:db:ca:e6:29:a6,56,2,0,0,-27,S,5c:62:8b:66:67:d2"
1791489228.878,"B,51395,10,46:88:44:6e:4f:e4,1078,4,0,0,-29,S,5c:62:8b:66:67:d2"
1791489228.878,"B,51395,10,5c:62:8b:66:67:d2,0,0,1246,10,-45,A,5c:62:8b:66:67:d2"
1791489228.878,"B,51395,10,72:3b:01:24:b7:c8,112,4,0,0,-21,S,5c:62:8b:66:67:d2"
1791489228.878,"B,51395,10,b2:db:ca:e6:29:a6,56,2,0,0,-26,S,5c:62:8b:66:67:d2"
1791489229.079,"B,51495,10,46:88:44:6e:4f:e4,5909,9,0,0,-28,S,5c:62:8b:66:67:d2"
1791489229.079,"B,51495,10,5c:62:8b:66:67:d2,0,0,6049,14,-47,A,5c:62:8b:66:67:d2"
1791489229.079,"B,51495,10,72:3b:01:24:b7:c8,84,3,0,0,-21,S,5c:62:8b:66:67:d2"
1791489229.079,"B,51495,10,b2:db:ca:e6:29:a6,56,2,0,0,-26,S,5c:62:8b:66:67:d2"
1791489229.079,"B,51595,10,78:8c:b5:f5:e7:26,80,1,0,0,-75,A,78:8c:b5:f5:e7:26"
1791489229.079,"B,51595,10,46:88:44:6e:4f:e4,5603,8,0,0,-29,S,5c:62:8b:66:67:d2"
1791489229.079,"B,51595,10,5c:62:8b:66:67:d2,0,0,5603,8,-46,A,5c:62:8b:66:67:d2"
1791489229.279,"B,51695,10,46:88:44:6e:4f:e4,5563,8,0,0,-29,S,5c:62:8b:66:67:d2"
1791489229.279,"B,51695,10,5c:62:8b:66:67:d2,0,0,5759,15,-47,A,5c:62:8b:66:67:d2"
1791489229.279,"B,51695,10,72:3b:01:24:b7:c8,112,4,0,0,-21,S,5c:62:8b:66:67:d2"
1791489229.279,"B,51695,10,b2:db:ca:e6:29:a6,84,3,0,0,-26,S,5c:62:8b:66:67:d2"
1791489229.279,"B,51795,10,a6:4c:bd:b6:c7:99,30,1,0,0,-86,S,78:8c:b5:f5:e7:26"
1791489229.279,"B,51795,10,78:8c:b5:f5:e7:26,0,0,30,1,-74,A,78:8c:b5:f5:e7:26"
1791489229.279,"B,51795,10,46:88:44:6e:4f:e4,1050,3,0,0,-29,S,5c:62:8b:66:67:d2"
1791489229.279,"B,51795,10,5c:62:8b:66:67:d2,0,0,1162,7,-46,A,5c:62:8b:66:67:d2"
1791489229.279,"B,51795,10,72:3b:01:24:b7:c8,84,3,0,0,-21,S,5c:62:8b:66:67:d2"
1791489229.480,"B,51795,10,b2:db:ca:e6:29:a6,28,1,0,0,-26,S,5c:62:8b:66:67:d2"
1791489229.480,"B,51895,10,a6:4c:bd:b6:c7:99,60,2,0,0,-86,S,78:8c:b5:f5:e7:26"
1791489229.480,"B,51895,10,78:8c:b5:f5:e7:26,0,0,60,2,-74,A,78:8c:b5:f5:e7:26"
1791489229.480,"B,51895,10,46:88:44:6e:4f:e4,5575,8,0,0,-28,S,5c:62:8b:66:67:d2"
1791489229.480,"B,51895,10,5c:62:8b:66:67:d2,0,0,5687,12,-46,A,5c:62:8b:66:67:d2"
1791489229.480,"B,51895,10,72:3b:01:24:b7:c8,28,1,0,0,-21,S,5c:62:8b:66:67:d2"
1791489229.480,"B,51895,10,b2:db:ca:e6:29:a6,84,3,0,0,-27,S,5c:62:8b:66:67:d2"
1791489229.480,"B,51995,10,46:88:44:6e:4f:e4,7113,9,0,0,-28,S,5c:62:8b:66:67:d2"
1791489229.480,"B,51995,10,5c:62:8b:66:67:d2,0,0,7337,17,-46,A,5c:62:8b:66:67:d2"
1791489229.480,"B,51995,10,72:3b:01:24:b7:c8,196,7,0,0,-21,S,5c:62:8b:66:67:d2"
1791489229.480,"B,51995,10,b2:db:ca:e6:29:a6,28,1,0,0,-28,S,5c:62:8b:66:67:d2"
1791489229.681,"B,52095,10,a6:4c:bd:b6:c7:99,60,2,0,0,-86,S,78:8c:b5:f5:e7:26"
1791489229.681,"B,52095,10,78:8c:b5:f5:e7:26,0,0,60,2,-73,A,78:8c:b5:f5:e7:26"
1791489229.681,"B,52095,10,46:88:44:6e:4f:e4,7817,11,0,0,-28,S,5c:62:8b:66:67:d2"
1791489229.681,"B,52095,10,5c:62:8b:66:67:d2,0,0,7929,15,-46,A,5c:62:8b:66:67:d2"
1791489229.681,"B,52095,10,72:3b:01:24:b7:c8,84,3,0,0,-21,S,5c:62:8b:66:67:d2"
1791489229.681,"B,52095,10,b2:db:ca:e6:29:a6,28,1,0,0,-27,S,5c:62:8b:66:67:d2"
1791489229.681,"B,52195,10,46:88:44:6e:4f:e4,5607,8,0,0,-29,S,5c:62:8b:66:67:d2"
1791489229.681,"B,52195,10,5c:62:8b:66:67:d2,0,0,5747,13,-46,A,5c:62:8b:66:67:d2"
1791489229.681,"B,52195,10,72:3b:01:24:b7:c8,112,4,0,0,-21,S,5c:62:8b:66:67:d2"
1791489229.681,"B,52195,10,b2:db:ca:e6:29:a6,28,1,0,0,-29,S,5c:62:8b:66:67:d2"
1791489229.882,"B,52295,10,46:88:44:6e:4f:e4,5531,8,0,0,-29,S,5c:62:8b:66:67:d2"
1791489229.882,"B,52295,10,5c:62:8b:66:67:d2,0,0,5559,9,-46,A,5c:62:8b:66:67:d2"
1791489229.882,"B,52295,10,b2:db:ca:e6:29:a6,28,1,0,0,-29,S,5c:62:8b:66:67:d2"
1791489229.882,"B,52395,10,46:88:44:6e:4f:e4,5229,7,0,0,-29,S,5c:62:8b:66:67:d2"
1791489229.882,"B,52395,10,5c:62:8b:66:67:d2,0,0,5481,16,-45,A,5c:62:8b:66:67:d2"
1791489229.882,"B,52395,10,72:3b:01:24:b7:c8,196,7,0,0,-21,S,5c:62:8b:66:67:d2"
1791489229.882,"B,52395,10,b2:db:ca:e6:29:a6,56,2,0,0,-28,S,5c:62:8b:66:67:d2"
1791489230.083,"B,52495,10,46:88:44:6e:4f:e4,1050,3,0,0,-29,S,5c:62:8b:66:67:d2"
1791489230.083,"B,52495,10,5c:62:8b:66:67:d2,0,0,1302,12,-48,A,5c:62:8b:66:67:d2"
1791489230.083,"B,52495,10,72:3b:01:24:b7:c8,196,7,0,0,-21,S,5c:62:8b:66:67:d2"
1791489230.083,"B,52495,10,b2:db:ca:e6:29:a6,56,2,0,0,-26,S,5c:62:8b:66:67:d2"
1791489230.083,"B,52595,10,78:8c:b5:f5:e7:26,80,1,0,0,-76,A,78:8c:b5:f5:e7:26"
1791489230.083,"B,52595,10,46:88:44:6e:4f:e4,5479,8,0,0,-29,S,5c:62:8b:66:67:d2"
1791489230.083,"B,52595,10,5c:62:8b:66:67:d2,0,0,5507,9,-46,A,5c:62:8b:66:67:d2"
1791489230.083,"B,52595,10,b2:db:ca:e6:29:a6,28,1,0,0,-28,S,5c:62:8b:66:67:d2"
1791489230.284,"B,52695,10,46:88:44:6e:4f:e4,5539,8,0,0,-31,S,5c:62:8b:66:67:d2"
1791489230.284,"B,52695,10,5c:62:8b:66:67:d2,0,0,5651,12,-44,A,5c:62:8b:66:67:d2"
1791489230.284,"B,52695,10,72:3b:01:24:b7:c8,84,3,0,0,-21,S,5c:62:8b:66:67:d2"
1791489230.284,"B,52695,10,b2:db:ca:e6:29:a6,28,1,0,0,-30,S,5c:62:8b:66:67:d2"
1791489230.284,"B,52695,10,38:d5:7a:f4:5a:37,30,1,0,0,-90,S,8a:ce:16:78:6f:dc"
1791489230.284,"B,52695,10,8a:ce:16:78:6f:dc,0,0,30,1,0,A,8a:ce:16:78:6f:dc"
1791489230.284,"B,52795,10,46:88:44:6e:4f:e4,5591,8,0,0,-36,S,5c:62:8b:66:67:d2"
1791489230.284,"B,52795,10,5c:62:8b:66:67:d2,0,0,5787,15,-43,A,5c:62:8b:66:67:d2"
1791489230.284,"B,52795,10,72:3b:01:24:b7:c8,140,5,0,0,-21,S,5c:62:8b:66:67:d2"
1791489230.284,"B,52795,10,b2:db:ca:e6:29:a6,56,2,0,0,-29,S,5c:62:8b:66:67:d2"
1791489230.486,"B,52895,10,46:88:44:6e:4f:e4,1750,5,0,0,-36,S,5c:62:8b:66:67:d2"
1791489230.486,"B,52895,10,5c:62:8b:66:67:d2,0,0,1778,6,-44,A,5c:62:8b:66:67:d2"
1791489230.486,"B,52895,10,b2:db:ca:e6:29:a6,28,1,0,0,-30,S,5c:62:8b:66:67:d2"
1791489230.486,"B,52995,10,46:88:44:6e:4f:e4,5917,9,0,0,-36,S,5c:62:8b:66:67:d2"
1791489230.486,"B,52995,10,5c:62:8b:66:67:d2,0,0,6085,15,-45,A,5c:62:8b:66:67:d2"
1791489230.486,"B,52995,10,72:3b:01:24:b7:c8,112,4,0,0,-21,S,5c:62:8b:66:67:d2"
1791489230.486,"B,52995,10,b2:db:ca:e6:29:a6,56,2,0,0,-30,S,5c:62:8b:66:67:d2"
1791489230.686,"B,53095,10,46:88:44:6e:4f:e4,4608,7,0,0,-36,S,5c:62:8b:66:67:d2"
1791489230.686,"B,53095,10,5c:62:8b:66:67:d2,0,0,4692,10,-45,A,5c:62:8b:66:67:d2"
1791489230.686,"B,53095,10,72:3b:01:24:b7:c8,28,1,0,0,-21,S,5c:62:8b:66:67:d2"
1791489230.686,"B,53095,10,b2:db:ca:e6:29:a6,56,2,0,0,-31,S,5c:62:8b:66:67:d2"
1791489230.686,"B,53195,10,a6:4c:bd:b6:c7:99,60,2,0,0,-85,S,78:8c:b5:f5:e7:26"
1791489230.686,"B,53195,10,78:8c:b5:f5:e7:26,0,0,60,2,-74,A,78:8c:b5:f5:e7:26"
1791489230.686,"B,53195,10,46:88:44:6e:4f:e4,5763,8,0,0,-36,S,5c:62:8b:66:67:d2"
1791489230.686,"B,53195,10,5c:62:8b:66:67:d2,0,0,5763,8,-46,A,5c:62:8b:66:67:d2"
1791489230.686,"B,53195,10,80:af:ca:68:4c:f8,124,1,0,0,-88,A,80:af:ca:68:4c:f8"
1791489230.888,"B,53295,10,46:88:44:6e:4f:e4,5743,8,0,0,-35,S,5c:62:8b:66:67:d2"
1791489230.888,"B,53295,10,5c:62:8b:66:67:d2,0,0,5995,17,0,A,5c:62:8b:66:67:d2"
1791489230.888,"B,53295,10,72:3b:01:24:b7:c8,196,7,0,0,-21,S,5c:62:8b:66:67:d2"
1791489230.888,"B,53295,10,b2:db:ca:e6:29:a6,56,2,0,0,-31,S,5c:62:8b:66:67:d2"
1791489230.888,"B,53395,10,46:88:44:6e:4f:e4,4382,6,0,0,-35,S,5c:62:8b:66:67:d2"
1791489230.888,"B,53395,10,5c:62:8b:66:67:d2,0,0,4494,10,-45,A,5c:62:8b:66:67:d2"
1791489230.888,"B,53395,10,72:3b:01:24:b7:c8,56,2,0,0,-21,S,5c:62:8b:66:67:d2"
1791489230.888,"B,53395,10,b2:db:ca:e6:29:a6,56,2,0,0,-30,S,5c:62:8b:66:67:d2"
1791489231.090,"B,53495,10,46:88:44:6e:4f:e4,5819,8,138,1,-37,S,5c:62:8b:66:67:d2"
1791489231.090,"B,53495,10,5c:62:8b:66:67:d2,138,1,5847,9,-47,A,5c:62:8b:66:67:d2"
1791489231.090,"B,53495,10,b2:db:ca:e6:29:a6,28,1,0,0,-32,S,5c:62:8b:66:67:d2"
1791489231.090,"B,53595,10,a6:4c:bd:b6:c7:99,90,3,0,0,-85,S,78:8c:b5:f5:e7:26"
1791489231.090,"B,53595,10,78:8c:b5:f5:e7:26,0,0,90,3,-74,A,78:8c:b5:f5:e7:26"
1791489231.090,"B,53595,10,46:88:44:6e:4f:e4,700,2,0,0,-37,S,5c:62:8b:66:67:d2"
1791489231.090,"B,53595,10,5c:62:8b:66:67:d2,0,0,924,10,-46,A,5c:62:8b:66:67:d2"
1791489231.090,"B,53595,10,72:3b:01:24:b7:c8,196,7,0,0,-21,S,5c:62:8b:66:67:d2"
1791489231.090,"B,53595,10,b2:db:ca:e6:29:a6,28,1,0,0,-31,S,5c:62:8b:66:67:d2"
1791489231.294,"B,53695,10,a6:4c:bd:b6:c7:99,30,1,0,0,-85,S,78:8c:b5:f5:e7:26"
1791489231.294,"B,53695,10,78:8c:b5:f5:e7:26,0,0,30,1,0,A,78:8c:b5:f5:e7:26"
1791489231.294,"B,53695,10,46:88:44:6e:4f:e4,6215,10,0,0,-36,S,5c:62:8b:66:67:d2"
1791489231.294,"B,53695,10,5c:62:8b:66:67:d2,0,0,6299,13,-45,A,5c:62:8b:66:67:d2"
1791489231.294,"B,53695,10,72:3b:01:24:b7:c8,28,1,0,0,-22,S,5c:62:8b:66:67:d2"
1791489231.294,"B,53695,10,b2:db:ca:e6:29:a6,56,2,0,0,-30,S,5c:62:8b:66:67:d2"
1791489231.294,"B,53795,10,46:88:44:6e:4f:e4,5835,8,0,0,-37,S,5c:62:8b:66:67:d2"
1791489231.294,"B,53795,10,5c:62:8b:66:67:d2,0,0,5891,10,-45,A,5c:62:8b:66:67:d2"
1791489231.294,"B,53795,10,b2:db:ca:e6:29:a6,56,2,0,0,-32,S,5c:62:8b:66:67:d2"
1791489231.498,"B,53895,10,46:88:44:6e:4f:e4,4783,6,0,0,-37,S,5c:62:8b:66:67:d2"
1791489231.498,"B,53895,10,5c:62:8b:66:67:d2,0,0,5007,14,-47,A,5c:62:8b:66:67:d2"
1791489231.498,"B,53895,10,72:3b:01:24:b7:c8,168,6,0,0,-21,S,5c:62:8b:66:67:d2"
1791489231.498,"B,53895,10,b2:db:ca:e6:29:a6,56,2,0,0,-31,S,5c:62:8b:66:67:d2"
1791489231.498,"B,53995,10,46:88:44:6e:4f:e4,5759,8,0,0,-36,S,5c:62:8b:66:67:d2"
1791489231.498,"B,53995,10,5c:62:8b:66:67:d2,0,0,5843,11,-46,A,5c:62:8b:66:67:d2"
1791489231.498,"B,53995,10,72:3b:01:24:b7:c8,84,3,0,0,-21,S,5c:62:8b:66:67:d2"
1791489231.701,"B,54095,10,46:88:44:6e:4f:e4,7623,10,0,0,-36,S,5c:62:8b:66:67:d2"
1791489231.701,"B,54095,10,5c:62:8b:66:67:d2,0,0,7679,12,-45,A,5c:62:8b:66:67:d2"
1791489231.701,"B,54095,10,b2:db:ca:e6:29:a6,56,2,0,0,-31,S,5c:62:8b:66:67:d2"
1791489231.701,"B,54195,10,46:88:44:6e:4f:e4,1400,4,0,0,-36,S,5c:62:8b:66:67:d2"
1791489231.701,"B,54195,10,5c:62:8b:66:67:d2,0,0,1568,10,-45,A,5c:62:8b:66:67:d2"
1791489231.701,"B,54195,10,72:3b:01:24:b7:c8,112,4,0,0,-21,S,5c:62:8b:66:67:d2"
1791489231.701,"B,54195,10,b2:db:ca:e6:29:a6,56,2,0,0,-31,S,5c:62:8b:66:67:d2"
1791489231.902,"B,54295,10,46:88:44:6e:4f:e4,5771,8,0,0,-36,S,5c:62:8b:66:67:d2"
1791489231.902,"B,54295,10,5c:62:8b:66:67:d2,0,0,5827,10,-46,A,5c:62:8b:66:67:d2"
1791489231.902,"B,54295,10,72:3b:01:24:b7:c8,28,1,0,0,-21,S,5c:62:8b:66:67:d2"
1791489231.902,"B,54295,10,b2:db:ca:e6:29:a6,28,1,0,0,-31,S,5c:62:8b:66:67:d2"
1791489231.902,"B,54395,10,46:88:44:6e:4f:e4,5743,8,0,0,-36,S,5c:62:8b:66:67:d2"
1791489231.902,"B,54395,10,5c:62:8b:66:67:d2,0,0,5967,16,-45,A,5c:62:8b:66:67:d2"
1791489231.902,"B,54395,10,72:3b:01:24:b7:c8,196,7,0,0,-21,S,5c:62:8b:66:67:d2"
1791489231.902,"B,54395,10,b2:db:ca:e6:29:a6,28,1,0,0,-31,S,5c:62:8b:66:67:d2"
1791489232.103,"B,54495,10,46:88:44:6e:4f:e4,8495,10,0,0,-35,S,5c:62:8b:66:67:d2"
1791489232.103,"B,54495,10,5c:62:8b:66:67:d2,0,0,8523,11,-46,A,5c:62:8b:66:67:d2"
1791489232.103,"B,54495,10,b2:db:ca:e6:29:a6,28,1,0,0,-36,S,5c:62:8b:66:67:d2"
1791489232.103,"B,54595,10,a6:4c:bd:b6:c7:99,60,2,0,0,-86,S,78:8c:b5:f5:e7:26"
1791489232.103,"B,54595,10,78:8c:b5:f5:e7:26,0,0,60,2,-73,A,78:8c:b5:f5:e7:26"
1791489232.103,"B,54595,10,46:88:44:6e:4f:e4,6121,9,0,0,-35,S,5c:62:8b:66:67:d2"
1791489232.103,"B,54595,10,5c:62:8b:66:67:d2,0,0,6261,14,-46,A,5c:62:8b:66:67:d2"
1791489232.103,"B,54595,10,72:3b:01:24:b7:c8,84,3,0,0,-21,S,5c:62:8b:66:67:d2"
1791489232.103,"B,54595,10,b2:db:ca:e6:29:a6,56,2,0,0,-31,S,5c:62:8b:66:67:d2"
1791489232.307,"B,54695,10,a6:4c:bd:b6:c7:99,30,1,0,0,-86,S,78:8c:b5:f5:e7:26"
1791489232.307,"B,54695,10,78:8c:b5:f5:e7:26,80,1,30,1,-78,A,78:8c:b5:f5:e7:26"
1791489232.307,"B,54695,10,46:88:44:6e:4f:e4,7273,9,0,0,-35,S,5c:62:8b:66:67:d2"
1791489232.307,"B,54695,10,5c:62:8b:66:67:d2,350,1,7385,13,-45,A,5c:62:8b:66:67:d2"
1791489232.307,"B,54695,10,72:3b:01:24:b7:c8,84,3,350,1,-21,S,5c:62:8b:66:67:d2"
1791489232.307,"B,54695,10,b2:db:ca:e6:29:a6,28,1,0,0,-31,S,5c:62:8b:66:67:d2"
1791489232.307,"B,54795,10,a6:4c:bd:b6:c7:99,60,2,0,0,-86,S,78:8c:b5:f5:e7:26"
1791489232.307,"B,54795,10,78:8c:b5:f5:e7:26,0,0,60,2,-75,A,78:8c:b5:f5:e7:26"
1791489232.307,"B,54795,10,46:88:44:6e:4f:e4,1050,3,0,0,-36,S,5c:62:8b:66:67:d2"
1791489232.307,"B,54795,10,5c:62:8b:66:67:d2,0,0,1218,9,-45,A,5c:62:8b:66:67:d2"
1791489232.307,"B,54795,10,72:3b:01:24:b7:c8,112,4,0,0,-21,S,5c:62:8b:66:67:d2"
1791489232.307,"B,54795,10,b2:db:ca:e6:29:a6,56,2,0,0,-30,S,5c:62:8b:66:67:d2"
1791489232.512,"B,54895,10,46:88:44:6e:4f:e4,5795,8,0,0,-36,S,5c:62:8b:66:67:d2"
1791489232.512,"B,54895,10,5c:62:8b:66:67:d2,0,0,5851,10,-46,A,5c:62:8b:66:67:d2"
1791489232.512,"B,54895,10,b2:db:ca:e6:29:a6,56,2,0,0,-31,S,5c:62:8b:66:67:d2"
1791489232.512,"B,54995,10,46:88:44:6e:4f:e4,5833,9,0,0,-36,S,5c:62:8b:66:67:d2"
1791489232.512,"B,54995,10,5c:62:8b:66:67:d2,0,0,6029,16,-45,A,5c:62:8b:66:67:d2"
1791489232.512,"B,54995,10,72:3b:01:24:b7:c8,140,5,0,0,-21,S,5c:62:8b:66:67:d2"
1791489232.512,"B,54995,10,b2:db:ca:e6:29:a6,56,2,0,0,-31,S,5c:62:8b:66:67:d2"
1791489232.717,"B,55095,10,46:88:44:6e:4f:e4,6511,10,0,0,-37,S,5c:62:8b:66:67:d2"
1791489232.717,"B,55095,10,5c:62:8b:66:67:d2,0,0,6567,12,-45,A,5c:62:8b:66:67:d2"
1791489232.717,"B,55095,10,72:3b:01:24:b7:c8,56,2,0,0,-21,S,5c:62:8b:66:67:d2"
1791489232.717,"I,55108,stat,rx=10150,drops=0,ch=10,bin=100,hop=0,heap=203056"
1791489232.717,"B,55195,10,46:88:44:6e:4f:e4,5082,8,0,0,-37,S,5c:62:8b:66:67:d2"
1791489232.717,"B,55195,10,5c:62:8b:66:67:d2,0,0,5138,10,-45,A,5c:62:8b:66:67:d2"
1791489232.717,"B,55195,10,72:3b:01:24:b7:c8,28,1,0,0,-21,S,5c:62:8b:66:67:d2"
1791489232.717,"B,55195,10,b2:db:ca:e6:29:a6,28,1,0,0,-32,S,5c:62:8b:66:67:d2"
1791489232.922,"B,55295,10,46:88:44:6e:4f:e4,5133,7,0,0,-36,S,5c:62:8b:66:67:d2"
1791489232.922,"B,55295,10,5c:62:8b:66:67:d2,0,0,5273,12,-46,A,5c:62:8b:66:67:d2"
1791489232.922,"B,55295,10,72:3b:01:24:b7:c8,112,4,0,0,-21,S,5c:62:8b:66:67:d2"
1791489232.922,"B,55295,10,b2:db:ca:e6:29:a6,28,1,0,0,-33,S,5c:62:8b:66:67:d2"
1791489232.922,"B,55395,10,46:88:44:6e:4f:e4,2230,5,0,0,-38,S,5c:62:8b:66:67:d2"
1791489232.922,"B,55395,10,5c:62:8b:66:67:d2,0,0,2342,9,-45,A,5c:62:8b:66:67:d2"
1791489232.922,"B,55395,10,72:3b:01:24:b7:c8,84,3,0,0,-21,S,5c:62:8b:66:67:d2"
1791489232.922,"B,55395,10,b2:db:ca:e6:29:a6,28,1,0,0,-32,S,5c:62:8b:66:67:d2"
1791489233.125,"B,55495,10,46:88:44:6e:4f:e4,5819,8,0,0,-37,S,5c:62:8b:66:67:d2"
1791489233.125,"B,55495,10,5c:62:8b:66:67:d2,0,0,5987,14,-45,A,5c:62:8b:66:67:d2"
1791489233.125,"B,55495,10,72:3b:01:24:b7:c8,112,4,0,0,-21,S,5c:62:8b:66:67:d2"
1791489233.125,"B,55495,10,b2:db:ca:e6:29:a6,56,2,0,0,-31,S,5c:62:8b:66:67:d2"
1791489233.125,"B,55595,10,46:88:44:6e:4f:e4,5811,8,0,0,-36,S,5c:62:8b:66:67:d2"
1791489233.125,"B,55595,10,5c:62:8b:66:67:d2,0,0,5867,10,-46,A,5c:62:8b:66:67:d2"
1791489233.125,"B,55595,10,b2:db:ca:e6:29:a6,56,2,0,0,-31,S,5c:62:8b:66:67:d2"
1791489233.328,"B,55695,10,46:88:44:6e:4f:e4,7209,9,0,0,-37,S,5c:62:8b:66:67:d2"
1791489233.328,"B,55695,10,5c:62:8b:66:67:d2,0,0,7321,13,-45,A,5c:62:8b:66:67:d2"
1791489233.328,"B,55695,10,72:3b:01:24:b7:c8,84,3,0,0,-22,S,5c:62:8b:66:67:d2"
1791489233.328,"B,55695,10,b2:db:ca:e6:29:a6,28,1,0,0,-30,S,5c:62:8b:66:67:d2"
1791489233.328,"B,55795,10,46:88:44:6e:4f:e4,5843,8,0,0,-34,S,5c:62:8b:66:67:d2"
1791489233.328,"B,55795,10,5c:62:8b:66:67:d2,0,0,6039,15,-46,A,5c:62:8b:66:67:d2"
1791489233.328,"B,55795,10,72:3b:01:24:b7:c8,196,7,0,0,-21,S,5c:62:8b:66:67:d2"
1791489233.533,"B,55895,10,46:88:44:6e:4f:e4,5133,7,0,0,-35,S,5c:62:8b:66:67:d2"
1791489233.533,"B,55895,10,5c:62:8b:66:67:d2,0,0,5217,10,-45,A,5c:62:8b:66:67:d2"
1791489233.533,"B,55895,10,b2:db:ca:e6:29:a6,84,3,0,0,-31,S,5c:62:8b:66:67:d2"
1791489233.533,"B,55995,10,46:88:44:6e:4f:e4,1354,3,0,0,-37,S,5c:62:8b:66:67:d2"
1791489233.533,"B,55995,10,5c:62:8b:66:67:d2,0,0,1466,7,-45,A,5c:62:8b:66:67:d2"
1791489233.533,"B,55995,10,72:3b:01:24:b7:c8,56,2,0,0,-22,S,5c:62:8b:66:67:d2"
1791489233.533,"B,55995,10,b2:db:ca:e6:29:a6,56,2,0,0,-30,S,5c:62:8b:66:67:d2"
1791489233.738,"B,56095,10,46:88:44:6e:4f:e4,5368,9,0,0,-35,S,5c:62:8b:66:67:d2"
1791489233.738,"B,56095,10,5c:62:8b:66:67:d2,3850,11,5508,14,-45,A,5c:62:8b:66:67:d2"
1791489233.738,"B,56095,10,72:3b:01:24:b7:c8,112,4,3850,11,-21,S,5c:62:8b:66:67:d2"
1791489233.738,"B,56095,10,b2:db:ca:e6:29:a6,28,1,0,0,-32,S,5c:62:8b:66:67:d2"
1791489233.738,"B,56195,10,46:88:44:6e:4f:e4,6639,8,0,0,-36,S,5c:62:8b:66:67:d2"
1791489233.738,"B,56195,10,5c:62:8b:66:67:d2,350,1,6667,9,-44,A,5c:62:8b:66:67:d2"
1791489233.738,"B,56195,10,72:3b:01:24:b7:c8,0,0,350,1,0,S,5c:62:8b:66:67:d2"
1791489233.738,"B,56195,10,b2:db:ca:e6:29:a6,28,1,0,0,-30,S,5c:62:8b:66:67:d2"
1791489233.941,"B,56295,10,46:88:44:6e:4f:e4,5799,8,0,0,-37,S,5c:62:8b:66:67:d2"
1791489233.941,"B,56295,10,5c:62:8b:66:67:d2,0,0,5911,12,-45,A,5c:62:8b:66:67:d2"
1791489233.941,"B,56295,10,72:3b:01:24:b7:c8,56,2,0,0,-21,S,5c:62:8b:66:67:d2"
1791489233.941,"B,56295,10,b2:db:ca:e6:29:a6,56,2,0,0,-29,S,5c:62:8b:66:67:d2"
1791489233.941,"M,56324,slot,7,0"
1791489233.941,"B,56395,10,46:88:44:6e:4f:e4,6535,10,0,0,-36,S,5c:62:8b:66:67:d2"
1791489233.941,"B,56395,10,5c:62:8b:66:67:d2,0,0,6787,19,-45,A,5c:62:8b:66:67:d2"
1791489233.941,"B,56395,10,72:3b:01:24:b7:c8,224,8,0,0,-21,S,5c:62:8b:66:67:d2"
1791489233.941,"B,56395,10,b2:db:ca:e6:29:a6,28,1,0,0,-30,S,5c:62:8b:66:67:d2"
1791489234.144,"B,56495,10,46:88:44:6e:4f:e4,2128,7,0,0,-35,S,5c:62:8b:66:67:d2"
1791489234.144,"B,56495,10,5c:62:8b:66:67:d2,0,0,2296,13,-45,A,5c:62:8b:66:67:d2"
1791489234.144,"B,56495,10,72:3b:01:24:b7:c8,112,4,0,0,-21,S,5c:62:8b:66:67:d2"
1791489234.144,"B,56495,10,b2:db:ca:e6:29:a6,56,2,0,0,-29,S,5c:62:8b:66:67:d2"
1791489234.144,"B,56595,10,46:88:44:6e:4f:e4,11364,11,0,0,-36,S,5c:62:8b:66:67:d2"
1791489234.144,"B,56595,10,5c:62:8b:66:67:d2,0,0,11560,18,-45,A,5c:62:8b:66:67:d2"
1791489234.144,"B,56595,10,72:3b:01:24:b7:c8,140,5,0,0,-21,S,5c:62:8b:66:67:d2"
1791489234.144,"B,56595,10,b2:db:ca:e6:29:a6,56,2,0,0,-29,S,5c:62:8b:66:67:d2"
1791489234.347,"B,56695,10,46:88:44:6e:4f:e4,5759,8,0,0,-37,S,5c:62:8b:66:67:d2"
1791489234.347,"B,56695,10,5c:62:8b:66:67:d2,0,0,5815,10,-45,A,5c:62:8b:66:67:d2"
1791489234.347,"B,56695,10,72:3b:01:24:b7:c8,28,1,0,0,-21,S,5c:62:8b:66:67:d2"
1791489234.347,"B,56695,10,b2:db:ca:e6:29:a6,28,1,0,0,-30,S,5c:62:8b:66:67:d2"
1791489234.347,"B,56795,10,46:88:44:6e:4f:e4,12200,12,0,0,-36,S,5c:62:8b:66:67:d2"
1791489234.347,"B,56795,10,5c:62:8b:66:67:d2,0,0,12256,14,-45,A,5c:62:8b:66:67:d2"
1791489234.347,"B,56795,10,b2:db:ca:e6:29:a6,56,2,0,0,-31,S,5c:62:8b:66:67:d2"
1791489234.549,"B,56895,10,46:88:44:6e:4f:e4,3532,7,0,0,-37,S,5c:62:8b:66:67:d2"
1791489234.549,"B,56895,10,5c:62:8b:66:67:d2,0,0,3784,16,-45,A,5c:62:8b:66:67:d2"
1791489234.549,"B,56895,10,72:3b:01:24:b7:c8,196,7,0,0,-21,S,5c:62:8b:66:67:d2"
1791489234.549,"B,56895,10,b2:db:ca:e6:29:a6,56,2,0,0,-28,S,5c:62:8b:66:67:d2"
1791489234.549,"B,56895,10,38:d5:7a:f4:5a:37,30,1,0,0,-95,S,8a:ce:16:78:6f:dc"
1791489234.549,"B,56895,10,8a:ce:16:78:6f:dc,0,0,30,1,0,A,8a:ce:16:78:6f:dc"
1791489234.549,"B,56995,10,a6:4c:bd:b6:c7:99,60,2,0,0,-85,S,78:8c:b5:f5:e7:26"
1791489234.549,"B,56995,10,78:8c:b5:f5:e7:26,0,0,60,2,-73,A,78:8c:b5:f5:e7:26"
1791489234.549,"B,56995,10,46:88:44:6e:4f:e4,6508,8,0,0,-36,S,5c:62:8b:66:67:d2"
1791489234.549,"B,56995,10,5c:62:8b:66:67:d2,0,0,6592,11,-45,A,5c:62:8b:66:67:d2"
1791489234.549,"B,56995,10,72:3b:01:24:b7:c8,28,1,0,0,-22,S,5c:62:8b:66:67:d2"
1791489234.549,"B,56995,10,b2:db:ca:e6:29:a6,56,2,0,0,-30,S,5c:62:8b:66:67:d2"
1791489234.753,"B,57095,10,a6:4c:bd:b6:c7:99,30,1,0,0,-85,S,78:8c:b5:f5:e7:26"
1791489234.753,"B,57095,10,78:8c:b5:f5:e7:26,0,0,30,1,-74,A,78:8c:b5:f5:e7:26"
1791489234.753,"B,57095,10,46:88:44:6e:4f:e4,5783,7,0,0,-37,S,5c:62:8b:66:67:d2"
1791489234.753,"B,57095,10,5c:62:8b:66:67:d2,0,0,5867,10,-45,A,5c:62:8b:66:67:d2"
1791489234.753,"B,57095,10,72:3b:01:24:b7:c8,84,3,0,0,-21,S,5c:62:8b:66:67:d2"
1791489234.753,"B,57195,10,46:88:44:6e:4f:e4,5803,8,0,0,-36,S,5c:62:8b:66:67:d2"
1791489234.753,"B,57195,10,5c:62:8b:66:67:d2,0,0,5971,14,-45,A,5c:62:8b:66:67:d2"
1791489234.753,"B,57195,10,72:3b:01:24:b7:c8,140,5,0,0,-21,S,5c:62:8b:66:67:d2"
1791489234.753,"B,57195,10,b2:db:ca:e6:29:a6,28,1,0,0,-30,S,5c:62:8b:66:67:d2"
1791489234.954,"B,57295,10,46:88:44:6e:4f:e4,5719,8,0,0,-37,S,5c:62:8b:66:67:d2"
1791489234.954,"B,57295,10,5c:62:8b:66:67:d2,0,0,5747,9,-45,A,5c:62:8b:66:67:d2"
1791489234.954,"B,57295,10,b2:db:ca:e6:29:a6,28,1,0,0,-29,S,5c:62:8b:66:67:d2"
1791489234.954,"B,57395,10,46:88:44:6e:4f:e4,2121,5,0,0,-36,S,5c:62:8b:66:67:d2"
1791489234.954,"B,57395,10,5c:62:8b:66:67:d2,0,0,2233,9,-45,A,5c:62:8b:66:67:d2"
1791489234.954,"B,57395,10,72:3b:01:24:b7:c8,56,2,0,0,-21,S,5c:62:8b:66:67:d2"
1791489234.954,"B,57395,10,b2:db:ca:e6:29:a6,56,2,0,0,-29,S,5c:62:8b:66:67:d2"
1791489235.159,"B,57495,10,46:88:44:6e:4f:e4,9116,12,0,0,-37,S,5c:62:8b:66:67:d2"
1791489235.159,"B,57495,10,5c:62:8b:66:67:d2,0,0,9312,19,-46,A,5c:62:8b:66:67:d2"
1791489235.159,"B,57495,10,72:3b:01:24:b7:c8,112,4,0,0,-21,S,5c:62:8b:66:67:d2"
1791489235.159,"B,57495,10,b2:db:ca:e6:29:a6,84,3,0,0,-31,S,5c:62:8b:66:67:d2"
1791489235.159,"B,57595,10,46:88:44:6e:4f:e4,5703,9,0,0,-37,S,5c:62:8b:66:67:d2"
1791489235.159,"B,57595,10,5c:62:8b:66:67:d2,0,0,5731,10,0,A,5c:62:8b:66:67:d2"
1791489235.159,"B,57595,10,b2:db:ca:e6:29:a6,28,1,0,0,-29,S,5c:62:8b:66:67:d2"
1791489235.364,"B,57695,10,a6:4c:bd:b6:c7:99,30,1,0,0,-85,S,78:8c:b5:f5:e7:26"
1791489235.364,"B,57695,10,78:8c:b5:f5:e7:26,0,0,30,1,-73,A,78:8c:b5:f5:e7:26"
1791489235.364,"B,57695,10,46:88:44:6e:4f:e4,6781,11,0,0,-37,S,5c:62:8b:66:67:d2"
1791489235.364,"B,57695,10,5c:62:8b:66:67:d2,0,0,6949,17,-45,A,5c:62:8b:66:67:d2"
1791489235.364,"B,57695,10,72:3b:01:24:b7:c8,112,4,0,0,-21,S,5c:62:8b:66:67:d2"
1791489235.364,"B,57695,10,b2:db:ca:e6:29:a6,56,2,0,0,-31,S,5c:62:8b:66:67:d2"
1791489235.364,"B,57795,10,a6:4c:bd:b6:c7:99,60,2,0,0,-85,S,78:8c:b5:f5:e7:26"
1791489235.364,"B,57795,10,78:8c:b5:f5:e7:26,0,0,60,2,-74,A,78:8c:b5:f5:e7:26"
1791489235.364,"B,57795,10,46:88:44:6e:4f:e4,5819,8,0,0,-37,S,5c:62:8b:66:67:d2"
1791489235.364,"B,57795,10,5c:62:8b:66:67:d2,0,0,5931,12,-45,A,5c:62:8b:66:67:d2"
1791489235.364,"B,57795,10,72:3b:01:24:b7:c8,84,3,0,0,-21,S,5c:62:8b:66:67:d2"
1791489235.364,"B,57795,10,b2:db:ca:e6:29:a6,28,1,0,0,-31,S,5c:62:8b:66:67:d2"
1791489235.569,"B,57895,10,46:88:44:6e:4f:e4,7869,10,0,0,-36,S,5c:62:8b:66:67:d2"
1791489235.569,"B,57895,10,5c:62:8b:66:67:d2,0,0,7925,12,-46,A,5c:62:8b:66:67:d2"
1791489235.569,"B,57895,10,72:3b:01:24:b7:c8,28,1,0,0,-21,S,5c:62:8b:66:67:d2"
1791489235.569,"B,57895,10,b2:db:ca:e6:29:a6,28,1,0,0,-32,S,5c:62:8b:66:67:d2"
1791489235.569,"B,57995,10,a6:4c:bd:b6:c7:99,60,2,0,0,-86,S,78:8c:b5:f5:e7:26"
1791489235.569,"B,57995,10,78:8c:b5:f5:e7:26,0,0,60,2,-73,A,78:8c:b5:f5:e7:26"
1791489235.569,"B,57995,10,46:88:44:6e:4f:e4,2128,7,0,0,-35,S,5c:62:8b:66:67:d2"
1791489235.569,"B,57995,10,5c:62:8b:66:67:d2,0,0,2296,13,-47,A,5c:62:8b:66:67:d2"
1791489235.569,"B,57995,10,72:3b:01:24:b7:c8,112,4,0,0,-21,S,5c:62:8b:66:67:d2"
1791489235.569,"B,57995,10,b2:db:ca:e6:29:a6,56,2,0,0,-30,S,5c:62:8b:66:67:d2"
1791489235.770,"B,58095,10,a6:4c:bd:b6:c7:99,30,1,0,0,-86,S,78:8c:b5:f5:e7:26"
1791489235.770,"B,58095,10,78:8c:b5:f5:e7:26,0,0,30,1,-75,A,78:8c:b5:f5:e7:26"
1791489235.770,"B,58095,10,46:88:44:6e:4f:e4,5751,7,0,0,-34,S,5c:62:8b:66:67:d2"
1791489235.770,"B,58095,10,5c:62:8b:66:67:d2,0,0,5891,12,-45,A,5c:62:8b:66:67:d2"
1791489235.770,"B,58095,10,72:3b:01:24:b7:c8,84,3,0,0,-21,S,5c:62:8b:66:67:d2"
1791489235.770,"B,58095,10,b2:db:ca:e6:29:a6,56,2,0,0,-31,S,5c:62:8b:66:67:d2"
1791489235.770,"B,58195,10,a6:4c:bd:b6:c7:99,30,1,0,0,-86,S,78:8c:b5:f5:e7:26"
1791489235.770,"B,58195,10,78:8c:b5:f5:e7:26,0,0,30,1,-73,A,78:8c:b5:f5:e7:26"
1791489235.770,"B,58195,10,46:88:44:6e:4f:e4,7232,10,0,0,-35,S,5c:62:8b:66:67:d2"
1791489235.770,"B,58195,10,5c:62:8b:66:67:d2,0,0,7344,14,-45,A,5c:62:8b:66:67:d2"
1791489235.770,"B,58195,10,72:3b:01:24:b7:c8,56,2,0,0,-21,S,5c:62:8b:66:67:d2"
1791489235.770,"B,58195,10,b2:db:ca:e6:29:a6,56,2,0,0,-30,S,5c:62:8b:66:67:d2"
1791489235.972,"B,58295,10,46:88:44:6e:4f:e4,7505,13,0,0,-35,S,5c:62:8b:66:67:d2"
1791489235.972,"B,58295,10,5c:62:8b:66:67:d2,0,0,7673,19,-45,A,5c:62:8b:66:67:d2"
1791489235.972,"B,58295,10,72:3b:01:24:b7:c8,140,5,0,0,-21,S,5c:62:8b:66:67:d2"
1791489235.972,"B,58295,10,b2:db:ca:e6:29:a6,28,1,0,0,-32,S,5c:62:8b:66:67:d2"
1791489235.972,"B,58395,10,a6:4c:bd:b6:c7:99,30,1,0,0,-85,S,78:8c:b5:f5:e7:26"
1791489235.972,"B,58395,10,78:8c:b5:f5:e7:26,0,0,30,1,-74,A,78:8c:b5:f5:e7:26"
1791489235.972,"B,58395,10,46:88:44:6e:4f:e4,5783,8,0,0,-33,S,5c:62:8b:66:67:d2"
1791489235.972,"B,58395,10,5c:62:8b:66:67:d2,0,0,5895,12,-45,A,5c:62:8b:66:67:d2"
1791489235.972,"B,58395,10,72:3b:01:24:b7:c8,84,3,0,0,-21,S,5c:62:8b:66:67:d2"
1791489235.972,"B,58395,10,b2:db:ca:e6:29:a6,28,1,0,0,-30,S,5c:62:8b:66:67:d2"
1791489236.176,"B,58495,10,46:88:44:6e:4f:e4,5483,8,0,0,-31,S,5c:62:8b:66:67:d2"
1791489236.176,"B,58495,10,5c:62:8b:66:67:d2,0,0,5539,10,-45,A,5c:62:8b:66:67:d2"
1791489236.176,"B,58495,10,72:3b:01:24:b7:c8,28,1,0,0,-21,S,5c:62:8b:66:67:d2"
1791489236.176,"B,58495,10,b2:db:ca:e6:29:a6,28,1,0,0,-31,S,5c:62:8b:66:67:d2"
1791489236.176,"B,58595,10,46:88:44:6e:4f:e4,2478,8,690,5,-31,S,5c:62:8b:66:67:d2"
1791489236.176,"B,58595,10,5c:62:8b:66:67:d2,690,5,2618,13,-46,A,5c:62:8b:66:67:d2"
1791489236.176,"B,58595,10,72:3b:01:24:b7:c8,112,4,0,0,-21,S,5c:62:8b:66:67:d2"
1791489236.176,"B,58595,10,b2:db:ca:e6:29:a6,28,1,0,0,-31,S,5c:62:8b:66:67:d2"
1791489236.376,"B,58695,10,46:88:44:6e:4f:e4,6915,11,0,0,-33,S,5c:62:8b:66:67:d2"
1791489236.376,"B,58695,10,5c:62:8b:66:67:d2,0,0,7027,15,-45,A,5c:62:8b:66:67:d2"
1791489236.376,"B,58695,10,72:3b:01:24:b7:c8,84,3,0,0,-21,S,5c:62:8b:66:67:d2"
1791489236.376,"B,58695,10,b2:db:ca:e6:29:a6,28,1,0,0,-33,S,5c:62:8b:66:67:d2"
1791489236.376,"B,58795,10,46:88:44:6e:4f:e4,6181,9,0,0,-34,S,5c:62:8b:66:67:d2"
1791489236.376,"B,58795,10,5c:62:8b:66:67:d2,0,0,6321,14,-45,A,5c:62:8b:66:67:d2"
1791489236.376,"B,58795,10,72:3b:01:24:b7:c8,112,4,0,0,-21,S,5c:62:8b:66:67:d2"
1791489236.376,"B,58795,10,b2:db:ca:e6:29:a6,28,1,0,0,-36,S,5c:62:8b:66:67:d2"
1791489236.577,"B,58895,10,46:88:44:6e:4f:e4,5803,8,0,0,-35,S,5c:62:8b:66:67:d2"
1791489236.577,"B,58895,10,5c:62:8b:66:67:d2,0,0,5859,10,-45,A,5c:62:8b:66:67:d2"
1791489236.577,"B,58895,10,72:3b:01:24:b7:c8,28,1,0,0,-21,S,5c:62:8b:66:67:d2"
1791489236.577,"B,58895,10,b2:db:ca:e6:29:a6,28,1,0,0,-31,S,5c:62:8b:66:67:d2"
1791489236.577,"B,58995,10,46:88:44:6e:4f:e4,5775,8,0,0,-34,S,5c:62:8b:66:67:d2"
1791489236.577,"B,58995,10,5c:62:8b:66:67:d2,0,0,5887,12,-45,A,5c:62:8b:66:67:d2"
1791489236.577,"B,58995,10,72:3b:01:24:b7:c8,56,2,0,0,-21,S,5c:62:8b:66:67:d2"
1791489236.577,"B,58995,10,b2:db:ca:e6:29:a6,56,2,0,0,-31,S,5c:62:8b:66:67:d2"
1791489236.577,"B,59095,10,46:88:44:6e:4f:e4,6507,10,0,0,-32,S,5c:62:8b:66:67:d2"
1791489236.577,"B,59095,10,5c:62:8b:66:67:d2,0,0,6731,18,-45,A,5c:62:8b:66:67:d2"
1791489236.577,"B,59095,10,72:3b:01:24:b7:c8,168,6,0,0,-21,S,5c:62:8b:66:67:d2"
1791489236.577,"B,59095,10,b2:db:ca:e6:29:a6,56,2,0,0,-33,S,5c:62:8b:66:67:d2"
1791489236.777,"B,59195,10,46:88:44:6e:4f:e4,1400,4,0,0,-34,S,5c:62:8b:66:67:d2"
1791489236.777,"B,59195,10,5c:62:8b:66:67:d2,0,0,1484,7,-45,A,5c:62:8b:66:67:d2"
1791489236.777,"B,59195,10,72:3b:01:24:b7:c8,56,2,0,0,-21,S,5c:62:8b:66:67:d2"
1791489236.777,"B,59195,10,b2:db:ca:e6:29:a6,28,1,0,0,-31,S,5c:62:8b:66:67:d2"
1791489236.977,"B,59295,10,46:88:44:6e:4f:e4,12129,13,0,0,-35,S,5c:62:8b:66:67:d2"
1791489236.977,"B,59295,10,5c:62:8b:66:67:d2,0,0,12297,19,-45,A,5c:62:8b:66:67:d2"
1791489236.977,"B,59295,10,72:3b:01:24:b7:c8,112,4,0,0,-21,S,5c:62:8b:66:67:d2"
1791489236.977,"B,59295,10,b2:db:ca:e6:29:a6,56,2,0,0,-31,S,5c:62:8b:66:67:d2"
1791489236.977,"B,59295,10,38:d5:7a:f4:5a:37,30,1,0,0,-92,S,8a:ce:16:78:6f:dc"
1791489236.977,"B,59295,10,8a:ce:16:78:6f:dc,0,0,30,1,0,A,8a:ce:16:78:6f:dc"
1791489236.977,"B,59395,10,46:88:44:6e:4f:e4,5627,8,0,0,-34,S,5c:62:8b:66:67:d2"
1791489236.977,"B,59395,10,5c:62:8b:66:67:d2,0,0,5795,14,-44,A,5c:62:8b:66:67:d2"
1791489236.977,"B,59395,10,72:3b:01:24:b7:c8,84,3,0,0,-21,S,5c:62:8b:66:67:d2"
1791489236.977,"B,59395,10,b2:db:ca:e6:29:a6,84,3,0,0,-31,S,5c:62:8b:66:67:d2"
1791489236.977,"B,59495,10,46:88:44:6e:4f:e4,7641,10,0,0,-35,S,5c:62:8b:66:67:d2"
1791489236.977,"B,59495,10,5c:62:8b:66:67:d2,0,0,7725,13,-45,A,5c:62:8b:66:67:d2"
1791489236.977,"B,59495,10,72:3b:01:24:b7:c8,28,1,0,0,-22,S,5c:62:8b:66:67:d2"
1791489236.977,"B,59495,10,b2:db:ca:e6:29:a6,56,2,0,0,-30,S,5c:62:8b:66:67:d2"
1791489236.977,"B,59495,10,38:d5:7a:f4:5a:37,30,1,0,0,-93,S,8a:ce:16:78:6f:dc"
1791489236.977,"B,59495,10,8a:ce:16:78:6f:dc,0,0,30,1,0,A,8a:ce:16:78:6f:dc"
1791489237.178,"B,59595,10,46:88:44:6e:4f:e4,5475,8,0,0,-35,S,5c:62:8b:66:67:d2"
1791489237.178,"B,59595,10,5c:62:8b:66:67:d2,0,0,5587,12,-44,A,5c:62:8b:66:67:d2"
1791489237.178,"B,59595,10,72:3b:01:24:b7:c8,84,3,0,0,-22,S,5c:62:8b:66:67:d2"
1791489237.178,"B,59595,10,b2:db:ca:e6:29:a6,28,1,0,0,-30,S,5c:62:8b:66:67:d2"
1791489237.178,"B,59695,10,46:88:44:6e:4f:e4,7505,10,0,0,-32,S,5c:62:8b:66:67:d2"
1791489237.178,"B,59695,10,5c:62:8b:66:67:d2,0,0,7701,17,-44,A,5c:62:8b:66:67:d2"
1791489237.178,"B,59695,10,72:3b:01:24:b7:c8,140,5,0,0,-22,S,5c:62:8b:66:67:d2"
1791489237.378,"B,59695,10,b2:db:ca:e6:29:a6,56,2,0,0,-29,S,5c:62:8b:66:67:d2"
1791489237.378,"B,59795,10,46:88:44:6e:4f:e4,1428,5,0,0,-31,S,5c:62:8b:66:67:d2"
1791489237.378,"B,59795,10,5c:62:8b:66:67:d2,0,0,1484,7,-43,A,5c:62:8b:66:67:d2"
1791489237.378,"B,59795,10,b2:db:ca:e6:29:a6,56,2,0,0,-29,S,5c:62:8b:66:67:d2"
1791489237.378,"B,59895,10,46:88:44:6e:4f:e4,5291,7,0,0,-31,S,5c:62:8b:66:67:d2"
1791489237.378,"B,59895,10,5c:62:8b:66:67:d2,0,0,5459,13,-44,A,5c:62:8b:66:67:d2"
1791489237.378,"B,59895,10,72:3b:01:24:b7:c8,140,5,0,0,-21,S,5c:62:8b:66:67:d2"
1791489237.579,"B,59895,10,b2:db:ca:e6:29:a6,28,1,0,0,-29,S,5c:62:8b:66:67:d2"
1791489237.579,"B,59895,10,38:d5:7a:f4:5a:37,30,1,0,0,-94,S,8a:ce:16:78:6f:dc"
1791489237.579,"B,59895,10,8a:ce:16:78:6f:dc,0,0,30,1,0,A,8a:ce:16:78:6f:dc"
1791489237.579,"B,59995,10,46:88:44:6e:4f:e4,5773,9,0,0,-30,S,5c:62:8b:66:67:d2"
1791489237.579,"B,59995,10,5c:62:8b:66:67:d2,0,0,5857,12,-44,A,5c:62:8b:66:67:d2"
1791489237.579,"B,59995,10,72:3b:01:24:b7:c8,56,2,0,0,-21,S,5c:62:8b:66:67:d2"
1791489237.579,"B,59995,10,b2:db:ca:e6:29:a6,28,1,0,0,-27,S,5c:62:8b:66:67:d2"
1791489237.579,"B,60095,10,46:88:44:6e:4f:e4,5737,9,0,0,-31,S,5c:62:8b:66:67:d2"
1791489237.579,"B,60095,10,5c:62:8b:66:67:d2,0,0,5793,11,-45,A,5c:62:8b:66:67:d2"
1791489237.579,"B,60095,10,b2:db:ca:e6:29:a6,56,2,0,0,-27,S,5c:62:8b:66:67:d2"
1791489237.779,"I,60109,stat,rx=11003,drops=0,ch=10,bin=100,hop=0,heap=203056"
1791489237.779,"B,60195,10,46:88:44:6e:4f:e4,6849,9,0,0,-32,S,5c:62:8b:66:67:d2"
1791489237.779,"B,60195,10,5c:62:8b:66:67:d2,0,0,6961,13,-44,A,5c:62:8b:66:67:d2"
1791489237.779,"B,60195,10,72:3b:01:24:b7:c8,84,3,0,0,-21,S,5c:62:8b:66:67:d2"
1791489237.779,"B,60195,10,b2:db:ca:e6:29:a6,28,1,0,0,-28,S,5c:62:8b:66:67:d2"
1791489237.779,"B,60295,10,46:88:44:6e:4f:e4,5689,9,0,0,-35,S,5c:62:8b:66:67:d2"
1791489237.779,"B,60295,10,5c:62:8b:66:67:d2,0,0,5801,13,-45,A,5c:62:8b:66:67:d2"
1791489237.779,"B,60295,10,72:3b:01:24:b7:c8,56,2,0,0,-20,S,5c:62:8b:66:67:d2"
1791489237.779,"B,60295,10,b2:db:ca:e6:29:a6,56,2,0,0,-27,S,5c:62:8b:66:67:d2"
1791489237.779,"B,60295,10,38:d5:7a:f4:5a:37,30,1,0,0,-92,S,8a:ce:16:78:6f:dc"
1791489237.779,"B,60295,10,8a:ce:16:78:6f:dc,0,0,30,1,0,A,8a:ce:16:78:6f:dc"
1791489237.980,"B,60395,10,46:88:44:6e:4f:e4,728,3,0,0,-32,S,5c:62:8b:66:67:d2"
1791489237.980,"B,60395,10,5c:62:8b:66:67:d2,0,0,812,6,-44,A,5c:62:8b:66:67:d2"
1791489237.980,"B,60395,10,72:3b:01:24:b7:c8,28,1,0,0,-21,S,5c:62:8b:66:67:d2"
1791489237.980,"B,60395,10,b2:db:ca:e6:29:a6,56,2,0,0,-26,S,5c:62:8b:66:67:d2"
1791489237.980,"B,60495,10,46:88:44:6e:4f:e4,5677,8,0,0,-32,S,5c:62:8b:66:67:d2"
1791489237.980,"B,60495,10,5c:62:8b:66:67:d2,0,0,6041,21,-44,A,5c:62:8b:66:67:d2"
1791489237.980,"B,60495,10,72:3b:01:24:b7:c8,308,11,0,0,-21,S,5c:62:8b:66:67:d2"
1791489237.980,"B,60495,10,b2:db:ca:e6:29:a6,56,2,0,0,-25,S,5c:62:8b:66:67:d2"
1791489238.180,"B,60595,10,a6:4c:bd:b6:c7:99,30,1,0,0,-84,S,78:8c:b5:f5:e7:26"
1791489238.180,"B,60595,10,78:8c:b5:f5:e7:26,0,0,30,1,-74,A,78:8c:b5:f5:e7:26"
1791489238.180,"B,60595,10,46:88:44:6e:4f:e4,5653,9,0,0,-32,S,5c:62:8b:66:67:d2"
1791489238.180,"B,60595,10,5c:62:8b:66:67:d2,0,0,5737,12,-45,A,5c:62:8b:66:67:d2"
1791489238.180,"B,60595,10,72:3b:01:24:b7:c8,28,1,0,0,-21,S,5c:62:8b:66:67:d2"
1791489238.180,"B,60595,10,b2:db:ca:e6:29:a6,56,2,0,0,-27,S,5c:62:8b:66:67:d2"
1791489238.180,"B,60695,10,a6:4c:bd:b6:c7:99,90,3,0,0,-85,S,78:8c:b5:f5:e7:26"
1791489238.180,"B,60695,10,78:8c:b5:f5:e7:26,0,0,90,3,-75,A,78:8c:b5:f5:e7:26"
1791489238.180,"B,60695,10,46:88:44:6e:4f:e4,5081,7,0,0,-32,S,5c:62:8b:66:67:d2"
1791489238.180,"B,60695,10,5c:62:8b:66:67:d2,0,0,5137,9,-44,A,5c:62:8b:66:67:d2"
1791489238.381,"B,60695,10,b2:db:ca:e6:29:a6,56,2,0,0,-26,S,5c:62:8b:66:67:d2"
1791489238.381,"B,60795,10,46:88:44:6e:4f:e4,3627,6,0,0,-32,S,5c:62:8b:66:67:d2"
1791489238.381,"B,60795,10,5c:62:8b:66:67:d2,0,0,3851,14,-44,A,5c:62:8b:66:67:d2"
1791489238.381,"B,60795,10,72:3b:01:24:b7:c8,168,6,0,0,-21,S,5c:62:8b:66:67:d2"
1791489238.381,"B,60795,10,b2:db:ca:e6:29:a6,56,2,0,0,-26,S,5c:62:8b:66:67:d2"
1791489238.381,"B,60895,10,a6:4c:bd:b6:c7:99,60,2,0,0,-85,S,78:8c:b5:f5:e7:26"
1791489238.381,"B,60895,10,78:8c:b5:f5:e7:26,0,0,60,2,-74,A,78:8c:b5:f5:e7:26"
1791489238.381,"B,60895,10,46:88:44:6e:4f:e4,5431,8,0,0,-29,S,5c:62:8b:66:67:d2"
1791489238.381,"B,60895,10,5c:62:8b:66:67:d2,0,0,5543,12,-45,A,5c:62:8b:66:67:d2"
1791489238.381,"B,60895,10,72:3b:01:24:b7:c8,112,4,0,0,-21,S,5c:62:8b:66:67:d2"
1791489238.581,"B,60995,10,46:88:44:6e:4f:e4,1078,4,0,0,-29,S,5c:62:8b:66:67:d2"
1791489238.581,"B,60995,10,5c:62:8b:66:67:d2,0,0,1190,8,-46,A,5c:62:8b:66:67:d2"
1791489238.581,"B,60995,10,72:3b:01:24:b7:c8,84,3,0,0,-22,S,5c:62:8b:66:67:d2"
1791489238.581,"B,60995,10,b2:db:ca:e6:29:a6,28,1,0,0,-29,S,5c:62:8b:66:67:d2"
1791489238.581,"B,61095,10,46:88:44:6e:4f:e4,7441,10,0,0,-29,S,5c:62:8b:66:67:d2"
1791489238.581,"B,61095,10,5c:62:8b:66:67:d2,0,0,7637,17,-46,A,5c:62:8b:66:67:d2"
1791489238.581,"B,61095,10,72:3b:01:24:b7:c8,140,5,0,0,-21,S,5c:62:8b:66:67:d2"
1791489238.581,"B,61095,10,b2:db:ca:e6:29:a6,56,2,0,0,-28,S,5c:62:8b:66:67:d2"
1791489238.782,"B,61195,10,a6:4c:bd:b6:c7:99,60,2,0,0,-85,S,78:8c:b5:f5:e7:26"
1791489238.782,"B,61195,10,78:8c:b5:f5:e7:26,0,0,60,2,-75,A,78:8c:b5:f5:e7:26"
1791489238.782,"B,61195,10,46:88:44:6e:4f:e4,5263,8,0,0,-29,S,5c:62:8b:66:67:d2"
1791489238.782,"B,61195,10,5c:62:8b:66:67:d2,0,0,5319,10,-47,A,5c:62:8b:66:67:d2"
1791489238.782,"B,61195,10,72:3b:01:24:b7:c8,56,2,0,0,-21,S,5c:62:8b:66:67:d2"
1791489238.782,"B,61295,10,46:88:44:6e:4f:e4,5411,8,0,0,-29,S,5c:62:8b:66:67:d2"
1791489238.782,"B,61295,10,5c:62:8b:66:67:d2,0,0,5551,13,-47,A,5c:62:8b:66:67:d2"
1791489238.782,"B,61295,10,72:3b:01:24:b7:c8,112,4,0,0,-21,S,5c:62:8b:66:67:d2"
1791489238.782,"B,61295,10,b2:db:ca:e6:29:a6,28,1,0,0,-27,S,5c:62:8b:66:67:d2"
1791489238.984,"M,61383,slot,8,0"
1791489238.984,"B,61395,10,a6:4c:bd:b6:c7:99,30,1,0,0,-84,S,78:8c:b5:f5:e7:26"
1791489238.984,"B,61395,10,78:8c:b5:f5:e7:26,0,0,30,1,-74,A,78:8c:b5:f5:e7:26"
1791489238.984,"B,61395,10,46:88:44:6e:4f:e4,6486,9,0,0,-29,S,5c:62:8b:66:67:d2"
1791489238.984,"B,61395,10,5c:62:8b:66:67:d2,0,0,6626,14,-46,A,5c:62:8b:66:67:d2"
1791489238.984,"B,61395,10,72:3b:01:24:b7:c8,84,3,0,0,-21,S,5c:62:8b:66:67:d2"
1791489238.984,"B,61395,10,b2:db:ca:e6:29:a6,56,2,0,0,-27,S,5c:62:8b:66:67:d2"
1791489238.984,"B,61495,10,a6:4c:bd:b6:c7:99,30,1,0,0,-85,S,78:8c:b5:f5:e7:26"
1791489238.984,"B,61495,10,78:8c:b5:f5:e7:26,0,0,30,1,0,A,78:8c:b5:f5:e7:26"
1791489238.984,"B,61495,10,46:88:44:6e:4f:e4,5185,7,0,0,-30,S,5c:62:8b:66:67:d2"
1791489238.984,"B,61495,10,5c:62:8b:66:67:d2,0,0,5241,9,-46,A,5c:62:8b:66:67:d2"
1791489238.984,"B,61495,10,b2:db:ca:e6:29:a6,56,2,0,0,-29,S,5c:62:8b:66:67:d2"
1791489239.186,"B,61595,10,46:88:44:6e:4f:e4,1750,5,0,0,-31,S,5c:62:8b:66:67:d2"
1791489239.186,"B,61595,10,5c:62:8b:66:67:d2,0,0,1918,11,-45,A,5c:62:8b:66:67:d2"
1791489239.186,"B,61595,10,72:3b:01:24:b7:c8,112,4,0,0,-21,S,5c:62:8b:66:67:d2"
1791489239.186,"B,61595,10,b2:db:ca:e6:29:a6,56,2,0,0,-29,S,5c:62:8b:66:67:d2"
1791489239.186,"B,61695,10,46:88:44:6e:4f:e4,5527,8,0,0,-30,S,5c:62:8b:66:67:d2"
1791489239.186,"B,61695,10,5c:62:8b:66:67:d2,0,0,5667,13,-47,A,5c:62:8b:66:67:d2"
1791489239.186,"B,61695,10,72:3b:01:24:b7:c8,84,3,0,0,-22,S,5c:62:8b:66:67:d2"
1791489239.186,"B,61695,10,b2:db:ca:e6:29:a6,56,2,0,0,-28,S,5c:62:8b:66:67:d2"
1791489239.388,"B,61795,10,46:88:44:6e:4f:e4,8297,12,0,0,-30,S,5c:62:8b:66:67:d2"
1791489239.388,"B,61795,10,5c:62:8b:66:67:d2,0,0,8409,16,0,A,5c:62:8b:66:67:d2"
1791489239.388,"B,61795,10,72:3b:01:24:b7:c8,56,2,0,0,-21,S,5c:62:8b:66:67:d2"
1791489239.388,"B,61795,10,b2:db:ca:e6:29:a6,56,2,0,0,-26,S,5c:62:8b:66:67:d2"
1791489239.388,"B,61795,10,38:d5:7a:f4:5a:37,30,1,0,0,-94,S,8a:ce:16:78:6f:dc"
1791489239.388,"B,61795,10,8a:ce:16:78:6f:dc,0,0,30,1,0,A,8a:ce:16:78:6f:dc"
1791489239.388,"B,61895,10,46:88:44:6e:4f:e4,5415,8,0,0,-30,S,5c:62:8b:66:67:d2"
1791489239.388,"B,61895,10,5c:62:8b:66:67:d2,0,0,5751,20,-45,A,5c:62:8b:66:67:d2"
1791489239.388,"B,61895,10,72:3b:01:24:b7:c8,280,10,0,0,-22,S,5c:62:8b:66:67:d2"
1791489239.388,"B,61895,10,b2:db:ca:e6:29:a6,56,2,0,0,-28,S,5c:62:8b:66:67:d2"
1791489239.388,"B,61895,10,38:d5:7a:f4:5a:37,30,1,0,0,-93,S,8a:ce:16:78:6f:dc"
1791489239.388,"B,61895,10,8a:ce:16:78:6f:dc,0,0,30,1,0,A,8a:ce:16:78:6f:dc"
1791489239.590,"B,61995,10,46:88:44:6e:4f:e4,5435,8,0,0,-30,S,5c:62:8b:66:67:d2"
1791489239.590,"B,61995,10,5c:62:8b:66:67:d2,0,0,5463,9,-47,A,5c:62:8b:66:67:d2"
1791489239.590,"B,61995,10,b2:db:ca:e6:29:a6,28,1,0,0,-29,S,5c:62:8b:66:67:d2"
1791489239.590,"B,62095,10,a6:4c:bd:b6:c7:99,90,3,0,0,-84,S,78:8c:b5:f5:e7:26"
1791489239.590,"B,62095,10,78:8c:b5:f5:e7:26,0,0,90,3,-73,A,78:8c:b5:f5:e7:26"
1791489239.590,"B,62095,10,46:88:44:6e:4f:e4,9514,12,0,0,-30,S,5c:62:8b:66:67:d2"
1791489239.590,"B,62095,10,5c:62:8b:66:67:d2,0,0,9542,13,-46,A,5c:62:8b:66:67:d2"
1791489239.590,"B,62095,10,b2:db:ca:e6:29:a6,28,1,0,0,-29,S,5c:62:8b:66:67:d2"
1791489239.590,"B,62095,10,38:d5:7a:f4:5a:37,30,1,0,0,-91,S,8a:ce:16:78:6f:dc"
1791489239.590,"B,62095,10,8a:ce:16:78:6f:dc,0,0,30,1,0,A,8a:ce:16:78:6f:dc"
1791489239.793,"B,62195,10,a6:4c:bd:b6:c7:99,90,3,0,0,-85,S,78:8c:b5:f5:e7:26"
1791489239.793,"B,62195,10,78:8c:b5:f5:e7:26,0,0,90,3,-74,A,78:8c:b5:f5:e7:26"
1791489239.793,"B,62195,10,46:88:44:6e:4f:e4,1050,3,0,0,-30,S,5c:62:8b:66:67:d2"
1791489239.793,"B,62195,10,5c:62:8b:66:67:d2,0,0,1190,8,-45,A,5c:62:8b:66:67:d2"
1791489239.793,"B,62195,10,72:3b:01:24:b7:c8,84,3,0,0,-22,S,5c:62:8b:66:67:d2"
1791489239.793,"B,62195,10,b2:db:ca:e6:29:a6,56,2,0,0,-27,S,5c:62:8b:66:67:d2"
1791489239.793,"B,62295,10,46:88:44:6e:4f:e4,5483,8,0,0,-30,S,5c:62:8b:66:67:d2"
1791489239.793,"B,62295,10,5c:62:8b:66:67:d2,0,0,5595,12,-45,A,5c:62:8b:66:67:d2"
1791489239.793,"B,62295,10,72:3b:01:24:b7:c8,84,3,0,0,-22,S,5c:62:8b:66:67:d2"
1791489239.793,"B,62295,10,b2:db:ca:e6:29:a6,28,1,0,0,-27,S,5c:62:8b:66:67:d2"
1791489239.998,"B,62395,10,46:88:44:6e:4f:e4,6893,9,0,0,-30,S,5c:62:8b:66:67:d2"
1791489239.998,"B,62395,10,5c:62:8b:66:67:d2,0,0,7145,18,-45,A,5c:62:8b:66:67:d2"
1791489239.998,"B,62395,10,72:3b:01:24:b7:c8,196,7,0,0,-22,S,5c:62:8b:66:67:d2"
1791489239.998,"B,62395,10,b2:db:ca:e6:29:a6,56,2,0,0,-27,S,5c:62:8b:66:67:d2"
1791489239.998,"B,62495,10,46:88:44:6e:4f:e4,7480,12,0,0,-29,S,5c:62:8b:66:67:d2"
1791489239.998,"B,62495,10,5c:62:8b:66:67:d2,0,0,7676,19,-45,A,5c:62:8b:66:67:d2"
1791489239.998,"B,62495,10,72:3b:01:24:b7:c8,140,5,0,0,-21,S,5c:62:8b:66:67:d2"
1791489239.998,"B,62495,10,b2:db:ca:e6:29:a6,56,2,0,0,-28,S,5c:62:8b:66:67:d2"
1791489240.201,"B,62595,10,46:88:44:6e:4f:e4,8801,11,0,0,-29,S,5c:62:8b:66:67:d2"
1791489240.201,"B,62595,10,5c:62:8b:66:67:d2,0,0,8857,13,-45,A,5c:62:8b:66:67:d2"
1791489240.201,"B,62595,10,b2:db:ca:e6:29:a6,56,2,0,0,-29,S,5c:62:8b:66:67:d2"
1791489240.201,"B,62695,10,46:88:44:6e:4f:e4,5769,9,0,0,-29,S,5c:62:8b:66:67:d2"
1791489240.201,"B,62695,10,5c:62:8b:66:67:d2,0,0,5909,14,-45,A,5c:62:8b:66:67:d2"
1791489240.201,"B,62695,10,72:3b:01:24:b7:c8,112,4,0,0,-21,S,5c:62:8b:66:67:d2"
1791489240.201,"B,62695,10,b2:db:ca:e6:29:a6,28,1,0,0,-27,S,5c:62:8b:66:67:d2"
1791489240.403,"B,62795,10,46:88:44:6e:4f:e4,1078,4,0,0,-30,S,5c:62:8b:66:67:d2"
1791489240.403,"B,62795,10,5c:62:8b:66:67:d2,0,0,1218,9,-46,A,5c:62:8b:66:67:d2"
1791489240.403,"B,62795,10,72:3b:01:24:b7:c8,112,4,0,0,-22,S,5c:62:8b:66:67:d2"
1791489240.403,"B,62795,10,b2:db:ca:e6:29:a6,28,1,0,0,-29,S,5c:62:8b:66:67:d2"
1791489240.403,"B,62895,10,46:88:44:6e:4f:e4,6095,9,0,0,-30,S,5c:62:8b:66:67:d2"
1791489240.403,"B,62895,10,5c:62:8b:66:67:d2,0,0,6095,9,-46,A,5c:62:8b:66:67:d2"
1791489240.608,"B,62995,10,46:88:44:6e:4f:e4,5491,8,0,0,-30,S,5c:62:8b:66:67:d2"
1791489240.608,"B,62995,10,5c:62:8b:66:67:d2,0,0,5631,13,-45,A,5c:62:8b:66:67:d2"
1791489240.608,"B,62995,10,72:3b:01:24:b7:c8,84,3,0,0,-22,S,5c:62:8b:66:67:d2"
1791489240.608,"B,62995,10,b2:db:ca:e6:29:a6,56,2,0,0,-28,S,5c:62:8b:66:67:d2"
1791489240.608,"B,63095,10,46:88:44:6e:4f:e4,5571,8,0,0,-30,S,5c:62:8b:66:67:d2"
1791489240.608,"B,63095,10,5c:62:8b:66:67:d2,0,0,5739,14,-46,A,5c:62:8b:66:67:d2"
1791489240.608,"B,63095,10,72:3b:01:24:b7:c8,112,4,0,0,-22,S,5c:62:8b:66:67:d2"
1791489240.608,"B,63095,10,b2:db:ca:e6:29:a6,56,2,0,0,-28,S,5c:62:8b:66:67:d2"
1791489240.808,"B,63195,10,46:88:44:6e:4f:e4,5611,8,0,0,-30,S,5c:62:8b:66:67:d2"
1791489240.808,"B,63195,10,5c:62:8b:66:67:d2,0,0,5695,11,-46,A,5c:62:8b:66:67:d2"
1791489240.808,"B,63195,10,72:3b:01:24:b7:c8,56,2,0,0,-21,S,5c:62:8b:66:67:d2"
1791489240.808,"B,63195,10,b2:db:ca:e6:29:a6,28,1,0,0,-29,S,5c:62:8b:66:67:d2"
1791489240.808,"B,63295,10,46:88:44:6e:4f:e4,5833,9,0,0,-29,S,5c:62:8b:66:67:d2"
1791489240.808,"B,63295,10,5c:62:8b:66:67:d2,0,0,6029,16,-46,A,5c:62:8b:66:67:d2"
1791489240.808,"B,63295,10,72:3b:01:24:b7:c8,140,5,0,0,-22,S,5c:62:8b:66:67:d2"
1791489240.808,"B,63295,10,b2:db:ca:e6:29:a6,56,2,0,0,-28,S,5c:62:8b:66:67:d2"
1791489240.808,"B,63295,10,38:d5:7a:f4:5a:37,30,1,0,0,-93,S,8a:ce:16:78:6f:dc"
1791489240.808,"B,63295,10,8a:ce:16:78:6f:dc,0,0,30,1,0,A,8a:ce:16:78:6f:dc"
1791489241.013,"B,63395,10,78:8c:b5:f5:e7:26,302,2,0,0,-75,A,78:8c:b5:f5:e7:26"
1791489241.013,"B,63395,10,46:88:44:6e:4f:e4,1078,4,0,0,-29,S,5c:62:8b:66:67:d2"
1791489241.013,"B,63395,10,5c:62:8b:66:67:d2,0,0,1162,7,-46,A,5c:62:8b:66:67:d2"
1791489241.013,"B,63395,10,72:3b:01:24:b7:c8,56,2,0,0,-21,S,5c:62:8b:66:67:d2"
1791489241.013,"B,63395,10,b2:db:ca:e6:29:a6,28,1,0,0,-27,S,5c:62:8b:66:67:d2"
1791489241.013,"B,63495,10,46:88:44:6e:4f:e4,5921,8,0,0,-29,S,5c:62:8b:66:67:d2"
1791489241.013,"B,63495,10,5c:62:8b:66:67:d2,0,0,6145,16,-46,A,5c:62:8b:66:67:d2"
1791489241.013,"B,63495,10,72:3b:01:24:b7:c8,168,6,0,0,-21,S,5c:62:8b:66:67:d2"
1791489241.013,"B,63495,10,b2:db:ca:e6:29:a6,56,2,0,0,-27,S,5c:62:8b:66:67:d2"
1791489241.218,"B,63595,10,46:88:44:6e:4f:e4,5523,8,0,0,-29,S,5c:62:8b:66:67:d2"
1791489241.218,"B,63595,10,5c:62:8b:66:67:d2,0,0,5607,11,-46,A,5c:62:8b:66:67:d2"
1791489241.218,"B,63595,10,72:3b:01:24:b7:c8,28,1,0,0,-21,S,5c:62:8b:66:67:d2"
1791489241.218,"B,63595,10,b2:db:ca:e6:29:a6,56,2,0,0,-29,S,5c:62:8b:66:67:d2"
1791489241.218,"B,63695,10,46:88:44:6e:4f:e4,10191,12,138,1,-30,S,5c:62:8b:66:67:d2"
1791489241.218,"B,63695,10,5c:62:8b:66:67:d2,138,1,10303,16,-46,A,5c:62:8b:66:67:d2"
1791489241.218,"B,63695,10,72:3b:01:24:b7:c8,84,3,0,0,-21,S,5c:62:8b:66:67:d2"
1791489241.218,"B,63695,10,b2:db:ca:e6:29:a6,28,1,0,0,-24,S,5c:62:8b:66:67:d2"
1791489241.423,"B,63795,10,46:88:44:6e:4f:e4,8771,15,0,0,-29,S,5c:62:8b:66:67:d2"
1791489241.423,"B,63795,10,5c:62:8b:66:67:d2,0,0,8939,21,-45,A,5c:62:8b:66:67:d2"
1791489241.423,"B,63795,10,72:3b:01:24:b7:c8,84,3,0,0,-21,S,5c:62:8b:66:67:d2"
1791489241.423,"B,63795,10,b2:db:ca:e6:29:a6,84,3,0,0,-28,S,5c:62:8b:66:67:d2"
1791489241.423,"B,63895,10,46:88:44:6e:4f:e4,1428,5,0,0,-28,S,5c:62:8b:66:67:d2"
1791489241.423,"B,63895,10,5c:62:8b:66:67:d2,0,0,1484,7,-46,A,5c:62:8b:66:67:d2"
1791489241.423,"B,63895,10,b2:db:ca:e6:29:a6,56,2,0,0,-27,S,5c:62:8b:66:67:d2"
1791489241.628,"B,63995,10,46:88:44:6e:4f:e4,6642,8,0,0,-30,S,5c:62:8b:66:67:d2"
1791489241.628,"B,63995,10,5c:62:8b:66:67:d2,0,0,6782,13,-46,A,5c:62:8b:66:67:d2"
1791489241.628,"B,63995,10,72:3b:01:24:b7:c8,112,4,0,0,-21,S,5c:62:8b:66:67:d2"
1791489241.628,"B,63995,10,b2:db:ca:e6:29:a6,28,1,0,0,-26,S,5c:62:8b:66:67:d2"
1791489241.628,"B,63995,10,38:d5:7a:f4:5a:37,30,1,0,0,-93,S,8a:ce:16:78:6f:dc"
1791489241.628,"B,63995,10,8a:ce:16:78:6f:dc,0,0,30,1,0,A,8a:ce:16:78:6f:dc"
1791489241.628,"B,64095,10,a6:4c:bd:b6:c7:99,30,1,0,0,-82,S,78:8c:b5:f5:e7:26"
1791489241.628,"B,64095,10,78:8c:b5:f5:e7:26,0,0,30,1,-73,A,78:8c:b5:f5:e7:26"
1791489241.628,"B,64095,10,46:88:44:6e:4f:e4,5965,9,0,0,-29,S,5c:62:8b:66:67:d2"
1791489241.628,"B,64095,10,5c:62:8b:66:67:d2,0,0,6189,17,-46,A,5c:62:8b:66:67:d2"
1791489241.628,"B,64095,10,72:3b:01:24:b7:c8,140,5,0,0,-21,S,5c:62:8b:66:67:d2"
1791489241.628,"B,64095,10,b2:db:ca:e6:29:a6,84,3,0,0,-27,S,5c:62:8b:66:67:d2"
1791489241.833,"B,64195,10,46:88:44:6e:4f:e4,6620,10,0,0,-30,S,5c:62:8b:66:67:d2"
1791489241.833,"B,64195,10,5c:62:8b:66:67:d2,0,0,6704,13,-46,A,5c:62:8b:66:67:d2"
1791489241.833,"B,64195,10,b2:db:ca:e6:29:a6,84,3,0,0,-27,S,5c:62:8b:66:67:d2"
1791489241.833,"B,64295,10,a6:4c:bd:b6:c7:99,60,2,0,0,-83,S,78:8c:b5:f5:e7:26"
1791489241.833,"B,64295,10,78:8c:b5:f5:e7:26,0,0,60,2,0,A,78:8c:b5:f5:e7:26"
1791489241.833,"B,64295,10,46:88:44:6e:4f:e4,4765,9,0,0,-30,S,5c:62:8b:66:67:d2"
1791489241.833,"B,64295,10,5c:62:8b:66:67:d2,0,0,5045,19,-47,A,5c:62:8b:66:67:d2"
1791489241.833,"B,64295,10,72:3b:01:24:b7:c8,224,8,0,0,-22,S,5c:62:8b:66:67:d2"
1791489241.833,"B,64295,10,b2:db:ca:e6:29:a6,56,2,0,0,-28,S,5c:62:8b:66:67:d2"
1791489242.038,"B,64395,10,a6:4c:bd:b6:c7:99,30,1,0,0,-83,S,78:8c:b5:f5:e7:26"
1791489242.038,"B,64395,10,78:8c:b5:f5:e7:26,0,0,30,1,-73,A,78:8c:b5:f5:e7:26"
1791489242.038,"B,64395,10,46:88:44:6e:4f:e4,9255,12,0,0,-30,S,5c:62:8b:66:67:d2"
1791489242.038,"B,64395,10,5c:62:8b:66:67:d2,0,0,9479,20,-45,A,5c:62:8b:66:67:d2"
1791489242.038,"B,64395,10,72:3b:01:24:b7:c8,168,6,0,0,-21,S,5c:62:8b:66:67:d2"
1791489242.038,"B,64395,10,b2:db:ca:e6:29:a6,56,2,0,0,-28,S,5c:62:8b:66:67:d2"
1791489242.038,"B,64495,10,a6:4c:bd:b6:c7:99,60,2,0,0,-84,S,78:8c:b5:f5:e7:26"
1791489242.038,"B,64495,10,78:8c:b5:f5:e7:26,0,0,60,2,-74,A,78:8c:b5:f5:e7:26"
1791489242.038,"B,64495,10,46:88:44:6e:4f:e4,8997,11,0,0,-30,S,5c:62:8b:66:67:d2"
1791489242.038,"B,64495,10,5c:62:8b:66:67:d2,0,0,9221,19,-45,A,5c:62:8b:66:67:d2"
1791489242.038,"B,64495,10,72:3b:01:24:b7:c8,168,6,0,0,-21,S,5c:62:8b:66:67:d2"
1791489242.038,"B,64495,10,b2:db:ca:e6:29:a6,56,2,0,0,-28,S,5c:62:8b:66:67:d2"
1791489242.239,"B,64595,10,a6:4c:bd:b6:c7:99,30,1,0,0,-83,S,78:8c:b5:f5:e7:26"
1791489242.239,"B,64595,10,78:8c:b5:f5:e7:26,80,1,30,1,-79,A,78:8c:b5:f5:e7:26"
1791489242.239,"B,64595,10,46:88:44:6e:4f:e4,1050,3,0,0,-30,S,5c:62:8b:66:67:d2"
1791489242.239,"B,64595,10,5c:62:8b:66:67:d2,0,0,1162,7,-46,A,5c:62:8b:66:67:d2"
1791489242.239,"B,64595,10,72:3b:01:24:b7:c8,84,3,0,0,-22,S,5c:62:8b:66:67:d2"
1791489242.239,"B,64595,10,b2:db:ca:e6:29:a6,28,1,0,0,-27,S,5c:62:8b:66:67:d2"
1791489242.239,"B,64695,10,a6:4c:bd:b6:c7:99,30,1,0,0,-83,S,78:8c:b5:f5:e7:26"
1791489242.239,"B,64695,10,78:8c:b5:f5:e7:26,0,0,30,1,0,A,78:8c:b5:f5:e7:26"
1791489242.239,"B,64695,10,46:88:44:6e:4f:e4,3925,7,0,0,-30,S,5c:62:8b:66:67:d2"
1791489242.239,"B,64695,10,5c:62:8b:66:67:d2,0,0,4009,10,-45,A,5c:62:8b:66:67:d2"
1791489242.239,"B,64695,10,72:3b:01:24:b7:c8,28,1,0,0,-21,S,5c:62:8b:66:67:d2"
1791489242.239,"B,64695,10,b2:db:ca:e6:29:a6,56,2,0,0,-28,S,5c:62:8b:66:67:d2"
1791489242.440,"B,64795,10,46:88:44:6e:4f:e4,5181,7,0,0,-30,S,5c:62:8b:66:67:d2"
1791489242.440,"B,64795,10,5c:62:8b:66:67:d2,0,0,5349,13,-45,A,5c:62:8b:66:67:d2"
1791489242.440,"B,64795,10,72:3b:01:24:b7:c8,112,4,0,0,-20,S,5c:62:8b:66:67:d2"
1791489242.440,"B,64795,10,b2:db:ca:e6:29:a6,56,2,0,0,-28,S,5c:62:8b:66:67:d2"
1791489242.440,"B,64895,10,46:88:44:6e:4f:e4,5486,10,0,0,-30,S,5c:62:8b:66:67:d2"
1791489242.440,"B,64895,10,5c:62:8b:66:67:d2,0,0,5794,21,-45,A,5c:62:8b:66:67:d2"
1791489242.440,"B,64895,10,72:3b:01:24:b7:c8,224,8,0,0,-21,S,5c:62:8b:66:67:d2"
1791489242.440,"B,64895,10,b2:db:ca:e6:29:a6,84,3,0,0,-27,S,5c:62:8b:66:67:d2"
1791489242.645,"B,64995,10,46:88:44:6e:4f:e4,4846,8,0,0,-30,S,5c:62:8b:66:67:d2"
1791489242.645,"B,64995,10,5c:62:8b:66:67:d2,0,0,4930,11,-45,A,5c:62:8b:66:67:d2"
1791489242.645,"B,64995,10,72:3b:01:24:b7:c8,28,1,0,0,-21,S,5c:62:8b:66:67:d2"
1791489242.645,"B,64995,10,b2:db:ca:e6:29:a6,56,2,0,0,-28,S,5c:62:8b:66:67:d2"
1791489242.645,"B,65095,10,46:88:44:6e:4f:e4,3277,5,0,0,-29,S,5c:62:8b:66:67:d2"
1791489242.645,"B,65095,10,5c:62:8b:66:67:d2,0,0,3333,7,-45,A,5c:62:8b:66:67:d2"
1791489242.645,"B,65095,10,b2:db:ca:e6:29:a6,56,2,0,0,-28,S,5c:62:8b:66:67:d2"
1791489242.645,"I,65113,stat,rx=11835,drops=0,ch=10,bin=100,hop=0,heap=203056"
1791489242.847,"B,65195,10,46:88:44:6e:4f:e4,3924,8,0,0,-30,S,5c:62:8b:66:67:d2"
1791489242.847,"B,65195,10,5c:62:8b:66:67:d2,0,0,3980,10,-45,A,5c:62:8b:66:67:d2"
1791489242.847,"B,65195,10,72:3b:01:24:b7:c8,56,2,0,0,-21,S,5c:62:8b:66:67:d2"
1791489242.847,"B,65295,10,46:88:44:6e:4f:e4,7319,10,0,0,-29,S,5c:62:8b:66:67:d2"
1791489242.847,"B,65295,10,5c:62:8b:66:67:d2,0,0,7403,13,-46,A,5c:62:8b:66:67:d2"
1791489242.847,"B,65295,10,b2:db:ca:e6:29:a6,84,3,0,0,-26,S,5c:62:8b:66:67:d2"
1791489243.051,"B,65395,10,46:88:44:6e:4f:e4,4799,6,0,0,-29,S,5c:62:8b:66:67:d2"
1791489243.051,"B,65395,10,5c:62:8b:66:67:d2,0,0,4855,8,-46,A,5c:62:8b:66:67:d2"
1791489243.051,"B,65395,10,72:3b:01:24:b7:c8,56,2,0,0,-21,S,5c:62:8b:66:67:d2"
1791489243.051,"B,65495,10,46:88:44:6e:4f:e4,6526,9,0,0,-30,S,5c:62:8b:66:67:d2"
1791489243.051,"B,65495,10,5c:62:8b:66:67:d2,0,0,6694,15,-46,A,5c:62:8b:66:67:d2"
1791489243.051,"B,65495,10,72:3b:01:24:b7:c8,112,4,0,0,-22,S,5c:62:8b:66:67:d2"
1791489243.051,"B,65495,10,b2:db:ca:e6:29:a6,56,2,0,0,-26,S,5c:62:8b:66:67:d2"
1791489243.255,"B,65595,10,46:88:44:6e:4f:e4,5527,8,0,0,-30,S,5c:62:8b:66:67:d2"
1791489243.255,"B,65595,10,5c:62:8b:66:67:d2,0,0,5583,10,-45,A,5c:62:8b:66:67:d2"
1791489243.255,"B,65595,10,b2:db:ca:e6:29:a6,56,2,0,0,-28,S,5c:62:8b:66:67:d2"
1791489243.255,"B,65695,10,46:88:44:6e:4f:e4,5539,8,0,0,-30,S,5c:62:8b:66:67:d2"
1791489243.255,"B,65695,10,5c:62:8b:66:67:d2,0,0,5679,13,-45,A,5c:62:8b:66:67:d2"
1791489243.255,"B,65695,10,72:3b:01:24:b7:c8,112,4,0,0,-22,S,5c:62:8b:66:67:d2"
1791489243.255,"B,65695,10,b2:db:ca:e6:29:a6,28,1,0,0,-29,S,5c:62:8b:66:67:d2"
1791489243.456,"B,65795,10,46:88:44:6e:4f:e4,1750,5,0,0,-30,S,5c:62:8b:66:67:d2"
1791489243.456,"B,65795,10,5c:62:8b:66:67:d2,5312,16,1750,5,-45,A,5c:62:8b:66:67:d2"
1791489243.456,"B,65795,10,72:3b:01:24:b7:c8,0,0,2800,8,0,S,5c:62:8b:66:67:d2"
1791489243.456,"B,65795,10,b2:db:ca:e6:29:a6,0,0,2512,8,0,S,5c:62:8b:66:67:d2"
1791489243.456,"B,65895,10,46:88:44:6e:4f:e4,5901,9,0,0,-30,S,5c:62:8b:66:67:d2"
1791489243.456,"B,65895,10,5c:62:8b:66:67:d2,0,0,6153,18,-46,A,5c:62:8b:66:67:d2"
1791489243.456,"B,65895,10,72:3b:01:24:b7:c8,196,7,0,0,-22,S,5c:62:8b:66:67:d2"
1791489243.456,"B,65895,10,b2:db:ca:e6:29:a6,56,2,0,0,-27,S,5c:62:8b:66:67:d2"
1791489243.658,"B,65995,10,a6:4c:bd:b6:c7:99,30,1,0,0,-84,S,78:8c:b5:f5:e7:26"
1791489243.658,"B,65995,10,78:8c:b5:f5:e7:26,0,0,30,1,-74,A,78:8c:b5:f5:e7:26"
1791489243.658,"B,65995,10,46:88:44:6e:4f:e4,7625,10,0,0,-30,S,5c:62:8b:66:67:d2"
1791489243.658,"B,65995,10,5c:62:8b:66:67:d2,0,0,7793,16,0,A,5c:62:8b:66:67:d2"
1791489243.658,"B,65995,10,72:3b:01:24:b7:c8,140,5,0,0,-25,S,5c:62:8b:66:67:d2"
1791489243.658,"B,65995,10,b2:db:ca:e6:29:a6,28,1,0,0,-29,S,5c:62:8b:66:67:d2"
1791489243.658,"B,66095,10,46:88:44:6e:4f:e4,5937,9,0,0,-30,S,5c:62:8b:66:67:d2"
1791489243.658,"B,66095,10,5c:62:8b:66:67:d2,0,0,6049,13,-47,A,5c:62:8b:66:67:d2"
1791489243.658,"B,66095,10,72:3b:01:24:b7:c8,28,1,0,0,-22,S,5c:62:8b:66:67:d2"
1791489243.658,"B,66095,10,b2:db:ca:e6:29:a6,84,3,0,0,-26,S,5c:62:8b:66:67:d2"
1791489243.863,"B,66195,10,46:88:44:6e:4f:e4,5925,9,0,0,-30,S,5c:62:8b:66:67:d2"
1791489243.863,"B,66195,10,5c:62:8b:66:67:d2,0,0,6121,16,-46,A,5c:62:8b:66:67:d2"
1791489243.863,"B,66195,10,72:3b:01:24:b7:c8,140,5,0,0,-22,S,5c:62:8b:66:67:d2"
1791489243.863,"B,66195,10,b2:db:ca:e6:29:a6,56,2,0,0,-28,S,5c:62:8b:66:67:d2"
1791489243.863,"B,66295,10,a6:4c:bd:b6:c7:99,30,1,0,0,-84,S,78:8c:b5:f5:e7:26"
1791489243.863,"B,66295,10,78:8c:b5:f5:e7:26,0,0,30,1,-74,A,78:8c:b5:f5:e7:26"
1791489243.863,"B,66295,10,46:88:44:6e:4f:e4,5595,8,0,0,-30,S,5c:62:8b:66:67:d2"
1791489243.863,"B,66295,10,5c:62:8b:66:67:d2,5783,9,5707,12,-46,A,5c:62:8b:66:67:d2"
1791489243.863,"B,66295,10,72:3b:01:24:b7:c8,112,4,5783,9,-22,S,5c:62:8b:66:67:d2"
1791489244.068,"B,66395,10,a6:4c:bd:b6:c7:99,30,1,0,0,-83,S,78:8c:b5:f5:e7:26"
1791489244.068,"B,66395,10,78:8c:b5:f5:e7:26,0,0,30,1,-74,A,78:8c:b5:f5:e7:26"
1791489244.068,"B,66395,10,46:88:44:6e:4f:e4,1050,3,0,0,-30,S,5c:62:8b:66:67:d2"
1791489244.068,"B,66395,10,5c:62:8b:66:67:d2,0,0,1162,7,-45,A,5c:62:8b:66:67:d2"
1791489244.068,"B,66395,10,72:3b:01:24:b7:c8,56,2,0,0,-22,S,5c:62:8b:66:67:d2"
1791489244.068,"B,66395,10,b2:db:ca:e6:29:a6,56,2,0,0,-27,S,5c:62:8b:66:67:d2"
1791489244.068,"M,66445,slot,9,0"
1791489244.068,"B,66495,10,a6:4c:bd:b6:c7:99,180,6,0,0,-84,S,78:8c:b5:f5:e7:26"
1791489244.068,"B,66495,10,78:8c:b5:f5:e7:26,0,0,180,6,-74,A,78:8c:b5:f5:e7:26"
1791489244.068,"B,66495,10,46:88:44:6e:4f:e4,7849,11,0,0,-29,S,5c:62:8b:66:67:d2"
1791489244.068,"B,66495,10,5c:62:8b:66:67:d2,0,0,7961,15,-46,A,5c:62:8b:66:67:d2"
1791489244.068,"B,66495,10,72:3b:01:24:b7:c8,56,2,0,0,-22,S,5c:62:8b:66:67:d2"
1791489244.068,"B,66495,10,b2:db:ca:e6:29:a6,56,2,0,0,-28,S,5c:62:8b:66:67:d2"
1791489244.270,"B,66595,10,46:88:44:6e:4f:e4,9555,12,0,0,-29,S,5c:62:8b:66:67:d2"
1791489244.270,"B,66595,10,5c:62:8b:66:67:d2,0,0,9695,17,-46,A,5c:62:8b:66:67:d2"
1791489244.270,"B,66595,10,72:3b:01:24:b7:c8,84,3,0,0,-22,S,5c:62:8b:66:67:d2"
1791489244.270,"B,66595,10,b2:db:ca:e6:29:a6,56,2,0,0,-27,S,5c:62:8b:66:67:d2"
1791489244.270,"B,66695,10,46:88:44:6e:4f:e4,5563,8,0,0,-29,S,5c:62:8b:66:67:d2"
1791489244.270,"B,66695,10,5c:62:8b:66:67:d2,0,0,5647,11,-47,A,5c:62:8b:66:67:d2"
1791489244.270,"B,66695,10,72:3b:01:24:b7:c8,28,1,0,0,-22,S,5c:62:8b:66:67:d2"
1791489244.270,"B,66695,10,b2:db:ca:e6:29:a6,56,2,0,0,-27,S,5c:62:8b:66:67:d2"
1791489244.473,"B,66795,10,46:88:44:6e:4f:e4,5523,8,0,0,-30,S,5c:62:8b:66:67:d2"
1791489244.473,"B,66795,10,5c:62:8b:66:67:d2,39003,31,5719,15,-46,A,5c:62:8b:66:67:d2"
1791489244.473,"B,66795,10,72:3b:01:24:b7:c8,112,4,5495,7,-26,S,5c:62:8b:66:67:d2"
1791489244.473,"B,66795,10,b2:db:ca:e6:29:a6,84,3,33508,24,-28,S,5c:62:8b:66:67:d2"
1791489244.473,"B,66895,10,a6:4c:bd:b6:c7:99,60,2,0,0,-85,S,78:8c:b5:f5:e7:26"
1791489244.473,"B,66895,10,78:8c:b5:f5:e7:26,0,0,60,2,-73,A,78:8c:b5:f5:e7:26"
1791489244.473,"B,66895,10,46:88:44:6e:4f:e4,10471,12,0,0,-30,S,5c:62:8b:66:67:d2"
1791489244.473,"B,66895,10,5c:62:8b:66:67:d2,65598,45,10583,16,-46,A,5c:62:8b:66:67:d2"
1791489244.473,"B,66895,10,72:3b:01:24:b7:c8,84,3,0,0,-21,S,5c:62:8b:66:67:d2"
1791489244.473,"B,66895,10,b2:db:ca:e6:29:a6,28,1,65598,45,-27,S,5c:62:8b:66:67:d2"
1791489244.673,"B,66995,10,78:8c:b5:f5:e7:26,128,1,0,0,-81,A,78:8c:b5:f5:e7:26"
1791489244.673,"B,66995,10,46:88:44:6e:4f:e4,1050,3,0,0,-30,S,5c:62:8b:66:67:d2"
1791489244.673,"B,66995,10,5c:62:8b:66:67:d2,17094,11,1274,11,-46,A,5c:62:8b:66:67:d2"
1791489244.673,"B,66995,10,72:3b:01:24:b7:c8,168,6,0,0,-22,S,5c:62:8b:66:67:d2"
1791489244.673,"B,66995,10,b2:db:ca:e6:29:a6,56,2,17094,11,-28,S,5c:62:8b:66:67:d2"
1791489244.673,"B,67095,10,46:88:44:6e:4f:e4,5579,8,0,0,-30,S,5c:62:8b:66:67:d2"
1791489244.673,"B,67095,10,5c:62:8b:66:67:d2,129194,85,5635,10,-45,A,5c:62:8b:66:67:d2"
1791489244.673,"B,67095,10,b2:db:ca:e6:29:a6,56,2,129194,85,-27,S,5c:62:8b:66:67:d2"
1791489244.874,"B,67195,10,46:88:44:6e:4f:e4,5527,7,0,0,-30,S,5c:62:8b:66:67:d2"
1791489244.874,"B,67195,10,5c:62:8b:66:67:d2,68517,45,5695,13,-46,A,5c:62:8b:66:67:d2"
1791489244.874,"B,67195,10,72:3b:01:24:b7:c8,112,4,0,0,-21,S,5c:62:8b:66:67:d2"
1791489244.874,"B,67195,10,b2:db:ca:e6:29:a6,56,2,68517,45,-26,S,5c:62:8b:66:67:d2"
1791489244.874,"B,67295,10,46:88:44:6e:4f:e4,12048,18,0,0,-30,S,5c:62:8b:66:67:d2"
1791489244.874,"B,67295,10,5c:62:8b:66:67:d2,1050,3,12300,27,-46,A,5c:62:8b:66:67:d2"
1791489244.874,"B,67295,10,72:3b:01:24:b7:c8,196,7,1050,3,-21,S,5c:62:8b:66:67:d2"
1791489244.874,"B,67295,10,b2:db:ca:e6:29:a6,56,2,0,0,-27,S,5c:62:8b:66:67:d2"
1791489244.874,"B,67395,10,78:8c:b5:f5:e7:26,84,1,0,0,-78,A,78:8c:b5:f5:e7:26"
1791489244.874,"B,67395,10,46:88:44:6e:4f:e4,5475,9,0,0,-29,S,5c:62:8b:66:67:d2"
1791489245.074,"B,67395,10,5c:62:8b:66:67:d2,127640,84,5587,13,-46,A,5c:62:8b:66:67:d2"
1791489245.074,"B,67395,10,72:3b:01:24:b7:c8,84,3,0,0,-22,S,5c:62:8b:66:67:d2"
1791489245.074,"B,67395,10,b2:db:ca:e6:29:a6,28,1,127640,84,-28,S,5c:62:8b:66:67:d2"
1791489245.074,"B,67495,10,46:88:44:6e:4f:e4,5267,8,0,0,-29,S,5c:62:8b:66:67:d2"
1791489245.074,"B,67495,10,5c:62:8b:66:67:d2,134174,91,5379,12,-45,A,5c:62:8b:66:67:d2"
1791489245.074,"B,67495,10,72:3b:01:24:b7:c8,56,2,0,0,-22,S,5c:62:8b:66:67:d2"
1791489245.074,"B,67495,10,b2:db:ca:e6:29:a6,56,2,134174,91,-27,S,5c:62:8b:66:67:d2"
1791489245.276,"B,67595,10,46:88:44:6e:4f:e4,1050,3,0,0,-29,S,5c:62:8b:66:67:d2"
1791489245.276,"B,67595,10,5c:62:8b:66:67:d2,49728,32,1162,7,-46,A,5c:62:8b:66:67:d2"
1791489245.276,"B,67595,10,72:3b:01:24:b7:c8,56,2,0,0,-22,S,5c:62:8b:66:67:d2"
1791489245.276,"B,67595,10,b2:db:ca:e6:29:a6,56,2,49728,32,-27,S,5c:62:8b:66:67:d2"
1791489245.276,"B,67695,10,46:88:44:6e:4f:e4,6619,8,0,0,-29,S,5c:62:8b:66:67:d2"
1791489245.276,"B,67695,10,5c:62:8b:66:67:d2,186119,121,6675,10,-45,A,5c:62:8b:66:67:d2"
1791489245.276,"B,67695,10,b2:db:ca:e6:29:a6,56,2,186119,121,-28,S,5c:62:8b:66:67:d2"
1791489245.477,"B,67795,10,46:88:44:6e:4f:e4,8145,9,0,0,-28,S,5c:62:8b:66:67:d2"
1791489245.477,"B,67795,10,5c:62:8b:66:67:d2,22652,38,8341,16,-46,A,5c:62:8b:66:67:d2"
1791489245.477,"B,67795,10,72:3b:01:24:b7:c8,112,4,700,2,-22,S,5c:62:8b:66:67:d2"
1791489245.477,"B,67795,10,b2:db:ca:e6:29:a6,84,3,21952,36,-28,S,5c:62:8b:66:67:d2"
1791489245.477,"B,67895,10,78:8c:b5:f5:e7:26,128,1,0,0,-76,A,78:8c:b5:f5:e7:26"
1791489245.477,"B,67895,10,46:88:44:6e:4f:e4,5093,7,0,0,-28,S,5c:62:8b:66:67:d2"
1791489245.477,"B,67895,10,5c:62:8b:66:67:d2,0,0,5261,13,-46,A,5c:62:8b:66:67:d2"
1791489245.477,"B,67895,10,72:3b:01:24:b7:c8,140,5,0,0,-22,S,5c:62:8b:66:67:d2"
1791489245.477,"B,67895,10,b2:db:ca:e6:29:a6,28,1,0,0,-28,S,5c:62:8b:66:67:d2"
1791489245.477,"B,67995,10,46:88:44:6e:4f:e4,8839,11,0,0,-28,S,5c:62:8b:66:67:d2"
1791489245.477,"B,67995,10,5c:62:8b:66:67:d2,31770,28,9091,20,-46,A,5c:62:8b:66:67:d2"
1791489245.477,"B,67995,10,72:3b:01:24:b7:c8,196,7,0,0,-22,S,5c:62:8b:66:67:d2"
1791489245.477,"B,67995,10,b2:db:ca:e6:29:a6,56,2,31770,28,-29,S,5c:62:8b:66:67:d2"
1791489245.677,"B,68095,10,46:88:44:6e:4f:e4,3949,6,0,0,-29,S,5c:62:8b:66:67:d2"
1791489245.677,"B,68095,10,5c:62:8b:66:67:d2,25736,19,4201,15,-46,A,5c:62:8b:66:67:d2"
1791489245.677,"B,68095,10,72:3b:01:24:b7:c8,196,7,0,0,-21,S,5c:62:8b:66:67:d2"
1791489245.677,"B,68095,10,b2:db:ca:e6:29:a6,56,2,25736,19,-28,S,5c:62:8b:66:67:d2"
1791489245.677,"B,68195,10,a6:4c:bd:b6:c7:99,30,1,0,0,-84,S,78:8c:b5:f5:e7:26"
1791489245.677,"B,68195,10,78:8c:b5:f5:e7:26,0,0,30,1,-74,A,78:8c:b5:f5:e7:26"
1791489245.677,"B,68195,10,46:88:44:6e:4f:e4,700,2,0,0,-29,S,5c:62:8b:66:67:d2"
1791489245.877,"B,68195,10,5c:62:8b:66:67:d2,14442,11,784,5,-46,A,5c:62:8b:66:67:d2"
1791489245.877,"B,68195,10,72:3b:01:24:b7:c8,28,1,350,1,-22,S,5c:62:8b:66:67:d2"
1791489245.877,"B,68195,10,b2:db:ca:e6:29:a6,56,2,14092,10,-28,S,5c:62:8b:66:67:d2"
1791489245.877,"B,68295,10,78:8c:b5:f5:e7:26,84,1,0,0,-78,A,78:8c:b5:f5:e7:26"
1791489245.877,"B,68295,10,46:88:44:6e:4f:e4,5673,8,0,0,-29,S,5c:62:8b:66:67:d2"
1791489245.877,"B,68295,10,5c:62:8b:66:67:d2,5551,9,5757,11,-46,A,5c:62:8b:66:67:d2"
1791489245.877,"B,68295,10,72:3b:01:24:b7:c8,0,0,5551,9,0,S,5c:62:8b:66:67:d2"
1791489245.877,"B,68295,10,b2:db:ca:e6:29:a6,84,3,0,0,-28,S,5c:62:8b:66:67:d2"
1791489245.877,"B,68395,10,46:88:44:6e:4f:e4,5363,8,0,0,-29,S,5c:62:8b:66:67:d2"
1791489245.877,"B,68395,10,5c:62:8b:66:67:d2,92857,67,5475,12,-46,A,5c:62:8b:66:67:d2"
1791489246.077,"B,68395,10,72:3b:01:24:b7:c8,84,3,0,0,-22,S,5c:62:8b:66:67:d2"
1791489246.077,"B,68395,10,b2:db:ca:e6:29:a6,28,1,92857,67,-28,S,5c:62:8b:66:67:d2"
1791489246.077,"B,68495,10,46:88:44:6e:4f:e4,5283,8,0,0,-29,S,5c:62:8b:66:67:d2"
1791489246.077,"B,68495,10,5c:62:8b:66:67:d2,68652,48,5339,10,-46,A,5c:62:8b:66:67:d2"
1791489246.077,"B,68495,10,b2:db:ca:e6:29:a6,56,2,68652,48,-28,S,5c:62:8b:66:67:d2"
1791489246.077,"B,68595,10,46:88:44:6e:4f:e4,5271,8,138,1,-29,S,5c:62:8b:66:67:d2"
1791489246.077,"B,68595,10,5c:62:8b:66:67:d2,70359,58,5383,12,-45,A,5c:62:8b:66:67:d2"
1791489246.278,"B,68595,10,72:3b:01:24:b7:c8,56,2,0,0,-21,S,5c:62:8b:66:67:d2"
1791489246.278,"B,68595,10,b2:db:ca:e6:29:a6,56,2,70221,57,-27,S,5c:62:8b:66:67:d2"
1791489246.278,"B,68695,10,46:88:44:6e:4f:e4,1078,4,0,0,-29,S,5c:62:8b:66:67:d2"
1791489246.278,"B,68695,10,5c:62:8b:66:67:d2,50864,42,1358,14,-45,A,5c:62:8b:66:67:d2"
1791489246.278,"B,68695,10,72:3b:01:24:b7:c8,140,5,0,0,-21,S,5c:62:8b:66:67:d2"
1791489246.278,"B,68695,10,b2:db:ca:e6:29:a6,140,5,50864,42,-26,S,5c:62:8b:66:67:d2"
1791489246.278,"B,68795,10,46:88:44:6e:4f:e4,5365,9,0,0,-29,S,5c:62:8b:66:67:d2"
1791489246.278,"B,68795,10,5c:62:8b:66:67:d2,5243,7,5421,11,-46,A,5c:62:8b:66:67:d2"
1791489246.479,"B,68795,10,72:3b:01:24:b7:c8,0,0,5243,7,0,S,5c:62:8b:66:67:d2"
1791489246.479,"B,68795,10,b2:db:ca:e6:29:a6,56,2,0,0,-27,S,5c:62:8b:66:67:d2"
1791489246.479,"B,68895,10,46:88:44:6e:4f:e4,5657,9,0,0,-29,S,5c:62:8b:66:67:d2"
1791489246.479,"B,68895,10,5c:62:8b:66:67:d2,0,0,5685,10,-45,A,5c:62:8b:66:67:d2"
1791489246.479,"B,68895,10,b2:db:ca:e6:29:a6,28,1,0,0,-27,S,5c:62:8b:66:67:d2"
1791489246.479,"B,68995,10,46:88:44:6e:4f:e4,7477,11,0,0,-29,S,5c:62:8b:66:67:d2"
1791489246.479,"B,68995,10,5c:62:8b:66:67:d2,0,0,7785,22,-46,A,5c:62:8b:66:67:d2"
1791489246.479,"B,68995,10,72:3b:01:24:b7:c8,196,7,0,0,-21,S,5c:62:8b:66:67:d2"
1791489246.479,"B,68995,10,b2:db:ca:e6:29:a6,112,4,0,0,-27,S,5c:62:8b:66:67:d2"
1791489246.680,"B,69095,10,46:88:44:6e:4f:e4,5975,10,0,0,-28,S,5c:62:8b:66:67:d2"
1791489246.680,"B,69095,10,5c:62:8b:66:67:d2,0,0,6031,12,-46,A,5c:62:8b:66:67:d2"
1791489246.680,"B,69095,10,b2:db:ca:e6:29:a6,56,2,0,0,-27,S,5c:62:8b:66:67:d2"
1791489246.680,"B,69195,10,46:88:44:6e:4f:e4,5251,8,0,0,-28,S,5c:62:8b:66:67:d2"
1791489246.680,"B,69195,10,5c:62:8b:66:67:d2,350,1,5419,14,-45,A,5c:62:8b:66:67:d2"
1791489246.680,"B,69195,10,72:3b:01:24:b7:c8,112,4,350,1,-21,S,5c:62:8b:66:67:d2"
1791489246.680,"B,69195,10,b2:db:ca:e6:29:a6,56,2,0,0,-27,S,5c:62:8b:66:67:d2"
1791489246.880,"B,69295,10,46:88:44:6e:4f:e4,5255,8,0,0,-28,S,5c:62:8b:66:67:d2"
1791489246.880,"B,69295,10,5c:62:8b:66:67:d2,700,2,5395,13,-45,A,5c:62:8b:66:67:d2"
1791489246.880,"B,69295,10,72:3b:01:24:b7:c8,112,4,700,2,-21,S,5c:62:8b:66:67:d2"
1791489246.880,"B,69295,10,b2:db:ca:e6:29:a6,28,1,0,0,-29,S,5c:62:8b:66:67:d2"
1791489246.880,"B,69395,10,46:88:44:6e:4f:e4,350,1,0,0,-29,S,5c:62:8b:66:67:d2"
1791489246.880,"B,69395,10,5c:62:8b:66:67:d2,0,0,378,2,-45,A,5c:62:8b:66:67:d2"
1791489246.880,"B,69395,10,b2:db:ca:e6:29:a6,28,1,0,0,-27,S,5c:62:8b:66:67:d2"
1791489247.080,"B,69495,10,46:88:44:6e:4f:e4,6997,13,0,0,-29,S,5c:62:8b:66:67:d2"
1791489247.080,"B,69495,10,5c:62:8b:66:67:d2,0,0,7165,19,-46,A,5c:62:8b:66:67:d2"
1791489247.080,"B,69495,10,72:3b:01:24:b7:c8,112,4,0,0,-21,S,5c:62:8b:66:67:d2"
1791489247.080,"B,69495,10,b2:db:ca:e6:29:a6,56,2,0,0,-29,S,5c:62:8b:66:67:d2"
1791489247.080,"B,69595,10,46:88:44:6e:4f:e4,5271,8,0,0,-29,S,5c:62:8b:66:67:d2"
1791489247.080,"B,69595,10,5c:62:8b:66:67:d2,0,0,5355,11,-46,A,5c:62:8b:66:67:d2"
1791489247.080,"B,69595,10,72:3b:01:24:b7:c8,28,1,0,0,-21,S,5c:62:8b:66:67:d2"
1791489247.080,"B,69595,10,b2:db:ca:e6:29:a6,56,2,0,0,-27,S,5c:62:8b:66:67:d2"
1791489247.281,"B,69695,10,46:88:44:6e:4f:e4,5467,8,0,0,-29,S,5c:62:8b:66:67:d2"
1791489247.281,"B,69695,10,5c:62:8b:66:67:d2,0,0,5495,9,-46,A,5c:62:8b:66:67:d2"
1791489247.281,"B,69695,10,b2:db:ca:e6:29:a6,28,1,0,0,-27,S,5c:62:8b:66:67:d2"
1791489247.281,"B,69795,10,46:88:44:6e:4f:e4,5299,8,0,0,-29,S,5c:62:8b:66:67:d2"
1791489247.281,"B,69795,10,5c:62:8b:66:67:d2,700,2,5467,14,-45,A,5c:62:8b:66:67:d2"
1791489247.281,"B,69795,10,72:3b:01:24:b7:c8,112,4,700,2,-21,S,5c:62:8b:66:67:d2"
1791489247.281,"B,69795,10,b2:db:ca:e6:29:a6,56,2,0,0,-27,S,5c:62:8b:66:67:d2"
1791489247.483,"B,69895,10,46:88:44:6e:4f:e4,6176,8,0,0,-29,S,5c:62:8b:66:67:d2"
1791489247.483,"B,69895,10,5c:62:8b:66:67:d2,0,0,6456,18,-45,A,5c:62:8b:66:67:d2"
1791489247.483,"B,69895,10,72:3b:01:24:b7:c8,224,8,0,0,-21,S,5c:62:8b:66:67:d2"
1791489247.483,"B,69895,10,b2:db:ca:e6:29:a6,56,2,0,0,-27,S,5c:62:8b:66:67:d2"
1791489247.483,"B,69995,10,46:88:44:6e:4f:e4,2278,7,0,0,-29,S,5c:62:8b:66:67:d2"
1791489247.483,"B,69995,10,5c:62:8b:66:67:d2,0,0,2502,15,-46,A,5c:62:8b:66:67:d2"
1791489247.483,"B,69995,10,72:3b:01:24:b7:c8,196,7,0,0,-21,S,5c:62:8b:66:67:d2"
1791489247.483,"B,69995,10,b2:db:ca:e6:29:a6,28,1,0,0,-28,S,5c:62:8b:66:67:d2"
1791489247.683,"B,70095,10,46:88:44:6e:4f:e4,5689,9,0,0,-29,S,5c:62:8b:66:67:d2"
1791489247.683,"B,70095,10,5c:62:8b:66:67:d2,0,0,5801,13,-46,A,5c:62:8b:66:67:d2"
1791489247.683,"B,70095,10,72:3b:01:24:b7:c8,56,2,0,0,-21,S,5c:62:8b:66:67:d2"
1791489247.683,"B,70095,10,b2:db:ca:e6:29:a6,56,2,0,0,-26,S,5c:62:8b:66:67:d2"
1791489247.683,"I,70113,stat,rx=13550,drops=0,ch=10,bin=100,hop=0,heap=203056"
1791489247.683,"B,70195,10,46:88:44:6e:4f:e4,5303,8,0,0,-29,S,5c:62:8b:66:67:d2"
1791489247.683,"B,70195,10,5c:62:8b:66:67:d2,0,0,5499,15,-46,A,5c:62:8b:66:67:d2"
1791489247.683,"B,70195,10,72:3b:01:24:b7:c8,140,5,0,0,-21,S,5c:62:8b:66:67:d2"
1791489247.683,"B,70195,10,b2:db:ca:e6:29:a6,56,2,0,0,-27,S,5c:62:8b:66:67:d2"
1791489247.884,"B,70295,10,46:88:44:6e:4f:e4,5371,8,0,0,-30,S,5c:62:8b:66:67:d2"
1791489247.884,"B,70295,10,5c:62:8b:66:67:d2,5693,8,5539,14,-46,A,5c:62:8b:66:67:d2"
1791489247.884,"B,70295,10,72:3b:01:24:b7:c8,112,4,5693,8,-21,S,5c:62:8b:66:67:d2"
1791489247.884,"B,70295,10,b2:db:ca:e6:29:a6,56,2,0,0,-26,S,5c:62:8b:66:67:d2"
1791489247.884,"B,70395,10,78:8c:b5:f5:e7:26,276,1,0,0,-74,A,78:8c:b5:f5:e7:26"
1791489247.884,"B,70395,10,46:88:44:6e:4f:e4,5343,8,0,0,-29,S,5c:62:8b:66:67:d2"
1791489247.884,"B,70395,10,5c:62:8b:66:67:d2,0,0,5371,9,-46,A,5c:62:8b:66:67:d2"
1791489247.884,"B,70395,10,b2:db:ca:e6:29:a6,28,1,0,0,-29,S,5c:62:8b:66:67:d2"
1791489248.086,"B,70495,10,46:88:44:6e:4f:e4,1078,4,0,0,-28,S,5c:62:8b:66:67:d2"
1791489248.086,"B,70495,10,5c:62:8b:66:67:d2,0,0,1218,9,-47,A,5c:62:8b:66:67:d2"
1791489248.086,"B,70495,10,72:3b:01:24:b7:c8,112,4,0,0,-21,S,5c:62:8b:66:67:d2"
1791489248.086,"B,70495,10,b2:db:ca:e6:29:a6,28,1,0,0,-26,S,5c:62:8b:66:67:d2"
1791489248.086,"B,70595,10,46:88:44:6e:4f:e4,6645,12,0,0,-30,S,5c:62:8b:66:67:d2"
1791489248.086,"B,70595,10,5c:62:8b:66:67:d2,0,0,6813,18,-46,A,5c:62:8b:66:67:d2"
1791489248.086,"B,70595,10,72:3b:01:24:b7:c8,140,5,0,0,-21,S,5c:62:8b:66:67:d2"
1791489248.086,"B,70595,10,b2:db:ca:e6:29:a6,28,1,0,0,-28,S,5c:62:8b:66:67:d2"
1791489248.288,"B,70695,10,46:88:44:6e:4f:e4,2850,6,0,0,-29,S,5c:62:8b:66:67:d2"
1791489248.288,"B,70695,10,5c:62:8b:66:67:d2,0,0,2878,7,-46,A,5c:62:8b:66:67:d2"
1791489248.288,"B,70695,10,72:3b:01:24:b7:c8,28,1,0,0,-21,S,5c:62:8b:66:67:d2"
1791489248.288,"B,70795,10,46:88:44:6e:4f:e4,10465,12,0,0,-30,S,5c:62:8b:66:67:d2"
1791489248.288,"B,70795,10,5c:62:8b:66:67:d2,11760,17,10605,17,-46,A,5c:62:8b:66:67:d2"
1791489248.288,"B,70795,10,72:3b:01:24:b7:c8,84,3,11760,17,-21,S,5c:62:8b:66:67:d2"
1791489248.288,"B,70795,10,b2:db:ca:e6:29:a6,56,2,0,0,-27,S,5c:62:8b:66:67:d2"
1791489248.490,"B,70895,10,46:88:44:6e:4f:e4,5415,8,0,0,-30,S,5c:62:8b:66:67:d2"
1791489248.490,"B,70895,10,5c:62:8b:66:67:d2,0,0,5583,14,-46,A,5c:62:8b:66:67:d2"
1791489248.490,"B,70895,10,72:3b:01:24:b7:c8,140,5,0,0,-21,S,5c:62:8b:66:67:d2"
1791489248.490,"B,70895,10,b2:db:ca:e6:29:a6,28,1,0,0,-25,S,5c:62:8b:66:67:d2"
1791489248.490,"B,70995,10,46:88:44:6e:4f:e4,7157,13,0,0,-30,S,5c:62:8b:66:67:d2"
1791489248.490,"B,70995,10,5c:62:8b:66:67:d2,0,0,7353,20,-46,A,5c:62:8b:66:67:d2"
1791489248.490,"B,70995,10,72:3b:01:24:b7:c8,112,4,0,0,-21,S,5c:62:8b:66:67:d2"
1791489248.490,"B,70995,10,b2:db:ca:e6:29:a6,84,3,0,0,-28,S,5c:62:8b:66:67:d2"
1791489248.693,"B,71095,10,46:88:44:6e:4f:e4,10231,11,0,0,-29,S,5c:62:8b:66:67:d2"
1791489248.693,"B,71095,10,5c:62:8b:66:67:d2,82,1,11796,18,-48,A,5c:62:8b:66:67:d2"
1791489248.693,"B,71095,10,72:3b:01:24:b7:c8,112,4,82,1,-21,S,5c:62:8b:66:67:d2"
1791489248.693,"B,71095,10,b2:db:ca:e6:29:a6,1453,3,0,0,-26,S,5c:62:8b:66:67:d2"
1791489248.693,"B,71195,10,46:88:44:6e:4f:e4,700,2,0,0,-29,S,5c:62:8b:66:67:d2"
1791489248.693,"B,71195,10,5c:62:8b:66:67:d2,0,0,896,9,-47,A,5c:62:8b:66:67:d2"
1791489248.693,"B,71195,10,72:3b:01:24:b7:c8,168,6,0,0,-21,S,5c:62:8b:66:67:d2"
1791489248.693,"B,71195,10,b2:db:ca:e6:29:a6,28,1,0,0,-28,S,5c:62:8b:66:67:d2"
1791489248.895,"B,71295,10,46:88:44:6e:4f:e4,4985,7,0,0,-29,S,5c:62:8b:66:67:d2"
1791489248.895,"B,71295,10,5c:62:8b:66:67:d2,0,0,5041,9,-46,A,5c:62:8b:66:67:d2"
1791489248.895,"B,71295,10,b2:db:ca:e6:29:a6,56,2,0,0,-27,S,5c:62:8b:66:67:d2"
1791489248.895,"B,71395,10,46:88:44:6e:4f:e4,5467,8,0,0,-29,S,5c:62:8b:66:67:d2"
1791489248.895,"B,71395,10,5c:62:8b:66:67:d2,0,0,5747,18,-46,A,5c:62:8b:66:67:d2"
1791489248.895,"B,71395,10,72:3b:01:24:b7:c8,224,8,0,0,-21,S,5c:62:8b:66:67:d2"
1791489248.895,"B,71395,10,b2:db:ca:e6:29:a6,56,2,0,0,-26,S,5c:62:8b:66:67:d2"
1791489249.099,"B,71495,10,a6:4c:bd:b6:c7:99,236,2,0,0,-89,S,78:8c:b5:f5:e7:26"
1791489249.099,"B,71495,10,78:8c:b5:f5:e7:26,0,0,236,2,-74,A,78:8c:b5:f5:e7:26"
1791489249.099,"B,71495,10,46:88:44:6e:4f:e4,10143,11,0,0,-29,S,5c:62:8b:66:67:d2"
1791489249.099,"B,71495,10,5c:62:8b:66:67:d2,0,0,10227,14,-45,A,5c:62:8b:66:67:d2"
1791489249.099,"B,71495,10,72:3b:01:24:b7:c8,28,1,0,0,-21,S,5c:62:8b:66:67:d2"
1791489249.099,"B,71495,10,b2:db:ca:e6:29:a6,56,2,0,0,-27,S,5c:62:8b:66:67:d2"
1791489249.099,"M,71514,slot,10,0"
1791489249.099,"B,71595,10,46:88:44:6e:4f:e4,4969,7,0,0,-29,S,5c:62:8b:66:67:d2"
1791489249.099,"B,71595,10,5c:62:8b:66:67:d2,0,0,5025,9,-45,A,5c:62:8b:66:67:d2"
1791489249.099,"B,71595,10,b2:db:ca:e6:29:a6,56,2,0,0,-28,S,5c:62:8b:66:67:d2"
1791489249.301,"B,71695,10,46:88:44:6e:4f:e4,3627,6,0,0,-28,S,5c:62:8b:66:67:d2"
1791489249.301,"B,71695,10,5c:62:8b:66:67:d2,350,1,3739,10,-46,A,5c:62:8b:66:67:d2"
1791489249.301,"B,71695,10,72:3b:01:24:b7:c8,112,4,350,1,-21,S,5c:62:8b:66:67:d2"
1791489249.301,"B,71795,10,a6:4c:bd:b6:c7:99,106,1,0,0,-88,S,78:8c:b5:f5:e7:26"
1791489249.301,"B,71795,10,78:8c:b5:f5:e7:26,0,0,106,1,-75,A,78:8c:b5:f5:e7:26"
1791489249.301,"B,71795,10,46:88:44:6e:4f:e4,3588,4,0,0,-29,S,5c:62:8b:66:67:d2"
1791489249.301,"B,71795,10,5c:62:8b:66:67:d2,0,0,3644,6,-46,A,5c:62:8b:66:67:d2"
1791489249.301,"B,71795,10,b2:db:ca:e6:29:a6,56,2,0,0,-28,S,5c:62:8b:66:67:d2"
1791489249.506,"B,71895,10,a6:4c:bd:b6:c7:99,675,5,0,0,-87,S,78:8c:b5:f5:e7:26"
1791489249.506,"B,71895,10,78:8c:b5:f5:e7:26,0,0,675,5,-75,A,78:8c:b5:f5:e7:26"
1791489249.506,"B,71895,10,46:88:44:6e:4f:e4,5005,7,0,0,-28,S,5c:62:8b:66:67:d2"
1791489249.506,"B,71895,10,5c:62:8b:66:67:d2,0,0,5061,9,-46,A,5c:62:8b:66:67:d2"
1791489249.506,"B,71895,10,b2:db:ca:e6:29:a6,56,2,0,0,-28,S,5c:62:8b:66:67:d2"
1791489249.506,"B,71995,10,a6:4c:bd:b6:c7:99,289,2,0,0,-87,S,78:8c:b5:f5:e7:26"
1791489249.506,"B,71995,10,78:8c:b5:f5:e7:26,0,0,289,2,-75,A,78:8c:b5:f5:e7:26"
1791489249.506,"B,71995,10,46:88:44:6e:4f:e4,5825,9,0,0,-28,S,5c:62:8b:66:67:d2"
1791489249.506,"B,71995,10,5c:62:8b:66:67:d2,0,0,6161,21,-48,A,5c:62:8b:66:67:d2"
1791489249.506,"B,71995,10,72:3b:01:24:b7:c8,252,9,0,0,-21,S,5c:62:8b:66:67:d2"
1791489249.506,"B,71995,10,b2:db:ca:e6:29:a6,84,3,0,0,-27,S,5c:62:8b:66:67:d2"
1791489249.708,"B,72095,10,a6:4c:bd:b6:c7:99,114,1,0,0,-86,S,78:8c:b5:f5:e7:26"
1791489249.708,"B,72095,10,78:8c:b5:f5:e7:26,0,0,114,1,-75,A,78:8c:b5:f5:e7:26"
1791489249.708,"B,72095,10,46:88:44:6e:4f:e4,5423,8,0,0,-29,S,5c:62:8b:66:67:d2"
1791489249.708,"B,72095,10,5c:62:8b:66:67:d2,0,0,5507,11,-46,A,5c:62:8b:66:67:d2"
1791489249.708,"B,72095,10,72:3b:01:24:b7:c8,28,1,0,0,-21,S,5c:62:8b:66:67:d2"
1791489249.708,"B,72095,10,b2:db:ca:e6:29:a6,56,2,0,0,-27,S,5c:62:8b:66:67:d2"
1791489249.708,"B,72195,10,a6:4c:bd:b6:c7:99,835,3,0,0,-86,S,78:8c:b5:f5:e7:26"
1791489249.708,"B,72195,10,78:8c:b5:f5:e7:26,0,0,835,3,-74,A,78:8c:b5:f5:e7:26"
1791489249.708,"B,72195,10,46:88:44:6e:4f:e4,5271,8,0,0,-29,S,5c:62:8b:66:67:d2"
1791489249.708,"B,72195,10,5c:62:8b:66:67:d2,0,0,5299,9,-46,A,5c:62:8b:66:67:d2"
1791489249.708,"B,72195,10,b2:db:ca:e6:29:a6,28,1,0,0,-29,S,5c:62:8b:66:67:d2"
1791489249.914,"B,72295,10,46:88:44:6e:4f:e4,2121,5,0,0,-29,S,5c:62:8b:66:67:d2"
1791489249.914,"B,72295,10,5c:62:8b:66:67:d2,0,0,2373,14,-46,A,5c:62:8b:66:67:d2"
1791489249.914,"B,72295,10,72:3b:01:24:b7:c8,196,7,0,0,-21,S,5c:62:8b:66:67:d2"
1791489249.914,"B,72295,10,b2:db:ca:e6:29:a6,56,2,0,0,-28,S,5c:62:8b:66:67:d2"
1791489249.914,"B,72395,10,a6:4c:bd:b6:c7:99,106,1,0,0,-84,S,78:8c:b5:f5:e7:26"
1791489249.914,"B,72395,10,78:8c:b5:f5:e7:26,0,0,106,1,-74,A,78:8c:b5:f5:e7:26"
1791489249.914,"B,72395,10,46:88:44:6e:4f:e4,4272,6,0,0,-29,S,5c:62:8b:66:67:d2"
1791489249.914,"B,72395,10,5c:62:8b:66:67:d2,0,0,4328,8,-46,A,5c:62:8b:66:67:d2"
1791489249.914,"B,72395,10,b2:db:ca:e6:29:a6,56,2,0,0,-28,S,5c:62:8b:66:67:d2"
1791489250.117,"B,72495,10,46:88:44:6e:4f:e4,5247,7,0,0,-29,S,5c:62:8b:66:67:d2"
1791489250.117,"B,72495,10,5c:62:8b:66:67:d2,0,0,5387,12,-46,A,5c:62:8b:66:67:d2"
1791489250.117,"B,72495,10,72:3b:01:24:b7:c8,84,3,0,0,-22,S,5c:62:8b:66:67:d2"
1791489250.117,"B,72495,10,b2:db:ca:e6:29:a6,56,2,0,0,-28,S,5c:62:8b:66:67:d2"
1791489250.117,"B,72595,10,78:8c:b5:f5:e7:26,80,1,0,0,-77,A,78:8c:b5:f5:e7:26"
1791489250.117,"B,72595,10,46:88:44:6e:4f:e4,5395,8,0,0,-29,S,5c:62:8b:66:67:d2"
1791489250.117,"B,72595,10,5c:62:8b:66:67:d2,0,0,5535,13,-46,A,5c:62:8b:66:67:d2"
1791489250.117,"B,72595,10,72:3b:01:24:b7:c8,112,4,0,0,-22,S,5c:62:8b:66:67:d2"
1791489250.117,"B,72595,10,b2:db:ca:e6:29:a6,28,1,0,0,-27,S,5c:62:8b:66:67:d2"
1791489250.320,"B,72695,10,a6:4c:bd:b6:c7:99,220,2,0,0,-89,S,78:8c:b5:f5:e7:26"
1791489250.320,"B,72695,10,78:8c:b5:f5:e7:26,0,0,220,2,-73,A,78:8c:b5:f5:e7:26"
1791489250.320,"B,72695,10,46:88:44:6e:4f:e4,5713,9,0,0,-29,S,5c:62:8b:66:67:d2"
1791489250.320,"B,72695,10,5c:62:8b:66:67:d2,0,0,5825,13,-45,A,5c:62:8b:66:67:d2"
1791489250.320,"B,72695,10,b2:db:ca:e6:29:a6,112,4,0,0,-28,S,5c:62:8b:66:67:d2"
1791489250.320,"B,72795,10,a6:4c:bd:b6:c7:99,282,3,0,0,-88,S,78:8c:b5:f5:e7:26"
1791489250.320,"B,72795,10,78:8c:b5:f5:e7:26,0,0,282,3,-74,A,78:8c:b5:f5:e7:26"
1791489250.320,"B,72795,10,46:88:44:6e:4f:e4,5335,8,0,0,-29,S,5c:62:8b:66:67:d2"
1791489250.320,"B,72795,10,5c:62:8b:66:67:d2,0,0,5447,12,-46,A,5c:62:8b:66:67:d2"
1791489250.320,"B,72795,10,72:3b:01:24:b7:c8,112,4,0,0,-22,S,5c:62:8b:66:67:d2"
1791489250.525,"B,72895,10,46:88:44:6e:4f:e4,1078,4,0,0,-29,S,5c:62:8b:66:67:d2"
1791489250.525,"B,72895,10,5c:62:8b:66:67:d2,0,0,1190,8,-47,A,5c:62:8b:66:67:d2"
1791489250.525,"B,72895,10,72:3b:01:24:b7:c8,56,2,0,0,-22,S,5c:62:8b:66:67:d2"
1791489250.525,"B,72895,10,b2:db:ca:e6:29:a6,56,2,0,0,-27,S,5c:62:8b:66:67:d2"
1791489250.525,"B,72995,10,46:88:44:6e:4f:e4,6285,10,0,0,-29,S,5c:62:8b:66:67:d2"
1791489250.525,"B,72995,10,5c:62:8b:66:67:d2,0,0,6397,14,-46,A,5c:62:8b:66:67:d2"
1791489250.525,"B,72995,10,72:3b:01:24:b7:c8,56,2,0,0,-22,S,5c:62:8b:66:67:d2"
1791489250.525,"B,72995,10,b2:db:ca:e6:29:a6,56,2,0,0,-27,S,5c:62:8b:66:67:d2"
1791489250.730,"B,73095,10,46:88:44:6e:4f:e4,5255,8,0,0,-28,S,5c:62:8b:66:67:d2"
1791489250.730,"B,73095,10,5c:62:8b:66:67:d2,0,0,5451,15,-46,A,5c:62:8b:66:67:d2"
1791489250.730,"B,73095,10,72:3b:01:24:b7:c8,112,4,0,0,-22,S,5c:62:8b:66:67:d2"
1791489250.730,"B,73095,10,b2:db:ca:e6:29:a6,84,3,0,0,-28,S,5c:62:8b:66:67:d2"
1791489250.730,"B,73195,10,46:88:44:6e:4f:e4,7804,10,0,0,-28,S,5c:62:8b:66:67:d2"
1791489250.730,"B,73195,10,5c:62:8b:66:67:d2,0,0,7888,13,-46,A,5c:62:8b:66:67:d2"
1791489250.730,"B,73195,10,72:3b:01:24:b7:c8,56,2,0,0,-22,S,5c:62:8b:66:67:d2"
1791489250.730,"B,73195,10,b2:db:ca:e6:29:a6,28,1,0,0,-27,S,5c:62:8b:66:67:d2"
1791489250.935,"B,73295,10,46:88:44:6e:4f:e4,5105,7,0,0,-28,S,5c:62:8b:66:67:d2"
1791489250.935,"B,73295,10,5c:62:8b:66:67:d2,0,0,5161,9,-46,A,5c:62:8b:66:67:d2"
1791489250.935,"B,73295,10,b2:db:ca:e6:29:a6,56,2,0,0,-27,S,5c:62:8b:66:67:d2"
1791489250.935,"B,73395,10,46:88:44:6e:4f:e4,4759,6,0,0,-29,S,5c:62:8b:66:67:d2"
1791489250.935,"B,73395,10,5c:62:8b:66:67:d2,0,0,4899,11,-47,A,5c:62:8b:66:67:d2"
1791489250.935,"B,73395,10,72:3b:01:24:b7:c8,84,3,0,0,-22,S,5c:62:8b:66:67:d2"
1791489250.935,"B,73395,10,b2:db:ca:e6:29:a6,56,2,0,0,-29,S,5c:62:8b:66:67:d2"
1791489251.141,"B,73495,10,46:88:44:6e:4f:e4,1078,4,0,0,-29,S,5c:62:8b:66:67:d2"
1791489251.141,"B,73495,10,5c:62:8b:66:67:d2,0,0,1246,10,-46,A,5c:62:8b:66:67:d2"
1791489251.141,"B,73495,10,72:3b:01:24:b7:c8,112,4,0,0,-22,S,5c:62:8b:66:67:d2"
1791489251.141,"B,73495,10,b2:db:ca:e6:29:a6,56,2,0,0,-28,S,5c:62:8b:66:67:d2"
1791489251.141,"B,73595,10,46:88:44:6e:4f:e4,10208,10,138,1,-29,S,5c:62:8b:66:67:d2"
1791489251.141,"B,73595,10,5c:62:8b:66:67:d2,138,1,10208,10,-46,A,5c:62:8b:66:67:d2"
1791489251.341,"B,73695,10,46:88:44:6e:4f:e4,5431,8,0,0,-29,S,5c:62:8b:66:67:d2"
1791489251.341,"B,73695,10,5c:62:8b:66:67:d2,0,0,5599,14,-46,A,5c:62:8b:66:67:d2"
1791489251.341,"B,73695,10,72:3b:01:24:b7:c8,56,2,0,0,-22,S,5c:62:8b:66:67:d2"
1791489251.341,"B,73695,10,b2:db:ca:e6:29:a6,112,4,0,0,-28,S,5c:62:8b:66:67:d2"
1791489251.341,"B,73795,10,46:88:44:6e:4f:e4,5167,8,0,0,-29,S,5c:62:8b:66:67:d2"
1791489251.341,"B,73795,10,5c:62:8b:66:67:d2,0,0,5363,15,-46,A,5c:62:8b:66:67:d2"
1791489251.341,"B,73795,10,72:3b:01:24:b7:c8,140,5,0,0,-21,S,5c:62:8b:66:67:d2"
1791489251.341,"B,73795,10,b2:db:ca:e6:29:a6,56,2,0,0,-27,S,5c:62:8b:66:67:d2"
1791489251.545,"B,73895,10,46:88:44:6e:4f:e4,5263,8,0,0,-29,S,5c:62:8b:66:67:d2"
1791489251.545,"B,73895,10,5c:62:8b:66:67:d2,0,0,5347,11,-46,A,5c:62:8b:66:67:d2"
1791489251.545,"B,73895,10,72:3b:01:24:b7:c8,56,2,0,0,-21,S,5c:62:8b:66:67:d2"
1791489251.545,"B,73895,10,b2:db:ca:e6:29:a6,28,1,0,0,-28,S,5c:62:8b:66:67:d2"
1791489251.545,"B,73995,10,46:88:44:6e:4f:e4,6511,8,0,0,-29,S,5c:62:8b:66:67:d2"
1791489251.545,"B,73995,10,5c:62:8b:66:67:d2,0,0,6679,14,-46,A,5c:62:8b:66:67:d2"
1791489251.545,"B,73995,10,72:3b:01:24:b7:c8,140,5,0,0,-22,S,5c:62:8b:66:67:d2"
1791489251.545,"B,73995,10,b2:db:ca:e6:29:a6,28,1,0,0,-27,S,5c:62:8b:66:67:d2"
1791489251.748,"B,74095,10,46:88:44:6e:4f:e4,1078,4,0,0,-29,S,5c:62:8b:66:67:d2"
1791489251.748,"B,74095,10,5c:62:8b:66:67:d2,0,0,1246,10,-47,A,5c:62:8b:66:67:d2"
1791489251.748,"B,74095,10,72:3b:01:24:b7:c8,112,4,0,0,-21,S,5c:62:8b:66:67:d2"
1791489251.748,"B,74095,10,b2:db:ca:e6:29:a6,56,2,0,0,-27,S,5c:62:8b:66:67:d2"
1791489251.748,"B,74195,10,46:88:44:6e:4f:e4,5105,6,0,0,-29,S,5c:62:8b:66:67:d2"
1791489251.748,"B,74195,10,5c:62:8b:66:67:d2,0,0,5273,12,-46,A,5c:62:8b:66:67:d2"
1791489251.748,"B,74195,10,72:3b:01:24:b7:c8,112,4,0,0,-22,S,5c:62:8b:66:67:d2"
1791489251.748,"B,74195,10,b2:db:ca:e6:29:a6,56,2,0,0,-27,S,5c:62:8b:66:67:d2"
1791489251.951,"B,74295,10,46:88:44:6e:4f:e4,12809,13,0,0,-29,S,5c:62:8b:66:67:d2"
1791489251.951,"B,74295,10,5c:62:8b:66:67:d2,0,0,12837,14,-46,A,5c:62:8b:66:67:d2"
1791489251.951,"B,74295,10,b2:db:ca:e6:29:a6,28,1,0,0,-27,S,5c:62:8b:66:67:d2"
1791489251.951,"B,74395,10,46:88:44:6e:4f:e4,350,1,0,0,-29,S,5c:62:8b:66:67:d2"
1791489251.951,"B,74395,10,5c:62:8b:66:67:d2,0,0,518,7,-46,A,5c:62:8b:66:67:d2"
1791489251.951,"B,74395,10,72:3b:01:24:b7:c8,112,4,0,0,-21,S,5c:62:8b:66:67:d2"
1791489251.951,"B,74395,10,b2:db:ca:e6:29:a6,56,2,0,0,-27,S,5c:62:8b:66:67:d2"
1791489252.156,"B,74495,10,46:88:44:6e:4f:e4,10030,13,0,0,-28,S,5c:62:8b:66:67:d2"
1791489252.156,"B,74495,10,5c:62:8b:66:67:d2,0,0,10170,18,-45,A,5c:62:8b:66:67:d2"
1791489252.156,"B,74495,10,72:3b:01:24:b7:c8,84,3,0,0,-21,S,5c:62:8b:66:67:d2"
1791489252.156,"B,74495,10,b2:db:ca:e6:29:a6,56,2,0,0,-28,S,5c:62:8b:66:67:d2"
1791489252.156,"B,74595,10,46:88:44:6e:4f:e4,6167,10,0,0,-28,S,5c:62:8b:66:67:d2"
1791489252.156,"B,74595,10,5c:62:8b:66:67:d2,0,0,6195,11,0,A,5c:62:8b:66:67:d2"
1791489252.156,"B,74595,10,b2:db:ca:e6:29:a6,28,1,0,0,-27,S,5c:62:8b:66:67:d2"
1791489252.357,"B,74695,10,46:88:44:6e:4f:e4,1106,5,0,0,-27,S,5c:62:8b:66:67:d2"
1791489252.357,"B,74695,10,5c:62:8b:66:67:d2,3150,9,1218,9,-46,A,5c:62:8b:66:67:d2"
1791489252.357,"B,74695,10,72:3b:01:24:b7:c8,84,3,3150,9,-21,S,5c:62:8b:66:67:d2"
1791489252.357,"B,74695,10,b2:db:ca:e6:29:a6,28,1,0,0,-29,S,5c:62:8b:66:67:d2"
1791489252.357,"B,74795,10,46:88:44:6e:4f:e4,5531,8,0,0,-29,S,5c:62:8b:66:67:d2"
1791489252.357,"B,74795,10,5c:62:8b:66:67:d2,0,0,5587,10,-47,A,5c:62:8b:66:67:d2"
1791489252.357,"B,74795,10,b2:db:ca:e6:29:a6,56,2,0,0,-27,S,5c:62:8b:66:67:d2"
1791489252.562,"B,74895,10,46:88:44:6e:4f:e4,5241,6,0,0,-30,S,5c:62:8b:66:67:d2"
1791489252.562,"B,74895,10,5c:62:8b:66:67:d2,0,0,5297,8,-47,A,5c:62:8b:66:67:d2"
1791489252.562,"B,74895,10,b2:db:ca:e6:29:a6,56,2,0,0,-27,S,5c:62:8b:66:67:d2"
1791489252.562,"B,74995,10,46:88:44:6e:4f:e4,2651,6,0,0,-31,S,5c:62:8b:66:67:d2"
1791489252.562,"B,74995,10,5c:62:8b:66:67:d2,0,0,3043,20,-47,A,5c:62:8b:66:67:d2"
1791489252.562,"B,74995,10,72:3b:01:24:b7:c8,336,12,0,0,-21,S,5c:62:8b:66:67:d2"
1791489252.562,"B,74995,10,b2:db:ca:e6:29:a6,56,2,0,0,-27,S,5c:62:8b:66:67:d2"
1791489252.767,"B,75095,10,46:88:44:6e:4f:e4,6053,9,0,0,-30,S,5c:62:8b:66:67:d2"
1791489252.767,"B,75095,10,5c:62:8b:66:67:d2,0,0,6165,13,-49,A,5c:62:8b:66:67:d2"
1791489252.767,"B,75095,10,72:3b:01:24:b7:c8,112,4,0,0,-22,S,5c:62:8b:66:67:d2"
1791489252.767,"I,75115,stat,rx=14387,drops=0,ch=10,bin=100,hop=0,heap=203056"
1791489252.767,"B,75195,10,46:88:44:6e:4f:e4,5655,8,0,0,-31,S,5c:62:8b:66:67:d2"
1791489252.767,"B,75195,10,5c:62:8b:66:67:d2,0,0,5683,9,-49,A,5c:62:8b:66:67:d2"
1791489252.767,"B,75195,10,b2:db:ca:e6:29:a6,28,1,0,0,-27,S,5c:62:8b:66:67:d2"
1791489252.968,"B,75295,10,78:8c:b5:f5:e7:26,128,1,0,0,-74,A,78:8c:b5:f5:e7:26"
1791489252.968,"B,75295,10,46:88:44:6e:4f:e4,1078,4,0,0,-30,S,5c:62:8b:66:67:d2"
1791489252.968,"B,75295,10,5c:62:8b:66:67:d2,0,0,1274,11,-51,A,5c:62:8b:66:67:d2"
1791489252.968,"B,75295,10,72:3b:01:24:b7:c8,112,4,0,0,-21,S,5c:62:8b:66:67:d2"
1791489252.968,"B,75295,10,b2:db:ca:e6:29:a6,84,3,0,0,-26,S,5c:62:8b:66:67:d2"
1791489252.968,"B,75395,10,46:88:44:6e:4f:e4,5539,7,0,0,-29,S,5c:62:8b:66:67:d2"
1791489252.968,"B,75395,10,5c:62:8b:66:67:d2,0,0,5595,9,-50,A,5c:62:8b:66:67:d2"
1791489252.968,"B,75395,10,72:3b:01:24:b7:c8,56,2,0,0,-21,S,5c:62:8b:66:67:d2"
1791489253.169,"B,75495,10,46:88:44:6e:4f:e4,9695,10,0,0,-29,S,5c:62:8b:66:67:d2"
1791489253.169,"B,75495,10,5c:62:8b:66:67:d2,0,0,9779,13,-52,A,5c:62:8b:66:67:d2"
1791489253.169,"B,75495,10,b2:db:ca:e6:29:a6,84,3,0,0,-26,S,5c:62:8b:66:67:d2"
1791489253.169,"B,75595,10,46:88:44:6e:4f:e4,6557,11,0,0,-28,S,5c:62:8b:66:67:d2"
1791489253.169,"B,75595,10,5c:62:8b:66:67:d2,0,0,6781,19,-51,A,5c:62:8b:66:67:d2"
1791489253.169,"B,75595,10,72:3b:01:24:b7:c8,168,6,0,0,-22,S,5c:62:8b:66:67:d2"
1791489253.169,"B,75595,10,b2:db:ca:e6:29:a6,56,2,0,0,-25,S,5c:62:8b:66:67:d2"
1791489253.372,"B,75695,10,46:88:44:6e:4f:e4,6699,8,0,0,-28,S,5c:62:8b:66:67:d2"
1791489253.372,"B,75695,10,5c:62:8b:66:67:d2,0,0,6783,11,-48,A,5c:62:8b:66:67:d2"
1791489253.372,"B,75695,10,72:3b:01:24:b7:c8,28,1,0,0,-21,S,5c:62:8b:66:67:d2"
1791489253.372,"B,75695,10,b2:db:ca:e6:29:a6,56,2,0,0,-26,S,5c:62:8b:66:67:d2"
1791489253.372,"B,75795,10,46:88:44:6e:4f:e4,5663,8,0,0,-27,S,5c:62:8b:66:67:d2"
1791489253.372,"B,75795,10,5c:62:8b:66:67:d2,0,0,5831,14,-51,A,5c:62:8b:66:67:d2"
1791489253.372,"B,75795,10,b2:db:ca:e6:29:a6,168,6,0,0,-25,S,5c:62:8b:66:67:d2"
1791489253.574,"B,75895,10,46:88:44:6e:4f:e4,1050,3,0,0,-28,S,5c:62:8b:66:67:d2"
1791489253.574,"B,75895,10,5c:62:8b:66:67:d2,0,0,1246,10,-48,A,5c:62:8b:66:67:d2"
1791489253.574,"B,75895,10,72:3b:01:24:b7:c8,112,4,0,0,-21,S,5c:62:8b:66:67:d2"
1791489253.574,"B,75895,10,b2:db:ca:e6:29:a6,84,3,0,0,-27,S,5c:62:8b:66:67:d2"
1791489253.574,"B,75995,10,46:88:44:6e:4f:e4,10661,12,0,0,-28,S,5c:62:8b:66:67:d2"
1791489253.574,"B,75995,10,5c:62:8b:66:67:d2,0,0,10969,23,-49,A,5c:62:8b:66:67:d2"
1791489253.574,"B,75995,10,72:3b:01:24:b7:c8,252,9,0,0,-21,S,5c:62:8b:66:67:d2"
1791489253.574,"B,75995,10,b2:db:ca:e6:29:a6,56,2,0,0,-27,S,5c:62:8b:66:67:d2"
1791489253.574,"B,76095,10,a6:4c:bd:b6:c7:99,30,1,0,0,-88,S,78:8c:b5:f5:e7:26"
1791489253.574,"B,76095,10,78:8c:b5:f5:e7:26,0,0,30,1,-74,A,78:8c:b5:f5:e7:26"
1791489253.774,"B,76095,10,46:88:44:6e:4f:e4,6645,11,0,0,-28,S,5c:62:8b:66:67:d2"
1791489253.774,"B,76095,10,5c:62:8b:66:67:d2,0,0,6701,13,-49,A,5c:62:8b:66:67:d2"
1791489253.774,"B,76095,10,b2:db:ca:e6:29:a6,56,2,0,0,-28,S,5c:62:8b:66:67:d2"
1791489253.774,"B,76195,10,46:88:44:6e:4f:e4,10849,13,0,0,-29,S,5c:62:8b:66:67:d2"
1791489253.774,"B,76195,10,5c:62:8b:66:67:d2,0,0,11045,20,-49,A,5c:62:8b:66:67:d2"
1791489253.774,"B,76195,10,72:3b:01:24:b7:c8,112,4,0,0,-21,S,5c:62:8b:66:67:d2"
1791489253.774,"B,76195,10,b2:db:ca:e6:29:a6,84,3,0,0,-26,S,5c:62:8b:66:67:d2"
1791489253.975,"B,76295,10,46:88:44:6e:4f:e4,8603,10,0,0,-29,S,5c:62:8b:66:67:d2"
1791489253.975,"B,76295,10,5c:62:8b:66:67:d2,0,0,8715,14,-50,A,5c:62:8b:66:67:d2"
1791489253.975,"B,76295,10,72:3b:01:24:b7:c8,56,2,0,0,-21,S,5c:62:8b:66:67:d2"
1791489253.975,"B,76295,10,b2:db:ca:e6:29:a6,56,2,0,0,-26,S,5c:62:8b:66:67:d2"
1791489253.975,"B,76395,10,46:88:44:6e:4f:e4,3277,5,0,0,-29,S,5c:62:8b:66:67:d2"
1791489253.975,"B,76395,10,5c:62:8b:66:67:d2,0,0,3445,11,-49,A,5c:62:8b:66:67:d2"
1791489253.975,"B,76395,10,72:3b:01:24:b7:c8,140,5,0,0,-22,S,5c:62:8b:66:67:d2"
1791489253.975,"B,76395,10,b2:db:ca:e6:29:a6,28,1,0,0,-27,S,5c:62:8b:66:67:d2"
1791489254.176,"B,76495,10,46:88:44:6e:4f:e4,1050,3,0,0,-29,S,5c:62:8b:66:67:d2"
1791489254.176,"B,76495,10,5c:62:8b:66:67:d2,0,0,1162,7,-50,A,5c:62:8b:66:67:d2"
1791489254.176,"B,76495,10,72:3b:01:24:b7:c8,56,2,0,0,-22,S,5c:62:8b:66:67:d2"
1791489254.176,"B,76495,10,b2:db:ca:e6:29:a6,56,2,0,0,-26,S,5c:62:8b:66:67:d2"
1791489254.176,"M,76575,slot,11,1"
1791489254.176,"B,76595,10,a6:4c:bd:b6:c7:99,30,1,0,0,-89,S,78:8c:b5:f5:e7:26"
1791489254.176,"B,76595,10,78:8c:b5:f5:e7:26,80,1,30,1,-76,A,78:8c:b5:f5:e7:26"
1791489254.176,"B,76595,10,46:88:44:6e:4f:e4,5547,8,0,0,-29,S,5c:62:8b:66:67:d2"
1791489254.176,"B,76595,10,5c:62:8b:66:67:d2,0,0,5603,10,-51,A,5c:62:8b:66:67:d2"
1791489254.176,"B,76595,10,b2:db:ca:e6:29:a6,56,2,0,0,-26,S,5c:62:8b:66:67:d2"
1791489254.376,"B,76695,10,a6:4c:bd:b6:c7:99,30,1,0,0,-88,S,78:8c:b5:f5:e7:26"
1791489254.376,"B,76695,10,78:8c:b5:f5:e7:26,0,0,30,1,-74,A,78:8c:b5:f5:e7:26"
1791489254.376,"B,76695,10,46:88:44:6e:4f:e4,7705,10,0,0,-29,S,5c:62:8b:66:67:d2"
1791489254.376,"B,76695,10,5c:62:8b:66:67:d2,0,0,7845,15,-51,A,5c:62:8b:66:67:d2"
1791489254.376,"B,76695,10,72:3b:01:24:b7:c8,84,3,0,0,-22,S,5c:62:8b:66:67:d2"
1791489254.376,"B,76695,10,b2:db:ca:e6:29:a6,56,2,0,0,-27,S,5c:62:8b:66:67:d2"
1791489254.376,"B,76795,10,46:88:44:6e:4f:e4,5937,9,0,0,-29,S,5c:62:8b:66:67:d2"
1791489254.376,"B,76795,10,5c:62:8b:66:67:d2,0,0,6021,12,-50,A,5c:62:8b:66:67:d2"
1791489254.376,"B,76795,10,72:3b:01:24:b7:c8,56,2,0,0,-22,S,5c:62:8b:66:67:d2"
1791489254.376,"B,76795,10,b2:db:ca:e6:29:a6,28,1,0,0,-25,S,5c:62:8b:66:67:d2"
1791489254.376,"B,76895,10,46:88:44:6e:4f:e4,5651,8,0,0,-29,S,5c:62:8b:66:67:d2"
1791489254.376,"B,76895,10,5c:62:8b:66:67:d2,82,1,5763,12,-54,A,5c:62:8b:66:67:d2"
1791489254.376,"B,76895,10,72:3b:01:24:b7:c8,0,0,82,1,0,S,5c:62:8b:66:67:d2"
1791489254.577,"B,76895,10,b2:db:ca:e6:29:a6,112,4,0,0,-26,S,5c:62:8b:66:67:d2"
1791489254.577,"B,76995,10,46:88:44:6e:4f:e4,11091,14,0,0,-29,S,5c:62:8b:66:67:d2"
1791489254.577,"B,76995,10,5c:62:8b:66:67:d2,0,0,11287,21,-50,A,5c:62:8b:66:67:d2"
1791489254.577,"B,76995,10,72:3b:01:24:b7:c8,112,4,0,0,-22,S,5c:62:8b:66:67:d2"
1791489254.577,"B,76995,10,b2:db:ca:e6:29:a6,84,3,0,0,-27,S,5c:62:8b:66:67:d2"
1791489254.577,"B,77095,10,46:88:44:6e:4f:e4,1106,5,0,0,-26,S,5c:62:8b:66:67:d2"
1791489254.577,"B,77095,10,5c:62:8b:66:67:d2,1050,3,1218,9,-48,A,5c:62:8b:66:67:d2"
1791489254.577,"B,77095,10,72:3b:01:24:b7:c8,56,2,1050,3,-21,S,5c:62:8b:66:67:d2"
1791489254.577,"B,77095,10,b2:db:ca:e6:29:a6,56,2,0,0,-26,S,5c:62:8b:66:67:d2"
1791489254.777,"B,77195,10,46:88:44:6e:4f:e4,5543,7,0,0,-29,S,5c:62:8b:66:67:d2"
1791489254.777,"B,77195,10,5c:62:8b:66:67:d2,0,0,5711,13,-50,A,5c:62:8b:66:67:d2"
1791489254.777,"B,77195,10,72:3b:01:24:b7:c8,112,4,0,0,-22,S,5c:62:8b:66:67:d2"
1791489254.777,"B,77195,10,b2:db:ca:e6:29:a6,56,2,0,0,-27,S,5c:62:8b:66:67:d2"
1791489254.777,"B,77295,10,a6:4c:bd:b6:c7:99,30,1,0,0,-88,S,78:8c:b5:f5:e7:26"
1791489254.777,"B,77295,10,78:8c:b5:f5:e7:26,276,1,30,1,-76,A,78:8c:b5:f5:e7:26"
1791489254.777,"B,77295,10,46:88:44:6e:4f:e4,8603,10,0,0,-28,S,5c:62:8b:66:67:d2"
1791489254.777,"B,77295,10,5c:62:8b:66:67:d2,0,0,8687,13,-48,A,5c:62:8b:66:67:d2"
1791489254.777,"B,77295,10,72:3b:01:24:b7:c8,56,2,0,0,-21,S,5c:62:8b:66:67:d2"
1791489254.977,"B,77295,10,b2:db:ca:e6:29:a6,28,1,0,0,-26,S,5c:62:8b:66:67:d2"
1791489254.977,"B,77395,10,46:88:44:6e:4f:e4,5519,8,0,0,-28,S,5c:62:8b:66:67:d2"
1791489254.977,"B,77395,10,5c:62:8b:66:67:d2,0,0,5687,14,-48,A,5c:62:8b:66:67:d2"
1791489254.977,"B,77395,10,72:3b:01:24:b7:c8,112,4,0,0,-22,S,5c:62:8b:66:67:d2"
1791489254.977,"B,77395,10,b2:db:ca:e6:29:a6,56,2,0,0,-26,S,5c:62:8b:66:67:d2"
1791489254.977,"B,77495,10,a6:4c:bd:b6:c7:99,30,1,0,0,-89,S,78:8c:b5:f5:e7:26"
1791489255.177,"B,77495,10,78:8c:b5:f5:e7:26,0,0,30,1,-75,A,78:8c:b5:f5:e7:26"
1791489255.177,"B,77495,10,46:88:44:6e:4f:e4,6717,11,0,0,-29,S,5c:62:8b:66:67:d2"
1791489255.177,"B,77495,10,5c:62:8b:66:67:d2,0,0,6885,17,-51,A,5c:62:8b:66:67:d2"
1791489255.177,"B,77495,10,72:3b:01:24:b7:c8,112,4,0,0,-22,S,5c:62:8b:66:67:d2"
1791489255.177,"B,77495,10,b2:db:ca:e6:29:a6,56,2,0,0,-27,S,5c:62:8b:66:67:d2"
1791489255.177,"B,77595,10,78:8c:b5:f5:e7:26,80,1,0,0,-80,A,78:8c:b5:f5:e7:26"
1791489255.177,"B,77595,10,46:88:44:6e:4f:e4,5643,8,0,0,-29,S,5c:62:8b:66:67:d2"
1791489255.177,"B,77595,10,5c:62:8b:66:67:d2,0,0,5755,12,-51,A,5c:62:8b:66:67:d2"
1791489255.177,"B,77595,10,72:3b:01:24:b7:c8,56,2,0,0,-21,S,5c:62:8b:66:67:d2"
1791489255.177,"B,77595,10,b2:db:ca:e6:29:a6,56,2,0,0,-27,S,5c:62:8b:66:67:d2"
1791489255.177,"B,77695,10,a6:4c:bd:b6:c7:99,30,1,0,0,-87,S,78:8c:b5:f5:e7:26"
1791489255.177,"B,77695,10,78:8c:b5:f5:e7:26,0,0,30,1,-75,A,78:8c:b5:f5:e7:26"
1791489255.177,"B,77695,10,46:88:44:6e:4f:e4,6271,10,0,0,-29,S,5c:62:8b:66:67:d2"
1791489255.177,"B,77695,10,5c:62:8b:66:67:d2,0,0,6439,16,-51,A,5c:62:8b:66:67:d2"
1791489255.177,"B,77695,10,72:3b:01:24:b7:c8,112,4,0,0,-21,S,5c:62:8b:66:67:d2"
1791489255.377,"B,77695,10,b2:db:ca:e6:29:a6,56,2,0,0,-25,S,5c:62:8b:66:67:d2"
1791489255.377,"B,77795,10,46:88:44:6e:4f:e4,1050,3,0,0,-31,S,5c:62:8b:66:67:d2"
1791489255.377,"B,77795,10,5c:62:8b:66:67:d2,0,0,1078,4,-50,A,5c:62:8b:66:67:d2"
1791489255.377,"B,77795,10,72:3b:01:24:b7:c8,28,1,0,0,-21,S,5c:62:8b:66:67:d2"
1791489255.377,"B,77895,10,a6:4c:bd:b6:c7:99,30,1,0,0,-88,S,78:8c:b5:f5:e7:26"
1791489255.377,"B,77895,10,78:8c:b5:f5:e7:26,0,0,30,1,-75,A,78:8c:b5:f5:e7:26"
1791489255.377,"B,77895,10,46:88:44:6e:4f:e4,4165,7,0,0,-32,S,5c:62:8b:66:67:d2"
1791489255.377,"B,77895,10,5c:62:8b:66:67:d2,0,0,4193,8,-48,A,5c:62:8b:66:67:d2"
1791489255.578,"B,77895,10,b2:db:ca:e6:29:a6,28,1,0,0,-27,S,5c:62:8b:66:67:d2"
1791489255.578,"B,77995,10,46:88:44:6e:4f:e4,5759,8,0,0,-31,S,5c:62:8b:66:67:d2"
1791489255.578,"B,77995,10,5c:62:8b:66:67:d2,0,0,6319,28,-46,A,5c:62:8b:66:67:d2"
1791489255.578,"B,77995,10,72:3b:01:24:b7:c8,420,15,0,0,-21,S,5c:62:8b:66:67:d2"
1791489255.578,"B,77995,10,b2:db:ca:e6:29:a6,140,5,0,0,-26,S,5c:62:8b:66:67:d2"
1791489255.578,"B,78095,10,a6:4c:bd:b6:c7:99,152,1,0,0,-89,S,78:8c:b5:f5:e7:26"
1791489255.578,"B,78095,10,78:8c:b5:f5:e7:26,0,0,152,1,-75,A,78:8c:b5:f5:e7:26"
1791489255.778,"B,78095,10,46:88:44:6e:4f:e4,5743,8,0,0,-30,S,5c:62:8b:66:67:d2"
1791489255.778,"B,78095,10,5c:62:8b:66:67:d2,0,0,5883,13,-47,A,5c:62:8b:66:67:d2"
1791489255.778,"B,78095,10,72:3b:01:24:b7:c8,112,4,0,0,-21,S,5c:62:8b:66:67:d2"
1791489255.778,"B,78095,10,b2:db:ca:e6:29:a6,28,1,0,0,-28,S,5c:62:8b:66:67:d2"
1791489255.778,"B,78195,10,46:88:44:6e:4f:e4,6623,10,0,0,-30,S,5c:62:8b:66:67:d2"
1791489255.778,"B,78195,10,5c:62:8b:66:67:d2,0,0,6679,12,-47,A,5c:62:8b:66:67:d2"
1791489255.778,"B,78195,10,b2:db:ca:e6:29:a6,56,2,0,0,-27,S,5c:62:8b:66:67:d2"
1791489255.778,"B,78295,10,a6:4c:bd:b6:c7:99,30,1,0,0,-87,S,78:8c:b5:f5:e7:26"
1791489255.778,"B,78295,10,78:8c:b5:f5:e7:26,0,0,30,1,-74,A,78:8c:b5:f5:e7:26"
1791489255.778,"B,78295,10,46:88:44:6e:4f:e4,1050,3,0,0,-31,S,5c:62:8b:66:67:d2"
1791489255.978,"B,78295,10,5c:62:8b:66:67:d2,0,0,1246,10,-48,A,5c:62:8b:66:67:d2"
1791489255.978,"B,78295,10,72:3b:01:24:b7:c8,140,5,0,0,-21,S,5c:62:8b:66:67:d2"
1791489255.978,"B,78295,10,b2:db:ca:e6:29:a6,56,2,0,0,-25,S,5c:62:8b:66:67:d2"
1791489255.978,"B,78395,10,46:88:44:6e:4f:e4,5711,9,0,0,-31,S,5c:62:8b:66:67:d2"
1791489255.978,"B,78395,10,5c:62:8b:66:67:d2,0,0,5739,10,-47,A,5c:62:8b:66:67:d2"
1791489255.978,"B,78395,10,b2:db:ca:e6:29:a6,28,1,0,0,-27,S,5c:62:8b:66:67:d2"
1791489255.978,"B,78495,10,a6:4c:bd:b6:c7:99,30,1,0,0,-88,S,78:8c:b5:f5:e7:26"
1791489255.978,"B,78495,10,78:8c:b5:f5:e7:26,0,0,30,1,-74,A,78:8c:b5:f5:e7:26"
1791489255.978,"B,78495,10,46:88:44:6e:4f:e4,6025,9,0,0,-29,S,5c:62:8b:66:67:d2"
1791489255.978,"B,78495,10,5c:62:8b:66:67:d2,0,0,6053,10,-48,A,5c:62:8b:66:67:d2"
1791489255.978,"B,78495,10,b2:db:ca:e6:29:a6,28,1,0,0,-29,S,5c:62:8b:66:67:d2"
1791489256.178,"B,78595,10,46:88:44:6e:4f:e4,7677,10,0,0,-30,S,5c:62:8b:66:67:d2"
1791489256.178,"B,78595,10,5c:62:8b:66:67:d2,0,0,7873,17,-48,A,5c:62:8b:66:67:d2"
1791489256.178,"B,78595,10,72:3b:01:24:b7:c8,140,5,0,0,-21,S,5c:62:8b:66:67:d2"
1791489256.178,"B,78595,10,b2:db:ca:e6:29:a6,56,2,0,0,-27,S,5c:62:8b:66:67:d2"
1791489256.178,"B,78695,10,46:88:44:6e:4f:e4,5707,8,138,1,-29,S,5c:62:8b:66:67:d2"
1791489256.178,"B,78695,10,5c:62:8b:66:67:d2,138,1,5763,10,-49,A,5c:62:8b:66:67:d2"
1791489256.178,"B,78695,10,b2:db:ca:e6:29:a6,56,2,0,0,-27,S,5c:62:8b:66:67:d2"
1791489256.379,"B,78795,10,a6:4c:bd:b6:c7:99,30,1,0,0,-88,S,78:8c:b5:f5:e7:26"
1791489256.379,"B,78795,10,78:8c:b5:f5:e7:26,0,0,30,1,-74,A,78:8c:b5:f5:e7:26"
1791489256.379,"B,78795,10,46:88:44:6e:4f:e4,5753,9,0,0,-30,S,5c:62:8b:66:67:d2"
1791489256.379,"B,78795,10,5c:62:8b:66:67:d2,0,0,5809,11,-50,A,5c:62:8b:66:67:d2"
1791489256.379,"B,78795,10,b2:db:ca:e6:29:a6,56,2,0,0,-28,S,5c:62:8b:66:67:d2"
1791489256.379,"B,78895,10,46:88:44:6e:4f:e4,1078,4,0,0,-30,S,5c:62:8b:66:67:d2"
1791489256.379,"B,78895,10,5c:62:8b:66:67:d2,0,0,1330,13,0,A,5c:62:8b:66:67:d2"
1791489256.379,"B,78895,10,72:3b:01:24:b7:c8,196,7,0,0,-21,S,5c:62:8b:66:67:d2"
1791489256.379,"B,78895,10,b2:db:ca:e6:29:a6,56,2,0,0,-28,S,5c:62:8b:66:67:d2"
1791489256.580,"B,78995,10,46:88:44:6e:4f:e4,8225,8,0,0,-30,S,5c:62:8b:66:67:d2"
1791489256.580,"B,78995,10,5c:62:8b:66:67:d2,0,0,8309,11,-52,A,5c:62:8b:66:67:d2"
1791489256.580,"B,78995,10,72:3b:01:24:b7:c8,28,1,0,0,-21,S,5c:62:8b:66:67:d2"
1791489256.580,"B,78995,10,b2:db:ca:e6:29:a6,56,2,0,0,-28,S,5c:62:8b:66:67:d2"
1791489256.580,"B,79095,10,46:88:44:6e:4f:e4,5623,8,0,0,-30,S,5c:62:8b:66:67:d2"
1791489256.580,"B,79095,10,5c:62:8b:66:67:d2,0,0,5679,10,-51,A,5c:62:8b:66:67:d2"
1791489256.580,"B,79095,10,b2:db:ca:e6:29:a6,56,2,0,0,-30,S,5c:62:8b:66:67:d2"
1791489256.781,"B,79195,10,46:88:44:6e:4f:e4,5623,8,0,0,-30,S,5c:62:8b:66:67:d2"
1791489256.781,"B,79195,10,5c:62:8b:66:67:d2,0,0,5819,15,-51,A,5c:62:8b:66:67:d2"
1791489256.781,"B,79195,10,72:3b:01:24:b7:c8,168,6,0,0,-21,S,5c:62:8b:66:67:d2"
1791489256.781,"B,79195,10,b2:db:ca:e6:29:a6,28,1,0,0,-28,S,5c:62:8b:66:67:d2"
1791489256.781,"B,79295,10,46:88:44:6e:4f:e4,5695,8,0,0,-30,S,5c:62:8b:66:67:d2"
1791489256.781,"B,79295,10,5c:62:8b:66:67:d2,0,0,5779,11,-52,A,5c:62:8b:66:67:d2"
1791489256.781,"B,79295,10,72:3b:01:24:b7:c8,28,1,0,0,-21,S,5c:62:8b:66:67:d2"
1791489256.781,"B,79295,10,b2:db:ca:e6:29:a6,56,2,0,0,-28,S,5c:62:8b:66:67:d2"
1791489256.982,"B,79395,10,46:88:44:6e:4f:e4,6009,9,0,0,-30,S,5c:62:8b:66:67:d2"
1791489256.982,"B,79395,10,5c:62:8b:66:67:d2,0,0,6037,10,-51,A,5c:62:8b:66:67:d2"
1791489256.982,"B,79395,10,b2:db:ca:e6:29:a6,28,1,0,0,-30,S,5c:62:8b:66:67:d2"
1791489256.982,"B,79495,10,46:88:44:6e:4f:e4,1078,4,0,0,-30,S,5c:62:8b:66:67:d2"
1791489256.982,"B,79495,10,5c:62:8b:66:67:d2,0,0,1162,7,-52,A,5c:62:8b:66:67:d2"
1791489256.982,"B,79495,10,72:3b:01:24:b7:c8,56,2,0,0,-21,S,5c:62:8b:66:67:d2"
1791489256.982,"B,79495,10,b2:db:ca:e6:29:a6,28,1,0,0,-28,S,5c:62:8b:66:67:d2"
1791489257.184,"B,79595,10,46:88:44:6e:4f:e4,5555,7,0,0,-30,S,5c:62:8b:66:67:d2"
1791489257.184,"B,79595,10,5c:62:8b:66:67:d2,0,0,5583,8,-51,A,5c:62:8b:66:67:d2"
1791489257.184,"B,79595,10,b2:db:ca:e6:29:a6,28,1,0,0,-28,S,5c:62:8b:66:67:d2"
1791489257.184,"B,79695,10,46:88:44:6e:4f:e4,5735,8,0,0,-30,S,5c:62:8b:66:67:d2"
1791489257.184,"B,79695,10,5c:62:8b:66:67:d2,0,0,5763,9,-52,A,5c:62:8b:66:67:d2"
1791489257.184,"B,79695,10,72:3b:01:24:b7:c8,28,1,0,0,-21,S,5c:62:8b:66:67:d2"
1791489257.387,"B,79795,10,46:88:44:6e:4f:e4,7341,9,0,0,-29,S,5c:62:8b:66:67:d2"
1791489257.387,"B,79795,10,5c:62:8b:66:67:d2,0,0,7453,13,-51,A,5c:62:8b:66:67:d2"
1791489257.387,"B,79795,10,72:3b:01:24:b7:c8,112,4,0,0,-21,S,5c:62:8b:66:67:d2"
1791489257.387,"B,79895,10,46:88:44:6e:4f:e4,5855,8,0,0,-29,S,5c:62:8b:66:67:d2"
1791489257.387,"B,79895,10,5c:62:8b:66:67:d2,0,0,5855,8,-51,A,5c:62:8b:66:67:d2"
1791489257.591,"B,79995,10,46:88:44:6e:4f:e4,5839,8,0,0,-29,S,5c:62:8b:66:67:d2"
1791489257.591,"B,79995,10,5c:62:8b:66:67:d2,0,0,6147,19,-51,A,5c:62:8b:66:67:d2"
1791489257.591,"B,79995,10,72:3b:01:24:b7:c8,308,11,0,0,-21,S,5c:62:8b:66:67:d2"
1791489257.591,"B,80095,10,46:88:44:6e:4f:e4,1050,3,0,0,-30,S,5c:62:8b:66:67:d2"
1791489257.591,"B,80095,10,5c:62:8b:66:67:d2,0,0,1190,8,-50,A,5c:62:8b:66:67:d2"
1791489257.591,"B,80095,10,72:3b:01:24:b7:c8,140,5,0,0,-21,S,5c:62:8b:66:67:d2"
1791489257.794,"I,80117,stat,rx=15252,drops=0,ch=10,bin=100,hop=0,heap=203056"
1791489257.794,"B,80195,10,46:88:44:6e:4f:e4,6281,9,0,0,-30,S,5c:62:8b:66:67:d2"
1791489257.794,"B,80195,10,5c:62:8b:66:67:d2,0,0,6393,13,-51,A,5c:62:8b:66:67:d2"
1791489257.794,"B,80195,10,72:3b:01:24:b7:c8,112,4,0,0,-21,S,5c:62:8b:66:67:d2"
1791489257.794,"B,80295,10,46:88:44:6e:4f:e4,5867,8,0,0,-30,S,5c:62:8b:66:67:d2"
1791489257.794,"B,80295,10,5c:62:8b:66:67:d2,0,0,5951,11,-50,A,5c:62:8b:66:67:d2"
1791489257.794,"B,80295,10,72:3b:01:24:b7:c8,84,3,0,0,-21,S,5c:62:8b:66:67:d2"
1791489257.997,"B,80395,10,46:88:44:6e:4f:e4,5855,8,0,0,-30,S,5c:62:8b:66:67:d2"
1791489257.997,"B,80395,10,5c:62:8b:66:67:d2,0,0,5995,13,-51,A,5c:62:8b:66:67:d2"
1791489257.997,"B,80395,10,72:3b:01:24:b7:c8,140,5,0,0,-21,S,5c:62:8b:66:67:d2"
1791489257.997,"B,80495,10,a6:4c:bd:b6:c7:99,318,3,0,0,-87,S,78:8c:b5:f5:e7:26"
1791489257.997,"B,80495,10,78:8c:b5:f5:e7:26,0,0,318,3,-73,A,78:8c:b5:f5:e7:26"
1791489257.997,"B,80495,10,46:88:44:6e:4f:e4,5497,7,0,0,-30,S,5c:62:8b:66:67:d2"
1791489257.997,"B,80495,10,5c:62:8b:66:67:d2,0,0,5637,12,-51,A,5c:62:8b:66:67:d2"
1791489257.997,"B,80495,10,72:3b:01:24:b7:c8,112,4,0,0,-21,S,5c:62:8b:66:67:d2"
1791489257.997,"B,80495,10,b2:db:ca:e6:29:a6,28,1,0,0,-28,S,5c:62:8b:66:67:d2"
1791489258.202,"B,80595,10,a6:4c:bd:b6:c7:99,30,1,0,0,-87,S,78:8c:b5:f5:e7:26"
1791489258.202,"B,80595,10,78:8c:b5:f5:e7:26,80,1,30,1,-78,A,78:8c:b5:f5:e7:26"
1791489258.202,"B,80595,10,46:88:44:6e:4f:e4,6649,9,0,0,-30,S,5c:62:8b:66:67:d2"
1791489258.202,"B,80595,10,5c:62:8b:66:67:d2,0,0,6649,9,-51,A,5c:62:8b:66:67:d2"
1791489258.202,"B,80695,10,a6:4c:bd:b6:c7:99,30,1,0,0,-86,S,78:8c:b5:f5:e7:26"
1791489258.202,"B,80695,10,78:8c:b5:f5:e7:26,0,0,30,1,0,A,78:8c:b5:f5:e7:26"
1791489258.202,"B,80695,10,46:88:44:6e:4f:e4,1050,3,0,0,-30,S,5c:62:8b:66:67:d2"
1791489258.202,"B,80695,10,5c:62:8b:66:67:d2,0,0,1218,9,-52,A,5c:62:8b:66:67:d2"
1791489258.202,"B,80695,10,72:3b:01:24:b7:c8,112,4,0,0,-21,S,5c:62:8b:66:67:d2"
1791489258.202,"B,80695,10,b2:db:ca:e6:29:a6,56,2,0,0,-27,S,5c:62:8b:66:67:d2"
1791489258.402,"B,80795,10,a6:4c:bd:b6:c7:99,30,1,0,0,-85,S,78:8c:b5:f5:e7:26"
1791489258.402,"B,80795,10,78:8c:b5:f5:e7:26,0,0,30,1,0,A,78:8c:b5:f5:e7:26"
1791489258.402,"B,80795,10,46:88:44:6e:4f:e4,6970,9,0,0,-30,S,5c:62:8b:66:67:d2"
1791489258.402,"B,80795,10,5c:62:8b:66:67:d2,0,0,7194,17,-52,A,5c:62:8b:66:67:d2"
1791489258.402,"B,80795,10,72:3b:01:24:b7:c8,168,6,0,0,-24,S,5c:62:8b:66:67:d2"
1791489258.402,"B,80795,10,b2:db:ca:e6:29:a6,56,2,0,0,-29,S,5c:62:8b:66:67:d2"
1791489258.402,"B,80895,10,46:88:44:6e:4f:e4,6297,9,0,0,-30,S,5c:62:8b:66:67:d2"
1791489258.402,"B,80895,10,5c:62:8b:66:67:d2,0,0,6353,11,-51,A,5c:62:8b:66:67:d2"
1791489258.402,"B,80895,10,b2:db:ca:e6:29:a6,56,2,0,0,-28,S,5c:62:8b:66:67:d2"
1791489258.607,"B,80995,10,46:88:44:6e:4f:e4,4578,6,0,0,-30,S,5c:62:8b:66:67:d2"
1791489258.607,"B,80995,10,5c:62:8b:66:67:d2,0,0,4718,11,-52,A,5c:62:8b:66:67:d2"
1791489258.607,"B,80995,10,72:3b:01:24:b7:c8,112,4,0,0,-21,S,5c:62:8b:66:67:d2"
1791489258.607,"B,80995,10,b2:db:ca:e6:29:a6,28,1,0,0,-28,S,5c:62:8b:66:67:d2"
1791489258.607,"B,81095,10,46:88:44:6e:4f:e4,5573,7,0,0,-29,S,5c:62:8b:66:67:d2"
1791489258.607,"B,81095,10,5c:62:8b:66:67:d2,0,0,5657,10,-51,A,5c:62:8b:66:67:d2"
1791489258.607,"B,81095,10,b2:db:ca:e6:29:a6,84,3,0,0,-28,S,5c:62:8b:66:67:d2"
1791489258.810,"B,81195,10,a6:4c:bd:b6:c7:99,30,1,0,0,-87,S,78:8c:b5:f5:e7:26"
1791489258.810,"B,81195,10,78:8c:b5:f5:e7:26,0,0,30,1,-73,A,78:8c:b5:f5:e7:26"
1791489258.810,"B,81195,10,46:88:44:6e:4f:e4,5907,8,0,0,-29,S,5c:62:8b:66:67:d2"
1791489258.810,"B,81195,10,5c:62:8b:66:67:d2,0,0,5963,10,-51,A,5c:62:8b:66:67:d2"
1791489258.810,"B,81195,10,b2:db:ca:e6:29:a6,56,2,0,0,-28,S,5c:62:8b:66:67:d2"
1791489258.810,"B,81295,10,46:88:44:6e:4f:e4,1050,3,0,0,-30,S,5c:62:8b:66:67:d2"
1791489258.810,"B,81295,10,5c:62:8b:66:67:d2,0,0,1274,11,-51,A,5c:62:8b:66:67:d2"
1791489258.810,"B,81295,10,72:3b:01:24:b7:c8,168,6,0,0,-21,S,5c:62:8b:66:67:d2"
1791489258.810,"B,81295,10,b2:db:ca:e6:29:a6,56,2,0,0,-28,S,5c:62:8b:66:67:d2"
1791489259.015,"B,81395,10,a6:4c:bd:b6:c7:99,30,1,0,0,-86,S,78:8c:b5:f5:e7:26"
1791489259.015,"B,81395,10,78:8c:b5:f5:e7:26,0,0,30,1,-73,A,78:8c:b5:f5:e7:26"
1791489259.015,"B,81395,10,46:88:44:6e:4f:e4,5899,8,0,0,-29,S,5c:62:8b:66:67:d2"
1791489259.015,"B,81395,10,5c:62:8b:66:67:d2,0,0,6011,12,-51,A,5c:62:8b:66:67:d2"
1791489259.015,"B,81395,10,72:3b:01:24:b7:c8,56,2,0,0,-21,S,5c:62:8b:66:67:d2"
1791489259.015,"B,81395,10,b2:db:ca:e6:29:a6,56,2,0,0,-28,S,5c:62:8b:66:67:d2"
1791489259.015,"B,81495,10,a6:4c:bd:b6:c7:99,30,1,0,0,-86,S,78:8c:b5:f5:e7:26"
1791489259.015,"B,81495,10,78:8c:b5:f5:e7:26,0,0,30,1,-74,A,78:8c:b5:f5:e7:26"
1791489259.015,"B,81495,10,46:88:44:6e:4f:e4,5907,8,0,0,-30,S,5c:62:8b:66:67:d2"
1791489259.015,"B,81495,10,5c:62:8b:66:67:d2,0,0,5935,9,-52,A,5c:62:8b:66:67:d2"
1791489259.015,"B,81495,10,b2:db:ca:e6:29:a6,28,1,0,0,-29,S,5c:62:8b:66:67:d2"
1791489259.217,"B,81595,10,46:88:44:6e:4f:e4,5955,8,0,0,-30,S,5c:62:8b:66:67:d2"
1791489259.217,"B,81595,10,5c:62:8b:66:67:d2,0,0,6179,16,-51,A,5c:62:8b:66:67:d2"
1791489259.217,"B,81595,10,72:3b:01:24:b7:c8,196,7,0,0,-21,S,5c:62:8b:66:67:d2"
1791489259.217,"B,81595,10,b2:db:ca:e6:29:a6,28,1,0,0,-28,S,5c:62:8b:66:67:d2"
1791489259.217,"M,81643,end"
1791489259.217,"B,81695,10,46:88:44:6e:4f:e4,6265,9,0,0,-30,S,5c:62:8b:66:67:d2"
1791489259.217,"B,81695,10,5c:62:8b:66:67:d2,0,0,6321,11,-51,A,5c:62:8b:66:67:d2"
1791489259.217,"B,81695,10,b2:db:ca:e6:29:a6,56,2,0,0,-29,S,5c:62:8b:66:67:d2"
1791489259.421,"B,81795,10,46:88:44:6e:4f:e4,5871,8,0,0,-30,S,5c:62:8b:66:67:d2"
1791489259.421,"B,81795,10,5c:62:8b:66:67:d2,0,0,5955,11,-52,A,5c:62:8b:66:67:d2"
1791489259.421,"B,81795,10,72:3b:01:24:b7:c8,28,1,0,0,-21,S,5c:62:8b:66:67:d2"
1791489259.421,"B,81795,10,b2:db:ca:e6:29:a6,56,2,0,0,-28,S,5c:62:8b:66:67:d2"
1791489259.421,"B,81895,10,46:88:44:6e:4f:e4,1078,4,0,0,-30,S,5c:62:8b:66:67:d2"
1791489259.421,"B,81895,10,5c:62:8b:66:67:d2,0,0,1302,12,-51,A,5c:62:8b:66:67:d2"
1791489259.421,"B,81895,10,72:3b:01:24:b7:c8,168,6,0,0,-21,S,5c:62:8b:66:67:d2"
1791489259.421,"B,81895,10,b2:db:ca:e6:29:a6,56,2,0,0,-28,S,5c:62:8b:66:67:d2"
1791489259.624,"B,81995,10,a6:4c:bd:b6:c7:99,106,1,0,0,-88,S,78:8c:b5:f5:e7:26"
1791489259.624,"B,81995,10,78:8c:b5:f5:e7:26,0,0,106,1,-73,A,78:8c:b5:f5:e7:26"
1791489259.624,"B,81995,10,46:88:44:6e:4f:e4,5879,7,0,0,-30,S,5c:62:8b:66:67:d2"
1791489259.624,"B,81995,10,5c:62:8b:66:67:d2,0,0,6103,15,-51,A,5c:62:8b:66:67:d2"
1791489259.624,"B,81995,10,72:3b:01:24:b7:c8,224,8,0,0,-21,S,5c:62:8b:66:67:d2"
1791489259.624,"B,82095,10,46:88:44:6e:4f:e4,5537,6,0,0,-30,S,5c:62:8b:66:67:d2"
1791489259.624,"B,82095,10,5c:62:8b:66:67:d2,0,0,5649,10,-51,A,5c:62:8b:66:67:d2"
1791489259.624,"B,82095,10,b2:db:ca:e6:29:a6,112,4,0,0,-27,S,5c:62:8b:66:67:d2"
1791489259.827,"B,82195,10,46:88:44:6e:4f:e4,6261,9,0,0,-30,S,5c:62:8b:66:67:d2"
1791489259.827,"B,82195,10,5c:62:8b:66:67:d2,0,0,6429,15,-51,A,5c:62:8b:66:67:d2"
1791489259.827,"B,82195,10,72:3b:01:24:b7:c8,112,4,0,0,-21,S,5c:62:8b:66:67:d2"
1791489259.827,"B,82195,10,b2:db:ca:e6:29:a6,56,2,0,0,-29,S,5c:62:8b:66:67:d2"
1791489259.827,"B,82295,10,46:88:44:6e:4f:e4,5899,8,0,0,-30,S,5c:62:8b:66:67:d2"
1791489259.827,"B,82295,10,5c:62:8b:66:67:d2,0,0,5927,9,-51,A,5c:62:8b:66:67:d2"
1791489259.827,"B,82295,10,b2:db:ca:e6:29:a6,28,1,0,0,-27,S,5c:62:8b:66:67:d2"
1791489260.032,"B,82395,10,46:88:44:6e:4f:e4,7381,9,0,0,-29,S,5c:62:8b:66:67:d2"
1791489260.032,"B,82395,10,5c:62:8b:66:67:d2,0,0,7493,13,-50,A,5c:62:8b:66:67:d2"
1791489260.032,"B,82395,10,72:3b:01:24:b7:c8,56,2,0,0,-21,S,5c:62:8b:66:67:d2"
1791489260.032,"B,82395,10,b2:db:ca:e6:29:a6,56,2,0,0,-29,S,5c:62:8b:66:67:d2"
1791489260.032,"B,82495,10,46:88:44:6e:4f:e4,1078,4,0,0,-28,S,5c:62:8b:66:67:d2"
1791489260.032,"B,82495,10,5c:62:8b:66:67:d2,0,0,1218,9,-51,A,5c:62:8b:66:67:d2"
1791489260.032,"B,82495,10,72:3b:01:24:b7:c8,84,3,0,0,-21,S,5c:62:8b:66:67:d2"
1791489260.032,"B,82495,10,b2:db:ca:e6:29:a6,56,2,0,0,-27,S,5c:62:8b:66:67:d2"
1791489260.234,"B,82595,10,46:88:44:6e:4f:e4,5915,7,0,0,-30,S,5c:62:8b:66:67:d2"
1791489260.234,"B,82595,10,5c:62:8b:66:67:d2,0,0,5999,10,-51,A,5c:62:8b:66:67:d2"
1791489260.234,"B,82595,10,b2:db:ca:e6:29:a6,84,3,0,0,-28,S,5c:62:8b:66:67:d2"
1791489260.234,"B,82695,10,46:88:44:6e:4f:e4,6229,9,0,0,-29,S,5c:62:8b:66:67:d2"
1791489260.234,"B,82695,10,5c:62:8b:66:67:d2,0,0,6397,15,-51,A,5c:62:8b:66:67:d2"
1791489260.234,"B,82695,10,72:3b:01:24:b7:c8,140,5,0,0,-21,S,5c:62:8b:66:67:d2"
1791489260.234,"B,82695,10,b2:db:ca:e6:29:a6,28,1,0,0,-30,S,5c:62:8b:66:67:d2"
