host_time_s,line
1791389726.036,"I,80,boot,spyscan-e2-sniffer,v0.1,transport=usb-serial-jtag"
1791389726.036,"A,97,1,00:eb:d8:38:aa:a8,-85,1511"
1791389726.036,"A,123,1,c4:16:88:9a:06:5c,-80,Marine_Horse"
1791389726.036,"A,161,1,c2:a5:dd:1b:60:3b,-59,MERCURY_603B"
1791389726.036,"A,179,1,cc:d8:43:ca:9f:eb,-80,Xiaomi_DF62"
1791389726.036,"B,180,1,c4:16:88:9a:06:5c,0,0,84,3,-80,A,c4:16:88:9a:06:5c"
1791389726.036,"B,180,1,f4:28:9d:ce:e6:09,84,3,0,0,-84,S,c4:16:88:9a:06:5c"
1791389726.241,"A,274,1,44:df:65:f4:66:07,-84,logovo_SKUFov"
1791389726.241,"B,280,1,c4:16:88:9a:06:5c,0,0,84,3,0,A,c4:16:88:9a:06:5c"
1791389726.241,"B,280,1,f4:28:9d:ce:e6:09,84,3,0,0,-84,S,c4:16:88:9a:06:5c"
1791389726.241,"B,280,1,cc:d8:43:ca:9f:eb,0,0,166,1,-80,A,cc:d8:43:ca:9f:eb"
1791389726.241,"B,280,1,98:5f:41:bf:7c:ff,166,1,0,0,-65,S,cc:d8:43:ca:9f:eb"
1791389726.241,"I,332,reset"
1791389726.241,"I,333,bin,100"
1791389726.241,"I,333,channel,10"
1791389726.241,"B,380,10,b2:db:ca:e6:29:a6,28,1,0,0,-46,S,5c:62:8b:66:67:d2"
1791389726.241,"B,380,10,5c:62:8b:66:67:d2,0,0,140,5,0,A,5c:62:8b:66:67:d2"
1791389726.241,"B,380,10,72:3b:01:24:b7:c8,112,4,0,0,-56,S,5c:62:8b:66:67:d2"
1791389726.241,"A,400,10,5c:62:8b:66:67:d2,-49,TP-Link_67D2"
1791389726.442,"A,446,10,80:af:ca:68:4c:f8,-78,Cudy-4CF8"
1791389726.442,"B,480,10,5c:62:8b:66:67:d2,0,0,28,1,-49,A,5c:62:8b:66:67:d2"
1791389726.442,"B,480,10,72:3b:01:24:b7:c8,28,1,0,0,-56,S,5c:62:8b:66:67:d2"
1791389726.442,"A,556,10,50:ff:20:c0:de:c7,-89,Keenetic-5193"
1791389726.442,"B,580,10,b2:db:ca:e6:29:a6,28,1,0,0,-44,S,5c:62:8b:66:67:d2"
1791389726.442,"B,580,10,5c:62:8b:66:67:d2,0,0,56,2,-49,A,5c:62:8b:66:67:d2"
1791389726.442,"B,580,10,72:3b:01:24:b7:c8,28,1,0,0,-56,S,5c:62:8b:66:67:d2"
1791389726.442,"M,633,baseline"
1791389726.647,"B,680,10,5c:62:8b:66:67:d2,0,0,140,5,-49,A,5c:62:8b:66:67:d2"
1791389726.647,"B,680,10,72:3b:01:24:b7:c8,140,5,0,0,-55,S,5c:62:8b:66:67:d2"
1791389726.647,"B,780,10,b2:db:ca:e6:29:a6,56,2,0,0,-45,S,5c:62:8b:66:67:d2"
1791389726.647,"B,780,10,5c:62:8b:66:67:d2,0,0,280,10,-50,A,5c:62:8b:66:67:d2"
1791389726.647,"B,780,10,72:3b:01:24:b7:c8,224,8,0,0,-52,S,5c:62:8b:66:67:d2"
1791389726.852,"B,880,10,5c:62:8b:66:67:d2,0,0,84,3,-50,A,5c:62:8b:66:67:d2"
1791389726.852,"B,880,10,72:3b:01:24:b7:c8,84,3,0,0,-55,S,5c:62:8b:66:67:d2"
1791389726.852,"B,980,10,b2:db:ca:e6:29:a6,28,1,0,0,-46,S,5c:62:8b:66:67:d2"
1791389726.852,"B,980,10,5c:62:8b:66:67:d2,0,0,140,5,-50,A,5c:62:8b:66:67:d2"
1791389726.852,"B,980,10,72:3b:01:24:b7:c8,112,4,0,0,-55,S,5c:62:8b:66:67:d2"
1791389727.054,"B,1180,10,b2:db:ca:e6:29:a6,56,2,0,0,-46,S,5c:62:8b:66:67:d2"
1791389727.054,"B,1180,10,5c:62:8b:66:67:d2,0,0,168,6,-50,A,5c:62:8b:66:67:d2"
1791389727.054,"B,1180,10,72:3b:01:24:b7:c8,112,4,0,0,-56,S,5c:62:8b:66:67:d2"
1791389727.259,"B,1280,10,b2:db:ca:e6:29:a6,28,1,0,0,-46,S,5c:62:8b:66:67:d2"
1791389727.259,"B,1280,10,5c:62:8b:66:67:d2,0,0,28,1,-51,A,5c:62:8b:66:67:d2"
1791389727.259,"B,1280,10,38:d5:7a:f4:5a:37,30,1,0,0,-94,S,46:fb:cf:a9:f4:22"
1791389727.259,"B,1280,10,46:fb:cf:a9:f4:22,0,0,30,1,0,A,46:fb:cf:a9:f4:22"
1791389727.259,"B,1380,10,b2:db:ca:e6:29:a6,28,1,0,0,-44,S,5c:62:8b:66:67:d2"
1791389727.259,"B,1380,10,5c:62:8b:66:67:d2,0,0,196,7,-49,A,5c:62:8b:66:67:d2"
1791389727.259,"B,1380,10,72:3b:01:24:b7:c8,168,6,0,0,-55,S,5c:62:8b:66:67:d2"
1791389727.259,"B,1380,10,38:d5:7a:f4:5a:37,30,1,0,0,-93,S,46:fb:cf:a9:f4:22"
1791389727.259,"B,1380,10,46:fb:cf:a9:f4:22,0,0,30,1,0,A,46:fb:cf:a9:f4:22"
1791389727.460,"B,1480,10,b2:db:ca:e6:29:a6,28,1,0,0,-46,S,5c:62:8b:66:67:d2"
1791389727.460,"B,1480,10,5c:62:8b:66:67:d2,0,0,28,1,-50,A,5c:62:8b:66:67:d2"
1791389727.460,"B,1580,10,b2:db:ca:e6:29:a6,28,1,0,0,-46,S,5c:62:8b:66:67:d2"
1791389727.460,"B,1580,10,5c:62:8b:66:67:d2,0,0,28,1,-50,A,5c:62:8b:66:67:d2"
1791389727.661,"B,1680,10,5c:62:8b:66:67:d2,0,0,112,4,-51,A,5c:62:8b:66:67:d2"
1791389727.661,"B,1680,10,72:3b:01:24:b7:c8,112,4,0,0,-54,S,5c:62:8b:66:67:d2"
1791389727.661,"B,1780,10,b2:db:ca:e6:29:a6,28,1,0,0,-45,S,5c:62:8b:66:67:d2"
1791389727.661,"B,1780,10,5c:62:8b:66:67:d2,0,0,28,1,-50,A,5c:62:8b:66:67:d2"
1791389727.866,"B,1880,10,5c:62:8b:66:67:d2,0,0,112,4,-51,A,5c:62:8b:66:67:d2"
1791389727.866,"B,1880,10,72:3b:01:24:b7:c8,112,4,0,0,-51,S,5c:62:8b:66:67:d2"
1791389727.866,"B,1980,10,b2:db:ca:e6:29:a6,56,2,0,0,-45,S,5c:62:8b:66:67:d2"
1791389727.866,"B,1980,10,5c:62:8b:66:67:d2,0,0,56,2,-51,A,5c:62:8b:66:67:d2"
1791389728.071,"B,2080,10,b2:db:ca:e6:29:a6,28,1,0,0,-45,S,5c:62:8b:66:67:d2"
1791389728.071,"B,2080,10,5c:62:8b:66:67:d2,0,0,56,2,-50,A,5c:62:8b:66:67:d2"
1791389728.071,"B,2080,10,72:3b:01:24:b7:c8,28,1,0,0,-51,S,5c:62:8b:66:67:d2"
1791389728.071,"B,2180,10,b2:db:ca:e6:29:a6,28,1,0,0,-46,S,5c:62:8b:66:67:d2"
1791389728.071,"B,2180,10,5c:62:8b:66:67:d2,0,0,28,1,-51,A,5c:62:8b:66:67:d2"
1791389728.272,"B,2280,10,5c:62:8b:66:67:d2,0,0,84,3,-49,A,5c:62:8b:66:67:d2"
1791389728.272,"B,2280,10,72:3b:01:24:b7:c8,84,3,0,0,-50,S,5c:62:8b:66:67:d2"
1791389728.272,"B,2380,10,b2:db:ca:e6:29:a6,56,2,0,0,-45,S,5c:62:8b:66:67:d2"
1791389728.272,"B,2380,10,5c:62:8b:66:67:d2,0,0,112,4,-50,A,5c:62:8b:66:67:d2"
1791389728.272,"B,2380,10,72:3b:01:24:b7:c8,56,2,0,0,-50,S,5c:62:8b:66:67:d2"
1791389728.477,"B,2480,10,5c:62:8b:66:67:d2,0,0,84,3,-49,A,5c:62:8b:66:67:d2"
1791389728.477,"B,2480,10,72:3b:01:24:b7:c8,84,3,0,0,-50,S,5c:62:8b:66:67:d2"
1791389728.477,"A,2553,10,b0:a7:b9:23:82:ee,-85,________ __ ________"
1791389728.477,"B,2580,10,b2:db:ca:e6:29:a6,28,1,0,0,-46,S,5c:62:8b:66:67:d2"
1791389728.477,"B,2580,10,5c:62:8b:66:67:d2,0,0,28,1,-50,A,5c:62:8b:66:67:d2"
1791389728.682,"B,2680,10,5c:62:8b:66:67:d2,0,0,112,4,-48,A,5c:62:8b:66:67:d2"
1791389728.682,"B,2680,10,72:3b:01:24:b7:c8,112,4,0,0,-50,S,5c:62:8b:66:67:d2"
1791389728.682,"B,2780,10,5c:62:8b:66:67:d2,0,0,112,4,-50,A,5c:62:8b:66:67:d2"
1791389728.682,"B,2780,10,72:3b:01:24:b7:c8,112,4,0,0,-51,S,5c:62:8b:66:67:d2"
1791389728.887,"B,2880,10,5c:62:8b:66:67:d2,0,0,28,1,-50,A,5c:62:8b:66:67:d2"
1791389728.887,"B,2880,10,72:3b:01:24:b7:c8,28,1,0,0,-51,S,5c:62:8b:66:67:d2"
1791389728.887,"B,2980,10,5c:62:8b:66:67:d2,0,0,112,4,-49,A,5c:62:8b:66:67:d2"
1791389728.887,"B,2980,10,72:3b:01:24:b7:c8,112,4,0,0,-51,S,5c:62:8b:66:67:d2"
1791389729.092,"B,3180,10,5c:62:8b:66:67:d2,0,0,28,1,-50,A,5c:62:8b:66:67:d2"
1791389729.092,"B,3180,10,72:3b:01:24:b7:c8,28,1,0,0,-51,S,5c:62:8b:66:67:d2"
1791389729.297,"B,3380,10,b2:db:ca:e6:29:a6,56,2,0,0,-45,S,5c:62:8b:66:67:d2"
1791389729.297,"B,3380,10,5c:62:8b:66:67:d2,0,0,168,6,-50,A,5c:62:8b:66:67:d2"
1791389729.297,"B,3380,10,72:3b:01:24:b7:c8,112,4,0,0,-51,S,5c:62:8b:66:67:d2"
1791389729.501,"B,3580,10,b2:db:ca:e6:29:a6,168,6,0,0,-45,S,5c:62:8b:66:67:d2"
1791389729.501,"B,3580,10,5c:62:8b:66:67:d2,0,0,280,10,-50,A,5c:62:8b:66:67:d2"
1791389729.501,"B,3580,10,72:3b:01:24:b7:c8,112,4,0,0,-50,S,5c:62:8b:66:67:d2"
1791389729.501,"B,3680,10,b2:db:ca:e6:29:a6,28,1,0,0,-46,S,5c:62:8b:66:67:d2"
1791389729.501,"B,3680,10,5c:62:8b:66:67:d2,0,0,28,1,-49,A,5c:62:8b:66:67:d2"
1791389729.703,"B,3780,10,5c:62:8b:66:67:d2,0,0,112,4,-50,A,5c:62:8b:66:67:d2"
1791389729.703,"B,3780,10,72:3b:01:24:b7:c8,112,4,0,0,-51,S,5c:62:8b:66:67:d2"
1791389729.703,"B,3880,10,5c:62:8b:66:67:d2,0,0,28,1,0,A,5c:62:8b:66:67:d2"
1791389729.703,"B,3880,10,72:3b:01:24:b7:c8,28,1,0,0,-50,S,5c:62:8b:66:67:d2"
1791389729.904,"B,3980,10,5c:62:8b:66:67:d2,0,0,112,4,-50,A,5c:62:8b:66:67:d2"
1791389729.904,"B,3980,10,72:3b:01:24:b7:c8,112,4,0,0,-52,S,5c:62:8b:66:67:d2"
1791389730.107,"B,4280,10,5c:62:8b:66:67:d2,0,0,56,2,-49,A,5c:62:8b:66:67:d2"
1791389730.107,"B,4280,10,72:3b:01:24:b7:c8,56,2,0,0,-51,S,5c:62:8b:66:67:d2"
1791389730.311,"B,4380,10,5c:62:8b:66:67:d2,0,0,84,3,-50,A,5c:62:8b:66:67:d2"
1791389730.311,"B,4380,10,72:3b:01:24:b7:c8,84,3,0,0,-50,S,5c:62:8b:66:67:d2"
1791389730.311,"B,4480,10,5c:62:8b:66:67:d2,0,0,84,3,-50,A,5c:62:8b:66:67:d2"
1791389730.311,"B,4480,10,72:3b:01:24:b7:c8,84,3,0,0,-51,S,5c:62:8b:66:67:d2"
1791389730.516,"B,4680,10,b2:db:ca:e6:29:a6,28,1,0,0,-47,S,5c:62:8b:66:67:d2"
1791389730.516,"B,4680,10,5c:62:8b:66:67:d2,0,0,112,4,-50,A,5c:62:8b:66:67:d2"
1791389730.516,"B,4680,10,72:3b:01:24:b7:c8,84,3,0,0,-50,S,5c:62:8b:66:67:d2"
1791389730.721,"B,4780,10,b2:db:ca:e6:29:a6,112,4,0,0,-45,S,5c:62:8b:66:67:d2"
1791389730.721,"B,4780,10,5c:62:8b:66:67:d2,0,0,252,9,-49,A,5c:62:8b:66:67:d2"
1791389730.721,"B,4780,10,72:3b:01:24:b7:c8,140,5,0,0,-50,S,5c:62:8b:66:67:d2"
1791389730.721,"B,4880,10,b2:db:ca:e6:29:a6,56,2,0,0,-46,S,5c:62:8b:66:67:d2"
1791389730.721,"B,4880,10,5c:62:8b:66:67:d2,0,0,140,5,-51,A,5c:62:8b:66:67:d2"
1791389730.721,"B,4880,10,72:3b:01:24:b7:c8,84,3,0,0,-51,S,5c:62:8b:66:67:d2"
1791389730.926,"B,4980,10,b2:db:ca:e6:29:a6,56,2,0,0,-46,S,5c:62:8b:66:67:d2"
1791389730.926,"B,4980,10,5c:62:8b:66:67:d2,0,0,112,4,-50,A,5c:62:8b:66:67:d2"
1791389730.926,"B,4980,10,72:3b:01:24:b7:c8,56,2,0,0,-51,S,5c:62:8b:66:67:d2"
1791389730.926,"B,5080,10,b2:db:ca:e6:29:a6,28,1,0,0,-47,S,5c:62:8b:66:67:d2"
1791389730.926,"B,5080,10,5c:62:8b:66:67:d2,0,0,112,4,-50,A,5c:62:8b:66:67:d2"
1791389730.926,"B,5080,10,72:3b:01:24:b7:c8,84,3,0,0,-50,S,5c:62:8b:66:67:d2"
1791389730.926,"I,5084,stat,rx=238,drops=0,ch=10,bin=100,hop=0,heap=203064"
1791389731.131,"B,5180,10,b2:db:ca:e6:29:a6,56,2,0,0,-46,S,5c:62:8b:66:67:d2"
1791389731.131,"B,5180,10,5c:62:8b:66:67:d2,0,0,56,2,-49,A,5c:62:8b:66:67:d2"
1791389731.131,"B,5280,10,b2:db:ca:e6:29:a6,56,2,0,0,-47,S,5c:62:8b:66:67:d2"
1791389731.131,"B,5280,10,5c:62:8b:66:67:d2,0,0,112,4,-50,A,5c:62:8b:66:67:d2"
1791389731.131,"B,5280,10,72:3b:01:24:b7:c8,56,2,0,0,-48,S,5c:62:8b:66:67:d2"
1791389731.337,"B,5380,10,b2:db:ca:e6:29:a6,56,2,0,0,-46,S,5c:62:8b:66:67:d2"
1791389731.337,"B,5380,10,5c:62:8b:66:67:d2,0,0,112,4,-49,A,5c:62:8b:66:67:d2"
1791389731.337,"B,5380,10,72:3b:01:24:b7:c8,56,2,0,0,-50,S,5c:62:8b:66:67:d2"
1791389731.337,"B,5480,10,b2:db:ca:e6:29:a6,84,3,0,0,-46,S,5c:62:8b:66:67:d2"
1791389731.337,"B,5480,10,5c:62:8b:66:67:d2,0,0,308,11,-49,A,5c:62:8b:66:67:d2"
1791389731.337,"B,5480,10,72:3b:01:24:b7:c8,224,8,0,0,-50,S,5c:62:8b:66:67:d2"
1791389731.541,"B,5580,10,b2:db:ca:e6:29:a6,28,1,0,0,-47,S,5c:62:8b:66:67:d2"
1791389731.541,"B,5580,10,5c:62:8b:66:67:d2,0,0,28,1,-49,A,5c:62:8b:66:67:d2"
1791389731.541,"B,5680,10,b2:db:ca:e6:29:a6,28,1,0,0,-47,S,5c:62:8b:66:67:d2"
1791389731.541,"B,5680,10,5c:62:8b:66:67:d2,0,0,140,5,-50,A,5c:62:8b:66:67:d2"
1791389731.541,"B,5680,10,72:3b:01:24:b7:c8,112,4,0,0,-50,S,5c:62:8b:66:67:d2"
1791389731.744,"B,5780,10,5c:62:8b:66:67:d2,0,0,56,2,-49,A,5c:62:8b:66:67:d2"
1791389731.744,"B,5780,10,72:3b:01:24:b7:c8,56,2,0,0,-50,S,5c:62:8b:66:67:d2"
1791389731.744,"B,5880,10,5c:62:8b:66:67:d2,0,0,28,1,-51,A,5c:62:8b:66:67:d2"
1791389731.744,"B,5880,10,72:3b:01:24:b7:c8,28,1,0,0,-51,S,5c:62:8b:66:67:d2"
1791389731.744,"B,5880,10,80:af:ca:68:4c:f8,104,1,0,0,-79,A,80:af:ca:68:4c:f8"
1791389731.948,"B,5980,10,5c:62:8b:66:67:d2,175,1,84,3,-50,A,5c:62:8b:66:67:d2"
1791389731.948,"B,5980,10,72:3b:01:24:b7:c8,84,3,0,0,-51,S,5c:62:8b:66:67:d2"
1791389732.151,"B,6180,10,38:d5:7a:f4:5a:37,30,1,0,0,-96,S,46:fb:cf:a9:f4:22"
1791389732.151,"B,6180,10,46:fb:cf:a9:f4:22,0,0,30,1,0,A,46:fb:cf:a9:f4:22"
1791389732.151,"B,6280,10,b2:db:ca:e6:29:a6,28,1,0,0,-45,S,5c:62:8b:66:67:d2"
1791389732.151,"B,6280,10,5c:62:8b:66:67:d2,0,0,28,1,-49,A,5c:62:8b:66:67:d2"
1791389732.151,"B,6280,10,38:d5:7a:f4:5a:37,30,1,0,0,-96,S,46:fb:cf:a9:f4:22"
1791389732.151,"B,6280,10,46:fb:cf:a9:f4:22,0,0,30,1,0,A,46:fb:cf:a9:f4:22"
1791389732.353,"B,6380,10,b2:db:ca:e6:29:a6,56,2,0,0,-46,S,5c:62:8b:66:67:d2"
1791389732.353,"B,6380,10,5c:62:8b:66:67:d2,0,0,140,5,-51,A,5c:62:8b:66:67:d2"
1791389732.353,"B,6380,10,72:3b:01:24:b7:c8,84,3,0,0,-50,S,5c:62:8b:66:67:d2"
1791389732.353,"B,6380,10,38:d5:7a:f4:5a:37,30,1,0,0,-88,S,46:fb:cf:a9:f4:22"
1791389732.353,"B,6380,10,46:fb:cf:a9:f4:22,0,0,30,1,0,A,46:fb:cf:a9:f4:22"
1791389732.353,"B,6480,10,b2:db:ca:e6:29:a6,28,1,0,0,-46,S,5c:62:8b:66:67:d2"
1791389732.353,"B,6480,10,5c:62:8b:66:67:d2,0,0,28,1,-51,A,5c:62:8b:66:67:d2"
1791389732.557,"B,6580,10,5c:62:8b:66:67:d2,0,0,112,4,-49,A,5c:62:8b:66:67:d2"
1791389732.557,"B,6580,10,72:3b:01:24:b7:c8,112,4,0,0,-50,S,5c:62:8b:66:67:d2"
1791389732.557,"B,6680,10,b2:db:ca:e6:29:a6,28,1,0,0,-45,S,5c:62:8b:66:67:d2"
1791389732.557,"B,6680,10,5c:62:8b:66:67:d2,0,0,28,1,-49,A,5c:62:8b:66:67:d2"
1791389732.762,"B,6780,10,b2:db:ca:e6:29:a6,56,2,0,0,-46,S,5c:62:8b:66:67:d2"
1791389732.762,"B,6780,10,5c:62:8b:66:67:d2,0,0,364,13,-49,A,5c:62:8b:66:67:d2"
1791389732.762,"B,6780,10,72:3b:01:24:b7:c8,308,11,0,0,-50,S,5c:62:8b:66:67:d2"
1791389732.762,"B,6880,10,b2:db:ca:e6:29:a6,84,3,0,0,-45,S,5c:62:8b:66:67:d2"
1791389732.762,"B,6880,10,5c:62:8b:66:67:d2,0,0,168,6,-51,A,5c:62:8b:66:67:d2"
1791389732.762,"B,6880,10,72:3b:01:24:b7:c8,84,3,0,0,-51,S,5c:62:8b:66:67:d2"
1791389732.965,"B,6980,10,b2:db:ca:e6:29:a6,56,2,0,0,-47,S,5c:62:8b:66:67:d2"
1791389732.965,"B,6980,10,5c:62:8b:66:67:d2,0,0,112,4,-49,A,5c:62:8b:66:67:d2"
1791389732.965,"B,6980,10,72:3b:01:24:b7:c8,56,2,0,0,-51,S,5c:62:8b:66:67:d2"
1791389733.170,"B,7180,10,b2:db:ca:e6:29:a6,56,2,0,0,-46,S,5c:62:8b:66:67:d2"
1791389733.170,"B,7180,10,5c:62:8b:66:67:d2,0,0,56,2,-50,A,5c:62:8b:66:67:d2"
1791389733.170,"B,7280,10,b2:db:ca:e6:29:a6,56,2,0,0,-46,S,5c:62:8b:66:67:d2"
1791389733.170,"B,7280,10,5c:62:8b:66:67:d2,0,0,84,3,-49,A,5c:62:8b:66:67:d2"
1791389733.170,"B,7280,10,72:3b:01:24:b7:c8,28,1,0,0,-51,S,5c:62:8b:66:67:d2"
1791389733.375,"B,7380,10,b2:db:ca:e6:29:a6,56,2,0,0,-47,S,5c:62:8b:66:67:d2"
1791389733.375,"B,7380,10,5c:62:8b:66:67:d2,0,0,112,4,-50,A,5c:62:8b:66:67:d2"
1791389733.375,"B,7380,10,72:3b:01:24:b7:c8,56,2,0,0,-50,S,5c:62:8b:66:67:d2"
1791389733.375,"B,7480,10,b2:db:ca:e6:29:a6,28,1,0,0,-47,S,5c:62:8b:66:67:d2"
1791389733.375,"B,7480,10,5c:62:8b:66:67:d2,0,0,140,5,-49,A,5c:62:8b:66:67:d2"
1791389733.375,"B,7480,10,72:3b:01:24:b7:c8,112,4,0,0,-50,S,5c:62:8b:66:67:d2"
1791389733.581,"B,7580,10,b2:db:ca:e6:29:a6,56,2,0,0,-46,S,5c:62:8b:66:67:d2"
1791389733.581,"B,7580,10,5c:62:8b:66:67:d2,0,0,56,2,-50,A,5c:62:8b:66:67:d2"
1791389733.581,"B,7680,10,5c:62:8b:66:67:d2,0,0,112,4,-50,A,5c:62:8b:66:67:d2"
1791389733.581,"B,7680,10,72:3b:01:24:b7:c8,112,4,0,0,-50,S,5c:62:8b:66:67:d2"
1791389733.784,"B,7780,10,b2:db:ca:e6:29:a6,28,1,0,0,-47,S,5c:62:8b:66:67:d2"
1791389733.784,"B,7780,10,5c:62:8b:66:67:d2,0,0,28,1,-50,A,5c:62:8b:66:67:d2"
1791389733.784,"B,7880,10,5c:62:8b:66:67:d2,0,0,112,4,-49,A,5c:62:8b:66:67:d2"
1791389733.784,"B,7880,10,72:3b:01:24:b7:c8,112,4,0,0,-50,S,5c:62:8b:66:67:d2"
1791389733.989,"B,7980,10,b2:db:ca:e6:29:a6,28,1,0,0,-46,S,5c:62:8b:66:67:d2"
1791389733.989,"B,7980,10,5c:62:8b:66:67:d2,0,0,28,1,-50,A,5c:62:8b:66:67:d2"
1791389734.190,"B,8280,10,5c:62:8b:66:67:d2,0,0,84,3,-49,A,5c:62:8b:66:67:d2"
1791389734.190,"B,8280,10,72:3b:01:24:b7:c8,84,3,0,0,-51,S,5c:62:8b:66:67:d2"
1791389734.190,"B,8380,10,5c:62:8b:66:67:d2,0,0,112,4,-51,A,5c:62:8b:66:67:d2"
1791389734.190,"B,8380,10,72:3b:01:24:b7:c8,112,4,0,0,-50,S,5c:62:8b:66:67:d2"
1791389734.391,"B,8480,10,b2:db:ca:e6:29:a6,56,2,0,0,-46,S,5c:62:8b:66:67:d2"
1791389734.391,"B,8480,10,5c:62:8b:66:67:d2,0,0,112,4,-50,A,5c:62:8b:66:67:d2"
1791389734.391,"B,8480,10,72:3b:01:24:b7:c8,56,2,0,0,-48,S,5c:62:8b:66:67:d2"
1791389734.391,"B,8580,10,b2:db:ca:e6:29:a6,28,1,0,0,-47,S,5c:62:8b:66:67:d2"
1791389734.391,"B,8580,10,5c:62:8b:66:67:d2,0,0,28,1,-49,A,5c:62:8b:66:67:d2"
1791389734.593,"B,8680,10,b2:db:ca:e6:29:a6,56,2,0,0,-46,S,5c:62:8b:66:67:d2"
1791389734.593,"B,8680,10,5c:62:8b:66:67:d2,0,0,56,2,-50,A,5c:62:8b:66:67:d2"
1791389734.593,"B,8780,10,b2:db:ca:e6:29:a6,28,1,0,0,-46,S,5c:62:8b:66:67:d2"
1791389734.593,"B,8780,10,5c:62:8b:66:67:d2,0,0,280,10,-50,A,5c:62:8b:66:67:d2"
1791389734.593,"B,8780,10,72:3b:01:24:b7:c8,252,9,0,0,-51,S,5c:62:8b:66:67:d2"
1791389734.795,"B,8880,10,5c:62:8b:66:67:d2,0,0,28,1,-50,A,5c:62:8b:66:67:d2"
1791389734.795,"B,8880,10,72:3b:01:24:b7:c8,28,1,0,0,-51,S,5c:62:8b:66:67:d2"
1791389734.795,"B,8980,10,5c:62:8b:66:67:d2,0,0,112,4,-50,A,5c:62:8b:66:67:d2"
1791389734.795,"B,8980,10,72:3b:01:24:b7:c8,112,4,0,0,-50,S,5c:62:8b:66:67:d2"
1791389734.995,"B,9080,10,b2:db:ca:e6:29:a6,56,2,0,0,-45,S,5c:62:8b:66:67:d2"
1791389734.995,"B,9080,10,5c:62:8b:66:67:d2,0,0,56,2,-49,A,5c:62:8b:66:67:d2"
1791389734.995,"B,9180,10,b2:db:ca:e6:29:a6,56,2,0,0,-45,S,5c:62:8b:66:67:d2"
1791389734.995,"B,9180,10,5c:62:8b:66:67:d2,0,0,140,5,-49,A,5c:62:8b:66:67:d2"
1791389734.995,"B,9180,10,72:3b:01:24:b7:c8,84,3,0,0,-50,S,5c:62:8b:66:67:d2"
1791389735.196,"B,9280,10,b2:db:ca:e6:29:a6,28,1,0,0,-46,S,5c:62:8b:66:67:d2"
1791389735.196,"B,9280,10,5c:62:8b:66:67:d2,0,0,28,1,-49,A,5c:62:8b:66:67:d2"
1791389735.196,"B,9380,10,b2:db:ca:e6:29:a6,56,2,0,0,-44,S,5c:62:8b:66:67:d2"
1791389735.196,"B,9380,10,5c:62:8b:66:67:d2,0,0,112,4,-49,A,5c:62:8b:66:67:d2"
1791389735.196,"B,9380,10,72:3b:01:24:b7:c8,56,2,0,0,-51,S,5c:62:8b:66:67:d2"
1791389735.399,"B,9480,10,b2:db:ca:e6:29:a6,56,2,0,0,-46,S,5c:62:8b:66:67:d2"
1791389735.399,"B,9480,10,5c:62:8b:66:67:d2,0,0,56,2,-50,A,5c:62:8b:66:67:d2"
1791389735.399,"B,9580,10,b2:db:ca:e6:29:a6,28,1,0,0,-45,S,5c:62:8b:66:67:d2"
1791389735.399,"B,9580,10,5c:62:8b:66:67:d2,0,0,112,4,-49,A,5c:62:8b:66:67:d2"
1791389735.399,"B,9580,10,72:3b:01:24:b7:c8,84,3,0,0,-50,S,5c:62:8b:66:67:d2"
1791389735.601,"B,9680,10,b2:db:ca:e6:29:a6,56,2,0,0,-45,S,5c:62:8b:66:67:d2"
1791389735.601,"B,9680,10,5c:62:8b:66:67:d2,0,0,56,2,-50,A,5c:62:8b:66:67:d2"
1791389735.601,"B,9780,10,b2:db:ca:e6:29:a6,28,1,0,0,-46,S,5c:62:8b:66:67:d2"
1791389735.601,"B,9780,10,5c:62:8b:66:67:d2,0,0,28,1,-50,A,5c:62:8b:66:67:d2"
1791389735.806,"B,9880,10,b2:db:ca:e6:29:a6,84,3,0,0,-46,S,5c:62:8b:66:67:d2"
1791389735.806,"B,9880,10,5c:62:8b:66:67:d2,0,0,224,8,-50,A,5c:62:8b:66:67:d2"
1791389735.806,"B,9880,10,72:3b:01:24:b7:c8,140,5,0,0,-51,S,5c:62:8b:66:67:d2"
1791389735.806,"B,9980,10,b2:db:ca:e6:29:a6,28,1,0,0,-46,S,5c:62:8b:66:67:d2"
1791389735.806,"B,9980,10,5c:62:8b:66:67:d2,0,0,28,1,-49,A,5c:62:8b:66:67:d2"
1791389736.010,"B,10080,10,5c:62:8b:66:67:d2,0,0,112,4,-50,A,5c:62:8b:66:67:d2"
1791389736.010,"B,10080,10,72:3b:01:24:b7:c8,112,4,0,0,-51,S,5c:62:8b:66:67:d2"
1791389736.010,"I,10087,stat,rx=472,drops=0,ch=10,bin=100,hop=0,heap=203064"
1791389736.010,"A,10192,10,00:eb:d8:11:99:9d,-61,"
1791389736.210,"B,10280,10,5c:62:8b:66:67:d2,0,0,84,3,-49,A,5c:62:8b:66:67:d2"
1791389736.210,"B,10280,10,72:3b:01:24:b7:c8,84,3,0,0,-50,S,5c:62:8b:66:67:d2"
1791389736.210,"B,10380,10,5c:62:8b:66:67:d2,5889,12,28,1,-50,A,5c:62:8b:66:67:d2"
1791389736.210,"B,10380,10,72:3b:01:24:b7:c8,28,1,5889,12,-51,S,5c:62:8b:66:67:d2"
1791389736.413,"B,10480,10,5c:62:8b:66:67:d2,0,0,56,2,-50,A,5c:62:8b:66:67:d2"
1791389736.413,"B,10480,10,72:3b:01:24:b7:c8,56,2,0,0,-51,S,5c:62:8b:66:67:d2"
1791389736.618,"B,10680,10,5c:62:8b:66:67:d2,0,0,112,4,-50,A,5c:62:8b:66:67:d2"
1791389736.618,"B,10680,10,72:3b:01:24:b7:c8,112,4,0,0,-50,S,5c:62:8b:66:67:d2"
1791389736.618,"M,10718,slot,0,0"
1791389736.618,"B,10780,10,5c:62:8b:66:67:d2,0,0,364,13,-49,A,5c:62:8b:66:67:d2"
1791389736.618,"B,10780,10,72:3b:01:24:b7:c8,364,13,0,0,-50,S,5c:62:8b:66:67:d2"
1791389736.823,"B,10880,10,5c:62:8b:66:67:d2,0,0,112,4,-50,A,5c:62:8b:66:67:d2"
1791389736.823,"B,10880,10,72:3b:01:24:b7:c8,112,4,0,0,-51,S,5c:62:8b:66:67:d2"
1791389736.823,"B,10880,10,38:d5:7a:f4:5a:37,30,1,0,0,-94,S,46:fb:cf:a9:f4:22"
1791389736.823,"B,10880,10,46:fb:cf:a9:f4:22,0,0,30,1,0,A,46:fb:cf:a9:f4:22"
1791389737.028,"B,11080,10,5c:62:8b:66:67:d2,0,0,112,4,-50,A,5c:62:8b:66:67:d2"
1791389737.028,"B,11080,10,72:3b:01:24:b7:c8,112,4,0,0,-51,S,5c:62:8b:66:67:d2"
1791389737.028,"B,11180,10,5c:62:8b:66:67:d2,0,0,84,3,-50,A,5c:62:8b:66:67:d2"
1791389737.028,"B,11180,10,72:3b:01:24:b7:c8,84,3,0,0,-51,S,5c:62:8b:66:67:d2"
1791389737.028,"B,11180,10,38:d5:7a:f4:5a:37,30,1,0,0,-90,S,46:fb:cf:a9:f4:22"
1791389737.028,"B,11180,10,46:fb:cf:a9:f4:22,0,0,30,1,0,A,46:fb:cf:a9:f4:22"
1791389737.233,"B,11280,10,38:d5:7a:f4:5a:37,30,1,0,0,-94,S,46:fb:cf:a9:f4:22"
1791389737.233,"B,11280,10,46:fb:cf:a9:f4:22,0,0,30,1,0,A,46:fb:cf:a9:f4:22"
1791389737.233,"B,11380,10,5c:62:8b:66:67:d2,0,0,140,5,-49,A,5c:62:8b:66:67:d2"
1791389737.233,"B,11380,10,72:3b:01:24:b7:c8,140,5,0,0,-50,S,5c:62:8b:66:67:d2"
1791389737.233,"B,11380,10,38:d5:7a:f4:5a:37,30,1,0,0,-93,S,46:fb:cf:a9:f4:22"
1791389737.233,"B,11380,10,46:fb:cf:a9:f4:22,0,0,30,1,0,A,46:fb:cf:a9:f4:22"
1791389737.436,"B,11480,10,38:d5:7a:f4:5a:37,30,1,0,0,-94,S,46:fb:cf:a9:f4:22"
1791389737.436,"B,11480,10,46:fb:cf:a9:f4:22,0,0,30,1,0,A,46:fb:cf:a9:f4:22"
1791389737.436,"B,11580,10,5c:62:8b:66:67:d2,0,0,112,4,-50,A,5c:62:8b:66:67:d2"
1791389737.436,"B,11580,10,72:3b:01:24:b7:c8,112,4,0,0,-51,S,5c:62:8b:66:67:d2"
1791389737.641,"B,11780,10,5c:62:8b:66:67:d2,0,0,112,4,-49,A,5c:62:8b:66:67:d2"
1791389737.641,"B,11780,10,72:3b:01:24:b7:c8,112,4,0,0,-51,S,5c:62:8b:66:67:d2"
1791389737.846,"B,11880,10,5c:62:8b:66:67:d2,0,0,28,1,-48,A,5c:62:8b:66:67:d2"
1791389737.846,"B,11880,10,72:3b:01:24:b7:c8,28,1,0,0,-51,S,5c:62:8b:66:67:d2"
1791389737.846,"B,11980,10,5c:62:8b:66:67:d2,0,0,84,3,-49,A,5c:62:8b:66:67:d2"
1791389737.846,"B,11980,10,72:3b:01:24:b7:c8,84,3,0,0,-50,S,5c:62:8b:66:67:d2"
1791389738.052,"B,12180,10,5c:62:8b:66:67:d2,0,0,1185,5,-49,A,5c:62:8b:66:67:d2"
1791389738.052,"B,12180,10,72:3b:01:24:b7:c8,1185,5,0,0,-50,S,5c:62:8b:66:67:d2"
1791389738.252,"B,12280,10,5c:62:8b:66:67:d2,0,0,28,1,-50,A,5c:62:8b:66:67:d2"
1791389738.252,"B,12280,10,72:3b:01:24:b7:c8,28,1,0,0,-51,S,5c:62:8b:66:67:d2"
1791389738.252,"B,12380,10,5c:62:8b:66:67:d2,0,0,28,1,-49,A,5c:62:8b:66:67:d2"
1791389738.252,"B,12380,10,72:3b:01:24:b7:c8,28,1,0,0,-51,S,5c:62:8b:66:67:d2"
1791389738.452,"B,12480,10,5c:62:8b:66:67:d2,0,0,84,3,0,A,5c:62:8b:66:67:d2"
1791389738.452,"B,12480,10,72:3b:01:24:b7:c8,84,3,0,0,-51,S,5c:62:8b:66:67:d2"
1791389738.452,"B,12580,10,5c:62:8b:66:67:d2,0,0,28,1,-50,A,5c:62:8b:66:67:d2"
1791389738.452,"B,12580,10,72:3b:01:24:b7:c8,28,1,0,0,-51,S,5c:62:8b:66:67:d2"
1791389738.859,"B,12880,10,5c:62:8b:66:67:d2,0,0,84,3,-49,A,5c:62:8b:66:67:d2"
1791389738.859,"B,12880,10,72:3b:01:24:b7:c8,84,3,0,0,-50,S,5c:62:8b:66:67:d2"
1791389739.064,"B,13080,10,b2:db:ca:e6:29:a6,28,1,0,0,-46,S,5c:62:8b:66:67:d2"
1791389739.064,"B,13080,10,5c:62:8b:66:67:d2,0,0,112,4,-50,A,5c:62:8b:66:67:d2"
1791389739.064,"B,13080,10,72:3b:01:24:b7:c8,84,3,0,0,-51,S,5c:62:8b:66:67:d2"
1791389739.064,"B,13180,10,b2:db:ca:e6:29:a6,56,2,0,0,-45,S,5c:62:8b:66:67:d2"
1791389739.064,"B,13180,10,5c:62:8b:66:67:d2,0,0,56,2,-50,A,5c:62:8b:66:67:d2"
1791389739.269,"B,13280,10,b2:db:ca:e6:29:a6,56,2,0,0,-45,S,5c:62:8b:66:67:d2"
1791389739.269,"B,13280,10,5c:62:8b:66:67:d2,0,0,140,5,-49,A,5c:62:8b:66:67:d2"
1791389739.269,"B,13280,10,72:3b:01:24:b7:c8,84,3,0,0,-50,S,5c:62:8b:66:67:d2"
1791389739.269,"B,13380,10,b2:db:ca:e6:29:a6,84,3,0,0,-45,S,5c:62:8b:66:67:d2"
1791389739.269,"B,13380,10,5c:62:8b:66:67:d2,0,0,1694,6,-50,A,5c:62:8b:66:67:d2"
1791389739.269,"B,13380,10,72:3b:01:24:b7:c8,1610,3,0,0,-49,S,5c:62:8b:66:67:d2"
1791389739.474,"B,13480,10,b2:db:ca:e6:29:a6,56,2,0,0,-44,S,5c:62:8b:66:67:d2"
1791389739.474,"B,13480,10,5c:62:8b:66:67:d2,0,0,56,2,-49,A,5c:62:8b:66:67:d2"
1791389739.474,"B,13580,10,b2:db:ca:e6:29:a6,28,1,0,0,-45,S,5c:62:8b:66:67:d2"
1791389739.474,"B,13580,10,5c:62:8b:66:67:d2,0,0,28,1,-48,A,5c:62:8b:66:67:d2"
1791389739.680,"B,13680,10,b2:db:ca:e6:29:a6,56,2,0,0,-45,S,5c:62:8b:66:67:d2"
1791389739.680,"B,13680,10,5c:62:8b:66:67:d2,0,0,168,6,-48,A,5c:62:8b:66:67:d2"
1791389739.680,"B,13680,10,72:3b:01:24:b7:c8,112,4,0,0,-50,S,5c:62:8b:66:67:d2"
1791389739.680,"B,13780,10,b2:db:ca:e6:29:a6,56,2,0,0,-43,S,5c:62:8b:66:67:d2"
1791389739.680,"B,13780,10,5c:62:8b:66:67:d2,0,0,168,6,-49,A,5c:62:8b:66:67:d2"
1791389739.680,"B,13780,10,72:3b:01:24:b7:c8,112,4,0,0,-51,S,5c:62:8b:66:67:d2"
1791389739.881,"B,13880,10,b2:db:ca:e6:29:a6,56,2,0,0,-45,S,5c:62:8b:66:67:d2"
1791389739.881,"B,13880,10,5c:62:8b:66:67:d2,0,0,84,3,-47,A,5c:62:8b:66:67:d2"
1791389739.881,"B,13880,10,72:3b:01:24:b7:c8,28,1,0,0,-51,S,5c:62:8b:66:67:d2"
1791389739.881,"B,13980,10,b2:db:ca:e6:29:a6,28,1,0,0,-46,S,5c:62:8b:66:67:d2"
1791389739.881,"B,13980,10,5c:62:8b:66:67:d2,0,0,84,3,-48,A,5c:62:8b:66:67:d2"
1791389739.881,"B,13980,10,72:3b:01:24:b7:c8,56,2,0,0,-51,S,5c:62:8b:66:67:d2"
1791389739.881,"A,14070,10,82:af:ca:28:4c:f8,-78,"
1791389740.084,"B,14080,10,b2:db:ca:e6:29:a6,28,1,0,0,-46,S,5c:62:8b:66:67:d2"
1791389740.084,"B,14080,10,5c:62:8b:66:67:d2,0,0,28,1,-47,A,5c:62:8b:66:67:d2"
1791389740.084,"B,14180,10,b2:db:ca:e6:29:a6,56,2,0,0,-44,S,5c:62:8b:66:67:d2"
1791389740.084,"B,14180,10,5c:62:8b:66:67:d2,0,0,84,3,-47,A,5c:62:8b:66:67:d2"
1791389740.084,"B,14180,10,72:3b:01:24:b7:c8,28,1,0,0,-52,S,5c:62:8b:66:67:d2"
1791389740.285,"B,14280,10,b2:db:ca:e6:29:a6,56,2,0,0,-45,S,5c:62:8b:66:67:d2"
1791389740.285,"B,14280,10,5c:62:8b:66:67:d2,0,0,56,2,-48,A,5c:62:8b:66:67:d2"
1791389740.285,"B,14380,10,b2:db:ca:e6:29:a6,56,2,0,0,-45,S,5c:62:8b:66:67:d2"
1791389740.285,"B,14380,10,5c:62:8b:66:67:d2,0,0,168,6,-48,A,5c:62:8b:66:67:d2"
1791389740.285,"B,14380,10,72:3b:01:24:b7:c8,112,4,0,0,-52,S,5c:62:8b:66:67:d2"
1791389740.285,"B,14480,10,b2:db:ca:e6:29:a6,28,1,0,0,-45,S,5c:62:8b:66:67:d2"
1791389740.285,"B,14480,10,5c:62:8b:66:67:d2,0,0,28,1,-47,A,5c:62:8b:66:67:d2"
1791389740.487,"B,14580,10,5c:62:8b:66:67:d2,0,0,190,4,-48,A,5c:62:8b:66:67:d2"
1791389740.487,"B,14580,10,72:3b:01:24:b7:c8,190,4,0,0,-52,S,5c:62:8b:66:67:d2"
1791389740.487,"A,14598,10,02:eb:d8:11:99:9d,-60,"
1791389740.688,"B,14780,10,5c:62:8b:66:67:d2,0,0,308,11,-47,A,5c:62:8b:66:67:d2"
1791389740.688,"B,14780,10,72:3b:01:24:b7:c8,308,11,0,0,-52,S,5c:62:8b:66:67:d2"
1791389740.688,"B,14880,10,b2:db:ca:e6:29:a6,84,3,0,0,-45,S,5c:62:8b:66:67:d2"
1791389740.688,"B,14880,10,5c:62:8b:66:67:d2,0,0,112,4,-48,A,5c:62:8b:66:67:d2"
1791389740.688,"B,14880,10,72:3b:01:24:b7:c8,28,1,0,0,-48,S,5c:62:8b:66:67:d2"
1791389740.888,"B,14980,10,b2:db:ca:e6:29:a6,28,1,0,0,-45,S,5c:62:8b:66:67:d2"
1791389740.888,"B,14980,10,5c:62:8b:66:67:d2,0,0,140,5,-48,A,5c:62:8b:66:67:d2"
1791389740.888,"B,14980,10,72:3b:01:24:b7:c8,112,4,0,0,-52,S,5c:62:8b:66:67:d2"
1791389740.888,"B,15080,10,b2:db:ca:e6:29:a6,84,3,0,0,-44,S,5c:62:8b:66:67:d2"
1791389740.888,"B,15080,10,5c:62:8b:66:67:d2,0,0,196,7,-47,A,5c:62:8b:66:67:d2"
1791389740.888,"B,15080,10,72:3b:01:24:b7:c8,112,4,0,0,-53,S,5c:62:8b:66:67:d2"
1791389741.090,"I,15088,stat,rx=706,drops=0,ch=10,bin=100,hop=0,heap=203064"
1791389741.090,"B,15280,10,b2:db:ca:e6:29:a6,56,2,0,0,-45,S,5c:62:8b:66:67:d2"
1791389741.090,"B,15280,10,5c:62:8b:66:67:d2,0,0,56,2,-47,A,5c:62:8b:66:67:d2"
1791389741.291,"B,15380,10,b2:db:ca:e6:29:a6,56,2,0,0,-46,S,5c:62:8b:66:67:d2"
1791389741.291,"B,15380,10,5c:62:8b:66:67:d2,0,0,246,6,-47,A,5c:62:8b:66:67:d2"
1791389741.291,"B,15380,10,72:3b:01:24:b7:c8,190,4,0,0,-51,S,5c:62:8b:66:67:d2"
1791389741.291,"B,15480,10,b2:db:ca:e6:29:a6,28,1,0,0,-45,S,5c:62:8b:66:67:d2"
1791389741.291,"B,15480,10,5c:62:8b:66:67:d2,0,0,140,5,-48,A,5c:62:8b:66:67:d2"
1791389741.291,"B,15480,10,72:3b:01:24:b7:c8,112,4,0,0,-49,S,5c:62:8b:66:67:d2"
1791389741.492,"B,15580,10,b2:db:ca:e6:29:a6,84,3,0,0,-45,S,5c:62:8b:66:67:d2"
1791389741.492,"B,15580,10,5c:62:8b:66:67:d2,0,0,84,3,-48,A,5c:62:8b:66:67:d2"
1791389741.492,"B,15680,10,5c:62:8b:66:67:d2,0,0,84,3,-48,A,5c:62:8b:66:67:d2"
1791389741.492,"B,15680,10,72:3b:01:24:b7:c8,84,3,0,0,-52,S,5c:62:8b:66:67:d2"
1791389741.693,"B,15780,10,b2:db:ca:e6:29:a6,56,2,0,0,-45,S,5c:62:8b:66:67:d2"
1791389741.693,"B,15780,10,5c:62:8b:66:67:d2,0,0,56,2,-47,A,5c:62:8b:66:67:d2"
1791389741.693,"M,15799,slot,1,1"
1791389741.693,"B,15880,10,5c:62:8b:66:67:d2,0,0,162,3,-48,A,5c:62:8b:66:67:d2"
1791389741.693,"B,15880,10,72:3b:01:24:b7:c8,162,3,0,0,-52,S,5c:62:8b:66:67:d2"
1791389741.895,"B,15980,10,b2:db:ca:e6:29:a6,28,1,0,0,-43,S,5c:62:8b:66:67:d2"
1791389741.895,"B,15980,10,5c:62:8b:66:67:d2,0,0,28,1,-48,A,5c:62:8b:66:67:d2"
1791389741.895,"B,15980,10,80:af:ca:68:4c:f8,104,1,0,0,-79,A,80:af:ca:68:4c:f8"
1791389741.895,"B,16080,10,b2:db:ca:e6:29:a6,56,2,0,0,-45,S,5c:62:8b:66:67:d2"
1791389741.895,"B,16080,10,5c:62:8b:66:67:d2,0,0,140,5,-48,A,5c:62:8b:66:67:d2"
1791389741.895,"B,16080,10,72:3b:01:24:b7:c8,84,3,0,0,-52,S,5c:62:8b:66:67:d2"
1791389742.097,"B,16280,10,b2:db:ca:e6:29:a6,56,2,0,0,-45,S,5c:62:8b:66:67:d2"
1791389742.097,"B,16280,10,5c:62:8b:66:67:d2,0,0,140,5,-47,A,5c:62:8b:66:67:d2"
1791389742.097,"B,16280,10,72:3b:01:24:b7:c8,84,3,0,0,-52,S,5c:62:8b:66:67:d2"
1791389742.301,"B,16380,10,5c:62:8b:66:67:d2,0,0,28,1,-48,A,5c:62:8b:66:67:d2"
1791389742.301,"B,16380,10,72:3b:01:24:b7:c8,28,1,0,0,-52,S,5c:62:8b:66:67:d2"
1791389742.301,"B,16480,10,b2:db:ca:e6:29:a6,28,1,0,0,-46,S,5c:62:8b:66:67:d2"
1791389742.301,"B,16480,10,5c:62:8b:66:67:d2,0,0,28,1,-48,A,5c:62:8b:66:67:d2"
1791389742.504,"B,16580,10,b2:db:ca:e6:29:a6,28,1,0,0,-45,S,5c:62:8b:66:67:d2"
1791389742.504,"B,16580,10,5c:62:8b:66:67:d2,0,0,112,4,-48,A,5c:62:8b:66:67:d2"
1791389742.504,"B,16580,10,72:3b:01:24:b7:c8,84,3,0,0,-51,S,5c:62:8b:66:67:d2"
1791389742.504,"B,16680,10,b2:db:ca:e6:29:a6,28,1,0,0,-45,S,5c:62:8b:66:67:d2"
1791389742.504,"B,16680,10,5c:62:8b:66:67:d2,0,0,28,1,0,A,5c:62:8b:66:67:d2"
1791389742.704,"B,16780,10,b2:db:ca:e6:29:a6,28,1,0,0,-45,S,5c:62:8b:66:67:d2"
1791389742.704,"B,16780,10,5c:62:8b:66:67:d2,0,0,280,10,-48,A,5c:62:8b:66:67:d2"
1791389742.704,"B,16780,10,72:3b:01:24:b7:c8,252,9,0,0,-51,S,5c:62:8b:66:67:d2"
1791389742.704,"B,16880,10,b2:db:ca:e6:29:a6,28,1,0,0,-45,S,5c:62:8b:66:67:d2"
1791389742.704,"B,16880,10,5c:62:8b:66:67:d2,0,0,56,2,-49,A,5c:62:8b:66:67:d2"
1791389742.704,"B,16880,10,72:3b:01:24:b7:c8,28,1,0,0,-51,S,5c:62:8b:66:67:d2"
1791389742.908,"B,16980,10,b2:db:ca:e6:29:a6,28,1,0,0,-45,S,5c:62:8b:66:67:d2"
1791389742.908,"B,16980,10,5c:62:8b:66:67:d2,0,0,112,4,-48,A,5c:62:8b:66:67:d2"
1791389742.908,"B,16980,10,72:3b:01:24:b7:c8,84,3,0,0,-51,S,5c:62:8b:66:67:d2"
1791389742.908,"B,17080,10,b2:db:ca:e6:29:a6,28,1,82,1,-45,S,5c:62:8b:66:67:d2"
1791389742.908,"B,17080,10,5c:62:8b:66:67:d2,82,1,28,1,-50,A,5c:62:8b:66:67:d2"
1791389743.111,"B,17180,10,b2:db:ca:e6:29:a6,28,1,0,0,-45,S,5c:62:8b:66:67:d2"
1791389743.111,"B,17180,10,5c:62:8b:66:67:d2,0,0,84,3,-48,A,5c:62:8b:66:67:d2"
1791389743.111,"B,17180,10,72:3b:01:24:b7:c8,56,2,0,0,-51,S,5c:62:8b:66:67:d2"
1791389743.316,"B,17380,10,5c:62:8b:66:67:d2,0,0,140,5,-48,A,5c:62:8b:66:67:d2"
1791389743.316,"B,17380,10,72:3b:01:24:b7:c8,140,5,0,0,-51,S,5c:62:8b:66:67:d2"
1791389743.316,"B,17480,10,b2:db:ca:e6:29:a6,56,2,0,0,-46,S,5c:62:8b:66:67:d2"
1791389743.316,"B,17480,10,5c:62:8b:66:67:d2,0,0,56,2,-49,A,5c:62:8b:66:67:d2"
1791389743.522,"B,17580,10,b2:db:ca:e6:29:a6,56,2,0,0,-46,S,5c:62:8b:66:67:d2"
1791389743.522,"B,17580,10,5c:62:8b:66:67:d2,0,0,140,5,-48,A,5c:62:8b:66:67:d2"
1791389743.522,"B,17580,10,72:3b:01:24:b7:c8,84,3,0,0,-51,S,5c:62:8b:66:67:d2"
1791389743.727,"B,17780,10,b2:db:ca:e6:29:a6,28,1,0,0,-46,S,5c:62:8b:66:67:d2"
1791389743.727,"B,17780,10,5c:62:8b:66:67:d2,0,0,1610,3,-48,A,5c:62:8b:66:67:d2"
1791389743.727,"B,17780,10,72:3b:01:24:b7:c8,1582,2,0,0,-51,S,5c:62:8b:66:67:d2"
1791389743.727,"B,17880,10,5c:62:8b:66:67:d2,0,0,168,6,-49,A,5c:62:8b:66:67:d2"
1791389743.727,"B,17880,10,72:3b:01:24:b7:c8,168,6,0,0,-51,S,5c:62:8b:66:67:d2"
1791389743.932,"B,17980,10,5c:62:8b:66:67:d2,0,0,1195,1,-48,A,5c:62:8b:66:67:d2"
1791389743.932,"B,17980,10,72:3b:01:24:b7:c8,1195,1,0,0,-51,S,5c:62:8b:66:67:d2"
1791389744.136,"B,18180,10,b2:db:ca:e6:29:a6,28,1,0,0,-45,S,5c:62:8b:66:67:d2"
1791389744.136,"B,18180,10,5c:62:8b:66:67:d2,0,0,28,1,-48,A,5c:62:8b:66:67:d2"
1791389744.136,"B,18280,10,b2:db:ca:e6:29:a6,56,2,0,0,-45,S,5c:62:8b:66:67:d2"
1791389744.136,"B,18280,10,5c:62:8b:66:67:d2,0,0,168,6,-49,A,5c:62:8b:66:67:d2"
1791389744.136,"B,18280,10,72:3b:01:24:b7:c8,112,4,0,0,-51,S,5c:62:8b:66:67:d2"
1791389744.341,"B,18380,10,b2:db:ca:e6:29:a6,28,1,0,0,-46,S,5c:62:8b:66:67:d2"
1791389744.341,"B,18380,10,5c:62:8b:66:67:d2,0,0,56,2,-48,A,5c:62:8b:66:67:d2"
1791389744.341,"B,18380,10,72:3b:01:24:b7:c8,28,1,0,0,-51,S,5c:62:8b:66:67:d2"
1791389744.341,"B,18480,10,5c:62:8b:66:67:d2,0,0,112,4,-49,A,5c:62:8b:66:67:d2"
1791389744.341,"B,18480,10,72:3b:01:24:b7:c8,112,4,0,0,-51,S,5c:62:8b:66:67:d2"
1791389744.543,"B,18580,10,80:af:ca:68:4c:f8,82,1,0,0,-78,A,80:af:ca:68:4c:f8"
1791389744.543,"B,18580,10,52:4b:9a:a2:db:8e,0,0,82,1,0,S,80:af:ca:68:4c:f8"
1791389744.543,"B,18680,10,5c:62:8b:66:67:d2,0,0,84,3,-47,A,5c:62:8b:66:67:d2"
1791389744.543,"B,18680,10,72:3b:01:24:b7:c8,84,3,0,0,-51,S,5c:62:8b:66:67:d2"
1791389744.748,"B,18780,10,b2:db:ca:e6:29:a6,28,1,0,0,-45,S,5c:62:8b:66:67:d2"
1791389744.748,"B,18780,10,5c:62:8b:66:67:d2,0,0,224,8,-48,A,5c:62:8b:66:67:d2"
1791389744.748,"B,18780,10,72:3b:01:24:b7:c8,196,7,0,0,-51,S,5c:62:8b:66:67:d2"
1791389744.748,"B,18880,10,5c:62:8b:66:67:d2,0,0,56,2,-47,A,5c:62:8b:66:67:d2"
1791389744.748,"B,18880,10,72:3b:01:24:b7:c8,56,2,0,0,-51,S,5c:62:8b:66:67:d2"
1791389744.952,"B,18980,10,b2:db:ca:e6:29:a6,56,2,0,0,-45,S,5c:62:8b:66:67:d2"
1791389744.952,"B,18980,10,5c:62:8b:66:67:d2,0,0,56,2,-47,A,5c:62:8b:66:67:d2"
1791389744.952,"B,19080,10,b2:db:ca:e6:29:a6,28,1,0,0,-45,S,5c:62:8b:66:67:d2"
1791389744.952,"B,19080,10,5c:62:8b:66:67:d2,0,0,28,1,-47,A,5c:62:8b:66:67:d2"
1791389745.158,"B,19180,10,b2:db:ca:e6:29:a6,56,2,0,0,-46,S,5c:62:8b:66:67:d2"
1791389745.158,"B,19180,10,5c:62:8b:66:67:d2,0,0,56,2,-48,A,5c:62:8b:66:67:d2"
1791389745.158,"B,19280,10,b2:db:ca:e6:29:a6,28,1,0,0,-45,S,5c:62:8b:66:67:d2"
1791389745.158,"B,19280,10,5c:62:8b:66:67:d2,0,0,84,3,-47,A,5c:62:8b:66:67:d2"
1791389745.158,"B,19280,10,72:3b:01:24:b7:c8,56,2,0,0,-51,S,5c:62:8b:66:67:d2"
1791389745.361,"B,19380,10,b2:db:ca:e6:29:a6,56,2,0,0,-46,S,5c:62:8b:66:67:d2"
1791389745.361,"B,19380,10,5c:62:8b:66:67:d2,0,0,224,8,-47,A,5c:62:8b:66:67:d2"
1791389745.361,"B,19380,10,72:3b:01:24:b7:c8,168,6,0,0,-51,S,5c:62:8b:66:67:d2"
1791389745.566,"B,19580,10,5c:62:8b:66:67:d2,0,0,112,4,-48,A,5c:62:8b:66:67:d2"
1791389745.566,"B,19580,10,72:3b:01:24:b7:c8,112,4,0,0,-51,S,5c:62:8b:66:67:d2"
1791389745.566,"B,19680,10,b2:db:ca:e6:29:a6,56,2,0,0,-46,S,5c:62:8b:66:67:d2"
1791389745.566,"B,19680,10,5c:62:8b:66:67:d2,0,0,56,2,-47,A,5c:62:8b:66:67:d2"
1791389745.772,"B,19780,10,b2:db:ca:e6:29:a6,28,1,0,0,-47,S,5c:62:8b:66:67:d2"
1791389745.772,"B,19780,10,5c:62:8b:66:67:d2,0,0,56,2,-49,A,5c:62:8b:66:67:d2"
1791389745.772,"B,19780,10,72:3b:01:24:b7:c8,28,1,0,0,-51,S,5c:62:8b:66:67:d2"
1791389745.772,"B,19880,10,b2:db:ca:e6:29:a6,56,2,0,0,-42,S,5c:62:8b:66:67:d2"
1791389745.772,"B,19880,10,5c:62:8b:66:67:d2,0,0,84,3,-48,A,5c:62:8b:66:67:d2"
1791389745.772,"B,19880,10,72:3b:01:24:b7:c8,28,1,0,0,-51,S,5c:62:8b:66:67:d2"
1791389745.977,"B,19980,10,5c:62:8b:66:67:d2,0,0,140,5,-48,A,5c:62:8b:66:67:d2"
1791389745.977,"B,19980,10,72:3b:01:24:b7:c8,140,5,0,0,-50,S,5c:62:8b:66:67:d2"
1791389745.977,"B,19980,10,80:af:ca:68:4c:f8,104,1,0,0,-81,A,80:af:ca:68:4c:f8"
1791389745.977,"B,20080,10,b2:db:ca:e6:29:a6,28,1,0,0,-44,S,5c:62:8b:66:67:d2"
1791389745.977,"B,20080,10,5c:62:8b:66:67:d2,0,0,28,1,-46,A,5c:62:8b:66:67:d2"
1791389745.977,"I,20089,stat,rx=923,drops=0,ch=10,bin=100,hop=0,heap=203064"
1791389746.181,"B,20180,10,5c:62:8b:66:67:d2,0,0,112,4,-46,A,5c:62:8b:66:67:d2"
1791389746.181,"B,20180,10,72:3b:01:24:b7:c8,112,4,0,0,-50,S,5c:62:8b:66:67:d2"
1791389746.385,"B,20380,10,b2:db:ca:e6:29:a6,28,1,0,0,-46,S,5c:62:8b:66:67:d2"
1791389746.385,"B,20380,10,5c:62:8b:66:67:d2,0,0,224,8,-48,A,5c:62:8b:66:67:d2"
1791389746.385,"B,20380,10,72:3b:01:24:b7:c8,196,7,0,0,-51,S,5c:62:8b:66:67:d2"
1791389746.585,"B,20580,10,b2:db:ca:e6:29:a6,28,1,0,0,-43,S,5c:62:8b:66:67:d2"
1791389746.585,"B,20580,10,5c:62:8b:66:67:d2,0,0,56,2,-50,A,5c:62:8b:66:67:d2"
1791389746.585,"B,20580,10,72:3b:01:24:b7:c8,28,1,0,0,-51,S,5c:62:8b:66:67:d2"
1791389746.585,"B,20680,10,b2:db:ca:e6:29:a6,28,1,0,0,-45,S,5c:62:8b:66:67:d2"
1791389746.585,"B,20680,10,5c:62:8b:66:67:d2,0,0,28,1,-50,A,5c:62:8b:66:67:d2"
1791389746.785,"B,20780,10,b2:db:ca:e6:29:a6,28,1,0,0,-46,S,5c:62:8b:66:67:d2"
1791389746.785,"B,20780,10,5c:62:8b:66:67:d2,0,0,364,13,-50,A,5c:62:8b:66:67:d2"
1791389746.785,"B,20780,10,72:3b:01:24:b7:c8,336,12,0,0,-51,S,5c:62:8b:66:67:d2"
1791389746.785,"M,20874,slot,2,0"
1791389746.785,"B,20880,10,5c:62:8b:66:67:d2,0,0,140,5,0,A,5c:62:8b:66:67:d2"
1791389746.785,"B,20880,10,72:3b:01:24:b7:c8,140,5,0,0,-51,S,5c:62:8b:66:67:d2"
1791389746.785,"B,20980,10,5c:62:8b:66:67:d2,0,0,28,1,-50,A,5c:62:8b:66:67:d2"
1791389746.785,"B,20980,10,72:3b:01:24:b7:c8,28,1,0,0,-52,S,5c:62:8b:66:67:d2"
1791389746.986,"B,21080,10,5c:62:8b:66:67:d2,0,0,112,4,-53,A,5c:62:8b:66:67:d2"
1791389746.986,"B,21080,10,72:3b:01:24:b7:c8,112,4,0,0,-52,S,5c:62:8b:66:67:d2"
1791389747.187,"B,21280,10,5c:62:8b:66:67:d2,0,0,112,4,-53,A,5c:62:8b:66:67:d2"
1791389747.187,"B,21280,10,72:3b:01:24:b7:c8,112,4,0,0,-51,S,5c:62:8b:66:67:d2"
1791389747.187,"B,21380,10,5c:62:8b:66:67:d2,0,0,28,1,-52,A,5c:62:8b:66:67:d2"
1791389747.187,"B,21380,10,72:3b:01:24:b7:c8,28,1,0,0,-51,S,5c:62:8b:66:67:d2"
1791389747.392,"B,21480,10,5c:62:8b:66:67:d2,0,0,140,5,-52,A,5c:62:8b:66:67:d2"
1791389747.392,"B,21480,10,72:3b:01:24:b7:c8,140,5,0,0,-52,S,5c:62:8b:66:67:d2"
1791389747.598,"B,21680,10,5c:62:8b:66:67:d2,0,0,112,4,-51,A,5c:62:8b:66:67:d2"
1791389747.598,"B,21680,10,72:3b:01:24:b7:c8,112,4,0,0,-48,S,5c:62:8b:66:67:d2"
1791389747.801,"B,21880,10,5c:62:8b:66:67:d2,0,0,168,6,-57,A,5c:62:8b:66:67:d2"
1791389747.801,"B,21880,10,72:3b:01:24:b7:c8,168,6,0,0,-49,S,5c:62:8b:66:67:d2"
1791389747.801,"B,21980,10,5c:62:8b:66:67:d2,0,0,28,1,-53,A,5c:62:8b:66:67:d2"
1791389747.801,"B,21980,10,72:3b:01:24:b7:c8,28,1,0,0,-49,S,5c:62:8b:66:67:d2"
1791389748.006,"A,22091,10,d8:0d:17:46:46:1a,-69,spike"
1791389748.006,"B,22180,10,5c:62:8b:66:67:d2,0,0,112,4,-51,A,5c:62:8b:66:67:d2"
1791389748.006,"B,22180,10,72:3b:01:24:b7:c8,112,4,0,0,-39,S,5c:62:8b:66:67:d2"
1791389748.211,"B,22380,10,5c:62:8b:66:67:d2,0,0,140,5,-53,A,5c:62:8b:66:67:d2"
1791389748.211,"B,22380,10,72:3b:01:24:b7:c8,140,5,0,0,-43,S,5c:62:8b:66:67:d2"
1791389748.416,"B,22480,10,b2:db:ca:e6:29:a6,84,3,0,0,-27,S,5c:62:8b:66:67:d2"
1791389748.416,"B,22480,10,5c:62:8b:66:67:d2,0,0,112,4,-50,A,5c:62:8b:66:67:d2"
1791389748.416,"B,22480,10,72:3b:01:24:b7:c8,28,1,0,0,-44,S,5c:62:8b:66:67:d2"
1791389748.416,"B,22580,10,5c:62:8b:66:67:d2,0,0,112,4,-46,A,5c:62:8b:66:67:d2"
1791389748.416,"B,22580,10,72:3b:01:24:b7:c8,112,4,0,0,-36,S,5c:62:8b:66:67:d2"
1791389748.621,"B,22680,10,b2:db:ca:e6:29:a6,56,2,0,0,-23,S,5c:62:8b:66:67:d2"
1791389748.621,"B,22680,10,5c:62:8b:66:67:d2,0,0,162,3,-47,A,5c:62:8b:66:67:d2"
1791389748.621,"B,22680,10,72:3b:01:24:b7:c8,106,1,0,0,-46,S,5c:62:8b:66:67:d2"
1791389748.621,"B,22780,10,b2:db:ca:e6:29:a6,56,2,0,0,-25,S,5c:62:8b:66:67:d2"
1791389748.621,"B,22780,10,5c:62:8b:66:67:d2,0,0,336,12,-47,A,5c:62:8b:66:67:d2"
1791389748.621,"B,22780,10,72:3b:01:24:b7:c8,280,10,0,0,-41,S,5c:62:8b:66:67:d2"
1791389748.826,"B,22880,10,b2:db:ca:e6:29:a6,28,1,0,0,-23,S,5c:62:8b:66:67:d2"
1791389748.826,"B,22880,10,5c:62:8b:66:67:d2,0,0,84,3,-47,A,5c:62:8b:66:67:d2"
1791389748.826,"B,22880,10,72:3b:01:24:b7:c8,56,2,0,0,-44,S,5c:62:8b:66:67:d2"
1791389748.826,"B,22980,10,b2:db:ca:e6:29:a6,28,1,0,0,-25,S,5c:62:8b:66:67:d2"
1791389748.826,"B,22980,10,5c:62:8b:66:67:d2,0,0,84,3,-47,A,5c:62:8b:66:67:d2"
1791389748.826,"B,22980,10,72:3b:01:24:b7:c8,56,2,0,0,-43,S,5c:62:8b:66:67:d2"
1791389749.031,"B,23080,10,b2:db:ca:e6:29:a6,56,2,0,0,-28,S,5c:62:8b:66:67:d2"
1791389749.031,"B,23080,10,5c:62:8b:66:67:d2,0,0,56,2,-48,A,5c:62:8b:66:67:d2"
1791389749.031,"B,23180,10,b2:db:ca:e6:29:a6,56,2,0,0,-27,S,5c:62:8b:66:67:d2"
1791389749.031,"B,23180,10,5c:62:8b:66:67:d2,0,0,140,5,-48,A,5c:62:8b:66:67:d2"
1791389749.031,"B,23180,10,72:3b:01:24:b7:c8,84,3,0,0,-39,S,5c:62:8b:66:67:d2"
1791389749.236,"B,23280,10,b2:db:ca:e6:29:a6,56,2,0,0,-28,S,5c:62:8b:66:67:d2"
1791389749.236,"B,23280,10,5c:62:8b:66:67:d2,0,0,56,2,-47,A,5c:62:8b:66:67:d2"
1791389749.236,"B,23380,10,b2:db:ca:e6:29:a6,28,1,0,0,-28,S,5c:62:8b:66:67:d2"
1791389749.236,"B,23380,10,5c:62:8b:66:67:d2,0,0,224,8,-46,A,5c:62:8b:66:67:d2"
1791389749.236,"B,23380,10,72:3b:01:24:b7:c8,196,7,0,0,-39,S,5c:62:8b:66:67:d2"
1791389749.441,"B,23480,10,b2:db:ca:e6:29:a6,56,2,0,0,-27,S,5c:62:8b:66:67:d2"
1791389749.441,"B,23480,10,5c:62:8b:66:67:d2,0,0,56,2,-46,A,5c:62:8b:66:67:d2"
1791389749.441,"B,23580,10,b2:db:ca:e6:29:a6,28,1,0,0,-27,S,5c:62:8b:66:67:d2"
1791389749.441,"B,23580,10,5c:62:8b:66:67:d2,0,0,56,2,-46,A,5c:62:8b:66:67:d2"
1791389749.441,"B,23580,10,72:3b:01:24:b7:c8,28,1,0,0,-36,S,5c:62:8b:66:67:d2"
1791389749.645,"B,23680,10,5c:62:8b:66:67:d2,0,0,84,3,-47,A,5c:62:8b:66:67:d2"
1791389749.645,"B,23680,10,72:3b:01:24:b7:c8,84,3,0,0,-41,S,5c:62:8b:66:67:d2"
1791389749.850,"B,23880,10,5c:62:8b:66:67:d2,0,0,140,5,-46,A,5c:62:8b:66:67:d2"
1791389749.850,"B,23880,10,72:3b:01:24:b7:c8,140,5,0,0,-41,S,5c:62:8b:66:67:d2"
1791389749.850,"A,23942,10,e6:eb:0e:16:9b:da,-89,Redmi 10"
1791389749.850,"B,23980,10,5c:62:8b:66:67:d2,0,0,56,2,-46,A,5c:62:8b:66:67:d2"
1791389749.850,"B,23980,10,72:3b:01:24:b7:c8,56,2,0,0,-42,S,5c:62:8b:66:67:d2"
1791389750.054,"B,24080,10,b2:db:ca:e6:29:a6,112,4,0,0,-27,S,5c:62:8b:66:67:d2"
1791389750.054,"B,24080,10,5c:62:8b:66:67:d2,0,0,224,8,-45,A,5c:62:8b:66:67:d2"
1791389750.054,"B,24080,10,72:3b:01:24:b7:c8,112,4,0,0,-41,S,5c:62:8b:66:67:d2"
1791389750.054,"B,24080,10,38:d5:7a:f4:5a:37,30,1,0,0,-94,S,46:fb:cf:a9:f4:22"
1791389750.054,"B,24080,10,46:fb:cf:a9:f4:22,0,0,30,1,0,A,46:fb:cf:a9:f4:22"
1791389750.054,"B,24180,10,b2:db:ca:e6:29:a6,56,2,0,0,-28,S,5c:62:8b:66:67:d2"
1791389750.054,"B,24180,10,5c:62:8b:66:67:d2,0,0,56,2,-45,A,5c:62:8b:66:67:d2"
1791389750.258,"B,24280,10,b2:db:ca:e6:29:a6,28,1,0,0,-28,S,5c:62:8b:66:67:d2"
1791389750.258,"B,24280,10,5c:62:8b:66:67:d2,0,0,28,1,-45,A,5c:62:8b:66:67:d2"
1791389750.258,"B,24380,10,b2:db:ca:e6:29:a6,56,2,0,0,-28,S,5c:62:8b:66:67:d2"
1791389750.258,"B,24380,10,5c:62:8b:66:67:d2,0,0,140,5,-45,A,5c:62:8b:66:67:d2"
1791389750.258,"B,24380,10,72:3b:01:24:b7:c8,84,3,0,0,-42,S,5c:62:8b:66:67:d2"
1791389750.463,"B,24480,10,b2:db:ca:e6:29:a6,56,2,0,0,-27,S,5c:62:8b:66:67:d2"
1791389750.463,"B,24480,10,5c:62:8b:66:67:d2,0,0,168,6,-46,A,5c:62:8b:66:67:d2"
1791389750.463,"B,24480,10,72:3b:01:24:b7:c8,112,4,0,0,-35,S,5c:62:8b:66:67:d2"
1791389750.463,"B,24580,10,b2:db:ca:e6:29:a6,56,2,0,0,-29,S,5c:62:8b:66:67:d2"
1791389750.463,"B,24580,10,5c:62:8b:66:67:d2,0,0,56,2,-45,A,5c:62:8b:66:67:d2"
1791389750.668,"B,24680,10,b2:db:ca:e6:29:a6,28,1,0,0,-29,S,5c:62:8b:66:67:d2"
1791389750.668,"B,24680,10,5c:62:8b:66:67:d2,0,0,140,5,-45,A,5c:62:8b:66:67:d2"
1791389750.668,"B,24680,10,72:3b:01:24:b7:c8,112,4,0,0,-38,S,5c:62:8b:66:67:d2"
1791389750.668,"B,24780,10,b2:db:ca:e6:29:a6,28,1,0,0,-29,S,5c:62:8b:66:67:d2"
1791389750.668,"B,24780,10,5c:62:8b:66:67:d2,0,0,252,9,-46,A,5c:62:8b:66:67:d2"
1791389750.668,"B,24780,10,72:3b:01:24:b7:c8,224,8,0,0,-41,S,5c:62:8b:66:67:d2"
1791389750.869,"B,24880,10,5c:62:8b:66:67:d2,0,0,140,5,-46,A,5c:62:8b:66:67:d2"
1791389750.869,"B,24880,10,72:3b:01:24:b7:c8,140,5,0,0,-43,S,5c:62:8b:66:67:d2"
1791389750.869,"B,24980,10,5c:62:8b:66:67:d2,0,0,84,3,-43,A,5c:62:8b:66:67:d2"
1791389750.869,"B,24980,10,72:3b:01:24:b7:c8,84,3,0,0,-39,S,5c:62:8b:66:67:d2"
1791389751.071,"I,25090,stat,rx=1176,drops=0,ch=10,bin=100,hop=0,heap=203064"
1791389751.071,"B,25180,10,5c:62:8b:66:67:d2,0,0,84,3,-43,A,5c:62:8b:66:67:d2"
1791389751.071,"B,25180,10,72:3b:01:24:b7:c8,84,3,0,0,-41,S,5c:62:8b:66:67:d2"
1791389751.271,"B,25380,10,5c:62:8b:66:67:d2,0,0,56,2,-44,A,5c:62:8b:66:67:d2"
1791389751.271,"B,25380,10,72:3b:01:24:b7:c8,56,2,0,0,-36,S,5c:62:8b:66:67:d2"
1791389751.476,"B,25580,10,5c:62:8b:66:67:d2,0,0,112,4,-42,A,5c:62:8b:66:67:d2"
1791389751.476,"B,25580,10,72:3b:01:24:b7:c8,112,4,0,0,-42,S,5c:62:8b:66:67:d2"
1791389751.681,"B,25780,10,5c:62:8b:66:67:d2,0,0,112,4,-42,A,5c:62:8b:66:67:d2"
1791389751.681,"B,25780,10,72:3b:01:24:b7:c8,112,4,0,0,-37,S,5c:62:8b:66:67:d2"
1791389751.887,"B,25880,10,5c:62:8b:66:67:d2,0,0,28,1,-45,A,5c:62:8b:66:67:d2"
1791389751.887,"B,25880,10,72:3b:01:24:b7:c8,28,1,0,0,-38,S,5c:62:8b:66:67:d2"
1791389751.887,"M,25958,slot,3,1"
1791389751.887,"B,25980,10,5c:62:8b:66:67:d2,0,0,162,3,-43,A,5c:62:8b:66:67:d2"
1791389751.887,"B,25980,10,72:3b:01:24:b7:c8,162,3,0,0,-35,S,5c:62:8b:66:67:d2"
1791389752.087,"B,26180,10,5c:62:8b:66:67:d2,0,0,56,2,-43,A,5c:62:8b:66:67:d2"
1791389752.087,"B,26180,10,72:3b:01:24:b7:c8,56,2,0,0,-34,S,5c:62:8b:66:67:d2"
1791389752.087,"B,26280,10,5c:62:8b:66:67:d2,0,0,112,4,-44,A,5c:62:8b:66:67:d2"
1791389752.087,"B,26280,10,72:3b:01:24:b7:c8,112,4,0,0,-33,S,5c:62:8b:66:67:d2"
1791389752.288,"B,26380,10,5c:62:8b:66:67:d2,0,0,56,2,-44,A,5c:62:8b:66:67:d2"
1791389752.288,"B,26380,10,72:3b:01:24:b7:c8,56,2,0,0,-32,S,5c:62:8b:66:67:d2"
1791389752.288,"B,26380,10,38:d5:7a:f4:5a:37,30,1,0,0,-93,S,46:fb:cf:a9:f4:22"
1791389752.288,"B,26380,10,46:fb:cf:a9:f4:22,0,0,30,1,0,A,46:fb:cf:a9:f4:22"
1791389752.288,"B,26480,10,5c:62:8b:66:67:d2,0,0,140,5,-44,A,5c:62:8b:66:67:d2"
1791389752.288,"B,26480,10,72:3b:01:24:b7:c8,140,5,0,0,-33,S,5c:62:8b:66:67:d2"
1791389752.288,"B,26480,10,38:d5:7a:f4:5a:37,120,4,0,0,-93,S,46:fb:cf:a9:f4:22"
1791389752.288,"B,26480,10,46:fb:cf:a9:f4:22,0,0,120,4,0,A,46:fb:cf:a9:f4:22"
1791389752.490,"B,26580,10,38:d5:7a:f4:5a:37,60,2,0,0,-91,S,46:fb:cf:a9:f4:22"
1791389752.490,"B,26580,10,46:fb:cf:a9:f4:22,0,0,60,2,0,A,46:fb:cf:a9:f4:22"
1791389752.490,"B,26680,10,5c:62:8b:66:67:d2,0,0,112,4,-43,A,5c:62:8b:66:67:d2"
1791389752.490,"B,26680,10,72:3b:01:24:b7:c8,112,4,0,0,-36,S,5c:62:8b:66:67:d2"
1791389752.490,"B,26680,10,38:d5:7a:f4:5a:37,60,2,0,0,-94,S,46:fb:cf:a9:f4:22"
1791389752.490,"B,26680,10,46:fb:cf:a9:f4:22,0,0,60,2,0,A,46:fb:cf:a9:f4:22"
1791389752.692,"B,26780,10,5c:62:8b:66:67:d2,0,0,140,5,-43,A,5c:62:8b:66:67:d2"
1791389752.692,"B,26780,10,72:3b:01:24:b7:c8,140,5,0,0,-34,S,5c:62:8b:66:67:d2"
1791389752.692,"B,26880,10,5c:62:8b:66:67:d2,0,0,168,6,-44,A,5c:62:8b:66:67:d2"
1791389752.692,"B,26880,10,72:3b:01:24:b7:c8,168,6,0,0,-36,S,5c:62:8b:66:67:d2"
1791389752.894,"B,27080,10,5c:62:8b:66:67:d2,0,0,56,2,-43,A,5c:62:8b:66:67:d2"
1791389752.894,"B,27080,10,72:3b:01:24:b7:c8,56,2,0,0,-33,S,5c:62:8b:66:67:d2"
1791389753.302,"B,27380,10,5c:62:8b:66:67:d2,0,0,56,2,-42,A,5c:62:8b:66:67:d2"
1791389753.302,"B,27380,10,72:3b:01:24:b7:c8,56,2,0,0,-38,S,5c:62:8b:66:67:d2"
1791389753.302,"B,27480,10,5c:62:8b:66:67:d2,0,0,112,4,-43,A,5c:62:8b:66:67:d2"
1791389753.302,"B,27480,10,72:3b:01:24:b7:c8,112,4,0,0,-35,S,5c:62:8b:66:67:d2"
1791389753.507,"B,27680,10,5c:62:8b:66:67:d2,0,0,84,3,-43,A,5c:62:8b:66:67:d2"
1791389753.507,"B,27680,10,72:3b:01:24:b7:c8,84,3,0,0,-34,S,5c:62:8b:66:67:d2"
1791389753.712,"B,27780,10,5c:62:8b:66:67:d2,0,0,106,1,-42,A,5c:62:8b:66:67:d2"
1791389753.712,"B,27780,10,72:3b:01:24:b7:c8,106,1,0,0,-39,S,5c:62:8b:66:67:d2"
1791389753.712,"B,27880,10,5c:62:8b:66:67:d2,246,3,224,8,-47,A,5c:62:8b:66:67:d2"
1791389753.712,"B,27880,10,72:3b:01:24:b7:c8,224,8,246,3,-37,S,5c:62:8b:66:67:d2"
1791389753.918,"B,27980,10,5c:62:8b:66:67:d2,0,0,84,3,-43,A,5c:62:8b:66:67:d2"
1791389753.918,"B,27980,10,72:3b:01:24:b7:c8,84,3,0,0,-34,S,5c:62:8b:66:67:d2"
1791389753.918,"B,28080,10,5c:62:8b:66:67:d2,0,0,28,1,-42,A,5c:62:8b:66:67:d2"
1791389753.918,"B,28080,10,72:3b:01:24:b7:c8,28,1,0,0,-41,S,5c:62:8b:66:67:d2"
1791389754.119,"B,28180,10,5c:62:8b:66:67:d2,0,0,112,4,-43,A,5c:62:8b:66:67:d2"
1791389754.119,"B,28180,10,72:3b:01:24:b7:c8,112,4,0,0,-34,S,5c:62:8b:66:67:d2"
1791389754.323,"B,28380,10,b2:db:ca:e6:29:a6,28,1,0,0,-27,S,5c:62:8b:66:67:d2"
1791389754.323,"B,28380,10,5c:62:8b:66:67:d2,0,0,196,7,-43,A,5c:62:8b:66:67:d2"
1791389754.323,"B,28380,10,72:3b:01:24:b7:c8,168,6,0,0,-35,S,5c:62:8b:66:67:d2"
1791389754.323,"B,28480,10,b2:db:ca:e6:29:a6,28,1,0,0,-27,S,5c:62:8b:66:67:d2"
1791389754.323,"B,28480,10,5c:62:8b:66:67:d2,0,0,28,1,-43,A,5c:62:8b:66:67:d2"
1791389754.527,"B,28580,10,b2:db:ca:e6:29:a6,56,2,0,0,-27,S,5c:62:8b:66:67:d2"
1791389754.527,"B,28580,10,5c:62:8b:66:67:d2,0,0,168,6,-42,A,5c:62:8b:66:67:d2"
1791389754.527,"B,28580,10,72:3b:01:24:b7:c8,112,4,0,0,-36,S,5c:62:8b:66:67:d2"
1791389754.527,"B,28680,10,b2:db:ca:e6:29:a6,28,1,0,0,-27,S,5c:62:8b:66:67:d2"
1791389754.527,"B,28680,10,5c:62:8b:66:67:d2,0,0,28,1,-43,A,5c:62:8b:66:67:d2"
1791389754.730,"B,28780,10,b2:db:ca:e6:29:a6,56,2,0,0,-27,S,5c:62:8b:66:67:d2"
1791389754.730,"B,28780,10,5c:62:8b:66:67:d2,0,0,336,12,-44,A,5c:62:8b:66:67:d2"
1791389754.730,"B,28780,10,72:3b:01:24:b7:c8,280,10,0,0,-38,S,5c:62:8b:66:67:d2"
1791389754.730,"B,28880,10,b2:db:ca:e6:29:a6,28,1,0,0,-28,S,5c:62:8b:66:67:d2"
1791389754.730,"B,28880,10,5c:62:8b:66:67:d2,0,0,84,3,-43,A,5c:62:8b:66:67:d2"
1791389754.730,"B,28880,10,72:3b:01:24:b7:c8,56,2,0,0,-39,S,5c:62:8b:66:67:d2"
1791389754.935,"B,28980,10,b2:db:ca:e6:29:a6,56,2,0,0,-26,S,5c:62:8b:66:67:d2"
1791389754.935,"B,28980,10,5c:62:8b:66:67:d2,0,0,168,6,-43,A,5c:62:8b:66:67:d2"
1791389754.935,"B,28980,10,72:3b:01:24:b7:c8,112,4,0,0,-38,S,5c:62:8b:66:67:d2"
1791389754.935,"B,29080,10,b2:db:ca:e6:29:a6,56,2,0,0,-26,S,5c:62:8b:66:67:d2"
1791389754.935,"B,29080,10,5c:62:8b:66:67:d2,0,0,56,2,-43,A,5c:62:8b:66:67:d2"
1791389755.135,"B,29180,10,b2:db:ca:e6:29:a6,56,2,0,0,-25,S,5c:62:8b:66:67:d2"
1791389755.135,"B,29180,10,5c:62:8b:66:67:d2,0,0,112,4,-42,A,5c:62:8b:66:67:d2"
1791389755.135,"B,29180,10,72:3b:01:24:b7:c8,56,2,0,0,-38,S,5c:62:8b:66:67:d2"
1791389755.135,"B,29280,10,b2:db:ca:e6:29:a6,56,2,0,0,-28,S,5c:62:8b:66:67:d2"
1791389755.135,"B,29280,10,5c:62:8b:66:67:d2,0,0,1249,3,-42,A,5c:62:8b:66:67:d2"
1791389755.135,"B,29280,10,72:3b:01:24:b7:c8,1193,1,0,0,-33,S,5c:62:8b:66:67:d2"
1791389755.336,"B,29380,10,b2:db:ca:e6:29:a6,84,3,0,0,-26,S,5c:62:8b:66:67:d2"
1791389755.336,"B,29380,10,5c:62:8b:66:67:d2,0,0,224,8,-43,A,5c:62:8b:66:67:d2"
1791389755.336,"B,29380,10,72:3b:01:24:b7:c8,140,5,0,0,-37,S,5c:62:8b:66:67:d2"
1791389755.336,"B,29480,10,b2:db:ca:e6:29:a6,28,1,0,0,-27,S,5c:62:8b:66:67:d2"
1791389755.336,"B,29480,10,5c:62:8b:66:67:d2,0,0,112,4,-42,A,5c:62:8b:66:67:d2"
1791389755.336,"B,29480,10,72:3b:01:24:b7:c8,84,3,0,0,-34,S,5c:62:8b:66:67:d2"
1791389755.541,"B,29580,10,b2:db:ca:e6:29:a6,84,3,0,0,-27,S,5c:62:8b:66:67:d2"
1791389755.541,"B,29580,10,5c:62:8b:66:67:d2,0,0,84,3,0,A,5c:62:8b:66:67:d2"
1791389755.541,"B,29680,10,b2:db:ca:e6:29:a6,28,1,0,0,-27,S,5c:62:8b:66:67:d2"
1791389755.541,"B,29680,10,5c:62:8b:66:67:d2,0,0,140,5,-42,A,5c:62:8b:66:67:d2"
1791389755.541,"B,29680,10,72:3b:01:24:b7:c8,112,4,0,0,-36,S,5c:62:8b:66:67:d2"
1791389755.746,"B,29780,10,b2:db:ca:e6:29:a6,84,3,0,0,-28,S,5c:62:8b:66:67:d2"
1791389755.746,"B,29780,10,5c:62:8b:66:67:d2,0,0,84,3,-43,A,5c:62:8b:66:67:d2"
1791389755.746,"B,29880,10,5c:62:8b:66:67:d2,0,0,112,4,-43,A,5c:62:8b:66:67:d2"
1791389755.746,"B,29880,10,72:3b:01:24:b7:c8,112,4,0,0,-36,S,5c:62:8b:66:67:d2"
1791389755.951,"B,29980,10,b2:db:ca:e6:29:a6,56,2,0,0,-28,S,5c:62:8b:66:67:d2"
1791389755.951,"B,29980,10,5c:62:8b:66:67:d2,0,0,84,3,-43,A,5c:62:8b:66:67:d2"
1791389755.951,"B,29980,10,72:3b:01:24:b7:c8,28,1,0,0,-38,S,5c:62:8b:66:67:d2"
1791389755.951,"B,30080,10,b2:db:ca:e6:29:a6,56,2,0,0,-28,S,5c:62:8b:66:67:d2"
1791389755.951,"B,30080,10,5c:62:8b:66:67:d2,0,0,168,6,-45,A,5c:62:8b:66:67:d2"
1791389755.951,"B,30080,10,72:3b:01:24:b7:c8,112,4,0,0,-35,S,5c:62:8b:66:67:d2"
1791389755.951,"B,30080,10,80:af:ca:68:4c:f8,104,1,0,0,-82,A,80:af:ca:68:4c:f8"
1791389755.951,"I,30090,stat,rx=1413,drops=0,ch=10,bin=100,hop=0,heap=203064"
1791389756.153,"B,30180,10,b2:db:ca:e6:29:a6,56,2,0,0,-28,S,5c:62:8b:66:67:d2"
1791389756.153,"B,30180,10,5c:62:8b:66:67:d2,0,0,56,2,-45,A,5c:62:8b:66:67:d2"
1791389756.153,"B,30280,10,b2:db:ca:e6:29:a6,56,2,0,0,-28,S,5c:62:8b:66:67:d2"
1791389756.153,"B,30280,10,5c:62:8b:66:67:d2,0,0,168,6,-45,A,5c:62:8b:66:67:d2"
1791389756.153,"B,30280,10,72:3b:01:24:b7:c8,112,4,0,0,-37,S,5c:62:8b:66:67:d2"
1791389756.359,"B,30380,10,b2:db:ca:e6:29:a6,56,2,0,0,-29,S,5c:62:8b:66:67:d2"
1791389756.359,"B,30380,10,5c:62:8b:66:67:d2,0,0,84,3,-47,A,5c:62:8b:66:67:d2"
1791389756.359,"B,30380,10,72:3b:01:24:b7:c8,28,1,0,0,-37,S,5c:62:8b:66:67:d2"
1791389756.359,"B,30480,10,b2:db:ca:e6:29:a6,56,2,0,0,-29,S,5c:62:8b:66:67:d2"
1791389756.359,"B,30480,10,5c:62:8b:66:67:d2,0,0,168,6,-46,A,5c:62:8b:66:67:d2"
1791389756.359,"B,30480,10,72:3b:01:24:b7:c8,112,4,0,0,-38,S,5c:62:8b:66:67:d2"
1791389756.562,"B,30580,10,b2:db:ca:e6:29:a6,56,2,0,0,-28,S,5c:62:8b:66:67:d2"
1791389756.562,"B,30580,10,5c:62:8b:66:67:d2,0,0,56,2,-46,A,5c:62:8b:66:67:d2"
1791389756.562,"B,30680,10,b2:db:ca:e6:29:a6,84,3,0,0,-29,S,5c:62:8b:66:67:d2"
1791389756.562,"B,30680,10,5c:62:8b:66:67:d2,0,0,196,7,-46,A,5c:62:8b:66:67:d2"
1791389756.562,"B,30680,10,72:3b:01:24:b7:c8,112,4,0,0,-37,S,5c:62:8b:66:67:d2"
1791389756.767,"B,30780,10,b2:db:ca:e6:29:a6,28,1,0,0,-28,S,5c:62:8b:66:67:d2"
1791389756.767,"B,30780,10,5c:62:8b:66:67:d2,0,0,224,8,-46,A,5c:62:8b:66:67:d2"
1791389756.767,"B,30780,10,72:3b:01:24:b7:c8,196,7,0,0,-36,S,5c:62:8b:66:67:d2"
1791389756.767,"B,30880,10,5c:62:8b:66:67:d2,0,0,112,4,-46,A,5c:62:8b:66:67:d2"
1791389756.767,"B,30880,10,72:3b:01:24:b7:c8,112,4,0,0,-35,S,5c:62:8b:66:67:d2"
1791389756.972,"B,30980,10,b2:db:ca:e6:29:a6,56,2,0,0,-28,S,5c:62:8b:66:67:d2"
1791389756.972,"B,30980,10,5c:62:8b:66:67:d2,0,0,168,6,-46,A,5c:62:8b:66:67:d2"
1791389756.972,"B,30980,10,72:3b:01:24:b7:c8,112,4,0,0,-37,S,5c:62:8b:66:67:d2"
1791389756.972,"M,31024,slot,4,1"
1791389756.972,"B,31080,10,b2:db:ca:e6:29:a6,56,2,0,0,-28,S,5c:62:8b:66:67:d2"
1791389756.972,"B,31080,10,5c:62:8b:66:67:d2,0,0,56,2,-46,A,5c:62:8b:66:67:d2"
1791389757.175,"B,31180,10,b2:db:ca:e6:29:a6,84,3,0,0,-27,S,5c:62:8b:66:67:d2"
1791389757.175,"B,31180,10,5c:62:8b:66:67:d2,0,0,196,7,-46,A,5c:62:8b:66:67:d2"
1791389757.175,"B,31180,10,72:3b:01:24:b7:c8,112,4,0,0,-37,S,5c:62:8b:66:67:d2"
1791389757.175,"B,31280,10,b2:db:ca:e6:29:a6,28,1,0,0,-29,S,5c:62:8b:66:67:d2"
1791389757.175,"B,31280,10,5c:62:8b:66:67:d2,0,0,28,1,-46,A,5c:62:8b:66:67:d2"
1791389757.380,"B,31380,10,b2:db:ca:e6:29:a6,56,2,0,0,-28,S,5c:62:8b:66:67:d2"
1791389757.380,"B,31380,10,5c:62:8b:66:67:d2,0,0,224,8,-46,A,5c:62:8b:66:67:d2"
1791389757.380,"B,31380,10,72:3b:01:24:b7:c8,168,6,0,0,-36,S,5c:62:8b:66:67:d2"
1791389757.380,"B,31480,10,b2:db:ca:e6:29:a6,56,2,0,0,-28,S,5c:62:8b:66:67:d2"
1791389757.380,"B,31480,10,5c:62:8b:66:67:d2,0,0,56,2,-46,A,5c:62:8b:66:67:d2"
1791389757.581,"B,31580,10,b2:db:ca:e6:29:a6,56,2,0,0,-29,S,5c:62:8b:66:67:d2"
1791389757.581,"B,31580,10,5c:62:8b:66:67:d2,0,0,84,3,-46,A,5c:62:8b:66:67:d2"
1791389757.581,"B,31580,10,72:3b:01:24:b7:c8,28,1,0,0,-37,S,5c:62:8b:66:67:d2"
1791389757.581,"B,31580,10,38:d5:7a:f4:5a:37,60,2,0,0,-94,S,46:fb:cf:a9:f4:22"
1791389757.581,"B,31580,10,46:fb:cf:a9:f4:22,0,0,60,2,0,A,46:fb:cf:a9:f4:22"
1791389757.581,"B,31680,10,b2:db:ca:e6:29:a6,56,2,0,0,-28,S,5c:62:8b:66:67:d2"
1791389757.581,"B,31680,10,5c:62:8b:66:67:d2,0,0,56,2,-46,A,5c:62:8b:66:67:d2"
1791389757.781,"B,31780,10,b2:db:ca:e6:29:a6,28,1,0,0,-28,S,5c:62:8b:66:67:d2"
1791389757.781,"B,31780,10,5c:62:8b:66:67:d2,0,0,140,5,-46,A,5c:62:8b:66:67:d2"
1791389757.781,"B,31780,10,72:3b:01:24:b7:c8,112,4,0,0,-35,S,5c:62:8b:66:67:d2"
1791389757.781,"B,31880,10,b2:db:ca:e6:29:a6,28,1,0,0,-28,S,5c:62:8b:66:67:d2"
1791389757.781,"B,31880,10,5c:62:8b:66:67:d2,0,0,56,2,-47,A,5c:62:8b:66:67:d2"
1791389757.781,"B,31880,10,72:3b:01:24:b7:c8,28,1,0,0,-32,S,5c:62:8b:66:67:d2"
1791389757.981,"B,31980,10,b2:db:ca:e6:29:a6,28,1,0,0,-28,S,5c:62:8b:66:67:d2"
1791389757.981,"B,31980,10,5c:62:8b:66:67:d2,0,0,84,3,-47,A,5c:62:8b:66:67:d2"
1791389757.981,"B,31980,10,72:3b:01:24:b7:c8,56,2,0,0,-34,S,5c:62:8b:66:67:d2"
1791389757.981,"B,31980,10,38:d5:7a:f4:5a:37,30,1,0,0,-94,S,46:fb:cf:a9:f4:22"
1791389757.981,"B,31980,10,46:fb:cf:a9:f4:22,0,0,30,1,0,A,46:fb:cf:a9:f4:22"
1791389758.182,"B,32180,10,5c:62:8b:66:67:d2,0,0,112,4,-46,A,5c:62:8b:66:67:d2"
1791389758.182,"B,32180,10,72:3b:01:24:b7:c8,112,4,0,0,-36,S,5c:62:8b:66:67:d2"
1791389758.182,"B,32280,10,46:fb:cf:a9:f4:22,0,0,56,2,0,A,46:fb:cf:a9:f4:22"
1791389758.182,"B,32280,10,d2:cf:53:d5:b8:26,56,2,0,0,-94,S,46:fb:cf:a9:f4:22"
1791389758.387,"B,32380,10,5c:62:8b:66:67:d2,0,0,168,6,-45,A,5c:62:8b:66:67:d2"
1791389758.387,"B,32380,10,72:3b:01:24:b7:c8,168,6,0,0,-36,S,5c:62:8b:66:67:d2"
1791389758.387,"B,32480,10,5c:62:8b:66:67:d2,0,0,112,4,-47,A,5c:62:8b:66:67:d2"
1791389758.387,"B,32480,10,72:3b:01:24:b7:c8,112,4,0,0,-36,S,5c:62:8b:66:67:d2"
1791389758.589,"B,32680,10,5c:62:8b:66:67:d2,0,0,84,3,-46,A,5c:62:8b:66:67:d2"
1791389758.589,"B,32680,10,72:3b:01:24:b7:c8,84,3,0,0,-35,S,5c:62:8b:66:67:d2"
1791389758.589,"B,32780,10,5c:62:8b:66:67:d2,0,0,196,7,-46,A,5c:62:8b:66:67:d2"
1791389758.589,"B,32780,10,72:3b:01:24:b7:c8,196,7,0,0,-36,S,5c:62:8b:66:67:d2"
1791389758.790,"B,32880,10,5c:62:8b:66:67:d2,0,0,196,7,-46,A,5c:62:8b:66:67:d2"
1791389758.790,"B,32880,10,72:3b:01:24:b7:c8,196,7,0,0,-35,S,5c:62:8b:66:67:d2"
1791389758.790,"B,32980,10,46:fb:cf:a9:f4:22,0,0,84,3,0,A,46:fb:cf:a9:f4:22"
1791389758.790,"B,32980,10,d2:cf:53:d5:b8:26,84,3,0,0,-94,S,46:fb:cf:a9:f4:22"
1791389758.995,"B,33080,10,5c:62:8b:66:67:d2,0,0,56,2,-46,A,5c:62:8b:66:67:d2"
1791389758.995,"B,33080,10,72:3b:01:24:b7:c8,56,2,0,0,-34,S,5c:62:8b:66:67:d2"
1791389759.197,"B,33380,10,5c:62:8b:66:67:d2,0,0,84,3,-46,A,5c:62:8b:66:67:d2"
1791389759.197,"B,33380,10,72:3b:01:24:b7:c8,84,3,0,0,-32,S,5c:62:8b:66:67:d2"
1791389759.400,"B,33480,10,b2:db:ca:e6:29:a6,56,2,0,0,-27,S,5c:62:8b:66:67:d2"
1791389759.400,"B,33480,10,5c:62:8b:66:67:d2,0,0,140,5,-46,A,5c:62:8b:66:67:d2"
1791389759.400,"B,33480,10,72:3b:01:24:b7:c8,84,3,0,0,-39,S,5c:62:8b:66:67:d2"
1791389759.400,"B,33480,10,46:fb:cf:a9:f4:22,0,0,28,1,0,A,46:fb:cf:a9:f4:22"
1791389759.400,"B,33480,10,d2:cf:53:d5:b8:26,28,1,0,0,-89,S,46:fb:cf:a9:f4:22"
1791389759.400,"B,33580,10,b2:db:ca:e6:29:a6,28,1,0,0,-28,S,5c:62:8b:66:67:d2"
1791389759.400,"B,33580,10,5c:62:8b:66:67:d2,0,0,28,1,-46,A,5c:62:8b:66:67:d2"
1791389759.602,"B,33680,10,b2:db:ca:e6:29:a6,56,2,0,0,-28,S,5c:62:8b:66:67:d2"
1791389759.602,"B,33680,10,5c:62:8b:66:67:d2,0,0,140,5,0,A,5c:62:8b:66:67:d2"
1791389759.602,"B,33680,10,72:3b:01:24:b7:c8,84,3,0,0,-35,S,5c:62:8b:66:67:d2"
1791389759.602,"B,33780,10,b2:db:ca:e6:29:a6,56,2,0,0,-28,S,5c:62:8b:66:67:d2"
1791389759.602,"B,33780,10,5c:62:8b:66:67:d2,0,0,56,2,-46,A,5c:62:8b:66:67:d2"
1791389759.803,"B,33880,10,b2:db:ca:e6:29:a6,28,1,0,0,-28,S,5c:62:8b:66:67:d2"
1791389759.803,"B,33880,10,5c:62:8b:66:67:d2,0,0,196,7,-47,A,5c:62:8b:66:67:d2"
1791389759.803,"B,33880,10,72:3b:01:24:b7:c8,168,6,0,0,-35,S,5c:62:8b:66:67:d2"
1791389759.803,"B,33980,10,b2:db:ca:e6:29:a6,84,3,0,0,-28,S,5c:62:8b:66:67:d2"
1791389759.803,"B,33980,10,5c:62:8b:66:67:d2,0,0,196,7,-46,A,5c:62:8b:66:67:d2"
1791389759.803,"B,33980,10,72:3b:01:24:b7:c8,112,4,0,0,-38,S,5c:62:8b:66:67:d2"
1791389760.004,"B,34080,10,b2:db:ca:e6:29:a6,28,1,0,0,-27,S,5c:62:8b:66:67:d2"
1791389760.004,"B,34080,10,5c:62:8b:66:67:d2,0,0,28,1,-46,A,5c:62:8b:66:67:d2"
1791389760.004,"B,34180,10,b2:db:ca:e6:29:a6,28,1,0,0,-28,S,5c:62:8b:66:67:d2"
1791389760.004,"B,34180,10,5c:62:8b:66:67:d2,0,0,140,5,-46,A,5c:62:8b:66:67:d2"
1791389760.004,"B,34180,10,72:3b:01:24:b7:c8,112,4,0,0,-36,S,5c:62:8b:66:67:d2"
1791389760.209,"B,34280,10,b2:db:ca:e6:29:a6,56,2,0,0,-27,S,5c:62:8b:66:67:d2"
1791389760.209,"B,34280,10,5c:62:8b:66:67:d2,88,1,1610,3,-48,A,5c:62:8b:66:67:d2"
1791389760.209,"B,34280,10,72:3b:01:24:b7:c8,1554,1,0,0,-40,S,5c:62:8b:66:67:d2"
1791389760.209,"B,34380,10,b2:db:ca:e6:29:a6,56,2,0,0,-27,S,5c:62:8b:66:67:d2"
1791389760.209,"B,34380,10,5c:62:8b:66:67:d2,0,0,168,6,-46,A,5c:62:8b:66:67:d2"
1791389760.209,"B,34380,10,72:3b:01:24:b7:c8,112,4,0,0,-36,S,5c:62:8b:66:67:d2"
1791389760.411,"B,34480,10,b2:db:ca:e6:29:a6,56,2,0,0,-27,S,5c:62:8b:66:67:d2"
1791389760.411,"B,34480,10,5c:62:8b:66:67:d2,0,0,84,3,-46,A,5c:62:8b:66:67:d2"
1791389760.411,"B,34480,10,72:3b:01:24:b7:c8,28,1,0,0,-34,S,5c:62:8b:66:67:d2"
1791389760.411,"B,34580,10,b2:db:ca:e6:29:a6,56,2,0,0,-28,S,5c:62:8b:66:67:d2"
1791389760.411,"B,34580,10,5c:62:8b:66:67:d2,0,0,140,5,-46,A,5c:62:8b:66:67:d2"
1791389760.411,"B,34580,10,72:3b:01:24:b7:c8,84,3,0,0,-35,S,5c:62:8b:66:67:d2"
1791389760.616,"B,34680,10,b2:db:ca:e6:29:a6,56,2,0,0,-28,S,5c:62:8b:66:67:d2"
1791389760.616,"B,34680,10,5c:62:8b:66:67:d2,0,0,56,2,-46,A,5c:62:8b:66:67:d2"
1791389760.616,"B,34780,10,b2:db:ca:e6:29:a6,56,2,0,0,-27,S,5c:62:8b:66:67:d2"
1791389760.616,"B,34780,10,5c:62:8b:66:67:d2,0,0,280,10,-46,A,5c:62:8b:66:67:d2"
1791389760.616,"B,34780,10,72:3b:01:24:b7:c8,224,8,0,0,-37,S,5c:62:8b:66:67:d2"
1791389760.819,"B,34880,10,b2:db:ca:e6:29:a6,84,3,0,0,-27,S,5c:62:8b:66:67:d2"
1791389760.819,"B,34880,10,5c:62:8b:66:67:d2,0,0,112,4,-46,A,5c:62:8b:66:67:d2"
1791389760.819,"B,34880,10,72:3b:01:24:b7:c8,28,1,0,0,-39,S,5c:62:8b:66:67:d2"
1791389760.819,"B,34980,10,b2:db:ca:e6:29:a6,28,1,0,0,-27,S,5c:62:8b:66:67:d2"
1791389760.819,"B,34980,10,5c:62:8b:66:67:d2,0,0,140,5,-46,A,5c:62:8b:66:67:d2"
1791389760.819,"B,34980,10,72:3b:01:24:b7:c8,112,4,0,0,-37,S,5c:62:8b:66:67:d2"
1791389761.020,"B,35080,10,b2:db:ca:e6:29:a6,28,1,0,0,-27,S,5c:62:8b:66:67:d2"
1791389761.020,"B,35080,10,5c:62:8b:66:67:d2,0,0,28,1,-46,A,5c:62:8b:66:67:d2"
1791389761.020,"I,35090,stat,rx=1687,drops=0,ch=10,bin=100,hop=0,heap=203064"
1791389761.020,"B,35180,10,5c:62:8b:66:67:d2,0,0,84,3,-47,A,5c:62:8b:66:67:d2"
1791389761.020,"B,35180,10,72:3b:01:24:b7:c8,84,3,0,0,-39,S,5c:62:8b:66:67:d2"
1791389761.223,"B,35280,10,5c:62:8b:66:67:d2,0,0,28,1,-47,A,5c:62:8b:66:67:d2"
1791389761.223,"B,35280,10,72:3b:01:24:b7:c8,28,1,0,0,-40,S,5c:62:8b:66:67:d2"
1791389761.223,"B,35380,10,5c:62:8b:66:67:d2,0,0,84,3,-47,A,5c:62:8b:66:67:d2"
1791389761.223,"B,35380,10,72:3b:01:24:b7:c8,84,3,0,0,-39,S,5c:62:8b:66:67:d2"
1791389761.425,"B,35480,10,5c:62:8b:66:67:d2,0,0,140,5,-46,A,5c:62:8b:66:67:d2"
1791389761.425,"B,35480,10,72:3b:01:24:b7:c8,140,5,0,0,-37,S,5c:62:8b:66:67:d2"
1791389761.630,"B,35680,10,5c:62:8b:66:67:d2,0,0,112,4,-47,A,5c:62:8b:66:67:d2"
1791389761.630,"B,35680,10,72:3b:01:24:b7:c8,112,4,0,0,-36,S,5c:62:8b:66:67:d2"
1791389761.835,"B,35880,10,5c:62:8b:66:67:d2,0,0,84,3,-46,A,5c:62:8b:66:67:d2"
1791389761.835,"B,35880,10,72:3b:01:24:b7:c8,84,3,0,0,-35,S,5c:62:8b:66:67:d2"
1791389762.036,"B,36080,10,5c:62:8b:66:67:d2,0,0,28,1,-47,A,5c:62:8b:66:67:d2"
1791389762.036,"B,36080,10,72:3b:01:24:b7:c8,28,1,0,0,-40,S,5c:62:8b:66:67:d2"
1791389762.036,"M,36102,slot,5,1"
1791389762.036,"B,36180,10,b2:db:ca:e6:29:a6,28,1,0,0,-28,S,5c:62:8b:66:67:d2"
1791389762.036,"B,36180,10,5c:62:8b:66:67:d2,0,0,28,1,-47,A,5c:62:8b:66:67:d2"
1791389762.241,"B,36280,10,b2:db:ca:e6:29:a6,56,2,0,0,-28,S,5c:62:8b:66:67:d2"
1791389762.241,"B,36280,10,5c:62:8b:66:67:d2,0,0,112,4,-46,A,5c:62:8b:66:67:d2"
1791389762.241,"B,36280,10,72:3b:01:24:b7:c8,56,2,0,0,-37,S,5c:62:8b:66:67:d2"
1791389762.241,"B,36380,10,b2:db:ca:e6:29:a6,56,2,0,0,-28,S,5c:62:8b:66:67:d2"
1791389762.241,"B,36380,10,5c:62:8b:66:67:d2,0,0,84,3,-48,A,5c:62:8b:66:67:d2"
1791389762.241,"B,36380,10,72:3b:01:24:b7:c8,28,1,0,0,-40,S,5c:62:8b:66:67:d2"
1791389762.442,"B,36480,10,5c:62:8b:66:67:d2,0,0,56,2,-47,A,5c:62:8b:66:67:d2"
1791389762.442,"B,36480,10,72:3b:01:24:b7:c8,56,2,0,0,-37,S,5c:62:8b:66:67:d2"
1791389762.442,"B,36580,10,b2:db:ca:e6:29:a6,28,1,0,0,-29,S,5c:62:8b:66:67:d2"
1791389762.442,"B,36580,10,5c:62:8b:66:67:d2,0,0,28,1,-46,A,5c:62:8b:66:67:d2"
1791389762.647,"B,36680,10,5c:62:8b:66:67:d2,0,0,112,4,-47,A,5c:62:8b:66:67:d2"
1791389762.647,"B,36680,10,72:3b:01:24:b7:c8,112,4,0,0,-37,S,5c:62:8b:66:67:d2"
1791389762.647,"B,36780,10,5c:62:8b:66:67:d2,0,0,252,9,-46,A,5c:62:8b:66:67:d2"
1791389762.647,"B,36780,10,72:3b:01:24:b7:c8,252,9,0,0,-39,S,5c:62:8b:66:67:d2"
1791389762.852,"B,36880,10,5c:62:8b:66:67:d2,0,0,140,5,-47,A,5c:62:8b:66:67:d2"
1791389762.852,"B,36880,10,72:3b:01:24:b7:c8,140,5,0,0,-38,S,5c:62:8b:66:67:d2"
1791389762.852,"B,36980,10,5c:62:8b:66:67:d2,0,0,112,4,-46,A,5c:62:8b:66:67:d2"
1791389762.852,"B,36980,10,72:3b:01:24:b7:c8,112,4,0,0,-40,S,5c:62:8b:66:67:d2"
1791389763.054,"B,37180,10,5c:62:8b:66:67:d2,0,0,112,4,-46,A,5c:62:8b:66:67:d2"
1791389763.054,"B,37180,10,72:3b:01:24:b7:c8,112,4,0,0,-39,S,5c:62:8b:66:67:d2"
1791389763.260,"B,37380,10,5c:62:8b:66:67:d2,0,0,140,5,-46,A,5c:62:8b:66:67:d2"
1791389763.260,"B,37380,10,72:3b:01:24:b7:c8,140,5,0,0,-37,S,5c:62:8b:66:67:d2"
1791389763.465,"B,37580,10,5c:62:8b:66:67:d2,0,0,84,3,-46,A,5c:62:8b:66:67:d2"
1791389763.465,"B,37580,10,72:3b:01:24:b7:c8,84,3,0,0,-39,S,5c:62:8b:66:67:d2"
1791389763.668,"B,37780,10,5c:62:8b:66:67:d2,0,0,84,3,-47,A,5c:62:8b:66:67:d2"
1791389763.668,"B,37780,10,72:3b:01:24:b7:c8,84,3,0,0,-40,S,5c:62:8b:66:67:d2"
1791389763.869,"B,37880,10,5c:62:8b:66:67:d2,0,0,56,2,0,A,5c:62:8b:66:67:d2"
1791389763.869,"B,37880,10,72:3b:01:24:b7:c8,56,2,0,0,-41,S,5c:62:8b:66:67:d2"
1791389763.869,"B,37980,10,5c:62:8b:66:67:d2,0,0,112,4,-46,A,5c:62:8b:66:67:d2"
1791389763.869,"B,37980,10,72:3b:01:24:b7:c8,112,4,0,0,-38,S,5c:62:8b:66:67:d2"
1791389764.074,"B,38180,10,5c:62:8b:66:67:d2,388,3,112,4,-47,A,5c:62:8b:66:67:d2"
1791389764.074,"B,38180,10,72:3b:01:24:b7:c8,112,4,388,3,-39,S,5c:62:8b:66:67:d2"
1791389764.279,"B,38380,10,5c:62:8b:66:67:d2,0,0,140,5,-46,A,5c:62:8b:66:67:d2"
1791389764.279,"B,38380,10,72:3b:01:24:b7:c8,140,5,0,0,-38,S,5c:62:8b:66:67:d2"
1791389764.483,"B,38480,10,5c:62:8b:66:67:d2,0,0,84,3,-47,A,5c:62:8b:66:67:d2"
1791389764.483,"B,38480,10,72:3b:01:24:b7:c8,84,3,0,0,-38,S,5c:62:8b:66:67:d2"
1791389764.483,"B,38580,10,5c:62:8b:66:67:d2,0,0,28,1,-46,A,5c:62:8b:66:67:d2"
1791389764.483,"B,38580,10,72:3b:01:24:b7:c8,28,1,0,0,-36,S,5c:62:8b:66:67:d2"
1791389764.683,"B,38680,10,5c:62:8b:66:67:d2,0,0,112,4,-46,A,5c:62:8b:66:67:d2"
1791389764.683,"B,38680,10,72:3b:01:24:b7:c8,112,4,0,0,-38,S,5c:62:8b:66:67:d2"
1791389764.683,"B,38780,10,5c:62:8b:66:67:d2,0,0,56,2,-47,A,5c:62:8b:66:67:d2"
1791389764.683,"B,38780,10,72:3b:01:24:b7:c8,56,2,0,0,-38,S,5c:62:8b:66:67:d2"
1791389764.683,"B,38880,10,b2:db:ca:e6:29:a6,56,2,0,0,-27,S,5c:62:8b:66:67:d2"
1791389764.883,"B,38880,10,5c:62:8b:66:67:d2,0,0,336,12,-46,A,5c:62:8b:66:67:d2"
1791389764.883,"B,38880,10,72:3b:01:24:b7:c8,280,10,0,0,-37,S,5c:62:8b:66:67:d2"
1791389764.883,"B,38980,10,5c:62:8b:66:67:d2,0,0,28,1,-46,A,5c:62:8b:66:67:d2"
1791389764.883,"B,38980,10,72:3b:01:24:b7:c8,28,1,0,0,-36,S,5c:62:8b:66:67:d2"
1791389765.083,"B,39080,10,b2:db:ca:e6:29:a6,84,3,0,0,-29,S,5c:62:8b:66:67:d2"
1791389765.083,"B,39080,10,5c:62:8b:66:67:d2,0,0,168,6,-47,A,5c:62:8b:66:67:d2"
1791389765.083,"B,39080,10,72:3b:01:24:b7:c8,84,3,0,0,-37,S,5c:62:8b:66:67:d2"
1791389765.083,"B,39080,10,80:af:ca:68:4c:f8,84,1,0,0,-82,A,80:af:ca:68:4c:f8"
1791389765.083,"B,39180,10,b2:db:ca:e6:29:a6,56,2,0,0,-28,S,5c:62:8b:66:67:d2"
1791389765.083,"B,39180,10,5c:62:8b:66:67:d2,0,0,56,2,-47,A,5c:62:8b:66:67:d2"
1791389765.284,"B,39280,10,b2:db:ca:e6:29:a6,28,1,0,0,-28,S,5c:62:8b:66:67:d2"
1791389765.284,"B,39280,10,5c:62:8b:66:67:d2,0,0,140,5,-47,A,5c:62:8b:66:67:d2"
1791389765.284,"B,39280,10,72:3b:01:24:b7:c8,112,4,0,0,-39,S,5c:62:8b:66:67:d2"
1791389765.284,"B,39380,10,b2:db:ca:e6:29:a6,56,2,0,0,-29,S,5c:62:8b:66:67:d2"
1791389765.284,"B,39380,10,5c:62:8b:66:67:d2,0,0,84,3,-47,A,5c:62:8b:66:67:d2"
1791389765.284,"B,39380,10,72:3b:01:24:b7:c8,28,1,0,0,-36,S,5c:62:8b:66:67:d2"
1791389765.284,"B,39480,10,b2:db:ca:e6:29:a6,28,1,0,0,-28,S,5c:62:8b:66:67:d2"
1791389765.284,"B,39480,10,5c:62:8b:66:67:d2,0,0,28,1,-46,A,5c:62:8b:66:67:d2"
1791389765.484,"B,39580,10,b2:db:ca:e6:29:a6,56,2,0,0,-28,S,5c:62:8b:66:67:d2"
1791389765.484,"B,39580,10,5c:62:8b:66:67:d2,0,0,56,2,-46,A,5c:62:8b:66:67:d2"
1791389765.484,"B,39680,10,b2:db:ca:e6:29:a6,56,2,0,0,-29,S,5c:62:8b:66:67:d2"
1791389765.484,"B,39680,10,5c:62:8b:66:67:d2,0,0,140,5,-46,A,5c:62:8b:66:67:d2"
1791389765.484,"B,39680,10,72:3b:01:24:b7:c8,84,3,0,0,-37,S,5c:62:8b:66:67:d2"
1791389765.685,"B,39780,10,b2:db:ca:e6:29:a6,56,2,0,0,-28,S,5c:62:8b:66:67:d2"
1791389765.685,"B,39780,10,5c:62:8b:66:67:d2,0,0,112,4,-46,A,5c:62:8b:66:67:d2"
1791389765.685,"B,39780,10,72:3b:01:24:b7:c8,56,2,0,0,-38,S,5c:62:8b:66:67:d2"
1791389765.685,"B,39880,10,b2:db:ca:e6:29:a6,56,2,0,0,-28,S,5c:62:8b:66:67:d2"
1791389765.685,"B,39880,10,5c:62:8b:66:67:d2,0,0,168,6,-47,A,5c:62:8b:66:67:d2"
1791389765.685,"B,39880,10,72:3b:01:24:b7:c8,112,4,0,0,-37,S,5c:62:8b:66:67:d2"
1791389765.886,"B,39980,10,5c:62:8b:66:67:d2,0,0,28,1,-46,A,5c:62:8b:66:67:d2"
1791389765.886,"B,39980,10,72:3b:01:24:b7:c8,28,1,0,0,-36,S,5c:62:8b:66:67:d2"
1791389765.886,"B,40080,10,b2:db:ca:e6:29:a6,28,1,0,0,-28,S,5c:62:8b:66:67:d2"
1791389765.886,"B,40080,10,5c:62:8b:66:67:d2,0,0,28,1,-46,A,5c:62:8b:66:67:d2"
1791389766.087,"I,40093,stat,rx=1913,drops=0,ch=10,bin=100,hop=0,heap=203064"
1791389766.087,"B,40180,10,5c:62:8b:66:67:d2,0,0,56,2,-46,A,5c:62:8b:66:67:d2"
1791389766.087,"B,40180,10,72:3b:01:24:b7:c8,56,2,0,0,-38,S,5c:62:8b:66:67:d2"
1791389766.087,"B,40280,10,38:d5:7a:f4:5a:37,30,1,0,0,-93,S,46:fb:cf:a9:f4:22"
1791389766.087,"B,40280,10,46:fb:cf:a9:f4:22,0,0,30,1,0,A,46:fb:cf:a9:f4:22"
1791389766.291,"B,40380,10,5c:62:8b:66:67:d2,0,0,28,1,-46,A,5c:62:8b:66:67:d2"
1791389766.291,"B,40380,10,72:3b:01:24:b7:c8,28,1,0,0,-41,S,5c:62:8b:66:67:d2"
1791389766.496,"B,40580,10,5c:62:8b:66:67:d2,0,0,56,2,-46,A,5c:62:8b:66:67:d2"
1791389766.496,"B,40580,10,72:3b:01:24:b7:c8,56,2,0,0,-41,S,5c:62:8b:66:67:d2"
1791389766.699,"B,40780,10,5c:62:8b:66:67:d2,0,0,252,9,-46,A,5c:62:8b:66:67:d2"
1791389766.699,"B,40780,10,72:3b:01:24:b7:c8,252,9,0,0,-40,S,5c:62:8b:66:67:d2"
1791389766.699,"B,40880,10,5c:62:8b:66:67:d2,0,0,168,6,-46,A,5c:62:8b:66:67:d2"
1791389766.699,"B,40880,10,72:3b:01:24:b7:c8,168,6,0,0,-41,S,5c:62:8b:66:67:d2"
1791389766.699,"B,40880,10,38:d5:7a:f4:5a:37,30,1,0,0,-95,S,46:fb:cf:a9:f4:22"
1791389766.699,"B,40880,10,46:fb:cf:a9:f4:22,0,0,30,1,0,A,46:fb:cf:a9:f4:22"
1791389766.901,"B,40980,10,5c:62:8b:66:67:d2,0,0,112,4,-46,A,5c:62:8b:66:67:d2"
1791389766.901,"B,40980,10,72:3b:01:24:b7:c8,112,4,0,0,-41,S,5c:62:8b:66:67:d2"
1791389767.102,"M,41172,slot,6,0"
1791389767.102,"B,41180,10,5c:62:8b:66:67:d2,0,0,112,4,-46,A,5c:62:8b:66:67:d2"
1791389767.102,"B,41180,10,72:3b:01:24:b7:c8,112,4,0,0,-41,S,5c:62:8b:66:67:d2"
1791389767.102,"B,41280,10,5c:62:8b:66:67:d2,0,0,112,4,-48,A,5c:62:8b:66:67:d2"
1791389767.102,"B,41280,10,72:3b:01:24:b7:c8,112,4,0,0,-36,S,5c:62:8b:66:67:d2"
1791389767.307,"B,41380,10,5c:62:8b:66:67:d2,0,0,56,2,-47,A,5c:62:8b:66:67:d2"
1791389767.307,"B,41380,10,72:3b:01:24:b7:c8,56,2,0,0,-35,S,5c:62:8b:66:67:d2"
1791389767.513,"B,41580,10,b2:db:ca:e6:29:a6,84,3,0,0,-26,S,5c:62:8b:66:67:d2"
1791389767.513,"B,41580,10,5c:62:8b:66:67:d2,0,0,84,3,-47,A,5c:62:8b:66:67:d2"
1791389767.513,"B,41680,10,b2:db:ca:e6:29:a6,56,2,0,0,-26,S,5c:62:8b:66:67:d2"
1791389767.513,"B,41680,10,5c:62:8b:66:67:d2,0,0,218,5,-46,A,5c:62:8b:66:67:d2"
1791389767.513,"B,41680,10,72:3b:01:24:b7:c8,162,3,0,0,-39,S,5c:62:8b:66:67:d2"
1791389767.718,"B,41780,10,b2:db:ca:e6:29:a6,56,2,0,0,-26,S,5c:62:8b:66:67:d2"
1791389767.718,"B,41780,10,5c:62:8b:66:67:d2,0,0,56,2,-46,A,5c:62:8b:66:67:d2"
1791389767.718,"B,41780,10,38:d5:7a:f4:5a:37,30,1,0,0,-95,S,46:fb:cf:a9:f4:22"
1791389767.718,"B,41780,10,46:fb:cf:a9:f4:22,0,0,30,1,0,A,46:fb:cf:a9:f4:22"
1791389767.718,"B,41880,10,b2:db:ca:e6:29:a6,56,2,0,0,-28,S,5c:62:8b:66:67:d2"
1791389767.718,"B,41880,10,5c:62:8b:66:67:d2,0,0,112,4,-47,A,5c:62:8b:66:67:d2"
1791389767.718,"B,41880,10,72:3b:01:24:b7:c8,56,2,0,0,-36,S,5c:62:8b:66:67:d2"
1791389767.718,"B,41880,10,38:d5:7a:f4:5a:37,30,1,0,0,-92,S,46:fb:cf:a9:f4:22"
1791389767.718,"B,41880,10,46:fb:cf:a9:f4:22,0,0,30,1,0,A,46:fb:cf:a9:f4:22"
1791389767.920,"B,41980,10,b2:db:ca:e6:29:a6,28,1,0,0,-27,S,5c:62:8b:66:67:d2"
1791389767.920,"B,41980,10,5c:62:8b:66:67:d2,0,0,28,1,-46,A,5c:62:8b:66:67:d2"
1791389767.920,"B,42080,10,b2:db:ca:e6:29:a6,28,1,0,0,-29,S,5c:62:8b:66:67:d2"
1791389767.920,"B,42080,10,5c:62:8b:66:67:d2,0,0,140,5,-46,A,5c:62:8b:66:67:d2"
1791389767.920,"B,42080,10,72:3b:01:24:b7:c8,112,4,0,0,-36,S,5c:62:8b:66:67:d2"
1791389767.920,"B,42080,10,38:d5:7a:f4:5a:37,30,1,0,0,-98,S,46:fb:cf:a9:f4:22"
1791389767.920,"B,42080,10,46:fb:cf:a9:f4:22,0,0,30,1,0,A,46:fb:cf:a9:f4:22"
1791389768.125,"B,42180,10,5c:62:8b:66:67:d2,0,0,1660,2,0,A,5c:62:8b:66:67:d2"
1791389768.125,"B,42180,10,72:3b:01:24:b7:c8,1660,2,0,0,-41,S,5c:62:8b:66:67:d2"
1791389768.125,"B,42280,10,5c:62:8b:66:67:d2,0,0,1666,5,-46,A,5c:62:8b:66:67:d2"
1791389768.125,"B,42280,10,72:3b:01:24:b7:c8,1666,5,0,0,-36,S,5c:62:8b:66:67:d2"
1791389768.330,"B,42380,10,5c:62:8b:66:67:d2,0,0,28,1,-46,A,5c:62:8b:66:67:d2"
1791389768.330,"B,42380,10,72:3b:01:24:b7:c8,28,1,0,0,-39,S,5c:62:8b:66:67:d2"
1791389768.330,"B,42480,10,5c:62:8b:66:67:d2,0,0,218,5,-47,A,5c:62:8b:66:67:d2"
1791389768.330,"B,42480,10,72:3b:01:24:b7:c8,218,5,0,0,-38,S,5c:62:8b:66:67:d2"
1791389768.536,"B,42580,10,5c:62:8b:66:67:d2,0,0,84,3,-47,A,5c:62:8b:66:67:d2"
1791389768.536,"B,42580,10,72:3b:01:24:b7:c8,84,3,0,0,-36,S,5c:62:8b:66:67:d2"
1791389768.737,"B,42780,10,5c:62:8b:66:67:d2,0,0,84,3,-46,A,5c:62:8b:66:67:d2"
1791389768.737,"B,42780,10,72:3b:01:24:b7:c8,84,3,0,0,-36,S,5c:62:8b:66:67:d2"
1791389768.737,"B,42880,10,5c:62:8b:66:67:d2,0,0,280,10,-46,A,5c:62:8b:66:67:d2"
1791389768.737,"B,42880,10,72:3b:01:24:b7:c8,280,10,0,0,-35,S,5c:62:8b:66:67:d2"
1791389768.942,"B,42980,10,5c:62:8b:66:67:d2,0,0,112,4,-47,A,5c:62:8b:66:67:d2"
1791389768.942,"B,42980,10,72:3b:01:24:b7:c8,112,4,0,0,-39,S,5c:62:8b:66:67:d2"
1791389768.942,"B,43080,10,b2:db:ca:e6:29:a6,28,1,0,0,-28,S,5c:62:8b:66:67:d2"
1791389768.942,"B,43080,10,5c:62:8b:66:67:d2,0,0,28,1,-46,A,5c:62:8b:66:67:d2"
1791389769.144,"B,43180,10,b2:db:ca:e6:29:a6,56,2,0,0,-27,S,5c:62:8b:66:67:d2"
1791389769.144,"B,43180,10,5c:62:8b:66:67:d2,0,0,168,6,-47,A,5c:62:8b:66:67:d2"
1791389769.144,"B,43180,10,72:3b:01:24:b7:c8,112,4,0,0,-34,S,5c:62:8b:66:67:d2"
1791389769.144,"B,43280,10,b2:db:ca:e6:29:a6,84,3,0,0,-28,S,5c:62:8b:66:67:d2"
1791389769.144,"B,43280,10,5c:62:8b:66:67:d2,0,0,84,3,-46,A,5c:62:8b:66:67:d2"
1791389769.349,"B,43380,10,b2:db:ca:e6:29:a6,56,2,0,0,-28,S,5c:62:8b:66:67:d2"
1791389769.349,"B,43380,10,5c:62:8b:66:67:d2,0,0,168,6,-46,A,5c:62:8b:66:67:d2"
1791389769.349,"B,43380,10,72:3b:01:24:b7:c8,112,4,0,0,-37,S,5c:62:8b:66:67:d2"
1791389769.349,"B,43480,10,b2:db:ca:e6:29:a6,28,1,0,0,-27,S,5c:62:8b:66:67:d2"
1791389769.349,"B,43480,10,5c:62:8b:66:67:d2,0,0,28,1,-46,A,5c:62:8b:66:67:d2"
1791389769.552,"B,43580,10,b2:db:ca:e6:29:a6,56,2,0,0,-28,S,5c:62:8b:66:67:d2"
1791389769.552,"B,43580,10,5c:62:8b:66:67:d2,0,0,168,6,-46,A,5c:62:8b:66:67:d2"
1791389769.552,"B,43580,10,72:3b:01:24:b7:c8,112,4,0,0,-39,S,5c:62:8b:66:67:d2"
1791389769.552,"B,43680,10,b2:db:ca:e6:29:a6,28,1,0,0,-27,S,5c:62:8b:66:67:d2"
1791389769.552,"B,43680,10,5c:62:8b:66:67:d2,0,0,28,1,-46,A,5c:62:8b:66:67:d2"
1791389769.757,"B,43780,10,b2:db:ca:e6:29:a6,56,2,0,0,-28,S,5c:62:8b:66:67:d2"
1791389769.757,"B,43780,10,5c:62:8b:66:67:d2,0,0,168,6,-46,A,5c:62:8b:66:67:d2"
1791389769.757,"B,43780,10,72:3b:01:24:b7:c8,112,4,0,0,-38,S,5c:62:8b:66:67:d2"
1791389769.757,"B,43880,10,b2:db:ca:e6:29:a6,56,2,0,0,-27,S,5c:62:8b:66:67:d2"
1791389769.757,"B,43880,10,5c:62:8b:66:67:d2,0,0,196,7,-46,A,5c:62:8b:66:67:d2"
1791389769.757,"B,43880,10,72:3b:01:24:b7:c8,140,5,0,0,-35,S,5c:62:8b:66:67:d2"
1791389769.963,"B,43980,10,b2:db:ca:e6:29:a6,56,2,0,0,-27,S,5c:62:8b:66:67:d2"
1791389769.963,"B,43980,10,5c:62:8b:66:67:d2,0,0,56,2,-46,A,5c:62:8b:66:67:d2"
1791389769.963,"B,44080,10,5c:62:8b:66:67:d2,0,0,112,4,-46,A,5c:62:8b:66:67:d2"
1791389769.963,"B,44080,10,72:3b:01:24:b7:c8,112,4,0,0,-34,S,5c:62:8b:66:67:d2"
1791389770.168,"B,44180,10,b2:db:ca:e6:29:a6,56,2,0,0,-29,S,5c:62:8b:66:67:d2"
1791389770.168,"B,44180,10,5c:62:8b:66:67:d2,0,0,56,2,-46,A,5c:62:8b:66:67:d2"
1791389770.168,"B,44280,10,b2:db:ca:e6:29:a6,84,3,0,0,-27,S,5c:62:8b:66:67:d2"
1791389770.168,"B,44280,10,5c:62:8b:66:67:d2,0,0,196,7,-46,A,5c:62:8b:66:67:d2"
1791389770.168,"B,44280,10,72:3b:01:24:b7:c8,112,4,0,0,-34,S,5c:62:8b:66:67:d2"
1791389770.373,"B,44380,10,5c:62:8b:66:67:d2,0,0,56,2,-45,A,5c:62:8b:66:67:d2"
1791389770.373,"B,44380,10,72:3b:01:24:b7:c8,56,2,0,0,-35,S,5c:62:8b:66:67:d2"
1791389770.373,"B,44480,10,b2:db:ca:e6:29:a6,84,3,0,0,-27,S,5c:62:8b:66:67:d2"
1791389770.373,"B,44480,10,5c:62:8b:66:67:d2,0,0,196,7,-46,A,5c:62:8b:66:67:d2"
1791389770.373,"B,44480,10,72:3b:01:24:b7:c8,112,4,0,0,-38,S,5c:62:8b:66:67:d2"
1791389770.578,"B,44580,10,b2:db:ca:e6:29:a6,56,2,0,0,-27,S,5c:62:8b:66:67:d2"
1791389770.578,"B,44580,10,5c:62:8b:66:67:d2,0,0,56,2,-46,A,5c:62:8b:66:67:d2"
1791389770.578,"B,44680,10,b2:db:ca:e6:29:a6,56,2,0,0,-27,S,5c:62:8b:66:67:d2"
1791389770.578,"B,44680,10,5c:62:8b:66:67:d2,0,0,112,4,-47,A,5c:62:8b:66:67:d2"
1791389770.578,"B,44680,10,72:3b:01:24:b7:c8,56,2,0,0,-36,S,5c:62:8b:66:67:d2"
1791389770.781,"B,44780,10,b2:db:ca:e6:29:a6,56,2,0,0,-29,S,5c:62:8b:66:67:d2"
1791389770.781,"B,44780,10,5c:62:8b:66:67:d2,0,0,84,3,-45,A,5c:62:8b:66:67:d2"
1791389770.781,"B,44780,10,72:3b:01:24:b7:c8,28,1,0,0,-38,S,5c:62:8b:66:67:d2"
1791389770.781,"B,44880,10,5c:62:8b:66:67:d2,0,0,336,12,-45,A,5c:62:8b:66:67:d2"
1791389770.781,"B,44880,10,72:3b:01:24:b7:c8,336,12,0,0,-36,S,5c:62:8b:66:67:d2"
1791389770.981,"B,44980,10,b2:db:ca:e6:29:a6,28,1,0,0,-26,S,5c:62:8b:66:67:d2"
1791389770.981,"B,44980,10,5c:62:8b:66:67:d2,0,0,84,3,-47,A,5c:62:8b:66:67:d2"
1791389770.981,"B,44980,10,72:3b:01:24:b7:c8,56,2,0,0,-36,S,5c:62:8b:66:67:d2"
1791389770.981,"B,45080,10,5c:62:8b:66:67:d2,0,0,112,4,-46,A,5c:62:8b:66:67:d2"
1791389770.981,"B,45080,10,72:3b:01:24:b7:c8,112,4,0,0,-38,S,5c:62:8b:66:67:d2"
1791389770.981,"B,45080,10,80:af:ca:68:4c:f8,82,1,0,0,-82,A,80:af:ca:68:4c:f8"
1791389770.981,"B,45080,10,52:f3:8a:4b:ff:ac,0,0,82,1,0,S,80:af:ca:68:4c:f8"
1791389770.981,"I,45094,stat,rx=2176,drops=0,ch=10,bin=100,hop=0,heap=203064"
1791389771.181,"B,45180,10,b2:db:ca:e6:29:a6,28,1,0,0,-29,S,5c:62:8b:66:67:d2"
1791389771.181,"B,45180,10,5c:62:8b:66:67:d2,0,0,28,1,-46,A,5c:62:8b:66:67:d2"
1791389771.181,"B,45280,10,b2:db:ca:e6:29:a6,56,2,0,0,-28,S,5c:62:8b:66:67:d2"
1791389771.181,"B,45280,10,5c:62:8b:66:67:d2,0,0,168,6,-47,A,5c:62:8b:66:67:d2"
1791389771.181,"B,45280,10,72:3b:01:24:b7:c8,112,4,0,0,-34,S,5c:62:8b:66:67:d2"
1791389771.181,"B,45380,10,b2:db:ca:e6:29:a6,28,1,0,0,-29,S,5c:62:8b:66:67:d2"
1791389771.181,"B,45380,10,5c:62:8b:66:67:d2,0,0,168,6,-46,A,5c:62:8b:66:67:d2"
1791389771.383,"B,45380,10,72:3b:01:24:b7:c8,140,5,0,0,-37,S,5c:62:8b:66:67:d2"
1791389771.383,"B,45480,10,b2:db:ca:e6:29:a6,28,1,0,0,-27,S,5c:62:8b:66:67:d2"
1791389771.383,"B,45480,10,5c:62:8b:66:67:d2,0,0,28,1,-47,A,5c:62:8b:66:67:d2"
1791389771.583,"B,45580,10,b2:db:ca:e6:29:a6,28,1,0,0,-27,S,5c:62:8b:66:67:d2"
1791389771.583,"B,45580,10,5c:62:8b:66:67:d2,0,0,112,4,-45,A,5c:62:8b:66:67:d2"
1791389771.583,"B,45580,10,72:3b:01:24:b7:c8,84,3,0,0,-37,S,5c:62:8b:66:67:d2"
1791389771.583,"B,45780,10,5c:62:8b:66:67:d2,0,0,28,1,-46,A,5c:62:8b:66:67:d2"
1791389771.583,"B,45780,10,72:3b:01:24:b7:c8,28,1,0,0,-40,S,5c:62:8b:66:67:d2"
1791389771.784,"B,45880,10,5c:62:8b:66:67:d2,0,0,56,2,-46,A,5c:62:8b:66:67:d2"
1791389771.784,"B,45880,10,72:3b:01:24:b7:c8,56,2,0,0,-36,S,5c:62:8b:66:67:d2"
1791389771.784,"B,45980,10,5c:62:8b:66:67:d2,0,0,84,3,-45,A,5c:62:8b:66:67:d2"
1791389771.784,"B,45980,10,72:3b:01:24:b7:c8,84,3,0,0,-34,S,5c:62:8b:66:67:d2"
1791389771.985,"B,46180,10,5c:62:8b:66:67:d2,0,0,112,4,-45,A,5c:62:8b:66:67:d2"
1791389771.985,"B,46180,10,72:3b:01:24:b7:c8,112,4,0,0,-36,S,5c:62:8b:66:67:d2"
1791389772.185,"M,46247,slot,7,0"
1791389772.185,"B,46280,10,5c:62:8b:66:67:d2,0,0,1554,1,-46,A,5c:62:8b:66:67:d2"
1791389772.185,"B,46280,10,72:3b:01:24:b7:c8,1554,1,0,0,-40,S,5c:62:8b:66:67:d2"
1791389772.185,"B,46380,10,5c:62:8b:66:67:d2,0,0,1694,6,-47,A,5c:62:8b:66:67:d2"
1791389772.185,"B,46380,10,72:3b:01:24:b7:c8,1694,6,0,0,-36,S,5c:62:8b:66:67:d2"
1791389772.595,"B,46680,10,5c:62:8b:66:67:d2,0,0,112,4,-46,A,5c:62:8b:66:67:d2"
1791389772.595,"B,46680,10,72:3b:01:24:b7:c8,112,4,0,0,-38,S,5c:62:8b:66:67:d2"
1791389772.796,"B,46880,10,5c:62:8b:66:67:d2,0,0,224,8,-45,A,5c:62:8b:66:67:d2"
1791389772.796,"B,46880,10,72:3b:01:24:b7:c8,224,8,0,0,-37,S,5c:62:8b:66:67:d2"
1791389772.796,"B,46980,10,b2:db:ca:e6:29:a6,28,1,0,0,-28,S,5c:62:8b:66:67:d2"
1791389772.796,"B,46980,10,5c:62:8b:66:67:d2,0,0,28,1,-45,A,5c:62:8b:66:67:d2"
1791389772.999,"B,47080,10,b2:db:ca:e6:29:a6,56,2,0,0,-28,S,5c:62:8b:66:67:d2"
1791389772.999,"B,47080,10,5c:62:8b:66:67:d2,0,0,168,6,-46,A,5c:62:8b:66:67:d2"
1791389772.999,"B,47080,10,72:3b:01:24:b7:c8,112,4,0,0,-38,S,5c:62:8b:66:67:d2"
1791389772.999,"B,47180,10,b2:db:ca:e6:29:a6,112,4,0,0,-27,S,5c:62:8b:66:67:d2"
1791389772.999,"B,47180,10,5c:62:8b:66:67:d2,0,0,112,4,-46,A,5c:62:8b:66:67:d2"
1791389773.201,"B,47280,10,b2:db:ca:e6:29:a6,28,1,0,0,-27,S,5c:62:8b:66:67:d2"
1791389773.201,"B,47280,10,5c:62:8b:66:67:d2,0,0,112,4,-46,A,5c:62:8b:66:67:d2"
1791389773.201,"B,47280,10,72:3b:01:24:b7:c8,84,3,0,0,-37,S,5c:62:8b:66:67:d2"
1791389773.201,"B,47380,10,5c:62:8b:66:67:d2,0,0,56,2,-46,A,5c:62:8b:66:67:d2"
1791389773.201,"B,47380,10,72:3b:01:24:b7:c8,56,2,0,0,-39,S,5c:62:8b:66:67:d2"
1791389773.406,"B,47480,10,5c:62:8b:66:67:d2,0,0,56,2,-45,A,5c:62:8b:66:67:d2"
1791389773.406,"B,47480,10,72:3b:01:24:b7:c8,56,2,0,0,-36,S,5c:62:8b:66:67:d2"
1791389773.607,"B,47680,10,5c:62:8b:66:67:d2,0,0,112,4,-44,A,5c:62:8b:66:67:d2"
1791389773.607,"B,47680,10,72:3b:01:24:b7:c8,112,4,0,0,-41,S,5c:62:8b:66:67:d2"
1791389773.812,"B,47880,10,5c:62:8b:66:67:d2,0,0,140,5,-43,A,5c:62:8b:66:67:d2"
1791389773.812,"B,47880,10,72:3b:01:24:b7:c8,140,5,0,0,-35,S,5c:62:8b:66:67:d2"
1791389773.812,"B,47980,10,5c:62:8b:66:67:d2,0,0,140,5,-43,A,5c:62:8b:66:67:d2"
1791389773.812,"B,47980,10,72:3b:01:24:b7:c8,140,5,0,0,-37,S,5c:62:8b:66:67:d2"
1791389774.017,"B,48180,10,5c:62:8b:66:67:d2,0,0,112,4,-43,A,5c:62:8b:66:67:d2"
1791389774.017,"B,48180,10,72:3b:01:24:b7:c8,112,4,0,0,-40,S,5c:62:8b:66:67:d2"
1791389774.219,"B,48380,10,5c:62:8b:66:67:d2,0,0,112,4,-43,A,5c:62:8b:66:67:d2"
1791389774.219,"B,48380,10,72:3b:01:24:b7:c8,112,4,0,0,-38,S,5c:62:8b:66:67:d2"
1791389774.424,"B,48580,10,5c:62:8b:66:67:d2,0,0,112,4,-43,A,5c:62:8b:66:67:d2"
1791389774.424,"B,48580,10,72:3b:01:24:b7:c8,112,4,0,0,-36,S,5c:62:8b:66:67:d2"
1791389774.629,"B,48780,10,b2:db:ca:e6:29:a6,28,1,0,0,-27,S,5c:62:8b:66:67:d2"
1791389774.629,"B,48780,10,5c:62:8b:66:67:d2,0,0,140,5,-44,A,5c:62:8b:66:67:d2"
1791389774.629,"B,48780,10,72:3b:01:24:b7:c8,112,4,0,0,-39,S,5c:62:8b:66:67:d2"
1791389774.831,"B,48880,10,b2:db:ca:e6:29:a6,56,2,0,0,-28,S,5c:62:8b:66:67:d2"
1791389774.831,"B,48880,10,5c:62:8b:66:67:d2,0,0,336,12,-45,A,5c:62:8b:66:67:d2"
1791389774.831,"B,48880,10,72:3b:01:24:b7:c8,280,10,0,0,-37,S,5c:62:8b:66:67:d2"
1791389774.831,"B,48980,10,b2:db:ca:e6:29:a6,56,2,0,0,-27,S,5c:62:8b:66:67:d2"
1791389774.831,"B,48980,10,5c:62:8b:66:67:d2,0,0,140,5,-44,A,5c:62:8b:66:67:d2"
1791389774.831,"B,48980,10,72:3b:01:24:b7:c8,84,3,0,0,-38,S,5c:62:8b:66:67:d2"
1791389775.036,"B,49080,10,b2:db:ca:e6:29:a6,28,1,0,0,-25,S,5c:62:8b:66:67:d2"
1791389775.036,"B,49080,10,5c:62:8b:66:67:d2,0,0,28,1,-43,A,5c:62:8b:66:67:d2"
1791389775.036,"B,49180,10,b2:db:ca:e6:29:a6,84,3,0,0,-27,S,5c:62:8b:66:67:d2"
1791389775.036,"B,49180,10,5c:62:8b:66:67:d2,0,0,84,3,-44,A,5c:62:8b:66:67:d2"
1791389775.241,"B,49280,10,5c:62:8b:66:67:d2,0,0,112,4,-44,A,5c:62:8b:66:67:d2"
1791389775.241,"B,49280,10,72:3b:01:24:b7:c8,112,4,0,0,-39,S,5c:62:8b:66:67:d2"
1791389775.241,"B,49380,10,b2:db:ca:e6:29:a6,28,1,0,0,-27,S,5c:62:8b:66:67:d2"
1791389775.241,"B,49380,10,5c:62:8b:66:67:d2,0,0,56,2,-43,A,5c:62:8b:66:67:d2"
1791389775.241,"B,49380,10,72:3b:01:24:b7:c8,28,1,0,0,-42,S,5c:62:8b:66:67:d2"
1791389775.446,"B,49480,10,5c:62:8b:66:67:d2,0,0,112,4,-44,A,5c:62:8b:66:67:d2"
1791389775.446,"B,49480,10,72:3b:01:24:b7:c8,112,4,0,0,-35,S,5c:62:8b:66:67:d2"
1791389775.651,"B,49680,10,5c:62:8b:66:67:d2,0,0,112,4,-43,A,5c:62:8b:66:67:d2"
1791389775.651,"B,49680,10,72:3b:01:24:b7:c8,112,4,0,0,-43,S,5c:62:8b:66:67:d2"
1791389775.857,"B,49880,10,5c:62:8b:66:67:d2,0,0,84,3,-45,A,5c:62:8b:66:67:d2"
1791389775.857,"B,49880,10,72:3b:01:24:b7:c8,84,3,0,0,-39,S,5c:62:8b:66:67:d2"
1791389775.857,"B,49980,10,5c:62:8b:66:67:d2,0,0,28,1,-45,A,5c:62:8b:66:67:d2"
1791389775.857,"B,49980,10,72:3b:01:24:b7:c8,28,1,0,0,-43,S,5c:62:8b:66:67:d2"
1791389776.062,"B,50080,10,5c:62:8b:66:67:d2,0,0,84,3,-45,A,5c:62:8b:66:67:d2"
1791389776.062,"B,50080,10,72:3b:01:24:b7:c8,84,3,0,0,-35,S,5c:62:8b:66:67:d2"
1791389776.062,"I,50094,stat,rx=2409,drops=0,ch=10,bin=100,hop=0,heap=203064"
1791389776.267,"B,50280,10,5c:62:8b:66:67:d2,0,0,112,4,-45,A,5c:62:8b:66:67:d2"
1791389776.267,"B,50280,10,72:3b:01:24:b7:c8,112,4,0,0,-41,S,5c:62:8b:66:67:d2"
1791389776.267,"B,50380,10,5c:62:8b:66:67:d2,0,0,28,1,-46,A,5c:62:8b:66:67:d2"
1791389776.267,"B,50380,10,72:3b:01:24:b7:c8,28,1,0,0,-36,S,5c:62:8b:66:67:d2"
1791389776.472,"B,50480,10,5c:62:8b:66:67:d2,0,0,112,4,-48,A,5c:62:8b:66:67:d2"
1791389776.472,"B,50480,10,72:3b:01:24:b7:c8,112,4,0,0,-35,S,5c:62:8b:66:67:d2"
1791389776.472,"B,50580,10,5c:62:8b:66:67:d2,0,0,28,1,-50,A,5c:62:8b:66:67:d2"
1791389776.472,"B,50580,10,72:3b:01:24:b7:c8,28,1,0,0,-34,S,5c:62:8b:66:67:d2"
1791389776.677,"B,50680,10,5c:62:8b:66:67:d2,0,0,56,2,-52,A,5c:62:8b:66:67:d2"
1791389776.677,"B,50680,10,72:3b:01:24:b7:c8,56,2,0,0,-36,S,5c:62:8b:66:67:d2"
1791389776.677,"B,50780,10,5c:62:8b:66:67:d2,0,0,56,2,0,A,5c:62:8b:66:67:d2"
1791389776.677,"B,50780,10,72:3b:01:24:b7:c8,56,2,0,0,-34,S,5c:62:8b:66:67:d2"
1791389776.882,"B,50880,10,5c:62:8b:66:67:d2,0,0,196,7,-52,A,5c:62:8b:66:67:d2"
1791389776.882,"B,50880,10,72:3b:01:24:b7:c8,196,7,0,0,-36,S,5c:62:8b:66:67:d2"
1791389776.882,"B,50980,10,5c:62:8b:66:67:d2,0,0,140,5,-48,A,5c:62:8b:66:67:d2"
1791389776.882,"B,50980,10,72:3b:01:24:b7:c8,140,5,0,0,-35,S,5c:62:8b:66:67:d2"
1791389777.086,"B,51180,10,5c:62:8b:66:67:d2,0,0,84,3,-45,A,5c:62:8b:66:67:d2"
1791389777.086,"B,51180,10,72:3b:01:24:b7:c8,84,3,0,0,-38,S,5c:62:8b:66:67:d2"
1791389777.286,"M,51333,slot,8,1"
1791389777.286,"B,51380,10,5c:62:8b:66:67:d2,0,0,168,6,-44,A,5c:62:8b:66:67:d2"
1791389777.286,"B,51380,10,72:3b:01:24:b7:c8,168,6,0,0,-35,S,5c:62:8b:66:67:d2"
1791389777.286,"B,51380,10,38:d5:7a:f4:5a:37,90,3,0,0,-92,S,46:fb:cf:a9:f4:22"
1791389777.286,"B,51380,10,46:fb:cf:a9:f4:22,0,0,90,3,0,A,46:fb:cf:a9:f4:22"
1791389777.286,"B,51480,10,5c:62:8b:66:67:d2,0,0,28,1,-43,A,5c:62:8b:66:67:d2"
1791389777.286,"B,51480,10,72:3b:01:24:b7:c8,28,1,0,0,-37,S,5c:62:8b:66:67:d2"
1791389777.286,"B,51480,10,38:d5:7a:f4:5a:37,30,1,0,0,-90,S,46:fb:cf:a9:f4:22"
1791389777.286,"B,51480,10,46:fb:cf:a9:f4:22,0,0,30,1,0,A,46:fb:cf:a9:f4:22"
1791389777.486,"B,51580,10,5c:62:8b:66:67:d2,0,0,112,4,-42,A,5c:62:8b:66:67:d2"
1791389777.486,"B,51580,10,72:3b:01:24:b7:c8,112,4,0,0,-35,S,5c:62:8b:66:67:d2"
1791389777.486,"B,51680,10,80:af:ca:68:4c:f8,80,1,0,0,-81,A,80:af:ca:68:4c:f8"
1791389777.687,"B,51780,10,5c:62:8b:66:67:d2,0,0,112,4,-45,A,5c:62:8b:66:67:d2"
1791389777.687,"B,51780,10,72:3b:01:24:b7:c8,112,4,0,0,-45,S,5c:62:8b:66:67:d2"
1791389777.687,"B,51880,10,5c:62:8b:66:67:d2,0,0,28,1,-45,A,5c:62:8b:66:67:d2"
1791389777.687,"B,51880,10,72:3b:01:24:b7:c8,28,1,0,0,-35,S,5c:62:8b:66:67:d2"
1791389777.889,"B,51980,10,5c:62:8b:66:67:d2,0,0,112,4,-48,A,5c:62:8b:66:67:d2"
1791389777.889,"B,51980,10,72:3b:01:24:b7:c8,112,4,0,0,-37,S,5c:62:8b:66:67:d2"
1791389777.889,"B,52080,10,5c:62:8b:66:67:d2,0,0,112,4,-48,A,5c:62:8b:66:67:d2"
1791389777.889,"B,52080,10,72:3b:01:24:b7:c8,112,4,0,0,-35,S,5c:62:8b:66:67:d2"
1791389778.090,"B,52280,10,5c:62:8b:66:67:d2,0,0,112,4,-46,A,5c:62:8b:66:67:d2"
1791389778.090,"B,52280,10,72:3b:01:24:b7:c8,112,4,0,0,-37,S,5c:62:8b:66:67:d2"
1791389778.292,"B,52380,10,5c:62:8b:66:67:d2,0,0,28,1,-47,A,5c:62:8b:66:67:d2"
1791389778.292,"B,52380,10,72:3b:01:24:b7:c8,28,1,0,0,-34,S,5c:62:8b:66:67:d2"
1791389778.292,"B,52480,10,5c:62:8b:66:67:d2,0,0,84,3,-46,A,5c:62:8b:66:67:d2"
1791389778.292,"B,52480,10,72:3b:01:24:b7:c8,84,3,0,0,-35,S,5c:62:8b:66:67:d2"
1791389778.494,"B,52580,10,b2:db:ca:e6:29:a6,28,1,0,0,-28,S,5c:62:8b:66:67:d2"
1791389778.494,"B,52580,10,5c:62:8b:66:67:d2,0,0,28,1,-46,A,5c:62:8b:66:67:d2"
1791389778.494,"B,52680,10,b2:db:ca:e6:29:a6,56,2,0,0,-27,S,5c:62:8b:66:67:d2"
1791389778.494,"B,52680,10,5c:62:8b:66:67:d2,0,0,168,6,-45,A,5c:62:8b:66:67:d2"
1791389778.494,"B,52680,10,72:3b:01:24:b7:c8,112,4,0,0,-40,S,5c:62:8b:66:67:d2"
1791389778.695,"B,52780,10,b2:db:ca:e6:29:a6,28,1,0,0,-28,S,5c:62:8b:66:67:d2"
1791389778.695,"B,52780,10,5c:62:8b:66:67:d2,0,0,28,1,-44,A,5c:62:8b:66:67:d2"
1791389778.695,"B,52880,10,b2:db:ca:e6:29:a6,84,3,0,0,-27,S,5c:62:8b:66:67:d2"
1791389778.695,"B,52880,10,5c:62:8b:66:67:d2,0,0,364,13,-44,A,5c:62:8b:66:67:d2"
1791389778.695,"B,52880,10,72:3b:01:24:b7:c8,280,10,0,0,-36,S,5c:62:8b:66:67:d2"
1791389778.897,"B,52980,10,b2:db:ca:e6:29:a6,56,2,0,0,-27,S,5c:62:8b:66:67:d2"
1791389778.897,"B,52980,10,5c:62:8b:66:67:d2,0,0,84,3,-45,A,5c:62:8b:66:67:d2"
1791389778.897,"B,52980,10,72:3b:01:24:b7:c8,28,1,0,0,-40,S,5c:62:8b:66:67:d2"
1791389778.897,"B,53080,10,b2:db:ca:e6:29:a6,28,1,0,0,-27,S,5c:62:8b:66:67:d2"
1791389778.897,"B,53080,10,5c:62:8b:66:67:d2,0,0,140,5,-45,A,5c:62:8b:66:67:d2"
1791389778.897,"B,53080,10,72:3b:01:24:b7:c8,112,4,0,0,-35,S,5c:62:8b:66:67:d2"
1791389779.101,"B,53180,10,b2:db:ca:e6:29:a6,56,2,0,0,-27,S,5c:62:8b:66:67:d2"
1791389779.101,"B,53180,10,5c:62:8b:66:67:d2,0,0,84,3,-45,A,5c:62:8b:66:67:d2"
1791389779.101,"B,53180,10,72:3b:01:24:b7:c8,28,1,0,0,-39,S,5c:62:8b:66:67:d2"
1791389779.101,"B,53280,10,5c:62:8b:66:67:d2,0,0,84,3,-46,A,5c:62:8b:66:67:d2"
1791389779.101,"B,53280,10,72:3b:01:24:b7:c8,84,3,0,0,-36,S,5c:62:8b:66:67:d2"
1791389779.307,"B,53380,10,b2:db:ca:e6:29:a6,56,2,0,0,-27,S,5c:62:8b:66:67:d2"
1791389779.307,"B,53380,10,5c:62:8b:66:67:d2,0,0,168,6,-45,A,5c:62:8b:66:67:d2"
1791389779.307,"B,53380,10,72:3b:01:24:b7:c8,112,4,0,0,-33,S,5c:62:8b:66:67:d2"
1791389779.307,"B,53480,10,b2:db:ca:e6:29:a6,28,1,0,0,-28,S,5c:62:8b:66:67:d2"
1791389779.307,"B,53480,10,5c:62:8b:66:67:d2,0,0,28,1,-44,A,5c:62:8b:66:67:d2"
1791389779.511,"B,53580,10,5c:62:8b:66:67:d2,0,0,112,4,-45,A,5c:62:8b:66:67:d2"
1791389779.511,"B,53580,10,72:3b:01:24:b7:c8,112,4,0,0,-38,S,5c:62:8b:66:67:d2"
1791389779.716,"B,53880,10,5c:62:8b:66:67:d2,0,0,84,3,-47,A,5c:62:8b:66:67:d2"
1791389779.716,"B,53880,10,72:3b:01:24:b7:c8,84,3,0,0,-38,S,5c:62:8b:66:67:d2"
1791389779.918,"B,53980,10,5c:62:8b:66:67:d2,0,0,112,4,-47,A,5c:62:8b:66:67:d2"
1791389779.918,"B,53980,10,72:3b:01:24:b7:c8,112,4,0,0,-35,S,5c:62:8b:66:67:d2"
1791389779.918,"B,54080,10,b2:db:ca:e6:29:a6,84,3,0,0,-26,S,5c:62:8b:66:67:d2"
1791389779.918,"B,54080,10,5c:62:8b:66:67:d2,0,0,84,3,-45,A,5c:62:8b:66:67:d2"
1791389780.121,"B,54180,10,b2:db:ca:e6:29:a6,28,1,0,0,-26,S,5c:62:8b:66:67:d2"
1791389780.121,"B,54180,10,5c:62:8b:66:67:d2,0,0,140,5,-46,A,5c:62:8b:66:67:d2"
1791389780.121,"B,54180,10,72:3b:01:24:b7:c8,112,4,0,0,-34,S,5c:62:8b:66:67:d2"
1791389780.121,"B,54280,10,b2:db:ca:e6:29:a6,56,2,0,0,-26,S,5c:62:8b:66:67:d2"
1791389780.121,"B,54280,10,5c:62:8b:66:67:d2,0,0,56,2,-46,A,5c:62:8b:66:67:d2"
1791389780.326,"B,54380,10,b2:db:ca:e6:29:a6,56,2,0,0,-28,S,5c:62:8b:66:67:d2"
1791389780.326,"B,54380,10,5c:62:8b:66:67:d2,0,0,196,7,-46,A,5c:62:8b:66:67:d2"
1791389780.326,"B,54380,10,72:3b:01:24:b7:c8,140,5,0,0,-38,S,5c:62:8b:66:67:d2"
1791389780.326,"B,54480,10,b2:db:ca:e6:29:a6,56,2,0,0,-27,S,5c:62:8b:66:67:d2"
1791389780.326,"B,54480,10,5c:62:8b:66:67:d2,0,0,56,2,-44,A,5c:62:8b:66:67:d2"
1791389780.528,"B,54580,10,b2:db:ca:e6:29:a6,28,1,0,0,-27,S,5c:62:8b:66:67:d2"
1791389780.528,"B,54580,10,5c:62:8b:66:67:d2,0,0,140,5,-45,A,5c:62:8b:66:67:d2"
1791389780.528,"B,54580,10,72:3b:01:24:b7:c8,112,4,0,0,-36,S,5c:62:8b:66:67:d2"
1791389780.528,"B,54680,10,b2:db:ca:e6:29:a6,56,2,0,0,-26,S,5c:62:8b:66:67:d2"
1791389780.528,"B,54680,10,5c:62:8b:66:67:d2,0,0,56,2,-44,A,5c:62:8b:66:67:d2"
1791389780.729,"B,54780,10,b2:db:ca:e6:29:a6,56,2,0,0,-25,S,5c:62:8b:66:67:d2"
1791389780.729,"B,54780,10,5c:62:8b:66:67:d2,0,0,168,6,-44,A,5c:62:8b:66:67:d2"
1791389780.729,"B,54780,10,72:3b:01:24:b7:c8,112,4,0,0,-36,S,5c:62:8b:66:67:d2"
1791389780.729,"B,54880,10,b2:db:ca:e6:29:a6,56,2,0,0,-26,S,5c:62:8b:66:67:d2"
1791389780.729,"B,54880,10,5c:62:8b:66:67:d2,0,0,308,11,-44,A,5c:62:8b:66:67:d2"
1791389780.729,"B,54880,10,72:3b:01:24:b7:c8,252,9,0,0,-33,S,5c:62:8b:66:67:d2"
1791389780.934,"B,54980,10,b2:db:ca:e6:29:a6,28,1,0,0,-25,S,5c:62:8b:66:67:d2"
1791389780.934,"B,54980,10,5c:62:8b:66:67:d2,0,0,56,2,-44,A,5c:62:8b:66:67:d2"
1791389780.934,"B,54980,10,72:3b:01:24:b7:c8,28,1,0,0,-37,S,5c:62:8b:66:67:d2"
1791389780.934,"A,55076,10,e0:bb:0c:05:3a:69,-85,528"
1791389780.934,"B,55080,10,b2:db:ca:e6:29:a6,56,2,0,0,-26,S,5c:62:8b:66:67:d2"
1791389780.934,"B,55080,10,5c:62:8b:66:67:d2,0,0,168,6,0,A,5c:62:8b:66:67:d2"
1791389780.934,"B,55080,10,72:3b:01:24:b7:c8,112,4,0,0,-34,S,5c:62:8b:66:67:d2"
1791389780.934,"I,55095,stat,rx=2645,drops=0,ch=10,bin=100,hop=0,heap=203064"
1791389781.134,"B,55180,10,b2:db:ca:e6:29:a6,28,1,0,0,-27,S,5c:62:8b:66:67:d2"
1791389781.134,"B,55180,10,5c:62:8b:66:67:d2,0,0,28,1,-44,A,5c:62:8b:66:67:d2"
1791389781.134,"B,55280,10,b2:db:ca:e6:29:a6,28,1,0,0,-27,S,5c:62:8b:66:67:d2"
1791389781.134,"B,55280,10,5c:62:8b:66:67:d2,0,0,140,5,-44,A,5c:62:8b:66:67:d2"
1791389781.134,"B,55280,10,72:3b:01:24:b7:c8,112,4,0,0,-38,S,5c:62:8b:66:67:d2"
1791389781.340,"B,55380,10,b2:db:ca:e6:29:a6,56,2,0,0,-27,S,5c:62:8b:66:67:d2"
1791389781.340,"B,55380,10,5c:62:8b:66:67:d2,0,0,140,5,-44,A,5c:62:8b:66:67:d2"
1791389781.340,"B,55380,10,72:3b:01:24:b7:c8,84,3,0,0,-34,S,5c:62:8b:66:67:d2"
1791389781.340,"B,55480,10,b2:db:ca:e6:29:a6,28,1,0,0,-26,S,5c:62:8b:66:67:d2"
1791389781.340,"B,55480,10,5c:62:8b:66:67:d2,82,1,56,2,-48,A,5c:62:8b:66:67:d2"
1791389781.340,"B,55480,10,72:3b:01:24:b7:c8,28,1,82,1,-33,S,5c:62:8b:66:67:d2"
1791389781.544,"B,55580,10,b2:db:ca:e6:29:a6,56,2,0,0,-27,S,5c:62:8b:66:67:d2"
1791389781.544,"B,55580,10,5c:62:8b:66:67:d2,0,0,56,2,-45,A,5c:62:8b:66:67:d2"
1791389781.544,"B,55680,10,5c:62:8b:66:67:d2,0,0,112,4,-46,A,5c:62:8b:66:67:d2"
1791389781.544,"B,55680,10,72:3b:01:24:b7:c8,112,4,0,0,-33,S,5c:62:8b:66:67:d2"
1791389781.544,"B,55680,10,38:d5:7a:f4:5a:37,30,1,0,0,-91,S,46:fb:cf:a9:f4:22"
1791389781.544,"B,55680,10,46:fb:cf:a9:f4:22,0,0,30,1,0,A,46:fb:cf:a9:f4:22"
1791389781.749,"B,55780,10,b2:db:ca:e6:29:a6,56,2,0,0,-27,S,5c:62:8b:66:67:d2"
1791389781.749,"B,55780,10,5c:62:8b:66:67:d2,0,0,56,2,-46,A,5c:62:8b:66:67:d2"
1791389781.749,"B,55780,10,38:d5:7a:f4:5a:37,30,1,0,0,-92,S,46:fb:cf:a9:f4:22"
1791389781.749,"B,55780,10,46:fb:cf:a9:f4:22,0,0,30,1,0,A,46:fb:cf:a9:f4:22"
1791389781.749,"B,55880,10,b2:db:ca:e6:29:a6,28,1,0,0,-27,S,5c:62:8b:66:67:d2"
1791389781.749,"B,55880,10,5c:62:8b:66:67:d2,0,0,140,5,-46,A,5c:62:8b:66:67:d2"
1791389781.749,"B,55880,10,72:3b:01:24:b7:c8,112,4,0,0,-35,S,5c:62:8b:66:67:d2"
1791389781.954,"B,55980,10,b2:db:ca:e6:29:a6,28,1,0,0,-27,S,5c:62:8b:66:67:d2"
1791389781.954,"B,55980,10,5c:62:8b:66:67:d2,0,0,84,3,-47,A,5c:62:8b:66:67:d2"
1791389781.954,"B,55980,10,72:3b:01:24:b7:c8,56,2,0,0,-34,S,5c:62:8b:66:67:d2"
1791389781.954,"B,56080,10,b2:db:ca:e6:29:a6,28,1,0,0,-28,S,5c:62:8b:66:67:d2"
1791389781.954,"B,56080,10,5c:62:8b:66:67:d2,0,0,112,4,-46,A,5c:62:8b:66:67:d2"
1791389781.954,"B,56080,10,72:3b:01:24:b7:c8,84,3,0,0,-33,S,5c:62:8b:66:67:d2"
1791389782.159,"B,56180,10,5c:62:8b:66:67:d2,0,0,112,4,-46,A,5c:62:8b:66:67:d2"
1791389782.159,"B,56180,10,72:3b:01:24:b7:c8,112,4,0,0,-34,S,5c:62:8b:66:67:d2"
1791389782.159,"B,56180,10,38:d5:7a:f4:5a:37,60,2,0,0,-92,S,46:fb:cf:a9:f4:22"
1791389782.159,"B,56180,10,46:fb:cf:a9:f4:22,0,0,60,2,0,A,46:fb:cf:a9:f4:22"
1791389782.363,"B,56380,10,5c:62:8b:66:67:d2,0,0,56,2,-46,A,5c:62:8b:66:67:d2"
1791389782.363,"B,56380,10,72:3b:01:24:b7:c8,56,2,0,0,-37,S,5c:62:8b:66:67:d2"
1791389782.363,"B,56380,10,38:d5:7a:f4:5a:37,30,1,0,0,-93,S,46:fb:cf:a9:f4:22"
1791389782.363,"B,56380,10,46:fb:cf:a9:f4:22,0,0,30,1,0,A,46:fb:cf:a9:f4:22"
1791389782.363,"M,56402,slot,9,0"
1791389782.363,"B,56480,10,38:d5:7a:f4:5a:37,150,5,0,0,-90,S,46:fb:cf:a9:f4:22"
1791389782.363,"B,56480,10,46:fb:cf:a9:f4:22,0,0,150,5,0,A,46:fb:cf:a9:f4:22"
1791389782.568,"B,56580,10,5c:62:8b:66:67:d2,0,0,112,4,-46,A,5c:62:8b:66:67:d2"
1791389782.568,"B,56580,10,72:3b:01:24:b7:c8,112,4,0,0,-34,S,5c:62:8b:66:67:d2"
1791389782.769,"B,56780,10,5c:62:8b:66:67:d2,0,0,56,2,-45,A,5c:62:8b:66:67:d2"
1791389782.769,"B,56780,10,72:3b:01:24:b7:c8,56,2,0,0,-33,S,5c:62:8b:66:67:d2"
1791389782.769,"B,56880,10,5c:62:8b:66:67:d2,0,0,308,11,-46,A,5c:62:8b:66:67:d2"
1791389782.769,"B,56880,10,72:3b:01:24:b7:c8,308,11,0,0,-35,S,5c:62:8b:66:67:d2"
1791389782.972,"B,56980,10,5c:62:8b:66:67:d2,0,0,28,1,-46,A,5c:62:8b:66:67:d2"
1791389782.972,"B,56980,10,72:3b:01:24:b7:c8,28,1,0,0,-33,S,5c:62:8b:66:67:d2"
1791389782.972,"B,57080,10,b2:db:ca:e6:29:a6,28,1,0,0,-27,S,5c:62:8b:66:67:d2"
1791389782.972,"B,57080,10,5c:62:8b:66:67:d2,0,0,28,1,-47,A,5c:62:8b:66:67:d2"
1791389783.177,"B,57180,10,5c:62:8b:66:67:d2,0,0,112,4,-46,A,5c:62:8b:66:67:d2"
1791389783.177,"B,57180,10,72:3b:01:24:b7:c8,112,4,0,0,-34,S,5c:62:8b:66:67:d2"
1791389783.177,"B,57180,10,38:d5:7a:f4:5a:37,60,2,0,0,-92,S,46:fb:cf:a9:f4:22"
1791389783.177,"B,57180,10,46:fb:cf:a9:f4:22,0,0,60,2,0,A,46:fb:cf:a9:f4:22"
1791389783.177,"B,57280,10,b2:db:ca:e6:29:a6,56,2,0,0,-27,S,5c:62:8b:66:67:d2"
1791389783.177,"B,57280,10,5c:62:8b:66:67:d2,0,0,84,3,-46,A,5c:62:8b:66:67:d2"
1791389783.177,"B,57280,10,72:3b:01:24:b7:c8,28,1,0,0,-33,S,5c:62:8b:66:67:d2"
1791389783.177,"B,57280,10,38:d5:7a:f4:5a:37,30,1,0,0,-90,S,46:fb:cf:a9:f4:22"
1791389783.177,"B,57280,10,46:fb:cf:a9:f4:22,0,0,30,1,0,A,46:fb:cf:a9:f4:22"
1791389783.381,"B,57380,10,5c:62:8b:66:67:d2,0,0,112,4,-46,A,5c:62:8b:66:67:d2"
1791389783.381,"B,57380,10,72:3b:01:24:b7:c8,112,4,0,0,-36,S,5c:62:8b:66:67:d2"
1791389783.381,"B,57480,10,b2:db:ca:e6:29:a6,28,1,0,0,-27,S,5c:62:8b:66:67:d2"
1791389783.381,"B,57480,10,5c:62:8b:66:67:d2,0,0,112,4,-46,A,5c:62:8b:66:67:d2"
1791389783.381,"B,57480,10,72:3b:01:24:b7:c8,84,3,0,0,-34,S,5c:62:8b:66:67:d2"
1791389783.581,"B,57580,10,b2:db:ca:e6:29:a6,56,2,0,0,-28,S,5c:62:8b:66:67:d2"
1791389783.581,"B,57580,10,5c:62:8b:66:67:d2,0,0,56,2,-46,A,5c:62:8b:66:67:d2"
1791389783.581,"B,57680,10,b2:db:ca:e6:29:a6,56,2,0,0,-27,S,5c:62:8b:66:67:d2"
1791389783.581,"B,57680,10,5c:62:8b:66:67:d2,0,0,112,4,-45,A,5c:62:8b:66:67:d2"
1791389783.581,"B,57680,10,72:3b:01:24:b7:c8,56,2,0,0,-33,S,5c:62:8b:66:67:d2"
1791389783.581,"B,57680,10,80:af:ca:68:4c:f8,84,1,0,0,-86,A,80:af:ca:68:4c:f8"
1791389783.581,"B,57780,10,b2:db:ca:e6:29:a6,56,2,0,0,-27,S,5c:62:8b:66:67:d2"
1791389783.781,"B,57780,10,5c:62:8b:66:67:d2,0,0,56,2,-46,A,5c:62:8b:66:67:d2"
1791389783.781,"B,57880,10,b2:db:ca:e6:29:a6,56,2,0,0,-28,S,5c:62:8b:66:67:d2"
1791389783.781,"B,57880,10,5c:62:8b:66:67:d2,0,0,252,9,-46,A,5c:62:8b:66:67:d2"
1791389783.781,"B,57880,10,72:3b:01:24:b7:c8,196,7,0,0,-36,S,5c:62:8b:66:67:d2"
1791389783.983,"B,57980,10,b2:db:ca:e6:29:a6,28,1,0,0,-28,S,5c:62:8b:66:67:d2"
1791389783.983,"B,57980,10,5c:62:8b:66:67:d2,0,0,28,1,-46,A,5c:62:8b:66:67:d2"
1791389783.983,"B,58080,10,b2:db:ca:e6:29:a6,84,3,0,0,-27,S,5c:62:8b:66:67:d2"
1791389783.983,"B,58080,10,5c:62:8b:66:67:d2,0,0,252,9,-46,A,5c:62:8b:66:67:d2"
1791389783.983,"B,58080,10,72:3b:01:24:b7:c8,168,6,0,0,-37,S,5c:62:8b:66:67:d2"
1791389783.983,"B,58080,10,80:af:ca:68:4c:f8,84,1,0,0,-86,A,80:af:ca:68:4c:f8"
1791389784.183,"B,58180,10,b2:db:ca:e6:29:a6,56,2,0,0,-28,S,5c:62:8b:66:67:d2"
1791389784.183,"B,58180,10,5c:62:8b:66:67:d2,0,0,56,2,-46,A,5c:62:8b:66:67:d2"
1791389784.183,"B,58280,10,b2:db:ca:e6:29:a6,56,2,0,0,-27,S,5c:62:8b:66:67:d2"
1791389784.183,"B,58280,10,5c:62:8b:66:67:d2,0,0,168,6,-46,A,5c:62:8b:66:67:d2"
1791389784.183,"B,58280,10,72:3b:01:24:b7:c8,112,4,0,0,-33,S,5c:62:8b:66:67:d2"
1791389784.183,"B,58380,10,b2:db:ca:e6:29:a6,56,2,0,0,-27,S,5c:62:8b:66:67:d2"
1791389784.183,"B,58380,10,5c:62:8b:66:67:d2,0,0,168,6,-46,A,5c:62:8b:66:67:d2"
1791389784.183,"B,58380,10,72:3b:01:24:b7:c8,112,4,0,0,-35,S,5c:62:8b:66:67:d2"
1791389784.383,"B,58480,10,5c:62:8b:66:67:d2,0,0,56,2,-46,A,5c:62:8b:66:67:d2"
1791389784.383,"B,58480,10,72:3b:01:24:b7:c8,56,2,0,0,-35,S,5c:62:8b:66:67:d2"
1791389784.383,"B,58580,10,b2:db:ca:e6:29:a6,56,2,0,0,-27,S,5c:62:8b:66:67:d2"
1791389784.383,"B,58580,10,5c:62:8b:66:67:d2,0,0,84,3,-46,A,5c:62:8b:66:67:d2"
1791389784.383,"B,58580,10,72:3b:01:24:b7:c8,28,1,0,0,-33,S,5c:62:8b:66:67:d2"
1791389784.584,"B,58680,10,b2:db:ca:e6:29:a6,28,1,0,0,-27,S,5c:62:8b:66:67:d2"
1791389784.584,"B,58680,10,5c:62:8b:66:67:d2,0,0,112,4,-46,A,5c:62:8b:66:67:d2"
1791389784.584,"B,58680,10,72:3b:01:24:b7:c8,84,3,0,0,-34,S,5c:62:8b:66:67:d2"
1791389784.584,"B,58780,10,b2:db:ca:e6:29:a6,56,2,0,0,-27,S,5c:62:8b:66:67:d2"
1791389784.584,"B,58780,10,5c:62:8b:66:67:d2,0,0,140,5,-47,A,5c:62:8b:66:67:d2"
1791389784.584,"B,58780,10,72:3b:01:24:b7:c8,84,3,0,0,-38,S,5c:62:8b:66:67:d2"
1791389784.784,"B,58880,10,b2:db:ca:e6:29:a6,56,2,0,0,-28,S,5c:62:8b:66:67:d2"
1791389784.784,"B,58880,10,5c:62:8b:66:67:d2,0,0,364,13,-46,A,5c:62:8b:66:67:d2"
1791389784.784,"B,58880,10,72:3b:01:24:b7:c8,308,11,0,0,-36,S,5c:62:8b:66:67:d2"
1791389784.784,"B,58980,10,b2:db:ca:e6:29:a6,56,2,0,0,-27,S,5c:62:8b:66:67:d2"
1791389784.784,"B,58980,10,5c:62:8b:66:67:d2,0,0,168,6,-46,A,5c:62:8b:66:67:d2"
1791389784.784,"B,58980,10,72:3b:01:24:b7:c8,112,4,0,0,-34,S,5c:62:8b:66:67:d2"
1791389784.985,"B,59080,10,b2:db:ca:e6:29:a6,28,1,0,0,-27,S,5c:62:8b:66:67:d2"
1791389784.985,"B,59080,10,5c:62:8b:66:67:d2,0,0,28,1,-46,A,5c:62:8b:66:67:d2"
1791389784.985,"B,59180,10,b2:db:ca:e6:29:a6,28,1,0,0,-27,S,5c:62:8b:66:67:d2"
1791389784.985,"B,59180,10,5c:62:8b:66:67:d2,0,0,112,4,-46,A,5c:62:8b:66:67:d2"
1791389784.985,"B,59180,10,72:3b:01:24:b7:c8,84,3,0,0,-36,S,5c:62:8b:66:67:d2"
1791389785.185,"B,59280,10,b2:db:ca:e6:29:a6,56,2,0,0,-27,S,5c:62:8b:66:67:d2"
1791389785.185,"B,59280,10,5c:62:8b:66:67:d2,0,0,56,2,0,A,5c:62:8b:66:67:d2"
1791389785.185,"B,59380,10,b2:db:ca:e6:29:a6,56,2,0,0,-27,S,5c:62:8b:66:67:d2"
1791389785.185,"B,59380,10,5c:62:8b:66:67:d2,0,0,196,7,-46,A,5c:62:8b:66:67:d2"
1791389785.185,"B,59380,10,72:3b:01:24:b7:c8,140,5,0,0,-34,S,5c:62:8b:66:67:d2"
1791389785.387,"B,59480,10,b2:db:ca:e6:29:a6,56,2,0,0,-27,S,5c:62:8b:66:67:d2"
1791389785.387,"B,59480,10,5c:62:8b:66:67:d2,0,0,56,2,-46,A,5c:62:8b:66:67:d2"
1791389785.387,"B,59580,10,b2:db:ca:e6:29:a6,28,1,0,0,-27,S,5c:62:8b:66:67:d2"
1791389785.387,"B,59580,10,5c:62:8b:66:67:d2,0,0,112,4,-45,A,5c:62:8b:66:67:d2"
1791389785.387,"B,59580,10,72:3b:01:24:b7:c8,84,3,0,0,-34,S,5c:62:8b:66:67:d2"
1791389785.587,"B,59680,10,b2:db:ca:e6:29:a6,56,2,0,0,-28,S,5c:62:8b:66:67:d2"
1791389785.587,"B,59680,10,5c:62:8b:66:67:d2,0,0,84,3,-45,A,5c:62:8b:66:67:d2"
1791389785.587,"B,59680,10,72:3b:01:24:b7:c8,28,1,0,0,-33,S,5c:62:8b:66:67:d2"
1791389785.587,"B,59680,10,38:d5:7a:f4:5a:37,60,2,0,0,-93,S,46:fb:cf:a9:f4:22"
1791389785.587,"B,59680,10,46:fb:cf:a9:f4:22,0,0,60,2,0,A,46:fb:cf:a9:f4:22"
1791389785.587,"B,59780,10,b2:db:ca:e6:29:a6,28,1,0,0,-27,S,5c:62:8b:66:67:d2"
1791389785.587,"B,59780,10,5c:62:8b:66:67:d2,0,0,112,4,-46,A,5c:62:8b:66:67:d2"
1791389785.587,"B,59780,10,72:3b:01:24:b7:c8,84,3,0,0,-34,S,5c:62:8b:66:67:d2"
1791389785.587,"B,59780,10,38:d5:7a:f4:5a:37,30,1,0,0,-94,S,46:fb:cf:a9:f4:22"
1791389785.587,"B,59780,10,46:fb:cf:a9:f4:22,0,0,30,1,0,A,46:fb:cf:a9:f4:22"
1791389785.788,"B,59880,10,5c:62:8b:66:67:d2,0,0,140,5,-46,A,5c:62:8b:66:67:d2"
1791389785.788,"B,59880,10,72:3b:01:24:b7:c8,140,5,0,0,-34,S,5c:62:8b:66:67:d2"
1791389785.788,"B,59980,10,5c:62:8b:66:67:d2,0,0,28,1,-46,A,5c:62:8b:66:67:d2"
1791389785.788,"B,59980,10,72:3b:01:24:b7:c8,28,1,0,0,-33,S,5c:62:8b:66:67:d2"
1791389785.788,"B,59980,10,80:af:ca:68:4c:f8,84,1,0,0,-83,A,80:af:ca:68:4c:f8"
1791389785.788,"B,59980,10,38:d5:7a:f4:5a:37,60,2,0,0,-93,S,46:fb:cf:a9:f4:22"
1791389785.788,"B,59980,10,46:fb:cf:a9:f4:22,0,0,60,2,0,A,46:fb:cf:a9:f4:22"
1791389785.993,"B,60080,10,5c:62:8b:66:67:d2,0,0,84,3,-46,A,5c:62:8b:66:67:d2"
1791389785.993,"B,60080,10,72:3b:01:24:b7:c8,84,3,0,0,-36,S,5c:62:8b:66:67:d2"
1791389785.993,"I,60097,stat,rx=2922,drops=0,ch=10,bin=100,hop=0,heap=203064"
1791389786.195,"B,60280,10,5c:62:8b:66:67:d2,0,0,112,4,-45,A,5c:62:8b:66:67:d2"
1791389786.195,"B,60280,10,72:3b:01:24:b7:c8,112,4,0,0,-35,S,5c:62:8b:66:67:d2"
1791389786.195,"B,60280,10,80:af:ca:68:4c:f8,104,1,0,0,-87,A,80:af:ca:68:4c:f8"
1791389786.195,"B,60280,10,38:d5:7a:f4:5a:37,30,1,0,0,-90,S,46:fb:cf:a9:f4:22"
1791389786.195,"B,60280,10,46:fb:cf:a9:f4:22,0,0,30,1,0,A,46:fb:cf:a9:f4:22"
1791389786.195,"B,60380,10,5c:62:8b:66:67:d2,0,0,56,2,-46,A,5c:62:8b:66:67:d2"
1791389786.195,"B,60380,10,72:3b:01:24:b7:c8,56,2,0,0,-35,S,5c:62:8b:66:67:d2"
1791389786.195,"B,60380,10,38:d5:7a:f4:5a:37,30,1,0,0,-95,S,46:fb:cf:a9:f4:22"
1791389786.195,"B,60380,10,46:fb:cf:a9:f4:22,0,0,30,1,0,A,46:fb:cf:a9:f4:22"
1791389786.398,"B,60480,10,5c:62:8b:66:67:d2,0,0,112,4,-45,A,5c:62:8b:66:67:d2"
1791389786.398,"B,60480,10,72:3b:01:24:b7:c8,112,4,0,0,-34,S,5c:62:8b:66:67:d2"
1791389786.398,"B,60580,10,38:d5:7a:f4:5a:37,30,1,0,0,-92,S,46:fb:cf:a9:f4:22"
1791389786.398,"B,60580,10,46:fb:cf:a9:f4:22,0,0,30,1,0,A,46:fb:cf:a9:f4:22"
1791389786.601,"B,60680,10,5c:62:8b:66:67:d2,0,0,112,4,-45,A,5c:62:8b:66:67:d2"
1791389786.601,"B,60680,10,72:3b:01:24:b7:c8,112,4,0,0,-36,S,5c:62:8b:66:67:d2"
1791389786.601,"B,60680,10,38:d5:7a:f4:5a:37,30,1,0,0,-93,S,46:fb:cf:a9:f4:22"
1791389786.601,"B,60680,10,46:fb:cf:a9:f4:22,0,0,30,1,0,A,46:fb:cf:a9:f4:22"
1791389786.805,"B,60880,10,5c:62:8b:66:67:d2,0,0,420,15,-46,A,5c:62:8b:66:67:d2"
1791389786.805,"B,60880,10,72:3b:01:24:b7:c8,420,15,0,0,-37,S,5c:62:8b:66:67:d2"
1791389786.805,"B,60980,10,38:d5:7a:f4:5a:37,150,5,0,0,-92,S,46:fb:cf:a9:f4:22"
1791389786.805,"B,60980,10,46:fb:cf:a9:f4:22,0,0,150,5,0,A,46:fb:cf:a9:f4:22"
1791389787.010,"B,61080,10,5c:62:8b:66:67:d2,0,0,112,4,-46,A,5c:62:8b:66:67:d2"
1791389787.010,"B,61080,10,72:3b:01:24:b7:c8,112,4,0,0,-36,S,5c:62:8b:66:67:d2"
1791389787.010,"B,61080,10,38:d5:7a:f4:5a:37,30,1,0,0,-92,S,46:fb:cf:a9:f4:22"
1791389787.010,"B,61080,10,46:fb:cf:a9:f4:22,0,0,30,1,0,A,46:fb:cf:a9:f4:22"
1791389787.010,"B,61180,10,5c:62:8b:66:67:d2,0,0,112,4,-46,A,5c:62:8b:66:67:d2"
1791389787.010,"B,61180,10,72:3b:01:24:b7:c8,112,4,0,0,-36,S,5c:62:8b:66:67:d2"
1791389787.213,"B,61380,10,5c:62:8b:66:67:d2,0,0,84,3,-46,A,5c:62:8b:66:67:d2"
1791389787.213,"B,61380,10,72:3b:01:24:b7:c8,84,3,0,0,-36,S,5c:62:8b:66:67:d2"
1791389787.417,"B,61480,10,5c:62:8b:66:67:d2,0,0,28,1,-46,A,5c:62:8b:66:67:d2"
1791389787.417,"B,61480,10,72:3b:01:24:b7:c8,28,1,0,0,-38,S,5c:62:8b:66:67:d2"
1791389787.417,"M,61491,slot,10,0"
1791389787.417,"B,61580,10,b2:db:ca:e6:29:a6,84,3,0,0,-27,S,5c:62:8b:66:67:d2"
1791389787.417,"B,61580,10,5c:62:8b:66:67:d2,0,0,196,7,-46,A,5c:62:8b:66:67:d2"
1791389787.417,"B,61580,10,72:3b:01:24:b7:c8,112,4,0,0,-38,S,5c:62:8b:66:67:d2"
1791389787.619,"B,61680,10,b2:db:ca:e6:29:a6,28,1,0,0,-27,S,5c:62:8b:66:67:d2"
1791389787.619,"B,61680,10,5c:62:8b:66:67:d2,0,0,28,1,-46,A,5c:62:8b:66:67:d2"
1791389787.619,"B,61780,10,b2:db:ca:e6:29:a6,28,1,0,0,-28,S,5c:62:8b:66:67:d2"
1791389787.619,"B,61780,10,5c:62:8b:66:67:d2,0,0,140,5,-45,A,5c:62:8b:66:67:d2"
1791389787.619,"B,61780,10,72:3b:01:24:b7:c8,112,4,0,0,-37,S,5c:62:8b:66:67:d2"
1791389787.824,"B,61880,10,b2:db:ca:e6:29:a6,56,2,0,0,-27,S,5c:62:8b:66:67:d2"
1791389787.824,"B,61880,10,5c:62:8b:66:67:d2,0,0,112,4,-46,A,5c:62:8b:66:67:d2"
1791389787.824,"B,61880,10,72:3b:01:24:b7:c8,56,2,0,0,-37,S,5c:62:8b:66:67:d2"
1791389787.824,"B,61980,10,b2:db:ca:e6:29:a6,56,2,0,0,-27,S,5c:62:8b:66:67:d2"
1791389787.824,"B,61980,10,5c:62:8b:66:67:d2,0,0,168,6,-46,A,5c:62:8b:66:67:d2"
1791389787.824,"B,61980,10,72:3b:01:24:b7:c8,112,4,0,0,-36,S,5c:62:8b:66:67:d2"
1791389788.029,"B,62080,10,b2:db:ca:e6:29:a6,56,2,0,0,-28,S,5c:62:8b:66:67:d2"
1791389788.029,"B,62080,10,5c:62:8b:66:67:d2,0,0,56,2,-46,A,5c:62:8b:66:67:d2"
1791389788.029,"B,62180,10,b2:db:ca:e6:29:a6,28,1,0,0,-27,S,5c:62:8b:66:67:d2"
1791389788.029,"B,62180,10,5c:62:8b:66:67:d2,0,0,84,3,-46,A,5c:62:8b:66:67:d2"
1791389788.029,"B,62180,10,72:3b:01:24:b7:c8,56,2,0,0,-37,S,5c:62:8b:66:67:d2"
1791389788.234,"B,62280,10,b2:db:ca:e6:29:a6,84,3,0,0,-27,S,5c:62:8b:66:67:d2"
1791389788.234,"B,62280,10,5c:62:8b:66:67:d2,0,0,84,3,-46,A,5c:62:8b:66:67:d2"
1791389788.234,"B,62380,10,b2:db:ca:e6:29:a6,56,2,0,0,-29,S,5c:62:8b:66:67:d2"
1791389788.234,"B,62380,10,5c:62:8b:66:67:d2,0,0,224,8,-46,A,5c:62:8b:66:67:d2"
1791389788.234,"B,62380,10,72:3b:01:24:b7:c8,168,6,0,0,-35,S,5c:62:8b:66:67:d2"
1791389788.234,"B,62380,10,38:d5:7a:f4:5a:37,30,1,0,0,-92,S,46:fb:cf:a9:f4:22"
1791389788.234,"B,62380,10,46:fb:cf:a9:f4:22,0,0,30,1,0,A,46:fb:cf:a9:f4:22"
1791389788.439,"B,62480,10,b2:db:ca:e6:29:a6,56,2,0,0,-28,S,5c:62:8b:66:67:d2"
1791389788.439,"B,62480,10,5c:62:8b:66:67:d2,0,0,56,2,-46,A,5c:62:8b:66:67:d2"
1791389788.439,"B,62480,10,38:d5:7a:f4:5a:37,30,1,0,0,-93,S,46:fb:cf:a9:f4:22"
1791389788.439,"B,62480,10,46:fb:cf:a9:f4:22,0,0,30,1,0,A,46:fb:cf:a9:f4:22"
1791389788.439,"B,62580,10,b2:db:ca:e6:29:a6,28,1,0,0,-28,S,5c:62:8b:66:67:d2"
1791389788.439,"B,62580,10,5c:62:8b:66:67:d2,0,0,84,3,-46,A,5c:62:8b:66:67:d2"
1791389788.439,"B,62580,10,72:3b:01:24:b7:c8,56,2,0,0,-35,S,5c:62:8b:66:67:d2"
1791389788.643,"B,62680,10,b2:db:ca:e6:29:a6,28,1,0,0,-27,S,5c:62:8b:66:67:d2"
1791389788.643,"B,62680,10,5c:62:8b:66:67:d2,0,0,140,5,-46,A,5c:62:8b:66:67:d2"
1791389788.643,"B,62680,10,72:3b:01:24:b7:c8,112,4,0,0,-36,S,5c:62:8b:66:67:d2"
1791389788.643,"B,62780,10,b2:db:ca:e6:29:a6,28,1,0,0,-28,S,5c:62:8b:66:67:d2"
1791389788.643,"B,62780,10,5c:62:8b:66:67:d2,0,0,28,1,-46,A,5c:62:8b:66:67:d2"
1791389788.848,"B,62880,10,5c:62:8b:66:67:d2,0,0,168,6,-46,A,5c:62:8b:66:67:d2"
1791389788.848,"B,62880,10,72:3b:01:24:b7:c8,168,6,0,0,-38,S,5c:62:8b:66:67:d2"
1791389788.848,"B,62980,10,b2:db:ca:e6:29:a6,56,2,0,0,-27,S,5c:62:8b:66:67:d2"
1791389788.848,"B,62980,10,5c:62:8b:66:67:d2,0,0,56,2,-46,A,5c:62:8b:66:67:d2"
1791389789.052,"B,63080,10,b2:db:ca:e6:29:a6,56,2,0,0,-28,S,5c:62:8b:66:67:d2"
1791389789.052,"B,63080,10,5c:62:8b:66:67:d2,0,0,196,7,-46,A,5c:62:8b:66:67:d2"
1791389789.052,"B,63080,10,72:3b:01:24:b7:c8,140,5,0,0,-38,S,5c:62:8b:66:67:d2"
1791389789.052,"B,63180,10,b2:db:ca:e6:29:a6,56,2,0,0,-28,S,5c:62:8b:66:67:d2"
1791389789.052,"B,63180,10,5c:62:8b:66:67:d2,0,0,56,2,-46,A,5c:62:8b:66:67:d2"
1791389789.257,"B,63280,10,b2:db:ca:e6:29:a6,28,1,0,0,-27,S,5c:62:8b:66:67:d2"
1791389789.257,"B,63280,10,5c:62:8b:66:67:d2,0,0,140,5,-46,A,5c:62:8b:66:67:d2"
1791389789.257,"B,63280,10,72:3b:01:24:b7:c8,112,4,0,0,-38,S,5c:62:8b:66:67:d2"
1791389789.257,"B,63380,10,b2:db:ca:e6:29:a6,28,1,0,0,-29,S,5c:62:8b:66:67:d2"
1791389789.257,"B,63380,10,5c:62:8b:66:67:d2,0,0,84,3,-46,A,5c:62:8b:66:67:d2"
1791389789.257,"B,63380,10,72:3b:01:24:b7:c8,56,2,0,0,-38,S,5c:62:8b:66:67:d2"
1791389789.462,"B,63480,10,b2:db:ca:e6:29:a6,56,2,0,0,-28,S,5c:62:8b:66:67:d2"
1791389789.462,"B,63480,10,5c:62:8b:66:67:d2,0,0,140,5,-45,A,5c:62:8b:66:67:d2"
1791389789.462,"B,63480,10,72:3b:01:24:b7:c8,84,3,0,0,-37,S,5c:62:8b:66:67:d2"
1791389789.462,"B,63580,10,b2:db:ca:e6:29:a6,28,1,0,0,-28,S,5c:62:8b:66:67:d2"
1791389789.462,"B,63580,10,5c:62:8b:66:67:d2,0,0,28,1,0,A,5c:62:8b:66:67:d2"
1791389789.668,"B,63680,10,b2:db:ca:e6:29:a6,56,2,0,0,-27,S,5c:62:8b:66:67:d2"
1791389789.668,"B,63680,10,5c:62:8b:66:67:d2,0,0,168,6,-46,A,5c:62:8b:66:67:d2"
1791389789.668,"B,63680,10,72:3b:01:24:b7:c8,112,4,0,0,-37,S,5c:62:8b:66:67:d2"
1791389789.668,"B,63780,10,b2:db:ca:e6:29:a6,28,1,0,0,-27,S,5c:62:8b:66:67:d2"
1791389789.668,"B,63780,10,5c:62:8b:66:67:d2,0,0,28,1,-46,A,5c:62:8b:66:67:d2"
1791389789.873,"B,63880,10,5c:62:8b:66:67:d2,0,0,112,4,-46,A,5c:62:8b:66:67:d2"
1791389789.873,"B,63880,10,72:3b:01:24:b7:c8,112,4,0,0,-37,S,5c:62:8b:66:67:d2"
1791389789.873,"B,63980,10,5c:62:8b:66:67:d2,0,0,112,4,-45,A,5c:62:8b:66:67:d2"
1791389789.873,"B,63980,10,72:3b:01:24:b7:c8,112,4,0,0,-37,S,5c:62:8b:66:67:d2"
1791389790.078,"B,64180,10,5c:62:8b:66:67:d2,0,0,112,4,-46,A,5c:62:8b:66:67:d2"
1791389790.078,"B,64180,10,72:3b:01:24:b7:c8,112,4,0,0,-37,S,5c:62:8b:66:67:d2"
1791389790.283,"B,64280,10,5c:62:8b:66:67:d2,0,0,28,1,-47,A,5c:62:8b:66:67:d2"
1791389790.283,"B,64280,10,72:3b:01:24:b7:c8,28,1,0,0,-32,S,5c:62:8b:66:67:d2"
1791389790.283,"B,64380,10,5c:62:8b:66:67:d2,0,0,56,2,-46,A,5c:62:8b:66:67:d2"
1791389790.283,"B,64380,10,72:3b:01:24:b7:c8,56,2,0,0,-34,S,5c:62:8b:66:67:d2"
1791389790.485,"B,64580,10,5c:62:8b:66:67:d2,0,0,56,2,-46,A,5c:62:8b:66:67:d2"
1791389790.485,"B,64580,10,72:3b:01:24:b7:c8,56,2,0,0,-37,S,5c:62:8b:66:67:d2"
1791389790.686,"B,64780,10,5c:62:8b:66:67:d2,0,0,84,3,-45,A,5c:62:8b:66:67:d2"
1791389790.686,"B,64780,10,72:3b:01:24:b7:c8,84,3,0,0,-37,S,5c:62:8b:66:67:d2"
1791389790.686,"B,64780,10,38:d5:7a:f4:5a:37,30,1,0,0,-95,S,46:fb:cf:a9:f4:22"
1791389790.686,"B,64780,10,46:fb:cf:a9:f4:22,0,0,30,1,0,A,46:fb:cf:a9:f4:22"
1791389790.686,"B,64880,10,5c:62:8b:66:67:d2,0,0,252,9,-45,A,5c:62:8b:66:67:d2"
1791389790.686,"B,64880,10,72:3b:01:24:b7:c8,252,9,0,0,-37,S,5c:62:8b:66:67:d2"
1791389790.887,"B,64980,10,5c:62:8b:66:67:d2,0,0,112,4,-46,A,5c:62:8b:66:67:d2"
1791389790.887,"B,64980,10,72:3b:01:24:b7:c8,112,4,0,0,-37,S,5c:62:8b:66:67:d2"
1791389790.887,"B,65080,10,b2:db:ca:e6:29:a6,28,1,0,0,-27,S,5c:62:8b:66:67:d2"
1791389790.887,"B,65080,10,5c:62:8b:66:67:d2,0,0,28,1,-46,A,5c:62:8b:66:67:d2"
1791389791.088,"I,65100,stat,rx=3164,drops=0,ch=10,bin=100,hop=0,heap=203064"
1791389791.088,"B,65180,10,b2:db:ca:e6:29:a6,56,2,0,0,-26,S,5c:62:8b:66:67:d2"
1791389791.088,"B,65180,10,5c:62:8b:66:67:d2,0,0,168,6,-45,A,5c:62:8b:66:67:d2"
1791389791.088,"B,65180,10,72:3b:01:24:b7:c8,112,4,0,0,-37,S,5c:62:8b:66:67:d2"
1791389791.088,"B,65280,10,b2:db:ca:e6:29:a6,84,3,0,0,-26,S,5c:62:8b:66:67:d2"
1791389791.088,"B,65280,10,5c:62:8b:66:67:d2,0,0,112,4,-45,A,5c:62:8b:66:67:d2"
1791389791.088,"B,65280,10,72:3b:01:24:b7:c8,28,1,0,0,-33,S,5c:62:8b:66:67:d2"
1791389791.289,"B,65380,10,b2:db:ca:e6:29:a6,28,1,0,0,-28,S,5c:62:8b:66:67:d2"
1791389791.289,"B,65380,10,5c:62:8b:66:67:d2,0,0,140,5,-47,A,5c:62:8b:66:67:d2"
1791389791.289,"B,65380,10,72:3b:01:24:b7:c8,112,4,0,0,-35,S,5c:62:8b:66:67:d2"
1791389791.289,"B,65480,10,b2:db:ca:e6:29:a6,56,2,0,0,-26,S,5c:62:8b:66:67:d2"
1791389791.289,"B,65480,10,5c:62:8b:66:67:d2,0,0,252,9,-46,A,5c:62:8b:66:67:d2"
1791389791.289,"B,65480,10,72:3b:01:24:b7:c8,196,7,0,0,-36,S,5c:62:8b:66:67:d2"
1791389791.491,"B,65580,10,b2:db:ca:e6:29:a6,56,2,0,0,-27,S,5c:62:8b:66:67:d2"
1791389791.491,"B,65580,10,5c:62:8b:66:67:d2,0,0,56,2,-45,A,5c:62:8b:66:67:d2"
1791389791.491,"B,65680,10,b2:db:ca:e6:29:a6,56,2,0,0,-27,S,5c:62:8b:66:67:d2"
1791389791.491,"B,65680,10,5c:62:8b:66:67:d2,0,0,168,6,-45,A,5c:62:8b:66:67:d2"
1791389791.491,"B,65680,10,72:3b:01:24:b7:c8,112,4,0,0,-38,S,5c:62:8b:66:67:d2"
1791389791.692,"B,65780,10,b2:db:ca:e6:29:a6,56,2,0,0,-26,S,5c:62:8b:66:67:d2"
1791389791.692,"B,65780,10,5c:62:8b:66:67:d2,0,0,56,2,-45,A,5c:62:8b:66:67:d2"
1791389791.692,"B,65880,10,b2:db:ca:e6:29:a6,28,1,0,0,-25,S,5c:62:8b:66:67:d2"
1791389791.692,"B,65880,10,5c:62:8b:66:67:d2,0,0,168,6,-45,A,5c:62:8b:66:67:d2"
1791389791.692,"B,65880,10,72:3b:01:24:b7:c8,140,5,0,0,-35,S,5c:62:8b:66:67:d2"
1791389791.895,"B,65980,10,b2:db:ca:e6:29:a6,28,1,0,0,-27,S,5c:62:8b:66:67:d2"
1791389791.895,"B,65980,10,5c:62:8b:66:67:d2,0,0,28,1,-47,A,5c:62:8b:66:67:d2"
1791389791.895,"B,66080,10,b2:db:ca:e6:29:a6,28,1,0,0,-27,S,5c:62:8b:66:67:d2"
1791389791.895,"B,66080,10,5c:62:8b:66:67:d2,0,0,140,5,-45,A,5c:62:8b:66:67:d2"
1791389791.895,"B,66080,10,72:3b:01:24:b7:c8,112,4,0,0,-38,S,5c:62:8b:66:67:d2"
1791389792.098,"B,66280,10,5c:62:8b:66:67:d2,0,0,84,3,-45,A,5c:62:8b:66:67:d2"
1791389792.098,"B,66280,10,72:3b:01:24:b7:c8,84,3,0,0,-38,S,5c:62:8b:66:67:d2"
1791389792.302,"B,66380,10,b2:db:ca:e6:29:a6,56,2,0,0,-26,S,5c:62:8b:66:67:d2"
1791389792.302,"B,66380,10,5c:62:8b:66:67:d2,0,0,112,4,-45,A,5c:62:8b:66:67:d2"
1791389792.302,"B,66380,10,72:3b:01:24:b7:c8,56,2,0,0,-38,S,5c:62:8b:66:67:d2"
1791389792.302,"B,66480,10,b2:db:ca:e6:29:a6,84,3,0,0,-27,S,5c:62:8b:66:67:d2"
1791389792.302,"B,66480,10,5c:62:8b:66:67:d2,0,0,224,8,-44,A,5c:62:8b:66:67:d2"
1791389792.302,"B,66480,10,72:3b:01:24:b7:c8,140,5,0,0,-38,S,5c:62:8b:66:67:d2"
1791389792.504,"B,66580,10,b2:db:ca:e6:29:a6,28,1,0,0,-28,S,5c:62:8b:66:67:d2"
1791389792.504,"B,66580,10,5c:62:8b:66:67:d2,0,0,28,1,-46,A,5c:62:8b:66:67:d2"
1791389792.504,"M,66587,slot,11,1"
1791389792.504,"B,66680,10,b2:db:ca:e6:29:a6,56,2,0,0,-29,S,5c:62:8b:66:67:d2"
1791389792.504,"B,66680,10,5c:62:8b:66:67:d2,0,0,140,5,-46,A,5c:62:8b:66:67:d2"
1791389792.504,"B,66680,10,72:3b:01:24:b7:c8,84,3,0,0,-36,S,5c:62:8b:66:67:d2"
1791389792.709,"B,66780,10,b2:db:ca:e6:29:a6,28,1,0,0,-27,S,5c:62:8b:66:67:d2"
1791389792.709,"B,66780,10,5c:62:8b:66:67:d2,0,0,28,1,-46,A,5c:62:8b:66:67:d2"
1791389792.709,"B,66880,10,5c:62:8b:66:67:d2,0,0,420,15,-45,A,5c:62:8b:66:67:d2"
1791389792.709,"B,66880,10,72:3b:01:24:b7:c8,420,15,0,0,-34,S,5c:62:8b:66:67:d2"
1791389792.914,"B,66980,10,b2:db:ca:e6:29:a6,84,3,0,0,-25,S,5c:62:8b:66:67:d2"
1791389792.914,"B,66980,10,5c:62:8b:66:67:d2,0,0,196,7,-47,A,5c:62:8b:66:67:d2"
1791389792.914,"B,66980,10,72:3b:01:24:b7:c8,112,4,0,0,-35,S,5c:62:8b:66:67:d2"
1791389793.119,"B,67180,10,b2:db:ca:e6:29:a6,28,1,0,0,-27,S,5c:62:8b:66:67:d2"
1791389793.119,"B,67180,10,5c:62:8b:66:67:d2,0,0,56,2,-45,A,5c:62:8b:66:67:d2"
1791389793.119,"B,67180,10,72:3b:01:24:b7:c8,28,1,0,0,-41,S,5c:62:8b:66:67:d2"
1791389793.119,"B,67280,10,b2:db:ca:e6:29:a6,28,1,0,0,-27,S,5c:62:8b:66:67:d2"
1791389793.119,"B,67280,10,5c:62:8b:66:67:d2,0,0,28,1,-44,A,5c:62:8b:66:67:d2"
1791389793.319,"B,67380,10,b2:db:ca:e6:29:a6,28,1,0,0,-27,S,5c:62:8b:66:67:d2"
1791389793.319,"B,67380,10,5c:62:8b:66:67:d2,0,0,168,6,-43,A,5c:62:8b:66:67:d2"
1791389793.319,"B,67380,10,72:3b:01:24:b7:c8,140,5,0,0,-38,S,5c:62:8b:66:67:d2"
1791389793.319,"B,67480,10,b2:db:ca:e6:29:a6,56,2,0,0,-28,S,5c:62:8b:66:67:d2"
1791389793.319,"B,67480,10,5c:62:8b:66:67:d2,0,0,56,2,-43,A,5c:62:8b:66:67:d2"
1791389793.524,"B,67580,10,b2:db:ca:e6:29:a6,28,1,0,0,-26,S,5c:62:8b:66:67:d2"
1791389793.524,"B,67580,10,5c:62:8b:66:67:d2,0,0,56,2,-45,A,5c:62:8b:66:67:d2"
1791389793.524,"B,67580,10,72:3b:01:24:b7:c8,28,1,0,0,-40,S,5c:62:8b:66:67:d2"
1791389793.524,"B,67680,10,b2:db:ca:e6:29:a6,28,1,0,0,-27,S,5c:62:8b:66:67:d2"
1791389793.524,"B,67680,10,5c:62:8b:66:67:d2,0,0,28,1,0,A,5c:62:8b:66:67:d2"
1791389793.725,"B,67780,10,5c:62:8b:66:67:d2,0,0,112,4,-43,A,5c:62:8b:66:67:d2"
1791389793.725,"B,67780,10,72:3b:01:24:b7:c8,112,4,0,0,-41,S,5c:62:8b:66:67:d2"
1791389793.725,"B,67880,10,b2:db:ca:e6:29:a6,56,2,0,0,-27,S,5c:62:8b:66:67:d2"
1791389793.725,"B,67880,10,5c:62:8b:66:67:d2,0,0,84,3,-43,A,5c:62:8b:66:67:d2"
1791389793.725,"B,67880,10,72:3b:01:24:b7:c8,28,1,0,0,-41,S,5c:62:8b:66:67:d2"
1791389793.930,"B,67980,10,b2:db:ca:e6:29:a6,28,1,0,0,-29,S,5c:62:8b:66:67:d2"
1791389793.930,"B,67980,10,5c:62:8b:66:67:d2,0,0,140,5,-43,A,5c:62:8b:66:67:d2"
1791389793.930,"B,67980,10,72:3b:01:24:b7:c8,112,4,0,0,-37,S,5c:62:8b:66:67:d2"
1791389793.930,"B,67980,10,38:d5:7a:f4:5a:37,150,5,0,0,-92,S,46:fb:cf:a9:f4:22"
1791389793.930,"B,67980,10,46:fb:cf:a9:f4:22,0,0,150,5,0,A,46:fb:cf:a9:f4:22"
1791389793.930,"B,68080,10,38:d5:7a:f4:5a:37,90,3,0,0,-90,S,46:fb:cf:a9:f4:22"
1791389793.930,"B,68080,10,46:fb:cf:a9:f4:22,0,0,90,3,0,A,46:fb:cf:a9:f4:22"
1791389794.135,"B,68280,10,5c:62:8b:66:67:d2,0,0,84,3,-43,A,5c:62:8b:66:67:d2"
1791389794.135,"B,68280,10,72:3b:01:24:b7:c8,84,3,0,0,-39,S,5c:62:8b:66:67:d2"
1791389794.340,"B,68380,10,5c:62:8b:66:67:d2,0,0,56,2,-44,A,5c:62:8b:66:67:d2"
1791389794.340,"B,68380,10,72:3b:01:24:b7:c8,56,2,0,0,-38,S,5c:62:8b:66:67:d2"
1791389794.340,"B,68480,10,5c:62:8b:66:67:d2,0,0,112,4,-43,A,5c:62:8b:66:67:d2"
1791389794.340,"B,68480,10,72:3b:01:24:b7:c8,112,4,0,0,-36,S,5c:62:8b:66:67:d2"
1791389794.543,"B,68680,10,5c:62:8b:66:67:d2,0,0,28,1,-43,A,5c:62:8b:66:67:d2"
1791389794.543,"B,68680,10,72:3b:01:24:b7:c8,28,1,0,0,-36,S,5c:62:8b:66:67:d2"
1791389794.748,"B,68780,10,b2:db:ca:e6:29:a6,28,1,0,0,-27,S,5c:62:8b:66:67:d2"
1791389794.748,"B,68780,10,5c:62:8b:66:67:d2,0,0,28,1,-44,A,5c:62:8b:66:67:d2"
1791389794.748,"B,68880,10,5c:62:8b:66:67:d2,0,0,336,12,-43,A,5c:62:8b:66:67:d2"
1791389794.748,"B,68880,10,72:3b:01:24:b7:c8,336,12,0,0,-35,S,5c:62:8b:66:67:d2"
1791389794.953,"B,69080,10,b2:db:ca:e6:29:a6,56,2,0,0,-27,S,5c:62:8b:66:67:d2"
1791389794.953,"B,69080,10,5c:62:8b:66:67:d2,0,0,112,4,-44,A,5c:62:8b:66:67:d2"
1791389794.953,"B,69080,10,72:3b:01:24:b7:c8,56,2,0,0,-38,S,5c:62:8b:66:67:d2"
1791389795.158,"B,69280,10,b2:db:ca:e6:29:a6,56,2,0,0,-27,S,5c:62:8b:66:67:d2"
1791389795.158,"B,69280,10,5c:62:8b:66:67:d2,0,0,56,2,-44,A,5c:62:8b:66:67:d2"
1791389795.158,"B,69280,10,38:d5:7a:f4:5a:37,30,1,0,0,-90,S,46:fb:cf:a9:f4:22"
1791389795.158,"B,69280,10,46:fb:cf:a9:f4:22,0,0,30,1,0,A,46:fb:cf:a9:f4:22"
1791389795.363,"B,69380,10,5c:62:8b:66:67:d2,0,0,28,1,-45,A,5c:62:8b:66:67:d2"
1791389795.363,"B,69380,10,72:3b:01:24:b7:c8,28,1,0,0,-40,S,5c:62:8b:66:67:d2"
1791389795.363,"B,69380,10,38:d5:7a:f4:5a:37,60,2,0,0,-93,S,46:fb:cf:a9:f4:22"
1791389795.363,"B,69380,10,46:fb:cf:a9:f4:22,0,0,60,2,0,A,46:fb:cf:a9:f4:22"
1791389795.363,"B,69480,10,b2:db:ca:e6:29:a6,84,3,0,0,-27,S,5c:62:8b:66:67:d2"
1791389795.363,"B,69480,10,5c:62:8b:66:67:d2,0,0,196,7,-45,A,5c:62:8b:66:67:d2"
1791389795.363,"B,69480,10,72:3b:01:24:b7:c8,112,4,0,0,-37,S,5c:62:8b:66:67:d2"
1791389795.363,"B,69480,10,38:d5:7a:f4:5a:37,60,2,0,0,-92,S,46:fb:cf:a9:f4:22"
1791389795.363,"B,69480,10,46:fb:cf:a9:f4:22,0,0,60,2,0,A,46:fb:cf:a9:f4:22"
1791389795.569,"B,69580,10,b2:db:ca:e6:29:a6,28,1,0,0,-27,S,5c:62:8b:66:67:d2"
1791389795.569,"B,69580,10,5c:62:8b:66:67:d2,0,0,28,1,-45,A,5c:62:8b:66:67:d2"
1791389795.569,"B,69680,10,b2:db:ca:e6:29:a6,56,2,0,0,-27,S,5c:62:8b:66:67:d2"
1791389795.569,"B,69680,10,5c:62:8b:66:67:d2,0,0,140,5,-45,A,5c:62:8b:66:67:d2"
1791389795.569,"B,69680,10,72:3b:01:24:b7:c8,84,3,0,0,-34,S,5c:62:8b:66:67:d2"
1791389795.569,"B,69680,10,80:af:ca:68:4c:f8,84,1,0,0,-84,A,80:af:ca:68:4c:f8"
1791389795.771,"B,69780,10,b2:db:ca:e6:29:a6,28,1,0,0,-27,S,5c:62:8b:66:67:d2"
1791389795.771,"B,69780,10,5c:62:8b:66:67:d2,0,0,112,4,-45,A,5c:62:8b:66:67:d2"
1791389795.771,"B,69780,10,72:3b:01:24:b7:c8,84,3,0,0,-40,S,5c:62:8b:66:67:d2"
1791389795.771,"B,69880,10,5c:62:8b:66:67:d2,0,0,56,2,-43,A,5c:62:8b:66:67:d2"
1791389795.771,"B,69880,10,72:3b:01:24:b7:c8,56,2,0,0,-38,S,5c:62:8b:66:67:d2"
1791389795.976,"B,69980,10,5c:62:8b:66:67:d2,0,0,112,4,-45,A,5c:62:8b:66:67:d2"
1791389795.976,"B,69980,10,72:3b:01:24:b7:c8,112,4,0,0,-35,S,5c:62:8b:66:67:d2"
1791389795.976,"I,70102,stat,rx=3415,drops=0,ch=10,bin=100,hop=0,heap=203064"
1791389796.181,"B,70180,10,b2:db:ca:e6:29:a6,28,1,0,0,-27,S,5c:62:8b:66:67:d2"
1791389796.181,"B,70180,10,5c:62:8b:66:67:d2,0,0,240,3,-44,A,5c:62:8b:66:67:d2"
1791389796.181,"B,70180,10,72:3b:01:24:b7:c8,212,2,0,0,-37,S,5c:62:8b:66:67:d2"
1791389796.181,"B,70280,10,b2:db:ca:e6:29:a6,56,2,0,0,-27,S,5c:62:8b:66:67:d2"
1791389796.181,"B,70280,10,5c:62:8b:66:67:d2,0,0,56,2,-44,A,5c:62:8b:66:67:d2"
1791389796.383,"B,70380,10,b2:db:ca:e6:29:a6,56,2,0,0,-26,S,5c:62:8b:66:67:d2"
1791389796.383,"B,70380,10,5c:62:8b:66:67:d2,0,0,112,4,-44,A,5c:62:8b:66:67:d2"
1791389796.383,"B,70380,10,72:3b:01:24:b7:c8,56,2,0,0,-37,S,5c:62:8b:66:67:d2"
1791389796.383,"B,70480,10,b2:db:ca:e6:29:a6,56,2,0,0,-27,S,5c:62:8b:66:67:d2"
1791389796.383,"B,70480,10,5c:62:8b:66:67:d2,0,0,56,2,-44,A,5c:62:8b:66:67:d2"
1791389796.583,"B,70580,10,b2:db:ca:e6:29:a6,28,1,0,0,-27,S,5c:62:8b:66:67:d2"
1791389796.583,"B,70580,10,5c:62:8b:66:67:d2,0,0,196,7,-44,A,5c:62:8b:66:67:d2"
1791389796.583,"B,70580,10,72:3b:01:24:b7:c8,168,6,0,0,-39,S,5c:62:8b:66:67:d2"
1791389796.583,"B,70680,10,b2:db:ca:e6:29:a6,56,2,0,0,-26,S,5c:62:8b:66:67:d2"
1791389796.583,"B,70680,10,5c:62:8b:66:67:d2,0,0,56,2,-44,A,5c:62:8b:66:67:d2"
1791389796.783,"B,70780,10,b2:db:ca:e6:29:a6,56,2,0,0,-26,S,5c:62:8b:66:67:d2"
1791389796.783,"B,70780,10,5c:62:8b:66:67:d2,0,0,56,2,-44,A,5c:62:8b:66:67:d2"
1791389796.783,"B,70880,10,b2:db:ca:e6:29:a6,28,1,0,0,-27,S,5c:62:8b:66:67:d2"
1791389796.783,"B,70880,10,5c:62:8b:66:67:d2,0,0,224,8,-44,A,5c:62:8b:66:67:d2"
1791389796.783,"B,70880,10,72:3b:01:24:b7:c8,196,7,0,0,-38,S,5c:62:8b:66:67:d2"
1791389796.783,"B,70980,10,b2:db:ca:e6:29:a6,84,3,0,0,-26,S,5c:62:8b:66:67:d2"
1791389796.783,"B,70980,10,5c:62:8b:66:67:d2,0,0,308,11,-44,A,5c:62:8b:66:67:d2"
1791389796.983,"B,70980,10,72:3b:01:24:b7:c8,224,8,0,0,-37,S,5c:62:8b:66:67:d2"
1791389796.983,"B,71080,10,b2:db:ca:e6:29:a6,56,2,0,0,-28,S,5c:62:8b:66:67:d2"
1791389796.983,"B,71080,10,5c:62:8b:66:67:d2,0,0,56,2,-45,A,5c:62:8b:66:67:d2"
1791389796.983,"B,71180,10,b2:db:ca:e6:29:a6,56,2,0,0,-25,S,5c:62:8b:66:67:d2"
1791389796.983,"B,71180,10,5c:62:8b:66:67:d2,0,0,84,3,-45,A,5c:62:8b:66:67:d2"
1791389796.983,"B,71180,10,72:3b:01:24:b7:c8,28,1,0,0,-41,S,5c:62:8b:66:67:d2"
1791389797.184,"B,71280,10,b2:db:ca:e6:29:a6,56,2,0,0,-26,S,5c:62:8b:66:67:d2"
1791389797.184,"B,71280,10,5c:62:8b:66:67:d2,0,0,140,5,-45,A,5c:62:8b:66:67:d2"
1791389797.184,"B,71280,10,72:3b:01:24:b7:c8,84,3,0,0,-39,S,5c:62:8b:66:67:d2"
1791389797.184,"B,71380,10,b2:db:ca:e6:29:a6,28,1,0,0,-28,S,5c:62:8b:66:67:d2"
1791389797.184,"B,71380,10,5c:62:8b:66:67:d2,0,0,84,3,-45,A,5c:62:8b:66:67:d2"
1791389797.384,"B,71380,10,72:3b:01:24:b7:c8,56,2,0,0,-38,S,5c:62:8b:66:67:d2"
1791389797.384,"B,71480,10,b2:db:ca:e6:29:a6,56,2,0,0,-26,S,5c:62:8b:66:67:d2"
1791389797.384,"B,71480,10,5c:62:8b:66:67:d2,0,0,168,6,-45,A,5c:62:8b:66:67:d2"
1791389797.384,"B,71480,10,72:3b:01:24:b7:c8,112,4,0,0,-35,S,5c:62:8b:66:67:d2"
1791389797.384,"B,71580,10,b2:db:ca:e6:29:a6,56,2,0,0,-27,S,5c:62:8b:66:67:d2"
1791389797.384,"B,71580,10,5c:62:8b:66:67:d2,0,0,56,2,-44,A,5c:62:8b:66:67:d2"
1791389797.585,"M,71665,end"
1791389797.585,"B,71680,10,b2:db:ca:e6:29:a6,56,2,0,0,-26,S,5c:62:8b:66:67:d2"
1791389797.585,"B,71680,10,5c:62:8b:66:67:d2,0,0,112,4,-45,A,5c:62:8b:66:67:d2"
1791389797.585,"B,71680,10,72:3b:01:24:b7:c8,56,2,0,0,-34,S,5c:62:8b:66:67:d2"
1791389797.585,"B,71780,10,b2:db:ca:e6:29:a6,56,2,0,0,-27,S,5c:62:8b:66:67:d2"
1791389797.585,"B,71780,10,5c:62:8b:66:67:d2,0,0,56,2,-45,A,5c:62:8b:66:67:d2"
1791389797.787,"B,71880,10,b2:db:ca:e6:29:a6,56,2,0,0,-27,S,5c:62:8b:66:67:d2"
1791389797.787,"B,71880,10,5c:62:8b:66:67:d2,0,0,168,6,-45,A,5c:62:8b:66:67:d2"
1791389797.787,"B,71880,10,72:3b:01:24:b7:c8,112,4,0,0,-37,S,5c:62:8b:66:67:d2"
1791389797.787,"B,71980,10,b2:db:ca:e6:29:a6,28,1,0,0,-27,S,5c:62:8b:66:67:d2"
1791389797.787,"B,71980,10,5c:62:8b:66:67:d2,0,0,28,1,-46,A,5c:62:8b:66:67:d2"
1791389797.987,"B,72080,10,b2:db:ca:e6:29:a6,56,2,0,0,-27,S,5c:62:8b:66:67:d2"
1791389797.987,"B,72080,10,5c:62:8b:66:67:d2,0,0,140,5,-45,A,5c:62:8b:66:67:d2"
1791389797.987,"B,72080,10,72:3b:01:24:b7:c8,84,3,0,0,-40,S,5c:62:8b:66:67:d2"
1791389797.987,"B,72180,10,b2:db:ca:e6:29:a6,28,1,0,0,-26,S,5c:62:8b:66:67:d2"
1791389797.987,"B,72180,10,5c:62:8b:66:67:d2,0,0,28,1,0,A,5c:62:8b:66:67:d2"
1791389797.987,"B,72180,10,80:af:ca:68:4c:f8,565,1,0,0,-87,A,80:af:ca:68:4c:f8"
1791389798.189,"B,72280,10,b2:db:ca:e6:29:a6,84,3,0,0,-27,S,5c:62:8b:66:67:d2"
1791389798.189,"B,72280,10,5c:62:8b:66:67:d2,0,0,84,3,-46,A,5c:62:8b:66:67:d2"
1791389798.189,"B,72380,10,5c:62:8b:66:67:d2,0,0,56,2,-45,A,5c:62:8b:66:67:d2"
1791389798.189,"B,72380,10,72:3b:01:24:b7:c8,56,2,0,0,-42,S,5c:62:8b:66:67:d2"
1791389798.391,"B,72480,10,b2:db:ca:e6:29:a6,56,2,0,0,-28,S,5c:62:8b:66:67:d2"
1791389798.391,"B,72480,10,5c:62:8b:66:67:d2,0,0,140,5,-46,A,5c:62:8b:66:67:d2"
1791389798.391,"B,72480,10,72:3b:01:24:b7:c8,84,3,0,0,-36,S,5c:62:8b:66:67:d2"
1791389798.391,"B,72580,10,b2:db:ca:e6:29:a6,56,2,0,0,-28,S,5c:62:8b:66:67:d2"
1791389798.391,"B,72580,10,5c:62:8b:66:67:d2,0,0,56,2,-47,A,5c:62:8b:66:67:d2"
1791389798.591,"B,72680,10,b2:db:ca:e6:29:a6,28,1,0,0,-26,S,5c:62:8b:66:67:d2"
1791389798.591,"B,72680,10,5c:62:8b:66:67:d2,0,0,112,4,-46,A,5c:62:8b:66:67:d2"
1791389798.591,"B,72680,10,72:3b:01:24:b7:c8,84,3,0,0,-40,S,5c:62:8b:66:67:d2"
1791389798.591,"B,72780,10,b2:db:ca:e6:29:a6,56,2,0,0,-27,S,5c:62:8b:66:67:d2"
1791389798.591,"B,72780,10,5c:62:8b:66:67:d2,0,0,168,6,-47,A,5c:62:8b:66:67:d2"
1791389798.591,"B,72780,10,72:3b:01:24:b7:c8,112,4,0,0,-38,S,5c:62:8b:66:67:d2"
