host_time_s,line
1791506819.401,"I,76,boot,spyscan-e2-sniffer,v0.1,transport=usb-serial-jtag"
1791506819.401,"A,143,1,c4:16:88:9a:06:5c,-85,Marine_Horse"
1791506819.401,"A,148,1,44:df:65:f4:66:07,-86,logovo_SKUFov"
1791506819.401,"A,152,1,c2:a5:dd:1b:60:3b,-62,MERCURY_603B"
1791506819.401,"A,158,1,00:eb:d8:38:aa:a8,-86,1511"
1791506819.606,"B,276,1,c4:16:88:9a:06:5c,0,0,30,1,-85,A,c4:16:88:9a:06:5c,0,0,0,0"
1791506819.606,"B,276,1,c0:84:7d:3a:49:77,30,1,0,0,-83,S,c4:16:88:9a:06:5c,1,0,0,0"
1791506819.606,"I,331,reset"
1791506819.606,"I,332,bin,100"
1791506819.606,"I,332,channel,10"
1791506819.606,"A,364,10,5c:62:8b:66:67:d2,-47,TP-Link_67D2"
1791506819.606,"B,376,10,5c:62:8b:66:67:d2,1960,6,1366,4,-45,A,5c:62:8b:66:67:d2,0,6,0,0"
1791506819.606,"B,376,10,72:3b:01:24:b7:c8,28,1,1626,3,-35,S,5c:62:8b:66:67:d2,1,0,0,0"
1791506819.606,"B,376,10,cc:b8:5e:ad:5c:4a,1310,2,334,3,-46,S,5c:62:8b:66:67:d2,1,0,0,1"
1791506819.606,"B,376,10,b2:db:ca:e6:29:a6,28,1,0,0,-42,S,5c:62:8b:66:67:d2,1,0,0,0"
1791506819.606,"A,390,10,cc:d8:43:ca:9f:eb,-76,Xiaomi_DF62"
1791506819.606,"A,400,10,b0:a7:b9:23:82:ee,-88,________ __ ________"
1791506819.809,"B,476,10,5c:62:8b:66:67:d2,1458,13,25502,23,-45,A,5c:62:8b:66:67:d2,0,13,0,0"
1791506819.809,"B,476,10,cc:b8:5e:ad:5c:4a,25446,21,1458,13,-46,S,5c:62:8b:66:67:d2,0,1,1,19"
1791506819.809,"B,476,10,b2:db:ca:e6:29:a6,56,2,0,0,-42,S,5c:62:8b:66:67:d2,2,0,0,0"
1791506819.809,"I,537,focus,cc:b8:5e:ad:5c:4a"
1791506819.809,"M,538,record_start"
1791506819.809,"A,540,10,00:eb:d8:11:99:9d,-61,"
1791506819.809,"P,575,1282"
1791506819.809,"B,576,10,5c:62:8b:66:67:d2,330,3,8670,14,-45,A,5c:62:8b:66:67:d2,0,3,0,0"
1791506819.809,"B,576,10,72:3b:01:24:b7:c8,112,4,0,0,-38,S,5c:62:8b:66:67:d2,4,0,0,0"
1791506819.809,"B,576,10,cc:b8:5e:ad:5c:4a,8502,8,330,3,-46,S,5c:62:8b:66:67:d2,1,0,1,6"
1791506819.809,"B,576,10,b2:db:ca:e6:29:a6,56,2,0,0,-39,S,5c:62:8b:66:67:d2,2,0,0,0"
1791506819.809,"P,575,1282"
1791506819.809,"P,577,1282"
1791506819.809,"P,577,1282"
1791506819.809,"P,577,830"
1791506820.014,"P,655,28"
1791506820.014,"P,655,28"
1791506820.014,"P,656,28"
1791506820.014,"P,657,28"
1791506820.014,"P,658,28"
1791506820.014,"P,659,1282"
1791506820.014,"P,659,1282"
1791506820.014,"P,659,906"
1791506820.014,"P,660,1282"
1791506820.014,"P,660,1282"
1791506820.014,"P,660,906"
1791506820.014,"P,661,1282"
1791506820.014,"P,661,1282"
1791506820.014,"P,661,906"
1791506820.014,"P,661,1282"
1791506820.014,"P,662,1282"
1791506820.014,"P,662,906"
1791506820.014,"P,664,1282"
1791506820.014,"P,666,1282"
1791506820.014,"P,668,1282"
1791506820.014,"P,670,906"
1791506820.014,"B,676,10,5c:62:8b:66:67:d2,220,2,23616,31,-45,A,5c:62:8b:66:67:d2,0,2,0,0"
1791506820.014,"B,676,10,72:3b:01:24:b7:c8,140,5,0,0,-36,S,5c:62:8b:66:67:d2,5,0,0,0"
1791506820.014,"B,676,10,cc:b8:5e:ad:5c:4a,23448,25,220,2,-46,S,5c:62:8b:66:67:d2,5,0,6,14"
1791506820.014,"B,676,10,b2:db:ca:e6:29:a6,28,1,0,0,-43,S,5c:62:8b:66:67:d2,1,0,0,0"
1791506820.014,"B,676,10,b0:a7:b9:23:82:ee,0,0,60,2,-88,A,b0:a7:b9:23:82:ee,0,0,0,0"
1791506820.014,"B,676,10,f2:51:4e:f8:1a:7f,60,2,0,0,-88,S,b0:a7:b9:23:82:ee,2,0,0,0"
1791506820.014,"P,695,1282"
1791506820.014,"P,695,1282"
1791506820.014,"A,728,10,78:8c:b5:f5:e7:26,-82,ITMO"
1791506820.014,"P,734,1282"
1791506820.014,"P,736,1282"
1791506820.014,"P,736,1282"
1791506820.014,"P,736,586"
1791506820.014,"A,746,10,02:eb:d8:11:99:9d,-55,"
1791506820.014,"P,775,28"
1791506820.014,"P,776,1282"
1791506820.014,"B,776,10,5c:62:8b:66:67:d2,550,5,8446,13,-45,A,5c:62:8b:66:67:d2,0,5,0,0"
1791506820.014,"B,776,10,72:3b:01:24:b7:c8,112,4,0,0,-41,S,5c:62:8b:66:67:d2,4,0,0,0"
1791506820.014,"B,776,10,cc:b8:5e:ad:5c:4a,8306,8,550,5,-48,S,5c:62:8b:66:67:d2,1,1,0,6"
1791506820.014,"B,776,10,b2:db:ca:e6:29:a6,28,1,0,0,-44,S,5c:62:8b:66:67:d2,1,0,0,0"
1791506820.014,"B,776,10,b0:a7:b9:23:82:ee,0,0,30,1,0,A,b0:a7:b9:23:82:ee,0,0,0,0"
1791506820.014,"B,776,10,f2:51:4e:f8:1a:7f,30,1,0,0,-88,S,b0:a7:b9:23:82:ee,1,0,0,0"
1791506820.014,"P,776,1282"
1791506820.014,"P,776,1022"
1791506820.219,"P,854,1282"
1791506820.219,"P,854,750"
1791506820.219,"P,854,1282"
1791506820.219,"B,876,10,5c:62:8b:66:67:d2,0,0,5702,8,-47,A,5c:62:8b:66:67:d2,0,0,0,0"
1791506820.219,"B,876,10,72:3b:01:24:b7:c8,28,1,0,0,-35,S,5c:62:8b:66:67:d2,1,0,0,0"
1791506820.219,"B,876,10,cc:b8:5e:ad:5c:4a,5618,5,0,0,-47,S,5c:62:8b:66:67:d2,0,0,2,3"
1791506820.219,"B,876,10,b2:db:ca:e6:29:a6,56,2,0,0,-42,S,5c:62:8b:66:67:d2,2,0,0,0"
1791506820.219,"P,970,28"
1791506820.219,"P,970,1282"
1791506820.219,"P,970,1282"
1791506820.219,"P,971,1282"
1791506820.219,"P,971,1282"
1791506820.219,"P,971,1282"
1791506820.219,"P,972,510"
1791506820.219,"P,976,1282"
1791506820.219,"B,976,10,5c:62:8b:66:67:d2,440,4,8370,13,-45,A,5c:62:8b:66:67:d2,0,4,0,0"
1791506820.219,"B,976,10,72:3b:01:24:b7:c8,84,3,0,0,-38,S,5c:62:8b:66:67:d2,3,0,0,0"
1791506820.219,"B,976,10,cc:b8:5e:ad:5c:4a,8230,8,440,4,-48,S,5c:62:8b:66:67:d2,1,1,0,6"
1791506820.219,"B,976,10,b2:db:ca:e6:29:a6,56,2,0,0,-42,S,5c:62:8b:66:67:d2,2,0,0,0"
1791506820.219,"P,976,1198"
1791506820.423,"P,1055,1282"
1791506820.423,"P,1056,1282"
1791506820.423,"P,1056,1282"
1791506820.423,"P,1056,1282"
1791506820.423,"P,1056,1138"
1791506820.423,"B,1076,10,5c:62:8b:66:67:d2,220,2,7604,11,-46,A,5c:62:8b:66:67:d2,0,2,0,0"
1791506820.423,"B,1076,10,72:3b:01:24:b7:c8,112,4,0,0,-38,S,5c:62:8b:66:67:d2,4,0,0,0"
1791506820.423,"B,1076,10,cc:b8:5e:ad:5c:4a,7464,6,220,2,-48,S,5c:62:8b:66:67:d2,0,0,2,4"
1791506820.423,"B,1076,10,b2:db:ca:e6:29:a6,28,1,0,0,-43,S,5c:62:8b:66:67:d2,1,0,0,0"
1791506820.423,"B,1176,10,5c:62:8b:66:67:d2,0,0,84,3,-47,A,5c:62:8b:66:67:d2,0,0,0,0"
1791506820.423,"B,1176,10,72:3b:01:24:b7:c8,28,1,0,0,-38,S,5c:62:8b:66:67:d2,1,0,0,0"
1791506820.423,"B,1176,10,b2:db:ca:e6:29:a6,56,2,0,0,-42,S,5c:62:8b:66:67:d2,2,0,0,0"
1791506820.423,"B,1176,10,b0:a7:b9:23:82:ee,0,0,30,1,-89,A,b0:a7:b9:23:82:ee,0,0,0,0"
1791506820.423,"B,1176,10,f2:51:4e:f8:1a:7f,30,1,0,0,-91,S,b0:a7:b9:23:82:ee,1,0,0,0"
1791506820.423,"P,1186,28"
1791506820.423,"P,1187,1282"
1791506820.423,"P,1187,238"
1791506820.423,"P,1188,1282"
1791506820.423,"P,1188,238"
1791506820.423,"P,1188,1282"
1791506820.423,"P,1188,238"
1791506820.423,"P,1189,1282"
1791506820.423,"P,1190,1282"
1791506820.423,"P,1190,1282"
1791506820.423,"P,1190,154"
1791506820.623,"P,1254,1282"
1791506820.623,"P,1254,558"
1791506820.623,"B,1276,10,5c:62:8b:66:67:d2,660,6,10596,19,-45,A,5c:62:8b:66:67:d2,0,6,0,0"
1791506820.623,"B,1276,10,72:3b:01:24:b7:c8,140,5,0,0,-37,S,5c:62:8b:66:67:d2,5,0,0,0"
1791506820.623,"B,1276,10,cc:b8:5e:ad:5c:4a,10428,13,660,6,-47,S,5c:62:8b:66:67:d2,1,5,0,7"
1791506820.623,"B,1276,10,b2:db:ca:e6:29:a6,28,1,0,0,-42,S,5c:62:8b:66:67:d2,1,0,0,0"
1791506820.623,"P,1295,28"
1791506820.623,"P,1296,1282"
1791506820.623,"P,1296,1282"
1791506820.623,"P,1296,174"
1791506820.623,"P,1297,1282"
1791506820.623,"P,1297,1282"
1791506820.623,"P,1297,174"
1791506820.623,"P,1376,1282"
1791506820.623,"B,1376,10,5c:62:8b:66:67:d2,330,3,6982,15,-46,A,5c:62:8b:66:67:d2,0,3,0,0"
1791506820.623,"B,1376,10,72:3b:01:24:b7:c8,168,6,0,0,-37,S,5c:62:8b:66:67:d2,6,0,0,0"
1791506820.623,"B,1376,10,cc:b8:5e:ad:5c:4a,6786,8,330,3,-47,S,5c:62:8b:66:67:d2,1,2,0,5"
1791506820.623,"B,1376,10,b2:db:ca:e6:29:a6,28,1,0,0,-43,S,5c:62:8b:66:67:d2,1,0,0,0"
1791506820.623,"B,1376,10,78:8c:b5:f5:e7:26,139,1,28,1,-82,A,78:8c:b5:f5:e7:26,0,1,0,0"
1791506820.623,"B,1376,10,00:08:22:24:d6:fb,28,1,0,0,-76,S,78:8c:b5:f5:e7:26,1,0,0,0"
1791506820.623,"P,1376,1282"
1791506820.623,"P,1376,1282"
1791506820.623,"P,1376,1282"
1791506820.623,"P,1376,510"
1791506820.623,"P,1378,1282"
1791506820.623,"P,1378,1282"
1791506820.623,"P,1378,1282"
1791506820.623,"P,1378,1282"
1791506820.623,"P,1378,510"
1791506820.623,"P,1378,1282"
1791506820.623,"P,1455,28"
1791506820.827,"P,1455,1282"
1791506820.827,"P,1455,742"
1791506820.827,"B,1476,10,5c:62:8b:66:67:d2,330,3,13440,17,-45,A,5c:62:8b:66:67:d2,0,3,0,0"
1791506820.827,"B,1476,10,72:3b:01:24:b7:c8,56,2,0,0,-37,S,5c:62:8b:66:67:d2,2,0,0,0"
1791506820.827,"B,1476,10,cc:b8:5e:ad:5c:4a,13328,13,330,3,-48,S,5c:62:8b:66:67:d2,1,2,1,9"
1791506820.827,"B,1476,10,b2:db:ca:e6:29:a6,56,2,0,0,-44,S,5c:62:8b:66:67:d2,2,0,0,0"
1791506820.827,"B,1476,10,78:8c:b5:f5:e7:26,0,0,28,1,-82,A,78:8c:b5:f5:e7:26,0,0,0,0"
1791506820.827,"B,1476,10,00:08:22:24:d6:fb,28,1,0,0,-78,S,78:8c:b5:f5:e7:26,1,0,0,0"
1791506820.827,"P,1495,1282"
1791506820.827,"P,1495,1282"
1791506820.827,"P,1496,1282"
1791506820.827,"P,1496,1282"
1791506820.827,"P,1496,458"
1791506820.827,"P,1497,1282"
1791506820.827,"P,1575,28"
1791506820.827,"P,1575,1282"
1791506820.827,"B,1576,10,5c:62:8b:66:67:d2,220,2,8374,15,-45,A,5c:62:8b:66:67:d2,0,2,0,0"
1791506820.827,"B,1576,10,72:3b:01:24:b7:c8,112,4,0,0,-36,S,5c:62:8b:66:67:d2,4,0,0,0"
1791506820.827,"B,1576,10,cc:b8:5e:ad:5c:4a,8178,8,220,2,-48,S,5c:62:8b:66:67:d2,1,1,0,6"
1791506820.827,"B,1576,10,b2:db:ca:e6:29:a6,84,3,0,0,-45,S,5c:62:8b:66:67:d2,3,0,0,0"
1791506820.827,"P,1576,1282"
1791506820.827,"P,1576,1282"
1791506820.827,"P,1576,1282"
1791506820.827,"P,1577,1282"
1791506820.827,"P,1577,1282"
1791506820.827,"P,1577,1282"
1791506820.827,"P,1577,1282"
1791506820.827,"P,1577,1282"
1791506820.827,"P,1577,1282"
1791506820.827,"P,1578,1282"
1791506820.827,"P,1578,1282"
1791506820.827,"P,1578,1282"
1791506820.827,"P,1578,1282"
1791506820.827,"P,1578,1282"
1791506820.827,"P,1578,1282"
1791506820.827,"P,1579,1282"
1791506820.827,"P,1579,1282"
1791506820.827,"P,1579,1282"
1791506820.827,"P,1581,1282"
1791506820.827,"P,1584,1282"
1791506820.827,"P,1586,1282"
1791506820.827,"P,1589,1282"
1791506820.827,"P,1589,1282"
1791506821.028,"P,1670,1282"
1791506821.028,"P,1671,1134"
1791506821.028,"B,1676,10,5c:62:8b:66:67:d2,330,3,31930,26,-45,A,5c:62:8b:66:67:d2,0,3,0,0"
1791506821.028,"B,1676,10,cc:b8:5e:ad:5c:4a,31902,25,330,3,-47,S,5c:62:8b:66:67:d2,0,0,1,24"
1791506821.028,"B,1676,10,b2:db:ca:e6:29:a6,28,1,0,0,-46,S,5c:62:8b:66:67:d2,1,0,0,0"
1791506821.028,"P,1696,28"
1791506821.028,"P,1696,1282"
1791506821.028,"P,1697,1046"
1791506821.028,"P,1697,1046"
1791506821.028,"P,1697,1046"
1791506821.028,"P,1775,1282"
1791506821.028,"P,1776,1282"
1791506821.028,"B,1776,10,5c:62:8b:66:67:d2,110,1,7124,11,-46,A,5c:62:8b:66:67:d2,0,1,0,0"
1791506821.028,"B,1776,10,72:3b:01:24:b7:c8,112,4,0,0,-37,S,5c:62:8b:66:67:d2,4,0,0,0"
1791506821.028,"B,1776,10,cc:b8:5e:ad:5c:4a,7012,7,110,1,-48,S,5c:62:8b:66:67:d2,1,0,3,3"
1791506821.028,"P,1776,1282"
1791506821.028,"P,1776,1282"
1791506821.028,"P,1776,1282"
1791506821.028,"P,1776,814"
1791506821.028,"P,1777,1282"
1791506821.028,"P,1777,1282"
1791506821.028,"P,1777,1282"
1791506821.028,"P,1777,1282"
1791506821.028,"P,1777,814"
1791506821.028,"P,1778,1282"
1791506821.028,"P,1778,1282"
1791506821.028,"P,1778,1282"
1791506821.028,"P,1778,1282"
1791506821.028,"P,1778,814"
1791506821.028,"P,1781,1282"
1791506821.028,"P,1782,1282"
1791506821.028,"P,1782,1282"
1791506821.028,"P,1782,1282"
1791506821.028,"P,1782,814"
1791506821.028,"P,1784,1282"
1791506821.028,"P,1787,1282"
1791506821.028,"P,1789,1282"
1791506821.028,"P,1792,814"
1791506821.028,"P,1794,814"
1791506821.028,"P,1855,28"
1791506821.028,"P,1856,1282"
1791506821.028,"P,1856,174"
1791506821.229,"B,1876,10,5c:62:8b:66:67:d2,330,3,29724,37,-45,A,5c:62:8b:66:67:d2,0,3,0,0"
1791506821.229,"B,1876,10,72:3b:01:24:b7:c8,224,8,0,0,-35,S,5c:62:8b:66:67:d2,8,0,0,0"
1791506821.229,"B,1876,10,cc:b8:5e:ad:5c:4a,29444,27,330,3,-45,S,5c:62:8b:66:67:d2,1,1,6,19"
1791506821.229,"B,1876,10,b2:db:ca:e6:29:a6,56,2,0,0,-44,S,5c:62:8b:66:67:d2,2,0,0,0"
1791506821.229,"P,1895,1282"
1791506821.229,"P,1895,762"
1791506821.229,"P,1975,28"
1791506821.229,"B,1976,10,5c:62:8b:66:67:d2,220,2,2156,6,-46,A,5c:62:8b:66:67:d2,0,2,0,0"
1791506821.229,"B,1976,10,72:3b:01:24:b7:c8,28,1,0,0,-37,S,5c:62:8b:66:67:d2,1,0,0,0"
1791506821.229,"B,1976,10,cc:b8:5e:ad:5c:4a,2072,3,220,2,-48,S,5c:62:8b:66:67:d2,1,0,1,1"
1791506821.229,"B,1976,10,b2:db:ca:e6:29:a6,56,2,0,0,-44,S,5c:62:8b:66:67:d2,2,0,0,0"
1791506821.229,"P,1977,1282"
1791506821.229,"P,1977,1282"
1791506821.229,"P,1977,1282"
1791506821.229,"P,1977,1282"
1791506821.229,"P,1977,702"
1791506821.229,"P,1978,1282"
1791506821.229,"P,1978,1282"
1791506821.229,"P,1978,1282"
1791506821.229,"P,1978,1282"
1791506821.229,"P,1978,702"
1791506821.229,"P,1978,1282"
1791506821.229,"P,1994,202"
1791506821.229,"P,2055,1282"
1791506821.229,"P,2056,1282"
1791506821.229,"P,2056,646"
1791506821.430,"B,2076,10,5c:62:8b:66:67:d2,626,5,16410,17,-45,A,5c:62:8b:66:67:d2,0,5,0,0"
1791506821.430,"B,2076,10,cc:b8:5e:ad:5c:4a,16354,15,626,5,-48,S,5c:62:8b:66:67:d2,0,2,2,11"
1791506821.430,"B,2076,10,b2:db:ca:e6:29:a6,56,2,0,0,-45,S,5c:62:8b:66:67:d2,2,0,0,0"
1791506821.430,"P,2094,28"
1791506821.430,"P,2095,126"
1791506821.430,"P,2095,1282"
1791506821.430,"P,2096,1282"
1791506821.430,"P,2097,1282"
1791506821.430,"P,2097,1282"
1791506821.430,"P,2098,1282"
1791506821.430,"P,2098,1282"
1791506821.430,"P,2100,1282"
1791506821.430,"P,2101,1282"
1791506821.430,"P,2102,1282"
1791506821.430,"P,2102,1282"
1791506821.430,"P,2102,1282"
1791506821.430,"P,2106,1282"
1791506821.430,"P,2106,1282"
1791506821.430,"P,2106,1282"
1791506821.430,"P,2107,1282"
1791506821.430,"P,2107,1282"
1791506821.430,"P,2108,1282"
1791506821.430,"P,2108,1282"
1791506821.430,"P,2111,1282"
1791506821.430,"P,2113,1282"
1791506821.430,"P,2114,1282"
1791506821.430,"P,2114,1282"
1791506821.430,"P,2114,1282"
1791506821.430,"P,2114,1282"
1791506821.430,"P,2114,1282"
1791506821.430,"P,2119,1282"
1791506821.430,"P,2123,1282"
1791506821.430,"P,2123,1282"
1791506821.430,"P,2124,1282"
1791506821.430,"P,2124,1282"
1791506821.430,"P,2125,1282"
1791506821.430,"P,2125,1282"
1791506821.430,"P,2125,1282"
1791506821.430,"P,2125,1282"
1791506821.430,"P,2126,1282"
1791506821.430,"P,2126,1282"
1791506821.430,"P,2126,1282"
1791506821.430,"P,2127,1282"
1791506821.430,"P,2137,1282"
1791506821.430,"P,2137,1282"
1791506821.430,"P,2137,1282"
1791506821.430,"P,2138,1282"
1791506821.430,"P,2138,1282"
1791506821.430,"P,2139,1282"
1791506821.430,"P,2139,1282"
1791506821.430,"P,2140,1282"
1791506821.430,"P,2140,1282"
1791506821.430,"P,2140,1282"
1791506821.430,"P,2140,1282"
1791506821.430,"B,2176,10,5c:62:8b:66:67:d2,2420,22,63140,57,-45,A,5c:62:8b:66:67:d2,0,22,0,0"
1791506821.430,"B,2176,10,72:3b:01:24:b7:c8,140,5,0,0,-35,S,5c:62:8b:66:67:d2,5,0,0,0"
1791506821.430,"B,2176,10,cc:b8:5e:ad:5c:4a,62972,51,2420,22,-47,S,5c:62:8b:66:67:d2,1,1,0,49"
1791506821.430,"B,2176,10,b2:db:ca:e6:29:a6,28,1,0,0,-42,S,5c:62:8b:66:67:d2,1,0,0,0"
1791506821.430,"P,2183,1282"
1791506821.430,"P,2183,1282"
1791506821.430,"P,2183,1282"
1791506821.430,"P,2183,1282"
1791506821.430,"P,2184,1282"
1791506821.430,"P,2184,1282"
1791506821.430,"P,2184,1282"
1791506821.430,"P,2184,1282"
1791506821.430,"P,2184,1282"
1791506821.430,"P,2184,1282"
1791506821.430,"P,2184,1282"
1791506821.430,"P,2185,1282"
1791506821.430,"P,2185,1282"
1791506821.430,"P,2187,1282"
1791506821.430,"P,2189,1282"
1791506821.430,"P,2189,1282"
1791506821.430,"P,2189,1282"
1791506821.430,"P,2189,1282"
1791506821.430,"P,2191,1282"
1791506821.430,"P,2191,1282"
1791506821.430,"P,2191,1282"
1791506821.430,"P,2191,1282"
1791506821.430,"P,2192,1282"
1791506821.430,"P,2193,1282"
1791506821.430,"P,2195,1282"
1791506821.430,"P,2197,1282"
1791506821.430,"P,2201,1282"
1791506821.430,"P,2202,28"
1791506821.430,"P,2203,1282"
1791506821.430,"P,2203,1282"
1791506821.430,"P,2203,1282"
1791506821.430,"P,2203,1102"
1791506821.430,"P,2204,1282"
1791506821.430,"P,2204,1258"
1791506821.430,"P,2204,1282"
1791506821.430,"P,2255,1282"
1791506821.430,"P,2256,1282"
1791506821.430,"P,2256,1282"
1791506821.430,"P,2256,1282"
1791506821.430,"P,2256,1170"
1791506821.430,"P,2257,1282"
1791506821.430,"P,2257,1282"
1791506821.430,"P,2258,1170"
1791506821.430,"P,2259,1282"
1791506821.430,"P,2259,1170"
1791506821.632,"B,2276,10,5c:62:8b:66:67:d2,1320,12,55924,46,-45,A,5c:62:8b:66:67:d2,0,12,0,0"
1791506821.632,"B,2276,10,cc:b8:5e:ad:5c:4a,55896,45,1320,12,-47,S,5c:62:8b:66:67:d2,1,0,4,40"
1791506821.632,"B,2276,10,b2:db:ca:e6:29:a6,28,1,0,0,-44,S,5c:62:8b:66:67:d2,1,0,0,0"
1791506821.632,"P,2296,1282"
1791506821.632,"P,2296,1282"
1791506821.632,"P,2296,1282"
1791506821.632,"P,2296,870"
1791506821.632,"P,2298,1282"
1791506821.632,"P,2298,1282"
1791506821.632,"P,2298,1282"
1791506821.632,"P,2298,870"
1791506821.632,"P,2299,1282"
1791506821.632,"P,2299,1282"
1791506821.632,"P,2299,1282"
1791506821.632,"P,2299,870"
1791506821.632,"P,2302,1282"
1791506821.632,"P,2304,1282"
1791506821.632,"P,2308,1282"
1791506821.632,"P,2312,870"
1791506821.632,"P,2378,28"
1791506821.632,"B,2376,10,5c:62:8b:66:67:d2,220,2,18948,19,-45,A,5c:62:8b:66:67:d2,0,2,0,0"
1791506821.632,"B,2376,10,cc:b8:5e:ad:5c:4a,18892,17,220,2,-45,S,5c:62:8b:66:67:d2,1,0,4,12"
1791506821.632,"B,2376,10,b2:db:ca:e6:29:a6,56,2,0,0,-43,S,5c:62:8b:66:67:d2,2,0,0,0"
1791506821.632,"B,2376,10,78:8c:b5:f5:e7:26,80,1,0,0,-80,A,78:8c:b5:f5:e7:26,1,0,0,0"
1791506821.632,"P,2378,1282"
1791506821.632,"P,2378,1282"
1791506821.632,"P,2378,1282"
1791506821.632,"P,2379,1282"
1791506821.632,"P,2379,1282"
1791506821.632,"P,2387,1282"
1791506821.632,"P,2388,1282"
1791506821.632,"P,2388,626"
1791506821.632,"P,2389,1282"
1791506821.632,"P,2389,626"
1791506821.632,"P,2455,1178"
1791506821.834,"B,2476,10,5c:62:8b:66:67:d2,440,4,12910,19,-45,A,5c:62:8b:66:67:d2,0,4,0,0"
1791506821.834,"B,2476,10,72:3b:01:24:b7:c8,168,6,0,0,-35,S,5c:62:8b:66:67:d2,6,0,0,0"
1791506821.834,"B,2476,10,cc:b8:5e:ad:5c:4a,12686,11,440,4,-48,S,5c:62:8b:66:67:d2,0,2,1,8"
1791506821.834,"B,2476,10,b2:db:ca:e6:29:a6,56,2,0,0,-43,S,5c:62:8b:66:67:d2,2,0,0,0"
1791506821.834,"P,2495,28"
1791506821.834,"P,2496,1282"
1791506821.834,"P,2496,1282"
1791506821.834,"P,2496,470"
1791506821.834,"P,2496,470"
1791506821.834,"P,2496,470"
1791506821.834,"P,2497,470"
1791506821.834,"P,2498,470"
1791506821.834,"P,2575,1282"
1791506821.834,"B,2576,10,5c:62:8b:66:67:d2,0,0,6308,12,-48,A,5c:62:8b:66:67:d2,0,0,0,0"
1791506821.834,"B,2576,10,72:3b:01:24:b7:c8,28,1,0,0,-34,S,5c:62:8b:66:67:d2,1,0,0,0"
1791506821.834,"B,2576,10,cc:b8:5e:ad:5c:4a,6224,9,0,0,-46,S,5c:62:8b:66:67:d2,1,5,0,3"
1791506821.834,"B,2576,10,b2:db:ca:e6:29:a6,56,2,0,0,-43,S,5c:62:8b:66:67:d2,2,0,0,0"
1791506821.834,"P,2587,1282"
1791506821.834,"P,2593,1282"
1791506821.834,"P,2595,1282"
1791506821.834,"P,2596,342"
1791506821.834,"P,2598,342"
1791506821.834,"P,2655,28"
1791506821.834,"P,2656,1282"
1791506821.834,"P,2656,1282"
1791506821.834,"P,2657,1282"
1791506821.834,"P,2657,1282"
1791506821.834,"P,2657,1282"
1791506821.834,"P,2657,1282"
1791506821.834,"P,2657,1282"
1791506821.834,"P,2658,1282"
1791506821.834,"P,2658,1282"
1791506822.037,"B,2676,10,5c:62:8b:66:67:d2,550,5,16152,17,-45,A,5c:62:8b:66:67:d2,0,5,0,0"
1791506822.037,"B,2676,10,72:3b:01:24:b7:c8,28,1,0,0,-37,S,5c:62:8b:66:67:d2,1,0,0,0"
1791506822.037,"B,2676,10,cc:b8:5e:ad:5c:4a,16096,15,550,5,-45,S,5c:62:8b:66:67:d2,1,2,0,12"
1791506822.037,"B,2676,10,b2:db:ca:e6:29:a6,28,1,0,0,-45,S,5c:62:8b:66:67:d2,1,0,0,0"
1791506822.037,"P,2696,1282"
1791506822.037,"P,2697,1282"
1791506822.037,"P,2697,1282"
1791506822.037,"P,2697,210"
1791506822.037,"P,2697,1282"
1791506822.037,"P,2697,1282"
1791506822.037,"P,2698,1282"
1791506822.037,"P,2698,1282"
1791506822.037,"P,2698,1282"
1791506822.037,"B,2776,10,5c:62:8b:66:67:d2,220,2,10634,15,-46,A,5c:62:8b:66:67:d2,0,2,0,0"
1791506822.037,"B,2776,10,72:3b:01:24:b7:c8,140,5,0,0,-36,S,5c:62:8b:66:67:d2,5,0,0,0"
1791506822.037,"B,2776,10,cc:b8:5e:ad:5c:4a,10466,9,220,2,-48,S,5c:62:8b:66:67:d2,0,1,0,8"
1791506822.037,"B,2776,10,b2:db:ca:e6:29:a6,28,1,0,0,-43,S,5c:62:8b:66:67:d2,1,0,0,0"
1791506822.037,"P,2798,28"
1791506822.037,"P,2799,1282"
1791506822.037,"P,2799,1282"
1791506822.037,"P,2799,1230"
1791506822.037,"P,2799,1282"
1791506822.037,"P,2800,1282"
1791506822.037,"P,2801,1282"
1791506822.037,"P,2801,1282"
1791506822.037,"P,2802,1282"
1791506822.037,"P,2802,1282"
1791506822.037,"P,2802,1282"
1791506822.037,"P,2803,1282"
1791506822.037,"P,2804,1282"
1791506822.037,"P,2805,1282"
1791506822.037,"P,2808,1282"
1791506822.037,"P,2809,1282"
1791506822.037,"P,2809,1282"
1791506822.037,"P,2809,1282"
1791506822.037,"P,2809,1282"
1791506822.037,"P,2810,1282"
1791506822.037,"P,2810,1282"
1791506822.037,"P,2810,1282"
1791506822.037,"P,2810,1282"
1791506822.037,"P,2810,1282"
1791506822.037,"P,2810,1282"
1791506822.037,"P,2811,1282"
1791506822.037,"P,2811,1282"
1791506822.037,"P,2811,1282"
1791506822.037,"P,2812,1282"
1791506822.037,"P,2812,1282"
1791506822.037,"P,2812,1282"
1791506822.037,"P,2812,1282"
1791506822.037,"P,2812,1282"
1791506822.037,"P,2812,1282"
1791506822.037,"P,2812,1282"
1791506822.037,"P,2816,1282"
1791506822.037,"P,2818,278"
1791506822.037,"P,2855,1282"
1791506822.037,"P,2855,1282"
1791506822.037,"P,2855,350"
1791506822.240,"B,2876,10,5c:62:8b:66:67:d2,1650,15,48094,42,-45,A,5c:62:8b:66:67:d2,0,15,0,0"
1791506822.240,"B,2876,10,cc:b8:5e:ad:5c:4a,48038,40,1650,15,-47,S,5c:62:8b:66:67:d2,1,2,0,37"
1791506822.240,"B,2876,10,b2:db:ca:e6:29:a6,56,2,0,0,-44,S,5c:62:8b:66:67:d2,2,0,0,0"
1791506822.240,"P,2898,1282"
1791506822.240,"P,2898,1282"
1791506822.240,"P,2898,1282"
1791506822.240,"P,2898,406"
1791506822.240,"P,2975,28"
1791506822.240,"B,2976,10,5c:62:8b:66:67:d2,220,2,4420,10,-46,A,5c:62:8b:66:67:d2,0,2,0,0"
1791506822.240,"B,2976,10,72:3b:01:24:b7:c8,84,3,0,0,-37,S,5c:62:8b:66:67:d2,3,0,0,0"
1791506822.240,"B,2976,10,cc:b8:5e:ad:5c:4a,4280,5,220,2,-48,S,5c:62:8b:66:67:d2,1,1,0,3"
1791506822.240,"B,2976,10,b2:db:ca:e6:29:a6,56,2,0,0,-44,S,5c:62:8b:66:67:d2,2,0,0,0"
1791506822.240,"P,2976,1282"
1791506822.240,"P,2976,1282"
1791506822.240,"P,2977,1282"
1791506822.240,"P,2977,1282"
1791506822.240,"P,2997,1282"
1791506822.240,"P,2997,1282"
1791506822.240,"P,2997,1282"
1791506822.240,"P,3005,1282"
1791506822.240,"P,3007,262"
1791506822.240,"P,3055,1282"
1791506822.240,"P,3055,1166"
1791506822.443,"B,3076,10,5c:62:8b:66:67:d2,550,5,13134,17,-45,A,5c:62:8b:66:67:d2,0,5,0,0"
1791506822.443,"B,3076,10,72:3b:01:24:b7:c8,112,4,0,0,-37,S,5c:62:8b:66:67:d2,4,0,0,0"
1791506822.443,"B,3076,10,cc:b8:5e:ad:5c:4a,12966,11,550,5,-46,S,5c:62:8b:66:67:d2,0,1,1,9"
1791506822.443,"B,3076,10,b2:db:ca:e6:29:a6,56,2,0,0,-43,S,5c:62:8b:66:67:d2,2,0,0,0"
1791506822.443,"P,3095,28"
1791506822.443,"P,3095,1282"
1791506822.443,"P,3095,1282"
1791506822.443,"P,3095,662"
1791506822.443,"P,3175,1282"
1791506822.443,"P,3175,1282"
1791506822.443,"B,3176,10,5c:62:8b:66:67:d2,220,2,5874,8,-46,A,5c:62:8b:66:67:d2,0,2,0,0"
1791506822.443,"B,3176,10,cc:b8:5e:ad:5c:4a,5818,6,220,2,-48,S,5c:62:8b:66:67:d2,1,1,0,4"
1791506822.443,"B,3176,10,b2:db:ca:e6:29:a6,56,2,0,0,-44,S,5c:62:8b:66:67:d2,2,0,0,0"
1791506822.443,"B,3176,10,78:8c:b5:f5:e7:26,180,2,0,0,-80,A,78:8c:b5:f5:e7:26,2,0,0,0"
1791506822.443,"P,3176,1282"
1791506822.443,"P,3176,1282"
1791506822.443,"P,3176,1282"
1791506822.443,"P,3180,322"
1791506822.443,"P,3258,28"
1791506822.443,"P,3258,1282"
1791506822.443,"P,3258,1282"
1791506822.443,"P,3259,1282"
1791506822.443,"P,3259,1282"
1791506822.443,"P,3259,1282"
1791506822.443,"P,3261,1282"
1791506822.443,"P,3262,1282"
1791506822.443,"P,3262,1282"
1791506822.443,"P,3262,1282"
1791506822.443,"P,3262,1282"
1791506822.644,"B,3276,10,5c:62:8b:66:67:d2,330,3,17464,31,-45,A,5c:62:8b:66:67:d2,0,3,0,0"
1791506822.644,"B,3276,10,72:3b:01:24:b7:c8,336,12,0,0,-40,S,5c:62:8b:66:67:d2,12,0,0,0"
1791506822.644,"B,3276,10,cc:b8:5e:ad:5c:4a,17016,15,330,3,-48,S,5c:62:8b:66:67:d2,1,1,0,13"
1791506822.644,"B,3276,10,b2:db:ca:e6:29:a6,112,4,0,0,-43,S,5c:62:8b:66:67:d2,4,0,0,0"
1791506822.644,"B,3276,10,80:af:ca:68:4c:f8,84,1,0,0,-85,A,80:af:ca:68:4c:f8,1,0,0,0"
1791506822.644,"P,3305,1282"
1791506822.644,"P,3305,1282"
1791506822.644,"P,3306,1282"
1791506822.644,"P,3306,1202"
1791506822.644,"P,3307,1282"
1791506822.644,"P,3307,1282"
1791506822.644,"P,3307,1282"
1791506822.644,"P,3313,1282"
1791506822.644,"P,3316,1282"
1791506822.644,"P,3318,1282"
1791506822.644,"P,3322,1226"
1791506822.644,"P,3323,1226"
1791506822.644,"P,3375,28"
1791506822.644,"P,3376,1282"
1791506822.644,"B,3376,10,5c:62:8b:66:67:d2,880,8,16642,19,-45,A,5c:62:8b:66:67:d2,0,8,0,0"
1791506822.644,"B,3376,10,72:3b:01:24:b7:c8,84,3,0,0,-38,S,5c:62:8b:66:67:d2,3,0,0,0"
1791506822.644,"B,3376,10,cc:b8:5e:ad:5c:4a,16502,14,880,8,-45,S,5c:62:8b:66:67:d2,1,0,0,13"
1791506822.644,"B,3376,10,b2:db:ca:e6:29:a6,56,2,0,0,-44,S,5c:62:8b:66:67:d2,2,0,0,0"
1791506822.644,"P,3376,1282"
1791506822.644,"P,3376,1282"
1791506822.644,"P,3376,1282"
1791506822.644,"P,3377,1282"
1791506822.644,"P,3405,1282"
1791506822.644,"P,3405,1282"
1791506822.644,"P,3406,1282"
1791506822.644,"P,3414,1282"
1791506822.644,"P,3415,1282"
1791506822.644,"P,3415,514"
1791506822.644,"P,3455,1282"
1791506822.644,"P,3455,1282"
1791506822.644,"P,3455,898"
1791506822.847,"B,3476,10,5c:62:8b:66:67:d2,990,9,15570,15,-45,A,5c:62:8b:66:67:d2,0,9,0,0"
1791506822.847,"B,3476,10,cc:b8:5e:ad:5c:4a,15514,13,990,9,-48,S,5c:62:8b:66:67:d2,0,1,1,11"
1791506822.847,"B,3476,10,b2:db:ca:e6:29:a6,56,2,0,0,-44,S,5c:62:8b:66:67:d2,2,0,0,0"
1791506822.847,"P,3495,28"
1791506822.847,"P,3496,1282"
1791506822.847,"P,3496,1282"
1791506822.847,"P,3496,1214"
1791506822.847,"P,3575,1282"
1791506822.847,"P,3576,1282"
1791506822.847,"B,3576,10,5c:62:8b:66:67:d2,220,2,6538,12,-46,A,5c:62:8b:66:67:d2,0,2,0,0"
1791506822.847,"B,3576,10,72:3b:01:24:b7:c8,112,4,0,0,-37,S,5c:62:8b:66:67:d2,4,0,0,0"
1791506822.847,"B,3576,10,cc:b8:5e:ad:5c:4a,6370,6,220,2,-47,S,5c:62:8b:66:67:d2,1,0,0,5"
1791506822.847,"B,3576,10,b2:db:ca:e6:29:a6,56,2,0,0,-43,S,5c:62:8b:66:67:d2,2,0,0,0"
1791506822.847,"B,3576,10,78:8c:b5:f5:e7:26,92,1,0,0,-79,A,78:8c:b5:f5:e7:26,1,0,0,0"
1791506822.847,"P,3576,1282"
1791506822.847,"P,3576,1282"
1791506822.847,"P,3576,1282"
1791506822.847,"P,3616,28"
1791506822.847,"P,3617,1282"
1791506822.847,"P,3617,1282"
1791506822.847,"P,3618,1282"
1791506822.847,"P,3618,1282"
1791506822.847,"P,3618,426"
1791506822.847,"P,3656,1282"
1791506822.847,"P,3656,1282"
1791506822.847,"P,3656,1282"
1791506822.847,"P,3656,1282"
1791506822.847,"P,3656,1282"
1791506822.847,"P,3657,1282"
1791506822.847,"P,3657,1282"
1791506823.048,"B,3676,10,5c:62:8b:66:67:d2,440,4,18682,26,-46,A,5c:62:8b:66:67:d2,0,4,0,0"
1791506823.048,"B,3676,10,72:3b:01:24:b7:c8,196,7,0,0,-37,S,5c:62:8b:66:67:d2,7,0,0,0"
1791506823.048,"B,3676,10,cc:b8:5e:ad:5c:4a,18402,16,440,4,-48,S,5c:62:8b:66:67:d2,1,1,0,14"
1791506823.048,"B,3676,10,b2:db:ca:e6:29:a6,84,3,0,0,-43,S,5c:62:8b:66:67:d2,3,0,0,0"
1791506823.048,"P,3718,28"
1791506823.048,"P,3719,1282"
1791506823.048,"P,3719,1282"
1791506823.048,"P,3720,1282"
1791506823.048,"P,3720,1282"
1791506823.048,"P,3720,1282"
1791506823.048,"P,3720,1282"
1791506823.048,"P,3722,1282"
1791506823.048,"P,3722,1258"
1791506823.048,"P,3723,1282"
1791506823.048,"P,3723,1258"
1791506823.048,"P,3775,1282"
1791506823.048,"B,3776,10,5c:62:8b:66:67:d2,1210,11,14194,16,-44,A,5c:62:8b:66:67:d2,0,11,0,0"
1791506823.048,"B,3776,10,72:3b:01:24:b7:c8,112,4,0,0,-37,S,5c:62:8b:66:67:d2,4,0,0,0"
1791506823.048,"B,3776,10,cc:b8:5e:ad:5c:4a,14082,12,1210,11,-48,S,5c:62:8b:66:67:d2,1,0,0,11"
1791506823.048,"P,3775,1282"
1791506823.048,"P,3776,1282"
1791506823.048,"P,3776,1282"
1791506823.048,"P,3777,1282"
1791506823.048,"P,3777,1282"
1791506823.048,"P,3777,518"
1791506823.048,"P,3777,1282"
1791506823.048,"P,3777,1282"
1791506823.048,"P,3778,1282"
1791506823.048,"P,3778,1282"
1791506823.048,"P,3778,518"
1791506823.048,"P,3779,1282"
1791506823.048,"P,3779,1282"
1791506823.048,"P,3780,1282"
1791506823.048,"P,3780,1282"
1791506823.048,"P,3780,518"
1791506823.048,"P,3782,1282"
1791506823.048,"P,3784,1282"
1791506823.048,"P,3785,1282"
1791506823.048,"P,3785,1282"
1791506823.048,"P,3785,518"
1791506823.048,"P,3855,28"
1791506823.048,"P,3856,1282"
1791506823.048,"P,3856,1282"
1791506823.048,"P,3856,1282"
1791506823.048,"P,3857,1282"
1791506823.048,"P,3857,1282"
1791506823.048,"P,3861,1282"
1791506823.048,"P,3862,1282"
1791506823.048,"P,3862,322"
1791506823.249,"B,3876,10,5c:62:8b:66:67:d2,990,9,33330,35,-45,A,5c:62:8b:66:67:d2,0,9,0,0"
1791506823.249,"B,3876,10,72:3b:01:24:b7:c8,112,4,0,0,-36,S,5c:62:8b:66:67:d2,4,0,0,0"
1791506823.249,"B,3876,10,cc:b8:5e:ad:5c:4a,33190,30,990,9,-48,S,5c:62:8b:66:67:d2,1,5,0,24"
1791506823.249,"B,3876,10,b2:db:ca:e6:29:a6,28,1,0,0,-45,S,5c:62:8b:66:67:d2,1,0,0,0"
1791506823.249,"P,3896,1282"
1791506823.249,"P,3896,1282"
1791506823.249,"P,3897,1282"
1791506823.249,"P,3897,1282"
1791506823.249,"P,3897,1282"
1791506823.249,"P,3898,1282"
1791506823.249,"P,3903,1282"
1791506823.249,"P,3903,830"
1791506823.249,"P,3904,1282"
1791506823.249,"P,3904,830"
1791506823.249,"P,3904,1282"
1791506823.249,"P,3905,830"
1791506823.249,"P,3907,1282"
1791506823.249,"P,3909,830"
1791506823.249,"P,3975,28"
1791506823.249,"P,3976,1282"
1791506823.249,"B,3976,10,5c:62:8b:66:67:d2,330,3,17590,21,-45,A,5c:62:8b:66:67:d2,0,3,0,0"
1791506823.249,"B,3976,10,72:3b:01:24:b7:c8,112,4,0,0,-36,S,5c:62:8b:66:67:d2,4,0,0,0"
1791506823.249,"B,3976,10,cc:b8:5e:ad:5c:4a,17450,16,330,3,-47,S,5c:62:8b:66:67:d2,1,0,4,11"
1791506823.249,"B,3976,10,b2:db:ca:e6:29:a6,28,1,0,0,-44,S,5c:62:8b:66:67:d2,1,0,0,0"
1791506823.249,"P,3976,1282"
1791506823.249,"P,3976,1282"
1791506823.249,"P,3976,1282"
1791506823.249,"P,3977,1282"
1791506823.249,"P,4031,1282"
1791506823.249,"P,4032,1282"
1791506823.249,"P,4032,1282"
1791506823.249,"P,4032,1282"
1791506823.249,"P,4032,610"
1791506823.249,"P,4033,1282"
1791506823.249,"P,4033,610"
1791506823.249,"P,4034,1282"
1791506823.249,"P,4034,610"
1791506823.249,"P,4034,1282"
1791506823.249,"P,4034,610"
1791506823.249,"P,4037,1282"
1791506823.249,"P,4038,610"
1791506823.249,"P,4056,1282"
1791506823.249,"P,4056,1282"
1791506823.249,"P,4056,1282"
1791506823.249,"P,4056,1282"
1791506823.249,"P,4058,1282"
1791506823.249,"P,4058,1282"
1791506823.249,"P,4061,1282"
1791506823.249,"P,4061,1282"
1791506823.249,"P,4062,1282"
1791506823.249,"P,4062,802"
1791506823.249,"B,4076,10,5c:62:8b:66:67:d2,1320,12,30996,32,-45,A,5c:62:8b:66:67:d2,0,12,0,0"
1791506823.449,"B,4076,10,72:3b:01:24:b7:c8,194,4,0,0,-38,S,5c:62:8b:66:67:d2,3,1,0,0"
1791506823.449,"B,4076,10,cc:b8:5e:ad:5c:4a,30774,27,1320,12,-48,S,5c:62:8b:66:67:d2,0,5,1,21"
1791506823.449,"B,4076,10,b2:db:ca:e6:29:a6,28,1,0,0,-47,S,5c:62:8b:66:67:d2,1,0,0,0"
1791506823.449,"P,4095,28"
1791506823.449,"P,4095,28"
1791506823.449,"P,4096,1282"
1791506823.449,"P,4096,1282"
1791506823.449,"P,4096,1282"
1791506823.449,"P,4097,1110"
1791506823.449,"B,4176,10,5c:62:8b:66:67:d2,220,2,5152,11,-47,A,5c:62:8b:66:67:d2,0,2,0,0"
1791506823.449,"B,4176,10,72:3b:01:24:b7:c8,112,4,0,0,-35,S,5c:62:8b:66:67:d2,4,0,0,0"
1791506823.449,"B,4176,10,cc:b8:5e:ad:5c:4a,5012,6,220,2,-48,S,5c:62:8b:66:67:d2,2,0,1,3"
1791506823.449,"B,4176,10,b2:db:ca:e6:29:a6,28,1,0,0,-45,S,5c:62:8b:66:67:d2,1,0,0,0"
1791506823.449,"P,4177,1282"
1791506823.449,"P,4177,1282"
1791506823.449,"P,4178,1282"
1791506823.449,"P,4178,1282"
1791506823.449,"P,4178,1282"
1791506823.449,"P,4179,1282"
1791506823.449,"P,4183,1282"
1791506823.449,"P,4184,1282"
1791506823.449,"P,4184,1282"
1791506823.449,"P,4184,1282"
1791506823.449,"P,4185,1282"
1791506823.449,"P,4186,1198"
1791506823.449,"P,4256,28"
1791506823.449,"P,4257,1282"
1791506823.449,"P,4257,1282"
1791506823.449,"P,4257,1282"
1791506823.449,"P,4257,1282"
1791506823.449,"P,4257,1282"
1791506823.449,"P,4258,1282"
1791506823.449,"P,4258,1282"
1791506823.449,"P,4259,1282"
1791506823.449,"P,4259,1282"
1791506823.449,"P,4259,1282"
1791506823.449,"P,4259,1282"
1791506823.449,"P,4260,1282"
1791506823.449,"P,4260,1282"
1791506823.449,"P,4260,1282"
1791506823.449,"P,4260,1282"
1791506823.449,"P,4260,1282"
1791506823.449,"B,4276,10,5c:62:8b:66:67:d2,440,4,35952,33,-46,A,5c:62:8b:66:67:d2,0,4,0,0"
1791506823.449,"B,4276,10,72:3b:01:24:b7:c8,56,2,0,0,-40,S,5c:62:8b:66:67:d2,2,0,0,0"
1791506823.649,"B,4276,10,cc:b8:5e:ad:5c:4a,35840,29,440,4,-48,S,5c:62:8b:66:67:d2,1,0,1,27"
1791506823.649,"B,4276,10,b2:db:ca:e6:29:a6,56,2,0,0,-44,S,5c:62:8b:66:67:d2,2,0,0,0"
1791506823.649,"B,4276,10,b0:a7:b9:23:82:ee,0,0,30,1,-92,A,b0:a7:b9:23:82:ee,0,0,0,0"
1791506823.649,"B,4276,10,f2:51:4e:f8:1a:7f,30,1,0,0,-88,S,b0:a7:b9:23:82:ee,1,0,0,0"
1791506823.649,"P,4334,1282"
1791506823.649,"P,4335,1202"
1791506823.649,"P,4335,1282"
1791506823.649,"P,4335,1282"
1791506823.649,"P,4335,1282"
1791506823.649,"P,4337,1282"
1791506823.649,"P,4337,526"
1791506823.649,"P,4374,28"
1791506823.649,"P,4375,1282"
1791506823.649,"P,4375,1282"
1791506823.649,"P,4375,1282"
1791506823.649,"P,4375,1282"
1791506823.649,"P,4375,1282"
1791506823.649,"B,4376,10,5c:62:8b:66:67:d2,880,8,14744,19,-46,A,5c:62:8b:66:67:d2,0,8,0,0"
1791506823.649,"B,4376,10,72:3b:01:24:b7:c8,56,2,0,0,-37,S,5c:62:8b:66:67:d2,2,0,0,0"
1791506823.649,"B,4376,10,cc:b8:5e:ad:5c:4a,14576,13,880,8,-47,S,5c:62:8b:66:67:d2,1,1,0,11"
1791506823.649,"B,4376,10,b2:db:ca:e6:29:a6,112,4,0,0,-44,S,5c:62:8b:66:67:d2,4,0,0,0"
1791506823.649,"P,4437,1282"
1791506823.649,"P,4438,1282"
1791506823.649,"P,4438,1282"
1791506823.649,"P,4439,1282"
1791506823.649,"P,4440,1282"
1791506823.649,"P,4440,1282"
1791506823.649,"P,4441,998"
1791506823.649,"P,4442,998"
1791506823.649,"P,4443,998"
1791506823.649,"P,4445,998"
1791506823.649,"P,4456,1282"
1791506823.649,"P,4456,1282"
1791506823.649,"P,4457,1282"
1791506823.649,"P,4457,1282"
1791506823.649,"P,4457,1090"
1791506823.649,"P,4458,1282"
1791506823.649,"P,4458,1090"
1791506823.649,"B,4476,10,5c:62:8b:66:67:d2,880,8,20302,18,-47,A,5c:62:8b:66:67:d2,0,8,0,0"
1791506823.649,"B,4476,10,cc:b8:5e:ad:5c:4a,20274,17,880,8,-46,S,5c:62:8b:66:67:d2,0,0,6,11"
1791506823.649,"B,4476,10,b2:db:ca:e6:29:a6,28,1,0,0,-43,S,5c:62:8b:66:67:d2,1,0,0,0"
1791506823.850,"P,4495,28"
1791506823.850,"P,4496,1282"
1791506823.850,"P,4496,1282"
1791506823.850,"P,4497,1282"
1791506823.850,"P,4497,1282"
1791506823.850,"P,4497,1282"
1791506823.850,"P,4501,1282"
1791506823.850,"P,4503,1282"
1791506823.850,"P,4503,1282"
1791506823.850,"P,4503,174"
1791506823.850,"P,4576,1282"
1791506823.850,"B,4576,10,5c:62:8b:66:67:d2,440,4,11936,18,-47,A,5c:62:8b:66:67:d2,0,4,0,0"
1791506823.850,"B,4576,10,72:3b:01:24:b7:c8,140,5,0,0,-39,S,5c:62:8b:66:67:d2,5,0,0,0"
1791506823.850,"B,4576,10,cc:b8:5e:ad:5c:4a,11740,11,440,4,-45,S,5c:62:8b:66:67:d2,1,1,0,9"
1791506823.850,"B,4576,10,b2:db:ca:e6:29:a6,56,2,0,0,-42,S,5c:62:8b:66:67:d2,2,0,0,0"
1791506823.850,"P,4576,1282"
1791506823.850,"P,4577,1282"
1791506823.850,"P,4577,1282"
1791506823.850,"P,4578,1282"
1791506823.850,"P,4578,1282"
1791506823.850,"P,4578,1282"
1791506823.850,"P,4645,28"
1791506823.850,"P,4646,1282"
1791506823.850,"P,4646,1282"
1791506823.850,"P,4648,1282"
1791506823.850,"P,4648,1282"
1791506823.850,"P,4648,1282"
1791506823.850,"P,4648,1282"
1791506823.850,"P,4649,1282"
1791506823.850,"P,4649,1282"
1791506823.850,"P,4649,1282"
1791506823.850,"P,4649,1282"
1791506823.850,"P,4650,1282"
1791506823.850,"P,4650,1282"
1791506823.850,"P,4650,1282"
1791506823.850,"P,4650,1282"
1791506823.850,"P,4650,1282"
1791506823.850,"P,4651,1282"
1791506823.850,"P,4651,1282"
1791506823.850,"P,4656,1282"
1791506823.850,"P,4659,1282"
1791506823.850,"P,4660,1282"
1791506823.850,"P,4660,1282"
1791506823.850,"P,4660,1282"
1791506823.850,"P,4660,1282"
1791506823.850,"P,4661,1282"
1791506823.850,"P,4661,1282"
1791506823.850,"P,4661,930"
1791506823.850,"P,4661,1282"
1791506823.850,"P,4661,1282"
1791506823.850,"P,4662,1282"
1791506823.850,"P,4669,1282"
1791506823.850,"P,4670,1282"
1791506823.850,"P,4670,1282"
1791506823.850,"P,4671,1282"
1791506823.850,"P,4671,1282"
1791506823.850,"P,4671,1282"
1791506823.850,"B,4676,10,5c:62:8b:66:67:d2,1430,13,52350,46,-45,A,5c:62:8b:66:67:d2,0,13,0,0"
1791506823.850,"B,4676,10,72:3b:01:24:b7:c8,56,2,0,0,-45,S,5c:62:8b:66:67:d2,2,0,0,0"
1791506823.850,"B,4676,10,cc:b8:5e:ad:5c:4a,52238,42,1430,13,-46,S,5c:62:8b:66:67:d2,1,0,1,40"
1791506823.850,"B,4676,10,b2:db:ca:e6:29:a6,56,2,0,0,-46,S,5c:62:8b:66:67:d2,2,0,0,0"
1791506823.850,"P,4679,1282"
1791506823.850,"P,4680,1138"
1791506824.050,"P,4702,1282"
1791506824.050,"P,4702,1282"
1791506824.050,"P,4702,1282"
1791506824.050,"P,4703,1282"
1791506824.050,"P,4703,1282"
1791506824.050,"P,4707,1282"
1791506824.050,"P,4708,1090"
1791506824.050,"P,4721,106"
1791506824.050,"P,4722,106"
1791506824.050,"P,4723,106"
1791506824.050,"P,4776,28"
1791506824.050,"B,4776,10,5c:62:8b:66:67:d2,656,6,11604,15,-45,A,5c:62:8b:66:67:d2,0,6,0,0"
1791506824.050,"B,4776,10,cc:b8:5e:ad:5c:4a,11548,13,656,6,-47,S,5c:62:8b:66:67:d2,1,3,2,7"
1791506824.050,"B,4776,10,b2:db:ca:e6:29:a6,56,2,0,0,-45,S,5c:62:8b:66:67:d2,2,0,0,0"
1791506824.050,"P,4776,1282"
1791506824.050,"P,4776,1282"
1791506824.050,"P,4777,1282"
1791506824.050,"P,4777,1282"
1791506824.050,"P,4777,1282"
1791506824.050,"P,4782,1282"
1791506824.050,"P,4782,1282"
1791506824.050,"P,4784,1134"
1791506824.050,"P,4855,1282"
1791506824.050,"P,4855,1282"
1791506824.050,"P,4856,1282"
1791506824.050,"P,4856,1282"
1791506824.050,"P,4856,1282"
1791506824.050,"P,4857,1282"
1791506824.050,"P,4857,1282"
1791506824.050,"P,4857,1282"
1791506824.050,"P,4858,1282"
1791506824.050,"P,4858,1282"
1791506824.050,"P,4858,1282"
1791506824.050,"P,4859,1282"
1791506824.050,"P,4859,1282"
1791506824.050,"P,4859,1282"
1791506824.050,"P,4861,1282"
1791506824.050,"P,4863,1282"
1791506824.050,"P,4867,1282"
1791506824.050,"P,4875,1282"
1791506824.050,"B,4876,10,5c:62:8b:66:67:d2,1100,10,33352,32,-45,A,5c:62:8b:66:67:d2,0,10,0,0"
1791506824.050,"B,4876,10,72:3b:01:24:b7:c8,112,4,0,0,-36,S,5c:62:8b:66:67:d2,4,0,0,0"
1791506824.050,"B,4876,10,cc:b8:5e:ad:5c:4a,33184,26,1100,10,-46,S,5c:62:8b:66:67:d2,0,0,1,25"
1791506824.050,"B,4876,10,b2:db:ca:e6:29:a6,56,2,0,0,-44,S,5c:62:8b:66:67:d2,2,0,0,0"
1791506824.050,"P,4876,28"
1791506824.050,"P,4877,1282"
1791506824.050,"P,4877,638"
1791506824.253,"P,4888,202"
1791506824.253,"P,4897,1282"
1791506824.253,"P,4897,1282"
1791506824.253,"P,4902,522"
1791506824.253,"P,4976,1282"
1791506824.253,"B,4976,10,5c:62:8b:66:67:d2,626,5,6658,13,-45,A,5c:62:8b:66:67:d2,0,5,0,0"
1791506824.253,"B,4976,10,72:3b:01:24:b7:c8,112,4,0,0,-36,S,5c:62:8b:66:67:d2,4,0,0,0"
1791506824.253,"B,4976,10,cc:b8:5e:ad:5c:4a,6518,8,626,5,-47,S,5c:62:8b:66:67:d2,1,3,0,4"
1791506824.253,"B,4976,10,b2:db:ca:e6:29:a6,28,1,0,0,-43,S,5c:62:8b:66:67:d2,1,0,0,0"
1791506824.253,"P,4976,1282"
1791506824.253,"P,4976,1282"
1791506824.253,"P,4977,1270"
1791506824.253,"P,5056,28"
1791506824.253,"P,5056,28"
1791506824.253,"P,5056,28"
1791506824.253,"P,5057,28"
1791506824.253,"P,5059,28"
1791506824.253,"P,5060,1282"
1791506824.253,"P,5060,1282"
1791506824.253,"P,5060,1282"
1791506824.253,"P,5060,1282"
1791506824.253,"P,5065,1282"
1791506824.253,"P,5066,1282"
1791506824.253,"P,5066,946"
1791506824.253,"B,5076,10,5c:62:8b:66:67:d2,660,6,12640,16,-46,A,5c:62:8b:66:67:d2,0,6,0,0"
1791506824.253,"B,5076,10,cc:b8:5e:ad:5c:4a,12612,15,660,6,-47,S,5c:62:8b:66:67:d2,5,0,1,9"
1791506824.253,"B,5076,10,b2:db:ca:e6:29:a6,28,1,0,0,-41,S,5c:62:8b:66:67:d2,1,0,0,0"
1791506824.253,"I,5080,stat,rx=1408,drops=0,ch=10,bin=100,hop=0,heap=202024"
1791506824.453,"P,5095,126"
1791506824.453,"P,5098,1282"
1791506824.453,"P,5098,1282"
1791506824.453,"P,5099,1282"
1791506824.453,"P,5099,1282"
1791506824.453,"P,5100,1282"
1791506824.453,"P,5102,1282"
1791506824.453,"P,5102,1282"
1791506824.453,"P,5104,1282"
1791506824.453,"P,5104,1282"
1791506824.453,"P,5105,1282"
1791506824.453,"P,5105,1282"
1791506824.453,"P,5105,1282"
1791506824.453,"P,5106,1282"
1791506824.453,"P,5106,1282"
1791506824.453,"P,5107,1282"
1791506824.453,"P,5108,1282"
1791506824.453,"P,5108,1282"
1791506824.453,"P,5109,1282"
1791506824.453,"P,5109,1282"
1791506824.453,"P,5109,1282"
1791506824.453,"P,5111,1282"
1791506824.453,"P,5122,1282"
1791506824.453,"P,5122,1282"
1791506824.453,"P,5123,1282"
1791506824.453,"P,5123,1282"
1791506824.453,"P,5123,1282"
1791506824.453,"P,5123,1282"
1791506824.453,"P,5124,1282"
1791506824.453,"P,5124,1282"
1791506824.453,"P,5124,1282"
1791506824.453,"P,5125,1282"
1791506824.453,"P,5125,1282"
1791506824.453,"P,5125,1282"
1791506824.453,"P,5125,1282"
1791506824.453,"P,5125,1282"
1791506824.453,"P,5125,1282"
1791506824.453,"P,5126,1282"
1791506824.453,"P,5126,1282"
1791506824.453,"P,5126,1282"
1791506824.453,"P,5130,1282"
1791506824.453,"P,5130,1282"
1791506824.453,"P,5131,1282"
1791506824.453,"P,5134,1282"
1791506824.453,"P,5163,28"
1791506824.453,"P,5163,28"
1791506824.453,"P,5165,28"
1791506824.453,"P,5166,28"
1791506824.453,"P,5167,28"
1791506824.453,"P,5168,1282"
1791506824.453,"P,5168,1282"
1791506824.453,"P,5168,1282"
1791506824.453,"P,5168,1282"
1791506824.453,"P,5169,1282"
1791506824.453,"P,5169,1282"
1791506824.453,"P,5169,1282"
1791506824.453,"P,5169,1282"
1791506824.453,"P,5170,1282"
1791506824.453,"P,5170,1282"
1791506824.453,"P,5170,1282"
1791506824.453,"P,5170,1282"
1791506824.453,"P,5171,1282"
1791506824.453,"P,5171,1282"
1791506824.453,"P,5171,1282"
1791506824.453,"P,5171,1282"
1791506824.453,"B,5176,10,5c:62:8b:66:67:d2,2094,19,76016,69,-46,A,5c:62:8b:66:67:d2,0,19,0,0"
1791506824.453,"B,5176,10,72:3b:01:24:b7:c8,112,4,0,0,-36,S,5c:62:8b:66:67:d2,4,0,0,0"
1791506824.453,"B,5176,10,cc:b8:5e:ad:5c:4a,75904,65,2094,19,-47,S,5c:62:8b:66:67:d2,5,1,0,59"
1791506824.453,"P,5263,28"
1791506824.453,"P,5264,28"
1791506824.453,"P,5267,28"
1791506824.453,"P,5267,28"
1791506824.453,"P,5269,28"
1791506824.453,"P,5270,1282"
1791506824.453,"P,5270,1282"
1791506824.453,"P,5278,1282"
1791506824.453,"B,5276,10,5c:62:8b:66:67:d2,2394,21,4154,14,-46,A,5c:62:8b:66:67:d2,0,21,0,0"
1791506824.453,"B,5276,10,72:3b:01:24:b7:c8,168,6,0,0,-37,S,5c:62:8b:66:67:d2,6,0,0,0"
1791506824.453,"B,5276,10,cc:b8:5e:ad:5c:4a,3986,8,2394,21,-47,S,5c:62:8b:66:67:d2,5,0,0,3"
1791506824.453,"P,5281,1282"
1791506824.453,"P,5281,1282"
1791506824.453,"P,5282,1282"
1791506824.453,"P,5282,1282"
1791506824.453,"P,5282,1282"
1791506824.453,"P,5284,1282"
1791506824.453,"P,5284,1282"
1791506824.655,"P,5290,1282"
1791506824.655,"P,5290,1282"
1791506824.655,"P,5290,1282"
1791506824.655,"P,5290,1282"
1791506824.655,"P,5291,1282"
1791506824.655,"P,5291,1282"
1791506824.655,"P,5291,1282"
1791506824.655,"P,5291,1282"
1791506824.655,"P,5292,1282"
1791506824.655,"P,5292,1282"
1791506824.655,"P,5297,1282"
1791506824.655,"P,5297,1282"
1791506824.655,"P,5298,1282"
1791506824.655,"P,5299,1282"
1791506824.655,"P,5299,1282"
1791506824.655,"P,5300,1282"
1791506824.655,"P,5300,1282"
1791506824.655,"P,5300,1282"
1791506824.655,"P,5306,1282"
1791506824.655,"P,5306,1282"
1791506824.655,"P,5307,1282"
1791506824.655,"P,5307,1282"
1791506824.655,"P,5307,1282"
1791506824.655,"P,5307,1282"
1791506824.655,"P,5308,1282"
1791506824.655,"P,5308,1282"
1791506824.655,"P,5308,1282"
1791506824.655,"P,5308,962"
1791506824.655,"P,5323,1282"
1791506824.655,"P,5323,1282"
1791506824.655,"P,5323,1282"
1791506824.655,"P,5324,1282"
1791506824.655,"P,5324,1282"
1791506824.655,"P,5325,1282"
1791506824.655,"P,5325,230"
1791506824.655,"P,5325,1282"
1791506824.655,"P,5325,1282"
1791506824.655,"P,5326,1282"
1791506824.655,"P,5326,1282"
1791506824.655,"P,5326,362"
1791506824.655,"P,5326,1282"
1791506824.655,"P,5326,1282"
1791506824.655,"P,5330,1282"
1791506824.655,"P,5331,1282"
1791506824.655,"P,5331,434"
1791506824.655,"P,5332,1282"
1791506824.655,"P,5332,1282"
1791506824.655,"B,5376,10,5c:62:8b:66:67:d2,3080,28,66088,54,-46,A,5c:62:8b:66:67:d2,0,28,0,0"
1791506824.655,"B,5376,10,cc:b8:5e:ad:5c:4a,66088,54,3080,28,-48,S,5c:62:8b:66:67:d2,0,3,1,50"
1791506824.655,"P,5379,28"
1791506824.655,"P,5380,1282"
1791506824.655,"P,5380,1282"
1791506824.655,"P,5380,1282"
1791506824.655,"P,5383,1282"
1791506824.655,"P,5383,1282"
1791506824.655,"P,5384,1282"
1791506824.655,"P,5384,1282"
1791506824.655,"P,5388,1282"
1791506824.655,"P,5388,1282"
1791506824.655,"P,5389,930"
1791506824.655,"P,5458,1282"
1791506824.655,"P,5458,1282"
1791506824.655,"P,5458,990"
1791506824.655,"B,5476,10,5c:62:8b:66:67:d2,880,8,16106,16,-46,A,5c:62:8b:66:67:d2,0,8,0,0"
1791506824.655,"B,5476,10,72:3b:01:24:b7:c8,56,2,0,0,-41,S,5c:62:8b:66:67:d2,2,0,0,0"
1791506824.655,"B,5476,10,cc:b8:5e:ad:5c:4a,16050,14,880,8,-47,S,5c:62:8b:66:67:d2,1,0,2,11"
1791506824.856,"P,5496,28"
1791506824.856,"P,5496,28"
1791506824.856,"P,5496,28"
1791506824.856,"P,5497,28"
1791506824.856,"P,5499,28"
1791506824.856,"P,5500,1282"
1791506824.856,"P,5500,1282"
1791506824.856,"P,5500,1282"
1791506824.856,"P,5501,818"
1791506824.856,"P,5502,1282"
1791506824.856,"P,5502,1282"
1791506824.856,"P,5502,1282"
1791506824.856,"P,5502,818"
1791506824.856,"P,5575,1282"
1791506824.856,"B,5576,10,5c:62:8b:66:67:d2,220,2,10750,14,-46,A,5c:62:8b:66:67:d2,0,2,0,0"
1791506824.856,"B,5576,10,cc:b8:5e:ad:5c:4a,10750,14,220,2,-46,S,5c:62:8b:66:67:d2,5,0,2,7"
1791506824.856,"P,5576,1282"
1791506824.856,"P,5576,1282"
1791506824.856,"P,5577,1282"
1791506824.856,"P,5577,1282"
1791506824.856,"P,5577,1282"
1791506824.856,"P,5577,1282"
1791506824.856,"P,5578,1282"
1791506824.856,"P,5578,1282"
1791506824.856,"P,5578,1282"
1791506824.856,"P,5578,1282"
1791506824.856,"P,5579,1282"
1791506824.856,"P,5579,1282"
1791506824.856,"P,5579,1282"
1791506824.856,"P,5579,1282"
1791506824.856,"P,5579,1282"
1791506824.856,"P,5584,1282"
1791506824.856,"P,5584,1246"
1791506824.856,"P,5655,28"
1791506824.856,"P,5656,1282"
1791506824.856,"P,5656,1282"
1791506824.856,"P,5656,906"
1791506824.856,"B,5676,10,5c:62:8b:66:67:d2,660,6,25340,24,-46,A,5c:62:8b:66:67:d2,0,6,0,0"
1791506824.856,"B,5676,10,72:3b:01:24:b7:c8,84,3,0,0,-41,S,5c:62:8b:66:67:d2,3,0,0,0"
1791506824.856,"B,5676,10,cc:b8:5e:ad:5c:4a,25256,21,660,6,-47,S,5c:62:8b:66:67:d2,1,0,1,19"
1791506825.057,"P,5695,1282"
1791506825.057,"P,5695,1282"
1791506825.057,"P,5696,1262"
1791506825.057,"P,5775,28"
1791506825.057,"P,5776,1282"
1791506825.057,"B,5776,10,5c:62:8b:66:67:d2,110,1,5584,21,-45,A,5c:62:8b:66:67:d2,0,1,0,0"
1791506825.057,"B,5776,10,72:3b:01:24:b7:c8,448,16,0,0,-42,S,5c:62:8b:66:67:d2,16,0,0,0"
1791506825.057,"B,5776,10,cc:b8:5e:ad:5c:4a,5136,5,110,1,-47,S,5c:62:8b:66:67:d2,1,0,0,4"
1791506825.057,"B,5776,10,b0:a7:b9:23:82:ee,0,0,30,1,-92,A,b0:a7:b9:23:82:ee,0,0,0,0"
1791506825.057,"B,5776,10,f2:51:4e:f8:1a:7f,30,1,0,0,-86,S,b0:a7:b9:23:82:ee,1,0,0,0"
1791506825.057,"P,5776,1282"
1791506825.057,"P,5776,1282"
1791506825.057,"P,5776,1282"
1791506825.057,"P,5777,1282"
1791506825.057,"P,5777,1282"
1791506825.057,"P,5777,1282"
1791506825.057,"P,5778,1282"
1791506825.057,"P,5779,1282"
1791506825.057,"P,5779,1282"
1791506825.057,"P,5779,1282"
1791506825.057,"P,5780,1282"
1791506825.057,"P,5780,1282"
1791506825.057,"P,5780,1282"
1791506825.057,"P,5783,1282"
1791506825.057,"P,5785,1282"
1791506825.057,"P,5788,1282"
1791506825.057,"P,5790,1282"
1791506825.057,"P,5796,1282"
1791506825.057,"P,5797,1282"
1791506825.057,"P,5797,1178"
1791506825.057,"P,5798,1282"
1791506825.057,"P,5856,1282"
1791506825.057,"P,5856,1282"
1791506825.057,"P,5856,1282"
1791506825.057,"P,5861,1282"
1791506825.057,"P,5861,1282"
1791506825.057,"P,5861,1282"
1791506825.057,"P,5861,1282"
1791506825.057,"P,5861,1282"
1791506825.057,"P,5864,1282"
1791506825.057,"P,5870,1282"
1791506825.057,"P,5873,1282"
1791506825.057,"P,5875,1282"
1791506825.057,"B,5876,10,5c:62:8b:66:67:d2,770,7,42202,33,-46,A,5c:62:8b:66:67:d2,0,7,0,0"
1791506825.057,"B,5876,10,cc:b8:5e:ad:5c:4a,42202,33,770,7,-44,S,5c:62:8b:66:67:d2,0,0,1,32"
1791506825.057,"P,5877,28"
1791506825.057,"P,5877,28"
1791506825.057,"P,5878,28"
1791506825.057,"P,5879,28"
1791506825.057,"P,5880,1282"
1791506825.057,"P,5880,338"
1791506825.057,"P,5880,1282"
1791506825.057,"P,5880,338"
1791506825.057,"P,5881,1282"
1791506825.057,"P,5881,338"
1791506825.057,"P,5882,1282"
1791506825.057,"P,5882,338"
1791506825.057,"P,5884,1282"
1791506825.057,"P,5885,338"
1791506825.258,"P,5895,1282"
1791506825.258,"P,5895,150"
1791506825.258,"P,5896,1282"
1791506825.258,"P,5896,150"
1791506825.258,"P,5897,1282"
1791506825.258,"P,5897,150"
1791506825.258,"B,5976,10,5c:62:8b:66:67:d2,330,3,12508,20,-46,A,5c:62:8b:66:67:d2,0,3,0,0"
1791506825.258,"B,5976,10,cc:b8:5e:ad:5c:4a,12508,20,330,3,-45,S,5c:62:8b:66:67:d2,4,8,0,8"
1791506825.258,"P,5976,1282"
1791506825.258,"P,5976,1282"
1791506825.258,"P,5976,1282"
1791506825.258,"P,5979,1282"
1791506825.258,"P,6055,28"
1791506825.258,"P,6056,1282"
1791506825.258,"P,6056,1282"
1791506825.258,"P,6057,1282"
1791506825.258,"P,6057,1282"
1791506825.258,"B,6076,10,5c:62:8b:66:67:d2,220,2,10480,16,-46,A,5c:62:8b:66:67:d2,0,2,0,0"
1791506825.258,"B,6076,10,72:3b:01:24:b7:c8,168,6,0,0,-39,S,5c:62:8b:66:67:d2,6,0,0,0"
1791506825.258,"B,6076,10,cc:b8:5e:ad:5c:4a,10284,9,220,2,-46,S,5c:62:8b:66:67:d2,1,0,0,8"
1791506825.258,"B,6076,10,b2:db:ca:e6:29:a6,28,1,0,0,-45,S,5c:62:8b:66:67:d2,1,0,0,0"
1791506825.258,"P,6080,1282"
1791506825.258,"P,6081,1282"
1791506825.258,"P,6081,790"
1791506825.258,"P,6081,1282"
1791506825.258,"P,6081,1282"
1791506825.258,"P,6081,790"
1791506825.258,"P,6082,1282"
1791506825.258,"P,6082,1282"
1791506825.258,"P,6082,790"
1791506825.258,"P,6083,1282"
1791506825.258,"P,6083,1282"
1791506825.258,"P,6083,790"
1791506825.258,"P,6085,1282"
1791506825.258,"P,6088,1282"
1791506825.460,"P,6090,790"
1791506825.460,"P,6096,1282"
1791506825.460,"P,6096,1282"
1791506825.460,"P,6096,1282"
1791506825.460,"P,6100,1282"
1791506825.460,"P,6100,1282"
1791506825.460,"P,6100,826"
1791506825.460,"B,6176,10,5c:62:8b:66:67:d2,770,7,24006,21,-45,A,5c:62:8b:66:67:d2,0,7,0,0"
1791506825.460,"B,6176,10,cc:b8:5e:ad:5c:4a,24006,21,770,7,-46,S,5c:62:8b:66:67:d2,0,0,6,15"
1791506825.460,"P,6176,28"
1791506825.460,"P,6177,1282"
1791506825.460,"P,6177,1282"
1791506825.460,"P,6177,1282"
1791506825.460,"P,6177,1282"
1791506825.460,"P,6177,1282"
1791506825.460,"P,6178,1282"
1791506825.460,"P,6178,1282"
1791506825.460,"P,6183,1282"
1791506825.460,"P,6184,1282"
1791506825.460,"P,6184,1282"
1791506825.460,"P,6185,1282"
1791506825.460,"P,6185,1282"
1791506825.460,"P,6185,1282"
1791506825.460,"P,6186,1282"
1791506825.460,"P,6186,1282"
1791506825.460,"P,6186,1282"
1791506825.460,"P,6186,1282"
1791506825.460,"P,6187,1282"
1791506825.460,"P,6187,1282"
1791506825.460,"P,6187,1282"
1791506825.460,"P,6187,1282"
1791506825.460,"P,6187,1282"
1791506825.460,"P,6187,1282"
1791506825.460,"P,6188,1282"
1791506825.460,"P,6188,1282"
1791506825.460,"P,6188,1282"
1791506825.460,"P,6188,1282"
1791506825.460,"P,6189,1282"
1791506825.460,"P,6189,1282"
1791506825.460,"P,6189,1282"
1791506825.460,"P,6189,1282"
1791506825.460,"P,6189,1282"
1791506825.460,"P,6191,1282"
1791506825.460,"P,6195,1282"
1791506825.460,"P,6196,1282"
1791506825.460,"P,6196,1282"
1791506825.460,"P,6196,1282"
1791506825.460,"P,6197,1282"
1791506825.460,"P,6197,1282"
1791506825.460,"P,6202,526"
1791506825.460,"P,6255,1282"
1791506825.460,"P,6256,1282"
1791506825.460,"P,6256,506"
1791506825.460,"B,6276,10,5c:62:8b:66:67:d2,880,8,53706,47,-45,A,5c:62:8b:66:67:d2,0,8,0,0"
1791506825.460,"B,6276,10,72:3b:01:24:b7:c8,28,1,0,0,-41,S,5c:62:8b:66:67:d2,1,0,0,0"
1791506825.460,"B,6276,10,cc:b8:5e:ad:5c:4a,53622,44,880,8,-47,S,5c:62:8b:66:67:d2,1,2,0,41"
1791506825.460,"B,6276,10,b2:db:ca:e6:29:a6,56,2,0,0,-45,S,5c:62:8b:66:67:d2,2,0,0,0"
1791506825.663,"P,6295,28"
1791506825.663,"P,6295,28"
1791506825.663,"P,6296,28"
1791506825.663,"P,6297,1282"
1791506825.663,"P,6297,1282"
1791506825.663,"P,6297,1282"
1791506825.663,"P,6297,302"
1791506825.663,"P,6375,1282"
1791506825.663,"B,6376,10,5c:62:8b:66:67:d2,0,0,5682,14,-47,A,5c:62:8b:66:67:d2,0,0,0,0"
1791506825.663,"B,6376,10,72:3b:01:24:b7:c8,140,5,0,0,-41,S,5c:62:8b:66:67:d2,5,0,0,0"
1791506825.663,"B,6376,10,cc:b8:5e:ad:5c:4a,5514,8,0,0,-48,S,5c:62:8b:66:67:d2,3,1,0,4"
1791506825.663,"B,6376,10,b2:db:ca:e6:29:a6,28,1,0,0,-42,S,5c:62:8b:66:67:d2,1,0,0,0"
1791506825.663,"P,6396,1282"
1791506825.663,"P,6396,28"
1791506825.663,"P,6397,1282"
1791506825.663,"P,6397,1282"
1791506825.663,"P,6397,1282"
1791506825.663,"P,6398,1282"
1791506825.663,"P,6398,1282"
1791506825.663,"P,6398,1138"
1791506825.663,"P,6455,1282"
1791506825.663,"P,6456,1282"
1791506825.663,"P,6456,1110"
1791506825.663,"B,6476,10,5c:62:8b:66:67:d2,880,8,12560,12,-45,A,5c:62:8b:66:67:d2,0,8,0,0"
1791506825.663,"B,6476,10,cc:b8:5e:ad:5c:4a,12532,11,880,8,-47,S,5c:62:8b:66:67:d2,1,0,2,8"
1791506825.663,"B,6476,10,b2:db:ca:e6:29:a6,28,1,0,0,-42,S,5c:62:8b:66:67:d2,1,0,0,0"
1791506825.864,"P,6496,1282"
1791506825.864,"P,6496,1282"
1791506825.864,"P,6496,1282"
1791506825.864,"P,6497,214"
1791506825.864,"P,6497,1282"
1791506825.864,"P,6497,1282"
1791506825.864,"P,6497,1282"
1791506825.864,"P,6498,214"
1791506825.864,"P,6498,1282"
1791506825.864,"P,6498,1282"
1791506825.864,"P,6498,1282"
1791506825.864,"P,6499,214"
1791506825.864,"P,6499,1282"
1791506825.864,"P,6499,1282"
1791506825.864,"P,6499,1282"
1791506825.864,"P,6575,28"
1791506825.864,"P,6575,1282"
1791506825.864,"B,6576,10,5c:62:8b:66:67:d2,0,0,17560,25,-48,A,5c:62:8b:66:67:d2,0,0,0,0"
1791506825.864,"B,6576,10,72:3b:01:24:b7:c8,168,6,0,0,-41,S,5c:62:8b:66:67:d2,6,0,0,0"
1791506825.864,"B,6576,10,cc:b8:5e:ad:5c:4a,17336,17,0,0,-47,S,5c:62:8b:66:67:d2,1,3,0,13"
1791506825.864,"B,6576,10,b2:db:ca:e6:29:a6,56,2,0,0,-42,S,5c:62:8b:66:67:d2,2,0,0,0"
1791506825.864,"P,6596,1282"
1791506825.864,"P,6597,1282"
1791506825.864,"P,6597,1282"
1791506825.864,"P,6597,1282"
1791506825.864,"P,6598,1282"
1791506825.864,"P,6598,1282"
1791506825.864,"P,6598,1282"
1791506825.864,"P,6598,1282"
1791506825.864,"P,6599,1282"
1791506825.864,"P,6599,1282"
1791506825.864,"P,6599,1282"
1791506825.864,"P,6599,1282"
1791506825.864,"P,6600,1282"
1791506825.864,"P,6600,1282"
1791506825.864,"P,6600,1282"
1791506825.864,"P,6600,1282"
1791506825.864,"P,6601,1282"
1791506825.864,"P,6601,1282"
1791506825.864,"P,6602,1282"
1791506825.864,"P,6602,1282"
1791506825.864,"P,6602,1282"
1791506825.864,"P,6602,1282"
1791506825.864,"P,6604,126"
1791506825.864,"P,6655,1282"
1791506825.864,"P,6655,1282"
1791506825.864,"P,6656,1226"
1791506825.864,"B,6676,10,5c:62:8b:66:67:d2,660,6,32288,32,-45,A,5c:62:8b:66:67:d2,0,6,0,0"
1791506825.864,"B,6676,10,72:3b:01:24:b7:c8,112,4,0,0,-41,S,5c:62:8b:66:67:d2,4,0,0,0"
1791506825.864,"B,6676,10,cc:b8:5e:ad:5c:4a,32120,26,660,6,-47,S,5c:62:8b:66:67:d2,0,1,0,25"
1791506825.864,"B,6676,10,b2:db:ca:e6:29:a6,56,2,0,0,-43,S,5c:62:8b:66:67:d2,2,0,0,0"
1791506826.068,"P,6696,28"
1791506826.068,"P,6697,1282"
1791506826.068,"P,6697,1282"
1791506826.068,"P,6697,1282"
1791506826.068,"P,6697,678"
1791506826.068,"P,6697,1282"
1791506826.068,"P,6698,1282"
1791506826.068,"P,6698,1282"
1791506826.068,"P,6698,678"
1791506826.068,"P,6699,1282"
1791506826.068,"P,6699,1282"
1791506826.068,"P,6699,1282"
1791506826.068,"P,6699,678"
1791506826.068,"P,6700,1282"
1791506826.068,"P,6700,678"
1791506826.068,"P,6702,1282"
1791506826.068,"P,6704,678"
1791506826.068,"P,6776,1282"
1791506826.068,"B,6776,10,5c:62:8b:66:67:d2,440,4,18858,20,-46,A,5c:62:8b:66:67:d2,0,4,0,0"
1791506826.068,"B,6776,10,cc:b8:5e:ad:5c:4a,18802,18,440,4,-46,S,5c:62:8b:66:67:d2,1,5,0,12"
1791506826.068,"B,6776,10,b2:db:ca:e6:29:a6,56,2,0,0,-45,S,5c:62:8b:66:67:d2,2,0,0,0"
1791506826.068,"P,6777,1282"
1791506826.068,"P,6777,1282"
1791506826.068,"P,6777,1282"
1791506826.068,"P,6777,1282"
1791506826.068,"P,6783,1282"
1791506826.068,"P,6784,1282"
1791506826.068,"P,6784,730"
1791506826.068,"P,6853,28"
1791506826.068,"P,6854,1282"
1791506826.068,"P,6854,1282"
1791506826.068,"P,6855,1282"
1791506826.068,"P,6855,1282"
1791506826.068,"P,6855,1282"
1791506826.068,"B,6876,10,5c:62:8b:66:67:d2,440,4,15000,18,-47,A,5c:62:8b:66:67:d2,0,4,0,0"
1791506826.068,"B,6876,10,72:3b:01:24:b7:c8,112,4,0,0,-40,S,5c:62:8b:66:67:d2,4,0,0,0"
1791506826.068,"B,6876,10,cc:b8:5e:ad:5c:4a,14860,13,440,4,-47,S,5c:62:8b:66:67:d2,1,0,1,11"
1791506826.068,"B,6876,10,b2:db:ca:e6:29:a6,28,1,0,0,-45,S,5c:62:8b:66:67:d2,1,0,0,0"
1791506826.269,"P,6900,1282"
1791506826.269,"P,6902,1282"
1791506826.269,"P,6902,1282"
1791506826.269,"P,6902,1282"
1791506826.269,"P,6902,1282"
1791506826.269,"P,6903,1282"
1791506826.269,"P,6903,1282"
1791506826.269,"P,6903,1282"
1791506826.269,"P,6903,1282"
1791506826.269,"P,6903,1282"
1791506826.269,"P,6906,1282"
1791506826.269,"P,6906,1282"
1791506826.269,"P,6906,1282"
1791506826.269,"P,6906,1282"
1791506826.269,"P,6907,1282"
1791506826.269,"P,6907,1282"
1791506826.269,"P,6907,1110"
1791506826.269,"P,6907,1270"
1791506826.269,"P,6910,1282"
1791506826.269,"P,6912,1282"
1791506826.269,"P,6912,1282"
1791506826.269,"P,6912,1282"
1791506826.269,"P,6912,1282"
1791506826.269,"P,6913,1282"
1791506826.269,"P,6913,1110"
1791506826.269,"P,6913,1270"
1791506826.269,"P,6975,28"
1791506826.269,"B,6976,10,5c:62:8b:66:67:d2,660,6,33188,34,-47,A,5c:62:8b:66:67:d2,0,6,0,0"
1791506826.269,"B,6976,10,72:3b:01:24:b7:c8,112,4,0,0,-40,S,5c:62:8b:66:67:d2,4,0,0,0"
1791506826.269,"B,6976,10,cc:b8:5e:ad:5c:4a,32992,27,660,6,-47,S,5c:62:8b:66:67:d2,1,0,2,24"
1791506826.269,"B,6976,10,b2:db:ca:e6:29:a6,84,3,0,0,-44,S,5c:62:8b:66:67:d2,3,0,0,0"
1791506826.269,"B,6976,10,78:8c:b5:f5:e7:26,0,0,30,1,-80,A,78:8c:b5:f5:e7:26,0,0,0,0"
1791506826.269,"B,6976,10,a6:4c:bd:b6:c7:99,30,1,0,0,-91,S,78:8c:b5:f5:e7:26,1,0,0,0"
1791506826.269,"P,6976,1282"
1791506826.269,"P,6976,1282"
1791506826.269,"P,6977,1282"
1791506826.269,"P,6977,1274"
1791506826.269,"A,6980,10,ba:97:a3:e0:bf:91,-90,"
1791506826.269,"P,7057,1282"
1791506826.269,"P,7057,1282"
1791506826.269,"P,7058,1282"
1791506826.269,"P,7058,1282"
1791506826.269,"P,7058,1282"
1791506826.269,"P,7059,1282"
1791506826.269,"P,7063,1282"
1791506826.269,"P,7064,1282"
1791506826.269,"P,7064,538"
1791506826.269,"P,7064,538"
1791506826.269,"B,7076,10,5c:62:8b:66:67:d2,660,6,16508,16,-47,A,5c:62:8b:66:67:d2,0,6,0,0"
1791506826.269,"B,7076,10,cc:b8:5e:ad:5c:4a,16452,14,660,6,-48,S,5c:62:8b:66:67:d2,0,2,0,12"
1791506826.269,"B,7076,10,b2:db:ca:e6:29:a6,56,2,0,0,-47,S,5c:62:8b:66:67:d2,2,0,0,0"
1791506826.269,"P,7096,28"
1791506826.269,"P,7096,1282"
1791506826.269,"P,7096,1282"
1791506826.269,"P,7097,1282"
1791506826.269,"P,7097,1282"
1791506826.269,"P,7097,1282"
1791506826.269,"P,7097,1282"
1791506826.470,"P,7103,1266"
1791506826.470,"P,7176,1282"
1791506826.470,"B,7176,10,5c:62:8b:66:67:d2,330,3,10520,18,-47,A,5c:62:8b:66:67:d2,0,3,0,0"
1791506826.470,"B,7176,10,72:3b:01:24:b7:c8,168,6,0,0,-39,S,5c:62:8b:66:67:d2,6,0,0,0"
1791506826.470,"B,7176,10,cc:b8:5e:ad:5c:4a,10268,9,330,3,-47,S,5c:62:8b:66:67:d2,1,0,0,8"
1791506826.470,"B,7176,10,b2:db:ca:e6:29:a6,84,3,0,0,-42,S,5c:62:8b:66:67:d2,3,0,0,0"
1791506826.470,"B,7176,10,78:8c:b5:f5:e7:26,0,0,30,1,-84,A,78:8c:b5:f5:e7:26,0,0,0,0"
1791506826.470,"B,7176,10,a6:4c:bd:b6:c7:99,30,1,0,0,-90,S,78:8c:b5:f5:e7:26,1,0,0,0"
1791506826.470,"P,7177,1282"
1791506826.470,"P,7177,1282"
1791506826.470,"P,7178,1282"
1791506826.470,"P,7178,1282"
1791506826.470,"P,7240,28"
1791506826.470,"P,7241,1282"
1791506826.470,"P,7241,1282"
1791506826.470,"P,7242,1282"
1791506826.470,"P,7242,1282"
1791506826.470,"P,7242,1010"
1791506826.470,"P,7255,1282"
1791506826.470,"P,7255,1282"
1791506826.470,"P,7256,570"
1791506826.470,"P,7256,1282"
1791506826.470,"B,7276,10,5c:62:8b:66:67:d2,880,8,15766,16,-47,A,5c:62:8b:66:67:d2,0,8,0,0"
1791506826.470,"B,7276,10,72:3b:01:24:b7:c8,56,2,0,0,-40,S,5c:62:8b:66:67:d2,2,0,0,0"
1791506826.470,"B,7276,10,cc:b8:5e:ad:5c:4a,15710,14,880,8,-47,S,5c:62:8b:66:67:d2,1,1,1,11"
1791506826.470,"P,7295,1282"
1791506826.470,"P,7296,1282"
1791506826.470,"P,7296,1282"
1791506826.470,"P,7296,718"
1791506826.671,"A,7312,10,80:af:ca:68:4c:f8,-89,Cudy-4CF8"
1791506826.671,"A,7374,10,8c:53:c3:52:ed:9f,-93,1210"
1791506826.671,"P,7375,28"
1791506826.671,"B,7376,10,5c:62:8b:66:67:d2,220,2,4620,6,-48,A,5c:62:8b:66:67:d2,0,2,0,0"
1791506826.671,"B,7376,10,cc:b8:5e:ad:5c:4a,4592,5,220,2,-47,S,5c:62:8b:66:67:d2,1,0,1,3"
1791506826.671,"B,7376,10,b2:db:ca:e6:29:a6,28,1,0,0,-42,S,5c:62:8b:66:67:d2,1,0,0,0"
1791506826.671,"P,7376,28"
1791506826.671,"P,7376,28"
1791506826.671,"P,7376,28"
1791506826.671,"P,7377,1282"
1791506826.671,"P,7377,1282"
1791506826.671,"P,7378,1282"
1791506826.671,"P,7378,1282"
1791506826.671,"P,7378,1282"
1791506826.671,"P,7378,1282"
1791506826.671,"P,7378,1282"
1791506826.671,"P,7379,1282"
1791506826.671,"P,7379,1282"
1791506826.671,"P,7379,1282"
1791506826.671,"P,7379,1282"
1791506826.671,"P,7380,1282"
1791506826.671,"P,7380,1282"
1791506826.671,"P,7380,1282"
1791506826.671,"P,7382,1282"
1791506826.671,"P,7386,1282"
1791506826.671,"P,7390,1282"
1791506826.671,"P,7396,1282"
1791506826.671,"P,7397,1282"
1791506826.671,"P,7397,1282"
1791506826.671,"P,7401,222"
1791506826.671,"A,7419,10,82:af:ca:28:4c:f8,-86,"
1791506826.671,"P,7455,1282"
1791506826.671,"P,7455,1282"
1791506826.671,"P,7456,1282"
1791506826.671,"P,7456,1282"
1791506826.671,"P,7457,1282"
1791506826.671,"P,7457,1282"
1791506826.671,"P,7457,1282"
1791506826.671,"P,7462,1282"
1791506826.671,"P,7463,1282"
1791506826.671,"P,7463,1282"
1791506826.671,"P,7464,1282"
1791506826.671,"P,7464,1282"
1791506826.671,"P,7468,1282"
1791506826.671,"P,7468,1282"
1791506826.671,"P,7469,1282"
1791506826.671,"B,7476,10,5c:62:8b:66:67:d2,1234,11,45204,40,-46,A,5c:62:8b:66:67:d2,0,11,0,0"
1791506826.671,"B,7476,10,cc:b8:5e:ad:5c:4a,45176,39,1234,11,-46,S,5c:62:8b:66:67:d2,3,1,0,35"
1791506826.671,"B,7476,10,b2:db:ca:e6:29:a6,28,1,0,0,-45,S,5c:62:8b:66:67:d2,1,0,0,0"
1791506826.671,"P,7477,28"
1791506826.671,"P,7477,1282"
1791506826.671,"P,7478,702"
1791506826.671,"P,7478,702"
1791506826.671,"P,7498,1282"
1791506826.671,"P,7498,294"
1791506826.875,"P,7576,1282"
1791506826.875,"B,7576,10,5c:62:8b:66:67:d2,220,2,5740,13,-47,A,5c:62:8b:66:67:d2,0,2,0,0"
1791506826.875,"B,7576,10,72:3b:01:24:b7:c8,112,4,0,0,-41,S,5c:62:8b:66:67:d2,4,0,0,0"
1791506826.875,"B,7576,10,cc:b8:5e:ad:5c:4a,5572,7,220,2,-45,S,5c:62:8b:66:67:d2,1,1,2,3"
1791506826.875,"B,7576,10,b2:db:ca:e6:29:a6,56,2,0,0,-42,S,5c:62:8b:66:67:d2,2,0,0,0"
1791506826.875,"B,7576,10,b0:a7:b9:23:82:ee,0,0,60,2,-90,A,b0:a7:b9:23:82:ee,0,0,0,0"
1791506826.875,"B,7576,10,f2:51:4e:f8:1a:7f,60,2,0,0,-87,S,b0:a7:b9:23:82:ee,2,0,0,0"
1791506826.875,"P,7576,1282"
1791506826.875,"P,7576,1282"
1791506826.875,"P,7578,1282"
1791506826.875,"P,7578,142"
1791506826.875,"P,7579,1282"
1791506826.875,"P,7579,142"
1791506826.875,"P,7580,1282"
1791506826.875,"P,7580,142"
1791506826.875,"P,7583,1282"
1791506826.875,"P,7583,142"
1791506826.875,"P,7657,28"
1791506826.875,"P,7659,1282"
1791506826.875,"P,7659,1282"
1791506826.875,"P,7660,1282"
1791506826.875,"P,7660,1282"
1791506826.875,"P,7660,1282"
1791506826.875,"P,7660,1282"
1791506826.875,"B,7676,10,5c:62:8b:66:67:d2,330,3,16148,23,-47,A,5c:62:8b:66:67:d2,0,3,0,0"
1791506826.875,"B,7676,10,72:3b:01:24:b7:c8,112,4,0,0,-40,S,5c:62:8b:66:67:d2,4,0,0,0"
1791506826.875,"B,7676,10,cc:b8:5e:ad:5c:4a,15980,17,330,3,-44,S,5c:62:8b:66:67:d2,1,4,0,12"
1791506826.875,"B,7676,10,b2:db:ca:e6:29:a6,56,2,0,0,-43,S,5c:62:8b:66:67:d2,2,0,0,0"
1791506827.080,"P,7723,1282"
1791506827.080,"P,7723,1282"
1791506827.080,"P,7724,1282"
1791506827.080,"P,7724,1282"
1791506827.080,"P,7724,910"
1791506827.080,"P,7724,1282"
1791506827.080,"P,7725,1282"
1791506827.080,"P,7725,1282"
1791506827.080,"P,7725,1282"
1791506827.080,"P,7726,1282"
1791506827.080,"P,7726,910"
1791506827.080,"P,7726,1282"
1791506827.080,"P,7726,1282"
1791506827.080,"P,7726,1282"
1791506827.080,"P,7727,1282"
1791506827.080,"P,7727,1282"
1791506827.080,"P,7727,910"
1791506827.080,"P,7727,1282"
1791506827.080,"P,7728,1282"
1791506827.080,"P,7728,1282"
1791506827.080,"P,7730,1282"
1791506827.080,"P,7733,1282"
1791506827.080,"P,7734,910"
1791506827.080,"P,7734,1282"
1791506827.080,"P,7734,1282"
1791506827.080,"P,7734,1282"
1791506827.080,"P,7736,1282"
1791506827.080,"P,7741,1282"
1791506827.080,"P,7741,1282"
1791506827.080,"P,7744,1002"
1791506827.080,"P,7776,28"
1791506827.080,"B,7776,10,5c:62:8b:66:67:d2,770,7,36804,34,-47,A,5c:62:8b:66:67:d2,0,7,0,0"
1791506827.080,"B,7776,10,72:3b:01:24:b7:c8,28,1,0,0,-46,S,5c:62:8b:66:67:d2,1,0,0,0"
1791506827.080,"B,7776,10,cc:b8:5e:ad:5c:4a,36720,31,770,7,-45,S,5c:62:8b:66:67:d2,1,0,5,25"
1791506827.080,"B,7776,10,b2:db:ca:e6:29:a6,56,2,0,0,-42,S,5c:62:8b:66:67:d2,2,0,0,0"
1791506827.080,"P,7776,1282"
1791506827.080,"P,7777,1282"
1791506827.080,"P,7777,1282"
1791506827.080,"P,7777,1282"
1791506827.080,"P,7777,1282"
1791506827.080,"P,7799,202"
1791506827.080,"P,7802,1282"
1791506827.080,"P,7804,1282"
1791506827.080,"P,7804,1282"
1791506827.080,"P,7804,1282"
1791506827.080,"B,7876,10,5c:62:8b:66:67:d2,528,4,11964,18,-47,A,5c:62:8b:66:67:d2,0,4,0,0"
1791506827.080,"B,7876,10,72:3b:01:24:b7:c8,140,5,0,0,-40,S,5c:62:8b:66:67:d2,5,0,0,0"
1791506827.080,"B,7876,10,cc:b8:5e:ad:5c:4a,11740,10,528,4,-47,S,5c:62:8b:66:67:d2,0,1,0,9"
1791506827.080,"B,7876,10,b2:db:ca:e6:29:a6,84,3,0,0,-42,S,5c:62:8b:66:67:d2,3,0,0,0"
1791506827.285,"P,7933,28"
1791506827.285,"P,7933,1282"
1791506827.285,"P,7933,1282"
1791506827.285,"P,7938,1282"
1791506827.285,"P,7939,1282"
1791506827.285,"P,7939,138"
1791506827.285,"P,7940,1282"
1791506827.285,"P,7944,1282"
1791506827.285,"P,7945,618"
1791506827.285,"P,7945,1282"
1791506827.285,"P,7946,1282"
1791506827.285,"P,7950,910"
1791506827.285,"P,7976,1282"
1791506827.285,"B,7976,10,5c:62:8b:66:67:d2,1552,14,13260,14,-46,A,5c:62:8b:66:67:d2,0,14,0,0"
1791506827.285,"B,7976,10,cc:b8:5e:ad:5c:4a,13232,13,1552,14,-47,S,5c:62:8b:66:67:d2,1,2,1,9"
1791506827.285,"B,7976,10,b2:db:ca:e6:29:a6,28,1,0,0,-46,S,5c:62:8b:66:67:d2,1,0,0,0"
1791506827.285,"P,7977,1282"
1791506827.285,"P,7977,1282"
1791506827.285,"P,7977,1282"
1791506827.285,"P,7978,1282"
1791506827.285,"P,7978,1282"
1791506827.285,"P,7979,1282"
1791506827.285,"P,7979,1282"
1791506827.285,"P,7981,1282"
1791506827.285,"P,7984,1282"
1791506827.285,"P,7984,1282"
1791506827.285,"P,7984,1282"
1791506827.285,"P,7987,1282"
1791506827.285,"P,7988,1282"
1791506827.285,"P,7988,658"
1791506827.285,"P,8056,28"
1791506827.285,"P,8057,28"
1791506827.285,"P,8057,28"
1791506827.285,"P,8058,28"
1791506827.285,"P,8060,28"
1791506827.285,"P,8061,1282"
1791506827.285,"P,8061,1282"
1791506827.285,"P,8062,1282"
1791506827.285,"P,8062,1282"
1791506827.285,"P,8062,1282"
1791506827.285,"P,8063,1282"
1791506827.285,"P,8063,1282"
1791506827.285,"P,8063,1282"
1791506827.285,"P,8063,1282"
1791506827.285,"P,8063,1282"
1791506827.285,"P,8064,1282"
1791506827.285,"P,8064,1282"
1791506827.285,"P,8065,1282"
1791506827.285,"P,8065,1282"
1791506827.285,"P,8065,1282"
1791506827.285,"P,8069,1282"
1791506827.285,"P,8072,1282"
1791506827.285,"P,8074,1282"
1791506827.285,"P,8077,1282"
1791506827.285,"B,8076,10,5c:62:8b:66:67:d2,440,4,41934,42,-47,A,5c:62:8b:66:67:d2,0,4,0,0"
1791506827.285,"B,8076,10,72:3b:01:24:b7:c8,28,1,0,0,-42,S,5c:62:8b:66:67:d2,1,0,0,0"
1791506827.285,"B,8076,10,cc:b8:5e:ad:5c:4a,41822,38,440,4,-45,S,5c:62:8b:66:67:d2,5,1,0,32"
1791506827.285,"B,8076,10,b2:db:ca:e6:29:a6,84,3,0,0,-48,S,5c:62:8b:66:67:d2,3,0,0,0"
1791506827.285,"P,8079,1282"
1791506827.486,"B,8176,10,5c:62:8b:66:67:d2,0,0,1366,4,-48,A,5c:62:8b:66:67:d2,0,0,0,0"
1791506827.486,"B,8176,10,72:3b:01:24:b7:c8,28,1,0,0,-35,S,5c:62:8b:66:67:d2,1,0,0,0"
1791506827.486,"B,8176,10,cc:b8:5e:ad:5c:4a,1282,1,0,0,-39,S,5c:62:8b:66:67:d2,0,0,0,1"
1791506827.486,"B,8176,10,b2:db:ca:e6:29:a6,56,2,0,0,-48,S,5c:62:8b:66:67:d2,2,0,0,0"
1791506827.486,"B,8176,10,b0:a7:b9:23:82:ee,0,0,30,1,-90,A,b0:a7:b9:23:82:ee,0,0,0,0"
1791506827.486,"B,8176,10,f2:51:4e:f8:1a:7f,30,1,0,0,-88,S,b0:a7:b9:23:82:ee,1,0,0,0"
1791506827.486,"P,8241,28"
1791506827.486,"P,8241,1282"
1791506827.486,"P,8241,1282"
1791506827.486,"P,8242,1282"
1791506827.486,"P,8242,1282"
1791506827.486,"P,8242,1282"
1791506827.486,"P,8242,1174"
1791506827.486,"P,8242,1282"
1791506827.486,"P,8243,1282"
1791506827.486,"P,8243,1282"
1791506827.486,"P,8243,1282"
1791506827.486,"P,8244,1282"
1791506827.486,"P,8244,1282"
1791506827.486,"P,8244,1174"
1791506827.486,"P,8244,1282"
1791506827.486,"P,8244,1282"
1791506827.486,"P,8244,1282"
1791506827.486,"P,8245,1282"
1791506827.486,"P,8246,1282"
1791506827.486,"P,8247,1282"
1791506827.486,"P,8251,1282"
1791506827.486,"P,8251,1282"
1791506827.486,"P,8253,1282"
1791506827.486,"P,8253,1282"
1791506827.486,"P,8254,1282"
1791506827.486,"P,8254,1282"
1791506827.486,"P,8255,1282"
1791506827.486,"P,8255,1282"
1791506827.486,"P,8256,1282"
1791506827.486,"P,8257,1282"
1791506827.486,"P,8257,1282"
1791506827.486,"P,8258,1282"
1791506827.486,"P,8258,1282"
1791506827.486,"P,8259,1282"
1791506827.486,"P,8260,1282"
1791506827.486,"P,8262,1282"
1791506827.486,"P,8265,1282"
1791506827.486,"P,8266,1282"
1791506827.486,"P,8266,1282"
1791506827.486,"P,8267,1282"
1791506827.486,"P,8267,1282"
1791506827.486,"P,8267,1282"
1791506827.486,"P,8268,1282"
1791506827.486,"P,8268,1282"
1791506827.486,"P,8268,1282"
1791506827.486,"P,8268,1282"
1791506827.486,"P,8269,1282"
1791506827.486,"P,8269,1282"
1791506827.486,"P,8270,1282"
1791506827.486,"P,8271,1282"
1791506827.486,"P,8273,1282"
1791506827.486,"P,8275,1282"
1791506827.486,"P,8275,1282"
1791506827.486,"P,8277,1282"
1791506827.486,"B,8276,10,5c:62:8b:66:67:d2,1650,15,67898,59,-46,A,5c:62:8b:66:67:d2,0,15,0,0"
1791506827.486,"B,8276,10,72:3b:01:24:b7:c8,112,4,0,0,-38,S,5c:62:8b:66:67:d2,4,0,0,0"
1791506827.486,"B,8276,10,cc:b8:5e:ad:5c:4a,67758,54,1650,15,-45,S,5c:62:8b:66:67:d2,1,0,2,51"
1791506827.486,"B,8276,10,b2:db:ca:e6:29:a6,28,1,0,0,-47,S,5c:62:8b:66:67:d2,1,0,0,0"
1791506827.486,"B,8276,10,b0:a7:b9:23:82:ee,0,0,30,1,-89,A,b0:a7:b9:23:82:ee,0,0,0,0"
1791506827.486,"B,8276,10,f2:51:4e:f8:1a:7f,30,1,0,0,-90,S,b0:a7:b9:23:82:ee,1,0,0,0"
1791506827.486,"P,8277,1282"
1791506827.486,"P,8286,1282"
1791506827.486,"P,8286,1282"
1791506827.486,"P,8287,1282"
1791506827.486,"P,8287,1282"
1791506827.486,"P,8287,1282"
1791506827.486,"P,8288,1282"
1791506827.486,"P,8289,1282"
1791506827.486,"P,8289,1282"
1791506827.486,"P,8289,1282"
1791506827.486,"P,8289,1282"
1791506827.486,"P,8290,1282"
1791506827.486,"P,8290,1282"
1791506827.486,"P,8290,1282"
1791506827.486,"P,8290,1282"
1791506827.486,"P,8291,1282"
1791506827.486,"P,8291,1282"
1791506827.486,"P,8291,1282"
1791506827.486,"P,8292,1282"
1791506827.486,"P,8292,1282"
1791506827.486,"P,8292,1282"
1791506827.486,"P,8292,1282"
1791506827.486,"P,8292,1282"
1791506827.486,"P,8293,1282"
1791506827.486,"P,8295,1282"
1791506827.486,"P,8297,1282"
1791506827.486,"P,8297,1282"
1791506827.486,"P,8298,1282"
1791506827.486,"P,8300,1282"
1791506827.486,"P,8302,1282"
1791506827.486,"P,8302,1282"
1791506827.486,"P,8303,1282"
1791506827.486,"P,8303,1282"
1791506827.486,"P,8303,1282"
1791506827.486,"P,8303,1282"
1791506827.486,"P,8304,1282"
1791506827.486,"P,8304,1282"
1791506827.486,"P,8304,1282"
1791506827.486,"P,8304,1282"
1791506827.486,"P,8304,1282"
1791506827.486,"P,8304,1282"
1791506827.486,"P,8305,1282"
1791506827.486,"P,8305,1282"
1791506827.486,"P,8308,1282"
1791506827.486,"P,8311,1282"
1791506827.486,"P,8314,1282"
1791506827.486,"P,8317,1282"
1791506827.691,"P,8318,1282"
1791506827.691,"P,8318,1282"
1791506827.691,"P,8319,1282"
1791506827.691,"P,8319,1282"
1791506827.691,"P,8319,1282"
1791506827.691,"P,8319,1282"
1791506827.691,"P,8319,1282"
1791506827.691,"P,8321,1282"
1791506827.691,"P,8324,1282"
1791506827.691,"P,8327,1282"
1791506827.691,"P,8327,1282"
1791506827.691,"P,8327,1282"
1791506827.691,"P,8327,1282"
1791506827.691,"P,8327,1282"
1791506827.691,"P,8328,1282"
1791506827.691,"P,8330,1282"
1791506827.691,"P,8333,1282"
1791506827.691,"P,8333,1282"
1791506827.691,"P,8333,1282"
1791506827.691,"P,8333,1282"
1791506827.691,"P,8334,1282"
1791506827.691,"P,8334,1282"
1791506827.691,"P,8334,1282"
1791506827.691,"P,8334,1282"
1791506827.691,"P,8337,1282"
1791506827.691,"P,8337,1282"
1791506827.691,"P,8337,1282"
1791506827.691,"P,8337,1282"
1791506827.691,"P,8340,1282"
1791506827.691,"P,8344,1282"
1791506827.691,"P,8346,1282"
1791506827.691,"P,8348,1282"
1791506827.691,"P,8351,1282"
1791506827.691,"P,8355,1282"
1791506827.691,"P,8356,1282"
1791506827.691,"P,8356,1282"
1791506827.691,"P,8356,1282"
1791506827.691,"P,8356,1282"
1791506827.691,"P,8356,1282"
1791506827.691,"P,8357,1282"
1791506827.691,"P,8357,1282"
1791506827.691,"P,8357,1282"
1791506827.691,"P,8358,1282"
1791506827.691,"P,8358,1282"
1791506827.691,"P,8359,1282"
1791506827.691,"P,8360,1282"
1791506827.691,"P,8361,28"
1791506827.691,"P,8362,1282"
1791506827.691,"P,8362,1282"
1791506827.691,"P,8363,1282"
1791506827.691,"P,8363,1282"
1791506827.691,"P,8363,1282"
1791506827.691,"P,8365,1282"
1791506827.691,"P,8365,1282"
1791506827.691,"P,8367,1282"
1791506827.691,"P,8369,1282"
1791506827.691,"P,8371,1282"
1791506827.691,"P,8371,1282"
1791506827.691,"P,8371,1282"
1791506827.691,"P,8371,1282"
1791506827.691,"P,8372,1282"
1791506827.691,"P,8372,1282"
1791506827.691,"P,8372,1282"
1791506827.691,"P,8372,1282"
1791506827.691,"P,8372,1282"
1791506827.691,"P,8372,1282"
1791506827.691,"P,8373,1282"
1791506827.691,"P,8374,1282"
1791506827.691,"P,8375,1282"
1791506827.691,"P,8377,1282"
1791506827.691,"B,8376,10,5c:62:8b:66:67:d2,2860,26,148796,119,-46,A,5c:62:8b:66:67:d2,0,26,0,0"
1791506827.691,"B,8376,10,cc:b8:5e:ad:5c:4a,148740,117,2860,26,-44,S,5c:62:8b:66:67:d2,1,0,0,116"
1791506827.691,"B,8376,10,b2:db:ca:e6:29:a6,56,2,0,0,-45,S,5c:62:8b:66:67:d2,2,0,0,0"
1791506827.691,"P,8380,1282"
1791506827.691,"P,8380,1282"
1791506827.691,"P,8380,1282"
1791506827.691,"P,8381,1282"
1791506827.691,"P,8383,1282"
1791506827.691,"P,8384,1282"
1791506827.691,"P,8384,1282"
1791506827.691,"P,8385,1282"
1791506827.691,"P,8385,1282"
1791506827.691,"P,8385,1282"
1791506827.691,"P,8385,1282"
1791506827.691,"P,8385,1282"
1791506827.691,"P,8387,1282"
1791506827.691,"P,8387,890"
1791506827.691,"P,8387,1282"
1791506827.691,"P,8387,1102"
1791506827.691,"P,8389,1282"
1791506827.691,"P,8403,1282"
1791506827.691,"P,8403,1282"
1791506827.691,"P,8403,1282"
1791506827.691,"P,8403,1282"
1791506827.691,"P,8403,1282"
1791506827.691,"P,8404,1282"
1791506827.691,"P,8404,1282"
1791506827.691,"P,8404,1282"
1791506827.691,"P,8404,702"
1791506827.691,"P,8404,1282"
1791506827.691,"P,8405,1282"
1791506827.691,"P,8405,1282"
1791506827.691,"P,8405,1282"
1791506827.691,"P,8405,1282"
1791506827.691,"P,8406,1282"
1791506827.691,"P,8406,702"
1791506827.691,"P,8406,1282"
1791506827.691,"P,8406,234"
1791506827.691,"P,8406,1282"
1791506827.691,"P,8406,1282"
1791506827.691,"P,8406,1282"
1791506827.691,"P,8407,1282"
1791506827.691,"P,8407,1282"
1791506827.691,"P,8407,602"
1791506827.691,"P,8407,1282"
1791506827.691,"P,8408,1282"
1791506827.691,"P,8408,1282"
1791506827.691,"P,8408,1282"
1791506827.691,"P,8409,1282"
1791506827.691,"P,8409,702"
1791506827.691,"P,8409,1282"
1791506827.691,"P,8409,234"
1791506827.691,"P,8409,1282"
1791506827.691,"P,8409,1282"
1791506827.691,"P,8409,1282"
1791506827.691,"P,8409,1282"
1791506827.691,"P,8409,1282"
1791506827.691,"P,8409,602"
1791506827.691,"P,8411,1282"
1791506827.691,"P,8412,1282"
1791506827.691,"P,8412,1282"
1791506827.691,"P,8412,702"
1791506827.691,"P,8412,1282"
1791506827.691,"P,8413,234"
1791506827.691,"P,8413,1282"
1791506827.691,"P,8413,1282"
1791506827.691,"P,8413,1282"
1791506827.691,"P,8413,1282"
1791506827.691,"P,8413,1282"
1791506827.691,"P,8413,602"
1791506827.691,"P,8415,1282"
1791506827.691,"P,8416,702"
1791506827.691,"P,8419,1282"
1791506827.691,"P,8421,234"
1791506827.691,"P,8423,1282"
1791506827.691,"P,8426,1282"
1791506827.691,"P,8429,1282"
1791506827.691,"P,8432,1282"
1791506827.691,"P,8434,1282"
1791506827.691,"P,8436,1282"
1791506827.691,"P,8438,602"
1791506827.691,"P,8459,28"
1791506827.691,"P,8460,1282"
1791506827.691,"P,8460,1282"
1791506827.691,"P,8460,1282"
1791506827.691,"P,8460,1282"
1791506827.691,"P,8460,1282"
1791506827.691,"B,8476,10,5c:62:8b:66:67:d2,1430,13,96358,95,-46,A,5c:62:8b:66:67:d2,0,13,0,0"
1791506827.691,"B,8476,10,72:3b:01:24:b7:c8,224,8,0,0,-40,S,5c:62:8b:66:67:d2,8,0,0,0"
1791506827.691,"B,8476,10,cc:b8:5e:ad:5c:4a,96050,84,1430,13,-44,S,5c:62:8b:66:67:d2,1,8,7,68"
1791506827.691,"B,8476,10,b2:db:ca:e6:29:a6,84,3,0,0,-41,S,5c:62:8b:66:67:d2,3,0,0,0"
1791506827.897,"P,8547,1282"
1791506827.897,"P,8547,1282"
1791506827.897,"P,8549,750"
1791506827.897,"P,8549,1282"
1791506827.897,"P,8549,138"
1791506827.897,"P,8574,28"
1791506827.897,"P,8575,1282"
1791506827.897,"P,8575,1282"
1791506827.897,"B,8576,10,5c:62:8b:66:67:d2,1320,12,7382,10,-47,A,5c:62:8b:66:67:d2,0,12,0,0"
1791506827.897,"B,8576,10,72:3b:01:24:b7:c8,28,1,0,0,-35,S,5c:62:8b:66:67:d2,1,0,0,0"
1791506827.897,"B,8576,10,cc:b8:5e:ad:5c:4a,7326,8,1320,12,-46,S,5c:62:8b:66:67:d2,1,1,1,5"
1791506827.897,"B,8576,10,b2:db:ca:e6:29:a6,28,1,0,0,-44,S,5c:62:8b:66:67:d2,1,0,0,0"
1791506827.897,"B,8576,10,b0:a7:b9:23:82:ee,0,0,30,1,-90,A,b0:a7:b9:23:82:ee,0,0,0,0"
1791506827.897,"B,8576,10,f2:51:4e:f8:1a:7f,30,1,0,0,-90,S,b0:a7:b9:23:82:ee,1,0,0,0"
1791506827.897,"P,8576,1282"
1791506827.897,"P,8576,1282"
1791506827.897,"P,8576,822"
1791506827.897,"P,8656,1282"
1791506827.897,"P,8656,1282"
1791506827.897,"P,8656,1282"
1791506827.897,"P,8657,1282"
1791506827.897,"P,8657,1282"
1791506827.897,"P,8657,1282"
1791506827.897,"P,8657,1282"
1791506827.897,"P,8660,1282"
1791506827.897,"P,8660,1282"
1791506827.897,"P,8660,1282"
1791506827.897,"P,8660,1282"
1791506827.897,"P,8660,1282"
1791506827.897,"P,8661,1282"
1791506827.897,"P,8661,1282"
1791506827.897,"P,8662,1282"
1791506827.897,"P,8662,1282"
1791506827.897,"P,8662,1282"
1791506827.897,"P,8664,1282"
1791506827.897,"P,8666,1282"
1791506827.897,"P,8667,1282"
1791506827.897,"P,8667,1282"
1791506827.897,"P,8667,1282"
1791506827.897,"P,8669,1282"
1791506827.897,"P,8671,1282"
1791506827.897,"P,8674,1282"
1791506827.897,"P,8677,1282"
1791506827.897,"B,8676,10,5c:62:8b:66:67:d2,220,2,36802,32,-47,A,5c:62:8b:66:67:d2,0,2,0,0"
1791506827.897,"B,8676,10,72:3b:01:24:b7:c8,28,1,0,0,-40,S,5c:62:8b:66:67:d2,1,0,0,0"
1791506827.897,"B,8676,10,cc:b8:5e:ad:5c:4a,36718,29,220,2,-45,S,5c:62:8b:66:67:d2,0,0,1,28"
1791506827.897,"B,8676,10,b2:db:ca:e6:29:a6,56,2,0,0,-43,S,5c:62:8b:66:67:d2,2,0,0,0"
1791506828.102,"P,8769,28"
1791506828.102,"P,8770,1282"
1791506828.102,"P,8770,1282"
1791506828.102,"P,8771,1282"
1791506828.102,"P,8771,146"
1791506828.102,"P,8772,1282"
1791506828.102,"P,8772,170"
1791506828.102,"P,8772,1282"
1791506828.102,"P,8776,1282"
1791506828.102,"B,8776,10,5c:62:8b:66:67:d2,440,4,8120,12,-46,A,5c:62:8b:66:67:d2,0,4,0,0"
1791506828.102,"B,8776,10,72:3b:01:24:b7:c8,28,1,0,0,-38,S,5c:62:8b:66:67:d2,1,0,0,0"
1791506828.102,"B,8776,10,cc:b8:5e:ad:5c:4a,8036,9,440,4,-46,S,5c:62:8b:66:67:d2,1,2,0,6"
1791506828.102,"B,8776,10,b2:db:ca:e6:29:a6,56,2,0,0,-45,S,5c:62:8b:66:67:d2,2,0,0,0"
1791506828.102,"P,8777,1282"
1791506828.102,"P,8777,1282"
1791506828.102,"P,8777,1282"
1791506828.102,"P,8778,1282"
1791506828.102,"P,8778,310"
1791506828.102,"P,8856,1282"
1791506828.102,"P,8856,1282"
1791506828.102,"P,8857,1282"
1791506828.102,"P,8857,1282"
1791506828.102,"P,8857,1282"
1791506828.102,"P,8858,1282"
1791506828.102,"P,8865,1282"
1791506828.102,"P,8865,1282"
1791506828.102,"P,8865,370"
1791506828.102,"B,8876,10,5c:62:8b:66:67:d2,990,9,16120,16,-46,A,5c:62:8b:66:67:d2,0,9,0,0"
1791506828.102,"B,8876,10,cc:b8:5e:ad:5c:4a,16064,14,990,9,-47,S,5c:62:8b:66:67:d2,0,2,0,12"
1791506828.102,"B,8876,10,b2:db:ca:e6:29:a6,56,2,0,0,-47,S,5c:62:8b:66:67:d2,2,0,0,0"
1791506828.102,"P,8895,28"
1791506828.102,"P,8896,1282"
1791506828.102,"P,8896,1282"
1791506828.102,"P,8896,1282"
1791506828.102,"P,8897,1282"
1791506828.102,"P,8897,1282"
1791506828.102,"P,8902,1282"
1791506828.102,"P,8903,1282"
1791506828.102,"P,8903,382"
1791506828.307,"P,8976,1282"
1791506828.307,"B,8976,10,5c:62:8b:66:67:d2,440,4,10722,12,-46,A,5c:62:8b:66:67:d2,0,4,0,0"
1791506828.307,"B,8976,10,cc:b8:5e:ad:5c:4a,10666,10,440,4,-48,S,5c:62:8b:66:67:d2,1,1,0,8"
1791506828.307,"B,8976,10,b2:db:ca:e6:29:a6,56,2,0,0,-45,S,5c:62:8b:66:67:d2,2,0,0,0"
1791506828.307,"B,8976,10,b0:a7:b9:23:82:ee,0,0,28,1,-90,A,b0:a7:b9:23:82:ee,0,0,0,0"
1791506828.307,"B,8976,10,e2:5e:2c:92:7b:df,28,1,0,0,-85,S,b0:a7:b9:23:82:ee,1,0,0,0"
1791506828.307,"P,8976,1282"
1791506828.307,"P,8976,446"
1791506828.307,"P,8976,1282"
1791506828.307,"P,8976,1282"
1791506828.307,"P,8976,446"
1791506828.307,"P,8977,1282"
1791506828.307,"P,8977,1282"
1791506828.307,"P,8977,446"
1791506828.307,"P,8978,1282"
1791506828.307,"P,8978,1282"
1791506828.307,"P,8978,446"
1791506828.307,"P,8980,1282"
1791506828.307,"P,8983,1282"
1791506828.307,"P,8984,446"
1791506828.307,"P,9057,28"
1791506828.307,"P,9057,28"
1791506828.307,"P,9058,1282"
1791506828.307,"P,9058,1282"
1791506828.307,"P,9058,1282"
1791506828.307,"P,9058,1282"
1791506828.307,"P,9059,1282"
1791506828.307,"P,9059,1282"
1791506828.307,"P,9059,1282"
1791506828.307,"P,9059,1282"
1791506828.307,"P,9060,1282"
1791506828.307,"P,9060,1282"
1791506828.307,"P,9060,1282"
1791506828.307,"P,9060,1282"
1791506828.307,"P,9061,1282"
1791506828.307,"P,9061,1282"
1791506828.307,"P,9061,1282"
1791506828.307,"P,9061,1282"
1791506828.307,"P,9063,1282"
1791506828.307,"P,9065,1282"
1791506828.307,"P,9068,1282"
1791506828.307,"P,9074,1282"
1791506828.307,"B,9076,10,5c:62:8b:66:67:d2,110,1,39772,47,-45,A,5c:62:8b:66:67:d2,0,1,0,0"
1791506828.307,"B,9076,10,72:3b:01:24:b7:c8,252,9,0,0,-39,S,5c:62:8b:66:67:d2,9,0,0,0"
1791506828.307,"B,9076,10,cc:b8:5e:ad:5c:4a,39464,36,110,1,-46,S,5c:62:8b:66:67:d2,2,5,0,29"
1791506828.307,"B,9076,10,b2:db:ca:e6:29:a6,56,2,0,0,-45,S,5c:62:8b:66:67:d2,2,0,0,0"
1791506828.512,"P,9161,28"
1791506828.512,"P,9162,1282"
1791506828.512,"P,9162,854"
1791506828.512,"P,9162,1282"
1791506828.512,"P,9163,1282"
1791506828.512,"P,9163,1282"
1791506828.512,"P,9163,1282"
1791506828.512,"P,9164,1282"
1791506828.512,"P,9168,698"
1791506828.512,"P,9176,1282"
1791506828.512,"B,9176,10,5c:62:8b:66:67:d2,660,6,10638,13,-46,A,5c:62:8b:66:67:d2,0,6,0,0"
1791506828.512,"B,9176,10,72:3b:01:24:b7:c8,56,2,0,0,-40,S,5c:62:8b:66:67:d2,2,0,0,0"
1791506828.512,"B,9176,10,cc:b8:5e:ad:5c:4a,10554,10,660,6,-46,S,5c:62:8b:66:67:d2,1,1,1,7"
1791506828.512,"B,9176,10,b2:db:ca:e6:29:a6,28,1,0,0,-47,S,5c:62:8b:66:67:d2,1,0,0,0"
1791506828.512,"P,9177,1282"
1791506828.512,"P,9177,1282"
1791506828.512,"P,9177,1282"
1791506828.512,"P,9179,1282"
1791506828.512,"P,9179,1282"
1791506828.512,"P,9180,1282"
1791506828.512,"P,9180,1282"
1791506828.512,"P,9180,1282"
1791506828.512,"P,9180,1282"
1791506828.512,"P,9180,1282"
1791506828.512,"P,9182,1282"
1791506828.512,"P,9183,1282"
1791506828.512,"P,9185,1282"
1791506828.512,"P,9185,1282"
1791506828.512,"P,9185,1282"
1791506828.512,"P,9186,1282"
1791506828.512,"P,9186,1282"
1791506828.512,"P,9187,1282"
1791506828.512,"P,9187,970"
1791506828.512,"P,9254,1282"
1791506828.512,"P,9254,1282"
1791506828.512,"P,9254,1282"
1791506828.512,"P,9254,1282"
1791506828.512,"P,9254,262"
1791506828.512,"P,9255,1282"
1791506828.512,"P,9255,1282"
1791506828.512,"P,9255,262"
1791506828.512,"P,9256,1282"
1791506828.512,"P,9256,1282"
1791506828.512,"P,9256,262"
1791506828.512,"P,9258,1282"
1791506828.512,"P,9260,1282"
1791506828.512,"P,9261,262"
1791506828.512,"P,9262,262"
1791506828.512,"B,9276,10,5c:62:8b:66:67:d2,770,7,38260,37,-46,A,5c:62:8b:66:67:d2,0,7,0,0"
1791506828.512,"B,9276,10,72:3b:01:24:b7:c8,28,1,0,0,-42,S,5c:62:8b:66:67:d2,1,0,0,0"
1791506828.512,"B,9276,10,cc:b8:5e:ad:5c:4a,38176,34,770,7,-46,S,5c:62:8b:66:67:d2,0,5,1,28"
1791506828.512,"B,9276,10,b2:db:ca:e6:29:a6,56,2,0,0,-45,S,5c:62:8b:66:67:d2,2,0,0,0"
1791506828.512,"P,9295,28"
1791506828.512,"P,9296,1282"
1791506828.512,"P,9296,1282"
1791506828.714,"B,9376,10,5c:62:8b:66:67:d2,110,1,2648,5,-46,A,5c:62:8b:66:67:d2,0,1,0,0"
1791506828.714,"B,9376,10,72:3b:01:24:b7:c8,28,1,0,0,-47,S,5c:62:8b:66:67:d2,1,0,0,0"
1791506828.714,"B,9376,10,cc:b8:5e:ad:5c:4a,2592,3,110,1,-45,S,5c:62:8b:66:67:d2,1,0,0,2"
1791506828.714,"B,9376,10,b2:db:ca:e6:29:a6,28,1,0,0,-46,S,5c:62:8b:66:67:d2,1,0,0,0"
1791506828.714,"P,9378,1158"
1791506828.714,"P,9378,1282"
1791506828.714,"P,9379,1282"
1791506828.714,"P,9379,1282"
1791506828.714,"P,9379,1282"
1791506828.714,"P,9382,1282"
1791506828.714,"P,9383,1282"
1791506828.714,"P,9386,1114"
1791506828.714,"P,9456,28"
1791506828.714,"P,9457,1282"
1791506828.714,"P,9457,1282"
1791506828.714,"P,9458,1282"
1791506828.714,"P,9458,1282"
1791506828.714,"P,9458,1282"
1791506828.714,"B,9476,10,5c:62:8b:66:67:d2,550,5,16542,19,-46,A,5c:62:8b:66:67:d2,0,5,0,0"
1791506828.714,"B,9476,10,72:3b:01:24:b7:c8,56,2,0,0,-41,S,5c:62:8b:66:67:d2,2,0,0,0"
1791506828.714,"B,9476,10,cc:b8:5e:ad:5c:4a,16402,14,550,5,-44,S,5c:62:8b:66:67:d2,1,0,2,11"
1791506828.714,"B,9476,10,b2:db:ca:e6:29:a6,84,3,0,0,-45,S,5c:62:8b:66:67:d2,3,0,0,0"
1791506828.919,"B,9576,10,5c:62:8b:66:67:d2,110,1,168,6,-47,A,5c:62:8b:66:67:d2,0,1,0,0"
1791506828.919,"B,9576,10,72:3b:01:24:b7:c8,112,4,0,0,-36,S,5c:62:8b:66:67:d2,4,0,0,0"
1791506828.919,"B,9576,10,cc:b8:5e:ad:5c:4a,0,0,110,1,0,S,5c:62:8b:66:67:d2,0,0,0,0"
1791506828.919,"B,9576,10,b2:db:ca:e6:29:a6,56,2,0,0,-44,S,5c:62:8b:66:67:d2,2,0,0,0"
1791506828.919,"P,9577,28"
1791506828.919,"P,9578,1282"
1791506828.919,"P,9578,1282"
1791506828.919,"P,9578,1282"
1791506828.919,"P,9582,1282"
1791506828.919,"P,9582,1282"
1791506828.919,"P,9583,1282"
1791506828.919,"P,9583,1282"
1791506828.919,"P,9584,1282"
1791506828.919,"P,9584,1282"
1791506828.919,"P,9584,1282"
1791506828.919,"P,9585,1070"
1791506828.919,"P,9585,1282"
1791506828.919,"P,9585,1282"
1791506828.919,"P,9585,1282"
1791506828.919,"B,9676,10,5c:62:8b:66:67:d2,220,2,17848,18,-48,A,5c:62:8b:66:67:d2,0,2,0,0"
1791506828.919,"B,9676,10,72:3b:01:24:b7:c8,56,2,0,0,-37,S,5c:62:8b:66:67:d2,2,0,0,0"
1791506828.919,"B,9676,10,cc:b8:5e:ad:5c:4a,17764,15,220,2,-43,S,5c:62:8b:66:67:d2,1,0,1,13"
1791506828.919,"B,9676,10,b2:db:ca:e6:29:a6,28,1,0,0,-44,S,5c:62:8b:66:67:d2,1,0,0,0"
1791506828.919,"P,9680,28"
1791506828.919,"P,9680,1282"
1791506828.919,"P,9691,446"
1791506828.919,"P,9691,1282"
1791506828.919,"P,9692,1282"
1791506828.919,"P,9692,1282"
1791506828.919,"P,9692,1282"
1791506828.919,"P,9692,1282"
1791506828.919,"P,9693,1282"
1791506828.919,"P,9693,1282"
1791506828.919,"P,9693,258"
1791506828.919,"P,9696,446"
1791506828.919,"P,9700,446"
1791506828.919,"P,9702,1282"
1791506828.919,"P,9705,1282"
1791506828.919,"P,9707,1282"
1791506828.919,"P,9710,1282"
1791506828.919,"P,9713,1282"
1791506828.919,"P,9715,1282"
1791506828.919,"P,9718,1282"
1791506828.919,"P,9721,1282"
1791506828.919,"P,9724,1282"
1791506828.919,"P,9725,258"
1791506828.919,"P,9726,1282"
1791506828.919,"P,9726,1282"
1791506828.919,"P,9726,1282"
1791506828.919,"P,9727,1282"
1791506828.919,"P,9727,1282"
1791506828.919,"P,9729,1282"
1791506828.919,"P,9729,538"
1791506829.124,"P,9776,1282"
1791506829.124,"B,9776,10,5c:62:8b:66:67:d2,1760,16,33188,31,-46,A,5c:62:8b:66:67:d2,0,16,0,0"
1791506829.124,"B,9776,10,cc:b8:5e:ad:5c:4a,33188,31,1760,16,-41,S,5c:62:8b:66:67:d2,1,6,0,24"
1791506829.124,"P,9776,1282"
1791506829.124,"P,9777,1282"
1791506829.124,"P,9777,1282"
1791506829.124,"P,9778,1282"
1791506829.124,"P,9780,1282"
1791506829.124,"P,9781,1282"
1791506829.124,"P,9781,1282"
1791506829.124,"P,9781,1282"
1791506829.124,"P,9786,28"
1791506829.124,"P,9786,1282"
1791506829.124,"P,9786,338"
1791506829.124,"P,9855,1282"
1791506829.124,"P,9856,1282"
1791506829.124,"P,9856,1014"
1791506829.124,"B,9876,10,5c:62:8b:66:67:d2,550,5,15594,18,-46,A,5c:62:8b:66:67:d2,0,5,0,0"
1791506829.124,"B,9876,10,72:3b:01:24:b7:c8,112,4,0,0,-39,S,5c:62:8b:66:67:d2,4,0,0,0"
1791506829.124,"B,9876,10,cc:b8:5e:ad:5c:4a,15482,14,550,5,-43,S,5c:62:8b:66:67:d2,1,1,1,11"
1791506829.124,"P,9896,28"
1791506829.124,"P,9896,28"
1791506829.124,"P,9897,1282"
1791506829.124,"P,9897,1282"
1791506829.124,"P,9897,1282"
1791506829.124,"P,9897,614"
1791506829.124,"P,9898,1282"
1791506829.124,"P,9898,1282"
1791506829.329,"P,9976,1282"
1791506829.329,"B,9976,10,5c:62:8b:66:67:d2,440,4,8502,14,-47,A,5c:62:8b:66:67:d2,0,4,0,0"
1791506829.329,"B,9976,10,72:3b:01:24:b7:c8,140,5,0,0,-36,S,5c:62:8b:66:67:d2,5,0,0,0"
1791506829.329,"B,9976,10,cc:b8:5e:ad:5c:4a,8362,9,440,4,-44,S,5c:62:8b:66:67:d2,2,1,0,6"
1791506829.329,"P,9977,1282"
1791506829.329,"P,9977,1282"
1791506829.329,"P,9977,1282"
1791506829.329,"P,9977,1282"
1791506829.329,"P,9978,1282"
1791506829.329,"P,9979,1282"
1791506829.329,"P,9979,1282"
1791506829.329,"P,9979,1282"
1791506829.329,"P,9979,1282"
1791506829.329,"P,9979,1282"
1791506829.329,"P,9983,1282"
1791506829.329,"P,9984,1282"
1791506829.329,"P,9984,1282"
1791506829.329,"P,9985,1282"
1791506829.329,"P,9985,1282"
1791506829.329,"P,9991,1282"
1791506829.329,"P,9991,1282"
1791506829.329,"P,9992,1282"
1791506829.329,"P,9992,838"
1791506829.329,"P,10056,28"
1791506829.329,"P,10057,28"
1791506829.329,"P,10057,28"
1791506829.329,"P,10058,1282"
1791506829.329,"P,10058,1282"
1791506829.329,"P,10059,1282"
1791506829.329,"P,10059,302"
1791506829.329,"B,10076,10,5c:62:8b:66:67:d2,660,6,28146,26,-46,A,5c:62:8b:66:67:d2,0,6,0,0"
1791506829.329,"B,10076,10,cc:b8:5e:ad:5c:4a,28146,26,660,6,-45,S,5c:62:8b:66:67:d2,3,1,1,21"
1791506829.329,"I,10081,stat,rx=3273,drops=0,ch=10,bin=100,hop=0,heap=202024"
1791506829.329,"P,10096,1282"
1791506829.329,"P,10096,1282"
1791506829.329,"P,10097,1282"
1791506829.329,"P,10097,1282"
1791506829.329,"P,10097,1034"
1791506829.533,"P,10175,28"
1791506829.533,"B,10176,10,5c:62:8b:66:67:d2,220,2,6330,11,-46,A,5c:62:8b:66:67:d2,0,2,0,0"
1791506829.533,"B,10176,10,72:3b:01:24:b7:c8,112,4,0,0,-39,S,5c:62:8b:66:67:d2,4,0,0,0"
1791506829.533,"B,10176,10,cc:b8:5e:ad:5c:4a,6190,6,220,2,-45,S,5c:62:8b:66:67:d2,1,0,1,4"
1791506829.533,"B,10176,10,b2:db:ca:e6:29:a6,28,1,0,0,-46,S,5c:62:8b:66:67:d2,1,0,0,0"
1791506829.533,"B,10176,10,80:af:ca:68:4c:f8,104,1,0,0,-87,A,80:af:ca:68:4c:f8,0,1,0,0"
1791506829.533,"P,10176,1282"
1791506829.533,"P,10176,1282"
1791506829.533,"P,10177,1282"
1791506829.533,"P,10177,1282"
1791506829.533,"P,10178,1282"
1791506829.533,"P,10178,1282"
1791506829.533,"P,10178,1282"
1791506829.533,"P,10178,1282"
1791506829.533,"P,10179,1282"
1791506829.533,"P,10179,1282"
1791506829.533,"P,10180,1282"
1791506829.533,"P,10180,1282"
1791506829.533,"P,10181,1282"
1791506829.533,"P,10181,1282"
1791506829.533,"P,10181,1282"
1791506829.533,"P,10181,1282"
1791506829.533,"P,10184,1282"
1791506829.533,"P,10186,1282"
1791506829.533,"P,10189,1282"
1791506829.533,"P,10191,1282"
1791506829.533,"P,10194,1282"
1791506829.533,"P,10198,1282"
1791506829.533,"P,10201,1282"
1791506829.533,"P,10204,1282"
1791506829.533,"P,10205,1282"
1791506829.533,"P,10205,1282"
1791506829.533,"P,10205,1282"
1791506829.533,"P,10205,1282"
1791506829.533,"P,10206,1282"
1791506829.533,"P,10206,1282"
1791506829.533,"P,10208,1282"
1791506829.533,"P,10208,1282"
1791506829.533,"B,10276,10,5c:62:8b:66:67:d2,110,1,41136,36,-48,A,5c:62:8b:66:67:d2,0,1,0,0"
1791506829.533,"B,10276,10,72:3b:01:24:b7:c8,56,2,0,0,-35,S,5c:62:8b:66:67:d2,2,0,0,0"
1791506829.533,"B,10276,10,cc:b8:5e:ad:5c:4a,41024,32,110,1,-43,S,5c:62:8b:66:67:d2,0,0,0,32"
1791506829.533,"B,10276,10,b2:db:ca:e6:29:a6,56,2,0,0,-46,S,5c:62:8b:66:67:d2,2,0,0,0"
1791506829.738,"B,10376,10,5c:62:8b:66:67:d2,0,0,84,3,-51,A,5c:62:8b:66:67:d2,0,0,0,0"
1791506829.738,"B,10376,10,72:3b:01:24:b7:c8,28,1,0,0,-36,S,5c:62:8b:66:67:d2,1,0,0,0"
1791506829.738,"B,10376,10,b2:db:ca:e6:29:a6,56,2,0,0,-46,S,5c:62:8b:66:67:d2,2,0,0,0"
1791506829.738,"B,10476,10,5c:62:8b:66:67:d2,0,0,196,7,-49,A,5c:62:8b:66:67:d2,0,0,0,0"
1791506829.738,"B,10476,10,72:3b:01:24:b7:c8,112,4,0,0,-41,S,5c:62:8b:66:67:d2,4,0,0,0"
1791506829.738,"B,10476,10,b2:db:ca:e6:29:a6,84,3,0,0,-45,S,5c:62:8b:66:67:d2,3,0,0,0"
1791506829.942,"B,10576,10,5c:62:8b:66:67:d2,0,0,112,4,-51,A,5c:62:8b:66:67:d2,0,0,0,0"
1791506829.942,"B,10576,10,72:3b:01:24:b7:c8,56,2,0,0,-45,S,5c:62:8b:66:67:d2,2,0,0,0"
1791506829.942,"B,10576,10,b2:db:ca:e6:29:a6,56,2,0,0,-46,S,5c:62:8b:66:67:d2,2,0,0,0"
1791506829.942,"B,10676,10,5c:62:8b:66:67:d2,0,0,112,4,-51,A,5c:62:8b:66:67:d2,0,0,0,0"
1791506829.942,"B,10676,10,72:3b:01:24:b7:c8,56,2,0,0,-41,S,5c:62:8b:66:67:d2,2,0,0,0"
1791506829.942,"B,10676,10,b2:db:ca:e6:29:a6,56,2,0,0,-46,S,5c:62:8b:66:67:d2,2,0,0,0"
1791506829.942,"P,10681,28"
1791506829.942,"P,10681,202"
1791506829.942,"P,10705,738"
1791506830.143,"B,10776,10,5c:62:8b:66:67:d2,300,2,1136,9,-48,A,5c:62:8b:66:67:d2,0,2,0,0"
1791506830.143,"B,10776,10,72:3b:01:24:b7:c8,112,4,0,0,-41,S,5c:62:8b:66:67:d2,4,0,0,0"
1791506830.143,"B,10776,10,cc:b8:5e:ad:5c:4a,968,3,300,2,-46,S,5c:62:8b:66:67:d2,1,1,1,0"
1791506830.143,"B,10776,10,b2:db:ca:e6:29:a6,56,2,0,0,-46,S,5c:62:8b:66:67:d2,2,0,0,0"
1791506830.143,"B,10776,10,b0:a7:b9:23:82:ee,0,0,30,1,-90,A,b0:a7:b9:23:82:ee,0,0,0,0"
1791506830.143,"B,10776,10,f2:51:4e:f8:1a:7f,30,1,0,0,-86,S,b0:a7:b9:23:82:ee,1,0,0,0"
1791506830.143,"B,10876,10,5c:62:8b:66:67:d2,0,0,56,2,-51,A,5c:62:8b:66:67:d2,0,0,0,0"
1791506830.143,"B,10876,10,b2:db:ca:e6:29:a6,56,2,0,0,-45,S,5c:62:8b:66:67:d2,2,0,0,0"
1791506830.143,"P,10969,28"
1791506830.143,"P,10970,1282"
1791506830.344,"B,10976,10,5c:62:8b:66:67:d2,0,0,1366,4,-51,A,5c:62:8b:66:67:d2,0,0,0,0"
1791506830.344,"B,10976,10,cc:b8:5e:ad:5c:4a,1310,2,0,0,-46,S,5c:62:8b:66:67:d2,1,0,0,1"
1791506830.344,"B,10976,10,b2:db:ca:e6:29:a6,56,2,0,0,-44,S,5c:62:8b:66:67:d2,2,0,0,0"
1791506830.344,"P,10980,1282"
1791506830.344,"P,11023,1282"
1791506830.344,"P,11024,1282"
1791506830.344,"P,11027,766"
1791506830.344,"P,11028,1282"
1791506830.344,"P,11028,1282"
1791506830.344,"P,11029,1282"
1791506830.344,"P,11039,1282"
1791506830.344,"P,11040,1102"
1791506830.344,"P,11041,1282"
1791506830.344,"P,11042,1282"
1791506830.344,"P,11042,1282"
1791506830.344,"P,11046,1282"
1791506830.344,"P,11046,1282"
1791506830.344,"P,11047,1282"
1791506830.344,"P,11047,1282"
1791506830.344,"P,11048,1282"
1791506830.344,"P,11048,446"
1791506830.344,"P,11049,1282"
1791506830.344,"P,11049,1282"
1791506830.344,"P,11054,646"
1791506830.344,"P,11054,1282"
1791506830.344,"P,11055,1282"
1791506830.344,"P,11056,1282"
1791506830.344,"P,11056,1282"
1791506830.344,"P,11058,482"
1791506830.344,"P,11058,1282"
1791506830.344,"P,11058,1282"
1791506830.344,"P,11060,482"
1791506830.344,"P,11060,1282"
1791506830.344,"P,11060,1282"
1791506830.344,"P,11063,1282"
1791506830.344,"P,11064,1282"
1791506830.344,"P,11064,1282"
1791506830.344,"P,11065,1282"
1791506830.344,"P,11066,1282"
1791506830.344,"P,11066,670"
1791506830.344,"P,11066,1282"
1791506830.344,"P,11067,1282"
1791506830.344,"P,11067,1282"
1791506830.344,"P,11070,1282"
1791506830.344,"P,11070,670"
1791506830.344,"P,11071,1282"
1791506830.344,"P,11071,1282"
1791506830.344,"P,11071,1282"
1791506830.344,"P,11071,1282"
1791506830.344,"P,11072,670"
1791506830.344,"P,11074,1282"
1791506830.344,"B,11076,10,5c:62:8b:66:67:d2,2692,24,55988,50,-46,A,5c:62:8b:66:67:d2,0,24,0,0"
1791506830.344,"B,11076,10,72:3b:01:24:b7:c8,28,1,0,0,-36,S,5c:62:8b:66:67:d2,1,0,0,0"
1791506830.344,"B,11076,10,cc:b8:5e:ad:5c:4a,55932,48,2692,24,-44,S,5c:62:8b:66:67:d2,0,7,2,39"
1791506830.344,"B,11076,10,b2:db:ca:e6:29:a6,28,1,0,0,-46,S,5c:62:8b:66:67:d2,1,0,0,0"
1791506830.344,"P,11078,1282"
1791506830.344,"P,11079,670"
1791506830.344,"P,11082,1282"
1791506830.344,"P,11084,1282"
1791506830.344,"P,11087,1282"
1791506830.344,"A,11171,10,b8:ec:a3:e0:bf:97,-91,KV 15"
1791506830.546,"B,11176,10,5c:62:8b:66:67:d2,110,1,5882,8,-49,A,5c:62:8b:66:67:d2,0,1,0,0"
1791506830.546,"B,11176,10,72:3b:01:24:b7:c8,56,2,0,0,-40,S,5c:62:8b:66:67:d2,2,0,0,0"
1791506830.546,"B,11176,10,cc:b8:5e:ad:5c:4a,5798,5,110,1,-38,S,5c:62:8b:66:67:d2,0,1,0,4"
1791506830.546,"B,11176,10,b2:db:ca:e6:29:a6,28,1,0,0,-45,S,5c:62:8b:66:67:d2,1,0,0,0"
1791506830.546,"P,11185,28"
1791506830.546,"P,11186,1282"
1791506830.546,"P,11186,1282"
1791506830.546,"P,11186,1282"
1791506830.546,"P,11186,1282"
1791506830.546,"P,11187,1282"
1791506830.546,"P,11187,1282"
1791506830.546,"P,11187,1282"
1791506830.546,"P,11188,1282"
1791506830.546,"P,11188,802"
1791506830.546,"P,11188,1282"
1791506830.546,"P,11188,154"
1791506830.546,"P,11221,1282"
1791506830.546,"P,11221,1282"
1791506830.546,"P,11222,1282"
1791506830.546,"P,11222,1282"
1791506830.546,"P,11222,306"
1791506830.546,"P,11223,1282"
1791506830.546,"P,11225,1282"
1791506830.546,"P,11225,1282"
1791506830.546,"P,11226,1282"
1791506830.546,"P,11226,1282"
1791506830.546,"P,11226,1282"
1791506830.546,"P,11226,1282"
1791506830.546,"P,11229,1282"
1791506830.546,"P,11229,1118"
1791506830.546,"P,11230,1282"
1791506830.546,"P,11230,1282"
1791506830.546,"P,11230,1282"
1791506830.546,"P,11232,1282"
1791506830.546,"P,11246,1282"
1791506830.546,"P,11246,1258"
1791506830.546,"P,11247,1282"
1791506830.546,"P,11247,1282"
1791506830.546,"P,11247,1282"
1791506830.546,"P,11249,1282"
1791506830.546,"P,11249,1282"
1791506830.546,"P,11249,1282"
1791506830.546,"P,11249,1282"
1791506830.546,"P,11250,1282"
1791506830.546,"P,11250,1282"
1791506830.546,"P,11256,1282"
1791506830.546,"P,11258,1110"
1791506830.546,"P,11258,1282"
1791506830.546,"P,11258,1282"
1791506830.546,"P,11258,1282"
1791506830.546,"P,11259,1282"
1791506830.546,"P,11259,1282"
1791506830.546,"P,11260,1282"
1791506830.546,"P,11260,1282"
1791506830.546,"P,11262,1282"
1791506830.546,"P,11262,1282"
1791506830.546,"P,11262,398"
1791506830.546,"P,11262,1282"
1791506830.546,"P,11263,1282"
1791506830.546,"P,11266,1282"
1791506830.546,"P,11269,1282"
1791506830.546,"P,11269,1282"
1791506830.546,"P,11269,1282"
1791506830.546,"P,11269,1282"
1791506830.546,"P,11270,1282"
1791506830.546,"P,11270,1282"
1791506830.546,"P,11271,1282"
1791506830.546,"P,11271,1282"
1791506830.546,"B,11276,10,5c:62:8b:66:67:d2,3190,29,77022,66,-46,A,5c:62:8b:66:67:d2,0,29,0,0"
1791506830.546,"B,11276,10,cc:b8:5e:ad:5c:4a,76966,64,3190,29,-44,S,5c:62:8b:66:67:d2,1,3,3,57"
1791506830.546,"B,11276,10,b2:db:ca:e6:29:a6,56,2,0,0,-44,S,5c:62:8b:66:67:d2,2,0,0,0"
1791506830.546,"P,11280,1282"
1791506830.546,"P,11281,1282"
1791506830.546,"P,11282,1282"
1791506830.546,"P,11287,28"
1791506830.546,"P,11288,1282"
1791506830.546,"P,11288,1282"
1791506830.546,"P,11290,1282"
1791506830.546,"P,11290,1282"
1791506830.546,"P,11290,1282"
1791506830.546,"P,11290,1282"
1791506830.546,"P,11291,1282"
1791506830.546,"P,11291,1282"
1791506830.546,"P,11291,1282"
1791506830.546,"P,11297,1282"
1791506830.546,"P,11297,1282"
1791506830.546,"P,11297,1282"
1791506830.546,"P,11297,1282"
1791506830.546,"P,11298,1282"
1791506830.546,"P,11300,1282"
1791506830.546,"P,11300,1282"
1791506830.546,"P,11302,1282"
1791506830.546,"P,11303,1282"
1791506830.546,"P,11303,1282"
1791506830.546,"P,11303,1282"
1791506830.546,"P,11304,1282"
1791506830.546,"P,11304,1282"
1791506830.546,"P,11304,1282"
1791506830.546,"P,11305,1282"
1791506830.546,"P,11305,1282"
1791506830.546,"P,11305,1282"
1791506830.546,"P,11306,1282"
1791506830.546,"P,11306,1282"
1791506830.546,"P,11306,1282"
1791506830.546,"P,11307,1282"
1791506830.546,"P,11307,1282"
1791506830.546,"P,11307,1282"
1791506830.546,"P,11307,1282"
1791506830.546,"P,11308,1282"
1791506830.546,"P,11308,1282"
1791506830.546,"P,11309,1282"
1791506830.546,"P,11309,1282"
1791506830.546,"P,11309,1282"
1791506830.546,"P,11309,1282"
1791506830.546,"P,11309,1282"
1791506830.546,"P,11313,1282"
1791506830.546,"P,11314,1282"
1791506830.546,"P,11314,1282"
1791506830.546,"P,11315,1282"
1791506830.546,"P,11315,1282"
1791506830.546,"P,11315,1282"
1791506830.546,"P,11316,1282"
1791506830.546,"P,11316,1282"
1791506830.546,"P,11319,1282"
1791506830.546,"P,11323,1282"
1791506830.546,"P,11323,1282"
1791506830.546,"P,11324,1282"
1791506830.546,"P,11324,1282"
1791506830.546,"P,11324,1282"
1791506830.546,"P,11324,1282"
1791506830.546,"P,11325,1282"
1791506830.546,"P,11330,1282"
1791506830.546,"P,11330,1282"
1791506830.546,"P,11330,1282"
1791506830.546,"P,11330,1282"
1791506830.546,"P,11331,1282"
1791506830.546,"P,11331,1282"
1791506830.546,"P,11331,1282"
1791506830.546,"P,11332,1282"
1791506830.546,"P,11334,1282"
1791506830.747,"B,11376,10,5c:62:8b:66:67:d2,1760,16,87260,71,-46,A,5c:62:8b:66:67:d2,0,16,0,0"
1791506830.747,"B,11376,10,cc:b8:5e:ad:5c:4a,87204,69,1760,16,-45,S,5c:62:8b:66:67:d2,1,0,0,68"
1791506830.747,"B,11376,10,b2:db:ca:e6:29:a6,56,2,0,0,-44,S,5c:62:8b:66:67:d2,2,0,0,0"
1791506830.747,"B,11476,10,5c:62:8b:66:67:d2,0,0,168,6,-52,A,5c:62:8b:66:67:d2,0,0,0,0"
1791506830.747,"B,11476,10,72:3b:01:24:b7:c8,112,4,0,0,-40,S,5c:62:8b:66:67:d2,4,0,0,0"
1791506830.747,"B,11476,10,b2:db:ca:e6:29:a6,56,2,0,0,-43,S,5c:62:8b:66:67:d2,2,0,0,0"
1791506830.747,"P,11530,28"
1791506830.747,"P,11531,1282"
1791506830.747,"P,11531,1282"
1791506830.747,"P,11531,1282"
1791506830.747,"P,11533,1282"
1791506830.747,"P,11533,1282"
1791506830.747,"P,11534,1282"
1791506830.747,"P,11534,1282"
1791506830.747,"P,11534,1282"
1791506830.747,"P,11537,1282"
1791506830.747,"P,11540,1282"
1791506830.747,"P,11540,1282"
1791506830.747,"P,11540,1282"
1791506830.747,"P,11541,1282"
1791506830.747,"P,11541,1282"
1791506830.747,"P,11541,1282"
1791506830.747,"P,11541,1282"
1791506830.747,"P,11542,1282"
1791506830.747,"P,11542,1282"
1791506830.747,"P,11543,1282"
1791506830.747,"P,11543,1282"
1791506830.747,"P,11544,1282"
1791506830.747,"P,11544,1282"
1791506830.747,"P,11544,1282"
1791506830.747,"P,11544,1282"
1791506830.747,"P,11544,1282"
1791506830.747,"P,11545,1282"
1791506830.747,"P,11547,1282"
1791506830.747,"P,11547,1282"
1791506830.747,"P,11565,1282"
1791506830.747,"P,11565,1282"
1791506830.747,"P,11566,1282"
1791506830.747,"P,11566,1282"
1791506830.747,"P,11567,1282"
1791506830.747,"P,11567,1282"
1791506830.747,"P,11570,1282"
1791506830.747,"P,11571,1282"
1791506830.747,"P,11571,1282"
1791506830.747,"P,11572,1282"
1791506830.747,"P,11573,1282"
1791506830.747,"P,11573,1282"
1791506830.747,"P,11573,1282"
1791506830.747,"P,11575,1282"
1791506830.747,"B,11576,10,5c:62:8b:66:67:d2,3486,31,53872,43,-46,A,5c:62:8b:66:67:d2,0,31,0,0"
1791506830.747,"B,11576,10,cc:b8:5e:ad:5c:4a,53872,43,3486,31,-45,S,5c:62:8b:66:67:d2,1,0,0,42"
1791506830.747,"P,11575,1282"
1791506830.747,"P,11577,1282"
1791506830.747,"P,11577,1282"
1791506830.747,"P,11578,1282"
1791506830.947,"P,11578,1282"
1791506830.947,"P,11578,1282"
1791506830.947,"P,11579,1282"
1791506830.947,"P,11579,1282"
1791506830.947,"P,11579,758"
1791506830.947,"P,11579,1282"
1791506830.947,"P,11584,1282"
1791506830.947,"P,11584,666"
1791506830.947,"P,11585,1282"
1791506830.947,"P,11585,1282"
1791506830.947,"P,11586,1282"
1791506830.947,"P,11586,1282"
1791506830.947,"P,11586,1282"
1791506830.947,"P,11587,382"
1791506830.947,"P,11587,1282"
1791506830.947,"P,11587,426"
1791506830.947,"P,11587,1282"
1791506830.947,"P,11590,1282"
1791506830.947,"P,11590,1282"
1791506830.947,"P,11594,1282"
1791506830.947,"P,11595,1198"
1791506830.947,"P,11602,1282"
1791506830.947,"P,11602,1282"
1791506830.947,"P,11604,1282"
1791506830.947,"P,11604,1282"
1791506830.947,"P,11605,1282"
1791506830.947,"P,11605,1282"
1791506830.947,"P,11606,1282"
1791506830.947,"P,11606,1282"
1791506830.947,"P,11606,1282"
1791506830.947,"P,11607,1282"
1791506830.947,"P,11607,1082"
1791506830.947,"P,11607,1154"
1791506830.947,"P,11608,1282"
1791506830.947,"P,11608,1282"
1791506830.947,"P,11609,1282"
1791506830.947,"P,11609,1282"
1791506830.947,"P,11609,1282"
1791506830.947,"P,11609,1282"
1791506830.947,"P,11610,1082"
1791506830.947,"P,11610,1154"
1791506830.947,"P,11610,1282"
1791506830.947,"P,11610,1282"
1791506830.947,"P,11611,1282"
1791506830.947,"P,11611,1282"
1791506830.947,"P,11612,1282"
1791506830.947,"P,11612,1282"
1791506830.947,"P,11612,1082"
1791506830.947,"P,11612,1154"
1791506830.947,"P,11613,1282"
1791506830.947,"P,11613,1282"
1791506830.947,"P,11615,1282"
1791506830.947,"P,11617,1282"
1791506830.947,"P,11620,1282"
1791506830.947,"P,11621,1282"
1791506830.947,"P,11621,1082"
1791506830.947,"P,11622,1154"
1791506830.947,"P,11622,1282"
1791506830.947,"P,11623,1282"
1791506830.947,"P,11623,1282"
1791506830.947,"P,11623,1282"
1791506830.947,"P,11625,1282"
1791506830.947,"P,11628,1082"
1791506830.947,"P,11631,1082"
1791506830.947,"P,11633,1154"
1791506830.947,"P,11636,1282"
1791506830.947,"P,11638,1282"
1791506830.947,"P,11639,1282"
1791506830.947,"P,11639,1282"
1791506830.947,"P,11642,28"
1791506830.947,"P,11642,1282"
1791506830.947,"P,11642,326"
1791506830.947,"P,11659,1282"
1791506830.947,"P,11659,1282"
1791506830.947,"P,11660,1282"
1791506830.947,"P,11660,1282"
1791506830.947,"P,11660,1282"
1791506830.947,"B,11676,10,5c:62:8b:66:67:d2,1760,16,96952,86,-45,A,5c:62:8b:66:67:d2,0,16,0,0"
1791506830.947,"B,11676,10,72:3b:01:24:b7:c8,28,1,0,0,-36,S,5c:62:8b:66:67:d2,1,0,0,0"
1791506830.947,"B,11676,10,cc:b8:5e:ad:5c:4a,96812,81,1760,16,-45,S,5c:62:8b:66:67:d2,1,4,13,63"
1791506830.947,"B,11676,10,b2:db:ca:e6:29:a6,112,4,0,0,-44,S,5c:62:8b:66:67:d2,4,0,0,0"
1791506830.947,"P,11742,1282"
1791506830.947,"P,11742,1282"
1791506830.947,"P,11742,962"
1791506830.947,"P,11746,1282"
1791506830.947,"P,11747,28"
1791506830.947,"P,11747,162"
1791506830.947,"P,11776,1282"
1791506830.947,"B,11776,10,5c:62:8b:66:67:d2,1100,10,6420,12,-46,A,5c:62:8b:66:67:d2,0,10,0,0"
1791506830.947,"B,11776,10,72:3b:01:24:b7:c8,140,5,0,0,-42,S,5c:62:8b:66:67:d2,5,0,0,0"
1791506831.147,"B,11776,10,cc:b8:5e:ad:5c:4a,6280,7,1100,10,-47,S,5c:62:8b:66:67:d2,1,1,1,4"
1791506831.147,"P,11776,1282"
1791506831.147,"P,11777,1282"
1791506831.147,"P,11777,1282"
1791506831.147,"P,11777,1042"
1791506831.147,"P,11778,1282"
1791506831.147,"P,11778,1282"
1791506831.147,"P,11778,1282"
1791506831.147,"P,11778,1282"
1791506831.147,"P,11779,1282"
1791506831.147,"P,11779,1282"
1791506831.147,"P,11780,1282"
1791506831.147,"P,11780,1282"
1791506831.147,"P,11780,1282"
1791506831.147,"P,11782,1282"
1791506831.147,"P,11784,1282"
1791506831.147,"P,11787,1282"
1791506831.147,"P,11787,1042"
1791506831.147,"P,11789,1042"
1791506831.147,"P,11856,28"
1791506831.147,"P,11856,1282"
1791506831.147,"P,11856,1282"
1791506831.147,"P,11857,1282"
1791506831.147,"P,11857,1282"
1791506831.147,"P,11857,1282"
1791506831.147,"P,11857,1282"
1791506831.147,"P,11858,1282"
1791506831.147,"P,11858,1282"
1791506831.147,"P,11860,1282"
1791506831.147,"P,11863,1282"
1791506831.147,"P,11865,1282"
1791506831.147,"P,11865,1282"
1791506831.147,"P,11865,1282"
1791506831.147,"P,11866,1282"
1791506831.147,"P,11867,1198"
1791506831.147,"B,11876,10,5c:62:8b:66:67:d2,1430,13,41586,36,-46,A,5c:62:8b:66:67:d2,0,13,0,0"
1791506831.147,"B,11876,10,72:3b:01:24:b7:c8,28,1,0,0,-43,S,5c:62:8b:66:67:d2,1,0,0,0"
1791506831.147,"B,11876,10,cc:b8:5e:ad:5c:4a,41530,34,1430,13,-46,S,5c:62:8b:66:67:d2,1,0,4,29"
1791506831.147,"B,11876,10,b2:db:ca:e6:29:a6,28,1,0,0,-46,S,5c:62:8b:66:67:d2,1,0,0,0"
1791506831.147,"P,11895,1282"
1791506831.147,"P,11895,390"
1791506831.147,"P,11895,1282"
1791506831.147,"P,11895,390"
1791506831.147,"P,11975,28"
1791506831.147,"B,11976,10,5c:62:8b:66:67:d2,110,1,3372,5,-49,A,5c:62:8b:66:67:d2,0,1,0,0"
1791506831.147,"B,11976,10,cc:b8:5e:ad:5c:4a,3372,5,110,1,-47,S,5c:62:8b:66:67:d2,1,2,0,2"
1791506831.147,"B,11976,10,b0:a7:b9:23:82:ee,0,0,60,2,-90,A,b0:a7:b9:23:82:ee,0,0,0,0"
1791506831.347,"B,11976,10,f2:51:4e:f8:1a:7f,60,2,0,0,-89,S,b0:a7:b9:23:82:ee,2,0,0,0"
1791506831.347,"P,11976,1282"
1791506831.347,"P,11976,1282"
1791506831.347,"P,11976,1282"
1791506831.347,"P,11977,1282"
1791506831.347,"P,11977,1078"
1791506831.347,"P,11977,1282"
1791506831.347,"P,11977,1282"
1791506831.347,"P,11978,1282"
1791506831.347,"P,11978,1282"
1791506831.347,"P,11978,1078"
1791506831.347,"P,11980,1282"
1791506831.347,"P,11980,1282"
1791506831.347,"P,11980,1282"
1791506831.347,"P,11980,1282"
1791506831.347,"P,11980,1078"
1791506831.347,"P,12057,1282"
1791506831.347,"P,12057,1282"
1791506831.347,"P,12058,1282"
1791506831.347,"P,12058,1282"
1791506831.347,"P,12058,1282"
1791506831.347,"P,12058,1282"
1791506831.347,"P,12064,1282"
1791506831.347,"P,12065,1282"
1791506831.347,"P,12065,1282"
1791506831.347,"P,12065,762"
1791506831.347,"B,12076,10,5c:62:8b:66:67:d2,880,8,31058,30,-46,A,5c:62:8b:66:67:d2,0,8,0,0"
1791506831.347,"B,12076,10,72:3b:01:24:b7:c8,140,5,0,0,-42,S,5c:62:8b:66:67:d2,5,0,0,0"
1791506831.347,"B,12076,10,cc:b8:5e:ad:5c:4a,30918,25,880,8,-47,S,5c:62:8b:66:67:d2,0,0,4,21"
1791506831.347,"P,12096,28"
1791506831.347,"P,12096,1282"
1791506831.347,"P,12096,958"
1791506831.347,"P,12097,1282"
1791506831.347,"P,12097,958"
1791506831.347,"P,12097,1282"
1791506831.347,"P,12098,1282"
1791506831.548,"B,12176,10,5c:62:8b:66:67:d2,110,1,7072,7,-47,A,5c:62:8b:66:67:d2,0,1,0,0"
1791506831.548,"B,12176,10,cc:b8:5e:ad:5c:4a,7072,7,110,1,-47,S,5c:62:8b:66:67:d2,1,0,2,4"
1791506831.548,"P,12179,1282"
1791506831.548,"P,12179,1282"
1791506831.548,"P,12179,1282"
1791506831.548,"P,12180,1282"
1791506831.548,"P,12184,1282"
1791506831.548,"P,12184,1282"
1791506831.548,"P,12185,1282"
1791506831.548,"P,12185,726"
1791506831.548,"P,12256,28"
1791506831.548,"P,12256,1282"
1791506831.548,"P,12256,1282"
1791506831.548,"P,12257,1282"
1791506831.548,"P,12257,1282"
1791506831.548,"P,12257,1282"
1791506831.548,"P,12261,1282"
1791506831.548,"P,12262,1282"
1791506831.548,"P,12262,1282"
1791506831.548,"P,12263,1282"
1791506831.548,"P,12263,1282"
1791506831.548,"P,12264,1282"
1791506831.548,"P,12265,1282"
1791506831.548,"P,12265,870"
1791506831.548,"P,12266,1282"
1791506831.548,"P,12268,1282"
1791506831.548,"B,12276,10,5c:62:8b:66:67:d2,1210,11,28546,24,-45,A,5c:62:8b:66:67:d2,0,11,0,0"
1791506831.548,"B,12276,10,cc:b8:5e:ad:5c:4a,28546,24,1210,11,-46,S,5c:62:8b:66:67:d2,1,0,2,21"
1791506831.548,"P,12295,1138"
1791506831.548,"P,12375,28"
1791506831.548,"B,12376,10,5c:62:8b:66:67:d2,110,1,1530,15,-47,A,5c:62:8b:66:67:d2,0,1,0,0"
1791506831.548,"B,12376,10,72:3b:01:24:b7:c8,336,12,0,0,-39,S,5c:62:8b:66:67:d2,12,0,0,0"
1791506831.548,"B,12376,10,cc:b8:5e:ad:5c:4a,1166,2,110,1,-43,S,5c:62:8b:66:67:d2,1,0,1,0"
1791506831.748,"B,12376,10,b2:db:ca:e6:29:a6,28,1,0,0,-45,S,5c:62:8b:66:67:d2,1,0,0,0"
1791506831.748,"P,12456,1282"
1791506831.748,"P,12456,1282"
1791506831.748,"P,12457,1282"
1791506831.748,"P,12457,1282"
1791506831.748,"P,12457,1282"
1791506831.748,"P,12460,1282"
1791506831.748,"P,12461,1214"
1791506831.748,"B,12476,10,5c:62:8b:66:67:d2,990,9,8962,9,-46,A,5c:62:8b:66:67:d2,0,9,0,0"
1791506831.748,"B,12476,10,cc:b8:5e:ad:5c:4a,8906,7,990,9,-47,S,5c:62:8b:66:67:d2,0,0,0,7"
1791506831.748,"B,12476,10,b2:db:ca:e6:29:a6,56,2,0,0,-44,S,5c:62:8b:66:67:d2,2,0,0,0"
1791506831.748,"P,12496,28"
1791506831.748,"P,12496,1282"
1791506831.748,"P,12496,1282"
1791506831.748,"P,12497,1282"
1791506831.748,"P,12497,1282"
1791506831.748,"P,12497,1282"
1791506831.748,"P,12497,1282"
1791506831.748,"P,12498,1282"
1791506831.748,"P,12498,1282"
1791506831.748,"P,12498,1282"
1791506831.748,"P,12504,1282"
1791506831.748,"P,12505,422"
1791506831.748,"P,12575,1282"
1791506831.748,"P,12575,1282"
1791506831.748,"P,12575,1282"
1791506831.748,"P,12575,1282"
1791506831.748,"B,12576,10,5c:62:8b:66:67:d2,550,5,18516,18,-46,A,5c:62:8b:66:67:d2,0,5,0,0"
1791506831.748,"B,12576,10,cc:b8:5e:ad:5c:4a,18398,16,550,5,-46,S,5c:62:8b:66:67:d2,1,1,0,14"
1791506831.748,"B,12576,10,b2:db:ca:e6:29:a6,28,1,0,0,-45,S,5c:62:8b:66:67:d2,1,0,0,0"
1791506831.748,"B,12576,10,46:88:44:6e:4f:e4,90,1,0,0,-30,S,5c:62:8b:66:67:d2,1,0,0,0"
1791506831.948,"P,12576,1282"
1791506831.948,"P,12577,1282"
1791506831.948,"P,12577,1282"
1791506831.948,"P,12577,1282"
1791506831.948,"P,12582,1282"
1791506831.948,"P,12583,1282"
1791506831.948,"P,12583,1282"
1791506831.948,"P,12583,1282"
1791506831.948,"P,12583,422"
1791506831.948,"P,12584,1282"
1791506831.948,"P,12584,1282"
1791506831.948,"P,12584,1282"
1791506831.948,"P,12584,422"
1791506831.948,"P,12655,28"
1791506831.948,"P,12656,1282"
1791506831.948,"P,12656,1282"
1791506831.948,"P,12656,330"
1791506831.948,"B,12676,10,5c:62:8b:66:67:d2,990,9,18092,25,-46,A,5c:62:8b:66:67:d2,0,9,0,0"
1791506831.948,"B,12676,10,72:3b:01:24:b7:c8,168,6,0,0,-41,S,5c:62:8b:66:67:d2,6,0,0,0"
1791506831.948,"B,12676,10,cc:b8:5e:ad:5c:4a,17868,17,990,9,-46,S,5c:62:8b:66:67:d2,1,3,0,13"
1791506831.948,"B,12676,10,b2:db:ca:e6:29:a6,56,2,0,0,-45,S,5c:62:8b:66:67:d2,2,0,0,0"
1791506831.948,"P,12696,1282"
1791506831.948,"P,12696,1282"
1791506831.948,"P,12696,1282"
1791506831.948,"P,12696,154"
1791506831.948,"P,12776,28"
1791506831.948,"B,12776,10,5c:62:8b:66:67:d2,550,5,4056,6,-47,A,5c:62:8b:66:67:d2,0,5,0,0"
1791506831.948,"B,12776,10,cc:b8:5e:ad:5c:4a,4028,5,550,5,-46,S,5c:62:8b:66:67:d2,1,1,0,3"
1791506831.948,"B,12776,10,b2:db:ca:e6:29:a6,28,1,0,0,-45,S,5c:62:8b:66:67:d2,1,0,0,0"
1791506831.948,"P,12776,1282"
1791506831.948,"P,12776,1282"
1791506831.948,"P,12776,1282"
1791506831.948,"P,12777,1282"
1791506831.948,"P,12777,1282"
1791506832.149,"P,12777,1282"
1791506832.149,"P,12777,1282"
1791506832.149,"P,12778,1282"
1791506832.149,"P,12778,1282"
1791506832.149,"P,12778,1282"
1791506832.149,"P,12782,1282"
1791506832.149,"P,12782,1282"
1791506832.149,"P,12783,1282"
1791506832.149,"P,12783,1282"
1791506832.149,"P,12783,1282"
1791506832.149,"P,12789,1282"
1791506832.149,"P,12789,1282"
1791506832.149,"P,12789,1282"
1791506832.149,"P,12789,1282"
1791506832.149,"P,12790,1282"
1791506832.149,"P,12790,1282"
1791506832.149,"P,12790,1282"
1791506832.149,"P,12860,1282"
1791506832.149,"P,12860,1282"
1791506832.149,"P,12860,1282"
1791506832.149,"P,12861,1282"
1791506832.149,"P,12861,1282"
1791506832.149,"P,12865,1282"
1791506832.149,"P,12866,1282"
1791506832.149,"P,12866,1282"
1791506832.149,"P,12867,1282"
1791506832.149,"P,12867,1282"
1791506832.149,"P,12867,1282"
1791506832.149,"P,12867,1282"
1791506832.149,"P,12868,1282"
1791506832.149,"P,12868,1282"
1791506832.149,"P,12868,1282"
1791506832.149,"P,12868,262"
1791506832.149,"P,12872,1282"
1791506832.149,"P,12875,1282"
1791506832.149,"B,12876,10,5c:62:8b:66:67:d2,990,9,50288,41,-47,A,5c:62:8b:66:67:d2,0,9,0,0"
1791506832.149,"B,12876,10,cc:b8:5e:ad:5c:4a,50260,40,990,9,-46,S,5c:62:8b:66:67:d2,0,1,0,39"
1791506832.149,"B,12876,10,b2:db:ca:e6:29:a6,28,1,0,0,-45,S,5c:62:8b:66:67:d2,1,0,0,0"
1791506832.149,"P,12878,1282"
1791506832.149,"P,12880,1282"
1791506832.149,"P,12883,1282"
1791506832.149,"P,12888,1282"
1791506832.149,"P,12896,28"
1791506832.149,"P,12896,1242"
1791506832.149,"B,12976,10,5c:62:8b:66:67:d2,220,2,6566,12,-49,A,5c:62:8b:66:67:d2,0,2,0,0"
1791506832.149,"B,12976,10,72:3b:01:24:b7:c8,168,6,0,0,-41,S,5c:62:8b:66:67:d2,6,0,0,0"
1791506832.149,"B,12976,10,cc:b8:5e:ad:5c:4a,6398,6,220,2,-40,S,5c:62:8b:66:67:d2,1,0,0,5"
1791506832.149,"P,12976,1282"
1791506832.149,"P,12976,1282"
1791506832.349,"P,13056,28"
1791506832.349,"P,13056,1282"
1791506832.349,"P,13057,1282"
1791506832.349,"P,13057,1282"
1791506832.349,"P,13057,1282"
1791506832.349,"P,13057,1282"
1791506832.349,"P,13058,1282"
1791506832.349,"P,13058,1282"
1791506832.349,"P,13058,1282"
1791506832.349,"P,13059,1282"
1791506832.349,"P,13059,1282"
1791506832.349,"P,13061,1282"
1791506832.349,"P,13064,1282"
1791506832.349,"B,13076,10,5c:62:8b:66:67:d2,330,3,18004,16,-47,A,5c:62:8b:66:67:d2,0,3,0,0"
1791506832.349,"B,13076,10,72:3b:01:24:b7:c8,28,1,0,0,-42,S,5c:62:8b:66:67:d2,1,0,0,0"
1791506832.349,"B,13076,10,cc:b8:5e:ad:5c:4a,17976,15,330,3,-47,S,5c:62:8b:66:67:d2,1,0,0,14"
1791506832.349,"P,13175,28"
1791506832.349,"P,13175,1282"
1791506832.349,"B,13176,10,5c:62:8b:66:67:d2,220,2,1394,5,-48,A,5c:62:8b:66:67:d2,0,2,0,0"
1791506832.349,"B,13176,10,72:3b:01:24:b7:c8,28,1,0,0,-41,S,5c:62:8b:66:67:d2,1,0,0,0"
1791506832.349,"B,13176,10,cc:b8:5e:ad:5c:4a,1310,2,220,2,-47,S,5c:62:8b:66:67:d2,1,0,0,1"
1791506832.349,"B,13176,10,b2:db:ca:e6:29:a6,56,2,0,0,-45,S,5c:62:8b:66:67:d2,2,0,0,0"
1791506832.349,"P,13176,654"
1791506832.349,"P,13176,1282"
1791506832.349,"P,13178,1282"
1791506832.349,"P,13178,1282"
1791506832.349,"P,13178,1282"
1791506832.349,"P,13178,1282"
1791506832.549,"P,13179,1282"
1791506832.549,"P,13180,1282"
1791506832.549,"P,13180,1282"
1791506832.549,"P,13183,906"
1791506832.549,"P,13183,1282"
1791506832.549,"P,13183,1282"
1791506832.549,"P,13186,1282"
1791506832.549,"P,13186,1282"
1791506832.549,"P,13186,1282"
1791506832.549,"P,13186,1282"
1791506832.549,"P,13186,1282"
1791506832.549,"P,13186,1282"
1791506832.549,"P,13187,1282"
1791506832.549,"P,13187,714"
1791506832.549,"P,13254,1282"
1791506832.549,"P,13254,1282"
1791506832.549,"P,13254,1098"
1791506832.549,"P,13255,1282"
1791506832.549,"P,13255,1282"
1791506832.549,"P,13255,1098"
1791506832.549,"P,13256,1282"
1791506832.549,"P,13256,1282"
1791506832.549,"P,13256,1098"
1791506832.549,"P,13257,1282"
1791506832.549,"P,13257,1282"
1791506832.549,"P,13257,1098"
1791506832.549,"B,13276,10,5c:62:8b:66:67:d2,1540,14,38940,40,-46,A,5c:62:8b:66:67:d2,0,14,0,0"
1791506832.549,"B,13276,10,72:3b:01:24:b7:c8,140,5,0,0,-41,S,5c:62:8b:66:67:d2,5,0,0,0"
1791506832.549,"B,13276,10,cc:b8:5e:ad:5c:4a,38716,32,1540,14,-47,S,5c:62:8b:66:67:d2,0,1,6,25"
1791506832.549,"B,13276,10,b2:db:ca:e6:29:a6,84,3,0,0,-46,S,5c:62:8b:66:67:d2,3,0,0,0"
1791506832.549,"B,13276,10,64:d1:54:63:44:f4,91,1,0,0,-89,A,64:d1:54:63:44:f4,1,0,0,0"
1791506832.549,"P,13295,28"
1791506832.549,"P,13296,28"
1791506832.549,"P,13296,1282"
1791506832.549,"P,13297,1282"
1791506832.549,"P,13297,1282"
1791506832.549,"P,13297,546"
1791506832.549,"P,13376,1282"
1791506832.549,"B,13376,10,5c:62:8b:66:67:d2,110,1,5786,9,-49,A,5c:62:8b:66:67:d2,0,1,0,0"
1791506832.549,"B,13376,10,72:3b:01:24:b7:c8,28,1,0,0,-42,S,5c:62:8b:66:67:d2,1,0,0,0"
1791506832.549,"B,13376,10,cc:b8:5e:ad:5c:4a,5730,7,110,1,-47,S,5c:62:8b:66:67:d2,2,1,0,4"
1791506832.549,"B,13376,10,b2:db:ca:e6:29:a6,28,1,0,0,-46,S,5c:62:8b:66:67:d2,1,0,0,0"
1791506832.750,"B,13376,10,b0:a7:b9:23:82:ee,0,0,30,1,-91,A,b0:a7:b9:23:82:ee,0,0,0,0"
1791506832.750,"B,13376,10,f2:51:4e:f8:1a:7f,30,1,0,0,-89,S,b0:a7:b9:23:82:ee,1,0,0,0"
1791506832.750,"P,13376,1282"
1791506832.750,"P,13377,1282"
1791506832.750,"P,13377,1282"
1791506832.750,"P,13377,1282"
1791506832.750,"P,13377,1282"
1791506832.750,"B,13476,10,5c:62:8b:66:67:d2,0,0,6494,8,-51,A,5c:62:8b:66:67:d2,0,0,0,0"
1791506832.750,"B,13476,10,72:3b:01:24:b7:c8,28,1,0,0,-42,S,5c:62:8b:66:67:d2,1,0,0,0"
1791506832.750,"B,13476,10,cc:b8:5e:ad:5c:4a,6410,5,0,0,-47,S,5c:62:8b:66:67:d2,0,0,0,5"
1791506832.750,"B,13476,10,b2:db:ca:e6:29:a6,56,2,0,0,-44,S,5c:62:8b:66:67:d2,2,0,0,0"
1791506832.750,"B,13476,10,78:8c:b5:f5:e7:26,80,1,28,1,-84,A,78:8c:b5:f5:e7:26,1,0,0,0"
1791506832.750,"B,13476,10,00:08:22:24:d6:fb,28,1,0,0,-77,S,78:8c:b5:f5:e7:26,1,0,0,0"
1791506832.750,"P,13481,28"
1791506832.750,"P,13481,1282"
1791506832.750,"P,13481,1282"
1791506832.750,"P,13483,1282"
1791506832.750,"P,13483,1282"
1791506832.750,"P,13483,1282"
1791506832.750,"P,13483,490"
1791506832.750,"P,13485,1282"
1791506832.750,"P,13485,1282"
1791506832.750,"P,13485,1282"
1791506832.750,"P,13485,490"
1791506832.750,"P,13485,1282"
1791506832.750,"P,13485,1282"
1791506832.750,"P,13486,1282"
1791506832.750,"P,13486,490"
1791506832.750,"P,13486,1282"
1791506832.750,"P,13497,1282"
1791506832.750,"P,13497,730"
1791506832.750,"P,13577,1282"
1791506832.750,"B,13576,10,5c:62:8b:66:67:d2,1100,10,20344,25,-45,A,5c:62:8b:66:67:d2,0,10,0,0"
1791506832.750,"B,13576,10,72:3b:01:24:b7:c8,112,4,0,0,-41,S,5c:62:8b:66:67:d2,4,0,0,0"
1791506832.750,"B,13576,10,cc:b8:5e:ad:5c:4a,20176,19,1100,10,-46,S,5c:62:8b:66:67:d2,1,3,1,14"
1791506832.750,"B,13576,10,b2:db:ca:e6:29:a6,56,2,0,0,-44,S,5c:62:8b:66:67:d2,2,0,0,0"
1791506832.750,"P,13577,1282"
1791506832.950,"P,13577,1282"
1791506832.950,"P,13577,1282"
1791506832.950,"P,13577,1282"
1791506832.950,"P,13580,1282"
1791506832.950,"P,13580,1282"
1791506832.950,"P,13582,28"
1791506832.950,"P,13582,202"
1791506832.950,"P,13584,1282"
1791506832.950,"P,13585,1282"
1791506832.950,"P,13585,1282"
1791506832.950,"P,13585,1282"
1791506832.950,"P,13587,982"
1791506832.950,"P,13656,1282"
1791506832.950,"P,13656,1282"
1791506832.950,"P,13656,874"
1791506832.950,"P,13657,874"
1791506832.950,"B,13676,10,5c:62:8b:66:67:d2,846,7,18372,18,-45,A,5c:62:8b:66:67:d2,0,7,0,0"
1791506832.950,"B,13676,10,cc:b8:5e:ad:5c:4a,18344,17,846,7,-46,S,5c:62:8b:66:67:d2,1,1,3,12"
1791506832.950,"B,13676,10,b2:db:ca:e6:29:a6,28,1,0,0,-43,S,5c:62:8b:66:67:d2,1,0,0,0"
1791506832.950,"P,13689,28"
1791506832.950,"P,13690,138"
1791506832.950,"P,13696,1282"
1791506832.950,"P,13696,1282"
1791506832.950,"P,13696,1282"
1791506832.950,"P,13697,1282"
1791506832.950,"B,13776,10,5c:62:8b:66:67:d2,113,1,5686,20,-48,A,5c:62:8b:66:67:d2,0,1,0,0"
1791506832.950,"B,13776,10,72:3b:01:24:b7:c8,336,12,0,0,-41,S,5c:62:8b:66:67:d2,12,0,0,0"
1791506832.950,"B,13776,10,cc:b8:5e:ad:5c:4a,5294,6,113,1,-46,S,5c:62:8b:66:67:d2,1,1,0,4"
1791506832.950,"B,13776,10,b2:db:ca:e6:29:a6,56,2,0,0,-44,S,5c:62:8b:66:67:d2,2,0,0,0"
1791506833.151,"P,13790,550"
1791506833.151,"P,13791,1282"
1791506833.151,"P,13791,1282"
1791506833.151,"P,13791,28"
1791506833.151,"P,13792,1282"
1791506833.151,"P,13792,1282"
1791506833.151,"P,13792,1282"
1791506833.151,"P,13795,1282"
1791506833.151,"P,13796,1282"
1791506833.151,"P,13800,1282"
1791506833.151,"P,13801,1282"
1791506833.151,"P,13801,1062"
1791506833.151,"P,13855,1282"
1791506833.151,"P,13856,1282"
1791506833.151,"P,13856,1282"
1791506833.151,"P,13856,190"
1791506833.151,"P,13861,1282"
1791506833.151,"B,13876,10,5c:62:8b:66:67:d2,6650,17,18524,18,-46,A,5c:62:8b:66:67:d2,0,12,5,0"
1791506833.151,"B,13876,10,72:3b:01:24:b7:c8,0,0,5310,5,0,S,5c:62:8b:66:67:d2,0,0,0,0"
1791506833.151,"B,13876,10,cc:b8:5e:ad:5c:4a,18496,17,1340,12,-46,S,5c:62:8b:66:67:d2,1,2,1,13"
1791506833.151,"B,13876,10,b2:db:ca:e6:29:a6,28,1,0,0,-44,S,5c:62:8b:66:67:d2,1,0,0,0"
1791506833.151,"P,13895,28"
1791506833.151,"P,13896,1282"
1791506833.151,"P,13896,1282"
1791506833.151,"P,13900,1282"
1791506833.151,"P,13901,1282"
1791506833.151,"P,13901,446"
1791506833.151,"P,13976,1282"
1791506833.151,"B,13976,10,5c:62:8b:66:67:d2,330,3,6884,7,-46,A,5c:62:8b:66:67:d2,0,3,0,0"
1791506833.151,"B,13976,10,cc:b8:5e:ad:5c:4a,6884,7,330,3,-46,S,5c:62:8b:66:67:d2,1,1,0,5"
1791506833.151,"P,13976,1282"
1791506833.151,"P,13977,1282"
1791506833.151,"P,13977,1282"
1791506833.151,"P,13977,1282"
1791506833.151,"P,13977,1282"
1791506833.151,"P,13977,1282"
1791506833.151,"P,13982,1282"
1791506833.151,"P,13982,1282"
1791506833.151,"P,13982,1282"
1791506833.351,"P,13986,1282"
1791506833.351,"P,13986,1282"
1791506833.351,"P,13986,1282"
1791506833.351,"P,13986,1282"
1791506833.351,"P,13989,326"
1791506833.351,"P,14059,28"
1791506833.351,"P,14060,1282"
1791506833.351,"P,14060,1282"
1791506833.351,"P,14060,1282"
1791506833.351,"P,14060,1282"
1791506833.351,"P,14060,1282"
1791506833.351,"P,14066,1282"
1791506833.351,"P,14066,1282"
1791506833.351,"P,14066,1282"
1791506833.351,"P,14067,1282"
1791506833.351,"P,14067,230"
1791506833.351,"B,14076,10,5c:62:8b:66:67:d2,1310,12,28910,27,-47,A,5c:62:8b:66:67:d2,0,12,0,0"
1791506833.351,"B,14076,10,cc:b8:5e:ad:5c:4a,28788,25,1210,11,-47,S,5c:62:8b:66:67:d2,1,2,0,22"
1791506833.351,"B,14076,10,46:88:44:6e:4f:e4,122,2,100,1,-30,S,5c:62:8b:66:67:d2,2,0,0,0"
1791506833.351,"P,14098,126"
1791506833.351,"P,14098,1282"
1791506833.351,"P,14098,1282"
1791506833.351,"P,14099,1282"
1791506833.351,"P,14099,1282"
1791506833.351,"P,14101,1282"
1791506833.351,"P,14119,1282"
1791506833.351,"P,14119,1282"
1791506833.351,"P,14120,1282"
1791506833.351,"P,14120,1282"
1791506833.351,"P,14120,1282"
1791506833.351,"P,14120,1282"
1791506833.351,"P,14126,1282"
1791506833.351,"P,14126,1282"
1791506833.351,"P,14127,1282"
1791506833.351,"P,14127,1282"
1791506833.351,"B,14176,10,5c:62:8b:66:67:d2,330,3,19496,21,-48,A,5c:62:8b:66:67:d2,0,3,0,0"
1791506833.351,"B,14176,10,72:3b:01:24:b7:c8,140,5,0,0,-41,S,5c:62:8b:66:67:d2,5,0,0,0"
1791506833.551,"B,14176,10,cc:b8:5e:ad:5c:4a,19356,16,330,3,-47,S,5c:62:8b:66:67:d2,0,1,0,15"
1791506833.551,"P,14204,28"
1791506833.551,"P,14205,1282"
1791506833.551,"P,14205,1282"
1791506833.551,"P,14206,1282"
1791506833.551,"P,14206,1282"
1791506833.551,"P,14207,1282"
1791506833.551,"P,14207,1282"
1791506833.551,"P,14208,1282"
1791506833.551,"P,14208,1282"
1791506833.551,"P,14209,1282"
1791506833.551,"P,14209,1282"
1791506833.551,"P,14209,1282"
1791506833.551,"P,14210,1282"
1791506833.551,"P,14213,1282"
1791506833.551,"P,14214,1282"
1791506833.551,"P,14214,1282"
1791506833.551,"P,14214,1282"
1791506833.551,"P,14215,1282"
1791506833.551,"P,14216,1282"
1791506833.551,"P,14216,1282"
1791506833.551,"P,14216,1282"
1791506833.551,"P,14216,1282"
1791506833.551,"P,14221,1282"
1791506833.551,"P,14222,1282"
1791506833.551,"P,14222,1282"
1791506833.551,"P,14222,1282"
1791506833.551,"P,14223,1282"
1791506833.551,"P,14223,1282"
1791506833.551,"P,14224,1282"
1791506833.551,"P,14224,1282"
1791506833.551,"P,14224,1282"
1791506833.551,"P,14227,1282"
1791506833.551,"P,14227,1282"
1791506833.551,"P,14241,1282"
1791506833.551,"P,14242,1282"
1791506833.551,"P,14242,1282"
1791506833.551,"P,14243,1282"
1791506833.551,"P,14243,1282"
1791506833.551,"P,14243,1282"
1791506833.551,"P,14244,1282"
1791506833.551,"P,14244,1282"
1791506833.551,"P,14245,1282"
1791506833.551,"P,14245,1282"
1791506833.551,"P,14245,1282"
1791506833.551,"P,14245,1282"
1791506833.551,"P,14246,1282"
1791506833.551,"P,14246,1282"
1791506833.551,"P,14246,1282"
1791506833.551,"P,14247,1282"
1791506833.551,"P,14247,1282"
1791506833.551,"P,14247,1282"
1791506833.551,"P,14247,1282"
1791506833.551,"P,14247,1282"
1791506833.551,"B,14276,10,5c:62:8b:66:67:d2,2200,20,66860,59,-46,A,5c:62:8b:66:67:d2,0,20,0,0"
1791506833.551,"B,14276,10,72:3b:01:24:b7:c8,168,6,0,0,-40,S,5c:62:8b:66:67:d2,6,0,0,0"
1791506833.551,"B,14276,10,cc:b8:5e:ad:5c:4a,66692,53,2200,20,-47,S,5c:62:8b:66:67:d2,1,0,0,52"
1791506833.551,"P,14377,28"
1791506833.551,"B,14376,10,5c:62:8b:66:67:d2,660,6,112,4,-46,A,5c:62:8b:66:67:d2,0,6,0,0"
1791506833.551,"B,14376,10,72:3b:01:24:b7:c8,56,2,0,0,-38,S,5c:62:8b:66:67:d2,2,0,0,0"
1791506833.551,"B,14376,10,cc:b8:5e:ad:5c:4a,28,1,660,6,-47,S,5c:62:8b:66:67:d2,1,0,0,0"
1791506833.551,"B,14376,10,b2:db:ca:e6:29:a6,28,1,0,0,-46,S,5c:62:8b:66:67:d2,1,0,0,0"
1791506833.551,"P,14378,28"
1791506833.551,"P,14378,28"
1791506833.551,"P,14378,28"
1791506833.551,"P,14380,28"
1791506833.551,"P,14380,1282"
1791506833.551,"P,14380,1282"
1791506833.551,"P,14381,1282"
1791506833.752,"P,14381,1282"
1791506833.752,"P,14381,1282"
1791506833.752,"P,14381,1282"
1791506833.752,"P,14381,1282"
1791506833.752,"P,14382,1282"
1791506833.752,"P,14382,1282"
1791506833.752,"P,14382,1282"
1791506833.752,"P,14382,1282"
1791506833.752,"P,14382,1282"
1791506833.752,"P,14383,1282"
1791506833.752,"P,14383,1282"
1791506833.752,"P,14383,1282"
1791506833.752,"P,14383,1282"
1791506833.752,"P,14383,1282"
1791506833.752,"P,14383,1282"
1791506833.752,"P,14383,1282"
1791506833.752,"P,14384,1282"
1791506833.752,"P,14384,1282"
1791506833.752,"P,14384,1282"
1791506833.752,"P,14384,1282"
1791506833.752,"P,14384,1282"
1791506833.752,"P,14385,1282"
1791506833.752,"P,14388,1282"
1791506833.752,"P,14389,1282"
1791506833.752,"P,14389,1282"
1791506833.752,"P,14391,1282"
1791506833.752,"P,14391,1282"
1791506833.752,"P,14392,1282"
1791506833.752,"P,14392,1282"
1791506833.752,"P,14392,1282"
1791506833.752,"P,14402,1282"
1791506833.752,"P,14402,1282"
1791506833.752,"P,14402,1282"
1791506833.752,"P,14402,1282"
1791506833.752,"P,14403,1282"
1791506833.752,"P,14403,1282"
1791506833.752,"P,14403,1282"
1791506833.752,"P,14404,1282"
1791506833.752,"P,14404,1282"
1791506833.752,"P,14404,1282"
1791506833.752,"P,14404,1282"
1791506833.752,"P,14404,1282"
1791506833.752,"P,14405,582"
1791506833.752,"P,14406,1282"
1791506833.752,"P,14406,1034"
1791506833.752,"B,14476,10,5c:62:8b:66:67:d2,990,9,60812,56,-46,A,5c:62:8b:66:67:d2,0,9,0,0"
1791506833.752,"B,14476,10,72:3b:01:24:b7:c8,56,2,0,0,-41,S,5c:62:8b:66:67:d2,2,0,0,0"
1791506833.752,"B,14476,10,cc:b8:5e:ad:5c:4a,60700,52,990,9,-46,S,5c:62:8b:66:67:d2,4,1,1,46"
1791506833.752,"B,14476,10,b2:db:ca:e6:29:a6,56,2,0,0,-43,S,5c:62:8b:66:67:d2,2,0,0,0"
1791506833.752,"B,14476,10,b0:a7:b9:23:82:ee,0,0,30,1,-89,A,b0:a7:b9:23:82:ee,0,0,0,0"
1791506833.752,"B,14476,10,f2:51:4e:f8:1a:7f,30,1,0,0,-87,S,b0:a7:b9:23:82:ee,1,0,0,0"
1791506833.752,"P,14508,28"
1791506833.752,"P,14509,1282"
1791506833.752,"P,14509,1282"
1791506833.752,"P,14510,1282"
1791506833.752,"P,14510,1282"
1791506833.752,"P,14511,1282"
1791506833.752,"P,14511,1282"
1791506833.752,"P,14511,146"
1791506833.752,"P,14511,1282"
1791506833.752,"P,14516,1282"
1791506833.752,"P,14516,1282"
1791506833.752,"P,14516,1282"
1791506833.752,"P,14518,846"
1791506833.752,"P,14518,846"
1791506833.752,"P,14518,1282"
1791506833.752,"P,14519,846"
1791506833.752,"P,14519,1282"
1791506833.752,"P,14520,1282"
1791506833.752,"P,14520,1282"
1791506833.752,"P,14520,846"
1791506833.752,"P,14520,1282"
1791506833.752,"P,14523,1282"
1791506833.752,"P,14527,1282"
1791506833.752,"P,14528,1282"
1791506833.752,"P,14528,1282"
1791506833.752,"P,14528,1282"
1791506833.752,"P,14529,1282"
1791506833.752,"P,14529,1282"
1791506833.752,"P,14529,1282"
1791506833.752,"P,14529,1282"
1791506833.752,"P,14530,650"
1791506833.752,"P,14530,1282"
1791506833.752,"P,14530,878"
1791506833.752,"P,14530,1282"
1791506833.752,"P,14531,1282"
1791506833.752,"P,14531,1282"
1791506833.752,"P,14531,1134"
1791506833.752,"B,14576,10,5c:62:8b:66:67:d2,2420,22,42200,40,-46,A,5c:62:8b:66:67:d2,0,22,0,0"
1791506833.752,"B,14576,10,72:3b:01:24:b7:c8,28,1,0,0,-42,S,5c:62:8b:66:67:d2,1,0,0,0"
1791506833.752,"B,14576,10,cc:b8:5e:ad:5c:4a,42116,37,2420,22,-47,S,5c:62:8b:66:67:d2,1,2,6,28"
1791506833.752,"B,14576,10,b2:db:ca:e6:29:a6,56,2,0,0,-45,S,5c:62:8b:66:67:d2,2,0,0,0"
1791506833.752,"P,14579,1282"
1791506833.752,"P,14579,1282"
1791506833.752,"P,14580,1282"
1791506833.752,"P,14580,1282"
1791506833.752,"P,14580,1282"
1791506833.752,"P,14581,1282"
1791506833.752,"P,14581,1282"
1791506833.953,"P,14581,1282"
1791506833.953,"P,14582,1282"
1791506833.953,"P,14582,1282"
1791506833.953,"P,14582,1282"
1791506833.953,"P,14582,1282"
1791506833.953,"P,14583,1282"
1791506833.953,"P,14585,1282"
1791506833.953,"P,14586,1282"
1791506833.953,"P,14586,1282"
1791506833.953,"P,14587,1282"
1791506833.953,"P,14587,1282"
1791506833.953,"P,14587,774"
1791506833.953,"P,14589,1282"
1791506833.953,"P,14591,1282"
1791506833.953,"P,14592,1282"
1791506833.953,"P,14592,1282"
1791506833.953,"P,14592,774"
1791506833.953,"P,14594,1282"
1791506833.953,"P,14594,774"
1791506833.953,"P,14597,1282"
1791506833.953,"P,14601,774"
1791506833.953,"P,14603,774"
1791506833.953,"P,14656,28"
1791506833.953,"P,14656,1282"
1791506833.953,"P,14657,1282"
1791506833.953,"P,14657,430"
1791506833.953,"B,14676,10,5c:62:8b:66:67:d2,550,5,37716,35,-46,A,5c:62:8b:66:67:d2,0,5,0,0"
1791506833.953,"B,14676,10,cc:b8:5e:ad:5c:4a,37660,33,550,5,-44,S,5c:62:8b:66:67:d2,1,1,5,26"
1791506833.953,"B,14676,10,b2:db:ca:e6:29:a6,56,2,0,0,-46,S,5c:62:8b:66:67:d2,2,0,0,0"
1791506833.953,"P,14696,1282"
1791506833.953,"P,14696,1282"
1791506833.953,"P,14696,1282"
1791506833.953,"P,14696,1282"
1791506833.953,"P,14696,674"
1791506833.953,"P,14697,1282"
1791506833.953,"P,14697,1282"
1791506833.953,"P,14697,674"
1791506833.953,"P,14776,28"
1791506833.953,"B,14776,10,5c:62:8b:66:67:d2,220,2,9180,13,-46,A,5c:62:8b:66:67:d2,0,2,0,0"
1791506833.953,"B,14776,10,72:3b:01:24:b7:c8,84,3,0,0,-42,S,5c:62:8b:66:67:d2,3,0,0,0"
1791506833.953,"B,14776,10,cc:b8:5e:ad:5c:4a,9068,9,220,2,-46,S,5c:62:8b:66:67:d2,1,2,0,6"
1791506833.953,"B,14776,10,b2:db:ca:e6:29:a6,28,1,0,0,-43,S,5c:62:8b:66:67:d2,1,0,0,0"
1791506833.953,"P,14777,1282"
1791506833.953,"P,14777,1282"
1791506833.953,"P,14777,1282"
1791506833.953,"P,14777,1282"
1791506833.953,"P,14777,1282"
1791506834.154,"P,14815,1282"
1791506834.154,"P,14815,1282"
1791506834.154,"P,14815,1282"
1791506834.154,"P,14816,550"
1791506834.154,"P,14856,1282"
1791506834.154,"P,14856,1282"
1791506834.154,"P,14856,462"
1791506834.154,"B,14876,10,5c:62:8b:66:67:d2,660,6,13860,13,-46,A,5c:62:8b:66:67:d2,0,6,0,0"
1791506834.154,"B,14876,10,72:3b:01:24:b7:c8,28,1,0,0,-43,S,5c:62:8b:66:67:d2,1,0,0,0"
1791506834.154,"B,14876,10,cc:b8:5e:ad:5c:4a,13832,12,660,6,-47,S,5c:62:8b:66:67:d2,0,2,0,10"
1791506834.154,"P,14895,28"
1791506834.154,"P,14896,1282"
1791506834.154,"P,14896,1282"
1791506834.154,"P,14896,1282"
1791506834.154,"P,14897,598"
1791506834.154,"P,14976,1282"
1791506834.154,"B,14976,10,5c:62:8b:66:67:d2,220,2,5754,6,-46,A,5c:62:8b:66:67:d2,0,2,0,0"
1791506834.154,"B,14976,10,cc:b8:5e:ad:5c:4a,5754,6,220,2,-46,S,5c:62:8b:66:67:d2,1,1,0,4"
1791506834.154,"P,14977,1282"
1791506834.154,"P,14977,1282"
1791506834.154,"P,14977,1282"
1791506834.154,"P,14977,1282"
1791506834.154,"P,14982,1282"
1791506834.355,"P,14987,1282"
1791506834.355,"P,14988,1282"
1791506834.355,"P,14988,1074"
1791506834.355,"P,15056,28"
1791506834.355,"P,15056,1282"
1791506834.355,"P,15056,1282"
1791506834.355,"P,15057,1282"
1791506834.355,"P,15057,1198"
1791506834.355,"B,15076,10,5c:62:8b:66:67:d2,770,7,15232,17,-45,A,5c:62:8b:66:67:d2,0,7,0,0"
1791506834.355,"B,15076,10,72:3b:01:24:b7:c8,112,4,0,0,-41,S,5c:62:8b:66:67:d2,4,0,0,0"
1791506834.355,"B,15076,10,cc:b8:5e:ad:5c:4a,15120,13,770,7,-46,S,5c:62:8b:66:67:d2,1,0,2,10"
1791506834.355,"B,15076,10,b0:a7:b9:23:82:ee,0,0,30,1,-89,A,b0:a7:b9:23:82:ee,0,0,0,0"
1791506834.355,"B,15076,10,f2:51:4e:f8:1a:7f,30,1,0,0,-87,S,b0:a7:b9:23:82:ee,1,0,0,0"
1791506834.355,"I,15081,stat,rx=4903,drops=0,ch=10,bin=100,hop=0,heap=202024"
1791506834.355,"P,15096,1282"
1791506834.355,"P,15096,1282"
1791506834.355,"P,15097,1282"
1791506834.355,"P,15097,1282"
1791506834.355,"P,15097,1282"
1791506834.355,"P,15097,1282"
1791506834.355,"P,15097,730"
1791506834.355,"P,15098,1282"
1791506834.355,"P,15098,1282"
1791506834.355,"P,15098,1282"
1791506834.355,"P,15098,1282"
1791506834.355,"P,15098,730"
1791506834.355,"P,15099,1282"
1791506834.355,"P,15099,1282"
1791506834.355,"P,15099,1282"
1791506834.355,"P,15099,1282"
1791506834.355,"P,15099,730"
1791506834.355,"P,15101,1282"
1791506834.355,"P,15104,1282"
1791506834.355,"P,15105,1282"
1791506834.355,"P,15105,1282"
1791506834.355,"P,15105,730"
1791506834.355,"P,15107,1282"
1791506834.355,"P,15110,1282"
1791506834.355,"P,15114,730"
1791506834.355,"P,15177,28"
1791506834.355,"B,15176,10,5c:62:8b:66:67:d2,220,2,29374,28,-46,A,5c:62:8b:66:67:d2,0,2,0,0"
1791506834.355,"B,15176,10,72:3b:01:24:b7:c8,56,2,0,0,-41,S,5c:62:8b:66:67:d2,2,0,0,0"
1791506834.355,"B,15176,10,cc:b8:5e:ad:5c:4a,29318,26,220,2,-45,S,5c:62:8b:66:67:d2,1,0,5,20"
1791506834.355,"P,15178,1282"
1791506834.355,"P,15178,1282"
1791506834.355,"P,15178,1282"
1791506834.355,"P,15179,1282"
1791506834.355,"P,15179,1282"
1791506834.355,"P,15184,1282"
1791506834.556,"P,15189,1282"
1791506834.556,"P,15189,1282"
1791506834.556,"P,15189,298"
1791506834.556,"P,15191,1282"
1791506834.556,"P,15194,1282"
1791506834.556,"P,15197,1282"
1791506834.556,"P,15200,1282"
1791506834.556,"P,15203,1282"
1791506834.556,"P,15205,1282"
1791506834.556,"P,15206,298"
1791506834.556,"P,15257,1282"
1791506834.556,"P,15257,1282"
1791506834.556,"P,15257,550"
1791506834.556,"B,15276,10,5c:62:8b:66:67:d2,770,7,21798,24,-46,A,5c:62:8b:66:67:d2,0,7,0,0"
1791506834.556,"B,15276,10,72:3b:01:24:b7:c8,140,5,0,0,-41,S,5c:62:8b:66:67:d2,5,0,0,0"
1791506834.556,"B,15276,10,cc:b8:5e:ad:5c:4a,21658,19,770,7,-44,S,5c:62:8b:66:67:d2,0,3,0,16"
1791506834.556,"P,15295,28"
1791506834.556,"P,15296,1282"
1791506834.556,"P,15296,1282"
1791506834.556,"P,15344,954"
1791506834.556,"B,15376,10,5c:62:8b:66:67:d2,330,3,3742,11,-46,A,5c:62:8b:66:67:d2,0,3,0,0"
1791506834.556,"B,15376,10,72:3b:01:24:b7:c8,196,7,0,0,-42,S,5c:62:8b:66:67:d2,7,0,0,0"
1791506834.556,"B,15376,10,cc:b8:5e:ad:5c:4a,3546,4,330,3,-47,S,5c:62:8b:66:67:d2,1,0,1,2"
1791506834.556,"P,15378,1282"
1791506834.556,"P,15378,1282"
1791506834.556,"P,15378,1282"
1791506834.556,"P,15378,1282"
1791506834.556,"P,15378,1282"
1791506834.757,"P,15435,28"
1791506834.757,"P,15435,1282"
1791506834.757,"P,15436,1282"
1791506834.757,"P,15436,902"
1791506834.757,"P,15455,1282"
1791506834.757,"P,15455,1282"
1791506834.757,"P,15455,1282"
1791506834.757,"P,15456,1282"
1791506834.757,"P,15456,1282"
1791506834.757,"P,15457,1282"
1791506834.757,"P,15457,1282"
1791506834.757,"P,15458,1282"
1791506834.757,"P,15458,1282"
1791506834.757,"B,15476,10,5c:62:8b:66:67:d2,330,3,21498,20,-46,A,5c:62:8b:66:67:d2,0,3,0,0"
1791506834.757,"B,15476,10,72:3b:01:24:b7:c8,56,2,0,0,-42,S,5c:62:8b:66:67:d2,2,0,0,0"
1791506834.757,"B,15476,10,cc:b8:5e:ad:5c:4a,21442,18,330,3,-47,S,5c:62:8b:66:67:d2,1,0,1,16"
1791506834.757,"P,15486,1282"
1791506834.757,"P,15486,1282"
1791506834.757,"P,15486,1282"
1791506834.757,"P,15486,1282"
1791506834.757,"P,15486,946"
1791506834.757,"P,15496,1282"
1791506834.757,"P,15496,778"
1791506834.757,"B,15576,10,5c:62:8b:66:67:d2,660,6,8162,8,-46,A,5c:62:8b:66:67:d2,0,6,0,0"
1791506834.757,"B,15576,10,72:3b:01:24:b7:c8,28,1,0,0,-42,S,5c:62:8b:66:67:d2,1,0,0,0"
1791506834.757,"B,15576,10,cc:b8:5e:ad:5c:4a,8134,7,660,6,-47,S,5c:62:8b:66:67:d2,0,0,2,5"
1791506834.757,"P,15577,28"
1791506834.757,"P,15578,1282"
1791506834.757,"P,15578,1282"
1791506834.757,"P,15579,1282"
1791506834.757,"P,15579,1282"
1791506834.757,"P,15579,1282"
1791506834.757,"P,15584,1282"
1791506834.757,"P,15584,950"
1791506834.958,"P,15656,1282"
1791506834.958,"P,15656,1282"
1791506834.958,"P,15657,1282"
1791506834.958,"P,15657,1282"
1791506834.958,"P,15657,1282"
1791506834.958,"P,15657,1282"
1791506834.958,"P,15657,1282"
1791506834.958,"P,15658,1282"
1791506834.958,"P,15658,1282"
1791506834.958,"P,15659,1282"
1791506834.958,"P,15659,1282"
1791506834.958,"P,15661,1282"
1791506834.958,"P,15663,1282"
1791506834.958,"B,15676,10,5c:62:8b:66:67:d2,550,5,25616,31,-46,A,5c:62:8b:66:67:d2,0,5,0,0"
1791506834.958,"B,15676,10,72:3b:01:24:b7:c8,280,10,0,0,-42,S,5c:62:8b:66:67:d2,10,0,0,0"
1791506834.958,"B,15676,10,cc:b8:5e:ad:5c:4a,25336,21,550,5,-45,S,5c:62:8b:66:67:d2,1,0,1,19"
1791506834.958,"P,15742,28"
1791506834.958,"P,15743,1282"
1791506834.958,"P,15743,1282"
1791506834.958,"P,15744,1282"
1791506834.958,"P,15744,1282"
1791506834.958,"P,15744,1166"
1791506834.958,"P,15745,1282"
1791506834.958,"P,15745,710"
1791506834.958,"P,15745,1282"
1791506834.958,"P,15776,1282"
1791506834.958,"B,15776,10,5c:62:8b:66:67:d2,660,6,10962,13,-47,A,5c:62:8b:66:67:d2,0,6,0,0"
1791506834.958,"B,15776,10,72:3b:01:24:b7:c8,84,3,0,0,-42,S,5c:62:8b:66:67:d2,3,0,0,0"
1791506834.958,"B,15776,10,cc:b8:5e:ad:5c:4a,10878,10,660,6,-46,S,5c:62:8b:66:67:d2,1,0,2,7"
1791506834.958,"P,15776,1282"
1791506834.958,"P,15777,1282"
1791506834.958,"P,15777,1282"
1791506834.958,"P,15777,1282"
1791506835.160,"P,15845,28"
1791506835.160,"P,15846,1282"
1791506835.160,"P,15846,130"
1791506835.160,"P,15856,1282"
1791506835.160,"P,15856,1282"
1791506835.160,"P,15857,1282"
1791506835.160,"P,15857,1282"
1791506835.160,"P,15857,1282"
1791506835.160,"P,15857,1282"
1791506835.160,"P,15857,1282"
1791506835.160,"P,15862,1282"
1791506835.160,"P,15862,1282"
1791506835.160,"P,15864,1282"
1791506835.160,"P,15864,1110"
1791506835.160,"B,15876,10,5c:62:8b:66:67:d2,1320,12,20498,18,-47,A,5c:62:8b:66:67:d2,0,12,0,0"
1791506835.160,"B,15876,10,cc:b8:5e:ad:5c:4a,20498,18,1320,12,-46,S,5c:62:8b:66:67:d2,1,1,1,15"
1791506835.160,"P,15896,1282"
1791506835.160,"P,15896,614"
1791506835.160,"P,15976,28"
1791506835.160,"B,15976,10,5c:62:8b:66:67:d2,110,1,2204,13,-48,A,5c:62:8b:66:67:d2,0,1,0,0"
1791506835.160,"B,15976,10,72:3b:01:24:b7:c8,280,10,0,0,-42,S,5c:62:8b:66:67:d2,10,0,0,0"
1791506835.160,"B,15976,10,cc:b8:5e:ad:5c:4a,1924,3,110,1,-46,S,5c:62:8b:66:67:d2,1,1,0,1"
1791506835.160,"B,15976,10,b0:a7:b9:23:82:ee,0,0,30,1,-90,A,b0:a7:b9:23:82:ee,0,0,0,0"
1791506835.160,"B,15976,10,f2:51:4e:f8:1a:7f,30,1,0,0,-91,S,b0:a7:b9:23:82:ee,1,0,0,0"
1791506835.160,"P,15976,1282"
1791506835.160,"P,15976,1282"
1791506835.160,"P,15976,1282"
1791506835.160,"P,15977,1282"
1791506835.160,"P,15977,1282"
1791506835.160,"P,15977,1282"
1791506835.160,"P,15977,1282"
1791506835.160,"P,15977,1282"
1791506835.160,"P,15982,1282"
1791506835.160,"P,15982,502"
1791506835.363,"P,16057,1282"
1791506835.363,"P,16057,1282"
1791506835.363,"P,16058,1282"
1791506835.363,"P,16058,1282"
1791506835.363,"P,16058,1282"
1791506835.363,"P,16061,1282"
1791506835.363,"P,16061,1282"
1791506835.363,"P,16062,1282"
1791506835.363,"P,16063,1282"
1791506835.363,"P,16063,606"
1791506835.363,"P,16064,606"
1791506835.363,"B,16076,10,5c:62:8b:66:67:d2,990,9,24790,21,-47,A,5c:62:8b:66:67:d2,0,9,0,0"
1791506835.363,"B,16076,10,cc:b8:5e:ad:5c:4a,24790,21,990,9,-47,S,5c:62:8b:66:67:d2,0,3,0,18"
1791506835.363,"P,16095,28"
1791506835.363,"P,16096,1282"
1791506835.363,"P,16096,1282"
1791506835.363,"P,16096,126"
1791506835.363,"B,16176,10,5c:62:8b:66:67:d2,220,2,2718,4,-48,A,5c:62:8b:66:67:d2,0,2,0,0"
1791506835.363,"B,16176,10,cc:b8:5e:ad:5c:4a,2718,4,220,2,-46,S,5c:62:8b:66:67:d2,1,1,0,2"
1791506835.363,"P,16176,1282"
1791506835.363,"P,16177,1282"
1791506835.363,"P,16177,1282"
1791506835.363,"P,16177,1282"
1791506835.363,"P,16177,1282"
1791506835.363,"P,16182,1282"
1791506835.363,"P,16182,330"
1791506835.564,"P,16256,28"
1791506835.564,"P,16257,1282"
1791506835.564,"P,16257,1282"
1791506835.564,"P,16257,1282"
1791506835.564,"P,16258,1282"
1791506835.564,"P,16258,1282"
1791506835.564,"P,16259,1282"
1791506835.564,"P,16259,1282"
1791506835.564,"P,16260,1282"
1791506835.564,"P,16260,1282"
1791506835.564,"P,16262,1282"
1791506835.564,"P,16265,1282"
1791506835.564,"P,16267,1282"
1791506835.564,"P,16268,1282"
1791506835.564,"P,16268,1282"
1791506835.564,"P,16269,1282"
1791506835.564,"P,16271,1282"
1791506835.564,"P,16271,1282"
1791506835.564,"P,16271,622"
1791506835.564,"B,16276,10,5c:62:8b:66:67:d2,1100,10,30634,32,-48,A,5c:62:8b:66:67:d2,0,10,0,0"
1791506835.564,"B,16276,10,72:3b:01:24:b7:c8,168,6,0,0,-42,S,5c:62:8b:66:67:d2,6,0,0,0"
1791506835.564,"B,16276,10,cc:b8:5e:ad:5c:4a,30466,26,1100,10,-45,S,5c:62:8b:66:67:d2,1,2,0,23"
1791506835.564,"P,16296,1282"
1791506835.564,"P,16296,650"
1791506835.564,"B,16376,10,5c:62:8b:66:67:d2,110,1,1932,2,-49,A,5c:62:8b:66:67:d2,0,1,0,0"
1791506835.564,"B,16376,10,cc:b8:5e:ad:5c:4a,1932,2,110,1,-47,S,5c:62:8b:66:67:d2,0,1,0,1"
1791506835.564,"P,16376,28"
1791506835.564,"P,16376,1282"
1791506835.564,"P,16376,1282"
1791506835.564,"P,16377,1282"
1791506835.564,"P,16377,1282"
1791506835.564,"P,16377,1282"
1791506835.564,"P,16381,1282"
1791506835.564,"P,16381,402"
1791506835.765,"P,16456,1282"
1791506835.765,"P,16456,1282"
1791506835.765,"P,16457,1282"
1791506835.765,"P,16457,1282"
1791506835.765,"P,16457,1282"
1791506835.765,"P,16461,1282"
1791506835.765,"P,16462,1282"
1791506835.765,"P,16462,1282"
1791506835.765,"P,16463,1282"
1791506835.765,"P,16463,1282"
1791506835.765,"P,16463,1282"
1791506835.765,"P,16463,1282"
1791506835.765,"P,16464,1282"
1791506835.765,"P,16464,1282"
1791506835.765,"P,16464,1282"
1791506835.765,"P,16464,1282"
1791506835.765,"P,16464,1282"
1791506835.765,"P,16464,774"
1791506835.765,"P,16466,1282"
1791506835.765,"P,16467,1282"
1791506835.765,"P,16467,1282"
1791506835.765,"P,16468,1282"
1791506835.765,"P,16468,774"
1791506835.765,"B,16476,10,5c:62:8b:66:67:d2,1176,10,36704,35,-47,A,5c:62:8b:66:67:d2,0,10,0,0"
1791506835.765,"B,16476,10,72:3b:01:24:b7:c8,112,4,0,0,-42,S,5c:62:8b:66:67:d2,4,0,0,0"
1791506835.765,"B,16476,10,cc:b8:5e:ad:5c:4a,36592,31,1176,10,-47,S,5c:62:8b:66:67:d2,1,1,2,27"
1791506835.765,"P,16478,28"
1791506835.765,"P,16478,202"
1791506835.765,"P,16494,1154"
1791506835.765,"P,16576,1282"
1791506835.765,"B,16576,10,5c:62:8b:66:67:d2,0,0,2778,8,-51,A,5c:62:8b:66:67:d2,0,0,0,0"
1791506835.765,"B,16576,10,72:3b:01:24:b7:c8,112,4,0,0,-43,S,5c:62:8b:66:67:d2,4,0,0,0"
1791506835.765,"B,16576,10,cc:b8:5e:ad:5c:4a,2666,4,0,0,-47,S,5c:62:8b:66:67:d2,1,1,1,1"
1791506835.765,"P,16576,1282"
1791506835.765,"P,16577,1282"
1791506835.765,"P,16577,1282"
1791506835.765,"P,16582,28"
1791506835.765,"P,16582,322"
1791506835.969,"P,16656,1282"
1791506835.969,"P,16657,1282"
1791506835.969,"P,16657,1282"
1791506835.969,"P,16657,1282"
1791506835.969,"P,16657,1282"
1791506835.969,"P,16661,1282"
1791506835.969,"P,16661,1022"
1791506835.969,"B,16676,10,5c:62:8b:66:67:d2,660,6,12910,12,-46,A,5c:62:8b:66:67:d2,0,6,0,0"
1791506835.969,"B,16676,10,cc:b8:5e:ad:5c:4a,12910,12,660,6,-46,S,5c:62:8b:66:67:d2,1,1,1,9"
1791506835.969,"P,16696,28"
1791506835.969,"P,16696,1282"
1791506835.969,"P,16696,1282"
1791506835.969,"P,16697,1282"
1791506835.969,"P,16697,1282"
1791506835.969,"P,16697,1282"
1791506835.969,"P,16701,1262"
1791506835.969,"P,16776,1282"
1791506835.969,"B,16776,10,5c:62:8b:66:67:d2,330,3,9150,14,-46,A,5c:62:8b:66:67:d2,0,3,0,0"
1791506835.969,"B,16776,10,72:3b:01:24:b7:c8,168,6,0,0,-41,S,5c:62:8b:66:67:d2,6,0,0,0"
1791506835.969,"B,16776,10,cc:b8:5e:ad:5c:4a,8982,8,330,3,-46,S,5c:62:8b:66:67:d2,1,0,0,7"
1791506835.969,"P,16777,1282"
1791506835.969,"P,16777,1282"
1791506835.969,"P,16778,1282"
1791506835.969,"P,16778,1282"
1791506835.969,"P,16782,1282"
1791506835.969,"P,16782,1282"
1791506835.969,"P,16782,1282"
1791506835.969,"P,16782,1282"
1791506835.969,"P,16783,1282"
1791506835.969,"P,16783,1282"
1791506835.969,"P,16784,282"
1791506836.171,"P,16856,28"
1791506836.171,"P,16856,1282"
1791506836.171,"P,16856,1282"
1791506836.171,"P,16857,1282"
1791506836.171,"P,16857,366"
1791506836.171,"B,16876,10,5c:62:8b:66:67:d2,880,8,17398,18,-46,A,5c:62:8b:66:67:d2,0,8,0,0"
1791506836.171,"B,16876,10,72:3b:01:24:b7:c8,56,2,0,0,-41,S,5c:62:8b:66:67:d2,2,0,0,0"
1791506836.171,"B,16876,10,cc:b8:5e:ad:5c:4a,17342,16,880,8,-46,S,5c:62:8b:66:67:d2,1,2,0,13"
1791506836.171,"P,16896,1282"
1791506836.171,"P,16896,1282"
1791506836.171,"P,16896,1282"
1791506836.171,"P,16897,1282"
1791506836.171,"P,16897,1282"
1791506836.171,"P,16898,1282"
1791506836.171,"P,16900,206"
1791506836.171,"B,16976,10,5c:62:8b:66:67:d2,330,3,7898,7,-47,A,5c:62:8b:66:67:d2,0,3,0,0"
1791506836.171,"B,16976,10,cc:b8:5e:ad:5c:4a,7898,7,330,3,-47,S,5c:62:8b:66:67:d2,0,1,0,6"
1791506836.171,"P,16977,28"
1791506836.171,"P,16978,1282"
1791506836.171,"P,16978,1282"
1791506836.171,"P,16978,1282"
1791506836.171,"P,16978,1282"
1791506836.171,"P,16978,1282"
1791506836.171,"P,16983,1282"
1791506836.171,"P,16984,1282"
1791506836.171,"P,16984,1282"
1791506836.171,"P,16984,1282"
1791506836.171,"P,16985,1282"
1791506836.171,"P,16985,786"
1791506836.371,"P,17057,1282"
1791506836.371,"P,17057,1282"
1791506836.371,"P,17057,1282"
1791506836.371,"P,17057,334"
1791506836.371,"B,17076,10,5c:62:8b:66:67:d2,660,6,17926,20,-47,A,5c:62:8b:66:67:d2,0,6,0,0"
1791506836.371,"B,17076,10,72:3b:01:24:b7:c8,112,4,0,0,-42,S,5c:62:8b:66:67:d2,4,0,0,0"
1791506836.371,"B,17076,10,cc:b8:5e:ad:5c:4a,17814,16,660,6,-46,S,5c:62:8b:66:67:d2,1,1,1,13"
1791506836.371,"B,17076,10,b0:a7:b9:23:82:ee,0,0,30,1,-88,A,b0:a7:b9:23:82:ee,0,0,0,0"
1791506836.371,"B,17076,10,f2:51:4e:f8:1a:7f,30,1,0,0,-89,S,b0:a7:b9:23:82:ee,1,0,0,0"
1791506836.371,"P,17098,28"
1791506836.371,"P,17098,126"
1791506836.371,"P,17098,1282"
1791506836.371,"P,17099,1282"
1791506836.371,"P,17099,1282"
1791506836.371,"P,17099,1282"
1791506836.371,"P,17099,1282"
1791506836.371,"P,17105,1282"
1791506836.371,"P,17106,1282"
1791506836.371,"P,17106,1282"
1791506836.371,"P,17107,1282"
1791506836.371,"P,17107,1282"
1791506836.371,"P,17107,1282"
1791506836.371,"P,17107,1282"
1791506836.371,"P,17107,1282"
1791506836.371,"B,17176,10,5c:62:8b:66:67:d2,550,5,16988,21,-46,A,5c:62:8b:66:67:d2,0,5,0,0"
1791506836.371,"B,17176,10,72:3b:01:24:b7:c8,168,6,0,0,-41,S,5c:62:8b:66:67:d2,6,0,0,0"
1791506836.371,"B,17176,10,cc:b8:5e:ad:5c:4a,16820,15,550,5,-46,S,5c:62:8b:66:67:d2,1,1,0,13"
1791506836.371,"P,17180,1282"
1791506836.371,"P,17180,1282"
1791506836.371,"P,17180,1282"
1791506836.371,"P,17182,1282"
1791506836.371,"P,17182,1282"
1791506836.371,"P,17185,1282"
1791506836.371,"P,17185,1282"
1791506836.371,"P,17186,1282"
1791506836.371,"P,17186,1282"
1791506836.371,"P,17186,1282"
1791506836.371,"P,17186,1282"
1791506836.371,"P,17186,1282"
1791506836.371,"P,17186,1282"
1791506836.371,"P,17187,1282"
1791506836.371,"P,17187,1282"
1791506836.371,"P,17187,1282"
1791506836.371,"P,17202,28"
1791506836.371,"P,17203,1282"
1791506836.371,"P,17203,1282"
1791506836.575,"P,17203,1282"
1791506836.575,"P,17203,1282"
1791506836.575,"P,17203,1282"
1791506836.575,"P,17204,1282"
1791506836.575,"P,17204,1282"
1791506836.575,"P,17205,1282"
1791506836.575,"P,17205,1282"
1791506836.575,"P,17205,1282"
1791506836.575,"P,17205,1282"
1791506836.575,"P,17206,1282"
1791506836.575,"P,17206,1282"
1791506836.575,"P,17206,1282"
1791506836.575,"P,17206,1282"
1791506836.575,"P,17206,1282"
1791506836.575,"P,17206,1282"
1791506836.575,"P,17206,1282"
1791506836.575,"P,17207,1282"
1791506836.575,"P,17207,1282"
1791506836.575,"P,17208,1282"
1791506836.575,"P,17208,1282"
1791506836.575,"P,17208,1282"
1791506836.575,"P,17208,1282"
1791506836.575,"P,17213,1282"
1791506836.575,"P,17213,1282"
1791506836.575,"P,17214,1282"
1791506836.575,"P,17214,1282"
1791506836.575,"P,17215,1282"
1791506836.575,"P,17215,1282"
1791506836.575,"P,17215,1282"
1791506836.575,"P,17216,1282"
1791506836.575,"P,17216,1282"
1791506836.575,"P,17216,1282"
1791506836.575,"P,17216,1282"
1791506836.575,"P,17216,1282"
1791506836.575,"P,17216,1282"
1791506836.575,"P,17217,1282"
1791506836.575,"P,17218,1282"
1791506836.575,"P,17218,1282"
1791506836.575,"P,17218,1282"
1791506836.575,"P,17219,1282"
1791506836.575,"P,17219,1282"
1791506836.575,"P,17219,1282"
1791506836.575,"P,17219,1282"
1791506836.575,"P,17219,1282"
1791506836.575,"P,17219,1282"
1791506836.575,"P,17221,1282"
1791506836.575,"P,17221,1282"
1791506836.575,"P,17221,1282"
1791506836.575,"P,17221,1282"
1791506836.575,"P,17222,1282"
1791506836.575,"P,17222,1282"
1791506836.575,"P,17222,1282"
1791506836.575,"P,17223,1282"
1791506836.575,"P,17223,1282"
1791506836.575,"P,17230,1282"
1791506836.575,"P,17230,1282"
1791506836.575,"P,17230,1282"
1791506836.575,"P,17231,1282"
1791506836.575,"P,17232,1282"
1791506836.575,"P,17232,1282"
1791506836.575,"P,17238,1282"
1791506836.575,"P,17238,1282"
1791506836.575,"P,17238,1282"
1791506836.575,"P,17241,1282"
1791506836.575,"P,17242,1282"
1791506836.575,"P,17242,1282"
1791506836.575,"P,17243,1282"
1791506836.575,"P,17243,1282"
1791506836.575,"P,17243,1282"
1791506836.575,"P,17244,1282"
1791506836.575,"P,17244,1282"
1791506836.575,"P,17244,1282"
1791506836.575,"P,17245,1282"
1791506836.575,"P,17245,1282"
1791506836.575,"P,17245,1282"
1791506836.575,"P,17245,1282"
1791506836.575,"P,17245,1282"
1791506836.575,"P,17246,1282"
1791506836.575,"P,17246,1282"
1791506836.575,"P,17248,1282"
1791506836.575,"P,17249,1282"
1791506836.575,"P,17249,1282"
1791506836.575,"P,17249,1282"
1791506836.575,"P,17249,1282"
1791506836.575,"P,17250,1282"
1791506836.575,"P,17250,1282"
1791506836.575,"P,17250,1282"
1791506836.575,"P,17250,1282"
1791506836.575,"P,17250,1282"
1791506836.575,"P,17250,1282"
1791506836.575,"P,17252,1282"
1791506836.575,"P,17253,1282"
1791506836.575,"P,17253,1282"
1791506836.575,"P,17253,1282"
1791506836.575,"P,17253,1282"
1791506836.575,"P,17254,1282"
1791506836.575,"P,17254,1282"
1791506836.575,"P,17254,1282"
1791506836.575,"P,17254,1282"
1791506836.575,"P,17255,1282"
1791506836.575,"P,17255,570"
1791506836.575,"P,17255,1282"
1791506836.575,"P,17255,1074"
1791506836.575,"P,17256,1282"
1791506836.575,"P,17259,1282"
1791506836.575,"P,17263,1282"
1791506836.575,"P,17263,1282"
1791506836.575,"P,17263,1282"
1791506836.575,"P,17263,1282"
1791506836.575,"P,17264,1282"
1791506836.575,"P,17264,1282"
1791506836.575,"P,17264,570"
1791506836.575,"P,17264,1282"
1791506836.575,"P,17264,1074"
1791506836.575,"P,17264,1282"
1791506836.575,"P,17264,1282"
1791506836.575,"P,17264,1282"
1791506836.575,"P,17264,1282"
1791506836.575,"P,17269,1282"
1791506836.575,"P,17270,714"
1791506836.575,"B,17276,10,5c:62:8b:66:67:d2,4730,43,174592,141,-46,A,5c:62:8b:66:67:d2,0,43,0,0"
1791506836.575,"B,17276,10,72:3b:01:24:b7:c8,56,2,0,0,-42,S,5c:62:8b:66:67:d2,2,0,0,0"
1791506836.575,"B,17276,10,cc:b8:5e:ad:5c:4a,174536,139,4730,43,-46,S,5c:62:8b:66:67:d2,1,2,3,133"
1791506836.575,"P,17300,1282"
1791506836.575,"P,17300,786"
1791506836.575,"P,17375,28"
1791506836.575,"P,17375,1282"
1791506836.575,"B,17376,10,5c:62:8b:66:67:d2,660,6,3434,6,-46,A,5c:62:8b:66:67:d2,0,6,0,0"
1791506836.575,"B,17376,10,72:3b:01:24:b7:c8,56,2,0,0,-44,S,5c:62:8b:66:67:d2,2,0,0,0"
1791506836.575,"B,17376,10,cc:b8:5e:ad:5c:4a,3378,4,660,6,-47,S,5c:62:8b:66:67:d2,1,0,1,2"
1791506836.575,"P,17375,1282"
1791506836.575,"P,17376,1282"
1791506836.575,"P,17377,1282"
1791506836.575,"P,17378,1282"
1791506836.575,"P,17380,1002"
1791506836.776,"P,17456,1282"
1791506836.776,"P,17456,1282"
1791506836.776,"P,17457,1282"
1791506836.776,"P,17457,1282"
1791506836.776,"P,17457,1282"
1791506836.776,"B,17476,10,5c:62:8b:66:67:d2,330,3,12652,14,-47,A,5c:62:8b:66:67:d2,0,3,0,0"
1791506836.776,"B,17476,10,72:3b:01:24:b7:c8,112,4,0,0,-42,S,5c:62:8b:66:67:d2,4,0,0,0"
1791506836.776,"B,17476,10,cc:b8:5e:ad:5c:4a,12540,10,330,3,-47,S,5c:62:8b:66:67:d2,0,0,1,9"
1791506836.776,"B,17476,10,b0:a7:b9:23:82:ee,0,0,30,1,-89,A,b0:a7:b9:23:82:ee,0,0,0,0"
1791506836.776,"B,17476,10,f2:51:4e:f8:1a:7f,30,1,0,0,-91,S,b0:a7:b9:23:82:ee,1,0,0,0"
1791506836.776,"B,17476,10,78:8c:b5:f5:e7:26,80,1,0,0,-84,A,78:8c:b5:f5:e7:26,1,0,0,0"
1791506836.776,"P,17488,28"
1791506836.776,"P,17489,1282"
1791506836.776,"P,17489,1282"
1791506836.776,"P,17489,1282"
1791506836.776,"P,17489,1282"
1791506836.776,"P,17492,438"
1791506836.776,"P,17495,1218"
1791506836.776,"P,17576,1282"
1791506836.776,"B,17576,10,5c:62:8b:66:67:d2,550,5,8178,11,-46,A,5c:62:8b:66:67:d2,0,5,0,0"
1791506836.776,"B,17576,10,72:3b:01:24:b7:c8,84,3,0,0,-42,S,5c:62:8b:66:67:d2,3,0,0,0"
1791506836.776,"B,17576,10,cc:b8:5e:ad:5c:4a,8094,8,550,5,-45,S,5c:62:8b:66:67:d2,1,1,0,6"
1791506836.776,"P,17576,1282"
1791506836.776,"P,17577,1282"
1791506836.776,"P,17577,1282"
1791506836.776,"P,17577,766"
1791506836.776,"P,17577,1282"
1791506836.979,"P,17661,28"
1791506836.979,"P,17661,1282"
1791506836.979,"P,17662,1282"
1791506836.979,"P,17662,1282"
1791506836.979,"P,17662,1282"
1791506836.979,"P,17662,1282"
1791506836.979,"P,17667,1282"
1791506836.979,"P,17667,1266"
1791506836.979,"B,17676,10,5c:62:8b:66:67:d2,770,7,14880,13,-46,A,5c:62:8b:66:67:d2,0,7,0,0"
1791506836.979,"B,17676,10,cc:b8:5e:ad:5c:4a,14880,13,770,7,-46,S,5c:62:8b:66:67:d2,1,0,1,11"
1791506836.979,"P,17695,1282"
1791506836.979,"P,17695,1082"
1791506836.979,"B,17776,10,5c:62:8b:66:67:d2,110,1,2700,14,-48,A,5c:62:8b:66:67:d2,0,1,0,0"
1791506836.979,"B,17776,10,72:3b:01:24:b7:c8,336,12,0,0,-41,S,5c:62:8b:66:67:d2,12,0,0,0"
1791506836.979,"B,17776,10,cc:b8:5e:ad:5c:4a,2364,2,110,1,-47,S,5c:62:8b:66:67:d2,0,0,1,1"
1791506836.979,"P,17777,28"
1791506836.979,"P,17778,1282"
1791506836.979,"P,17778,1282"
1791506836.979,"P,17778,1282"
1791506836.979,"P,17778,1282"
1791506836.979,"P,17778,1282"
1791506836.979,"P,17799,1282"
1791506836.979,"P,17799,1282"
1791506836.979,"P,17799,1274"
1791506837.181,"P,17856,1282"
1791506837.181,"P,17856,1282"
1791506837.181,"P,17856,1282"
1791506837.181,"P,17857,1282"
1791506837.181,"P,17857,1282"
1791506837.181,"P,17857,298"
1791506837.181,"P,17858,1282"
1791506837.181,"P,17858,1282"
1791506837.181,"P,17858,298"
1791506837.181,"P,17858,1282"
1791506837.181,"P,17858,1282"
1791506837.181,"P,17859,298"
1791506837.181,"P,17860,1282"
1791506837.181,"P,17861,1282"
1791506837.181,"P,17861,298"
1791506837.181,"P,17863,1282"
1791506837.181,"P,17864,298"
1791506837.181,"B,17876,10,5c:62:8b:66:67:d2,440,4,27402,35,-46,A,5c:62:8b:66:67:d2,0,4,0,0"
1791506837.181,"B,17876,10,72:3b:01:24:b7:c8,252,9,0,0,-42,S,5c:62:8b:66:67:d2,9,0,0,0"
1791506837.181,"B,17876,10,cc:b8:5e:ad:5c:4a,27150,26,440,4,-45,S,5c:62:8b:66:67:d2,1,5,0,20"
1791506837.181,"P,17901,28"
1791506837.181,"P,17902,1282"
1791506837.181,"P,17902,1282"
1791506837.181,"P,17902,1282"
1791506837.181,"P,17903,1282"
1791506837.181,"P,17903,1130"
1791506837.181,"B,17976,10,5c:62:8b:66:67:d2,550,5,6286,6,-46,A,5c:62:8b:66:67:d2,0,5,0,0"
1791506837.181,"B,17976,10,cc:b8:5e:ad:5c:4a,6286,6,550,5,-46,S,5c:62:8b:66:67:d2,1,0,1,4"
1791506837.181,"P,17979,1282"
1791506837.181,"P,17979,1282"
1791506837.181,"P,17979,1282"
1791506837.181,"P,17979,1282"
1791506837.181,"P,17979,1282"
1791506837.181,"P,17980,1282"
1791506837.181,"P,17984,1282"
1791506837.181,"P,17984,1282"
1791506837.181,"P,17985,1282"
1791506837.181,"P,17985,1282"
1791506837.181,"P,17986,1282"
1791506837.181,"P,17986,1282"
1791506837.181,"P,17986,1282"
1791506837.181,"P,17987,1282"
1791506837.181,"P,17990,378"
1791506837.384,"P,18056,28"
1791506837.384,"P,18056,1282"
1791506837.384,"P,18056,1282"
1791506837.384,"P,18056,262"
1791506837.384,"B,18076,10,5c:62:8b:66:67:d2,660,6,21320,24,-46,A,5c:62:8b:66:67:d2,0,6,0,0"
1791506837.384,"B,18076,10,72:3b:01:24:b7:c8,140,5,0,0,-41,S,5c:62:8b:66:67:d2,5,0,0,0"
1791506837.384,"B,18076,10,cc:b8:5e:ad:5c:4a,21180,19,660,6,-46,S,5c:62:8b:66:67:d2,1,2,0,16"
1791506837.384,"P,18096,1282"
1791506837.384,"P,18096,1282"
1791506837.384,"P,18106,1282"
1791506837.384,"P,18108,1282"
1791506837.384,"P,18108,762"
1791506837.384,"P,18176,28"
1791506837.384,"B,18176,10,5c:62:8b:66:67:d2,330,3,6086,12,-46,A,5c:62:8b:66:67:d2,0,3,0,0"
1791506837.384,"B,18176,10,72:3b:01:24:b7:c8,168,6,0,0,-41,S,5c:62:8b:66:67:d2,6,0,0,0"
1791506837.384,"B,18176,10,cc:b8:5e:ad:5c:4a,5918,6,330,3,-46,S,5c:62:8b:66:67:d2,1,0,1,4"
1791506837.384,"B,18176,10,b0:a7:b9:23:82:ee,0,0,58,2,-88,A,b0:a7:b9:23:82:ee,0,0,0,0"
1791506837.384,"B,18176,10,f2:51:4e:f8:1a:7f,30,1,0,0,-86,S,b0:a7:b9:23:82:ee,1,0,0,0"
1791506837.384,"B,18176,10,80:af:ca:68:4c:f8,104,1,0,0,-87,A,80:af:ca:68:4c:f8,0,1,0,0"
1791506837.384,"B,18176,10,e2:5e:2c:92:7b:df,28,1,0,0,-87,S,b0:a7:b9:23:82:ee,1,0,0,0"
1791506837.384,"P,18177,1282"
1791506837.384,"P,18177,1282"
1791506837.384,"P,18177,1282"
1791506837.384,"P,18177,1282"
1791506837.384,"P,18177,1282"
1791506837.584,"B,18276,10,5c:62:8b:66:67:d2,0,0,6466,7,-49,A,5c:62:8b:66:67:d2,0,0,0,0"
1791506837.584,"B,18276,10,cc:b8:5e:ad:5c:4a,6410,5,0,0,-47,S,5c:62:8b:66:67:d2,0,0,0,5"
1791506837.584,"B,18276,10,b2:db:ca:e6:29:a6,56,2,0,0,-44,S,5c:62:8b:66:67:d2,2,0,0,0"
1791506837.584,"P,18292,28"
1791506837.584,"P,18293,1282"
1791506837.584,"P,18293,1282"
1791506837.584,"P,18293,430"
1791506837.584,"P,18294,1282"
1791506837.584,"P,18294,1282"
1791506837.584,"P,18294,1282"
1791506837.584,"P,18296,546"
1791506837.584,"P,18296,1282"
1791506837.584,"P,18296,1282"
1791506837.584,"P,18297,1282"
1791506837.584,"P,18299,1282"
1791506837.584,"P,18300,1282"
1791506837.584,"P,18300,318"
1791506837.584,"P,18300,1282"
1791506837.584,"B,18376,10,5c:62:8b:66:67:d2,1100,10,15648,23,-46,A,5c:62:8b:66:67:d2,0,10,0,0"
1791506837.584,"B,18376,10,72:3b:01:24:b7:c8,168,6,0,0,-41,S,5c:62:8b:66:67:d2,6,0,0,0"
1791506837.584,"B,18376,10,cc:b8:5e:ad:5c:4a,15424,15,1100,10,-47,S,5c:62:8b:66:67:d2,1,3,0,11"
1791506837.584,"B,18376,10,b2:db:ca:e6:29:a6,56,2,0,0,-45,S,5c:62:8b:66:67:d2,2,0,0,0"
1791506837.584,"P,18376,1282"
1791506837.584,"P,18377,1282"
1791506837.584,"P,18377,1282"
1791506837.584,"P,18377,1282"
1791506837.584,"P,18377,1282"
1791506837.584,"P,18415,28"
1791506837.584,"P,18415,1282"
1791506837.584,"P,18416,1282"
1791506837.787,"P,18417,1282"
1791506837.787,"P,18417,1282"
1791506837.787,"P,18417,1282"
1791506837.787,"P,18418,1282"
1791506837.787,"P,18418,1282"
1791506837.787,"P,18418,126"
1791506837.787,"P,18456,1282"
1791506837.787,"P,18456,1282"
1791506837.787,"P,18456,310"
1791506837.787,"B,18476,10,5c:62:8b:66:67:d2,1210,11,18496,20,-46,A,5c:62:8b:66:67:d2,0,11,0,0"
1791506837.787,"B,18476,10,cc:b8:5e:ad:5c:4a,18412,17,1210,11,-47,S,5c:62:8b:66:67:d2,1,2,0,14"
1791506837.787,"B,18476,10,b2:db:ca:e6:29:a6,84,3,0,0,-45,S,5c:62:8b:66:67:d2,3,0,0,0"
1791506837.787,"P,18496,1282"
1791506837.787,"P,18496,1282"
1791506837.787,"P,18496,1234"
1791506837.787,"P,18576,28"
1791506837.787,"B,18576,10,5c:62:8b:66:67:d2,220,2,3854,5,-46,A,5c:62:8b:66:67:d2,0,2,0,0"
1791506837.787,"B,18576,10,cc:b8:5e:ad:5c:4a,3826,4,220,2,-47,S,5c:62:8b:66:67:d2,1,0,0,3"
1791506837.787,"B,18576,10,b2:db:ca:e6:29:a6,28,1,0,0,-43,S,5c:62:8b:66:67:d2,1,0,0,0"
1791506837.787,"P,18576,28"
1791506837.787,"P,18577,1282"
1791506837.787,"P,18577,1282"
1791506837.787,"P,18577,1282"
1791506837.787,"P,18578,1282"
1791506837.787,"P,18578,1282"
1791506837.787,"P,18579,1282"
1791506837.787,"P,18579,1282"
1791506837.787,"P,18579,1282"
1791506837.787,"P,18579,1282"
1791506837.787,"P,18582,1282"
1791506837.787,"P,18584,1282"
1791506837.787,"P,18585,82"
1791506837.787,"P,18586,82"
1791506837.787,"P,18594,1282"
1791506837.787,"P,18594,978"
1791506837.992,"P,18656,1282"
1791506837.992,"P,18657,1282"
1791506837.992,"P,18657,1282"
1791506837.992,"P,18657,1282"
1791506837.992,"P,18657,1282"
1791506837.992,"B,18676,10,5c:62:8b:66:67:d2,494,5,23188,29,-47,A,5c:62:8b:66:67:d2,2,3,0,0"
1791506837.992,"B,18676,10,72:3b:01:24:b7:c8,168,6,82,1,-41,S,5c:62:8b:66:67:d2,6,0,0,0"
1791506837.992,"B,18676,10,cc:b8:5e:ad:5c:4a,22964,21,412,4,-46,S,5c:62:8b:66:67:d2,3,0,1,17"
1791506837.992,"B,18676,10,b2:db:ca:e6:29:a6,56,2,0,0,-45,S,5c:62:8b:66:67:d2,2,0,0,0"
1791506837.992,"B,18676,10,b0:a7:b9:23:82:ee,0,0,30,1,-91,A,b0:a7:b9:23:82:ee,0,0,0,0"
1791506837.992,"B,18676,10,f2:51:4e:f8:1a:7f,30,1,0,0,-87,S,b0:a7:b9:23:82:ee,1,0,0,0"
1791506837.992,"P,18726,28"
1791506837.992,"P,18726,1282"
1791506837.992,"P,18726,1282"
1791506837.992,"P,18727,1282"
1791506837.992,"P,18728,1282"
1791506837.992,"P,18728,1282"
1791506837.992,"P,18728,1210"
1791506837.992,"P,18728,1182"
1791506837.992,"P,18776,1282"
1791506837.992,"B,18776,10,5c:62:8b:66:67:d2,660,6,10168,11,-46,A,5c:62:8b:66:67:d2,0,6,0,0"
1791506837.992,"B,18776,10,cc:b8:5e:ad:5c:4a,10112,9,660,6,-45,S,5c:62:8b:66:67:d2,1,0,1,7"
1791506837.992,"B,18776,10,b2:db:ca:e6:29:a6,56,2,0,0,-45,S,5c:62:8b:66:67:d2,2,0,0,0"
1791506837.992,"P,18776,1282"
1791506837.992,"P,18776,1282"
1791506837.992,"P,18777,1282"
1791506837.992,"P,18778,754"
1791506838.194,"P,18856,28"
1791506838.194,"P,18857,1282"
1791506838.194,"P,18857,1282"
1791506838.194,"P,18857,1282"
1791506838.194,"P,18857,1282"
1791506838.194,"P,18857,1282"
1791506838.194,"P,18861,1282"
1791506838.194,"P,18862,1282"
1791506838.194,"P,18862,546"
1791506838.194,"B,18876,10,5c:62:8b:66:67:d2,770,7,14204,15,-46,A,5c:62:8b:66:67:d2,0,7,0,0"
1791506838.194,"B,18876,10,cc:b8:5e:ad:5c:4a,14148,13,770,7,-46,S,5c:62:8b:66:67:d2,1,1,1,10"
1791506838.194,"B,18876,10,b2:db:ca:e6:29:a6,56,2,0,0,-46,S,5c:62:8b:66:67:d2,2,0,0,0"
1791506838.194,"P,18895,1282"
1791506838.194,"P,18895,1042"
1791506838.194,"P,18976,28"
1791506838.194,"B,18976,10,5c:62:8b:66:67:d2,110,1,2632,13,-47,A,5c:62:8b:66:67:d2,0,1,0,0"
1791506838.194,"B,18976,10,72:3b:01:24:b7:c8,224,8,0,0,-42,S,5c:62:8b:66:67:d2,8,0,0,0"
1791506838.194,"B,18976,10,cc:b8:5e:ad:5c:4a,2352,3,110,1,-45,S,5c:62:8b:66:67:d2,1,0,1,1"
1791506838.194,"B,18976,10,b2:db:ca:e6:29:a6,56,2,0,0,-45,S,5c:62:8b:66:67:d2,2,0,0,0"
1791506838.194,"P,18977,1282"
1791506838.194,"P,18977,1282"
1791506838.194,"P,18977,1282"
1791506838.194,"P,18977,1282"
1791506838.194,"P,18977,1282"
1791506838.194,"P,18982,1282"
1791506838.194,"P,18983,1282"
1791506838.194,"P,18983,390"
1791506838.194,"P,18984,1282"
1791506838.194,"P,18984,390"
1791506838.194,"P,18984,1282"
1791506838.194,"P,18984,390"
1791506838.194,"P,18985,1282"
1791506838.194,"P,18985,390"
1791506838.194,"P,18987,1282"
1791506838.194,"P,18989,390"
1791506838.399,"P,19057,1282"
1791506838.399,"P,19057,1282"
1791506838.399,"P,19058,1282"
1791506838.399,"P,19058,1282"
1791506838.399,"P,19058,1282"
1791506838.399,"P,19058,1282"
1791506838.399,"P,19058,1282"
1791506838.399,"P,19059,1282"
1791506838.399,"P,19059,1282"
1791506838.399,"P,19059,1282"
1791506838.399,"P,19059,1282"
1791506838.399,"P,19059,1282"
1791506838.399,"P,19060,1282"
1791506838.399,"P,19060,1282"
1791506838.399,"P,19060,1282"
1791506838.399,"P,19060,1282"
1791506838.399,"P,19061,1282"
1791506838.399,"P,19066,1282"
1791506838.399,"P,19066,1282"
1791506838.399,"P,19067,1282"
1791506838.399,"P,19067,1282"
1791506838.399,"P,19067,1282"
1791506838.399,"P,19071,854"
1791506838.399,"B,19076,10,5c:62:8b:66:67:d2,990,9,45166,41,-46,A,5c:62:8b:66:67:d2,0,9,0,0"
1791506838.399,"B,19076,10,cc:b8:5e:ad:5c:4a,45110,39,990,9,-46,S,5c:62:8b:66:67:d2,0,5,1,33"
1791506838.399,"B,19076,10,b2:db:ca:e6:29:a6,56,2,0,0,-46,S,5c:62:8b:66:67:d2,2,0,0,0"
1791506838.399,"P,19096,28"
1791506838.399,"P,19096,1282"
1791506838.399,"P,19096,1250"
1791506838.399,"P,19097,1282"
1791506838.399,"P,19097,1250"
1791506838.399,"P,19098,1282"
1791506838.399,"P,19098,1250"
1791506838.399,"B,19176,10,5c:62:8b:66:67:d2,110,1,7680,9,-47,A,5c:62:8b:66:67:d2,0,1,0,0"
1791506838.399,"B,19176,10,cc:b8:5e:ad:5c:4a,7624,7,110,1,-46,S,5c:62:8b:66:67:d2,1,0,0,6"
1791506838.399,"B,19176,10,b2:db:ca:e6:29:a6,56,2,0,0,-42,S,5c:62:8b:66:67:d2,2,0,0,0"
1791506838.399,"P,19180,1282"
1791506838.399,"P,19180,1282"
1791506838.399,"P,19181,1282"
1791506838.399,"P,19181,1282"
1791506838.399,"P,19185,1282"
1791506838.399,"P,19186,1282"
1791506838.399,"P,19186,1282"
1791506838.399,"P,19187,582"
1791506838.600,"P,19255,28"
1791506838.600,"P,19256,1282"
1791506838.600,"P,19256,1282"
1791506838.600,"P,19256,1282"
1791506838.600,"P,19257,762"
1791506838.600,"B,19276,10,5c:62:8b:66:67:d2,660,6,14500,24,-46,A,5c:62:8b:66:67:d2,0,6,0,0"
1791506838.600,"B,19276,10,72:3b:01:24:b7:c8,224,8,0,0,-41,S,5c:62:8b:66:67:d2,8,0,0,0"
1791506838.600,"B,19276,10,cc:b8:5e:ad:5c:4a,14192,13,660,6,-46,S,5c:62:8b:66:67:d2,1,1,1,10"
1791506838.600,"B,19276,10,b2:db:ca:e6:29:a6,84,3,0,0,-45,S,5c:62:8b:66:67:d2,3,0,0,0"
1791506838.600,"P,19296,1282"
1791506838.600,"P,19296,1282"
1791506838.600,"P,19296,1282"
1791506838.600,"P,19297,1282"
1791506838.600,"P,19297,1282"
1791506838.600,"P,19298,1282"
1791506838.600,"P,19298,1282"
1791506838.600,"P,19298,1282"
1791506838.600,"P,19298,1282"
1791506838.600,"P,19299,1282"
1791506838.600,"P,19299,1282"
1791506838.600,"P,19300,1282"
1791506838.600,"P,19300,1282"
1791506838.600,"P,19300,1282"
1791506838.600,"P,19300,1282"
1791506838.600,"P,19302,1282"
1791506838.600,"P,19305,1282"
1791506838.600,"P,19307,1282"
1791506838.600,"P,19311,1282"
1791506838.600,"P,19336,282"
1791506838.600,"P,19376,28"
1791506838.600,"B,19376,10,5c:62:8b:66:67:d2,330,3,24808,26,-46,A,5c:62:8b:66:67:d2,0,3,0,0"
1791506838.600,"B,19376,10,72:3b:01:24:b7:c8,84,3,0,0,-41,S,5c:62:8b:66:67:d2,3,0,0,0"
1791506838.600,"B,19376,10,cc:b8:5e:ad:5c:4a,24668,21,330,3,-45,S,5c:62:8b:66:67:d2,1,1,0,19"
1791506838.600,"B,19376,10,b2:db:ca:e6:29:a6,56,2,0,0,-46,S,5c:62:8b:66:67:d2,2,0,0,0"
1791506838.600,"P,19377,1282"
1791506838.600,"P,19377,1282"
1791506838.600,"P,19377,1282"
1791506838.600,"P,19377,1282"
1791506838.600,"P,19377,1282"
1791506838.600,"P,19379,202"
1791506838.600,"P,19381,1282"
1791506838.600,"P,19389,1282"
1791506838.600,"P,19392,1282"
1791506838.600,"P,19395,1282"
1791506838.600,"P,19397,1282"
1791506838.600,"P,19399,1282"
1791506838.600,"P,19399,1282"
1791506838.600,"P,19399,778"
1791506838.600,"P,19401,1282"
1791506838.600,"P,19404,1282"
1791506838.600,"P,19406,778"
1791506838.805,"P,19456,1282"
1791506838.805,"P,19457,1282"
1791506838.805,"P,19457,1282"
1791506838.805,"P,19457,310"
1791506838.805,"B,19476,10,5c:62:8b:66:67:d2,1066,9,23974,25,-46,A,5c:62:8b:66:67:d2,0,9,0,0"
1791506838.805,"B,19476,10,72:3b:01:24:b7:c8,84,3,0,0,-42,S,5c:62:8b:66:67:d2,3,0,0,0"
1791506838.805,"B,19476,10,cc:b8:5e:ad:5c:4a,23862,21,1066,9,-44,S,5c:62:8b:66:67:d2,0,2,2,17"
1791506838.805,"B,19476,10,b2:db:ca:e6:29:a6,28,1,0,0,-45,S,5c:62:8b:66:67:d2,1,0,0,0"
1791506838.805,"B,19476,10,b0:a7:b9:23:82:ee,0,0,90,3,-90,A,b0:a7:b9:23:82:ee,0,0,0,0"
1791506838.805,"B,19476,10,f2:51:4e:f8:1a:7f,90,3,0,0,-89,S,b0:a7:b9:23:82:ee,3,0,0,0"
1791506838.805,"P,19496,28"
1791506838.805,"P,19496,28"
1791506838.805,"P,19496,28"
1791506838.805,"P,19497,28"
1791506838.805,"P,19498,28"
1791506838.805,"P,19499,1282"
1791506838.805,"P,19499,1282"
1791506838.805,"P,19499,1282"
1791506838.805,"P,19499,770"
1791506838.805,"P,19500,1282"
1791506838.805,"P,19500,1282"
1791506838.805,"P,19500,1282"
1791506838.805,"P,19500,770"
1791506838.805,"P,19501,1282"
1791506838.805,"P,19501,1282"
1791506838.805,"P,19501,1282"
1791506838.805,"P,19501,770"
1791506838.805,"P,19502,1282"
1791506838.805,"P,19502,1282"
1791506838.805,"P,19502,1282"
1791506838.805,"P,19502,770"
1791506838.805,"P,19504,1282"
1791506838.805,"P,19507,1282"
1791506838.805,"P,19509,1282"
1791506838.805,"P,19512,1282"
1791506838.805,"P,19516,770"
1791506838.805,"P,19577,1282"
1791506838.805,"B,19576,10,5c:62:8b:66:67:d2,220,2,25868,30,-46,A,5c:62:8b:66:67:d2,0,2,0,0"
1791506838.805,"B,19576,10,72:3b:01:24:b7:c8,56,2,0,0,-42,S,5c:62:8b:66:67:d2,2,0,0,0"
1791506838.805,"B,19576,10,cc:b8:5e:ad:5c:4a,25784,27,220,2,-45,S,5c:62:8b:66:67:d2,5,0,5,17"
1791506838.805,"B,19576,10,b2:db:ca:e6:29:a6,28,1,0,0,-46,S,5c:62:8b:66:67:d2,1,0,0,0"
1791506838.805,"B,19576,10,b0:a7:b9:23:82:ee,0,0,30,1,0,A,b0:a7:b9:23:82:ee,0,0,0,0"
1791506838.805,"B,19576,10,f2:51:4e:f8:1a:7f,30,1,0,0,-92,S,b0:a7:b9:23:82:ee,1,0,0,0"
1791506838.805,"P,19577,1282"
1791506838.805,"P,19578,1282"
1791506838.805,"P,19578,1282"
1791506838.805,"P,19578,1282"
1791506838.805,"P,19583,1282"
1791506838.805,"P,19584,1282"
1791506838.805,"P,19584,1282"
1791506838.805,"P,19584,1282"
1791506838.805,"P,19585,1282"
1791506838.805,"P,19585,738"
1791506839.008,"P,19655,28"
1791506839.008,"P,19656,1282"
1791506839.008,"P,19656,1282"
1791506839.008,"P,19657,1282"
1791506839.008,"P,19657,130"
1791506839.008,"B,19676,10,5c:62:8b:66:67:d2,1320,12,16336,17,-46,A,5c:62:8b:66:67:d2,0,12,0,0"
1791506839.008,"B,19676,10,cc:b8:5e:ad:5c:4a,16280,15,1320,12,-47,S,5c:62:8b:66:67:d2,1,1,1,12"
1791506839.008,"B,19676,10,b2:db:ca:e6:29:a6,56,2,0,0,-46,S,5c:62:8b:66:67:d2,2,0,0,0"
1791506839.008,"P,19695,1282"
1791506839.008,"P,19695,1282"
1791506839.008,"P,19695,1282"
1791506839.008,"P,19696,1194"
1791506839.008,"P,19696,1194"
1791506839.008,"P,19697,1194"
1791506839.008,"P,19698,1194"
1791506839.008,"B,19776,10,5c:62:8b:66:67:d2,220,2,8902,17,-47,A,5c:62:8b:66:67:d2,0,2,0,0"
1791506839.008,"B,19776,10,72:3b:01:24:b7:c8,224,8,0,0,-41,S,5c:62:8b:66:67:d2,8,0,0,0"
1791506839.008,"B,19776,10,cc:b8:5e:ad:5c:4a,8622,7,220,2,-48,S,5c:62:8b:66:67:d2,0,0,4,3"
1791506839.008,"B,19776,10,b2:db:ca:e6:29:a6,56,2,0,0,-47,S,5c:62:8b:66:67:d2,2,0,0,0"
1791506839.008,"P,19776,28"
1791506839.008,"P,19777,1282"
1791506839.008,"P,19777,1282"
1791506839.008,"P,19777,1282"
1791506839.008,"P,19777,1282"
1791506839.008,"P,19825,106"
1791506839.213,"P,19852,1282"
1791506839.213,"P,19852,1282"
1791506839.213,"P,19852,1282"
1791506839.213,"P,19853,1282"
1791506839.213,"P,19853,1282"
1791506839.213,"P,19854,1282"
1791506839.213,"P,19854,1282"
1791506839.213,"P,19857,490"
1791506839.213,"P,19858,1282"
1791506839.213,"P,19858,1282"
1791506839.213,"P,19859,1282"
1791506839.213,"P,19860,566"
1791506839.213,"B,19876,10,5c:62:8b:66:67:d2,986,9,19362,26,-46,A,5c:62:8b:66:67:d2,0,9,0,0"
1791506839.213,"B,19876,10,72:3b:01:24:b7:c8,168,6,0,0,-41,S,5c:62:8b:66:67:d2,6,0,0,0"
1791506839.213,"B,19876,10,cc:b8:5e:ad:5c:4a,19138,18,986,9,-47,S,5c:62:8b:66:67:d2,1,3,0,14"
1791506839.213,"B,19876,10,b2:db:ca:e6:29:a6,56,2,0,0,-46,S,5c:62:8b:66:67:d2,2,0,0,0"
1791506839.213,"P,19896,28"
1791506839.213,"P,19897,1282"
1791506839.213,"P,19897,1282"
1791506839.213,"P,19898,1282"
1791506839.213,"P,19898,1282"
1791506839.213,"P,19898,678"
1791506839.213,"P,19976,1282"
1791506839.213,"B,19976,10,5c:62:8b:66:67:d2,330,3,7144,8,-46,A,5c:62:8b:66:67:d2,0,3,0,0"
1791506839.213,"B,19976,10,cc:b8:5e:ad:5c:4a,7116,7,330,3,-47,S,5c:62:8b:66:67:d2,1,1,0,5"
1791506839.213,"B,19976,10,b2:db:ca:e6:29:a6,28,1,0,0,-47,S,5c:62:8b:66:67:d2,1,0,0,0"
1791506839.213,"B,19976,10,b0:a7:b9:23:82:ee,0,0,30,1,-88,A,b0:a7:b9:23:82:ee,0,0,0,0"
1791506839.213,"B,19976,10,f2:51:4e:f8:1a:7f,30,1,0,0,-91,S,b0:a7:b9:23:82:ee,1,0,0,0"
1791506839.213,"P,19977,1282"
1791506839.213,"P,19978,1282"
1791506839.213,"P,19978,1282"
1791506839.213,"P,19978,1282"
1791506839.213,"P,19983,1282"
1791506839.213,"P,19984,1282"
1791506839.213,"P,19984,1282"
1791506839.213,"P,19984,1282"
1791506839.213,"P,19985,1282"
1791506839.213,"P,19985,1282"
1791506839.213,"P,19985,1282"
1791506839.213,"P,19985,658"
1791506839.414,"P,20055,28"
1791506839.414,"P,20056,1282"
1791506839.414,"P,20056,1282"
1791506839.414,"P,20056,1214"
1791506839.414,"B,20076,10,5c:62:8b:66:67:d2,880,8,18678,20,-46,A,5c:62:8b:66:67:d2,0,8,0,0"
1791506839.414,"B,20076,10,72:3b:01:24:b7:c8,112,4,0,0,-41,S,5c:62:8b:66:67:d2,4,0,0,0"
1791506839.414,"B,20076,10,cc:b8:5e:ad:5c:4a,18566,16,880,8,-47,S,5c:62:8b:66:67:d2,1,1,0,14"
1791506839.414,"I,20083,stat,rx=6428,drops=0,ch=10,bin=100,hop=0,heap=202024"
1791506839.414,"P,20102,126"
1791506839.414,"P,20105,1282"
1791506839.414,"P,20106,1282"
1791506839.414,"P,20106,1282"
1791506839.414,"P,20106,1282"
1791506839.414,"P,20106,1282"
1791506839.414,"P,20143,1282"
1791506839.414,"P,20144,1282"
1791506839.414,"P,20144,1282"
1791506839.414,"P,20144,1282"
1791506839.414,"P,20145,1282"
1791506839.414,"P,20150,1282"
1791506839.414,"P,20151,1282"
1791506839.414,"P,20169,28"
1791506839.414,"P,20170,1282"
1791506839.414,"P,20170,1282"
1791506839.414,"P,20170,1282"
1791506839.414,"P,20170,1282"
1791506839.414,"P,20171,1282"
1791506839.414,"P,20171,1282"
1791506839.414,"P,20171,1282"
1791506839.414,"P,20171,1282"
1791506839.414,"P,20171,1282"
1791506839.414,"P,20171,1282"
1791506839.414,"P,20172,1282"
1791506839.414,"P,20172,1282"
1791506839.414,"P,20176,1282"
1791506839.414,"B,20176,10,5c:62:8b:66:67:d2,1238,11,32204,27,-45,A,5c:62:8b:66:67:d2,0,11,0,0"
1791506839.414,"B,20176,10,cc:b8:5e:ad:5c:4a,32204,27,1238,11,-47,S,5c:62:8b:66:67:d2,1,1,0,25"
1791506839.414,"P,20176,1282"
1791506839.414,"P,20176,1282"
1791506839.414,"P,20177,1282"
1791506839.414,"P,20180,1282"
1791506839.414,"P,20180,1282"
1791506839.414,"P,20180,1282"
1791506839.414,"P,20181,1282"
1791506839.414,"P,20181,1282"
1791506839.414,"P,20186,1282"
1791506839.414,"P,20186,1282"
1791506839.414,"P,20189,1282"
1791506839.414,"P,20189,1282"
1791506839.414,"P,20190,1282"
1791506839.414,"P,20190,1282"
1791506839.414,"P,20191,1282"
1791506839.414,"P,20192,1282"
1791506839.414,"P,20192,1282"
1791506839.414,"P,20198,1282"
1791506839.414,"P,20198,1282"
1791506839.414,"P,20198,1282"
1791506839.414,"P,20207,1282"
1791506839.414,"P,20208,1282"
1791506839.414,"P,20208,1282"
1791506839.414,"P,20208,1282"
1791506839.414,"P,20208,1282"
1791506839.414,"P,20209,1282"
1791506839.414,"P,20210,1282"
1791506839.414,"P,20210,1282"
1791506839.414,"P,20210,1282"
1791506839.414,"P,20211,1282"
1791506839.414,"P,20214,1282"
1791506839.414,"P,20214,1282"
1791506839.414,"P,20215,1282"
1791506839.414,"P,20215,1282"
1791506839.414,"P,20217,1282"
1791506839.414,"P,20218,1282"
1791506839.414,"P,20218,1282"
1791506839.414,"P,20218,1282"
1791506839.414,"P,20219,1282"
1791506839.414,"P,20219,1282"
1791506839.414,"P,20219,1282"
1791506839.414,"P,20219,1282"
1791506839.414,"P,20220,1282"
1791506839.414,"P,20220,1282"
1791506839.414,"P,20220,1282"
1791506839.414,"P,20220,1282"
1791506839.414,"P,20220,1282"
1791506839.414,"P,20221,1282"
1791506839.414,"P,20221,1282"
1791506839.414,"P,20221,1282"
1791506839.414,"P,20221,1282"
1791506839.414,"P,20221,1282"
1791506839.414,"P,20223,1282"
1791506839.414,"P,20224,1282"
1791506839.414,"P,20225,1282"
1791506839.414,"P,20225,1282"
1791506839.414,"P,20225,1282"
1791506839.414,"P,20225,1282"
1791506839.414,"P,20225,1282"
1791506839.414,"P,20226,1282"
1791506839.414,"P,20226,1282"
1791506839.414,"P,20226,1282"
1791506839.414,"P,20231,1282"
1791506839.414,"P,20231,1282"
1791506839.414,"P,20232,1282"
1791506839.414,"P,20232,1282"
1791506839.414,"P,20245,1282"
1791506839.618,"P,20246,1282"
1791506839.618,"P,20246,1282"
1791506839.618,"P,20246,1282"
1791506839.618,"P,20248,1282"
1791506839.618,"P,20248,1282"
1791506839.618,"P,20248,1282"
1791506839.618,"P,20248,1282"
1791506839.618,"P,20249,1282"
1791506839.618,"P,20249,1282"
1791506839.618,"P,20249,1282"
1791506839.618,"P,20256,1282"
1791506839.618,"P,20257,1282"
1791506839.618,"P,20257,1282"
1791506839.618,"P,20258,1282"
1791506839.618,"P,20258,1282"
1791506839.618,"P,20259,1282"
1791506839.618,"P,20259,1282"
1791506839.618,"P,20259,1282"
1791506839.618,"P,20260,1282"
1791506839.618,"P,20260,1282"
1791506839.618,"P,20260,1282"
1791506839.618,"P,20261,1282"
1791506839.618,"P,20263,1282"
1791506839.618,"P,20264,1282"
1791506839.618,"P,20264,1282"
1791506839.618,"P,20265,1282"
1791506839.618,"P,20265,1282"
1791506839.618,"P,20265,1282"
1791506839.618,"P,20265,1282"
1791506839.618,"P,20268,1282"
1791506839.618,"P,20268,1282"
1791506839.618,"P,20268,294"
1791506839.618,"P,20268,1282"
1791506839.618,"P,20269,1282"
1791506839.618,"P,20269,1246"
1791506839.618,"P,20270,1282"
1791506839.618,"P,20270,1282"
1791506839.618,"P,20270,1282"
1791506839.618,"P,20270,1282"
1791506839.618,"B,20276,10,5c:62:8b:66:67:d2,4070,37,134952,109,-45,A,5c:62:8b:66:67:d2,0,37,0,0"
1791506839.618,"B,20276,10,cc:b8:5e:ad:5c:4a,134868,106,4070,37,-47,S,5c:62:8b:66:67:d2,0,1,0,105"
1791506839.618,"B,20276,10,b2:db:ca:e6:29:a6,84,3,0,0,-46,S,5c:62:8b:66:67:d2,3,0,0,0"
1791506839.618,"P,20281,28"
1791506839.618,"P,20282,1282"
1791506839.618,"P,20283,1282"
1791506839.618,"P,20283,258"
1791506839.618,"P,20298,1282"
1791506839.618,"P,20298,1282"
1791506839.618,"P,20298,246"
1791506839.618,"P,20376,1282"
1791506839.618,"B,20376,10,5c:62:8b:66:67:d2,770,7,7110,14,-45,A,5c:62:8b:66:67:d2,0,7,0,0"
1791506839.618,"B,20376,10,72:3b:01:24:b7:c8,112,4,0,0,-42,S,5c:62:8b:66:67:d2,4,0,0,0"
1791506839.618,"B,20376,10,cc:b8:5e:ad:5c:4a,6942,8,770,7,-47,S,5c:62:8b:66:67:d2,1,2,0,5"
1791506839.618,"B,20376,10,b2:db:ca:e6:29:a6,56,2,0,0,-45,S,5c:62:8b:66:67:d2,2,0,0,0"
1791506839.618,"B,20376,10,b0:a7:b9:23:82:ee,0,0,30,1,-90,A,b0:a7:b9:23:82:ee,0,0,0,0"
1791506839.618,"B,20376,10,f2:51:4e:f8:1a:7f,30,1,0,0,-89,S,b0:a7:b9:23:82:ee,1,0,0,0"
1791506839.618,"P,20376,1282"
1791506839.618,"P,20377,1282"
1791506839.618,"P,20377,1282"
1791506839.618,"P,20377,1282"
1791506839.618,"P,20377,1282"
1791506839.618,"P,20377,1282"
1791506839.618,"P,20381,1282"
1791506839.618,"P,20382,458"
1791506839.822,"P,20454,28"
1791506839.822,"P,20455,1282"
1791506839.822,"P,20455,1282"
1791506839.822,"P,20455,1282"
1791506839.822,"P,20456,1282"
1791506839.822,"P,20456,1282"
1791506839.822,"P,20466,558"
1791506839.822,"B,20476,10,5c:62:8b:66:67:d2,660,6,16512,18,-46,A,5c:62:8b:66:67:d2,0,6,0,0"
1791506839.822,"B,20476,10,72:3b:01:24:b7:c8,56,2,0,0,-42,S,5c:62:8b:66:67:d2,2,0,0,0"
1791506839.822,"B,20476,10,cc:b8:5e:ad:5c:4a,16428,15,660,6,-48,S,5c:62:8b:66:67:d2,1,2,0,12"
1791506839.822,"B,20476,10,b2:db:ca:e6:29:a6,28,1,0,0,-46,S,5c:62:8b:66:67:d2,1,0,0,0"
1791506839.822,"B,20476,10,78:8c:b5:f5:e7:26,80,1,0,0,-86,A,78:8c:b5:f5:e7:26,1,0,0,0"
1791506839.822,"P,20497,1282"
1791506839.822,"P,20497,1282"
1791506839.822,"P,20497,1282"
1791506839.822,"P,20498,1282"
1791506839.822,"P,20498,1282"
1791506839.822,"P,20502,1282"
1791506839.822,"P,20502,226"
1791506839.822,"B,20576,10,5c:62:8b:66:67:d2,1320,12,7946,8,-45,A,5c:62:8b:66:67:d2,0,12,0,0"
1791506839.822,"B,20576,10,cc:b8:5e:ad:5c:4a,7918,7,1320,12,-48,S,5c:62:8b:66:67:d2,0,1,0,6"
1791506839.822,"B,20576,10,b2:db:ca:e6:29:a6,28,1,0,0,-46,S,5c:62:8b:66:67:d2,1,0,0,0"
1791506839.822,"P,20577,28"
1791506839.822,"P,20578,1282"
1791506839.822,"P,20578,1282"
1791506839.822,"P,20578,1282"
1791506839.822,"P,20579,1282"
1791506839.822,"P,20579,938"
1791506840.023,"B,20676,10,5c:62:8b:66:67:d2,110,1,6290,13,-48,A,5c:62:8b:66:67:d2,0,1,0,0"
1791506840.023,"B,20676,10,72:3b:01:24:b7:c8,140,5,0,0,-42,S,5c:62:8b:66:67:d2,5,0,0,0"
1791506840.023,"B,20676,10,cc:b8:5e:ad:5c:4a,6094,6,110,1,-48,S,5c:62:8b:66:67:d2,1,0,1,4"
1791506840.023,"B,20676,10,b2:db:ca:e6:29:a6,56,2,0,0,-46,S,5c:62:8b:66:67:d2,2,0,0,0"
1791506840.023,"B,20676,10,cc:d8:43:ca:9f:eb,0,0,60,2,-75,A,cc:d8:43:ca:9f:eb,0,0,0,0"
1791506840.023,"B,20676,10,78:8c:b5:f5:e7:26,676,2,0,0,-86,A,78:8c:b5:f5:e7:26,0,2,0,0"
1791506840.023,"B,20676,10,98:5f:41:bf:7c:ff,60,2,0,0,-70,S,cc:d8:43:ca:9f:eb,2,0,0,0"
1791506840.023,"P,20677,1282"
1791506840.023,"P,20678,1282"
1791506840.023,"P,20679,28"
1791506840.023,"P,20679,1282"
1791506840.023,"P,20679,1282"
1791506840.023,"P,20681,1282"
1791506840.023,"P,20681,1282"
1791506840.023,"P,20681,1282"
1791506840.023,"P,20681,1282"
1791506840.023,"P,20682,150"
1791506840.023,"P,20696,1282"
1791506840.023,"P,20696,258"
1791506840.023,"P,20697,1282"
1791506840.023,"P,20697,258"
1791506840.023,"P,20698,1282"
1791506840.023,"P,20698,258"
1791506840.023,"P,20698,1282"
1791506840.023,"P,20698,258"
1791506840.023,"P,20700,1282"
1791506840.023,"P,20701,258"
1791506840.023,"P,20776,1282"
1791506840.023,"B,20776,10,5c:62:8b:66:67:d2,3976,20,19472,23,-48,A,5c:62:8b:66:67:d2,0,20,0,0"
1791506840.023,"B,20776,10,72:3b:01:24:b7:c8,0,0,3096,12,0,S,5c:62:8b:66:67:d2,0,0,0,0"
1791506840.023,"B,20776,10,cc:b8:5e:ad:5c:4a,19416,21,880,8,-47,S,5c:62:8b:66:67:d2,1,6,0,14"
1791506840.023,"B,20776,10,b2:db:ca:e6:29:a6,56,2,0,0,-46,S,5c:62:8b:66:67:d2,2,0,0,0"
1791506840.023,"P,20776,1282"
1791506840.023,"P,20776,1282"
1791506840.023,"P,20777,1282"
1791506840.023,"P,20777,654"
1791506840.224,"P,20856,28"
1791506840.224,"P,20857,1282"
1791506840.224,"P,20857,1282"
1791506840.224,"P,20857,1282"
1791506840.224,"P,20857,1282"
1791506840.224,"P,20857,1282"
1791506840.224,"B,20876,10,5c:62:8b:66:67:d2,220,2,10994,12,-46,A,5c:62:8b:66:67:d2,0,2,0,0"
1791506840.224,"B,20876,10,72:3b:01:24:b7:c8,28,1,0,0,-43,S,5c:62:8b:66:67:d2,1,0,0,0"
1791506840.224,"B,20876,10,cc:b8:5e:ad:5c:4a,10938,10,220,2,-47,S,5c:62:8b:66:67:d2,1,1,0,8"
1791506840.224,"B,20876,10,b2:db:ca:e6:29:a6,28,1,0,0,-46,S,5c:62:8b:66:67:d2,1,0,0,0"
1791506840.224,"B,20876,10,78:8c:b5:f5:e7:26,128,1,0,0,-85,A,78:8c:b5:f5:e7:26,0,1,0,0"
1791506840.224,"B,20976,10,5c:62:8b:66:67:d2,0,0,112,4,-50,A,5c:62:8b:66:67:d2,0,0,0,0"
1791506840.224,"B,20976,10,72:3b:01:24:b7:c8,28,1,0,0,-42,S,5c:62:8b:66:67:d2,1,0,0,0"
1791506840.224,"B,20976,10,b2:db:ca:e6:29:a6,84,3,0,0,-47,S,5c:62:8b:66:67:d2,3,0,0,0"
1791506840.224,"P,20982,28"
1791506840.224,"P,20983,1282"
1791506840.224,"P,20983,1282"
1791506840.224,"P,20988,1282"
1791506840.224,"P,20988,254"
1791506840.224,"P,20989,1282"
1791506840.224,"P,20989,1282"
1791506840.224,"P,20989,534"
1791506840.224,"P,20989,1282"
1791506840.224,"P,20989,1282"
1791506840.224,"P,20989,254"
1791506840.224,"P,20990,1282"
1791506840.224,"P,20990,1282"
1791506840.224,"P,20990,534"
1791506840.224,"P,20990,1282"
1791506840.224,"P,20990,1282"
1791506840.224,"P,20990,1282"
1791506840.224,"P,20991,1282"
1791506840.224,"P,20991,1282"
1791506840.224,"P,20991,1282"
1791506840.224,"P,20991,254"
1791506840.224,"P,20991,1282"
1791506840.224,"P,20991,1282"
1791506840.224,"P,20993,1282"
1791506840.224,"P,20993,1282"
1791506840.224,"P,20993,1282"
1791506840.224,"P,20993,1282"
1791506840.224,"P,20993,1282"
1791506840.224,"P,20996,1282"
1791506840.224,"P,20996,1282"
1791506840.224,"P,20997,1282"
1791506840.224,"P,20997,810"
1791506840.425,"P,21056,1282"
1791506840.425,"P,21056,1282"
1791506840.425,"P,21057,1282"
1791506840.425,"P,21057,1282"
1791506840.425,"P,21057,1282"
1791506840.425,"B,21076,10,5c:62:8b:66:67:d2,1320,12,41240,41,-45,A,5c:62:8b:66:67:d2,0,12,0,0"
1791506840.425,"B,21076,10,72:3b:01:24:b7:c8,56,2,0,0,-41,S,5c:62:8b:66:67:d2,2,0,0,0"
1791506840.425,"B,21076,10,cc:b8:5e:ad:5c:4a,41128,37,1320,12,-47,S,5c:62:8b:66:67:d2,1,5,1,30"
1791506840.425,"B,21076,10,b2:db:ca:e6:29:a6,56,2,0,0,-47,S,5c:62:8b:66:67:d2,2,0,0,0"
1791506840.425,"B,21076,10,78:8c:b5:f5:e7:26,384,1,0,0,-84,A,78:8c:b5:f5:e7:26,0,1,0,0"
1791506840.425,"P,21086,28"
1791506840.425,"P,21086,614"
1791506840.425,"P,21096,1282"
1791506840.425,"P,21097,1282"
1791506840.425,"P,21097,1282"
1791506840.425,"P,21097,1282"
1791506840.425,"P,21098,1282"
1791506840.425,"P,21101,1282"
1791506840.425,"P,21101,1282"
1791506840.425,"P,21101,286"
1791506840.425,"P,21176,1282"
1791506840.425,"B,21176,10,5c:62:8b:66:67:d2,770,7,11296,15,-45,A,5c:62:8b:66:67:d2,0,7,0,0"
1791506840.425,"B,21176,10,72:3b:01:24:b7:c8,56,2,0,0,-42,S,5c:62:8b:66:67:d2,2,0,0,0"
1791506840.425,"B,21176,10,cc:b8:5e:ad:5c:4a,11184,11,770,7,-47,S,5c:62:8b:66:67:d2,1,2,0,8"
1791506840.425,"B,21176,10,b2:db:ca:e6:29:a6,56,2,0,0,-48,S,5c:62:8b:66:67:d2,2,0,0,0"
1791506840.425,"P,21176,1282"
1791506840.425,"P,21177,1282"
1791506840.425,"P,21177,1282"
1791506840.425,"P,21177,1282"
1791506840.425,"P,21177,1282"
1791506840.425,"P,21178,1282"
1791506840.425,"P,21178,1282"
1791506840.425,"P,21179,1282"
1791506840.425,"P,21179,1282"
1791506840.425,"P,21188,28"
1791506840.425,"P,21188,1282"
1791506840.425,"P,21188,214"
1791506840.425,"P,21256,1282"
1791506840.625,"P,21257,1282"
1791506840.625,"P,21257,1282"
1791506840.625,"P,21257,1282"
1791506840.625,"P,21258,1282"
1791506840.625,"P,21260,1282"
1791506840.625,"P,21261,958"
1791506840.625,"B,21276,10,5c:62:8b:66:67:d2,990,9,21796,22,-45,A,5c:62:8b:66:67:d2,0,9,0,0"
1791506840.625,"B,21276,10,cc:b8:5e:ad:5c:4a,21712,19,990,9,-47,S,5c:62:8b:66:67:d2,1,1,1,16"
1791506840.625,"B,21276,10,b2:db:ca:e6:29:a6,84,3,0,0,-46,S,5c:62:8b:66:67:d2,3,0,0,0"
1791506840.625,"P,21296,28"
1791506840.625,"P,21296,1282"
1791506840.625,"P,21296,1282"
1791506840.625,"P,21297,1282"
1791506840.625,"P,21297,1282"
1791506840.625,"P,21297,598"
1791506840.625,"P,21297,1282"
1791506840.625,"P,21297,1282"
1791506840.625,"P,21298,1282"
1791506840.625,"P,21298,598"
1791506840.625,"B,21376,10,5c:62:8b:66:67:d2,220,2,10282,13,-46,A,5c:62:8b:66:67:d2,0,2,0,0"
1791506840.625,"B,21376,10,72:3b:01:24:b7:c8,56,2,0,0,-42,S,5c:62:8b:66:67:d2,2,0,0,0"
1791506840.625,"B,21376,10,cc:b8:5e:ad:5c:4a,10198,10,220,2,-47,S,5c:62:8b:66:67:d2,1,2,0,7"
1791506840.625,"B,21376,10,b2:db:ca:e6:29:a6,28,1,0,0,-46,S,5c:62:8b:66:67:d2,1,0,0,0"
1791506840.625,"B,21376,10,78:8c:b5:f5:e7:26,371,2,0,0,-87,A,78:8c:b5:f5:e7:26,0,2,0,0"
1791506840.625,"P,21377,1282"
1791506840.625,"P,21377,1282"
1791506840.625,"P,21377,1282"
1791506840.625,"P,21378,1282"
1791506840.625,"P,21378,1282"
1791506840.625,"P,21378,1282"
1791506840.625,"P,21378,1282"
1791506840.625,"P,21378,1282"
1791506840.625,"P,21378,1282"
1791506840.625,"P,21379,1282"
1791506840.625,"P,21381,1282"
1791506840.625,"P,21397,1282"
1791506840.625,"P,21397,1282"
1791506840.625,"P,21397,1282"
1791506840.625,"P,21397,1282"
1791506840.625,"P,21398,28"
1791506840.625,"P,21399,1282"
1791506840.625,"P,21399,1282"
1791506840.625,"P,21399,1282"
1791506840.625,"P,21399,982"
1791506840.625,"P,21400,1282"
1791506840.625,"P,21400,1282"
1791506840.625,"P,21400,1282"
1791506840.625,"P,21401,982"
1791506840.625,"P,21456,1282"
1791506840.625,"P,21456,1282"
1791506840.625,"P,21456,1282"
1791506840.825,"P,21457,1282"
1791506840.825,"P,21457,118"
1791506840.825,"B,21476,10,5c:62:8b:66:67:d2,660,6,34356,36,-45,A,5c:62:8b:66:67:d2,0,6,0,0"
1791506840.825,"B,21476,10,72:3b:01:24:b7:c8,140,5,0,0,-41,S,5c:62:8b:66:67:d2,5,0,0,0"
1791506840.825,"B,21476,10,cc:b8:5e:ad:5c:4a,34160,29,660,6,-47,S,5c:62:8b:66:67:d2,1,1,2,25"
1791506840.825,"B,21476,10,b2:db:ca:e6:29:a6,56,2,0,0,-46,S,5c:62:8b:66:67:d2,2,0,0,0"
1791506840.825,"B,21476,10,78:8c:b5:f5:e7:26,80,1,0,0,-85,A,78:8c:b5:f5:e7:26,1,0,0,0"
1791506840.825,"P,21496,1282"
1791506840.825,"P,21499,28"
1791506840.825,"P,21499,1282"
1791506840.825,"P,21499,1282"
1791506840.825,"P,21499,1282"
1791506840.825,"P,21501,1074"
1791506840.825,"P,21501,1074"
1791506840.825,"P,21502,1074"
1791506840.825,"P,21504,1074"
1791506840.825,"P,21576,1282"
1791506840.825,"B,21576,10,5c:62:8b:66:67:d2,550,5,10734,10,-45,A,5c:62:8b:66:67:d2,0,5,0,0"
1791506840.825,"B,21576,10,cc:b8:5e:ad:5c:4a,10734,10,550,5,-47,S,5c:62:8b:66:67:d2,1,0,4,5"
1791506840.825,"B,21576,10,78:8c:b5:f5:e7:26,819,3,0,0,-85,A,78:8c:b5:f5:e7:26,0,3,0,0"
1791506840.825,"P,21577,1282"
1791506840.825,"P,21577,1282"
1791506840.825,"P,21577,1282"
1791506840.825,"P,21578,1282"
1791506840.825,"P,21579,1282"
1791506840.825,"P,21579,1282"
1791506840.825,"P,21579,1282"
1791506840.825,"P,21579,1282"
1791506840.825,"P,21582,1282"
1791506840.825,"P,21583,1282"
1791506840.825,"P,21583,1282"
1791506840.825,"P,21583,1282"
1791506840.825,"P,21584,1282"
1791506840.825,"P,21584,1230"
1791506840.825,"P,21656,28"
1791506840.825,"P,21656,1282"
1791506840.825,"P,21656,1282"
1791506840.825,"P,21657,1282"
1791506840.825,"P,21657,702"
1791506841.026,"B,21676,10,5c:62:8b:66:67:d2,550,5,22640,25,-46,A,5c:62:8b:66:67:d2,0,5,0,0"
1791506841.026,"B,21676,10,72:3b:01:24:b7:c8,112,4,0,0,-41,S,5c:62:8b:66:67:d2,4,0,0,0"
1791506841.026,"B,21676,10,cc:b8:5e:ad:5c:4a,22472,19,550,5,-48,S,5c:62:8b:66:67:d2,1,0,1,17"
1791506841.026,"B,21676,10,b2:db:ca:e6:29:a6,56,2,0,0,-46,S,5c:62:8b:66:67:d2,2,0,0,0"
1791506841.026,"B,21676,10,78:8c:b5:f5:e7:26,292,1,0,0,-86,A,78:8c:b5:f5:e7:26,0,1,0,0"
1791506841.026,"P,21696,1282"
1791506841.026,"P,21704,1282"
1791506841.026,"P,21704,1282"
1791506841.026,"P,21704,1282"
1791506841.026,"P,21705,678"
1791506841.026,"P,21776,28"
1791506841.026,"B,21776,10,5c:62:8b:66:67:d2,440,4,6002,12,-46,A,5c:62:8b:66:67:d2,0,4,0,0"
1791506841.026,"B,21776,10,72:3b:01:24:b7:c8,140,5,0,0,-41,S,5c:62:8b:66:67:d2,5,0,0,0"
1791506841.026,"B,21776,10,cc:b8:5e:ad:5c:4a,5834,6,440,4,-46,S,5c:62:8b:66:67:d2,1,1,0,4"
1791506841.026,"B,21776,10,b2:db:ca:e6:29:a6,28,1,0,0,-47,S,5c:62:8b:66:67:d2,1,0,0,0"
1791506841.026,"P,21777,1282"
1791506841.026,"P,21777,1282"
1791506841.026,"P,21777,1282"
1791506841.026,"P,21777,1282"
1791506841.026,"P,21777,1282"
1791506841.026,"P,21807,1282"
1791506841.026,"P,21807,1282"
1791506841.026,"P,21807,1282"
1791506841.026,"P,21808,1282"
1791506841.026,"P,21808,1282"
1791506841.026,"P,21808,1282"
1791506841.026,"P,21809,1282"
1791506841.026,"P,21809,426"
1791506841.026,"P,21809,1282"
1791506841.026,"P,21809,1282"
1791506841.026,"P,21809,1282"
1791506841.026,"P,21809,1282"
1791506841.026,"P,21810,1282"
1791506841.026,"P,21810,1282"
1791506841.026,"P,21810,1282"
1791506841.026,"P,21810,1282"
1791506841.026,"P,21856,1282"
1791506841.026,"P,21857,1282"
1791506841.026,"P,21857,1282"
1791506841.026,"P,21857,1002"
1791506841.230,"P,21858,1282"
1791506841.230,"P,21858,1282"
1791506841.230,"P,21858,1002"
1791506841.230,"P,21859,1282"
1791506841.230,"P,21859,1282"
1791506841.230,"P,21859,1002"
1791506841.230,"P,21861,1282"
1791506841.230,"P,21862,1282"
1791506841.230,"P,21862,1002"
1791506841.230,"B,21876,10,5c:62:8b:66:67:d2,550,5,41892,44,-45,A,5c:62:8b:66:67:d2,0,5,0,0"
1791506841.230,"B,21876,10,72:3b:01:24:b7:c8,224,8,0,0,-41,S,5c:62:8b:66:67:d2,8,0,0,0"
1791506841.230,"B,21876,10,cc:b8:5e:ad:5c:4a,41612,34,550,5,-47,S,5c:62:8b:66:67:d2,0,1,4,29"
1791506841.230,"B,21876,10,b2:db:ca:e6:29:a6,56,2,0,0,-46,S,5c:62:8b:66:67:d2,2,0,0,0"
1791506841.230,"P,21896,28"
1791506841.230,"P,21896,1282"
1791506841.230,"P,21897,1282"
1791506841.230,"P,21897,1282"
1791506841.230,"P,21938,1282"
1791506841.230,"P,21938,898"
1791506841.230,"B,21976,10,5c:62:8b:66:67:d2,114,1,6278,14,-47,A,5c:62:8b:66:67:d2,0,1,0,0"
1791506841.230,"B,21976,10,72:3b:01:24:b7:c8,168,6,0,0,-41,S,5c:62:8b:66:67:d2,6,0,0,0"
1791506841.230,"B,21976,10,cc:b8:5e:ad:5c:4a,6054,6,114,1,-47,S,5c:62:8b:66:67:d2,1,0,1,4"
1791506841.230,"B,21976,10,b2:db:ca:e6:29:a6,56,2,0,0,-46,S,5c:62:8b:66:67:d2,2,0,0,0"
1791506841.434,"B,22076,10,5c:62:8b:66:67:d2,0,0,28,1,-50,A,5c:62:8b:66:67:d2,0,0,0,0"
1791506841.434,"B,22076,10,b2:db:ca:e6:29:a6,28,1,0,0,-45,S,5c:62:8b:66:67:d2,1,0,0,0"
1791506841.434,"B,22076,10,78:8c:b5:f5:e7:26,309,1,0,0,-86,A,78:8c:b5:f5:e7:26,0,1,0,0"
1791506841.434,"B,22176,10,5c:62:8b:66:67:d2,0,0,84,3,-50,A,5c:62:8b:66:67:d2,0,0,0,0"
1791506841.434,"B,22176,10,b2:db:ca:e6:29:a6,84,3,0,0,-45,S,5c:62:8b:66:67:d2,3,0,0,0"
1791506841.434,"B,22176,10,80:af:ca:68:4c:f8,104,1,0,0,-87,A,80:af:ca:68:4c:f8,0,1,0,0"
1791506841.434,"P,22178,28"
1791506841.434,"P,22178,1282"
1791506841.434,"P,22179,1282"
1791506841.434,"P,22179,1282"
1791506841.434,"P,22179,1282"
1791506841.434,"P,22180,1282"
1791506841.434,"P,22185,1282"
1791506841.434,"P,22186,1282"
1791506841.434,"P,22189,1282"
1791506841.434,"P,22190,1282"
1791506841.434,"P,22190,1282"
1791506841.434,"P,22190,1282"
1791506841.434,"P,22196,686"
1791506841.434,"P,22197,1282"
1791506841.434,"P,22197,1282"
1791506841.434,"P,22197,318"
1791506841.434,"P,22198,1282"
1791506841.434,"P,22205,1282"
1791506841.434,"P,22206,1282"
1791506841.434,"P,22206,1282"
1791506841.434,"P,22206,502"
1791506841.434,"P,22207,1282"
1791506841.434,"P,22207,1282"
1791506841.434,"P,22207,1282"
1791506841.434,"P,22241,1282"
1791506841.636,"B,22276,10,5c:62:8b:66:67:d2,1478,13,28624,31,-44,A,5c:62:8b:66:67:d2,0,13,0,0"
1791506841.636,"B,22276,10,72:3b:01:24:b7:c8,112,4,0,0,-44,S,5c:62:8b:66:67:d2,4,0,0,0"
1791506841.636,"B,22276,10,cc:b8:5e:ad:5c:4a,28456,25,1478,13,-47,S,5c:62:8b:66:67:d2,1,3,0,21"
1791506841.636,"B,22276,10,b2:db:ca:e6:29:a6,56,2,0,0,-46,S,5c:62:8b:66:67:d2,2,0,0,0"
1791506841.636,"P,22283,28"
1791506841.636,"P,22283,202"
1791506841.636,"P,22319,1282"
1791506841.636,"P,22320,1282"
1791506841.636,"P,22320,1282"
1791506841.636,"P,22322,1282"
1791506841.636,"P,22324,1282"
1791506841.636,"P,22327,1282"
1791506841.636,"P,22327,1282"
1791506841.636,"P,22328,414"
1791506841.636,"P,22328,1282"
1791506841.636,"P,22328,1282"
1791506841.636,"P,22329,1282"
1791506841.636,"P,22343,1110"
1791506841.636,"P,22344,1282"
1791506841.636,"P,22344,1282"
1791506841.636,"P,22347,1282"
1791506841.636,"P,22347,1282"
1791506841.636,"P,22347,1282"
1791506841.636,"P,22347,1282"
1791506841.636,"P,22347,1282"
1791506841.636,"P,22358,434"
1791506841.636,"P,22376,1282"
1791506841.636,"B,22376,10,5c:62:8b:66:67:d2,1660,14,25320,25,-45,A,5c:62:8b:66:67:d2,0,14,0,0"
1791506841.636,"B,22376,10,cc:b8:5e:ad:5c:4a,25264,23,1660,14,-47,S,5c:62:8b:66:67:d2,1,3,1,18"
1791506841.636,"B,22376,10,b2:db:ca:e6:29:a6,56,2,0,0,-43,S,5c:62:8b:66:67:d2,2,0,0,0"
1791506841.636,"P,22377,1282"
1791506841.636,"P,22377,1282"
1791506841.636,"P,22377,1282"
1791506841.636,"P,22380,1282"
1791506841.636,"P,22380,1282"
1791506841.636,"P,22384,28"
1791506841.636,"P,22385,1282"
1791506841.636,"P,22385,1282"
1791506841.636,"P,22386,1282"
1791506841.636,"P,22386,1282"
1791506841.636,"P,22387,1282"
1791506841.636,"P,22387,1282"
1791506841.636,"P,22389,1282"
1791506841.636,"P,22390,1282"
1791506841.636,"P,22390,1282"
1791506841.636,"P,22391,178"
1791506841.636,"P,22458,1282"
1791506841.840,"B,22476,10,5c:62:8b:66:67:d2,1320,12,19464,18,-45,A,5c:62:8b:66:67:d2,0,12,0,0"
1791506841.840,"B,22476,10,cc:b8:5e:ad:5c:4a,19436,17,1320,12,-47,S,5c:62:8b:66:67:d2,1,1,0,15"
1791506841.840,"B,22476,10,b2:db:ca:e6:29:a6,28,1,0,0,-47,S,5c:62:8b:66:67:d2,1,0,0,0"
1791506841.840,"P,22496,28"
1791506841.840,"P,22496,1282"
1791506841.840,"P,22496,1282"
1791506841.840,"P,22497,1282"
1791506841.840,"P,22497,658"
1791506841.840,"P,22576,1282"
1791506841.840,"B,22576,10,5c:62:8b:66:67:d2,220,2,6066,15,-47,A,5c:62:8b:66:67:d2,0,2,0,0"
1791506841.840,"B,22576,10,72:3b:01:24:b7:c8,168,6,0,0,-41,S,5c:62:8b:66:67:d2,6,0,0,0"
1791506841.840,"B,22576,10,cc:b8:5e:ad:5c:4a,5814,6,220,2,-48,S,5c:62:8b:66:67:d2,1,1,0,4"
1791506841.840,"B,22576,10,b2:db:ca:e6:29:a6,84,3,0,0,-46,S,5c:62:8b:66:67:d2,3,0,0,0"
1791506841.840,"P,22577,1282"
1791506841.840,"P,22577,1282"
1791506841.840,"P,22577,1282"
1791506841.840,"P,22577,1282"
1791506841.840,"P,22577,1282"
1791506841.840,"P,22627,28"
1791506841.840,"P,22627,28"
1791506841.840,"P,22628,28"
1791506841.840,"P,22629,1282"
1791506841.840,"P,22629,1282"
1791506841.840,"P,22629,970"
1791506841.840,"P,22656,1282"
1791506841.840,"P,22657,1282"
1791506841.840,"P,22657,962"
1791506841.840,"P,22657,1282"
1791506842.043,"B,22676,10,5c:62:8b:66:67:d2,770,7,14864,16,-46,A,5c:62:8b:66:67:d2,0,7,0,0"
1791506842.043,"B,22676,10,cc:b8:5e:ad:5c:4a,14836,15,770,7,-47,S,5c:62:8b:66:67:d2,3,0,2,10"
1791506842.043,"B,22676,10,b2:db:ca:e6:29:a6,28,1,0,0,-46,S,5c:62:8b:66:67:d2,1,0,0,0"
1791506842.043,"B,22676,10,b0:a7:b9:23:82:ee,0,0,30,1,-90,A,b0:a7:b9:23:82:ee,0,0,0,0"
1791506842.043,"B,22676,10,f2:51:4e:f8:1a:7f,30,1,0,0,-86,S,b0:a7:b9:23:82:ee,1,0,0,0"
1791506842.043,"P,22696,1282"
1791506842.043,"P,22696,1282"
1791506842.043,"P,22696,1282"
1791506842.043,"P,22697,1282"
1791506842.043,"P,22697,750"
1791506842.043,"P,22755,28"
1791506842.043,"P,22756,138"
1791506842.043,"P,22776,1282"
1791506842.043,"B,22776,10,5c:62:8b:66:67:d2,220,2,7354,9,-47,A,5c:62:8b:66:67:d2,0,2,0,0"
1791506842.043,"B,22776,10,cc:b8:5e:ad:5c:4a,7326,8,220,2,-47,S,5c:62:8b:66:67:d2,1,1,1,5"
1791506842.043,"B,22776,10,b2:db:ca:e6:29:a6,28,1,0,0,-43,S,5c:62:8b:66:67:d2,1,0,0,0"
1791506842.043,"P,22777,1282"
1791506842.043,"P,22777,1282"
1791506842.043,"P,22777,1282"
1791506842.043,"P,22777,1282"
1791506842.043,"P,22777,1282"
1791506842.043,"P,22778,1282"
1791506842.043,"P,22778,1282"
1791506842.043,"P,22778,1282"
1791506842.043,"P,22778,1282"
1791506842.043,"P,22779,1282"
1791506842.043,"P,22780,1282"
1791506842.043,"P,22780,1282"
1791506842.043,"P,22780,1282"
1791506842.043,"P,22780,1282"
1791506842.043,"P,22780,1282"
1791506842.043,"P,22783,1282"
1791506842.043,"P,22784,1282"
1791506842.043,"P,22784,1282"
1791506842.043,"P,22784,1282"
1791506842.043,"P,22784,1282"
1791506842.043,"P,22787,1282"
1791506842.043,"P,22787,1282"
1791506842.043,"P,22788,1282"
1791506842.043,"P,22788,1282"
1791506842.043,"P,22795,330"
1791506842.043,"P,22858,28"
1791506842.043,"P,22858,1282"
1791506842.043,"P,22858,1282"
1791506842.043,"P,22859,1282"
1791506842.043,"P,22859,1282"
1791506842.043,"P,22859,178"
1791506842.043,"P,22860,1282"
1791506842.043,"P,22860,1282"
1791506842.043,"P,22860,1282"
1791506842.043,"P,22860,1282"
1791506842.244,"B,22876,10,5c:62:8b:66:67:d2,553,5,41700,40,-46,A,5c:62:8b:66:67:d2,0,5,0,0"
1791506842.244,"B,22876,10,72:3b:01:24:b7:c8,140,5,0,0,-41,S,5c:62:8b:66:67:d2,5,0,0,0"
1791506842.244,"B,22876,10,cc:b8:5e:ad:5c:4a,41560,35,553,5,-46,S,5c:62:8b:66:67:d2,1,2,0,32"
1791506842.244,"B,22876,10,b0:a7:b9:23:82:ee,0,0,30,1,0,A,b0:a7:b9:23:82:ee,0,0,0,0"
1791506842.244,"B,22876,10,f2:51:4e:f8:1a:7f,30,1,0,0,-91,S,b0:a7:b9:23:82:ee,1,0,0,0"
1791506842.244,"P,22976,28"
1791506842.244,"B,22976,10,5c:62:8b:66:67:d2,660,6,56,2,-46,A,5c:62:8b:66:67:d2,0,6,0,0"
1791506842.244,"B,22976,10,72:3b:01:24:b7:c8,28,1,0,0,-41,S,5c:62:8b:66:67:d2,1,0,0,0"
1791506842.244,"B,22976,10,cc:b8:5e:ad:5c:4a,28,1,660,6,-43,S,5c:62:8b:66:67:d2,1,0,0,0"
1791506842.244,"P,22977,1282"
1791506842.244,"P,22977,1282"
1791506842.244,"P,22977,1282"
1791506842.244,"P,22977,1282"
1791506842.244,"P,22978,1282"
1791506842.244,"P,22978,1282"
1791506842.244,"P,22978,1282"
1791506842.244,"P,22978,1282"
1791506842.244,"P,22978,1282"
1791506842.244,"P,22979,1282"
1791506842.244,"P,22979,1282"
1791506842.244,"P,22979,1282"
1791506842.244,"P,22979,1282"
1791506842.244,"P,22979,1282"
1791506842.244,"P,22980,1282"
1791506842.244,"P,22980,1282"
1791506842.244,"P,22980,1282"
1791506842.244,"P,22981,1282"
1791506842.244,"P,22981,1282"
1791506842.244,"P,22981,1282"
1791506842.244,"P,22983,1282"
1791506842.244,"P,22988,1282"
1791506842.244,"P,22989,1282"
1791506842.244,"P,22996,1282"
1791506842.244,"P,22996,1282"
1791506842.244,"P,22997,1282"
1791506842.244,"P,22998,1282"
1791506842.244,"P,22998,1282"
1791506842.244,"P,22998,910"
1791506842.244,"P,23057,1282"
1791506842.244,"P,23057,1282"
1791506842.244,"P,23058,474"
1791506842.444,"B,23076,10,5c:62:8b:66:67:d2,880,8,39844,32,-47,A,5c:62:8b:66:67:d2,0,8,0,0"
1791506842.444,"B,23076,10,cc:b8:5e:ad:5c:4a,39844,32,880,8,-46,S,5c:62:8b:66:67:d2,0,1,1,30"
1791506842.444,"P,23098,28"
1791506842.444,"P,23099,126"
1791506842.444,"P,23099,1282"
1791506842.444,"P,23099,1282"
1791506842.444,"P,23099,1282"
1791506842.444,"P,23099,1282"
1791506842.444,"P,23107,1282"
1791506842.444,"P,23109,1282"
1791506842.444,"P,23109,1282"
1791506842.444,"P,23109,1282"
1791506842.444,"P,23109,1282"
1791506842.444,"P,23110,1282"
1791506842.444,"P,23110,1282"
1791506842.444,"P,23110,1282"
1791506842.444,"P,23111,1282"
1791506842.444,"B,23176,10,5c:62:8b:66:67:d2,330,3,16904,18,-47,A,5c:62:8b:66:67:d2,0,3,0,0"
1791506842.444,"B,23176,10,72:3b:01:24:b7:c8,84,3,0,0,-42,S,5c:62:8b:66:67:d2,3,0,0,0"
1791506842.444,"B,23176,10,cc:b8:5e:ad:5c:4a,16820,15,330,3,-46,S,5c:62:8b:66:67:d2,1,1,0,13"
1791506842.444,"P,23245,28"
1791506842.444,"P,23246,1282"
1791506842.444,"P,23246,1282"
1791506842.444,"P,23246,1282"
1791506842.444,"P,23248,1282"
1791506842.444,"P,23248,1282"
1791506842.444,"P,23248,1282"
1791506842.444,"P,23249,1282"
1791506842.444,"P,23249,1282"
1791506842.444,"P,23249,1282"
1791506842.444,"P,23249,1282"
1791506842.444,"P,23252,1282"
1791506842.444,"P,23255,1282"
1791506842.444,"P,23255,1282"
1791506842.444,"P,23256,1282"
1791506842.444,"P,23256,1282"
1791506842.444,"P,23257,1282"
1791506842.444,"P,23259,1282"
1791506842.444,"P,23259,1282"
1791506842.444,"P,23260,1282"
1791506842.444,"P,23260,1282"
1791506842.444,"P,23260,1282"
1791506842.444,"P,23261,1282"
1791506842.444,"P,23261,1282"
1791506842.444,"P,23261,1282"
1791506842.444,"P,23261,1282"
1791506842.444,"P,23261,1282"
1791506842.444,"P,23262,1282"
1791506842.444,"P,23262,1282"
1791506842.444,"P,23262,1282"
1791506842.444,"P,23262,1282"
1791506842.444,"P,23262,1282"
1791506842.444,"P,23263,1282"
1791506842.444,"P,23263,1282"
1791506842.444,"P,23263,1282"
1791506842.444,"P,23263,1282"
1791506842.444,"P,23264,1282"
1791506842.444,"P,23264,1282"
1791506842.444,"P,23264,1282"
1791506842.444,"P,23264,1282"
1791506842.444,"P,23266,1282"
1791506842.444,"P,23268,1282"
1791506842.444,"P,23272,1282"
1791506842.645,"P,23276,1282"
1791506842.645,"B,23276,10,5c:62:8b:66:67:d2,1434,13,55210,46,-47,A,5c:62:8b:66:67:d2,0,13,0,0"
1791506842.645,"B,23276,10,72:3b:01:24:b7:c8,56,2,0,0,-42,S,5c:62:8b:66:67:d2,2,0,0,0"
1791506842.645,"B,23276,10,cc:b8:5e:ad:5c:4a,55154,44,1434,13,-46,S,5c:62:8b:66:67:d2,1,0,0,43"
1791506842.645,"P,23279,1282"
1791506842.645,"P,23280,1282"
1791506842.645,"P,23280,1282"
1791506842.645,"P,23280,1282"
1791506842.645,"P,23280,1282"
1791506842.645,"P,23287,1282"
1791506842.645,"P,23288,1282"
1791506842.645,"P,23288,1282"
1791506842.645,"P,23289,1282"
1791506842.645,"P,23289,1282"
1791506842.645,"P,23289,1282"
1791506842.645,"P,23289,1282"
1791506842.645,"P,23290,1282"
1791506842.645,"P,23290,1282"
1791506842.645,"P,23290,1282"
1791506842.645,"P,23291,1282"
1791506842.645,"P,23291,1282"
1791506842.645,"P,23291,1282"
1791506842.645,"P,23291,1282"
1791506842.645,"P,23292,1282"
1791506842.645,"P,23292,1282"
1791506842.645,"P,23292,1282"
1791506842.645,"P,23292,1282"
1791506842.645,"P,23292,1282"
1791506842.645,"P,23293,1282"
1791506842.645,"P,23293,1282"
1791506842.645,"P,23293,1282"
1791506842.645,"P,23293,1282"
1791506842.645,"P,23293,1282"
1791506842.645,"P,23293,1282"
1791506842.645,"P,23293,1282"
1791506842.645,"P,23294,1282"
1791506842.645,"P,23294,1282"
1791506842.645,"P,23294,1282"
1791506842.645,"P,23294,1282"
1791506842.645,"P,23294,1282"
1791506842.645,"P,23294,1282"
1791506842.645,"P,23295,1282"
1791506842.645,"P,23295,1282"
1791506842.645,"P,23296,1282"
1791506842.645,"P,23299,1282"
1791506842.645,"P,23302,1282"
1791506842.645,"P,23307,1282"
1791506842.645,"P,23308,1282"
1791506842.645,"P,23308,1282"
1791506842.645,"P,23308,1282"
1791506842.645,"P,23309,1282"
1791506842.645,"P,23310,1282"
1791506842.645,"P,23310,1282"
1791506842.645,"P,23310,1282"
1791506842.645,"P,23320,1282"
1791506842.645,"P,23320,1282"
1791506842.645,"P,23322,1282"
1791506842.645,"P,23323,1282"
1791506842.645,"P,23323,1282"
1791506842.645,"P,23324,1282"
1791506842.645,"P,23324,1282"
1791506842.645,"P,23324,1282"
1791506842.645,"P,23324,1282"
1791506842.645,"P,23329,1282"
1791506842.645,"P,23329,1282"
1791506842.645,"P,23329,1282"
1791506842.645,"P,23329,1282"
1791506842.645,"P,23329,1282"
1791506842.645,"P,23329,1282"
1791506842.645,"P,23330,1282"
1791506842.645,"P,23330,1282"
1791506842.645,"P,23340,1282"
1791506842.645,"P,23340,1282"
1791506842.645,"P,23340,1282"
1791506842.645,"P,23340,1282"
1791506842.645,"P,23340,1282"
1791506842.645,"P,23341,1282"
1791506842.645,"P,23341,1282"
1791506842.645,"P,23341,1282"
1791506842.645,"P,23341,1282"
1791506842.645,"P,23341,1282"
1791506842.645,"P,23341,1282"
1791506842.645,"P,23341,1282"
1791506842.645,"P,23342,1282"
1791506842.645,"P,23347,28"
1791506842.645,"P,23348,1282"
1791506842.645,"P,23348,1282"
1791506842.645,"P,23350,1282"
1791506842.645,"P,23350,1282"
1791506842.645,"P,23350,1282"
1791506842.645,"P,23351,474"
1791506842.645,"P,23351,1282"
1791506842.645,"P,23351,1282"
1791506842.645,"P,23351,990"
1791506842.645,"P,23351,1282"
1791506842.645,"P,23352,1282"
1791506842.645,"P,23352,1282"
1791506842.645,"P,23352,990"
1791506842.645,"P,23352,1282"
1791506842.645,"P,23354,1282"
1791506842.645,"P,23354,1282"
1791506842.645,"P,23354,990"
1791506842.645,"P,23354,1282"
1791506842.645,"P,23363,1282"
1791506842.645,"P,23363,1282"
1791506842.645,"P,23364,1282"
1791506842.645,"P,23364,1282"
1791506842.645,"P,23364,858"
1791506842.645,"P,23364,1282"
1791506842.645,"P,23365,1102"
1791506842.645,"P,23378,1282"
1791506842.645,"B,23376,10,5c:62:8b:66:67:d2,27548,48,133688,109,-47,A,5c:62:8b:66:67:d2,0,29,0,19"
1791506842.645,"B,23376,10,72:3b:01:24:b7:c8,56,2,24358,19,-41,S,5c:62:8b:66:67:d2,2,0,0,0"
1791506842.645,"B,23376,10,cc:b8:5e:ad:5c:4a,133632,107,3190,29,-46,S,5c:62:8b:66:67:d2,1,1,5,100"
1791506842.645,"P,23450,28"
1791506842.645,"P,23451,1282"
1791506842.645,"P,23451,1282"
1791506842.645,"P,23452,1282"
1791506842.645,"P,23452,1282"
1791506842.645,"P,23460,1002"
1791506842.645,"P,23463,1002"
1791506842.645,"P,23463,1282"
1791506842.645,"P,23467,1282"
1791506842.645,"P,23468,1282"
1791506842.645,"P,23468,1282"
1791506842.645,"P,23468,1282"
1791506842.645,"P,23469,1282"
1791506842.645,"P,23469,1282"
1791506842.645,"P,23469,1282"
1791506842.645,"P,23474,818"
1791506842.846,"B,23476,10,5c:62:8b:66:67:d2,40701,51,18346,20,-46,A,5c:62:8b:66:67:d2,0,20,5,26"
1791506842.846,"B,23476,10,72:3b:01:24:b7:c8,112,4,38941,35,-41,S,5c:62:8b:66:67:d2,4,0,0,0"
1791506842.846,"B,23476,10,cc:b8:5e:ad:5c:4a,18234,16,1760,16,-47,S,5c:62:8b:66:67:d2,1,0,3,12"
1791506842.846,"P,23496,1282"
1791506842.846,"P,23496,1282"
1791506842.846,"P,23496,250"
1791506842.846,"P,23497,1282"
1791506842.846,"P,23497,250"
1791506842.846,"P,23498,1282"
1791506842.846,"P,23498,250"
1791506842.846,"P,23500,1282"
1791506842.846,"B,23576,10,5c:62:8b:66:67:d2,1642,3,7160,8,-47,A,5c:62:8b:66:67:d2,0,2,0,1"
1791506842.846,"B,23576,10,72:3b:01:24:b7:c8,0,0,1532,2,0,S,5c:62:8b:66:67:d2,0,0,0,0"
1791506842.846,"B,23576,10,cc:b8:5e:ad:5c:4a,7160,8,110,1,-46,S,5c:62:8b:66:67:d2,0,3,0,5"
1791506842.846,"P,23583,28"
1791506842.846,"P,23584,1282"
1791506842.846,"P,23584,1282"
1791506842.846,"P,23584,1282"
1791506842.846,"P,23584,1282"
1791506842.846,"P,23584,1282"
1791506842.846,"P,23590,586"
1791506842.846,"P,23656,1282"
1791506842.846,"P,23657,1282"
1791506842.846,"P,23657,1282"
1791506842.846,"P,23657,1282"
1791506842.846,"P,23659,1282"
1791506842.846,"P,23659,1282"
1791506842.846,"P,23662,1282"
1791506842.846,"P,23662,1282"
1791506842.846,"P,23662,266"
1791506842.846,"P,23664,1282"
1791506842.846,"P,23664,1282"
1791506843.046,"B,23676,10,5c:62:8b:66:67:d2,18894,26,20222,22,-47,A,5c:62:8b:66:67:d2,0,13,0,13"
1791506843.046,"B,23676,10,72:3b:01:24:b7:c8,112,4,18124,19,-41,S,5c:62:8b:66:67:d2,4,0,0,0"
1791506843.046,"B,23676,10,cc:b8:5e:ad:5c:4a,20110,18,770,7,-47,S,5c:62:8b:66:67:d2,1,2,0,15"
1791506843.046,"P,23695,28"
1791506843.046,"P,23696,28"
1791506843.046,"P,23696,28"
1791506843.046,"P,23697,28"
1791506843.046,"P,23697,1282"
1791506843.046,"P,23697,1210"
1791506843.046,"P,23698,1210"
1791506843.046,"P,23698,1210"
1791506843.046,"P,23699,1210"
1791506843.046,"P,23701,1210"
1791506843.046,"P,23776,1282"
1791506843.046,"B,23776,10,5c:62:8b:66:67:d2,17122,15,8782,13,-47,A,5c:62:8b:66:67:d2,0,1,0,14"
1791506843.046,"B,23776,10,72:3b:01:24:b7:c8,56,2,17012,14,-41,S,5c:62:8b:66:67:d2,2,0,0,0"
1791506843.046,"B,23776,10,cc:b8:5e:ad:5c:4a,8726,11,110,1,-46,S,5c:62:8b:66:67:d2,4,0,0,7"
1791506843.046,"P,23776,1282"
1791506843.046,"P,23777,1282"
1791506843.046,"P,23781,1282"
1791506843.046,"P,23781,1282"
1791506843.046,"P,23781,1282"
1791506843.046,"P,23783,1282"
1791506843.046,"P,23784,1282"
1791506843.046,"P,23787,1282"
1791506843.046,"P,23789,1282"
1791506843.046,"P,23789,1282"
1791506843.046,"P,23789,1282"
1791506843.046,"P,23789,1154"
1791506843.046,"P,23789,1282"
1791506843.046,"P,23861,28"
1791506843.046,"P,23862,1282"
1791506843.046,"P,23862,1282"
1791506843.046,"P,23863,1282"
1791506843.046,"P,23863,1282"
1791506843.046,"B,23876,10,5c:62:8b:66:67:d2,16136,20,21750,20,-46,A,5c:62:8b:66:67:d2,0,8,1,11"
1791506843.246,"B,23876,10,72:3b:01:24:b7:c8,56,2,15256,12,-41,S,5c:62:8b:66:67:d2,2,0,0,0"
1791506843.246,"B,23876,10,cc:b8:5e:ad:5c:4a,21694,18,880,8,-45,S,5c:62:8b:66:67:d2,1,0,1,16"
1791506843.246,"P,23896,1282"
1791506843.246,"P,23896,1282"
1791506843.246,"P,23897,1282"
1791506843.246,"P,23897,1282"
1791506843.246,"P,23897,1282"
1791506843.246,"P,23897,374"
1791506843.246,"P,23898,1282"
1791506843.246,"P,23898,374"
1791506843.246,"P,23977,28"
1791506843.246,"B,23976,10,5c:62:8b:66:67:d2,4550,7,8580,13,-47,A,5c:62:8b:66:67:d2,0,4,0,3"
1791506843.246,"B,23976,10,72:3b:01:24:b7:c8,112,4,4220,4,-41,S,5c:62:8b:66:67:d2,4,0,0,0"
1791506843.246,"B,23976,10,cc:b8:5e:ad:5c:4a,8468,9,330,3,-46,S,5c:62:8b:66:67:d2,1,2,0,6"
1791506843.246,"B,23976,10,b0:a7:b9:23:82:ee,0,0,30,1,-88,A,b0:a7:b9:23:82:ee,0,0,0,0"
1791506843.246,"B,23976,10,f2:51:4e:f8:1a:7f,30,1,0,0,-87,S,b0:a7:b9:23:82:ee,1,0,0,0"
1791506843.246,"P,23977,1282"
1791506843.246,"P,23977,1282"
1791506843.246,"P,23977,1282"
1791506843.246,"P,23978,1282"
1791506843.246,"P,23978,1282"
1791506843.246,"P,23978,1282"
1791506843.246,"P,23987,1282"
1791506843.246,"P,23988,1282"
1791506843.246,"P,23989,1282"
1791506843.246,"P,23989,1282"
1791506843.246,"P,23996,1282"
1791506843.246,"P,23999,1282"
1791506843.246,"P,24001,1282"
1791506843.246,"P,24004,1282"
1791506843.246,"P,24006,1282"
1791506843.246,"P,24008,378"
1791506843.246,"P,24010,378"
1791506843.246,"P,24056,1282"
1791506843.246,"P,24057,1066"
1791506843.246,"P,24057,1282"
1791506843.246,"P,24067,1282"
1791506843.447,"B,24076,10,5c:62:8b:66:67:d2,33266,35,24982,24,-47,A,5c:62:8b:66:67:d2,0,10,2,23"
1791506843.447,"B,24076,10,72:3b:01:24:b7:c8,84,3,32374,27,-40,S,5c:62:8b:66:67:d2,3,0,0,0"
1791506843.447,"B,24076,10,cc:b8:5e:ad:5c:4a,24898,21,892,8,-43,S,5c:62:8b:66:67:d2,0,2,1,18"
1791506843.447,"B,24076,10,b0:a7:b9:23:82:ee,0,0,30,1,-89,A,b0:a7:b9:23:82:ee,0,0,0,0"
1791506843.447,"B,24076,10,f2:51:4e:f8:1a:7f,30,1,0,0,-91,S,b0:a7:b9:23:82:ee,1,0,0,0"
1791506843.447,"P,24095,28"
1791506843.447,"P,24096,1282"
1791506843.447,"P,24096,1282"
1791506843.447,"P,24100,1282"
1791506843.447,"P,24100,422"
1791506843.447,"P,24101,422"
1791506843.447,"B,24176,10,5c:62:8b:66:67:d2,4488,6,4830,10,-47,A,5c:62:8b:66:67:d2,0,3,0,3"
1791506843.447,"B,24176,10,72:3b:01:24:b7:c8,112,4,4268,4,-41,S,5c:62:8b:66:67:d2,4,0,0,0"
1791506843.447,"B,24176,10,cc:b8:5e:ad:5c:4a,4718,6,220,2,-46,S,5c:62:8b:66:67:d2,1,2,0,3"
1791506843.447,"P,24177,1282"
1791506843.447,"P,24177,1282"
1791506843.447,"P,24177,1282"
1791506843.447,"P,24177,1282"
1791506843.447,"P,24177,1282"
1791506843.447,"P,24180,1282"
1791506843.447,"P,24180,1282"
1791506843.447,"P,24272,28"
1791506843.447,"P,24272,1282"
1791506843.447,"P,24277,1282"
1791506843.447,"B,24276,10,5c:62:8b:66:67:d2,8022,9,11566,10,-47,A,5c:62:8b:66:67:d2,0,3,0,6"
1791506843.647,"B,24276,10,72:3b:01:24:b7:c8,0,0,7692,6,0,S,5c:62:8b:66:67:d2,0,0,0,0"
1791506843.647,"B,24276,10,cc:b8:5e:ad:5c:4a,11566,10,330,3,-46,S,5c:62:8b:66:67:d2,1,0,0,9"
1791506843.647,"P,24277,814"
1791506843.647,"P,24278,1282"
1791506843.647,"P,24279,1282"
1791506843.647,"P,24279,1282"
1791506843.647,"P,24279,922"
1791506843.647,"P,24300,1282"
1791506843.647,"P,24300,1282"
1791506843.647,"P,24300,554"
1791506843.647,"P,24302,1282"
1791506843.647,"P,24305,1282"
1791506843.647,"P,24311,1282"
1791506843.647,"P,24313,1282"
1791506843.647,"P,24316,1282"
1791506843.647,"P,24317,554"
1791506843.647,"P,24375,28"
1791506843.647,"P,24375,1282"
1791506843.647,"B,24376,10,5c:62:8b:66:67:d2,16772,20,17058,19,-47,A,5c:62:8b:66:67:d2,0,8,2,10"
1791506843.647,"B,24376,10,72:3b:01:24:b7:c8,56,2,16218,15,-42,S,5c:62:8b:66:67:d2,2,0,0,0"
1791506843.647,"B,24376,10,cc:b8:5e:ad:5c:4a,16974,16,554,5,-43,S,5c:62:8b:66:67:d2,1,2,2,11"
1791506843.647,"B,24376,10,b2:db:ca:e6:29:a6,28,1,0,0,-46,S,5c:62:8b:66:67:d2,1,0,0,0"
1791506843.647,"B,24376,10,78:8c:b5:f5:e7:26,328,1,0,0,-86,A,78:8c:b5:f5:e7:26,0,1,0,0"
1791506843.647,"P,24375,1282"
1791506843.647,"P,24376,1282"
1791506843.647,"P,24376,1282"
1791506843.647,"P,24376,1282"
1791506843.647,"P,24381,1282"
1791506843.647,"P,24382,1282"
1791506843.647,"P,24384,1282"
1791506843.647,"P,24384,1282"
1791506843.647,"P,24385,1282"
1791506843.647,"P,24385,1282"
1791506843.647,"P,24387,1282"
1791506843.647,"P,24390,1282"
1791506843.647,"P,24391,1282"
1791506843.647,"P,24391,530"
1791506843.647,"P,24456,1282"
1791506843.647,"P,24457,1282"
1791506843.647,"P,24457,1282"
1791506843.647,"P,24457,746"
1791506843.647,"B,24476,10,5c:62:8b:66:67:d2,21587,30,21900,22,-47,A,5c:62:8b:66:67:d2,0,14,1,15"
1791506843.847,"B,24476,10,72:3b:01:24:b7:c8,56,2,20223,18,-42,S,5c:62:8b:66:67:d2,2,0,0,0"
1791506843.847,"B,24476,10,cc:b8:5e:ad:5c:4a,21788,18,1364,12,-47,S,5c:62:8b:66:67:d2,0,1,1,16"
1791506843.847,"B,24476,10,b2:db:ca:e6:29:a6,56,2,0,0,-45,S,5c:62:8b:66:67:d2,2,0,0,0"
1791506843.847,"P,24497,28"
1791506843.847,"P,24498,28"
1791506843.847,"P,24500,28"
1791506843.847,"P,24501,1282"
1791506843.847,"P,24501,1282"
1791506843.847,"P,24501,1282"
1791506843.847,"P,24501,510"
1791506843.847,"P,24508,1282"
1791506843.847,"P,24511,1282"
1791506843.847,"P,24514,1282"
1791506843.847,"P,24516,1282"
1791506843.847,"P,24518,510"
1791506843.847,"P,24577,1282"
1791506843.847,"B,24576,10,5c:62:8b:66:67:d2,4686,7,11416,15,-46,A,5c:62:8b:66:67:d2,0,4,0,3"
1791506843.847,"B,24576,10,72:3b:01:24:b7:c8,0,0,4356,4,0,S,5c:62:8b:66:67:d2,0,0,0,0"
1791506843.847,"B,24576,10,cc:b8:5e:ad:5c:4a,11360,13,330,3,-43,S,5c:62:8b:66:67:d2,3,2,0,8"
1791506843.847,"B,24576,10,b2:db:ca:e6:29:a6,56,2,0,0,-45,S,5c:62:8b:66:67:d2,2,0,0,0"
1791506843.847,"P,24577,1282"
1791506843.847,"P,24577,1282"
1791506843.847,"P,24577,1282"
1791506843.847,"P,24584,1282"
1791506843.847,"P,24584,1282"
1791506843.847,"P,24585,1282"
1791506843.847,"P,24585,1282"
1791506843.847,"P,24585,1282"
1791506843.847,"P,24585,1282"
1791506843.847,"P,24587,826"
1791506843.847,"P,24656,28"
1791506843.847,"P,24657,1282"
1791506843.847,"P,24657,1282"
1791506843.847,"P,24657,1282"
1791506843.847,"P,24657,582"
1791506843.847,"P,24657,1282"
1791506843.847,"B,24676,10,5c:62:8b:66:67:d2,15808,20,18186,19,-46,A,5c:62:8b:66:67:d2,0,8,1,11"
1791506844.048,"B,24676,10,72:3b:01:24:b7:c8,56,2,14928,12,-42,S,5c:62:8b:66:67:d2,2,0,0,0"
1791506844.048,"B,24676,10,cc:b8:5e:ad:5c:4a,18102,16,880,8,-47,S,5c:62:8b:66:67:d2,1,1,1,13"
1791506844.048,"B,24676,10,b2:db:ca:e6:29:a6,28,1,0,0,-46,S,5c:62:8b:66:67:d2,1,0,0,0"
1791506844.048,"P,24696,1282"
1791506844.048,"P,24696,1282"
1791506844.048,"P,24696,1282"
1791506844.048,"P,24696,778"
1791506844.048,"P,24776,28"
1791506844.048,"B,24776,10,5c:62:8b:66:67:d2,9957,15,4792,10,-47,A,5c:62:8b:66:67:d2,0,8,1,6"
1791506844.048,"B,24776,10,72:3b:01:24:b7:c8,112,4,9407,10,-42,S,5c:62:8b:66:67:d2,4,0,0,0"
1791506844.048,"B,24776,10,cc:b8:5e:ad:5c:4a,4652,5,550,5,-47,S,5c:62:8b:66:67:d2,1,0,1,3"
1791506844.048,"B,24776,10,b2:db:ca:e6:29:a6,28,1,0,0,-45,S,5c:62:8b:66:67:d2,1,0,0,0"
1791506844.048,"P,24777,1282"
1791506844.048,"P,24777,1282"
1791506844.048,"P,24777,1282"
1791506844.048,"P,24777,1282"
1791506844.048,"P,24778,1282"
1791506844.048,"P,24778,1282"
1791506844.048,"P,24785,1282"
1791506844.048,"P,24785,1282"
1791506844.048,"P,24786,1282"
1791506844.048,"P,24786,1282"
1791506844.048,"P,24786,1282"
1791506844.048,"P,24787,1282"
1791506844.048,"P,24788,1282"
1791506844.048,"P,24788,1282"
1791506844.048,"P,24789,134"
1791506844.048,"P,24831,82"
1791506844.048,"P,24854,113"
1791506844.048,"P,24856,1282"
1791506844.048,"P,24856,1282"
1791506844.048,"P,24857,1282"
1791506844.048,"P,24857,490"
1791506844.048,"B,24876,10,5c:62:8b:66:67:d2,15198,21,22669,23,-46,A,5c:62:8b:66:67:d2,1,9,0,11"
1791506844.248,"B,24876,10,72:3b:01:24:b7:c8,0,0,14236,12,0,S,5c:62:8b:66:67:d2,0,0,0,0"
1791506844.248,"B,24876,10,cc:b8:5e:ad:5c:4a,22613,21,962,9,-47,S,5c:62:8b:66:67:d2,1,3,0,17"
1791506844.248,"B,24876,10,b2:db:ca:e6:29:a6,56,2,0,0,-46,S,5c:62:8b:66:67:d2,2,0,0,0"
1791506844.248,"P,24896,28"
1791506844.248,"P,24897,1282"
1791506844.248,"P,24897,1282"
1791506844.248,"P,24897,1282"
1791506844.248,"P,24898,1282"
1791506844.248,"P,24902,1114"
1791506844.248,"P,24902,1114"
1791506844.248,"P,24976,1282"
1791506844.248,"B,24976,10,5c:62:8b:66:67:d2,7124,10,8750,11,-47,A,5c:62:8b:66:67:d2,0,4,6,0"
1791506844.248,"B,24976,10,72:3b:01:24:b7:c8,28,1,6684,6,-41,S,5c:62:8b:66:67:d2,1,0,0,0"
1791506844.248,"B,24976,10,cc:b8:5e:ad:5c:4a,8666,8,440,4,-46,S,5c:62:8b:66:67:d2,1,0,2,5"
1791506844.248,"B,24976,10,b2:db:ca:e6:29:a6,56,2,0,0,-47,S,5c:62:8b:66:67:d2,2,0,0,0"
1791506844.248,"P,24976,1282"
1791506844.248,"P,24977,1282"
1791506844.248,"P,24977,1282"
1791506844.248,"P,24977,1282"
1791506844.248,"P,24982,1282"
1791506844.248,"P,24983,1282"
1791506844.248,"P,24983,1282"
1791506844.248,"P,24983,1282"
1791506844.248,"P,24985,1282"
1791506844.248,"P,24985,770"
1791506844.248,"P,25044,28"
1791506844.248,"P,25044,106"
1791506844.248,"P,25056,1282"
1791506844.248,"P,25056,1282"
1791506844.248,"P,25056,354"
1791506844.248,"B,25076,10,5c:62:8b:66:67:d2,14139,16,15528,21,-47,A,5c:62:8b:66:67:d2,0,5,1,10"
1791506844.248,"B,25076,10,72:3b:01:24:b7:c8,112,4,13590,11,-41,S,5c:62:8b:66:67:d2,4,0,0,0"
1791506844.448,"B,25076,10,cc:b8:5e:ad:5c:4a,15360,15,549,5,-46,S,5c:62:8b:66:67:d2,1,2,1,11"
1791506844.448,"B,25076,10,b2:db:ca:e6:29:a6,56,2,0,0,-45,S,5c:62:8b:66:67:d2,2,0,0,0"
1791506844.448,"I,25087,stat,rx=8339,drops=0,ch=10,bin=100,hop=0,heap=202024"
1791506844.448,"P,25100,1282"
1791506844.448,"P,25100,1282"
1791506844.448,"P,25100,1282"
1791506844.448,"P,25100,1282"
1791506844.448,"P,25100,214"
1791506844.448,"P,25101,1282"
1791506844.448,"P,25101,1282"
1791506844.448,"P,25101,1282"
1791506844.448,"P,25101,1282"
1791506844.448,"P,25102,214"
1791506844.448,"P,25107,1282"
1791506844.448,"P,25107,1282"
1791506844.448,"P,25107,1282"
1791506844.448,"P,25107,1282"
1791506844.448,"P,25107,214"
1791506844.448,"P,25176,28"
1791506844.448,"B,25176,10,5c:62:8b:66:67:d2,8596,12,16082,17,-47,A,5c:62:8b:66:67:d2,0,6,0,6"
1791506844.448,"B,25176,10,72:3b:01:24:b7:c8,0,0,8046,7,0,S,5c:62:8b:66:67:d2,0,0,0,0"
1791506844.448,"B,25176,10,cc:b8:5e:ad:5c:4a,16054,16,550,5,-46,S,5c:62:8b:66:67:d2,1,3,0,12"
1791506844.448,"B,25176,10,b2:db:ca:e6:29:a6,28,1,0,0,-44,S,5c:62:8b:66:67:d2,1,0,0,0"
1791506844.448,"P,25177,1282"
1791506844.448,"P,25177,1282"
1791506844.448,"P,25177,1282"
1791506844.448,"P,25177,1282"
1791506844.448,"P,25177,1282"
1791506844.448,"P,25186,202"
1791506844.448,"P,25186,202"
1791506844.448,"P,25186,1282"
1791506844.448,"P,25187,202"
1791506844.448,"P,25187,1282"
1791506844.448,"P,25187,1282"
1791506844.448,"P,25187,1170"
1791506844.448,"P,25258,1282"
1791506844.448,"P,25258,1282"
1791506844.448,"P,25258,1282"
1791506844.448,"P,25258,1178"
1791506844.448,"P,25259,1282"
1791506844.448,"P,25259,1282"
1791506844.448,"P,25259,1282"
1791506844.448,"P,25259,1178"
1791506844.448,"B,25276,10,5c:62:8b:66:67:d2,11488,18,22276,27,-46,A,5c:62:8b:66:67:d2,0,10,1,7"
1791506844.448,"B,25276,10,72:3b:01:24:b7:c8,112,4,10346,9,-41,S,5c:62:8b:66:67:d2,4,0,0,0"
1791506844.649,"B,25276,10,cc:b8:5e:ad:5c:4a,22080,20,1142,9,-47,S,5c:62:8b:66:67:d2,0,3,3,14"
1791506844.649,"B,25276,10,b2:db:ca:e6:29:a6,84,3,0,0,-44,S,5c:62:8b:66:67:d2,3,0,0,0"
1791506844.649,"P,25297,28"
1791506844.649,"P,25298,1282"
1791506844.649,"P,25298,1282"
1791506844.649,"P,25300,1282"
1791506844.649,"P,25302,1282"
1791506844.649,"P,25302,1282"
1791506844.649,"P,25302,1282"
1791506844.649,"P,25302,578"
1791506844.649,"P,25377,1282"
1791506844.649,"B,25376,10,5c:62:8b:66:67:d2,12672,16,9636,11,-46,A,5c:62:8b:66:67:d2,0,7,1,8"
1791506844.649,"B,25376,10,72:3b:01:24:b7:c8,0,0,12012,10,0,S,5c:62:8b:66:67:d2,0,0,0,0"
1791506844.649,"B,25376,10,cc:b8:5e:ad:5c:4a,9580,9,660,6,-46,S,5c:62:8b:66:67:d2,1,1,0,7"
1791506844.649,"B,25376,10,b2:db:ca:e6:29:a6,56,2,0,0,-45,S,5c:62:8b:66:67:d2,2,0,0,0"
1791506844.649,"B,25376,10,cc:d8:43:ca:9f:eb,152,1,0,0,-76,A,cc:d8:43:ca:9f:eb,0,1,0,0"
1791506844.649,"P,25377,1282"
1791506844.649,"P,25377,1282"
1791506844.649,"P,25378,1282"
1791506844.649,"P,25378,1282"
1791506844.649,"P,25383,1282"
1791506844.649,"P,25383,1282"
1791506844.649,"P,25386,1282"
1791506844.649,"P,25386,1282"
1791506844.649,"P,25387,1282"
1791506844.649,"P,25387,1282"
1791506844.649,"P,25387,1282"
1791506844.649,"P,25389,1282"
1791506844.649,"P,25389,866"
1791506844.649,"P,25391,1282"
1791506844.649,"P,25391,866"
1791506844.649,"P,25392,1282"
1791506844.649,"P,25392,866"
1791506844.649,"P,25457,28"
1791506844.649,"P,25457,1282"
1791506844.649,"P,25458,1062"
1791506844.649,"P,25458,1282"
1791506844.649,"P,25458,1062"
1791506844.649,"P,25459,1282"
1791506844.649,"P,25459,1062"
1791506844.649,"B,25476,10,5c:62:8b:66:67:d2,25843,38,27662,26,-46,A,5c:62:8b:66:67:d2,0,19,2,17"
1791506844.649,"B,25476,10,72:3b:01:24:b7:c8,0,0,23863,20,0,S,5c:62:8b:66:67:d2,0,0,0,0"
1791506844.649,"B,25476,10,cc:b8:5e:ad:5c:4a,27606,24,1980,18,-46,S,5c:62:8b:66:67:d2,1,0,6,17"
1791506844.649,"B,25476,10,b2:db:ca:e6:29:a6,56,2,0,0,-45,S,5c:62:8b:66:67:d2,2,0,0,0"
1791506844.849,"B,25476,10,78:8c:b5:f5:e7:26,80,1,0,0,-84,A,78:8c:b5:f5:e7:26,1,0,0,0"
1791506844.849,"P,25496,1282"
1791506844.849,"P,25496,1282"
1791506844.849,"P,25496,1282"
1791506844.849,"P,25498,1282"
1791506844.849,"P,25498,422"
1791506844.849,"P,25498,422"
1791506844.849,"B,25576,10,5c:62:8b:66:67:d2,4928,10,6252,16,-46,A,5c:62:8b:66:67:d2,0,7,0,3"
1791506844.849,"B,25576,10,72:3b:01:24:b7:c8,224,8,4268,4,-41,S,5c:62:8b:66:67:d2,8,0,0,0"
1791506844.849,"B,25576,10,cc:b8:5e:ad:5c:4a,5972,6,660,6,-47,S,5c:62:8b:66:67:d2,0,2,0,4"
1791506844.849,"B,25576,10,b2:db:ca:e6:29:a6,56,2,0,0,-44,S,5c:62:8b:66:67:d2,2,0,0,0"
1791506844.849,"P,25578,1282"
1791506844.849,"P,25578,1282"
1791506844.849,"P,25578,1282"
1791506844.849,"P,25578,1282"
1791506844.849,"P,25578,1282"
1791506844.849,"P,25579,1282"
1791506844.849,"P,25656,1282"
1791506844.849,"P,25656,1282"
1791506844.849,"P,25656,1282"
1791506844.849,"P,25660,1118"
1791506844.849,"B,25676,10,5c:62:8b:66:67:d2,14835,18,12684,11,-45,A,5c:62:8b:66:67:d2,0,7,1,10"
1791506844.849,"B,25676,10,72:3b:01:24:b7:c8,0,0,14285,13,0,S,5c:62:8b:66:67:d2,0,0,0,0"
1791506844.849,"B,25676,10,cc:b8:5e:ad:5c:4a,12656,10,550,5,-47,S,5c:62:8b:66:67:d2,0,0,1,9"
1791506845.049,"B,25676,10,b2:db:ca:e6:29:a6,28,1,0,0,-46,S,5c:62:8b:66:67:d2,1,0,0,0"
1791506845.049,"P,25697,28"
1791506845.049,"P,25697,28"
1791506845.049,"P,25698,1282"
1791506845.049,"P,25698,1282"
1791506845.049,"P,25698,1282"
1791506845.049,"P,25698,1282"
1791506845.049,"P,25698,778"
1791506845.049,"P,25698,1282"
1791506845.049,"P,25699,1282"
1791506845.049,"P,25699,1282"
1791506845.049,"P,25699,1282"
1791506845.049,"P,25699,778"
1791506845.049,"B,25776,10,5c:62:8b:66:67:d2,0,0,12064,19,-49,A,5c:62:8b:66:67:d2,0,0,0,0"
1791506845.049,"B,25776,10,72:3b:01:24:b7:c8,196,7,0,0,-41,S,5c:62:8b:66:67:d2,7,0,0,0"
1791506845.049,"B,25776,10,cc:b8:5e:ad:5c:4a,11868,12,0,0,-47,S,5c:62:8b:66:67:d2,2,0,2,8"
1791506845.049,"P,25849,28"
1791506845.049,"P,25850,28"
1791506845.049,"P,25850,28"
1791506845.049,"P,25850,28"
1791506845.049,"P,25852,28"
1791506845.049,"P,25852,1282"
1791506845.049,"P,25852,1282"
1791506845.049,"P,25853,1282"
1791506845.049,"P,25853,1282"
1791506845.049,"P,25853,1282"
1791506845.049,"P,25853,1282"
1791506845.049,"P,25854,1282"
1791506845.049,"P,25854,1282"
1791506845.049,"P,25854,1282"
1791506845.049,"P,25858,1282"
1791506845.049,"P,25860,1282"
1791506845.049,"P,25861,1282"
1791506845.049,"P,25861,1282"
1791506845.049,"P,25861,1282"
1791506845.049,"P,25866,1282"
1791506845.049,"P,25869,1282"
1791506845.049,"P,25869,1282"
1791506845.049,"P,25871,1282"
1791506845.049,"P,25877,1282"
1791506845.049,"B,25876,10,5c:62:8b:66:67:d2,31600,42,24722,32,-46,A,5c:62:8b:66:67:d2,0,13,14,15"
1791506845.049,"B,25876,10,72:3b:01:24:b7:c8,140,5,30122,29,-41,S,5c:62:8b:66:67:d2,5,0,0,0"
1791506845.049,"B,25876,10,cc:b8:5e:ad:5c:4a,24498,24,1478,13,-46,S,5c:62:8b:66:67:d2,5,0,0,19"
1791506845.249,"B,25876,10,b2:db:ca:e6:29:a6,84,3,0,0,-44,S,5c:62:8b:66:67:d2,3,0,0,0"
1791506845.249,"P,25878,1282"
1791506845.249,"P,25879,1282"
1791506845.249,"P,25879,1282"
1791506845.249,"P,25879,670"
1791506845.249,"P,25883,1282"
1791506845.249,"P,25884,1282"
1791506845.249,"P,25885,746"
1791506845.249,"P,25895,1282"
1791506845.249,"P,25895,1282"
1791506845.249,"P,25896,990"
1791506845.249,"B,25976,10,5c:62:8b:66:67:d2,10342,17,11436,12,-46,A,5c:62:8b:66:67:d2,0,10,1,6"
1791506845.249,"B,25976,10,72:3b:01:24:b7:c8,28,1,9352,8,-41,S,5c:62:8b:66:67:d2,1,0,0,0"
1791506845.249,"B,25976,10,cc:b8:5e:ad:5c:4a,11380,10,990,9,-47,S,5c:62:8b:66:67:d2,0,1,2,7"
1791506845.249,"B,25976,10,b2:db:ca:e6:29:a6,28,1,0,0,-45,S,5c:62:8b:66:67:d2,1,0,0,0"
1791506845.249,"P,25976,28"
1791506845.249,"P,25977,1282"
1791506845.249,"P,25977,1282"
1791506845.249,"P,25977,1282"
1791506845.249,"P,25978,1282"
1791506845.249,"P,25978,1282"
1791506845.249,"B,26076,10,5c:62:8b:66:67:d2,0,0,6466,7,-49,A,5c:62:8b:66:67:d2,0,0,0,0"
1791506845.249,"B,26076,10,72:3b:01:24:b7:c8,28,1,0,0,-41,S,5c:62:8b:66:67:d2,1,0,0,0"
1791506845.450,"B,26076,10,cc:b8:5e:ad:5c:4a,6438,6,0,0,-45,S,5c:62:8b:66:67:d2,1,0,0,5"
1791506845.450,"P,26145,28"
1791506845.450,"P,26146,1282"
1791506845.450,"P,26146,1282"
1791506845.450,"P,26146,674"
1791506845.450,"P,26146,1282"
1791506845.450,"P,26147,1282"
1791506845.450,"P,26148,674"
1791506845.450,"P,26148,1282"
1791506845.450,"P,26149,1282"
1791506845.450,"P,26151,1282"
1791506845.450,"P,26153,1282"
1791506845.450,"P,26153,1282"
1791506845.450,"P,26154,1282"
1791506845.450,"P,26154,1282"
1791506845.450,"P,26154,1282"
1791506845.450,"P,26155,1282"
1791506845.450,"P,26157,1282"
1791506845.450,"P,26158,1282"
1791506845.450,"P,26158,1282"
1791506845.450,"P,26160,1282"
1791506845.450,"P,26161,1282"
1791506845.450,"P,26161,1282"
1791506845.450,"P,26161,1282"
1791506845.450,"P,26162,1282"
1791506845.450,"P,26162,1282"
1791506845.450,"P,26163,1282"
1791506845.450,"P,26164,1282"
1791506845.450,"P,26167,934"
1791506845.450,"P,26167,1282"
1791506845.450,"P,26172,1282"
1791506845.450,"P,26172,1282"
1791506845.450,"P,26173,1282"
1791506845.450,"P,26173,1282"
1791506845.450,"B,26176,10,5c:62:8b:66:67:d2,33844,50,39712,41,-46,A,5c:62:8b:66:67:d2,0,26,1,23"
1791506845.450,"B,26176,10,72:3b:01:24:b7:c8,196,7,31094,25,-41,S,5c:62:8b:66:67:d2,7,0,0,0"
1791506845.450,"B,26176,10,cc:b8:5e:ad:5c:4a,39488,33,2750,25,-46,S,5c:62:8b:66:67:d2,1,2,1,29"
1791506845.450,"B,26176,10,b2:db:ca:e6:29:a6,28,1,0,0,-45,S,5c:62:8b:66:67:d2,1,0,0,0"
1791506845.450,"P,26176,1282"
1791506845.450,"P,26176,1282"
1791506845.450,"P,26179,1282"
1791506845.450,"P,26179,1282"
1791506845.450,"P,26181,1282"
1791506845.450,"P,26181,1282"
1791506845.450,"P,26183,1282"
1791506845.450,"P,26183,1282"
1791506845.450,"P,26183,1282"
1791506845.450,"P,26185,1282"
1791506845.450,"P,26185,1282"
1791506845.450,"P,26189,1282"
1791506845.450,"P,26189,1282"
1791506845.450,"P,26196,1282"
1791506845.450,"P,26197,1282"
1791506845.450,"P,26197,1282"
1791506845.450,"P,26197,1282"
1791506845.450,"P,26199,1282"
1791506845.450,"P,26199,1282"
1791506845.450,"P,26199,1282"
1791506845.450,"P,26199,1282"
1791506845.450,"P,26200,1282"
1791506845.450,"P,26207,1282"
1791506845.450,"P,26208,1282"
1791506845.450,"P,26208,1282"
1791506845.450,"P,26208,1282"
1791506845.450,"P,26209,1282"
1791506845.450,"P,26209,1282"
1791506845.450,"P,26209,1282"
1791506845.450,"P,26209,1282"
1791506845.450,"P,26210,1282"
1791506845.450,"P,26210,1282"
1791506845.450,"P,26210,1282"
1791506845.450,"P,26210,1282"
1791506845.450,"P,26210,1282"
1791506845.450,"P,26211,1282"
1791506845.450,"P,26211,1282"
1791506845.450,"P,26211,1282"
1791506845.450,"P,26211,1282"
1791506845.450,"P,26211,1282"
1791506845.450,"P,26211,1282"
1791506845.450,"P,26212,1282"
1791506845.450,"P,26212,1282"
1791506845.450,"P,26212,1282"
1791506845.450,"P,26212,1282"
1791506845.450,"P,26212,1282"
1791506845.450,"P,26221,1282"
1791506845.450,"P,26221,1282"
1791506845.450,"P,26222,1282"
1791506845.450,"P,26222,1282"
1791506845.450,"P,26222,1282"
1791506845.450,"P,26239,1282"
1791506845.450,"P,26239,1282"
1791506845.450,"P,26239,1282"
1791506845.450,"P,26239,1282"
1791506845.450,"P,26240,1282"
1791506845.450,"P,26240,1282"
1791506845.450,"P,26259,28"
1791506845.450,"P,26260,1282"
1791506845.450,"P,26260,1282"
1791506845.450,"P,26260,1282"
1791506845.450,"P,26260,1282"
1791506845.450,"P,26261,1282"
1791506845.450,"P,26261,1282"
1791506845.450,"P,26262,1282"
1791506845.450,"P,26262,1282"
1791506845.450,"P,26264,1282"
1791506845.450,"P,26267,1282"
1791506845.450,"B,26276,10,5c:62:8b:66:67:d2,54470,69,85950,69,-46,A,5c:62:8b:66:67:d2,0,29,0,40"
1791506845.450,"B,26276,10,72:3b:01:24:b7:c8,0,0,51280,40,0,S,5c:62:8b:66:67:d2,0,0,0,0"
1791506845.450,"B,26276,10,cc:b8:5e:ad:5c:4a,85922,68,3190,29,-46,S,5c:62:8b:66:67:d2,1,0,0,67"
1791506845.450,"B,26276,10,b2:db:ca:e6:29:a6,28,1,0,0,-45,S,5c:62:8b:66:67:d2,1,0,0,0"
1791506845.650,"B,26376,10,5c:62:8b:66:67:d2,0,0,168,6,-49,A,5c:62:8b:66:67:d2,0,0,0,0"
1791506845.650,"B,26376,10,72:3b:01:24:b7:c8,56,2,0,0,-42,S,5c:62:8b:66:67:d2,2,0,0,0"
1791506845.650,"B,26376,10,b2:db:ca:e6:29:a6,112,4,0,0,-45,S,5c:62:8b:66:67:d2,4,0,0,0"
1791506845.650,"B,26376,10,78:8c:b5:f5:e7:26,0,0,28,1,-84,A,78:8c:b5:f5:e7:26,0,0,0,0"
1791506845.650,"B,26376,10,00:08:22:24:d6:fb,28,1,0,0,-78,S,78:8c:b5:f5:e7:26,1,0,0,0"
1791506845.650,"B,26476,10,5c:62:8b:66:67:d2,0,0,112,4,-49,A,5c:62:8b:66:67:d2,0,0,0,0"
1791506845.650,"B,26476,10,72:3b:01:24:b7:c8,84,3,0,0,-41,S,5c:62:8b:66:67:d2,3,0,0,0"
1791506845.650,"B,26476,10,b2:db:ca:e6:29:a6,28,1,0,0,-45,S,5c:62:8b:66:67:d2,1,0,0,0"
1791506845.650,"B,26476,10,78:8c:b5:f5:e7:26,0,0,28,1,0,A,78:8c:b5:f5:e7:26,0,0,0,0"
1791506845.650,"B,26476,10,00:08:22:24:d6:fb,28,1,0,0,-78,S,78:8c:b5:f5:e7:26,1,0,0,0"
1791506845.851,"P,26533,28"
1791506845.851,"P,26534,1282"
1791506845.851,"P,26535,1282"
1791506845.851,"P,26535,1282"
1791506845.851,"P,26535,1282"
1791506845.851,"P,26536,1282"
1791506845.851,"P,26536,1282"
1791506845.851,"P,26536,1282"
1791506845.851,"P,26536,1282"
1791506845.851,"P,26537,1282"
1791506845.851,"P,26537,1282"
1791506845.851,"P,26537,1282"
1791506845.851,"P,26537,1282"
1791506845.851,"P,26537,1282"
1791506845.851,"P,26537,1282"
1791506845.851,"P,26547,1282"
1791506845.851,"P,26553,1282"
1791506845.851,"P,26553,1282"
1791506845.851,"P,26554,1282"
1791506845.851,"P,26554,1282"
1791506845.851,"P,26554,1282"
1791506845.851,"P,26554,1282"
1791506845.851,"P,26554,1282"
1791506845.851,"P,26554,1282"
1791506845.851,"P,26554,1282"
1791506845.851,"P,26554,1282"
1791506845.851,"P,26556,1282"
1791506845.851,"P,26556,1282"
1791506845.851,"P,26559,1282"
1791506845.851,"P,26559,1282"
1791506845.851,"P,26559,1282"
1791506845.851,"P,26566,1282"
1791506845.851,"P,26567,1282"
1791506845.851,"P,26567,1282"
1791506845.851,"P,26569,1282"
1791506845.851,"P,26569,1282"
1791506845.851,"P,26570,1282"
1791506845.851,"P,26570,1282"
1791506845.851,"P,26570,1282"
1791506845.851,"P,26570,1282"
1791506845.851,"P,26570,1282"
1791506845.851,"P,26570,1282"
1791506845.851,"P,26572,1282"
1791506845.851,"P,26573,1282"
1791506845.851,"P,26573,1282"
1791506845.851,"P,26574,1282"
1791506845.851,"P,26574,1282"
1791506845.851,"P,26574,1282"
1791506845.851,"P,26574,1282"
1791506845.851,"P,26574,1282"
1791506845.851,"B,26576,10,5c:62:8b:66:67:d2,37821,55,62902,52,-45,A,5c:62:8b:66:67:d2,0,28,0,27"
1791506845.851,"B,26576,10,72:3b:01:24:b7:c8,0,0,34979,30,0,S,5c:62:8b:66:67:d2,0,0,0,0"
1791506845.851,"B,26576,10,cc:b8:5e:ad:5c:4a,62846,50,2842,25,-46,S,5c:62:8b:66:67:d2,1,0,0,49"
1791506845.851,"B,26576,10,b2:db:ca:e6:29:a6,56,2,0,0,-45,S,5c:62:8b:66:67:d2,2,0,0,0"
1791506845.851,"P,26578,1282"
1791506845.851,"P,26585,1282"
1791506845.851,"P,26585,1282"
1791506845.851,"P,26586,1282"
1791506845.851,"P,26586,1282"
1791506845.851,"P,26587,1282"
1791506845.851,"P,26587,1282"
1791506845.851,"P,26587,1282"
1791506845.851,"P,26589,1282"
1791506845.851,"P,26589,1282"
1791506845.851,"P,26589,1282"
1791506845.851,"P,26597,1282"
1791506845.851,"P,26598,1282"
1791506845.851,"P,26598,1282"
1791506845.851,"P,26599,1282"
1791506845.851,"P,26599,1282"
1791506845.851,"P,26601,1282"
1791506845.851,"P,26603,1282"
1791506845.851,"P,26603,1282"
1791506845.851,"P,26603,1090"
1791506845.851,"P,26606,1282"
1791506845.851,"P,26609,1282"
1791506845.851,"P,26609,378"
1791506845.851,"P,26610,1282"
1791506845.851,"P,26610,1282"
1791506845.851,"P,26611,1282"
1791506845.851,"P,26611,1282"
1791506845.851,"P,26611,1210"
1791506845.851,"P,26613,1282"
1791506845.851,"P,26613,1282"
1791506845.851,"P,26619,1282"
1791506845.851,"P,26623,1282"
1791506845.851,"P,26623,578"
1791506845.851,"P,26623,1282"
1791506845.851,"P,26625,1282"
1791506845.851,"P,26625,1282"
1791506845.851,"P,26626,1282"
1791506845.851,"P,26626,1282"
1791506845.851,"P,26626,1230"
1791506845.851,"P,26626,1282"
1791506845.851,"P,26628,1282"
1791506845.851,"P,26628,1282"
1791506845.851,"P,26629,1282"
1791506845.851,"P,26629,1282"
1791506845.851,"P,26629,1282"
1791506845.851,"P,26629,1282"
1791506845.851,"P,26632,378"
1791506845.851,"P,26632,1282"
1791506845.851,"P,26632,906"
1791506845.851,"P,26637,28"
1791506845.851,"P,26638,1282"
1791506845.851,"P,26638,1282"
1791506845.851,"P,26650,1282"
1791506845.851,"P,26651,1282"
1791506845.851,"P,26651,1282"
1791506845.851,"P,26651,1282"
1791506845.851,"P,26652,1214"
1791506845.851,"P,26658,1282"
1791506845.851,"P,26659,1282"
1791506845.851,"P,26659,1282"
1791506845.851,"P,26660,1214"
1791506845.851,"P,26660,1282"
1791506845.851,"P,26660,1282"
1791506845.851,"P,26660,1282"
1791506845.851,"P,26660,794"
1791506845.851,"B,26676,10,5c:62:8b:66:67:d2,77254,93,78444,72,-46,A,5c:62:8b:66:67:d2,0,36,3,54"
1791506845.851,"B,26676,10,72:3b:01:24:b7:c8,168,6,73734,61,-43,S,5c:62:8b:66:67:d2,6,0,0,0"
1791506845.851,"B,26676,10,cc:b8:5e:ad:5c:4a,78248,65,3520,32,-46,S,5c:62:8b:66:67:d2,1,3,3,58"
1791506845.851,"B,26676,10,b2:db:ca:e6:29:a6,28,1,0,0,-45,S,5c:62:8b:66:67:d2,1,0,0,0"
1791506846.051,"P,26696,1282"
1791506846.051,"P,26696,1282"
1791506846.051,"P,26697,1282"
1791506846.051,"P,26697,1282"
1791506846.051,"P,26697,902"
1791506846.051,"B,26776,10,5c:62:8b:66:67:d2,13830,26,6226,12,-46,A,5c:62:8b:66:67:d2,0,16,2,8"
1791506846.051,"B,26776,10,72:3b:01:24:b7:c8,112,4,13280,21,-41,S,5c:62:8b:66:67:d2,4,0,0,0"
1791506846.051,"B,26776,10,cc:b8:5e:ad:5c:4a,6030,5,550,5,-47,S,5c:62:8b:66:67:d2,0,0,1,4"
1791506846.051,"B,26776,10,b2:db:ca:e6:29:a6,84,3,0,0,-45,S,5c:62:8b:66:67:d2,3,0,0,0"
1791506846.051,"P,26776,28"
1791506846.051,"P,26778,1282"
1791506846.051,"P,26779,1282"
1791506846.051,"P,26779,1282"
1791506846.051,"P,26779,1282"
1791506846.051,"P,26779,1282"
1791506846.051,"P,26787,1282"
1791506846.051,"P,26787,1282"
1791506846.051,"P,26788,1282"
1791506846.051,"P,26788,1282"
1791506846.051,"P,26790,1282"
1791506846.051,"P,26790,1278"
1791506846.051,"P,26856,1282"
1791506846.051,"P,26856,1282"
1791506846.051,"P,26857,1282"
1791506846.051,"P,26857,366"
1791506846.051,"B,26876,10,5c:62:8b:66:67:d2,20692,26,18366,17,-46,A,5c:62:8b:66:67:d2,0,11,0,15"
1791506846.051,"B,26876,10,72:3b:01:24:b7:c8,0,0,19592,16,0,S,5c:62:8b:66:67:d2,0,0,0,0"
1791506846.051,"B,26876,10,cc:b8:5e:ad:5c:4a,18338,16,1100,10,-47,S,5c:62:8b:66:67:d2,1,1,0,14"
1791506846.051,"B,26876,10,b2:db:ca:e6:29:a6,28,1,0,0,-45,S,5c:62:8b:66:67:d2,1,0,0,0"
1791506846.252,"P,26896,28"
1791506846.252,"P,26897,1282"
1791506846.252,"P,26897,1282"
1791506846.252,"P,26897,1282"
1791506846.252,"P,26897,690"
1791506846.252,"P,26977,1282"
1791506846.252,"B,26976,10,5c:62:8b:66:67:d2,4756,6,5986,11,-46,A,5c:62:8b:66:67:d2,0,3,0,3"
1791506846.252,"B,26976,10,72:3b:01:24:b7:c8,84,3,4536,4,-41,S,5c:62:8b:66:67:d2,3,0,0,0"
1791506846.252,"B,26976,10,cc:b8:5e:ad:5c:4a,5846,6,220,2,-47,S,5c:62:8b:66:67:d2,1,1,0,4"
1791506846.252,"B,26976,10,b2:db:ca:e6:29:a6,56,2,0,0,-46,S,5c:62:8b:66:67:d2,2,0,0,0"
1791506846.252,"P,26977,1282"
1791506846.252,"P,26977,1282"
1791506846.252,"P,26978,1282"
1791506846.252,"P,26978,1282"
1791506846.252,"P,26979,1282"
1791506846.252,"P,26979,1282"
1791506846.252,"P,26979,1282"
1791506846.252,"P,26979,1282"
1791506846.252,"P,26979,1282"
1791506846.252,"P,26980,1282"
1791506846.252,"P,26980,1282"
1791506846.252,"P,26980,1282"
1791506846.252,"P,26980,1282"
1791506846.252,"P,26981,1282"
1791506846.252,"P,26981,1282"
1791506846.252,"P,26981,1282"
1791506846.252,"P,26981,1282"
1791506846.252,"P,27052,28"
1791506846.252,"P,27053,1282"
1791506846.252,"P,27053,1282"
1791506846.252,"P,27054,1282"
1791506846.252,"P,27054,1282"
1791506846.252,"P,27058,1282"
1791506846.252,"P,27058,1202"
1791506846.252,"P,27058,1282"
1791506846.252,"P,27058,1282"
1791506846.252,"P,27059,182"
1791506846.252,"B,27076,10,5c:62:8b:66:67:d2,22226,31,32460,37,-46,A,5c:62:8b:66:67:d2,0,15,0,16"
1791506846.252,"B,27076,10,72:3b:01:24:b7:c8,252,9,20906,19,-42,S,5c:62:8b:66:67:d2,9,0,0,0"
1791506846.252,"B,27076,10,cc:b8:5e:ad:5c:4a,32180,27,1320,12,-47,S,5c:62:8b:66:67:d2,1,1,0,25"
1791506846.252,"B,27076,10,b2:db:ca:e6:29:a6,28,1,0,0,-45,S,5c:62:8b:66:67:d2,1,0,0,0"
1791506846.252,"B,27076,10,b0:a7:b9:23:82:ee,0,0,30,1,-88,A,b0:a7:b9:23:82:ee,0,0,0,0"
1791506846.252,"B,27076,10,f2:51:4e:f8:1a:7f,30,1,0,0,-90,S,b0:a7:b9:23:82:ee,1,0,0,0"
1791506846.453,"P,27096,1282"
1791506846.453,"P,27097,1282"
1791506846.453,"P,27097,1282"
1791506846.453,"P,27097,686"
1791506846.453,"P,27176,28"
1791506846.453,"B,27176,10,5c:62:8b:66:67:d2,4752,6,4560,5,-46,A,5c:62:8b:66:67:d2,0,3,0,3"
1791506846.453,"B,27176,10,72:3b:01:24:b7:c8,0,0,4532,4,0,S,5c:62:8b:66:67:d2,0,0,0,0"
1791506846.453,"B,27176,10,cc:b8:5e:ad:5c:4a,4560,5,220,2,-45,S,5c:62:8b:66:67:d2,1,1,0,3"
1791506846.453,"P,27177,1282"
1791506846.453,"P,27177,1282"
1791506846.453,"P,27177,1282"
1791506846.453,"P,27177,1282"
1791506846.453,"P,27178,1282"
1791506846.453,"P,27178,1282"
1791506846.453,"P,27178,1282"
1791506846.453,"P,27178,1282"
1791506846.453,"P,27178,1282"
1791506846.453,"P,27179,1282"
1791506846.453,"P,27179,1282"
1791506846.453,"P,27179,1282"
1791506846.453,"P,27179,1282"
1791506846.453,"P,27179,1282"
1791506846.453,"P,27181,1282"
1791506846.453,"P,27181,1282"
1791506846.453,"P,27183,1282"
1791506846.453,"P,27187,1282"
1791506846.453,"P,27188,1282"
1791506846.453,"P,27189,314"
1791506846.453,"P,27256,1282"
1791506846.453,"P,27256,1282"
1791506846.453,"P,27256,1282"
1791506846.453,"P,27258,1282"
1791506846.453,"P,27258,186"
1791506846.453,"B,27276,10,5c:62:8b:66:67:d2,20500,24,30070,28,-45,A,5c:62:8b:66:67:d2,0,9,0,15"
1791506846.453,"B,27276,10,72:3b:01:24:b7:c8,84,3,19730,17,-41,S,5c:62:8b:66:67:d2,3,0,0,0"
1791506846.453,"B,27276,10,cc:b8:5e:ad:5c:4a,29986,25,770,7,-46,S,5c:62:8b:66:67:d2,0,2,0,23"
1791506846.655,"P,27297,28"
1791506846.655,"P,27297,1282"
1791506846.655,"P,27298,1282"
1791506846.655,"P,27298,1282"
1791506846.655,"P,27298,1282"
1791506846.655,"P,27298,562"
1791506846.655,"B,27376,10,5c:62:8b:66:67:d2,7213,18,5830,10,-46,A,5c:62:8b:66:67:d2,0,14,0,4"
1791506846.655,"B,27376,10,72:3b:01:24:b7:c8,112,4,6113,8,-41,S,5c:62:8b:66:67:d2,4,0,0,0"
1791506846.655,"B,27376,10,cc:b8:5e:ad:5c:4a,5718,6,1100,10,-46,S,5c:62:8b:66:67:d2,1,1,0,4"
1791506846.655,"P,27377,1282"
1791506846.655,"P,27377,1282"
1791506846.655,"P,27377,1282"
1791506846.655,"P,27377,1282"
1791506846.655,"P,27378,1282"
1791506846.655,"P,27382,1282"
1791506846.655,"P,27383,1282"
1791506846.655,"P,27383,1282"
1791506846.655,"P,27383,1282"
1791506846.655,"P,27383,1282"
1791506846.655,"P,27383,1282"
1791506846.655,"P,27384,1282"
1791506846.655,"P,27384,1282"
1791506846.655,"P,27384,1282"
1791506846.655,"P,27384,1282"
1791506846.655,"P,27385,1282"
1791506846.655,"P,27385,1282"
1791506846.655,"P,27385,1282"
1791506846.655,"P,27385,630"
1791506846.655,"P,27387,1282"
1791506846.655,"P,27388,1282"
1791506846.655,"P,27388,1282"
1791506846.655,"P,27389,1282"
1791506846.655,"P,27389,1282"
1791506846.655,"P,27389,1282"
1791506846.655,"P,27389,630"
1791506846.655,"P,27391,1282"
1791506846.655,"P,27393,1282"
1791506846.655,"P,27393,1282"
1791506846.655,"P,27393,1282"
1791506846.655,"P,27394,1282"
1791506846.655,"P,27394,630"
1791506846.655,"P,27456,28"
1791506846.655,"P,27457,1282"
1791506846.655,"P,27457,1282"
1791506846.655,"P,27457,1282"
1791506846.655,"P,27457,506"
1791506846.655,"B,27476,10,5c:62:8b:66:67:d2,20563,28,43448,37,-46,A,5c:62:8b:66:67:d2,0,14,0,14"
1791506846.655,"B,27476,10,72:3b:01:24:b7:c8,0,0,19683,20,0,S,5c:62:8b:66:67:d2,0,0,0,0"
1791506846.655,"B,27476,10,cc:b8:5e:ad:5c:4a,43448,37,880,8,-46,S,5c:62:8b:66:67:d2,1,4,0,32"
1791506846.855,"P,27496,1282"
1791506846.855,"P,27496,1282"
1791506846.855,"P,27497,1282"
1791506846.855,"P,27497,1282"
1791506846.855,"P,27497,358"
1791506846.855,"P,27576,28"
1791506846.855,"B,27576,10,5c:62:8b:66:67:d2,9910,11,5626,10,-47,A,5c:62:8b:66:67:d2,0,4,0,7"
1791506846.855,"B,27576,10,72:3b:01:24:b7:c8,112,4,9690,9,-41,S,5c:62:8b:66:67:d2,4,0,0,0"
1791506846.855,"B,27576,10,cc:b8:5e:ad:5c:4a,5514,6,220,2,-46,S,5c:62:8b:66:67:d2,1,1,0,4"
1791506846.855,"P,27577,28"
1791506846.855,"P,27577,1282"
1791506846.855,"P,27578,1282"
1791506846.855,"P,27578,1282"
1791506846.855,"P,27578,1282"
1791506846.855,"P,27578,1282"
1791506846.855,"P,27583,1282"
1791506846.855,"P,27583,1282"
1791506846.855,"P,27585,1282"
1791506846.855,"P,27585,1282"
1791506846.855,"P,27585,1282"
1791506846.855,"P,27585,1222"
1791506846.855,"P,27586,1282"
1791506846.855,"P,27586,1282"
1791506846.855,"P,27586,1282"
1791506846.855,"P,27586,1222"
1791506846.855,"P,27587,1282"
1791506846.855,"P,27587,1282"
1791506846.855,"P,27587,1282"
1791506846.855,"P,27587,1222"
1791506846.855,"P,27590,1282"
1791506846.855,"P,27593,1282"
1791506846.855,"P,27596,1282"
1791506846.855,"P,27599,1222"
1791506846.855,"P,27656,1282"
1791506846.855,"P,27656,1282"
1791506846.855,"P,27657,1282"
1791506846.855,"P,27657,382"
1791506846.855,"B,27676,10,5c:62:8b:66:67:d2,16796,22,33642,33,-47,A,5c:62:8b:66:67:d2,0,10,0,12"
1791506846.855,"B,27676,10,72:3b:01:24:b7:c8,140,5,15916,14,-41,S,5c:62:8b:66:67:d2,5,0,0,0"
1791506846.855,"B,27676,10,cc:b8:5e:ad:5c:4a,33502,28,880,8,-45,S,5c:62:8b:66:67:d2,1,1,0,26"
1791506846.855,"B,27676,10,b0:a7:b9:23:82:ee,0,0,30,1,-91,A,b0:a7:b9:23:82:ee,0,0,0,0"
1791506846.855,"B,27676,10,f2:51:4e:f8:1a:7f,30,1,0,0,-89,S,b0:a7:b9:23:82:ee,1,0,0,0"
1791506847.057,"P,27696,28"
1791506847.057,"P,27697,1282"
1791506847.057,"P,27697,1282"
1791506847.057,"P,27697,1282"
1791506847.057,"P,27697,1282"
1791506847.057,"P,27697,1138"
1791506847.057,"P,27777,1282"
1791506847.057,"B,27776,10,5c:62:8b:66:67:d2,6486,7,7856,17,-47,A,5c:62:8b:66:67:d2,0,2,1,4"
1791506847.057,"B,27776,10,72:3b:01:24:b7:c8,280,10,6266,5,-41,S,5c:62:8b:66:67:d2,10,0,0,0"
1791506847.057,"B,27776,10,cc:b8:5e:ad:5c:4a,7576,7,220,2,-46,S,5c:62:8b:66:67:d2,1,0,1,5"
1791506847.057,"P,27777,1282"
1791506847.057,"P,27778,1282"
1791506847.057,"P,27778,1282"
1791506847.057,"P,27778,1282"
1791506847.057,"P,27785,1282"
1791506847.057,"P,27786,1282"
1791506847.057,"P,27786,1282"
1791506847.057,"P,27787,1282"
1791506847.057,"P,27787,1282"
1791506847.057,"P,27787,630"
1791506847.057,"P,27856,28"
1791506847.057,"P,27856,1282"
1791506847.057,"P,27857,1282"
1791506847.057,"P,27857,266"
1791506847.057,"B,27876,10,5c:62:8b:66:67:d2,17050,21,15194,20,-46,A,5c:62:8b:66:67:d2,0,9,0,12"
1791506847.057,"B,27876,10,72:3b:01:24:b7:c8,168,6,16280,14,-41,S,5c:62:8b:66:67:d2,6,0,0,0"
1791506847.057,"B,27876,10,cc:b8:5e:ad:5c:4a,15026,14,770,7,-47,S,5c:62:8b:66:67:d2,1,2,0,11"
1791506847.258,"P,27897,1282"
1791506847.258,"P,27897,1282"
1791506847.258,"P,27897,1282"
1791506847.258,"P,27897,1282"
1791506847.258,"P,27897,1194"
1791506847.258,"P,27898,1282"
1791506847.258,"P,27899,1282"
1791506847.258,"P,27899,1194"
1791506847.258,"P,27900,1282"
1791506847.258,"P,27900,1282"
1791506847.258,"P,27900,1194"
1791506847.258,"B,27976,10,5c:62:8b:66:67:d2,3978,5,14062,19,-46,A,5c:62:8b:66:67:d2,0,2,1,2"
1791506847.258,"B,27976,10,72:3b:01:24:b7:c8,140,5,3758,3,-41,S,5c:62:8b:66:67:d2,5,0,0,0"
1791506847.258,"B,27976,10,cc:b8:5e:ad:5c:4a,13838,11,220,2,-47,S,5c:62:8b:66:67:d2,0,0,3,8"
1791506847.258,"B,27976,10,b2:db:ca:e6:29:a6,84,3,0,0,-45,S,5c:62:8b:66:67:d2,3,0,0,0"
1791506847.258,"P,27979,28"
1791506847.258,"P,27980,1282"
1791506847.258,"P,27980,1282"
1791506847.258,"P,27980,1282"
1791506847.258,"P,27980,1282"
1791506847.258,"P,27980,1282"
1791506847.258,"P,27989,1282"
1791506847.258,"P,27989,1282"
1791506847.258,"P,27989,1282"
1791506847.258,"P,27989,130"
1791506847.258,"P,28056,1282"
1791506847.258,"P,28057,1282"
1791506847.258,"P,28057,1282"
1791506847.258,"P,28057,1282"
1791506847.258,"P,28057,634"
1791506847.258,"B,28076,10,5c:62:8b:66:67:d2,11077,15,16372,22,-46,A,5c:62:8b:66:67:d2,0,7,0,8"
1791506847.258,"B,28076,10,72:3b:01:24:b7:c8,196,7,10527,10,-42,S,5c:62:8b:66:67:d2,7,0,0,0"
1791506847.258,"B,28076,10,cc:b8:5e:ad:5c:4a,16176,15,550,5,-46,S,5c:62:8b:66:67:d2,1,2,0,12"
1791506847.258,"P,28085,28"
1791506847.258,"P,28085,28"
1791506847.258,"P,28086,202"
1791506847.458,"P,28090,202"
1791506847.458,"P,28097,1282"
1791506847.458,"P,28097,1282"
1791506847.458,"P,28098,1282"
1791506847.458,"P,28098,1282"
1791506847.458,"P,28098,1282"
1791506847.458,"P,28098,1282"
1791506847.458,"P,28099,1282"
1791506847.458,"P,28099,1282"
1791506847.458,"P,28099,1282"
1791506847.458,"P,28099,1282"
1791506847.458,"P,28102,1282"
1791506847.458,"P,28106,1282"
1791506847.458,"P,28109,1282"
1791506847.458,"P,28112,1282"
1791506847.458,"P,28114,1282"
1791506847.458,"P,28118,1258"
1791506847.458,"P,28177,1282"
1791506847.458,"B,28176,10,5c:62:8b:66:67:d2,15881,21,22398,27,-47,A,5c:62:8b:66:67:d2,0,10,0,11"
1791506847.458,"B,28176,10,72:3b:01:24:b7:c8,112,4,15035,14,-42,S,5c:62:8b:66:67:d2,4,0,0,0"
1791506847.458,"B,28176,10,cc:b8:5e:ad:5c:4a,22230,21,846,7,-44,S,5c:62:8b:66:67:d2,2,2,0,17"
1791506847.458,"B,28176,10,b2:db:ca:e6:29:a6,56,2,0,0,-45,S,5c:62:8b:66:67:d2,2,0,0,0"
1791506847.458,"P,28177,1282"
1791506847.458,"P,28178,1282"
1791506847.458,"P,28178,1282"
1791506847.458,"P,28178,1282"
1791506847.458,"P,28183,1282"
1791506847.458,"P,28184,1282"
1791506847.458,"P,28184,1282"
1791506847.458,"P,28184,1282"
1791506847.458,"P,28185,1282"
1791506847.458,"P,28186,28"
1791506847.458,"P,28187,1282"
1791506847.458,"P,28187,1282"
1791506847.458,"P,28187,1282"
1791506847.458,"P,28188,882"
1791506847.458,"P,28256,1282"
1791506847.458,"P,28257,1282"
1791506847.458,"P,28257,534"
1791506847.458,"P,28258,1282"
1791506847.458,"P,28258,1282"
1791506847.458,"P,28258,534"
1791506847.458,"B,28276,10,5c:62:8b:66:67:d2,15644,18,22602,24,-47,A,5c:62:8b:66:67:d2,0,6,1,11"
1791506847.458,"B,28276,10,72:3b:01:24:b7:c8,56,2,14984,12,-42,S,5c:62:8b:66:67:d2,2,0,0,0"
1791506847.458,"B,28276,10,cc:b8:5e:ad:5c:4a,22490,20,660,6,-46,S,5c:62:8b:66:67:d2,1,2,1,16"
1791506847.458,"B,28276,10,b2:db:ca:e6:29:a6,56,2,0,0,-46,S,5c:62:8b:66:67:d2,2,0,0,0"
1791506847.458,"B,28276,10,80:af:ca:68:4c:f8,104,1,0,0,-87,A,80:af:ca:68:4c:f8,0,1,0,0"
1791506847.661,"P,28296,28"
1791506847.661,"P,28296,1282"
1791506847.661,"P,28296,1282"
1791506847.661,"B,28376,10,5c:62:8b:66:67:d2,0,0,2760,9,-48,A,5c:62:8b:66:67:d2,0,0,0,0"
1791506847.661,"B,28376,10,72:3b:01:24:b7:c8,140,5,0,0,-41,S,5c:62:8b:66:67:d2,5,0,0,0"
1791506847.661,"B,28376,10,cc:b8:5e:ad:5c:4a,2592,3,0,0,-45,S,5c:62:8b:66:67:d2,1,0,0,2"
1791506847.661,"B,28376,10,b2:db:ca:e6:29:a6,28,1,0,0,-45,S,5c:62:8b:66:67:d2,1,0,0,0"
1791506847.661,"P,28385,1282"
1791506847.661,"P,28386,286"
1791506847.661,"P,28386,1282"
1791506847.661,"P,28386,1282"
1791506847.661,"P,28390,1282"
1791506847.661,"P,28390,1282"
1791506847.661,"P,28390,1282"
1791506847.661,"P,28399,1282"
1791506847.661,"P,28399,1282"
1791506847.661,"P,28399,1154"
1791506847.661,"P,28456,28"
1791506847.661,"P,28457,1282"
1791506847.661,"P,28457,1282"
1791506847.661,"P,28457,1282"
1791506847.661,"P,28457,1258"
1791506847.661,"B,28476,10,5c:62:8b:66:67:d2,18732,27,16968,20,-47,A,5c:62:8b:66:67:d2,0,14,1,12"
1791506847.661,"B,28476,10,72:3b:01:24:b7:c8,140,5,17852,19,-42,S,5c:62:8b:66:67:d2,5,0,0,0"
1791506847.661,"B,28476,10,cc:b8:5e:ad:5c:4a,16828,15,880,8,-46,S,5c:62:8b:66:67:d2,1,1,1,12"
1791506847.864,"P,28497,1282"
1791506847.864,"P,28497,1282"
1791506847.864,"P,28499,1282"
1791506847.864,"B,28576,10,5c:62:8b:66:67:d2,0,0,3874,4,-49,A,5c:62:8b:66:67:d2,0,0,0,0"
1791506847.864,"B,28576,10,72:3b:01:24:b7:c8,28,1,0,0,-42,S,5c:62:8b:66:67:d2,1,0,0,0"
1791506847.864,"B,28576,10,cc:b8:5e:ad:5c:4a,3846,3,0,0,-47,S,5c:62:8b:66:67:d2,0,0,0,3"
1791506847.864,"P,28596,28"
1791506847.864,"P,28597,1282"
1791506847.864,"P,28597,1282"
1791506847.864,"P,28598,1282"
1791506847.864,"P,28598,934"
1791506847.864,"P,28599,1282"
1791506847.864,"P,28599,1282"
1791506847.864,"P,28599,1282"
1791506847.864,"P,28599,1282"
1791506847.864,"P,28606,1282"
1791506847.864,"P,28610,1282"
1791506847.864,"P,28611,1282"
1791506847.864,"P,28611,1282"
1791506847.864,"P,28612,1282"
1791506847.864,"P,28612,1282"
1791506847.864,"P,28612,1282"
1791506847.864,"P,28612,1282"
1791506847.864,"P,28612,1282"
1791506847.864,"P,28613,1282"
1791506847.864,"P,28613,1282"
1791506847.864,"P,28613,1282"
1791506847.864,"P,28613,1282"
1791506847.864,"P,28614,1282"
1791506847.864,"P,28614,1282"
1791506847.864,"P,28614,1282"
1791506847.864,"P,28614,826"
1791506847.864,"P,28616,1282"
1791506847.864,"P,28617,1282"
1791506847.864,"P,28617,1282"
1791506847.864,"P,28618,1282"
1791506847.864,"P,28618,1282"
1791506847.864,"P,28618,1282"
1791506847.864,"P,28618,1282"
1791506847.864,"P,28618,826"
1791506847.864,"P,28620,1282"
1791506847.864,"P,28621,1282"
1791506847.864,"P,28621,1282"
1791506847.864,"P,28622,1282"
1791506847.864,"P,28622,1282"
1791506847.864,"P,28656,1282"
1791506847.864,"P,28656,870"
1791506847.864,"B,28676,10,5c:62:8b:66:67:d2,28494,35,49636,41,-47,A,5c:62:8b:66:67:d2,0,13,3,19"
1791506847.864,"B,28676,10,72:3b:01:24:b7:c8,0,0,27174,23,0,S,5c:62:8b:66:67:d2,0,0,0,0"
1791506847.864,"B,28676,10,cc:b8:5e:ad:5c:4a,49636,41,1320,12,-46,S,5c:62:8b:66:67:d2,1,0,4,36"
1791506848.064,"P,28696,1282"
1791506848.064,"P,28696,1282"
1791506848.064,"P,28697,1282"
1791506848.064,"P,28776,28"
1791506848.064,"B,28776,10,5c:62:8b:66:67:d2,4101,5,3986,8,-48,A,5c:62:8b:66:67:d2,0,2,0,3"
1791506848.064,"B,28776,10,72:3b:01:24:b7:c8,112,4,3991,4,-41,S,5c:62:8b:66:67:d2,4,0,0,0"
1791506848.064,"B,28776,10,cc:b8:5e:ad:5c:4a,3874,4,110,1,-46,S,5c:62:8b:66:67:d2,1,0,0,3"
1791506848.064,"P,28777,1282"
1791506848.064,"P,28777,1282"
1791506848.064,"P,28777,1282"
1791506848.064,"P,28777,1282"
1791506848.064,"P,28799,1282"
1791506848.064,"P,28799,1282"
1791506848.064,"P,28799,1282"
1791506848.064,"P,28799,262"
1791506848.064,"P,28857,1282"
1791506848.064,"P,28857,1282"
1791506848.064,"P,28857,1126"
1791506848.064,"P,28858,1282"
1791506848.064,"P,28858,1126"
1791506848.064,"B,28876,10,5c:62:8b:66:67:d2,15528,24,15446,17,-47,A,5c:62:8b:66:67:d2,0,13,1,10"
1791506848.064,"B,28876,10,72:3b:01:24:b7:c8,112,4,14208,12,-41,S,5c:62:8b:66:67:d2,4,0,0,0"
1791506848.064,"B,28876,10,cc:b8:5e:ad:5c:4a,15334,13,1320,12,-46,S,5c:62:8b:66:67:d2,0,1,2,10"
1791506848.064,"P,28896,28"
1791506848.266,"P,28897,1282"
1791506848.266,"P,28897,1282"
1791506848.266,"P,28897,1282"
1791506848.266,"P,28897,1282"
1791506848.266,"P,28898,1282"
1791506848.266,"P,28902,202"
1791506848.266,"P,28977,1282"
1791506848.266,"B,28976,10,5c:62:8b:66:67:d2,642,5,7922,8,-48,A,5c:62:8b:66:67:d2,0,5,0,0"
1791506848.266,"B,28976,10,72:3b:01:24:b7:c8,0,0,202,1,0,S,5c:62:8b:66:67:d2,0,0,0,0"
1791506848.266,"B,28976,10,cc:b8:5e:ad:5c:4a,7922,8,440,4,-47,S,5c:62:8b:66:67:d2,1,1,0,6"
1791506848.266,"P,28977,1282"
1791506848.266,"P,28977,1282"
1791506848.266,"P,28979,1282"
1791506848.266,"P,28979,1282"
1791506848.266,"P,28982,1282"
1791506848.266,"P,28983,1282"
1791506848.266,"P,28983,1282"
1791506848.266,"P,28983,1282"
1791506848.266,"P,28985,1282"
1791506848.266,"P,28985,1282"
1791506848.266,"P,28985,1246"
1791506848.266,"P,29056,28"
1791506848.266,"P,29056,1282"
1791506848.266,"P,29057,1282"
1791506848.266,"P,29057,790"
1791506848.266,"B,29076,10,5c:62:8b:66:67:d2,16008,18,17560,19,-48,A,5c:62:8b:66:67:d2,0,6,0,12"
1791506848.266,"B,29076,10,72:3b:01:24:b7:c8,112,4,15348,12,-41,S,5c:62:8b:66:67:d2,4,0,0,0"
1791506848.266,"B,29076,10,cc:b8:5e:ad:5c:4a,17448,15,660,6,-47,S,5c:62:8b:66:67:d2,1,0,1,13"
1791506848.467,"P,29098,126"
1791506848.467,"P,29098,1282"
1791506848.467,"P,29099,126"
1791506848.467,"P,29099,1282"
1791506848.467,"P,29099,1282"
1791506848.467,"P,29106,1282"
1791506848.467,"P,29108,1282"
1791506848.467,"P,29108,1282"
1791506848.467,"P,29108,1282"
1791506848.467,"P,29108,1282"
1791506848.467,"P,29110,1282"
1791506848.467,"P,29110,1282"
1791506848.467,"P,29110,1282"
1791506848.467,"P,29110,1282"
1791506848.467,"P,29118,1282"
1791506848.467,"P,29119,1282"
1791506848.467,"P,29119,1282"
1791506848.467,"P,29119,1282"
1791506848.467,"P,29120,1282"
1791506848.467,"P,29120,1282"
1791506848.467,"P,29120,1282"
1791506848.467,"P,29121,1282"
1791506848.467,"P,29122,1282"
1791506848.467,"P,29122,1282"
1791506848.467,"P,29123,1282"
1791506848.467,"P,29123,1282"
1791506848.467,"P,29123,1282"
1791506848.467,"P,29124,1282"
1791506848.467,"P,29124,1282"
1791506848.467,"P,29124,1282"
1791506848.467,"P,29124,1282"
1791506848.467,"P,29125,1282"
1791506848.467,"P,29125,1282"
1791506848.467,"P,29125,1282"
1791506848.467,"P,29125,1282"
1791506848.467,"P,29125,1282"
1791506848.467,"P,29125,1282"
1791506848.467,"P,29126,1282"
1791506848.467,"P,29129,1282"
1791506848.467,"P,29130,1282"
1791506848.467,"P,29130,1282"
1791506848.467,"P,29131,1282"
1791506848.467,"P,29131,1282"
1791506848.467,"P,29131,1282"
1791506848.467,"P,29131,1282"
1791506848.467,"P,29131,1282"
1791506848.467,"P,29132,1282"
1791506848.467,"P,29132,1282"
1791506848.467,"P,29132,1282"
1791506848.467,"P,29132,1282"
1791506848.467,"P,29132,1282"
1791506848.467,"P,29135,1282"
1791506848.467,"P,29136,1282"
1791506848.467,"P,29136,1282"
1791506848.467,"P,29141,1282"
1791506848.467,"P,29141,1282"
1791506848.467,"P,29142,1282"
1791506848.467,"P,29142,1282"
1791506848.467,"P,29142,1282"
1791506848.467,"P,29143,1282"
1791506848.467,"P,29147,1282"
1791506848.467,"P,29147,1282"
1791506848.467,"P,29148,1282"
1791506848.467,"P,29148,1282"
1791506848.467,"P,29149,1282"
1791506848.467,"P,29149,1282"
1791506848.467,"P,29149,1282"
1791506848.467,"P,29149,1282"
1791506848.467,"P,29149,1282"
1791506848.467,"P,29150,1282"
1791506848.467,"P,29151,1282"
1791506848.467,"P,29156,1282"
1791506848.467,"P,29156,1282"
1791506848.467,"P,29157,1282"
1791506848.467,"P,29157,28"
1791506848.467,"P,29157,1282"
1791506848.467,"P,29158,1282"
1791506848.467,"B,29176,10,5c:62:8b:66:67:d2,43078,55,95232,80,-47,A,5c:62:8b:66:67:d2,0,23,1,31"
1791506848.467,"B,29176,10,72:3b:01:24:b7:c8,84,3,40658,33,-42,S,5c:62:8b:66:67:d2,3,0,0,0"
1791506848.467,"B,29176,10,cc:b8:5e:ad:5c:4a,95148,77,2420,22,-46,S,5c:62:8b:66:67:d2,1,2,0,74"
1791506848.467,"P,29222,1282"
1791506848.467,"P,29223,1282"
1791506848.467,"P,29223,1282"
1791506848.467,"P,29223,1282"
1791506848.467,"P,29223,1282"
1791506848.467,"P,29224,1282"
1791506848.467,"P,29224,1282"
1791506848.467,"P,29224,1282"
1791506848.467,"P,29226,1282"
1791506848.467,"P,29229,1282"
1791506848.467,"P,29230,1282"
1791506848.467,"P,29232,1282"
1791506848.467,"P,29234,1282"
1791506848.467,"P,29234,1282"
1791506848.467,"P,29235,1282"
1791506848.467,"P,29235,1282"
1791506848.467,"P,29235,1282"
1791506848.467,"P,29235,1282"
1791506848.467,"P,29235,1282"
1791506848.467,"P,29235,1282"
1791506848.467,"P,29235,1282"
1791506848.467,"P,29235,1282"
1791506848.467,"P,29236,1282"
1791506848.467,"P,29236,1282"
1791506848.467,"P,29240,1282"
1791506848.467,"P,29240,1282"
1791506848.467,"P,29245,1282"
1791506848.467,"P,29245,1282"
1791506848.467,"P,29245,1282"
1791506848.467,"P,29245,1282"
1791506848.467,"P,29255,1282"
1791506848.467,"P,29255,1282"
1791506848.467,"P,29256,1282"
1791506848.467,"P,29256,1282"
1791506848.467,"P,29257,1282"
1791506848.467,"P,29257,1282"
1791506848.467,"P,29257,1282"
1791506848.467,"P,29260,1282"
1791506848.467,"P,29260,1282"
1791506848.467,"P,29260,1282"
1791506848.467,"P,29260,1282"
1791506848.467,"P,29260,28"
1791506848.467,"P,29261,1282"
1791506848.467,"P,29261,1282"
1791506848.467,"P,29261,1282"
1791506848.467,"P,29261,1282"
1791506848.467,"P,29262,1282"
1791506848.467,"P,29262,1282"
1791506848.467,"P,29265,678"
1791506848.467,"P,29266,1282"
1791506848.467,"P,29266,1282"
1791506848.467,"B,29276,10,5c:62:8b:66:67:d2,79990,88,63618,52,-48,A,5c:62:8b:66:67:d2,0,28,0,60"
1791506848.467,"B,29276,10,72:3b:01:24:b7:c8,0,0,76920,60,0,S,5c:62:8b:66:67:d2,0,0,0,0"
1791506848.467,"B,29276,10,cc:b8:5e:ad:5c:4a,63524,51,2970,27,-46,S,5c:62:8b:66:67:d2,1,1,0,49"
1791506848.467,"B,29276,10,46:88:44:6e:4f:e4,94,1,100,1,-30,S,5c:62:8b:66:67:d2,1,0,0,0"
1791506848.467,"P,29279,246"
1791506848.467,"P,29279,1282"
1791506848.467,"P,29280,246"
1791506848.467,"P,29280,1282"
1791506848.467,"P,29280,1282"
1791506848.467,"P,29281,1282"
1791506848.467,"P,29283,1282"
1791506848.467,"P,29284,1282"
1791506848.467,"P,29286,1282"
1791506848.467,"P,29286,446"
1791506848.467,"P,29296,1282"
1791506848.467,"P,29297,1282"
1791506848.467,"P,29297,806"
1791506848.671,"P,29376,28"
1791506848.671,"B,29376,10,5c:62:8b:66:67:d2,11132,16,13422,18,-48,A,5c:62:8b:66:67:d2,0,8,1,7"
1791506848.671,"B,29376,10,72:3b:01:24:b7:c8,112,4,10472,10,-41,S,5c:62:8b:66:67:d2,4,0,0,0"
1791506848.671,"B,29376,10,cc:b8:5e:ad:5c:4a,13310,14,660,6,-46,S,5c:62:8b:66:67:d2,1,3,1,9"
1791506848.671,"B,29376,10,b0:a7:b9:23:82:ee,0,0,60,2,-92,A,b0:a7:b9:23:82:ee,0,0,0,0"
1791506848.671,"B,29376,10,f2:51:4e:f8:1a:7f,60,2,0,0,-90,S,b0:a7:b9:23:82:ee,2,0,0,0"
1791506848.671,"P,29377,1282"
1791506848.671,"P,29377,1282"
1791506848.671,"P,29377,1282"
1791506848.671,"P,29377,1282"
1791506848.671,"P,29414,1282"
1791506848.671,"P,29415,1282"
1791506848.671,"P,29415,1282"
1791506848.671,"P,29415,1282"
1791506848.671,"P,29415,1282"
1791506848.671,"P,29415,158"
1791506848.671,"P,29456,1282"
1791506848.671,"P,29456,1282"
1791506848.671,"B,29476,10,5c:62:8b:66:67:d2,5842,10,14400,17,-47,A,5c:62:8b:66:67:d2,0,6,0,4"
1791506848.671,"B,29476,10,72:3b:01:24:b7:c8,56,2,5622,8,-41,S,5c:62:8b:66:67:d2,2,0,0,0"
1791506848.671,"B,29476,10,cc:b8:5e:ad:5c:4a,14260,12,220,2,-47,S,5c:62:8b:66:67:d2,0,1,0,11"
1791506848.671,"B,29476,10,b2:db:ca:e6:29:a6,84,3,0,0,-45,S,5c:62:8b:66:67:d2,3,0,0,0"
1791506848.671,"B,29476,10,78:8c:b5:f5:e7:26,80,1,0,0,-84,A,78:8c:b5:f5:e7:26,1,0,0,0"
1791506848.876,"P,29519,28"
1791506848.876,"P,29520,1282"
1791506848.876,"P,29520,1282"
1791506848.876,"P,29520,246"
1791506848.876,"P,29520,1282"
1791506848.876,"P,29520,1282"
1791506848.876,"P,29524,1282"
1791506848.876,"P,29524,1282"
1791506848.876,"P,29525,1282"
1791506848.876,"P,29525,1002"
1791506848.876,"P,29525,1002"
1791506848.876,"B,29576,10,5c:62:8b:66:67:d2,18060,24,11336,14,-47,A,5c:62:8b:66:67:d2,0,11,0,13"
1791506848.876,"B,29576,10,72:3b:01:24:b7:c8,56,2,17070,15,-42,S,5c:62:8b:66:67:d2,2,0,0,0"
1791506848.876,"B,29576,10,cc:b8:5e:ad:5c:4a,11252,11,990,9,-46,S,5c:62:8b:66:67:d2,1,1,2,7"
1791506848.876,"B,29576,10,b2:db:ca:e6:29:a6,28,1,0,0,-45,S,5c:62:8b:66:67:d2,1,0,0,0"
1791506848.876,"P,29579,1282"
1791506848.876,"P,29579,1282"
1791506848.876,"P,29580,1282"
1791506848.876,"P,29580,1282"
1791506848.876,"P,29580,870"
1791506848.876,"B,29676,10,5c:62:8b:66:67:d2,0,0,6110,9,-48,A,5c:62:8b:66:67:d2,0,0,0,0"
1791506848.876,"B,29676,10,72:3b:01:24:b7:c8,28,1,0,0,-41,S,5c:62:8b:66:67:d2,1,0,0,0"
1791506848.876,"B,29676,10,cc:b8:5e:ad:5c:4a,5998,5,0,0,-47,S,5c:62:8b:66:67:d2,0,0,1,4"
1791506848.876,"B,29676,10,b2:db:ca:e6:29:a6,84,3,0,0,-45,S,5c:62:8b:66:67:d2,3,0,0,0"
1791506849.078,"P,29761,28"
1791506849.078,"P,29762,1282"
1791506849.078,"P,29762,1282"
1791506849.078,"P,29762,1282"
1791506849.078,"P,29763,1282"
1791506849.078,"P,29763,1282"
1791506849.078,"P,29763,1282"
1791506849.078,"P,29768,1282"
1791506849.078,"P,29768,1282"
1791506849.078,"P,29769,1282"
1791506849.078,"P,29769,542"
1791506849.078,"P,29769,1282"
1791506849.078,"P,29770,1126"
1791506849.078,"B,29776,10,5c:62:8b:66:67:d2,17014,19,14746,18,-46,A,5c:62:8b:66:67:d2,0,6,1,12"
1791506849.078,"B,29776,10,72:3b:01:24:b7:c8,56,2,16464,14,-41,S,5c:62:8b:66:67:d2,2,0,0,0"
1791506849.078,"B,29776,10,cc:b8:5e:ad:5c:4a,14516,13,550,5,-47,S,5c:62:8b:66:67:d2,1,1,1,10"
1791506849.078,"B,29776,10,b2:db:ca:e6:29:a6,56,2,0,0,-44,S,5c:62:8b:66:67:d2,2,0,0,0"
1791506849.078,"B,29776,10,46:88:44:6e:4f:e4,118,1,0,0,-31,S,5c:62:8b:66:67:d2,0,1,0,0"
1791506849.078,"P,29778,1282"
1791506849.078,"P,29778,1282"
1791506849.078,"P,29778,1282"
1791506849.078,"P,29778,1282"
1791506849.078,"P,29778,1282"
1791506849.078,"P,29827,1282"
1791506849.078,"P,29832,1282"
1791506849.078,"P,29833,1282"
1791506849.078,"P,29833,326"
1791506849.078,"P,29833,1282"
1791506849.078,"P,29857,1282"
1791506849.078,"P,29857,1282"
1791506849.078,"P,29858,1282"
1791506849.078,"P,29858,1282"
1791506849.078,"P,29858,258"
1791506849.078,"B,29876,10,5c:62:8b:66:67:d2,12085,21,17390,20,-46,A,5c:62:8b:66:67:d2,0,13,0,8"
1791506849.078,"B,29876,10,72:3b:01:24:b7:c8,112,4,10985,11,-41,S,5c:62:8b:66:67:d2,4,0,0,0"
1791506849.078,"B,29876,10,cc:b8:5e:ad:5c:4a,17250,15,1100,10,-48,S,5c:62:8b:66:67:d2,0,2,0,13"
1791506849.078,"B,29876,10,b2:db:ca:e6:29:a6,28,1,0,0,-46,S,5c:62:8b:66:67:d2,1,0,0,0"
1791506849.078,"P,29896,28"
1791506849.078,"P,29897,1282"
1791506849.078,"P,29897,1282"
1791506849.078,"P,29897,1282"
1791506849.078,"P,29897,1282"
1791506849.078,"P,29897,1042"
1791506849.281,"P,29975,1282"
1791506849.281,"B,29976,10,5c:62:8b:66:67:d2,6513,8,7760,17,-46,A,5c:62:8b:66:67:d2,0,3,1,4"
1791506849.281,"B,29976,10,72:3b:01:24:b7:c8,196,7,6170,5,-41,S,5c:62:8b:66:67:d2,7,0,0,0"
1791506849.281,"B,29976,10,cc:b8:5e:ad:5c:4a,7480,7,220,2,-47,S,5c:62:8b:66:67:d2,1,0,1,5"
1791506849.281,"B,29976,10,b2:db:ca:e6:29:a6,84,3,0,0,-44,S,5c:62:8b:66:67:d2,3,0,0,0"
1791506849.281,"B,29976,10,b0:a7:b9:23:82:ee,0,0,30,1,-93,A,b0:a7:b9:23:82:ee,0,0,0,0"
1791506849.281,"B,29976,10,f2:51:4e:f8:1a:7f,30,1,0,0,-92,S,b0:a7:b9:23:82:ee,1,0,0,0"
1791506849.281,"B,29976,10,46:88:44:6e:4f:e4,0,0,123,1,0,S,5c:62:8b:66:67:d2,0,0,0,0"
1791506849.281,"P,29976,1282"
1791506849.281,"P,29976,1282"
1791506849.281,"P,29976,1282"
1791506849.281,"P,29976,1282"
1791506849.281,"P,30031,28"
1791506849.281,"P,30031,1282"
1791506849.281,"P,30031,1282"
1791506849.281,"P,30036,1282"
1791506849.281,"P,30038,1282"
1791506849.281,"P,30038,1282"
1791506849.281,"P,30038,1282"
1791506849.281,"P,30040,1282"
1791506849.281,"P,30040,1282"
1791506849.281,"P,30040,1282"
1791506849.281,"P,30040,1282"
1791506849.281,"P,30040,1282"
1791506849.281,"P,30041,1282"
1791506849.281,"P,30042,1282"
1791506849.281,"P,30043,1282"
1791506849.281,"P,30043,1282"
1791506849.281,"P,30044,1282"
1791506849.281,"P,30044,1282"
1791506849.281,"P,30044,1282"
1791506849.281,"P,30044,1282"
1791506849.281,"P,30044,466"
1791506849.281,"P,30044,1282"
1791506849.281,"P,30045,1282"
1791506849.281,"P,30045,1282"
1791506849.281,"P,30045,1282"
1791506849.281,"P,30045,1282"
1791506849.281,"P,30045,1282"
1791506849.281,"P,30045,466"
1791506849.281,"P,30047,1282"
1791506849.281,"P,30049,1282"
1791506849.281,"P,30049,1282"
1791506849.281,"P,30049,1282"
1791506849.281,"P,30049,1282"
1791506849.281,"P,30049,466"
1791506849.281,"P,30051,1282"
1791506849.281,"P,30055,1282"
1791506849.281,"P,30057,1282"
1791506849.281,"P,30060,1282"
1791506849.281,"P,30065,1282"
1791506849.281,"B,30076,10,5c:62:8b:66:67:d2,23214,35,51546,45,-46,A,5c:62:8b:66:67:d2,0,19,0,16"
1791506849.281,"B,30076,10,72:3b:01:24:b7:c8,0,0,21344,18,0,S,5c:62:8b:66:67:d2,0,0,0,0"
1791506849.281,"B,30076,10,cc:b8:5e:ad:5c:4a,51424,43,1870,17,-46,S,5c:62:8b:66:67:d2,1,3,0,39"
1791506849.281,"B,30076,10,b2:db:ca:e6:29:a6,28,1,0,0,-42,S,5c:62:8b:66:67:d2,1,0,0,0"
1791506849.281,"B,30076,10,46:88:44:6e:4f:e4,94,1,0,0,-30,S,5c:62:8b:66:67:d2,1,0,0,0"
1791506849.281,"I,30087,stat,rx=10824,drops=0,ch=10,bin=100,hop=0,heap=202024"
1791506849.281,"P,30098,1282"
1791506849.281,"P,30098,1282"
1791506849.281,"P,30099,1282"
1791506849.281,"P,30099,998"
1791506849.281,"P,30099,1282"
1791506849.281,"P,30099,1282"
1791506849.281,"P,30100,1282"
1791506849.281,"P,30100,998"
1791506849.486,"P,30176,28"
1791506849.486,"B,30176,10,5c:62:8b:66:67:d2,5394,9,9772,11,-46,A,5c:62:8b:66:67:d2,0,5,1,3"
1791506849.486,"B,30176,10,72:3b:01:24:b7:c8,0,0,4844,4,0,S,5c:62:8b:66:67:d2,0,0,0,0"
1791506849.486,"B,30176,10,cc:b8:5e:ad:5c:4a,9716,9,550,5,-48,S,5c:62:8b:66:67:d2,1,0,2,6"
1791506849.486,"B,30176,10,b2:db:ca:e6:29:a6,56,2,0,0,-43,S,5c:62:8b:66:67:d2,2,0,0,0"
1791506849.486,"P,30177,1282"
1791506849.486,"P,30177,1282"
1791506849.486,"P,30177,1282"
1791506849.486,"P,30177,1282"
1791506849.486,"P,30184,1282"
1791506849.486,"P,30185,1282"
1791506849.486,"P,30185,1282"
1791506849.486,"P,30185,1266"
1791506849.486,"P,30186,1282"
1791506849.486,"P,30186,1266"
1791506849.486,"P,30186,1282"
1791506849.486,"P,30186,1266"
1791506849.486,"P,30189,1282"
1791506849.486,"P,30256,1282"
1791506849.486,"P,30256,1282"
1791506849.486,"P,30257,422"
1791506849.486,"P,30257,1282"
1791506849.486,"P,30257,1282"
1791506849.486,"P,30257,422"
1791506849.486,"P,30259,1282"
1791506849.486,"P,30259,1282"
1791506849.486,"P,30259,422"
1791506849.486,"P,30264,1282"
1791506849.486,"P,30269,1282"
1791506849.486,"P,30271,1282"
1791506849.486,"P,30272,422"
1791506849.486,"B,30276,10,5c:62:8b:66:67:d2,11560,20,30096,35,-46,A,5c:62:8b:66:67:d2,0,12,0,8"
1791506849.486,"B,30276,10,72:3b:01:24:b7:c8,224,8,10240,8,-41,S,5c:62:8b:66:67:d2,8,0,0,0"
1791506849.486,"B,30276,10,cc:b8:5e:ad:5c:4a,29844,26,1320,12,-46,S,5c:62:8b:66:67:d2,0,4,0,22"
1791506849.486,"B,30276,10,b2:db:ca:e6:29:a6,28,1,0,0,-44,S,5c:62:8b:66:67:d2,1,0,0,0"
1791506849.486,"P,30296,28"
1791506849.486,"P,30296,1282"
1791506849.486,"P,30296,1282"
1791506849.691,"P,30342,1282"
1791506849.691,"P,30342,1086"
1791506849.691,"P,30343,1282"
1791506849.691,"P,30343,1086"
1791506849.691,"P,30344,1282"
1791506849.691,"P,30344,1086"
1791506849.691,"B,30376,10,5c:62:8b:66:67:d2,8715,14,9724,10,-46,A,5c:62:8b:66:67:d2,0,8,1,5"
1791506849.691,"B,30376,10,72:3b:01:24:b7:c8,0,0,8165,9,0,S,5c:62:8b:66:67:d2,0,0,0,0"
1791506849.691,"B,30376,10,cc:b8:5e:ad:5c:4a,9696,9,550,5,-48,S,5c:62:8b:66:67:d2,1,0,3,5"
1791506849.691,"B,30376,10,b2:db:ca:e6:29:a6,28,1,0,0,-46,S,5c:62:8b:66:67:d2,1,0,0,0"
1791506849.691,"P,30377,1282"
1791506849.691,"P,30377,1282"
1791506849.691,"P,30379,1282"
1791506849.691,"P,30379,1282"
1791506849.691,"P,30379,1282"
1791506849.691,"P,30379,1282"
1791506849.691,"P,30385,1282"
1791506849.691,"P,30386,1282"
1791506849.691,"P,30386,538"
1791506849.691,"P,30455,28"
1791506849.691,"P,30456,1282"
1791506849.691,"P,30456,1282"
1791506849.691,"P,30457,1282"
1791506849.691,"P,30457,1122"
1791506849.691,"P,30457,1282"
1791506849.691,"P,30457,1282"
1791506849.691,"P,30457,1282"
1791506849.691,"P,30457,1122"
1791506849.691,"P,30458,1282"
1791506849.691,"P,30458,1282"
1791506849.691,"P,30458,1282"
1791506849.691,"P,30458,1122"
1791506849.691,"P,30459,1282"
1791506849.691,"P,30459,1282"
1791506849.691,"P,30459,1282"
1791506849.691,"P,30459,1122"
1791506849.691,"P,30461,1282"
1791506849.691,"P,30464,1282"
1791506849.691,"P,30467,1282"
1791506849.691,"P,30470,1122"
1791506849.691,"B,30476,10,5c:62:8b:66:67:d2,15140,18,35718,32,-46,A,5c:62:8b:66:67:d2,0,7,1,10"
1791506849.691,"B,30476,10,72:3b:01:24:b7:c8,0,0,14480,12,0,S,5c:62:8b:66:67:d2,0,0,0,0"
1791506849.691,"B,30476,10,cc:b8:5e:ad:5c:4a,35662,30,660,6,-46,S,5c:62:8b:66:67:d2,1,1,5,23"
1791506849.691,"B,30476,10,b2:db:ca:e6:29:a6,56,2,0,0,-46,S,5c:62:8b:66:67:d2,2,0,0,0"
1791506849.691,"P,30497,1282"
1791506849.691,"P,30497,1282"
1791506849.691,"P,30498,1282"
1791506849.691,"P,30498,1282"
1791506849.691,"P,30498,1282"
1791506849.691,"P,30499,1282"
1791506849.691,"P,30499,1282"
1791506849.691,"P,30501,806"
1791506849.894,"P,30576,28"
1791506849.894,"B,30576,10,5c:62:8b:66:67:d2,7669,10,10182,20,-46,A,5c:62:8b:66:67:d2,0,4,1,5"
1791506849.894,"B,30576,10,72:3b:01:24:b7:c8,196,7,7216,6,-41,S,5c:62:8b:66:67:d2,7,0,0,0"
1791506849.894,"B,30576,10,cc:b8:5e:ad:5c:4a,9808,9,330,3,-46,S,5c:62:8b:66:67:d2,1,0,1,7"
1791506849.894,"B,30576,10,b2:db:ca:e6:29:a6,56,2,0,0,-45,S,5c:62:8b:66:67:d2,2,0,0,0"
1791506849.894,"B,30576,10,46:88:44:6e:4f:e4,122,2,123,1,-28,S,5c:62:8b:66:67:d2,2,0,0,0"
1791506849.894,"P,30577,1282"
1791506849.894,"P,30577,1282"
1791506849.894,"P,30577,1282"
1791506849.894,"P,30578,1282"
1791506849.894,"P,30578,1282"
1791506849.894,"P,30647,1282"
1791506849.894,"P,30647,1282"
1791506849.894,"P,30652,1282"
1791506849.894,"P,30652,1282"
1791506849.894,"P,30652,1282"
1791506849.894,"P,30652,1282"
1791506849.894,"P,30652,1062"
1791506849.894,"P,30653,1282"
1791506849.894,"P,30653,1282"
1791506849.894,"P,30654,1062"
1791506849.894,"P,30654,1282"
1791506849.894,"P,30654,1282"
1791506849.894,"P,30654,1282"
1791506849.894,"P,30655,1062"
1791506849.894,"P,30656,1062"
1791506849.894,"P,30656,1282"
1791506849.894,"P,30658,1062"
1791506849.894,"P,30659,1282"
1791506849.894,"P,30659,262"
1791506849.894,"P,30660,1282"
1791506849.894,"P,30660,262"
1791506849.894,"P,30661,1282"
1791506849.894,"P,30661,262"
1791506849.894,"P,30664,1282"
1791506849.894,"P,30665,262"
1791506849.894,"B,30676,10,5c:62:8b:66:67:d2,16881,25,33336,32,-46,A,5c:62:8b:66:67:d2,0,13,1,11"
1791506849.894,"B,30676,10,72:3b:01:24:b7:c8,0,0,15781,15,0,S,5c:62:8b:66:67:d2,0,0,0,0"
1791506849.894,"B,30676,10,cc:b8:5e:ad:5c:4a,33280,30,1100,10,-46,S,5c:62:8b:66:67:d2,0,4,5,21"
1791506849.894,"B,30676,10,b2:db:ca:e6:29:a6,56,2,0,0,-47,S,5c:62:8b:66:67:d2,2,0,0,0"
1791506849.894,"P,30696,28"
1791506849.894,"P,30697,1282"
1791506849.894,"P,30697,1282"
1791506849.894,"P,30697,1282"
1791506849.894,"P,30697,658"
1791506850.099,"B,30776,10,5c:62:8b:66:67:d2,4724,6,4588,7,-46,A,5c:62:8b:66:67:d2,0,3,0,3"
1791506850.099,"B,30776,10,72:3b:01:24:b7:c8,0,0,4504,4,0,S,5c:62:8b:66:67:d2,0,0,0,0"
1791506850.099,"B,30776,10,cc:b8:5e:ad:5c:4a,4532,5,220,2,-46,S,5c:62:8b:66:67:d2,1,1,0,3"
1791506850.099,"B,30776,10,b2:db:ca:e6:29:a6,56,2,0,0,-46,S,5c:62:8b:66:67:d2,2,0,0,0"
1791506850.099,"P,30779,1282"
1791506850.099,"P,30779,1282"
1791506850.099,"P,30779,1282"
1791506850.099,"P,30780,1282"
1791506850.099,"P,30784,1282"
1791506850.099,"P,30784,1282"
1791506850.099,"P,30784,1282"
1791506850.099,"P,30785,218"
1791506850.099,"P,30856,28"
1791506850.099,"P,30857,1282"
1791506850.099,"P,30857,1282"
1791506850.099,"P,30857,1282"
1791506850.099,"P,30857,1282"
1791506850.099,"P,30857,286"
1791506850.099,"P,30858,1282"
1791506850.099,"P,30858,286"
1791506850.099,"P,30858,1282"
1791506850.099,"B,30876,10,5c:62:8b:66:67:d2,9632,12,17736,26,-46,A,5c:62:8b:66:67:d2,0,5,0,7"
1791506850.099,"B,30876,10,72:3b:01:24:b7:c8,196,7,9192,8,-41,S,5c:62:8b:66:67:d2,7,0,0,0"
1791506850.099,"B,30876,10,cc:b8:5e:ad:5c:4a,17484,17,440,4,-46,S,5c:62:8b:66:67:d2,1,3,0,13"
1791506850.099,"B,30876,10,b2:db:ca:e6:29:a6,56,2,0,0,-45,S,5c:62:8b:66:67:d2,2,0,0,0"
1791506850.305,"A,30938,10,ba:97:a3:e0:bf:9f,-88,"
1791506850.305,"P,30958,1282"
1791506850.305,"P,30958,28"
1791506850.305,"P,30959,1282"
1791506850.305,"P,30959,1282"
1791506850.305,"P,30959,1282"
1791506850.305,"P,30960,114"
1791506850.305,"P,30960,1282"
1791506850.305,"P,30960,1282"
1791506850.305,"P,30960,1282"
1791506850.305,"P,30974,202"
1791506850.305,"P,30977,1282"
1791506850.305,"B,30976,10,5c:62:8b:66:67:d2,11594,17,10684,14,-46,A,5c:62:8b:66:67:d2,0,9,0,8"
1791506850.305,"B,30976,10,72:3b:01:24:b7:c8,28,1,10858,11,-41,S,5c:62:8b:66:67:d2,1,0,0,0"
1791506850.305,"B,30976,10,cc:b8:5e:ad:5c:4a,10600,11,736,6,-47,S,5c:62:8b:66:67:d2,1,2,0,8"
1791506850.305,"B,30976,10,b2:db:ca:e6:29:a6,56,2,0,0,-44,S,5c:62:8b:66:67:d2,2,0,0,0"
1791506850.305,"P,30978,1282"
1791506850.305,"P,30978,1282"
1791506850.305,"P,30978,1282"
1791506850.305,"P,30978,1282"
1791506850.305,"P,30979,1282"
1791506850.305,"P,30984,1282"
1791506850.305,"P,30985,1282"
1791506850.305,"P,30986,1282"
1791506850.305,"P,30986,1282"
1791506850.305,"P,30987,1282"
1791506850.305,"P,30987,318"
1791506850.305,"P,31058,28"
1791506850.305,"P,31059,1282"
1791506850.305,"P,31059,1282"
1791506850.305,"P,31059,1282"
1791506850.305,"P,31059,1022"
1791506850.305,"P,31060,1282"
1791506850.305,"P,31060,1282"
1791506850.305,"B,31076,10,5c:62:8b:66:67:d2,13798,17,20682,21,-46,A,5c:62:8b:66:67:d2,0,7,0,10"
1791506850.305,"B,31076,10,72:3b:01:24:b7:c8,28,1,13138,11,-41,S,5c:62:8b:66:67:d2,1,0,0,0"
1791506850.305,"B,31076,10,cc:b8:5e:ad:5c:4a,20598,18,660,6,-47,S,5c:62:8b:66:67:d2,1,1,1,15"
1791506850.305,"B,31076,10,b2:db:ca:e6:29:a6,56,2,0,0,-45,S,5c:62:8b:66:67:d2,2,0,0,0"
1791506850.305,"P,31096,1282"
1791506850.507,"P,31168,28"
1791506850.507,"P,31169,1282"
1791506850.507,"P,31169,1282"
1791506850.507,"P,31170,1282"
1791506850.507,"P,31170,1282"
1791506850.507,"P,31170,386"
1791506850.507,"P,31171,1282"
1791506850.507,"P,31171,1282"
1791506850.507,"P,31172,1282"
1791506850.507,"P,31172,1282"
1791506850.507,"P,31172,386"
1791506850.507,"P,31172,1282"
1791506850.507,"P,31172,1282"
1791506850.507,"P,31172,1282"
1791506850.507,"P,31173,1282"
1791506850.507,"P,31173,386"
1791506850.507,"P,31175,1282"
1791506850.507,"P,31178,1282"
1791506850.507,"B,31176,10,5c:62:8b:66:67:d2,7652,8,20584,25,-45,A,5c:62:8b:66:67:d2,0,2,1,5"
1791506850.507,"B,31176,10,72:3b:01:24:b7:c8,140,5,7432,6,-41,S,5c:62:8b:66:67:d2,5,0,0,0"
1791506850.507,"B,31176,10,cc:b8:5e:ad:5c:4a,20416,19,220,2,-46,S,5c:62:8b:66:67:d2,1,3,0,15"
1791506850.507,"B,31176,10,b2:db:ca:e6:29:a6,28,1,0,0,-45,S,5c:62:8b:66:67:d2,1,0,0,0"
1791506850.507,"P,31180,1282"
1791506850.507,"P,31183,1282"
1791506850.507,"P,31184,386"
1791506850.507,"P,31190,1282"
1791506850.507,"P,31190,1282"
1791506850.507,"P,31190,1282"
1791506850.507,"P,31190,1282"
1791506850.507,"P,31191,1282"
1791506850.507,"P,31191,1282"
1791506850.507,"P,31191,1282"
1791506850.507,"P,31197,1282"
1791506850.507,"P,31198,1282"
1791506850.507,"P,31198,1282"
1791506850.507,"P,31198,738"
1791506850.507,"P,31256,1282"
1791506850.507,"P,31256,1282"
1791506850.507,"P,31257,474"
1791506850.507,"B,31276,10,5c:62:8b:66:67:d2,21928,28,19602,19,-45,A,5c:62:8b:66:67:d2,0,12,1,15"
1791506850.507,"B,31276,10,72:3b:01:24:b7:c8,0,0,20828,18,0,S,5c:62:8b:66:67:d2,0,0,0,0"
1791506850.507,"B,31276,10,cc:b8:5e:ad:5c:4a,19546,17,1100,10,-46,S,5c:62:8b:66:67:d2,0,2,1,14"
1791506850.507,"B,31276,10,b2:db:ca:e6:29:a6,56,2,0,0,-44,S,5c:62:8b:66:67:d2,2,0,0,0"
1791506850.507,"B,31276,10,78:8c:b5:f5:e7:26,139,1,0,0,-87,A,78:8c:b5:f5:e7:26,0,1,0,0"
1791506850.507,"B,31276,10,64:d1:54:63:44:f4,91,1,0,0,-87,A,64:d1:54:63:44:f4,1,0,0,0"
1791506850.507,"P,31296,28"
1791506850.507,"P,31297,1282"
1791506850.507,"P,31297,1282"
1791506850.507,"P,31297,798"
1791506850.708,"P,31377,1282"
1791506850.708,"B,31376,10,5c:62:8b:66:67:d2,3472,4,4840,11,-46,A,5c:62:8b:66:67:d2,0,1,1,2"
1791506850.708,"B,31376,10,72:3b:01:24:b7:c8,112,4,3362,3,-41,S,5c:62:8b:66:67:d2,4,0,0,0"
1791506850.708,"B,31376,10,cc:b8:5e:ad:5c:4a,4672,5,110,1,-47,S,5c:62:8b:66:67:d2,1,0,1,3"
1791506850.708,"B,31376,10,b2:db:ca:e6:29:a6,56,2,0,0,-44,S,5c:62:8b:66:67:d2,2,0,0,0"
1791506850.708,"B,31376,10,78:8c:b5:f5:e7:26,80,1,0,0,-87,A,78:8c:b5:f5:e7:26,1,0,0,0"
1791506850.708,"P,31377,1282"
1791506850.708,"P,31377,1282"
1791506850.708,"P,31378,1282"
1791506850.708,"P,31378,1282"
1791506850.708,"P,31378,1282"
1791506850.708,"P,31378,1282"
1791506850.708,"P,31379,1282"
1791506850.708,"P,31379,1282"
1791506850.708,"P,31379,1282"
1791506850.708,"P,31379,1282"
1791506850.708,"P,31382,1282"
1791506850.708,"P,31385,1282"
1791506850.708,"P,31387,1282"
1791506850.708,"P,31391,1282"
1791506850.708,"P,31394,1282"
1791506850.708,"P,31394,1282"
1791506850.708,"P,31394,1282"
1791506850.708,"P,31394,810"
1791506850.708,"A,31415,10,64:d1:54:63:44:f4,-92,Kubok"
1791506850.708,"P,31456,28"
1791506850.708,"P,31457,1282"
1791506850.708,"P,31457,1282"
1791506850.708,"P,31457,1282"
1791506850.708,"P,31457,890"
1791506850.708,"B,31476,10,5c:62:8b:66:67:d2,5726,13,27536,29,-45,A,5c:62:8b:66:67:d2,0,9,1,3"
1791506850.708,"B,31476,10,72:3b:01:24:b7:c8,112,4,4736,4,-42,S,5c:62:8b:66:67:d2,4,0,0,0"
1791506850.708,"B,31476,10,cc:b8:5e:ad:5c:4a,27368,23,990,9,-45,S,5c:62:8b:66:67:d2,1,0,2,20"
1791506850.708,"B,31476,10,b2:db:ca:e6:29:a6,56,2,0,0,-45,S,5c:62:8b:66:67:d2,2,0,0,0"
1791506850.708,"P,31496,1282"
1791506850.708,"P,31497,1282"
1791506850.708,"P,31497,1282"
1791506850.708,"P,31498,1282"
1791506850.708,"P,31498,186"
1791506850.914,"P,31576,28"
1791506850.914,"B,31576,10,5c:62:8b:66:67:d2,5534,7,5398,8,-45,A,5c:62:8b:66:67:d2,0,3,0,4"
1791506850.914,"B,31576,10,72:3b:01:24:b7:c8,0,0,5314,5,0,S,5c:62:8b:66:67:d2,0,0,0,0"
1791506850.914,"B,31576,10,cc:b8:5e:ad:5c:4a,5342,6,220,2,-46,S,5c:62:8b:66:67:d2,1,1,0,4"
1791506850.914,"B,31576,10,b2:db:ca:e6:29:a6,56,2,0,0,-45,S,5c:62:8b:66:67:d2,2,0,0,0"
1791506850.914,"P,31577,1282"
1791506850.914,"P,31577,1282"
1791506850.914,"P,31577,1282"
1791506850.914,"P,31577,1282"
1791506850.914,"P,31577,1282"
1791506850.914,"P,31578,1282"
1791506850.914,"P,31578,1282"
1791506850.914,"P,31578,1282"
1791506850.914,"P,31578,1282"
1791506850.914,"P,31578,1282"
1791506850.914,"P,31580,1282"
1791506850.914,"P,31580,1282"
1791506850.914,"P,31583,1282"
1791506850.914,"P,31587,1282"
1791506850.914,"P,31588,1282"
1791506850.914,"P,31588,1282"
1791506850.914,"P,31589,1282"
1791506850.914,"P,31590,1282"
1791506850.914,"P,31590,1282"
1791506850.914,"P,31590,486"
1791506850.914,"P,31657,1282"
1791506850.914,"P,31657,1282"
1791506850.914,"P,31657,1114"
1791506850.914,"B,31676,10,5c:62:8b:66:67:d2,21752,26,28634,27,-44,A,5c:62:8b:66:67:d2,0,10,2,14"
1791506850.914,"B,31676,10,72:3b:01:24:b7:c8,112,4,20872,18,-40,S,5c:62:8b:66:67:d2,4,0,0,0"
1791506850.914,"B,31676,10,cc:b8:5e:ad:5c:4a,28522,23,880,8,-46,S,5c:62:8b:66:67:d2,0,1,1,21"
1791506850.914,"P,31696,28"
1791506850.914,"P,31697,1282"
1791506850.914,"P,31697,1282"
1791506850.914,"P,31698,1282"
1791506850.914,"P,31698,1282"
1791506850.914,"P,31698,798"
1791506851.119,"P,31777,1282"
1791506851.119,"B,31776,10,5c:62:8b:66:67:d2,6291,8,7488,16,-44,A,5c:62:8b:66:67:d2,0,3,1,4"
1791506851.119,"B,31776,10,72:3b:01:24:b7:c8,224,8,6071,6,-40,S,5c:62:8b:66:67:d2,8,0,0,0"
1791506851.119,"B,31776,10,cc:b8:5e:ad:5c:4a,7236,7,220,2,-46,S,5c:62:8b:66:67:d2,1,0,1,5"
1791506851.119,"B,31776,10,b2:db:ca:e6:29:a6,28,1,0,0,-46,S,5c:62:8b:66:67:d2,1,0,0,0"
1791506851.119,"P,31777,1282"
1791506851.119,"P,31777,1282"
1791506851.119,"P,31778,1282"
1791506851.119,"P,31778,1282"
1791506851.119,"P,31778,1282"
1791506851.119,"B,31876,10,5c:62:8b:66:67:d2,0,0,6522,9,-49,A,5c:62:8b:66:67:d2,0,0,0,0"
1791506851.119,"B,31876,10,72:3b:01:24:b7:c8,112,4,0,0,-40,S,5c:62:8b:66:67:d2,4,0,0,0"
1791506851.119,"B,31876,10,cc:b8:5e:ad:5c:4a,6410,5,0,0,-47,S,5c:62:8b:66:67:d2,0,0,0,5"
1791506851.119,"P,31881,28"
1791506851.119,"P,31882,1282"
1791506851.119,"P,31882,1282"
1791506851.119,"P,31882,1282"
1791506851.119,"P,31882,1282"
1791506851.119,"P,31882,1282"
1791506851.119,"P,31883,1282"
1791506851.119,"P,31883,1282"
1791506851.119,"P,31884,1282"
1791506851.119,"P,31884,538"
1791506851.119,"P,31884,1282"
1791506851.119,"P,31884,1282"
1791506851.119,"P,31885,1282"
1791506851.119,"P,31885,1282"
1791506851.119,"P,31885,538"
1791506851.119,"P,31886,1282"
1791506851.119,"P,31886,1282"
1791506851.119,"P,31886,918"
1791506851.119,"P,31887,1282"
1791506851.119,"P,31887,1282"
1791506851.119,"P,31887,538"
1791506851.119,"P,31887,1282"
1791506851.119,"P,31887,1282"
1791506851.119,"P,31887,918"
1791506851.119,"P,31888,1282"
1791506851.119,"P,31888,1282"
1791506851.119,"P,31888,538"
1791506851.119,"P,31888,1282"
1791506851.119,"P,31888,1282"
1791506851.119,"P,31888,918"
1791506851.119,"P,31891,1282"
1791506851.119,"P,31894,1282"
1791506851.119,"P,31896,538"
1791506851.119,"P,31899,1282"
1791506851.119,"P,31901,1282"
1791506851.119,"P,31903,918"
1791506851.119,"P,31903,1282"
1791506851.119,"P,31903,1282"
1791506851.119,"P,31903,1282"
1791506851.119,"P,31904,442"
1791506851.324,"P,31977,1282"
1791506851.324,"B,31976,10,5c:62:8b:66:67:d2,880,8,45292,41,-45,A,5c:62:8b:66:67:d2,0,8,0,0"
1791506851.324,"B,31976,10,cc:b8:5e:ad:5c:4a,45292,41,880,8,-46,S,5c:62:8b:66:67:d2,1,6,4,30"
1791506851.324,"P,31977,1282"
1791506851.324,"P,31981,1282"
1791506851.324,"P,31981,1282"
1791506851.324,"P,31981,1282"
1791506851.324,"P,31981,1282"
1791506851.324,"P,31981,1282"
1791506851.324,"P,31982,1282"
1791506851.324,"P,31984,28"
1791506851.324,"P,31986,1282"
1791506851.324,"P,31986,1282"
1791506851.324,"P,31987,1282"
1791506851.324,"P,31987,1282"
1791506851.324,"P,31987,1282"
1791506851.324,"P,31987,1282"
1791506851.324,"P,31988,1282"
1791506851.324,"P,31988,1282"
1791506851.324,"P,31988,1282"
1791506851.324,"P,31988,542"
1791506851.324,"P,31988,1282"
1791506851.324,"P,31988,1282"
1791506851.324,"P,31990,1282"
1791506851.324,"P,31991,1282"
1791506851.324,"P,31993,1282"
1791506851.324,"P,31994,1282"
1791506851.324,"P,31995,1282"
1791506851.324,"P,31996,1282"
1791506851.324,"P,31998,1282"
1791506851.324,"P,32002,1282"
1791506851.324,"P,32056,1282"
1791506851.324,"P,32056,1282"
1791506851.324,"P,32057,1222"
1791506851.324,"B,32076,10,5c:62:8b:66:67:d2,660,6,37800,35,-45,A,5c:62:8b:66:67:d2,0,6,0,0"
1791506851.324,"B,32076,10,72:3b:01:24:b7:c8,112,4,0,0,-40,S,5c:62:8b:66:67:d2,4,0,0,0"
1791506851.324,"B,32076,10,cc:b8:5e:ad:5c:4a,37688,31,660,6,-45,S,5c:62:8b:66:67:d2,1,1,0,29"
1791506851.324,"P,32099,28"
1791506851.324,"P,32099,126"
1791506851.324,"P,32099,1282"
1791506851.324,"P,32100,1282"
1791506851.324,"P,32100,1282"
1791506851.324,"P,32100,1282"
1791506851.528,"B,32176,10,5c:62:8b:66:67:d2,110,1,5450,12,-48,A,5c:62:8b:66:67:d2,0,1,0,0"
1791506851.528,"B,32176,10,72:3b:01:24:b7:c8,168,6,0,0,-42,S,5c:62:8b:66:67:d2,6,0,0,0"
1791506851.528,"B,32176,10,cc:b8:5e:ad:5c:4a,5282,6,110,1,-48,S,5c:62:8b:66:67:d2,1,1,0,4"
1791506851.528,"P,32190,1282"
1791506851.528,"P,32190,1282"
1791506851.528,"P,32190,1282"
1791506851.528,"P,32191,1282"
1791506851.528,"P,32192,1282"
1791506851.528,"P,32192,1282"
1791506851.528,"P,32192,1282"
1791506851.528,"P,32193,1282"
1791506851.528,"P,32196,1282"
1791506851.528,"P,32196,1282"
1791506851.528,"P,32197,1282"
1791506851.528,"P,32197,1282"
1791506851.528,"P,32197,1282"
1791506851.528,"P,32197,1282"
1791506851.528,"P,32198,1282"
1791506851.528,"P,32198,1282"
1791506851.528,"P,32199,1282"
1791506851.528,"P,32199,1282"
1791506851.528,"P,32200,1282"
1791506851.528,"P,32200,1282"
1791506851.528,"P,32200,1282"
1791506851.528,"P,32201,1282"
1791506851.528,"P,32203,1282"
1791506851.528,"P,32205,1282"
1791506851.528,"P,32206,1282"
1791506851.528,"P,32207,1282"
1791506851.528,"P,32207,1282"
1791506851.528,"P,32207,28"
1791506851.528,"P,32208,1282"
1791506851.528,"P,32208,1282"
1791506851.528,"P,32208,1282"
1791506851.528,"P,32208,1282"
1791506851.528,"P,32209,1282"
1791506851.528,"P,32209,1282"
1791506851.528,"P,32209,1282"
1791506851.528,"P,32209,1282"
1791506851.528,"P,32209,1282"
1791506851.528,"P,32209,1282"
1791506851.528,"P,32210,1282"
1791506851.528,"P,32210,1282"
1791506851.528,"P,32224,1282"
1791506851.528,"P,32225,1282"
1791506851.528,"P,32225,1282"
1791506851.528,"P,32226,1282"
1791506851.528,"P,32226,1282"
1791506851.528,"P,32227,1282"
1791506851.528,"P,32227,1282"
1791506851.528,"P,32227,1282"
1791506851.528,"P,32227,1282"
1791506851.528,"P,32227,1282"
1791506851.528,"P,32229,1282"
1791506851.528,"P,32229,1282"
1791506851.528,"P,32230,1282"
1791506851.528,"P,32230,1282"
1791506851.528,"P,32230,1282"
1791506851.528,"P,32230,1282"
1791506851.528,"P,32230,1282"
1791506851.528,"P,32230,1282"
1791506851.528,"P,32233,1282"
1791506851.528,"P,32233,1282"
1791506851.528,"P,32236,1282"
1791506851.528,"P,32240,1282"
1791506851.528,"P,32249,1282"
1791506851.528,"P,32249,1282"
1791506851.528,"P,32249,1282"
1791506851.528,"P,32250,1282"
1791506851.528,"P,32250,1282"
1791506851.528,"P,32251,1282"
1791506851.528,"P,32251,1282"
1791506851.528,"P,32251,1282"
1791506851.528,"P,32252,1282"
1791506851.528,"P,32252,1282"
1791506851.528,"P,32252,1282"
1791506851.528,"P,32253,1282"
1791506851.528,"P,32253,1282"
1791506851.528,"P,32254,1282"
1791506851.528,"P,32254,1282"
1791506851.528,"P,32254,1282"
1791506851.528,"P,32254,1282"
1791506851.528,"P,32254,1282"
1791506851.528,"P,32257,1282"
1791506851.528,"P,32259,1282"
1791506851.528,"P,32259,1282"
1791506851.528,"P,32270,1282"
1791506851.528,"P,32270,1282"
1791506851.528,"P,32270,1282"
1791506851.528,"P,32270,1282"
1791506851.528,"P,32271,1282"
1791506851.528,"P,32271,1282"
1791506851.528,"P,32272,1282"
1791506851.528,"P,32272,1282"
1791506851.528,"P,32273,1282"
1791506851.528,"P,32273,1282"
1791506851.528,"P,32273,1282"
1791506851.528,"P,32274,1282"
1791506851.528,"P,32276,1282"
1791506851.528,"B,32276,10,5c:62:8b:66:67:d2,4290,39,121818,96,-44,A,5c:62:8b:66:67:d2,0,39,0,0"
1791506851.528,"B,32276,10,cc:b8:5e:ad:5c:4a,121818,96,4290,39,-46,S,5c:62:8b:66:67:d2,1,0,0,95"
1791506851.528,"P,32280,1282"
1791506851.528,"P,32280,1282"
1791506851.528,"P,32281,1282"
1791506851.528,"P,32281,1282"
1791506851.528,"P,32281,1282"
1791506851.528,"P,32281,1282"
1791506851.528,"P,32281,1282"
1791506851.528,"P,32284,1282"
1791506851.528,"P,32288,1034"
1791506851.528,"P,32288,1282"
1791506851.528,"P,32289,1282"
1791506851.528,"P,32289,382"
1791506851.528,"P,32289,1282"
1791506851.528,"P,32290,382"
1791506851.528,"P,32291,1282"
1791506851.528,"P,32291,1282"
1791506851.528,"P,32291,1282"
1791506851.528,"P,32291,1282"
1791506851.528,"P,32291,538"
1791506851.528,"P,32291,1282"
1791506851.528,"P,32295,1282"
1791506851.528,"P,32295,1282"
1791506851.528,"P,32296,1282"
1791506851.528,"P,32296,1106"
1791506851.528,"P,32297,1282"
1791506851.528,"P,32297,1106"
1791506851.528,"P,32297,1282"
1791506851.528,"P,32297,1106"
1791506851.528,"P,32299,1282"
1791506851.528,"P,32300,1106"
1791506851.528,"P,32302,1106"
1791506851.730,"P,32376,28"
1791506851.730,"B,32376,10,5c:62:8b:66:67:d2,1430,13,36238,37,-44,A,5c:62:8b:66:67:d2,0,13,0,0"
1791506851.730,"B,32376,10,72:3b:01:24:b7:c8,56,2,0,0,-40,S,5c:62:8b:66:67:d2,2,0,0,0"
1791506851.730,"B,32376,10,cc:b8:5e:ad:5c:4a,36098,32,1430,13,-47,S,5c:62:8b:66:67:d2,1,3,6,22"
1791506851.730,"B,32376,10,b2:db:ca:e6:29:a6,84,3,0,0,-42,S,5c:62:8b:66:67:d2,3,0,0,0"
1791506851.730,"B,32376,10,78:8c:b5:f5:e7:26,80,1,0,0,-85,A,78:8c:b5:f5:e7:26,1,0,0,0"
1791506851.730,"P,32377,1282"
1791506851.730,"P,32377,1282"
1791506851.730,"P,32378,1282"
1791506851.730,"P,32378,1282"
1791506851.730,"P,32378,1282"
1791506851.730,"P,32378,1282"
1791506851.730,"P,32398,1282"
1791506851.730,"P,32398,1282"
1791506851.730,"P,32398,1282"
1791506851.730,"P,32399,1282"
1791506851.730,"P,32399,1282"
1791506851.730,"P,32400,1282"
1791506851.730,"P,32400,586"
1791506851.730,"P,32400,1282"
1791506851.730,"P,32401,1282"
1791506851.730,"P,32401,1282"
1791506851.730,"P,32401,586"
1791506851.730,"P,32402,1282"
1791506851.730,"P,32402,1282"
1791506851.730,"P,32402,1282"
1791506851.730,"P,32402,586"
1791506851.730,"P,32404,1282"
1791506851.730,"P,32406,1282"
1791506851.730,"P,32409,1282"
1791506851.730,"P,32411,1282"
1791506851.730,"P,32413,586"
1791506851.730,"P,32456,1282"
1791506851.730,"P,32457,1282"
1791506851.730,"P,32457,1282"
1791506851.730,"P,32457,1266"
1791506851.730,"B,32476,10,5c:62:8b:66:67:d2,550,5,35828,36,-44,A,5c:62:8b:66:67:d2,0,5,0,0"
1791506851.730,"B,32476,10,72:3b:01:24:b7:c8,112,4,0,0,-42,S,5c:62:8b:66:67:d2,4,0,0,0"
1791506851.730,"B,32476,10,cc:b8:5e:ad:5c:4a,35660,30,550,5,-46,S,5c:62:8b:66:67:d2,0,4,0,26"
1791506851.730,"B,32476,10,b2:db:ca:e6:29:a6,56,2,0,0,-43,S,5c:62:8b:66:67:d2,2,0,0,0"
1791506851.730,"P,32497,28"
1791506851.730,"P,32497,1282"
1791506851.730,"P,32498,1282"
1791506851.730,"P,32498,1282"
1791506851.730,"P,32498,1282"
1791506851.730,"P,32498,1282"
1791506851.730,"P,32499,1282"
1791506851.730,"P,32499,1282"
1791506851.730,"P,32502,1282"
1791506851.730,"P,32503,926"
1791506851.730,"P,32503,926"
1791506851.730,"P,32504,926"
1791506851.730,"P,32504,926"
1791506851.730,"P,32506,926"
1791506851.933,"B,32576,10,5c:62:8b:66:67:d2,440,4,14942,15,-44,A,5c:62:8b:66:67:d2,0,4,0,0"
1791506851.933,"B,32576,10,cc:b8:5e:ad:5c:4a,14914,14,440,4,-45,S,5c:62:8b:66:67:d2,1,0,5,8"
1791506851.933,"B,32576,10,b2:db:ca:e6:29:a6,28,1,0,0,-46,S,5c:62:8b:66:67:d2,1,0,0,0"
1791506851.933,"P,32577,1282"
1791506851.933,"P,32577,1282"
1791506851.933,"P,32578,1282"
1791506851.933,"P,32578,1282"
1791506851.933,"P,32578,1282"
1791506851.933,"P,32578,1282"
1791506851.933,"P,32584,1282"
1791506851.933,"P,32584,1282"
1791506851.933,"P,32584,1282"
1791506851.933,"P,32585,1282"
1791506851.933,"P,32585,1282"
1791506851.933,"P,32590,1282"
1791506851.933,"P,32590,1282"
1791506851.933,"P,32590,1282"
1791506851.933,"P,32590,130"
1791506851.933,"P,32658,28"
1791506851.933,"P,32659,1282"
1791506851.933,"P,32659,1282"
1791506851.933,"P,32659,246"
1791506851.933,"B,32676,10,5c:62:8b:66:67:d2,770,7,21056,24,-43,A,5c:62:8b:66:67:d2,0,7,0,0"
1791506851.933,"B,32676,10,72:3b:01:24:b7:c8,112,4,0,0,-41,S,5c:62:8b:66:67:d2,4,0,0,0"
1791506851.933,"B,32676,10,cc:b8:5e:ad:5c:4a,20916,19,770,7,-47,S,5c:62:8b:66:67:d2,1,2,0,16"
1791506851.933,"B,32676,10,b2:db:ca:e6:29:a6,28,1,0,0,-43,S,5c:62:8b:66:67:d2,1,0,0,0"
1791506851.933,"P,32700,1282"
1791506851.933,"P,32700,1282"
1791506851.933,"P,32701,1282"
1791506851.933,"P,32704,1282"
1791506851.933,"P,32704,234"
1791506851.933,"P,32705,1282"
1791506851.933,"P,32705,234"
1791506851.933,"P,32705,1282"
1791506851.933,"P,32706,1282"
1791506851.933,"P,32708,1282"
1791506851.933,"P,32710,1282"
1791506852.136,"P,32776,28"
1791506852.136,"B,32776,10,5c:62:8b:66:67:d2,440,4,12180,15,-44,A,5c:62:8b:66:67:d2,0,4,0,0"
1791506852.136,"B,32776,10,cc:b8:5e:ad:5c:4a,12034,12,440,4,-45,S,5c:62:8b:66:67:d2,1,2,0,9"
1791506852.136,"B,32776,10,b2:db:ca:e6:29:a6,56,2,0,0,-44,S,5c:62:8b:66:67:d2,2,0,0,0"
1791506852.136,"B,32776,10,46:88:44:6e:4f:e4,90,1,0,0,-30,S,5c:62:8b:66:67:d2,1,0,0,0"
1791506852.136,"P,32777,1282"
1791506852.136,"P,32777,1282"
1791506852.136,"P,32777,1282"
1791506852.136,"P,32777,1282"
1791506852.136,"P,32778,1282"
1791506852.136,"P,32778,1282"
1791506852.136,"P,32783,1282"
1791506852.136,"P,32784,1282"
1791506852.136,"P,32784,510"
1791506852.136,"P,32856,1282"
1791506852.136,"P,32857,1282"
1791506852.136,"P,32857,1282"
1791506852.136,"P,32857,1282"
1791506852.136,"P,32858,1282"
1791506852.136,"P,32858,146"
1791506852.136,"B,32876,10,5c:62:8b:66:67:d2,660,6,17378,17,-44,A,5c:62:8b:66:67:d2,0,6,0,0"
1791506852.136,"B,32876,10,cc:b8:5e:ad:5c:4a,17322,15,660,6,-47,S,5c:62:8b:66:67:d2,0,2,0,13"
1791506852.136,"B,32876,10,b2:db:ca:e6:29:a6,56,2,0,0,-44,S,5c:62:8b:66:67:d2,2,0,0,0"
1791506852.136,"P,32896,28"
1791506852.136,"P,32896,1282"
1791506852.136,"P,32896,1282"
1791506852.136,"P,32897,1282"
1791506852.136,"P,32897,1282"
1791506852.136,"P,32898,606"
1791506852.136,"P,32904,606"
1791506852.136,"P,32907,606"
1791506852.337,"P,32977,1282"
1791506852.337,"B,32976,10,5c:62:8b:66:67:d2,330,3,8424,15,-45,A,5c:62:8b:66:67:d2,0,3,0,0"
1791506852.337,"B,32976,10,72:3b:01:24:b7:c8,112,4,0,0,-41,S,5c:62:8b:66:67:d2,4,0,0,0"
1791506852.337,"B,32976,10,cc:b8:5e:ad:5c:4a,8256,9,330,3,-46,S,5c:62:8b:66:67:d2,1,3,0,5"
1791506852.337,"B,32976,10,b2:db:ca:e6:29:a6,56,2,0,0,-43,S,5c:62:8b:66:67:d2,2,0,0,0"
1791506852.337,"P,32977,1282"
1791506852.337,"P,32977,1282"
1791506852.337,"P,32978,1282"
1791506852.337,"P,32978,1282"
1791506852.337,"P,32978,1282"
1791506852.337,"P,32979,1282"
1791506852.337,"P,32979,1282"
1791506852.337,"P,32979,1282"
1791506852.337,"P,32980,1282"
1791506852.337,"P,32980,1282"
1791506852.337,"P,32980,1282"
1791506852.337,"P,32980,1282"
1791506852.337,"P,32980,1282"
1791506852.337,"P,32980,1282"
1791506852.337,"P,32981,1282"
1791506852.337,"P,32981,1282"
1791506852.337,"P,32981,1282"
1791506852.337,"P,32984,1282"
1791506852.337,"P,32988,1282"
1791506852.337,"P,32991,1282"
1791506852.337,"P,32991,1282"
1791506852.337,"P,32991,1282"
1791506852.337,"P,32994,1282"
1791506852.337,"P,32996,1282"
1791506852.337,"P,33011,28"
1791506852.337,"P,33012,1282"
1791506852.337,"P,33012,1282"
1791506852.337,"P,33012,1282"
1791506852.337,"P,33012,1282"
1791506852.337,"P,33013,1282"
1791506852.337,"P,33013,1282"
1791506852.337,"P,33013,1282"
1791506852.337,"P,33013,1282"
1791506852.337,"P,33014,1282"
1791506852.337,"P,33014,1282"
1791506852.337,"P,33015,1282"
1791506852.337,"P,33015,1282"
1791506852.337,"P,33015,1282"
1791506852.337,"P,33015,1282"
1791506852.337,"P,33015,350"
1791506852.337,"P,33016,1282"
1791506852.337,"P,33016,1282"
1791506852.337,"P,33016,1282"
1791506852.337,"P,33016,1282"
1791506852.337,"P,33016,1282"
1791506852.337,"P,33016,1282"
1791506852.337,"P,33016,350"
1791506852.337,"P,33018,1282"
1791506852.337,"P,33021,1282"
1791506852.337,"P,33024,1282"
1791506852.337,"P,33027,1282"
1791506852.337,"P,33028,1282"
1791506852.337,"P,33028,1282"
1791506852.337,"P,33028,350"
1791506852.337,"P,33055,1282"
1791506852.337,"P,33056,1282"
1791506852.337,"P,33056,1282"
1791506852.337,"P,33056,590"
1791506852.337,"P,33057,1282"
1791506852.337,"P,33057,1282"
1791506852.337,"P,33057,590"
1791506852.337,"P,33058,1282"
1791506852.337,"P,33058,1282"
1791506852.337,"P,33058,590"
1791506852.337,"P,33062,1282"
1791506852.337,"P,33069,1282"
1791506852.337,"P,33075,1282"
1791506852.337,"B,33076,10,5c:62:8b:66:67:d2,880,8,79768,67,-44,A,5c:62:8b:66:67:d2,0,8,0,0"
1791506852.337,"B,33076,10,cc:b8:5e:ad:5c:4a,79768,67,880,8,-47,S,5c:62:8b:66:67:d2,1,6,0,60"
1791506852.337,"P,33076,1282"
1791506852.337,"P,33076,590"
1791506852.337,"P,33099,1282"
1791506852.337,"P,33099,1282"
1791506852.337,"P,33099,1282"
1791506852.337,"P,33099,1282"
1791506852.337,"P,33108,1282"
1791506852.337,"P,33108,1282"
1791506852.337,"P,33110,1282"
1791506852.337,"P,33110,198"
1791506852.337,"P,33110,1282"
1791506852.337,"P,33110,1282"
1791506852.337,"P,33110,198"
1791506852.337,"P,33111,1282"
1791506852.337,"P,33113,1282"
1791506852.337,"P,33116,1282"
1791506852.337,"P,33119,1282"
1791506852.337,"P,33119,198"
1791506852.337,"P,33119,1282"
1791506852.337,"P,33120,198"
1791506852.337,"P,33120,1282"
1791506852.337,"P,33121,198"
1791506852.337,"P,33122,198"
1791506852.337,"P,33124,198"
1791506852.337,"P,33126,1282"
1791506852.542,"B,33176,10,5c:62:8b:66:67:d2,456,4,23854,28,-44,A,5c:62:8b:66:67:d2,0,4,0,0"
1791506852.542,"B,33176,10,cc:b8:5e:ad:5c:4a,23770,25,456,4,-44,S,5c:62:8b:66:67:d2,0,8,0,17"
1791506852.542,"B,33176,10,b2:db:ca:e6:29:a6,84,3,0,0,-45,S,5c:62:8b:66:67:d2,3,0,0,0"
1791506852.542,"B,33276,10,5c:62:8b:66:67:d2,0,0,336,12,-48,A,5c:62:8b:66:67:d2,0,0,0,0"
1791506852.542,"B,33276,10,72:3b:01:24:b7:c8,280,10,0,0,-39,S,5c:62:8b:66:67:d2,10,0,0,0"
1791506852.542,"B,33276,10,b2:db:ca:e6:29:a6,56,2,0,0,-42,S,5c:62:8b:66:67:d2,2,0,0,0"
1791506852.747,"B,33376,10,5c:62:8b:66:67:d2,0,0,140,5,-48,A,5c:62:8b:66:67:d2,0,0,0,0"
1791506852.747,"B,33376,10,72:3b:01:24:b7:c8,84,3,0,0,-40,S,5c:62:8b:66:67:d2,3,0,0,0"
1791506852.747,"B,33376,10,b2:db:ca:e6:29:a6,56,2,0,0,-42,S,5c:62:8b:66:67:d2,2,0,0,0"
1791506852.747,"B,33476,10,5c:62:8b:66:67:d2,0,0,84,3,-50,A,5c:62:8b:66:67:d2,0,0,0,0"
1791506852.747,"B,33476,10,72:3b:01:24:b7:c8,56,2,0,0,-42,S,5c:62:8b:66:67:d2,2,0,0,0"
1791506852.747,"B,33476,10,b2:db:ca:e6:29:a6,28,1,0,0,-44,S,5c:62:8b:66:67:d2,1,0,0,0"
1791506852.947,"B,33576,10,5c:62:8b:66:67:d2,0,0,28,1,-47,A,5c:62:8b:66:67:d2,0,0,0,0"
1791506852.947,"B,33576,10,b2:db:ca:e6:29:a6,28,1,0,0,-46,S,5c:62:8b:66:67:d2,1,0,0,0"
1791506852.947,"B,33676,10,5c:62:8b:66:67:d2,0,0,112,4,-47,A,5c:62:8b:66:67:d2,0,0,0,0"
1791506852.947,"B,33676,10,72:3b:01:24:b7:c8,28,1,0,0,-42,S,5c:62:8b:66:67:d2,1,0,0,0"
1791506852.947,"B,33676,10,b2:db:ca:e6:29:a6,84,3,0,0,-44,S,5c:62:8b:66:67:d2,3,0,0,0"
1791506852.947,"B,33776,10,5c:62:8b:66:67:d2,0,0,56,2,-48,A,5c:62:8b:66:67:d2,0,0,0,0"
1791506853.147,"B,33776,10,72:3b:01:24:b7:c8,28,1,0,0,-40,S,5c:62:8b:66:67:d2,1,0,0,0"
1791506853.147,"B,33776,10,b2:db:ca:e6:29:a6,28,1,0,0,-47,S,5c:62:8b:66:67:d2,1,0,0,0"
1791506853.147,"B,33776,10,b0:a7:b9:23:82:ee,0,0,30,1,-89,A,b0:a7:b9:23:82:ee,0,0,0,0"
1791506853.147,"B,33776,10,f2:51:4e:f8:1a:7f,30,1,0,0,-91,S,b0:a7:b9:23:82:ee,1,0,0,0"
1791506853.147,"P,33842,28"
1791506853.147,"P,33843,1282"
1791506853.147,"P,33866,1282"
1791506853.147,"B,33876,10,5c:62:8b:66:67:d2,338,3,2704,7,-45,A,5c:62:8b:66:67:d2,0,3,0,0"
1791506853.147,"B,33876,10,72:3b:01:24:b7:c8,84,3,0,0,-40,S,5c:62:8b:66:67:d2,3,0,0,0"
1791506853.147,"B,33876,10,cc:b8:5e:ad:5c:4a,2592,3,338,3,-49,S,5c:62:8b:66:67:d2,1,0,0,2"
1791506853.147,"B,33876,10,b2:db:ca:e6:29:a6,28,1,0,0,-43,S,5c:62:8b:66:67:d2,1,0,0,0"
1791506853.147,"P,33878,202"
1791506853.147,"P,33933,1282"
1791506853.147,"P,33934,1282"
1791506853.147,"P,33934,1282"
1791506853.147,"P,33935,1282"
1791506853.147,"P,33939,1282"
1791506853.147,"P,33943,1282"
1791506853.147,"P,33943,198"
1791506853.147,"P,33949,28"
1791506853.147,"P,33950,1282"
1791506853.147,"P,33950,1282"
1791506853.147,"P,33957,1282"
1791506853.147,"P,33958,1282"
1791506853.147,"P,33959,1282"
1791506853.147,"P,33962,634"
1791506853.147,"P,33963,1282"
1791506853.147,"P,33964,1282"
1791506853.147,"P,33965,1282"
1791506853.147,"P,33965,1282"
1791506853.147,"P,33968,1210"
1791506853.147,"P,33968,1282"
1791506853.147,"P,33970,1282"
1791506853.147,"P,33974,1282"
1791506853.147,"P,33976,1282"
1791506853.147,"B,33976,10,5c:62:8b:66:67:d2,1298,11,26658,25,-44,A,5c:62:8b:66:67:d2,0,11,0,0"
1791506853.147,"B,33976,10,cc:b8:5e:ad:5c:4a,26630,24,1298,11,-46,S,5c:62:8b:66:67:d2,1,3,0,20"
1791506853.347,"B,33976,10,b2:db:ca:e6:29:a6,28,1,0,0,-36,S,5c:62:8b:66:67:d2,1,0,0,0"
1791506853.347,"P,33979,1282"
1791506853.347,"P,33980,1282"
1791506853.347,"P,33980,1282"
1791506853.347,"P,33980,218"
1791506853.347,"P,33981,1282"
1791506853.347,"P,33981,1282"
1791506853.347,"P,33981,1282"
1791506853.347,"P,33982,1282"
1791506853.347,"P,33983,1282"
1791506853.347,"P,33986,1282"
1791506853.347,"P,33986,1282"
1791506853.347,"P,33986,1282"
1791506853.347,"P,33987,1282"
1791506853.347,"P,33987,1282"
1791506853.347,"P,33987,1282"
1791506853.347,"P,33988,1070"
1791506853.347,"P,33988,1282"
1791506853.347,"P,33988,1282"
1791506853.347,"P,33989,598"
1791506853.347,"P,33989,1282"
1791506853.347,"P,33998,1282"
1791506853.347,"P,33998,1282"
1791506853.347,"P,33998,1282"
1791506853.347,"P,34000,1282"
1791506853.347,"P,34000,1282"
1791506853.347,"P,34000,1282"
1791506853.347,"P,34000,1282"
1791506853.347,"P,34000,138"
1791506853.347,"P,34001,1282"
1791506853.347,"P,34001,1282"
1791506853.347,"P,34005,1282"
1791506853.347,"P,34006,1282"
1791506853.347,"P,34008,1282"
1791506853.347,"P,34008,298"
1791506853.347,"P,34008,1282"
1791506853.347,"P,34009,1282"
1791506853.347,"P,34009,1282"
1791506853.347,"P,34009,1282"
1791506853.347,"P,34009,1282"
1791506853.347,"P,34010,1282"
1791506853.347,"P,34010,1282"
1791506853.347,"P,34011,1282"
1791506853.347,"P,34011,1282"
1791506853.347,"P,34011,582"
1791506853.347,"P,34011,1282"
1791506853.347,"P,34011,1282"
1791506853.347,"P,34011,1282"
1791506853.347,"P,34012,1282"
1791506853.347,"P,34012,1282"
1791506853.347,"P,34012,582"
1791506853.347,"P,34012,1282"
1791506853.347,"P,34016,1282"
1791506853.347,"P,34017,1282"
1791506853.347,"P,34018,1282"
1791506853.347,"P,34018,1282"
1791506853.347,"P,34022,1282"
1791506853.347,"P,34023,1282"
1791506853.347,"P,34023,1282"
1791506853.347,"P,34023,1282"
1791506853.347,"P,34024,1282"
1791506853.347,"P,34024,1282"
1791506853.347,"P,34024,1282"
1791506853.347,"P,34024,1282"
1791506853.347,"P,34024,1282"
1791506853.347,"P,34025,1282"
1791506853.347,"P,34025,1282"
1791506853.347,"P,34025,1282"
1791506853.347,"P,34025,1282"
1791506853.347,"P,34026,1282"
1791506853.347,"P,34026,1282"
1791506853.347,"P,34026,1282"
1791506853.347,"P,34026,1282"
1791506853.347,"P,34026,1282"
1791506853.347,"P,34026,1282"
1791506853.347,"P,34029,1282"
1791506853.347,"P,34034,1282"
1791506853.347,"P,34034,1282"
1791506853.347,"P,34039,1282"
1791506853.347,"P,34039,1282"
1791506853.347,"P,34039,922"
1791506853.347,"P,34040,1282"
1791506853.347,"P,34040,922"
1791506853.347,"P,34041,1282"
1791506853.347,"P,34041,1282"
1791506853.347,"P,34041,922"
1791506853.347,"P,34041,1282"
1791506853.347,"P,34042,1282"
1791506853.347,"P,34042,922"
1791506853.347,"P,34042,1282"
1791506853.347,"P,34042,1282"
1791506853.347,"P,34044,922"
1791506853.347,"P,34049,1282"
1791506853.347,"P,34052,1282"
1791506853.347,"P,34053,918"
1791506853.347,"P,34053,1282"
1791506853.347,"P,34053,1282"
1791506853.347,"P,34053,1282"
1791506853.347,"P,34054,1282"
1791506853.347,"P,34054,158"
1791506853.347,"P,34054,1282"
1791506853.347,"P,34054,1282"
1791506853.347,"P,34054,1282"
1791506853.347,"P,34058,28"
1791506853.347,"P,34058,1282"
1791506853.347,"P,34061,1282"
1791506853.347,"P,34061,1282"
1791506853.347,"P,34066,1282"
1791506853.347,"P,34066,1282"
1791506853.347,"P,34066,386"
1791506853.347,"P,34066,1282"
1791506853.347,"P,34067,1282"
1791506853.347,"P,34067,834"
1791506853.347,"B,34076,10,5c:62:8b:66:67:d2,4620,42,132238,113,-44,A,5c:62:8b:66:67:d2,0,42,0,0"
1791506853.347,"B,34076,10,cc:b8:5e:ad:5c:4a,132210,112,4620,42,-46,S,5c:62:8b:66:67:d2,1,8,8,95"
1791506853.347,"B,34076,10,b2:db:ca:e6:29:a6,28,1,0,0,-41,S,5c:62:8b:66:67:d2,1,0,0,0"
1791506853.347,"P,34097,1282"
1791506853.347,"P,34097,1282"
1791506853.347,"P,34097,1282"
1791506853.347,"P,34098,1266"
1791506853.347,"P,34176,28"
1791506853.347,"B,34176,10,5c:62:8b:66:67:d2,220,2,5252,9,-46,A,5c:62:8b:66:67:d2,0,2,0,0"
1791506853.347,"B,34176,10,72:3b:01:24:b7:c8,84,3,0,0,-39,S,5c:62:8b:66:67:d2,3,0,0,0"
1791506853.347,"B,34176,10,cc:b8:5e:ad:5c:4a,5140,5,220,2,-45,S,5c:62:8b:66:67:d2,1,0,0,4"
1791506853.549,"B,34176,10,b2:db:ca:e6:29:a6,28,1,0,0,-36,S,5c:62:8b:66:67:d2,1,0,0,0"
1791506853.549,"P,34177,1282"
1791506853.549,"P,34177,1282"
1791506853.549,"P,34178,1282"
1791506853.549,"P,34178,1282"
1791506853.549,"P,34246,1282"
1791506853.549,"P,34246,1282"
1791506853.549,"P,34246,1282"
1791506853.549,"P,34247,1282"
1791506853.549,"P,34247,1282"
1791506853.549,"P,34247,1282"
1791506853.549,"P,34247,586"
1791506853.549,"P,34248,1282"
1791506853.549,"P,34248,1282"
1791506853.549,"P,34248,1282"
1791506853.549,"P,34248,586"
1791506853.549,"P,34249,1282"
1791506853.549,"P,34249,1282"
1791506853.549,"P,34249,1282"
1791506853.549,"P,34249,586"
1791506853.549,"P,34251,1282"
1791506853.549,"P,34254,1282"
1791506853.549,"P,34258,1282"
1791506853.549,"P,34261,586"
1791506853.549,"P,34261,1282"
1791506853.549,"P,34262,1282"
1791506853.549,"P,34262,962"
1791506853.549,"P,34263,962"
1791506853.549,"B,34276,10,5c:62:8b:66:67:d2,660,6,31246,29,-45,A,5c:62:8b:66:67:d2,0,6,0,0"
1791506853.549,"B,34276,10,cc:b8:5e:ad:5c:4a,31190,27,660,6,-47,S,5c:62:8b:66:67:d2,0,4,2,21"
1791506853.549,"B,34276,10,b2:db:ca:e6:29:a6,56,2,0,0,-41,S,5c:62:8b:66:67:d2,2,0,0,0"
1791506853.549,"P,34296,28"
1791506853.549,"P,34297,1282"
1791506853.549,"P,34297,1282"
1791506853.549,"P,34298,1282"
1791506853.549,"P,34298,734"
1791506853.549,"P,34377,1282"
1791506853.549,"B,34376,10,5c:62:8b:66:67:d2,220,2,6030,11,-46,A,5c:62:8b:66:67:d2,0,2,0,0"
1791506853.549,"B,34376,10,72:3b:01:24:b7:c8,112,4,0,0,-42,S,5c:62:8b:66:67:d2,4,0,0,0"
1791506853.549,"B,34376,10,cc:b8:5e:ad:5c:4a,5890,6,220,2,-47,S,5c:62:8b:66:67:d2,1,0,1,4"
1791506853.549,"B,34376,10,b2:db:ca:e6:29:a6,28,1,0,0,-44,S,5c:62:8b:66:67:d2,1,0,0,0"
1791506853.549,"P,34377,1282"
1791506853.549,"P,34378,1282"
1791506853.549,"P,34378,1282"
1791506853.749,"P,34378,1282"
1791506853.749,"P,34465,28"
1791506853.749,"P,34466,1282"
1791506853.749,"P,34466,1282"
1791506853.749,"P,34467,1282"
1791506853.749,"P,34467,1282"
1791506853.749,"P,34467,1282"
1791506853.749,"P,34468,1282"
1791506853.749,"P,34468,1282"
1791506853.749,"P,34470,1282"
1791506853.749,"P,34472,1282"
1791506853.749,"P,34472,1282"
1791506853.749,"P,34474,1282"
1791506853.749,"P,34478,1282"
1791506853.749,"B,34476,10,5c:62:8b:66:67:d2,582,5,20596,19,-44,A,5c:62:8b:66:67:d2,0,5,0,0"
1791506853.749,"B,34476,10,cc:b8:5e:ad:5c:4a,20540,17,582,5,-47,S,5c:62:8b:66:67:d2,1,0,0,16"
1791506853.749,"B,34476,10,b2:db:ca:e6:29:a6,56,2,0,0,-44,S,5c:62:8b:66:67:d2,2,0,0,0"
1791506853.749,"B,34476,10,78:8c:b5:f5:e7:26,0,0,30,1,-85,A,78:8c:b5:f5:e7:26,0,0,0,0"
1791506853.749,"B,34476,10,a6:4c:bd:b6:c7:99,30,1,0,0,-89,S,78:8c:b5:f5:e7:26,1,0,0,0"
1791506853.749,"P,34478,938"
1791506853.749,"P,34479,1282"
1791506853.749,"P,34479,938"
1791506853.749,"P,34480,1282"
1791506853.749,"P,34480,938"
1791506853.749,"P,34480,1282"
1791506853.749,"P,34488,1282"
1791506853.749,"P,34488,1282"
1791506853.749,"P,34488,1282"
1791506853.749,"P,34489,1282"
1791506853.749,"P,34492,402"
1791506853.749,"P,34495,1282"
1791506853.749,"P,34496,1282"
1791506853.749,"P,34496,1282"
1791506853.749,"P,34497,1282"
1791506853.749,"P,34499,1282"
1791506853.749,"P,34499,1282"
1791506853.749,"P,34500,1282"
1791506853.749,"P,34500,814"
1791506853.749,"P,34577,28"
1791506853.749,"B,34576,10,5c:62:8b:66:67:d2,774,7,22062,22,-44,A,5c:62:8b:66:67:d2,0,7,0,0"
1791506853.749,"B,34576,10,cc:b8:5e:ad:5c:4a,22006,20,774,7,-48,S,5c:62:8b:66:67:d2,1,1,4,14"
1791506853.749,"B,34576,10,b2:db:ca:e6:29:a6,56,2,0,0,-44,S,5c:62:8b:66:67:d2,2,0,0,0"
1791506853.749,"P,34578,1282"
1791506853.749,"P,34578,1282"
1791506853.749,"P,34578,1282"
1791506853.749,"P,34578,1282"
1791506853.749,"P,34578,1282"
1791506853.950,"P,34584,1282"
1791506853.950,"P,34585,1282"
1791506853.950,"P,34585,1282"
1791506853.950,"P,34585,1282"
1791506853.950,"P,34586,1282"
1791506853.950,"P,34586,1282"
1791506853.950,"P,34587,1282"
1791506853.950,"P,34587,1282"
1791506853.950,"P,34587,1282"
1791506853.950,"P,34587,1282"
1791506853.950,"P,34589,1282"
1791506853.950,"P,34589,1282"
1791506853.950,"P,34592,1282"
1791506853.950,"P,34598,1282"
1791506853.950,"P,34599,1282"
1791506853.950,"P,34599,1282"
1791506853.950,"P,34599,1282"
1791506853.950,"P,34599,1282"
1791506853.950,"P,34601,1282"
1791506853.950,"P,34601,1282"
1791506853.950,"P,34602,1282"
1791506853.950,"P,34602,1282"
1791506853.950,"P,34602,162"
1791506853.950,"P,34603,1282"
1791506853.950,"P,34603,1282"
1791506853.950,"P,34603,1282"
1791506853.950,"P,34603,1282"
1791506853.950,"P,34603,162"
1791506853.950,"P,34605,1282"
1791506853.950,"P,34609,1282"
1791506853.950,"P,34611,1282"
1791506853.950,"P,34614,1282"
1791506853.950,"P,34616,1282"
1791506853.950,"P,34616,1282"
1791506853.950,"P,34616,162"
1791506853.950,"P,34618,1282"
1791506853.950,"P,34621,1282"
1791506853.950,"P,34622,162"
1791506853.950,"P,34623,162"
1791506853.950,"P,34624,162"
1791506853.950,"P,34658,1282"
1791506853.950,"P,34658,1282"
1791506853.950,"P,34658,1282"
1791506853.950,"P,34659,1282"
1791506853.950,"P,34659,1282"
1791506853.950,"P,34659,1282"
1791506853.950,"P,34660,1282"
1791506853.950,"P,34660,1282"
1791506853.950,"P,34660,1282"
1791506853.950,"P,34660,1282"
1791506853.950,"P,34660,1282"
1791506853.950,"B,34676,10,5c:62:8b:66:67:d2,1210,11,65184,60,-43,A,5c:62:8b:66:67:d2,0,11,0,0"
1791506853.950,"B,34676,10,72:3b:01:24:b7:c8,84,3,0,0,-36,S,5c:62:8b:66:67:d2,3,0,0,0"
1791506853.950,"B,34676,10,cc:b8:5e:ad:5c:4a,65072,56,1210,11,-46,S,5c:62:8b:66:67:d2,0,6,0,50"
1791506853.950,"B,34676,10,b2:db:ca:e6:29:a6,28,1,0,0,-45,S,5c:62:8b:66:67:d2,1,0,0,0"
1791506853.950,"P,34772,28"
1791506853.950,"P,34773,1282"
1791506853.950,"P,34773,1282"
1791506853.950,"P,34774,1282"
1791506853.950,"P,34774,1282"
1791506853.950,"P,34774,1282"
1791506853.950,"P,34774,1282"
1791506853.950,"P,34774,1282"
1791506853.950,"P,34779,1282"
1791506853.950,"B,34776,10,5c:62:8b:66:67:d2,220,2,10452,15,-45,A,5c:62:8b:66:67:d2,0,2,0,0"
1791506853.950,"B,34776,10,72:3b:01:24:b7:c8,140,5,0,0,-36,S,5c:62:8b:66:67:d2,5,0,0,0"
1791506853.950,"B,34776,10,cc:b8:5e:ad:5c:4a,10284,9,220,2,-46,S,5c:62:8b:66:67:d2,1,0,0,8"
1791506854.151,"B,34776,10,b2:db:ca:e6:29:a6,28,1,0,0,-49,S,5c:62:8b:66:67:d2,1,0,0,0"
1791506854.151,"P,34783,1282"
1791506854.151,"P,34787,1282"
1791506854.151,"P,34788,1282"
1791506854.151,"P,34788,1282"
1791506854.151,"P,34789,1282"
1791506854.151,"P,34789,1282"
1791506854.151,"P,34789,1282"
1791506854.151,"P,34790,1282"
1791506854.151,"P,34790,1282"
1791506854.151,"B,34876,10,5c:62:8b:66:67:d2,110,1,11622,12,-46,A,5c:62:8b:66:67:d2,0,1,0,0"
1791506854.151,"B,34876,10,72:3b:01:24:b7:c8,28,1,0,0,-34,S,5c:62:8b:66:67:d2,1,0,0,0"
1791506854.151,"B,34876,10,cc:b8:5e:ad:5c:4a,11538,9,110,1,-45,S,5c:62:8b:66:67:d2,0,0,0,9"
1791506854.151,"B,34876,10,b2:db:ca:e6:29:a6,56,2,0,0,-50,S,5c:62:8b:66:67:d2,2,0,0,0"
1791506854.151,"P,34929,28"
1791506854.151,"P,34930,106"
1791506854.151,"B,34976,10,5c:62:8b:66:67:d2,106,1,162,3,-47,A,5c:62:8b:66:67:d2,0,1,0,0"
1791506854.151,"B,34976,10,cc:b8:5e:ad:5c:4a,134,2,106,1,-48,S,5c:62:8b:66:67:d2,1,1,0,0"
1791506854.151,"B,34976,10,b2:db:ca:e6:29:a6,28,1,0,0,-50,S,5c:62:8b:66:67:d2,1,0,0,0"
1791506854.352,"P,34985,1282"
1791506854.352,"P,34986,1282"
1791506854.352,"P,34986,1282"
1791506854.352,"P,34987,1282"
1791506854.352,"P,34987,1282"
1791506854.352,"P,34987,1282"
1791506854.352,"P,34991,1282"
1791506854.352,"P,34991,1282"
1791506854.352,"P,34992,1282"
1791506854.352,"P,34996,1282"
1791506854.352,"P,34997,1282"
1791506854.352,"P,34997,758"
1791506854.352,"P,34998,1282"
1791506854.352,"P,34998,758"
1791506854.352,"P,34999,1282"
1791506854.352,"P,34999,1282"
1791506854.352,"P,34999,1282"
1791506854.352,"P,34999,1282"
1791506854.352,"P,35000,1282"
1791506854.352,"P,35000,758"
1791506854.352,"P,35000,1282"
1791506854.352,"P,35000,1282"
1791506854.352,"P,35000,1282"
1791506854.352,"P,35001,1282"
1791506854.352,"P,35003,1282"
1791506854.352,"P,35004,758"
1791506854.352,"P,35004,1282"
1791506854.352,"P,35005,1282"
1791506854.352,"P,35005,1282"
1791506854.352,"P,35005,1282"
1791506854.352,"P,35008,1282"
1791506854.352,"P,35009,1282"
1791506854.352,"P,35009,1282"
1791506854.352,"P,35010,1282"
1791506854.352,"P,35011,1282"
1791506854.352,"P,35013,1282"
1791506854.352,"P,35016,1282"
1791506854.352,"P,35021,1282"
1791506854.352,"P,35022,1282"
1791506854.352,"P,35022,1282"
1791506854.352,"P,35024,1282"
1791506854.352,"P,35025,1282"
1791506854.352,"P,35025,1282"
1791506854.352,"P,35025,1282"
1791506854.352,"P,35025,1282"
1791506854.352,"P,35029,1282"
1791506854.352,"P,35032,1282"
1791506854.352,"P,35034,1282"
1791506854.352,"P,35034,1282"
1791506854.352,"P,35035,1282"
1791506854.352,"P,35035,1282"
1791506854.352,"P,35035,1282"
1791506854.352,"P,35036,1282"
1791506854.352,"P,35036,1282"
1791506854.352,"P,35036,1282"
1791506854.352,"P,35036,1282"
1791506854.352,"P,35036,1282"
1791506854.352,"P,35037,1282"
1791506854.352,"P,35037,1282"
1791506854.352,"P,35037,1282"
1791506854.352,"P,35037,1282"
1791506854.352,"P,35037,28"
1791506854.352,"P,35052,746"
1791506854.352,"P,35058,746"
1791506854.352,"P,35058,746"
1791506854.352,"P,35060,746"
1791506854.352,"P,35069,1282"
1791506854.352,"P,35069,1282"
1791506854.352,"P,35069,1282"
1791506854.352,"P,35070,1282"
1791506854.352,"P,35070,1282"
1791506854.352,"P,35070,1282"
1791506854.352,"P,35070,1282"
1791506854.352,"P,35071,1282"
1791506854.352,"P,35071,1282"
1791506854.352,"P,35071,1282"
1791506854.352,"P,35073,1282"
1791506854.352,"B,35076,10,5c:62:8b:66:67:d2,3380,30,93360,82,-43,A,5c:62:8b:66:67:d2,0,30,0,0"
1791506854.352,"B,35076,10,72:3b:01:24:b7:c8,56,2,0,0,-38,S,5c:62:8b:66:67:d2,2,0,0,0"
1791506854.352,"B,35076,10,cc:b8:5e:ad:5c:4a,93220,77,3380,30,-47,S,5c:62:8b:66:67:d2,1,0,8,68"
1791506854.352,"B,35076,10,b2:db:ca:e6:29:a6,84,3,0,0,-50,S,5c:62:8b:66:67:d2,3,0,0,0"
1791506854.352,"I,35088,stat,rx=12743,drops=0,ch=10,bin=100,hop=0,heap=202024"
1791506854.352,"P,35170,28"
1791506854.352,"P,35171,1282"
1791506854.352,"P,35171,1282"
1791506854.352,"P,35172,1282"
1791506854.352,"P,35172,1282"
1791506854.352,"P,35172,1282"
1791506854.352,"B,35176,10,5c:62:8b:66:67:d2,562,5,6578,11,-45,A,5c:62:8b:66:67:d2,0,5,0,0"
1791506854.352,"B,35176,10,72:3b:01:24:b7:c8,84,3,0,0,-34,S,5c:62:8b:66:67:d2,3,0,0,0"
1791506854.352,"B,35176,10,cc:b8:5e:ad:5c:4a,6438,6,562,5,-47,S,5c:62:8b:66:67:d2,1,0,0,5"
1791506854.352,"B,35176,10,b2:db:ca:e6:29:a6,56,2,0,0,-50,S,5c:62:8b:66:67:d2,2,0,0,0"
1791506854.352,"P,35178,1282"
1791506854.352,"P,35178,1282"
1791506854.352,"P,35179,1282"
1791506854.352,"P,35179,1282"
1791506854.352,"P,35179,1282"
1791506854.352,"P,35179,1282"
1791506854.552,"B,35276,10,5c:62:8b:66:67:d2,0,0,7804,10,-48,A,5c:62:8b:66:67:d2,0,0,0,0"
1791506854.552,"B,35276,10,72:3b:01:24:b7:c8,28,1,0,0,-39,S,5c:62:8b:66:67:d2,1,0,0,0"
1791506854.552,"B,35276,10,cc:b8:5e:ad:5c:4a,7692,6,0,0,-47,S,5c:62:8b:66:67:d2,0,0,0,6"
1791506854.552,"B,35276,10,b2:db:ca:e6:29:a6,84,3,0,0,-50,S,5c:62:8b:66:67:d2,3,0,0,0"
1791506854.552,"B,35376,10,5c:62:8b:66:67:d2,0,0,28,1,-47,A,5c:62:8b:66:67:d2,0,0,0,0"
1791506854.552,"B,35376,10,72:3b:01:24:b7:c8,28,1,0,0,-41,S,5c:62:8b:66:67:d2,1,0,0,0"
1791506854.552,"P,35384,28"
1791506854.552,"P,35384,1282"
1791506854.754,"B,35476,10,5c:62:8b:66:67:d2,110,1,1422,6,-46,A,5c:62:8b:66:67:d2,0,1,0,0"
1791506854.754,"B,35476,10,72:3b:01:24:b7:c8,56,2,0,0,-41,S,5c:62:8b:66:67:d2,2,0,0,0"
1791506854.754,"B,35476,10,cc:b8:5e:ad:5c:4a,1310,2,110,1,-44,S,5c:62:8b:66:67:d2,1,0,0,1"
1791506854.754,"B,35476,10,b2:db:ca:e6:29:a6,56,2,0,0,-46,S,5c:62:8b:66:67:d2,2,0,0,0"
1791506854.754,"B,35576,10,5c:62:8b:66:67:d2,0,0,84,3,-47,A,5c:62:8b:66:67:d2,0,0,0,0"
1791506854.754,"B,35576,10,72:3b:01:24:b7:c8,28,1,0,0,-42,S,5c:62:8b:66:67:d2,1,0,0,0"
1791506854.754,"B,35576,10,b2:db:ca:e6:29:a6,56,2,0,0,-44,S,5c:62:8b:66:67:d2,2,0,0,0"
1791506854.955,"B,35676,10,5c:62:8b:66:67:d2,0,0,56,2,-47,A,5c:62:8b:66:67:d2,0,0,0,0"
1791506854.955,"B,35676,10,b2:db:ca:e6:29:a6,56,2,0,0,-45,S,5c:62:8b:66:67:d2,2,0,0,0"
1791506854.955,"P,35701,28"
1791506854.955,"P,35702,1282"
1791506854.955,"P,35703,1282"
1791506854.955,"P,35704,1282"
1791506854.955,"P,35704,1230"
1791506854.955,"P,35704,1282"
1791506854.955,"P,35706,1282"
1791506854.955,"P,35706,1282"
1791506854.955,"P,35707,1282"
1791506854.955,"P,35709,1282"
1791506854.955,"P,35710,1090"
1791506854.955,"P,35710,1282"
1791506854.955,"P,35710,1046"
1791506854.955,"P,35717,1282"
1791506854.955,"P,35717,510"
1791506854.955,"P,35718,1130"
1791506854.955,"P,35718,126"
1791506854.955,"P,35719,1282"
1791506854.955,"P,35719,1282"
1791506854.955,"P,35719,1282"
1791506854.955,"P,35720,1282"
1791506854.955,"P,35720,1282"
1791506854.955,"P,35724,1282"
1791506854.955,"P,35725,1282"
1791506854.955,"P,35725,1282"
1791506854.955,"P,35726,1282"
1791506854.955,"P,35726,1282"
1791506854.955,"P,35727,1282"
1791506854.955,"P,35727,1282"
1791506854.955,"P,35730,1282"
1791506854.955,"P,35733,1282"
1791506854.955,"P,35734,1282"
1791506854.955,"P,35736,1282"
1791506854.955,"P,35737,1282"
1791506854.955,"P,35737,1282"
1791506854.955,"P,35737,1282"
1791506854.955,"P,35737,1282"
1791506854.955,"P,35738,1282"
1791506854.955,"P,35738,1282"
1791506854.955,"P,35738,1282"
1791506854.955,"B,35776,10,5c:62:8b:66:67:d2,1430,13,47578,44,-43,A,5c:62:8b:66:67:d2,0,13,0,0"
1791506854.955,"B,35776,10,72:3b:01:24:b7:c8,56,2,0,0,-44,S,5c:62:8b:66:67:d2,2,0,0,0"
1791506854.955,"B,35776,10,cc:b8:5e:ad:5c:4a,47466,40,1430,13,-45,S,5c:62:8b:66:67:d2,1,2,3,34"
1791506854.955,"B,35776,10,b2:db:ca:e6:29:a6,56,2,0,0,-42,S,5c:62:8b:66:67:d2,2,0,0,0"
1791506855.157,"P,35787,1282"
1791506855.157,"P,35787,1282"
1791506855.157,"P,35788,1282"
1791506855.157,"P,35789,1282"
1791506855.157,"P,35790,1282"
1791506855.157,"P,35790,1282"
1791506855.157,"P,35791,1282"
1791506855.157,"P,35798,1282"
1791506855.157,"P,35798,1282"
1791506855.157,"P,35799,1282"
1791506855.157,"P,35799,1282"
1791506855.157,"P,35799,1282"
1791506855.157,"P,35799,1282"
1791506855.157,"P,35801,1282"
1791506855.157,"P,35801,1282"
1791506855.157,"P,35801,1282"
1791506855.157,"P,35801,1282"
1791506855.157,"P,35801,1282"
1791506855.157,"P,35801,1282"
1791506855.157,"P,35802,1282"
1791506855.157,"P,35802,1282"
1791506855.157,"P,35803,1282"
1791506855.157,"P,35803,1282"
1791506855.157,"P,35803,1282"
1791506855.157,"P,35804,1282"
1791506855.157,"P,35804,1282"
1791506855.157,"P,35804,1282"
1791506855.157,"P,35804,1282"
1791506855.157,"P,35804,1282"
1791506855.157,"P,35805,1282"
1791506855.157,"P,35805,1282"
1791506855.157,"P,35806,1282"
1791506855.157,"P,35806,1282"
1791506855.157,"P,35806,1282"
1791506855.157,"P,35808,1282"
1791506855.157,"P,35809,28"
1791506855.157,"P,35810,1282"
1791506855.157,"P,35810,1282"
1791506855.157,"P,35811,1282"
1791506855.157,"P,35811,1282"
1791506855.157,"P,35811,1282"
1791506855.157,"P,35811,1282"
1791506855.157,"P,35811,1282"
1791506855.157,"P,35812,1282"
1791506855.157,"P,35812,1282"
1791506855.157,"P,35813,1282"
1791506855.157,"P,35815,1282"
1791506855.157,"P,35817,1282"
1791506855.157,"P,35817,1282"
1791506855.157,"P,35818,1282"
1791506855.157,"P,35818,1282"
1791506855.157,"P,35823,1282"
1791506855.157,"P,35826,1282"
1791506855.157,"P,35827,1282"
1791506855.157,"P,35827,1282"
1791506855.157,"P,35828,1282"
1791506855.157,"P,35828,1282"
1791506855.157,"P,35828,1282"
1791506855.157,"P,35828,1282"
1791506855.157,"P,35828,1282"
1791506855.157,"P,35829,1282"
1791506855.157,"P,35829,1282"
1791506855.157,"P,35829,1282"
1791506855.157,"P,35830,1282"
1791506855.157,"P,35830,1282"
1791506855.157,"P,35831,1282"
1791506855.157,"P,35831,1282"
1791506855.157,"P,35831,1282"
1791506855.157,"P,35831,1282"
1791506855.157,"P,35831,1282"
1791506855.157,"P,35831,1282"
1791506855.157,"P,35831,1282"
1791506855.157,"P,35836,1282"
1791506855.157,"P,35839,1282"
1791506855.157,"P,35839,1282"
1791506855.157,"P,35839,1282"
1791506855.157,"P,35839,1282"
1791506855.157,"P,35841,1282"
1791506855.157,"P,35843,1282"
1791506855.157,"P,35848,1282"
1791506855.157,"P,35848,1282"
1791506855.157,"P,35848,1282"
1791506855.157,"P,35849,1282"
1791506855.157,"P,35850,1282"
1791506855.157,"P,35850,1282"
1791506855.157,"P,35850,1282"
1791506855.157,"P,35850,1282"
1791506855.157,"P,35851,1282"
1791506855.157,"P,35851,1282"
1791506855.157,"P,35851,1282"
1791506855.157,"P,35851,1282"
1791506855.157,"P,35852,1282"
1791506855.157,"P,35852,1282"
1791506855.157,"P,35852,1282"
1791506855.157,"P,35852,782"
1791506855.157,"P,35853,1282"
1791506855.157,"P,35853,1282"
1791506855.157,"P,35856,1282"
1791506855.157,"P,35859,1282"
1791506855.157,"P,35859,1282"
1791506855.157,"P,35859,782"
1791506855.157,"P,35859,1282"
1791506855.157,"P,35859,1282"
1791506855.157,"P,35859,1282"
1791506855.157,"P,35860,1282"
1791506855.157,"P,35860,1282"
1791506855.157,"P,35865,1282"
1791506855.157,"P,35865,1282"
1791506855.157,"P,35865,1282"
1791506855.157,"P,35867,1282"
1791506855.157,"P,35867,1282"
1791506855.157,"P,35867,1282"
1791506855.157,"P,35868,742"
1791506855.157,"P,35872,742"
1791506855.157,"P,35872,1282"
1791506855.157,"P,35873,1282"
1791506855.157,"B,35876,10,5c:62:8b:66:67:d2,4180,38,145406,117,-42,A,5c:62:8b:66:67:d2,0,38,0,0"
1791506855.157,"B,35876,10,cc:b8:5e:ad:5c:4a,145378,116,4180,38,-45,S,5c:62:8b:66:67:d2,1,0,4,111"
1791506855.157,"B,35876,10,b2:db:ca:e6:29:a6,28,1,0,0,-45,S,5c:62:8b:66:67:d2,1,0,0,0"
1791506855.157,"P,35884,1282"
1791506855.157,"P,35885,1282"
1791506855.157,"P,35885,1282"
1791506855.157,"P,35885,1282"
1791506855.157,"P,35886,1282"
1791506855.157,"P,35886,1282"
1791506855.157,"P,35886,1282"
1791506855.157,"P,35886,1282"
1791506855.157,"P,35887,1282"
1791506855.157,"P,35887,250"
1791506855.157,"P,35889,1282"
1791506855.157,"P,35890,1282"
1791506855.157,"P,35890,1282"
1791506855.157,"P,35890,1282"
1791506855.157,"P,35891,250"
1791506855.157,"P,35891,1282"
1791506855.157,"P,35891,1282"
1791506855.157,"P,35891,1282"
1791506855.157,"P,35891,1282"
1791506855.157,"P,35892,1282"
1791506855.157,"P,35892,1282"
1791506855.157,"P,35892,446"
1791506855.157,"P,35892,1282"
1791506855.157,"P,35892,1282"
1791506855.157,"P,35892,1282"
1791506855.157,"P,35895,1282"
1791506855.157,"P,35895,1282"
1791506855.157,"P,35895,1282"
1791506855.157,"P,35900,1282"
1791506855.157,"P,35900,1282"
1791506855.157,"P,35900,1282"
1791506855.157,"P,35900,230"
1791506855.157,"P,35900,1282"
1791506855.157,"P,35902,1282"
1791506855.157,"P,35903,1282"
1791506855.157,"P,35903,1282"
1791506855.157,"P,35904,1282"
1791506855.157,"P,35904,1282"
1791506855.157,"P,35904,1282"
1791506855.157,"P,35907,1282"
1791506855.157,"P,35907,1218"
1791506855.157,"P,35908,1282"
1791506855.157,"P,35908,1282"
1791506855.157,"P,35908,1282"
1791506855.157,"P,35908,1258"
1791506855.157,"P,35908,1282"
1791506855.157,"P,35908,1282"
1791506855.157,"P,35910,28"
1791506855.157,"P,35911,1282"
1791506855.157,"P,35911,1282"
1791506855.157,"P,35911,1282"
1791506855.157,"P,35913,1282"
1791506855.157,"P,35913,1282"
1791506855.157,"P,35914,1282"
1791506855.157,"P,35926,1282"
1791506855.157,"P,35928,1250"
1791506855.157,"P,35929,1250"
1791506855.157,"P,35929,1282"
1791506855.157,"P,35929,1282"
1791506855.157,"P,35930,1282"
1791506855.157,"P,35930,1282"
1791506855.157,"P,35931,1282"
1791506855.157,"P,35931,1282"
1791506855.157,"P,35931,1282"
1791506855.157,"P,35931,298"
1791506855.157,"P,35931,1282"
1791506855.157,"P,35932,1282"
1791506855.157,"P,35932,1282"
1791506855.157,"P,35932,1282"
1791506855.157,"P,35933,1282"
1791506855.157,"P,35933,1282"
1791506855.157,"P,35933,298"
1791506855.157,"P,35933,1282"
1791506855.157,"P,35933,1282"
1791506855.157,"P,35933,1282"
1791506855.157,"P,35933,978"
1791506855.157,"P,35933,1282"
1791506855.157,"P,35933,1282"
1791506855.157,"P,35933,1282"
1791506855.157,"P,35939,1282"
1791506855.157,"P,35942,1282"
1791506855.157,"P,35943,1282"
1791506855.157,"P,35943,1282"
1791506855.157,"P,35943,1282"
1791506855.157,"P,35944,1282"
1791506855.157,"P,35944,298"
1791506855.157,"P,35944,1282"
1791506855.157,"P,35944,1282"
1791506855.157,"P,35944,1282"
1791506855.157,"P,35944,978"
1791506855.157,"P,35944,1282"
1791506855.157,"P,35944,1282"
1791506855.157,"P,35944,1282"
1791506855.157,"P,35944,1282"
1791506855.157,"P,35949,1282"
1791506855.157,"P,35950,1282"
1791506855.157,"P,35950,1282"
1791506855.157,"P,35952,1282"
1791506855.157,"P,35953,1282"
1791506855.157,"P,35953,1282"
1791506855.157,"P,35953,1282"
1791506855.157,"B,35976,10,5c:62:8b:66:67:d2,2090,19,120620,103,-43,A,5c:62:8b:66:67:d2,0,19,0,0"
1791506855.157,"B,35976,10,72:3b:01:24:b7:c8,56,2,0,0,-41,S,5c:62:8b:66:67:d2,2,0,0,0"
1791506855.157,"B,35976,10,cc:b8:5e:ad:5c:4a,120564,101,2090,19,-45,S,5c:62:8b:66:67:d2,1,7,2,91"
1791506855.358,"P,35992,1282"
1791506855.358,"P,36003,1106"
1791506855.358,"P,36003,1250"
1791506855.358,"P,36003,1282"
1791506855.358,"P,36003,1282"
1791506855.358,"P,36004,1250"
1791506855.358,"P,36004,1282"
1791506855.358,"P,36004,770"
1791506855.358,"P,36005,1282"
1791506855.358,"P,36005,1282"
1791506855.358,"P,36005,1282"
1791506855.358,"P,36005,982"
1791506855.358,"P,36005,1282"
1791506855.358,"P,36005,1282"
1791506855.358,"B,36076,10,5c:62:8b:66:67:d2,2166,19,17036,19,-43,A,5c:62:8b:66:67:d2,0,19,0,0"
1791506855.358,"B,36076,10,72:3b:01:24:b7:c8,140,5,0,0,-38,S,5c:62:8b:66:67:d2,5,0,0,0"
1791506855.358,"B,36076,10,cc:b8:5e:ad:5c:4a,16896,14,2166,19,-46,S,5c:62:8b:66:67:d2,0,0,3,11"
1791506855.358,"P,36095,28"
1791506855.358,"P,36095,1282"
1791506855.358,"P,36098,1282"
1791506855.358,"P,36100,1282"
1791506855.358,"P,36100,1282"
1791506855.358,"P,36100,1282"
1791506855.358,"P,36101,1282"
1791506855.358,"P,36101,1282"
1791506855.358,"P,36101,1282"
1791506855.358,"P,36102,1122"
1791506855.358,"P,36104,1282"
1791506855.358,"P,36105,1282"
1791506855.358,"P,36105,1122"
1791506855.358,"P,36106,1282"
1791506855.358,"P,36106,1122"
1791506855.358,"P,36108,1122"
1791506855.358,"P,36111,1282"
1791506855.358,"P,36112,1282"
1791506855.358,"P,36112,1282"
1791506855.358,"P,36112,1282"
1791506855.358,"P,36112,1282"
1791506855.358,"P,36113,1282"
1791506855.358,"P,36113,1282"
1791506855.358,"P,36114,1282"
1791506855.358,"P,36114,1282"
1791506855.358,"P,36114,1282"
1791506855.358,"P,36114,1282"
1791506855.358,"P,36114,1282"
1791506855.358,"P,36115,1282"
1791506855.358,"P,36117,1282"
1791506855.358,"P,36120,1282"
1791506855.358,"P,36122,1282"
1791506855.358,"P,36123,1282"
1791506855.358,"P,36123,1282"
1791506855.358,"P,36124,1282"
1791506855.358,"P,36124,322"
1791506855.358,"P,36124,1282"
1791506855.358,"P,36124,1282"
1791506855.358,"P,36125,1282"
1791506855.358,"P,36125,1282"
1791506855.358,"P,36125,1282"
1791506855.358,"P,36125,898"
1791506855.358,"P,36127,1282"
1791506855.358,"P,36129,1282"
1791506855.358,"P,36132,1282"
1791506855.358,"P,36135,1282"
1791506855.358,"P,36138,1282"
1791506855.358,"P,36139,322"
1791506855.358,"P,36139,1282"
1791506855.358,"P,36139,1282"
1791506855.358,"P,36139,1282"
1791506855.358,"P,36140,1282"
1791506855.358,"P,36140,1282"
1791506855.358,"P,36140,898"
1791506855.358,"P,36140,322"
1791506855.358,"P,36140,1282"
1791506855.358,"P,36141,1282"
1791506855.358,"P,36141,1282"
1791506855.358,"P,36141,1282"
1791506855.358,"P,36141,1282"
1791506855.358,"P,36141,898"
1791506855.358,"P,36141,322"
1791506855.358,"P,36142,322"
1791506855.358,"P,36144,1282"
1791506855.358,"P,36146,1282"
1791506855.358,"P,36148,1282"
1791506855.358,"B,36176,10,5c:62:8b:66:67:d2,1544,14,76766,66,-44,A,5c:62:8b:66:67:d2,0,14,0,0"
1791506855.358,"B,36176,10,cc:b8:5e:ad:5c:4a,76766,66,1544,14,-45,S,5c:62:8b:66:67:d2,1,5,7,53"
1791506855.358,"P,36179,1282"
1791506855.358,"P,36179,1282"
1791506855.358,"P,36179,1282"
1791506855.358,"P,36180,1282"
1791506855.358,"P,36180,1282"
1791506855.358,"P,36180,1282"
1791506855.358,"P,36181,1282"
1791506855.358,"P,36181,1282"
1791506855.358,"P,36182,1282"
1791506855.358,"P,36185,1282"
1791506855.358,"P,36187,1282"
1791506855.358,"P,36188,1282"
1791506855.358,"P,36188,1282"
1791506855.358,"P,36188,1282"
1791506855.358,"P,36189,1282"
1791506855.358,"P,36189,1282"
1791506855.358,"P,36189,1282"
1791506855.358,"P,36189,1282"
1791506855.358,"P,36189,1282"
1791506855.358,"P,36189,1282"
1791506855.558,"P,36190,1282"
1791506855.558,"P,36190,1282"
1791506855.558,"P,36190,1282"
1791506855.558,"P,36190,1282"
1791506855.558,"P,36191,1282"
1791506855.558,"P,36191,1282"
1791506855.558,"P,36191,258"
1791506855.558,"P,36192,1282"
1791506855.558,"P,36193,1282"
1791506855.558,"P,36194,1282"
1791506855.558,"P,36194,1282"
1791506855.558,"P,36194,1282"
1791506855.558,"P,36194,1282"
1791506855.558,"P,36194,258"
1791506855.558,"P,36196,1282"
1791506855.558,"P,36198,1282"
1791506855.558,"P,36199,1282"
1791506855.558,"P,36199,1282"
1791506855.558,"P,36199,1282"
1791506855.558,"P,36200,258"
1791506855.558,"P,36202,1282"
1791506855.558,"P,36205,1282"
1791506855.558,"P,36210,1282"
1791506855.558,"P,36211,258"
1791506855.558,"P,36256,28"
1791506855.558,"P,36257,1282"
1791506855.558,"P,36257,1282"
1791506855.558,"P,36257,1182"
1791506855.558,"B,36276,10,5c:62:8b:66:67:d2,550,5,56310,56,-43,A,5c:62:8b:66:67:d2,0,5,0,0"
1791506855.558,"B,36276,10,72:3b:01:24:b7:c8,224,8,0,0,-41,S,5c:62:8b:66:67:d2,8,0,0,0"
1791506855.558,"B,36276,10,cc:b8:5e:ad:5c:4a,56086,48,550,5,-45,S,5c:62:8b:66:67:d2,1,4,1,42"
1791506855.558,"P,36297,1282"
1791506855.558,"P,36297,1282"
1791506855.558,"P,36298,1282"
1791506855.558,"P,36298,1282"
1791506855.558,"P,36299,1282"
1791506855.558,"P,36302,1282"
1791506855.558,"P,36302,1114"
1791506855.558,"P,36377,28"
1791506855.558,"B,36376,10,5c:62:8b:66:67:d2,440,4,8862,9,-45,A,5c:62:8b:66:67:d2,0,4,0,0"
1791506855.558,"B,36376,10,72:3b:01:24:b7:c8,28,1,0,0,-43,S,5c:62:8b:66:67:d2,1,0,0,0"
1791506855.558,"B,36376,10,cc:b8:5e:ad:5c:4a,8834,8,440,4,-46,S,5c:62:8b:66:67:d2,1,0,1,6"
1791506855.558,"P,36377,1282"
1791506855.558,"P,36377,1282"
1791506855.558,"P,36378,1282"
1791506855.558,"P,36378,1282"
1791506855.558,"P,36378,1282"
1791506855.558,"P,36386,1282"
1791506855.558,"P,36387,1282"
1791506855.558,"P,36387,1282"
1791506855.558,"P,36387,1282"
1791506855.558,"P,36388,430"
1791506855.761,"P,36457,1282"
1791506855.761,"P,36457,1282"
1791506855.761,"P,36457,1282"
1791506855.761,"P,36457,770"
1791506855.761,"B,36476,10,5c:62:8b:66:67:d2,550,5,16612,15,-46,A,5c:62:8b:66:67:d2,0,5,0,0"
1791506855.761,"B,36476,10,72:3b:01:24:b7:c8,28,1,0,0,-43,S,5c:62:8b:66:67:d2,1,0,0,0"
1791506855.761,"B,36476,10,cc:b8:5e:ad:5c:4a,16584,14,550,5,-46,S,5c:62:8b:66:67:d2,0,1,1,12"
1791506855.761,"P,36496,28"
1791506855.761,"P,36496,28"
1791506855.761,"P,36497,28"
1791506855.761,"P,36498,1282"
1791506855.761,"P,36498,1282"
1791506855.761,"P,36498,1282"
1791506855.761,"P,36498,1282"
1791506855.761,"P,36500,1282"
1791506855.761,"P,36500,1282"
1791506855.761,"P,36502,1282"
1791506855.761,"P,36504,1282"
1791506855.761,"P,36520,1282"
1791506855.761,"P,36521,902"
1791506855.761,"B,36576,10,5c:62:8b:66:67:d2,330,3,12776,22,-46,A,5c:62:8b:66:67:d2,0,3,0,0"
1791506855.761,"B,36576,10,72:3b:01:24:b7:c8,252,9,0,0,-38,S,5c:62:8b:66:67:d2,9,0,0,0"
1791506855.761,"B,36576,10,cc:b8:5e:ad:5c:4a,12524,13,330,3,-45,S,5c:62:8b:66:67:d2,3,0,1,9"
1791506855.761,"P,36577,1282"
1791506855.761,"P,36577,1282"
1791506855.761,"P,36578,1282"
1791506855.761,"P,36578,1282"
1791506855.761,"P,36578,1282"
1791506855.963,"P,36608,28"
1791506855.963,"P,36608,28"
1791506855.963,"P,36609,1282"
1791506855.963,"P,36609,1282"
1791506855.963,"P,36609,1282"
1791506855.963,"P,36610,186"
1791506855.963,"P,36657,1282"
1791506855.963,"P,36657,1282"
1791506855.963,"P,36657,994"
1791506855.963,"B,36676,10,5c:62:8b:66:67:d2,660,6,14056,14,-47,A,5c:62:8b:66:67:d2,0,6,0,0"
1791506855.963,"B,36676,10,cc:b8:5e:ad:5c:4a,14056,14,660,6,-44,S,5c:62:8b:66:67:d2,2,1,1,10"
1791506855.963,"P,36696,1282"
1791506855.963,"P,36696,1282"
1791506855.963,"P,36697,1282"
1791506855.963,"P,36697,850"
1791506855.963,"P,36698,1282"
1791506855.963,"P,36698,850"
1791506855.963,"P,36699,1282"
1791506855.963,"P,36699,850"
1791506855.963,"P,36700,1282"
1791506855.963,"P,36700,850"
1791506855.963,"P,36702,1282"
1791506855.963,"P,36704,850"
1791506855.963,"P,36777,28"
1791506855.963,"B,36776,10,5c:62:8b:66:67:d2,220,2,13252,13,-49,A,5c:62:8b:66:67:d2,0,2,0,0"
1791506855.963,"B,36776,10,cc:b8:5e:ad:5c:4a,13252,13,220,2,-44,S,5c:62:8b:66:67:d2,1,0,5,7"
1791506855.963,"P,36777,1282"
1791506855.963,"P,36778,1282"
1791506855.963,"P,36778,1282"
1791506855.963,"P,36778,1282"
1791506855.963,"P,36778,1282"
1791506855.963,"P,36782,1282"
1791506855.963,"P,36782,1282"
1791506855.963,"P,36786,1282"
1791506855.963,"P,36786,1282"
1791506855.963,"P,36786,858"
1791506855.963,"P,36786,202"
1791506855.963,"P,36786,858"
1791506855.963,"P,36786,202"
1791506855.963,"P,36788,858"
1791506856.166,"P,36857,1282"
1791506856.166,"P,36857,1282"
1791506856.166,"P,36857,906"
1791506856.166,"B,36876,10,5c:62:8b:66:67:d2,736,6,18210,25,-48,A,5c:62:8b:66:67:d2,0,6,0,0"
1791506856.166,"B,36876,10,72:3b:01:24:b7:c8,224,8,0,0,-37,S,5c:62:8b:66:67:d2,8,0,0,0"
1791506856.166,"B,36876,10,cc:b8:5e:ad:5c:4a,17986,17,736,6,-45,S,5c:62:8b:66:67:d2,0,2,4,11"
1791506856.166,"P,36895,28"
1791506856.166,"P,36896,1282"
1791506856.166,"P,36896,1282"
1791506856.166,"P,36897,1282"
1791506856.166,"P,36897,1282"
1791506856.166,"P,36917,1282"
1791506856.166,"P,36917,166"
1791506856.166,"P,36977,1282"
1791506856.166,"B,36976,10,5c:62:8b:66:67:d2,330,3,7914,9,-49,A,5c:62:8b:66:67:d2,0,3,0,0"
1791506856.166,"B,36976,10,72:3b:01:24:b7:c8,28,1,0,0,-35,S,5c:62:8b:66:67:d2,1,0,0,0"
1791506856.166,"B,36976,10,cc:b8:5e:ad:5c:4a,7886,8,330,3,-44,S,5c:62:8b:66:67:d2,1,1,0,6"
1791506856.166,"P,36977,1282"
1791506856.166,"P,36978,1282"
1791506856.166,"P,36978,1282"
1791506856.166,"P,36978,1282"
1791506856.166,"P,36983,1282"
1791506856.166,"P,36983,1282"
1791506856.166,"P,36984,1282"
1791506856.166,"P,36984,734"
1791506856.166,"P,36985,734"
1791506856.367,"P,37056,28"
1791506856.367,"P,37057,1282"
1791506856.367,"P,37057,1282"
1791506856.367,"P,37057,782"
1791506856.367,"P,37058,1282"
1791506856.367,"B,37076,10,5c:62:8b:66:67:d2,550,5,15126,15,-47,A,5c:62:8b:66:67:d2,0,5,0,0"
1791506856.367,"B,37076,10,72:3b:01:24:b7:c8,28,1,0,0,-39,S,5c:62:8b:66:67:d2,1,0,0,0"
1791506856.367,"B,37076,10,cc:b8:5e:ad:5c:4a,15098,14,550,5,-44,S,5c:62:8b:66:67:d2,1,0,3,10"
1791506856.367,"P,37097,1282"
1791506856.367,"P,37097,1282"
1791506856.367,"B,37176,10,5c:62:8b:66:67:d2,3846,3,2704,7,-51,A,5c:62:8b:66:67:d2,0,0,0,3"
1791506856.367,"B,37176,10,72:3b:01:24:b7:c8,56,2,3846,3,-45,S,5c:62:8b:66:67:d2,2,0,0,0"
1791506856.367,"B,37176,10,cc:b8:5e:ad:5c:4a,2564,2,0,0,-46,S,5c:62:8b:66:67:d2,0,0,0,2"
1791506856.367,"B,37176,10,b2:db:ca:e6:29:a6,84,3,0,0,-45,S,5c:62:8b:66:67:d2,3,0,0,0"
1791506856.367,"P,37180,28"
1791506856.367,"P,37180,1282"
1791506856.367,"P,37180,1282"
1791506856.367,"P,37181,1282"
1791506856.367,"P,37182,822"
1791506856.367,"P,37182,1282"
1791506856.367,"P,37182,1282"
1791506856.367,"P,37182,822"
1791506856.367,"P,37187,1282"
1791506856.367,"P,37187,782"
1791506856.367,"P,37188,1282"
1791506856.367,"P,37188,1282"
1791506856.367,"P,37189,1282"
1791506856.367,"P,37189,1282"
1791506856.367,"P,37189,1282"
1791506856.367,"P,37190,1282"
1791506856.367,"P,37191,1282"
1791506856.367,"P,37191,1282"
1791506856.367,"P,37193,1282"
1791506856.367,"P,37196,1282"
1791506856.367,"P,37196,1282"
1791506856.367,"P,37197,1282"
1791506856.572,"P,37206,1282"
1791506856.572,"P,37206,1282"
1791506856.572,"P,37206,858"
1791506856.572,"P,37207,1282"
1791506856.572,"P,37207,1282"
1791506856.572,"P,37207,858"
1791506856.572,"P,37207,1282"
1791506856.572,"P,37207,1282"
1791506856.572,"P,37208,858"
1791506856.572,"P,37208,1282"
1791506856.572,"P,37208,1282"
1791506856.572,"P,37208,858"
1791506856.572,"P,37210,1282"
1791506856.572,"P,37213,1282"
1791506856.572,"P,37215,858"
1791506856.572,"P,37257,1282"
1791506856.572,"P,37258,1282"
1791506856.572,"P,37258,1282"
1791506856.572,"P,37258,1282"
1791506856.572,"P,37258,1282"
1791506856.572,"P,37258,1282"
1791506856.572,"P,37259,1282"
1791506856.572,"P,37259,1282"
1791506856.572,"P,37259,1282"
1791506856.572,"P,37262,1282"
1791506856.572,"P,37265,1282"
1791506856.572,"P,37269,1282"
1791506856.572,"P,37269,1282"
1791506856.572,"B,37276,10,5c:62:8b:66:67:d2,2634,13,59362,52,-47,A,5c:62:8b:66:67:d2,0,12,0,1"
1791506856.572,"B,37276,10,72:3b:01:24:b7:c8,28,1,1282,1,-41,S,5c:62:8b:66:67:d2,1,0,0,0"
1791506856.572,"B,37276,10,cc:b8:5e:ad:5c:4a,59306,50,1352,12,-45,S,5c:62:8b:66:67:d2,1,0,8,41"
1791506856.572,"B,37276,10,b2:db:ca:e6:29:a6,28,1,0,0,-50,S,5c:62:8b:66:67:d2,1,0,0,0"
1791506856.572,"P,37328,28"
1791506856.572,"P,37329,1282"
1791506856.572,"P,37329,1282"
1791506856.572,"P,37329,1282"
1791506856.572,"P,37329,1282"
1791506856.572,"P,37333,1282"
1791506856.572,"P,37333,1282"
1791506856.572,"P,37334,1282"
1791506856.572,"P,37334,1282"
1791506856.572,"P,37334,1266"
1791506856.572,"B,37376,10,5c:62:8b:66:67:d2,770,7,11634,13,-45,A,5c:62:8b:66:67:d2,0,7,0,0"
1791506856.572,"B,37376,10,72:3b:01:24:b7:c8,56,2,0,0,-38,S,5c:62:8b:66:67:d2,2,0,0,0"
1791506856.572,"B,37376,10,cc:b8:5e:ad:5c:4a,11550,10,770,7,-46,S,5c:62:8b:66:67:d2,1,0,0,9"
1791506856.572,"B,37376,10,b2:db:ca:e6:29:a6,28,1,0,0,-49,S,5c:62:8b:66:67:d2,1,0,0,0"
1791506856.572,"P,37377,1282"
1791506856.572,"P,37377,1282"
1791506856.572,"P,37378,1282"
1791506856.572,"P,37378,1282"
1791506856.572,"P,37378,1134"
1791506856.572,"P,37379,1282"
1791506856.572,"P,37379,1134"
1791506856.572,"P,37379,1134"
1791506856.774,"P,37457,28"
1791506856.774,"P,37458,28"
1791506856.774,"P,37459,28"
1791506856.774,"P,37460,28"
1791506856.774,"P,37461,1282"
1791506856.774,"P,37461,1282"
1791506856.774,"P,37462,1282"
1791506856.774,"P,37462,1282"
1791506856.774,"P,37462,1282"
1791506856.774,"P,37462,1282"
1791506856.774,"P,37462,1282"
1791506856.774,"P,37466,1282"
1791506856.774,"B,37476,10,5c:62:8b:66:67:d2,220,2,20376,27,-47,A,5c:62:8b:66:67:d2,0,2,0,0"
1791506856.774,"B,37476,10,72:3b:01:24:b7:c8,140,5,0,0,-41,S,5c:62:8b:66:67:d2,5,0,0,0"
1791506856.774,"B,37476,10,cc:b8:5e:ad:5c:4a,20180,20,220,2,-45,S,5c:62:8b:66:67:d2,4,0,3,13"
1791506856.774,"B,37476,10,b2:db:ca:e6:29:a6,56,2,0,0,-45,S,5c:62:8b:66:67:d2,2,0,0,0"
1791506856.774,"B,37476,10,78:8c:b5:f5:e7:26,160,2,0,0,-82,A,78:8c:b5:f5:e7:26,2,0,0,0"
1791506856.774,"P,37533,1282"
1791506856.774,"P,37533,1282"
1791506856.774,"P,37533,1114"
1791506856.774,"P,37535,1282"
1791506856.774,"P,37535,1282"
1791506856.774,"P,37539,1282"
1791506856.774,"P,37539,1282"
1791506856.774,"P,37539,1282"
1791506856.774,"P,37539,1282"
1791506856.774,"P,37542,434"
1791506856.774,"P,37577,28"
1791506856.774,"B,37576,10,5c:62:8b:66:67:d2,1100,10,11916,14,-45,A,5c:62:8b:66:67:d2,0,10,0,0"
1791506856.774,"B,37576,10,72:3b:01:24:b7:c8,28,1,0,0,-41,S,5c:62:8b:66:67:d2,1,0,0,0"
1791506856.774,"B,37576,10,cc:b8:5e:ad:5c:4a,11832,11,1100,10,-45,S,5c:62:8b:66:67:d2,1,1,1,8"
1791506856.774,"B,37576,10,b2:db:ca:e6:29:a6,56,2,0,0,-47,S,5c:62:8b:66:67:d2,2,0,0,0"
1791506856.774,"P,37577,1282"
1791506856.774,"P,37577,1282"
1791506856.774,"P,37578,1282"
1791506856.774,"P,37578,1282"
1791506856.774,"P,37578,1282"
1791506856.774,"P,37578,1282"
1791506856.774,"P,37579,1282"
1791506856.774,"P,37580,1282"
1791506856.774,"P,37581,1282"
1791506856.774,"P,37583,1282"
1791506856.774,"P,37584,1282"
1791506856.774,"P,37584,1282"
1791506856.774,"P,37585,1282"
1791506856.774,"P,37586,1282"
1791506856.774,"P,37586,882"
1791506856.774,"P,37587,1282"
1791506856.774,"P,37587,882"
1791506856.774,"P,37587,1282"
1791506856.774,"P,37587,882"
1791506856.774,"P,37588,1282"
1791506856.774,"P,37590,1282"
1791506856.975,"P,37657,1282"
1791506856.975,"P,37657,1282"
1791506856.975,"P,37657,534"
1791506856.975,"B,37676,10,5c:62:8b:66:67:d2,550,5,28988,30,-46,A,5c:62:8b:66:67:d2,0,5,0,0"
1791506856.975,"B,37676,10,72:3b:01:24:b7:c8,112,4,0,0,-39,S,5c:62:8b:66:67:d2,4,0,0,0"
1791506856.975,"B,37676,10,cc:b8:5e:ad:5c:4a,28820,24,550,5,-44,S,5c:62:8b:66:67:d2,0,1,3,20"
1791506856.975,"B,37676,10,b2:db:ca:e6:29:a6,56,2,0,0,-50,S,5c:62:8b:66:67:d2,2,0,0,0"
1791506856.975,"P,37697,28"
1791506856.975,"P,37698,1282"
1791506856.975,"P,37698,1282"
1791506856.975,"B,37776,10,5c:62:8b:66:67:d2,0,0,2676,6,-51,A,5c:62:8b:66:67:d2,0,0,0,0"
1791506856.975,"B,37776,10,72:3b:01:24:b7:c8,28,1,0,0,-40,S,5c:62:8b:66:67:d2,1,0,0,0"
1791506856.975,"B,37776,10,cc:b8:5e:ad:5c:4a,2592,3,0,0,-42,S,5c:62:8b:66:67:d2,1,0,0,2"
1791506856.975,"B,37776,10,b2:db:ca:e6:29:a6,56,2,0,0,-49,S,5c:62:8b:66:67:d2,2,0,0,0"
1791506856.975,"P,37804,1282"
1791506857.180,"P,37847,970"
1791506857.180,"P,37847,1282"
1791506857.180,"P,37847,970"
1791506857.180,"P,37847,970"
1791506857.180,"P,37848,970"
1791506857.180,"P,37848,28"
1791506857.180,"P,37849,1282"
1791506857.180,"P,37849,1282"
1791506857.180,"P,37850,1282"
1791506857.180,"P,37850,1282"
1791506857.180,"P,37850,1282"
1791506857.180,"P,37850,1282"
1791506857.180,"P,37850,1282"
1791506857.180,"P,37850,214"
1791506857.180,"P,37857,1282"
1791506857.180,"P,37858,1282"
1791506857.180,"P,37858,1282"
1791506857.180,"P,37858,1282"
1791506857.180,"P,37859,1282"
1791506857.180,"P,37859,1282"
1791506857.180,"P,37860,1282"
1791506857.180,"P,37860,1282"
1791506857.180,"P,37860,1282"
1791506857.180,"P,37860,1282"
1791506857.180,"P,37871,1282"
1791506857.180,"P,37871,1282"
1791506857.180,"P,37872,1282"
1791506857.180,"P,37872,1282"
1791506857.180,"P,37872,1282"
1791506857.180,"P,37872,1282"
1791506857.180,"P,37872,594"
1791506857.180,"P,37874,1282"
1791506857.180,"P,37875,1282"
1791506857.180,"B,37876,10,5c:62:8b:66:67:d2,1100,10,39526,41,-45,A,5c:62:8b:66:67:d2,0,10,0,0"
1791506857.180,"B,37876,10,72:3b:01:24:b7:c8,168,6,0,0,-39,S,5c:62:8b:66:67:d2,6,0,0,0"
1791506857.180,"B,37876,10,cc:b8:5e:ad:5c:4a,39330,34,1100,10,-46,S,5c:62:8b:66:67:d2,1,2,4,27"
1791506857.180,"B,37876,10,b2:db:ca:e6:29:a6,28,1,0,0,-46,S,5c:62:8b:66:67:d2,1,0,0,0"
1791506857.180,"B,37876,10,b0:a7:b9:23:82:ee,0,0,30,1,-89,A,b0:a7:b9:23:82:ee,0,0,0,0"
1791506857.180,"B,37876,10,f2:51:4e:f8:1a:7f,30,1,0,0,-94,S,b0:a7:b9:23:82:ee,1,0,0,0"
1791506857.180,"P,37875,1282"
1791506857.180,"P,37876,1282"
1791506857.180,"P,37876,1282"
1791506857.180,"P,37876,1282"
1791506857.180,"P,37884,1282"
1791506857.180,"P,37887,1282"
1791506857.180,"P,37888,1282"
1791506857.180,"P,37888,1282"
1791506857.180,"P,37888,1282"
1791506857.180,"P,37890,1282"
1791506857.180,"P,37893,1282"
1791506857.180,"P,37896,1282"
1791506857.180,"P,37898,1282"
1791506857.180,"P,37898,142"
1791506857.180,"P,37976,28"
1791506857.180,"B,37976,10,5c:62:8b:66:67:d2,550,5,16892,17,-46,A,5c:62:8b:66:67:d2,0,5,0,0"
1791506857.180,"B,37976,10,72:3b:01:24:b7:c8,28,1,0,0,-42,S,5c:62:8b:66:67:d2,1,0,0,0"
1791506857.180,"B,37976,10,cc:b8:5e:ad:5c:4a,16836,15,550,5,-43,S,5c:62:8b:66:67:d2,1,1,0,13"
1791506857.180,"B,37976,10,b2:db:ca:e6:29:a6,28,1,0,0,-47,S,5c:62:8b:66:67:d2,1,0,0,0"
1791506857.180,"P,37977,1282"
1791506857.180,"P,37977,1282"
1791506857.180,"P,37977,1282"
1791506857.180,"P,37978,1282"
1791506857.180,"P,37978,634"
1791506857.180,"P,37978,1282"
1791506857.180,"P,37978,1282"
1791506857.180,"P,37979,1282"
1791506857.180,"P,37979,1282"
1791506857.180,"P,37979,634"
1791506857.180,"P,37980,1282"
1791506857.180,"P,37980,1282"
1791506857.180,"P,37980,1282"
1791506857.180,"P,37980,1282"
1791506857.180,"P,37980,634"
1791506857.381,"B,38076,10,5c:62:8b:66:67:d2,0,0,17314,16,-48,A,5c:62:8b:66:67:d2,0,0,0,0"
1791506857.381,"B,38076,10,cc:b8:5e:ad:5c:4a,17286,15,0,0,-47,S,5c:62:8b:66:67:d2,0,3,0,12"
1791506857.381,"B,38076,10,b2:db:ca:e6:29:a6,28,1,0,0,-49,S,5c:62:8b:66:67:d2,1,0,0,0"
1791506857.381,"P,38102,28"
1791506857.381,"P,38103,1282"
1791506857.381,"P,38103,1282"
1791506857.381,"P,38104,1282"
1791506857.381,"P,38104,1282"
1791506857.381,"P,38104,1282"
1791506857.381,"P,38104,1282"
1791506857.381,"P,38104,1282"
1791506857.381,"P,38105,1282"
1791506857.381,"P,38108,1282"
1791506857.381,"P,38108,1282"
1791506857.381,"P,38109,1282"
1791506857.381,"P,38109,1282"
1791506857.381,"P,38109,1146"
1791506857.381,"P,38110,1282"
1791506857.381,"P,38110,1282"
1791506857.381,"P,38111,1282"
1791506857.381,"P,38111,1146"
1791506857.381,"P,38111,1282"
1791506857.381,"P,38111,1282"
1791506857.381,"P,38111,1282"
1791506857.381,"P,38119,1282"
1791506857.381,"P,38122,1282"
1791506857.381,"P,38127,1282"
1791506857.381,"P,38129,1146"
1791506857.381,"P,38131,1282"
1791506857.381,"P,38131,1282"
1791506857.381,"P,38132,1282"
1791506857.381,"P,38134,1282"
1791506857.381,"P,38137,1282"
1791506857.381,"P,38137,1282"
1791506857.381,"P,38138,1282"
1791506857.381,"P,38138,1282"
1791506857.381,"P,38138,1282"
1791506857.381,"P,38138,1282"
1791506857.381,"P,38138,1282"
1791506857.381,"P,38138,1282"
1791506857.381,"P,38140,1282"
1791506857.381,"P,38140,1282"
1791506857.381,"P,38141,1282"
1791506857.381,"P,38141,1282"
1791506857.381,"P,38141,1282"
1791506857.381,"P,38141,1282"
1791506857.381,"P,38141,1282"
1791506857.381,"P,38141,1282"
1791506857.381,"P,38144,1282"
1791506857.381,"P,38147,1282"
1791506857.381,"P,38149,1282"
1791506857.381,"P,38155,1282"
1791506857.381,"P,38157,1282"
1791506857.381,"P,38160,1282"
1791506857.381,"P,38164,1282"
1791506857.381,"P,38167,1282"
1791506857.381,"P,38168,1282"
1791506857.381,"P,38168,1282"
1791506857.381,"P,38169,1282"
1791506857.381,"P,38169,1282"
1791506857.381,"P,38169,1282"
1791506857.381,"P,38169,1282"
1791506857.381,"P,38169,1282"
1791506857.381,"P,38170,1282"
1791506857.381,"P,38170,1282"
1791506857.381,"P,38171,1282"
1791506857.381,"P,38175,1282"
1791506857.381,"B,38176,10,5c:62:8b:66:67:d2,1430,13,80414,65,-45,A,5c:62:8b:66:67:d2,0,13,0,0"
1791506857.381,"B,38176,10,72:3b:01:24:b7:c8,28,1,0,0,-41,S,5c:62:8b:66:67:d2,1,0,0,0"
1791506857.381,"B,38176,10,cc:b8:5e:ad:5c:4a,80386,64,1430,13,-43,S,5c:62:8b:66:67:d2,1,0,3,60"
1791506857.381,"P,38178,1282"
1791506857.381,"P,38179,1282"
1791506857.381,"P,38179,1282"
1791506857.381,"P,38179,1282"
1791506857.381,"P,38180,1282"
1791506857.381,"P,38180,1282"
1791506857.381,"P,38180,1282"
1791506857.381,"P,38181,1282"
1791506857.381,"P,38181,1282"
1791506857.381,"P,38182,1282"
1791506857.381,"P,38182,1282"
1791506857.381,"P,38182,1282"
1791506857.381,"P,38182,1282"
1791506857.381,"P,38182,1282"
1791506857.381,"P,38184,1282"
1791506857.381,"P,38187,1282"
1791506857.381,"P,38188,1282"
1791506857.381,"P,38188,1282"
1791506857.381,"P,38189,1282"
1791506857.381,"P,38189,1282"
1791506857.381,"P,38189,1282"
1791506857.381,"P,38189,1282"
1791506857.381,"P,38190,1282"
1791506857.381,"P,38190,1282"
1791506857.381,"P,38190,1282"
1791506857.381,"P,38190,1282"
1791506857.381,"P,38190,1282"
1791506857.381,"P,38191,1282"
1791506857.381,"P,38191,1282"
1791506857.381,"P,38191,1282"
1791506857.381,"P,38191,1282"
1791506857.381,"P,38191,1282"
1791506857.381,"P,38192,1282"
1791506857.381,"P,38192,1282"
1791506857.381,"P,38192,1282"
1791506857.381,"P,38192,1282"
1791506857.381,"P,38192,1282"
1791506857.381,"P,38194,1282"
1791506857.381,"P,38196,1282"
1791506857.381,"P,38199,1282"
1791506857.381,"P,38201,1282"
1791506857.381,"P,38201,1282"
1791506857.381,"P,38202,1282"
1791506857.381,"P,38202,1282"
1791506857.381,"P,38203,1282"
1791506857.381,"P,38203,1282"
1791506857.381,"P,38203,1282"
1791506857.381,"P,38203,1282"
1791506857.381,"P,38206,1282"
1791506857.381,"P,38207,1282"
1791506857.381,"P,38210,1282"
1791506857.381,"P,38212,1282"
1791506857.381,"P,38213,28"
1791506857.587,"P,38214,1282"
1791506857.587,"P,38214,1282"
1791506857.587,"P,38215,1282"
1791506857.587,"P,38215,1282"
1791506857.587,"P,38215,1282"
1791506857.587,"P,38215,1282"
1791506857.587,"P,38216,1282"
1791506857.587,"P,38216,1282"
1791506857.587,"P,38216,1282"
1791506857.587,"P,38216,1282"
1791506857.587,"P,38216,1282"
1791506857.587,"P,38216,1282"
1791506857.587,"P,38216,1282"
1791506857.587,"P,38220,1282"
1791506857.587,"P,38223,1282"
1791506857.587,"P,38230,1282"
1791506857.587,"P,38232,1282"
1791506857.587,"P,38233,1282"
1791506857.587,"P,38234,1282"
1791506857.587,"P,38234,1282"
1791506857.587,"P,38237,1282"
1791506857.587,"P,38240,1282"
1791506857.587,"P,38240,1282"
1791506857.587,"P,38241,1282"
1791506857.587,"P,38241,1282"
1791506857.587,"P,38241,1282"
1791506857.587,"P,38241,1282"
1791506857.587,"P,38241,1282"
1791506857.587,"P,38242,1282"
1791506857.587,"P,38242,1282"
1791506857.587,"P,38242,1282"
1791506857.587,"P,38243,1282"
1791506857.587,"P,38243,1282"
1791506857.587,"P,38244,1282"
1791506857.587,"P,38244,1282"
1791506857.587,"P,38244,1282"
1791506857.587,"P,38245,1282"
1791506857.587,"P,38245,1282"
1791506857.587,"P,38245,1282"
1791506857.587,"P,38245,1282"
1791506857.587,"P,38245,1282"
1791506857.587,"P,38248,1282"
1791506857.587,"P,38250,1282"
1791506857.587,"P,38251,1282"
1791506857.587,"P,38251,1282"
1791506857.587,"P,38252,1282"
1791506857.587,"P,38252,1282"
1791506857.587,"P,38252,1282"
1791506857.587,"P,38253,1282"
1791506857.587,"P,38253,1282"
1791506857.587,"P,38256,1282"
1791506857.587,"P,38256,1282"
1791506857.587,"P,38258,1282"
1791506857.587,"P,38258,1282"
1791506857.587,"P,38258,1282"
1791506857.587,"P,38258,1282"
1791506857.587,"P,38259,1282"
1791506857.587,"P,38259,1282"
1791506857.587,"P,38259,1282"
1791506857.587,"P,38259,1282"
1791506857.587,"P,38260,1282"
1791506857.587,"P,38260,1282"
1791506857.587,"P,38261,1282"
1791506857.587,"P,38261,1282"
1791506857.587,"P,38262,1282"
1791506857.587,"P,38262,1282"
1791506857.587,"P,38267,1282"
1791506857.587,"P,38267,1282"
1791506857.587,"P,38268,1282"
1791506857.587,"P,38268,1282"
1791506857.587,"P,38268,1282"
1791506857.587,"P,38268,1282"
1791506857.587,"P,38268,1282"
1791506857.587,"P,38268,678"
1791506857.587,"P,38269,1282"
1791506857.587,"P,38269,1282"
1791506857.587,"P,38272,1282"
1791506857.587,"P,38274,1282"
1791506857.587,"P,38274,1282"
1791506857.587,"P,38275,1282"
1791506857.587,"P,38275,166"
1791506857.587,"P,38275,1282"
1791506857.587,"B,38276,10,5c:62:8b:66:67:d2,3080,28,170096,135,-45,A,5c:62:8b:66:67:d2,0,28,0,0"
1791506857.587,"B,38276,10,cc:b8:5e:ad:5c:4a,170096,135,3080,28,-45,S,5c:62:8b:66:67:d2,1,2,0,132"
1791506857.587,"P,38275,1282"
1791506857.587,"P,38275,1282"
1791506857.587,"P,38275,1282"
1791506857.587,"P,38276,1282"
1791506857.587,"P,38277,1282"
1791506857.587,"P,38277,1282"
1791506857.587,"P,38277,166"
1791506857.587,"P,38277,1282"
1791506857.587,"P,38277,1282"
1791506857.587,"P,38277,1282"
1791506857.587,"P,38277,1282"
1791506857.587,"P,38278,1282"
1791506857.587,"P,38278,1282"
1791506857.587,"P,38278,1282"
1791506857.587,"P,38279,166"
1791506857.587,"P,38279,1282"
1791506857.587,"P,38279,1282"
1791506857.587,"P,38279,1282"
1791506857.587,"P,38279,1282"
1791506857.587,"P,38279,1282"
1791506857.587,"P,38280,1282"
1791506857.587,"P,38281,1282"
1791506857.587,"P,38281,126"
1791506857.587,"P,38297,1282"
1791506857.587,"P,38297,802"
1791506857.587,"P,38297,1282"
1791506857.587,"P,38298,1282"
1791506857.587,"B,38376,10,5c:62:8b:66:67:d2,1210,11,30858,31,-45,A,5c:62:8b:66:67:d2,0,11,0,0"
1791506857.587,"B,38376,10,72:3b:01:24:b7:c8,112,4,0,0,-41,S,5c:62:8b:66:67:d2,4,0,0,0"
1791506857.587,"B,38376,10,cc:b8:5e:ad:5c:4a,30746,27,1210,11,-47,S,5c:62:8b:66:67:d2,0,3,1,23"
1791506857.587,"B,38376,10,80:af:ca:68:4c:f8,104,1,0,0,-85,A,80:af:ca:68:4c:f8,0,1,0,0"
1791506857.587,"P,38380,1282"
1791506857.587,"P,38380,1282"
1791506857.587,"P,38380,1282"
1791506857.587,"P,38380,1282"
1791506857.587,"P,38380,1282"
1791506857.587,"P,38382,1282"
1791506857.587,"P,38382,1282"
1791506857.587,"P,38382,1282"
1791506857.587,"P,38382,1282"
1791506857.587,"P,38382,1282"
1791506857.587,"P,38384,1282"
1791506857.587,"P,38388,766"
1791506857.792,"P,38459,1282"
1791506857.792,"P,38459,1282"
1791506857.792,"P,38460,1282"
1791506857.792,"P,38460,1282"
1791506857.792,"P,38460,1282"
1791506857.792,"P,38466,1282"
1791506857.792,"P,38466,1282"
1791506857.792,"P,38467,1282"
1791506857.792,"P,38467,1282"
1791506857.792,"P,38468,1282"
1791506857.792,"P,38468,706"
1791506857.792,"B,38476,10,5c:62:8b:66:67:d2,880,8,28394,23,-46,A,5c:62:8b:66:67:d2,0,8,0,0"
1791506857.792,"B,38476,10,cc:b8:5e:ad:5c:4a,28394,23,880,8,-47,S,5c:62:8b:66:67:d2,0,0,2,21"
1791506857.792,"B,38476,10,78:8c:b5:f5:e7:26,160,2,56,2,-81,A,78:8c:b5:f5:e7:26,2,0,0,0"
1791506857.792,"B,38476,10,00:08:22:24:d6:fb,56,2,0,0,-78,S,78:8c:b5:f5:e7:26,2,0,0,0"
1791506857.792,"P,38497,28"
1791506857.792,"P,38498,1282"
1791506857.792,"P,38498,146"
1791506857.792,"B,38576,10,5c:62:8b:66:67:d2,110,1,1568,7,-49,A,5c:62:8b:66:67:d2,0,1,0,0"
1791506857.792,"B,38576,10,72:3b:01:24:b7:c8,84,3,0,0,-37,S,5c:62:8b:66:67:d2,3,0,0,0"
1791506857.792,"B,38576,10,cc:b8:5e:ad:5c:4a,1456,3,110,1,-47,S,5c:62:8b:66:67:d2,1,1,0,1"
1791506857.792,"B,38576,10,b2:db:ca:e6:29:a6,28,1,0,0,-48,S,5c:62:8b:66:67:d2,1,0,0,0"
1791506857.792,"P,38577,1282"
1791506857.792,"P,38577,1282"
1791506857.792,"P,38579,1282"
1791506857.792,"P,38579,1282"
1791506857.792,"P,38579,818"
1791506857.997,"P,38657,28"
1791506857.997,"P,38657,28"
1791506857.997,"P,38657,28"
1791506857.997,"P,38658,28"
1791506857.997,"P,38660,28"
1791506857.997,"P,38660,1282"
1791506857.997,"P,38661,1282"
1791506857.997,"P,38661,1282"
1791506857.997,"P,38661,1282"
1791506857.997,"P,38661,1282"
1791506857.997,"P,38661,1282"
1791506857.997,"P,38662,1282"
1791506857.997,"P,38662,1282"
1791506857.997,"P,38662,1282"
1791506857.997,"P,38662,1282"
1791506857.997,"P,38663,1282"
1791506857.997,"P,38663,1282"
1791506857.997,"P,38663,1282"
1791506857.997,"P,38663,1282"
1791506857.997,"P,38663,1282"
1791506857.997,"P,38669,1282"
1791506857.997,"P,38672,1282"
1791506857.997,"B,38676,10,5c:62:8b:66:67:d2,330,3,27964,30,-47,A,5c:62:8b:66:67:d2,0,3,0,0"
1791506857.997,"B,38676,10,72:3b:01:24:b7:c8,56,2,0,0,-35,S,5c:62:8b:66:67:d2,2,0,0,0"
1791506857.997,"B,38676,10,cc:b8:5e:ad:5c:4a,27880,27,330,3,-44,S,5c:62:8b:66:67:d2,5,0,1,21"
1791506857.997,"B,38676,10,b2:db:ca:e6:29:a6,28,1,0,0,-50,S,5c:62:8b:66:67:d2,1,0,0,0"
1791506857.997,"B,38776,10,5c:62:8b:66:67:d2,0,0,84,3,-52,A,5c:62:8b:66:67:d2,0,0,0,0"
1791506857.997,"B,38776,10,72:3b:01:24:b7:c8,28,1,0,0,-43,S,5c:62:8b:66:67:d2,1,0,0,0"
1791506857.997,"B,38776,10,b2:db:ca:e6:29:a6,56,2,0,0,-47,S,5c:62:8b:66:67:d2,2,0,0,0"
1791506857.997,"B,38776,10,80:af:ca:68:4c:f8,494,1,0,0,-85,A,80:af:ca:68:4c:f8,0,1,0,0"
1791506858.199,"P,38870,28"
1791506858.199,"P,38871,1282"
1791506858.199,"P,38871,1282"
1791506858.199,"P,38871,566"
1791506858.199,"P,38872,1282"
1791506858.199,"P,38872,1282"
1791506858.199,"P,38872,158"
1791506858.199,"P,38873,158"
1791506858.199,"P,38873,158"
1791506858.199,"P,38873,158"
1791506858.199,"P,38874,158"
1791506858.199,"P,38876,1282"
1791506858.199,"B,38876,10,5c:62:8b:66:67:d2,330,3,7878,15,-45,A,5c:62:8b:66:67:d2,0,3,0,0"
1791506858.199,"B,38876,10,72:3b:01:24:b7:c8,28,1,0,0,-36,S,5c:62:8b:66:67:d2,1,0,0,0"
1791506858.199,"B,38876,10,cc:b8:5e:ad:5c:4a,7794,12,330,3,-44,S,5c:62:8b:66:67:d2,1,6,0,5"
1791506858.199,"B,38876,10,b2:db:ca:e6:29:a6,56,2,0,0,-45,S,5c:62:8b:66:67:d2,2,0,0,0"
1791506858.199,"P,38877,1282"
1791506858.199,"P,38878,1282"
1791506858.199,"P,38878,1282"
1791506858.199,"P,38878,1282"
1791506858.199,"P,38880,1282"
1791506858.199,"P,38880,1282"
1791506858.199,"P,38880,1282"
1791506858.199,"P,38880,1210"
1791506858.199,"P,38880,1282"
1791506858.199,"P,38880,1282"
1791506858.199,"P,38881,1282"
1791506858.199,"P,38882,1282"
1791506858.199,"P,38884,1282"
1791506858.199,"P,38884,1282"
1791506858.199,"P,38885,1282"
1791506858.199,"P,38885,1282"
1791506858.199,"P,38885,502"
1791506858.199,"P,38886,1282"
1791506858.199,"P,38886,1282"
1791506858.199,"P,38888,1282"
1791506858.199,"P,38895,1282"
1791506858.199,"P,38896,1282"
1791506858.199,"P,38896,1282"
1791506858.199,"P,38897,1282"
1791506858.199,"P,38897,1282"
1791506858.199,"P,38897,1282"
1791506858.199,"P,38897,1282"
1791506858.199,"P,38898,1282"
1791506858.199,"P,38898,1282"
1791506858.199,"P,38898,1282"
1791506858.199,"P,38899,1282"
1791506858.199,"P,38899,1282"
1791506858.199,"P,38899,1282"
1791506858.199,"P,38899,1282"
1791506858.199,"P,38901,1282"
1791506858.199,"P,38902,1282"
1791506858.199,"P,38903,1282"
1791506858.199,"P,38903,1282"
1791506858.199,"P,38903,1282"
1791506858.199,"P,38903,774"
1791506858.199,"P,38905,1282"
1791506858.199,"P,38908,1282"
1791506858.199,"P,38910,1282"
1791506858.199,"P,38910,774"
1791506858.199,"P,38910,774"
1791506858.199,"B,38976,10,5c:62:8b:66:67:d2,1320,12,55370,47,-43,A,5c:62:8b:66:67:d2,0,12,0,0"
1791506858.199,"B,38976,10,72:3b:01:24:b7:c8,56,2,0,0,-38,S,5c:62:8b:66:67:d2,2,0,0,0"
1791506858.199,"B,38976,10,cc:b8:5e:ad:5c:4a,55314,45,1320,12,-45,S,5c:62:8b:66:67:d2,0,1,3,41"
1791506858.199,"P,38980,28"
1791506858.199,"P,38981,1282"
1791506858.199,"P,38981,1282"
1791506858.199,"P,38981,1282"
1791506858.199,"P,38981,1282"
1791506858.199,"P,38981,1282"
1791506858.199,"P,38982,1282"
1791506858.199,"P,38982,1282"
1791506858.199,"P,38982,1282"
1791506858.199,"P,38982,1282"
1791506858.199,"P,38982,1282"
1791506858.199,"P,38983,1282"
1791506858.199,"P,38983,1282"
1791506858.199,"P,38983,1282"
1791506858.199,"P,38984,1282"
1791506858.199,"P,38984,1282"
1791506858.199,"P,38984,1282"
1791506858.199,"P,38984,1282"
1791506858.199,"P,38984,1282"
1791506858.199,"P,38985,1282"
1791506858.199,"P,38985,1282"
1791506858.199,"P,38987,1282"
1791506858.199,"P,38989,1282"
1791506858.199,"P,38992,1282"
1791506858.199,"P,38994,1282"
1791506858.199,"P,38997,1282"
1791506858.199,"P,39000,1282"
1791506858.199,"P,39014,82"
1791506858.199,"P,39015,82"
1791506858.199,"P,39020,82"
1791506858.199,"P,39021,82"
1791506858.199,"P,39021,82"
1791506858.405,"B,39076,10,5c:62:8b:66:67:d2,82,1,33882,36,-49,A,5c:62:8b:66:67:d2,1,0,0,0"
1791506858.405,"B,39076,10,72:3b:01:24:b7:c8,56,2,82,1,-38,S,5c:62:8b:66:67:d2,2,0,0,0"
1791506858.405,"B,39076,10,cc:b8:5e:ad:5c:4a,33770,32,0,0,-43,S,5c:62:8b:66:67:d2,6,0,0,26"
1791506858.405,"B,39076,10,b2:db:ca:e6:29:a6,56,2,0,0,-47,S,5c:62:8b:66:67:d2,2,0,0,0"
1791506858.405,"P,39082,28"
1791506858.405,"P,39082,1282"
1791506858.405,"P,39083,1282"
1791506858.405,"P,39084,1282"
1791506858.405,"P,39084,1282"
1791506858.405,"P,39084,1282"
1791506858.405,"P,39085,458"
1791506858.405,"P,39085,1282"
1791506858.405,"P,39085,1282"
1791506858.405,"P,39085,1282"
1791506858.405,"P,39089,290"
1791506858.405,"P,39097,1282"
1791506858.405,"P,39097,1282"
1791506858.405,"P,39098,1282"
1791506858.405,"P,39098,374"
1791506858.405,"B,39176,10,5c:62:8b:66:67:d2,1072,10,15308,17,-45,A,5c:62:8b:66:67:d2,1,9,0,0"
1791506858.405,"B,39176,10,cc:b8:5e:ad:5c:4a,15252,15,1072,10,-45,S,5c:62:8b:66:67:d2,1,3,0,11"
1791506858.405,"B,39176,10,b2:db:ca:e6:29:a6,56,2,0,0,-48,S,5c:62:8b:66:67:d2,2,0,0,0"
1791506858.405,"P,39182,1282"
1791506858.405,"P,39182,1282"
1791506858.405,"P,39182,1282"
1791506858.405,"P,39182,1282"
1791506858.405,"P,39182,1282"
1791506858.405,"P,39189,28"
1791506858.405,"P,39189,1282"
1791506858.405,"P,39189,1206"
1791506858.608,"P,39257,1282"
1791506858.608,"P,39257,1282"
1791506858.608,"P,39257,1282"
1791506858.608,"P,39257,1282"
1791506858.608,"P,39258,1282"
1791506858.608,"P,39258,1282"
1791506858.608,"P,39258,1282"
1791506858.608,"P,39258,1282"
1791506858.608,"P,39259,1282"
1791506858.608,"P,39259,1282"
1791506858.608,"P,39259,1282"
1791506858.608,"P,39259,1282"
1791506858.608,"P,39259,1282"
1791506858.608,"P,39260,1282"
1791506858.608,"P,39260,1282"
1791506858.608,"P,39260,1282"
1791506858.608,"P,39260,1282"
1791506858.608,"P,39262,1282"
1791506858.608,"P,39265,1282"
1791506858.608,"P,39268,1282"
1791506858.608,"P,39270,1282"
1791506858.608,"B,39276,10,5c:62:8b:66:67:d2,330,3,35988,34,-44,A,5c:62:8b:66:67:d2,0,3,0,0"
1791506858.608,"B,39276,10,72:3b:01:24:b7:c8,140,5,0,0,-36,S,5c:62:8b:66:67:d2,5,0,0,0"
1791506858.608,"B,39276,10,cc:b8:5e:ad:5c:4a,35848,29,330,3,-45,S,5c:62:8b:66:67:d2,1,0,0,28"
1791506858.608,"P,39283,1282"
1791506858.608,"P,39283,1282"
1791506858.608,"P,39283,1282"
1791506858.608,"P,39287,1282"
1791506858.608,"P,39287,1282"
1791506858.608,"P,39287,586"
1791506858.608,"P,39296,28"
1791506858.608,"P,39297,1282"
1791506858.608,"P,39297,654"
1791506858.608,"B,39376,10,5c:62:8b:66:67:d2,880,8,8988,10,-46,A,5c:62:8b:66:67:d2,0,8,0,0"
1791506858.608,"B,39376,10,72:3b:01:24:b7:c8,28,1,0,0,-36,S,5c:62:8b:66:67:d2,1,0,0,0"
1791506858.608,"B,39376,10,cc:b8:5e:ad:5c:4a,8960,9,880,8,-47,S,5c:62:8b:66:67:d2,1,2,0,6"
1791506858.608,"P,39378,1282"
1791506858.608,"P,39378,1282"
1791506858.608,"P,39378,1282"
1791506858.608,"P,39382,1282"
1791506858.608,"P,39382,1282"
1791506858.608,"P,39389,1282"
1791506858.608,"P,39389,1282"
1791506858.608,"P,39390,1282"
1791506858.608,"P,39391,854"
1791506858.812,"P,39455,28"
1791506858.812,"P,39456,1282"
1791506858.812,"P,39456,1282"
1791506858.812,"P,39457,1282"
1791506858.812,"P,39457,1282"
1791506858.812,"P,39457,1282"
1791506858.812,"P,39464,1282"
1791506858.812,"P,39464,1282"
1791506858.812,"P,39465,1282"
1791506858.812,"P,39465,1282"
1791506858.812,"P,39466,1282"
1791506858.812,"P,39466,1282"
1791506858.812,"P,39466,1282"
1791506858.812,"P,39466,1282"
1791506858.812,"P,39466,1282"
1791506858.812,"P,39467,1282"
1791506858.812,"P,39467,1282"
1791506858.812,"P,39467,1282"
1791506858.812,"P,39467,1282"
1791506858.812,"P,39467,1282"
1791506858.812,"P,39467,478"
1791506858.812,"P,39468,1282"
1791506858.812,"P,39468,1282"
1791506858.812,"P,39468,1282"
1791506858.812,"P,39468,1282"
1791506858.812,"P,39468,1282"
1791506858.812,"P,39469,1282"
1791506858.812,"P,39469,478"
1791506858.812,"P,39471,1282"
1791506858.812,"P,39473,1282"
1791506858.812,"P,39474,1282"
1791506858.812,"P,39474,1282"
1791506858.812,"P,39475,1282"
1791506858.812,"P,39475,1282"
1791506858.812,"P,39475,478"
1791506858.812,"B,39476,10,5c:62:8b:66:67:d2,770,7,52314,44,-47,A,5c:62:8b:66:67:d2,0,7,0,0"
1791506858.812,"B,39476,10,cc:b8:5e:ad:5c:4a,52314,44,770,7,-45,S,5c:62:8b:66:67:d2,1,3,1,39"
1791506858.812,"P,39497,1282"
1791506858.812,"P,39497,730"
1791506858.812,"P,39577,28"
1791506858.812,"B,39576,10,5c:62:8b:66:67:d2,440,4,2236,10,-47,A,5c:62:8b:66:67:d2,0,4,0,0"
1791506858.812,"B,39576,10,72:3b:01:24:b7:c8,168,6,0,0,-38,S,5c:62:8b:66:67:d2,6,0,0,0"
1791506858.812,"B,39576,10,cc:b8:5e:ad:5c:4a,2040,3,440,4,-46,S,5c:62:8b:66:67:d2,1,0,1,1"
1791506858.812,"B,39576,10,b2:db:ca:e6:29:a6,28,1,0,0,-49,S,5c:62:8b:66:67:d2,1,0,0,0"
1791506858.812,"P,39577,1282"
1791506858.812,"P,39578,1282"
1791506858.812,"P,39578,1282"
1791506858.812,"P,39578,1282"
1791506858.812,"P,39591,1282"
1791506858.812,"P,39591,770"
1791506859.015,"P,39661,1282"
1791506859.015,"P,39661,1282"
1791506859.015,"P,39661,1282"
1791506859.015,"P,39661,1282"
1791506859.015,"P,39661,1282"
1791506859.015,"P,39665,1282"
1791506859.015,"P,39666,1282"
1791506859.015,"P,39666,1282"
1791506859.015,"P,39667,1282"
1791506859.015,"P,39667,1282"
1791506859.015,"P,39667,1282"
1791506859.015,"P,39668,1282"
1791506859.015,"P,39668,1282"
1791506859.015,"P,39668,214"
1791506859.015,"P,39668,214"
1791506859.015,"P,39669,214"
1791506859.015,"P,39669,214"
1791506859.015,"P,39670,214"
1791506859.015,"P,39671,214"
1791506859.015,"B,39676,10,5c:62:8b:66:67:d2,1286,11,25186,27,-46,A,5c:62:8b:66:67:d2,0,11,0,0"
1791506859.015,"B,39676,10,cc:b8:5e:ad:5c:4a,25130,25,1286,11,-44,S,5c:62:8b:66:67:d2,0,6,1,18"
1791506859.015,"B,39676,10,b2:db:ca:e6:29:a6,56,2,0,0,-49,S,5c:62:8b:66:67:d2,2,0,0,0"
1791506859.015,"P,39678,28"
1791506859.015,"P,39678,202"
1791506859.015,"P,39699,1282"
1791506859.015,"P,39699,642"
1791506859.015,"P,39776,1282"
1791506859.015,"B,39776,10,5c:62:8b:66:67:d2,110,1,3492,7,-49,A,5c:62:8b:66:67:d2,0,1,0,0"
1791506859.015,"B,39776,10,cc:b8:5e:ad:5c:4a,3436,5,110,1,-46,S,5c:62:8b:66:67:d2,1,2,0,2"
1791506859.015,"B,39776,10,b2:db:ca:e6:29:a6,56,2,0,0,-49,S,5c:62:8b:66:67:d2,2,0,0,0"
1791506859.015,"P,39776,1282"
1791506859.015,"P,39776,1282"
1791506859.015,"P,39777,1282"
1791506859.015,"P,39777,1282"
1791506859.015,"P,39777,1282"
1791506859.015,"P,39777,1282"
1791506859.015,"P,39778,1282"
1791506859.015,"P,39778,1282"
1791506859.015,"P,39778,1282"
1791506859.015,"P,39779,1282"
1791506859.015,"P,39779,1282"
1791506859.015,"P,39793,1282"
1791506859.015,"P,39793,1282"
1791506859.015,"P,39793,1282"
1791506859.015,"P,39794,1282"
1791506859.015,"P,39794,1282"
1791506859.015,"P,39806,28"
1791506859.015,"P,39806,1282"
1791506859.015,"P,39806,322"
1791506859.216,"P,39858,1282"
1791506859.216,"P,39858,1282"
1791506859.216,"P,39858,1282"
1791506859.216,"P,39858,1282"
1791506859.216,"P,39859,1282"
1791506859.216,"P,39859,1282"
1791506859.216,"P,39859,1282"
1791506859.216,"P,39860,1282"
1791506859.216,"P,39860,1282"
1791506859.216,"P,39860,1282"
1791506859.216,"B,39876,10,5c:62:8b:66:67:d2,330,3,35188,37,-47,A,5c:62:8b:66:67:d2,0,3,0,0"
1791506859.216,"B,39876,10,72:3b:01:24:b7:c8,168,6,0,0,-41,S,5c:62:8b:66:67:d2,6,0,0,0"
1791506859.216,"B,39876,10,cc:b8:5e:ad:5c:4a,34964,29,330,3,-45,S,5c:62:8b:66:67:d2,1,1,0,27"
1791506859.216,"B,39876,10,b2:db:ca:e6:29:a6,56,2,0,0,-50,S,5c:62:8b:66:67:d2,2,0,0,0"
1791506859.216,"P,39928,1282"
1791506859.216,"P,39930,1282"
1791506859.216,"P,39930,1282"
1791506859.216,"P,39930,154"
1791506859.216,"P,39930,1282"
1791506859.216,"P,39930,570"
1791506859.216,"P,39977,1282"
1791506859.216,"B,39976,10,5c:62:8b:66:67:d2,990,9,7162,8,-46,A,5c:62:8b:66:67:d2,0,9,0,0"
1791506859.216,"B,39976,10,cc:b8:5e:ad:5c:4a,7134,7,990,9,-47,S,5c:62:8b:66:67:d2,0,2,0,5"
1791506859.216,"B,39976,10,b2:db:ca:e6:29:a6,28,1,0,0,-51,S,5c:62:8b:66:67:d2,1,0,0,0"
1791506859.216,"P,39977,1282"
1791506859.216,"P,39977,1282"
1791506859.216,"P,39978,1282"
1791506859.216,"P,39978,1282"
1791506859.216,"P,39978,1282"
1791506859.216,"P,39978,1282"
1791506859.216,"P,39978,1282"
1791506859.216,"P,39979,1282"
1791506859.216,"P,39979,1282"
1791506859.216,"P,39980,1282"
1791506859.216,"P,39980,1282"
1791506859.216,"P,39980,1282"
1791506859.216,"P,39985,1282"
1791506859.216,"P,39985,1270"
1791506859.421,"P,40057,28"
1791506859.421,"P,40058,1282"
1791506859.421,"P,40058,1282"
1791506859.421,"P,40058,1282"
1791506859.421,"P,40058,1282"
1791506859.421,"P,40058,1282"
1791506859.421,"P,40064,1282"
1791506859.421,"P,40065,1282"
1791506859.421,"P,40065,1282"
1791506859.421,"P,40066,1282"
1791506859.421,"P,40067,1282"
1791506859.421,"P,40067,698"
1791506859.421,"B,40076,10,5c:62:8b:66:67:d2,1320,12,31538,28,-45,A,5c:62:8b:66:67:d2,0,12,0,0"
1791506859.421,"B,40076,10,cc:b8:5e:ad:5c:4a,31482,26,1320,12,-47,S,5c:62:8b:66:67:d2,1,1,0,24"
1791506859.421,"B,40076,10,b2:db:ca:e6:29:a6,56,2,0,0,-49,S,5c:62:8b:66:67:d2,2,0,0,0"
1791506859.421,"I,40091,stat,rx=14725,drops=0,ch=10,bin=100,hop=0,heap=202024"
1791506859.421,"P,40098,1282"
1791506859.421,"P,40099,1282"
1791506859.421,"P,40099,230"
1791506859.421,"P,40099,1282"
1791506859.421,"P,40175,28"
1791506859.421,"B,40176,10,5c:62:8b:66:67:d2,110,1,4356,14,-48,A,5c:62:8b:66:67:d2,0,1,0,0"
1791506859.421,"B,40176,10,72:3b:01:24:b7:c8,168,6,0,0,-38,S,5c:62:8b:66:67:d2,6,0,0,0"
1791506859.421,"B,40176,10,cc:b8:5e:ad:5c:4a,4104,5,110,1,-47,S,5c:62:8b:66:67:d2,1,1,0,3"
1791506859.421,"B,40176,10,b2:db:ca:e6:29:a6,84,3,0,0,-44,S,5c:62:8b:66:67:d2,3,0,0,0"
1791506859.421,"P,40176,1282"
1791506859.421,"P,40176,1282"
1791506859.421,"P,40176,1282"
1791506859.421,"P,40176,1282"
1791506859.421,"P,40177,1282"
1791506859.421,"P,40177,1282"
1791506859.421,"P,40177,1282"
1791506859.421,"P,40177,1282"
1791506859.421,"P,40178,1282"
1791506859.421,"P,40178,1282"
1791506859.421,"P,40179,1282"
1791506859.421,"P,40179,1282"
1791506859.421,"P,40179,1282"
1791506859.421,"P,40179,1282"
1791506859.421,"P,40179,1282"
1791506859.421,"P,40180,1282"
1791506859.421,"P,40182,1282"
1791506859.421,"P,40184,1282"
1791506859.421,"P,40186,1282"
1791506859.421,"P,40189,1282"
1791506859.421,"P,40205,1282"
1791506859.421,"P,40206,1282"
1791506859.421,"P,40206,1282"
1791506859.421,"P,40206,582"
1791506859.421,"P,40207,1282"
1791506859.421,"P,40208,1282"
1791506859.421,"P,40208,582"
1791506859.421,"P,40208,1282"
1791506859.421,"P,40208,1282"
1791506859.421,"P,40208,582"
1791506859.421,"P,40211,1282"
1791506859.421,"P,40212,1282"
1791506859.421,"P,40212,582"
1791506859.421,"P,40214,1282"
1791506859.623,"P,40260,1282"
1791506859.623,"P,40260,1282"
1791506859.623,"P,40260,1282"
1791506859.623,"P,40260,1282"
1791506859.623,"P,40260,1282"
1791506859.623,"P,40261,1282"
1791506859.623,"P,40261,1282"
1791506859.623,"P,40262,1282"
1791506859.623,"P,40262,1282"
1791506859.623,"P,40262,1282"
1791506859.623,"P,40262,1282"
1791506859.623,"P,40264,1282"
1791506859.623,"P,40267,1282"
1791506859.623,"P,40271,1282"
1791506859.623,"B,40276,10,5c:62:8b:66:67:d2,1100,10,58764,49,-43,A,5c:62:8b:66:67:d2,0,10,0,0"
1791506859.623,"B,40276,10,cc:b8:5e:ad:5c:4a,58736,48,1100,10,-44,S,5c:62:8b:66:67:d2,0,4,0,44"
1791506859.623,"B,40276,10,b2:db:ca:e6:29:a6,28,1,0,0,-51,S,5c:62:8b:66:67:d2,1,0,0,0"
1791506859.623,"P,40279,28"
1791506859.623,"P,40279,1282"
1791506859.623,"P,40280,1282"
1791506859.623,"P,40280,1282"
1791506859.623,"P,40280,1282"
1791506859.623,"P,40283,1282"
1791506859.623,"P,40283,1282"
1791506859.623,"P,40283,1282"
1791506859.623,"P,40283,1282"
1791506859.623,"P,40284,1282"
1791506859.623,"P,40284,1282"
1791506859.623,"P,40284,190"
1791506859.623,"P,40284,1282"
1791506859.623,"P,40284,1282"
1791506859.623,"P,40285,1282"
1791506859.623,"P,40285,1282"
1791506859.623,"P,40285,1282"
1791506859.623,"P,40285,1282"
1791506859.623,"P,40285,190"
1791506859.623,"P,40286,1282"
1791506859.623,"P,40286,1282"
1791506859.623,"P,40286,1282"
1791506859.623,"P,40286,1282"
1791506859.623,"P,40287,1282"
1791506859.623,"P,40287,1282"
1791506859.623,"P,40287,190"
1791506859.623,"P,40288,1282"
1791506859.623,"P,40291,1282"
1791506859.623,"P,40294,1282"
1791506859.623,"P,40297,1282"
1791506859.623,"P,40298,1282"
1791506859.623,"P,40299,1282"
1791506859.623,"P,40299,190"
1791506859.623,"P,40299,1282"
1791506859.623,"P,40299,470"
1791506859.623,"P,40301,1282"
1791506859.623,"P,40304,470"
1791506859.623,"P,40304,470"
1791506859.623,"P,40378,1282"
1791506859.623,"B,40376,10,5c:62:8b:66:67:d2,990,9,42080,44,-43,A,5c:62:8b:66:67:d2,0,9,0,0"
1791506859.623,"B,40376,10,cc:b8:5e:ad:5c:4a,41940,39,990,9,-46,S,5c:62:8b:66:67:d2,1,7,0,31"
1791506859.623,"B,40376,10,b2:db:ca:e6:29:a6,140,5,0,0,-44,S,5c:62:8b:66:67:d2,5,0,0,0"
1791506859.623,"P,40378,1282"
1791506859.623,"P,40378,1282"
1791506859.623,"P,40378,1282"
1791506859.623,"P,40378,1282"
1791506859.623,"P,40383,28"
1791506859.623,"P,40383,28"
1791506859.623,"P,40383,28"
1791506859.623,"P,40384,1282"
1791506859.623,"P,40384,726"
1791506859.623,"P,40384,1282"
1791506859.623,"P,40384,726"
1791506859.623,"P,40385,1282"
1791506859.623,"P,40385,726"
1791506859.623,"P,40385,1282"
1791506859.623,"P,40386,726"
1791506859.623,"P,40388,1282"
1791506859.623,"P,40390,726"
1791506859.825,"P,40457,1282"
1791506859.825,"P,40457,1282"
1791506859.825,"P,40458,1282"
1791506859.825,"P,40458,1282"
1791506859.825,"P,40458,1282"
1791506859.825,"B,40476,10,5c:62:8b:66:67:d2,440,4,21830,28,-45,A,5c:62:8b:66:67:d2,0,4,0,0"
1791506859.825,"B,40476,10,72:3b:01:24:b7:c8,140,5,0,0,-36,S,5c:62:8b:66:67:d2,5,0,0,0"
1791506859.825,"B,40476,10,cc:b8:5e:ad:5c:4a,21662,22,440,4,-46,S,5c:62:8b:66:67:d2,3,0,5,14"
1791506859.825,"B,40476,10,b2:db:ca:e6:29:a6,28,1,0,0,-45,S,5c:62:8b:66:67:d2,1,0,0,0"
1791506859.825,"B,40476,10,80:af:ca:68:4c:f8,104,1,0,0,-85,A,80:af:ca:68:4c:f8,0,1,0,0"
1791506859.825,"P,40517,28"
1791506859.825,"P,40517,1282"
1791506859.825,"P,40518,1282"
1791506859.825,"P,40519,1282"
1791506859.825,"P,40519,1282"
1791506859.825,"P,40519,174"
1791506859.825,"P,40519,1282"
1791506859.825,"P,40519,886"
1791506859.825,"P,40577,1282"
1791506859.825,"B,40576,10,5c:62:8b:66:67:d2,660,6,8780,9,-44,A,5c:62:8b:66:67:d2,0,6,0,0"
1791506859.825,"B,40576,10,cc:b8:5e:ad:5c:4a,8780,9,660,6,-46,S,5c:62:8b:66:67:d2,1,1,1,6"
1791506859.825,"P,40577,1282"
1791506859.825,"P,40577,1282"
1791506859.825,"P,40579,1282"
1791506859.825,"P,40579,1282"
1791506859.825,"P,40585,1282"
1791506859.825,"P,40586,1282"
1791506859.825,"P,40586,1278"
1791506859.825,"P,40586,1282"
1791506859.825,"P,40587,1278"
1791506859.825,"P,40587,1282"
1791506859.825,"P,40587,1278"
1791506859.825,"P,40589,1282"
1791506859.825,"P,40590,1278"
1791506859.825,"P,40592,1278"
1791506860.025,"P,40658,28"
1791506860.025,"P,40658,28"
1791506860.025,"P,40659,28"
1791506860.025,"P,40659,28"
1791506860.025,"P,40662,28"
1791506860.025,"P,40665,1282"
1791506860.025,"P,40665,1282"
1791506860.025,"P,40665,1282"
1791506860.025,"P,40665,1282"
1791506860.025,"P,40665,1282"
1791506860.025,"P,40666,1282"
1791506860.025,"P,40666,1282"
1791506860.025,"P,40666,1282"
1791506860.025,"P,40666,1282"
1791506860.025,"P,40667,1282"
1791506860.025,"P,40667,1282"
1791506860.025,"P,40668,1282"
1791506860.025,"P,40668,1282"
1791506860.025,"P,40670,1282"
1791506860.025,"P,40675,1282"
1791506860.025,"B,40676,10,5c:62:8b:66:67:d2,550,5,37354,36,-43,A,5c:62:8b:66:67:d2,0,5,0,0"
1791506860.025,"B,40676,10,cc:b8:5e:ad:5c:4a,37298,34,550,5,-44,S,5c:62:8b:66:67:d2,5,0,0,29"
1791506860.025,"B,40676,10,b2:db:ca:e6:29:a6,56,2,0,0,-49,S,5c:62:8b:66:67:d2,2,0,0,0"
1791506860.025,"P,40679,1282"
1791506860.025,"P,40681,1282"
1791506860.025,"P,40681,1282"
1791506860.025,"P,40681,1282"
1791506860.025,"P,40681,1282"
1791506860.025,"P,40682,1282"
1791506860.025,"P,40682,1282"
1791506860.025,"P,40683,1282"
1791506860.025,"P,40683,1282"
1791506860.025,"P,40687,1282"
1791506860.025,"P,40687,1282"
1791506860.025,"P,40687,1282"
1791506860.025,"P,40688,1282"
1791506860.025,"P,40688,1282"
1791506860.025,"P,40688,1282"
1791506860.025,"P,40688,398"
1791506860.025,"P,40689,398"
1791506860.025,"P,40691,1282"
1791506860.025,"P,40691,1282"
1791506860.025,"P,40692,1282"
1791506860.025,"P,40692,398"
1791506860.025,"P,40692,1282"
1791506860.025,"P,40692,1282"
1791506860.025,"P,40692,398"
1791506860.025,"P,40695,1282"
1791506860.025,"P,40698,1282"
1791506860.025,"P,40700,398"
1791506860.025,"P,40701,1282"
1791506860.025,"P,40701,1046"
1791506860.025,"P,40701,1282"
1791506860.025,"P,40701,1046"
1791506860.025,"P,40702,1282"
1791506860.025,"P,40777,28"
1791506860.025,"B,40776,10,5c:62:8b:66:67:d2,770,7,36328,39,-43,A,5c:62:8b:66:67:d2,0,7,0,0"
1791506860.025,"B,40776,10,72:3b:01:24:b7:c8,112,4,0,0,-37,S,5c:62:8b:66:67:d2,4,0,0,0"
1791506860.025,"B,40776,10,cc:b8:5e:ad:5c:4a,36160,33,770,7,-44,S,5c:62:8b:66:67:d2,1,5,2,25"
1791506860.025,"B,40776,10,b2:db:ca:e6:29:a6,56,2,0,0,-48,S,5c:62:8b:66:67:d2,2,0,0,0"
1791506860.025,"B,40776,10,b0:a7:b9:23:82:ee,88,1,0,0,-90,A,b0:a7:b9:23:82:ee,1,0,0,0"
1791506860.025,"P,40780,1282"
1791506860.025,"P,40780,1282"
1791506860.025,"P,40780,1282"
1791506860.025,"P,40780,1282"
1791506860.025,"P,40780,1282"
1791506860.025,"P,40783,1282"
1791506860.025,"P,40789,1282"
1791506860.025,"P,40825,1282"
1791506860.025,"P,40825,134"
1791506860.025,"P,40857,1282"
1791506860.025,"P,40857,1282"
1791506860.226,"P,40858,1282"
1791506860.226,"P,40858,1282"
1791506860.226,"P,40859,1282"
1791506860.226,"P,40859,1282"
1791506860.226,"P,40859,1282"
1791506860.226,"P,40859,1282"
1791506860.226,"P,40859,1282"
1791506860.226,"P,40860,1282"
1791506860.226,"P,40860,1282"
1791506860.226,"P,40860,1282"
1791506860.226,"P,40860,1282"
1791506860.226,"P,40861,1282"
1791506860.226,"P,40862,1282"
1791506860.226,"P,40864,1282"
1791506860.226,"P,40866,1282"
1791506860.226,"P,40866,1282"
1791506860.226,"P,40870,1282"
1791506860.226,"P,40870,1282"
1791506860.226,"P,40872,1282"
1791506860.226,"P,40872,1282"
1791506860.226,"P,40874,1282"
1791506860.226,"P,40874,1282"
1791506860.226,"P,40876,1282"
1791506860.226,"B,40876,10,5c:62:8b:66:67:d2,1210,11,42496,36,-44,A,5c:62:8b:66:67:d2,0,11,0,0"
1791506860.226,"B,40876,10,cc:b8:5e:ad:5c:4a,42440,34,1210,11,-45,S,5c:62:8b:66:67:d2,0,1,0,33"
1791506860.226,"B,40876,10,b2:db:ca:e6:29:a6,56,2,0,0,-49,S,5c:62:8b:66:67:d2,2,0,0,0"
1791506860.226,"P,40879,1282"
1791506860.226,"P,40879,28"
1791506860.226,"P,40880,1282"
1791506860.226,"P,40880,1282"
1791506860.226,"P,40880,1266"
1791506860.226,"P,40881,1282"
1791506860.226,"P,40881,1282"
1791506860.226,"P,40881,1266"
1791506860.226,"P,40882,1282"
1791506860.226,"P,40882,1282"
1791506860.226,"P,40882,1266"
1791506860.226,"P,40882,1282"
1791506860.226,"P,40887,1282"
1791506860.226,"P,40892,1282"
1791506860.226,"P,40892,1266"
1791506860.226,"P,40895,1266"
1791506860.226,"P,40897,1282"
1791506860.226,"P,40897,582"
1791506860.226,"P,40898,1282"
1791506860.226,"P,40898,582"
1791506860.226,"P,40899,1282"
1791506860.226,"P,40899,582"
1791506860.226,"P,40900,1282"
1791506860.226,"P,40900,582"
1791506860.226,"P,40903,1282"
1791506860.226,"P,40905,582"
1791506860.226,"P,40906,582"
1791506860.226,"P,40975,1282"
1791506860.226,"B,40976,10,5c:62:8b:66:67:d2,330,3,30502,33,-45,A,5c:62:8b:66:67:d2,0,3,0,0"
1791506860.226,"B,40976,10,72:3b:01:24:b7:c8,112,4,0,0,-36,S,5c:62:8b:66:67:d2,4,0,0,0"
1791506860.226,"B,40976,10,cc:b8:5e:ad:5c:4a,30362,28,330,3,-44,S,5c:62:8b:66:67:d2,1,6,0,21"
1791506860.226,"B,40976,10,b2:db:ca:e6:29:a6,28,1,0,0,-51,S,5c:62:8b:66:67:d2,1,0,0,0"
1791506860.226,"P,40976,1282"
1791506860.226,"P,40976,1282"
1791506860.226,"P,40977,1282"
1791506860.226,"P,40977,1282"
1791506860.226,"P,40977,1282"
1791506860.226,"P,40977,1282"
1791506860.226,"P,40978,1282"
1791506860.226,"P,40978,1282"
1791506860.226,"P,40978,1282"
1791506860.226,"P,40978,1282"
1791506860.226,"P,40978,1282"
1791506860.226,"P,40978,1282"
1791506860.226,"P,40979,1282"
1791506860.226,"P,40979,1282"
1791506860.226,"P,40979,1282"
1791506860.226,"P,40981,1282"
1791506860.226,"P,40986,1282"
1791506860.226,"P,40988,1282"
1791506860.226,"P,40992,1282"
1791506860.226,"P,40992,1282"
1791506860.226,"P,40996,1282"
1791506860.226,"P,40998,1282"
1791506860.226,"P,41002,1282"
1791506860.226,"P,41004,1282"
1791506860.226,"P,41007,1282"
1791506860.226,"P,41009,1282"
1791506860.226,"P,41010,1282"
1791506860.226,"P,41016,1282"
1791506860.226,"P,41021,1282"
1791506860.226,"P,41029,28"
1791506860.226,"P,41030,28"
1791506860.226,"P,41030,1146"
1791506860.226,"P,41030,1146"
1791506860.226,"P,41031,1146"
1791506860.226,"P,41058,1282"
1791506860.426,"P,41058,1282"
1791506860.426,"P,41059,1282"
1791506860.426,"P,41062,1282"
1791506860.426,"P,41064,1282"
1791506860.426,"B,41076,10,5c:62:8b:66:67:d2,110,1,47166,42,-47,A,5c:62:8b:66:67:d2,0,1,0,0"
1791506860.426,"B,41076,10,72:3b:01:24:b7:c8,84,3,0,0,-37,S,5c:62:8b:66:67:d2,3,0,0,0"
1791506860.426,"B,41076,10,cc:b8:5e:ad:5c:4a,47082,39,110,1,-45,S,5c:62:8b:66:67:d2,2,0,3,34"
1791506860.426,"P,41129,1282"
1791506860.426,"P,41130,1282"
1791506860.426,"P,41134,28"
1791506860.426,"P,41135,1282"
1791506860.426,"P,41135,1282"
1791506860.426,"P,41135,1282"
1791506860.426,"P,41136,1282"
1791506860.426,"P,41141,1282"
1791506860.426,"P,41141,1282"
1791506860.426,"P,41141,1282"
1791506860.426,"P,41142,1282"
1791506860.426,"P,41142,1282"
1791506860.426,"P,41142,1282"
1791506860.426,"P,41143,1282"
1791506860.426,"P,41143,1282"
1791506860.426,"P,41146,1282"
1791506860.426,"P,41147,1282"
1791506860.426,"P,41147,1282"
1791506860.426,"P,41147,1282"
1791506860.426,"P,41150,1282"
1791506860.426,"P,41152,1282"
1791506860.426,"P,41159,1282"
1791506860.426,"P,41159,858"
1791506860.426,"P,41159,1282"
1791506860.426,"P,41160,1282"
1791506860.426,"P,41160,1282"
1791506860.426,"P,41160,1282"
1791506860.426,"P,41160,858"
1791506860.426,"P,41161,1282"
1791506860.426,"P,41161,858"
1791506860.426,"P,41161,1282"
1791506860.426,"P,41162,1282"
1791506860.426,"P,41168,1282"
1791506860.426,"P,41169,1282"
1791506860.426,"P,41169,1282"
1791506860.426,"P,41169,1282"
1791506860.426,"P,41169,1282"
1791506860.426,"P,41169,1282"
1791506860.426,"P,41170,1282"
1791506860.426,"P,41170,1282"
1791506860.426,"P,41170,1282"
1791506860.426,"P,41171,1282"
1791506860.426,"P,41171,1282"
1791506860.426,"P,41172,1282"
1791506860.426,"P,41172,1282"
1791506860.426,"P,41173,1282"
1791506860.426,"P,41174,1282"
1791506860.426,"P,41175,1282"
1791506860.426,"P,41176,1282"
1791506860.426,"B,41176,10,5c:62:8b:66:67:d2,1678,15,60320,50,-44,A,5c:62:8b:66:67:d2,0,15,0,0"
1791506860.426,"B,41176,10,72:3b:01:24:b7:c8,28,1,0,0,-35,S,5c:62:8b:66:67:d2,1,0,0,0"
1791506860.426,"B,41176,10,cc:b8:5e:ad:5c:4a,60292,49,1678,15,-46,S,5c:62:8b:66:67:d2,1,0,3,45"
1791506860.426,"P,41176,1282"
1791506860.426,"P,41176,1282"
1791506860.426,"P,41177,1282"
1791506860.426,"P,41177,1282"
1791506860.426,"P,41180,1282"
1791506860.426,"P,41182,1282"
1791506860.426,"P,41182,1282"
1791506860.426,"P,41182,1282"
1791506860.426,"P,41182,1282"
1791506860.426,"P,41182,1282"
1791506860.426,"P,41182,1282"
1791506860.426,"P,41183,1282"
1791506860.426,"P,41183,1282"
1791506860.426,"P,41183,1282"
1791506860.426,"P,41189,1282"
1791506860.426,"P,41189,1282"
1791506860.426,"P,41198,1282"
1791506860.426,"P,41199,1282"
1791506860.426,"P,41199,1282"
1791506860.426,"P,41199,1282"
1791506860.426,"P,41199,1282"
1791506860.426,"P,41199,1282"
1791506860.426,"P,41200,1282"
1791506860.426,"P,41200,1282"
1791506860.426,"P,41200,1282"
1791506860.426,"P,41200,1282"
1791506860.426,"P,41201,1282"
1791506860.426,"P,41201,1282"
1791506860.426,"P,41201,1282"
1791506860.426,"P,41201,1282"
1791506860.426,"P,41201,1282"
1791506860.426,"P,41201,1282"
1791506860.426,"P,41202,1282"
1791506860.426,"P,41202,1282"
1791506860.426,"P,41202,1282"
1791506860.426,"P,41202,1282"
1791506860.426,"P,41203,1282"
1791506860.426,"P,41203,1282"
1791506860.426,"P,41203,1282"
1791506860.426,"P,41203,1282"
1791506860.426,"P,41204,1282"
1791506860.426,"P,41204,1282"
1791506860.426,"P,41204,1282"
1791506860.426,"P,41204,1282"
1791506860.426,"P,41205,1282"
1791506860.426,"P,41205,1282"
1791506860.426,"P,41205,1282"
1791506860.426,"P,41205,1282"
1791506860.426,"P,41207,1282"
1791506860.426,"P,41209,1282"
1791506860.426,"P,41212,1282"
1791506860.426,"P,41215,1282"
1791506860.426,"P,41218,1282"
1791506860.426,"P,41221,1282"
1791506860.426,"P,41227,1282"
1791506860.426,"P,41229,1282"
1791506860.426,"P,41233,1282"
1791506860.426,"P,41235,1282"
1791506860.426,"P,41235,1282"
1791506860.426,"P,41235,1282"
1791506860.426,"P,41235,1282"
1791506860.426,"P,41239,28"
1791506860.426,"P,41239,1282"
1791506860.426,"P,41239,1282"
1791506860.426,"P,41240,1282"
1791506860.426,"P,41240,1282"
1791506860.426,"P,41241,1282"
1791506860.426,"P,41249,1282"
1791506860.426,"P,41251,1282"
1791506860.426,"P,41251,1282"
1791506860.426,"P,41251,1282"
1791506860.426,"P,41251,1282"
1791506860.426,"P,41252,1282"
1791506860.426,"P,41252,1282"
1791506860.426,"P,41252,1282"
1791506860.426,"P,41252,1282"
1791506860.426,"P,41253,1282"
1791506860.426,"P,41253,1282"
1791506860.426,"P,41253,1282"
1791506860.426,"P,41253,1282"
1791506860.426,"P,41253,1282"
1791506860.426,"P,41254,1282"
1791506860.426,"P,41254,1282"
1791506860.426,"P,41254,1282"
1791506860.426,"P,41254,1282"
1791506860.426,"P,41254,1282"
1791506860.426,"P,41254,1282"
1791506860.426,"P,41255,1282"
1791506860.426,"P,41255,1282"
1791506860.426,"P,41256,1282"
1791506860.426,"P,41256,1282"
1791506860.426,"P,41256,1282"
1791506860.426,"P,41256,1282"
1791506860.426,"P,41256,1282"
1791506860.426,"P,41257,1282"
1791506860.426,"P,41257,1282"
1791506860.426,"P,41257,1282"
1791506860.426,"P,41258,1282"
1791506860.627,"P,41259,1282"
1791506860.627,"P,41259,1282"
1791506860.627,"P,41266,1282"
1791506860.627,"P,41266,1282"
1791506860.627,"P,41267,1282"
1791506860.627,"P,41268,1282"
1791506860.627,"P,41268,1282"
1791506860.627,"P,41268,1282"
1791506860.627,"P,41269,1282"
1791506860.627,"P,41269,1282"
1791506860.627,"P,41269,1282"
1791506860.627,"P,41272,1282"
1791506860.627,"P,41272,1282"
1791506860.627,"P,41273,1282"
1791506860.627,"P,41273,1282"
1791506860.627,"P,41276,1282"
1791506860.627,"B,41276,10,5c:62:8b:66:67:d2,2860,26,145034,119,-44,A,5c:62:8b:66:67:d2,0,26,0,0"
1791506860.627,"B,41276,10,72:3b:01:24:b7:c8,56,2,0,0,-42,S,5c:62:8b:66:67:d2,2,0,0,0"
1791506860.627,"B,41276,10,cc:b8:5e:ad:5c:4a,144894,114,2860,26,-45,S,5c:62:8b:66:67:d2,1,0,0,113"
1791506860.627,"B,41276,10,b2:db:ca:e6:29:a6,84,3,0,0,-50,S,5c:62:8b:66:67:d2,3,0,0,0"
1791506860.627,"P,41277,1282"
1791506860.627,"P,41280,1282"
1791506860.627,"P,41281,1282"
1791506860.627,"P,41281,1282"
1791506860.627,"P,41281,1282"
1791506860.627,"P,41282,1282"
1791506860.627,"P,41282,1282"
1791506860.627,"P,41282,1282"
1791506860.627,"P,41282,1282"
1791506860.627,"P,41285,1282"
1791506860.627,"P,41287,1282"
1791506860.627,"P,41288,1282"
1791506860.627,"P,41288,1282"
1791506860.627,"P,41289,1282"
1791506860.627,"P,41294,1282"
1791506860.627,"P,41295,1282"
1791506860.627,"P,41295,1282"
1791506860.627,"P,41295,1282"
1791506860.627,"P,41295,1282"
1791506860.627,"P,41296,1282"
1791506860.627,"P,41296,1282"
1791506860.627,"P,41299,1282"
1791506860.627,"P,41299,1282"
1791506860.627,"P,41300,1282"
1791506860.627,"P,41300,1282"
1791506860.627,"P,41300,1282"
1791506860.627,"P,41300,1282"
1791506860.627,"P,41300,1282"
1791506860.627,"P,41300,1282"
1791506860.627,"P,41301,1282"
1791506860.627,"P,41301,1282"
1791506860.627,"P,41301,1282"
1791506860.627,"P,41301,1282"
1791506860.627,"P,41302,1282"
1791506860.627,"P,41302,1282"
1791506860.627,"P,41302,1282"
1791506860.627,"P,41302,1282"
1791506860.627,"P,41302,1282"
1791506860.627,"P,41302,1282"
1791506860.627,"P,41303,1282"
1791506860.627,"P,41303,1282"
1791506860.627,"P,41303,1282"
1791506860.627,"P,41303,1282"
1791506860.627,"P,41303,1282"
1791506860.627,"P,41303,1282"
1791506860.627,"P,41305,1282"
1791506860.627,"P,41307,1282"
1791506860.627,"P,41312,1282"
1791506860.627,"P,41315,1282"
1791506860.627,"P,41318,1282"
1791506860.627,"P,41321,1282"
1791506860.627,"P,41323,1282"
1791506860.627,"P,41327,1282"
1791506860.627,"P,41329,1282"
1791506860.627,"P,41329,1282"
1791506860.627,"P,41329,1282"
1791506860.627,"P,41329,1282"
1791506860.627,"P,41330,1282"
1791506860.627,"P,41345,190"
1791506860.627,"P,41345,1282"
1791506860.627,"P,41346,1282"
1791506860.627,"P,41346,1282"
1791506860.627,"P,41346,202"
1791506860.627,"P,41346,1282"
1791506860.627,"P,41346,1282"
1791506860.627,"P,41346,1282"
1791506860.627,"P,41346,1282"
1791506860.627,"P,41346,1282"
1791506860.627,"P,41360,1282"
1791506860.627,"P,41360,1282"
1791506860.627,"P,41360,1282"
1791506860.627,"P,41369,28"
1791506860.627,"P,41371,314"
1791506860.627,"P,41371,1282"
1791506860.627,"P,41371,1282"
1791506860.627,"P,41372,1282"
1791506860.627,"P,41373,1282"
1791506860.627,"P,41373,1282"
1791506860.627,"P,41373,1282"
1791506860.627,"P,41374,1282"
1791506860.627,"P,41374,1282"
1791506860.627,"P,41374,1282"
1791506860.627,"P,41374,190"
1791506860.627,"P,41374,1282"
1791506860.627,"B,41376,10,5c:62:8b:66:67:d2,1780,16,102314,88,-44,A,5c:62:8b:66:67:d2,0,16,0,0"
1791506860.627,"B,41376,10,72:3b:01:24:b7:c8,56,2,0,0,-41,S,5c:62:8b:66:67:d2,2,0,0,0"
1791506860.627,"B,41376,10,cc:b8:5e:ad:5c:4a,102202,84,1780,16,-44,S,5c:62:8b:66:67:d2,1,4,0,79"
1791506860.627,"B,41376,10,b2:db:ca:e6:29:a6,56,2,0,0,-48,S,5c:62:8b:66:67:d2,2,0,0,0"
1791506860.627,"P,41441,1282"
1791506860.627,"P,41442,862"
1791506860.627,"P,41442,1282"
1791506860.627,"P,41444,1282"
1791506860.627,"P,41444,1282"
1791506860.627,"P,41444,1282"
1791506860.627,"P,41446,190"
1791506860.627,"P,41446,1282"
1791506860.627,"P,41446,1282"
1791506860.627,"P,41446,1282"
1791506860.627,"P,41446,1282"
1791506860.627,"P,41452,1282"
1791506860.627,"P,41452,1282"
1791506860.627,"P,41453,1282"
1791506860.627,"P,41453,1282"
1791506860.627,"P,41455,1282"
1791506860.627,"P,41455,1282"
1791506860.627,"P,41456,842"
1791506860.627,"P,41457,842"
1791506860.627,"P,41457,1282"
1791506860.627,"P,41457,1126"
1791506860.830,"P,41460,1126"
1791506860.830,"B,41476,10,5c:62:8b:66:67:d2,2932,26,25584,25,-45,A,5c:62:8b:66:67:d2,0,26,0,0"
1791506860.830,"B,41476,10,72:3b:01:24:b7:c8,28,1,0,0,-41,S,5c:62:8b:66:67:d2,1,0,0,0"
1791506860.830,"B,41476,10,cc:b8:5e:ad:5c:4a,25500,22,2932,26,-46,S,5c:62:8b:66:67:d2,0,1,5,16"
1791506860.830,"B,41476,10,b2:db:ca:e6:29:a6,56,2,0,0,-48,S,5c:62:8b:66:67:d2,2,0,0,0"
1791506860.830,"P,41496,28"
1791506860.830,"P,41497,1282"
1791506860.830,"P,41497,1282"
1791506860.830,"P,41497,1138"
1791506860.830,"P,41577,1282"
1791506860.830,"B,41576,10,5c:62:8b:66:67:d2,330,3,5068,7,-46,A,5c:62:8b:66:67:d2,0,3,0,0"
1791506860.830,"B,41576,10,72:3b:01:24:b7:c8,28,1,0,0,-42,S,5c:62:8b:66:67:d2,1,0,0,0"
1791506860.830,"B,41576,10,cc:b8:5e:ad:5c:4a,5012,5,330,3,-46,S,5c:62:8b:66:67:d2,1,0,1,3"
1791506860.830,"B,41576,10,b2:db:ca:e6:29:a6,28,1,0,0,-50,S,5c:62:8b:66:67:d2,1,0,0,0"
1791506860.830,"P,41577,1282"
1791506860.830,"P,41578,1282"
1791506860.830,"P,41578,1282"
1791506861.032,"B,41676,10,5c:62:8b:66:67:d2,0,0,3902,5,-51,A,5c:62:8b:66:67:d2,0,0,0,0"
1791506861.032,"B,41676,10,cc:b8:5e:ad:5c:4a,3846,3,0,0,-46,S,5c:62:8b:66:67:d2,0,0,0,3"
1791506861.032,"B,41676,10,b2:db:ca:e6:29:a6,56,2,0,0,-50,S,5c:62:8b:66:67:d2,2,0,0,0"
1791506861.032,"P,41710,28"
1791506861.032,"P,41711,28"
1791506861.032,"P,41711,28"
1791506861.032,"P,41717,28"
1791506861.032,"P,41717,1282"
1791506861.032,"P,41718,1282"
1791506861.032,"P,41718,998"
1791506861.032,"P,41719,1282"
1791506861.032,"P,41719,1282"
1791506861.032,"P,41720,998"
1791506861.032,"P,41720,1282"
1791506861.032,"P,41721,1282"
1791506861.032,"P,41721,830"
1791506861.032,"P,41721,1282"
1791506861.032,"P,41721,1282"
1791506861.032,"P,41721,1282"
1791506861.032,"P,41721,326"
1791506861.032,"P,41724,1282"
1791506861.032,"P,41727,1282"
1791506861.032,"P,41729,998"
1791506861.032,"P,41732,1282"
1791506861.032,"P,41732,1282"
1791506861.032,"P,41732,830"
1791506861.032,"P,41732,1282"
1791506861.032,"P,41733,1282"
1791506861.032,"P,41733,1282"
1791506861.032,"P,41733,326"
1791506861.032,"P,41749,1282"
1791506861.032,"P,41758,1282"
1791506861.032,"P,41777,1282"
1791506861.032,"B,41776,10,5c:62:8b:66:67:d2,330,3,29860,33,-46,A,5c:62:8b:66:67:d2,0,3,0,0"
1791506861.032,"B,41776,10,72:3b:01:24:b7:c8,28,1,0,0,-40,S,5c:62:8b:66:67:d2,1,0,0,0"
1791506861.032,"B,41776,10,cc:b8:5e:ad:5c:4a,29776,30,330,3,-44,S,5c:62:8b:66:67:d2,4,2,5,19"
1791506861.032,"B,41776,10,b2:db:ca:e6:29:a6,56,2,0,0,-49,S,5c:62:8b:66:67:d2,2,0,0,0"
1791506861.237,"B,41876,10,5c:62:8b:66:67:d2,12604,24,56,2,-47,A,5c:62:8b:66:67:d2,0,19,0,5"
1791506861.237,"B,41876,10,72:3b:01:24:b7:c8,0,0,12604,24,0,S,5c:62:8b:66:67:d2,0,0,0,0"
1791506861.237,"B,41876,10,b2:db:ca:e6:29:a6,56,2,0,0,-47,S,5c:62:8b:66:67:d2,2,0,0,0"
1791506861.237,"B,41976,10,5c:62:8b:66:67:d2,10256,8,0,0,-47,A,5c:62:8b:66:67:d2,0,0,0,8"
1791506861.237,"B,41976,10,72:3b:01:24:b7:c8,0,0,10256,8,0,S,5c:62:8b:66:67:d2,0,0,0,0"
1791506861.442,"B,42076,10,5c:62:8b:66:67:d2,1282,1,28,1,-47,A,5c:62:8b:66:67:d2,0,0,0,1"
1791506861.442,"B,42076,10,72:3b:01:24:b7:c8,0,0,1282,1,0,S,5c:62:8b:66:67:d2,0,0,0,0"
1791506861.442,"B,42076,10,b2:db:ca:e6:29:a6,28,1,0,0,-47,S,5c:62:8b:66:67:d2,1,0,0,0"
1791506861.647,"B,42276,10,5c:62:8b:66:67:d2,0,0,112,4,-47,A,5c:62:8b:66:67:d2,0,0,0,0"
1791506861.647,"B,42276,10,72:3b:01:24:b7:c8,112,4,0,0,-38,S,5c:62:8b:66:67:d2,4,0,0,0"
1791506861.647,"B,42376,10,5c:62:8b:66:67:d2,0,0,56,2,-46,A,5c:62:8b:66:67:d2,0,0,0,0"
1791506861.647,"B,42376,10,72:3b:01:24:b7:c8,56,2,0,0,-40,S,5c:62:8b:66:67:d2,2,0,0,0"
1791506861.848,"P,42480,1282"
1791506861.848,"B,42476,10,5c:62:8b:66:67:d2,0,0,1366,4,-46,A,5c:62:8b:66:67:d2,0,0,0,0"
1791506861.848,"B,42476,10,cc:b8:5e:ad:5c:4a,1282,1,0,0,-47,S,5c:62:8b:66:67:d2,0,0,0,1"
1791506861.848,"B,42476,10,b2:db:ca:e6:29:a6,84,3,0,0,-51,S,5c:62:8b:66:67:d2,3,0,0,0"
1791506861.848,"P,42481,1282"
1791506861.848,"P,42481,1282"
1791506861.848,"P,42484,1282"
1791506861.848,"P,42496,1282"
1791506861.848,"P,42503,998"
1791506861.848,"P,42504,1282"
1791506861.848,"P,42511,1282"
1791506861.848,"P,42511,830"
1791506861.848,"P,42515,1282"
1791506861.848,"P,42515,1282"
1791506861.848,"P,42517,1282"
1791506861.848,"P,42517,326"
1791506861.848,"P,42525,1282"
1791506861.848,"P,42531,1282"
1791506861.848,"P,42533,1282"
1791506861.848,"P,42533,1282"
1791506861.848,"P,42533,1282"
1791506861.848,"P,42533,1282"
1791506861.848,"B,42576,10,5c:62:8b:66:67:d2,4396,8,21440,20,-46,A,5c:62:8b:66:67:d2,0,5,0,3"
1791506861.848,"B,42576,10,72:3b:01:24:b7:c8,0,0,3846,3,0,S,5c:62:8b:66:67:d2,0,0,0,0"
1791506861.848,"B,42576,10,cc:b8:5e:ad:5c:4a,21384,18,550,5,-46,S,5c:62:8b:66:67:d2,0,1,2,15"
1791506861.848,"B,42576,10,b2:db:ca:e6:29:a6,56,2,0,0,-51,S,5c:62:8b:66:67:d2,2,0,0,0"
1791506861.848,"P,42585,1282"
1791506861.848,"P,42585,874"
1791506861.848,"P,42585,1282"
1791506861.848,"P,42588,1282"
1791506861.848,"P,42590,874"
1791506861.848,"P,42593,1282"
1791506861.848,"P,42595,202"
1791506862.048,"B,42676,10,5c:62:8b:66:67:d2,1468,2,7162,10,-47,A,5c:62:8b:66:67:d2,0,1,0,1"
1791506862.048,"B,42676,10,72:3b:01:24:b7:c8,28,1,1282,1,-35,S,5c:62:8b:66:67:d2,1,0,0,0"
1791506862.048,"B,42676,10,cc:b8:5e:ad:5c:4a,7078,7,186,1,-43,S,5c:62:8b:66:67:d2,0,1,2,4"
1791506862.048,"B,42676,10,b2:db:ca:e6:29:a6,56,2,0,0,-47,S,5c:62:8b:66:67:d2,2,0,0,0"
1791506862.048,"B,42776,10,5c:62:8b:66:67:d2,0,0,28,1,-47,A,5c:62:8b:66:67:d2,0,0,0,0"
1791506862.048,"B,42776,10,b2:db:ca:e6:29:a6,28,1,0,0,-46,S,5c:62:8b:66:67:d2,1,0,0,0"
1791506862.048,"P,42865,28"
1791506862.048,"P,42865,1282"
1791506862.048,"P,42866,1282"
1791506862.048,"P,42866,1282"
1791506862.048,"P,42866,1282"
1791506862.048,"P,42867,1282"
1791506862.248,"B,42876,10,5c:62:8b:66:67:d2,456,4,6662,14,-46,A,5c:62:8b:66:67:d2,0,4,0,0"
1791506862.248,"B,42876,10,72:3b:01:24:b7:c8,168,6,0,0,-37,S,5c:62:8b:66:67:d2,6,0,0,0"
1791506862.248,"B,42876,10,cc:b8:5e:ad:5c:4a,6438,6,456,4,-45,S,5c:62:8b:66:67:d2,1,0,0,5"
1791506862.248,"B,42876,10,b2:db:ca:e6:29:a6,56,2,0,0,-45,S,5c:62:8b:66:67:d2,2,0,0,0"
1791506862.248,"P,42889,922"
1791506862.248,"P,42889,1282"
1791506862.248,"P,42890,1282"
1791506862.248,"P,42890,922"
1791506862.248,"P,42890,1282"
1791506862.248,"P,42890,1282"
1791506862.248,"P,42891,922"
1791506862.248,"P,42891,1282"
1791506862.248,"P,42891,1282"
1791506862.248,"P,42892,922"
1791506862.248,"P,42892,1282"
1791506862.248,"P,42892,1282"
1791506862.248,"P,42893,922"
1791506862.248,"P,42896,1282"
1791506862.248,"P,42899,1282"
1791506862.248,"P,42903,1282"
1791506862.248,"P,42903,1282"
1791506862.248,"P,42903,762"
1791506862.248,"P,42904,1282"
1791506862.248,"P,42904,1282"
1791506862.248,"P,42904,1282"
1791506862.248,"P,42904,762"
1791506862.248,"P,42905,1282"
1791506862.248,"P,42905,1282"
1791506862.248,"P,42905,1282"
1791506862.248,"P,42906,1282"
1791506862.248,"P,42906,1282"
1791506862.248,"P,42906,762"
1791506862.248,"P,42906,1282"
1791506862.248,"P,42906,1282"
1791506862.248,"P,42906,1282"
1791506862.248,"P,42907,1282"
1791506862.248,"P,42909,1282"
1791506862.248,"P,42917,1282"
1791506862.248,"P,42918,1282"
1791506862.248,"P,42918,1282"
1791506862.248,"P,42919,1282"
1791506862.248,"P,42919,1282"
1791506862.248,"P,42919,1282"
1791506862.248,"P,42919,1282"
1791506862.248,"P,42920,1282"
1791506862.248,"P,42920,1282"
1791506862.248,"P,42920,1282"
1791506862.248,"P,42920,1282"
1791506862.248,"P,42921,1282"
1791506862.248,"P,42921,1282"
1791506862.248,"P,42921,1282"
1791506862.248,"P,42921,1282"
1791506862.248,"P,42921,1282"
1791506862.248,"P,42921,1282"
1791506862.248,"P,42925,1282"
1791506862.248,"P,42926,1282"
1791506862.248,"P,42929,794"
1791506862.248,"P,42930,1282"
1791506862.248,"P,42930,1282"
1791506862.248,"P,42930,166"
1791506862.248,"P,42930,1282"
1791506862.248,"P,42930,1282"
1791506862.248,"P,42933,1282"
1791506862.248,"P,42933,330"
1791506862.248,"P,42933,1282"
1791506862.248,"P,42945,1282"
1791506862.248,"P,42945,1282"
1791506862.248,"P,42946,1282"
1791506862.248,"P,42946,1282"
1791506862.248,"P,42946,1282"
1791506862.248,"P,42946,1282"
1791506862.248,"P,42946,1282"
1791506862.248,"P,42947,1282"
1791506862.248,"P,42947,1282"
1791506862.248,"P,42947,1282"
1791506862.248,"P,42947,1282"
1791506862.248,"P,42947,1282"
1791506862.248,"P,42947,1282"
1791506862.248,"P,42947,1282"
1791506862.248,"P,42948,1282"
1791506862.248,"P,42948,1282"
1791506862.248,"P,42949,1282"
1791506862.248,"P,42949,1282"
1791506862.248,"P,42949,1282"
1791506862.248,"P,42949,1282"
1791506862.248,"P,42949,1282"
1791506862.248,"P,42950,1282"
1791506862.248,"P,42950,1282"
1791506862.248,"P,42950,1282"
1791506862.248,"P,42950,1282"
1791506862.248,"P,42950,1282"
1791506862.248,"P,42950,1282"
1791506862.248,"P,42950,1282"
1791506862.248,"P,42952,1282"
1791506862.248,"P,42955,1282"
1791506862.248,"P,42958,1282"
1791506862.248,"P,42961,1282"
1791506862.248,"P,42964,1282"
1791506862.248,"P,42970,1282"
1791506862.248,"P,42972,1282"
1791506862.248,"P,42974,1014"
1791506862.248,"P,42974,1282"
1791506862.248,"P,42975,28"
1791506862.248,"B,42976,10,5c:62:8b:66:67:d2,53968,64,119536,101,-47,A,5c:62:8b:66:67:d2,0,23,4,37"
1791506862.248,"B,42976,10,72:3b:01:24:b7:c8,0,0,51752,44,0,S,5c:62:8b:66:67:d2,0,0,0,0"
1791506862.248,"B,42976,10,cc:b8:5e:ad:5c:4a,119480,99,2216,20,-46,S,5c:62:8b:66:67:d2,1,2,10,86"
1791506862.248,"B,42976,10,b2:db:ca:e6:29:a6,56,2,0,0,-45,S,5c:62:8b:66:67:d2,2,0,0,0"
1791506862.248,"P,42977,1282"
1791506862.248,"P,42977,1282"
1791506862.248,"P,42977,718"
1791506862.248,"P,42977,1282"
1791506862.248,"P,42980,1282"
1791506862.248,"P,42981,1282"
1791506862.248,"P,42981,1034"
1791506862.248,"P,42981,1282"
1791506862.248,"P,42982,1282"
1791506862.248,"P,42982,1282"
1791506862.248,"P,42984,1282"
1791506862.248,"P,42984,1282"
1791506862.248,"P,42984,1282"
1791506862.248,"P,42987,1282"
1791506862.248,"P,42987,1282"
1791506862.248,"P,42987,1282"
1791506862.248,"P,42988,1282"
1791506862.248,"P,42988,1282"
1791506862.248,"P,42988,1282"
1791506862.248,"P,42989,1282"
1791506862.248,"P,42989,1282"
1791506862.248,"P,42989,1282"
1791506862.248,"P,42989,1282"
1791506862.248,"P,42989,1282"
1791506862.248,"P,42989,214"
1791506862.248,"P,42990,1282"
1791506862.248,"P,42990,1282"
1791506862.248,"P,42990,1282"
1791506862.248,"P,42990,1282"
1791506862.248,"P,42992,1282"
1791506862.248,"P,42996,1282"
1791506862.248,"P,42999,1282"
1791506862.248,"P,42999,1282"
1791506862.248,"P,42999,1282"
1791506862.248,"P,42999,370"
1791506862.248,"P,42999,1282"
1791506862.248,"P,43001,1282"
1791506862.248,"P,43001,1282"
1791506862.248,"P,43001,486"
1791506862.248,"P,43008,1282"
1791506862.248,"P,43009,1282"
1791506862.248,"P,43009,1282"
1791506862.248,"P,43009,1282"
1791506862.248,"P,43010,1282"
1791506862.248,"P,43011,1282"
1791506862.248,"P,43011,1282"
1791506862.248,"P,43012,1282"
1791506862.248,"P,43012,1282"
1791506862.248,"P,43013,1282"
1791506862.248,"P,43013,1282"
1791506862.248,"P,43013,1282"
1791506862.248,"P,43013,174"
1791506862.248,"P,43013,1282"
1791506862.248,"P,43013,1282"
1791506862.248,"P,43013,1282"
1791506862.248,"P,43014,1282"
1791506862.248,"P,43021,342"
1791506862.248,"P,43023,342"
1791506862.248,"P,43023,1282"
1791506862.248,"P,43023,1282"
1791506862.248,"P,43024,1282"
1791506862.248,"P,43024,1282"
1791506862.248,"P,43024,142"
1791506862.248,"P,43024,1282"
1791506862.248,"P,43024,1282"
1791506862.248,"P,43024,1282"
1791506862.248,"P,43024,1282"
1791506862.248,"P,43027,1282"
1791506862.248,"P,43027,1282"
1791506862.248,"P,43028,1282"
1791506862.248,"P,43028,1282"
1791506862.248,"P,43029,1282"
1791506862.248,"P,43029,1282"
1791506862.248,"P,43034,1282"
1791506862.248,"P,43034,1282"
1791506862.248,"P,43034,1282"
1791506862.248,"P,43034,926"
1791506862.248,"P,43034,1282"
1791506862.248,"P,43041,1282"
1791506862.248,"P,43041,1282"
1791506862.248,"P,43041,310"
1791506862.248,"P,43041,1282"
1791506862.248,"P,43042,1282"
1791506862.248,"P,43042,1282"
1791506862.248,"P,43043,1282"
1791506862.248,"P,43045,1282"
1791506862.248,"P,43046,1282"
1791506862.248,"P,43046,878"
1791506862.248,"P,43047,1282"
1791506862.248,"P,43047,1282"
1791506862.248,"P,43047,878"
1791506862.248,"P,43047,1282"
1791506862.248,"P,43049,1282"
1791506862.248,"P,43051,1282"
1791506862.248,"P,43051,1282"
1791506862.248,"P,43052,1282"
1791506862.248,"P,43052,1282"
1791506862.248,"P,43052,1282"
1791506862.248,"P,43052,1282"
1791506862.248,"P,43052,1282"
1791506862.248,"P,43053,1282"
1791506862.248,"P,43053,1282"
1791506862.248,"P,43053,898"
1791506862.248,"P,43053,1282"
1791506862.248,"P,43053,1282"
1791506862.248,"P,43053,1282"
1791506862.248,"P,43054,1282"
1791506862.248,"P,43054,1282"
1791506862.248,"P,43054,1282"
1791506862.248,"P,43054,1282"
1791506862.248,"P,43054,1282"
1791506862.248,"P,43054,1282"
1791506862.248,"P,43054,898"
1791506862.248,"P,43057,1282"
1791506862.248,"P,43058,1282"
1791506862.248,"P,43058,1282"
1791506862.248,"P,43058,1282"
1791506862.248,"P,43058,1282"
1791506862.248,"P,43059,1282"
1791506862.248,"P,43059,1282"
1791506862.248,"P,43059,1282"
1791506862.248,"P,43059,1282"
1791506862.248,"P,43059,898"
1791506862.248,"P,43059,1282"
1791506862.248,"P,43060,1282"
1791506862.248,"P,43060,1282"
1791506862.248,"P,43067,178"
1791506862.449,"B,43076,10,5c:62:8b:66:67:d2,107324,140,150762,129,-47,A,5c:62:8b:66:67:d2,0,62,5,73"
1791506862.449,"B,43076,10,72:3b:01:24:b7:c8,0,0,101714,89,0,S,5c:62:8b:66:67:d2,0,0,0,0"
1791506862.449,"B,43076,10,cc:b8:5e:ad:5c:4a,150706,127,5610,51,-47,S,5c:62:8b:66:67:d2,0,9,8,110"
1791506862.449,"B,43076,10,b2:db:ca:e6:29:a6,56,2,0,0,-42,S,5c:62:8b:66:67:d2,2,0,0,0"
1791506862.449,"P,43097,28"
1791506862.449,"P,43097,1282"
1791506862.449,"P,43097,1282"
1791506862.449,"P,43098,1282"
1791506862.449,"P,43098,1234"
1791506862.449,"P,43177,1282"
1791506862.449,"B,43176,10,5c:62:8b:66:67:d2,5300,6,6754,19,-48,A,5c:62:8b:66:67:d2,0,2,0,4"
1791506862.449,"B,43176,10,72:3b:01:24:b7:c8,308,11,5080,4,-42,S,5c:62:8b:66:67:d2,11,0,0,0"
1791506862.449,"B,43176,10,cc:b8:5e:ad:5c:4a,6390,6,220,2,-47,S,5c:62:8b:66:67:d2,1,0,0,5"
1791506862.449,"B,43176,10,b2:db:ca:e6:29:a6,56,2,0,0,-43,S,5c:62:8b:66:67:d2,2,0,0,0"
1791506862.449,"P,43177,1282"
1791506862.449,"P,43178,1282"
1791506862.449,"P,43179,1282"
1791506862.449,"P,43179,1282"
1791506862.449,"P,43179,1282"
1791506862.449,"P,43179,1282"
1791506862.449,"P,43197,1282"
1791506862.449,"P,43198,1282"
1791506862.449,"P,43198,1282"
1791506862.449,"P,43198,1282"
1791506862.449,"P,43199,1282"
1791506862.449,"P,43199,1282"
1791506862.449,"P,43199,1282"
1791506862.449,"P,43199,28"
1791506862.449,"P,43200,1282"
1791506862.449,"P,43200,1282"
1791506862.449,"P,43201,1282"
1791506862.449,"P,43201,918"
1791506862.449,"P,43255,1282"
1791506862.449,"P,43255,1086"
1791506862.449,"P,43256,1282"
1791506862.449,"P,43256,1086"
1791506862.449,"B,43276,10,5c:62:8b:66:67:d2,18158,21,26250,24,-47,A,5c:62:8b:66:67:d2,0,7,2,12"
1791506862.449,"B,43276,10,72:3b:01:24:b7:c8,0,0,17388,14,0,S,5c:62:8b:66:67:d2,0,0,0,0"
1791506862.449,"B,43276,10,cc:b8:5e:ad:5c:4a,26194,22,770,7,-47,S,5c:62:8b:66:67:d2,1,0,3,18"
1791506862.449,"B,43276,10,b2:db:ca:e6:29:a6,56,2,0,0,-45,S,5c:62:8b:66:67:d2,2,0,0,0"
1791506862.650,"P,43295,1282"
1791506862.650,"P,43296,1282"
1791506862.650,"P,43296,754"
1791506862.650,"P,43377,28"
1791506862.650,"B,43376,10,5c:62:8b:66:67:d2,3428,4,3374,5,-47,A,5c:62:8b:66:67:d2,0,1,1,2"
1791506862.650,"B,43376,10,72:3b:01:24:b7:c8,0,0,3318,3,0,S,5c:62:8b:66:67:d2,0,0,0,0"
1791506862.650,"B,43376,10,cc:b8:5e:ad:5c:4a,3346,4,110,1,-47,S,5c:62:8b:66:67:d2,1,0,1,2"
1791506862.650,"B,43376,10,b2:db:ca:e6:29:a6,28,1,0,0,-47,S,5c:62:8b:66:67:d2,1,0,0,0"
1791506862.650,"P,43378,1282"
1791506862.650,"P,43378,1282"
1791506862.650,"P,43378,1282"
1791506862.650,"P,43378,1282"
1791506862.650,"P,43382,1282"
1791506862.650,"P,43384,1282"
1791506862.650,"P,43384,1282"
1791506862.650,"P,43384,326"
1791506862.650,"P,43457,1282"
1791506862.650,"P,43457,1282"
1791506862.650,"P,43457,1282"
1791506862.650,"P,43458,1282"
1791506862.650,"P,43458,1282"
1791506862.650,"P,43458,1282"
1791506862.650,"P,43458,614"
1791506862.650,"P,43459,1282"
1791506862.650,"P,43459,1282"
1791506862.650,"P,43459,1282"
1791506862.650,"P,43459,614"
1791506862.650,"P,43460,1282"
1791506862.650,"P,43460,1282"
1791506862.650,"P,43460,1282"
1791506862.650,"P,43460,614"
1791506862.650,"P,43462,1282"
1791506862.650,"P,43465,1282"
1791506862.650,"P,43467,1282"
1791506862.650,"P,43470,1282"
1791506862.650,"P,43472,1282"
1791506862.650,"P,43474,1282"
1791506862.650,"P,43477,614"
1791506862.650,"B,43476,10,5c:62:8b:66:67:d2,10093,15,35112,40,-46,A,5c:62:8b:66:67:d2,0,8,0,7"
1791506862.650,"B,43476,10,72:3b:01:24:b7:c8,224,8,9653,11,-33,S,5c:62:8b:66:67:d2,8,0,0,0"
1791506862.650,"B,43476,10,cc:b8:5e:ad:5c:4a,34832,30,440,4,-45,S,5c:62:8b:66:67:d2,0,5,0,25"
1791506862.650,"B,43476,10,b2:db:ca:e6:29:a6,56,2,0,0,-44,S,5c:62:8b:66:67:d2,2,0,0,0"
1791506862.850,"P,43501,28"
1791506862.850,"P,43503,1282"
1791506862.850,"P,43503,1282"
1791506862.850,"P,43504,1282"
1791506862.850,"P,43505,1282"
1791506862.850,"P,43506,1282"
1791506862.850,"P,43506,1282"
1791506862.850,"P,43508,1282"
1791506862.850,"P,43508,1114"
1791506862.850,"P,43510,1114"
1791506862.850,"P,43510,1114"
1791506862.850,"P,43511,1282"
1791506862.850,"P,43511,1282"
1791506862.850,"P,43512,1282"
1791506862.850,"P,43513,1282"
1791506862.850,"P,43515,1282"
1791506862.850,"B,43576,10,5c:62:8b:66:67:d2,21752,24,18838,19,-45,A,5c:62:8b:66:67:d2,0,8,1,15"
1791506862.850,"B,43576,10,72:3b:01:24:b7:c8,0,0,20958,17,0,S,5c:62:8b:66:67:d2,0,0,0,0"
1791506862.850,"B,43576,10,cc:b8:5e:ad:5c:4a,18754,16,794,7,-46,S,5c:62:8b:66:67:d2,1,0,3,12"
1791506862.850,"B,43576,10,b2:db:ca:e6:29:a6,84,3,0,0,-42,S,5c:62:8b:66:67:d2,3,0,0,0"
1791506862.850,"P,43580,1282"
1791506862.850,"P,43580,1282"
1791506862.850,"P,43580,1282"
1791506862.850,"P,43580,1282"
1791506862.850,"P,43580,1282"
1791506862.850,"P,43581,1282"
1791506862.850,"P,43585,1282"
1791506862.850,"P,43586,1282"
1791506862.850,"P,43586,1282"
1791506862.850,"P,43586,1282"
1791506862.850,"P,43587,1282"
1791506862.850,"P,43587,1282"
1791506862.850,"P,43588,1282"
1791506862.850,"P,43588,1282"
1791506862.850,"P,43591,798"
1791506862.850,"P,43657,28"
1791506862.850,"P,43658,1282"
1791506862.850,"P,43658,1282"
1791506862.850,"P,43658,1282"
1791506862.850,"P,43659,278"
1791506862.850,"P,43659,1282"
1791506862.850,"P,43659,1282"
1791506862.850,"P,43659,1282"
1791506862.850,"P,43659,278"
1791506862.850,"P,43660,1282"
1791506862.850,"P,43660,1282"
1791506862.850,"P,43660,1282"
1791506862.850,"P,43662,1282"
1791506862.850,"B,43676,10,5c:62:8b:66:67:d2,12886,15,32290,33,-46,A,5c:62:8b:66:67:d2,0,5,1,9"
1791506862.850,"B,43676,10,72:3b:01:24:b7:c8,56,2,12336,10,-31,S,5c:62:8b:66:67:d2,2,0,0,0"
1791506862.850,"B,43676,10,cc:b8:5e:ad:5c:4a,32150,28,550,5,-46,S,5c:62:8b:66:67:d2,1,2,1,24"
1791506862.850,"B,43676,10,b2:db:ca:e6:29:a6,84,3,0,0,-44,S,5c:62:8b:66:67:d2,3,0,0,0"
1791506862.850,"B,43676,10,b0:a7:b9:23:82:ee,0,0,30,1,-89,A,b0:a7:b9:23:82:ee,0,0,0,0"
1791506863.051,"B,43676,10,f2:51:4e:f8:1a:7f,30,1,0,0,-90,S,b0:a7:b9:23:82:ee,1,0,0,0"
1791506863.051,"P,43690,138"
1791506863.051,"P,43695,1282"
1791506863.051,"P,43712,1282"
1791506863.051,"P,43712,1282"
1791506863.051,"P,43712,930"
1791506863.051,"P,43713,1282"
1791506863.051,"P,43713,1282"
1791506863.051,"P,43713,1282"
1791506863.051,"P,43713,1282"
1791506863.051,"B,43776,10,5c:62:8b:66:67:d2,20986,28,10238,16,-46,A,5c:62:8b:66:67:d2,0,13,1,14"
1791506863.051,"B,43776,10,72:3b:01:24:b7:c8,168,6,20433,23,-30,S,5c:62:8b:66:67:d2,6,0,0,0"
1791506863.051,"B,43776,10,cc:b8:5e:ad:5c:4a,10042,9,553,5,-47,S,5c:62:8b:66:67:d2,0,1,1,7"
1791506863.051,"B,43776,10,b2:db:ca:e6:29:a6,28,1,0,0,-43,S,5c:62:8b:66:67:d2,1,0,0,0"
1791506863.051,"P,43777,28"
1791506863.051,"P,43778,1282"
1791506863.051,"P,43778,1282"
1791506863.051,"P,43778,1282"
1791506863.051,"P,43778,1282"
1791506863.051,"P,43778,1282"
1791506863.051,"P,43779,1282"
1791506863.051,"B,43876,10,5c:62:8b:66:67:d2,0,0,7748,8,-53,A,5c:62:8b:66:67:d2,0,0,0,0"
1791506863.051,"B,43876,10,72:3b:01:24:b7:c8,28,1,0,0,-31,S,5c:62:8b:66:67:d2,1,0,0,0"
1791506863.051,"B,43876,10,cc:b8:5e:ad:5c:4a,7720,7,0,0,-46,S,5c:62:8b:66:67:d2,1,0,0,6"
1791506863.251,"P,43930,28"
1791506863.251,"P,43931,1282"
1791506863.251,"P,43934,1282"
1791506863.251,"P,43934,1282"
1791506863.251,"P,43934,1282"
1791506863.251,"P,43934,1282"
1791506863.251,"P,43935,750"
1791506863.251,"P,43935,1282"
1791506863.251,"P,43935,1282"
1791506863.251,"P,43935,1282"
1791506863.251,"P,43939,610"
1791506863.251,"P,43939,1282"
1791506863.251,"P,43939,1282"
1791506863.251,"P,43940,610"
1791506863.251,"P,43941,1282"
1791506863.251,"P,43941,1282"
1791506863.251,"P,43941,178"
1791506863.251,"P,43942,1282"
1791506863.251,"P,43942,1282"
1791506863.251,"P,43942,1282"
1791506863.251,"P,43942,1282"
1791506863.251,"P,43943,1282"
1791506863.251,"P,43943,1282"
1791506863.251,"P,43945,1282"
1791506863.251,"P,43948,1282"
1791506863.251,"P,43951,1282"
1791506863.251,"P,43977,1282"
1791506863.251,"B,43976,10,5c:62:8b:66:67:d2,24542,31,30520,32,-46,A,5c:62:8b:66:67:d2,0,13,1,17"
1791506863.251,"B,43976,10,72:3b:01:24:b7:c8,140,5,23332,20,-35,S,5c:62:8b:66:67:d2,5,0,0,0"
1791506863.251,"B,43976,10,cc:b8:5e:ad:5c:4a,30380,27,1210,11,-46,S,5c:62:8b:66:67:d2,1,3,1,22"
1791506863.251,"P,43978,1282"
1791506863.251,"P,43978,1282"
1791506863.251,"P,43978,1282"
1791506863.251,"P,43979,1282"
1791506863.251,"P,43979,1282"
1791506863.251,"P,43979,1282"
1791506863.251,"P,43979,1282"
1791506863.251,"P,43979,1282"
1791506863.251,"P,43980,1282"
1791506863.251,"P,43980,1282"
1791506863.251,"P,43980,1282"
1791506863.251,"P,43980,1282"
1791506863.251,"P,44018,1282"
1791506863.251,"P,44019,1282"
1791506863.251,"P,44020,1282"
1791506863.251,"P,44020,1282"
1791506863.251,"P,44020,1282"
1791506863.251,"P,44020,606"
1791506863.251,"P,44056,28"
1791506863.251,"P,44057,1282"
1791506863.251,"P,44057,1282"
1791506863.251,"P,44057,1214"
1791506863.251,"P,44058,1282"
1791506863.251,"P,44058,1282"
1791506863.251,"P,44058,1214"
1791506863.251,"P,44059,1282"
1791506863.251,"B,44076,10,5c:62:8b:66:67:d2,28230,29,31294,27,-46,A,5c:62:8b:66:67:d2,0,8,0,21"
1791506863.251,"B,44076,10,72:3b:01:24:b7:c8,28,1,27460,22,-36,S,5c:62:8b:66:67:d2,1,0,0,0"
1791506863.251,"B,44076,10,cc:b8:5e:ad:5c:4a,31266,26,770,7,-47,S,5c:62:8b:66:67:d2,1,1,0,24"
1791506863.453,"P,44099,126"
1791506863.453,"P,44099,1282"
1791506863.453,"P,44100,1282"
1791506863.453,"P,44100,1282"
1791506863.453,"P,44100,1282"
1791506863.453,"P,44101,1282"
1791506863.453,"P,44121,1282"
1791506863.453,"P,44125,1282"
1791506863.453,"P,44133,1282"
1791506863.453,"P,44134,1282"
1791506863.453,"P,44134,1282"
1791506863.453,"P,44135,1282"
1791506863.453,"P,44135,1282"
1791506863.453,"P,44135,1282"
1791506863.453,"P,44135,1282"
1791506863.453,"P,44135,1282"
1791506863.453,"P,44135,1282"
1791506863.453,"P,44135,1282"
1791506863.453,"P,44135,1282"
1791506863.453,"B,44176,10,5c:62:8b:66:67:d2,6866,9,23202,19,-46,A,5c:62:8b:66:67:d2,0,4,0,5"
1791506863.453,"B,44176,10,72:3b:01:24:b7:c8,0,0,6536,6,0,S,5c:62:8b:66:67:d2,0,0,0,0"
1791506863.453,"B,44176,10,cc:b8:5e:ad:5c:4a,23202,19,330,3,-46,S,5c:62:8b:66:67:d2,0,1,0,18"
1791506863.453,"B,44276,10,5c:62:8b:66:67:d2,0,0,112,4,-52,A,5c:62:8b:66:67:d2,0,0,0,0"
1791506863.453,"B,44276,10,72:3b:01:24:b7:c8,112,4,0,0,-36,S,5c:62:8b:66:67:d2,4,0,0,0"
1791506863.654,"B,44376,10,5c:62:8b:66:67:d2,0,0,84,3,-51,A,5c:62:8b:66:67:d2,0,0,0,0"
1791506863.654,"B,44376,10,72:3b:01:24:b7:c8,56,2,0,0,-35,S,5c:62:8b:66:67:d2,2,0,0,0"
1791506863.654,"B,44376,10,b2:db:ca:e6:29:a6,28,1,0,0,-42,S,5c:62:8b:66:67:d2,1,0,0,0"
1791506863.654,"B,44376,10,78:8c:b5:f5:e7:26,80,1,0,0,-82,A,78:8c:b5:f5:e7:26,1,0,0,0"
1791506863.654,"B,44476,10,5c:62:8b:66:67:d2,365,3,56,2,-47,A,5c:62:8b:66:67:d2,0,3,0,0"
1791506863.654,"B,44476,10,72:3b:01:24:b7:c8,0,0,365,3,0,S,5c:62:8b:66:67:d2,0,0,0,0"
1791506863.654,"B,44476,10,b2:db:ca:e6:29:a6,56,2,0,0,-42,S,5c:62:8b:66:67:d2,2,0,0,0"
1791506863.654,"B,44476,10,b0:a7:b9:23:82:ee,82,1,82,1,-91,A,b0:a7:b9:23:82:ee,1,0,0,0"
1791506863.654,"B,44476,10,f2:51:4e:f8:1a:7f,82,1,82,1,-88,S,b0:a7:b9:23:82:ee,1,0,0,0"
1791506863.854,"B,44576,10,5c:62:8b:66:67:d2,0,0,168,6,-53,A,5c:62:8b:66:67:d2,0,0,0,0"
1791506863.854,"B,44576,10,72:3b:01:24:b7:c8,84,3,0,0,-39,S,5c:62:8b:66:67:d2,3,0,0,0"
1791506863.854,"B,44576,10,b2:db:ca:e6:29:a6,84,3,0,0,-44,S,5c:62:8b:66:67:d2,3,0,0,0"
1791506863.854,"B,44676,10,5c:62:8b:66:67:d2,11538,9,56,2,-45,A,5c:62:8b:66:67:d2,0,0,0,9"
1791506863.854,"B,44676,10,72:3b:01:24:b7:c8,28,1,11538,9,-38,S,5c:62:8b:66:67:d2,1,0,0,0"
1791506863.854,"B,44676,10,b2:db:ca:e6:29:a6,28,1,0,0,-47,S,5c:62:8b:66:67:d2,1,0,0,0"
1791506863.854,"B,44676,10,b0:a7:b9:23:82:ee,0,0,30,1,-90,A,b0:a7:b9:23:82:ee,0,0,0,0"
1791506863.854,"B,44676,10,f2:51:4e:f8:1a:7f,30,1,0,0,-91,S,b0:a7:b9:23:82:ee,1,0,0,0"
1791506864.055,"P,44711,28"
1791506864.055,"P,44712,1282"
1791506864.055,"P,44717,1282"
1791506864.055,"P,44718,1282"
1791506864.055,"P,44718,1282"
1791506864.055,"P,44725,1282"
1791506864.055,"P,44735,1282"
1791506864.055,"P,44736,1282"
1791506864.055,"P,44737,1282"
1791506864.055,"P,44737,1282"
1791506864.055,"P,44738,1282"
1791506864.055,"P,44738,1282"
1791506864.055,"P,44739,1282"
1791506864.055,"P,44740,1282"
1791506864.055,"P,44744,1282"
1791506864.055,"P,44745,1282"
1791506864.055,"P,44745,1282"
1791506864.055,"P,44747,1282"
1791506864.055,"P,44747,1282"
1791506864.055,"P,44747,1282"
1791506864.055,"P,44749,1282"
1791506864.055,"P,44749,1282"
1791506864.055,"P,44749,1282"
1791506864.055,"P,44750,1282"
1791506864.055,"P,44751,1282"
1791506864.055,"P,44751,1282"
1791506864.055,"P,44751,1282"
1791506864.055,"P,44760,1282"
1791506864.055,"P,44761,1282"
1791506864.055,"P,44761,1282"
1791506864.055,"P,44762,1282"
1791506864.055,"P,44762,1282"
1791506864.055,"P,44762,1282"
1791506864.055,"P,44763,1282"
1791506864.055,"P,44763,1282"
1791506864.055,"P,44763,1282"
1791506864.055,"P,44763,1282"
1791506864.055,"P,44764,1282"
1791506864.055,"P,44764,1282"
1791506864.055,"P,44766,1282"
1791506864.055,"P,44767,1282"
1791506864.055,"P,44767,1282"
1791506864.055,"P,44768,1282"
1791506864.055,"P,44768,1282"
1791506864.055,"P,44773,1282"
1791506864.055,"P,44773,1282"
1791506864.055,"P,44774,1282"
1791506864.055,"P,44775,1282"
1791506864.055,"P,44775,1282"
1791506864.055,"B,44776,10,5c:62:8b:66:67:d2,55707,68,61592,50,-45,A,5c:62:8b:66:67:d2,0,27,0,41"
1791506864.055,"B,44776,10,72:3b:01:24:b7:c8,28,1,53023,44,-35,S,5c:62:8b:66:67:d2,1,0,0,0"
1791506864.055,"B,44776,10,cc:b8:5e:ad:5c:4a,61564,49,2684,24,-47,S,5c:62:8b:66:67:d2,1,0,0,48"
1791506864.055,"P,44775,1282"
1791506864.055,"P,44777,1282"
1791506864.055,"P,44777,1282"
1791506864.055,"P,44778,1282"
1791506864.055,"P,44782,1282"
1791506864.055,"P,44782,1282"
1791506864.055,"P,44784,1282"
1791506864.055,"P,44784,1282"
1791506864.055,"P,44785,1282"
1791506864.055,"P,44785,1282"
1791506864.055,"P,44786,1282"
1791506864.055,"P,44787,1282"
1791506864.055,"P,44787,1282"
1791506864.055,"P,44787,1282"
1791506864.055,"P,44788,1282"
1791506864.055,"P,44788,1282"
1791506864.055,"P,44788,1282"
1791506864.055,"P,44789,1282"
1791506864.055,"P,44791,1282"
1791506864.055,"P,44792,1282"
1791506864.055,"P,44794,1282"
1791506864.055,"P,44796,1282"
1791506864.055,"P,44796,1282"
1791506864.055,"P,44797,1282"
1791506864.055,"P,44797,1282"
1791506864.055,"P,44797,1282"
1791506864.055,"P,44797,1282"
1791506864.055,"P,44797,1282"
1791506864.055,"P,44797,1282"
1791506864.055,"P,44798,1282"
1791506864.055,"P,44798,1282"
1791506864.055,"P,44798,1282"
1791506864.055,"P,44799,1282"
1791506864.055,"P,44799,1282"
1791506864.055,"P,44799,1282"
1791506864.055,"P,44799,1282"
1791506864.055,"P,44799,1282"
1791506864.055,"P,44803,1282"
1791506864.055,"P,44804,1282"
1791506864.055,"P,44804,1282"
1791506864.055,"P,44804,1282"
1791506864.055,"P,44804,1282"
1791506864.055,"P,44804,1282"
1791506864.055,"P,44808,1282"
1791506864.055,"P,44808,1282"
1791506864.055,"P,44839,28"
1791506864.055,"P,44839,28"
1791506864.055,"P,44840,1282"
1791506864.055,"P,44840,1282"
1791506864.055,"P,44845,1282"
1791506864.055,"P,44845,1282"
1791506864.055,"P,44846,1282"
1791506864.055,"P,44846,1282"
1791506864.055,"P,44846,1282"
1791506864.055,"P,44846,1282"
1791506864.055,"P,44846,1282"
1791506864.055,"P,44847,1282"
1791506864.055,"P,44851,1282"
1791506864.055,"P,44852,1282"
1791506864.055,"P,44852,1282"
1791506864.055,"P,44852,1282"
1791506864.055,"P,44852,1282"
1791506864.055,"P,44852,1282"
1791506864.055,"P,44855,1282"
1791506864.055,"P,44855,1282"
1791506864.055,"P,44855,1282"
1791506864.055,"P,44855,1282"
1791506864.055,"P,44855,1282"
1791506864.055,"P,44855,1282"
1791506864.055,"P,44856,1282"
1791506864.055,"P,44857,1282"
1791506864.055,"P,44857,1282"
1791506864.055,"P,44858,1282"
1791506864.055,"P,44860,1126"
1791506864.055,"P,44860,1282"
1791506864.055,"P,44865,1282"
1791506864.055,"P,44868,1282"
1791506864.055,"P,44869,1282"
1791506864.055,"P,44869,658"
1791506864.055,"P,44870,1282"
1791506864.055,"P,44870,166"
1791506864.055,"P,44870,1282"
1791506864.055,"P,44870,1282"
1791506864.055,"P,44870,1282"
1791506864.055,"P,44870,658"
1791506864.055,"B,44876,10,5c:62:8b:66:67:d2,68796,78,104138,92,-44,A,5c:62:8b:66:67:d2,0,27,1,50"
1791506864.055,"B,44876,10,72:3b:01:24:b7:c8,140,5,66046,53,-37,S,5c:62:8b:66:67:d2,5,0,0,0"
1791506864.055,"B,44876,10,cc:b8:5e:ad:5c:4a,103942,85,2750,25,-47,S,5c:62:8b:66:67:d2,2,3,1,79"
1791506864.055,"B,44876,10,b2:db:ca:e6:29:a6,56,2,0,0,-53,S,5c:62:8b:66:67:d2,2,0,0,0"
1791506864.055,"P,44878,1282"
1791506864.055,"P,44879,1274"
1791506864.055,"P,44879,1282"
1791506864.055,"P,44879,1274"
1791506864.055,"P,44880,1282"
1791506864.055,"P,44880,1274"
1791506864.055,"P,44880,1282"
1791506864.055,"P,44880,1274"
1791506864.055,"P,44882,1282"
1791506864.256,"P,44887,1274"
1791506864.256,"P,44888,1282"
1791506864.256,"P,44888,1282"
1791506864.256,"P,44889,1282"
1791506864.256,"P,44889,1282"
1791506864.256,"P,44889,1282"
1791506864.256,"P,44890,1282"
1791506864.256,"P,44890,1282"
1791506864.256,"P,44890,826"
1791506864.256,"P,44890,1282"
1791506864.256,"P,44890,1282"
1791506864.256,"P,44891,1282"
1791506864.256,"P,44891,1282"
1791506864.256,"P,44891,1282"
1791506864.256,"P,44891,1282"
1791506864.256,"P,44891,1282"
1791506864.256,"P,44891,1282"
1791506864.256,"P,44891,826"
1791506864.256,"P,44892,1282"
1791506864.256,"P,44892,1106"
1791506864.256,"P,44892,1282"
1791506864.256,"P,44892,1282"
1791506864.256,"P,44892,1282"
1791506864.256,"P,44893,1282"
1791506864.256,"P,44893,1282"
1791506864.256,"P,44894,1282"
1791506864.256,"P,44894,1282"
1791506864.256,"P,44894,1282"
1791506864.256,"P,44894,1282"
1791506864.256,"P,44894,1282"
1791506864.256,"P,44894,826"
1791506864.256,"P,44894,1282"
1791506864.256,"P,44894,1106"
1791506864.256,"P,44895,1282"
1791506864.256,"P,44895,1282"
1791506864.256,"P,44896,1282"
1791506864.256,"P,44896,1282"
1791506864.256,"P,44896,1282"
1791506864.256,"P,44896,1282"
1791506864.256,"P,44896,1282"
1791506864.256,"P,44896,1282"
1791506864.256,"P,44897,1282"
1791506864.256,"P,44897,1282"
1791506864.256,"P,44897,826"
1791506864.256,"P,44897,1282"
1791506864.256,"P,44897,1106"
1791506864.256,"P,44897,1282"
1791506864.256,"P,44897,1282"
1791506864.256,"P,44897,1282"
1791506864.256,"P,44899,1282"
1791506864.256,"P,44902,1282"
1791506864.256,"P,44905,1282"
1791506864.256,"P,44907,1282"
1791506864.256,"P,44909,826"
1791506864.256,"P,44914,1282"
1791506864.256,"P,44914,1106"
1791506864.256,"P,44914,1282"
1791506864.256,"P,44915,1282"
1791506864.256,"P,44915,1282"
1791506864.256,"P,44915,1282"
1791506864.256,"P,44917,1106"
1791506864.256,"P,44919,1282"
1791506864.256,"P,44922,1282"
1791506864.256,"P,44925,1282"
1791506864.256,"P,44928,1282"
1791506864.256,"P,44930,1282"
1791506864.256,"P,44932,1282"
1791506864.256,"P,44932,1282"
1791506864.256,"P,44932,1282"
1791506864.256,"P,44932,1282"
1791506864.256,"P,44933,1282"
1791506864.256,"P,44933,1282"
1791506864.256,"P,44935,1282"
1791506864.256,"P,44936,1282"
1791506864.256,"P,44936,1282"
1791506864.256,"P,44936,1282"
1791506864.256,"P,44936,1282"
1791506864.256,"P,44939,1282"
1791506864.256,"P,44941,1282"
1791506864.256,"P,44946,28"
1791506864.256,"P,44947,28"
1791506864.256,"P,44947,28"
1791506864.256,"P,44947,1282"
1791506864.256,"P,44947,142"
1791506864.256,"P,44948,1282"
1791506864.256,"P,44948,1282"
1791506864.256,"P,44948,1282"
1791506864.256,"P,44948,1282"
1791506864.256,"P,44949,1282"
1791506864.256,"P,44949,1282"
1791506864.256,"P,44952,1282"
1791506864.256,"P,44952,1282"
1791506864.256,"P,44953,1282"
1791506864.256,"P,44953,1282"
1791506864.256,"P,44953,1282"
1791506864.256,"P,44953,1282"
1791506864.256,"P,44956,1282"
1791506864.256,"B,44976,10,5c:62:8b:66:67:d2,8784,16,128014,114,-43,A,5c:62:8b:66:67:d2,0,10,0,6"
1791506864.256,"B,44976,10,72:3b:01:24:b7:c8,168,6,7684,6,-39,S,5c:62:8b:66:67:d2,6,0,0,0"
1791506864.256,"B,44976,10,cc:b8:5e:ad:5c:4a,127790,106,1100,10,-45,S,5c:62:8b:66:67:d2,3,1,10,92"
1791506864.256,"B,44976,10,b2:db:ca:e6:29:a6,56,2,0,0,-54,S,5c:62:8b:66:67:d2,2,0,0,0"
1791506864.256,"P,45045,1282"
1791506864.256,"P,45045,622"
1791506864.256,"P,45046,1282"
1791506864.256,"P,45047,1282"
1791506864.256,"P,45048,28"
1791506864.256,"P,45049,1282"
1791506864.256,"P,45049,1282"
1791506864.256,"P,45052,1282"
1791506864.256,"P,45052,242"
1791506864.256,"P,45053,1282"
1791506864.256,"P,45053,1282"
1791506864.256,"P,45053,1282"
1791506864.256,"P,45053,1282"
1791506864.256,"P,45053,1282"
1791506864.256,"P,45056,1282"
1791506864.256,"P,45056,1282"
1791506864.256,"P,45073,1282"
1791506864.256,"P,45073,1282"
1791506864.256,"P,45073,1282"
1791506864.256,"P,45073,1282"
1791506864.256,"P,45074,1282"
1791506864.256,"P,45074,1070"
1791506864.256,"P,45074,1282"
1791506864.256,"P,45074,1282"
1791506864.256,"P,45075,1282"
1791506864.256,"P,45075,338"
1791506864.256,"P,45075,1282"
1791506864.256,"B,45076,10,5c:62:8b:66:67:d2,80154,83,30672,33,-43,A,5c:62:8b:66:67:d2,0,23,2,58"
1791506864.256,"B,45076,10,72:3b:01:24:b7:c8,56,2,78504,68,-41,S,5c:62:8b:66:67:d2,2,0,0,0"
1791506864.256,"B,45076,10,cc:b8:5e:ad:5c:4a,30504,27,1650,15,-47,S,5c:62:8b:66:67:d2,1,3,1,22"
1791506864.256,"B,45076,10,b2:db:ca:e6:29:a6,112,4,0,0,-44,S,5c:62:8b:66:67:d2,4,0,0,0"
1791506864.256,"P,45075,1282"
1791506864.256,"P,45083,1282"
1791506864.256,"P,45083,1282"
1791506864.256,"P,45084,1086"
1791506864.256,"P,45084,1282"
1791506864.256,"P,45084,1282"
1791506864.256,"P,45084,1282"
1791506864.256,"P,45085,1282"
1791506864.458,"P,45092,1282"
1791506864.458,"I,45092,stat,rx=17320,drops=0,ch=10,bin=100,hop=0,heap=202024"
1791506864.458,"P,45094,1282"
1791506864.458,"P,45097,1086"
1791506864.458,"P,45099,1282"
1791506864.458,"P,45104,1282"
1791506864.458,"P,45105,1282"
1791506864.458,"P,45105,1282"
1791506864.458,"P,45105,1282"
1791506864.458,"P,45106,1282"
1791506864.458,"P,45106,1282"
1791506864.458,"P,45106,1282"
1791506864.458,"P,45106,1282"
1791506864.458,"P,45106,1282"
1791506864.458,"P,45107,1282"
1791506864.458,"P,45107,934"
1791506864.458,"P,45109,1282"
1791506864.458,"P,45109,1242"
1791506864.458,"P,45118,1282"
1791506864.458,"P,45119,1282"
1791506864.458,"P,45119,1282"
1791506864.458,"P,45119,498"
1791506864.458,"P,45177,28"
1791506864.458,"B,45176,10,5c:62:8b:66:67:d2,41652,50,35670,31,-43,A,5c:62:8b:66:67:d2,0,19,3,28"
1791506864.458,"B,45176,10,72:3b:01:24:b7:c8,0,0,39782,33,0,S,5c:62:8b:66:67:d2,0,0,0,0"
1791506864.458,"B,45176,10,cc:b8:5e:ad:5c:4a,35642,30,1870,17,-45,S,5c:62:8b:66:67:d2,1,1,3,25"
1791506864.458,"B,45176,10,b2:db:ca:e6:29:a6,28,1,0,0,-43,S,5c:62:8b:66:67:d2,1,0,0,0"
1791506864.458,"P,45178,1282"
1791506864.458,"P,45178,1282"
1791506864.458,"P,45178,1282"
1791506864.458,"P,45178,1282"
1791506864.458,"P,45178,1282"
1791506864.458,"P,45179,1282"
1791506864.458,"P,45185,1282"
1791506864.458,"P,45191,1282"
1791506864.458,"P,45191,646"
1791506864.458,"P,45191,1282"
1791506864.458,"P,45191,646"
1791506864.458,"P,45194,1282"
1791506864.458,"P,45198,1282"
1791506864.458,"P,45200,646"
1791506864.458,"P,45201,646"
1791506864.458,"P,45257,1282"
1791506864.458,"P,45257,1282"
1791506864.458,"P,45257,1282"
1791506864.458,"P,45258,914"
1791506864.458,"B,45276,10,5c:62:8b:66:67:d2,10940,20,21782,31,-44,A,5c:62:8b:66:67:d2,0,13,0,7"
1791506864.458,"B,45276,10,72:3b:01:24:b7:c8,280,10,9620,8,-42,S,5c:62:8b:66:67:d2,10,0,0,0"
1791506864.458,"B,45276,10,cc:b8:5e:ad:5c:4a,21446,19,1320,12,-45,S,5c:62:8b:66:67:d2,0,4,1,14"
1791506864.458,"B,45276,10,b2:db:ca:e6:29:a6,56,2,0,0,-42,S,5c:62:8b:66:67:d2,2,0,0,0"
1791506864.658,"P,45297,1282"
1791506864.658,"P,45298,1282"
1791506864.658,"P,45358,1282"
1791506864.658,"P,45359,1282"
1791506864.658,"P,45359,1282"
1791506864.658,"P,45360,1282"
1791506864.658,"P,45360,470"
1791506864.658,"P,45360,1282"
1791506864.658,"P,45360,1282"
1791506864.658,"P,45360,1282"
1791506864.658,"P,45361,1282"
1791506864.658,"B,45376,10,5c:62:8b:66:67:d2,6262,7,13458,17,-45,A,5c:62:8b:66:67:d2,0,2,1,4"
1791506864.658,"B,45376,10,72:3b:01:24:b7:c8,112,4,6042,5,-41,S,5c:62:8b:66:67:d2,4,0,0,0"
1791506864.658,"B,45376,10,cc:b8:5e:ad:5c:4a,13290,11,220,2,-48,S,5c:62:8b:66:67:d2,0,1,0,10"
1791506864.658,"B,45376,10,b2:db:ca:e6:29:a6,56,2,0,0,-42,S,5c:62:8b:66:67:d2,2,0,0,0"
1791506864.658,"P,45378,1282"
1791506864.658,"P,45378,1282"
1791506864.658,"P,45379,1282"
1791506864.658,"P,45379,1282"
1791506864.658,"P,45456,28"
1791506864.658,"P,45456,1282"
1791506864.658,"P,45456,1282"
1791506864.658,"P,45457,1282"
1791506864.658,"P,45457,1282"
1791506864.658,"P,45458,1282"
1791506864.658,"P,45458,1282"
1791506864.658,"P,45458,1282"
1791506864.658,"P,45458,1282"
1791506864.658,"P,45458,1282"
1791506864.658,"P,45459,1282"
1791506864.658,"P,45459,1282"
1791506864.658,"P,45460,1282"
1791506864.658,"P,45460,1282"
1791506864.658,"P,45460,1282"
1791506864.658,"P,45460,1282"
1791506864.658,"P,45460,1282"
1791506864.658,"P,45460,1282"
1791506864.658,"P,45465,1282"
1791506864.658,"P,45465,602"
1791506864.658,"P,45468,1282"
1791506864.658,"P,45468,1282"
1791506864.658,"P,45468,1282"
1791506864.658,"P,45468,1282"
1791506864.658,"P,45468,426"
1791506864.658,"P,45469,1282"
1791506864.658,"B,45476,10,5c:62:8b:66:67:d2,26335,36,35726,32,-45,A,5c:62:8b:66:67:d2,0,18,0,18"
1791506864.658,"B,45476,10,72:3b:01:24:b7:c8,0,0,24939,24,0,S,5c:62:8b:66:67:d2,0,0,0,0"
1791506864.658,"B,45476,10,cc:b8:5e:ad:5c:4a,35670,30,1396,12,-46,S,5c:62:8b:66:67:d2,1,2,0,27"
1791506864.658,"B,45476,10,b2:db:ca:e6:29:a6,56,2,0,0,-42,S,5c:62:8b:66:67:d2,2,0,0,0"
1791506864.658,"P,45480,202"
1791506864.861,"P,45498,1282"
1791506864.861,"P,45498,1282"
1791506864.861,"P,45499,1282"
1791506864.861,"P,45499,1282"
1791506864.861,"P,45499,1282"
1791506864.861,"P,45499,1282"
1791506864.861,"P,45499,662"
1791506864.861,"P,45500,1282"
1791506864.861,"P,45500,1282"
1791506864.861,"P,45500,1282"
1791506864.861,"P,45500,1282"
1791506864.861,"P,45500,662"
1791506864.861,"P,45503,1282"
1791506864.861,"P,45506,1282"
1791506864.861,"P,45509,1282"
1791506864.861,"P,45576,28"
1791506864.861,"B,45576,10,5c:62:8b:66:67:d2,6212,8,18332,21,-46,A,5c:62:8b:66:67:d2,0,4,0,4"
1791506864.861,"B,45576,10,72:3b:01:24:b7:c8,56,2,5992,6,-34,S,5c:62:8b:66:67:d2,2,0,0,0"
1791506864.861,"B,45576,10,cc:b8:5e:ad:5c:4a,18220,17,220,2,-43,S,5c:62:8b:66:67:d2,1,3,0,13"
1791506864.861,"B,45576,10,b2:db:ca:e6:29:a6,56,2,0,0,-45,S,5c:62:8b:66:67:d2,2,0,0,0"
1791506864.861,"P,45576,1282"
1791506864.861,"P,45576,1282"
1791506864.861,"P,45577,1282"
1791506864.861,"P,45577,1282"
1791506864.861,"P,45577,1282"
1791506864.861,"P,45662,1282"
1791506864.861,"P,45662,1282"
1791506864.861,"P,45663,1282"
1791506864.861,"P,45663,1282"
1791506864.861,"P,45664,1282"
1791506864.861,"P,45666,1282"
1791506864.861,"P,45668,1282"
1791506864.861,"P,45668,1282"
1791506864.861,"P,45668,1282"
1791506864.861,"P,45669,1282"
1791506864.861,"P,45669,218"
1791506864.861,"P,45669,1282"
1791506864.861,"P,45669,1282"
1791506864.861,"P,45669,750"
1791506864.861,"P,45670,1282"
1791506864.861,"B,45676,10,5c:62:8b:66:67:d2,18975,26,24128,23,-46,A,5c:62:8b:66:67:d2,0,12,1,13"
1791506864.861,"B,45676,10,72:3b:01:24:b7:c8,56,2,18095,18,-36,S,5c:62:8b:66:67:d2,2,0,0,0"
1791506864.861,"B,45676,10,cc:b8:5e:ad:5c:4a,24044,20,880,8,-46,S,5c:62:8b:66:67:d2,0,1,1,18"
1791506864.861,"B,45676,10,b2:db:ca:e6:29:a6,28,1,0,0,-45,S,5c:62:8b:66:67:d2,1,0,0,0"
1791506865.064,"P,45697,28"
1791506865.064,"P,45698,1282"
1791506865.064,"P,45698,1282"
1791506865.064,"P,45698,1282"
1791506865.064,"P,45698,558"
1791506865.064,"P,45700,558"
1791506865.064,"B,45776,10,5c:62:8b:66:67:d2,4624,6,5018,7,-46,A,5c:62:8b:66:67:d2,0,3,0,3"
1791506865.064,"B,45776,10,72:3b:01:24:b7:c8,0,0,4404,4,0,S,5c:62:8b:66:67:d2,0,0,0,0"
1791506865.064,"B,45776,10,cc:b8:5e:ad:5c:4a,4990,6,220,2,-46,S,5c:62:8b:66:67:d2,1,2,0,3"
1791506865.064,"B,45776,10,b2:db:ca:e6:29:a6,28,1,0,0,-42,S,5c:62:8b:66:67:d2,1,0,0,0"
1791506865.064,"P,45777,1282"
1791506865.064,"P,45777,1282"
1791506865.064,"P,45778,1282"
1791506865.064,"P,45778,1282"
1791506865.064,"P,45778,1282"
1791506865.064,"P,45779,1282"
1791506865.064,"P,45780,1282"
1791506865.064,"P,45780,1282"
1791506865.064,"P,45782,1282"
1791506865.064,"P,45784,1282"
1791506865.064,"P,45785,1282"
1791506865.064,"P,45785,1282"
1791506865.064,"P,45785,682"
1791506865.064,"P,45786,1282"
1791506865.064,"P,45786,682"
1791506865.064,"P,45786,1282"
1791506865.064,"P,45786,682"
1791506865.064,"P,45787,1282"
1791506865.064,"P,45787,682"
1791506865.064,"P,45792,1282"
1791506865.064,"P,45793,682"
1791506865.064,"P,45856,28"
1791506865.064,"P,45857,1282"
1791506865.064,"P,45857,1282"
1791506865.064,"P,45857,1282"
1791506865.064,"P,45857,1282"
1791506865.064,"P,45857,378"
1791506865.064,"P,45858,1282"
1791506865.064,"P,45858,1282"
1791506865.064,"P,45858,1282"
1791506865.064,"P,45858,378"
1791506865.064,"P,45859,1282"
1791506865.064,"P,45859,1282"
1791506865.064,"P,45859,1282"
1791506865.064,"P,45859,378"
1791506865.064,"P,45860,1282"
1791506865.064,"P,45860,1282"
1791506865.064,"P,45860,1282"
1791506865.064,"P,45862,1282"
1791506865.064,"P,45864,1282"
1791506865.064,"P,45870,1282"
1791506865.064,"P,45873,1282"
1791506865.064,"B,45876,10,5c:62:8b:66:67:d2,25006,28,47308,55,-46,A,5c:62:8b:66:67:d2,0,10,0,18"
1791506865.064,"B,45876,10,72:3b:01:24:b7:c8,308,11,24136,20,-40,S,5c:62:8b:66:67:d2,11,0,0,0"
1791506865.064,"B,45876,10,cc:b8:5e:ad:5c:4a,46878,42,770,7,-47,S,5c:62:8b:66:67:d2,1,8,0,33"
1791506865.064,"B,45876,10,b2:db:ca:e6:29:a6,28,1,0,0,-47,S,5c:62:8b:66:67:d2,1,0,0,0"
1791506865.064,"B,45876,10,46:88:44:6e:4f:e4,94,1,100,1,-36,S,5c:62:8b:66:67:d2,1,0,0,0"
1791506865.264,"P,45901,1282"
1791506865.264,"P,45901,1282"
1791506865.264,"P,45901,1282"
1791506865.264,"P,45901,1282"
1791506865.264,"P,45901,670"
1791506865.264,"B,45976,10,5c:62:8b:66:67:d2,6238,9,5882,8,-46,A,5c:62:8b:66:67:d2,0,5,0,4"
1791506865.264,"B,45976,10,72:3b:01:24:b7:c8,84,3,5798,5,-37,S,5c:62:8b:66:67:d2,3,0,0,0"
1791506865.264,"B,45976,10,cc:b8:5e:ad:5c:4a,5798,5,440,4,-50,S,5c:62:8b:66:67:d2,0,1,0,4"
1791506865.264,"P,45977,28"
1791506865.264,"P,45978,1282"
1791506865.264,"P,45978,1282"
1791506865.264,"P,45978,1282"
1791506865.264,"P,45979,1282"
1791506865.264,"P,45979,1282"
1791506865.264,"P,45983,1282"
1791506865.264,"P,45984,1282"
1791506865.264,"P,45984,1282"
1791506865.264,"P,45986,1282"
1791506865.264,"P,45986,1282"
1791506865.264,"P,45987,1282"
1791506865.264,"P,45987,1282"
1791506865.264,"P,45987,594"
1791506865.264,"P,45988,594"
1791506865.264,"P,46060,1282"
1791506865.264,"P,46060,1214"
1791506865.264,"P,46060,1214"
1791506865.264,"B,46076,10,5c:62:8b:66:67:d2,17934,21,20310,18,-46,A,5c:62:8b:66:67:d2,1,7,0,13"
1791506865.264,"B,46076,10,72:3b:01:24:b7:c8,0,0,17274,15,0,S,5c:62:8b:66:67:d2,0,0,0,0"
1791506865.264,"B,46076,10,cc:b8:5e:ad:5c:4a,20310,18,660,6,-48,S,5c:62:8b:66:67:d2,1,2,0,15"
1791506865.264,"P,46097,28"
1791506865.465,"P,46098,1282"
1791506865.465,"P,46098,1282"
1791506865.465,"P,46098,1282"
1791506865.465,"P,46098,194"
1791506865.465,"B,46176,10,5c:62:8b:66:67:d2,4260,6,4264,12,-47,A,5c:62:8b:66:67:d2,0,3,0,3"
1791506865.465,"B,46176,10,72:3b:01:24:b7:c8,196,7,4040,4,-37,S,5c:62:8b:66:67:d2,7,0,0,0"
1791506865.465,"B,46176,10,cc:b8:5e:ad:5c:4a,4068,5,220,2,-48,S,5c:62:8b:66:67:d2,1,1,0,3"
1791506865.465,"P,46179,1282"
1791506865.465,"P,46179,1282"
1791506865.465,"P,46179,1282"
1791506865.465,"P,46179,1282"
1791506865.465,"P,46179,1282"
1791506865.465,"B,46276,10,5c:62:8b:66:67:d2,6520,6,6466,7,-46,A,5c:62:8b:66:67:d2,0,1,0,5"
1791506865.465,"B,46276,10,72:3b:01:24:b7:c8,56,2,6410,5,-38,S,5c:62:8b:66:67:d2,2,0,0,0"
1791506865.465,"B,46276,10,cc:b8:5e:ad:5c:4a,6410,5,110,1,-48,S,5c:62:8b:66:67:d2,0,0,0,5"
1791506865.465,"P,46280,28"
1791506865.465,"P,46281,1282"
1791506865.465,"P,46281,1282"
1791506865.465,"P,46281,1282"
1791506865.465,"P,46281,930"
1791506865.465,"P,46282,1282"
1791506865.465,"P,46282,1282"
1791506865.465,"P,46282,1282"
1791506865.465,"P,46282,898"
1791506865.465,"P,46284,1282"
1791506865.665,"P,46298,1282"
1791506865.665,"P,46298,1282"
1791506865.665,"P,46298,1282"
1791506865.665,"P,46299,1282"
1791506865.665,"P,46299,1282"
1791506865.665,"P,46299,1282"
1791506865.665,"P,46299,1282"
1791506865.665,"P,46299,1086"
1791506865.665,"P,46300,1282"
1791506865.665,"P,46300,1282"
1791506865.665,"P,46301,1282"
1791506865.665,"P,46301,1282"
1791506865.665,"P,46301,1086"
1791506865.665,"B,46376,10,5c:62:8b:66:67:d2,15442,21,27104,23,-46,A,5c:62:8b:66:67:d2,0,9,3,9"
1791506865.665,"B,46376,10,72:3b:01:24:b7:c8,0,0,14452,12,0,S,5c:62:8b:66:67:d2,0,0,0,0"
1791506865.665,"B,46376,10,cc:b8:5e:ad:5c:4a,27104,23,990,9,-47,S,5c:62:8b:66:67:d2,1,0,4,18"
1791506865.665,"P,46377,1282"
1791506865.665,"P,46378,1282"
1791506865.665,"P,46378,1282"
1791506865.665,"P,46378,1282"
1791506865.665,"P,46381,1282"
1791506865.665,"P,46381,1282"
1791506865.665,"P,46381,1282"
1791506865.665,"P,46381,1282"
1791506865.665,"P,46386,28"
1791506865.665,"P,46387,1282"
1791506865.665,"P,46387,1282"
1791506865.665,"P,46387,1282"
1791506865.665,"P,46388,1282"
1791506865.665,"P,46388,1282"
1791506865.665,"P,46388,646"
1791506865.665,"P,46457,1282"
1791506865.665,"P,46457,1282"
1791506865.665,"P,46458,1282"
1791506865.665,"P,46458,486"
1791506865.665,"B,46476,10,5c:62:8b:66:67:d2,7963,14,21980,30,-46,A,5c:62:8b:66:67:d2,0,9,0,5"
1791506865.665,"B,46476,10,72:3b:01:24:b7:c8,308,11,7303,8,-37,S,5c:62:8b:66:67:d2,11,0,0,0"
1791506865.665,"B,46476,10,cc:b8:5e:ad:5c:4a,21672,19,660,6,-46,S,5c:62:8b:66:67:d2,1,2,0,16"
1791506865.665,"B,46476,10,78:8c:b5:f5:e7:26,160,2,0,0,-82,A,78:8c:b5:f5:e7:26,2,0,0,0"
1791506865.665,"P,46497,28"
1791506865.665,"P,46497,1282"
1791506865.866,"P,46557,1282"
1791506865.866,"P,46559,1282"
1791506865.866,"P,46559,542"
1791506865.866,"B,46576,10,5c:62:8b:66:67:d2,9160,12,4444,6,-45,A,5c:62:8b:66:67:d2,0,6,0,6"
1791506865.866,"B,46576,10,72:3b:01:24:b7:c8,28,1,8720,8,-40,S,5c:62:8b:66:67:d2,1,0,0,0"
1791506865.866,"B,46576,10,cc:b8:5e:ad:5c:4a,4416,5,440,4,-46,S,5c:62:8b:66:67:d2,1,1,0,3"
1791506865.866,"P,46577,1282"
1791506865.866,"P,46577,1282"
1791506865.866,"P,46580,1282"
1791506865.866,"P,46580,1282"
1791506865.866,"P,46580,1282"
1791506865.866,"P,46581,1282"
1791506865.866,"P,46585,1282"
1791506865.866,"P,46585,1282"
1791506865.866,"P,46586,1282"
1791506865.866,"P,46586,1282"
1791506865.866,"P,46586,1282"
1791506865.866,"P,46586,1282"
1791506865.866,"P,46587,1282"
1791506865.866,"P,46587,1282"
1791506865.866,"P,46587,1282"
1791506865.866,"P,46587,1282"
1791506865.866,"P,46588,1282"
1791506865.866,"P,46588,1282"
1791506865.866,"P,46589,594"
1791506865.866,"P,46656,28"
1791506865.866,"P,46657,1282"
1791506865.866,"P,46657,1282"
1791506865.866,"P,46657,230"
1791506865.866,"P,46658,1282"
1791506865.866,"P,46658,1282"
1791506865.866,"P,46658,230"
1791506865.866,"P,46659,1282"
1791506865.866,"B,46676,10,5c:62:8b:66:67:d2,18725,25,30568,27,-45,A,5c:62:8b:66:67:d2,0,12,0,13"
1791506865.866,"B,46676,10,72:3b:01:24:b7:c8,0,0,17845,17,0,S,5c:62:8b:66:67:d2,0,0,0,0"
1791506865.866,"B,46676,10,cc:b8:5e:ad:5c:4a,30568,27,880,8,-46,S,5c:62:8b:66:67:d2,1,3,0,23"
1791506865.866,"P,46697,1282"
1791506865.866,"P,46697,1282"
1791506865.866,"P,46698,1282"
1791506866.066,"P,46698,398"
1791506866.066,"B,46776,10,5c:62:8b:66:67:d2,4464,6,4412,10,-46,A,5c:62:8b:66:67:d2,0,3,0,3"
1791506866.066,"B,46776,10,72:3b:01:24:b7:c8,168,6,4244,4,-37,S,5c:62:8b:66:67:d2,6,0,0,0"
1791506866.066,"B,46776,10,cc:b8:5e:ad:5c:4a,4244,4,220,2,-48,S,5c:62:8b:66:67:d2,0,1,0,3"
1791506866.066,"P,46777,28"
1791506866.066,"P,46778,1282"
1791506866.066,"P,46778,1282"
1791506866.066,"P,46778,1282"
1791506866.066,"P,46778,1282"
1791506866.066,"P,46778,1282"
1791506866.066,"P,46796,1282"
1791506866.066,"P,46797,1282"
1791506866.066,"P,46797,1282"
1791506866.066,"P,46797,454"
1791506866.066,"P,46798,454"
1791506866.066,"P,46862,1282"
1791506866.066,"P,46862,1282"
1791506866.066,"P,46863,1282"
1791506866.066,"P,46863,978"
1791506866.066,"B,46876,10,5c:62:8b:66:67:d2,16744,24,16016,15,-44,A,5c:62:8b:66:67:d2,0,12,1,11"
1791506866.066,"B,46876,10,72:3b:01:24:b7:c8,0,0,15534,13,0,S,5c:62:8b:66:67:d2,0,0,0,0"
1791506866.066,"B,46876,10,cc:b8:5e:ad:5c:4a,16016,15,1210,11,-47,S,5c:62:8b:66:67:d2,1,2,1,11"
1791506866.066,"P,46897,28"
1791506866.066,"P,46897,1282"
1791506866.066,"P,46898,1282"
1791506866.066,"P,46898,1282"
1791506866.066,"P,46898,1282"
1791506866.267,"P,46898,1158"
1791506866.267,"P,46978,1282"
1791506866.267,"B,46976,10,5c:62:8b:66:67:d2,6506,7,7596,7,-45,A,5c:62:8b:66:67:d2,0,2,1,4"
1791506866.267,"B,46976,10,72:3b:01:24:b7:c8,0,0,6286,5,0,S,5c:62:8b:66:67:d2,0,0,0,0"
1791506866.267,"B,46976,10,cc:b8:5e:ad:5c:4a,7596,7,220,2,-48,S,5c:62:8b:66:67:d2,1,0,1,5"
1791506866.267,"P,46978,1282"
1791506866.267,"P,46981,1282"
1791506866.267,"P,46981,1282"
1791506866.267,"P,46982,1282"
1791506866.267,"P,46982,1282"
1791506866.267,"P,46984,1282"
1791506866.267,"P,46985,1282"
1791506866.267,"P,46985,1282"
1791506866.267,"P,46986,1282"
1791506866.267,"P,46986,1282"
1791506866.267,"P,46986,1282"
1791506866.267,"P,46986,1282"
1791506866.267,"P,46988,1282"
1791506866.267,"P,46991,1282"
1791506866.267,"P,46993,1282"
1791506866.267,"P,46994,1282"
1791506866.267,"P,46994,1282"
1791506866.267,"P,46995,1282"
1791506866.267,"P,46995,1282"
1791506866.267,"P,46995,1282"
1791506866.267,"P,46995,1282"
1791506866.267,"P,46997,1282"
1791506866.267,"P,46997,1282"
1791506866.267,"P,46997,1282"
1791506866.267,"P,47000,1282"
1791506866.267,"P,47003,1282"
1791506866.267,"P,47007,1282"
1791506866.267,"P,47007,28"
1791506866.267,"P,47007,28"
1791506866.267,"P,47008,28"
1791506866.267,"P,47009,28"
1791506866.267,"P,47009,1282"
1791506866.267,"P,47009,1282"
1791506866.267,"P,47010,1282"
1791506866.267,"P,47010,1282"
1791506866.267,"P,47010,318"
1791506866.267,"P,47011,1282"
1791506866.267,"P,47011,1282"
1791506866.267,"P,47057,1282"
1791506866.267,"P,47057,1282"
1791506866.267,"P,47058,1282"
1791506866.267,"P,47058,410"
1791506866.267,"P,47058,1282"
1791506866.267,"B,47076,10,5c:62:8b:66:67:d2,15190,19,48386,47,-45,A,5c:62:8b:66:67:d2,0,8,0,11"
1791506866.267,"B,47076,10,72:3b:01:24:b7:c8,112,4,14420,12,-39,S,5c:62:8b:66:67:d2,4,0,0,0"
1791506866.267,"B,47076,10,cc:b8:5e:ad:5c:4a,48274,43,770,7,-46,S,5c:62:8b:66:67:d2,4,2,0,37"
1791506866.467,"P,47099,126"
1791506866.467,"P,47100,1282"
1791506866.467,"P,47100,1282"
1791506866.467,"P,47101,1282"
1791506866.467,"P,47102,1282"
1791506866.467,"P,47102,1282"
1791506866.467,"P,47102,1282"
1791506866.467,"P,47103,1282"
1791506866.467,"P,47103,1282"
1791506866.467,"P,47104,1282"
1791506866.467,"P,47107,28"
1791506866.467,"P,47108,28"
1791506866.467,"P,47108,1282"
1791506866.467,"P,47108,1282"
1791506866.467,"P,47110,1282"
1791506866.467,"P,47110,1282"
1791506866.467,"P,47110,1282"
1791506866.467,"P,47111,1282"
1791506866.467,"P,47112,1282"
1791506866.467,"P,47112,1282"
1791506866.467,"P,47112,1282"
1791506866.467,"P,47112,1282"
1791506866.467,"P,47113,1282"
1791506866.467,"P,47113,1282"
1791506866.467,"P,47113,1282"
1791506866.467,"P,47113,1282"
1791506866.467,"P,47113,1282"
1791506866.467,"P,47114,1282"
1791506866.467,"P,47114,1282"
1791506866.467,"P,47114,1282"
1791506866.467,"P,47114,1282"
1791506866.467,"P,47114,1282"
1791506866.467,"P,47117,1282"
1791506866.467,"P,47119,1282"
1791506866.467,"P,47122,1282"
1791506866.467,"P,47122,1282"
1791506866.467,"P,47122,1282"
1791506866.467,"P,47122,1282"
1791506866.467,"P,47123,1282"
1791506866.467,"P,47123,1282"
1791506866.467,"P,47123,1282"
1791506866.467,"P,47123,1282"
1791506866.467,"P,47124,1282"
1791506866.467,"P,47124,1282"
1791506866.467,"P,47124,1282"
1791506866.467,"P,47124,1282"
1791506866.467,"P,47125,1282"
1791506866.467,"P,47125,1282"
1791506866.467,"P,47125,1282"
1791506866.467,"P,47125,1282"
1791506866.467,"P,47125,1282"
1791506866.467,"P,47126,1282"
1791506866.467,"P,47132,1282"
1791506866.467,"P,47137,1282"
1791506866.467,"P,47137,1282"
1791506866.467,"P,47137,1282"
1791506866.467,"P,47137,1282"
1791506866.467,"P,47138,1282"
1791506866.467,"P,47138,1282"
1791506866.467,"P,47138,1282"
1791506866.467,"P,47138,1282"
1791506866.467,"P,47138,1282"
1791506866.467,"P,47138,1282"
1791506866.467,"P,47139,1282"
1791506866.467,"P,47139,1282"
1791506866.467,"P,47140,1282"
1791506866.467,"P,47140,1282"
1791506866.467,"P,47140,1282"
1791506866.467,"P,47140,1282"
1791506866.467,"P,47141,1282"
1791506866.467,"P,47141,1282"
1791506866.467,"P,47141,1282"
1791506866.467,"P,47141,1282"
1791506866.467,"P,47143,1282"
1791506866.467,"P,47146,1282"
1791506866.467,"P,47149,1282"
1791506866.467,"P,47152,1282"
1791506866.467,"P,47155,1282"
1791506866.467,"P,47156,1282"
1791506866.467,"P,47156,1282"
1791506866.467,"P,47157,1282"
1791506866.467,"P,47157,1282"
1791506866.467,"P,47157,1282"
1791506866.467,"P,47157,1282"
1791506866.467,"P,47157,1282"
1791506866.467,"P,47158,1282"
1791506866.467,"P,47158,1282"
1791506866.467,"P,47158,1282"
1791506866.467,"P,47159,1282"
1791506866.467,"P,47164,1282"
1791506866.467,"P,47164,1282"
1791506866.467,"P,47164,1282"
1791506866.467,"P,47164,1282"
1791506866.467,"P,47165,1282"
1791506866.467,"P,47165,1282"
1791506866.467,"P,47165,1282"
1791506866.467,"P,47165,1282"
1791506866.467,"P,47173,1282"
1791506866.467,"P,47175,1282"
1791506866.467,"P,47175,1282"
1791506866.467,"P,47176,1282"
1791506866.467,"B,47176,10,5c:62:8b:66:67:d2,70720,86,125818,101,-45,A,5c:62:8b:66:67:d2,0,34,0,52"
1791506866.467,"B,47176,10,72:3b:01:24:b7:c8,0,0,67200,54,0,S,5c:62:8b:66:67:d2,0,0,0,0"
1791506866.467,"B,47176,10,cc:b8:5e:ad:5c:4a,125818,101,3520,32,-47,S,5c:62:8b:66:67:d2,2,1,0,98"
1791506866.467,"P,47176,1282"
1791506866.467,"P,47176,1282"
1791506866.467,"P,47177,1282"
1791506866.467,"P,47179,1282"
1791506866.467,"P,47179,1282"
1791506866.467,"P,47179,1282"
1791506866.467,"P,47180,1282"
1791506866.467,"P,47180,1282"
1791506866.467,"P,47180,1282"
1791506866.467,"P,47180,1282"
1791506866.467,"P,47180,1282"
1791506866.467,"P,47181,1282"
1791506866.467,"P,47181,1282"
1791506866.467,"P,47188,1282"
1791506866.467,"P,47189,1282"
1791506866.467,"P,47189,1282"
1791506866.467,"P,47189,1282"
1791506866.467,"P,47189,1282"
1791506866.467,"P,47191,1282"
1791506866.467,"P,47194,1282"
1791506866.467,"P,47197,1282"
1791506866.467,"P,47200,1282"
1791506866.467,"P,47203,1282"
1791506866.467,"P,47207,1282"
1791506866.467,"P,47207,1282"
1791506866.467,"P,47207,1282"
1791506866.467,"P,47207,1282"
1791506866.467,"P,47208,1282"
1791506866.467,"P,47208,1282"
1791506866.467,"P,47208,1282"
1791506866.467,"P,47208,1282"
1791506866.467,"P,47209,1282"
1791506866.467,"P,47209,1282"
1791506866.467,"P,47209,1282"
1791506866.467,"P,47210,1282"
1791506866.467,"P,47211,1282"
1791506866.467,"P,47211,1282"
1791506866.467,"P,47212,1282"
1791506866.467,"P,47212,1282"
1791506866.467,"P,47212,1282"
1791506866.467,"P,47212,1282"
1791506866.467,"P,47213,1282"
1791506866.467,"P,47213,1282"
1791506866.467,"P,47216,1282"
1791506866.467,"P,47216,1282"
1791506866.467,"P,47216,1282"
1791506866.467,"P,47216,1282"
1791506866.467,"P,47217,1282"
1791506866.467,"P,47217,1282"
1791506866.467,"P,47217,1282"
1791506866.467,"P,47217,1282"
1791506866.467,"P,47218,1282"
1791506866.467,"P,47218,1282"
1791506866.467,"P,47219,1282"
1791506866.467,"P,47219,1282"
1791506866.467,"P,47219,1282"
1791506866.467,"P,47219,1282"
1791506866.467,"P,47220,1282"
1791506866.467,"P,47220,1282"
1791506866.467,"P,47222,1282"
1791506866.467,"P,47222,1282"
1791506866.467,"P,47222,1282"
1791506866.467,"P,47223,1282"
1791506866.467,"P,47223,1282"
1791506866.467,"P,47223,1282"
1791506866.467,"P,47225,1282"
1791506866.467,"P,47229,1282"
1791506866.467,"P,47229,28"
1791506866.467,"P,47229,28"
1791506866.467,"P,47230,28"
1791506866.467,"P,47233,28"
1791506866.467,"P,47234,1282"
1791506866.467,"P,47234,1282"
1791506866.467,"P,47235,1282"
1791506866.467,"P,47235,1282"
1791506866.467,"P,47235,1282"
1791506866.467,"P,47236,138"
1791506866.467,"P,47236,1282"
1791506866.467,"P,47236,1282"
1791506866.467,"P,47236,1282"
1791506866.467,"P,47236,242"
1791506866.467,"P,47237,1282"
1791506866.467,"P,47237,1282"
1791506866.467,"P,47237,1282"
1791506866.467,"P,47238,1282"
1791506866.467,"P,47240,1282"
1791506866.467,"P,47245,1282"
1791506866.467,"P,47245,1282"
1791506866.467,"P,47246,1282"
1791506866.467,"P,47247,1282"
1791506866.467,"P,47250,1282"
1791506866.467,"P,47250,1282"
1791506866.467,"P,47251,1282"
1791506866.467,"P,47251,1282"
1791506866.467,"P,47251,242"
1791506866.467,"P,47252,1282"
1791506866.467,"P,47252,1282"
1791506866.467,"P,47253,1282"
1791506866.467,"P,47253,242"
1791506866.467,"P,47255,1282"
1791506866.467,"P,47257,1282"
1791506866.467,"P,47260,1282"
1791506866.467,"P,47261,242"
1791506866.467,"P,47262,1282"
1791506866.467,"P,47262,1282"
1791506866.467,"P,47263,1282"
1791506866.467,"P,47263,1282"
1791506866.467,"P,47263,650"
1791506866.467,"P,47263,1282"
1791506866.467,"P,47263,1282"
1791506866.467,"P,47264,1282"
1791506866.467,"P,47264,650"
1791506866.467,"P,47266,1282"
1791506866.467,"P,47269,1282"
1791506866.467,"P,47269,650"
1791506866.467,"B,47276,10,5c:62:8b:66:67:d2,68650,85,135214,115,-45,A,5c:62:8b:66:67:d2,0,35,0,50"
1791506866.467,"B,47276,10,72:3b:01:24:b7:c8,0,0,65130,53,0,S,5c:62:8b:66:67:d2,0,0,0,0"
1791506866.467,"B,47276,10,cc:b8:5e:ad:5c:4a,135214,115,3520,32,-46,S,5c:62:8b:66:67:d2,4,8,0,103"
1791506866.467,"P,47297,1282"
1791506866.467,"P,47297,1282"
1791506866.467,"P,47298,1282"
1791506866.467,"P,47298,1282"
1791506866.467,"P,47299,1282"
1791506866.467,"P,47299,1282"
1791506866.467,"P,47299,1282"
1791506866.669,"P,47305,586"
1791506866.669,"P,47377,28"
1791506866.669,"B,47376,10,5c:62:8b:66:67:d2,15788,22,9644,11,-46,A,5c:62:8b:66:67:d2,0,11,0,11"
1791506866.669,"B,47376,10,72:3b:01:24:b7:c8,56,2,14688,12,-41,S,5c:62:8b:66:67:d2,2,0,0,0"
1791506866.669,"B,47376,10,cc:b8:5e:ad:5c:4a,9588,9,1100,10,-47,S,5c:62:8b:66:67:d2,1,1,0,7"
1791506866.669,"P,47378,1282"
1791506866.669,"P,47378,1282"
1791506866.669,"P,47379,1282"
1791506866.669,"P,47379,1282"
1791506866.669,"P,47379,1282"
1791506866.669,"P,47380,1282"
1791506866.669,"P,47380,1282"
1791506866.669,"P,47380,1282"
1791506866.669,"P,47380,1282"
1791506866.669,"P,47380,1282"
1791506866.669,"P,47381,1282"
1791506866.669,"P,47381,1282"
1791506866.669,"P,47381,1282"
1791506866.669,"P,47381,1282"
1791506866.669,"P,47381,1282"
1791506866.669,"P,47382,1282"
1791506866.669,"P,47411,1282"
1791506866.669,"P,47411,1282"
1791506866.669,"P,47411,1282"
1791506866.669,"P,47411,1282"
1791506866.669,"P,47412,1282"
1791506866.669,"P,47412,1282"
1791506866.669,"P,47412,1282"
1791506866.669,"P,47413,1282"
1791506866.669,"P,47413,1282"
1791506866.669,"P,47413,1282"
1791506866.669,"P,47413,358"
1791506866.669,"P,47457,1282"
1791506866.669,"P,47457,1114"
1791506866.669,"P,47458,1282"
1791506866.669,"P,47458,1114"
1791506866.669,"P,47459,1282"
1791506866.669,"P,47459,1114"
1791506866.669,"P,47459,1282"
1791506866.669,"P,47459,1114"
1791506866.669,"P,47462,1282"
1791506866.669,"P,47464,1114"
1791506866.669,"B,47476,10,5c:62:8b:66:67:d2,24451,28,45754,40,-46,A,5c:62:8b:66:67:d2,0,10,0,18"
1791506866.669,"B,47476,10,72:3b:01:24:b7:c8,84,3,23681,21,-41,S,5c:62:8b:66:67:d2,3,0,0,0"
1791506866.669,"B,47476,10,cc:b8:5e:ad:5c:4a,45670,37,770,7,-48,S,5c:62:8b:66:67:d2,0,1,5,31"
1791506866.669,"B,47476,10,78:8c:b5:f5:e7:26,80,1,0,0,-82,A,78:8c:b5:f5:e7:26,1,0,0,0"
1791506866.669,"P,47497,28"
1791506866.669,"P,47497,1282"
1791506866.669,"P,47497,1282"
1791506866.669,"P,47498,1098"
1791506866.870,"P,47578,1282"
1791506866.870,"B,47576,10,5c:62:8b:66:67:d2,18504,18,5056,8,-46,A,5c:62:8b:66:67:d2,0,3,6,9"
1791506866.870,"B,47576,10,72:3b:01:24:b7:c8,84,3,18174,15,-40,S,5c:62:8b:66:67:d2,3,0,0,0"
1791506866.870,"B,47576,10,cc:b8:5e:ad:5c:4a,4972,5,330,3,-47,S,5c:62:8b:66:67:d2,1,0,1,3"
1791506866.870,"P,47578,1282"
1791506866.870,"P,47578,1282"
1791506866.870,"P,47578,1282"
1791506866.870,"P,47579,1282"
1791506866.870,"P,47579,1282"
1791506866.870,"P,47614,28"
1791506866.870,"P,47615,1282"
1791506866.870,"P,47615,1282"
1791506866.870,"P,47615,526"
1791506866.870,"P,47615,1282"
1791506866.870,"P,47616,1282"
1791506866.870,"P,47617,1282"
1791506866.870,"P,47618,526"
1791506866.870,"P,47657,1282"
1791506866.870,"P,47657,1282"
1791506866.870,"P,47658,1282"
1791506866.870,"P,47658,1282"
1791506866.870,"P,47658,1282"
1791506866.870,"P,47658,470"
1791506866.870,"P,47659,1282"
1791506866.870,"P,47659,1282"
1791506866.870,"P,47660,1282"
1791506866.870,"P,47660,470"
1791506866.870,"P,47660,1282"
1791506866.870,"P,47660,1282"
1791506866.870,"P,47661,1282"
1791506866.870,"P,47661,470"
1791506866.870,"P,47663,1282"
1791506866.870,"P,47666,1282"
1791506866.870,"P,47666,1282"
1791506866.870,"P,47666,470"
1791506866.870,"B,47676,10,5c:62:8b:66:67:d2,16953,21,33840,35,-46,A,5c:62:8b:66:67:d2,0,9,0,12"
1791506866.870,"B,47676,10,72:3b:01:24:b7:c8,112,4,16403,16,-39,S,5c:62:8b:66:67:d2,4,0,0,0"
1791506866.870,"B,47676,10,cc:b8:5e:ad:5c:4a,33728,31,550,5,-47,S,5c:62:8b:66:67:d2,1,6,0,24"
1791506866.870,"P,47698,1282"
1791506867.071,"P,47718,28"
1791506867.071,"P,47719,1282"
1791506867.071,"P,47719,1282"
1791506867.071,"P,47719,1282"
1791506867.071,"P,47720,822"
1791506867.071,"B,47776,10,5c:62:8b:66:67:d2,16659,20,5978,6,-46,A,5c:62:8b:66:67:d2,0,8,1,11"
1791506867.071,"B,47776,10,72:3b:01:24:b7:c8,0,0,16219,16,0,S,5c:62:8b:66:67:d2,0,0,0,0"
1791506867.071,"B,47776,10,cc:b8:5e:ad:5c:4a,5978,6,440,4,-47,S,5c:62:8b:66:67:d2,1,0,1,4"
1791506867.071,"P,47778,1282"
1791506867.071,"P,47778,1282"
1791506867.071,"P,47779,1282"
1791506867.071,"P,47779,1282"
1791506867.071,"P,47779,1282"
1791506867.071,"P,47785,1282"
1791506867.071,"P,47785,1282"
1791506867.071,"P,47786,1282"
1791506867.071,"P,47786,1282"
1791506867.071,"P,47786,1282"
1791506867.071,"P,47787,1282"
1791506867.071,"P,47787,1282"
1791506867.071,"P,47788,1282"
1791506867.071,"P,47788,498"
1791506867.071,"P,47788,1282"
1791506867.071,"P,47857,28"
1791506867.071,"P,47857,28"
1791506867.071,"P,47858,28"
1791506867.071,"P,47858,1282"
1791506867.071,"P,47858,1086"
1791506867.071,"P,47859,1282"
1791506867.071,"P,47859,1086"
1791506867.071,"P,47860,1282"
1791506867.071,"P,47860,1086"
1791506867.071,"P,47861,1282"
1791506867.071,"P,47861,1086"
1791506867.071,"P,47863,1282"
1791506867.071,"P,47865,1086"
1791506867.071,"B,47876,10,5c:62:8b:66:67:d2,16652,20,30594,36,-46,A,5c:62:8b:66:67:d2,0,8,0,12"
1791506867.071,"B,47876,10,72:3b:01:24:b7:c8,224,8,15882,13,-37,S,5c:62:8b:66:67:d2,8,0,0,0"
1791506867.071,"B,47876,10,cc:b8:5e:ad:5c:4a,30370,28,770,7,-46,S,5c:62:8b:66:67:d2,3,1,5,19"
1791506867.071,"B,47876,10,78:8c:b5:f5:e7:26,0,0,30,1,-83,A,78:8c:b5:f5:e7:26,0,0,0,0"
1791506867.071,"B,47876,10,a6:4c:bd:b6:c7:99,30,1,0,0,-89,S,78:8c:b5:f5:e7:26,1,0,0,0"
1791506867.071,"P,47897,1282"
1791506867.071,"P,47897,1282"
1791506867.071,"P,47897,1282"
1791506867.273,"P,47922,390"
1791506867.273,"P,47977,28"
1791506867.273,"B,47976,10,5c:62:8b:66:67:d2,4480,8,4376,9,-46,A,5c:62:8b:66:67:d2,0,5,1,2"
1791506867.273,"B,47976,10,72:3b:01:24:b7:c8,112,4,4040,4,-38,S,5c:62:8b:66:67:d2,4,0,0,0"
1791506867.273,"B,47976,10,cc:b8:5e:ad:5c:4a,4264,5,440,4,-47,S,5c:62:8b:66:67:d2,1,1,0,3"
1791506867.273,"P,47978,1282"
1791506867.273,"P,47978,1282"
1791506867.273,"P,47979,1282"
1791506867.273,"P,47979,1282"
1791506867.273,"P,47979,1282"
1791506867.273,"P,48025,1282"
1791506867.273,"P,48026,1282"
1791506867.273,"P,48026,1282"
1791506867.273,"P,48026,222"
1791506867.273,"P,48027,1282"
1791506867.273,"P,48058,1282"
1791506867.273,"P,48058,1282"
1791506867.273,"P,48058,1282"
1791506867.273,"P,48059,1138"
1791506867.273,"P,48059,1282"
1791506867.273,"P,48059,1282"
1791506867.273,"P,48059,1282"
1791506867.273,"B,48076,10,5c:62:8b:66:67:d2,14950,19,20590,17,-46,A,5c:62:8b:66:67:d2,0,8,1,10"
1791506867.273,"B,48076,10,72:3b:01:24:b7:c8,0,0,14180,12,0,S,5c:62:8b:66:67:d2,0,0,0,0"
1791506867.273,"B,48076,10,cc:b8:5e:ad:5c:4a,20590,17,770,7,-47,S,5c:62:8b:66:67:d2,0,1,1,15"
1791506867.273,"B,48076,10,b0:a7:b9:23:82:ee,0,0,60,2,-90,A,b0:a7:b9:23:82:ee,0,0,0,0"
1791506867.273,"B,48076,10,f2:51:4e:f8:1a:7f,60,2,0,0,-92,S,b0:a7:b9:23:82:ee,2,0,0,0"
1791506867.273,"P,48096,28"
1791506867.273,"P,48097,1282"
1791506867.273,"P,48097,1282"
1791506867.273,"P,48098,1282"
1791506867.273,"P,48098,1282"
1791506867.273,"P,48098,1182"
1791506867.475,"B,48176,10,5c:62:8b:66:67:d2,6530,7,6422,9,-46,A,5c:62:8b:66:67:d2,0,2,1,4"
1791506867.475,"B,48176,10,72:3b:01:24:b7:c8,84,3,6310,5,-34,S,5c:62:8b:66:67:d2,3,0,0,0"
1791506867.475,"B,48176,10,cc:b8:5e:ad:5c:4a,6338,6,220,2,-47,S,5c:62:8b:66:67:d2,1,0,1,4"
1791506867.475,"P,48178,1282"
1791506867.475,"P,48178,1282"
1791506867.475,"P,48178,1282"
1791506867.475,"P,48179,1282"
1791506867.475,"P,48179,1282"
1791506867.475,"P,48179,1282"
1791506867.475,"P,48184,1282"
1791506867.475,"P,48185,1282"
1791506867.475,"P,48185,1282"
1791506867.475,"P,48186,1282"
1791506867.475,"P,48191,1282"
1791506867.475,"P,48191,1098"
1791506867.475,"P,48193,1282"
1791506867.475,"P,48193,1282"
1791506867.475,"P,48193,1098"
1791506867.475,"P,48256,28"
1791506867.475,"P,48257,1282"
1791506867.475,"P,48257,1282"
1791506867.475,"B,48276,10,5c:62:8b:66:67:d2,16001,19,21538,21,-46,A,5c:62:8b:66:67:d2,0,7,1,11"
1791506867.475,"B,48276,10,72:3b:01:24:b7:c8,84,3,15341,13,-37,S,5c:62:8b:66:67:d2,3,0,0,0"
1791506867.475,"B,48276,10,cc:b8:5e:ad:5c:4a,21454,18,660,6,-46,S,5c:62:8b:66:67:d2,1,0,2,15"
1791506867.475,"P,48297,1282"
1791506867.475,"P,48298,1282"
1791506867.475,"P,48298,1266"
1791506867.475,"P,48298,1282"
1791506867.676,"P,48377,28"
1791506867.676,"B,48376,10,5c:62:8b:66:67:d2,7076,10,5196,7,-47,A,5c:62:8b:66:67:d2,0,5,0,5"
1791506867.676,"B,48376,10,72:3b:01:24:b7:c8,56,2,6746,7,-37,S,5c:62:8b:66:67:d2,2,0,0,0"
1791506867.676,"B,48376,10,cc:b8:5e:ad:5c:4a,5140,5,330,3,-46,S,5c:62:8b:66:67:d2,1,0,0,4"
1791506867.676,"P,48378,1282"
1791506867.676,"P,48378,1282"
1791506867.676,"P,48378,1282"
1791506867.676,"P,48378,1282"
1791506867.676,"P,48379,1282"
1791506867.676,"P,48379,1282"
1791506867.676,"P,48379,1282"
1791506867.676,"P,48380,1282"
1791506867.676,"P,48380,1282"
1791506867.676,"P,48380,1282"
1791506867.676,"P,48381,1282"
1791506867.676,"P,48381,1282"
1791506867.676,"P,48381,1282"
1791506867.676,"P,48381,1282"
1791506867.676,"P,48381,1282"
1791506867.676,"P,48383,1282"
1791506867.676,"P,48383,1282"
1791506867.676,"P,48383,1282"
1791506867.676,"P,48383,1282"
1791506867.676,"P,48383,1282"
1791506867.676,"P,48383,202"
1791506867.676,"P,48437,1282"
1791506867.676,"P,48438,1282"
1791506867.676,"P,48439,286"
1791506867.676,"P,48456,1282"
1791506867.676,"P,48456,1282"
1791506867.676,"P,48457,1282"
1791506867.676,"P,48461,738"
1791506867.676,"B,48476,10,5c:62:8b:66:67:d2,13751,20,33276,28,-46,A,5c:62:8b:66:67:d2,0,10,1,9"
1791506867.676,"B,48476,10,72:3b:01:24:b7:c8,0,0,12905,13,0,S,5c:62:8b:66:67:d2,0,0,0,0"
1791506867.676,"B,48476,10,cc:b8:5e:ad:5c:4a,33276,28,846,7,-47,S,5c:62:8b:66:67:d2,0,2,1,25"
1791506867.676,"P,48497,28"
1791506867.676,"P,48498,1282"
1791506867.676,"P,48498,1282"
1791506867.676,"P,48498,1282"
1791506867.676,"P,48499,1282"
1791506867.676,"P,48499,1282"
1791506867.676,"P,48501,1282"
1791506867.676,"P,48503,174"
1791506867.877,"P,48578,1282"
1791506867.877,"B,48576,10,5c:62:8b:66:67:d2,6914,9,9428,18,-46,A,5c:62:8b:66:67:d2,0,4,0,5"
1791506867.877,"B,48576,10,72:3b:01:24:b7:c8,252,9,6584,6,-36,S,5c:62:8b:66:67:d2,9,0,0,0"
1791506867.877,"B,48576,10,cc:b8:5e:ad:5c:4a,9176,9,330,3,-46,S,5c:62:8b:66:67:d2,1,1,0,7"
1791506867.877,"B,48576,10,b0:a7:b9:23:82:ee,0,0,30,1,-90,A,b0:a7:b9:23:82:ee,0,0,0,0"
1791506867.877,"B,48576,10,f2:51:4e:f8:1a:7f,30,1,0,0,-90,S,b0:a7:b9:23:82:ee,1,0,0,0"
1791506867.877,"P,48578,1282"
1791506867.877,"P,48578,1282"
1791506867.877,"P,48578,1282"
1791506867.877,"P,48579,1282"
1791506867.877,"P,48579,1282"
1791506867.877,"P,48579,1282"
1791506867.877,"P,48580,1282"
1791506867.877,"P,48580,1282"
1791506867.877,"P,48580,1282"
1791506867.877,"P,48580,1282"
1791506867.877,"P,48580,1282"
1791506867.877,"P,48581,1282"
1791506867.877,"P,48581,1282"
1791506867.877,"P,48582,1282"
1791506867.877,"P,48582,1282"
1791506867.877,"P,48582,1282"
1791506867.877,"B,48676,10,5c:62:8b:66:67:d2,0,0,20540,17,-49,A,5c:62:8b:66:67:d2,0,0,0,0"
1791506867.877,"B,48676,10,cc:b8:5e:ad:5c:4a,20512,16,0,0,-46,S,5c:62:8b:66:67:d2,0,0,0,16"
1791506867.877,"B,48676,10,b2:db:ca:e6:29:a6,28,1,0,0,-46,S,5c:62:8b:66:67:d2,1,0,0,0"
1791506867.877,"P,48692,28"
1791506867.877,"P,48692,82"
1791506867.877,"P,48707,1282"
1791506867.877,"P,48707,1282"
1791506867.877,"P,48707,1282"
1791506867.877,"P,48708,1282"
1791506867.877,"P,48709,1282"
1791506867.877,"P,48709,930"
1791506867.877,"P,48709,1282"
1791506868.077,"P,48711,1282"
1791506868.077,"P,48718,1282"
1791506868.077,"P,48718,490"
1791506868.077,"P,48721,1282"
1791506868.077,"P,48721,1282"
1791506868.077,"P,48721,1282"
1791506868.077,"P,48721,1282"
1791506868.077,"P,48721,506"
1791506868.077,"P,48722,1282"
1791506868.077,"P,48722,1282"
1791506868.077,"P,48722,1282"
1791506868.077,"P,48722,1282"
1791506868.077,"P,48723,506"
1791506868.077,"P,48724,1282"
1791506868.077,"P,48724,1282"
1791506868.077,"P,48725,1282"
1791506868.077,"P,48725,1282"
1791506868.077,"P,48725,506"
1791506868.077,"P,48727,1282"
1791506868.077,"P,48731,1282"
1791506868.077,"P,48734,1282"
1791506868.077,"P,48737,1282"
1791506868.077,"P,48739,506"
1791506868.077,"P,48778,1282"
1791506868.077,"B,48776,10,5c:62:8b:66:67:d2,23469,31,35744,38,-46,A,5c:62:8b:66:67:d2,1,13,1,16"
1791506868.077,"B,48776,10,72:3b:01:24:b7:c8,56,2,22287,20,-37,S,5c:62:8b:66:67:d2,2,0,0,0"
1791506868.077,"B,48776,10,cc:b8:5e:ad:5c:4a,35604,33,1182,11,-45,S,5c:62:8b:66:67:d2,2,5,1,25"
1791506868.077,"B,48776,10,b2:db:ca:e6:29:a6,84,3,0,0,-47,S,5c:62:8b:66:67:d2,3,0,0,0"
1791506868.077,"P,48778,1282"
1791506868.077,"P,48778,1282"
1791506868.077,"P,48778,1282"
1791506868.077,"P,48779,1282"
1791506868.077,"P,48779,1282"
1791506868.077,"P,48779,1282"
1791506868.077,"P,48780,1282"
1791506868.077,"P,48780,1282"
1791506868.077,"P,48780,1282"
1791506868.077,"P,48780,1282"
1791506868.077,"P,48781,1282"
1791506868.077,"P,48781,1282"
1791506868.077,"P,48781,1282"
1791506868.077,"P,48783,1282"
1791506868.077,"P,48784,1282"
1791506868.077,"P,48786,1282"
1791506868.077,"P,48871,28"
1791506868.077,"P,48872,1282"
1791506868.077,"P,48872,1282"
1791506868.077,"P,48872,1282"
1791506868.077,"P,48873,1282"
1791506868.077,"P,48873,366"
1791506868.077,"P,48873,1282"
1791506868.077,"P,48878,1282"
1791506868.077,"B,48876,10,5c:62:8b:66:67:d2,12740,14,28766,30,-45,A,5c:62:8b:66:67:d2,0,5,0,9"
1791506868.077,"B,48876,10,72:3b:01:24:b7:c8,140,5,12410,11,-35,S,5c:62:8b:66:67:d2,5,0,0,0"
1791506868.077,"B,48876,10,cc:b8:5e:ad:5c:4a,28598,24,330,3,-46,S,5c:62:8b:66:67:d2,1,1,0,22"
1791506868.077,"B,48876,10,b2:db:ca:e6:29:a6,28,1,0,0,-49,S,5c:62:8b:66:67:d2,1,0,0,0"
1791506868.077,"P,48878,1282"
1791506868.077,"P,48879,786"
1791506868.077,"P,48879,786"
1791506868.077,"P,48898,1282"
1791506868.077,"P,48898,1282"
1791506868.077,"P,48898,1282"
1791506868.077,"P,48899,1282"
1791506868.077,"P,48899,446"
1791506868.280,"P,48979,28"
1791506868.280,"B,48976,10,5c:62:8b:66:67:d2,10976,16,8624,15,-46,A,5c:62:8b:66:67:d2,0,8,1,7"
1791506868.280,"B,48976,10,72:3b:01:24:b7:c8,140,5,10206,9,-36,S,5c:62:8b:66:67:d2,5,0,0,0"
1791506868.280,"B,48976,10,cc:b8:5e:ad:5c:4a,8456,9,770,7,-47,S,5c:62:8b:66:67:d2,1,1,2,5"
1791506868.280,"B,48976,10,b2:db:ca:e6:29:a6,28,1,0,0,-50,S,5c:62:8b:66:67:d2,1,0,0,0"
1791506868.280,"P,48980,1282"
1791506868.280,"P,48980,1282"
1791506868.280,"P,48980,1282"
1791506868.280,"P,48981,1282"
1791506868.280,"P,48981,1282"
1791506868.280,"B,49076,10,5c:62:8b:66:67:d2,5128,4,6522,9,-45,A,5c:62:8b:66:67:d2,0,0,0,4"
1791506868.280,"B,49076,10,72:3b:01:24:b7:c8,84,3,5128,4,-39,S,5c:62:8b:66:67:d2,3,0,0,0"
1791506868.280,"B,49076,10,cc:b8:5e:ad:5c:4a,6410,5,0,0,-47,S,5c:62:8b:66:67:d2,0,0,0,5"
1791506868.280,"B,49076,10,b2:db:ca:e6:29:a6,28,1,0,0,-51,S,5c:62:8b:66:67:d2,1,0,0,0"
1791506868.280,"P,49087,28"
1791506868.280,"P,49087,1282"
1791506868.280,"P,49087,1282"
1791506868.280,"P,49088,1282"
1791506868.280,"P,49088,1282"
1791506868.280,"P,49089,1282"
1791506868.280,"P,49089,1282"
1791506868.280,"P,49090,1282"
1791506868.280,"P,49090,1282"
1791506868.280,"P,49090,1282"
1791506868.280,"P,49090,1282"
1791506868.280,"P,49091,1282"
1791506868.280,"P,49091,1282"
1791506868.280,"P,49093,1282"
1791506868.280,"P,49095,1282"
1791506868.280,"P,49096,1282"
1791506868.280,"P,49096,1282"
1791506868.280,"P,49097,1282"
1791506868.280,"P,49097,1282"
1791506868.280,"P,49099,1282"
1791506868.280,"P,49101,1282"
1791506868.482,"B,49176,10,5c:62:8b:66:67:d2,5584,8,25808,26,-46,A,5c:62:8b:66:67:d2,0,4,0,4"
1791506868.482,"B,49176,10,72:3b:01:24:b7:c8,112,4,5128,4,-37,S,5c:62:8b:66:67:d2,4,0,0,0"
1791506868.482,"B,49176,10,cc:b8:5e:ad:5c:4a,25668,21,456,4,-45,S,5c:62:8b:66:67:d2,1,0,0,20"
1791506868.482,"B,49176,10,b2:db:ca:e6:29:a6,28,1,0,0,-51,S,5c:62:8b:66:67:d2,1,0,0,0"
1791506868.482,"P,49259,28"
1791506868.482,"P,49260,1282"
1791506868.482,"P,49260,1282"
1791506868.482,"P,49263,1282"
1791506868.482,"P,49264,1026"
1791506868.482,"P,49264,1282"
1791506868.482,"P,49264,1282"
1791506868.482,"P,49265,654"
1791506868.482,"P,49269,1282"
1791506868.482,"P,49269,1282"
1791506868.482,"B,49276,10,5c:62:8b:66:67:d2,11148,16,10850,16,-46,A,5c:62:8b:66:67:d2,0,8,0,8"
1791506868.482,"B,49276,10,72:3b:01:24:b7:c8,84,3,10256,8,-39,S,5c:62:8b:66:67:d2,3,0,0,0"
1791506868.482,"B,49276,10,cc:b8:5e:ad:5c:4a,10682,10,892,8,-47,S,5c:62:8b:66:67:d2,1,1,1,7"
1791506868.482,"B,49276,10,b2:db:ca:e6:29:a6,84,3,0,0,-50,S,5c:62:8b:66:67:d2,3,0,0,0"
1791506868.482,"P,49279,1282"
1791506868.482,"P,49279,302"
1791506868.482,"P,49280,1282"
1791506868.482,"P,49280,1282"
1791506868.482,"P,49281,1282"
1791506868.482,"P,49281,1282"
1791506868.482,"P,49281,1282"
1791506868.482,"P,49288,1282"
1791506868.482,"P,49289,1282"
1791506868.482,"P,49289,1282"
1791506868.482,"P,49290,1282"
1791506868.482,"P,49290,1282"
1791506868.482,"P,49290,1282"
1791506868.482,"P,49290,622"
1791506868.482,"P,49291,1282"
1791506868.482,"P,49291,1282"
1791506868.482,"P,49291,1282"
1791506868.482,"P,49291,1282"
1791506868.482,"P,49292,1282"
1791506868.482,"P,49292,622"
1791506868.482,"P,49292,1282"
1791506868.482,"P,49292,1282"
1791506868.482,"P,49292,1282"
1791506868.482,"P,49294,1282"
1791506868.482,"P,49294,1282"
1791506868.482,"P,49295,1282"
1791506868.482,"P,49296,1282"
1791506868.482,"P,49299,1282"
1791506868.482,"P,49303,1282"
1791506868.482,"P,49304,1282"
1791506868.482,"P,49304,350"
1791506868.482,"P,49304,1282"
1791506868.482,"P,49304,1282"
1791506868.482,"P,49305,1282"
1791506868.482,"P,49305,1282"
1791506868.482,"P,49306,1282"
1791506868.482,"P,49306,142"
1791506868.482,"P,49307,1282"
1791506868.685,"B,49376,10,5c:62:8b:66:67:d2,21856,30,44400,40,-46,A,5c:62:8b:66:67:d2,0,15,0,15"
1791506868.685,"B,49376,10,72:3b:01:24:b7:c8,0,0,20646,19,0,S,5c:62:8b:66:67:d2,0,0,0,0"
1791506868.685,"B,49376,10,cc:b8:5e:ad:5c:4a,44344,38,1210,11,-46,S,5c:62:8b:66:67:d2,0,5,0,33"
1791506868.685,"B,49376,10,b2:db:ca:e6:29:a6,56,2,0,0,-50,S,5c:62:8b:66:67:d2,2,0,0,0"
1791506868.685,"B,49376,10,78:8c:b5:f5:e7:26,80,1,0,0,-84,A,78:8c:b5:f5:e7:26,1,0,0,0"
1791506868.685,"P,49377,28"
1791506868.685,"P,49378,1282"
1791506868.685,"P,49378,1282"
1791506868.685,"P,49379,1282"
1791506868.685,"P,49383,1282"
1791506868.685,"P,49383,1282"
1791506868.685,"P,49383,1282"
1791506868.685,"P,49384,1282"
1791506868.685,"P,49384,1282"
1791506868.685,"P,49384,1282"
1791506868.685,"P,49387,1282"
1791506868.685,"P,49393,1282"
1791506868.685,"P,49396,1282"
1791506868.685,"P,49397,1282"
1791506868.685,"P,49397,1282"
1791506868.685,"P,49398,1282"
1791506868.685,"P,49398,1282"
1791506868.685,"P,49398,1282"
1791506868.685,"P,49399,1282"
1791506868.685,"P,49399,1282"
1791506868.685,"P,49399,1282"
1791506868.685,"P,49400,1282"
1791506868.685,"P,49400,770"
1791506868.685,"P,49400,1282"
1791506868.685,"P,49400,1282"
1791506868.685,"P,49401,1282"
1791506868.685,"P,49401,1282"
1791506868.685,"P,49401,1282"
1791506868.685,"P,49401,1282"
1791506868.685,"P,49401,770"
1791506868.685,"P,49403,1282"
1791506868.685,"P,49404,1282"
1791506868.685,"P,49404,1282"
1791506868.685,"P,49405,1282"
1791506868.685,"P,49405,1282"
1791506868.685,"P,49405,1282"
1791506868.685,"P,49405,770"
1791506868.685,"P,49407,1282"
1791506868.685,"P,49410,1282"
1791506868.685,"P,49412,1282"
1791506868.685,"P,49412,1282"
1791506868.685,"P,49412,1282"
1791506868.685,"P,49412,770"
1791506868.685,"P,49457,1282"
1791506868.685,"P,49457,1182"
1791506868.685,"P,49458,1282"
1791506868.685,"P,49458,1182"
1791506868.685,"P,49460,1282"
1791506868.685,"P,49461,1282"
1791506868.685,"P,49461,1182"
1791506868.685,"B,49476,10,5c:62:8b:66:67:d2,1100,10,60750,59,-46,A,5c:62:8b:66:67:d2,0,10,0,0"
1791506868.685,"B,49476,10,72:3b:01:24:b7:c8,196,7,0,0,-34,S,5c:62:8b:66:67:d2,7,0,0,0"
1791506868.685,"B,49476,10,cc:b8:5e:ad:5c:4a,60498,50,1100,10,-45,S,5c:62:8b:66:67:d2,1,0,7,42"
1791506868.685,"B,49476,10,b2:db:ca:e6:29:a6,56,2,0,0,-49,S,5c:62:8b:66:67:d2,2,0,0,0"
1791506868.685,"P,49496,28"
1791506868.685,"P,49497,1282"
1791506868.685,"P,49497,1282"
1791506868.685,"P,49497,782"
1791506868.685,"P,49497,1282"
1791506868.685,"P,49498,1282"
1791506868.685,"P,49498,1282"
1791506868.685,"P,49501,1282"
1791506868.887,"B,49576,10,5c:62:8b:66:67:d2,6030,7,8558,10,-46,A,5c:62:8b:66:67:d2,0,2,2,3"
1791506868.887,"B,49576,10,72:3b:01:24:b7:c8,0,0,5810,5,0,S,5c:62:8b:66:67:d2,0,0,0,0"
1791506868.887,"B,49576,10,cc:b8:5e:ad:5c:4a,8502,8,220,2,-44,S,5c:62:8b:66:67:d2,1,0,1,6"
1791506868.887,"B,49576,10,b2:db:ca:e6:29:a6,56,2,0,0,-48,S,5c:62:8b:66:67:d2,2,0,0,0"
1791506868.887,"P,49578,1282"
1791506868.887,"P,49578,1282"
1791506868.887,"P,49578,1282"
1791506868.887,"P,49579,1282"
1791506868.887,"P,49579,1282"
1791506868.887,"P,49583,1282"
1791506868.887,"P,49583,1282"
1791506868.887,"P,49583,1282"
1791506868.887,"P,49587,186"
1791506868.887,"P,49657,28"
1791506868.887,"P,49658,1282"
1791506868.887,"P,49658,1282"
1791506868.887,"P,49658,1282"
1791506868.887,"P,49658,926"
1791506868.887,"B,49676,10,5c:62:8b:66:67:d2,15057,21,15298,16,-46,A,5c:62:8b:66:67:d2,0,10,1,10"
1791506868.887,"B,49676,10,72:3b:01:24:b7:c8,0,0,14287,14,0,S,5c:62:8b:66:67:d2,0,0,0,0"
1791506868.887,"B,49676,10,cc:b8:5e:ad:5c:4a,15242,14,770,7,-46,S,5c:62:8b:66:67:d2,1,1,1,11"
1791506868.887,"B,49676,10,b2:db:ca:e6:29:a6,56,2,0,0,-49,S,5c:62:8b:66:67:d2,2,0,0,0"
1791506868.887,"P,49697,1282"
1791506868.887,"P,49697,1282"
1791506868.887,"P,49698,1282"
1791506868.887,"P,49698,1282"
1791506868.887,"P,49698,1282"
1791506868.887,"P,49699,1282"
1791506868.887,"P,49700,1282"
1791506868.887,"P,49702,1282"
1791506868.887,"P,49705,618"
1791506868.887,"P,49705,618"
1791506868.887,"P,49705,618"
1791506868.887,"P,49706,618"
1791506868.887,"P,49707,618"
1791506869.092,"P,49777,28"
1791506869.092,"B,49776,10,5c:62:8b:66:67:d2,6076,8,13654,24,-46,A,5c:62:8b:66:67:d2,0,4,0,4"
1791506869.092,"B,49776,10,72:3b:01:24:b7:c8,224,8,5746,5,-34,S,5c:62:8b:66:67:d2,8,0,0,0"
1791506869.092,"B,49776,10,cc:b8:5e:ad:5c:4a,13374,14,330,3,-45,S,5c:62:8b:66:67:d2,1,5,0,8"
1791506869.092,"B,49776,10,b2:db:ca:e6:29:a6,56,2,0,0,-49,S,5c:62:8b:66:67:d2,2,0,0,0"
1791506869.092,"P,49778,1282"
1791506869.092,"P,49778,1282"
1791506869.092,"P,49778,1282"
1791506869.092,"P,49779,1282"
1791506869.092,"P,49780,1282"
1791506869.092,"P,49780,1282"
1791506869.092,"P,49781,1282"
1791506869.092,"P,49781,1282"
1791506869.092,"P,49781,1282"
1791506869.092,"P,49782,1282"
1791506869.092,"P,49782,1282"
1791506869.092,"P,49782,1282"
1791506869.092,"P,49787,1282"
1791506869.092,"P,49787,1282"
1791506869.092,"P,49788,1282"
1791506869.092,"P,49792,1282"
1791506869.092,"P,49795,1282"
1791506869.092,"P,49795,1282"
1791506869.092,"P,49795,1282"
1791506869.092,"P,49795,814"
1791506869.092,"P,49800,1282"
1791506869.092,"P,49800,814"
1791506869.092,"P,49801,1282"
1791506869.092,"P,49801,814"
1791506869.092,"P,49804,1282"
1791506869.092,"P,49805,814"
1791506869.092,"P,49807,814"
1791506869.092,"P,49811,814"
1791506869.092,"P,49815,1282"
1791506869.092,"P,49857,1282"
1791506869.092,"P,49857,1282"
1791506869.092,"B,49876,10,5c:62:8b:66:67:d2,16248,24,37186,40,-46,A,5c:62:8b:66:67:d2,0,12,1,11"
1791506869.092,"B,49876,10,72:3b:01:24:b7:c8,224,8,14916,12,-35,S,5c:62:8b:66:67:d2,8,0,0,0"
1791506869.092,"B,49876,10,cc:b8:5e:ad:5c:4a,36934,31,1332,12,-45,S,5c:62:8b:66:67:d2,0,0,6,25"
1791506869.092,"B,49876,10,b2:db:ca:e6:29:a6,28,1,0,0,-49,S,5c:62:8b:66:67:d2,1,0,0,0"
1791506869.092,"P,49877,1282"
1791506869.092,"P,49878,338"
1791506869.092,"P,49901,28"
1791506869.092,"P,49902,1282"
1791506869.092,"P,49902,1282"
1791506869.092,"P,49903,1282"
1791506869.092,"P,49903,406"
1791506869.292,"B,49976,10,5c:62:8b:66:67:d2,6202,9,5984,10,-47,A,5c:62:8b:66:67:d2,0,5,0,4"
1791506869.292,"B,49976,10,72:3b:01:24:b7:c8,0,0,5872,6,0,S,5c:62:8b:66:67:d2,0,0,0,0"
1791506869.292,"B,49976,10,cc:b8:5e:ad:5c:4a,5900,7,330,3,-46,S,5c:62:8b:66:67:d2,1,2,0,4"
1791506869.292,"B,49976,10,b2:db:ca:e6:29:a6,84,3,0,0,-49,S,5c:62:8b:66:67:d2,3,0,0,0"
1791506869.292,"P,49980,1282"
1791506869.292,"P,49980,1282"
1791506869.292,"P,49980,1282"
1791506869.292,"P,49980,1282"
1791506869.292,"P,49981,1282"
1791506869.292,"P,49981,1282"
1791506869.292,"P,49982,1282"
1791506869.292,"P,49983,1282"
1791506869.292,"P,49985,1282"
1791506869.292,"P,49986,1282"
1791506869.292,"P,49986,1282"
1791506869.292,"P,49986,1282"
1791506869.292,"P,49987,1282"
1791506869.292,"P,49987,1282"
1791506869.292,"P,49987,1282"
1791506869.292,"P,49989,1282"
1791506869.292,"P,49989,1282"
1791506869.292,"P,49991,1278"
1791506869.292,"P,50034,28"
1791506869.292,"P,50034,28"
1791506869.292,"P,50035,28"
1791506869.292,"P,50035,106"
1791506869.292,"P,50057,1282"
1791506869.292,"P,50057,1282"
1791506869.292,"P,50058,1282"
1791506869.292,"P,50058,1282"
1791506869.292,"P,50058,486"
1791506869.292,"P,50062,113"
1791506869.292,"B,50076,10,5c:62:8b:66:67:d2,13472,16,29157,34,-46,A,5c:62:8b:66:67:d2,0,6,0,10"
1791506869.292,"B,50076,10,72:3b:01:24:b7:c8,168,6,12816,10,-35,S,5c:62:8b:66:67:d2,6,0,0,0"
1791506869.292,"B,50076,10,cc:b8:5e:ad:5c:4a,28989,28,656,6,-47,S,5c:62:8b:66:67:d2,3,3,0,22"
1791506869.292,"I,50094,stat,rx=19714,drops=0,ch=10,bin=100,hop=0,heap=202024"
1791506869.292,"P,50099,126"
1791506869.292,"P,50099,1282"
1791506869.292,"P,50100,126"
1791506869.292,"P,50100,1282"
1791506869.292,"P,50100,1282"
1791506869.292,"P,50100,1282"
1791506869.292,"P,50101,1282"
1791506869.292,"P,50101,1282"
1791506869.292,"P,50101,1282"
1791506869.292,"P,50101,1282"
1791506869.292,"P,50110,1282"
1791506869.292,"P,50110,1282"
1791506869.292,"P,50110,1282"
1791506869.292,"P,50111,1282"
1791506869.292,"P,50111,1282"
1791506869.292,"P,50112,1282"
1791506869.292,"P,50112,1282"
1791506869.292,"P,50112,1282"
1791506869.292,"P,50112,1282"
1791506869.292,"P,50112,1282"
1791506869.292,"P,50113,1282"
1791506869.292,"P,50113,1282"
1791506869.292,"P,50113,1282"
1791506869.292,"P,50113,1282"
1791506869.292,"P,50113,1282"
1791506869.292,"P,50114,1282"
1791506869.292,"P,50114,1282"
1791506869.292,"P,50114,1282"
1791506869.292,"P,50114,1282"
1791506869.292,"P,50115,1282"
1791506869.292,"P,50115,1282"
1791506869.292,"P,50115,1282"
1791506869.292,"P,50117,1282"
1791506869.292,"P,50118,1282"
1791506869.292,"P,50119,1282"
1791506869.292,"P,50119,1282"
1791506869.292,"P,50119,1282"
1791506869.292,"P,50119,1282"
1791506869.292,"P,50120,1282"
1791506869.292,"P,50122,1282"
1791506869.497,"P,50125,1282"
1791506869.497,"P,50126,1282"
1791506869.497,"P,50126,1282"
1791506869.497,"P,50127,1282"
1791506869.497,"P,50127,1282"
1791506869.497,"P,50127,1282"
1791506869.497,"P,50130,1282"
1791506869.497,"P,50132,1282"
1791506869.497,"P,50138,1282"
1791506869.497,"P,50139,1282"
1791506869.497,"P,50139,1282"
1791506869.497,"P,50140,1282"
1791506869.497,"P,50140,1282"
1791506869.497,"P,50143,1282"
1791506869.497,"P,50143,1282"
1791506869.497,"P,50143,1282"
1791506869.497,"P,50143,1282"
1791506869.497,"P,50143,1282"
1791506869.497,"P,50144,1282"
1791506869.497,"P,50145,28"
1791506869.497,"P,50146,1282"
1791506869.497,"P,50146,1282"
1791506869.497,"P,50147,1282"
1791506869.497,"P,50147,1282"
1791506869.497,"P,50148,1282"
1791506869.497,"P,50148,1282"
1791506869.497,"P,50148,1282"
1791506869.497,"P,50149,1282"
1791506869.497,"P,50149,1282"
1791506869.497,"P,50152,1282"
1791506869.497,"P,50156,1282"
1791506869.497,"P,50157,1282"
1791506869.497,"P,50157,1282"
1791506869.497,"P,50158,1282"
1791506869.497,"P,50158,1282"
1791506869.497,"P,50160,1282"
1791506869.497,"P,50161,1282"
1791506869.497,"P,50161,1282"
1791506869.497,"P,50161,1282"
1791506869.497,"P,50162,1282"
1791506869.497,"P,50162,1282"
1791506869.497,"P,50163,1282"
1791506869.497,"P,50171,1282"
1791506869.497,"P,50171,1282"
1791506869.497,"P,50171,1282"
1791506869.497,"P,50171,1282"
1791506869.497,"P,50172,1282"
1791506869.497,"P,50173,1282"
1791506869.497,"P,50173,1282"
1791506869.497,"P,50174,1282"
1791506869.497,"P,50174,1282"
1791506869.497,"P,50174,1282"
1791506869.497,"P,50174,1282"
1791506869.497,"B,50176,10,5c:62:8b:66:67:d2,49870,59,115716,95,-46,A,5c:62:8b:66:67:d2,0,22,0,37"
1791506869.497,"B,50176,10,72:3b:01:24:b7:c8,0,0,47560,38,0,S,5c:62:8b:66:67:d2,0,0,0,0"
1791506869.497,"B,50176,10,cc:b8:5e:ad:5c:4a,115660,93,2310,21,-46,S,5c:62:8b:66:67:d2,1,2,0,90"
1791506869.497,"B,50176,10,b2:db:ca:e6:29:a6,56,2,0,0,-49,S,5c:62:8b:66:67:d2,2,0,0,0"
1791506869.497,"P,50184,1282"
1791506869.497,"P,50187,1282"
1791506869.497,"P,50187,1282"
1791506869.497,"P,50187,1282"
1791506869.497,"P,50187,1282"
1791506869.497,"P,50188,1282"
1791506869.497,"P,50188,1282"
1791506869.497,"P,50188,1282"
1791506869.497,"P,50188,1282"
1791506869.497,"P,50190,1282"
1791506869.497,"P,50192,1282"
1791506869.497,"P,50195,1282"
1791506869.497,"P,50195,1282"
1791506869.497,"P,50195,1282"
1791506869.497,"P,50196,1282"
1791506869.497,"P,50198,1282"
1791506869.497,"P,50201,1282"
1791506869.497,"P,50201,1282"
1791506869.497,"P,50201,1282"
1791506869.497,"P,50201,1282"
1791506869.497,"P,50202,1282"
1791506869.497,"P,50202,1282"
1791506869.497,"P,50202,1282"
1791506869.497,"P,50202,1282"
1791506869.497,"P,50202,1282"
1791506869.497,"P,50203,1282"
1791506869.497,"P,50211,1282"
1791506869.497,"P,50211,1282"
1791506869.497,"P,50212,1282"
1791506869.497,"P,50212,1282"
1791506869.497,"P,50213,1282"
1791506869.497,"P,50213,1282"
1791506869.497,"P,50213,1282"
1791506869.497,"P,50213,1282"
1791506869.497,"P,50214,1282"
1791506869.497,"P,50214,1282"
1791506869.497,"P,50215,1282"
1791506869.497,"P,50215,1282"
1791506869.497,"P,50215,1282"
1791506869.497,"P,50215,1282"
1791506869.497,"P,50216,1282"
1791506869.497,"P,50216,1282"
1791506869.497,"P,50220,1282"
1791506869.497,"P,50223,1282"
1791506869.497,"P,50226,1282"
1791506869.497,"P,50228,1282"
1791506869.497,"P,50230,1282"
1791506869.497,"P,50230,1282"
1791506869.497,"P,50230,1282"
1791506869.497,"P,50230,1282"
1791506869.497,"P,50231,1282"
1791506869.497,"P,50231,1282"
1791506869.497,"P,50231,1282"
1791506869.497,"P,50231,1282"
1791506869.497,"P,50231,1282"
1791506869.497,"P,50231,1282"
1791506869.497,"P,50232,1282"
1791506869.497,"P,50236,1282"
1791506869.497,"P,50241,28"
1791506869.497,"P,50242,1282"
1791506869.497,"P,50243,1282"
1791506869.497,"P,50247,1282"
1791506869.497,"P,50247,1282"
1791506869.497,"P,50247,1282"
1791506869.497,"P,50248,1154"
1791506869.497,"P,50248,1282"
1791506869.497,"P,50249,1282"
1791506869.497,"P,50250,1282"
1791506869.497,"P,50250,1282"
1791506869.497,"P,50250,442"
1791506869.497,"P,50251,106"
1791506869.497,"P,50258,1282"
1791506869.497,"P,50258,1282"
1791506869.497,"P,50259,1282"
1791506869.497,"P,50259,1282"
1791506869.497,"P,50260,1282"
1791506869.497,"P,50260,1282"
1791506869.497,"P,50260,1282"
1791506869.497,"P,50260,1282"
1791506869.497,"P,50260,998"
1791506869.497,"B,50276,10,5c:62:8b:66:67:d2,69151,86,98934,82,-46,A,5c:62:8b:66:67:d2,0,35,2,49"
1791506869.497,"B,50276,10,72:3b:01:24:b7:c8,0,0,65412,52,0,S,5c:62:8b:66:67:d2,0,0,0,0"
1791506869.497,"B,50276,10,cc:b8:5e:ad:5c:4a,98878,80,3739,34,-46,S,5c:62:8b:66:67:d2,1,2,2,75"
1791506869.497,"B,50276,10,b2:db:ca:e6:29:a6,56,2,0,0,-49,S,5c:62:8b:66:67:d2,2,0,0,0"
1791506869.497,"P,50297,1282"
1791506869.497,"P,50297,1282"
1791506869.497,"P,50298,1282"
1791506869.497,"P,50298,1282"
1791506869.497,"P,50298,1282"
1791506869.497,"P,50298,310"
1791506869.497,"P,50300,1282"
1791506869.497,"P,50300,1282"
1791506869.497,"P,50303,1282"
1791506869.497,"P,50306,1282"
1791506869.497,"P,50306,1282"
1791506869.497,"P,50307,1282"
1791506869.497,"P,50307,310"
1791506869.703,"B,50376,10,5c:62:8b:66:67:d2,0,0,14890,19,-50,A,5c:62:8b:66:67:d2,0,0,0,0"
1791506869.703,"B,50376,10,72:3b:01:24:b7:c8,168,6,0,0,-34,S,5c:62:8b:66:67:d2,6,0,0,0"
1791506869.703,"B,50376,10,cc:b8:5e:ad:5c:4a,14722,13,0,0,-45,S,5c:62:8b:66:67:d2,0,2,0,11"
1791506869.703,"B,50376,10,b0:a7:b9:23:82:ee,0,0,30,1,-88,A,b0:a7:b9:23:82:ee,0,0,0,0"
1791506869.703,"B,50376,10,f2:51:4e:f8:1a:7f,30,1,0,0,-91,S,b0:a7:b9:23:82:ee,1,0,0,0"
1791506869.703,"P,50390,28"
1791506869.703,"P,50391,1282"
1791506869.703,"P,50391,1282"
1791506869.703,"P,50391,1282"
1791506869.703,"P,50391,1282"
1791506869.703,"P,50392,1282"
1791506869.703,"P,50392,1282"
1791506869.703,"P,50392,1282"
1791506869.703,"P,50392,1282"
1791506869.703,"P,50393,1282"
1791506869.703,"P,50393,1282"
1791506869.703,"P,50394,1282"
1791506869.703,"P,50397,1282"
1791506869.703,"P,50400,1282"
1791506869.703,"P,50400,1282"
1791506869.703,"P,50401,1282"
1791506869.703,"P,50405,1282"
1791506869.703,"P,50405,1282"
1791506869.703,"P,50406,1282"
1791506869.703,"P,50406,1282"
1791506869.703,"P,50408,1282"
1791506869.703,"P,50408,1282"
1791506869.703,"P,50409,1282"
1791506869.703,"P,50409,1282"
1791506869.703,"P,50409,1130"
1791506869.703,"P,50410,1282"
1791506869.703,"P,50457,1282"
1791506869.703,"P,50457,1098"
1791506869.703,"P,50457,1282"
1791506869.703,"P,50458,1282"
1791506869.703,"B,50476,10,5c:62:8b:66:67:d2,21943,30,36926,32,-46,A,5c:62:8b:66:67:d2,0,14,2,14"
1791506869.703,"B,50476,10,72:3b:01:24:b7:c8,0,0,20733,19,0,S,5c:62:8b:66:67:d2,0,0,0,0"
1791506869.703,"B,50476,10,cc:b8:5e:ad:5c:4a,36870,30,1210,11,-46,S,5c:62:8b:66:67:d2,1,0,2,27"
1791506869.703,"B,50476,10,b2:db:ca:e6:29:a6,56,2,0,0,-49,S,5c:62:8b:66:67:d2,2,0,0,0"
1791506869.703,"P,50498,28"
1791506869.703,"P,50498,1282"
1791506869.703,"P,50498,1282"
1791506869.703,"P,50499,1282"
1791506869.703,"P,50499,494"
1791506869.703,"P,50499,1282"
1791506869.703,"P,50500,494"
1791506869.905,"B,50576,10,5c:62:8b:66:67:d2,4670,7,6312,13,-46,A,5c:62:8b:66:67:d2,0,4,0,3"
1791506869.905,"B,50576,10,72:3b:01:24:b7:c8,112,4,4340,4,-34,S,5c:62:8b:66:67:d2,4,0,0,0"
1791506869.905,"B,50576,10,cc:b8:5e:ad:5c:4a,6144,7,330,3,-46,S,5c:62:8b:66:67:d2,1,2,0,4"
1791506869.905,"B,50576,10,b2:db:ca:e6:29:a6,56,2,0,0,-49,S,5c:62:8b:66:67:d2,2,0,0,0"
1791506869.905,"P,50581,1282"
1791506869.905,"P,50581,1282"
1791506869.905,"P,50582,1282"
1791506869.905,"P,50582,1282"
1791506869.905,"P,50582,1282"
1791506869.905,"P,50598,1282"
1791506869.905,"P,50598,1282"
1791506869.905,"P,50598,682"
1791506869.905,"P,50599,1282"
1791506869.905,"P,50599,682"
1791506869.905,"P,50600,1282"
1791506869.905,"P,50600,682"
1791506869.905,"P,50600,1282"
1791506869.905,"P,50600,682"
1791506869.905,"P,50602,682"
1791506869.905,"P,50657,28"
1791506869.905,"P,50657,1282"
1791506869.905,"P,50658,1282"
1791506869.905,"P,50658,806"
1791506869.905,"P,50658,1282"
1791506869.905,"P,50658,806"
1791506869.905,"B,50676,10,5c:62:8b:66:67:d2,8814,11,21772,23,-46,A,5c:62:8b:66:67:d2,0,5,0,6"
1791506869.905,"B,50676,10,72:3b:01:24:b7:c8,56,2,8374,7,-33,S,5c:62:8b:66:67:d2,2,0,0,0"
1791506869.905,"B,50676,10,cc:b8:5e:ad:5c:4a,21716,21,440,4,-46,S,5c:62:8b:66:67:d2,1,5,2,13"
1791506869.905,"P,50697,1282"
1791506869.905,"P,50697,1282"
1791506869.905,"P,50700,1282"
1791506869.905,"P,50700,622"
1791506869.905,"P,50701,1282"
1791506869.905,"P,50701,622"
1791506869.905,"P,50701,1282"
1791506869.905,"P,50701,622"
1791506869.905,"P,50702,1282"
1791506869.905,"P,50702,622"
1791506869.905,"P,50704,1282"
1791506869.905,"P,50706,622"
1791506870.108,"B,50776,10,5c:62:8b:66:67:d2,8523,12,12140,14,-47,A,5c:62:8b:66:67:d2,0,6,1,5"
1791506870.108,"B,50776,10,72:3b:01:24:b7:c8,0,0,8193,9,0,S,5c:62:8b:66:67:d2,0,0,0,0"
1791506870.108,"B,50776,10,cc:b8:5e:ad:5c:4a,12084,12,330,3,-45,S,5c:62:8b:66:67:d2,0,5,0,7"
1791506870.108,"B,50776,10,b2:db:ca:e6:29:a6,56,2,0,0,-47,S,5c:62:8b:66:67:d2,2,0,0,0"
1791506870.108,"P,50777,28"
1791506870.108,"P,50778,1282"
1791506870.108,"P,50778,1282"
1791506870.108,"P,50778,1282"
1791506870.108,"P,50779,1282"
1791506870.108,"P,50779,1282"
1791506870.108,"P,50779,1282"
1791506870.108,"P,50781,1282"
1791506870.108,"P,50781,1282"
1791506870.108,"P,50781,1282"
1791506870.108,"P,50781,1282"
1791506870.108,"P,50786,1282"
1791506870.108,"P,50787,1282"
1791506870.108,"P,50787,502"
1791506870.108,"P,50787,1282"
1791506870.108,"P,50787,502"
1791506870.108,"P,50788,1282"
1791506870.108,"P,50788,502"
1791506870.108,"P,50857,1282"
1791506870.108,"P,50857,1282"
1791506870.108,"P,50858,1282"
1791506870.108,"P,50858,1282"
1791506870.108,"P,50858,1178"
1791506870.108,"B,50876,10,5c:62:8b:66:67:d2,8132,10,25928,28,-47,A,5c:62:8b:66:67:d2,0,4,0,6"
1791506870.108,"B,50876,10,72:3b:01:24:b7:c8,112,4,7692,6,-36,S,5c:62:8b:66:67:d2,4,0,0,0"
1791506870.108,"B,50876,10,cc:b8:5e:ad:5c:4a,25788,23,440,4,-46,S,5c:62:8b:66:67:d2,1,3,1,18"
1791506870.108,"B,50876,10,b2:db:ca:e6:29:a6,28,1,0,0,-49,S,5c:62:8b:66:67:d2,1,0,0,0"
1791506870.108,"P,50899,28"
1791506870.108,"P,50900,1282"
1791506870.108,"P,50903,1282"
1791506870.108,"P,50904,1282"
1791506870.108,"P,50906,1282"
1791506870.108,"P,50906,1282"
1791506870.108,"P,50906,310"
1791506870.108,"P,50907,1282"
1791506870.108,"P,50907,1282"
1791506870.108,"P,50907,310"
1791506870.108,"P,50908,1282"
1791506870.108,"P,50910,1282"
1791506870.108,"P,50913,1282"
1791506870.108,"P,50913,310"
1791506870.314,"P,50976,1282"
1791506870.314,"B,50976,10,5c:62:8b:66:67:d2,8668,14,15256,22,-46,A,5c:62:8b:66:67:d2,0,8,1,5"
1791506870.314,"B,50976,10,72:3b:01:24:b7:c8,112,4,7898,7,-36,S,5c:62:8b:66:67:d2,4,0,0,0"
1791506870.314,"B,50976,10,cc:b8:5e:ad:5c:4a,15060,15,770,7,-44,S,5c:62:8b:66:67:d2,1,3,0,11"
1791506870.314,"B,50976,10,b2:db:ca:e6:29:a6,84,3,0,0,-48,S,5c:62:8b:66:67:d2,3,0,0,0"
1791506870.314,"P,50977,1282"
1791506870.314,"P,50977,1282"
1791506870.314,"P,50977,1282"
1791506870.314,"P,50977,1282"
1791506870.314,"P,50978,1282"
1791506870.314,"P,50978,1282"
1791506870.314,"P,50978,1282"
1791506870.314,"P,50979,1282"
1791506870.314,"P,50979,1282"
1791506870.314,"P,51005,28"
1791506870.314,"P,51007,1282"
1791506870.314,"P,51007,1282"
1791506870.314,"P,51007,1282"
1791506870.314,"P,51007,1282"
1791506870.314,"P,51008,1282"
1791506870.314,"P,51008,1282"
1791506870.314,"P,51008,710"
1791506870.314,"P,51009,1282"
1791506870.314,"P,51010,1282"
1791506870.314,"P,51011,1282"
1791506870.314,"P,51012,710"
1791506870.314,"P,51057,1282"
1791506870.314,"P,51057,1282"
1791506870.314,"P,51058,366"
1791506870.314,"B,51076,10,5c:62:8b:66:67:d2,14776,20,27482,25,-47,A,5c:62:8b:66:67:d2,0,9,1,10"
1791506870.314,"B,51076,10,72:3b:01:24:b7:c8,0,0,13896,12,0,S,5c:62:8b:66:67:d2,0,0,0,0"
1791506870.314,"B,51076,10,cc:b8:5e:ad:5c:4a,27454,24,880,8,-46,S,5c:62:8b:66:67:d2,1,1,2,20"
1791506870.314,"B,51076,10,b2:db:ca:e6:29:a6,28,1,0,0,-48,S,5c:62:8b:66:67:d2,1,0,0,0"
1791506870.314,"P,51097,1282"
1791506870.314,"P,51098,1282"
1791506870.314,"P,51098,1282"
1791506870.314,"P,51098,478"
1791506870.519,"B,51176,10,5c:62:8b:66:67:d2,4764,8,4408,7,-47,A,5c:62:8b:66:67:d2,0,5,0,3"
1791506870.519,"B,51176,10,72:3b:01:24:b7:c8,56,2,4324,4,-35,S,5c:62:8b:66:67:d2,2,0,0,0"
1791506870.519,"B,51176,10,cc:b8:5e:ad:5c:4a,4324,4,440,4,-43,S,5c:62:8b:66:67:d2,0,1,0,3"
1791506870.519,"B,51176,10,b2:db:ca:e6:29:a6,28,1,0,0,-48,S,5c:62:8b:66:67:d2,1,0,0,0"
1791506870.519,"B,51176,10,b0:a7:b9:23:82:ee,0,0,30,1,-89,A,b0:a7:b9:23:82:ee,0,0,0,0"
1791506870.519,"B,51176,10,f2:51:4e:f8:1a:7f,30,1,0,0,-92,S,b0:a7:b9:23:82:ee,1,0,0,0"
1791506870.519,"P,51180,28"
1791506870.519,"P,51180,1282"
1791506870.519,"P,51180,1282"
1791506870.519,"P,51181,1282"
1791506870.519,"P,51181,1282"
1791506870.519,"P,51181,1282"
1791506870.519,"P,51212,1282"
1791506870.519,"P,51212,1282"
1791506870.519,"P,51212,1282"
1791506870.519,"P,51213,198"
1791506870.519,"P,51260,1282"
1791506870.519,"P,51260,1282"
1791506870.519,"P,51261,1282"
1791506870.519,"P,51261,1282"
1791506870.519,"B,51276,10,5c:62:8b:66:67:d2,7048,10,15722,18,-46,A,5c:62:8b:66:67:d2,0,5,0,5"
1791506870.519,"B,51276,10,72:3b:01:24:b7:c8,84,3,6608,6,-37,S,5c:62:8b:66:67:d2,3,0,0,0"
1791506870.519,"B,51276,10,cc:b8:5e:ad:5c:4a,15610,14,440,4,-43,S,5c:62:8b:66:67:d2,1,1,0,12"
1791506870.519,"B,51276,10,b2:db:ca:e6:29:a6,28,1,0,0,-47,S,5c:62:8b:66:67:d2,1,0,0,0"
1791506870.519,"B,51276,10,64:d1:54:63:44:f4,91,1,0,0,-91,A,64:d1:54:63:44:f4,1,0,0,0"
1791506870.519,"P,51284,28"
1791506870.519,"P,51284,28"
1791506870.519,"P,51285,28"
1791506870.519,"P,51285,202"
1791506870.519,"P,51297,1282"
1791506870.724,"B,51376,10,5c:62:8b:66:67:d2,186,1,1680,9,-47,A,5c:62:8b:66:67:d2,0,1,0,0"
1791506870.724,"B,51376,10,72:3b:01:24:b7:c8,56,2,0,0,-33,S,5c:62:8b:66:67:d2,2,0,0,0"
1791506870.724,"B,51376,10,cc:b8:5e:ad:5c:4a,1568,5,186,1,-45,S,5c:62:8b:66:67:d2,3,1,0,1"
1791506870.724,"B,51376,10,b2:db:ca:e6:29:a6,56,2,0,0,-46,S,5c:62:8b:66:67:d2,2,0,0,0"
1791506870.724,"P,51417,1282"
1791506870.724,"P,51417,1282"
1791506870.724,"P,51418,1282"
1791506870.724,"P,51418,1282"
1791506870.724,"P,51421,1282"
1791506870.724,"P,51422,28"
1791506870.724,"P,51423,1282"
1791506870.724,"P,51424,1282"
1791506870.724,"P,51424,626"
1791506870.724,"P,51424,1282"
1791506870.724,"P,51425,1282"
1791506870.724,"P,51425,1282"
1791506870.724,"P,51426,1282"
1791506870.724,"P,51426,1282"
1791506870.724,"P,51433,1282"
1791506870.724,"P,51438,1282"
1791506870.724,"P,51438,1282"
1791506870.724,"P,51439,1282"
1791506870.724,"P,51439,1282"
1791506870.724,"P,51440,1282"
1791506870.724,"P,51440,1282"
1791506870.724,"P,51440,482"
1791506870.724,"P,51441,1282"
1791506870.724,"P,51441,1282"
1791506870.724,"P,51441,1282"
1791506870.724,"P,51441,482"
1791506870.724,"P,51442,1282"
1791506870.724,"P,51442,1282"
1791506870.724,"P,51442,482"
1791506870.724,"P,51443,1282"
1791506870.724,"P,51443,1282"
1791506870.724,"P,51443,482"
1791506870.724,"P,51445,1282"
1791506870.724,"P,51448,1282"
1791506870.724,"P,51451,1282"
1791506870.724,"P,51452,482"
1791506870.724,"P,51456,1282"
1791506870.724,"P,51456,1190"
1791506870.724,"B,51476,10,5c:62:8b:66:67:d2,28645,39,42910,45,-46,A,5c:62:8b:66:67:d2,0,19,1,19"
1791506870.724,"B,51476,10,72:3b:01:24:b7:c8,140,5,27105,25,-33,S,5c:62:8b:66:67:d2,5,0,0,0"
1791506870.724,"B,51476,10,cc:b8:5e:ad:5c:4a,42714,38,1540,14,-43,S,5c:62:8b:66:67:d2,1,6,1,30"
1791506870.724,"B,51476,10,b2:db:ca:e6:29:a6,56,2,0,0,-47,S,5c:62:8b:66:67:d2,2,0,0,0"
1791506870.724,"P,51498,1282"
1791506870.724,"P,51498,1282"
1791506870.724,"P,51499,1282"
1791506870.724,"P,51499,738"
1791506870.925,"B,51576,10,5c:62:8b:66:67:d2,9582,11,4696,8,-46,A,5c:62:8b:66:67:d2,0,2,4,5"
1791506870.925,"B,51576,10,72:3b:01:24:b7:c8,56,2,9362,9,-37,S,5c:62:8b:66:67:d2,2,0,0,0"
1791506870.925,"B,51576,10,cc:b8:5e:ad:5c:4a,4584,4,220,2,-44,S,5c:62:8b:66:67:d2,0,0,1,3"
1791506870.925,"B,51576,10,b2:db:ca:e6:29:a6,56,2,0,0,-47,S,5c:62:8b:66:67:d2,2,0,0,0"
1791506870.925,"P,51577,28"
1791506870.925,"P,51578,1282"
1791506870.925,"P,51578,1282"
1791506870.925,"P,51579,1282"
1791506870.925,"P,51579,1282"
1791506870.925,"P,51579,1282"
1791506870.925,"P,51623,1282"
1791506870.925,"P,51623,1282"
1791506870.925,"P,51623,898"
1791506870.925,"P,51625,1282"
1791506870.925,"P,51625,1282"
1791506870.925,"P,51625,898"
1791506870.925,"P,51657,1282"
1791506870.925,"P,51658,1282"
1791506870.925,"P,51658,1282"
1791506870.925,"P,51659,1282"
1791506870.925,"P,51659,1238"
1791506870.925,"B,51676,10,5c:62:8b:66:67:d2,15073,19,19784,19,-46,A,5c:62:8b:66:67:d2,0,8,0,11"
1791506870.925,"B,51676,10,72:3b:01:24:b7:c8,0,0,14413,13,0,S,5c:62:8b:66:67:d2,0,0,0,0"
1791506870.925,"B,51676,10,cc:b8:5e:ad:5c:4a,19728,17,660,6,-43,S,5c:62:8b:66:67:d2,1,0,2,14"
1791506870.925,"B,51676,10,b2:db:ca:e6:29:a6,56,2,0,0,-47,S,5c:62:8b:66:67:d2,2,0,0,0"
1791506870.925,"P,51697,28"
1791506870.925,"P,51698,1282"
1791506870.925,"P,51698,1282"
1791506870.925,"P,51699,1282"
1791506870.925,"P,51699,1282"
1791506870.925,"P,51699,654"
1791506871.125,"B,51776,10,5c:62:8b:66:67:d2,5374,7,5866,8,-46,A,5c:62:8b:66:67:d2,0,4,0,3"
1791506871.125,"B,51776,10,72:3b:01:24:b7:c8,0,0,5154,5,0,S,5c:62:8b:66:67:d2,0,0,0,0"
1791506871.125,"B,51776,10,cc:b8:5e:ad:5c:4a,5810,6,220,2,-43,S,5c:62:8b:66:67:d2,1,1,0,4"
1791506871.125,"B,51776,10,b2:db:ca:e6:29:a6,56,2,0,0,-47,S,5c:62:8b:66:67:d2,2,0,0,0"
1791506871.125,"P,51778,1282"
1791506871.125,"P,51778,1282"
1791506871.125,"P,51779,1282"
1791506871.125,"P,51779,1282"
1791506871.125,"P,51779,1282"
1791506871.125,"P,51785,1282"
1791506871.125,"P,51785,1282"
1791506871.125,"P,51786,1282"
1791506871.125,"P,51786,802"
1791506871.125,"P,51857,28"
1791506871.125,"P,51858,1282"
1791506871.125,"P,51858,1282"
1791506871.125,"P,51858,1282"
1791506871.125,"P,51858,570"
1791506871.125,"P,51859,1282"
1791506871.125,"P,51859,1282"
1791506871.125,"P,51859,1282"
1791506871.125,"P,51860,570"
1791506871.125,"P,51861,1282"
1791506871.125,"P,51861,1282"
1791506871.125,"P,51862,1282"
1791506871.125,"P,51862,570"
1791506871.125,"P,51864,1282"
1791506871.125,"P,51866,1282"
1791506871.125,"P,51869,1282"
1791506871.125,"P,51870,570"
1791506871.125,"P,51872,570"
1791506871.125,"P,51875,570"
1791506871.125,"B,51876,10,5c:62:8b:66:67:d2,12048,18,30366,45,-46,A,5c:62:8b:66:67:d2,0,9,1,8"
1791506871.125,"B,51876,10,72:3b:01:24:b7:c8,420,15,11058,9,-36,S,5c:62:8b:66:67:d2,15,0,0,0"
1791506871.125,"B,51876,10,cc:b8:5e:ad:5c:4a,29890,28,990,9,-42,S,5c:62:8b:66:67:d2,1,6,1,20"
1791506871.125,"B,51876,10,b2:db:ca:e6:29:a6,56,2,0,0,-47,S,5c:62:8b:66:67:d2,2,0,0,0"
1791506871.125,"P,51897,1282"
1791506871.125,"P,51936,1282"
1791506871.125,"P,51937,1282"
1791506871.125,"P,51937,790"
1791506871.330,"B,51976,10,5c:62:8b:66:67:d2,3464,6,4748,8,-46,A,5c:62:8b:66:67:d2,0,4,0,2"
1791506871.330,"B,51976,10,72:3b:01:24:b7:c8,56,2,3134,3,-37,S,5c:62:8b:66:67:d2,2,0,0,0"
1791506871.330,"B,51976,10,cc:b8:5e:ad:5c:4a,4636,4,330,3,-42,S,5c:62:8b:66:67:d2,0,0,1,3"
1791506871.330,"B,51976,10,b2:db:ca:e6:29:a6,56,2,0,0,-47,S,5c:62:8b:66:67:d2,2,0,0,0"
1791506871.330,"P,51977,28"
1791506871.330,"P,51978,1282"
1791506871.330,"P,51978,1282"
1791506871.330,"P,51979,1282"
1791506871.330,"P,51979,1282"
1791506871.330,"P,51979,1282"
1791506871.330,"P,52033,1282"
1791506871.330,"P,52033,1282"
1791506871.330,"P,52034,1282"
1791506871.330,"P,52034,1282"
1791506871.330,"P,52035,1282"
1791506871.330,"P,52035,1282"
1791506871.330,"P,52035,1282"
1791506871.330,"P,52035,1282"
1791506871.330,"P,52036,1282"
1791506871.330,"P,52036,1282"
1791506871.330,"P,52037,1282"
1791506871.330,"P,52041,1282"
1791506871.330,"P,52041,1282"
1791506871.330,"P,52042,818"
1791506871.330,"P,52058,1282"
1791506871.330,"P,52058,1282"
1791506871.330,"P,52058,1282"
1791506871.330,"P,52058,274"
1791506871.330,"B,52076,10,5c:62:8b:66:67:d2,17744,30,28070,25,-46,A,5c:62:8b:66:67:d2,0,17,2,11"
1791506871.330,"B,52076,10,72:3b:01:24:b7:c8,0,0,15984,14,0,S,5c:62:8b:66:67:d2,0,0,0,0"
1791506871.330,"B,52076,10,cc:b8:5e:ad:5c:4a,28042,24,1760,16,-43,S,5c:62:8b:66:67:d2,1,1,1,21"
1791506871.330,"B,52076,10,b2:db:ca:e6:29:a6,28,1,0,0,-47,S,5c:62:8b:66:67:d2,1,0,0,0"
1791506871.330,"P,52097,28"
1791506871.330,"P,52098,1282"
1791506871.330,"P,52098,1282"
1791506871.330,"P,52098,1282"
1791506871.330,"P,52098,978"
1791506871.330,"P,52099,978"
1791506871.535,"B,52176,10,5c:62:8b:66:67:d2,220,2,5970,11,-46,A,5c:62:8b:66:67:d2,0,2,0,0"
1791506871.535,"B,52176,10,72:3b:01:24:b7:c8,84,3,0,0,-34,S,5c:62:8b:66:67:d2,3,0,0,0"
1791506871.535,"B,52176,10,cc:b8:5e:ad:5c:4a,5830,6,220,2,-43,S,5c:62:8b:66:67:d2,1,0,2,3"
1791506871.535,"B,52176,10,b2:db:ca:e6:29:a6,56,2,0,0,-47,S,5c:62:8b:66:67:d2,2,0,0,0"
1791506871.535,"P,52178,1282"
1791506871.535,"P,52178,1282"
1791506871.535,"P,52179,1282"
1791506871.535,"P,52179,1282"
1791506871.535,"P,52179,1282"
1791506871.535,"P,52240,28"
1791506871.535,"P,52241,1282"
1791506871.535,"P,52241,1282"
1791506871.535,"P,52242,1282"
1791506871.535,"P,52242,1282"
1791506871.535,"P,52243,1282"
1791506871.535,"P,52243,1282"
1791506871.535,"P,52244,1282"
1791506871.535,"P,52244,1282"
1791506871.535,"P,52247,314"
1791506871.535,"P,52247,314"
1791506871.535,"P,52248,314"
1791506871.535,"P,52251,314"
1791506871.535,"P,52258,1282"
1791506871.535,"P,52258,1282"
1791506871.535,"P,52258,682"
1791506871.535,"B,52276,10,5c:62:8b:66:67:d2,20154,27,21364,27,-46,A,5c:62:8b:66:67:d2,0,13,0,14"
1791506871.535,"B,52276,10,72:3b:01:24:b7:c8,112,4,18944,16,-35,S,5c:62:8b:66:67:d2,4,0,0,0"
1791506871.535,"B,52276,10,cc:b8:5e:ad:5c:4a,21196,21,1210,11,-43,S,5c:62:8b:66:67:d2,1,5,0,15"
1791506871.535,"B,52276,10,b2:db:ca:e6:29:a6,56,2,0,0,-47,S,5c:62:8b:66:67:d2,2,0,0,0"
1791506871.535,"P,52297,1282"
1791506871.535,"P,52298,1282"
1791506871.535,"P,52298,1282"
1791506871.535,"P,52298,458"
1791506871.737,"P,52377,28"
1791506871.737,"B,52376,10,5c:62:8b:66:67:d2,1502,3,4360,6,-46,A,5c:62:8b:66:67:d2,0,2,0,1"
1791506871.737,"B,52376,10,72:3b:01:24:b7:c8,0,0,1282,1,0,S,5c:62:8b:66:67:d2,0,0,0,0"
1791506871.737,"B,52376,10,cc:b8:5e:ad:5c:4a,4332,5,220,2,-43,S,5c:62:8b:66:67:d2,1,1,0,3"
1791506871.737,"B,52376,10,b2:db:ca:e6:29:a6,28,1,0,0,-47,S,5c:62:8b:66:67:d2,1,0,0,0"
1791506871.737,"B,52376,10,78:8c:b5:f5:e7:26,160,2,28,1,-84,A,78:8c:b5:f5:e7:26,2,0,0,0"
1791506871.737,"B,52376,10,00:08:22:24:d6:fb,28,1,0,0,-77,S,78:8c:b5:f5:e7:26,1,0,0,0"
1791506871.737,"P,52379,28"
1791506871.737,"P,52379,1282"
1791506871.737,"P,52379,1282"
1791506871.737,"P,52380,1282"
1791506871.737,"P,52380,1282"
1791506871.737,"P,52380,1282"
1791506871.737,"P,52392,1282"
1791506871.737,"P,52392,1282"
1791506871.737,"P,52392,1006"
1791506871.737,"P,52393,1006"
1791506871.737,"P,52395,1006"
1791506871.737,"P,52458,1282"
1791506871.737,"P,52458,1282"
1791506871.737,"P,52462,1282"
1791506871.737,"P,52462,1282"
1791506871.737,"P,52462,1282"
1791506871.737,"P,52462,1282"
1791506871.737,"P,52462,606"
1791506871.737,"B,52476,10,5c:62:8b:66:67:d2,660,6,20430,22,-46,A,5c:62:8b:66:67:d2,0,6,0,0"
1791506871.737,"B,52476,10,72:3b:01:24:b7:c8,28,1,0,0,-38,S,5c:62:8b:66:67:d2,1,0,0,0"
1791506871.737,"B,52476,10,cc:b8:5e:ad:5c:4a,20318,18,660,6,-43,S,5c:62:8b:66:67:d2,1,1,3,13"
1791506871.737,"B,52476,10,b2:db:ca:e6:29:a6,84,3,0,0,-47,S,5c:62:8b:66:67:d2,3,0,0,0"
1791506871.737,"B,52476,10,b0:a7:b9:23:82:ee,0,0,30,1,-89,A,b0:a7:b9:23:82:ee,0,0,0,0"
1791506871.737,"B,52476,10,f2:51:4e:f8:1a:7f,30,1,0,0,-93,S,b0:a7:b9:23:82:ee,1,0,0,0"
1791506871.737,"P,52548,28"
1791506871.737,"P,52548,1282"
1791506871.737,"P,52549,1282"
1791506871.737,"P,52549,1282"
1791506871.737,"P,52549,1282"
1791506871.737,"P,52550,834"
1791506871.940,"P,52577,1282"
1791506871.940,"B,52576,10,5c:62:8b:66:67:d2,12368,16,7328,9,-46,A,5c:62:8b:66:67:d2,0,7,1,8"
1791506871.940,"B,52576,10,72:3b:01:24:b7:c8,0,0,11818,11,0,S,5c:62:8b:66:67:d2,0,0,0,0"
1791506871.940,"B,52576,10,cc:b8:5e:ad:5c:4a,7272,7,550,5,-42,S,5c:62:8b:66:67:d2,1,0,1,5"
1791506871.940,"B,52576,10,b2:db:ca:e6:29:a6,56,2,0,0,-48,S,5c:62:8b:66:67:d2,2,0,0,0"
1791506871.940,"P,52577,1282"
1791506871.940,"P,52578,1282"
1791506871.940,"P,52578,1282"
1791506871.940,"P,52578,1282"
1791506871.940,"P,52578,1282"
1791506871.940,"P,52579,1282"
1791506871.940,"P,52579,1282"
1791506871.940,"P,52580,1282"
1791506871.940,"P,52580,1282"
1791506871.940,"P,52580,1282"
1791506871.940,"P,52580,1282"
1791506871.940,"P,52603,1282"
1791506871.940,"P,52603,1282"
1791506871.940,"P,52603,1282"
1791506871.940,"P,52604,1282"
1791506871.940,"P,52604,1282"
1791506871.940,"P,52604,1282"
1791506871.940,"P,52651,28"
1791506871.940,"P,52651,1282"
1791506871.940,"P,52652,1282"
1791506871.940,"P,52652,1282"
1791506871.940,"P,52658,1282"
1791506871.940,"P,52658,158"
1791506871.940,"P,52658,1282"
1791506871.940,"P,52658,1282"
1791506871.940,"P,52659,1282"
1791506871.940,"P,52659,158"
1791506871.940,"P,52660,1282"
1791506871.940,"P,52660,1282"
1791506871.940,"P,52660,854"
1791506871.940,"B,52676,10,5c:62:8b:66:67:d2,20457,29,34614,33,-46,A,5c:62:8b:66:67:d2,0,14,1,14"
1791506871.940,"B,52676,10,72:3b:01:24:b7:c8,28,1,19105,17,-34,S,5c:62:8b:66:67:d2,1,0,0,0"
1791506871.940,"B,52676,10,cc:b8:5e:ad:5c:4a,34530,30,1352,12,-43,S,5c:62:8b:66:67:d2,1,2,1,26"
1791506871.940,"B,52676,10,b2:db:ca:e6:29:a6,56,2,0,0,-50,S,5c:62:8b:66:67:d2,2,0,0,0"
1791506871.940,"P,52697,1282"
1791506871.940,"P,52698,1282"
1791506871.940,"P,52698,1282"
1791506871.940,"P,52698,1062"
1791506871.940,"P,52756,28"
1791506871.940,"P,52757,138"
1791506872.144,"P,52777,1282"
1791506872.144,"B,52776,10,5c:62:8b:66:67:d2,5128,6,6524,13,-46,A,5c:62:8b:66:67:d2,0,2,1,3"
1791506872.144,"B,52776,10,72:3b:01:24:b7:c8,112,4,4908,4,-35,S,5c:62:8b:66:67:d2,4,0,0,0"
1791506872.144,"B,52776,10,cc:b8:5e:ad:5c:4a,6356,7,220,2,-43,S,5c:62:8b:66:67:d2,1,1,1,4"
1791506872.144,"B,52776,10,b2:db:ca:e6:29:a6,56,2,0,0,-51,S,5c:62:8b:66:67:d2,2,0,0,0"
1791506872.144,"P,52780,1282"
1791506872.144,"P,52780,1282"
1791506872.144,"P,52780,1282"
1791506872.144,"P,52780,1282"
1791506872.144,"P,52781,1282"
1791506872.144,"P,52783,1282"
1791506872.144,"P,52784,1282"
1791506872.144,"P,52860,28"
1791506872.144,"P,52861,1282"
1791506872.144,"P,52861,1282"
1791506872.144,"P,52861,1282"
1791506872.144,"P,52861,1282"
1791506872.144,"P,52861,174"
1791506872.144,"P,52862,1282"
1791506872.144,"P,52862,1282"
1791506872.144,"P,52862,994"
1791506872.144,"P,52863,1282"
1791506872.144,"P,52863,1282"
1791506872.144,"P,52864,1282"
1791506872.144,"P,52864,1282"
1791506872.144,"P,52864,174"
1791506872.144,"P,52864,1282"
1791506872.144,"P,52864,1282"
1791506872.144,"P,52864,994"
1791506872.144,"P,52865,1282"
1791506872.144,"P,52865,1282"
1791506872.144,"P,52866,1282"
1791506872.144,"P,52866,1282"
1791506872.144,"P,52866,174"
1791506872.144,"P,52866,1282"
1791506872.144,"P,52866,1282"
1791506872.144,"P,52867,994"
1791506872.144,"P,52867,1282"
1791506872.144,"P,52867,1282"
1791506872.144,"P,52868,1282"
1791506872.144,"P,52868,1282"
1791506872.144,"P,52868,174"
1791506872.144,"P,52868,1282"
1791506872.144,"P,52869,1282"
1791506872.144,"P,52869,994"
1791506872.144,"B,52876,10,5c:62:8b:66:67:d2,550,5,44498,42,-46,A,5c:62:8b:66:67:d2,0,5,0,0"
1791506872.144,"B,52876,10,cc:b8:5e:ad:5c:4a,44442,40,550,5,-43,S,5c:62:8b:66:67:d2,1,4,4,31"
1791506872.144,"B,52876,10,b2:db:ca:e6:29:a6,56,2,0,0,-51,S,5c:62:8b:66:67:d2,2,0,0,0"
1791506872.144,"P,52899,1282"
1791506872.144,"P,52899,1282"
1791506872.144,"P,52899,1282"
1791506872.144,"P,52899,934"
1791506872.346,"P,52977,28"
1791506872.346,"B,52976,10,5c:62:8b:66:67:d2,330,3,4982,9,-46,A,5c:62:8b:66:67:d2,0,3,0,0"
1791506872.346,"B,52976,10,cc:b8:5e:ad:5c:4a,4808,5,330,3,-43,S,5c:62:8b:66:67:d2,1,0,1,3"
1791506872.346,"B,52976,10,b2:db:ca:e6:29:a6,84,3,0,0,-49,S,5c:62:8b:66:67:d2,3,0,0,0"
1791506872.346,"B,52976,10,46:88:44:6e:4f:e4,90,1,0,0,-31,S,5c:62:8b:66:67:d2,1,0,0,0"
1791506872.346,"P,52978,1282"
1791506872.346,"P,52978,1282"
1791506872.346,"P,52978,1282"
1791506872.346,"P,52979,1282"
1791506872.346,"P,52979,1282"
1791506872.346,"P,52980,1282"
1791506872.346,"P,52980,1282"
1791506872.346,"P,52980,1282"
1791506872.346,"P,52983,1282"
1791506872.346,"P,52983,1282"
1791506872.346,"P,52984,1282"
1791506872.346,"P,52984,1282"
1791506872.346,"P,52984,1282"
1791506872.346,"P,52985,1282"
1791506872.346,"P,52985,1282"
1791506872.346,"P,52985,1282"
1791506872.346,"P,52985,1282"
1791506872.346,"P,52985,1282"
1791506872.346,"P,52988,1282"
1791506872.346,"P,52990,1282"
1791506872.346,"P,52993,1282"
1791506872.346,"P,52995,1282"
1791506872.346,"P,52995,1282"
1791506872.346,"P,52995,1282"
1791506872.346,"P,52997,1282"
1791506872.346,"P,52998,994"
1791506872.346,"P,53058,1282"
1791506872.346,"P,53058,1282"
1791506872.346,"P,53058,1282"
1791506872.346,"P,53058,1282"
1791506872.346,"P,53059,1102"
1791506872.346,"P,53059,1282"
1791506872.346,"P,53059,1282"
1791506872.346,"P,53060,1102"
1791506872.346,"P,53061,1282"
1791506872.346,"P,53061,1282"
1791506872.346,"P,53061,1102"
1791506872.346,"B,53076,10,5c:62:8b:66:67:d2,15576,18,46858,46,-46,A,5c:62:8b:66:67:d2,0,6,2,10"
1791506872.346,"B,53076,10,72:3b:01:24:b7:c8,224,8,14916,12,-35,S,5c:62:8b:66:67:d2,8,0,0,0"
1791506872.346,"B,53076,10,cc:b8:5e:ad:5c:4a,46606,37,660,6,-43,S,5c:62:8b:66:67:d2,0,0,4,33"
1791506872.346,"B,53076,10,b2:db:ca:e6:29:a6,28,1,0,0,-49,S,5c:62:8b:66:67:d2,1,0,0,0"
1791506872.346,"P,53104,28"
1791506872.346,"P,53105,28"
1791506872.346,"P,53110,28"
1791506872.346,"P,53111,126"
1791506872.346,"P,53111,1282"
1791506872.346,"P,53112,1282"
1791506872.346,"P,53112,1282"
1791506872.346,"P,53112,1282"
1791506872.346,"P,53113,126"
1791506872.346,"P,53114,1282"
1791506872.346,"P,53114,1282"
1791506872.346,"P,53114,1282"
1791506872.346,"P,53114,1282"
1791506872.346,"P,53121,1282"
1791506872.346,"P,53123,1282"
1791506872.346,"P,53123,1282"
1791506872.346,"P,53123,1282"
1791506872.346,"P,53124,1282"
1791506872.346,"P,53124,1282"
1791506872.346,"P,53125,1282"
1791506872.346,"P,53127,1282"
1791506872.346,"P,53129,1282"
1791506872.346,"P,53129,1282"
1791506872.346,"P,53130,1282"
1791506872.346,"P,53130,1282"
1791506872.346,"P,53130,1282"
1791506872.346,"P,53134,1282"
1791506872.346,"P,53134,1282"
1791506872.346,"P,53134,1282"
1791506872.346,"P,53136,1282"
1791506872.346,"P,53136,1282"
1791506872.346,"P,53136,1282"
1791506872.346,"P,53136,1282"
1791506872.346,"P,53145,1282"
1791506872.346,"P,53145,1282"
1791506872.346,"P,53146,1282"
1791506872.346,"P,53146,1282"
1791506872.346,"P,53146,1282"
1791506872.346,"P,53146,1282"
1791506872.346,"P,53146,1282"
1791506872.346,"P,53148,1282"
1791506872.346,"P,53149,1282"
1791506872.346,"P,53149,1282"
1791506872.346,"P,53149,1282"
1791506872.346,"P,53150,1282"
1791506872.346,"P,53150,1282"
1791506872.346,"P,53150,1282"
1791506872.346,"P,53163,1282"
1791506872.346,"P,53163,1282"
1791506872.346,"P,53164,1282"
1791506872.346,"P,53164,1282"
1791506872.346,"P,53164,1282"
1791506872.346,"P,53164,1282"
1791506872.346,"P,53164,1282"
1791506872.346,"P,53166,1282"
1791506872.346,"P,53168,1282"
1791506872.346,"P,53168,1282"
1791506872.346,"P,53168,1282"
1791506872.346,"P,53170,1282"
1791506872.346,"P,53170,1282"
1791506872.346,"P,53172,1282"
1791506872.346,"P,53172,1282"
1791506872.346,"P,53172,1282"
1791506872.346,"P,53172,1282"
1791506872.346,"P,53173,1282"
1791506872.346,"P,53173,1282"
1791506872.346,"P,53173,1282"
1791506872.546,"P,53178,1282"
1791506872.546,"B,53176,10,5c:62:8b:66:67:d2,47636,60,81130,69,-45,A,5c:62:8b:66:67:d2,0,25,0,35"
1791506872.546,"B,53176,10,72:3b:01:24:b7:c8,0,0,44996,36,0,S,5c:62:8b:66:67:d2,0,0,0,0"
1791506872.546,"B,53176,10,cc:b8:5e:ad:5c:4a,81102,68,2640,24,-43,S,5c:62:8b:66:67:d2,3,2,0,63"
1791506872.546,"B,53176,10,b2:db:ca:e6:29:a6,28,1,0,0,-48,S,5c:62:8b:66:67:d2,1,0,0,0"
1791506872.546,"P,53178,1282"
1791506872.546,"P,53179,1282"
1791506872.546,"P,53179,1282"
1791506872.546,"P,53179,1282"
1791506872.546,"P,53180,1282"
1791506872.546,"P,53180,1282"
1791506872.546,"P,53183,1282"
1791506872.546,"P,53183,1282"
1791506872.546,"P,53184,1282"
1791506872.546,"P,53184,1282"
1791506872.546,"P,53186,1282"
1791506872.546,"P,53186,1282"
1791506872.546,"P,53188,1282"
1791506872.546,"P,53189,1282"
1791506872.546,"P,53189,1282"
1791506872.546,"P,53190,1282"
1791506872.546,"P,53190,1282"
1791506872.546,"P,53190,1282"
1791506872.546,"P,53190,1282"
1791506872.546,"P,53190,1282"
1791506872.546,"P,53193,1282"
1791506872.546,"P,53194,1282"
1791506872.546,"P,53194,1282"
1791506872.546,"P,53194,1282"
1791506872.546,"P,53194,1282"
1791506872.546,"P,53195,1282"
1791506872.546,"P,53195,1282"
1791506872.546,"P,53195,1282"
1791506872.546,"P,53196,1282"
1791506872.546,"P,53196,1282"
1791506872.546,"P,53197,1282"
1791506872.546,"P,53197,1282"
1791506872.546,"P,53200,1282"
1791506872.546,"P,53202,1282"
1791506872.546,"P,53202,1282"
1791506872.546,"P,53203,1282"
1791506872.546,"P,53203,1282"
1791506872.546,"P,53203,1282"
1791506872.546,"P,53203,1282"
1791506872.546,"P,53203,1282"
1791506872.546,"P,53208,28"
1791506872.546,"P,53210,28"
1791506872.546,"P,53211,1282"
1791506872.546,"P,53211,1282"
1791506872.546,"P,53212,1282"
1791506872.546,"P,53212,1282"
1791506872.546,"P,53213,1282"
1791506872.546,"P,53213,1282"
1791506872.546,"P,53213,1282"
1791506872.546,"P,53213,1282"
1791506872.546,"P,53214,1282"
1791506872.546,"P,53214,1282"
1791506872.546,"P,53214,1282"
1791506872.546,"P,53216,1282"
1791506872.546,"P,53216,1282"
1791506872.546,"P,53217,1282"
1791506872.546,"P,53217,1282"
1791506872.546,"P,53217,1282"
1791506872.546,"P,53217,1282"
1791506872.546,"P,53217,1282"
1791506872.546,"P,53220,1282"
1791506872.546,"P,53220,1282"
1791506872.546,"P,53223,1282"
1791506872.546,"P,53225,1282"
1791506872.546,"P,53225,1282"
1791506872.546,"P,53225,794"
1791506872.546,"P,53226,1282"
1791506872.546,"P,53226,1282"
1791506872.546,"P,53226,794"
1791506872.546,"P,53226,1282"
1791506872.546,"P,53227,1282"
1791506872.546,"P,53227,730"
1791506872.546,"P,53227,1282"
1791506872.546,"P,53227,1282"
1791506872.546,"P,53229,1282"
1791506872.546,"P,53257,1282"
1791506872.546,"P,53259,1282"
1791506872.546,"P,53259,1282"
1791506872.546,"P,53259,1282"
1791506872.546,"P,53260,1282"
1791506872.546,"P,53266,662"
1791506872.546,"B,53276,10,5c:62:8b:66:67:d2,61674,75,99242,83,-46,A,5c:62:8b:66:67:d2,0,29,2,44"
1791506872.546,"B,53276,10,72:3b:01:24:b7:c8,0,0,58594,47,0,S,5c:62:8b:66:67:d2,0,0,0,0"
1791506872.546,"B,53276,10,cc:b8:5e:ad:5c:4a,99186,81,3080,28,-43,S,5c:62:8b:66:67:d2,2,1,3,75"
1791506872.546,"B,53276,10,b2:db:ca:e6:29:a6,56,2,0,0,-48,S,5c:62:8b:66:67:d2,2,0,0,0"
1791506872.546,"P,53300,1282"
1791506872.546,"P,53300,1282"
1791506872.546,"P,53300,742"
1791506872.546,"P,53378,28"
1791506872.747,"B,53376,10,5c:62:8b:66:67:d2,3526,5,3586,13,-46,A,5c:62:8b:66:67:d2,0,2,1,2"
1791506872.747,"B,53376,10,72:3b:01:24:b7:c8,196,7,3306,3,-36,S,5c:62:8b:66:67:d2,7,0,0,0"
1791506872.747,"B,53376,10,cc:b8:5e:ad:5c:4a,3334,4,220,2,-44,S,5c:62:8b:66:67:d2,1,0,1,2"
1791506872.747,"B,53376,10,b2:db:ca:e6:29:a6,56,2,0,0,-46,S,5c:62:8b:66:67:d2,2,0,0,0"
1791506872.747,"P,53379,28"
1791506872.747,"P,53387,28"
1791506872.747,"P,53394,28"
1791506872.747,"P,53395,28"
1791506872.747,"P,53401,1282"
1791506872.747,"P,53401,1282"
1791506872.747,"P,53402,1282"
1791506872.747,"P,53402,1282"
1791506872.747,"P,53402,1282"
1791506872.747,"P,53403,1282"
1791506872.747,"P,53403,1282"
1791506872.747,"B,53476,10,5c:62:8b:66:67:d2,12231,52,9142,13,-45,A,5c:62:8b:66:67:d2,0,47,0,5"
1791506872.747,"B,53476,10,72:3b:01:24:b7:c8,0,0,11681,47,0,S,5c:62:8b:66:67:d2,0,0,0,0"
1791506872.747,"B,53476,10,cc:b8:5e:ad:5c:4a,9086,11,550,5,-43,S,5c:62:8b:66:67:d2,4,0,0,7"
1791506872.747,"B,53476,10,b2:db:ca:e6:29:a6,56,2,0,0,-46,S,5c:62:8b:66:67:d2,2,0,0,0"
1791506872.747,"P,53478,1282"
1791506872.747,"P,53479,28"
1791506872.747,"P,53480,28"
1791506872.747,"P,53481,1282"
1791506872.747,"P,53481,1282"
1791506872.747,"P,53481,114"
1791506872.747,"P,53482,1282"
1791506872.747,"P,53482,1282"
1791506872.747,"P,53482,1282"
1791506872.747,"P,53482,1138"
1791506872.747,"P,53483,1282"
1791506872.747,"P,53483,1282"
1791506872.747,"P,53487,1282"
1791506872.747,"P,53487,1282"
1791506872.747,"P,53487,1282"
1791506872.747,"P,53490,1282"
1791506872.747,"P,53493,1282"
1791506872.747,"P,53494,1282"
1791506872.747,"P,53495,1282"
1791506872.747,"P,53498,1282"
1791506872.747,"P,53503,1282"
1791506872.747,"P,53503,1282"
1791506872.747,"P,53504,1282"
1791506872.747,"P,53504,1274"
1791506872.747,"B,53576,10,5c:62:8b:66:67:d2,37180,40,26996,26,-46,A,5c:62:8b:66:67:d2,0,12,0,28"
1791506872.747,"B,53576,10,72:3b:01:24:b7:c8,0,0,35970,29,0,S,5c:62:8b:66:67:d2,0,0,0,0"
1791506872.747,"B,53576,10,cc:b8:5e:ad:5c:4a,26940,24,1210,11,-42,S,5c:62:8b:66:67:d2,2,1,1,20"
1791506872.747,"B,53576,10,b2:db:ca:e6:29:a6,56,2,0,0,-46,S,5c:62:8b:66:67:d2,2,0,0,0"
1791506872.747,"P,53577,1282"
1791506872.947,"P,53580,1282"
1791506872.947,"P,53580,1282"
1791506872.947,"P,53581,1282"
1791506872.947,"P,53581,1282"
1791506872.947,"P,53581,1282"
1791506872.947,"P,53590,28"
1791506872.947,"P,53591,1282"
1791506872.947,"P,53591,1282"
1791506872.947,"P,53592,1282"
1791506872.947,"P,53592,1282"
1791506872.947,"P,53592,1282"
1791506872.947,"P,53593,1282"
1791506872.947,"P,53593,794"
1791506872.947,"P,53657,1282"
1791506872.947,"P,53657,1282"
1791506872.947,"P,53658,146"
1791506872.947,"B,53676,10,5c:62:8b:66:67:d2,17304,22,19056,22,-46,A,5c:62:8b:66:67:d2,0,9,1,12"
1791506872.947,"B,53676,10,72:3b:01:24:b7:c8,140,5,16534,15,-37,S,5c:62:8b:66:67:d2,5,0,0,0"
1791506872.947,"B,53676,10,cc:b8:5e:ad:5c:4a,18916,17,770,7,-43,S,5c:62:8b:66:67:d2,1,1,1,14"
1791506872.947,"P,53697,28"
1791506872.947,"P,53698,1282"
1791506872.947,"P,53698,1282"
1791506872.947,"P,53698,1262"
1791506872.947,"P,53699,1282"
1791506872.947,"P,53699,1282"
1791506872.947,"P,53699,1262"
1791506872.947,"P,53700,1282"
1791506872.947,"P,53700,1282"
1791506872.947,"P,53701,1262"
1791506872.947,"P,53701,1282"
1791506872.947,"P,53702,1282"
1791506872.947,"P,53702,1262"
1791506872.947,"P,53704,1262"
1791506872.947,"P,53763,138"
1791506872.947,"P,53777,1282"
1791506872.947,"B,53776,10,5c:62:8b:66:67:d2,1855,6,18042,17,-45,A,5c:62:8b:66:67:d2,0,5,0,1"
1791506872.947,"B,53776,10,72:3b:01:24:b7:c8,0,0,1635,4,0,S,5c:62:8b:66:67:d2,0,0,0,0"
1791506873.148,"B,53776,10,cc:b8:5e:ad:5c:4a,18014,16,220,2,-42,S,5c:62:8b:66:67:d2,1,1,0,14"
1791506873.148,"B,53776,10,b2:db:ca:e6:29:a6,28,1,0,0,-46,S,5c:62:8b:66:67:d2,1,0,0,0"
1791506873.148,"P,53777,1282"
1791506873.148,"P,53779,1282"
1791506873.148,"P,53779,1282"
1791506873.148,"P,53783,1282"
1791506873.148,"P,53786,1282"
1791506873.148,"P,53786,1282"
1791506873.148,"P,53786,1282"
1791506873.148,"P,53787,682"
1791506873.148,"P,53857,28"
1791506873.148,"P,53858,1282"
1791506873.148,"P,53858,1282"
1791506873.148,"P,53858,1282"
1791506873.148,"P,53858,438"
1791506873.148,"B,53876,10,5c:62:8b:66:67:d2,8358,12,14192,21,-45,A,5c:62:8b:66:67:d2,0,6,0,6"
1791506873.148,"B,53876,10,72:3b:01:24:b7:c8,224,8,7692,6,-35,S,5c:62:8b:66:67:d2,8,0,0,0"
1791506873.148,"B,53876,10,cc:b8:5e:ad:5c:4a,13968,13,666,6,-43,S,5c:62:8b:66:67:d2,1,2,0,10"
1791506873.148,"B,53876,10,b0:a7:b9:23:82:ee,0,0,118,4,-90,A,b0:a7:b9:23:82:ee,0,0,0,0"
1791506873.148,"B,53876,10,f2:51:4e:f8:1a:7f,90,3,0,0,-90,S,b0:a7:b9:23:82:ee,3,0,0,0"
1791506873.148,"B,53876,10,e2:5e:2c:92:7b:df,28,1,0,0,-89,S,b0:a7:b9:23:82:ee,1,0,0,0"
1791506873.148,"P,53897,1282"
1791506873.148,"P,53898,1282"
1791506873.148,"P,53898,1282"
1791506873.148,"P,53899,1282"
1791506873.148,"P,53899,1282"
1791506873.148,"P,53899,1282"
1791506873.148,"P,53903,150"
1791506873.148,"P,53904,150"
1791506873.148,"P,53905,150"
1791506873.148,"P,53905,150"
1791506873.148,"P,53906,150"
1791506873.148,"P,53978,28"
1791506873.148,"B,53976,10,5c:62:8b:66:67:d2,11394,15,8582,16,-46,A,5c:62:8b:66:67:d2,0,7,0,8"
1791506873.148,"B,53976,10,72:3b:01:24:b7:c8,112,4,10844,10,-38,S,5c:62:8b:66:67:d2,4,0,0,0"
1791506873.348,"B,53976,10,cc:b8:5e:ad:5c:4a,8470,12,550,5,-43,S,5c:62:8b:66:67:d2,1,5,0,6"
1791506873.348,"B,53976,10,b0:a7:b9:23:82:ee,0,0,84,3,-91,A,b0:a7:b9:23:82:ee,0,0,0,0"
1791506873.348,"B,53976,10,e2:5e:2c:92:7b:df,84,3,0,0,-88,S,b0:a7:b9:23:82:ee,3,0,0,0"
1791506873.348,"P,53979,28"
1791506873.348,"P,53979,28"
1791506873.348,"P,53980,1282"
1791506873.348,"P,53980,1282"
1791506873.348,"P,53981,1282"
1791506873.348,"P,53981,1282"
1791506873.348,"P,53981,1282"
1791506873.348,"P,53992,1282"
1791506873.348,"P,53992,1282"
1791506873.348,"P,53992,1282"
1791506873.348,"P,53993,1282"
1791506873.348,"P,53995,1282"
1791506873.348,"P,53995,1282"
1791506873.348,"P,53995,1282"
1791506873.348,"P,53996,1282"
1791506873.348,"P,54002,1282"
1791506873.348,"P,54002,146"
1791506873.348,"P,54057,1282"
1791506873.348,"P,54058,1282"
1791506873.348,"P,54058,1282"
1791506873.348,"P,54058,494"
1791506873.348,"B,54076,10,5c:62:8b:66:67:d2,27270,31,22490,21,-46,A,5c:62:8b:66:67:d2,0,11,0,20"
1791506873.348,"B,54076,10,72:3b:01:24:b7:c8,0,0,26280,22,0,S,5c:62:8b:66:67:d2,0,0,0,0"
1791506873.348,"B,54076,10,cc:b8:5e:ad:5c:4a,22490,21,990,9,-43,S,5c:62:8b:66:67:d2,2,2,0,17"
1791506873.348,"P,54099,28"
1791506873.348,"P,54100,1282"
1791506873.348,"P,54100,1282"
1791506873.348,"P,54101,1282"
1791506873.348,"P,54101,1050"
1791506873.348,"P,54101,1282"
1791506873.348,"P,54101,1282"
1791506873.348,"P,54102,1282"
1791506873.348,"P,54102,1050"
1791506873.348,"B,54176,10,5c:62:8b:66:67:d2,5116,6,9932,13,-46,A,5c:62:8b:66:67:d2,0,2,1,3"
1791506873.348,"B,54176,10,72:3b:01:24:b7:c8,112,4,4896,4,-36,S,5c:62:8b:66:67:d2,4,0,0,0"
1791506873.348,"B,54176,10,cc:b8:5e:ad:5c:4a,9820,9,220,2,-43,S,5c:62:8b:66:67:d2,1,0,2,6"
1791506873.548,"P,54178,1282"
1791506873.548,"P,54178,1282"
1791506873.548,"P,54179,1282"
1791506873.548,"P,54179,1282"
1791506873.548,"P,54179,1282"
1791506873.548,"P,54191,1282"
1791506873.548,"P,54192,1282"
1791506873.548,"P,54192,1282"
1791506873.548,"P,54193,1282"
1791506873.548,"P,54196,1282"
1791506873.548,"P,54196,1282"
1791506873.548,"P,54196,1282"
1791506873.548,"P,54197,1282"
1791506873.548,"P,54197,1282"
1791506873.548,"P,54198,1282"
1791506873.548,"P,54198,1282"
1791506873.548,"P,54198,1282"
1791506873.548,"P,54199,1282"
1791506873.548,"P,54199,1282"
1791506873.548,"P,54199,654"
1791506873.548,"P,54257,28"
1791506873.548,"P,54257,1282"
1791506873.548,"P,54258,1282"
1791506873.548,"P,54258,638"
1791506873.548,"P,54258,1282"
1791506873.548,"P,54258,1282"
1791506873.548,"B,54276,10,5c:62:8b:66:67:d2,14632,20,30918,30,-45,A,5c:62:8b:66:67:d2,0,10,0,10"
1791506873.548,"B,54276,10,72:3b:01:24:b7:c8,112,4,13676,12,-34,S,5c:62:8b:66:67:d2,4,0,0,0"
1791506873.548,"B,54276,10,cc:b8:5e:ad:5c:4a,30806,26,956,8,-43,S,5c:62:8b:66:67:d2,1,2,0,23"
1791506873.548,"B,54276,10,b0:a7:b9:23:82:ee,0,0,82,1,-90,A,b0:a7:b9:23:82:ee,0,0,0,0"
1791506873.548,"B,54276,10,e2:5e:2c:92:7b:df,82,1,0,0,-85,S,b0:a7:b9:23:82:ee,1,0,0,0"
1791506873.548,"P,54299,1282"
1791506873.548,"P,54299,1282"
1791506873.548,"P,54299,1218"
1791506873.548,"P,54300,1282"
1791506873.548,"P,54300,1282"
1791506873.548,"P,54300,1218"
1791506873.548,"P,54305,1282"
1791506873.548,"P,54305,1282"
1791506873.548,"P,54305,1218"
1791506873.548,"P,54305,1282"
1791506873.548,"P,54306,1282"
1791506873.548,"P,54306,1218"
1791506873.548,"P,54308,1282"
1791506873.548,"P,54310,1282"
1791506873.548,"B,54376,10,5c:62:8b:66:67:d2,7314,9,17776,17,-45,A,5c:62:8b:66:67:d2,0,4,0,5"
1791506873.548,"B,54376,10,72:3b:01:24:b7:c8,0,0,6984,6,0,S,5c:62:8b:66:67:d2,0,0,0,0"
1791506873.548,"B,54376,10,cc:b8:5e:ad:5c:4a,17692,14,330,3,-44,S,5c:62:8b:66:67:d2,0,0,0,14"
1791506873.548,"B,54376,10,b2:db:ca:e6:29:a6,84,3,0,0,-48,S,5c:62:8b:66:67:d2,3,0,0,0"
1791506873.548,"B,54376,10,b0:a7:b9:23:82:ee,0,0,60,2,-90,A,b0:a7:b9:23:82:ee,0,0,0,0"
1791506873.749,"B,54376,10,f2:51:4e:f8:1a:7f,60,2,0,0,-90,S,b0:a7:b9:23:82:ee,2,0,0,0"
1791506873.749,"P,54377,28"
1791506873.749,"P,54378,1282"
1791506873.749,"P,54378,1282"
1791506873.749,"P,54378,1282"
1791506873.749,"P,54378,1282"
1791506873.749,"P,54379,1282"
1791506873.749,"P,54379,1282"
1791506873.749,"P,54384,1282"
1791506873.749,"P,54384,1282"
1791506873.749,"P,54385,1282"
1791506873.749,"P,54385,170"
1791506873.749,"P,54385,1282"
1791506873.749,"P,54458,1282"
1791506873.749,"P,54458,1282"
1791506873.749,"P,54458,1282"
1791506873.749,"P,54458,1282"
1791506873.749,"P,54459,1282"
1791506873.749,"P,54459,166"
1791506873.749,"B,54476,10,5c:62:8b:66:67:d2,11113,15,19650,20,-45,A,5c:62:8b:66:67:d2,0,7,0,8"
1791506873.749,"B,54476,10,72:3b:01:24:b7:c8,56,2,10673,11,-36,S,5c:62:8b:66:67:d2,2,0,0,0"
1791506873.749,"B,54476,10,cc:b8:5e:ad:5c:4a,19594,18,440,4,-46,S,5c:62:8b:66:67:d2,1,2,0,15"
1791506873.749,"P,54503,28"
1791506873.749,"P,54504,1282"
1791506873.749,"P,54504,1282"
1791506873.749,"P,54505,1282"
1791506873.749,"P,54505,1282"
1791506873.749,"P,54505,1282"
1791506873.749,"P,54509,1282"
1791506873.749,"P,54509,1282"
1791506873.749,"P,54510,1282"
1791506873.749,"P,54510,1282"
1791506873.749,"P,54510,1282"
1791506873.749,"P,54510,434"
1791506873.749,"P,54511,1282"
1791506873.749,"P,54513,1282"
1791506873.749,"P,54516,1282"
1791506873.749,"P,54517,1282"
1791506873.749,"P,54517,1282"
1791506873.749,"P,54517,1282"
1791506873.749,"P,54517,1282"
1791506873.749,"P,54519,1282"
1791506873.749,"P,54522,1282"
1791506873.749,"P,54525,1282"
1791506873.749,"B,54576,10,5c:62:8b:66:67:d2,12798,17,26214,26,-46,A,5c:62:8b:66:67:d2,0,8,0,9"
1791506873.749,"B,54576,10,72:3b:01:24:b7:c8,112,4,12138,11,-37,S,5c:62:8b:66:67:d2,4,0,0,0"
1791506873.749,"B,54576,10,cc:b8:5e:ad:5c:4a,26102,22,660,6,-44,S,5c:62:8b:66:67:d2,1,1,0,20"
1791506873.749,"P,54578,1282"
1791506873.749,"P,54578,1282"
1791506873.949,"P,54579,1282"
1791506873.949,"P,54579,1282"
1791506873.949,"P,54579,1282"
1791506873.949,"P,54579,1282"
1791506873.949,"P,54579,1282"
1791506873.949,"P,54581,1282"
1791506873.949,"P,54581,1282"
1791506873.949,"P,54606,28"
1791506873.949,"P,54606,1282"
1791506873.949,"P,54606,1282"
1791506873.949,"P,54607,1282"
1791506873.949,"P,54607,1282"
1791506873.949,"P,54607,1282"
1791506873.949,"P,54607,1282"
1791506873.949,"P,54607,1282"
1791506873.949,"P,54607,1282"
1791506873.949,"P,54608,1282"
1791506873.949,"P,54608,1282"
1791506873.949,"P,54608,1282"
1791506873.949,"P,54608,342"
1791506873.949,"P,54609,1282"
1791506873.949,"P,54609,1282"
1791506873.949,"P,54609,1282"
1791506873.949,"P,54609,1282"
1791506873.949,"P,54610,1282"
1791506873.949,"P,54610,1282"
1791506873.949,"P,54610,1282"
1791506873.949,"P,54610,342"
1791506873.949,"P,54610,1282"
1791506873.949,"P,54612,1282"
1791506873.949,"P,54618,1282"
1791506873.949,"P,54619,1282"
1791506873.949,"P,54619,1282"
1791506873.949,"P,54619,1282"
1791506873.949,"P,54619,1282"
1791506873.949,"P,54622,1282"
1791506873.949,"P,54625,1282"
1791506873.949,"P,54626,1282"
1791506873.949,"P,54626,1282"
1791506873.949,"P,54626,1282"
1791506873.949,"P,54629,1282"
1791506873.949,"P,54632,1282"
1791506873.949,"P,54635,1282"
1791506873.949,"P,54657,1282"
1791506873.949,"P,54657,1282"
1791506873.949,"P,54658,1282"
1791506873.949,"P,54658,1282"
1791506873.949,"P,54658,258"
1791506873.949,"P,54659,1282"
1791506873.949,"P,54659,1282"
1791506873.949,"P,54659,258"
1791506873.949,"P,54659,1282"
1791506873.949,"P,54659,1282"
1791506873.949,"P,54659,258"
1791506873.949,"P,54662,1282"
1791506873.949,"P,54664,1282"
1791506873.949,"P,54665,258"
1791506873.949,"B,54676,10,5c:62:8b:66:67:d2,15315,28,68464,61,-46,A,5c:62:8b:66:67:d2,0,18,0,10"
1791506873.949,"B,54676,10,72:3b:01:24:b7:c8,0,0,13775,14,0,S,5c:62:8b:66:67:d2,0,0,0,0"
1791506873.949,"B,54676,10,cc:b8:5e:ad:5c:4a,68408,59,1540,14,-44,S,5c:62:8b:66:67:d2,1,6,0,52"
1791506873.949,"B,54676,10,b2:db:ca:e6:29:a6,56,2,0,0,-45,S,5c:62:8b:66:67:d2,2,0,0,0"
1791506873.949,"P,54697,1282"
1791506873.949,"P,54697,1282"
1791506873.949,"P,54698,1282"
1791506873.949,"P,54699,1282"
1791506873.949,"P,54699,346"
1791506873.949,"P,54699,1282"
1791506873.949,"B,54776,10,5c:62:8b:66:67:d2,4412,6,6812,8,-46,A,5c:62:8b:66:67:d2,0,3,0,3"
1791506873.949,"B,54776,10,72:3b:01:24:b7:c8,0,0,4192,4,0,S,5c:62:8b:66:67:d2,0,0,0,0"
1791506873.949,"B,54776,10,cc:b8:5e:ad:5c:4a,6756,6,220,2,-46,S,5c:62:8b:66:67:d2,0,1,0,5"
1791506873.949,"B,54776,10,b2:db:ca:e6:29:a6,56,2,0,0,-45,S,5c:62:8b:66:67:d2,2,0,0,0"
1791506873.949,"P,54778,28"
1791506873.949,"P,54779,1282"
1791506874.149,"P,54779,1282"
1791506874.149,"P,54779,1282"
1791506874.149,"P,54779,1282"
1791506874.149,"P,54779,1282"
1791506874.149,"P,54780,1282"
1791506874.149,"P,54784,1282"
1791506874.149,"P,54785,1282"
1791506874.149,"P,54785,1094"
1791506874.149,"P,54786,1282"
1791506874.149,"P,54788,1282"
1791506874.149,"P,54858,1282"
1791506874.149,"P,54858,1282"
1791506874.149,"P,54858,1282"
1791506874.149,"P,54858,1282"
1791506874.149,"P,54858,1038"
1791506874.149,"P,54859,1282"
1791506874.149,"P,54859,1038"
1791506874.149,"B,54876,10,5c:62:8b:66:67:d2,10508,12,22540,23,-45,A,5c:62:8b:66:67:d2,0,4,1,7"
1791506874.149,"B,54876,10,72:3b:01:24:b7:c8,56,2,10068,8,-38,S,5c:62:8b:66:67:d2,2,0,0,0"
1791506874.149,"B,54876,10,cc:b8:5e:ad:5c:4a,22428,19,440,4,-45,S,5c:62:8b:66:67:d2,1,0,3,15"
1791506874.149,"B,54876,10,b2:db:ca:e6:29:a6,56,2,0,0,-46,S,5c:62:8b:66:67:d2,2,0,0,0"
1791506874.149,"B,54876,10,b0:a7:b9:23:82:ee,0,0,88,3,-90,A,b0:a7:b9:23:82:ee,0,0,0,0"
1791506874.149,"B,54876,10,f2:51:4e:f8:1a:7f,60,2,0,0,-92,S,b0:a7:b9:23:82:ee,2,0,0,0"
1791506874.149,"B,54876,10,e2:5e:2c:92:7b:df,28,1,0,0,-86,S,b0:a7:b9:23:82:ee,1,0,0,0"
1791506874.149,"P,54897,28"
1791506874.149,"P,54898,1282"
1791506874.149,"P,54898,1282"
1791506874.149,"P,54899,1282"
1791506874.149,"P,54899,1282"
1791506874.149,"P,54902,1282"
1791506874.149,"P,54919,1282"
1791506874.149,"P,54919,1282"
1791506874.149,"P,54919,1282"
1791506874.149,"P,54919,606"
1791506874.149,"P,54919,1282"
1791506874.149,"P,54920,1282"
1791506874.149,"P,54921,1282"
1791506874.149,"P,54922,1282"
1791506874.149,"P,54924,1282"
1791506874.149,"P,54978,1282"
1791506874.149,"B,54976,10,5c:62:8b:66:67:d2,11058,13,18582,16,-45,A,5c:62:8b:66:67:d2,0,5,1,7"
1791506874.149,"B,54976,10,72:3b:01:24:b7:c8,0,0,10618,9,0,S,5c:62:8b:66:67:d2,0,0,0,0"
1791506874.149,"B,54976,10,cc:b8:5e:ad:5c:4a,18582,16,440,4,-45,S,5c:62:8b:66:67:d2,1,1,0,14"
1791506874.149,"P,54978,1282"
1791506874.149,"P,54978,1282"
1791506874.149,"P,54979,1282"
1791506874.350,"P,54979,1282"
1791506874.350,"P,54982,1282"
1791506874.350,"P,54982,1282"
1791506874.350,"P,54982,1282"
1791506874.350,"P,54983,1282"
1791506874.350,"P,54983,1282"
1791506874.350,"P,54983,1282"
1791506874.350,"P,54984,1282"
1791506874.350,"P,54986,1282"
1791506874.350,"P,54986,1282"
1791506874.350,"P,54987,1282"
1791506874.350,"P,54988,1282"
1791506874.350,"P,54988,1282"
1791506874.350,"P,54988,1282"
1791506874.350,"P,54990,1282"
1791506874.350,"P,54990,1282"
1791506874.350,"P,54990,486"
1791506874.350,"P,54990,1282"
1791506874.350,"P,54990,486"
1791506874.350,"P,55057,28"
1791506874.350,"P,55058,1282"
1791506874.350,"P,55058,1282"
1791506874.350,"P,55058,1282"
1791506874.350,"P,55058,494"
1791506874.350,"P,55059,1282"
1791506874.350,"P,55059,1282"
1791506874.350,"B,55076,10,5c:62:8b:66:67:d2,19808,24,33572,30,-46,A,5c:62:8b:66:67:d2,0,10,0,14"
1791506874.350,"B,55076,10,72:3b:01:24:b7:c8,0,0,18928,16,0,S,5c:62:8b:66:67:d2,0,0,0,0"
1791506874.350,"B,55076,10,cc:b8:5e:ad:5c:4a,33544,29,880,8,-46,S,5c:62:8b:66:67:d2,1,3,0,25"
1791506874.350,"B,55076,10,b2:db:ca:e6:29:a6,28,1,0,0,-44,S,5c:62:8b:66:67:d2,1,0,0,0"
1791506874.350,"I,55095,stat,rx=22227,drops=0,ch=10,bin=100,hop=0,heap=202024"
1791506874.350,"P,55098,1282"
1791506874.350,"P,55098,1282"
1791506874.350,"P,55098,1282"
1791506874.350,"P,55099,1282"
1791506874.350,"P,55099,1282"
1791506874.350,"P,55099,1282"
1791506874.350,"P,55099,1282"
1791506874.350,"P,55099,518"
1791506874.350,"P,55100,1282"
1791506874.350,"P,55100,1282"
1791506874.350,"P,55100,1282"
1791506874.350,"P,55100,1282"
1791506874.350,"P,55100,1282"
1791506874.350,"P,55100,1282"
1791506874.350,"P,55102,1282"
1791506874.350,"P,55105,1282"
1791506874.350,"P,55108,1282"
1791506874.350,"P,55111,1282"
1791506874.350,"P,55111,518"
1791506874.350,"P,55112,518"
1791506874.350,"B,55176,10,5c:62:8b:66:67:d2,5976,8,23488,25,-46,A,5c:62:8b:66:67:d2,0,4,0,4"
1791506874.350,"B,55176,10,72:3b:01:24:b7:c8,112,4,5646,5,-36,S,5c:62:8b:66:67:d2,4,0,0,0"
1791506874.350,"B,55176,10,cc:b8:5e:ad:5c:4a,23348,20,330,3,-44,S,5c:62:8b:66:67:d2,0,3,0,17"
1791506874.350,"B,55176,10,b2:db:ca:e6:29:a6,28,1,0,0,-45,S,5c:62:8b:66:67:d2,1,0,0,0"
1791506874.350,"B,55176,10,b0:a7:b9:23:82:ee,0,0,30,1,-87,A,b0:a7:b9:23:82:ee,0,0,0,0"
1791506874.551,"B,55176,10,f2:51:4e:f8:1a:7f,30,1,0,0,-91,S,b0:a7:b9:23:82:ee,1,0,0,0"
1791506874.551,"P,55178,1282"
1791506874.551,"P,55178,1282"
1791506874.551,"P,55178,1282"
1791506874.551,"P,55178,1282"
1791506874.551,"P,55179,1282"
1791506874.551,"P,55180,1282"
1791506874.551,"P,55180,1282"
1791506874.551,"P,55180,1282"
1791506874.551,"P,55220,1282"
1791506874.551,"P,55220,1282"
1791506874.551,"P,55221,1282"
1791506874.551,"P,55221,1282"
1791506874.551,"P,55222,1282"
1791506874.551,"P,55222,1282"
1791506874.551,"P,55222,1282"
1791506874.551,"P,55222,1282"
1791506874.551,"P,55222,1282"
1791506874.551,"P,55222,1282"
1791506874.551,"P,55223,1282"
1791506874.551,"P,55223,1282"
1791506874.551,"P,55223,1282"
1791506874.551,"P,55223,1282"
1791506874.551,"P,55224,1282"
1791506874.551,"P,55224,1282"
1791506874.551,"P,55224,590"
1791506874.551,"P,55225,1282"
1791506874.551,"P,55225,1282"
1791506874.551,"P,55225,1282"
1791506874.551,"P,55227,1282"
1791506874.551,"P,55232,1282"
1791506874.551,"P,55234,1282"
1791506874.551,"P,55239,1282"
1791506874.551,"P,55257,1282"
1791506874.551,"P,55257,1282"
1791506874.551,"P,55258,1282"
1791506874.551,"P,55258,270"
1791506874.551,"B,55276,10,5c:62:8b:66:67:d2,11396,14,44532,39,-46,A,5c:62:8b:66:67:d2,0,6,0,8"
1791506874.551,"B,55276,10,72:3b:01:24:b7:c8,84,3,10846,9,-35,S,5c:62:8b:66:67:d2,3,0,0,0"
1791506874.551,"B,55276,10,cc:b8:5e:ad:5c:4a,44448,36,550,5,-45,S,5c:62:8b:66:67:d2,0,2,0,34"
1791506874.551,"P,55297,28"
1791506874.551,"P,55297,1282"
1791506874.551,"P,55297,1282"
1791506874.551,"P,55323,1094"
1791506874.551,"P,55328,1094"
1791506874.551,"B,55376,10,5c:62:8b:66:67:d2,6932,10,4780,5,-46,A,5c:62:8b:66:67:d2,0,5,1,4"
1791506874.551,"B,55376,10,72:3b:01:24:b7:c8,0,0,6492,6,0,S,5c:62:8b:66:67:d2,0,0,0,0"
1791506874.551,"B,55376,10,cc:b8:5e:ad:5c:4a,4780,5,440,4,-47,S,5c:62:8b:66:67:d2,1,0,2,2"
1791506874.551,"P,55379,1282"
1791506874.551,"P,55379,1282"
1791506874.551,"P,55379,1282"
1791506874.551,"P,55379,1282"
1791506874.551,"P,55379,1282"
1791506874.551,"P,55380,1282"
1791506874.551,"P,55380,1282"
1791506874.551,"P,55380,1282"
1791506874.551,"P,55381,1282"
1791506874.551,"P,55381,1282"
1791506874.751,"P,55458,28"
1791506874.751,"P,55459,1282"
1791506874.751,"P,55459,1282"
1791506874.751,"P,55459,1282"
1791506874.751,"P,55459,1282"
1791506874.751,"P,55460,322"
1791506874.751,"P,55460,1282"
1791506874.751,"P,55460,1282"
1791506874.751,"B,55476,10,5c:62:8b:66:67:d2,9405,11,20974,22,-46,A,5c:62:8b:66:67:d2,0,4,0,7"
1791506874.751,"B,55476,10,72:3b:01:24:b7:c8,112,4,9075,8,-36,S,5c:62:8b:66:67:d2,4,0,0,0"
1791506874.751,"B,55476,10,cc:b8:5e:ad:5c:4a,20862,18,330,3,-47,S,5c:62:8b:66:67:d2,1,1,0,16"
1791506874.751,"P,55539,1282"
1791506874.751,"P,55539,1282"
1791506874.751,"P,55539,1282"
1791506874.751,"P,55540,1282"
1791506874.751,"P,55540,1282"
1791506874.751,"P,55540,1282"
1791506874.751,"P,55541,1282"
1791506874.751,"P,55541,1282"
1791506874.751,"P,55541,1282"
1791506874.751,"P,55541,1282"
1791506874.751,"P,55541,1282"
1791506874.751,"P,55542,1282"
1791506874.751,"P,55542,1282"
1791506874.751,"P,55544,1282"
1791506874.751,"P,55544,1282"
1791506874.751,"P,55545,1282"
1791506874.751,"P,55545,1282"
1791506874.751,"P,55547,1282"
1791506874.751,"P,55549,1282"
1791506874.751,"P,55552,1282"
1791506874.751,"P,55558,28"
1791506874.751,"P,55561,798"
1791506874.751,"B,55576,10,5c:62:8b:66:67:d2,11230,13,26522,24,-46,A,5c:62:8b:66:67:d2,0,5,0,8"
1791506874.751,"B,55576,10,72:3b:01:24:b7:c8,56,2,10900,10,-34,S,5c:62:8b:66:67:d2,2,0,0,0"
1791506874.751,"B,55576,10,cc:b8:5e:ad:5c:4a,26466,22,330,3,-44,S,5c:62:8b:66:67:d2,1,0,1,20"
1791506874.751,"P,55578,1282"
1791506874.751,"P,55578,1282"
1791506874.751,"P,55579,1282"
1791506874.751,"P,55579,1282"
1791506874.751,"P,55579,1282"
1791506874.751,"P,55579,1282"
1791506874.751,"P,55580,1282"
1791506874.751,"P,55580,1282"
1791506874.751,"P,55580,1282"
1791506874.751,"P,55581,1282"
1791506874.751,"P,55581,1282"
1791506874.751,"P,55581,1282"
1791506874.751,"P,55581,1282"
1791506874.751,"P,55581,1282"
1791506874.751,"P,55582,1282"
1791506874.751,"P,55582,1282"
1791506874.952,"P,55584,1282"
1791506874.952,"P,55586,1282"
1791506874.952,"P,55587,1282"
1791506874.952,"P,55587,1282"
1791506874.952,"P,55588,1282"
1791506874.952,"P,55641,1282"
1791506874.952,"P,55641,1282"
1791506874.952,"P,55642,1282"
1791506874.952,"P,55642,1282"
1791506874.952,"P,55642,1282"
1791506874.952,"P,55642,1282"
1791506874.952,"P,55642,622"
1791506874.952,"P,55643,1282"
1791506874.952,"P,55643,1282"
1791506874.952,"P,55643,1282"
1791506874.952,"P,55643,1282"
1791506874.952,"P,55643,1282"
1791506874.952,"P,55643,1282"
1791506874.952,"P,55643,622"
1791506874.952,"P,55644,1282"
1791506874.952,"P,55644,1282"
1791506874.952,"P,55644,1282"
1791506874.952,"P,55644,1282"
1791506874.952,"P,55645,1282"
1791506874.952,"P,55645,1282"
1791506874.952,"P,55645,622"
1791506874.952,"P,55648,1282"
1791506874.952,"P,55651,1282"
1791506874.952,"P,55654,1282"
1791506874.952,"P,55656,1282"
1791506874.952,"P,55659,1282"
1791506874.952,"P,55662,1282"
1791506874.952,"P,55667,1282"
1791506874.952,"P,55669,622"
1791506874.952,"P,55670,1282"
1791506874.952,"P,55670,1282"
1791506874.952,"P,55670,1282"
1791506874.952,"P,55670,1146"
1791506874.952,"P,55671,1282"
1791506874.952,"B,55676,10,5c:62:8b:66:67:d2,26952,32,67734,55,-47,A,5c:62:8b:66:67:d2,0,12,2,18"
1791506874.952,"B,55676,10,72:3b:01:24:b7:c8,0,0,25852,22,0,S,5c:62:8b:66:67:d2,0,0,0,0"
1791506874.952,"B,55676,10,cc:b8:5e:ad:5c:4a,67734,55,1100,10,-45,S,5c:62:8b:66:67:d2,0,4,1,50"
1791506874.952,"P,55696,28"
1791506874.952,"P,55697,1282"
1791506874.952,"P,55697,1282"
1791506874.952,"P,55697,1282"
1791506874.952,"P,55697,1234"
1791506874.952,"P,55698,1282"
1791506874.952,"P,55698,1282"
1791506874.952,"P,55698,1234"
1791506874.952,"P,55699,1282"
1791506874.952,"P,55699,1282"
1791506874.952,"P,55699,1234"
1791506874.952,"P,55700,1282"
1791506874.952,"P,55700,1282"
1791506874.952,"P,55700,1234"
1791506874.952,"B,55776,10,5c:62:8b:66:67:d2,5555,8,16614,18,-47,A,5c:62:8b:66:67:d2,0,4,0,4"
1791506874.952,"B,55776,10,72:3b:01:24:b7:c8,112,4,5225,5,-36,S,5c:62:8b:66:67:d2,4,0,0,0"
1791506874.952,"B,55776,10,cc:b8:5e:ad:5c:4a,16502,14,330,3,-46,S,5c:62:8b:66:67:d2,1,0,0,13"
1791506874.952,"P,55778,1282"
1791506874.952,"P,55779,1282"
1791506874.952,"P,55779,1282"
1791506874.952,"P,55779,1282"
1791506875.153,"P,55842,28"
1791506875.153,"P,55843,1282"
1791506875.153,"P,55843,1282"
1791506875.153,"P,55843,1282"
1791506875.153,"P,55844,1282"
1791506875.153,"P,55844,1282"
1791506875.153,"P,55844,1282"
1791506875.153,"P,55845,1282"
1791506875.153,"P,55845,1282"
1791506875.153,"P,55845,1282"
1791506875.153,"P,55845,1282"
1791506875.153,"P,55845,1282"
1791506875.153,"P,55846,1282"
1791506875.153,"P,55846,1282"
1791506875.153,"P,55846,1282"
1791506875.153,"P,55846,1282"
1791506875.153,"P,55846,1282"
1791506875.153,"P,55846,1282"
1791506875.153,"P,55846,1282"
1791506875.153,"P,55848,1282"
1791506875.153,"P,55851,1282"
1791506875.153,"P,55852,1282"
1791506875.153,"P,55852,1282"
1791506875.153,"P,55853,1282"
1791506875.153,"P,55853,1282"
1791506875.153,"P,55853,1282"
1791506875.153,"P,55853,782"
1791506875.153,"P,55856,1282"
1791506875.153,"P,55858,1282"
1791506875.153,"P,55861,1282"
1791506875.153,"P,55862,1282"
1791506875.153,"P,55862,1282"
1791506875.153,"P,55862,1282"
1791506875.153,"P,55862,782"
1791506875.153,"P,55863,1282"
1791506875.153,"P,55863,1282"
1791506875.153,"P,55863,342"
1791506875.153,"P,55863,782"
1791506875.153,"P,55863,1282"
1791506875.153,"P,55863,1282"
1791506875.153,"B,55876,10,5c:62:8b:66:67:d2,8682,15,52854,49,-47,A,5c:62:8b:66:67:d2,0,9,0,6"
1791506875.153,"B,55876,10,72:3b:01:24:b7:c8,140,5,7692,6,-34,S,5c:62:8b:66:67:d2,5,0,0,0"
1791506875.153,"B,55876,10,cc:b8:5e:ad:5c:4a,52714,44,990,9,-45,S,5c:62:8b:66:67:d2,1,1,3,39"
1791506875.153,"P,55897,1282"
1791506875.153,"P,55897,1282"
1791506875.153,"P,55898,1282"
1791506875.153,"P,55898,1282"
1791506875.153,"P,55898,1282"
1791506875.153,"P,55899,1282"
1791506875.153,"P,55899,1282"
1791506875.153,"P,55899,1282"
1791506875.153,"P,55899,1282"
1791506875.153,"P,55938,282"
1791506875.153,"P,55939,282"
1791506875.153,"P,55940,282"
1791506875.153,"P,55944,282"
1791506875.153,"P,55977,28"
1791506875.153,"B,55976,10,5c:62:8b:66:67:d2,15436,24,12694,14,-47,A,5c:62:8b:66:67:d2,0,13,1,10"
1791506875.153,"B,55976,10,72:3b:01:24:b7:c8,0,0,14226,13,0,S,5c:62:8b:66:67:d2,0,0,0,0"
1791506875.153,"B,55976,10,cc:b8:5e:ad:5c:4a,12694,14,1210,11,-46,S,5c:62:8b:66:67:d2,1,4,0,9"
1791506875.153,"B,55976,10,b0:a7:b9:23:82:ee,0,0,30,1,-88,A,b0:a7:b9:23:82:ee,0,0,0,0"
1791506875.153,"B,55976,10,f2:51:4e:f8:1a:7f,30,1,0,0,-94,S,b0:a7:b9:23:82:ee,1,0,0,0"
1791506875.153,"P,55978,1282"
1791506875.153,"P,55978,1282"
1791506875.153,"P,55979,1282"
1791506875.153,"P,55979,1282"
1791506875.153,"P,55979,1282"
1791506875.153,"P,55979,1282"
1791506875.153,"P,55979,1282"
1791506875.153,"P,55980,1282"
1791506875.153,"P,55980,1282"
1791506875.153,"P,55980,1282"
1791506875.153,"P,55980,1282"
1791506875.153,"P,55985,1282"
1791506875.153,"P,55986,1282"
1791506875.353,"P,55986,530"
1791506875.353,"P,56057,1282"
1791506875.353,"P,56058,1282"
1791506875.353,"P,56058,1282"
1791506875.353,"P,56058,1282"
1791506875.353,"P,56058,1282"
1791506875.353,"P,56058,154"
1791506875.353,"P,56059,1282"
1791506875.353,"P,56059,1282"
1791506875.353,"P,56059,1282"
1791506875.353,"P,56059,1282"
1791506875.353,"P,56059,154"
1791506875.353,"P,56061,1282"
1791506875.353,"P,56061,1282"
1791506875.353,"P,56061,1282"
1791506875.353,"P,56061,1282"
1791506875.353,"P,56061,154"
1791506875.353,"P,56062,1282"
1791506875.353,"P,56062,1282"
1791506875.353,"P,56062,1282"
1791506875.353,"P,56062,154"
1791506875.353,"B,56076,10,5c:62:8b:66:67:d2,15556,20,38436,38,-47,A,5c:62:8b:66:67:d2,0,9,0,11"
1791506875.353,"B,56076,10,72:3b:01:24:b7:c8,112,4,14786,13,-37,S,5c:62:8b:66:67:d2,4,0,0,0"
1791506875.353,"B,56076,10,cc:b8:5e:ad:5c:4a,38324,34,770,7,-47,S,5c:62:8b:66:67:d2,0,5,0,29"
1791506875.353,"P,56095,28"
1791506875.353,"P,56096,126"
1791506875.353,"P,56100,1282"
1791506875.353,"P,56101,1282"
1791506875.353,"P,56102,1282"
1791506875.353,"P,56102,1282"
1791506875.353,"P,56103,1282"
1791506875.353,"P,56103,1282"
1791506875.353,"P,56144,1282"
1791506875.353,"P,56144,1282"
1791506875.353,"P,56148,1282"
1791506875.353,"P,56148,1282"
1791506875.353,"P,56149,1282"
1791506875.353,"P,56149,1282"
1791506875.353,"P,56149,1282"
1791506875.353,"P,56149,1282"
1791506875.353,"P,56150,1282"
1791506875.353,"P,56151,1282"
1791506875.353,"P,56151,1282"
1791506875.353,"P,56152,1282"
1791506875.353,"P,56155,1282"
1791506875.353,"P,56157,1282"
1791506875.353,"P,56157,1282"
1791506875.353,"P,56157,1282"
1791506875.353,"P,56157,1282"
1791506875.353,"P,56158,1282"
1791506875.353,"P,56158,1282"
1791506875.353,"P,56158,1282"
1791506875.353,"P,56158,1282"
1791506875.353,"P,56159,1282"
1791506875.353,"P,56159,1282"
1791506875.353,"P,56159,1282"
1791506875.353,"P,56159,1282"
1791506875.353,"P,56160,1282"
1791506875.353,"P,56160,1282"
1791506875.353,"P,56160,1282"
1791506875.353,"P,56160,1282"
1791506875.353,"P,56160,1282"
1791506875.353,"P,56161,1282"
1791506875.353,"P,56161,1282"
1791506875.353,"P,56164,1282"
1791506875.353,"P,56166,1282"
1791506875.353,"P,56169,1282"
1791506875.353,"P,56172,1282"
1791506875.353,"P,56176,1282"
1791506875.353,"B,56176,10,5c:62:8b:66:67:d2,20110,23,55420,50,-48,A,5c:62:8b:66:67:d2,0,8,0,15"
1791506875.353,"B,56176,10,72:3b:01:24:b7:c8,112,4,19230,15,-35,S,5c:62:8b:66:67:d2,4,0,0,0"
1791506875.353,"B,56176,10,cc:b8:5e:ad:5c:4a,55280,45,880,8,-45,S,5c:62:8b:66:67:d2,1,1,0,43"
1791506875.353,"B,56176,10,b2:db:ca:e6:29:a6,28,1,0,0,-45,S,5c:62:8b:66:67:d2,1,0,0,0"
1791506875.353,"P,56176,1282"
1791506875.353,"P,56176,1282"
1791506875.353,"P,56176,1282"
1791506875.353,"P,56177,1282"
1791506875.353,"P,56177,1282"
1791506875.353,"P,56177,1282"
1791506875.353,"P,56177,1282"
1791506875.353,"P,56177,1282"
1791506875.353,"P,56177,1282"
1791506875.353,"P,56178,1282"
1791506875.353,"P,56178,1282"
1791506875.353,"P,56179,1282"
1791506875.353,"P,56179,1282"
1791506875.353,"P,56182,1282"
1791506875.554,"P,56186,1282"
1791506875.554,"P,56186,1282"
1791506875.554,"P,56187,1282"
1791506875.554,"P,56187,1282"
1791506875.554,"P,56187,1282"
1791506875.554,"P,56187,1282"
1791506875.554,"P,56188,1282"
1791506875.554,"P,56188,1282"
1791506875.554,"P,56188,1282"
1791506875.554,"P,56188,1282"
1791506875.554,"P,56189,1282"
1791506875.554,"P,56189,1282"
1791506875.554,"P,56189,1282"
1791506875.554,"P,56189,1282"
1791506875.554,"P,56190,1282"
1791506875.554,"P,56190,1282"
1791506875.554,"P,56191,1282"
1791506875.554,"P,56191,1282"
1791506875.554,"P,56193,1282"
1791506875.554,"P,56196,1282"
1791506875.554,"P,56197,1282"
1791506875.554,"P,56199,1282"
1791506875.554,"P,56201,1282"
1791506875.554,"P,56206,1282"
1791506875.554,"P,56209,1282"
1791506875.554,"P,56209,1282"
1791506875.554,"P,56210,1282"
1791506875.554,"P,56210,1282"
1791506875.554,"P,56210,1282"
1791506875.554,"P,56211,1282"
1791506875.554,"P,56211,1282"
1791506875.554,"P,56211,1282"
1791506875.554,"P,56211,1282"
1791506875.554,"P,56211,1282"
1791506875.554,"P,56212,1282"
1791506875.554,"P,56212,1282"
1791506875.554,"P,56212,1282"
1791506875.554,"P,56212,1282"
1791506875.554,"P,56216,1282"
1791506875.554,"P,56218,1282"
1791506875.554,"P,56221,1282"
1791506875.554,"P,56223,1282"
1791506875.554,"P,56225,1282"
1791506875.554,"P,56228,1282"
1791506875.554,"P,56228,28"
1791506875.554,"P,56229,1282"
1791506875.554,"P,56229,1282"
1791506875.554,"P,56229,1282"
1791506875.554,"P,56229,1282"
1791506875.554,"P,56230,1282"
1791506875.554,"P,56230,1282"
1791506875.554,"P,56230,1282"
1791506875.554,"P,56230,1282"
1791506875.554,"P,56230,1282"
1791506875.554,"P,56230,1282"
1791506875.554,"P,56230,1282"
1791506875.554,"P,56231,1282"
1791506875.554,"P,56231,1282"
1791506875.554,"P,56231,1282"
1791506875.554,"P,56232,1282"
1791506875.554,"P,56234,1282"
1791506875.554,"P,56236,1282"
1791506875.554,"P,56237,1282"
1791506875.554,"P,56237,1282"
1791506875.554,"P,56238,1282"
1791506875.554,"P,56240,1282"
1791506875.554,"P,56242,1282"
1791506875.554,"P,56242,1282"
1791506875.554,"P,56242,1282"
1791506875.554,"A,56245,10,d8:0d:17:46:46:1a,-59,spike"
1791506875.554,"P,56254,1282"
1791506875.554,"P,56254,1282"
1791506875.554,"P,56254,1282"
1791506875.554,"P,56254,1282"
1791506875.554,"P,56255,1282"
1791506875.554,"P,56255,1282"
1791506875.554,"P,56255,1282"
1791506875.554,"P,56255,1282"
1791506875.554,"P,56256,1282"
1791506875.554,"P,56256,1282"
1791506875.554,"P,56256,1282"
1791506875.554,"P,56256,1282"
1791506875.554,"P,56256,1282"
1791506875.554,"P,56256,1282"
1791506875.554,"P,56256,1282"
1791506875.554,"P,56257,1282"
1791506875.554,"P,56257,1282"
1791506875.554,"P,56257,1282"
1791506875.554,"P,56257,1282"
1791506875.554,"P,56258,1282"
1791506875.554,"P,56258,1282"
1791506875.554,"P,56258,1282"
1791506875.554,"P,56258,1282"
1791506875.554,"P,56258,1282"
1791506875.554,"P,56259,1282"
1791506875.554,"P,56259,1282"
1791506875.554,"P,56259,1282"
1791506875.554,"P,56259,1282"
1791506875.554,"P,56259,1282"
1791506875.554,"P,56260,1282"
1791506875.554,"P,56260,1282"
1791506875.554,"P,56260,1282"
1791506875.554,"P,56262,1282"
1791506875.554,"P,56264,1282"
1791506875.554,"P,56267,1282"
1791506875.554,"P,56270,1282"
1791506875.554,"P,56273,1282"
1791506875.554,"P,56275,1282"
1791506875.554,"B,56276,10,5c:62:8b:66:67:d2,54770,71,153896,122,-47,A,5c:62:8b:66:67:d2,0,31,0,40"
1791506875.554,"B,56276,10,72:3b:01:24:b7:c8,0,0,51280,40,0,S,5c:62:8b:66:67:d2,0,0,0,0"
1791506875.554,"B,56276,10,cc:b8:5e:ad:5c:4a,153868,121,3490,31,-44,S,5c:62:8b:66:67:d2,1,0,0,120"
1791506875.554,"B,56276,10,b2:db:ca:e6:29:a6,28,1,0,0,-47,S,5c:62:8b:66:67:d2,1,0,0,0"
1791506875.554,"P,56280,1282"
1791506875.554,"P,56284,1282"
1791506875.554,"P,56287,1282"
1791506875.554,"P,56287,1282"
1791506875.554,"P,56287,1282"
1791506875.554,"P,56288,1282"
1791506875.554,"P,56288,1282"
1791506875.554,"P,56288,1282"
1791506875.554,"P,56290,1282"
1791506875.554,"P,56291,1282"
1791506875.554,"P,56291,1282"
1791506875.554,"P,56293,1282"
1791506875.554,"P,56293,1282"
1791506875.554,"P,56293,1282"
1791506875.554,"P,56295,1282"
1791506875.554,"P,56295,1282"
1791506875.554,"P,56296,1282"
1791506875.554,"P,56296,1282"
1791506875.554,"P,56296,1282"
1791506875.554,"P,56296,1282"
1791506875.554,"P,56297,1282"
1791506875.554,"P,56297,1282"
1791506875.554,"P,56298,1282"
1791506875.554,"P,56298,1282"
1791506875.554,"P,56298,1282"
1791506875.554,"P,56298,1282"
1791506875.554,"P,56299,1282"
1791506875.554,"P,56299,1282"
1791506875.554,"P,56299,1282"
1791506875.554,"P,56301,1282"
1791506875.554,"P,56304,1282"
1791506875.554,"P,56305,1282"
1791506875.554,"P,56305,1282"
1791506875.554,"P,56305,1282"
1791506875.554,"P,56306,28"
1791506875.554,"P,56307,1282"
1791506875.554,"P,56307,1282"
1791506875.554,"P,56307,1282"
1791506875.554,"P,56307,1282"
1791506875.554,"P,56308,1282"
1791506875.554,"P,56308,1282"
1791506875.554,"P,56308,1282"
1791506875.554,"P,56310,1282"
1791506875.554,"P,56310,1282"
1791506875.554,"P,56312,1282"
1791506875.554,"P,56312,1282"
1791506875.554,"P,56313,1282"
1791506875.554,"P,56313,1282"
1791506875.554,"P,56313,1282"
1791506875.554,"P,56313,1238"
1791506875.554,"P,56314,1282"
1791506875.554,"P,56314,1282"
1791506875.554,"P,56315,1282"
1791506875.554,"P,56316,1282"
1791506875.554,"P,56319,1282"
1791506875.554,"P,56321,1238"
1791506875.554,"P,56321,1282"
1791506875.554,"P,56322,1282"
1791506875.554,"P,56322,1282"
1791506875.554,"P,56322,282"
1791506875.554,"P,56322,1282"
1791506875.554,"P,56322,1282"
1791506875.554,"P,56322,1282"
1791506875.554,"P,56322,1282"
1791506875.554,"P,56323,1282"
1791506875.554,"P,56324,1282"
1791506875.554,"P,56325,1282"
1791506875.554,"P,56326,1282"
1791506875.554,"P,56326,1282"
1791506875.554,"P,56328,1282"
1791506875.554,"P,56330,1282"
1791506875.554,"P,56330,654"
1791506875.554,"P,56331,1282"
1791506875.554,"P,56331,1282"
1791506875.554,"P,56331,1282"
1791506875.554,"P,56331,654"
1791506875.554,"P,56340,1282"
1791506875.554,"P,56340,1282"
1791506875.554,"P,56341,1282"
1791506875.554,"P,56343,1282"
1791506875.554,"P,56360,238"
1791506875.554,"P,56360,238"
1791506875.554,"P,56360,238"
1791506875.554,"P,56361,238"
1791506875.554,"P,56361,238"
1791506875.554,"B,56376,10,5c:62:8b:66:67:d2,65194,75,100236,88,-47,A,5c:62:8b:66:67:d2,0,27,0,48"
1791506875.554,"B,56376,10,72:3b:01:24:b7:c8,84,3,62428,50,-37,S,5c:62:8b:66:67:d2,3,0,0,0"
1791506875.554,"B,56376,10,cc:b8:5e:ad:5c:4a,100152,85,2766,25,-44,S,5c:62:8b:66:67:d2,1,8,0,76"
1791506875.554,"P,56380,1282"
1791506875.554,"P,56380,1282"
1791506875.554,"P,56381,1282"
1791506875.554,"P,56381,1282"
1791506875.554,"P,56381,1282"
1791506875.554,"P,56381,1282"
1791506875.554,"P,56382,1282"
1791506875.554,"P,56382,1282"
1791506875.756,"P,56455,28"
1791506875.756,"P,56456,28"
1791506875.756,"P,56456,28"
1791506875.756,"P,56456,654"
1791506875.756,"P,56459,1282"
1791506875.756,"P,56460,1282"
1791506875.756,"P,56460,1282"
1791506875.756,"P,56461,1282"
1791506875.756,"P,56461,1282"
1791506875.756,"P,56461,1282"
1791506875.756,"P,56462,1282"
1791506875.756,"P,56462,1282"
1791506875.756,"P,56462,1282"
1791506875.756,"P,56464,1282"
1791506875.756,"P,56465,1282"
1791506875.756,"P,56465,1282"
1791506875.756,"P,56467,1282"
1791506875.756,"P,56468,1282"
1791506875.756,"P,56471,1282"
1791506875.756,"P,56474,1282"
1791506875.756,"P,56477,1282"
1791506875.756,"B,56476,10,5c:62:8b:66:67:d2,12445,21,32844,31,-47,A,5c:62:8b:66:67:d2,0,13,0,8"
1791506875.756,"B,56476,10,72:3b:01:24:b7:c8,56,2,11513,13,-35,S,5c:62:8b:66:67:d2,2,0,0,0"
1791506875.756,"B,56476,10,cc:b8:5e:ad:5c:4a,32788,29,932,8,-44,S,5c:62:8b:66:67:d2,3,1,0,25"
1791506875.756,"P,56478,1210"
1791506875.756,"P,56479,1282"
1791506875.756,"P,56480,1282"
1791506875.756,"P,56483,1282"
1791506875.756,"P,56483,1282"
1791506875.756,"P,56488,1182"
1791506875.756,"P,56497,1282"
1791506875.756,"P,56497,1282"
1791506875.756,"P,56498,1282"
1791506875.756,"P,56498,1282"
1791506875.756,"P,56498,662"
1791506875.756,"B,56576,10,5c:62:8b:66:67:d2,15252,18,13394,14,-47,A,5c:62:8b:66:67:d2,0,7,1,10"
1791506875.756,"B,56576,10,72:3b:01:24:b7:c8,28,1,14592,12,-37,S,5c:62:8b:66:67:d2,1,0,0,0"
1791506875.756,"B,56576,10,cc:b8:5e:ad:5c:4a,13310,11,660,6,-46,S,5c:62:8b:66:67:d2,0,1,1,9"
1791506875.756,"B,56576,10,b2:db:ca:e6:29:a6,56,2,0,0,-46,S,5c:62:8b:66:67:d2,2,0,0,0"
1791506875.756,"P,56578,28"
1791506875.756,"P,56578,1282"
1791506875.756,"P,56579,1282"
1791506875.756,"P,56579,1282"
1791506875.756,"P,56579,1282"
1791506875.756,"P,56579,1282"
1791506875.756,"P,56579,1282"
1791506875.756,"P,56580,1282"
1791506875.957,"B,56676,10,5c:62:8b:66:67:d2,0,0,9058,10,-52,A,5c:62:8b:66:67:d2,0,0,0,0"
1791506875.957,"B,56676,10,cc:b8:5e:ad:5c:4a,9002,8,0,0,-45,S,5c:62:8b:66:67:d2,1,0,0,7"
1791506875.957,"B,56676,10,b2:db:ca:e6:29:a6,56,2,0,0,-46,S,5c:62:8b:66:67:d2,2,0,0,0"
1791506875.957,"P,56694,28"
1791506875.957,"P,56694,1282"
1791506875.957,"P,56695,1282"
1791506875.957,"P,56697,1282"
1791506875.957,"P,56697,1282"
1791506875.957,"P,56697,1282"
1791506875.957,"P,56697,1282"
1791506875.957,"P,56698,1282"
1791506875.957,"P,56700,1282"
1791506875.957,"P,56700,1282"
1791506875.957,"P,56701,1282"
1791506875.957,"P,56701,1082"
1791506875.957,"P,56702,1282"
1791506875.957,"P,56702,1282"
1791506875.957,"P,56706,1282"
1791506875.957,"P,56707,1282"
1791506875.957,"P,56707,1282"
1791506875.957,"P,56707,486"
1791506875.957,"P,56708,1282"
1791506875.957,"P,56708,1282"
1791506875.957,"P,56708,1282"
1791506875.957,"P,56709,1282"
1791506875.957,"P,56709,486"
1791506875.957,"P,56709,1282"
1791506875.957,"P,56709,1282"
1791506875.957,"P,56709,1282"
1791506875.957,"P,56709,1282"
1791506875.957,"P,56709,474"
1791506875.957,"P,56710,1282"
1791506875.957,"P,56710,1282"
1791506875.957,"P,56710,486"
1791506875.957,"P,56711,1282"
1791506875.957,"P,56711,1282"
1791506875.957,"P,56711,1282"
1791506875.957,"P,56711,1282"
1791506875.957,"P,56711,474"
1791506875.957,"P,56713,1282"
1791506875.957,"P,56714,1282"
1791506875.957,"P,56714,486"
1791506875.957,"P,56715,1282"
1791506875.957,"P,56715,1282"
1791506875.957,"P,56715,1282"
1791506875.957,"P,56715,1282"
1791506875.957,"P,56715,474"
1791506875.957,"B,56776,10,5c:62:8b:66:67:d2,30886,40,49402,46,-47,A,5c:62:8b:66:67:d2,0,18,1,21"
1791506875.957,"B,56776,10,72:3b:01:24:b7:c8,28,1,29566,28,-34,S,5c:62:8b:66:67:d2,1,0,0,0"
1791506875.957,"B,56776,10,cc:b8:5e:ad:5c:4a,49346,44,1320,12,-45,S,5c:62:8b:66:67:d2,1,7,1,35"
1791506875.957,"B,56776,10,b2:db:ca:e6:29:a6,28,1,0,0,-47,S,5c:62:8b:66:67:d2,1,0,0,0"
1791506875.957,"P,56778,1282"
1791506875.957,"P,56778,1282"
1791506875.957,"P,56778,1282"
1791506875.957,"P,56779,1282"
1791506875.957,"P,56779,1282"
1791506875.957,"P,56779,1282"
1791506875.957,"P,56779,1282"
1791506875.957,"P,56779,606"
1791506875.957,"P,56780,1282"
1791506875.957,"P,56780,1282"
1791506875.957,"P,56780,1282"
1791506875.957,"P,56782,1282"
1791506875.957,"P,56787,110"
1791506876.157,"P,56790,138"
1791506876.157,"P,56857,28"
1791506876.157,"P,56858,1282"
1791506876.157,"P,56858,1282"
1791506876.157,"P,56858,1282"
1791506876.157,"P,56858,1282"
1791506876.157,"P,56859,1282"
1791506876.157,"P,56859,1282"
1791506876.157,"P,56859,1282"
1791506876.157,"P,56859,1282"
1791506876.157,"P,56859,1282"
1791506876.157,"P,56860,1282"
1791506876.157,"P,56860,1282"
1791506876.157,"P,56861,1282"
1791506876.157,"P,56861,1282"
1791506876.157,"P,56861,1282"
1791506876.157,"P,56864,1282"
1791506876.157,"P,56866,1282"
1791506876.157,"P,56866,1282"
1791506876.157,"P,56869,1282"
1791506876.157,"P,56871,1282"
1791506876.157,"P,56871,1282"
1791506876.157,"P,56871,450"
1791506876.157,"P,56871,1282"
1791506876.157,"P,56872,1282"
1791506876.157,"P,56872,450"
1791506876.157,"P,56872,1282"
1791506876.157,"P,56872,1282"
1791506876.157,"P,56872,450"
1791506876.157,"P,56873,1282"
1791506876.157,"P,56873,1282"
1791506876.157,"P,56873,450"
1791506876.157,"P,56875,1282"
1791506876.157,"B,56876,10,5c:62:8b:66:67:d2,13038,17,51398,46,-47,A,5c:62:8b:66:67:d2,0,8,0,9"
1791506876.157,"B,56876,10,72:3b:01:24:b7:c8,0,0,12144,10,0,S,5c:62:8b:66:67:d2,0,0,0,0"
1791506876.157,"B,56876,10,cc:b8:5e:ad:5c:4a,51398,46,894,7,-46,S,5c:62:8b:66:67:d2,1,7,0,38"
1791506876.157,"P,56878,1282"
1791506876.157,"P,56879,450"
1791506876.157,"P,56896,1282"
1791506876.157,"P,56897,1282"
1791506876.157,"P,56897,1002"
1791506876.157,"P,56977,28"
1791506876.157,"B,56976,10,5c:62:8b:66:67:d2,5628,8,5494,12,-47,A,5c:62:8b:66:67:d2,0,4,1,3"
1791506876.157,"B,56976,10,72:3b:01:24:b7:c8,168,6,5298,5,-35,S,5c:62:8b:66:67:d2,6,0,0,0"
1791506876.157,"B,56976,10,cc:b8:5e:ad:5c:4a,5326,6,330,3,-43,S,5c:62:8b:66:67:d2,1,1,1,3"
1791506876.157,"P,56978,1282"
1791506876.157,"P,56978,1282"
1791506876.157,"P,56979,1282"
1791506876.157,"P,56979,1282"
1791506876.157,"P,56979,1282"
1791506876.157,"P,56979,1282"
1791506876.157,"P,56979,1282"
1791506876.157,"P,56980,1282"
1791506876.157,"P,56981,1282"
1791506876.157,"P,56981,1282"
1791506876.157,"P,56981,1282"
1791506876.157,"P,56981,1282"
1791506876.157,"P,56981,1282"
1791506876.157,"P,56981,1282"
1791506876.157,"P,56982,1282"
1791506876.157,"P,56982,1282"
1791506876.157,"P,56984,1282"
1791506876.157,"P,56987,1282"
1791506876.157,"P,56990,1282"
1791506876.357,"P,56993,1282"
1791506876.357,"P,56998,1282"
1791506876.357,"P,56998,1282"
1791506876.357,"P,56998,1282"
1791506876.357,"P,56998,1282"
1791506876.357,"P,57000,1282"
1791506876.357,"P,57000,194"
1791506876.357,"P,57057,1282"
1791506876.357,"P,57058,1282"
1791506876.357,"P,57058,1282"
1791506876.357,"P,57058,1282"
1791506876.357,"P,57058,1282"
1791506876.357,"P,57059,1282"
1791506876.357,"P,57059,1282"
1791506876.357,"P,57059,1282"
1791506876.357,"P,57063,1282"
1791506876.357,"P,57063,1282"
1791506876.357,"P,57065,1282"
1791506876.357,"P,57068,1282"
1791506876.357,"P,57077,246"
1791506876.357,"B,57076,10,5c:62:8b:66:67:d2,14076,20,47874,39,-47,A,5c:62:8b:66:67:d2,0,10,0,10"
1791506876.357,"B,57076,10,72:3b:01:24:b7:c8,0,0,13306,13,0,S,5c:62:8b:66:67:d2,0,0,0,0"
1791506876.357,"B,57076,10,cc:b8:5e:ad:5c:4a,47874,39,770,7,-45,S,5c:62:8b:66:67:d2,0,2,0,37"
1791506876.357,"P,57078,246"
1791506876.357,"P,57078,246"
1791506876.357,"P,57078,246"
1791506876.357,"P,57079,246"
1791506876.357,"P,57082,28"
1791506876.357,"P,57082,28"
1791506876.357,"P,57083,28"
1791506876.357,"P,57084,28"
1791506876.357,"P,57085,202"
1791506876.357,"P,57085,202"
1791506876.357,"P,57086,202"
1791506876.357,"P,57098,1282"
1791506876.357,"P,57098,1282"
1791506876.357,"P,57099,1282"
1791506876.357,"P,57099,1282"
1791506876.357,"P,57099,606"
1791506876.357,"P,57178,1282"
1791506876.357,"B,57176,10,5c:62:8b:66:67:d2,5416,10,8718,17,-47,A,5c:62:8b:66:67:d2,0,7,0,3"
1791506876.357,"B,57176,10,72:3b:01:24:b7:c8,0,0,4900,6,0,S,5c:62:8b:66:67:d2,0,0,0,0"
1791506876.357,"B,57176,10,cc:b8:5e:ad:5c:4a,8718,17,516,4,-45,S,5c:62:8b:66:67:d2,4,8,0,5"
1791506876.357,"B,57176,10,b0:a7:b9:23:82:ee,0,0,90,3,-88,A,b0:a7:b9:23:82:ee,0,0,0,0"
1791506876.357,"B,57176,10,f2:51:4e:f8:1a:7f,90,3,0,0,-89,S,b0:a7:b9:23:82:ee,3,0,0,0"
1791506876.357,"P,57178,1282"
1791506876.357,"P,57178,1282"
1791506876.357,"P,57179,1282"
1791506876.357,"P,57179,1282"
1791506876.357,"P,57179,1282"
1791506876.357,"P,57179,1282"
1791506876.357,"P,57179,1282"
1791506876.357,"P,57180,1282"
1791506876.357,"P,57180,1282"
1791506876.357,"P,57180,1282"
1791506876.357,"P,57180,1282"
1791506876.357,"P,57180,1282"
1791506876.357,"P,57182,1282"
1791506876.357,"P,57182,1282"
1791506876.357,"P,57182,1282"
1791506876.357,"P,57182,1282"
1791506876.357,"P,57183,1282"
1791506876.357,"P,57185,1282"
1791506876.357,"P,57187,1282"
1791506876.357,"P,57190,1282"
1791506876.558,"P,57191,1282"
1791506876.558,"P,57191,1282"
1791506876.558,"P,57193,1282"
1791506876.558,"P,57196,1282"
1791506876.558,"P,57201,1282"
1791506876.558,"P,57204,28"
1791506876.558,"P,57205,1282"
1791506876.558,"P,57205,1282"
1791506876.558,"P,57206,1282"
1791506876.558,"P,57206,1282"
1791506876.558,"P,57206,726"
1791506876.558,"P,57258,1282"
1791506876.558,"P,57258,1282"
1791506876.558,"P,57259,1282"
1791506876.558,"P,57259,1282"
1791506876.558,"P,57259,1282"
1791506876.558,"P,57259,1282"
1791506876.558,"P,57259,1282"
1791506876.558,"B,57276,10,5c:62:8b:66:67:d2,19334,21,47018,42,-47,A,5c:62:8b:66:67:d2,0,6,1,14"
1791506876.558,"B,57276,10,72:3b:01:24:b7:c8,112,4,18674,15,-36,S,5c:62:8b:66:67:d2,4,0,0,0"
1791506876.558,"B,57276,10,cc:b8:5e:ad:5c:4a,46906,38,660,6,-45,S,5c:62:8b:66:67:d2,1,0,1,36"
1791506876.558,"P,57278,1122"
1791506876.558,"P,57279,1122"
1791506876.558,"P,57279,1122"
1791506876.558,"P,57280,1122"
1791506876.558,"P,57283,1122"
1791506876.558,"P,57298,1282"
1791506876.558,"P,57298,1282"
1791506876.558,"P,57298,1282"
1791506876.558,"P,57298,1094"
1791506876.558,"P,57302,1094"
1791506876.558,"P,57378,28"
1791506876.558,"B,57376,10,5c:62:8b:66:67:d2,6502,9,11672,11,-47,A,5c:62:8b:66:67:d2,0,4,2,3"
1791506876.558,"B,57376,10,72:3b:01:24:b7:c8,0,0,6062,5,0,S,5c:62:8b:66:67:d2,0,0,0,0"
1791506876.558,"B,57376,10,cc:b8:5e:ad:5c:4a,11672,11,440,4,-45,S,5c:62:8b:66:67:d2,1,0,7,3"
1791506876.558,"P,57378,1282"
1791506876.558,"P,57379,1282"
1791506876.558,"P,57379,1282"
1791506876.558,"P,57379,1282"
1791506876.558,"P,57379,1282"
1791506876.558,"P,57380,1282"
1791506876.558,"P,57380,1282"
1791506876.558,"P,57380,1282"
1791506876.558,"P,57380,1282"
1791506876.558,"P,57380,1282"
1791506876.558,"P,57382,1282"
1791506876.558,"P,57382,1282"
1791506876.558,"P,57382,1282"
1791506876.558,"P,57382,1282"
1791506876.558,"P,57382,1282"
1791506876.558,"P,57384,1282"
1791506876.558,"P,57384,1282"
1791506876.558,"P,57384,1282"
1791506876.558,"P,57386,1282"
1791506876.558,"P,57389,1282"
1791506876.758,"P,57392,1282"
1791506876.758,"P,57398,1282"
1791506876.758,"P,57399,1282"
1791506876.758,"P,57399,1282"
1791506876.758,"P,57399,1282"
1791506876.758,"P,57399,946"
1791506876.758,"P,57399,1282"
1791506876.758,"P,57401,1282"
1791506876.758,"P,57458,1282"
1791506876.758,"P,57458,1282"
1791506876.758,"P,57459,1282"
1791506876.758,"P,57459,1282"
1791506876.758,"P,57459,1282"
1791506876.758,"P,57461,1282"
1791506876.758,"P,57461,1282"
1791506876.758,"P,57461,1282"
1791506876.758,"P,57462,1282"
1791506876.758,"P,57462,1282"
1791506876.758,"P,57462,1282"
1791506876.758,"P,57463,1190"
1791506876.758,"B,57476,10,5c:62:8b:66:67:d2,16065,21,50880,41,-47,A,5c:62:8b:66:67:d2,0,9,1,11"
1791506876.758,"B,57476,10,72:3b:01:24:b7:c8,28,1,15295,14,-38,S,5c:62:8b:66:67:d2,1,0,0,0"
1791506876.758,"B,57476,10,cc:b8:5e:ad:5c:4a,50852,40,770,7,-46,S,5c:62:8b:66:67:d2,0,0,2,38"
1791506876.758,"P,57497,28"
1791506876.758,"P,57498,1282"
1791506876.758,"P,57498,1282"
1791506876.758,"P,57498,762"
1791506876.758,"B,57576,10,5c:62:8b:66:67:d2,7300,8,3466,8,-47,A,5c:62:8b:66:67:d2,0,2,2,4"
1791506876.758,"B,57576,10,72:3b:01:24:b7:c8,112,4,7080,6,-36,S,5c:62:8b:66:67:d2,4,0,0,0"
1791506876.758,"B,57576,10,cc:b8:5e:ad:5c:4a,3354,4,220,2,-47,S,5c:62:8b:66:67:d2,1,0,1,2"
1791506876.758,"P,57582,1282"
1791506876.758,"P,57582,1282"
1791506876.758,"P,57582,1282"
1791506876.758,"P,57582,1282"
1791506876.758,"P,57583,1282"
1791506876.758,"P,57586,1282"
1791506876.758,"P,57587,1282"
1791506876.758,"P,57587,1282"
1791506876.758,"P,57587,1282"
1791506876.758,"P,57588,1282"
1791506876.758,"P,57588,1282"
1791506876.758,"P,57588,1282"
1791506876.758,"P,57589,1282"
1791506876.758,"P,57589,1282"
1791506876.758,"P,57589,1282"
1791506876.758,"P,57590,306"
1791506876.959,"P,57592,1282"
1791506876.959,"P,57593,1282"
1791506876.959,"P,57593,1282"
1791506876.959,"P,57593,306"
1791506876.959,"P,57595,1282"
1791506876.959,"P,57598,1282"
1791506876.959,"P,57600,1282"
1791506876.959,"P,57603,1282"
1791506876.959,"P,57604,306"
1791506876.959,"P,57657,28"
1791506876.959,"P,57658,1282"
1791506876.959,"P,57658,1282"
1791506876.959,"P,57659,1282"
1791506876.959,"P,57659,1282"
1791506876.959,"P,57659,618"
1791506876.959,"P,57659,1282"
1791506876.959,"P,57659,1282"
1791506876.959,"P,57659,1282"
1791506876.959,"P,57661,1282"
1791506876.959,"B,57676,10,5c:62:8b:66:67:d2,16433,24,40024,35,-47,A,5c:62:8b:66:67:d2,0,13,0,11"
1791506876.959,"B,57676,10,72:3b:01:24:b7:c8,0,0,15663,17,0,S,5c:62:8b:66:67:d2,0,0,0,0"
1791506876.959,"B,57676,10,cc:b8:5e:ad:5c:4a,40024,35,770,7,-45,S,5c:62:8b:66:67:d2,1,4,0,30"
1791506876.959,"P,57698,1282"
1791506876.959,"P,57698,1282"
1791506876.959,"P,57699,1282"
1791506876.959,"P,57699,1282"
1791506876.959,"P,57699,878"
1791506876.959,"P,57700,1282"
1791506876.959,"P,57700,1282"
1791506876.959,"P,57700,1282"
1791506876.959,"P,57701,1282"
1791506876.959,"P,57701,878"
1791506876.959,"P,57701,1282"
1791506876.959,"P,57701,1282"
1791506876.959,"P,57702,1282"
1791506876.959,"P,57702,1282"
1791506876.959,"P,57702,878"
1791506876.959,"P,57702,1282"
1791506876.959,"B,57776,10,5c:62:8b:66:67:d2,207,1,19412,20,-49,A,5c:62:8b:66:67:d2,0,1,0,0"
1791506876.959,"B,57776,10,72:3b:01:24:b7:c8,112,4,207,1,-35,S,5c:62:8b:66:67:d2,4,0,0,0"
1791506876.959,"B,57776,10,cc:b8:5e:ad:5c:4a,19300,16,0,0,-47,S,5c:62:8b:66:67:d2,0,0,3,13"
1791506876.959,"P,57791,28"
1791506877.160,"P,57792,1282"
1791506877.160,"P,57792,1282"
1791506877.160,"P,57792,1282"
1791506877.160,"P,57792,1282"
1791506877.160,"P,57793,1282"
1791506877.160,"P,57793,1282"
1791506877.160,"P,57793,1282"
1791506877.160,"P,57793,1282"
1791506877.160,"P,57793,1282"
1791506877.160,"P,57794,1150"
1791506877.160,"P,57794,1282"
1791506877.160,"P,57794,1282"
1791506877.160,"P,57794,1282"
1791506877.160,"P,57795,1282"
1791506877.160,"P,57795,1282"
1791506877.160,"P,57795,1150"
1791506877.160,"P,57796,1282"
1791506877.160,"P,57796,1282"
1791506877.160,"P,57796,1282"
1791506877.160,"P,57796,1282"
1791506877.160,"P,57796,1282"
1791506877.160,"P,57796,1150"
1791506877.160,"P,57798,1282"
1791506877.160,"P,57801,1282"
1791506877.160,"P,57804,1282"
1791506877.160,"P,57807,1282"
1791506877.160,"P,57808,1282"
1791506877.160,"P,57808,1150"
1791506877.160,"P,57861,1282"
1791506877.160,"P,57861,1282"
1791506877.160,"P,57862,1282"
1791506877.160,"P,57862,1282"
1791506877.160,"P,57862,1282"
1791506877.160,"P,57862,1282"
1791506877.160,"P,57862,1282"
1791506877.160,"P,57863,1282"
1791506877.160,"P,57863,1282"
1791506877.160,"P,57863,1282"
1791506877.160,"P,57864,1282"
1791506877.160,"P,57864,1282"
1791506877.160,"P,57864,1282"
1791506877.160,"P,57864,1282"
1791506877.160,"P,57864,1282"
1791506877.160,"P,57865,1282"
1791506877.160,"B,57876,10,5c:62:8b:66:67:d2,13383,16,56328,60,-47,A,5c:62:8b:66:67:d2,0,6,1,9"
1791506877.160,"B,57876,10,72:3b:01:24:b7:c8,420,15,12833,11,-36,S,5c:62:8b:66:67:d2,15,0,0,0"
1791506877.160,"B,57876,10,cc:b8:5e:ad:5c:4a,55908,45,550,5,-46,S,5c:62:8b:66:67:d2,1,0,4,40"
1791506877.160,"P,57891,28"
1791506877.160,"P,57892,510"
1791506877.160,"P,57893,510"
1791506877.160,"P,57893,510"
1791506877.160,"P,57898,1282"
1791506877.160,"P,57898,1282"
1791506877.160,"P,57900,1282"
1791506877.160,"P,57900,1282"
1791506877.160,"P,57900,1142"
1791506877.160,"P,57902,1282"
1791506877.160,"P,57903,1282"
1791506877.160,"P,57903,1142"
1791506877.160,"P,57906,1282"
1791506877.160,"P,57909,1282"
1791506877.160,"P,57910,1142"
1791506877.160,"B,57976,10,5c:62:8b:66:67:d2,9894,13,15240,15,-47,A,5c:62:8b:66:67:d2,0,6,1,6"
1791506877.160,"B,57976,10,72:3b:01:24:b7:c8,0,0,9344,8,0,S,5c:62:8b:66:67:d2,0,0,0,0"
1791506877.160,"B,57976,10,cc:b8:5e:ad:5c:4a,15240,15,550,5,-45,S,5c:62:8b:66:67:d2,1,3,3,8"
1791506877.160,"P,57978,1282"
1791506877.160,"P,57978,1282"
1791506877.160,"P,57979,1282"
1791506877.160,"P,57979,1282"
1791506877.160,"P,57979,1282"
1791506877.160,"P,57980,1282"
1791506877.160,"P,57984,1282"
1791506877.160,"P,57985,1282"
1791506877.160,"P,57985,1282"
1791506877.160,"P,57986,1046"
1791506877.364,"P,58057,28"
1791506877.364,"P,58058,1282"
1791506877.364,"P,58058,1282"
1791506877.364,"P,58058,1282"
1791506877.364,"P,58058,426"
1791506877.364,"B,58076,10,5c:62:8b:66:67:d2,14952,18,16884,15,-47,A,5c:62:8b:66:67:d2,0,7,1,10"
1791506877.364,"B,58076,10,72:3b:01:24:b7:c8,0,0,14292,12,0,S,5c:62:8b:66:67:d2,0,0,0,0"
1791506877.364,"B,58076,10,cc:b8:5e:ad:5c:4a,16884,15,660,6,-46,S,5c:62:8b:66:67:d2,1,1,1,12"
1791506877.364,"P,58098,1282"
1791506877.364,"P,58098,1282"
1791506877.364,"P,58099,1282"
1791506877.364,"P,58099,1282"
1791506877.364,"P,58099,1282"
1791506877.364,"P,58099,1282"
1791506877.364,"P,58099,906"
1791506877.364,"B,58176,10,5c:62:8b:66:67:d2,6254,7,8654,9,-47,A,5c:62:8b:66:67:d2,0,2,1,4"
1791506877.364,"B,58176,10,72:3b:01:24:b7:c8,56,2,6034,5,-36,S,5c:62:8b:66:67:d2,2,0,0,0"
1791506877.364,"B,58176,10,cc:b8:5e:ad:5c:4a,8598,7,220,2,-47,S,5c:62:8b:66:67:d2,0,0,1,6"
1791506877.364,"P,58178,28"
1791506877.364,"P,58179,1282"
1791506877.364,"P,58179,1282"
1791506877.364,"P,58179,1282"
1791506877.364,"P,58179,1282"
1791506877.364,"P,58179,1282"
1791506877.364,"P,58179,1282"
1791506877.564,"P,58201,1282"
1791506877.564,"P,58202,1282"
1791506877.564,"P,58202,1282"
1791506877.564,"P,58203,1282"
1791506877.564,"P,58203,1282"
1791506877.564,"P,58203,1282"
1791506877.564,"P,58204,1282"
1791506877.564,"P,58204,1282"
1791506877.564,"P,58205,1282"
1791506877.564,"P,58205,1282"
1791506877.564,"P,58205,990"
1791506877.564,"P,58206,1282"
1791506877.564,"P,58206,1282"
1791506877.564,"P,58206,1282"
1791506877.564,"P,58206,1282"
1791506877.564,"P,58206,990"
1791506877.564,"P,58208,1282"
1791506877.564,"P,58211,1282"
1791506877.564,"P,58214,1282"
1791506877.564,"P,58215,1282"
1791506877.564,"P,58215,1282"
1791506877.564,"P,58215,990"
1791506877.564,"P,58217,1282"
1791506877.564,"P,58218,1282"
1791506877.564,"P,58218,990"
1791506877.564,"P,58260,1282"
1791506877.564,"P,58260,1282"
1791506877.564,"P,58260,1282"
1791506877.564,"P,58260,298"
1791506877.564,"B,58276,10,5c:62:8b:66:67:d2,18834,23,42746,36,-47,A,5c:62:8b:66:67:d2,0,9,1,13"
1791506877.564,"B,58276,10,72:3b:01:24:b7:c8,0,0,17954,15,0,S,5c:62:8b:66:67:d2,0,0,0,0"
1791506877.564,"B,58276,10,cc:b8:5e:ad:5c:4a,42746,36,880,8,-45,S,5c:62:8b:66:67:d2,1,1,4,30"
1791506877.564,"P,58299,28"
1791506877.564,"P,58299,1282"
1791506877.564,"P,58299,1282"
1791506877.564,"P,58300,1282"
1791506877.564,"P,58300,1282"
1791506877.564,"P,58300,318"
1791506877.564,"P,58300,1282"
1791506877.564,"P,58301,1282"
1791506877.564,"P,58302,1282"
1791506877.564,"P,58302,1282"
1791506877.564,"P,58302,318"
1791506877.564,"P,58302,1282"
1791506877.564,"P,58302,1282"
1791506877.564,"P,58302,318"
1791506877.564,"P,58303,1282"
1791506877.564,"P,58303,1282"
1791506877.564,"P,58305,1282"
1791506877.564,"P,58308,1282"
1791506877.564,"B,58376,10,5c:62:8b:66:67:d2,5807,8,19014,21,-47,A,5c:62:8b:66:67:d2,0,4,0,4"
1791506877.564,"B,58376,10,72:3b:01:24:b7:c8,84,3,5587,6,-36,S,5c:62:8b:66:67:d2,3,0,0,0"
1791506877.564,"B,58376,10,cc:b8:5e:ad:5c:4a,18930,18,220,2,-46,S,5c:62:8b:66:67:d2,1,3,0,14"
1791506877.564,"P,58378,1282"
1791506877.564,"P,58378,1282"
1791506877.564,"P,58379,1282"
1791506877.564,"P,58379,1282"
1791506877.564,"P,58380,1282"
1791506877.564,"P,58380,1282"
1791506877.564,"P,58380,1282"
1791506877.564,"P,58382,1282"
1791506877.564,"P,58383,1282"
1791506877.564,"P,58383,1282"
1791506877.564,"P,58383,1282"
1791506877.564,"P,58383,1282"
1791506877.564,"P,58386,1282"
1791506877.564,"P,58387,1282"
1791506877.564,"P,58387,1282"
1791506877.564,"P,58389,1282"
1791506877.564,"P,58390,1282"
1791506877.564,"P,58390,1282"
1791506877.564,"P,58390,1282"
1791506877.564,"P,58390,354"
1791506877.769,"P,58456,28"
1791506877.769,"P,58456,1282"
1791506877.769,"P,58457,1282"
1791506877.769,"P,58457,1282"
1791506877.769,"P,58457,1282"
1791506877.769,"P,58457,418"
1791506877.769,"P,58457,1282"
1791506877.769,"B,58476,10,5c:62:8b:66:67:d2,11982,22,31624,29,-47,A,5c:62:8b:66:67:d2,0,14,0,8"
1791506877.769,"B,58476,10,72:3b:01:24:b7:c8,56,2,11102,14,-36,S,5c:62:8b:66:67:d2,2,0,0,0"
1791506877.769,"B,58476,10,cc:b8:5e:ad:5c:4a,31568,27,880,8,-46,S,5c:62:8b:66:67:d2,1,2,0,24"
1791506877.769,"P,58507,1282"
1791506877.769,"P,58508,1282"
1791506877.769,"P,58508,1282"
1791506877.769,"P,58509,1282"
1791506877.769,"P,58509,1282"
1791506877.769,"P,58509,1282"
1791506877.769,"P,58509,1282"
1791506877.769,"P,58510,1282"
1791506877.769,"P,58510,1282"
1791506877.769,"P,58510,1282"
1791506877.769,"P,58510,1282"
1791506877.769,"P,58511,1282"
1791506877.769,"P,58511,630"
1791506877.769,"P,58513,1282"
1791506877.769,"P,58514,1282"
1791506877.769,"P,58514,1282"
1791506877.769,"P,58515,1282"
1791506877.769,"P,58515,1282"
1791506877.769,"P,58515,630"
1791506877.769,"P,58517,1282"
1791506877.769,"P,58518,1282"
1791506877.769,"P,58518,1282"
1791506877.769,"P,58519,1282"
1791506877.769,"P,58519,630"
1791506877.769,"P,58521,1282"
1791506877.769,"P,58524,1282"
1791506877.769,"P,58525,1282"
1791506877.769,"P,58525,630"
1791506877.769,"P,58527,630"
1791506877.769,"B,58576,10,5c:62:8b:66:67:d2,13136,16,34030,33,-47,A,5c:62:8b:66:67:d2,0,7,0,9"
1791506877.769,"B,58576,10,72:3b:01:24:b7:c8,112,4,12586,11,-35,S,5c:62:8b:66:67:d2,4,0,0,0"
1791506877.769,"B,58576,10,cc:b8:5e:ad:5c:4a,33918,29,550,5,-45,S,5c:62:8b:66:67:d2,0,5,0,24"
1791506877.769,"P,58577,28"
1791506877.769,"P,58578,28"
1791506877.769,"P,58578,28"
1791506877.769,"P,58579,1282"
1791506877.769,"P,58579,1282"
1791506877.769,"P,58580,1282"
1791506877.769,"P,58580,1282"
1791506877.769,"P,58580,1282"
1791506877.769,"P,58580,1282"
1791506877.974,"P,58611,342"
1791506877.974,"P,58611,342"
1791506877.974,"P,58612,342"
1791506877.974,"P,58612,342"
1791506877.974,"P,58613,342"
1791506877.974,"P,58658,1282"
1791506877.974,"P,58658,1282"
1791506877.974,"P,58658,1282"
1791506877.974,"P,58659,1282"
1791506877.974,"P,58659,1282"
1791506877.974,"P,58660,1282"
1791506877.974,"P,58664,846"
1791506877.974,"B,58676,10,5c:62:8b:66:67:d2,15365,21,18052,22,-47,A,5c:62:8b:66:67:d2,0,10,1,10"
1791506877.974,"B,58676,10,72:3b:01:24:b7:c8,0,0,14705,15,0,S,5c:62:8b:66:67:d2,0,0,0,0"
1791506877.974,"B,58676,10,cc:b8:5e:ad:5c:4a,18024,21,660,6,-46,S,5c:62:8b:66:67:d2,3,5,1,12"
1791506877.974,"B,58676,10,b2:db:ca:e6:29:a6,28,1,0,0,-49,S,5c:62:8b:66:67:d2,1,0,0,0"
1791506877.974,"B,58676,10,b0:a7:b9:23:82:ee,0,0,30,1,-87,A,b0:a7:b9:23:82:ee,0,0,0,0"
1791506877.974,"B,58676,10,f2:51:4e:f8:1a:7f,30,1,0,0,-93,S,b0:a7:b9:23:82:ee,1,0,0,0"
1791506877.974,"P,58698,28"
1791506877.974,"P,58698,28"
1791506877.974,"P,58699,28"
1791506877.974,"P,58700,28"
1791506877.974,"P,58701,1282"
1791506877.974,"P,58701,1282"
1791506877.974,"P,58701,1282"
1791506877.974,"P,58701,650"
1791506877.974,"P,58702,1282"
1791506877.974,"P,58702,1282"
1791506877.974,"P,58702,1282"
1791506877.974,"B,58776,10,5c:62:8b:66:67:d2,4716,6,8566,15,-47,A,5c:62:8b:66:67:d2,0,3,0,3"
1791506877.974,"B,58776,10,72:3b:01:24:b7:c8,112,4,4496,4,-35,S,5c:62:8b:66:67:d2,4,0,0,0"
1791506877.974,"B,58776,10,cc:b8:5e:ad:5c:4a,8454,11,220,2,-44,S,5c:62:8b:66:67:d2,4,1,0,6"
1791506877.974,"P,58778,1282"
1791506877.974,"P,58778,1282"
1791506877.974,"P,58779,1282"
1791506877.974,"P,58779,1282"
1791506877.974,"P,58779,1282"
1791506877.974,"P,58779,1282"
1791506877.974,"P,58780,1282"
1791506877.974,"P,58780,1282"
1791506878.179,"P,58810,28"
1791506878.179,"P,58810,82"
1791506878.179,"P,58810,82"
1791506878.179,"P,58811,82"
1791506878.179,"P,58818,1282"
1791506878.179,"P,58818,1282"
1791506878.179,"P,58818,1282"
1791506878.179,"P,58818,1282"
1791506878.179,"P,58819,1282"
1791506878.179,"P,58819,902"
1791506878.179,"P,58819,1282"
1791506878.179,"P,58820,1282"
1791506878.179,"P,58820,1282"
1791506878.179,"P,58820,902"
1791506878.179,"P,58821,1282"
1791506878.179,"P,58821,1282"
1791506878.179,"P,58821,1282"
1791506878.179,"P,58821,902"
1791506878.179,"P,58823,1282"
1791506878.179,"P,58826,1282"
1791506878.179,"P,58827,1282"
1791506878.179,"P,58827,902"
1791506878.179,"P,58860,1282"
1791506878.179,"P,58860,1282"
1791506878.179,"P,58861,1282"
1791506878.179,"P,58861,1282"
1791506878.179,"P,58861,1282"
1791506878.179,"P,58862,1282"
1791506878.179,"P,58862,1282"
1791506878.179,"P,58862,1282"
1791506878.179,"P,58862,1282"
1791506878.179,"B,58876,10,5c:62:8b:66:67:d2,11790,15,43736,43,-47,A,5c:62:8b:66:67:d2,1,5,1,8"
1791506878.179,"B,58876,10,72:3b:01:24:b7:c8,56,2,11158,9,-38,S,5c:62:8b:66:67:d2,2,0,0,0"
1791506878.179,"B,58876,10,cc:b8:5e:ad:5c:4a,43624,39,632,6,-46,S,5c:62:8b:66:67:d2,4,0,4,31"
1791506878.179,"B,58876,10,b2:db:ca:e6:29:a6,56,2,0,0,-47,S,5c:62:8b:66:67:d2,2,0,0,0"
1791506878.179,"P,58918,28"
1791506878.179,"P,58918,366"
1791506878.179,"P,58918,1282"
1791506878.179,"P,58919,366"
1791506878.179,"P,58919,1282"
1791506878.179,"P,58919,1282"
1791506878.179,"P,58919,1282"
1791506878.179,"P,58920,366"
1791506878.179,"P,58920,1282"
1791506878.179,"P,58920,1282"
1791506878.179,"P,58920,1282"
1791506878.179,"P,58920,638"
1791506878.179,"P,58921,366"
1791506878.179,"P,58921,1282"
1791506878.179,"P,58921,1282"
1791506878.179,"P,58922,1282"
1791506878.179,"P,58922,638"
1791506878.179,"P,58922,366"
1791506878.179,"P,58925,1282"
1791506878.179,"P,58926,1282"
1791506878.179,"P,58928,1282"
1791506878.179,"P,58930,638"
1791506878.179,"B,58976,10,5c:62:8b:66:67:d2,11920,16,20494,24,-47,A,5c:62:8b:66:67:d2,0,8,0,8"
1791506878.179,"B,58976,10,72:3b:01:24:b7:c8,0,0,11260,10,0,S,5c:62:8b:66:67:d2,0,0,0,0"
1791506878.179,"B,58976,10,cc:b8:5e:ad:5c:4a,20438,22,660,6,-45,S,5c:62:8b:66:67:d2,1,8,0,13"
1791506878.179,"B,58976,10,b2:db:ca:e6:29:a6,56,2,0,0,-48,S,5c:62:8b:66:67:d2,2,0,0,0"
1791506878.179,"P,58979,1282"
1791506878.179,"P,58979,1282"
1791506878.179,"P,58979,1282"
1791506878.179,"P,58979,1282"
1791506878.179,"P,58979,1282"
1791506878.179,"P,58980,1282"
1791506878.380,"P,59021,28"
1791506878.380,"P,59021,1282"
1791506878.380,"P,59021,1282"
1791506878.380,"P,59022,1282"
1791506878.380,"P,59022,1238"
1791506878.380,"P,59022,1282"
1791506878.380,"P,59022,1282"
1791506878.380,"P,59023,1282"
1791506878.380,"P,59023,1238"
1791506878.380,"P,59023,1282"
1791506878.380,"P,59024,1282"
1791506878.380,"P,59024,1282"
1791506878.380,"P,59024,1238"
1791506878.380,"P,59025,1282"
1791506878.380,"P,59025,1282"
1791506878.380,"P,59025,1282"
1791506878.380,"P,59025,1238"
1791506878.380,"P,59027,1282"
1791506878.380,"P,59030,1282"
1791506878.380,"P,59033,1282"
1791506878.380,"P,59037,1238"
1791506878.380,"P,59039,1238"
1791506878.380,"P,59058,1282"
1791506878.380,"P,59058,1282"
1791506878.380,"P,59059,1282"
1791506878.380,"P,59059,1282"
1791506878.380,"P,59059,1282"
1791506878.380,"P,59060,1282"
1791506878.380,"P,59060,1282"
1791506878.380,"P,59060,1282"
1791506878.380,"P,59060,1282"
1791506878.380,"P,59060,1282"
1791506878.380,"P,59061,1282"
1791506878.380,"P,59061,1282"
1791506878.380,"P,59061,1282"
1791506878.380,"B,59076,10,5c:62:8b:66:67:d2,26724,24,51184,46,-47,A,5c:62:8b:66:67:d2,0,3,0,21"
1791506878.380,"B,59076,10,72:3b:01:24:b7:c8,84,3,26394,21,-35,S,5c:62:8b:66:67:d2,3,0,0,0"
1791506878.380,"B,59076,10,cc:b8:5e:ad:5c:4a,51044,41,330,3,-45,S,5c:62:8b:66:67:d2,1,0,0,40"
1791506878.380,"B,59076,10,b2:db:ca:e6:29:a6,56,2,0,0,-48,S,5c:62:8b:66:67:d2,2,0,0,0"
1791506878.380,"B,59176,10,5c:62:8b:66:67:d2,7648,6,196,7,-47,A,5c:62:8b:66:67:d2,0,0,0,6"
1791506878.380,"B,59176,10,72:3b:01:24:b7:c8,140,5,7648,6,-36,S,5c:62:8b:66:67:d2,5,0,0,0"
1791506878.380,"B,59176,10,b2:db:ca:e6:29:a6,56,2,0,0,-48,S,5c:62:8b:66:67:d2,2,0,0,0"
1791506878.380,"B,59176,10,b0:a7:b9:23:82:ee,0,0,30,1,-86,A,b0:a7:b9:23:82:ee,0,0,0,0"
1791506878.380,"B,59176,10,f2:51:4e:f8:1a:7f,30,1,0,0,-95,S,b0:a7:b9:23:82:ee,1,0,0,0"
1791506878.584,"P,59237,28"
1791506878.584,"P,59238,806"
1791506878.584,"P,59238,1282"
1791506878.584,"B,59276,10,5c:62:8b:66:67:d2,2198,3,2144,4,-49,A,5c:62:8b:66:67:d2,0,1,1,1"
1791506878.584,"B,59276,10,72:3b:01:24:b7:c8,0,0,2088,2,0,S,5c:62:8b:66:67:d2,0,0,0,0"
1791506878.584,"B,59276,10,cc:b8:5e:ad:5c:4a,2116,3,110,1,-46,S,5c:62:8b:66:67:d2,1,0,1,1"
1791506878.584,"B,59276,10,b2:db:ca:e6:29:a6,28,1,0,0,-47,S,5c:62:8b:66:67:d2,1,0,0,0"
1791506878.584,"P,59365,1282"
1791506878.584,"P,59366,1282"
1791506878.584,"P,59366,1282"
1791506878.584,"P,59367,1282"
1791506878.584,"P,59367,1282"
1791506878.584,"P,59367,1282"
1791506878.584,"P,59367,1282"
1791506878.584,"P,59368,1282"
1791506878.584,"P,59368,28"
1791506878.584,"P,59369,1282"
1791506878.584,"P,59369,1282"
1791506878.584,"P,59369,1282"
1791506878.584,"P,59372,1282"
1791506878.584,"P,59373,1282"
1791506878.584,"P,59373,1282"
1791506878.584,"B,59376,10,5c:62:8b:66:67:d2,912,8,18088,19,-47,A,5c:62:8b:66:67:d2,0,8,0,0"
1791506878.584,"B,59376,10,72:3b:01:24:b7:c8,84,3,0,0,-38,S,5c:62:8b:66:67:d2,3,0,0,0"
1791506878.584,"B,59376,10,cc:b8:5e:ad:5c:4a,17976,15,912,8,-46,S,5c:62:8b:66:67:d2,1,0,0,14"
1791506878.584,"B,59376,10,b2:db:ca:e6:29:a6,28,1,0,0,-49,S,5c:62:8b:66:67:d2,1,0,0,0"
1791506878.788,"P,59432,1282"
1791506878.788,"P,59433,1282"
1791506878.788,"P,59434,1282"
1791506878.788,"P,59437,1282"
1791506878.788,"P,59439,1282"
1791506878.788,"P,59441,1282"
1791506878.788,"P,59441,1282"
1791506878.788,"P,59441,1282"
1791506878.788,"P,59441,1282"
1791506878.788,"P,59441,1282"
1791506878.788,"P,59444,1282"
1791506878.788,"P,59445,1282"
1791506878.788,"P,59445,1282"
1791506878.788,"P,59445,1282"
1791506878.788,"P,59446,1282"
1791506878.788,"P,59446,1282"
1791506878.788,"P,59446,1282"
1791506878.788,"P,59453,1282"
1791506878.788,"P,59453,1282"
1791506878.788,"P,59453,1282"
1791506878.788,"P,59455,1282"
1791506878.788,"P,59455,1282"
1791506878.788,"P,59455,1282"
1791506878.788,"P,59458,1282"
1791506878.788,"P,59458,1282"
1791506878.788,"P,59462,1282"
1791506878.788,"P,59462,1282"
1791506878.788,"P,59463,1282"
1791506878.788,"P,59463,1282"
1791506878.788,"P,59463,1282"
1791506878.788,"P,59465,1282"
1791506878.788,"P,59465,1282"
1791506878.788,"P,59465,1282"
1791506878.788,"P,59466,1282"
1791506878.788,"P,59466,1282"
1791506878.788,"P,59468,1282"
1791506878.788,"P,59468,1282"
1791506878.788,"P,59470,1282"
1791506878.788,"P,59471,28"
1791506878.788,"P,59473,1282"
1791506878.788,"P,59473,1282"
1791506878.788,"P,59473,1282"
1791506878.788,"P,59473,1282"
1791506878.788,"P,59475,1282"
1791506878.788,"P,59475,1282"
1791506878.788,"B,59476,10,5c:62:8b:66:67:d2,38867,44,56548,49,-47,A,5c:62:8b:66:67:d2,0,15,0,29"
1791506878.788,"B,59476,10,72:3b:01:24:b7:c8,84,3,37319,30,-36,S,5c:62:8b:66:67:d2,3,0,0,0"
1791506878.788,"B,59476,10,cc:b8:5e:ad:5c:4a,56436,45,1548,14,-46,S,5c:62:8b:66:67:d2,1,0,0,44"
1791506878.788,"B,59476,10,b2:db:ca:e6:29:a6,28,1,0,0,-47,S,5c:62:8b:66:67:d2,1,0,0,0"
1791506878.788,"B,59476,10,78:8c:b5:f5:e7:26,80,1,0,0,-83,A,78:8c:b5:f5:e7:26,1,0,0,0"
1791506878.788,"P,59476,1282"
1791506878.788,"P,59476,1282"
1791506878.788,"P,59476,1282"
1791506878.788,"P,59479,1282"
1791506878.788,"P,59479,1282"
1791506878.788,"P,59479,1282"
1791506878.788,"P,59481,1282"
1791506878.788,"P,59481,1282"
1791506878.788,"P,59481,1282"
1791506878.788,"P,59483,1282"
1791506878.788,"P,59483,1282"
1791506878.788,"P,59492,1282"
1791506878.788,"P,59493,1282"
1791506878.788,"P,59493,1282"
1791506878.788,"P,59493,1282"
1791506878.788,"P,59496,1282"
1791506878.788,"P,59496,1282"
1791506878.788,"P,59496,1282"
1791506878.788,"P,59496,1282"
1791506878.788,"P,59496,1282"
1791506878.788,"P,59497,1282"
1791506878.788,"P,59497,1282"
1791506878.788,"P,59502,1282"
1791506878.788,"P,59502,1282"
1791506878.788,"P,59503,1282"
1791506878.788,"P,59503,1282"
1791506878.788,"P,59504,1282"
1791506878.788,"P,59504,1282"
1791506878.788,"P,59504,1282"
1791506878.788,"P,59504,1282"
1791506878.788,"P,59505,1282"
1791506878.788,"P,59505,1282"
1791506878.788,"P,59506,1282"
1791506878.788,"P,59506,1282"
1791506878.788,"P,59512,82"
1791506878.788,"P,59519,1282"
1791506878.788,"P,59519,1282"
1791506878.788,"P,59520,1282"
1791506878.788,"P,59520,1282"
1791506878.788,"P,59520,1282"
1791506878.788,"P,59520,1282"
1791506878.788,"P,59521,1282"
1791506878.788,"P,59521,1282"
1791506878.788,"P,59521,1282"
1791506878.788,"P,59521,1282"
1791506878.788,"P,59522,1282"
1791506878.788,"P,59522,1282"
1791506878.788,"P,59522,1282"
1791506878.788,"P,59522,1282"
1791506878.788,"P,59523,1282"
1791506878.788,"P,59523,1282"
1791506878.788,"P,59529,1282"
1791506878.788,"P,59529,1282"
1791506878.788,"P,59530,1282"
1791506878.788,"P,59531,1282"
1791506878.788,"P,59531,1282"
1791506878.788,"P,59531,1282"
1791506878.788,"P,59531,1282"
1791506878.788,"P,59533,1282"
1791506878.788,"P,59533,1282"
1791506878.788,"P,59536,1282"
1791506878.788,"P,59538,1282"
1791506878.788,"P,59538,1282"
1791506878.788,"P,59539,1282"
1791506878.788,"P,59539,1282"
1791506878.788,"P,59539,1282"
1791506878.788,"P,59539,1282"
1791506878.788,"P,59539,1282"
1791506878.788,"P,59539,1282"
1791506878.788,"P,59540,1282"
1791506878.788,"P,59540,1282"
1791506878.788,"P,59541,1282"
1791506878.788,"P,59541,1282"
1791506878.788,"P,59542,1282"
1791506878.788,"P,59542,1282"
1791506878.788,"P,59542,1282"
1791506878.788,"P,59542,1282"
1791506878.788,"P,59543,1282"
1791506878.788,"P,59543,1282"
1791506878.788,"P,59543,1282"
1791506878.788,"P,59543,1282"
1791506878.788,"P,59544,1282"
1791506878.788,"P,59544,1282"
1791506878.788,"P,59544,1282"
1791506878.788,"P,59544,1282"
1791506878.788,"P,59545,1282"
1791506878.788,"P,59545,1282"
1791506878.788,"P,59545,1282"
1791506878.788,"P,59545,1282"
1791506878.788,"P,59545,1282"
1791506878.788,"P,59545,1282"
1791506878.788,"P,59547,1282"
1791506878.788,"P,59550,1282"
1791506878.788,"P,59552,1282"
1791506878.788,"P,59552,1282"
1791506878.788,"P,59552,1282"
1791506878.788,"P,59552,1282"
1791506878.788,"P,59553,1282"
1791506878.788,"P,59553,1282"
1791506878.788,"P,59553,1282"
1791506878.788,"P,59553,1282"
1791506878.788,"P,59553,1282"
1791506878.788,"P,59553,1282"
1791506878.788,"P,59556,954"
1791506878.788,"P,59568,1282"
1791506878.788,"P,59569,1282"
1791506878.788,"P,59569,1282"
1791506878.788,"P,59569,1282"
1791506878.788,"P,59570,1282"
1791506878.788,"P,59570,1282"
1791506878.788,"P,59571,814"
1791506878.788,"P,59571,1282"
1791506878.788,"P,59571,1282"
1791506878.788,"P,59572,1282"
1791506878.788,"P,59572,1282"
1791506878.788,"P,59572,814"
1791506878.788,"P,59572,1282"
1791506878.788,"P,59572,1282"
1791506878.788,"B,59576,10,5c:62:8b:66:67:d2,82702,99,148868,120,-47,A,5c:62:8b:66:67:d2,2,35,2,60"
1791506878.788,"B,59576,10,72:3b:01:24:b7:c8,0,0,78770,63,0,S,5c:62:8b:66:67:d2,0,0,0,0"
1791506878.788,"B,59576,10,cc:b8:5e:ad:5c:4a,148812,118,3932,36,-46,S,5c:62:8b:66:67:d2,1,0,3,114"
1791506878.788,"B,59576,10,b2:db:ca:e6:29:a6,56,2,0,0,-47,S,5c:62:8b:66:67:d2,2,0,0,0"
1791506878.788,"P,59576,28"
1791506878.788,"P,59577,28"
1791506878.788,"P,59578,1282"
1791506878.788,"P,59578,1282"
1791506878.788,"P,59578,1282"
1791506878.788,"P,59578,1282"
1791506878.788,"P,59579,1282"
1791506878.788,"P,59579,494"
1791506878.788,"P,59579,1282"
1791506878.788,"P,59579,1282"
1791506878.788,"P,59579,778"
1791506878.788,"P,59579,1282"
1791506878.788,"P,59584,1282"
1791506878.788,"P,59584,1282"
1791506878.788,"P,59585,1282"
1791506878.788,"P,59585,1282"
1791506878.788,"P,59585,1282"
1791506878.788,"P,59585,1282"
1791506878.788,"P,59587,1282"
1791506878.788,"P,59590,1282"
1791506878.788,"P,59590,994"
1791506878.788,"P,59591,1282"
1791506878.788,"P,59591,994"
1791506878.788,"P,59591,1282"
1791506878.788,"P,59591,1282"
1791506878.788,"P,59591,1282"
1791506878.788,"P,59593,994"
1791506878.788,"P,59593,1282"
1791506878.788,"P,59594,1282"
1791506878.788,"P,59594,722"
1791506878.788,"P,59594,1282"
1791506878.788,"P,59594,1282"
1791506878.788,"P,59595,1282"
1791506878.788,"P,59595,1282"
1791506878.788,"P,59595,1282"
1791506878.788,"P,59599,726"
1791506878.788,"P,59599,1282"
1791506878.788,"P,59599,1282"
1791506878.788,"P,59599,1282"
1791506878.788,"P,59601,726"
1791506878.788,"P,59601,1282"
1791506878.788,"P,59601,1282"
1791506878.788,"P,59601,1282"
1791506878.788,"P,59602,1282"
1791506878.788,"P,59602,586"
1791506878.992,"P,59657,1282"
1791506878.992,"P,59657,1282"
1791506878.992,"P,59658,1282"
1791506878.992,"P,59658,1282"
1791506878.992,"P,59658,1282"
1791506878.992,"B,59676,10,5c:62:8b:66:67:d2,40894,51,57320,59,-48,A,5c:62:8b:66:67:d2,0,20,4,27"
1791506878.992,"B,59676,10,72:3b:01:24:b7:c8,168,6,38914,33,-37,S,5c:62:8b:66:67:d2,6,0,0,0"
1791506878.992,"B,59676,10,cc:b8:5e:ad:5c:4a,57068,50,1980,18,-47,S,5c:62:8b:66:67:d2,2,2,7,39"
1791506878.992,"B,59676,10,b2:db:ca:e6:29:a6,84,3,0,0,-47,S,5c:62:8b:66:67:d2,3,0,0,0"
1791506878.992,"P,59743,28"
1791506878.992,"P,59744,1282"
1791506878.992,"P,59744,1282"
1791506878.992,"P,59745,1282"
1791506878.992,"P,59745,1282"
1791506878.992,"P,59745,622"
1791506878.992,"P,59746,1282"
1791506878.992,"P,59746,1282"
1791506878.992,"P,59746,466"
1791506878.992,"P,59747,1282"
1791506878.992,"P,59747,1282"
1791506878.992,"P,59747,622"
1791506878.992,"P,59747,1282"
1791506878.992,"P,59748,1282"
1791506878.992,"P,59748,466"
1791506878.992,"P,59748,1282"
1791506878.992,"P,59748,1282"
1791506878.992,"P,59748,622"
1791506878.992,"P,59748,1282"
1791506878.992,"P,59749,1282"
1791506878.992,"P,59749,466"
1791506878.992,"P,59751,1282"
1791506878.992,"P,59753,1282"
1791506878.992,"P,59758,1282"
1791506878.992,"P,59762,466"
1791506878.992,"P,59778,1282"
1791506878.992,"B,59776,10,5c:62:8b:66:67:d2,13531,18,26862,27,-47,A,5c:62:8b:66:67:d2,0,9,0,9"
1791506878.992,"B,59776,10,72:3b:01:24:b7:c8,0,0,12981,13,0,S,5c:62:8b:66:67:d2,0,0,0,0"
1791506878.992,"B,59776,10,cc:b8:5e:ad:5c:4a,26834,26,550,5,-45,S,5c:62:8b:66:67:d2,1,7,0,18"
1791506878.992,"B,59776,10,b2:db:ca:e6:29:a6,28,1,0,0,-46,S,5c:62:8b:66:67:d2,1,0,0,0"
1791506878.992,"P,59779,1282"
1791506878.992,"P,59779,1282"
1791506878.992,"P,59779,1282"
1791506878.992,"P,59779,1282"
1791506878.992,"P,59779,1282"
1791506878.992,"P,59782,1282"
1791506878.992,"P,59782,1282"
1791506878.992,"P,59782,1282"
1791506878.992,"P,59782,1282"
1791506878.992,"P,59782,1282"
1791506878.992,"P,59784,1282"
1791506878.992,"P,59786,1282"
1791506878.992,"P,59786,1282"
1791506878.992,"P,59786,1282"
1791506878.992,"P,59786,1282"
1791506878.992,"P,59790,1282"
1791506878.992,"P,59791,1282"
1791506878.992,"P,59791,1282"
1791506878.992,"P,59793,162"
1791506879.194,"P,59857,28"
1791506879.194,"P,59858,1282"
1791506879.194,"P,59858,1282"
1791506879.194,"P,59858,1282"
1791506879.194,"P,59859,1282"
1791506879.194,"P,59859,182"
1791506879.194,"B,59876,10,5c:62:8b:66:67:d2,9576,12,28828,34,-48,A,5c:62:8b:66:67:d2,0,5,0,7"
1791506879.194,"B,59876,10,72:3b:01:24:b7:c8,196,7,9136,8,-35,S,5c:62:8b:66:67:d2,7,0,0,0"
1791506879.194,"B,59876,10,cc:b8:5e:ad:5c:4a,28576,25,440,4,-45,S,5c:62:8b:66:67:d2,1,2,0,22"
1791506879.194,"B,59876,10,b2:db:ca:e6:29:a6,56,2,0,0,-47,S,5c:62:8b:66:67:d2,2,0,0,0"
1791506879.194,"P,59966,28"
1791506879.194,"P,59967,1282"
1791506879.194,"P,59967,1282"
1791506879.194,"P,59967,1282"
1791506879.194,"P,59968,1282"
1791506879.194,"P,59968,1282"
1791506879.194,"P,59968,1282"
1791506879.194,"P,59972,1282"
1791506879.194,"P,59972,1282"
1791506879.194,"P,59973,1282"
1791506879.194,"B,59976,10,5c:62:8b:66:67:d2,11660,24,11762,17,-48,A,5c:62:8b:66:67:d2,0,17,0,7"
1791506879.194,"B,59976,10,72:3b:01:24:b7:c8,168,6,10976,18,-35,S,5c:62:8b:66:67:d2,6,0,0,0"
1791506879.194,"B,59976,10,cc:b8:5e:ad:5c:4a,11566,10,684,6,-46,S,5c:62:8b:66:67:d2,1,0,0,9"
1791506879.194,"B,59976,10,b2:db:ca:e6:29:a6,28,1,0,0,-49,S,5c:62:8b:66:67:d2,1,0,0,0"
1791506879.194,"P,59979,1282"
1791506879.194,"P,59979,1282"
1791506879.194,"P,59981,202"
1791506879.194,"P,59982,202"
1791506879.194,"P,59982,202"
1791506879.194,"P,59987,342"
1791506879.194,"P,59987,1282"
1791506879.194,"P,59987,1282"
1791506879.194,"P,59987,1282"
1791506879.194,"P,59987,1282"
1791506879.194,"P,59988,1282"
1791506879.194,"P,59991,1282"
1791506879.194,"P,59993,1282"
1791506879.194,"P,59993,1282"
1791506879.194,"P,59993,1282"
1791506879.194,"P,59998,1282"
1791506879.194,"P,59999,1282"
1791506879.194,"P,59999,1282"
1791506879.194,"P,59999,1194"
1791506879.194,"P,60002,1194"
1791506879.394,"P,60058,1282"
1791506879.394,"P,60058,1282"
1791506879.394,"P,60060,1282"
1791506879.394,"P,60060,850"
1791506879.394,"B,60076,10,5c:62:8b:66:67:d2,28236,34,26008,25,-48,A,5c:62:8b:66:67:d2,0,13,2,19"
1791506879.394,"B,60076,10,72:3b:01:24:b7:c8,0,0,26946,23,0,S,5c:62:8b:66:67:d2,0,0,0,0"
1791506879.394,"B,60076,10,cc:b8:5e:ad:5c:4a,25980,24,1290,11,-47,S,5c:62:8b:66:67:d2,0,4,3,17"
1791506879.394,"B,60076,10,b2:db:ca:e6:29:a6,28,1,0,0,-47,S,5c:62:8b:66:67:d2,1,0,0,0"
1791506879.394,"P,60097,28"
1791506879.394,"I,60098,stat,rx=25136,drops=0,ch=10,bin=100,hop=0,heap=202024"
1791506879.394,"P,60098,1282"
1791506879.394,"P,60098,1282"
1791506879.394,"P,60099,1282"
1791506879.394,"P,60099,1282"
1791506879.394,"P,60099,1058"
1791506879.394,"P,60100,1282"
1791506879.394,"P,60100,1282"
1791506879.394,"P,60100,1282"
1791506879.394,"P,60100,1282"
1791506879.394,"P,60100,1058"
1791506879.394,"P,60101,1282"
1791506879.394,"P,60178,1282"
1791506879.394,"B,60176,10,5c:62:8b:66:67:d2,10138,11,15020,15,-48,A,5c:62:8b:66:67:d2,0,3,2,6"
1791506879.394,"B,60176,10,72:3b:01:24:b7:c8,0,0,9808,8,0,S,5c:62:8b:66:67:d2,0,0,0,0"
1791506879.394,"B,60176,10,cc:b8:5e:ad:5c:4a,14964,13,330,3,-46,S,5c:62:8b:66:67:d2,1,0,2,10"
1791506879.394,"B,60176,10,b2:db:ca:e6:29:a6,56,2,0,0,-49,S,5c:62:8b:66:67:d2,2,0,0,0"
1791506879.394,"P,60178,1282"
1791506879.394,"P,60178,1282"
1791506879.394,"P,60180,1282"
1791506879.394,"P,60181,1282"
1791506879.394,"P,60181,1282"
1791506879.394,"P,60183,1282"
1791506879.394,"P,60184,1282"
1791506879.394,"P,60184,1282"
1791506879.394,"P,60185,1282"
1791506879.394,"P,60185,1282"
1791506879.394,"P,60186,1282"
1791506879.394,"P,60186,1282"
1791506879.394,"P,60186,1282"
1791506879.394,"P,60186,1282"
1791506879.394,"P,60187,1282"
1791506879.394,"P,60187,1282"
1791506879.394,"P,60187,1282"
1791506879.394,"P,60188,1282"
1791506879.394,"P,60188,694"
1791506879.595,"P,60257,28"
1791506879.595,"P,60258,28"
1791506879.595,"P,60259,28"
1791506879.595,"P,60259,28"
1791506879.595,"P,60260,1282"
1791506879.595,"P,60260,1282"
1791506879.595,"P,60261,1282"
1791506879.595,"P,60261,1098"
1791506879.595,"P,60261,1282"
1791506879.595,"P,60261,1282"
1791506879.595,"B,60276,10,5c:62:8b:66:67:d2,15456,18,31670,39,-47,A,5c:62:8b:66:67:d2,0,7,0,11"
1791506879.595,"B,60276,10,72:3b:01:24:b7:c8,224,8,14796,12,-37,S,5c:62:8b:66:67:d2,8,0,0,0"
1791506879.595,"B,60276,10,cc:b8:5e:ad:5c:4a,31390,29,660,6,-46,S,5c:62:8b:66:67:d2,4,1,1,23"
1791506879.595,"B,60276,10,b2:db:ca:e6:29:a6,56,2,0,0,-48,S,5c:62:8b:66:67:d2,2,0,0,0"
1791506879.595,"P,60297,1282"
1791506879.595,"P,60360,28"
1791506879.595,"P,60360,28"
1791506879.595,"P,60360,28"
1791506879.595,"P,60361,28"
1791506879.595,"P,60361,28"
1791506879.595,"P,60364,28"
1791506879.595,"P,60365,1282"
1791506879.595,"P,60365,1282"
1791506879.595,"P,60366,1282"
1791506879.595,"P,60366,1238"
1791506879.595,"P,60367,1282"
1791506879.595,"P,60376,1282"
1791506879.595,"B,60376,10,5c:62:8b:66:67:d2,12080,16,9126,14,-47,A,5c:62:8b:66:67:d2,0,7,1,8"
1791506879.595,"B,60376,10,72:3b:01:24:b7:c8,28,1,11310,9,-34,S,5c:62:8b:66:67:d2,1,0,0,0"
1791506879.595,"B,60376,10,cc:b8:5e:ad:5c:4a,9098,13,770,7,-45,S,5c:62:8b:66:67:d2,6,0,0,7"
1791506879.595,"P,60377,1282"
1791506879.595,"P,60377,1282"
1791506879.595,"P,60377,1282"
1791506879.595,"P,60377,630"
1791506879.801,"P,60458,1282"
1791506879.801,"P,60458,1282"
1791506879.801,"P,60459,1282"
1791506879.801,"P,60459,1282"
1791506879.801,"P,60460,1282"
1791506879.801,"P,60460,1282"
1791506879.801,"P,60460,1282"
1791506879.801,"P,60461,1282"
1791506879.801,"P,60461,1282"
1791506879.801,"P,60462,1282"
1791506879.801,"P,60462,1282"
1791506879.801,"P,60462,1282"
1791506879.801,"P,60463,1282"
1791506879.801,"P,60463,1282"
1791506879.801,"P,60464,1282"
1791506879.801,"P,60464,1282"
1791506879.801,"P,60464,1282"
1791506879.801,"P,60467,1282"
1791506879.801,"P,60470,1282"
1791506879.801,"P,60471,1282"
1791506879.801,"P,60471,1282"
1791506879.801,"P,60471,1282"
1791506879.801,"P,60473,1282"
1791506879.801,"B,60476,10,5c:62:8b:66:67:d2,8899,12,34074,31,-48,A,5c:62:8b:66:67:d2,0,6,0,6"
1791506879.801,"B,60476,10,72:3b:01:24:b7:c8,0,0,8569,9,0,S,5c:62:8b:66:67:d2,0,0,0,0"
1791506879.801,"B,60476,10,cc:b8:5e:ad:5c:4a,33962,27,330,3,-43,S,5c:62:8b:66:67:d2,0,1,0,26"
1791506879.801,"B,60476,10,b2:db:ca:e6:29:a6,112,4,0,0,-47,S,5c:62:8b:66:67:d2,4,0,0,0"
1791506879.801,"B,60476,10,78:8c:b5:f5:e7:26,160,2,0,0,-82,A,78:8c:b5:f5:e7:26,2,0,0,0"
1791506879.801,"P,60479,1282"
1791506879.801,"P,60482,28"
1791506879.801,"P,60483,1282"
1791506879.801,"P,60483,1282"
1791506879.801,"P,60483,710"
1791506879.801,"P,60498,1282"
1791506879.801,"P,60498,1282"
1791506879.801,"P,60498,786"
1791506879.801,"P,60499,1282"
1791506879.801,"P,60499,1282"
1791506879.801,"P,60499,786"
1791506879.801,"P,60500,1282"
1791506879.801,"B,60576,10,5c:62:8b:66:67:d2,12302,15,12734,18,-47,A,5c:62:8b:66:67:d2,0,5,2,8"
1791506879.801,"B,60576,10,72:3b:01:24:b7:c8,112,4,11752,10,-37,S,5c:62:8b:66:67:d2,4,0,0,0"
1791506879.801,"B,60576,10,cc:b8:5e:ad:5c:4a,12566,12,550,5,-46,S,5c:62:8b:66:67:d2,1,0,3,8"
1791506879.801,"B,60576,10,b2:db:ca:e6:29:a6,56,2,0,0,-46,S,5c:62:8b:66:67:d2,2,0,0,0"
1791506879.801,"P,60579,1282"
1791506879.801,"P,60579,1282"
1791506879.801,"P,60579,1282"
1791506879.801,"P,60579,1282"
1791506879.801,"P,60580,1282"
1791506879.801,"P,60581,1282"
1791506879.801,"P,60583,28"
1791506879.801,"P,60584,1282"
1791506879.801,"P,60584,1282"
1791506879.801,"P,60585,1282"
1791506879.801,"P,60586,1282"
1791506879.801,"P,60586,1054"
1791506880.002,"P,60658,1282"
1791506880.002,"P,60658,1282"
1791506880.002,"P,60658,1282"
1791506880.002,"P,60659,1282"
1791506880.002,"P,60659,1282"
1791506880.002,"P,60661,1282"
1791506880.002,"P,60664,1282"
1791506880.002,"P,60664,1282"
1791506880.002,"P,60664,598"
1791506880.002,"P,60665,1282"
1791506880.002,"P,60665,1282"
1791506880.002,"P,60665,598"
1791506880.002,"P,60666,1282"
1791506880.002,"P,60669,1282"
1791506880.002,"B,60676,10,5c:62:8b:66:67:d2,18161,23,30538,28,-48,A,5c:62:8b:66:67:d2,0,10,1,12"
1791506880.002,"B,60676,10,72:3b:01:24:b7:c8,0,0,17391,16,0,S,5c:62:8b:66:67:d2,0,0,0,0"
1791506880.002,"B,60676,10,cc:b8:5e:ad:5c:4a,30482,26,770,7,-46,S,5c:62:8b:66:67:d2,1,2,1,22"
1791506880.002,"B,60676,10,b2:db:ca:e6:29:a6,56,2,0,0,-48,S,5c:62:8b:66:67:d2,2,0,0,0"
1791506880.002,"P,60698,28"
1791506880.002,"P,60698,1282"
1791506880.002,"P,60698,1282"
1791506880.002,"P,60699,1282"
1791506880.002,"P,60699,1282"
1791506880.002,"P,60699,1282"
1791506880.002,"P,60700,1282"
1791506880.002,"P,60706,1058"
1791506880.002,"P,60777,1282"
1791506880.002,"B,60776,10,5c:62:8b:66:67:d2,7798,9,10228,15,-47,A,5c:62:8b:66:67:d2,0,3,1,5"
1791506880.002,"B,60776,10,72:3b:01:24:b7:c8,112,4,7468,6,-38,S,5c:62:8b:66:67:d2,4,0,0,0"
1791506880.002,"B,60776,10,cc:b8:5e:ad:5c:4a,10060,9,330,3,-45,S,5c:62:8b:66:67:d2,1,0,1,7"
1791506880.002,"B,60776,10,b2:db:ca:e6:29:a6,56,2,0,0,-47,S,5c:62:8b:66:67:d2,2,0,0,0"
1791506880.002,"P,60779,1282"
1791506880.002,"P,60779,1282"
1791506880.002,"P,60779,1282"
1791506880.002,"P,60779,754"
1791506880.002,"P,60780,1282"
1791506880.204,"P,60858,28"
1791506880.204,"P,60859,1282"
1791506880.204,"P,60859,1282"
1791506880.204,"P,60859,1282"
1791506880.204,"P,60860,1282"
1791506880.204,"P,60860,1282"
1791506880.204,"P,60860,1282"
1791506880.204,"P,60860,1282"
1791506880.204,"P,60861,1282"
1791506880.204,"P,60861,1282"
1791506880.204,"P,60861,1282"
1791506880.204,"P,60861,1282"
1791506880.204,"P,60864,1282"
1791506880.204,"P,60866,1282"
1791506880.204,"P,60869,1282"
1791506880.204,"P,60870,1282"
1791506880.204,"P,60871,1282"
1791506880.204,"P,60873,1282"
1791506880.204,"B,60876,10,5c:62:8b:66:67:d2,6432,10,27816,27,-47,A,5c:62:8b:66:67:d2,0,5,1,4"
1791506880.204,"B,60876,10,72:3b:01:24:b7:c8,84,3,5882,5,-35,S,5c:62:8b:66:67:d2,3,0,0,0"
1791506880.204,"B,60876,10,cc:b8:5e:ad:5c:4a,27704,23,550,5,-45,S,5c:62:8b:66:67:d2,1,0,1,21"
1791506880.204,"B,60876,10,b2:db:ca:e6:29:a6,28,1,0,0,-48,S,5c:62:8b:66:67:d2,1,0,0,0"
1791506880.204,"P,60878,1282"
1791506880.204,"P,60879,1282"
1791506880.204,"P,60879,570"
1791506880.204,"P,60898,1282"
1791506880.204,"P,60898,1282"
1791506880.204,"P,60898,486"
1791506880.204,"P,60899,1282"
1791506880.204,"P,60899,1282"
1791506880.204,"P,60899,1282"
1791506880.204,"P,60900,1282"
1791506880.204,"P,60902,1282"
1791506880.204,"P,60977,28"
1791506880.204,"B,60976,10,5c:62:8b:66:67:d2,440,4,12678,14,-48,A,5c:62:8b:66:67:d2,0,4,0,0"
1791506880.204,"B,60976,10,cc:b8:5e:ad:5c:4a,12622,12,440,4,-45,S,5c:62:8b:66:67:d2,1,2,0,9"
1791506880.204,"B,60976,10,b2:db:ca:e6:29:a6,56,2,0,0,-47,S,5c:62:8b:66:67:d2,2,0,0,0"
1791506880.204,"P,60978,1282"
1791506880.204,"P,60978,1282"
1791506880.204,"P,60979,1282"
1791506880.204,"P,60979,1282"
1791506880.204,"P,60979,1282"
1791506880.204,"P,60980,1282"
1791506880.204,"P,60984,1282"
1791506880.204,"P,60984,1282"
1791506880.204,"P,60984,146"
1791506880.204,"I,60993,focus,off"
1791506880.204,"M,60994,record_end"
1791506880.408,"B,61076,10,5c:62:8b:66:67:d2,14578,19,15518,22,-48,A,5c:62:8b:66:67:d2,0,8,1,10"
1791506880.408,"B,61076,10,72:3b:01:24:b7:c8,112,4,13828,12,-37,S,5c:62:8b:66:67:d2,4,0,0,0"
1791506880.408,"B,61076,10,cc:b8:5e:ad:5c:4a,15110,13,550,5,-47,S,5c:62:8b:66:67:d2,0,1,1,11"
1791506880.408,"B,61076,10,b2:db:ca:e6:29:a6,56,2,0,0,-48,S,5c:62:8b:66:67:d2,2,0,0,0"
1791506880.408,"B,61076,10,46:88:44:6e:4f:e4,240,3,200,2,-33,S,5c:62:8b:66:67:d2,2,1,0,0"
1791506880.408,"B,61176,10,5c:62:8b:66:67:d2,6568,8,7660,11,-47,A,5c:62:8b:66:67:d2,0,3,1,4"
1791506880.408,"B,61176,10,72:3b:01:24:b7:c8,112,4,6238,5,-37,S,5c:62:8b:66:67:d2,4,0,0,0"
1791506880.408,"B,61176,10,cc:b8:5e:ad:5c:4a,7548,7,330,3,-46,S,5c:62:8b:66:67:d2,1,0,1,5"
1791506880.613,"B,61276,10,5c:62:8b:66:67:d2,28785,38,50582,44,-47,A,5c:62:8b:66:67:d2,0,17,1,20"
1791506880.613,"B,61276,10,72:3b:01:24:b7:c8,0,0,27012,22,0,S,5c:62:8b:66:67:d2,0,0,0,0"
1791506880.613,"B,61276,10,cc:b8:5e:ad:5c:4a,50526,42,1650,15,-46,S,5c:62:8b:66:67:d2,1,1,3,37"
1791506880.613,"B,61276,10,b2:db:ca:e6:29:a6,56,2,0,0,-48,S,5c:62:8b:66:67:d2,2,0,0,0"
1791506880.613,"B,61276,10,46:88:44:6e:4f:e4,0,0,123,1,0,S,5c:62:8b:66:67:d2,0,0,0,0"
1791506880.613,"B,61376,10,5c:62:8b:66:67:d2,0,0,6542,14,-50,A,5c:62:8b:66:67:d2,0,0,0,0"
1791506880.613,"B,61376,10,72:3b:01:24:b7:c8,84,3,0,0,-34,S,5c:62:8b:66:67:d2,3,0,0,0"
1791506880.613,"B,61376,10,cc:b8:5e:ad:5c:4a,6280,7,0,0,-47,S,5c:62:8b:66:67:d2,1,2,0,4"
1791506880.613,"B,61376,10,b2:db:ca:e6:29:a6,84,3,0,0,-47,S,5c:62:8b:66:67:d2,3,0,0,0"
1791506880.613,"B,61376,10,78:8c:b5:f5:e7:26,299,3,0,0,-81,A,78:8c:b5:f5:e7:26,2,1,0,0"
1791506880.613,"B,61376,10,46:88:44:6e:4f:e4,94,1,0,0,-36,S,5c:62:8b:66:67:d2,1,0,0,0"
1791506880.819,"B,61476,10,5c:62:8b:66:67:d2,550,5,18506,22,-48,A,5c:62:8b:66:67:d2,0,5,0,0"
1791506880.819,"B,61476,10,72:3b:01:24:b7:c8,112,4,0,0,-37,S,5c:62:8b:66:67:d2,4,0,0,0"
1791506880.819,"B,61476,10,cc:b8:5e:ad:5c:4a,18310,15,550,5,-45,S,5c:62:8b:66:67:d2,0,1,0,14"
1791506880.819,"B,61476,10,b2:db:ca:e6:29:a6,84,3,0,0,-47,S,5c:62:8b:66:67:d2,3,0,0,0"
1791506880.819,"B,61576,10,5c:62:8b:66:67:d2,10356,12,12336,17,-47,A,5c:62:8b:66:67:d2,0,4,1,7"
1791506880.819,"B,61576,10,72:3b:01:24:b7:c8,168,6,9916,8,-37,S,5c:62:8b:66:67:d2,6,0,0,0"
1791506880.819,"B,61576,10,cc:b8:5e:ad:5c:4a,12168,11,440,4,-44,S,5c:62:8b:66:67:d2,1,0,2,8"
