host_time_s,line
1791394461.267,"I,75,boot,spyscan-e2-sniffer,v0.1,transport=usb-serial-jtag"
1791394461.267,"B,175,1,f4:28:9d:ce:e6:09,84,3,0,0,-86,S,c4:16:88:9a:06:5c"
1791394461.267,"B,175,1,c4:16:88:9a:06:5c,0,0,84,3,0,A,c4:16:88:9a:06:5c"
1791394461.267,"A,189,1,c2:a5:dd:1b:60:3b,-80,MERCURY_603B"
1791394461.267,"A,222,1,44:df:65:f4:66:07,-81,logovo_SKUFov"
1791394461.469,"B,275,1,98:5f:41:bf:7c:ff,1826,11,0,0,-69,S,cc:d8:43:ca:9f:eb"
1791394461.469,"B,275,1,cc:d8:43:ca:9f:eb,0,0,1826,11,0,A,cc:d8:43:ca:9f:eb"
1791394461.469,"A,326,1,00:eb:d8:38:aa:a8,-87,1511"
1791394461.469,"I,327,reset"
1791394461.469,"I,328,bin,100"
1791394461.469,"I,328,channel,10"
1791394461.469,"A,334,10,80:af:ca:68:4c:f8,-84,Cudy-4CF8"
1791394461.469,"B,375,1,f4:28:9d:ce:e6:09,28,1,0,0,-88,S,c4:16:88:9a:06:5c"
1791394461.469,"B,375,1,c4:16:88:9a:06:5c,0,0,28,1,0,A,c4:16:88:9a:06:5c"
1791394461.669,"A,430,10,5c:62:8b:66:67:d2,-53,TP-Link_67D2"
1791394461.669,"A,457,10,b0:a7:b9:23:82:ee,-88,________ __ ________"
1791394461.669,"B,475,10,72:3b:01:24:b7:c8,84,3,0,0,-52,S,5c:62:8b:66:67:d2"
1791394461.669,"B,475,10,5c:62:8b:66:67:d2,0,0,168,6,-53,A,5c:62:8b:66:67:d2"
1791394461.669,"B,475,10,b2:db:ca:e6:29:a6,84,3,0,0,-31,S,5c:62:8b:66:67:d2"
1791394461.669,"M,628,baseline"
1791394461.873,"B,675,10,72:3b:01:24:b7:c8,84,3,0,0,-52,S,5c:62:8b:66:67:d2"
1791394461.873,"B,675,10,5c:62:8b:66:67:d2,0,0,140,5,-54,A,5c:62:8b:66:67:d2"
1791394461.873,"B,675,10,b2:db:ca:e6:29:a6,56,2,0,0,-31,S,5c:62:8b:66:67:d2"
1791394462.076,"B,975,10,72:3b:01:24:b7:c8,84,3,0,0,-52,S,5c:62:8b:66:67:d2"
1791394462.076,"B,975,10,5c:62:8b:66:67:d2,0,0,140,5,-54,A,5c:62:8b:66:67:d2"
1791394462.076,"B,975,10,b2:db:ca:e6:29:a6,56,2,0,0,-32,S,5c:62:8b:66:67:d2"
1791394462.281,"B,1175,10,72:3b:01:24:b7:c8,28,1,0,0,-52,S,5c:62:8b:66:67:d2"
1791394462.281,"B,1175,10,5c:62:8b:66:67:d2,0,0,84,3,-54,A,5c:62:8b:66:67:d2"
1791394462.281,"B,1175,10,b2:db:ca:e6:29:a6,56,2,0,0,-31,S,5c:62:8b:66:67:d2"
1791394462.485,"B,1275,10,72:3b:01:24:b7:c8,112,4,0,0,-52,S,5c:62:8b:66:67:d2"
1791394462.485,"B,1275,10,5c:62:8b:66:67:d2,0,0,112,4,-55,A,5c:62:8b:66:67:d2"
1791394462.485,"B,1375,10,5c:62:8b:66:67:d2,0,0,28,1,-54,A,5c:62:8b:66:67:d2"
1791394462.485,"B,1375,10,b2:db:ca:e6:29:a6,28,1,0,0,-31,S,5c:62:8b:66:67:d2"
1791394462.687,"B,1475,10,5c:62:8b:66:67:d2,0,0,28,1,-55,A,5c:62:8b:66:67:d2"
1791394462.687,"B,1475,10,b2:db:ca:e6:29:a6,28,1,0,0,-32,S,5c:62:8b:66:67:d2"
1791394462.687,"B,1575,10,72:3b:01:24:b7:c8,112,4,0,0,-52,S,5c:62:8b:66:67:d2"
1791394462.687,"B,1575,10,5c:62:8b:66:67:d2,0,0,168,6,-56,A,5c:62:8b:66:67:d2"
1791394462.687,"B,1575,10,b2:db:ca:e6:29:a6,56,2,0,0,-31,S,5c:62:8b:66:67:d2"
1791394462.891,"B,1675,10,72:3b:01:24:b7:c8,56,2,0,0,-54,S,5c:62:8b:66:67:d2"
1791394462.891,"B,1675,10,5c:62:8b:66:67:d2,0,0,56,2,-55,A,5c:62:8b:66:67:d2"
1791394462.891,"B,1775,10,5c:62:8b:66:67:d2,0,0,28,1,-55,A,5c:62:8b:66:67:d2"
1791394462.891,"B,1775,10,b2:db:ca:e6:29:a6,28,1,0,0,-34,S,5c:62:8b:66:67:d2"
1791394463.095,"B,1875,10,5c:62:8b:66:67:d2,0,0,28,1,-56,A,5c:62:8b:66:67:d2"
1791394463.095,"B,1875,10,b2:db:ca:e6:29:a6,28,1,0,0,-33,S,5c:62:8b:66:67:d2"
1791394463.298,"B,2075,10,5c:62:8b:66:67:d2,0,0,28,1,-55,A,5c:62:8b:66:67:d2"
1791394463.298,"B,2075,10,b2:db:ca:e6:29:a6,28,1,0,0,-31,S,5c:62:8b:66:67:d2"
1791394463.298,"B,2175,10,72:3b:01:24:b7:c8,56,2,0,0,-52,S,5c:62:8b:66:67:d2"
1791394463.298,"B,2175,10,5c:62:8b:66:67:d2,0,0,84,3,-53,A,5c:62:8b:66:67:d2"
1791394463.298,"B,2175,10,b2:db:ca:e6:29:a6,28,1,0,0,-36,S,5c:62:8b:66:67:d2"
1791394463.500,"B,2275,10,5c:62:8b:66:67:d2,0,0,28,1,-53,A,5c:62:8b:66:67:d2"
1791394463.500,"B,2275,10,b2:db:ca:e6:29:a6,28,1,0,0,-32,S,5c:62:8b:66:67:d2"
1791394463.500,"B,2375,10,72:3b:01:24:b7:c8,56,2,0,0,-52,S,5c:62:8b:66:67:d2"
1791394463.500,"B,2375,10,5c:62:8b:66:67:d2,0,0,84,3,0,A,5c:62:8b:66:67:d2"
1791394463.500,"B,2375,10,b2:db:ca:e6:29:a6,28,1,0,0,-31,S,5c:62:8b:66:67:d2"
1791394463.705,"B,2475,10,5c:62:8b:66:67:d2,0,0,28,1,-55,A,5c:62:8b:66:67:d2"
1791394463.705,"B,2475,10,b2:db:ca:e6:29:a6,28,1,0,0,-32,S,5c:62:8b:66:67:d2"
1791394463.705,"B,2575,10,5c:62:8b:66:67:d2,0,0,28,1,-55,A,5c:62:8b:66:67:d2"
1791394463.705,"B,2575,10,b2:db:ca:e6:29:a6,28,1,0,0,-31,S,5c:62:8b:66:67:d2"
1791394463.910,"B,2675,10,72:3b:01:24:b7:c8,28,1,0,0,-51,S,5c:62:8b:66:67:d2"
1791394463.910,"B,2675,10,5c:62:8b:66:67:d2,0,0,28,1,-56,A,5c:62:8b:66:67:d2"
1791394463.910,"B,2775,10,5c:62:8b:66:67:d2,0,0,56,2,-53,A,5c:62:8b:66:67:d2"
1791394463.910,"B,2775,10,b2:db:ca:e6:29:a6,56,2,0,0,-32,S,5c:62:8b:66:67:d2"
1791394464.113,"B,2875,10,72:3b:01:24:b7:c8,28,1,0,0,-51,S,5c:62:8b:66:67:d2"
1791394464.113,"B,2875,10,5c:62:8b:66:67:d2,0,0,28,1,-52,A,5c:62:8b:66:67:d2"
1791394464.113,"B,2975,10,72:3b:01:24:b7:c8,28,1,0,0,-52,S,5c:62:8b:66:67:d2"
1791394464.113,"B,2975,10,5c:62:8b:66:67:d2,0,0,84,3,-54,A,5c:62:8b:66:67:d2"
1791394464.113,"B,2975,10,b2:db:ca:e6:29:a6,56,2,0,0,-32,S,5c:62:8b:66:67:d2"
1791394464.314,"B,3175,10,72:3b:01:24:b7:c8,84,3,0,0,-51,S,5c:62:8b:66:67:d2"
1791394464.314,"B,3175,10,5c:62:8b:66:67:d2,0,0,84,3,-57,A,5c:62:8b:66:67:d2"
1791394464.515,"B,3275,10,5c:62:8b:66:67:d2,0,0,56,2,-63,A,5c:62:8b:66:67:d2"
1791394464.515,"B,3275,10,b2:db:ca:e6:29:a6,56,2,0,0,-31,S,5c:62:8b:66:67:d2"
1791394464.715,"B,3475,10,72:3b:01:24:b7:c8,56,2,0,0,-50,S,5c:62:8b:66:67:d2"
1791394464.715,"B,3475,10,5c:62:8b:66:67:d2,0,0,168,6,-59,A,5c:62:8b:66:67:d2"
1791394464.715,"B,3475,10,b2:db:ca:e6:29:a6,112,4,0,0,-31,S,5c:62:8b:66:67:d2"
1791394464.715,"B,3575,10,72:3b:01:24:b7:c8,140,5,0,0,-50,S,5c:62:8b:66:67:d2"
1791394464.715,"B,3575,10,5c:62:8b:66:67:d2,0,0,196,7,-54,A,5c:62:8b:66:67:d2"
1791394464.715,"B,3575,10,b2:db:ca:e6:29:a6,56,2,0,0,-31,S,5c:62:8b:66:67:d2"
1791394464.715,"B,3675,10,72:3b:01:24:b7:c8,28,1,0,0,-50,S,5c:62:8b:66:67:d2"
1791394464.917,"B,3675,10,5c:62:8b:66:67:d2,0,0,84,3,-54,A,5c:62:8b:66:67:d2"
1791394464.917,"B,3675,10,b2:db:ca:e6:29:a6,56,2,0,0,-32,S,5c:62:8b:66:67:d2"
1791394464.917,"B,3775,10,72:3b:01:24:b7:c8,112,4,0,0,-50,S,5c:62:8b:66:67:d2"
1791394464.917,"B,3775,10,5c:62:8b:66:67:d2,0,0,112,4,-55,A,5c:62:8b:66:67:d2"
1791394465.118,"B,3875,10,5c:62:8b:66:67:d2,0,0,56,2,-60,A,5c:62:8b:66:67:d2"
1791394465.118,"B,3875,10,b2:db:ca:e6:29:a6,56,2,0,0,-31,S,5c:62:8b:66:67:d2"
1791394465.118,"B,3975,10,72:3b:01:24:b7:c8,112,4,0,0,-50,S,5c:62:8b:66:67:d2"
1791394465.118,"B,3975,10,5c:62:8b:66:67:d2,0,0,112,4,-64,A,5c:62:8b:66:67:d2"
1791394465.318,"B,4075,10,5c:62:8b:66:67:d2,0,0,28,1,-67,A,5c:62:8b:66:67:d2"
1791394465.318,"B,4075,10,b2:db:ca:e6:29:a6,28,1,0,0,-31,S,5c:62:8b:66:67:d2"
1791394465.318,"B,4175,10,72:3b:01:24:b7:c8,28,1,0,0,-51,S,5c:62:8b:66:67:d2"
1791394465.318,"B,4175,10,5c:62:8b:66:67:d2,0,0,56,2,-63,A,5c:62:8b:66:67:d2"
1791394465.318,"B,4175,10,b2:db:ca:e6:29:a6,28,1,0,0,-33,S,5c:62:8b:66:67:d2"
1791394465.519,"B,4275,10,72:3b:01:24:b7:c8,84,3,0,0,-51,S,5c:62:8b:66:67:d2"
1791394465.519,"B,4275,10,5c:62:8b:66:67:d2,0,0,84,3,-61,A,5c:62:8b:66:67:d2"
1791394465.519,"B,4375,10,5c:62:8b:66:67:d2,0,0,56,2,-61,A,5c:62:8b:66:67:d2"
1791394465.519,"B,4375,10,b2:db:ca:e6:29:a6,56,2,0,0,-31,S,5c:62:8b:66:67:d2"
1791394465.519,"B,4475,10,5c:62:8b:66:67:d2,0,0,28,1,-59,A,5c:62:8b:66:67:d2"
1791394465.519,"B,4475,10,b2:db:ca:e6:29:a6,28,1,0,0,-29,S,5c:62:8b:66:67:d2"
1791394465.719,"A,4536,10,82:af:ca:28:4c:f8,-80,"
1791394465.719,"B,4575,10,72:3b:01:24:b7:c8,84,3,0,0,-55,S,5c:62:8b:66:67:d2"
1791394465.719,"B,4575,10,5c:62:8b:66:67:d2,0,0,140,5,-59,A,5c:62:8b:66:67:d2"
1791394465.719,"B,4575,10,b2:db:ca:e6:29:a6,56,2,0,0,-32,S,5c:62:8b:66:67:d2"
1791394465.719,"B,4675,10,72:3b:01:24:b7:c8,28,1,0,0,-54,S,5c:62:8b:66:67:d2"
1791394465.719,"B,4675,10,5c:62:8b:66:67:d2,0,0,56,2,-57,A,5c:62:8b:66:67:d2"
1791394465.719,"B,4675,10,b2:db:ca:e6:29:a6,28,1,0,0,-30,S,5c:62:8b:66:67:d2"
1791394465.920,"B,4775,10,5c:62:8b:66:67:d2,0,0,56,2,-57,A,5c:62:8b:66:67:d2"
1791394465.920,"B,4775,10,b2:db:ca:e6:29:a6,56,2,0,0,-30,S,5c:62:8b:66:67:d2"
1791394465.920,"B,4875,10,72:3b:01:24:b7:c8,84,3,0,0,-53,S,5c:62:8b:66:67:d2"
1791394465.920,"B,4875,10,5c:62:8b:66:67:d2,0,0,84,3,-60,A,5c:62:8b:66:67:d2"
1791394466.120,"B,4975,10,5c:62:8b:66:67:d2,0,0,56,2,-58,A,5c:62:8b:66:67:d2"
1791394466.120,"B,4975,10,b2:db:ca:e6:29:a6,56,2,0,0,-30,S,5c:62:8b:66:67:d2"
1791394466.120,"B,5075,10,72:3b:01:24:b7:c8,28,1,0,0,-55,S,5c:62:8b:66:67:d2"
1791394466.120,"B,5075,10,5c:62:8b:66:67:d2,0,0,28,1,-58,A,5c:62:8b:66:67:d2"
1791394466.120,"I,5075,stat,rx=188,drops=0,ch=10,bin=100,hop=0,heap=203064"
1791394466.321,"B,5175,10,72:3b:01:24:b7:c8,84,3,0,0,-55,S,5c:62:8b:66:67:d2"
1791394466.321,"B,5175,10,5c:62:8b:66:67:d2,0,0,140,5,-58,A,5c:62:8b:66:67:d2"
1791394466.321,"B,5175,10,b2:db:ca:e6:29:a6,56,2,0,0,-29,S,5c:62:8b:66:67:d2"
1791394466.522,"B,5375,10,72:3b:01:24:b7:c8,56,2,0,0,-54,S,5c:62:8b:66:67:d2"
1791394466.522,"B,5375,10,5c:62:8b:66:67:d2,0,0,56,2,-57,A,5c:62:8b:66:67:d2"
1791394466.522,"B,5475,10,5c:62:8b:66:67:d2,0,0,56,2,-58,A,5c:62:8b:66:67:d2"
1791394466.522,"B,5475,10,b2:db:ca:e6:29:a6,56,2,0,0,-31,S,5c:62:8b:66:67:d2"
1791394466.723,"B,5575,10,72:3b:01:24:b7:c8,56,2,0,0,-55,S,5c:62:8b:66:67:d2"
1791394466.723,"B,5575,10,5c:62:8b:66:67:d2,0,0,84,3,-57,A,5c:62:8b:66:67:d2"
1791394466.723,"B,5575,10,b2:db:ca:e6:29:a6,28,1,0,0,-30,S,5c:62:8b:66:67:d2"
1791394466.723,"B,5675,10,72:3b:01:24:b7:c8,112,4,0,0,-55,S,5c:62:8b:66:67:d2"
1791394466.723,"B,5675,10,5c:62:8b:66:67:d2,0,0,168,6,-57,A,5c:62:8b:66:67:d2"
1791394466.723,"B,5675,10,b2:db:ca:e6:29:a6,56,2,0,0,-30,S,5c:62:8b:66:67:d2"
1791394466.923,"B,5875,10,5c:62:8b:66:67:d2,0,0,28,1,-58,A,5c:62:8b:66:67:d2"
1791394466.923,"B,5875,10,b2:db:ca:e6:29:a6,28,1,0,0,-30,S,5c:62:8b:66:67:d2"
1791394467.125,"B,5975,10,72:3b:01:24:b7:c8,112,4,0,0,-55,S,5c:62:8b:66:67:d2"
1791394467.125,"B,5975,10,5c:62:8b:66:67:d2,0,0,140,5,-59,A,5c:62:8b:66:67:d2"
1791394467.125,"B,5975,10,b2:db:ca:e6:29:a6,28,1,0,0,-32,S,5c:62:8b:66:67:d2"
1791394467.125,"B,6075,10,5c:62:8b:66:67:d2,0,0,28,1,-58,A,5c:62:8b:66:67:d2"
1791394467.125,"B,6075,10,b2:db:ca:e6:29:a6,28,1,0,0,-30,S,5c:62:8b:66:67:d2"
1791394467.325,"B,6175,10,72:3b:01:24:b7:c8,56,2,0,0,-55,S,5c:62:8b:66:67:d2"
1791394467.325,"B,6175,10,5c:62:8b:66:67:d2,0,0,140,5,-57,A,5c:62:8b:66:67:d2"
1791394467.325,"B,6175,10,b2:db:ca:e6:29:a6,84,3,0,0,-31,S,5c:62:8b:66:67:d2"
1791394467.325,"B,6275,10,72:3b:01:24:b7:c8,112,4,0,0,-54,S,5c:62:8b:66:67:d2"
1791394467.325,"B,6275,10,5c:62:8b:66:67:d2,0,0,112,4,-57,A,5c:62:8b:66:67:d2"
1791394467.527,"B,6375,10,5c:62:8b:66:67:d2,0,0,28,1,-58,A,5c:62:8b:66:67:d2"
1791394467.527,"B,6375,10,b2:db:ca:e6:29:a6,28,1,0,0,-31,S,5c:62:8b:66:67:d2"
1791394467.527,"B,6475,10,72:3b:01:24:b7:c8,56,2,0,0,-54,S,5c:62:8b:66:67:d2"
1791394467.527,"B,6475,10,5c:62:8b:66:67:d2,0,0,112,4,-56,A,5c:62:8b:66:67:d2"
1791394467.527,"B,6475,10,b2:db:ca:e6:29:a6,56,2,0,0,-31,S,5c:62:8b:66:67:d2"
1791394467.730,"B,6575,10,5c:62:8b:66:67:d2,0,0,28,1,-57,A,5c:62:8b:66:67:d2"
1791394467.730,"B,6575,10,b2:db:ca:e6:29:a6,28,1,0,0,-30,S,5c:62:8b:66:67:d2"
1791394467.730,"B,6675,10,72:3b:01:24:b7:c8,28,1,0,0,-55,S,5c:62:8b:66:67:d2"
1791394467.730,"B,6675,10,5c:62:8b:66:67:d2,0,0,84,3,0,A,5c:62:8b:66:67:d2"
1791394467.730,"B,6675,10,b2:db:ca:e6:29:a6,56,2,0,0,-30,S,5c:62:8b:66:67:d2"
1791394467.930,"B,6775,10,72:3b:01:24:b7:c8,84,3,0,0,-55,S,5c:62:8b:66:67:d2"
1791394467.930,"B,6775,10,5c:62:8b:66:67:d2,0,0,168,6,-58,A,5c:62:8b:66:67:d2"
1791394467.930,"B,6775,10,b2:db:ca:e6:29:a6,84,3,0,0,-31,S,5c:62:8b:66:67:d2"
1791394467.930,"B,6875,10,5c:62:8b:66:67:d2,0,0,28,1,-58,A,5c:62:8b:66:67:d2"
1791394467.930,"B,6875,10,b2:db:ca:e6:29:a6,28,1,0,0,-31,S,5c:62:8b:66:67:d2"
1791394468.134,"B,6975,10,5c:62:8b:66:67:d2,0,0,56,2,-56,A,5c:62:8b:66:67:d2"
1791394468.134,"B,6975,10,b2:db:ca:e6:29:a6,56,2,0,0,-29,S,5c:62:8b:66:67:d2"
1791394468.134,"B,7075,10,72:3b:01:24:b7:c8,112,4,0,0,-55,S,5c:62:8b:66:67:d2"
1791394468.134,"B,7075,10,5c:62:8b:66:67:d2,0,0,140,5,-55,A,5c:62:8b:66:67:d2"
1791394468.134,"B,7075,10,b2:db:ca:e6:29:a6,28,1,0,0,-31,S,5c:62:8b:66:67:d2"
1791394468.338,"B,7175,10,72:3b:01:24:b7:c8,28,1,0,0,-55,S,5c:62:8b:66:67:d2"
1791394468.338,"B,7175,10,5c:62:8b:66:67:d2,0,0,28,1,-57,A,5c:62:8b:66:67:d2"
1791394468.338,"B,7275,10,72:3b:01:24:b7:c8,28,1,0,0,-55,S,5c:62:8b:66:67:d2"
1791394468.338,"B,7275,10,5c:62:8b:66:67:d2,0,0,84,3,-58,A,5c:62:8b:66:67:d2"
1791394468.338,"B,7275,10,b2:db:ca:e6:29:a6,56,2,0,0,-31,S,5c:62:8b:66:67:d2"
1791394468.540,"B,7375,10,72:3b:01:24:b7:c8,28,1,0,0,-55,S,5c:62:8b:66:67:d2"
1791394468.540,"B,7375,10,5c:62:8b:66:67:d2,0,0,56,2,-57,A,5c:62:8b:66:67:d2"
1791394468.540,"B,7375,10,b2:db:ca:e6:29:a6,28,1,0,0,-34,S,5c:62:8b:66:67:d2"
1791394468.745,"B,7575,10,72:3b:01:24:b7:c8,168,6,0,0,-55,S,5c:62:8b:66:67:d2"
1791394468.745,"B,7575,10,5c:62:8b:66:67:d2,0,0,224,8,-57,A,5c:62:8b:66:67:d2"
1791394468.745,"B,7575,10,b2:db:ca:e6:29:a6,56,2,0,0,-31,S,5c:62:8b:66:67:d2"
1791394468.745,"B,7675,10,72:3b:01:24:b7:c8,56,2,0,0,-55,S,5c:62:8b:66:67:d2"
1791394468.745,"B,7675,10,5c:62:8b:66:67:d2,0,0,112,4,-56,A,5c:62:8b:66:67:d2"
1791394468.745,"B,7675,10,b2:db:ca:e6:29:a6,56,2,0,0,-31,S,5c:62:8b:66:67:d2"
1791394468.948,"B,7775,10,72:3b:01:24:b7:c8,28,1,0,0,-55,S,5c:62:8b:66:67:d2"
1791394468.948,"B,7775,10,5c:62:8b:66:67:d2,0,0,56,2,-55,A,5c:62:8b:66:67:d2"
1791394468.948,"B,7775,10,b2:db:ca:e6:29:a6,28,1,0,0,-31,S,5c:62:8b:66:67:d2"
1791394468.948,"B,7875,10,72:3b:01:24:b7:c8,84,3,0,0,-55,S,5c:62:8b:66:67:d2"
1791394468.948,"B,7875,10,5c:62:8b:66:67:d2,0,0,112,4,-57,A,5c:62:8b:66:67:d2"
1791394468.948,"B,7875,10,b2:db:ca:e6:29:a6,28,1,0,0,-31,S,5c:62:8b:66:67:d2"
1791394469.152,"B,7975,10,5c:62:8b:66:67:d2,0,0,56,2,-58,A,5c:62:8b:66:67:d2"
1791394469.152,"B,7975,10,b2:db:ca:e6:29:a6,56,2,0,0,-31,S,5c:62:8b:66:67:d2"
1791394469.152,"B,8075,10,5c:62:8b:66:67:d2,0,0,28,1,-57,A,5c:62:8b:66:67:d2"
1791394469.152,"B,8075,10,b2:db:ca:e6:29:a6,28,1,0,0,-32,S,5c:62:8b:66:67:d2"
1791394469.356,"B,8175,10,72:3b:01:24:b7:c8,84,3,0,0,-54,S,5c:62:8b:66:67:d2"
1791394469.356,"B,8175,10,5c:62:8b:66:67:d2,0,0,140,5,-58,A,5c:62:8b:66:67:d2"
1791394469.356,"B,8175,10,b2:db:ca:e6:29:a6,56,2,0,0,-30,S,5c:62:8b:66:67:d2"
1791394469.356,"B,8275,10,72:3b:01:24:b7:c8,28,1,0,0,-54,S,5c:62:8b:66:67:d2"
1791394469.356,"B,8275,10,5c:62:8b:66:67:d2,80,1,56,2,-55,A,5c:62:8b:66:67:d2"
1791394469.356,"B,8275,10,b2:db:ca:e6:29:a6,28,1,0,0,-30,S,5c:62:8b:66:67:d2"
1791394469.561,"B,8375,10,5c:62:8b:66:67:d2,0,0,56,2,-56,A,5c:62:8b:66:67:d2"
1791394469.561,"B,8375,10,b2:db:ca:e6:29:a6,56,2,0,0,-31,S,5c:62:8b:66:67:d2"
1791394469.561,"B,8475,10,5c:62:8b:66:67:d2,0,0,28,1,-57,A,5c:62:8b:66:67:d2"
1791394469.561,"B,8475,10,b2:db:ca:e6:29:a6,28,1,0,0,-30,S,5c:62:8b:66:67:d2"
1791394469.766,"B,8675,10,72:3b:01:24:b7:c8,140,5,0,0,-53,S,5c:62:8b:66:67:d2"
1791394469.766,"B,8675,10,5c:62:8b:66:67:d2,0,0,196,7,-56,A,5c:62:8b:66:67:d2"
1791394469.766,"B,8675,10,b2:db:ca:e6:29:a6,56,2,0,0,-33,S,5c:62:8b:66:67:d2"
1791394469.970,"B,8775,10,72:3b:01:24:b7:c8,28,1,0,0,-55,S,5c:62:8b:66:67:d2"
1791394469.970,"B,8775,10,5c:62:8b:66:67:d2,0,0,56,2,-57,A,5c:62:8b:66:67:d2"
1791394469.970,"B,8775,10,b2:db:ca:e6:29:a6,28,1,0,0,-31,S,5c:62:8b:66:67:d2"
1791394469.970,"B,8875,10,5c:62:8b:66:67:d2,0,0,28,1,-56,A,5c:62:8b:66:67:d2"
1791394469.970,"B,8875,10,b2:db:ca:e6:29:a6,28,1,0,0,-32,S,5c:62:8b:66:67:d2"
1791394470.171,"B,8975,10,72:3b:01:24:b7:c8,28,1,0,0,-55,S,5c:62:8b:66:67:d2"
1791394470.171,"B,8975,10,5c:62:8b:66:67:d2,0,0,28,1,-56,A,5c:62:8b:66:67:d2"
1791394470.171,"B,9075,10,72:3b:01:24:b7:c8,28,1,0,0,-55,S,5c:62:8b:66:67:d2"
1791394470.171,"B,9075,10,5c:62:8b:66:67:d2,0,0,112,4,-57,A,5c:62:8b:66:67:d2"
1791394470.171,"B,9075,10,b2:db:ca:e6:29:a6,84,3,0,0,-31,S,5c:62:8b:66:67:d2"
1791394470.372,"B,9175,10,72:3b:01:24:b7:c8,28,1,0,0,-55,S,5c:62:8b:66:67:d2"
1791394470.372,"B,9175,10,5c:62:8b:66:67:d2,0,0,56,2,-57,A,5c:62:8b:66:67:d2"
1791394470.372,"B,9175,10,b2:db:ca:e6:29:a6,28,1,0,0,-29,S,5c:62:8b:66:67:d2"
1791394470.372,"B,9275,10,72:3b:01:24:b7:c8,112,4,0,0,-55,S,5c:62:8b:66:67:d2"
1791394470.372,"B,9275,10,5c:62:8b:66:67:d2,80,1,112,4,-54,A,5c:62:8b:66:67:d2"
1791394470.577,"B,9375,10,5c:62:8b:66:67:d2,0,0,84,3,-56,A,5c:62:8b:66:67:d2"
1791394470.577,"B,9375,10,b2:db:ca:e6:29:a6,84,3,0,0,-31,S,5c:62:8b:66:67:d2"
1791394470.780,"B,9575,10,72:3b:01:24:b7:c8,168,6,0,0,-55,S,5c:62:8b:66:67:d2"
1791394470.780,"B,9575,10,5c:62:8b:66:67:d2,0,0,224,8,-56,A,5c:62:8b:66:67:d2"
1791394470.780,"B,9575,10,b2:db:ca:e6:29:a6,56,2,0,0,-31,S,5c:62:8b:66:67:d2"
1791394470.780,"B,9675,10,72:3b:01:24:b7:c8,28,1,0,0,-55,S,5c:62:8b:66:67:d2"
1791394470.780,"B,9675,10,5c:62:8b:66:67:d2,0,0,28,1,-56,A,5c:62:8b:66:67:d2"
1791394470.983,"B,9775,10,72:3b:01:24:b7:c8,84,3,0,0,-55,S,5c:62:8b:66:67:d2"
1791394470.983,"B,9775,10,5c:62:8b:66:67:d2,0,0,112,4,-56,A,5c:62:8b:66:67:d2"
1791394470.983,"B,9775,10,b2:db:ca:e6:29:a6,28,1,0,0,-30,S,5c:62:8b:66:67:d2"
1791394470.983,"B,9875,10,5c:62:8b:66:67:d2,0,0,28,1,-55,A,5c:62:8b:66:67:d2"
1791394470.983,"B,9875,10,b2:db:ca:e6:29:a6,28,1,0,0,-31,S,5c:62:8b:66:67:d2"
1791394471.188,"B,9975,10,5c:62:8b:66:67:d2,0,0,56,2,-56,A,5c:62:8b:66:67:d2"
1791394471.188,"B,9975,10,b2:db:ca:e6:29:a6,56,2,0,0,-31,S,5c:62:8b:66:67:d2"
1791394471.188,"B,10075,10,72:3b:01:24:b7:c8,84,3,0,0,-55,S,5c:62:8b:66:67:d2"
1791394471.188,"B,10075,10,5c:62:8b:66:67:d2,0,0,84,3,-54,A,5c:62:8b:66:67:d2"
1791394471.188,"I,10076,stat,rx=380,drops=0,ch=10,bin=100,hop=0,heap=203064"
1791394471.389,"B,10175,10,72:3b:01:24:b7:c8,56,2,0,0,-53,S,5c:62:8b:66:67:d2"
1791394471.389,"B,10175,10,5c:62:8b:66:67:d2,0,0,112,4,-54,A,5c:62:8b:66:67:d2"
1791394471.389,"B,10175,10,b2:db:ca:e6:29:a6,56,2,0,0,-32,S,5c:62:8b:66:67:d2"
1791394471.389,"B,10275,10,5c:62:8b:66:67:d2,80,1,28,1,-54,A,5c:62:8b:66:67:d2"
1791394471.389,"B,10275,10,b2:db:ca:e6:29:a6,28,1,0,0,-32,S,5c:62:8b:66:67:d2"
1791394471.591,"B,10375,10,80:af:ca:68:4c:f8,104,1,0,0,-85,A,80:af:ca:68:4c:f8"
1791394471.591,"B,10375,10,72:3b:01:24:b7:c8,56,2,0,0,-51,S,5c:62:8b:66:67:d2"
1791394471.591,"B,10375,10,5c:62:8b:66:67:d2,0,0,84,3,-59,A,5c:62:8b:66:67:d2"
1791394471.591,"B,10375,10,b2:db:ca:e6:29:a6,28,1,0,0,-33,S,5c:62:8b:66:67:d2"
1791394471.591,"B,10475,10,5c:62:8b:66:67:d2,0,0,56,2,-59,A,5c:62:8b:66:67:d2"
1791394471.591,"B,10475,10,b2:db:ca:e6:29:a6,56,2,0,0,-32,S,5c:62:8b:66:67:d2"
1791394471.791,"B,10675,10,72:3b:01:24:b7:c8,168,6,0,0,-50,S,5c:62:8b:66:67:d2"
1791394471.791,"B,10675,10,5c:62:8b:66:67:d2,0,0,196,7,-60,A,5c:62:8b:66:67:d2"
1791394471.791,"B,10675,10,b2:db:ca:e6:29:a6,28,1,0,0,-32,S,5c:62:8b:66:67:d2"
1791394471.992,"B,10775,10,5c:62:8b:66:67:d2,0,0,56,2,-59,A,5c:62:8b:66:67:d2"
1791394471.992,"B,10775,10,b2:db:ca:e6:29:a6,56,2,0,0,-31,S,5c:62:8b:66:67:d2"
1791394471.992,"B,10875,10,72:3b:01:24:b7:c8,56,2,0,0,-51,S,5c:62:8b:66:67:d2"
1791394471.992,"B,10875,10,5c:62:8b:66:67:d2,0,0,84,3,0,A,5c:62:8b:66:67:d2"
1791394471.992,"B,10875,10,b2:db:ca:e6:29:a6,28,1,0,0,-31,S,5c:62:8b:66:67:d2"
1791394472.194,"B,10975,10,5c:62:8b:66:67:d2,0,0,28,1,-60,A,5c:62:8b:66:67:d2"
1791394472.194,"B,10975,10,b2:db:ca:e6:29:a6,28,1,0,0,-32,S,5c:62:8b:66:67:d2"
1791394472.194,"B,11075,10,5c:62:8b:66:67:d2,0,0,56,2,-62,A,5c:62:8b:66:67:d2"
1791394472.194,"B,11075,10,b2:db:ca:e6:29:a6,56,2,0,0,-33,S,5c:62:8b:66:67:d2"
1791394472.395,"B,11175,10,72:3b:01:24:b7:c8,84,3,0,0,-52,S,5c:62:8b:66:67:d2"
1791394472.395,"B,11175,10,5c:62:8b:66:67:d2,0,0,112,4,-60,A,5c:62:8b:66:67:d2"
1791394472.395,"B,11175,10,b2:db:ca:e6:29:a6,28,1,0,0,-30,S,5c:62:8b:66:67:d2"
1791394472.395,"B,11275,10,72:3b:01:24:b7:c8,28,1,0,0,-52,S,5c:62:8b:66:67:d2"
1791394472.395,"B,11275,10,5c:62:8b:66:67:d2,80,1,56,2,-54,A,5c:62:8b:66:67:d2"
1791394472.395,"B,11275,10,b2:db:ca:e6:29:a6,28,1,0,0,-36,S,5c:62:8b:66:67:d2"
1791394472.600,"B,11375,10,5c:62:8b:66:67:d2,0,0,28,1,-58,A,5c:62:8b:66:67:d2"
1791394472.600,"B,11375,10,b2:db:ca:e6:29:a6,28,1,0,0,-36,S,5c:62:8b:66:67:d2"
1791394472.600,"B,11475,10,80:af:ca:68:4c:f8,84,1,0,0,-85,A,80:af:ca:68:4c:f8"
1791394472.600,"B,11475,10,72:3b:01:24:b7:c8,84,3,0,0,-54,S,5c:62:8b:66:67:d2"
1791394472.600,"B,11475,10,5c:62:8b:66:67:d2,0,0,84,3,-56,A,5c:62:8b:66:67:d2"
1791394472.802,"B,11575,10,72:3b:01:24:b7:c8,140,5,0,0,-54,S,5c:62:8b:66:67:d2"
1791394472.802,"B,11575,10,5c:62:8b:66:67:d2,0,0,196,7,-56,A,5c:62:8b:66:67:d2"
1791394472.802,"B,11575,10,b2:db:ca:e6:29:a6,56,2,0,0,-31,S,5c:62:8b:66:67:d2"
1791394472.802,"B,11675,10,72:3b:01:24:b7:c8,28,1,0,0,-55,S,5c:62:8b:66:67:d2"
1791394472.802,"B,11675,10,5c:62:8b:66:67:d2,0,0,56,2,-57,A,5c:62:8b:66:67:d2"
1791394472.802,"B,11675,10,b2:db:ca:e6:29:a6,28,1,0,0,-32,S,5c:62:8b:66:67:d2"
1791394473.005,"B,11775,10,72:3b:01:24:b7:c8,112,4,0,0,-55,S,5c:62:8b:66:67:d2"
1791394473.005,"B,11775,10,5c:62:8b:66:67:d2,0,0,112,4,-57,A,5c:62:8b:66:67:d2"
1791394473.005,"B,11875,10,72:3b:01:24:b7:c8,84,3,0,0,-54,S,5c:62:8b:66:67:d2"
1791394473.005,"B,11875,10,5c:62:8b:66:67:d2,0,0,168,6,-57,A,5c:62:8b:66:67:d2"
1791394473.005,"B,11875,10,b2:db:ca:e6:29:a6,84,3,0,0,-31,S,5c:62:8b:66:67:d2"
1791394473.208,"B,11975,10,72:3b:01:24:b7:c8,140,5,0,0,-55,S,5c:62:8b:66:67:d2"
1791394473.208,"B,11975,10,5c:62:8b:66:67:d2,0,0,224,8,-56,A,5c:62:8b:66:67:d2"
1791394473.208,"B,11975,10,b2:db:ca:e6:29:a6,84,3,0,0,-33,S,5c:62:8b:66:67:d2"
1791394473.208,"B,12075,10,72:3b:01:24:b7:c8,56,2,0,0,-55,S,5c:62:8b:66:67:d2"
1791394473.208,"B,12075,10,5c:62:8b:66:67:d2,0,0,84,3,-54,A,5c:62:8b:66:67:d2"
1791394473.208,"B,12075,10,b2:db:ca:e6:29:a6,28,1,0,0,-32,S,5c:62:8b:66:67:d2"
1791394473.413,"B,12175,10,72:3b:01:24:b7:c8,84,3,0,0,-55,S,5c:62:8b:66:67:d2"
1791394473.413,"B,12175,10,5c:62:8b:66:67:d2,0,0,84,3,-52,A,5c:62:8b:66:67:d2"
1791394473.413,"B,12275,10,72:3b:01:24:b7:c8,140,5,0,0,-55,S,5c:62:8b:66:67:d2"
1791394473.413,"B,12275,10,5c:62:8b:66:67:d2,80,1,196,7,-52,A,5c:62:8b:66:67:d2"
1791394473.413,"B,12275,10,b2:db:ca:e6:29:a6,56,2,0,0,-31,S,5c:62:8b:66:67:d2"
1791394473.615,"B,12375,10,72:3b:01:24:b7:c8,56,2,0,0,-54,S,5c:62:8b:66:67:d2"
1791394473.615,"B,12375,10,5c:62:8b:66:67:d2,0,0,56,2,-52,A,5c:62:8b:66:67:d2"
1791394473.615,"B,12475,10,72:3b:01:24:b7:c8,112,4,0,0,-53,S,5c:62:8b:66:67:d2"
1791394473.615,"B,12475,10,5c:62:8b:66:67:d2,0,0,140,5,-52,A,5c:62:8b:66:67:d2"
1791394473.615,"B,12475,10,b2:db:ca:e6:29:a6,28,1,0,0,-32,S,5c:62:8b:66:67:d2"
1791394473.817,"B,12575,10,72:3b:01:24:b7:c8,112,4,0,0,-52,S,5c:62:8b:66:67:d2"
1791394473.817,"B,12575,10,5c:62:8b:66:67:d2,0,0,168,6,-54,A,5c:62:8b:66:67:d2"
1791394473.817,"B,12575,10,b2:db:ca:e6:29:a6,56,2,0,0,-31,S,5c:62:8b:66:67:d2"
1791394473.817,"B,12675,10,72:3b:01:24:b7:c8,56,2,0,0,-54,S,5c:62:8b:66:67:d2"
1791394473.817,"B,12675,10,5c:62:8b:66:67:d2,0,0,112,4,-54,A,5c:62:8b:66:67:d2"
1791394473.817,"B,12675,10,b2:db:ca:e6:29:a6,56,2,0,0,-30,S,5c:62:8b:66:67:d2"
1791394474.017,"B,12775,10,72:3b:01:24:b7:c8,56,2,0,0,-52,S,5c:62:8b:66:67:d2"
1791394474.017,"B,12775,10,5c:62:8b:66:67:d2,0,0,84,3,-58,A,5c:62:8b:66:67:d2"
1791394474.017,"B,12775,10,b2:db:ca:e6:29:a6,28,1,0,0,-30,S,5c:62:8b:66:67:d2"
1791394474.017,"B,12875,10,72:3b:01:24:b7:c8,140,5,0,0,-52,S,5c:62:8b:66:67:d2"
1791394474.017,"B,12875,10,5c:62:8b:66:67:d2,0,0,196,7,-62,A,5c:62:8b:66:67:d2"
1791394474.017,"B,12875,10,b2:db:ca:e6:29:a6,56,2,0,0,-30,S,5c:62:8b:66:67:d2"
1791394474.017,"B,12975,10,72:3b:01:24:b7:c8,112,4,0,0,-52,S,5c:62:8b:66:67:d2"
1791394474.017,"B,12975,10,5c:62:8b:66:67:d2,0,0,140,5,-64,A,5c:62:8b:66:67:d2"
1791394474.017,"B,12975,10,b2:db:ca:e6:29:a6,28,1,0,0,-31,S,5c:62:8b:66:67:d2"
1791394474.218,"B,13075,10,72:3b:01:24:b7:c8,56,2,0,0,-53,S,5c:62:8b:66:67:d2"
1791394474.218,"B,13075,10,5c:62:8b:66:67:d2,0,0,112,4,-64,A,5c:62:8b:66:67:d2"
1791394474.218,"B,13075,10,b2:db:ca:e6:29:a6,56,2,0,0,-31,S,5c:62:8b:66:67:d2"
1791394474.218,"B,13175,10,72:3b:01:24:b7:c8,84,3,0,0,-52,S,5c:62:8b:66:67:d2"
1791394474.218,"B,13175,10,5c:62:8b:66:67:d2,0,0,140,5,-63,A,5c:62:8b:66:67:d2"
1791394474.218,"B,13175,10,b2:db:ca:e6:29:a6,56,2,0,0,-31,S,5c:62:8b:66:67:d2"
1791394474.418,"B,13275,10,72:3b:01:24:b7:c8,84,3,0,0,-52,S,5c:62:8b:66:67:d2"
1791394474.418,"B,13275,10,5c:62:8b:66:67:d2,0,0,84,3,-62,A,5c:62:8b:66:67:d2"
1791394474.418,"B,13375,10,72:3b:01:24:b7:c8,56,2,0,0,-55,S,5c:62:8b:66:67:d2"
1791394474.618,"B,13375,10,5c:62:8b:66:67:d2,0,0,112,4,-59,A,5c:62:8b:66:67:d2"
1791394474.618,"B,13375,10,b2:db:ca:e6:29:a6,56,2,0,0,-31,S,5c:62:8b:66:67:d2"
1791394474.618,"B,13475,10,72:3b:01:24:b7:c8,56,2,0,0,-53,S,5c:62:8b:66:67:d2"
1791394474.618,"B,13475,10,5c:62:8b:66:67:d2,0,0,84,3,-55,A,5c:62:8b:66:67:d2"
1791394474.618,"B,13475,10,b2:db:ca:e6:29:a6,28,1,0,0,-29,S,5c:62:8b:66:67:d2"
1791394474.618,"B,13575,10,72:3b:01:24:b7:c8,84,3,0,0,-53,S,5c:62:8b:66:67:d2"
1791394474.618,"B,13575,10,5c:62:8b:66:67:d2,0,0,140,5,-55,A,5c:62:8b:66:67:d2"
1791394474.819,"B,13575,10,b2:db:ca:e6:29:a6,56,2,0,0,-30,S,5c:62:8b:66:67:d2"
1791394474.819,"B,13675,10,72:3b:01:24:b7:c8,112,4,0,0,-54,S,5c:62:8b:66:67:d2"
1791394474.819,"B,13675,10,5c:62:8b:66:67:d2,0,0,140,5,-53,A,5c:62:8b:66:67:d2"
1791394474.819,"B,13675,10,b2:db:ca:e6:29:a6,28,1,0,0,-31,S,5c:62:8b:66:67:d2"
1791394474.819,"B,13775,10,72:3b:01:24:b7:c8,84,3,0,0,-54,S,5c:62:8b:66:67:d2"
1791394474.819,"B,13775,10,5c:62:8b:66:67:d2,0,0,84,3,-54,A,5c:62:8b:66:67:d2"
1791394475.019,"B,13875,10,72:3b:01:24:b7:c8,84,3,0,0,-53,S,5c:62:8b:66:67:d2"
1791394475.019,"B,13875,10,5c:62:8b:66:67:d2,0,0,140,5,-55,A,5c:62:8b:66:67:d2"
1791394475.019,"B,13875,10,b2:db:ca:e6:29:a6,56,2,0,0,-33,S,5c:62:8b:66:67:d2"
1791394475.019,"B,13975,10,72:3b:01:24:b7:c8,84,3,0,0,-54,S,5c:62:8b:66:67:d2"
1791394475.019,"B,13975,10,5c:62:8b:66:67:d2,0,0,112,4,-57,A,5c:62:8b:66:67:d2"
1791394475.019,"B,13975,10,b2:db:ca:e6:29:a6,28,1,0,0,-31,S,5c:62:8b:66:67:d2"
1791394475.220,"B,14075,10,72:3b:01:24:b7:c8,56,2,0,0,-53,S,5c:62:8b:66:67:d2"
1791394475.220,"B,14075,10,5c:62:8b:66:67:d2,0,0,112,4,-55,A,5c:62:8b:66:67:d2"
1791394475.220,"B,14075,10,b2:db:ca:e6:29:a6,56,2,0,0,-31,S,5c:62:8b:66:67:d2"
1791394475.220,"B,14175,10,72:3b:01:24:b7:c8,84,3,0,0,-54,S,5c:62:8b:66:67:d2"
1791394475.220,"B,14175,10,5c:62:8b:66:67:d2,0,0,84,3,-56,A,5c:62:8b:66:67:d2"
1791394475.420,"B,14275,10,72:3b:01:24:b7:c8,168,6,0,0,-54,S,5c:62:8b:66:67:d2"
1791394475.420,"B,14275,10,5c:62:8b:66:67:d2,0,0,196,7,-55,A,5c:62:8b:66:67:d2"
1791394475.420,"B,14275,10,b2:db:ca:e6:29:a6,28,1,0,0,-33,S,5c:62:8b:66:67:d2"
1791394475.420,"B,14375,10,80:af:ca:68:4c:f8,104,1,0,0,-85,A,80:af:ca:68:4c:f8"
1791394475.420,"B,14375,10,72:3b:01:24:b7:c8,56,2,0,0,-54,S,5c:62:8b:66:67:d2"
1791394475.420,"B,14375,10,5c:62:8b:66:67:d2,0,0,112,4,-56,A,5c:62:8b:66:67:d2"
1791394475.420,"B,14375,10,b2:db:ca:e6:29:a6,56,2,0,0,-30,S,5c:62:8b:66:67:d2"
1791394475.621,"B,14475,10,72:3b:01:24:b7:c8,84,3,0,0,-54,S,5c:62:8b:66:67:d2"
1791394475.621,"B,14475,10,5c:62:8b:66:67:d2,0,0,112,4,-55,A,5c:62:8b:66:67:d2"
1791394475.621,"B,14475,10,b2:db:ca:e6:29:a6,28,1,0,0,-31,S,5c:62:8b:66:67:d2"
1791394475.621,"B,14575,10,72:3b:01:24:b7:c8,56,2,0,0,-55,S,5c:62:8b:66:67:d2"
1791394475.621,"B,14575,10,5c:62:8b:66:67:d2,0,0,112,4,-55,A,5c:62:8b:66:67:d2"
1791394475.621,"B,14575,10,b2:db:ca:e6:29:a6,56,2,0,0,-33,S,5c:62:8b:66:67:d2"
1791394475.821,"B,14675,10,72:3b:01:24:b7:c8,56,2,0,0,-55,S,5c:62:8b:66:67:d2"
1791394475.821,"B,14675,10,5c:62:8b:66:67:d2,0,0,84,3,-55,A,5c:62:8b:66:67:d2"
1791394475.821,"B,14675,10,b2:db:ca:e6:29:a6,28,1,0,0,-31,S,5c:62:8b:66:67:d2"
1791394475.821,"B,14775,10,72:3b:01:24:b7:c8,84,3,0,0,-55,S,5c:62:8b:66:67:d2"
1791394475.821,"B,14775,10,5c:62:8b:66:67:d2,0,0,140,5,-55,A,5c:62:8b:66:67:d2"
1791394475.821,"B,14775,10,b2:db:ca:e6:29:a6,56,2,0,0,-32,S,5c:62:8b:66:67:d2"
1791394476.022,"B,14875,10,72:3b:01:24:b7:c8,56,2,0,0,-55,S,5c:62:8b:66:67:d2"
1791394476.022,"B,14875,10,5c:62:8b:66:67:d2,0,0,56,2,-55,A,5c:62:8b:66:67:d2"
1791394476.022,"B,14975,10,72:3b:01:24:b7:c8,56,2,0,0,-54,S,5c:62:8b:66:67:d2"
1791394476.022,"B,14975,10,5c:62:8b:66:67:d2,0,0,140,5,-55,A,5c:62:8b:66:67:d2"
1791394476.022,"B,14975,10,b2:db:ca:e6:29:a6,84,3,0,0,-32,S,5c:62:8b:66:67:d2"
1791394476.222,"B,15075,10,72:3b:01:24:b7:c8,84,3,0,0,-54,S,5c:62:8b:66:67:d2"
1791394476.222,"B,15075,10,5c:62:8b:66:67:d2,0,0,112,4,-55,A,5c:62:8b:66:67:d2"
1791394476.222,"B,15075,10,b2:db:ca:e6:29:a6,28,1,0,0,-31,S,5c:62:8b:66:67:d2"
1791394476.222,"I,15079,stat,rx=642,drops=0,ch=10,bin=100,hop=0,heap=203064"
1791394476.222,"B,15175,10,72:3b:01:24:b7:c8,28,1,0,0,-54,S,5c:62:8b:66:67:d2"
1791394476.222,"B,15175,10,5c:62:8b:66:67:d2,0,0,112,4,-55,A,5c:62:8b:66:67:d2"
1791394476.222,"B,15175,10,b2:db:ca:e6:29:a6,84,3,0,0,-33,S,5c:62:8b:66:67:d2"
1791394476.423,"B,15275,10,72:3b:01:24:b7:c8,56,2,0,0,-54,S,5c:62:8b:66:67:d2"
1791394476.423,"B,15275,10,5c:62:8b:66:67:d2,0,0,84,3,-56,A,5c:62:8b:66:67:d2"
1791394476.423,"B,15275,10,b2:db:ca:e6:29:a6,28,1,0,0,-33,S,5c:62:8b:66:67:d2"
1791394476.423,"B,15375,10,72:3b:01:24:b7:c8,56,2,0,0,-53,S,5c:62:8b:66:67:d2"
1791394476.423,"B,15375,10,5c:62:8b:66:67:d2,0,0,84,3,0,A,5c:62:8b:66:67:d2"
1791394476.423,"B,15375,10,b2:db:ca:e6:29:a6,28,1,0,0,-31,S,5c:62:8b:66:67:d2"
1791394476.624,"B,15475,10,72:3b:01:24:b7:c8,84,3,0,0,-53,S,5c:62:8b:66:67:d2"
1791394476.624,"B,15475,10,5c:62:8b:66:67:d2,0,0,112,4,-56,A,5c:62:8b:66:67:d2"
1791394476.624,"B,15475,10,b2:db:ca:e6:29:a6,28,1,0,0,-31,S,5c:62:8b:66:67:d2"
1791394476.624,"B,15575,10,72:3b:01:24:b7:c8,196,7,0,0,-52,S,5c:62:8b:66:67:d2"
1791394476.624,"B,15575,10,5c:62:8b:66:67:d2,0,0,196,7,-57,A,5c:62:8b:66:67:d2"
1791394476.826,"B,15675,10,72:3b:01:24:b7:c8,56,2,0,0,-52,S,5c:62:8b:66:67:d2"
1791394476.826,"B,15675,10,5c:62:8b:66:67:d2,0,0,84,3,-58,A,5c:62:8b:66:67:d2"
1791394476.826,"B,15675,10,b2:db:ca:e6:29:a6,28,1,0,0,-31,S,5c:62:8b:66:67:d2"
1791394476.826,"B,15775,10,72:3b:01:24:b7:c8,112,4,0,0,-51,S,5c:62:8b:66:67:d2"
1791394476.826,"B,15775,10,5c:62:8b:66:67:d2,0,0,140,5,-58,A,5c:62:8b:66:67:d2"
1791394476.826,"B,15775,10,b2:db:ca:e6:29:a6,28,1,0,0,-36,S,5c:62:8b:66:67:d2"
1791394477.029,"A,15815,10,d8:0d:17:46:46:1a,-70,spike"
1791394477.029,"B,15875,10,72:3b:01:24:b7:c8,56,2,0,0,-51,S,5c:62:8b:66:67:d2"
1791394477.029,"B,15875,10,5c:62:8b:66:67:d2,0,0,112,4,-59,A,5c:62:8b:66:67:d2"
1791394477.029,"B,15875,10,b2:db:ca:e6:29:a6,56,2,0,0,-30,S,5c:62:8b:66:67:d2"
1791394477.029,"B,15975,10,72:3b:01:24:b7:c8,56,2,0,0,-51,S,5c:62:8b:66:67:d2"
1791394477.029,"B,15975,10,5c:62:8b:66:67:d2,0,0,56,2,-61,A,5c:62:8b:66:67:d2"
1791394477.231,"B,16075,10,72:3b:01:24:b7:c8,56,2,0,0,-51,S,5c:62:8b:66:67:d2"
1791394477.231,"B,16075,10,5c:62:8b:66:67:d2,0,0,84,3,-61,A,5c:62:8b:66:67:d2"
1791394477.231,"B,16075,10,b2:db:ca:e6:29:a6,28,1,0,0,-32,S,5c:62:8b:66:67:d2"
1791394477.231,"B,16175,10,72:3b:01:24:b7:c8,84,3,0,0,-51,S,5c:62:8b:66:67:d2"
1791394477.231,"B,16175,10,5c:62:8b:66:67:d2,0,0,112,4,-63,A,5c:62:8b:66:67:d2"
1791394477.231,"B,16175,10,b2:db:ca:e6:29:a6,28,1,0,0,-31,S,5c:62:8b:66:67:d2"
1791394477.433,"B,16275,10,72:3b:01:24:b7:c8,84,3,0,0,-50,S,5c:62:8b:66:67:d2"
1791394477.433,"B,16275,10,5c:62:8b:66:67:d2,0,0,140,5,-61,A,5c:62:8b:66:67:d2"
1791394477.433,"B,16275,10,b2:db:ca:e6:29:a6,56,2,0,0,-31,S,5c:62:8b:66:67:d2"
1791394477.433,"B,16375,10,72:3b:01:24:b7:c8,56,2,0,0,-51,S,5c:62:8b:66:67:d2"
1791394477.433,"B,16375,10,5c:62:8b:66:67:d2,0,0,84,3,-61,A,5c:62:8b:66:67:d2"
1791394477.433,"B,16375,10,b2:db:ca:e6:29:a6,28,1,0,0,-31,S,5c:62:8b:66:67:d2"
1791394477.636,"B,16475,10,72:3b:01:24:b7:c8,56,2,0,0,-50,S,5c:62:8b:66:67:d2"
1791394477.636,"B,16475,10,5c:62:8b:66:67:d2,0,0,292,4,-60,A,5c:62:8b:66:67:d2"
1791394477.636,"B,16475,10,b2:db:ca:e6:29:a6,236,2,0,0,-29,S,5c:62:8b:66:67:d2"
1791394477.636,"B,16575,10,72:3b:01:24:b7:c8,56,2,0,0,-51,S,5c:62:8b:66:67:d2"
1791394477.636,"B,16575,10,5c:62:8b:66:67:d2,0,0,112,4,-57,A,5c:62:8b:66:67:d2"
1791394477.636,"B,16575,10,b2:db:ca:e6:29:a6,56,2,0,0,-31,S,5c:62:8b:66:67:d2"
1791394477.838,"B,16675,10,72:3b:01:24:b7:c8,168,6,0,0,-50,S,5c:62:8b:66:67:d2"
1791394477.838,"B,16675,10,5c:62:8b:66:67:d2,0,0,168,6,-55,A,5c:62:8b:66:67:d2"
1791394477.838,"B,16775,10,72:3b:01:24:b7:c8,56,2,0,0,-50,S,5c:62:8b:66:67:d2"
1791394477.838,"B,16775,10,5c:62:8b:66:67:d2,0,0,112,4,-54,A,5c:62:8b:66:67:d2"
1791394477.838,"B,16775,10,b2:db:ca:e6:29:a6,56,2,0,0,-30,S,5c:62:8b:66:67:d2"
1791394478.040,"B,16875,10,72:3b:01:24:b7:c8,112,4,0,0,-51,S,5c:62:8b:66:67:d2"
1791394478.040,"B,16875,10,5c:62:8b:66:67:d2,0,0,112,4,-54,A,5c:62:8b:66:67:d2"
1791394478.040,"B,16975,10,72:3b:01:24:b7:c8,56,2,0,0,-51,S,5c:62:8b:66:67:d2"
1791394478.040,"B,16975,10,5c:62:8b:66:67:d2,0,0,112,4,-55,A,5c:62:8b:66:67:d2"
1791394478.040,"B,16975,10,b2:db:ca:e6:29:a6,56,2,0,0,-31,S,5c:62:8b:66:67:d2"
1791394478.242,"B,17075,10,72:3b:01:24:b7:c8,56,2,0,0,-51,S,5c:62:8b:66:67:d2"
1791394478.242,"B,17075,10,5c:62:8b:66:67:d2,0,0,56,2,-57,A,5c:62:8b:66:67:d2"
1791394478.242,"B,17175,10,72:3b:01:24:b7:c8,84,3,0,0,-51,S,5c:62:8b:66:67:d2"
1791394478.242,"B,17175,10,5c:62:8b:66:67:d2,0,0,112,4,-57,A,5c:62:8b:66:67:d2"
1791394478.242,"B,17175,10,b2:db:ca:e6:29:a6,28,1,0,0,-32,S,5c:62:8b:66:67:d2"
1791394478.446,"B,17275,10,72:3b:01:24:b7:c8,168,6,0,0,-51,S,5c:62:8b:66:67:d2"
1791394478.446,"B,17275,10,5c:62:8b:66:67:d2,0,0,224,8,-57,A,5c:62:8b:66:67:d2"
1791394478.446,"B,17275,10,b2:db:ca:e6:29:a6,56,2,0,0,-31,S,5c:62:8b:66:67:d2"
1791394478.446,"B,17375,10,72:3b:01:24:b7:c8,84,3,0,0,-51,S,5c:62:8b:66:67:d2"
1791394478.446,"B,17375,10,5c:62:8b:66:67:d2,0,0,84,3,-57,A,5c:62:8b:66:67:d2"
1791394478.650,"B,17475,10,72:3b:01:24:b7:c8,140,5,0,0,-51,S,5c:62:8b:66:67:d2"
1791394478.650,"B,17475,10,5c:62:8b:66:67:d2,0,0,196,7,-57,A,5c:62:8b:66:67:d2"
1791394478.650,"B,17475,10,b2:db:ca:e6:29:a6,56,2,0,0,-31,S,5c:62:8b:66:67:d2"
1791394478.650,"B,17575,10,72:3b:01:24:b7:c8,196,7,0,0,-51,S,5c:62:8b:66:67:d2"
1791394478.650,"B,17575,10,5c:62:8b:66:67:d2,0,0,196,7,-57,A,5c:62:8b:66:67:d2"
1791394478.850,"B,17675,10,72:3b:01:24:b7:c8,168,6,0,0,-50,S,5c:62:8b:66:67:d2"
1791394478.850,"B,17675,10,5c:62:8b:66:67:d2,0,0,168,6,-56,A,5c:62:8b:66:67:d2"
1791394478.850,"B,17775,10,72:3b:01:24:b7:c8,196,7,0,0,-51,S,5c:62:8b:66:67:d2"
1791394478.850,"B,17775,10,5c:62:8b:66:67:d2,0,0,252,9,-55,A,5c:62:8b:66:67:d2"
1791394478.850,"B,17775,10,b2:db:ca:e6:29:a6,56,2,0,0,-32,S,5c:62:8b:66:67:d2"
1791394479.051,"B,17875,10,72:3b:01:24:b7:c8,112,4,0,0,-52,S,5c:62:8b:66:67:d2"
1791394479.051,"B,17875,10,5c:62:8b:66:67:d2,0,0,168,6,-54,A,5c:62:8b:66:67:d2"
1791394479.051,"B,17875,10,b2:db:ca:e6:29:a6,56,2,0,0,-31,S,5c:62:8b:66:67:d2"
1791394479.051,"B,17975,10,72:3b:01:24:b7:c8,28,1,0,0,-52,S,5c:62:8b:66:67:d2"
1791394479.051,"B,17975,10,5c:62:8b:66:67:d2,0,0,56,2,-54,A,5c:62:8b:66:67:d2"
1791394479.051,"B,17975,10,b2:db:ca:e6:29:a6,28,1,0,0,-30,S,5c:62:8b:66:67:d2"
1791394479.256,"B,18075,10,72:3b:01:24:b7:c8,112,4,0,0,-51,S,5c:62:8b:66:67:d2"
1791394479.256,"B,18075,10,5c:62:8b:66:67:d2,0,0,140,5,-55,A,5c:62:8b:66:67:d2"
1791394479.256,"B,18075,10,b2:db:ca:e6:29:a6,28,1,0,0,-31,S,5c:62:8b:66:67:d2"
1791394479.256,"B,18175,10,72:3b:01:24:b7:c8,84,3,0,0,-51,S,5c:62:8b:66:67:d2"
1791394479.256,"B,18175,10,5c:62:8b:66:67:d2,0,0,112,4,-55,A,5c:62:8b:66:67:d2"
1791394479.256,"B,18175,10,b2:db:ca:e6:29:a6,28,1,0,0,-32,S,5c:62:8b:66:67:d2"
1791394479.458,"B,18275,10,72:3b:01:24:b7:c8,56,2,0,0,-51,S,5c:62:8b:66:67:d2"
1791394479.458,"B,18275,10,5c:62:8b:66:67:d2,0,0,112,4,-56,A,5c:62:8b:66:67:d2"
1791394479.458,"B,18275,10,b2:db:ca:e6:29:a6,56,2,0,0,-32,S,5c:62:8b:66:67:d2"
1791394479.458,"B,18375,10,72:3b:01:24:b7:c8,56,2,0,0,-51,S,5c:62:8b:66:67:d2"
1791394479.458,"B,18375,10,5c:62:8b:66:67:d2,0,0,112,4,-56,A,5c:62:8b:66:67:d2"
1791394479.458,"B,18375,10,b2:db:ca:e6:29:a6,56,2,0,0,-31,S,5c:62:8b:66:67:d2"
1791394479.661,"B,18475,10,72:3b:01:24:b7:c8,84,3,0,0,-51,S,5c:62:8b:66:67:d2"
1791394479.661,"B,18475,10,5c:62:8b:66:67:d2,0,0,84,3,-55,A,5c:62:8b:66:67:d2"
1791394479.661,"B,18575,10,72:3b:01:24:b7:c8,56,2,0,0,-52,S,5c:62:8b:66:67:d2"
1791394479.661,"B,18575,10,5c:62:8b:66:67:d2,0,0,112,4,-56,A,5c:62:8b:66:67:d2"
1791394479.661,"B,18575,10,b2:db:ca:e6:29:a6,56,2,0,0,-31,S,5c:62:8b:66:67:d2"
1791394479.864,"B,18675,10,72:3b:01:24:b7:c8,140,5,0,0,-52,S,5c:62:8b:66:67:d2"
1791394479.864,"B,18675,10,5c:62:8b:66:67:d2,0,0,140,5,-57,A,5c:62:8b:66:67:d2"
1791394479.864,"B,18775,10,72:3b:01:24:b7:c8,84,3,0,0,-52,S,5c:62:8b:66:67:d2"
1791394479.864,"B,18775,10,5c:62:8b:66:67:d2,0,0,140,5,-58,A,5c:62:8b:66:67:d2"
1791394479.864,"B,18775,10,b2:db:ca:e6:29:a6,56,2,0,0,-34,S,5c:62:8b:66:67:d2"
1791394480.065,"B,18875,10,72:3b:01:24:b7:c8,140,5,0,0,-52,S,5c:62:8b:66:67:d2"
1791394480.065,"B,18875,10,5c:62:8b:66:67:d2,0,0,140,5,-58,A,5c:62:8b:66:67:d2"
1791394480.065,"B,18975,10,72:3b:01:24:b7:c8,56,2,0,0,-52,S,5c:62:8b:66:67:d2"
1791394480.065,"B,18975,10,5c:62:8b:66:67:d2,0,0,84,3,-58,A,5c:62:8b:66:67:d2"
1791394480.065,"B,18975,10,b2:db:ca:e6:29:a6,28,1,0,0,-32,S,5c:62:8b:66:67:d2"
1791394480.268,"B,19075,10,72:3b:01:24:b7:c8,84,3,0,0,-52,S,5c:62:8b:66:67:d2"
1791394480.268,"B,19075,10,5c:62:8b:66:67:d2,0,0,112,4,-58,A,5c:62:8b:66:67:d2"
1791394480.268,"B,19075,10,b2:db:ca:e6:29:a6,28,1,0,0,-32,S,5c:62:8b:66:67:d2"
1791394480.268,"A,19111,10,e0:bb:0c:05:3a:69,-86,528"
1791394480.268,"B,19175,10,72:3b:01:24:b7:c8,56,2,0,0,-52,S,5c:62:8b:66:67:d2"
1791394480.268,"B,19175,10,5c:62:8b:66:67:d2,0,0,56,2,-58,A,5c:62:8b:66:67:d2"
1791394480.470,"B,19275,10,72:3b:01:24:b7:c8,84,3,0,0,-52,S,5c:62:8b:66:67:d2"
1791394480.470,"B,19275,10,5c:62:8b:66:67:d2,0,0,112,4,-59,A,5c:62:8b:66:67:d2"
1791394480.470,"B,19275,10,b2:db:ca:e6:29:a6,28,1,0,0,-32,S,5c:62:8b:66:67:d2"
1791394480.470,"B,19375,10,72:3b:01:24:b7:c8,28,1,0,0,-52,S,5c:62:8b:66:67:d2"
1791394480.470,"B,19375,10,5c:62:8b:66:67:d2,0,0,28,1,-59,A,5c:62:8b:66:67:d2"
1791394480.675,"B,19475,10,72:3b:01:24:b7:c8,196,7,0,0,-51,S,5c:62:8b:66:67:d2"
1791394480.675,"B,19475,10,5c:62:8b:66:67:d2,0,0,252,9,0,A,5c:62:8b:66:67:d2"
1791394480.675,"B,19475,10,b2:db:ca:e6:29:a6,56,2,0,0,-34,S,5c:62:8b:66:67:d2"
1791394480.675,"B,19575,10,72:3b:01:24:b7:c8,224,8,0,0,-51,S,5c:62:8b:66:67:d2"
1791394480.675,"B,19575,10,5c:62:8b:66:67:d2,0,0,252,9,-61,A,5c:62:8b:66:67:d2"
1791394480.675,"B,19575,10,b2:db:ca:e6:29:a6,28,1,0,0,-32,S,5c:62:8b:66:67:d2"
1791394480.880,"B,19675,10,72:3b:01:24:b7:c8,168,6,0,0,-51,S,5c:62:8b:66:67:d2"
1791394480.880,"B,19675,10,5c:62:8b:66:67:d2,0,0,196,7,-59,A,5c:62:8b:66:67:d2"
1791394480.880,"B,19675,10,b2:db:ca:e6:29:a6,28,1,0,0,-33,S,5c:62:8b:66:67:d2"
1791394480.880,"B,19775,10,72:3b:01:24:b7:c8,112,4,0,0,-51,S,5c:62:8b:66:67:d2"
1791394480.880,"B,19775,10,5c:62:8b:66:67:d2,0,0,140,5,-59,A,5c:62:8b:66:67:d2"
1791394480.880,"B,19775,10,b2:db:ca:e6:29:a6,28,1,0,0,-32,S,5c:62:8b:66:67:d2"
1791394481.083,"B,19875,10,72:3b:01:24:b7:c8,56,2,0,0,-53,S,5c:62:8b:66:67:d2"
1791394481.083,"B,19875,10,5c:62:8b:66:67:d2,0,0,56,2,-58,A,5c:62:8b:66:67:d2"
1791394481.083,"B,19975,10,72:3b:01:24:b7:c8,84,3,0,0,-52,S,5c:62:8b:66:67:d2"
1791394481.083,"B,19975,10,5c:62:8b:66:67:d2,0,0,140,5,-59,A,5c:62:8b:66:67:d2"
1791394481.083,"B,19975,10,b2:db:ca:e6:29:a6,56,2,0,0,-31,S,5c:62:8b:66:67:d2"
1791394481.284,"B,20075,10,72:3b:01:24:b7:c8,56,2,0,0,-52,S,5c:62:8b:66:67:d2"
1791394481.284,"B,20075,10,5c:62:8b:66:67:d2,0,0,56,2,-59,A,5c:62:8b:66:67:d2"
1791394481.284,"I,20083,stat,rx=935,drops=0,ch=10,bin=100,hop=0,heap=203064"
1791394481.284,"B,20175,10,72:3b:01:24:b7:c8,84,3,0,0,-51,S,5c:62:8b:66:67:d2"
1791394481.284,"B,20175,10,5c:62:8b:66:67:d2,0,0,112,4,-59,A,5c:62:8b:66:67:d2"
1791394481.284,"B,20175,10,b2:db:ca:e6:29:a6,28,1,0,0,-32,S,5c:62:8b:66:67:d2"
1791394481.485,"B,20275,10,72:3b:01:24:b7:c8,84,3,0,0,-52,S,5c:62:8b:66:67:d2"
1791394481.485,"B,20275,10,5c:62:8b:66:67:d2,0,0,112,4,-58,A,5c:62:8b:66:67:d2"
1791394481.485,"B,20275,10,b2:db:ca:e6:29:a6,28,1,0,0,-32,S,5c:62:8b:66:67:d2"
1791394481.485,"B,20375,10,80:af:ca:68:4c:f8,84,1,0,0,-85,A,80:af:ca:68:4c:f8"
1791394481.485,"B,20375,10,72:3b:01:24:b7:c8,28,1,0,0,-52,S,5c:62:8b:66:67:d2"
1791394481.485,"B,20375,10,5c:62:8b:66:67:d2,0,0,56,2,-59,A,5c:62:8b:66:67:d2"
1791394481.485,"B,20375,10,b2:db:ca:e6:29:a6,28,1,0,0,-32,S,5c:62:8b:66:67:d2"
1791394481.688,"B,20475,10,72:3b:01:24:b7:c8,112,4,0,0,-52,S,5c:62:8b:66:67:d2"
1791394481.688,"B,20475,10,5c:62:8b:66:67:d2,0,0,112,4,-59,A,5c:62:8b:66:67:d2"
1791394481.688,"B,20575,10,72:3b:01:24:b7:c8,28,1,0,0,-52,S,5c:62:8b:66:67:d2"
1791394481.688,"B,20575,10,5c:62:8b:66:67:d2,0,0,28,1,-59,A,5c:62:8b:66:67:d2"
1791394481.893,"B,20675,10,72:3b:01:24:b7:c8,56,2,0,0,-52,S,5c:62:8b:66:67:d2"
1791394481.893,"B,20675,10,5c:62:8b:66:67:d2,0,0,112,4,-58,A,5c:62:8b:66:67:d2"
1791394481.893,"B,20675,10,b2:db:ca:e6:29:a6,56,2,0,0,-32,S,5c:62:8b:66:67:d2"
1791394481.893,"M,20748,slot,0,1"
1791394481.893,"B,20775,10,72:3b:01:24:b7:c8,84,3,0,0,-52,S,5c:62:8b:66:67:d2"
1791394481.893,"B,20775,10,5c:62:8b:66:67:d2,0,0,84,3,-57,A,5c:62:8b:66:67:d2"
1791394482.098,"B,20875,10,72:3b:01:24:b7:c8,112,4,0,0,-51,S,5c:62:8b:66:67:d2"
1791394482.098,"B,20875,10,5c:62:8b:66:67:d2,0,0,274,7,-58,A,5c:62:8b:66:67:d2"
1791394482.098,"B,20875,10,b2:db:ca:e6:29:a6,162,3,0,0,-32,S,5c:62:8b:66:67:d2"
1791394482.098,"B,20975,10,72:3b:01:24:b7:c8,84,3,0,0,-52,S,5c:62:8b:66:67:d2"
1791394482.098,"B,20975,10,5c:62:8b:66:67:d2,0,0,112,4,-58,A,5c:62:8b:66:67:d2"
1791394482.098,"B,20975,10,b2:db:ca:e6:29:a6,28,1,0,0,-36,S,5c:62:8b:66:67:d2"
1791394482.300,"B,21075,10,72:3b:01:24:b7:c8,84,3,0,0,-52,S,5c:62:8b:66:67:d2"
1791394482.300,"B,21075,10,5c:62:8b:66:67:d2,0,0,140,5,-58,A,5c:62:8b:66:67:d2"
1791394482.300,"B,21075,10,b2:db:ca:e6:29:a6,56,2,0,0,-32,S,5c:62:8b:66:67:d2"
1791394482.300,"B,21175,10,72:3b:01:24:b7:c8,56,2,0,0,-52,S,5c:62:8b:66:67:d2"
1791394482.300,"B,21175,10,5c:62:8b:66:67:d2,0,0,56,2,-57,A,5c:62:8b:66:67:d2"
1791394482.502,"B,21275,10,72:3b:01:24:b7:c8,56,2,0,0,-52,S,5c:62:8b:66:67:d2"
1791394482.502,"B,21275,10,5c:62:8b:66:67:d2,0,0,112,4,-57,A,5c:62:8b:66:67:d2"
1791394482.502,"B,21275,10,b2:db:ca:e6:29:a6,56,2,0,0,-31,S,5c:62:8b:66:67:d2"
1791394482.502,"B,21375,10,72:3b:01:24:b7:c8,168,6,0,0,-52,S,5c:62:8b:66:67:d2"
1791394482.502,"B,21375,10,5c:62:8b:66:67:d2,0,0,196,7,-58,A,5c:62:8b:66:67:d2"
1791394482.502,"B,21375,10,b2:db:ca:e6:29:a6,28,1,0,0,-31,S,5c:62:8b:66:67:d2"
1791394482.705,"B,21475,10,72:3b:01:24:b7:c8,28,1,0,0,-52,S,5c:62:8b:66:67:d2"
1791394482.705,"B,21475,10,5c:62:8b:66:67:d2,0,0,84,3,-58,A,5c:62:8b:66:67:d2"
1791394482.705,"B,21475,10,b2:db:ca:e6:29:a6,56,2,0,0,-32,S,5c:62:8b:66:67:d2"
1791394482.705,"B,21575,10,72:3b:01:24:b7:c8,56,2,0,0,-51,S,5c:62:8b:66:67:d2"
1791394482.705,"B,21575,10,5c:62:8b:66:67:d2,0,0,84,3,-57,A,5c:62:8b:66:67:d2"
1791394482.705,"B,21575,10,b2:db:ca:e6:29:a6,28,1,0,0,-31,S,5c:62:8b:66:67:d2"
1791394482.908,"B,21675,10,72:3b:01:24:b7:c8,196,7,0,0,-51,S,5c:62:8b:66:67:d2"
1791394482.908,"B,21675,10,5c:62:8b:66:67:d2,0,0,196,7,-57,A,5c:62:8b:66:67:d2"
1791394482.908,"B,21775,10,72:3b:01:24:b7:c8,84,3,0,0,-51,S,5c:62:8b:66:67:d2"
1791394482.908,"B,21775,10,5c:62:8b:66:67:d2,0,0,140,5,-57,A,5c:62:8b:66:67:d2"
1791394482.908,"B,21775,10,b2:db:ca:e6:29:a6,56,2,0,0,-33,S,5c:62:8b:66:67:d2"
1791394483.109,"B,21875,10,72:3b:01:24:b7:c8,28,1,0,0,-51,S,5c:62:8b:66:67:d2"
1791394483.109,"B,21875,10,5c:62:8b:66:67:d2,0,0,28,1,-58,A,5c:62:8b:66:67:d2"
1791394483.109,"B,21975,10,72:3b:01:24:b7:c8,84,3,0,0,-51,S,5c:62:8b:66:67:d2"
1791394483.109,"B,21975,10,5c:62:8b:66:67:d2,0,0,140,5,-58,A,5c:62:8b:66:67:d2"
1791394483.109,"B,21975,10,b2:db:ca:e6:29:a6,56,2,0,0,-33,S,5c:62:8b:66:67:d2"
1791394483.313,"B,22075,10,72:3b:01:24:b7:c8,84,3,0,0,-51,S,5c:62:8b:66:67:d2"
1791394483.313,"B,22075,10,5c:62:8b:66:67:d2,0,0,84,3,-58,A,5c:62:8b:66:67:d2"
1791394483.313,"B,22175,10,72:3b:01:24:b7:c8,84,3,0,0,-51,S,5c:62:8b:66:67:d2"
1791394483.313,"B,22175,10,5c:62:8b:66:67:d2,0,0,112,4,-60,A,5c:62:8b:66:67:d2"
1791394483.313,"B,22175,10,b2:db:ca:e6:29:a6,28,1,0,0,-31,S,5c:62:8b:66:67:d2"
1791394483.516,"B,22275,10,72:3b:01:24:b7:c8,56,2,0,0,-51,S,5c:62:8b:66:67:d2"
1791394483.516,"B,22275,10,5c:62:8b:66:67:d2,0,0,56,2,-59,A,5c:62:8b:66:67:d2"
1791394483.516,"B,22375,10,72:3b:01:24:b7:c8,56,2,0,0,-51,S,5c:62:8b:66:67:d2"
1791394483.516,"B,22375,10,5c:62:8b:66:67:d2,0,0,84,3,-57,A,5c:62:8b:66:67:d2"
1791394483.516,"B,22375,10,b2:db:ca:e6:29:a6,28,1,0,0,-32,S,5c:62:8b:66:67:d2"
1791394483.717,"B,22475,10,72:3b:01:24:b7:c8,84,3,0,0,-51,S,5c:62:8b:66:67:d2"
1791394483.717,"B,22475,10,5c:62:8b:66:67:d2,0,0,140,5,-56,A,5c:62:8b:66:67:d2"
1791394483.717,"B,22475,10,b2:db:ca:e6:29:a6,56,2,0,0,-34,S,5c:62:8b:66:67:d2"
1791394483.717,"B,22675,10,72:3b:01:24:b7:c8,28,1,0,0,-51,S,5c:62:8b:66:67:d2"
1791394483.717,"B,22675,10,5c:62:8b:66:67:d2,0,0,84,3,-57,A,5c:62:8b:66:67:d2"
1791394483.717,"B,22675,10,b2:db:ca:e6:29:a6,56,2,0,0,-34,S,5c:62:8b:66:67:d2"
1791394483.917,"B,22775,10,72:3b:01:24:b7:c8,112,4,0,0,-51,S,5c:62:8b:66:67:d2"
1791394483.917,"B,22775,10,5c:62:8b:66:67:d2,0,0,112,4,-56,A,5c:62:8b:66:67:d2"
1791394483.917,"B,22875,10,5c:62:8b:66:67:d2,0,0,28,1,-56,A,5c:62:8b:66:67:d2"
1791394483.917,"B,22875,10,b2:db:ca:e6:29:a6,28,1,0,0,-31,S,5c:62:8b:66:67:d2"
1791394484.118,"B,22975,10,5c:62:8b:66:67:d2,0,0,28,1,-57,A,5c:62:8b:66:67:d2"
1791394484.118,"B,22975,10,b2:db:ca:e6:29:a6,28,1,0,0,-32,S,5c:62:8b:66:67:d2"
1791394484.118,"B,23075,10,72:3b:01:24:b7:c8,56,2,0,0,-51,S,5c:62:8b:66:67:d2"
1791394484.118,"B,23075,10,5c:62:8b:66:67:d2,0,0,56,2,-56,A,5c:62:8b:66:67:d2"
1791394484.318,"B,23175,10,72:3b:01:24:b7:c8,56,2,0,0,-51,S,5c:62:8b:66:67:d2"
1791394484.318,"B,23175,10,5c:62:8b:66:67:d2,0,0,84,3,-56,A,5c:62:8b:66:67:d2"
1791394484.318,"B,23175,10,b2:db:ca:e6:29:a6,28,1,0,0,-32,S,5c:62:8b:66:67:d2"
1791394484.318,"B,23275,10,72:3b:01:24:b7:c8,28,1,0,0,-51,S,5c:62:8b:66:67:d2"
1791394484.318,"B,23275,10,5c:62:8b:66:67:d2,0,0,56,2,-56,A,5c:62:8b:66:67:d2"
1791394484.318,"B,23275,10,b2:db:ca:e6:29:a6,28,1,0,0,-32,S,5c:62:8b:66:67:d2"
1791394484.519,"B,23375,10,72:3b:01:24:b7:c8,28,1,0,0,-51,S,5c:62:8b:66:67:d2"
1791394484.519,"B,23375,10,5c:62:8b:66:67:d2,0,0,84,3,-57,A,5c:62:8b:66:67:d2"
1791394484.519,"B,23375,10,b2:db:ca:e6:29:a6,56,2,0,0,-32,S,5c:62:8b:66:67:d2"
1791394484.720,"B,23575,10,72:3b:01:24:b7:c8,224,8,0,0,-51,S,5c:62:8b:66:67:d2"
1791394484.720,"B,23575,10,5c:62:8b:66:67:d2,0,0,280,10,-56,A,5c:62:8b:66:67:d2"
1791394484.720,"B,23575,10,b2:db:ca:e6:29:a6,56,2,0,0,-32,S,5c:62:8b:66:67:d2"
1791394484.720,"A,23639,10,02:eb:d8:11:99:9d,-62,"
1791394484.720,"B,23675,10,72:3b:01:24:b7:c8,28,1,0,0,-52,S,5c:62:8b:66:67:d2"
1791394484.720,"B,23675,10,5c:62:8b:66:67:d2,0,0,28,1,0,A,5c:62:8b:66:67:d2"
1791394484.920,"B,23775,10,72:3b:01:24:b7:c8,28,1,0,0,-50,S,5c:62:8b:66:67:d2"
1791394484.920,"B,23775,10,5c:62:8b:66:67:d2,0,0,56,2,-56,A,5c:62:8b:66:67:d2"
1791394484.920,"B,23775,10,b2:db:ca:e6:29:a6,28,1,0,0,-32,S,5c:62:8b:66:67:d2"
1791394484.920,"B,23875,10,72:3b:01:24:b7:c8,112,4,0,0,-50,S,5c:62:8b:66:67:d2"
1791394484.920,"B,23875,10,5c:62:8b:66:67:d2,0,0,140,5,-57,A,5c:62:8b:66:67:d2"
1791394484.920,"B,23875,10,b2:db:ca:e6:29:a6,28,1,0,0,-32,S,5c:62:8b:66:67:d2"
1791394485.128,"B,23975,10,8e:26:78:2e:9e:0c,28,1,0,0,-74,S,0c:ef:15:aa:11:03"
1791394485.128,"B,23975,10,0c:ef:15:aa:11:03,0,0,28,1,0,A,0c:ef:15:aa:11:03"
1791394485.128,"B,24075,10,5c:62:8b:66:67:d2,0,0,84,3,-57,A,5c:62:8b:66:67:d2"
1791394485.128,"B,24075,10,b2:db:ca:e6:29:a6,84,3,0,0,-31,S,5c:62:8b:66:67:d2"
1791394485.328,"B,24175,10,72:3b:01:24:b7:c8,84,3,0,0,-50,S,5c:62:8b:66:67:d2"
1791394485.328,"B,24175,10,5c:62:8b:66:67:d2,0,0,84,3,-59,A,5c:62:8b:66:67:d2"
1791394485.328,"B,24275,10,5c:62:8b:66:67:d2,0,0,56,2,-58,A,5c:62:8b:66:67:d2"
1791394485.328,"B,24275,10,b2:db:ca:e6:29:a6,56,2,0,0,-34,S,5c:62:8b:66:67:d2"
1791394485.531,"B,24375,10,72:3b:01:24:b7:c8,56,2,0,0,-52,S,5c:62:8b:66:67:d2"
1791394485.531,"B,24375,10,5c:62:8b:66:67:d2,0,0,56,2,-57,A,5c:62:8b:66:67:d2"
1791394485.531,"B,24475,10,5c:62:8b:66:67:d2,0,0,84,3,-57,A,5c:62:8b:66:67:d2"
1791394485.531,"B,24475,10,b2:db:ca:e6:29:a6,84,3,0,0,-31,S,5c:62:8b:66:67:d2"
1791394485.734,"B,24575,10,80:af:ca:68:4c:f8,104,1,0,0,-87,A,80:af:ca:68:4c:f8"
1791394485.734,"B,24675,10,72:3b:01:24:b7:c8,28,1,0,0,-50,S,5c:62:8b:66:67:d2"
1791394485.734,"B,24675,10,5c:62:8b:66:67:d2,0,0,84,3,-56,A,5c:62:8b:66:67:d2"
1791394485.734,"B,24675,10,b2:db:ca:e6:29:a6,56,2,0,0,-34,S,5c:62:8b:66:67:d2"
1791394485.938,"B,24775,10,72:3b:01:24:b7:c8,28,1,0,0,-50,S,5c:62:8b:66:67:d2"
1791394485.938,"B,24775,10,5c:62:8b:66:67:d2,0,0,28,1,-57,A,5c:62:8b:66:67:d2"
1791394486.138,"B,24975,10,5c:62:8b:66:67:d2,0,0,56,2,-57,A,5c:62:8b:66:67:d2"
1791394486.138,"B,24975,10,b2:db:ca:e6:29:a6,56,2,0,0,-32,S,5c:62:8b:66:67:d2"
1791394486.138,"I,25087,stat,rx=1158,drops=0,ch=10,bin=100,hop=0,heap=203064"
1791394486.341,"B,25175,10,72:3b:01:24:b7:c8,28,1,0,0,-51,S,5c:62:8b:66:67:d2"
1791394486.341,"B,25175,10,5c:62:8b:66:67:d2,0,0,84,3,-57,A,5c:62:8b:66:67:d2"
1791394486.341,"B,25175,10,b2:db:ca:e6:29:a6,56,2,0,0,-33,S,5c:62:8b:66:67:d2"
1791394486.341,"B,25275,10,72:3b:01:24:b7:c8,56,2,0,0,-50,S,5c:62:8b:66:67:d2"
1791394486.341,"B,25275,10,5c:62:8b:66:67:d2,0,0,56,2,-57,A,5c:62:8b:66:67:d2"
1791394486.541,"B,25375,10,5c:62:8b:66:67:d2,0,0,56,2,-57,A,5c:62:8b:66:67:d2"
1791394486.541,"B,25375,10,b2:db:ca:e6:29:a6,56,2,0,0,-33,S,5c:62:8b:66:67:d2"
1791394486.746,"B,25575,10,72:3b:01:24:b7:c8,224,8,0,0,-50,S,5c:62:8b:66:67:d2"
1791394486.746,"B,25575,10,5c:62:8b:66:67:d2,0,0,280,10,-56,A,5c:62:8b:66:67:d2"
1791394486.746,"B,25575,10,b2:db:ca:e6:29:a6,56,2,0,0,-32,S,5c:62:8b:66:67:d2"
1791394486.746,"B,25675,10,72:3b:01:24:b7:c8,168,6,0,0,-51,S,5c:62:8b:66:67:d2"
1791394486.746,"B,25675,10,5c:62:8b:66:67:d2,0,0,168,6,-57,A,5c:62:8b:66:67:d2"
1791394486.948,"B,25775,10,72:3b:01:24:b7:c8,84,3,0,0,-51,S,5c:62:8b:66:67:d2"
1791394486.948,"B,25775,10,5c:62:8b:66:67:d2,0,0,140,5,-56,A,5c:62:8b:66:67:d2"
1791394486.948,"B,25775,10,b2:db:ca:e6:29:a6,56,2,0,0,-31,S,5c:62:8b:66:67:d2"
1791394486.948,"M,25819,slot,1,1"
1791394487.150,"B,26075,10,72:3b:01:24:b7:c8,56,2,0,0,-51,S,5c:62:8b:66:67:d2"
1791394487.150,"B,26075,10,5c:62:8b:66:67:d2,0,0,56,2,-56,A,5c:62:8b:66:67:d2"
1791394487.351,"B,26175,10,72:3b:01:24:b7:c8,28,1,0,0,-51,S,5c:62:8b:66:67:d2"
1791394487.351,"B,26175,10,5c:62:8b:66:67:d2,0,0,140,5,-56,A,5c:62:8b:66:67:d2"
1791394487.351,"B,26175,10,b2:db:ca:e6:29:a6,112,4,0,0,-31,S,5c:62:8b:66:67:d2"
1791394487.351,"B,26275,10,5c:62:8b:66:67:d2,0,0,56,2,-56,A,5c:62:8b:66:67:d2"
1791394487.351,"B,26275,10,b2:db:ca:e6:29:a6,56,2,0,0,-32,S,5c:62:8b:66:67:d2"
1791394487.554,"B,26375,10,72:3b:01:24:b7:c8,28,1,0,0,-51,S,5c:62:8b:66:67:d2"
1791394487.554,"B,26375,10,5c:62:8b:66:67:d2,0,0,28,1,-56,A,5c:62:8b:66:67:d2"
1791394487.554,"B,26475,10,5c:62:8b:66:67:d2,0,0,56,2,-56,A,5c:62:8b:66:67:d2"
1791394487.554,"B,26475,10,b2:db:ca:e6:29:a6,56,2,0,0,-32,S,5c:62:8b:66:67:d2"
1791394487.758,"B,26575,10,5c:62:8b:66:67:d2,0,0,28,1,-55,A,5c:62:8b:66:67:d2"
1791394487.758,"B,26575,10,b2:db:ca:e6:29:a6,28,1,0,0,-32,S,5c:62:8b:66:67:d2"
1791394487.758,"B,26675,10,72:3b:01:24:b7:c8,140,5,0,0,-51,S,5c:62:8b:66:67:d2"
1791394487.758,"B,26675,10,5c:62:8b:66:67:d2,0,0,224,8,-56,A,5c:62:8b:66:67:d2"
1791394487.758,"B,26675,10,b2:db:ca:e6:29:a6,84,3,0,0,-32,S,5c:62:8b:66:67:d2"
1791394488.166,"B,26975,10,72:3b:01:24:b7:c8,56,2,0,0,-51,S,5c:62:8b:66:67:d2"
1791394488.166,"B,26975,10,5c:62:8b:66:67:d2,0,0,112,4,-56,A,5c:62:8b:66:67:d2"
1791394488.166,"B,26975,10,b2:db:ca:e6:29:a6,56,2,0,0,-32,S,5c:62:8b:66:67:d2"
1791394488.368,"B,27175,10,72:3b:01:24:b7:c8,56,2,0,0,-51,S,5c:62:8b:66:67:d2"
1791394488.368,"B,27175,10,5c:62:8b:66:67:d2,0,0,140,5,-55,A,5c:62:8b:66:67:d2"
1791394488.368,"B,27175,10,b2:db:ca:e6:29:a6,84,3,0,0,-35,S,5c:62:8b:66:67:d2"
1791394488.573,"B,27375,10,5c:62:8b:66:67:d2,0,0,28,1,-57,A,5c:62:8b:66:67:d2"
1791394488.573,"B,27375,10,b2:db:ca:e6:29:a6,28,1,0,0,-36,S,5c:62:8b:66:67:d2"
1791394488.573,"B,27475,10,5c:62:8b:66:67:d2,0,0,28,1,-57,A,5c:62:8b:66:67:d2"
1791394488.573,"B,27475,10,b2:db:ca:e6:29:a6,28,1,0,0,-37,S,5c:62:8b:66:67:d2"
1791394488.778,"B,27575,10,72:3b:01:24:b7:c8,84,3,0,0,-50,S,5c:62:8b:66:67:d2"
1791394488.778,"B,27575,10,5c:62:8b:66:67:d2,0,0,112,4,-55,A,5c:62:8b:66:67:d2"
1791394488.778,"B,27575,10,b2:db:ca:e6:29:a6,28,1,0,0,-33,S,5c:62:8b:66:67:d2"
1791394488.778,"B,27675,10,72:3b:01:24:b7:c8,168,6,0,0,-50,S,5c:62:8b:66:67:d2"
1791394488.778,"B,27675,10,5c:62:8b:66:67:d2,0,0,196,7,-56,A,5c:62:8b:66:67:d2"
1791394488.778,"B,27675,10,b2:db:ca:e6:29:a6,28,1,0,0,-32,S,5c:62:8b:66:67:d2"
1791394488.983,"B,27775,10,72:3b:01:24:b7:c8,84,3,0,0,-50,S,5c:62:8b:66:67:d2"
1791394488.983,"B,27775,10,5c:62:8b:66:67:d2,0,0,112,4,-56,A,5c:62:8b:66:67:d2"
1791394488.983,"B,27775,10,b2:db:ca:e6:29:a6,28,1,0,0,-32,S,5c:62:8b:66:67:d2"
1791394488.983,"B,27875,10,5c:62:8b:66:67:d2,0,0,28,1,-57,A,5c:62:8b:66:67:d2"
1791394488.983,"B,27875,10,b2:db:ca:e6:29:a6,28,1,0,0,-37,S,5c:62:8b:66:67:d2"
1791394489.186,"B,28075,10,72:3b:01:24:b7:c8,56,2,0,0,-50,S,5c:62:8b:66:67:d2"
1791394489.186,"B,28075,10,5c:62:8b:66:67:d2,0,0,84,3,-57,A,5c:62:8b:66:67:d2"
1791394489.186,"B,28075,10,b2:db:ca:e6:29:a6,28,1,0,0,-32,S,5c:62:8b:66:67:d2"
1791394489.391,"B,28175,10,72:3b:01:24:b7:c8,28,1,0,0,-51,S,5c:62:8b:66:67:d2"
1791394489.391,"B,28175,10,5c:62:8b:66:67:d2,0,0,56,2,-57,A,5c:62:8b:66:67:d2"
1791394489.391,"B,28175,10,b2:db:ca:e6:29:a6,28,1,0,0,-32,S,5c:62:8b:66:67:d2"
1791394489.391,"B,28275,10,72:3b:01:24:b7:c8,112,4,0,0,-51,S,5c:62:8b:66:67:d2"
1791394489.391,"B,28275,10,5c:62:8b:66:67:d2,0,0,112,4,-56,A,5c:62:8b:66:67:d2"
1791394489.596,"B,28375,10,72:3b:01:24:b7:c8,28,1,0,0,-51,S,5c:62:8b:66:67:d2"
1791394489.596,"B,28375,10,5c:62:8b:66:67:d2,0,0,84,3,-56,A,5c:62:8b:66:67:d2"
1791394489.596,"B,28375,10,b2:db:ca:e6:29:a6,56,2,0,0,-31,S,5c:62:8b:66:67:d2"
1791394489.797,"B,28575,10,72:3b:01:24:b7:c8,84,3,0,0,-51,S,5c:62:8b:66:67:d2"
1791394489.797,"B,28575,10,5c:62:8b:66:67:d2,0,0,140,5,-57,A,5c:62:8b:66:67:d2"
1791394489.797,"B,28575,10,b2:db:ca:e6:29:a6,56,2,0,0,-34,S,5c:62:8b:66:67:d2"
1791394489.797,"B,28675,10,72:3b:01:24:b7:c8,56,2,0,0,-51,S,5c:62:8b:66:67:d2"
1791394489.797,"B,28675,10,5c:62:8b:66:67:d2,0,0,84,3,-57,A,5c:62:8b:66:67:d2"
1791394489.797,"B,28675,10,b2:db:ca:e6:29:a6,28,1,0,0,-31,S,5c:62:8b:66:67:d2"
1791394490.000,"B,28775,10,5c:62:8b:66:67:d2,0,0,28,1,-57,A,5c:62:8b:66:67:d2"
1791394490.000,"B,28775,10,b2:db:ca:e6:29:a6,28,1,0,0,-32,S,5c:62:8b:66:67:d2"
1791394490.000,"B,28875,10,72:3b:01:24:b7:c8,28,1,0,0,-52,S,5c:62:8b:66:67:d2"
1791394490.000,"B,28875,10,5c:62:8b:66:67:d2,0,0,28,1,-56,A,5c:62:8b:66:67:d2"
1791394490.204,"B,28975,10,5c:62:8b:66:67:d2,0,0,28,1,-59,A,5c:62:8b:66:67:d2"
1791394490.204,"B,28975,10,b2:db:ca:e6:29:a6,28,1,0,0,-32,S,5c:62:8b:66:67:d2"
1791394490.204,"B,29075,10,72:3b:01:24:b7:c8,28,1,0,0,-52,S,5c:62:8b:66:67:d2"
1791394490.204,"B,29075,10,5c:62:8b:66:67:d2,0,0,28,1,-56,A,5c:62:8b:66:67:d2"
1791394490.406,"B,29175,10,72:3b:01:24:b7:c8,112,4,0,0,-51,S,5c:62:8b:66:67:d2"
1791394490.406,"B,29175,10,5c:62:8b:66:67:d2,0,0,168,6,-57,A,5c:62:8b:66:67:d2"
1791394490.406,"B,29175,10,b2:db:ca:e6:29:a6,56,2,0,0,-32,S,5c:62:8b:66:67:d2"
1791394490.610,"B,29375,10,72:3b:01:24:b7:c8,28,1,0,0,-52,S,5c:62:8b:66:67:d2"
1791394490.610,"B,29375,10,5c:62:8b:66:67:d2,0,0,28,1,-56,A,5c:62:8b:66:67:d2"
1791394490.610,"B,29475,10,5c:62:8b:66:67:d2,0,0,56,2,-57,A,5c:62:8b:66:67:d2"
1791394490.610,"B,29475,10,b2:db:ca:e6:29:a6,56,2,0,0,-31,S,5c:62:8b:66:67:d2"
1791394490.810,"B,29575,10,72:3b:01:24:b7:c8,56,2,0,0,-52,S,5c:62:8b:66:67:d2"
1791394490.810,"B,29575,10,5c:62:8b:66:67:d2,0,0,56,2,-56,A,5c:62:8b:66:67:d2"
1791394490.810,"B,29675,10,72:3b:01:24:b7:c8,224,8,0,0,-51,S,5c:62:8b:66:67:d2"
1791394490.810,"B,29675,10,5c:62:8b:66:67:d2,0,0,280,10,-57,A,5c:62:8b:66:67:d2"
1791394490.810,"B,29675,10,b2:db:ca:e6:29:a6,56,2,0,0,-34,S,5c:62:8b:66:67:d2"
1791394491.011,"B,29775,10,5c:62:8b:66:67:d2,0,0,56,2,-57,A,5c:62:8b:66:67:d2"
1791394491.011,"B,29775,10,b2:db:ca:e6:29:a6,56,2,0,0,-31,S,5c:62:8b:66:67:d2"
1791394491.011,"B,29875,10,5c:62:8b:66:67:d2,0,0,56,2,-57,A,5c:62:8b:66:67:d2"
1791394491.011,"B,29875,10,b2:db:ca:e6:29:a6,56,2,0,0,-32,S,5c:62:8b:66:67:d2"
1791394491.212,"B,30075,10,5c:62:8b:66:67:d2,0,0,28,1,-57,A,5c:62:8b:66:67:d2"
1791394491.212,"B,30075,10,b2:db:ca:e6:29:a6,28,1,0,0,-32,S,5c:62:8b:66:67:d2"
1791394491.212,"I,30090,stat,rx=1349,drops=0,ch=10,bin=100,hop=0,heap=203064"
1791394491.415,"B,30175,10,72:3b:01:24:b7:c8,112,4,0,0,-52,S,5c:62:8b:66:67:d2"
1791394491.415,"B,30175,10,5c:62:8b:66:67:d2,0,0,112,4,-59,A,5c:62:8b:66:67:d2"
1791394491.615,"B,30375,10,5c:62:8b:66:67:d2,0,0,56,2,-57,A,5c:62:8b:66:67:d2"
1791394491.615,"B,30375,10,b2:db:ca:e6:29:a6,56,2,0,0,-34,S,5c:62:8b:66:67:d2"
1791394491.615,"B,30475,10,72:3b:01:24:b7:c8,56,2,0,0,-52,S,5c:62:8b:66:67:d2"
1791394491.615,"B,30475,10,5c:62:8b:66:67:d2,0,0,56,2,-56,A,5c:62:8b:66:67:d2"
1791394491.815,"B,30575,10,80:af:ca:68:4c:f8,104,1,0,0,-83,A,80:af:ca:68:4c:f8"
1791394491.815,"B,30575,10,5c:62:8b:66:67:d2,0,0,56,2,-56,A,5c:62:8b:66:67:d2"
1791394491.815,"B,30575,10,b2:db:ca:e6:29:a6,56,2,0,0,-34,S,5c:62:8b:66:67:d2"
1791394491.815,"B,30675,10,72:3b:01:24:b7:c8,28,1,0,0,-52,S,5c:62:8b:66:67:d2"
1791394491.815,"B,30675,10,5c:62:8b:66:67:d2,0,0,28,1,-57,A,5c:62:8b:66:67:d2"
1791394492.015,"B,30775,10,72:3b:01:24:b7:c8,56,2,0,0,-52,S,5c:62:8b:66:67:d2"
1791394492.015,"B,30775,10,5c:62:8b:66:67:d2,0,0,84,3,-56,A,5c:62:8b:66:67:d2"
1791394492.015,"B,30775,10,b2:db:ca:e6:29:a6,28,1,0,0,-32,S,5c:62:8b:66:67:d2"
1791394492.015,"B,30875,10,5c:62:8b:66:67:d2,0,0,28,1,-55,A,5c:62:8b:66:67:d2"
1791394492.015,"B,30875,10,b2:db:ca:e6:29:a6,28,1,0,0,-32,S,5c:62:8b:66:67:d2"
1791394492.015,"M,30888,slot,2,1"
1791394492.015,"B,30975,10,5c:62:8b:66:67:d2,0,0,56,2,-55,A,5c:62:8b:66:67:d2"
1791394492.015,"B,30975,10,b2:db:ca:e6:29:a6,56,2,0,0,-34,S,5c:62:8b:66:67:d2"
1791394492.216,"B,31075,10,72:3b:01:24:b7:c8,28,1,0,0,-52,S,5c:62:8b:66:67:d2"
1791394492.216,"B,31075,10,5c:62:8b:66:67:d2,0,0,28,1,-55,A,5c:62:8b:66:67:d2"
1791394492.216,"B,31175,10,72:3b:01:24:b7:c8,56,2,0,0,-51,S,5c:62:8b:66:67:d2"
1791394492.216,"B,31175,10,5c:62:8b:66:67:d2,0,0,84,3,-54,A,5c:62:8b:66:67:d2"
1791394492.216,"B,31175,10,b2:db:ca:e6:29:a6,28,1,0,0,-35,S,5c:62:8b:66:67:d2"
1791394492.418,"B,31275,10,72:3b:01:24:b7:c8,112,4,0,0,-52,S,5c:62:8b:66:67:d2"
1791394492.418,"B,31275,10,5c:62:8b:66:67:d2,0,0,140,5,-54,A,5c:62:8b:66:67:d2"
1791394492.418,"B,31275,10,b2:db:ca:e6:29:a6,28,1,0,0,-32,S,5c:62:8b:66:67:d2"
1791394492.619,"B,31475,10,5c:62:8b:66:67:d2,0,0,56,2,-55,A,5c:62:8b:66:67:d2"
1791394492.619,"B,31475,10,b2:db:ca:e6:29:a6,56,2,0,0,-34,S,5c:62:8b:66:67:d2"
1791394492.619,"B,31575,10,72:3b:01:24:b7:c8,140,5,0,0,-52,S,5c:62:8b:66:67:d2"
1791394492.619,"B,31575,10,5c:62:8b:66:67:d2,0,0,140,5,-56,A,5c:62:8b:66:67:d2"
1791394492.820,"B,31675,10,72:3b:01:24:b7:c8,168,6,0,0,-51,S,5c:62:8b:66:67:d2"
1791394492.820,"B,31675,10,5c:62:8b:66:67:d2,0,0,196,7,-56,A,5c:62:8b:66:67:d2"
1791394492.820,"B,31675,10,b2:db:ca:e6:29:a6,28,1,0,0,-32,S,5c:62:8b:66:67:d2"
1791394492.820,"B,31775,10,5c:62:8b:66:67:d2,0,0,28,1,-56,A,5c:62:8b:66:67:d2"
1791394492.820,"B,31775,10,b2:db:ca:e6:29:a6,28,1,0,0,-33,S,5c:62:8b:66:67:d2"
1791394493.021,"B,31875,10,72:3b:01:24:b7:c8,84,3,0,0,-52,S,5c:62:8b:66:67:d2"
1791394493.021,"B,31875,10,5c:62:8b:66:67:d2,0,0,112,4,-56,A,5c:62:8b:66:67:d2"
1791394493.021,"B,31875,10,b2:db:ca:e6:29:a6,28,1,0,0,-32,S,5c:62:8b:66:67:d2"
1791394493.223,"B,32075,10,5c:62:8b:66:67:d2,0,0,56,2,-56,A,5c:62:8b:66:67:d2"
1791394493.223,"B,32075,10,b2:db:ca:e6:29:a6,56,2,0,0,-31,S,5c:62:8b:66:67:d2"
1791394493.223,"B,32175,10,72:3b:01:24:b7:c8,84,3,0,0,-52,S,5c:62:8b:66:67:d2"
1791394493.223,"B,32175,10,5c:62:8b:66:67:d2,0,0,112,4,-56,A,5c:62:8b:66:67:d2"
1791394493.223,"B,32175,10,b2:db:ca:e6:29:a6,28,1,0,0,-32,S,5c:62:8b:66:67:d2"
1791394493.423,"B,32375,10,72:3b:01:24:b7:c8,28,1,0,0,-52,S,5c:62:8b:66:67:d2"
1791394493.423,"B,32375,10,5c:62:8b:66:67:d2,0,0,56,2,-56,A,5c:62:8b:66:67:d2"
1791394493.423,"B,32375,10,b2:db:ca:e6:29:a6,28,1,0,0,-32,S,5c:62:8b:66:67:d2"
1791394493.626,"B,32475,10,5c:62:8b:66:67:d2,0,0,28,1,-53,A,5c:62:8b:66:67:d2"
1791394493.626,"B,32475,10,b2:db:ca:e6:29:a6,28,1,0,0,-32,S,5c:62:8b:66:67:d2"
1791394493.828,"B,32675,10,72:3b:01:24:b7:c8,84,3,0,0,-52,S,5c:62:8b:66:67:d2"
1791394493.828,"B,32675,10,5c:62:8b:66:67:d2,0,0,140,5,-54,A,5c:62:8b:66:67:d2"
1791394493.828,"B,32675,10,b2:db:ca:e6:29:a6,56,2,0,0,-33,S,5c:62:8b:66:67:d2"
1791394494.030,"B,32875,10,5c:62:8b:66:67:d2,0,0,84,3,-53,A,5c:62:8b:66:67:d2"
1791394494.030,"B,32875,10,b2:db:ca:e6:29:a6,84,3,0,0,-33,S,5c:62:8b:66:67:d2"
1791394494.030,"B,32975,10,72:3b:01:24:b7:c8,56,2,0,0,-52,S,5c:62:8b:66:67:d2"
1791394494.030,"B,32975,10,5c:62:8b:66:67:d2,0,0,84,3,-53,A,5c:62:8b:66:67:d2"
1791394494.030,"B,32975,10,b2:db:ca:e6:29:a6,28,1,0,0,-31,S,5c:62:8b:66:67:d2"
1791394494.230,"B,33075,10,5c:62:8b:66:67:d2,0,0,28,1,-54,A,5c:62:8b:66:67:d2"
1791394494.230,"B,33075,10,b2:db:ca:e6:29:a6,28,1,0,0,-32,S,5c:62:8b:66:67:d2"
1791394494.230,"B,33175,10,72:3b:01:24:b7:c8,28,1,0,0,-51,S,5c:62:8b:66:67:d2"
1791394494.230,"B,33175,10,5c:62:8b:66:67:d2,0,0,28,1,-54,A,5c:62:8b:66:67:d2"
1791394494.434,"B,33275,10,72:3b:01:24:b7:c8,84,3,0,0,-51,S,5c:62:8b:66:67:d2"
1791394494.434,"B,33275,10,5c:62:8b:66:67:d2,0,0,140,5,-54,A,5c:62:8b:66:67:d2"
1791394494.434,"B,33275,10,b2:db:ca:e6:29:a6,56,2,0,0,-34,S,5c:62:8b:66:67:d2"
1791394494.434,"B,33375,10,5c:62:8b:66:67:d2,0,0,28,1,-54,A,5c:62:8b:66:67:d2"
1791394494.434,"B,33375,10,b2:db:ca:e6:29:a6,28,1,0,0,-31,S,5c:62:8b:66:67:d2"
1791394494.637,"B,33475,10,72:3b:01:24:b7:c8,112,4,0,0,-51,S,5c:62:8b:66:67:d2"
1791394494.637,"B,33475,10,5c:62:8b:66:67:d2,0,0,168,6,-54,A,5c:62:8b:66:67:d2"
1791394494.637,"B,33475,10,b2:db:ca:e6:29:a6,56,2,0,0,-31,S,5c:62:8b:66:67:d2"
1791394494.637,"B,33575,10,72:3b:01:24:b7:c8,56,2,0,0,-52,S,5c:62:8b:66:67:d2"
1791394494.637,"B,33575,10,5c:62:8b:66:67:d2,0,0,84,3,-54,A,5c:62:8b:66:67:d2"
1791394494.637,"B,33575,10,b2:db:ca:e6:29:a6,28,1,0,0,-31,S,5c:62:8b:66:67:d2"
1791394494.841,"B,33675,10,72:3b:01:24:b7:c8,56,2,0,0,-51,S,5c:62:8b:66:67:d2"
1791394494.841,"B,33675,10,5c:62:8b:66:67:d2,0,0,56,2,-54,A,5c:62:8b:66:67:d2"
1791394494.841,"B,33775,10,72:3b:01:24:b7:c8,112,4,0,0,-51,S,5c:62:8b:66:67:d2"
1791394494.841,"B,33775,10,5c:62:8b:66:67:d2,0,0,168,6,-55,A,5c:62:8b:66:67:d2"
1791394494.841,"B,33775,10,b2:db:ca:e6:29:a6,56,2,0,0,-32,S,5c:62:8b:66:67:d2"
1791394495.046,"B,33875,10,5c:62:8b:66:67:d2,0,0,56,2,-55,A,5c:62:8b:66:67:d2"
1791394495.046,"B,33875,10,b2:db:ca:e6:29:a6,56,2,0,0,-31,S,5c:62:8b:66:67:d2"
1791394495.046,"B,33975,10,5c:62:8b:66:67:d2,0,0,28,1,-54,A,5c:62:8b:66:67:d2"
1791394495.046,"B,33975,10,b2:db:ca:e6:29:a6,28,1,0,0,-32,S,5c:62:8b:66:67:d2"
1791394495.250,"B,34075,10,72:3b:01:24:b7:c8,84,3,0,0,-52,S,5c:62:8b:66:67:d2"
1791394495.250,"B,34075,10,5c:62:8b:66:67:d2,0,0,84,3,-55,A,5c:62:8b:66:67:d2"
1791394495.250,"B,34175,10,72:3b:01:24:b7:c8,28,1,0,0,-53,S,5c:62:8b:66:67:d2"
1791394495.250,"B,34175,10,5c:62:8b:66:67:d2,0,0,84,3,-55,A,5c:62:8b:66:67:d2"
1791394495.250,"B,34175,10,b2:db:ca:e6:29:a6,56,2,0,0,-32,S,5c:62:8b:66:67:d2"
1791394495.451,"B,34275,10,72:3b:01:24:b7:c8,28,1,0,0,-52,S,5c:62:8b:66:67:d2"
1791394495.451,"B,34275,10,5c:62:8b:66:67:d2,0,0,84,3,-55,A,5c:62:8b:66:67:d2"
1791394495.451,"B,34275,10,b2:db:ca:e6:29:a6,56,2,0,0,-32,S,5c:62:8b:66:67:d2"
1791394495.451,"B,34375,10,72:3b:01:24:b7:c8,56,2,0,0,-52,S,5c:62:8b:66:67:d2"
1791394495.451,"B,34375,10,5c:62:8b:66:67:d2,0,0,112,4,-55,A,5c:62:8b:66:67:d2"
1791394495.451,"B,34375,10,b2:db:ca:e6:29:a6,56,2,0,0,-34,S,5c:62:8b:66:67:d2"
1791394495.655,"B,34475,10,5c:62:8b:66:67:d2,0,0,28,1,-54,A,5c:62:8b:66:67:d2"
1791394495.655,"B,34475,10,b2:db:ca:e6:29:a6,28,1,0,0,-36,S,5c:62:8b:66:67:d2"
1791394495.655,"B,34575,10,72:3b:01:24:b7:c8,56,2,0,0,-52,S,5c:62:8b:66:67:d2"
1791394495.655,"B,34575,10,5c:62:8b:66:67:d2,0,0,56,2,-52,A,5c:62:8b:66:67:d2"
1791394495.858,"B,34675,10,72:3b:01:24:b7:c8,56,2,0,0,-52,S,5c:62:8b:66:67:d2"
1791394495.858,"B,34675,10,5c:62:8b:66:67:d2,0,0,112,4,-56,A,5c:62:8b:66:67:d2"
1791394495.858,"B,34675,10,b2:db:ca:e6:29:a6,56,2,0,0,-34,S,5c:62:8b:66:67:d2"
1791394495.858,"B,34775,10,72:3b:01:24:b7:c8,28,1,0,0,-52,S,5c:62:8b:66:67:d2"
1791394495.858,"B,34775,10,5c:62:8b:66:67:d2,0,0,84,3,-55,A,5c:62:8b:66:67:d2"
1791394495.858,"B,34775,10,b2:db:ca:e6:29:a6,56,2,0,0,-32,S,5c:62:8b:66:67:d2"
1791394496.063,"B,34875,10,72:3b:01:24:b7:c8,84,3,0,0,-53,S,5c:62:8b:66:67:d2"
1791394496.063,"B,34875,10,5c:62:8b:66:67:d2,0,0,140,5,-56,A,5c:62:8b:66:67:d2"
1791394496.063,"B,34875,10,b2:db:ca:e6:29:a6,56,2,0,0,-31,S,5c:62:8b:66:67:d2"
1791394496.063,"B,34975,10,72:3b:01:24:b7:c8,28,1,0,0,-53,S,5c:62:8b:66:67:d2"
1791394496.063,"B,34975,10,5c:62:8b:66:67:d2,0,0,56,2,-55,A,5c:62:8b:66:67:d2"
1791394496.063,"B,34975,10,b2:db:ca:e6:29:a6,28,1,0,0,-31,S,5c:62:8b:66:67:d2"
1791394496.266,"B,35075,10,5c:62:8b:66:67:d2,0,0,112,4,-56,A,5c:62:8b:66:67:d2"
1791394496.266,"B,35075,10,b2:db:ca:e6:29:a6,112,4,0,0,-32,S,5c:62:8b:66:67:d2"
1791394496.266,"I,35093,stat,rx=1540,drops=0,ch=10,bin=100,hop=0,heap=203064"
1791394496.266,"B,35175,10,72:3b:01:24:b7:c8,28,1,0,0,-52,S,5c:62:8b:66:67:d2"
1791394496.266,"B,35175,10,5c:62:8b:66:67:d2,0,0,28,1,-56,A,5c:62:8b:66:67:d2"
1791394496.467,"B,35275,10,5c:62:8b:66:67:d2,0,0,56,2,-57,A,5c:62:8b:66:67:d2"
1791394496.467,"B,35275,10,b2:db:ca:e6:29:a6,56,2,0,0,-34,S,5c:62:8b:66:67:d2"
1791394496.467,"B,35375,10,5c:62:8b:66:67:d2,0,0,28,1,-56,A,5c:62:8b:66:67:d2"
1791394496.467,"B,35375,10,b2:db:ca:e6:29:a6,28,1,0,0,-31,S,5c:62:8b:66:67:d2"
1791394496.670,"B,35475,10,72:3b:01:24:b7:c8,56,2,0,0,-52,S,5c:62:8b:66:67:d2"
1791394496.670,"B,35475,10,5c:62:8b:66:67:d2,0,0,56,2,-56,A,5c:62:8b:66:67:d2"
1791394496.670,"B,35575,10,5c:62:8b:66:67:d2,0,0,84,3,-56,A,5c:62:8b:66:67:d2"
1791394496.670,"B,35575,10,b2:db:ca:e6:29:a6,84,3,0,0,-33,S,5c:62:8b:66:67:d2"
1791394496.871,"B,35675,10,72:3b:01:24:b7:c8,112,4,0,0,-52,S,5c:62:8b:66:67:d2"
1791394496.871,"B,35675,10,5c:62:8b:66:67:d2,0,0,112,4,-55,A,5c:62:8b:66:67:d2"
1791394496.871,"B,35775,10,5c:62:8b:66:67:d2,0,0,56,2,-54,A,5c:62:8b:66:67:d2"
1791394496.871,"B,35775,10,b2:db:ca:e6:29:a6,56,2,0,0,-31,S,5c:62:8b:66:67:d2"
1791394497.071,"B,35875,10,5c:62:8b:66:67:d2,0,0,28,1,-56,A,5c:62:8b:66:67:d2"
1791394497.071,"B,35875,10,b2:db:ca:e6:29:a6,28,1,0,0,-32,S,5c:62:8b:66:67:d2"
1791394497.071,"M,35960,slot,3,1"
1791394497.071,"B,35975,10,72:3b:01:24:b7:c8,112,4,0,0,-51,S,5c:62:8b:66:67:d2"
1791394497.071,"B,35975,10,5c:62:8b:66:67:d2,0,0,140,5,-57,A,5c:62:8b:66:67:d2"
1791394497.071,"B,35975,10,b2:db:ca:e6:29:a6,28,1,0,0,-32,S,5c:62:8b:66:67:d2"
1791394497.276,"B,36075,10,5c:62:8b:66:67:d2,0,0,56,2,-54,A,5c:62:8b:66:67:d2"
1791394497.276,"B,36075,10,b2:db:ca:e6:29:a6,56,2,0,0,-32,S,5c:62:8b:66:67:d2"
1791394497.276,"B,36175,10,72:3b:01:24:b7:c8,56,2,0,0,-50,S,5c:62:8b:66:67:d2"
1791394497.276,"B,36175,10,5c:62:8b:66:67:d2,0,0,84,3,-52,A,5c:62:8b:66:67:d2"
1791394497.276,"B,36175,10,b2:db:ca:e6:29:a6,28,1,0,0,-37,S,5c:62:8b:66:67:d2"
1791394497.480,"B,36275,10,72:3b:01:24:b7:c8,28,1,0,0,-55,S,5c:62:8b:66:67:d2"
1791394497.480,"B,36275,10,5c:62:8b:66:67:d2,0,0,84,3,-52,A,5c:62:8b:66:67:d2"
1791394497.480,"B,36275,10,b2:db:ca:e6:29:a6,56,2,0,0,-33,S,5c:62:8b:66:67:d2"
1791394497.480,"B,36375,10,5c:62:8b:66:67:d2,0,0,28,1,-57,A,5c:62:8b:66:67:d2"
1791394497.480,"B,36375,10,b2:db:ca:e6:29:a6,28,1,0,0,-32,S,5c:62:8b:66:67:d2"
1791394497.683,"B,36475,10,5c:62:8b:66:67:d2,0,0,28,1,-53,A,5c:62:8b:66:67:d2"
1791394497.683,"B,36475,10,b2:db:ca:e6:29:a6,28,1,0,0,-32,S,5c:62:8b:66:67:d2"
1791394497.683,"B,36575,10,72:3b:01:24:b7:c8,56,2,0,0,-51,S,5c:62:8b:66:67:d2"
1791394497.683,"B,36575,10,5c:62:8b:66:67:d2,0,0,56,2,0,A,5c:62:8b:66:67:d2"
1791394497.884,"B,36675,10,72:3b:01:24:b7:c8,56,2,0,0,-51,S,5c:62:8b:66:67:d2"
1791394497.884,"B,36675,10,5c:62:8b:66:67:d2,0,0,112,4,-51,A,5c:62:8b:66:67:d2"
1791394497.884,"B,36675,10,b2:db:ca:e6:29:a6,56,2,0,0,-31,S,5c:62:8b:66:67:d2"
1791394497.884,"B,36775,10,72:3b:01:24:b7:c8,112,4,0,0,-49,S,5c:62:8b:66:67:d2"
1791394497.884,"B,36775,10,5c:62:8b:66:67:d2,0,0,140,5,-53,A,5c:62:8b:66:67:d2"
1791394497.884,"B,36775,10,b2:db:ca:e6:29:a6,28,1,0,0,-32,S,5c:62:8b:66:67:d2"
1791394498.088,"B,36875,10,72:3b:01:24:b7:c8,28,1,0,0,-49,S,5c:62:8b:66:67:d2"
1791394498.088,"B,36875,10,5c:62:8b:66:67:d2,0,0,28,1,-54,A,5c:62:8b:66:67:d2"
1791394498.088,"B,36975,10,72:3b:01:24:b7:c8,0,0,82,1,0,S,5c:62:8b:66:67:d2"
1791394498.088,"B,36975,10,5c:62:8b:66:67:d2,82,1,56,2,-53,A,5c:62:8b:66:67:d2"
1791394498.088,"B,36975,10,b2:db:ca:e6:29:a6,56,2,0,0,-33,S,5c:62:8b:66:67:d2"
1791394498.291,"B,37075,10,72:3b:01:24:b7:c8,112,4,0,0,-51,S,5c:62:8b:66:67:d2"
1791394498.291,"B,37075,10,5c:62:8b:66:67:d2,0,0,168,6,-54,A,5c:62:8b:66:67:d2"
1791394498.291,"B,37075,10,b2:db:ca:e6:29:a6,56,2,0,0,-32,S,5c:62:8b:66:67:d2"
1791394498.291,"B,37175,10,80:af:ca:68:4c:f8,84,1,0,0,-83,A,80:af:ca:68:4c:f8"
1791394498.291,"B,37175,10,72:3b:01:24:b7:c8,28,1,0,0,-52,S,5c:62:8b:66:67:d2"
1791394498.291,"B,37175,10,5c:62:8b:66:67:d2,0,0,56,2,-52,A,5c:62:8b:66:67:d2"
1791394498.291,"B,37175,10,b2:db:ca:e6:29:a6,28,1,0,0,-33,S,5c:62:8b:66:67:d2"
1791394498.496,"B,37275,10,72:3b:01:24:b7:c8,28,1,0,0,-54,S,5c:62:8b:66:67:d2"
1791394498.496,"B,37275,10,5c:62:8b:66:67:d2,0,0,28,1,-52,A,5c:62:8b:66:67:d2"
1791394498.496,"B,37375,10,72:3b:01:24:b7:c8,112,4,0,0,-48,S,5c:62:8b:66:67:d2"
1791394498.496,"B,37375,10,5c:62:8b:66:67:d2,0,0,168,6,-51,A,5c:62:8b:66:67:d2"
1791394498.496,"B,37375,10,b2:db:ca:e6:29:a6,56,2,0,0,-30,S,5c:62:8b:66:67:d2"
1791394498.701,"B,37575,10,72:3b:01:24:b7:c8,28,1,0,0,-55,S,5c:62:8b:66:67:d2"
1791394498.701,"B,37575,10,5c:62:8b:66:67:d2,1554,1,84,3,-52,A,5c:62:8b:66:67:d2"
1791394498.701,"B,37575,10,b2:db:ca:e6:29:a6,56,2,1554,1,-31,S,5c:62:8b:66:67:d2"
1791394498.906,"B,37675,10,72:3b:01:24:b7:c8,196,7,0,0,-54,S,5c:62:8b:66:67:d2"
1791394498.906,"B,37675,10,5c:62:8b:66:67:d2,0,0,196,7,-53,A,5c:62:8b:66:67:d2"
1791394498.906,"B,37775,10,72:3b:01:24:b7:c8,28,1,0,0,-56,S,5c:62:8b:66:67:d2"
1791394498.906,"B,37775,10,5c:62:8b:66:67:d2,0,0,28,1,-53,A,5c:62:8b:66:67:d2"
1791394499.111,"B,37875,10,72:3b:01:24:b7:c8,112,4,0,0,-53,S,5c:62:8b:66:67:d2"
1791394499.111,"B,37875,10,5c:62:8b:66:67:d2,0,0,168,6,-54,A,5c:62:8b:66:67:d2"
1791394499.111,"B,37875,10,b2:db:ca:e6:29:a6,56,2,0,0,-33,S,5c:62:8b:66:67:d2"
1791394499.111,"B,37975,10,72:3b:01:24:b7:c8,28,1,0,0,-53,S,5c:62:8b:66:67:d2"
1791394499.111,"B,37975,10,5c:62:8b:66:67:d2,0,0,28,1,-53,A,5c:62:8b:66:67:d2"
1791394499.312,"B,38075,10,5c:62:8b:66:67:d2,0,0,112,4,-53,A,5c:62:8b:66:67:d2"
1791394499.312,"B,38075,10,b2:db:ca:e6:29:a6,112,4,0,0,-31,S,5c:62:8b:66:67:d2"
1791394499.312,"B,38175,10,72:3b:01:24:b7:c8,84,3,0,0,-53,S,5c:62:8b:66:67:d2"
1791394499.312,"B,38175,10,5c:62:8b:66:67:d2,0,0,140,5,-52,A,5c:62:8b:66:67:d2"
1791394499.312,"B,38175,10,b2:db:ca:e6:29:a6,56,2,0,0,-30,S,5c:62:8b:66:67:d2"
1791394499.514,"B,38275,10,72:3b:01:24:b7:c8,28,1,0,0,-52,S,5c:62:8b:66:67:d2"
1791394499.514,"B,38275,10,5c:62:8b:66:67:d2,0,0,84,3,-53,A,5c:62:8b:66:67:d2"
1791394499.514,"B,38275,10,b2:db:ca:e6:29:a6,56,2,0,0,-30,S,5c:62:8b:66:67:d2"
1791394499.715,"B,38475,10,72:3b:01:24:b7:c8,84,3,0,0,-55,S,5c:62:8b:66:67:d2"
1791394499.715,"B,38475,10,5c:62:8b:66:67:d2,0,0,140,5,-54,A,5c:62:8b:66:67:d2"
1791394499.715,"B,38475,10,b2:db:ca:e6:29:a6,56,2,0,0,-32,S,5c:62:8b:66:67:d2"
1791394499.715,"B,38575,10,5c:62:8b:66:67:d2,0,0,28,1,-55,A,5c:62:8b:66:67:d2"
1791394499.715,"B,38575,10,b2:db:ca:e6:29:a6,28,1,0,0,-31,S,5c:62:8b:66:67:d2"
1791394499.917,"B,38675,10,72:3b:01:24:b7:c8,28,1,0,0,-54,S,5c:62:8b:66:67:d2"
1791394499.917,"B,38675,10,5c:62:8b:66:67:d2,0,0,56,2,-52,A,5c:62:8b:66:67:d2"
1791394499.917,"B,38675,10,b2:db:ca:e6:29:a6,28,1,0,0,-31,S,5c:62:8b:66:67:d2"
1791394499.917,"B,38775,10,72:3b:01:24:b7:c8,140,5,0,0,-55,S,5c:62:8b:66:67:d2"
1791394499.917,"B,38775,10,5c:62:8b:66:67:d2,0,0,196,7,-53,A,5c:62:8b:66:67:d2"
1791394499.917,"B,38775,10,b2:db:ca:e6:29:a6,56,2,0,0,-30,S,5c:62:8b:66:67:d2"
1791394500.117,"B,38975,10,72:3b:01:24:b7:c8,56,2,0,0,-53,S,5c:62:8b:66:67:d2"
1791394500.117,"B,38975,10,5c:62:8b:66:67:d2,0,0,112,4,-57,A,5c:62:8b:66:67:d2"
1791394500.117,"B,38975,10,b2:db:ca:e6:29:a6,56,2,0,0,-32,S,5c:62:8b:66:67:d2"
1791394500.117,"B,39075,10,72:3b:01:24:b7:c8,28,1,0,0,-54,S,5c:62:8b:66:67:d2"
1791394500.117,"B,39075,10,5c:62:8b:66:67:d2,0,0,28,1,-56,A,5c:62:8b:66:67:d2"
1791394500.317,"B,39175,10,72:3b:01:24:b7:c8,28,1,0,0,-54,S,5c:62:8b:66:67:d2"
1791394500.317,"B,39175,10,5c:62:8b:66:67:d2,0,0,112,4,-55,A,5c:62:8b:66:67:d2"
1791394500.317,"B,39175,10,b2:db:ca:e6:29:a6,84,3,0,0,-32,S,5c:62:8b:66:67:d2"
1791394500.317,"B,39275,10,72:3b:01:24:b7:c8,112,4,0,0,-54,S,5c:62:8b:66:67:d2"
1791394500.317,"B,39275,10,5c:62:8b:66:67:d2,0,0,140,5,-53,A,5c:62:8b:66:67:d2"
1791394500.520,"B,39275,10,b2:db:ca:e6:29:a6,28,1,0,0,-32,S,5c:62:8b:66:67:d2"
1791394500.520,"B,39375,10,5c:62:8b:66:67:d2,0,0,56,2,-54,A,5c:62:8b:66:67:d2"
1791394500.520,"B,39375,10,b2:db:ca:e6:29:a6,56,2,0,0,-32,S,5c:62:8b:66:67:d2"
1791394500.720,"B,39575,10,72:3b:01:24:b7:c8,84,3,0,0,-54,S,5c:62:8b:66:67:d2"
1791394500.720,"B,39575,10,5c:62:8b:66:67:d2,0,0,140,5,-55,A,5c:62:8b:66:67:d2"
1791394500.720,"B,39575,10,b2:db:ca:e6:29:a6,56,2,0,0,-33,S,5c:62:8b:66:67:d2"
1791394500.720,"B,39675,10,72:3b:01:24:b7:c8,224,8,0,0,-53,S,5c:62:8b:66:67:d2"
1791394500.720,"B,39675,10,5c:62:8b:66:67:d2,0,0,252,9,-56,A,5c:62:8b:66:67:d2"
1791394500.720,"B,39675,10,b2:db:ca:e6:29:a6,28,1,0,0,-32,S,5c:62:8b:66:67:d2"
1791394500.922,"B,39775,10,72:3b:01:24:b7:c8,84,3,0,0,-55,S,5c:62:8b:66:67:d2"
1791394500.922,"B,39775,10,5c:62:8b:66:67:d2,0,0,112,4,-57,A,5c:62:8b:66:67:d2"
1791394500.922,"B,39775,10,b2:db:ca:e6:29:a6,28,1,0,0,-31,S,5c:62:8b:66:67:d2"
1791394500.922,"B,39875,10,5c:62:8b:66:67:d2,0,0,56,2,-56,A,5c:62:8b:66:67:d2"
1791394500.922,"B,39875,10,b2:db:ca:e6:29:a6,56,2,0,0,-30,S,5c:62:8b:66:67:d2"
1791394501.124,"B,40075,10,72:3b:01:24:b7:c8,28,1,0,0,-52,S,5c:62:8b:66:67:d2"
1791394501.124,"B,40075,10,5c:62:8b:66:67:d2,0,0,56,2,-55,A,5c:62:8b:66:67:d2"
1791394501.124,"B,40075,10,b2:db:ca:e6:29:a6,28,1,0,0,-36,S,5c:62:8b:66:67:d2"
1791394501.324,"I,40093,stat,rx=1749,drops=0,ch=10,bin=100,hop=0,heap=203064"
1791394501.324,"B,40175,10,72:3b:01:24:b7:c8,56,2,0,0,-52,S,5c:62:8b:66:67:d2"
1791394501.324,"B,40175,10,5c:62:8b:66:67:d2,0,0,112,4,-55,A,5c:62:8b:66:67:d2"
1791394501.324,"B,40175,10,b2:db:ca:e6:29:a6,56,2,0,0,-33,S,5c:62:8b:66:67:d2"
1791394501.324,"B,40275,10,5c:62:8b:66:67:d2,0,0,56,2,-56,A,5c:62:8b:66:67:d2"
1791394501.324,"B,40275,10,b2:db:ca:e6:29:a6,56,2,0,0,-32,S,5c:62:8b:66:67:d2"
1791394501.524,"B,40375,10,72:3b:01:24:b7:c8,56,2,0,0,-54,S,5c:62:8b:66:67:d2"
1791394501.524,"B,40375,10,5c:62:8b:66:67:d2,0,0,56,2,-57,A,5c:62:8b:66:67:d2"
1791394501.524,"B,40475,10,5c:62:8b:66:67:d2,0,0,28,1,-57,A,5c:62:8b:66:67:d2"
1791394501.524,"B,40475,10,b2:db:ca:e6:29:a6,28,1,0,0,-30,S,5c:62:8b:66:67:d2"
1791394501.726,"B,40575,10,5c:62:8b:66:67:d2,0,0,28,1,-57,A,5c:62:8b:66:67:d2"
1791394501.726,"B,40575,10,b2:db:ca:e6:29:a6,28,1,0,0,-31,S,5c:62:8b:66:67:d2"
1791394501.726,"B,40675,10,72:3b:01:24:b7:c8,168,6,0,0,-53,S,5c:62:8b:66:67:d2"
1791394501.726,"B,40675,10,5c:62:8b:66:67:d2,0,0,196,7,-57,A,5c:62:8b:66:67:d2"
1791394501.726,"B,40675,10,b2:db:ca:e6:29:a6,28,1,0,0,-31,S,5c:62:8b:66:67:d2"
1791394501.928,"B,40775,10,5c:62:8b:66:67:d2,0,0,28,1,0,A,5c:62:8b:66:67:d2"
1791394501.928,"B,40775,10,b2:db:ca:e6:29:a6,28,1,0,0,-31,S,5c:62:8b:66:67:d2"
1791394501.928,"B,40875,10,72:3b:01:24:b7:c8,56,2,0,0,-53,S,5c:62:8b:66:67:d2"
1791394501.928,"B,40875,10,5c:62:8b:66:67:d2,0,0,84,3,-56,A,5c:62:8b:66:67:d2"
1791394501.928,"B,40875,10,b2:db:ca:e6:29:a6,28,1,0,0,-31,S,5c:62:8b:66:67:d2"
1791394502.129,"B,40975,10,72:3b:01:24:b7:c8,28,1,0,0,-53,S,5c:62:8b:66:67:d2"
1791394502.129,"B,40975,10,5c:62:8b:66:67:d2,0,0,84,3,-56,A,5c:62:8b:66:67:d2"
1791394502.129,"B,40975,10,b2:db:ca:e6:29:a6,56,2,0,0,-30,S,5c:62:8b:66:67:d2"
1791394502.129,"M,41009,slot,4,0"
1791394502.129,"B,41075,10,5c:62:8b:66:67:d2,0,0,28,1,-55,A,5c:62:8b:66:67:d2"
1791394502.129,"B,41075,10,b2:db:ca:e6:29:a6,28,1,0,0,-32,S,5c:62:8b:66:67:d2"
1791394502.331,"B,41175,10,72:3b:01:24:b7:c8,84,3,0,0,-52,S,5c:62:8b:66:67:d2"
1791394502.331,"B,41175,10,5c:62:8b:66:67:d2,0,0,84,3,-55,A,5c:62:8b:66:67:d2"
1791394502.331,"B,41275,10,72:3b:01:24:b7:c8,28,1,0,0,-52,S,5c:62:8b:66:67:d2"
1791394502.331,"B,41275,10,5c:62:8b:66:67:d2,0,0,112,4,-55,A,5c:62:8b:66:67:d2"
1791394502.331,"B,41275,10,b2:db:ca:e6:29:a6,84,3,0,0,-31,S,5c:62:8b:66:67:d2"
1791394502.533,"B,41375,10,5c:62:8b:66:67:d2,0,0,84,3,-56,A,5c:62:8b:66:67:d2"
1791394502.533,"B,41375,10,b2:db:ca:e6:29:a6,84,3,0,0,-31,S,5c:62:8b:66:67:d2"
1791394502.533,"B,41475,10,72:3b:01:24:b7:c8,84,3,0,0,-52,S,5c:62:8b:66:67:d2"
1791394502.533,"B,41475,10,5c:62:8b:66:67:d2,0,0,112,4,-55,A,5c:62:8b:66:67:d2"
1791394502.533,"B,41475,10,b2:db:ca:e6:29:a6,28,1,0,0,-29,S,5c:62:8b:66:67:d2"
1791394502.738,"A,41660,10,00:eb:d8:11:99:9d,-55,"
1791394502.738,"B,41675,10,72:3b:01:24:b7:c8,140,5,0,0,-52,S,5c:62:8b:66:67:d2"
1791394502.738,"B,41675,10,5c:62:8b:66:67:d2,0,0,196,7,-55,A,5c:62:8b:66:67:d2"
1791394502.738,"B,41675,10,b2:db:ca:e6:29:a6,56,2,0,0,-31,S,5c:62:8b:66:67:d2"
1791394502.940,"B,41775,10,72:3b:01:24:b7:c8,112,4,0,0,-52,S,5c:62:8b:66:67:d2"
1791394502.940,"B,41775,10,5c:62:8b:66:67:d2,0,0,112,4,-55,A,5c:62:8b:66:67:d2"
1791394502.940,"B,41875,10,5c:62:8b:66:67:d2,0,0,28,1,-56,A,5c:62:8b:66:67:d2"
1791394502.940,"B,41875,10,b2:db:ca:e6:29:a6,28,1,0,0,-30,S,5c:62:8b:66:67:d2"
1791394503.142,"B,41975,10,72:3b:01:24:b7:c8,224,8,0,0,-52,S,5c:62:8b:66:67:d2"
1791394503.142,"B,41975,10,5c:62:8b:66:67:d2,0,0,224,8,-56,A,5c:62:8b:66:67:d2"
1791394503.142,"B,42075,10,5c:62:8b:66:67:d2,0,0,56,2,-55,A,5c:62:8b:66:67:d2"
1791394503.142,"B,42075,10,b2:db:ca:e6:29:a6,56,2,0,0,-30,S,5c:62:8b:66:67:d2"
1791394503.346,"B,42175,10,80:af:ca:68:4c:f8,84,1,0,0,-84,A,80:af:ca:68:4c:f8"
1791394503.346,"B,42175,10,72:3b:01:24:b7:c8,28,1,0,0,-53,S,5c:62:8b:66:67:d2"
1791394503.346,"B,42175,10,5c:62:8b:66:67:d2,0,0,28,1,-55,A,5c:62:8b:66:67:d2"
1791394503.346,"B,42275,10,72:3b:01:24:b7:c8,112,4,0,0,-54,S,5c:62:8b:66:67:d2"
1791394503.346,"B,42275,10,5c:62:8b:66:67:d2,0,0,140,5,-55,A,5c:62:8b:66:67:d2"
1791394503.346,"B,42275,10,b2:db:ca:e6:29:a6,28,1,0,0,-29,S,5c:62:8b:66:67:d2"
1791394503.550,"B,42375,10,72:3b:01:24:b7:c8,28,1,0,0,-54,S,5c:62:8b:66:67:d2"
1791394503.550,"B,42375,10,5c:62:8b:66:67:d2,0,0,56,2,-55,A,5c:62:8b:66:67:d2"
1791394503.550,"B,42375,10,b2:db:ca:e6:29:a6,28,1,0,0,-30,S,5c:62:8b:66:67:d2"
1791394503.751,"B,42575,10,72:3b:01:24:b7:c8,84,3,0,0,-56,S,5c:62:8b:66:67:d2"
1791394503.751,"B,42575,10,5c:62:8b:66:67:d2,0,0,140,5,-56,A,5c:62:8b:66:67:d2"
1791394503.751,"B,42575,10,b2:db:ca:e6:29:a6,56,2,0,0,-30,S,5c:62:8b:66:67:d2"
1791394503.751,"B,42675,10,72:3b:01:24:b7:c8,28,1,0,0,-56,S,5c:62:8b:66:67:d2"
1791394503.751,"B,42675,10,5c:62:8b:66:67:d2,0,0,28,1,-55,A,5c:62:8b:66:67:d2"
1791394503.954,"B,42775,10,5c:62:8b:66:67:d2,0,0,56,2,-57,A,5c:62:8b:66:67:d2"
1791394503.954,"B,42775,10,b2:db:ca:e6:29:a6,56,2,0,0,-31,S,5c:62:8b:66:67:d2"
1791394503.954,"B,42875,10,72:3b:01:24:b7:c8,84,3,0,0,-55,S,5c:62:8b:66:67:d2"
1791394503.954,"B,42875,10,5c:62:8b:66:67:d2,0,0,84,3,-60,A,5c:62:8b:66:67:d2"
1791394504.155,"B,42975,10,5c:62:8b:66:67:d2,0,0,56,2,-57,A,5c:62:8b:66:67:d2"
1791394504.155,"B,42975,10,b2:db:ca:e6:29:a6,56,2,0,0,-31,S,5c:62:8b:66:67:d2"
1791394504.155,"B,43075,10,72:3b:01:24:b7:c8,28,1,0,0,-54,S,5c:62:8b:66:67:d2"
1791394504.155,"B,43075,10,5c:62:8b:66:67:d2,0,0,28,1,-58,A,5c:62:8b:66:67:d2"
1791394504.355,"B,43175,10,72:3b:01:24:b7:c8,28,1,0,0,-54,S,5c:62:8b:66:67:d2"
1791394504.355,"B,43175,10,5c:62:8b:66:67:d2,0,0,28,1,-56,A,5c:62:8b:66:67:d2"
1791394504.355,"B,43275,10,5c:62:8b:66:67:d2,0,0,56,2,-53,A,5c:62:8b:66:67:d2"
1791394504.355,"B,43275,10,b2:db:ca:e6:29:a6,56,2,0,0,-31,S,5c:62:8b:66:67:d2"
1791394504.558,"B,43375,10,72:3b:01:24:b7:c8,84,3,0,0,-53,S,5c:62:8b:66:67:d2"
1791394504.558,"B,43375,10,5c:62:8b:66:67:d2,0,0,112,4,-52,A,5c:62:8b:66:67:d2"
1791394504.558,"B,43375,10,b2:db:ca:e6:29:a6,28,1,0,0,-30,S,5c:62:8b:66:67:d2"
1791394504.558,"B,43475,10,5c:62:8b:66:67:d2,0,0,140,5,-52,A,5c:62:8b:66:67:d2"
1791394504.558,"B,43475,10,b2:db:ca:e6:29:a6,140,5,0,0,-30,S,5c:62:8b:66:67:d2"
1791394504.758,"B,43675,10,72:3b:01:24:b7:c8,112,4,0,0,-55,S,5c:62:8b:66:67:d2"
1791394504.758,"B,43675,10,5c:62:8b:66:67:d2,0,0,196,7,-53,A,5c:62:8b:66:67:d2"
1791394504.758,"B,43675,10,b2:db:ca:e6:29:a6,84,3,0,0,-30,S,5c:62:8b:66:67:d2"
1791394504.962,"B,43775,10,5c:62:8b:66:67:d2,0,0,28,1,-54,A,5c:62:8b:66:67:d2"
1791394504.962,"B,43775,10,b2:db:ca:e6:29:a6,28,1,0,0,-29,S,5c:62:8b:66:67:d2"
1791394505.167,"B,43975,10,72:3b:01:24:b7:c8,84,3,0,0,-60,S,5c:62:8b:66:67:d2"
1791394505.167,"B,43975,10,5c:62:8b:66:67:d2,0,0,168,6,-53,A,5c:62:8b:66:67:d2"
1791394505.167,"B,43975,10,b2:db:ca:e6:29:a6,84,3,0,0,-30,S,5c:62:8b:66:67:d2"
1791394505.167,"B,44075,10,5c:62:8b:66:67:d2,0,0,56,2,-53,A,5c:62:8b:66:67:d2"
1791394505.167,"B,44075,10,b2:db:ca:e6:29:a6,56,2,0,0,-30,S,5c:62:8b:66:67:d2"
1791394505.369,"B,44175,10,72:3b:01:24:b7:c8,28,1,1554,1,-59,S,5c:62:8b:66:67:d2"
1791394505.369,"B,44175,10,5c:62:8b:66:67:d2,1554,1,56,2,-52,A,5c:62:8b:66:67:d2"
1791394505.369,"B,44175,10,b2:db:ca:e6:29:a6,28,1,0,0,-30,S,5c:62:8b:66:67:d2"
1791394505.369,"B,44275,10,72:3b:01:24:b7:c8,56,2,0,0,-55,S,5c:62:8b:66:67:d2"
1791394505.369,"B,44275,10,5c:62:8b:66:67:d2,0,0,56,2,-50,A,5c:62:8b:66:67:d2"
1791394505.572,"B,44375,10,5c:62:8b:66:67:d2,0,0,28,1,-52,A,5c:62:8b:66:67:d2"
1791394505.572,"B,44375,10,b2:db:ca:e6:29:a6,28,1,0,0,-33,S,5c:62:8b:66:67:d2"
1791394505.572,"B,44475,10,5c:62:8b:66:67:d2,0,0,56,2,-53,A,5c:62:8b:66:67:d2"
1791394505.572,"B,44475,10,b2:db:ca:e6:29:a6,56,2,0,0,-31,S,5c:62:8b:66:67:d2"
1791394505.775,"B,44575,10,5c:62:8b:66:67:d2,0,0,28,1,-51,A,5c:62:8b:66:67:d2"
1791394505.775,"B,44575,10,b2:db:ca:e6:29:a6,28,1,0,0,-32,S,5c:62:8b:66:67:d2"
1791394505.775,"B,44675,10,72:3b:01:24:b7:c8,56,2,0,0,-53,S,5c:62:8b:66:67:d2"
1791394505.775,"B,44675,10,5c:62:8b:66:67:d2,0,0,84,3,-51,A,5c:62:8b:66:67:d2"
1791394505.775,"B,44675,10,b2:db:ca:e6:29:a6,28,1,0,0,-36,S,5c:62:8b:66:67:d2"
1791394505.980,"B,44775,10,72:3b:01:24:b7:c8,28,1,0,0,-53,S,5c:62:8b:66:67:d2"
1791394505.980,"B,44775,10,5c:62:8b:66:67:d2,0,0,56,2,-51,A,5c:62:8b:66:67:d2"
1791394505.980,"B,44775,10,b2:db:ca:e6:29:a6,28,1,0,0,-32,S,5c:62:8b:66:67:d2"
1791394505.980,"B,44875,10,5c:62:8b:66:67:d2,0,0,28,1,-52,A,5c:62:8b:66:67:d2"
1791394505.980,"B,44875,10,b2:db:ca:e6:29:a6,28,1,0,0,-32,S,5c:62:8b:66:67:d2"
1791394506.184,"B,44975,10,5c:62:8b:66:67:d2,0,0,28,1,-51,A,5c:62:8b:66:67:d2"
1791394506.184,"B,44975,10,b2:db:ca:e6:29:a6,28,1,0,0,-32,S,5c:62:8b:66:67:d2"
1791394506.184,"B,45075,10,72:3b:01:24:b7:c8,56,2,0,0,-58,S,5c:62:8b:66:67:d2"
1791394506.184,"B,45075,10,5c:62:8b:66:67:d2,0,0,84,3,-52,A,5c:62:8b:66:67:d2"
1791394506.184,"B,45075,10,b2:db:ca:e6:29:a6,28,1,0,0,-35,S,5c:62:8b:66:67:d2"
1791394506.184,"I,45096,stat,rx=1946,drops=0,ch=10,bin=100,hop=0,heap=203064"
1791394506.388,"B,45175,10,72:3b:01:24:b7:c8,28,1,0,0,-53,S,5c:62:8b:66:67:d2"
1791394506.388,"B,45175,10,5c:62:8b:66:67:d2,0,0,28,1,0,A,5c:62:8b:66:67:d2"
1791394506.388,"B,45275,10,72:3b:01:24:b7:c8,28,1,0,0,-51,S,5c:62:8b:66:67:d2"
1791394506.388,"B,45275,10,5c:62:8b:66:67:d2,0,0,56,2,-53,A,5c:62:8b:66:67:d2"
1791394506.388,"B,45275,10,b2:db:ca:e6:29:a6,28,1,0,0,-32,S,5c:62:8b:66:67:d2"
1791394506.590,"B,45375,10,72:3b:01:24:b7:c8,84,3,0,0,-54,S,5c:62:8b:66:67:d2"
1791394506.590,"B,45375,10,5c:62:8b:66:67:d2,0,0,112,4,-52,A,5c:62:8b:66:67:d2"
1791394506.590,"B,45375,10,b2:db:ca:e6:29:a6,28,1,0,0,-32,S,5c:62:8b:66:67:d2"
1791394506.590,"B,45475,10,5c:62:8b:66:67:d2,0,0,28,1,-51,A,5c:62:8b:66:67:d2"
1791394506.590,"B,45475,10,b2:db:ca:e6:29:a6,28,1,0,0,-33,S,5c:62:8b:66:67:d2"
1791394506.792,"B,45575,10,72:3b:01:24:b7:c8,112,4,0,0,-50,S,5c:62:8b:66:67:d2"
1791394506.792,"B,45575,10,5c:62:8b:66:67:d2,0,0,140,5,-51,A,5c:62:8b:66:67:d2"
1791394506.792,"B,45575,10,b2:db:ca:e6:29:a6,28,1,0,0,-37,S,5c:62:8b:66:67:d2"
1791394506.792,"B,45675,10,72:3b:01:24:b7:c8,140,5,0,0,-51,S,5c:62:8b:66:67:d2"
1791394506.792,"B,45675,10,5c:62:8b:66:67:d2,0,0,140,5,-50,A,5c:62:8b:66:67:d2"
1791394506.997,"B,45775,10,72:3b:01:24:b7:c8,140,5,0,0,-54,S,5c:62:8b:66:67:d2"
1791394506.997,"B,45775,10,5c:62:8b:66:67:d2,0,0,196,7,-54,A,5c:62:8b:66:67:d2"
1791394506.997,"B,45775,10,b2:db:ca:e6:29:a6,56,2,0,0,-31,S,5c:62:8b:66:67:d2"
1791394506.997,"B,45875,10,72:3b:01:24:b7:c8,56,2,0,0,-54,S,5c:62:8b:66:67:d2"
1791394506.997,"B,45875,10,5c:62:8b:66:67:d2,0,0,56,2,-59,A,5c:62:8b:66:67:d2"
1791394507.201,"B,45975,10,5c:62:8b:66:67:d2,0,0,56,2,-56,A,5c:62:8b:66:67:d2"
1791394507.201,"B,45975,10,b2:db:ca:e6:29:a6,56,2,0,0,-31,S,5c:62:8b:66:67:d2"
1791394507.201,"M,46076,slot,5,0"
1791394507.405,"B,46175,10,80:af:ca:68:4c:f8,493,1,0,0,-84,A,80:af:ca:68:4c:f8"
1791394507.405,"B,46175,10,72:3b:01:24:b7:c8,84,3,0,0,-50,S,5c:62:8b:66:67:d2"
1791394507.405,"B,46175,10,5c:62:8b:66:67:d2,0,0,140,5,-56,A,5c:62:8b:66:67:d2"
1791394507.405,"B,46175,10,b2:db:ca:e6:29:a6,56,2,0,0,-31,S,5c:62:8b:66:67:d2"
1791394507.405,"B,46275,10,72:3b:01:24:b7:c8,28,1,0,0,-51,S,5c:62:8b:66:67:d2"
1791394507.405,"B,46275,10,5c:62:8b:66:67:d2,0,0,28,1,-58,A,5c:62:8b:66:67:d2"
1791394507.609,"B,46375,10,5c:62:8b:66:67:d2,0,0,56,2,-59,A,5c:62:8b:66:67:d2"
1791394507.609,"B,46375,10,b2:db:ca:e6:29:a6,56,2,0,0,-31,S,5c:62:8b:66:67:d2"
1791394507.609,"B,46475,10,72:3b:01:24:b7:c8,84,3,0,0,-51,S,5c:62:8b:66:67:d2"
1791394507.609,"B,46475,10,5c:62:8b:66:67:d2,0,0,112,4,-60,A,5c:62:8b:66:67:d2"
1791394507.609,"B,46475,10,b2:db:ca:e6:29:a6,28,1,0,0,-31,S,5c:62:8b:66:67:d2"
1791394507.811,"B,46575,10,5c:62:8b:66:67:d2,0,0,84,3,-61,A,5c:62:8b:66:67:d2"
1791394507.811,"B,46575,10,b2:db:ca:e6:29:a6,84,3,0,0,-31,S,5c:62:8b:66:67:d2"
1791394507.811,"B,46675,10,72:3b:01:24:b7:c8,56,2,0,0,-50,S,5c:62:8b:66:67:d2"
1791394507.811,"B,46675,10,5c:62:8b:66:67:d2,0,0,56,2,-61,A,5c:62:8b:66:67:d2"
1791394508.012,"B,46775,10,72:3b:01:24:b7:c8,28,1,0,0,-50,S,5c:62:8b:66:67:d2"
1791394508.012,"B,46775,10,5c:62:8b:66:67:d2,0,0,28,1,-61,A,5c:62:8b:66:67:d2"
1791394508.012,"B,46875,10,5c:62:8b:66:67:d2,0,0,56,2,-60,A,5c:62:8b:66:67:d2"
1791394508.012,"B,46875,10,b2:db:ca:e6:29:a6,56,2,0,0,-30,S,5c:62:8b:66:67:d2"
1791394508.213,"B,46975,10,72:3b:01:24:b7:c8,56,2,0,0,-50,S,5c:62:8b:66:67:d2"
1791394508.213,"B,46975,10,5c:62:8b:66:67:d2,0,0,56,2,-60,A,5c:62:8b:66:67:d2"
1791394508.213,"B,47075,10,5c:62:8b:66:67:d2,0,0,56,2,-60,A,5c:62:8b:66:67:d2"
1791394508.213,"B,47075,10,b2:db:ca:e6:29:a6,56,2,0,0,-30,S,5c:62:8b:66:67:d2"
1791394508.417,"B,47175,10,72:3b:01:24:b7:c8,28,1,0,0,-50,S,5c:62:8b:66:67:d2"
1791394508.417,"B,47175,10,5c:62:8b:66:67:d2,0,0,56,2,-59,A,5c:62:8b:66:67:d2"
1791394508.417,"B,47175,10,b2:db:ca:e6:29:a6,28,1,0,0,-31,S,5c:62:8b:66:67:d2"
1791394508.417,"B,47275,10,5c:62:8b:66:67:d2,0,0,56,2,-60,A,5c:62:8b:66:67:d2"
1791394508.417,"B,47275,10,b2:db:ca:e6:29:a6,56,2,0,0,-30,S,5c:62:8b:66:67:d2"
1791394508.617,"B,47475,10,5c:62:8b:66:67:d2,0,0,56,2,-61,A,5c:62:8b:66:67:d2"
1791394508.617,"B,47475,10,b2:db:ca:e6:29:a6,56,2,0,0,-29,S,5c:62:8b:66:67:d2"
1791394508.817,"B,47575,10,72:3b:01:24:b7:c8,112,4,0,0,-51,S,5c:62:8b:66:67:d2"
1791394508.817,"B,47575,10,5c:62:8b:66:67:d2,0,0,140,5,-61,A,5c:62:8b:66:67:d2"
1791394508.817,"B,47575,10,b2:db:ca:e6:29:a6,28,1,0,0,-29,S,5c:62:8b:66:67:d2"
1791394508.817,"B,47675,10,72:3b:01:24:b7:c8,140,5,0,0,-51,S,5c:62:8b:66:67:d2"
1791394508.817,"B,47675,10,5c:62:8b:66:67:d2,0,0,196,7,-59,A,5c:62:8b:66:67:d2"
1791394508.817,"B,47675,10,b2:db:ca:e6:29:a6,56,2,0,0,-29,S,5c:62:8b:66:67:d2"
1791394509.017,"B,47775,10,72:3b:01:24:b7:c8,56,2,0,0,-50,S,5c:62:8b:66:67:d2"
1791394509.017,"B,47775,10,5c:62:8b:66:67:d2,0,0,112,4,-55,A,5c:62:8b:66:67:d2"
1791394509.017,"B,47775,10,b2:db:ca:e6:29:a6,56,2,0,0,-30,S,5c:62:8b:66:67:d2"
1791394509.017,"B,47975,10,5c:62:8b:66:67:d2,0,0,56,2,-54,A,5c:62:8b:66:67:d2"
1791394509.017,"B,47975,10,b2:db:ca:e6:29:a6,56,2,0,0,-30,S,5c:62:8b:66:67:d2"
1791394509.218,"B,48075,10,72:3b:01:24:b7:c8,56,2,0,0,-51,S,5c:62:8b:66:67:d2"
1791394509.218,"B,48075,10,5c:62:8b:66:67:d2,0,0,56,2,-56,A,5c:62:8b:66:67:d2"
1791394509.218,"B,48175,10,72:3b:01:24:b7:c8,28,1,0,0,-51,S,5c:62:8b:66:67:d2"
1791394509.218,"B,48175,10,5c:62:8b:66:67:d2,0,0,84,3,-58,A,5c:62:8b:66:67:d2"
1791394509.218,"B,48175,10,b2:db:ca:e6:29:a6,56,2,0,0,-33,S,5c:62:8b:66:67:d2"
1791394509.419,"B,48375,10,72:3b:01:24:b7:c8,112,4,0,0,-54,S,5c:62:8b:66:67:d2"
1791394509.419,"B,48375,10,5c:62:8b:66:67:d2,0,0,168,6,-59,A,5c:62:8b:66:67:d2"
1791394509.419,"B,48375,10,b2:db:ca:e6:29:a6,56,2,0,0,-31,S,5c:62:8b:66:67:d2"
1791394509.620,"B,48575,10,5c:62:8b:66:67:d2,0,0,28,1,-58,A,5c:62:8b:66:67:d2"
1791394509.620,"B,48575,10,b2:db:ca:e6:29:a6,28,1,0,0,-32,S,5c:62:8b:66:67:d2"
1791394509.820,"B,48675,10,72:3b:01:24:b7:c8,84,3,0,0,-56,S,5c:62:8b:66:67:d2"
1791394509.820,"B,48675,10,5c:62:8b:66:67:d2,0,0,112,4,-58,A,5c:62:8b:66:67:d2"
1791394509.820,"B,48675,10,b2:db:ca:e6:29:a6,28,1,0,0,-32,S,5c:62:8b:66:67:d2"
1791394510.022,"B,48875,10,72:3b:01:24:b7:c8,84,3,0,0,-56,S,5c:62:8b:66:67:d2"
1791394510.022,"B,48875,10,5c:62:8b:66:67:d2,0,0,112,4,-57,A,5c:62:8b:66:67:d2"
1791394510.022,"B,48875,10,b2:db:ca:e6:29:a6,28,1,0,0,-31,S,5c:62:8b:66:67:d2"
1791394510.022,"B,48975,10,5c:62:8b:66:67:d2,0,0,28,1,-58,A,5c:62:8b:66:67:d2"
1791394510.022,"B,48975,10,b2:db:ca:e6:29:a6,28,1,0,0,-32,S,5c:62:8b:66:67:d2"
1791394510.224,"B,49075,10,5c:62:8b:66:67:d2,0,0,28,1,-59,A,5c:62:8b:66:67:d2"
1791394510.224,"B,49075,10,b2:db:ca:e6:29:a6,28,1,0,0,-31,S,5c:62:8b:66:67:d2"
1791394510.224,"B,49175,10,72:3b:01:24:b7:c8,112,4,0,0,-55,S,5c:62:8b:66:67:d2"
1791394510.224,"B,49175,10,5c:62:8b:66:67:d2,0,0,140,5,-58,A,5c:62:8b:66:67:d2"
1791394510.224,"B,49175,10,b2:db:ca:e6:29:a6,28,1,0,0,-31,S,5c:62:8b:66:67:d2"
1791394510.425,"B,49275,10,5c:62:8b:66:67:d2,0,0,28,1,-57,A,5c:62:8b:66:67:d2"
1791394510.425,"B,49275,10,b2:db:ca:e6:29:a6,28,1,0,0,-30,S,5c:62:8b:66:67:d2"
1791394510.425,"B,49375,10,5c:62:8b:66:67:d2,0,0,28,1,0,A,5c:62:8b:66:67:d2"
1791394510.425,"B,49375,10,b2:db:ca:e6:29:a6,28,1,0,0,-36,S,5c:62:8b:66:67:d2"
1791394510.627,"B,49475,10,72:3b:01:24:b7:c8,28,1,0,0,-55,S,5c:62:8b:66:67:d2"
1791394510.627,"B,49475,10,5c:62:8b:66:67:d2,88,1,28,1,-55,A,5c:62:8b:66:67:d2"
1791394510.627,"B,49575,10,5c:62:8b:66:67:d2,0,0,56,2,-57,A,5c:62:8b:66:67:d2"
1791394510.627,"B,49575,10,b2:db:ca:e6:29:a6,56,2,0,0,-33,S,5c:62:8b:66:67:d2"
1791394510.829,"B,49675,10,72:3b:01:24:b7:c8,28,1,0,0,-55,S,5c:62:8b:66:67:d2"
1791394510.829,"B,49675,10,5c:62:8b:66:67:d2,0,0,56,2,-58,A,5c:62:8b:66:67:d2"
1791394510.829,"B,49675,10,b2:db:ca:e6:29:a6,28,1,0,0,-31,S,5c:62:8b:66:67:d2"
1791394510.829,"B,49775,10,72:3b:01:24:b7:c8,28,1,0,0,-57,S,5c:62:8b:66:67:d2"
1791394510.829,"B,49775,10,5c:62:8b:66:67:d2,0,0,112,4,-60,A,5c:62:8b:66:67:d2"
1791394510.829,"B,49775,10,b2:db:ca:e6:29:a6,84,3,0,0,-33,S,5c:62:8b:66:67:d2"
1791394511.032,"B,49975,10,72:3b:01:24:b7:c8,56,2,0,0,-56,S,5c:62:8b:66:67:d2"
1791394511.032,"B,49975,10,5c:62:8b:66:67:d2,0,0,56,2,-58,A,5c:62:8b:66:67:d2"
1791394511.234,"B,50075,10,5c:62:8b:66:67:d2,0,0,56,2,-58,A,5c:62:8b:66:67:d2"
1791394511.234,"B,50075,10,b2:db:ca:e6:29:a6,56,2,0,0,-31,S,5c:62:8b:66:67:d2"
1791394511.234,"I,50096,stat,rx=2141,drops=0,ch=10,bin=100,hop=0,heap=203064"
1791394511.435,"B,50275,10,72:3b:01:24:b7:c8,28,1,0,0,-56,S,5c:62:8b:66:67:d2"
1791394511.435,"B,50275,10,5c:62:8b:66:67:d2,0,0,84,3,-57,A,5c:62:8b:66:67:d2"
1791394511.435,"B,50275,10,b2:db:ca:e6:29:a6,56,2,0,0,-31,S,5c:62:8b:66:67:d2"
1791394511.435,"B,50375,10,72:3b:01:24:b7:c8,28,1,0,0,-56,S,5c:62:8b:66:67:d2"
1791394511.435,"B,50375,10,5c:62:8b:66:67:d2,0,0,28,1,-54,A,5c:62:8b:66:67:d2"
1791394511.639,"B,50475,10,5c:62:8b:66:67:d2,0,0,56,2,-54,A,5c:62:8b:66:67:d2"
1791394511.639,"B,50475,10,b2:db:ca:e6:29:a6,56,2,0,0,-31,S,5c:62:8b:66:67:d2"
1791394511.639,"B,50575,10,72:3b:01:24:b7:c8,56,2,0,0,-58,S,5c:62:8b:66:67:d2"
1791394511.639,"B,50575,10,5c:62:8b:66:67:d2,0,0,56,2,-53,A,5c:62:8b:66:67:d2"
1791394511.840,"B,50675,10,72:3b:01:24:b7:c8,28,1,0,0,-58,S,5c:62:8b:66:67:d2"
1791394511.840,"B,50675,10,5c:62:8b:66:67:d2,0,0,84,3,-54,A,5c:62:8b:66:67:d2"
1791394511.840,"B,50675,10,b2:db:ca:e6:29:a6,56,2,0,0,-32,S,5c:62:8b:66:67:d2"
1791394511.840,"B,50775,10,5c:62:8b:66:67:d2,0,0,28,1,-60,A,5c:62:8b:66:67:d2"
1791394511.840,"B,50775,10,b2:db:ca:e6:29:a6,28,1,0,0,-37,S,5c:62:8b:66:67:d2"
1791394512.041,"B,50875,10,72:3b:01:24:b7:c8,28,1,0,0,-55,S,5c:62:8b:66:67:d2"
1791394512.041,"B,50875,10,5c:62:8b:66:67:d2,0,0,28,1,-60,A,5c:62:8b:66:67:d2"
1791394512.041,"B,50975,10,5c:62:8b:66:67:d2,0,0,56,2,-59,A,5c:62:8b:66:67:d2"
1791394512.041,"B,50975,10,b2:db:ca:e6:29:a6,56,2,0,0,-35,S,5c:62:8b:66:67:d2"
1791394512.243,"M,51148,slot,6,1"
1791394512.243,"B,51175,10,72:3b:01:24:b7:c8,28,1,0,0,-53,S,5c:62:8b:66:67:d2"
1791394512.243,"B,51175,10,5c:62:8b:66:67:d2,0,0,84,3,-55,A,5c:62:8b:66:67:d2"
1791394512.243,"B,51175,10,b2:db:ca:e6:29:a6,56,2,0,0,-34,S,5c:62:8b:66:67:d2"
1791394512.448,"B,51375,10,72:3b:01:24:b7:c8,112,4,0,0,-53,S,5c:62:8b:66:67:d2"
1791394512.448,"B,51375,10,5c:62:8b:66:67:d2,0,0,168,6,-54,A,5c:62:8b:66:67:d2"
1791394512.448,"B,51375,10,b2:db:ca:e6:29:a6,56,2,0,0,-30,S,5c:62:8b:66:67:d2"
1791394512.650,"B,51575,10,5c:62:8b:66:67:d2,0,0,56,2,-54,A,5c:62:8b:66:67:d2"
1791394512.650,"B,51575,10,b2:db:ca:e6:29:a6,56,2,0,0,-29,S,5c:62:8b:66:67:d2"
1791394512.854,"B,51675,10,72:3b:01:24:b7:c8,56,2,0,0,-54,S,5c:62:8b:66:67:d2"
1791394512.854,"B,51675,10,5c:62:8b:66:67:d2,0,0,56,2,-54,A,5c:62:8b:66:67:d2"
1791394512.854,"B,51775,10,72:3b:01:24:b7:c8,112,4,0,0,-55,S,5c:62:8b:66:67:d2"
1791394512.854,"B,51775,10,5c:62:8b:66:67:d2,0,0,140,5,-55,A,5c:62:8b:66:67:d2"
1791394512.854,"B,51775,10,b2:db:ca:e6:29:a6,28,1,0,0,-30,S,5c:62:8b:66:67:d2"
1791394513.059,"B,51875,10,5c:62:8b:66:67:d2,0,0,56,2,-55,A,5c:62:8b:66:67:d2"
1791394513.059,"B,51875,10,b2:db:ca:e6:29:a6,56,2,0,0,-30,S,5c:62:8b:66:67:d2"
1791394513.264,"B,52075,10,80:af:ca:68:4c:f8,84,1,0,0,-87,A,80:af:ca:68:4c:f8"
1791394513.264,"B,52075,10,5c:62:8b:66:67:d2,0,0,56,2,-54,A,5c:62:8b:66:67:d2"
1791394513.264,"B,52075,10,b2:db:ca:e6:29:a6,56,2,0,0,-31,S,5c:62:8b:66:67:d2"
1791394513.264,"B,52175,10,72:3b:01:24:b7:c8,56,2,0,0,-54,S,5c:62:8b:66:67:d2"
1791394513.264,"B,52175,10,5c:62:8b:66:67:d2,0,0,56,2,-54,A,5c:62:8b:66:67:d2"
1791394513.467,"B,52275,10,5c:62:8b:66:67:d2,0,0,112,4,-53,A,5c:62:8b:66:67:d2"
1791394513.467,"B,52275,10,b2:db:ca:e6:29:a6,112,4,0,0,-31,S,5c:62:8b:66:67:d2"
1791394513.671,"B,52475,10,72:3b:01:24:b7:c8,84,3,0,0,-53,S,5c:62:8b:66:67:d2"
1791394513.671,"B,52475,10,5c:62:8b:66:67:d2,0,0,140,5,-54,A,5c:62:8b:66:67:d2"
1791394513.671,"B,52475,10,b2:db:ca:e6:29:a6,56,2,0,0,-29,S,5c:62:8b:66:67:d2"
1791394513.876,"B,52675,10,72:3b:01:24:b7:c8,28,1,0,0,-54,S,5c:62:8b:66:67:d2"
1791394513.876,"B,52675,10,5c:62:8b:66:67:d2,0,0,84,3,-57,A,5c:62:8b:66:67:d2"
1791394513.876,"B,52675,10,b2:db:ca:e6:29:a6,56,2,0,0,-32,S,5c:62:8b:66:67:d2"
1791394513.876,"B,52775,10,72:3b:01:24:b7:c8,84,3,0,0,-54,S,5c:62:8b:66:67:d2"
1791394513.876,"B,52775,10,5c:62:8b:66:67:d2,0,0,112,4,-59,A,5c:62:8b:66:67:d2"
1791394513.876,"B,52775,10,b2:db:ca:e6:29:a6,28,1,0,0,-32,S,5c:62:8b:66:67:d2"
1791394514.081,"B,52875,10,5c:62:8b:66:67:d2,0,0,56,2,-58,A,5c:62:8b:66:67:d2"
1791394514.081,"B,52875,10,b2:db:ca:e6:29:a6,56,2,0,0,-32,S,5c:62:8b:66:67:d2"
1791394514.081,"B,52975,10,5c:62:8b:66:67:d2,0,0,28,1,-57,A,5c:62:8b:66:67:d2"
1791394514.081,"B,52975,10,b2:db:ca:e6:29:a6,28,1,0,0,-36,S,5c:62:8b:66:67:d2"
1791394514.284,"B,53075,10,72:3b:01:24:b7:c8,56,2,0,0,-54,S,5c:62:8b:66:67:d2"
1791394514.284,"B,53075,10,5c:62:8b:66:67:d2,0,0,84,3,-57,A,5c:62:8b:66:67:d2"
1791394514.284,"B,53075,10,b2:db:ca:e6:29:a6,28,1,0,0,-32,S,5c:62:8b:66:67:d2"
1791394514.284,"B,53175,10,72:3b:01:24:b7:c8,56,2,0,0,-53,S,5c:62:8b:66:67:d2"
1791394514.284,"B,53175,10,5c:62:8b:66:67:d2,0,0,84,3,-53,A,5c:62:8b:66:67:d2"
1791394514.284,"B,53175,10,b2:db:ca:e6:29:a6,28,1,0,0,-30,S,5c:62:8b:66:67:d2"
1791394514.488,"B,53275,10,72:3b:01:24:b7:c8,28,1,0,0,-53,S,5c:62:8b:66:67:d2"
1791394514.488,"B,53275,10,5c:62:8b:66:67:d2,0,0,56,2,-53,A,5c:62:8b:66:67:d2"
1791394514.488,"B,53275,10,b2:db:ca:e6:29:a6,28,1,0,0,-31,S,5c:62:8b:66:67:d2"
1791394514.488,"B,53375,10,5c:62:8b:66:67:d2,0,0,84,3,-53,A,5c:62:8b:66:67:d2"
1791394514.488,"B,53375,10,b2:db:ca:e6:29:a6,84,3,0,0,-30,S,5c:62:8b:66:67:d2"
1791394514.689,"B,53575,10,5c:62:8b:66:67:d2,0,0,28,1,-53,A,5c:62:8b:66:67:d2"
1791394514.689,"B,53575,10,b2:db:ca:e6:29:a6,28,1,0,0,-29,S,5c:62:8b:66:67:d2"
1791394514.893,"B,53675,10,72:3b:01:24:b7:c8,140,5,0,0,-54,S,5c:62:8b:66:67:d2"
1791394514.893,"B,53675,10,5c:62:8b:66:67:d2,0,0,168,6,-54,A,5c:62:8b:66:67:d2"
1791394514.893,"B,53675,10,b2:db:ca:e6:29:a6,28,1,0,0,-29,S,5c:62:8b:66:67:d2"
1791394514.893,"B,53775,10,72:3b:01:24:b7:c8,140,5,0,0,-55,S,5c:62:8b:66:67:d2"
1791394514.893,"B,53775,10,5c:62:8b:66:67:d2,0,0,140,5,-55,A,5c:62:8b:66:67:d2"
1791394515.098,"B,53875,10,72:3b:01:24:b7:c8,84,3,0,0,-55,S,5c:62:8b:66:67:d2"
1791394515.098,"B,53875,10,5c:62:8b:66:67:d2,0,0,112,4,-55,A,5c:62:8b:66:67:d2"
1791394515.098,"B,53875,10,b2:db:ca:e6:29:a6,28,1,0,0,-30,S,5c:62:8b:66:67:d2"
1791394515.098,"B,53975,10,5c:62:8b:66:67:d2,0,0,28,1,-55,A,5c:62:8b:66:67:d2"
1791394515.098,"B,53975,10,b2:db:ca:e6:29:a6,28,1,0,0,-31,S,5c:62:8b:66:67:d2"
1791394515.301,"B,54175,10,72:3b:01:24:b7:c8,56,2,0,0,-56,S,5c:62:8b:66:67:d2"
1791394515.301,"B,54175,10,5c:62:8b:66:67:d2,0,0,112,4,-55,A,5c:62:8b:66:67:d2"
1791394515.301,"B,54175,10,b2:db:ca:e6:29:a6,56,2,0,0,-29,S,5c:62:8b:66:67:d2"
1791394515.503,"B,54275,10,72:3b:01:24:b7:c8,28,1,0,0,-56,S,5c:62:8b:66:67:d2"
1791394515.503,"B,54275,10,5c:62:8b:66:67:d2,0,0,28,1,-55,A,5c:62:8b:66:67:d2"
1791394515.503,"B,54375,10,72:3b:01:24:b7:c8,56,2,0,0,-55,S,5c:62:8b:66:67:d2"
1791394515.503,"B,54375,10,5c:62:8b:66:67:d2,0,0,112,4,-57,A,5c:62:8b:66:67:d2"
1791394515.503,"B,54375,10,b2:db:ca:e6:29:a6,56,2,0,0,-31,S,5c:62:8b:66:67:d2"
1791394515.704,"B,54575,10,5c:62:8b:66:67:d2,0,0,28,1,-56,A,5c:62:8b:66:67:d2"
1791394515.704,"B,54575,10,b2:db:ca:e6:29:a6,28,1,0,0,-30,S,5c:62:8b:66:67:d2"
1791394515.908,"B,54675,10,72:3b:01:24:b7:c8,28,1,0,0,-56,S,5c:62:8b:66:67:d2"
1791394515.908,"B,54675,10,5c:62:8b:66:67:d2,0,0,28,1,-56,A,5c:62:8b:66:67:d2"
1791394515.908,"B,54775,10,5c:62:8b:66:67:d2,0,0,56,2,-57,A,5c:62:8b:66:67:d2"
1791394515.908,"B,54775,10,b2:db:ca:e6:29:a6,56,2,0,0,-31,S,5c:62:8b:66:67:d2"
1791394516.110,"B,54875,10,5c:62:8b:66:67:d2,0,0,28,1,-59,A,5c:62:8b:66:67:d2"
1791394516.110,"B,54875,10,b2:db:ca:e6:29:a6,28,1,0,0,-31,S,5c:62:8b:66:67:d2"
1791394516.110,"B,54975,10,72:3b:01:24:b7:c8,140,5,0,0,-56,S,5c:62:8b:66:67:d2"
1791394516.110,"B,54975,10,5c:62:8b:66:67:d2,0,0,168,6,-60,A,5c:62:8b:66:67:d2"
1791394516.110,"B,54975,10,b2:db:ca:e6:29:a6,28,1,0,0,-31,S,5c:62:8b:66:67:d2"
1791394516.315,"I,55096,stat,rx=2310,drops=0,ch=10,bin=100,hop=0,heap=203064"
1791394516.315,"B,55175,10,72:3b:01:24:b7:c8,28,1,0,0,-58,S,5c:62:8b:66:67:d2"
1791394516.315,"B,55175,10,5c:62:8b:66:67:d2,0,0,28,1,-60,A,5c:62:8b:66:67:d2"
1791394516.515,"B,55275,10,72:3b:01:24:b7:c8,84,3,0,0,-56,S,5c:62:8b:66:67:d2"
1791394516.515,"B,55275,10,5c:62:8b:66:67:d2,0,0,140,5,-53,A,5c:62:8b:66:67:d2"
1791394516.515,"B,55275,10,b2:db:ca:e6:29:a6,56,2,0,0,-31,S,5c:62:8b:66:67:d2"
1791394516.515,"B,55475,10,5c:62:8b:66:67:d2,0,0,56,2,-56,A,5c:62:8b:66:67:d2"
1791394516.515,"B,55475,10,b2:db:ca:e6:29:a6,56,2,0,0,-29,S,5c:62:8b:66:67:d2"
1791394516.716,"B,55575,10,72:3b:01:24:b7:c8,112,4,0,0,-56,S,5c:62:8b:66:67:d2"
1791394516.716,"B,55575,10,5c:62:8b:66:67:d2,0,0,112,4,-54,A,5c:62:8b:66:67:d2"
1791394516.916,"B,55675,10,72:3b:01:24:b7:c8,28,1,0,0,-55,S,5c:62:8b:66:67:d2"
1791394516.916,"B,55675,10,5c:62:8b:66:67:d2,0,0,84,3,-53,A,5c:62:8b:66:67:d2"
1791394516.916,"B,55675,10,b2:db:ca:e6:29:a6,56,2,0,0,-30,S,5c:62:8b:66:67:d2"
1791394516.916,"B,55775,10,72:3b:01:24:b7:c8,196,7,0,0,-58,S,5c:62:8b:66:67:d2"
1791394516.916,"B,55775,10,5c:62:8b:66:67:d2,0,0,196,7,-52,A,5c:62:8b:66:67:d2"
1791394517.116,"B,55875,10,5c:62:8b:66:67:d2,0,0,56,2,-52,A,5c:62:8b:66:67:d2"
1791394517.116,"B,55875,10,b2:db:ca:e6:29:a6,56,2,0,0,-31,S,5c:62:8b:66:67:d2"
1791394517.116,"B,55975,10,5c:62:8b:66:67:d2,0,0,28,1,-52,A,5c:62:8b:66:67:d2"
1791394517.116,"B,55975,10,b2:db:ca:e6:29:a6,28,1,0,0,-28,S,5c:62:8b:66:67:d2"
1791394517.317,"B,56075,10,72:3b:01:24:b7:c8,56,2,0,0,-55,S,5c:62:8b:66:67:d2"
1791394517.317,"B,56075,10,5c:62:8b:66:67:d2,0,0,140,5,-55,A,5c:62:8b:66:67:d2"
1791394517.317,"B,56075,10,b2:db:ca:e6:29:a6,84,3,0,0,-29,S,5c:62:8b:66:67:d2"
1791394517.317,"B,56175,10,72:3b:01:24:b7:c8,28,1,0,0,-56,S,5c:62:8b:66:67:d2"
1791394517.317,"B,56175,10,5c:62:8b:66:67:d2,0,0,28,1,-57,A,5c:62:8b:66:67:d2"
1791394517.317,"M,56220,slot,7,0"
1791394517.521,"B,56375,10,72:3b:01:24:b7:c8,84,3,0,0,-55,S,5c:62:8b:66:67:d2"
1791394517.521,"B,56375,10,5c:62:8b:66:67:d2,0,0,140,5,-61,A,5c:62:8b:66:67:d2"
1791394517.521,"B,56375,10,b2:db:ca:e6:29:a6,56,2,0,0,-31,S,5c:62:8b:66:67:d2"
1791394517.723,"B,56575,10,5c:62:8b:66:67:d2,0,0,28,1,-59,A,5c:62:8b:66:67:d2"
1791394517.723,"B,56575,10,b2:db:ca:e6:29:a6,28,1,0,0,-31,S,5c:62:8b:66:67:d2"
1791394517.723,"B,56675,10,72:3b:01:24:b7:c8,28,1,0,0,-57,S,5c:62:8b:66:67:d2"
1791394517.723,"B,56675,10,5c:62:8b:66:67:d2,0,0,56,2,-59,A,5c:62:8b:66:67:d2"
1791394517.723,"B,56675,10,b2:db:ca:e6:29:a6,28,1,0,0,-32,S,5c:62:8b:66:67:d2"
1791394517.925,"B,56775,10,5c:62:8b:66:67:d2,0,0,56,2,-59,A,5c:62:8b:66:67:d2"
1791394517.925,"B,56775,10,b2:db:ca:e6:29:a6,56,2,0,0,-30,S,5c:62:8b:66:67:d2"
1791394517.925,"B,56875,10,72:3b:01:24:b7:c8,84,3,0,0,-56,S,5c:62:8b:66:67:d2"
1791394517.925,"B,56875,10,5c:62:8b:66:67:d2,0,0,84,3,-59,A,5c:62:8b:66:67:d2"
1791394518.126,"B,56975,10,5c:62:8b:66:67:d2,0,0,28,1,-59,A,5c:62:8b:66:67:d2"
1791394518.126,"B,56975,10,b2:db:ca:e6:29:a6,28,1,0,0,-29,S,5c:62:8b:66:67:d2"
1791394518.126,"B,57075,10,5c:62:8b:66:67:d2,0,0,28,1,-58,A,5c:62:8b:66:67:d2"
1791394518.126,"B,57075,10,b2:db:ca:e6:29:a6,28,1,0,0,-30,S,5c:62:8b:66:67:d2"
1791394518.328,"B,57175,10,72:3b:01:24:b7:c8,168,6,0,0,-56,S,5c:62:8b:66:67:d2"
1791394518.328,"B,57175,10,5c:62:8b:66:67:d2,0,0,168,6,-57,A,5c:62:8b:66:67:d2"
1791394518.328,"B,57275,10,5c:62:8b:66:67:d2,0,0,56,2,-57,A,5c:62:8b:66:67:d2"
1791394518.328,"B,57275,10,b2:db:ca:e6:29:a6,56,2,0,0,-30,S,5c:62:8b:66:67:d2"
1791394518.529,"B,57475,10,72:3b:01:24:b7:c8,28,1,0,0,-57,S,5c:62:8b:66:67:d2"
1791394518.529,"B,57475,10,5c:62:8b:66:67:d2,0,0,28,1,-57,A,5c:62:8b:66:67:d2"
1791394518.731,"B,57575,10,5c:62:8b:66:67:d2,82,1,84,3,-59,A,5c:62:8b:66:67:d2"
1791394518.731,"B,57575,10,b2:db:ca:e6:29:a6,84,3,82,1,-31,S,5c:62:8b:66:67:d2"
1791394518.731,"B,57675,10,72:3b:01:24:b7:c8,28,1,0,0,-56,S,5c:62:8b:66:67:d2"
1791394518.731,"B,57675,10,5c:62:8b:66:67:d2,0,0,56,2,-55,A,5c:62:8b:66:67:d2"
1791394518.731,"B,57675,10,b2:db:ca:e6:29:a6,28,1,0,0,-30,S,5c:62:8b:66:67:d2"
1791394518.933,"B,57775,10,72:3b:01:24:b7:c8,224,8,0,0,-56,S,5c:62:8b:66:67:d2"
1791394518.933,"B,57775,10,5c:62:8b:66:67:d2,0,0,252,9,0,A,5c:62:8b:66:67:d2"
1791394518.933,"B,57775,10,b2:db:ca:e6:29:a6,28,1,0,0,-31,S,5c:62:8b:66:67:d2"
1791394518.933,"B,57875,10,5c:62:8b:66:67:d2,0,0,28,1,-55,A,5c:62:8b:66:67:d2"
1791394518.933,"B,57875,10,b2:db:ca:e6:29:a6,28,1,0,0,-31,S,5c:62:8b:66:67:d2"
1791394519.134,"B,57975,10,72:3b:01:24:b7:c8,28,1,0,0,-57,S,5c:62:8b:66:67:d2"
1791394519.134,"B,57975,10,5c:62:8b:66:67:d2,0,0,28,1,-56,A,5c:62:8b:66:67:d2"
1791394519.134,"B,58075,10,5c:62:8b:66:67:d2,0,0,28,1,-55,A,5c:62:8b:66:67:d2"
1791394519.134,"B,58075,10,b2:db:ca:e6:29:a6,28,1,0,0,-31,S,5c:62:8b:66:67:d2"
1791394519.334,"B,58175,10,72:3b:01:24:b7:c8,28,1,0,0,-58,S,5c:62:8b:66:67:d2"
1791394519.334,"B,58175,10,5c:62:8b:66:67:d2,0,0,112,4,-55,A,5c:62:8b:66:67:d2"
1791394519.334,"B,58175,10,b2:db:ca:e6:29:a6,84,3,0,0,-31,S,5c:62:8b:66:67:d2"
1791394519.334,"B,58275,10,72:3b:01:24:b7:c8,84,3,0,0,-58,S,5c:62:8b:66:67:d2"
1791394519.334,"B,58275,10,5c:62:8b:66:67:d2,0,0,84,3,-56,A,5c:62:8b:66:67:d2"
1791394519.535,"B,58475,10,5c:62:8b:66:67:d2,0,0,56,2,-55,A,5c:62:8b:66:67:d2"
1791394519.535,"B,58475,10,b2:db:ca:e6:29:a6,56,2,0,0,-32,S,5c:62:8b:66:67:d2"
1791394519.738,"B,58575,10,72:3b:01:24:b7:c8,56,2,0,0,-57,S,5c:62:8b:66:67:d2"
1791394519.738,"B,58575,10,5c:62:8b:66:67:d2,0,0,56,2,-54,A,5c:62:8b:66:67:d2"
1791394519.738,"B,58675,10,72:3b:01:24:b7:c8,28,1,0,0,-57,S,5c:62:8b:66:67:d2"
1791394519.738,"B,58675,10,5c:62:8b:66:67:d2,0,0,84,3,-54,A,5c:62:8b:66:67:d2"
1791394519.738,"B,58675,10,b2:db:ca:e6:29:a6,56,2,0,0,-31,S,5c:62:8b:66:67:d2"
1791394519.941,"B,58775,10,72:3b:01:24:b7:c8,28,1,0,0,-57,S,5c:62:8b:66:67:d2"
1791394519.941,"B,58775,10,5c:62:8b:66:67:d2,0,0,28,1,-55,A,5c:62:8b:66:67:d2"
1791394519.941,"B,58875,10,5c:62:8b:66:67:d2,0,0,56,2,-55,A,5c:62:8b:66:67:d2"
1791394519.941,"B,58875,10,b2:db:ca:e6:29:a6,56,2,0,0,-31,S,5c:62:8b:66:67:d2"
1791394520.146,"B,59075,10,72:3b:01:24:b7:c8,112,4,0,0,-57,S,5c:62:8b:66:67:d2"
1791394520.146,"B,59075,10,5c:62:8b:66:67:d2,0,0,196,7,-55,A,5c:62:8b:66:67:d2"
1791394520.146,"B,59075,10,b2:db:ca:e6:29:a6,84,3,0,0,-30,S,5c:62:8b:66:67:d2"
1791394520.351,"B,59175,10,72:3b:01:24:b7:c8,28,1,0,0,-56,S,5c:62:8b:66:67:d2"
1791394520.351,"B,59175,10,5c:62:8b:66:67:d2,0,0,56,2,-56,A,5c:62:8b:66:67:d2"
1791394520.351,"B,59175,10,b2:db:ca:e6:29:a6,28,1,0,0,-30,S,5c:62:8b:66:67:d2"
1791394520.351,"B,59275,10,5c:62:8b:66:67:d2,0,0,56,2,-54,A,5c:62:8b:66:67:d2"
1791394520.351,"B,59275,10,b2:db:ca:e6:29:a6,56,2,0,0,-33,S,5c:62:8b:66:67:d2"
1791394520.555,"B,59375,10,72:3b:01:24:b7:c8,84,3,0,0,-57,S,5c:62:8b:66:67:d2"
1791394520.555,"B,59375,10,5c:62:8b:66:67:d2,0,0,84,3,-58,A,5c:62:8b:66:67:d2"
1791394520.760,"B,59575,10,5c:62:8b:66:67:d2,0,0,56,2,-57,A,5c:62:8b:66:67:d2"
1791394520.760,"B,59575,10,b2:db:ca:e6:29:a6,56,2,0,0,-31,S,5c:62:8b:66:67:d2"
1791394520.760,"B,59675,10,72:3b:01:24:b7:c8,224,8,0,0,-56,S,5c:62:8b:66:67:d2"
1791394520.760,"B,59675,10,5c:62:8b:66:67:d2,0,0,224,8,-62,A,5c:62:8b:66:67:d2"
1791394520.965,"B,59775,10,72:3b:01:24:b7:c8,140,5,0,0,-56,S,5c:62:8b:66:67:d2"
1791394520.965,"B,59775,10,5c:62:8b:66:67:d2,0,0,224,8,-60,A,5c:62:8b:66:67:d2"
1791394520.965,"B,59775,10,b2:db:ca:e6:29:a6,84,3,0,0,-30,S,5c:62:8b:66:67:d2"
1791394521.170,"B,59975,10,5c:62:8b:66:67:d2,0,0,56,2,-60,A,5c:62:8b:66:67:d2"
1791394521.170,"B,59975,10,b2:db:ca:e6:29:a6,56,2,0,0,-29,S,5c:62:8b:66:67:d2"
1791394521.170,"I,60097,stat,rx=2496,drops=0,ch=10,bin=100,hop=0,heap=203064"
1791394521.371,"B,60175,10,72:3b:01:24:b7:c8,56,2,0,0,-55,S,5c:62:8b:66:67:d2"
1791394521.371,"B,60175,10,5c:62:8b:66:67:d2,0,0,84,3,-58,A,5c:62:8b:66:67:d2"
1791394521.371,"B,60175,10,b2:db:ca:e6:29:a6,28,1,0,0,-31,S,5c:62:8b:66:67:d2"
1791394521.371,"B,60275,10,5c:62:8b:66:67:d2,0,0,28,1,-55,A,5c:62:8b:66:67:d2"
1791394521.371,"B,60275,10,b2:db:ca:e6:29:a6,28,1,0,0,-32,S,5c:62:8b:66:67:d2"
1791394521.574,"B,60375,10,5c:62:8b:66:67:d2,0,0,56,2,-56,A,5c:62:8b:66:67:d2"
1791394521.574,"B,60375,10,b2:db:ca:e6:29:a6,56,2,0,0,-31,S,5c:62:8b:66:67:d2"
1791394521.775,"B,60575,10,5c:62:8b:66:67:d2,0,0,28,1,-54,A,5c:62:8b:66:67:d2"
1791394521.775,"B,60575,10,b2:db:ca:e6:29:a6,28,1,0,0,-29,S,5c:62:8b:66:67:d2"
1791394521.775,"B,60675,10,72:3b:01:24:b7:c8,28,1,0,0,-58,S,5c:62:8b:66:67:d2"
1791394521.775,"B,60675,10,5c:62:8b:66:67:d2,0,0,84,3,-55,A,5c:62:8b:66:67:d2"
1791394521.775,"B,60675,10,b2:db:ca:e6:29:a6,56,2,0,0,-32,S,5c:62:8b:66:67:d2"
1791394521.979,"B,60775,10,72:3b:01:24:b7:c8,56,2,0,0,-58,S,5c:62:8b:66:67:d2"
1791394521.979,"B,60775,10,5c:62:8b:66:67:d2,0,0,56,2,-54,A,5c:62:8b:66:67:d2"
1791394521.979,"B,60875,10,5c:62:8b:66:67:d2,0,0,56,2,-53,A,5c:62:8b:66:67:d2"
1791394521.979,"B,60875,10,b2:db:ca:e6:29:a6,56,2,0,0,-30,S,5c:62:8b:66:67:d2"
1791394522.183,"B,60975,10,72:3b:01:24:b7:c8,84,3,0,0,-58,S,5c:62:8b:66:67:d2"
1791394522.183,"B,60975,10,5c:62:8b:66:67:d2,0,0,84,3,-54,A,5c:62:8b:66:67:d2"
1791394522.183,"B,61075,10,5c:62:8b:66:67:d2,0,0,28,1,-54,A,5c:62:8b:66:67:d2"
1791394522.183,"B,61075,10,b2:db:ca:e6:29:a6,28,1,0,0,-30,S,5c:62:8b:66:67:d2"
1791394522.384,"B,61175,10,72:3b:01:24:b7:c8,28,1,0,0,-57,S,5c:62:8b:66:67:d2"
1791394522.384,"B,61175,10,5c:62:8b:66:67:d2,0,0,84,3,-55,A,5c:62:8b:66:67:d2"
1791394522.384,"B,61175,10,b2:db:ca:e6:29:a6,56,2,0,0,-31,S,5c:62:8b:66:67:d2"
1791394522.384,"B,61275,10,72:3b:01:24:b7:c8,56,2,0,0,-60,S,5c:62:8b:66:67:d2"
1791394522.384,"B,61275,10,5c:62:8b:66:67:d2,0,0,140,5,-56,A,5c:62:8b:66:67:d2"
1791394522.384,"B,61275,10,b2:db:ca:e6:29:a6,84,3,0,0,-31,S,5c:62:8b:66:67:d2"
1791394522.384,"M,61292,slot,8,0"
1791394522.588,"B,61375,10,5c:62:8b:66:67:d2,0,0,28,1,-56,A,5c:62:8b:66:67:d2"
1791394522.588,"B,61375,10,b2:db:ca:e6:29:a6,28,1,0,0,-31,S,5c:62:8b:66:67:d2"
1791394522.588,"B,61475,10,5c:62:8b:66:67:d2,0,0,28,1,-56,A,5c:62:8b:66:67:d2"
1791394522.588,"B,61475,10,b2:db:ca:e6:29:a6,28,1,0,0,-31,S,5c:62:8b:66:67:d2"
1791394522.793,"B,61575,10,72:3b:01:24:b7:c8,56,2,0,0,-57,S,5c:62:8b:66:67:d2"
1791394522.793,"B,61575,10,5c:62:8b:66:67:d2,0,0,112,4,-58,A,5c:62:8b:66:67:d2"
1791394522.793,"B,61575,10,b2:db:ca:e6:29:a6,56,2,0,0,-30,S,5c:62:8b:66:67:d2"
1791394522.793,"B,61675,10,72:3b:01:24:b7:c8,168,6,0,0,-57,S,5c:62:8b:66:67:d2"
1791394522.793,"B,61675,10,5c:62:8b:66:67:d2,0,0,168,6,-55,A,5c:62:8b:66:67:d2"
1791394522.994,"B,61775,10,72:3b:01:24:b7:c8,112,4,0,0,-56,S,5c:62:8b:66:67:d2"
1791394522.994,"B,61775,10,5c:62:8b:66:67:d2,0,0,196,7,-55,A,5c:62:8b:66:67:d2"
1791394522.994,"B,61775,10,b2:db:ca:e6:29:a6,84,3,0,0,-30,S,5c:62:8b:66:67:d2"
1791394522.994,"B,61875,10,72:3b:01:24:b7:c8,112,4,0,0,-56,S,5c:62:8b:66:67:d2"
1791394522.994,"B,61875,10,5c:62:8b:66:67:d2,0,0,140,5,-55,A,5c:62:8b:66:67:d2"
1791394522.994,"B,61875,10,b2:db:ca:e6:29:a6,28,1,0,0,-30,S,5c:62:8b:66:67:d2"
1791394523.198,"B,62075,10,5c:62:8b:66:67:d2,0,0,56,2,-54,A,5c:62:8b:66:67:d2"
1791394523.198,"B,62075,10,b2:db:ca:e6:29:a6,56,2,0,0,-31,S,5c:62:8b:66:67:d2"
1791394523.400,"B,62175,10,72:3b:01:24:b7:c8,28,1,0,0,-54,S,5c:62:8b:66:67:d2"
1791394523.400,"B,62175,10,5c:62:8b:66:67:d2,0,0,84,3,0,A,5c:62:8b:66:67:d2"
1791394523.400,"B,62175,10,b2:db:ca:e6:29:a6,56,2,0,0,-30,S,5c:62:8b:66:67:d2"
1791394523.400,"B,62275,10,72:3b:01:24:b7:c8,28,1,0,0,-54,S,5c:62:8b:66:67:d2"
1791394523.400,"B,62275,10,5c:62:8b:66:67:d2,0,0,28,1,-53,A,5c:62:8b:66:67:d2"
1791394523.602,"B,62375,10,72:3b:01:24:b7:c8,84,3,0,0,-55,S,5c:62:8b:66:67:d2"
1791394523.602,"B,62375,10,5c:62:8b:66:67:d2,0,0,168,6,-54,A,5c:62:8b:66:67:d2"
1791394523.602,"B,62375,10,b2:db:ca:e6:29:a6,84,3,0,0,-31,S,5c:62:8b:66:67:d2"
1791394523.602,"B,62475,10,5c:62:8b:66:67:d2,0,0,28,1,-53,A,5c:62:8b:66:67:d2"
1791394523.602,"B,62475,10,b2:db:ca:e6:29:a6,28,1,0,0,-31,S,5c:62:8b:66:67:d2"
1791394523.602,"B,62475,10,8e:26:78:2e:9e:0c,28,1,0,0,-73,S,0c:ef:15:aa:11:03"
1791394523.602,"B,62475,10,0c:ef:15:aa:11:03,0,0,28,1,0,A,0c:ef:15:aa:11:03"
1791394523.805,"B,62575,10,5c:62:8b:66:67:d2,0,0,28,1,-54,A,5c:62:8b:66:67:d2"
1791394523.805,"B,62575,10,b2:db:ca:e6:29:a6,28,1,0,0,-30,S,5c:62:8b:66:67:d2"
1791394523.805,"B,62575,10,8e:26:78:2e:9e:0c,196,7,0,0,-72,S,0c:ef:15:aa:11:03"
1791394523.805,"B,62575,10,0c:ef:15:aa:11:03,0,0,196,7,0,A,0c:ef:15:aa:11:03"
1791394523.805,"B,62675,10,72:3b:01:24:b7:c8,84,3,0,0,-55,S,5c:62:8b:66:67:d2"
1791394523.805,"B,62675,10,5c:62:8b:66:67:d2,0,0,84,3,-56,A,5c:62:8b:66:67:d2"
1791394524.008,"B,62775,10,72:3b:01:24:b7:c8,28,1,0,0,-55,S,5c:62:8b:66:67:d2"
1791394524.008,"B,62775,10,5c:62:8b:66:67:d2,0,0,84,3,-57,A,5c:62:8b:66:67:d2"
1791394524.008,"B,62775,10,b2:db:ca:e6:29:a6,56,2,0,0,-29,S,5c:62:8b:66:67:d2"
1791394524.008,"B,62875,10,80:af:ca:68:4c:f8,104,1,0,0,-83,A,80:af:ca:68:4c:f8"
1791394524.008,"B,62875,10,5c:62:8b:66:67:d2,0,0,28,1,-57,A,5c:62:8b:66:67:d2"
1791394524.008,"B,62875,10,b2:db:ca:e6:29:a6,28,1,0,0,-30,S,5c:62:8b:66:67:d2"
1791394524.213,"B,62975,10,72:3b:01:24:b7:c8,28,1,0,0,-55,S,5c:62:8b:66:67:d2"
1791394524.213,"B,62975,10,5c:62:8b:66:67:d2,0,0,84,3,-55,A,5c:62:8b:66:67:d2"
1791394524.213,"B,62975,10,b2:db:ca:e6:29:a6,56,2,0,0,-30,S,5c:62:8b:66:67:d2"
1791394524.213,"B,63075,10,5c:62:8b:66:67:d2,0,0,28,1,-55,A,5c:62:8b:66:67:d2"
1791394524.213,"B,63075,10,b2:db:ca:e6:29:a6,28,1,0,0,-30,S,5c:62:8b:66:67:d2"
1791394524.413,"B,63175,10,72:3b:01:24:b7:c8,112,4,0,0,-55,S,5c:62:8b:66:67:d2"
1791394524.413,"B,63175,10,5c:62:8b:66:67:d2,0,0,168,6,-55,A,5c:62:8b:66:67:d2"
1791394524.413,"B,63175,10,b2:db:ca:e6:29:a6,56,2,0,0,-30,S,5c:62:8b:66:67:d2"
1791394524.413,"B,63275,10,72:3b:01:24:b7:c8,28,1,0,0,-55,S,5c:62:8b:66:67:d2"
1791394524.413,"B,63275,10,5c:62:8b:66:67:d2,0,0,84,3,-56,A,5c:62:8b:66:67:d2"
1791394524.413,"B,63275,10,b2:db:ca:e6:29:a6,56,2,0,0,-29,S,5c:62:8b:66:67:d2"
1791394524.413,"B,63375,10,5c:62:8b:66:67:d2,0,0,28,1,-57,A,5c:62:8b:66:67:d2"
1791394524.614,"B,63375,10,b2:db:ca:e6:29:a6,28,1,0,0,-29,S,5c:62:8b:66:67:d2"
1791394524.815,"B,63575,10,5c:62:8b:66:67:d2,0,0,28,1,-56,A,5c:62:8b:66:67:d2"
1791394524.815,"B,63575,10,b2:db:ca:e6:29:a6,28,1,0,0,-32,S,5c:62:8b:66:67:d2"
1791394524.815,"B,63675,10,72:3b:01:24:b7:c8,84,3,0,0,-55,S,5c:62:8b:66:67:d2"
1791394524.815,"B,63675,10,5c:62:8b:66:67:d2,0,0,112,4,-56,A,5c:62:8b:66:67:d2"
1791394524.815,"B,63675,10,b2:db:ca:e6:29:a6,28,1,0,0,-30,S,5c:62:8b:66:67:d2"
1791394524.815,"B,63775,10,72:3b:01:24:b7:c8,28,1,0,0,-55,S,5c:62:8b:66:67:d2"
1791394524.815,"B,63775,10,5c:62:8b:66:67:d2,0,0,84,3,-54,A,5c:62:8b:66:67:d2"
1791394524.815,"B,63775,10,b2:db:ca:e6:29:a6,56,2,0,0,-30,S,5c:62:8b:66:67:d2"
1791394525.018,"B,63875,10,5c:62:8b:66:67:d2,0,0,28,1,-62,A,5c:62:8b:66:67:d2"
1791394525.018,"B,63875,10,b2:db:ca:e6:29:a6,28,1,0,0,-32,S,5c:62:8b:66:67:d2"
1791394525.219,"B,64075,10,72:3b:01:24:b7:c8,28,1,0,0,-57,S,5c:62:8b:66:67:d2"
1791394525.219,"B,64075,10,5c:62:8b:66:67:d2,0,0,56,2,-54,A,5c:62:8b:66:67:d2"
1791394525.219,"B,64075,10,b2:db:ca:e6:29:a6,28,1,0,0,-35,S,5c:62:8b:66:67:d2"
1791394525.219,"B,64175,10,72:3b:01:24:b7:c8,28,1,0,0,-58,S,5c:62:8b:66:67:d2"
1791394525.219,"B,64175,10,5c:62:8b:66:67:d2,0,0,28,1,-53,A,5c:62:8b:66:67:d2"
1791394525.419,"B,64275,10,72:3b:01:24:b7:c8,56,2,0,0,-57,S,5c:62:8b:66:67:d2"
1791394525.419,"B,64275,10,5c:62:8b:66:67:d2,0,0,112,4,-54,A,5c:62:8b:66:67:d2"
1791394525.419,"B,64275,10,b2:db:ca:e6:29:a6,56,2,0,0,-32,S,5c:62:8b:66:67:d2"
1791394525.419,"B,64375,10,5c:62:8b:66:67:d2,0,0,56,2,-57,A,5c:62:8b:66:67:d2"
1791394525.419,"B,64375,10,b2:db:ca:e6:29:a6,56,2,0,0,-30,S,5c:62:8b:66:67:d2"
1791394525.620,"B,64475,10,5c:62:8b:66:67:d2,0,0,28,1,-59,A,5c:62:8b:66:67:d2"
1791394525.620,"B,64475,10,b2:db:ca:e6:29:a6,28,1,0,0,-31,S,5c:62:8b:66:67:d2"
1791394525.620,"B,64575,10,72:3b:01:24:b7:c8,112,4,0,0,-53,S,5c:62:8b:66:67:d2"
1791394525.620,"B,64575,10,5c:62:8b:66:67:d2,0,0,112,4,-55,A,5c:62:8b:66:67:d2"
1791394525.821,"B,64675,10,72:3b:01:24:b7:c8,56,2,0,0,-55,S,5c:62:8b:66:67:d2"
1791394525.821,"B,64675,10,5c:62:8b:66:67:d2,0,0,56,2,-53,A,5c:62:8b:66:67:d2"
1791394525.821,"B,64775,10,5c:62:8b:66:67:d2,0,0,28,1,-52,A,5c:62:8b:66:67:d2"
1791394525.821,"B,64775,10,b2:db:ca:e6:29:a6,28,1,0,0,-31,S,5c:62:8b:66:67:d2"
1791394526.023,"B,64875,10,72:3b:01:24:b7:c8,140,5,0,0,-57,S,5c:62:8b:66:67:d2"
1791394526.023,"B,64875,10,5c:62:8b:66:67:d2,0,0,140,5,-54,A,5c:62:8b:66:67:d2"
1791394526.023,"B,64975,10,5c:62:8b:66:67:d2,0,0,84,3,-57,A,5c:62:8b:66:67:d2"
1791394526.023,"B,64975,10,b2:db:ca:e6:29:a6,84,3,0,0,-30,S,5c:62:8b:66:67:d2"
1791394526.225,"I,65101,stat,rx=2693,drops=0,ch=10,bin=100,hop=0,heap=203064"
1791394526.225,"B,65175,10,72:3b:01:24:b7:c8,84,3,0,0,-55,S,5c:62:8b:66:67:d2"
1791394526.225,"B,65175,10,5c:62:8b:66:67:d2,0,0,140,5,-60,A,5c:62:8b:66:67:d2"
1791394526.225,"B,65175,10,b2:db:ca:e6:29:a6,56,2,0,0,-31,S,5c:62:8b:66:67:d2"
1791394526.428,"B,65275,10,5c:62:8b:66:67:d2,0,0,56,2,-61,A,5c:62:8b:66:67:d2"
1791394526.428,"B,65275,10,b2:db:ca:e6:29:a6,56,2,0,0,-31,S,5c:62:8b:66:67:d2"
1791394526.428,"B,65375,10,72:3b:01:24:b7:c8,84,3,0,0,-55,S,5c:62:8b:66:67:d2"
1791394526.428,"B,65375,10,5c:62:8b:66:67:d2,0,0,112,4,-61,A,5c:62:8b:66:67:d2"
1791394526.428,"B,65375,10,b2:db:ca:e6:29:a6,28,1,0,0,-31,S,5c:62:8b:66:67:d2"
1791394526.631,"B,65475,10,72:3b:01:24:b7:c8,28,1,0,0,-55,S,5c:62:8b:66:67:d2"
1791394526.631,"B,65475,10,5c:62:8b:66:67:d2,0,0,84,3,-60,A,5c:62:8b:66:67:d2"
1791394526.631,"B,65475,10,b2:db:ca:e6:29:a6,56,2,0,0,-31,S,5c:62:8b:66:67:d2"
1791394526.631,"B,65575,10,5c:62:8b:66:67:d2,0,0,28,1,-60,A,5c:62:8b:66:67:d2"
1791394526.631,"B,65575,10,b2:db:ca:e6:29:a6,28,1,0,0,-31,S,5c:62:8b:66:67:d2"
1791394526.835,"B,65675,10,72:3b:01:24:b7:c8,112,4,0,0,-56,S,5c:62:8b:66:67:d2"
1791394526.835,"B,65675,10,5c:62:8b:66:67:d2,0,0,196,7,-59,A,5c:62:8b:66:67:d2"
1791394526.835,"B,65675,10,b2:db:ca:e6:29:a6,84,3,0,0,-31,S,5c:62:8b:66:67:d2"
1791394526.835,"B,65775,10,72:3b:01:24:b7:c8,84,3,0,0,-56,S,5c:62:8b:66:67:d2"
1791394526.835,"B,65775,10,5c:62:8b:66:67:d2,0,0,84,3,-60,A,5c:62:8b:66:67:d2"
1791394527.036,"B,65875,10,5c:62:8b:66:67:d2,0,0,56,2,-59,A,5c:62:8b:66:67:d2"
1791394527.036,"B,65875,10,b2:db:ca:e6:29:a6,56,2,0,0,-31,S,5c:62:8b:66:67:d2"
1791394527.036,"B,65975,10,72:3b:01:24:b7:c8,112,4,0,0,-56,S,5c:62:8b:66:67:d2"
1791394527.036,"B,65975,10,5c:62:8b:66:67:d2,0,0,112,4,-59,A,5c:62:8b:66:67:d2"
1791394527.240,"B,66075,10,5c:62:8b:66:67:d2,0,0,28,1,-59,A,5c:62:8b:66:67:d2"
1791394527.240,"B,66075,10,b2:db:ca:e6:29:a6,28,1,0,0,-31,S,5c:62:8b:66:67:d2"
1791394527.240,"B,66175,10,72:3b:01:24:b7:c8,56,2,0,0,-57,S,5c:62:8b:66:67:d2"
1791394527.240,"B,66175,10,5c:62:8b:66:67:d2,0,0,84,3,-57,A,5c:62:8b:66:67:d2"
1791394527.240,"B,66175,10,b2:db:ca:e6:29:a6,28,1,0,0,-31,S,5c:62:8b:66:67:d2"
1791394527.445,"B,66275,10,72:3b:01:24:b7:c8,84,3,0,0,-56,S,5c:62:8b:66:67:d2"
1791394527.445,"B,66275,10,5c:62:8b:66:67:d2,0,0,112,4,-58,A,5c:62:8b:66:67:d2"
1791394527.445,"B,66275,10,b2:db:ca:e6:29:a6,28,1,0,0,-31,S,5c:62:8b:66:67:d2"
1791394527.445,"M,66363,slot,9,0"
1791394527.445,"B,66375,10,5c:62:8b:66:67:d2,0,0,56,2,0,A,5c:62:8b:66:67:d2"
1791394527.445,"B,66375,10,b2:db:ca:e6:29:a6,56,2,0,0,-31,S,5c:62:8b:66:67:d2"
1791394527.650,"B,66475,10,72:3b:01:24:b7:c8,84,3,0,0,-56,S,5c:62:8b:66:67:d2"
1791394527.650,"B,66475,10,5c:62:8b:66:67:d2,0,0,112,4,-58,A,5c:62:8b:66:67:d2"
1791394527.650,"B,66475,10,b2:db:ca:e6:29:a6,28,1,0,0,-31,S,5c:62:8b:66:67:d2"
1791394527.650,"B,66575,10,5c:62:8b:66:67:d2,0,0,28,1,-59,A,5c:62:8b:66:67:d2"
1791394527.650,"B,66575,10,b2:db:ca:e6:29:a6,28,1,0,0,-31,S,5c:62:8b:66:67:d2"
1791394527.854,"B,66675,10,72:3b:01:24:b7:c8,28,1,0,0,-57,S,5c:62:8b:66:67:d2"
1791394527.854,"B,66675,10,5c:62:8b:66:67:d2,0,0,28,1,-60,A,5c:62:8b:66:67:d2"
1791394527.854,"B,66775,10,72:3b:01:24:b7:c8,112,4,0,0,-56,S,5c:62:8b:66:67:d2"
1791394527.854,"B,66775,10,5c:62:8b:66:67:d2,0,0,168,6,-60,A,5c:62:8b:66:67:d2"
1791394527.854,"B,66775,10,b2:db:ca:e6:29:a6,56,2,0,0,-31,S,5c:62:8b:66:67:d2"
1791394528.058,"B,66875,10,5c:62:8b:66:67:d2,0,0,28,1,-59,A,5c:62:8b:66:67:d2"
1791394528.058,"B,66875,10,b2:db:ca:e6:29:a6,28,1,0,0,-31,S,5c:62:8b:66:67:d2"
1791394528.058,"B,66975,10,5c:62:8b:66:67:d2,0,0,28,1,-59,A,5c:62:8b:66:67:d2"
1791394528.058,"B,66975,10,b2:db:ca:e6:29:a6,28,1,0,0,-31,S,5c:62:8b:66:67:d2"
1791394528.259,"B,67075,10,72:3b:01:24:b7:c8,56,2,0,0,-56,S,5c:62:8b:66:67:d2"
1791394528.259,"B,67075,10,5c:62:8b:66:67:d2,0,0,56,2,-58,A,5c:62:8b:66:67:d2"
1791394528.259,"B,67175,10,72:3b:01:24:b7:c8,28,1,0,0,-56,S,5c:62:8b:66:67:d2"
1791394528.259,"B,67175,10,5c:62:8b:66:67:d2,0,0,28,1,-59,A,5c:62:8b:66:67:d2"
1791394528.464,"B,67275,10,72:3b:01:24:b7:c8,28,1,0,0,-56,S,5c:62:8b:66:67:d2"
1791394528.464,"B,67275,10,5c:62:8b:66:67:d2,0,0,84,3,-59,A,5c:62:8b:66:67:d2"
1791394528.464,"B,67275,10,b2:db:ca:e6:29:a6,56,2,0,0,-31,S,5c:62:8b:66:67:d2"
1791394528.464,"B,67375,10,5c:62:8b:66:67:d2,0,0,28,1,-59,A,5c:62:8b:66:67:d2"
1791394528.464,"B,67375,10,b2:db:ca:e6:29:a6,28,1,0,0,-31,S,5c:62:8b:66:67:d2"
1791394528.667,"B,67475,10,5c:62:8b:66:67:d2,0,0,84,3,-58,A,5c:62:8b:66:67:d2"
1791394528.667,"B,67475,10,b2:db:ca:e6:29:a6,84,3,0,0,-31,S,5c:62:8b:66:67:d2"
1791394528.667,"B,67575,10,72:3b:01:24:b7:c8,84,3,0,0,-56,S,5c:62:8b:66:67:d2"
1791394528.667,"B,67575,10,5c:62:8b:66:67:d2,0,0,112,4,-58,A,5c:62:8b:66:67:d2"
1791394528.667,"B,67575,10,b2:db:ca:e6:29:a6,28,1,0,0,-31,S,5c:62:8b:66:67:d2"
1791394528.870,"B,67675,10,72:3b:01:24:b7:c8,28,1,0,0,-56,S,5c:62:8b:66:67:d2"
1791394528.870,"B,67675,10,5c:62:8b:66:67:d2,0,0,190,4,-59,A,5c:62:8b:66:67:d2"
1791394528.870,"B,67675,10,b2:db:ca:e6:29:a6,162,3,0,0,-30,S,5c:62:8b:66:67:d2"
1791394528.870,"B,67775,10,72:3b:01:24:b7:c8,140,5,0,0,-56,S,5c:62:8b:66:67:d2"
1791394528.870,"B,67775,10,5c:62:8b:66:67:d2,0,0,140,5,-59,A,5c:62:8b:66:67:d2"
1791394529.070,"B,67875,10,72:3b:01:24:b7:c8,56,2,0,0,-56,S,5c:62:8b:66:67:d2"
1791394529.070,"B,67875,10,5c:62:8b:66:67:d2,0,0,112,4,-58,A,5c:62:8b:66:67:d2"
1791394529.070,"B,67875,10,b2:db:ca:e6:29:a6,56,2,0,0,-31,S,5c:62:8b:66:67:d2"
1791394529.070,"B,67975,10,72:3b:01:24:b7:c8,28,1,0,0,-56,S,5c:62:8b:66:67:d2"
1791394529.070,"B,67975,10,5c:62:8b:66:67:d2,0,0,28,1,-57,A,5c:62:8b:66:67:d2"
1791394529.271,"B,68175,10,72:3b:01:24:b7:c8,140,5,0,0,-56,S,5c:62:8b:66:67:d2"
1791394529.271,"B,68175,10,5c:62:8b:66:67:d2,0,0,196,7,-58,A,5c:62:8b:66:67:d2"
1791394529.271,"B,68175,10,b2:db:ca:e6:29:a6,56,2,0,0,-31,S,5c:62:8b:66:67:d2"
1791394529.475,"B,68275,10,72:3b:01:24:b7:c8,28,1,0,0,-56,S,5c:62:8b:66:67:d2"
1791394529.475,"B,68275,10,5c:62:8b:66:67:d2,0,0,28,1,-57,A,5c:62:8b:66:67:d2"
1791394529.475,"B,68375,10,5c:62:8b:66:67:d2,0,0,56,2,-58,A,5c:62:8b:66:67:d2"
1791394529.475,"B,68375,10,b2:db:ca:e6:29:a6,56,2,0,0,-31,S,5c:62:8b:66:67:d2"
1791394529.677,"B,68475,10,72:3b:01:24:b7:c8,112,4,0,0,-56,S,5c:62:8b:66:67:d2"
1791394529.677,"B,68475,10,5c:62:8b:66:67:d2,0,0,140,5,-58,A,5c:62:8b:66:67:d2"
1791394529.677,"B,68475,10,b2:db:ca:e6:29:a6,28,1,0,0,-31,S,5c:62:8b:66:67:d2"
1791394529.677,"B,68575,10,5c:62:8b:66:67:d2,0,0,28,1,-59,A,5c:62:8b:66:67:d2"
1791394529.677,"B,68575,10,b2:db:ca:e6:29:a6,28,1,0,0,-31,S,5c:62:8b:66:67:d2"
1791394529.879,"B,68675,10,72:3b:01:24:b7:c8,56,2,0,0,-56,S,5c:62:8b:66:67:d2"
1791394529.879,"B,68675,10,5c:62:8b:66:67:d2,0,0,56,2,-57,A,5c:62:8b:66:67:d2"
1791394529.879,"B,68775,10,5c:62:8b:66:67:d2,0,0,56,2,-58,A,5c:62:8b:66:67:d2"
1791394529.879,"B,68775,10,b2:db:ca:e6:29:a6,56,2,0,0,-31,S,5c:62:8b:66:67:d2"
1791394530.084,"B,68975,10,72:3b:01:24:b7:c8,56,2,0,0,-56,S,5c:62:8b:66:67:d2"
1791394530.084,"B,68975,10,5c:62:8b:66:67:d2,0,0,84,3,-59,A,5c:62:8b:66:67:d2"
1791394530.084,"B,68975,10,b2:db:ca:e6:29:a6,28,1,0,0,-32,S,5c:62:8b:66:67:d2"
1791394530.288,"B,69075,10,5c:62:8b:66:67:d2,0,0,28,1,-59,A,5c:62:8b:66:67:d2"
1791394530.288,"B,69075,10,b2:db:ca:e6:29:a6,28,1,0,0,-30,S,5c:62:8b:66:67:d2"
1791394530.288,"B,69175,10,72:3b:01:24:b7:c8,28,1,0,0,-56,S,5c:62:8b:66:67:d2"
1791394530.288,"B,69175,10,5c:62:8b:66:67:d2,0,0,28,1,-59,A,5c:62:8b:66:67:d2"
1791394530.491,"B,69275,10,5c:62:8b:66:67:d2,0,0,56,2,-59,A,5c:62:8b:66:67:d2"
1791394530.491,"B,69275,10,b2:db:ca:e6:29:a6,56,2,0,0,-31,S,5c:62:8b:66:67:d2"
1791394530.696,"B,69475,10,5c:62:8b:66:67:d2,0,0,56,2,-58,A,5c:62:8b:66:67:d2"
1791394530.696,"B,69475,10,b2:db:ca:e6:29:a6,56,2,0,0,-31,S,5c:62:8b:66:67:d2"
1791394530.696,"B,69575,10,72:3b:01:24:b7:c8,84,3,0,0,-55,S,5c:62:8b:66:67:d2"
1791394530.696,"B,69575,10,5c:62:8b:66:67:d2,0,0,112,4,-58,A,5c:62:8b:66:67:d2"
1791394530.696,"B,69575,10,b2:db:ca:e6:29:a6,28,1,0,0,-32,S,5c:62:8b:66:67:d2"
1791394530.900,"B,69675,10,72:3b:01:24:b7:c8,56,2,0,0,-56,S,5c:62:8b:66:67:d2"
1791394530.900,"B,69675,10,5c:62:8b:66:67:d2,0,0,168,6,-59,A,5c:62:8b:66:67:d2"
1791394530.900,"B,69675,10,b2:db:ca:e6:29:a6,112,4,0,0,-30,S,5c:62:8b:66:67:d2"
1791394530.900,"B,69775,10,72:3b:01:24:b7:c8,252,9,0,0,-56,S,5c:62:8b:66:67:d2"
1791394530.900,"B,69775,10,5c:62:8b:66:67:d2,0,0,252,9,-58,A,5c:62:8b:66:67:d2"
1791394531.101,"B,69875,10,5c:62:8b:66:67:d2,0,0,28,1,-58,A,5c:62:8b:66:67:d2"
1791394531.101,"B,69875,10,b2:db:ca:e6:29:a6,28,1,0,0,-31,S,5c:62:8b:66:67:d2"
1791394531.101,"B,69975,10,5c:62:8b:66:67:d2,0,0,28,1,-58,A,5c:62:8b:66:67:d2"
1791394531.101,"B,69975,10,b2:db:ca:e6:29:a6,28,1,0,0,-31,S,5c:62:8b:66:67:d2"
1791394531.302,"B,70075,10,72:3b:01:24:b7:c8,28,1,0,0,-56,S,5c:62:8b:66:67:d2"
1791394531.302,"B,70075,10,5c:62:8b:66:67:d2,0,0,28,1,-57,A,5c:62:8b:66:67:d2"
1791394531.302,"I,70102,stat,rx=2895,drops=0,ch=10,bin=100,hop=0,heap=203064"
1791394531.302,"B,70175,10,72:3b:01:24:b7:c8,56,2,0,0,-56,S,5c:62:8b:66:67:d2"
1791394531.302,"B,70175,10,5c:62:8b:66:67:d2,0,0,140,5,-58,A,5c:62:8b:66:67:d2"
1791394531.302,"B,70175,10,b2:db:ca:e6:29:a6,84,3,0,0,-31,S,5c:62:8b:66:67:d2"
1791394531.505,"B,70375,10,72:3b:01:24:b7:c8,84,3,0,0,-56,S,5c:62:8b:66:67:d2"
1791394531.505,"B,70375,10,5c:62:8b:66:67:d2,0,0,112,4,-58,A,5c:62:8b:66:67:d2"
1791394531.505,"B,70375,10,b2:db:ca:e6:29:a6,28,1,0,0,-31,S,5c:62:8b:66:67:d2"
1791394531.709,"B,70475,10,5c:62:8b:66:67:d2,0,0,56,2,-59,A,5c:62:8b:66:67:d2"
1791394531.709,"B,70475,10,b2:db:ca:e6:29:a6,56,2,0,0,-30,S,5c:62:8b:66:67:d2"
1791394531.709,"B,70575,10,5c:62:8b:66:67:d2,0,0,28,1,-59,A,5c:62:8b:66:67:d2"
1791394531.709,"B,70575,10,b2:db:ca:e6:29:a6,28,1,0,0,-31,S,5c:62:8b:66:67:d2"
1791394531.910,"B,70675,10,72:3b:01:24:b7:c8,112,4,0,0,-56,S,5c:62:8b:66:67:d2"
1791394531.910,"B,70675,10,5c:62:8b:66:67:d2,0,0,140,5,0,A,5c:62:8b:66:67:d2"
1791394531.910,"B,70675,10,b2:db:ca:e6:29:a6,28,1,0,0,-31,S,5c:62:8b:66:67:d2"
1791394531.910,"B,70775,10,72:3b:01:24:b7:c8,28,1,0,0,-56,S,5c:62:8b:66:67:d2"
1791394531.910,"B,70775,10,5c:62:8b:66:67:d2,0,0,84,3,-58,A,5c:62:8b:66:67:d2"
1791394531.910,"B,70775,10,b2:db:ca:e6:29:a6,56,2,0,0,-30,S,5c:62:8b:66:67:d2"
1791394532.113,"B,70875,10,72:3b:01:24:b7:c8,112,4,0,0,-55,S,5c:62:8b:66:67:d2"
1791394532.113,"B,70875,10,5c:62:8b:66:67:d2,0,0,140,5,-58,A,5c:62:8b:66:67:d2"
1791394532.113,"B,70875,10,b2:db:ca:e6:29:a6,28,1,0,0,-31,S,5c:62:8b:66:67:d2"
1791394532.113,"B,70975,10,5c:62:8b:66:67:d2,0,0,28,1,-58,A,5c:62:8b:66:67:d2"
1791394532.113,"B,70975,10,b2:db:ca:e6:29:a6,28,1,0,0,-31,S,5c:62:8b:66:67:d2"
1791394532.313,"B,71075,10,5c:62:8b:66:67:d2,0,0,28,1,-59,A,5c:62:8b:66:67:d2"
1791394532.313,"B,71075,10,b2:db:ca:e6:29:a6,28,1,0,0,-31,S,5c:62:8b:66:67:d2"
1791394532.313,"B,71175,10,72:3b:01:24:b7:c8,112,4,0,0,-55,S,5c:62:8b:66:67:d2"
1791394532.313,"B,71175,10,5c:62:8b:66:67:d2,0,0,112,4,-60,A,5c:62:8b:66:67:d2"
1791394532.313,"B,71275,10,72:3b:01:24:b7:c8,28,1,0,0,-55,S,5c:62:8b:66:67:d2"
1791394532.513,"B,71275,10,5c:62:8b:66:67:d2,0,0,56,2,-59,A,5c:62:8b:66:67:d2"
1791394532.513,"B,71275,10,b2:db:ca:e6:29:a6,28,1,0,0,-32,S,5c:62:8b:66:67:d2"
1791394532.513,"B,71375,10,5c:62:8b:66:67:d2,0,0,28,1,-58,A,5c:62:8b:66:67:d2"
1791394532.513,"B,71375,10,b2:db:ca:e6:29:a6,28,1,0,0,-31,S,5c:62:8b:66:67:d2"
1791394532.513,"M,71421,slot,10,1"
1791394532.513,"B,71475,10,72:3b:01:24:b7:c8,84,3,0,0,-56,S,5c:62:8b:66:67:d2"
1791394532.713,"B,71475,10,5c:62:8b:66:67:d2,0,0,84,3,-58,A,5c:62:8b:66:67:d2"
1791394532.713,"B,71575,10,5c:62:8b:66:67:d2,0,0,56,2,-58,A,5c:62:8b:66:67:d2"
1791394532.713,"B,71575,10,b2:db:ca:e6:29:a6,56,2,0,0,-30,S,5c:62:8b:66:67:d2"
1791394532.917,"B,71675,10,72:3b:01:24:b7:c8,56,2,0,0,-56,S,5c:62:8b:66:67:d2"
1791394532.917,"B,71675,10,5c:62:8b:66:67:d2,0,0,84,3,-58,A,5c:62:8b:66:67:d2"
1791394532.917,"B,71675,10,b2:db:ca:e6:29:a6,28,1,0,0,-32,S,5c:62:8b:66:67:d2"
1791394532.917,"B,71775,10,72:3b:01:24:b7:c8,308,11,0,0,-55,S,5c:62:8b:66:67:d2"
1791394532.917,"B,71775,10,5c:62:8b:66:67:d2,0,0,336,12,-57,A,5c:62:8b:66:67:d2"
1791394532.917,"B,71775,10,b2:db:ca:e6:29:a6,28,1,0,0,-31,S,5c:62:8b:66:67:d2"
1791394533.121,"B,71975,10,72:3b:01:24:b7:c8,112,4,0,0,-54,S,5c:62:8b:66:67:d2"
1791394533.121,"B,71975,10,5c:62:8b:66:67:d2,0,0,168,6,-59,A,5c:62:8b:66:67:d2"
1791394533.121,"B,71975,10,b2:db:ca:e6:29:a6,56,2,0,0,-32,S,5c:62:8b:66:67:d2"
1791394533.322,"B,72175,10,72:3b:01:24:b7:c8,28,1,0,0,-54,S,5c:62:8b:66:67:d2"
1791394533.322,"B,72175,10,5c:62:8b:66:67:d2,0,0,84,3,-59,A,5c:62:8b:66:67:d2"
1791394533.322,"B,72175,10,b2:db:ca:e6:29:a6,56,2,0,0,-31,S,5c:62:8b:66:67:d2"
1791394533.322,"B,72275,10,72:3b:01:24:b7:c8,112,4,0,0,-54,S,5c:62:8b:66:67:d2"
1791394533.322,"B,72275,10,5c:62:8b:66:67:d2,0,0,112,4,-59,A,5c:62:8b:66:67:d2"
1791394533.524,"B,72475,10,5c:62:8b:66:67:d2,0,0,56,2,-58,A,5c:62:8b:66:67:d2"
1791394533.524,"B,72475,10,b2:db:ca:e6:29:a6,56,2,0,0,-30,S,5c:62:8b:66:67:d2"
1791394533.724,"B,72575,10,72:3b:01:24:b7:c8,56,2,0,0,-57,S,5c:62:8b:66:67:d2"
1791394533.724,"B,72575,10,5c:62:8b:66:67:d2,0,0,56,2,-54,A,5c:62:8b:66:67:d2"
1791394533.724,"B,72675,10,72:3b:01:24:b7:c8,28,1,0,0,-58,S,5c:62:8b:66:67:d2"
1791394533.724,"B,72675,10,5c:62:8b:66:67:d2,0,0,112,4,-54,A,5c:62:8b:66:67:d2"
1791394533.724,"B,72675,10,b2:db:ca:e6:29:a6,84,3,0,0,-30,S,5c:62:8b:66:67:d2"
1791394533.926,"B,72775,10,72:3b:01:24:b7:c8,84,3,0,0,-59,S,5c:62:8b:66:67:d2"
1791394533.926,"B,72775,10,5c:62:8b:66:67:d2,0,0,112,4,-55,A,5c:62:8b:66:67:d2"
1791394533.926,"B,72775,10,b2:db:ca:e6:29:a6,28,1,0,0,-31,S,5c:62:8b:66:67:d2"
1791394533.926,"B,72875,10,80:af:ca:68:4c:f8,104,1,0,0,-83,A,80:af:ca:68:4c:f8"
1791394533.926,"B,72875,10,5c:62:8b:66:67:d2,0,0,84,3,-55,A,5c:62:8b:66:67:d2"
1791394533.926,"B,72875,10,b2:db:ca:e6:29:a6,84,3,0,0,-31,S,5c:62:8b:66:67:d2"
1791394534.127,"B,73075,10,72:3b:01:24:b7:c8,56,2,0,0,-57,S,5c:62:8b:66:67:d2"
1791394534.127,"B,73075,10,5c:62:8b:66:67:d2,0,0,112,4,-55,A,5c:62:8b:66:67:d2"
1791394534.127,"B,73075,10,b2:db:ca:e6:29:a6,56,2,0,0,-31,S,5c:62:8b:66:67:d2"
1791394534.330,"B,73175,10,72:3b:01:24:b7:c8,28,1,0,0,-58,S,5c:62:8b:66:67:d2"
1791394534.330,"B,73175,10,5c:62:8b:66:67:d2,0,0,28,1,-55,A,5c:62:8b:66:67:d2"
1791394534.330,"B,73275,10,5c:62:8b:66:67:d2,0,0,56,2,-56,A,5c:62:8b:66:67:d2"
1791394534.330,"B,73275,10,b2:db:ca:e6:29:a6,56,2,0,0,-30,S,5c:62:8b:66:67:d2"
1791394534.535,"B,73375,10,72:3b:01:24:b7:c8,56,2,0,0,-58,S,5c:62:8b:66:67:d2"
1791394534.535,"B,73375,10,5c:62:8b:66:67:d2,0,0,112,4,-56,A,5c:62:8b:66:67:d2"
1791394534.535,"B,73375,10,b2:db:ca:e6:29:a6,56,2,0,0,-31,S,5c:62:8b:66:67:d2"
1791394534.740,"B,73575,10,5c:62:8b:66:67:d2,0,0,56,2,-56,A,5c:62:8b:66:67:d2"
1791394534.740,"B,73575,10,b2:db:ca:e6:29:a6,56,2,0,0,-30,S,5c:62:8b:66:67:d2"
1791394534.740,"B,73675,10,72:3b:01:24:b7:c8,140,5,0,0,-58,S,5c:62:8b:66:67:d2"
1791394534.740,"B,73675,10,5c:62:8b:66:67:d2,0,0,140,5,-58,A,5c:62:8b:66:67:d2"
1791394534.945,"B,73775,10,72:3b:01:24:b7:c8,140,5,0,0,-58,S,5c:62:8b:66:67:d2"
1791394534.945,"B,73775,10,5c:62:8b:66:67:d2,0,0,168,6,-56,A,5c:62:8b:66:67:d2"
1791394534.945,"B,73775,10,b2:db:ca:e6:29:a6,28,1,0,0,-30,S,5c:62:8b:66:67:d2"
1791394534.945,"B,73875,10,72:3b:01:24:b7:c8,56,2,0,0,-58,S,5c:62:8b:66:67:d2"
1791394534.945,"B,73875,10,5c:62:8b:66:67:d2,0,0,84,3,-55,A,5c:62:8b:66:67:d2"
1791394534.945,"B,73875,10,b2:db:ca:e6:29:a6,28,1,0,0,-33,S,5c:62:8b:66:67:d2"
1791394535.146,"B,73975,10,5c:62:8b:66:67:d2,0,0,56,2,-55,A,5c:62:8b:66:67:d2"
1791394535.146,"B,73975,10,b2:db:ca:e6:29:a6,56,2,0,0,-31,S,5c:62:8b:66:67:d2"
1791394535.351,"B,74175,10,72:3b:01:24:b7:c8,56,2,0,0,-59,S,5c:62:8b:66:67:d2"
1791394535.351,"B,74175,10,5c:62:8b:66:67:d2,0,0,84,3,-55,A,5c:62:8b:66:67:d2"
1791394535.351,"B,74175,10,b2:db:ca:e6:29:a6,28,1,0,0,-31,S,5c:62:8b:66:67:d2"
1791394535.351,"B,74275,10,5c:62:8b:66:67:d2,0,0,28,1,-56,A,5c:62:8b:66:67:d2"
1791394535.351,"B,74275,10,b2:db:ca:e6:29:a6,28,1,0,0,-31,S,5c:62:8b:66:67:d2"
1791394535.553,"B,74375,10,5c:62:8b:66:67:d2,0,0,28,1,-55,A,5c:62:8b:66:67:d2"
1791394535.553,"B,74375,10,b2:db:ca:e6:29:a6,28,1,0,0,-29,S,5c:62:8b:66:67:d2"
1791394535.553,"B,74475,10,72:3b:01:24:b7:c8,56,2,0,0,-58,S,5c:62:8b:66:67:d2"
1791394535.553,"B,74475,10,5c:62:8b:66:67:d2,0,0,112,4,-56,A,5c:62:8b:66:67:d2"
1791394535.553,"B,74475,10,b2:db:ca:e6:29:a6,56,2,0,0,-30,S,5c:62:8b:66:67:d2"
1791394535.754,"B,74675,10,72:3b:01:24:b7:c8,56,2,0,0,-60,S,5c:62:8b:66:67:d2"
1791394535.754,"B,74675,10,5c:62:8b:66:67:d2,0,0,84,3,-58,A,5c:62:8b:66:67:d2"
1791394535.754,"B,74675,10,b2:db:ca:e6:29:a6,28,1,0,0,-28,S,5c:62:8b:66:67:d2"
1791394535.957,"B,74775,10,80:af:ca:68:4c:f8,82,1,0,0,-82,A,80:af:ca:68:4c:f8"
1791394535.957,"B,74775,10,72:3b:01:24:b7:c8,112,4,0,0,-60,S,5c:62:8b:66:67:d2"
1791394535.957,"B,74775,10,5c:62:8b:66:67:d2,0,0,168,6,-57,A,5c:62:8b:66:67:d2"
1791394535.957,"B,74775,10,b2:db:ca:e6:29:a6,56,2,0,0,-30,S,5c:62:8b:66:67:d2"
1791394535.957,"B,74775,10,52:4b:9a:a2:db:8e,0,0,82,1,0,S,80:af:ca:68:4c:f8"
1791394535.957,"B,74875,10,5c:62:8b:66:67:d2,0,0,28,1,0,A,5c:62:8b:66:67:d2"
1791394535.957,"B,74875,10,b2:db:ca:e6:29:a6,28,1,0,0,-30,S,5c:62:8b:66:67:d2"
1791394536.159,"B,74975,10,72:3b:01:24:b7:c8,84,3,0,0,-59,S,5c:62:8b:66:67:d2"
1791394536.159,"B,74975,10,5c:62:8b:66:67:d2,0,0,84,3,-58,A,5c:62:8b:66:67:d2"
1791394536.159,"I,75103,stat,rx=3097,drops=0,ch=10,bin=100,hop=0,heap=203064"
1791394536.361,"B,75175,10,72:3b:01:24:b7:c8,28,1,0,0,-60,S,5c:62:8b:66:67:d2"
1791394536.361,"B,75175,10,5c:62:8b:66:67:d2,0,0,84,3,-57,A,5c:62:8b:66:67:d2"
1791394536.361,"B,75175,10,b2:db:ca:e6:29:a6,56,2,0,0,-30,S,5c:62:8b:66:67:d2"
1791394536.361,"B,75275,10,72:3b:01:24:b7:c8,84,3,0,0,-59,S,5c:62:8b:66:67:d2"
1791394536.361,"B,75275,10,5c:62:8b:66:67:d2,0,0,84,3,-56,A,5c:62:8b:66:67:d2"
1791394536.566,"B,75375,10,72:3b:01:24:b7:c8,28,1,0,0,-59,S,5c:62:8b:66:67:d2"
1791394536.566,"B,75375,10,5c:62:8b:66:67:d2,0,0,84,3,-56,A,5c:62:8b:66:67:d2"
1791394536.566,"B,75375,10,b2:db:ca:e6:29:a6,56,2,0,0,-30,S,5c:62:8b:66:67:d2"
1791394536.566,"B,75475,10,5c:62:8b:66:67:d2,0,0,28,1,-56,A,5c:62:8b:66:67:d2"
1791394536.566,"B,75475,10,b2:db:ca:e6:29:a6,28,1,0,0,-29,S,5c:62:8b:66:67:d2"
1791394536.769,"B,75575,10,72:3b:01:24:b7:c8,84,3,0,0,-59,S,5c:62:8b:66:67:d2"
1791394536.769,"B,75575,10,5c:62:8b:66:67:d2,0,0,140,5,-56,A,5c:62:8b:66:67:d2"
1791394536.769,"B,75575,10,b2:db:ca:e6:29:a6,56,2,0,0,-32,S,5c:62:8b:66:67:d2"
1791394536.769,"B,75675,10,72:3b:01:24:b7:c8,28,1,0,0,-59,S,5c:62:8b:66:67:d2"
1791394536.769,"B,75675,10,5c:62:8b:66:67:d2,0,0,28,1,-56,A,5c:62:8b:66:67:d2"
1791394536.970,"B,75775,10,72:3b:01:24:b7:c8,196,7,0,0,-59,S,5c:62:8b:66:67:d2"
1791394536.970,"B,75775,10,5c:62:8b:66:67:d2,0,0,196,7,-57,A,5c:62:8b:66:67:d2"
1791394536.970,"B,75875,10,72:3b:01:24:b7:c8,84,3,0,0,-58,S,5c:62:8b:66:67:d2"
1791394536.970,"B,75875,10,5c:62:8b:66:67:d2,0,0,112,4,0,A,5c:62:8b:66:67:d2"
1791394536.970,"B,75875,10,b2:db:ca:e6:29:a6,28,1,0,0,-30,S,5c:62:8b:66:67:d2"
1791394537.175,"B,75975,10,5c:62:8b:66:67:d2,0,0,56,2,-55,A,5c:62:8b:66:67:d2"
1791394537.175,"B,75975,10,b2:db:ca:e6:29:a6,56,2,0,0,-31,S,5c:62:8b:66:67:d2"
1791394537.175,"B,76075,10,72:3b:01:24:b7:c8,84,3,0,0,-59,S,5c:62:8b:66:67:d2"
1791394537.175,"B,76075,10,5c:62:8b:66:67:d2,0,0,140,5,-55,A,5c:62:8b:66:67:d2"
1791394537.175,"B,76075,10,b2:db:ca:e6:29:a6,56,2,0,0,-30,S,5c:62:8b:66:67:d2"
1791394537.175,"B,76075,10,8e:26:78:2e:9e:0c,336,12,0,0,-78,S,0c:ef:15:aa:11:03"
1791394537.175,"B,76075,10,0c:ef:15:aa:11:03,0,0,336,12,0,A,0c:ef:15:aa:11:03"
1791394537.380,"B,76175,10,72:3b:01:24:b7:c8,28,1,0,0,-59,S,5c:62:8b:66:67:d2"
1791394537.380,"B,76175,10,5c:62:8b:66:67:d2,0,0,28,1,-57,A,5c:62:8b:66:67:d2"
1791394537.380,"B,76275,10,5c:62:8b:66:67:d2,0,0,56,2,-56,A,5c:62:8b:66:67:d2"
1791394537.380,"B,76275,10,b2:db:ca:e6:29:a6,56,2,0,0,-30,S,5c:62:8b:66:67:d2"
1791394537.584,"B,76375,10,72:3b:01:24:b7:c8,56,2,0,0,-59,S,5c:62:8b:66:67:d2"
1791394537.584,"B,76375,10,5c:62:8b:66:67:d2,0,0,56,2,-56,A,5c:62:8b:66:67:d2"
1791394537.584,"B,76375,10,8e:26:78:2e:9e:0c,56,2,0,0,-82,S,0c:ef:15:aa:11:03"
1791394537.584,"B,76375,10,0c:ef:15:aa:11:03,0,0,56,2,0,A,0c:ef:15:aa:11:03"
1791394537.584,"B,76475,10,5c:62:8b:66:67:d2,0,0,56,2,-56,A,5c:62:8b:66:67:d2"
1791394537.584,"B,76475,10,b2:db:ca:e6:29:a6,56,2,0,0,-30,S,5c:62:8b:66:67:d2"
1791394537.584,"M,76484,slot,11,0"
1791394537.784,"B,76675,10,72:3b:01:24:b7:c8,84,3,0,0,-58,S,5c:62:8b:66:67:d2"
1791394537.784,"B,76675,10,5c:62:8b:66:67:d2,0,0,168,6,-55,A,5c:62:8b:66:67:d2"
1791394537.784,"B,76675,10,b2:db:ca:e6:29:a6,84,3,0,0,-31,S,5c:62:8b:66:67:d2"
1791394537.989,"B,76875,10,5c:62:8b:66:67:d2,0,0,28,1,-55,A,5c:62:8b:66:67:d2"
1791394537.989,"B,76875,10,b2:db:ca:e6:29:a6,28,1,0,0,-30,S,5c:62:8b:66:67:d2"
1791394538.193,"B,76975,10,72:3b:01:24:b7:c8,140,5,0,0,-58,S,5c:62:8b:66:67:d2"
1791394538.193,"B,76975,10,5c:62:8b:66:67:d2,0,0,168,6,-56,A,5c:62:8b:66:67:d2"
1791394538.193,"B,76975,10,b2:db:ca:e6:29:a6,28,1,0,0,-30,S,5c:62:8b:66:67:d2"
1791394538.394,"B,77175,10,72:3b:01:24:b7:c8,28,1,0,0,-58,S,5c:62:8b:66:67:d2"
1791394538.394,"B,77175,10,5c:62:8b:66:67:d2,0,0,84,3,-54,A,5c:62:8b:66:67:d2"
1791394538.394,"B,77175,10,b2:db:ca:e6:29:a6,56,2,0,0,-30,S,5c:62:8b:66:67:d2"
1791394538.595,"B,77375,10,5c:62:8b:66:67:d2,0,0,56,2,-56,A,5c:62:8b:66:67:d2"
1791394538.595,"B,77375,10,b2:db:ca:e6:29:a6,56,2,0,0,-30,S,5c:62:8b:66:67:d2"
1791394538.595,"B,77475,10,72:3b:01:24:b7:c8,56,2,0,0,-57,S,5c:62:8b:66:67:d2"
1791394538.595,"B,77475,10,5c:62:8b:66:67:d2,0,0,56,2,-57,A,5c:62:8b:66:67:d2"
1791394538.800,"B,77575,10,5c:62:8b:66:67:d2,0,0,56,2,-55,A,5c:62:8b:66:67:d2"
1791394538.800,"B,77575,10,b2:db:ca:e6:29:a6,56,2,0,0,-30,S,5c:62:8b:66:67:d2"
1791394538.800,"B,77675,10,72:3b:01:24:b7:c8,28,1,0,0,-58,S,5c:62:8b:66:67:d2"
1791394538.800,"B,77675,10,5c:62:8b:66:67:d2,0,0,28,1,-56,A,5c:62:8b:66:67:d2"
1791394539.005,"B,77775,10,72:3b:01:24:b7:c8,84,3,0,0,-58,S,5c:62:8b:66:67:d2"
1791394539.005,"B,77775,10,5c:62:8b:66:67:d2,0,0,84,3,-55,A,5c:62:8b:66:67:d2"
1791394539.005,"B,77875,10,5c:62:8b:66:67:d2,0,0,56,2,-55,A,5c:62:8b:66:67:d2"
1791394539.005,"B,77875,10,b2:db:ca:e6:29:a6,56,2,0,0,-29,S,5c:62:8b:66:67:d2"
1791394539.206,"B,77975,10,5c:62:8b:66:67:d2,0,0,28,1,-54,A,5c:62:8b:66:67:d2"
1791394539.206,"B,77975,10,b2:db:ca:e6:29:a6,28,1,0,0,-31,S,5c:62:8b:66:67:d2"
1791394539.206,"B,78075,10,72:3b:01:24:b7:c8,56,2,0,0,-58,S,5c:62:8b:66:67:d2"
1791394539.206,"B,78075,10,5c:62:8b:66:67:d2,0,0,84,3,-54,A,5c:62:8b:66:67:d2"
1791394539.206,"B,78075,10,b2:db:ca:e6:29:a6,28,1,0,0,-30,S,5c:62:8b:66:67:d2"
1791394539.411,"B,78175,10,72:3b:01:24:b7:c8,28,1,0,0,-59,S,5c:62:8b:66:67:d2"
1791394539.411,"B,78175,10,5c:62:8b:66:67:d2,0,0,28,1,-55,A,5c:62:8b:66:67:d2"
1791394539.411,"B,78275,10,72:3b:01:24:b7:c8,56,2,0,0,-58,S,5c:62:8b:66:67:d2"
1791394539.411,"B,78275,10,5c:62:8b:66:67:d2,0,0,112,4,-55,A,5c:62:8b:66:67:d2"
1791394539.411,"B,78275,10,b2:db:ca:e6:29:a6,56,2,0,0,-30,S,5c:62:8b:66:67:d2"
1791394539.816,"B,78575,10,72:3b:01:24:b7:c8,28,1,0,0,-58,S,5c:62:8b:66:67:d2"
1791394539.816,"B,78575,10,5c:62:8b:66:67:d2,0,0,84,3,-56,A,5c:62:8b:66:67:d2"
1791394539.816,"B,78575,10,b2:db:ca:e6:29:a6,56,2,0,0,-31,S,5c:62:8b:66:67:d2"
1791394539.816,"B,78675,10,72:3b:01:24:b7:c8,56,2,0,0,-58,S,5c:62:8b:66:67:d2"
1791394539.816,"B,78675,10,5c:62:8b:66:67:d2,0,0,84,3,-56,A,5c:62:8b:66:67:d2"
1791394539.816,"B,78675,10,b2:db:ca:e6:29:a6,28,1,0,0,-29,S,5c:62:8b:66:67:d2"
1791394540.016,"B,78775,10,80:af:ca:68:4c:f8,1041,2,0,0,-84,A,80:af:ca:68:4c:f8"
1791394540.016,"B,78775,10,5c:62:8b:66:67:d2,0,0,28,1,-56,A,5c:62:8b:66:67:d2"
1791394540.016,"B,78775,10,b2:db:ca:e6:29:a6,28,1,0,0,-30,S,5c:62:8b:66:67:d2"
1791394540.016,"B,78875,10,72:3b:01:24:b7:c8,28,1,0,0,-59,S,5c:62:8b:66:67:d2"
1791394540.016,"B,78875,10,5c:62:8b:66:67:d2,0,0,28,1,-55,A,5c:62:8b:66:67:d2"
1791394540.216,"B,78975,10,5c:62:8b:66:67:d2,0,0,56,2,-56,A,5c:62:8b:66:67:d2"
1791394540.216,"B,78975,10,b2:db:ca:e6:29:a6,56,2,0,0,-31,S,5c:62:8b:66:67:d2"
1791394540.216,"B,79075,10,5c:62:8b:66:67:d2,0,0,28,1,0,A,5c:62:8b:66:67:d2"
1791394540.216,"B,79075,10,b2:db:ca:e6:29:a6,28,1,0,0,-30,S,5c:62:8b:66:67:d2"
1791394540.216,"B,79175,10,72:3b:01:24:b7:c8,140,5,0,0,-58,S,5c:62:8b:66:67:d2"
1791394540.216,"B,79175,10,5c:62:8b:66:67:d2,0,0,168,6,-55,A,5c:62:8b:66:67:d2"
1791394540.216,"B,79175,10,b2:db:ca:e6:29:a6,28,1,0,0,-30,S,5c:62:8b:66:67:d2"
1791394540.417,"B,79275,10,72:3b:01:24:b7:c8,28,1,0,0,-58,S,5c:62:8b:66:67:d2"
1791394540.417,"B,79275,10,5c:62:8b:66:67:d2,0,0,56,2,-56,A,5c:62:8b:66:67:d2"
1791394540.417,"B,79275,10,b2:db:ca:e6:29:a6,28,1,0,0,-30,S,5c:62:8b:66:67:d2"
1791394540.417,"B,79375,10,72:3b:01:24:b7:c8,56,2,0,0,-58,S,5c:62:8b:66:67:d2"
1791394540.417,"B,79375,10,5c:62:8b:66:67:d2,0,0,84,3,-55,A,5c:62:8b:66:67:d2"
1791394540.417,"B,79375,10,b2:db:ca:e6:29:a6,28,1,0,0,-30,S,5c:62:8b:66:67:d2"
1791394540.620,"B,79475,10,5c:62:8b:66:67:d2,0,0,28,1,-56,A,5c:62:8b:66:67:d2"
1791394540.620,"B,79475,10,b2:db:ca:e6:29:a6,28,1,0,0,-30,S,5c:62:8b:66:67:d2"
1791394540.820,"B,79675,10,72:3b:01:24:b7:c8,56,2,0,0,-59,S,5c:62:8b:66:67:d2"
1791394540.820,"B,79675,10,5c:62:8b:66:67:d2,0,0,112,4,-56,A,5c:62:8b:66:67:d2"
1791394540.820,"B,79675,10,b2:db:ca:e6:29:a6,56,2,0,0,-30,S,5c:62:8b:66:67:d2"
1791394540.820,"B,79775,10,72:3b:01:24:b7:c8,168,6,0,0,-57,S,5c:62:8b:66:67:d2"
1791394540.820,"B,79775,10,5c:62:8b:66:67:d2,0,0,168,6,-56,A,5c:62:8b:66:67:d2"
1791394541.021,"B,79875,10,5c:62:8b:66:67:d2,0,0,56,2,-56,A,5c:62:8b:66:67:d2"
1791394541.021,"B,79875,10,b2:db:ca:e6:29:a6,56,2,0,0,-30,S,5c:62:8b:66:67:d2"
1791394541.021,"B,79975,10,72:3b:01:24:b7:c8,56,2,0,0,-58,S,5c:62:8b:66:67:d2"
1791394541.021,"B,79975,10,5c:62:8b:66:67:d2,0,0,56,2,-56,A,5c:62:8b:66:67:d2"
1791394541.222,"B,80075,10,5c:62:8b:66:67:d2,0,0,28,1,-56,A,5c:62:8b:66:67:d2"
1791394541.222,"B,80075,10,b2:db:ca:e6:29:a6,28,1,0,0,-31,S,5c:62:8b:66:67:d2"
1791394541.222,"I,80107,stat,rx=3300,drops=0,ch=10,bin=100,hop=0,heap=203064"
1791394541.222,"B,80175,10,72:3b:01:24:b7:c8,84,3,0,0,-58,S,5c:62:8b:66:67:d2"
1791394541.222,"B,80175,10,5c:62:8b:66:67:d2,0,0,140,5,-56,A,5c:62:8b:66:67:d2"
1791394541.222,"B,80175,10,b2:db:ca:e6:29:a6,56,2,0,0,-30,S,5c:62:8b:66:67:d2"
1791394541.424,"B,80275,10,72:3b:01:24:b7:c8,28,1,0,0,-58,S,5c:62:8b:66:67:d2"
1791394541.424,"B,80275,10,5c:62:8b:66:67:d2,0,0,28,1,-56,A,5c:62:8b:66:67:d2"
1791394541.424,"B,80375,10,5c:62:8b:66:67:d2,0,0,56,2,-56,A,5c:62:8b:66:67:d2"
1791394541.424,"B,80375,10,b2:db:ca:e6:29:a6,56,2,0,0,-31,S,5c:62:8b:66:67:d2"
1791394541.626,"B,80475,10,72:3b:01:24:b7:c8,28,1,0,0,-59,S,5c:62:8b:66:67:d2"
1791394541.626,"B,80475,10,5c:62:8b:66:67:d2,0,0,28,1,-57,A,5c:62:8b:66:67:d2"
1791394541.626,"B,80575,10,5c:62:8b:66:67:d2,0,0,56,2,-56,A,5c:62:8b:66:67:d2"
1791394541.626,"B,80575,10,b2:db:ca:e6:29:a6,56,2,0,0,-30,S,5c:62:8b:66:67:d2"
1791394541.828,"B,80675,10,72:3b:01:24:b7:c8,28,1,0,0,-58,S,5c:62:8b:66:67:d2"
1791394541.828,"B,80675,10,5c:62:8b:66:67:d2,0,0,28,1,-56,A,5c:62:8b:66:67:d2"
1791394541.828,"B,80775,10,72:3b:01:24:b7:c8,84,3,0,0,-59,S,5c:62:8b:66:67:d2"
1791394541.828,"B,80775,10,5c:62:8b:66:67:d2,0,0,140,5,-57,A,5c:62:8b:66:67:d2"
1791394541.828,"B,80775,10,b2:db:ca:e6:29:a6,56,2,0,0,-30,S,5c:62:8b:66:67:d2"
1791394542.030,"B,80975,10,5c:62:8b:66:67:d2,0,0,56,2,-56,A,5c:62:8b:66:67:d2"
1791394542.030,"B,80975,10,b2:db:ca:e6:29:a6,56,2,0,0,-30,S,5c:62:8b:66:67:d2"
1791394542.233,"B,81075,10,72:3b:01:24:b7:c8,112,4,0,0,-58,S,5c:62:8b:66:67:d2"
1791394542.233,"B,81075,10,5c:62:8b:66:67:d2,0,0,140,5,-55,A,5c:62:8b:66:67:d2"
1791394542.233,"B,81075,10,b2:db:ca:e6:29:a6,28,1,0,0,-30,S,5c:62:8b:66:67:d2"
1791394542.233,"B,81175,10,72:3b:01:24:b7:c8,28,1,0,0,-59,S,5c:62:8b:66:67:d2"
1791394542.233,"B,81175,10,5c:62:8b:66:67:d2,0,0,84,3,-57,A,5c:62:8b:66:67:d2"
1791394542.233,"B,81175,10,b2:db:ca:e6:29:a6,56,2,0,0,-30,S,5c:62:8b:66:67:d2"
1791394542.435,"B,81275,10,72:3b:01:24:b7:c8,56,2,0,0,-58,S,5c:62:8b:66:67:d2"
1791394542.435,"B,81275,10,5c:62:8b:66:67:d2,0,0,84,3,-56,A,5c:62:8b:66:67:d2"
1791394542.435,"B,81275,10,b2:db:ca:e6:29:a6,28,1,0,0,-31,S,5c:62:8b:66:67:d2"
1791394542.638,"B,81475,10,5c:62:8b:66:67:d2,0,0,56,2,-55,A,5c:62:8b:66:67:d2"
1791394542.638,"B,81475,10,b2:db:ca:e6:29:a6,56,2,0,0,-30,S,5c:62:8b:66:67:d2"
1791394542.638,"M,81548,end"
1791394542.638,"B,81575,10,72:3b:01:24:b7:c8,28,1,0,0,-58,S,5c:62:8b:66:67:d2"
1791394542.638,"B,81575,10,5c:62:8b:66:67:d2,0,0,28,1,-55,A,5c:62:8b:66:67:d2"
1791394542.838,"B,81675,10,72:3b:01:24:b7:c8,28,1,0,0,-58,S,5c:62:8b:66:67:d2"
1791394542.838,"B,81675,10,5c:62:8b:66:67:d2,0,0,84,3,-55,A,5c:62:8b:66:67:d2"
1791394542.838,"B,81675,10,b2:db:ca:e6:29:a6,56,2,0,0,-30,S,5c:62:8b:66:67:d2"
1791394542.838,"B,81775,10,72:3b:01:24:b7:c8,224,8,0,0,-58,S,5c:62:8b:66:67:d2"
1791394542.838,"B,81775,10,5c:62:8b:66:67:d2,0,0,224,8,-56,A,5c:62:8b:66:67:d2"
1791394543.040,"B,81875,10,72:3b:01:24:b7:c8,112,4,0,0,-59,S,5c:62:8b:66:67:d2"
1791394543.040,"B,81875,10,5c:62:8b:66:67:d2,0,0,168,6,-56,A,5c:62:8b:66:67:d2"
1791394543.040,"B,81875,10,b2:db:ca:e6:29:a6,56,2,0,0,-31,S,5c:62:8b:66:67:d2"
1791394543.241,"B,82075,10,5c:62:8b:66:67:d2,0,0,28,1,-57,A,5c:62:8b:66:67:d2"
1791394543.241,"B,82075,10,b2:db:ca:e6:29:a6,28,1,0,0,-30,S,5c:62:8b:66:67:d2"
1791394543.241,"B,82175,10,72:3b:01:24:b7:c8,84,3,0,0,-58,S,5c:62:8b:66:67:d2"
1791394543.241,"B,82175,10,5c:62:8b:66:67:d2,0,0,140,5,-56,A,5c:62:8b:66:67:d2"
1791394543.241,"B,82175,10,b2:db:ca:e6:29:a6,56,2,0,0,-30,S,5c:62:8b:66:67:d2"
1791394543.443,"B,82275,10,5c:62:8b:66:67:d2,0,0,28,1,-56,A,5c:62:8b:66:67:d2"
1791394543.443,"B,82275,10,b2:db:ca:e6:29:a6,28,1,0,0,-32,S,5c:62:8b:66:67:d2"
1791394543.443,"B,82375,10,72:3b:01:24:b7:c8,84,3,0,0,-58,S,5c:62:8b:66:67:d2"
1791394543.443,"B,82375,10,5c:62:8b:66:67:d2,0,0,140,5,-56,A,5c:62:8b:66:67:d2"
1791394543.443,"B,82375,10,b2:db:ca:e6:29:a6,56,2,0,0,-30,S,5c:62:8b:66:67:d2"
1791394543.647,"B,82575,10,5c:62:8b:66:67:d2,0,0,56,2,-55,A,5c:62:8b:66:67:d2"
1791394543.647,"B,82575,10,b2:db:ca:e6:29:a6,56,2,0,0,-30,S,5c:62:8b:66:67:d2"
