host_time_s,line
1791490784.339,"I,76,boot,spyscan-e2-sniffer,v0.1,transport=usb-serial-jtag"
1791490784.339,"A,152,1,c2:a5:dd:1b:60:3b,-70,MERCURY_603B"
1791490784.339,"A,155,1,c4:16:88:9a:06:5c,-85,Marine_Horse"
1791490784.542,"I,332,reset"
1791490784.542,"I,332,bin,100"
1791490784.542,"I,333,channel,10"
1791490784.542,"A,343,10,78:8c:b5:f5:e7:26,-77,ITMO"
1791490784.542,"B,376,10,b2:db:ca:e6:29:a6,28,1,0,0,-22,S,5c:62:8b:66:67:d2"
1791490784.542,"B,376,10,5c:62:8b:66:67:d2,0,0,378,2,0,A,5c:62:8b:66:67:d2"
1791490784.542,"B,376,10,46:88:44:6e:4f:e4,350,1,0,0,-30,S,5c:62:8b:66:67:d2"
1791490784.542,"A,423,10,5c:62:8b:66:67:d2,-47,TP-Link_67D2"
1791490784.742,"A,458,10,cc:d8:43:ca:9f:eb,-84,Xiaomi_DF62"
1791490784.742,"B,476,10,b2:db:ca:e6:29:a6,56,2,0,0,-23,S,5c:62:8b:66:67:d2"
1791490784.742,"B,476,10,5c:62:8b:66:67:d2,0,0,1484,7,-47,A,5c:62:8b:66:67:d2"
1791490784.742,"B,476,10,46:88:44:6e:4f:e4,1428,5,0,0,-30,S,5c:62:8b:66:67:d2"
1791490784.742,"B,576,10,b2:db:ca:e6:29:a6,28,1,0,0,-21,S,5c:62:8b:66:67:d2"
1791490784.742,"B,576,10,5c:62:8b:66:67:d2,0,0,6505,21,-47,A,5c:62:8b:66:67:d2"
1791490784.742,"B,576,10,46:88:44:6e:4f:e4,6169,9,0,0,-29,S,5c:62:8b:66:67:d2"
1791490784.742,"B,576,10,72:3b:01:24:b7:c8,308,11,0,0,-17,S,5c:62:8b:66:67:d2"
1791490784.742,"M,638,baseline"
1791490784.948,"B,676,10,b2:db:ca:e6:29:a6,84,3,0,0,-21,S,5c:62:8b:66:67:d2"
1791490784.948,"B,676,10,5c:62:8b:66:67:d2,0,0,5927,12,-47,A,5c:62:8b:66:67:d2"
1791490784.948,"B,676,10,46:88:44:6e:4f:e4,5815,8,0,0,-28,S,5c:62:8b:66:67:d2"
1791490784.948,"B,676,10,72:3b:01:24:b7:c8,28,1,0,0,-17,S,5c:62:8b:66:67:d2"
1791490784.948,"B,776,10,b2:db:ca:e6:29:a6,56,2,0,0,-21,S,5c:62:8b:66:67:d2"
1791490784.948,"B,776,10,5c:62:8b:66:67:d2,0,0,5903,10,-47,A,5c:62:8b:66:67:d2"
1791490784.948,"B,776,10,78:8c:b5:f5:e7:26,0,0,30,1,-77,A,78:8c:b5:f5:e7:26"
1791490784.948,"B,776,10,46:88:44:6e:4f:e4,5847,8,0,0,-28,S,5c:62:8b:66:67:d2"
1791490784.948,"B,776,10,a6:4c:bd:b6:c7:99,30,1,0,0,-91,S,78:8c:b5:f5:e7:26"
1791490785.153,"B,876,10,b2:db:ca:e6:29:a6,56,2,0,0,-21,S,5c:62:8b:66:67:d2"
1791490785.153,"B,876,10,5c:62:8b:66:67:d2,0,0,7927,17,-47,A,5c:62:8b:66:67:d2"
1791490785.153,"B,876,10,46:88:44:6e:4f:e4,7731,10,0,0,-28,S,5c:62:8b:66:67:d2"
1791490785.153,"B,876,10,72:3b:01:24:b7:c8,140,5,0,0,-18,S,5c:62:8b:66:67:d2"
1791490785.153,"A,951,10,80:af:ca:68:4c:f8,-86,Cudy-4CF8"
1791490785.153,"B,976,10,5c:62:8b:66:67:d2,0,0,728,3,-47,A,5c:62:8b:66:67:d2"
1791490785.153,"B,976,10,46:88:44:6e:4f:e4,728,3,0,0,-28,S,5c:62:8b:66:67:d2"
1791490785.357,"B,1076,10,b2:db:ca:e6:29:a6,28,1,0,0,-23,S,5c:62:8b:66:67:d2"
1791490785.357,"B,1076,10,5c:62:8b:66:67:d2,0,0,9966,11,-47,A,5c:62:8b:66:67:d2"
1791490785.357,"B,1076,10,46:88:44:6e:4f:e4,9938,10,0,0,-29,S,5c:62:8b:66:67:d2"
1791490785.357,"B,1176,10,5c:62:8b:66:67:d2,0,0,12757,21,-47,A,5c:62:8b:66:67:d2"
1791490785.357,"B,1176,10,46:88:44:6e:4f:e4,12589,15,0,0,-29,S,5c:62:8b:66:67:d2"
1791490785.357,"B,1176,10,72:3b:01:24:b7:c8,168,6,0,0,-18,S,5c:62:8b:66:67:d2"
1791490785.357,"A,1189,10,b0:a7:b9:23:82:ee,-88,________ __ ________"
1791490785.561,"B,1276,10,5c:62:8b:66:67:d2,0,0,5911,9,-48,A,5c:62:8b:66:67:d2"
1791490785.561,"B,1276,10,46:88:44:6e:4f:e4,5883,8,0,0,-28,S,5c:62:8b:66:67:d2"
1791490785.561,"B,1276,10,72:3b:01:24:b7:c8,28,1,0,0,-18,S,5c:62:8b:66:67:d2"
1791490785.561,"B,1376,10,5c:62:8b:66:67:d2,0,0,8959,14,-47,A,5c:62:8b:66:67:d2"
1791490785.561,"B,1376,10,46:88:44:6e:4f:e4,8847,10,0,0,-28,S,5c:62:8b:66:67:d2"
1791490785.561,"B,1376,10,72:3b:01:24:b7:c8,112,4,0,0,-18,S,5c:62:8b:66:67:d2"
1791490785.765,"B,1476,10,5c:62:8b:66:67:d2,0,0,14147,22,-47,A,5c:62:8b:66:67:d2"
1791490785.765,"B,1476,10,78:8c:b5:f5:e7:26,0,0,30,1,-77,A,78:8c:b5:f5:e7:26"
1791490785.765,"B,1476,10,46:88:44:6e:4f:e4,13951,15,0,0,-28,S,5c:62:8b:66:67:d2"
1791490785.765,"B,1476,10,72:3b:01:24:b7:c8,196,7,0,0,-18,S,5c:62:8b:66:67:d2"
1791490785.765,"B,1476,10,a6:4c:bd:b6:c7:99,30,1,0,0,-88,S,78:8c:b5:f5:e7:26"
1791490785.765,"B,1576,10,5c:62:8b:66:67:d2,0,0,3556,12,-48,A,5c:62:8b:66:67:d2"
1791490785.765,"B,1576,10,46:88:44:6e:4f:e4,3528,11,0,0,-29,S,5c:62:8b:66:67:d2"
1791490785.765,"B,1576,10,72:3b:01:24:b7:c8,28,1,0,0,-18,S,5c:62:8b:66:67:d2"
1791490785.969,"B,1676,10,5c:62:8b:66:67:d2,0,0,5943,11,-46,A,5c:62:8b:66:67:d2"
1791490785.969,"B,1676,10,46:88:44:6e:4f:e4,5831,7,0,0,-29,S,5c:62:8b:66:67:d2"
1791490785.969,"B,1676,10,72:3b:01:24:b7:c8,112,4,0,0,-18,S,5c:62:8b:66:67:d2"
1791490785.969,"B,1776,10,b2:db:ca:e6:29:a6,84,3,0,0,-20,S,5c:62:8b:66:67:d2"
1791490785.969,"B,1776,10,5c:62:8b:66:67:d2,0,0,5651,14,-47,A,5c:62:8b:66:67:d2"
1791490785.969,"B,1776,10,46:88:44:6e:4f:e4,5483,8,0,0,-29,S,5c:62:8b:66:67:d2"
1791490785.969,"B,1776,10,72:3b:01:24:b7:c8,84,3,0,0,-18,S,5c:62:8b:66:67:d2"
1791490786.174,"B,1876,10,b2:db:ca:e6:29:a6,28,1,0,0,-21,S,5c:62:8b:66:67:d2"
1791490786.174,"B,1876,10,5c:62:8b:66:67:d2,0,0,9587,15,-46,A,5c:62:8b:66:67:d2"
1791490786.174,"B,1876,10,46:88:44:6e:4f:e4,9475,11,0,0,-29,S,5c:62:8b:66:67:d2"
1791490786.174,"B,1876,10,72:3b:01:24:b7:c8,84,3,0,0,-18,S,5c:62:8b:66:67:d2"
1791490786.174,"B,1876,10,b0:a7:b9:23:82:ee,0,0,300,10,-88,A,b0:a7:b9:23:82:ee"
1791490786.174,"B,1876,10,3c:f0:11:24:00:90,300,10,0,0,-90,S,b0:a7:b9:23:82:ee"
1791490786.174,"B,1976,10,b2:db:ca:e6:29:a6,28,1,0,0,-22,S,5c:62:8b:66:67:d2"
1791490786.174,"B,1976,10,5c:62:8b:66:67:d2,0,0,7701,16,-48,A,5c:62:8b:66:67:d2"
1791490786.174,"B,1976,10,78:8c:b5:f5:e7:26,0,0,30,1,-77,A,78:8c:b5:f5:e7:26"
1791490786.174,"B,1976,10,46:88:44:6e:4f:e4,7617,13,0,0,-30,S,5c:62:8b:66:67:d2"
1791490786.174,"B,1976,10,72:3b:01:24:b7:c8,56,2,0,0,-18,S,5c:62:8b:66:67:d2"
1791490786.174,"B,1976,10,a6:4c:bd:b6:c7:99,30,1,0,0,-85,S,78:8c:b5:f5:e7:26"
1791490786.174,"B,1976,10,b0:a7:b9:23:82:ee,0,0,60,2,0,A,b0:a7:b9:23:82:ee"
1791490786.174,"B,1976,10,3c:f0:11:24:00:90,60,2,0,0,-90,S,b0:a7:b9:23:82:ee"
1791490786.377,"B,2076,10,b2:db:ca:e6:29:a6,28,1,0,0,-20,S,5c:62:8b:66:67:d2"
1791490786.377,"B,2076,10,5c:62:8b:66:67:d2,0,0,14055,19,-48,A,5c:62:8b:66:67:d2"
1791490786.377,"B,2076,10,46:88:44:6e:4f:e4,13943,15,0,0,-29,S,5c:62:8b:66:67:d2"
1791490786.377,"B,2076,10,72:3b:01:24:b7:c8,84,3,0,0,-18,S,5c:62:8b:66:67:d2"
1791490786.377,"B,2076,10,b0:a7:b9:23:82:ee,0,0,90,3,0,A,b0:a7:b9:23:82:ee"
1791490786.377,"B,2076,10,3c:f0:11:24:00:90,90,3,0,0,-90,S,b0:a7:b9:23:82:ee"
1791490786.377,"B,2176,10,b2:db:ca:e6:29:a6,28,1,0,0,-21,S,5c:62:8b:66:67:d2"
1791490786.377,"B,2176,10,5c:62:8b:66:67:d2,0,0,3542,10,-47,A,5c:62:8b:66:67:d2"
1791490786.377,"B,2176,10,78:8c:b5:f5:e7:26,0,0,106,1,-78,A,78:8c:b5:f5:e7:26"
1791490786.377,"B,2176,10,46:88:44:6e:4f:e4,3486,8,0,0,-29,S,5c:62:8b:66:67:d2"
1791490786.377,"B,2176,10,72:3b:01:24:b7:c8,28,1,0,0,-18,S,5c:62:8b:66:67:d2"
1791490786.377,"B,2176,10,a6:4c:bd:b6:c7:99,106,1,0,0,-83,S,78:8c:b5:f5:e7:26"
1791490786.579,"B,2276,10,b2:db:ca:e6:29:a6,28,1,0,0,-23,S,5c:62:8b:66:67:d2"
1791490786.579,"B,2276,10,5c:62:8b:66:67:d2,0,0,6065,13,-47,A,5c:62:8b:66:67:d2"
1791490786.579,"B,2276,10,78:8c:b5:f5:e7:26,0,0,432,4,0,A,78:8c:b5:f5:e7:26"
1791490786.579,"B,2276,10,46:88:44:6e:4f:e4,5981,10,0,0,-29,S,5c:62:8b:66:67:d2"
1791490786.579,"B,2276,10,72:3b:01:24:b7:c8,56,2,0,0,-18,S,5c:62:8b:66:67:d2"
1791490786.579,"B,2276,10,a6:4c:bd:b6:c7:99,432,4,0,0,-82,S,78:8c:b5:f5:e7:26"
1791490786.579,"B,2276,10,b0:a7:b9:23:82:ee,0,0,30,1,-89,A,b0:a7:b9:23:82:ee"
1791490786.579,"B,2276,10,3c:f0:11:24:00:90,30,1,0,0,-91,S,b0:a7:b9:23:82:ee"
1791490786.579,"B,2376,10,b2:db:ca:e6:29:a6,56,2,0,0,-22,S,5c:62:8b:66:67:d2"
1791490786.579,"B,2376,10,5c:62:8b:66:67:d2,0,0,5995,13,-47,A,5c:62:8b:66:67:d2"
1791490786.579,"B,2376,10,78:8c:b5:f5:e7:26,0,0,60,2,-79,A,78:8c:b5:f5:e7:26"
1791490786.579,"B,2376,10,46:88:44:6e:4f:e4,5855,8,0,0,-29,S,5c:62:8b:66:67:d2"
1791490786.579,"B,2376,10,72:3b:01:24:b7:c8,84,3,0,0,-18,S,5c:62:8b:66:67:d2"
1791490786.579,"B,2376,10,a6:4c:bd:b6:c7:99,60,2,0,0,-82,S,78:8c:b5:f5:e7:26"
1791490786.779,"B,2476,10,b2:db:ca:e6:29:a6,56,2,0,0,-21,S,5c:62:8b:66:67:d2"
1791490786.779,"B,2476,10,5c:62:8b:66:67:d2,0,0,7509,13,-46,A,5c:62:8b:66:67:d2"
1791490786.779,"B,2476,10,46:88:44:6e:4f:e4,7397,9,0,0,-29,S,5c:62:8b:66:67:d2"
1791490786.779,"B,2476,10,72:3b:01:24:b7:c8,56,2,0,0,-17,S,5c:62:8b:66:67:d2"
1791490786.779,"B,2476,10,b0:a7:b9:23:82:ee,0,0,60,2,-91,A,b0:a7:b9:23:82:ee"
1791490786.779,"B,2476,10,3c:f0:11:24:00:90,60,2,0,0,-89,S,b0:a7:b9:23:82:ee"
1791490786.779,"B,2576,10,b2:db:ca:e6:29:a6,56,2,0,0,-21,S,5c:62:8b:66:67:d2"
1791490786.779,"B,2576,10,5c:62:8b:66:67:d2,0,0,6039,15,-46,A,5c:62:8b:66:67:d2"
1791490786.779,"B,2576,10,78:8c:b5:f5:e7:26,0,0,30,1,-77,A,78:8c:b5:f5:e7:26"
1791490786.779,"B,2576,10,46:88:44:6e:4f:e4,5843,8,0,0,-29,S,5c:62:8b:66:67:d2"
1791490786.779,"B,2576,10,72:3b:01:24:b7:c8,140,5,0,0,-20,S,5c:62:8b:66:67:d2"
1791490786.779,"B,2576,10,a6:4c:bd:b6:c7:99,30,1,0,0,-83,S,78:8c:b5:f5:e7:26"
1791490786.779,"B,2676,10,b2:db:ca:e6:29:a6,28,1,0,0,-21,S,5c:62:8b:66:67:d2"
1791490786.981,"B,2676,10,5c:62:8b:66:67:d2,0,0,6651,14,-46,A,5c:62:8b:66:67:d2"
1791490786.981,"B,2676,10,78:8c:b5:f5:e7:26,0,0,30,1,-77,A,78:8c:b5:f5:e7:26"
1791490786.981,"B,2676,10,46:88:44:6e:4f:e4,6539,10,0,0,-28,S,5c:62:8b:66:67:d2"
1791490786.981,"B,2676,10,72:3b:01:24:b7:c8,84,3,0,0,-18,S,5c:62:8b:66:67:d2"
1791490786.981,"B,2676,10,a6:4c:bd:b6:c7:99,30,1,0,0,-82,S,78:8c:b5:f5:e7:26"
1791490786.981,"B,2776,10,b2:db:ca:e6:29:a6,56,2,0,0,-21,S,5c:62:8b:66:67:d2"
1791490786.981,"B,2776,10,5c:62:8b:66:67:d2,0,0,868,8,0,A,5c:62:8b:66:67:d2"
1791490786.981,"B,2776,10,78:8c:b5:f5:e7:26,0,0,30,1,-77,A,78:8c:b5:f5:e7:26"
1791490786.981,"B,2776,10,46:88:44:6e:4f:e4,700,2,0,0,-30,S,5c:62:8b:66:67:d2"
1791490786.981,"B,2776,10,72:3b:01:24:b7:c8,112,4,0,0,-17,S,5c:62:8b:66:67:d2"
1791490786.981,"B,2776,10,a6:4c:bd:b6:c7:99,30,1,0,0,-84,S,78:8c:b5:f5:e7:26"
1791490786.981,"B,2776,10,b0:a7:b9:23:82:ee,0,0,30,1,-89,A,b0:a7:b9:23:82:ee"
1791490786.981,"B,2776,10,3c:f0:11:24:00:90,30,1,0,0,-90,S,b0:a7:b9:23:82:ee"
1791490787.181,"B,2876,10,b2:db:ca:e6:29:a6,28,1,0,0,-22,S,5c:62:8b:66:67:d2"
1791490787.181,"B,2876,10,5c:62:8b:66:67:d2,0,0,6913,13,-46,A,5c:62:8b:66:67:d2"
1791490787.181,"B,2876,10,78:8c:b5:f5:e7:26,0,0,30,1,0,A,78:8c:b5:f5:e7:26"
1791490787.181,"B,2876,10,46:88:44:6e:4f:e4,6857,11,0,0,-29,S,5c:62:8b:66:67:d2"
1791490787.181,"B,2876,10,72:3b:01:24:b7:c8,28,1,0,0,-17,S,5c:62:8b:66:67:d2"
1791490787.181,"B,2876,10,a6:4c:bd:b6:c7:99,30,1,0,0,-84,S,78:8c:b5:f5:e7:26"
1791490787.181,"B,2876,10,b0:a7:b9:23:82:ee,0,0,90,3,0,A,b0:a7:b9:23:82:ee"
1791490787.181,"B,2876,10,3c:f0:11:24:00:90,90,3,0,0,-91,S,b0:a7:b9:23:82:ee"
1791490787.181,"B,2976,10,b2:db:ca:e6:29:a6,84,3,0,0,-20,S,5c:62:8b:66:67:d2"
1791490787.181,"B,2976,10,5c:62:8b:66:67:d2,0,0,6205,15,-46,A,5c:62:8b:66:67:d2"
1791490787.181,"B,2976,10,78:8c:b5:f5:e7:26,0,0,30,1,-76,A,78:8c:b5:f5:e7:26"
1791490787.181,"B,2976,10,46:88:44:6e:4f:e4,6037,9,0,0,-30,S,5c:62:8b:66:67:d2"
1791490787.181,"B,2976,10,72:3b:01:24:b7:c8,84,3,0,0,-16,S,5c:62:8b:66:67:d2"
1791490787.181,"B,2976,10,a6:4c:bd:b6:c7:99,30,1,0,0,-84,S,78:8c:b5:f5:e7:26"
1791490787.181,"B,3076,10,b2:db:ca:e6:29:a6,56,2,0,0,-20,S,5c:62:8b:66:67:d2"
1791490787.382,"B,3076,10,5c:62:8b:66:67:d2,0,0,5731,12,-46,A,5c:62:8b:66:67:d2"
1791490787.382,"B,3076,10,78:8c:b5:f5:e7:26,0,0,605,1,-76,A,78:8c:b5:f5:e7:26"
1791490787.382,"B,3076,10,46:88:44:6e:4f:e4,5619,8,0,0,-30,S,5c:62:8b:66:67:d2"
1791490787.382,"B,3076,10,72:3b:01:24:b7:c8,56,2,0,0,-17,S,5c:62:8b:66:67:d2"
1791490787.382,"B,3076,10,a6:4c:bd:b6:c7:99,605,1,0,0,-85,S,78:8c:b5:f5:e7:26"
1791490787.382,"B,3176,10,5c:62:8b:66:67:d2,0,0,4865,12,-46,A,5c:62:8b:66:67:d2"
1791490787.382,"B,3176,10,78:8c:b5:f5:e7:26,676,2,30,1,-81,A,78:8c:b5:f5:e7:26"
1791490787.382,"B,3176,10,46:88:44:6e:4f:e4,4781,9,0,0,-30,S,5c:62:8b:66:67:d2"
1791490787.382,"B,3176,10,72:3b:01:24:b7:c8,84,3,0,0,-16,S,5c:62:8b:66:67:d2"
1791490787.382,"B,3176,10,a6:4c:bd:b6:c7:99,30,1,0,0,-86,S,78:8c:b5:f5:e7:26"
1791490787.382,"B,3276,10,b2:db:ca:e6:29:a6,56,2,0,0,-20,S,5c:62:8b:66:67:d2"
1791490787.382,"B,3276,10,5c:62:8b:66:67:d2,0,0,6319,14,-46,A,5c:62:8b:66:67:d2"
1791490787.382,"B,3276,10,78:8c:b5:f5:e7:26,0,0,114,1,-76,A,78:8c:b5:f5:e7:26"
1791490787.382,"B,3276,10,46:88:44:6e:4f:e4,6207,10,0,0,-30,S,5c:62:8b:66:67:d2"
1791490787.587,"B,3276,10,72:3b:01:24:b7:c8,56,2,0,0,-16,S,5c:62:8b:66:67:d2"
1791490787.587,"B,3276,10,a6:4c:bd:b6:c7:99,114,1,0,0,-87,S,78:8c:b5:f5:e7:26"
1791490787.587,"B,3376,10,b2:db:ca:e6:29:a6,56,2,0,0,-20,S,5c:62:8b:66:67:d2"
1791490787.587,"B,3376,10,5c:62:8b:66:67:d2,0,0,1358,14,-47,A,5c:62:8b:66:67:d2"
1791490787.587,"B,3376,10,46:88:44:6e:4f:e4,1050,3,0,0,-31,S,5c:62:8b:66:67:d2"
1791490787.587,"B,3376,10,72:3b:01:24:b7:c8,252,9,0,0,-16,S,5c:62:8b:66:67:d2"
1791490787.587,"B,3476,10,b2:db:ca:e6:29:a6,56,2,0,0,-23,S,5c:62:8b:66:67:d2"
1791490787.587,"B,3476,10,5c:62:8b:66:67:d2,0,0,6107,13,-47,A,5c:62:8b:66:67:d2"
1791490787.587,"B,3476,10,78:8c:b5:f5:e7:26,0,0,120,4,-73,A,78:8c:b5:f5:e7:26"
1791490787.587,"B,3476,10,46:88:44:6e:4f:e4,6023,10,0,0,-31,S,5c:62:8b:66:67:d2"
1791490787.587,"B,3476,10,72:3b:01:24:b7:c8,28,1,0,0,-17,S,5c:62:8b:66:67:d2"
1791490787.587,"B,3476,10,a6:4c:bd:b6:c7:99,120,4,0,0,-86,S,78:8c:b5:f5:e7:26"
1791490787.787,"B,3576,10,b2:db:ca:e6:29:a6,56,2,0,0,-21,S,5c:62:8b:66:67:d2"
1791490787.787,"B,3576,10,5c:62:8b:66:67:d2,0,0,6583,14,-47,A,5c:62:8b:66:67:d2"
1791490787.787,"B,3576,10,78:8c:b5:f5:e7:26,0,0,60,2,0,A,78:8c:b5:f5:e7:26"
1791490787.787,"B,3576,10,46:88:44:6e:4f:e4,6415,8,0,0,-31,S,5c:62:8b:66:67:d2"
1791490787.787,"B,3576,10,72:3b:01:24:b7:c8,112,4,0,0,-16,S,5c:62:8b:66:67:d2"
1791490787.787,"B,3576,10,a6:4c:bd:b6:c7:99,60,2,0,0,-85,S,78:8c:b5:f5:e7:26"
1791490787.787,"B,3676,10,b2:db:ca:e6:29:a6,84,3,0,0,-21,S,5c:62:8b:66:67:d2"
1791490787.787,"B,3676,10,5c:62:8b:66:67:d2,0,0,8691,18,-48,A,5c:62:8b:66:67:d2"
1791490787.787,"B,3676,10,46:88:44:6e:4f:e4,8551,13,0,0,-31,S,5c:62:8b:66:67:d2"
1791490787.787,"B,3676,10,72:3b:01:24:b7:c8,56,2,0,0,-16,S,5c:62:8b:66:67:d2"
1791490787.988,"B,3776,10,b2:db:ca:e6:29:a6,28,1,0,0,-23,S,5c:62:8b:66:67:d2"
1791490787.988,"B,3776,10,5c:62:8b:66:67:d2,0,0,5713,15,-48,A,5c:62:8b:66:67:d2"
1791490787.988,"B,3776,10,78:8c:b5:f5:e7:26,0,0,30,1,0,A,78:8c:b5:f5:e7:26"
1791490787.988,"B,3776,10,46:88:44:6e:4f:e4,5657,13,0,0,-34,S,5c:62:8b:66:67:d2"
1791490787.988,"B,3776,10,72:3b:01:24:b7:c8,28,1,0,0,-17,S,5c:62:8b:66:67:d2"
1791490787.988,"B,3776,10,a6:4c:bd:b6:c7:99,30,1,0,0,-86,S,78:8c:b5:f5:e7:26"
1791490787.988,"A,3830,10,dc:8e:8d:9c:65:79,-90,netis-9C6572"
1791490787.988,"B,3876,10,b2:db:ca:e6:29:a6,56,2,0,0,-21,S,5c:62:8b:66:67:d2"
1791490787.988,"B,3876,10,5c:62:8b:66:67:d2,0,0,7596,24,-49,A,5c:62:8b:66:67:d2"
1791490787.988,"B,3876,10,78:8c:b5:f5:e7:26,0,0,94,1,-76,A,78:8c:b5:f5:e7:26"
1791490787.988,"B,3876,10,46:88:44:6e:4f:e4,7260,12,0,0,-36,S,5c:62:8b:66:67:d2"
1791490787.988,"B,3876,10,72:3b:01:24:b7:c8,280,10,0,0,-17,S,5c:62:8b:66:67:d2"
1791490787.988,"B,3876,10,a6:4c:bd:b6:c7:99,94,1,0,0,-87,S,78:8c:b5:f5:e7:26"
1791490788.189,"B,3976,10,b2:db:ca:e6:29:a6,28,1,0,0,-21,S,5c:62:8b:66:67:d2"
1791490788.189,"B,3976,10,5c:62:8b:66:67:d2,0,0,1862,9,-48,A,5c:62:8b:66:67:d2"
1791490788.189,"B,3976,10,78:8c:b5:f5:e7:26,0,0,60,2,0,A,78:8c:b5:f5:e7:26"
1791490788.189,"B,3976,10,46:88:44:6e:4f:e4,1778,6,0,0,-34,S,5c:62:8b:66:67:d2"
1791490788.189,"B,3976,10,72:3b:01:24:b7:c8,56,2,0,0,-16,S,5c:62:8b:66:67:d2"
1791490788.189,"B,3976,10,a6:4c:bd:b6:c7:99,60,2,0,0,-89,S,78:8c:b5:f5:e7:26"
1791490788.189,"B,4076,10,b2:db:ca:e6:29:a6,84,3,0,0,-22,S,5c:62:8b:66:67:d2"
1791490788.189,"B,4076,10,5c:62:8b:66:67:d2,0,0,7113,13,-48,A,5c:62:8b:66:67:d2"
1791490788.189,"B,4076,10,46:88:44:6e:4f:e4,7029,10,0,0,-32,S,5c:62:8b:66:67:d2"
1791490788.391,"B,4176,10,b2:db:ca:e6:29:a6,112,4,0,0,-21,S,5c:62:8b:66:67:d2"
1791490788.391,"B,4176,10,5c:62:8b:66:67:d2,0,0,10001,24,-48,A,5c:62:8b:66:67:d2"
1791490788.391,"B,4176,10,46:88:44:6e:4f:e4,9693,13,0,0,-30,S,5c:62:8b:66:67:d2"
1791490788.391,"B,4176,10,72:3b:01:24:b7:c8,196,7,0,0,-17,S,5c:62:8b:66:67:d2"
1791490788.391,"B,4276,10,b2:db:ca:e6:29:a6,84,3,0,0,-21,S,5c:62:8b:66:67:d2"
1791490788.391,"B,4276,10,5c:62:8b:66:67:d2,0,0,8733,17,-48,A,5c:62:8b:66:67:d2"
1791490788.391,"B,4276,10,46:88:44:6e:4f:e4,8565,11,0,0,-29,S,5c:62:8b:66:67:d2"
1791490788.391,"B,4276,10,72:3b:01:24:b7:c8,84,3,0,0,-17,S,5c:62:8b:66:67:d2"
1791490788.594,"B,4376,10,b2:db:ca:e6:29:a6,28,1,0,0,-19,S,5c:62:8b:66:67:d2"
1791490788.594,"B,4376,10,5c:62:8b:66:67:d2,0,0,6023,13,-48,A,5c:62:8b:66:67:d2"
1791490788.594,"B,4376,10,46:88:44:6e:4f:e4,5939,10,0,0,-27,S,5c:62:8b:66:67:d2"
1791490788.594,"B,4376,10,72:3b:01:24:b7:c8,56,2,0,0,-18,S,5c:62:8b:66:67:d2"
1791490788.594,"B,4476,10,b2:db:ca:e6:29:a6,112,4,0,0,-20,S,5c:62:8b:66:67:d2"
1791490788.594,"B,4476,10,5c:62:8b:66:67:d2,0,0,5157,16,-48,A,5c:62:8b:66:67:d2"
1791490788.594,"B,4476,10,46:88:44:6e:4f:e4,4905,7,0,0,-23,S,5c:62:8b:66:67:d2"
1791490788.594,"B,4476,10,72:3b:01:24:b7:c8,140,5,0,0,-18,S,5c:62:8b:66:67:d2"
1791490788.797,"B,4576,10,b2:db:ca:e6:29:a6,84,3,0,0,-20,S,5c:62:8b:66:67:d2"
1791490788.797,"B,4576,10,5c:62:8b:66:67:d2,0,0,1218,9,-49,A,5c:62:8b:66:67:d2"
1791490788.797,"B,4576,10,46:88:44:6e:4f:e4,1078,4,0,0,-23,S,5c:62:8b:66:67:d2"
1791490788.797,"B,4576,10,72:3b:01:24:b7:c8,56,2,0,0,-17,S,5c:62:8b:66:67:d2"
1791490788.797,"B,4676,10,b2:db:ca:e6:29:a6,56,2,0,0,-22,S,5c:62:8b:66:67:d2"
1791490788.797,"B,4676,10,5c:62:8b:66:67:d2,0,0,4981,8,-48,A,5c:62:8b:66:67:d2"
1791490788.797,"B,4676,10,46:88:44:6e:4f:e4,4925,6,0,0,-23,S,5c:62:8b:66:67:d2"
1791490789.000,"B,4776,10,b2:db:ca:e6:29:a6,56,2,0,0,-20,S,5c:62:8b:66:67:d2"
1791490789.000,"B,4776,10,5c:62:8b:66:67:d2,0,0,4859,15,-48,A,5c:62:8b:66:67:d2"
1791490789.000,"B,4776,10,46:88:44:6e:4f:e4,4607,6,0,0,-23,S,5c:62:8b:66:67:d2"
1791490789.000,"B,4776,10,72:3b:01:24:b7:c8,196,7,0,0,-18,S,5c:62:8b:66:67:d2"
1791490789.000,"B,4876,10,b2:db:ca:e6:29:a6,84,3,0,0,-21,S,5c:62:8b:66:67:d2"
1791490789.000,"B,4876,10,5c:62:8b:66:67:d2,0,0,5701,16,-48,A,5c:62:8b:66:67:d2"
1791490789.000,"B,4876,10,46:88:44:6e:4f:e4,5561,11,0,0,-23,S,5c:62:8b:66:67:d2"
1791490789.000,"B,4876,10,72:3b:01:24:b7:c8,56,2,0,0,-17,S,5c:62:8b:66:67:d2"
1791490789.204,"B,4976,10,b2:db:ca:e6:29:a6,56,2,0,0,-22,S,5c:62:8b:66:67:d2"
1791490789.204,"B,4976,10,5c:62:8b:66:67:d2,0,0,9639,17,-47,A,5c:62:8b:66:67:d2"
1791490789.204,"B,4976,10,46:88:44:6e:4f:e4,9443,10,0,0,-24,S,5c:62:8b:66:67:d2"
1791490789.204,"B,4976,10,72:3b:01:24:b7:c8,140,5,0,0,-18,S,5c:62:8b:66:67:d2"
1791490789.204,"B,5076,10,b2:db:ca:e6:29:a6,56,2,0,0,-21,S,5c:62:8b:66:67:d2"
1791490789.204,"B,5076,10,5c:62:8b:66:67:d2,0,0,5101,13,-49,A,5c:62:8b:66:67:d2"
1791490789.204,"B,5076,10,46:88:44:6e:4f:e4,4933,7,0,0,-23,S,5c:62:8b:66:67:d2"
1791490789.204,"B,5076,10,72:3b:01:24:b7:c8,112,4,0,0,-20,S,5c:62:8b:66:67:d2"
1791490789.204,"I,5078,stat,rx=868,drops=0,ch=10,bin=100,hop=0,heap=203064"
1791490789.405,"A,5113,10,8a:ce:16:78:6f:dc,-92,wizzwtf"
1791490789.405,"B,5176,10,b2:db:ca:e6:29:a6,28,1,0,0,-21,S,5c:62:8b:66:67:d2"
1791490789.405,"B,5176,10,5c:62:8b:66:67:d2,0,0,1134,6,-48,A,5c:62:8b:66:67:d2"
1791490789.405,"B,5176,10,46:88:44:6e:4f:e4,1050,3,0,0,-23,S,5c:62:8b:66:67:d2"
1791490789.405,"B,5176,10,72:3b:01:24:b7:c8,56,2,0,0,-18,S,5c:62:8b:66:67:d2"
1791490789.405,"B,5276,10,b2:db:ca:e6:29:a6,28,1,0,0,-22,S,5c:62:8b:66:67:d2"
1791490789.405,"B,5276,10,5c:62:8b:66:67:d2,0,0,4969,10,-48,A,5c:62:8b:66:67:d2"
1791490789.405,"B,5276,10,46:88:44:6e:4f:e4,4885,7,0,0,-22,S,5c:62:8b:66:67:d2"
1791490789.405,"B,5276,10,72:3b:01:24:b7:c8,56,2,0,0,-18,S,5c:62:8b:66:67:d2"
1791490789.605,"B,5376,10,b2:db:ca:e6:29:a6,84,3,0,0,-21,S,5c:62:8b:66:67:d2"
1791490789.605,"B,5376,10,5c:62:8b:66:67:d2,0,0,5619,20,-49,A,5c:62:8b:66:67:d2"
1791490789.605,"B,5376,10,46:88:44:6e:4f:e4,5283,8,0,0,-22,S,5c:62:8b:66:67:d2"
1791490789.605,"B,5376,10,72:3b:01:24:b7:c8,252,9,0,0,-17,S,5c:62:8b:66:67:d2"
1791490789.605,"B,5476,10,b2:db:ca:e6:29:a6,56,2,0,0,-21,S,5c:62:8b:66:67:d2"
1791490789.605,"B,5476,10,5c:62:8b:66:67:d2,0,0,5041,11,-48,A,5c:62:8b:66:67:d2"
1791490789.605,"B,5476,10,46:88:44:6e:4f:e4,4929,7,0,0,-22,S,5c:62:8b:66:67:d2"
1791490789.605,"B,5476,10,72:3b:01:24:b7:c8,56,2,0,0,-18,S,5c:62:8b:66:67:d2"
1791490789.809,"B,5576,10,b2:db:ca:e6:29:a6,56,2,0,0,-22,S,5c:62:8b:66:67:d2"
1791490789.809,"B,5576,10,5c:62:8b:66:67:d2,0,0,5141,12,-48,A,5c:62:8b:66:67:d2"
1791490789.809,"B,5576,10,46:88:44:6e:4f:e4,5001,7,0,0,-23,S,5c:62:8b:66:67:d2"
1791490789.809,"B,5576,10,72:3b:01:24:b7:c8,84,3,0,0,-18,S,5c:62:8b:66:67:d2"
1791490789.809,"B,5676,10,b2:db:ca:e6:29:a6,56,2,0,0,-21,S,5c:62:8b:66:67:d2"
1791490789.809,"B,5676,10,5c:62:8b:66:67:d2,0,0,6491,11,-47,A,5c:62:8b:66:67:d2"
1791490789.809,"B,5676,10,46:88:44:6e:4f:e4,6407,8,0,0,-23,S,5c:62:8b:66:67:d2"
1791490789.809,"B,5676,10,72:3b:01:24:b7:c8,28,1,0,0,-17,S,5c:62:8b:66:67:d2"
1791490790.014,"B,5776,10,b2:db:ca:e6:29:a6,84,3,0,0,-21,S,5c:62:8b:66:67:d2"
1791490790.014,"B,5776,10,5c:62:8b:66:67:d2,0,0,1302,12,-48,A,5c:62:8b:66:67:d2"
1791490790.014,"B,5776,10,46:88:44:6e:4f:e4,1050,3,0,0,-23,S,5c:62:8b:66:67:d2"
1791490790.014,"B,5776,10,72:3b:01:24:b7:c8,168,6,0,0,-18,S,5c:62:8b:66:67:d2"
1791490790.014,"B,5876,10,b2:db:ca:e6:29:a6,56,2,0,0,-22,S,5c:62:8b:66:67:d2"
1791490790.014,"B,5876,10,5c:62:8b:66:67:d2,0,0,5209,15,-48,A,5c:62:8b:66:67:d2"
1791490790.014,"B,5876,10,46:88:44:6e:4f:e4,4985,7,0,0,-23,S,5c:62:8b:66:67:d2"
1791490790.014,"B,5876,10,72:3b:01:24:b7:c8,168,6,0,0,-17,S,5c:62:8b:66:67:d2"
1791490790.217,"B,5976,10,b2:db:ca:e6:29:a6,56,2,0,0,-21,S,5c:62:8b:66:67:d2"
1791490790.217,"B,5976,10,5c:62:8b:66:67:d2,0,0,5539,15,-49,A,5c:62:8b:66:67:d2"
1791490790.217,"B,5976,10,46:88:44:6e:4f:e4,5343,8,0,0,-23,S,5c:62:8b:66:67:d2"
1791490790.217,"B,5976,10,72:3b:01:24:b7:c8,140,5,0,0,-17,S,5c:62:8b:66:67:d2"
1791490790.217,"B,6076,10,b2:db:ca:e6:29:a6,56,2,0,0,-22,S,5c:62:8b:66:67:d2"
1791490790.217,"B,6076,10,5c:62:8b:66:67:d2,0,0,10022,20,-48,A,5c:62:8b:66:67:d2"
1791490790.217,"B,6076,10,46:88:44:6e:4f:e4,9742,10,0,0,-23,S,5c:62:8b:66:67:d2"
1791490790.217,"B,6076,10,72:3b:01:24:b7:c8,224,8,0,0,-17,S,5c:62:8b:66:67:d2"
1791490790.422,"B,6176,10,b2:db:ca:e6:29:a6,56,2,0,0,-20,S,5c:62:8b:66:67:d2"
1791490790.422,"B,6176,10,5c:62:8b:66:67:d2,1400,4,5129,11,-49,A,5c:62:8b:66:67:d2"
1791490790.422,"B,6176,10,46:88:44:6e:4f:e4,5017,7,0,0,-24,S,5c:62:8b:66:67:d2"
1791490790.422,"B,6176,10,72:3b:01:24:b7:c8,56,2,1400,4,-18,S,5c:62:8b:66:67:d2"
1791490790.422,"B,6276,10,b2:db:ca:e6:29:a6,28,1,0,0,-20,S,5c:62:8b:66:67:d2"
1791490790.422,"B,6276,10,5c:62:8b:66:67:d2,0,0,5463,12,-48,A,5c:62:8b:66:67:d2"
1791490790.422,"B,6276,10,46:88:44:6e:4f:e4,5351,8,0,0,-24,S,5c:62:8b:66:67:d2"
1791490790.422,"B,6276,10,72:3b:01:24:b7:c8,84,3,0,0,-17,S,5c:62:8b:66:67:d2"
1791490790.625,"B,6376,10,b2:db:ca:e6:29:a6,56,2,0,0,-22,S,5c:62:8b:66:67:d2"
1791490790.625,"B,6376,10,5c:62:8b:66:67:d2,0,0,1302,12,-48,A,5c:62:8b:66:67:d2"
1791490790.625,"B,6376,10,46:88:44:6e:4f:e4,1078,4,0,0,-24,S,5c:62:8b:66:67:d2"
1791490790.625,"B,6376,10,72:3b:01:24:b7:c8,168,6,0,0,-18,S,5c:62:8b:66:67:d2"
1791490790.625,"B,6476,10,b2:db:ca:e6:29:a6,28,1,0,0,-21,S,5c:62:8b:66:67:d2"
1791490790.625,"B,6476,10,5c:62:8b:66:67:d2,0,0,5455,11,-48,A,5c:62:8b:66:67:d2"
1791490790.625,"B,6476,10,46:88:44:6e:4f:e4,5343,7,0,0,-24,S,5c:62:8b:66:67:d2"
1791490790.625,"B,6476,10,72:3b:01:24:b7:c8,84,3,0,0,-18,S,5c:62:8b:66:67:d2"
1791490790.827,"B,6576,10,5c:62:8b:66:67:d2,0,0,5081,10,-48,A,5c:62:8b:66:67:d2"
1791490790.827,"B,6576,10,46:88:44:6e:4f:e4,4997,7,0,0,-23,S,5c:62:8b:66:67:d2"
1791490790.827,"B,6576,10,72:3b:01:24:b7:c8,84,3,0,0,-18,S,5c:62:8b:66:67:d2"
1791490790.827,"B,6676,10,b2:db:ca:e6:29:a6,56,2,0,0,-21,S,5c:62:8b:66:67:d2"
1791490790.827,"B,6676,10,5c:62:8b:66:67:d2,0,0,5165,13,-48,A,5c:62:8b:66:67:d2"
1791490790.827,"B,6676,10,46:88:44:6e:4f:e4,4997,7,0,0,-23,S,5c:62:8b:66:67:d2"
1791490790.827,"B,6676,10,72:3b:01:24:b7:c8,112,4,0,0,-18,S,5c:62:8b:66:67:d2"
1791490791.031,"B,6776,10,b2:db:ca:e6:29:a6,56,2,0,0,-22,S,5c:62:8b:66:67:d2"
1791490791.031,"B,6776,10,5c:62:8b:66:67:d2,0,0,4763,11,-48,A,5c:62:8b:66:67:d2"
1791490791.031,"B,6776,10,78:8c:b5:f5:e7:26,88,1,0,0,-75,A,78:8c:b5:f5:e7:26"
1791490791.031,"B,6776,10,46:88:44:6e:4f:e4,4623,6,0,0,-23,S,5c:62:8b:66:67:d2"
1791490791.031,"B,6776,10,72:3b:01:24:b7:c8,84,3,0,0,-18,S,5c:62:8b:66:67:d2"
1791490791.031,"B,6876,10,5c:62:8b:66:67:d2,0,0,7043,9,-48,A,5c:62:8b:66:67:d2"
1791490791.031,"B,6876,10,46:88:44:6e:4f:e4,7043,9,0,0,-24,S,5c:62:8b:66:67:d2"
1791490791.031,"B,6876,10,8a:ce:16:78:6f:dc,0,0,392,14,-92,A,8a:ce:16:78:6f:dc"
1791490791.031,"B,6876,10,d2:cf:53:d5:b8:26,392,14,0,0,-91,S,8a:ce:16:78:6f:dc"
1791490791.232,"B,6976,10,b2:db:ca:e6:29:a6,28,1,0,0,-21,S,5c:62:8b:66:67:d2"
1791490791.232,"B,6976,10,5c:62:8b:66:67:d2,0,0,1078,4,-48,A,5c:62:8b:66:67:d2"
1791490791.232,"B,6976,10,46:88:44:6e:4f:e4,1050,3,0,0,-24,S,5c:62:8b:66:67:d2"
1791490791.232,"B,6976,10,8a:ce:16:78:6f:dc,0,0,896,32,0,A,8a:ce:16:78:6f:dc"
1791490791.232,"B,6976,10,d2:cf:53:d5:b8:26,896,32,0,0,-90,S,8a:ce:16:78:6f:dc"
1791490791.232,"B,7076,10,b2:db:ca:e6:29:a6,56,2,0,0,-21,S,5c:62:8b:66:67:d2"
1791490791.232,"B,7076,10,5c:62:8b:66:67:d2,0,0,5451,13,0,A,5c:62:8b:66:67:d2"
1791490791.232,"B,7076,10,78:8c:b5:f5:e7:26,80,1,0,0,-77,A,78:8c:b5:f5:e7:26"
1791490791.232,"B,7076,10,46:88:44:6e:4f:e4,5311,8,0,0,-24,S,5c:62:8b:66:67:d2"
1791490791.232,"B,7076,10,72:3b:01:24:b7:c8,84,3,0,0,-18,S,5c:62:8b:66:67:d2"
1791490791.432,"B,7176,10,b2:db:ca:e6:29:a6,56,2,0,0,-21,S,5c:62:8b:66:67:d2"
1791490791.432,"B,7176,10,5c:62:8b:66:67:d2,0,0,5077,14,-48,A,5c:62:8b:66:67:d2"
1791490791.432,"B,7176,10,78:8c:b5:f5:e7:26,0,0,30,1,0,A,78:8c:b5:f5:e7:26"
1791490791.432,"B,7176,10,46:88:44:6e:4f:e4,4881,7,0,0,-24,S,5c:62:8b:66:67:d2"
1791490791.432,"B,7176,10,72:3b:01:24:b7:c8,140,5,0,0,-18,S,5c:62:8b:66:67:d2"
1791490791.432,"B,7176,10,a6:4c:bd:b6:c7:99,30,1,0,0,-90,S,78:8c:b5:f5:e7:26"
1791490791.432,"B,7276,10,b2:db:ca:e6:29:a6,56,2,0,0,-21,S,5c:62:8b:66:67:d2"
1791490791.432,"B,7276,10,5c:62:8b:66:67:d2,0,0,8673,14,-49,A,5c:62:8b:66:67:d2"
1791490791.432,"B,7276,10,46:88:44:6e:4f:e4,8617,12,0,0,-24,S,5c:62:8b:66:67:d2"
1791490791.635,"B,7376,10,b2:db:ca:e6:29:a6,28,1,0,0,-23,S,5c:62:8b:66:67:d2"
1791490791.635,"B,7376,10,5c:62:8b:66:67:d2,0,0,5089,15,-49,A,5c:62:8b:66:67:d2"
1791490791.635,"B,7376,10,78:8c:b5:f5:e7:26,0,0,30,1,-76,A,78:8c:b5:f5:e7:26"
1791490791.635,"B,7376,10,46:88:44:6e:4f:e4,4865,7,0,0,-24,S,5c:62:8b:66:67:d2"
1791490791.635,"B,7376,10,72:3b:01:24:b7:c8,196,7,0,0,-18,S,5c:62:8b:66:67:d2"
1791490791.635,"B,7376,10,a6:4c:bd:b6:c7:99,30,1,0,0,-89,S,78:8c:b5:f5:e7:26"
1791490791.635,"B,7476,10,b2:db:ca:e6:29:a6,84,3,0,0,-21,S,5c:62:8b:66:67:d2"
1791490791.635,"B,7476,10,5c:62:8b:66:67:d2,0,0,5213,18,-48,A,5c:62:8b:66:67:d2"
1791490791.635,"B,7476,10,78:8c:b5:f5:e7:26,0,0,30,1,-75,A,78:8c:b5:f5:e7:26"
1791490791.635,"B,7476,10,46:88:44:6e:4f:e4,4905,7,0,0,-24,S,5c:62:8b:66:67:d2"
1791490791.635,"B,7476,10,72:3b:01:24:b7:c8,224,8,0,0,-18,S,5c:62:8b:66:67:d2"
1791490791.635,"B,7476,10,a6:4c:bd:b6:c7:99,30,1,0,0,-88,S,78:8c:b5:f5:e7:26"
1791490791.840,"B,7576,10,b2:db:ca:e6:29:a6,28,1,0,0,-22,S,5c:62:8b:66:67:d2"
1791490791.840,"B,7576,10,5c:62:8b:66:67:d2,0,0,5013,10,-49,A,5c:62:8b:66:67:d2"
1791490791.840,"B,7576,10,46:88:44:6e:4f:e4,4929,7,0,0,-24,S,5c:62:8b:66:67:d2"
1791490791.840,"B,7576,10,72:3b:01:24:b7:c8,56,2,0,0,-17,S,5c:62:8b:66:67:d2"
1791490791.840,"B,7676,10,b2:db:ca:e6:29:a6,56,2,0,0,-22,S,5c:62:8b:66:67:d2"
1791490791.840,"B,7676,10,5c:62:8b:66:67:d2,0,0,1596,11,-48,A,5c:62:8b:66:67:d2"
1791490791.840,"B,7676,10,46:88:44:6e:4f:e4,1400,4,0,0,-24,S,5c:62:8b:66:67:d2"
1791490791.840,"B,7676,10,72:3b:01:24:b7:c8,140,5,0,0,-18,S,5c:62:8b:66:67:d2"
1791490791.840,"B,7676,10,8a:ce:16:78:6f:dc,0,0,168,6,0,A,8a:ce:16:78:6f:dc"
1791490791.840,"B,7676,10,d2:cf:53:d5:b8:26,168,6,0,0,-91,S,8a:ce:16:78:6f:dc"
1791490792.045,"B,7776,10,b2:db:ca:e6:29:a6,56,2,0,0,-21,S,5c:62:8b:66:67:d2"
1791490792.045,"B,7776,10,5c:62:8b:66:67:d2,0,0,6661,10,-49,A,5c:62:8b:66:67:d2"
1791490792.045,"B,7776,10,78:8c:b5:f5:e7:26,0,0,30,1,-75,A,78:8c:b5:f5:e7:26"
1791490792.045,"B,7776,10,46:88:44:6e:4f:e4,6605,8,0,0,-24,S,5c:62:8b:66:67:d2"
1791490792.045,"B,7776,10,a6:4c:bd:b6:c7:99,30,1,0,0,-86,S,78:8c:b5:f5:e7:26"
1791490792.045,"B,7776,10,8a:ce:16:78:6f:dc,0,0,1176,42,0,A,8a:ce:16:78:6f:dc"
1791490792.045,"B,7776,10,d2:cf:53:d5:b8:26,1176,42,0,0,-90,S,8a:ce:16:78:6f:dc"
1791490792.045,"B,7876,10,b2:db:ca:e6:29:a6,56,2,0,0,-21,S,5c:62:8b:66:67:d2"
1791490792.045,"B,7876,10,5c:62:8b:66:67:d2,0,0,5427,13,-48,A,5c:62:8b:66:67:d2"
1791490792.045,"B,7876,10,78:8c:b5:f5:e7:26,0,0,30,1,0,A,78:8c:b5:f5:e7:26"
1791490792.045,"B,7876,10,46:88:44:6e:4f:e4,5287,8,0,0,-23,S,5c:62:8b:66:67:d2"
1791490792.045,"B,7876,10,72:3b:01:24:b7:c8,84,3,0,0,-18,S,5c:62:8b:66:67:d2"
1791490792.045,"B,7876,10,a6:4c:bd:b6:c7:99,30,1,0,0,-88,S,78:8c:b5:f5:e7:26"
1791490792.249,"B,7976,10,b2:db:ca:e6:29:a6,56,2,0,0,-23,S,5c:62:8b:66:67:d2"
1791490792.249,"B,7976,10,5c:62:8b:66:67:d2,0,0,5089,12,-48,A,5c:62:8b:66:67:d2"
1791490792.249,"B,7976,10,46:88:44:6e:4f:e4,4949,7,0,0,-23,S,5c:62:8b:66:67:d2"
1791490792.249,"B,7976,10,72:3b:01:24:b7:c8,84,3,0,0,-17,S,5c:62:8b:66:67:d2"
1791490792.249,"B,8076,10,b2:db:ca:e6:29:a6,28,1,0,0,-21,S,5c:62:8b:66:67:d2"
1791490792.249,"B,8076,10,5c:62:8b:66:67:d2,0,0,924,10,-48,A,5c:62:8b:66:67:d2"
1791490792.249,"B,8076,10,78:8c:b5:f5:e7:26,80,1,30,1,-79,A,78:8c:b5:f5:e7:26"
1791490792.249,"B,8076,10,46:88:44:6e:4f:e4,728,3,0,0,-22,S,5c:62:8b:66:67:d2"
1791490792.249,"B,8076,10,72:3b:01:24:b7:c8,168,6,0,0,-18,S,5c:62:8b:66:67:d2"
1791490792.249,"B,8076,10,a6:4c:bd:b6:c7:99,30,1,0,0,-86,S,78:8c:b5:f5:e7:26"
1791490792.455,"B,8176,10,b2:db:ca:e6:29:a6,56,2,0,0,-21,S,5c:62:8b:66:67:d2"
1791490792.455,"B,8176,10,5c:62:8b:66:67:d2,0,0,6901,14,-48,A,5c:62:8b:66:67:d2"
1791490792.455,"B,8176,10,46:88:44:6e:4f:e4,6761,9,0,0,-24,S,5c:62:8b:66:67:d2"
1791490792.455,"B,8176,10,72:3b:01:24:b7:c8,84,3,0,0,-18,S,5c:62:8b:66:67:d2"
1791490792.455,"B,8276,10,b2:db:ca:e6:29:a6,56,2,0,0,-23,S,5c:62:8b:66:67:d2"
1791490792.455,"B,8276,10,5c:62:8b:66:67:d2,0,0,5173,15,-49,A,5c:62:8b:66:67:d2"
1791490792.455,"B,8276,10,78:8c:b5:f5:e7:26,0,0,30,1,-72,A,78:8c:b5:f5:e7:26"
1791490792.455,"B,8276,10,46:88:44:6e:4f:e4,4921,6,0,0,-24,S,5c:62:8b:66:67:d2"
1791490792.455,"B,8276,10,72:3b:01:24:b7:c8,196,7,0,0,-17,S,5c:62:8b:66:67:d2"
1791490792.455,"B,8276,10,a6:4c:bd:b6:c7:99,30,1,0,0,-87,S,78:8c:b5:f5:e7:26"
1791490792.659,"B,8376,10,b2:db:ca:e6:29:a6,56,2,0,0,-21,S,5c:62:8b:66:67:d2"
1791490792.659,"B,8376,10,5c:62:8b:66:67:d2,0,0,5487,14,-48,A,5c:62:8b:66:67:d2"
1791490792.659,"B,8376,10,78:8c:b5:f5:e7:26,0,0,60,2,-77,A,78:8c:b5:f5:e7:26"
1791490792.659,"B,8376,10,46:88:44:6e:4f:e4,5319,8,0,0,-24,S,5c:62:8b:66:67:d2"
1791490792.659,"B,8376,10,72:3b:01:24:b7:c8,112,4,0,0,-18,S,5c:62:8b:66:67:d2"
1791490792.659,"B,8376,10,a6:4c:bd:b6:c7:99,60,2,0,0,-88,S,78:8c:b5:f5:e7:26"
1791490792.659,"B,8476,10,b2:db:ca:e6:29:a6,56,2,0,0,-21,S,5c:62:8b:66:67:d2"
1791490792.659,"B,8476,10,5c:62:8b:66:67:d2,0,0,7073,12,-48,A,5c:62:8b:66:67:d2"
1791490792.659,"B,8476,10,78:8c:b5:f5:e7:26,0,0,30,1,0,A,78:8c:b5:f5:e7:26"
1791490792.659,"B,8476,10,46:88:44:6e:4f:e4,6989,9,0,0,-24,S,5c:62:8b:66:67:d2"
1791490792.659,"B,8476,10,72:3b:01:24:b7:c8,28,1,0,0,-18,S,5c:62:8b:66:67:d2"
1791490792.659,"B,8476,10,a6:4c:bd:b6:c7:99,30,1,0,0,-88,S,78:8c:b5:f5:e7:26"
1791490792.859,"B,8576,10,b2:db:ca:e6:29:a6,112,4,0,0,-21,S,5c:62:8b:66:67:d2"
1791490792.859,"B,8576,10,5c:62:8b:66:67:d2,0,0,5201,16,-48,A,5c:62:8b:66:67:d2"
1791490792.859,"B,8576,10,46:88:44:6e:4f:e4,4949,7,0,0,-24,S,5c:62:8b:66:67:d2"
1791490792.859,"B,8576,10,72:3b:01:24:b7:c8,140,5,0,0,-17,S,5c:62:8b:66:67:d2"
1791490792.859,"B,8576,10,8a:ce:16:78:6f:dc,0,0,1680,60,0,A,8a:ce:16:78:6f:dc"
1791490792.859,"B,8576,10,d2:cf:53:d5:b8:26,1680,60,0,0,-90,S,8a:ce:16:78:6f:dc"
1791490792.859,"B,8676,10,5c:62:8b:66:67:d2,0,0,5391,12,-48,A,5c:62:8b:66:67:d2"
1791490792.859,"B,8676,10,46:88:44:6e:4f:e4,5279,8,0,0,-24,S,5c:62:8b:66:67:d2"
1791490792.859,"B,8676,10,72:3b:01:24:b7:c8,112,4,0,0,-18,S,5c:62:8b:66:67:d2"
1791490793.061,"B,8776,10,b2:db:ca:e6:29:a6,56,2,0,0,-21,S,5c:62:8b:66:67:d2"
1791490793.061,"B,8776,10,5c:62:8b:66:67:d2,0,0,1134,6,-49,A,5c:62:8b:66:67:d2"
1791490793.061,"B,8776,10,46:88:44:6e:4f:e4,1050,3,0,0,-24,S,5c:62:8b:66:67:d2"
1791490793.061,"B,8776,10,72:3b:01:24:b7:c8,28,1,0,0,-18,S,5c:62:8b:66:67:d2"
1791490793.061,"B,8876,10,b2:db:ca:e6:29:a6,84,3,0,0,-22,S,5c:62:8b:66:67:d2"
1791490793.061,"B,8876,10,5c:62:8b:66:67:d2,0,0,5141,12,-48,A,5c:62:8b:66:67:d2"
1791490793.061,"B,8876,10,46:88:44:6e:4f:e4,5001,7,0,0,-24,S,5c:62:8b:66:67:d2"
1791490793.061,"B,8876,10,72:3b:01:24:b7:c8,56,2,0,0,-18,S,5c:62:8b:66:67:d2"
1791490793.265,"B,8976,10,b2:db:ca:e6:29:a6,56,2,0,0,-22,S,5c:62:8b:66:67:d2"
1791490793.265,"B,8976,10,5c:62:8b:66:67:d2,0,0,5261,18,-48,A,5c:62:8b:66:67:d2"
1791490793.265,"B,8976,10,46:88:44:6e:4f:e4,4953,7,0,0,-24,S,5c:62:8b:66:67:d2"
1791490793.265,"B,8976,10,72:3b:01:24:b7:c8,252,9,0,0,-18,S,5c:62:8b:66:67:d2"
1791490793.265,"B,9076,10,b2:db:ca:e6:29:a6,28,1,0,0,-21,S,5c:62:8b:66:67:d2"
1791490793.265,"B,9076,10,5c:62:8b:66:67:d2,0,0,5105,11,-48,A,5c:62:8b:66:67:d2"
1791490793.265,"B,9076,10,78:8c:b5:f5:e7:26,0,0,30,1,-74,A,78:8c:b5:f5:e7:26"
1791490793.265,"B,9076,10,46:88:44:6e:4f:e4,4993,7,0,0,-24,S,5c:62:8b:66:67:d2"
1791490793.265,"B,9076,10,72:3b:01:24:b7:c8,84,3,0,0,-18,S,5c:62:8b:66:67:d2"
1791490793.265,"B,9076,10,a6:4c:bd:b6:c7:99,30,1,0,0,-89,S,78:8c:b5:f5:e7:26"
1791490793.471,"B,9176,10,b2:db:ca:e6:29:a6,28,1,0,0,-21,S,5c:62:8b:66:67:d2"
1791490793.471,"B,9176,10,5c:62:8b:66:67:d2,0,0,5692,15,-48,A,5c:62:8b:66:67:d2"
1791490793.471,"B,9176,10,46:88:44:6e:4f:e4,5468,7,0,0,-23,S,5c:62:8b:66:67:d2"
1791490793.471,"B,9176,10,72:3b:01:24:b7:c8,196,7,0,0,-18,S,5c:62:8b:66:67:d2"
1791490793.471,"B,9276,10,b2:db:ca:e6:29:a6,56,2,0,0,-21,S,5c:62:8b:66:67:d2"
1791490793.471,"B,9276,10,5c:62:8b:66:67:d2,0,0,5061,11,-48,A,5c:62:8b:66:67:d2"
1791490793.471,"B,9276,10,46:88:44:6e:4f:e4,4949,7,0,0,-23,S,5c:62:8b:66:67:d2"
1791490793.471,"B,9276,10,72:3b:01:24:b7:c8,56,2,0,0,-18,S,5c:62:8b:66:67:d2"
1791490793.675,"B,9376,10,b2:db:ca:e6:29:a6,84,3,0,0,-20,S,5c:62:8b:66:67:d2"
1791490793.675,"B,9376,10,5c:62:8b:66:67:d2,0,0,1358,14,-49,A,5c:62:8b:66:67:d2"
1791490793.675,"B,9376,10,46:88:44:6e:4f:e4,1078,4,0,0,-22,S,5c:62:8b:66:67:d2"
1791490793.675,"B,9376,10,72:3b:01:24:b7:c8,196,7,0,0,-18,S,5c:62:8b:66:67:d2"
1791490793.675,"B,9376,10,8a:ce:16:78:6f:dc,0,0,1036,37,0,A,8a:ce:16:78:6f:dc"
1791490793.675,"B,9376,10,d2:cf:53:d5:b8:26,1036,37,0,0,-91,S,8a:ce:16:78:6f:dc"
1791490793.675,"B,9476,10,5c:62:8b:66:67:d2,0,0,5507,13,-49,A,5c:62:8b:66:67:d2"
1791490793.675,"B,9476,10,78:8c:b5:f5:e7:26,0,0,144,2,-75,A,78:8c:b5:f5:e7:26"
1791490793.675,"B,9476,10,46:88:44:6e:4f:e4,5339,7,0,0,-24,S,5c:62:8b:66:67:d2"
1791490793.675,"B,9476,10,72:3b:01:24:b7:c8,168,6,0,0,-18,S,5c:62:8b:66:67:d2"
1791490793.675,"B,9476,10,a6:4c:bd:b6:c7:99,144,2,0,0,-89,S,78:8c:b5:f5:e7:26"
1791490793.675,"B,9476,10,8a:ce:16:78:6f:dc,0,0,112,4,0,A,8a:ce:16:78:6f:dc"
1791490793.675,"B,9476,10,d2:cf:53:d5:b8:26,112,4,0,0,-90,S,8a:ce:16:78:6f:dc"
1791490793.878,"B,9576,10,b2:db:ca:e6:29:a6,84,3,0,0,-20,S,5c:62:8b:66:67:d2"
1791490793.878,"B,9576,10,5c:62:8b:66:67:d2,0,0,5205,14,-48,A,5c:62:8b:66:67:d2"
1791490793.878,"B,9576,10,46:88:44:6e:4f:e4,5009,7,0,0,-24,S,5c:62:8b:66:67:d2"
1791490793.878,"B,9576,10,72:3b:01:24:b7:c8,112,4,0,0,-17,S,5c:62:8b:66:67:d2"
1791490793.878,"B,9676,10,b2:db:ca:e6:29:a6,84,3,0,0,-21,S,5c:62:8b:66:67:d2"
1791490793.878,"B,9676,10,5c:62:8b:66:67:d2,828,6,5297,17,-50,A,5c:62:8b:66:67:d2"
1791490793.878,"B,9676,10,46:88:44:6e:4f:e4,5017,7,828,6,-24,S,5c:62:8b:66:67:d2"
1791490793.878,"B,9676,10,72:3b:01:24:b7:c8,196,7,0,0,-18,S,5c:62:8b:66:67:d2"
1791490793.878,"B,9676,10,80:af:ca:68:4c:f8,560,4,0,0,-86,A,80:af:ca:68:4c:f8"
1791490794.080,"B,9776,10,b2:db:ca:e6:29:a6,106,1,0,0,-20,S,5c:62:8b:66:67:d2"
1791490794.080,"B,9776,10,5c:62:8b:66:67:d2,0,0,5159,11,-49,A,5c:62:8b:66:67:d2"
1791490794.080,"B,9776,10,46:88:44:6e:4f:e4,4969,7,0,0,-24,S,5c:62:8b:66:67:d2"
1791490794.080,"B,9776,10,72:3b:01:24:b7:c8,84,3,0,0,-17,S,5c:62:8b:66:67:d2"
1791490794.080,"B,9776,10,80:af:ca:68:4c:f8,140,1,0,0,-86,A,80:af:ca:68:4c:f8"
1791490794.080,"B,9876,10,b2:db:ca:e6:29:a6,84,3,0,0,-20,S,5c:62:8b:66:67:d2"
1791490794.080,"B,9876,10,5c:62:8b:66:67:d2,0,0,5645,16,-49,A,5c:62:8b:66:67:d2"
1791490794.080,"B,9876,10,46:88:44:6e:4f:e4,5449,9,0,0,-24,S,5c:62:8b:66:67:d2"
1791490794.080,"B,9876,10,72:3b:01:24:b7:c8,112,4,0,0,-17,S,5c:62:8b:66:67:d2"
1791490794.280,"B,9976,10,b2:db:ca:e6:29:a6,56,2,0,0,-22,S,5c:62:8b:66:67:d2"
1791490794.280,"B,9976,10,5c:62:8b:66:67:d2,0,0,1246,10,-48,A,5c:62:8b:66:67:d2"
1791490794.280,"B,9976,10,46:88:44:6e:4f:e4,1050,3,0,0,-24,S,5c:62:8b:66:67:d2"
1791490794.280,"B,9976,10,72:3b:01:24:b7:c8,140,5,0,0,-17,S,5c:62:8b:66:67:d2"
1791490794.280,"B,9976,10,80:af:ca:68:4c:f8,295,1,0,0,-87,A,80:af:ca:68:4c:f8"
1791490794.280,"B,10076,10,b2:db:ca:e6:29:a6,28,1,0,0,-23,S,5c:62:8b:66:67:d2"
1791490794.280,"B,10076,10,5c:62:8b:66:67:d2,0,0,5109,12,-48,A,5c:62:8b:66:67:d2"
1791490794.280,"B,10076,10,46:88:44:6e:4f:e4,4969,7,0,0,-24,S,5c:62:8b:66:67:d2"
1791490794.280,"B,10076,10,72:3b:01:24:b7:c8,112,4,0,0,-17,S,5c:62:8b:66:67:d2"
1791490794.280,"I,10081,stat,rx=1868,drops=0,ch=10,bin=100,hop=0,heap=203064"
1791490794.280,"B,10176,10,b2:db:ca:e6:29:a6,56,2,0,0,-21,S,5c:62:8b:66:67:d2"
1791490794.280,"B,10176,10,5c:62:8b:66:67:d2,0,0,6168,15,-49,A,5c:62:8b:66:67:d2"
1791490794.280,"B,10176,10,46:88:44:6e:4f:e4,5972,8,0,0,-24,S,5c:62:8b:66:67:d2"
1791490794.481,"B,10176,10,72:3b:01:24:b7:c8,140,5,0,0,-18,S,5c:62:8b:66:67:d2"
1791490794.481,"B,10176,10,8a:ce:16:78:6f:dc,0,0,980,35,0,A,8a:ce:16:78:6f:dc"
1791490794.481,"B,10176,10,d2:cf:53:d5:b8:26,980,35,0,0,-91,S,8a:ce:16:78:6f:dc"
1791490794.481,"B,10276,10,b2:db:ca:e6:29:a6,56,2,0,0,-23,S,5c:62:8b:66:67:d2"
1791490794.481,"B,10276,10,5c:62:8b:66:67:d2,0,0,5085,14,-48,A,5c:62:8b:66:67:d2"
1791490794.481,"B,10276,10,46:88:44:6e:4f:e4,4889,7,0,0,-24,S,5c:62:8b:66:67:d2"
1791490794.481,"B,10276,10,72:3b:01:24:b7:c8,140,5,0,0,-18,S,5c:62:8b:66:67:d2"
1791490794.481,"B,10276,10,8a:ce:16:78:6f:dc,0,0,532,19,0,A,8a:ce:16:78:6f:dc"
1791490794.481,"B,10276,10,d2:cf:53:d5:b8:26,532,19,0,0,-90,S,8a:ce:16:78:6f:dc"
1791490794.681,"B,10376,10,b2:db:ca:e6:29:a6,56,2,0,0,-21,S,5c:62:8b:66:67:d2"
1791490794.681,"B,10376,10,5c:62:8b:66:67:d2,0,0,5355,12,-48,A,5c:62:8b:66:67:d2"
1791490794.681,"B,10376,10,46:88:44:6e:4f:e4,5243,8,0,0,-24,S,5c:62:8b:66:67:d2"
1791490794.681,"B,10376,10,72:3b:01:24:b7:c8,56,2,0,0,-18,S,5c:62:8b:66:67:d2"
1791490794.681,"B,10476,10,5c:62:8b:66:67:d2,0,0,3795,12,-48,A,5c:62:8b:66:67:d2"
1791490794.681,"B,10476,10,46:88:44:6e:4f:e4,3627,6,0,0,-23,S,5c:62:8b:66:67:d2"
1791490794.681,"B,10476,10,72:3b:01:24:b7:c8,168,6,0,0,-18,S,5c:62:8b:66:67:d2"
1791490794.681,"B,10576,10,b2:db:ca:e6:29:a6,28,1,0,0,-21,S,5c:62:8b:66:67:d2"
1791490794.681,"B,10576,10,5c:62:8b:66:67:d2,0,0,2492,9,-49,A,5c:62:8b:66:67:d2"
1791490794.881,"B,10576,10,46:88:44:6e:4f:e4,2352,4,0,0,-24,S,5c:62:8b:66:67:d2"
1791490794.881,"B,10576,10,72:3b:01:24:b7:c8,112,4,0,0,-18,S,5c:62:8b:66:67:d2"
1791490794.881,"B,10676,10,5c:62:8b:66:67:d2,0,0,3711,9,-49,A,5c:62:8b:66:67:d2"
1791490794.881,"B,10676,10,46:88:44:6e:4f:e4,3627,6,0,0,-23,S,5c:62:8b:66:67:d2"
1791490794.881,"B,10676,10,72:3b:01:24:b7:c8,84,3,0,0,-18,S,5c:62:8b:66:67:d2"
1791490794.881,"B,10776,10,5c:62:8b:66:67:d2,0,0,5041,11,-48,A,5c:62:8b:66:67:d2"
1791490794.881,"B,10776,10,46:88:44:6e:4f:e4,4929,7,0,0,-23,S,5c:62:8b:66:67:d2"
1791490794.881,"B,10776,10,72:3b:01:24:b7:c8,112,4,0,0,-17,S,5c:62:8b:66:67:d2"
1791490795.082,"B,10876,10,5c:62:8b:66:67:d2,0,0,4985,10,-48,A,5c:62:8b:66:67:d2"
1791490795.082,"B,10876,10,46:88:44:6e:4f:e4,4901,7,0,0,-24,S,5c:62:8b:66:67:d2"
1791490795.082,"B,10876,10,72:3b:01:24:b7:c8,84,3,0,0,-17,S,5c:62:8b:66:67:d2"
1791490795.082,"B,10976,10,5c:62:8b:66:67:d2,0,0,5033,12,-48,A,5c:62:8b:66:67:d2"
1791490795.082,"B,10976,10,46:88:44:6e:4f:e4,4893,7,0,0,-24,S,5c:62:8b:66:67:d2"
1791490795.082,"B,10976,10,72:3b:01:24:b7:c8,140,5,0,0,-18,S,5c:62:8b:66:67:d2"
1791490795.282,"B,10976,10,8a:ce:16:78:6f:dc,0,0,84,3,0,A,8a:ce:16:78:6f:dc"
1791490795.282,"B,10976,10,d2:cf:53:d5:b8:26,84,3,0,0,-91,S,8a:ce:16:78:6f:dc"
1791490795.282,"B,11076,10,5c:62:8b:66:67:d2,0,0,4201,15,-48,A,5c:62:8b:66:67:d2"
1791490795.282,"B,11076,10,46:88:44:6e:4f:e4,3977,7,0,0,-24,S,5c:62:8b:66:67:d2"
1791490795.282,"B,11076,10,72:3b:01:24:b7:c8,224,8,0,0,-17,S,5c:62:8b:66:67:d2"
1791490795.282,"B,11076,10,8a:ce:16:78:6f:dc,0,0,840,30,0,A,8a:ce:16:78:6f:dc"
1791490795.282,"B,11076,10,d2:cf:53:d5:b8:26,840,30,0,0,-89,S,8a:ce:16:78:6f:dc"
1791490795.282,"B,11176,10,5c:62:8b:66:67:d2,0,0,2086,6,-49,A,5c:62:8b:66:67:d2"
1791490795.282,"B,11176,10,46:88:44:6e:4f:e4,2002,3,0,0,-24,S,5c:62:8b:66:67:d2"
1791490795.282,"B,11176,10,72:3b:01:24:b7:c8,84,3,0,0,-18,S,5c:62:8b:66:67:d2"
1791490795.483,"B,11276,10,5c:62:8b:66:67:d2,0,0,4973,10,-49,A,5c:62:8b:66:67:d2"
1791490795.483,"B,11276,10,46:88:44:6e:4f:e4,4889,7,0,0,-24,S,5c:62:8b:66:67:d2"
1791490795.483,"B,11276,10,72:3b:01:24:b7:c8,84,3,0,0,-17,S,5c:62:8b:66:67:d2"
1791490795.483,"B,11376,10,5c:62:8b:66:67:d2,0,0,3663,15,0,A,5c:62:8b:66:67:d2"
1791490795.483,"B,11376,10,46:88:44:6e:4f:e4,3411,6,0,0,-24,S,5c:62:8b:66:67:d2"
1791490795.483,"B,11376,10,72:3b:01:24:b7:c8,252,9,0,0,-18,S,5c:62:8b:66:67:d2"
1791490795.684,"B,11476,10,5c:62:8b:66:67:d2,0,0,5411,13,-48,A,5c:62:8b:66:67:d2"
1791490795.684,"B,11476,10,46:88:44:6e:4f:e4,5271,8,0,0,-24,S,5c:62:8b:66:67:d2"
1791490795.684,"B,11476,10,72:3b:01:24:b7:c8,140,5,0,0,-18,S,5c:62:8b:66:67:d2"
1791490795.684,"B,11576,10,5c:62:8b:66:67:d2,0,0,4686,14,-48,A,5c:62:8b:66:67:d2"
1791490795.684,"B,11576,10,46:88:44:6e:4f:e4,4490,7,0,0,-24,S,5c:62:8b:66:67:d2"
1791490795.684,"B,11576,10,72:3b:01:24:b7:c8,196,7,0,0,-18,S,5c:62:8b:66:67:d2"
1791490795.884,"B,11676,10,5c:62:8b:66:67:d2,0,0,2583,10,-49,A,5c:62:8b:66:67:d2"
1791490795.884,"B,11676,10,46:88:44:6e:4f:e4,2471,6,0,0,-24,S,5c:62:8b:66:67:d2"
1791490795.884,"B,11676,10,72:3b:01:24:b7:c8,112,4,0,0,-18,S,5c:62:8b:66:67:d2"
1791490795.884,"B,11776,10,5c:62:8b:66:67:d2,0,0,4140,12,-47,A,5c:62:8b:66:67:d2"
1791490795.884,"B,11776,10,46:88:44:6e:4f:e4,3972,6,0,0,-24,S,5c:62:8b:66:67:d2"
1791490795.884,"B,11776,10,72:3b:01:24:b7:c8,168,6,0,0,-17,S,5c:62:8b:66:67:d2"
1791490795.884,"B,11776,10,8a:ce:16:78:6f:dc,0,0,224,8,0,A,8a:ce:16:78:6f:dc"
1791490795.884,"B,11776,10,d2:cf:53:d5:b8:26,224,8,0,0,-91,S,8a:ce:16:78:6f:dc"
1791490796.086,"B,11876,10,5c:62:8b:66:67:d2,0,0,5069,13,-49,A,5c:62:8b:66:67:d2"
1791490796.086,"B,11876,10,46:88:44:6e:4f:e4,4901,7,0,0,-23,S,5c:62:8b:66:67:d2"
1791490796.086,"B,11876,10,72:3b:01:24:b7:c8,168,6,0,0,-17,S,5c:62:8b:66:67:d2"
1791490796.086,"B,11876,10,8a:ce:16:78:6f:dc,0,0,1288,46,0,A,8a:ce:16:78:6f:dc"
1791490796.086,"B,11876,10,d2:cf:53:d5:b8:26,1288,46,0,0,-90,S,8a:ce:16:78:6f:dc"
1791490796.086,"B,11976,10,5c:62:8b:66:67:d2,0,0,4965,10,-48,A,5c:62:8b:66:67:d2"
1791490796.086,"B,11976,10,46:88:44:6e:4f:e4,4881,7,0,0,-23,S,5c:62:8b:66:67:d2"
1791490796.086,"B,11976,10,72:3b:01:24:b7:c8,84,3,0,0,-18,S,5c:62:8b:66:67:d2"
1791490796.287,"B,12076,10,5c:62:8b:66:67:d2,0,0,5105,13,-48,A,5c:62:8b:66:67:d2"
1791490796.287,"B,12076,10,46:88:44:6e:4f:e4,4937,7,0,0,-23,S,5c:62:8b:66:67:d2"
1791490796.287,"B,12076,10,72:3b:01:24:b7:c8,168,6,0,0,-17,S,5c:62:8b:66:67:d2"
1791490796.287,"B,12176,10,5c:62:8b:66:67:d2,0,0,5257,17,-48,A,5c:62:8b:66:67:d2"
1791490796.287,"B,12176,10,46:88:44:6e:4f:e4,4977,7,0,0,-24,S,5c:62:8b:66:67:d2"
1791490796.287,"B,12176,10,72:3b:01:24:b7:c8,280,10,0,0,-17,S,5c:62:8b:66:67:d2"
1791490796.488,"B,12276,10,b2:db:ca:e6:29:a6,28,1,0,0,-21,S,5c:62:8b:66:67:d2"
1791490796.488,"B,12276,10,5c:62:8b:66:67:d2,0,0,1218,9,-48,A,5c:62:8b:66:67:d2"
1791490796.488,"B,12276,10,46:88:44:6e:4f:e4,1078,4,0,0,-24,S,5c:62:8b:66:67:d2"
1791490796.488,"B,12276,10,72:3b:01:24:b7:c8,112,4,0,0,-18,S,5c:62:8b:66:67:d2"
1791490796.488,"B,12376,10,b2:db:ca:e6:29:a6,56,2,0,0,-22,S,5c:62:8b:66:67:d2"
1791490796.488,"B,12376,10,5c:62:8b:66:67:d2,0,0,6091,13,-48,A,5c:62:8b:66:67:d2"
1791490796.488,"B,12376,10,46:88:44:6e:4f:e4,5979,9,0,0,-24,S,5c:62:8b:66:67:d2"
1791490796.488,"B,12376,10,72:3b:01:24:b7:c8,56,2,0,0,-18,S,5c:62:8b:66:67:d2"
1791490796.690,"B,12476,10,b2:db:ca:e6:29:a6,56,2,0,0,-22,S,5c:62:8b:66:67:d2"
1791490796.690,"B,12476,10,5c:62:8b:66:67:d2,0,0,5305,22,-48,A,5c:62:8b:66:67:d2"
1791490796.690,"B,12476,10,46:88:44:6e:4f:e4,4885,7,0,0,-24,S,5c:62:8b:66:67:d2"
1791490796.690,"B,12476,10,72:3b:01:24:b7:c8,364,13,0,0,-17,S,5c:62:8b:66:67:d2"
1791490796.690,"B,12576,10,b2:db:ca:e6:29:a6,56,2,0,0,-21,S,5c:62:8b:66:67:d2"
1791490796.690,"B,12576,10,5c:62:8b:66:67:d2,0,0,5625,11,-49,A,5c:62:8b:66:67:d2"
1791490796.690,"B,12576,10,46:88:44:6e:4f:e4,5569,9,0,0,-24,S,5c:62:8b:66:67:d2"
1791490796.892,"B,12676,10,b2:db:ca:e6:29:a6,56,2,0,0,-21,S,5c:62:8b:66:67:d2"
1791490796.892,"B,12676,10,5c:62:8b:66:67:d2,0,0,3547,10,-49,A,5c:62:8b:66:67:d2"
1791490796.892,"B,12676,10,46:88:44:6e:4f:e4,3407,5,0,0,-24,S,5c:62:8b:66:67:d2"
1791490796.892,"B,12676,10,72:3b:01:24:b7:c8,84,3,0,0,-18,S,5c:62:8b:66:67:d2"
1791490796.892,"B,12676,10,8a:ce:16:78:6f:dc,0,0,1596,57,0,A,8a:ce:16:78:6f:dc"
1791490796.892,"B,12676,10,d2:cf:53:d5:b8:26,1596,57,0,0,-91,S,8a:ce:16:78:6f:dc"
1791490796.892,"B,12776,10,b2:db:ca:e6:29:a6,56,2,0,0,-23,S,5c:62:8b:66:67:d2"
1791490796.892,"B,12776,10,5c:62:8b:66:67:d2,0,0,840,7,-48,A,5c:62:8b:66:67:d2"
1791490796.892,"B,12776,10,46:88:44:6e:4f:e4,728,3,0,0,-24,S,5c:62:8b:66:67:d2"
1791490796.892,"B,12776,10,72:3b:01:24:b7:c8,56,2,0,0,-18,S,5c:62:8b:66:67:d2"
1791490797.093,"B,12876,10,b2:db:ca:e6:29:a6,56,2,0,0,-21,S,5c:62:8b:66:67:d2"
1791490797.093,"B,12876,10,5c:62:8b:66:67:d2,0,0,6426,14,-49,A,5c:62:8b:66:67:d2"
1791490797.093,"B,12876,10,46:88:44:6e:4f:e4,6286,9,0,0,-24,S,5c:62:8b:66:67:d2"
1791490797.093,"B,12876,10,72:3b:01:24:b7:c8,84,3,0,0,-17,S,5c:62:8b:66:67:d2"
1791490797.093,"B,12976,10,b2:db:ca:e6:29:a6,56,2,0,0,-23,S,5c:62:8b:66:67:d2"
1791490797.093,"B,12976,10,5c:62:8b:66:67:d2,0,0,4150,16,-50,A,5c:62:8b:66:67:d2"
1791490797.093,"B,12976,10,46:88:44:6e:4f:e4,3842,5,0,0,-24,S,5c:62:8b:66:67:d2"
1791490797.093,"B,12976,10,72:3b:01:24:b7:c8,252,9,0,0,-17,S,5c:62:8b:66:67:d2"
1791490797.296,"B,13076,10,b2:db:ca:e6:29:a6,84,3,0,0,-21,S,5c:62:8b:66:67:d2"
1791490797.296,"B,13076,10,5c:62:8b:66:67:d2,0,0,5101,13,-48,A,5c:62:8b:66:67:d2"
1791490797.296,"B,13076,10,46:88:44:6e:4f:e4,4933,7,0,0,-24,S,5c:62:8b:66:67:d2"
1791490797.296,"B,13076,10,72:3b:01:24:b7:c8,84,3,0,0,-17,S,5c:62:8b:66:67:d2"
1791490797.296,"B,13176,10,b2:db:ca:e6:29:a6,28,1,0,0,-21,S,5c:62:8b:66:67:d2"
1791490797.296,"B,13176,10,5c:62:8b:66:67:d2,0,0,5037,11,-48,A,5c:62:8b:66:67:d2"
1791490797.296,"B,13176,10,46:88:44:6e:4f:e4,4925,7,0,0,-23,S,5c:62:8b:66:67:d2"
1791490797.296,"B,13176,10,72:3b:01:24:b7:c8,84,3,0,0,-18,S,5c:62:8b:66:67:d2"
1791490797.499,"B,13276,10,5c:62:8b:66:67:d2,0,0,5197,15,-49,A,5c:62:8b:66:67:d2"
1791490797.499,"B,13276,10,46:88:44:6e:4f:e4,4973,7,0,0,-23,S,5c:62:8b:66:67:d2"
1791490797.499,"B,13276,10,72:3b:01:24:b7:c8,224,8,0,0,-17,S,5c:62:8b:66:67:d2"
1791490797.499,"B,13376,10,b2:db:ca:e6:29:a6,28,1,0,0,-23,S,5c:62:8b:66:67:d2"
1791490797.499,"B,13376,10,5c:62:8b:66:67:d2,0,0,5141,14,-48,A,5c:62:8b:66:67:d2"
1791490797.499,"B,13376,10,46:88:44:6e:4f:e4,4945,7,0,0,-23,S,5c:62:8b:66:67:d2"
1791490797.499,"B,13376,10,72:3b:01:24:b7:c8,168,6,0,0,-18,S,5c:62:8b:66:67:d2"
1791490797.703,"B,13476,10,5c:62:8b:66:67:d2,0,0,952,11,-48,A,5c:62:8b:66:67:d2"
1791490797.703,"B,13476,10,46:88:44:6e:4f:e4,728,3,0,0,-24,S,5c:62:8b:66:67:d2"
1791490797.703,"B,13476,10,72:3b:01:24:b7:c8,224,8,0,0,-17,S,5c:62:8b:66:67:d2"
1791490797.703,"B,13476,10,8a:ce:16:78:6f:dc,0,0,1120,40,0,A,8a:ce:16:78:6f:dc"
1791490797.703,"B,13476,10,d2:cf:53:d5:b8:26,1120,40,0,0,-90,S,8a:ce:16:78:6f:dc"
1791490797.703,"B,13576,10,5c:62:8b:66:67:d2,0,0,4611,9,-48,A,5c:62:8b:66:67:d2"
1791490797.703,"B,13576,10,46:88:44:6e:4f:e4,4499,5,0,0,-24,S,5c:62:8b:66:67:d2"
1791490797.703,"B,13576,10,72:3b:01:24:b7:c8,112,4,0,0,-18,S,5c:62:8b:66:67:d2"
1791490797.703,"B,13576,10,8a:ce:16:78:6f:dc,0,0,252,9,0,A,8a:ce:16:78:6f:dc"
1791490797.703,"B,13576,10,d2:cf:53:d5:b8:26,252,9,0,0,-90,S,8a:ce:16:78:6f:dc"
1791490797.904,"B,13676,10,5c:62:8b:66:67:d2,0,0,5375,11,-48,A,5c:62:8b:66:67:d2"
1791490797.904,"B,13676,10,46:88:44:6e:4f:e4,5291,8,0,0,-24,S,5c:62:8b:66:67:d2"
1791490797.904,"B,13676,10,72:3b:01:24:b7:c8,84,3,0,0,-18,S,5c:62:8b:66:67:d2"
1791490797.904,"B,13776,10,5c:62:8b:66:67:d2,0,0,5117,13,-48,A,5c:62:8b:66:67:d2"
1791490797.904,"B,13776,10,46:88:44:6e:4f:e4,4977,8,0,0,-24,S,5c:62:8b:66:67:d2"
1791490797.904,"B,13776,10,72:3b:01:24:b7:c8,140,5,0,0,-17,S,5c:62:8b:66:67:d2"
1791490798.109,"B,13876,10,5c:62:8b:66:67:d2,0,0,6387,13,-49,A,5c:62:8b:66:67:d2"
1791490798.109,"B,13876,10,46:88:44:6e:4f:e4,6275,9,0,0,-24,S,5c:62:8b:66:67:d2"
1791490798.109,"B,13876,10,72:3b:01:24:b7:c8,112,4,0,0,-17,S,5c:62:8b:66:67:d2"
1791490798.109,"B,13976,10,5c:62:8b:66:67:d2,0,0,4973,8,-49,A,5c:62:8b:66:67:d2"
1791490798.109,"B,13976,10,46:88:44:6e:4f:e4,4945,7,0,0,-24,S,5c:62:8b:66:67:d2"
1791490798.109,"B,13976,10,72:3b:01:24:b7:c8,28,1,0,0,-18,S,5c:62:8b:66:67:d2"
1791490798.310,"B,14076,10,5c:62:8b:66:67:d2,0,0,1134,6,-48,A,5c:62:8b:66:67:d2"
1791490798.310,"B,14076,10,46:88:44:6e:4f:e4,1050,3,0,0,-24,S,5c:62:8b:66:67:d2"
1791490798.310,"B,14076,10,72:3b:01:24:b7:c8,84,3,0,0,-18,S,5c:62:8b:66:67:d2"
1791490798.310,"B,14176,10,5c:62:8b:66:67:d2,0,0,9604,15,-48,A,5c:62:8b:66:67:d2"
1791490798.310,"B,14176,10,46:88:44:6e:4f:e4,9520,12,0,0,-24,S,5c:62:8b:66:67:d2"
1791490798.310,"B,14176,10,72:3b:01:24:b7:c8,84,3,0,0,-18,S,5c:62:8b:66:67:d2"
1791490798.516,"B,14276,10,5c:62:8b:66:67:d2,0,0,1834,8,-48,A,5c:62:8b:66:67:d2"
1791490798.516,"B,14276,10,46:88:44:6e:4f:e4,1750,5,0,0,-24,S,5c:62:8b:66:67:d2"
1791490798.516,"B,14276,10,72:3b:01:24:b7:c8,84,3,0,0,-18,S,5c:62:8b:66:67:d2"
1791490798.516,"B,14276,10,8a:ce:16:78:6f:dc,0,0,812,29,0,A,8a:ce:16:78:6f:dc"
1791490798.516,"B,14276,10,d2:cf:53:d5:b8:26,812,29,0,0,-89,S,8a:ce:16:78:6f:dc"
1791490798.516,"B,14376,10,5c:62:8b:66:67:d2,0,0,5165,14,-49,A,5c:62:8b:66:67:d2"
1791490798.516,"B,14376,10,46:88:44:6e:4f:e4,4969,7,0,0,-24,S,5c:62:8b:66:67:d2"
1791490798.516,"B,14376,10,72:3b:01:24:b7:c8,196,7,0,0,-18,S,5c:62:8b:66:67:d2"
1791490798.516,"B,14376,10,8a:ce:16:78:6f:dc,0,0,420,15,0,A,8a:ce:16:78:6f:dc"
1791490798.516,"B,14376,10,d2:cf:53:d5:b8:26,420,15,0,0,-89,S,8a:ce:16:78:6f:dc"
1791490798.716,"B,14476,10,b2:db:ca:e6:29:a6,84,3,0,0,-21,S,5c:62:8b:66:67:d2"
1791490798.716,"B,14476,10,5c:62:8b:66:67:d2,0,0,5069,14,-48,A,5c:62:8b:66:67:d2"
1791490798.716,"B,14476,10,46:88:44:6e:4f:e4,4873,7,0,0,-23,S,5c:62:8b:66:67:d2"
1791490798.716,"B,14476,10,72:3b:01:24:b7:c8,112,4,0,0,-18,S,5c:62:8b:66:67:d2"
1791490798.716,"B,14576,10,b2:db:ca:e6:29:a6,56,2,0,0,-22,S,5c:62:8b:66:67:d2"
1791490798.716,"B,14576,10,5c:62:8b:66:67:d2,0,0,5161,16,-49,A,5c:62:8b:66:67:d2"
1791490798.716,"B,14576,10,46:88:44:6e:4f:e4,4909,7,0,0,-23,S,5c:62:8b:66:67:d2"
1791490798.716,"B,14576,10,72:3b:01:24:b7:c8,196,7,0,0,-18,S,5c:62:8b:66:67:d2"
1791490798.921,"B,14676,10,5c:62:8b:66:67:d2,966,7,1302,12,-51,A,5c:62:8b:66:67:d2"
1791490798.921,"B,14676,10,46:88:44:6e:4f:e4,1050,3,966,7,-24,S,5c:62:8b:66:67:d2"
1791490798.921,"B,14676,10,72:3b:01:24:b7:c8,252,9,0,0,-17,S,5c:62:8b:66:67:d2"
1791490798.921,"B,14776,10,b2:db:ca:e6:29:a6,112,4,0,0,-21,S,5c:62:8b:66:67:d2"
1791490798.921,"B,14776,10,5c:62:8b:66:67:d2,0,0,6663,16,-48,A,5c:62:8b:66:67:d2"
1791490798.921,"B,14776,10,46:88:44:6e:4f:e4,6439,8,0,0,-23,S,5c:62:8b:66:67:d2"
1791490798.921,"B,14776,10,72:3b:01:24:b7:c8,112,4,0,0,-17,S,5c:62:8b:66:67:d2"
1791490799.125,"B,14876,10,b2:db:ca:e6:29:a6,28,1,0,0,-21,S,5c:62:8b:66:67:d2"
1791490799.125,"B,14876,10,5c:62:8b:66:67:d2,0,0,3795,12,-49,A,5c:62:8b:66:67:d2"
1791490799.125,"B,14876,10,78:8c:b5:f5:e7:26,0,0,30,1,-76,A,78:8c:b5:f5:e7:26"
1791490799.125,"B,14876,10,46:88:44:6e:4f:e4,3627,6,0,0,-24,S,5c:62:8b:66:67:d2"
1791490799.125,"B,14876,10,72:3b:01:24:b7:c8,140,5,0,0,-17,S,5c:62:8b:66:67:d2"
1791490799.125,"B,14876,10,a6:4c:bd:b6:c7:99,30,1,0,0,-89,S,78:8c:b5:f5:e7:26"
1791490799.125,"B,14976,10,b2:db:ca:e6:29:a6,56,2,0,0,-21,S,5c:62:8b:66:67:d2"
1791490799.125,"B,14976,10,5c:62:8b:66:67:d2,0,0,5215,15,-48,A,5c:62:8b:66:67:d2"
1791490799.125,"B,14976,10,46:88:44:6e:4f:e4,5019,8,0,0,-24,S,5c:62:8b:66:67:d2"
1791490799.125,"B,14976,10,72:3b:01:24:b7:c8,140,5,0,0,-17,S,5c:62:8b:66:67:d2"
1791490799.330,"B,15076,10,b2:db:ca:e6:29:a6,134,2,0,0,-20,S,5c:62:8b:66:67:d2"
1791490799.330,"B,15076,10,5c:62:8b:66:67:d2,0,0,6548,14,-48,A,5c:62:8b:66:67:d2"
1791490799.330,"B,15076,10,46:88:44:6e:4f:e4,6330,9,0,0,-24,S,5c:62:8b:66:67:d2"
1791490799.330,"B,15076,10,72:3b:01:24:b7:c8,84,3,0,0,-17,S,5c:62:8b:66:67:d2"
1791490799.330,"B,15076,10,8a:ce:16:78:6f:dc,0,0,420,15,0,A,8a:ce:16:78:6f:dc"
1791490799.330,"B,15076,10,d2:cf:53:d5:b8:26,420,15,0,0,-89,S,8a:ce:16:78:6f:dc"
1791490799.330,"I,15081,stat,rx=2967,drops=0,ch=10,bin=100,hop=0,heap=203064"
1791490799.330,"B,15176,10,b2:db:ca:e6:29:a6,84,3,0,0,-21,S,5c:62:8b:66:67:d2"
1791490799.330,"B,15176,10,5c:62:8b:66:67:d2,0,0,4110,12,-48,A,5c:62:8b:66:67:d2"
1791490799.330,"B,15176,10,46:88:44:6e:4f:e4,3942,6,0,0,-24,S,5c:62:8b:66:67:d2"
1791490799.330,"B,15176,10,72:3b:01:24:b7:c8,84,3,0,0,-17,S,5c:62:8b:66:67:d2"
1791490799.330,"B,15176,10,8a:ce:16:78:6f:dc,0,0,700,25,0,A,8a:ce:16:78:6f:dc"
1791490799.330,"B,15176,10,d2:cf:53:d5:b8:26,700,25,0,0,-87,S,8a:ce:16:78:6f:dc"
1791490799.535,"B,15276,10,b2:db:ca:e6:29:a6,56,2,0,0,-21,S,5c:62:8b:66:67:d2"
1791490799.535,"B,15276,10,5c:62:8b:66:67:d2,0,0,5129,14,-49,A,5c:62:8b:66:67:d2"
1791490799.535,"B,15276,10,46:88:44:6e:4f:e4,4933,7,0,0,-24,S,5c:62:8b:66:67:d2"
1791490799.535,"B,15276,10,72:3b:01:24:b7:c8,140,5,0,0,-17,S,5c:62:8b:66:67:d2"
1791490799.535,"B,15376,10,b2:db:ca:e6:29:a6,134,2,0,0,-20,S,5c:62:8b:66:67:d2"
1791490799.535,"B,15376,10,5c:62:8b:66:67:d2,0,0,1296,9,-48,A,5c:62:8b:66:67:d2"
1791490799.535,"B,15376,10,46:88:44:6e:4f:e4,1050,3,0,0,-24,S,5c:62:8b:66:67:d2"
1791490799.535,"B,15376,10,72:3b:01:24:b7:c8,112,4,0,0,-17,S,5c:62:8b:66:67:d2"
1791490799.740,"B,15476,10,b2:db:ca:e6:29:a6,56,2,0,0,-22,S,5c:62:8b:66:67:d2"
1791490799.740,"B,15476,10,5c:62:8b:66:67:d2,0,0,5021,10,-48,A,5c:62:8b:66:67:d2"
1791490799.740,"B,15476,10,46:88:44:6e:4f:e4,4937,7,0,0,-24,S,5c:62:8b:66:67:d2"
1791490799.740,"B,15476,10,72:3b:01:24:b7:c8,28,1,0,0,-17,S,5c:62:8b:66:67:d2"
1791490799.740,"B,15576,10,b2:db:ca:e6:29:a6,56,2,0,0,-22,S,5c:62:8b:66:67:d2"
1791490799.740,"B,15576,10,5c:62:8b:66:67:d2,0,0,5037,12,0,A,5c:62:8b:66:67:d2"
1791490799.740,"B,15576,10,46:88:44:6e:4f:e4,4897,7,0,0,-24,S,5c:62:8b:66:67:d2"
1791490799.740,"B,15576,10,72:3b:01:24:b7:c8,84,3,0,0,-18,S,5c:62:8b:66:67:d2"
1791490799.944,"B,15676,10,b2:db:ca:e6:29:a6,28,1,0,0,-23,S,5c:62:8b:66:67:d2"
1791490799.944,"B,15676,10,5c:62:8b:66:67:d2,0,0,5133,16,-48,A,5c:62:8b:66:67:d2"
1791490799.944,"B,15676,10,46:88:44:6e:4f:e4,4881,7,0,0,-24,S,5c:62:8b:66:67:d2"
1791490799.944,"B,15676,10,72:3b:01:24:b7:c8,224,8,0,0,-17,S,5c:62:8b:66:67:d2"
1791490799.944,"A,15757,10,00:eb:d8:11:99:9d,-64,"
1791490799.944,"B,15776,10,b2:db:ca:e6:29:a6,56,2,0,0,-20,S,5c:62:8b:66:67:d2"
1791490799.944,"B,15776,10,5c:62:8b:66:67:d2,0,0,2345,13,-48,A,5c:62:8b:66:67:d2"
1791490799.944,"B,15776,10,78:8c:b5:f5:e7:26,0,0,30,1,-76,A,78:8c:b5:f5:e7:26"
1791490799.944,"B,15776,10,46:88:44:6e:4f:e4,2121,5,0,0,-23,S,5c:62:8b:66:67:d2"
1791490799.944,"B,15776,10,72:3b:01:24:b7:c8,168,6,0,0,-18,S,5c:62:8b:66:67:d2"
1791490799.944,"B,15776,10,a6:4c:bd:b6:c7:99,30,1,0,0,-91,S,78:8c:b5:f5:e7:26"
1791490800.147,"B,15876,10,b2:db:ca:e6:29:a6,28,1,0,0,-21,S,5c:62:8b:66:67:d2"
1791490800.147,"B,15876,10,5c:62:8b:66:67:d2,0,0,4734,13,-48,A,5c:62:8b:66:67:d2"
1791490800.147,"B,15876,10,78:8c:b5:f5:e7:26,0,0,30,1,-77,A,78:8c:b5:f5:e7:26"
1791490800.147,"B,15876,10,46:88:44:6e:4f:e4,4594,8,0,0,-23,S,5c:62:8b:66:67:d2"
1791490800.147,"B,15876,10,72:3b:01:24:b7:c8,112,4,0,0,-17,S,5c:62:8b:66:67:d2"
1791490800.147,"B,15876,10,a6:4c:bd:b6:c7:99,30,1,0,0,-89,S,78:8c:b5:f5:e7:26"
1791490800.147,"B,15876,10,8a:ce:16:78:6f:dc,0,0,392,14,0,A,8a:ce:16:78:6f:dc"
1791490800.147,"B,15876,10,d2:cf:53:d5:b8:26,392,14,0,0,-92,S,8a:ce:16:78:6f:dc"
1791490800.147,"A,15963,10,02:eb:d8:11:99:9d,-65,"
1791490800.147,"B,15976,10,b2:db:ca:e6:29:a6,56,2,0,0,-21,S,5c:62:8b:66:67:d2"
1791490800.147,"B,15976,10,5c:62:8b:66:67:d2,0,0,4759,12,-48,A,5c:62:8b:66:67:d2"
1791490800.147,"B,15976,10,78:8c:b5:f5:e7:26,0,0,30,1,-75,A,78:8c:b5:f5:e7:26"
1791490800.147,"B,15976,10,46:88:44:6e:4f:e4,4563,5,0,0,-24,S,5c:62:8b:66:67:d2"
1791490800.147,"B,15976,10,72:3b:01:24:b7:c8,140,5,0,0,-17,S,5c:62:8b:66:67:d2"
1791490800.147,"B,15976,10,a6:4c:bd:b6:c7:99,30,1,0,0,-88,S,78:8c:b5:f5:e7:26"
1791490800.147,"B,15976,10,8a:ce:16:78:6f:dc,0,0,1092,39,0,A,8a:ce:16:78:6f:dc"
1791490800.147,"B,15976,10,d2:cf:53:d5:b8:26,1092,39,0,0,-91,S,8a:ce:16:78:6f:dc"
1791490800.353,"B,16076,10,b2:db:ca:e6:29:a6,56,2,0,0,-22,S,5c:62:8b:66:67:d2"
1791490800.353,"B,16076,10,5c:62:8b:66:67:d2,0,0,4050,11,-48,A,5c:62:8b:66:67:d2"
1791490800.353,"B,16076,10,78:8c:b5:f5:e7:26,80,1,30,1,-78,A,78:8c:b5:f5:e7:26"
1791490800.353,"B,16076,10,46:88:44:6e:4f:e4,3910,6,0,0,-23,S,5c:62:8b:66:67:d2"
1791490800.353,"B,16076,10,72:3b:01:24:b7:c8,84,3,0,0,-17,S,5c:62:8b:66:67:d2"
1791490800.353,"B,16076,10,a6:4c:bd:b6:c7:99,30,1,0,0,-88,S,78:8c:b5:f5:e7:26"
1791490800.353,"B,16176,10,b2:db:ca:e6:29:a6,56,2,0,0,-21,S,5c:62:8b:66:67:d2"
1791490800.353,"B,16176,10,5c:62:8b:66:67:d2,0,0,5125,14,-48,A,5c:62:8b:66:67:d2"
1791490800.353,"B,16176,10,46:88:44:6e:4f:e4,4929,7,0,0,-24,S,5c:62:8b:66:67:d2"
1791490800.353,"B,16176,10,72:3b:01:24:b7:c8,140,5,0,0,-17,S,5c:62:8b:66:67:d2"
1791490800.556,"B,16276,10,b2:db:ca:e6:29:a6,28,1,0,0,-21,S,5c:62:8b:66:67:d2"
1791490800.556,"B,16276,10,5c:62:8b:66:67:d2,0,0,5069,12,-48,A,5c:62:8b:66:67:d2"
1791490800.556,"B,16276,10,46:88:44:6e:4f:e4,4929,7,0,0,-24,S,5c:62:8b:66:67:d2"
1791490800.556,"B,16276,10,72:3b:01:24:b7:c8,112,4,0,0,-17,S,5c:62:8b:66:67:d2"
1791490800.556,"B,16376,10,b2:db:ca:e6:29:a6,84,3,0,0,-22,S,5c:62:8b:66:67:d2"
1791490800.556,"B,16376,10,5c:62:8b:66:67:d2,0,0,5133,14,-48,A,5c:62:8b:66:67:d2"
1791490800.556,"B,16376,10,46:88:44:6e:4f:e4,4937,7,0,0,-24,S,5c:62:8b:66:67:d2"
1791490800.556,"B,16376,10,72:3b:01:24:b7:c8,112,4,0,0,-17,S,5c:62:8b:66:67:d2"
1791490800.759,"B,16476,10,b2:db:ca:e6:29:a6,28,1,0,0,-21,S,5c:62:8b:66:67:d2"
1791490800.759,"B,16476,10,5c:62:8b:66:67:d2,0,0,1106,5,-48,A,5c:62:8b:66:67:d2"
1791490800.759,"B,16476,10,46:88:44:6e:4f:e4,1078,4,0,0,-24,S,5c:62:8b:66:67:d2"
1791490800.759,"B,16576,10,5c:62:8b:66:67:d2,0,0,4993,10,-48,A,5c:62:8b:66:67:d2"
1791490800.759,"B,16576,10,46:88:44:6e:4f:e4,4909,7,0,0,-24,S,5c:62:8b:66:67:d2"
1791490800.759,"B,16576,10,72:3b:01:24:b7:c8,84,3,0,0,-17,S,5c:62:8b:66:67:d2"
1791490800.964,"B,16676,10,5c:62:8b:66:67:d2,0,0,5371,12,-48,A,5c:62:8b:66:67:d2"
1791490800.964,"B,16676,10,78:8c:b5:f5:e7:26,0,0,90,3,-75,A,78:8c:b5:f5:e7:26"
1791490800.964,"B,16676,10,46:88:44:6e:4f:e4,5231,7,0,0,-24,S,5c:62:8b:66:67:d2"
1791490800.964,"B,16676,10,72:3b:01:24:b7:c8,140,5,0,0,-16,S,5c:62:8b:66:67:d2"
1791490800.964,"B,16676,10,a6:4c:bd:b6:c7:99,90,3,0,0,-89,S,78:8c:b5:f5:e7:26"
1791490800.964,"B,16776,10,5c:62:8b:66:67:d2,0,0,5037,9,-48,A,5c:62:8b:66:67:d2"
1791490800.964,"B,16776,10,46:88:44:6e:4f:e4,4981,7,0,0,-24,S,5c:62:8b:66:67:d2"
1791490800.964,"B,16776,10,72:3b:01:24:b7:c8,56,2,0,0,-17,S,5c:62:8b:66:67:d2"
1791490800.964,"B,16776,10,8a:ce:16:78:6f:dc,0,0,1484,53,0,A,8a:ce:16:78:6f:dc"
1791490800.964,"B,16776,10,d2:cf:53:d5:b8:26,1484,53,0,0,-91,S,8a:ce:16:78:6f:dc"
1791490801.166,"B,16876,10,5c:62:8b:66:67:d2,0,0,4977,7,0,A,5c:62:8b:66:67:d2"
1791490801.166,"B,16876,10,46:88:44:6e:4f:e4,4977,7,0,0,-24,S,5c:62:8b:66:67:d2"
1791490801.166,"B,16976,10,b2:db:ca:e6:29:a6,28,1,0,0,-21,S,5c:62:8b:66:67:d2"
1791490801.166,"B,16976,10,5c:62:8b:66:67:d2,0,0,5101,11,-48,A,5c:62:8b:66:67:d2"
1791490801.166,"B,16976,10,78:8c:b5:f5:e7:26,0,0,60,2,-73,A,78:8c:b5:f5:e7:26"
1791490801.166,"B,16976,10,46:88:44:6e:4f:e4,4989,7,0,0,-24,S,5c:62:8b:66:67:d2"
1791490801.166,"B,16976,10,72:3b:01:24:b7:c8,84,3,0,0,-17,S,5c:62:8b:66:67:d2"
1791490801.166,"B,16976,10,a6:4c:bd:b6:c7:99,60,2,0,0,-90,S,78:8c:b5:f5:e7:26"
1791490801.367,"B,17076,10,b2:db:ca:e6:29:a6,56,2,0,0,-20,S,5c:62:8b:66:67:d2"
1791490801.367,"B,17076,10,5c:62:8b:66:67:d2,0,0,1162,7,-49,A,5c:62:8b:66:67:d2"
1791490801.367,"B,17076,10,78:8c:b5:f5:e7:26,0,0,30,1,-75,A,78:8c:b5:f5:e7:26"
1791490801.367,"B,17076,10,46:88:44:6e:4f:e4,1050,3,0,0,-24,S,5c:62:8b:66:67:d2"
1791490801.367,"B,17076,10,72:3b:01:24:b7:c8,56,2,0,0,-17,S,5c:62:8b:66:67:d2"
1791490801.367,"B,17076,10,a6:4c:bd:b6:c7:99,30,1,0,0,-87,S,78:8c:b5:f5:e7:26"
1791490801.367,"B,17176,10,b2:db:ca:e6:29:a6,56,2,0,0,-21,S,5c:62:8b:66:67:d2"
1791490801.367,"B,17176,10,5c:62:8b:66:67:d2,0,0,6583,11,-48,A,5c:62:8b:66:67:d2"
1791490801.367,"B,17176,10,78:8c:b5:f5:e7:26,0,0,60,2,0,A,78:8c:b5:f5:e7:26"
1791490801.367,"B,17176,10,46:88:44:6e:4f:e4,6499,8,0,0,-23,S,5c:62:8b:66:67:d2"
1791490801.367,"B,17176,10,72:3b:01:24:b7:c8,28,1,0,0,-17,S,5c:62:8b:66:67:d2"
1791490801.367,"B,17176,10,a6:4c:bd:b6:c7:99,60,2,0,0,-91,S,78:8c:b5:f5:e7:26"
1791490801.568,"B,17276,10,b2:db:ca:e6:29:a6,84,3,0,0,-21,S,5c:62:8b:66:67:d2"
1791490801.568,"B,17276,10,5c:62:8b:66:67:d2,0,0,5197,13,-48,A,5c:62:8b:66:67:d2"
1791490801.568,"B,17276,10,78:8c:b5:f5:e7:26,0,0,30,1,-75,A,78:8c:b5:f5:e7:26"
1791490801.568,"B,17276,10,46:88:44:6e:4f:e4,5029,7,0,0,-23,S,5c:62:8b:66:67:d2"
1791490801.568,"B,17276,10,72:3b:01:24:b7:c8,84,3,0,0,-17,S,5c:62:8b:66:67:d2"
1791490801.568,"B,17276,10,a6:4c:bd:b6:c7:99,30,1,0,0,-89,S,78:8c:b5:f5:e7:26"
1791490801.568,"B,17376,10,b2:db:ca:e6:29:a6,28,1,0,0,-23,S,5c:62:8b:66:67:d2"
1791490801.568,"B,17376,10,5c:62:8b:66:67:d2,0,0,5447,13,-49,A,5c:62:8b:66:67:d2"
1791490801.568,"B,17376,10,46:88:44:6e:4f:e4,5307,8,0,0,-23,S,5c:62:8b:66:67:d2"
1791490801.568,"B,17376,10,72:3b:01:24:b7:c8,112,4,0,0,-17,S,5c:62:8b:66:67:d2"
1791490801.773,"B,17476,10,5c:62:8b:66:67:d2,0,0,5245,15,-48,A,5c:62:8b:66:67:d2"
1791490801.773,"B,17476,10,78:8c:b5:f5:e7:26,0,0,30,1,-75,A,78:8c:b5:f5:e7:26"
1791490801.773,"B,17476,10,46:88:44:6e:4f:e4,5021,7,0,0,-24,S,5c:62:8b:66:67:d2"
1791490801.773,"B,17476,10,72:3b:01:24:b7:c8,224,8,0,0,-17,S,5c:62:8b:66:67:d2"
1791490801.773,"B,17476,10,a6:4c:bd:b6:c7:99,30,1,0,0,-86,S,78:8c:b5:f5:e7:26"
1791490801.773,"B,17576,10,b2:db:ca:e6:29:a6,28,1,0,0,-23,S,5c:62:8b:66:67:d2"
1791490801.773,"B,17576,10,5c:62:8b:66:67:d2,0,0,5117,11,-48,A,5c:62:8b:66:67:d2"
1791490801.773,"B,17576,10,78:8c:b5:f5:e7:26,0,0,30,1,-75,A,78:8c:b5:f5:e7:26"
1791490801.773,"B,17576,10,46:88:44:6e:4f:e4,5005,7,0,0,-24,S,5c:62:8b:66:67:d2"
1791490801.773,"B,17576,10,72:3b:01:24:b7:c8,84,3,0,0,-17,S,5c:62:8b:66:67:d2"
1791490801.773,"B,17576,10,a6:4c:bd:b6:c7:99,30,1,0,0,-88,S,78:8c:b5:f5:e7:26"
1791490801.975,"B,17676,10,5c:62:8b:66:67:d2,0,0,1568,10,-48,A,5c:62:8b:66:67:d2"
1791490801.975,"B,17676,10,46:88:44:6e:4f:e4,1428,5,0,0,-24,S,5c:62:8b:66:67:d2"
1791490801.975,"B,17676,10,72:3b:01:24:b7:c8,140,5,0,0,-17,S,5c:62:8b:66:67:d2"
1791490801.975,"B,17776,10,5c:62:8b:66:67:d2,0,0,4699,7,-48,A,5c:62:8b:66:67:d2"
1791490801.975,"B,17776,10,46:88:44:6e:4f:e4,4643,5,0,0,-24,S,5c:62:8b:66:67:d2"
1791490801.975,"B,17776,10,72:3b:01:24:b7:c8,56,2,0,0,-17,S,5c:62:8b:66:67:d2"
1791490802.179,"B,17876,10,b2:db:ca:e6:29:a6,28,1,0,0,-21,S,5c:62:8b:66:67:d2"
1791490802.179,"B,17876,10,5c:62:8b:66:67:d2,0,0,5563,14,-49,A,5c:62:8b:66:67:d2"
1791490802.179,"B,17876,10,46:88:44:6e:4f:e4,5395,8,0,0,-24,S,5c:62:8b:66:67:d2"
1791490802.179,"B,17876,10,72:3b:01:24:b7:c8,140,5,0,0,-17,S,5c:62:8b:66:67:d2"
1791490802.179,"B,17976,10,b2:db:ca:e6:29:a6,56,2,0,0,-21,S,5c:62:8b:66:67:d2"
1791490802.179,"B,17976,10,5c:62:8b:66:67:d2,0,0,5069,9,-48,A,5c:62:8b:66:67:d2"
1791490802.179,"B,17976,10,46:88:44:6e:4f:e4,5013,7,0,0,-24,S,5c:62:8b:66:67:d2"
1791490802.381,"B,18076,10,b2:db:ca:e6:29:a6,56,2,0,0,-21,S,5c:62:8b:66:67:d2"
1791490802.381,"B,18076,10,5c:62:8b:66:67:d2,0,0,5073,9,-49,A,5c:62:8b:66:67:d2"
1791490802.381,"B,18076,10,46:88:44:6e:4f:e4,5017,7,0,0,-24,S,5c:62:8b:66:67:d2"
1791490802.381,"B,18176,10,b2:db:ca:e6:29:a6,56,2,0,0,-23,S,5c:62:8b:66:67:d2"
1791490802.381,"B,18176,10,5c:62:8b:66:67:d2,0,0,5747,21,-49,A,5c:62:8b:66:67:d2"
1791490802.381,"B,18176,10,46:88:44:6e:4f:e4,5411,9,0,0,-24,S,5c:62:8b:66:67:d2"
1791490802.381,"B,18176,10,72:3b:01:24:b7:c8,280,10,0,0,-17,S,5c:62:8b:66:67:d2"
1791490802.581,"B,18276,10,b2:db:ca:e6:29:a6,56,2,0,0,-22,S,5c:62:8b:66:67:d2"
1791490802.581,"B,18276,10,5c:62:8b:66:67:d2,0,0,1106,5,-48,A,5c:62:8b:66:67:d2"
1791490802.581,"B,18276,10,46:88:44:6e:4f:e4,1050,3,0,0,-24,S,5c:62:8b:66:67:d2"
1791490802.581,"B,18376,10,b2:db:ca:e6:29:a6,28,1,0,0,-21,S,5c:62:8b:66:67:d2"
1791490802.581,"B,18376,10,5c:62:8b:66:67:d2,0,0,5013,7,-48,A,5c:62:8b:66:67:d2"
1791490802.581,"B,18376,10,46:88:44:6e:4f:e4,4985,6,0,0,-24,S,5c:62:8b:66:67:d2"
1791490802.782,"B,18476,10,b2:db:ca:e6:29:a6,28,1,0,0,-23,S,5c:62:8b:66:67:d2"
1791490802.782,"B,18476,10,5c:62:8b:66:67:d2,0,0,5421,21,-48,A,5c:62:8b:66:67:d2"
1791490802.782,"B,18476,10,46:88:44:6e:4f:e4,5029,7,0,0,-23,S,5c:62:8b:66:67:d2"
1791490802.782,"B,18476,10,72:3b:01:24:b7:c8,364,13,0,0,-17,S,5c:62:8b:66:67:d2"
1791490802.782,"B,18576,10,b2:db:ca:e6:29:a6,28,1,0,0,-21,S,5c:62:8b:66:67:d2"
1791490802.782,"B,18576,10,5c:62:8b:66:67:d2,0,0,5065,8,-48,A,5c:62:8b:66:67:d2"
1791490802.782,"B,18576,10,46:88:44:6e:4f:e4,5037,7,0,0,-23,S,5c:62:8b:66:67:d2"
1791490802.782,"B,18576,10,8a:ce:16:78:6f:dc,0,0,1064,38,0,A,8a:ce:16:78:6f:dc"
1791490802.782,"B,18576,10,d2:cf:53:d5:b8:26,1064,38,0,0,-91,S,8a:ce:16:78:6f:dc"
1791490802.782,"B,18676,10,b2:db:ca:e6:29:a6,28,1,0,0,-21,S,5c:62:8b:66:67:d2"
1791490802.782,"B,18676,10,5c:62:8b:66:67:d2,0,0,5097,9,-48,A,5c:62:8b:66:67:d2"
1791490802.782,"B,18676,10,46:88:44:6e:4f:e4,5041,7,0,0,-23,S,5c:62:8b:66:67:d2"
1791490802.782,"B,18676,10,72:3b:01:24:b7:c8,28,1,0,0,-18,S,5c:62:8b:66:67:d2"
1791490802.782,"B,18676,10,8a:ce:16:78:6f:dc,0,0,476,17,0,A,8a:ce:16:78:6f:dc"
1791490802.983,"B,18676,10,d2:cf:53:d5:b8:26,476,17,0,0,-92,S,8a:ce:16:78:6f:dc"
1791490802.983,"B,18776,10,b2:db:ca:e6:29:a6,56,2,0,0,-21,S,5c:62:8b:66:67:d2"
1791490802.983,"B,18776,10,5c:62:8b:66:67:d2,2450,7,5225,14,-49,A,5c:62:8b:66:67:d2"
1791490802.983,"B,18776,10,46:88:44:6e:4f:e4,5029,7,0,0,-24,S,5c:62:8b:66:67:d2"
1791490802.983,"B,18776,10,72:3b:01:24:b7:c8,140,5,2450,7,-18,S,5c:62:8b:66:67:d2"
1791490802.983,"B,18876,10,5c:62:8b:66:67:d2,0,0,1050,3,-49,A,5c:62:8b:66:67:d2"
1791490802.983,"B,18876,10,78:8c:b5:f5:e7:26,0,0,30,1,-75,A,78:8c:b5:f5:e7:26"
1791490802.983,"B,18876,10,46:88:44:6e:4f:e4,1050,3,0,0,-24,S,5c:62:8b:66:67:d2"
1791490802.983,"B,18876,10,a6:4c:bd:b6:c7:99,30,1,0,0,-87,S,78:8c:b5:f5:e7:26"
1791490803.183,"B,18976,10,b2:db:ca:e6:29:a6,56,2,0,0,-21,S,5c:62:8b:66:67:d2"
1791490803.183,"B,18976,10,5c:62:8b:66:67:d2,0,0,5515,13,-49,A,5c:62:8b:66:67:d2"
1791490803.183,"B,18976,10,46:88:44:6e:4f:e4,5375,8,0,0,-24,S,5c:62:8b:66:67:d2"
1791490803.183,"B,18976,10,72:3b:01:24:b7:c8,84,3,0,0,-18,S,5c:62:8b:66:67:d2"
1791490803.183,"B,19076,10,b2:db:ca:e6:29:a6,28,1,0,0,-23,S,5c:62:8b:66:67:d2"
1791490803.183,"B,19076,10,5c:62:8b:66:67:d2,0,0,4875,12,-49,A,5c:62:8b:66:67:d2"
1791490803.183,"B,19076,10,46:88:44:6e:4f:e4,4707,6,0,0,-24,S,5c:62:8b:66:67:d2"
1791490803.183,"B,19076,10,72:3b:01:24:b7:c8,140,5,0,0,-17,S,5c:62:8b:66:67:d2"
1791490803.383,"B,19176,10,b2:db:ca:e6:29:a6,56,2,0,0,-21,S,5c:62:8b:66:67:d2"
1791490803.383,"B,19176,10,5c:62:8b:66:67:d2,0,0,5785,11,-48,A,5c:62:8b:66:67:d2"
1791490803.383,"B,19176,10,78:8c:b5:f5:e7:26,0,0,30,1,-75,A,78:8c:b5:f5:e7:26"
1791490803.383,"B,19176,10,46:88:44:6e:4f:e4,5729,9,0,0,-24,S,5c:62:8b:66:67:d2"
1791490803.383,"B,19176,10,a6:4c:bd:b6:c7:99,30,1,0,0,-88,S,78:8c:b5:f5:e7:26"
1791490803.383,"B,19276,10,b2:db:ca:e6:29:a6,56,2,0,0,-21,S,5c:62:8b:66:67:d2"
1791490803.383,"B,19276,10,5c:62:8b:66:67:d2,0,0,5209,14,-48,A,5c:62:8b:66:67:d2"
1791490803.383,"B,19276,10,78:8c:b5:f5:e7:26,302,2,0,0,-79,A,78:8c:b5:f5:e7:26"
1791490803.383,"B,19276,10,46:88:44:6e:4f:e4,5013,7,0,0,-24,S,5c:62:8b:66:67:d2"
1791490803.383,"B,19276,10,72:3b:01:24:b7:c8,140,5,0,0,-18,S,5c:62:8b:66:67:d2"
1791490803.584,"B,19376,10,b2:db:ca:e6:29:a6,56,2,0,0,-23,S,5c:62:8b:66:67:d2"
1791490803.584,"B,19376,10,5c:62:8b:66:67:d2,0,0,5109,10,-48,A,5c:62:8b:66:67:d2"
1791490803.584,"B,19376,10,46:88:44:6e:4f:e4,5025,7,0,0,-24,S,5c:62:8b:66:67:d2"
1791490803.584,"B,19376,10,72:3b:01:24:b7:c8,28,1,0,0,-18,S,5c:62:8b:66:67:d2"
1791490803.584,"B,19376,10,8a:ce:16:78:6f:dc,0,0,448,16,0,A,8a:ce:16:78:6f:dc"
1791490803.584,"B,19376,10,d2:cf:53:d5:b8:26,448,16,0,0,-90,S,8a:ce:16:78:6f:dc"
1791490803.584,"B,19476,10,b2:db:ca:e6:29:a6,28,1,0,0,-21,S,5c:62:8b:66:67:d2"
1791490803.584,"B,19476,10,5c:62:8b:66:67:d2,0,0,1302,12,-49,A,5c:62:8b:66:67:d2"
1791490803.584,"B,19476,10,46:88:44:6e:4f:e4,1050,3,0,0,-24,S,5c:62:8b:66:67:d2"
1791490803.584,"B,19476,10,72:3b:01:24:b7:c8,224,8,0,0,-18,S,5c:62:8b:66:67:d2"
1791490803.584,"B,19476,10,8a:ce:16:78:6f:dc,0,0,840,30,0,A,8a:ce:16:78:6f:dc"
1791490803.584,"B,19476,10,d2:cf:53:d5:b8:26,840,30,0,0,-91,S,8a:ce:16:78:6f:dc"
1791490803.784,"B,19576,10,b2:db:ca:e6:29:a6,56,2,0,0,-21,S,5c:62:8b:66:67:d2"
1791490803.784,"B,19576,10,5c:62:8b:66:67:d2,0,0,4731,9,-49,A,5c:62:8b:66:67:d2"
1791490803.784,"B,19576,10,46:88:44:6e:4f:e4,4647,6,0,0,-24,S,5c:62:8b:66:67:d2"
1791490803.784,"B,19576,10,72:3b:01:24:b7:c8,28,1,0,0,-18,S,5c:62:8b:66:67:d2"
1791490803.784,"B,19676,10,b2:db:ca:e6:29:a6,28,1,0,0,-21,S,5c:62:8b:66:67:d2"
1791490803.784,"B,19676,10,5c:62:8b:66:67:d2,138,1,5041,11,-50,A,5c:62:8b:66:67:d2"
1791490803.984,"B,19676,10,46:88:44:6e:4f:e4,4929,7,138,1,-24,S,5c:62:8b:66:67:d2"
1791490803.984,"B,19676,10,72:3b:01:24:b7:c8,84,3,0,0,-17,S,5c:62:8b:66:67:d2"
1791490803.984,"B,19676,10,b0:a7:b9:23:82:ee,577,1,0,0,-87,A,b0:a7:b9:23:82:ee"
1791490803.984,"B,19776,10,b2:db:ca:e6:29:a6,56,2,0,0,-21,S,5c:62:8b:66:67:d2"
1791490803.984,"B,19776,10,5c:62:8b:66:67:d2,0,0,5005,11,-47,A,5c:62:8b:66:67:d2"
1791490803.984,"B,19776,10,78:8c:b5:f5:e7:26,0,0,30,1,-76,A,78:8c:b5:f5:e7:26"
1791490803.984,"B,19776,10,46:88:44:6e:4f:e4,4893,7,0,0,-23,S,5c:62:8b:66:67:d2"
1791490803.984,"B,19776,10,72:3b:01:24:b7:c8,56,2,0,0,-18,S,5c:62:8b:66:67:d2"
1791490803.984,"B,19776,10,a6:4c:bd:b6:c7:99,30,1,0,0,-86,S,78:8c:b5:f5:e7:26"
1791490803.984,"B,19876,10,b2:db:ca:e6:29:a6,56,2,0,0,-21,S,5c:62:8b:66:67:d2"
1791490803.984,"B,19876,10,5c:62:8b:66:67:d2,0,0,5449,11,0,A,5c:62:8b:66:67:d2"
1791490803.984,"B,19876,10,46:88:44:6e:4f:e4,5393,9,0,0,-23,S,5c:62:8b:66:67:d2"
1791490804.185,"B,19976,10,b2:db:ca:e6:29:a6,56,2,0,0,-21,S,5c:62:8b:66:67:d2"
1791490804.185,"B,19976,10,5c:62:8b:66:67:d2,0,0,5125,13,-48,A,5c:62:8b:66:67:d2"
1791490804.185,"B,19976,10,78:8c:b5:f5:e7:26,0,0,30,1,-76,A,78:8c:b5:f5:e7:26"
1791490804.185,"B,19976,10,46:88:44:6e:4f:e4,4957,7,0,0,-24,S,5c:62:8b:66:67:d2"
1791490804.185,"B,19976,10,72:3b:01:24:b7:c8,112,4,0,0,-17,S,5c:62:8b:66:67:d2"
1791490804.185,"B,19976,10,a6:4c:bd:b6:c7:99,30,1,0,0,-86,S,78:8c:b5:f5:e7:26"
1791490804.185,"B,20076,10,b2:db:ca:e6:29:a6,56,2,0,0,-21,S,5c:62:8b:66:67:d2"
1791490804.185,"B,20076,10,5c:62:8b:66:67:d2,123,1,1274,11,-50,A,5c:62:8b:66:67:d2"
1791490804.185,"B,20076,10,78:8c:b5:f5:e7:26,80,1,0,0,-80,A,78:8c:b5:f5:e7:26"
1791490804.185,"B,20076,10,46:88:44:6e:4f:e4,1078,4,123,1,-24,S,5c:62:8b:66:67:d2"
1791490804.185,"B,20076,10,72:3b:01:24:b7:c8,140,5,0,0,-17,S,5c:62:8b:66:67:d2"
1791490804.386,"I,20085,stat,rx=3949,drops=0,ch=10,bin=100,hop=0,heap=203064"
1791490804.386,"B,20176,10,b2:db:ca:e6:29:a6,28,1,0,0,-21,S,5c:62:8b:66:67:d2"
1791490804.386,"B,20176,10,5c:62:8b:66:67:d2,0,0,3746,8,-49,A,5c:62:8b:66:67:d2"
1791490804.386,"B,20176,10,46:88:44:6e:4f:e4,3690,6,0,0,-24,S,5c:62:8b:66:67:d2"
1791490804.386,"B,20176,10,72:3b:01:24:b7:c8,28,1,0,0,-17,S,5c:62:8b:66:67:d2"
1791490804.386,"B,20276,10,b2:db:ca:e6:29:a6,56,2,0,0,-22,S,5c:62:8b:66:67:d2"
1791490804.386,"B,20276,10,5c:62:8b:66:67:d2,0,0,5519,14,-49,A,5c:62:8b:66:67:d2"
1791490804.386,"B,20276,10,46:88:44:6e:4f:e4,5323,7,0,0,-24,S,5c:62:8b:66:67:d2"
1791490804.386,"B,20276,10,72:3b:01:24:b7:c8,140,5,0,0,-17,S,5c:62:8b:66:67:d2"
1791490804.586,"B,20376,10,b2:db:ca:e6:29:a6,28,1,0,0,-21,S,5c:62:8b:66:67:d2"
1791490804.586,"B,20376,10,5c:62:8b:66:67:d2,0,0,5049,9,-49,A,5c:62:8b:66:67:d2"
1791490804.586,"B,20376,10,46:88:44:6e:4f:e4,4993,7,0,0,-24,S,5c:62:8b:66:67:d2"
1791490804.586,"B,20376,10,72:3b:01:24:b7:c8,28,1,0,0,-18,S,5c:62:8b:66:67:d2"
1791490804.586,"B,20476,10,b2:db:ca:e6:29:a6,56,2,0,0,-21,S,5c:62:8b:66:67:d2"
1791490804.586,"B,20476,10,5c:62:8b:66:67:d2,0,0,3683,8,-49,A,5c:62:8b:66:67:d2"
1791490804.586,"B,20476,10,46:88:44:6e:4f:e4,3627,6,0,0,-24,S,5c:62:8b:66:67:d2"
1791490804.787,"B,20576,10,b2:db:ca:e6:29:a6,28,1,0,0,-23,S,5c:62:8b:66:67:d2"
1791490804.787,"B,20576,10,5c:62:8b:66:67:d2,0,0,5117,12,-48,A,5c:62:8b:66:67:d2"
1791490804.787,"B,20576,10,46:88:44:6e:4f:e4,4977,7,0,0,-24,S,5c:62:8b:66:67:d2"
1791490804.787,"B,20576,10,72:3b:01:24:b7:c8,112,4,0,0,-18,S,5c:62:8b:66:67:d2"
1791490804.787,"B,20676,10,b2:db:ca:e6:29:a6,28,1,0,0,-19,S,5c:62:8b:66:67:d2"
1791490804.787,"B,20676,10,5c:62:8b:66:67:d2,0,0,1218,9,-49,A,5c:62:8b:66:67:d2"
1791490804.787,"B,20676,10,46:88:44:6e:4f:e4,1078,4,0,0,-24,S,5c:62:8b:66:67:d2"
1791490804.787,"B,20676,10,72:3b:01:24:b7:c8,112,4,0,0,-18,S,5c:62:8b:66:67:d2"
1791490804.989,"B,20776,10,b2:db:ca:e6:29:a6,28,1,0,0,-21,S,5c:62:8b:66:67:d2"
1791490804.989,"B,20776,10,5c:62:8b:66:67:d2,0,0,8450,9,-48,A,5c:62:8b:66:67:d2"
1791490804.989,"B,20776,10,46:88:44:6e:4f:e4,8422,8,0,0,-24,S,5c:62:8b:66:67:d2"
1791490804.989,"M,20785,slot,0,0"
1791490804.989,"B,20876,10,5c:62:8b:66:67:d2,0,0,1274,11,-49,A,5c:62:8b:66:67:d2"
1791490804.989,"B,20876,10,46:88:44:6e:4f:e4,1078,4,0,0,-24,S,5c:62:8b:66:67:d2"
1791490804.989,"B,20876,10,72:3b:01:24:b7:c8,196,7,0,0,-18,S,5c:62:8b:66:67:d2"
1791490805.191,"B,20976,10,5c:62:8b:66:67:d2,0,0,4981,7,-49,A,5c:62:8b:66:67:d2"
1791490805.191,"B,20976,10,46:88:44:6e:4f:e4,4981,7,0,0,-24,S,5c:62:8b:66:67:d2"
1791490805.191,"B,21076,10,5c:62:8b:66:67:d2,0,0,5001,9,-48,A,5c:62:8b:66:67:d2"
1791490805.191,"B,21076,10,46:88:44:6e:4f:e4,4945,7,0,0,-23,S,5c:62:8b:66:67:d2"
1791490805.191,"B,21076,10,72:3b:01:24:b7:c8,56,2,0,0,-18,S,5c:62:8b:66:67:d2"
1791490805.391,"B,21176,10,5c:62:8b:66:67:d2,0,0,6683,14,-48,A,5c:62:8b:66:67:d2"
1791490805.391,"B,21176,10,78:8c:b5:f5:e7:26,0,0,30,1,-76,A,78:8c:b5:f5:e7:26"
1791490805.391,"B,21176,10,46:88:44:6e:4f:e4,6515,8,0,0,-23,S,5c:62:8b:66:67:d2"
1791490805.391,"B,21176,10,72:3b:01:24:b7:c8,168,6,0,0,-18,S,5c:62:8b:66:67:d2"
1791490805.391,"B,21176,10,a6:4c:bd:b6:c7:99,30,1,0,0,-87,S,78:8c:b5:f5:e7:26"
1791490805.391,"B,21276,10,5c:62:8b:66:67:d2,0,0,1050,3,-49,A,5c:62:8b:66:67:d2"
1791490805.391,"B,21276,10,46:88:44:6e:4f:e4,1050,3,0,0,-24,S,5c:62:8b:66:67:d2"
1791490805.591,"B,21376,10,5c:62:8b:66:67:d2,0,0,4993,7,-48,A,5c:62:8b:66:67:d2"
1791490805.591,"B,21376,10,46:88:44:6e:4f:e4,4993,7,0,0,-23,S,5c:62:8b:66:67:d2"
1791490805.591,"B,21476,10,5c:62:8b:66:67:d2,0,0,5891,30,-49,A,5c:62:8b:66:67:d2"
1791490805.591,"B,21476,10,46:88:44:6e:4f:e4,5275,8,0,0,-24,S,5c:62:8b:66:67:d2"
1791490805.591,"B,21476,10,72:3b:01:24:b7:c8,616,22,0,0,-18,S,5c:62:8b:66:67:d2"
1791490805.794,"B,21576,10,5c:62:8b:66:67:d2,0,0,4925,7,-48,A,5c:62:8b:66:67:d2"
1791490805.794,"B,21576,10,46:88:44:6e:4f:e4,4925,7,0,0,-24,S,5c:62:8b:66:67:d2"
1791490805.794,"B,21676,10,5c:62:8b:66:67:d2,0,0,4957,7,-49,A,5c:62:8b:66:67:d2"
1791490805.794,"B,21676,10,78:8c:b5:f5:e7:26,0,0,30,1,-76,A,78:8c:b5:f5:e7:26"
1791490805.794,"B,21676,10,46:88:44:6e:4f:e4,4957,7,0,0,-24,S,5c:62:8b:66:67:d2"
1791490805.794,"B,21676,10,a6:4c:bd:b6:c7:99,30,1,0,0,-87,S,78:8c:b5:f5:e7:26"
1791490805.997,"B,21776,10,5c:62:8b:66:67:d2,0,0,5073,12,-49,A,5c:62:8b:66:67:d2"
1791490805.997,"B,21776,10,46:88:44:6e:4f:e4,4933,7,0,0,-24,S,5c:62:8b:66:67:d2"
1791490805.997,"B,21776,10,72:3b:01:24:b7:c8,140,5,0,0,-18,S,5c:62:8b:66:67:d2"
1791490805.997,"B,21876,10,5c:62:8b:66:67:d2,0,0,4981,7,-49,A,5c:62:8b:66:67:d2"
1791490805.997,"B,21876,10,46:88:44:6e:4f:e4,4981,7,0,0,-24,S,5c:62:8b:66:67:d2"
1791490806.199,"B,21976,10,5c:62:8b:66:67:d2,0,0,1134,6,-49,A,5c:62:8b:66:67:d2"
1791490806.199,"B,21976,10,46:88:44:6e:4f:e4,1050,3,0,0,-24,S,5c:62:8b:66:67:d2"
1791490806.199,"B,21976,10,72:3b:01:24:b7:c8,84,3,0,0,-18,S,5c:62:8b:66:67:d2"
1791490806.199,"B,22076,10,5c:62:8b:66:67:d2,0,0,7469,14,-48,A,5c:62:8b:66:67:d2"
1791490806.199,"B,22076,10,78:8c:b5:f5:e7:26,80,1,0,0,-78,A,78:8c:b5:f5:e7:26"
1791490806.199,"B,22076,10,46:88:44:6e:4f:e4,7357,10,0,0,-24,S,5c:62:8b:66:67:d2"
1791490806.199,"B,22076,10,72:3b:01:24:b7:c8,112,4,0,0,-18,S,5c:62:8b:66:67:d2"
1791490806.404,"B,22176,10,5c:62:8b:66:67:d2,0,0,5343,8,-49,A,5c:62:8b:66:67:d2"
1791490806.404,"B,22176,10,46:88:44:6e:4f:e4,5343,8,0,0,-24,S,5c:62:8b:66:67:d2"
1791490806.404,"B,22276,10,b2:db:ca:e6:29:a6,56,2,0,0,-21,S,5c:62:8b:66:67:d2"
1791490806.404,"B,22276,10,5c:62:8b:66:67:d2,0,0,5117,13,-50,A,5c:62:8b:66:67:d2"
1791490806.404,"B,22276,10,46:88:44:6e:4f:e4,4949,7,0,0,-24,S,5c:62:8b:66:67:d2"
1791490806.404,"B,22276,10,72:3b:01:24:b7:c8,112,4,0,0,-18,S,5c:62:8b:66:67:d2"
1791490806.609,"B,22376,10,b2:db:ca:e6:29:a6,56,2,0,0,-21,S,5c:62:8b:66:67:d2"
1791490806.609,"B,22376,10,5c:62:8b:66:67:d2,0,0,980,12,-49,A,5c:62:8b:66:67:d2"
1791490806.609,"B,22376,10,46:88:44:6e:4f:e4,700,2,0,0,-24,S,5c:62:8b:66:67:d2"
1791490806.609,"B,22376,10,72:3b:01:24:b7:c8,224,8,0,0,-18,S,5c:62:8b:66:67:d2"
1791490806.609,"B,22476,10,b2:db:ca:e6:29:a6,84,3,0,0,-21,S,5c:62:8b:66:67:d2"
1791490806.609,"B,22476,10,5c:62:8b:66:67:d2,0,0,5399,11,-49,A,5c:62:8b:66:67:d2"
1791490806.609,"B,22476,10,46:88:44:6e:4f:e4,5315,8,0,0,-23,S,5c:62:8b:66:67:d2"
1791490806.814,"B,22576,10,b2:db:ca:e6:29:a6,28,1,0,0,-21,S,5c:62:8b:66:67:d2"
1791490806.814,"B,22576,10,5c:62:8b:66:67:d2,0,0,3619,12,-49,A,5c:62:8b:66:67:d2"
1791490806.814,"B,22576,10,78:8c:b5:f5:e7:26,0,0,30,1,-76,A,78:8c:b5:f5:e7:26"
1791490806.814,"B,22576,10,46:88:44:6e:4f:e4,3451,6,0,0,-23,S,5c:62:8b:66:67:d2"
1791490806.814,"B,22576,10,72:3b:01:24:b7:c8,140,5,0,0,-18,S,5c:62:8b:66:67:d2"
1791490806.814,"B,22576,10,a6:4c:bd:b6:c7:99,30,1,0,0,-89,S,78:8c:b5:f5:e7:26"
1791490806.814,"B,22676,10,b2:db:ca:e6:29:a6,84,3,0,0,-21,S,5c:62:8b:66:67:d2"
1791490806.814,"B,22676,10,5c:62:8b:66:67:d2,0,0,5145,12,-48,A,5c:62:8b:66:67:d2"
1791490806.814,"B,22676,10,78:8c:b5:f5:e7:26,0,0,60,2,-76,A,78:8c:b5:f5:e7:26"
1791490806.814,"B,22676,10,46:88:44:6e:4f:e4,5005,7,0,0,-23,S,5c:62:8b:66:67:d2"
1791490806.814,"B,22676,10,72:3b:01:24:b7:c8,56,2,0,0,-18,S,5c:62:8b:66:67:d2"
1791490806.814,"B,22676,10,a6:4c:bd:b6:c7:99,60,2,0,0,-89,S,78:8c:b5:f5:e7:26"
1791490807.019,"B,22776,10,b2:db:ca:e6:29:a6,28,1,0,0,-21,S,5c:62:8b:66:67:d2"
1791490807.019,"B,22776,10,5c:62:8b:66:67:d2,0,0,3620,6,-49,A,5c:62:8b:66:67:d2"
1791490807.019,"B,22776,10,78:8c:b5:f5:e7:26,0,0,30,1,-75,A,78:8c:b5:f5:e7:26"
1791490807.019,"B,22776,10,46:88:44:6e:4f:e4,3592,5,0,0,-24,S,5c:62:8b:66:67:d2"
1791490807.019,"B,22776,10,a6:4c:bd:b6:c7:99,30,1,0,0,-88,S,78:8c:b5:f5:e7:26"
1791490807.019,"B,22876,10,b2:db:ca:e6:29:a6,28,1,0,0,-21,S,5c:62:8b:66:67:d2"
1791490807.019,"B,22876,10,5c:62:8b:66:67:d2,0,0,5455,15,-49,A,5c:62:8b:66:67:d2"
1791490807.019,"B,22876,10,46:88:44:6e:4f:e4,5259,8,0,0,-24,S,5c:62:8b:66:67:d2"
1791490807.019,"B,22876,10,72:3b:01:24:b7:c8,168,6,0,0,-17,S,5c:62:8b:66:67:d2"
1791490807.220,"B,22976,10,b2:db:ca:e6:29:a6,28,1,0,0,-23,S,5c:62:8b:66:67:d2"
1791490807.220,"B,22976,10,5c:62:8b:66:67:d2,82,1,2583,10,-50,A,5c:62:8b:66:67:d2"
1791490807.220,"B,22976,10,46:88:44:6e:4f:e4,2471,6,0,0,-24,S,5c:62:8b:66:67:d2"
1791490807.220,"B,22976,10,72:3b:01:24:b7:c8,84,3,82,1,-18,S,5c:62:8b:66:67:d2"
1791490807.220,"B,23076,10,5c:62:8b:66:67:d2,0,0,1162,7,-49,A,5c:62:8b:66:67:d2"
1791490807.220,"B,23076,10,78:8c:b5:f5:e7:26,0,0,60,2,-76,A,78:8c:b5:f5:e7:26"
1791490807.220,"B,23076,10,46:88:44:6e:4f:e4,1078,4,0,0,-24,S,5c:62:8b:66:67:d2"
1791490807.220,"B,23076,10,72:3b:01:24:b7:c8,84,3,0,0,-18,S,5c:62:8b:66:67:d2"
1791490807.220,"B,23076,10,a6:4c:bd:b6:c7:99,60,2,0,0,-86,S,78:8c:b5:f5:e7:26"
1791490807.420,"B,23176,10,5c:62:8b:66:67:d2,0,0,4853,6,-49,A,5c:62:8b:66:67:d2"
1791490807.420,"B,23176,10,46:88:44:6e:4f:e4,4853,6,0,0,-24,S,5c:62:8b:66:67:d2"
1791490807.420,"B,23276,10,5c:62:8b:66:67:d2,0,0,5693,13,-49,A,5c:62:8b:66:67:d2"
1791490807.420,"B,23276,10,46:88:44:6e:4f:e4,5581,9,0,0,-24,S,5c:62:8b:66:67:d2"
1791490807.420,"B,23276,10,72:3b:01:24:b7:c8,112,4,0,0,-18,S,5c:62:8b:66:67:d2"
1791490807.626,"B,23376,10,5c:62:8b:66:67:d2,0,0,7461,9,-49,A,5c:62:8b:66:67:d2"
1791490807.626,"B,23376,10,46:88:44:6e:4f:e4,7461,9,0,0,-24,S,5c:62:8b:66:67:d2"
1791490807.626,"B,23476,10,5c:62:8b:66:67:d2,0,0,5081,15,-49,A,5c:62:8b:66:67:d2"
1791490807.626,"B,23476,10,46:88:44:6e:4f:e4,4857,7,0,0,-24,S,5c:62:8b:66:67:d2"
1791490807.626,"B,23476,10,72:3b:01:24:b7:c8,224,8,0,0,-17,S,5c:62:8b:66:67:d2"
1791490807.829,"B,23576,10,5c:62:8b:66:67:d2,0,0,4977,12,-49,A,5c:62:8b:66:67:d2"
1791490807.829,"B,23576,10,46:88:44:6e:4f:e4,4837,7,0,0,-24,S,5c:62:8b:66:67:d2"
1791490807.829,"B,23576,10,72:3b:01:24:b7:c8,140,5,0,0,-17,S,5c:62:8b:66:67:d2"
1791490807.829,"B,23676,10,5c:62:8b:66:67:d2,0,0,1190,8,-49,A,5c:62:8b:66:67:d2"
1791490807.829,"B,23676,10,46:88:44:6e:4f:e4,1050,3,0,0,-24,S,5c:62:8b:66:67:d2"
1791490807.829,"B,23676,10,72:3b:01:24:b7:c8,140,5,0,0,-17,S,5c:62:8b:66:67:d2"
1791490808.034,"B,23776,10,5c:62:8b:66:67:d2,0,0,4905,7,-50,A,5c:62:8b:66:67:d2"
1791490808.034,"B,23776,10,46:88:44:6e:4f:e4,4905,7,0,0,-23,S,5c:62:8b:66:67:d2"
1791490808.034,"B,23876,10,5c:62:8b:66:67:d2,0,0,5327,12,-48,A,5c:62:8b:66:67:d2"
1791490808.034,"B,23876,10,46:88:44:6e:4f:e4,5215,8,0,0,-23,S,5c:62:8b:66:67:d2"
1791490808.034,"B,23876,10,72:3b:01:24:b7:c8,112,4,0,0,-18,S,5c:62:8b:66:67:d2"
1791490808.240,"B,23976,10,5c:62:8b:66:67:d2,0,0,4615,10,-49,A,5c:62:8b:66:67:d2"
1791490808.240,"B,23976,10,46:88:44:6e:4f:e4,4503,6,0,0,-23,S,5c:62:8b:66:67:d2"
1791490808.240,"B,23976,10,72:3b:01:24:b7:c8,112,4,0,0,-18,S,5c:62:8b:66:67:d2"
1791490808.240,"B,24076,10,b2:db:ca:e6:29:a6,56,2,0,0,-21,S,5c:62:8b:66:67:d2"
1791490808.240,"B,24076,10,5c:62:8b:66:67:d2,0,0,4945,9,0,A,5c:62:8b:66:67:d2"
1791490808.240,"B,24076,10,78:8c:b5:f5:e7:26,80,1,28,1,-77,A,78:8c:b5:f5:e7:26"
1791490808.240,"B,24076,10,46:88:44:6e:4f:e4,4889,7,0,0,-24,S,5c:62:8b:66:67:d2"
1791490808.240,"B,24076,10,00:08:22:24:d6:fb,28,1,0,0,-79,S,78:8c:b5:f5:e7:26"
1791490808.445,"B,24176,10,b2:db:ca:e6:29:a6,56,2,0,0,-21,S,5c:62:8b:66:67:d2"
1791490808.445,"B,24176,10,5c:62:8b:66:67:d2,0,0,5161,17,-49,A,5c:62:8b:66:67:d2"
1791490808.445,"B,24176,10,78:8c:b5:f5:e7:26,0,0,30,1,-77,A,78:8c:b5:f5:e7:26"
1791490808.445,"B,24176,10,46:88:44:6e:4f:e4,4881,7,0,0,-24,S,5c:62:8b:66:67:d2"
1791490808.445,"B,24176,10,72:3b:01:24:b7:c8,224,8,0,0,-17,S,5c:62:8b:66:67:d2"
1791490808.445,"B,24176,10,a6:4c:bd:b6:c7:99,30,1,0,0,-88,S,78:8c:b5:f5:e7:26"
1791490808.445,"B,24276,10,b2:db:ca:e6:29:a6,84,3,0,0,-21,S,5c:62:8b:66:67:d2"
1791490808.445,"B,24276,10,5c:62:8b:66:67:d2,0,0,1134,6,-49,A,5c:62:8b:66:67:d2"
1791490808.445,"B,24276,10,46:88:44:6e:4f:e4,1050,3,0,0,-24,S,5c:62:8b:66:67:d2"
1791490808.650,"B,24376,10,5c:62:8b:66:67:d2,0,0,4881,7,-49,A,5c:62:8b:66:67:d2"
1791490808.650,"B,24376,10,78:8c:b5:f5:e7:26,0,0,60,2,-77,A,78:8c:b5:f5:e7:26"
1791490808.650,"B,24376,10,46:88:44:6e:4f:e4,4881,7,0,0,-24,S,5c:62:8b:66:67:d2"
1791490808.650,"B,24376,10,a6:4c:bd:b6:c7:99,60,2,0,0,-87,S,78:8c:b5:f5:e7:26"
1791490808.650,"B,24476,10,b2:db:ca:e6:29:a6,56,2,0,0,-22,S,5c:62:8b:66:67:d2"
1791490808.650,"B,24476,10,5c:62:8b:66:67:d2,0,0,5073,15,-49,A,5c:62:8b:66:67:d2"
1791490808.650,"B,24476,10,46:88:44:6e:4f:e4,4849,7,0,0,-24,S,5c:62:8b:66:67:d2"
1791490808.650,"B,24476,10,72:3b:01:24:b7:c8,168,6,0,0,-18,S,5c:62:8b:66:67:d2"
1791490808.855,"B,24576,10,b2:db:ca:e6:29:a6,56,2,0,0,-21,S,5c:62:8b:66:67:d2"
1791490808.855,"B,24576,10,5c:62:8b:66:67:d2,0,0,4965,9,-50,A,5c:62:8b:66:67:d2"
1791490808.855,"B,24576,10,46:88:44:6e:4f:e4,4909,7,0,0,-24,S,5c:62:8b:66:67:d2"
1791490808.855,"B,24676,10,b2:db:ca:e6:29:a6,112,4,0,0,-20,S,5c:62:8b:66:67:d2"
1791490808.855,"B,24676,10,5c:62:8b:66:67:d2,138,1,5059,12,-50,A,5c:62:8b:66:67:d2"
1791490808.855,"B,24676,10,46:88:44:6e:4f:e4,4947,8,138,1,-24,S,5c:62:8b:66:67:d2"
1791490809.059,"B,24776,10,b2:db:ca:e6:29:a6,28,1,0,0,-23,S,5c:62:8b:66:67:d2"
1791490809.059,"B,24776,10,5c:62:8b:66:67:d2,0,0,5209,19,-49,A,5c:62:8b:66:67:d2"
1791490809.059,"B,24776,10,46:88:44:6e:4f:e4,4873,7,0,0,-24,S,5c:62:8b:66:67:d2"
1791490809.059,"B,24776,10,72:3b:01:24:b7:c8,308,11,0,0,-18,S,5c:62:8b:66:67:d2"
1791490809.059,"B,24876,10,b2:db:ca:e6:29:a6,56,2,0,0,-20,S,5c:62:8b:66:67:d2"
1791490809.059,"B,24876,10,5c:62:8b:66:67:d2,0,0,1330,13,-50,A,5c:62:8b:66:67:d2"
1791490809.059,"B,24876,10,46:88:44:6e:4f:e4,1078,4,0,0,-24,S,5c:62:8b:66:67:d2"
1791490809.059,"B,24876,10,72:3b:01:24:b7:c8,196,7,0,0,-17,S,5c:62:8b:66:67:d2"
1791490809.261,"B,24976,10,b2:db:ca:e6:29:a6,56,2,0,0,-21,S,5c:62:8b:66:67:d2"
1791490809.261,"B,24976,10,5c:62:8b:66:67:d2,0,0,4881,8,-49,A,5c:62:8b:66:67:d2"
1791490809.261,"B,24976,10,46:88:44:6e:4f:e4,4825,6,0,0,-23,S,5c:62:8b:66:67:d2"
1791490809.261,"B,25076,10,b2:db:ca:e6:29:a6,140,5,0,0,-21,S,5c:62:8b:66:67:d2"
1791490809.261,"B,25076,10,5c:62:8b:66:67:d2,0,0,5169,18,-49,A,5c:62:8b:66:67:d2"
1791490809.261,"B,25076,10,78:8c:b5:f5:e7:26,80,1,0,0,-77,A,78:8c:b5:f5:e7:26"
1791490809.261,"B,25076,10,46:88:44:6e:4f:e4,4861,7,0,0,-24,S,5c:62:8b:66:67:d2"
1791490809.261,"B,25076,10,72:3b:01:24:b7:c8,168,6,0,0,-17,S,5c:62:8b:66:67:d2"
1791490809.261,"I,25087,stat,rx=4672,drops=0,ch=10,bin=100,hop=0,heap=203064"
1791490809.465,"B,25176,10,5c:62:8b:66:67:d2,0,0,4833,7,-50,A,5c:62:8b:66:67:d2"
1791490809.465,"B,25176,10,46:88:44:6e:4f:e4,4833,7,0,0,-23,S,5c:62:8b:66:67:d2"
1791490809.465,"B,25276,10,b2:db:ca:e6:29:a6,56,2,0,0,-22,S,5c:62:8b:66:67:d2"
1791490809.465,"B,25276,10,5c:62:8b:66:67:d2,0,0,4631,10,-50,A,5c:62:8b:66:67:d2"
1791490809.465,"B,25276,10,46:88:44:6e:4f:e4,4519,6,0,0,-21,S,5c:62:8b:66:67:d2"
1791490809.465,"B,25276,10,72:3b:01:24:b7:c8,56,2,0,0,-17,S,5c:62:8b:66:67:d2"
1791490809.666,"B,25376,10,b2:db:ca:e6:29:a6,56,2,0,0,-23,S,5c:62:8b:66:67:d2"
1791490809.666,"B,25376,10,5c:62:8b:66:67:d2,0,0,5323,14,-50,A,5c:62:8b:66:67:d2"
1791490809.666,"B,25376,10,46:88:44:6e:4f:e4,5155,8,0,0,-22,S,5c:62:8b:66:67:d2"
1791490809.666,"B,25376,10,72:3b:01:24:b7:c8,112,4,0,0,-17,S,5c:62:8b:66:67:d2"
1791490809.666,"B,25476,10,b2:db:ca:e6:29:a6,56,2,0,0,-22,S,5c:62:8b:66:67:d2"
1791490809.666,"B,25476,10,5c:62:8b:66:67:d2,0,0,1330,13,-49,A,5c:62:8b:66:67:d2"
1791490809.666,"B,25476,10,46:88:44:6e:4f:e4,1078,4,0,0,-26,S,5c:62:8b:66:67:d2"
1791490809.666,"B,25476,10,72:3b:01:24:b7:c8,196,7,0,0,-17,S,5c:62:8b:66:67:d2"
1791490809.871,"B,25576,10,b2:db:ca:e6:29:a6,56,2,0,0,-22,S,5c:62:8b:66:67:d2"
1791490809.871,"B,25576,10,5c:62:8b:66:67:d2,0,0,4965,12,-50,A,5c:62:8b:66:67:d2"
1791490809.871,"B,25576,10,78:8c:b5:f5:e7:26,0,0,30,1,-77,A,78:8c:b5:f5:e7:26"
1791490809.871,"B,25576,10,46:88:44:6e:4f:e4,4797,6,0,0,-28,S,5c:62:8b:66:67:d2"
1791490809.871,"B,25576,10,72:3b:01:24:b7:c8,112,4,0,0,-17,S,5c:62:8b:66:67:d2"
1791490809.871,"B,25576,10,a6:4c:bd:b6:c7:99,30,1,0,0,-88,S,78:8c:b5:f5:e7:26"
1791490809.871,"B,25676,10,b2:db:ca:e6:29:a6,112,4,0,0,-21,S,5c:62:8b:66:67:d2"
1791490809.871,"B,25676,10,5c:62:8b:66:67:d2,0,0,4647,12,-50,A,5c:62:8b:66:67:d2"
1791490809.871,"B,25676,10,46:88:44:6e:4f:e4,4479,6,0,0,-31,S,5c:62:8b:66:67:d2"
1791490809.871,"B,25676,10,72:3b:01:24:b7:c8,56,2,0,0,-18,S,5c:62:8b:66:67:d2"
1791490810.076,"B,25776,10,5c:62:8b:66:67:d2,0,0,5195,8,-50,A,5c:62:8b:66:67:d2"
1791490810.076,"B,25776,10,78:8c:b5:f5:e7:26,0,0,30,1,-76,A,78:8c:b5:f5:e7:26"
1791490810.076,"B,25776,10,46:88:44:6e:4f:e4,5195,8,0,0,-30,S,5c:62:8b:66:67:d2"
1791490810.076,"B,25776,10,a6:4c:bd:b6:c7:99,30,1,0,0,-90,S,78:8c:b5:f5:e7:26"
1791490810.076,"M,25874,slot,1,1"
1791490810.076,"B,25876,10,b2:db:ca:e6:29:a6,28,1,0,0,-22,S,5c:62:8b:66:67:d2"
1791490810.076,"B,25876,10,5c:62:8b:66:67:d2,0,0,4953,12,-49,A,5c:62:8b:66:67:d2"
1791490810.076,"B,25876,10,46:88:44:6e:4f:e4,4813,7,0,0,-36,S,5c:62:8b:66:67:d2"
1791490810.076,"B,25876,10,72:3b:01:24:b7:c8,112,4,0,0,-18,S,5c:62:8b:66:67:d2"
1791490810.278,"B,25976,10,b2:db:ca:e6:29:a6,56,2,0,0,-24,S,5c:62:8b:66:67:d2"
1791490810.278,"B,25976,10,5c:62:8b:66:67:d2,0,0,5865,16,-49,A,5c:62:8b:66:67:d2"
1791490810.278,"B,25976,10,78:8c:b5:f5:e7:26,0,0,30,1,-77,A,78:8c:b5:f5:e7:26"
1791490810.278,"B,25976,10,46:88:44:6e:4f:e4,5669,9,0,0,-37,S,5c:62:8b:66:67:d2"
1791490810.278,"B,25976,10,72:3b:01:24:b7:c8,140,5,0,0,-17,S,5c:62:8b:66:67:d2"
1791490810.278,"B,25976,10,a6:4c:bd:b6:c7:99,30,1,0,0,-87,S,78:8c:b5:f5:e7:26"
1791490810.278,"B,26076,10,b2:db:ca:e6:29:a6,56,2,0,0,-22,S,5c:62:8b:66:67:d2"
1791490810.278,"B,26076,10,5c:62:8b:66:67:d2,0,0,1106,5,-50,A,5c:62:8b:66:67:d2"
1791490810.278,"B,26076,10,46:88:44:6e:4f:e4,1050,3,0,0,-38,S,5c:62:8b:66:67:d2"
1791490810.482,"B,26176,10,b2:db:ca:e6:29:a6,28,1,0,0,-22,S,5c:62:8b:66:67:d2"
1791490810.482,"B,26176,10,5c:62:8b:66:67:d2,0,0,6619,11,-50,A,5c:62:8b:66:67:d2"
1791490810.482,"B,26176,10,46:88:44:6e:4f:e4,6535,8,0,0,-39,S,5c:62:8b:66:67:d2"
1791490810.482,"B,26176,10,72:3b:01:24:b7:c8,56,2,0,0,-19,S,5c:62:8b:66:67:d2"
1791490810.482,"B,26276,10,b2:db:ca:e6:29:a6,56,2,0,0,-23,S,5c:62:8b:66:67:d2"
1791490810.482,"B,26276,10,5c:62:8b:66:67:d2,0,0,12231,17,-49,A,5c:62:8b:66:67:d2"
1791490810.482,"B,26276,10,46:88:44:6e:4f:e4,12147,14,0,0,-40,S,5c:62:8b:66:67:d2"
1791490810.482,"B,26276,10,72:3b:01:24:b7:c8,28,1,0,0,-21,S,5c:62:8b:66:67:d2"
1791490810.682,"B,26376,10,b2:db:ca:e6:29:a6,28,1,0,0,-22,S,5c:62:8b:66:67:d2"
1791490810.682,"B,26376,10,5c:62:8b:66:67:d2,0,0,6015,11,-49,A,5c:62:8b:66:67:d2"
1791490810.682,"B,26376,10,46:88:44:6e:4f:e4,5959,9,0,0,-46,S,5c:62:8b:66:67:d2"
1791490810.682,"B,26376,10,72:3b:01:24:b7:c8,28,1,0,0,-18,S,5c:62:8b:66:67:d2"
1791490810.682,"B,26476,10,b2:db:ca:e6:29:a6,56,2,0,0,-22,S,5c:62:8b:66:67:d2"
1791490810.682,"B,26476,10,5c:62:8b:66:67:d2,0,0,5067,11,-49,A,5c:62:8b:66:67:d2"
1791490810.682,"B,26476,10,46:88:44:6e:4f:e4,4927,6,0,0,-59,S,5c:62:8b:66:67:d2"
1791490810.682,"B,26476,10,72:3b:01:24:b7:c8,84,3,0,0,-18,S,5c:62:8b:66:67:d2"
1791490810.682,"B,26576,10,b2:db:ca:e6:29:a6,56,2,0,0,-22,S,5c:62:8b:66:67:d2"
1791490810.682,"B,26576,10,5c:62:8b:66:67:d2,0,0,6485,14,-49,A,5c:62:8b:66:67:d2"
1791490810.682,"B,26576,10,46:88:44:6e:4f:e4,6289,7,0,0,-48,S,5c:62:8b:66:67:d2"
1791490810.682,"B,26576,10,72:3b:01:24:b7:c8,140,5,0,0,-17,S,5c:62:8b:66:67:d2"
1791490810.882,"B,26676,10,b2:db:ca:e6:29:a6,56,2,0,0,-21,S,5c:62:8b:66:67:d2"
1791490810.882,"B,26676,10,5c:62:8b:66:67:d2,0,0,2508,12,-49,A,5c:62:8b:66:67:d2"
1791490810.882,"B,26676,10,46:88:44:6e:4f:e4,2340,6,0,0,-49,S,5c:62:8b:66:67:d2"
1791490810.882,"B,26676,10,72:3b:01:24:b7:c8,112,4,0,0,-18,S,5c:62:8b:66:67:d2"
1791490810.882,"B,26776,10,b2:db:ca:e6:29:a6,28,1,0,0,-22,S,5c:62:8b:66:67:d2"
1791490810.882,"B,26776,10,5c:62:8b:66:67:d2,0,0,6063,13,-50,A,5c:62:8b:66:67:d2"
1791490811.083,"B,26776,10,78:8c:b5:f5:e7:26,0,0,30,1,-77,A,78:8c:b5:f5:e7:26"
1791490811.083,"B,26776,10,46:88:44:6e:4f:e4,5979,10,0,0,-48,S,5c:62:8b:66:67:d2"
1791490811.083,"B,26776,10,72:3b:01:24:b7:c8,56,2,0,0,-18,S,5c:62:8b:66:67:d2"
1791490811.083,"B,26776,10,a6:4c:bd:b6:c7:99,30,1,0,0,-88,S,78:8c:b5:f5:e7:26"
1791490811.083,"B,26876,10,b2:db:ca:e6:29:a6,84,3,0,0,-22,S,5c:62:8b:66:67:d2"
1791490811.083,"B,26876,10,5c:62:8b:66:67:d2,0,0,5603,16,-49,A,5c:62:8b:66:67:d2"
1791490811.083,"B,26876,10,46:88:44:6e:4f:e4,5379,8,0,0,-46,S,5c:62:8b:66:67:d2"
1791490811.083,"B,26876,10,72:3b:01:24:b7:c8,140,5,0,0,-19,S,5c:62:8b:66:67:d2"
1791490811.083,"B,26976,10,b2:db:ca:e6:29:a6,56,2,0,0,-22,S,5c:62:8b:66:67:d2"
1791490811.083,"B,26976,10,5c:62:8b:66:67:d2,0,0,5567,15,-48,A,5c:62:8b:66:67:d2"
1791490811.083,"B,26976,10,46:88:44:6e:4f:e4,5371,8,0,0,-43,S,5c:62:8b:66:67:d2"
1791490811.083,"B,26976,10,72:3b:01:24:b7:c8,140,5,0,0,-17,S,5c:62:8b:66:67:d2"
1791490811.284,"B,27076,10,b2:db:ca:e6:29:a6,28,1,0,0,-24,S,5c:62:8b:66:67:d2"
1791490811.284,"B,27076,10,5c:62:8b:66:67:d2,0,0,8020,12,-49,A,5c:62:8b:66:67:d2"
1791490811.284,"B,27076,10,46:88:44:6e:4f:e4,7964,10,0,0,-42,S,5c:62:8b:66:67:d2"
1791490811.284,"B,27076,10,72:3b:01:24:b7:c8,28,1,0,0,-18,S,5c:62:8b:66:67:d2"
1791490811.284,"B,27176,10,b2:db:ca:e6:29:a6,28,1,0,0,-24,S,5c:62:8b:66:67:d2"
1791490811.284,"B,27176,10,5c:62:8b:66:67:d2,0,0,5273,12,-49,A,5c:62:8b:66:67:d2"
1791490811.284,"B,27176,10,46:88:44:6e:4f:e4,5133,7,0,0,-38,S,5c:62:8b:66:67:d2"
1791490811.284,"B,27176,10,72:3b:01:24:b7:c8,112,4,0,0,-18,S,5c:62:8b:66:67:d2"
1791490811.484,"B,27276,10,b2:db:ca:e6:29:a6,28,1,0,0,-23,S,5c:62:8b:66:67:d2"
1791490811.484,"B,27276,10,5c:62:8b:66:67:d2,0,0,1802,10,-48,A,5c:62:8b:66:67:d2"
1791490811.484,"B,27276,10,78:8c:b5:f5:e7:26,0,0,30,1,-77,A,78:8c:b5:f5:e7:26"
1791490811.484,"B,27276,10,46:88:44:6e:4f:e4,1662,5,0,0,-29,S,5c:62:8b:66:67:d2"
1791490811.484,"B,27276,10,72:3b:01:24:b7:c8,112,4,0,0,-18,S,5c:62:8b:66:67:d2"
1791490811.484,"B,27276,10,a6:4c:bd:b6:c7:99,30,1,0,0,-88,S,78:8c:b5:f5:e7:26"
1791490811.484,"B,27376,10,b2:db:ca:e6:29:a6,56,2,0,0,-22,S,5c:62:8b:66:67:d2"
1791490811.484,"B,27376,10,5c:62:8b:66:67:d2,0,0,5487,11,-49,A,5c:62:8b:66:67:d2"
1791490811.484,"B,27376,10,46:88:44:6e:4f:e4,5431,9,0,0,-26,S,5c:62:8b:66:67:d2"
1791490811.685,"B,27476,10,b2:db:ca:e6:29:a6,84,3,0,0,-21,S,5c:62:8b:66:67:d2"
1791490811.685,"B,27476,10,5c:62:8b:66:67:d2,0,0,4193,15,-50,A,5c:62:8b:66:67:d2"
1791490811.685,"B,27476,10,46:88:44:6e:4f:e4,3969,7,0,0,-25,S,5c:62:8b:66:67:d2"
1791490811.685,"B,27476,10,72:3b:01:24:b7:c8,140,5,0,0,-17,S,5c:62:8b:66:67:d2"
1791490811.685,"B,27576,10,b2:db:ca:e6:29:a6,28,1,0,0,-22,S,5c:62:8b:66:67:d2"
1791490811.685,"B,27576,10,5c:62:8b:66:67:d2,0,0,5519,12,-50,A,5c:62:8b:66:67:d2"
1791490811.685,"B,27576,10,46:88:44:6e:4f:e4,5407,8,0,0,-24,S,5c:62:8b:66:67:d2"
1791490811.685,"B,27576,10,72:3b:01:24:b7:c8,84,3,0,0,-17,S,5c:62:8b:66:67:d2"
1791490811.885,"B,27676,10,b2:db:ca:e6:29:a6,56,2,0,0,-21,S,5c:62:8b:66:67:d2"
1791490811.885,"B,27676,10,5c:62:8b:66:67:d2,0,0,6905,11,-50,A,5c:62:8b:66:67:d2"
1791490811.885,"B,27676,10,78:8c:b5:f5:e7:26,0,0,90,3,-76,A,78:8c:b5:f5:e7:26"
1791490811.885,"B,27676,10,46:88:44:6e:4f:e4,6849,9,0,0,-23,S,5c:62:8b:66:67:d2"
1791490811.885,"B,27676,10,a6:4c:bd:b6:c7:99,90,3,0,0,-87,S,78:8c:b5:f5:e7:26"
1791490811.885,"B,27776,10,b2:db:ca:e6:29:a6,56,2,0,0,-21,S,5c:62:8b:66:67:d2"
1791490811.885,"B,27776,10,5c:62:8b:66:67:d2,0,0,1330,13,-49,A,5c:62:8b:66:67:d2"
1791490811.885,"B,27776,10,78:8c:b5:f5:e7:26,88,1,30,1,-78,A,78:8c:b5:f5:e7:26"
1791490812.086,"B,27776,10,46:88:44:6e:4f:e4,1050,3,0,0,-24,S,5c:62:8b:66:67:d2"
1791490812.086,"B,27776,10,72:3b:01:24:b7:c8,224,8,0,0,-17,S,5c:62:8b:66:67:d2"
1791490812.086,"B,27776,10,a6:4c:bd:b6:c7:99,30,1,0,0,-87,S,78:8c:b5:f5:e7:26"
1791490812.086,"B,27876,10,b2:db:ca:e6:29:a6,28,1,0,0,-21,S,5c:62:8b:66:67:d2"
1791490812.086,"B,27876,10,5c:62:8b:66:67:d2,0,0,5275,9,-49,A,5c:62:8b:66:67:d2"
1791490812.086,"B,27876,10,46:88:44:6e:4f:e4,5247,8,0,0,-23,S,5c:62:8b:66:67:d2"
1791490812.086,"B,27976,10,b2:db:ca:e6:29:a6,56,2,0,0,-21,S,5c:62:8b:66:67:d2"
1791490812.086,"B,27976,10,5c:62:8b:66:67:d2,0,0,5657,11,-49,A,5c:62:8b:66:67:d2"
1791490812.086,"B,27976,10,78:8c:b5:f5:e7:26,0,0,60,2,-75,A,78:8c:b5:f5:e7:26"
1791490812.086,"B,27976,10,46:88:44:6e:4f:e4,5601,9,0,0,-24,S,5c:62:8b:66:67:d2"
1791490812.086,"B,27976,10,a6:4c:bd:b6:c7:99,60,2,0,0,-88,S,78:8c:b5:f5:e7:26"
1791490812.286,"B,28076,10,b2:db:ca:e6:29:a6,56,2,0,0,-21,S,5c:62:8b:66:67:d2"
1791490812.286,"B,28076,10,5c:62:8b:66:67:d2,0,0,5413,17,-49,A,5c:62:8b:66:67:d2"
1791490812.286,"B,28076,10,78:8c:b5:f5:e7:26,0,0,30,1,-75,A,78:8c:b5:f5:e7:26"
1791490812.286,"B,28076,10,46:88:44:6e:4f:e4,5133,7,0,0,-25,S,5c:62:8b:66:67:d2"
1791490812.286,"B,28076,10,72:3b:01:24:b7:c8,224,8,0,0,-17,S,5c:62:8b:66:67:d2"
1791490812.286,"B,28076,10,a6:4c:bd:b6:c7:99,30,1,0,0,-87,S,78:8c:b5:f5:e7:26"
1791490812.286,"B,28076,10,b0:a7:b9:23:82:ee,0,0,90,3,-85,A,b0:a7:b9:23:82:ee"
1791490812.286,"B,28076,10,3c:f0:11:24:00:90,90,3,0,0,-91,S,b0:a7:b9:23:82:ee"
1791490812.286,"B,28176,10,b2:db:ca:e6:29:a6,56,2,0,0,-21,S,5c:62:8b:66:67:d2"
1791490812.286,"B,28176,10,5c:62:8b:66:67:d2,0,0,8665,13,-49,A,5c:62:8b:66:67:d2"
1791490812.286,"B,28176,10,78:8c:b5:f5:e7:26,0,0,60,2,-75,A,78:8c:b5:f5:e7:26"
1791490812.286,"B,28176,10,46:88:44:6e:4f:e4,8609,11,0,0,-25,S,5c:62:8b:66:67:d2"
1791490812.286,"B,28176,10,a6:4c:bd:b6:c7:99,60,2,0,0,-87,S,78:8c:b5:f5:e7:26"
1791490812.488,"B,28276,10,b2:db:ca:e6:29:a6,28,1,0,0,-21,S,5c:62:8b:66:67:d2"
1791490812.488,"B,28276,10,5c:62:8b:66:67:d2,0,0,6381,12,-49,A,5c:62:8b:66:67:d2"
1791490812.488,"B,28276,10,78:8c:b5:f5:e7:26,0,0,30,1,-75,A,78:8c:b5:f5:e7:26"
1791490812.488,"B,28276,10,46:88:44:6e:4f:e4,6353,11,0,0,-25,S,5c:62:8b:66:67:d2"
1791490812.488,"B,28276,10,a6:4c:bd:b6:c7:99,30,1,0,0,-87,S,78:8c:b5:f5:e7:26"
1791490812.488,"B,28376,10,b2:db:ca:e6:29:a6,28,1,0,0,-23,S,5c:62:8b:66:67:d2"
1791490812.488,"B,28376,10,5c:62:8b:66:67:d2,0,0,1218,9,0,A,5c:62:8b:66:67:d2"
1791490812.488,"B,28376,10,46:88:44:6e:4f:e4,1078,4,0,0,-25,S,5c:62:8b:66:67:d2"
1791490812.488,"B,28376,10,72:3b:01:24:b7:c8,112,4,0,0,-17,S,5c:62:8b:66:67:d2"
1791490812.690,"B,28476,10,5c:62:8b:66:67:d2,0,0,14438,15,-50,A,5c:62:8b:66:67:d2"
1791490812.690,"B,28476,10,78:8c:b5:f5:e7:26,0,0,60,2,-75,A,78:8c:b5:f5:e7:26"
1791490812.690,"B,28476,10,46:88:44:6e:4f:e4,14438,15,0,0,-25,S,5c:62:8b:66:67:d2"
1791490812.690,"B,28476,10,a6:4c:bd:b6:c7:99,60,2,0,0,-89,S,78:8c:b5:f5:e7:26"
1791490812.690,"B,28576,10,5c:62:8b:66:67:d2,0,0,1078,4,-50,A,5c:62:8b:66:67:d2"
1791490812.690,"B,28576,10,78:8c:b5:f5:e7:26,0,0,30,1,-75,A,78:8c:b5:f5:e7:26"
1791490812.690,"B,28576,10,46:88:44:6e:4f:e4,1078,4,0,0,-25,S,5c:62:8b:66:67:d2"
1791490812.690,"B,28576,10,a6:4c:bd:b6:c7:99,30,1,0,0,-87,S,78:8c:b5:f5:e7:26"
1791490812.892,"B,28676,10,b2:db:ca:e6:29:a6,56,2,0,0,-21,S,5c:62:8b:66:67:d2"
1791490812.892,"B,28676,10,5c:62:8b:66:67:d2,0,0,5719,18,-50,A,5c:62:8b:66:67:d2"
1791490812.892,"B,28676,10,46:88:44:6e:4f:e4,5439,8,0,0,-25,S,5c:62:8b:66:67:d2"
1791490812.892,"B,28676,10,72:3b:01:24:b7:c8,224,8,0,0,-17,S,5c:62:8b:66:67:d2"
1791490812.892,"B,28776,10,b2:db:ca:e6:29:a6,28,1,0,0,-21,S,5c:62:8b:66:67:d2"
1791490812.892,"B,28776,10,5c:62:8b:66:67:d2,0,0,5893,12,-51,A,5c:62:8b:66:67:d2"
1791490812.892,"B,28776,10,46:88:44:6e:4f:e4,5809,9,0,0,-25,S,5c:62:8b:66:67:d2"
1791490812.892,"B,28776,10,72:3b:01:24:b7:c8,56,2,0,0,-17,S,5c:62:8b:66:67:d2"
1791490813.092,"B,28876,10,b2:db:ca:e6:29:a6,28,1,0,0,-21,S,5c:62:8b:66:67:d2"
1791490813.092,"B,28876,10,5c:62:8b:66:67:d2,0,0,8217,13,-48,A,5c:62:8b:66:67:d2"
1791490813.092,"B,28876,10,78:8c:b5:f5:e7:26,0,0,30,1,-75,A,78:8c:b5:f5:e7:26"
1791490813.092,"B,28876,10,46:88:44:6e:4f:e4,8105,9,0,0,-25,S,5c:62:8b:66:67:d2"
1791490813.092,"B,28876,10,72:3b:01:24:b7:c8,84,3,0,0,-17,S,5c:62:8b:66:67:d2"
1791490813.092,"B,28876,10,a6:4c:bd:b6:c7:99,30,1,0,0,-90,S,78:8c:b5:f5:e7:26"
1791490813.092,"B,28976,10,b2:db:ca:e6:29:a6,28,1,0,0,-23,S,5c:62:8b:66:67:d2"
1791490813.092,"B,28976,10,5c:62:8b:66:67:d2,3500,10,756,4,-49,A,5c:62:8b:66:67:d2"
1791490813.092,"B,28976,10,46:88:44:6e:4f:e4,700,2,0,0,-25,S,5c:62:8b:66:67:d2"
1791490813.092,"B,28976,10,72:3b:01:24:b7:c8,28,1,3500,10,-16,S,5c:62:8b:66:67:d2"
1791490813.294,"B,29076,10,b2:db:ca:e6:29:a6,56,2,0,0,-20,S,5c:62:8b:66:67:d2"
1791490813.294,"B,29076,10,5c:62:8b:66:67:d2,0,0,9371,17,-50,A,5c:62:8b:66:67:d2"
1791490813.294,"B,29076,10,46:88:44:6e:4f:e4,9315,15,0,0,-24,S,5c:62:8b:66:67:d2"
1791490813.294,"B,29176,10,b2:db:ca:e6:29:a6,56,2,0,0,-21,S,5c:62:8b:66:67:d2"
1791490813.294,"B,29176,10,5c:62:8b:66:67:d2,0,0,8213,14,-50,A,5c:62:8b:66:67:d2"
1791490813.294,"B,29176,10,46:88:44:6e:4f:e4,8073,9,0,0,-24,S,5c:62:8b:66:67:d2"
1791490813.294,"B,29176,10,72:3b:01:24:b7:c8,84,3,0,0,-18,S,5c:62:8b:66:67:d2"
1791490813.497,"B,29276,10,b2:db:ca:e6:29:a6,56,2,0,0,-23,S,5c:62:8b:66:67:d2"
1791490813.497,"B,29276,10,5c:62:8b:66:67:d2,0,0,3879,15,-50,A,5c:62:8b:66:67:d2"
1791490813.497,"B,29276,10,46:88:44:6e:4f:e4,3655,7,0,0,-23,S,5c:62:8b:66:67:d2"
1791490813.497,"B,29276,10,72:3b:01:24:b7:c8,168,6,0,0,-17,S,5c:62:8b:66:67:d2"
1791490813.497,"B,29376,10,b2:db:ca:e6:29:a6,84,3,0,0,-20,S,5c:62:8b:66:67:d2"
1791490813.497,"B,29376,10,5c:62:8b:66:67:d2,0,0,4061,10,-51,A,5c:62:8b:66:67:d2"
1791490813.497,"B,29376,10,78:8c:b5:f5:e7:26,0,0,30,1,-75,A,78:8c:b5:f5:e7:26"
1791490813.497,"B,29376,10,46:88:44:6e:4f:e4,3977,7,0,0,-25,S,5c:62:8b:66:67:d2"
1791490813.497,"B,29376,10,a6:4c:bd:b6:c7:99,30,1,0,0,-90,S,78:8c:b5:f5:e7:26"
1791490813.700,"B,29476,10,b2:db:ca:e6:29:a6,28,1,0,0,-21,S,5c:62:8b:66:67:d2"
1791490813.700,"B,29476,10,5c:62:8b:66:67:d2,0,0,6110,21,-49,A,5c:62:8b:66:67:d2"
1791490813.700,"B,29476,10,46:88:44:6e:4f:e4,5746,8,0,0,-25,S,5c:62:8b:66:67:d2"
1791490813.700,"B,29476,10,72:3b:01:24:b7:c8,336,12,0,0,-18,S,5c:62:8b:66:67:d2"
1791490813.700,"B,29576,10,5c:62:8b:66:67:d2,138,1,5399,12,-50,A,5c:62:8b:66:67:d2"
1791490813.700,"B,29576,10,78:8c:b5:f5:e7:26,0,0,60,2,-76,A,78:8c:b5:f5:e7:26"
1791490813.700,"B,29576,10,46:88:44:6e:4f:e4,5287,8,138,1,-25,S,5c:62:8b:66:67:d2"
1791490813.700,"B,29576,10,72:3b:01:24:b7:c8,112,4,0,0,-17,S,5c:62:8b:66:67:d2"
1791490813.700,"B,29576,10,a6:4c:bd:b6:c7:99,60,2,0,0,-88,S,78:8c:b5:f5:e7:26"
1791490813.901,"B,29676,10,b2:db:ca:e6:29:a6,56,2,0,0,-22,S,5c:62:8b:66:67:d2"
1791490813.901,"B,29676,10,5c:62:8b:66:67:d2,0,0,1578,8,-49,A,5c:62:8b:66:67:d2"
1791490813.901,"B,29676,10,46:88:44:6e:4f:e4,1522,6,0,0,-25,S,5c:62:8b:66:67:d2"
1791490813.901,"B,29776,10,b2:db:ca:e6:29:a6,56,2,0,0,-22,S,5c:62:8b:66:67:d2"
1791490813.901,"B,29776,10,5c:62:8b:66:67:d2,0,0,5773,14,-51,A,5c:62:8b:66:67:d2"
1791490813.901,"B,29776,10,46:88:44:6e:4f:e4,5605,8,0,0,-25,S,5c:62:8b:66:67:d2"
1791490813.901,"B,29776,10,72:3b:01:24:b7:c8,112,4,0,0,-17,S,5c:62:8b:66:67:d2"
1791490814.105,"B,29876,10,b2:db:ca:e6:29:a6,84,3,0,0,-23,S,5c:62:8b:66:67:d2"
1791490814.105,"B,29876,10,5c:62:8b:66:67:d2,0,0,5479,15,-50,A,5c:62:8b:66:67:d2"
1791490814.105,"B,29876,10,46:88:44:6e:4f:e4,5283,8,0,0,-25,S,5c:62:8b:66:67:d2"
1791490814.105,"B,29876,10,72:3b:01:24:b7:c8,112,4,0,0,-18,S,5c:62:8b:66:67:d2"
1791490814.105,"B,29976,10,b2:db:ca:e6:29:a6,28,1,0,0,-21,S,5c:62:8b:66:67:d2"
1791490814.105,"B,29976,10,5c:62:8b:66:67:d2,0,0,5443,14,-51,A,5c:62:8b:66:67:d2"
1791490814.105,"B,29976,10,46:88:44:6e:4f:e4,5275,8,0,0,-25,S,5c:62:8b:66:67:d2"
1791490814.105,"B,29976,10,72:3b:01:24:b7:c8,140,5,0,0,-17,S,5c:62:8b:66:67:d2"
1791490814.311,"B,30076,10,b2:db:ca:e6:29:a6,56,2,0,0,-21,S,5c:62:8b:66:67:d2"
1791490814.311,"B,30076,10,5c:62:8b:66:67:d2,0,0,4439,12,-50,A,5c:62:8b:66:67:d2"
1791490814.311,"B,30076,10,46:88:44:6e:4f:e4,4327,8,0,0,-25,S,5c:62:8b:66:67:d2"
1791490814.311,"B,30076,10,72:3b:01:24:b7:c8,56,2,0,0,-18,S,5c:62:8b:66:67:d2"
1791490814.311,"I,30087,stat,rx=5479,drops=0,ch=10,bin=100,hop=0,heap=203064"
1791490814.311,"B,30176,10,b2:db:ca:e6:29:a6,56,2,0,0,-22,S,5c:62:8b:66:67:d2"
1791490814.311,"B,30176,10,5c:62:8b:66:67:d2,0,0,3030,10,-50,A,5c:62:8b:66:67:d2"
1791490814.311,"B,30176,10,78:8c:b5:f5:e7:26,328,1,0,0,-76,A,78:8c:b5:f5:e7:26"
1791490814.311,"B,30176,10,46:88:44:6e:4f:e4,2918,6,0,0,-25,S,5c:62:8b:66:67:d2"
1791490814.311,"B,30176,10,72:3b:01:24:b7:c8,56,2,0,0,-18,S,5c:62:8b:66:67:d2"
1791490814.516,"B,30276,10,b2:db:ca:e6:29:a6,28,1,0,0,-21,S,5c:62:8b:66:67:d2"
1791490814.516,"B,30276,10,5c:62:8b:66:67:d2,0,0,7388,12,-50,A,5c:62:8b:66:67:d2"
1791490814.516,"B,30276,10,78:8c:b5:f5:e7:26,0,0,60,2,0,A,78:8c:b5:f5:e7:26"
1791490814.516,"B,30276,10,46:88:44:6e:4f:e4,7360,11,0,0,-25,S,5c:62:8b:66:67:d2"
1791490814.516,"B,30276,10,a6:4c:bd:b6:c7:99,60,2,0,0,-87,S,78:8c:b5:f5:e7:26"
1791490814.516,"B,30376,10,b2:db:ca:e6:29:a6,56,2,0,0,-21,S,5c:62:8b:66:67:d2"
1791490814.516,"B,30376,10,5c:62:8b:66:67:d2,0,0,5511,10,-50,A,5c:62:8b:66:67:d2"
1791490814.516,"B,30376,10,46:88:44:6e:4f:e4,5455,8,0,0,-24,S,5c:62:8b:66:67:d2"
1791490814.718,"B,30476,10,b2:db:ca:e6:29:a6,56,2,0,0,-20,S,5c:62:8b:66:67:d2"
1791490814.718,"B,30476,10,5c:62:8b:66:67:d2,0,0,5635,15,-50,A,5c:62:8b:66:67:d2"
1791490814.718,"B,30476,10,46:88:44:6e:4f:e4,5439,8,0,0,-24,S,5c:62:8b:66:67:d2"
1791490814.718,"B,30476,10,72:3b:01:24:b7:c8,140,5,0,0,-18,S,5c:62:8b:66:67:d2"
1791490814.718,"B,30576,10,b2:db:ca:e6:29:a6,84,3,0,0,-21,S,5c:62:8b:66:67:d2"
1791490814.718,"B,30576,10,5c:62:8b:66:67:d2,0,0,5189,11,-52,A,5c:62:8b:66:67:d2"
1791490814.718,"B,30576,10,46:88:44:6e:4f:e4,5077,7,0,0,-24,S,5c:62:8b:66:67:d2"
1791490814.718,"B,30576,10,72:3b:01:24:b7:c8,28,1,0,0,-18,S,5c:62:8b:66:67:d2"
1791490814.919,"B,30676,10,5c:62:8b:66:67:d2,0,0,5069,7,-51,A,5c:62:8b:66:67:d2"
1791490814.919,"B,30676,10,78:8c:b5:f5:e7:26,0,0,30,1,-76,A,78:8c:b5:f5:e7:26"
1791490814.919,"B,30676,10,46:88:44:6e:4f:e4,5069,7,0,0,-25,S,5c:62:8b:66:67:d2"
1791490814.919,"B,30676,10,a6:4c:bd:b6:c7:99,30,1,0,0,-88,S,78:8c:b5:f5:e7:26"
1791490814.919,"B,30776,10,b2:db:ca:e6:29:a6,112,4,0,0,-22,S,5c:62:8b:66:67:d2"
1791490814.919,"B,30776,10,5c:62:8b:66:67:d2,0,0,1302,12,-50,A,5c:62:8b:66:67:d2"
1791490814.919,"B,30776,10,46:88:44:6e:4f:e4,1078,4,0,0,-25,S,5c:62:8b:66:67:d2"
1791490814.919,"B,30776,10,72:3b:01:24:b7:c8,112,4,0,0,-18,S,5c:62:8b:66:67:d2"
1791490815.124,"B,30876,10,b2:db:ca:e6:29:a6,56,2,0,0,-21,S,5c:62:8b:66:67:d2"
1791490815.124,"B,30876,10,5c:62:8b:66:67:d2,0,0,5157,12,-50,A,5c:62:8b:66:67:d2"
1791490815.124,"B,30876,10,46:88:44:6e:4f:e4,4989,6,0,0,-25,S,5c:62:8b:66:67:d2"
1791490815.124,"B,30876,10,72:3b:01:24:b7:c8,112,4,0,0,-18,S,5c:62:8b:66:67:d2"
1791490815.124,"M,30947,slot,2,1"
1791490815.124,"B,30976,10,b2:db:ca:e6:29:a6,28,1,0,0,-22,S,5c:62:8b:66:67:d2"
1791490815.124,"B,30976,10,5c:62:8b:66:67:d2,0,0,5093,8,-52,A,5c:62:8b:66:67:d2"
1791490815.124,"B,30976,10,78:8c:b5:f5:e7:26,0,0,30,1,-76,A,78:8c:b5:f5:e7:26"
1791490815.124,"B,30976,10,46:88:44:6e:4f:e4,5065,7,0,0,-25,S,5c:62:8b:66:67:d2"
1791490815.124,"B,30976,10,a6:4c:bd:b6:c7:99,30,1,0,0,-89,S,78:8c:b5:f5:e7:26"
1791490815.330,"B,31076,10,b2:db:ca:e6:29:a6,84,3,0,0,-23,S,5c:62:8b:66:67:d2"
1791490815.330,"B,31076,10,5c:62:8b:66:67:d2,0,0,5035,18,-50,A,5c:62:8b:66:67:d2"
1791490815.330,"B,31076,10,46:88:44:6e:4f:e4,4699,6,0,0,-25,S,5c:62:8b:66:67:d2"
1791490815.330,"B,31076,10,72:3b:01:24:b7:c8,252,9,0,0,-18,S,5c:62:8b:66:67:d2"
1791490815.330,"B,31176,10,b2:db:ca:e6:29:a6,56,2,0,0,-20,S,5c:62:8b:66:67:d2"
1791490815.330,"B,31176,10,5c:62:8b:66:67:d2,0,0,8613,14,-50,A,5c:62:8b:66:67:d2"
1791490815.330,"B,31176,10,46:88:44:6e:4f:e4,8501,10,0,0,-25,S,5c:62:8b:66:67:d2"
1791490815.330,"B,31176,10,72:3b:01:24:b7:c8,56,2,0,0,-18,S,5c:62:8b:66:67:d2"
1791490815.534,"B,31276,10,b2:db:ca:e6:29:a6,28,1,0,0,-21,S,5c:62:8b:66:67:d2"
1791490815.534,"B,31276,10,5c:62:8b:66:67:d2,0,0,5853,12,-49,A,5c:62:8b:66:67:d2"
1791490815.534,"B,31276,10,46:88:44:6e:4f:e4,5769,9,0,0,-24,S,5c:62:8b:66:67:d2"
1791490815.534,"B,31276,10,72:3b:01:24:b7:c8,56,2,0,0,-18,S,5c:62:8b:66:67:d2"
1791490815.534,"B,31376,10,b2:db:ca:e6:29:a6,84,3,0,0,-22,S,5c:62:8b:66:67:d2"
1791490815.534,"B,31376,10,5c:62:8b:66:67:d2,0,0,2086,17,-50,A,5c:62:8b:66:67:d2"
1791490815.534,"B,31376,10,46:88:44:6e:4f:e4,1750,5,0,0,-24,S,5c:62:8b:66:67:d2"
1791490815.534,"B,31376,10,72:3b:01:24:b7:c8,252,9,0,0,-17,S,5c:62:8b:66:67:d2"
1791490815.737,"B,31476,10,5c:62:8b:66:67:d2,0,0,5245,13,-50,A,5c:62:8b:66:67:d2"
1791490815.737,"B,31476,10,46:88:44:6e:4f:e4,5077,7,0,0,-24,S,5c:62:8b:66:67:d2"
1791490815.737,"B,31476,10,72:3b:01:24:b7:c8,168,6,0,0,-17,S,5c:62:8b:66:67:d2"
1791490815.737,"B,31576,10,b2:db:ca:e6:29:a6,28,1,0,0,-21,S,5c:62:8b:66:67:d2"
1791490815.737,"B,31576,10,5c:62:8b:66:67:d2,0,0,5133,10,-50,A,5c:62:8b:66:67:d2"
1791490815.737,"B,31576,10,46:88:44:6e:4f:e4,5049,7,0,0,-24,S,5c:62:8b:66:67:d2"
1791490815.737,"B,31576,10,72:3b:01:24:b7:c8,56,2,0,0,-18,S,5c:62:8b:66:67:d2"
1791490815.940,"B,31676,10,5c:62:8b:66:67:d2,0,0,8023,19,-49,A,5c:62:8b:66:67:d2"
1791490815.940,"B,31676,10,46:88:44:6e:4f:e4,7715,8,0,0,-24,S,5c:62:8b:66:67:d2"
1791490815.940,"B,31676,10,72:3b:01:24:b7:c8,308,11,0,0,-17,S,5c:62:8b:66:67:d2"
1791490815.940,"B,31776,10,5c:62:8b:66:67:d2,0,0,6080,8,-50,A,5c:62:8b:66:67:d2"
1791490815.940,"B,31776,10,46:88:44:6e:4f:e4,6080,8,0,0,-23,S,5c:62:8b:66:67:d2"
1791490816.144,"B,31876,10,5c:62:8b:66:67:d2,0,0,6533,11,-51,A,5c:62:8b:66:67:d2"
1791490816.144,"B,31876,10,46:88:44:6e:4f:e4,6533,11,0,0,-24,S,5c:62:8b:66:67:d2"
1791490816.144,"B,31976,10,5c:62:8b:66:67:d2,0,0,1358,14,-50,A,5c:62:8b:66:67:d2"
1791490816.144,"B,31976,10,46:88:44:6e:4f:e4,1078,4,0,0,-24,S,5c:62:8b:66:67:d2"
1791490816.144,"B,31976,10,72:3b:01:24:b7:c8,280,10,0,0,-17,S,5c:62:8b:66:67:d2"
1791490816.347,"B,32076,10,5c:62:8b:66:67:d2,0,0,8576,10,-48,A,5c:62:8b:66:67:d2"
1791490816.347,"B,32076,10,46:88:44:6e:4f:e4,8576,10,0,0,-24,S,5c:62:8b:66:67:d2"
1791490816.347,"B,32176,10,5c:62:8b:66:67:d2,0,0,8133,9,-50,A,5c:62:8b:66:67:d2"
1791490816.347,"B,32176,10,46:88:44:6e:4f:e4,8133,9,0,0,-24,S,5c:62:8b:66:67:d2"
1791490816.550,"B,32276,10,b2:db:ca:e6:29:a6,56,2,0,0,-21,S,5c:62:8b:66:67:d2"
1791490816.550,"B,32276,10,5c:62:8b:66:67:d2,0,0,6171,17,-51,A,5c:62:8b:66:67:d2"
1791490816.550,"B,32276,10,46:88:44:6e:4f:e4,5975,10,0,0,-24,S,5c:62:8b:66:67:d2"
1791490816.550,"B,32276,10,72:3b:01:24:b7:c8,140,5,0,0,-18,S,5c:62:8b:66:67:d2"
1791490816.550,"B,32376,10,b2:db:ca:e6:29:a6,56,2,0,0,-21,S,5c:62:8b:66:67:d2"
1791490816.550,"B,32376,10,5c:62:8b:66:67:d2,0,0,6679,10,-50,A,5c:62:8b:66:67:d2"
1791490816.550,"B,32376,10,46:88:44:6e:4f:e4,6623,8,0,0,-24,S,5c:62:8b:66:67:d2"
1791490816.755,"B,32476,10,b2:db:ca:e6:29:a6,28,1,0,0,-21,S,5c:62:8b:66:67:d2"
1791490816.755,"B,32476,10,5c:62:8b:66:67:d2,0,0,6751,12,-51,A,5c:62:8b:66:67:d2"
1791490816.755,"B,32476,10,46:88:44:6e:4f:e4,6639,8,0,0,-24,S,5c:62:8b:66:67:d2"
1791490816.755,"B,32476,10,72:3b:01:24:b7:c8,84,3,0,0,-18,S,5c:62:8b:66:67:d2"
1791490816.755,"B,32576,10,b2:db:ca:e6:29:a6,84,3,0,0,-21,S,5c:62:8b:66:67:d2"
1791490816.755,"B,32576,10,5c:62:8b:66:67:d2,0,0,1302,12,0,A,5c:62:8b:66:67:d2"
1791490816.755,"B,32576,10,46:88:44:6e:4f:e4,1050,3,0,0,-24,S,5c:62:8b:66:67:d2"
1791490816.755,"B,32576,10,72:3b:01:24:b7:c8,168,6,0,0,-17,S,5c:62:8b:66:67:d2"
1791490816.959,"B,32676,10,b2:db:ca:e6:29:a6,56,2,0,0,-21,S,5c:62:8b:66:67:d2"
1791490816.959,"B,32676,10,5c:62:8b:66:67:d2,0,0,19758,22,-50,A,5c:62:8b:66:67:d2"
1791490816.959,"B,32676,10,46:88:44:6e:4f:e4,19674,19,0,0,-24,S,5c:62:8b:66:67:d2"
1791490816.959,"B,32676,10,72:3b:01:24:b7:c8,28,1,0,0,-18,S,5c:62:8b:66:67:d2"
1791490816.959,"B,32776,10,b2:db:ca:e6:29:a6,84,3,0,0,-22,S,5c:62:8b:66:67:d2"
1791490816.959,"B,32776,10,5c:62:8b:66:67:d2,0,0,1246,10,-50,A,5c:62:8b:66:67:d2"
1791490816.959,"B,32776,10,46:88:44:6e:4f:e4,1078,4,0,0,-25,S,5c:62:8b:66:67:d2"
1791490816.959,"B,32776,10,72:3b:01:24:b7:c8,84,3,0,0,-18,S,5c:62:8b:66:67:d2"
1791490817.164,"B,32876,10,5c:62:8b:66:67:d2,0,0,14494,24,-50,A,5c:62:8b:66:67:d2"
1791490817.164,"B,32876,10,46:88:44:6e:4f:e4,14354,19,0,0,-24,S,5c:62:8b:66:67:d2"
1791490817.164,"B,32876,10,72:3b:01:24:b7:c8,140,5,0,0,-18,S,5c:62:8b:66:67:d2"
1791490817.164,"B,32976,10,5c:62:8b:66:67:d2,0,0,5999,11,-49,A,5c:62:8b:66:67:d2"
1791490817.164,"B,32976,10,46:88:44:6e:4f:e4,5971,10,0,0,-24,S,5c:62:8b:66:67:d2"
1791490817.164,"B,32976,10,72:3b:01:24:b7:c8,28,1,0,0,-18,S,5c:62:8b:66:67:d2"
1791490817.365,"B,33076,10,b2:db:ca:e6:29:a6,28,1,0,0,-21,S,5c:62:8b:66:67:d2"
1791490817.365,"B,33076,10,5c:62:8b:66:67:d2,0,0,11847,21,-49,A,5c:62:8b:66:67:d2"
1791490817.365,"B,33076,10,78:8c:b5:f5:e7:26,80,1,0,0,-76,A,78:8c:b5:f5:e7:26"
1791490817.365,"B,33076,10,46:88:44:6e:4f:e4,11679,15,0,0,-24,S,5c:62:8b:66:67:d2"
1791490817.365,"B,33076,10,72:3b:01:24:b7:c8,140,5,0,0,-18,S,5c:62:8b:66:67:d2"
1791490817.365,"B,33176,10,b2:db:ca:e6:29:a6,28,1,0,0,-23,S,5c:62:8b:66:67:d2"
1791490817.365,"B,33176,10,5c:62:8b:66:67:d2,0,0,7375,18,-49,A,5c:62:8b:66:67:d2"
1791490817.365,"B,33176,10,46:88:44:6e:4f:e4,7151,10,0,0,-24,S,5c:62:8b:66:67:d2"
1791490817.365,"B,33176,10,72:3b:01:24:b7:c8,196,7,0,0,-18,S,5c:62:8b:66:67:d2"
1791490817.570,"B,33276,10,b2:db:ca:e6:29:a6,56,2,0,0,-21,S,5c:62:8b:66:67:d2"
1791490817.570,"B,33276,10,5c:62:8b:66:67:d2,0,0,7161,22,-51,A,5c:62:8b:66:67:d2"
1791490817.570,"B,33276,10,46:88:44:6e:4f:e4,6797,9,0,0,-24,S,5c:62:8b:66:67:d2"
1791490817.570,"B,33276,10,72:3b:01:24:b7:c8,308,11,0,0,-18,S,5c:62:8b:66:67:d2"
1791490817.570,"B,33376,10,b2:db:ca:e6:29:a6,56,2,0,0,-21,S,5c:62:8b:66:67:d2"
1791490817.570,"B,33376,10,5c:62:8b:66:67:d2,0,0,2212,10,-50,A,5c:62:8b:66:67:d2"
1791490817.570,"B,33376,10,46:88:44:6e:4f:e4,2128,7,0,0,-24,S,5c:62:8b:66:67:d2"
1791490817.570,"B,33376,10,72:3b:01:24:b7:c8,28,1,0,0,-18,S,5c:62:8b:66:67:d2"
1791490817.772,"B,33476,10,b2:db:ca:e6:29:a6,56,2,0,0,-22,S,5c:62:8b:66:67:d2"
1791490817.772,"B,33476,10,5c:62:8b:66:67:d2,0,0,8303,22,-50,A,5c:62:8b:66:67:d2"
1791490817.772,"B,33476,10,46:88:44:6e:4f:e4,8023,12,0,0,-24,S,5c:62:8b:66:67:d2"
1791490817.772,"B,33476,10,72:3b:01:24:b7:c8,224,8,0,0,-18,S,5c:62:8b:66:67:d2"
1791490817.772,"B,33576,10,b2:db:ca:e6:29:a6,56,2,0,0,-22,S,5c:62:8b:66:67:d2"
1791490817.772,"B,33576,10,5c:62:8b:66:67:d2,0,0,6857,11,-50,A,5c:62:8b:66:67:d2"
1791490817.772,"B,33576,10,46:88:44:6e:4f:e4,6773,8,0,0,-24,S,5c:62:8b:66:67:d2"
1791490817.772,"B,33576,10,72:3b:01:24:b7:c8,28,1,0,0,-18,S,5c:62:8b:66:67:d2"
1791490817.975,"B,33676,10,b2:db:ca:e6:29:a6,56,2,0,0,-20,S,5c:62:8b:66:67:d2"
1791490817.975,"B,33676,10,5c:62:8b:66:67:d2,0,0,4847,9,-49,A,5c:62:8b:66:67:d2"
1791490817.975,"B,33676,10,46:88:44:6e:4f:e4,4763,6,0,0,-24,S,5c:62:8b:66:67:d2"
1791490817.975,"B,33676,10,72:3b:01:24:b7:c8,28,1,0,0,-18,S,5c:62:8b:66:67:d2"
1791490817.975,"B,33776,10,b2:db:ca:e6:29:a6,56,2,0,0,-21,S,5c:62:8b:66:67:d2"
1791490817.975,"B,33776,10,5c:62:8b:66:67:d2,0,0,13339,19,-50,A,5c:62:8b:66:67:d2"
1791490817.975,"B,33776,10,46:88:44:6e:4f:e4,13283,17,0,0,-24,S,5c:62:8b:66:67:d2"
1791490818.178,"B,33876,10,b2:db:ca:e6:29:a6,56,2,0,0,-21,S,5c:62:8b:66:67:d2"
1791490818.178,"B,33876,10,5c:62:8b:66:67:d2,0,0,9149,24,-51,A,5c:62:8b:66:67:d2"
1791490818.178,"B,33876,10,46:88:44:6e:4f:e4,8785,11,0,0,-24,S,5c:62:8b:66:67:d2"
1791490818.178,"B,33876,10,72:3b:01:24:b7:c8,308,11,0,0,-18,S,5c:62:8b:66:67:d2"
1791490818.178,"B,33976,10,b2:db:ca:e6:29:a6,28,1,0,0,-23,S,5c:62:8b:66:67:d2"
1791490818.178,"B,33976,10,5c:62:8b:66:67:d2,0,0,11368,16,-51,A,5c:62:8b:66:67:d2"
1791490818.178,"B,33976,10,46:88:44:6e:4f:e4,11312,14,0,0,-25,S,5c:62:8b:66:67:d2"
1791490818.178,"B,33976,10,72:3b:01:24:b7:c8,28,1,0,0,-18,S,5c:62:8b:66:67:d2"
1791490818.381,"B,34076,10,5c:62:8b:66:67:d2,0,0,1456,6,-50,A,5c:62:8b:66:67:d2"
1791490818.381,"B,34076,10,46:88:44:6e:4f:e4,1456,6,0,0,-25,S,5c:62:8b:66:67:d2"
1791490818.381,"B,34176,10,5c:62:8b:66:67:d2,0,0,9232,18,-50,A,5c:62:8b:66:67:d2"
1791490818.381,"B,34176,10,46:88:44:6e:4f:e4,8980,9,0,0,-25,S,5c:62:8b:66:67:d2"
1791490818.381,"B,34176,10,72:3b:01:24:b7:c8,252,9,0,0,-17,S,5c:62:8b:66:67:d2"
1791490818.582,"B,34276,10,b2:db:ca:e6:29:a6,28,1,0,0,-21,S,5c:62:8b:66:67:d2"
1791490818.582,"B,34276,10,5c:62:8b:66:67:d2,0,0,9175,17,-49,A,5c:62:8b:66:67:d2"
1791490818.582,"B,34276,10,46:88:44:6e:4f:e4,9119,15,0,0,-25,S,5c:62:8b:66:67:d2"
1791490818.582,"B,34276,10,72:3b:01:24:b7:c8,28,1,0,0,-18,S,5c:62:8b:66:67:d2"
1791490818.582,"B,34376,10,b2:db:ca:e6:29:a6,56,2,0,0,-23,S,5c:62:8b:66:67:d2"
1791490818.582,"B,34376,10,5c:62:8b:66:67:d2,0,0,8381,16,-51,A,5c:62:8b:66:67:d2"
1791490818.582,"B,34376,10,46:88:44:6e:4f:e4,8269,12,0,0,-24,S,5c:62:8b:66:67:d2"
1791490818.582,"B,34376,10,72:3b:01:24:b7:c8,56,2,0,0,-18,S,5c:62:8b:66:67:d2"
1791490818.582,"B,34476,10,b2:db:ca:e6:29:a6,56,2,0,0,-21,S,5c:62:8b:66:67:d2"
1791490818.582,"B,34476,10,5c:62:8b:66:67:d2,1043,1,8621,14,-50,A,5c:62:8b:66:67:d2"
1791490818.582,"B,34476,10,46:88:44:6e:4f:e4,8509,10,0,0,-24,S,5c:62:8b:66:67:d2"
1791490818.782,"B,34476,10,72:3b:01:24:b7:c8,56,2,1043,1,-18,S,5c:62:8b:66:67:d2"
1791490818.782,"B,34576,10,b2:db:ca:e6:29:a6,56,2,0,0,-21,S,5c:62:8b:66:67:d2"
1791490818.782,"B,34576,10,5c:62:8b:66:67:d2,3150,3,9158,16,-50,A,5c:62:8b:66:67:d2"
1791490818.782,"B,34576,10,46:88:44:6e:4f:e4,9074,13,138,1,-24,S,5c:62:8b:66:67:d2"
1791490818.782,"B,34576,10,72:3b:01:24:b7:c8,28,1,3012,2,-18,S,5c:62:8b:66:67:d2"
1791490818.782,"B,34676,10,b2:db:ca:e6:29:a6,56,2,0,0,-22,S,5c:62:8b:66:67:d2"
1791490818.782,"B,34676,10,5c:62:8b:66:67:d2,0,0,2250,9,-50,A,5c:62:8b:66:67:d2"
1791490818.782,"B,34676,10,46:88:44:6e:4f:e4,2194,7,0,0,-25,S,5c:62:8b:66:67:d2"
1791490818.983,"B,34776,10,b2:db:ca:e6:29:a6,56,2,0,0,-22,S,5c:62:8b:66:67:d2"
1791490818.983,"B,34776,10,5c:62:8b:66:67:d2,0,0,5435,14,-49,A,5c:62:8b:66:67:d2"
1791490818.983,"B,34776,10,78:8c:b5:f5:e7:26,0,0,30,1,-76,A,78:8c:b5:f5:e7:26"
1791490818.983,"B,34776,10,46:88:44:6e:4f:e4,5267,8,0,0,-25,S,5c:62:8b:66:67:d2"
1791490818.983,"B,34776,10,72:3b:01:24:b7:c8,112,4,0,0,-18,S,5c:62:8b:66:67:d2"
1791490818.983,"B,34776,10,a6:4c:bd:b6:c7:99,30,1,0,0,-89,S,78:8c:b5:f5:e7:26"
1791490818.983,"B,34876,10,b2:db:ca:e6:29:a6,56,2,0,0,-21,S,5c:62:8b:66:67:d2"
1791490818.983,"B,34876,10,5c:62:8b:66:67:d2,0,0,6972,14,-49,A,5c:62:8b:66:67:d2"
1791490818.983,"B,34876,10,78:8c:b5:f5:e7:26,0,0,60,2,0,A,78:8c:b5:f5:e7:26"
1791490818.983,"B,34876,10,46:88:44:6e:4f:e4,6860,10,0,0,-25,S,5c:62:8b:66:67:d2"
1791490818.983,"B,34876,10,72:3b:01:24:b7:c8,56,2,0,0,-17,S,5c:62:8b:66:67:d2"
1791490818.983,"B,34876,10,a6:4c:bd:b6:c7:99,60,2,0,0,-90,S,78:8c:b5:f5:e7:26"
1791490819.183,"B,34976,10,5c:62:8b:66:67:d2,0,0,10496,19,-50,A,5c:62:8b:66:67:d2"
1791490819.183,"B,34976,10,78:8c:b5:f5:e7:26,506,2,0,0,-80,A,78:8c:b5:f5:e7:26"
1791490819.183,"B,34976,10,46:88:44:6e:4f:e4,10356,14,0,0,-25,S,5c:62:8b:66:67:d2"
1791490819.183,"B,34976,10,72:3b:01:24:b7:c8,140,5,0,0,-17,S,5c:62:8b:66:67:d2"
1791490819.183,"B,35076,10,b2:db:ca:e6:29:a6,28,1,0,0,-21,S,5c:62:8b:66:67:d2"
1791490819.183,"B,35076,10,5c:62:8b:66:67:d2,0,0,9107,16,-50,A,5c:62:8b:66:67:d2"
1791490819.383,"B,35076,10,46:88:44:6e:4f:e4,8995,12,0,0,-25,S,5c:62:8b:66:67:d2"
1791490819.383,"B,35076,10,72:3b:01:24:b7:c8,84,3,0,0,-17,S,5c:62:8b:66:67:d2"
1791490819.383,"I,35087,stat,rx=6362,drops=0,ch=10,bin=100,hop=0,heap=203064"
1791490819.383,"B,35176,10,5c:62:8b:66:67:d2,0,0,8338,15,-49,A,5c:62:8b:66:67:d2"
1791490819.383,"B,35176,10,46:88:44:6e:4f:e4,8226,11,0,0,-25,S,5c:62:8b:66:67:d2"
1791490819.383,"B,35176,10,72:3b:01:24:b7:c8,112,4,0,0,-17,S,5c:62:8b:66:67:d2"
1791490819.383,"B,35276,10,5c:62:8b:66:67:d2,0,0,1190,8,-50,A,5c:62:8b:66:67:d2"
1791490819.584,"B,35276,10,78:8c:b5:f5:e7:26,80,1,0,0,-76,A,78:8c:b5:f5:e7:26"
1791490819.584,"B,35276,10,46:88:44:6e:4f:e4,1078,4,0,0,-25,S,5c:62:8b:66:67:d2"
1791490819.584,"B,35276,10,72:3b:01:24:b7:c8,112,4,0,0,-18,S,5c:62:8b:66:67:d2"
1791490819.584,"B,35376,10,5c:62:8b:66:67:d2,0,0,10311,16,-48,A,5c:62:8b:66:67:d2"
1791490819.584,"B,35376,10,46:88:44:6e:4f:e4,10255,14,0,0,-25,S,5c:62:8b:66:67:d2"
1791490819.584,"B,35376,10,72:3b:01:24:b7:c8,56,2,0,0,-17,S,5c:62:8b:66:67:d2"
1791490819.584,"B,35476,10,5c:62:8b:66:67:d2,0,0,6323,15,-49,A,5c:62:8b:66:67:d2"
1791490819.584,"B,35476,10,46:88:44:6e:4f:e4,6183,10,0,0,-25,S,5c:62:8b:66:67:d2"
1791490819.584,"B,35476,10,72:3b:01:24:b7:c8,140,5,0,0,-18,S,5c:62:8b:66:67:d2"
1791490819.784,"B,35576,10,b2:db:ca:e6:29:a6,28,1,0,0,-21,S,5c:62:8b:66:67:d2"
1791490819.784,"B,35576,10,5c:62:8b:66:67:d2,0,0,6061,14,-49,A,5c:62:8b:66:67:d2"
1791490819.784,"B,35576,10,46:88:44:6e:4f:e4,6033,13,0,0,-25,S,5c:62:8b:66:67:d2"
1791490819.784,"B,35676,10,5c:62:8b:66:67:d2,0,0,9853,18,-50,A,5c:62:8b:66:67:d2"
1791490819.784,"B,35676,10,46:88:44:6e:4f:e4,9741,14,0,0,-24,S,5c:62:8b:66:67:d2"
1791490819.784,"B,35676,10,72:3b:01:24:b7:c8,112,4,0,0,-18,S,5c:62:8b:66:67:d2"
1791490819.985,"B,35776,10,b2:db:ca:e6:29:a6,112,4,0,0,-21,S,5c:62:8b:66:67:d2"
1791490819.985,"B,35776,10,5c:62:8b:66:67:d2,0,0,11945,20,-49,A,5c:62:8b:66:67:d2"
1791490819.985,"B,35776,10,46:88:44:6e:4f:e4,11721,12,0,0,-24,S,5c:62:8b:66:67:d2"
1791490819.985,"B,35776,10,72:3b:01:24:b7:c8,112,4,0,0,-18,S,5c:62:8b:66:67:d2"
1791490819.985,"B,35876,10,b2:db:ca:e6:29:a6,56,2,145,1,-20,S,5c:62:8b:66:67:d2"
1791490819.985,"B,35876,10,5c:62:8b:66:67:d2,145,1,1134,6,-49,A,5c:62:8b:66:67:d2"
1791490819.985,"B,35876,10,46:88:44:6e:4f:e4,1078,4,0,0,-23,S,5c:62:8b:66:67:d2"
1791490820.185,"B,35976,10,b2:db:ca:e6:29:a6,28,1,0,0,-21,S,5c:62:8b:66:67:d2"
1791490820.185,"B,35976,10,5c:62:8b:66:67:d2,0,0,8265,16,-50,A,5c:62:8b:66:67:d2"
1791490820.185,"B,35976,10,46:88:44:6e:4f:e4,8153,12,0,0,-25,S,5c:62:8b:66:67:d2"
1791490820.185,"B,35976,10,72:3b:01:24:b7:c8,84,3,0,0,-17,S,5c:62:8b:66:67:d2"
1791490820.185,"M,36026,slot,3,0"
1791490820.185,"B,36076,10,b2:db:ca:e6:29:a6,28,1,0,0,-19,S,5c:62:8b:66:67:d2"
1791490820.185,"B,36076,10,5c:62:8b:66:67:d2,0,0,5427,13,-50,A,5c:62:8b:66:67:d2"
1791490820.185,"B,36076,10,46:88:44:6e:4f:e4,5287,8,0,0,-25,S,5c:62:8b:66:67:d2"
1791490820.185,"B,36076,10,72:3b:01:24:b7:c8,112,4,0,0,-17,S,5c:62:8b:66:67:d2"
1791490820.386,"B,36176,10,b2:db:ca:e6:29:a6,84,3,0,0,-22,S,5c:62:8b:66:67:d2"
1791490820.386,"B,36176,10,5c:62:8b:66:67:d2,0,0,8226,14,-50,A,5c:62:8b:66:67:d2"
1791490820.386,"B,36176,10,46:88:44:6e:4f:e4,8142,11,0,0,-25,S,5c:62:8b:66:67:d2"
1791490820.386,"B,36276,10,b2:db:ca:e6:29:a6,28,1,0,0,-21,S,5c:62:8b:66:67:d2"
1791490820.386,"B,36276,10,5c:62:8b:66:67:d2,6133,5,6196,9,-50,A,5c:62:8b:66:67:d2"
1791490820.386,"B,36276,10,46:88:44:6e:4f:e4,6168,8,0,0,-25,S,5c:62:8b:66:67:d2"
1791490820.386,"B,36276,10,72:3b:01:24:b7:c8,0,0,6133,5,0,S,5c:62:8b:66:67:d2"
1791490820.586,"B,36376,10,b2:db:ca:e6:29:a6,28,1,0,0,-21,S,5c:62:8b:66:67:d2"
1791490820.586,"B,36376,10,5c:62:8b:66:67:d2,0,0,6430,13,-50,A,5c:62:8b:66:67:d2"
1791490820.586,"B,36376,10,46:88:44:6e:4f:e4,6318,9,0,0,-25,S,5c:62:8b:66:67:d2"
1791490820.586,"B,36376,10,72:3b:01:24:b7:c8,84,3,0,0,-18,S,5c:62:8b:66:67:d2"
1791490820.586,"B,36476,10,b2:db:ca:e6:29:a6,56,2,0,0,-21,S,5c:62:8b:66:67:d2"
1791490820.586,"B,36476,10,5c:62:8b:66:67:d2,0,0,1190,8,-50,A,5c:62:8b:66:67:d2"
1791490820.586,"B,36476,10,46:88:44:6e:4f:e4,1050,3,0,0,-25,S,5c:62:8b:66:67:d2"
1791490820.586,"B,36476,10,72:3b:01:24:b7:c8,84,3,0,0,-18,S,5c:62:8b:66:67:d2"
1791490820.787,"B,36576,10,b2:db:ca:e6:29:a6,56,2,0,0,-21,S,5c:62:8b:66:67:d2"
1791490820.787,"B,36576,10,5c:62:8b:66:67:d2,0,0,6634,19,-50,A,5c:62:8b:66:67:d2"
1791490820.787,"B,36576,10,46:88:44:6e:4f:e4,6354,9,0,0,-25,S,5c:62:8b:66:67:d2"
1791490820.787,"B,36576,10,72:3b:01:24:b7:c8,224,8,0,0,-17,S,5c:62:8b:66:67:d2"
1791490820.787,"B,36676,10,b2:db:ca:e6:29:a6,56,2,0,0,-22,S,5c:62:8b:66:67:d2"
1791490820.787,"B,36676,10,5c:62:8b:66:67:d2,0,0,5725,13,-48,A,5c:62:8b:66:67:d2"
1791490820.787,"B,36676,10,46:88:44:6e:4f:e4,5613,9,0,0,-25,S,5c:62:8b:66:67:d2"
1791490820.787,"B,36676,10,72:3b:01:24:b7:c8,56,2,0,0,-18,S,5c:62:8b:66:67:d2"
1791490820.988,"B,36776,10,b2:db:ca:e6:29:a6,84,3,0,0,-20,S,5c:62:8b:66:67:d2"
1791490820.988,"B,36776,10,5c:62:8b:66:67:d2,0,0,5343,11,-50,A,5c:62:8b:66:67:d2"
1791490820.988,"B,36776,10,46:88:44:6e:4f:e4,5259,8,0,0,-25,S,5c:62:8b:66:67:d2"
1791490820.988,"B,36876,10,b2:db:ca:e6:29:a6,56,2,0,0,-21,S,5c:62:8b:66:67:d2"
1791490820.988,"B,36876,10,5c:62:8b:66:67:d2,0,0,9004,22,-50,A,5c:62:8b:66:67:d2"
1791490820.988,"B,36876,10,46:88:44:6e:4f:e4,8724,12,0,0,-25,S,5c:62:8b:66:67:d2"
1791490820.988,"B,36876,10,72:3b:01:24:b7:c8,224,8,0,0,-17,S,5c:62:8b:66:67:d2"
1791490821.190,"B,36976,10,b2:db:ca:e6:29:a6,56,2,0,0,-21,S,5c:62:8b:66:67:d2"
1791490821.190,"B,36976,10,5c:62:8b:66:67:d2,0,0,6715,11,0,A,5c:62:8b:66:67:d2"
1791490821.190,"B,36976,10,46:88:44:6e:4f:e4,6631,8,0,0,-24,S,5c:62:8b:66:67:d2"
1791490821.190,"B,36976,10,72:3b:01:24:b7:c8,28,1,0,0,-17,S,5c:62:8b:66:67:d2"
1791490821.190,"B,37076,10,b2:db:ca:e6:29:a6,28,1,0,0,-23,S,5c:62:8b:66:67:d2"
1791490821.190,"B,37076,10,5c:62:8b:66:67:d2,0,0,2478,8,-50,A,5c:62:8b:66:67:d2"
1791490821.190,"B,37076,10,78:8c:b5:f5:e7:26,80,1,0,0,-77,A,78:8c:b5:f5:e7:26"
1791490821.190,"B,37076,10,46:88:44:6e:4f:e4,2450,7,0,0,-25,S,5c:62:8b:66:67:d2"
1791490821.391,"B,37176,10,b2:db:ca:e6:29:a6,56,2,0,0,-21,S,5c:62:8b:66:67:d2"
1791490821.391,"B,37176,10,5c:62:8b:66:67:d2,0,0,8703,20,-50,A,5c:62:8b:66:67:d2"
1791490821.391,"B,37176,10,46:88:44:6e:4f:e4,8423,10,0,0,-24,S,5c:62:8b:66:67:d2"
1791490821.391,"B,37176,10,72:3b:01:24:b7:c8,224,8,0,0,-17,S,5c:62:8b:66:67:d2"
1791490821.391,"B,37276,10,b2:db:ca:e6:29:a6,28,1,0,0,-21,S,5c:62:8b:66:67:d2"
1791490821.391,"B,37276,10,5c:62:8b:66:67:d2,0,0,11189,13,-49,A,5c:62:8b:66:67:d2"
1791490821.391,"B,37276,10,46:88:44:6e:4f:e4,11133,11,0,0,-24,S,5c:62:8b:66:67:d2"
1791490821.391,"B,37276,10,72:3b:01:24:b7:c8,28,1,0,0,-18,S,5c:62:8b:66:67:d2"
1791490821.592,"B,37376,10,b2:db:ca:e6:29:a6,56,2,0,0,-23,S,5c:62:8b:66:67:d2"
1791490821.592,"B,37376,10,5c:62:8b:66:67:d2,0,0,7339,12,-51,A,5c:62:8b:66:67:d2"
1791490821.592,"B,37376,10,46:88:44:6e:4f:e4,7283,10,0,0,-25,S,5c:62:8b:66:67:d2"
1791490821.592,"B,37476,10,b2:db:ca:e6:29:a6,56,2,0,0,-20,S,5c:62:8b:66:67:d2"
1791490821.592,"B,37476,10,5c:62:8b:66:67:d2,0,0,13362,35,-50,A,5c:62:8b:66:67:d2"
1791490821.592,"B,37476,10,46:88:44:6e:4f:e4,12802,15,0,0,-25,S,5c:62:8b:66:67:d2"
1791490821.592,"B,37476,10,72:3b:01:24:b7:c8,504,18,0,0,-17,S,5c:62:8b:66:67:d2"
1791490821.792,"B,37576,10,b2:db:ca:e6:29:a6,56,2,0,0,-21,S,5c:62:8b:66:67:d2"
1791490821.792,"B,37576,10,5c:62:8b:66:67:d2,0,0,7325,14,-50,A,5c:62:8b:66:67:d2"
1791490821.792,"B,37576,10,46:88:44:6e:4f:e4,7241,11,0,0,-25,S,5c:62:8b:66:67:d2"
1791490821.792,"B,37576,10,72:3b:01:24:b7:c8,28,1,0,0,-18,S,5c:62:8b:66:67:d2"
1791490821.792,"B,37676,10,b2:db:ca:e6:29:a6,56,2,0,0,-23,S,5c:62:8b:66:67:d2"
1791490821.792,"B,37676,10,5c:62:8b:66:67:d2,0,0,1190,8,-49,A,5c:62:8b:66:67:d2"
1791490821.792,"B,37676,10,46:88:44:6e:4f:e4,1050,3,0,0,-25,S,5c:62:8b:66:67:d2"
1791490821.792,"B,37676,10,72:3b:01:24:b7:c8,84,3,0,0,-17,S,5c:62:8b:66:67:d2"
1791490821.994,"B,37776,10,b2:db:ca:e6:29:a6,56,2,0,0,-21,S,5c:62:8b:66:67:d2"
1791490821.994,"B,37776,10,5c:62:8b:66:67:d2,0,0,5007,14,-50,A,5c:62:8b:66:67:d2"
1791490821.994,"B,37776,10,46:88:44:6e:4f:e4,4783,6,0,0,-25,S,5c:62:8b:66:67:d2"
1791490821.994,"B,37776,10,72:3b:01:24:b7:c8,168,6,0,0,-17,S,5c:62:8b:66:67:d2"
1791490821.994,"B,37876,10,b2:db:ca:e6:29:a6,56,2,0,0,-21,S,5c:62:8b:66:67:d2"
1791490821.994,"B,37876,10,5c:62:8b:66:67:d2,0,0,4677,11,-49,A,5c:62:8b:66:67:d2"
1791490821.994,"B,37876,10,46:88:44:6e:4f:e4,4621,9,0,0,-25,S,5c:62:8b:66:67:d2"
1791490822.198,"B,37976,10,b2:db:ca:e6:29:a6,28,1,0,0,-22,S,5c:62:8b:66:67:d2"
1791490822.198,"B,37976,10,5c:62:8b:66:67:d2,0,0,11845,17,-49,A,5c:62:8b:66:67:d2"
1791490822.198,"B,37976,10,46:88:44:6e:4f:e4,11705,12,0,0,-25,S,5c:62:8b:66:67:d2"
1791490822.198,"B,37976,10,72:3b:01:24:b7:c8,112,4,0,0,-18,S,5c:62:8b:66:67:d2"
1791490822.198,"B,38076,10,b2:db:ca:e6:29:a6,56,2,0,0,-21,S,5c:62:8b:66:67:d2"
1791490822.198,"B,38076,10,5c:62:8b:66:67:d2,0,0,5989,15,-50,A,5c:62:8b:66:67:d2"
1791490822.198,"B,38076,10,78:8c:b5:f5:e7:26,80,1,0,0,-77,A,78:8c:b5:f5:e7:26"
1791490822.198,"B,38076,10,46:88:44:6e:4f:e4,5821,9,0,0,-25,S,5c:62:8b:66:67:d2"
1791490822.198,"B,38076,10,72:3b:01:24:b7:c8,112,4,0,0,-17,S,5c:62:8b:66:67:d2"
1791490822.399,"B,38176,10,b2:db:ca:e6:29:a6,56,2,0,0,-21,S,5c:62:8b:66:67:d2"
1791490822.399,"B,38176,10,5c:62:8b:66:67:d2,0,0,10807,16,-50,A,5c:62:8b:66:67:d2"
1791490822.399,"B,38176,10,46:88:44:6e:4f:e4,10723,13,0,0,-25,S,5c:62:8b:66:67:d2"
1791490822.399,"B,38176,10,72:3b:01:24:b7:c8,28,1,0,0,-18,S,5c:62:8b:66:67:d2"
1791490822.399,"B,38276,10,b2:db:ca:e6:29:a6,56,2,0,0,-21,S,5c:62:8b:66:67:d2"
1791490822.399,"B,38276,10,5c:62:8b:66:67:d2,0,0,1596,11,-51,A,5c:62:8b:66:67:d2"
1791490822.399,"B,38276,10,46:88:44:6e:4f:e4,1428,5,0,0,-23,S,5c:62:8b:66:67:d2"
1791490822.399,"B,38276,10,72:3b:01:24:b7:c8,112,4,0,0,-17,S,5c:62:8b:66:67:d2"
1791490822.604,"B,38376,10,b2:db:ca:e6:29:a6,84,3,0,0,-21,S,5c:62:8b:66:67:d2"
1791490822.604,"B,38376,10,5c:62:8b:66:67:d2,0,0,9501,19,-50,A,5c:62:8b:66:67:d2"
1791490822.604,"B,38376,10,46:88:44:6e:4f:e4,9305,12,0,0,-25,S,5c:62:8b:66:67:d2"
1791490822.604,"B,38376,10,72:3b:01:24:b7:c8,112,4,0,0,-18,S,5c:62:8b:66:67:d2"
1791490822.604,"B,38476,10,5c:62:8b:66:67:d2,0,0,5105,8,-49,A,5c:62:8b:66:67:d2"
1791490822.604,"B,38476,10,46:88:44:6e:4f:e4,5077,7,0,0,-24,S,5c:62:8b:66:67:d2"
1791490822.604,"B,38476,10,72:3b:01:24:b7:c8,28,1,0,0,-18,S,5c:62:8b:66:67:d2"
1791490822.810,"B,38576,10,b2:db:ca:e6:29:a6,56,2,0,0,-22,S,5c:62:8b:66:67:d2"
1791490822.810,"B,38576,10,5c:62:8b:66:67:d2,0,0,13267,19,-49,A,5c:62:8b:66:67:d2"
1791490822.810,"B,38576,10,46:88:44:6e:4f:e4,13099,13,0,0,-24,S,5c:62:8b:66:67:d2"
1791490822.810,"B,38576,10,72:3b:01:24:b7:c8,112,4,0,0,-18,S,5c:62:8b:66:67:d2"
1791490822.810,"B,38676,10,b2:db:ca:e6:29:a6,56,2,0,0,-21,S,5c:62:8b:66:67:d2"
1791490822.810,"B,38676,10,5c:62:8b:66:67:d2,0,0,6001,15,-50,A,5c:62:8b:66:67:d2"
1791490822.810,"B,38676,10,46:88:44:6e:4f:e4,5833,9,0,0,-25,S,5c:62:8b:66:67:d2"
1791490822.810,"B,38676,10,72:3b:01:24:b7:c8,112,4,0,0,-18,S,5c:62:8b:66:67:d2"
1791490823.014,"B,38776,10,b2:db:ca:e6:29:a6,56,2,0,0,-21,S,5c:62:8b:66:67:d2"
1791490823.014,"B,38776,10,5c:62:8b:66:67:d2,0,0,2402,10,-49,A,5c:62:8b:66:67:d2"
1791490823.014,"B,38776,10,46:88:44:6e:4f:e4,2234,4,0,0,-25,S,5c:62:8b:66:67:d2"
1791490823.014,"B,38776,10,72:3b:01:24:b7:c8,112,4,0,0,-18,S,5c:62:8b:66:67:d2"
1791490823.014,"B,38876,10,b2:db:ca:e6:29:a6,56,2,0,0,-21,S,5c:62:8b:66:67:d2"
1791490823.014,"B,38876,10,5c:62:8b:66:67:d2,0,0,1134,6,-50,A,5c:62:8b:66:67:d2"
1791490823.014,"B,38876,10,46:88:44:6e:4f:e4,1050,3,0,0,-25,S,5c:62:8b:66:67:d2"
1791490823.014,"B,38876,10,72:3b:01:24:b7:c8,28,1,0,0,-18,S,5c:62:8b:66:67:d2"
1791490823.219,"B,38976,10,b2:db:ca:e6:29:a6,84,3,0,0,-21,S,5c:62:8b:66:67:d2"
1791490823.219,"B,38976,10,5c:62:8b:66:67:d2,0,0,6037,17,-51,A,5c:62:8b:66:67:d2"
1791490823.219,"B,38976,10,78:8c:b5:f5:e7:26,0,0,30,1,-76,A,78:8c:b5:f5:e7:26"
1791490823.219,"B,38976,10,46:88:44:6e:4f:e4,5813,9,0,0,-25,S,5c:62:8b:66:67:d2"
1791490823.219,"B,38976,10,72:3b:01:24:b7:c8,140,5,0,0,-18,S,5c:62:8b:66:67:d2"
1791490823.219,"B,38976,10,a6:4c:bd:b6:c7:99,30,1,0,0,-92,S,78:8c:b5:f5:e7:26"
1791490823.219,"B,39076,10,b2:db:ca:e6:29:a6,56,2,0,0,-21,S,5c:62:8b:66:67:d2"
1791490823.219,"B,39076,10,5c:62:8b:66:67:d2,0,0,6755,15,-49,A,5c:62:8b:66:67:d2"
1791490823.219,"B,39076,10,78:8c:b5:f5:e7:26,160,2,30,1,-81,A,78:8c:b5:f5:e7:26"
1791490823.219,"B,39076,10,46:88:44:6e:4f:e4,6559,8,0,0,-25,S,5c:62:8b:66:67:d2"
1791490823.219,"B,39076,10,72:3b:01:24:b7:c8,140,5,0,0,-18,S,5c:62:8b:66:67:d2"
1791490823.219,"B,39076,10,a6:4c:bd:b6:c7:99,30,1,0,0,-89,S,78:8c:b5:f5:e7:26"
1791490823.424,"B,39176,10,b2:db:ca:e6:29:a6,56,2,0,0,-22,S,5c:62:8b:66:67:d2"
1791490823.424,"B,39176,10,5c:62:8b:66:67:d2,0,0,8193,11,-49,A,5c:62:8b:66:67:d2"
1791490823.424,"B,39176,10,78:8c:b5:f5:e7:26,141,1,0,0,-78,A,78:8c:b5:f5:e7:26"
1791490823.424,"B,39176,10,46:88:44:6e:4f:e4,8137,9,0,0,-25,S,5c:62:8b:66:67:d2"
1791490823.424,"B,39276,10,b2:db:ca:e6:29:a6,56,2,0,0,-21,S,5c:62:8b:66:67:d2"
1791490823.424,"B,39276,10,5c:62:8b:66:67:d2,0,0,7113,15,-49,A,5c:62:8b:66:67:d2"
1791490823.424,"B,39276,10,46:88:44:6e:4f:e4,6945,9,0,0,-25,S,5c:62:8b:66:67:d2"
1791490823.424,"B,39276,10,72:3b:01:24:b7:c8,112,4,0,0,-17,S,5c:62:8b:66:67:d2"
1791490823.629,"B,39376,10,b2:db:ca:e6:29:a6,28,1,0,0,-21,S,5c:62:8b:66:67:d2"
1791490823.629,"B,39376,10,5c:62:8b:66:67:d2,0,0,8459,15,-50,A,5c:62:8b:66:67:d2"
1791490823.629,"B,39376,10,78:8c:b5:f5:e7:26,0,0,30,1,-77,A,78:8c:b5:f5:e7:26"
1791490823.629,"B,39376,10,46:88:44:6e:4f:e4,8319,10,0,0,-25,S,5c:62:8b:66:67:d2"
1791490823.629,"B,39376,10,72:3b:01:24:b7:c8,112,4,0,0,-17,S,5c:62:8b:66:67:d2"
1791490823.629,"B,39376,10,a6:4c:bd:b6:c7:99,30,1,0,0,-91,S,78:8c:b5:f5:e7:26"
1791490823.629,"B,39476,10,b2:db:ca:e6:29:a6,28,1,0,0,-23,S,5c:62:8b:66:67:d2"
1791490823.629,"B,39476,10,5c:62:8b:66:67:d2,0,0,1946,12,-48,A,5c:62:8b:66:67:d2"
1791490823.629,"B,39476,10,78:8c:b5:f5:e7:26,0,0,30,1,0,A,78:8c:b5:f5:e7:26"
1791490823.629,"B,39476,10,46:88:44:6e:4f:e4,1750,5,0,0,-25,S,5c:62:8b:66:67:d2"
1791490823.629,"B,39476,10,72:3b:01:24:b7:c8,168,6,0,0,-17,S,5c:62:8b:66:67:d2"
1791490823.629,"B,39476,10,a6:4c:bd:b6:c7:99,30,1,0,0,-90,S,78:8c:b5:f5:e7:26"
1791490823.831,"B,39576,10,b2:db:ca:e6:29:a6,56,2,0,0,-21,S,5c:62:8b:66:67:d2"
1791490823.831,"B,39576,10,5c:62:8b:66:67:d2,0,0,6095,15,-49,A,5c:62:8b:66:67:d2"
1791490823.831,"B,39576,10,46:88:44:6e:4f:e4,5955,10,0,0,-25,S,5c:62:8b:66:67:d2"
1791490823.831,"B,39576,10,72:3b:01:24:b7:c8,84,3,0,0,-18,S,5c:62:8b:66:67:d2"
1791490823.831,"B,39676,10,b2:db:ca:e6:29:a6,56,2,0,0,-20,S,5c:62:8b:66:67:d2"
1791490823.831,"B,39676,10,5c:62:8b:66:67:d2,138,1,8987,15,-50,A,5c:62:8b:66:67:d2"
1791490823.831,"B,39676,10,46:88:44:6e:4f:e4,8903,12,138,1,-24,S,5c:62:8b:66:67:d2"
1791490823.831,"B,39676,10,72:3b:01:24:b7:c8,28,1,0,0,-18,S,5c:62:8b:66:67:d2"
1791490824.034,"B,39776,10,b2:db:ca:e6:29:a6,56,2,0,0,-21,S,5c:62:8b:66:67:d2"
1791490824.034,"B,39776,10,5c:62:8b:66:67:d2,0,0,5523,10,-50,A,5c:62:8b:66:67:d2"
1791490824.034,"B,39776,10,46:88:44:6e:4f:e4,5467,8,0,0,-24,S,5c:62:8b:66:67:d2"
1791490824.034,"B,39876,10,b2:db:ca:e6:29:a6,56,2,0,0,-22,S,5c:62:8b:66:67:d2"
1791490824.034,"B,39876,10,5c:62:8b:66:67:d2,0,0,5909,19,-49,A,5c:62:8b:66:67:d2"
1791490824.034,"B,39876,10,46:88:44:6e:4f:e4,5629,9,0,0,-24,S,5c:62:8b:66:67:d2"
1791490824.034,"B,39876,10,72:3b:01:24:b7:c8,224,8,0,0,-17,S,5c:62:8b:66:67:d2"
1791490824.237,"B,39976,10,b2:db:ca:e6:29:a6,56,2,0,0,-20,S,5c:62:8b:66:67:d2"
1791490824.237,"B,39976,10,5c:62:8b:66:67:d2,0,0,2905,10,-50,A,5c:62:8b:66:67:d2"
1791490824.237,"B,39976,10,46:88:44:6e:4f:e4,2821,7,0,0,-25,S,5c:62:8b:66:67:d2"
1791490824.237,"B,39976,10,72:3b:01:24:b7:c8,28,1,0,0,-17,S,5c:62:8b:66:67:d2"
1791490824.237,"B,40076,10,b2:db:ca:e6:29:a6,56,2,0,0,-21,S,5c:62:8b:66:67:d2"
1791490824.237,"B,40076,10,5c:62:8b:66:67:d2,0,0,4928,10,-50,A,5c:62:8b:66:67:d2"
1791490824.237,"B,40076,10,46:88:44:6e:4f:e4,4872,8,0,0,-25,S,5c:62:8b:66:67:d2"
1791490824.237,"I,40088,stat,rx=7214,drops=0,ch=10,bin=100,hop=0,heap=203064"
1791490824.442,"B,40176,10,b2:db:ca:e6:29:a6,28,1,0,0,-21,S,5c:62:8b:66:67:d2"
1791490824.442,"B,40176,10,5c:62:8b:66:67:d2,0,0,5731,19,-50,A,5c:62:8b:66:67:d2"
1791490824.442,"B,40176,10,46:88:44:6e:4f:e4,5423,8,0,0,-25,S,5c:62:8b:66:67:d2"
1791490824.442,"B,40176,10,72:3b:01:24:b7:c8,280,10,0,0,-17,S,5c:62:8b:66:67:d2"
1791490824.442,"B,40276,10,b2:db:ca:e6:29:a6,84,3,0,0,-21,S,5c:62:8b:66:67:d2"
1791490824.442,"B,40276,10,5c:62:8b:66:67:d2,0,0,8365,17,-50,A,5c:62:8b:66:67:d2"
1791490824.442,"B,40276,10,78:8c:b5:f5:e7:26,0,0,30,1,-76,A,78:8c:b5:f5:e7:26"
1791490824.442,"B,40276,10,46:88:44:6e:4f:e4,8141,9,0,0,-25,S,5c:62:8b:66:67:d2"
1791490824.442,"B,40276,10,72:3b:01:24:b7:c8,140,5,0,0,-18,S,5c:62:8b:66:67:d2"
1791490824.442,"B,40276,10,a6:4c:bd:b6:c7:99,30,1,0,0,-90,S,78:8c:b5:f5:e7:26"
1791490824.647,"B,40376,10,b2:db:ca:e6:29:a6,28,1,0,0,-23,S,5c:62:8b:66:67:d2"
1791490824.647,"B,40376,10,5c:62:8b:66:67:d2,0,0,5625,10,-50,A,5c:62:8b:66:67:d2"
1791490824.647,"B,40376,10,46:88:44:6e:4f:e4,5597,9,0,0,-25,S,5c:62:8b:66:67:d2"
1791490824.647,"B,40476,10,b2:db:ca:e6:29:a6,28,1,0,0,-21,S,5c:62:8b:66:67:d2"
1791490824.647,"B,40476,10,5c:62:8b:66:67:d2,0,0,6408,17,-50,A,5c:62:8b:66:67:d2"
1791490824.647,"B,40476,10,46:88:44:6e:4f:e4,6156,8,0,0,-25,S,5c:62:8b:66:67:d2"
1791490824.647,"B,40476,10,72:3b:01:24:b7:c8,224,8,0,0,-17,S,5c:62:8b:66:67:d2"
1791490824.851,"B,40576,10,b2:db:ca:e6:29:a6,28,1,0,0,-21,S,5c:62:8b:66:67:d2"
1791490824.851,"B,40576,10,5c:62:8b:66:67:d2,0,0,1078,4,-50,A,5c:62:8b:66:67:d2"
1791490824.851,"B,40576,10,46:88:44:6e:4f:e4,1050,3,0,0,-25,S,5c:62:8b:66:67:d2"
1791490824.851,"B,40676,10,5c:62:8b:66:67:d2,0,0,7178,11,-49,A,5c:62:8b:66:67:d2"
1791490824.851,"B,40676,10,46:88:44:6e:4f:e4,7178,11,0,0,-25,S,5c:62:8b:66:67:d2"
1791490825.057,"B,40776,10,5c:62:8b:66:67:d2,0,0,6949,16,-50,A,5c:62:8b:66:67:d2"
1791490825.057,"B,40776,10,78:8c:b5:f5:e7:26,0,0,30,1,-77,A,78:8c:b5:f5:e7:26"
1791490825.057,"B,40776,10,46:88:44:6e:4f:e4,6753,9,0,0,-25,S,5c:62:8b:66:67:d2"
1791490825.057,"B,40776,10,72:3b:01:24:b7:c8,196,7,0,0,-18,S,5c:62:8b:66:67:d2"
1791490825.057,"B,40776,10,a6:4c:bd:b6:c7:99,30,1,0,0,-94,S,78:8c:b5:f5:e7:26"
1791490825.057,"B,40876,10,b2:db:ca:e6:29:a6,28,1,0,0,-21,S,5c:62:8b:66:67:d2"
1791490825.057,"B,40876,10,5c:62:8b:66:67:d2,0,0,6318,10,-50,A,5c:62:8b:66:67:d2"
1791490825.057,"B,40876,10,78:8c:b5:f5:e7:26,0,0,30,1,-77,A,78:8c:b5:f5:e7:26"
1791490825.057,"B,40876,10,46:88:44:6e:4f:e4,6290,9,0,0,-25,S,5c:62:8b:66:67:d2"
1791490825.057,"B,40876,10,a6:4c:bd:b6:c7:99,30,1,0,0,-93,S,78:8c:b5:f5:e7:26"
1791490825.261,"B,40976,10,b2:db:ca:e6:29:a6,84,3,0,0,-19,S,5c:62:8b:66:67:d2"
1791490825.261,"B,40976,10,5c:62:8b:66:67:d2,0,0,7931,18,-49,A,5c:62:8b:66:67:d2"
1791490825.261,"B,40976,10,46:88:44:6e:4f:e4,7735,11,0,0,-24,S,5c:62:8b:66:67:d2"
1791490825.261,"B,40976,10,72:3b:01:24:b7:c8,112,4,0,0,-18,S,5c:62:8b:66:67:d2"
1791490825.261,"B,41076,10,b2:db:ca:e6:29:a6,28,1,0,0,-21,S,5c:62:8b:66:67:d2"
1791490825.261,"B,41076,10,5c:62:8b:66:67:d2,0,0,6304,13,-50,A,5c:62:8b:66:67:d2"
1791490825.261,"B,41076,10,78:8c:b5:f5:e7:26,80,1,0,0,-79,A,78:8c:b5:f5:e7:26"
1791490825.261,"B,41076,10,46:88:44:6e:4f:e4,6164,8,0,0,-24,S,5c:62:8b:66:67:d2"
1791490825.261,"B,41076,10,72:3b:01:24:b7:c8,112,4,0,0,-18,S,5c:62:8b:66:67:d2"
1791490825.261,"M,41096,slot,4,1"
1791490825.465,"B,41176,10,b2:db:ca:e6:29:a6,56,2,0,0,-21,S,5c:62:8b:66:67:d2"
1791490825.465,"B,41176,10,5c:62:8b:66:67:d2,0,0,5697,12,0,A,5c:62:8b:66:67:d2"
1791490825.465,"B,41176,10,78:8c:b5:f5:e7:26,0,0,30,1,-76,A,78:8c:b5:f5:e7:26"
1791490825.465,"B,41176,10,46:88:44:6e:4f:e4,5613,9,0,0,-24,S,5c:62:8b:66:67:d2"
1791490825.465,"B,41176,10,72:3b:01:24:b7:c8,28,1,0,0,-18,S,5c:62:8b:66:67:d2"
1791490825.465,"B,41176,10,a6:4c:bd:b6:c7:99,30,1,0,0,-91,S,78:8c:b5:f5:e7:26"
1791490825.465,"B,41276,10,b2:db:ca:e6:29:a6,56,2,0,0,-21,S,5c:62:8b:66:67:d2"
1791490825.465,"B,41276,10,5c:62:8b:66:67:d2,0,0,1190,8,-50,A,5c:62:8b:66:67:d2"
1791490825.465,"B,41276,10,46:88:44:6e:4f:e4,1050,3,0,0,-25,S,5c:62:8b:66:67:d2"
1791490825.465,"B,41276,10,72:3b:01:24:b7:c8,84,3,0,0,-18,S,5c:62:8b:66:67:d2"
1791490825.667,"B,41376,10,b2:db:ca:e6:29:a6,56,2,0,0,-21,S,5c:62:8b:66:67:d2"
1791490825.667,"B,41376,10,5c:62:8b:66:67:d2,0,0,6823,16,-51,A,5c:62:8b:66:67:d2"
1791490825.667,"B,41376,10,46:88:44:6e:4f:e4,6599,8,0,0,-25,S,5c:62:8b:66:67:d2"
1791490825.667,"B,41376,10,72:3b:01:24:b7:c8,168,6,0,0,-17,S,5c:62:8b:66:67:d2"
1791490825.667,"B,41476,10,b2:db:ca:e6:29:a6,28,1,0,0,-23,S,5c:62:8b:66:67:d2"
1791490825.667,"B,41476,10,5c:62:8b:66:67:d2,0,0,5647,14,-50,A,5c:62:8b:66:67:d2"
1791490825.667,"B,41476,10,46:88:44:6e:4f:e4,5479,8,0,0,-25,S,5c:62:8b:66:67:d2"
1791490825.667,"B,41476,10,72:3b:01:24:b7:c8,140,5,0,0,-17,S,5c:62:8b:66:67:d2"
1791490825.869,"B,41576,10,b2:db:ca:e6:29:a6,84,3,0,0,-21,S,5c:62:8b:66:67:d2"
1791490825.869,"B,41576,10,5c:62:8b:66:67:d2,0,0,4579,17,-49,A,5c:62:8b:66:67:d2"
1791490825.869,"B,41576,10,78:8c:b5:f5:e7:26,0,0,30,1,-76,A,78:8c:b5:f5:e7:26"
1791490825.869,"B,41576,10,46:88:44:6e:4f:e4,4299,7,0,0,-25,S,5c:62:8b:66:67:d2"
1791490825.869,"B,41576,10,72:3b:01:24:b7:c8,196,7,0,0,-17,S,5c:62:8b:66:67:d2"
1791490825.869,"B,41576,10,a6:4c:bd:b6:c7:99,30,1,0,0,-90,S,78:8c:b5:f5:e7:26"
1791490825.869,"B,41676,10,5c:62:8b:66:67:d2,0,0,2261,10,-50,A,5c:62:8b:66:67:d2"
1791490825.869,"B,41676,10,46:88:44:6e:4f:e4,2121,5,0,0,-25,S,5c:62:8b:66:67:d2"
1791490825.869,"B,41676,10,72:3b:01:24:b7:c8,140,5,0,0,-17,S,5c:62:8b:66:67:d2"
1791490826.074,"B,41776,10,b2:db:ca:e6:29:a6,56,2,0,0,-21,S,5c:62:8b:66:67:d2"
1791490826.074,"B,41776,10,5c:62:8b:66:67:d2,0,0,8749,14,-50,A,5c:62:8b:66:67:d2"
1791490826.074,"B,41776,10,46:88:44:6e:4f:e4,8665,11,0,0,-25,S,5c:62:8b:66:67:d2"
1791490826.074,"B,41776,10,72:3b:01:24:b7:c8,28,1,0,0,-17,S,5c:62:8b:66:67:d2"
1791490826.074,"B,41876,10,b2:db:ca:e6:29:a6,56,2,0,0,-21,S,5c:62:8b:66:67:d2"
1791490826.074,"B,41876,10,5c:62:8b:66:67:d2,0,0,1190,8,-50,A,5c:62:8b:66:67:d2"
1791490826.074,"B,41876,10,46:88:44:6e:4f:e4,1050,3,0,0,-25,S,5c:62:8b:66:67:d2"
1791490826.074,"B,41876,10,72:3b:01:24:b7:c8,84,3,0,0,-17,S,5c:62:8b:66:67:d2"
1791490826.277,"B,41976,10,b2:db:ca:e6:29:a6,56,2,0,0,-21,S,5c:62:8b:66:67:d2"
1791490826.277,"B,41976,10,5c:62:8b:66:67:d2,0,0,7008,16,-49,A,5c:62:8b:66:67:d2"
1791490826.277,"B,41976,10,46:88:44:6e:4f:e4,6840,10,0,0,-25,S,5c:62:8b:66:67:d2"
1791490826.277,"B,41976,10,72:3b:01:24:b7:c8,112,4,0,0,-17,S,5c:62:8b:66:67:d2"
1791490826.277,"B,42076,10,b2:db:ca:e6:29:a6,84,3,0,0,-22,S,5c:62:8b:66:67:d2"
1791490826.277,"B,42076,10,5c:62:8b:66:67:d2,0,0,12111,22,-50,A,5c:62:8b:66:67:d2"
1791490826.277,"B,42076,10,46:88:44:6e:4f:e4,11859,13,0,0,-25,S,5c:62:8b:66:67:d2"
1791490826.277,"B,42076,10,72:3b:01:24:b7:c8,168,6,0,0,-17,S,5c:62:8b:66:67:d2"
1791490826.478,"B,42176,10,b2:db:ca:e6:29:a6,56,2,0,0,-21,S,5c:62:8b:66:67:d2"
1791490826.478,"B,42176,10,5c:62:8b:66:67:d2,0,0,5849,11,-50,A,5c:62:8b:66:67:d2"
1791490826.478,"B,42176,10,46:88:44:6e:4f:e4,5793,9,0,0,-25,S,5c:62:8b:66:67:d2"
1791490826.478,"B,42276,10,b2:db:ca:e6:29:a6,56,2,0,0,-21,S,5c:62:8b:66:67:d2"
1791490826.478,"B,42276,10,5c:62:8b:66:67:d2,0,0,6501,17,-49,A,5c:62:8b:66:67:d2"
1791490826.478,"B,42276,10,46:88:44:6e:4f:e4,6333,11,0,0,-24,S,5c:62:8b:66:67:d2"
1791490826.478,"B,42276,10,72:3b:01:24:b7:c8,112,4,0,0,-17,S,5c:62:8b:66:67:d2"
1791490826.679,"B,42376,10,b2:db:ca:e6:29:a6,56,2,0,0,-21,S,5c:62:8b:66:67:d2"
1791490826.679,"B,42376,10,5c:62:8b:66:67:d2,0,0,5329,14,-51,A,5c:62:8b:66:67:d2"
1791490826.679,"B,42376,10,46:88:44:6e:4f:e4,5133,7,0,0,-24,S,5c:62:8b:66:67:d2"
1791490826.679,"B,42376,10,72:3b:01:24:b7:c8,140,5,0,0,-17,S,5c:62:8b:66:67:d2"
1791490826.679,"B,42476,10,b2:db:ca:e6:29:a6,84,3,0,0,-23,S,5c:62:8b:66:67:d2"
1791490826.679,"B,42476,10,5c:62:8b:66:67:d2,0,0,1328,8,-49,A,5c:62:8b:66:67:d2"
1791490826.679,"B,42476,10,46:88:44:6e:4f:e4,1216,4,0,0,-25,S,5c:62:8b:66:67:d2"
1791490826.679,"B,42476,10,72:3b:01:24:b7:c8,28,1,0,0,-17,S,5c:62:8b:66:67:d2"
1791490826.880,"B,42576,10,b2:db:ca:e6:29:a6,28,1,0,0,-21,S,5c:62:8b:66:67:d2"
1791490826.880,"B,42576,10,5c:62:8b:66:67:d2,0,0,5265,13,-50,A,5c:62:8b:66:67:d2"
1791490826.880,"B,42576,10,46:88:44:6e:4f:e4,5097,7,0,0,-24,S,5c:62:8b:66:67:d2"
1791490826.880,"B,42576,10,72:3b:01:24:b7:c8,140,5,0,0,-17,S,5c:62:8b:66:67:d2"
1791490826.880,"B,42676,10,b2:db:ca:e6:29:a6,56,2,0,0,-21,S,5c:62:8b:66:67:d2"
1791490826.880,"B,42676,10,5c:62:8b:66:67:d2,0,0,8459,17,-48,A,5c:62:8b:66:67:d2"
1791490826.880,"B,42676,10,46:88:44:6e:4f:e4,8263,10,0,0,-25,S,5c:62:8b:66:67:d2"
1791490826.880,"B,42676,10,72:3b:01:24:b7:c8,140,5,0,0,-17,S,5c:62:8b:66:67:d2"
1791490826.880,"B,42776,10,b2:db:ca:e6:29:a6,28,1,0,0,-21,S,5c:62:8b:66:67:d2"
1791490826.880,"B,42776,10,5c:62:8b:66:67:d2,0,0,784,5,-49,A,5c:62:8b:66:67:d2"
1791490826.880,"B,42776,10,46:88:44:6e:4f:e4,728,3,0,0,-25,S,5c:62:8b:66:67:d2"
1791490827.080,"B,42776,10,72:3b:01:24:b7:c8,28,1,0,0,-18,S,5c:62:8b:66:67:d2"
1791490827.080,"B,42876,10,5c:62:8b:66:67:d2,0,0,10026,15,-50,A,5c:62:8b:66:67:d2"
1791490827.080,"B,42876,10,46:88:44:6e:4f:e4,9970,13,0,0,-24,S,5c:62:8b:66:67:d2"
1791490827.080,"B,42876,10,72:3b:01:24:b7:c8,56,2,0,0,-17,S,5c:62:8b:66:67:d2"
1791490827.080,"B,42976,10,5c:62:8b:66:67:d2,0,0,2149,6,-50,A,5c:62:8b:66:67:d2"
1791490827.080,"B,42976,10,46:88:44:6e:4f:e4,2121,5,0,0,-25,S,5c:62:8b:66:67:d2"
1791490827.080,"B,42976,10,72:3b:01:24:b7:c8,28,1,0,0,-18,S,5c:62:8b:66:67:d2"
1791490827.280,"B,43076,10,5c:62:8b:66:67:d2,0,0,7550,9,-50,A,5c:62:8b:66:67:d2"
1791490827.280,"B,43076,10,46:88:44:6e:4f:e4,7550,9,0,0,-25,S,5c:62:8b:66:67:d2"
1791490827.280,"B,43176,10,5c:62:8b:66:67:d2,0,0,6565,19,-50,A,5c:62:8b:66:67:d2"
1791490827.280,"B,43176,10,46:88:44:6e:4f:e4,6341,11,0,0,-25,S,5c:62:8b:66:67:d2"
1791490827.481,"B,43176,10,72:3b:01:24:b7:c8,224,8,0,0,-17,S,5c:62:8b:66:67:d2"
1791490827.481,"B,43276,10,5c:62:8b:66:67:d2,0,0,5271,9,-49,A,5c:62:8b:66:67:d2"
1791490827.481,"B,43276,10,46:88:44:6e:4f:e4,5243,8,0,0,-24,S,5c:62:8b:66:67:d2"
1791490827.481,"B,43276,10,72:3b:01:24:b7:c8,28,1,0,0,-18,S,5c:62:8b:66:67:d2"
1791490827.481,"B,43376,10,5c:62:8b:66:67:d2,0,0,6571,8,-50,A,5c:62:8b:66:67:d2"
1791490827.481,"B,43376,10,46:88:44:6e:4f:e4,6571,8,0,0,-25,S,5c:62:8b:66:67:d2"
1791490827.681,"B,43476,10,b2:db:ca:e6:29:a6,28,1,0,0,-21,S,5c:62:8b:66:67:d2"
1791490827.681,"B,43476,10,5c:62:8b:66:67:d2,0,0,8336,22,-51,A,5c:62:8b:66:67:d2"
1791490827.681,"B,43476,10,46:88:44:6e:4f:e4,8000,10,0,0,-25,S,5c:62:8b:66:67:d2"
1791490827.681,"B,43476,10,72:3b:01:24:b7:c8,308,11,0,0,-17,S,5c:62:8b:66:67:d2"
1791490827.681,"B,43576,10,b2:db:ca:e6:29:a6,28,1,0,0,-21,S,5c:62:8b:66:67:d2"
1791490827.681,"B,43576,10,5c:62:8b:66:67:d2,0,0,2345,13,-50,A,5c:62:8b:66:67:d2"
1791490827.681,"B,43576,10,46:88:44:6e:4f:e4,2121,5,0,0,-24,S,5c:62:8b:66:67:d2"
1791490827.881,"B,43576,10,72:3b:01:24:b7:c8,196,7,0,0,-17,S,5c:62:8b:66:67:d2"
1791490827.881,"B,43676,10,b2:db:ca:e6:29:a6,112,4,0,0,-21,S,5c:62:8b:66:67:d2"
1791490827.881,"B,43676,10,5c:62:8b:66:67:d2,0,0,5802,11,-49,A,5c:62:8b:66:67:d2"
1791490827.881,"B,43676,10,46:88:44:6e:4f:e4,5690,7,0,0,-25,S,5c:62:8b:66:67:d2"
1791490827.881,"B,43776,10,5c:62:8b:66:67:d2,0,0,8709,13,-49,A,5c:62:8b:66:67:d2"
1791490828.082,"B,43776,10,46:88:44:6e:4f:e4,8653,11,0,0,-24,S,5c:62:8b:66:67:d2"
1791490828.082,"B,43776,10,72:3b:01:24:b7:c8,56,2,0,0,-18,S,5c:62:8b:66:67:d2"
1791490828.082,"B,43876,10,b2:db:ca:e6:29:a6,56,2,0,0,-21,S,5c:62:8b:66:67:d2"
1791490828.082,"B,43876,10,5c:62:8b:66:67:d2,0,0,7050,13,-50,A,5c:62:8b:66:67:d2"
1791490828.082,"B,43876,10,46:88:44:6e:4f:e4,6994,11,0,0,-24,S,5c:62:8b:66:67:d2"
1791490828.082,"B,43976,10,b2:db:ca:e6:29:a6,56,2,0,0,-21,S,5c:62:8b:66:67:d2"
1791490828.082,"B,43976,10,5c:62:8b:66:67:d2,0,0,5319,10,-50,A,5c:62:8b:66:67:d2"
1791490828.082,"B,43976,10,46:88:44:6e:4f:e4,5263,8,0,0,-25,S,5c:62:8b:66:67:d2"
1791490828.282,"B,44076,10,b2:db:ca:e6:29:a6,56,2,0,0,-22,S,5c:62:8b:66:67:d2"
1791490828.282,"B,44076,10,5c:62:8b:66:67:d2,0,0,6407,18,-50,A,5c:62:8b:66:67:d2"
1791490828.282,"B,44076,10,46:88:44:6e:4f:e4,6183,10,0,0,-25,S,5c:62:8b:66:67:d2"
1791490828.282,"B,44076,10,72:3b:01:24:b7:c8,168,6,0,0,-18,S,5c:62:8b:66:67:d2"
1791490828.282,"B,44176,10,b2:db:ca:e6:29:a6,28,1,0,0,-21,S,5c:62:8b:66:67:d2"
1791490828.282,"B,44176,10,5c:62:8b:66:67:d2,0,0,1190,8,-50,A,5c:62:8b:66:67:d2"
1791490828.282,"B,44176,10,46:88:44:6e:4f:e4,1078,4,0,0,-25,S,5c:62:8b:66:67:d2"
1791490828.282,"B,44176,10,72:3b:01:24:b7:c8,84,3,0,0,-18,S,5c:62:8b:66:67:d2"
1791490828.482,"B,44276,10,5c:62:8b:66:67:d2,0,0,5101,8,-50,A,5c:62:8b:66:67:d2"
1791490828.482,"B,44276,10,46:88:44:6e:4f:e4,5045,6,0,0,-25,S,5c:62:8b:66:67:d2"
1791490828.482,"B,44276,10,72:3b:01:24:b7:c8,56,2,0,0,-18,S,5c:62:8b:66:67:d2"
1791490828.482,"B,44376,10,5c:62:8b:66:67:d2,0,0,7415,14,-49,A,5c:62:8b:66:67:d2"
1791490828.482,"B,44376,10,46:88:44:6e:4f:e4,7303,10,0,0,-25,S,5c:62:8b:66:67:d2"
1791490828.482,"B,44376,10,72:3b:01:24:b7:c8,112,4,0,0,-18,S,5c:62:8b:66:67:d2"
1791490828.682,"B,44476,10,5c:62:8b:66:67:d2,0,0,8693,10,-51,A,5c:62:8b:66:67:d2"
1791490828.682,"B,44476,10,46:88:44:6e:4f:e4,8693,10,0,0,-25,S,5c:62:8b:66:67:d2"
1791490828.682,"B,44576,10,5c:62:8b:66:67:d2,138,1,9155,15,-50,A,5c:62:8b:66:67:d2"
1791490828.682,"B,44576,10,46:88:44:6e:4f:e4,9043,11,138,1,-25,S,5c:62:8b:66:67:d2"
1791490828.883,"B,44576,10,72:3b:01:24:b7:c8,112,4,0,0,-18,S,5c:62:8b:66:67:d2"
1791490828.883,"B,44676,10,5c:62:8b:66:67:d2,0,0,10970,15,-49,A,5c:62:8b:66:67:d2"
1791490828.883,"B,44676,10,46:88:44:6e:4f:e4,10914,13,0,0,-25,S,5c:62:8b:66:67:d2"
1791490828.883,"B,44676,10,72:3b:01:24:b7:c8,56,2,0,0,-17,S,5c:62:8b:66:67:d2"
1791490828.883,"B,44776,10,b2:db:ca:e6:29:a6,56,2,0,0,-21,S,5c:62:8b:66:67:d2"
1791490828.883,"B,44776,10,5c:62:8b:66:67:d2,0,0,2995,10,-50,A,5c:62:8b:66:67:d2"
1791490828.883,"B,44776,10,46:88:44:6e:4f:e4,2939,8,0,0,-25,S,5c:62:8b:66:67:d2"
1791490829.083,"B,44876,10,b2:db:ca:e6:29:a6,28,1,0,0,-23,S,5c:62:8b:66:67:d2"
1791490829.083,"B,44876,10,5c:62:8b:66:67:d2,0,0,6639,12,-49,A,5c:62:8b:66:67:d2"
1791490829.083,"B,44876,10,46:88:44:6e:4f:e4,6499,7,0,0,-25,S,5c:62:8b:66:67:d2"
1791490829.083,"B,44876,10,72:3b:01:24:b7:c8,112,4,0,0,-18,S,5c:62:8b:66:67:d2"
1791490829.083,"B,44976,10,b2:db:ca:e6:29:a6,28,1,0,0,-21,S,5c:62:8b:66:67:d2"
1791490829.083,"B,44976,10,5c:62:8b:66:67:d2,123,1,5189,12,-50,A,5c:62:8b:66:67:d2"
1791490829.083,"B,44976,10,46:88:44:6e:4f:e4,5049,7,123,1,-24,S,5c:62:8b:66:67:d2"
1791490829.283,"B,44976,10,72:3b:01:24:b7:c8,112,4,0,0,-17,S,5c:62:8b:66:67:d2"
1791490829.283,"B,45076,10,b2:db:ca:e6:29:a6,28,1,0,0,-21,S,5c:62:8b:66:67:d2"
1791490829.283,"B,45076,10,5c:62:8b:66:67:d2,0,0,5491,11,-49,A,5c:62:8b:66:67:d2"
1791490829.283,"B,45076,10,78:8c:b5:f5:e7:26,0,0,30,1,-76,A,78:8c:b5:f5:e7:26"
1791490829.283,"B,45076,10,46:88:44:6e:4f:e4,5463,10,0,0,-24,S,5c:62:8b:66:67:d2"
1791490829.283,"B,45076,10,a6:4c:bd:b6:c7:99,30,1,0,0,-91,S,78:8c:b5:f5:e7:26"
1791490829.283,"I,45091,stat,rx=8039,drops=0,ch=10,bin=100,hop=0,heap=203064"
1791490829.283,"B,45176,10,b2:db:ca:e6:29:a6,112,4,0,0,-21,S,5c:62:8b:66:67:d2"
1791490829.283,"B,45176,10,5c:62:8b:66:67:d2,0,0,6619,20,-48,A,5c:62:8b:66:67:d2"
1791490829.283,"B,45176,10,46:88:44:6e:4f:e4,6395,12,0,0,-24,S,5c:62:8b:66:67:d2"
1791490829.283,"B,45176,10,72:3b:01:24:b7:c8,112,4,0,0,-18,S,5c:62:8b:66:67:d2"
1791490829.483,"B,45276,10,b2:db:ca:e6:29:a6,28,1,0,0,-21,S,5c:62:8b:66:67:d2"
1791490829.483,"B,45276,10,5c:62:8b:66:67:d2,0,0,5575,13,-49,A,5c:62:8b:66:67:d2"
1791490829.483,"B,45276,10,46:88:44:6e:4f:e4,5435,8,0,0,-25,S,5c:62:8b:66:67:d2"
1791490829.483,"B,45276,10,72:3b:01:24:b7:c8,112,4,0,0,-18,S,5c:62:8b:66:67:d2"
1791490829.483,"B,45376,10,b2:db:ca:e6:29:a6,56,2,0,0,-21,S,5c:62:8b:66:67:d2"
1791490829.483,"B,45376,10,5c:62:8b:66:67:d2,0,0,1302,12,-50,A,5c:62:8b:66:67:d2"
1791490829.483,"B,45376,10,46:88:44:6e:4f:e4,1050,3,0,0,-25,S,5c:62:8b:66:67:d2"
1791490829.483,"B,45376,10,72:3b:01:24:b7:c8,196,7,0,0,-19,S,5c:62:8b:66:67:d2"
1791490829.685,"B,45476,10,b2:db:ca:e6:29:a6,28,1,0,0,-23,S,5c:62:8b:66:67:d2"
1791490829.685,"B,45476,10,5c:62:8b:66:67:d2,0,0,5673,11,0,A,5c:62:8b:66:67:d2"
1791490829.685,"B,45476,10,46:88:44:6e:4f:e4,5617,9,0,0,-25,S,5c:62:8b:66:67:d2"
1791490829.685,"B,45476,10,72:3b:01:24:b7:c8,28,1,0,0,-18,S,5c:62:8b:66:67:d2"
1791490829.685,"B,45576,10,b2:db:ca:e6:29:a6,56,2,0,0,-21,S,5c:62:8b:66:67:d2"
1791490829.685,"B,45576,10,5c:62:8b:66:67:d2,0,0,6999,22,-49,A,5c:62:8b:66:67:d2"
1791490829.685,"B,45576,10,46:88:44:6e:4f:e4,6607,8,0,0,-25,S,5c:62:8b:66:67:d2"
1791490829.685,"B,45576,10,72:3b:01:24:b7:c8,336,12,0,0,-17,S,5c:62:8b:66:67:d2"
1791490829.885,"B,45676,10,b2:db:ca:e6:29:a6,56,2,0,0,-23,S,5c:62:8b:66:67:d2"
1791490829.885,"B,45676,10,5c:62:8b:66:67:d2,0,0,7234,18,-49,A,5c:62:8b:66:67:d2"
1791490829.885,"B,45676,10,78:8c:b5:f5:e7:26,0,0,30,1,-76,A,78:8c:b5:f5:e7:26"
1791490829.885,"B,45676,10,46:88:44:6e:4f:e4,7038,11,0,0,-25,S,5c:62:8b:66:67:d2"
1791490829.885,"B,45676,10,72:3b:01:24:b7:c8,140,5,0,0,-18,S,5c:62:8b:66:67:d2"
1791490829.885,"B,45676,10,a6:4c:bd:b6:c7:99,30,1,0,0,-88,S,78:8c:b5:f5:e7:26"
1791490829.885,"B,45776,10,b2:db:ca:e6:29:a6,28,1,0,0,-23,S,5c:62:8b:66:67:d2"
1791490829.885,"B,45776,10,5c:62:8b:66:67:d2,0,0,8827,14,-50,A,5c:62:8b:66:67:d2"
1791490829.885,"B,45776,10,78:8c:b5:f5:e7:26,0,0,30,1,-74,A,78:8c:b5:f5:e7:26"
1791490829.885,"B,45776,10,46:88:44:6e:4f:e4,8771,12,0,0,-25,S,5c:62:8b:66:67:d2"
1791490829.885,"B,45776,10,72:3b:01:24:b7:c8,28,1,0,0,-18,S,5c:62:8b:66:67:d2"
1791490829.885,"B,45776,10,a6:4c:bd:b6:c7:99,30,1,0,0,-87,S,78:8c:b5:f5:e7:26"
1791490830.085,"B,45876,10,b2:db:ca:e6:29:a6,56,2,0,0,-21,S,5c:62:8b:66:67:d2"
1791490830.085,"B,45876,10,5c:62:8b:66:67:d2,0,0,8485,15,-49,A,5c:62:8b:66:67:d2"
1791490830.085,"B,45876,10,46:88:44:6e:4f:e4,8373,11,0,0,-25,S,5c:62:8b:66:67:d2"
1791490830.085,"B,45876,10,72:3b:01:24:b7:c8,56,2,0,0,-18,S,5c:62:8b:66:67:d2"
1791490830.085,"B,45976,10,b2:db:ca:e6:29:a6,28,1,0,0,-21,S,5c:62:8b:66:67:d2"
1791490830.085,"B,45976,10,5c:62:8b:66:67:d2,0,0,1484,7,-50,A,5c:62:8b:66:67:d2"
1791490830.085,"B,45976,10,78:8c:b5:f5:e7:26,0,0,30,1,-76,A,78:8c:b5:f5:e7:26"
1791490830.085,"B,45976,10,46:88:44:6e:4f:e4,1428,5,0,0,-25,S,5c:62:8b:66:67:d2"
1791490830.286,"B,45976,10,72:3b:01:24:b7:c8,28,1,0,0,-17,S,5c:62:8b:66:67:d2"
1791490830.286,"B,45976,10,a6:4c:bd:b6:c7:99,30,1,0,0,-84,S,78:8c:b5:f5:e7:26"
1791490830.286,"B,46076,10,5c:62:8b:66:67:d2,0,0,4404,6,-51,A,5c:62:8b:66:67:d2"
1791490830.286,"B,46076,10,46:88:44:6e:4f:e4,4404,6,0,0,-25,S,5c:62:8b:66:67:d2"
1791490830.286,"M,46172,slot,5,1"
1791490830.286,"B,46176,10,5c:62:8b:66:67:d2,0,0,10522,17,-50,A,5c:62:8b:66:67:d2"
1791490830.286,"B,46176,10,78:8c:b5:f5:e7:26,0,0,30,1,-76,A,78:8c:b5:f5:e7:26"
1791490830.286,"B,46176,10,46:88:44:6e:4f:e4,10466,15,0,0,-25,S,5c:62:8b:66:67:d2"
1791490830.286,"B,46176,10,72:3b:01:24:b7:c8,56,2,0,0,-18,S,5c:62:8b:66:67:d2"
1791490830.286,"B,46176,10,a6:4c:bd:b6:c7:99,30,1,0,0,-85,S,78:8c:b5:f5:e7:26"
1791490830.488,"B,46276,10,5c:62:8b:66:67:d2,0,0,7005,11,-50,A,5c:62:8b:66:67:d2"
1791490830.488,"B,46276,10,78:8c:b5:f5:e7:26,0,0,30,1,0,A,78:8c:b5:f5:e7:26"
1791490830.488,"B,46276,10,46:88:44:6e:4f:e4,6949,9,0,0,-24,S,5c:62:8b:66:67:d2"
1791490830.488,"B,46276,10,72:3b:01:24:b7:c8,56,2,0,0,-18,S,5c:62:8b:66:67:d2"
1791490830.488,"B,46276,10,a6:4c:bd:b6:c7:99,30,1,0,0,-86,S,78:8c:b5:f5:e7:26"
1791490830.488,"B,46376,10,b2:db:ca:e6:29:a6,28,1,0,0,-21,S,5c:62:8b:66:67:d2"
1791490830.488,"B,46376,10,5c:62:8b:66:67:d2,0,0,13157,17,-50,A,5c:62:8b:66:67:d2"
1791490830.488,"B,46376,10,46:88:44:6e:4f:e4,13129,16,0,0,-24,S,5c:62:8b:66:67:d2"
1791490830.689,"B,46476,10,b2:db:ca:e6:29:a6,56,2,0,0,-21,S,5c:62:8b:66:67:d2"
1791490830.689,"B,46476,10,5c:62:8b:66:67:d2,0,0,10607,25,-51,A,5c:62:8b:66:67:d2"
1791490830.689,"B,46476,10,46:88:44:6e:4f:e4,10215,11,0,0,-24,S,5c:62:8b:66:67:d2"
1791490830.689,"B,46476,10,72:3b:01:24:b7:c8,336,12,0,0,-17,S,5c:62:8b:66:67:d2"
1791490830.689,"B,46576,10,b2:db:ca:e6:29:a6,56,2,0,0,-21,S,5c:62:8b:66:67:d2"
1791490830.689,"B,46576,10,5c:62:8b:66:67:d2,0,0,1862,9,-49,A,5c:62:8b:66:67:d2"
1791490830.689,"B,46576,10,78:8c:b5:f5:e7:26,0,0,30,1,-76,A,78:8c:b5:f5:e7:26"
1791490830.689,"B,46576,10,46:88:44:6e:4f:e4,1778,6,0,0,-25,S,5c:62:8b:66:67:d2"
1791490830.689,"B,46576,10,72:3b:01:24:b7:c8,28,1,0,0,-18,S,5c:62:8b:66:67:d2"
1791490830.689,"B,46576,10,a6:4c:bd:b6:c7:99,30,1,0,0,-87,S,78:8c:b5:f5:e7:26"
1791490830.890,"B,46676,10,b2:db:ca:e6:29:a6,84,3,0,0,-22,S,5c:62:8b:66:67:d2"
1791490830.890,"B,46676,10,5c:62:8b:66:67:d2,0,0,5269,12,-50,A,5c:62:8b:66:67:d2"
1791490830.890,"B,46676,10,46:88:44:6e:4f:e4,5101,6,0,0,-25,S,5c:62:8b:66:67:d2"
1791490830.890,"B,46676,10,72:3b:01:24:b7:c8,84,3,0,0,-19,S,5c:62:8b:66:67:d2"
1791490830.890,"B,46776,10,b2:db:ca:e6:29:a6,28,1,0,0,-21,S,5c:62:8b:66:67:d2"
1791490830.890,"B,46776,10,5c:62:8b:66:67:d2,0,0,5055,17,-49,A,5c:62:8b:66:67:d2"
1791490830.890,"B,46776,10,78:8c:b5:f5:e7:26,0,0,60,2,-75,A,78:8c:b5:f5:e7:26"
1791490830.890,"B,46776,10,46:88:44:6e:4f:e4,4747,6,0,0,-25,S,5c:62:8b:66:67:d2"
1791490830.890,"B,46776,10,72:3b:01:24:b7:c8,280,10,0,0,-18,S,5c:62:8b:66:67:d2"
1791490830.890,"B,46776,10,a6:4c:bd:b6:c7:99,60,2,0,0,-86,S,78:8c:b5:f5:e7:26"
1791490831.091,"B,46876,10,b2:db:ca:e6:29:a6,28,1,0,0,-21,S,5c:62:8b:66:67:d2"
1791490831.091,"B,46876,10,5c:62:8b:66:67:d2,0,0,5295,9,-50,A,5c:62:8b:66:67:d2"
1791490831.091,"B,46876,10,46:88:44:6e:4f:e4,5267,8,0,0,-25,S,5c:62:8b:66:67:d2"
1791490831.091,"B,46976,10,b2:db:ca:e6:29:a6,56,2,0,0,-21,S,5c:62:8b:66:67:d2"
1791490831.091,"B,46976,10,5c:62:8b:66:67:d2,0,0,5177,9,-49,A,5c:62:8b:66:67:d2"
1791490831.091,"B,46976,10,78:8c:b5:f5:e7:26,0,0,30,1,-76,A,78:8c:b5:f5:e7:26"
1791490831.091,"B,46976,10,46:88:44:6e:4f:e4,5121,7,0,0,-25,S,5c:62:8b:66:67:d2"
1791490831.091,"B,46976,10,a6:4c:bd:b6:c7:99,30,1,0,0,-88,S,78:8c:b5:f5:e7:26"
1791490831.294,"B,47076,10,5c:62:8b:66:67:d2,0,0,6171,18,-51,A,5c:62:8b:66:67:d2"
1791490831.294,"B,47076,10,46:88:44:6e:4f:e4,5947,10,0,0,-25,S,5c:62:8b:66:67:d2"
1791490831.294,"B,47076,10,72:3b:01:24:b7:c8,224,8,0,0,-17,S,5c:62:8b:66:67:d2"
1791490831.294,"B,47176,10,b2:db:ca:e6:29:a6,84,3,0,0,-21,S,5c:62:8b:66:67:d2"
1791490831.294,"B,47176,10,5c:62:8b:66:67:d2,0,0,1862,9,-50,A,5c:62:8b:66:67:d2"
1791490831.294,"B,47176,10,46:88:44:6e:4f:e4,1778,6,0,0,-25,S,5c:62:8b:66:67:d2"
1791490831.497,"B,47276,10,b2:db:ca:e6:29:a6,28,1,0,0,-23,S,5c:62:8b:66:67:d2"
1791490831.497,"B,47276,10,5c:62:8b:66:67:d2,0,0,6183,10,-50,A,5c:62:8b:66:67:d2"
1791490831.497,"B,47276,10,46:88:44:6e:4f:e4,6155,9,0,0,-25,S,5c:62:8b:66:67:d2"
1791490831.497,"B,47376,10,b2:db:ca:e6:29:a6,28,1,0,0,-21,S,5c:62:8b:66:67:d2"
1791490831.497,"B,47376,10,5c:62:8b:66:67:d2,0,0,5467,16,-50,A,5c:62:8b:66:67:d2"
1791490831.497,"B,47376,10,46:88:44:6e:4f:e4,5243,8,0,0,-25,S,5c:62:8b:66:67:d2"
1791490831.497,"B,47376,10,72:3b:01:24:b7:c8,196,7,0,0,-17,S,5c:62:8b:66:67:d2"
1791490831.701,"B,47476,10,5c:62:8b:66:67:d2,0,0,5955,10,-51,A,5c:62:8b:66:67:d2"
1791490831.701,"B,47476,10,46:88:44:6e:4f:e4,5955,10,0,0,-25,S,5c:62:8b:66:67:d2"
1791490831.701,"B,47576,10,5c:62:8b:66:67:d2,0,0,12726,22,-50,A,5c:62:8b:66:67:d2"
1791490831.701,"B,47576,10,46:88:44:6e:4f:e4,12530,15,0,0,-24,S,5c:62:8b:66:67:d2"
1791490831.701,"B,47576,10,72:3b:01:24:b7:c8,196,7,0,0,-18,S,5c:62:8b:66:67:d2"
1791490831.906,"B,47676,10,5c:62:8b:66:67:d2,0,0,5359,12,-49,A,5c:62:8b:66:67:d2"
1791490831.906,"B,47676,10,78:8c:b5:f5:e7:26,0,0,30,1,-76,A,78:8c:b5:f5:e7:26"
1791490831.906,"B,47676,10,46:88:44:6e:4f:e4,5247,8,0,0,-24,S,5c:62:8b:66:67:d2"
1791490831.906,"B,47676,10,72:3b:01:24:b7:c8,112,4,0,0,-18,S,5c:62:8b:66:67:d2"
1791490831.906,"B,47676,10,a6:4c:bd:b6:c7:99,30,1,0,0,-88,S,78:8c:b5:f5:e7:26"
1791490831.906,"B,47776,10,5c:62:8b:66:67:d2,0,0,1750,5,-49,A,5c:62:8b:66:67:d2"
1791490831.906,"B,47776,10,46:88:44:6e:4f:e4,1750,5,0,0,-25,S,5c:62:8b:66:67:d2"
1791490832.110,"B,47876,10,5c:62:8b:66:67:d2,0,0,8116,13,-51,A,5c:62:8b:66:67:d2"
1791490832.110,"B,47876,10,46:88:44:6e:4f:e4,8032,10,0,0,-24,S,5c:62:8b:66:67:d2"
1791490832.110,"B,47876,10,72:3b:01:24:b7:c8,84,3,0,0,-18,S,5c:62:8b:66:67:d2"
1791490832.110,"B,47976,10,5c:62:8b:66:67:d2,0,0,7988,17,-49,A,5c:62:8b:66:67:d2"
1791490832.110,"B,47976,10,46:88:44:6e:4f:e4,7792,10,0,0,-25,S,5c:62:8b:66:67:d2"
1791490832.110,"B,47976,10,72:3b:01:24:b7:c8,196,7,0,0,-18,S,5c:62:8b:66:67:d2"
1791490832.312,"B,48076,10,5c:62:8b:66:67:d2,0,0,6144,8,-50,A,5c:62:8b:66:67:d2"
1791490832.312,"B,48076,10,46:88:44:6e:4f:e4,6144,8,0,0,-25,S,5c:62:8b:66:67:d2"
1791490832.312,"B,48176,10,5c:62:8b:66:67:d2,0,0,6779,13,-49,A,5c:62:8b:66:67:d2"
1791490832.312,"B,48176,10,78:8c:b5:f5:e7:26,0,0,30,1,-77,A,78:8c:b5:f5:e7:26"
1791490832.312,"B,48176,10,46:88:44:6e:4f:e4,6639,8,0,0,-25,S,5c:62:8b:66:67:d2"
1791490832.312,"B,48176,10,72:3b:01:24:b7:c8,140,5,0,0,-17,S,5c:62:8b:66:67:d2"
1791490832.312,"B,48176,10,a6:4c:bd:b6:c7:99,30,1,0,0,-88,S,78:8c:b5:f5:e7:26"
1791490832.516,"B,48276,10,5c:62:8b:66:67:d2,0,0,1078,4,-51,A,5c:62:8b:66:67:d2"
1791490832.516,"B,48276,10,78:8c:b5:f5:e7:26,0,0,30,1,-77,A,78:8c:b5:f5:e7:26"
1791490832.516,"B,48276,10,46:88:44:6e:4f:e4,1078,4,0,0,-25,S,5c:62:8b:66:67:d2"
1791490832.516,"B,48276,10,a6:4c:bd:b6:c7:99,30,1,0,0,-89,S,78:8c:b5:f5:e7:26"
1791490832.516,"B,48376,10,5c:62:8b:66:67:d2,0,0,13207,13,-49,A,5c:62:8b:66:67:d2"
1791490832.516,"B,48376,10,46:88:44:6e:4f:e4,13179,12,0,0,-25,S,5c:62:8b:66:67:d2"
1791490832.516,"B,48376,10,72:3b:01:24:b7:c8,28,1,0,0,-18,S,5c:62:8b:66:67:d2"
1791490832.717,"B,48476,10,5c:62:8b:66:67:d2,0,0,5093,7,-50,A,5c:62:8b:66:67:d2"
1791490832.717,"B,48476,10,78:8c:b5:f5:e7:26,0,0,30,1,-76,A,78:8c:b5:f5:e7:26"
1791490832.717,"B,48476,10,46:88:44:6e:4f:e4,5093,7,0,0,-25,S,5c:62:8b:66:67:d2"
1791490832.717,"B,48476,10,a6:4c:bd:b6:c7:99,30,1,0,0,-87,S,78:8c:b5:f5:e7:26"
1791490832.717,"B,48576,10,b2:db:ca:e6:29:a6,84,3,0,0,-21,S,5c:62:8b:66:67:d2"
1791490832.717,"B,48576,10,5c:62:8b:66:67:d2,0,0,7157,16,-49,A,5c:62:8b:66:67:d2"
1791490832.717,"B,48576,10,46:88:44:6e:4f:e4,6961,9,0,0,-25,S,5c:62:8b:66:67:d2"
1791490832.717,"B,48576,10,72:3b:01:24:b7:c8,112,4,0,0,-18,S,5c:62:8b:66:67:d2"
1791490832.919,"B,48676,10,b2:db:ca:e6:29:a6,56,2,0,0,-22,S,5c:62:8b:66:67:d2"
1791490832.919,"B,48676,10,5c:62:8b:66:67:d2,0,0,9107,17,-50,A,5c:62:8b:66:67:d2"
1791490832.919,"B,48676,10,46:88:44:6e:4f:e4,8939,11,0,0,-25,S,5c:62:8b:66:67:d2"
1791490832.919,"B,48676,10,72:3b:01:24:b7:c8,112,4,0,0,-18,S,5c:62:8b:66:67:d2"
1791490832.919,"B,48776,10,b2:db:ca:e6:29:a6,28,1,0,0,-21,S,5c:62:8b:66:67:d2"
1791490832.919,"B,48776,10,5c:62:8b:66:67:d2,0,0,5641,10,-50,A,5c:62:8b:66:67:d2"
1791490832.919,"B,48776,10,46:88:44:6e:4f:e4,5613,9,0,0,-25,S,5c:62:8b:66:67:d2"
1791490833.124,"B,48876,10,b2:db:ca:e6:29:a6,84,3,0,0,-21,S,5c:62:8b:66:67:d2"
1791490833.124,"B,48876,10,5c:62:8b:66:67:d2,0,0,5611,15,-50,A,5c:62:8b:66:67:d2"
1791490833.124,"B,48876,10,46:88:44:6e:4f:e4,5415,8,0,0,-24,S,5c:62:8b:66:67:d2"
1791490833.124,"B,48876,10,72:3b:01:24:b7:c8,112,4,0,0,-18,S,5c:62:8b:66:67:d2"
1791490833.124,"B,48976,10,b2:db:ca:e6:29:a6,28,1,0,0,-21,S,5c:62:8b:66:67:d2"
1791490833.124,"B,48976,10,5c:62:8b:66:67:d2,0,0,1162,7,-50,A,5c:62:8b:66:67:d2"
1791490833.124,"B,48976,10,46:88:44:6e:4f:e4,1078,4,0,0,-23,S,5c:62:8b:66:67:d2"
1791490833.124,"B,48976,10,72:3b:01:24:b7:c8,56,2,0,0,-18,S,5c:62:8b:66:67:d2"
1791490833.328,"B,49076,10,b2:db:ca:e6:29:a6,56,2,0,0,-23,S,5c:62:8b:66:67:d2"
1791490833.328,"B,49076,10,5c:62:8b:66:67:d2,0,0,5157,8,-49,A,5c:62:8b:66:67:d2"
1791490833.328,"B,49076,10,46:88:44:6e:4f:e4,5101,6,0,0,-25,S,5c:62:8b:66:67:d2"
1791490833.328,"B,49176,10,b2:db:ca:e6:29:a6,56,2,0,0,-21,S,5c:62:8b:66:67:d2"
1791490833.328,"B,49176,10,5c:62:8b:66:67:d2,0,0,6320,15,-49,A,5c:62:8b:66:67:d2"
1791490833.328,"B,49176,10,46:88:44:6e:4f:e4,6124,8,0,0,-24,S,5c:62:8b:66:67:d2"
1791490833.328,"B,49176,10,72:3b:01:24:b7:c8,140,5,0,0,-18,S,5c:62:8b:66:67:d2"
1791490833.533,"B,49276,10,b2:db:ca:e6:29:a6,28,1,0,0,-21,S,5c:62:8b:66:67:d2"
1791490833.533,"B,49276,10,5c:62:8b:66:67:d2,0,0,10104,20,-49,A,5c:62:8b:66:67:d2"
1791490833.533,"B,49276,10,46:88:44:6e:4f:e4,9880,12,0,0,-25,S,5c:62:8b:66:67:d2"
1791490833.533,"B,49276,10,72:3b:01:24:b7:c8,196,7,0,0,-19,S,5c:62:8b:66:67:d2"
1791490833.533,"B,49376,10,b2:db:ca:e6:29:a6,28,1,0,0,-20,S,5c:62:8b:66:67:d2"
1791490833.533,"B,49376,10,5c:62:8b:66:67:d2,0,0,1106,5,-48,A,5c:62:8b:66:67:d2"
1791490833.533,"B,49376,10,46:88:44:6e:4f:e4,1078,4,0,0,-25,S,5c:62:8b:66:67:d2"
1791490833.734,"B,49476,10,b2:db:ca:e6:29:a6,56,2,0,0,-20,S,5c:62:8b:66:67:d2"
1791490833.734,"B,49476,10,5c:62:8b:66:67:d2,0,0,11661,17,-49,A,5c:62:8b:66:67:d2"
1791490833.734,"B,49476,10,46:88:44:6e:4f:e4,11521,12,0,0,-25,S,5c:62:8b:66:67:d2"
1791490833.734,"B,49476,10,72:3b:01:24:b7:c8,84,3,0,0,-18,S,5c:62:8b:66:67:d2"
1791490833.734,"B,49576,10,b2:db:ca:e6:29:a6,56,2,0,0,-21,S,5c:62:8b:66:67:d2"
1791490833.734,"B,49576,10,5c:62:8b:66:67:d2,0,0,1792,18,0,A,5c:62:8b:66:67:d2"
1791490833.734,"B,49576,10,46:88:44:6e:4f:e4,1428,5,0,0,-25,S,5c:62:8b:66:67:d2"
1791490833.734,"B,49576,10,72:3b:01:24:b7:c8,308,11,0,0,-18,S,5c:62:8b:66:67:d2"
1791490833.936,"B,49676,10,b2:db:ca:e6:29:a6,56,2,0,0,-22,S,5c:62:8b:66:67:d2"
1791490833.936,"B,49676,10,5c:62:8b:66:67:d2,276,2,10695,16,-51,A,5c:62:8b:66:67:d2"
1791490833.936,"B,49676,10,46:88:44:6e:4f:e4,10639,14,276,2,-25,S,5c:62:8b:66:67:d2"
1791490833.936,"B,49776,10,b2:db:ca:e6:29:a6,56,2,0,0,-21,S,5c:62:8b:66:67:d2"
1791490833.936,"B,49776,10,5c:62:8b:66:67:d2,0,0,5827,21,-50,A,5c:62:8b:66:67:d2"
1791490833.936,"B,49776,10,46:88:44:6e:4f:e4,5463,8,0,0,-25,S,5c:62:8b:66:67:d2"
1791490833.936,"B,49776,10,72:3b:01:24:b7:c8,308,11,0,0,-17,S,5c:62:8b:66:67:d2"
1791490834.141,"B,49876,10,5c:62:8b:66:67:d2,0,0,5673,10,-49,A,5c:62:8b:66:67:d2"
1791490834.141,"B,49876,10,46:88:44:6e:4f:e4,5645,9,0,0,-25,S,5c:62:8b:66:67:d2"
1791490834.141,"B,49876,10,72:3b:01:24:b7:c8,28,1,0,0,-17,S,5c:62:8b:66:67:d2"
1791490834.141,"B,49976,10,b2:db:ca:e6:29:a6,28,1,0,0,-22,S,5c:62:8b:66:67:d2"
1791490834.141,"B,49976,10,5c:62:8b:66:67:d2,0,0,7143,11,-50,A,5c:62:8b:66:67:d2"
1791490834.141,"B,49976,10,78:8c:b5:f5:e7:26,0,0,30,1,-76,A,78:8c:b5:f5:e7:26"
1791490834.141,"B,49976,10,46:88:44:6e:4f:e4,7115,10,0,0,-25,S,5c:62:8b:66:67:d2"
1791490834.141,"B,49976,10,a6:4c:bd:b6:c7:99,30,1,0,0,-89,S,78:8c:b5:f5:e7:26"
1791490834.342,"B,50076,10,b2:db:ca:e6:29:a6,56,2,0,0,-20,S,5c:62:8b:66:67:d2"
1791490834.342,"B,50076,10,5c:62:8b:66:67:d2,0,0,6959,20,-50,A,5c:62:8b:66:67:d2"
1791490834.342,"B,50076,10,46:88:44:6e:4f:e4,6623,8,0,0,-25,S,5c:62:8b:66:67:d2"
1791490834.342,"B,50076,10,72:3b:01:24:b7:c8,280,10,0,0,-17,S,5c:62:8b:66:67:d2"
1791490834.342,"I,50095,stat,rx=8894,drops=0,ch=10,bin=100,hop=0,heap=203064"
1791490834.342,"B,50176,10,b2:db:ca:e6:29:a6,56,2,0,0,-22,S,5c:62:8b:66:67:d2"
1791490834.342,"B,50176,10,5c:62:8b:66:67:d2,0,0,1862,9,-50,A,5c:62:8b:66:67:d2"
1791490834.342,"B,50176,10,46:88:44:6e:4f:e4,1750,5,0,0,-25,S,5c:62:8b:66:67:d2"
1791490834.342,"B,50176,10,72:3b:01:24:b7:c8,56,2,0,0,-18,S,5c:62:8b:66:67:d2"
1791490834.546,"B,50276,10,b2:db:ca:e6:29:a6,56,2,0,0,-21,S,5c:62:8b:66:67:d2"
1791490834.546,"B,50276,10,5c:62:8b:66:67:d2,0,0,7191,12,-51,A,5c:62:8b:66:67:d2"
1791490834.546,"B,50276,10,78:8c:b5:f5:e7:26,0,0,30,1,-78,A,78:8c:b5:f5:e7:26"
1791490834.546,"B,50276,10,46:88:44:6e:4f:e4,7135,10,0,0,-24,S,5c:62:8b:66:67:d2"
1791490834.546,"B,50276,10,a6:4c:bd:b6:c7:99,30,1,0,0,-84,S,78:8c:b5:f5:e7:26"
1791490834.546,"B,50376,10,b2:db:ca:e6:29:a6,28,1,0,0,-20,S,5c:62:8b:66:67:d2"
1791490834.546,"B,50376,10,5c:62:8b:66:67:d2,0,0,9830,22,-50,A,5c:62:8b:66:67:d2"
1791490834.546,"B,50376,10,78:8c:b5:f5:e7:26,0,0,60,2,-73,A,78:8c:b5:f5:e7:26"
1791490834.546,"B,50376,10,46:88:44:6e:4f:e4,9578,13,0,0,-24,S,5c:62:8b:66:67:d2"
1791490834.546,"B,50376,10,72:3b:01:24:b7:c8,224,8,0,0,-17,S,5c:62:8b:66:67:d2"
1791490834.546,"B,50376,10,a6:4c:bd:b6:c7:99,60,2,0,0,-84,S,78:8c:b5:f5:e7:26"
1791490834.747,"B,50476,10,b2:db:ca:e6:29:a6,84,3,0,0,-21,S,5c:62:8b:66:67:d2"
1791490834.747,"B,50476,10,5c:62:8b:66:67:d2,0,0,6209,16,-50,A,5c:62:8b:66:67:d2"
1791490834.747,"B,50476,10,46:88:44:6e:4f:e4,6069,11,0,0,-24,S,5c:62:8b:66:67:d2"
1791490834.747,"B,50476,10,72:3b:01:24:b7:c8,56,2,0,0,-18,S,5c:62:8b:66:67:d2"
1791490834.747,"B,50576,10,5c:62:8b:66:67:d2,0,0,5817,10,-50,A,5c:62:8b:66:67:d2"
1791490834.747,"B,50576,10,46:88:44:6e:4f:e4,5789,9,0,0,-25,S,5c:62:8b:66:67:d2"
1791490834.747,"B,50576,10,72:3b:01:24:b7:c8,28,1,0,0,-18,S,5c:62:8b:66:67:d2"
1791490834.949,"B,50676,10,b2:db:ca:e6:29:a6,56,2,0,0,-21,S,5c:62:8b:66:67:d2"
1791490834.949,"B,50676,10,5c:62:8b:66:67:d2,0,0,6091,21,-50,A,5c:62:8b:66:67:d2"
1791490834.949,"B,50676,10,78:8c:b5:f5:e7:26,0,0,30,1,-76,A,78:8c:b5:f5:e7:26"
1791490834.949,"B,50676,10,46:88:44:6e:4f:e4,5783,10,0,0,-25,S,5c:62:8b:66:67:d2"
1791490834.949,"B,50676,10,72:3b:01:24:b7:c8,252,9,0,0,-18,S,5c:62:8b:66:67:d2"
1791490834.949,"B,50676,10,a6:4c:bd:b6:c7:99,30,1,0,0,-84,S,78:8c:b5:f5:e7:26"
1791490834.949,"B,50776,10,b2:db:ca:e6:29:a6,56,2,0,0,-21,S,5c:62:8b:66:67:d2"
1791490834.949,"B,50776,10,5c:62:8b:66:67:d2,0,0,1134,6,-49,A,5c:62:8b:66:67:d2"
1791490834.949,"B,50776,10,46:88:44:6e:4f:e4,1050,3,0,0,-25,S,5c:62:8b:66:67:d2"
1791490834.949,"B,50776,10,72:3b:01:24:b7:c8,28,1,0,0,-18,S,5c:62:8b:66:67:d2"
1791490835.152,"B,50876,10,b2:db:ca:e6:29:a6,56,2,0,0,-23,S,5c:62:8b:66:67:d2"
1791490835.152,"B,50876,10,5c:62:8b:66:67:d2,0,0,7439,14,-49,A,5c:62:8b:66:67:d2"
1791490835.152,"B,50876,10,46:88:44:6e:4f:e4,7327,10,0,0,-25,S,5c:62:8b:66:67:d2"
1791490835.152,"B,50876,10,72:3b:01:24:b7:c8,56,2,0,0,-18,S,5c:62:8b:66:67:d2"
1791490835.152,"B,50976,10,b2:db:ca:e6:29:a6,28,1,0,0,-21,S,5c:62:8b:66:67:d2"
1791490835.152,"B,50976,10,5c:62:8b:66:67:d2,0,0,5241,12,-49,A,5c:62:8b:66:67:d2"
1791490835.152,"B,50976,10,46:88:44:6e:4f:e4,5101,7,0,0,-25,S,5c:62:8b:66:67:d2"
1791490835.152,"B,50976,10,72:3b:01:24:b7:c8,112,4,0,0,-17,S,5c:62:8b:66:67:d2"
1791490835.354,"B,51076,10,b2:db:ca:e6:29:a6,56,2,0,0,-21,S,5c:62:8b:66:67:d2"
1791490835.354,"B,51076,10,5c:62:8b:66:67:d2,0,0,6019,12,-49,A,5c:62:8b:66:67:d2"
1791490835.354,"B,51076,10,46:88:44:6e:4f:e4,5963,10,0,0,-25,S,5c:62:8b:66:67:d2"
1791490835.354,"B,51176,10,b2:db:ca:e6:29:a6,56,2,0,0,-22,S,5c:62:8b:66:67:d2"
1791490835.354,"B,51176,10,5c:62:8b:66:67:d2,0,0,6315,16,-49,A,5c:62:8b:66:67:d2"
1791490835.354,"B,51176,10,46:88:44:6e:4f:e4,6147,10,0,0,-25,S,5c:62:8b:66:67:d2"
1791490835.354,"B,51176,10,72:3b:01:24:b7:c8,112,4,0,0,-18,S,5c:62:8b:66:67:d2"
1791490835.354,"M,51242,slot,6,1"
1791490835.559,"B,51276,10,b2:db:ca:e6:29:a6,56,2,0,0,-21,S,5c:62:8b:66:67:d2"
1791490835.559,"B,51276,10,5c:62:8b:66:67:d2,0,0,9928,16,-50,A,5c:62:8b:66:67:d2"
1791490835.559,"B,51276,10,46:88:44:6e:4f:e4,9788,11,0,0,-25,S,5c:62:8b:66:67:d2"
1791490835.559,"B,51276,10,72:3b:01:24:b7:c8,84,3,0,0,-18,S,5c:62:8b:66:67:d2"
1791490835.559,"B,51376,10,b2:db:ca:e6:29:a6,56,2,0,0,-22,S,5c:62:8b:66:67:d2"
1791490835.559,"B,51376,10,5c:62:8b:66:67:d2,0,0,1106,5,-49,A,5c:62:8b:66:67:d2"
1791490835.559,"B,51376,10,46:88:44:6e:4f:e4,1050,3,0,0,-25,S,5c:62:8b:66:67:d2"
1791490835.760,"B,51476,10,5c:62:8b:66:67:d2,0,0,8403,14,-50,A,5c:62:8b:66:67:d2"
1791490835.760,"B,51476,10,46:88:44:6e:4f:e4,8291,10,0,0,-25,S,5c:62:8b:66:67:d2"
1791490835.760,"B,51476,10,72:3b:01:24:b7:c8,112,4,0,0,-17,S,5c:62:8b:66:67:d2"
1791490835.760,"B,51576,10,b2:db:ca:e6:29:a6,28,1,0,0,-19,S,5c:62:8b:66:67:d2"
1791490835.760,"B,51576,10,5c:62:8b:66:67:d2,0,0,5659,21,-49,A,5c:62:8b:66:67:d2"
1791490835.760,"B,51576,10,46:88:44:6e:4f:e4,5295,8,0,0,-24,S,5c:62:8b:66:67:d2"
1791490835.760,"B,51576,10,72:3b:01:24:b7:c8,336,12,0,0,-17,S,5c:62:8b:66:67:d2"
1791490835.963,"B,51676,10,5c:62:8b:66:67:d2,0,0,7345,10,-50,A,5c:62:8b:66:67:d2"
1791490835.963,"B,51676,10,46:88:44:6e:4f:e4,7345,10,0,0,-24,S,5c:62:8b:66:67:d2"
1791490835.963,"B,51776,10,5c:62:8b:66:67:d2,0,0,6311,17,-51,A,5c:62:8b:66:67:d2"
1791490835.963,"B,51776,10,46:88:44:6e:4f:e4,6115,10,0,0,-24,S,5c:62:8b:66:67:d2"
1791490835.963,"B,51776,10,72:3b:01:24:b7:c8,196,7,0,0,-17,S,5c:62:8b:66:67:d2"
1791490836.166,"B,51876,10,b2:db:ca:e6:29:a6,56,2,0,0,-21,S,5c:62:8b:66:67:d2"
1791490836.166,"B,51876,10,5c:62:8b:66:67:d2,0,0,9703,15,-49,A,5c:62:8b:66:67:d2"
1791490836.166,"B,51876,10,46:88:44:6e:4f:e4,9563,10,0,0,-25,S,5c:62:8b:66:67:d2"
1791490836.166,"B,51876,10,72:3b:01:24:b7:c8,84,3,0,0,-18,S,5c:62:8b:66:67:d2"
1791490836.166,"B,51976,10,b2:db:ca:e6:29:a6,84,3,0,0,-22,S,5c:62:8b:66:67:d2"
1791490836.166,"B,51976,10,5c:62:8b:66:67:d2,0,0,1162,7,-50,A,5c:62:8b:66:67:d2"
1791490836.166,"B,51976,10,46:88:44:6e:4f:e4,1078,4,0,0,-25,S,5c:62:8b:66:67:d2"
1791490836.370,"B,52076,10,b2:db:ca:e6:29:a6,56,2,0,0,-21,S,5c:62:8b:66:67:d2"
1791490836.370,"B,52076,10,5c:62:8b:66:67:d2,0,0,8281,14,-50,A,5c:62:8b:66:67:d2"
1791490836.370,"B,52076,10,46:88:44:6e:4f:e4,8113,8,0,0,-25,S,5c:62:8b:66:67:d2"
1791490836.370,"B,52076,10,72:3b:01:24:b7:c8,112,4,0,0,-18,S,5c:62:8b:66:67:d2"
1791490836.370,"B,52176,10,b2:db:ca:e6:29:a6,56,2,0,0,-21,S,5c:62:8b:66:67:d2"
1791490836.370,"B,52176,10,5c:62:8b:66:67:d2,0,0,11334,19,-49,A,5c:62:8b:66:67:d2"
1791490836.370,"B,52176,10,46:88:44:6e:4f:e4,11166,13,0,0,-25,S,5c:62:8b:66:67:d2"
1791490836.370,"B,52176,10,72:3b:01:24:b7:c8,112,4,0,0,-18,S,5c:62:8b:66:67:d2"
1791490836.575,"B,52276,10,b2:db:ca:e6:29:a6,56,2,0,0,-21,S,5c:62:8b:66:67:d2"
1791490836.575,"B,52276,10,5c:62:8b:66:67:d2,0,0,10013,17,-50,A,5c:62:8b:66:67:d2"
1791490836.575,"B,52276,10,46:88:44:6e:4f:e4,9845,11,0,0,-25,S,5c:62:8b:66:67:d2"
1791490836.575,"B,52276,10,72:3b:01:24:b7:c8,112,4,0,0,-17,S,5c:62:8b:66:67:d2"
1791490836.575,"B,52376,10,5c:62:8b:66:67:d2,0,0,11291,12,-51,A,5c:62:8b:66:67:d2"
1791490836.575,"B,52376,10,46:88:44:6e:4f:e4,11291,12,0,0,-25,S,5c:62:8b:66:67:d2"
1791490836.776,"B,52476,10,b2:db:ca:e6:29:a6,28,1,0,0,-21,S,5c:62:8b:66:67:d2"
1791490836.776,"B,52476,10,5c:62:8b:66:67:d2,0,0,6755,13,-50,A,5c:62:8b:66:67:d2"
1791490836.776,"B,52476,10,46:88:44:6e:4f:e4,6615,8,0,0,-25,S,5c:62:8b:66:67:d2"
1791490836.776,"B,52476,10,72:3b:01:24:b7:c8,112,4,0,0,-18,S,5c:62:8b:66:67:d2"
1791490836.776,"B,52576,10,b2:db:ca:e6:29:a6,28,1,0,0,-21,S,5c:62:8b:66:67:d2"
1791490836.776,"B,52576,10,5c:62:8b:66:67:d2,0,0,1190,8,-50,A,5c:62:8b:66:67:d2"
1791490836.776,"B,52576,10,46:88:44:6e:4f:e4,1050,3,0,0,-25,S,5c:62:8b:66:67:d2"
1791490836.776,"B,52576,10,72:3b:01:24:b7:c8,112,4,0,0,-17,S,5c:62:8b:66:67:d2"
1791490836.978,"B,52676,10,b2:db:ca:e6:29:a6,56,2,0,0,-22,S,5c:62:8b:66:67:d2"
1791490836.978,"B,52676,10,5c:62:8b:66:67:d2,0,0,9961,13,-50,A,5c:62:8b:66:67:d2"
1791490836.978,"B,52676,10,46:88:44:6e:4f:e4,9905,11,0,0,-25,S,5c:62:8b:66:67:d2"
1791490836.978,"A,52771,10,d8:0d:17:46:46:1a,-73,spike"
1791490836.978,"B,52776,10,b2:db:ca:e6:29:a6,56,2,0,0,-21,S,5c:62:8b:66:67:d2"
1791490836.978,"B,52776,10,5c:62:8b:66:67:d2,0,0,9593,18,-50,A,5c:62:8b:66:67:d2"
1791490836.978,"B,52776,10,46:88:44:6e:4f:e4,9425,12,0,0,-25,S,5c:62:8b:66:67:d2"
1791490836.978,"B,52776,10,72:3b:01:24:b7:c8,112,4,0,0,-17,S,5c:62:8b:66:67:d2"
1791490837.178,"B,52876,10,b2:db:ca:e6:29:a6,56,2,0,0,-21,S,5c:62:8b:66:67:d2"
1791490837.178,"B,52876,10,5c:62:8b:66:67:d2,0,0,5749,14,-50,A,5c:62:8b:66:67:d2"
1791490837.178,"B,52876,10,46:88:44:6e:4f:e4,5609,9,0,0,-24,S,5c:62:8b:66:67:d2"
1791490837.178,"B,52876,10,72:3b:01:24:b7:c8,84,3,0,0,-17,S,5c:62:8b:66:67:d2"
1791490837.178,"B,52976,10,b2:db:ca:e6:29:a6,28,1,0,0,-23,S,5c:62:8b:66:67:d2"
1791490837.178,"B,52976,10,5c:62:8b:66:67:d2,0,0,5133,8,-50,A,5c:62:8b:66:67:d2"
1791490837.178,"B,52976,10,46:88:44:6e:4f:e4,5105,7,0,0,-24,S,5c:62:8b:66:67:d2"
1791490837.378,"B,53076,10,b2:db:ca:e6:29:a6,84,3,0,0,-21,S,5c:62:8b:66:67:d2"
1791490837.378,"B,53076,10,5c:62:8b:66:67:d2,0,0,8583,19,-49,A,5c:62:8b:66:67:d2"
1791490837.378,"B,53076,10,78:8c:b5:f5:e7:26,80,1,30,1,-77,A,78:8c:b5:f5:e7:26"
1791490837.378,"B,53076,10,46:88:44:6e:4f:e4,8331,10,0,0,-24,S,5c:62:8b:66:67:d2"
1791490837.378,"B,53076,10,72:3b:01:24:b7:c8,168,6,0,0,-18,S,5c:62:8b:66:67:d2"
1791490837.378,"B,53076,10,a6:4c:bd:b6:c7:99,30,1,0,0,-86,S,78:8c:b5:f5:e7:26"
1791490837.378,"B,53176,10,b2:db:ca:e6:29:a6,28,1,0,0,-21,S,5c:62:8b:66:67:d2"
1791490837.378,"B,53176,10,5c:62:8b:66:67:d2,0,0,1134,6,-49,A,5c:62:8b:66:67:d2"
1791490837.378,"B,53176,10,78:8c:b5:f5:e7:26,0,0,30,1,0,A,78:8c:b5:f5:e7:26"
1791490837.378,"B,53176,10,46:88:44:6e:4f:e4,1050,3,0,0,-25,S,5c:62:8b:66:67:d2"
1791490837.378,"B,53176,10,72:3b:01:24:b7:c8,56,2,0,0,-18,S,5c:62:8b:66:67:d2"
1791490837.378,"B,53176,10,a6:4c:bd:b6:c7:99,30,1,0,0,-87,S,78:8c:b5:f5:e7:26"
1791490837.580,"B,53276,10,b2:db:ca:e6:29:a6,56,2,0,0,-23,S,5c:62:8b:66:67:d2"
1791490837.580,"B,53276,10,5c:62:8b:66:67:d2,0,0,5319,10,-49,A,5c:62:8b:66:67:d2"
1791490837.580,"B,53276,10,78:8c:b5:f5:e7:26,0,0,60,2,-77,A,78:8c:b5:f5:e7:26"
1791490837.580,"B,53276,10,46:88:44:6e:4f:e4,5263,8,0,0,-25,S,5c:62:8b:66:67:d2"
1791490837.580,"B,53276,10,a6:4c:bd:b6:c7:99,60,2,0,0,-86,S,78:8c:b5:f5:e7:26"
1791490837.580,"B,53276,10,b0:a7:b9:23:82:ee,0,0,150,5,-85,A,b0:a7:b9:23:82:ee"
1791490837.580,"B,53276,10,3c:f0:11:24:00:90,150,5,0,0,-90,S,b0:a7:b9:23:82:ee"
1791490837.580,"B,53376,10,b2:db:ca:e6:29:a6,56,2,0,0,-21,S,5c:62:8b:66:67:d2"
1791490837.580,"B,53376,10,5c:62:8b:66:67:d2,0,0,8827,25,-50,A,5c:62:8b:66:67:d2"
1791490837.580,"B,53376,10,78:8c:b5:f5:e7:26,0,0,90,3,-77,A,78:8c:b5:f5:e7:26"
1791490837.580,"B,53376,10,46:88:44:6e:4f:e4,8519,14,0,0,-25,S,5c:62:8b:66:67:d2"
1791490837.580,"B,53376,10,72:3b:01:24:b7:c8,252,9,0,0,-17,S,5c:62:8b:66:67:d2"
1791490837.580,"B,53376,10,a6:4c:bd:b6:c7:99,90,3,0,0,-86,S,78:8c:b5:f5:e7:26"
1791490837.780,"B,53476,10,b2:db:ca:e6:29:a6,28,1,0,0,-21,S,5c:62:8b:66:67:d2"
1791490837.780,"B,53476,10,5c:62:8b:66:67:d2,0,0,10955,16,-50,A,5c:62:8b:66:67:d2"
1791490837.780,"B,53476,10,78:8c:b5:f5:e7:26,0,0,60,2,0,A,78:8c:b5:f5:e7:26"
1791490837.780,"B,53476,10,46:88:44:6e:4f:e4,10899,14,0,0,-25,S,5c:62:8b:66:67:d2"
1791490837.780,"B,53476,10,72:3b:01:24:b7:c8,28,1,0,0,-18,S,5c:62:8b:66:67:d2"
1791490837.780,"B,53476,10,a6:4c:bd:b6:c7:99,60,2,0,0,-87,S,78:8c:b5:f5:e7:26"
1791490837.780,"B,53576,10,b2:db:ca:e6:29:a6,84,3,0,0,-21,S,5c:62:8b:66:67:d2"
1791490837.780,"B,53576,10,5c:62:8b:66:67:d2,0,0,6763,17,-50,A,5c:62:8b:66:67:d2"
1791490837.780,"B,53576,10,46:88:44:6e:4f:e4,6511,8,0,0,-25,S,5c:62:8b:66:67:d2"
1791490837.780,"B,53576,10,72:3b:01:24:b7:c8,168,6,0,0,-18,S,5c:62:8b:66:67:d2"
1791490837.780,"B,53676,10,b2:db:ca:e6:29:a6,56,2,0,0,-20,S,5c:62:8b:66:67:d2"
1791490837.780,"B,53676,10,5c:62:8b:66:67:d2,0,0,7407,20,-49,A,5c:62:8b:66:67:d2"
1791490837.780,"B,53676,10,46:88:44:6e:4f:e4,7127,10,0,0,-25,S,5c:62:8b:66:67:d2"
1791490837.980,"B,53676,10,72:3b:01:24:b7:c8,224,8,0,0,-18,S,5c:62:8b:66:67:d2"
1791490837.980,"B,53776,10,b2:db:ca:e6:29:a6,28,1,0,0,-21,S,5c:62:8b:66:67:d2"
1791490837.980,"B,53776,10,5c:62:8b:66:67:d2,0,0,1078,4,-50,A,5c:62:8b:66:67:d2"
1791490837.980,"B,53776,10,46:88:44:6e:4f:e4,1050,3,0,0,-25,S,5c:62:8b:66:67:d2"
1791490837.980,"B,53876,10,b2:db:ca:e6:29:a6,56,2,0,0,-23,S,5c:62:8b:66:67:d2"
1791490837.980,"B,53876,10,5c:62:8b:66:67:d2,0,0,10231,13,0,A,5c:62:8b:66:67:d2"
1791490837.980,"B,53876,10,46:88:44:6e:4f:e4,10175,11,0,0,-25,S,5c:62:8b:66:67:d2"
1791490838.180,"B,53976,10,b2:db:ca:e6:29:a6,56,2,0,0,-22,S,5c:62:8b:66:67:d2"
1791490838.180,"B,53976,10,5c:62:8b:66:67:d2,0,0,6429,21,-50,A,5c:62:8b:66:67:d2"
1791490838.180,"B,53976,10,46:88:44:6e:4f:e4,6177,12,0,0,-25,S,5c:62:8b:66:67:d2"
1791490838.180,"B,53976,10,72:3b:01:24:b7:c8,196,7,0,0,-17,S,5c:62:8b:66:67:d2"
1791490838.382,"B,54076,10,b2:db:ca:e6:29:a6,28,1,0,0,-21,S,5c:62:8b:66:67:d2"
1791490838.382,"B,54076,10,5c:62:8b:66:67:d2,0,0,6212,10,-50,A,5c:62:8b:66:67:d2"
1791490838.382,"B,54076,10,78:8c:b5:f5:e7:26,160,2,0,0,-78,A,78:8c:b5:f5:e7:26"
1791490838.382,"B,54076,10,46:88:44:6e:4f:e4,6156,8,0,0,-25,S,5c:62:8b:66:67:d2"
1791490838.382,"B,54076,10,72:3b:01:24:b7:c8,28,1,0,0,-18,S,5c:62:8b:66:67:d2"
1791490838.382,"B,54176,10,b2:db:ca:e6:29:a6,28,1,0,0,-21,S,5c:62:8b:66:67:d2"
1791490838.382,"B,54176,10,5c:62:8b:66:67:d2,0,0,12271,18,-48,A,5c:62:8b:66:67:d2"
1791490838.382,"B,54176,10,46:88:44:6e:4f:e4,12159,14,0,0,-24,S,5c:62:8b:66:67:d2"
1791490838.382,"B,54176,10,72:3b:01:24:b7:c8,84,3,0,0,-18,S,5c:62:8b:66:67:d2"
1791490838.582,"B,54276,10,b2:db:ca:e6:29:a6,28,1,0,0,-21,S,5c:62:8b:66:67:d2"
1791490838.582,"B,54276,10,5c:62:8b:66:67:d2,0,0,5953,15,-49,A,5c:62:8b:66:67:d2"
1791490838.582,"B,54276,10,78:8c:b5:f5:e7:26,0,0,60,2,-77,A,78:8c:b5:f5:e7:26"
1791490838.582,"B,54276,10,46:88:44:6e:4f:e4,5785,9,0,0,-24,S,5c:62:8b:66:67:d2"
1791490838.582,"B,54276,10,72:3b:01:24:b7:c8,140,5,0,0,-18,S,5c:62:8b:66:67:d2"
1791490838.582,"B,54276,10,a6:4c:bd:b6:c7:99,60,2,0,0,-85,S,78:8c:b5:f5:e7:26"
1791490838.582,"B,54376,10,b2:db:ca:e6:29:a6,56,2,0,0,-21,S,5c:62:8b:66:67:d2"
1791490838.582,"B,54376,10,5c:62:8b:66:67:d2,0,0,1190,8,-49,A,5c:62:8b:66:67:d2"
1791490838.582,"B,54376,10,46:88:44:6e:4f:e4,1050,3,0,0,-25,S,5c:62:8b:66:67:d2"
1791490838.582,"B,54376,10,72:3b:01:24:b7:c8,84,3,0,0,-17,S,5c:62:8b:66:67:d2"
1791490838.582,"B,54476,10,b2:db:ca:e6:29:a6,56,2,0,0,-23,S,5c:62:8b:66:67:d2"
1791490838.582,"B,54476,10,5c:62:8b:66:67:d2,0,0,8773,17,-50,A,5c:62:8b:66:67:d2"
1791490838.582,"B,54476,10,46:88:44:6e:4f:e4,8605,11,0,0,-24,S,5c:62:8b:66:67:d2"
1791490838.782,"B,54476,10,72:3b:01:24:b7:c8,112,4,0,0,-17,S,5c:62:8b:66:67:d2"
1791490838.782,"B,54576,10,b2:db:ca:e6:29:a6,56,2,0,0,-21,S,5c:62:8b:66:67:d2"
1791490838.782,"B,54576,10,5c:62:8b:66:67:d2,0,0,6779,13,-49,A,5c:62:8b:66:67:d2"
1791490838.782,"B,54576,10,46:88:44:6e:4f:e4,6639,8,0,0,-25,S,5c:62:8b:66:67:d2"
1791490838.782,"B,54576,10,72:3b:01:24:b7:c8,84,3,0,0,-18,S,5c:62:8b:66:67:d2"
1791490838.782,"B,54676,10,b2:db:ca:e6:29:a6,56,2,0,0,-22,S,5c:62:8b:66:67:d2"
1791490838.982,"B,54676,10,5c:62:8b:66:67:d2,138,1,5457,13,-50,A,5c:62:8b:66:67:d2"
1791490838.982,"B,54676,10,78:8c:b5:f5:e7:26,0,0,30,1,-77,A,78:8c:b5:f5:e7:26"
1791490838.982,"B,54676,10,46:88:44:6e:4f:e4,5345,9,138,1,-25,S,5c:62:8b:66:67:d2"
1791490838.982,"B,54676,10,72:3b:01:24:b7:c8,56,2,0,0,-18,S,5c:62:8b:66:67:d2"
1791490838.982,"B,54676,10,a6:4c:bd:b6:c7:99,30,1,0,0,-85,S,78:8c:b5:f5:e7:26"
1791490838.982,"B,54776,10,5c:62:8b:66:67:d2,0,0,9410,15,-50,A,5c:62:8b:66:67:d2"
1791490838.982,"B,54776,10,46:88:44:6e:4f:e4,9298,11,0,0,-25,S,5c:62:8b:66:67:d2"
1791490838.982,"B,54776,10,72:3b:01:24:b7:c8,112,4,0,0,-18,S,5c:62:8b:66:67:d2"
1791490838.982,"B,54876,10,b2:db:ca:e6:29:a6,56,2,0,0,-20,S,5c:62:8b:66:67:d2"
1791490839.183,"B,54876,10,5c:62:8b:66:67:d2,0,0,1680,14,-51,A,5c:62:8b:66:67:d2"
1791490839.183,"B,54876,10,46:88:44:6e:4f:e4,1428,5,0,0,-25,S,5c:62:8b:66:67:d2"
1791490839.183,"B,54876,10,72:3b:01:24:b7:c8,196,7,0,0,-18,S,5c:62:8b:66:67:d2"
1791490839.183,"B,54976,10,b2:db:ca:e6:29:a6,56,2,0,0,-22,S,5c:62:8b:66:67:d2"
1791490839.183,"B,54976,10,5c:62:8b:66:67:d2,0,0,5185,10,-48,A,5c:62:8b:66:67:d2"
1791490839.183,"B,54976,10,46:88:44:6e:4f:e4,5073,6,0,0,-25,S,5c:62:8b:66:67:d2"
1791490839.183,"B,54976,10,72:3b:01:24:b7:c8,56,2,0,0,-18,S,5c:62:8b:66:67:d2"
1791490839.183,"B,55076,10,b2:db:ca:e6:29:a6,28,1,0,0,-23,S,5c:62:8b:66:67:d2"
1791490839.183,"B,55076,10,5c:62:8b:66:67:d2,0,0,7705,16,-49,A,5c:62:8b:66:67:d2"
1791490839.383,"B,55076,10,78:8c:b5:f5:e7:26,160,2,0,0,-79,A,78:8c:b5:f5:e7:26"
1791490839.383,"B,55076,10,46:88:44:6e:4f:e4,7537,10,0,0,-25,S,5c:62:8b:66:67:d2"
1791490839.383,"B,55076,10,72:3b:01:24:b7:c8,140,5,0,0,-18,S,5c:62:8b:66:67:d2"
1791490839.383,"I,55099,stat,rx=9805,drops=0,ch=10,bin=100,hop=0,heap=203064"
1791490839.383,"B,55176,10,b2:db:ca:e6:29:a6,56,2,82,1,-21,S,5c:62:8b:66:67:d2"
1791490839.383,"B,55176,10,5c:62:8b:66:67:d2,82,1,9256,15,-50,A,5c:62:8b:66:67:d2"
1791490839.383,"B,55176,10,46:88:44:6e:4f:e4,9116,10,0,0,-25,S,5c:62:8b:66:67:d2"
1791490839.383,"B,55176,10,72:3b:01:24:b7:c8,84,3,0,0,-18,S,5c:62:8b:66:67:d2"
1791490839.383,"B,55276,10,b2:db:ca:e6:29:a6,28,1,0,0,-21,S,5c:62:8b:66:67:d2"
1791490839.383,"B,55276,10,5c:62:8b:66:67:d2,0,0,5881,11,-50,A,5c:62:8b:66:67:d2"
1791490839.383,"B,55276,10,46:88:44:6e:4f:e4,5825,9,0,0,-25,S,5c:62:8b:66:67:d2"
1791490839.383,"B,55276,10,72:3b:01:24:b7:c8,28,1,0,0,-18,S,5c:62:8b:66:67:d2"
1791490839.583,"B,55376,10,b2:db:ca:e6:29:a6,56,2,0,0,-23,S,5c:62:8b:66:67:d2"
1791490839.583,"B,55376,10,5c:62:8b:66:67:d2,0,0,5981,15,-50,A,5c:62:8b:66:67:d2"
1791490839.583,"B,55376,10,46:88:44:6e:4f:e4,5813,9,0,0,-25,S,5c:62:8b:66:67:d2"
1791490839.583,"B,55376,10,72:3b:01:24:b7:c8,112,4,0,0,-18,S,5c:62:8b:66:67:d2"
1791490839.583,"B,55476,10,b2:db:ca:e6:29:a6,56,2,0,0,-21,S,5c:62:8b:66:67:d2"
1791490839.583,"B,55476,10,5c:62:8b:66:67:d2,0,0,7327,14,-50,A,5c:62:8b:66:67:d2"
1791490839.583,"B,55476,10,46:88:44:6e:4f:e4,7187,9,0,0,-24,S,5c:62:8b:66:67:d2"
1791490839.583,"B,55476,10,72:3b:01:24:b7:c8,84,3,0,0,-18,S,5c:62:8b:66:67:d2"
1791490839.783,"B,55576,10,b2:db:ca:e6:29:a6,84,3,0,0,-21,S,5c:62:8b:66:67:d2"
1791490839.783,"B,55576,10,5c:62:8b:66:67:d2,0,0,1680,14,-50,A,5c:62:8b:66:67:d2"
1791490839.783,"B,55576,10,46:88:44:6e:4f:e4,1400,4,0,0,-25,S,5c:62:8b:66:67:d2"
1791490839.783,"B,55576,10,72:3b:01:24:b7:c8,196,7,0,0,-18,S,5c:62:8b:66:67:d2"
1791490839.783,"B,55676,10,b2:db:ca:e6:29:a6,56,2,0,0,-21,S,5c:62:8b:66:67:d2"
1791490839.984,"B,55676,10,5c:62:8b:66:67:d2,0,0,13347,18,-49,A,5c:62:8b:66:67:d2"
1791490839.984,"B,55676,10,78:8c:b5:f5:e7:26,0,0,30,1,-76,A,78:8c:b5:f5:e7:26"
1791490839.984,"B,55676,10,46:88:44:6e:4f:e4,13207,13,0,0,-24,S,5c:62:8b:66:67:d2"
1791490839.984,"B,55676,10,72:3b:01:24:b7:c8,84,3,0,0,-18,S,5c:62:8b:66:67:d2"
1791490839.984,"B,55676,10,a6:4c:bd:b6:c7:99,30,1,0,0,-84,S,78:8c:b5:f5:e7:26"
1791490839.984,"B,55776,10,b2:db:ca:e6:29:a6,56,2,0,0,-21,S,5c:62:8b:66:67:d2"
1791490839.984,"B,55776,10,5c:62:8b:66:67:d2,0,0,7065,12,-49,A,5c:62:8b:66:67:d2"
1791490839.984,"B,55776,10,78:8c:b5:f5:e7:26,0,0,30,1,-76,A,78:8c:b5:f5:e7:26"
1791490839.984,"B,55776,10,46:88:44:6e:4f:e4,6981,9,0,0,-24,S,5c:62:8b:66:67:d2"
1791490839.984,"B,55776,10,72:3b:01:24:b7:c8,28,1,0,0,-18,S,5c:62:8b:66:67:d2"
1791490839.984,"B,55776,10,a6:4c:bd:b6:c7:99,30,1,0,0,-85,S,78:8c:b5:f5:e7:26"
1791490839.984,"B,55876,10,5c:62:8b:66:67:d2,0,0,5937,16,-50,A,5c:62:8b:66:67:d2"
1791490839.984,"B,55876,10,78:8c:b5:f5:e7:26,0,0,90,3,0,A,78:8c:b5:f5:e7:26"
1791490839.984,"B,55876,10,46:88:44:6e:4f:e4,5741,9,0,0,-25,S,5c:62:8b:66:67:d2"
1791490840.185,"B,55876,10,72:3b:01:24:b7:c8,196,7,0,0,-18,S,5c:62:8b:66:67:d2"
1791490840.185,"B,55876,10,a6:4c:bd:b6:c7:99,90,3,0,0,-85,S,78:8c:b5:f5:e7:26"
1791490840.185,"B,55976,10,b2:db:ca:e6:29:a6,28,1,0,0,-23,S,5c:62:8b:66:67:d2"
1791490840.185,"B,55976,10,5c:62:8b:66:67:d2,0,0,1106,5,-49,A,5c:62:8b:66:67:d2"
1791490840.185,"B,55976,10,78:8c:b5:f5:e7:26,0,0,30,1,-76,A,78:8c:b5:f5:e7:26"
1791490840.185,"B,55976,10,46:88:44:6e:4f:e4,1078,4,0,0,-25,S,5c:62:8b:66:67:d2"
1791490840.185,"B,55976,10,a6:4c:bd:b6:c7:99,30,1,0,0,-84,S,78:8c:b5:f5:e7:26"
1791490840.185,"B,56076,10,5c:62:8b:66:67:d2,0,0,9464,14,-49,A,5c:62:8b:66:67:d2"
1791490840.185,"B,56076,10,46:88:44:6e:4f:e4,9408,12,0,0,-25,S,5c:62:8b:66:67:d2"
1791490840.185,"B,56076,10,72:3b:01:24:b7:c8,56,2,0,0,-18,S,5c:62:8b:66:67:d2"
1791490840.386,"B,56176,10,b2:db:ca:e6:29:a6,28,1,0,0,-21,S,5c:62:8b:66:67:d2"
1791490840.386,"B,56176,10,5c:62:8b:66:67:d2,0,0,1190,8,-50,A,5c:62:8b:66:67:d2"
1791490840.386,"B,56176,10,46:88:44:6e:4f:e4,1050,3,0,0,-25,S,5c:62:8b:66:67:d2"
1791490840.386,"B,56176,10,72:3b:01:24:b7:c8,112,4,0,0,-18,S,5c:62:8b:66:67:d2"
1791490840.386,"B,56276,10,b2:db:ca:e6:29:a6,84,3,0,0,-23,S,5c:62:8b:66:67:d2"
1791490840.386,"B,56276,10,5c:62:8b:66:67:d2,0,0,5865,12,-49,A,5c:62:8b:66:67:d2"
1791490840.386,"B,56276,10,46:88:44:6e:4f:e4,5781,9,0,0,-25,S,5c:62:8b:66:67:d2"
1791490840.587,"M,56320,slot,7,0"
1791490840.587,"B,56376,10,b2:db:ca:e6:29:a6,56,2,0,0,-21,S,5c:62:8b:66:67:d2"
1791490840.587,"B,56376,10,5c:62:8b:66:67:d2,0,0,5945,13,-49,A,5c:62:8b:66:67:d2"
1791490840.587,"B,56376,10,46:88:44:6e:4f:e4,5833,9,0,0,-25,S,5c:62:8b:66:67:d2"
1791490840.587,"B,56376,10,72:3b:01:24:b7:c8,56,2,0,0,-18,S,5c:62:8b:66:67:d2"
1791490840.587,"B,56476,10,b2:db:ca:e6:29:a6,56,2,0,0,-21,S,5c:62:8b:66:67:d2"
1791490840.587,"B,56476,10,5c:62:8b:66:67:d2,0,0,3881,12,-50,A,5c:62:8b:66:67:d2"
1791490840.587,"B,56476,10,46:88:44:6e:4f:e4,3741,7,0,0,-25,S,5c:62:8b:66:67:d2"
1791490840.587,"B,56476,10,72:3b:01:24:b7:c8,84,3,0,0,-18,S,5c:62:8b:66:67:d2"
1791490840.789,"B,56576,10,b2:db:ca:e6:29:a6,56,2,0,0,-21,S,5c:62:8b:66:67:d2"
1791490840.789,"B,56576,10,5c:62:8b:66:67:d2,0,0,9473,14,-50,A,5c:62:8b:66:67:d2"
1791490840.789,"B,56576,10,46:88:44:6e:4f:e4,9417,12,0,0,-25,S,5c:62:8b:66:67:d2"
1791490840.789,"B,56676,10,b2:db:ca:e6:29:a6,28,1,0,0,-21,S,5c:62:8b:66:67:d2"
1791490840.789,"B,56676,10,5c:62:8b:66:67:d2,0,0,3388,14,-50,A,5c:62:8b:66:67:d2"
1791490840.789,"B,56676,10,46:88:44:6e:4f:e4,3164,6,0,0,-25,S,5c:62:8b:66:67:d2"
1791490840.789,"B,56676,10,72:3b:01:24:b7:c8,196,7,0,0,-18,S,5c:62:8b:66:67:d2"
1791490840.990,"B,56776,10,b2:db:ca:e6:29:a6,56,2,0,0,-21,S,5c:62:8b:66:67:d2"
1791490840.990,"B,56776,10,5c:62:8b:66:67:d2,0,0,7885,18,-48,A,5c:62:8b:66:67:d2"
1791490840.990,"B,56776,10,78:8c:b5:f5:e7:26,0,0,30,1,-76,A,78:8c:b5:f5:e7:26"
1791490840.990,"B,56776,10,46:88:44:6e:4f:e4,7689,11,0,0,-24,S,5c:62:8b:66:67:d2"
1791490840.990,"B,56776,10,72:3b:01:24:b7:c8,140,5,0,0,-18,S,5c:62:8b:66:67:d2"
1791490840.990,"B,56776,10,a6:4c:bd:b6:c7:99,30,1,0,0,-85,S,78:8c:b5:f5:e7:26"
1791490840.990,"B,56876,10,b2:db:ca:e6:29:a6,56,2,0,0,-22,S,5c:62:8b:66:67:d2"
1791490840.990,"B,56876,10,5c:62:8b:66:67:d2,0,0,5897,12,-50,A,5c:62:8b:66:67:d2"
1791490840.990,"B,56876,10,78:8c:b5:f5:e7:26,0,0,30,1,-76,A,78:8c:b5:f5:e7:26"
1791490840.990,"B,56876,10,46:88:44:6e:4f:e4,5785,8,0,0,-25,S,5c:62:8b:66:67:d2"
1791490840.990,"B,56876,10,72:3b:01:24:b7:c8,56,2,0,0,-18,S,5c:62:8b:66:67:d2"
1791490840.990,"B,56876,10,a6:4c:bd:b6:c7:99,30,1,0,0,-89,S,78:8c:b5:f5:e7:26"
1791490841.193,"B,56976,10,b2:db:ca:e6:29:a6,28,1,0,0,-23,S,5c:62:8b:66:67:d2"
1791490841.193,"B,56976,10,5c:62:8b:66:67:d2,0,0,6892,18,-50,A,5c:62:8b:66:67:d2"
1791490841.193,"B,56976,10,46:88:44:6e:4f:e4,6668,10,0,0,-24,S,5c:62:8b:66:67:d2"
1791490841.193,"B,56976,10,72:3b:01:24:b7:c8,196,7,0,0,-17,S,5c:62:8b:66:67:d2"
1791490841.193,"B,57076,10,b2:db:ca:e6:29:a6,56,2,0,0,-21,S,5c:62:8b:66:67:d2"
1791490841.193,"B,57076,10,5c:62:8b:66:67:d2,0,0,5455,14,-50,A,5c:62:8b:66:67:d2"
1791490841.193,"B,57076,10,46:88:44:6e:4f:e4,5287,8,0,0,-24,S,5c:62:8b:66:67:d2"
1791490841.193,"B,57076,10,72:3b:01:24:b7:c8,112,4,0,0,-18,S,5c:62:8b:66:67:d2"
1791490841.193,"B,57076,10,80:af:ca:68:4c:f8,84,1,0,0,-87,A,80:af:ca:68:4c:f8"
1791490841.396,"B,57176,10,b2:db:ca:e6:29:a6,84,3,0,0,-22,S,5c:62:8b:66:67:d2"
1791490841.396,"B,57176,10,5c:62:8b:66:67:d2,0,0,5189,10,-50,A,5c:62:8b:66:67:d2"
1791490841.396,"B,57176,10,78:8c:b5:f5:e7:26,0,0,30,1,-76,A,78:8c:b5:f5:e7:26"
1791490841.396,"B,57176,10,46:88:44:6e:4f:e4,5105,7,0,0,-25,S,5c:62:8b:66:67:d2"
1791490841.396,"B,57176,10,a6:4c:bd:b6:c7:99,30,1,0,0,-84,S,78:8c:b5:f5:e7:26"
1791490841.396,"B,57276,10,b2:db:ca:e6:29:a6,28,1,0,0,-23,S,5c:62:8b:66:67:d2"
1791490841.396,"B,57276,10,5c:62:8b:66:67:d2,0,0,2289,11,-49,A,5c:62:8b:66:67:d2"
1791490841.396,"B,57276,10,46:88:44:6e:4f:e4,2121,5,0,0,-25,S,5c:62:8b:66:67:d2"
1791490841.396,"B,57276,10,72:3b:01:24:b7:c8,140,5,0,0,-17,S,5c:62:8b:66:67:d2"
1791490841.599,"B,57376,10,b2:db:ca:e6:29:a6,56,2,0,0,-22,S,5c:62:8b:66:67:d2"
1791490841.599,"B,57376,10,5c:62:8b:66:67:d2,0,0,13654,18,-51,A,5c:62:8b:66:67:d2"
1791490841.599,"B,57376,10,46:88:44:6e:4f:e4,13570,15,0,0,-25,S,5c:62:8b:66:67:d2"
1791490841.599,"B,57376,10,72:3b:01:24:b7:c8,28,1,0,0,-18,S,5c:62:8b:66:67:d2"
1791490841.599,"B,57476,10,b2:db:ca:e6:29:a6,28,1,0,0,-20,S,5c:62:8b:66:67:d2"
1791490841.599,"B,57476,10,5c:62:8b:66:67:d2,0,0,7026,12,-50,A,5c:62:8b:66:67:d2"
1791490841.599,"B,57476,10,46:88:44:6e:4f:e4,6998,11,0,0,-25,S,5c:62:8b:66:67:d2"
1791490841.801,"B,57576,10,b2:db:ca:e6:29:a6,56,2,0,0,-21,S,5c:62:8b:66:67:d2"
1791490841.801,"B,57576,10,5c:62:8b:66:67:d2,0,0,6580,23,-50,A,5c:62:8b:66:67:d2"
1791490841.801,"B,57576,10,78:8c:b5:f5:e7:26,0,0,30,1,-76,A,78:8c:b5:f5:e7:26"
1791490841.801,"B,57576,10,46:88:44:6e:4f:e4,6160,8,0,0,-25,S,5c:62:8b:66:67:d2"
1791490841.801,"B,57576,10,72:3b:01:24:b7:c8,364,13,0,0,-18,S,5c:62:8b:66:67:d2"
1791490841.801,"B,57576,10,a6:4c:bd:b6:c7:99,30,1,0,0,-86,S,78:8c:b5:f5:e7:26"
1791490841.801,"B,57676,10,b2:db:ca:e6:29:a6,28,1,0,0,-21,S,5c:62:8b:66:67:d2"
1791490841.801,"B,57676,10,5c:62:8b:66:67:d2,0,0,5363,11,-50,A,5c:62:8b:66:67:d2"
1791490841.801,"B,57676,10,46:88:44:6e:4f:e4,5279,8,0,0,-25,S,5c:62:8b:66:67:d2"
1791490841.801,"B,57676,10,72:3b:01:24:b7:c8,56,2,0,0,-17,S,5c:62:8b:66:67:d2"
1791490842.004,"B,57776,10,b2:db:ca:e6:29:a6,84,3,0,0,-22,S,5c:62:8b:66:67:d2"
1791490842.004,"B,57776,10,5c:62:8b:66:67:d2,0,0,812,6,-51,A,5c:62:8b:66:67:d2"
1791490842.004,"B,57776,10,78:8c:b5:f5:e7:26,0,0,60,2,-76,A,78:8c:b5:f5:e7:26"
1791490842.004,"B,57776,10,46:88:44:6e:4f:e4,700,2,0,0,-25,S,5c:62:8b:66:67:d2"
1791490842.004,"B,57776,10,72:3b:01:24:b7:c8,28,1,0,0,-17,S,5c:62:8b:66:67:d2"
1791490842.004,"B,57776,10,a6:4c:bd:b6:c7:99,60,2,0,0,-88,S,78:8c:b5:f5:e7:26"
1791490842.004,"B,57876,10,b2:db:ca:e6:29:a6,28,1,0,0,-23,S,5c:62:8b:66:67:d2"
1791490842.004,"B,57876,10,5c:62:8b:66:67:d2,0,0,8144,15,-50,A,5c:62:8b:66:67:d2"
1791490842.004,"B,57876,10,46:88:44:6e:4f:e4,8004,10,0,0,-25,S,5c:62:8b:66:67:d2"
1791490842.004,"B,57876,10,72:3b:01:24:b7:c8,112,4,0,0,-17,S,5c:62:8b:66:67:d2"
1791490842.208,"B,57976,10,b2:db:ca:e6:29:a6,56,2,0,0,-21,S,5c:62:8b:66:67:d2"
1791490842.208,"B,57976,10,5c:62:8b:66:67:d2,0,0,3686,10,-50,A,5c:62:8b:66:67:d2"
1791490842.208,"B,57976,10,78:8c:b5:f5:e7:26,0,0,30,1,-75,A,78:8c:b5:f5:e7:26"
1791490842.208,"B,57976,10,46:88:44:6e:4f:e4,3630,8,0,0,-25,S,5c:62:8b:66:67:d2"
1791490842.208,"B,57976,10,a6:4c:bd:b6:c7:99,30,1,0,0,-89,S,78:8c:b5:f5:e7:26"
1791490842.208,"B,58076,10,b2:db:ca:e6:29:a6,56,2,0,0,-23,S,5c:62:8b:66:67:d2"
1791490842.208,"B,58076,10,5c:62:8b:66:67:d2,0,0,5909,12,0,A,5c:62:8b:66:67:d2"
1791490842.208,"B,58076,10,46:88:44:6e:4f:e4,5825,9,0,0,-25,S,5c:62:8b:66:67:d2"
1791490842.208,"B,58076,10,72:3b:01:24:b7:c8,28,1,0,0,-17,S,5c:62:8b:66:67:d2"
1791490842.409,"B,58176,10,b2:db:ca:e6:29:a6,112,4,0,0,-21,S,5c:62:8b:66:67:d2"
1791490842.409,"B,58176,10,5c:62:8b:66:67:d2,0,0,6827,15,-51,A,5c:62:8b:66:67:d2"
1791490842.409,"B,58176,10,78:8c:b5:f5:e7:26,0,0,30,1,-76,A,78:8c:b5:f5:e7:26"
1791490842.409,"B,58176,10,46:88:44:6e:4f:e4,6631,8,0,0,-24,S,5c:62:8b:66:67:d2"
1791490842.409,"B,58176,10,72:3b:01:24:b7:c8,84,3,0,0,-17,S,5c:62:8b:66:67:d2"
1791490842.409,"B,58176,10,a6:4c:bd:b6:c7:99,30,1,0,0,-87,S,78:8c:b5:f5:e7:26"
1791490842.409,"B,58276,10,b2:db:ca:e6:29:a6,28,1,0,0,-23,S,5c:62:8b:66:67:d2"
1791490842.409,"B,58276,10,5c:62:8b:66:67:d2,0,0,6696,12,-49,A,5c:62:8b:66:67:d2"
1791490842.409,"B,58276,10,78:8c:b5:f5:e7:26,0,0,60,2,-76,A,78:8c:b5:f5:e7:26"
1791490842.409,"B,58276,10,46:88:44:6e:4f:e4,6640,10,0,0,-24,S,5c:62:8b:66:67:d2"
1791490842.409,"B,58276,10,72:3b:01:24:b7:c8,28,1,0,0,-18,S,5c:62:8b:66:67:d2"
1791490842.409,"B,58276,10,a6:4c:bd:b6:c7:99,60,2,0,0,-89,S,78:8c:b5:f5:e7:26"
1791490842.614,"B,58376,10,5c:62:8b:66:67:d2,0,0,6630,14,-50,A,5c:62:8b:66:67:d2"
1791490842.614,"B,58376,10,46:88:44:6e:4f:e4,6462,8,0,0,-25,S,5c:62:8b:66:67:d2"
1791490842.614,"B,58376,10,72:3b:01:24:b7:c8,168,6,0,0,-18,S,5c:62:8b:66:67:d2"
1791490842.614,"B,58476,10,b2:db:ca:e6:29:a6,56,2,0,0,-21,S,5c:62:8b:66:67:d2"
1791490842.614,"B,58476,10,5c:62:8b:66:67:d2,0,0,784,5,-50,A,5c:62:8b:66:67:d2"
1791490842.614,"B,58476,10,46:88:44:6e:4f:e4,728,3,0,0,-23,S,5c:62:8b:66:67:d2"
1791490842.819,"B,58576,10,b2:db:ca:e6:29:a6,56,2,0,0,-21,S,5c:62:8b:66:67:d2"
1791490842.819,"B,58576,10,5c:62:8b:66:67:d2,0,0,5857,12,-50,A,5c:62:8b:66:67:d2"
1791490842.819,"B,58576,10,46:88:44:6e:4f:e4,5773,9,0,0,-25,S,5c:62:8b:66:67:d2"
1791490842.819,"B,58576,10,72:3b:01:24:b7:c8,28,1,0,0,-18,S,5c:62:8b:66:67:d2"
1791490842.819,"B,58676,10,b2:db:ca:e6:29:a6,56,2,0,0,-22,S,5c:62:8b:66:67:d2"
1791490842.819,"B,58676,10,5c:62:8b:66:67:d2,0,0,6971,14,-50,A,5c:62:8b:66:67:d2"
1791490842.819,"B,58676,10,46:88:44:6e:4f:e4,6859,10,0,0,-25,S,5c:62:8b:66:67:d2"
1791490842.819,"B,58676,10,72:3b:01:24:b7:c8,56,2,0,0,-18,S,5c:62:8b:66:67:d2"
1791490843.025,"B,58776,10,b2:db:ca:e6:29:a6,28,1,0,0,-21,S,5c:62:8b:66:67:d2"
1791490843.025,"B,58776,10,5c:62:8b:66:67:d2,0,0,4831,9,-51,A,5c:62:8b:66:67:d2"
1791490843.025,"B,58776,10,46:88:44:6e:4f:e4,4719,5,0,0,-25,S,5c:62:8b:66:67:d2"
1791490843.025,"B,58776,10,72:3b:01:24:b7:c8,84,3,0,0,-17,S,5c:62:8b:66:67:d2"
1791490843.025,"B,58876,10,b2:db:ca:e6:29:a6,28,1,0,0,-21,S,5c:62:8b:66:67:d2"
1791490843.025,"B,58876,10,5c:62:8b:66:67:d2,0,0,5249,14,-50,A,5c:62:8b:66:67:d2"
1791490843.025,"B,58876,10,46:88:44:6e:4f:e4,5053,7,0,0,-25,S,5c:62:8b:66:67:d2"
1791490843.025,"B,58876,10,72:3b:01:24:b7:c8,168,6,0,0,-17,S,5c:62:8b:66:67:d2"
1791490843.226,"B,58976,10,b2:db:ca:e6:29:a6,56,2,0,0,-23,S,5c:62:8b:66:67:d2"
1791490843.226,"B,58976,10,5c:62:8b:66:67:d2,0,0,5499,10,-50,A,5c:62:8b:66:67:d2"
1791490843.226,"B,58976,10,46:88:44:6e:4f:e4,5443,8,0,0,-25,S,5c:62:8b:66:67:d2"
1791490843.226,"B,59076,10,b2:db:ca:e6:29:a6,56,2,0,0,-20,S,5c:62:8b:66:67:d2"
1791490843.226,"B,59076,10,5c:62:8b:66:67:d2,0,0,1918,11,-51,A,5c:62:8b:66:67:d2"
1791490843.226,"B,59076,10,78:8c:b5:f5:e7:26,80,1,30,1,-77,A,78:8c:b5:f5:e7:26"
1791490843.226,"B,59076,10,46:88:44:6e:4f:e4,1778,6,0,0,-25,S,5c:62:8b:66:67:d2"
1791490843.226,"B,59076,10,72:3b:01:24:b7:c8,84,3,0,0,-18,S,5c:62:8b:66:67:d2"
1791490843.226,"B,59076,10,a6:4c:bd:b6:c7:99,30,1,0,0,-87,S,78:8c:b5:f5:e7:26"
1791490843.430,"B,59176,10,b2:db:ca:e6:29:a6,56,2,0,0,-21,S,5c:62:8b:66:67:d2"
1791490843.430,"B,59176,10,5c:62:8b:66:67:d2,0,0,6336,15,-51,A,5c:62:8b:66:67:d2"
1791490843.430,"B,59176,10,46:88:44:6e:4f:e4,6140,8,0,0,-25,S,5c:62:8b:66:67:d2"
1791490843.430,"B,59176,10,72:3b:01:24:b7:c8,140,5,0,0,-17,S,5c:62:8b:66:67:d2"
1791490843.430,"B,59276,10,b2:db:ca:e6:29:a6,56,2,0,0,-21,S,5c:62:8b:66:67:d2"
1791490843.430,"B,59276,10,5c:62:8b:66:67:d2,0,0,5817,10,-51,A,5c:62:8b:66:67:d2"
1791490843.430,"B,59276,10,78:8c:b5:f5:e7:26,141,1,30,1,-78,A,78:8c:b5:f5:e7:26"
1791490843.430,"B,59276,10,46:88:44:6e:4f:e4,5761,8,0,0,-25,S,5c:62:8b:66:67:d2"
1791490843.430,"B,59276,10,a6:4c:bd:b6:c7:99,30,1,0,0,-86,S,78:8c:b5:f5:e7:26"
1791490843.633,"B,59376,10,b2:db:ca:e6:29:a6,112,4,0,0,-21,S,5c:62:8b:66:67:d2"
1791490843.633,"B,59376,10,5c:62:8b:66:67:d2,82,1,5683,17,-51,A,5c:62:8b:66:67:d2"
1791490843.633,"B,59376,10,78:8c:b5:f5:e7:26,0,0,60,2,0,A,78:8c:b5:f5:e7:26"
1791490843.633,"B,59376,10,46:88:44:6e:4f:e4,5487,10,0,0,-25,S,5c:62:8b:66:67:d2"
1791490843.633,"B,59376,10,72:3b:01:24:b7:c8,84,3,82,1,-17,S,5c:62:8b:66:67:d2"
1791490843.633,"B,59376,10,a6:4c:bd:b6:c7:99,60,2,0,0,-85,S,78:8c:b5:f5:e7:26"
1791490843.633,"B,59476,10,5c:62:8b:66:67:d2,0,0,5953,14,-50,A,5c:62:8b:66:67:d2"
1791490843.633,"B,59476,10,46:88:44:6e:4f:e4,5813,9,0,0,-25,S,5c:62:8b:66:67:d2"
1791490843.633,"B,59476,10,72:3b:01:24:b7:c8,140,5,0,0,-18,S,5c:62:8b:66:67:d2"
1791490843.837,"B,59576,10,b2:db:ca:e6:29:a6,56,2,0,0,-22,S,5c:62:8b:66:67:d2"
1791490843.837,"B,59576,10,5c:62:8b:66:67:d2,0,0,5369,17,-51,A,5c:62:8b:66:67:d2"
1791490843.837,"B,59576,10,46:88:44:6e:4f:e4,5089,7,0,0,-24,S,5c:62:8b:66:67:d2"
1791490843.837,"B,59576,10,72:3b:01:24:b7:c8,224,8,0,0,-18,S,5c:62:8b:66:67:d2"
1791490843.837,"B,59676,10,b2:db:ca:e6:29:a6,56,2,0,0,-20,S,5c:62:8b:66:67:d2"
1791490843.837,"B,59676,10,5c:62:8b:66:67:d2,138,1,2411,13,-50,A,5c:62:8b:66:67:d2"
1791490843.837,"B,59676,10,46:88:44:6e:4f:e4,2215,6,138,1,-24,S,5c:62:8b:66:67:d2"
1791490843.837,"B,59676,10,72:3b:01:24:b7:c8,140,5,0,0,-17,S,5c:62:8b:66:67:d2"
1791490844.041,"B,59776,10,b2:db:ca:e6:29:a6,56,2,0,0,-20,S,5c:62:8b:66:67:d2"
1791490844.041,"B,59776,10,5c:62:8b:66:67:d2,0,0,6368,15,-51,A,5c:62:8b:66:67:d2"
1791490844.041,"B,59776,10,46:88:44:6e:4f:e4,6144,7,0,0,-25,S,5c:62:8b:66:67:d2"
1791490844.041,"B,59776,10,72:3b:01:24:b7:c8,168,6,0,0,-18,S,5c:62:8b:66:67:d2"
1791490844.041,"B,59876,10,b2:db:ca:e6:29:a6,84,3,0,0,-21,S,5c:62:8b:66:67:d2"
1791490844.041,"B,59876,10,5c:62:8b:66:67:d2,0,0,8539,13,-49,A,5c:62:8b:66:67:d2"
1791490844.041,"B,59876,10,78:8c:b5:f5:e7:26,0,0,30,1,-76,A,78:8c:b5:f5:e7:26"
1791490844.041,"B,59876,10,46:88:44:6e:4f:e4,8455,10,0,0,-24,S,5c:62:8b:66:67:d2"
1791490844.041,"B,59876,10,a6:4c:bd:b6:c7:99,30,1,0,0,-85,S,78:8c:b5:f5:e7:26"
1791490844.242,"B,59976,10,b2:db:ca:e6:29:a6,56,2,0,0,-20,S,5c:62:8b:66:67:d2"
1791490844.242,"B,59976,10,5c:62:8b:66:67:d2,0,0,6280,13,-50,A,5c:62:8b:66:67:d2"
1791490844.242,"B,59976,10,78:8c:b5:f5:e7:26,0,0,60,2,0,A,78:8c:b5:f5:e7:26"
1791490844.242,"B,59976,10,46:88:44:6e:4f:e4,6140,8,0,0,-25,S,5c:62:8b:66:67:d2"
1791490844.242,"B,59976,10,72:3b:01:24:b7:c8,84,3,0,0,-18,S,5c:62:8b:66:67:d2"
1791490844.242,"B,59976,10,a6:4c:bd:b6:c7:99,60,2,0,0,-86,S,78:8c:b5:f5:e7:26"
1791490844.242,"B,60076,10,b2:db:ca:e6:29:a6,28,1,0,0,-21,S,5c:62:8b:66:67:d2"
1791490844.242,"B,60076,10,5c:62:8b:66:67:d2,0,0,5985,16,-50,A,5c:62:8b:66:67:d2"
1791490844.242,"B,60076,10,78:8c:b5:f5:e7:26,0,0,30,1,-78,A,78:8c:b5:f5:e7:26"
1791490844.242,"B,60076,10,46:88:44:6e:4f:e4,5761,8,0,0,-25,S,5c:62:8b:66:67:d2"
1791490844.242,"B,60076,10,72:3b:01:24:b7:c8,196,7,0,0,-18,S,5c:62:8b:66:67:d2"
1791490844.242,"B,60076,10,a6:4c:bd:b6:c7:99,30,1,0,0,-89,S,78:8c:b5:f5:e7:26"
1791490844.242,"I,60100,stat,rx=10661,drops=0,ch=10,bin=100,hop=0,heap=203064"
1791490844.446,"B,60176,10,b2:db:ca:e6:29:a6,84,3,0,0,-22,S,5c:62:8b:66:67:d2"
1791490844.446,"B,60176,10,5c:62:8b:66:67:d2,0,0,5749,13,-49,A,5c:62:8b:66:67:d2"
1791490844.446,"B,60176,10,46:88:44:6e:4f:e4,5637,9,0,0,-25,S,5c:62:8b:66:67:d2"
1791490844.446,"B,60176,10,72:3b:01:24:b7:c8,28,1,0,0,-18,S,5c:62:8b:66:67:d2"
1791490844.446,"B,60276,10,b2:db:ca:e6:29:a6,112,4,0,0,-20,S,5c:62:8b:66:67:d2"
1791490844.446,"B,60276,10,5c:62:8b:66:67:d2,0,0,1498,19,-50,A,5c:62:8b:66:67:d2"
1791490844.446,"B,60276,10,78:8c:b5:f5:e7:26,0,0,30,1,-78,A,78:8c:b5:f5:e7:26"
1791490844.446,"B,60276,10,46:88:44:6e:4f:e4,1078,4,0,0,-25,S,5c:62:8b:66:67:d2"
1791490844.446,"B,60276,10,72:3b:01:24:b7:c8,308,11,0,0,-17,S,5c:62:8b:66:67:d2"
1791490844.446,"B,60276,10,a6:4c:bd:b6:c7:99,30,1,0,0,-84,S,78:8c:b5:f5:e7:26"
1791490844.651,"B,60376,10,b2:db:ca:e6:29:a6,56,2,0,0,-21,S,5c:62:8b:66:67:d2"
1791490844.651,"B,60376,10,5c:62:8b:66:67:d2,0,0,5201,11,-48,A,5c:62:8b:66:67:d2"
1791490844.651,"B,60376,10,78:8c:b5:f5:e7:26,0,0,120,4,-76,A,78:8c:b5:f5:e7:26"
1791490844.651,"B,60376,10,46:88:44:6e:4f:e4,5061,6,0,0,-25,S,5c:62:8b:66:67:d2"
1791490844.651,"B,60376,10,72:3b:01:24:b7:c8,84,3,0,0,-18,S,5c:62:8b:66:67:d2"
1791490844.651,"B,60376,10,a6:4c:bd:b6:c7:99,120,4,0,0,-86,S,78:8c:b5:f5:e7:26"
1791490844.651,"B,60476,10,b2:db:ca:e6:29:a6,56,2,0,0,-22,S,5c:62:8b:66:67:d2"
1791490844.651,"B,60476,10,5c:62:8b:66:67:d2,0,0,10259,14,-50,A,5c:62:8b:66:67:d2"
1791490844.651,"B,60476,10,46:88:44:6e:4f:e4,10175,11,0,0,-25,S,5c:62:8b:66:67:d2"
1791490844.651,"B,60476,10,72:3b:01:24:b7:c8,28,1,0,0,-18,S,5c:62:8b:66:67:d2"
1791490844.852,"B,60576,10,b2:db:ca:e6:29:a6,56,2,0,0,-21,S,5c:62:8b:66:67:d2"
1791490844.852,"B,60576,10,5c:62:8b:66:67:d2,0,0,7497,15,-50,A,5c:62:8b:66:67:d2"
1791490844.852,"B,60576,10,78:8c:b5:f5:e7:26,0,0,30,1,-78,A,78:8c:b5:f5:e7:26"
1791490844.852,"B,60576,10,46:88:44:6e:4f:e4,7357,10,0,0,-25,S,5c:62:8b:66:67:d2"
1791490844.852,"B,60576,10,72:3b:01:24:b7:c8,84,3,0,0,-18,S,5c:62:8b:66:67:d2"
1791490844.852,"B,60576,10,a6:4c:bd:b6:c7:99,30,1,0,0,-90,S,78:8c:b5:f5:e7:26"
1791490844.852,"B,60676,10,b2:db:ca:e6:29:a6,56,2,0,0,-21,S,5c:62:8b:66:67:d2"
1791490844.852,"B,60676,10,5c:62:8b:66:67:d2,0,0,10601,18,-50,A,5c:62:8b:66:67:d2"
1791490844.852,"B,60676,10,78:8c:b5:f5:e7:26,0,0,60,2,-78,A,78:8c:b5:f5:e7:26"
1791490844.852,"B,60676,10,46:88:44:6e:4f:e4,10461,13,0,0,-25,S,5c:62:8b:66:67:d2"
1791490844.852,"B,60676,10,72:3b:01:24:b7:c8,84,3,0,0,-18,S,5c:62:8b:66:67:d2"
1791490844.852,"B,60676,10,a6:4c:bd:b6:c7:99,60,2,0,0,-84,S,78:8c:b5:f5:e7:26"
1791490845.057,"B,60776,10,b2:db:ca:e6:29:a6,56,2,0,0,-22,S,5c:62:8b:66:67:d2"
1791490845.057,"B,60776,10,5c:62:8b:66:67:d2,0,0,5213,11,-50,A,5c:62:8b:66:67:d2"
1791490845.057,"B,60776,10,46:88:44:6e:4f:e4,5073,6,0,0,-25,S,5c:62:8b:66:67:d2"
1791490845.057,"B,60776,10,72:3b:01:24:b7:c8,84,3,0,0,-18,S,5c:62:8b:66:67:d2"
1791490845.057,"B,60876,10,b2:db:ca:e6:29:a6,28,1,0,0,-20,S,5c:62:8b:66:67:d2"
1791490845.057,"B,60876,10,5c:62:8b:66:67:d2,0,0,1540,9,-51,A,5c:62:8b:66:67:d2"
1791490845.057,"B,60876,10,46:88:44:6e:4f:e4,1428,5,0,0,-24,S,5c:62:8b:66:67:d2"
1791490845.057,"B,60876,10,72:3b:01:24:b7:c8,84,3,0,0,-18,S,5c:62:8b:66:67:d2"
1791490845.259,"B,60976,10,b2:db:ca:e6:29:a6,84,3,0,0,-21,S,5c:62:8b:66:67:d2"
1791490845.259,"B,60976,10,5c:62:8b:66:67:d2,0,0,5973,14,-48,A,5c:62:8b:66:67:d2"
1791490845.259,"B,60976,10,46:88:44:6e:4f:e4,5805,8,0,0,-25,S,5c:62:8b:66:67:d2"
1791490845.259,"B,60976,10,72:3b:01:24:b7:c8,84,3,0,0,-18,S,5c:62:8b:66:67:d2"
1791490845.259,"B,61076,10,b2:db:ca:e6:29:a6,56,2,0,0,-21,S,5c:62:8b:66:67:d2"
1791490845.259,"B,61076,10,5c:62:8b:66:67:d2,0,0,8737,17,-48,A,5c:62:8b:66:67:d2"
1791490845.259,"B,61076,10,78:8c:b5:f5:e7:26,0,0,60,2,-77,A,78:8c:b5:f5:e7:26"
1791490845.259,"B,61076,10,46:88:44:6e:4f:e4,8681,15,0,0,-24,S,5c:62:8b:66:67:d2"
1791490845.259,"B,61076,10,a6:4c:bd:b6:c7:99,60,2,0,0,-84,S,78:8c:b5:f5:e7:26"
1791490845.464,"B,61176,10,b2:db:ca:e6:29:a6,56,2,0,0,-21,S,5c:62:8b:66:67:d2"
1791490845.464,"B,61176,10,5c:62:8b:66:67:d2,0,0,6398,12,-51,A,5c:62:8b:66:67:d2"
1791490845.464,"B,61176,10,46:88:44:6e:4f:e4,6314,9,0,0,-24,S,5c:62:8b:66:67:d2"
1791490845.464,"B,61176,10,72:3b:01:24:b7:c8,28,1,0,0,-18,S,5c:62:8b:66:67:d2"
1791490845.464,"B,61276,10,b2:db:ca:e6:29:a6,28,1,0,0,-21,S,5c:62:8b:66:67:d2"
1791490845.464,"B,61276,10,5c:62:8b:66:67:d2,0,0,5837,10,-49,A,5c:62:8b:66:67:d2"
1791490845.464,"B,61276,10,78:8c:b5:f5:e7:26,0,0,60,2,-76,A,78:8c:b5:f5:e7:26"
1791490845.464,"B,61276,10,46:88:44:6e:4f:e4,5809,9,0,0,-25,S,5c:62:8b:66:67:d2"
1791490845.464,"B,61276,10,a6:4c:bd:b6:c7:99,60,2,0,0,-86,S,78:8c:b5:f5:e7:26"
1791490845.669,"B,61376,10,b2:db:ca:e6:29:a6,56,2,0,0,-23,S,5c:62:8b:66:67:d2"
1791490845.669,"B,61376,10,5c:62:8b:66:67:d2,0,0,5383,13,-50,A,5c:62:8b:66:67:d2"
1791490845.669,"B,61376,10,46:88:44:6e:4f:e4,5243,8,0,0,-25,S,5c:62:8b:66:67:d2"
1791490845.669,"B,61376,10,72:3b:01:24:b7:c8,84,3,0,0,-17,S,5c:62:8b:66:67:d2"
1791490845.669,"M,61399,slot,8,1"
1791490845.669,"B,61476,10,b2:db:ca:e6:29:a6,28,1,0,0,-21,S,5c:62:8b:66:67:d2"
1791490845.669,"B,61476,10,5c:62:8b:66:67:d2,0,0,2212,10,-48,A,5c:62:8b:66:67:d2"
1791490845.669,"B,61476,10,46:88:44:6e:4f:e4,2128,7,0,0,-25,S,5c:62:8b:66:67:d2"
1791490845.669,"B,61476,10,72:3b:01:24:b7:c8,56,2,0,0,-18,S,5c:62:8b:66:67:d2"
1791490845.873,"B,61576,10,b2:db:ca:e6:29:a6,56,2,0,0,-22,S,5c:62:8b:66:67:d2"
1791490845.873,"B,61576,10,5c:62:8b:66:67:d2,0,0,4523,15,-51,A,5c:62:8b:66:67:d2"
1791490845.873,"B,61576,10,78:8c:b5:f5:e7:26,0,0,90,3,-78,A,78:8c:b5:f5:e7:26"
1791490845.873,"B,61576,10,46:88:44:6e:4f:e4,4327,8,0,0,-25,S,5c:62:8b:66:67:d2"
1791490845.873,"B,61576,10,72:3b:01:24:b7:c8,140,5,0,0,-18,S,5c:62:8b:66:67:d2"
1791490845.873,"B,61576,10,a6:4c:bd:b6:c7:99,90,3,0,0,-89,S,78:8c:b5:f5:e7:26"
1791490845.873,"B,61676,10,b2:db:ca:e6:29:a6,56,2,0,0,-22,S,5c:62:8b:66:67:d2"
1791490845.873,"B,61676,10,5c:62:8b:66:67:d2,0,0,5225,12,-50,A,5c:62:8b:66:67:d2"
1791490845.873,"B,61676,10,78:8c:b5:f5:e7:26,0,0,60,2,0,A,78:8c:b5:f5:e7:26"
1791490845.873,"B,61676,10,46:88:44:6e:4f:e4,5057,6,0,0,-25,S,5c:62:8b:66:67:d2"
1791490845.873,"B,61676,10,72:3b:01:24:b7:c8,112,4,0,0,-17,S,5c:62:8b:66:67:d2"
1791490845.873,"B,61676,10,a6:4c:bd:b6:c7:99,60,2,0,0,-85,S,78:8c:b5:f5:e7:26"
1791490846.078,"B,61776,10,b2:db:ca:e6:29:a6,28,1,0,0,-22,S,5c:62:8b:66:67:d2"
1791490846.078,"B,61776,10,5c:62:8b:66:67:d2,0,0,5245,11,-50,A,5c:62:8b:66:67:d2"
1791490846.078,"B,61776,10,78:8c:b5:f5:e7:26,0,0,60,2,0,A,78:8c:b5:f5:e7:26"
1791490846.078,"B,61776,10,46:88:44:6e:4f:e4,5133,7,0,0,-25,S,5c:62:8b:66:67:d2"
1791490846.078,"B,61776,10,72:3b:01:24:b7:c8,84,3,0,0,-17,S,5c:62:8b:66:67:d2"
1791490846.078,"B,61776,10,a6:4c:bd:b6:c7:99,60,2,0,0,-84,S,78:8c:b5:f5:e7:26"
1791490846.078,"B,61876,10,b2:db:ca:e6:29:a6,112,4,0,0,-21,S,5c:62:8b:66:67:d2"
1791490846.078,"B,61876,10,5c:62:8b:66:67:d2,0,0,5443,13,-51,A,5c:62:8b:66:67:d2"
1791490846.078,"B,61876,10,46:88:44:6e:4f:e4,5303,8,0,0,-25,S,5c:62:8b:66:67:d2"
1791490846.078,"B,61876,10,72:3b:01:24:b7:c8,28,1,0,0,-17,S,5c:62:8b:66:67:d2"
1791490846.278,"B,61976,10,b2:db:ca:e6:29:a6,28,1,0,0,-20,S,5c:62:8b:66:67:d2"
1791490846.278,"B,61976,10,5c:62:8b:66:67:d2,0,0,5881,13,-51,A,5c:62:8b:66:67:d2"
1791490846.278,"B,61976,10,46:88:44:6e:4f:e4,5769,9,0,0,-25,S,5c:62:8b:66:67:d2"
1791490846.278,"B,61976,10,72:3b:01:24:b7:c8,84,3,0,0,-17,S,5c:62:8b:66:67:d2"
1791490846.278,"B,62076,10,b2:db:ca:e6:29:a6,56,2,0,0,-21,S,5c:62:8b:66:67:d2"
1791490846.278,"B,62076,10,5c:62:8b:66:67:d2,0,0,1918,11,-50,A,5c:62:8b:66:67:d2"
1791490846.278,"B,62076,10,46:88:44:6e:4f:e4,1750,5,0,0,-25,S,5c:62:8b:66:67:d2"
1791490846.278,"B,62076,10,72:3b:01:24:b7:c8,112,4,0,0,-17,S,5c:62:8b:66:67:d2"
1791490846.479,"B,62176,10,b2:db:ca:e6:29:a6,56,2,0,0,-21,S,5c:62:8b:66:67:d2"
1791490846.479,"B,62176,10,5c:62:8b:66:67:d2,0,0,11711,19,-49,A,5c:62:8b:66:67:d2"
1791490846.479,"B,62176,10,78:8c:b5:f5:e7:26,0,0,30,1,-77,A,78:8c:b5:f5:e7:26"
1791490846.479,"B,62176,10,46:88:44:6e:4f:e4,11571,14,0,0,-25,S,5c:62:8b:66:67:d2"
1791490846.479,"B,62176,10,72:3b:01:24:b7:c8,84,3,0,0,-18,S,5c:62:8b:66:67:d2"
1791490846.479,"B,62176,10,a6:4c:bd:b6:c7:99,30,1,0,0,-87,S,78:8c:b5:f5:e7:26"
1791490846.479,"B,62276,10,b2:db:ca:e6:29:a6,56,2,0,0,-21,S,5c:62:8b:66:67:d2"
1791490846.479,"B,62276,10,5c:62:8b:66:67:d2,0,0,5705,11,-51,A,5c:62:8b:66:67:d2"
1791490846.479,"B,62276,10,78:8c:b5:f5:e7:26,0,0,30,1,-77,A,78:8c:b5:f5:e7:26"
1791490846.479,"B,62276,10,46:88:44:6e:4f:e4,5649,9,0,0,-24,S,5c:62:8b:66:67:d2"
1791490846.479,"B,62276,10,a6:4c:bd:b6:c7:99,30,1,0,0,-87,S,78:8c:b5:f5:e7:26"
1791490846.681,"B,62376,10,b2:db:ca:e6:29:a6,56,2,0,0,-21,S,5c:62:8b:66:67:d2"
1791490846.681,"B,62376,10,5c:62:8b:66:67:d2,0,0,5757,14,0,A,5c:62:8b:66:67:d2"
1791490846.681,"B,62376,10,46:88:44:6e:4f:e4,5617,9,0,0,-24,S,5c:62:8b:66:67:d2"
1791490846.681,"B,62376,10,72:3b:01:24:b7:c8,84,3,0,0,-17,S,5c:62:8b:66:67:d2"
1791490846.681,"B,62476,10,b2:db:ca:e6:29:a6,28,1,0,0,-21,S,5c:62:8b:66:67:d2"
1791490846.681,"B,62476,10,5c:62:8b:66:67:d2,0,0,7199,13,-50,A,5c:62:8b:66:67:d2"
1791490846.681,"B,62476,10,78:8c:b5:f5:e7:26,0,0,30,1,-78,A,78:8c:b5:f5:e7:26"
1791490846.681,"B,62476,10,46:88:44:6e:4f:e4,7115,10,0,0,-24,S,5c:62:8b:66:67:d2"
1791490846.681,"B,62476,10,72:3b:01:24:b7:c8,56,2,0,0,-17,S,5c:62:8b:66:67:d2"
1791490846.681,"B,62476,10,a6:4c:bd:b6:c7:99,30,1,0,0,-87,S,78:8c:b5:f5:e7:26"
1791490846.881,"B,62576,10,b2:db:ca:e6:29:a6,56,2,0,0,-21,S,5c:62:8b:66:67:d2"
1791490846.881,"B,62576,10,5c:62:8b:66:67:d2,0,0,1834,8,-51,A,5c:62:8b:66:67:d2"
1791490846.881,"B,62576,10,46:88:44:6e:4f:e4,1778,6,0,0,-25,S,5c:62:8b:66:67:d2"
1791490846.881,"B,62676,10,b2:db:ca:e6:29:a6,28,1,0,0,-21,S,5c:62:8b:66:67:d2"
1791490846.881,"B,62676,10,5c:62:8b:66:67:d2,0,0,7537,14,-50,A,5c:62:8b:66:67:d2"
1791490846.881,"B,62676,10,78:8c:b5:f5:e7:26,0,0,30,1,0,A,78:8c:b5:f5:e7:26"
1791490846.881,"B,62676,10,46:88:44:6e:4f:e4,7425,10,0,0,-25,S,5c:62:8b:66:67:d2"
1791490846.881,"B,62676,10,72:3b:01:24:b7:c8,84,3,0,0,-17,S,5c:62:8b:66:67:d2"
1791490846.881,"B,62676,10,a6:4c:bd:b6:c7:99,30,1,0,0,-87,S,78:8c:b5:f5:e7:26"
1791490846.881,"B,62776,10,b2:db:ca:e6:29:a6,56,2,0,0,-21,S,5c:62:8b:66:67:d2"
1791490846.881,"B,62776,10,5c:62:8b:66:67:d2,0,0,5121,15,-51,A,5c:62:8b:66:67:d2"
1791490846.881,"B,62776,10,78:8c:b5:f5:e7:26,0,0,30,1,-77,A,78:8c:b5:f5:e7:26"
1791490846.881,"B,62776,10,46:88:44:6e:4f:e4,4897,7,0,0,-25,S,5c:62:8b:66:67:d2"
1791490846.881,"B,62776,10,72:3b:01:24:b7:c8,168,6,0,0,-17,S,5c:62:8b:66:67:d2"
1791490847.081,"B,62776,10,a6:4c:bd:b6:c7:99,30,1,0,0,-86,S,78:8c:b5:f5:e7:26"
1791490847.081,"B,62876,10,b2:db:ca:e6:29:a6,56,2,0,0,-22,S,5c:62:8b:66:67:d2"
1791490847.081,"B,62876,10,5c:62:8b:66:67:d2,0,0,6573,14,-50,A,5c:62:8b:66:67:d2"
1791490847.081,"B,62876,10,46:88:44:6e:4f:e4,6489,11,0,0,-25,S,5c:62:8b:66:67:d2"
1791490847.081,"B,62876,10,72:3b:01:24:b7:c8,28,1,0,0,-18,S,5c:62:8b:66:67:d2"
1791490847.081,"B,62976,10,b2:db:ca:e6:29:a6,28,1,0,0,-21,S,5c:62:8b:66:67:d2"
1791490847.081,"B,62976,10,5c:62:8b:66:67:d2,0,0,3751,11,-51,A,5c:62:8b:66:67:d2"
1791490847.081,"B,62976,10,46:88:44:6e:4f:e4,3611,6,0,0,-25,S,5c:62:8b:66:67:d2"
1791490847.282,"B,62976,10,72:3b:01:24:b7:c8,112,4,0,0,-17,S,5c:62:8b:66:67:d2"
1791490847.282,"B,63076,10,b2:db:ca:e6:29:a6,84,3,0,0,-21,S,5c:62:8b:66:67:d2"
1791490847.282,"B,63076,10,5c:62:8b:66:67:d2,0,0,6573,21,-50,A,5c:62:8b:66:67:d2"
1791490847.282,"B,63076,10,46:88:44:6e:4f:e4,6293,11,0,0,-25,S,5c:62:8b:66:67:d2"
1791490847.282,"B,63076,10,72:3b:01:24:b7:c8,196,7,0,0,-18,S,5c:62:8b:66:67:d2"
1791490847.282,"B,63176,10,b2:db:ca:e6:29:a6,84,3,0,0,-22,S,5c:62:8b:66:67:d2"
1791490847.282,"B,63176,10,5c:62:8b:66:67:d2,0,0,5217,10,-50,A,5c:62:8b:66:67:d2"
1791490847.282,"B,63176,10,78:8c:b5:f5:e7:26,0,0,30,1,-78,A,78:8c:b5:f5:e7:26"
1791490847.282,"B,63176,10,46:88:44:6e:4f:e4,5133,7,0,0,-25,S,5c:62:8b:66:67:d2"
1791490847.482,"B,63176,10,a6:4c:bd:b6:c7:99,30,1,0,0,-85,S,78:8c:b5:f5:e7:26"
1791490847.482,"B,63276,10,b2:db:ca:e6:29:a6,56,2,0,0,-21,S,5c:62:8b:66:67:d2"
1791490847.482,"B,63276,10,5c:62:8b:66:67:d2,0,0,1414,16,-51,A,5c:62:8b:66:67:d2"
1791490847.482,"B,63276,10,46:88:44:6e:4f:e4,1050,3,0,0,-25,S,5c:62:8b:66:67:d2"
1791490847.482,"B,63276,10,72:3b:01:24:b7:c8,308,11,0,0,-17,S,5c:62:8b:66:67:d2"
1791490847.482,"B,63376,10,b2:db:ca:e6:29:a6,56,2,0,0,-21,S,5c:62:8b:66:67:d2"
1791490847.482,"B,63376,10,5c:62:8b:66:67:d2,0,0,8277,15,-50,A,5c:62:8b:66:67:d2"
1791490847.482,"B,63376,10,46:88:44:6e:4f:e4,8109,9,0,0,-25,S,5c:62:8b:66:67:d2"
1791490847.682,"B,63376,10,72:3b:01:24:b7:c8,112,4,0,0,-17,S,5c:62:8b:66:67:d2"
1791490847.682,"B,63476,10,b2:db:ca:e6:29:a6,28,1,0,0,-23,S,5c:62:8b:66:67:d2"
1791490847.682,"B,63476,10,5c:62:8b:66:67:d2,0,0,6011,12,-51,A,5c:62:8b:66:67:d2"
1791490847.682,"B,63476,10,78:8c:b5:f5:e7:26,0,0,30,1,-77,A,78:8c:b5:f5:e7:26"
1791490847.682,"B,63476,10,46:88:44:6e:4f:e4,5955,10,0,0,-25,S,5c:62:8b:66:67:d2"
1791490847.682,"B,63476,10,72:3b:01:24:b7:c8,28,1,0,0,-18,S,5c:62:8b:66:67:d2"
1791490847.682,"B,63476,10,a6:4c:bd:b6:c7:99,30,1,0,0,-84,S,78:8c:b5:f5:e7:26"
1791490847.682,"B,63576,10,b2:db:ca:e6:29:a6,84,3,0,0,-21,S,5c:62:8b:66:67:d2"
1791490847.682,"B,63576,10,5c:62:8b:66:67:d2,0,0,5175,20,-50,A,5c:62:8b:66:67:d2"
1791490847.682,"B,63576,10,78:8c:b5:f5:e7:26,0,0,30,1,0,A,78:8c:b5:f5:e7:26"
1791490847.682,"B,63576,10,46:88:44:6e:4f:e4,4783,6,0,0,-24,S,5c:62:8b:66:67:d2"
1791490847.682,"B,63576,10,72:3b:01:24:b7:c8,308,11,0,0,-17,S,5c:62:8b:66:67:d2"
1791490847.682,"B,63576,10,a6:4c:bd:b6:c7:99,30,1,0,0,-84,S,78:8c:b5:f5:e7:26"
1791490847.883,"B,63676,10,b2:db:ca:e6:29:a6,28,1,0,0,-21,S,5c:62:8b:66:67:d2"
1791490847.883,"B,63676,10,5c:62:8b:66:67:d2,0,0,1162,7,-50,A,5c:62:8b:66:67:d2"
1791490847.883,"B,63676,10,78:8c:b5:f5:e7:26,0,0,30,1,-77,A,78:8c:b5:f5:e7:26"
1791490847.883,"B,63676,10,46:88:44:6e:4f:e4,1078,4,0,0,-23,S,5c:62:8b:66:67:d2"
1791490847.883,"B,63676,10,72:3b:01:24:b7:c8,56,2,0,0,-18,S,5c:62:8b:66:67:d2"
1791490847.883,"B,63676,10,a6:4c:bd:b6:c7:99,30,1,0,0,-88,S,78:8c:b5:f5:e7:26"
1791490847.883,"B,63776,10,b2:db:ca:e6:29:a6,56,2,0,0,-22,S,5c:62:8b:66:67:d2"
1791490847.883,"B,63776,10,5c:62:8b:66:67:d2,0,0,14460,17,-50,A,5c:62:8b:66:67:d2"
1791490847.883,"B,63776,10,46:88:44:6e:4f:e4,14404,15,0,0,-24,S,5c:62:8b:66:67:d2"
1791490848.083,"B,63876,10,b2:db:ca:e6:29:a6,56,2,0,0,-20,S,5c:62:8b:66:67:d2"
1791490848.083,"B,63876,10,5c:62:8b:66:67:d2,0,0,1708,15,-51,A,5c:62:8b:66:67:d2"
1791490848.083,"B,63876,10,46:88:44:6e:4f:e4,1428,5,0,0,-25,S,5c:62:8b:66:67:d2"
1791490848.083,"B,63876,10,72:3b:01:24:b7:c8,224,8,0,0,-17,S,5c:62:8b:66:67:d2"
1791490848.083,"B,63976,10,b2:db:ca:e6:29:a6,56,2,0,0,-22,S,5c:62:8b:66:67:d2"
1791490848.083,"B,63976,10,5c:62:8b:66:67:d2,0,0,7782,13,-51,A,5c:62:8b:66:67:d2"
1791490848.083,"B,63976,10,46:88:44:6e:4f:e4,7642,8,0,0,-25,S,5c:62:8b:66:67:d2"
1791490848.083,"B,63976,10,72:3b:01:24:b7:c8,84,3,0,0,-18,S,5c:62:8b:66:67:d2"
1791490848.284,"B,64076,10,b2:db:ca:e6:29:a6,56,2,0,0,-22,S,5c:62:8b:66:67:d2"
1791490848.284,"B,64076,10,5c:62:8b:66:67:d2,0,0,5507,10,-50,A,5c:62:8b:66:67:d2"
1791490848.284,"B,64076,10,46:88:44:6e:4f:e4,5451,8,0,0,-25,S,5c:62:8b:66:67:d2"
1791490848.284,"B,64176,10,b2:db:ca:e6:29:a6,56,2,0,0,-21,S,5c:62:8b:66:67:d2"
1791490848.284,"B,64176,10,5c:62:8b:66:67:d2,0,0,5365,16,-51,A,5c:62:8b:66:67:d2"
1791490848.284,"B,64176,10,46:88:44:6e:4f:e4,5113,7,0,0,-25,S,5c:62:8b:66:67:d2"
1791490848.284,"B,64176,10,72:3b:01:24:b7:c8,196,7,0,0,-17,S,5c:62:8b:66:67:d2"
1791490848.484,"B,64276,10,b2:db:ca:e6:29:a6,56,2,0,0,-21,S,5c:62:8b:66:67:d2"
1791490848.484,"B,64276,10,5c:62:8b:66:67:d2,0,0,5193,11,-49,A,5c:62:8b:66:67:d2"
1791490848.484,"B,64276,10,78:8c:b5:f5:e7:26,0,0,30,1,-77,A,78:8c:b5:f5:e7:26"
1791490848.484,"B,64276,10,46:88:44:6e:4f:e4,5081,7,0,0,-25,S,5c:62:8b:66:67:d2"
1791490848.484,"B,64276,10,72:3b:01:24:b7:c8,56,2,0,0,-18,S,5c:62:8b:66:67:d2"
1791490848.484,"B,64276,10,a6:4c:bd:b6:c7:99,30,1,0,0,-84,S,78:8c:b5:f5:e7:26"
1791490848.484,"B,64376,10,b2:db:ca:e6:29:a6,56,2,0,0,-22,S,5c:62:8b:66:67:d2"
1791490848.484,"B,64376,10,5c:62:8b:66:67:d2,0,0,7133,15,-50,A,5c:62:8b:66:67:d2"
1791490848.684,"B,64376,10,78:8c:b5:f5:e7:26,0,0,60,2,0,A,78:8c:b5:f5:e7:26"
1791490848.684,"B,64376,10,46:88:44:6e:4f:e4,6965,9,0,0,-25,S,5c:62:8b:66:67:d2"
1791490848.684,"B,64376,10,72:3b:01:24:b7:c8,112,4,0,0,-18,S,5c:62:8b:66:67:d2"
1791490848.684,"B,64376,10,a6:4c:bd:b6:c7:99,60,2,0,0,-85,S,78:8c:b5:f5:e7:26"
1791490848.684,"B,64476,10,b2:db:ca:e6:29:a6,56,2,0,0,-21,S,5c:62:8b:66:67:d2"
1791490848.684,"B,64476,10,5c:62:8b:66:67:d2,0,0,1134,6,-50,A,5c:62:8b:66:67:d2"
1791490848.684,"B,64476,10,78:8c:b5:f5:e7:26,0,0,90,3,-78,A,78:8c:b5:f5:e7:26"
1791490848.684,"B,64476,10,46:88:44:6e:4f:e4,1050,3,0,0,-25,S,5c:62:8b:66:67:d2"
1791490848.684,"B,64476,10,72:3b:01:24:b7:c8,28,1,0,0,-18,S,5c:62:8b:66:67:d2"
1791490848.684,"B,64476,10,a6:4c:bd:b6:c7:99,90,3,0,0,-82,S,78:8c:b5:f5:e7:26"
1791490848.684,"B,64576,10,b2:db:ca:e6:29:a6,28,1,0,0,-21,S,5c:62:8b:66:67:d2"
1791490848.684,"B,64576,10,5c:62:8b:66:67:d2,0,0,3739,10,-50,A,5c:62:8b:66:67:d2"
1791490848.684,"B,64576,10,78:8c:b5:f5:e7:26,0,0,30,1,-77,A,78:8c:b5:f5:e7:26"
1791490848.684,"B,64576,10,46:88:44:6e:4f:e4,3627,6,0,0,-25,S,5c:62:8b:66:67:d2"
1791490848.684,"B,64576,10,72:3b:01:24:b7:c8,84,3,0,0,-17,S,5c:62:8b:66:67:d2"
1791490848.684,"B,64576,10,a6:4c:bd:b6:c7:99,30,1,0,0,-83,S,78:8c:b5:f5:e7:26"
1791490848.885,"B,64676,10,5c:62:8b:66:67:d2,138,1,6409,16,-51,A,5c:62:8b:66:67:d2"
1791490848.885,"B,64676,10,46:88:44:6e:4f:e4,6269,11,138,1,-25,S,5c:62:8b:66:67:d2"
1791490848.885,"B,64676,10,72:3b:01:24:b7:c8,140,5,0,0,-18,S,5c:62:8b:66:67:d2"
1791490848.885,"B,64776,10,b2:db:ca:e6:29:a6,56,2,0,0,-20,S,5c:62:8b:66:67:d2"
1791490848.885,"B,64776,10,5c:62:8b:66:67:d2,0,0,7885,18,-50,A,5c:62:8b:66:67:d2"
1791490848.885,"B,64776,10,78:8c:b5:f5:e7:26,0,0,30,1,-77,A,78:8c:b5:f5:e7:26"
1791490848.885,"B,64776,10,46:88:44:6e:4f:e4,7689,11,0,0,-25,S,5c:62:8b:66:67:d2"
1791490848.885,"B,64776,10,72:3b:01:24:b7:c8,140,5,0,0,-18,S,5c:62:8b:66:67:d2"
1791490848.885,"B,64776,10,a6:4c:bd:b6:c7:99,30,1,0,0,-83,S,78:8c:b5:f5:e7:26"
1791490849.086,"B,64876,10,b2:db:ca:e6:29:a6,56,2,0,0,-22,S,5c:62:8b:66:67:d2"
1791490849.086,"B,64876,10,5c:62:8b:66:67:d2,0,0,4887,10,-50,A,5c:62:8b:66:67:d2"
1791490849.086,"B,64876,10,78:8c:b5:f5:e7:26,0,0,30,1,-76,A,78:8c:b5:f5:e7:26"
1791490849.086,"B,64876,10,46:88:44:6e:4f:e4,4775,6,0,0,-24,S,5c:62:8b:66:67:d2"
1791490849.086,"B,64876,10,72:3b:01:24:b7:c8,56,2,0,0,-17,S,5c:62:8b:66:67:d2"
1791490849.086,"B,64876,10,a6:4c:bd:b6:c7:99,30,1,0,0,-88,S,78:8c:b5:f5:e7:26"
1791490849.086,"B,64976,10,b2:db:ca:e6:29:a6,56,2,0,0,-23,S,5c:62:8b:66:67:d2"
1791490849.086,"B,64976,10,5c:62:8b:66:67:d2,0,0,5431,14,-51,A,5c:62:8b:66:67:d2"
1791490849.086,"B,64976,10,78:8c:b5:f5:e7:26,0,0,114,1,-77,A,78:8c:b5:f5:e7:26"
1791490849.086,"B,64976,10,46:88:44:6e:4f:e4,5263,8,0,0,-24,S,5c:62:8b:66:67:d2"
1791490849.086,"B,64976,10,72:3b:01:24:b7:c8,112,4,0,0,-18,S,5c:62:8b:66:67:d2"
1791490849.086,"B,64976,10,a6:4c:bd:b6:c7:99,114,1,0,0,-83,S,78:8c:b5:f5:e7:26"
1791490849.286,"B,65076,10,b2:db:ca:e6:29:a6,28,1,0,0,-20,S,5c:62:8b:66:67:d2"
1791490849.286,"B,65076,10,5c:62:8b:66:67:d2,0,0,1512,8,-50,A,5c:62:8b:66:67:d2"
1791490849.286,"B,65076,10,78:8c:b5:f5:e7:26,0,0,30,1,-77,A,78:8c:b5:f5:e7:26"
1791490849.286,"B,65076,10,46:88:44:6e:4f:e4,1400,4,0,0,-25,S,5c:62:8b:66:67:d2"
1791490849.286,"B,65076,10,72:3b:01:24:b7:c8,84,3,0,0,-18,S,5c:62:8b:66:67:d2"
1791490849.286,"B,65076,10,a6:4c:bd:b6:c7:99,30,1,0,0,-88,S,78:8c:b5:f5:e7:26"
1791490849.286,"I,65102,stat,rx=11531,drops=0,ch=10,bin=100,hop=0,heap=203064"
1791490849.286,"B,65176,10,b2:db:ca:e6:29:a6,196,7,0,0,-20,S,5c:62:8b:66:67:d2"
1791490849.286,"B,65176,10,5c:62:8b:66:67:d2,0,0,5027,16,-49,A,5c:62:8b:66:67:d2"
1791490849.286,"B,65176,10,78:8c:b5:f5:e7:26,0,0,60,2,-76,A,78:8c:b5:f5:e7:26"
1791490849.286,"B,65176,10,46:88:44:6e:4f:e4,4747,6,0,0,-24,S,5c:62:8b:66:67:d2"
1791490849.286,"B,65176,10,72:3b:01:24:b7:c8,84,3,0,0,-18,S,5c:62:8b:66:67:d2"
1791490849.286,"B,65176,10,a6:4c:bd:b6:c7:99,60,2,0,0,-83,S,78:8c:b5:f5:e7:26"
1791490849.488,"B,65276,10,b2:db:ca:e6:29:a6,56,2,0,0,-21,S,5c:62:8b:66:67:d2"
1791490849.488,"B,65276,10,5c:62:8b:66:67:d2,0,0,5639,14,-50,A,5c:62:8b:66:67:d2"
1791490849.488,"B,65276,10,46:88:44:6e:4f:e4,5471,8,0,0,-25,S,5c:62:8b:66:67:d2"
1791490849.488,"B,65276,10,72:3b:01:24:b7:c8,112,4,0,0,-17,S,5c:62:8b:66:67:d2"
1791490849.488,"B,65376,10,b2:db:ca:e6:29:a6,56,2,0,0,-21,S,5c:62:8b:66:67:d2"
1791490849.488,"B,65376,10,5c:62:8b:66:67:d2,0,0,8065,14,-50,A,5c:62:8b:66:67:d2"
1791490849.488,"B,65376,10,46:88:44:6e:4f:e4,7925,9,0,0,-25,S,5c:62:8b:66:67:d2"
1791490849.488,"B,65376,10,72:3b:01:24:b7:c8,84,3,0,0,-18,S,5c:62:8b:66:67:d2"
1791490849.689,"B,65476,10,b2:db:ca:e6:29:a6,56,2,0,0,-22,S,5c:62:8b:66:67:d2"
1791490849.689,"B,65476,10,5c:62:8b:66:67:d2,0,0,9920,17,-49,A,5c:62:8b:66:67:d2"
1791490849.689,"B,65476,10,46:88:44:6e:4f:e4,9780,12,0,0,-25,S,5c:62:8b:66:67:d2"
1791490849.689,"B,65476,10,72:3b:01:24:b7:c8,84,3,0,0,-18,S,5c:62:8b:66:67:d2"
1791490849.689,"B,65576,10,b2:db:ca:e6:29:a6,28,1,0,0,-23,S,5c:62:8b:66:67:d2"
1791490849.689,"B,65576,10,5c:62:8b:66:67:d2,0,0,10609,14,-49,A,5c:62:8b:66:67:d2"
1791490849.689,"B,65576,10,46:88:44:6e:4f:e4,10553,12,0,0,-25,S,5c:62:8b:66:67:d2"
1791490849.689,"B,65576,10,72:3b:01:24:b7:c8,28,1,0,0,-18,S,5c:62:8b:66:67:d2"
1791490849.891,"B,65676,10,b2:db:ca:e6:29:a6,56,2,0,0,-21,S,5c:62:8b:66:67:d2"
1791490849.891,"B,65676,10,5c:62:8b:66:67:d2,0,0,1134,6,-50,A,5c:62:8b:66:67:d2"
1791490849.891,"B,65676,10,46:88:44:6e:4f:e4,1078,4,0,0,-25,S,5c:62:8b:66:67:d2"
1791490849.891,"B,65776,10,b2:db:ca:e6:29:a6,28,1,0,0,-21,S,5c:62:8b:66:67:d2"
1791490849.891,"B,65776,10,5c:62:8b:66:67:d2,0,0,4586,9,-49,A,5c:62:8b:66:67:d2"
1791490849.891,"B,65776,10,46:88:44:6e:4f:e4,4530,7,0,0,-25,S,5c:62:8b:66:67:d2"
1791490849.891,"B,65776,10,72:3b:01:24:b7:c8,28,1,0,0,-18,S,5c:62:8b:66:67:d2"
1791490850.094,"B,65876,10,5c:62:8b:66:67:d2,0,0,12147,16,-49,A,5c:62:8b:66:67:d2"
1791490850.094,"B,65876,10,46:88:44:6e:4f:e4,12063,13,0,0,-25,S,5c:62:8b:66:67:d2"
1791490850.094,"B,65876,10,72:3b:01:24:b7:c8,84,3,0,0,-18,S,5c:62:8b:66:67:d2"
1791490850.094,"B,65976,10,5c:62:8b:66:67:d2,0,0,7183,13,-48,A,5c:62:8b:66:67:d2"
1791490850.094,"B,65976,10,46:88:44:6e:4f:e4,7099,10,0,0,-25,S,5c:62:8b:66:67:d2"
1791490850.094,"B,65976,10,72:3b:01:24:b7:c8,84,3,0,0,-18,S,5c:62:8b:66:67:d2"
1791490850.297,"B,66076,10,5c:62:8b:66:67:d2,0,0,5885,12,-50,A,5c:62:8b:66:67:d2"
1791490850.297,"B,66076,10,46:88:44:6e:4f:e4,5801,9,0,0,-25,S,5c:62:8b:66:67:d2"
1791490850.297,"B,66076,10,72:3b:01:24:b7:c8,84,3,0,0,-18,S,5c:62:8b:66:67:d2"
1791490850.297,"B,66176,10,5c:62:8b:66:67:d2,0,0,8318,11,-49,A,5c:62:8b:66:67:d2"
1791490850.297,"B,66176,10,46:88:44:6e:4f:e4,8318,11,0,0,-24,S,5c:62:8b:66:67:d2"
1791490850.498,"B,66276,10,5c:62:8b:66:67:d2,0,0,1512,8,-49,A,5c:62:8b:66:67:d2"
1791490850.498,"B,66276,10,46:88:44:6e:4f:e4,1428,5,0,0,-24,S,5c:62:8b:66:67:d2"
1791490850.498,"B,66276,10,72:3b:01:24:b7:c8,84,3,0,0,-18,S,5c:62:8b:66:67:d2"
1791490850.498,"B,66376,10,5c:62:8b:66:67:d2,0,0,7681,14,-49,A,5c:62:8b:66:67:d2"
1791490850.498,"B,66376,10,46:88:44:6e:4f:e4,7541,9,0,0,-25,S,5c:62:8b:66:67:d2"
1791490850.498,"B,66376,10,72:3b:01:24:b7:c8,140,5,0,0,-18,S,5c:62:8b:66:67:d2"
1791490850.703,"M,66475,slot,9,0"
1791490850.703,"B,66476,10,5c:62:8b:66:67:d2,0,0,5133,7,-50,A,5c:62:8b:66:67:d2"
1791490850.703,"B,66476,10,46:88:44:6e:4f:e4,5133,7,0,0,-24,S,5c:62:8b:66:67:d2"
1791490850.703,"B,66576,10,5c:62:8b:66:67:d2,0,0,5325,15,-50,A,5c:62:8b:66:67:d2"
1791490850.703,"B,66576,10,46:88:44:6e:4f:e4,5101,7,0,0,-25,S,5c:62:8b:66:67:d2"
1791490850.703,"B,66576,10,72:3b:01:24:b7:c8,224,8,0,0,-17,S,5c:62:8b:66:67:d2"
1791490850.908,"B,66676,10,5c:62:8b:66:67:d2,0,0,5157,8,-50,A,5c:62:8b:66:67:d2"
1791490850.908,"B,66676,10,78:8c:b5:f5:e7:26,0,0,30,1,-77,A,78:8c:b5:f5:e7:26"
1791490850.908,"B,66676,10,46:88:44:6e:4f:e4,5129,7,0,0,-25,S,5c:62:8b:66:67:d2"
1791490850.908,"B,66676,10,72:3b:01:24:b7:c8,28,1,0,0,-18,S,5c:62:8b:66:67:d2"
1791490850.908,"B,66676,10,a6:4c:bd:b6:c7:99,30,1,0,0,-91,S,78:8c:b5:f5:e7:26"
1791490850.908,"B,66776,10,5c:62:8b:66:67:d2,0,0,6124,8,0,A,5c:62:8b:66:67:d2"
1791490850.908,"B,66776,10,46:88:44:6e:4f:e4,6124,8,0,0,-25,S,5c:62:8b:66:67:d2"
1791490851.109,"B,66876,10,5c:62:8b:66:67:d2,0,0,1246,10,-50,A,5c:62:8b:66:67:d2"
1791490851.109,"B,66876,10,46:88:44:6e:4f:e4,1050,3,0,0,-25,S,5c:62:8b:66:67:d2"
1791490851.109,"B,66876,10,72:3b:01:24:b7:c8,196,7,0,0,-17,S,5c:62:8b:66:67:d2"
1791490851.109,"B,66976,10,5c:62:8b:66:67:d2,0,0,6643,13,-50,A,5c:62:8b:66:67:d2"
1791490851.109,"B,66976,10,46:88:44:6e:4f:e4,6503,8,0,0,-25,S,5c:62:8b:66:67:d2"
1791490851.109,"B,66976,10,72:3b:01:24:b7:c8,140,5,0,0,-18,S,5c:62:8b:66:67:d2"
1791490851.309,"B,67076,10,5c:62:8b:66:67:d2,0,0,9317,13,-50,A,5c:62:8b:66:67:d2"
1791490851.309,"B,67076,10,46:88:44:6e:4f:e4,9317,13,0,0,-25,S,5c:62:8b:66:67:d2"
1791490851.309,"B,67176,10,5c:62:8b:66:67:d2,0,0,5591,13,-50,A,5c:62:8b:66:67:d2"
1791490851.309,"B,67176,10,46:88:44:6e:4f:e4,5479,9,0,0,-25,S,5c:62:8b:66:67:d2"
1791490851.309,"B,67176,10,72:3b:01:24:b7:c8,112,4,0,0,-18,S,5c:62:8b:66:67:d2"
1791490851.513,"B,67276,10,5c:62:8b:66:67:d2,0,0,9647,12,-48,A,5c:62:8b:66:67:d2"
1791490851.513,"B,67276,10,46:88:44:6e:4f:e4,9591,10,0,0,-25,S,5c:62:8b:66:67:d2"
1791490851.513,"B,67276,10,72:3b:01:24:b7:c8,56,2,0,0,-18,S,5c:62:8b:66:67:d2"
1791490851.513,"B,67376,10,5c:62:8b:66:67:d2,0,0,6302,9,-50,A,5c:62:8b:66:67:d2"
1791490851.513,"B,67376,10,78:8c:b5:f5:e7:26,0,0,30,1,-77,A,78:8c:b5:f5:e7:26"
1791490851.513,"B,67376,10,46:88:44:6e:4f:e4,6302,9,0,0,-25,S,5c:62:8b:66:67:d2"
1791490851.513,"B,67376,10,a6:4c:bd:b6:c7:99,30,1,0,0,-91,S,78:8c:b5:f5:e7:26"
1791490851.717,"B,67476,10,5c:62:8b:66:67:d2,0,0,1974,13,-50,A,5c:62:8b:66:67:d2"
1791490851.717,"B,67476,10,46:88:44:6e:4f:e4,1750,5,0,0,-25,S,5c:62:8b:66:67:d2"
1791490851.717,"B,67476,10,72:3b:01:24:b7:c8,224,8,0,0,-17,S,5c:62:8b:66:67:d2"
1791490851.717,"B,67576,10,b2:db:ca:e6:29:a6,28,1,0,0,-21,S,5c:62:8b:66:67:d2"
1791490851.717,"B,67576,10,5c:62:8b:66:67:d2,0,0,6423,21,-50,A,5c:62:8b:66:67:d2"
1791490851.717,"B,67576,10,46:88:44:6e:4f:e4,6115,10,0,0,-24,S,5c:62:8b:66:67:d2"
1791490851.717,"B,67576,10,72:3b:01:24:b7:c8,280,10,0,0,-18,S,5c:62:8b:66:67:d2"
1791490851.922,"B,67676,10,b2:db:ca:e6:29:a6,28,1,0,0,-22,S,5c:62:8b:66:67:d2"
1791490851.922,"B,67676,10,5c:62:8b:66:67:d2,0,0,7351,11,-51,A,5c:62:8b:66:67:d2"
1791490851.922,"B,67676,10,46:88:44:6e:4f:e4,7323,10,0,0,-24,S,5c:62:8b:66:67:d2"
1791490851.922,"B,67776,10,b2:db:ca:e6:29:a6,84,3,0,0,-21,S,5c:62:8b:66:67:d2"
1791490851.922,"B,67776,10,5c:62:8b:66:67:d2,0,0,5957,15,-49,A,5c:62:8b:66:67:d2"
1791490851.922,"B,67776,10,46:88:44:6e:4f:e4,5789,9,0,0,-24,S,5c:62:8b:66:67:d2"
1791490851.922,"B,67776,10,72:3b:01:24:b7:c8,84,3,0,0,-18,S,5c:62:8b:66:67:d2"
1791490852.126,"B,67876,10,b2:db:ca:e6:29:a6,56,2,0,0,-21,S,5c:62:8b:66:67:d2"
1791490852.126,"B,67876,10,5c:62:8b:66:67:d2,0,0,5945,13,-50,A,5c:62:8b:66:67:d2"
1791490852.126,"B,67876,10,78:8c:b5:f5:e7:26,0,0,30,1,-78,A,78:8c:b5:f5:e7:26"
1791490852.126,"B,67876,10,46:88:44:6e:4f:e4,5833,9,0,0,-25,S,5c:62:8b:66:67:d2"
1791490852.126,"B,67876,10,72:3b:01:24:b7:c8,56,2,0,0,-18,S,5c:62:8b:66:67:d2"
1791490852.126,"B,67876,10,a6:4c:bd:b6:c7:99,30,1,0,0,-93,S,78:8c:b5:f5:e7:26"
1791490852.126,"B,67976,10,b2:db:ca:e6:29:a6,56,2,0,0,-22,S,5c:62:8b:66:67:d2"
1791490852.126,"B,67976,10,5c:62:8b:66:67:d2,0,0,10766,17,-50,A,5c:62:8b:66:67:d2"
1791490852.126,"B,67976,10,46:88:44:6e:4f:e4,10598,11,0,0,-25,S,5c:62:8b:66:67:d2"
1791490852.126,"B,67976,10,72:3b:01:24:b7:c8,112,4,0,0,-17,S,5c:62:8b:66:67:d2"
1791490852.329,"B,68076,10,b2:db:ca:e6:29:a6,56,2,0,0,-21,S,5c:62:8b:66:67:d2"
1791490852.329,"B,68076,10,5c:62:8b:66:67:d2,0,0,1162,7,-50,A,5c:62:8b:66:67:d2"
1791490852.329,"B,68076,10,46:88:44:6e:4f:e4,1078,4,0,0,-25,S,5c:62:8b:66:67:d2"
1791490852.329,"B,68076,10,72:3b:01:24:b7:c8,28,1,0,0,-18,S,5c:62:8b:66:67:d2"
1791490852.329,"B,68176,10,b2:db:ca:e6:29:a6,56,2,0,0,-22,S,5c:62:8b:66:67:d2"
1791490852.329,"B,68176,10,5c:62:8b:66:67:d2,0,0,5177,9,-50,A,5c:62:8b:66:67:d2"
1791490852.329,"B,68176,10,46:88:44:6e:4f:e4,5093,6,0,0,-25,S,5c:62:8b:66:67:d2"
1791490852.329,"B,68176,10,72:3b:01:24:b7:c8,28,1,0,0,-18,S,5c:62:8b:66:67:d2"
1791490852.534,"B,68276,10,b2:db:ca:e6:29:a6,56,2,0,0,-22,S,5c:62:8b:66:67:d2"
1791490852.534,"B,68276,10,5c:62:8b:66:67:d2,0,0,8526,17,-50,A,5c:62:8b:66:67:d2"
1791490852.534,"B,68276,10,46:88:44:6e:4f:e4,8358,11,0,0,-25,S,5c:62:8b:66:67:d2"
1791490852.534,"B,68276,10,72:3b:01:24:b7:c8,112,4,0,0,-17,S,5c:62:8b:66:67:d2"
1791490852.534,"B,68376,10,b2:db:ca:e6:29:a6,56,2,0,0,-21,S,5c:62:8b:66:67:d2"
1791490852.534,"B,68376,10,5c:62:8b:66:67:d2,5768,4,14899,17,-50,A,5c:62:8b:66:67:d2"
1791490852.534,"B,68376,10,46:88:44:6e:4f:e4,14843,15,0,0,-25,S,5c:62:8b:66:67:d2"
1791490852.534,"B,68376,10,72:3b:01:24:b7:c8,0,0,5768,4,0,S,5c:62:8b:66:67:d2"
1791490852.736,"B,68476,10,b2:db:ca:e6:29:a6,56,2,0,0,-21,S,5c:62:8b:66:67:d2"
1791490852.736,"B,68476,10,5c:62:8b:66:67:d2,2884,2,4923,11,-49,A,5c:62:8b:66:67:d2"
1791490852.736,"B,68476,10,46:88:44:6e:4f:e4,4783,6,0,0,-25,S,5c:62:8b:66:67:d2"
1791490852.736,"B,68476,10,72:3b:01:24:b7:c8,84,3,2884,2,-17,S,5c:62:8b:66:67:d2"
1791490852.736,"B,68576,10,b2:db:ca:e6:29:a6,56,2,0,0,-22,S,5c:62:8b:66:67:d2"
1791490852.736,"B,68576,10,5c:62:8b:66:67:d2,0,0,5321,14,-50,A,5c:62:8b:66:67:d2"
1791490852.736,"B,68576,10,46:88:44:6e:4f:e4,5125,7,0,0,-25,S,5c:62:8b:66:67:d2"
1791490852.736,"B,68576,10,72:3b:01:24:b7:c8,140,5,0,0,-18,S,5c:62:8b:66:67:d2"
1791490852.940,"B,68676,10,b2:db:ca:e6:29:a6,84,3,0,0,-21,S,5c:62:8b:66:67:d2"
1791490852.940,"B,68676,10,5c:62:8b:66:67:d2,0,0,1918,11,-50,A,5c:62:8b:66:67:d2"
1791490852.940,"B,68676,10,46:88:44:6e:4f:e4,1750,5,0,0,-25,S,5c:62:8b:66:67:d2"
1791490852.940,"B,68676,10,72:3b:01:24:b7:c8,84,3,0,0,-18,S,5c:62:8b:66:67:d2"
1791490852.940,"B,68776,10,b2:db:ca:e6:29:a6,28,1,0,0,-21,S,5c:62:8b:66:67:d2"
1791490852.940,"B,68776,10,5c:62:8b:66:67:d2,0,0,9905,16,-50,A,5c:62:8b:66:67:d2"
1791490852.940,"B,68776,10,46:88:44:6e:4f:e4,9877,15,0,0,-25,S,5c:62:8b:66:67:d2"
1791490853.142,"B,68876,10,b2:db:ca:e6:29:a6,56,2,0,0,-22,S,5c:62:8b:66:67:d2"
1791490853.142,"B,68876,10,5c:62:8b:66:67:d2,0,0,5877,11,-49,A,5c:62:8b:66:67:d2"
1791490853.142,"B,68876,10,46:88:44:6e:4f:e4,5821,9,0,0,-24,S,5c:62:8b:66:67:d2"
1791490853.142,"B,68976,10,b2:db:ca:e6:29:a6,56,2,0,0,-21,S,5c:62:8b:66:67:d2"
1791490853.142,"B,68976,10,5c:62:8b:66:67:d2,0,0,7359,13,-50,A,5c:62:8b:66:67:d2"
1791490853.142,"B,68976,10,46:88:44:6e:4f:e4,7275,10,0,0,-24,S,5c:62:8b:66:67:d2"
1791490853.142,"B,68976,10,72:3b:01:24:b7:c8,28,1,0,0,-17,S,5c:62:8b:66:67:d2"
1791490853.347,"B,69076,10,5c:62:8b:66:67:d2,0,0,6582,11,-49,A,5c:62:8b:66:67:d2"
1791490853.347,"B,69076,10,46:88:44:6e:4f:e4,6526,9,0,0,-24,S,5c:62:8b:66:67:d2"
1791490853.347,"B,69076,10,72:3b:01:24:b7:c8,56,2,0,0,-18,S,5c:62:8b:66:67:d2"
1791490853.347,"B,69176,10,b2:db:ca:e6:29:a6,28,1,0,0,-23,S,5c:62:8b:66:67:d2"
1791490853.347,"B,69176,10,5c:62:8b:66:67:d2,700,2,1106,5,-50,A,5c:62:8b:66:67:d2"
1791490853.347,"B,69176,10,78:8c:b5:f5:e7:26,0,0,60,2,-77,A,78:8c:b5:f5:e7:26"
1791490853.347,"B,69176,10,46:88:44:6e:4f:e4,1078,4,0,0,-25,S,5c:62:8b:66:67:d2"
1791490853.347,"B,69176,10,72:3b:01:24:b7:c8,0,0,700,2,0,S,5c:62:8b:66:67:d2"
1791490853.347,"B,69176,10,a6:4c:bd:b6:c7:99,60,2,0,0,-88,S,78:8c:b5:f5:e7:26"
1791490853.548,"B,69276,10,5c:62:8b:66:67:d2,4377,4,6211,12,-50,A,5c:62:8b:66:67:d2"
1791490853.548,"B,69276,10,46:88:44:6e:4f:e4,6127,9,0,0,-25,S,5c:62:8b:66:67:d2"
1791490853.548,"B,69276,10,72:3b:01:24:b7:c8,84,3,4377,4,-18,S,5c:62:8b:66:67:d2"
1791490853.548,"B,69376,10,5c:62:8b:66:67:d2,0,0,5565,14,-50,A,5c:62:8b:66:67:d2"
1791490853.548,"B,69376,10,46:88:44:6e:4f:e4,5425,9,0,0,-25,S,5c:62:8b:66:67:d2"
1791490853.548,"B,69376,10,72:3b:01:24:b7:c8,140,5,0,0,-17,S,5c:62:8b:66:67:d2"
1791490853.753,"B,69476,10,b2:db:ca:e6:29:a6,56,2,0,0,-22,S,5c:62:8b:66:67:d2"
1791490853.753,"B,69476,10,5c:62:8b:66:67:d2,0,0,6599,10,-50,A,5c:62:8b:66:67:d2"
1791490853.753,"B,69476,10,78:8c:b5:f5:e7:26,0,0,30,1,-78,A,78:8c:b5:f5:e7:26"
1791490853.753,"B,69476,10,46:88:44:6e:4f:e4,6543,8,0,0,-25,S,5c:62:8b:66:67:d2"
1791490853.753,"B,69476,10,a6:4c:bd:b6:c7:99,30,1,0,0,-90,S,78:8c:b5:f5:e7:26"
1791490853.753,"B,69576,10,b2:db:ca:e6:29:a6,56,2,0,0,-21,S,5c:62:8b:66:67:d2"
1791490853.753,"B,69576,10,5c:62:8b:66:67:d2,276,2,5997,23,-50,A,5c:62:8b:66:67:d2"
1791490853.753,"B,69576,10,78:8c:b5:f5:e7:26,0,0,30,1,-78,A,78:8c:b5:f5:e7:26"
1791490853.753,"B,69576,10,46:88:44:6e:4f:e4,5605,9,276,2,-25,S,5c:62:8b:66:67:d2"
1791490853.753,"B,69576,10,72:3b:01:24:b7:c8,336,12,0,0,-18,S,5c:62:8b:66:67:d2"
1791490853.753,"B,69576,10,a6:4c:bd:b6:c7:99,30,1,0,0,-90,S,78:8c:b5:f5:e7:26"
1791490853.958,"B,69676,10,b2:db:ca:e6:29:a6,56,2,0,0,-21,S,5c:62:8b:66:67:d2"
1791490853.958,"B,69676,10,5c:62:8b:66:67:d2,106,1,5423,15,-50,A,5c:62:8b:66:67:d2"
1791490853.958,"B,69676,10,46:88:44:6e:4f:e4,5227,8,0,0,-25,S,5c:62:8b:66:67:d2"
1791490853.958,"B,69676,10,72:3b:01:24:b7:c8,140,5,106,1,-17,S,5c:62:8b:66:67:d2"
1791490853.958,"B,69776,10,b2:db:ca:e6:29:a6,28,1,0,0,-23,S,5c:62:8b:66:67:d2"
1791490853.958,"B,69776,10,5c:62:8b:66:67:d2,6079,8,8641,12,-50,A,5c:62:8b:66:67:d2"
1791490853.958,"B,69776,10,46:88:44:6e:4f:e4,8613,11,0,0,-25,S,5c:62:8b:66:67:d2"
1791490853.958,"B,69776,10,72:3b:01:24:b7:c8,0,0,6079,8,0,S,5c:62:8b:66:67:d2"
1791490854.159,"B,69876,10,b2:db:ca:e6:29:a6,84,3,0,0,-21,S,5c:62:8b:66:67:d2"
1791490854.159,"B,69876,10,5c:62:8b:66:67:d2,0,0,1274,11,-50,A,5c:62:8b:66:67:d2"
1791490854.159,"B,69876,10,46:88:44:6e:4f:e4,1078,4,0,0,-25,S,5c:62:8b:66:67:d2"
1791490854.159,"B,69876,10,72:3b:01:24:b7:c8,112,4,0,0,-17,S,5c:62:8b:66:67:d2"
1791490854.159,"B,69976,10,b2:db:ca:e6:29:a6,28,1,0,0,-21,S,5c:62:8b:66:67:d2"
1791490854.159,"B,69976,10,5c:62:8b:66:67:d2,0,0,7355,14,-50,A,5c:62:8b:66:67:d2"
1791490854.159,"B,69976,10,46:88:44:6e:4f:e4,7187,8,0,0,-25,S,5c:62:8b:66:67:d2"
1791490854.159,"B,69976,10,72:3b:01:24:b7:c8,140,5,0,0,-17,S,5c:62:8b:66:67:d2"
1791490854.364,"B,70076,10,b2:db:ca:e6:29:a6,28,1,0,0,-23,S,5c:62:8b:66:67:d2"
1791490854.364,"B,70076,10,5c:62:8b:66:67:d2,369,3,8335,11,-50,A,5c:62:8b:66:67:d2"
1791490854.364,"B,70076,10,46:88:44:6e:4f:e4,8307,10,369,3,-25,S,5c:62:8b:66:67:d2"
1791490854.364,"I,70103,stat,rx=12357,drops=0,ch=10,bin=100,hop=0,heap=203064"
1791490854.364,"B,70176,10,b2:db:ca:e6:29:a6,28,1,0,0,-21,S,5c:62:8b:66:67:d2"
1791490854.364,"B,70176,10,5c:62:8b:66:67:d2,4547,5,5507,18,-51,A,5c:62:8b:66:67:d2"
1791490854.364,"B,70176,10,46:88:44:6e:4f:e4,5227,8,0,0,-24,S,5c:62:8b:66:67:d2"
1791490854.364,"B,70176,10,72:3b:01:24:b7:c8,252,9,4547,5,-17,S,5c:62:8b:66:67:d2"
1791490854.568,"B,70276,10,5c:62:8b:66:67:d2,700,2,1456,6,-50,A,5c:62:8b:66:67:d2"
1791490854.568,"B,70276,10,46:88:44:6e:4f:e4,1428,5,0,0,-24,S,5c:62:8b:66:67:d2"
1791490854.568,"B,70276,10,72:3b:01:24:b7:c8,28,1,700,2,-18,S,5c:62:8b:66:67:d2"
1791490854.568,"B,70376,10,5c:62:8b:66:67:d2,0,0,9872,12,-50,A,5c:62:8b:66:67:d2"
1791490854.568,"B,70376,10,46:88:44:6e:4f:e4,9872,12,0,0,-24,S,5c:62:8b:66:67:d2"
1791490854.772,"B,70476,10,5c:62:8b:66:67:d2,0,0,2748,11,-51,A,5c:62:8b:66:67:d2"
1791490854.772,"B,70476,10,46:88:44:6e:4f:e4,2552,4,0,0,-25,S,5c:62:8b:66:67:d2"
1791490854.772,"B,70476,10,72:3b:01:24:b7:c8,196,7,0,0,-17,S,5c:62:8b:66:67:d2"
1791490854.772,"B,70576,10,5c:62:8b:66:67:d2,0,0,5275,9,-50,A,5c:62:8b:66:67:d2"
1791490854.772,"B,70576,10,46:88:44:6e:4f:e4,5247,8,0,0,-25,S,5c:62:8b:66:67:d2"
1791490854.772,"B,70576,10,72:3b:01:24:b7:c8,28,1,0,0,-17,S,5c:62:8b:66:67:d2"
1791490854.976,"B,70676,10,5c:62:8b:66:67:d2,4881,6,5259,8,-50,A,5c:62:8b:66:67:d2"
1791490854.976,"B,70676,10,46:88:44:6e:4f:e4,5259,8,0,0,-25,S,5c:62:8b:66:67:d2"
1791490854.976,"B,70676,10,72:3b:01:24:b7:c8,0,0,4881,6,0,S,5c:62:8b:66:67:d2"
1791490854.976,"B,70776,10,5c:62:8b:66:67:d2,1050,3,8587,15,-51,A,5c:62:8b:66:67:d2"
1791490854.976,"B,70776,10,46:88:44:6e:4f:e4,8447,10,0,0,-25,S,5c:62:8b:66:67:d2"
1791490854.976,"B,70776,10,72:3b:01:24:b7:c8,140,5,1050,3,-18,S,5c:62:8b:66:67:d2"
1791490855.177,"B,70876,10,5c:62:8b:66:67:d2,0,0,8121,9,0,A,5c:62:8b:66:67:d2"
1791490855.177,"B,70876,10,46:88:44:6e:4f:e4,8121,9,0,0,-25,S,5c:62:8b:66:67:d2"
1791490855.177,"B,70976,10,5c:62:8b:66:67:d2,0,0,5289,13,-49,A,5c:62:8b:66:67:d2"
1791490855.177,"B,70976,10,46:88:44:6e:4f:e4,5121,7,0,0,-25,S,5c:62:8b:66:67:d2"
1791490855.177,"B,70976,10,72:3b:01:24:b7:c8,168,6,0,0,-18,S,5c:62:8b:66:67:d2"
1791490855.378,"B,71076,10,5c:62:8b:66:67:d2,0,0,1190,8,0,A,5c:62:8b:66:67:d2"
1791490855.378,"B,71076,10,46:88:44:6e:4f:e4,1078,4,0,0,-25,S,5c:62:8b:66:67:d2"
1791490855.378,"B,71076,10,72:3b:01:24:b7:c8,112,4,0,0,-17,S,5c:62:8b:66:67:d2"
1791490855.378,"B,71176,10,b2:db:ca:e6:29:a6,28,1,0,0,-21,S,5c:62:8b:66:67:d2"
1791490855.378,"B,71176,10,5c:62:8b:66:67:d2,0,0,6989,11,-49,A,5c:62:8b:66:67:d2"
1791490855.378,"B,71176,10,46:88:44:6e:4f:e4,6905,8,0,0,-25,S,5c:62:8b:66:67:d2"
1791490855.378,"B,71176,10,72:3b:01:24:b7:c8,56,2,0,0,-18,S,5c:62:8b:66:67:d2"
1791490855.580,"B,71276,10,5c:62:8b:66:67:d2,5427,7,4979,13,-50,A,5c:62:8b:66:67:d2"
1791490855.580,"B,71276,10,46:88:44:6e:4f:e4,4867,9,0,0,-25,S,5c:62:8b:66:67:d2"
1791490855.580,"B,71276,10,72:3b:01:24:b7:c8,112,4,5427,7,-17,S,5c:62:8b:66:67:d2"
1791490855.580,"B,71376,10,b2:db:ca:e6:29:a6,56,2,0,0,-21,S,5c:62:8b:66:67:d2"
1791490855.580,"B,71376,10,5c:62:8b:66:67:d2,0,0,6240,13,-50,A,5c:62:8b:66:67:d2"
1791490855.580,"B,71376,10,46:88:44:6e:4f:e4,6100,8,0,0,-25,S,5c:62:8b:66:67:d2"
1791490855.580,"B,71376,10,72:3b:01:24:b7:c8,84,3,0,0,-18,S,5c:62:8b:66:67:d2"
1791490855.780,"B,71476,10,b2:db:ca:e6:29:a6,28,1,0,0,-21,S,5c:62:8b:66:67:d2"
1791490855.780,"B,71476,10,5c:62:8b:66:67:d2,0,0,6711,11,-50,A,5c:62:8b:66:67:d2"
1791490855.780,"B,71476,10,46:88:44:6e:4f:e4,6627,8,0,0,-24,S,5c:62:8b:66:67:d2"
1791490855.780,"B,71476,10,72:3b:01:24:b7:c8,56,2,0,0,-17,S,5c:62:8b:66:67:d2"
1791490855.780,"M,71541,slot,10,0"
1791490855.780,"B,71576,10,b2:db:ca:e6:29:a6,56,2,0,0,-22,S,5c:62:8b:66:67:d2"
1791490855.780,"B,71576,10,5c:62:8b:66:67:d2,0,0,6547,23,-50,A,5c:62:8b:66:67:d2"
1791490855.780,"B,71576,10,46:88:44:6e:4f:e4,6183,10,0,0,-24,S,5c:62:8b:66:67:d2"
1791490855.780,"B,71576,10,72:3b:01:24:b7:c8,308,11,0,0,-17,S,5c:62:8b:66:67:d2"
1791490855.780,"B,71676,10,b2:db:ca:e6:29:a6,56,2,0,0,-20,S,5c:62:8b:66:67:d2"
1791490855.780,"B,71676,10,5c:62:8b:66:67:d2,0,0,2612,7,-50,A,5c:62:8b:66:67:d2"
1791490855.780,"B,71676,10,46:88:44:6e:4f:e4,2528,4,0,0,-25,S,5c:62:8b:66:67:d2"
1791490855.980,"B,71676,10,72:3b:01:24:b7:c8,28,1,0,0,-18,S,5c:62:8b:66:67:d2"
1791490855.980,"B,71776,10,b2:db:ca:e6:29:a6,56,2,0,0,-21,S,5c:62:8b:66:67:d2"
1791490855.980,"B,71776,10,5c:62:8b:66:67:d2,5621,8,7469,13,-50,A,5c:62:8b:66:67:d2"
1791490855.980,"B,71776,10,46:88:44:6e:4f:e4,7385,10,0,0,-24,S,5c:62:8b:66:67:d2"
1791490855.980,"B,71776,10,72:3b:01:24:b7:c8,28,1,5621,8,-18,S,5c:62:8b:66:67:d2"
1791490855.980,"B,71876,10,b2:db:ca:e6:29:a6,28,1,0,0,-23,S,5c:62:8b:66:67:d2"
1791490855.980,"B,71876,10,5c:62:8b:66:67:d2,0,0,7130,16,-50,A,5c:62:8b:66:67:d2"
1791490855.980,"B,71876,10,46:88:44:6e:4f:e4,6990,11,0,0,-25,S,5c:62:8b:66:67:d2"
1791490855.980,"B,71876,10,72:3b:01:24:b7:c8,112,4,0,0,-17,S,5c:62:8b:66:67:d2"
1791490856.181,"B,71976,10,b2:db:ca:e6:29:a6,28,1,0,0,-21,S,5c:62:8b:66:67:d2"
1791490856.181,"B,71976,10,5c:62:8b:66:67:d2,0,0,5595,12,-49,A,5c:62:8b:66:67:d2"
1791490856.181,"B,71976,10,46:88:44:6e:4f:e4,5483,8,0,0,-25,S,5c:62:8b:66:67:d2"
1791490856.181,"B,71976,10,72:3b:01:24:b7:c8,84,3,0,0,-17,S,5c:62:8b:66:67:d2"
1791490856.181,"B,72076,10,b2:db:ca:e6:29:a6,56,2,0,0,-22,S,5c:62:8b:66:67:d2"
1791490856.181,"B,72076,10,5c:62:8b:66:67:d2,0,0,5443,15,-51,A,5c:62:8b:66:67:d2"
1791490856.381,"B,72076,10,46:88:44:6e:4f:e4,5247,8,0,0,-25,S,5c:62:8b:66:67:d2"
1791490856.381,"B,72076,10,72:3b:01:24:b7:c8,140,5,0,0,-17,S,5c:62:8b:66:67:d2"
1791490856.381,"B,72176,10,b2:db:ca:e6:29:a6,56,2,0,0,-22,S,5c:62:8b:66:67:d2"
1791490856.381,"B,72176,10,5c:62:8b:66:67:d2,0,0,4291,10,-51,A,5c:62:8b:66:67:d2"
1791490856.381,"B,72176,10,46:88:44:6e:4f:e4,4207,7,0,0,-25,S,5c:62:8b:66:67:d2"
1791490856.381,"B,72176,10,72:3b:01:24:b7:c8,28,1,0,0,-17,S,5c:62:8b:66:67:d2"
1791490856.581,"B,72276,10,b2:db:ca:e6:29:a6,28,1,0,0,-21,S,5c:62:8b:66:67:d2"
1791490856.581,"B,72276,10,5c:62:8b:66:67:d2,0,0,4726,13,-49,A,5c:62:8b:66:67:d2"
1791490856.581,"B,72276,10,46:88:44:6e:4f:e4,4558,7,0,0,-25,S,5c:62:8b:66:67:d2"
1791490856.581,"B,72276,10,72:3b:01:24:b7:c8,140,5,0,0,-17,S,5c:62:8b:66:67:d2"
1791490856.581,"B,72376,10,5c:62:8b:66:67:d2,0,0,6099,15,-49,A,5c:62:8b:66:67:d2"
1791490856.581,"B,72376,10,78:8c:b5:f5:e7:26,92,1,0,0,-77,A,78:8c:b5:f5:e7:26"
1791490856.581,"B,72376,10,46:88:44:6e:4f:e4,5959,10,0,0,-25,S,5c:62:8b:66:67:d2"
1791490856.581,"B,72376,10,72:3b:01:24:b7:c8,140,5,0,0,-18,S,5c:62:8b:66:67:d2"
1791490856.581,"B,72476,10,b2:db:ca:e6:29:a6,112,4,0,0,-21,S,5c:62:8b:66:67:d2"
1791490856.581,"B,72476,10,5c:62:8b:66:67:d2,0,0,7443,14,-51,A,5c:62:8b:66:67:d2"
1791490856.581,"B,72476,10,46:88:44:6e:4f:e4,7331,10,0,0,-25,S,5c:62:8b:66:67:d2"
1791490856.782,"B,72576,10,5c:62:8b:66:67:d2,0,0,5285,13,-51,A,5c:62:8b:66:67:d2"
1791490856.782,"B,72576,10,46:88:44:6e:4f:e4,5117,7,0,0,-25,S,5c:62:8b:66:67:d2"
1791490856.782,"B,72576,10,72:3b:01:24:b7:c8,168,6,0,0,-17,S,5c:62:8b:66:67:d2"
1791490856.782,"B,72676,10,b2:db:ca:e6:29:a6,56,2,0,0,-21,S,5c:62:8b:66:67:d2"
1791490856.782,"B,72676,10,5c:62:8b:66:67:d2,0,0,6279,14,-51,A,5c:62:8b:66:67:d2"
1791490856.782,"B,72676,10,46:88:44:6e:4f:e4,6167,10,0,0,-25,S,5c:62:8b:66:67:d2"
1791490856.782,"B,72676,10,72:3b:01:24:b7:c8,56,2,0,0,-18,S,5c:62:8b:66:67:d2"
1791490856.982,"B,72776,10,b2:db:ca:e6:29:a6,56,2,0,0,-22,S,5c:62:8b:66:67:d2"
1791490856.982,"B,72776,10,5c:62:8b:66:67:d2,5789,8,784,5,-50,A,5c:62:8b:66:67:d2"
1791490856.982,"B,72776,10,46:88:44:6e:4f:e4,700,2,0,0,-25,S,5c:62:8b:66:67:d2"
1791490856.982,"B,72776,10,72:3b:01:24:b7:c8,28,1,5789,8,-18,S,5c:62:8b:66:67:d2"
1791490856.982,"B,72876,10,b2:db:ca:e6:29:a6,84,3,0,0,-21,S,5c:62:8b:66:67:d2"
1791490856.982,"B,72876,10,5c:62:8b:66:67:d2,0,0,5785,15,-50,A,5c:62:8b:66:67:d2"
1791490856.982,"B,72876,10,46:88:44:6e:4f:e4,5617,9,0,0,-24,S,5c:62:8b:66:67:d2"
1791490856.982,"B,72876,10,72:3b:01:24:b7:c8,84,3,0,0,-17,S,5c:62:8b:66:67:d2"
1791490857.183,"B,72976,10,b2:db:ca:e6:29:a6,28,1,0,0,-21,S,5c:62:8b:66:67:d2"
1791490857.183,"B,72976,10,5c:62:8b:66:67:d2,0,0,5459,15,-50,A,5c:62:8b:66:67:d2"
1791490857.183,"B,72976,10,46:88:44:6e:4f:e4,5263,8,0,0,-24,S,5c:62:8b:66:67:d2"
1791490857.183,"B,72976,10,72:3b:01:24:b7:c8,168,6,0,0,-18,S,5c:62:8b:66:67:d2"
1791490857.183,"B,73076,10,b2:db:ca:e6:29:a6,56,2,0,0,-21,S,5c:62:8b:66:67:d2"
1791490857.183,"B,73076,10,5c:62:8b:66:67:d2,0,0,7743,10,-50,A,5c:62:8b:66:67:d2"
1791490857.183,"B,73076,10,46:88:44:6e:4f:e4,7687,8,0,0,-24,S,5c:62:8b:66:67:d2"
1791490857.383,"B,73176,10,b2:db:ca:e6:29:a6,56,2,0,0,-22,S,5c:62:8b:66:67:d2"
1791490857.383,"B,73176,10,5c:62:8b:66:67:d2,4515,5,5495,17,-50,A,5c:62:8b:66:67:d2"
1791490857.383,"B,73176,10,46:88:44:6e:4f:e4,5243,8,0,0,-25,S,5c:62:8b:66:67:d2"
1791490857.383,"B,73176,10,72:3b:01:24:b7:c8,196,7,4515,5,-17,S,5c:62:8b:66:67:d2"
1791490857.383,"B,73276,10,b2:db:ca:e6:29:a6,56,2,0,0,-21,S,5c:62:8b:66:67:d2"
1791490857.383,"B,73276,10,5c:62:8b:66:67:d2,0,0,5479,16,-50,A,5c:62:8b:66:67:d2"
1791490857.383,"B,73276,10,46:88:44:6e:4f:e4,5255,8,0,0,-25,S,5c:62:8b:66:67:d2"
1791490857.383,"B,73276,10,72:3b:01:24:b7:c8,168,6,0,0,-18,S,5c:62:8b:66:67:d2"
1791490857.584,"B,73376,10,b2:db:ca:e6:29:a6,56,2,0,0,-21,S,5c:62:8b:66:67:d2"
1791490857.584,"B,73376,10,5c:62:8b:66:67:d2,0,0,2184,9,-50,A,5c:62:8b:66:67:d2"
1791490857.584,"B,73376,10,46:88:44:6e:4f:e4,2128,7,0,0,-25,S,5c:62:8b:66:67:d2"
1791490857.584,"B,73476,10,5c:62:8b:66:67:d2,0,0,8683,18,-48,A,5c:62:8b:66:67:d2"
1791490857.584,"B,73476,10,46:88:44:6e:4f:e4,8431,9,0,0,-25,S,5c:62:8b:66:67:d2"
1791490857.584,"B,73476,10,72:3b:01:24:b7:c8,252,9,0,0,-18,S,5c:62:8b:66:67:d2"
1791490857.785,"B,73576,10,b2:db:ca:e6:29:a6,56,2,0,0,-21,S,5c:62:8b:66:67:d2"
1791490857.785,"B,73576,10,5c:62:8b:66:67:d2,0,0,6971,22,-50,A,5c:62:8b:66:67:d2"
1791490857.785,"B,73576,10,46:88:44:6e:4f:e4,6691,12,0,0,-25,S,5c:62:8b:66:67:d2"
1791490857.785,"B,73576,10,72:3b:01:24:b7:c8,224,8,0,0,-18,S,5c:62:8b:66:67:d2"
1791490857.785,"B,73676,10,b2:db:ca:e6:29:a6,56,2,0,0,-23,S,5c:62:8b:66:67:d2"
1791490857.785,"B,73676,10,5c:62:8b:66:67:d2,1050,3,5165,9,-50,A,5c:62:8b:66:67:d2"
1791490857.785,"B,73676,10,46:88:44:6e:4f:e4,5109,7,0,0,-25,S,5c:62:8b:66:67:d2"
1791490857.785,"B,73676,10,72:3b:01:24:b7:c8,0,0,1050,3,0,S,5c:62:8b:66:67:d2"
1791490857.986,"B,73776,10,b2:db:ca:e6:29:a6,56,2,0,0,-21,S,5c:62:8b:66:67:d2"
1791490857.986,"B,73776,10,5c:62:8b:66:67:d2,350,1,5156,18,-50,A,5c:62:8b:66:67:d2"
1791490857.986,"B,73776,10,46:88:44:6e:4f:e4,4904,9,0,0,-25,S,5c:62:8b:66:67:d2"
1791490857.986,"B,73776,10,72:3b:01:24:b7:c8,196,7,350,1,-18,S,5c:62:8b:66:67:d2"
1791490857.986,"B,73876,10,b2:db:ca:e6:29:a6,56,2,0,0,-22,S,5c:62:8b:66:67:d2"
1791490857.986,"B,73876,10,5c:62:8b:66:67:d2,0,0,8889,16,-50,A,5c:62:8b:66:67:d2"
1791490857.986,"B,73876,10,46:88:44:6e:4f:e4,8749,11,0,0,-25,S,5c:62:8b:66:67:d2"
1791490857.986,"B,73876,10,72:3b:01:24:b7:c8,84,3,0,0,-17,S,5c:62:8b:66:67:d2"
1791490858.187,"B,73976,10,b2:db:ca:e6:29:a6,28,1,0,0,-23,S,5c:62:8b:66:67:d2"
1791490858.187,"B,73976,10,5c:62:8b:66:67:d2,0,0,1806,7,-50,A,5c:62:8b:66:67:d2"
1791490858.187,"B,73976,10,46:88:44:6e:4f:e4,1778,6,0,0,-25,S,5c:62:8b:66:67:d2"
1791490858.187,"B,74076,10,b2:db:ca:e6:29:a6,84,3,0,0,-21,S,5c:62:8b:66:67:d2"
1791490858.187,"B,74076,10,5c:62:8b:66:67:d2,0,0,6947,20,-50,A,5c:62:8b:66:67:d2"
1791490858.187,"B,74076,10,46:88:44:6e:4f:e4,6667,10,0,0,-25,S,5c:62:8b:66:67:d2"
1791490858.187,"B,74076,10,72:3b:01:24:b7:c8,196,7,0,0,-17,S,5c:62:8b:66:67:d2"
1791490858.388,"B,74176,10,b2:db:ca:e6:29:a6,56,2,0,0,-21,S,5c:62:8b:66:67:d2"
1791490858.388,"B,74176,10,5c:62:8b:66:67:d2,4877,6,5311,10,-50,A,5c:62:8b:66:67:d2"
1791490858.388,"B,74176,10,46:88:44:6e:4f:e4,5255,8,0,0,-24,S,5c:62:8b:66:67:d2"
1791490858.388,"B,74176,10,72:3b:01:24:b7:c8,0,0,4877,6,0,S,5c:62:8b:66:67:d2"
1791490858.388,"B,74276,10,b2:db:ca:e6:29:a6,56,2,0,0,-20,S,5c:62:8b:66:67:d2"
1791490858.388,"B,74276,10,5c:62:8b:66:67:d2,350,1,9832,18,-50,A,5c:62:8b:66:67:d2"
1791490858.388,"B,74276,10,46:88:44:6e:4f:e4,9664,12,0,0,-24,S,5c:62:8b:66:67:d2"
1791490858.388,"B,74276,10,72:3b:01:24:b7:c8,112,4,350,1,-18,S,5c:62:8b:66:67:d2"
1791490858.590,"B,74376,10,b2:db:ca:e6:29:a6,28,1,0,0,-21,S,5c:62:8b:66:67:d2"
1791490858.590,"B,74376,10,5c:62:8b:66:67:d2,0,0,6413,15,-50,A,5c:62:8b:66:67:d2"
1791490858.590,"B,74376,10,46:88:44:6e:4f:e4,6301,11,0,0,-24,S,5c:62:8b:66:67:d2"
1791490858.590,"B,74376,10,72:3b:01:24:b7:c8,84,3,0,0,-18,S,5c:62:8b:66:67:d2"
1791490858.590,"B,74476,10,b2:db:ca:e6:29:a6,28,1,0,0,-23,S,5c:62:8b:66:67:d2"
1791490858.590,"B,74476,10,5c:62:8b:66:67:d2,0,0,8121,11,-49,A,5c:62:8b:66:67:d2"
1791490858.590,"B,74476,10,46:88:44:6e:4f:e4,8065,9,0,0,-25,S,5c:62:8b:66:67:d2"
1791490858.590,"B,74476,10,72:3b:01:24:b7:c8,28,1,0,0,-18,S,5c:62:8b:66:67:d2"
1791490858.792,"B,74576,10,b2:db:ca:e6:29:a6,28,1,0,0,-21,S,5c:62:8b:66:67:d2"
1791490858.792,"B,74576,10,5c:62:8b:66:67:d2,0,0,2611,11,-49,A,5c:62:8b:66:67:d2"
1791490858.792,"B,74576,10,46:88:44:6e:4f:e4,2471,6,0,0,-25,S,5c:62:8b:66:67:d2"
1791490858.792,"B,74576,10,72:3b:01:24:b7:c8,112,4,0,0,-18,S,5c:62:8b:66:67:d2"
1791490858.792,"B,74676,10,b2:db:ca:e6:29:a6,28,1,0,0,-23,S,5c:62:8b:66:67:d2"
1791490858.792,"B,74676,10,5c:62:8b:66:67:d2,11434,16,10876,16,-51,A,5c:62:8b:66:67:d2"
1791490858.792,"B,74676,10,46:88:44:6e:4f:e4,10764,12,138,1,-25,S,5c:62:8b:66:67:d2"
1791490858.792,"B,74676,10,72:3b:01:24:b7:c8,84,3,11296,15,-18,S,5c:62:8b:66:67:d2"
1791490858.994,"B,74776,10,5c:62:8b:66:67:d2,0,0,5861,10,-50,A,5c:62:8b:66:67:d2"
1791490858.994,"B,74776,10,46:88:44:6e:4f:e4,5805,8,0,0,-25,S,5c:62:8b:66:67:d2"
1791490858.994,"B,74776,10,72:3b:01:24:b7:c8,56,2,0,0,-17,S,5c:62:8b:66:67:d2"
1791490858.994,"B,74876,10,5c:62:8b:66:67:d2,0,0,9997,19,-50,A,5c:62:8b:66:67:d2"
1791490858.994,"B,74876,10,46:88:44:6e:4f:e4,9773,11,0,0,-25,S,5c:62:8b:66:67:d2"
1791490858.994,"B,74876,10,72:3b:01:24:b7:c8,224,8,0,0,-18,S,5c:62:8b:66:67:d2"
1791490859.201,"B,74976,10,5c:62:8b:66:67:d2,0,0,9389,16,-49,A,5c:62:8b:66:67:d2"
1791490859.201,"B,74976,10,46:88:44:6e:4f:e4,9305,13,0,0,-25,S,5c:62:8b:66:67:d2"
1791490859.201,"B,74976,10,72:3b:01:24:b7:c8,84,3,0,0,-18,S,5c:62:8b:66:67:d2"
1791490859.201,"B,75076,10,5c:62:8b:66:67:d2,0,0,5157,8,-50,A,5c:62:8b:66:67:d2"
1791490859.201,"B,75076,10,46:88:44:6e:4f:e4,5129,7,0,0,-25,S,5c:62:8b:66:67:d2"
1791490859.201,"B,75076,10,72:3b:01:24:b7:c8,28,1,0,0,-18,S,5c:62:8b:66:67:d2"
1791490859.405,"I,75104,stat,rx=13242,drops=0,ch=10,bin=100,hop=0,heap=203064"
1791490859.405,"B,75176,10,5c:62:8b:66:67:d2,700,2,1624,12,-51,A,5c:62:8b:66:67:d2"
1791490859.405,"B,75176,10,46:88:44:6e:4f:e4,1428,5,0,0,-25,S,5c:62:8b:66:67:d2"
1791490859.405,"B,75176,10,72:3b:01:24:b7:c8,196,7,700,2,-17,S,5c:62:8b:66:67:d2"
1791490859.405,"B,75276,10,b2:db:ca:e6:29:a6,56,2,0,0,-21,S,5c:62:8b:66:67:d2"
1791490859.405,"B,75276,10,5c:62:8b:66:67:d2,0,0,8192,16,-50,A,5c:62:8b:66:67:d2"
1791490859.405,"B,75276,10,46:88:44:6e:4f:e4,7996,9,0,0,-25,S,5c:62:8b:66:67:d2"
1791490859.405,"B,75276,10,72:3b:01:24:b7:c8,140,5,0,0,-17,S,5c:62:8b:66:67:d2"
1791490859.610,"B,75376,10,b2:db:ca:e6:29:a6,56,2,0,0,-20,S,5c:62:8b:66:67:d2"
1791490859.610,"B,75376,10,5c:62:8b:66:67:d2,0,0,5355,12,-50,A,5c:62:8b:66:67:d2"
1791490859.610,"B,75376,10,46:88:44:6e:4f:e4,5243,8,0,0,-25,S,5c:62:8b:66:67:d2"
1791490859.610,"B,75376,10,72:3b:01:24:b7:c8,56,2,0,0,-18,S,5c:62:8b:66:67:d2"
1791490859.610,"B,75476,10,b2:db:ca:e6:29:a6,28,1,0,0,-23,S,5c:62:8b:66:67:d2"
1791490859.610,"B,75476,10,5c:62:8b:66:67:d2,0,0,5543,11,-49,A,5c:62:8b:66:67:d2"
1791490859.610,"B,75476,10,46:88:44:6e:4f:e4,5459,8,0,0,-24,S,5c:62:8b:66:67:d2"
1791490859.610,"B,75476,10,72:3b:01:24:b7:c8,56,2,0,0,-18,S,5c:62:8b:66:67:d2"
1791490859.815,"B,75576,10,b2:db:ca:e6:29:a6,28,1,0,0,-20,S,5c:62:8b:66:67:d2"
1791490859.815,"B,75576,10,5c:62:8b:66:67:d2,0,0,9983,23,-49,A,5c:62:8b:66:67:d2"
1791490859.815,"B,75576,10,46:88:44:6e:4f:e4,9619,10,0,0,-24,S,5c:62:8b:66:67:d2"
1791490859.815,"B,75576,10,72:3b:01:24:b7:c8,336,12,0,0,-17,S,5c:62:8b:66:67:d2"
1791490859.815,"B,75676,10,5c:62:8b:66:67:d2,5439,7,8238,14,-50,A,5c:62:8b:66:67:d2"
1791490859.815,"B,75676,10,46:88:44:6e:4f:e4,8154,11,0,0,-24,S,5c:62:8b:66:67:d2"
1791490859.815,"B,75676,10,72:3b:01:24:b7:c8,84,3,5439,7,-18,S,5c:62:8b:66:67:d2"
1791490860.015,"B,75776,10,5c:62:8b:66:67:d2,0,0,1428,5,-50,A,5c:62:8b:66:67:d2"
1791490860.015,"B,75776,10,46:88:44:6e:4f:e4,1428,5,0,0,-25,S,5c:62:8b:66:67:d2"
1791490860.015,"B,75876,10,5c:62:8b:66:67:d2,0,0,6107,14,-49,A,5c:62:8b:66:67:d2"
1791490860.015,"B,75876,10,46:88:44:6e:4f:e4,5995,10,0,0,-25,S,5c:62:8b:66:67:d2"
1791490860.015,"B,75876,10,72:3b:01:24:b7:c8,112,4,0,0,-17,S,5c:62:8b:66:67:d2"
1791490860.217,"B,75976,10,5c:62:8b:66:67:d2,0,0,9164,13,-51,A,5c:62:8b:66:67:d2"
1791490860.217,"B,75976,10,46:88:44:6e:4f:e4,9164,13,0,0,-25,S,5c:62:8b:66:67:d2"
1791490860.217,"B,76076,10,5c:62:8b:66:67:d2,0,0,5173,9,-49,A,5c:62:8b:66:67:d2"
1791490860.217,"B,76076,10,46:88:44:6e:4f:e4,5117,7,0,0,-25,S,5c:62:8b:66:67:d2"
1791490860.217,"B,76076,10,72:3b:01:24:b7:c8,56,2,0,0,-17,S,5c:62:8b:66:67:d2"
1791490860.419,"B,76176,10,5c:62:8b:66:67:d2,5423,7,14687,22,-51,A,5c:62:8b:66:67:d2"
1791490860.419,"B,76176,10,46:88:44:6e:4f:e4,14547,17,0,0,-25,S,5c:62:8b:66:67:d2"
1791490860.419,"B,76176,10,72:3b:01:24:b7:c8,140,5,5423,7,-17,S,5c:62:8b:66:67:d2"
1791490860.419,"B,76276,10,5c:62:8b:66:67:d2,350,1,7219,14,-50,A,5c:62:8b:66:67:d2"
1791490860.419,"B,76276,10,46:88:44:6e:4f:e4,7107,10,0,0,-25,S,5c:62:8b:66:67:d2"
1791490860.419,"B,76276,10,72:3b:01:24:b7:c8,112,4,350,1,-17,S,5c:62:8b:66:67:d2"
1791490860.621,"B,76376,10,5c:62:8b:66:67:d2,0,0,13564,17,-49,A,5c:62:8b:66:67:d2"
1791490860.621,"B,76376,10,46:88:44:6e:4f:e4,13564,17,0,0,-25,S,5c:62:8b:66:67:d2"
1791490860.621,"B,76476,10,5c:62:8b:66:67:d2,0,0,896,9,-50,A,5c:62:8b:66:67:d2"
1791490860.621,"B,76476,10,46:88:44:6e:4f:e4,728,3,0,0,-25,S,5c:62:8b:66:67:d2"
1791490860.621,"B,76476,10,72:3b:01:24:b7:c8,168,6,0,0,-18,S,5c:62:8b:66:67:d2"
1791490860.824,"B,76576,10,5c:62:8b:66:67:d2,0,0,5825,10,-50,A,5c:62:8b:66:67:d2"
1791490860.824,"B,76576,10,46:88:44:6e:4f:e4,5797,9,0,0,-25,S,5c:62:8b:66:67:d2"
1791490860.824,"B,76576,10,72:3b:01:24:b7:c8,28,1,0,0,-18,S,5c:62:8b:66:67:d2"
1791490860.824,"M,76609,slot,11,0"
1791490860.824,"B,76676,10,5c:62:8b:66:67:d2,10162,12,5499,9,-51,A,5c:62:8b:66:67:d2"
1791490860.824,"B,76676,10,46:88:44:6e:4f:e4,5471,8,0,0,-25,S,5c:62:8b:66:67:d2"
1791490860.824,"B,76676,10,72:3b:01:24:b7:c8,28,1,10162,12,-18,S,5c:62:8b:66:67:d2"
1791490861.029,"B,76776,10,5c:62:8b:66:67:d2,350,1,5917,20,-50,A,5c:62:8b:66:67:d2"
1791490861.029,"B,76776,10,46:88:44:6e:4f:e4,5609,9,0,0,-24,S,5c:62:8b:66:67:d2"
1791490861.029,"B,76776,10,72:3b:01:24:b7:c8,308,11,350,1,-18,S,5c:62:8b:66:67:d2"
1791490861.029,"B,76876,10,5c:62:8b:66:67:d2,0,0,1428,5,-50,A,5c:62:8b:66:67:d2"
1791490861.029,"B,76876,10,46:88:44:6e:4f:e4,1428,5,0,0,-24,S,5c:62:8b:66:67:d2"
1791490861.233,"B,76976,10,5c:62:8b:66:67:d2,0,0,6132,7,-50,A,5c:62:8b:66:67:d2"
1791490861.233,"B,76976,10,46:88:44:6e:4f:e4,6132,7,0,0,-25,S,5c:62:8b:66:67:d2"
1791490861.233,"B,77076,10,5c:62:8b:66:67:d2,0,0,5245,11,-49,A,5c:62:8b:66:67:d2"
1791490861.233,"B,77076,10,78:8c:b5:f5:e7:26,80,1,0,0,-76,A,78:8c:b5:f5:e7:26"
1791490861.233,"B,77076,10,46:88:44:6e:4f:e4,5133,7,0,0,-24,S,5c:62:8b:66:67:d2"
1791490861.233,"B,77076,10,72:3b:01:24:b7:c8,112,4,0,0,-18,S,5c:62:8b:66:67:d2"
1791490861.435,"B,77176,10,5c:62:8b:66:67:d2,3057,4,9116,11,-50,A,5c:62:8b:66:67:d2"
1791490861.435,"B,77176,10,46:88:44:6e:4f:e4,9116,11,0,0,-25,S,5c:62:8b:66:67:d2"
1791490861.435,"B,77176,10,72:3b:01:24:b7:c8,0,0,3057,4,0,S,5c:62:8b:66:67:d2"
1791490861.435,"B,77276,10,5c:62:8b:66:67:d2,350,1,3277,5,-51,A,5c:62:8b:66:67:d2"
1791490861.435,"B,77276,10,46:88:44:6e:4f:e4,3277,5,0,0,-25,S,5c:62:8b:66:67:d2"
1791490861.435,"B,77276,10,72:3b:01:24:b7:c8,0,0,350,1,0,S,5c:62:8b:66:67:d2"
1791490861.640,"B,77376,10,5c:62:8b:66:67:d2,0,0,10100,20,-48,A,5c:62:8b:66:67:d2"
1791490861.640,"B,77376,10,46:88:44:6e:4f:e4,9876,12,0,0,-25,S,5c:62:8b:66:67:d2"
1791490861.640,"B,77376,10,72:3b:01:24:b7:c8,224,8,0,0,-17,S,5c:62:8b:66:67:d2"
1791490861.640,"B,77476,10,5c:62:8b:66:67:d2,0,0,5519,11,-49,A,5c:62:8b:66:67:d2"
1791490861.640,"B,77476,10,46:88:44:6e:4f:e4,5435,8,0,0,-25,S,5c:62:8b:66:67:d2"
1791490861.640,"B,77476,10,72:3b:01:24:b7:c8,84,3,0,0,-18,S,5c:62:8b:66:67:d2"
1791490861.842,"B,77576,10,5c:62:8b:66:67:d2,0,0,1596,11,-49,A,5c:62:8b:66:67:d2"
1791490861.842,"B,77576,10,46:88:44:6e:4f:e4,1428,5,0,0,-25,S,5c:62:8b:66:67:d2"
1791490861.842,"B,77576,10,72:3b:01:24:b7:c8,168,6,0,0,-18,S,5c:62:8b:66:67:d2"
1791490861.842,"B,77676,10,5c:62:8b:66:67:d2,350,1,5331,11,-50,A,5c:62:8b:66:67:d2"
1791490861.842,"B,77676,10,46:88:44:6e:4f:e4,5219,7,0,0,-25,S,5c:62:8b:66:67:d2"
1791490861.842,"B,77676,10,72:3b:01:24:b7:c8,112,4,350,1,-18,S,5c:62:8b:66:67:d2"
1791490862.044,"B,77776,10,5c:62:8b:66:67:d2,2093,4,5283,8,-51,A,5c:62:8b:66:67:d2"
1791490862.044,"B,77776,10,46:88:44:6e:4f:e4,5283,8,0,0,-25,S,5c:62:8b:66:67:d2"
1791490862.044,"B,77776,10,72:3b:01:24:b7:c8,0,0,2093,4,0,S,5c:62:8b:66:67:d2"
1791490862.044,"B,77876,10,5c:62:8b:66:67:d2,0,0,5591,12,-49,A,5c:62:8b:66:67:d2"
1791490862.044,"B,77876,10,46:88:44:6e:4f:e4,5479,8,0,0,-25,S,5c:62:8b:66:67:d2"
1791490862.044,"B,77876,10,72:3b:01:24:b7:c8,112,4,0,0,-18,S,5c:62:8b:66:67:d2"
1791490862.246,"B,77976,10,b2:db:ca:e6:29:a6,84,3,0,0,-21,S,5c:62:8b:66:67:d2"
1791490862.246,"B,77976,10,5c:62:8b:66:67:d2,0,0,1596,11,-50,A,5c:62:8b:66:67:d2"
1791490862.246,"B,77976,10,46:88:44:6e:4f:e4,1428,5,0,0,-25,S,5c:62:8b:66:67:d2"
1791490862.246,"B,77976,10,72:3b:01:24:b7:c8,84,3,0,0,-18,S,5c:62:8b:66:67:d2"
1791490862.246,"B,78076,10,b2:db:ca:e6:29:a6,56,2,0,0,-21,S,5c:62:8b:66:67:d2"
1791490862.246,"B,78076,10,5c:62:8b:66:67:d2,0,0,11448,15,-49,A,5c:62:8b:66:67:d2"
1791490862.246,"B,78076,10,46:88:44:6e:4f:e4,11392,13,0,0,-24,S,5c:62:8b:66:67:d2"
1791490862.451,"B,78176,10,b2:db:ca:e6:29:a6,28,1,0,0,-23,S,5c:62:8b:66:67:d2"
1791490862.451,"B,78176,10,5c:62:8b:66:67:d2,0,0,1540,9,-49,A,5c:62:8b:66:67:d2"
1791490862.451,"B,78176,10,46:88:44:6e:4f:e4,1400,4,0,0,-25,S,5c:62:8b:66:67:d2"
1791490862.451,"B,78176,10,72:3b:01:24:b7:c8,112,4,0,0,-18,S,5c:62:8b:66:67:d2"
1791490862.451,"B,78276,10,b2:db:ca:e6:29:a6,84,3,0,0,-21,S,5c:62:8b:66:67:d2"
1791490862.451,"B,78276,10,5c:62:8b:66:67:d2,2450,7,9119,17,-49,A,5c:62:8b:66:67:d2"
1791490862.451,"B,78276,10,46:88:44:6e:4f:e4,8979,12,0,0,-24,S,5c:62:8b:66:67:d2"
1791490862.451,"B,78276,10,72:3b:01:24:b7:c8,56,2,2450,7,-16,S,5c:62:8b:66:67:d2"
1791490862.656,"B,78376,10,b2:db:ca:e6:29:a6,56,2,0,0,-22,S,5c:62:8b:66:67:d2"
1791490862.656,"B,78376,10,5c:62:8b:66:67:d2,0,0,5319,10,-49,A,5c:62:8b:66:67:d2"
1791490862.656,"B,78376,10,46:88:44:6e:4f:e4,5263,8,0,0,-24,S,5c:62:8b:66:67:d2"
1791490862.656,"B,78476,10,b2:db:ca:e6:29:a6,56,2,0,0,-23,S,5c:62:8b:66:67:d2"
1791490862.656,"B,78476,10,5c:62:8b:66:67:d2,0,0,6187,18,-48,A,5c:62:8b:66:67:d2"
1791490862.656,"B,78476,10,46:88:44:6e:4f:e4,6019,12,0,0,-25,S,5c:62:8b:66:67:d2"
1791490862.656,"B,78476,10,72:3b:01:24:b7:c8,112,4,0,0,-18,S,5c:62:8b:66:67:d2"
1791490862.656,"B,78476,10,b0:a7:b9:23:82:ee,0,0,30,1,-86,A,b0:a7:b9:23:82:ee"
1791490862.656,"B,78476,10,3c:f0:11:24:00:90,30,1,0,0,-91,S,b0:a7:b9:23:82:ee"
1791490862.859,"B,78576,10,b2:db:ca:e6:29:a6,28,1,0,0,-21,S,5c:62:8b:66:67:d2"
1791490862.859,"B,78576,10,5c:62:8b:66:67:d2,0,0,8773,16,-49,A,5c:62:8b:66:67:d2"
1791490862.859,"B,78576,10,46:88:44:6e:4f:e4,8633,11,0,0,-25,S,5c:62:8b:66:67:d2"
1791490862.859,"B,78576,10,72:3b:01:24:b7:c8,112,4,0,0,-17,S,5c:62:8b:66:67:d2"
1791490862.859,"B,78676,10,b2:db:ca:e6:29:a6,28,1,0,0,-21,S,5c:62:8b:66:67:d2"
1791490862.859,"B,78676,10,5c:62:8b:66:67:d2,10992,15,8173,12,-51,A,5c:62:8b:66:67:d2"
1791490862.859,"B,78676,10,46:88:44:6e:4f:e4,8089,9,0,0,-25,S,5c:62:8b:66:67:d2"
1791490862.859,"B,78676,10,72:3b:01:24:b7:c8,56,2,10992,15,-18,S,5c:62:8b:66:67:d2"
1791490863.062,"B,78776,10,b2:db:ca:e6:29:a6,84,3,0,0,-20,S,5c:62:8b:66:67:d2"
1791490863.062,"B,78776,10,5c:62:8b:66:67:d2,5069,6,5181,10,-50,A,5c:62:8b:66:67:d2"
1791490863.062,"B,78776,10,46:88:44:6e:4f:e4,5097,7,0,0,-25,S,5c:62:8b:66:67:d2"
1791490863.062,"B,78776,10,72:3b:01:24:b7:c8,0,0,5069,6,0,S,5c:62:8b:66:67:d2"
1791490863.062,"B,78876,10,b2:db:ca:e6:29:a6,28,1,0,0,-21,S,5c:62:8b:66:67:d2"
1791490863.062,"B,78876,10,5c:62:8b:66:67:d2,350,1,4408,12,-50,A,5c:62:8b:66:67:d2"
1791490863.062,"B,78876,10,46:88:44:6e:4f:e4,4268,7,0,0,-24,S,5c:62:8b:66:67:d2"
1791490863.062,"B,78876,10,72:3b:01:24:b7:c8,112,4,350,1,-17,S,5c:62:8b:66:67:d2"
1791490863.267,"B,78976,10,b2:db:ca:e6:29:a6,28,1,0,0,-21,S,5c:62:8b:66:67:d2"
1791490863.267,"B,78976,10,5c:62:8b:66:67:d2,9838,12,9023,13,-50,A,5c:62:8b:66:67:d2"
1791490863.267,"B,78976,10,46:88:44:6e:4f:e4,8995,12,0,0,-24,S,5c:62:8b:66:67:d2"
1791490863.267,"B,78976,10,72:3b:01:24:b7:c8,0,0,9838,12,0,S,5c:62:8b:66:67:d2"
1791490863.267,"B,79076,10,b2:db:ca:e6:29:a6,56,2,0,0,-21,S,5c:62:8b:66:67:d2"
1791490863.267,"B,79076,10,5c:62:8b:66:67:d2,700,2,2534,10,-50,A,5c:62:8b:66:67:d2"
1791490863.267,"B,79076,10,46:88:44:6e:4f:e4,2478,8,0,0,-24,S,5c:62:8b:66:67:d2"
1791490863.267,"B,79076,10,72:3b:01:24:b7:c8,0,0,700,2,0,S,5c:62:8b:66:67:d2"
1791490863.469,"B,79176,10,b2:db:ca:e6:29:a6,112,4,0,0,-21,S,5c:62:8b:66:67:d2"
1791490863.469,"B,79176,10,5c:62:8b:66:67:d2,3878,5,7029,17,-50,A,5c:62:8b:66:67:d2"
1791490863.469,"B,79176,10,46:88:44:6e:4f:e4,6777,8,0,0,-24,S,5c:62:8b:66:67:d2"
1791490863.469,"B,79176,10,72:3b:01:24:b7:c8,140,5,3878,5,-17,S,5c:62:8b:66:67:d2"
1791490863.469,"B,79276,10,b2:db:ca:e6:29:a6,28,1,0,0,-21,S,5c:62:8b:66:67:d2"
1791490863.469,"B,79276,10,5c:62:8b:66:67:d2,6027,9,5089,10,-50,A,5c:62:8b:66:67:d2"
1791490863.469,"B,79276,10,78:8c:b5:f5:e7:26,141,1,0,0,-77,A,78:8c:b5:f5:e7:26"
1791490863.469,"B,79276,10,46:88:44:6e:4f:e4,5005,7,0,0,-24,S,5c:62:8b:66:67:d2"
1791490863.469,"B,79276,10,72:3b:01:24:b7:c8,56,2,6027,9,-17,S,5c:62:8b:66:67:d2"
1791490863.672,"B,79376,10,b2:db:ca:e6:29:a6,28,1,0,0,-21,S,5c:62:8b:66:67:d2"
1791490863.672,"B,79376,10,5c:62:8b:66:67:d2,5571,9,5399,9,-49,A,5c:62:8b:66:67:d2"
1791490863.672,"B,79376,10,46:88:44:6e:4f:e4,5371,8,0,0,-25,S,5c:62:8b:66:67:d2"
1791490863.672,"B,79376,10,72:3b:01:24:b7:c8,0,0,5571,9,0,S,5c:62:8b:66:67:d2"
1791490863.672,"B,79476,10,b2:db:ca:e6:29:a6,84,3,0,0,-21,S,5c:62:8b:66:67:d2"
1791490863.672,"B,79476,10,5c:62:8b:66:67:d2,700,2,7705,18,-49,A,5c:62:8b:66:67:d2"
1791490863.672,"B,79476,10,46:88:44:6e:4f:e4,7509,11,0,0,-25,S,5c:62:8b:66:67:d2"
1791490863.672,"B,79476,10,72:3b:01:24:b7:c8,112,4,700,2,-18,S,5c:62:8b:66:67:d2"
1791490863.875,"B,79576,10,b2:db:ca:e6:29:a6,28,1,0,0,-21,S,5c:62:8b:66:67:d2"
1791490863.875,"B,79576,10,5c:62:8b:66:67:d2,11582,14,4247,16,-51,A,5c:62:8b:66:67:d2"
1791490863.875,"B,79576,10,46:88:44:6e:4f:e4,4023,8,0,0,-23,S,5c:62:8b:66:67:d2"
1791490863.875,"B,79576,10,72:3b:01:24:b7:c8,196,7,11582,14,-18,S,5c:62:8b:66:67:d2"
1791490863.875,"B,79676,10,b2:db:ca:e6:29:a6,56,2,0,0,-22,S,5c:62:8b:66:67:d2"
1791490863.875,"B,79676,10,5c:62:8b:66:67:d2,414,3,1368,12,-50,A,5c:62:8b:66:67:d2"
1791490863.875,"B,79676,10,46:88:44:6e:4f:e4,1172,5,414,3,-24,S,5c:62:8b:66:67:d2"
1791490863.875,"B,79676,10,72:3b:01:24:b7:c8,140,5,0,0,-17,S,5c:62:8b:66:67:d2"
1791490864.077,"B,79776,10,b2:db:ca:e6:29:a6,56,2,0,0,-21,S,5c:62:8b:66:67:d2"
1791490864.077,"B,79776,10,5c:62:8b:66:67:d2,8273,15,6811,15,-50,A,5c:62:8b:66:67:d2"
1791490864.077,"B,79776,10,46:88:44:6e:4f:e4,6587,7,0,0,-24,S,5c:62:8b:66:67:d2"
1791490864.077,"B,79776,10,72:3b:01:24:b7:c8,168,6,8273,15,-16,S,5c:62:8b:66:67:d2"
1791490864.077,"B,79876,10,b2:db:ca:e6:29:a6,56,2,0,0,-22,S,5c:62:8b:66:67:d2"
1791490864.077,"B,79876,10,5c:62:8b:66:67:d2,6890,7,6027,11,-50,A,5c:62:8b:66:67:d2"
1791490864.077,"B,79876,10,46:88:44:6e:4f:e4,5971,9,0,0,-24,S,5c:62:8b:66:67:d2"
1791490864.077,"B,79876,10,72:3b:01:24:b7:c8,0,0,6890,7,0,S,5c:62:8b:66:67:d2"
1791490864.277,"B,79976,10,b2:db:ca:e6:29:a6,56,2,0,0,-23,S,5c:62:8b:66:67:d2"
1791490864.277,"B,79976,10,5c:62:8b:66:67:d2,3949,6,7485,16,-50,A,5c:62:8b:66:67:d2"
1791490864.277,"B,79976,10,46:88:44:6e:4f:e4,7317,10,0,0,-24,S,5c:62:8b:66:67:d2"
1791490864.277,"B,79976,10,72:3b:01:24:b7:c8,112,4,3949,6,-16,S,5c:62:8b:66:67:d2"
1791490864.277,"B,80076,10,5c:62:8b:66:67:d2,5073,6,8623,18,-51,A,5c:62:8b:66:67:d2"
1791490864.277,"B,80076,10,46:88:44:6e:4f:e4,8399,10,0,0,-24,S,5c:62:8b:66:67:d2"
1791490864.277,"B,80076,10,72:3b:01:24:b7:c8,224,8,5073,6,-16,S,5c:62:8b:66:67:d2"
1791490864.277,"I,80106,stat,rx=14196,drops=0,ch=10,bin=100,hop=0,heap=203064"
1791490864.480,"B,80176,10,b2:db:ca:e6:29:a6,56,2,0,0,-22,S,5c:62:8b:66:67:d2"
1791490864.480,"B,80176,10,5c:62:8b:66:67:d2,1050,3,1134,6,-50,A,5c:62:8b:66:67:d2"
1791490864.480,"B,80176,10,46:88:44:6e:4f:e4,1078,4,0,0,-24,S,5c:62:8b:66:67:d2"
1791490864.480,"B,80176,10,72:3b:01:24:b7:c8,0,0,1050,3,0,S,5c:62:8b:66:67:d2"
1791490864.480,"B,80276,10,5c:62:8b:66:67:d2,5371,7,5021,6,-50,A,5c:62:8b:66:67:d2"
1791490864.480,"B,80276,10,46:88:44:6e:4f:e4,5021,6,0,0,-24,S,5c:62:8b:66:67:d2"
1791490864.480,"B,80276,10,72:3b:01:24:b7:c8,0,0,5371,7,0,S,5c:62:8b:66:67:d2"
1791490864.680,"B,80376,10,b2:db:ca:e6:29:a6,28,1,0,0,-21,S,5c:62:8b:66:67:d2"
1791490864.680,"B,80376,10,5c:62:8b:66:67:d2,4353,4,5305,15,-50,A,5c:62:8b:66:67:d2"
1791490864.680,"B,80376,10,46:88:44:6e:4f:e4,5053,6,0,0,-25,S,5c:62:8b:66:67:d2"
1791490864.680,"B,80376,10,72:3b:01:24:b7:c8,224,8,4353,4,-16,S,5c:62:8b:66:67:d2"
1791490864.680,"B,80476,10,b2:db:ca:e6:29:a6,112,4,0,0,-21,S,5c:62:8b:66:67:d2"
1791490864.680,"B,80476,10,5c:62:8b:66:67:d2,5009,6,6549,15,-51,A,5c:62:8b:66:67:d2"
1791490864.680,"B,80476,10,46:88:44:6e:4f:e4,6437,11,0,0,-24,S,5c:62:8b:66:67:d2"
1791490864.680,"B,80476,10,72:3b:01:24:b7:c8,0,0,5009,6,0,S,5c:62:8b:66:67:d2"
1791490864.680,"B,80576,10,b2:db:ca:e6:29:a6,56,2,0,0,-23,S,5c:62:8b:66:67:d2"
1791490864.880,"B,80576,10,5c:62:8b:66:67:d2,4022,5,5149,9,-53,A,5c:62:8b:66:67:d2"
1791490864.880,"B,80576,10,46:88:44:6e:4f:e4,5093,7,0,0,-24,S,5c:62:8b:66:67:d2"
1791490864.880,"B,80576,10,72:3b:01:24:b7:c8,0,0,4022,5,0,S,5c:62:8b:66:67:d2"
1791490864.880,"B,80676,10,b2:db:ca:e6:29:a6,56,2,0,0,-22,S,5c:62:8b:66:67:d2"
1791490864.880,"B,80676,10,5c:62:8b:66:67:d2,0,0,5933,19,-50,A,5c:62:8b:66:67:d2"
1791490864.880,"B,80676,10,46:88:44:6e:4f:e4,5653,9,0,0,-23,S,5c:62:8b:66:67:d2"
1791490864.880,"B,80676,10,72:3b:01:24:b7:c8,224,8,0,0,-16,S,5c:62:8b:66:67:d2"
1791490864.880,"B,80776,10,b2:db:ca:e6:29:a6,56,2,0,0,-22,S,5c:62:8b:66:67:d2"
1791490864.880,"B,80776,10,5c:62:8b:66:67:d2,4207,7,5447,10,-51,A,5c:62:8b:66:67:d2"
1791490864.880,"B,80776,10,46:88:44:6e:4f:e4,5391,8,0,0,-23,S,5c:62:8b:66:67:d2"
1791490865.081,"B,80776,10,72:3b:01:24:b7:c8,0,0,4207,7,0,S,5c:62:8b:66:67:d2"
1791490865.081,"B,80876,10,b2:db:ca:e6:29:a6,140,5,0,0,-22,S,5c:62:8b:66:67:d2"
1791490865.081,"B,80876,10,5c:62:8b:66:67:d2,700,2,1330,13,-51,A,5c:62:8b:66:67:d2"
1791490865.081,"B,80876,10,46:88:44:6e:4f:e4,1078,4,0,0,-22,S,5c:62:8b:66:67:d2"
1791490865.081,"B,80876,10,72:3b:01:24:b7:c8,112,4,700,2,-17,S,5c:62:8b:66:67:d2"
1791490865.081,"B,80976,10,b2:db:ca:e6:29:a6,56,2,0,0,-20,S,5c:62:8b:66:67:d2"
1791490865.281,"B,80976,10,5c:62:8b:66:67:d2,5037,6,6255,15,-51,A,5c:62:8b:66:67:d2"
1791490865.281,"B,80976,10,46:88:44:6e:4f:e4,6087,9,0,0,-25,S,5c:62:8b:66:67:d2"
1791490865.281,"B,80976,10,72:3b:01:24:b7:c8,112,4,5037,6,-18,S,5c:62:8b:66:67:d2"
1791490865.281,"B,81076,10,b2:db:ca:e6:29:a6,28,1,0,0,-21,S,5c:62:8b:66:67:d2"
1791490865.281,"B,81076,10,5c:62:8b:66:67:d2,6215,9,5571,9,-50,A,5c:62:8b:66:67:d2"
1791490865.281,"B,81076,10,46:88:44:6e:4f:e4,5543,8,0,0,-24,S,5c:62:8b:66:67:d2"
1791490865.281,"B,81076,10,72:3b:01:24:b7:c8,0,0,6215,9,0,S,5c:62:8b:66:67:d2"
1791490865.281,"B,81176,10,5c:62:8b:66:67:d2,4178,5,6789,16,-50,A,5c:62:8b:66:67:d2"
1791490865.481,"B,81176,10,46:88:44:6e:4f:e4,6649,11,0,0,-24,S,5c:62:8b:66:67:d2"
1791490865.481,"B,81176,10,72:3b:01:24:b7:c8,140,5,4178,5,-18,S,5c:62:8b:66:67:d2"
1791490865.481,"B,81276,10,b2:db:ca:e6:29:a6,28,1,0,0,-20,S,5c:62:8b:66:67:d2"
1791490865.481,"B,81276,10,5c:62:8b:66:67:d2,350,1,1246,10,-49,A,5c:62:8b:66:67:d2"
1791490865.481,"B,81276,10,46:88:44:6e:4f:e4,1078,4,0,0,-24,S,5c:62:8b:66:67:d2"
1791490865.481,"B,81276,10,72:3b:01:24:b7:c8,140,5,350,1,-18,S,5c:62:8b:66:67:d2"
1791490865.681,"B,81376,10,b2:db:ca:e6:29:a6,56,2,0,0,-21,S,5c:62:8b:66:67:d2"
1791490865.681,"B,81376,10,5c:62:8b:66:67:d2,8394,10,9284,12,-50,A,5c:62:8b:66:67:d2"
1791490865.681,"B,81376,10,46:88:44:6e:4f:e4,9228,10,0,0,-24,S,5c:62:8b:66:67:d2"
1791490865.681,"B,81376,10,72:3b:01:24:b7:c8,0,0,8394,10,0,S,5c:62:8b:66:67:d2"
1791490865.681,"B,81476,10,b2:db:ca:e6:29:a6,28,1,0,0,-23,S,5c:62:8b:66:67:d2"
1791490865.681,"B,81476,10,5c:62:8b:66:67:d2,700,2,1162,7,-50,A,5c:62:8b:66:67:d2"
1791490865.681,"B,81476,10,78:8c:b5:f5:e7:26,0,0,30,1,-79,A,78:8c:b5:f5:e7:26"
1791490865.681,"B,81476,10,46:88:44:6e:4f:e4,1050,3,0,0,-24,S,5c:62:8b:66:67:d2"
1791490865.681,"B,81476,10,72:3b:01:24:b7:c8,84,3,700,2,-18,S,5c:62:8b:66:67:d2"
1791490865.681,"B,81476,10,a6:4c:bd:b6:c7:99,30,1,0,0,-89,S,78:8c:b5:f5:e7:26"
1791490865.681,"B,81576,10,b2:db:ca:e6:29:a6,56,2,0,0,-20,S,5c:62:8b:66:67:d2"
1791490865.881,"B,81576,10,5c:62:8b:66:67:d2,5595,7,6197,17,-49,A,5c:62:8b:66:67:d2"
1791490865.881,"B,81576,10,46:88:44:6e:4f:e4,5973,9,0,0,-24,S,5c:62:8b:66:67:d2"
1791490865.881,"B,81576,10,72:3b:01:24:b7:c8,168,6,5595,7,-17,S,5c:62:8b:66:67:d2"
1791490865.881,"B,81676,10,b2:db:ca:e6:29:a6,56,2,0,0,-21,S,5c:62:8b:66:67:d2"
1791490865.881,"B,81676,10,5c:62:8b:66:67:d2,6215,9,4093,9,-50,A,5c:62:8b:66:67:d2"
1791490865.881,"B,81676,10,46:88:44:6e:4f:e4,4037,7,0,0,-24,S,5c:62:8b:66:67:d2"
1791490865.881,"B,81676,10,72:3b:01:24:b7:c8,0,0,6215,9,0,S,5c:62:8b:66:67:d2"
1791490865.881,"M,81695,end"
1791490865.881,"B,81776,10,b2:db:ca:e6:29:a6,56,2,0,0,-22,S,5c:62:8b:66:67:d2"
1791490866.081,"B,81776,10,5c:62:8b:66:67:d2,5853,8,5699,14,-50,A,5c:62:8b:66:67:d2"
1791490866.081,"B,81776,10,78:8c:b5:f5:e7:26,0,0,30,1,-78,A,78:8c:b5:f5:e7:26"
1791490866.081,"B,81776,10,46:88:44:6e:4f:e4,5531,8,0,0,-24,S,5c:62:8b:66:67:d2"
1791490866.081,"B,81776,10,72:3b:01:24:b7:c8,112,4,5853,8,-18,S,5c:62:8b:66:67:d2"
1791490866.081,"B,81776,10,a6:4c:bd:b6:c7:99,30,1,0,0,-89,S,78:8c:b5:f5:e7:26"
1791490866.081,"B,81876,10,b2:db:ca:e6:29:a6,56,2,0,0,-20,S,5c:62:8b:66:67:d2"
1791490866.081,"B,81876,10,5c:62:8b:66:67:d2,700,2,9231,17,-51,A,5c:62:8b:66:67:d2"
1791490866.081,"B,81876,10,46:88:44:6e:4f:e4,9063,11,0,0,-24,S,5c:62:8b:66:67:d2"
1791490866.081,"B,81876,10,72:3b:01:24:b7:c8,112,4,700,2,-17,S,5c:62:8b:66:67:d2"
1791490866.081,"B,81976,10,b2:db:ca:e6:29:a6,140,5,0,0,-20,S,5c:62:8b:66:67:d2"
1791490866.081,"B,81976,10,5c:62:8b:66:67:d2,13315,15,5611,13,-51,A,5c:62:8b:66:67:d2"
1791490866.282,"B,81976,10,46:88:44:6e:4f:e4,5471,8,0,0,-24,S,5c:62:8b:66:67:d2"
1791490866.282,"B,81976,10,72:3b:01:24:b7:c8,0,0,13315,15,0,S,5c:62:8b:66:67:d2"
1791490866.282,"B,82076,10,b2:db:ca:e6:29:a6,56,2,0,0,-21,S,5c:62:8b:66:67:d2"
1791490866.282,"B,82076,10,5c:62:8b:66:67:d2,1050,3,1806,7,-50,A,5c:62:8b:66:67:d2"
1791490866.282,"B,82076,10,46:88:44:6e:4f:e4,1750,5,0,0,-25,S,5c:62:8b:66:67:d2"
1791490866.282,"B,82076,10,72:3b:01:24:b7:c8,0,0,1050,3,0,S,5c:62:8b:66:67:d2"
1791490866.282,"B,82176,10,b2:db:ca:e6:29:a6,28,1,0,0,-21,S,5c:62:8b:66:67:d2"
1791490866.282,"B,82176,10,5c:62:8b:66:67:d2,4126,5,7656,14,-50,A,5c:62:8b:66:67:d2"
1791490866.282,"B,82176,10,46:88:44:6e:4f:e4,7516,9,0,0,-24,S,5c:62:8b:66:67:d2"
1791490866.282,"B,82176,10,72:3b:01:24:b7:c8,112,4,4126,5,-16,S,5c:62:8b:66:67:d2"
1791490866.482,"B,82276,10,b2:db:ca:e6:29:a6,56,2,0,0,-21,S,5c:62:8b:66:67:d2"
1791490866.482,"B,82276,10,5c:62:8b:66:67:d2,350,1,8397,14,-50,A,5c:62:8b:66:67:d2"
1791490866.482,"B,82276,10,46:88:44:6e:4f:e4,8341,12,0,0,-25,S,5c:62:8b:66:67:d2"
1791490866.482,"B,82276,10,72:3b:01:24:b7:c8,0,0,350,1,0,S,5c:62:8b:66:67:d2"
1791490866.482,"B,82376,10,b2:db:ca:e6:29:a6,28,1,0,0,-21,S,5c:62:8b:66:67:d2"
1791490866.482,"B,82376,10,5c:62:8b:66:67:d2,5761,8,9135,13,-51,A,5c:62:8b:66:67:d2"
1791490866.683,"B,82376,10,46:88:44:6e:4f:e4,9107,12,0,0,-26,S,5c:62:8b:66:67:d2"
1791490866.683,"B,82376,10,72:3b:01:24:b7:c8,0,0,5761,8,0,S,5c:62:8b:66:67:d2"
1791490866.683,"B,82476,10,b2:db:ca:e6:29:a6,56,2,0,0,-20,S,5c:62:8b:66:67:d2"
1791490866.683,"B,82476,10,5c:62:8b:66:67:d2,350,1,12275,19,-51,A,5c:62:8b:66:67:d2"
1791490866.683,"B,82476,10,78:8c:b5:f5:e7:26,0,0,30,1,-78,A,78:8c:b5:f5:e7:26"
1791490866.683,"B,82476,10,46:88:44:6e:4f:e4,12107,13,0,0,-26,S,5c:62:8b:66:67:d2"
1791490866.683,"B,82476,10,72:3b:01:24:b7:c8,112,4,350,1,-16,S,5c:62:8b:66:67:d2"
1791490866.683,"B,82476,10,a6:4c:bd:b6:c7:99,30,1,0,0,-90,S,78:8c:b5:f5:e7:26"
1791490866.683,"B,82576,10,b2:db:ca:e6:29:a6,56,2,0,0,-21,S,5c:62:8b:66:67:d2"
1791490866.683,"B,82576,10,5c:62:8b:66:67:d2,1743,3,10664,20,-51,A,5c:62:8b:66:67:d2"
1791490866.683,"B,82576,10,78:8c:b5:f5:e7:26,0,0,60,2,-80,A,78:8c:b5:f5:e7:26"
1791490866.683,"B,82576,10,46:88:44:6e:4f:e4,10468,13,0,0,-26,S,5c:62:8b:66:67:d2"
1791490866.683,"B,82576,10,72:3b:01:24:b7:c8,140,5,1743,3,-16,S,5c:62:8b:66:67:d2"
1791490866.683,"B,82576,10,a6:4c:bd:b6:c7:99,60,2,0,0,-91,S,78:8c:b5:f5:e7:26"
1791490866.883,"B,82676,10,b2:db:ca:e6:29:a6,56,2,0,0,-21,S,5c:62:8b:66:67:d2"
1791490866.883,"B,82676,10,5c:62:8b:66:67:d2,4380,6,1424,6,-51,A,5c:62:8b:66:67:d2"
1791490866.883,"B,82676,10,46:88:44:6e:4f:e4,1368,4,0,0,-25,S,5c:62:8b:66:67:d2"
1791490866.883,"B,82676,10,72:3b:01:24:b7:c8,0,0,4380,6,0,S,5c:62:8b:66:67:d2"
1791490866.883,"B,82776,10,b2:db:ca:e6:29:a6,56,2,0,0,-21,S,5c:62:8b:66:67:d2"
1791490866.883,"B,82776,10,5c:62:8b:66:67:d2,5033,6,5229,13,-51,A,5c:62:8b:66:67:d2"
1791490866.883,"B,82776,10,46:88:44:6e:4f:e4,5061,7,0,0,-25,S,5c:62:8b:66:67:d2"
1791490866.883,"B,82776,10,72:3b:01:24:b7:c8,112,4,5033,6,-16,S,5c:62:8b:66:67:d2"
