host_time_s,line
1791506948.153,"I,76,boot,spyscan-e2-sniffer,v0.1,transport=usb-serial-jtag"
1791506948.153,"A,121,1,44:df:65:f4:66:07,-83,logovo_SKUFov"
1791506948.153,"A,124,1,c2:a5:dd:1b:60:3b,-61,MERCURY_603B"
1791506948.354,"I,331,reset"
1791506948.354,"I,332,bin,100"
1791506948.354,"I,332,channel,10"
1791506948.354,"A,356,10,cc:d8:43:ca:9f:eb,-75,Xiaomi_DF62"
1791506948.354,"B,376,10,cc:b8:5e:ad:5c:4a,106,1,0,0,-49,S,5c:62:8b:66:67:d2,0,1,0,0"
1791506948.354,"B,376,10,5c:62:8b:66:67:d2,0,0,106,1,0,A,5c:62:8b:66:67:d2,0,0,0,0"
1791506948.354,"A,392,10,78:8c:b5:f5:e7:26,-81,ITMO"
1791506948.555,"A,436,10,5c:62:8b:66:67:d2,-48,TP-Link_67D2"
1791506948.555,"A,475,10,b0:a7:b9:23:82:ee,-91,________ __ ________"
1791506948.555,"B,476,10,cc:b8:5e:ad:5c:4a,1006,5,114,1,-48,S,5c:62:8b:66:67:d2,1,4,0,0"
1791506948.555,"B,476,10,5c:62:8b:66:67:d2,114,1,1006,5,-44,A,5c:62:8b:66:67:d2,0,1,0,0"
1791506948.555,"I,537,focus,cc:b8:5e:ad:5c:4a"
1791506948.555,"M,538,record_start"
1791506948.555,"P,540,1554"
1791506948.555,"P,540,1554"
1791506948.555,"P,540,1554"
1791506948.555,"P,540,1554"
1791506948.555,"P,563,1554"
1791506948.555,"P,563,1554"
1791506948.555,"P,564,591"
1791506948.555,"P,564,1554"
1791506948.555,"P,564,1554"
1791506948.555,"B,576,10,cc:b8:5e:ad:5c:4a,24122,19,1122,8,-48,S,5c:62:8b:66:67:d2,1,3,0,15"
1791506948.555,"B,576,10,5c:62:8b:66:67:d2,1122,8,24122,19,-44,A,5c:62:8b:66:67:d2,0,8,0,0"
1791506948.555,"P,597,373"
1791506948.555,"P,628,28"
1791506948.555,"P,629,329"
1791506948.555,"P,629,329"
1791506948.555,"P,635,106"
1791506948.758,"P,668,106"
1791506948.758,"B,676,10,cc:b8:5e:ad:5c:4a,1271,6,948,6,-48,S,5c:62:8b:66:67:d2,1,5,0,0"
1791506948.758,"B,676,10,5c:62:8b:66:67:d2,948,6,1299,7,-45,A,5c:62:8b:66:67:d2,0,6,0,0"
1791506948.758,"B,676,10,b2:db:ca:e6:29:a6,28,1,0,0,-51,S,5c:62:8b:66:67:d2,1,0,0,0"
1791506948.758,"A,727,10,80:af:ca:68:4c:f8,-90,Cudy-4CF8"
1791506948.758,"A,731,10,82:af:ca:28:4c:f8,-87,"
1791506948.758,"B,776,10,5c:62:8b:66:67:d2,0,0,28,1,-48,A,5c:62:8b:66:67:d2,0,0,0,0"
1791506948.758,"B,776,10,b2:db:ca:e6:29:a6,28,1,0,0,-50,S,5c:62:8b:66:67:d2,1,0,0,0"
1791506948.962,"P,867,28"
1791506948.962,"P,868,106"
1791506948.962,"P,868,106"
1791506948.962,"B,876,10,cc:b8:5e:ad:5c:4a,240,3,465,2,-48,S,5c:62:8b:66:67:d2,1,2,0,0"
1791506948.962,"B,876,10,5c:62:8b:66:67:d2,465,2,268,4,-45,A,5c:62:8b:66:67:d2,0,2,0,0"
1791506948.962,"B,876,10,b2:db:ca:e6:29:a6,28,1,0,0,-51,S,5c:62:8b:66:67:d2,1,0,0,0"
1791506948.962,"B,976,10,5c:62:8b:66:67:d2,0,0,56,2,-48,A,5c:62:8b:66:67:d2,0,0,0,0"
1791506948.962,"B,976,10,b2:db:ca:e6:29:a6,56,2,0,0,-50,S,5c:62:8b:66:67:d2,2,0,0,0"
1791506949.162,"P,1055,106"
1791506949.162,"P,1055,106"
1791506949.162,"B,1076,10,cc:b8:5e:ad:5c:4a,212,2,212,2,-49,S,5c:62:8b:66:67:d2,0,2,0,0"
1791506949.162,"B,1076,10,5c:62:8b:66:67:d2,212,2,268,4,-46,A,5c:62:8b:66:67:d2,0,2,0,0"
1791506949.162,"B,1076,10,b0:a7:b9:23:82:ee,0,0,30,1,-89,A,b0:a7:b9:23:82:ee,0,0,0,0"
1791506949.162,"B,1076,10,b2:db:ca:e6:29:a6,56,2,0,0,-49,S,5c:62:8b:66:67:d2,2,0,0,0"
1791506949.162,"B,1076,10,f2:51:4e:f8:1a:7f,30,1,0,0,-88,S,b0:a7:b9:23:82:ee,1,0,0,0"
1791506949.162,"B,1176,10,5c:62:8b:66:67:d2,0,0,28,1,-49,A,5c:62:8b:66:67:d2,0,0,0,0"
1791506949.162,"B,1176,10,b2:db:ca:e6:29:a6,28,1,0,0,-51,S,5c:62:8b:66:67:d2,1,0,0,0"
1791506949.365,"B,1276,10,5c:62:8b:66:67:d2,0,0,28,1,-47,A,5c:62:8b:66:67:d2,0,0,0,0"
1791506949.365,"B,1276,10,b2:db:ca:e6:29:a6,28,1,0,0,-49,S,5c:62:8b:66:67:d2,1,0,0,0"
1791506949.365,"B,1376,10,5c:62:8b:66:67:d2,0,0,28,1,-48,A,5c:62:8b:66:67:d2,0,0,0,0"
1791506949.365,"B,1376,10,b2:db:ca:e6:29:a6,28,1,0,0,-49,S,5c:62:8b:66:67:d2,1,0,0,0"
1791506949.570,"B,1476,10,5c:62:8b:66:67:d2,0,0,28,1,-49,A,5c:62:8b:66:67:d2,0,0,0,0"
1791506949.570,"B,1476,10,b2:db:ca:e6:29:a6,28,1,0,0,-49,S,5c:62:8b:66:67:d2,1,0,0,0"
1791506949.570,"B,1576,10,5c:62:8b:66:67:d2,0,0,56,2,-48,A,5c:62:8b:66:67:d2,0,0,0,0"
1791506949.570,"B,1576,10,b0:a7:b9:23:82:ee,0,0,60,2,0,A,b0:a7:b9:23:82:ee,0,0,0,0"
1791506949.570,"B,1576,10,b2:db:ca:e6:29:a6,56,2,0,0,-48,S,5c:62:8b:66:67:d2,2,0,0,0"
1791506949.570,"B,1576,10,f2:51:4e:f8:1a:7f,60,2,0,0,-87,S,b0:a7:b9:23:82:ee,2,0,0,0"
1791506949.570,"A,1605,10,8c:53:c3:52:ed:9f,-95,1210"
1791506949.775,"B,1676,10,5c:62:8b:66:67:d2,0,0,56,2,-48,A,5c:62:8b:66:67:d2,0,0,0,0"
1791506949.775,"B,1676,10,b2:db:ca:e6:29:a6,56,2,0,0,-46,S,5c:62:8b:66:67:d2,2,0,0,0"
1791506949.775,"B,1776,10,5c:62:8b:66:67:d2,0,0,56,2,-48,A,5c:62:8b:66:67:d2,0,0,0,0"
1791506949.775,"B,1776,10,b2:db:ca:e6:29:a6,56,2,0,0,-47,S,5c:62:8b:66:67:d2,2,0,0,0"
1791506949.980,"B,1876,10,5c:62:8b:66:67:d2,0,0,56,2,-49,A,5c:62:8b:66:67:d2,0,0,0,0"
1791506949.980,"B,1876,10,b2:db:ca:e6:29:a6,56,2,0,0,-49,S,5c:62:8b:66:67:d2,2,0,0,0"
1791506949.980,"B,1976,10,5c:62:8b:66:67:d2,0,0,84,3,-49,A,5c:62:8b:66:67:d2,0,0,0,0"
1791506949.980,"B,1976,10,b0:a7:b9:23:82:ee,0,0,30,1,0,A,b0:a7:b9:23:82:ee,0,0,0,0"
1791506949.980,"B,1976,10,b2:db:ca:e6:29:a6,84,3,0,0,-50,S,5c:62:8b:66:67:d2,3,0,0,0"
1791506949.980,"B,1976,10,f2:51:4e:f8:1a:7f,30,1,0,0,-84,S,b0:a7:b9:23:82:ee,1,0,0,0"
1791506950.185,"B,2076,10,5c:62:8b:66:67:d2,0,0,28,1,-49,A,5c:62:8b:66:67:d2,0,0,0,0"
1791506950.185,"B,2076,10,b2:db:ca:e6:29:a6,28,1,0,0,-49,S,5c:62:8b:66:67:d2,1,0,0,0"
1791506950.185,"B,2176,10,5c:62:8b:66:67:d2,0,0,56,2,-49,A,5c:62:8b:66:67:d2,0,0,0,0"
1791506950.185,"B,2176,10,b2:db:ca:e6:29:a6,56,2,0,0,-48,S,5c:62:8b:66:67:d2,2,0,0,0"
1791506950.388,"B,2276,10,5c:62:8b:66:67:d2,0,0,28,1,0,A,5c:62:8b:66:67:d2,0,0,0,0"
1791506950.388,"B,2276,10,b2:db:ca:e6:29:a6,28,1,0,0,-47,S,5c:62:8b:66:67:d2,1,0,0,0"
1791506950.388,"B,2376,10,5c:62:8b:66:67:d2,0,0,56,2,-49,A,5c:62:8b:66:67:d2,0,0,0,0"
1791506950.388,"B,2376,10,b2:db:ca:e6:29:a6,56,2,0,0,-48,S,5c:62:8b:66:67:d2,2,0,0,0"
1791506950.593,"B,2476,10,5c:62:8b:66:67:d2,0,0,28,1,-50,A,5c:62:8b:66:67:d2,0,0,0,0"
1791506950.593,"B,2476,10,b2:db:ca:e6:29:a6,28,1,0,0,-48,S,5c:62:8b:66:67:d2,1,0,0,0"
1791506950.593,"B,2576,10,5c:62:8b:66:67:d2,0,0,28,1,-47,A,5c:62:8b:66:67:d2,0,0,0,0"
1791506950.593,"B,2576,10,b2:db:ca:e6:29:a6,28,1,0,0,-48,S,5c:62:8b:66:67:d2,1,0,0,0"
1791506950.795,"B,2676,10,5c:62:8b:66:67:d2,0,0,56,2,-49,A,5c:62:8b:66:67:d2,0,0,0,0"
1791506950.795,"B,2676,10,b2:db:ca:e6:29:a6,56,2,0,0,-48,S,5c:62:8b:66:67:d2,2,0,0,0"
1791506950.795,"B,2776,10,5c:62:8b:66:67:d2,0,0,56,2,-50,A,5c:62:8b:66:67:d2,0,0,0,0"
1791506950.795,"B,2776,10,b2:db:ca:e6:29:a6,56,2,0,0,-47,S,5c:62:8b:66:67:d2,2,0,0,0"
1791506950.995,"B,2876,10,5c:62:8b:66:67:d2,0,0,168,6,-49,A,5c:62:8b:66:67:d2,0,0,0,0"
1791506950.995,"B,2876,10,b2:db:ca:e6:29:a6,84,3,0,0,-48,S,5c:62:8b:66:67:d2,3,0,0,0"
1791506950.995,"B,2876,10,72:3b:01:24:b7:c8,84,3,0,0,-37,S,5c:62:8b:66:67:d2,3,0,0,0"
1791506950.995,"B,2976,10,5c:62:8b:66:67:d2,0,0,168,6,-49,A,5c:62:8b:66:67:d2,0,0,0,0"
1791506950.995,"B,2976,10,b2:db:ca:e6:29:a6,56,2,0,0,-48,S,5c:62:8b:66:67:d2,2,0,0,0"
1791506950.995,"B,2976,10,72:3b:01:24:b7:c8,112,4,0,0,-39,S,5c:62:8b:66:67:d2,4,0,0,0"
1791506950.995,"A,3061,10,ba:97:a3:e0:bf:91,-89,"
1791506951.198,"B,3076,10,5c:62:8b:66:67:d2,0,0,84,3,-48,A,5c:62:8b:66:67:d2,0,0,0,0"
1791506951.198,"B,3076,10,b2:db:ca:e6:29:a6,28,1,0,0,-49,S,5c:62:8b:66:67:d2,1,0,0,0"
1791506951.198,"B,3076,10,72:3b:01:24:b7:c8,56,2,0,0,-40,S,5c:62:8b:66:67:d2,2,0,0,0"
1791506951.198,"B,3176,10,5c:62:8b:66:67:d2,0,0,196,7,-50,A,5c:62:8b:66:67:d2,0,0,0,0"
1791506951.198,"B,3176,10,b2:db:ca:e6:29:a6,56,2,0,0,-48,S,5c:62:8b:66:67:d2,2,0,0,0"
1791506951.198,"B,3176,10,72:3b:01:24:b7:c8,140,5,0,0,-44,S,5c:62:8b:66:67:d2,5,0,0,0"
1791506951.399,"B,3276,10,5c:62:8b:66:67:d2,0,0,56,2,-49,A,5c:62:8b:66:67:d2,0,0,0,0"
1791506951.399,"B,3276,10,b2:db:ca:e6:29:a6,56,2,0,0,-48,S,5c:62:8b:66:67:d2,2,0,0,0"
1791506951.399,"B,3376,10,5c:62:8b:66:67:d2,0,0,56,2,-49,A,5c:62:8b:66:67:d2,0,0,0,0"
1791506951.399,"B,3376,10,b2:db:ca:e6:29:a6,56,2,0,0,-49,S,5c:62:8b:66:67:d2,2,0,0,0"
1791506951.399,"B,3476,10,5c:62:8b:66:67:d2,0,0,56,2,-50,A,5c:62:8b:66:67:d2,0,0,0,0"
1791506951.399,"B,3476,10,b2:db:ca:e6:29:a6,56,2,0,0,-48,S,5c:62:8b:66:67:d2,2,0,0,0"
1791506951.599,"A,3562,10,b8:ec:a3:e0:bf:97,-90,KV 15"
1791506951.599,"B,3676,10,5c:62:8b:66:67:d2,0,0,56,2,-49,A,5c:62:8b:66:67:d2,0,0,0,0"
1791506951.599,"B,3676,10,b2:db:ca:e6:29:a6,56,2,0,0,-47,S,5c:62:8b:66:67:d2,2,0,0,0"
1791506951.800,"B,3776,10,5c:62:8b:66:67:d2,0,0,56,2,-50,A,5c:62:8b:66:67:d2,0,0,0,0"
1791506951.800,"B,3776,10,b2:db:ca:e6:29:a6,56,2,0,0,-47,S,5c:62:8b:66:67:d2,2,0,0,0"
1791506951.800,"B,3776,10,80:af:ca:68:4c:f8,82,1,0,0,-89,A,80:af:ca:68:4c:f8,1,0,0,0"
1791506951.800,"B,3776,10,52:4b:9a:a2:db:8e,0,0,82,1,0,S,80:af:ca:68:4c:f8,0,0,0,0"
1791506951.800,"B,3876,10,5c:62:8b:66:67:d2,0,0,84,3,-49,A,5c:62:8b:66:67:d2,0,0,0,0"
1791506951.800,"B,3876,10,b2:db:ca:e6:29:a6,84,3,0,0,-47,S,5c:62:8b:66:67:d2,3,0,0,0"
1791506952.001,"B,4076,10,5c:62:8b:66:67:d2,0,0,84,3,-51,A,5c:62:8b:66:67:d2,0,0,0,0"
1791506952.001,"B,4076,10,b2:db:ca:e6:29:a6,84,3,0,0,-46,S,5c:62:8b:66:67:d2,3,0,0,0"
1791506952.202,"B,4176,10,5c:62:8b:66:67:d2,0,0,56,2,-49,A,5c:62:8b:66:67:d2,0,0,0,0"
1791506952.202,"B,4176,10,b2:db:ca:e6:29:a6,56,2,0,0,-47,S,5c:62:8b:66:67:d2,2,0,0,0"
1791506952.202,"B,4276,10,5c:62:8b:66:67:d2,0,0,56,2,-48,A,5c:62:8b:66:67:d2,0,0,0,0"
1791506952.202,"B,4276,10,b2:db:ca:e6:29:a6,56,2,0,0,-46,S,5c:62:8b:66:67:d2,2,0,0,0"
1791506952.402,"B,4376,10,5c:62:8b:66:67:d2,0,0,56,2,-49,A,5c:62:8b:66:67:d2,0,0,0,0"
1791506952.402,"B,4376,10,b2:db:ca:e6:29:a6,56,2,0,0,-46,S,5c:62:8b:66:67:d2,2,0,0,0"
1791506952.402,"B,4476,10,5c:62:8b:66:67:d2,0,0,28,1,-49,A,5c:62:8b:66:67:d2,0,0,0,0"
1791506952.402,"B,4476,10,b0:a7:b9:23:82:ee,0,0,30,1,-92,A,b0:a7:b9:23:82:ee,0,0,0,0"
1791506952.402,"B,4476,10,b2:db:ca:e6:29:a6,28,1,0,0,-47,S,5c:62:8b:66:67:d2,1,0,0,0"
1791506952.402,"B,4476,10,f2:51:4e:f8:1a:7f,30,1,0,0,-87,S,b0:a7:b9:23:82:ee,1,0,0,0"
1791506952.604,"B,4576,10,5c:62:8b:66:67:d2,0,0,28,1,-50,A,5c:62:8b:66:67:d2,0,0,0,0"
1791506952.604,"B,4576,10,b2:db:ca:e6:29:a6,28,1,0,0,-47,S,5c:62:8b:66:67:d2,1,0,0,0"
1791506952.604,"B,4676,10,5c:62:8b:66:67:d2,0,0,56,2,-49,A,5c:62:8b:66:67:d2,0,0,0,0"
1791506952.604,"B,4676,10,b2:db:ca:e6:29:a6,56,2,0,0,-46,S,5c:62:8b:66:67:d2,2,0,0,0"
1791506952.805,"B,4776,10,5c:62:8b:66:67:d2,0,0,56,2,-48,A,5c:62:8b:66:67:d2,0,0,0,0"
1791506952.805,"B,4776,10,b2:db:ca:e6:29:a6,56,2,0,0,-47,S,5c:62:8b:66:67:d2,2,0,0,0"
1791506952.805,"B,4876,10,5c:62:8b:66:67:d2,0,0,56,2,-49,A,5c:62:8b:66:67:d2,0,0,0,0"
1791506952.805,"B,4876,10,b2:db:ca:e6:29:a6,56,2,0,0,-47,S,5c:62:8b:66:67:d2,2,0,0,0"
1791506953.005,"B,4976,10,5c:62:8b:66:67:d2,0,0,28,1,-50,A,5c:62:8b:66:67:d2,0,0,0,0"
1791506953.005,"B,4976,10,b0:a7:b9:23:82:ee,0,0,56,2,-91,A,b0:a7:b9:23:82:ee,0,0,0,0"
1791506953.005,"B,4976,10,b2:db:ca:e6:29:a6,28,1,0,0,-49,S,5c:62:8b:66:67:d2,1,0,0,0"
1791506953.005,"B,4976,10,e2:5e:2c:92:7b:df,56,2,0,0,-86,S,b0:a7:b9:23:82:ee,2,0,0,0"
1791506953.005,"B,5076,10,5c:62:8b:66:67:d2,131,1,486,6,-47,A,5c:62:8b:66:67:d2,0,1,0,0"
1791506953.005,"B,5076,10,b2:db:ca:e6:29:a6,28,1,0,0,-51,S,5c:62:8b:66:67:d2,1,0,0,0"
1791506953.005,"B,5076,10,46:88:44:6e:4f:e4,458,5,131,1,-34,S,5c:62:8b:66:67:d2,2,3,0,0"
1791506953.005,"I,5080,stat,rx=347,drops=0,ch=10,bin=100,hop=0,heap=202024"
1791506953.208,"B,5176,10,5c:62:8b:66:67:d2,0,0,56,2,-50,A,5c:62:8b:66:67:d2,0,0,0,0"
1791506953.208,"B,5176,10,b2:db:ca:e6:29:a6,56,2,0,0,-51,S,5c:62:8b:66:67:d2,2,0,0,0"
1791506953.208,"B,5276,10,5c:62:8b:66:67:d2,0,0,84,3,-49,A,5c:62:8b:66:67:d2,0,0,0,0"
1791506953.208,"B,5276,10,b2:db:ca:e6:29:a6,84,3,0,0,-50,S,5c:62:8b:66:67:d2,3,0,0,0"
1791506953.408,"B,5376,10,5c:62:8b:66:67:d2,0,0,56,2,-51,A,5c:62:8b:66:67:d2,0,0,0,0"
1791506953.408,"B,5376,10,b2:db:ca:e6:29:a6,56,2,0,0,-51,S,5c:62:8b:66:67:d2,2,0,0,0"
1791506953.408,"B,5476,10,5c:62:8b:66:67:d2,0,0,28,1,-49,A,5c:62:8b:66:67:d2,0,0,0,0"
1791506953.408,"B,5476,10,b2:db:ca:e6:29:a6,28,1,0,0,-51,S,5c:62:8b:66:67:d2,1,0,0,0"
1791506953.611,"B,5576,10,5c:62:8b:66:67:d2,0,0,56,2,-49,A,5c:62:8b:66:67:d2,0,0,0,0"
1791506953.611,"B,5576,10,b2:db:ca:e6:29:a6,56,2,0,0,-52,S,5c:62:8b:66:67:d2,2,0,0,0"
1791506953.611,"B,5676,10,5c:62:8b:66:67:d2,0,0,28,1,-48,A,5c:62:8b:66:67:d2,0,0,0,0"
1791506953.611,"B,5676,10,b2:db:ca:e6:29:a6,28,1,0,0,-52,S,5c:62:8b:66:67:d2,1,0,0,0"
1791506953.813,"B,5876,10,5c:62:8b:66:67:d2,0,0,56,2,-49,A,5c:62:8b:66:67:d2,0,0,0,0"
1791506953.813,"B,5876,10,b2:db:ca:e6:29:a6,56,2,0,0,-52,S,5c:62:8b:66:67:d2,2,0,0,0"
1791506954.016,"P,5949,28"
1791506954.016,"P,5949,28"
1791506954.016,"P,5950,28"
1791506954.016,"P,5951,28"
1791506954.016,"P,5952,28"
1791506954.016,"P,5952,138"
1791506954.016,"P,5952,138"
1791506954.016,"P,5953,138"
1791506954.016,"P,5954,138"
1791506954.016,"P,5956,138"
1791506954.016,"B,5976,10,cc:b8:5e:ad:5c:4a,830,10,0,0,-46,S,5c:62:8b:66:67:d2,5,5,0,0"
1791506954.016,"B,5976,10,5c:62:8b:66:67:d2,0,0,886,12,-50,A,5c:62:8b:66:67:d2,0,0,0,0"
1791506954.016,"B,5976,10,b2:db:ca:e6:29:a6,56,2,0,0,-52,S,5c:62:8b:66:67:d2,2,0,0,0"
1791506954.016,"A,6041,10,02:eb:d8:11:99:9d,-64,"
1791506954.016,"B,6076,10,cc:b8:5e:ad:5c:4a,0,0,452,4,0,S,5c:62:8b:66:67:d2,0,0,0,0"
1791506954.016,"B,6076,10,5c:62:8b:66:67:d2,452,4,28,1,-45,A,5c:62:8b:66:67:d2,0,4,0,0"
1791506954.016,"B,6076,10,b2:db:ca:e6:29:a6,28,1,0,0,-51,S,5c:62:8b:66:67:d2,1,0,0,0"
1791506954.217,"B,6176,10,5c:62:8b:66:67:d2,0,0,56,2,-50,A,5c:62:8b:66:67:d2,0,0,0,0"
1791506954.217,"B,6176,10,b0:a7:b9:23:82:ee,0,0,60,2,-91,A,b0:a7:b9:23:82:ee,0,0,0,0"
1791506954.217,"B,6176,10,b2:db:ca:e6:29:a6,56,2,0,0,-52,S,5c:62:8b:66:67:d2,2,0,0,0"
1791506954.217,"B,6176,10,f2:51:4e:f8:1a:7f,60,2,0,0,-86,S,b0:a7:b9:23:82:ee,2,0,0,0"
1791506954.217,"A,6244,10,00:eb:d8:11:99:9d,-62,"
1791506954.217,"B,6276,10,5c:62:8b:66:67:d2,0,0,28,1,-50,A,5c:62:8b:66:67:d2,0,0,0,0"
1791506954.217,"B,6276,10,b2:db:ca:e6:29:a6,28,1,0,0,-52,S,5c:62:8b:66:67:d2,1,0,0,0"
1791506954.422,"B,6376,10,5c:62:8b:66:67:d2,0,0,56,2,-51,A,5c:62:8b:66:67:d2,0,0,0,0"
1791506954.422,"B,6376,10,b2:db:ca:e6:29:a6,56,2,0,0,-53,S,5c:62:8b:66:67:d2,2,0,0,0"
1791506954.422,"B,6476,10,5c:62:8b:66:67:d2,0,0,56,2,0,A,5c:62:8b:66:67:d2,0,0,0,0"
1791506954.422,"B,6476,10,b2:db:ca:e6:29:a6,56,2,0,0,-52,S,5c:62:8b:66:67:d2,2,0,0,0"
1791506954.627,"B,6576,10,5c:62:8b:66:67:d2,0,0,28,1,-49,A,5c:62:8b:66:67:d2,0,0,0,0"
1791506954.627,"B,6576,10,b2:db:ca:e6:29:a6,28,1,0,0,-52,S,5c:62:8b:66:67:d2,1,0,0,0"
1791506954.627,"B,6676,10,5c:62:8b:66:67:d2,0,0,56,2,-48,A,5c:62:8b:66:67:d2,0,0,0,0"
1791506954.627,"B,6676,10,b2:db:ca:e6:29:a6,56,2,0,0,-52,S,5c:62:8b:66:67:d2,2,0,0,0"
1791506954.827,"B,6776,10,5c:62:8b:66:67:d2,0,0,56,2,-49,A,5c:62:8b:66:67:d2,0,0,0,0"
1791506954.827,"B,6776,10,b2:db:ca:e6:29:a6,56,2,0,0,-53,S,5c:62:8b:66:67:d2,2,0,0,0"
1791506954.827,"B,6876,10,5c:62:8b:66:67:d2,0,0,28,1,-49,A,5c:62:8b:66:67:d2,0,0,0,0"
1791506954.827,"B,6876,10,b2:db:ca:e6:29:a6,28,1,0,0,-53,S,5c:62:8b:66:67:d2,1,0,0,0"
1791506955.238,"B,7276,10,5c:62:8b:66:67:d2,82,1,28,1,-48,A,5c:62:8b:66:67:d2,1,0,0,0"
1791506955.238,"B,7276,10,72:3b:01:24:b7:c8,28,1,82,1,-39,S,5c:62:8b:66:67:d2,1,0,0,0"
1791506955.442,"B,7376,10,5c:62:8b:66:67:d2,0,0,28,1,-48,A,5c:62:8b:66:67:d2,0,0,0,0"
1791506955.442,"B,7376,10,72:3b:01:24:b7:c8,28,1,0,0,-36,S,5c:62:8b:66:67:d2,1,0,0,0"
1791506955.850,"B,7876,10,5c:62:8b:66:67:d2,0,0,28,1,-48,A,5c:62:8b:66:67:d2,0,0,0,0"
1791506955.850,"B,7876,10,b2:db:ca:e6:29:a6,28,1,0,0,-53,S,5c:62:8b:66:67:d2,1,0,0,0"
1791506956.055,"B,7976,10,64:d1:54:63:44:f4,148,1,0,0,-88,A,64:d1:54:63:44:f4,0,1,0,0"
1791506956.055,"B,8076,10,5c:62:8b:66:67:d2,0,0,112,4,-50,A,5c:62:8b:66:67:d2,0,0,0,0"
1791506956.055,"B,8076,10,b2:db:ca:e6:29:a6,112,4,0,0,-52,S,5c:62:8b:66:67:d2,4,0,0,0"
1791506956.258,"B,8176,10,5c:62:8b:66:67:d2,0,0,56,2,-49,A,5c:62:8b:66:67:d2,0,0,0,0"
1791506956.258,"B,8176,10,b2:db:ca:e6:29:a6,56,2,0,0,-51,S,5c:62:8b:66:67:d2,2,0,0,0"
1791506956.464,"B,8376,10,5c:62:8b:66:67:d2,0,0,56,2,-50,A,5c:62:8b:66:67:d2,0,0,0,0"
1791506956.464,"B,8376,10,b2:db:ca:e6:29:a6,56,2,0,0,-52,S,5c:62:8b:66:67:d2,2,0,0,0"
1791506956.464,"B,8476,10,5c:62:8b:66:67:d2,0,0,56,2,-49,A,5c:62:8b:66:67:d2,0,0,0,0"
1791506956.464,"B,8476,10,b2:db:ca:e6:29:a6,56,2,0,0,-51,S,5c:62:8b:66:67:d2,2,0,0,0"
1791506956.666,"B,8576,10,5c:62:8b:66:67:d2,0,0,56,2,-51,A,5c:62:8b:66:67:d2,0,0,0,0"
1791506956.666,"B,8576,10,b0:a7:b9:23:82:ee,0,0,30,1,-91,A,b0:a7:b9:23:82:ee,0,0,0,0"
1791506956.666,"B,8576,10,b2:db:ca:e6:29:a6,56,2,0,0,-51,S,5c:62:8b:66:67:d2,2,0,0,0"
1791506956.666,"B,8576,10,f2:51:4e:f8:1a:7f,30,1,0,0,-86,S,b0:a7:b9:23:82:ee,1,0,0,0"
1791506956.666,"B,8676,10,5c:62:8b:66:67:d2,0,0,28,1,-50,A,5c:62:8b:66:67:d2,0,0,0,0"
1791506956.666,"B,8676,10,b2:db:ca:e6:29:a6,28,1,0,0,-51,S,5c:62:8b:66:67:d2,1,0,0,0"
1791506956.871,"B,8776,10,5c:62:8b:66:67:d2,0,0,84,3,-50,A,5c:62:8b:66:67:d2,0,0,0,0"
1791506956.871,"B,8776,10,b2:db:ca:e6:29:a6,84,3,0,0,-51,S,5c:62:8b:66:67:d2,3,0,0,0"
1791506956.871,"B,8876,10,5c:62:8b:66:67:d2,0,0,56,2,-49,A,5c:62:8b:66:67:d2,0,0,0,0"
1791506956.871,"B,8876,10,b2:db:ca:e6:29:a6,56,2,0,0,-51,S,5c:62:8b:66:67:d2,2,0,0,0"
1791506957.076,"B,8976,10,5c:62:8b:66:67:d2,0,0,56,2,-50,A,5c:62:8b:66:67:d2,0,0,0,0"
1791506957.076,"B,8976,10,b2:db:ca:e6:29:a6,56,2,0,0,-51,S,5c:62:8b:66:67:d2,2,0,0,0"
1791506957.076,"B,9076,10,5c:62:8b:66:67:d2,0,0,28,1,-51,A,5c:62:8b:66:67:d2,0,0,0,0"
1791506957.076,"B,9076,10,b2:db:ca:e6:29:a6,28,1,0,0,-50,S,5c:62:8b:66:67:d2,1,0,0,0"
1791506957.280,"B,9176,10,5c:62:8b:66:67:d2,0,0,56,2,-49,A,5c:62:8b:66:67:d2,0,0,0,0"
1791506957.280,"B,9176,10,b2:db:ca:e6:29:a6,56,2,0,0,-50,S,5c:62:8b:66:67:d2,2,0,0,0"
1791506957.280,"B,9276,10,5c:62:8b:66:67:d2,0,0,28,1,-50,A,5c:62:8b:66:67:d2,0,0,0,0"
1791506957.280,"B,9276,10,b0:a7:b9:23:82:ee,0,0,30,1,-93,A,b0:a7:b9:23:82:ee,0,0,0,0"
1791506957.280,"B,9276,10,b2:db:ca:e6:29:a6,28,1,0,0,-51,S,5c:62:8b:66:67:d2,1,0,0,0"
1791506957.280,"B,9276,10,f2:51:4e:f8:1a:7f,30,1,0,0,-87,S,b0:a7:b9:23:82:ee,1,0,0,0"
1791506957.485,"B,9376,10,5c:62:8b:66:67:d2,0,0,56,2,-50,A,5c:62:8b:66:67:d2,0,0,0,0"
1791506957.485,"B,9376,10,b2:db:ca:e6:29:a6,56,2,0,0,-50,S,5c:62:8b:66:67:d2,2,0,0,0"
1791506957.485,"B,9476,10,5c:62:8b:66:67:d2,0,0,56,2,-48,A,5c:62:8b:66:67:d2,0,0,0,0"
1791506957.485,"B,9476,10,b2:db:ca:e6:29:a6,56,2,0,0,-51,S,5c:62:8b:66:67:d2,2,0,0,0"
1791506957.690,"B,9576,10,5c:62:8b:66:67:d2,0,0,56,2,-48,A,5c:62:8b:66:67:d2,0,0,0,0"
1791506957.690,"B,9576,10,b2:db:ca:e6:29:a6,56,2,0,0,-50,S,5c:62:8b:66:67:d2,2,0,0,0"
1791506957.690,"B,9676,10,5c:62:8b:66:67:d2,0,0,28,1,-50,A,5c:62:8b:66:67:d2,0,0,0,0"
1791506957.690,"B,9676,10,78:8c:b5:f5:e7:26,0,0,28,1,-83,A,78:8c:b5:f5:e7:26,0,0,0,0"
1791506957.690,"B,9676,10,b2:db:ca:e6:29:a6,28,1,0,0,-51,S,5c:62:8b:66:67:d2,1,0,0,0"
1791506957.690,"B,9676,10,00:08:22:24:d6:fb,28,1,0,0,-76,S,78:8c:b5:f5:e7:26,1,0,0,0"
1791506957.895,"B,9776,10,5c:62:8b:66:67:d2,0,0,84,3,-50,A,5c:62:8b:66:67:d2,0,0,0,0"
1791506957.895,"B,9776,10,b2:db:ca:e6:29:a6,84,3,0,0,-50,S,5c:62:8b:66:67:d2,3,0,0,0"
1791506957.895,"B,9876,10,5c:62:8b:66:67:d2,0,0,56,2,-51,A,5c:62:8b:66:67:d2,0,0,0,0"
1791506957.895,"B,9876,10,b2:db:ca:e6:29:a6,56,2,0,0,-51,S,5c:62:8b:66:67:d2,2,0,0,0"
1791506958.097,"B,9976,10,5c:62:8b:66:67:d2,0,0,28,1,-49,A,5c:62:8b:66:67:d2,0,0,0,0"
1791506958.097,"B,9976,10,b2:db:ca:e6:29:a6,28,1,0,0,-51,S,5c:62:8b:66:67:d2,1,0,0,0"
1791506958.097,"B,10076,10,5c:62:8b:66:67:d2,82,1,138,3,-49,A,5c:62:8b:66:67:d2,1,0,0,0"
1791506958.097,"B,10076,10,b2:db:ca:e6:29:a6,56,2,0,0,-50,S,5c:62:8b:66:67:d2,2,0,0,0"
1791506958.097,"B,10076,10,46:88:44:6e:4f:e4,82,1,82,1,-37,S,5c:62:8b:66:67:d2,1,0,0,0"
1791506958.097,"I,10085,stat,rx=670,drops=0,ch=10,bin=100,hop=0,heap=202024"
1791506958.297,"B,10176,10,5c:62:8b:66:67:d2,0,0,56,2,-49,A,5c:62:8b:66:67:d2,0,0,0,0"
1791506958.297,"B,10176,10,b2:db:ca:e6:29:a6,56,2,0,0,-50,S,5c:62:8b:66:67:d2,2,0,0,0"
1791506958.297,"B,10276,10,5c:62:8b:66:67:d2,0,0,28,1,-48,A,5c:62:8b:66:67:d2,0,0,0,0"
1791506958.297,"B,10276,10,b2:db:ca:e6:29:a6,28,1,0,0,-50,S,5c:62:8b:66:67:d2,1,0,0,0"
1791506958.497,"B,10376,10,5c:62:8b:66:67:d2,0,0,56,2,-50,A,5c:62:8b:66:67:d2,0,0,0,0"
1791506958.497,"B,10376,10,b2:db:ca:e6:29:a6,56,2,0,0,-50,S,5c:62:8b:66:67:d2,2,0,0,0"
1791506958.497,"B,10476,10,5c:62:8b:66:67:d2,0,0,28,1,-49,A,5c:62:8b:66:67:d2,0,0,0,0"
1791506958.497,"B,10476,10,b2:db:ca:e6:29:a6,28,1,0,0,-51,S,5c:62:8b:66:67:d2,1,0,0,0"
1791506958.497,"B,10576,10,5c:62:8b:66:67:d2,100,1,178,4,-46,A,5c:62:8b:66:67:d2,0,1,0,0"
1791506958.497,"B,10576,10,78:8c:b5:f5:e7:26,0,0,30,1,-82,A,78:8c:b5:f5:e7:26,0,0,0,0"
1791506958.698,"B,10576,10,b2:db:ca:e6:29:a6,56,2,0,0,-50,S,5c:62:8b:66:67:d2,2,0,0,0"
1791506958.698,"B,10576,10,46:88:44:6e:4f:e4,122,2,100,1,-37,S,5c:62:8b:66:67:d2,2,0,0,0"
1791506958.698,"B,10576,10,a6:4c:bd:b6:c7:99,30,1,0,0,-86,S,78:8c:b5:f5:e7:26,1,0,0,0"
1791506958.698,"B,10676,10,5c:62:8b:66:67:d2,0,0,56,2,-50,A,5c:62:8b:66:67:d2,0,0,0,0"
1791506958.698,"B,10676,10,b2:db:ca:e6:29:a6,56,2,0,0,-50,S,5c:62:8b:66:67:d2,2,0,0,0"
1791506958.698,"B,10776,10,5c:62:8b:66:67:d2,0,0,56,2,0,A,5c:62:8b:66:67:d2,0,0,0,0"
1791506958.698,"B,10776,10,b2:db:ca:e6:29:a6,56,2,0,0,-51,S,5c:62:8b:66:67:d2,2,0,0,0"
1791506958.899,"B,10876,10,5c:62:8b:66:67:d2,0,0,56,2,-49,A,5c:62:8b:66:67:d2,0,0,0,0"
1791506958.899,"B,10876,10,b2:db:ca:e6:29:a6,56,2,0,0,-51,S,5c:62:8b:66:67:d2,2,0,0,0"
1791506958.899,"B,10976,10,5c:62:8b:66:67:d2,0,0,56,2,-49,A,5c:62:8b:66:67:d2,0,0,0,0"
1791506958.899,"B,10976,10,78:8c:b5:f5:e7:26,0,0,30,1,-82,A,78:8c:b5:f5:e7:26,0,0,0,0"
1791506958.899,"B,10976,10,b2:db:ca:e6:29:a6,56,2,0,0,-49,S,5c:62:8b:66:67:d2,2,0,0,0"
1791506958.899,"B,10976,10,a6:4c:bd:b6:c7:99,30,1,0,0,-84,S,78:8c:b5:f5:e7:26,1,0,0,0"
1791506959.099,"B,11076,10,5c:62:8b:66:67:d2,0,0,28,1,-50,A,5c:62:8b:66:67:d2,0,0,0,0"
1791506959.099,"B,11076,10,b2:db:ca:e6:29:a6,28,1,0,0,-50,S,5c:62:8b:66:67:d2,1,0,0,0"
1791506959.099,"B,11176,10,5c:62:8b:66:67:d2,0,0,56,2,-50,A,5c:62:8b:66:67:d2,0,0,0,0"
1791506959.299,"B,11176,10,78:8c:b5:f5:e7:26,0,0,30,1,-83,A,78:8c:b5:f5:e7:26,0,0,0,0"
1791506959.299,"B,11176,10,b2:db:ca:e6:29:a6,56,2,0,0,-50,S,5c:62:8b:66:67:d2,2,0,0,0"
1791506959.299,"B,11176,10,a6:4c:bd:b6:c7:99,30,1,0,0,-84,S,78:8c:b5:f5:e7:26,1,0,0,0"
1791506959.299,"B,11276,10,5c:62:8b:66:67:d2,0,0,28,1,-51,A,5c:62:8b:66:67:d2,0,0,0,0"
1791506959.299,"B,11276,10,78:8c:b5:f5:e7:26,0,0,60,2,0,A,78:8c:b5:f5:e7:26,0,0,0,0"
1791506959.299,"B,11276,10,b2:db:ca:e6:29:a6,28,1,0,0,-50,S,5c:62:8b:66:67:d2,1,0,0,0"
1791506959.299,"B,11276,10,a6:4c:bd:b6:c7:99,60,2,0,0,-88,S,78:8c:b5:f5:e7:26,2,0,0,0"
1791506959.299,"B,11376,10,5c:62:8b:66:67:d2,0,0,84,3,-49,A,5c:62:8b:66:67:d2,0,0,0,0"
1791506959.299,"B,11376,10,78:8c:b5:f5:e7:26,0,0,30,1,0,A,78:8c:b5:f5:e7:26,0,0,0,0"
1791506959.299,"B,11376,10,b2:db:ca:e6:29:a6,84,3,0,0,-50,S,5c:62:8b:66:67:d2,3,0,0,0"
1791506959.299,"B,11376,10,a6:4c:bd:b6:c7:99,30,1,0,0,-86,S,78:8c:b5:f5:e7:26,1,0,0,0"
1791506959.500,"B,11576,10,5c:62:8b:66:67:d2,0,0,56,2,-50,A,5c:62:8b:66:67:d2,0,0,0,0"
1791506959.500,"B,11576,10,b0:a7:b9:23:82:ee,0,0,60,2,-92,A,b0:a7:b9:23:82:ee,0,0,0,0"
1791506959.500,"B,11576,10,b2:db:ca:e6:29:a6,56,2,0,0,-49,S,5c:62:8b:66:67:d2,2,0,0,0"
1791506959.500,"B,11576,10,f2:51:4e:f8:1a:7f,60,2,0,0,-88,S,b0:a7:b9:23:82:ee,2,0,0,0"
1791506959.702,"B,11676,10,5c:62:8b:66:67:d2,0,0,56,2,-50,A,5c:62:8b:66:67:d2,0,0,0,0"
1791506959.702,"B,11676,10,b2:db:ca:e6:29:a6,56,2,0,0,-50,S,5c:62:8b:66:67:d2,2,0,0,0"
1791506959.702,"B,11776,10,5c:62:8b:66:67:d2,0,0,56,2,-49,A,5c:62:8b:66:67:d2,0,0,0,0"
1791506959.702,"B,11776,10,b2:db:ca:e6:29:a6,56,2,0,0,-49,S,5c:62:8b:66:67:d2,2,0,0,0"
1791506959.903,"B,11876,10,5c:62:8b:66:67:d2,0,0,84,3,-50,A,5c:62:8b:66:67:d2,0,0,0,0"
1791506959.903,"B,11876,10,b0:a7:b9:23:82:ee,0,0,60,2,0,A,b0:a7:b9:23:82:ee,0,0,0,0"
1791506959.903,"B,11876,10,b2:db:ca:e6:29:a6,84,3,0,0,-49,S,5c:62:8b:66:67:d2,3,0,0,0"
1791506959.903,"B,11876,10,f2:51:4e:f8:1a:7f,60,2,0,0,-87,S,b0:a7:b9:23:82:ee,2,0,0,0"
1791506959.903,"B,11976,10,5c:62:8b:66:67:d2,0,0,56,2,-51,A,5c:62:8b:66:67:d2,0,0,0,0"
1791506959.903,"B,11976,10,b2:db:ca:e6:29:a6,56,2,0,0,-50,S,5c:62:8b:66:67:d2,2,0,0,0"
1791506960.104,"B,12076,10,5c:62:8b:66:67:d2,0,0,56,2,-50,A,5c:62:8b:66:67:d2,0,0,0,0"
1791506960.104,"B,12076,10,b2:db:ca:e6:29:a6,56,2,0,0,-49,S,5c:62:8b:66:67:d2,2,0,0,0"
1791506960.104,"B,12176,10,5c:62:8b:66:67:d2,0,0,56,2,-49,A,5c:62:8b:66:67:d2,0,0,0,0"
1791506960.104,"B,12176,10,b2:db:ca:e6:29:a6,56,2,0,0,-49,S,5c:62:8b:66:67:d2,2,0,0,0"
1791506960.306,"B,12276,10,5c:62:8b:66:67:d2,0,0,56,2,-51,A,5c:62:8b:66:67:d2,0,0,0,0"
1791506960.306,"B,12276,10,78:8c:b5:f5:e7:26,0,0,60,2,-84,A,78:8c:b5:f5:e7:26,0,0,0,0"
1791506960.306,"B,12276,10,b2:db:ca:e6:29:a6,56,2,0,0,-49,S,5c:62:8b:66:67:d2,2,0,0,0"
1791506960.306,"B,12276,10,a6:4c:bd:b6:c7:99,60,2,0,0,-85,S,78:8c:b5:f5:e7:26,2,0,0,0"
1791506960.306,"B,12376,10,5c:62:8b:66:67:d2,0,0,56,2,-48,A,5c:62:8b:66:67:d2,0,0,0,0"
1791506960.306,"B,12376,10,b2:db:ca:e6:29:a6,56,2,0,0,-49,S,5c:62:8b:66:67:d2,2,0,0,0"
1791506960.508,"B,12476,10,cc:d8:43:ca:9f:eb,162,1,0,0,-75,A,cc:d8:43:ca:9f:eb,0,1,0,0"
1791506960.508,"B,12576,10,5c:62:8b:66:67:d2,0,0,56,2,-49,A,5c:62:8b:66:67:d2,0,0,0,0"
1791506960.508,"B,12576,10,78:8c:b5:f5:e7:26,0,0,30,1,0,A,78:8c:b5:f5:e7:26,0,0,0,0"
1791506960.508,"B,12576,10,b2:db:ca:e6:29:a6,56,2,0,0,-49,S,5c:62:8b:66:67:d2,2,0,0,0"
1791506960.508,"B,12576,10,a6:4c:bd:b6:c7:99,30,1,0,0,-88,S,78:8c:b5:f5:e7:26,1,0,0,0"
1791506960.708,"B,12676,10,5c:62:8b:66:67:d2,0,0,56,2,-51,A,5c:62:8b:66:67:d2,0,0,0,0"
1791506960.708,"B,12676,10,b2:db:ca:e6:29:a6,56,2,0,0,-49,S,5c:62:8b:66:67:d2,2,0,0,0"
1791506960.708,"B,12776,10,5c:62:8b:66:67:d2,0,0,56,2,-51,A,5c:62:8b:66:67:d2,0,0,0,0"
1791506960.708,"B,12776,10,b2:db:ca:e6:29:a6,56,2,0,0,-49,S,5c:62:8b:66:67:d2,2,0,0,0"
1791506960.909,"B,12876,10,5c:62:8b:66:67:d2,0,0,84,3,-49,A,5c:62:8b:66:67:d2,0,0,0,0"
1791506960.909,"B,12876,10,b2:db:ca:e6:29:a6,84,3,0,0,-49,S,5c:62:8b:66:67:d2,3,0,0,0"
1791506960.909,"B,12976,10,5c:62:8b:66:67:d2,0,0,56,2,-50,A,5c:62:8b:66:67:d2,0,0,0,0"
1791506960.909,"B,12976,10,b0:a7:b9:23:82:ee,0,0,30,1,-91,A,b0:a7:b9:23:82:ee,0,0,0,0"
1791506960.909,"B,12976,10,b2:db:ca:e6:29:a6,56,2,0,0,-49,S,5c:62:8b:66:67:d2,2,0,0,0"
1791506960.909,"B,12976,10,f2:51:4e:f8:1a:7f,30,1,0,0,-89,S,b0:a7:b9:23:82:ee,1,0,0,0"
1791506961.112,"B,13076,10,5c:62:8b:66:67:d2,0,0,56,2,-49,A,5c:62:8b:66:67:d2,0,0,0,0"
1791506961.112,"B,13076,10,b2:db:ca:e6:29:a6,56,2,0,0,-49,S,5c:62:8b:66:67:d2,2,0,0,0"
1791506961.112,"B,13176,10,5c:62:8b:66:67:d2,0,0,56,2,-51,A,5c:62:8b:66:67:d2,0,0,0,0"
1791506961.112,"B,13176,10,78:8c:b5:f5:e7:26,0,0,30,1,-84,A,78:8c:b5:f5:e7:26,0,0,0,0"
1791506961.112,"B,13176,10,b2:db:ca:e6:29:a6,56,2,0,0,-50,S,5c:62:8b:66:67:d2,2,0,0,0"
1791506961.112,"B,13176,10,a6:4c:bd:b6:c7:99,30,1,0,0,-88,S,78:8c:b5:f5:e7:26,1,0,0,0"
1791506961.313,"B,13276,10,5c:62:8b:66:67:d2,0,0,56,2,-51,A,5c:62:8b:66:67:d2,0,0,0,0"
1791506961.313,"B,13276,10,b2:db:ca:e6:29:a6,56,2,0,0,-49,S,5c:62:8b:66:67:d2,2,0,0,0"
1791506961.313,"B,13376,10,5c:62:8b:66:67:d2,0,0,28,1,-48,A,5c:62:8b:66:67:d2,0,0,0,0"
1791506961.313,"B,13376,10,b2:db:ca:e6:29:a6,28,1,0,0,-50,S,5c:62:8b:66:67:d2,1,0,0,0"
1791506961.517,"B,13476,10,5c:62:8b:66:67:d2,0,0,56,2,-49,A,5c:62:8b:66:67:d2,0,0,0,0"
1791506961.517,"B,13476,10,b2:db:ca:e6:29:a6,56,2,0,0,-49,S,5c:62:8b:66:67:d2,2,0,0,0"
1791506961.517,"B,13576,10,5c:62:8b:66:67:d2,0,0,56,2,-51,A,5c:62:8b:66:67:d2,0,0,0,0"
1791506961.517,"B,13576,10,b2:db:ca:e6:29:a6,56,2,0,0,-49,S,5c:62:8b:66:67:d2,2,0,0,0"
1791506961.719,"B,13676,10,5c:62:8b:66:67:d2,0,0,112,4,-49,A,5c:62:8b:66:67:d2,0,0,0,0"
1791506961.719,"B,13676,10,78:8c:b5:f5:e7:26,0,0,30,1,-83,A,78:8c:b5:f5:e7:26,0,0,0,0"
1791506961.719,"B,13676,10,b0:a7:b9:23:82:ee,0,0,60,2,-92,A,b0:a7:b9:23:82:ee,0,0,0,0"
1791506961.719,"B,13676,10,b2:db:ca:e6:29:a6,112,4,0,0,-48,S,5c:62:8b:66:67:d2,4,0,0,0"
1791506961.719,"B,13676,10,f2:51:4e:f8:1a:7f,60,2,0,0,-87,S,b0:a7:b9:23:82:ee,2,0,0,0"
1791506961.719,"B,13676,10,a6:4c:bd:b6:c7:99,30,1,0,0,-85,S,78:8c:b5:f5:e7:26,1,0,0,0"
1791506961.719,"B,13776,10,5c:62:8b:66:67:d2,0,0,56,2,-49,A,5c:62:8b:66:67:d2,0,0,0,0"
1791506961.719,"B,13776,10,b2:db:ca:e6:29:a6,56,2,0,0,-48,S,5c:62:8b:66:67:d2,2,0,0,0"
1791506961.919,"B,13976,10,5c:62:8b:66:67:d2,0,0,84,3,-49,A,5c:62:8b:66:67:d2,0,0,0,0"
1791506961.919,"B,13976,10,b2:db:ca:e6:29:a6,84,3,0,0,-48,S,5c:62:8b:66:67:d2,3,0,0,0"
1791506962.124,"B,14076,10,5c:62:8b:66:67:d2,0,0,56,2,-49,A,5c:62:8b:66:67:d2,0,0,0,0"
1791506962.124,"B,14076,10,b2:db:ca:e6:29:a6,56,2,0,0,-48,S,5c:62:8b:66:67:d2,2,0,0,0"
1791506962.124,"A,14082,10,64:d1:54:63:44:f4,-90,Kubok"
1791506962.124,"B,14176,10,5c:62:8b:66:67:d2,0,0,28,1,-48,A,5c:62:8b:66:67:d2,0,0,0,0"
1791506962.124,"B,14176,10,78:8c:b5:f5:e7:26,0,0,60,2,-82,A,78:8c:b5:f5:e7:26,0,0,0,0"
1791506962.124,"B,14176,10,b0:a7:b9:23:82:ee,0,0,30,1,-92,A,b0:a7:b9:23:82:ee,0,0,0,0"
1791506962.124,"B,14176,10,b2:db:ca:e6:29:a6,28,1,0,0,-48,S,5c:62:8b:66:67:d2,1,0,0,0"
1791506962.124,"B,14176,10,f2:51:4e:f8:1a:7f,30,1,0,0,-89,S,b0:a7:b9:23:82:ee,1,0,0,0"
1791506962.124,"B,14176,10,a6:4c:bd:b6:c7:99,60,2,0,0,-87,S,78:8c:b5:f5:e7:26,2,0,0,0"
1791506962.325,"B,14276,10,5c:62:8b:66:67:d2,0,0,56,2,-48,A,5c:62:8b:66:67:d2,0,0,0,0"
1791506962.325,"B,14276,10,78:8c:b5:f5:e7:26,0,0,30,1,-84,A,78:8c:b5:f5:e7:26,0,0,0,0"
1791506962.325,"B,14276,10,b2:db:ca:e6:29:a6,56,2,0,0,-48,S,5c:62:8b:66:67:d2,2,0,0,0"
1791506962.325,"B,14276,10,a6:4c:bd:b6:c7:99,30,1,0,0,-88,S,78:8c:b5:f5:e7:26,1,0,0,0"
1791506962.325,"B,14376,10,5c:62:8b:66:67:d2,0,0,56,2,-49,A,5c:62:8b:66:67:d2,0,0,0,0"
1791506962.325,"B,14376,10,b2:db:ca:e6:29:a6,56,2,0,0,-48,S,5c:62:8b:66:67:d2,2,0,0,0"
1791506962.529,"B,14476,10,5c:62:8b:66:67:d2,0,0,56,2,-48,A,5c:62:8b:66:67:d2,0,0,0,0"
1791506962.529,"B,14476,10,b2:db:ca:e6:29:a6,56,2,0,0,-48,S,5c:62:8b:66:67:d2,2,0,0,0"
1791506962.529,"B,14576,10,5c:62:8b:66:67:d2,0,0,28,1,-49,A,5c:62:8b:66:67:d2,0,0,0,0"
1791506962.529,"B,14576,10,b0:a7:b9:23:82:ee,0,0,30,1,0,A,b0:a7:b9:23:82:ee,0,0,0,0"
1791506962.529,"B,14576,10,b2:db:ca:e6:29:a6,28,1,0,0,-49,S,5c:62:8b:66:67:d2,1,0,0,0"
1791506962.529,"B,14576,10,f2:51:4e:f8:1a:7f,30,1,0,0,-90,S,b0:a7:b9:23:82:ee,1,0,0,0"
1791506962.734,"B,14676,10,5c:62:8b:66:67:d2,0,0,56,2,-49,A,5c:62:8b:66:67:d2,0,0,0,0"
1791506962.734,"B,14676,10,b2:db:ca:e6:29:a6,56,2,0,0,-49,S,5c:62:8b:66:67:d2,2,0,0,0"
1791506962.734,"B,14776,10,5c:62:8b:66:67:d2,0,0,56,2,-49,A,5c:62:8b:66:67:d2,0,0,0,0"
1791506962.734,"B,14776,10,b0:a7:b9:23:82:ee,0,0,30,1,-93,A,b0:a7:b9:23:82:ee,0,0,0,0"
1791506962.734,"B,14776,10,b2:db:ca:e6:29:a6,56,2,0,0,-48,S,5c:62:8b:66:67:d2,2,0,0,0"
1791506962.734,"B,14776,10,f2:51:4e:f8:1a:7f,30,1,0,0,-88,S,b0:a7:b9:23:82:ee,1,0,0,0"
1791506962.934,"B,14876,10,5c:62:8b:66:67:d2,0,0,84,3,-49,A,5c:62:8b:66:67:d2,0,0,0,0"
1791506962.934,"B,14876,10,b2:db:ca:e6:29:a6,84,3,0,0,-48,S,5c:62:8b:66:67:d2,3,0,0,0"
1791506962.934,"B,14976,10,5c:62:8b:66:67:d2,0,0,56,2,0,A,5c:62:8b:66:67:d2,0,0,0,0"
1791506962.934,"B,14976,10,b2:db:ca:e6:29:a6,56,2,0,0,-48,S,5c:62:8b:66:67:d2,2,0,0,0"
1791506963.136,"B,15076,10,5c:62:8b:66:67:d2,0,0,56,2,-51,A,5c:62:8b:66:67:d2,0,0,0,0"
1791506963.136,"B,15076,10,b0:a7:b9:23:82:ee,0,0,142,5,-93,A,b0:a7:b9:23:82:ee,0,0,0,0"
1791506963.136,"B,15076,10,b2:db:ca:e6:29:a6,56,2,0,0,-49,S,5c:62:8b:66:67:d2,2,0,0,0"
1791506963.136,"B,15076,10,f2:51:4e:f8:1a:7f,30,1,0,0,-90,S,b0:a7:b9:23:82:ee,1,0,0,0"
1791506963.136,"B,15076,10,e2:5e:2c:92:7b:df,112,4,0,0,-85,S,b0:a7:b9:23:82:ee,4,0,0,0"
1791506963.136,"I,15086,stat,rx=974,drops=0,ch=10,bin=100,hop=0,heap=202024"
1791506963.136,"B,15176,10,5c:62:8b:66:67:d2,0,0,56,2,-49,A,5c:62:8b:66:67:d2,0,0,0,0"
1791506963.136,"B,15176,10,b0:a7:b9:23:82:ee,0,0,28,1,0,A,b0:a7:b9:23:82:ee,0,0,0,0"
1791506963.136,"B,15176,10,b2:db:ca:e6:29:a6,56,2,0,0,-48,S,5c:62:8b:66:67:d2,2,0,0,0"
1791506963.136,"B,15176,10,e2:5e:2c:92:7b:df,28,1,0,0,-87,S,b0:a7:b9:23:82:ee,1,0,0,0"
1791506963.340,"B,15276,10,5c:62:8b:66:67:d2,0,0,28,1,-51,A,5c:62:8b:66:67:d2,0,0,0,0"
1791506963.340,"B,15276,10,b2:db:ca:e6:29:a6,28,1,0,0,-48,S,5c:62:8b:66:67:d2,1,0,0,0"
1791506963.340,"B,15376,10,5c:62:8b:66:67:d2,0,0,56,2,-50,A,5c:62:8b:66:67:d2,0,0,0,0"
1791506963.340,"B,15376,10,78:8c:b5:f5:e7:26,0,0,30,1,-83,A,78:8c:b5:f5:e7:26,0,0,0,0"
1791506963.340,"B,15376,10,b2:db:ca:e6:29:a6,56,2,0,0,-48,S,5c:62:8b:66:67:d2,2,0,0,0"
1791506963.340,"B,15376,10,a6:4c:bd:b6:c7:99,30,1,0,0,-85,S,78:8c:b5:f5:e7:26,1,0,0,0"
1791506963.544,"B,15476,10,5c:62:8b:66:67:d2,0,0,84,3,-49,A,5c:62:8b:66:67:d2,0,0,0,0"
1791506963.544,"B,15476,10,b2:db:ca:e6:29:a6,84,3,0,0,-48,S,5c:62:8b:66:67:d2,3,0,0,0"
1791506963.544,"B,15576,10,5c:62:8b:66:67:d2,0,0,28,1,-50,A,5c:62:8b:66:67:d2,0,0,0,0"
1791506963.544,"B,15576,10,b2:db:ca:e6:29:a6,28,1,0,0,-48,S,5c:62:8b:66:67:d2,1,0,0,0"
1791506963.745,"B,15676,10,78:8c:b5:f5:e7:26,0,0,30,1,-85,A,78:8c:b5:f5:e7:26,0,0,0,0"
1791506963.745,"B,15676,10,a6:4c:bd:b6:c7:99,30,1,0,0,-85,S,78:8c:b5:f5:e7:26,1,0,0,0"
1791506963.745,"B,15776,10,5c:62:8b:66:67:d2,0,0,56,2,-50,A,5c:62:8b:66:67:d2,0,0,0,0"
1791506963.745,"B,15776,10,b0:a7:b9:23:82:ee,0,0,28,1,-93,A,b0:a7:b9:23:82:ee,0,0,0,0"
1791506963.745,"B,15776,10,b2:db:ca:e6:29:a6,56,2,0,0,-49,S,5c:62:8b:66:67:d2,2,0,0,0"
1791506963.745,"B,15776,10,e2:5e:2c:92:7b:df,28,1,0,0,-87,S,b0:a7:b9:23:82:ee,1,0,0,0"
1791506963.950,"B,15876,10,5c:62:8b:66:67:d2,0,0,56,2,-48,A,5c:62:8b:66:67:d2,0,0,0,0"
1791506963.950,"B,15876,10,b2:db:ca:e6:29:a6,56,2,0,0,-48,S,5c:62:8b:66:67:d2,2,0,0,0"
1791506963.950,"B,15976,10,5c:62:8b:66:67:d2,0,0,56,2,-48,A,5c:62:8b:66:67:d2,0,0,0,0"
1791506963.950,"B,15976,10,b2:db:ca:e6:29:a6,56,2,0,0,-48,S,5c:62:8b:66:67:d2,2,0,0,0"
1791506964.153,"B,16076,10,5c:62:8b:66:67:d2,0,0,56,2,-49,A,5c:62:8b:66:67:d2,0,0,0,0"
1791506964.153,"B,16076,10,b2:db:ca:e6:29:a6,56,2,0,0,-49,S,5c:62:8b:66:67:d2,2,0,0,0"
1791506964.153,"B,16176,10,5c:62:8b:66:67:d2,0,0,56,2,-51,A,5c:62:8b:66:67:d2,0,0,0,0"
1791506964.153,"B,16176,10,b2:db:ca:e6:29:a6,56,2,0,0,-50,S,5c:62:8b:66:67:d2,2,0,0,0"
1791506964.357,"B,16276,10,5c:62:8b:66:67:d2,0,0,56,2,-49,A,5c:62:8b:66:67:d2,0,0,0,0"
1791506964.357,"B,16276,10,b0:a7:b9:23:82:ee,0,0,30,1,-91,A,b0:a7:b9:23:82:ee,0,0,0,0"
1791506964.357,"B,16276,10,b2:db:ca:e6:29:a6,56,2,0,0,-49,S,5c:62:8b:66:67:d2,2,0,0,0"
1791506964.357,"B,16276,10,f2:51:4e:f8:1a:7f,30,1,0,0,-85,S,b0:a7:b9:23:82:ee,1,0,0,0"
1791506964.357,"B,16376,10,5c:62:8b:66:67:d2,0,0,56,2,-49,A,5c:62:8b:66:67:d2,0,0,0,0"
1791506964.357,"B,16376,10,b2:db:ca:e6:29:a6,56,2,0,0,-50,S,5c:62:8b:66:67:d2,2,0,0,0"
1791506964.562,"B,16476,10,5c:62:8b:66:67:d2,0,0,84,3,-49,A,5c:62:8b:66:67:d2,0,0,0,0"
1791506964.562,"B,16476,10,b2:db:ca:e6:29:a6,84,3,0,0,-54,S,5c:62:8b:66:67:d2,3,0,0,0"
1791506964.562,"B,16476,10,80:af:ca:68:4c:f8,104,1,0,0,-88,A,80:af:ca:68:4c:f8,0,1,0,0"
1791506964.562,"B,16576,10,5c:62:8b:66:67:d2,0,0,28,1,-51,A,5c:62:8b:66:67:d2,0,0,0,0"
1791506964.562,"B,16576,10,b2:db:ca:e6:29:a6,28,1,0,0,-53,S,5c:62:8b:66:67:d2,1,0,0,0"
1791506964.766,"B,16676,10,5c:62:8b:66:67:d2,0,0,56,2,-51,A,5c:62:8b:66:67:d2,0,0,0,0"
1791506964.766,"B,16676,10,78:8c:b5:f5:e7:26,80,1,0,0,-84,A,78:8c:b5:f5:e7:26,1,0,0,0"
1791506964.766,"B,16676,10,b2:db:ca:e6:29:a6,56,2,0,0,-53,S,5c:62:8b:66:67:d2,2,0,0,0"
1791506964.766,"B,16776,10,5c:62:8b:66:67:d2,0,0,28,1,-51,A,5c:62:8b:66:67:d2,0,0,0,0"
1791506964.766,"B,16776,10,b2:db:ca:e6:29:a6,28,1,0,0,-54,S,5c:62:8b:66:67:d2,1,0,0,0"
1791506964.967,"B,16876,10,5c:62:8b:66:67:d2,0,0,56,2,-49,A,5c:62:8b:66:67:d2,0,0,0,0"
1791506964.967,"B,16876,10,b2:db:ca:e6:29:a6,56,2,0,0,-52,S,5c:62:8b:66:67:d2,2,0,0,0"
1791506964.967,"B,16976,10,5c:62:8b:66:67:d2,0,0,84,3,-50,A,5c:62:8b:66:67:d2,0,0,0,0"
1791506964.967,"B,16976,10,b2:db:ca:e6:29:a6,84,3,0,0,-50,S,5c:62:8b:66:67:d2,3,0,0,0"
1791506964.967,"P,17036,138"
1791506964.967,"P,17037,138"
1791506964.967,"P,17037,138"
1791506964.967,"P,17049,138"
1791506965.168,"B,17076,10,cc:b8:5e:ad:5c:4a,552,4,0,0,-48,S,5c:62:8b:66:67:d2,0,4,0,0"
1791506965.168,"B,17076,10,5c:62:8b:66:67:d2,0,0,580,5,-50,A,5c:62:8b:66:67:d2,0,0,0,0"
1791506965.168,"B,17076,10,b2:db:ca:e6:29:a6,28,1,0,0,-50,S,5c:62:8b:66:67:d2,1,0,0,0"
1791506965.168,"B,17176,10,cc:b8:5e:ad:5c:4a,0,0,113,1,0,S,5c:62:8b:66:67:d2,0,0,0,0"
1791506965.168,"B,17176,10,5c:62:8b:66:67:d2,113,1,84,3,-47,A,5c:62:8b:66:67:d2,0,1,0,0"
1791506965.168,"B,17176,10,b2:db:ca:e6:29:a6,84,3,0,0,-51,S,5c:62:8b:66:67:d2,3,0,0,0"
1791506965.373,"B,17276,10,5c:62:8b:66:67:d2,0,0,56,2,-48,A,5c:62:8b:66:67:d2,0,0,0,0"
1791506965.373,"B,17276,10,b0:a7:b9:23:82:ee,0,0,30,1,-93,A,b0:a7:b9:23:82:ee,0,0,0,0"
1791506965.373,"B,17276,10,b2:db:ca:e6:29:a6,56,2,0,0,-51,S,5c:62:8b:66:67:d2,2,0,0,0"
1791506965.373,"B,17276,10,f2:51:4e:f8:1a:7f,30,1,0,0,-87,S,b0:a7:b9:23:82:ee,1,0,0,0"
1791506965.373,"B,17376,10,5c:62:8b:66:67:d2,0,0,56,2,-49,A,5c:62:8b:66:67:d2,0,0,0,0"
1791506965.373,"B,17376,10,b2:db:ca:e6:29:a6,56,2,0,0,-52,S,5c:62:8b:66:67:d2,2,0,0,0"
1791506965.575,"B,17476,10,5c:62:8b:66:67:d2,0,0,56,2,-49,A,5c:62:8b:66:67:d2,0,0,0,0"
1791506965.575,"B,17476,10,b2:db:ca:e6:29:a6,56,2,0,0,-51,S,5c:62:8b:66:67:d2,2,0,0,0"
1791506965.575,"B,17576,10,5c:62:8b:66:67:d2,0,0,28,1,-50,A,5c:62:8b:66:67:d2,0,0,0,0"
1791506965.575,"B,17576,10,b2:db:ca:e6:29:a6,28,1,0,0,-51,S,5c:62:8b:66:67:d2,1,0,0,0"
1791506965.779,"B,17676,10,5c:62:8b:66:67:d2,0,0,84,3,-48,A,5c:62:8b:66:67:d2,0,0,0,0"
1791506965.779,"B,17676,10,78:8c:b5:f5:e7:26,80,1,0,0,-83,A,78:8c:b5:f5:e7:26,1,0,0,0"
1791506965.779,"B,17676,10,b2:db:ca:e6:29:a6,84,3,0,0,-52,S,5c:62:8b:66:67:d2,3,0,0,0"
1791506965.779,"B,17776,10,5c:62:8b:66:67:d2,0,0,84,3,-49,A,5c:62:8b:66:67:d2,0,0,0,0"
1791506965.779,"B,17776,10,b2:db:ca:e6:29:a6,84,3,0,0,-52,S,5c:62:8b:66:67:d2,3,0,0,0"
1791506965.982,"B,17876,10,5c:62:8b:66:67:d2,0,0,28,1,-49,A,5c:62:8b:66:67:d2,0,0,0,0"
1791506965.982,"B,17876,10,cc:d8:43:ca:9f:eb,0,0,60,2,-75,A,cc:d8:43:ca:9f:eb,0,0,0,0"
1791506965.982,"B,17876,10,b2:db:ca:e6:29:a6,28,1,0,0,-52,S,5c:62:8b:66:67:d2,1,0,0,0"
1791506965.982,"B,17876,10,98:5f:41:bf:7c:ff,60,2,0,0,-71,S,cc:d8:43:ca:9f:eb,2,0,0,0"
1791506965.982,"B,17976,10,5c:62:8b:66:67:d2,0,0,56,2,-48,A,5c:62:8b:66:67:d2,0,0,0,0"
1791506965.982,"B,17976,10,b2:db:ca:e6:29:a6,56,2,0,0,-51,S,5c:62:8b:66:67:d2,2,0,0,0"
1791506966.185,"B,18076,10,5c:62:8b:66:67:d2,0,0,28,1,-49,A,5c:62:8b:66:67:d2,0,0,0,0"
1791506966.185,"B,18076,10,b2:db:ca:e6:29:a6,28,1,0,0,-51,S,5c:62:8b:66:67:d2,1,0,0,0"
1791506966.185,"B,18076,10,80:af:ca:68:4c:f8,84,1,0,0,-88,A,80:af:ca:68:4c:f8,1,0,0,0"
1791506966.185,"B,18176,10,5c:62:8b:66:67:d2,0,0,56,2,-50,A,5c:62:8b:66:67:d2,0,0,0,0"
1791506966.185,"B,18176,10,b2:db:ca:e6:29:a6,56,2,0,0,-50,S,5c:62:8b:66:67:d2,2,0,0,0"
1791506966.385,"B,18276,10,5c:62:8b:66:67:d2,0,0,28,1,-51,A,5c:62:8b:66:67:d2,0,0,0,0"
1791506966.385,"B,18276,10,b2:db:ca:e6:29:a6,28,1,0,0,-51,S,5c:62:8b:66:67:d2,1,0,0,0"
1791506966.385,"B,18376,10,5c:62:8b:66:67:d2,0,0,56,2,-48,A,5c:62:8b:66:67:d2,0,0,0,0"
1791506966.385,"B,18376,10,b2:db:ca:e6:29:a6,56,2,0,0,-51,S,5c:62:8b:66:67:d2,2,0,0,0"
1791506966.590,"B,18476,10,5c:62:8b:66:67:d2,0,0,84,3,-50,A,5c:62:8b:66:67:d2,0,0,0,0"
1791506966.590,"B,18476,10,b2:db:ca:e6:29:a6,84,3,0,0,-51,S,5c:62:8b:66:67:d2,3,0,0,0"
1791506966.590,"B,18576,10,5c:62:8b:66:67:d2,0,0,28,1,-49,A,5c:62:8b:66:67:d2,0,0,0,0"
1791506966.590,"B,18576,10,b2:db:ca:e6:29:a6,28,1,0,0,-50,S,5c:62:8b:66:67:d2,1,0,0,0"
1791506966.792,"B,18676,10,5c:62:8b:66:67:d2,0,0,56,2,-48,A,5c:62:8b:66:67:d2,0,0,0,0"
1791506966.792,"B,18676,10,b0:a7:b9:23:82:ee,0,0,30,1,-90,A,b0:a7:b9:23:82:ee,0,0,0,0"
1791506966.792,"B,18676,10,b2:db:ca:e6:29:a6,56,2,0,0,-51,S,5c:62:8b:66:67:d2,2,0,0,0"
1791506966.792,"B,18676,10,f2:51:4e:f8:1a:7f,30,1,0,0,-87,S,b0:a7:b9:23:82:ee,1,0,0,0"
1791506966.792,"B,18776,10,5c:62:8b:66:67:d2,0,0,56,2,-49,A,5c:62:8b:66:67:d2,0,0,0,0"
1791506966.792,"B,18776,10,b2:db:ca:e6:29:a6,56,2,0,0,-51,S,5c:62:8b:66:67:d2,2,0,0,0"
1791506966.994,"B,18876,10,5c:62:8b:66:67:d2,0,0,56,2,-50,A,5c:62:8b:66:67:d2,0,0,0,0"
1791506966.994,"B,18876,10,b2:db:ca:e6:29:a6,56,2,0,0,-51,S,5c:62:8b:66:67:d2,2,0,0,0"
1791506966.994,"B,18976,10,5c:62:8b:66:67:d2,0,0,28,1,-49,A,5c:62:8b:66:67:d2,0,0,0,0"
1791506966.994,"B,18976,10,b2:db:ca:e6:29:a6,28,1,0,0,-51,S,5c:62:8b:66:67:d2,1,0,0,0"
1791506967.248,"B,19076,10,5c:62:8b:66:67:d2,0,0,28,1,-49,A,5c:62:8b:66:67:d2,0,0,0,0"
1791506967.248,"B,19076,10,b2:db:ca:e6:29:a6,28,1,0,0,-51,S,5c:62:8b:66:67:d2,1,0,0,0"
1791506967.248,"B,19176,10,5c:62:8b:66:67:d2,0,0,56,2,-49,A,5c:62:8b:66:67:d2,0,0,0,0"
1791506967.248,"B,19176,10,b2:db:ca:e6:29:a6,56,2,0,0,-51,S,5c:62:8b:66:67:d2,2,0,0,0"
1791506967.248,"B,19276,10,5c:62:8b:66:67:d2,0,0,56,2,0,A,5c:62:8b:66:67:d2,0,0,0,0"
1791506967.248,"B,19276,10,b2:db:ca:e6:29:a6,56,2,0,0,-51,S,5c:62:8b:66:67:d2,2,0,0,0"
1791506967.454,"B,19376,10,5c:62:8b:66:67:d2,0,0,56,2,-51,A,5c:62:8b:66:67:d2,0,0,0,0"
1791506967.454,"B,19376,10,b2:db:ca:e6:29:a6,56,2,0,0,-51,S,5c:62:8b:66:67:d2,2,0,0,0"
1791506967.454,"B,19476,10,5c:62:8b:66:67:d2,0,0,56,2,-49,A,5c:62:8b:66:67:d2,0,0,0,0"
1791506967.454,"B,19476,10,b2:db:ca:e6:29:a6,56,2,0,0,-51,S,5c:62:8b:66:67:d2,2,0,0,0"
1791506967.659,"B,19576,10,5c:62:8b:66:67:d2,0,0,56,2,-49,A,5c:62:8b:66:67:d2,0,0,0,0"
1791506967.659,"B,19576,10,b2:db:ca:e6:29:a6,56,2,0,0,-51,S,5c:62:8b:66:67:d2,2,0,0,0"
1791506967.659,"B,19676,10,5c:62:8b:66:67:d2,0,0,56,2,-51,A,5c:62:8b:66:67:d2,0,0,0,0"
1791506967.659,"B,19676,10,b2:db:ca:e6:29:a6,56,2,0,0,-52,S,5c:62:8b:66:67:d2,2,0,0,0"
1791506967.860,"B,19776,10,5c:62:8b:66:67:d2,0,0,28,1,-49,A,5c:62:8b:66:67:d2,0,0,0,0"
1791506967.860,"B,19776,10,b2:db:ca:e6:29:a6,28,1,0,0,-55,S,5c:62:8b:66:67:d2,1,0,0,0"
1791506967.860,"B,19876,10,5c:62:8b:66:67:d2,0,0,56,2,-50,A,5c:62:8b:66:67:d2,0,0,0,0"
1791506967.860,"B,19876,10,b2:db:ca:e6:29:a6,56,2,0,0,-54,S,5c:62:8b:66:67:d2,2,0,0,0"
1791506968.065,"B,19976,10,5c:62:8b:66:67:d2,0,0,56,2,-50,A,5c:62:8b:66:67:d2,0,0,0,0"
1791506968.065,"B,19976,10,b2:db:ca:e6:29:a6,56,2,0,0,-53,S,5c:62:8b:66:67:d2,2,0,0,0"
1791506968.065,"B,20076,10,5c:62:8b:66:67:d2,0,0,56,2,-49,A,5c:62:8b:66:67:d2,0,0,0,0"
1791506968.065,"B,20076,10,b2:db:ca:e6:29:a6,56,2,0,0,-54,S,5c:62:8b:66:67:d2,2,0,0,0"
1791506968.065,"I,20086,stat,rx=1272,drops=0,ch=10,bin=100,hop=0,heap=202024"
1791506968.270,"B,20176,10,5c:62:8b:66:67:d2,0,0,56,2,-49,A,5c:62:8b:66:67:d2,0,0,0,0"
1791506968.270,"B,20176,10,b0:a7:b9:23:82:ee,0,0,30,1,-89,A,b0:a7:b9:23:82:ee,0,0,0,0"
1791506968.270,"B,20176,10,b2:db:ca:e6:29:a6,56,2,0,0,-53,S,5c:62:8b:66:67:d2,2,0,0,0"
1791506968.270,"B,20176,10,f2:51:4e:f8:1a:7f,30,1,0,0,-86,S,b0:a7:b9:23:82:ee,1,0,0,0"
1791506968.270,"B,20276,10,5c:62:8b:66:67:d2,0,0,56,2,-48,A,5c:62:8b:66:67:d2,0,0,0,0"
1791506968.270,"B,20276,10,b2:db:ca:e6:29:a6,56,2,0,0,-54,S,5c:62:8b:66:67:d2,2,0,0,0"
1791506968.475,"B,20476,10,5c:62:8b:66:67:d2,0,0,56,2,-48,A,5c:62:8b:66:67:d2,0,0,0,0"
1791506968.475,"B,20476,10,b2:db:ca:e6:29:a6,56,2,0,0,-53,S,5c:62:8b:66:67:d2,2,0,0,0"
1791506968.678,"B,20676,10,5c:62:8b:66:67:d2,0,0,84,3,-49,A,5c:62:8b:66:67:d2,0,0,0,0"
1791506968.678,"B,20676,10,b2:db:ca:e6:29:a6,84,3,0,0,-53,S,5c:62:8b:66:67:d2,3,0,0,0"
1791506968.881,"B,20776,10,5c:62:8b:66:67:d2,0,0,28,1,-49,A,5c:62:8b:66:67:d2,0,0,0,0"
1791506968.881,"B,20776,10,b2:db:ca:e6:29:a6,28,1,0,0,-55,S,5c:62:8b:66:67:d2,1,0,0,0"
1791506968.881,"B,20876,10,5c:62:8b:66:67:d2,0,0,56,2,-49,A,5c:62:8b:66:67:d2,0,0,0,0"
1791506968.881,"B,20876,10,b2:db:ca:e6:29:a6,56,2,0,0,-53,S,5c:62:8b:66:67:d2,2,0,0,0"
1791506969.086,"B,20976,10,5c:62:8b:66:67:d2,0,0,56,2,-49,A,5c:62:8b:66:67:d2,0,0,0,0"
1791506969.086,"B,20976,10,b2:db:ca:e6:29:a6,56,2,0,0,-55,S,5c:62:8b:66:67:d2,2,0,0,0"
1791506969.086,"B,21076,10,5c:62:8b:66:67:d2,0,0,56,2,-48,A,5c:62:8b:66:67:d2,0,0,0,0"
1791506969.086,"B,21076,10,b2:db:ca:e6:29:a6,56,2,0,0,-54,S,5c:62:8b:66:67:d2,2,0,0,0"
1791506969.288,"B,21176,10,5c:62:8b:66:67:d2,0,0,56,2,-50,A,5c:62:8b:66:67:d2,0,0,0,0"
1791506969.288,"B,21176,10,b0:a7:b9:23:82:ee,0,0,30,1,-91,A,b0:a7:b9:23:82:ee,0,0,0,0"
1791506969.288,"B,21176,10,b2:db:ca:e6:29:a6,56,2,0,0,-54,S,5c:62:8b:66:67:d2,2,0,0,0"
1791506969.288,"B,21176,10,f2:51:4e:f8:1a:7f,30,1,0,0,-88,S,b0:a7:b9:23:82:ee,1,0,0,0"
1791506969.288,"B,21276,10,5c:62:8b:66:67:d2,0,0,56,2,-49,A,5c:62:8b:66:67:d2,0,0,0,0"
1791506969.288,"B,21276,10,b2:db:ca:e6:29:a6,56,2,0,0,-53,S,5c:62:8b:66:67:d2,2,0,0,0"
1791506969.491,"B,21376,10,5c:62:8b:66:67:d2,0,0,56,2,-49,A,5c:62:8b:66:67:d2,0,0,0,0"
1791506969.491,"B,21376,10,b2:db:ca:e6:29:a6,56,2,0,0,-53,S,5c:62:8b:66:67:d2,2,0,0,0"
1791506969.491,"B,21476,10,5c:62:8b:66:67:d2,0,0,56,2,-49,A,5c:62:8b:66:67:d2,0,0,0,0"
1791506969.491,"B,21476,10,b2:db:ca:e6:29:a6,56,2,0,0,-53,S,5c:62:8b:66:67:d2,2,0,0,0"
1791506969.694,"B,21576,10,5c:62:8b:66:67:d2,0,0,56,2,-51,A,5c:62:8b:66:67:d2,0,0,0,0"
1791506969.694,"B,21576,10,b2:db:ca:e6:29:a6,56,2,0,0,-54,S,5c:62:8b:66:67:d2,2,0,0,0"
1791506969.694,"B,21676,10,5c:62:8b:66:67:d2,0,0,28,1,-49,A,5c:62:8b:66:67:d2,0,0,0,0"
1791506969.694,"B,21676,10,b2:db:ca:e6:29:a6,28,1,0,0,-53,S,5c:62:8b:66:67:d2,1,0,0,0"
1791506969.894,"B,21876,10,5c:62:8b:66:67:d2,0,0,84,3,-48,A,5c:62:8b:66:67:d2,0,0,0,0"
1791506969.894,"B,21876,10,b2:db:ca:e6:29:a6,84,3,0,0,-54,S,5c:62:8b:66:67:d2,3,0,0,0"
1791506969.894,"B,21976,10,5c:62:8b:66:67:d2,0,0,56,2,-50,A,5c:62:8b:66:67:d2,0,0,0,0"
1791506970.095,"B,21976,10,b2:db:ca:e6:29:a6,56,2,0,0,-53,S,5c:62:8b:66:67:d2,2,0,0,0"
1791506970.095,"P,22033,82"
1791506970.095,"B,22076,10,cc:b8:5e:ad:5c:4a,82,1,82,1,-48,S,5c:62:8b:66:67:d2,1,0,0,0"
1791506970.095,"B,22076,10,5c:62:8b:66:67:d2,82,1,138,3,-48,A,5c:62:8b:66:67:d2,1,0,0,0"
1791506970.095,"B,22076,10,b0:a7:b9:23:82:ee,0,0,30,1,-91,A,b0:a7:b9:23:82:ee,0,0,0,0"
1791506970.095,"B,22076,10,b2:db:ca:e6:29:a6,56,2,0,0,-54,S,5c:62:8b:66:67:d2,2,0,0,0"
1791506970.095,"B,22076,10,f2:51:4e:f8:1a:7f,30,1,0,0,-87,S,b0:a7:b9:23:82:ee,1,0,0,0"
1791506970.095,"P,22167,113"
1791506970.095,"P,22168,113"
1791506970.095,"P,22168,113"
1791506970.295,"B,22176,10,cc:b8:5e:ad:5c:4a,339,3,0,0,-48,S,5c:62:8b:66:67:d2,0,3,0,0"
1791506970.295,"B,22176,10,5c:62:8b:66:67:d2,0,0,395,5,-50,A,5c:62:8b:66:67:d2,0,0,0,0"
1791506970.295,"B,22176,10,b2:db:ca:e6:29:a6,56,2,0,0,-53,S,5c:62:8b:66:67:d2,2,0,0,0"
1791506970.295,"P,22356,28"
1791506970.295,"P,22356,106"
1791506970.295,"P,22357,106"
1791506970.295,"P,22357,106"
1791506970.295,"P,22358,106"
1791506970.295,"P,22359,106"
1791506970.496,"B,22376,10,cc:b8:5e:ad:5c:4a,558,6,109,1,-46,S,5c:62:8b:66:67:d2,1,5,0,0"
1791506970.496,"B,22376,10,5c:62:8b:66:67:d2,109,1,614,8,-47,A,5c:62:8b:66:67:d2,0,1,0,0"
1791506970.496,"B,22376,10,b2:db:ca:e6:29:a6,56,2,0,0,-52,S,5c:62:8b:66:67:d2,2,0,0,0"
1791506970.496,"B,22476,10,5c:62:8b:66:67:d2,0,0,28,1,-49,A,5c:62:8b:66:67:d2,0,0,0,0"
1791506970.496,"B,22476,10,b2:db:ca:e6:29:a6,28,1,0,0,-55,S,5c:62:8b:66:67:d2,1,0,0,0"
1791506970.496,"B,22476,10,80:af:ca:68:4c:f8,104,1,0,0,-87,A,80:af:ca:68:4c:f8,0,1,0,0"
1791506970.696,"B,22576,10,5c:62:8b:66:67:d2,0,0,28,1,-48,A,5c:62:8b:66:67:d2,0,0,0,0"
1791506970.696,"B,22576,10,78:8c:b5:f5:e7:26,258,2,0,0,-80,A,78:8c:b5:f5:e7:26,0,2,0,0"
1791506970.696,"B,22576,10,b2:db:ca:e6:29:a6,28,1,0,0,-53,S,5c:62:8b:66:67:d2,1,0,0,0"
1791506970.696,"B,22676,10,5c:62:8b:66:67:d2,0,0,56,2,-49,A,5c:62:8b:66:67:d2,0,0,0,0"
1791506970.696,"B,22676,10,b2:db:ca:e6:29:a6,56,2,0,0,-54,S,5c:62:8b:66:67:d2,2,0,0,0"
1791506970.696,"B,22776,10,5c:62:8b:66:67:d2,0,0,28,1,-49,A,5c:62:8b:66:67:d2,0,0,0,0"
1791506970.696,"B,22776,10,b2:db:ca:e6:29:a6,28,1,0,0,-55,S,5c:62:8b:66:67:d2,1,0,0,0"
1791506970.896,"B,22876,10,5c:62:8b:66:67:d2,0,0,28,1,-49,A,5c:62:8b:66:67:d2,0,0,0,0"
1791506970.896,"B,22876,10,b2:db:ca:e6:29:a6,28,1,0,0,-53,S,5c:62:8b:66:67:d2,1,0,0,0"
1791506970.896,"B,22976,10,5c:62:8b:66:67:d2,0,0,28,1,-48,A,5c:62:8b:66:67:d2,0,0,0,0"
1791506970.896,"B,22976,10,b2:db:ca:e6:29:a6,28,1,0,0,-54,S,5c:62:8b:66:67:d2,1,0,0,0"
1791506971.097,"B,23076,10,5c:62:8b:66:67:d2,0,0,56,2,-50,A,5c:62:8b:66:67:d2,0,0,0,0"
1791506971.097,"B,23076,10,b2:db:ca:e6:29:a6,56,2,0,0,-54,S,5c:62:8b:66:67:d2,2,0,0,0"
1791506971.097,"B,23176,10,5c:62:8b:66:67:d2,0,0,28,1,-49,A,5c:62:8b:66:67:d2,0,0,0,0"
1791506971.097,"B,23176,10,b2:db:ca:e6:29:a6,28,1,0,0,-55,S,5c:62:8b:66:67:d2,1,0,0,0"
1791506971.298,"B,23276,10,5c:62:8b:66:67:d2,0,0,56,2,-49,A,5c:62:8b:66:67:d2,0,0,0,0"
1791506971.298,"B,23276,10,b2:db:ca:e6:29:a6,56,2,0,0,-54,S,5c:62:8b:66:67:d2,2,0,0,0"
1791506971.498,"B,23376,10,5c:62:8b:66:67:d2,0,0,28,1,-49,A,5c:62:8b:66:67:d2,0,0,0,0"
1791506971.498,"B,23376,10,b2:db:ca:e6:29:a6,28,1,0,0,-54,S,5c:62:8b:66:67:d2,1,0,0,0"
1791506971.498,"B,23476,10,cc:d8:43:ca:9f:eb,0,0,60,2,-75,A,cc:d8:43:ca:9f:eb,0,0,0,0"
1791506971.498,"B,23476,10,98:5f:41:bf:7c:ff,744,5,684,3,-68,A,98:5f:41:bf:7c:ff,2,3,0,0"
1791506971.498,"B,23576,10,cc:d8:43:ca:9f:eb,0,0,1268,8,-76,A,cc:d8:43:ca:9f:eb,0,0,0,0"
1791506971.498,"B,23576,10,98:5f:41:bf:7c:ff,1268,8,0,0,-69,S,cc:d8:43:ca:9f:eb,2,6,0,0"
1791506971.699,"B,23676,10,5c:62:8b:66:67:d2,0,0,56,2,-48,A,5c:62:8b:66:67:d2,0,0,0,0"
1791506971.699,"B,23676,10,cc:d8:43:ca:9f:eb,0,0,30,1,-77,A,cc:d8:43:ca:9f:eb,0,0,0,0"
1791506971.699,"B,23676,10,78:8c:b5:f5:e7:26,80,1,0,0,-83,A,78:8c:b5:f5:e7:26,1,0,0,0"
1791506971.699,"B,23676,10,b2:db:ca:e6:29:a6,56,2,0,0,-53,S,5c:62:8b:66:67:d2,2,0,0,0"
1791506971.699,"B,23676,10,98:5f:41:bf:7c:ff,30,1,0,0,-70,S,cc:d8:43:ca:9f:eb,1,0,0,0"
1791506971.699,"B,23776,10,5c:62:8b:66:67:d2,0,0,28,1,-49,A,5c:62:8b:66:67:d2,0,0,0,0"
1791506971.699,"B,23776,10,cc:d8:43:ca:9f:eb,0,0,1028,6,-76,A,cc:d8:43:ca:9f:eb,0,0,0,0"
1791506971.699,"B,23776,10,b2:db:ca:e6:29:a6,28,1,0,0,-54,S,5c:62:8b:66:67:d2,1,0,0,0"
1791506971.699,"B,23776,10,98:5f:41:bf:7c:ff,2396,12,1368,6,-69,S,cc:d8:43:ca:9f:eb,2,10,0,0"
1791506971.899,"B,23876,10,5c:62:8b:66:67:d2,0,0,84,3,-51,A,5c:62:8b:66:67:d2,0,0,0,0"
1791506971.899,"B,23876,10,cc:d8:43:ca:9f:eb,0,0,226,3,0,A,cc:d8:43:ca:9f:eb,0,0,0,0"
1791506971.899,"B,23876,10,b2:db:ca:e6:29:a6,84,3,0,0,-53,S,5c:62:8b:66:67:d2,3,0,0,0"
1791506971.899,"B,23876,10,98:5f:41:bf:7c:ff,226,3,0,0,-69,S,cc:d8:43:ca:9f:eb,2,1,0,0"
1791506971.899,"B,23976,10,5c:62:8b:66:67:d2,0,0,56,2,-49,A,5c:62:8b:66:67:d2,0,0,0,0"
1791506971.899,"B,23976,10,cc:d8:43:ca:9f:eb,0,0,256,4,0,A,cc:d8:43:ca:9f:eb,0,0,0,0"
1791506971.899,"B,23976,10,b2:db:ca:e6:29:a6,56,2,0,0,-53,S,5c:62:8b:66:67:d2,2,0,0,0"
1791506971.899,"B,23976,10,98:5f:41:bf:7c:ff,5732,21,5476,17,-70,S,cc:d8:43:ca:9f:eb,3,16,2,0"
1791506972.099,"B,24076,10,5c:62:8b:66:67:d2,0,0,28,1,-48,A,5c:62:8b:66:67:d2,0,0,0,0"
1791506972.099,"B,24076,10,cc:d8:43:ca:9f:eb,0,0,150,5,0,A,cc:d8:43:ca:9f:eb,0,0,0,0"
1791506972.099,"B,24076,10,b2:db:ca:e6:29:a6,28,1,0,0,-55,S,5c:62:8b:66:67:d2,1,0,0,0"
1791506972.099,"B,24076,10,98:5f:41:bf:7c:ff,150,5,0,0,-69,S,cc:d8:43:ca:9f:eb,5,0,0,0"
1791506972.099,"B,24176,10,5c:62:8b:66:67:d2,0,0,56,2,-49,A,5c:62:8b:66:67:d2,0,0,0,0"
1791506972.099,"B,24176,10,cc:d8:43:ca:9f:eb,0,0,30,1,0,A,cc:d8:43:ca:9f:eb,0,0,0,0"
1791506972.300,"B,24176,10,b2:db:ca:e6:29:a6,56,2,0,0,-53,S,5c:62:8b:66:67:d2,2,0,0,0"
1791506972.300,"B,24176,10,98:5f:41:bf:7c:ff,30,1,0,0,-70,S,cc:d8:43:ca:9f:eb,1,0,0,0"
1791506972.300,"B,24276,10,5c:62:8b:66:67:d2,0,0,56,2,-48,A,5c:62:8b:66:67:d2,0,0,0,0"
1791506972.300,"B,24276,10,cc:d8:43:ca:9f:eb,86,1,146,3,-84,A,cc:d8:43:ca:9f:eb,1,0,0,0"
1791506972.300,"B,24276,10,b0:a7:b9:23:82:ee,0,0,28,1,-91,A,b0:a7:b9:23:82:ee,0,0,0,0"
1791506972.300,"B,24276,10,b2:db:ca:e6:29:a6,56,2,0,0,-53,S,5c:62:8b:66:67:d2,2,0,0,0"
1791506972.300,"B,24276,10,e2:5e:2c:92:7b:df,28,1,0,0,-79,S,b0:a7:b9:23:82:ee,1,0,0,0"
1791506972.300,"B,24276,10,98:5f:41:bf:7c:ff,146,3,86,1,-69,S,cc:d8:43:ca:9f:eb,3,0,0,0"
1791506972.300,"B,24376,10,5c:62:8b:66:67:d2,0,0,56,2,-50,A,5c:62:8b:66:67:d2,0,0,0,0"
1791506972.300,"B,24376,10,cc:d8:43:ca:9f:eb,0,0,90,3,-76,A,cc:d8:43:ca:9f:eb,0,0,0,0"
1791506972.300,"B,24376,10,b2:db:ca:e6:29:a6,56,2,0,0,-55,S,5c:62:8b:66:67:d2,2,0,0,0"
1791506972.300,"B,24376,10,98:5f:41:bf:7c:ff,90,3,0,0,-70,S,cc:d8:43:ca:9f:eb,3,0,0,0"
1791506972.500,"B,24476,10,cc:d8:43:ca:9f:eb,0,0,90,3,-76,A,cc:d8:43:ca:9f:eb,0,0,0,0"
1791506972.500,"B,24476,10,98:5f:41:bf:7c:ff,90,3,0,0,-69,S,cc:d8:43:ca:9f:eb,3,0,0,0"
1791506972.500,"B,24576,10,5c:62:8b:66:67:d2,0,0,56,2,-49,A,5c:62:8b:66:67:d2,0,0,0,0"
1791506972.500,"B,24576,10,b2:db:ca:e6:29:a6,56,2,0,0,-54,S,5c:62:8b:66:67:d2,2,0,0,0"
1791506972.700,"B,24676,10,5c:62:8b:66:67:d2,0,0,56,2,-49,A,5c:62:8b:66:67:d2,0,0,0,0"
1791506972.700,"B,24676,10,b2:db:ca:e6:29:a6,56,2,0,0,-53,S,5c:62:8b:66:67:d2,2,0,0,0"
1791506972.700,"B,24776,10,5c:62:8b:66:67:d2,0,0,56,2,-50,A,5c:62:8b:66:67:d2,0,0,0,0"
1791506972.700,"B,24776,10,b2:db:ca:e6:29:a6,56,2,0,0,-53,S,5c:62:8b:66:67:d2,2,0,0,0"
1791506972.700,"B,24776,10,80:af:ca:68:4c:f8,84,1,0,0,-89,A,80:af:ca:68:4c:f8,1,0,0,0"
1791506972.902,"B,24876,10,5c:62:8b:66:67:d2,0,0,84,3,-49,A,5c:62:8b:66:67:d2,0,0,0,0"
1791506972.902,"B,24876,10,b2:db:ca:e6:29:a6,84,3,0,0,-53,S,5c:62:8b:66:67:d2,3,0,0,0"
1791506972.902,"B,24976,10,5c:62:8b:66:67:d2,0,0,112,4,-49,A,5c:62:8b:66:67:d2,0,0,0,0"
1791506972.902,"B,24976,10,b2:db:ca:e6:29:a6,28,1,0,0,-53,S,5c:62:8b:66:67:d2,1,0,0,0"
1791506972.902,"B,24976,10,72:3b:01:24:b7:c8,84,3,0,0,-37,S,5c:62:8b:66:67:d2,3,0,0,0"
1791506973.103,"B,25076,10,5c:62:8b:66:67:d2,0,0,196,7,-48,A,5c:62:8b:66:67:d2,0,0,0,0"
1791506973.103,"B,25076,10,b2:db:ca:e6:29:a6,56,2,0,0,-53,S,5c:62:8b:66:67:d2,2,0,0,0"
1791506973.103,"B,25076,10,72:3b:01:24:b7:c8,140,5,0,0,-41,S,5c:62:8b:66:67:d2,5,0,0,0"
1791506973.103,"I,25089,stat,rx=1644,drops=0,ch=10,bin=100,hop=0,heap=202024"
1791506973.103,"B,25176,10,5c:62:8b:66:67:d2,0,0,56,2,-49,A,5c:62:8b:66:67:d2,0,0,0,0"
1791506973.103,"B,25176,10,b2:db:ca:e6:29:a6,56,2,0,0,-54,S,5c:62:8b:66:67:d2,2,0,0,0"
1791506973.304,"B,25276,10,5c:62:8b:66:67:d2,0,0,146,3,-49,A,5c:62:8b:66:67:d2,0,0,0,0"
1791506973.304,"B,25276,10,b2:db:ca:e6:29:a6,56,2,0,0,-53,S,5c:62:8b:66:67:d2,2,0,0,0"
1791506973.304,"B,25276,10,46:88:44:6e:4f:e4,90,1,0,0,-37,S,5c:62:8b:66:67:d2,1,0,0,0"
1791506973.304,"B,25376,10,5c:62:8b:66:67:d2,0,0,56,2,-49,A,5c:62:8b:66:67:d2,0,0,0,0"
1791506973.304,"B,25376,10,b2:db:ca:e6:29:a6,56,2,0,0,-53,S,5c:62:8b:66:67:d2,2,0,0,0"
1791506973.506,"B,25476,10,5c:62:8b:66:67:d2,0,0,28,1,-50,A,5c:62:8b:66:67:d2,0,0,0,0"
1791506973.506,"B,25476,10,b0:a7:b9:23:82:ee,0,0,30,1,-92,A,b0:a7:b9:23:82:ee,0,0,0,0"
1791506973.506,"B,25476,10,b2:db:ca:e6:29:a6,28,1,0,0,-54,S,5c:62:8b:66:67:d2,1,0,0,0"
1791506973.506,"B,25476,10,f2:51:4e:f8:1a:7f,30,1,0,0,-87,S,b0:a7:b9:23:82:ee,1,0,0,0"
1791506973.506,"B,25576,10,5c:62:8b:66:67:d2,0,0,28,1,-49,A,5c:62:8b:66:67:d2,0,0,0,0"
1791506973.506,"B,25576,10,b2:db:ca:e6:29:a6,28,1,0,0,-54,S,5c:62:8b:66:67:d2,1,0,0,0"
1791506973.709,"B,25676,10,5c:62:8b:66:67:d2,0,0,28,1,-48,A,5c:62:8b:66:67:d2,0,0,0,0"
1791506973.709,"B,25676,10,b2:db:ca:e6:29:a6,28,1,0,0,-53,S,5c:62:8b:66:67:d2,1,0,0,0"
1791506973.913,"B,25876,10,5c:62:8b:66:67:d2,0,0,28,1,-49,A,5c:62:8b:66:67:d2,0,0,0,0"
1791506973.913,"B,25876,10,72:3b:01:24:b7:c8,28,1,0,0,-36,S,5c:62:8b:66:67:d2,1,0,0,0"
1791506973.913,"B,25976,10,5c:62:8b:66:67:d2,100,1,262,7,-46,A,5c:62:8b:66:67:d2,0,1,0,0"
1791506973.913,"B,25976,10,72:3b:01:24:b7:c8,168,6,0,0,-37,S,5c:62:8b:66:67:d2,6,0,0,0"
1791506973.913,"B,25976,10,46:88:44:6e:4f:e4,94,1,100,1,-37,S,5c:62:8b:66:67:d2,1,0,0,0"
1791506974.115,"B,26076,10,5c:62:8b:66:67:d2,0,0,28,1,-49,A,5c:62:8b:66:67:d2,0,0,0,0"
1791506974.115,"B,26076,10,72:3b:01:24:b7:c8,28,1,0,0,-40,S,5c:62:8b:66:67:d2,1,0,0,0"
1791506974.316,"B,26276,10,5c:62:8b:66:67:d2,0,0,118,1,-48,A,5c:62:8b:66:67:d2,0,0,0,0"
1791506974.316,"B,26276,10,46:88:44:6e:4f:e4,118,1,0,0,-37,S,5c:62:8b:66:67:d2,0,1,0,0"
1791506974.516,"B,26476,10,5c:62:8b:66:67:d2,0,0,28,1,-50,A,5c:62:8b:66:67:d2,0,0,0,0"
1791506974.516,"B,26476,10,b2:db:ca:e6:29:a6,28,1,0,0,-53,S,5c:62:8b:66:67:d2,1,0,0,0"
1791506974.516,"B,26576,10,5c:62:8b:66:67:d2,123,1,178,4,-47,A,5c:62:8b:66:67:d2,0,1,0,0"
1791506974.516,"B,26576,10,b0:a7:b9:23:82:ee,0,0,30,1,-92,A,b0:a7:b9:23:82:ee,0,0,0,0"
1791506974.516,"B,26576,10,b2:db:ca:e6:29:a6,56,2,0,0,-53,S,5c:62:8b:66:67:d2,2,0,0,0"
1791506974.516,"B,26576,10,f2:51:4e:f8:1a:7f,30,1,0,0,-86,S,b0:a7:b9:23:82:ee,1,0,0,0"
1791506974.516,"B,26576,10,46:88:44:6e:4f:e4,122,2,123,1,-37,S,5c:62:8b:66:67:d2,2,0,0,0"
1791506974.718,"B,26676,10,5c:62:8b:66:67:d2,0,0,56,2,-50,A,5c:62:8b:66:67:d2,0,0,0,0"
1791506974.718,"B,26676,10,78:8c:b5:f5:e7:26,160,2,0,0,-83,A,78:8c:b5:f5:e7:26,2,0,0,0"
1791506974.718,"B,26676,10,b2:db:ca:e6:29:a6,56,2,0,0,-53,S,5c:62:8b:66:67:d2,2,0,0,0"
1791506974.718,"B,26776,10,5c:62:8b:66:67:d2,0,0,56,2,-48,A,5c:62:8b:66:67:d2,0,0,0,0"
1791506974.718,"B,26776,10,b2:db:ca:e6:29:a6,56,2,0,0,-53,S,5c:62:8b:66:67:d2,2,0,0,0"
1791506974.922,"B,26876,10,5c:62:8b:66:67:d2,0,0,56,2,-48,A,5c:62:8b:66:67:d2,0,0,0,0"
1791506974.922,"B,26876,10,b2:db:ca:e6:29:a6,56,2,0,0,-53,S,5c:62:8b:66:67:d2,2,0,0,0"
1791506974.922,"B,26976,10,5c:62:8b:66:67:d2,0,0,28,1,-49,A,5c:62:8b:66:67:d2,0,0,0,0"
1791506974.922,"B,26976,10,b0:a7:b9:23:82:ee,0,0,30,1,-89,A,b0:a7:b9:23:82:ee,0,0,0,0"
1791506974.922,"B,26976,10,b2:db:ca:e6:29:a6,28,1,0,0,-54,S,5c:62:8b:66:67:d2,1,0,0,0"
1791506974.922,"B,26976,10,f2:51:4e:f8:1a:7f,30,1,0,0,-87,S,b0:a7:b9:23:82:ee,1,0,0,0"
1791506975.125,"B,27076,10,5c:62:8b:66:67:d2,0,0,56,2,-49,A,5c:62:8b:66:67:d2,0,0,0,0"
1791506975.125,"B,27076,10,b2:db:ca:e6:29:a6,28,1,0,0,-53,S,5c:62:8b:66:67:d2,1,0,0,0"
1791506975.125,"B,27076,10,72:3b:01:24:b7:c8,28,1,0,0,-40,S,5c:62:8b:66:67:d2,1,0,0,0"
1791506975.125,"B,27176,10,5c:62:8b:66:67:d2,0,0,112,4,-50,A,5c:62:8b:66:67:d2,0,0,0,0"
1791506975.125,"B,27176,10,b0:a7:b9:23:82:ee,0,0,30,1,0,A,b0:a7:b9:23:82:ee,0,0,0,0"
1791506975.125,"B,27176,10,b2:db:ca:e6:29:a6,28,1,0,0,-53,S,5c:62:8b:66:67:d2,1,0,0,0"
1791506975.125,"B,27176,10,f2:51:4e:f8:1a:7f,30,1,0,0,-88,S,b0:a7:b9:23:82:ee,1,0,0,0"
1791506975.125,"B,27176,10,72:3b:01:24:b7:c8,84,3,0,0,-39,S,5c:62:8b:66:67:d2,3,0,0,0"
1791506975.326,"B,27276,10,5c:62:8b:66:67:d2,0,0,56,2,-49,A,5c:62:8b:66:67:d2,0,0,0,0"
1791506975.326,"B,27276,10,b2:db:ca:e6:29:a6,56,2,0,0,-53,S,5c:62:8b:66:67:d2,2,0,0,0"
1791506975.326,"B,27376,10,5c:62:8b:66:67:d2,0,0,56,2,-48,A,5c:62:8b:66:67:d2,0,0,0,0"
1791506975.326,"B,27376,10,b2:db:ca:e6:29:a6,56,2,0,0,-53,S,5c:62:8b:66:67:d2,2,0,0,0"
1791506975.531,"B,27476,10,5c:62:8b:66:67:d2,0,0,28,1,-49,A,5c:62:8b:66:67:d2,0,0,0,0"
1791506975.531,"B,27476,10,b2:db:ca:e6:29:a6,28,1,0,0,-53,S,5c:62:8b:66:67:d2,1,0,0,0"
1791506975.531,"B,27576,10,5c:62:8b:66:67:d2,0,0,28,1,-49,A,5c:62:8b:66:67:d2,0,0,0,0"
1791506975.531,"B,27576,10,b2:db:ca:e6:29:a6,28,1,0,0,-54,S,5c:62:8b:66:67:d2,1,0,0,0"
1791506975.732,"B,27676,10,78:8c:b5:f5:e7:26,80,1,30,1,-81,A,78:8c:b5:f5:e7:26,1,0,0,0"
1791506975.732,"B,27676,10,a6:4c:bd:b6:c7:99,30,1,0,0,-84,S,78:8c:b5:f5:e7:26,1,0,0,0"
1791506975.732,"B,27776,10,78:8c:b5:f5:e7:26,0,0,30,1,-91,A,78:8c:b5:f5:e7:26,0,0,0,0"
1791506975.732,"B,27776,10,a6:4c:bd:b6:c7:99,30,1,0,0,-83,S,78:8c:b5:f5:e7:26,1,0,0,0"
1791506975.937,"B,27876,10,78:8c:b5:f5:e7:26,0,0,30,1,-85,A,78:8c:b5:f5:e7:26,0,0,0,0"
1791506975.937,"B,27876,10,a6:4c:bd:b6:c7:99,30,1,0,0,-86,S,78:8c:b5:f5:e7:26,1,0,0,0"
1791506975.937,"B,27976,10,78:8c:b5:f5:e7:26,0,0,30,1,-87,A,78:8c:b5:f5:e7:26,0,0,0,0"
1791506975.937,"B,27976,10,a6:4c:bd:b6:c7:99,30,1,0,0,-85,S,78:8c:b5:f5:e7:26,1,0,0,0"
1791506976.345,"B,28276,10,5c:62:8b:66:67:d2,0,0,28,1,-48,A,5c:62:8b:66:67:d2,0,0,0,0"
1791506976.345,"B,28276,10,b2:db:ca:e6:29:a6,28,1,0,0,-54,S,5c:62:8b:66:67:d2,1,0,0,0"
1791506976.345,"B,28376,10,5c:62:8b:66:67:d2,0,0,56,2,-49,A,5c:62:8b:66:67:d2,0,0,0,0"
1791506976.345,"B,28376,10,b2:db:ca:e6:29:a6,56,2,0,0,-52,S,5c:62:8b:66:67:d2,2,0,0,0"
1791506976.550,"B,28476,10,5c:62:8b:66:67:d2,0,0,56,2,-50,A,5c:62:8b:66:67:d2,0,0,0,0"
1791506976.550,"B,28476,10,b2:db:ca:e6:29:a6,56,2,0,0,-53,S,5c:62:8b:66:67:d2,2,0,0,0"
1791506976.550,"B,28576,10,5c:62:8b:66:67:d2,0,0,56,2,-49,A,5c:62:8b:66:67:d2,0,0,0,0"
1791506976.550,"B,28576,10,b2:db:ca:e6:29:a6,56,2,0,0,-53,S,5c:62:8b:66:67:d2,2,0,0,0"
1791506976.550,"B,28576,10,80:af:ca:68:4c:f8,104,1,0,0,-86,A,80:af:ca:68:4c:f8,0,1,0,0"
1791506976.750,"B,28676,10,5c:62:8b:66:67:d2,0,0,56,2,-49,A,5c:62:8b:66:67:d2,0,0,0,0"
1791506976.750,"B,28676,10,78:8c:b5:f5:e7:26,80,1,0,0,-83,A,78:8c:b5:f5:e7:26,1,0,0,0"
1791506976.750,"B,28676,10,b2:db:ca:e6:29:a6,56,2,0,0,-53,S,5c:62:8b:66:67:d2,2,0,0,0"
1791506976.750,"B,28776,10,5c:62:8b:66:67:d2,0,0,28,1,-49,A,5c:62:8b:66:67:d2,0,0,0,0"
1791506976.750,"B,28776,10,b2:db:ca:e6:29:a6,28,1,0,0,-54,S,5c:62:8b:66:67:d2,1,0,0,0"
1791506976.955,"B,28876,10,5c:62:8b:66:67:d2,0,0,28,1,-49,A,5c:62:8b:66:67:d2,0,0,0,0"
1791506976.955,"B,28876,10,b2:db:ca:e6:29:a6,28,1,0,0,-53,S,5c:62:8b:66:67:d2,1,0,0,0"
1791506977.771,"B,29776,10,78:8c:b5:f5:e7:26,80,1,0,0,-82,A,78:8c:b5:f5:e7:26,1,0,0,0"
1791506977.976,"B,29876,10,5c:62:8b:66:67:d2,0,0,28,1,-48,A,5c:62:8b:66:67:d2,0,0,0,0"
1791506977.976,"B,29876,10,b2:db:ca:e6:29:a6,28,1,0,0,-52,S,5c:62:8b:66:67:d2,1,0,0,0"
1791506977.976,"B,29976,10,5c:62:8b:66:67:d2,0,0,56,2,-49,A,5c:62:8b:66:67:d2,0,0,0,0"
1791506977.976,"B,29976,10,b2:db:ca:e6:29:a6,56,2,0,0,-53,S,5c:62:8b:66:67:d2,2,0,0,0"
1791506978.181,"B,30076,10,5c:62:8b:66:67:d2,0,0,84,3,-49,A,5c:62:8b:66:67:d2,0,0,0,0"
1791506978.181,"B,30076,10,b2:db:ca:e6:29:a6,84,3,0,0,-53,S,5c:62:8b:66:67:d2,3,0,0,0"
1791506978.181,"B,30076,10,80:af:ca:68:4c:f8,494,1,0,0,-89,A,80:af:ca:68:4c:f8,0,1,0,0"
1791506978.181,"I,30090,stat,rx=1905,drops=0,ch=10,bin=100,hop=0,heap=202024"
1791506978.181,"B,30176,10,5c:62:8b:66:67:d2,0,0,84,3,-49,A,5c:62:8b:66:67:d2,0,0,0,0"
1791506978.181,"B,30176,10,b2:db:ca:e6:29:a6,84,3,0,0,-52,S,5c:62:8b:66:67:d2,3,0,0,0"
1791506978.181,"B,30176,10,80:af:ca:68:4c:f8,549,1,0,0,-85,A,80:af:ca:68:4c:f8,0,1,0,0"
1791506978.383,"B,30276,10,5c:62:8b:66:67:d2,0,0,28,1,-50,A,5c:62:8b:66:67:d2,0,0,0,0"
1791506978.383,"B,30276,10,b2:db:ca:e6:29:a6,28,1,0,0,-52,S,5c:62:8b:66:67:d2,1,0,0,0"
1791506978.383,"B,30276,10,80:af:ca:68:4c:f8,2655,5,0,0,-86,A,80:af:ca:68:4c:f8,0,5,0,0"
1791506978.383,"B,30376,10,5c:62:8b:66:67:d2,0,0,28,1,-49,A,5c:62:8b:66:67:d2,0,0,0,0"
1791506978.383,"B,30376,10,b0:a7:b9:23:82:ee,0,0,60,2,-91,A,b0:a7:b9:23:82:ee,0,0,0,0"
1791506978.383,"B,30376,10,b2:db:ca:e6:29:a6,28,1,0,0,-53,S,5c:62:8b:66:67:d2,1,0,0,0"
1791506978.383,"B,30376,10,f2:51:4e:f8:1a:7f,60,2,0,0,-86,S,b0:a7:b9:23:82:ee,2,0,0,0"
1791506978.588,"B,30476,10,5c:62:8b:66:67:d2,0,0,56,2,-49,A,5c:62:8b:66:67:d2,0,0,0,0"
1791506978.588,"B,30476,10,72:3b:01:24:b7:c8,56,2,0,0,-40,S,5c:62:8b:66:67:d2,2,0,0,0"
1791506978.792,"B,30676,10,5c:62:8b:66:67:d2,0,0,28,1,-48,A,5c:62:8b:66:67:d2,0,0,0,0"
1791506978.792,"B,30676,10,b2:db:ca:e6:29:a6,28,1,0,0,-53,S,5c:62:8b:66:67:d2,1,0,0,0"
1791506978.792,"B,30776,10,5c:62:8b:66:67:d2,0,0,196,7,-49,A,5c:62:8b:66:67:d2,0,0,0,0"
1791506978.792,"B,30776,10,b2:db:ca:e6:29:a6,112,4,0,0,-53,S,5c:62:8b:66:67:d2,4,0,0,0"
1791506978.792,"B,30776,10,72:3b:01:24:b7:c8,84,3,0,0,-38,S,5c:62:8b:66:67:d2,3,0,0,0"
1791506978.993,"B,30876,10,5c:62:8b:66:67:d2,0,0,28,1,-49,A,5c:62:8b:66:67:d2,0,0,0,0"
1791506978.993,"B,30876,10,b2:db:ca:e6:29:a6,28,1,0,0,-53,S,5c:62:8b:66:67:d2,1,0,0,0"
1791506978.993,"B,30976,10,5c:62:8b:66:67:d2,0,0,140,5,-48,A,5c:62:8b:66:67:d2,0,0,0,0"
1791506978.993,"B,30976,10,b2:db:ca:e6:29:a6,28,1,0,0,-52,S,5c:62:8b:66:67:d2,1,0,0,0"
1791506978.993,"B,30976,10,72:3b:01:24:b7:c8,112,4,0,0,-37,S,5c:62:8b:66:67:d2,4,0,0,0"
1791506979.193,"B,31076,10,5c:62:8b:66:67:d2,0,0,112,4,-48,A,5c:62:8b:66:67:d2,0,0,0,0"
1791506979.193,"B,31076,10,b2:db:ca:e6:29:a6,28,1,0,0,-52,S,5c:62:8b:66:67:d2,1,0,0,0"
1791506979.193,"B,31076,10,80:af:ca:68:4c:f8,84,1,0,0,-90,A,80:af:ca:68:4c:f8,1,0,0,0"
1791506979.193,"B,31076,10,72:3b:01:24:b7:c8,84,3,0,0,-36,S,5c:62:8b:66:67:d2,3,0,0,0"
1791506979.193,"B,31176,10,5c:62:8b:66:67:d2,0,0,84,3,-50,A,5c:62:8b:66:67:d2,0,0,0,0"
1791506979.193,"B,31176,10,b0:a7:b9:23:82:ee,0,0,30,1,-93,A,b0:a7:b9:23:82:ee,0,0,0,0"
1791506979.193,"B,31176,10,f2:51:4e:f8:1a:7f,30,1,0,0,-88,S,b0:a7:b9:23:82:ee,1,0,0,0"
1791506979.193,"B,31176,10,72:3b:01:24:b7:c8,84,3,0,0,-37,S,5c:62:8b:66:67:d2,3,0,0,0"
1791506979.193,"B,31276,10,5c:62:8b:66:67:d2,0,0,28,1,-48,A,5c:62:8b:66:67:d2,0,0,0,0"
1791506979.397,"B,31276,10,b2:db:ca:e6:29:a6,28,1,0,0,-53,S,5c:62:8b:66:67:d2,1,0,0,0"
1791506979.397,"B,31376,10,5c:62:8b:66:67:d2,0,0,168,6,-48,A,5c:62:8b:66:67:d2,0,0,0,0"
1791506979.397,"B,31376,10,b2:db:ca:e6:29:a6,28,1,0,0,-53,S,5c:62:8b:66:67:d2,1,0,0,0"
1791506979.397,"B,31376,10,72:3b:01:24:b7:c8,140,5,0,0,-43,S,5c:62:8b:66:67:d2,5,0,0,0"
1791506979.597,"B,31476,10,5c:62:8b:66:67:d2,0,0,56,2,-49,A,5c:62:8b:66:67:d2,0,0,0,0"
1791506979.597,"B,31476,10,b2:db:ca:e6:29:a6,56,2,0,0,-52,S,5c:62:8b:66:67:d2,2,0,0,0"
1791506979.597,"B,31576,10,5c:62:8b:66:67:d2,0,0,56,2,-48,A,5c:62:8b:66:67:d2,0,0,0,0"
1791506979.597,"B,31576,10,b2:db:ca:e6:29:a6,56,2,0,0,-53,S,5c:62:8b:66:67:d2,2,0,0,0"
1791506979.798,"B,31676,10,5c:62:8b:66:67:d2,0,0,56,2,-48,A,5c:62:8b:66:67:d2,0,0,0,0"
1791506979.798,"B,31676,10,b2:db:ca:e6:29:a6,56,2,0,0,-53,S,5c:62:8b:66:67:d2,2,0,0,0"
1791506979.798,"B,31776,10,5c:62:8b:66:67:d2,0,0,56,2,-50,A,5c:62:8b:66:67:d2,0,0,0,0"
1791506979.798,"B,31776,10,b2:db:ca:e6:29:a6,56,2,0,0,-53,S,5c:62:8b:66:67:d2,2,0,0,0"
1791506979.798,"B,31876,10,5c:62:8b:66:67:d2,0,0,28,1,-49,A,5c:62:8b:66:67:d2,0,0,0,0"
1791506979.998,"B,31876,10,b2:db:ca:e6:29:a6,28,1,0,0,-54,S,5c:62:8b:66:67:d2,1,0,0,0"
1791506979.998,"B,31876,10,80:af:ca:68:4c:f8,84,1,0,0,-85,A,80:af:ca:68:4c:f8,1,0,0,0"
1791506979.998,"B,31976,10,5c:62:8b:66:67:d2,0,0,56,2,-50,A,5c:62:8b:66:67:d2,0,0,0,0"
1791506979.998,"B,31976,10,b2:db:ca:e6:29:a6,56,2,0,0,-53,S,5c:62:8b:66:67:d2,2,0,0,0"
1791506979.998,"B,32076,10,5c:62:8b:66:67:d2,0,0,56,2,-48,A,5c:62:8b:66:67:d2,0,0,0,0"
1791506980.201,"B,32076,10,b2:db:ca:e6:29:a6,56,2,0,0,-52,S,5c:62:8b:66:67:d2,2,0,0,0"
1791506980.201,"B,32176,10,5c:62:8b:66:67:d2,0,0,28,1,0,A,5c:62:8b:66:67:d2,0,0,0,0"
1791506980.201,"B,32176,10,b2:db:ca:e6:29:a6,28,1,0,0,-51,S,5c:62:8b:66:67:d2,1,0,0,0"
1791506980.405,"B,32376,10,5c:62:8b:66:67:d2,0,0,84,3,-49,A,5c:62:8b:66:67:d2,0,0,0,0"
1791506980.405,"B,32376,10,b2:db:ca:e6:29:a6,84,3,0,0,-53,S,5c:62:8b:66:67:d2,3,0,0,0"
1791506980.607,"B,32576,10,5c:62:8b:66:67:d2,0,0,56,2,-49,A,5c:62:8b:66:67:d2,0,0,0,0"
1791506980.607,"B,32576,10,78:8c:b5:f5:e7:26,260,2,0,0,-84,A,78:8c:b5:f5:e7:26,0,2,0,0"
1791506980.607,"B,32576,10,b2:db:ca:e6:29:a6,56,2,0,0,-51,S,5c:62:8b:66:67:d2,2,0,0,0"
1791506980.607,"B,32676,10,5c:62:8b:66:67:d2,0,0,56,2,-51,A,5c:62:8b:66:67:d2,0,0,0,0"
1791506980.607,"B,32676,10,b2:db:ca:e6:29:a6,56,2,0,0,-52,S,5c:62:8b:66:67:d2,2,0,0,0"
1791506980.607,"B,32676,10,80:af:ca:68:4c:f8,104,1,0,0,-86,A,80:af:ca:68:4c:f8,0,1,0,0"
1791506980.808,"B,32776,10,5c:62:8b:66:67:d2,0,0,56,2,-50,A,5c:62:8b:66:67:d2,0,0,0,0"
1791506980.808,"B,32776,10,b2:db:ca:e6:29:a6,56,2,0,0,-52,S,5c:62:8b:66:67:d2,2,0,0,0"
1791506980.808,"B,32876,10,5c:62:8b:66:67:d2,0,0,28,1,-50,A,5c:62:8b:66:67:d2,0,0,0,0"
1791506980.808,"B,32876,10,b2:db:ca:e6:29:a6,28,1,0,0,-52,S,5c:62:8b:66:67:d2,1,0,0,0"
1791506981.011,"B,32976,10,5c:62:8b:66:67:d2,0,0,56,2,-48,A,5c:62:8b:66:67:d2,0,0,0,0"
1791506981.011,"B,32976,10,b2:db:ca:e6:29:a6,56,2,0,0,-52,S,5c:62:8b:66:67:d2,2,0,0,0"
1791506981.011,"B,33076,10,5c:62:8b:66:67:d2,0,0,196,7,-49,A,5c:62:8b:66:67:d2,0,0,0,0"
1791506981.011,"B,33076,10,b2:db:ca:e6:29:a6,56,2,0,0,-52,S,5c:62:8b:66:67:d2,2,0,0,0"
1791506981.011,"B,33076,10,72:3b:01:24:b7:c8,140,5,0,0,-37,S,5c:62:8b:66:67:d2,5,0,0,0"
1791506981.214,"B,33176,10,5c:62:8b:66:67:d2,0,0,84,3,-49,A,5c:62:8b:66:67:d2,0,0,0,0"
1791506981.214,"B,33176,10,b2:db:ca:e6:29:a6,56,2,0,0,-52,S,5c:62:8b:66:67:d2,2,0,0,0"
1791506981.214,"B,33176,10,72:3b:01:24:b7:c8,28,1,0,0,-40,S,5c:62:8b:66:67:d2,1,0,0,0"
1791506981.214,"B,33276,10,5c:62:8b:66:67:d2,0,0,56,2,-50,A,5c:62:8b:66:67:d2,0,0,0,0"
1791506981.214,"B,33276,10,b2:db:ca:e6:29:a6,28,1,0,0,-54,S,5c:62:8b:66:67:d2,1,0,0,0"
1791506981.214,"B,33276,10,72:3b:01:24:b7:c8,28,1,0,0,-41,S,5c:62:8b:66:67:d2,1,0,0,0"
1791506981.416,"B,33376,10,5c:62:8b:66:67:d2,0,0,112,4,-48,A,5c:62:8b:66:67:d2,0,0,0,0"
1791506981.416,"B,33376,10,b2:db:ca:e6:29:a6,84,3,0,0,-52,S,5c:62:8b:66:67:d2,3,0,0,0"
1791506981.416,"B,33376,10,72:3b:01:24:b7:c8,28,1,0,0,-40,S,5c:62:8b:66:67:d2,1,0,0,0"
1791506981.619,"B,33576,10,5c:62:8b:66:67:d2,0,0,28,1,-49,A,5c:62:8b:66:67:d2,0,0,0,0"
1791506981.619,"B,33576,10,b2:db:ca:e6:29:a6,28,1,0,0,-52,S,5c:62:8b:66:67:d2,1,0,0,0"
1791506981.619,"B,33676,10,5c:62:8b:66:67:d2,0,0,28,1,-49,A,5c:62:8b:66:67:d2,0,0,0,0"
1791506981.619,"B,33676,10,b2:db:ca:e6:29:a6,28,1,0,0,-52,S,5c:62:8b:66:67:d2,1,0,0,0"
1791506981.822,"B,33776,10,5c:62:8b:66:67:d2,0,0,56,2,-49,A,5c:62:8b:66:67:d2,0,0,0,0"
1791506981.822,"B,33776,10,b2:db:ca:e6:29:a6,56,2,0,0,-52,S,5c:62:8b:66:67:d2,2,0,0,0"
1791506981.822,"B,33876,10,5c:62:8b:66:67:d2,0,0,56,2,-49,A,5c:62:8b:66:67:d2,0,0,0,0"
1791506981.822,"B,33876,10,b2:db:ca:e6:29:a6,56,2,0,0,-53,S,5c:62:8b:66:67:d2,2,0,0,0"
1791506982.024,"B,33976,10,5c:62:8b:66:67:d2,0,0,56,2,-49,A,5c:62:8b:66:67:d2,0,0,0,0"
1791506982.024,"B,33976,10,cc:d8:43:ca:9f:eb,0,0,60,2,-76,A,cc:d8:43:ca:9f:eb,0,0,0,0"
1791506982.024,"B,33976,10,b2:db:ca:e6:29:a6,56,2,0,0,-52,S,5c:62:8b:66:67:d2,2,0,0,0"
1791506982.024,"B,33976,10,98:5f:41:bf:7c:ff,60,2,0,0,-69,S,cc:d8:43:ca:9f:eb,2,0,0,0"
1791506982.024,"B,34076,10,5c:62:8b:66:67:d2,0,0,84,3,-49,A,5c:62:8b:66:67:d2,0,0,0,0"
1791506982.024,"B,34076,10,b2:db:ca:e6:29:a6,84,3,0,0,-52,S,5c:62:8b:66:67:d2,3,0,0,0"
1791506982.228,"B,34176,10,5c:62:8b:66:67:d2,0,0,28,1,-49,A,5c:62:8b:66:67:d2,0,0,0,0"
1791506982.228,"B,34176,10,cc:d8:43:ca:9f:eb,0,0,90,3,-77,A,cc:d8:43:ca:9f:eb,0,0,0,0"
1791506982.228,"B,34176,10,b2:db:ca:e6:29:a6,28,1,0,0,-54,S,5c:62:8b:66:67:d2,1,0,0,0"
1791506982.228,"B,34176,10,98:5f:41:bf:7c:ff,90,3,0,0,-69,S,cc:d8:43:ca:9f:eb,3,0,0,0"
1791506982.228,"B,34276,10,5c:62:8b:66:67:d2,0,0,28,1,-48,A,5c:62:8b:66:67:d2,0,0,0,0"
1791506982.228,"B,34276,10,b2:db:ca:e6:29:a6,28,1,0,0,-53,S,5c:62:8b:66:67:d2,1,0,0,0"
1791506982.434,"B,34376,10,5c:62:8b:66:67:d2,0,0,56,2,-49,A,5c:62:8b:66:67:d2,0,0,0,0"
1791506982.434,"B,34376,10,b2:db:ca:e6:29:a6,56,2,0,0,-53,S,5c:62:8b:66:67:d2,2,0,0,0"
1791506982.434,"B,34476,10,5c:62:8b:66:67:d2,0,0,56,2,-50,A,5c:62:8b:66:67:d2,0,0,0,0"
1791506982.434,"B,34476,10,b2:db:ca:e6:29:a6,56,2,0,0,-52,S,5c:62:8b:66:67:d2,2,0,0,0"
1791506982.634,"B,34576,10,5c:62:8b:66:67:d2,0,0,28,1,-48,A,5c:62:8b:66:67:d2,0,0,0,0"
1791506982.634,"B,34576,10,b2:db:ca:e6:29:a6,28,1,0,0,-54,S,5c:62:8b:66:67:d2,1,0,0,0"
1791506982.634,"B,34576,10,80:af:ca:68:4c:f8,104,1,0,0,-88,A,80:af:ca:68:4c:f8,0,1,0,0"
1791506982.634,"B,34676,10,5c:62:8b:66:67:d2,0,0,28,1,-48,A,5c:62:8b:66:67:d2,0,0,0,0"
1791506982.634,"B,34676,10,b2:db:ca:e6:29:a6,28,1,0,0,-53,S,5c:62:8b:66:67:d2,1,0,0,0"
1791506982.838,"B,34776,10,cc:d8:43:ca:9f:eb,0,0,60,2,-76,A,cc:d8:43:ca:9f:eb,0,0,0,0"
1791506982.838,"B,34776,10,98:5f:41:bf:7c:ff,60,2,0,0,-69,S,cc:d8:43:ca:9f:eb,2,0,0,0"
1791506983.043,"I,35091,stat,rx=2190,drops=0,ch=10,bin=100,hop=0,heap=202024"
1791506983.453,"B,35376,10,5c:62:8b:66:67:d2,0,0,28,1,-49,A,5c:62:8b:66:67:d2,0,0,0,0"
1791506983.453,"B,35376,10,b0:a7:b9:23:82:ee,0,0,30,1,-90,A,b0:a7:b9:23:82:ee,0,0,0,0"
1791506983.453,"B,35376,10,b2:db:ca:e6:29:a6,28,1,0,0,-52,S,5c:62:8b:66:67:d2,1,0,0,0"
1791506983.453,"B,35376,10,f2:51:4e:f8:1a:7f,30,1,0,0,-82,S,b0:a7:b9:23:82:ee,1,0,0,0"
1791506983.453,"B,35476,10,5c:62:8b:66:67:d2,0,0,28,1,-48,A,5c:62:8b:66:67:d2,0,0,0,0"
1791506983.453,"B,35476,10,cc:d8:43:ca:9f:eb,0,0,120,4,-76,A,cc:d8:43:ca:9f:eb,0,0,0,0"
1791506983.453,"B,35476,10,b2:db:ca:e6:29:a6,28,1,0,0,-52,S,5c:62:8b:66:67:d2,1,0,0,0"
1791506983.453,"B,35476,10,98:5f:41:bf:7c:ff,120,4,0,0,-70,S,cc:d8:43:ca:9f:eb,4,0,0,0"
1791506983.667,"B,35576,10,5c:62:8b:66:67:d2,0,0,28,1,-49,A,5c:62:8b:66:67:d2,0,0,0,0"
1791506983.667,"B,35576,10,b2:db:ca:e6:29:a6,28,1,0,0,-54,S,5c:62:8b:66:67:d2,1,0,0,0"
1791506983.667,"B,35676,10,5c:62:8b:66:67:d2,0,0,56,2,-49,A,5c:62:8b:66:67:d2,0,0,0,0"
1791506983.667,"B,35676,10,b2:db:ca:e6:29:a6,56,2,0,0,-53,S,5c:62:8b:66:67:d2,2,0,0,0"
1791506983.867,"B,35776,10,5c:62:8b:66:67:d2,0,0,56,2,-49,A,5c:62:8b:66:67:d2,0,0,0,0"
1791506983.867,"B,35776,10,b2:db:ca:e6:29:a6,56,2,0,0,-52,S,5c:62:8b:66:67:d2,2,0,0,0"
1791506983.867,"B,35876,10,5c:62:8b:66:67:d2,0,0,28,1,-48,A,5c:62:8b:66:67:d2,0,0,0,0"
1791506983.867,"B,35876,10,b2:db:ca:e6:29:a6,28,1,0,0,-52,S,5c:62:8b:66:67:d2,1,0,0,0"
1791506984.072,"P,35950,138"
1791506984.072,"B,35976,10,cc:b8:5e:ad:5c:4a,138,1,0,0,-48,S,5c:62:8b:66:67:d2,0,1,0,0"
1791506984.072,"B,35976,10,5c:62:8b:66:67:d2,0,0,166,2,-49,A,5c:62:8b:66:67:d2,0,0,0,0"
1791506984.072,"B,35976,10,b2:db:ca:e6:29:a6,28,1,0,0,-53,S,5c:62:8b:66:67:d2,1,0,0,0"
1791506984.072,"B,36076,10,cc:b8:5e:ad:5c:4a,0,0,113,1,0,S,5c:62:8b:66:67:d2,0,0,0,0"
1791506984.072,"B,36076,10,5c:62:8b:66:67:d2,113,1,0,0,-46,A,5c:62:8b:66:67:d2,0,1,0,0"
1791506984.072,"B,36076,10,64:d1:54:63:44:f4,92,1,0,0,-90,A,64:d1:54:63:44:f4,1,0,0,0"
1791506984.480,"B,36376,10,b0:a7:b9:23:82:ee,0,0,30,1,-90,A,b0:a7:b9:23:82:ee,0,0,0,0"
1791506984.480,"B,36376,10,f2:51:4e:f8:1a:7f,30,1,0,0,-87,S,b0:a7:b9:23:82:ee,1,0,0,0"
1791506984.680,"B,36676,10,cc:d8:43:ca:9f:eb,0,0,60,2,-76,A,cc:d8:43:ca:9f:eb,0,0,0,0"
1791506984.680,"B,36676,10,78:8c:b5:f5:e7:26,80,1,0,0,-84,A,78:8c:b5:f5:e7:26,1,0,0,0"
1791506984.680,"B,36676,10,98:5f:41:bf:7c:ff,60,2,0,0,-70,S,cc:d8:43:ca:9f:eb,2,0,0,0"
1791506985.082,"B,37076,10,b0:a7:b9:23:82:ee,0,0,30,1,-90,A,b0:a7:b9:23:82:ee,0,0,0,0"
1791506985.082,"B,37076,10,f2:51:4e:f8:1a:7f,30,1,0,0,-86,S,b0:a7:b9:23:82:ee,1,0,0,0"
1791506985.282,"B,37176,10,b0:a7:b9:23:82:ee,0,0,28,1,0,A,b0:a7:b9:23:82:ee,0,0,0,0"
1791506985.282,"B,37176,10,e2:5e:2c:92:7b:df,28,1,0,0,-84,S,b0:a7:b9:23:82:ee,1,0,0,0"
1791506985.692,"B,37676,10,78:8c:b5:f5:e7:26,80,1,0,0,-82,A,78:8c:b5:f5:e7:26,1,0,0,0"
1791506985.898,"B,37776,10,78:8c:b5:f5:e7:26,259,1,0,0,-79,A,78:8c:b5:f5:e7:26,0,1,0,0"
1791506986.504,"B,38476,10,78:8c:b5:f5:e7:26,0,0,30,1,-82,A,78:8c:b5:f5:e7:26,0,0,0,0"
1791506986.504,"B,38476,10,a6:4c:bd:b6:c7:99,30,1,0,0,-87,S,78:8c:b5:f5:e7:26,1,0,0,0"
1791506986.504,"B,38576,10,78:8c:b5:f5:e7:26,0,0,30,1,-84,A,78:8c:b5:f5:e7:26,0,0,0,0"
1791506986.504,"B,38576,10,a6:4c:bd:b6:c7:99,30,1,0,0,-89,S,78:8c:b5:f5:e7:26,1,0,0,0"
1791506986.707,"B,38676,10,78:8c:b5:f5:e7:26,0,0,60,2,-84,A,78:8c:b5:f5:e7:26,0,0,0,0"
1791506986.707,"B,38676,10,b0:a7:b9:23:82:ee,0,0,56,2,-91,A,b0:a7:b9:23:82:ee,0,0,0,0"
1791506986.707,"B,38676,10,e2:5e:2c:92:7b:df,56,2,0,0,-86,S,b0:a7:b9:23:82:ee,2,0,0,0"
1791506986.707,"B,38676,10,a6:4c:bd:b6:c7:99,60,2,0,0,-89,S,78:8c:b5:f5:e7:26,2,0,0,0"
1791506986.908,"B,38976,10,cc:d8:43:ca:9f:eb,86,1,232,4,-76,A,cc:d8:43:ca:9f:eb,1,0,0,0"
1791506986.908,"B,38976,10,98:5f:41:bf:7c:ff,232,4,86,1,-69,S,cc:d8:43:ca:9f:eb,4,0,0,0"
1791506987.113,"B,39076,10,cc:d8:43:ca:9f:eb,0,0,30,1,0,A,cc:d8:43:ca:9f:eb,0,0,0,0"
1791506987.113,"B,39076,10,98:5f:41:bf:7c:ff,30,1,0,0,-70,S,cc:d8:43:ca:9f:eb,1,0,0,0"
1791506987.522,"B,39476,10,64:d1:54:63:44:f4,130,1,0,0,-90,A,64:d1:54:63:44:f4,0,1,0,0"
1791506987.522,"B,39476,10,d6:aa:26:b6:83:e1,0,0,130,1,0,S,64:d1:54:63:44:f4,0,0,0,0"
1791506987.726,"B,39676,10,5c:62:8b:66:67:d2,0,0,28,1,-48,A,5c:62:8b:66:67:d2,0,0,0,0"
1791506987.726,"B,39676,10,b2:db:ca:e6:29:a6,28,1,0,0,-52,S,5c:62:8b:66:67:d2,1,0,0,0"
1791506987.726,"B,39776,10,5c:62:8b:66:67:d2,0,0,56,2,-49,A,5c:62:8b:66:67:d2,0,0,0,0"
1791506987.726,"B,39776,10,78:8c:b5:f5:e7:26,0,0,28,1,-82,A,78:8c:b5:f5:e7:26,0,0,0,0"
1791506987.726,"B,39776,10,b2:db:ca:e6:29:a6,56,2,0,0,-52,S,5c:62:8b:66:67:d2,2,0,0,0"
1791506987.726,"B,39776,10,00:08:22:24:d6:fb,28,1,0,0,-75,S,78:8c:b5:f5:e7:26,1,0,0,0"
1791506987.930,"B,39876,10,5c:62:8b:66:67:d2,0,0,28,1,-49,A,5c:62:8b:66:67:d2,0,0,0,0"
1791506987.930,"B,39876,10,b2:db:ca:e6:29:a6,28,1,0,0,-52,S,5c:62:8b:66:67:d2,1,0,0,0"
1791506987.930,"B,39976,10,5c:62:8b:66:67:d2,82,1,56,2,-48,A,5c:62:8b:66:67:d2,1,0,0,0"
1791506987.930,"B,39976,10,b2:db:ca:e6:29:a6,56,2,82,1,-52,S,5c:62:8b:66:67:d2,2,0,0,0"
1791506988.136,"B,40076,10,5c:62:8b:66:67:d2,0,0,28,1,-49,A,5c:62:8b:66:67:d2,0,0,0,0"
1791506988.136,"B,40076,10,b2:db:ca:e6:29:a6,28,1,0,0,-53,S,5c:62:8b:66:67:d2,1,0,0,0"
1791506988.136,"I,40092,stat,rx=2459,drops=0,ch=10,bin=100,hop=0,heap=202024"
1791506988.136,"B,40176,10,5c:62:8b:66:67:d2,0,0,84,3,-50,A,5c:62:8b:66:67:d2,0,0,0,0"
1791506988.136,"B,40176,10,b2:db:ca:e6:29:a6,84,3,0,0,-51,S,5c:62:8b:66:67:d2,3,0,0,0"
1791506988.136,"B,40176,10,64:d1:54:63:44:f4,164,1,0,0,-90,A,64:d1:54:63:44:f4,0,1,0,0"
1791506988.136,"B,40176,10,d6:aa:26:b6:83:e1,0,0,164,1,0,S,64:d1:54:63:44:f4,0,0,0,0"
1791506988.340,"B,40276,10,5c:62:8b:66:67:d2,80,1,28,1,-48,A,5c:62:8b:66:67:d2,1,0,0,0"
1791506988.340,"B,40276,10,b0:a7:b9:23:82:ee,0,0,30,1,-89,A,b0:a7:b9:23:82:ee,0,0,0,0"
1791506988.340,"B,40276,10,b2:db:ca:e6:29:a6,28,1,0,0,-51,S,5c:62:8b:66:67:d2,1,0,0,0"
1791506988.340,"B,40276,10,f2:51:4e:f8:1a:7f,30,1,0,0,-88,S,b0:a7:b9:23:82:ee,1,0,0,0"
1791506988.340,"B,40376,10,5c:62:8b:66:67:d2,0,0,56,2,-49,A,5c:62:8b:66:67:d2,0,0,0,0"
1791506988.340,"B,40376,10,b2:db:ca:e6:29:a6,56,2,0,0,-52,S,5c:62:8b:66:67:d2,2,0,0,0"
1791506988.542,"B,40476,10,5c:62:8b:66:67:d2,0,0,28,1,0,A,5c:62:8b:66:67:d2,0,0,0,0"
1791506988.542,"B,40476,10,b2:db:ca:e6:29:a6,28,1,0,0,-51,S,5c:62:8b:66:67:d2,1,0,0,0"
1791506988.542,"B,40576,10,5c:62:8b:66:67:d2,0,0,28,1,-49,A,5c:62:8b:66:67:d2,0,0,0,0"
1791506988.542,"B,40576,10,b2:db:ca:e6:29:a6,28,1,0,0,-53,S,5c:62:8b:66:67:d2,1,0,0,0"
1791506988.744,"B,40776,10,5c:62:8b:66:67:d2,0,0,56,2,-50,A,5c:62:8b:66:67:d2,0,0,0,0"
1791506988.744,"B,40776,10,b2:db:ca:e6:29:a6,56,2,0,0,-53,S,5c:62:8b:66:67:d2,2,0,0,0"
1791506988.950,"B,40876,10,5c:62:8b:66:67:d2,0,0,28,1,-49,A,5c:62:8b:66:67:d2,0,0,0,0"
1791506988.950,"B,40876,10,b0:a7:b9:23:82:ee,0,0,82,1,-92,A,b0:a7:b9:23:82:ee,0,0,0,0"
1791506988.950,"B,40876,10,b2:db:ca:e6:29:a6,28,1,0,0,-51,S,5c:62:8b:66:67:d2,1,0,0,0"
1791506988.950,"B,40876,10,f2:51:4e:f8:1a:7f,82,1,0,0,-88,S,b0:a7:b9:23:82:ee,1,0,0,0"
1791506988.950,"B,40976,10,5c:62:8b:66:67:d2,0,0,28,1,-49,A,5c:62:8b:66:67:d2,0,0,0,0"
1791506988.950,"B,40976,10,b2:db:ca:e6:29:a6,28,1,0,0,-52,S,5c:62:8b:66:67:d2,1,0,0,0"
1791506989.150,"B,41076,10,5c:62:8b:66:67:d2,0,0,56,2,-48,A,5c:62:8b:66:67:d2,0,0,0,0"
1791506989.150,"B,41076,10,b2:db:ca:e6:29:a6,56,2,0,0,-52,S,5c:62:8b:66:67:d2,2,0,0,0"
1791506989.150,"B,41176,10,5c:62:8b:66:67:d2,0,0,28,1,-50,A,5c:62:8b:66:67:d2,0,0,0,0"
1791506989.150,"B,41176,10,b2:db:ca:e6:29:a6,28,1,0,0,-53,S,5c:62:8b:66:67:d2,1,0,0,0"
1791506989.353,"B,41276,10,5c:62:8b:66:67:d2,80,1,56,2,-49,A,5c:62:8b:66:67:d2,1,0,0,0"
1791506989.353,"B,41276,10,b2:db:ca:e6:29:a6,56,2,0,0,-51,S,5c:62:8b:66:67:d2,2,0,0,0"
1791506989.353,"B,41376,10,5c:62:8b:66:67:d2,0,0,56,2,-50,A,5c:62:8b:66:67:d2,0,0,0,0"
1791506989.353,"B,41376,10,b0:a7:b9:23:82:ee,0,0,60,2,-91,A,b0:a7:b9:23:82:ee,0,0,0,0"
1791506989.353,"B,41376,10,b2:db:ca:e6:29:a6,56,2,0,0,-51,S,5c:62:8b:66:67:d2,2,0,0,0"
1791506989.353,"B,41376,10,f2:51:4e:f8:1a:7f,60,2,0,0,-87,S,b0:a7:b9:23:82:ee,2,0,0,0"
1791506989.559,"B,41476,10,5c:62:8b:66:67:d2,0,0,56,2,-48,A,5c:62:8b:66:67:d2,0,0,0,0"
1791506989.559,"B,41476,10,b2:db:ca:e6:29:a6,56,2,0,0,-51,S,5c:62:8b:66:67:d2,2,0,0,0"
1791506989.559,"B,41576,10,5c:62:8b:66:67:d2,0,0,84,3,-48,A,5c:62:8b:66:67:d2,0,0,0,0"
1791506989.559,"B,41576,10,b2:db:ca:e6:29:a6,84,3,0,0,-51,S,5c:62:8b:66:67:d2,3,0,0,0"
1791506989.759,"B,41676,10,5c:62:8b:66:67:d2,0,0,84,3,-49,A,5c:62:8b:66:67:d2,0,0,0,0"
1791506989.759,"B,41676,10,b2:db:ca:e6:29:a6,84,3,0,0,-52,S,5c:62:8b:66:67:d2,3,0,0,0"
1791506989.759,"B,41776,10,5c:62:8b:66:67:d2,0,0,28,1,-49,A,5c:62:8b:66:67:d2,0,0,0,0"
1791506989.759,"B,41776,10,b2:db:ca:e6:29:a6,28,1,0,0,-52,S,5c:62:8b:66:67:d2,1,0,0,0"
1791506989.964,"B,41876,10,5c:62:8b:66:67:d2,100,1,150,3,-46,A,5c:62:8b:66:67:d2,0,1,0,0"
1791506989.964,"B,41876,10,b2:db:ca:e6:29:a6,56,2,0,0,-51,S,5c:62:8b:66:67:d2,2,0,0,0"
1791506989.964,"B,41876,10,46:88:44:6e:4f:e4,94,1,100,1,-37,S,5c:62:8b:66:67:d2,1,0,0,0"
1791506990.169,"B,42076,10,5c:62:8b:66:67:d2,0,0,56,2,-49,A,5c:62:8b:66:67:d2,0,0,0,0"
1791506990.169,"B,42076,10,78:8c:b5:f5:e7:26,0,0,60,2,-82,A,78:8c:b5:f5:e7:26,0,0,0,0"
1791506990.169,"B,42076,10,b2:db:ca:e6:29:a6,56,2,0,0,-52,S,5c:62:8b:66:67:d2,2,0,0,0"
1791506990.169,"B,42076,10,a6:4c:bd:b6:c7:99,60,2,0,0,-86,S,78:8c:b5:f5:e7:26,2,0,0,0"
1791506990.169,"B,42176,10,5c:62:8b:66:67:d2,0,0,56,2,-50,A,5c:62:8b:66:67:d2,0,0,0,0"
1791506990.169,"B,42176,10,78:8c:b5:f5:e7:26,0,0,30,1,-83,A,78:8c:b5:f5:e7:26,0,0,0,0"
1791506990.169,"B,42176,10,b0:a7:b9:23:82:ee,0,0,166,4,-88,A,b0:a7:b9:23:82:ee,0,0,0,0"
1791506990.169,"B,42176,10,b2:db:ca:e6:29:a6,56,2,0,0,-52,S,5c:62:8b:66:67:d2,2,0,0,0"
1791506990.169,"B,42176,10,e2:5e:2c:92:7b:df,166,4,0,0,-86,S,b0:a7:b9:23:82:ee,4,0,0,0"
1791506990.169,"B,42176,10,a6:4c:bd:b6:c7:99,30,1,0,0,-90,S,78:8c:b5:f5:e7:26,1,0,0,0"
1791506990.373,"B,42276,10,5c:62:8b:66:67:d2,0,0,84,3,-50,A,5c:62:8b:66:67:d2,0,0,0,0"
1791506990.373,"B,42276,10,b2:db:ca:e6:29:a6,84,3,0,0,-53,S,5c:62:8b:66:67:d2,3,0,0,0"
1791506990.373,"B,42376,10,5c:62:8b:66:67:d2,0,0,28,1,-49,A,5c:62:8b:66:67:d2,0,0,0,0"
1791506990.373,"B,42376,10,78:8c:b5:f5:e7:26,0,0,30,1,-83,A,78:8c:b5:f5:e7:26,0,0,0,0"
1791506990.373,"B,42376,10,b2:db:ca:e6:29:a6,28,1,0,0,-53,S,5c:62:8b:66:67:d2,1,0,0,0"
1791506990.373,"B,42376,10,a6:4c:bd:b6:c7:99,30,1,0,0,-88,S,78:8c:b5:f5:e7:26,1,0,0,0"
1791506990.579,"B,42476,10,5c:62:8b:66:67:d2,0,0,56,2,-50,A,5c:62:8b:66:67:d2,0,0,0,0"
1791506990.579,"B,42476,10,b2:db:ca:e6:29:a6,56,2,0,0,-51,S,5c:62:8b:66:67:d2,2,0,0,0"
1791506990.579,"B,42576,10,5c:62:8b:66:67:d2,0,0,56,2,-49,A,5c:62:8b:66:67:d2,0,0,0,0"
1791506990.579,"B,42576,10,b2:db:ca:e6:29:a6,56,2,0,0,-52,S,5c:62:8b:66:67:d2,2,0,0,0"
1791506990.780,"B,42676,10,5c:62:8b:66:67:d2,0,0,56,2,-49,A,5c:62:8b:66:67:d2,0,0,0,0"
1791506990.780,"B,42676,10,78:8c:b5:f5:e7:26,80,1,0,0,-82,A,78:8c:b5:f5:e7:26,1,0,0,0"
1791506990.780,"B,42676,10,b2:db:ca:e6:29:a6,56,2,0,0,-50,S,5c:62:8b:66:67:d2,2,0,0,0"
1791506990.780,"B,42776,10,5c:62:8b:66:67:d2,0,0,56,2,-49,A,5c:62:8b:66:67:d2,0,0,0,0"
1791506990.780,"B,42776,10,b2:db:ca:e6:29:a6,56,2,0,0,-51,S,5c:62:8b:66:67:d2,2,0,0,0"
1791506990.985,"B,42876,10,5c:62:8b:66:67:d2,0,0,56,2,-49,A,5c:62:8b:66:67:d2,0,0,0,0"
1791506990.985,"B,42876,10,b2:db:ca:e6:29:a6,56,2,0,0,-53,S,5c:62:8b:66:67:d2,2,0,0,0"
1791506990.985,"B,42976,10,5c:62:8b:66:67:d2,0,0,56,2,-49,A,5c:62:8b:66:67:d2,0,0,0,0"
1791506990.985,"B,42976,10,b2:db:ca:e6:29:a6,56,2,0,0,-51,S,5c:62:8b:66:67:d2,2,0,0,0"
1791506991.187,"B,43176,10,5c:62:8b:66:67:d2,0,0,28,1,-48,A,5c:62:8b:66:67:d2,0,0,0,0"
1791506991.187,"B,43176,10,b2:db:ca:e6:29:a6,28,1,0,0,-52,S,5c:62:8b:66:67:d2,1,0,0,0"
1791506991.793,"B,43676,10,5c:62:8b:66:67:d2,0,0,112,4,-48,A,5c:62:8b:66:67:d2,0,0,0,0"
1791506991.793,"B,43676,10,78:8c:b5:f5:e7:26,80,1,0,0,-82,A,78:8c:b5:f5:e7:26,1,0,0,0"
1791506991.793,"B,43676,10,b0:a7:b9:23:82:ee,0,0,30,1,-89,A,b0:a7:b9:23:82:ee,0,0,0,0"
1791506991.793,"B,43676,10,b2:db:ca:e6:29:a6,112,4,0,0,-51,S,5c:62:8b:66:67:d2,4,0,0,0"
1791506991.793,"B,43676,10,f2:51:4e:f8:1a:7f,30,1,0,0,-89,S,b0:a7:b9:23:82:ee,1,0,0,0"
1791506991.793,"B,43776,10,5c:62:8b:66:67:d2,0,0,28,1,-49,A,5c:62:8b:66:67:d2,0,0,0,0"
1791506991.793,"B,43776,10,b2:db:ca:e6:29:a6,28,1,0,0,-52,S,5c:62:8b:66:67:d2,1,0,0,0"
1791506991.994,"B,43876,10,5c:62:8b:66:67:d2,0,0,56,2,-49,A,5c:62:8b:66:67:d2,0,0,0,0"
1791506991.994,"B,43876,10,b2:db:ca:e6:29:a6,56,2,0,0,-52,S,5c:62:8b:66:67:d2,2,0,0,0"
1791506991.994,"B,43976,10,5c:62:8b:66:67:d2,0,0,56,2,-49,A,5c:62:8b:66:67:d2,0,0,0,0"
1791506991.994,"B,43976,10,b0:a7:b9:23:82:ee,0,0,30,1,-89,A,b0:a7:b9:23:82:ee,0,0,0,0"
1791506991.994,"B,43976,10,b2:db:ca:e6:29:a6,56,2,0,0,-52,S,5c:62:8b:66:67:d2,2,0,0,0"
1791506991.994,"B,43976,10,f2:51:4e:f8:1a:7f,30,1,0,0,-84,S,b0:a7:b9:23:82:ee,1,0,0,0"
1791506991.994,"B,44076,10,5c:62:8b:66:67:d2,0,0,28,1,-49,A,5c:62:8b:66:67:d2,0,0,0,0"
1791506992.194,"B,44076,10,cc:d8:43:ca:9f:eb,0,0,60,2,-76,A,cc:d8:43:ca:9f:eb,0,0,0,0"
1791506992.194,"B,44076,10,b2:db:ca:e6:29:a6,28,1,0,0,-52,S,5c:62:8b:66:67:d2,1,0,0,0"
1791506992.194,"B,44076,10,98:5f:41:bf:7c:ff,60,2,0,0,-70,S,cc:d8:43:ca:9f:eb,2,0,0,0"
1791506992.194,"B,44176,10,5c:62:8b:66:67:d2,0,0,28,1,-48,A,5c:62:8b:66:67:d2,0,0,0,0"
1791506992.194,"B,44176,10,b2:db:ca:e6:29:a6,28,1,0,0,-53,S,5c:62:8b:66:67:d2,1,0,0,0"
1791506992.394,"B,44276,10,5c:62:8b:66:67:d2,0,0,28,1,-49,A,5c:62:8b:66:67:d2,0,0,0,0"
1791506992.394,"B,44276,10,b2:db:ca:e6:29:a6,28,1,0,0,-52,S,5c:62:8b:66:67:d2,1,0,0,0"
1791506992.394,"B,44376,10,5c:62:8b:66:67:d2,0,0,56,2,-48,A,5c:62:8b:66:67:d2,0,0,0,0"
1791506992.394,"B,44376,10,b0:a7:b9:23:82:ee,0,0,30,1,-89,A,b0:a7:b9:23:82:ee,0,0,0,0"
1791506992.394,"B,44376,10,b2:db:ca:e6:29:a6,56,2,0,0,-52,S,5c:62:8b:66:67:d2,2,0,0,0"
1791506992.394,"B,44376,10,f2:51:4e:f8:1a:7f,30,1,0,0,-87,S,b0:a7:b9:23:82:ee,1,0,0,0"
1791506992.394,"B,44476,10,5c:62:8b:66:67:d2,0,0,28,1,-49,A,5c:62:8b:66:67:d2,0,0,0,0"
1791506992.596,"B,44476,10,b2:db:ca:e6:29:a6,28,1,0,0,-52,S,5c:62:8b:66:67:d2,1,0,0,0"
1791506992.596,"B,44576,10,5c:62:8b:66:67:d2,0,0,56,2,-49,A,5c:62:8b:66:67:d2,0,0,0,0"
1791506992.596,"B,44576,10,b2:db:ca:e6:29:a6,56,2,0,0,-52,S,5c:62:8b:66:67:d2,2,0,0,0"
1791506992.797,"B,44676,10,5c:62:8b:66:67:d2,0,0,56,2,-48,A,5c:62:8b:66:67:d2,0,0,0,0"
1791506992.797,"B,44676,10,b2:db:ca:e6:29:a6,56,2,0,0,-52,S,5c:62:8b:66:67:d2,2,0,0,0"
1791506992.797,"B,44776,10,5c:62:8b:66:67:d2,0,0,56,2,-48,A,5c:62:8b:66:67:d2,0,0,0,0"
1791506992.797,"B,44776,10,b0:a7:b9:23:82:ee,0,0,30,1,-89,A,b0:a7:b9:23:82:ee,0,0,0,0"
1791506992.797,"B,44776,10,b2:db:ca:e6:29:a6,56,2,0,0,-52,S,5c:62:8b:66:67:d2,2,0,0,0"
1791506992.797,"B,44776,10,f2:51:4e:f8:1a:7f,30,1,0,0,-86,S,b0:a7:b9:23:82:ee,1,0,0,0"
1791506992.997,"B,44976,10,5c:62:8b:66:67:d2,0,0,56,2,-49,A,5c:62:8b:66:67:d2,0,0,0,0"
1791506992.997,"B,44976,10,b2:db:ca:e6:29:a6,56,2,0,0,-52,S,5c:62:8b:66:67:d2,2,0,0,0"
1791506992.997,"B,45076,10,5c:62:8b:66:67:d2,0,0,28,1,-49,A,5c:62:8b:66:67:d2,0,0,0,0"
1791506992.997,"B,45076,10,b2:db:ca:e6:29:a6,28,1,0,0,-52,S,5c:62:8b:66:67:d2,1,0,0,0"
1791506993.198,"I,45093,stat,rx=2798,drops=0,ch=10,bin=100,hop=0,heap=202024"
1791506993.198,"B,45176,10,5c:62:8b:66:67:d2,0,0,56,2,-49,A,5c:62:8b:66:67:d2,0,0,0,0"
1791506993.198,"B,45176,10,b2:db:ca:e6:29:a6,56,2,0,0,-52,S,5c:62:8b:66:67:d2,2,0,0,0"
1791506993.198,"B,45276,10,5c:62:8b:66:67:d2,0,0,28,1,-49,A,5c:62:8b:66:67:d2,0,0,0,0"
1791506993.198,"B,45276,10,b2:db:ca:e6:29:a6,28,1,0,0,-51,S,5c:62:8b:66:67:d2,1,0,0,0"
1791506993.400,"B,45376,10,5c:62:8b:66:67:d2,0,0,56,2,-49,A,5c:62:8b:66:67:d2,0,0,0,0"
1791506993.400,"B,45376,10,b2:db:ca:e6:29:a6,56,2,0,0,-51,S,5c:62:8b:66:67:d2,2,0,0,0"
1791506993.600,"B,45576,10,5c:62:8b:66:67:d2,0,0,440,6,-50,A,5c:62:8b:66:67:d2,0,0,0,0"
1791506993.600,"B,45576,10,78:8c:b5:f5:e7:26,0,0,30,1,-83,A,78:8c:b5:f5:e7:26,0,0,0,0"
1791506993.600,"B,45576,10,b2:db:ca:e6:29:a6,56,2,0,0,-52,S,5c:62:8b:66:67:d2,2,0,0,0"
1791506993.600,"B,45576,10,46:88:44:6e:4f:e4,384,4,0,0,-37,S,5c:62:8b:66:67:d2,2,2,0,0"
1791506993.600,"B,45576,10,a6:4c:bd:b6:c7:99,30,1,0,0,-85,S,78:8c:b5:f5:e7:26,1,0,0,0"
1791506993.600,"B,45676,10,5c:62:8b:66:67:d2,0,0,56,2,-49,A,5c:62:8b:66:67:d2,0,0,0,0"
1791506993.600,"B,45676,10,78:8c:b5:f5:e7:26,0,0,30,1,-85,A,78:8c:b5:f5:e7:26,0,0,0,0"
1791506993.600,"B,45676,10,b2:db:ca:e6:29:a6,56,2,0,0,-52,S,5c:62:8b:66:67:d2,2,0,0,0"
1791506993.800,"B,45676,10,a6:4c:bd:b6:c7:99,30,1,0,0,-86,S,78:8c:b5:f5:e7:26,1,0,0,0"
1791506993.800,"B,45776,10,5c:62:8b:66:67:d2,123,1,56,2,-46,A,5c:62:8b:66:67:d2,0,1,0,0"
1791506993.800,"B,45776,10,78:8c:b5:f5:e7:26,0,0,30,1,-86,A,78:8c:b5:f5:e7:26,0,0,0,0"
1791506993.800,"B,45776,10,b2:db:ca:e6:29:a6,56,2,0,0,-51,S,5c:62:8b:66:67:d2,2,0,0,0"
1791506993.800,"B,45776,10,46:88:44:6e:4f:e4,0,0,123,1,0,S,5c:62:8b:66:67:d2,0,0,0,0"
1791506993.800,"B,45776,10,a6:4c:bd:b6:c7:99,30,1,0,0,-90,S,78:8c:b5:f5:e7:26,1,0,0,0"
1791506993.800,"B,45876,10,5c:62:8b:66:67:d2,0,0,178,4,-48,A,5c:62:8b:66:67:d2,0,0,0,0"
1791506993.800,"B,45876,10,78:8c:b5:f5:e7:26,0,0,30,1,-85,A,78:8c:b5:f5:e7:26,0,0,0,0"
1791506993.800,"B,45876,10,b2:db:ca:e6:29:a6,84,3,0,0,-52,S,5c:62:8b:66:67:d2,3,0,0,0"
1791506993.800,"B,45876,10,46:88:44:6e:4f:e4,94,1,0,0,-37,S,5c:62:8b:66:67:d2,1,0,0,0"
1791506993.800,"B,45876,10,a6:4c:bd:b6:c7:99,30,1,0,0,-87,S,78:8c:b5:f5:e7:26,1,0,0,0"
1791506994.001,"B,45976,10,5c:62:8b:66:67:d2,0,0,28,1,-49,A,5c:62:8b:66:67:d2,0,0,0,0"
1791506994.001,"B,45976,10,b2:db:ca:e6:29:a6,28,1,0,0,-51,S,5c:62:8b:66:67:d2,1,0,0,0"
1791506994.001,"B,46076,10,5c:62:8b:66:67:d2,0,0,56,2,-49,A,5c:62:8b:66:67:d2,0,0,0,0"
1791506994.001,"B,46076,10,b2:db:ca:e6:29:a6,56,2,0,0,-52,S,5c:62:8b:66:67:d2,2,0,0,0"
1791506994.202,"B,46176,10,5c:62:8b:66:67:d2,0,0,56,2,-48,A,5c:62:8b:66:67:d2,0,0,0,0"
1791506994.202,"B,46176,10,b2:db:ca:e6:29:a6,56,2,0,0,-52,S,5c:62:8b:66:67:d2,2,0,0,0"
1791506994.202,"B,46276,10,5c:62:8b:66:67:d2,0,0,56,2,-49,A,5c:62:8b:66:67:d2,0,0,0,0"
1791506994.202,"B,46276,10,cc:d8:43:ca:9f:eb,768,2,0,0,-77,A,cc:d8:43:ca:9f:eb,0,2,0,0"
1791506994.202,"B,46276,10,b2:db:ca:e6:29:a6,56,2,0,0,-51,S,5c:62:8b:66:67:d2,2,0,0,0"
1791506994.406,"B,46376,10,5c:62:8b:66:67:d2,0,0,56,2,-49,A,5c:62:8b:66:67:d2,0,0,0,0"
1791506994.406,"B,46376,10,b0:a7:b9:23:82:ee,0,0,90,3,-90,A,b0:a7:b9:23:82:ee,0,0,0,0"
1791506994.406,"B,46376,10,b2:db:ca:e6:29:a6,56,2,0,0,-52,S,5c:62:8b:66:67:d2,2,0,0,0"
1791506994.406,"B,46376,10,f2:51:4e:f8:1a:7f,90,3,0,0,-86,S,b0:a7:b9:23:82:ee,3,0,0,0"
1791506994.611,"B,46576,10,b0:a7:b9:23:82:ee,0,0,30,1,0,A,b0:a7:b9:23:82:ee,0,0,0,0"
1791506994.611,"B,46576,10,f2:51:4e:f8:1a:7f,30,1,0,0,-87,S,b0:a7:b9:23:82:ee,1,0,0,0"
1791506994.815,"B,46776,10,78:8c:b5:f5:e7:26,80,1,0,0,-81,A,78:8c:b5:f5:e7:26,1,0,0,0"
1791506994.815,"B,46876,10,b0:a7:b9:23:82:ee,0,0,210,7,-91,A,b0:a7:b9:23:82:ee,0,0,0,0"
1791506994.815,"B,46876,10,f2:51:4e:f8:1a:7f,210,7,0,0,-86,S,b0:a7:b9:23:82:ee,7,0,0,0"
1791506995.018,"B,46976,10,5c:62:8b:66:67:d2,0,0,56,2,-48,A,5c:62:8b:66:67:d2,0,0,0,0"
1791506995.018,"B,46976,10,b2:db:ca:e6:29:a6,56,2,0,0,-51,S,5c:62:8b:66:67:d2,2,0,0,0"
1791506995.018,"P,47031,138"
1791506995.018,"B,47076,10,cc:b8:5e:ad:5c:4a,138,1,113,1,-48,S,5c:62:8b:66:67:d2,0,1,0,0"
1791506995.018,"B,47076,10,5c:62:8b:66:67:d2,113,1,138,1,-45,A,5c:62:8b:66:67:d2,0,1,0,0"
1791506995.219,"B,47176,10,b0:a7:b9:23:82:ee,0,0,30,1,-90,A,b0:a7:b9:23:82:ee,0,0,0,0"
1791506995.219,"B,47176,10,f2:51:4e:f8:1a:7f,30,1,0,0,-85,S,b0:a7:b9:23:82:ee,1,0,0,0"
1791506995.422,"P,47377,113"
1791506995.422,"B,47376,10,cc:b8:5e:ad:5c:4a,113,1,0,0,-48,S,5c:62:8b:66:67:d2,0,1,0,0"
1791506995.422,"B,47376,10,5c:62:8b:66:67:d2,0,0,113,1,-49,A,5c:62:8b:66:67:d2,0,0,0,0"
1791506995.422,"P,47378,113"
1791506995.422,"P,47378,113"
1791506995.422,"P,47379,113"
1791506995.422,"P,47381,113"
1791506995.422,"B,47476,10,cc:b8:5e:ad:5c:4a,452,4,0,0,-45,S,5c:62:8b:66:67:d2,0,4,0,0"
1791506995.422,"B,47476,10,5c:62:8b:66:67:d2,0,0,452,4,-49,A,5c:62:8b:66:67:d2,0,0,0,0"
1791506995.624,"P,47569,28"
1791506995.624,"P,47570,106"
1791506995.624,"B,47576,10,cc:b8:5e:ad:5c:4a,134,2,109,1,-48,S,5c:62:8b:66:67:d2,1,1,0,0"
1791506995.624,"B,47576,10,5c:62:8b:66:67:d2,109,1,134,2,-46,A,5c:62:8b:66:67:d2,0,1,0,0"
1791506995.624,"B,47676,10,78:8c:b5:f5:e7:26,80,1,0,0,-83,A,78:8c:b5:f5:e7:26,1,0,0,0"
1791506996.032,"B,47976,10,5c:62:8b:66:67:d2,0,0,28,1,-48,A,5c:62:8b:66:67:d2,0,0,0,0"
1791506996.032,"B,47976,10,b2:db:ca:e6:29:a6,28,1,0,0,-53,S,5c:62:8b:66:67:d2,1,0,0,0"
1791506996.032,"P,48039,110"
1791506996.032,"P,48042,138"
1791506996.032,"P,48042,138"
1791506996.032,"P,48042,138"
1791506996.032,"P,48043,138"
1791506996.032,"P,48045,138"
1791506996.032,"B,48076,10,cc:b8:5e:ad:5c:4a,800,6,962,5,-46,S,5c:62:8b:66:67:d2,0,6,0,0"
1791506996.032,"B,48076,10,5c:62:8b:66:67:d2,962,5,884,9,-44,A,5c:62:8b:66:67:d2,0,5,0,0"
1791506996.032,"B,48076,10,b2:db:ca:e6:29:a6,84,3,0,0,-52,S,5c:62:8b:66:67:d2,3,0,0,0"
1791506996.232,"B,48176,10,5c:62:8b:66:67:d2,0,0,56,2,-50,A,5c:62:8b:66:67:d2,0,0,0,0"
1791506996.232,"B,48176,10,b2:db:ca:e6:29:a6,56,2,0,0,-51,S,5c:62:8b:66:67:d2,2,0,0,0"
1791506996.232,"B,48276,10,5c:62:8b:66:67:d2,0,0,56,2,-48,A,5c:62:8b:66:67:d2,0,0,0,0"
1791506996.232,"B,48276,10,b2:db:ca:e6:29:a6,56,2,0,0,-51,S,5c:62:8b:66:67:d2,2,0,0,0"
1791506996.438,"B,48376,10,5c:62:8b:66:67:d2,0,0,28,1,-49,A,5c:62:8b:66:67:d2,0,0,0,0"
1791506996.438,"B,48376,10,78:8c:b5:f5:e7:26,84,1,0,0,-85,A,78:8c:b5:f5:e7:26,1,0,0,0"
1791506996.438,"B,48376,10,b2:db:ca:e6:29:a6,28,1,0,0,-50,S,5c:62:8b:66:67:d2,1,0,0,0"
1791506996.438,"B,48476,10,5c:62:8b:66:67:d2,0,0,56,2,-49,A,5c:62:8b:66:67:d2,0,0,0,0"
1791506996.438,"B,48476,10,b2:db:ca:e6:29:a6,56,2,0,0,-51,S,5c:62:8b:66:67:d2,2,0,0,0"
1791506996.640,"B,48576,10,5c:62:8b:66:67:d2,0,0,84,3,-50,A,5c:62:8b:66:67:d2,0,0,0,0"
1791506996.640,"B,48576,10,b2:db:ca:e6:29:a6,84,3,0,0,-52,S,5c:62:8b:66:67:d2,3,0,0,0"
1791506996.640,"A,48623,10,ba:97:a3:e0:bf:9f,-92,"
1791506996.640,"B,48676,10,5c:62:8b:66:67:d2,0,0,28,1,-48,A,5c:62:8b:66:67:d2,0,0,0,0"
1791506996.640,"B,48676,10,b2:db:ca:e6:29:a6,28,1,0,0,-52,S,5c:62:8b:66:67:d2,1,0,0,0"
1791506996.640,"B,48676,10,80:af:ca:68:4c:f8,104,1,0,0,-89,A,80:af:ca:68:4c:f8,0,1,0,0"
1791506996.845,"B,48776,10,5c:62:8b:66:67:d2,0,0,56,2,-49,A,5c:62:8b:66:67:d2,0,0,0,0"
1791506996.845,"B,48776,10,cc:d8:43:ca:9f:eb,551,3,0,0,-77,A,cc:d8:43:ca:9f:eb,0,3,0,0"
1791506996.845,"B,48776,10,b2:db:ca:e6:29:a6,56,2,0,0,-52,S,5c:62:8b:66:67:d2,2,0,0,0"
1791506996.845,"B,48876,10,5c:62:8b:66:67:d2,0,0,56,2,-49,A,5c:62:8b:66:67:d2,0,0,0,0"
1791506996.845,"B,48876,10,cc:d8:43:ca:9f:eb,396,4,0,0,-83,A,cc:d8:43:ca:9f:eb,3,1,0,0"
1791506996.845,"B,48876,10,b2:db:ca:e6:29:a6,56,2,0,0,-52,S,5c:62:8b:66:67:d2,2,0,0,0"
1791506997.050,"B,48976,10,5c:62:8b:66:67:d2,0,0,56,2,-49,A,5c:62:8b:66:67:d2,0,0,0,0"
1791506997.050,"B,48976,10,cc:d8:43:ca:9f:eb,318,3,0,0,-84,A,cc:d8:43:ca:9f:eb,2,1,0,0"
1791506997.050,"B,48976,10,b2:db:ca:e6:29:a6,56,2,0,0,-53,S,5c:62:8b:66:67:d2,2,0,0,0"
1791506997.050,"B,49076,10,5c:62:8b:66:67:d2,0,0,28,1,0,A,5c:62:8b:66:67:d2,0,0,0,0"
1791506997.050,"B,49076,10,cc:d8:43:ca:9f:eb,162,1,0,0,-80,A,cc:d8:43:ca:9f:eb,0,1,0,0"
1791506997.050,"B,49076,10,b2:db:ca:e6:29:a6,28,1,0,0,-51,S,5c:62:8b:66:67:d2,1,0,0,0"
1791506997.255,"B,49176,10,5c:62:8b:66:67:d2,0,0,28,1,-49,A,5c:62:8b:66:67:d2,0,0,0,0"
1791506997.255,"B,49176,10,b2:db:ca:e6:29:a6,28,1,0,0,-53,S,5c:62:8b:66:67:d2,1,0,0,0"
1791506997.255,"B,49276,10,5c:62:8b:66:67:d2,0,0,56,2,-48,A,5c:62:8b:66:67:d2,0,0,0,0"
1791506997.255,"B,49276,10,cc:d8:43:ca:9f:eb,436,1,0,0,-79,A,cc:d8:43:ca:9f:eb,0,1,0,0"
1791506997.255,"B,49276,10,b2:db:ca:e6:29:a6,56,2,0,0,-51,S,5c:62:8b:66:67:d2,2,0,0,0"
1791506997.458,"B,49376,10,5c:62:8b:66:67:d2,0,0,56,2,-48,A,5c:62:8b:66:67:d2,0,0,0,0"
1791506997.458,"B,49376,10,b2:db:ca:e6:29:a6,56,2,0,0,-52,S,5c:62:8b:66:67:d2,2,0,0,0"
1791506997.458,"B,49476,10,5c:62:8b:66:67:d2,0,0,28,1,-48,A,5c:62:8b:66:67:d2,0,0,0,0"
1791506997.458,"B,49476,10,cc:d8:43:ca:9f:eb,416,1,0,0,-81,A,cc:d8:43:ca:9f:eb,0,1,0,0"
1791506997.458,"B,49476,10,b2:db:ca:e6:29:a6,28,1,0,0,-52,S,5c:62:8b:66:67:d2,1,0,0,0"
1791506997.664,"B,49576,10,5c:62:8b:66:67:d2,0,0,28,1,-49,A,5c:62:8b:66:67:d2,0,0,0,0"
1791506997.664,"B,49576,10,b2:db:ca:e6:29:a6,28,1,0,0,-52,S,5c:62:8b:66:67:d2,1,0,0,0"
1791506997.664,"B,49676,10,cc:d8:43:ca:9f:eb,970,3,0,0,-81,A,cc:d8:43:ca:9f:eb,0,3,0,0"
1791506997.867,"B,49776,10,5c:62:8b:66:67:d2,0,0,28,1,-48,A,5c:62:8b:66:67:d2,0,0,0,0"
1791506997.867,"B,49776,10,b2:db:ca:e6:29:a6,28,1,0,0,-52,S,5c:62:8b:66:67:d2,1,0,0,0"
1791506997.867,"B,49876,10,5c:62:8b:66:67:d2,0,0,28,1,-50,A,5c:62:8b:66:67:d2,0,0,0,0"
1791506997.867,"B,49876,10,cc:d8:43:ca:9f:eb,304,2,60,2,-80,A,cc:d8:43:ca:9f:eb,0,2,0,0"
1791506997.867,"B,49876,10,b2:db:ca:e6:29:a6,28,1,0,0,-50,S,5c:62:8b:66:67:d2,1,0,0,0"
1791506997.867,"B,49876,10,98:5f:41:bf:7c:ff,60,2,0,0,-70,S,cc:d8:43:ca:9f:eb,2,0,0,0"
1791506998.067,"B,49976,10,5c:62:8b:66:67:d2,0,0,56,2,-49,A,5c:62:8b:66:67:d2,0,0,0,0"
1791506998.067,"B,49976,10,cc:d8:43:ca:9f:eb,866,1,0,0,-79,A,cc:d8:43:ca:9f:eb,0,0,1,0"
1791506998.067,"B,49976,10,b2:db:ca:e6:29:a6,56,2,0,0,-51,S,5c:62:8b:66:67:d2,2,0,0,0"
1791506998.067,"B,50076,10,5c:62:8b:66:67:d2,0,0,84,3,-50,A,5c:62:8b:66:67:d2,0,0,0,0"
1791506998.067,"B,50076,10,b0:a7:b9:23:82:ee,0,0,90,3,-91,A,b0:a7:b9:23:82:ee,0,0,0,0"
1791506998.067,"B,50076,10,b2:db:ca:e6:29:a6,84,3,0,0,-52,S,5c:62:8b:66:67:d2,3,0,0,0"
1791506998.067,"B,50076,10,f2:51:4e:f8:1a:7f,90,3,0,0,-87,S,b0:a7:b9:23:82:ee,3,0,0,0"
1791506998.067,"I,50095,stat,rx=3124,drops=0,ch=10,bin=100,hop=0,heap=202024"
1791506998.272,"B,50176,10,5c:62:8b:66:67:d2,0,0,56,2,-48,A,5c:62:8b:66:67:d2,0,0,0,0"
1791506998.272,"B,50176,10,b2:db:ca:e6:29:a6,56,2,0,0,-51,S,5c:62:8b:66:67:d2,2,0,0,0"
1791506998.272,"B,50276,10,5c:62:8b:66:67:d2,0,0,28,1,-49,A,5c:62:8b:66:67:d2,0,0,0,0"
1791506998.272,"B,50276,10,b2:db:ca:e6:29:a6,28,1,0,0,-52,S,5c:62:8b:66:67:d2,1,0,0,0"
1791506998.472,"B,50376,10,5c:62:8b:66:67:d2,0,0,56,2,-49,A,5c:62:8b:66:67:d2,0,0,0,0"
1791506998.472,"B,50376,10,b2:db:ca:e6:29:a6,56,2,0,0,-52,S,5c:62:8b:66:67:d2,2,0,0,0"
1791506998.472,"B,50476,10,5c:62:8b:66:67:d2,0,0,56,2,-48,A,5c:62:8b:66:67:d2,0,0,0,0"
1791506998.472,"B,50476,10,b2:db:ca:e6:29:a6,56,2,0,0,-51,S,5c:62:8b:66:67:d2,2,0,0,0"
1791506998.676,"B,50576,10,5c:62:8b:66:67:d2,82,1,138,3,-48,A,5c:62:8b:66:67:d2,1,0,0,0"
1791506998.676,"B,50576,10,b2:db:ca:e6:29:a6,56,2,0,0,-52,S,5c:62:8b:66:67:d2,2,0,0,0"
1791506998.676,"B,50576,10,46:88:44:6e:4f:e4,82,1,82,1,-37,S,5c:62:8b:66:67:d2,1,0,0,0"
1791506998.676,"B,50676,10,5c:62:8b:66:67:d2,0,0,56,2,-48,A,5c:62:8b:66:67:d2,0,0,0,0"
1791506998.676,"B,50676,10,b2:db:ca:e6:29:a6,56,2,0,0,-52,S,5c:62:8b:66:67:d2,2,0,0,0"
1791506998.878,"B,50876,10,5c:62:8b:66:67:d2,0,0,56,2,-49,A,5c:62:8b:66:67:d2,0,0,0,0"
1791506998.878,"B,50876,10,b2:db:ca:e6:29:a6,56,2,0,0,-52,S,5c:62:8b:66:67:d2,2,0,0,0"
1791506999.081,"B,50976,10,5c:62:8b:66:67:d2,0,0,28,1,-49,A,5c:62:8b:66:67:d2,0,0,0,0"
1791506999.081,"B,50976,10,cc:d8:43:ca:9f:eb,846,1,0,0,-77,A,cc:d8:43:ca:9f:eb,0,0,1,0"
1791506999.081,"B,50976,10,b2:db:ca:e6:29:a6,28,1,0,0,-53,S,5c:62:8b:66:67:d2,1,0,0,0"
1791506999.081,"B,51076,10,5c:62:8b:66:67:d2,0,0,84,3,-48,A,5c:62:8b:66:67:d2,0,0,0,0"
1791506999.081,"B,51076,10,b0:a7:b9:23:82:ee,0,0,60,2,-92,A,b0:a7:b9:23:82:ee,0,0,0,0"
1791506999.081,"B,51076,10,b2:db:ca:e6:29:a6,84,3,0,0,-52,S,5c:62:8b:66:67:d2,3,0,0,0"
1791506999.081,"B,51076,10,f2:51:4e:f8:1a:7f,60,2,0,0,-85,S,b0:a7:b9:23:82:ee,2,0,0,0"
1791506999.285,"B,51176,10,5c:62:8b:66:67:d2,0,0,84,3,-48,A,5c:62:8b:66:67:d2,0,0,0,0"
1791506999.285,"B,51176,10,b0:a7:b9:23:82:ee,0,0,30,1,0,A,b0:a7:b9:23:82:ee,0,0,0,0"
1791506999.285,"B,51176,10,b2:db:ca:e6:29:a6,84,3,0,0,-51,S,5c:62:8b:66:67:d2,3,0,0,0"
1791506999.285,"B,51176,10,f2:51:4e:f8:1a:7f,30,1,0,0,-86,S,b0:a7:b9:23:82:ee,1,0,0,0"
1791506999.285,"B,51276,10,5c:62:8b:66:67:d2,0,0,56,2,-47,A,5c:62:8b:66:67:d2,0,0,0,0"
1791506999.285,"B,51276,10,cc:d8:43:ca:9f:eb,768,2,0,0,-82,A,cc:d8:43:ca:9f:eb,0,2,0,0"
1791506999.285,"B,51276,10,b2:db:ca:e6:29:a6,56,2,0,0,-51,S,5c:62:8b:66:67:d2,2,0,0,0"
1791506999.486,"B,51376,10,5c:62:8b:66:67:d2,0,0,56,2,-49,A,5c:62:8b:66:67:d2,0,0,0,0"
1791506999.486,"B,51376,10,b2:db:ca:e6:29:a6,56,2,0,0,-51,S,5c:62:8b:66:67:d2,2,0,0,0"
1791506999.486,"B,51476,10,5c:62:8b:66:67:d2,0,0,56,2,-48,A,5c:62:8b:66:67:d2,0,0,0,0"
1791506999.486,"B,51476,10,b2:db:ca:e6:29:a6,56,2,0,0,-51,S,5c:62:8b:66:67:d2,2,0,0,0"
1791506999.689,"B,51576,10,5c:62:8b:66:67:d2,0,0,56,2,-48,A,5c:62:8b:66:67:d2,0,0,0,0"
1791506999.689,"B,51576,10,b2:db:ca:e6:29:a6,56,2,0,0,-53,S,5c:62:8b:66:67:d2,2,0,0,0"
1791506999.689,"B,51676,10,5c:62:8b:66:67:d2,0,0,28,1,-48,A,5c:62:8b:66:67:d2,0,0,0,0"
1791506999.689,"B,51676,10,b0:a7:b9:23:82:ee,0,0,30,1,-90,A,b0:a7:b9:23:82:ee,0,0,0,0"
1791506999.689,"B,51676,10,b2:db:ca:e6:29:a6,28,1,0,0,-52,S,5c:62:8b:66:67:d2,1,0,0,0"
1791506999.689,"B,51676,10,f2:51:4e:f8:1a:7f,30,1,0,0,-90,S,b0:a7:b9:23:82:ee,1,0,0,0"
1791506999.892,"B,51776,10,5c:62:8b:66:67:d2,0,0,84,3,-48,A,5c:62:8b:66:67:d2,0,0,0,0"
1791506999.892,"B,51776,10,b2:db:ca:e6:29:a6,84,3,0,0,-52,S,5c:62:8b:66:67:d2,3,0,0,0"
1791507000.092,"B,51976,10,5c:62:8b:66:67:d2,0,0,56,2,-48,A,5c:62:8b:66:67:d2,0,0,0,0"
1791507000.092,"B,51976,10,b2:db:ca:e6:29:a6,56,2,0,0,-51,S,5c:62:8b:66:67:d2,2,0,0,0"
1791507000.092,"B,52076,10,5c:62:8b:66:67:d2,0,0,56,2,-48,A,5c:62:8b:66:67:d2,0,0,0,0"
1791507000.092,"B,52076,10,b2:db:ca:e6:29:a6,56,2,0,0,-52,S,5c:62:8b:66:67:d2,2,0,0,0"
1791507000.294,"B,52176,10,5c:62:8b:66:67:d2,0,0,84,3,-50,A,5c:62:8b:66:67:d2,0,0,0,0"
1791507000.294,"B,52176,10,b2:db:ca:e6:29:a6,84,3,0,0,-51,S,5c:62:8b:66:67:d2,3,0,0,0"
1791507000.494,"B,52376,10,5c:62:8b:66:67:d2,0,0,56,2,-48,A,5c:62:8b:66:67:d2,0,0,0,0"
1791507000.494,"B,52376,10,b2:db:ca:e6:29:a6,56,2,0,0,-51,S,5c:62:8b:66:67:d2,2,0,0,0"
1791507000.494,"B,52476,10,5c:62:8b:66:67:d2,0,0,56,2,-48,A,5c:62:8b:66:67:d2,0,0,0,0"
1791507000.494,"B,52476,10,b2:db:ca:e6:29:a6,56,2,0,0,-52,S,5c:62:8b:66:67:d2,2,0,0,0"
1791507000.494,"B,52576,10,5c:62:8b:66:67:d2,0,0,28,1,-48,A,5c:62:8b:66:67:d2,0,0,0,0"
1791507000.494,"B,52576,10,78:8c:b5:f5:e7:26,258,2,0,0,-86,A,78:8c:b5:f5:e7:26,0,2,0,0"
1791507000.697,"B,52576,10,b2:db:ca:e6:29:a6,28,1,0,0,-52,S,5c:62:8b:66:67:d2,1,0,0,0"
1791507000.697,"B,52676,10,5c:62:8b:66:67:d2,0,0,28,1,-49,A,5c:62:8b:66:67:d2,0,0,0,0"
1791507000.697,"B,52676,10,b2:db:ca:e6:29:a6,28,1,0,0,-52,S,5c:62:8b:66:67:d2,1,0,0,0"
1791507000.697,"B,52676,10,80:af:ca:68:4c:f8,104,1,0,0,-85,A,80:af:ca:68:4c:f8,0,1,0,0"
1791507000.697,"B,52776,10,5c:62:8b:66:67:d2,0,0,28,1,-49,A,5c:62:8b:66:67:d2,0,0,0,0"
1791507000.903,"B,52776,10,b2:db:ca:e6:29:a6,28,1,0,0,-52,S,5c:62:8b:66:67:d2,1,0,0,0"
1791507001.104,"P,53049,82"
1791507001.104,"P,53049,82"
1791507001.104,"P,53050,82"
1791507001.104,"P,53050,82"
1791507001.104,"P,53051,82"
1791507001.104,"B,53076,10,cc:b8:5e:ad:5c:4a,410,5,82,1,-46,S,5c:62:8b:66:67:d2,5,0,0,0"
1791507001.104,"B,53076,10,5c:62:8b:66:67:d2,82,1,438,6,-48,A,5c:62:8b:66:67:d2,1,0,0,0"
1791507001.104,"B,53076,10,b2:db:ca:e6:29:a6,28,1,0,0,-52,S,5c:62:8b:66:67:d2,1,0,0,0"
1791507001.104,"B,53176,10,5c:62:8b:66:67:d2,0,0,56,2,-48,A,5c:62:8b:66:67:d2,0,0,0,0"
1791507001.104,"B,53176,10,b2:db:ca:e6:29:a6,56,2,0,0,-52,S,5c:62:8b:66:67:d2,2,0,0,0"
1791507001.305,"B,53276,10,5c:62:8b:66:67:d2,0,0,28,1,-48,A,5c:62:8b:66:67:d2,0,0,0,0"
1791507001.305,"B,53276,10,b2:db:ca:e6:29:a6,28,1,0,0,-53,S,5c:62:8b:66:67:d2,1,0,0,0"
1791507001.305,"B,53376,10,b0:a7:b9:23:82:ee,0,0,84,3,-87,A,b0:a7:b9:23:82:ee,0,0,0,0"
1791507001.305,"B,53376,10,e2:5e:2c:92:7b:df,84,3,0,0,-91,S,b0:a7:b9:23:82:ee,3,0,0,0"
1791507001.507,"B,53476,10,5c:62:8b:66:67:d2,0,0,28,1,-48,A,5c:62:8b:66:67:d2,0,0,0,0"
1791507001.507,"B,53476,10,b2:db:ca:e6:29:a6,28,1,0,0,-52,S,5c:62:8b:66:67:d2,1,0,0,0"
1791507001.507,"B,53576,10,5c:62:8b:66:67:d2,0,0,28,1,-48,A,5c:62:8b:66:67:d2,0,0,0,0"
1791507001.507,"B,53576,10,b2:db:ca:e6:29:a6,28,1,0,0,-52,S,5c:62:8b:66:67:d2,1,0,0,0"
1791507001.708,"B,53676,10,5c:62:8b:66:67:d2,0,0,56,2,-48,A,5c:62:8b:66:67:d2,0,0,0,0"
1791507001.708,"B,53676,10,b2:db:ca:e6:29:a6,56,2,0,0,-52,S,5c:62:8b:66:67:d2,2,0,0,0"
1791507001.708,"B,53776,10,5c:62:8b:66:67:d2,0,0,56,2,-48,A,5c:62:8b:66:67:d2,0,0,0,0"
1791507001.708,"B,53776,10,cc:d8:43:ca:9f:eb,0,0,90,3,-76,A,cc:d8:43:ca:9f:eb,0,0,0,0"
1791507001.708,"B,53776,10,b2:db:ca:e6:29:a6,56,2,0,0,-51,S,5c:62:8b:66:67:d2,2,0,0,0"
1791507001.708,"B,53776,10,98:5f:41:bf:7c:ff,90,3,0,0,-69,S,cc:d8:43:ca:9f:eb,3,0,0,0"
1791507001.911,"B,53876,10,5c:62:8b:66:67:d2,0,0,56,2,-49,A,5c:62:8b:66:67:d2,0,0,0,0"
1791507001.911,"B,53876,10,b2:db:ca:e6:29:a6,56,2,0,0,-51,S,5c:62:8b:66:67:d2,2,0,0,0"
1791507001.911,"B,53976,10,5c:62:8b:66:67:d2,0,0,56,2,-48,A,5c:62:8b:66:67:d2,0,0,0,0"
1791507001.911,"B,53976,10,78:8c:b5:f5:e7:26,92,1,0,0,-82,A,78:8c:b5:f5:e7:26,1,0,0,0"
1791507001.911,"B,53976,10,b0:a7:b9:23:82:ee,0,0,28,1,-87,A,b0:a7:b9:23:82:ee,0,0,0,0"
1791507001.911,"B,53976,10,b2:db:ca:e6:29:a6,56,2,0,0,-53,S,5c:62:8b:66:67:d2,2,0,0,0"
1791507001.911,"B,53976,10,e2:5e:2c:92:7b:df,28,1,0,0,-92,S,b0:a7:b9:23:82:ee,1,0,0,0"
1791507002.113,"B,54076,10,5c:62:8b:66:67:d2,0,0,28,1,-50,A,5c:62:8b:66:67:d2,0,0,0,0"
1791507002.113,"B,54076,10,b2:db:ca:e6:29:a6,28,1,0,0,-51,S,5c:62:8b:66:67:d2,1,0,0,0"
1791507002.113,"B,54176,10,5c:62:8b:66:67:d2,0,0,28,1,-48,A,5c:62:8b:66:67:d2,0,0,0,0"
1791507002.113,"B,54176,10,b2:db:ca:e6:29:a6,28,1,0,0,-53,S,5c:62:8b:66:67:d2,1,0,0,0"
1791507002.316,"B,54376,10,5c:62:8b:66:67:d2,0,0,84,3,-47,A,5c:62:8b:66:67:d2,0,0,0,0"
1791507002.316,"B,54376,10,b2:db:ca:e6:29:a6,84,3,0,0,-51,S,5c:62:8b:66:67:d2,3,0,0,0"
1791507002.516,"B,54476,10,5c:62:8b:66:67:d2,0,0,28,1,-48,A,5c:62:8b:66:67:d2,0,0,0,0"
1791507002.516,"B,54476,10,b2:db:ca:e6:29:a6,28,1,0,0,-51,S,5c:62:8b:66:67:d2,1,0,0,0"
1791507002.516,"B,54576,10,5c:62:8b:66:67:d2,0,0,56,2,-49,A,5c:62:8b:66:67:d2,0,0,0,0"
1791507002.516,"B,54576,10,b2:db:ca:e6:29:a6,56,2,0,0,-52,S,5c:62:8b:66:67:d2,2,0,0,0"
1791507002.721,"B,54676,10,5c:62:8b:66:67:d2,0,0,28,1,-48,A,5c:62:8b:66:67:d2,0,0,0,0"
1791507002.721,"B,54676,10,b2:db:ca:e6:29:a6,28,1,0,0,-52,S,5c:62:8b:66:67:d2,1,0,0,0"
1791507002.721,"B,54776,10,5c:62:8b:66:67:d2,0,0,56,2,-49,A,5c:62:8b:66:67:d2,0,0,0,0"
1791507002.721,"B,54776,10,b2:db:ca:e6:29:a6,56,2,0,0,-51,S,5c:62:8b:66:67:d2,2,0,0,0"
1791507002.721,"B,54776,10,80:af:ca:68:4c:f8,104,1,0,0,-86,A,80:af:ca:68:4c:f8,0,1,0,0"
1791507002.925,"B,54876,10,5c:62:8b:66:67:d2,0,0,56,2,-48,A,5c:62:8b:66:67:d2,0,0,0,0"
1791507002.925,"B,54876,10,78:8c:b5:f5:e7:26,92,1,0,0,-83,A,78:8c:b5:f5:e7:26,1,0,0,0"
1791507002.925,"B,54876,10,b2:db:ca:e6:29:a6,56,2,0,0,-52,S,5c:62:8b:66:67:d2,2,0,0,0"
1791507002.925,"B,54976,10,5c:62:8b:66:67:d2,0,0,56,2,-48,A,5c:62:8b:66:67:d2,0,0,0,0"
1791507002.925,"B,54976,10,cc:d8:43:ca:9f:eb,0,0,90,3,-76,A,cc:d8:43:ca:9f:eb,0,0,0,0"
1791507002.925,"B,54976,10,b2:db:ca:e6:29:a6,56,2,0,0,-51,S,5c:62:8b:66:67:d2,2,0,0,0"
1791507002.925,"B,54976,10,80:af:ca:68:4c:f8,84,1,0,0,-83,A,80:af:ca:68:4c:f8,1,0,0,0"
1791507002.925,"B,54976,10,98:5f:41:bf:7c:ff,90,3,0,0,-69,S,cc:d8:43:ca:9f:eb,3,0,0,0"
1791507003.129,"B,55076,10,5c:62:8b:66:67:d2,0,0,56,2,-43,A,5c:62:8b:66:67:d2,0,0,0,0"
1791507003.129,"B,55076,10,b0:a7:b9:23:82:ee,0,0,30,1,-86,A,b0:a7:b9:23:82:ee,0,0,0,0"
1791507003.129,"B,55076,10,b2:db:ca:e6:29:a6,56,2,0,0,-52,S,5c:62:8b:66:67:d2,2,0,0,0"
1791507003.129,"B,55076,10,f2:51:4e:f8:1a:7f,30,1,0,0,-89,S,b0:a7:b9:23:82:ee,1,0,0,0"
1791507003.129,"I,55096,stat,rx=3430,drops=0,ch=10,bin=100,hop=0,heap=202024"
1791507003.330,"B,55276,10,5c:62:8b:66:67:d2,0,0,28,1,-48,A,5c:62:8b:66:67:d2,0,0,0,0"
1791507003.330,"B,55276,10,b2:db:ca:e6:29:a6,28,1,0,0,-51,S,5c:62:8b:66:67:d2,1,0,0,0"
1791507003.533,"B,55476,10,5c:62:8b:66:67:d2,0,0,56,2,-48,A,5c:62:8b:66:67:d2,0,0,0,0"
1791507003.533,"B,55476,10,b2:db:ca:e6:29:a6,56,2,0,0,-52,S,5c:62:8b:66:67:d2,2,0,0,0"
1791507003.533,"B,55576,10,5c:62:8b:66:67:d2,0,0,28,1,-48,A,5c:62:8b:66:67:d2,0,0,0,0"
1791507003.533,"B,55576,10,b2:db:ca:e6:29:a6,28,1,0,0,-52,S,5c:62:8b:66:67:d2,1,0,0,0"
1791507003.734,"B,55676,10,5c:62:8b:66:67:d2,0,0,56,2,-48,A,5c:62:8b:66:67:d2,0,0,0,0"
1791507003.734,"B,55676,10,b2:db:ca:e6:29:a6,56,2,0,0,-52,S,5c:62:8b:66:67:d2,2,0,0,0"
1791507003.734,"B,55776,10,5c:62:8b:66:67:d2,0,0,56,2,-48,A,5c:62:8b:66:67:d2,0,0,0,0"
1791507003.734,"B,55776,10,b2:db:ca:e6:29:a6,56,2,0,0,-51,S,5c:62:8b:66:67:d2,2,0,0,0"
1791507003.938,"B,55876,10,5c:62:8b:66:67:d2,0,0,28,1,-48,A,5c:62:8b:66:67:d2,0,0,0,0"
1791507003.938,"B,55876,10,b2:db:ca:e6:29:a6,28,1,0,0,-51,S,5c:62:8b:66:67:d2,1,0,0,0"
1791507003.938,"B,55976,10,5c:62:8b:66:67:d2,0,0,84,3,-48,A,5c:62:8b:66:67:d2,0,0,0,0"
1791507003.938,"B,55976,10,b2:db:ca:e6:29:a6,84,3,0,0,-52,S,5c:62:8b:66:67:d2,3,0,0,0"
1791507004.141,"B,56076,10,5c:62:8b:66:67:d2,0,0,56,2,-49,A,5c:62:8b:66:67:d2,0,0,0,0"
1791507004.141,"B,56076,10,b2:db:ca:e6:29:a6,56,2,0,0,-51,S,5c:62:8b:66:67:d2,2,0,0,0"
1791507004.141,"B,56176,10,5c:62:8b:66:67:d2,0,0,28,1,-50,A,5c:62:8b:66:67:d2,0,0,0,0"
1791507004.141,"B,56176,10,b2:db:ca:e6:29:a6,28,1,0,0,-51,S,5c:62:8b:66:67:d2,1,0,0,0"
1791507004.345,"B,56276,10,5c:62:8b:66:67:d2,0,0,56,2,-50,A,5c:62:8b:66:67:d2,0,0,0,0"
1791507004.345,"B,56276,10,b2:db:ca:e6:29:a6,56,2,0,0,-52,S,5c:62:8b:66:67:d2,2,0,0,0"
1791507004.345,"B,56376,10,5c:62:8b:66:67:d2,0,0,56,2,-47,A,5c:62:8b:66:67:d2,0,0,0,0"
1791507004.345,"B,56376,10,b2:db:ca:e6:29:a6,56,2,0,0,-52,S,5c:62:8b:66:67:d2,2,0,0,0"
1791507004.550,"B,56476,10,5c:62:8b:66:67:d2,0,0,28,1,-48,A,5c:62:8b:66:67:d2,0,0,0,0"
1791507004.550,"B,56476,10,b2:db:ca:e6:29:a6,28,1,0,0,-52,S,5c:62:8b:66:67:d2,1,0,0,0"
1791507004.550,"B,56576,10,5c:62:8b:66:67:d2,0,0,28,1,-48,A,5c:62:8b:66:67:d2,0,0,0,0"
1791507004.550,"B,56576,10,b2:db:ca:e6:29:a6,28,1,0,0,-53,S,5c:62:8b:66:67:d2,1,0,0,0"
1791507004.755,"B,56676,10,5c:62:8b:66:67:d2,0,0,56,2,-49,A,5c:62:8b:66:67:d2,0,0,0,0"
1791507004.755,"B,56676,10,b2:db:ca:e6:29:a6,56,2,0,0,-52,S,5c:62:8b:66:67:d2,2,0,0,0"
1791507004.755,"B,56776,10,5c:62:8b:66:67:d2,0,0,84,3,-49,A,5c:62:8b:66:67:d2,0,0,0,0"
1791507004.755,"B,56776,10,b0:a7:b9:23:82:ee,0,0,60,2,-88,A,b0:a7:b9:23:82:ee,0,0,0,0"
1791507004.755,"B,56776,10,b2:db:ca:e6:29:a6,84,3,0,0,-51,S,5c:62:8b:66:67:d2,3,0,0,0"
1791507004.755,"B,56776,10,f2:51:4e:f8:1a:7f,60,2,0,0,-89,S,b0:a7:b9:23:82:ee,2,0,0,0"
1791507004.960,"B,56976,10,5c:62:8b:66:67:d2,0,0,84,3,-48,A,5c:62:8b:66:67:d2,0,0,0,0"
1791507004.960,"B,56976,10,b2:db:ca:e6:29:a6,84,3,0,0,-51,S,5c:62:8b:66:67:d2,3,0,0,0"
1791507005.161,"B,57076,10,5c:62:8b:66:67:d2,0,0,56,2,-48,A,5c:62:8b:66:67:d2,0,0,0,0"
1791507005.161,"B,57076,10,b2:db:ca:e6:29:a6,56,2,0,0,-52,S,5c:62:8b:66:67:d2,2,0,0,0"
1791507005.161,"B,57176,10,5c:62:8b:66:67:d2,0,0,56,2,-49,A,5c:62:8b:66:67:d2,0,0,0,0"
1791507005.161,"B,57176,10,b2:db:ca:e6:29:a6,56,2,0,0,-52,S,5c:62:8b:66:67:d2,2,0,0,0"
1791507005.366,"B,57276,10,5c:62:8b:66:67:d2,0,0,28,1,-48,A,5c:62:8b:66:67:d2,0,0,0,0"
1791507005.366,"B,57276,10,b2:db:ca:e6:29:a6,28,1,0,0,-53,S,5c:62:8b:66:67:d2,1,0,0,0"
1791507005.366,"B,57376,10,5c:62:8b:66:67:d2,0,0,56,2,-48,A,5c:62:8b:66:67:d2,0,0,0,0"
1791507005.366,"B,57376,10,b2:db:ca:e6:29:a6,56,2,0,0,-51,S,5c:62:8b:66:67:d2,2,0,0,0"
1791507005.568,"B,57476,10,5c:62:8b:66:67:d2,0,0,28,1,-48,A,5c:62:8b:66:67:d2,0,0,0,0"
1791507005.568,"B,57476,10,b2:db:ca:e6:29:a6,28,1,0,0,-53,S,5c:62:8b:66:67:d2,1,0,0,0"
1791507005.568,"B,57576,10,5c:62:8b:66:67:d2,0,0,56,2,0,A,5c:62:8b:66:67:d2,0,0,0,0"
1791507005.568,"B,57576,10,b0:a7:b9:23:82:ee,0,0,60,2,-88,A,b0:a7:b9:23:82:ee,0,0,0,0"
1791507005.568,"B,57576,10,b2:db:ca:e6:29:a6,56,2,0,0,-52,S,5c:62:8b:66:67:d2,2,0,0,0"
1791507005.568,"B,57576,10,f2:51:4e:f8:1a:7f,60,2,0,0,-89,S,b0:a7:b9:23:82:ee,2,0,0,0"
1791507005.772,"B,57676,10,5c:62:8b:66:67:d2,0,0,28,1,-50,A,5c:62:8b:66:67:d2,0,0,0,0"
1791507005.772,"B,57676,10,78:8c:b5:f5:e7:26,80,1,0,0,-83,A,78:8c:b5:f5:e7:26,1,0,0,0"
1791507005.772,"B,57676,10,b2:db:ca:e6:29:a6,28,1,0,0,-50,S,5c:62:8b:66:67:d2,1,0,0,0"
1791507005.772,"B,57776,10,5c:62:8b:66:67:d2,0,0,56,2,-49,A,5c:62:8b:66:67:d2,0,0,0,0"
1791507005.772,"B,57776,10,b2:db:ca:e6:29:a6,56,2,0,0,-50,S,5c:62:8b:66:67:d2,2,0,0,0"
1791507005.975,"B,57876,10,5c:62:8b:66:67:d2,0,0,28,1,-48,A,5c:62:8b:66:67:d2,0,0,0,0"
1791507005.975,"B,57876,10,b2:db:ca:e6:29:a6,28,1,0,0,-51,S,5c:62:8b:66:67:d2,1,0,0,0"
1791507005.975,"B,57976,10,5c:62:8b:66:67:d2,0,0,84,3,-50,A,5c:62:8b:66:67:d2,0,0,0,0"
1791507005.975,"B,57976,10,b2:db:ca:e6:29:a6,84,3,0,0,-51,S,5c:62:8b:66:67:d2,3,0,0,0"
1791507006.177,"B,58076,10,5c:62:8b:66:67:d2,0,0,28,1,-49,A,5c:62:8b:66:67:d2,0,0,0,0"
1791507006.177,"B,58076,10,b2:db:ca:e6:29:a6,28,1,0,0,-52,S,5c:62:8b:66:67:d2,1,0,0,0"
1791507006.177,"B,58176,10,5c:62:8b:66:67:d2,0,0,56,2,-48,A,5c:62:8b:66:67:d2,0,0,0,0"
1791507006.177,"B,58176,10,b2:db:ca:e6:29:a6,56,2,0,0,-52,S,5c:62:8b:66:67:d2,2,0,0,0"
1791507006.382,"B,58276,10,5c:62:8b:66:67:d2,0,0,56,2,-48,A,5c:62:8b:66:67:d2,0,0,0,0"
1791507006.382,"B,58276,10,b2:db:ca:e6:29:a6,56,2,0,0,-51,S,5c:62:8b:66:67:d2,2,0,0,0"
1791507006.382,"B,58376,10,5c:62:8b:66:67:d2,0,0,56,2,-48,A,5c:62:8b:66:67:d2,0,0,0,0"
1791507006.382,"B,58376,10,b2:db:ca:e6:29:a6,56,2,0,0,-51,S,5c:62:8b:66:67:d2,2,0,0,0"
1791507006.588,"B,58476,10,5c:62:8b:66:67:d2,0,0,28,1,-49,A,5c:62:8b:66:67:d2,0,0,0,0"
1791507006.588,"B,58476,10,b2:db:ca:e6:29:a6,28,1,0,0,-52,S,5c:62:8b:66:67:d2,1,0,0,0"
1791507006.588,"B,58576,10,5c:62:8b:66:67:d2,0,0,84,3,-48,A,5c:62:8b:66:67:d2,0,0,0,0"
1791507006.588,"B,58576,10,b2:db:ca:e6:29:a6,84,3,0,0,-52,S,5c:62:8b:66:67:d2,3,0,0,0"
1791507006.793,"B,58676,10,5c:62:8b:66:67:d2,0,0,28,1,-48,A,5c:62:8b:66:67:d2,0,0,0,0"
1791507006.793,"B,58676,10,78:8c:b5:f5:e7:26,160,2,0,0,-85,A,78:8c:b5:f5:e7:26,2,0,0,0"
1791507006.793,"B,58676,10,b2:db:ca:e6:29:a6,28,1,0,0,-51,S,5c:62:8b:66:67:d2,1,0,0,0"
1791507006.993,"B,58976,10,5c:62:8b:66:67:d2,0,0,84,3,-48,A,5c:62:8b:66:67:d2,0,0,0,0"
1791507006.993,"B,58976,10,b2:db:ca:e6:29:a6,84,3,0,0,-51,S,5c:62:8b:66:67:d2,3,0,0,0"
1791507007.196,"B,59076,10,5c:62:8b:66:67:d2,0,0,56,2,-48,A,5c:62:8b:66:67:d2,0,0,0,0"
1791507007.196,"B,59076,10,b2:db:ca:e6:29:a6,56,2,0,0,-52,S,5c:62:8b:66:67:d2,2,0,0,0"
1791507007.196,"B,59176,10,5c:62:8b:66:67:d2,0,0,56,2,-48,A,5c:62:8b:66:67:d2,0,0,0,0"
1791507007.196,"B,59176,10,b2:db:ca:e6:29:a6,56,2,0,0,-52,S,5c:62:8b:66:67:d2,2,0,0,0"
1791507007.397,"B,59276,10,5c:62:8b:66:67:d2,0,0,56,2,-48,A,5c:62:8b:66:67:d2,0,0,0,0"
1791507007.397,"B,59276,10,b0:a7:b9:23:82:ee,0,0,30,1,-87,A,b0:a7:b9:23:82:ee,0,0,0,0"
1791507007.397,"B,59276,10,b2:db:ca:e6:29:a6,56,2,0,0,-53,S,5c:62:8b:66:67:d2,2,0,0,0"
1791507007.397,"B,59276,10,f2:51:4e:f8:1a:7f,30,1,0,0,-88,S,b0:a7:b9:23:82:ee,1,0,0,0"
1791507007.397,"B,59376,10,5c:62:8b:66:67:d2,0,0,84,3,-49,A,5c:62:8b:66:67:d2,0,0,0,0"
1791507007.397,"B,59376,10,b2:db:ca:e6:29:a6,84,3,0,0,-52,S,5c:62:8b:66:67:d2,3,0,0,0"
1791507007.397,"B,59476,10,5c:62:8b:66:67:d2,0,0,84,3,-48,A,5c:62:8b:66:67:d2,0,0,0,0"
1791507007.397,"B,59476,10,b2:db:ca:e6:29:a6,84,3,0,0,-51,S,5c:62:8b:66:67:d2,3,0,0,0"
1791507007.597,"B,59576,10,5c:62:8b:66:67:d2,0,0,28,1,-48,A,5c:62:8b:66:67:d2,0,0,0,0"
1791507007.597,"B,59576,10,b2:db:ca:e6:29:a6,28,1,0,0,-53,S,5c:62:8b:66:67:d2,1,0,0,0"
1791507007.597,"B,59676,10,5c:62:8b:66:67:d2,0,0,28,1,-48,A,5c:62:8b:66:67:d2,0,0,0,0"
1791507007.597,"B,59676,10,b2:db:ca:e6:29:a6,28,1,0,0,-51,S,5c:62:8b:66:67:d2,1,0,0,0"
1791507007.797,"B,59776,10,5c:62:8b:66:67:d2,0,0,28,1,-48,A,5c:62:8b:66:67:d2,0,0,0,0"
1791507007.797,"B,59776,10,78:8c:b5:f5:e7:26,160,2,0,0,-83,A,78:8c:b5:f5:e7:26,2,0,0,0"
1791507007.797,"B,59776,10,b2:db:ca:e6:29:a6,28,1,0,0,-51,S,5c:62:8b:66:67:d2,1,0,0,0"
1791507007.797,"B,59876,10,5c:62:8b:66:67:d2,0,0,28,1,-48,A,5c:62:8b:66:67:d2,0,0,0,0"
1791507007.797,"B,59876,10,b2:db:ca:e6:29:a6,28,1,0,0,-52,S,5c:62:8b:66:67:d2,1,0,0,0"
1791507007.998,"B,60076,10,b0:a7:b9:23:82:ee,0,0,56,2,-87,A,b0:a7:b9:23:82:ee,0,0,0,0"
1791507007.998,"B,60076,10,80:af:ca:68:4c:f8,1051,2,0,0,-88,A,80:af:ca:68:4c:f8,0,2,0,0"
1791507007.998,"B,60076,10,e2:5e:2c:92:7b:df,56,2,0,0,-87,S,b0:a7:b9:23:82:ee,2,0,0,0"
1791507008.201,"I,60100,stat,rx=3728,drops=0,ch=10,bin=100,hop=0,heap=202024"
1791507008.405,"B,60376,10,80:af:ca:68:4c:f8,549,1,0,0,-84,A,80:af:ca:68:4c:f8,0,1,0,0"
1791507008.606,"B,60576,10,cc:d8:43:ca:9f:eb,0,0,60,2,-76,A,cc:d8:43:ca:9f:eb,0,0,0,0"
1791507008.606,"B,60576,10,98:5f:41:bf:7c:ff,60,2,0,0,-69,S,cc:d8:43:ca:9f:eb,2,0,0,0"
1791507008.606,"B,60676,10,5c:62:8b:66:67:d2,0,0,28,1,-48,A,5c:62:8b:66:67:d2,0,0,0,0"
1791507008.606,"B,60676,10,cc:d8:43:ca:9f:eb,0,0,30,1,-76,A,cc:d8:43:ca:9f:eb,0,0,0,0"
1791507008.606,"B,60676,10,b2:db:ca:e6:29:a6,28,1,0,0,-51,S,5c:62:8b:66:67:d2,1,0,0,0"
1791507008.606,"B,60676,10,98:5f:41:bf:7c:ff,30,1,0,0,-70,S,cc:d8:43:ca:9f:eb,1,0,0,0"
1791507008.809,"B,60776,10,5c:62:8b:66:67:d2,0,0,56,2,-48,A,5c:62:8b:66:67:d2,0,0,0,0"
1791507008.809,"B,60776,10,b2:db:ca:e6:29:a6,56,2,0,0,-52,S,5c:62:8b:66:67:d2,2,0,0,0"
1791507008.809,"B,60876,10,5c:62:8b:66:67:d2,0,0,56,2,-49,A,5c:62:8b:66:67:d2,0,0,0,0"
1791507008.809,"B,60876,10,b2:db:ca:e6:29:a6,56,2,0,0,-51,S,5c:62:8b:66:67:d2,2,0,0,0"
1791507009.011,"I,60972,focus,off"
1791507009.011,"M,60973,record_end"
1791507009.011,"B,60976,10,5c:62:8b:66:67:d2,0,0,56,2,-48,A,5c:62:8b:66:67:d2,0,0,0,0"
1791507009.011,"B,60976,10,b2:db:ca:e6:29:a6,56,2,0,0,-51,S,5c:62:8b:66:67:d2,2,0,0,0"
1791507009.011,"B,61076,10,5c:62:8b:66:67:d2,0,0,150,3,-48,A,5c:62:8b:66:67:d2,0,0,0,0"
1791507009.011,"B,61076,10,b2:db:ca:e6:29:a6,56,2,0,0,-53,S,5c:62:8b:66:67:d2,2,0,0,0"
1791507009.011,"B,61076,10,46:88:44:6e:4f:e4,94,1,0,0,-37,S,5c:62:8b:66:67:d2,1,0,0,0"
1791507009.214,"B,61176,10,5c:62:8b:66:67:d2,0,0,56,2,-49,A,5c:62:8b:66:67:d2,0,0,0,0"
1791507009.214,"B,61176,10,b2:db:ca:e6:29:a6,56,2,0,0,-50,S,5c:62:8b:66:67:d2,2,0,0,0"
1791507009.214,"B,61276,10,5c:62:8b:66:67:d2,0,0,28,1,-48,A,5c:62:8b:66:67:d2,0,0,0,0"
1791507009.214,"B,61276,10,b2:db:ca:e6:29:a6,28,1,0,0,-51,S,5c:62:8b:66:67:d2,1,0,0,0"
1791507009.414,"B,61376,10,5c:62:8b:66:67:d2,0,0,56,2,-48,A,5c:62:8b:66:67:d2,0,0,0,0"
1791507009.414,"B,61376,10,b2:db:ca:e6:29:a6,56,2,0,0,-52,S,5c:62:8b:66:67:d2,2,0,0,0"
1791507009.414,"B,61476,10,5c:62:8b:66:67:d2,0,0,56,2,-49,A,5c:62:8b:66:67:d2,0,0,0,0"
1791507009.414,"B,61476,10,b2:db:ca:e6:29:a6,56,2,0,0,-52,S,5c:62:8b:66:67:d2,2,0,0,0"
