host_time_s,line
1791497634.818,"I,81,boot,spyscan-e2-sniffer,v0.1,transport=usb-serial-jtag"
1791497634.818,"A,165,1,c2:a5:dd:1b:60:3b,-57,MERCURY_603B"
1791497634.818,"B,181,1,5a:62:f6:96:2d:4c,140,5,7469,17,-75,S,c2:a5:dd:1b:60:3b"
1791497634.818,"B,181,1,c2:a5:dd:1b:60:3b,7469,17,140,5,-66,A,c2:a5:dd:1b:60:3b"
1791497634.818,"B,181,1,08:9d:f4:81:f5:38,60,2,0,0,-86,S,c4:16:88:9a:06:5c"
1791497634.818,"B,181,1,c4:16:88:9a:06:5c,0,0,60,2,0,A,c4:16:88:9a:06:5c"
1791497635.019,"A,255,1,00:eb:d8:38:aa:a8,-83,1511"
1791497635.019,"B,281,1,5a:62:f6:96:2d:4c,56,2,0,0,-76,S,c2:a5:dd:1b:60:3b"
1791497635.019,"B,281,1,c2:a5:dd:1b:60:3b,0,0,56,2,-57,A,c2:a5:dd:1b:60:3b"
1791497635.019,"A,300,1,44:df:65:f4:66:07,-84,logovo_SKUFov"
1791497635.019,"I,332,reset"
1791497635.019,"I,333,bin,100"
1791497635.019,"I,333,channel,10"
1791497635.019,"A,353,10,5c:62:8b:66:67:d2,-47,TP-Link_67D2"
1791497635.019,"B,381,1,5a:62:f6:96:2d:4c,28,1,0,0,-79,S,c2:a5:dd:1b:60:3b"
1791497635.019,"B,381,1,c2:a5:dd:1b:60:3b,0,0,28,1,0,A,c2:a5:dd:1b:60:3b"
1791497635.019,"B,381,10,5c:62:8b:66:67:d2,2203,6,2058,7,-45,A,5c:62:8b:66:67:d2"
1791497635.019,"B,381,10,72:3b:01:24:b7:c8,370,3,2093,5,-46,S,5c:62:8b:66:67:d2"
1791497635.019,"B,381,10,b2:db:ca:e6:29:a6,56,2,0,0,-36,S,5c:62:8b:66:67:d2"
1791497635.019,"B,381,10,cc:b8:5e:ad:5c:4a,1632,2,110,1,-48,S,5c:62:8b:66:67:d2"
1791497635.019,"A,418,10,82:af:ca:28:4c:f8,-85,"
1791497635.019,"A,433,10,78:8c:b5:f5:e7:26,-81,ITMO"
1791497635.220,"A,441,10,cc:d8:43:ca:9f:eb,-83,Xiaomi_DF62"
1791497635.220,"B,481,10,5c:62:8b:66:67:d2,0,0,2962,9,-48,A,5c:62:8b:66:67:d2"
1791497635.220,"B,481,10,72:3b:01:24:b7:c8,28,1,0,0,-46,S,5c:62:8b:66:67:d2"
1791497635.220,"B,481,10,b2:db:ca:e6:29:a6,112,4,0,0,-37,S,5c:62:8b:66:67:d2"
1791497635.220,"B,481,10,cc:b8:5e:ad:5c:4a,2822,4,0,0,-48,S,5c:62:8b:66:67:d2"
1791497635.220,"A,541,10,b0:a7:b9:23:82:ee,-88,________ __ ________"
1791497635.220,"B,581,10,5c:62:8b:66:67:d2,19568,24,16886,25,-45,A,5c:62:8b:66:67:d2"
1791497635.220,"B,581,10,72:3b:01:24:b7:c8,908,9,18688,16,-46,S,5c:62:8b:66:67:d2"
1791497635.220,"B,581,10,b2:db:ca:e6:29:a6,56,2,0,0,-38,S,5c:62:8b:66:67:d2"
1791497635.220,"B,581,10,cc:b8:5e:ad:5c:4a,15922,14,880,8,-48,S,5c:62:8b:66:67:d2"
1791497635.425,"M,638,baseline"
1791497635.425,"B,681,10,5c:62:8b:66:67:d2,14695,18,12184,17,-45,A,5c:62:8b:66:67:d2"
1791497635.425,"B,681,10,72:3b:01:24:b7:c8,660,6,13922,11,-46,S,5c:62:8b:66:67:d2"
1791497635.425,"B,681,10,b2:db:ca:e6:29:a6,28,1,0,0,-38,S,5c:62:8b:66:67:d2"
1791497635.425,"B,681,10,cc:b8:5e:ad:5c:4a,11496,10,773,7,-48,S,5c:62:8b:66:67:d2"
1791497635.425,"B,781,10,5c:62:8b:66:67:d2,1718,3,7340,20,-45,A,5c:62:8b:66:67:d2"
1791497635.425,"B,781,10,72:3b:01:24:b7:c8,334,9,1608,2,-46,S,5c:62:8b:66:67:d2"
1791497635.425,"B,781,10,b2:db:ca:e6:29:a6,84,3,0,0,-39,S,5c:62:8b:66:67:d2"
1791497635.425,"B,781,10,cc:b8:5e:ad:5c:4a,6922,8,110,1,-48,S,5c:62:8b:66:67:d2"
1791497635.630,"B,881,10,5c:62:8b:66:67:d2,16598,21,11452,21,-45,A,5c:62:8b:66:67:d2"
1791497635.630,"B,881,10,72:3b:01:24:b7:c8,826,9,15828,14,-46,S,5c:62:8b:66:67:d2"
1791497635.630,"B,881,10,b2:db:ca:e6:29:a6,56,2,0,0,-38,S,5c:62:8b:66:67:d2"
1791497635.630,"B,881,10,cc:b8:5e:ad:5c:4a,10570,10,770,7,-47,S,5c:62:8b:66:67:d2"
1791497635.630,"A,926,10,80:af:ca:68:4c:f8,-85,Cudy-4CF8"
1791497635.630,"B,981,10,5c:62:8b:66:67:d2,12586,15,28172,31,-45,A,5c:62:8b:66:67:d2"
1791497635.630,"B,981,10,72:3b:01:24:b7:c8,578,6,12036,10,-46,S,5c:62:8b:66:67:d2"
1791497635.630,"B,981,10,b2:db:ca:e6:29:a6,28,1,0,0,-39,S,5c:62:8b:66:67:d2"
1791497635.630,"B,981,10,cc:b8:5e:ad:5c:4a,27566,24,550,5,-47,S,5c:62:8b:66:67:d2"
1791497635.630,"A,1001,10,64:d1:54:63:44:f4,-89,Kubok"
1791497635.835,"B,1081,10,5c:62:8b:66:67:d2,11888,12,6211,12,-45,A,5c:62:8b:66:67:d2"
1791497635.835,"B,1081,10,72:3b:01:24:b7:c8,2337,8,11774,11,-46,S,5c:62:8b:66:67:d2"
1791497635.835,"B,1081,10,b2:db:ca:e6:29:a6,28,1,0,0,-37,S,5c:62:8b:66:67:d2"
1791497635.835,"B,1081,10,cc:b8:5e:ad:5c:4a,3846,3,114,1,-48,S,5c:62:8b:66:67:d2"
1791497635.835,"B,1181,10,5c:62:8b:66:67:d2,22985,33,24768,35,-45,A,5c:62:8b:66:67:d2"
1791497635.835,"B,1181,10,72:3b:01:24:b7:c8,1518,13,21459,20,-46,S,5c:62:8b:66:67:d2"
1791497635.835,"B,1181,10,b2:db:ca:e6:29:a6,56,2,0,0,-38,S,5c:62:8b:66:67:d2"
1791497635.835,"B,1181,10,cc:b8:5e:ad:5c:4a,23194,20,1526,13,-47,S,5c:62:8b:66:67:d2"
1791497636.040,"B,1281,10,5c:62:8b:66:67:d2,3166,5,3714,10,-45,A,5c:62:8b:66:67:d2"
1791497636.040,"B,1281,10,72:3b:01:24:b7:c8,220,2,2946,3,-46,S,5c:62:8b:66:67:d2"
1791497636.040,"B,1281,10,b2:db:ca:e6:29:a6,56,2,0,0,-38,S,5c:62:8b:66:67:d2"
1791497636.040,"B,1281,10,cc:b8:5e:ad:5c:4a,3438,6,220,2,-42,S,5c:62:8b:66:67:d2"
1791497636.040,"B,1381,10,5c:62:8b:66:67:d2,10174,11,10244,20,-45,A,5c:62:8b:66:67:d2"
1791497636.040,"B,1381,10,72:3b:01:24:b7:c8,388,8,9954,9,-47,S,5c:62:8b:66:67:d2"
1791497636.040,"B,1381,10,b2:db:ca:e6:29:a6,84,3,0,0,-38,S,5c:62:8b:66:67:d2"
1791497636.040,"B,1381,10,cc:b8:5e:ad:5c:4a,9772,9,220,2,-47,S,5c:62:8b:66:67:d2"
1791497636.244,"B,1481,10,5c:62:8b:66:67:d2,12869,19,14626,24,-45,A,5c:62:8b:66:67:d2"
1791497636.244,"B,1481,10,72:3b:01:24:b7:c8,1250,11,11989,11,-47,S,5c:62:8b:66:67:d2"
1791497636.244,"B,1481,10,b2:db:ca:e6:29:a6,28,1,0,0,-38,S,5c:62:8b:66:67:d2"
1791497636.244,"B,1481,10,cc:b8:5e:ad:5c:4a,13348,12,880,8,-47,S,5c:62:8b:66:67:d2"
1791497636.244,"B,1581,10,5c:62:8b:66:67:d2,22894,27,22978,30,-45,A,5c:62:8b:66:67:d2"
1791497636.244,"B,1581,10,72:3b:01:24:b7:c8,990,9,21904,18,-47,S,5c:62:8b:66:67:d2"
1791497636.244,"B,1581,10,b2:db:ca:e6:29:a6,56,2,0,0,-39,S,5c:62:8b:66:67:d2"
1791497636.244,"B,1581,10,cc:b8:5e:ad:5c:4a,21932,19,990,9,-49,S,5c:62:8b:66:67:d2"
1791497636.445,"B,1681,10,5c:62:8b:66:67:d2,0,0,5324,11,0,A,5c:62:8b:66:67:d2"
1791497636.445,"B,1681,10,72:3b:01:24:b7:c8,140,5,0,0,-47,S,5c:62:8b:66:67:d2"
1791497636.445,"B,1681,10,b2:db:ca:e6:29:a6,56,2,0,0,-38,S,5c:62:8b:66:67:d2"
1791497636.445,"B,1681,10,cc:b8:5e:ad:5c:4a,5128,4,0,0,-48,S,5c:62:8b:66:67:d2"
1791497636.445,"B,1781,10,5c:62:8b:66:67:d2,6520,6,1586,6,-45,A,5c:62:8b:66:67:d2"
1791497636.445,"B,1781,10,72:3b:01:24:b7:c8,248,3,6410,5,-47,S,5c:62:8b:66:67:d2"
1791497636.445,"B,1781,10,b2:db:ca:e6:29:a6,28,1,0,0,-41,S,5c:62:8b:66:67:d2"
1791497636.445,"B,1781,10,cc:b8:5e:ad:5c:4a,1310,2,110,1,-49,S,5c:62:8b:66:67:d2"
1791497636.445,"B,1781,10,b0:a7:b9:23:82:ee,0,0,30,1,-89,A,b0:a7:b9:23:82:ee"
1791497636.445,"B,1781,10,f2:51:4e:f8:1a:7f,30,1,0,0,-90,S,b0:a7:b9:23:82:ee"
1791497636.647,"B,1881,10,5c:62:8b:66:67:d2,74494,89,89688,103,-45,A,5c:62:8b:66:67:d2"
1791497636.647,"B,1881,10,72:3b:01:24:b7:c8,3274,32,70974,57,-47,S,5c:62:8b:66:67:d2"
1791497636.647,"B,1881,10,b2:db:ca:e6:29:a6,56,2,0,0,-39,S,5c:62:8b:66:67:d2"
1791497636.647,"B,1881,10,cc:b8:5e:ad:5c:4a,86358,69,3520,32,-48,S,5c:62:8b:66:67:d2"
1791497636.647,"B,1981,10,5c:62:8b:66:67:d2,13822,19,13272,24,-45,A,5c:62:8b:66:67:d2"
1791497636.647,"B,1981,10,72:3b:01:24:b7:c8,772,10,12942,11,-47,S,5c:62:8b:66:67:d2"
1791497636.647,"B,1981,10,b2:db:ca:e6:29:a6,84,3,0,0,-38,S,5c:62:8b:66:67:d2"
1791497636.647,"B,1981,10,cc:b8:5e:ad:5c:4a,12416,11,880,8,-48,S,5c:62:8b:66:67:d2"
1791497636.647,"B,1981,10,b0:a7:b9:23:82:ee,0,0,30,1,0,A,b0:a7:b9:23:82:ee"
1791497636.647,"B,1981,10,f2:51:4e:f8:1a:7f,30,1,0,0,-90,S,b0:a7:b9:23:82:ee"
1791497636.849,"B,2081,10,5c:62:8b:66:67:d2,0,0,1722,7,-47,A,5c:62:8b:66:67:d2"
1791497636.849,"B,2081,10,72:3b:01:24:b7:c8,1638,4,0,0,-47,S,5c:62:8b:66:67:d2"
1791497636.849,"B,2081,10,b2:db:ca:e6:29:a6,84,3,0,0,-39,S,5c:62:8b:66:67:d2"
1791497636.849,"B,2181,10,5c:62:8b:66:67:d2,29821,37,28434,42,-45,A,5c:62:8b:66:67:d2"
1791497636.849,"B,2181,10,72:3b:01:24:b7:c8,2688,19,28501,25,-47,S,5c:62:8b:66:67:d2"
1791497636.849,"B,2181,10,b2:db:ca:e6:29:a6,28,1,0,0,-39,S,5c:62:8b:66:67:d2"
1791497636.849,"B,2181,10,cc:b8:5e:ad:5c:4a,25718,22,1320,12,-48,S,5c:62:8b:66:67:d2"
1791497637.061,"B,2281,10,5c:62:8b:66:67:d2,0,0,140,5,-49,A,5c:62:8b:66:67:d2"
1791497637.061,"B,2281,10,b2:db:ca:e6:29:a6,140,5,0,0,-40,S,5c:62:8b:66:67:d2"
1791497637.061,"B,2381,10,5c:62:8b:66:67:d2,0,0,28,1,-47,A,5c:62:8b:66:67:d2"
1791497637.061,"B,2381,10,b2:db:ca:e6:29:a6,28,1,0,0,-39,S,5c:62:8b:66:67:d2"
1791497637.263,"B,2481,10,5c:62:8b:66:67:d2,16642,19,24106,35,-45,A,5c:62:8b:66:67:d2"
1791497637.263,"B,2481,10,72:3b:01:24:b7:c8,1064,13,16092,14,-47,S,5c:62:8b:66:67:d2"
1791497637.263,"B,2481,10,cc:b8:5e:ad:5c:4a,23042,22,550,5,-48,S,5c:62:8b:66:67:d2"
1791497637.263,"B,2481,10,80:af:ca:68:4c:f8,84,1,0,0,-85,A,80:af:ca:68:4c:f8"
1791497637.263,"B,2581,10,5c:62:8b:66:67:d2,12031,19,9288,22,-45,A,5c:62:8b:66:67:d2"
1791497637.263,"B,2581,10,72:3b:01:24:b7:c8,850,10,11283,12,-46,S,5c:62:8b:66:67:d2"
1791497637.263,"B,2581,10,b2:db:ca:e6:29:a6,56,2,0,0,-40,S,5c:62:8b:66:67:d2"
1791497637.263,"B,2581,10,cc:b8:5e:ad:5c:4a,8382,10,660,6,-48,S,5c:62:8b:66:67:d2"
1791497637.464,"B,2681,10,5c:62:8b:66:67:d2,15136,20,10592,17,-45,A,5c:62:8b:66:67:d2"
1791497637.464,"B,2681,10,72:3b:01:24:b7:c8,688,7,14256,12,-46,S,5c:62:8b:66:67:d2"
1791497637.464,"B,2681,10,b2:db:ca:e6:29:a6,56,2,0,0,-39,S,5c:62:8b:66:67:d2"
1791497637.464,"B,2681,10,cc:b8:5e:ad:5c:4a,9848,8,880,8,-49,S,5c:62:8b:66:67:d2"
1791497637.464,"B,2781,10,5c:62:8b:66:67:d2,30700,32,38808,47,-45,A,5c:62:8b:66:67:d2"
1791497637.464,"B,2781,10,72:3b:01:24:b7:c8,936,10,30040,26,-47,S,5c:62:8b:66:67:d2"
1791497637.464,"B,2781,10,b2:db:ca:e6:29:a6,56,2,0,0,-40,S,5c:62:8b:66:67:d2"
1791497637.464,"B,2781,10,cc:b8:5e:ad:5c:4a,37816,35,660,6,-48,S,5c:62:8b:66:67:d2"
1791497637.664,"B,2881,10,5c:62:8b:66:67:d2,77656,88,101352,109,-45,A,5c:62:8b:66:67:d2"
1791497637.664,"B,2881,10,72:3b:01:24:b7:c8,3026,29,74356,58,-47,S,5c:62:8b:66:67:d2"
1791497637.664,"B,2881,10,b2:db:ca:e6:29:a6,56,2,0,0,-37,S,5c:62:8b:66:67:d2"
1791497637.664,"B,2881,10,cc:b8:5e:ad:5c:4a,98270,78,3300,30,-48,S,5c:62:8b:66:67:d2"
1791497637.664,"B,2981,10,5c:62:8b:66:67:d2,45806,57,46728,62,-45,A,5c:62:8b:66:67:d2"
1791497637.664,"B,2981,10,72:3b:01:24:b7:c8,2092,22,43386,35,-47,S,5c:62:8b:66:67:d2"
1791497637.664,"B,2981,10,b2:db:ca:e6:29:a6,84,3,0,0,-43,S,5c:62:8b:66:67:d2"
1791497637.664,"B,2981,10,cc:b8:5e:ad:5c:4a,44552,37,2420,22,-48,S,5c:62:8b:66:67:d2"
1791497637.664,"B,3081,10,5c:62:8b:66:67:d2,7610,11,15675,21,-45,A,5c:62:8b:66:67:d2"
1791497637.865,"B,3081,10,72:3b:01:24:b7:c8,4035,8,7060,6,-47,S,5c:62:8b:66:67:d2"
1791497637.865,"B,3081,10,b2:db:ca:e6:29:a6,56,2,0,0,-41,S,5c:62:8b:66:67:d2"
1791497637.865,"B,3081,10,cc:b8:5e:ad:5c:4a,11584,11,550,5,-50,S,5c:62:8b:66:67:d2"
1791497637.865,"B,3181,10,5c:62:8b:66:67:d2,11609,15,13332,18,-45,A,5c:62:8b:66:67:d2"
1791497637.865,"B,3181,10,72:3b:01:24:b7:c8,410,6,11389,13,-47,S,5c:62:8b:66:67:d2"
1791497637.865,"B,3181,10,cc:b8:5e:ad:5c:4a,12922,12,220,2,-49,S,5c:62:8b:66:67:d2"
1791497637.865,"B,3281,10,5c:62:8b:66:67:d2,10228,12,16878,22,-45,A,5c:62:8b:66:67:d2"
1791497638.067,"B,3281,10,72:3b:01:24:b7:c8,524,7,9788,8,-47,S,5c:62:8b:66:67:d2"
1791497638.067,"B,3281,10,b2:db:ca:e6:29:a6,56,2,0,0,-41,S,5c:62:8b:66:67:d2"
1791497638.067,"B,3281,10,cc:b8:5e:ad:5c:4a,16298,13,440,4,-49,S,5c:62:8b:66:67:d2"
1791497638.067,"A,3340,10,ba:97:a3:e0:bf:91,-88,"
1791497638.067,"B,3381,10,5c:62:8b:66:67:d2,0,0,4436,8,-48,A,5c:62:8b:66:67:d2"
1791497638.067,"B,3381,10,72:3b:01:24:b7:c8,56,2,0,0,-47,S,5c:62:8b:66:67:d2"
1791497638.067,"B,3381,10,b2:db:ca:e6:29:a6,28,1,0,0,-36,S,5c:62:8b:66:67:d2"
1791497638.067,"B,3381,10,cc:b8:5e:ad:5c:4a,4352,5,0,0,-49,S,5c:62:8b:66:67:d2"
1791497638.268,"B,3481,10,5c:62:8b:66:67:d2,24481,27,20432,30,-45,A,5c:62:8b:66:67:d2"
1791497638.268,"B,3481,10,72:3b:01:24:b7:c8,1004,11,23931,22,-46,S,5c:62:8b:66:67:d2"
1791497638.268,"B,3481,10,b2:db:ca:e6:29:a6,56,2,0,0,-39,S,5c:62:8b:66:67:d2"
1791497638.268,"B,3481,10,cc:b8:5e:ad:5c:4a,19372,17,550,5,-49,S,5c:62:8b:66:67:d2"
1791497638.268,"B,3581,10,5c:62:8b:66:67:d2,16622,21,7726,16,-45,A,5c:62:8b:66:67:d2"
1791497638.268,"B,3581,10,72:3b:01:24:b7:c8,660,6,15852,14,-46,S,5c:62:8b:66:67:d2"
1791497638.268,"B,3581,10,b2:db:ca:e6:29:a6,56,2,0,0,-40,S,5c:62:8b:66:67:d2"
1791497638.268,"B,3581,10,cc:b8:5e:ad:5c:4a,7010,8,770,7,-50,S,5c:62:8b:66:67:d2"
1791497638.268,"B,3681,10,5c:62:8b:66:67:d2,0,0,7776,9,-48,A,5c:62:8b:66:67:d2"
1791497638.268,"B,3681,10,72:3b:01:24:b7:c8,28,1,0,0,-46,S,5c:62:8b:66:67:d2"
1791497638.468,"B,3681,10,b2:db:ca:e6:29:a6,56,2,0,0,-37,S,5c:62:8b:66:67:d2"
1791497638.468,"B,3681,10,cc:b8:5e:ad:5c:4a,7692,6,0,0,-49,S,5c:62:8b:66:67:d2"
1791497638.468,"B,3781,10,5c:62:8b:66:67:d2,29334,31,22718,31,-45,A,5c:62:8b:66:67:d2"
1791497638.468,"B,3781,10,72:3b:01:24:b7:c8,744,9,28454,23,-44,S,5c:62:8b:66:67:d2"
1791497638.468,"B,3781,10,b2:db:ca:e6:29:a6,56,2,0,0,-38,S,5c:62:8b:66:67:d2"
1791497638.468,"B,3781,10,cc:b8:5e:ad:5c:4a,21918,20,880,8,-50,S,5c:62:8b:66:67:d2"
1791497638.468,"B,3881,10,5c:62:8b:66:67:d2,7940,12,3080,14,-45,A,5c:62:8b:66:67:d2"
1791497638.468,"B,3881,10,72:3b:01:24:b7:c8,580,9,7390,7,-43,S,5c:62:8b:66:67:d2"
1791497638.468,"B,3881,10,b2:db:ca:e6:29:a6,56,2,0,0,-37,S,5c:62:8b:66:67:d2"
1791497638.468,"B,3881,10,cc:b8:5e:ad:5c:4a,2444,3,550,5,-49,S,5c:62:8b:66:67:d2"
1791497638.668,"B,3981,10,5c:62:8b:66:67:d2,4510,7,16050,19,-46,A,5c:62:8b:66:67:d2"
1791497638.668,"B,3981,10,72:3b:01:24:b7:c8,248,3,4180,4,-43,S,5c:62:8b:66:67:d2"
1791497638.668,"B,3981,10,b2:db:ca:e6:29:a6,56,2,0,0,-40,S,5c:62:8b:66:67:d2"
1791497638.668,"B,3981,10,cc:b8:5e:ad:5c:4a,15746,14,330,3,-50,S,5c:62:8b:66:67:d2"
1791497638.668,"B,4081,10,5c:62:8b:66:67:d2,23076,18,1728,7,-45,A,5c:62:8b:66:67:d2"
1791497638.668,"B,4081,10,72:3b:01:24:b7:c8,1672,5,23076,18,-43,S,5c:62:8b:66:67:d2"
1791497638.668,"B,4081,10,b2:db:ca:e6:29:a6,56,2,0,0,-38,S,5c:62:8b:66:67:d2"
1791497638.868,"B,4181,10,5c:62:8b:66:67:d2,40123,54,34378,47,-45,A,5c:62:8b:66:67:d2"
1791497638.868,"B,4181,10,72:3b:01:24:b7:c8,1780,16,37811,34,-43,S,5c:62:8b:66:67:d2"
1791497638.868,"B,4181,10,b2:db:ca:e6:29:a6,28,1,0,0,-41,S,5c:62:8b:66:67:d2"
1791497638.868,"B,4181,10,cc:b8:5e:ad:5c:4a,32570,30,2312,20,-50,S,5c:62:8b:66:67:d2"
1791497638.868,"B,4281,10,5c:62:8b:66:67:d2,6118,7,6174,9,-45,A,5c:62:8b:66:67:d2"
1791497638.868,"B,4281,10,72:3b:01:24:b7:c8,220,2,5898,5,-43,S,5c:62:8b:66:67:d2"
1791497638.868,"B,4281,10,b2:db:ca:e6:29:a6,28,1,0,0,-42,S,5c:62:8b:66:67:d2"
1791497639.069,"B,4281,10,cc:b8:5e:ad:5c:4a,5926,6,220,2,-48,S,5c:62:8b:66:67:d2"
1791497639.069,"B,4381,10,5c:62:8b:66:67:d2,11638,15,36458,46,-46,A,5c:62:8b:66:67:d2"
1791497639.069,"B,4381,10,72:3b:01:24:b7:c8,1010,14,10978,9,-43,S,5c:62:8b:66:67:d2"
1791497639.069,"B,4381,10,b2:db:ca:e6:29:a6,84,3,0,0,-39,S,5c:62:8b:66:67:d2"
1791497639.069,"B,4381,10,cc:b8:5e:ad:5c:4a,35364,29,660,6,-49,S,5c:62:8b:66:67:d2"
1791497639.069,"B,4481,10,5c:62:8b:66:67:d2,20701,27,15492,25,-45,A,5c:62:8b:66:67:d2"
1791497639.069,"B,4481,10,72:3b:01:24:b7:c8,1042,11,19601,17,-43,S,5c:62:8b:66:67:d2"
1791497639.069,"B,4481,10,b2:db:ca:e6:29:a6,28,1,0,0,-36,S,5c:62:8b:66:67:d2"
1791497639.069,"B,4481,10,cc:b8:5e:ad:5c:4a,14328,12,1100,10,-50,S,5c:62:8b:66:67:d2"
1791497639.270,"B,4481,10,46:88:44:6e:4f:e4,94,1,0,0,-41,S,5c:62:8b:66:67:d2"
1791497639.270,"A,4565,10,ba:97:a3:e0:bf:9f,-88,"
1791497639.270,"B,4581,10,5c:62:8b:66:67:d2,3720,4,10270,14,-46,A,5c:62:8b:66:67:d2"
1791497639.270,"B,4581,10,72:3b:01:24:b7:c8,138,2,3610,3,-44,S,5c:62:8b:66:67:d2"
1791497639.270,"B,4581,10,b2:db:ca:e6:29:a6,84,3,0,0,-39,S,5c:62:8b:66:67:d2"
1791497639.270,"B,4581,10,cc:b8:5e:ad:5c:4a,10048,9,110,1,-50,S,5c:62:8b:66:67:d2"
1791497639.270,"B,4681,10,5c:62:8b:66:67:d2,0,0,56,2,-50,A,5c:62:8b:66:67:d2"
1791497639.270,"B,4681,10,b2:db:ca:e6:29:a6,56,2,0,0,-40,S,5c:62:8b:66:67:d2"
1791497639.470,"B,4781,10,5c:62:8b:66:67:d2,29822,41,46160,54,-46,A,5c:62:8b:66:67:d2"
1791497639.470,"B,4781,10,72:3b:01:24:b7:c8,1458,14,27952,24,-43,S,5c:62:8b:66:67:d2"
1791497639.470,"B,4781,10,b2:db:ca:e6:29:a6,56,2,0,0,-41,S,5c:62:8b:66:67:d2"
1791497639.470,"B,4781,10,cc:b8:5e:ad:5c:4a,44646,38,1870,17,-47,S,5c:62:8b:66:67:d2"
1791497639.470,"B,4881,10,5c:62:8b:66:67:d2,8932,12,8796,13,-46,A,5c:62:8b:66:67:d2"
1791497639.470,"B,4881,10,72:3b:01:24:b7:c8,330,3,8382,7,-44,S,5c:62:8b:66:67:d2"
1791497639.470,"B,4881,10,b2:db:ca:e6:29:a6,56,2,0,0,-41,S,5c:62:8b:66:67:d2"
1791497639.470,"B,4881,10,cc:b8:5e:ad:5c:4a,8410,8,550,5,-49,S,5c:62:8b:66:67:d2"
1791497639.671,"B,4981,10,5c:62:8b:66:67:d2,18620,24,23614,32,-46,A,5c:62:8b:66:67:d2"
1791497639.671,"B,4981,10,72:3b:01:24:b7:c8,910,12,17520,14,-44,S,5c:62:8b:66:67:d2"
1791497639.671,"B,4981,10,b2:db:ca:e6:29:a6,28,1,0,0,-39,S,5c:62:8b:66:67:d2"
1791497639.671,"B,4981,10,cc:b8:5e:ad:5c:4a,22676,19,1100,10,-50,S,5c:62:8b:66:67:d2"
1791497639.671,"B,5081,10,5c:62:8b:66:67:d2,20520,30,20676,28,-46,A,5c:62:8b:66:67:d2"
1791497639.671,"B,5081,10,72:3b:01:24:b7:c8,2894,10,18980,16,-45,S,5c:62:8b:66:67:d2"
1791497639.671,"B,5081,10,b2:db:ca:e6:29:a6,84,3,0,0,-40,S,5c:62:8b:66:67:d2"
1791497639.671,"B,5081,10,cc:b8:5e:ad:5c:4a,17698,15,1540,14,-50,S,5c:62:8b:66:67:d2"
1791497639.671,"I,5082,stat,rx=2404,drops=0,ch=10,bin=100,hop=0,heap=203064"
1791497639.872,"B,5181,10,5c:62:8b:66:67:d2,16245,23,21206,28,-46,A,5c:62:8b:66:67:d2"
1791497639.872,"B,5181,10,72:3b:01:24:b7:c8,904,9,15365,15,-45,S,5c:62:8b:66:67:d2"
1791497639.872,"B,5181,10,b2:db:ca:e6:29:a6,28,1,0,0,-40,S,5c:62:8b:66:67:d2"
1791497639.872,"B,5181,10,cc:b8:5e:ad:5c:4a,20274,18,880,8,-50,S,5c:62:8b:66:67:d2"
1791497639.872,"B,5281,10,5c:62:8b:66:67:d2,6410,5,6744,14,-45,A,5c:62:8b:66:67:d2"
1791497639.872,"B,5281,10,72:3b:01:24:b7:c8,250,6,6410,5,-46,S,5c:62:8b:66:67:d2"
1791497639.872,"B,5281,10,b2:db:ca:e6:29:a6,56,2,0,0,-42,S,5c:62:8b:66:67:d2"
1791497639.872,"B,5281,10,cc:b8:5e:ad:5c:4a,6438,6,0,0,-50,S,5c:62:8b:66:67:d2"
1791497640.073,"B,5381,10,5c:62:8b:66:67:d2,23801,47,29584,38,-46,A,5c:62:8b:66:67:d2"
1791497640.073,"B,5381,10,72:3b:01:24:b7:c8,1470,13,20721,19,-45,S,5c:62:8b:66:67:d2"
1791497640.073,"B,5381,10,b2:db:ca:e6:29:a6,28,1,0,0,-41,S,5c:62:8b:66:67:d2"
1791497640.073,"B,5381,10,cc:b8:5e:ad:5c:4a,28086,24,3080,28,-49,S,5c:62:8b:66:67:d2"
1791497640.073,"B,5481,10,5c:62:8b:66:67:d2,10902,13,19932,22,-45,A,5c:62:8b:66:67:d2"
1791497640.073,"B,5481,10,72:3b:01:24:b7:c8,440,4,10462,9,-44,S,5c:62:8b:66:67:d2"
1791497640.073,"B,5481,10,b2:db:ca:e6:29:a6,28,1,0,0,-42,S,5c:62:8b:66:67:d2"
1791497640.073,"B,5481,10,cc:b8:5e:ad:5c:4a,19464,17,440,4,-48,S,5c:62:8b:66:67:d2"
1791497640.274,"B,5581,10,5c:62:8b:66:67:d2,15410,21,20722,29,-46,A,5c:62:8b:66:67:d2"
1791497640.274,"B,5581,10,72:3b:01:24:b7:c8,716,8,14420,12,-44,S,5c:62:8b:66:67:d2"
1791497640.274,"B,5581,10,b2:db:ca:e6:29:a6,112,4,0,0,-41,S,5c:62:8b:66:67:d2"
1791497640.274,"B,5581,10,cc:b8:5e:ad:5c:4a,19894,17,990,9,-50,S,5c:62:8b:66:67:d2"
1791497640.274,"B,5681,10,5c:62:8b:66:67:d2,9720,14,1630,11,-46,A,5c:62:8b:66:67:d2"
1791497640.274,"B,5681,10,72:3b:01:24:b7:c8,440,4,9060,8,-44,S,5c:62:8b:66:67:d2"
1791497640.274,"B,5681,10,b2:db:ca:e6:29:a6,28,1,0,0,-41,S,5c:62:8b:66:67:d2"
1791497640.274,"B,5681,10,cc:b8:5e:ad:5c:4a,1162,6,660,6,-46,S,5c:62:8b:66:67:d2"
1791497640.475,"B,5781,10,5c:62:8b:66:67:d2,8456,10,15188,23,-46,A,5c:62:8b:66:67:d2"
1791497640.475,"B,5781,10,72:3b:01:24:b7:c8,442,7,8126,7,-44,S,5c:62:8b:66:67:d2"
1791497640.475,"B,5781,10,b2:db:ca:e6:29:a6,56,2,0,0,-41,S,5c:62:8b:66:67:d2"
1791497640.475,"B,5781,10,cc:b8:5e:ad:5c:4a,14690,14,330,3,-50,S,5c:62:8b:66:67:d2"
1791497640.475,"B,5881,10,5c:62:8b:66:67:d2,83256,96,106842,112,-46,A,5c:62:8b:66:67:d2"
1791497640.475,"B,5881,10,72:3b:01:24:b7:c8,2916,28,79610,63,-44,S,5c:62:8b:66:67:d2"
1791497640.475,"B,5881,10,b2:db:ca:e6:29:a6,56,2,0,0,-41,S,5c:62:8b:66:67:d2"
1791497640.475,"B,5881,10,cc:b8:5e:ad:5c:4a,103870,82,3646,33,-50,S,5c:62:8b:66:67:d2"
1791497640.475,"B,5881,10,78:8c:b5:f5:e7:26,0,0,28,1,-82,A,78:8c:b5:f5:e7:26"
1791497640.475,"B,5881,10,00:08:22:24:d6:fb,28,1,0,0,-89,S,78:8c:b5:f5:e7:26"
1791497640.677,"B,5981,10,5c:62:8b:66:67:d2,1140,10,7634,18,-46,A,5c:62:8b:66:67:d2"
1791497640.677,"B,5981,10,72:3b:01:24:b7:c8,1196,12,0,0,-44,S,5c:62:8b:66:67:d2"
1791497640.677,"B,5981,10,b2:db:ca:e6:29:a6,28,1,0,0,-41,S,5c:62:8b:66:67:d2"
1791497640.677,"B,5981,10,cc:b8:5e:ad:5c:4a,6410,5,1140,10,-51,S,5c:62:8b:66:67:d2"
1791497640.677,"B,5981,10,64:d1:54:63:44:f4,98,1,0,0,-89,A,64:d1:54:63:44:f4"
1791497640.677,"B,6081,10,5c:62:8b:66:67:d2,48226,57,61805,73,-46,A,5c:62:8b:66:67:d2"
1791497640.677,"B,6081,10,72:3b:01:24:b7:c8,5479,22,46458,41,-44,S,5c:62:8b:66:67:d2"
1791497640.677,"B,6081,10,b2:db:ca:e6:29:a6,84,3,0,0,-41,S,5c:62:8b:66:67:d2"
1791497640.677,"B,6081,10,cc:b8:5e:ad:5c:4a,56242,48,1768,16,-50,S,5c:62:8b:66:67:d2"
1791497640.880,"B,6181,10,5c:62:8b:66:67:d2,12677,17,8794,19,-46,A,5c:62:8b:66:67:d2"
1791497640.880,"B,6181,10,72:3b:01:24:b7:c8,740,9,12127,12,-44,S,5c:62:8b:66:67:d2"
1791497640.880,"B,6181,10,b2:db:ca:e6:29:a6,56,2,0,0,-41,S,5c:62:8b:66:67:d2"
1791497640.880,"B,6181,10,cc:b8:5e:ad:5c:4a,7998,8,550,5,-50,S,5c:62:8b:66:67:d2"
1791497640.880,"B,6181,10,b0:a7:b9:23:82:ee,0,0,30,1,-90,A,b0:a7:b9:23:82:ee"
1791497640.880,"B,6181,10,f2:51:4e:f8:1a:7f,30,1,0,0,-89,S,b0:a7:b9:23:82:ee"
1791497640.880,"B,6281,10,5c:62:8b:66:67:d2,0,0,5212,7,-49,A,5c:62:8b:66:67:d2"
1791497640.880,"B,6281,10,b2:db:ca:e6:29:a6,56,2,0,0,-41,S,5c:62:8b:66:67:d2"
1791497640.880,"B,6281,10,cc:b8:5e:ad:5c:4a,5156,5,0,0,-49,S,5c:62:8b:66:67:d2"
1791497640.880,"B,6281,10,b0:a7:b9:23:82:ee,0,0,30,1,-92,A,b0:a7:b9:23:82:ee"
1791497640.880,"B,6281,10,f2:51:4e:f8:1a:7f,30,1,0,0,-88,S,b0:a7:b9:23:82:ee"
1791497641.081,"B,6381,10,5c:62:8b:66:67:d2,21275,30,24982,35,-45,A,5c:62:8b:66:67:d2"
1791497641.081,"B,6381,10,72:3b:01:24:b7:c8,1388,13,19955,18,-44,S,5c:62:8b:66:67:d2"
1791497641.081,"B,6381,10,b2:db:ca:e6:29:a6,56,2,0,0,-40,S,5c:62:8b:66:67:d2"
1791497641.081,"B,6381,10,cc:b8:5e:ad:5c:4a,23538,20,1320,12,-49,S,5c:62:8b:66:67:d2"
1791497641.081,"B,6381,10,b0:a7:b9:23:82:ee,0,0,60,2,0,A,b0:a7:b9:23:82:ee"
1791497641.081,"B,6381,10,f2:51:4e:f8:1a:7f,60,2,0,0,-90,S,b0:a7:b9:23:82:ee"
1791497641.081,"B,6481,10,5c:62:8b:66:67:d2,9551,12,5406,14,-46,A,5c:62:8b:66:67:d2"
1791497641.081,"B,6481,10,72:3b:01:24:b7:c8,674,7,9111,8,-44,S,5c:62:8b:66:67:d2"
1791497641.081,"B,6481,10,b2:db:ca:e6:29:a6,84,3,0,0,-42,S,5c:62:8b:66:67:d2"
1791497641.081,"B,6481,10,cc:b8:5e:ad:5c:4a,4648,4,440,4,-50,S,5c:62:8b:66:67:d2"
1791497641.283,"B,6581,10,5c:62:8b:66:67:d2,17828,20,11676,17,-46,A,5c:62:8b:66:67:d2"
1791497641.283,"B,6581,10,72:3b:01:24:b7:c8,578,6,17278,15,-45,S,5c:62:8b:66:67:d2"
1791497641.283,"B,6581,10,b2:db:ca:e6:29:a6,28,1,0,0,-43,S,5c:62:8b:66:67:d2"
1791497641.283,"B,6581,10,cc:b8:5e:ad:5c:4a,11070,10,550,5,-50,S,5c:62:8b:66:67:d2"
1791497641.283,"B,6681,10,5c:62:8b:66:67:d2,1690,3,6902,10,-46,A,5c:62:8b:66:67:d2"
1791497641.283,"B,6681,10,72:3b:01:24:b7:c8,138,2,1580,2,-45,S,5c:62:8b:66:67:d2"
1791497641.283,"B,6681,10,b2:db:ca:e6:29:a6,28,1,0,0,-43,S,5c:62:8b:66:67:d2"
1791497641.283,"B,6681,10,cc:b8:5e:ad:5c:4a,6736,7,110,1,-51,S,5c:62:8b:66:67:d2"
1791497641.487,"B,6781,10,5c:62:8b:66:67:d2,15779,22,16848,28,-45,A,5c:62:8b:66:67:d2"
1791497641.487,"B,6781,10,72:3b:01:24:b7:c8,1224,13,15009,15,-44,S,5c:62:8b:66:67:d2"
1791497641.487,"B,6781,10,cc:b8:5e:ad:5c:4a,15624,15,770,7,-51,S,5c:62:8b:66:67:d2"
1791497641.487,"B,6881,10,5c:62:8b:66:67:d2,9120,10,9136,14,-46,A,5c:62:8b:66:67:d2"
1791497641.487,"B,6881,10,72:3b:01:24:b7:c8,442,7,8790,7,-44,S,5c:62:8b:66:67:d2"
1791497641.487,"B,6881,10,cc:b8:5e:ad:5c:4a,8694,7,330,3,-51,S,5c:62:8b:66:67:d2"
1791497641.692,"B,6981,10,5c:62:8b:66:67:d2,25710,27,50432,49,-46,A,5c:62:8b:66:67:d2"
1791497641.692,"B,6981,10,72:3b:01:24:b7:c8,792,8,24974,21,-45,S,5c:62:8b:66:67:d2"
1791497641.692,"B,6981,10,cc:b8:5e:ad:5c:4a,49640,41,736,6,-50,S,5c:62:8b:66:67:d2"
1791497641.692,"B,7081,10,5c:62:8b:66:67:d2,20430,25,13210,22,-45,A,5c:62:8b:66:67:d2"
1791497641.692,"B,7081,10,72:3b:01:24:b7:c8,3886,13,19440,16,-45,S,5c:62:8b:66:67:d2"
1791497641.692,"B,7081,10,cc:b8:5e:ad:5c:4a,9324,9,990,9,-51,S,5c:62:8b:66:67:d2"
1791497641.897,"B,7181,10,5c:62:8b:66:67:d2,8795,14,26422,34,-45,A,5c:62:8b:66:67:d2"
1791497641.897,"B,7181,10,72:3b:01:24:b7:c8,742,12,8245,9,-45,S,5c:62:8b:66:67:d2"
1791497641.897,"B,7181,10,b2:db:ca:e6:29:a6,28,1,0,0,-41,S,5c:62:8b:66:67:d2"
1791497641.897,"B,7181,10,cc:b8:5e:ad:5c:4a,25652,21,550,5,-49,S,5c:62:8b:66:67:d2"
1791497641.897,"B,7281,10,5c:62:8b:66:67:d2,27362,33,23656,35,-45,A,5c:62:8b:66:67:d2"
1791497641.897,"B,7281,10,72:3b:01:24:b7:c8,1266,13,26152,22,-45,S,5c:62:8b:66:67:d2"
1791497641.897,"B,7281,10,b2:db:ca:e6:29:a6,56,2,0,0,-41,S,5c:62:8b:66:67:d2"
1791497641.897,"B,7281,10,cc:b8:5e:ad:5c:4a,22334,20,1210,11,-50,S,5c:62:8b:66:67:d2"
1791497642.099,"B,7381,10,5c:62:8b:66:67:d2,2360,4,9226,15,-46,A,5c:62:8b:66:67:d2"
1791497642.099,"B,7381,10,72:3b:01:24:b7:c8,402,4,2250,3,-45,S,5c:62:8b:66:67:d2"
1791497642.099,"B,7381,10,b2:db:ca:e6:29:a6,56,2,0,0,-41,S,5c:62:8b:66:67:d2"
1791497642.099,"B,7381,10,cc:b8:5e:ad:5c:4a,8768,9,110,1,-50,S,5c:62:8b:66:67:d2"
1791497642.099,"B,7481,10,5c:62:8b:66:67:d2,14785,19,11788,27,-46,A,5c:62:8b:66:67:d2"
1791497642.099,"B,7481,10,72:3b:01:24:b7:c8,1018,16,14125,13,-45,S,5c:62:8b:66:67:d2"
1791497642.099,"B,7481,10,b2:db:ca:e6:29:a6,56,2,0,0,-41,S,5c:62:8b:66:67:d2"
1791497642.099,"B,7481,10,cc:b8:5e:ad:5c:4a,10714,9,660,6,-51,S,5c:62:8b:66:67:d2"
1791497642.301,"B,7581,10,5c:62:8b:66:67:d2,0,0,6624,10,-50,A,5c:62:8b:66:67:d2"
1791497642.301,"B,7581,10,72:3b:01:24:b7:c8,158,3,0,0,-45,S,5c:62:8b:66:67:d2"
1791497642.301,"B,7581,10,b2:db:ca:e6:29:a6,28,1,0,0,-42,S,5c:62:8b:66:67:d2"
1791497642.301,"B,7581,10,cc:b8:5e:ad:5c:4a,6438,6,0,0,-50,S,5c:62:8b:66:67:d2"
1791497642.301,"B,7681,10,5c:62:8b:66:67:d2,0,0,56,2,-48,A,5c:62:8b:66:67:d2"
1791497642.301,"B,7681,10,72:3b:01:24:b7:c8,28,1,0,0,-46,S,5c:62:8b:66:67:d2"
1791497642.301,"B,7681,10,b2:db:ca:e6:29:a6,28,1,0,0,-41,S,5c:62:8b:66:67:d2"
1791497642.506,"B,7781,10,5c:62:8b:66:67:d2,0,0,56,2,-49,A,5c:62:8b:66:67:d2"
1791497642.506,"B,7781,10,b2:db:ca:e6:29:a6,56,2,0,0,-41,S,5c:62:8b:66:67:d2"
1791497642.506,"B,7881,10,5c:62:8b:66:67:d2,54868,70,72352,91,-45,A,5c:62:8b:66:67:d2"
1791497642.506,"B,7881,10,72:3b:01:24:b7:c8,2656,25,52448,48,-45,S,5c:62:8b:66:67:d2"
1791497642.506,"B,7881,10,b2:db:ca:e6:29:a6,56,2,0,0,-43,S,5c:62:8b:66:67:d2"
1791497642.506,"B,7881,10,cc:b8:5e:ad:5c:4a,69640,64,2420,22,-50,S,5c:62:8b:66:67:d2"
1791497642.711,"B,7981,10,5c:62:8b:66:67:d2,5056,6,16610,26,-46,A,5c:62:8b:66:67:d2"
1791497642.711,"B,7981,10,72:3b:01:24:b7:c8,444,10,4836,4,-45,S,5c:62:8b:66:67:d2"
1791497642.711,"B,7981,10,b2:db:ca:e6:29:a6,56,2,0,0,-41,S,5c:62:8b:66:67:d2"
1791497642.711,"B,7981,10,cc:b8:5e:ad:5c:4a,16110,14,220,2,-50,S,5c:62:8b:66:67:d2"
1791497642.711,"B,8081,10,5c:62:8b:66:67:d2,25168,32,30153,38,-46,A,5c:62:8b:66:67:d2"
1791497642.711,"B,8081,10,72:3b:01:24:b7:c8,2375,12,23848,20,-45,S,5c:62:8b:66:67:d2"
1791497642.711,"B,8081,10,b2:db:ca:e6:29:a6,56,2,0,0,-42,S,5c:62:8b:66:67:d2"
1791497642.711,"B,8081,10,cc:b8:5e:ad:5c:4a,27722,24,1320,12,-49,S,5c:62:8b:66:67:d2"
1791497642.913,"B,8181,10,5c:62:8b:66:67:d2,2327,4,15196,17,-46,A,5c:62:8b:66:67:d2"
1791497642.913,"B,8181,10,72:3b:01:24:b7:c8,244,3,2217,3,-45,S,5c:62:8b:66:67:d2"
1791497642.913,"B,8181,10,b2:db:ca:e6:29:a6,56,2,0,0,-41,S,5c:62:8b:66:67:d2"
1791497642.913,"B,8181,10,cc:b8:5e:ad:5c:4a,14896,12,110,1,-50,S,5c:62:8b:66:67:d2"
1791497642.913,"B,8281,10,5c:62:8b:66:67:d2,5238,5,360,7,-46,A,5c:62:8b:66:67:d2"
1791497642.913,"B,8281,10,72:3b:01:24:b7:c8,304,5,5128,4,-46,S,5c:62:8b:66:67:d2"
1791497642.913,"B,8281,10,b2:db:ca:e6:29:a6,56,2,0,0,-41,S,5c:62:8b:66:67:d2"
1791497642.913,"B,8281,10,cc:b8:5e:ad:5c:4a,0,0,110,1,0,S,5c:62:8b:66:67:d2"
1791497642.913,"B,8281,10,80:af:ca:68:4c:f8,205,1,0,0,-85,A,80:af:ca:68:4c:f8"
1791497643.118,"B,8381,10,5c:62:8b:66:67:d2,16657,29,20328,31,-45,A,5c:62:8b:66:67:d2"
1791497643.118,"B,8381,10,72:3b:01:24:b7:c8,1140,10,15227,16,-45,S,5c:62:8b:66:67:d2"
1791497643.118,"B,8381,10,b2:db:ca:e6:29:a6,56,2,0,0,-41,S,5c:62:8b:66:67:d2"
1791497643.118,"B,8381,10,cc:b8:5e:ad:5c:4a,19132,19,1430,13,-50,S,5c:62:8b:66:67:d2"
1791497643.118,"B,8481,10,5c:62:8b:66:67:d2,7018,9,10334,20,-46,A,5c:62:8b:66:67:d2"
1791497643.118,"B,8481,10,72:3b:01:24:b7:c8,442,7,6688,6,-45,S,5c:62:8b:66:67:d2"
1791497643.118,"B,8481,10,b2:db:ca:e6:29:a6,56,2,0,0,-41,S,5c:62:8b:66:67:d2"
1791497643.118,"B,8481,10,cc:b8:5e:ad:5c:4a,9836,11,330,3,-50,S,5c:62:8b:66:67:d2"
1791497643.321,"B,8581,10,5c:62:8b:66:67:d2,8692,12,38292,42,-46,A,5c:62:8b:66:67:d2"
1791497643.321,"B,8581,10,72:3b:01:24:b7:c8,552,8,8142,7,-45,S,5c:62:8b:66:67:d2"
1791497643.321,"B,8581,10,b2:db:ca:e6:29:a6,28,1,0,0,-39,S,5c:62:8b:66:67:d2"
1791497643.321,"B,8581,10,cc:b8:5e:ad:5c:4a,37712,33,550,5,-49,S,5c:62:8b:66:67:d2"
1791497643.321,"B,8681,10,5c:62:8b:66:67:d2,17050,17,13454,20,-46,A,5c:62:8b:66:67:d2"
1791497643.321,"B,8681,10,72:3b:01:24:b7:c8,468,6,16748,14,-45,S,5c:62:8b:66:67:d2"
1791497643.321,"B,8681,10,b2:db:ca:e6:29:a6,56,2,0,0,-41,S,5c:62:8b:66:67:d2"
1791497643.321,"B,8681,10,cc:b8:5e:ad:5c:4a,12930,12,302,3,-49,S,5c:62:8b:66:67:d2"
1791497643.522,"B,8781,10,5c:62:8b:66:67:d2,9434,19,19586,28,-46,A,5c:62:8b:66:67:d2"
1791497643.522,"B,8781,10,72:3b:01:24:b7:c8,798,8,8224,8,-45,S,5c:62:8b:66:67:d2"
1791497643.522,"B,8781,10,b2:db:ca:e6:29:a6,56,2,0,0,-41,S,5c:62:8b:66:67:d2"
1791497643.522,"B,8781,10,cc:b8:5e:ad:5c:4a,18732,18,1210,11,-49,S,5c:62:8b:66:67:d2"
1791497643.522,"B,8881,10,5c:62:8b:66:67:d2,3972,4,140,5,-46,A,5c:62:8b:66:67:d2"
1791497643.522,"B,8881,10,72:3b:01:24:b7:c8,84,3,3972,4,-45,S,5c:62:8b:66:67:d2"
1791497643.522,"B,8881,10,b2:db:ca:e6:29:a6,56,2,0,0,-41,S,5c:62:8b:66:67:d2"
1791497643.726,"B,8981,10,5c:62:8b:66:67:d2,80220,90,153708,153,-46,A,5c:62:8b:66:67:d2"
1791497643.726,"B,8981,10,72:3b:01:24:b7:c8,3630,33,76920,60,-45,S,5c:62:8b:66:67:d2"
1791497643.726,"B,8981,10,b2:db:ca:e6:29:a6,56,2,0,0,-41,S,5c:62:8b:66:67:d2"
1791497643.726,"B,8981,10,cc:b8:5e:ad:5c:4a,150022,118,3300,30,-49,S,5c:62:8b:66:67:d2"
1791497643.726,"B,9081,10,5c:62:8b:66:67:d2,63536,74,63468,78,-46,A,5c:62:8b:66:67:d2"
1791497643.726,"B,9081,10,72:3b:01:24:b7:c8,6472,30,60786,49,-45,S,5c:62:8b:66:67:d2"
1791497643.726,"B,9081,10,b2:db:ca:e6:29:a6,56,2,0,0,-41,S,5c:62:8b:66:67:d2"
1791497643.726,"B,9081,10,cc:b8:5e:ad:5c:4a,56940,46,2750,25,-50,S,5c:62:8b:66:67:d2"
1791497643.930,"B,9181,10,5c:62:8b:66:67:d2,2727,4,3808,8,-46,A,5c:62:8b:66:67:d2"
1791497643.930,"B,9181,10,72:3b:01:24:b7:c8,162,3,2727,4,-45,S,5c:62:8b:66:67:d2"
1791497643.930,"B,9181,10,b2:db:ca:e6:29:a6,28,1,0,0,-39,S,5c:62:8b:66:67:d2"
1791497643.930,"B,9181,10,cc:b8:5e:ad:5c:4a,3618,4,0,0,-50,S,5c:62:8b:66:67:d2"
1791497643.930,"B,9281,10,5c:62:8b:66:67:d2,6300,8,5274,10,-46,A,5c:62:8b:66:67:d2"
1791497643.930,"B,9281,10,72:3b:01:24:b7:c8,330,3,5970,5,-45,S,5c:62:8b:66:67:d2"
1791497643.930,"B,9281,10,b2:db:ca:e6:29:a6,84,3,0,0,-40,S,5c:62:8b:66:67:d2"
1791497643.930,"B,9281,10,cc:b8:5e:ad:5c:4a,4860,4,330,3,-51,S,5c:62:8b:66:67:d2"
1791497644.135,"B,9381,10,5c:62:8b:66:67:d2,8246,11,40550,42,-46,A,5c:62:8b:66:67:d2"
1791497644.135,"B,9381,10,72:3b:01:24:b7:c8,524,7,7806,7,-45,S,5c:62:8b:66:67:d2"
1791497644.135,"B,9381,10,b2:db:ca:e6:29:a6,28,1,0,0,-40,S,5c:62:8b:66:67:d2"
1791497644.135,"B,9381,10,cc:b8:5e:ad:5c:4a,39998,34,440,4,-49,S,5c:62:8b:66:67:d2"
1791497644.135,"B,9481,10,5c:62:8b:66:67:d2,13495,18,9370,25,-46,A,5c:62:8b:66:67:d2"
1791497644.135,"B,9481,10,72:3b:01:24:b7:c8,1116,15,12835,12,-45,S,5c:62:8b:66:67:d2"
1791497644.135,"B,9481,10,b2:db:ca:e6:29:a6,56,2,0,0,-41,S,5c:62:8b:66:67:d2"
1791497644.135,"B,9481,10,cc:b8:5e:ad:5c:4a,8198,8,660,6,-49,S,5c:62:8b:66:67:d2"
1791497644.338,"B,9581,10,5c:62:8b:66:67:d2,13512,18,20368,28,-46,A,5c:62:8b:66:67:d2"
1791497644.338,"B,9581,10,72:3b:01:24:b7:c8,634,8,12742,11,-45,S,5c:62:8b:66:67:d2"
1791497644.338,"B,9581,10,b2:db:ca:e6:29:a6,56,2,0,0,-41,S,5c:62:8b:66:67:d2"
1791497644.338,"B,9581,10,cc:b8:5e:ad:5c:4a,19678,18,770,7,-49,S,5c:62:8b:66:67:d2"
1791497644.338,"B,9681,10,5c:62:8b:66:67:d2,82,1,12988,16,-49,A,5c:62:8b:66:67:d2"
1791497644.338,"B,9681,10,72:3b:01:24:b7:c8,112,4,0,0,-45,S,5c:62:8b:66:67:d2"
1791497644.338,"B,9681,10,b2:db:ca:e6:29:a6,56,2,82,1,-41,S,5c:62:8b:66:67:d2"
1791497644.338,"B,9681,10,cc:b8:5e:ad:5c:4a,12820,10,0,0,-48,S,5c:62:8b:66:67:d2"
1791497644.543,"B,9781,10,5c:62:8b:66:67:d2,13738,17,22330,30,-45,A,5c:62:8b:66:67:d2"
1791497644.543,"B,9781,10,72:3b:01:24:b7:c8,580,9,13078,11,-45,S,5c:62:8b:66:67:d2"
1791497644.543,"B,9781,10,b2:db:ca:e6:29:a6,28,1,0,0,-43,S,5c:62:8b:66:67:d2"
1791497644.543,"B,9781,10,cc:b8:5e:ad:5c:4a,21722,20,660,6,-50,S,5c:62:8b:66:67:d2"
1791497644.543,"B,9881,10,5c:62:8b:66:67:d2,11735,16,11820,19,-46,A,5c:62:8b:66:67:d2"
1791497644.543,"B,9881,10,72:3b:01:24:b7:c8,912,7,11109,11,-44,S,5c:62:8b:66:67:d2"
1791497644.543,"B,9881,10,b2:db:ca:e6:29:a6,28,1,0,0,-40,S,5c:62:8b:66:67:d2"
1791497644.543,"B,9881,10,cc:b8:5e:ad:5c:4a,10880,11,626,5,-50,S,5c:62:8b:66:67:d2"
1791497644.747,"B,9981,10,5c:62:8b:66:67:d2,26067,32,33349,48,-45,A,5c:62:8b:66:67:d2"
1791497644.747,"B,9981,10,72:3b:01:24:b7:c8,2039,20,25187,24,-44,S,5c:62:8b:66:67:d2"
1791497644.747,"B,9981,10,cc:b8:5e:ad:5c:4a,31310,28,880,8,-50,S,5c:62:8b:66:67:d2"
1791497644.747,"B,10081,10,5c:62:8b:66:67:d2,4110,7,9806,13,-46,A,5c:62:8b:66:67:d2"
1791497644.747,"B,10081,10,72:3b:01:24:b7:c8,276,4,3670,3,-44,S,5c:62:8b:66:67:d2"
1791497644.747,"B,10081,10,cc:b8:5e:ad:5c:4a,9530,9,440,4,-50,S,5c:62:8b:66:67:d2"
1791497644.747,"I,10084,stat,rx=5120,drops=0,ch=10,bin=100,hop=0,heap=203064"
1791497644.953,"B,10181,10,5c:62:8b:66:67:d2,16062,23,30161,37,-45,A,5c:62:8b:66:67:d2"
1791497644.953,"B,10181,10,72:3b:01:24:b7:c8,2543,13,15292,16,-44,S,5c:62:8b:66:67:d2"
1791497644.953,"B,10181,10,cc:b8:5e:ad:5c:4a,27618,24,770,7,-49,S,5c:62:8b:66:67:d2"
1791497644.953,"B,10281,10,5c:62:8b:66:67:d2,16343,20,29306,32,-45,A,5c:62:8b:66:67:d2"
1791497644.953,"B,10281,10,72:3b:01:24:b7:c8,766,7,15683,14,-44,S,5c:62:8b:66:67:d2"
1791497644.953,"B,10281,10,cc:b8:5e:ad:5c:4a,28540,25,660,6,-50,S,5c:62:8b:66:67:d2"
1791497645.155,"B,10381,10,5c:62:8b:66:67:d2,2408,4,9286,14,-46,A,5c:62:8b:66:67:d2"
1791497645.155,"B,10381,10,72:3b:01:24:b7:c8,402,4,2298,3,-44,S,5c:62:8b:66:67:d2"
1791497645.155,"B,10381,10,b2:db:ca:e6:29:a6,56,2,0,0,-40,S,5c:62:8b:66:67:d2"
1791497645.155,"B,10381,10,cc:b8:5e:ad:5c:4a,8828,8,110,1,-50,S,5c:62:8b:66:67:d2"
1791497645.155,"B,10481,10,5c:62:8b:66:67:d2,5905,9,27800,31,-45,A,5c:62:8b:66:67:d2"
1791497645.155,"B,10481,10,72:3b:01:24:b7:c8,548,8,5575,6,-44,S,5c:62:8b:66:67:d2"
1791497645.155,"B,10481,10,b2:db:ca:e6:29:a6,28,1,0,0,-40,S,5c:62:8b:66:67:d2"
1791497645.155,"B,10481,10,cc:b8:5e:ad:5c:4a,27224,22,330,3,-49,S,5c:62:8b:66:67:d2"
1791497645.359,"B,10581,10,5c:62:8b:66:67:d2,0,0,84,3,-48,A,5c:62:8b:66:67:d2"
1791497645.359,"B,10581,10,72:3b:01:24:b7:c8,28,1,0,0,-45,S,5c:62:8b:66:67:d2"
1791497645.359,"B,10581,10,b2:db:ca:e6:29:a6,56,2,0,0,-41,S,5c:62:8b:66:67:d2"
1791497645.359,"B,10681,10,5c:62:8b:66:67:d2,212,2,218,5,-46,A,5c:62:8b:66:67:d2"
1791497645.359,"B,10681,10,b2:db:ca:e6:29:a6,84,3,0,0,-41,S,5c:62:8b:66:67:d2"
1791497645.359,"B,10681,10,cc:b8:5e:ad:5c:4a,134,2,212,2,-50,S,5c:62:8b:66:67:d2"
1791497645.563,"B,10781,10,5c:62:8b:66:67:d2,0,0,28,1,-48,A,5c:62:8b:66:67:d2"
1791497645.563,"B,10781,10,b2:db:ca:e6:29:a6,28,1,0,0,-41,S,5c:62:8b:66:67:d2"
1791497645.563,"B,10881,10,5c:62:8b:66:67:d2,0,0,56,2,-48,A,5c:62:8b:66:67:d2"
1791497645.563,"B,10881,10,b2:db:ca:e6:29:a6,56,2,0,0,-36,S,5c:62:8b:66:67:d2"
1791497645.765,"B,10981,10,5c:62:8b:66:67:d2,0,0,28,1,-48,A,5c:62:8b:66:67:d2"
1791497645.765,"B,10981,10,b2:db:ca:e6:29:a6,28,1,0,0,-41,S,5c:62:8b:66:67:d2"
1791497645.965,"B,11181,10,5c:62:8b:66:67:d2,89139,124,124791,142,-45,A,5c:62:8b:66:67:d2"
1791497645.965,"B,11181,10,72:3b:01:24:b7:c8,5523,41,83419,72,-48,S,5c:62:8b:66:67:d2"
1791497645.965,"B,11181,10,cc:b8:5e:ad:5c:4a,119268,101,5720,52,-47,S,5c:62:8b:66:67:d2"
1791497645.965,"B,11281,10,5c:62:8b:66:67:d2,4748,6,11218,19,-45,A,5c:62:8b:66:67:d2"
1791497645.965,"B,11281,10,72:3b:01:24:b7:c8,416,9,4528,4,-45,S,5c:62:8b:66:67:d2"
1791497645.965,"B,11281,10,cc:b8:5e:ad:5c:4a,10802,10,220,2,-45,S,5c:62:8b:66:67:d2"
1791497645.965,"B,11381,10,5c:62:8b:66:67:d2,16053,19,26654,31,-45,A,5c:62:8b:66:67:d2"
1791497645.965,"B,11381,10,72:3b:01:24:b7:c8,1058,10,15503,14,-42,S,5c:62:8b:66:67:d2"
1791497645.965,"B,11381,10,cc:b8:5e:ad:5c:4a,25596,21,550,5,-44,S,5c:62:8b:66:67:d2"
1791497646.166,"B,11481,10,5c:62:8b:66:67:d2,18318,23,18236,23,-45,A,5c:62:8b:66:67:d2"
1791497646.166,"B,11481,10,72:3b:01:24:b7:c8,798,8,17438,15,-40,S,5c:62:8b:66:67:d2"
1791497646.166,"B,11481,10,cc:b8:5e:ad:5c:4a,17438,15,880,8,-46,S,5c:62:8b:66:67:d2"
1791497646.166,"B,11581,10,5c:62:8b:66:67:d2,3886,5,8800,20,-45,A,5c:62:8b:66:67:d2"
1791497646.166,"B,11581,10,72:3b:01:24:b7:c8,418,12,3666,3,-39,S,5c:62:8b:66:67:d2"
1791497646.366,"B,11581,10,cc:b8:5e:ad:5c:4a,8382,8,220,2,-44,S,5c:62:8b:66:67:d2"
1791497646.366,"B,11681,10,5c:62:8b:66:67:d2,0,0,1310,2,-47,A,5c:62:8b:66:67:d2"
1791497646.366,"B,11681,10,cc:b8:5e:ad:5c:4a,1310,2,0,0,-42,S,5c:62:8b:66:67:d2"
1791497646.366,"B,11781,10,5c:62:8b:66:67:d2,31906,39,29838,39,-45,A,5c:62:8b:66:67:d2"
1791497646.366,"B,11781,10,72:3b:01:24:b7:c8,1458,14,30476,26,-40,S,5c:62:8b:66:67:d2"
1791497646.566,"B,11781,10,cc:b8:5e:ad:5c:4a,28380,25,1430,13,-44,S,5c:62:8b:66:67:d2"
1791497646.566,"B,11881,10,5c:62:8b:66:67:d2,48094,43,61084,56,-45,A,5c:62:8b:66:67:d2"
1791497646.566,"B,11881,10,72:3b:01:24:b7:c8,830,9,47434,37,-40,S,5c:62:8b:66:67:d2"
1791497646.566,"B,11881,10,cc:b8:5e:ad:5c:4a,60254,47,660,6,-44,S,5c:62:8b:66:67:d2"
1791497646.566,"B,11981,10,5c:62:8b:66:67:d2,136356,166,138454,160,-45,A,5c:62:8b:66:67:d2"
1791497646.566,"B,11981,10,72:3b:01:24:b7:c8,6028,54,129224,102,-39,S,5c:62:8b:66:67:d2"
1791497646.766,"B,11981,10,cc:b8:5e:ad:5c:4a,132426,106,7132,64,-45,S,5c:62:8b:66:67:d2"
1791497646.766,"B,12081,10,5c:62:8b:66:67:d2,7620,14,17566,22,-45,A,5c:62:8b:66:67:d2"
1791497646.766,"B,12081,10,72:3b:01:24:b7:c8,2434,9,6740,6,-40,S,5c:62:8b:66:67:d2"
1791497646.766,"B,12081,10,cc:b8:5e:ad:5c:4a,15132,13,880,8,-45,S,5c:62:8b:66:67:d2"
1791497646.766,"B,12181,10,5c:62:8b:66:67:d2,3552,4,9523,16,-45,A,5c:62:8b:66:67:d2"
1791497646.766,"B,12181,10,72:3b:01:24:b7:c8,4767,11,3442,3,-41,S,5c:62:8b:66:67:d2"
1791497646.766,"B,12181,10,cc:b8:5e:ad:5c:4a,4756,5,110,1,-47,S,5c:62:8b:66:67:d2"
1791497646.967,"B,12281,10,5c:62:8b:66:67:d2,5581,12,5292,11,-45,A,5c:62:8b:66:67:d2"
1791497646.967,"B,12281,10,72:3b:01:24:b7:c8,688,7,5251,9,-40,S,5c:62:8b:66:67:d2"
1791497646.967,"B,12281,10,cc:b8:5e:ad:5c:4a,4604,4,330,3,-47,S,5c:62:8b:66:67:d2"
1791497646.967,"B,12381,10,5c:62:8b:66:67:d2,18318,21,21132,31,-45,A,5c:62:8b:66:67:d2"
1791497646.967,"B,12381,10,72:3b:01:24:b7:c8,1092,14,17658,15,-40,S,5c:62:8b:66:67:d2"
1791497646.967,"B,12381,10,cc:b8:5e:ad:5c:4a,20040,17,660,6,-47,S,5c:62:8b:66:67:d2"
1791497647.167,"B,12481,10,5c:62:8b:66:67:d2,3545,7,2936,10,-45,A,5c:62:8b:66:67:d2"
1791497647.167,"B,12481,10,72:3b:01:24:b7:c8,410,6,3325,5,-40,S,5c:62:8b:66:67:d2"
1791497647.167,"B,12481,10,cc:b8:5e:ad:5c:4a,2526,4,220,2,-45,S,5c:62:8b:66:67:d2"
1791497647.167,"B,12581,10,5c:62:8b:66:67:d2,13246,15,10252,16,-45,A,5c:62:8b:66:67:d2"
1791497647.167,"B,12581,10,72:3b:01:24:b7:c8,688,7,12806,11,-40,S,5c:62:8b:66:67:d2"
1791497647.167,"B,12581,10,cc:b8:5e:ad:5c:4a,9564,9,440,4,-45,S,5c:62:8b:66:67:d2"
1791497647.368,"B,12681,10,5c:62:8b:66:67:d2,10756,14,22214,26,-45,A,5c:62:8b:66:67:d2"
1791497647.368,"B,12681,10,72:3b:01:24:b7:c8,496,6,10096,8,-40,S,5c:62:8b:66:67:d2"
1791497647.368,"B,12681,10,b2:db:ca:e6:29:a6,84,3,0,0,-41,S,5c:62:8b:66:67:d2"
1791497647.368,"B,12681,10,cc:b8:5e:ad:5c:4a,21634,17,660,6,-46,S,5c:62:8b:66:67:d2"
1791497647.368,"B,12781,10,5c:62:8b:66:67:d2,6080,10,16490,22,-45,A,5c:62:8b:66:67:d2"
1791497647.368,"B,12781,10,72:3b:01:24:b7:c8,544,5,5564,6,-41,S,5c:62:8b:66:67:d2"
1791497647.368,"B,12781,10,b2:db:ca:e6:29:a6,28,1,0,0,-36,S,5c:62:8b:66:67:d2"
1791497647.368,"B,12781,10,cc:b8:5e:ad:5c:4a,15918,16,516,4,-45,S,5c:62:8b:66:67:d2"
1791497647.368,"B,12781,10,78:8c:b5:f5:e7:26,80,1,0,0,-82,A,78:8c:b5:f5:e7:26"
1791497647.568,"B,12881,10,5c:62:8b:66:67:d2,6136,8,8886,15,-45,A,5c:62:8b:66:67:d2"
1791497647.568,"B,12881,10,72:3b:01:24:b7:c8,330,3,5806,5,-41,S,5c:62:8b:66:67:d2"
1791497647.568,"B,12881,10,b2:db:ca:e6:29:a6,84,3,0,0,-39,S,5c:62:8b:66:67:d2"
1791497647.568,"B,12881,10,cc:b8:5e:ad:5c:4a,8472,9,330,3,-45,S,5c:62:8b:66:67:d2"
1791497647.568,"B,12981,10,5c:62:8b:66:67:d2,11476,16,17809,24,-45,A,5c:62:8b:66:67:d2"
1791497647.769,"B,12981,10,72:3b:01:24:b7:c8,552,8,10706,9,-41,S,5c:62:8b:66:67:d2"
1791497647.769,"B,12981,10,cc:b8:5e:ad:5c:4a,17257,16,770,7,-46,S,5c:62:8b:66:67:d2"
1791497647.769,"B,13081,10,5c:62:8b:66:67:d2,19002,23,20256,28,-45,A,5c:62:8b:66:67:d2"
1791497647.769,"B,13081,10,72:3b:01:24:b7:c8,4396,13,18122,15,-41,S,5c:62:8b:66:67:d2"
1791497647.769,"B,13081,10,b2:db:ca:e6:29:a6,28,1,0,0,-42,S,5c:62:8b:66:67:d2"
1791497647.769,"B,13081,10,cc:b8:5e:ad:5c:4a,15832,14,880,8,-47,S,5c:62:8b:66:67:d2"
1791497647.769,"B,13181,10,5c:62:8b:66:67:d2,12370,18,14446,24,-45,A,5c:62:8b:66:67:d2"
1791497647.769,"B,13181,10,72:3b:01:24:b7:c8,768,10,11711,12,-41,S,5c:62:8b:66:67:d2"
1791497647.769,"B,13181,10,cc:b8:5e:ad:5c:4a,13678,14,659,6,-47,S,5c:62:8b:66:67:d2"
1791497647.969,"B,13281,10,5c:62:8b:66:67:d2,21698,25,28452,31,-45,A,5c:62:8b:66:67:d2"
1791497647.969,"B,13281,10,72:3b:01:24:b7:c8,880,8,20818,17,-42,S,5c:62:8b:66:67:d2"
1791497647.969,"B,13281,10,cc:b8:5e:ad:5c:4a,27572,23,880,8,-47,S,5c:62:8b:66:67:d2"
1791497647.969,"B,13381,10,5c:62:8b:66:67:d2,2328,4,14900,19,-45,A,5c:62:8b:66:67:d2"
1791497647.969,"B,13381,10,72:3b:01:24:b7:c8,430,5,2218,3,-42,S,5c:62:8b:66:67:d2"
1791497647.969,"B,13381,10,cc:b8:5e:ad:5c:4a,14470,14,110,1,-46,S,5c:62:8b:66:67:d2"
1791497648.170,"B,13481,10,5c:62:8b:66:67:d2,5853,9,7152,12,-45,A,5c:62:8b:66:67:d2"
1791497648.170,"B,13481,10,72:3b:01:24:b7:c8,492,6,5523,6,-42,S,5c:62:8b:66:67:d2"
1791497648.170,"B,13481,10,cc:b8:5e:ad:5c:4a,6660,6,330,3,-47,S,5c:62:8b:66:67:d2"
1791497648.170,"B,13581,10,5c:62:8b:66:67:d2,10160,12,7434,22,-45,A,5c:62:8b:66:67:d2"
1791497648.170,"B,13581,10,72:3b:01:24:b7:c8,720,14,9830,9,-43,S,5c:62:8b:66:67:d2"
1791497648.170,"B,13581,10,cc:b8:5e:ad:5c:4a,6714,8,330,3,-46,S,5c:62:8b:66:67:d2"
1791497648.370,"B,13681,10,5c:62:8b:66:67:d2,38100,32,6768,9,-45,A,5c:62:8b:66:67:d2"
1791497648.370,"B,13681,10,72:3b:01:24:b7:c8,330,3,37880,30,-42,S,5c:62:8b:66:67:d2"
1791497648.370,"B,13681,10,cc:b8:5e:ad:5c:4a,6438,6,220,2,-46,S,5c:62:8b:66:67:d2"
1791497648.370,"B,13781,10,5c:62:8b:66:67:d2,15010,21,19000,29,-45,A,5c:62:8b:66:67:d2"
1791497648.370,"B,13781,10,72:3b:01:24:b7:c8,1134,13,13992,12,-42,S,5c:62:8b:66:67:d2"
1791497648.370,"B,13781,10,cc:b8:5e:ad:5c:4a,17866,16,1018,9,-46,S,5c:62:8b:66:67:d2"
1791497648.370,"B,13781,10,78:8c:b5:f5:e7:26,80,1,0,0,-79,A,78:8c:b5:f5:e7:26"
1791497648.571,"B,13881,10,5c:62:8b:66:67:d2,21558,27,28152,38,-45,A,5c:62:8b:66:67:d2"
1791497648.571,"B,13881,10,72:3b:01:24:b7:c8,990,9,20334,17,-42,S,5c:62:8b:66:67:d2"
1791497648.571,"B,13881,10,cc:b8:5e:ad:5c:4a,27162,29,1224,10,-46,S,5c:62:8b:66:67:d2"
1791497648.571,"B,13981,10,5c:62:8b:66:67:d2,5028,6,12860,17,-45,A,5c:62:8b:66:67:d2"
1791497648.571,"B,13981,10,72:3b:01:24:b7:c8,276,4,4808,4,-43,S,5c:62:8b:66:67:d2"
1791497648.571,"B,13981,10,b2:db:ca:e6:29:a6,56,2,0,0,-40,S,5c:62:8b:66:67:d2"
1791497648.571,"B,13981,10,cc:b8:5e:ad:5c:4a,12528,11,220,2,-47,S,5c:62:8b:66:67:d2"
1791497648.772,"B,14081,10,5c:62:8b:66:67:d2,10460,12,9486,18,-45,A,5c:62:8b:66:67:d2"
1791497648.772,"B,14081,10,72:3b:01:24:b7:c8,1892,10,10130,9,-42,S,5c:62:8b:66:67:d2"
1791497648.772,"B,14081,10,b2:db:ca:e6:29:a6,28,1,0,0,-43,S,5c:62:8b:66:67:d2"
1791497648.772,"B,14081,10,cc:b8:5e:ad:5c:4a,7566,7,330,3,-48,S,5c:62:8b:66:67:d2"
1791497648.772,"B,14181,10,5c:62:8b:66:67:d2,9981,13,10002,15,-45,A,5c:62:8b:66:67:d2"
1791497648.772,"B,14181,10,72:3b:01:24:b7:c8,546,5,9541,9,-42,S,5c:62:8b:66:67:d2"
1791497648.772,"B,14181,10,b2:db:ca:e6:29:a6,28,1,0,0,-39,S,5c:62:8b:66:67:d2"
1791497648.772,"B,14181,10,cc:b8:5e:ad:5c:4a,9428,9,440,4,-47,S,5c:62:8b:66:67:d2"
1791497648.973,"B,14281,10,5c:62:8b:66:67:d2,0,0,6634,13,-48,A,5c:62:8b:66:67:d2"
1791497648.973,"B,14281,10,72:3b:01:24:b7:c8,168,6,0,0,-43,S,5c:62:8b:66:67:d2"
1791497648.973,"B,14281,10,b2:db:ca:e6:29:a6,56,2,0,0,-42,S,5c:62:8b:66:67:d2"
1791497648.973,"B,14281,10,cc:b8:5e:ad:5c:4a,6410,5,0,0,-47,S,5c:62:8b:66:67:d2"
1791497648.973,"B,14381,10,5c:62:8b:66:67:d2,29453,35,20760,32,-44,A,5c:62:8b:66:67:d2"
1791497648.973,"B,14381,10,72:3b:01:24:b7:c8,1580,14,28243,24,-42,S,5c:62:8b:66:67:d2"
1791497648.973,"B,14381,10,b2:db:ca:e6:29:a6,28,1,0,0,-42,S,5c:62:8b:66:67:d2"
1791497648.973,"B,14381,10,cc:b8:5e:ad:5c:4a,19152,17,1210,11,-47,S,5c:62:8b:66:67:d2"
1791497649.174,"B,14481,10,5c:62:8b:66:67:d2,6040,8,11308,17,-45,A,5c:62:8b:66:67:d2"
1791497649.174,"B,14481,10,72:3b:01:24:b7:c8,330,3,5710,5,-43,S,5c:62:8b:66:67:d2"
1791497649.174,"B,14481,10,b2:db:ca:e6:29:a6,84,3,0,0,-41,S,5c:62:8b:66:67:d2"
1791497649.174,"B,14481,10,cc:b8:5e:ad:5c:4a,10894,11,330,3,-47,S,5c:62:8b:66:67:d2"
1791497649.174,"B,14581,10,5c:62:8b:66:67:d2,7594,9,29668,36,-45,A,5c:62:8b:66:67:d2"
1791497649.174,"B,14581,10,72:3b:01:24:b7:c8,526,10,7264,6,-42,S,5c:62:8b:66:67:d2"
1791497649.174,"B,14581,10,b2:db:ca:e6:29:a6,56,2,0,0,-41,S,5c:62:8b:66:67:d2"
1791497649.174,"B,14581,10,cc:b8:5e:ad:5c:4a,29086,24,330,3,-46,S,5c:62:8b:66:67:d2"
1791497649.376,"B,14681,10,5c:62:8b:66:67:d2,18938,21,12914,21,-45,A,5c:62:8b:66:67:d2"
1791497649.376,"B,14681,10,72:3b:01:24:b7:c8,908,9,18388,16,-42,S,5c:62:8b:66:67:d2"
1791497649.376,"B,14681,10,b2:db:ca:e6:29:a6,28,1,0,0,-43,S,5c:62:8b:66:67:d2"
1791497649.376,"B,14681,10,cc:b8:5e:ad:5c:4a,11978,11,550,5,-47,S,5c:62:8b:66:67:d2"
1791497649.376,"B,14781,10,5c:62:8b:66:67:d2,5510,7,12214,19,-45,A,5c:62:8b:66:67:d2"
1791497649.376,"B,14781,10,72:3b:01:24:b7:c8,304,5,5290,5,-42,S,5c:62:8b:66:67:d2"
1791497649.376,"B,14781,10,b2:db:ca:e6:29:a6,56,2,0,0,-41,S,5c:62:8b:66:67:d2"
1791497649.376,"B,14781,10,cc:b8:5e:ad:5c:4a,11854,12,220,2,-46,S,5c:62:8b:66:67:d2"
1791497649.376,"B,14781,10,78:8c:b5:f5:e7:26,80,1,0,0,-80,A,78:8c:b5:f5:e7:26"
1791497649.578,"B,14881,10,5c:62:8b:66:67:d2,6866,9,10922,23,-45,A,5c:62:8b:66:67:d2"
1791497649.578,"B,14881,10,72:3b:01:24:b7:c8,554,11,6536,6,-43,S,5c:62:8b:66:67:d2"
1791497649.578,"B,14881,10,b2:db:ca:e6:29:a6,84,3,0,0,-40,S,5c:62:8b:66:67:d2"
1791497649.578,"B,14881,10,cc:b8:5e:ad:5c:4a,10284,9,330,3,-46,S,5c:62:8b:66:67:d2"
1791497649.578,"B,14981,10,5c:62:8b:66:67:d2,0,0,112,4,-47,A,5c:62:8b:66:67:d2"
1791497649.578,"B,14981,10,72:3b:01:24:b7:c8,84,3,0,0,-43,S,5c:62:8b:66:67:d2"
1791497649.578,"B,14981,10,b2:db:ca:e6:29:a6,28,1,0,0,-41,S,5c:62:8b:66:67:d2"
1791497649.779,"B,15081,10,5c:62:8b:66:67:d2,13040,12,2898,11,-45,A,5c:62:8b:66:67:d2"
1791497649.779,"B,15081,10,72:3b:01:24:b7:c8,250,6,12820,10,-43,S,5c:62:8b:66:67:d2"
1791497649.779,"B,15081,10,b2:db:ca:e6:29:a6,56,2,0,0,-41,S,5c:62:8b:66:67:d2"
1791497649.779,"B,15081,10,cc:b8:5e:ad:5c:4a,2592,3,220,2,-43,S,5c:62:8b:66:67:d2"
1791497649.779,"I,15086,stat,rx=7458,drops=0,ch=10,bin=100,hop=0,heap=202136"
1791497649.779,"B,15181,10,5c:62:8b:66:67:d2,43365,53,75568,85,-45,A,5c:62:8b:66:67:d2"
1791497649.779,"B,15181,10,72:3b:01:24:b7:c8,3720,27,41165,33,-42,S,5c:62:8b:66:67:d2"
1791497649.779,"B,15181,10,b2:db:ca:e6:29:a6,56,2,0,0,-41,S,5c:62:8b:66:67:d2"
1791497649.779,"B,15181,10,cc:b8:5e:ad:5c:4a,71792,56,2200,20,-46,S,5c:62:8b:66:67:d2"
1791497649.982,"B,15281,10,5c:62:8b:66:67:d2,50358,63,80872,87,-45,A,5c:62:8b:66:67:d2"
1791497649.982,"B,15281,10,72:3b:01:24:b7:c8,2614,24,47434,37,-42,S,5c:62:8b:66:67:d2"
1791497649.982,"B,15281,10,b2:db:ca:e6:29:a6,28,1,0,0,-42,S,5c:62:8b:66:67:d2"
1791497649.982,"B,15281,10,cc:b8:5e:ad:5c:4a,78230,62,2924,26,-46,S,5c:62:8b:66:67:d2"
1791497649.982,"B,15381,10,5c:62:8b:66:67:d2,34862,39,37566,48,-45,A,5c:62:8b:66:67:d2"
1791497649.982,"B,15381,10,72:3b:01:24:b7:c8,1558,16,33542,27,-42,S,5c:62:8b:66:67:d2"
1791497649.982,"B,15381,10,b2:db:ca:e6:29:a6,84,3,0,0,-40,S,5c:62:8b:66:67:d2"
1791497649.982,"B,15381,10,cc:b8:5e:ad:5c:4a,35924,29,1320,12,-46,S,5c:62:8b:66:67:d2"
1791497650.182,"B,15481,10,5c:62:8b:66:67:d2,0,0,168,6,-48,A,5c:62:8b:66:67:d2"
1791497650.182,"B,15481,10,72:3b:01:24:b7:c8,112,4,0,0,-43,S,5c:62:8b:66:67:d2"
1791497650.182,"B,15481,10,b2:db:ca:e6:29:a6,56,2,0,0,-38,S,5c:62:8b:66:67:d2"
1791497650.182,"B,15581,10,5c:62:8b:66:67:d2,34921,41,42850,55,-45,A,5c:62:8b:66:67:d2"
1791497650.182,"B,15581,10,72:3b:01:24:b7:c8,1394,16,33711,30,-43,S,5c:62:8b:66:67:d2"
1791497650.182,"B,15581,10,cc:b8:5e:ad:5c:4a,41456,39,1210,11,-46,S,5c:62:8b:66:67:d2"
1791497650.386,"B,15681,10,5c:62:8b:66:67:d2,74294,93,85788,105,-45,A,5c:62:8b:66:67:d2"
1791497650.386,"B,15681,10,72:3b:01:24:b7:c8,3294,30,70918,63,-42,S,5c:62:8b:66:67:d2"
1791497650.386,"B,15681,10,b2:db:ca:e6:29:a6,56,2,0,0,-42,S,5c:62:8b:66:67:d2"
1791497650.386,"B,15681,10,cc:b8:5e:ad:5c:4a,82438,73,3376,30,-46,S,5c:62:8b:66:67:d2"
1791497650.386,"B,15781,10,5c:62:8b:66:67:d2,10696,12,37626,42,-45,A,5c:62:8b:66:67:d2"
1791497650.386,"B,15781,10,72:3b:01:24:b7:c8,608,10,10256,8,-43,S,5c:62:8b:66:67:d2"
1791497650.386,"B,15781,10,b2:db:ca:e6:29:a6,56,2,0,0,-40,S,5c:62:8b:66:67:d2"
1791497650.386,"B,15781,10,cc:b8:5e:ad:5c:4a,36962,30,440,4,-46,S,5c:62:8b:66:67:d2"
1791497650.591,"B,15881,10,5c:62:8b:66:67:d2,8268,12,25102,31,-45,A,5c:62:8b:66:67:d2"
1791497650.591,"B,15881,10,72:3b:01:24:b7:c8,768,9,7584,6,-42,S,5c:62:8b:66:67:d2"
1791497650.591,"B,15881,10,b2:db:ca:e6:29:a6,56,2,0,0,-40,S,5c:62:8b:66:67:d2"
1791497650.591,"B,15881,10,cc:b8:5e:ad:5c:4a,24278,20,684,6,-45,S,5c:62:8b:66:67:d2"
1791497650.591,"B,15881,10,78:8c:b5:f5:e7:26,80,1,0,0,-81,A,78:8c:b5:f5:e7:26"
1791497650.591,"B,15981,10,5c:62:8b:66:67:d2,0,0,28,1,-47,A,5c:62:8b:66:67:d2"
1791497650.591,"B,15981,10,b2:db:ca:e6:29:a6,28,1,0,0,-41,S,5c:62:8b:66:67:d2"
1791497650.796,"B,16081,10,5c:62:8b:66:67:d2,37406,43,34270,46,-45,A,5c:62:8b:66:67:d2"
1791497650.796,"B,16081,10,72:3b:01:24:b7:c8,3506,16,35976,30,-42,S,5c:62:8b:66:67:d2"
1791497650.796,"B,16081,10,b2:db:ca:e6:29:a6,84,3,0,0,-40,S,5c:62:8b:66:67:d2"
1791497650.796,"B,16081,10,cc:b8:5e:ad:5c:4a,30680,27,1430,13,-46,S,5c:62:8b:66:67:d2"
1791497650.796,"B,16181,10,5c:62:8b:66:67:d2,6444,13,18190,27,-45,A,5c:62:8b:66:67:d2"
1791497650.796,"B,16181,10,72:3b:01:24:b7:c8,2356,11,6004,9,-42,S,5c:62:8b:66:67:d2"
1791497650.796,"B,16181,10,b2:db:ca:e6:29:a6,56,2,0,0,-40,S,5c:62:8b:66:67:d2"
1791497650.796,"B,16181,10,cc:b8:5e:ad:5c:4a,15778,14,440,4,-46,S,5c:62:8b:66:67:d2"
1791497651.001,"B,16281,10,5c:62:8b:66:67:d2,18262,17,35324,40,-45,A,5c:62:8b:66:67:d2"
1791497651.001,"B,16281,10,72:3b:01:24:b7:c8,690,10,17932,14,-42,S,5c:62:8b:66:67:d2"
1791497651.001,"B,16281,10,b2:db:ca:e6:29:a6,56,2,0,0,-40,S,5c:62:8b:66:67:d2"
1791497651.001,"B,16281,10,cc:b8:5e:ad:5c:4a,34578,28,330,3,-46,S,5c:62:8b:66:67:d2"
1791497651.001,"A,16338,10,b8:ec:a3:e0:bf:97,-89,KV 15"
1791497651.001,"B,16381,10,5c:62:8b:66:67:d2,14132,20,17996,27,-45,A,5c:62:8b:66:67:d2"
1791497651.001,"B,16381,10,72:3b:01:24:b7:c8,800,11,13252,12,-42,S,5c:62:8b:66:67:d2"
1791497651.001,"B,16381,10,cc:b8:5e:ad:5c:4a,17196,16,880,8,-46,S,5c:62:8b:66:67:d2"
1791497651.206,"B,16481,10,5c:62:8b:66:67:d2,8680,8,14242,23,-46,A,5c:62:8b:66:67:d2"
1791497651.206,"B,16481,10,72:3b:01:24:b7:c8,516,11,8570,7,-42,S,5c:62:8b:66:67:d2"
1791497651.206,"B,16481,10,cc:b8:5e:ad:5c:4a,13726,12,110,1,-46,S,5c:62:8b:66:67:d2"
1791497651.206,"B,16581,10,5c:62:8b:66:67:d2,3611,10,6986,20,-45,A,5c:62:8b:66:67:d2"
1791497651.206,"B,16581,10,72:3b:01:24:b7:c8,740,9,3061,5,-42,S,5c:62:8b:66:67:d2"
1791497651.206,"B,16581,10,b2:db:ca:e6:29:a6,84,3,0,0,-41,S,5c:62:8b:66:67:d2"
1791497651.206,"B,16581,10,cc:b8:5e:ad:5c:4a,6162,8,550,5,-47,S,5c:62:8b:66:67:d2"
1791497651.411,"B,16681,10,5c:62:8b:66:67:d2,0,0,2648,5,-47,A,5c:62:8b:66:67:d2"
1791497651.411,"B,16681,10,b2:db:ca:e6:29:a6,56,2,0,0,-40,S,5c:62:8b:66:67:d2"
1791497651.411,"B,16681,10,cc:b8:5e:ad:5c:4a,2592,3,0,0,-47,S,5c:62:8b:66:67:d2"
1791497651.411,"B,16781,10,5c:62:8b:66:67:d2,15112,16,9226,17,-45,A,5c:62:8b:66:67:d2"
1791497651.411,"B,16781,10,72:3b:01:24:b7:c8,360,7,14782,13,-42,S,5c:62:8b:66:67:d2"
1791497651.411,"B,16781,10,b2:db:ca:e6:29:a6,56,2,0,0,-39,S,5c:62:8b:66:67:d2"
1791497651.411,"B,16781,10,cc:b8:5e:ad:5c:4a,8810,8,330,3,-47,S,5c:62:8b:66:67:d2"
1791497651.613,"B,16881,10,5c:62:8b:66:67:d2,0,0,280,10,-49,A,5c:62:8b:66:67:d2"
1791497651.613,"B,16881,10,72:3b:01:24:b7:c8,224,8,0,0,-43,S,5c:62:8b:66:67:d2"
1791497651.613,"B,16881,10,b2:db:ca:e6:29:a6,56,2,0,0,-41,S,5c:62:8b:66:67:d2"
1791497651.613,"B,16981,10,5c:62:8b:66:67:d2,9222,11,16350,21,-45,A,5c:62:8b:66:67:d2"
1791497651.613,"B,16981,10,72:3b:01:24:b7:c8,496,6,8782,7,-43,S,5c:62:8b:66:67:d2"
1791497651.613,"B,16981,10,b2:db:ca:e6:29:a6,28,1,0,0,-40,S,5c:62:8b:66:67:d2"
1791497651.613,"B,16981,10,cc:b8:5e:ad:5c:4a,15826,14,440,4,-46,S,5c:62:8b:66:67:d2"
1791497651.818,"B,17081,10,5c:62:8b:66:67:d2,41432,50,64175,73,-45,A,5c:62:8b:66:67:d2"
1791497651.818,"B,17081,10,72:3b:01:24:b7:c8,3703,19,39672,34,-42,S,5c:62:8b:66:67:d2"
1791497651.818,"B,17081,10,b2:db:ca:e6:29:a6,28,1,0,0,-42,S,5c:62:8b:66:67:d2"
1791497651.818,"B,17081,10,cc:b8:5e:ad:5c:4a,60444,53,1760,16,-45,S,5c:62:8b:66:67:d2"
1791497651.818,"A,17118,10,00:eb:d8:11:99:9d,-62,"
1791497651.818,"B,17181,10,5c:62:8b:66:67:d2,3319,6,8446,14,-45,A,5c:62:8b:66:67:d2"
1791497651.818,"B,17181,10,72:3b:01:24:b7:c8,272,4,3209,5,-43,S,5c:62:8b:66:67:d2"
1791497651.818,"B,17181,10,b2:db:ca:e6:29:a6,56,2,0,0,-40,S,5c:62:8b:66:67:d2"
1791497651.818,"B,17181,10,cc:b8:5e:ad:5c:4a,8118,8,110,1,-46,S,5c:62:8b:66:67:d2"
1791497652.024,"B,17281,10,5c:62:8b:66:67:d2,6412,8,7834,14,-45,A,5c:62:8b:66:67:d2"
1791497652.024,"B,17281,10,72:3b:01:24:b7:c8,442,7,6082,5,-42,S,5c:62:8b:66:67:d2"
1791497652.024,"B,17281,10,b2:db:ca:e6:29:a6,28,1,0,0,-41,S,5c:62:8b:66:67:d2"
1791497652.024,"B,17281,10,cc:b8:5e:ad:5c:4a,7364,6,330,3,-47,S,5c:62:8b:66:67:d2"
1791497652.024,"B,17381,10,5c:62:8b:66:67:d2,6630,7,34326,40,-45,A,5c:62:8b:66:67:d2"
1791497652.024,"B,17381,10,72:3b:01:24:b7:c8,416,9,6410,5,-43,S,5c:62:8b:66:67:d2"
1791497652.024,"B,17381,10,b2:db:ca:e6:29:a6,28,1,0,0,-40,S,5c:62:8b:66:67:d2"
1791497652.024,"B,17381,10,cc:b8:5e:ad:5c:4a,33882,30,220,2,-46,S,5c:62:8b:66:67:d2"
1791497652.228,"B,17481,10,5c:62:8b:66:67:d2,34166,39,19770,35,-45,A,5c:62:8b:66:67:d2"
1791497652.228,"B,17481,10,72:3b:01:24:b7:c8,1692,18,33066,29,-43,S,5c:62:8b:66:67:d2"
1791497652.228,"B,17481,10,b2:db:ca:e6:29:a6,28,1,0,0,-42,S,5c:62:8b:66:67:d2"
1791497652.228,"B,17481,10,cc:b8:5e:ad:5c:4a,18050,16,1100,10,-46,S,5c:62:8b:66:67:d2"
1791497652.228,"A,17529,10,02:eb:d8:11:99:9d,-62,"
1791497652.228,"B,17581,10,5c:62:8b:66:67:d2,7342,9,15482,31,-45,A,5c:62:8b:66:67:d2"
1791497652.228,"B,17581,10,72:3b:01:24:b7:c8,750,18,7012,6,-43,S,5c:62:8b:66:67:d2"
1791497652.228,"B,17581,10,cc:b8:5e:ad:5c:4a,14732,13,330,3,-47,S,5c:62:8b:66:67:d2"
1791497652.429,"B,17681,10,5c:62:8b:66:67:d2,0,0,56,2,-48,A,5c:62:8b:66:67:d2"
1791497652.429,"B,17681,10,72:3b:01:24:b7:c8,56,2,0,0,-43,S,5c:62:8b:66:67:d2"
1791497652.630,"B,17881,10,5c:62:8b:66:67:d2,69632,72,74026,82,-45,A,5c:62:8b:66:67:d2"
1791497652.630,"B,17881,10,72:3b:01:24:b7:c8,2460,24,67652,54,-42,S,5c:62:8b:66:67:d2"
1791497652.630,"B,17881,10,cc:b8:5e:ad:5c:4a,71566,58,1980,18,-46,S,5c:62:8b:66:67:d2"
1791497652.630,"B,17981,10,5c:62:8b:66:67:d2,110606,141,180472,191,-45,A,5c:62:8b:66:67:d2"
1791497652.630,"B,17981,10,72:3b:01:24:b7:c8,6092,54,103964,82,-42,S,5c:62:8b:66:67:d2"
1791497652.630,"B,17981,10,cc:b8:5e:ad:5c:4a,174380,137,6642,59,-47,S,5c:62:8b:66:67:d2"
1791497652.835,"B,18081,10,5c:62:8b:66:67:d2,27460,36,50226,59,-45,A,5c:62:8b:66:67:d2"
1791497652.835,"B,18081,10,72:3b:01:24:b7:c8,5152,19,26030,23,-43,S,5c:62:8b:66:67:d2"
1791497652.835,"B,18081,10,cc:b8:5e:ad:5c:4a,45074,40,1430,13,-47,S,5c:62:8b:66:67:d2"
1791497652.835,"B,18181,10,5c:62:8b:66:67:d2,21757,27,29170,42,-45,A,5c:62:8b:66:67:d2"
1791497652.835,"B,18181,10,72:3b:01:24:b7:c8,1044,14,20987,20,-42,S,5c:62:8b:66:67:d2"
1791497652.835,"B,18181,10,cc:b8:5e:ad:5c:4a,28126,28,770,7,-46,S,5c:62:8b:66:67:d2"
1791497653.040,"B,18281,10,5c:62:8b:66:67:d2,0,0,3586,8,-47,A,5c:62:8b:66:67:d2"
1791497653.040,"B,18281,10,72:3b:01:24:b7:c8,140,5,0,0,-44,S,5c:62:8b:66:67:d2"
1791497653.040,"B,18281,10,cc:b8:5e:ad:5c:4a,3446,3,0,0,-47,S,5c:62:8b:66:67:d2"
1791497653.040,"B,18381,10,5c:62:8b:66:67:d2,9876,12,17146,26,-45,A,5c:62:8b:66:67:d2"
1791497653.040,"B,18381,10,72:3b:01:24:b7:c8,816,10,9436,8,-42,S,5c:62:8b:66:67:d2"
1791497653.040,"B,18381,10,b2:db:ca:e6:29:a6,56,2,0,0,-39,S,5c:62:8b:66:67:d2"
1791497653.040,"B,18381,10,cc:b8:5e:ad:5c:4a,16274,14,440,4,-46,S,5c:62:8b:66:67:d2"
1791497653.040,"B,18381,10,80:af:ca:68:4c:f8,205,1,0,0,-84,A,80:af:ca:68:4c:f8"
1791497653.245,"B,18481,10,5c:62:8b:66:67:d2,0,0,140,5,-48,A,5c:62:8b:66:67:d2"
1791497653.245,"B,18481,10,72:3b:01:24:b7:c8,112,4,0,0,-43,S,5c:62:8b:66:67:d2"
1791497653.245,"B,18481,10,b2:db:ca:e6:29:a6,28,1,0,0,-36,S,5c:62:8b:66:67:d2"
1791497653.245,"B,18581,10,5c:62:8b:66:67:d2,29841,37,19100,34,-45,A,5c:62:8b:66:67:d2"
1791497653.245,"B,18581,10,72:3b:01:24:b7:c8,1420,13,28555,26,-42,S,5c:62:8b:66:67:d2"
1791497653.245,"B,18581,10,b2:db:ca:e6:29:a6,56,2,0,0,-40,S,5c:62:8b:66:67:d2"
1791497653.245,"B,18581,10,cc:b8:5e:ad:5c:4a,17624,19,1286,11,-45,S,5c:62:8b:66:67:d2"
1791497653.446,"B,18681,10,5c:62:8b:66:67:d2,2674,3,9252,14,-45,A,5c:62:8b:66:67:d2"
1791497653.446,"B,18681,10,72:3b:01:24:b7:c8,222,5,2564,2,-42,S,5c:62:8b:66:67:d2"
1791497653.446,"B,18681,10,b2:db:ca:e6:29:a6,28,1,0,0,-38,S,5c:62:8b:66:67:d2"
1791497653.446,"B,18681,10,cc:b8:5e:ad:5c:4a,9002,8,110,1,-46,S,5c:62:8b:66:67:d2"
1791497653.446,"B,18781,10,5c:62:8b:66:67:d2,6740,8,15142,18,-45,A,5c:62:8b:66:67:d2"
1791497653.446,"B,18781,10,72:3b:01:24:b7:c8,386,5,6410,5,-42,S,5c:62:8b:66:67:d2"
1791497653.446,"B,18781,10,b2:db:ca:e6:29:a6,28,1,0,0,-36,S,5c:62:8b:66:67:d2"
1791497653.446,"B,18781,10,cc:b8:5e:ad:5c:4a,14728,12,330,3,-47,S,5c:62:8b:66:67:d2"
1791497653.648,"B,18881,10,5c:62:8b:66:67:d2,24444,26,24474,31,-45,A,5c:62:8b:66:67:d2"
1791497653.648,"B,18881,10,72:3b:01:24:b7:c8,744,9,23702,19,-43,S,5c:62:8b:66:67:d2"
1791497653.648,"B,18881,10,cc:b8:5e:ad:5c:4a,23730,22,742,7,-47,S,5c:62:8b:66:67:d2"
1791497653.648,"B,18981,10,5c:62:8b:66:67:d2,24378,27,17738,30,-45,A,5c:62:8b:66:67:d2"
1791497653.648,"B,18981,10,72:3b:01:24:b7:c8,994,15,23608,20,-43,S,5c:62:8b:66:67:d2"
1791497653.648,"B,18981,10,cc:b8:5e:ad:5c:4a,16744,15,770,7,-46,S,5c:62:8b:66:67:d2"
1791497653.853,"B,19081,10,5c:62:8b:66:67:d2,1282,1,1332,6,-46,A,5c:62:8b:66:67:d2"
1791497653.853,"B,19081,10,72:3b:01:24:b7:c8,1276,4,1282,1,-43,S,5c:62:8b:66:67:d2"
1791497653.853,"B,19081,10,b2:db:ca:e6:29:a6,56,2,0,0,-38,S,5c:62:8b:66:67:d2"
1791497653.853,"B,19181,10,5c:62:8b:66:67:d2,21701,27,23172,36,-45,A,5c:62:8b:66:67:d2"
1791497653.853,"B,19181,10,72:3b:01:24:b7:c8,1264,16,20711,18,-43,S,5c:62:8b:66:67:d2"
1791497653.853,"B,19181,10,b2:db:ca:e6:29:a6,28,1,0,0,-40,S,5c:62:8b:66:67:d2"
1791497653.853,"B,19181,10,cc:b8:5e:ad:5c:4a,21880,19,990,9,-47,S,5c:62:8b:66:67:d2"
1791497654.057,"B,19281,10,5c:62:8b:66:67:d2,11660,14,12944,27,-45,A,5c:62:8b:66:67:d2"
1791497654.057,"B,19281,10,72:3b:01:24:b7:c8,636,11,11220,10,-44,S,5c:62:8b:66:67:d2"
1791497654.057,"B,19281,10,b2:db:ca:e6:29:a6,28,1,0,0,-42,S,5c:62:8b:66:67:d2"
1791497654.057,"B,19281,10,cc:b8:5e:ad:5c:4a,12280,15,440,4,-45,S,5c:62:8b:66:67:d2"
1791497654.057,"B,19381,10,5c:62:8b:66:67:d2,3388,6,9964,16,-45,A,5c:62:8b:66:67:d2"
1791497654.057,"B,19381,10,72:3b:01:24:b7:c8,540,6,3168,4,-43,S,5c:62:8b:66:67:d2"
1791497654.057,"B,19381,10,b2:db:ca:e6:29:a6,56,2,0,0,-41,S,5c:62:8b:66:67:d2"
1791497654.057,"B,19381,10,cc:b8:5e:ad:5c:4a,9368,8,220,2,-47,S,5c:62:8b:66:67:d2"
1791497654.258,"B,19481,10,5c:62:8b:66:67:d2,18044,20,15946,26,-45,A,5c:62:8b:66:67:d2"
1791497654.258,"B,19481,10,72:3b:01:24:b7:c8,932,10,17494,15,-43,S,5c:62:8b:66:67:d2"
1791497654.258,"B,19481,10,b2:db:ca:e6:29:a6,56,2,0,0,-39,S,5c:62:8b:66:67:d2"
1791497654.258,"B,19481,10,cc:b8:5e:ad:5c:4a,14958,14,550,5,-46,S,5c:62:8b:66:67:d2"
1791497654.258,"B,19581,10,5c:62:8b:66:67:d2,5212,8,5354,16,-45,A,5c:62:8b:66:67:d2"
1791497654.258,"B,19581,10,72:3b:01:24:b7:c8,416,9,4882,5,-43,S,5c:62:8b:66:67:d2"
1791497654.258,"B,19581,10,b2:db:ca:e6:29:a6,56,2,0,0,-42,S,5c:62:8b:66:67:d2"
1791497654.258,"B,19581,10,cc:b8:5e:ad:5c:4a,4882,5,330,3,-47,S,5c:62:8b:66:67:d2"
1791497654.258,"B,19581,10,64:d1:54:63:44:f4,91,1,0,0,-89,A,64:d1:54:63:44:f4"
1791497654.463,"B,19681,10,5c:62:8b:66:67:d2,9632,13,13876,24,-45,A,5c:62:8b:66:67:d2"
1791497654.463,"B,19681,10,72:3b:01:24:b7:c8,496,6,9092,8,-43,S,5c:62:8b:66:67:d2"
1791497654.463,"B,19681,10,b2:db:ca:e6:29:a6,56,2,0,0,-40,S,5c:62:8b:66:67:d2"
1791497654.463,"B,19681,10,cc:b8:5e:ad:5c:4a,13202,14,440,4,-44,S,5c:62:8b:66:67:d2"
1791497654.463,"B,19681,10,46:88:44:6e:4f:e4,122,2,100,1,-36,S,5c:62:8b:66:67:d2"
1791497654.463,"B,19781,10,5c:62:8b:66:67:d2,9058,11,34566,39,-45,A,5c:62:8b:66:67:d2"
1791497654.463,"B,19781,10,72:3b:01:24:b7:c8,636,11,8618,7,-43,S,5c:62:8b:66:67:d2"
1791497654.463,"B,19781,10,cc:b8:5e:ad:5c:4a,33930,28,440,4,-46,S,5c:62:8b:66:67:d2"
1791497654.663,"B,19881,10,5c:62:8b:66:67:d2,19342,17,14382,19,-45,A,5c:62:8b:66:67:d2"
1791497654.663,"B,19881,10,72:3b:01:24:b7:c8,332,6,19122,15,-43,S,5c:62:8b:66:67:d2"
1791497654.663,"B,19881,10,b2:db:ca:e6:29:a6,28,1,0,0,-42,S,5c:62:8b:66:67:d2"
1791497654.663,"B,19881,10,cc:b8:5e:ad:5c:4a,14022,12,220,2,-46,S,5c:62:8b:66:67:d2"
1791497654.663,"B,19981,10,5c:62:8b:66:67:d2,3290,9,15019,27,-45,A,5c:62:8b:66:67:d2"
1791497654.663,"B,19981,10,72:3b:01:24:b7:c8,1317,16,2520,2,-43,S,5c:62:8b:66:67:d2"
1791497654.663,"B,19981,10,cc:b8:5e:ad:5c:4a,13702,11,770,7,-47,S,5c:62:8b:66:67:d2"
1791497654.866,"B,20081,10,5c:62:8b:66:67:d2,1282,1,1415,7,-46,A,5c:62:8b:66:67:d2"
1791497654.866,"B,20081,10,72:3b:01:24:b7:c8,1415,7,1282,1,-43,S,5c:62:8b:66:67:d2"
1791497654.866,"I,20086,stat,rx=10425,drops=0,ch=10,bin=100,hop=0,heap=202452"
1791497654.866,"B,20181,10,5c:62:8b:66:67:d2,32370,42,47534,56,-45,A,5c:62:8b:66:67:d2"
1791497654.866,"B,20181,10,72:3b:01:24:b7:c8,1742,17,31050,30,-42,S,5c:62:8b:66:67:d2"
1791497654.866,"B,20181,10,cc:b8:5e:ad:5c:4a,45674,38,1320,12,-44,S,5c:62:8b:66:67:d2"
1791497654.866,"B,20181,10,46:88:44:6e:4f:e4,118,1,0,0,-38,S,5c:62:8b:66:67:d2"
1791497655.066,"B,20281,10,5c:62:8b:66:67:d2,361,3,6946,13,-45,A,5c:62:8b:66:67:d2"
1791497655.066,"B,20281,10,72:3b:01:24:b7:c8,508,7,141,1,-43,S,5c:62:8b:66:67:d2"
1791497655.066,"B,20281,10,cc:b8:5e:ad:5c:4a,6438,6,220,2,-47,S,5c:62:8b:66:67:d2"
1791497655.066,"B,20381,10,5c:62:8b:66:67:d2,11236,15,11292,18,-45,A,5c:62:8b:66:67:d2"
1791497655.066,"B,20381,10,72:3b:01:24:b7:c8,910,9,10673,10,-43,S,5c:62:8b:66:67:d2"
1791497655.066,"B,20381,10,cc:b8:5e:ad:5c:4a,10382,9,440,4,-47,S,5c:62:8b:66:67:d2"
1791497655.066,"B,20381,10,46:88:44:6e:4f:e4,0,0,123,1,0,S,5c:62:8b:66:67:d2"
1791497655.066,"B,20481,10,5c:62:8b:66:67:d2,10967,22,26110,38,-45,A,5c:62:8b:66:67:d2"
1791497655.066,"B,20481,10,72:3b:01:24:b7:c8,1636,16,9493,9,-42,S,5c:62:8b:66:67:d2"
1791497655.266,"B,20481,10,cc:b8:5e:ad:5c:4a,24474,22,1474,13,-46,S,5c:62:8b:66:67:d2"
1791497655.266,"B,20581,10,5c:62:8b:66:67:d2,18260,20,14124,23,-45,A,5c:62:8b:66:67:d2"
1791497655.266,"B,20581,10,72:3b:01:24:b7:c8,718,11,17710,15,-43,S,5c:62:8b:66:67:d2"
1791497655.266,"B,20581,10,cc:b8:5e:ad:5c:4a,13406,12,550,5,-46,S,5c:62:8b:66:67:d2"
1791497655.466,"B,20681,10,5c:62:8b:66:67:d2,14762,17,11786,22,-45,A,5c:62:8b:66:67:d2"
1791497655.466,"B,20681,10,72:3b:01:24:b7:c8,772,10,14102,11,-43,S,5c:62:8b:66:67:d2"
1791497655.466,"B,20681,10,cc:b8:5e:ad:5c:4a,10920,11,660,6,-46,S,5c:62:8b:66:67:d2"
1791497655.466,"B,20681,10,46:88:44:6e:4f:e4,94,1,0,0,-38,S,5c:62:8b:66:67:d2"
1791497655.466,"B,20781,10,5c:62:8b:66:67:d2,8240,12,22348,26,-45,A,5c:62:8b:66:67:d2"
1791497655.466,"B,20781,10,72:3b:01:24:b7:c8,524,7,7690,7,-43,S,5c:62:8b:66:67:d2"
1791497655.466,"B,20781,10,cc:b8:5e:ad:5c:4a,21824,19,550,5,-46,S,5c:62:8b:66:67:d2"
1791497655.466,"M,20802,slot,0,0"
1791497655.466,"B,20881,10,5c:62:8b:66:67:d2,58494,73,79908,89,-45,A,5c:62:8b:66:67:d2"
1791497655.466,"B,20881,10,72:3b:01:24:b7:c8,2988,29,55252,44,-43,S,5c:62:8b:66:67:d2"
1791497655.667,"B,20881,10,cc:b8:5e:ad:5c:4a,76920,60,3242,29,-46,S,5c:62:8b:66:67:d2"
1791497655.667,"B,20981,10,5c:62:8b:66:67:d2,39378,49,50450,56,-45,A,5c:62:8b:66:67:d2"
1791497655.667,"B,20981,10,72:3b:01:24:b7:c8,1706,17,37178,29,-43,S,5c:62:8b:66:67:d2"
1791497655.667,"B,20981,10,cc:b8:5e:ad:5c:4a,48744,39,2200,20,-46,S,5c:62:8b:66:67:d2"
1791497655.867,"B,21081,10,5c:62:8b:66:67:d2,50184,62,84725,94,-45,A,5c:62:8b:66:67:d2"
1791497655.867,"B,21081,10,72:3b:01:24:b7:c8,4611,28,47434,37,-43,S,5c:62:8b:66:67:d2"
1791497655.867,"B,21081,10,cc:b8:5e:ad:5c:4a,80114,66,2750,25,-47,S,5c:62:8b:66:67:d2"
1791497655.867,"B,21181,10,5c:62:8b:66:67:d2,26571,36,12092,28,-45,A,5c:62:8b:66:67:d2"
1791497655.867,"B,21181,10,72:3b:01:24:b7:c8,1402,18,25251,24,-43,S,5c:62:8b:66:67:d2"
1791497655.867,"B,21181,10,cc:b8:5e:ad:5c:4a,10690,10,1320,12,-47,S,5c:62:8b:66:67:d2"
1791497655.867,"B,21181,10,64:d1:54:63:44:f4,148,1,0,0,-88,A,64:d1:54:63:44:f4"
1791497656.067,"B,21281,10,5c:62:8b:66:67:d2,3300,6,11896,17,-45,A,5c:62:8b:66:67:d2"
1791497656.067,"B,21281,10,72:3b:01:24:b7:c8,332,6,2970,3,-43,S,5c:62:8b:66:67:d2"
1791497656.067,"B,21281,10,b2:db:ca:e6:29:a6,28,1,0,0,-40,S,5c:62:8b:66:67:d2"
1791497656.067,"B,21281,10,cc:b8:5e:ad:5c:4a,11536,10,330,3,-47,S,5c:62:8b:66:67:d2"
1791497656.067,"B,21381,10,5c:62:8b:66:67:d2,19391,24,33402,39,-45,A,5c:62:8b:66:67:d2"
1791497656.067,"B,21381,10,72:3b:01:24:b7:c8,1058,10,18621,17,-43,S,5c:62:8b:66:67:d2"
1791497656.067,"B,21381,10,b2:db:ca:e6:29:a6,56,2,0,0,-39,S,5c:62:8b:66:67:d2"
1791497656.067,"B,21381,10,cc:b8:5e:ad:5c:4a,32288,27,770,7,-46,S,5c:62:8b:66:67:d2"
1791497656.268,"B,21481,10,5c:62:8b:66:67:d2,2062,5,4388,18,-45,A,5c:62:8b:66:67:d2"
1791497656.268,"B,21481,10,72:3b:01:24:b7:c8,602,10,1656,2,-43,S,5c:62:8b:66:67:d2"
1791497656.268,"B,21481,10,b2:db:ca:e6:29:a6,56,2,0,0,-39,S,5c:62:8b:66:67:d2"
1791497656.268,"B,21481,10,cc:b8:5e:ad:5c:4a,3730,6,406,3,-45,S,5c:62:8b:66:67:d2"
1791497656.268,"B,21581,10,5c:62:8b:66:67:d2,5260,8,8706,22,-45,A,5c:62:8b:66:67:d2"
1791497656.268,"B,21581,10,72:3b:01:24:b7:c8,500,12,5040,6,-43,S,5c:62:8b:66:67:d2"
1791497656.268,"B,21581,10,b2:db:ca:e6:29:a6,56,2,0,0,-40,S,5c:62:8b:66:67:d2"
1791497656.268,"B,21581,10,cc:b8:5e:ad:5c:4a,8150,8,220,2,-46,S,5c:62:8b:66:67:d2"
1791497656.268,"B,21681,10,5c:62:8b:66:67:d2,13342,15,11436,20,-45,A,5c:62:8b:66:67:d2"
1791497656.268,"B,21681,10,72:3b:01:24:b7:c8,690,10,12792,10,-43,S,5c:62:8b:66:67:d2"
1791497656.268,"B,21681,10,cc:b8:5e:ad:5c:4a,10746,10,550,5,-46,S,5c:62:8b:66:67:d2"
1791497656.468,"B,21781,10,5c:62:8b:66:67:d2,30253,35,24664,34,-45,A,5c:62:8b:66:67:d2"
1791497656.468,"B,21781,10,72:3b:01:24:b7:c8,1362,14,29263,26,-43,S,5c:62:8b:66:67:d2"
1791497656.468,"B,21781,10,b2:db:ca:e6:29:a6,28,1,0,0,-40,S,5c:62:8b:66:67:d2"
1791497656.468,"B,21781,10,cc:b8:5e:ad:5c:4a,23274,19,990,9,-47,S,5c:62:8b:66:67:d2"
1791497656.468,"B,21881,10,5c:62:8b:66:67:d2,0,0,5268,9,-47,A,5c:62:8b:66:67:d2"
1791497656.468,"B,21881,10,72:3b:01:24:b7:c8,112,4,0,0,-43,S,5c:62:8b:66:67:d2"
1791497656.468,"B,21881,10,cc:b8:5e:ad:5c:4a,5156,5,0,0,-46,S,5c:62:8b:66:67:d2"
1791497656.669,"B,21981,10,5c:62:8b:66:67:d2,5348,6,10518,20,-45,A,5c:62:8b:66:67:d2"
1791497656.669,"B,21981,10,72:3b:01:24:b7:c8,444,10,5128,4,-43,S,5c:62:8b:66:67:d2"
1791497656.669,"B,21981,10,cc:b8:5e:ad:5c:4a,10074,10,220,2,-46,S,5c:62:8b:66:67:d2"
1791497656.669,"B,22081,10,5c:62:8b:66:67:d2,28611,36,37185,44,-45,A,5c:62:8b:66:67:d2"
1791497656.669,"B,22081,10,72:3b:01:24:b7:c8,5213,18,27401,25,-42,S,5c:62:8b:66:67:d2"
1791497656.669,"B,22081,10,cc:b8:5e:ad:5c:4a,31972,26,1210,11,-46,S,5c:62:8b:66:67:d2"
1791497656.869,"B,22181,10,5c:62:8b:66:67:d2,5117,9,15262,20,-45,A,5c:62:8b:66:67:d2"
1791497656.869,"B,22181,10,72:3b:01:24:b7:c8,438,7,4787,6,-43,S,5c:62:8b:66:67:d2"
1791497656.869,"B,22181,10,cc:b8:5e:ad:5c:4a,14824,13,330,3,-47,S,5c:62:8b:66:67:d2"
1791497656.869,"B,22281,10,5c:62:8b:66:67:d2,34088,38,8114,18,-45,A,5c:62:8b:66:67:d2"
1791497656.869,"B,22281,10,72:3b:01:24:b7:c8,1046,11,32988,28,-43,S,5c:62:8b:66:67:d2"
1791497656.869,"B,22281,10,cc:b8:5e:ad:5c:4a,7068,7,1100,10,-47,S,5c:62:8b:66:67:d2"
1791497657.069,"B,22381,10,5c:62:8b:66:67:d2,2300,4,7230,14,-45,A,5c:62:8b:66:67:d2"
1791497657.069,"B,22381,10,72:3b:01:24:b7:c8,486,7,2190,3,-43,S,5c:62:8b:66:67:d2"
1791497657.069,"B,22381,10,cc:b8:5e:ad:5c:4a,6744,7,110,1,-47,S,5c:62:8b:66:67:d2"
1791497657.069,"B,22481,10,5c:62:8b:66:67:d2,8845,19,8760,18,-45,A,5c:62:8b:66:67:d2"
1791497657.069,"B,22481,10,72:3b:01:24:b7:c8,878,11,7635,8,-43,S,5c:62:8b:66:67:d2"
1791497657.069,"B,22481,10,cc:b8:5e:ad:5c:4a,7882,7,1210,11,-47,S,5c:62:8b:66:67:d2"
1791497657.270,"B,22581,10,5c:62:8b:66:67:d2,1554,3,4760,10,-46,A,5c:62:8b:66:67:d2"
1791497657.270,"B,22581,10,72:3b:01:24:b7:c8,194,4,1444,2,-44,S,5c:62:8b:66:67:d2"
1791497657.270,"B,22581,10,cc:b8:5e:ad:5c:4a,4566,6,110,1,-46,S,5c:62:8b:66:67:d2"
1791497657.270,"B,22681,10,5c:62:8b:66:67:d2,7380,10,6902,14,-45,A,5c:62:8b:66:67:d2"
1791497657.270,"B,22681,10,72:3b:01:24:b7:c8,524,7,6940,6,-43,S,5c:62:8b:66:67:d2"
1791497657.270,"B,22681,10,b2:db:ca:e6:29:a6,28,1,0,0,-40,S,5c:62:8b:66:67:d2"
1791497657.270,"B,22681,10,cc:b8:5e:ad:5c:4a,6350,6,440,4,-46,S,5c:62:8b:66:67:d2"
1791497657.471,"B,22781,10,5c:62:8b:66:67:d2,17760,20,23194,32,-45,A,5c:62:8b:66:67:d2"
1791497657.471,"B,22781,10,72:3b:01:24:b7:c8,854,10,17100,14,-43,S,5c:62:8b:66:67:d2"
1791497657.471,"B,22781,10,b2:db:ca:e6:29:a6,56,2,0,0,-40,S,5c:62:8b:66:67:d2"
1791497657.471,"B,22781,10,cc:b8:5e:ad:5c:4a,22284,20,660,6,-46,S,5c:62:8b:66:67:d2"
1791497657.471,"B,22781,10,78:8c:b5:f5:e7:26,80,1,0,0,-82,A,78:8c:b5:f5:e7:26"
1791497657.471,"B,22881,10,5c:62:8b:66:67:d2,8870,15,4974,19,-45,A,5c:62:8b:66:67:d2"
1791497657.471,"B,22881,10,72:3b:01:24:b7:c8,770,13,8100,8,-43,S,5c:62:8b:66:67:d2"
1791497657.471,"B,22881,10,b2:db:ca:e6:29:a6,56,2,0,0,-40,S,5c:62:8b:66:67:d2"
1791497657.471,"B,22881,10,cc:b8:5e:ad:5c:4a,4148,4,770,7,-47,S,5c:62:8b:66:67:d2"
1791497657.672,"B,22981,10,5c:62:8b:66:67:d2,18268,20,14792,23,-45,A,5c:62:8b:66:67:d2"
1791497657.672,"B,22981,10,72:3b:01:24:b7:c8,634,8,17718,15,-43,S,5c:62:8b:66:67:d2"
1791497657.672,"B,22981,10,b2:db:ca:e6:29:a6,28,1,0,0,-40,S,5c:62:8b:66:67:d2"
1791497657.672,"B,22981,10,cc:b8:5e:ad:5c:4a,14130,14,550,5,-46,S,5c:62:8b:66:67:d2"
1791497657.672,"B,23081,10,5c:62:8b:66:67:d2,0,0,18820,20,-47,A,5c:62:8b:66:67:d2"
1791497657.672,"B,23081,10,72:3b:01:24:b7:c8,2126,6,0,0,-43,S,5c:62:8b:66:67:d2"
1791497657.672,"B,23081,10,cc:b8:5e:ad:5c:4a,16694,14,0,0,-46,S,5c:62:8b:66:67:d2"
1791497657.874,"B,23181,10,5c:62:8b:66:67:d2,32951,32,13558,20,-45,A,5c:62:8b:66:67:d2"
1791497657.874,"B,23181,10,72:3b:01:24:b7:c8,548,8,32621,29,-43,S,5c:62:8b:66:67:d2"
1791497657.874,"B,23181,10,cc:b8:5e:ad:5c:4a,13010,12,330,3,-46,S,5c:62:8b:66:67:d2"
1791497657.874,"B,23281,10,5c:62:8b:66:67:d2,9640,14,29010,34,-45,A,5c:62:8b:66:67:d2"
1791497657.874,"B,23281,10,72:3b:01:24:b7:c8,882,11,8870,7,-43,S,5c:62:8b:66:67:d2"
1791497657.874,"B,23281,10,cc:b8:5e:ad:5c:4a,28128,23,770,7,-44,S,5c:62:8b:66:67:d2"
1791497658.074,"B,23381,10,5c:62:8b:66:67:d2,10952,16,3732,17,-45,A,5c:62:8b:66:67:d2"
1791497658.074,"B,23381,10,72:3b:01:24:b7:c8,1010,14,10402,11,-43,S,5c:62:8b:66:67:d2"
1791497658.074,"B,23381,10,cc:b8:5e:ad:5c:4a,2722,3,550,5,-47,S,5c:62:8b:66:67:d2"
1791497658.074,"B,23481,10,5c:62:8b:66:67:d2,0,0,6278,8,-47,A,5c:62:8b:66:67:d2"
1791497658.074,"B,23481,10,72:3b:01:24:b7:c8,56,2,0,0,-43,S,5c:62:8b:66:67:d2"
1791497658.074,"B,23481,10,cc:b8:5e:ad:5c:4a,6222,6,0,0,-47,S,5c:62:8b:66:67:d2"
1791497658.276,"B,23581,10,5c:62:8b:66:67:d2,1282,1,28,1,-47,A,5c:62:8b:66:67:d2"
1791497658.276,"B,23581,10,72:3b:01:24:b7:c8,28,1,1282,1,-44,S,5c:62:8b:66:67:d2"
1791497658.276,"B,23681,10,5c:62:8b:66:67:d2,45549,53,25792,41,-45,A,5c:62:8b:66:67:d2"
1791497658.276,"B,23681,10,72:3b:01:24:b7:c8,1916,20,43899,38,-43,S,5c:62:8b:66:67:d2"
1791497658.276,"B,23681,10,cc:b8:5e:ad:5c:4a,23876,21,1650,15,-46,S,5c:62:8b:66:67:d2"
1791497658.479,"B,23781,10,5c:62:8b:66:67:d2,5012,4,5152,9,-45,A,5c:62:8b:66:67:d2"
1791497658.479,"B,23781,10,72:3b:01:24:b7:c8,84,3,5012,4,-44,S,5c:62:8b:66:67:d2"
1791497658.479,"B,23781,10,b2:db:ca:e6:29:a6,28,1,0,0,-39,S,5c:62:8b:66:67:d2"
1791497658.479,"B,23781,10,cc:b8:5e:ad:5c:4a,5040,5,0,0,-46,S,5c:62:8b:66:67:d2"
1791497658.479,"B,23881,10,5c:62:8b:66:67:d2,14998,19,35580,41,-45,A,5c:62:8b:66:67:d2"
1791497658.479,"B,23881,10,72:3b:01:24:b7:c8,882,11,14228,12,-43,S,5c:62:8b:66:67:d2"
1791497658.479,"B,23881,10,b2:db:ca:e6:29:a6,56,2,0,0,-39,S,5c:62:8b:66:67:d2"
1791497658.479,"B,23881,10,cc:b8:5e:ad:5c:4a,34642,28,770,7,-46,S,5c:62:8b:66:67:d2"
1791497658.680,"B,23981,10,5c:62:8b:66:67:d2,125750,131,202920,197,-45,A,5c:62:8b:66:67:d2"
1791497658.680,"B,23981,10,72:3b:01:24:b7:c8,4126,39,121790,95,-43,S,5c:62:8b:66:67:d2"
1791497658.680,"B,23981,10,b2:db:ca:e6:29:a6,56,2,0,0,-39,S,5c:62:8b:66:67:d2"
1791497658.680,"B,23981,10,cc:b8:5e:ad:5c:4a,198738,156,3960,36,-46,S,5c:62:8b:66:67:d2"
1791497658.680,"B,24081,10,5c:62:8b:66:67:d2,37830,63,25374,45,-45,A,5c:62:8b:66:67:d2"
1791497658.680,"B,24081,10,72:3b:01:24:b7:c8,6612,26,34090,29,-43,S,5c:62:8b:66:67:d2"
1791497658.680,"B,24081,10,b2:db:ca:e6:29:a6,28,1,0,0,-39,S,5c:62:8b:66:67:d2"
1791497658.680,"B,24081,10,cc:b8:5e:ad:5c:4a,18734,18,3740,34,-46,S,5c:62:8b:66:67:d2"
1791497658.883,"B,24181,10,5c:62:8b:66:67:d2,30966,33,28748,36,-45,A,5c:62:8b:66:67:d2"
1791497658.883,"B,24181,10,72:3b:01:24:b7:c8,878,11,30306,27,-43,S,5c:62:8b:66:67:d2"
1791497658.883,"B,24181,10,cc:b8:5e:ad:5c:4a,27870,25,660,6,-46,S,5c:62:8b:66:67:d2"
1791497658.883,"B,24281,10,5c:62:8b:66:67:d2,23909,27,13383,21,-45,A,5c:62:8b:66:67:d2"
1791497658.883,"B,24281,10,72:3b:01:24:b7:c8,1503,11,23249,21,-43,S,5c:62:8b:66:67:d2"
1791497658.883,"B,24281,10,cc:b8:5e:ad:5c:4a,11880,10,660,6,-47,S,5c:62:8b:66:67:d2"
1791497659.085,"B,24381,10,5c:62:8b:66:67:d2,19312,27,14835,28,-45,A,5c:62:8b:66:67:d2"
1791497659.085,"B,24381,10,72:3b:01:24:b7:c8,2953,16,18796,23,-43,S,5c:62:8b:66:67:d2"
1791497659.085,"B,24381,10,cc:b8:5e:ad:5c:4a,11882,12,516,4,-45,S,5c:62:8b:66:67:d2"
1791497659.085,"B,24481,10,5c:62:8b:66:67:d2,22128,25,7909,21,-45,A,5c:62:8b:66:67:d2"
1791497659.085,"B,24481,10,72:3b:01:24:b7:c8,4935,17,21798,22,-43,S,5c:62:8b:66:67:d2"
1791497659.085,"B,24481,10,cc:b8:5e:ad:5c:4a,2974,4,330,3,-47,S,5c:62:8b:66:67:d2"
1791497659.287,"B,24581,10,5c:62:8b:66:67:d2,19069,29,11184,16,-45,A,5c:62:8b:66:67:d2"
1791497659.287,"B,24581,10,72:3b:01:24:b7:c8,1960,7,18739,26,-43,S,5c:62:8b:66:67:d2"
1791497659.287,"B,24581,10,cc:b8:5e:ad:5c:4a,9224,9,330,3,-46,S,5c:62:8b:66:67:d2"
1791497659.287,"B,24681,10,5c:62:8b:66:67:d2,23495,20,7885,18,-45,A,5c:62:8b:66:67:d2"
1791497659.287,"B,24681,10,72:3b:01:24:b7:c8,1391,10,23275,18,-43,S,5c:62:8b:66:67:d2"
1791497659.287,"B,24681,10,b2:db:ca:e6:29:a6,84,3,0,0,-41,S,5c:62:8b:66:67:d2"
1791497659.287,"B,24681,10,cc:b8:5e:ad:5c:4a,6410,5,220,2,-47,S,5c:62:8b:66:67:d2"
1791497659.487,"B,24781,10,5c:62:8b:66:67:d2,0,0,280,10,-48,A,5c:62:8b:66:67:d2"
1791497659.487,"B,24781,10,72:3b:01:24:b7:c8,224,8,0,0,-43,S,5c:62:8b:66:67:d2"
1791497659.487,"B,24781,10,b2:db:ca:e6:29:a6,56,2,0,0,-39,S,5c:62:8b:66:67:d2"
1791497659.487,"B,24881,10,5c:62:8b:66:67:d2,18313,18,3082,19,-45,A,5c:62:8b:66:67:d2"
1791497659.487,"B,24881,10,72:3b:01:24:b7:c8,1772,17,18203,17,-43,S,5c:62:8b:66:67:d2"
1791497659.487,"B,24881,10,cc:b8:5e:ad:5c:4a,1310,2,110,1,-44,S,5c:62:8b:66:67:d2"
1791497659.692,"B,24981,10,5c:62:8b:66:67:d2,35338,37,30536,42,-45,A,5c:62:8b:66:67:d2"
1791497659.692,"B,24981,10,72:3b:01:24:b7:c8,2348,13,34458,29,-43,S,5c:62:8b:66:67:d2"
1791497659.692,"B,24981,10,b2:db:ca:e6:29:a6,112,4,0,0,-40,S,5c:62:8b:66:67:d2"
1791497659.692,"B,24981,10,cc:b8:5e:ad:5c:4a,28076,25,880,8,-46,S,5c:62:8b:66:67:d2"
1791497659.692,"B,25081,10,5c:62:8b:66:67:d2,20505,38,46161,64,-45,A,5c:62:8b:66:67:d2"
1791497659.692,"B,25081,10,72:3b:01:24:b7:c8,7637,32,19295,27,-43,S,5c:62:8b:66:67:d2"
1791497659.692,"B,25081,10,cc:b8:5e:ad:5c:4a,38524,32,1210,11,-45,S,5c:62:8b:66:67:d2"
1791497659.692,"I,25087,stat,rx=13348,drops=0,ch=10,bin=100,hop=0,heap=203064"
1791497659.896,"B,25181,10,5c:62:8b:66:67:d2,7706,9,13645,24,-45,A,5c:62:8b:66:67:d2"
1791497659.896,"B,25181,10,72:3b:01:24:b7:c8,2379,7,7486,7,-43,S,5c:62:8b:66:67:d2"
1791497659.896,"B,25181,10,b2:db:ca:e6:29:a6,196,7,0,0,-38,S,5c:62:8b:66:67:d2"
1791497659.896,"B,25181,10,cc:b8:5e:ad:5c:4a,11070,10,220,2,-46,S,5c:62:8b:66:67:d2"
1791497659.896,"B,25281,10,5c:62:8b:66:67:d2,0,0,3217,17,-47,A,5c:62:8b:66:67:d2"
1791497659.896,"B,25281,10,72:3b:01:24:b7:c8,3161,15,0,0,-43,S,5c:62:8b:66:67:d2"
1791497659.896,"B,25281,10,b2:db:ca:e6:29:a6,56,2,0,0,-41,S,5c:62:8b:66:67:d2"
1791497660.096,"B,25381,10,5c:62:8b:66:67:d2,3778,4,14766,27,-45,A,5c:62:8b:66:67:d2"
1791497660.096,"B,25381,10,72:3b:01:24:b7:c8,12146,23,3668,3,-43,S,5c:62:8b:66:67:d2"
1791497660.096,"B,25381,10,b2:db:ca:e6:29:a6,28,1,0,0,-41,S,5c:62:8b:66:67:d2"
1791497660.096,"B,25381,10,cc:b8:5e:ad:5c:4a,2592,3,110,1,-46,S,5c:62:8b:66:67:d2"
1791497660.096,"B,25481,10,5c:62:8b:66:67:d2,9655,21,975,11,-45,A,5c:62:8b:66:67:d2"
1791497660.096,"B,25481,10,72:3b:01:24:b7:c8,947,10,9655,21,-43,S,5c:62:8b:66:67:d2"
1791497660.096,"B,25481,10,b2:db:ca:e6:29:a6,28,1,0,0,-41,S,5c:62:8b:66:67:d2"
1791497660.301,"B,25581,10,5c:62:8b:66:67:d2,12687,13,19048,31,-45,A,5c:62:8b:66:67:d2"
1791497660.301,"B,25581,10,72:3b:01:24:b7:c8,982,13,12467,11,-43,S,5c:62:8b:66:67:d2"
1791497660.301,"B,25581,10,b2:db:ca:e6:29:a6,56,2,0,0,-40,S,5c:62:8b:66:67:d2"
1791497660.301,"B,25581,10,cc:b8:5e:ad:5c:4a,18010,16,220,2,-47,S,5c:62:8b:66:67:d2"
1791497660.301,"B,25681,10,5c:62:8b:66:67:d2,45366,56,21108,41,-45,A,5c:62:8b:66:67:d2"
1791497660.301,"B,25681,10,72:3b:01:24:b7:c8,2342,21,43606,40,-43,S,5c:62:8b:66:67:d2"
1791497660.301,"B,25681,10,b2:db:ca:e6:29:a6,56,2,0,0,-40,S,5c:62:8b:66:67:d2"
1791497660.301,"B,25681,10,cc:b8:5e:ad:5c:4a,18710,18,1760,16,-47,S,5c:62:8b:66:67:d2"
1791497660.504,"B,25781,10,5c:62:8b:66:67:d2,8770,12,13372,19,-45,A,5c:62:8b:66:67:d2"
1791497660.504,"B,25781,10,72:3b:01:24:b7:c8,1082,5,8254,7,-43,S,5c:62:8b:66:67:d2"
1791497660.504,"B,25781,10,b2:db:ca:e6:29:a6,56,2,0,0,-41,S,5c:62:8b:66:67:d2"
1791497660.504,"B,25781,10,cc:b8:5e:ad:5c:4a,12234,12,436,4,-47,S,5c:62:8b:66:67:d2"
1791497660.504,"M,25872,slot,1,1"
1791497660.504,"B,25881,10,5c:62:8b:66:67:d2,12564,18,12838,25,-45,A,5c:62:8b:66:67:d2"
1791497660.504,"B,25881,10,72:3b:01:24:b7:c8,1098,13,11684,10,-43,S,5c:62:8b:66:67:d2"
1791497660.504,"B,25881,10,b2:db:ca:e6:29:a6,56,2,0,0,-40,S,5c:62:8b:66:67:d2"
1791497660.504,"B,25881,10,cc:b8:5e:ad:5c:4a,11684,10,880,8,-47,S,5c:62:8b:66:67:d2"
1791497660.710,"B,25981,10,5c:62:8b:66:67:d2,14562,19,16824,27,-45,A,5c:62:8b:66:67:d2"
1791497660.710,"B,25981,10,72:3b:01:24:b7:c8,1290,11,14012,14,-43,S,5c:62:8b:66:67:d2"
1791497660.710,"B,25981,10,b2:db:ca:e6:29:a6,56,2,0,0,-40,S,5c:62:8b:66:67:d2"
1791497660.710,"B,25981,10,cc:b8:5e:ad:5c:4a,15478,14,550,5,-46,S,5c:62:8b:66:67:d2"
1791497660.710,"B,26081,10,5c:62:8b:66:67:d2,0,0,7881,14,-48,A,5c:62:8b:66:67:d2"
1791497660.710,"B,26081,10,72:3b:01:24:b7:c8,1415,7,0,0,-43,S,5c:62:8b:66:67:d2"
1791497660.710,"B,26081,10,b2:db:ca:e6:29:a6,28,1,0,0,-41,S,5c:62:8b:66:67:d2"
1791497660.710,"B,26081,10,cc:b8:5e:ad:5c:4a,6438,6,0,0,-46,S,5c:62:8b:66:67:d2"
1791497660.913,"B,26181,10,5c:62:8b:66:67:d2,23019,28,16630,25,-45,A,5c:62:8b:66:67:d2"
1791497660.913,"B,26181,10,72:3b:01:24:b7:c8,1096,10,22029,19,-43,S,5c:62:8b:66:67:d2"
1791497660.913,"B,26181,10,b2:db:ca:e6:29:a6,28,1,0,0,-41,S,5c:62:8b:66:67:d2"
1791497660.913,"B,26181,10,cc:b8:5e:ad:5c:4a,15506,14,990,9,-46,S,5c:62:8b:66:67:d2"
1791497660.913,"B,26281,10,5c:62:8b:66:67:d2,8750,11,8778,12,-45,A,5c:62:8b:66:67:d2"
1791497660.913,"B,26281,10,72:3b:01:24:b7:c8,440,4,8310,7,-43,S,5c:62:8b:66:67:d2"
1791497660.913,"B,26281,10,b2:db:ca:e6:29:a6,28,1,0,0,-39,S,5c:62:8b:66:67:d2"
1791497660.913,"B,26281,10,cc:b8:5e:ad:5c:4a,8310,7,440,4,-47,S,5c:62:8b:66:67:d2"
1791497661.119,"B,26381,10,5c:62:8b:66:67:d2,1768,4,5408,20,-45,A,5c:62:8b:66:67:d2"
1791497661.119,"B,26381,10,72:3b:01:24:b7:c8,682,14,1658,3,-43,S,5c:62:8b:66:67:d2"
1791497661.119,"B,26381,10,cc:b8:5e:ad:5c:4a,4726,6,110,1,-46,S,5c:62:8b:66:67:d2"
1791497661.119,"B,26481,10,5c:62:8b:66:67:d2,22341,25,8542,16,-45,A,5c:62:8b:66:67:d2"
1791497661.119,"B,26481,10,72:3b:01:24:b7:c8,866,9,21901,21,-43,S,5c:62:8b:66:67:d2"
1791497661.119,"B,26481,10,cc:b8:5e:ad:5c:4a,7676,7,440,4,-46,S,5c:62:8b:66:67:d2"
1791497661.319,"B,26581,10,5c:62:8b:66:67:d2,8888,12,27982,28,-45,A,5c:62:8b:66:67:d2"
1791497661.319,"B,26581,10,72:3b:01:24:b7:c8,386,5,8338,7,-43,S,5c:62:8b:66:67:d2"
1791497661.319,"B,26581,10,cc:b8:5e:ad:5c:4a,27596,23,550,5,-46,S,5c:62:8b:66:67:d2"
1791497661.319,"B,26681,10,5c:62:8b:66:67:d2,7107,9,14752,18,-45,A,5c:62:8b:66:67:d2"
1791497661.319,"B,26681,10,72:3b:01:24:b7:c8,622,6,6777,6,-43,S,5c:62:8b:66:67:d2"
1791497661.319,"B,26681,10,cc:b8:5e:ad:5c:4a,14130,12,330,3,-46,S,5c:62:8b:66:67:d2"
1791497661.522,"B,26781,10,5c:62:8b:66:67:d2,27893,38,28890,43,-45,A,5c:62:8b:66:67:d2"
1791497661.522,"B,26781,10,72:3b:01:24:b7:c8,1686,15,26603,26,-43,S,5c:62:8b:66:67:d2"
1791497661.522,"B,26781,10,b2:db:ca:e6:29:a6,56,2,0,0,-39,S,5c:62:8b:66:67:d2"
1791497661.522,"B,26781,10,cc:b8:5e:ad:5c:4a,27148,26,1210,11,-46,S,5c:62:8b:66:67:d2"
1791497661.522,"B,26881,10,5c:62:8b:66:67:d2,119340,126,179650,175,-45,A,5c:62:8b:66:67:d2"
1791497661.522,"B,26881,10,72:3b:01:24:b7:c8,3960,36,115380,90,-43,S,5c:62:8b:66:67:d2"
1791497661.522,"B,26881,10,b2:db:ca:e6:29:a6,56,2,0,0,-39,S,5c:62:8b:66:67:d2"
1791497661.522,"B,26881,10,cc:b8:5e:ad:5c:4a,175634,137,3960,36,-46,S,5c:62:8b:66:67:d2"
1791497661.723,"B,26981,10,5c:62:8b:66:67:d2,52390,67,68176,83,-45,A,5c:62:8b:66:67:d2"
1791497661.723,"B,26981,10,72:3b:01:24:b7:c8,2778,26,49530,41,-43,S,5c:62:8b:66:67:d2"
1791497661.723,"B,26981,10,b2:db:ca:e6:29:a6,28,1,0,0,-41,S,5c:62:8b:66:67:d2"
1791497661.723,"B,26981,10,cc:b8:5e:ad:5c:4a,65370,56,2860,26,-46,S,5c:62:8b:66:67:d2"
1791497661.723,"B,27081,10,5c:62:8b:66:67:d2,7702,9,9340,13,-46,A,5c:62:8b:66:67:d2"
1791497661.723,"B,27081,10,72:3b:01:24:b7:c8,1884,4,7372,6,-43,S,5c:62:8b:66:67:d2"
1791497661.723,"B,27081,10,b2:db:ca:e6:29:a6,56,2,0,0,-40,S,5c:62:8b:66:67:d2"
1791497661.723,"B,27081,10,cc:b8:5e:ad:5c:4a,7400,7,330,3,-46,S,5c:62:8b:66:67:d2"
1791497661.723,"B,27081,10,b0:a7:b9:23:82:ee,0,0,30,1,-90,A,b0:a7:b9:23:82:ee"
1791497661.723,"B,27081,10,f2:51:4e:f8:1a:7f,30,1,0,0,-89,S,b0:a7:b9:23:82:ee"
1791497661.928,"B,27181,10,5c:62:8b:66:67:d2,10377,15,22079,28,-45,A,5c:62:8b:66:67:d2"
1791497661.928,"B,27181,10,72:3b:01:24:b7:c8,3359,10,9937,11,-43,S,5c:62:8b:66:67:d2"
1791497661.928,"B,27181,10,b2:db:ca:e6:29:a6,56,2,0,0,-40,S,5c:62:8b:66:67:d2"
1791497661.928,"B,27181,10,cc:b8:5e:ad:5c:4a,18664,16,440,4,-47,S,5c:62:8b:66:67:d2"
1791497661.928,"B,27181,10,b0:a7:b9:23:82:ee,0,0,60,2,-90,A,b0:a7:b9:23:82:ee"
1791497661.928,"B,27181,10,f2:51:4e:f8:1a:7f,60,2,0,0,-88,S,b0:a7:b9:23:82:ee"
1791497661.928,"B,27281,10,5c:62:8b:66:67:d2,4074,7,4186,11,-45,A,5c:62:8b:66:67:d2"
1791497661.928,"B,27281,10,72:3b:01:24:b7:c8,462,5,3668,4,-43,S,5c:62:8b:66:67:d2"
1791497661.928,"B,27281,10,b2:db:ca:e6:29:a6,56,2,0,0,-41,S,5c:62:8b:66:67:d2"
1791497661.928,"B,27281,10,cc:b8:5e:ad:5c:4a,3668,4,406,3,-47,S,5c:62:8b:66:67:d2"
1791497662.130,"B,27381,10,5c:62:8b:66:67:d2,32294,31,34844,41,-45,A,5c:62:8b:66:67:d2"
1791497662.130,"B,27381,10,72:3b:01:24:b7:c8,948,9,31744,26,-43,S,5c:62:8b:66:67:d2"
1791497662.130,"B,27381,10,b2:db:ca:e6:29:a6,28,1,0,0,-42,S,5c:62:8b:66:67:d2"
1791497662.130,"B,27381,10,cc:b8:5e:ad:5c:4a,33868,31,550,5,-46,S,5c:62:8b:66:67:d2"
1791497662.130,"B,27481,10,5c:62:8b:66:67:d2,3104,4,8584,16,-45,A,5c:62:8b:66:67:d2"
1791497662.130,"B,27481,10,72:3b:01:24:b7:c8,250,6,2994,3,-43,S,5c:62:8b:66:67:d2"
1791497662.130,"B,27481,10,cc:b8:5e:ad:5c:4a,8334,10,110,1,-43,S,5c:62:8b:66:67:d2"
1791497662.335,"B,27581,10,5c:62:8b:66:67:d2,5258,9,14219,31,-45,A,5c:62:8b:66:67:d2"
1791497662.335,"B,27581,10,72:3b:01:24:b7:c8,1073,19,4928,6,-43,S,5c:62:8b:66:67:d2"
1791497662.335,"B,27581,10,cc:b8:5e:ad:5c:4a,13146,12,330,3,-47,S,5c:62:8b:66:67:d2"
1791497662.335,"B,27581,10,64:d1:54:63:44:f4,130,1,0,0,-89,A,64:d1:54:63:44:f4"
1791497662.335,"B,27681,10,5c:62:8b:66:67:d2,7893,9,23514,25,-45,A,5c:62:8b:66:67:d2"
1791497662.335,"B,27681,10,72:3b:01:24:b7:c8,438,7,7673,7,-44,S,5c:62:8b:66:67:d2"
1791497662.335,"B,27681,10,cc:b8:5e:ad:5c:4a,23076,18,220,2,-44,S,5c:62:8b:66:67:d2"
1791497662.540,"B,27781,10,5c:62:8b:66:67:d2,20774,25,25778,33,-45,A,5c:62:8b:66:67:d2"
1791497662.540,"B,27781,10,72:3b:01:24:b7:c8,1074,12,19784,16,-43,S,5c:62:8b:66:67:d2"
1791497662.540,"B,27781,10,cc:b8:5e:ad:5c:4a,24704,21,990,9,-47,S,5c:62:8b:66:67:d2"
1791497662.540,"B,27881,10,5c:62:8b:66:67:d2,6394,7,7034,13,-46,A,5c:62:8b:66:67:d2"
1791497662.540,"B,27881,10,72:3b:01:24:b7:c8,406,6,6174,5,-43,S,5c:62:8b:66:67:d2"
1791497662.540,"B,27881,10,cc:b8:5e:ad:5c:4a,6628,7,220,2,-47,S,5c:62:8b:66:67:d2"
1791497662.745,"B,27981,10,5c:62:8b:66:67:d2,12840,18,14080,24,-45,A,5c:62:8b:66:67:d2"
1791497662.745,"B,27981,10,72:3b:01:24:b7:c8,902,12,12180,12,-43,S,5c:62:8b:66:67:d2"
1791497662.745,"B,27981,10,cc:b8:5e:ad:5c:4a,13178,12,660,6,-46,S,5c:62:8b:66:67:d2"
1791497662.745,"B,28081,10,5c:62:8b:66:67:d2,18045,23,21891,28,-45,A,5c:62:8b:66:67:d2"
1791497662.745,"B,28081,10,72:3b:01:24:b7:c8,3757,13,17275,16,-43,S,5c:62:8b:66:67:d2"
1791497662.745,"B,28081,10,cc:b8:5e:ad:5c:4a,18134,15,770,7,-47,S,5c:62:8b:66:67:d2"
1791497662.950,"B,28181,10,5c:62:8b:66:67:d2,4604,6,28677,29,-45,A,5c:62:8b:66:67:d2"
1791497662.950,"B,28181,10,72:3b:01:24:b7:c8,5035,9,4384,4,-43,S,5c:62:8b:66:67:d2"
1791497662.950,"B,28181,10,cc:b8:5e:ad:5c:4a,23642,20,220,2,-45,S,5c:62:8b:66:67:d2"
1791497662.950,"B,28281,10,5c:62:8b:66:67:d2,8270,14,8022,16,-45,A,5c:62:8b:66:67:d2"
1791497662.950,"B,28281,10,72:3b:01:24:b7:c8,654,9,7940,11,-43,S,5c:62:8b:66:67:d2"
1791497662.950,"B,28281,10,cc:b8:5e:ad:5c:4a,7368,7,330,3,-46,S,5c:62:8b:66:67:d2"
1791497663.155,"B,28381,10,5c:62:8b:66:67:d2,32864,43,27679,48,-45,A,5c:62:8b:66:67:d2"
1791497663.155,"B,28381,10,72:3b:01:24:b7:c8,8405,30,31984,35,-43,S,5c:62:8b:66:67:d2"
1791497663.155,"B,28381,10,cc:b8:5e:ad:5c:4a,19274,18,880,8,-46,S,5c:62:8b:66:67:d2"
1791497663.155,"B,28481,10,5c:62:8b:66:67:d2,8940,7,10724,20,-45,A,5c:62:8b:66:67:d2"
1791497663.155,"B,28481,10,72:3b:01:24:b7:c8,4286,14,8940,7,-43,S,5c:62:8b:66:67:d2"
1791497663.155,"B,28481,10,cc:b8:5e:ad:5c:4a,6438,6,0,0,-46,S,5c:62:8b:66:67:d2"
1791497663.359,"B,28581,10,5c:62:8b:66:67:d2,3390,12,5853,16,-45,A,5c:62:8b:66:67:d2"
1791497663.359,"B,28581,10,72:3b:01:24:b7:c8,2073,11,3280,11,-43,S,5c:62:8b:66:67:d2"
1791497663.359,"B,28581,10,cc:b8:5e:ad:5c:4a,3780,5,110,1,-45,S,5c:62:8b:66:67:d2"
1791497663.359,"B,28681,10,5c:62:8b:66:67:d2,5503,13,1692,12,-45,A,5c:62:8b:66:67:d2"
1791497663.359,"B,28681,10,72:3b:01:24:b7:c8,1692,12,5503,13,-43,S,5c:62:8b:66:67:d2"
1791497663.563,"B,28781,10,5c:62:8b:66:67:d2,392,3,538,6,-46,A,5c:62:8b:66:67:d2"
1791497663.563,"B,28781,10,72:3b:01:24:b7:c8,538,6,392,3,-43,S,5c:62:8b:66:67:d2"
1791497663.563,"B,28881,10,5c:62:8b:66:67:d2,49979,61,59488,72,-45,A,5c:62:8b:66:67:d2"
1791497663.563,"B,28881,10,72:3b:01:24:b7:c8,2708,25,47669,40,-43,S,5c:62:8b:66:67:d2"
1791497663.563,"B,28881,10,cc:b8:5e:ad:5c:4a,56780,47,2310,21,-47,S,5c:62:8b:66:67:d2"
1791497663.766,"B,28981,10,5c:62:8b:66:67:d2,12950,15,13144,19,-45,A,5c:62:8b:66:67:d2"
1791497663.766,"B,28981,10,72:3b:01:24:b7:c8,606,7,12510,11,-43,S,5c:62:8b:66:67:d2"
1791497663.766,"B,28981,10,cc:b8:5e:ad:5c:4a,12538,12,440,4,-47,S,5c:62:8b:66:67:d2"
1791497663.766,"B,29081,10,5c:62:8b:66:67:d2,2153,5,4173,12,-45,A,5c:62:8b:66:67:d2"
1791497663.766,"B,29081,10,72:3b:01:24:b7:c8,2381,10,1933,3,-43,S,5c:62:8b:66:67:d2"
1791497663.766,"B,29081,10,cc:b8:5e:ad:5c:4a,1792,2,220,2,-47,S,5c:62:8b:66:67:d2"
1791497663.966,"B,29181,10,5c:62:8b:66:67:d2,10158,17,18808,28,-45,A,5c:62:8b:66:67:d2"
1791497663.966,"B,29181,10,72:3b:01:24:b7:c8,1278,10,9718,13,-43,S,5c:62:8b:66:67:d2"
1791497663.966,"B,29181,10,cc:b8:5e:ad:5c:4a,17530,18,440,4,-45,S,5c:62:8b:66:67:d2"
1791497663.966,"B,29281,10,5c:62:8b:66:67:d2,9298,13,18028,23,-45,A,5c:62:8b:66:67:d2"
1791497663.966,"B,29281,10,72:3b:01:24:b7:c8,810,7,8858,9,-43,S,5c:62:8b:66:67:d2"
1791497663.966,"B,29281,10,cc:b8:5e:ad:5c:4a,17218,16,440,4,-45,S,5c:62:8b:66:67:d2"
1791497663.966,"B,29381,10,5c:62:8b:66:67:d2,19937,27,56029,62,-45,A,5c:62:8b:66:67:d2"
1791497663.966,"B,29381,10,72:3b:01:24:b7:c8,7031,22,19033,19,-43,S,5c:62:8b:66:67:d2"
1791497663.966,"B,29381,10,cc:b8:5e:ad:5c:4a,48998,40,904,8,-45,S,5c:62:8b:66:67:d2"
1791497664.166,"B,29481,10,5c:62:8b:66:67:d2,14371,24,6702,15,-45,A,5c:62:8b:66:67:d2"
1791497664.166,"B,29481,10,72:3b:01:24:b7:c8,1148,10,13817,19,-43,S,5c:62:8b:66:67:d2"
1791497664.166,"B,29481,10,cc:b8:5e:ad:5c:4a,5554,5,554,5,-47,S,5c:62:8b:66:67:d2"
1791497664.166,"B,29581,10,5c:62:8b:66:67:d2,9110,11,35508,42,-45,A,5c:62:8b:66:67:d2"
1791497664.166,"B,29581,10,72:3b:01:24:b7:c8,840,11,8780,8,-43,S,5c:62:8b:66:67:d2"
1791497664.367,"B,29581,10,cc:b8:5e:ad:5c:4a,34668,31,330,3,-46,S,5c:62:8b:66:67:d2"
1791497664.367,"B,29681,10,5c:62:8b:66:67:d2,18931,26,11984,27,-45,A,5c:62:8b:66:67:d2"
1791497664.367,"B,29681,10,72:3b:01:24:b7:c8,1472,16,18024,18,-43,S,5c:62:8b:66:67:d2"
1791497664.367,"B,29681,10,cc:b8:5e:ad:5c:4a,10512,11,907,8,-46,S,5c:62:8b:66:67:d2"
1791497664.367,"B,29681,10,80:af:ca:68:4c:f8,84,1,0,0,-85,A,80:af:ca:68:4c:f8"
1791497664.367,"B,29781,10,5c:62:8b:66:67:d2,12335,18,17384,22,-45,A,5c:62:8b:66:67:d2"
1791497664.367,"B,29781,10,72:3b:01:24:b7:c8,892,7,11895,14,-43,S,5c:62:8b:66:67:d2"
1791497664.367,"B,29781,10,cc:b8:5e:ad:5c:4a,16492,15,440,4,-46,S,5c:62:8b:66:67:d2"
1791497664.567,"B,29881,10,5c:62:8b:66:67:d2,95092,108,164376,164,-45,A,5c:62:8b:66:67:d2"
1791497664.567,"B,29881,10,72:3b:01:24:b7:c8,4070,37,91022,71,-43,S,5c:62:8b:66:67:d2"
1791497664.567,"B,29881,10,cc:b8:5e:ad:5c:4a,160306,127,4070,37,-46,S,5c:62:8b:66:67:d2"
1791497664.567,"B,29981,10,5c:62:8b:66:67:d2,64504,84,77772,96,-45,A,5c:62:8b:66:67:d2"
1791497664.567,"B,29981,10,72:3b:01:24:b7:c8,7684,38,61754,59,-43,S,5c:62:8b:66:67:d2"
1791497664.567,"B,29981,10,cc:b8:5e:ad:5c:4a,70088,58,2750,25,-46,S,5c:62:8b:66:67:d2"
1791497664.767,"B,30081,10,5c:62:8b:66:67:d2,7490,9,11140,13,-45,A,5c:62:8b:66:67:d2"
1791497664.767,"B,30081,10,72:3b:01:24:b7:c8,3952,6,7160,6,-43,S,5c:62:8b:66:67:d2"
1791497664.767,"B,30081,10,cc:b8:5e:ad:5c:4a,7188,7,330,3,-47,S,5c:62:8b:66:67:d2"
1791497664.767,"I,30089,stat,rx=16317,drops=0,ch=10,bin=100,hop=0,heap=203064"
1791497664.767,"B,30181,10,5c:62:8b:66:67:d2,9661,16,11320,28,-45,A,5c:62:8b:66:67:d2"
1791497664.767,"B,30181,10,72:3b:01:24:b7:c8,1658,15,9145,12,-43,S,5c:62:8b:66:67:d2"
1791497664.968,"B,30181,10,b2:db:ca:e6:29:a6,84,3,0,0,-38,S,5c:62:8b:66:67:d2"
1791497664.968,"B,30181,10,cc:b8:5e:ad:5c:4a,9578,10,516,4,-46,S,5c:62:8b:66:67:d2"
1791497664.968,"B,30281,10,5c:62:8b:66:67:d2,5993,9,4284,15,-45,A,5c:62:8b:66:67:d2"
1791497664.968,"B,30281,10,72:3b:01:24:b7:c8,742,10,5883,8,-43,S,5c:62:8b:66:67:d2"
1791497664.968,"B,30281,10,b2:db:ca:e6:29:a6,56,2,0,0,-39,S,5c:62:8b:66:67:d2"
1791497664.968,"B,30281,10,cc:b8:5e:ad:5c:4a,3486,3,110,1,-47,S,5c:62:8b:66:67:d2"
1791497664.968,"B,30381,10,5c:62:8b:66:67:d2,15165,22,24368,37,-45,A,5c:62:8b:66:67:d2"
1791497664.968,"B,30381,10,72:3b:01:24:b7:c8,1766,14,14505,16,-43,S,5c:62:8b:66:67:d2"
1791497664.968,"B,30381,10,b2:db:ca:e6:29:a6,28,1,0,0,-40,S,5c:62:8b:66:67:d2"
1791497664.968,"B,30381,10,cc:b8:5e:ad:5c:4a,22574,22,660,6,-45,S,5c:62:8b:66:67:d2"
1791497664.968,"B,30381,10,b0:a7:b9:23:82:ee,80,1,0,0,-89,A,b0:a7:b9:23:82:ee"
1791497665.169,"B,30481,10,5c:62:8b:66:67:d2,3830,7,2084,9,-45,A,5c:62:8b:66:67:d2"
1791497665.169,"B,30481,10,72:3b:01:24:b7:c8,464,5,3500,4,-43,S,5c:62:8b:66:67:d2"
1791497665.169,"B,30481,10,b2:db:ca:e6:29:a6,56,2,0,0,-37,S,5c:62:8b:66:67:d2"
1791497665.169,"B,30481,10,cc:b8:5e:ad:5c:4a,1564,2,330,3,-39,S,5c:62:8b:66:67:d2"
1791497665.169,"B,30581,10,5c:62:8b:66:67:d2,2674,3,13628,18,-46,A,5c:62:8b:66:67:d2"
1791497665.169,"B,30581,10,72:3b:01:24:b7:c8,194,4,2564,2,-43,S,5c:62:8b:66:67:d2"
1791497665.169,"B,30581,10,b2:db:ca:e6:29:a6,56,2,0,0,-38,S,5c:62:8b:66:67:d2"
1791497665.169,"B,30581,10,cc:b8:5e:ad:5c:4a,13378,12,110,1,-46,S,5c:62:8b:66:67:d2"
1791497665.369,"B,30681,10,5c:62:8b:66:67:d2,17225,21,12316,21,-45,A,5c:62:8b:66:67:d2"
1791497665.369,"B,30681,10,72:3b:01:24:b7:c8,798,8,16452,14,-43,S,5c:62:8b:66:67:d2"
1791497665.369,"B,30681,10,b2:db:ca:e6:29:a6,28,1,0,0,-41,S,5c:62:8b:66:67:d2"
1791497665.369,"B,30681,10,cc:b8:5e:ad:5c:4a,11490,12,773,7,-46,S,5c:62:8b:66:67:d2"
1791497665.369,"B,30781,10,5c:62:8b:66:67:d2,7295,12,10988,24,-45,A,5c:62:8b:66:67:d2"
1791497665.369,"B,30781,10,72:3b:01:24:b7:c8,1108,12,6855,8,-43,S,5c:62:8b:66:67:d2"
1791497665.369,"B,30781,10,b2:db:ca:e6:29:a6,56,2,0,0,-39,S,5c:62:8b:66:67:d2"
1791497665.369,"B,30781,10,cc:b8:5e:ad:5c:4a,9824,10,440,4,-46,S,5c:62:8b:66:67:d2"
1791497665.570,"B,30881,10,5c:62:8b:66:67:d2,2182,5,9702,17,-45,A,5c:62:8b:66:67:d2"
1791497665.570,"B,30881,10,72:3b:01:24:b7:c8,386,5,1852,2,-43,S,5c:62:8b:66:67:d2"
1791497665.570,"B,30881,10,b2:db:ca:e6:29:a6,28,1,0,0,-41,S,5c:62:8b:66:67:d2"
1791497665.570,"B,30881,10,cc:b8:5e:ad:5c:4a,9288,11,330,3,-46,S,5c:62:8b:66:67:d2"
1791497665.570,"B,30881,10,80:af:ca:68:4c:f8,141,1,0,0,-86,A,80:af:ca:68:4c:f8"
1791497665.570,"M,30951,slot,2,1"
1791497665.570,"B,30981,10,5c:62:8b:66:67:d2,15496,18,39938,40,-45,A,5c:62:8b:66:67:d2"
1791497665.570,"B,30981,10,72:3b:01:24:b7:c8,660,6,14836,12,-43,S,5c:62:8b:66:67:d2"
1791497665.570,"B,30981,10,b2:db:ca:e6:29:a6,56,2,0,0,-41,S,5c:62:8b:66:67:d2"
1791497665.570,"B,30981,10,cc:b8:5e:ad:5c:4a,39222,32,660,6,-46,S,5c:62:8b:66:67:d2"
1791497665.771,"B,31081,10,5c:62:8b:66:67:d2,14783,19,12723,23,-45,A,5c:62:8b:66:67:d2"
1791497665.771,"B,31081,10,72:3b:01:24:b7:c8,2741,12,14041,12,-43,S,5c:62:8b:66:67:d2"
1791497665.771,"B,31081,10,b2:db:ca:e6:29:a6,56,2,0,0,-41,S,5c:62:8b:66:67:d2"
1791497665.771,"B,31081,10,cc:b8:5e:ad:5c:4a,9926,9,742,7,-44,S,5c:62:8b:66:67:d2"
1791497665.771,"B,31181,10,5c:62:8b:66:67:d2,13422,18,13696,26,-45,A,5c:62:8b:66:67:d2"
1791497665.771,"B,31181,10,72:3b:01:24:b7:c8,1296,13,12982,14,-43,S,5c:62:8b:66:67:d2"
1791497665.771,"B,31181,10,b2:db:ca:e6:29:a6,56,2,0,0,-40,S,5c:62:8b:66:67:d2"
1791497665.771,"B,31181,10,cc:b8:5e:ad:5c:4a,12344,11,440,4,-47,S,5c:62:8b:66:67:d2"
1791497665.972,"B,31281,10,5c:62:8b:66:67:d2,34947,40,26712,39,-45,A,5c:62:8b:66:67:d2"
1791497665.972,"B,31281,10,72:3b:01:24:b7:c8,1250,11,33847,30,-43,S,5c:62:8b:66:67:d2"
1791497665.972,"B,31281,10,b2:db:ca:e6:29:a6,56,2,0,0,-39,S,5c:62:8b:66:67:d2"
1791497665.972,"B,31281,10,cc:b8:5e:ad:5c:4a,25406,26,1100,10,-45,S,5c:62:8b:66:67:d2"
1791497665.972,"B,31381,10,5c:62:8b:66:67:d2,10744,21,8510,22,-45,A,5c:62:8b:66:67:d2"
1791497665.972,"B,31381,10,72:3b:01:24:b7:c8,1630,13,10414,18,-43,S,5c:62:8b:66:67:d2"
1791497665.972,"B,31381,10,b2:db:ca:e6:29:a6,56,2,0,0,-40,S,5c:62:8b:66:67:d2"
1791497665.972,"B,31381,10,cc:b8:5e:ad:5c:4a,6824,7,330,3,-46,S,5c:62:8b:66:67:d2"
1791497666.173,"B,31481,10,5c:62:8b:66:67:d2,145,1,6628,10,-46,A,5c:62:8b:66:67:d2"
1791497666.173,"B,31481,10,72:3b:01:24:b7:c8,190,4,145,1,-43,S,5c:62:8b:66:67:d2"
1791497666.173,"B,31481,10,b2:db:ca:e6:29:a6,28,1,0,0,-40,S,5c:62:8b:66:67:d2"
1791497666.173,"B,31481,10,cc:b8:5e:ad:5c:4a,6410,5,0,0,-47,S,5c:62:8b:66:67:d2"
1791497666.173,"B,31481,10,78:8c:b5:f5:e7:26,88,1,0,0,-84,A,78:8c:b5:f5:e7:26"
1791497666.173,"B,31581,10,5c:62:8b:66:67:d2,21425,27,28280,47,-45,A,5c:62:8b:66:67:d2"
1791497666.173,"B,31581,10,72:3b:01:24:b7:c8,1592,22,20435,18,-43,S,5c:62:8b:66:67:d2"
1791497666.173,"B,31581,10,b2:db:ca:e6:29:a6,56,2,0,0,-40,S,5c:62:8b:66:67:d2"
1791497666.173,"B,31581,10,cc:b8:5e:ad:5c:4a,26632,23,990,9,-46,S,5c:62:8b:66:67:d2"
1791497666.373,"B,31681,10,5c:62:8b:66:67:d2,8716,12,20949,27,-45,A,5c:62:8b:66:67:d2"
1791497666.373,"B,31681,10,72:3b:01:24:b7:c8,823,7,8276,8,-43,S,5c:62:8b:66:67:d2"
1791497666.373,"B,31681,10,b2:db:ca:e6:29:a6,84,3,0,0,-40,S,5c:62:8b:66:67:d2"
1791497666.373,"B,31681,10,cc:b8:5e:ad:5c:4a,20042,17,440,4,-45,S,5c:62:8b:66:67:d2"
1791497666.373,"B,31781,10,5c:62:8b:66:67:d2,8148,10,17478,25,-45,A,5c:62:8b:66:67:d2"
1791497666.373,"B,31781,10,72:3b:01:24:b7:c8,386,5,7818,7,-43,S,5c:62:8b:66:67:d2"
1791497666.373,"B,31781,10,b2:db:ca:e6:29:a6,28,1,0,0,-40,S,5c:62:8b:66:67:d2"
1791497666.373,"B,31781,10,cc:b8:5e:ad:5c:4a,17064,19,330,3,-46,S,5c:62:8b:66:67:d2"
1791497666.573,"B,31881,10,5c:62:8b:66:67:d2,1966,3,18004,19,-45,A,5c:62:8b:66:67:d2"
1791497666.573,"B,31881,10,72:3b:01:24:b7:c8,194,4,1856,2,-43,S,5c:62:8b:66:67:d2"
1791497666.573,"B,31881,10,cc:b8:5e:ad:5c:4a,17810,15,110,1,-45,S,5c:62:8b:66:67:d2"
1791497666.573,"B,31981,10,5c:62:8b:66:67:d2,17798,21,19844,27,-45,A,5c:62:8b:66:67:d2"
1791497666.573,"B,31981,10,72:3b:01:24:b7:c8,770,7,17028,14,-43,S,5c:62:8b:66:67:d2"
1791497666.573,"B,31981,10,b2:db:ca:e6:29:a6,56,2,0,0,-40,S,5c:62:8b:66:67:d2"
1791497666.573,"B,31981,10,cc:b8:5e:ad:5c:4a,19018,18,770,7,-47,S,5c:62:8b:66:67:d2"
1791497666.774,"B,32081,10,5c:62:8b:66:67:d2,110,1,2038,8,-46,A,5c:62:8b:66:67:d2"
1791497666.774,"B,32081,10,72:3b:01:24:b7:c8,166,3,0,0,-43,S,5c:62:8b:66:67:d2"
1791497666.774,"B,32081,10,b2:db:ca:e6:29:a6,56,2,0,0,-38,S,5c:62:8b:66:67:d2"
1791497666.774,"B,32081,10,cc:b8:5e:ad:5c:4a,1816,3,110,1,-47,S,5c:62:8b:66:67:d2"
1791497666.774,"B,32181,10,5c:62:8b:66:67:d2,10240,12,9902,17,-45,A,5c:62:8b:66:67:d2"
1791497666.774,"B,32181,10,72:3b:01:24:b7:c8,414,6,9910,9,-43,S,5c:62:8b:66:67:d2"
1791497666.774,"B,32181,10,b2:db:ca:e6:29:a6,56,2,0,0,-40,S,5c:62:8b:66:67:d2"
1791497666.774,"B,32181,10,cc:b8:5e:ad:5c:4a,9432,9,330,3,-43,S,5c:62:8b:66:67:d2"
1791497666.976,"B,32281,10,5c:62:8b:66:67:d2,11822,17,10596,18,-45,A,5c:62:8b:66:67:d2"
1791497666.976,"B,32281,10,72:3b:01:24:b7:c8,770,7,11052,10,-43,S,5c:62:8b:66:67:d2"
1791497666.976,"B,32281,10,b2:db:ca:e6:29:a6,56,2,0,0,-39,S,5c:62:8b:66:67:d2"
1791497666.976,"B,32281,10,cc:b8:5e:ad:5c:4a,9770,9,770,7,-47,S,5c:62:8b:66:67:d2"
1791497666.976,"B,32381,10,5c:62:8b:66:67:d2,15744,18,18628,33,-45,A,5c:62:8b:66:67:d2"
1791497666.976,"B,32381,10,72:3b:01:24:b7:c8,940,16,15084,12,-43,S,5c:62:8b:66:67:d2"
1791497666.976,"B,32381,10,b2:db:ca:e6:29:a6,56,2,0,0,-40,S,5c:62:8b:66:67:d2"
1791497666.976,"B,32381,10,cc:b8:5e:ad:5c:4a,17632,15,660,6,-46,S,5c:62:8b:66:67:d2"
1791497667.178,"B,32481,10,5c:62:8b:66:67:d2,10857,17,6838,18,-45,A,5c:62:8b:66:67:d2"
1791497667.178,"B,32481,10,72:3b:01:24:b7:c8,1176,10,10307,12,-43,S,5c:62:8b:66:67:d2"
1791497667.178,"B,32481,10,b2:db:ca:e6:29:a6,56,2,0,0,-41,S,5c:62:8b:66:67:d2"
1791497667.178,"B,32481,10,cc:b8:5e:ad:5c:4a,5606,6,550,5,-46,S,5c:62:8b:66:67:d2"
1791497667.178,"B,32581,10,5c:62:8b:66:67:d2,22486,24,35190,38,-45,A,5c:62:8b:66:67:d2"
1791497667.178,"B,32581,10,72:3b:01:24:b7:c8,916,8,22156,21,-43,S,5c:62:8b:66:67:d2"
1791497667.178,"B,32581,10,b2:db:ca:e6:29:a6,56,2,0,0,-40,S,5c:62:8b:66:67:d2"
1791497667.178,"B,32581,10,cc:b8:5e:ad:5c:4a,34218,28,330,3,-45,S,5c:62:8b:66:67:d2"
1791497667.382,"B,32681,10,5c:62:8b:66:67:d2,22134,25,9938,23,-45,A,5c:62:8b:66:67:d2"
1791497667.382,"B,32681,10,72:3b:01:24:b7:c8,896,13,21364,18,-43,S,5c:62:8b:66:67:d2"
1791497667.382,"B,32681,10,b2:db:ca:e6:29:a6,84,3,0,0,-39,S,5c:62:8b:66:67:d2"
1791497667.382,"B,32681,10,cc:b8:5e:ad:5c:4a,8958,7,770,7,-44,S,5c:62:8b:66:67:d2"
1791497667.382,"B,32781,10,5c:62:8b:66:67:d2,6830,9,28872,33,-45,A,5c:62:8b:66:67:d2"
1791497667.382,"B,32781,10,72:3b:01:24:b7:c8,414,6,6500,6,-43,S,5c:62:8b:66:67:d2"
1791497667.382,"B,32781,10,b2:db:ca:e6:29:a6,28,1,0,0,-40,S,5c:62:8b:66:67:d2"
1791497667.382,"B,32781,10,cc:b8:5e:ad:5c:4a,28430,26,330,3,-46,S,5c:62:8b:66:67:d2"
1791497667.583,"B,32881,10,5c:62:8b:66:67:d2,68076,86,110852,115,-45,A,5c:62:8b:66:67:d2"
1791497667.583,"B,32881,10,72:3b:01:24:b7:c8,3136,30,64226,51,-43,S,5c:62:8b:66:67:d2"
1791497667.583,"B,32881,10,cc:b8:5e:ad:5c:4a,107716,85,3850,35,-46,S,5c:62:8b:66:67:d2"
1791497667.583,"B,32881,10,78:8c:b5:f5:e7:26,80,1,0,0,-86,A,78:8c:b5:f5:e7:26"
1791497667.583,"B,32981,10,5c:62:8b:66:67:d2,76556,78,103674,106,-45,A,5c:62:8b:66:67:d2"
1791497667.583,"B,32981,10,72:3b:01:24:b7:c8,2312,24,74356,58,-43,S,5c:62:8b:66:67:d2"
1791497667.583,"B,32981,10,b2:db:ca:e6:29:a6,56,2,0,0,-39,S,5c:62:8b:66:67:d2"
1791497667.583,"B,32981,10,cc:b8:5e:ad:5c:4a,101306,80,2200,20,-46,S,5c:62:8b:66:67:d2"
1791497667.787,"B,33081,10,5c:62:8b:66:67:d2,37652,52,35138,53,-45,A,5c:62:8b:66:67:d2"
1791497667.787,"B,33081,10,72:3b:01:24:b7:c8,6570,24,35156,30,-43,S,5c:62:8b:66:67:d2"
1791497667.787,"B,33081,10,b2:db:ca:e6:29:a6,56,2,0,0,-40,S,5c:62:8b:66:67:d2"
1791497667.787,"B,33081,10,cc:b8:5e:ad:5c:4a,28512,27,2496,22,-46,S,5c:62:8b:66:67:d2"
1791497667.787,"B,33181,10,5c:62:8b:66:67:d2,9551,14,14020,20,-46,A,5c:62:8b:66:67:d2"
1791497667.787,"B,33181,10,72:3b:01:24:b7:c8,464,5,9221,11,-43,S,5c:62:8b:66:67:d2"
1791497667.787,"B,33181,10,b2:db:ca:e6:29:a6,56,2,0,0,-38,S,5c:62:8b:66:67:d2"
1791497667.787,"B,33181,10,cc:b8:5e:ad:5c:4a,13500,13,330,3,-46,S,5c:62:8b:66:67:d2"
1791497667.992,"B,33281,10,5c:62:8b:66:67:d2,0,0,15414,14,-47,A,5c:62:8b:66:67:d2"
1791497667.992,"B,33281,10,b2:db:ca:e6:29:a6,28,1,0,0,-41,S,5c:62:8b:66:67:d2"
1791497667.992,"B,33281,10,cc:b8:5e:ad:5c:4a,15386,13,0,0,-46,S,5c:62:8b:66:67:d2"
1791497667.992,"B,33381,10,5c:62:8b:66:67:d2,22027,42,22952,35,-45,A,5c:62:8b:66:67:d2"
1791497667.992,"B,33381,10,72:3b:01:24:b7:c8,1526,15,19497,19,-43,S,5c:62:8b:66:67:d2"
1791497667.992,"B,33381,10,cc:b8:5e:ad:5c:4a,21426,20,2530,23,-46,S,5c:62:8b:66:67:d2"
1791497668.197,"B,33481,10,5c:62:8b:66:67:d2,0,0,3906,7,-48,A,5c:62:8b:66:67:d2"
1791497668.197,"B,33481,10,72:3b:01:24:b7:c8,28,1,0,0,-43,S,5c:62:8b:66:67:d2"
1791497668.197,"B,33481,10,cc:b8:5e:ad:5c:4a,3878,6,0,0,-46,S,5c:62:8b:66:67:d2"
1791497668.197,"B,33581,10,5c:62:8b:66:67:d2,5316,8,12194,21,-45,A,5c:62:8b:66:67:d2"
1791497668.197,"B,33581,10,72:3b:01:24:b7:c8,416,9,4986,5,-43,S,5c:62:8b:66:67:d2"
1791497668.197,"B,33581,10,cc:b8:5e:ad:5c:4a,11778,12,330,3,-45,S,5c:62:8b:66:67:d2"
1791497668.397,"B,33681,10,5c:62:8b:66:67:d2,16572,20,30426,31,-45,A,5c:62:8b:66:67:d2"
1791497668.397,"B,33681,10,72:3b:01:24:b7:c8,770,7,15802,13,-43,S,5c:62:8b:66:67:d2"
1791497668.397,"B,33681,10,cc:b8:5e:ad:5c:4a,29656,24,770,7,-47,S,5c:62:8b:66:67:d2"
1791497668.397,"B,33781,10,5c:62:8b:66:67:d2,15736,18,55938,55,-45,A,5c:62:8b:66:67:d2"
1791497668.397,"B,33781,10,72:3b:01:24:b7:c8,854,10,15076,12,-43,S,5c:62:8b:66:67:d2"
1791497668.397,"B,33781,10,cc:b8:5e:ad:5c:4a,55084,45,660,6,-45,S,5c:62:8b:66:67:d2"
1791497668.397,"B,33781,10,78:8c:b5:f5:e7:26,80,1,0,0,-83,A,78:8c:b5:f5:e7:26"
1791497668.600,"B,33881,10,5c:62:8b:66:67:d2,5870,7,5982,11,-46,A,5c:62:8b:66:67:d2"
1791497668.600,"B,33881,10,72:3b:01:24:b7:c8,276,4,5650,5,-43,S,5c:62:8b:66:67:d2"
1791497668.600,"B,33881,10,b2:db:ca:e6:29:a6,28,1,0,0,-40,S,5c:62:8b:66:67:d2"
1791497668.600,"B,33881,10,cc:b8:5e:ad:5c:4a,5678,6,220,2,-46,S,5c:62:8b:66:67:d2"
1791497668.600,"B,33981,10,5c:62:8b:66:67:d2,22956,28,26062,31,-45,A,5c:62:8b:66:67:d2"
1791497668.600,"B,33981,10,72:3b:01:24:b7:c8,990,9,21856,18,-43,S,5c:62:8b:66:67:d2"
1791497668.600,"B,33981,10,b2:db:ca:e6:29:a6,28,1,0,0,-40,S,5c:62:8b:66:67:d2"
1791497668.600,"B,33981,10,cc:b8:5e:ad:5c:4a,25044,21,1100,10,-47,S,5c:62:8b:66:67:d2"
1791497668.806,"B,34081,10,5c:62:8b:66:67:d2,3463,8,10736,17,-45,A,5c:62:8b:66:67:d2"
1791497668.806,"B,34081,10,72:3b:01:24:b7:c8,1794,8,3243,6,-43,S,5c:62:8b:66:67:d2"
1791497668.806,"B,34081,10,b2:db:ca:e6:29:a6,56,2,0,0,-38,S,5c:62:8b:66:67:d2"
1791497668.806,"B,34081,10,cc:b8:5e:ad:5c:4a,8886,7,220,2,-45,S,5c:62:8b:66:67:d2"
1791497668.806,"B,34081,10,80:af:ca:68:4c:f8,104,1,0,0,-84,A,80:af:ca:68:4c:f8"
1791497668.806,"B,34181,10,5c:62:8b:66:67:d2,13599,18,21452,31,-45,A,5c:62:8b:66:67:d2"
1791497668.806,"B,34181,10,72:3b:01:24:b7:c8,878,11,12939,12,-43,S,5c:62:8b:66:67:d2"
1791497668.806,"B,34181,10,b2:db:ca:e6:29:a6,56,2,0,0,-40,S,5c:62:8b:66:67:d2"
1791497668.806,"B,34181,10,cc:b8:5e:ad:5c:4a,20518,18,660,6,-46,S,5c:62:8b:66:67:d2"
1791497668.806,"B,34181,10,78:8c:b5:f5:e7:26,92,1,0,0,-81,A,78:8c:b5:f5:e7:26"
1791497669.009,"B,34281,10,5c:62:8b:66:67:d2,2300,6,2026,5,-45,A,5c:62:8b:66:67:d2"
1791497669.009,"B,34281,10,72:3b:01:24:b7:c8,110,1,1860,2,-43,S,5c:62:8b:66:67:d2"
1791497669.009,"B,34281,10,b2:db:ca:e6:29:a6,28,1,0,0,-40,S,5c:62:8b:66:67:d2"
1791497669.009,"B,34281,10,cc:b8:5e:ad:5c:4a,1888,3,440,4,-47,S,5c:62:8b:66:67:d2"
1791497669.009,"B,34381,10,5c:62:8b:66:67:d2,9987,14,15246,27,-45,A,5c:62:8b:66:67:d2"
1791497669.009,"B,34381,10,72:3b:01:24:b7:c8,922,11,9547,10,-43,S,5c:62:8b:66:67:d2"
1791497669.009,"B,34381,10,b2:db:ca:e6:29:a6,84,3,0,0,-39,S,5c:62:8b:66:67:d2"
1791497669.009,"B,34381,10,cc:b8:5e:ad:5c:4a,14240,13,440,4,-46,S,5c:62:8b:66:67:d2"
1791497669.213,"B,34481,10,5c:62:8b:66:67:d2,1526,2,12020,16,-46,A,5c:62:8b:66:67:d2"
1791497669.213,"B,34481,10,72:3b:01:24:b7:c8,426,5,1526,2,-43,S,5c:62:8b:66:67:d2"
1791497669.213,"B,34481,10,b2:db:ca:e6:29:a6,56,2,0,0,-38,S,5c:62:8b:66:67:d2"
1791497669.213,"B,34481,10,cc:b8:5e:ad:5c:4a,11538,9,0,0,-47,S,5c:62:8b:66:67:d2"
1791497669.213,"B,34581,10,5c:62:8b:66:67:d2,0,0,56,2,-47,A,5c:62:8b:66:67:d2"
1791497669.213,"B,34581,10,b2:db:ca:e6:29:a6,56,2,0,0,-40,S,5c:62:8b:66:67:d2"
1791497669.418,"B,34681,10,5c:62:8b:66:67:d2,0,0,56,2,-47,A,5c:62:8b:66:67:d2"
1791497669.418,"B,34681,10,b2:db:ca:e6:29:a6,56,2,0,0,-39,S,5c:62:8b:66:67:d2"
1791497669.418,"B,34781,10,5c:62:8b:66:67:d2,22532,26,23898,30,-45,A,5c:62:8b:66:67:d2"
1791497669.418,"B,34781,10,72:3b:01:24:b7:c8,798,8,21762,19,-43,S,5c:62:8b:66:67:d2"
1791497669.418,"B,34781,10,b2:db:ca:e6:29:a6,28,1,0,0,-41,S,5c:62:8b:66:67:d2"
1791497669.418,"B,34781,10,cc:b8:5e:ad:5c:4a,23072,21,770,7,-46,S,5c:62:8b:66:67:d2"
1791497669.418,"B,34781,10,80:af:ca:68:4c:f8,330,1,0,0,-87,A,80:af:ca:68:4c:f8"
1791497669.621,"B,34881,10,5c:62:8b:66:67:d2,25414,35,37984,46,-45,A,5c:62:8b:66:67:d2"
1791497669.621,"B,34881,10,72:3b:01:24:b7:c8,1486,15,23654,19,-43,S,5c:62:8b:66:67:d2"
1791497669.621,"B,34881,10,b2:db:ca:e6:29:a6,56,2,0,0,-39,S,5c:62:8b:66:67:d2"
1791497669.621,"B,34881,10,cc:b8:5e:ad:5c:4a,36442,29,1760,16,-46,S,5c:62:8b:66:67:d2"
1791497669.621,"B,34981,10,5c:62:8b:66:67:d2,12710,15,34080,35,-45,A,5c:62:8b:66:67:d2"
1791497669.621,"B,34981,10,72:3b:01:24:b7:c8,550,5,12160,10,-43,S,5c:62:8b:66:67:d2"
1791497669.621,"B,34981,10,b2:db:ca:e6:29:a6,56,2,0,0,-39,S,5c:62:8b:66:67:d2"
1791497669.621,"B,34981,10,cc:b8:5e:ad:5c:4a,33474,28,550,5,-46,S,5c:62:8b:66:67:d2"
1791497669.827,"B,35081,10,5c:62:8b:66:67:d2,110,1,9926,10,-47,A,5c:62:8b:66:67:d2"
1791497669.827,"B,35081,10,72:3b:01:24:b7:c8,3516,5,0,0,-43,S,5c:62:8b:66:67:d2"
1791497669.827,"B,35081,10,cc:b8:5e:ad:5c:4a,6410,5,110,1,-47,S,5c:62:8b:66:67:d2"
1791497669.827,"I,35089,stat,rx=18773,drops=0,ch=10,bin=100,hop=0,heap=203064"
1791497669.827,"B,35181,10,5c:62:8b:66:67:d2,16019,22,19016,31,-45,A,5c:62:8b:66:67:d2"
1791497669.827,"B,35181,10,72:3b:01:24:b7:c8,988,12,15249,15,-43,S,5c:62:8b:66:67:d2"
1791497669.827,"B,35181,10,b2:db:ca:e6:29:a6,56,2,0,0,-40,S,5c:62:8b:66:67:d2"
1791497669.827,"B,35181,10,cc:b8:5e:ad:5c:4a,17972,17,770,7,-46,S,5c:62:8b:66:67:d2"
1791497670.030,"B,35281,10,5c:62:8b:66:67:d2,13585,17,10330,19,-45,A,5c:62:8b:66:67:d2"
1791497670.030,"B,35281,10,72:3b:01:24:b7:c8,1030,9,13035,12,-43,S,5c:62:8b:66:67:d2"
1791497670.030,"B,35281,10,b2:db:ca:e6:29:a6,56,2,0,0,-39,S,5c:62:8b:66:67:d2"
1791497670.030,"B,35281,10,cc:b8:5e:ad:5c:4a,9244,8,550,5,-47,S,5c:62:8b:66:67:d2"
1791497670.030,"B,35281,10,b0:a7:b9:23:82:ee,0,0,30,1,-87,A,b0:a7:b9:23:82:ee"
1791497670.030,"B,35281,10,f2:51:4e:f8:1a:7f,30,1,0,0,-92,S,b0:a7:b9:23:82:ee"
1791497670.030,"B,35381,10,5c:62:8b:66:67:d2,10270,13,20986,33,-45,A,5c:62:8b:66:67:d2"
1791497670.030,"B,35381,10,72:3b:01:24:b7:c8,746,12,9720,8,-43,S,5c:62:8b:66:67:d2"
1791497670.030,"B,35381,10,b2:db:ca:e6:29:a6,56,2,0,0,-40,S,5c:62:8b:66:67:d2"
1791497670.030,"B,35381,10,cc:b8:5e:ad:5c:4a,20184,19,550,5,-46,S,5c:62:8b:66:67:d2"
1791497670.030,"B,35381,10,b0:a7:b9:23:82:ee,0,0,30,1,0,A,b0:a7:b9:23:82:ee"
1791497670.030,"B,35381,10,f2:51:4e:f8:1a:7f,30,1,0,0,-90,S,b0:a7:b9:23:82:ee"
1791497670.235,"B,35481,10,5c:62:8b:66:67:d2,9211,15,10172,24,-45,A,5c:62:8b:66:67:d2"
1791497670.235,"B,35481,10,72:3b:01:24:b7:c8,1066,10,8661,10,-43,S,5c:62:8b:66:67:d2"
1791497670.235,"B,35481,10,b2:db:ca:e6:29:a6,56,2,0,0,-41,S,5c:62:8b:66:67:d2"
1791497670.235,"B,35481,10,cc:b8:5e:ad:5c:4a,9050,12,550,5,-46,S,5c:62:8b:66:67:d2"
1791497670.235,"B,35581,10,5c:62:8b:66:67:d2,7374,9,19108,28,-45,A,5c:62:8b:66:67:d2"
1791497670.235,"B,35581,10,72:3b:01:24:b7:c8,470,8,7044,6,-43,S,5c:62:8b:66:67:d2"
1791497670.235,"B,35581,10,b2:db:ca:e6:29:a6,56,2,0,0,-40,S,5c:62:8b:66:67:d2"
1791497670.235,"B,35581,10,cc:b8:5e:ad:5c:4a,18582,18,330,3,-46,S,5c:62:8b:66:67:d2"
1791497670.235,"B,35581,10,64:d1:54:63:44:f4,91,1,0,0,-88,A,64:d1:54:63:44:f4"
1791497670.438,"B,35681,10,5c:62:8b:66:67:d2,6630,7,10728,19,-45,A,5c:62:8b:66:67:d2"
1791497670.438,"B,35681,10,72:3b:01:24:b7:c8,1188,10,6410,5,-43,S,5c:62:8b:66:67:d2"
1791497670.438,"B,35681,10,b2:db:ca:e6:29:a6,28,1,0,0,-39,S,5c:62:8b:66:67:d2"
1791497670.438,"B,35681,10,cc:b8:5e:ad:5c:4a,9512,8,220,2,-44,S,5c:62:8b:66:67:d2"
1791497670.438,"B,35781,10,5c:62:8b:66:67:d2,23809,31,22250,33,-45,A,5c:62:8b:66:67:d2"
1791497670.438,"B,35781,10,72:3b:01:24:b7:c8,1206,11,22599,20,-43,S,5c:62:8b:66:67:d2"
1791497670.438,"B,35781,10,b2:db:ca:e6:29:a6,84,3,0,0,-39,S,5c:62:8b:66:67:d2"
1791497670.438,"B,35781,10,cc:b8:5e:ad:5c:4a,20960,19,1210,11,-46,S,5c:62:8b:66:67:d2"
1791497670.641,"B,35881,10,5c:62:8b:66:67:d2,193806,185,148690,150,-45,A,5c:62:8b:66:67:d2"
1791497670.641,"B,35881,10,72:3b:01:24:b7:c8,3740,34,189736,148,-43,S,5c:62:8b:66:67:d2"
1791497670.641,"B,35881,10,b2:db:ca:e6:29:a6,56,2,0,0,-39,S,5c:62:8b:66:67:d2"
1791497670.641,"B,35881,10,cc:b8:5e:ad:5c:4a,144894,114,4070,37,-46,S,5c:62:8b:66:67:d2"
1791497670.641,"B,35881,10,78:8c:b5:f5:e7:26,0,0,28,1,-85,A,78:8c:b5:f5:e7:26"
1791497670.641,"B,35881,10,00:08:22:24:d6:fb,28,1,0,0,-88,S,78:8c:b5:f5:e7:26"
1791497670.641,"B,35981,10,5c:62:8b:66:67:d2,43643,93,82238,114,-45,A,5c:62:8b:66:67:d2"
1791497670.641,"B,35981,10,72:3b:01:24:b7:c8,5758,42,37087,34,-43,S,5c:62:8b:66:67:d2"
1791497670.641,"B,35981,10,b2:db:ca:e6:29:a6,28,1,0,0,-36,S,5c:62:8b:66:67:d2"
1791497670.641,"B,35981,10,cc:b8:5e:ad:5c:4a,76358,70,6456,58,-46,S,5c:62:8b:66:67:d2"
1791497670.641,"B,35981,10,b0:a7:b9:23:82:ee,80,1,0,0,-89,A,b0:a7:b9:23:82:ee"
1791497670.641,"B,35981,10,46:88:44:6e:4f:e4,94,1,100,1,-38,S,5c:62:8b:66:67:d2"
1791497670.641,"M,36030,slot,3,1"
1791497670.843,"B,36081,10,5c:62:8b:66:67:d2,13668,24,29433,34,-45,A,5c:62:8b:66:67:d2"
1791497670.843,"B,36081,10,72:3b:01:24:b7:c8,3709,11,13228,20,-43,S,5c:62:8b:66:67:d2"
1791497670.843,"B,36081,10,b2:db:ca:e6:29:a6,56,2,0,0,-40,S,5c:62:8b:66:67:d2"
1791497670.843,"B,36081,10,cc:b8:5e:ad:5c:4a,25668,21,440,4,-44,S,5c:62:8b:66:67:d2"
1791497670.843,"B,36181,10,5c:62:8b:66:67:d2,6807,10,9848,15,-45,A,5c:62:8b:66:67:d2"
1791497670.843,"B,36181,10,72:3b:01:24:b7:c8,464,5,6477,7,-43,S,5c:62:8b:66:67:d2"
1791497670.843,"B,36181,10,b2:db:ca:e6:29:a6,28,1,0,0,-40,S,5c:62:8b:66:67:d2"
1791497670.843,"B,36181,10,cc:b8:5e:ad:5c:4a,9356,9,330,3,-46,S,5c:62:8b:66:67:d2"
1791497671.046,"B,36281,10,5c:62:8b:66:67:d2,1926,3,3848,11,-45,A,5c:62:8b:66:67:d2"
1791497671.046,"B,36281,10,72:3b:01:24:b7:c8,306,8,1816,2,-43,S,5c:62:8b:66:67:d2"
1791497671.046,"B,36281,10,cc:b8:5e:ad:5c:4a,3542,3,110,1,-47,S,5c:62:8b:66:67:d2"
1791497671.046,"B,36381,10,5c:62:8b:66:67:d2,18081,21,16816,24,-45,A,5c:62:8b:66:67:d2"
1791497671.046,"B,36381,10,72:3b:01:24:b7:c8,1058,10,17531,16,-43,S,5c:62:8b:66:67:d2"
1791497671.046,"B,36381,10,cc:b8:5e:ad:5c:4a,15758,14,550,5,-47,S,5c:62:8b:66:67:d2"
1791497671.251,"B,36481,10,5c:62:8b:66:67:d2,3863,8,3060,8,-45,A,5c:62:8b:66:67:d2"
1791497671.251,"B,36481,10,72:3b:01:24:b7:c8,1208,5,3533,5,-43,S,5c:62:8b:66:67:d2"
1791497671.251,"B,36481,10,cc:b8:5e:ad:5c:4a,1852,3,330,3,-47,S,5c:62:8b:66:67:d2"
1791497671.251,"B,36581,10,5c:62:8b:66:67:d2,9752,12,9920,18,-45,A,5c:62:8b:66:67:d2"
1791497671.251,"B,36581,10,72:3b:01:24:b7:c8,580,9,9312,8,-43,S,5c:62:8b:66:67:d2"
1791497671.251,"B,36581,10,cc:b8:5e:ad:5c:4a,9340,9,440,4,-47,S,5c:62:8b:66:67:d2"
1791497671.452,"B,36681,10,5c:62:8b:66:67:d2,7372,10,12528,15,-45,A,5c:62:8b:66:67:d2"
1791497671.452,"B,36681,10,72:3b:01:24:b7:c8,468,5,6932,6,-43,S,5c:62:8b:66:67:d2"
1791497671.452,"B,36681,10,cc:b8:5e:ad:5c:4a,12060,10,440,4,-47,S,5c:62:8b:66:67:d2"
1791497671.452,"B,36781,10,5c:62:8b:66:67:d2,26300,26,22162,27,-45,A,5c:62:8b:66:67:d2"
1791497671.452,"B,36781,10,72:3b:01:24:b7:c8,744,9,25640,20,-43,S,5c:62:8b:66:67:d2"
1791497671.452,"B,36781,10,cc:b8:5e:ad:5c:4a,21418,18,660,6,-45,S,5c:62:8b:66:67:d2"
1791497671.452,"B,36781,10,78:8c:b5:f5:e7:26,92,1,0,0,-83,A,78:8c:b5:f5:e7:26"
1791497671.653,"B,36881,10,5c:62:8b:66:67:d2,9881,12,6322,14,-45,A,5c:62:8b:66:67:d2"
1791497671.653,"B,36881,10,72:3b:01:24:b7:c8,756,8,9551,9,-43,S,5c:62:8b:66:67:d2"
1791497671.653,"B,36881,10,cc:b8:5e:ad:5c:4a,5566,6,330,3,-46,S,5c:62:8b:66:67:d2"
1791497671.653,"B,36881,10,78:8c:b5:f5:e7:26,80,1,0,0,-81,A,78:8c:b5:f5:e7:26"
1791497671.653,"B,36981,10,5c:62:8b:66:67:d2,17994,19,29560,29,-45,A,5c:62:8b:66:67:d2"
1791497671.653,"B,36981,10,72:3b:01:24:b7:c8,550,5,17444,14,-43,S,5c:62:8b:66:67:d2"
1791497671.653,"B,36981,10,cc:b8:5e:ad:5c:4a,29010,24,550,5,-46,S,5c:62:8b:66:67:d2"
1791497671.858,"B,37081,10,5c:62:8b:66:67:d2,4736,8,10299,16,-45,A,5c:62:8b:66:67:d2"
1791497671.858,"B,37081,10,72:3b:01:24:b7:c8,3447,10,4296,4,-43,S,5c:62:8b:66:67:d2"
1791497671.858,"B,37081,10,cc:b8:5e:ad:5c:4a,6852,6,440,4,-47,S,5c:62:8b:66:67:d2"
1791497671.858,"B,37181,10,5c:62:8b:66:67:d2,16969,24,25160,33,-45,A,5c:62:8b:66:67:d2"
1791497671.858,"B,37181,10,72:3b:01:24:b7:c8,2600,12,16309,18,-43,S,5c:62:8b:66:67:d2"
1791497671.858,"B,37181,10,cc:b8:5e:ad:5c:4a,22560,21,660,6,-46,S,5c:62:8b:66:67:d2"
1791497672.059,"B,37281,10,5c:62:8b:66:67:d2,3769,8,2442,8,-45,A,5c:62:8b:66:67:d2"
1791497672.059,"B,37281,10,72:3b:01:24:b7:c8,590,5,3439,5,-43,S,5c:62:8b:66:67:d2"
1791497672.059,"B,37281,10,cc:b8:5e:ad:5c:4a,1852,3,330,3,-46,S,5c:62:8b:66:67:d2"
1791497672.059,"B,37381,10,5c:62:8b:66:67:d2,10256,15,11630,22,-45,A,5c:62:8b:66:67:d2"
1791497672.059,"B,37381,10,72:3b:01:24:b7:c8,1076,12,9926,12,-43,S,5c:62:8b:66:67:d2"
1791497672.059,"B,37381,10,cc:b8:5e:ad:5c:4a,10554,10,330,3,-46,S,5c:62:8b:66:67:d2"
1791497672.264,"B,37481,10,5c:62:8b:66:67:d2,10028,12,15422,20,-45,A,5c:62:8b:66:67:d2"
1791497672.264,"B,37481,10,72:3b:01:24:b7:c8,1374,8,9588,8,-43,S,5c:62:8b:66:67:d2"
1791497672.264,"B,37481,10,cc:b8:5e:ad:5c:4a,14048,12,440,4,-47,S,5c:62:8b:66:67:d2"
1791497672.264,"B,37581,10,5c:62:8b:66:67:d2,4874,7,4986,11,-45,A,5c:62:8b:66:67:d2"
1791497672.264,"B,37581,10,72:3b:01:24:b7:c8,304,5,4654,5,-43,S,5c:62:8b:66:67:d2"
1791497672.264,"B,37581,10,cc:b8:5e:ad:5c:4a,4682,6,220,2,-47,S,5c:62:8b:66:67:d2"
1791497672.264,"B,37581,10,64:d1:54:63:44:f4,91,1,0,0,-88,A,64:d1:54:63:44:f4"
1791497672.464,"B,37681,10,5c:62:8b:66:67:d2,6986,9,7126,14,-45,A,5c:62:8b:66:67:d2"
1791497672.464,"B,37681,10,72:3b:01:24:b7:c8,414,6,6656,6,-43,S,5c:62:8b:66:67:d2"
1791497672.464,"B,37681,10,b2:db:ca:e6:29:a6,28,1,0,0,-36,S,5c:62:8b:66:67:d2"
1791497672.464,"B,37681,10,cc:b8:5e:ad:5c:4a,6684,7,330,3,-47,S,5c:62:8b:66:67:d2"
1791497672.464,"B,37781,10,5c:62:8b:66:67:d2,21378,25,30912,41,-45,A,5c:62:8b:66:67:d2"
1791497672.464,"B,37781,10,72:3b:01:24:b7:c8,1046,11,20498,17,-43,S,5c:62:8b:66:67:d2"
1791497672.464,"B,37781,10,b2:db:ca:e6:29:a6,56,2,0,0,-38,S,5c:62:8b:66:67:d2"
1791497672.464,"B,37781,10,cc:b8:5e:ad:5c:4a,29810,28,880,8,-46,S,5c:62:8b:66:67:d2"
1791497672.464,"B,37781,10,78:8c:b5:f5:e7:26,80,1,0,0,-83,A,78:8c:b5:f5:e7:26"
1791497672.664,"B,37881,10,5c:62:8b:66:67:d2,3206,7,3264,12,-45,A,5c:62:8b:66:67:d2"
1791497672.664,"B,37881,10,72:3b:01:24:b7:c8,442,7,2766,3,-43,S,5c:62:8b:66:67:d2"
1791497672.664,"B,37881,10,b2:db:ca:e6:29:a6,56,2,0,0,-38,S,5c:62:8b:66:67:d2"
1791497672.664,"B,37881,10,cc:b8:5e:ad:5c:4a,2766,3,440,4,-47,S,5c:62:8b:66:67:d2"
1791497672.664,"B,37981,10,5c:62:8b:66:67:d2,13732,18,15964,24,-46,A,5c:62:8b:66:67:d2"
1791497672.664,"B,37981,10,72:3b:01:24:b7:c8,810,9,13182,13,-43,S,5c:62:8b:66:67:d2"
1791497672.664,"B,37981,10,b2:db:ca:e6:29:a6,28,1,0,0,-40,S,5c:62:8b:66:67:d2"
1791497672.664,"B,37981,10,cc:b8:5e:ad:5c:4a,15126,14,550,5,-46,S,5c:62:8b:66:67:d2"
1791497672.664,"B,38081,10,5c:62:8b:66:67:d2,13812,19,21040,32,-45,A,5c:62:8b:66:67:d2"
1791497672.664,"B,38081,10,72:3b:01:24:b7:c8,1168,12,13070,12,-43,S,5c:62:8b:66:67:d2"
1791497672.865,"B,38081,10,b2:db:ca:e6:29:a6,84,3,82,1,-41,S,5c:62:8b:66:67:d2"
1791497672.865,"B,38081,10,cc:b8:5e:ad:5c:4a,19788,17,660,6,-46,S,5c:62:8b:66:67:d2"
1791497672.865,"B,38181,10,5c:62:8b:66:67:d2,801,7,8891,18,-45,A,5c:62:8b:66:67:d2"
1791497672.865,"B,38181,10,72:3b:01:24:b7:c8,356,7,141,1,-43,S,5c:62:8b:66:67:d2"
1791497672.865,"B,38181,10,b2:db:ca:e6:29:a6,56,2,0,0,-38,S,5c:62:8b:66:67:d2"
1791497672.865,"B,38181,10,cc:b8:5e:ad:5c:4a,8479,9,660,6,-46,S,5c:62:8b:66:67:d2"
1791497672.865,"B,38281,10,5c:62:8b:66:67:d2,14118,17,11742,19,-45,A,5c:62:8b:66:67:d2"
1791497672.865,"B,38281,10,72:3b:01:24:b7:c8,688,7,13458,11,-42,S,5c:62:8b:66:67:d2"
1791497672.865,"B,38281,10,b2:db:ca:e6:29:a6,84,3,0,0,-38,S,5c:62:8b:66:67:d2"
1791497673.066,"B,38281,10,cc:b8:5e:ad:5c:4a,10970,9,660,6,-47,S,5c:62:8b:66:67:d2"
1791497673.066,"B,38281,10,80:af:ca:68:4c:f8,205,1,0,0,-85,A,80:af:ca:68:4c:f8"
1791497673.066,"B,38381,10,5c:62:8b:66:67:d2,14899,18,26638,32,-45,A,5c:62:8b:66:67:d2"
1791497673.066,"B,38381,10,72:3b:01:24:b7:c8,870,9,14240,12,-43,S,5c:62:8b:66:67:d2"
1791497673.066,"B,38381,10,cc:b8:5e:ad:5c:4a,25768,23,659,6,-46,S,5c:62:8b:66:67:d2"
1791497673.066,"B,38481,10,5c:62:8b:66:67:d2,475,4,6568,14,-45,A,5c:62:8b:66:67:d2"
1791497673.066,"B,38481,10,72:3b:01:24:b7:c8,520,7,145,1,-43,S,5c:62:8b:66:67:d2"
1791497673.066,"B,38481,10,cc:b8:5e:ad:5c:4a,6048,7,330,3,-47,S,5c:62:8b:66:67:d2"
1791497673.266,"B,38581,10,5c:62:8b:66:67:d2,13054,17,36242,39,-45,A,5c:62:8b:66:67:d2"
1791497673.266,"B,38581,10,72:3b:01:24:b7:c8,660,6,12394,11,-43,S,5c:62:8b:66:67:d2"
1791497673.266,"B,38581,10,b2:db:ca:e6:29:a6,84,3,0,0,-39,S,5c:62:8b:66:67:d2"
1791497673.266,"B,38581,10,cc:b8:5e:ad:5c:4a,35498,30,660,6,-46,S,5c:62:8b:66:67:d2"
1791497673.266,"B,38681,10,5c:62:8b:66:67:d2,8132,10,23714,31,-45,A,5c:62:8b:66:67:d2"
1791497673.266,"B,38681,10,72:3b:01:24:b7:c8,552,8,7692,6,-43,S,5c:62:8b:66:67:d2"
1791497673.266,"B,38681,10,b2:db:ca:e6:29:a6,56,2,0,0,-39,S,5c:62:8b:66:67:d2"
1791497673.266,"B,38681,10,cc:b8:5e:ad:5c:4a,23106,21,440,4,-46,S,5c:62:8b:66:67:d2"
1791497673.466,"B,38781,10,5c:62:8b:66:67:d2,2804,4,5516,10,-45,A,5c:62:8b:66:67:d2"
1791497673.466,"B,38781,10,72:3b:01:24:b7:c8,138,2,2694,3,-43,S,5c:62:8b:66:67:d2"
1791497673.466,"B,38781,10,b2:db:ca:e6:29:a6,56,2,0,0,-41,S,5c:62:8b:66:67:d2"
1791497673.466,"B,38781,10,cc:b8:5e:ad:5c:4a,5322,6,110,1,-47,S,5c:62:8b:66:67:d2"
1791497673.466,"B,38881,10,5c:62:8b:66:67:d2,116398,139,149170,165,-45,A,5c:62:8b:66:67:d2"
1791497673.466,"B,38881,10,72:3b:01:24:b7:c8,4586,41,110746,89,-43,S,5c:62:8b:66:67:d2"
1791497673.466,"B,38881,10,b2:db:ca:e6:29:a6,140,5,0,0,-38,S,5c:62:8b:66:67:d2"
1791497673.667,"B,38881,10,cc:b8:5e:ad:5c:4a,144444,119,5652,50,-46,S,5c:62:8b:66:67:d2"
1791497673.667,"B,38981,10,5c:62:8b:66:67:d2,32098,37,64770,72,-45,A,5c:62:8b:66:67:d2"
1791497673.667,"B,38981,10,72:3b:01:24:b7:c8,1350,16,30888,26,-43,S,5c:62:8b:66:67:d2"
1791497673.667,"B,38981,10,b2:db:ca:e6:29:a6,28,1,0,0,-39,S,5c:62:8b:66:67:d2"
1791497673.667,"B,38981,10,cc:b8:5e:ad:5c:4a,63392,55,1210,11,-46,S,5c:62:8b:66:67:d2"
1791497673.667,"B,39081,10,5c:62:8b:66:67:d2,13588,44,17143,47,-45,A,5c:62:8b:66:67:d2"
1791497673.867,"B,39081,10,72:3b:01:24:b7:c8,8437,39,9504,8,-42,S,5c:62:8b:66:67:d2"
1791497673.867,"B,39081,10,b2:db:ca:e6:29:a6,28,1,0,0,-36,S,5c:62:8b:66:67:d2"
1791497673.867,"B,39081,10,cc:b8:5e:ad:5c:4a,8678,7,4084,36,-47,S,5c:62:8b:66:67:d2"
1791497673.867,"B,39181,10,5c:62:8b:66:67:d2,8154,12,14562,22,-45,A,5c:62:8b:66:67:d2"
1791497673.867,"B,39181,10,72:3b:01:24:b7:c8,598,7,7824,9,-42,S,5c:62:8b:66:67:d2"
1791497673.867,"B,39181,10,b2:db:ca:e6:29:a6,56,2,0,0,-40,S,5c:62:8b:66:67:d2"
1791497673.867,"B,39181,10,cc:b8:5e:ad:5c:4a,13908,13,330,3,-46,S,5c:62:8b:66:67:d2"
1791497673.867,"B,39281,10,5c:62:8b:66:67:d2,1938,3,3820,9,-46,A,5c:62:8b:66:67:d2"
1791497673.867,"B,39281,10,72:3b:01:24:b7:c8,222,5,1828,2,-42,S,5c:62:8b:66:67:d2"
1791497674.068,"B,39281,10,b2:db:ca:e6:29:a6,28,1,0,0,-42,S,5c:62:8b:66:67:d2"
1791497674.068,"B,39281,10,cc:b8:5e:ad:5c:4a,3570,3,110,1,-48,S,5c:62:8b:66:67:d2"
1791497674.068,"B,39381,10,5c:62:8b:66:67:d2,18853,27,21572,31,-45,A,5c:62:8b:66:67:d2"
1791497674.068,"B,39381,10,72:3b:01:24:b7:c8,1250,11,17753,17,-44,S,5c:62:8b:66:67:d2"
1791497674.068,"B,39381,10,b2:db:ca:e6:29:a6,56,2,0,0,-40,S,5c:62:8b:66:67:d2"
1791497674.068,"B,39381,10,cc:b8:5e:ad:5c:4a,20266,18,1100,10,-47,S,5c:62:8b:66:67:d2"
1791497674.068,"B,39481,10,5c:62:8b:66:67:d2,2639,8,2992,7,-45,A,5c:62:8b:66:67:d2"
1791497674.068,"B,39481,10,72:3b:01:24:b7:c8,988,3,2089,3,-46,S,5c:62:8b:66:67:d2"
1791497674.068,"B,39481,10,b2:db:ca:e6:29:a6,28,1,0,0,-41,S,5c:62:8b:66:67:d2"
1791497674.068,"B,39481,10,cc:b8:5e:ad:5c:4a,1976,3,550,5,-49,S,5c:62:8b:66:67:d2"
1791497674.269,"B,39581,10,5c:62:8b:66:67:d2,4236,14,16514,31,-45,A,5c:62:8b:66:67:d2"
1791497674.269,"B,39581,10,72:3b:01:24:b7:c8,612,16,3026,3,-44,S,5c:62:8b:66:67:d2"
1791497674.269,"B,39581,10,b2:db:ca:e6:29:a6,28,1,0,0,-40,S,5c:62:8b:66:67:d2"
1791497674.269,"B,39581,10,cc:b8:5e:ad:5c:4a,15874,14,1210,11,-48,S,5c:62:8b:66:67:d2"
1791497674.269,"B,39681,10,5c:62:8b:66:67:d2,20854,49,16864,24,-45,A,5c:62:8b:66:67:d2"
1791497674.269,"B,39681,10,72:3b:01:24:b7:c8,1140,10,17224,16,-41,S,5c:62:8b:66:67:d2"
1791497674.269,"B,39681,10,cc:b8:5e:ad:5c:4a,15724,14,3630,33,-48,S,5c:62:8b:66:67:d2"
1791497674.470,"B,39781,10,5c:62:8b:66:67:d2,19204,32,27654,30,-45,A,5c:62:8b:66:67:d2"
1791497674.470,"B,39781,10,72:3b:01:24:b7:c8,770,7,17224,14,-42,S,5c:62:8b:66:67:d2"
1791497674.470,"B,39781,10,cc:b8:5e:ad:5c:4a,26884,23,1980,18,-47,S,5c:62:8b:66:67:d2"
1791497674.470,"B,39781,10,78:8c:b5:f5:e7:26,80,1,0,0,-85,A,78:8c:b5:f5:e7:26"
1791497674.470,"B,39881,10,5c:62:8b:66:67:d2,3388,6,9912,18,-46,A,5c:62:8b:66:67:d2"
1791497674.470,"B,39881,10,72:3b:01:24:b7:c8,416,9,3058,3,-42,S,5c:62:8b:66:67:d2"
1791497674.470,"B,39881,10,cc:b8:5e:ad:5c:4a,9496,9,330,3,-45,S,5c:62:8b:66:67:d2"
1791497674.671,"B,39981,10,5c:62:8b:66:67:d2,20464,30,23568,27,-46,A,5c:62:8b:66:67:d2"
1791497674.671,"B,39981,10,72:3b:01:24:b7:c8,880,8,18814,15,-39,S,5c:62:8b:66:67:d2"
1791497674.671,"B,39981,10,cc:b8:5e:ad:5c:4a,22688,19,1650,15,-46,S,5c:62:8b:66:67:d2"
1791497674.671,"B,40081,10,5c:62:8b:66:67:d2,4676,8,7667,14,-45,A,5c:62:8b:66:67:d2"
1791497674.671,"B,40081,10,72:3b:01:24:b7:c8,1975,8,4346,5,-39,S,5c:62:8b:66:67:d2"
1791497674.671,"B,40081,10,cc:b8:5e:ad:5c:4a,5692,6,330,3,-48,S,5c:62:8b:66:67:d2"
1791497674.872,"I,40089,stat,rx=21637,drops=0,ch=10,bin=100,hop=0,heap=203064"
1791497674.872,"B,40181,10,5c:62:8b:66:67:d2,11121,15,13790,22,-45,A,5c:62:8b:66:67:d2"
1791497674.872,"B,40181,10,72:3b:01:24:b7:c8,712,8,10571,10,-39,S,5c:62:8b:66:67:d2"
1791497674.872,"B,40181,10,b2:db:ca:e6:29:a6,56,2,0,0,-41,S,5c:62:8b:66:67:d2"
1791497674.872,"B,40181,10,cc:b8:5e:ad:5c:4a,13022,12,550,5,-48,S,5c:62:8b:66:67:d2"
1791497674.872,"B,40281,10,5c:62:8b:66:67:d2,2235,4,2436,7,-45,A,5c:62:8b:66:67:d2"
1791497674.872,"B,40281,10,72:3b:01:24:b7:c8,396,3,2125,3,-39,S,5c:62:8b:66:67:d2"
1791497674.872,"B,40281,10,b2:db:ca:e6:29:a6,28,1,0,0,-41,S,5c:62:8b:66:67:d2"
1791497674.872,"B,40281,10,cc:b8:5e:ad:5c:4a,2012,3,110,1,-47,S,5c:62:8b:66:67:d2"
1791497675.073,"B,40381,10,5c:62:8b:66:67:d2,3735,7,10474,21,-45,A,5c:62:8b:66:67:d2"
1791497675.073,"B,40381,10,72:3b:01:24:b7:c8,882,10,3515,5,-39,S,5c:62:8b:66:67:d2"
1791497675.073,"B,40381,10,b2:db:ca:e6:29:a6,56,2,0,0,-39,S,5c:62:8b:66:67:d2"
1791497675.073,"B,40381,10,cc:b8:5e:ad:5c:4a,9536,9,220,2,-46,S,5c:62:8b:66:67:d2"
1791497675.073,"B,40481,10,5c:62:8b:66:67:d2,19375,16,112,4,-45,A,5c:62:8b:66:67:d2"
1791497675.073,"B,40481,10,72:3b:01:24:b7:c8,56,2,19375,16,-39,S,5c:62:8b:66:67:d2"
1791497675.073,"B,40481,10,b2:db:ca:e6:29:a6,56,2,0,0,-39,S,5c:62:8b:66:67:d2"
1791497675.275,"B,40581,10,5c:62:8b:66:67:d2,27839,54,29298,46,-45,A,5c:62:8b:66:67:d2"
1791497675.275,"B,40581,10,72:3b:01:24:b7:c8,2284,20,25859,36,-39,S,5c:62:8b:66:67:d2"
1791497675.275,"B,40581,10,b2:db:ca:e6:29:a6,56,2,0,0,-40,S,5c:62:8b:66:67:d2"
1791497675.275,"B,40581,10,cc:b8:5e:ad:5c:4a,26958,24,1980,18,-46,S,5c:62:8b:66:67:d2"
1791497675.275,"B,40681,10,5c:62:8b:66:67:d2,3662,5,2824,10,-45,A,5c:62:8b:66:67:d2"
1791497675.275,"B,40681,10,72:3b:01:24:b7:c8,304,5,3442,3,-40,S,5c:62:8b:66:67:d2"
1791497675.275,"B,40681,10,b2:db:ca:e6:29:a6,56,2,0,0,-43,S,5c:62:8b:66:67:d2"
1791497675.275,"B,40681,10,cc:b8:5e:ad:5c:4a,2464,3,220,2,-47,S,5c:62:8b:66:67:d2"
1791497675.275,"B,40681,10,80:af:ca:68:4c:f8,84,1,0,0,-84,A,80:af:ca:68:4c:f8"
1791497675.477,"B,40781,10,5c:62:8b:66:67:d2,4204,6,10670,13,-45,A,5c:62:8b:66:67:d2"
1791497675.477,"B,40781,10,72:3b:01:24:b7:c8,276,4,3984,4,-40,S,5c:62:8b:66:67:d2"
1791497675.477,"B,40781,10,cc:b8:5e:ad:5c:4a,10394,9,220,2,-47,S,5c:62:8b:66:67:d2"
1791497675.477,"B,40881,10,5c:62:8b:66:67:d2,22154,27,14564,24,-45,A,5c:62:8b:66:67:d2"
1791497675.477,"B,40881,10,72:3b:01:24:b7:c8,1250,11,21168,18,-39,S,5c:62:8b:66:67:d2"
1791497675.477,"B,40881,10,b2:db:ca:e6:29:a6,56,2,0,0,-43,S,5c:62:8b:66:67:d2"
1791497675.477,"B,40881,10,cc:b8:5e:ad:5c:4a,13258,11,986,9,-47,S,5c:62:8b:66:67:d2"
1791497675.679,"B,40981,10,5c:62:8b:66:67:d2,5126,7,9748,21,-45,A,5c:62:8b:66:67:d2"
1791497675.679,"B,40981,10,72:3b:01:24:b7:c8,332,6,4906,5,-40,S,5c:62:8b:66:67:d2"
1791497675.679,"B,40981,10,b2:db:ca:e6:29:a6,56,2,0,0,-43,S,5c:62:8b:66:67:d2"
1791497675.679,"B,40981,10,cc:b8:5e:ad:5c:4a,9360,13,220,2,-43,S,5c:62:8b:66:67:d2"
1791497675.679,"B,41081,10,5c:62:8b:66:67:d2,0,0,10974,17,-48,A,5c:62:8b:66:67:d2"
1791497675.679,"B,41081,10,72:3b:01:24:b7:c8,606,5,0,0,-40,S,5c:62:8b:66:67:d2"
1791497675.679,"B,41081,10,b2:db:ca:e6:29:a6,84,3,0,0,-43,S,5c:62:8b:66:67:d2"
1791497675.679,"B,41081,10,cc:b8:5e:ad:5c:4a,10284,9,0,0,-46,S,5c:62:8b:66:67:d2"
1791497675.880,"M,41102,slot,4,0"
1791497675.880,"B,41181,10,5c:62:8b:66:67:d2,17952,23,34277,42,-45,A,5c:62:8b:66:67:d2"
1791497675.880,"B,41181,10,72:3b:01:24:b7:c8,1937,14,17182,16,-40,S,5c:62:8b:66:67:d2"
1791497675.880,"B,41181,10,b2:db:ca:e6:29:a6,28,1,0,0,-45,S,5c:62:8b:66:67:d2"
1791497675.880,"B,41181,10,cc:b8:5e:ad:5c:4a,32312,27,770,7,-46,S,5c:62:8b:66:67:d2"
1791497675.880,"B,41281,10,5c:62:8b:66:67:d2,22610,31,18570,28,-45,A,5c:62:8b:66:67:d2"
1791497675.880,"B,41281,10,72:3b:01:24:b7:c8,990,9,21180,18,-40,S,5c:62:8b:66:67:d2"
1791497675.880,"B,41281,10,b2:db:ca:e6:29:a6,56,2,0,0,-42,S,5c:62:8b:66:67:d2"
1791497675.880,"B,41281,10,cc:b8:5e:ad:5c:4a,17524,17,1430,13,-46,S,5c:62:8b:66:67:d2"
1791497676.083,"B,41381,10,5c:62:8b:66:67:d2,14779,18,27760,35,-45,A,5c:62:8b:66:67:d2"
1791497676.083,"B,41381,10,72:3b:01:24:b7:c8,1086,11,14229,13,-39,S,5c:62:8b:66:67:d2"
1791497676.083,"B,41381,10,b2:db:ca:e6:29:a6,56,2,0,0,-43,S,5c:62:8b:66:67:d2"
1791497676.083,"B,41381,10,cc:b8:5e:ad:5c:4a,26618,22,550,5,-46,S,5c:62:8b:66:67:d2"
1791497676.083,"B,41481,10,5c:62:8b:66:67:d2,2102,5,3822,11,-45,A,5c:62:8b:66:67:d2"
1791497676.083,"B,41481,10,72:3b:01:24:b7:c8,222,5,1772,2,-40,S,5c:62:8b:66:67:d2"
1791497676.083,"B,41481,10,b2:db:ca:e6:29:a6,56,2,0,0,-43,S,5c:62:8b:66:67:d2"
1791497676.083,"B,41481,10,cc:b8:5e:ad:5c:4a,3544,4,330,3,-47,S,5c:62:8b:66:67:d2"
1791497676.083,"B,41481,10,b0:a7:b9:23:82:ee,0,0,30,1,-85,A,b0:a7:b9:23:82:ee"
1791497676.083,"B,41481,10,f2:51:4e:f8:1a:7f,30,1,0,0,-93,S,b0:a7:b9:23:82:ee"
1791497676.288,"B,41581,10,5c:62:8b:66:67:d2,10446,13,10670,21,-45,A,5c:62:8b:66:67:d2"
1791497676.288,"B,41581,10,72:3b:01:24:b7:c8,580,9,10006,9,-40,S,5c:62:8b:66:67:d2"
1791497676.288,"B,41581,10,b2:db:ca:e6:29:a6,56,2,0,0,-42,S,5c:62:8b:66:67:d2"
1791497676.288,"B,41581,10,cc:b8:5e:ad:5c:4a,10034,10,440,4,-47,S,5c:62:8b:66:67:d2"
1791497676.288,"B,41681,10,5c:62:8b:66:67:d2,10550,15,10332,16,-45,A,5c:62:8b:66:67:d2"
1791497676.288,"B,41681,10,72:3b:01:24:b7:c8,496,6,9780,8,-40,S,5c:62:8b:66:67:d2"
1791497676.288,"B,41681,10,b2:db:ca:e6:29:a6,28,1,0,0,-44,S,5c:62:8b:66:67:d2"
1791497676.288,"B,41681,10,cc:b8:5e:ad:5c:4a,9808,9,770,7,-47,S,5c:62:8b:66:67:d2"
1791497676.492,"B,41781,10,5c:62:8b:66:67:d2,28804,36,40530,50,-45,A,5c:62:8b:66:67:d2"
1791497676.492,"B,41781,10,72:3b:01:24:b7:c8,1370,14,27408,24,-39,S,5c:62:8b:66:67:d2"
1791497676.492,"B,41781,10,b2:db:ca:e6:29:a6,28,1,0,0,-44,S,5c:62:8b:66:67:d2"
1791497676.492,"B,41781,10,cc:b8:5e:ad:5c:4a,39132,35,1396,12,-46,S,5c:62:8b:66:67:d2"
1791497676.492,"B,41881,10,5c:62:8b:66:67:d2,113518,137,135518,149,-45,A,5c:62:8b:66:67:d2"
1791497676.492,"B,41881,10,72:3b:01:24:b7:c8,4950,45,107688,84,-40,S,5c:62:8b:66:67:d2"
1791497676.492,"B,41881,10,b2:db:ca:e6:29:a6,28,1,0,0,-42,S,5c:62:8b:66:67:d2"
1791497676.492,"B,41881,10,cc:b8:5e:ad:5c:4a,130540,103,5830,53,-46,S,5c:62:8b:66:67:d2"
1791497676.697,"B,41981,10,5c:62:8b:66:67:d2,23198,31,25558,34,-45,A,5c:62:8b:66:67:d2"
1791497676.697,"B,41981,10,72:3b:01:24:b7:c8,1348,13,21768,18,-40,S,5c:62:8b:66:67:d2"
1791497676.697,"B,41981,10,cc:b8:5e:ad:5c:4a,24210,21,1430,13,-46,S,5c:62:8b:66:67:d2"
1791497676.697,"B,42081,10,5c:62:8b:66:67:d2,2516,6,5978,8,-45,A,5c:62:8b:66:67:d2"
1791497676.697,"B,42081,10,72:3b:01:24:b7:c8,3874,5,2076,2,-41,S,5c:62:8b:66:67:d2"
1791497676.697,"B,42081,10,cc:b8:5e:ad:5c:4a,2104,3,440,4,-44,S,5c:62:8b:66:67:d2"
1791497676.697,"B,42081,10,b0:a7:b9:23:82:ee,0,0,30,1,-87,A,b0:a7:b9:23:82:ee"
1791497676.697,"B,42081,10,f2:51:4e:f8:1a:7f,30,1,0,0,-92,S,b0:a7:b9:23:82:ee"
1791497676.898,"B,42181,10,5c:62:8b:66:67:d2,11705,17,13266,16,-45,A,5c:62:8b:66:67:d2"
1791497676.898,"B,42181,10,72:3b:01:24:b7:c8,546,5,11155,12,-41,S,5c:62:8b:66:67:d2"
1791497676.898,"B,42181,10,cc:b8:5e:ad:5c:4a,12720,11,550,5,-44,S,5c:62:8b:66:67:d2"
1791497676.898,"B,42281,10,5c:62:8b:66:67:d2,3846,3,6578,11,-45,A,5c:62:8b:66:67:d2"
1791497676.898,"B,42281,10,72:3b:01:24:b7:c8,168,6,3846,3,-40,S,5c:62:8b:66:67:d2"
1791497676.898,"B,42281,10,cc:b8:5e:ad:5c:4a,6410,5,0,0,-46,S,5c:62:8b:66:67:d2"
1791497677.103,"B,42381,10,5c:62:8b:66:67:d2,14153,29,10642,20,-45,A,5c:62:8b:66:67:d2"
1791497677.103,"B,42381,10,72:3b:01:24:b7:c8,1140,10,12393,13,-41,S,5c:62:8b:66:67:d2"
1791497677.103,"B,42381,10,cc:b8:5e:ad:5c:4a,9502,10,1760,16,-45,S,5c:62:8b:66:67:d2"
1791497677.103,"B,42481,10,5c:62:8b:66:67:d2,7604,10,12650,14,-45,A,5c:62:8b:66:67:d2"
1791497677.103,"B,42481,10,72:3b:01:24:b7:c8,330,3,7164,6,-39,S,5c:62:8b:66:67:d2"
1791497677.103,"B,42481,10,cc:b8:5e:ad:5c:4a,12320,11,440,4,-45,S,5c:62:8b:66:67:d2"
1791497677.307,"B,42581,10,5c:62:8b:66:67:d2,9610,15,15804,24,-45,A,5c:62:8b:66:67:d2"
1791497677.307,"B,42581,10,72:3b:01:24:b7:c8,636,11,8730,7,-40,S,5c:62:8b:66:67:d2"
1791497677.307,"B,42581,10,cc:b8:5e:ad:5c:4a,15168,13,880,8,-46,S,5c:62:8b:66:67:d2"
1791497677.307,"B,42681,10,5c:62:8b:66:67:d2,18936,26,14706,21,-45,A,5c:62:8b:66:67:d2"
1791497677.307,"B,42681,10,72:3b:01:24:b7:c8,908,9,17616,14,-40,S,5c:62:8b:66:67:d2"
1791497677.307,"B,42681,10,b2:db:ca:e6:29:a6,28,1,0,0,-43,S,5c:62:8b:66:67:d2"
1791497677.307,"B,42681,10,cc:b8:5e:ad:5c:4a,13770,11,1320,12,-46,S,5c:62:8b:66:67:d2"
1791497677.512,"B,42781,10,5c:62:8b:66:67:d2,5412,8,11798,18,-45,A,5c:62:8b:66:67:d2"
1791497677.512,"B,42781,10,72:3b:01:24:b7:c8,304,5,4972,4,-40,S,5c:62:8b:66:67:d2"
1791497677.512,"B,42781,10,b2:db:ca:e6:29:a6,84,3,0,0,-42,S,5c:62:8b:66:67:d2"
1791497677.512,"B,42781,10,cc:b8:5e:ad:5c:4a,11410,10,440,4,-46,S,5c:62:8b:66:67:d2"
1791497677.512,"B,42881,10,5c:62:8b:66:67:d2,11018,13,2416,13,-45,A,5c:62:8b:66:67:d2"
1791497677.512,"B,42881,10,72:3b:01:24:b7:c8,580,9,10578,9,-40,S,5c:62:8b:66:67:d2"
1791497677.512,"B,42881,10,b2:db:ca:e6:29:a6,28,1,0,0,-42,S,5c:62:8b:66:67:d2"
1791497677.512,"B,42881,10,cc:b8:5e:ad:5c:4a,1808,3,440,4,-47,S,5c:62:8b:66:67:d2"
1791497677.717,"B,42981,10,5c:62:8b:66:67:d2,10296,14,10380,17,-45,A,5c:62:8b:66:67:d2"
1791497677.717,"B,42981,10,72:3b:01:24:b7:c8,550,5,9746,9,-40,S,5c:62:8b:66:67:d2"
1791497677.717,"B,42981,10,b2:db:ca:e6:29:a6,56,2,0,0,-42,S,5c:62:8b:66:67:d2"
1791497677.717,"B,42981,10,cc:b8:5e:ad:5c:4a,9774,10,550,5,-46,S,5c:62:8b:66:67:d2"
1791497677.717,"B,43081,10,5c:62:8b:66:67:d2,0,0,8564,12,-49,A,5c:62:8b:66:67:d2"
1791497677.717,"B,43081,10,72:3b:01:24:b7:c8,2098,5,0,0,-40,S,5c:62:8b:66:67:d2"
1791497677.717,"B,43081,10,b2:db:ca:e6:29:a6,56,2,0,0,-42,S,5c:62:8b:66:67:d2"
1791497677.717,"B,43081,10,cc:b8:5e:ad:5c:4a,6410,5,0,0,-47,S,5c:62:8b:66:67:d2"
1791497677.922,"B,43181,10,5c:62:8b:66:67:d2,6987,10,9290,17,-45,A,5c:62:8b:66:67:d2"
1791497677.922,"B,43181,10,72:3b:01:24:b7:c8,438,7,6657,7,-39,S,5c:62:8b:66:67:d2"
1791497677.922,"B,43181,10,b2:db:ca:e6:29:a6,28,1,0,0,-42,S,5c:62:8b:66:67:d2"
1791497677.922,"B,43181,10,cc:b8:5e:ad:5c:4a,8824,9,330,3,-46,S,5c:62:8b:66:67:d2"
1791497677.922,"B,43281,10,5c:62:8b:66:67:d2,16644,20,8014,15,-45,A,5c:62:8b:66:67:d2"
1791497677.922,"B,43281,10,72:3b:01:24:b7:c8,770,7,15984,14,-40,S,5c:62:8b:66:67:d2"
1791497677.922,"B,43281,10,b2:db:ca:e6:29:a6,28,1,0,0,-42,S,5c:62:8b:66:67:d2"
1791497677.922,"B,43281,10,cc:b8:5e:ad:5c:4a,7216,7,660,6,-46,S,5c:62:8b:66:67:d2"
1791497678.123,"B,43381,10,5c:62:8b:66:67:d2,9794,13,22836,30,-45,A,5c:62:8b:66:67:d2"
1791497678.123,"B,43381,10,72:3b:01:24:b7:c8,816,10,9354,9,-39,S,5c:62:8b:66:67:d2"
1791497678.123,"B,43381,10,b2:db:ca:e6:29:a6,28,1,0,0,-42,S,5c:62:8b:66:67:d2"
1791497678.123,"B,43381,10,cc:b8:5e:ad:5c:4a,21992,19,440,4,-46,S,5c:62:8b:66:67:d2"
1791497678.123,"B,43481,10,5c:62:8b:66:67:d2,21674,26,14820,26,-45,A,5c:62:8b:66:67:d2"
1791497678.123,"B,43481,10,72:3b:01:24:b7:c8,1948,14,20794,18,-39,S,5c:62:8b:66:67:d2"
1791497678.123,"B,43481,10,b2:db:ca:e6:29:a6,56,2,0,0,-43,S,5c:62:8b:66:67:d2"
1791497678.123,"B,43481,10,cc:b8:5e:ad:5c:4a,12816,10,880,8,-47,S,5c:62:8b:66:67:d2"
1791497678.325,"B,43581,10,5c:62:8b:66:67:d2,5212,6,20628,24,-45,A,5c:62:8b:66:67:d2"
1791497678.325,"B,43581,10,72:3b:01:24:b7:c8,304,5,4992,4,-39,S,5c:62:8b:66:67:d2"
1791497678.325,"B,43581,10,b2:db:ca:e6:29:a6,56,2,0,0,-44,S,5c:62:8b:66:67:d2"
1791497678.325,"B,43581,10,cc:b8:5e:ad:5c:4a,20268,17,220,2,-46,S,5c:62:8b:66:67:d2"
1791497678.325,"B,43681,10,5c:62:8b:66:67:d2,8838,11,9202,24,-45,A,5c:62:8b:66:67:d2"
1791497678.325,"B,43681,10,72:3b:01:24:b7:c8,720,14,8398,7,-39,S,5c:62:8b:66:67:d2"
1791497678.325,"B,43681,10,b2:db:ca:e6:29:a6,56,2,0,0,-43,S,5c:62:8b:66:67:d2"
1791497678.325,"B,43681,10,cc:b8:5e:ad:5c:4a,8426,8,440,4,-47,S,5c:62:8b:66:67:d2"
1791497678.325,"B,43681,10,78:8c:b5:f5:e7:26,80,1,0,0,-81,A,78:8c:b5:f5:e7:26"
1791497678.530,"B,43781,10,5c:62:8b:66:67:d2,25810,33,24364,32,-45,A,5c:62:8b:66:67:d2"
1791497678.530,"B,43781,10,72:3b:01:24:b7:c8,1100,10,24490,21,-40,S,5c:62:8b:66:67:d2"
1791497678.530,"B,43781,10,b2:db:ca:e6:29:a6,28,1,0,0,-42,S,5c:62:8b:66:67:d2"
1791497678.530,"B,43781,10,cc:b8:5e:ad:5c:4a,23236,21,1320,12,-47,S,5c:62:8b:66:67:d2"
1791497678.530,"B,43881,10,5c:62:8b:66:67:d2,7676,10,12432,17,-45,A,5c:62:8b:66:67:d2"
1791497678.530,"B,43881,10,72:3b:01:24:b7:c8,440,4,7236,6,-40,S,5c:62:8b:66:67:d2"
1791497678.530,"B,43881,10,b2:db:ca:e6:29:a6,56,2,0,0,-42,S,5c:62:8b:66:67:d2"
1791497678.530,"B,43881,10,cc:b8:5e:ad:5c:4a,11936,11,440,4,-46,S,5c:62:8b:66:67:d2"
1791497678.733,"B,43981,10,5c:62:8b:66:67:d2,1847,4,5388,15,-45,A,5c:62:8b:66:67:d2"
1791497678.733,"B,43981,10,72:3b:01:24:b7:c8,514,8,1737,3,-40,S,5c:62:8b:66:67:d2"
1791497678.733,"B,43981,10,b2:db:ca:e6:29:a6,28,1,0,0,-42,S,5c:62:8b:66:67:d2"
1791497678.733,"B,43981,10,cc:b8:5e:ad:5c:4a,4846,6,110,1,-45,S,5c:62:8b:66:67:d2"
1791497678.733,"B,44081,10,5c:62:8b:66:67:d2,10619,14,8532,12,-45,A,5c:62:8b:66:67:d2"
1791497678.733,"B,44081,10,72:3b:01:24:b7:c8,1776,6,10179,10,-40,S,5c:62:8b:66:67:d2"
1791497678.733,"B,44081,10,cc:b8:5e:ad:5c:4a,6756,6,440,4,-47,S,5c:62:8b:66:67:d2"
1791497678.733,"B,44081,10,80:af:ca:68:4c:f8,104,1,0,0,-83,A,80:af:ca:68:4c:f8"
1791497678.934,"B,44181,10,5c:62:8b:66:67:d2,19413,23,19406,24,-45,A,5c:62:8b:66:67:d2"
1791497678.934,"B,44181,10,72:3b:01:24:b7:c8,876,8,18643,16,-39,S,5c:62:8b:66:67:d2"
1791497678.934,"B,44181,10,cc:b8:5e:ad:5c:4a,18530,16,770,7,-46,S,5c:62:8b:66:67:d2"
1791497678.934,"B,44281,10,5c:62:8b:66:67:d2,9272,24,9122,18,-46,A,5c:62:8b:66:67:d2"
1791497678.934,"B,44281,10,72:3b:01:24:b7:c8,498,9,8942,21,-40,S,5c:62:8b:66:67:d2"
1791497678.934,"B,44281,10,cc:b8:5e:ad:5c:4a,8624,9,330,3,-46,S,5c:62:8b:66:67:d2"
1791497679.137,"B,44381,10,5c:62:8b:66:67:d2,24279,30,13868,23,-44,A,5c:62:8b:66:67:d2"
1791497679.137,"B,44381,10,72:3b:01:24:b7:c8,1384,12,23261,21,-40,S,5c:62:8b:66:67:d2"
1791497679.137,"B,44381,10,cc:b8:5e:ad:5c:4a,12484,11,1018,9,-46,S,5c:62:8b:66:67:d2"
1791497679.137,"B,44381,10,b0:a7:b9:23:82:ee,0,0,30,1,-86,A,b0:a7:b9:23:82:ee"
1791497679.137,"B,44381,10,f2:51:4e:f8:1a:7f,30,1,0,0,-90,S,b0:a7:b9:23:82:ee"
1791497679.137,"B,44481,10,5c:62:8b:66:67:d2,16636,22,31940,37,-45,A,5c:62:8b:66:67:d2"
1791497679.137,"B,44481,10,72:3b:01:24:b7:c8,882,11,15646,13,-40,S,5c:62:8b:66:67:d2"
1791497679.137,"B,44481,10,cc:b8:5e:ad:5c:4a,31058,26,990,9,-46,S,5c:62:8b:66:67:d2"
1791497679.341,"B,44581,10,5c:62:8b:66:67:d2,2312,4,7652,12,-45,A,5c:62:8b:66:67:d2"
1791497679.341,"B,44581,10,72:3b:01:24:b7:c8,166,3,2092,2,-40,S,5c:62:8b:66:67:d2"
1791497679.341,"B,44581,10,b2:db:ca:e6:29:a6,56,2,0,0,-42,S,5c:62:8b:66:67:d2"
1791497679.341,"B,44581,10,cc:b8:5e:ad:5c:4a,7430,7,220,2,-47,S,5c:62:8b:66:67:d2"
1791497679.341,"B,44681,10,5c:62:8b:66:67:d2,15660,28,19892,23,-45,A,5c:62:8b:66:67:d2"
1791497679.341,"B,44681,10,72:3b:01:24:b7:c8,434,4,13858,13,-40,S,5c:62:8b:66:67:d2"
1791497679.341,"B,44681,10,b2:db:ca:e6:29:a6,28,1,0,0,-43,S,5c:62:8b:66:67:d2"
1791497679.341,"B,44681,10,cc:b8:5e:ad:5c:4a,19430,18,1802,15,-46,S,5c:62:8b:66:67:d2"
1791497679.546,"B,44781,10,5c:62:8b:66:67:d2,18936,22,20310,31,-45,A,5c:62:8b:66:67:d2"
1791497679.546,"B,44781,10,72:3b:01:24:b7:c8,526,10,18166,15,-40,S,5c:62:8b:66:67:d2"
1791497679.546,"B,44781,10,b2:db:ca:e6:29:a6,56,2,0,0,-43,S,5c:62:8b:66:67:d2"
1791497679.546,"B,44781,10,cc:b8:5e:ad:5c:4a,19728,19,770,7,-46,S,5c:62:8b:66:67:d2"
1791497679.546,"B,44881,10,5c:62:8b:66:67:d2,0,0,56,2,-48,A,5c:62:8b:66:67:d2"
1791497679.546,"B,44881,10,b2:db:ca:e6:29:a6,56,2,0,0,-42,S,5c:62:8b:66:67:d2"
1791497679.748,"B,44981,10,5c:62:8b:66:67:d2,54266,67,77052,84,-45,A,5c:62:8b:66:67:d2"
1791497679.748,"B,44981,10,72:3b:01:24:b7:c8,2668,25,51406,41,-40,S,5c:62:8b:66:67:d2"
1791497679.748,"B,44981,10,cc:b8:5e:ad:5c:4a,74384,59,2860,26,-46,S,5c:62:8b:66:67:d2"
1791497679.748,"B,45081,10,5c:62:8b:66:67:d2,142978,161,140053,159,-45,A,5c:62:8b:66:67:d2"
1791497679.748,"B,45081,10,72:3b:01:24:b7:c8,10293,52,137368,110,-39,S,5c:62:8b:66:67:d2"
1791497679.748,"B,45081,10,b2:db:ca:e6:29:a6,56,2,0,0,-42,S,5c:62:8b:66:67:d2"
1791497679.748,"B,45081,10,cc:b8:5e:ad:5c:4a,129704,105,5610,51,-46,S,5c:62:8b:66:67:d2"
1791497679.748,"I,45089,stat,rx=24310,drops=0,ch=10,bin=100,hop=0,heap=202840"
1791497679.952,"B,45181,10,5c:62:8b:66:67:d2,3343,8,328,6,-45,A,5c:62:8b:66:67:d2"
1791497679.952,"B,45181,10,72:3b:01:24:b7:c8,272,4,3233,7,-40,S,5c:62:8b:66:67:d2"
1791497679.952,"B,45181,10,b2:db:ca:e6:29:a6,56,2,0,0,-42,S,5c:62:8b:66:67:d2"
1791497679.952,"B,45181,10,cc:b8:5e:ad:5c:4a,0,0,110,1,0,S,5c:62:8b:66:67:d2"
1791497679.952,"B,45281,10,5c:62:8b:66:67:d2,9852,12,9314,15,-45,A,5c:62:8b:66:67:d2"
1791497679.952,"B,45281,10,72:3b:01:24:b7:c8,468,5,9412,8,-38,S,5c:62:8b:66:67:d2"
1791497679.952,"B,45281,10,b2:db:ca:e6:29:a6,84,3,0,0,-43,S,5c:62:8b:66:67:d2"
1791497679.952,"B,45281,10,cc:b8:5e:ad:5c:4a,8762,7,440,4,-47,S,5c:62:8b:66:67:d2"
1791497680.153,"B,45381,10,5c:62:8b:66:67:d2,21697,25,25730,35,-45,A,5c:62:8b:66:67:d2"
1791497680.153,"B,45381,10,72:3b:01:24:b7:c8,1118,12,21037,19,-39,S,5c:62:8b:66:67:d2"
1791497680.153,"B,45381,10,b2:db:ca:e6:29:a6,56,2,0,0,-42,S,5c:62:8b:66:67:d2"
1791497680.153,"B,45381,10,cc:b8:5e:ad:5c:4a,24556,21,660,6,-46,S,5c:62:8b:66:67:d2"
1791497680.153,"B,45381,10,78:8c:b5:f5:e7:26,80,1,0,0,-79,A,78:8c:b5:f5:e7:26"
1791497680.153,"B,45481,10,5c:62:8b:66:67:d2,4724,8,10190,19,-45,A,5c:62:8b:66:67:d2"
1791497680.153,"B,45481,10,72:3b:01:24:b7:c8,520,7,4312,4,-38,S,5c:62:8b:66:67:d2"
1791497680.153,"B,45481,10,b2:db:ca:e6:29:a6,56,2,82,1,-41,S,5c:62:8b:66:67:d2"
1791497680.153,"B,45481,10,cc:b8:5e:ad:5c:4a,9614,10,330,3,-46,S,5c:62:8b:66:67:d2"
1791497680.357,"B,45581,10,5c:62:8b:66:67:d2,5384,6,4374,16,-45,A,5c:62:8b:66:67:d2"
1791497680.357,"B,45581,10,72:3b:01:24:b7:c8,472,11,5274,5,-40,S,5c:62:8b:66:67:d2"
1791497680.357,"B,45581,10,b2:db:ca:e6:29:a6,56,2,0,0,-42,S,5c:62:8b:66:67:d2"
1791497680.357,"B,45581,10,cc:b8:5e:ad:5c:4a,3846,3,110,1,-47,S,5c:62:8b:66:67:d2"
1791497680.357,"B,45681,10,5c:62:8b:66:67:d2,12568,18,16258,25,-45,A,5c:62:8b:66:67:d2"
1791497680.357,"B,45681,10,72:3b:01:24:b7:c8,688,7,11798,11,-40,S,5c:62:8b:66:67:d2"
1791497680.357,"B,45681,10,b2:db:ca:e6:29:a6,56,2,0,0,-44,S,5c:62:8b:66:67:d2"
1791497680.357,"B,45681,10,cc:b8:5e:ad:5c:4a,15514,16,770,7,-45,S,5c:62:8b:66:67:d2"
1791497680.357,"B,45681,10,b0:a7:b9:23:82:ee,0,0,82,1,0,A,b0:a7:b9:23:82:ee"
1791497680.357,"B,45681,10,f2:51:4e:f8:1a:7f,82,1,0,0,-87,S,b0:a7:b9:23:82:ee"
1791497680.561,"B,45781,10,5c:62:8b:66:67:d2,1502,3,9672,14,-46,A,5c:62:8b:66:67:d2"
1791497680.561,"B,45781,10,72:3b:01:24:b7:c8,248,3,1282,1,-40,S,5c:62:8b:66:67:d2"
1791497680.561,"B,45781,10,b2:db:ca:e6:29:a6,56,2,0,0,-43,S,5c:62:8b:66:67:d2"
1791497680.561,"B,45781,10,cc:b8:5e:ad:5c:4a,9368,9,220,2,-46,S,5c:62:8b:66:67:d2"
1791497680.561,"B,45881,10,5c:62:8b:66:67:d2,6630,7,416,9,-45,A,5c:62:8b:66:67:d2"
1791497680.561,"B,45881,10,72:3b:01:24:b7:c8,360,7,6410,5,-40,S,5c:62:8b:66:67:d2"
1791497680.561,"B,45881,10,b2:db:ca:e6:29:a6,28,1,0,0,-43,S,5c:62:8b:66:67:d2"
1791497680.561,"B,45881,10,cc:b8:5e:ad:5c:4a,28,1,220,2,-47,S,5c:62:8b:66:67:d2"
1791497680.762,"B,45981,10,5c:62:8b:66:67:d2,12142,17,28736,38,-45,A,5c:62:8b:66:67:d2"
1791497680.762,"B,45981,10,72:3b:01:24:b7:c8,688,7,11482,11,-39,S,5c:62:8b:66:67:d2"
1791497680.762,"B,45981,10,b2:db:ca:e6:29:a6,84,3,0,0,-42,S,5c:62:8b:66:67:d2"
1791497680.762,"B,45981,10,cc:b8:5e:ad:5c:4a,27964,28,660,6,-46,S,5c:62:8b:66:67:d2"
1791497680.762,"B,45981,10,b0:a7:b9:23:82:ee,0,0,30,1,-90,A,b0:a7:b9:23:82:ee"
1791497680.762,"B,45981,10,f2:51:4e:f8:1a:7f,30,1,0,0,-89,S,b0:a7:b9:23:82:ee"
1791497680.762,"B,46081,10,5c:62:8b:66:67:d2,1282,1,12880,14,-47,A,5c:62:8b:66:67:d2"
1791497680.762,"B,46081,10,72:3b:01:24:b7:c8,1286,3,1282,1,-40,S,5c:62:8b:66:67:d2"
1791497680.762,"B,46081,10,b2:db:ca:e6:29:a6,28,1,0,0,-43,S,5c:62:8b:66:67:d2"
1791497680.762,"B,46081,10,cc:b8:5e:ad:5c:4a,11566,10,0,0,-45,S,5c:62:8b:66:67:d2"
1791497680.762,"M,46176,slot,5,1"
1791497680.962,"B,46181,10,5c:62:8b:66:67:d2,22027,26,39622,47,-45,A,5c:62:8b:66:67:d2"
1791497680.962,"B,46181,10,72:3b:01:24:b7:c8,1070,12,21257,19,-39,S,5c:62:8b:66:67:d2"
1791497680.962,"B,46181,10,cc:b8:5e:ad:5c:4a,38552,35,770,7,-45,S,5c:62:8b:66:67:d2"
1791497680.962,"B,46281,10,5c:62:8b:66:67:d2,20432,26,33032,34,-45,A,5c:62:8b:66:67:d2"
1791497680.962,"B,46281,10,72:3b:01:24:b7:c8,880,8,19332,16,-39,S,5c:62:8b:66:67:d2"
1791497680.962,"B,46281,10,cc:b8:5e:ad:5c:4a,32152,26,1100,10,-47,S,5c:62:8b:66:67:d2"
1791497681.162,"B,46381,10,5c:62:8b:66:67:d2,5154,7,21178,25,-45,A,5c:62:8b:66:67:d2"
1791497681.162,"B,46381,10,72:3b:01:24:b7:c8,540,6,4934,5,-40,S,5c:62:8b:66:67:d2"
1791497681.162,"B,46381,10,cc:b8:5e:ad:5c:4a,20638,19,220,2,-46,S,5c:62:8b:66:67:d2"
1791497681.162,"B,46481,10,5c:62:8b:66:67:d2,8417,11,14368,22,-45,A,5c:62:8b:66:67:d2"
1791497681.162,"B,46481,10,72:3b:01:24:b7:c8,520,7,8087,8,-40,S,5c:62:8b:66:67:d2"
1791497681.162,"B,46481,10,cc:b8:5e:ad:5c:4a,13848,15,330,3,-46,S,5c:62:8b:66:67:d2"
1791497681.364,"B,46581,10,5c:62:8b:66:67:d2,22982,27,30510,34,-45,A,5c:62:8b:66:67:d2"
1791497681.364,"B,46581,10,72:3b:01:24:b7:c8,990,9,21992,18,-40,S,5c:62:8b:66:67:d2"
1791497681.364,"B,46581,10,cc:b8:5e:ad:5c:4a,29520,25,990,9,-46,S,5c:62:8b:66:67:d2"
1791497681.364,"B,46681,10,5c:62:8b:66:67:d2,0,0,5212,7,-49,A,5c:62:8b:66:67:d2"
1791497681.364,"B,46681,10,72:3b:01:24:b7:c8,56,2,0,0,-41,S,5c:62:8b:66:67:d2"
1791497681.364,"B,46681,10,cc:b8:5e:ad:5c:4a,5156,5,0,0,-46,S,5c:62:8b:66:67:d2"
1791497681.564,"B,46781,10,5c:62:8b:66:67:d2,14324,20,16772,27,-45,A,5c:62:8b:66:67:d2"
1791497681.564,"B,46781,10,72:3b:01:24:b7:c8,772,10,13444,12,-39,S,5c:62:8b:66:67:d2"
1791497681.564,"B,46781,10,cc:b8:5e:ad:5c:4a,16000,17,880,8,-47,S,5c:62:8b:66:67:d2"
1791497681.564,"B,46881,10,5c:62:8b:66:67:d2,0,0,18032,17,-50,A,5c:62:8b:66:67:d2"
1791497681.564,"B,46881,10,72:3b:01:24:b7:c8,84,3,0,0,-40,S,5c:62:8b:66:67:d2"
1791497681.564,"B,46881,10,cc:b8:5e:ad:5c:4a,17948,14,0,0,-45,S,5c:62:8b:66:67:d2"
1791497681.564,"B,46981,10,5c:62:8b:66:67:d2,20670,25,33098,41,-45,A,5c:62:8b:66:67:d2"
1791497681.564,"B,46981,10,72:3b:01:24:b7:c8,528,13,19900,18,-40,S,5c:62:8b:66:67:d2"
1791497681.765,"B,46981,10,cc:b8:5e:ad:5c:4a,32570,28,770,7,-47,S,5c:62:8b:66:67:d2"
1791497681.765,"B,47081,10,5c:62:8b:66:67:d2,21832,24,14915,20,-45,A,5c:62:8b:66:67:d2"
1791497681.765,"B,47081,10,72:3b:01:24:b7:c8,2767,9,21062,17,-39,S,5c:62:8b:66:67:d2"
1791497681.765,"B,47081,10,cc:b8:5e:ad:5c:4a,12148,11,770,7,-47,S,5c:62:8b:66:67:d2"
1791497681.765,"B,47181,10,5c:62:8b:66:67:d2,13411,18,19360,27,-45,A,5c:62:8b:66:67:d2"
1791497681.966,"B,47181,10,72:3b:01:24:b7:c8,766,7,12861,13,-40,S,5c:62:8b:66:67:d2"
1791497681.966,"B,47181,10,cc:b8:5e:ad:5c:4a,18594,20,550,5,-45,S,5c:62:8b:66:67:d2"
1791497681.966,"B,47281,10,5c:62:8b:66:67:d2,110,1,2044,9,-46,A,5c:62:8b:66:67:d2"
1791497681.966,"B,47281,10,72:3b:01:24:b7:c8,140,5,0,0,-39,S,5c:62:8b:66:67:d2"
1791497681.966,"B,47281,10,b2:db:ca:e6:29:a6,56,2,0,0,-42,S,5c:62:8b:66:67:d2"
1791497681.966,"B,47281,10,cc:b8:5e:ad:5c:4a,1848,2,110,1,-47,S,5c:62:8b:66:67:d2"
1791497682.167,"B,47381,10,5c:62:8b:66:67:d2,12153,19,10156,18,-45,A,5c:62:8b:66:67:d2"
1791497682.167,"B,47381,10,72:3b:01:24:b7:c8,920,8,11383,12,-39,S,5c:62:8b:66:67:d2"
1791497682.167,"B,47381,10,b2:db:ca:e6:29:a6,28,1,0,0,-43,S,5c:62:8b:66:67:d2"
1791497682.167,"B,47381,10,cc:b8:5e:ad:5c:4a,9208,9,770,7,-46,S,5c:62:8b:66:67:d2"
1791497682.167,"B,47481,10,5c:62:8b:66:67:d2,9568,12,9624,14,-45,A,5c:62:8b:66:67:d2"
1791497682.167,"B,47481,10,72:3b:01:24:b7:c8,440,4,9128,8,-40,S,5c:62:8b:66:67:d2"
1791497682.167,"B,47481,10,b2:db:ca:e6:29:a6,28,1,0,0,-43,S,5c:62:8b:66:67:d2"
1791497682.167,"B,47481,10,cc:b8:5e:ad:5c:4a,9156,9,440,4,-46,S,5c:62:8b:66:67:d2"
1791497682.167,"B,47581,10,5c:62:8b:66:67:d2,15864,20,34884,52,-45,A,5c:62:8b:66:67:d2"
1791497682.167,"B,47581,10,72:3b:01:24:b7:c8,1154,18,15018,13,-40,S,5c:62:8b:66:67:d2"
1791497682.167,"B,47581,10,b2:db:ca:e6:29:a6,56,2,0,0,-43,S,5c:62:8b:66:67:d2"
1791497682.167,"B,47581,10,cc:b8:5e:ad:5c:4a,33674,32,846,7,-46,S,5c:62:8b:66:67:d2"
1791497682.367,"B,47681,10,5c:62:8b:66:67:d2,8472,10,6176,13,-45,A,5c:62:8b:66:67:d2"
1791497682.367,"B,47681,10,72:3b:01:24:b7:c8,442,7,8142,7,-39,S,5c:62:8b:66:67:d2"
1791497682.367,"B,47681,10,b2:db:ca:e6:29:a6,28,1,0,0,-43,S,5c:62:8b:66:67:d2"
1791497682.367,"B,47681,10,cc:b8:5e:ad:5c:4a,5706,5,330,3,-47,S,5c:62:8b:66:67:d2"
1791497682.367,"B,47681,10,80:af:ca:68:4c:f8,84,1,0,0,-84,A,80:af:ca:68:4c:f8"
1791497682.367,"B,47781,10,5c:62:8b:66:67:d2,14730,19,21380,29,-45,A,5c:62:8b:66:67:d2"
1791497682.367,"B,47781,10,72:3b:01:24:b7:c8,716,8,13960,12,-40,S,5c:62:8b:66:67:d2"
1791497682.367,"B,47781,10,b2:db:ca:e6:29:a6,56,2,0,0,-43,S,5c:62:8b:66:67:d2"
1791497682.367,"B,47781,10,cc:b8:5e:ad:5c:4a,20608,19,770,7,-46,S,5c:62:8b:66:67:d2"
1791497682.568,"B,47881,10,5c:62:8b:66:67:d2,33260,36,35910,44,-45,A,5c:62:8b:66:67:d2"
1791497682.568,"B,47881,10,72:3b:01:24:b7:c8,1212,14,32050,25,-39,S,5c:62:8b:66:67:d2"
1791497682.568,"B,47881,10,b2:db:ca:e6:29:a6,56,2,0,0,-42,S,5c:62:8b:66:67:d2"
1791497682.568,"B,47881,10,cc:b8:5e:ad:5c:4a,34642,28,1210,11,-47,S,5c:62:8b:66:67:d2"
1791497682.568,"B,47981,10,5c:62:8b:66:67:d2,12820,10,2824,6,-45,A,5c:62:8b:66:67:d2"
1791497682.568,"B,47981,10,72:3b:01:24:b7:c8,204,2,12820,10,-40,S,5c:62:8b:66:67:d2"
1791497682.568,"B,47981,10,b2:db:ca:e6:29:a6,56,2,0,0,-43,S,5c:62:8b:66:67:d2"
1791497682.568,"B,47981,10,cc:b8:5e:ad:5c:4a,2564,2,0,0,-47,S,5c:62:8b:66:67:d2"
1791497682.769,"B,48081,10,5c:62:8b:66:67:d2,354,3,1532,7,-45,A,5c:62:8b:66:67:d2"
1791497682.769,"B,48081,10,72:3b:01:24:b7:c8,166,3,244,2,-40,S,5c:62:8b:66:67:d2"
1791497682.769,"B,48081,10,b2:db:ca:e6:29:a6,56,2,0,0,-42,S,5c:62:8b:66:67:d2"
1791497682.769,"B,48081,10,cc:b8:5e:ad:5c:4a,1310,2,110,1,-47,S,5c:62:8b:66:67:d2"
1791497682.769,"B,48181,10,5c:62:8b:66:67:d2,14986,29,27974,45,-45,A,5c:62:8b:66:67:d2"
1791497682.769,"B,48181,10,72:3b:01:24:b7:c8,2278,23,12820,10,-39,S,5c:62:8b:66:67:d2"
1791497682.769,"B,48181,10,b2:db:ca:e6:29:a6,28,1,0,0,-42,S,5c:62:8b:66:67:d2"
1791497682.769,"B,48181,10,cc:b8:5e:ad:5c:4a,25668,21,2166,19,-47,S,5c:62:8b:66:67:d2"
1791497682.970,"B,48281,10,5c:62:8b:66:67:d2,36064,40,28590,39,-45,A,5c:62:8b:66:67:d2"
1791497682.970,"B,48281,10,72:3b:01:24:b7:c8,1584,15,34614,27,-39,S,5c:62:8b:66:67:d2"
1791497682.970,"B,48281,10,b2:db:ca:e6:29:a6,56,2,0,0,-42,S,5c:62:8b:66:67:d2"
1791497682.970,"B,48281,10,cc:b8:5e:ad:5c:4a,26950,22,1450,13,-46,S,5c:62:8b:66:67:d2"
1791497682.970,"B,48381,10,5c:62:8b:66:67:d2,116314,133,140722,156,-45,A,5c:62:8b:66:67:d2"
1791497682.970,"B,48381,10,72:3b:01:24:b7:c8,4786,45,111584,90,-39,S,5c:62:8b:66:67:d2"
1791497682.970,"B,48381,10,b2:db:ca:e6:29:a6,28,1,0,0,-42,S,5c:62:8b:66:67:d2"
1791497682.970,"B,48381,10,cc:b8:5e:ad:5c:4a,135908,110,4730,43,-46,S,5c:62:8b:66:67:d2"
1791497683.170,"B,48481,10,5c:62:8b:66:67:d2,14022,19,4458,12,-45,A,5c:62:8b:66:67:d2"
1791497683.170,"B,48481,10,72:3b:01:24:b7:c8,744,9,13142,11,-40,S,5c:62:8b:66:67:d2"
1791497683.170,"B,48481,10,cc:b8:5e:ad:5c:4a,3714,3,880,8,-47,S,5c:62:8b:66:67:d2"
1791497683.170,"B,48581,10,5c:62:8b:66:67:d2,15544,18,17124,22,-45,A,5c:62:8b:66:67:d2"
1791497683.170,"B,48581,10,72:3b:01:24:b7:c8,688,7,14994,13,-40,S,5c:62:8b:66:67:d2"
1791497683.170,"B,48581,10,cc:b8:5e:ad:5c:4a,16436,15,550,5,-46,S,5c:62:8b:66:67:d2"
1791497683.372,"B,48681,10,5c:62:8b:66:67:d2,1810,3,7050,14,-45,A,5c:62:8b:66:67:d2"
1791497683.372,"B,48681,10,72:3b:01:24:b7:c8,222,5,1700,2,-40,S,5c:62:8b:66:67:d2"
1791497683.372,"B,48681,10,cc:b8:5e:ad:5c:4a,6828,9,110,1,-46,S,5c:62:8b:66:67:d2"
1791497683.372,"B,48781,10,5c:62:8b:66:67:d2,4524,6,8510,14,-45,A,5c:62:8b:66:67:d2"
1791497683.372,"B,48781,10,72:3b:01:24:b7:c8,276,4,4304,4,-40,S,5c:62:8b:66:67:d2"
1791497683.372,"B,48781,10,b2:db:ca:e6:29:a6,28,1,0,0,-42,S,5c:62:8b:66:67:d2"
1791497683.372,"B,48781,10,cc:b8:5e:ad:5c:4a,8206,9,220,2,-46,S,5c:62:8b:66:67:d2"
1791497683.573,"B,48881,10,5c:62:8b:66:67:d2,5608,8,10998,17,-45,A,5c:62:8b:66:67:d2"
1791497683.573,"B,48881,10,72:3b:01:24:b7:c8,386,5,5278,5,-40,S,5c:62:8b:66:67:d2"
1791497683.573,"B,48881,10,b2:db:ca:e6:29:a6,56,2,0,0,-42,S,5c:62:8b:66:67:d2"
1791497683.573,"B,48881,10,cc:b8:5e:ad:5c:4a,10556,10,330,3,-46,S,5c:62:8b:66:67:d2"
1791497683.573,"B,48981,10,5c:62:8b:66:67:d2,1502,3,9378,14,-45,A,5c:62:8b:66:67:d2"
1791497683.573,"B,48981,10,72:3b:01:24:b7:c8,166,3,1282,1,-40,S,5c:62:8b:66:67:d2"
1791497683.573,"B,48981,10,b2:db:ca:e6:29:a6,56,2,0,0,-43,S,5c:62:8b:66:67:d2"
1791497683.573,"B,48981,10,cc:b8:5e:ad:5c:4a,9156,9,220,2,-47,S,5c:62:8b:66:67:d2"
1791497683.775,"B,49081,10,5c:62:8b:66:67:d2,18392,22,26828,33,-45,A,5c:62:8b:66:67:d2"
1791497683.775,"B,49081,10,72:3b:01:24:b7:c8,3828,10,17732,16,-40,S,5c:62:8b:66:67:d2"
1791497683.775,"B,49081,10,b2:db:ca:e6:29:a6,56,2,0,0,-42,S,5c:62:8b:66:67:d2"
1791497683.775,"B,49081,10,cc:b8:5e:ad:5c:4a,22944,21,660,6,-46,S,5c:62:8b:66:67:d2"
1791497683.775,"B,49181,10,5c:62:8b:66:67:d2,20159,32,21739,36,-45,A,5c:62:8b:66:67:d2"
1791497683.775,"B,49181,10,72:3b:01:24:b7:c8,3315,17,18587,18,-39,S,5c:62:8b:66:67:d2"
1791497683.775,"B,49181,10,b2:db:ca:e6:29:a6,56,2,0,0,-42,S,5c:62:8b:66:67:d2"
1791497683.775,"B,49181,10,cc:b8:5e:ad:5c:4a,18368,17,1572,14,-47,S,5c:62:8b:66:67:d2"
1791497683.978,"B,49281,10,5c:62:8b:66:67:d2,13636,18,12300,18,-45,A,5c:62:8b:66:67:d2"
1791497683.978,"B,49281,10,72:3b:01:24:b7:c8,660,6,12866,11,-38,S,5c:62:8b:66:67:d2"
1791497683.978,"B,49281,10,b2:db:ca:e6:29:a6,56,2,0,0,-42,S,5c:62:8b:66:67:d2"
1791497683.978,"B,49281,10,cc:b8:5e:ad:5c:4a,11584,10,770,7,-47,S,5c:62:8b:66:67:d2"
1791497683.978,"B,49381,10,5c:62:8b:66:67:d2,6464,8,11730,16,-45,A,5c:62:8b:66:67:d2"
1791497683.978,"B,49381,10,72:3b:01:24:b7:c8,512,5,6244,6,-40,S,5c:62:8b:66:67:d2"
1791497683.978,"B,49381,10,b2:db:ca:e6:29:a6,28,1,0,0,-43,S,5c:62:8b:66:67:d2"
1791497683.978,"B,49381,10,cc:b8:5e:ad:5c:4a,11190,10,220,2,-46,S,5c:62:8b:66:67:d2"
1791497684.180,"B,49481,10,5c:62:8b:66:67:d2,15168,18,16504,24,-44,A,5c:62:8b:66:67:d2"
1791497684.180,"B,49481,10,72:3b:01:24:b7:c8,686,10,14508,12,-39,S,5c:62:8b:66:67:d2"
1791497684.180,"B,49481,10,cc:b8:5e:ad:5c:4a,15818,14,660,6,-46,S,5c:62:8b:66:67:d2"
1791497684.180,"B,49581,10,5c:62:8b:66:67:d2,13460,22,21516,27,-45,A,5c:62:8b:66:67:d2"
1791497684.180,"B,49581,10,72:3b:01:24:b7:c8,662,9,12140,10,-39,S,5c:62:8b:66:67:d2"
1791497684.180,"B,49581,10,cc:b8:5e:ad:5c:4a,20854,18,1320,12,-46,S,5c:62:8b:66:67:d2"
1791497684.383,"B,49681,10,5c:62:8b:66:67:d2,1722,5,5324,11,-45,A,5c:62:8b:66:67:d2"
1791497684.383,"B,49681,10,72:3b:01:24:b7:c8,168,6,1282,1,-40,S,5c:62:8b:66:67:d2"
1791497684.383,"B,49681,10,b2:db:ca:e6:29:a6,28,1,0,0,-42,S,5c:62:8b:66:67:d2"
1791497684.383,"B,49681,10,cc:b8:5e:ad:5c:4a,5128,4,440,4,-47,S,5c:62:8b:66:67:d2"
1791497684.383,"B,49781,10,5c:62:8b:66:67:d2,12132,16,16332,23,-45,A,5c:62:8b:66:67:d2"
1791497684.383,"B,49781,10,72:3b:01:24:b7:c8,550,5,11472,10,-39,S,5c:62:8b:66:67:d2"
1791497684.383,"B,49781,10,b2:db:ca:e6:29:a6,56,2,0,0,-43,S,5c:62:8b:66:67:d2"
1791497684.383,"B,49781,10,cc:b8:5e:ad:5c:4a,15726,16,660,6,-44,S,5c:62:8b:66:67:d2"
1791497684.584,"B,49881,10,5c:62:8b:66:67:d2,6660,8,6772,12,-45,A,5c:62:8b:66:67:d2"
1791497684.584,"B,49881,10,72:3b:01:24:b7:c8,330,3,6330,5,-40,S,5c:62:8b:66:67:d2"
1791497684.584,"B,49881,10,b2:db:ca:e6:29:a6,56,2,0,0,-43,S,5c:62:8b:66:67:d2"
1791497684.584,"B,49881,10,cc:b8:5e:ad:5c:4a,6386,7,330,3,-45,S,5c:62:8b:66:67:d2"
1791497684.584,"B,49981,10,5c:62:8b:66:67:d2,8164,10,14742,21,-45,A,5c:62:8b:66:67:d2"
1791497684.584,"B,49981,10,72:3b:01:24:b7:c8,386,5,7834,7,-40,S,5c:62:8b:66:67:d2"
1791497684.584,"B,49981,10,b2:db:ca:e6:29:a6,56,2,0,0,-42,S,5c:62:8b:66:67:d2"
1791497684.584,"B,49981,10,cc:b8:5e:ad:5c:4a,14300,14,330,3,-47,S,5c:62:8b:66:67:d2"
1791497684.788,"B,50081,10,5c:62:8b:66:67:d2,0,0,1415,7,-48,A,5c:62:8b:66:67:d2"
1791497684.788,"B,50081,10,72:3b:01:24:b7:c8,1359,5,0,0,-40,S,5c:62:8b:66:67:d2"
1791497684.788,"B,50081,10,b2:db:ca:e6:29:a6,56,2,0,0,-42,S,5c:62:8b:66:67:d2"
1791497684.788,"I,50092,stat,rx=26563,drops=0,ch=10,bin=100,hop=0,heap=203064"
1791497684.788,"B,50181,10,5c:62:8b:66:67:d2,41666,53,19668,37,-45,A,5c:62:8b:66:67:d2"
1791497684.788,"B,50181,10,72:3b:01:24:b7:c8,2016,18,40016,38,-39,S,5c:62:8b:66:67:d2"
1791497684.788,"B,50181,10,b2:db:ca:e6:29:a6,56,2,0,0,-42,S,5c:62:8b:66:67:d2"
1791497684.788,"B,50181,10,cc:b8:5e:ad:5c:4a,17596,17,1650,15,-46,S,5c:62:8b:66:67:d2"
1791497684.788,"B,50181,10,80:af:ca:68:4c:f8,104,1,0,0,-83,A,80:af:ca:68:4c:f8"
1791497684.993,"B,50281,10,5c:62:8b:66:67:d2,0,0,6522,9,-50,A,5c:62:8b:66:67:d2"
1791497684.993,"B,50281,10,72:3b:01:24:b7:c8,28,1,0,0,-40,S,5c:62:8b:66:67:d2"
1791497684.993,"B,50281,10,b2:db:ca:e6:29:a6,56,2,0,0,-42,S,5c:62:8b:66:67:d2"
1791497684.993,"B,50281,10,cc:b8:5e:ad:5c:4a,6438,6,0,0,-47,S,5c:62:8b:66:67:d2"
1791497684.993,"B,50381,10,5c:62:8b:66:67:d2,0,0,264,4,-48,A,5c:62:8b:66:67:d2"
1791497684.993,"B,50381,10,72:3b:01:24:b7:c8,208,2,0,0,-40,S,5c:62:8b:66:67:d2"
1791497684.993,"B,50381,10,b2:db:ca:e6:29:a6,56,2,0,0,-43,S,5c:62:8b:66:67:d2"
1791497685.197,"B,50481,10,5c:62:8b:66:67:d2,26002,40,27086,43,-45,A,5c:62:8b:66:67:d2"
1791497685.197,"B,50481,10,72:3b:01:24:b7:c8,2206,19,24386,26,-39,S,5c:62:8b:66:67:d2"
1791497685.197,"B,50481,10,b2:db:ca:e6:29:a6,56,2,0,0,-39,S,5c:62:8b:66:67:d2"
1791497685.197,"B,50481,10,cc:b8:5e:ad:5c:4a,24824,22,1616,14,-47,S,5c:62:8b:66:67:d2"
1791497685.197,"B,50581,10,5c:62:8b:66:67:d2,1743,4,21090,34,-45,A,5c:62:8b:66:67:d2"
1791497685.197,"B,50581,10,72:3b:01:24:b7:c8,670,10,1633,3,-39,S,5c:62:8b:66:67:d2"
1791497685.197,"B,50581,10,b2:db:ca:e6:29:a6,28,1,0,0,-42,S,5c:62:8b:66:67:d2"
1791497685.197,"B,50581,10,cc:b8:5e:ad:5c:4a,20392,23,110,1,-44,S,5c:62:8b:66:67:d2"
1791497685.398,"B,50681,10,5c:62:8b:66:67:d2,19350,21,8334,15,-45,A,5c:62:8b:66:67:d2"
1791497685.398,"B,50681,10,72:3b:01:24:b7:c8,838,8,18910,17,-40,S,5c:62:8b:66:67:d2"
1791497685.398,"B,50681,10,b2:db:ca:e6:29:a6,28,1,0,0,-42,S,5c:62:8b:66:67:d2"
1791497685.398,"B,50681,10,cc:b8:5e:ad:5c:4a,7468,6,440,4,-45,S,5c:62:8b:66:67:d2"
1791497685.398,"B,50781,10,5c:62:8b:66:67:d2,21430,25,22884,29,-45,A,5c:62:8b:66:67:d2"
1791497685.398,"B,50781,10,72:3b:01:24:b7:c8,908,9,20550,17,-39,S,5c:62:8b:66:67:d2"
1791497685.398,"B,50781,10,b2:db:ca:e6:29:a6,28,1,0,0,-42,S,5c:62:8b:66:67:d2"
1791497685.398,"B,50781,10,cc:b8:5e:ad:5c:4a,21948,19,880,8,-46,S,5c:62:8b:66:67:d2"
1791497685.603,"B,50881,10,5c:62:8b:66:67:d2,35202,43,66842,68,-45,A,5c:62:8b:66:67:d2"
1791497685.603,"B,50881,10,72:3b:01:24:b7:c8,1432,16,33332,26,-39,S,5c:62:8b:66:67:d2"
1791497685.603,"B,50881,10,cc:b8:5e:ad:5c:4a,65410,52,1870,17,-46,S,5c:62:8b:66:67:d2"
1791497685.603,"B,50981,10,5c:62:8b:66:67:d2,118388,128,105486,118,-45,A,5c:62:8b:66:67:d2"
1791497685.603,"B,50981,10,72:3b:01:24:b7:c8,4180,38,114098,89,-39,S,5c:62:8b:66:67:d2"
1791497685.603,"B,50981,10,cc:b8:5e:ad:5c:4a,101306,80,4290,39,-46,S,5c:62:8b:66:67:d2"
1791497685.805,"B,51081,10,5c:62:8b:66:67:d2,29598,45,35427,48,-45,A,5c:62:8b:66:67:d2"
1791497685.805,"B,51081,10,72:3b:01:24:b7:c8,5767,23,27068,22,-40,S,5c:62:8b:66:67:d2"
1791497685.805,"B,51081,10,cc:b8:5e:ad:5c:4a,29660,25,2530,23,-47,S,5c:62:8b:66:67:d2"
1791497685.805,"B,51181,10,5c:62:8b:66:67:d2,1551,4,10888,19,-45,A,5c:62:8b:66:67:d2"
1791497685.805,"B,51181,10,72:3b:01:24:b7:c8,352,7,1551,4,-39,S,5c:62:8b:66:67:d2"
1791497685.805,"B,51181,10,cc:b8:5e:ad:5c:4a,10536,12,0,0,-47,S,5c:62:8b:66:67:d2"
1791497686.008,"M,51252,slot,6,1"
1791497686.008,"B,51281,10,5c:62:8b:66:67:d2,9832,12,6738,9,-45,A,5c:62:8b:66:67:d2"
1791497686.008,"B,51281,10,72:3b:01:24:b7:c8,440,4,9392,8,-40,S,5c:62:8b:66:67:d2"
1791497686.008,"B,51281,10,cc:b8:5e:ad:5c:4a,6298,5,440,4,-47,S,5c:62:8b:66:67:d2"
1791497686.008,"B,51381,10,5c:62:8b:66:67:d2,8833,15,15320,26,-45,A,5c:62:8b:66:67:d2"
1791497686.008,"B,51381,10,72:3b:01:24:b7:c8,922,11,8193,9,-39,S,5c:62:8b:66:67:d2"
1791497686.008,"B,51381,10,cc:b8:5e:ad:5c:4a,14276,13,440,4,-47,S,5c:62:8b:66:67:d2"
1791497686.008,"B,51381,10,46:88:44:6e:4f:e4,122,2,200,2,-37,S,5c:62:8b:66:67:d2"
1791497686.212,"B,51481,10,5c:62:8b:66:67:d2,19223,22,15192,24,-45,A,5c:62:8b:66:67:d2"
1791497686.212,"B,51481,10,72:3b:01:24:b7:c8,1594,10,18563,16,-40,S,5c:62:8b:66:67:d2"
1791497686.212,"B,51481,10,cc:b8:5e:ad:5c:4a,13598,14,660,6,-46,S,5c:62:8b:66:67:d2"
1791497686.212,"B,51581,10,5c:62:8b:66:67:d2,7918,11,11884,19,-45,A,5c:62:8b:66:67:d2"
1791497686.212,"B,51581,10,72:3b:01:24:b7:c8,552,8,7478,7,-39,S,5c:62:8b:66:67:d2"
1791497686.212,"B,51581,10,cc:b8:5e:ad:5c:4a,11214,10,440,4,-46,S,5c:62:8b:66:67:d2"
1791497686.212,"B,51581,10,46:88:44:6e:4f:e4,118,1,0,0,-38,S,5c:62:8b:66:67:d2"
1791497686.414,"B,51681,10,5c:62:8b:66:67:d2,16636,18,3928,12,-45,A,5c:62:8b:66:67:d2"
1791497686.414,"B,51681,10,72:3b:01:24:b7:c8,552,8,16196,14,-39,S,5c:62:8b:66:67:d2"
1791497686.414,"B,51681,10,cc:b8:5e:ad:5c:4a,3376,4,440,4,-47,S,5c:62:8b:66:67:d2"
1791497686.414,"B,51781,10,5c:62:8b:66:67:d2,3249,6,17996,21,-45,A,5c:62:8b:66:67:d2"
1791497686.414,"B,51781,10,72:3b:01:24:b7:c8,276,4,2906,3,-39,S,5c:62:8b:66:67:d2"
1791497686.414,"B,51781,10,cc:b8:5e:ad:5c:4a,17720,17,220,2,-46,S,5c:62:8b:66:67:d2"
1791497686.414,"B,51781,10,78:8c:b5:f5:e7:26,92,1,0,0,-78,A,78:8c:b5:f5:e7:26"
1791497686.414,"B,51781,10,46:88:44:6e:4f:e4,0,0,123,1,0,S,5c:62:8b:66:67:d2"
1791497686.616,"B,51881,10,5c:62:8b:66:67:d2,17706,25,11946,16,-45,A,5c:62:8b:66:67:d2"
1791497686.616,"B,51881,10,72:3b:01:24:b7:c8,550,5,16496,14,-40,S,5c:62:8b:66:67:d2"
1791497686.616,"B,51881,10,cc:b8:5e:ad:5c:4a,11396,11,1210,11,-45,S,5c:62:8b:66:67:d2"
1791497686.616,"B,51981,10,5c:62:8b:66:67:d2,1566,3,10282,18,-46,A,5c:62:8b:66:67:d2"
1791497686.616,"B,51981,10,72:3b:01:24:b7:c8,278,7,1456,2,-40,S,5c:62:8b:66:67:d2"
1791497686.616,"B,51981,10,cc:b8:5e:ad:5c:4a,9910,10,110,1,-44,S,5c:62:8b:66:67:d2"
1791497686.616,"B,51981,10,46:88:44:6e:4f:e4,94,1,0,0,-38,S,5c:62:8b:66:67:d2"
1791497686.821,"B,52081,10,5c:62:8b:66:67:d2,20714,21,3054,3,-45,A,5c:62:8b:66:67:d2"
1791497686.821,"B,52081,10,72:3b:01:24:b7:c8,490,1,20714,21,-40,S,5c:62:8b:66:67:d2"
1791497686.821,"B,52081,10,cc:b8:5e:ad:5c:4a,2564,2,0,0,-46,S,5c:62:8b:66:67:d2"
1791497686.821,"B,52181,10,5c:62:8b:66:67:d2,36100,49,37714,57,-45,A,5c:62:8b:66:67:d2"
1791497686.821,"B,52181,10,72:3b:01:24:b7:c8,7700,31,34520,35,-39,S,5c:62:8b:66:67:d2"
1791497686.821,"B,52181,10,cc:b8:5e:ad:5c:4a,30014,26,1580,14,-46,S,5c:62:8b:66:67:d2"
1791497687.022,"B,52281,10,5c:62:8b:66:67:d2,9561,27,13891,30,-45,A,5c:62:8b:66:67:d2"
1791497687.022,"B,52281,10,72:3b:01:24:b7:c8,6463,23,9011,22,-39,S,5c:62:8b:66:67:d2"
1791497687.022,"B,52281,10,cc:b8:5e:ad:5c:4a,7428,7,550,5,-46,S,5c:62:8b:66:67:d2"
1791497687.022,"B,52381,10,5c:62:8b:66:67:d2,6112,13,13970,21,-45,A,5c:62:8b:66:67:d2"
1791497687.022,"B,52381,10,72:3b:01:24:b7:c8,2868,11,5892,11,-40,S,5c:62:8b:66:67:d2"
1791497687.022,"B,52381,10,cc:b8:5e:ad:5c:4a,11102,10,220,2,-46,S,5c:62:8b:66:67:d2"
1791497687.227,"B,52481,10,5c:62:8b:66:67:d2,54350,55,22936,47,-45,A,5c:62:8b:66:67:d2"
1791497687.227,"B,52481,10,72:3b:01:24:b7:c8,12326,38,53470,47,-39,S,5c:62:8b:66:67:d2"
1791497687.227,"B,52481,10,cc:b8:5e:ad:5c:4a,10610,9,880,8,-46,S,5c:62:8b:66:67:d2"
1791497687.227,"B,52581,10,5c:62:8b:66:67:d2,8017,14,13120,25,-45,A,5c:62:8b:66:67:d2"
1791497687.227,"B,52581,10,72:3b:01:24:b7:c8,4838,17,7687,11,-37,S,5c:62:8b:66:67:d2"
1791497687.227,"B,52581,10,cc:b8:5e:ad:5c:4a,8282,8,330,3,-45,S,5c:62:8b:66:67:d2"
1791497687.430,"B,52681,10,5c:62:8b:66:67:d2,2407,5,7654,13,-45,A,5c:62:8b:66:67:d2"
1791497687.430,"B,52681,10,72:3b:01:24:b7:c8,1216,7,2407,5,-41,S,5c:62:8b:66:67:d2"
1791497687.430,"B,52681,10,cc:b8:5e:ad:5c:4a,6438,6,0,0,-45,S,5c:62:8b:66:67:d2"
1791497687.430,"B,52781,10,5c:62:8b:66:67:d2,26804,37,11740,40,-45,A,5c:62:8b:66:67:d2"
1791497687.430,"B,52781,10,72:3b:01:24:b7:c8,4914,30,26254,32,-41,S,5c:62:8b:66:67:d2"
1791497687.430,"B,52781,10,b2:db:ca:e6:29:a6,84,3,0,0,-42,S,5c:62:8b:66:67:d2"
1791497687.430,"B,52781,10,cc:b8:5e:ad:5c:4a,6742,7,550,5,-46,S,5c:62:8b:66:67:d2"
1791497687.635,"B,52881,10,5c:62:8b:66:67:d2,8918,23,8865,25,-45,A,5c:62:8b:66:67:d2"
1791497687.635,"B,52881,10,72:3b:01:24:b7:c8,2523,19,7818,13,-40,S,5c:62:8b:66:67:d2"
1791497687.635,"B,52881,10,b2:db:ca:e6:29:a6,28,1,0,0,-42,S,5c:62:8b:66:67:d2"
1791497687.635,"B,52881,10,cc:b8:5e:ad:5c:4a,6314,5,1100,10,-46,S,5c:62:8b:66:67:d2"
1791497687.635,"B,52981,10,5c:62:8b:66:67:d2,12190,22,29125,40,-45,A,5c:62:8b:66:67:d2"
1791497687.635,"B,52981,10,72:3b:01:24:b7:c8,1845,15,11860,19,-39,S,5c:62:8b:66:67:d2"
1791497687.635,"B,52981,10,b2:db:ca:e6:29:a6,56,2,0,0,-42,S,5c:62:8b:66:67:d2"
1791497687.635,"B,52981,10,cc:b8:5e:ad:5c:4a,27224,23,330,3,-45,S,5c:62:8b:66:67:d2"
1791497687.836,"B,53081,10,5c:62:8b:66:67:d2,20528,21,3082,15,-45,A,5c:62:8b:66:67:d2"
1791497687.836,"B,53081,10,72:3b:01:24:b7:c8,3054,14,20418,20,-39,S,5c:62:8b:66:67:d2"
1791497687.836,"B,53081,10,b2:db:ca:e6:29:a6,28,1,0,0,-41,S,5c:62:8b:66:67:d2"
1791497687.836,"B,53081,10,cc:b8:5e:ad:5c:4a,0,0,110,1,0,S,5c:62:8b:66:67:d2"
1791497687.836,"B,53181,10,5c:62:8b:66:67:d2,25334,37,30406,42,-45,A,5c:62:8b:66:67:d2"
1791497687.836,"B,53181,10,72:3b:01:24:b7:c8,3570,17,24234,27,-40,S,5c:62:8b:66:67:d2"
1791497687.836,"B,53181,10,b2:db:ca:e6:29:a6,56,2,0,0,-42,S,5c:62:8b:66:67:d2"
1791497687.836,"B,53181,10,cc:b8:5e:ad:5c:4a,26780,23,1100,10,-45,S,5c:62:8b:66:67:d2"
1791497688.041,"B,53281,10,5c:62:8b:66:67:d2,753,4,2553,11,-45,A,5c:62:8b:66:67:d2"
1791497688.041,"B,53281,10,72:3b:01:24:b7:c8,733,7,533,2,-39,S,5c:62:8b:66:67:d2"
1791497688.041,"B,53281,10,b2:db:ca:e6:29:a6,28,1,0,0,-40,S,5c:62:8b:66:67:d2"
1791497688.041,"B,53281,10,cc:b8:5e:ad:5c:4a,1792,3,220,2,-46,S,5c:62:8b:66:67:d2"
1791497688.041,"B,53381,10,5c:62:8b:66:67:d2,186,1,4788,15,-47,A,5c:62:8b:66:67:d2"
1791497688.041,"B,53381,10,72:3b:01:24:b7:c8,354,7,0,0,-37,S,5c:62:8b:66:67:d2"
1791497688.041,"B,53381,10,b2:db:ca:e6:29:a6,56,2,0,0,-42,S,5c:62:8b:66:67:d2"
1791497688.041,"B,53381,10,cc:b8:5e:ad:5c:4a,4378,6,186,1,-46,S,5c:62:8b:66:67:d2"
1791497688.245,"B,53481,10,5c:62:8b:66:67:d2,47740,64,18677,42,-45,A,5c:62:8b:66:67:d2"
1791497688.245,"B,53481,10,72:3b:01:24:b7:c8,3145,26,46558,53,-40,S,5c:62:8b:66:67:d2"
1791497688.245,"B,53481,10,b2:db:ca:e6:29:a6,56,2,0,0,-38,S,5c:62:8b:66:67:d2"
1791497688.245,"B,53481,10,cc:b8:5e:ad:5c:4a,15476,14,1182,11,-46,S,5c:62:8b:66:67:d2"
1791497688.245,"B,53581,10,5c:62:8b:66:67:d2,15908,24,19172,40,-45,A,5c:62:8b:66:67:d2"
1791497688.245,"B,53581,10,72:3b:01:24:b7:c8,2638,24,15358,19,-40,S,5c:62:8b:66:67:d2"
1791497688.245,"B,53581,10,b2:db:ca:e6:29:a6,56,2,0,0,-41,S,5c:62:8b:66:67:d2"
1791497688.245,"B,53581,10,cc:b8:5e:ad:5c:4a,16478,14,550,5,-46,S,5c:62:8b:66:67:d2"
1791497688.446,"B,53681,10,5c:62:8b:66:67:d2,3248,7,6389,22,-46,A,5c:62:8b:66:67:d2"
1791497688.446,"B,53681,10,72:3b:01:24:b7:c8,1149,14,3138,6,-39,S,5c:62:8b:66:67:d2"
1791497688.446,"B,53681,10,b2:db:ca:e6:29:a6,84,3,0,0,-42,S,5c:62:8b:66:67:d2"
1791497688.446,"B,53681,10,cc:b8:5e:ad:5c:4a,5156,5,110,1,-44,S,5c:62:8b:66:67:d2"
1791497688.446,"B,53781,10,5c:62:8b:66:67:d2,25925,38,18763,37,-45,A,5c:62:8b:66:67:d2"
1791497688.446,"B,53781,10,72:3b:01:24:b7:c8,2413,20,24935,29,-40,S,5c:62:8b:66:67:d2"
1791497688.446,"B,53781,10,b2:db:ca:e6:29:a6,28,1,0,0,-42,S,5c:62:8b:66:67:d2"
1791497688.446,"B,53781,10,cc:b8:5e:ad:5c:4a,16322,16,990,9,-45,S,5c:62:8b:66:67:d2"
1791497688.646,"B,53881,10,5c:62:8b:66:67:d2,44062,53,76551,77,-45,A,5c:62:8b:66:67:d2"
1791497688.646,"B,53881,10,72:3b:01:24:b7:c8,4759,21,42962,43,-39,S,5c:62:8b:66:67:d2"
1791497688.646,"B,53881,10,cc:b8:5e:ad:5c:4a,71792,56,1100,10,-43,S,5c:62:8b:66:67:d2"
1791497688.646,"B,53981,10,5c:62:8b:66:67:d2,111625,134,127977,150,-45,A,5c:62:8b:66:67:d2"
1791497688.646,"B,53981,10,72:3b:01:24:b7:c8,6103,52,106949,92,-39,S,5c:62:8b:66:67:d2"
1791497688.646,"B,53981,10,b2:db:ca:e6:29:a6,56,2,0,0,-41,S,5c:62:8b:66:67:d2"
1791497688.646,"B,53981,10,cc:b8:5e:ad:5c:4a,121818,96,4676,42,-45,S,5c:62:8b:66:67:d2"
1791497688.851,"B,54081,10,5c:62:8b:66:67:d2,47424,64,56996,80,-45,A,5c:62:8b:66:67:d2"
1791497688.851,"B,54081,10,72:3b:01:24:b7:c8,7764,37,45334,45,-39,S,5c:62:8b:66:67:d2"
1791497688.851,"B,54081,10,b2:db:ca:e6:29:a6,56,2,0,0,-42,S,5c:62:8b:66:67:d2"
1791497688.851,"B,54081,10,cc:b8:5e:ad:5c:4a,49176,41,2090,19,-44,S,5c:62:8b:66:67:d2"
1791497688.851,"B,54181,10,5c:62:8b:66:67:d2,4337,23,5573,20,-45,A,5c:62:8b:66:67:d2"
1791497688.851,"B,54181,10,72:3b:01:24:b7:c8,1193,13,4337,23,-39,S,5c:62:8b:66:67:d2"
1791497688.851,"B,54181,10,b2:db:ca:e6:29:a6,56,2,0,0,-42,S,5c:62:8b:66:67:d2"
1791497688.851,"B,54181,10,cc:b8:5e:ad:5c:4a,4324,5,0,0,-45,S,5c:62:8b:66:67:d2"
1791497688.851,"B,54181,10,80:af:ca:68:4c:f8,104,1,0,0,-83,A,80:af:ca:68:4c:f8"
1791497689.057,"B,54281,10,5c:62:8b:66:67:d2,22105,35,29590,46,-45,A,5c:62:8b:66:67:d2"
1791497689.057,"B,54281,10,72:3b:01:24:b7:c8,5602,25,21665,31,-39,S,5c:62:8b:66:67:d2"
1791497689.057,"B,54281,10,b2:db:ca:e6:29:a6,28,1,0,0,-40,S,5c:62:8b:66:67:d2"
1791497689.057,"B,54281,10,cc:b8:5e:ad:5c:4a,23960,20,440,4,-46,S,5c:62:8b:66:67:d2"
1791497689.057,"B,54381,10,5c:62:8b:66:67:d2,20740,33,30705,53,-45,A,5c:62:8b:66:67:d2"
1791497689.057,"B,54381,10,72:3b:01:24:b7:c8,3277,27,19970,26,-39,S,5c:62:8b:66:67:d2"
1791497689.057,"B,54381,10,b2:db:ca:e6:29:a6,84,3,0,0,-42,S,5c:62:8b:66:67:d2"
1791497689.057,"B,54381,10,cc:b8:5e:ad:5c:4a,27344,23,770,7,-45,S,5c:62:8b:66:67:d2"
1791497689.258,"B,54481,10,5c:62:8b:66:67:d2,5110,10,6182,19,-45,A,5c:62:8b:66:67:d2"
1791497689.258,"B,54481,10,72:3b:01:24:b7:c8,1110,12,4780,7,-39,S,5c:62:8b:66:67:d2"
1791497689.258,"B,54481,10,b2:db:ca:e6:29:a6,56,2,0,0,-41,S,5c:62:8b:66:67:d2"
1791497689.258,"B,54481,10,cc:b8:5e:ad:5c:4a,5016,5,330,3,-42,S,5c:62:8b:66:67:d2"
1791497689.258,"B,54581,10,5c:62:8b:66:67:d2,0,0,3930,6,-48,A,5c:62:8b:66:67:d2"
1791497689.258,"B,54581,10,72:3b:01:24:b7:c8,28,1,0,0,-41,S,5c:62:8b:66:67:d2"
1791497689.258,"B,54581,10,b2:db:ca:e6:29:a6,56,2,0,0,-42,S,5c:62:8b:66:67:d2"
1791497689.258,"B,54581,10,cc:b8:5e:ad:5c:4a,3846,3,0,0,-46,S,5c:62:8b:66:67:d2"
1791497689.463,"B,54681,10,5c:62:8b:66:67:d2,22137,31,12806,33,-45,A,5c:62:8b:66:67:d2"
1791497689.463,"B,54681,10,72:3b:01:24:b7:c8,2222,20,21257,23,-39,S,5c:62:8b:66:67:d2"
1791497689.463,"B,54681,10,b2:db:ca:e6:29:a6,56,2,0,0,-42,S,5c:62:8b:66:67:d2"
1791497689.463,"B,54681,10,cc:b8:5e:ad:5c:4a,10528,11,880,8,-46,S,5c:62:8b:66:67:d2"
1791497689.463,"B,54781,10,5c:62:8b:66:67:d2,3305,7,15508,23,-45,A,5c:62:8b:66:67:d2"
1791497689.463,"B,54781,10,72:3b:01:24:b7:c8,804,7,3195,6,-39,S,5c:62:8b:66:67:d2"
1791497689.463,"B,54781,10,b2:db:ca:e6:29:a6,28,1,0,0,-42,S,5c:62:8b:66:67:d2"
1791497689.463,"B,54781,10,cc:b8:5e:ad:5c:4a,14676,15,110,1,-43,S,5c:62:8b:66:67:d2"
1791497689.664,"B,54881,10,5c:62:8b:66:67:d2,17337,27,28849,40,-45,A,5c:62:8b:66:67:d2"
1791497689.664,"B,54881,10,72:3b:01:24:b7:c8,3139,18,16567,20,-39,S,5c:62:8b:66:67:d2"
1791497689.664,"B,54881,10,b2:db:ca:e6:29:a6,28,1,0,0,-42,S,5c:62:8b:66:67:d2"
1791497689.664,"B,54881,10,cc:b8:5e:ad:5c:4a,25682,21,770,7,-45,S,5c:62:8b:66:67:d2"
1791497689.664,"B,54981,10,5c:62:8b:66:67:d2,2287,8,6220,23,-45,A,5c:62:8b:66:67:d2"
1791497689.664,"B,54981,10,72:3b:01:24:b7:c8,1646,16,2177,7,-39,S,5c:62:8b:66:67:d2"
1791497689.664,"B,54981,10,b2:db:ca:e6:29:a6,28,1,0,0,-43,S,5c:62:8b:66:67:d2"
1791497689.664,"B,54981,10,cc:b8:5e:ad:5c:4a,4546,6,110,1,-45,S,5c:62:8b:66:67:d2"
1791497689.664,"B,55081,10,5c:62:8b:66:67:d2,0,0,3142,6,-49,A,5c:62:8b:66:67:d2"
1791497689.664,"B,55081,10,72:3b:01:24:b7:c8,550,3,0,0,-39,S,5c:62:8b:66:67:d2"
1791497689.865,"B,55081,10,cc:b8:5e:ad:5c:4a,2592,3,0,0,-44,S,5c:62:8b:66:67:d2"
1791497689.865,"I,55092,stat,rx=29817,drops=0,ch=10,bin=100,hop=0,heap=201700"
1791497689.865,"B,55181,10,5c:62:8b:66:67:d2,29912,41,47311,58,-45,A,5c:62:8b:66:67:d2"
1791497689.865,"B,55181,10,72:3b:01:24:b7:c8,3191,21,28812,31,-39,S,5c:62:8b:66:67:d2"
1791497689.865,"B,55181,10,cc:b8:5e:ad:5c:4a,44120,37,1100,10,-45,S,5c:62:8b:66:67:d2"
1791497690.065,"B,55281,10,5c:62:8b:66:67:d2,13106,18,6734,18,-45,A,5c:62:8b:66:67:d2"
1791497690.065,"B,55281,10,72:3b:01:24:b7:c8,1300,13,12556,13,-38,S,5c:62:8b:66:67:d2"
1791497690.065,"B,55281,10,cc:b8:5e:ad:5c:4a,5434,5,550,5,-46,S,5c:62:8b:66:67:d2"
1791497690.065,"B,55381,10,5c:62:8b:66:67:d2,5255,8,14522,20,-45,A,5c:62:8b:66:67:d2"
1791497690.065,"B,55381,10,72:3b:01:24:b7:c8,836,8,5035,6,-39,S,5c:62:8b:66:67:d2"
1791497690.065,"B,55381,10,cc:b8:5e:ad:5c:4a,13686,12,220,2,-45,S,5c:62:8b:66:67:d2"
1791497690.266,"B,55481,10,5c:62:8b:66:67:d2,25194,32,21402,33,-45,A,5c:62:8b:66:67:d2"
1791497690.266,"B,55481,10,72:3b:01:24:b7:c8,1604,15,24094,22,-39,S,5c:62:8b:66:67:d2"
1791497690.266,"B,55481,10,cc:b8:5e:ad:5c:4a,19798,18,1100,10,-46,S,5c:62:8b:66:67:d2"
1791497690.266,"B,55581,10,5c:62:8b:66:67:d2,2018,3,7210,18,-45,A,5c:62:8b:66:67:d2"
1791497690.266,"B,55581,10,72:3b:01:24:b7:c8,390,11,1908,2,-39,S,5c:62:8b:66:67:d2"
1791497690.266,"B,55581,10,cc:b8:5e:ad:5c:4a,6820,7,110,1,-46,S,5c:62:8b:66:67:d2"
1791497690.266,"B,55581,10,80:af:ca:68:4c:f8,84,1,0,0,-84,A,80:af:ca:68:4c:f8"
1791497690.266,"B,55681,10,5c:62:8b:66:67:d2,0,0,1282,1,-48,A,5c:62:8b:66:67:d2"
1791497690.266,"B,55681,10,cc:b8:5e:ad:5c:4a,1282,1,0,0,-46,S,5c:62:8b:66:67:d2"
1791497690.467,"B,55781,10,5c:62:8b:66:67:d2,32253,41,25507,41,-45,A,5c:62:8b:66:67:d2"
1791497690.467,"B,55781,10,72:3b:01:24:b7:c8,2019,20,30933,29,-39,S,5c:62:8b:66:67:d2"
1791497690.467,"B,55781,10,cc:b8:5e:ad:5c:4a,23488,21,1320,12,-46,S,5c:62:8b:66:67:d2"
1791497690.467,"B,55881,10,5c:62:8b:66:67:d2,6006,10,5776,10,-45,A,5c:62:8b:66:67:d2"
1791497690.467,"B,55881,10,72:3b:01:24:b7:c8,382,5,5786,8,-41,S,5c:62:8b:66:67:d2"
1791497690.467,"B,55881,10,cc:b8:5e:ad:5c:4a,5394,5,220,2,-46,S,5c:62:8b:66:67:d2"
1791497690.667,"B,55981,10,5c:62:8b:66:67:d2,9229,15,21089,30,-45,A,5c:62:8b:66:67:d2"
1791497690.667,"B,55981,10,72:3b:01:24:b7:c8,1409,13,8899,12,-39,S,5c:62:8b:66:67:d2"
1791497690.667,"B,55981,10,cc:b8:5e:ad:5c:4a,19680,17,330,3,-45,S,5c:62:8b:66:67:d2"
1791497690.667,"B,56081,10,5c:62:8b:66:67:d2,18655,24,30135,37,-45,A,5c:62:8b:66:67:d2"
1791497690.667,"B,56081,10,72:3b:01:24:b7:c8,3939,14,17779,16,-38,S,5c:62:8b:66:67:d2"
1791497690.868,"B,56081,10,cc:b8:5e:ad:5c:4a,26196,23,876,8,-45,S,5c:62:8b:66:67:d2"
1791497690.868,"B,56181,10,5c:62:8b:66:67:d2,14100,24,16559,26,-45,A,5c:62:8b:66:67:d2"
1791497690.868,"B,56181,10,72:3b:01:24:b7:c8,1421,12,13220,16,-39,S,5c:62:8b:66:67:d2"
1791497690.868,"B,56181,10,cc:b8:5e:ad:5c:4a,15138,14,880,8,-45,S,5c:62:8b:66:67:d2"
1791497690.868,"B,56181,10,80:af:ca:68:4c:f8,104,1,0,0,-84,A,80:af:ca:68:4c:f8"
1791497690.868,"B,56281,10,5c:62:8b:66:67:d2,6884,17,928,8,-45,A,5c:62:8b:66:67:d2"
1791497690.868,"B,56281,10,72:3b:01:24:b7:c8,726,7,6584,15,-39,S,5c:62:8b:66:67:d2"
1791497690.868,"B,56281,10,cc:b8:5e:ad:5c:4a,202,1,300,2,-46,S,5c:62:8b:66:67:d2"
1791497691.068,"M,56323,slot,7,1"
1791497691.068,"B,56381,10,5c:62:8b:66:67:d2,11814,22,20885,34,-45,A,5c:62:8b:66:67:d2"
1791497691.068,"B,56381,10,72:3b:01:24:b7:c8,2009,15,10812,13,-39,S,5c:62:8b:66:67:d2"
1791497691.068,"B,56381,10,cc:b8:5e:ad:5c:4a,18876,19,1002,9,-45,S,5c:62:8b:66:67:d2"
1791497691.068,"B,56481,10,5c:62:8b:66:67:d2,14837,22,12739,26,-45,A,5c:62:8b:66:67:d2"
1791497691.268,"B,56481,10,72:3b:01:24:b7:c8,3139,16,14397,18,-39,S,5c:62:8b:66:67:d2"
1791497691.268,"B,56481,10,cc:b8:5e:ad:5c:4a,9600,10,440,4,-45,S,5c:62:8b:66:67:d2"
1791497691.268,"B,56581,10,5c:62:8b:66:67:d2,16745,19,34547,40,-45,A,5c:62:8b:66:67:d2"
1791497691.268,"B,56581,10,72:3b:01:24:b7:c8,3297,14,16195,14,-39,S,5c:62:8b:66:67:d2"
1791497691.268,"B,56581,10,cc:b8:5e:ad:5c:4a,31250,26,550,5,-45,S,5c:62:8b:66:67:d2"
1791497691.268,"B,56681,10,5c:62:8b:66:67:d2,2242,9,7156,13,-45,A,5c:62:8b:66:67:d2"
1791497691.268,"B,56681,10,72:3b:01:24:b7:c8,2028,9,2132,8,-39,S,5c:62:8b:66:67:d2"
1791497691.469,"B,56681,10,cc:b8:5e:ad:5c:4a,5128,4,110,1,-46,S,5c:62:8b:66:67:d2"
1791497691.469,"B,56781,10,5c:62:8b:66:67:d2,21501,29,24930,35,-45,A,5c:62:8b:66:67:d2"
1791497691.469,"B,56781,10,72:3b:01:24:b7:c8,1312,12,20511,20,-39,S,5c:62:8b:66:67:d2"
1791497691.469,"B,56781,10,cc:b8:5e:ad:5c:4a,23618,23,990,9,-46,S,5c:62:8b:66:67:d2"
1791497691.469,"B,56881,10,5c:62:8b:66:67:d2,92848,107,134892,142,-45,A,5c:62:8b:66:67:d2"
1791497691.469,"B,56881,10,72:3b:01:24:b7:c8,5382,40,89108,73,-39,S,5c:62:8b:66:67:d2"
1791497691.469,"B,56881,10,cc:b8:5e:ad:5c:4a,129510,102,3740,34,-46,S,5c:62:8b:66:67:d2"
1791497691.670,"B,56981,10,5c:62:8b:66:67:d2,91549,118,114594,138,-45,A,5c:62:8b:66:67:d2"
1791497691.670,"B,56981,10,72:3b:01:24:b7:c8,19016,56,87805,84,-40,S,5c:62:8b:66:67:d2"
1791497691.670,"B,56981,10,b2:db:ca:e6:29:a6,112,4,0,0,-41,S,5c:62:8b:66:67:d2"
1791497691.670,"B,56981,10,cc:b8:5e:ad:5c:4a,95466,78,3744,34,-46,S,5c:62:8b:66:67:d2"
1791497691.670,"B,57081,10,5c:62:8b:66:67:d2,9271,13,9228,17,-45,A,5c:62:8b:66:67:d2"
1791497691.670,"B,57081,10,72:3b:01:24:b7:c8,838,8,8831,9,-39,S,5c:62:8b:66:67:d2"
1791497691.670,"B,57081,10,b2:db:ca:e6:29:a6,56,2,0,0,-39,S,5c:62:8b:66:67:d2"
1791497691.670,"B,57081,10,cc:b8:5e:ad:5c:4a,8334,7,440,4,-46,S,5c:62:8b:66:67:d2"
1791497691.871,"B,57181,10,5c:62:8b:66:67:d2,1662,4,11893,22,-45,A,5c:62:8b:66:67:d2"
1791497691.871,"B,57181,10,72:3b:01:24:b7:c8,4953,13,1662,4,-39,S,5c:62:8b:66:67:d2"
1791497691.871,"B,57181,10,b2:db:ca:e6:29:a6,56,2,0,0,-41,S,5c:62:8b:66:67:d2"
1791497691.871,"B,57181,10,cc:b8:5e:ad:5c:4a,6884,7,0,0,-45,S,5c:62:8b:66:67:d2"
1791497691.871,"B,57281,10,5c:62:8b:66:67:d2,0,0,3902,5,-49,A,5c:62:8b:66:67:d2"
1791497691.871,"B,57281,10,b2:db:ca:e6:29:a6,28,1,0,0,-43,S,5c:62:8b:66:67:d2"
1791497691.871,"B,57281,10,cc:b8:5e:ad:5c:4a,3874,4,0,0,-43,S,5c:62:8b:66:67:d2"
1791497692.073,"B,57381,10,5c:62:8b:66:67:d2,21599,30,33312,46,-45,A,5c:62:8b:66:67:d2"
1791497692.073,"B,57381,10,72:3b:01:24:b7:c8,1722,16,20389,19,-39,S,5c:62:8b:66:67:d2"
1791497692.073,"B,57381,10,b2:db:ca:e6:29:a6,56,2,0,0,-41,S,5c:62:8b:66:67:d2"
1791497692.073,"B,57381,10,cc:b8:5e:ad:5c:4a,31534,28,1210,11,-46,S,5c:62:8b:66:67:d2"
1791497692.073,"B,57481,10,5c:62:8b:66:67:d2,7968,10,13276,22,-45,A,5c:62:8b:66:67:d2"
1791497692.073,"B,57481,10,72:3b:01:24:b7:c8,604,10,7528,6,-40,S,5c:62:8b:66:67:d2"
1791497692.073,"B,57481,10,b2:db:ca:e6:29:a6,56,2,0,0,-43,S,5c:62:8b:66:67:d2"
1791497692.073,"B,57481,10,cc:b8:5e:ad:5c:4a,12616,10,440,4,-46,S,5c:62:8b:66:67:d2"
1791497692.275,"B,57581,10,5c:62:8b:66:67:d2,0,0,4126,13,-48,A,5c:62:8b:66:67:d2"
1791497692.275,"B,57581,10,72:3b:01:24:b7:c8,196,7,0,0,-39,S,5c:62:8b:66:67:d2"
1791497692.275,"B,57581,10,b2:db:ca:e6:29:a6,56,2,0,0,-41,S,5c:62:8b:66:67:d2"
1791497692.275,"B,57581,10,cc:b8:5e:ad:5c:4a,3874,4,0,0,-46,S,5c:62:8b:66:67:d2"
1791497692.275,"B,57681,10,5c:62:8b:66:67:d2,16410,21,24052,34,-45,A,5c:62:8b:66:67:d2"
1791497692.275,"B,57681,10,72:3b:01:24:b7:c8,800,11,15530,13,-39,S,5c:62:8b:66:67:d2"
1791497692.275,"B,57681,10,b2:db:ca:e6:29:a6,56,2,0,0,-42,S,5c:62:8b:66:67:d2"
1791497692.275,"B,57681,10,cc:b8:5e:ad:5c:4a,23196,21,880,8,-47,S,5c:62:8b:66:67:d2"
1791497692.477,"B,57781,10,5c:62:8b:66:67:d2,5068,8,11232,21,-45,A,5c:62:8b:66:67:d2"
1791497692.477,"B,57781,10,72:3b:01:24:b7:c8,498,9,4738,5,-39,S,5c:62:8b:66:67:d2"
1791497692.477,"B,57781,10,b2:db:ca:e6:29:a6,56,2,0,0,-42,S,5c:62:8b:66:67:d2"
1791497692.477,"B,57781,10,cc:b8:5e:ad:5c:4a,10678,10,330,3,-46,S,5c:62:8b:66:67:d2"
1791497692.477,"B,57781,10,80:af:ca:68:4c:f8,175,1,0,0,-83,A,80:af:ca:68:4c:f8"
1791497692.477,"B,57881,10,5c:62:8b:66:67:d2,16286,19,12552,20,-45,A,5c:62:8b:66:67:d2"
1791497692.477,"B,57881,10,72:3b:01:24:b7:c8,688,7,15626,13,-39,S,5c:62:8b:66:67:d2"
1791497692.477,"B,57881,10,b2:db:ca:e6:29:a6,84,3,0,0,-41,S,5c:62:8b:66:67:d2"
1791497692.477,"B,57881,10,cc:b8:5e:ad:5c:4a,11780,10,660,6,-47,S,5c:62:8b:66:67:d2"
1791497692.679,"B,57981,10,5c:62:8b:66:67:d2,1646,3,3476,7,-45,A,5c:62:8b:66:67:d2"
1791497692.679,"B,57981,10,72:3b:01:24:b7:c8,138,2,1536,2,-40,S,5c:62:8b:66:67:d2"
1791497692.679,"B,57981,10,b2:db:ca:e6:29:a6,28,1,0,0,-44,S,5c:62:8b:66:67:d2"
1791497692.679,"B,57981,10,cc:b8:5e:ad:5c:4a,3310,4,110,1,-47,S,5c:62:8b:66:67:d2"
1791497692.679,"B,58081,10,5c:62:8b:66:67:d2,3502,5,6742,11,-45,A,5c:62:8b:66:67:d2"
1791497692.679,"B,58081,10,72:3b:01:24:b7:c8,276,4,3282,3,-40,S,5c:62:8b:66:67:d2"
1791497692.679,"B,58081,10,b2:db:ca:e6:29:a6,28,1,0,0,-41,S,5c:62:8b:66:67:d2"
1791497692.679,"B,58081,10,cc:b8:5e:ad:5c:4a,6438,6,220,2,-45,S,5c:62:8b:66:67:d2"
1791497692.880,"B,58181,10,5c:62:8b:66:67:d2,22469,31,21346,33,-45,A,5c:62:8b:66:67:d2"
1791497692.880,"B,58181,10,72:3b:01:24:b7:c8,2558,14,21369,21,-39,S,5c:62:8b:66:67:d2"
1791497692.880,"B,58181,10,cc:b8:5e:ad:5c:4a,18788,19,1100,10,-46,S,5c:62:8b:66:67:d2"
1791497692.880,"B,58281,10,5c:62:8b:66:67:d2,12690,15,12802,19,-45,A,5c:62:8b:66:67:d2"
1791497692.880,"B,58281,10,72:3b:01:24:b7:c8,662,9,12140,10,-39,S,5c:62:8b:66:67:d2"
1791497692.880,"B,58281,10,cc:b8:5e:ad:5c:4a,12140,10,550,5,-47,S,5c:62:8b:66:67:d2"
1791497693.084,"B,58381,10,5c:62:8b:66:67:d2,0,0,8762,9,-49,A,5c:62:8b:66:67:d2"
1791497693.084,"B,58381,10,72:3b:01:24:b7:c8,56,2,0,0,-36,S,5c:62:8b:66:67:d2"
1791497693.084,"B,58381,10,cc:b8:5e:ad:5c:4a,8706,7,0,0,-47,S,5c:62:8b:66:67:d2"
1791497693.084,"B,58481,10,5c:62:8b:66:67:d2,29363,36,25856,36,-45,A,5c:62:8b:66:67:d2"
1791497693.084,"B,58481,10,72:3b:01:24:b7:c8,1608,15,28153,25,-39,S,5c:62:8b:66:67:d2"
1791497693.084,"B,58481,10,cc:b8:5e:ad:5c:4a,24248,21,1210,11,-46,S,5c:62:8b:66:67:d2"
1791497693.288,"B,58581,10,5c:62:8b:66:67:d2,2070,3,9262,14,-46,A,5c:62:8b:66:67:d2"
1791497693.288,"B,58581,10,72:3b:01:24:b7:c8,222,5,1960,2,-40,S,5c:62:8b:66:67:d2"
1791497693.288,"B,58581,10,cc:b8:5e:ad:5c:4a,9040,9,110,1,-46,S,5c:62:8b:66:67:d2"
1791497693.288,"B,58681,10,5c:62:8b:66:67:d2,5312,6,5404,8,-46,A,5c:62:8b:66:67:d2"
1791497693.288,"B,58681,10,72:3b:01:24:b7:c8,276,4,5092,4,-39,S,5c:62:8b:66:67:d2"
1791497693.288,"B,58681,10,cc:b8:5e:ad:5c:4a,5128,4,220,2,-47,S,5c:62:8b:66:67:d2"
1791497693.493,"B,58781,10,5c:62:8b:66:67:d2,13744,18,11126,17,-45,A,5c:62:8b:66:67:d2"
1791497693.493,"B,58781,10,72:3b:01:24:b7:c8,688,7,12974,11,-39,S,5c:62:8b:66:67:d2"
1791497693.493,"B,58781,10,cc:b8:5e:ad:5c:4a,10438,10,770,7,-47,S,5c:62:8b:66:67:d2"
1791497693.493,"B,58881,10,5c:62:8b:66:67:d2,0,0,20678,20,-49,A,5c:62:8b:66:67:d2"
1791497693.493,"B,58881,10,72:3b:01:24:b7:c8,28,1,0,0,-40,S,5c:62:8b:66:67:d2"
1791497693.493,"B,58881,10,b2:db:ca:e6:29:a6,28,1,0,0,-42,S,5c:62:8b:66:67:d2"
1791497693.493,"B,58881,10,cc:b8:5e:ad:5c:4a,20622,18,0,0,-47,S,5c:62:8b:66:67:d2"
1791497693.698,"B,58981,10,5c:62:8b:66:67:d2,14780,20,20442,28,-45,A,5c:62:8b:66:67:d2"
1791497693.698,"B,58981,10,72:3b:01:24:b7:c8,930,9,13900,12,-40,S,5c:62:8b:66:67:d2"
1791497693.698,"B,58981,10,b2:db:ca:e6:29:a6,56,2,0,0,-41,S,5c:62:8b:66:67:d2"
1791497693.698,"B,58981,10,cc:b8:5e:ad:5c:4a,19456,17,880,8,-47,S,5c:62:8b:66:67:d2"
1791497693.698,"B,59081,10,5c:62:8b:66:67:d2,17515,23,14859,28,-45,A,5c:62:8b:66:67:d2"
1791497693.698,"B,59081,10,72:3b:01:24:b7:c8,3439,15,16745,16,-39,S,5c:62:8b:66:67:d2"
1791497693.698,"B,59081,10,b2:db:ca:e6:29:a6,84,3,0,0,-41,S,5c:62:8b:66:67:d2"
1791497693.698,"B,59081,10,cc:b8:5e:ad:5c:4a,11336,10,770,7,-47,S,5c:62:8b:66:67:d2"
1791497693.903,"B,59181,10,5c:62:8b:66:67:d2,14043,22,23194,34,-45,A,5c:62:8b:66:67:d2"
1791497693.903,"B,59181,10,72:3b:01:24:b7:c8,1170,13,13011,14,-39,S,5c:62:8b:66:67:d2"
1791497693.903,"B,59181,10,cc:b8:5e:ad:5c:4a,22024,21,1032,8,-44,S,5c:62:8b:66:67:d2"
1791497693.903,"B,59281,10,5c:62:8b:66:67:d2,292,2,6920,13,-46,A,5c:62:8b:66:67:d2"
1791497693.903,"B,59281,10,72:3b:01:24:b7:c8,426,5,292,2,-38,S,5c:62:8b:66:67:d2"
1791497693.903,"B,59281,10,b2:db:ca:e6:29:a6,56,2,0,0,-41,S,5c:62:8b:66:67:d2"
1791497693.903,"B,59281,10,cc:b8:5e:ad:5c:4a,6438,6,0,0,-45,S,5c:62:8b:66:67:d2"
1791497694.108,"B,59381,10,5c:62:8b:66:67:d2,17707,26,29792,43,-45,A,5c:62:8b:66:67:d2"
1791497694.108,"B,59381,10,72:3b:01:24:b7:c8,1252,14,16607,16,-39,S,5c:62:8b:66:67:d2"
1791497694.108,"B,59381,10,b2:db:ca:e6:29:a6,56,2,0,0,-41,S,5c:62:8b:66:67:d2"
1791497694.108,"B,59381,10,cc:b8:5e:ad:5c:4a,28484,27,1100,10,-45,S,5c:62:8b:66:67:d2"
1791497694.108,"B,59481,10,5c:62:8b:66:67:d2,13693,17,9136,15,-45,A,5c:62:8b:66:67:d2"
1791497694.108,"B,59481,10,72:3b:01:24:b7:c8,1428,7,13143,12,-39,S,5c:62:8b:66:67:d2"
1791497694.108,"B,59481,10,b2:db:ca:e6:29:a6,28,1,0,0,-35,S,5c:62:8b:66:67:d2"
1791497694.108,"B,59481,10,cc:b8:5e:ad:5c:4a,7680,7,550,5,-45,S,5c:62:8b:66:67:d2"
1791497694.313,"B,59581,10,5c:62:8b:66:67:d2,1550,3,6340,15,-46,A,5c:62:8b:66:67:d2"
1791497694.313,"B,59581,10,72:3b:01:24:b7:c8,278,7,1440,2,-39,S,5c:62:8b:66:67:d2"
1791497694.313,"B,59581,10,cc:b8:5e:ad:5c:4a,6062,8,110,1,-45,S,5c:62:8b:66:67:d2"
1791497694.313,"B,59681,10,5c:62:8b:66:67:d2,10372,14,20104,29,-45,A,5c:62:8b:66:67:d2"
1791497694.313,"B,59681,10,72:3b:01:24:b7:c8,844,11,9795,9,-39,S,5c:62:8b:66:67:d2"
1791497694.313,"B,59681,10,b2:db:ca:e6:29:a6,28,1,0,0,-42,S,5c:62:8b:66:67:d2"
1791497694.313,"B,59681,10,cc:b8:5e:ad:5c:4a,19232,17,577,5,-45,S,5c:62:8b:66:67:d2"
1791497694.517,"B,59781,10,5c:62:8b:66:67:d2,13496,16,24178,30,-45,A,5c:62:8b:66:67:d2"
1791497694.517,"B,59781,10,72:3b:01:24:b7:c8,766,7,12946,11,-39,S,5c:62:8b:66:67:d2"
1791497694.517,"B,59781,10,b2:db:ca:e6:29:a6,56,2,0,0,-41,S,5c:62:8b:66:67:d2"
1791497694.517,"B,59781,10,cc:b8:5e:ad:5c:4a,23356,21,550,5,-46,S,5c:62:8b:66:67:d2"
1791497694.517,"B,59881,10,5c:62:8b:66:67:d2,91686,109,138352,142,-45,A,5c:62:8b:66:67:d2"
1791497694.517,"B,59881,10,72:3b:01:24:b7:c8,3658,34,87176,68,-39,S,5c:62:8b:66:67:d2"
1791497694.517,"B,59881,10,b2:db:ca:e6:29:a6,56,2,0,0,-41,S,5c:62:8b:66:67:d2"
1791497694.517,"B,59881,10,cc:b8:5e:ad:5c:4a,134638,106,4510,41,-46,S,5c:62:8b:66:67:d2"
1791497694.717,"B,59981,10,5c:62:8b:66:67:d2,39660,51,39710,56,-45,A,5c:62:8b:66:67:d2"
1791497694.717,"B,59981,10,72:3b:01:24:b7:c8,2504,26,37460,31,-39,S,5c:62:8b:66:67:d2"
1791497694.717,"B,59981,10,b2:db:ca:e6:29:a6,28,1,0,0,-41,S,5c:62:8b:66:67:d2"
1791497694.717,"B,59981,10,cc:b8:5e:ad:5c:4a,37178,29,2200,20,-46,S,5c:62:8b:66:67:d2"
1791497694.717,"B,60081,10,5c:62:8b:66:67:d2,28702,41,32391,44,-45,A,5c:62:8b:66:67:d2"
1791497694.717,"B,60081,10,72:3b:01:24:b7:c8,4247,15,26722,23,-39,S,5c:62:8b:66:67:d2"
1791497694.717,"B,60081,10,b2:db:ca:e6:29:a6,112,4,0,0,-41,S,5c:62:8b:66:67:d2"
1791497694.717,"B,60081,10,cc:b8:5e:ad:5c:4a,28032,25,1980,18,-46,S,5c:62:8b:66:67:d2"
1791497694.717,"I,60093,stat,rx=32728,drops=0,ch=10,bin=100,hop=0,heap=203064"
1791497694.918,"B,60181,10,5c:62:8b:66:67:d2,1689,5,8354,14,-45,A,5c:62:8b:66:67:d2"
1791497694.918,"B,60181,10,72:3b:01:24:b7:c8,300,5,1469,3,-40,S,5c:62:8b:66:67:d2"
1791497694.918,"B,60181,10,b2:db:ca:e6:29:a6,28,1,0,0,-40,S,5c:62:8b:66:67:d2"
1791497694.918,"B,60181,10,cc:b8:5e:ad:5c:4a,8026,8,220,2,-45,S,5c:62:8b:66:67:d2"
1791497694.918,"B,60281,10,5c:62:8b:66:67:d2,0,0,2620,4,-49,A,5c:62:8b:66:67:d2"
1791497694.918,"B,60281,10,b2:db:ca:e6:29:a6,56,2,0,0,-42,S,5c:62:8b:66:67:d2"
1791497694.918,"B,60281,10,cc:b8:5e:ad:5c:4a,2564,2,0,0,-46,S,5c:62:8b:66:67:d2"
1791497694.918,"B,60281,10,80:af:ca:68:4c:f8,104,1,0,0,-84,A,80:af:ca:68:4c:f8"
1791497695.121,"B,60381,10,5c:62:8b:66:67:d2,20546,25,13426,21,-45,A,5c:62:8b:66:67:d2"
1791497695.121,"B,60381,10,72:3b:01:24:b7:c8,842,8,19666,17,-39,S,5c:62:8b:66:67:d2"
1791497695.121,"B,60381,10,b2:db:ca:e6:29:a6,56,2,0,0,-40,S,5c:62:8b:66:67:d2"
1791497695.121,"B,60381,10,cc:b8:5e:ad:5c:4a,12528,11,880,8,-45,S,5c:62:8b:66:67:d2"
1791497695.121,"B,60481,10,5c:62:8b:66:67:d2,32187,36,28770,41,-45,A,5c:62:8b:66:67:d2"
1791497695.121,"B,60481,10,72:3b:01:24:b7:c8,1672,18,31197,27,-39,S,5c:62:8b:66:67:d2"
1791497695.121,"B,60481,10,cc:b8:5e:ad:5c:4a,27098,23,990,9,-45,S,5c:62:8b:66:67:d2"
1791497695.121,"B,60481,10,80:af:ca:68:4c:f8,84,1,0,0,-86,A,80:af:ca:68:4c:f8"
1791497695.326,"B,60581,10,5c:62:8b:66:67:d2,12921,12,8316,15,-45,A,5c:62:8b:66:67:d2"
1791497695.326,"B,60581,10,72:3b:01:24:b7:c8,540,6,12811,11,-40,S,5c:62:8b:66:67:d2"
1791497695.326,"B,60581,10,b2:db:ca:e6:29:a6,56,2,0,0,-42,S,5c:62:8b:66:67:d2"
1791497695.326,"B,60581,10,cc:b8:5e:ad:5c:4a,7720,7,110,1,-45,S,5c:62:8b:66:67:d2"
1791497695.326,"B,60681,10,5c:62:8b:66:67:d2,14449,29,15650,26,-45,A,5c:62:8b:66:67:d2"
1791497695.326,"B,60681,10,72:3b:01:24:b7:c8,1206,10,12909,15,-39,S,5c:62:8b:66:67:d2"
1791497695.326,"B,60681,10,b2:db:ca:e6:29:a6,28,1,0,0,-41,S,5c:62:8b:66:67:d2"
1791497695.326,"B,60681,10,cc:b8:5e:ad:5c:4a,14416,15,1540,14,-45,S,5c:62:8b:66:67:d2"
1791497695.530,"B,60781,10,5c:62:8b:66:67:d2,3183,6,6876,13,-46,A,5c:62:8b:66:67:d2"
1791497695.530,"B,60781,10,72:3b:01:24:b7:c8,382,5,2963,4,-40,S,5c:62:8b:66:67:d2"
1791497695.530,"B,60781,10,b2:db:ca:e6:29:a6,56,2,0,0,-41,S,5c:62:8b:66:67:d2"
1791497695.530,"B,60781,10,cc:b8:5e:ad:5c:4a,6438,6,220,2,-46,S,5c:62:8b:66:67:d2"
1791497695.530,"B,60781,10,78:8c:b5:f5:e7:26,80,1,0,0,-80,A,78:8c:b5:f5:e7:26"
1791497695.530,"B,60881,10,5c:62:8b:66:67:d2,0,0,84,3,-48,A,5c:62:8b:66:67:d2"
1791497695.530,"B,60881,10,72:3b:01:24:b7:c8,28,1,0,0,-41,S,5c:62:8b:66:67:d2"
1791497695.530,"B,60881,10,b2:db:ca:e6:29:a6,56,2,0,0,-42,S,5c:62:8b:66:67:d2"
1791497695.732,"B,60981,10,5c:62:8b:66:67:d2,0,0,56,2,-48,A,5c:62:8b:66:67:d2"
1791497695.732,"B,60981,10,b2:db:ca:e6:29:a6,56,2,0,0,-41,S,5c:62:8b:66:67:d2"
1791497695.732,"B,61081,10,5c:62:8b:66:67:d2,0,0,1638,4,-48,A,5c:62:8b:66:67:d2"
1791497695.732,"B,61081,10,72:3b:01:24:b7:c8,1610,3,0,0,-39,S,5c:62:8b:66:67:d2"
1791497695.732,"B,61081,10,b2:db:ca:e6:29:a6,28,1,0,0,-42,S,5c:62:8b:66:67:d2"
1791497695.937,"B,61181,10,5c:62:8b:66:67:d2,39045,58,46365,63,-45,A,5c:62:8b:66:67:d2"
1791497695.937,"B,61181,10,72:3b:01:24:b7:c8,2521,20,37265,42,-39,S,5c:62:8b:66:67:d2"
1791497695.937,"B,61181,10,b2:db:ca:e6:29:a6,56,2,0,0,-41,S,5c:62:8b:66:67:d2"
1791497695.937,"B,61181,10,cc:b8:5e:ad:5c:4a,43788,41,1780,16,-46,S,5c:62:8b:66:67:d2"
1791497695.937,"B,61281,10,5c:62:8b:66:67:d2,40164,82,65882,90,-45,A,5c:62:8b:66:67:d2"
1791497695.937,"B,61281,10,72:3b:01:24:b7:c8,4092,36,34146,29,-40,S,5c:62:8b:66:67:d2"
1791497695.937,"B,61281,10,b2:db:ca:e6:29:a6,56,2,0,0,-41,S,5c:62:8b:66:67:d2"
1791497695.937,"B,61281,10,cc:b8:5e:ad:5c:4a,61734,52,6018,53,-46,S,5c:62:8b:66:67:d2"
1791497696.138,"B,61381,10,5c:62:8b:66:67:d2,4900,6,8942,16,-45,A,5c:62:8b:66:67:d2"
1791497696.138,"B,61381,10,72:3b:01:24:b7:c8,360,7,4680,4,-40,S,5c:62:8b:66:67:d2"
1791497696.138,"B,61381,10,b2:db:ca:e6:29:a6,56,2,0,0,-42,S,5c:62:8b:66:67:d2"
1791497696.138,"B,61381,10,cc:b8:5e:ad:5c:4a,8526,7,220,2,-46,S,5c:62:8b:66:67:d2"
1791497696.138,"M,61400,slot,8,0"
1791497696.138,"B,61481,10,5c:62:8b:66:67:d2,23581,31,18170,26,-45,A,5c:62:8b:66:67:d2"
1791497696.138,"B,61481,10,72:3b:01:24:b7:c8,1140,10,22591,22,-39,S,5c:62:8b:66:67:d2"
1791497696.138,"B,61481,10,b2:db:ca:e6:29:a6,28,1,0,0,-41,S,5c:62:8b:66:67:d2"
1791497696.138,"B,61481,10,cc:b8:5e:ad:5c:4a,17002,15,990,9,-46,S,5c:62:8b:66:67:d2"
1791497696.343,"B,61581,10,5c:62:8b:66:67:d2,9752,12,7254,10,-45,A,5c:62:8b:66:67:d2"
1791497696.343,"B,61581,10,72:3b:01:24:b7:c8,330,3,9312,8,-39,S,5c:62:8b:66:67:d2"
1791497696.343,"B,61581,10,cc:b8:5e:ad:5c:4a,6924,7,440,4,-45,S,5c:62:8b:66:67:d2"
1791497696.343,"B,61681,10,5c:62:8b:66:67:d2,10369,9,24664,27,-45,A,5c:62:8b:66:67:d2"
1791497696.343,"B,61681,10,72:3b:01:24:b7:c8,278,7,10256,8,-40,S,5c:62:8b:66:67:d2"
1791497696.343,"B,61681,10,cc:b8:5e:ad:5c:4a,24386,20,113,1,-44,S,5c:62:8b:66:67:d2"
1791497696.548,"B,61781,10,5c:62:8b:66:67:d2,21052,30,29888,37,-45,A,5c:62:8b:66:67:d2"
1791497696.548,"B,61781,10,72:3b:01:24:b7:c8,1340,12,19602,17,-39,S,5c:62:8b:66:67:d2"
1791497696.548,"B,61781,10,cc:b8:5e:ad:5c:4a,28548,25,1450,13,-45,S,5c:62:8b:66:67:d2"
1791497696.548,"B,61881,10,5c:62:8b:66:67:d2,5894,7,6146,11,-45,A,5c:62:8b:66:67:d2"
1791497696.548,"B,61881,10,72:3b:01:24:b7:c8,472,6,5674,5,-39,S,5c:62:8b:66:67:d2"
1791497696.548,"B,61881,10,cc:b8:5e:ad:5c:4a,5674,5,220,2,-46,S,5c:62:8b:66:67:d2"
1791497696.753,"B,61981,10,5c:62:8b:66:67:d2,4759,8,13782,18,-45,A,5c:62:8b:66:67:d2"
1791497696.753,"B,61981,10,72:3b:01:24:b7:c8,492,6,4429,5,-40,S,5c:62:8b:66:67:d2"
1791497696.753,"B,61981,10,cc:b8:5e:ad:5c:4a,13290,12,330,3,-46,S,5c:62:8b:66:67:d2"
1791497696.753,"B,62081,10,5c:62:8b:66:67:d2,18168,24,14140,22,-45,A,5c:62:8b:66:67:d2"
1791497696.753,"B,62081,10,72:3b:01:24:b7:c8,2214,10,17026,15,-39,S,5c:62:8b:66:67:d2"
1791497696.753,"B,62081,10,cc:b8:5e:ad:5c:4a,11926,12,1142,9,-46,S,5c:62:8b:66:67:d2"
1791497696.958,"B,62181,10,5c:62:8b:66:67:d2,4873,7,12698,19,-45,A,5c:62:8b:66:67:d2"
1791497696.958,"B,62181,10,72:3b:01:24:b7:c8,466,8,4653,5,-39,S,5c:62:8b:66:67:d2"
1791497696.958,"B,62181,10,cc:b8:5e:ad:5c:4a,12232,11,220,2,-46,S,5c:62:8b:66:67:d2"
1791497696.958,"B,62181,10,80:af:ca:68:4c:f8,104,1,0,0,-83,A,80:af:ca:68:4c:f8"
1791497697.162,"B,62381,10,5c:62:8b:66:67:d2,19815,28,34394,44,-45,A,5c:62:8b:66:67:d2"
1791497697.162,"B,62381,10,72:3b:01:24:b7:c8,1416,14,18825,19,-39,S,5c:62:8b:66:67:d2"
1791497697.162,"B,62381,10,cc:b8:5e:ad:5c:4a,32978,30,990,9,-46,S,5c:62:8b:66:67:d2"
1791497697.162,"B,62481,10,5c:62:8b:66:67:d2,0,0,6578,11,-48,A,5c:62:8b:66:67:d2"
1791497697.162,"B,62481,10,72:3b:01:24:b7:c8,140,5,0,0,-40,S,5c:62:8b:66:67:d2"
1791497697.162,"B,62481,10,cc:b8:5e:ad:5c:4a,6438,6,0,0,-45,S,5c:62:8b:66:67:d2"
1791497697.363,"B,62581,10,5c:62:8b:66:67:d2,23978,29,42872,48,-45,A,5c:62:8b:66:67:d2"
1791497697.363,"B,62581,10,72:3b:01:24:b7:c8,1184,13,22878,19,-39,S,5c:62:8b:66:67:d2"
1791497697.363,"B,62581,10,cc:b8:5e:ad:5c:4a,41688,35,1100,10,-46,S,5c:62:8b:66:67:d2"
1791497697.363,"B,62681,10,5c:62:8b:66:67:d2,8380,10,8576,13,-45,A,5c:62:8b:66:67:d2"
1791497697.363,"B,62681,10,72:3b:01:24:b7:c8,358,4,8050,7,-39,S,5c:62:8b:66:67:d2"
1791497697.363,"B,62681,10,b2:db:ca:e6:29:a6,56,2,0,0,-41,S,5c:62:8b:66:67:d2"
1791497697.363,"B,62681,10,cc:b8:5e:ad:5c:4a,8162,7,330,3,-47,S,5c:62:8b:66:67:d2"
1791497697.564,"B,62781,10,5c:62:8b:66:67:d2,0,0,7888,13,-49,A,5c:62:8b:66:67:d2"
1791497697.564,"B,62781,10,72:3b:01:24:b7:c8,140,5,0,0,-40,S,5c:62:8b:66:67:d2"
1791497697.564,"B,62781,10,b2:db:ca:e6:29:a6,28,1,0,0,-42,S,5c:62:8b:66:67:d2"
1791497697.564,"B,62781,10,cc:b8:5e:ad:5c:4a,7720,7,0,0,-45,S,5c:62:8b:66:67:d2"
1791497697.564,"B,62881,10,5c:62:8b:66:67:d2,6520,6,308,5,-45,A,5c:62:8b:66:67:d2"
1791497697.564,"B,62881,10,72:3b:01:24:b7:c8,252,3,6410,5,-39,S,5c:62:8b:66:67:d2"
1791497697.564,"B,62881,10,b2:db:ca:e6:29:a6,56,2,0,0,-41,S,5c:62:8b:66:67:d2"
1791497697.564,"B,62881,10,cc:b8:5e:ad:5c:4a,0,0,110,1,0,S,5c:62:8b:66:67:d2"
1791497697.564,"B,62881,10,80:af:ca:68:4c:f8,141,1,0,0,-85,A,80:af:ca:68:4c:f8"
1791497697.764,"B,62981,10,5c:62:8b:66:67:d2,61499,74,106443,113,-45,A,5c:62:8b:66:67:d2"
1791497697.764,"B,62981,10,72:3b:01:24:b7:c8,3159,29,58501,47,-39,S,5c:62:8b:66:67:d2"
1791497697.764,"B,62981,10,b2:db:ca:e6:29:a6,28,1,0,0,-41,S,5c:62:8b:66:67:d2"
1791497697.764,"B,62981,10,cc:b8:5e:ad:5c:4a,103256,83,2998,27,-46,S,5c:62:8b:66:67:d2"
1791497697.764,"B,63081,10,5c:62:8b:66:67:d2,47943,52,67369,72,-45,A,5c:62:8b:66:67:d2"
1791497697.764,"B,63081,10,72:3b:01:24:b7:c8,3185,19,46293,37,-39,S,5c:62:8b:66:67:d2"
1791497697.764,"B,63081,10,b2:db:ca:e6:29:a6,56,2,0,0,-41,S,5c:62:8b:66:67:d2"
1791497697.764,"B,63081,10,cc:b8:5e:ad:5c:4a,64128,51,1650,15,-46,S,5c:62:8b:66:67:d2"
1791497697.764,"B,63181,10,5c:62:8b:66:67:d2,83009,107,81302,102,-45,A,5c:62:8b:66:67:d2"
1791497697.764,"B,63181,10,72:3b:01:24:b7:c8,3682,35,78389,65,-39,S,5c:62:8b:66:67:d2"
1791497697.964,"B,63181,10,b2:db:ca:e6:29:a6,56,2,0,0,-41,S,5c:62:8b:66:67:d2"
1791497697.964,"B,63181,10,cc:b8:5e:ad:5c:4a,77564,65,4620,42,-47,S,5c:62:8b:66:67:d2"
1791497697.964,"B,63281,10,5c:62:8b:66:67:d2,9676,12,16378,24,-45,A,5c:62:8b:66:67:d2"
1791497697.964,"B,63281,10,72:3b:01:24:b7:c8,580,9,9236,8,-39,S,5c:62:8b:66:67:d2"
1791497697.964,"B,63281,10,b2:db:ca:e6:29:a6,56,2,0,0,-42,S,5c:62:8b:66:67:d2"
1791497697.964,"B,63281,10,cc:b8:5e:ad:5c:4a,15742,13,440,4,-47,S,5c:62:8b:66:67:d2"
1791497697.964,"B,63381,10,5c:62:8b:66:67:d2,31015,34,45439,51,-45,A,5c:62:8b:66:67:d2"
1791497697.964,"B,63381,10,72:3b:01:24:b7:c8,1250,11,30245,27,-39,S,5c:62:8b:66:67:d2"
1791497698.164,"B,63381,10,b2:db:ca:e6:29:a6,56,2,0,0,-42,S,5c:62:8b:66:67:d2"
1791497698.164,"B,63381,10,cc:b8:5e:ad:5c:4a,44133,38,770,7,-46,S,5c:62:8b:66:67:d2"
1791497698.164,"B,63481,10,5c:62:8b:66:67:d2,330,3,2792,8,-46,A,5c:62:8b:66:67:d2"
1791497698.164,"B,63481,10,72:3b:01:24:b7:c8,248,3,0,0,-39,S,5c:62:8b:66:67:d2"
1791497698.164,"B,63481,10,b2:db:ca:e6:29:a6,56,2,0,0,-41,S,5c:62:8b:66:67:d2"
1791497698.164,"B,63481,10,cc:b8:5e:ad:5c:4a,2488,3,330,3,-47,S,5c:62:8b:66:67:d2"
1791497698.364,"B,63581,10,5c:62:8b:66:67:d2,15435,20,14228,21,-45,A,5c:62:8b:66:67:d2"
1791497698.364,"B,63581,10,72:3b:01:24:b7:c8,688,7,14556,12,-38,S,5c:62:8b:66:67:d2"
1791497698.364,"B,63581,10,b2:db:ca:e6:29:a6,28,1,0,0,-39,S,5c:62:8b:66:67:d2"
1791497698.364,"B,63581,10,cc:b8:5e:ad:5c:4a,13512,13,879,8,-46,S,5c:62:8b:66:67:d2"
1791497698.364,"B,63681,10,5c:62:8b:66:67:d2,1866,3,2062,10,-45,A,5c:62:8b:66:67:d2"
1791497698.364,"B,63681,10,72:3b:01:24:b7:c8,250,6,1756,2,-39,S,5c:62:8b:66:67:d2"
1791497698.364,"B,63681,10,b2:db:ca:e6:29:a6,56,2,0,0,-41,S,5c:62:8b:66:67:d2"
1791497698.364,"B,63681,10,cc:b8:5e:ad:5c:4a,1756,2,110,1,-47,S,5c:62:8b:66:67:d2"
1791497698.364,"B,63781,10,5c:62:8b:66:67:d2,5418,5,5668,11,-45,A,5c:62:8b:66:67:d2"
1791497698.566,"B,63781,10,72:3b:01:24:b7:c8,194,4,5418,5,-40,S,5c:62:8b:66:67:d2"
1791497698.566,"B,63781,10,b2:db:ca:e6:29:a6,28,1,0,0,-43,S,5c:62:8b:66:67:d2"
1791497698.566,"B,63781,10,cc:b8:5e:ad:5c:4a,5446,6,0,0,-46,S,5c:62:8b:66:67:d2"
1791497698.566,"B,63781,10,78:8c:b5:f5:e7:26,80,1,0,0,-82,A,78:8c:b5:f5:e7:26"
1791497698.566,"B,63881,10,5c:62:8b:66:67:d2,4404,8,14746,22,-45,A,5c:62:8b:66:67:d2"
1791497698.566,"B,63881,10,72:3b:01:24:b7:c8,470,8,3964,4,-39,S,5c:62:8b:66:67:d2"
1791497698.566,"B,63881,10,b2:db:ca:e6:29:a6,28,1,0,0,-41,S,5c:62:8b:66:67:d2"
1791497698.566,"B,63881,10,cc:b8:5e:ad:5c:4a,14248,13,440,4,-45,S,5c:62:8b:66:67:d2"
1791497698.767,"B,63981,10,5c:62:8b:66:67:d2,14474,21,17362,23,-45,A,5c:62:8b:66:67:d2"
1791497698.767,"B,63981,10,72:3b:01:24:b7:c8,688,7,13484,12,-38,S,5c:62:8b:66:67:d2"
1791497698.767,"B,63981,10,cc:b8:5e:ad:5c:4a,16674,16,990,9,-46,S,5c:62:8b:66:67:d2"
1791497698.767,"B,64081,10,5c:62:8b:66:67:d2,1282,1,8917,13,-46,A,5c:62:8b:66:67:d2"
1791497698.767,"B,64081,10,72:3b:01:24:b7:c8,3789,9,1282,1,-38,S,5c:62:8b:66:67:d2"
1791497698.767,"B,64081,10,cc:b8:5e:ad:5c:4a,5128,4,0,0,-46,S,5c:62:8b:66:67:d2"
1791497698.767,"B,64181,10,5c:62:8b:66:67:d2,23079,28,38460,41,-45,A,5c:62:8b:66:67:d2"
1791497698.767,"B,64181,10,72:3b:01:24:b7:c8,1096,10,22199,20,-39,S,5c:62:8b:66:67:d2"
1791497698.767,"B,64181,10,cc:b8:5e:ad:5c:4a,37364,31,880,8,-45,S,5c:62:8b:66:67:d2"
1791497698.967,"B,64281,10,5c:62:8b:66:67:d2,11908,26,9364,9,-47,A,5c:62:8b:66:67:d2"
1791497698.967,"B,64281,10,72:3b:01:24:b7:c8,0,0,11908,26,0,S,5c:62:8b:66:67:d2"
1791497698.967,"B,64281,10,cc:b8:5e:ad:5c:4a,9364,9,0,0,-46,S,5c:62:8b:66:67:d2"
1791497698.967,"B,64381,10,5c:62:8b:66:67:d2,26192,24,1282,1,-46,A,5c:62:8b:66:67:d2"
1791497698.967,"B,64381,10,72:3b:01:24:b7:c8,0,0,26192,24,0,S,5c:62:8b:66:67:d2"
1791497698.967,"B,64381,10,cc:b8:5e:ad:5c:4a,1282,1,0,0,-46,S,5c:62:8b:66:67:d2"
1791497699.168,"B,64481,10,5c:62:8b:66:67:d2,18976,24,0,0,-44,A,5c:62:8b:66:67:d2"
1791497699.168,"B,64481,10,72:3b:01:24:b7:c8,0,0,18976,24,0,S,5c:62:8b:66:67:d2"
1791497699.168,"B,64581,10,5c:62:8b:66:67:d2,2730,13,0,0,-47,A,5c:62:8b:66:67:d2"
1791497699.168,"B,64581,10,72:3b:01:24:b7:c8,0,0,2730,13,0,S,5c:62:8b:66:67:d2"
1791497699.369,"B,64681,10,5c:62:8b:66:67:d2,3990,19,0,0,-46,A,5c:62:8b:66:67:d2"
1791497699.369,"B,64681,10,72:3b:01:24:b7:c8,0,0,3990,19,0,S,5c:62:8b:66:67:d2"
1791497699.369,"B,64781,10,5c:62:8b:66:67:d2,2310,11,0,0,-47,A,5c:62:8b:66:67:d2"
1791497699.369,"B,64781,10,72:3b:01:24:b7:c8,0,0,2310,11,0,S,5c:62:8b:66:67:d2"
1791497699.569,"B,64881,10,5c:62:8b:66:67:d2,420,2,0,0,-45,A,5c:62:8b:66:67:d2"
1791497699.569,"B,64881,10,72:3b:01:24:b7:c8,0,0,420,2,0,S,5c:62:8b:66:67:d2"
1791497699.569,"B,64981,10,5c:62:8b:66:67:d2,1793,9,842,8,-45,A,5c:62:8b:66:67:d2"
1791497699.569,"B,64981,10,72:3b:01:24:b7:c8,612,6,1607,8,-40,S,5c:62:8b:66:67:d2"
1791497699.569,"B,64981,10,cc:b8:5e:ad:5c:4a,230,2,186,1,-46,S,5c:62:8b:66:67:d2"
1791497699.770,"B,65081,10,5c:62:8b:66:67:d2,0,0,1209,1,-48,A,5c:62:8b:66:67:d2"
1791497699.770,"B,65081,10,72:3b:01:24:b7:c8,1209,1,0,0,-40,S,5c:62:8b:66:67:d2"
1791497699.770,"I,65097,stat,rx=35086,drops=0,ch=10,bin=100,hop=0,heap=203064"
1791497699.770,"B,65181,10,5c:62:8b:66:67:d2,1423,2,2754,6,-46,A,5c:62:8b:66:67:d2"
1791497699.770,"B,65181,10,72:3b:01:24:b7:c8,190,4,1423,2,-38,S,5c:62:8b:66:67:d2"
1791497699.770,"B,65181,10,cc:b8:5e:ad:5c:4a,2564,2,0,0,-46,S,5c:62:8b:66:67:d2"
1791497699.971,"B,65281,10,5c:62:8b:66:67:d2,32080,40,38158,45,-45,A,5c:62:8b:66:67:d2"
1791497699.971,"B,65281,10,72:3b:01:24:b7:c8,1458,14,30430,25,-38,S,5c:62:8b:66:67:d2"
1791497699.971,"B,65281,10,cc:b8:5e:ad:5c:4a,36700,31,1650,15,-46,S,5c:62:8b:66:67:d2"
1791497699.971,"B,65381,10,5c:62:8b:66:67:d2,87578,111,140010,162,-45,A,5c:62:8b:66:67:d2"
1791497699.971,"B,65381,10,72:3b:01:24:b7:c8,4550,41,83508,74,-39,S,5c:62:8b:66:67:d2"
1791497699.971,"B,65381,10,cc:b8:5e:ad:5c:4a,135460,121,4070,37,-46,S,5c:62:8b:66:67:d2"
1791497700.173,"B,65481,10,5c:62:8b:66:67:d2,7758,11,15590,22,-45,A,5c:62:8b:66:67:d2"
1791497700.173,"B,65481,10,72:3b:01:24:b7:c8,662,9,7208,6,-40,S,5c:62:8b:66:67:d2"
1791497700.173,"B,65481,10,cc:b8:5e:ad:5c:4a,14928,13,550,5,-46,S,5c:62:8b:66:67:d2"
1791497700.173,"B,65581,10,5c:62:8b:66:67:d2,14180,16,25830,29,-45,A,5c:62:8b:66:67:d2"
1791497700.173,"B,65581,10,72:3b:01:24:b7:c8,606,7,13630,11,-39,S,5c:62:8b:66:67:d2"
1791497700.173,"B,65581,10,b2:db:ca:e6:29:a6,28,1,0,0,-41,S,5c:62:8b:66:67:d2"
1791497700.173,"B,65581,10,cc:b8:5e:ad:5c:4a,25196,21,550,5,-46,S,5c:62:8b:66:67:d2"
1791497700.374,"B,65681,10,5c:62:8b:66:67:d2,8634,11,10168,18,-45,A,5c:62:8b:66:67:d2"
1791497700.374,"B,65681,10,72:3b:01:24:b7:c8,552,8,8194,7,-39,S,5c:62:8b:66:67:d2"
1791497700.374,"B,65681,10,b2:db:ca:e6:29:a6,56,2,0,0,-40,S,5c:62:8b:66:67:d2"
1791497700.374,"B,65681,10,cc:b8:5e:ad:5c:4a,9560,8,440,4,-46,S,5c:62:8b:66:67:d2"
1791497700.374,"B,65781,10,5c:62:8b:66:67:d2,14094,17,15570,22,-45,A,5c:62:8b:66:67:d2"
1791497700.374,"B,65781,10,72:3b:01:24:b7:c8,660,6,13544,12,-39,S,5c:62:8b:66:67:d2"
1791497700.374,"B,65781,10,b2:db:ca:e6:29:a6,56,2,0,0,-42,S,5c:62:8b:66:67:d2"
1791497700.374,"B,65781,10,cc:b8:5e:ad:5c:4a,14854,14,550,5,-46,S,5c:62:8b:66:67:d2"
1791497700.576,"B,65881,10,5c:62:8b:66:67:d2,85568,96,166336,162,-45,A,5c:62:8b:66:67:d2"
1791497700.576,"B,65881,10,72:3b:01:24:b7:c8,3438,32,82048,64,-39,S,5c:62:8b:66:67:d2"
1791497700.576,"B,65881,10,b2:db:ca:e6:29:a6,56,2,0,0,-42,S,5c:62:8b:66:67:d2"
1791497700.576,"B,65881,10,cc:b8:5e:ad:5c:4a,162842,128,3520,32,-45,S,5c:62:8b:66:67:d2"
1791497700.576,"B,65981,10,5c:62:8b:66:67:d2,69194,75,78546,89,-45,A,5c:62:8b:66:67:d2"
1791497700.576,"B,65981,10,72:3b:01:24:b7:c8,2642,27,66664,52,-39,S,5c:62:8b:66:67:d2"
1791497700.576,"B,65981,10,b2:db:ca:e6:29:a6,28,1,0,0,-43,S,5c:62:8b:66:67:d2"
1791497700.576,"B,65981,10,cc:b8:5e:ad:5c:4a,75876,61,2530,23,-46,S,5c:62:8b:66:67:d2"
1791497700.778,"B,66081,10,5c:62:8b:66:67:d2,0,0,28,1,-47,A,5c:62:8b:66:67:d2"
1791497700.778,"B,66081,10,72:3b:01:24:b7:c8,28,1,0,0,-36,S,5c:62:8b:66:67:d2"
1791497700.778,"B,66181,10,5c:62:8b:66:67:d2,29935,40,16834,36,-45,A,5c:62:8b:66:67:d2"
1791497700.778,"B,66181,10,72:3b:01:24:b7:c8,3094,21,28395,26,-39,S,5c:62:8b:66:67:d2"
1791497700.778,"B,66181,10,cc:b8:5e:ad:5c:4a,13740,15,1540,14,-44,S,5c:62:8b:66:67:d2"
1791497700.980,"B,66281,10,5c:62:8b:66:67:d2,10018,13,7008,16,-45,A,5c:62:8b:66:67:d2"
1791497700.980,"B,66281,10,72:3b:01:24:b7:c8,686,10,9578,9,-39,S,5c:62:8b:66:67:d2"
1791497700.980,"B,66281,10,cc:b8:5e:ad:5c:4a,6322,6,440,4,-47,S,5c:62:8b:66:67:d2"
1791497700.980,"B,66381,10,5c:62:8b:66:67:d2,16577,21,19408,33,-45,A,5c:62:8b:66:67:d2"
1791497700.980,"B,66381,10,72:3b:01:24:b7:c8,1254,17,15917,15,-39,S,5c:62:8b:66:67:d2"
1791497700.980,"B,66381,10,cc:b8:5e:ad:5c:4a,18154,16,660,6,-46,S,5c:62:8b:66:67:d2"
1791497701.184,"M,66474,slot,9,0"
1791497701.184,"B,66481,10,5c:62:8b:66:67:d2,7140,10,8176,13,-45,A,5c:62:8b:66:67:d2"
1791497701.184,"B,66481,10,72:3b:01:24:b7:c8,524,7,6700,6,-38,S,5c:62:8b:66:67:d2"
1791497701.184,"B,66481,10,cc:b8:5e:ad:5c:4a,7652,6,440,4,-44,S,5c:62:8b:66:67:d2"
1791497701.184,"B,66581,10,5c:62:8b:66:67:d2,15294,17,15500,20,-45,A,5c:62:8b:66:67:d2"
1791497701.184,"B,66581,10,72:3b:01:24:b7:c8,688,7,14744,12,-39,S,5c:62:8b:66:67:d2"
1791497701.184,"B,66581,10,cc:b8:5e:ad:5c:4a,14812,13,550,5,-46,S,5c:62:8b:66:67:d2"
1791497701.387,"B,66681,10,5c:62:8b:66:67:d2,2142,5,2060,5,-46,A,5c:62:8b:66:67:d2"
1791497701.387,"B,66681,10,72:3b:01:24:b7:c8,110,1,1840,2,-39,S,5c:62:8b:66:67:d2"
1791497701.387,"B,66681,10,cc:b8:5e:ad:5c:4a,1950,4,302,3,-45,S,5c:62:8b:66:67:d2"
1791497701.387,"B,66781,10,5c:62:8b:66:67:d2,1666,3,24608,25,-45,A,5c:62:8b:66:67:d2"
1791497701.387,"B,66781,10,72:3b:01:24:b7:c8,222,5,1556,2,-40,S,5c:62:8b:66:67:d2"
1791497701.387,"B,66781,10,cc:b8:5e:ad:5c:4a,24386,20,110,1,-45,S,5c:62:8b:66:67:d2"
1791497701.588,"B,66881,10,5c:62:8b:66:67:d2,17030,23,15418,19,-45,A,5c:62:8b:66:67:d2"
1791497701.588,"B,66881,10,72:3b:01:24:b7:c8,770,7,15930,13,-39,S,5c:62:8b:66:67:d2"
1791497701.588,"B,66881,10,cc:b8:5e:ad:5c:4a,14648,12,1100,10,-44,S,5c:62:8b:66:67:d2"
1791497701.588,"B,66981,10,5c:62:8b:66:67:d2,4788,6,4926,8,-45,A,5c:62:8b:66:67:d2"
1791497701.588,"B,66981,10,72:3b:01:24:b7:c8,220,2,4678,5,-39,S,5c:62:8b:66:67:d2"
1791497701.588,"B,66981,10,cc:b8:5e:ad:5c:4a,4706,6,110,1,-46,S,5c:62:8b:66:67:d2"
1791497701.793,"B,67081,10,5c:62:8b:66:67:d2,0,0,11838,10,-49,A,5c:62:8b:66:67:d2"
1791497701.793,"B,67081,10,72:3b:01:24:b7:c8,1582,2,0,0,-39,S,5c:62:8b:66:67:d2"
1791497701.793,"B,67081,10,cc:b8:5e:ad:5c:4a,10256,8,0,0,-47,S,5c:62:8b:66:67:d2"
1791497701.793,"B,67181,10,5c:62:8b:66:67:d2,15449,22,19237,23,-45,A,5c:62:8b:66:67:d2"
1791497701.793,"B,67181,10,72:3b:01:24:b7:c8,7449,12,14689,15,-38,S,5c:62:8b:66:67:d2"
1791497701.793,"B,67181,10,cc:b8:5e:ad:5c:4a,11788,11,660,6,-45,S,5c:62:8b:66:67:d2"
1791497701.793,"B,67181,10,46:88:44:6e:4f:e4,0,0,100,1,0,S,5c:62:8b:66:67:d2"
1791497701.997,"B,67281,10,5c:62:8b:66:67:d2,22022,25,10734,22,-45,A,5c:62:8b:66:67:d2"
1791497701.997,"B,67281,10,72:3b:01:24:b7:c8,990,9,21142,17,-39,S,5c:62:8b:66:67:d2"
1791497701.997,"B,67281,10,b2:db:ca:e6:29:a6,140,5,0,0,-41,S,5c:62:8b:66:67:d2"
1791497701.997,"B,67281,10,cc:b8:5e:ad:5c:4a,9604,8,880,8,-41,S,5c:62:8b:66:67:d2"
1791497701.997,"B,67381,10,5c:62:8b:66:67:d2,4948,6,11694,23,-45,A,5c:62:8b:66:67:d2"
1791497701.997,"B,67381,10,72:3b:01:24:b7:c8,472,11,4728,4,-39,S,5c:62:8b:66:67:d2"
1791497701.997,"B,67381,10,b2:db:ca:e6:29:a6,56,2,0,0,-41,S,5c:62:8b:66:67:d2"
1791497701.997,"B,67381,10,cc:b8:5e:ad:5c:4a,11166,10,220,2,-47,S,5c:62:8b:66:67:d2"
1791497701.997,"B,67381,10,b0:a7:b9:23:82:ee,0,0,60,2,-86,A,b0:a7:b9:23:82:ee"
1791497701.997,"B,67381,10,f2:51:4e:f8:1a:7f,60,2,0,0,-88,S,b0:a7:b9:23:82:ee"
1791497702.202,"B,67481,10,5c:62:8b:66:67:d2,15512,19,21826,30,-45,A,5c:62:8b:66:67:d2"
1791497702.202,"B,67481,10,72:3b:01:24:b7:c8,1556,10,15182,16,-39,S,5c:62:8b:66:67:d2"
1791497702.202,"B,67481,10,b2:db:ca:e6:29:a6,56,2,0,0,-42,S,5c:62:8b:66:67:d2"
1791497702.202,"B,67481,10,cc:b8:5e:ad:5c:4a,20214,18,330,3,-45,S,5c:62:8b:66:67:d2"
1791497702.202,"B,67481,10,b0:a7:b9:23:82:ee,0,0,60,2,0,A,b0:a7:b9:23:82:ee"
1791497702.202,"B,67481,10,f2:51:4e:f8:1a:7f,60,2,0,0,-88,S,b0:a7:b9:23:82:ee"
1791497702.202,"B,67581,10,5c:62:8b:66:67:d2,18300,26,16014,24,-45,A,5c:62:8b:66:67:d2"
1791497702.202,"B,67581,10,72:3b:01:24:b7:c8,1278,11,17310,17,-39,S,5c:62:8b:66:67:d2"
1791497702.202,"B,67581,10,b2:db:ca:e6:29:a6,28,1,0,0,-42,S,5c:62:8b:66:67:d2"
1791497702.202,"B,67581,10,cc:b8:5e:ad:5c:4a,14708,12,990,9,-42,S,5c:62:8b:66:67:d2"
1791497702.202,"B,67581,10,b0:a7:b9:23:82:ee,0,0,30,1,0,A,b0:a7:b9:23:82:ee"
1791497702.202,"B,67581,10,f2:51:4e:f8:1a:7f,30,1,0,0,-90,S,b0:a7:b9:23:82:ee"
1791497702.407,"B,67681,10,5c:62:8b:66:67:d2,5269,5,7916,14,-46,A,5c:62:8b:66:67:d2"
1791497702.407,"B,67681,10,72:3b:01:24:b7:c8,140,5,5269,5,-40,S,5c:62:8b:66:67:d2"
1791497702.407,"B,67681,10,b2:db:ca:e6:29:a6,56,2,0,0,-42,S,5c:62:8b:66:67:d2"
1791497702.407,"B,67681,10,cc:b8:5e:ad:5c:4a,7720,7,0,0,-45,S,5c:62:8b:66:67:d2"
1791497702.407,"B,67781,10,5c:62:8b:66:67:d2,18378,27,39882,48,-45,A,5c:62:8b:66:67:d2"
1791497702.407,"B,67781,10,72:3b:01:24:b7:c8,1470,13,17278,17,-39,S,5c:62:8b:66:67:d2"
1791497702.407,"B,67781,10,b2:db:ca:e6:29:a6,56,2,0,0,-43,S,5c:62:8b:66:67:d2"
1791497702.407,"B,67781,10,cc:b8:5e:ad:5c:4a,38356,33,1100,10,-45,S,5c:62:8b:66:67:d2"
1791497702.608,"B,67881,10,5c:62:8b:66:67:d2,6393,13,8478,19,-45,A,5c:62:8b:66:67:d2"
1791497702.608,"B,67881,10,72:3b:01:24:b7:c8,970,10,5657,7,-39,S,5c:62:8b:66:67:d2"
1791497702.608,"B,67881,10,b2:db:ca:e6:29:a6,28,1,0,0,-42,S,5c:62:8b:66:67:d2"
1791497702.608,"B,67881,10,cc:b8:5e:ad:5c:4a,7480,8,736,6,-46,S,5c:62:8b:66:67:d2"
1791497702.608,"B,67981,10,5c:62:8b:66:67:d2,7490,11,30848,33,-45,A,5c:62:8b:66:67:d2"
1791497702.608,"B,67981,10,72:3b:01:24:b7:c8,468,5,6940,6,-38,S,5c:62:8b:66:67:d2"
1791497702.608,"B,67981,10,b2:db:ca:e6:29:a6,28,1,0,0,-42,S,5c:62:8b:66:67:d2"
1791497702.608,"B,67981,10,cc:b8:5e:ad:5c:4a,30352,27,550,5,-44,S,5c:62:8b:66:67:d2"
1791497702.813,"B,68081,10,5c:62:8b:66:67:d2,6410,5,1424,5,-45,A,5c:62:8b:66:67:d2"
1791497702.813,"B,68081,10,72:3b:01:24:b7:c8,1396,4,6410,5,-39,S,5c:62:8b:66:67:d2"
1791497702.813,"B,68081,10,b2:db:ca:e6:29:a6,28,1,0,0,-41,S,5c:62:8b:66:67:d2"
1791497702.813,"B,68181,10,5c:62:8b:66:67:d2,18893,25,25502,36,-45,A,5c:62:8b:66:67:d2"
1791497702.813,"B,68181,10,72:3b:01:24:b7:c8,1302,15,17903,16,-40,S,5c:62:8b:66:67:d2"
1791497702.813,"B,68181,10,cc:b8:5e:ad:5c:4a,24200,21,990,9,-46,S,5c:62:8b:66:67:d2"
1791497703.018,"B,68281,10,5c:62:8b:66:67:d2,5944,10,3822,11,-45,A,5c:62:8b:66:67:d2"
1791497703.018,"B,68281,10,72:3b:01:24:b7:c8,414,6,5614,7,-40,S,5c:62:8b:66:67:d2"
1791497703.018,"B,68281,10,cc:b8:5e:ad:5c:4a,3408,5,330,3,-47,S,5c:62:8b:66:67:d2"
1791497703.018,"B,68281,10,80:af:ca:68:4c:f8,309,2,0,0,-83,A,80:af:ca:68:4c:f8"
1791497703.018,"B,68381,10,5c:62:8b:66:67:d2,11905,17,10092,17,-45,A,5c:62:8b:66:67:d2"
1791497703.018,"B,68381,10,72:3b:01:24:b7:c8,948,9,11355,12,-39,S,5c:62:8b:66:67:d2"
1791497703.018,"B,68381,10,cc:b8:5e:ad:5c:4a,9144,8,550,5,-47,S,5c:62:8b:66:67:d2"
1791497703.223,"B,68481,10,5c:62:8b:66:67:d2,0,0,6550,10,-48,A,5c:62:8b:66:67:d2"
1791497703.223,"B,68481,10,72:3b:01:24:b7:c8,112,4,0,0,-40,S,5c:62:8b:66:67:d2"
1791497703.223,"B,68481,10,cc:b8:5e:ad:5c:4a,6438,6,0,0,-47,S,5c:62:8b:66:67:d2"
1791497703.223,"B,68581,10,5c:62:8b:66:67:d2,11550,15,11768,22,-45,A,5c:62:8b:66:67:d2"
1791497703.223,"B,68581,10,72:3b:01:24:b7:c8,606,7,11000,10,-38,S,5c:62:8b:66:67:d2"
1791497703.223,"B,68581,10,b2:db:ca:e6:29:a6,84,3,0,0,-42,S,5c:62:8b:66:67:d2"
1791497703.223,"B,68581,10,cc:b8:5e:ad:5c:4a,11078,12,550,5,-46,S,5c:62:8b:66:67:d2"
1791497703.428,"B,68681,10,5c:62:8b:66:67:d2,3610,5,6686,9,-45,A,5c:62:8b:66:67:d2"
1791497703.428,"B,68681,10,72:3b:01:24:b7:c8,248,3,3390,3,-40,S,5c:62:8b:66:67:d2"
1791497703.428,"B,68681,10,b2:db:ca:e6:29:a6,28,1,0,0,-43,S,5c:62:8b:66:67:d2"
1791497703.428,"B,68681,10,cc:b8:5e:ad:5c:4a,6410,5,220,2,-47,S,5c:62:8b:66:67:d2"
1791497703.428,"B,68681,10,b0:a7:b9:23:82:ee,0,0,30,1,-86,A,b0:a7:b9:23:82:ee"
1791497703.428,"B,68681,10,f2:51:4e:f8:1a:7f,30,1,0,0,-86,S,b0:a7:b9:23:82:ee"
1791497703.428,"B,68781,10,5c:62:8b:66:67:d2,15766,19,27016,45,-46,A,5c:62:8b:66:67:d2"
1791497703.428,"B,68781,10,72:3b:01:24:b7:c8,912,15,15106,13,-39,S,5c:62:8b:66:67:d2"
1791497703.428,"B,68781,10,b2:db:ca:e6:29:a6,84,3,0,0,-42,S,5c:62:8b:66:67:d2"
1791497703.428,"B,68781,10,cc:b8:5e:ad:5c:4a,26020,27,660,6,-45,S,5c:62:8b:66:67:d2"
1791497703.428,"B,68781,10,80:af:ca:68:4c:f8,485,1,0,0,-84,A,80:af:ca:68:4c:f8"
1791497703.630,"B,68881,10,5c:62:8b:66:67:d2,16500,22,46896,45,-45,A,5c:62:8b:66:67:d2"
1791497703.630,"B,68881,10,72:3b:01:24:b7:c8,716,8,15510,13,-39,S,5c:62:8b:66:67:d2"
1791497703.630,"B,68881,10,cc:b8:5e:ad:5c:4a,46180,37,990,9,-43,S,5c:62:8b:66:67:d2"
1791497703.630,"B,68981,10,5c:62:8b:66:67:d2,70476,76,69250,77,-45,A,5c:62:8b:66:67:d2"
1791497703.630,"B,68981,10,72:3b:01:24:b7:c8,2530,23,67946,53,-39,S,5c:62:8b:66:67:d2"
1791497703.630,"B,68981,10,b2:db:ca:e6:29:a6,28,1,0,0,-42,S,5c:62:8b:66:67:d2"
1791497703.630,"B,68981,10,cc:b8:5e:ad:5c:4a,66692,53,2530,23,-44,S,5c:62:8b:66:67:d2"
1791497703.831,"B,69081,10,5c:62:8b:66:67:d2,68658,79,87747,100,-45,A,5c:62:8b:66:67:d2"
1791497703.831,"B,69081,10,72:3b:01:24:b7:c8,7309,32,65688,52,-40,S,5c:62:8b:66:67:d2"
1791497703.831,"B,69081,10,cc:b8:5e:ad:5c:4a,80438,68,2970,27,-45,S,5c:62:8b:66:67:d2"
1791497703.831,"B,69181,10,5c:62:8b:66:67:d2,14255,20,19962,27,-45,A,5c:62:8b:66:67:d2"
1791497703.831,"B,69181,10,72:3b:01:24:b7:c8,850,10,13595,14,-39,S,5c:62:8b:66:67:d2"
1791497703.831,"B,69181,10,cc:b8:5e:ad:5c:4a,19112,17,660,6,-47,S,5c:62:8b:66:67:d2"
1791497704.032,"B,69281,10,5c:62:8b:66:67:d2,12944,12,26412,27,-45,A,5c:62:8b:66:67:d2"
1791497704.032,"B,69281,10,72:3b:01:24:b7:c8,3596,8,12724,10,-39,S,5c:62:8b:66:67:d2"
1791497704.032,"B,69281,10,cc:b8:5e:ad:5c:4a,22816,19,220,2,-47,S,5c:62:8b:66:67:d2"
1791497704.032,"B,69381,10,5c:62:8b:66:67:d2,12852,25,8721,29,-45,A,5c:62:8b:66:67:d2"
1791497704.032,"B,69381,10,72:3b:01:24:b7:c8,2413,23,12082,18,-39,S,5c:62:8b:66:67:d2"
1791497704.032,"B,69381,10,cc:b8:5e:ad:5c:4a,6308,6,770,7,-47,S,5c:62:8b:66:67:d2"
1791497704.236,"B,69481,10,5c:62:8b:66:67:d2,247,2,5490,10,-46,A,5c:62:8b:66:67:d2"
1791497704.236,"B,69481,10,72:3b:01:24:b7:c8,306,4,247,2,-39,S,5c:62:8b:66:67:d2"
1791497704.236,"B,69481,10,b2:db:ca:e6:29:a6,28,1,0,0,-43,S,5c:62:8b:66:67:d2"
1791497704.236,"B,69481,10,cc:b8:5e:ad:5c:4a,5156,5,0,0,-47,S,5c:62:8b:66:67:d2"
1791497704.236,"B,69581,10,5c:62:8b:66:67:d2,25294,46,33887,53,-45,A,5c:62:8b:66:67:d2"
1791497704.236,"B,69581,10,72:3b:01:24:b7:c8,14139,35,24524,39,-38,S,5c:62:8b:66:67:d2"
1791497704.236,"B,69581,10,b2:db:ca:e6:29:a6,28,1,0,0,-43,S,5c:62:8b:66:67:d2"
1791497704.236,"B,69581,10,cc:b8:5e:ad:5c:4a,19720,17,770,7,-46,S,5c:62:8b:66:67:d2"
1791497704.440,"B,69681,10,5c:62:8b:66:67:d2,25328,36,19130,32,-45,A,5c:62:8b:66:67:d2"
1791497704.440,"B,69681,10,72:3b:01:24:b7:c8,4854,18,24448,28,-39,S,5c:62:8b:66:67:d2"
1791497704.440,"B,69681,10,b2:db:ca:e6:29:a6,56,2,0,0,-42,S,5c:62:8b:66:67:d2"
1791497704.440,"B,69681,10,cc:b8:5e:ad:5c:4a,14220,12,880,8,-47,S,5c:62:8b:66:67:d2"
1791497704.440,"B,69781,10,5c:62:8b:66:67:d2,11054,15,11154,22,-45,A,5c:62:8b:66:67:d2"
1791497704.440,"B,69781,10,72:3b:01:24:b7:c8,1070,11,10724,12,-39,S,5c:62:8b:66:67:d2"
1791497704.440,"B,69781,10,b2:db:ca:e6:29:a6,56,2,0,0,-42,S,5c:62:8b:66:67:d2"
1791497704.440,"B,69781,10,cc:b8:5e:ad:5c:4a,10028,9,330,3,-46,S,5c:62:8b:66:67:d2"
1791497704.642,"B,69881,10,5c:62:8b:66:67:d2,8854,8,2502,15,-45,A,5c:62:8b:66:67:d2"
1791497704.642,"B,69881,10,72:3b:01:24:b7:c8,2446,13,8854,8,-39,S,5c:62:8b:66:67:d2"
1791497704.642,"B,69881,10,b2:db:ca:e6:29:a6,56,2,0,0,-43,S,5c:62:8b:66:67:d2"
1791497704.642,"B,69981,10,5c:62:8b:66:67:d2,26601,41,17572,36,-45,A,5c:62:8b:66:67:d2"
1791497704.642,"B,69981,10,72:3b:01:24:b7:c8,2348,20,25391,30,-39,S,5c:62:8b:66:67:d2"
1791497704.642,"B,69981,10,b2:db:ca:e6:29:a6,28,1,0,0,-43,S,5c:62:8b:66:67:d2"
1791497704.642,"B,69981,10,cc:b8:5e:ad:5c:4a,15196,15,1210,11,-46,S,5c:62:8b:66:67:d2"
1791497704.847,"B,70081,10,5c:62:8b:66:67:d2,453,3,30242,33,-46,A,5c:62:8b:66:67:d2"
1791497704.847,"B,70081,10,72:3b:01:24:b7:c8,1954,8,453,3,-38,S,5c:62:8b:66:67:d2"
1791497704.847,"B,70081,10,b2:db:ca:e6:29:a6,56,2,0,0,-43,S,5c:62:8b:66:67:d2"
1791497704.847,"B,70081,10,cc:b8:5e:ad:5c:4a,28232,23,0,0,-45,S,5c:62:8b:66:67:d2"
1791497704.847,"I,70101,stat,rx=38099,drops=0,ch=10,bin=100,hop=0,heap=203064"
1791497704.847,"B,70181,10,5c:62:8b:66:67:d2,15019,20,15404,30,-45,A,5c:62:8b:66:67:d2"
1791497704.847,"B,70181,10,72:3b:01:24:b7:c8,906,12,14359,14,-39,S,5c:62:8b:66:67:d2"
1791497704.847,"B,70181,10,cc:b8:5e:ad:5c:4a,14498,18,660,6,-45,S,5c:62:8b:66:67:d2"
1791497705.052,"B,70281,10,5c:62:8b:66:67:d2,0,0,10340,11,-48,A,5c:62:8b:66:67:d2"
1791497705.052,"B,70281,10,72:3b:01:24:b7:c8,28,1,0,0,-36,S,5c:62:8b:66:67:d2"
1791497705.052,"B,70281,10,b2:db:ca:e6:29:a6,56,2,0,0,-42,S,5c:62:8b:66:67:d2"
1791497705.052,"B,70281,10,cc:b8:5e:ad:5c:4a,10256,8,0,0,-42,S,5c:62:8b:66:67:d2"
1791497705.052,"B,70381,10,5c:62:8b:66:67:d2,1282,1,140,5,-47,A,5c:62:8b:66:67:d2"
1791497705.052,"B,70381,10,72:3b:01:24:b7:c8,84,3,1282,1,-40,S,5c:62:8b:66:67:d2"
1791497705.052,"B,70381,10,b2:db:ca:e6:29:a6,56,2,0,0,-42,S,5c:62:8b:66:67:d2"
1791497705.256,"B,70481,10,5c:62:8b:66:67:d2,34528,46,67440,81,-45,A,5c:62:8b:66:67:d2"
1791497705.256,"B,70481,10,72:3b:01:24:b7:c8,2474,24,32658,29,-38,S,5c:62:8b:66:67:d2"
1791497705.256,"B,70481,10,b2:db:ca:e6:29:a6,84,3,0,0,-42,S,5c:62:8b:66:67:d2"
1791497705.256,"B,70481,10,cc:b8:5e:ad:5c:4a,64882,54,1870,17,-46,S,5c:62:8b:66:67:d2"
1791497705.256,"B,70581,10,5c:62:8b:66:67:d2,8860,10,20876,25,-46,A,5c:62:8b:66:67:d2"
1791497705.256,"B,70581,10,72:3b:01:24:b7:c8,440,4,8530,7,-39,S,5c:62:8b:66:67:d2"
1791497705.256,"B,70581,10,b2:db:ca:e6:29:a6,56,2,0,0,-40,S,5c:62:8b:66:67:d2"
1791497705.256,"B,70581,10,cc:b8:5e:ad:5c:4a,20380,19,330,3,-47,S,5c:62:8b:66:67:d2"
1791497705.462,"B,70681,10,5c:62:8b:66:67:d2,2165,5,9300,17,-46,A,5c:62:8b:66:67:d2"
1791497705.462,"B,70681,10,72:3b:01:24:b7:c8,508,7,1945,3,-39,S,5c:62:8b:66:67:d2"
1791497705.462,"B,70681,10,b2:db:ca:e6:29:a6,56,2,0,0,-42,S,5c:62:8b:66:67:d2"
1791497705.462,"B,70681,10,cc:b8:5e:ad:5c:4a,8736,8,220,2,-43,S,5c:62:8b:66:67:d2"
1791497705.462,"B,70781,10,5c:62:8b:66:67:d2,21914,30,25858,43,-45,A,5c:62:8b:66:67:d2"
1791497705.462,"B,70781,10,72:3b:01:24:b7:c8,2050,17,21288,25,-39,S,5c:62:8b:66:67:d2"
1791497705.462,"B,70781,10,b2:db:ca:e6:29:a6,56,2,0,0,-39,S,5c:62:8b:66:67:d2"
1791497705.462,"B,70781,10,cc:b8:5e:ad:5c:4a,23752,24,626,5,-45,S,5c:62:8b:66:67:d2"
1791497705.664,"B,70881,10,5c:62:8b:66:67:d2,3546,9,9628,14,-46,A,5c:62:8b:66:67:d2"
1791497705.664,"B,70881,10,72:3b:01:24:b7:c8,248,3,2886,3,-39,S,5c:62:8b:66:67:d2"
1791497705.664,"B,70881,10,b2:db:ca:e6:29:a6,56,2,0,0,-42,S,5c:62:8b:66:67:d2"
1791497705.664,"B,70881,10,cc:b8:5e:ad:5c:4a,9324,9,660,6,-45,S,5c:62:8b:66:67:d2"
1791497705.664,"B,70981,10,5c:62:8b:66:67:d2,0,0,280,10,-48,A,5c:62:8b:66:67:d2"
1791497705.664,"B,70981,10,72:3b:01:24:b7:c8,224,8,0,0,-40,S,5c:62:8b:66:67:d2"
1791497705.664,"B,70981,10,b2:db:ca:e6:29:a6,56,2,0,0,-41,S,5c:62:8b:66:67:d2"
1791497705.864,"B,71081,10,5c:62:8b:66:67:d2,37368,44,19414,33,-45,A,5c:62:8b:66:67:d2"
1791497705.864,"B,71081,10,72:3b:01:24:b7:c8,2622,14,35938,31,-39,S,5c:62:8b:66:67:d2"
1791497705.864,"B,71081,10,b2:db:ca:e6:29:a6,56,2,0,0,-41,S,5c:62:8b:66:67:d2"
1791497705.864,"B,71081,10,cc:b8:5e:ad:5c:4a,16736,17,1430,13,-46,S,5c:62:8b:66:67:d2"
1791497705.864,"B,71181,10,5c:62:8b:66:67:d2,8723,12,20366,26,-45,A,5c:62:8b:66:67:d2"
1791497705.864,"B,71181,10,72:3b:01:24:b7:c8,492,6,8287,8,-40,S,5c:62:8b:66:67:d2"
1791497705.864,"B,71181,10,b2:db:ca:e6:29:a6,56,2,0,0,-41,S,5c:62:8b:66:67:d2"
1791497705.864,"B,71181,10,cc:b8:5e:ad:5c:4a,19818,18,436,4,-43,S,5c:62:8b:66:67:d2"
1791497705.864,"B,71281,10,5c:62:8b:66:67:d2,3846,3,280,10,-46,A,5c:62:8b:66:67:d2"
1791497705.864,"B,71281,10,72:3b:01:24:b7:c8,252,9,3846,3,-41,S,5c:62:8b:66:67:d2"
1791497706.064,"B,71281,10,b2:db:ca:e6:29:a6,28,1,0,0,-42,S,5c:62:8b:66:67:d2"
1791497706.064,"B,71381,10,5c:62:8b:66:67:d2,37085,45,25810,40,-45,A,5c:62:8b:66:67:d2"
1791497706.064,"B,71381,10,72:3b:01:24:b7:c8,2020,18,35655,32,-42,S,5c:62:8b:66:67:d2"
1791497706.064,"B,71381,10,cc:b8:5e:ad:5c:4a,23790,22,1430,13,-46,S,5c:62:8b:66:67:d2"
1791497706.064,"B,71481,10,5c:62:8b:66:67:d2,0,0,6466,7,-50,A,5c:62:8b:66:67:d2"
1791497706.064,"B,71481,10,72:3b:01:24:b7:c8,28,1,0,0,-36,S,5c:62:8b:66:67:d2"
1791497706.265,"B,71481,10,cc:b8:5e:ad:5c:4a,6438,6,0,0,-46,S,5c:62:8b:66:67:d2"
1791497706.265,"M,71542,slot,10,0"
1791497706.265,"B,71581,10,5c:62:8b:66:67:d2,22968,26,18062,27,-45,A,5c:62:8b:66:67:d2"
1791497706.265,"B,71581,10,72:3b:01:24:b7:c8,964,11,22198,19,-40,S,5c:62:8b:66:67:d2"
1791497706.265,"B,71581,10,cc:b8:5e:ad:5c:4a,17098,16,770,7,-46,S,5c:62:8b:66:67:d2"
1791497706.265,"B,71681,10,5c:62:8b:66:67:d2,10755,16,14668,21,-46,A,5c:62:8b:66:67:d2"
1791497706.465,"B,71681,10,72:3b:01:24:b7:c8,1214,10,10095,10,-39,S,5c:62:8b:66:67:d2"
1791497706.465,"B,71681,10,cc:b8:5e:ad:5c:4a,13454,11,660,6,-46,S,5c:62:8b:66:67:d2"
1791497706.465,"B,71781,10,5c:62:8b:66:67:d2,19218,25,25574,31,-45,A,5c:62:8b:66:67:d2"
1791497706.465,"B,71781,10,72:3b:01:24:b7:c8,880,8,18228,16,-40,S,5c:62:8b:66:67:d2"
1791497706.465,"B,71781,10,cc:b8:5e:ad:5c:4a,24694,23,990,9,-44,S,5c:62:8b:66:67:d2"
1791497706.465,"B,71881,10,5c:62:8b:66:67:d2,134436,146,143164,153,-45,A,5c:62:8b:66:67:d2"
1791497706.465,"B,71881,10,72:3b:01:24:b7:c8,4680,44,129482,101,-39,S,5c:62:8b:66:67:d2"
1791497706.465,"B,71881,10,cc:b8:5e:ad:5c:4a,138484,109,4954,45,-46,S,5c:62:8b:66:67:d2"
1791497706.666,"B,71981,10,5c:62:8b:66:67:d2,54514,81,50924,75,-45,A,5c:62:8b:66:67:d2"
1791497706.666,"B,71981,10,72:3b:01:24:b7:c8,4058,35,49772,40,-40,S,5c:62:8b:66:67:d2"
1791497706.666,"B,71981,10,cc:b8:5e:ad:5c:4a,46866,40,4742,41,-45,S,5c:62:8b:66:67:d2"
1791497706.866,"B,72081,10,5c:62:8b:66:67:d2,8790,11,11132,16,-45,A,5c:62:8b:66:67:d2"
1791497706.866,"B,72081,10,72:3b:01:24:b7:c8,4064,10,8350,7,-39,S,5c:62:8b:66:67:d2"
1791497706.866,"B,72081,10,cc:b8:5e:ad:5c:4a,7068,6,440,4,-46,S,5c:62:8b:66:67:d2"
1791497706.866,"B,72181,10,5c:62:8b:66:67:d2,1639,4,4772,9,-46,A,5c:62:8b:66:67:d2"
1791497706.866,"B,72181,10,72:3b:01:24:b7:c8,272,4,1529,3,-39,S,5c:62:8b:66:67:d2"
1791497706.866,"B,72181,10,cc:b8:5e:ad:5c:4a,4500,5,110,1,-45,S,5c:62:8b:66:67:d2"
1791497706.866,"B,72281,10,5c:62:8b:66:67:d2,10028,12,6838,9,-45,A,5c:62:8b:66:67:d2"
1791497707.066,"B,72281,10,72:3b:01:24:b7:c8,440,4,9588,8,-39,S,5c:62:8b:66:67:d2"
1791497707.066,"B,72281,10,cc:b8:5e:ad:5c:4a,6398,5,440,4,-46,S,5c:62:8b:66:67:d2"
1791497707.066,"B,72381,10,5c:62:8b:66:67:d2,8540,12,10304,17,-46,A,5c:62:8b:66:67:d2"
1791497707.066,"B,72381,10,72:3b:01:24:b7:c8,442,7,7990,7,-38,S,5c:62:8b:66:67:d2"
1791497707.066,"B,72381,10,cc:b8:5e:ad:5c:4a,9862,10,550,5,-46,S,5c:62:8b:66:67:d2"
1791497707.066,"B,72481,10,5c:62:8b:66:67:d2,2164,4,6654,14,-46,A,5c:62:8b:66:67:d2"
1791497707.066,"B,72481,10,72:3b:01:24:b7:c8,592,8,2054,3,-39,S,5c:62:8b:66:67:d2"
1791497707.066,"B,72481,10,cc:b8:5e:ad:5c:4a,6062,6,110,1,-46,S,5c:62:8b:66:67:d2"
1791497707.267,"B,72581,10,5c:62:8b:66:67:d2,18160,24,41412,42,-45,A,5c:62:8b:66:67:d2"
1791497707.267,"B,72581,10,72:3b:01:24:b7:c8,798,8,17060,14,-39,S,5c:62:8b:66:67:d2"
1791497707.267,"B,72581,10,cc:b8:5e:ad:5c:4a,40614,34,1100,10,-47,S,5c:62:8b:66:67:d2"
1791497707.267,"B,72681,10,5c:62:8b:66:67:d2,2070,3,2110,8,-46,A,5c:62:8b:66:67:d2"
1791497707.267,"B,72681,10,72:3b:01:24:b7:c8,222,5,1960,2,-36,S,5c:62:8b:66:67:d2"
1791497707.267,"B,72681,10,b2:db:ca:e6:29:a6,28,1,0,0,-42,S,5c:62:8b:66:67:d2"
1791497707.267,"B,72681,10,cc:b8:5e:ad:5c:4a,1860,2,110,1,-47,S,5c:62:8b:66:67:d2"
1791497707.467,"B,72781,10,5c:62:8b:66:67:d2,5736,10,11664,26,-45,A,5c:62:8b:66:67:d2"
1791497707.467,"B,72781,10,72:3b:01:24:b7:c8,846,14,5406,7,-39,S,5c:62:8b:66:67:d2"
1791497707.467,"B,72781,10,b2:db:ca:e6:29:a6,56,2,0,0,-43,S,5c:62:8b:66:67:d2"
1791497707.467,"B,72781,10,cc:b8:5e:ad:5c:4a,10762,10,330,3,-47,S,5c:62:8b:66:67:d2"
1791497707.467,"B,72881,10,5c:62:8b:66:67:d2,17975,22,10752,23,-45,A,5c:62:8b:66:67:d2"
1791497707.467,"B,72881,10,72:3b:01:24:b7:c8,876,8,17205,15,-39,S,5c:62:8b:66:67:d2"
1791497707.467,"B,72881,10,b2:db:ca:e6:29:a6,56,2,0,0,-43,S,5c:62:8b:66:67:d2"
1791497707.467,"B,72881,10,cc:b8:5e:ad:5c:4a,9820,13,770,7,-46,S,5c:62:8b:66:67:d2"
1791497707.667,"B,72981,10,5c:62:8b:66:67:d2,18196,22,23410,32,-45,A,5c:62:8b:66:67:d2"
1791497707.667,"B,72981,10,72:3b:01:24:b7:c8,882,11,17316,14,-39,S,5c:62:8b:66:67:d2"
1791497707.667,"B,72981,10,b2:db:ca:e6:29:a6,56,2,0,0,-43,S,5c:62:8b:66:67:d2"
1791497707.667,"B,72981,10,cc:b8:5e:ad:5c:4a,22472,19,880,8,-45,S,5c:62:8b:66:67:d2"
1791497707.667,"B,73081,10,5c:62:8b:66:67:d2,0,0,10530,13,-49,A,5c:62:8b:66:67:d2"
1791497707.667,"B,73081,10,72:3b:01:24:b7:c8,2070,4,0,0,-39,S,5c:62:8b:66:67:d2"
1791497707.667,"B,73081,10,cc:b8:5e:ad:5c:4a,8460,9,0,0,-45,S,5c:62:8b:66:67:d2"
1791497707.867,"B,73181,10,5c:62:8b:66:67:d2,13615,20,14334,23,-45,A,5c:62:8b:66:67:d2"
1791497707.867,"B,73181,10,72:3b:01:24:b7:c8,768,10,12845,13,-39,S,5c:62:8b:66:67:d2"
1791497707.867,"B,73181,10,b2:db:ca:e6:29:a6,28,1,0,0,-44,S,5c:62:8b:66:67:d2"
1791497707.867,"B,73181,10,cc:b8:5e:ad:5c:4a,13538,12,770,7,-45,S,5c:62:8b:66:67:d2"
1791497707.867,"B,73281,10,5c:62:8b:66:67:d2,17728,22,8736,14,-46,A,5c:62:8b:66:67:d2"
1791497707.867,"B,73281,10,72:3b:01:24:b7:c8,770,7,16848,14,-39,S,5c:62:8b:66:67:d2"
1791497708.067,"B,73281,10,cc:b8:5e:ad:5c:4a,7966,7,880,8,-46,S,5c:62:8b:66:67:d2"
1791497708.067,"B,73381,10,5c:62:8b:66:67:d2,5944,14,11844,19,-46,A,5c:62:8b:66:67:d2"
1791497708.067,"B,73381,10,72:3b:01:24:b7:c8,674,8,5284,8,-38,S,5c:62:8b:66:67:d2"
1791497708.067,"B,73381,10,b2:db:ca:e6:29:a6,28,1,0,0,-41,S,5c:62:8b:66:67:d2"
1791497708.067,"B,73381,10,cc:b8:5e:ad:5c:4a,11142,10,660,6,-46,S,5c:62:8b:66:67:d2"
1791497708.067,"B,73481,10,5c:62:8b:66:67:d2,6740,8,1966,9,-45,A,5c:62:8b:66:67:d2"
1791497708.067,"B,73481,10,72:3b:01:24:b7:c8,386,5,6410,5,-39,S,5c:62:8b:66:67:d2"
1791497708.067,"B,73481,10,b2:db:ca:e6:29:a6,28,1,0,0,-43,S,5c:62:8b:66:67:d2"
1791497708.268,"B,73481,10,cc:b8:5e:ad:5c:4a,1552,3,330,3,-45,S,5c:62:8b:66:67:d2"
1791497708.268,"B,73581,10,5c:62:8b:66:67:d2,24268,30,16308,25,-45,A,5c:62:8b:66:67:d2"
1791497708.268,"B,73581,10,72:3b:01:24:b7:c8,990,9,23168,20,-38,S,5c:62:8b:66:67:d2"
1791497708.268,"B,73581,10,b2:db:ca:e6:29:a6,56,2,0,0,-43,S,5c:62:8b:66:67:d2"
1791497708.268,"B,73581,10,cc:b8:5e:ad:5c:4a,15262,14,1100,10,-46,S,5c:62:8b:66:67:d2"
1791497708.268,"B,73681,10,5c:62:8b:66:67:d2,388,2,6966,13,-45,A,5c:62:8b:66:67:d2"
1791497708.268,"B,73681,10,72:3b:01:24:b7:c8,326,6,202,1,-37,S,5c:62:8b:66:67:d2"
1791497708.268,"B,73681,10,cc:b8:5e:ad:5c:4a,6640,7,186,1,-41,S,5c:62:8b:66:67:d2"
1791497708.468,"B,73781,10,5c:62:8b:66:67:d2,13790,19,7466,20,-45,A,5c:62:8b:66:67:d2"
1791497708.468,"B,73781,10,72:3b:01:24:b7:c8,800,11,13020,12,-39,S,5c:62:8b:66:67:d2"
1791497708.468,"B,73781,10,b2:db:ca:e6:29:a6,28,1,0,0,-43,S,5c:62:8b:66:67:d2"
1791497708.468,"B,73781,10,cc:b8:5e:ad:5c:4a,6638,8,770,7,-46,S,5c:62:8b:66:67:d2"
1791497708.468,"B,73881,10,5c:62:8b:66:67:d2,7228,12,7132,14,-45,A,5c:62:8b:66:67:d2"
1791497708.468,"B,73881,10,72:3b:01:24:b7:c8,220,2,6250,5,-39,S,5c:62:8b:66:67:d2"
1791497708.468,"B,73881,10,b2:db:ca:e6:29:a6,56,2,0,0,-41,S,5c:62:8b:66:67:d2"
1791497708.468,"B,73881,10,cc:b8:5e:ad:5c:4a,6856,10,978,7,-45,S,5c:62:8b:66:67:d2"
1791497708.669,"B,73981,10,5c:62:8b:66:67:d2,8166,11,14496,19,-46,A,5c:62:8b:66:67:d2"
1791497708.669,"B,73981,10,72:3b:01:24:b7:c8,386,5,7616,6,-38,S,5c:62:8b:66:67:d2"
1791497708.669,"B,73981,10,b2:db:ca:e6:29:a6,56,2,0,0,-42,S,5c:62:8b:66:67:d2"
1791497708.669,"B,73981,10,cc:b8:5e:ad:5c:4a,14054,12,550,5,-45,S,5c:62:8b:66:67:d2"
1791497708.669,"B,74081,10,5c:62:8b:66:67:d2,21904,24,17360,27,-45,A,5c:62:8b:66:67:d2"
1791497708.669,"B,74081,10,72:3b:01:24:b7:c8,2112,12,21134,17,-39,S,5c:62:8b:66:67:d2"
1791497708.669,"B,74081,10,b2:db:ca:e6:29:a6,56,2,0,0,-42,S,5c:62:8b:66:67:d2"
1791497708.669,"B,74081,10,cc:b8:5e:ad:5c:4a,15192,13,770,7,-45,S,5c:62:8b:66:67:d2"
1791497708.870,"B,74181,10,5c:62:8b:66:67:d2,13685,19,13596,20,-45,A,5c:62:8b:66:67:d2"
1791497708.870,"B,74181,10,72:3b:01:24:b7:c8,766,7,12915,12,-39,S,5c:62:8b:66:67:d2"
1791497708.870,"B,74181,10,b2:db:ca:e6:29:a6,56,2,0,0,-41,S,5c:62:8b:66:67:d2"
1791497708.870,"B,74181,10,cc:b8:5e:ad:5c:4a,12774,11,770,7,-46,S,5c:62:8b:66:67:d2"
1791497708.870,"B,74281,10,5c:62:8b:66:67:d2,0,0,7916,14,-48,A,5c:62:8b:66:67:d2"
1791497708.870,"B,74281,10,72:3b:01:24:b7:c8,196,7,0,0,-39,S,5c:62:8b:66:67:d2"
1791497708.870,"B,74281,10,b2:db:ca:e6:29:a6,28,1,0,0,-43,S,5c:62:8b:66:67:d2"
1791497708.870,"B,74281,10,cc:b8:5e:ad:5c:4a,7692,6,0,0,-46,S,5c:62:8b:66:67:d2"
1791497709.070,"B,74381,10,5c:62:8b:66:67:d2,32382,39,18460,26,-45,A,5c:62:8b:66:67:d2"
1791497709.070,"B,74381,10,72:3b:01:24:b7:c8,948,9,30952,26,-39,S,5c:62:8b:66:67:d2"
1791497709.070,"B,74381,10,b2:db:ca:e6:29:a6,56,2,0,0,-42,S,5c:62:8b:66:67:d2"
1791497709.070,"B,74381,10,cc:b8:5e:ad:5c:4a,17456,15,1430,13,-45,S,5c:62:8b:66:67:d2"
1791497709.070,"B,74481,10,5c:62:8b:66:67:d2,220,2,14268,14,-46,A,5c:62:8b:66:67:d2"
1791497709.070,"B,74481,10,72:3b:01:24:b7:c8,110,1,0,0,-39,S,5c:62:8b:66:67:d2"
1791497709.070,"B,74481,10,b2:db:ca:e6:29:a6,56,2,0,0,-37,S,5c:62:8b:66:67:d2"
1791497709.070,"B,74481,10,cc:b8:5e:ad:5c:4a,14102,11,220,2,-44,S,5c:62:8b:66:67:d2"
1791497709.070,"B,74481,10,78:8c:b5:f5:e7:26,84,1,0,0,-81,A,78:8c:b5:f5:e7:26"
1791497709.272,"B,74581,10,5c:62:8b:66:67:d2,10300,16,7050,19,-45,A,5c:62:8b:66:67:d2"
1791497709.272,"B,74581,10,72:3b:01:24:b7:c8,636,11,9530,9,-39,S,5c:62:8b:66:67:d2"
1791497709.272,"B,74581,10,cc:b8:5e:ad:5c:4a,6414,8,770,7,-45,S,5c:62:8b:66:67:d2"
1791497709.272,"B,74681,10,5c:62:8b:66:67:d2,12054,15,6428,10,-45,A,5c:62:8b:66:67:d2"
1791497709.272,"B,74681,10,72:3b:01:24:b7:c8,358,4,11504,10,-39,S,5c:62:8b:66:67:d2"
1791497709.272,"B,74681,10,cc:b8:5e:ad:5c:4a,6070,6,550,5,-44,S,5c:62:8b:66:67:d2"
1791497709.272,"B,74681,10,78:8c:b5:f5:e7:26,92,1,0,0,-80,A,78:8c:b5:f5:e7:26"
1791497709.473,"B,74781,10,5c:62:8b:66:67:d2,8500,12,11010,15,-45,A,5c:62:8b:66:67:d2"
1791497709.473,"B,74781,10,72:3b:01:24:b7:c8,468,5,7950,7,-39,S,5c:62:8b:66:67:d2"
1791497709.473,"B,74781,10,cc:b8:5e:ad:5c:4a,10542,10,550,5,-46,S,5c:62:8b:66:67:d2"
1791497709.473,"B,74881,10,5c:62:8b:66:67:d2,19686,19,18418,22,-45,A,5c:62:8b:66:67:d2"
1791497709.473,"B,74881,10,72:3b:01:24:b7:c8,470,8,19356,16,-39,S,5c:62:8b:66:67:d2"
1791497709.473,"B,74881,10,cc:b8:5e:ad:5c:4a,17948,14,330,3,-46,S,5c:62:8b:66:67:d2"
1791497709.674,"B,74981,10,5c:62:8b:66:67:d2,134542,147,154240,167,-45,A,5c:62:8b:66:67:d2"
1791497709.674,"B,74981,10,72:3b:01:24:b7:c8,5500,50,129482,101,-38,S,5c:62:8b:66:67:d2"
1791497709.674,"B,74981,10,cc:b8:5e:ad:5c:4a,148740,117,5060,46,-45,S,5c:62:8b:66:67:d2"
1791497709.674,"B,75081,10,5c:62:8b:66:67:d2,23528,32,30432,42,-45,A,5c:62:8b:66:67:d2"
1791497709.674,"B,75081,10,72:3b:01:24:b7:c8,1514,16,22098,19,-39,S,5c:62:8b:66:67:d2"
1791497709.674,"B,75081,10,cc:b8:5e:ad:5c:4a,28918,26,1430,13,-44,S,5c:62:8b:66:67:d2"
1791497709.877,"I,75101,stat,rx=40818,drops=0,ch=10,bin=100,hop=0,heap=203064"
1791497709.877,"B,75181,10,5c:62:8b:66:67:d2,8774,17,16435,19,-45,A,5c:62:8b:66:67:d2"
1791497709.877,"B,75181,10,72:3b:01:24:b7:c8,5431,8,7894,9,-39,S,5c:62:8b:66:67:d2"
1791497709.877,"B,75181,10,cc:b8:5e:ad:5c:4a,11004,11,880,8,-44,S,5c:62:8b:66:67:d2"
1791497709.877,"B,75281,10,5c:62:8b:66:67:d2,6840,10,5554,9,-45,A,5c:62:8b:66:67:d2"
1791497709.877,"B,75281,10,72:3b:01:24:b7:c8,546,5,6290,5,-39,S,5c:62:8b:66:67:d2"
1791497709.877,"B,75281,10,cc:b8:5e:ad:5c:4a,5008,4,550,5,-46,S,5c:62:8b:66:67:d2"
1791497710.077,"B,75381,10,5c:62:8b:66:67:d2,5900,10,23810,28,-45,A,5c:62:8b:66:67:d2"
1791497710.077,"B,75381,10,72:3b:01:24:b7:c8,706,9,5460,6,-38,S,5c:62:8b:66:67:d2"
1791497710.077,"B,75381,10,cc:b8:5e:ad:5c:4a,23104,19,440,4,-45,S,5c:62:8b:66:67:d2"
1791497710.077,"B,75481,10,5c:62:8b:66:67:d2,14448,18,15820,23,-45,A,5c:62:8b:66:67:d2"
1791497710.077,"B,75481,10,72:3b:01:24:b7:c8,932,10,13678,11,-39,S,5c:62:8b:66:67:d2"
1791497710.077,"B,75481,10,cc:b8:5e:ad:5c:4a,14888,13,770,7,-45,S,5c:62:8b:66:67:d2"
1791497710.281,"B,75581,10,5c:62:8b:66:67:d2,15480,18,15308,19,-45,A,5c:62:8b:66:67:d2"
1791497710.281,"B,75581,10,72:3b:01:24:b7:c8,550,5,14820,12,-39,S,5c:62:8b:66:67:d2"
1791497710.281,"B,75581,10,cc:b8:5e:ad:5c:4a,14758,14,660,6,-44,S,5c:62:8b:66:67:d2"
1791497710.281,"B,75681,10,5c:62:8b:66:67:d2,656,2,1994,8,-46,A,5c:62:8b:66:67:d2"
1791497710.281,"B,75681,10,72:3b:01:24:b7:c8,222,5,546,1,-40,S,5c:62:8b:66:67:d2"
1791497710.281,"B,75681,10,cc:b8:5e:ad:5c:4a,1772,3,110,1,-46,S,5c:62:8b:66:67:d2"
1791497710.482,"B,75781,10,5c:62:8b:66:67:d2,3224,6,9718,14,-45,A,5c:62:8b:66:67:d2"
1791497710.482,"B,75781,10,72:3b:01:24:b7:c8,386,5,2894,3,-39,S,5c:62:8b:66:67:d2"
1791497710.482,"B,75781,10,cc:b8:5e:ad:5c:4a,9332,9,330,3,-46,S,5c:62:8b:66:67:d2"
1791497710.482,"B,75881,10,5c:62:8b:66:67:d2,17222,23,16434,23,-45,A,5c:62:8b:66:67:d2"
1791497710.482,"B,75881,10,72:3b:01:24:b7:c8,852,8,16370,15,-39,S,5c:62:8b:66:67:d2"
1791497710.482,"B,75881,10,cc:b8:5e:ad:5c:4a,15582,15,852,8,-45,S,5c:62:8b:66:67:d2"
1791497710.482,"B,75881,10,b0:a7:b9:23:82:ee,0,0,60,2,-85,A,b0:a7:b9:23:82:ee"
1791497710.482,"B,75881,10,f2:51:4e:f8:1a:7f,60,2,0,0,-88,S,b0:a7:b9:23:82:ee"
1791497710.686,"B,75981,10,5c:62:8b:66:67:d2,1646,3,5148,12,-45,A,5c:62:8b:66:67:d2"
1791497710.686,"B,75981,10,72:3b:01:24:b7:c8,166,3,1536,2,-40,S,5c:62:8b:66:67:d2"
1791497710.686,"B,75981,10,b2:db:ca:e6:29:a6,84,3,0,0,-42,S,5c:62:8b:66:67:d2"
1791497710.686,"B,75981,10,cc:b8:5e:ad:5c:4a,4898,6,110,1,-47,S,5c:62:8b:66:67:d2"
1791497710.686,"B,75981,10,b0:a7:b9:23:82:ee,0,0,30,1,0,A,b0:a7:b9:23:82:ee"
1791497710.686,"B,75981,10,f2:51:4e:f8:1a:7f,30,1,0,0,-90,S,b0:a7:b9:23:82:ee"
1791497710.686,"B,76081,10,5c:62:8b:66:67:d2,1392,2,6608,11,-46,A,5c:62:8b:66:67:d2"
1791497710.686,"B,76081,10,72:3b:01:24:b7:c8,1396,4,1282,1,-40,S,5c:62:8b:66:67:d2"
1791497710.686,"B,76081,10,b2:db:ca:e6:29:a6,56,2,0,0,-42,S,5c:62:8b:66:67:d2"
1791497710.686,"B,76081,10,cc:b8:5e:ad:5c:4a,5156,5,110,1,-45,S,5c:62:8b:66:67:d2"
1791497710.886,"B,76181,10,5c:62:8b:66:67:d2,43699,42,20348,29,-45,A,5c:62:8b:66:67:d2"
1791497710.886,"B,76181,10,72:3b:01:24:b7:c8,1096,10,42929,35,-39,S,5c:62:8b:66:67:d2"
1791497710.886,"B,76181,10,b2:db:ca:e6:29:a6,56,2,0,0,-43,S,5c:62:8b:66:67:d2"
1791497710.886,"B,76181,10,cc:b8:5e:ad:5c:4a,19196,17,770,7,-46,S,5c:62:8b:66:67:d2"
1791497710.886,"B,76281,10,5c:62:8b:66:67:d2,7152,12,3474,15,-46,A,5c:62:8b:66:67:d2"
1791497710.886,"B,76281,10,72:3b:01:24:b7:c8,800,11,6492,6,-38,S,5c:62:8b:66:67:d2"
1791497710.886,"B,76281,10,b2:db:ca:e6:29:a6,28,1,0,0,-42,S,5c:62:8b:66:67:d2"
1791497710.886,"B,76281,10,cc:b8:5e:ad:5c:4a,2646,3,660,6,-47,S,5c:62:8b:66:67:d2"
1791497711.091,"B,76381,10,5c:62:8b:66:67:d2,4898,19,11914,21,-45,A,5c:62:8b:66:67:d2"
1791497711.091,"B,76381,10,72:3b:01:24:b7:c8,704,8,4678,17,-39,S,5c:62:8b:66:67:d2"
1791497711.091,"B,76381,10,b2:db:ca:e6:29:a6,84,3,0,0,-42,S,5c:62:8b:66:67:d2"
1791497711.091,"B,76381,10,cc:b8:5e:ad:5c:4a,11126,10,220,2,-46,S,5c:62:8b:66:67:d2"
1791497711.091,"B,76481,10,5c:62:8b:66:67:d2,11885,15,4322,15,-45,A,5c:62:8b:66:67:d2"
1791497711.091,"B,76481,10,72:3b:01:24:b7:c8,658,9,11445,11,-39,S,5c:62:8b:66:67:d2"
1791497711.091,"B,76481,10,b2:db:ca:e6:29:a6,28,1,0,0,-42,S,5c:62:8b:66:67:d2"
1791497711.091,"B,76481,10,cc:b8:5e:ad:5c:4a,3636,5,440,4,-45,S,5c:62:8b:66:67:d2"
1791497711.294,"B,76581,10,5c:62:8b:66:67:d2,10808,18,10700,20,-45,A,5c:62:8b:66:67:d2"
1791497711.294,"B,76581,10,72:3b:01:24:b7:c8,736,6,9852,10,-39,S,5c:62:8b:66:67:d2"
1791497711.294,"B,76581,10,b2:db:ca:e6:29:a6,84,3,0,0,-42,S,5c:62:8b:66:67:d2"
1791497711.294,"B,76581,10,cc:b8:5e:ad:5c:4a,9880,11,956,8,-46,S,5c:62:8b:66:67:d2"
1791497711.294,"M,76619,slot,11,0"
1791497711.294,"B,76681,10,5c:62:8b:66:67:d2,0,0,6494,8,-48,A,5c:62:8b:66:67:d2"
1791497711.294,"B,76681,10,72:3b:01:24:b7:c8,56,2,0,0,-40,S,5c:62:8b:66:67:d2"
1791497711.294,"B,76681,10,b2:db:ca:e6:29:a6,28,1,0,0,-41,S,5c:62:8b:66:67:d2"
1791497711.294,"B,76681,10,cc:b8:5e:ad:5c:4a,6410,5,0,0,-43,S,5c:62:8b:66:67:d2"
1791497711.496,"B,76781,10,5c:62:8b:66:67:d2,28663,35,30816,46,-45,A,5c:62:8b:66:67:d2"
1791497711.496,"B,76781,10,72:3b:01:24:b7:c8,1608,15,27453,24,-39,S,5c:62:8b:66:67:d2"
1791497711.496,"B,76781,10,b2:db:ca:e6:29:a6,56,2,0,0,-41,S,5c:62:8b:66:67:d2"
1791497711.496,"B,76781,10,cc:b8:5e:ad:5c:4a,29152,29,1210,11,-46,S,5c:62:8b:66:67:d2"
1791497711.496,"B,76881,10,5c:62:8b:66:67:d2,6056,8,6336,18,-45,A,5c:62:8b:66:67:d2"
1791497711.496,"B,76881,10,72:3b:01:24:b7:c8,554,11,5726,5,-39,S,5c:62:8b:66:67:d2"
1791497711.496,"B,76881,10,b2:db:ca:e6:29:a6,28,1,0,0,-41,S,5c:62:8b:66:67:d2"
1791497711.496,"B,76881,10,cc:b8:5e:ad:5c:4a,5754,6,330,3,-47,S,5c:62:8b:66:67:d2"
1791497711.698,"B,76981,10,5c:62:8b:66:67:d2,7566,9,14284,25,-46,A,5c:62:8b:66:67:d2"
1791497711.698,"B,76981,10,72:3b:01:24:b7:c8,498,9,7236,6,-39,S,5c:62:8b:66:67:d2"
1791497711.698,"B,76981,10,b2:db:ca:e6:29:a6,28,1,0,0,-42,S,5c:62:8b:66:67:d2"
1791497711.698,"B,76981,10,cc:b8:5e:ad:5c:4a,13758,15,330,3,-46,S,5c:62:8b:66:67:d2"
1791497711.698,"B,77081,10,5c:62:8b:66:67:d2,6856,12,11998,20,-46,A,5c:62:8b:66:67:d2"
1791497711.698,"B,77081,10,72:3b:01:24:b7:c8,4342,14,6086,5,-39,S,5c:62:8b:66:67:d2"
1791497711.698,"B,77081,10,cc:b8:5e:ad:5c:4a,7656,6,770,7,-47,S,5c:62:8b:66:67:d2"
1791497711.903,"B,77181,10,5c:62:8b:66:67:d2,12055,18,12894,16,-46,A,5c:62:8b:66:67:d2"
1791497711.903,"B,77181,10,72:3b:01:24:b7:c8,436,4,11395,12,-39,S,5c:62:8b:66:67:d2"
1791497711.903,"B,77181,10,cc:b8:5e:ad:5c:4a,12458,12,660,6,-46,S,5c:62:8b:66:67:d2"
1791497711.903,"B,77281,10,5c:62:8b:66:67:d2,0,0,2004,7,-48,A,5c:62:8b:66:67:d2"
1791497711.903,"B,77281,10,72:3b:01:24:b7:c8,112,4,0,0,-39,S,5c:62:8b:66:67:d2"
1791497711.903,"B,77281,10,b2:db:ca:e6:29:a6,28,1,0,0,-42,S,5c:62:8b:66:67:d2"
1791497711.903,"B,77281,10,cc:b8:5e:ad:5c:4a,1864,2,0,0,-47,S,5c:62:8b:66:67:d2"
1791497712.106,"B,77381,10,5c:62:8b:66:67:d2,11953,17,12194,24,-45,A,5c:62:8b:66:67:d2"
1791497712.106,"B,77381,10,72:3b:01:24:b7:c8,948,9,11403,12,-39,S,5c:62:8b:66:67:d2"
1791497712.106,"B,77381,10,b2:db:ca:e6:29:a6,84,3,0,0,-42,S,5c:62:8b:66:67:d2"
1791497712.106,"B,77381,10,cc:b8:5e:ad:5c:4a,11162,12,550,5,-46,S,5c:62:8b:66:67:d2"
1791497712.106,"B,77481,10,5c:62:8b:66:67:d2,9720,12,9776,14,-46,A,5c:62:8b:66:67:d2"
1791497712.106,"B,77481,10,72:3b:01:24:b7:c8,440,4,9280,8,-39,S,5c:62:8b:66:67:d2"
1791497712.106,"B,77481,10,b2:db:ca:e6:29:a6,56,2,0,0,-42,S,5c:62:8b:66:67:d2"
1791497712.106,"B,77481,10,cc:b8:5e:ad:5c:4a,9280,8,440,4,-47,S,5c:62:8b:66:67:d2"
1791497712.106,"B,77481,10,80:af:ca:68:4c:f8,84,1,0,0,-83,A,80:af:ca:68:4c:f8"
1791497712.308,"B,77581,10,5c:62:8b:66:67:d2,15174,19,19542,30,-46,A,5c:62:8b:66:67:d2"
1791497712.308,"B,77581,10,72:3b:01:24:b7:c8,1050,12,14404,12,-39,S,5c:62:8b:66:67:d2"
1791497712.308,"B,77581,10,b2:db:ca:e6:29:a6,28,1,0,0,-43,S,5c:62:8b:66:67:d2"
1791497712.308,"B,77581,10,cc:b8:5e:ad:5c:4a,18464,17,770,7,-46,S,5c:62:8b:66:67:d2"
1791497712.308,"B,77681,10,5c:62:8b:66:67:d2,20260,22,496,6,-46,A,5c:62:8b:66:67:d2"
1791497712.308,"B,77681,10,72:3b:01:24:b7:c8,468,5,19820,18,-39,S,5c:62:8b:66:67:d2"
1791497712.308,"B,77681,10,b2:db:ca:e6:29:a6,28,1,0,0,-41,S,5c:62:8b:66:67:d2"
1791497712.308,"B,77681,10,cc:b8:5e:ad:5c:4a,0,0,440,4,0,S,5c:62:8b:66:67:d2"
1791497712.512,"B,77781,10,5c:62:8b:66:67:d2,10692,14,23568,26,-46,A,5c:62:8b:66:67:d2"
1791497712.512,"B,77781,10,72:3b:01:24:b7:c8,550,5,10142,9,-39,S,5c:62:8b:66:67:d2"
1791497712.512,"B,77781,10,b2:db:ca:e6:29:a6,28,1,0,0,-43,S,5c:62:8b:66:67:d2"
1791497712.512,"B,77781,10,cc:b8:5e:ad:5c:4a,22990,20,550,5,-46,S,5c:62:8b:66:67:d2"
1791497712.512,"B,77881,10,5c:62:8b:66:67:d2,84908,90,116934,120,-46,A,5c:62:8b:66:67:d2"
1791497712.512,"B,77881,10,72:3b:01:24:b7:c8,2836,31,82048,64,-39,S,5c:62:8b:66:67:d2"
1791497712.512,"B,77881,10,cc:b8:5e:ad:5c:4a,114098,89,2860,26,-46,S,5c:62:8b:66:67:d2"
1791497712.713,"B,77981,10,5c:62:8b:66:67:d2,83686,101,85458,104,-45,A,5c:62:8b:66:67:d2"
1791497712.713,"B,77981,10,72:3b:01:24:b7:c8,4180,38,79506,63,-39,S,5c:62:8b:66:67:d2"
1791497712.713,"B,77981,10,cc:b8:5e:ad:5c:4a,81278,66,4180,38,-46,S,5c:62:8b:66:67:d2"
1791497712.713,"B,78081,10,5c:62:8b:66:67:d2,9220,12,12588,15,-45,A,5c:62:8b:66:67:d2"
1791497712.713,"B,78081,10,72:3b:01:24:b7:c8,4062,7,8780,8,-39,S,5c:62:8b:66:67:d2"
1791497712.713,"B,78081,10,cc:b8:5e:ad:5c:4a,8526,8,440,4,-45,S,5c:62:8b:66:67:d2"
1791497712.915,"B,78181,10,5c:62:8b:66:67:d2,2885,5,4668,10,-45,A,5c:62:8b:66:67:d2"
1791497712.915,"B,78181,10,72:3b:01:24:b7:c8,300,5,2775,4,-38,S,5c:62:8b:66:67:d2"
1791497712.915,"B,78181,10,cc:b8:5e:ad:5c:4a,4368,5,110,1,-44,S,5c:62:8b:66:67:d2"
1791497712.915,"B,78281,10,5c:62:8b:66:67:d2,8704,12,6962,11,-45,A,5c:62:8b:66:67:d2"
1791497712.915,"B,78281,10,72:3b:01:24:b7:c8,644,6,8374,9,-38,S,5c:62:8b:66:67:d2"
1791497712.915,"B,78281,10,cc:b8:5e:ad:5c:4a,6318,5,330,3,-47,S,5c:62:8b:66:67:d2"
1791497712.915,"B,78281,10,80:af:ca:68:4c:f8,205,1,0,0,-83,A,80:af:ca:68:4c:f8"
1791497713.120,"B,78381,10,5c:62:8b:66:67:d2,15007,18,17642,23,-46,A,5c:62:8b:66:67:d2"
1791497713.120,"B,78381,10,72:3b:01:24:b7:c8,948,9,14457,13,-40,S,5c:62:8b:66:67:d2"
1791497713.120,"B,78381,10,cc:b8:5e:ad:5c:4a,16694,14,550,5,-46,S,5c:62:8b:66:67:d2"
1791497713.120,"B,78481,10,5c:62:8b:66:67:d2,1282,1,8930,10,-46,A,5c:62:8b:66:67:d2"
1791497713.120,"B,78481,10,72:3b:01:24:b7:c8,56,2,1282,1,-38,S,5c:62:8b:66:67:d2"
1791497713.120,"B,78481,10,cc:b8:5e:ad:5c:4a,8874,8,0,0,-45,S,5c:62:8b:66:67:d2"
1791497713.324,"B,78581,10,5c:62:8b:66:67:d2,15006,17,3322,11,-45,A,5c:62:8b:66:67:d2"
1791497713.324,"B,78581,10,72:3b:01:24:b7:c8,826,9,14456,12,-39,S,5c:62:8b:66:67:d2"
1791497713.324,"B,78581,10,cc:b8:5e:ad:5c:4a,2496,2,550,5,-46,S,5c:62:8b:66:67:d2"
1791497713.528,"B,78781,10,5c:62:8b:66:67:d2,17204,22,17206,25,-45,A,5c:62:8b:66:67:d2"
1791497713.528,"B,78781,10,72:3b:01:24:b7:c8,744,9,16434,15,-39,S,5c:62:8b:66:67:d2"
1791497713.528,"B,78781,10,cc:b8:5e:ad:5c:4a,16462,16,770,7,-45,S,5c:62:8b:66:67:d2"
1791497713.528,"B,78881,10,5c:62:8b:66:67:d2,7912,8,16260,24,-45,A,5c:62:8b:66:67:d2"
1791497713.528,"B,78881,10,72:3b:01:24:b7:c8,526,10,7692,6,-38,S,5c:62:8b:66:67:d2"
1791497713.528,"B,78881,10,cc:b8:5e:ad:5c:4a,15734,14,220,2,-45,S,5c:62:8b:66:67:d2"
1791497713.730,"B,78981,10,5c:62:8b:66:67:d2,3698,9,5778,16,-45,A,5c:62:8b:66:67:d2"
1791497713.730,"B,78981,10,72:3b:01:24:b7:c8,662,9,3148,4,-40,S,5c:62:8b:66:67:d2"
1791497713.730,"B,78981,10,cc:b8:5e:ad:5c:4a,5116,7,550,5,-46,S,5c:62:8b:66:67:d2"
1791497713.730,"B,79081,10,5c:62:8b:66:67:d2,110,1,6514,9,-47,A,5c:62:8b:66:67:d2"
1791497713.730,"B,79081,10,72:3b:01:24:b7:c8,1358,4,0,0,-39,S,5c:62:8b:66:67:d2"
1791497713.730,"B,79081,10,b2:db:ca:e6:29:a6,28,1,0,0,-42,S,5c:62:8b:66:67:d2"
1791497713.730,"B,79081,10,cc:b8:5e:ad:5c:4a,5128,4,110,1,-46,S,5c:62:8b:66:67:d2"
1791497713.935,"B,79181,10,5c:62:8b:66:67:d2,17289,25,17118,26,-45,A,5c:62:8b:66:67:d2"
1791497713.935,"B,79181,10,72:3b:01:24:b7:c8,1096,10,16079,14,-39,S,5c:62:8b:66:67:d2"
1791497713.935,"B,79181,10,b2:db:ca:e6:29:a6,56,2,0,0,-38,S,5c:62:8b:66:67:d2"
1791497713.935,"B,79181,10,cc:b8:5e:ad:5c:4a,15966,14,1210,11,-46,S,5c:62:8b:66:67:d2"
1791497713.935,"B,79281,10,5c:62:8b:66:67:d2,3004,6,3168,13,-45,A,5c:62:8b:66:67:d2"
1791497713.935,"B,79281,10,72:3b:01:24:b7:c8,552,8,2564,2,-39,S,5c:62:8b:66:67:d2"
1791497713.935,"B,79281,10,b2:db:ca:e6:29:a6,56,2,0,0,-41,S,5c:62:8b:66:67:d2"
1791497713.935,"B,79281,10,cc:b8:5e:ad:5c:4a,2560,3,440,4,-44,S,5c:62:8b:66:67:d2"
1791497714.140,"B,79381,10,5c:62:8b:66:67:d2,6702,9,8350,21,-46,A,5c:62:8b:66:67:d2"
1791497714.140,"B,79381,10,72:3b:01:24:b7:c8,790,12,6372,6,-37,S,5c:62:8b:66:67:d2"
1791497714.140,"B,79381,10,b2:db:ca:e6:29:a6,56,2,0,0,-43,S,5c:62:8b:66:67:d2"
1791497714.140,"B,79381,10,cc:b8:5e:ad:5c:4a,7504,7,330,3,-46,S,5c:62:8b:66:67:d2"
1791497714.140,"B,79481,10,5c:62:8b:66:67:d2,24603,30,17316,34,-45,A,5c:62:8b:66:67:d2"
1791497714.140,"B,79481,10,72:3b:01:24:b7:c8,1560,18,23537,21,-38,S,5c:62:8b:66:67:d2"
1791497714.140,"B,79481,10,b2:db:ca:e6:29:a6,56,2,0,0,-41,S,5c:62:8b:66:67:d2"
1791497714.140,"B,79481,10,cc:b8:5e:ad:5c:4a,15700,14,1066,9,-47,S,5c:62:8b:66:67:d2"
1791497714.345,"B,79581,10,5c:62:8b:66:67:d2,8094,9,11830,15,-46,A,5c:62:8b:66:67:d2"
1791497714.345,"B,79581,10,72:3b:01:24:b7:c8,138,2,7984,8,-37,S,5c:62:8b:66:67:d2"
1791497714.345,"B,79581,10,b2:db:ca:e6:29:a6,56,2,0,0,-43,S,5c:62:8b:66:67:d2"
1791497714.345,"B,79581,10,cc:b8:5e:ad:5c:4a,11636,11,110,1,-44,S,5c:62:8b:66:67:d2"
1791497714.345,"B,79681,10,5c:62:8b:66:67:d2,0,0,1450,7,-49,A,5c:62:8b:66:67:d2"
1791497714.345,"B,79681,10,72:3b:01:24:b7:c8,84,3,0,0,-40,S,5c:62:8b:66:67:d2"
1791497714.345,"B,79681,10,b2:db:ca:e6:29:a6,56,2,0,0,-43,S,5c:62:8b:66:67:d2"
1791497714.345,"B,79681,10,cc:b8:5e:ad:5c:4a,1310,2,0,0,-45,S,5c:62:8b:66:67:d2"
1791497714.547,"B,79781,10,5c:62:8b:66:67:d2,15400,20,8942,24,-45,A,5c:62:8b:66:67:d2"
1791497714.547,"B,79781,10,72:3b:01:24:b7:c8,910,12,14630,13,-39,S,5c:62:8b:66:67:d2"
1791497714.547,"B,79781,10,b2:db:ca:e6:29:a6,84,3,0,0,-42,S,5c:62:8b:66:67:d2"
1791497714.547,"B,79781,10,cc:b8:5e:ad:5c:4a,7948,9,770,7,-46,S,5c:62:8b:66:67:d2"
1791497714.547,"B,79881,10,5c:62:8b:66:67:d2,0,0,12904,13,-48,A,5c:62:8b:66:67:d2"
1791497714.547,"B,79881,10,b2:db:ca:e6:29:a6,84,3,0,0,-42,S,5c:62:8b:66:67:d2"
1791497714.547,"B,79881,10,cc:b8:5e:ad:5c:4a,12820,10,0,0,-44,S,5c:62:8b:66:67:d2"
1791497714.752,"B,79981,10,5c:62:8b:66:67:d2,18482,23,18998,28,-45,A,5c:62:8b:66:67:d2"
1791497714.752,"B,79981,10,72:3b:01:24:b7:c8,964,11,17602,15,-39,S,5c:62:8b:66:67:d2"
1791497714.752,"B,79981,10,b2:db:ca:e6:29:a6,28,1,0,0,-43,S,5c:62:8b:66:67:d2"
1791497714.752,"B,79981,10,cc:b8:5e:ad:5c:4a,18006,16,880,8,-46,S,5c:62:8b:66:67:d2"
1791497714.752,"B,80081,10,5c:62:8b:66:67:d2,16468,20,13952,25,-45,A,5c:62:8b:66:67:d2"
1791497714.752,"B,80081,10,72:3b:01:24:b7:c8,2140,13,15698,13,-39,S,5c:62:8b:66:67:d2"
1791497714.752,"B,80081,10,b2:db:ca:e6:29:a6,28,1,0,0,-42,S,5c:62:8b:66:67:d2"
1791497714.752,"B,80081,10,cc:b8:5e:ad:5c:4a,11784,11,770,7,-46,S,5c:62:8b:66:67:d2"
1791497714.752,"I,80105,stat,rx=42894,drops=0,ch=10,bin=100,hop=0,heap=203064"
1791497714.954,"B,80181,10,5c:62:8b:66:67:d2,6675,8,11340,14,-46,A,5c:62:8b:66:67:d2"
1791497714.954,"B,80181,10,72:3b:01:24:b7:c8,354,4,6455,6,-39,S,5c:62:8b:66:67:d2"
1791497714.954,"B,80181,10,cc:b8:5e:ad:5c:4a,10986,10,220,2,-46,S,5c:62:8b:66:67:d2"
1791497714.954,"B,80281,10,5c:62:8b:66:67:d2,0,0,140,5,-48,A,5c:62:8b:66:67:d2"
1791497714.954,"B,80281,10,72:3b:01:24:b7:c8,140,5,0,0,-38,S,5c:62:8b:66:67:d2"
1791497715.160,"B,80381,10,5c:62:8b:66:67:d2,38273,51,21786,38,-45,A,5c:62:8b:66:67:d2"
1791497715.160,"B,80381,10,72:3b:01:24:b7:c8,1938,18,36403,34,-38,S,5c:62:8b:66:67:d2"
1791497715.160,"B,80381,10,b2:db:ca:e6:29:a6,28,1,0,0,-43,S,5c:62:8b:66:67:d2"
1791497715.160,"B,80381,10,cc:b8:5e:ad:5c:4a,19820,19,1870,17,-46,S,5c:62:8b:66:67:d2"
1791497715.160,"B,80481,10,5c:62:8b:66:67:d2,7734,9,11766,15,-45,A,5c:62:8b:66:67:d2"
1791497715.160,"B,80481,10,72:3b:01:24:b7:c8,330,3,7404,6,-39,S,5c:62:8b:66:67:d2"
1791497715.160,"B,80481,10,b2:db:ca:e6:29:a6,28,1,0,0,-36,S,5c:62:8b:66:67:d2"
1791497715.160,"B,80481,10,cc:b8:5e:ad:5c:4a,11408,11,330,3,-45,S,5c:62:8b:66:67:d2"
1791497715.364,"B,80581,10,5c:62:8b:66:67:d2,11438,15,30634,39,-46,A,5c:62:8b:66:67:d2"
1791497715.364,"B,80581,10,72:3b:01:24:b7:c8,718,11,10778,9,-39,S,5c:62:8b:66:67:d2"
1791497715.364,"B,80581,10,b2:db:ca:e6:29:a6,84,3,0,0,-42,S,5c:62:8b:66:67:d2"
1791497715.364,"B,80581,10,cc:b8:5e:ad:5c:4a,29832,25,660,6,-45,S,5c:62:8b:66:67:d2"
1791497715.364,"B,80681,10,5c:62:8b:66:67:d2,5546,9,5410,10,-46,A,5c:62:8b:66:67:d2"
1791497715.364,"B,80681,10,72:3b:01:24:b7:c8,358,4,4996,4,-39,S,5c:62:8b:66:67:d2"
1791497715.364,"B,80681,10,b2:db:ca:e6:29:a6,56,2,0,0,-41,S,5c:62:8b:66:67:d2"
1791497715.364,"B,80681,10,cc:b8:5e:ad:5c:4a,4996,4,550,5,-47,S,5c:62:8b:66:67:d2"
1791497715.364,"B,80681,10,80:af:ca:68:4c:f8,84,1,0,0,-84,A,80:af:ca:68:4c:f8"
1791497715.564,"B,80781,10,5c:62:8b:66:67:d2,7244,12,14296,24,-46,A,5c:62:8b:66:67:d2"
1791497715.564,"B,80781,10,72:3b:01:24:b7:c8,618,6,6584,6,-39,S,5c:62:8b:66:67:d2"
1791497715.564,"B,80781,10,b2:db:ca:e6:29:a6,56,2,0,0,-41,S,5c:62:8b:66:67:d2"
1791497715.564,"B,80781,10,cc:b8:5e:ad:5c:4a,13622,16,660,6,-46,S,5c:62:8b:66:67:d2"
1791497715.564,"B,80881,10,5c:62:8b:66:67:d2,8358,22,11274,30,-45,A,5c:62:8b:66:67:d2"
1791497715.564,"B,80881,10,72:3b:01:24:b7:c8,962,20,6818,8,-39,S,5c:62:8b:66:67:d2"
1791497715.564,"B,80881,10,b2:db:ca:e6:29:a6,56,2,0,0,-42,S,5c:62:8b:66:67:d2"
1791497715.564,"B,80881,10,cc:b8:5e:ad:5c:4a,10256,8,1540,14,-47,S,5c:62:8b:66:67:d2"
1791497715.564,"B,80981,10,5c:62:8b:66:67:d2,68056,83,77678,90,-45,A,5c:62:8b:66:67:d2"
1791497715.564,"B,80981,10,72:3b:01:24:b7:c8,3266,30,64866,54,-38,S,5c:62:8b:66:67:d2"
1791497715.564,"B,80981,10,b2:db:ca:e6:29:a6,28,1,0,0,-43,S,5c:62:8b:66:67:d2"
1791497715.764,"B,80981,10,cc:b8:5e:ad:5c:4a,74384,59,3190,29,-47,S,5c:62:8b:66:67:d2"
1791497715.764,"B,81081,10,5c:62:8b:66:67:d2,107772,140,121669,136,-45,A,5c:62:8b:66:67:d2"
1791497715.764,"B,81081,10,72:3b:01:24:b7:c8,8793,44,101282,81,-39,S,5c:62:8b:66:67:d2"
1791497715.764,"B,81081,10,b2:db:ca:e6:29:a6,28,1,0,0,-41,S,5c:62:8b:66:67:d2"
1791497715.764,"B,81081,10,cc:b8:5e:ad:5c:4a,112848,91,6490,59,-46,S,5c:62:8b:66:67:d2"
1791497715.764,"B,81181,10,5c:62:8b:66:67:d2,1789,5,4858,12,-46,A,5c:62:8b:66:67:d2"
1791497715.764,"B,81181,10,72:3b:01:24:b7:c8,272,4,1679,4,-39,S,5c:62:8b:66:67:d2"
1791497715.764,"B,81181,10,b2:db:ca:e6:29:a6,28,1,0,0,-42,S,5c:62:8b:66:67:d2"
1791497715.965,"B,81181,10,cc:b8:5e:ad:5c:4a,4558,7,110,1,-47,S,5c:62:8b:66:67:d2"
1791497715.965,"B,81281,10,5c:62:8b:66:67:d2,10428,16,7372,14,-45,A,5c:62:8b:66:67:d2"
1791497715.965,"B,81281,10,72:3b:01:24:b7:c8,606,7,9658,9,-38,S,5c:62:8b:66:67:d2"
1791497715.965,"B,81281,10,cc:b8:5e:ad:5c:4a,6766,7,770,7,-47,S,5c:62:8b:66:67:d2"
1791497715.965,"B,81381,10,5c:62:8b:66:67:d2,11221,19,19798,26,-45,A,5c:62:8b:66:67:d2"
1791497716.165,"B,81381,10,72:3b:01:24:b7:c8,916,8,10451,12,-39,S,5c:62:8b:66:67:d2"
1791497716.165,"B,81381,10,cc:b8:5e:ad:5c:4a,18882,18,770,7,-46,S,5c:62:8b:66:67:d2"
1791497716.165,"B,81481,10,5c:62:8b:66:67:d2,0,0,3722,9,-48,A,5c:62:8b:66:67:d2"
1791497716.165,"B,81481,10,72:3b:01:24:b7:c8,140,5,0,0,-41,S,5c:62:8b:66:67:d2"
1791497716.165,"B,81481,10,cc:b8:5e:ad:5c:4a,3582,4,0,0,-45,S,5c:62:8b:66:67:d2"
1791497716.165,"B,81581,10,5c:62:8b:66:67:d2,19978,25,18934,25,-45,A,5c:62:8b:66:67:d2"
1791497716.366,"B,81581,10,72:3b:01:24:b7:c8,908,9,18988,16,-39,S,5c:62:8b:66:67:d2"
1791497716.366,"B,81581,10,cc:b8:5e:ad:5c:4a,18026,16,990,9,-46,S,5c:62:8b:66:67:d2"
1791497716.366,"B,81681,10,5c:62:8b:66:67:d2,1918,3,1946,4,-46,A,5c:62:8b:66:67:d2"
1791497716.366,"B,81681,10,72:3b:01:24:b7:c8,138,2,1808,2,-39,S,5c:62:8b:66:67:d2"
1791497716.366,"B,81681,10,cc:b8:5e:ad:5c:4a,1808,2,110,1,-46,S,5c:62:8b:66:67:d2"
1791497716.366,"M,81692,end"
1791497716.366,"B,81781,10,5c:62:8b:66:67:d2,1282,1,11164,16,-47,A,5c:62:8b:66:67:d2"
1791497716.366,"B,81781,10,72:3b:01:24:b7:c8,140,5,1282,1,-38,S,5c:62:8b:66:67:d2"
1791497716.366,"B,81781,10,cc:b8:5e:ad:5c:4a,11024,11,0,0,-45,S,5c:62:8b:66:67:d2"
1791497716.566,"B,81881,10,5c:62:8b:66:67:d2,18044,30,20860,26,-45,A,5c:62:8b:66:67:d2"
1791497716.566,"B,81881,10,72:3b:01:24:b7:c8,990,9,16394,15,-38,S,5c:62:8b:66:67:d2"
1791497716.566,"B,81881,10,cc:b8:5e:ad:5c:4a,19870,17,1650,15,-45,S,5c:62:8b:66:67:d2"
1791497716.566,"B,81981,10,5c:62:8b:66:67:d2,18672,22,32776,36,-46,A,5c:62:8b:66:67:d2"
1791497716.766,"B,81981,10,72:3b:01:24:b7:c8,854,10,17792,14,-38,S,5c:62:8b:66:67:d2"
1791497716.766,"B,81981,10,cc:b8:5e:ad:5c:4a,31922,26,880,8,-46,S,5c:62:8b:66:67:d2"
1791497716.766,"B,82081,10,5c:62:8b:66:67:d2,1282,1,1258,2,-46,A,5c:62:8b:66:67:d2"
1791497716.766,"B,82081,10,72:3b:01:24:b7:c8,1258,2,1282,1,-40,S,5c:62:8b:66:67:d2"
1791497716.766,"B,82181,10,5c:62:8b:66:67:d2,20611,26,32296,35,-45,A,5c:62:8b:66:67:d2"
1791497716.766,"B,82181,10,72:3b:01:24:b7:c8,986,9,19621,17,-39,S,5c:62:8b:66:67:d2"
1791497716.766,"B,82181,10,cc:b8:5e:ad:5c:4a,31310,26,990,9,-46,S,5c:62:8b:66:67:d2"
1791497716.967,"B,82281,10,5c:62:8b:66:67:d2,10108,14,5504,11,-46,A,5c:62:8b:66:67:d2"
1791497716.967,"B,82281,10,72:3b:01:24:b7:c8,496,6,9448,8,-39,S,5c:62:8b:66:67:d2"
1791497716.967,"B,82281,10,cc:b8:5e:ad:5c:4a,5008,5,660,6,-46,S,5c:62:8b:66:67:d2"
1791497716.967,"B,82381,10,5c:62:8b:66:67:d2,12517,19,13814,21,-45,A,5c:62:8b:66:67:d2"
1791497716.967,"B,82381,10,72:3b:01:24:b7:c8,754,8,11671,12,-39,S,5c:62:8b:66:67:d2"
1791497716.967,"B,82381,10,cc:b8:5e:ad:5c:4a,13060,13,846,7,-45,S,5c:62:8b:66:67:d2"
1791497717.167,"B,82481,10,5c:62:8b:66:67:d2,25094,31,17242,25,-45,A,5c:62:8b:66:67:d2"
1791497717.167,"B,82481,10,72:3b:01:24:b7:c8,1206,11,23994,21,-39,S,5c:62:8b:66:67:d2"
1791497717.167,"B,82481,10,cc:b8:5e:ad:5c:4a,16036,14,1100,10,-46,S,5c:62:8b:66:67:d2"
1791497717.167,"B,82581,10,5c:62:8b:66:67:d2,7022,9,6942,12,-46,A,5c:62:8b:66:67:d2"
1791497717.167,"B,82581,10,72:3b:01:24:b7:c8,222,5,6692,6,-40,S,5c:62:8b:66:67:d2"
1791497717.167,"B,82581,10,cc:b8:5e:ad:5c:4a,6720,7,330,3,-45,S,5c:62:8b:66:67:d2"
1791497717.368,"B,82681,10,5c:62:8b:66:67:d2,320,3,6920,15,-45,A,5c:62:8b:66:67:d2"
1791497717.368,"B,82681,10,72:3b:01:24:b7:c8,276,4,0,0,-39,S,5c:62:8b:66:67:d2"
1791497717.368,"B,82681,10,b2:db:ca:e6:29:a6,84,3,0,0,-41,S,5c:62:8b:66:67:d2"
1791497717.368,"B,82681,10,cc:b8:5e:ad:5c:4a,6438,6,220,2,-46,S,5c:62:8b:66:67:d2"
1791497717.368,"B,82681,10,46:88:44:6e:4f:e4,122,2,100,1,-37,S,5c:62:8b:66:67:d2"
1791497717.368,"B,82781,10,5c:62:8b:66:67:d2,13410,19,6810,16,-45,A,5c:62:8b:66:67:d2"
1791497717.368,"B,82781,10,72:3b:01:24:b7:c8,606,7,12530,11,-39,S,5c:62:8b:66:67:d2"
1791497717.368,"B,82781,10,b2:db:ca:e6:29:a6,56,2,0,0,-41,S,5c:62:8b:66:67:d2"
1791497717.368,"B,82781,10,cc:b8:5e:ad:5c:4a,6148,7,880,8,-45,S,5c:62:8b:66:67:d2"
1791497717.368,"B,82781,10,78:8c:b5:f5:e7:26,80,1,0,0,-80,A,78:8c:b5:f5:e7:26"
