host_time_s,line
1791393650.483,"I,85,boot,spyscan-e2-sniffer,v0.1,transport=usb-serial-jtag"
1791393650.483,"A,160,1,c2:a5:dd:1b:60:3b,-68,MERCURY_603B"
1791393650.483,"B,185,1,f4:28:9d:ce:e6:09,28,1,0,0,-88,S,c4:16:88:9a:06:5c"
1791393650.483,"B,185,1,c4:16:88:9a:06:5c,0,0,28,1,0,A,c4:16:88:9a:06:5c"
1791393650.684,"B,285,1,f4:28:9d:ce:e6:09,56,2,0,0,-87,S,c4:16:88:9a:06:5c"
1791393650.684,"B,285,1,c4:16:88:9a:06:5c,0,0,56,2,0,A,c4:16:88:9a:06:5c"
1791393650.684,"A,296,1,00:eb:d8:38:aa:a8,-88,1511"
1791393650.684,"I,328,reset"
1791393650.684,"I,329,bin,100"
1791393650.684,"I,329,channel,10"
1791393650.684,"B,385,10,b2:db:ca:e6:29:a6,2592,15,0,0,-33,S,5c:62:8b:66:67:d2"
1791393650.684,"B,385,10,5c:62:8b:66:67:d2,0,0,2592,15,0,A,5c:62:8b:66:67:d2"
1791393650.684,"A,398,10,5c:62:8b:66:67:d2,-58,TP-Link_67D2"
1791393650.884,"B,485,10,b2:db:ca:e6:29:a6,3306,20,0,0,-32,S,5c:62:8b:66:67:d2"
1791393650.884,"B,485,10,5c:62:8b:66:67:d2,0,0,3334,21,-58,A,5c:62:8b:66:67:d2"
1791393650.884,"B,485,10,72:3b:01:24:b7:c8,28,1,0,0,-42,S,5c:62:8b:66:67:d2"
1791393650.884,"B,585,10,b2:db:ca:e6:29:a6,2979,22,0,0,-32,S,5c:62:8b:66:67:d2"
1791393650.884,"B,585,10,5c:62:8b:66:67:d2,0,0,2979,22,-56,A,5c:62:8b:66:67:d2"
1791393650.884,"M,630,baseline"
1791393651.086,"B,685,10,b2:db:ca:e6:29:a6,1602,10,0,0,-32,S,5c:62:8b:66:67:d2"
1791393651.086,"B,685,10,5c:62:8b:66:67:d2,0,0,1602,10,-56,A,5c:62:8b:66:67:d2"
1791393651.086,"B,785,10,b2:db:ca:e6:29:a6,2396,16,0,0,-31,S,5c:62:8b:66:67:d2"
1791393651.086,"B,785,10,5c:62:8b:66:67:d2,0,0,2480,19,-56,A,5c:62:8b:66:67:d2"
1791393651.086,"B,785,10,72:3b:01:24:b7:c8,84,3,0,0,-42,S,5c:62:8b:66:67:d2"
1791393651.288,"B,885,10,b2:db:ca:e6:29:a6,2066,9,0,0,-31,S,5c:62:8b:66:67:d2"
1791393651.288,"B,885,10,5c:62:8b:66:67:d2,0,0,2066,9,-56,A,5c:62:8b:66:67:d2"
1791393651.288,"B,985,10,5c:62:8b:66:67:d2,0,0,28,1,-56,A,5c:62:8b:66:67:d2"
1791393651.288,"B,985,10,72:3b:01:24:b7:c8,28,1,0,0,-42,S,5c:62:8b:66:67:d2"
1791393651.491,"B,1085,10,b2:db:ca:e6:29:a6,56,2,0,0,-34,S,5c:62:8b:66:67:d2"
1791393651.491,"B,1085,10,5c:62:8b:66:67:d2,0,0,168,6,-54,A,5c:62:8b:66:67:d2"
1791393651.491,"B,1085,10,72:3b:01:24:b7:c8,112,4,0,0,-42,S,5c:62:8b:66:67:d2"
1791393651.491,"A,1195,10,e0:bb:0c:05:3a:69,-82,528"
1791393651.696,"B,1285,10,b2:db:ca:e6:29:a6,56,2,0,0,-36,S,5c:62:8b:66:67:d2"
1791393651.696,"B,1285,10,5c:62:8b:66:67:d2,0,0,56,2,-54,A,5c:62:8b:66:67:d2"
1791393651.696,"B,1385,10,5c:62:8b:66:67:d2,0,0,112,4,-54,A,5c:62:8b:66:67:d2"
1791393651.696,"B,1385,10,72:3b:01:24:b7:c8,112,4,0,0,-42,S,5c:62:8b:66:67:d2"
1791393651.901,"B,1485,10,b2:db:ca:e6:29:a6,56,2,0,0,-34,S,5c:62:8b:66:67:d2"
1791393651.901,"B,1485,10,5c:62:8b:66:67:d2,0,0,84,3,-53,A,5c:62:8b:66:67:d2"
1791393651.901,"B,1485,10,72:3b:01:24:b7:c8,28,1,0,0,-43,S,5c:62:8b:66:67:d2"
1791393651.901,"B,1585,10,5c:62:8b:66:67:d2,0,0,84,3,-54,A,5c:62:8b:66:67:d2"
1791393651.901,"B,1585,10,72:3b:01:24:b7:c8,84,3,0,0,-42,S,5c:62:8b:66:67:d2"
1791393652.104,"B,1685,10,b2:db:ca:e6:29:a6,28,1,0,0,-36,S,5c:62:8b:66:67:d2"
1791393652.104,"B,1685,10,5c:62:8b:66:67:d2,0,0,28,1,-54,A,5c:62:8b:66:67:d2"
1791393652.104,"B,1785,10,b2:db:ca:e6:29:a6,56,2,0,0,-34,S,5c:62:8b:66:67:d2"
1791393652.104,"B,1785,10,5c:62:8b:66:67:d2,0,0,252,9,-55,A,5c:62:8b:66:67:d2"
1791393652.104,"B,1785,10,72:3b:01:24:b7:c8,196,7,0,0,-42,S,5c:62:8b:66:67:d2"
1791393652.309,"B,1885,10,5c:62:8b:66:67:d2,0,0,84,3,-54,A,5c:62:8b:66:67:d2"
1791393652.309,"B,1885,10,72:3b:01:24:b7:c8,84,3,0,0,-42,S,5c:62:8b:66:67:d2"
1791393652.309,"B,1985,10,b2:db:ca:e6:29:a6,56,2,0,0,-34,S,5c:62:8b:66:67:d2"
1791393652.309,"B,1985,10,5c:62:8b:66:67:d2,0,0,84,3,-54,A,5c:62:8b:66:67:d2"
1791393652.309,"B,1985,10,72:3b:01:24:b7:c8,28,1,0,0,-42,S,5c:62:8b:66:67:d2"
1791393652.514,"B,2185,10,b2:db:ca:e6:29:a6,162,3,0,0,-34,S,5c:62:8b:66:67:d2"
1791393652.514,"B,2185,10,5c:62:8b:66:67:d2,0,0,218,5,-55,A,5c:62:8b:66:67:d2"
1791393652.514,"B,2185,10,72:3b:01:24:b7:c8,56,2,0,0,-43,S,5c:62:8b:66:67:d2"
1791393652.716,"B,2385,10,b2:db:ca:e6:29:a6,56,2,0,0,-34,S,5c:62:8b:66:67:d2"
1791393652.716,"B,2385,10,5c:62:8b:66:67:d2,0,0,56,2,-56,A,5c:62:8b:66:67:d2"
1791393652.918,"A,2464,10,82:af:ca:28:4c:f8,-85,"
1791393652.918,"B,2485,10,5c:62:8b:66:67:d2,0,0,140,5,-57,A,5c:62:8b:66:67:d2"
1791393652.918,"B,2485,10,72:3b:01:24:b7:c8,140,5,0,0,-43,S,5c:62:8b:66:67:d2"
1791393653.123,"B,2685,10,b2:db:ca:e6:29:a6,84,3,0,0,-33,S,5c:62:8b:66:67:d2"
1791393653.123,"B,2685,10,5c:62:8b:66:67:d2,0,0,140,5,-56,A,5c:62:8b:66:67:d2"
1791393653.123,"B,2685,10,72:3b:01:24:b7:c8,56,2,0,0,-43,S,5c:62:8b:66:67:d2"
1791393653.123,"A,2766,10,80:af:ca:68:4c:f8,-83,Cudy-4CF8"
1791393653.123,"B,2785,10,b2:db:ca:e6:29:a6,28,1,0,0,-38,S,5c:62:8b:66:67:d2"
1791393653.123,"B,2785,10,5c:62:8b:66:67:d2,0,0,28,1,-57,A,5c:62:8b:66:67:d2"
1791393653.328,"B,2885,10,b2:db:ca:e6:29:a6,56,2,0,0,-34,S,5c:62:8b:66:67:d2"
1791393653.328,"B,2885,10,5c:62:8b:66:67:d2,0,0,56,2,-57,A,5c:62:8b:66:67:d2"
1791393653.328,"B,2985,10,5c:62:8b:66:67:d2,0,0,84,3,-56,A,5c:62:8b:66:67:d2"
1791393653.328,"B,2985,10,72:3b:01:24:b7:c8,84,3,0,0,-43,S,5c:62:8b:66:67:d2"
1791393653.533,"B,3085,10,b2:db:ca:e6:29:a6,84,3,0,0,-35,S,5c:62:8b:66:67:d2"
1791393653.533,"B,3085,10,5c:62:8b:66:67:d2,0,0,84,3,-56,A,5c:62:8b:66:67:d2"
1791393653.738,"B,3385,10,b2:db:ca:e6:29:a6,56,2,0,0,-33,S,5c:62:8b:66:67:d2"
1791393653.738,"B,3385,10,5c:62:8b:66:67:d2,0,0,56,2,-56,A,5c:62:8b:66:67:d2"
1791393653.943,"B,3485,10,b2:db:ca:e6:29:a6,28,1,0,0,-33,S,5c:62:8b:66:67:d2"
1791393653.943,"B,3485,10,5c:62:8b:66:67:d2,0,0,84,3,-55,A,5c:62:8b:66:67:d2"
1791393653.943,"B,3485,10,72:3b:01:24:b7:c8,56,2,0,0,-44,S,5c:62:8b:66:67:d2"
1791393653.943,"B,3585,10,b2:db:ca:e6:29:a6,56,2,0,0,-36,S,5c:62:8b:66:67:d2"
1791393653.943,"B,3585,10,5c:62:8b:66:67:d2,0,0,168,6,-55,A,5c:62:8b:66:67:d2"
1791393653.943,"B,3585,10,72:3b:01:24:b7:c8,112,4,0,0,-43,S,5c:62:8b:66:67:d2"
1791393654.144,"B,3785,10,b2:db:ca:e6:29:a6,84,3,0,0,-32,S,5c:62:8b:66:67:d2"
1791393654.144,"B,3785,10,5c:62:8b:66:67:d2,0,0,364,13,-55,A,5c:62:8b:66:67:d2"
1791393654.144,"B,3785,10,72:3b:01:24:b7:c8,280,10,0,0,-43,S,5c:62:8b:66:67:d2"
1791393654.144,"B,3885,10,b2:db:ca:e6:29:a6,28,1,0,0,-33,S,5c:62:8b:66:67:d2"
1791393654.144,"B,3885,10,5c:62:8b:66:67:d2,0,0,28,1,-55,A,5c:62:8b:66:67:d2"
1791393654.345,"B,3985,10,b2:db:ca:e6:29:a6,28,1,0,0,-31,S,5c:62:8b:66:67:d2"
1791393654.345,"B,3985,10,5c:62:8b:66:67:d2,0,0,84,3,-55,A,5c:62:8b:66:67:d2"
1791393654.345,"B,3985,10,72:3b:01:24:b7:c8,56,2,0,0,-43,S,5c:62:8b:66:67:d2"
1791393654.345,"B,4085,10,b2:db:ca:e6:29:a6,28,1,0,0,-36,S,5c:62:8b:66:67:d2"
1791393654.345,"B,4085,10,5c:62:8b:66:67:d2,0,0,112,4,-55,A,5c:62:8b:66:67:d2"
1791393654.345,"B,4085,10,72:3b:01:24:b7:c8,84,3,0,0,-44,S,5c:62:8b:66:67:d2"
1791393654.545,"B,4185,10,b2:db:ca:e6:29:a6,56,2,0,0,-33,S,5c:62:8b:66:67:d2"
1791393654.545,"B,4185,10,5c:62:8b:66:67:d2,0,0,56,2,0,A,5c:62:8b:66:67:d2"
1791393654.545,"B,4285,10,b2:db:ca:e6:29:a6,28,1,0,0,-36,S,5c:62:8b:66:67:d2"
1791393654.545,"B,4285,10,5c:62:8b:66:67:d2,0,0,28,1,-55,A,5c:62:8b:66:67:d2"
1791393654.746,"B,4385,10,b2:db:ca:e6:29:a6,28,1,0,0,-33,S,5c:62:8b:66:67:d2"
1791393654.746,"B,4385,10,5c:62:8b:66:67:d2,0,0,140,5,-56,A,5c:62:8b:66:67:d2"
1791393654.746,"B,4385,10,72:3b:01:24:b7:c8,112,4,0,0,-42,S,5c:62:8b:66:67:d2"
1791393654.746,"B,4485,10,b2:db:ca:e6:29:a6,28,1,0,0,-36,S,5c:62:8b:66:67:d2"
1791393654.746,"B,4485,10,5c:62:8b:66:67:d2,0,0,84,3,-55,A,5c:62:8b:66:67:d2"
1791393654.746,"B,4485,10,72:3b:01:24:b7:c8,56,2,0,0,-43,S,5c:62:8b:66:67:d2"
1791393654.946,"B,4585,10,b2:db:ca:e6:29:a6,28,1,0,0,-32,S,5c:62:8b:66:67:d2"
1791393654.946,"B,4585,10,5c:62:8b:66:67:d2,0,0,56,2,-56,A,5c:62:8b:66:67:d2"
1791393654.946,"B,4585,10,72:3b:01:24:b7:c8,28,1,0,0,-45,S,5c:62:8b:66:67:d2"
1791393654.946,"B,4685,10,b2:db:ca:e6:29:a6,56,2,0,0,-34,S,5c:62:8b:66:67:d2"
1791393654.946,"B,4685,10,5c:62:8b:66:67:d2,0,0,168,6,-56,A,5c:62:8b:66:67:d2"
1791393654.946,"B,4685,10,72:3b:01:24:b7:c8,112,4,0,0,-44,S,5c:62:8b:66:67:d2"
1791393655.147,"B,4785,10,b2:db:ca:e6:29:a6,56,2,0,0,-32,S,5c:62:8b:66:67:d2"
1791393655.147,"B,4785,10,5c:62:8b:66:67:d2,0,0,56,2,-56,A,5c:62:8b:66:67:d2"
1791393655.147,"B,4885,10,b2:db:ca:e6:29:a6,28,1,0,0,-37,S,5c:62:8b:66:67:d2"
1791393655.147,"B,4885,10,5c:62:8b:66:67:d2,0,0,112,4,-56,A,5c:62:8b:66:67:d2"
1791393655.147,"B,4885,10,72:3b:01:24:b7:c8,84,3,0,0,-43,S,5c:62:8b:66:67:d2"
1791393655.348,"B,4985,10,5c:62:8b:66:67:d2,0,0,28,1,-56,A,5c:62:8b:66:67:d2"
1791393655.348,"B,4985,10,72:3b:01:24:b7:c8,28,1,0,0,-43,S,5c:62:8b:66:67:d2"
1791393655.348,"B,5085,10,5c:62:8b:66:67:d2,0,0,28,1,-56,A,5c:62:8b:66:67:d2"
1791393655.348,"B,5085,10,72:3b:01:24:b7:c8,28,1,0,0,-44,S,5c:62:8b:66:67:d2"
1791393655.348,"I,5089,stat,rx=282,drops=0,ch=10,bin=100,hop=0,heap=203064"
1791393655.549,"B,5185,10,b2:db:ca:e6:29:a6,56,2,0,0,-32,S,5c:62:8b:66:67:d2"
1791393655.549,"B,5185,10,5c:62:8b:66:67:d2,0,0,168,6,-55,A,5c:62:8b:66:67:d2"
1791393655.549,"B,5185,10,72:3b:01:24:b7:c8,112,4,0,0,-43,S,5c:62:8b:66:67:d2"
1791393655.549,"B,5285,10,b2:db:ca:e6:29:a6,28,1,0,0,-32,S,5c:62:8b:66:67:d2"
1791393655.549,"B,5285,10,5c:62:8b:66:67:d2,0,0,28,1,-56,A,5c:62:8b:66:67:d2"
1791393655.750,"B,5385,10,b2:db:ca:e6:29:a6,28,1,0,0,-31,S,5c:62:8b:66:67:d2"
1791393655.750,"B,5385,10,5c:62:8b:66:67:d2,0,0,28,1,-56,A,5c:62:8b:66:67:d2"
1791393655.750,"B,5485,10,b2:db:ca:e6:29:a6,28,1,0,0,-32,S,5c:62:8b:66:67:d2"
1791393655.750,"B,5485,10,5c:62:8b:66:67:d2,0,0,168,6,-57,A,5c:62:8b:66:67:d2"
1791393655.750,"B,5485,10,72:3b:01:24:b7:c8,140,5,0,0,-43,S,5c:62:8b:66:67:d2"
1791393655.954,"B,5585,10,b2:db:ca:e6:29:a6,84,3,0,0,-32,S,5c:62:8b:66:67:d2"
1791393655.954,"B,5585,10,5c:62:8b:66:67:d2,0,0,112,4,-59,A,5c:62:8b:66:67:d2"
1791393655.954,"B,5585,10,72:3b:01:24:b7:c8,28,1,0,0,-44,S,5c:62:8b:66:67:d2"
1791393656.158,"B,5785,10,b2:db:ca:e6:29:a6,56,2,0,0,-37,S,5c:62:8b:66:67:d2"
1791393656.158,"B,5785,10,5c:62:8b:66:67:d2,0,0,196,7,-59,A,5c:62:8b:66:67:d2"
1791393656.158,"B,5785,10,72:3b:01:24:b7:c8,140,5,0,0,-45,S,5c:62:8b:66:67:d2"
1791393656.158,"B,5885,10,b2:db:ca:e6:29:a6,28,1,0,0,-31,S,5c:62:8b:66:67:d2"
1791393656.158,"B,5885,10,5c:62:8b:66:67:d2,0,0,28,1,-60,A,5c:62:8b:66:67:d2"
1791393656.362,"B,5985,10,b2:db:ca:e6:29:a6,56,2,0,0,-32,S,5c:62:8b:66:67:d2"
1791393656.362,"B,5985,10,5c:62:8b:66:67:d2,0,0,168,6,-60,A,5c:62:8b:66:67:d2"
1791393656.362,"B,5985,10,72:3b:01:24:b7:c8,112,4,0,0,-45,S,5c:62:8b:66:67:d2"
1791393656.362,"B,6085,10,b2:db:ca:e6:29:a6,56,2,0,0,-35,S,5c:62:8b:66:67:d2"
1791393656.362,"B,6085,10,5c:62:8b:66:67:d2,0,0,84,3,-60,A,5c:62:8b:66:67:d2"
1791393656.362,"B,6085,10,72:3b:01:24:b7:c8,28,1,0,0,-46,S,5c:62:8b:66:67:d2"
1791393656.566,"B,6185,10,b2:db:ca:e6:29:a6,28,1,0,0,-33,S,5c:62:8b:66:67:d2"
1791393656.566,"B,6185,10,5c:62:8b:66:67:d2,0,0,28,1,-61,A,5c:62:8b:66:67:d2"
1791393656.566,"B,6285,10,b2:db:ca:e6:29:a6,56,2,0,0,-32,S,5c:62:8b:66:67:d2"
1791393656.566,"B,6285,10,5c:62:8b:66:67:d2,0,0,84,3,-60,A,5c:62:8b:66:67:d2"
1791393656.566,"B,6285,10,72:3b:01:24:b7:c8,28,1,0,0,-46,S,5c:62:8b:66:67:d2"
1791393656.766,"B,6485,10,b2:db:ca:e6:29:a6,56,2,0,0,-31,S,5c:62:8b:66:67:d2"
1791393656.766,"B,6485,10,5c:62:8b:66:67:d2,0,0,84,3,-57,A,5c:62:8b:66:67:d2"
1791393656.766,"B,6485,10,72:3b:01:24:b7:c8,28,1,0,0,-43,S,5c:62:8b:66:67:d2"
1791393656.971,"B,6585,10,5c:62:8b:66:67:d2,0,0,140,5,-58,A,5c:62:8b:66:67:d2"
1791393656.971,"B,6585,10,72:3b:01:24:b7:c8,140,5,0,0,-43,S,5c:62:8b:66:67:d2"
1791393656.971,"B,6685,10,b2:db:ca:e6:29:a6,56,2,0,0,-35,S,5c:62:8b:66:67:d2"
1791393656.971,"B,6685,10,5c:62:8b:66:67:d2,0,0,56,2,-59,A,5c:62:8b:66:67:d2"
1791393657.174,"B,6785,10,b2:db:ca:e6:29:a6,28,1,0,0,-32,S,5c:62:8b:66:67:d2"
1791393657.174,"B,6785,10,5c:62:8b:66:67:d2,0,0,28,1,-60,A,5c:62:8b:66:67:d2"
1791393657.174,"B,6885,10,b2:db:ca:e6:29:a6,28,1,0,0,-36,S,5c:62:8b:66:67:d2"
1791393657.174,"B,6885,10,5c:62:8b:66:67:d2,0,0,112,4,-59,A,5c:62:8b:66:67:d2"
1791393657.174,"B,6885,10,72:3b:01:24:b7:c8,84,3,0,0,-45,S,5c:62:8b:66:67:d2"
1791393657.378,"B,6985,10,b2:db:ca:e6:29:a6,28,1,0,0,-37,S,5c:62:8b:66:67:d2"
1791393657.378,"B,6985,10,5c:62:8b:66:67:d2,0,0,28,1,-58,A,5c:62:8b:66:67:d2"
1791393657.378,"B,7085,10,5c:62:8b:66:67:d2,0,0,140,5,-58,A,5c:62:8b:66:67:d2"
1791393657.378,"B,7085,10,72:3b:01:24:b7:c8,140,5,0,0,-45,S,5c:62:8b:66:67:d2"
1791393657.584,"B,7185,10,b2:db:ca:e6:29:a6,162,3,0,0,-31,S,5c:62:8b:66:67:d2"
1791393657.584,"B,7185,10,5c:62:8b:66:67:d2,0,0,162,3,-57,A,5c:62:8b:66:67:d2"
1791393657.584,"B,7285,10,b2:db:ca:e6:29:a6,28,1,0,0,-36,S,5c:62:8b:66:67:d2"
1791393657.584,"B,7285,10,5c:62:8b:66:67:d2,0,0,28,1,-57,A,5c:62:8b:66:67:d2"
1791393657.784,"B,7385,10,b2:db:ca:e6:29:a6,162,3,0,0,-31,S,5c:62:8b:66:67:d2"
1791393657.784,"B,7385,10,5c:62:8b:66:67:d2,0,0,218,5,-56,A,5c:62:8b:66:67:d2"
1791393657.784,"B,7385,10,72:3b:01:24:b7:c8,56,2,0,0,-45,S,5c:62:8b:66:67:d2"
1791393657.784,"B,7485,10,b2:db:ca:e6:29:a6,162,3,0,0,-30,S,5c:62:8b:66:67:d2"
1791393657.784,"B,7485,10,5c:62:8b:66:67:d2,0,0,218,5,-56,A,5c:62:8b:66:67:d2"
1791393657.784,"B,7485,10,72:3b:01:24:b7:c8,56,2,0,0,-45,S,5c:62:8b:66:67:d2"
1791393657.990,"B,7585,10,b2:db:ca:e6:29:a6,56,2,0,0,-31,S,5c:62:8b:66:67:d2"
1791393657.990,"B,7585,10,5c:62:8b:66:67:d2,0,0,56,2,-55,A,5c:62:8b:66:67:d2"
1791393657.990,"B,7685,10,b2:db:ca:e6:29:a6,289,1,0,0,-30,S,5c:62:8b:66:67:d2"
1791393657.990,"B,7685,10,5c:62:8b:66:67:d2,0,0,345,3,-56,A,5c:62:8b:66:67:d2"
1791393657.990,"B,7685,10,72:3b:01:24:b7:c8,56,2,0,0,-45,S,5c:62:8b:66:67:d2"
1791393658.195,"B,7785,10,b2:db:ca:e6:29:a6,28,1,0,0,-33,S,5c:62:8b:66:67:d2"
1791393658.195,"B,7785,10,5c:62:8b:66:67:d2,0,0,28,1,-55,A,5c:62:8b:66:67:d2"
1791393658.195,"B,7885,10,b2:db:ca:e6:29:a6,28,1,0,0,-32,S,5c:62:8b:66:67:d2"
1791393658.195,"B,7885,10,5c:62:8b:66:67:d2,0,0,112,4,-55,A,5c:62:8b:66:67:d2"
1791393658.195,"B,7885,10,72:3b:01:24:b7:c8,84,3,0,0,-44,S,5c:62:8b:66:67:d2"
1791393658.396,"B,7985,10,b2:db:ca:e6:29:a6,28,1,0,0,-31,S,5c:62:8b:66:67:d2"
1791393658.396,"B,7985,10,5c:62:8b:66:67:d2,0,0,140,5,-55,A,5c:62:8b:66:67:d2"
1791393658.396,"B,7985,10,72:3b:01:24:b7:c8,112,4,0,0,-45,S,5c:62:8b:66:67:d2"
1791393658.396,"B,8085,10,b2:db:ca:e6:29:a6,56,2,6885,12,-31,S,5c:62:8b:66:67:d2"
1791393658.396,"B,8085,10,5c:62:8b:66:67:d2,6885,12,56,2,-50,A,5c:62:8b:66:67:d2"
1791393658.600,"B,8185,10,b2:db:ca:e6:29:a6,584,1,507,3,-32,S,5c:62:8b:66:67:d2"
1791393658.600,"B,8185,10,5c:62:8b:66:67:d2,507,3,696,5,-51,A,5c:62:8b:66:67:d2"
1791393658.600,"B,8185,10,72:3b:01:24:b7:c8,112,4,0,0,-45,S,5c:62:8b:66:67:d2"
1791393658.600,"A,8203,10,b0:a7:b9:23:82:ee,-91,________ __ ________"
1791393658.600,"B,8285,10,b2:db:ca:e6:29:a6,799,2,0,0,-31,S,5c:62:8b:66:67:d2"
1791393658.600,"B,8285,10,5c:62:8b:66:67:d2,0,0,799,2,-54,A,5c:62:8b:66:67:d2"
1791393658.805,"B,8385,10,b2:db:ca:e6:29:a6,186,2,0,0,-31,S,5c:62:8b:66:67:d2"
1791393658.805,"B,8385,10,5c:62:8b:66:67:d2,0,0,186,2,0,A,5c:62:8b:66:67:d2"
1791393658.805,"B,8485,10,5c:62:8b:66:67:d2,0,0,56,2,-54,A,5c:62:8b:66:67:d2"
1791393658.805,"B,8485,10,72:3b:01:24:b7:c8,56,2,0,0,-45,S,5c:62:8b:66:67:d2"
1791393659.010,"B,8585,10,b2:db:ca:e6:29:a6,1425,7,0,0,-31,S,5c:62:8b:66:67:d2"
1791393659.010,"B,8585,10,5c:62:8b:66:67:d2,0,0,1453,8,-56,A,5c:62:8b:66:67:d2"
1791393659.010,"B,8585,10,72:3b:01:24:b7:c8,28,1,0,0,-46,S,5c:62:8b:66:67:d2"
1791393659.010,"B,8685,10,b2:db:ca:e6:29:a6,3700,24,13618,26,-30,S,5c:62:8b:66:67:d2"
1791393659.010,"B,8685,10,5c:62:8b:66:67:d2,13618,26,3700,24,-50,A,5c:62:8b:66:67:d2"
1791393659.212,"B,8785,10,b2:db:ca:e6:29:a6,3138,14,6210,12,-31,S,5c:62:8b:66:67:d2"
1791393659.212,"B,8785,10,5c:62:8b:66:67:d2,6210,12,3250,18,-50,A,5c:62:8b:66:67:d2"
1791393659.212,"B,8785,10,72:3b:01:24:b7:c8,112,4,0,0,-45,S,5c:62:8b:66:67:d2"
1791393659.212,"B,8885,10,b2:db:ca:e6:29:a6,4323,17,6061,13,-30,S,5c:62:8b:66:67:d2"
1791393659.212,"B,8885,10,5c:62:8b:66:67:d2,6061,13,4323,17,-50,A,5c:62:8b:66:67:d2"
1791393659.415,"B,8985,10,b2:db:ca:e6:29:a6,1851,13,2948,4,-31,S,5c:62:8b:66:67:d2"
1791393659.415,"B,8985,10,5c:62:8b:66:67:d2,2948,4,1879,14,-50,A,5c:62:8b:66:67:d2"
1791393659.415,"B,8985,10,72:3b:01:24:b7:c8,28,1,0,0,-45,S,5c:62:8b:66:67:d2"
1791393659.415,"B,9085,10,b2:db:ca:e6:29:a6,6092,13,6242,17,-31,S,5c:62:8b:66:67:d2"
1791393659.415,"B,9085,10,5c:62:8b:66:67:d2,6242,17,6120,14,-50,A,5c:62:8b:66:67:d2"
1791393659.415,"B,9085,10,72:3b:01:24:b7:c8,28,1,0,0,-45,S,5c:62:8b:66:67:d2"
1791393659.621,"B,9185,10,b2:db:ca:e6:29:a6,5562,20,4106,12,-30,S,5c:62:8b:66:67:d2"
1791393659.621,"B,9185,10,5c:62:8b:66:67:d2,4106,12,5562,20,-50,A,5c:62:8b:66:67:d2"
1791393659.621,"B,9285,10,b2:db:ca:e6:29:a6,3384,19,11694,17,-30,S,5c:62:8b:66:67:d2"
1791393659.621,"B,9285,10,5c:62:8b:66:67:d2,11694,17,3468,22,-50,A,5c:62:8b:66:67:d2"
1791393659.621,"B,9285,10,72:3b:01:24:b7:c8,84,3,0,0,-44,S,5c:62:8b:66:67:d2"
1791393659.822,"B,9385,10,b2:db:ca:e6:29:a6,4271,28,7677,17,-31,S,5c:62:8b:66:67:d2"
1791393659.822,"B,9385,10,5c:62:8b:66:67:d2,7677,17,4271,28,-50,A,5c:62:8b:66:67:d2"
1791393659.822,"B,9485,10,b2:db:ca:e6:29:a6,2508,14,2022,6,-30,S,5c:62:8b:66:67:d2"
1791393659.822,"B,9485,10,5c:62:8b:66:67:d2,2022,6,2564,16,-50,A,5c:62:8b:66:67:d2"
1791393659.822,"B,9485,10,72:3b:01:24:b7:c8,56,2,0,0,-44,S,5c:62:8b:66:67:d2"
1791393660.027,"B,9585,10,b2:db:ca:e6:29:a6,2292,14,768,5,-31,S,5c:62:8b:66:67:d2"
1791393660.027,"B,9585,10,5c:62:8b:66:67:d2,768,5,2404,18,-50,A,5c:62:8b:66:67:d2"
1791393660.027,"B,9585,10,72:3b:01:24:b7:c8,112,4,0,0,-48,S,5c:62:8b:66:67:d2"
1791393660.027,"B,9685,10,b2:db:ca:e6:29:a6,2471,14,286,2,-33,S,5c:62:8b:66:67:d2"
1791393660.027,"B,9685,10,5c:62:8b:66:67:d2,286,2,2471,14,-51,A,5c:62:8b:66:67:d2"
1791393660.232,"B,9785,10,b2:db:ca:e6:29:a6,3921,21,8878,23,-31,S,5c:62:8b:66:67:d2"
1791393660.232,"B,9785,10,5c:62:8b:66:67:d2,8878,23,4033,25,-47,A,5c:62:8b:66:67:d2"
1791393660.232,"B,9785,10,72:3b:01:24:b7:c8,112,4,0,0,-47,S,5c:62:8b:66:67:d2"
1791393660.232,"B,9885,10,b2:db:ca:e6:29:a6,2505,13,2381,6,-30,S,5c:62:8b:66:67:d2"
1791393660.232,"B,9885,10,5c:62:8b:66:67:d2,2381,6,2673,19,-47,A,5c:62:8b:66:67:d2"
1791393660.232,"B,9885,10,72:3b:01:24:b7:c8,168,6,0,0,-46,S,5c:62:8b:66:67:d2"
1791393660.436,"B,9985,10,b2:db:ca:e6:29:a6,5801,24,8977,22,-31,S,5c:62:8b:66:67:d2"
1791393660.436,"B,9985,10,5c:62:8b:66:67:d2,8977,22,5885,27,-44,A,5c:62:8b:66:67:d2"
1791393660.436,"B,9985,10,72:3b:01:24:b7:c8,84,3,0,0,-45,S,5c:62:8b:66:67:d2"
1791393660.436,"B,10085,10,b2:db:ca:e6:29:a6,398,4,867,5,-30,S,5c:62:8b:66:67:d2"
1791393660.436,"B,10085,10,5c:62:8b:66:67:d2,867,5,426,5,-44,A,5c:62:8b:66:67:d2"
1791393660.436,"B,10085,10,72:3b:01:24:b7:c8,28,1,0,0,-45,S,5c:62:8b:66:67:d2"
1791393660.436,"I,10093,stat,rx=937,drops=0,ch=10,bin=100,hop=0,heap=203064"
1791393660.637,"B,10185,10,b2:db:ca:e6:29:a6,5928,29,15978,33,-30,S,5c:62:8b:66:67:d2"
1791393660.637,"B,10185,10,5c:62:8b:66:67:d2,15978,33,6012,32,-45,A,5c:62:8b:66:67:d2"
1791393660.637,"B,10185,10,72:3b:01:24:b7:c8,84,3,0,0,-41,S,5c:62:8b:66:67:d2"
1791393660.637,"B,10285,10,b2:db:ca:e6:29:a6,3504,23,5969,19,-30,S,5c:62:8b:66:67:d2"
1791393660.637,"B,10285,10,5c:62:8b:66:67:d2,5969,19,3504,23,-46,A,5c:62:8b:66:67:d2"
1791393660.844,"B,10385,10,b2:db:ca:e6:29:a6,3737,22,9878,20,-30,S,5c:62:8b:66:67:d2"
1791393660.844,"B,10385,10,5c:62:8b:66:67:d2,9878,20,3737,22,-47,A,5c:62:8b:66:67:d2"
1791393660.844,"B,10485,10,b2:db:ca:e6:29:a6,3338,17,2911,10,-30,S,5c:62:8b:66:67:d2"
1791393660.844,"B,10485,10,5c:62:8b:66:67:d2,2911,10,3478,22,-46,A,5c:62:8b:66:67:d2"
1791393660.844,"B,10485,10,72:3b:01:24:b7:c8,140,5,0,0,-42,S,5c:62:8b:66:67:d2"
1791393660.844,"B,10585,10,b2:db:ca:e6:29:a6,2905,16,11625,23,-30,S,5c:62:8b:66:67:d2"
1791393660.844,"B,10585,10,5c:62:8b:66:67:d2,11625,23,2905,16,-45,A,5c:62:8b:66:67:d2"
1791393661.045,"B,10685,10,b2:db:ca:e6:29:a6,6743,33,6717,25,-30,S,5c:62:8b:66:67:d2"
1791393661.045,"B,10685,10,5c:62:8b:66:67:d2,6717,25,6827,36,-46,A,5c:62:8b:66:67:d2"
1791393661.045,"B,10685,10,72:3b:01:24:b7:c8,84,3,0,0,-43,S,5c:62:8b:66:67:d2"
1791393661.045,"M,10707,slot,0,0"
1791393661.045,"B,10785,10,b2:db:ca:e6:29:a6,3501,20,7583,16,-30,S,5c:62:8b:66:67:d2"
1791393661.045,"B,10785,10,5c:62:8b:66:67:d2,7583,16,3501,20,-46,A,5c:62:8b:66:67:d2"
1791393661.245,"B,10885,10,b2:db:ca:e6:29:a6,4243,25,5687,17,-30,S,5c:62:8b:66:67:d2"
1791393661.245,"B,10885,10,5c:62:8b:66:67:d2,5687,17,4243,25,-47,A,5c:62:8b:66:67:d2"
1791393661.245,"B,10985,10,b2:db:ca:e6:29:a6,4705,21,4219,11,-30,S,5c:62:8b:66:67:d2"
1791393661.245,"B,10985,10,5c:62:8b:66:67:d2,4219,11,4789,24,-47,A,5c:62:8b:66:67:d2"
1791393661.245,"B,10985,10,72:3b:01:24:b7:c8,84,3,0,0,-44,S,5c:62:8b:66:67:d2"
1791393661.445,"B,11085,10,b2:db:ca:e6:29:a6,1454,6,0,0,-31,S,5c:62:8b:66:67:d2"
1791393661.445,"B,11085,10,5c:62:8b:66:67:d2,0,0,1454,6,-51,A,5c:62:8b:66:67:d2"
1791393661.445,"B,11185,10,b2:db:ca:e6:29:a6,3872,13,2186,6,-33,S,5c:62:8b:66:67:d2"
1791393661.445,"B,11185,10,5c:62:8b:66:67:d2,2186,6,3872,13,-49,A,5c:62:8b:66:67:d2"
1791393661.646,"B,11285,10,b2:db:ca:e6:29:a6,5717,27,11694,22,-32,S,5c:62:8b:66:67:d2"
1791393661.646,"B,11285,10,5c:62:8b:66:67:d2,11694,22,5773,29,-50,A,5c:62:8b:66:67:d2"
1791393661.646,"B,11285,10,72:3b:01:24:b7:c8,56,2,0,0,-43,S,5c:62:8b:66:67:d2"
1791393661.646,"B,11385,10,b2:db:ca:e6:29:a6,6004,34,7086,21,-31,S,5c:62:8b:66:67:d2"
1791393661.646,"B,11385,10,5c:62:8b:66:67:d2,7086,21,6004,34,-50,A,5c:62:8b:66:67:d2"
1791393661.847,"B,11485,10,b2:db:ca:e6:29:a6,6267,30,4918,15,-32,S,5c:62:8b:66:67:d2"
1791393661.847,"B,11485,10,5c:62:8b:66:67:d2,4918,15,6295,31,-49,A,5c:62:8b:66:67:d2"
1791393661.847,"B,11485,10,72:3b:01:24:b7:c8,28,1,0,0,-42,S,5c:62:8b:66:67:d2"
1791393661.847,"B,11585,10,b2:db:ca:e6:29:a6,2032,12,0,0,-31,S,5c:62:8b:66:67:d2"
1791393661.847,"B,11585,10,5c:62:8b:66:67:d2,0,0,2172,17,-50,A,5c:62:8b:66:67:d2"
1791393661.847,"B,11585,10,72:3b:01:24:b7:c8,140,5,0,0,-42,S,5c:62:8b:66:67:d2"
1791393662.048,"B,11685,10,b2:db:ca:e6:29:a6,5236,25,2790,10,-31,S,5c:62:8b:66:67:d2"
1791393662.048,"B,11685,10,5c:62:8b:66:67:d2,2790,10,5236,25,-48,A,5c:62:8b:66:67:d2"
1791393662.048,"B,11785,10,b2:db:ca:e6:29:a6,4869,28,6968,23,-32,S,5c:62:8b:66:67:d2"
1791393662.048,"B,11785,10,5c:62:8b:66:67:d2,6968,23,5065,35,-47,A,5c:62:8b:66:67:d2"
1791393662.048,"B,11785,10,72:3b:01:24:b7:c8,196,7,0,0,-43,S,5c:62:8b:66:67:d2"
1791393662.248,"B,11885,10,b2:db:ca:e6:29:a6,3168,15,1545,9,-31,S,5c:62:8b:66:67:d2"
1791393662.248,"B,11885,10,5c:62:8b:66:67:d2,1545,9,3224,17,-46,A,5c:62:8b:66:67:d2"
1791393662.248,"B,11885,10,72:3b:01:24:b7:c8,56,2,0,0,-43,S,5c:62:8b:66:67:d2"
1791393662.248,"B,11985,10,b2:db:ca:e6:29:a6,928,5,1575,3,-31,S,5c:62:8b:66:67:d2"
1791393662.248,"B,11985,10,5c:62:8b:66:67:d2,1575,3,984,7,-46,A,5c:62:8b:66:67:d2"
1791393662.248,"B,11985,10,72:3b:01:24:b7:c8,56,2,0,0,-42,S,5c:62:8b:66:67:d2"
1791393662.451,"B,12085,10,b2:db:ca:e6:29:a6,2298,13,8626,13,-31,S,5c:62:8b:66:67:d2"
1791393662.451,"B,12085,10,5c:62:8b:66:67:d2,8626,13,2354,15,-46,A,5c:62:8b:66:67:d2"
1791393662.451,"B,12085,10,72:3b:01:24:b7:c8,56,2,0,0,-43,S,5c:62:8b:66:67:d2"
1791393662.451,"B,12185,10,b2:db:ca:e6:29:a6,458,4,0,0,-31,S,5c:62:8b:66:67:d2"
1791393662.451,"B,12185,10,5c:62:8b:66:67:d2,0,0,458,4,-48,A,5c:62:8b:66:67:d2"
1791393662.653,"B,12285,10,b2:db:ca:e6:29:a6,4237,20,11061,22,-30,S,5c:62:8b:66:67:d2"
1791393662.653,"B,12285,10,5c:62:8b:66:67:d2,11061,22,4237,20,-47,A,5c:62:8b:66:67:d2"
1791393662.653,"B,12385,10,b2:db:ca:e6:29:a6,2934,18,2592,8,-31,S,5c:62:8b:66:67:d2"
1791393662.653,"B,12385,10,5c:62:8b:66:67:d2,2592,8,2990,20,-48,A,5c:62:8b:66:67:d2"
1791393662.653,"B,12385,10,72:3b:01:24:b7:c8,56,2,0,0,-42,S,5c:62:8b:66:67:d2"
1791393662.855,"B,12485,10,b2:db:ca:e6:29:a6,1457,7,0,0,-30,S,5c:62:8b:66:67:d2"
1791393662.855,"B,12485,10,5c:62:8b:66:67:d2,0,0,1625,13,-51,A,5c:62:8b:66:67:d2"
1791393662.855,"B,12485,10,72:3b:01:24:b7:c8,168,6,0,0,-41,S,5c:62:8b:66:67:d2"
1791393662.855,"B,12585,10,b2:db:ca:e6:29:a6,2731,19,10986,18,-30,S,5c:62:8b:66:67:d2"
1791393662.855,"B,12585,10,5c:62:8b:66:67:d2,10986,18,2731,19,-47,A,5c:62:8b:66:67:d2"
1791393663.059,"B,12685,10,b2:db:ca:e6:29:a6,3305,21,4253,13,-30,S,5c:62:8b:66:67:d2"
1791393663.059,"B,12685,10,5c:62:8b:66:67:d2,4253,13,3417,25,-47,A,5c:62:8b:66:67:d2"
1791393663.059,"B,12685,10,72:3b:01:24:b7:c8,112,4,0,0,-42,S,5c:62:8b:66:67:d2"
1791393663.059,"B,12785,10,b2:db:ca:e6:29:a6,2802,18,6624,15,-30,S,5c:62:8b:66:67:d2"
1791393663.059,"B,12785,10,5c:62:8b:66:67:d2,6624,15,2802,18,-47,A,5c:62:8b:66:67:d2"
1791393663.263,"B,12885,10,b2:db:ca:e6:29:a6,2438,13,4419,8,-30,S,5c:62:8b:66:67:d2"
1791393663.263,"B,12885,10,5c:62:8b:66:67:d2,4419,8,2550,17,-46,A,5c:62:8b:66:67:d2"
1791393663.263,"B,12885,10,72:3b:01:24:b7:c8,112,4,0,0,-41,S,5c:62:8b:66:67:d2"
1791393663.263,"B,12985,10,b2:db:ca:e6:29:a6,2569,17,4539,9,-30,S,5c:62:8b:66:67:d2"
1791393663.263,"B,12985,10,5c:62:8b:66:67:d2,4539,9,2597,18,-46,A,5c:62:8b:66:67:d2"
1791393663.263,"B,12985,10,72:3b:01:24:b7:c8,28,1,0,0,-42,S,5c:62:8b:66:67:d2"
1791393663.466,"B,13085,10,b2:db:ca:e6:29:a6,2703,14,3599,8,-30,S,5c:62:8b:66:67:d2"
1791393663.466,"B,13085,10,5c:62:8b:66:67:d2,3599,8,2731,15,-46,A,5c:62:8b:66:67:d2"
1791393663.466,"B,13085,10,72:3b:01:24:b7:c8,28,1,0,0,-42,S,5c:62:8b:66:67:d2"
1791393663.466,"B,13185,10,b2:db:ca:e6:29:a6,2663,17,6185,11,-30,S,5c:62:8b:66:67:d2"
1791393663.466,"B,13185,10,5c:62:8b:66:67:d2,6185,11,2775,21,-46,A,5c:62:8b:66:67:d2"
1791393663.466,"B,13185,10,72:3b:01:24:b7:c8,112,4,0,0,-41,S,5c:62:8b:66:67:d2"
1791393663.668,"B,13285,10,b2:db:ca:e6:29:a6,2034,8,0,0,-30,S,5c:62:8b:66:67:d2"
1791393663.668,"B,13285,10,5c:62:8b:66:67:d2,0,0,2034,8,-51,A,5c:62:8b:66:67:d2"
1791393663.668,"B,13385,10,b2:db:ca:e6:29:a6,3470,23,12014,25,-29,S,5c:62:8b:66:67:d2"
1791393663.668,"B,13385,10,5c:62:8b:66:67:d2,12014,25,3470,23,-46,A,5c:62:8b:66:67:d2"
1791393663.869,"A,13421,10,d8:0d:17:46:46:1a,-80,spike"
1791393663.869,"B,13485,10,b2:db:ca:e6:29:a6,476,4,2099,6,-30,S,5c:62:8b:66:67:d2"
1791393663.869,"B,13485,10,5c:62:8b:66:67:d2,2099,6,616,9,-46,A,5c:62:8b:66:67:d2"
1791393663.869,"B,13485,10,72:3b:01:24:b7:c8,140,5,0,0,-41,S,5c:62:8b:66:67:d2"
1791393663.869,"B,13585,10,b2:db:ca:e6:29:a6,56,2,3324,8,-31,S,5c:62:8b:66:67:d2"
1791393663.869,"B,13585,10,5c:62:8b:66:67:d2,3324,8,84,3,-46,A,5c:62:8b:66:67:d2"
1791393663.869,"B,13585,10,72:3b:01:24:b7:c8,28,1,0,0,-42,S,5c:62:8b:66:67:d2"
1791393664.072,"B,13685,10,b2:db:ca:e6:29:a6,0,0,7573,14,0,S,5c:62:8b:66:67:d2"
1791393664.072,"B,13685,10,5c:62:8b:66:67:d2,7573,14,0,0,-46,A,5c:62:8b:66:67:d2"
1791393664.072,"B,13785,10,b2:db:ca:e6:29:a6,28,1,4799,10,-31,S,5c:62:8b:66:67:d2"
1791393664.072,"B,13785,10,5c:62:8b:66:67:d2,4799,10,252,9,-46,A,5c:62:8b:66:67:d2"
1791393664.072,"B,13785,10,72:3b:01:24:b7:c8,224,8,0,0,-42,S,5c:62:8b:66:67:d2"
1791393664.277,"B,13885,10,b2:db:ca:e6:29:a6,56,2,5244,14,-31,S,5c:62:8b:66:67:d2"
1791393664.277,"B,13885,10,5c:62:8b:66:67:d2,5244,14,168,6,-46,A,5c:62:8b:66:67:d2"
1791393664.277,"B,13885,10,72:3b:01:24:b7:c8,112,4,0,0,-41,S,5c:62:8b:66:67:d2"
1791393664.277,"B,13985,10,b2:db:ca:e6:29:a6,56,2,5058,11,-32,S,5c:62:8b:66:67:d2"
1791393664.277,"B,13985,10,5c:62:8b:66:67:d2,5058,11,84,3,-46,A,5c:62:8b:66:67:d2"
1791393664.277,"B,13985,10,72:3b:01:24:b7:c8,28,1,0,0,-42,S,5c:62:8b:66:67:d2"
1791393664.482,"B,14085,10,b2:db:ca:e6:29:a6,0,0,5670,15,0,S,5c:62:8b:66:67:d2"
1791393664.482,"B,14085,10,5c:62:8b:66:67:d2,5670,15,112,4,-46,A,5c:62:8b:66:67:d2"
1791393664.482,"B,14085,10,72:3b:01:24:b7:c8,112,4,0,0,-42,S,5c:62:8b:66:67:d2"
1791393664.482,"B,14185,10,b2:db:ca:e6:29:a6,56,2,5985,11,-34,S,5c:62:8b:66:67:d2"
1791393664.482,"B,14185,10,5c:62:8b:66:67:d2,5985,11,56,2,-46,A,5c:62:8b:66:67:d2"
1791393664.686,"B,14285,10,b2:db:ca:e6:29:a6,28,1,0,0,-29,S,5c:62:8b:66:67:d2"
1791393664.686,"B,14285,10,5c:62:8b:66:67:d2,0,0,84,3,-50,A,5c:62:8b:66:67:d2"
1791393664.686,"B,14285,10,72:3b:01:24:b7:c8,56,2,0,0,-42,S,5c:62:8b:66:67:d2"
1791393664.686,"B,14385,10,b2:db:ca:e6:29:a6,84,3,5965,10,-31,S,5c:62:8b:66:67:d2"
1791393664.686,"B,14385,10,5c:62:8b:66:67:d2,5965,10,84,3,-46,A,5c:62:8b:66:67:d2"
1791393664.892,"B,14485,10,b2:db:ca:e6:29:a6,28,1,7024,16,-36,S,5c:62:8b:66:67:d2"
1791393664.892,"B,14485,10,5c:62:8b:66:67:d2,7024,16,28,1,-46,A,5c:62:8b:66:67:d2"
1791393664.892,"B,14585,10,b2:db:ca:e6:29:a6,0,0,5913,11,0,S,5c:62:8b:66:67:d2"
1791393664.892,"B,14585,10,5c:62:8b:66:67:d2,5913,11,112,4,-46,A,5c:62:8b:66:67:d2"
1791393664.892,"B,14585,10,72:3b:01:24:b7:c8,112,4,0,0,-43,S,5c:62:8b:66:67:d2"
1791393665.096,"B,14685,10,b2:db:ca:e6:29:a6,56,2,5436,14,-31,S,5c:62:8b:66:67:d2"
1791393665.096,"B,14685,10,5c:62:8b:66:67:d2,5436,14,56,2,-46,A,5c:62:8b:66:67:d2"
1791393665.096,"B,14785,10,b2:db:ca:e6:29:a6,0,0,4933,12,0,S,5c:62:8b:66:67:d2"
1791393665.096,"B,14785,10,5c:62:8b:66:67:d2,4933,12,0,0,-46,A,5c:62:8b:66:67:d2"
1791393665.301,"B,14885,10,b2:db:ca:e6:29:a6,56,2,4809,13,-32,S,5c:62:8b:66:67:d2"
1791393665.301,"B,14885,10,5c:62:8b:66:67:d2,4809,13,112,4,-46,A,5c:62:8b:66:67:d2"
1791393665.301,"B,14885,10,72:3b:01:24:b7:c8,56,2,0,0,-42,S,5c:62:8b:66:67:d2"
1791393665.301,"B,14985,10,b2:db:ca:e6:29:a6,0,0,7209,19,0,S,5c:62:8b:66:67:d2"
1791393665.301,"B,14985,10,5c:62:8b:66:67:d2,7209,19,28,1,-46,A,5c:62:8b:66:67:d2"
1791393665.301,"B,14985,10,72:3b:01:24:b7:c8,28,1,0,0,-43,S,5c:62:8b:66:67:d2"
1791393665.503,"B,15085,10,b2:db:ca:e6:29:a6,56,2,4473,12,-34,S,5c:62:8b:66:67:d2"
1791393665.503,"B,15085,10,5c:62:8b:66:67:d2,4473,12,56,2,-45,A,5c:62:8b:66:67:d2"
1791393665.503,"I,15094,stat,rx=2368,drops=0,ch=10,bin=100,hop=0,heap=203064"
1791393665.503,"B,15185,10,b2:db:ca:e6:29:a6,0,0,6360,15,0,S,5c:62:8b:66:67:d2"
1791393665.503,"B,15185,10,5c:62:8b:66:67:d2,6360,15,112,4,-46,A,5c:62:8b:66:67:d2"
1791393665.503,"B,15185,10,72:3b:01:24:b7:c8,112,4,0,0,-42,S,5c:62:8b:66:67:d2"
1791393665.706,"B,15285,10,b2:db:ca:e6:29:a6,28,1,423,3,-31,S,5c:62:8b:66:67:d2"
1791393665.706,"B,15285,10,5c:62:8b:66:67:d2,423,3,28,1,-47,A,5c:62:8b:66:67:d2"
1791393665.706,"B,15385,10,b2:db:ca:e6:29:a6,28,1,9347,14,-32,S,5c:62:8b:66:67:d2"
1791393665.706,"B,15385,10,5c:62:8b:66:67:d2,9347,14,140,5,-46,A,5c:62:8b:66:67:d2"
1791393665.706,"B,15385,10,72:3b:01:24:b7:c8,112,4,0,0,-42,S,5c:62:8b:66:67:d2"
1791393665.908,"B,15485,10,b2:db:ca:e6:29:a6,0,0,4028,12,0,S,5c:62:8b:66:67:d2"
1791393665.908,"B,15485,10,5c:62:8b:66:67:d2,4028,12,56,2,-46,A,5c:62:8b:66:67:d2"
1791393665.908,"B,15485,10,72:3b:01:24:b7:c8,56,2,0,0,-41,S,5c:62:8b:66:67:d2"
1791393665.908,"B,15585,10,b2:db:ca:e6:29:a6,56,2,2712,4,-31,S,5c:62:8b:66:67:d2"
1791393665.908,"B,15585,10,5c:62:8b:66:67:d2,2712,4,56,2,-46,A,5c:62:8b:66:67:d2"
1791393666.112,"B,15685,10,b2:db:ca:e6:29:a6,0,0,7341,19,0,S,5c:62:8b:66:67:d2"
1791393666.112,"B,15685,10,5c:62:8b:66:67:d2,7341,19,112,4,-46,A,5c:62:8b:66:67:d2"
1791393666.112,"B,15685,10,72:3b:01:24:b7:c8,112,4,0,0,-42,S,5c:62:8b:66:67:d2"
1791393666.112,"M,15780,slot,1,1"
1791393666.112,"B,15785,10,b2:db:ca:e6:29:a6,56,2,4358,13,-31,S,5c:62:8b:66:67:d2"
1791393666.112,"B,15785,10,5c:62:8b:66:67:d2,4358,13,112,4,-46,A,5c:62:8b:66:67:d2"
1791393666.112,"B,15785,10,72:3b:01:24:b7:c8,56,2,0,0,-42,S,5c:62:8b:66:67:d2"
1791393666.317,"B,15885,10,b2:db:ca:e6:29:a6,0,0,6470,13,0,S,5c:62:8b:66:67:d2"
1791393666.317,"B,15885,10,5c:62:8b:66:67:d2,6470,13,168,6,-46,A,5c:62:8b:66:67:d2"
1791393666.317,"B,15885,10,72:3b:01:24:b7:c8,168,6,0,0,-42,S,5c:62:8b:66:67:d2"
1791393666.317,"B,15985,10,b2:db:ca:e6:29:a6,56,2,3120,7,-33,S,5c:62:8b:66:67:d2"
1791393666.317,"B,15985,10,5c:62:8b:66:67:d2,3120,7,168,6,-46,A,5c:62:8b:66:67:d2"
1791393666.317,"B,15985,10,72:3b:01:24:b7:c8,112,4,0,0,-41,S,5c:62:8b:66:67:d2"
1791393666.519,"B,16085,10,b2:db:ca:e6:29:a6,0,0,7729,15,0,S,5c:62:8b:66:67:d2"
1791393666.519,"B,16085,10,5c:62:8b:66:67:d2,7729,15,0,0,-46,A,5c:62:8b:66:67:d2"
1791393666.519,"B,16185,10,b2:db:ca:e6:29:a6,56,2,7669,13,-31,S,5c:62:8b:66:67:d2"
1791393666.519,"B,16185,10,5c:62:8b:66:67:d2,7669,13,56,2,-46,A,5c:62:8b:66:67:d2"
1791393666.723,"B,16285,10,b2:db:ca:e6:29:a6,0,0,5385,13,0,S,5c:62:8b:66:67:d2"
1791393666.723,"B,16285,10,5c:62:8b:66:67:d2,5385,13,56,2,-46,A,5c:62:8b:66:67:d2"
1791393666.723,"B,16285,10,72:3b:01:24:b7:c8,56,2,0,0,-42,S,5c:62:8b:66:67:d2"
1791393666.723,"B,16385,10,b2:db:ca:e6:29:a6,28,1,1383,2,-30,S,5c:62:8b:66:67:d2"
1791393666.723,"B,16385,10,5c:62:8b:66:67:d2,1383,2,28,1,-47,A,5c:62:8b:66:67:d2"
1791393666.928,"B,16485,10,b2:db:ca:e6:29:a6,28,1,3541,10,-32,S,5c:62:8b:66:67:d2"
1791393666.928,"B,16485,10,5c:62:8b:66:67:d2,3541,10,196,7,-46,A,5c:62:8b:66:67:d2"
1791393666.928,"B,16485,10,72:3b:01:24:b7:c8,168,6,0,0,-42,S,5c:62:8b:66:67:d2"
1791393666.928,"B,16585,10,b2:db:ca:e6:29:a6,0,0,658,4,0,S,5c:62:8b:66:67:d2"
1791393666.928,"B,16585,10,5c:62:8b:66:67:d2,658,4,0,0,-47,A,5c:62:8b:66:67:d2"
1791393667.132,"B,16685,10,b2:db:ca:e6:29:a6,28,1,0,0,-31,S,5c:62:8b:66:67:d2"
1791393667.132,"B,16685,10,5c:62:8b:66:67:d2,0,0,28,1,-49,A,5c:62:8b:66:67:d2"
1791393667.132,"B,16785,10,b2:db:ca:e6:29:a6,28,1,0,0,-32,S,5c:62:8b:66:67:d2"
1791393667.132,"B,16785,10,5c:62:8b:66:67:d2,0,0,140,5,-50,A,5c:62:8b:66:67:d2"
1791393667.132,"B,16785,10,72:3b:01:24:b7:c8,112,4,0,0,-42,S,5c:62:8b:66:67:d2"
1791393667.335,"B,16885,10,b2:db:ca:e6:29:a6,56,2,0,0,-33,S,5c:62:8b:66:67:d2"
1791393667.335,"B,16885,10,5c:62:8b:66:67:d2,0,0,56,2,-51,A,5c:62:8b:66:67:d2"
1791393667.335,"B,16985,10,b2:db:ca:e6:29:a6,56,2,0,0,-30,S,5c:62:8b:66:67:d2"
1791393667.335,"B,16985,10,5c:62:8b:66:67:d2,0,0,84,3,-48,A,5c:62:8b:66:67:d2"
1791393667.335,"B,16985,10,72:3b:01:24:b7:c8,28,1,0,0,-42,S,5c:62:8b:66:67:d2"
1791393667.536,"B,17085,10,b2:db:ca:e6:29:a6,28,1,0,0,-31,S,5c:62:8b:66:67:d2"
1791393667.536,"B,17085,10,5c:62:8b:66:67:d2,0,0,56,2,0,A,5c:62:8b:66:67:d2"
1791393667.536,"B,17085,10,72:3b:01:24:b7:c8,28,1,0,0,-42,S,5c:62:8b:66:67:d2"
1791393667.536,"B,17185,10,b2:db:ca:e6:29:a6,28,1,0,0,-36,S,5c:62:8b:66:67:d2"
1791393667.536,"B,17185,10,5c:62:8b:66:67:d2,0,0,28,1,-48,A,5c:62:8b:66:67:d2"
1791393667.741,"B,17285,10,b2:db:ca:e6:29:a6,28,1,0,0,-31,S,5c:62:8b:66:67:d2"
1791393667.741,"B,17285,10,5c:62:8b:66:67:d2,0,0,28,1,-50,A,5c:62:8b:66:67:d2"
1791393667.741,"B,17385,10,b2:db:ca:e6:29:a6,56,2,0,0,-33,S,5c:62:8b:66:67:d2"
1791393667.741,"B,17385,10,5c:62:8b:66:67:d2,0,0,140,5,-49,A,5c:62:8b:66:67:d2"
1791393667.741,"B,17385,10,72:3b:01:24:b7:c8,84,3,0,0,-42,S,5c:62:8b:66:67:d2"
1791393667.944,"B,17485,10,b2:db:ca:e6:29:a6,28,1,0,0,-36,S,5c:62:8b:66:67:d2"
1791393667.944,"B,17485,10,5c:62:8b:66:67:d2,0,0,56,2,-49,A,5c:62:8b:66:67:d2"
1791393667.944,"B,17485,10,72:3b:01:24:b7:c8,28,1,0,0,-43,S,5c:62:8b:66:67:d2"
1791393667.944,"B,17585,10,b2:db:ca:e6:29:a6,56,2,0,0,-33,S,5c:62:8b:66:67:d2"
1791393667.944,"B,17585,10,5c:62:8b:66:67:d2,0,0,140,5,-49,A,5c:62:8b:66:67:d2"
1791393667.944,"B,17585,10,72:3b:01:24:b7:c8,84,3,0,0,-42,S,5c:62:8b:66:67:d2"
1791393668.145,"B,17885,10,b2:db:ca:e6:29:a6,56,2,0,0,-34,S,5c:62:8b:66:67:d2"
1791393668.145,"B,17885,10,5c:62:8b:66:67:d2,0,0,252,9,-50,A,5c:62:8b:66:67:d2"
1791393668.145,"B,17885,10,72:3b:01:24:b7:c8,196,7,0,0,-42,S,5c:62:8b:66:67:d2"
1791393668.345,"B,17985,10,b2:db:ca:e6:29:a6,56,2,0,0,-32,S,5c:62:8b:66:67:d2"
1791393668.345,"B,17985,10,5c:62:8b:66:67:d2,0,0,84,3,-50,A,5c:62:8b:66:67:d2"
1791393668.345,"B,17985,10,72:3b:01:24:b7:c8,28,1,0,0,-43,S,5c:62:8b:66:67:d2"
1791393668.345,"B,18085,10,b2:db:ca:e6:29:a6,28,1,0,0,-34,S,5c:62:8b:66:67:d2"
1791393668.345,"B,18085,10,5c:62:8b:66:67:d2,0,0,28,1,-51,A,5c:62:8b:66:67:d2"
1791393668.547,"B,18185,10,5c:62:8b:66:67:d2,0,0,84,3,-50,A,5c:62:8b:66:67:d2"
1791393668.547,"B,18185,10,72:3b:01:24:b7:c8,84,3,0,0,-37,S,5c:62:8b:66:67:d2"
1791393668.547,"B,18285,10,b2:db:ca:e6:29:a6,56,2,0,0,-34,S,5c:62:8b:66:67:d2"
1791393668.547,"B,18285,10,5c:62:8b:66:67:d2,0,0,56,2,-49,A,5c:62:8b:66:67:d2"
1791393668.747,"B,18485,10,b2:db:ca:e6:29:a6,28,1,0,0,-31,S,5c:62:8b:66:67:d2"
1791393668.747,"B,18485,10,5c:62:8b:66:67:d2,0,0,112,4,-48,A,5c:62:8b:66:67:d2"
1791393668.747,"B,18485,10,72:3b:01:24:b7:c8,84,3,0,0,-38,S,5c:62:8b:66:67:d2"
1791393668.949,"B,18585,10,b2:db:ca:e6:29:a6,56,2,0,0,-33,S,5c:62:8b:66:67:d2"
1791393668.949,"B,18585,10,5c:62:8b:66:67:d2,0,0,56,2,-50,A,5c:62:8b:66:67:d2"
1791393668.949,"B,18685,10,b2:db:ca:e6:29:a6,56,2,0,0,-36,S,5c:62:8b:66:67:d2"
1791393668.949,"B,18685,10,5c:62:8b:66:67:d2,0,0,112,4,-50,A,5c:62:8b:66:67:d2"
1791393668.949,"B,18685,10,72:3b:01:24:b7:c8,56,2,0,0,-38,S,5c:62:8b:66:67:d2"
1791393669.354,"B,18985,10,5c:62:8b:66:67:d2,0,0,84,3,-49,A,5c:62:8b:66:67:d2"
1791393669.354,"B,18985,10,72:3b:01:24:b7:c8,84,3,0,0,-40,S,5c:62:8b:66:67:d2"
1791393669.354,"B,19085,10,b2:db:ca:e6:29:a6,84,3,0,0,-32,S,5c:62:8b:66:67:d2"
1791393669.354,"B,19085,10,5c:62:8b:66:67:d2,0,0,84,3,-49,A,5c:62:8b:66:67:d2"
1791393669.556,"B,19185,10,b2:db:ca:e6:29:a6,56,2,0,0,-31,S,5c:62:8b:66:67:d2"
1791393669.556,"B,19185,10,5c:62:8b:66:67:d2,0,0,56,2,-49,A,5c:62:8b:66:67:d2"
1791393669.556,"B,19285,10,5c:62:8b:66:67:d2,0,0,112,4,-49,A,5c:62:8b:66:67:d2"
1791393669.556,"B,19285,10,72:3b:01:24:b7:c8,112,4,0,0,-38,S,5c:62:8b:66:67:d2"
1791393669.757,"B,19385,10,b2:db:ca:e6:29:a6,56,2,0,0,-32,S,5c:62:8b:66:67:d2"
1791393669.757,"B,19385,10,5c:62:8b:66:67:d2,0,0,56,2,-49,A,5c:62:8b:66:67:d2"
1791393669.757,"B,19485,10,b2:db:ca:e6:29:a6,28,1,0,0,-31,S,5c:62:8b:66:67:d2"
1791393669.757,"B,19485,10,5c:62:8b:66:67:d2,0,0,56,2,-49,A,5c:62:8b:66:67:d2"
1791393669.757,"B,19485,10,72:3b:01:24:b7:c8,28,1,0,0,-42,S,5c:62:8b:66:67:d2"
1791393669.962,"B,19585,10,b2:db:ca:e6:29:a6,28,1,0,0,-33,S,5c:62:8b:66:67:d2"
1791393669.962,"B,19585,10,5c:62:8b:66:67:d2,0,0,112,4,-49,A,5c:62:8b:66:67:d2"
1791393669.962,"B,19585,10,72:3b:01:24:b7:c8,84,3,0,0,-42,S,5c:62:8b:66:67:d2"
1791393670.167,"B,19785,10,b2:db:ca:e6:29:a6,28,1,0,0,-31,S,5c:62:8b:66:67:d2"
1791393670.167,"B,19785,10,5c:62:8b:66:67:d2,0,0,112,4,-49,A,5c:62:8b:66:67:d2"
1791393670.167,"B,19785,10,72:3b:01:24:b7:c8,84,3,0,0,-42,S,5c:62:8b:66:67:d2"
1791393670.167,"B,19885,10,b2:db:ca:e6:29:a6,28,1,0,0,-32,S,5c:62:8b:66:67:d2"
1791393670.167,"B,19885,10,5c:62:8b:66:67:d2,0,0,252,9,-49,A,5c:62:8b:66:67:d2"
1791393670.167,"B,19885,10,72:3b:01:24:b7:c8,224,8,0,0,-41,S,5c:62:8b:66:67:d2"
1791393670.370,"B,19985,10,5c:62:8b:66:67:d2,0,0,56,2,-49,A,5c:62:8b:66:67:d2"
1791393670.370,"B,19985,10,72:3b:01:24:b7:c8,56,2,0,0,-42,S,5c:62:8b:66:67:d2"
1791393670.370,"B,20085,10,b2:db:ca:e6:29:a6,56,2,0,0,-32,S,5c:62:8b:66:67:d2"
1791393670.370,"B,20085,10,5c:62:8b:66:67:d2,0,0,140,5,-50,A,5c:62:8b:66:67:d2"
1791393670.370,"B,20085,10,72:3b:01:24:b7:c8,84,3,0,0,-42,S,5c:62:8b:66:67:d2"
1791393670.370,"I,20095,stat,rx=2716,drops=0,ch=10,bin=100,hop=0,heap=203064"
1791393670.570,"B,20285,10,b2:db:ca:e6:29:a6,56,2,0,0,-31,S,5c:62:8b:66:67:d2"
1791393670.570,"B,20285,10,5c:62:8b:66:67:d2,0,0,56,2,-49,A,5c:62:8b:66:67:d2"
1791393670.774,"B,20385,10,5c:62:8b:66:67:d2,0,0,84,3,-49,A,5c:62:8b:66:67:d2"
1791393670.774,"B,20385,10,72:3b:01:24:b7:c8,84,3,0,0,-42,S,5c:62:8b:66:67:d2"
1791393670.774,"B,20485,10,b2:db:ca:e6:29:a6,28,1,0,0,-33,S,5c:62:8b:66:67:d2"
1791393670.774,"B,20485,10,5c:62:8b:66:67:d2,0,0,84,3,-48,A,5c:62:8b:66:67:d2"
1791393670.774,"B,20485,10,72:3b:01:24:b7:c8,56,2,0,0,-42,S,5c:62:8b:66:67:d2"
1791393670.979,"B,20585,10,b2:db:ca:e6:29:a6,56,2,0,0,-34,S,5c:62:8b:66:67:d2"
1791393670.979,"B,20585,10,5c:62:8b:66:67:d2,0,0,56,2,-50,A,5c:62:8b:66:67:d2"
1791393670.979,"B,20685,10,b2:db:ca:e6:29:a6,56,2,0,0,-34,S,5c:62:8b:66:67:d2"
1791393670.979,"B,20685,10,5c:62:8b:66:67:d2,0,0,168,6,-51,A,5c:62:8b:66:67:d2"
1791393670.979,"B,20685,10,72:3b:01:24:b7:c8,112,4,0,0,-45,S,5c:62:8b:66:67:d2"
1791393671.182,"B,20785,10,b2:db:ca:e6:29:a6,28,1,0,0,-33,S,5c:62:8b:66:67:d2"
1791393671.182,"B,20785,10,5c:62:8b:66:67:d2,0,0,28,1,-52,A,5c:62:8b:66:67:d2"
1791393671.182,"M,20854,slot,2,1"
1791393671.182,"B,20885,10,b2:db:ca:e6:29:a6,28,1,0,0,-30,S,5c:62:8b:66:67:d2"
1791393671.182,"B,20885,10,5c:62:8b:66:67:d2,0,0,84,3,-50,A,5c:62:8b:66:67:d2"
1791393671.182,"B,20885,10,72:3b:01:24:b7:c8,56,2,0,0,-42,S,5c:62:8b:66:67:d2"
1791393671.386,"B,20985,10,b2:db:ca:e6:29:a6,28,1,0,0,-31,S,5c:62:8b:66:67:d2"
1791393671.386,"B,20985,10,5c:62:8b:66:67:d2,0,0,84,3,-49,A,5c:62:8b:66:67:d2"
1791393671.386,"B,20985,10,72:3b:01:24:b7:c8,56,2,0,0,-42,S,5c:62:8b:66:67:d2"
1791393671.588,"A,21148,10,00:eb:d8:11:99:9d,-63,"
1791393671.588,"B,21185,10,b2:db:ca:e6:29:a6,56,2,0,0,-32,S,5c:62:8b:66:67:d2"
1791393671.588,"B,21185,10,5c:62:8b:66:67:d2,0,0,84,3,-50,A,5c:62:8b:66:67:d2"
1791393671.588,"B,21185,10,72:3b:01:24:b7:c8,28,1,0,0,-43,S,5c:62:8b:66:67:d2"
1791393671.588,"A,21252,10,02:eb:d8:11:99:9d,-63,"
1791393671.793,"B,21385,10,b2:db:ca:e6:29:a6,28,1,0,0,-31,S,5c:62:8b:66:67:d2"
1791393671.793,"B,21385,10,5c:62:8b:66:67:d2,0,0,28,1,-49,A,5c:62:8b:66:67:d2"
1791393671.793,"B,21485,10,b2:db:ca:e6:29:a6,28,1,0,0,-32,S,5c:62:8b:66:67:d2"
1791393671.793,"B,21485,10,5c:62:8b:66:67:d2,0,0,112,4,-49,A,5c:62:8b:66:67:d2"
1791393671.793,"B,21485,10,72:3b:01:24:b7:c8,84,3,0,0,-41,S,5c:62:8b:66:67:d2"
1791393671.997,"B,21585,10,b2:db:ca:e6:29:a6,28,1,0,0,-30,S,5c:62:8b:66:67:d2"
1791393671.997,"B,21585,10,5c:62:8b:66:67:d2,0,0,28,1,-49,A,5c:62:8b:66:67:d2"
1791393671.997,"B,21685,10,b2:db:ca:e6:29:a6,28,1,0,0,-36,S,5c:62:8b:66:67:d2"
1791393671.997,"B,21685,10,5c:62:8b:66:67:d2,0,0,28,1,-51,A,5c:62:8b:66:67:d2"
1791393672.201,"B,21785,10,5c:62:8b:66:67:d2,0,0,56,2,-48,A,5c:62:8b:66:67:d2"
1791393672.201,"B,21785,10,72:3b:01:24:b7:c8,56,2,0,0,-41,S,5c:62:8b:66:67:d2"
1791393672.201,"B,21885,10,b2:db:ca:e6:29:a6,56,2,0,0,-31,S,5c:62:8b:66:67:d2"
1791393672.201,"B,21885,10,5c:62:8b:66:67:d2,0,0,196,7,-48,A,5c:62:8b:66:67:d2"
1791393672.201,"B,21885,10,72:3b:01:24:b7:c8,140,5,0,0,-41,S,5c:62:8b:66:67:d2"
1791393672.403,"B,21985,10,5c:62:8b:66:67:d2,0,0,140,5,-51,A,5c:62:8b:66:67:d2"
1791393672.403,"B,21985,10,72:3b:01:24:b7:c8,140,5,0,0,-42,S,5c:62:8b:66:67:d2"
1791393672.403,"B,22085,10,b2:db:ca:e6:29:a6,56,2,0,0,-32,S,5c:62:8b:66:67:d2"
1791393672.403,"B,22085,10,5c:62:8b:66:67:d2,0,0,84,3,0,A,5c:62:8b:66:67:d2"
1791393672.403,"B,22085,10,72:3b:01:24:b7:c8,28,1,0,0,-43,S,5c:62:8b:66:67:d2"
1791393672.812,"B,22385,10,b2:db:ca:e6:29:a6,56,2,0,0,-31,S,5c:62:8b:66:67:d2"
1791393672.812,"B,22385,10,5c:62:8b:66:67:d2,0,0,56,2,-50,A,5c:62:8b:66:67:d2"
1791393672.812,"B,22385,10,80:af:ca:68:4c:f8,84,1,0,0,-82,A,80:af:ca:68:4c:f8"
1791393672.812,"B,22485,10,5c:62:8b:66:67:d2,0,0,28,1,-53,A,5c:62:8b:66:67:d2"
1791393672.812,"B,22485,10,72:3b:01:24:b7:c8,28,1,0,0,-42,S,5c:62:8b:66:67:d2"
1791393673.016,"B,22585,10,b2:db:ca:e6:29:a6,56,2,0,0,-33,S,5c:62:8b:66:67:d2"
1791393673.016,"B,22585,10,5c:62:8b:66:67:d2,0,0,84,3,-53,A,5c:62:8b:66:67:d2"
1791393673.016,"B,22585,10,72:3b:01:24:b7:c8,28,1,0,0,-43,S,5c:62:8b:66:67:d2"
1791393673.016,"B,22685,10,b2:db:ca:e6:29:a6,28,1,0,0,-32,S,5c:62:8b:66:67:d2"
1791393673.016,"B,22685,10,5c:62:8b:66:67:d2,0,0,28,1,-51,A,5c:62:8b:66:67:d2"
1791393673.222,"B,22785,10,b2:db:ca:e6:29:a6,84,3,0,0,-32,S,5c:62:8b:66:67:d2"
1791393673.222,"B,22785,10,5c:62:8b:66:67:d2,0,0,84,3,-51,A,5c:62:8b:66:67:d2"
1791393673.222,"B,22885,10,b2:db:ca:e6:29:a6,3146,14,0,0,-31,S,5c:62:8b:66:67:d2"
1791393673.222,"B,22885,10,5c:62:8b:66:67:d2,0,0,3258,18,-51,A,5c:62:8b:66:67:d2"
1791393673.222,"B,22885,10,72:3b:01:24:b7:c8,112,4,0,0,-42,S,5c:62:8b:66:67:d2"
1791393673.425,"B,22985,10,b2:db:ca:e6:29:a6,4069,17,0,0,-30,S,5c:62:8b:66:67:d2"
1791393673.425,"B,22985,10,5c:62:8b:66:67:d2,0,0,4097,18,-51,A,5c:62:8b:66:67:d2"
1791393673.425,"B,22985,10,72:3b:01:24:b7:c8,28,1,0,0,-42,S,5c:62:8b:66:67:d2"
1791393673.425,"B,23085,10,b2:db:ca:e6:29:a6,4427,21,0,0,-30,S,5c:62:8b:66:67:d2"
1791393673.425,"B,23085,10,5c:62:8b:66:67:d2,0,0,4483,23,-53,A,5c:62:8b:66:67:d2"
1791393673.425,"B,23085,10,72:3b:01:24:b7:c8,56,2,0,0,-42,S,5c:62:8b:66:67:d2"
1791393673.630,"B,23185,10,b2:db:ca:e6:29:a6,3339,18,0,0,-31,S,5c:62:8b:66:67:d2"
1791393673.630,"B,23185,10,5c:62:8b:66:67:d2,0,0,3339,18,-52,A,5c:62:8b:66:67:d2"
1791393673.630,"B,23285,10,b2:db:ca:e6:29:a6,5107,25,0,0,-30,S,5c:62:8b:66:67:d2"
1791393673.630,"B,23285,10,5c:62:8b:66:67:d2,0,0,5107,25,-53,A,5c:62:8b:66:67:d2"
1791393673.833,"B,23385,10,b2:db:ca:e6:29:a6,5232,30,0,0,-30,S,5c:62:8b:66:67:d2"
1791393673.833,"B,23385,10,5c:62:8b:66:67:d2,0,0,5260,31,-53,A,5c:62:8b:66:67:d2"
1791393673.833,"B,23385,10,72:3b:01:24:b7:c8,28,1,0,0,-43,S,5c:62:8b:66:67:d2"
1791393673.833,"B,23485,10,b2:db:ca:e6:29:a6,4244,24,0,0,-31,S,5c:62:8b:66:67:d2"
1791393673.833,"B,23485,10,5c:62:8b:66:67:d2,0,0,4272,25,-54,A,5c:62:8b:66:67:d2"
1791393673.833,"B,23485,10,72:3b:01:24:b7:c8,28,1,0,0,-42,S,5c:62:8b:66:67:d2"
1791393674.036,"B,23585,10,b2:db:ca:e6:29:a6,6604,38,0,0,-30,S,5c:62:8b:66:67:d2"
1791393674.036,"B,23585,10,5c:62:8b:66:67:d2,0,0,6604,38,-54,A,5c:62:8b:66:67:d2"
1791393674.036,"B,23685,10,b2:db:ca:e6:29:a6,2946,21,0,0,-30,S,5c:62:8b:66:67:d2"
1791393674.036,"B,23685,10,5c:62:8b:66:67:d2,0,0,3002,23,-53,A,5c:62:8b:66:67:d2"
1791393674.036,"B,23685,10,72:3b:01:24:b7:c8,56,2,0,0,-42,S,5c:62:8b:66:67:d2"
1791393674.240,"B,23785,10,b2:db:ca:e6:29:a6,6680,15,0,0,-33,S,5c:62:8b:66:67:d2"
1791393674.240,"B,23785,10,5c:62:8b:66:67:d2,0,0,6680,15,-55,A,5c:62:8b:66:67:d2"
1791393674.240,"B,23885,10,b2:db:ca:e6:29:a6,3686,20,0,0,-30,S,5c:62:8b:66:67:d2"
1791393674.240,"B,23885,10,5c:62:8b:66:67:d2,0,0,3994,31,-55,A,5c:62:8b:66:67:d2"
1791393674.240,"B,23885,10,72:3b:01:24:b7:c8,308,11,0,0,-42,S,5c:62:8b:66:67:d2"
1791393674.440,"B,23985,10,b2:db:ca:e6:29:a6,3838,20,0,0,-30,S,5c:62:8b:66:67:d2"
1791393674.440,"B,23985,10,5c:62:8b:66:67:d2,0,0,3922,23,-53,A,5c:62:8b:66:67:d2"
1791393674.440,"B,23985,10,72:3b:01:24:b7:c8,84,3,0,0,-43,S,5c:62:8b:66:67:d2"
1791393674.440,"B,23985,10,80:af:ca:68:4c:f8,84,1,0,0,-82,A,80:af:ca:68:4c:f8"
1791393674.440,"B,24085,10,b2:db:ca:e6:29:a6,4443,18,0,0,-31,S,5c:62:8b:66:67:d2"
1791393674.440,"B,24085,10,5c:62:8b:66:67:d2,0,0,4443,18,-54,A,5c:62:8b:66:67:d2"
1791393674.440,"B,24185,10,b2:db:ca:e6:29:a6,4926,24,0,0,-30,S,5c:62:8b:66:67:d2"
1791393674.440,"B,24185,10,5c:62:8b:66:67:d2,0,0,4954,25,-55,A,5c:62:8b:66:67:d2"
1791393674.642,"B,24185,10,72:3b:01:24:b7:c8,28,1,0,0,-44,S,5c:62:8b:66:67:d2"
1791393674.642,"B,24285,10,b2:db:ca:e6:29:a6,4206,14,0,0,-30,S,5c:62:8b:66:67:d2"
1791393674.642,"B,24285,10,5c:62:8b:66:67:d2,0,0,4206,14,-53,A,5c:62:8b:66:67:d2"
1791393674.843,"B,24385,10,b2:db:ca:e6:29:a6,4023,19,0,0,-30,S,5c:62:8b:66:67:d2"
1791393674.843,"B,24385,10,5c:62:8b:66:67:d2,0,0,4023,19,-53,A,5c:62:8b:66:67:d2"
1791393674.843,"B,24485,10,b2:db:ca:e6:29:a6,5749,26,0,0,-30,S,5c:62:8b:66:67:d2"
1791393674.843,"B,24485,10,5c:62:8b:66:67:d2,0,0,5833,29,-54,A,5c:62:8b:66:67:d2"
1791393674.843,"B,24485,10,72:3b:01:24:b7:c8,84,3,0,0,-43,S,5c:62:8b:66:67:d2"
1791393675.043,"B,24585,10,b2:db:ca:e6:29:a6,5836,24,0,0,-30,S,5c:62:8b:66:67:d2"
1791393675.043,"B,24585,10,5c:62:8b:66:67:d2,0,0,5836,24,-54,A,5c:62:8b:66:67:d2"
1791393675.043,"B,24685,10,b2:db:ca:e6:29:a6,3978,20,0,0,-30,S,5c:62:8b:66:67:d2"
1791393675.043,"B,24685,10,5c:62:8b:66:67:d2,0,0,3978,20,-53,A,5c:62:8b:66:67:d2"
1791393675.043,"B,24785,10,b2:db:ca:e6:29:a6,504,5,0,0,-30,S,5c:62:8b:66:67:d2"
1791393675.043,"B,24785,10,5c:62:8b:66:67:d2,0,0,616,9,-53,A,5c:62:8b:66:67:d2"
1791393675.043,"B,24785,10,72:3b:01:24:b7:c8,112,4,0,0,-42,S,5c:62:8b:66:67:d2"
1791393675.243,"B,24885,10,b2:db:ca:e6:29:a6,7932,33,0,0,-30,S,5c:62:8b:66:67:d2"
1791393675.243,"B,24885,10,5c:62:8b:66:67:d2,0,0,7932,33,-53,A,5c:62:8b:66:67:d2"
1791393675.243,"B,24985,10,b2:db:ca:e6:29:a6,4656,25,0,0,-30,S,5c:62:8b:66:67:d2"
1791393675.243,"B,24985,10,5c:62:8b:66:67:d2,0,0,4712,27,-54,A,5c:62:8b:66:67:d2"
1791393675.243,"B,24985,10,72:3b:01:24:b7:c8,56,2,0,0,-42,S,5c:62:8b:66:67:d2"
1791393675.444,"B,25085,10,b2:db:ca:e6:29:a6,4738,15,0,0,-30,S,5c:62:8b:66:67:d2"
1791393675.444,"B,25085,10,5c:62:8b:66:67:d2,0,0,4822,18,-53,A,5c:62:8b:66:67:d2"
1791393675.444,"B,25085,10,72:3b:01:24:b7:c8,84,3,0,0,-42,S,5c:62:8b:66:67:d2"
1791393675.444,"I,25096,stat,rx=3372,drops=0,ch=10,bin=100,hop=0,heap=201148"
1791393675.444,"B,25185,10,b2:db:ca:e6:29:a6,6140,23,0,0,-30,S,5c:62:8b:66:67:d2"
1791393675.444,"B,25185,10,5c:62:8b:66:67:d2,0,0,6140,23,-53,A,5c:62:8b:66:67:d2"
1791393675.645,"B,25285,10,b2:db:ca:e6:29:a6,4891,23,0,0,-30,S,5c:62:8b:66:67:d2"
1791393675.645,"B,25285,10,5c:62:8b:66:67:d2,0,0,4975,26,-54,A,5c:62:8b:66:67:d2"
1791393675.645,"B,25285,10,72:3b:01:24:b7:c8,84,3,0,0,-42,S,5c:62:8b:66:67:d2"
1791393675.645,"B,25385,10,b2:db:ca:e6:29:a6,4669,25,0,0,-30,S,5c:62:8b:66:67:d2"
1791393675.645,"B,25385,10,5c:62:8b:66:67:d2,0,0,4669,25,-54,A,5c:62:8b:66:67:d2"
1791393675.845,"B,25485,10,b2:db:ca:e6:29:a6,4408,19,0,0,-30,S,5c:62:8b:66:67:d2"
1791393675.845,"B,25485,10,5c:62:8b:66:67:d2,0,0,4436,20,0,A,5c:62:8b:66:67:d2"
1791393675.845,"B,25485,10,72:3b:01:24:b7:c8,28,1,0,0,-42,S,5c:62:8b:66:67:d2"
1791393675.845,"B,25585,10,b2:db:ca:e6:29:a6,4188,13,0,0,-30,S,5c:62:8b:66:67:d2"
1791393675.845,"B,25585,10,5c:62:8b:66:67:d2,0,0,4328,18,-53,A,5c:62:8b:66:67:d2"
1791393675.845,"B,25585,10,72:3b:01:24:b7:c8,140,5,0,0,-42,S,5c:62:8b:66:67:d2"
1791393676.046,"B,25685,10,b2:db:ca:e6:29:a6,4312,22,0,0,-30,S,5c:62:8b:66:67:d2"
1791393676.046,"B,25685,10,5c:62:8b:66:67:d2,0,0,4312,22,-53,A,5c:62:8b:66:67:d2"
1791393676.046,"B,25785,10,b2:db:ca:e6:29:a6,7247,14,0,0,-30,S,5c:62:8b:66:67:d2"
1791393676.046,"B,25785,10,5c:62:8b:66:67:d2,0,0,7247,14,-54,A,5c:62:8b:66:67:d2"
1791393676.248,"B,25885,10,b2:db:ca:e6:29:a6,7041,32,0,0,-30,S,5c:62:8b:66:67:d2"
1791393676.248,"B,25885,10,5c:62:8b:66:67:d2,0,0,7349,43,-54,A,5c:62:8b:66:67:d2"
1791393676.248,"B,25885,10,72:3b:01:24:b7:c8,308,11,0,0,-42,S,5c:62:8b:66:67:d2"
1791393676.248,"M,25924,slot,3,1"
1791393676.248,"B,25985,10,b2:db:ca:e6:29:a6,5494,14,0,0,-30,S,5c:62:8b:66:67:d2"
1791393676.248,"B,25985,10,5c:62:8b:66:67:d2,0,0,5522,15,-53,A,5c:62:8b:66:67:d2"
1791393676.248,"B,25985,10,72:3b:01:24:b7:c8,28,1,0,0,-43,S,5c:62:8b:66:67:d2"
1791393676.448,"B,26085,10,b2:db:ca:e6:29:a6,4652,22,0,0,-30,S,5c:62:8b:66:67:d2"
1791393676.448,"B,26085,10,5c:62:8b:66:67:d2,0,0,4680,23,-54,A,5c:62:8b:66:67:d2"
1791393676.448,"B,26085,10,72:3b:01:24:b7:c8,28,1,0,0,-43,S,5c:62:8b:66:67:d2"
1791393676.448,"B,26185,10,b2:db:ca:e6:29:a6,2821,11,0,0,-30,S,5c:62:8b:66:67:d2"
1791393676.448,"B,26185,10,5c:62:8b:66:67:d2,0,0,2933,15,-54,A,5c:62:8b:66:67:d2"
1791393676.448,"B,26185,10,72:3b:01:24:b7:c8,112,4,0,0,-43,S,5c:62:8b:66:67:d2"
1791393676.650,"B,26285,10,b2:db:ca:e6:29:a6,5998,26,0,0,-30,S,5c:62:8b:66:67:d2"
1791393676.650,"B,26285,10,5c:62:8b:66:67:d2,0,0,5998,26,-53,A,5c:62:8b:66:67:d2"
1791393676.650,"B,26385,10,b2:db:ca:e6:29:a6,4294,23,0,0,-30,S,5c:62:8b:66:67:d2"
1791393676.650,"B,26385,10,5c:62:8b:66:67:d2,0,0,4294,23,-53,A,5c:62:8b:66:67:d2"
1791393676.852,"B,26485,10,b2:db:ca:e6:29:a6,7511,31,0,0,-30,S,5c:62:8b:66:67:d2"
1791393676.852,"B,26485,10,5c:62:8b:66:67:d2,0,0,7539,32,-53,A,5c:62:8b:66:67:d2"
1791393676.852,"B,26485,10,72:3b:01:24:b7:c8,28,1,0,0,-43,S,5c:62:8b:66:67:d2"
1791393676.852,"B,26585,10,b2:db:ca:e6:29:a6,5822,29,0,0,-30,S,5c:62:8b:66:67:d2"
1791393676.852,"B,26585,10,5c:62:8b:66:67:d2,0,0,5822,29,-53,A,5c:62:8b:66:67:d2"
1791393677.053,"B,26685,10,b2:db:ca:e6:29:a6,3873,11,0,0,-30,S,5c:62:8b:66:67:d2"
1791393677.053,"B,26685,10,5c:62:8b:66:67:d2,0,0,3985,15,-54,A,5c:62:8b:66:67:d2"
1791393677.053,"B,26685,10,72:3b:01:24:b7:c8,112,4,0,0,-43,S,5c:62:8b:66:67:d2"
1791393677.053,"B,26785,10,b2:db:ca:e6:29:a6,3850,19,0,0,-30,S,5c:62:8b:66:67:d2"
1791393677.053,"B,26785,10,5c:62:8b:66:67:d2,0,0,3850,19,-54,A,5c:62:8b:66:67:d2"
1791393677.053,"B,26785,10,80:af:ca:68:4c:f8,104,1,0,0,-82,A,80:af:ca:68:4c:f8"
1791393677.254,"B,26885,10,b2:db:ca:e6:29:a6,28,1,0,0,-32,S,5c:62:8b:66:67:d2"
1791393677.254,"B,26885,10,5c:62:8b:66:67:d2,0,0,28,1,-53,A,5c:62:8b:66:67:d2"
1791393677.254,"B,26985,10,b2:db:ca:e6:29:a6,14652,34,0,0,-30,S,5c:62:8b:66:67:d2"
1791393677.254,"B,26985,10,5c:62:8b:66:67:d2,0,0,14792,39,-53,A,5c:62:8b:66:67:d2"
1791393677.254,"B,26985,10,72:3b:01:24:b7:c8,140,5,0,0,-42,S,5c:62:8b:66:67:d2"
1791393677.456,"B,27085,10,b2:db:ca:e6:29:a6,4707,9,0,0,-30,S,5c:62:8b:66:67:d2"
1791393677.456,"B,27085,10,5c:62:8b:66:67:d2,0,0,4707,9,-54,A,5c:62:8b:66:67:d2"
1791393677.456,"B,27185,10,b2:db:ca:e6:29:a6,4946,29,0,0,-30,S,5c:62:8b:66:67:d2"
1791393677.456,"B,27185,10,5c:62:8b:66:67:d2,0,0,4946,29,-54,A,5c:62:8b:66:67:d2"
1791393677.660,"B,27285,10,b2:db:ca:e6:29:a6,4845,14,0,0,-30,S,5c:62:8b:66:67:d2"
1791393677.660,"B,27285,10,5c:62:8b:66:67:d2,0,0,4929,17,-53,A,5c:62:8b:66:67:d2"
1791393677.660,"B,27285,10,72:3b:01:24:b7:c8,84,3,0,0,-42,S,5c:62:8b:66:67:d2"
1791393677.660,"B,27385,10,b2:db:ca:e6:29:a6,8017,27,0,0,-30,S,5c:62:8b:66:67:d2"
1791393677.660,"B,27385,10,5c:62:8b:66:67:d2,0,0,8017,27,-53,A,5c:62:8b:66:67:d2"
1791393677.864,"B,27485,10,b2:db:ca:e6:29:a6,6162,24,0,0,-30,S,5c:62:8b:66:67:d2"
1791393677.864,"B,27485,10,5c:62:8b:66:67:d2,0,0,6274,28,-53,A,5c:62:8b:66:67:d2"
1791393677.864,"B,27485,10,72:3b:01:24:b7:c8,112,4,0,0,-43,S,5c:62:8b:66:67:d2"
1791393677.864,"B,27585,10,b2:db:ca:e6:29:a6,6689,14,0,0,-31,S,5c:62:8b:66:67:d2"
1791393677.864,"B,27585,10,5c:62:8b:66:67:d2,0,0,6689,14,-54,A,5c:62:8b:66:67:d2"
1791393678.069,"B,27685,10,b2:db:ca:e6:29:a6,4846,21,0,0,-30,S,5c:62:8b:66:67:d2"
1791393678.069,"B,27685,10,5c:62:8b:66:67:d2,0,0,4846,21,-53,A,5c:62:8b:66:67:d2"
1791393678.069,"B,27785,10,b2:db:ca:e6:29:a6,6011,25,0,0,-30,S,5c:62:8b:66:67:d2"
1791393678.069,"B,27785,10,5c:62:8b:66:67:d2,0,0,6123,29,-54,A,5c:62:8b:66:67:d2"
1791393678.069,"B,27785,10,72:3b:01:24:b7:c8,112,4,0,0,-43,S,5c:62:8b:66:67:d2"
1791393678.274,"B,27885,10,b2:db:ca:e6:29:a6,2046,11,0,0,-29,S,5c:62:8b:66:67:d2"
1791393678.274,"B,27885,10,5c:62:8b:66:67:d2,0,0,2214,17,-54,A,5c:62:8b:66:67:d2"
1791393678.274,"B,27885,10,72:3b:01:24:b7:c8,168,6,0,0,-43,S,5c:62:8b:66:67:d2"
1791393678.274,"B,27985,10,b2:db:ca:e6:29:a6,5416,10,0,0,-30,S,5c:62:8b:66:67:d2"
1791393678.274,"B,27985,10,5c:62:8b:66:67:d2,0,0,5444,11,-55,A,5c:62:8b:66:67:d2"
1791393678.274,"B,27985,10,72:3b:01:24:b7:c8,28,1,0,0,-43,S,5c:62:8b:66:67:d2"
1791393678.478,"B,28085,10,b2:db:ca:e6:29:a6,8698,32,0,0,-29,S,5c:62:8b:66:67:d2"
1791393678.478,"B,28085,10,5c:62:8b:66:67:d2,0,0,8754,34,-53,A,5c:62:8b:66:67:d2"
1791393678.478,"B,28085,10,72:3b:01:24:b7:c8,56,2,0,0,-43,S,5c:62:8b:66:67:d2"
1791393678.478,"B,28185,10,b2:db:ca:e6:29:a6,5787,20,0,0,-30,S,5c:62:8b:66:67:d2"
1791393678.478,"B,28185,10,5c:62:8b:66:67:d2,0,0,5787,20,-53,A,5c:62:8b:66:67:d2"
1791393678.681,"B,28285,10,b2:db:ca:e6:29:a6,5726,20,0,0,-31,S,5c:62:8b:66:67:d2"
1791393678.681,"B,28285,10,5c:62:8b:66:67:d2,0,0,5726,20,-53,A,5c:62:8b:66:67:d2"
1791393678.681,"B,28385,10,b2:db:ca:e6:29:a6,4959,26,0,0,-30,S,5c:62:8b:66:67:d2"
1791393678.681,"B,28385,10,5c:62:8b:66:67:d2,0,0,5043,29,-55,A,5c:62:8b:66:67:d2"
1791393678.681,"B,28385,10,72:3b:01:24:b7:c8,84,3,0,0,-43,S,5c:62:8b:66:67:d2"
1791393678.884,"B,28485,10,b2:db:ca:e6:29:a6,5787,17,0,0,-29,S,5c:62:8b:66:67:d2"
1791393678.884,"B,28485,10,5c:62:8b:66:67:d2,0,0,5815,18,-54,A,5c:62:8b:66:67:d2"
1791393678.884,"B,28485,10,72:3b:01:24:b7:c8,28,1,0,0,-43,S,5c:62:8b:66:67:d2"
1791393678.884,"B,28585,10,b2:db:ca:e6:29:a6,6022,26,0,0,-30,S,5c:62:8b:66:67:d2"
1791393678.884,"B,28585,10,5c:62:8b:66:67:d2,0,0,6134,30,-54,A,5c:62:8b:66:67:d2"
1791393678.884,"B,28585,10,72:3b:01:24:b7:c8,112,4,0,0,-43,S,5c:62:8b:66:67:d2"
1791393679.089,"B,28685,10,b2:db:ca:e6:29:a6,6013,17,0,0,-29,S,5c:62:8b:66:67:d2"
1791393679.089,"B,28685,10,5c:62:8b:66:67:d2,0,0,6013,17,-54,A,5c:62:8b:66:67:d2"
1791393679.089,"B,28785,10,b2:db:ca:e6:29:a6,5358,18,0,0,-29,S,5c:62:8b:66:67:d2"
1791393679.089,"B,28785,10,5c:62:8b:66:67:d2,0,0,5358,18,-54,A,5c:62:8b:66:67:d2"
1791393679.293,"B,28885,10,b2:db:ca:e6:29:a6,3753,17,0,0,-30,S,5c:62:8b:66:67:d2"
1791393679.293,"B,28885,10,5c:62:8b:66:67:d2,0,0,3837,20,-54,A,5c:62:8b:66:67:d2"
1791393679.293,"B,28885,10,72:3b:01:24:b7:c8,84,3,0,0,-43,S,5c:62:8b:66:67:d2"
1791393679.293,"B,28985,10,b2:db:ca:e6:29:a6,929,3,0,0,-30,S,5c:62:8b:66:67:d2"
1791393679.293,"B,28985,10,5c:62:8b:66:67:d2,0,0,985,5,-54,A,5c:62:8b:66:67:d2"
1791393679.293,"B,28985,10,72:3b:01:24:b7:c8,56,2,0,0,-43,S,5c:62:8b:66:67:d2"
1791393679.494,"B,29085,10,b2:db:ca:e6:29:a6,13619,29,0,0,-30,S,5c:62:8b:66:67:d2"
1791393679.494,"B,29085,10,5c:62:8b:66:67:d2,82,1,13619,29,-53,A,5c:62:8b:66:67:d2"
1791393679.494,"B,29085,10,72:3b:01:24:b7:c8,0,0,82,1,0,S,5c:62:8b:66:67:d2"
1791393679.494,"B,29185,10,b2:db:ca:e6:29:a6,6873,13,0,0,-30,S,5c:62:8b:66:67:d2"
1791393679.494,"B,29185,10,5c:62:8b:66:67:d2,0,0,6985,17,-54,A,5c:62:8b:66:67:d2"
1791393679.494,"B,29185,10,72:3b:01:24:b7:c8,112,4,0,0,-43,S,5c:62:8b:66:67:d2"
1791393679.695,"B,29285,10,b2:db:ca:e6:29:a6,3841,17,0,0,-29,S,5c:62:8b:66:67:d2"
1791393679.695,"B,29285,10,5c:62:8b:66:67:d2,0,0,3841,17,-53,A,5c:62:8b:66:67:d2"
1791393679.695,"B,29385,10,b2:db:ca:e6:29:a6,6991,22,0,0,-29,S,5c:62:8b:66:67:d2"
1791393679.695,"B,29385,10,5c:62:8b:66:67:d2,0,0,6991,22,-54,A,5c:62:8b:66:67:d2"
1791393679.695,"B,29385,10,80:af:ca:68:4c:f8,84,1,0,0,-84,A,80:af:ca:68:4c:f8"
1791393679.896,"B,29485,10,b2:db:ca:e6:29:a6,5129,24,0,0,-29,S,5c:62:8b:66:67:d2"
1791393679.896,"B,29485,10,5c:62:8b:66:67:d2,0,0,5185,26,-54,A,5c:62:8b:66:67:d2"
1791393679.896,"B,29485,10,72:3b:01:24:b7:c8,56,2,0,0,-43,S,5c:62:8b:66:67:d2"
1791393679.896,"B,29585,10,b2:db:ca:e6:29:a6,5402,14,0,0,-29,S,5c:62:8b:66:67:d2"
1791393679.896,"B,29585,10,5c:62:8b:66:67:d2,0,0,5402,14,-53,A,5c:62:8b:66:67:d2"
1791393680.101,"B,29685,10,b2:db:ca:e6:29:a6,7476,21,0,0,-29,S,5c:62:8b:66:67:d2"
1791393680.101,"B,29685,10,5c:62:8b:66:67:d2,0,0,7532,23,0,A,5c:62:8b:66:67:d2"
1791393680.101,"B,29685,10,72:3b:01:24:b7:c8,56,2,0,0,-43,S,5c:62:8b:66:67:d2"
1791393680.101,"B,29785,10,b2:db:ca:e6:29:a6,7448,25,0,0,-29,S,5c:62:8b:66:67:d2"
1791393680.101,"B,29785,10,5c:62:8b:66:67:d2,0,0,7448,25,0,A,5c:62:8b:66:67:d2"
1791393680.305,"B,29885,10,b2:db:ca:e6:29:a6,4493,12,0,0,-30,S,5c:62:8b:66:67:d2"
1791393680.305,"B,29885,10,5c:62:8b:66:67:d2,0,0,4661,18,-53,A,5c:62:8b:66:67:d2"
1791393680.305,"B,29885,10,72:3b:01:24:b7:c8,168,6,0,0,-43,S,5c:62:8b:66:67:d2"
1791393680.305,"B,29985,10,b2:db:ca:e6:29:a6,2826,14,0,0,-30,S,5c:62:8b:66:67:d2"
1791393680.305,"B,29985,10,5c:62:8b:66:67:d2,0,0,2882,16,-53,A,5c:62:8b:66:67:d2"
1791393680.305,"B,29985,10,72:3b:01:24:b7:c8,56,2,0,0,-44,S,5c:62:8b:66:67:d2"
1791393680.506,"B,30085,10,b2:db:ca:e6:29:a6,9025,23,0,0,-30,S,5c:62:8b:66:67:d2"
1791393680.506,"B,30085,10,5c:62:8b:66:67:d2,0,0,9053,24,-54,A,5c:62:8b:66:67:d2"
1791393680.506,"B,30085,10,72:3b:01:24:b7:c8,28,1,0,0,-44,S,5c:62:8b:66:67:d2"
1791393680.506,"I,30098,stat,rx=4510,drops=0,ch=10,bin=100,hop=0,heap=200976"
1791393680.506,"B,30185,10,b2:db:ca:e6:29:a6,7246,26,0,0,-30,S,5c:62:8b:66:67:d2"
1791393680.506,"B,30185,10,5c:62:8b:66:67:d2,0,0,7246,26,-55,A,5c:62:8b:66:67:d2"
1791393680.709,"B,30285,10,b2:db:ca:e6:29:a6,8885,13,0,0,-30,S,5c:62:8b:66:67:d2"
1791393680.709,"B,30285,10,5c:62:8b:66:67:d2,0,0,8997,17,-53,A,5c:62:8b:66:67:d2"
1791393680.709,"B,30285,10,72:3b:01:24:b7:c8,112,4,0,0,-44,S,5c:62:8b:66:67:d2"
1791393680.709,"B,30385,10,b2:db:ca:e6:29:a6,9105,36,0,0,-29,S,5c:62:8b:66:67:d2"
1791393680.709,"B,30385,10,5c:62:8b:66:67:d2,0,0,9105,36,-53,A,5c:62:8b:66:67:d2"
1791393680.914,"B,30485,10,b2:db:ca:e6:29:a6,4823,10,0,0,-29,S,5c:62:8b:66:67:d2"
1791393680.914,"B,30485,10,5c:62:8b:66:67:d2,0,0,4851,11,-53,A,5c:62:8b:66:67:d2"
1791393680.914,"B,30485,10,72:3b:01:24:b7:c8,28,1,0,0,-44,S,5c:62:8b:66:67:d2"
1791393680.914,"B,30585,10,b2:db:ca:e6:29:a6,5969,17,0,0,-29,S,5c:62:8b:66:67:d2"
1791393680.914,"B,30585,10,5c:62:8b:66:67:d2,0,0,5997,18,-53,A,5c:62:8b:66:67:d2"
1791393680.914,"B,30585,10,72:3b:01:24:b7:c8,28,1,0,0,-40,S,5c:62:8b:66:67:d2"
1791393681.119,"B,30685,10,b2:db:ca:e6:29:a6,4749,13,0,0,-29,S,5c:62:8b:66:67:d2"
1791393681.119,"B,30685,10,5c:62:8b:66:67:d2,0,0,4749,13,-52,A,5c:62:8b:66:67:d2"
1791393681.119,"B,30785,10,b2:db:ca:e6:29:a6,8463,26,0,0,-29,S,5c:62:8b:66:67:d2"
1791393681.119,"B,30785,10,5c:62:8b:66:67:d2,0,0,8547,29,-52,A,5c:62:8b:66:67:d2"
1791393681.119,"B,30785,10,72:3b:01:24:b7:c8,84,3,0,0,-38,S,5c:62:8b:66:67:d2"
1791393681.321,"B,30885,10,b2:db:ca:e6:29:a6,3769,20,0,0,-31,S,5c:62:8b:66:67:d2"
1791393681.321,"B,30885,10,5c:62:8b:66:67:d2,0,0,3769,20,-53,A,5c:62:8b:66:67:d2"
1791393681.321,"B,30985,10,b2:db:ca:e6:29:a6,6700,17,0,0,-30,S,5c:62:8b:66:67:d2"
1791393681.321,"B,30985,10,5c:62:8b:66:67:d2,0,0,6728,18,-55,A,5c:62:8b:66:67:d2"
1791393681.321,"B,30985,10,72:3b:01:24:b7:c8,28,1,0,0,-40,S,5c:62:8b:66:67:d2"
1791393681.321,"M,31001,slot,4,0"
1791393681.524,"B,31085,10,b2:db:ca:e6:29:a6,3390,5,0,0,-30,S,5c:62:8b:66:67:d2"
1791393681.524,"B,31085,10,5c:62:8b:66:67:d2,0,0,3502,9,-52,A,5c:62:8b:66:67:d2"
1791393681.524,"B,31085,10,72:3b:01:24:b7:c8,112,4,0,0,-40,S,5c:62:8b:66:67:d2"
1791393681.524,"B,31185,10,b2:db:ca:e6:29:a6,10418,33,0,0,-29,S,5c:62:8b:66:67:d2"
1791393681.524,"B,31185,10,5c:62:8b:66:67:d2,0,0,10418,33,-52,A,5c:62:8b:66:67:d2"
1791393681.726,"B,31285,10,b2:db:ca:e6:29:a6,7460,20,0,0,-28,S,5c:62:8b:66:67:d2"
1791393681.726,"B,31285,10,5c:62:8b:66:67:d2,0,0,7460,20,-52,A,5c:62:8b:66:67:d2"
1791393681.726,"B,31385,10,b2:db:ca:e6:29:a6,3864,9,0,0,-29,S,5c:62:8b:66:67:d2"
1791393681.726,"B,31385,10,5c:62:8b:66:67:d2,0,0,3920,11,-54,A,5c:62:8b:66:67:d2"
1791393681.726,"B,31385,10,72:3b:01:24:b7:c8,56,2,0,0,-39,S,5c:62:8b:66:67:d2"
1791393681.726,"B,31385,10,80:af:ca:68:4c:f8,80,1,0,0,-81,A,80:af:ca:68:4c:f8"
1791393681.929,"B,31485,10,b2:db:ca:e6:29:a6,7339,21,0,0,-30,S,5c:62:8b:66:67:d2"
1791393681.929,"B,31485,10,5c:62:8b:66:67:d2,0,0,7367,22,-53,A,5c:62:8b:66:67:d2"
1791393681.929,"B,31485,10,72:3b:01:24:b7:c8,28,1,0,0,-39,S,5c:62:8b:66:67:d2"
1791393681.929,"B,31585,10,b2:db:ca:e6:29:a6,6946,22,0,0,-30,S,5c:62:8b:66:67:d2"
1791393681.929,"B,31585,10,5c:62:8b:66:67:d2,0,0,6974,23,-53,A,5c:62:8b:66:67:d2"
1791393681.929,"B,31585,10,72:3b:01:24:b7:c8,28,1,0,0,-39,S,5c:62:8b:66:67:d2"
1791393682.133,"B,31685,10,b2:db:ca:e6:29:a6,8052,24,0,0,-30,S,5c:62:8b:66:67:d2"
1791393682.133,"B,31685,10,5c:62:8b:66:67:d2,0,0,8164,28,-54,A,5c:62:8b:66:67:d2"
1791393682.133,"B,31685,10,72:3b:01:24:b7:c8,112,4,0,0,-43,S,5c:62:8b:66:67:d2"
1791393682.133,"B,31785,10,b2:db:ca:e6:29:a6,6618,25,0,0,-30,S,5c:62:8b:66:67:d2"
1791393682.133,"B,31785,10,5c:62:8b:66:67:d2,0,0,6618,25,-54,A,5c:62:8b:66:67:d2"
1791393682.338,"B,31885,10,b2:db:ca:e6:29:a6,4782,12,0,0,-30,S,5c:62:8b:66:67:d2"
1791393682.338,"B,31885,10,5c:62:8b:66:67:d2,0,0,4978,19,-53,A,5c:62:8b:66:67:d2"
1791393682.338,"B,31885,10,72:3b:01:24:b7:c8,196,7,0,0,-37,S,5c:62:8b:66:67:d2"
1791393682.338,"B,31985,10,b2:db:ca:e6:29:a6,6761,22,0,0,-30,S,5c:62:8b:66:67:d2"
1791393682.338,"B,31985,10,5c:62:8b:66:67:d2,0,0,6845,25,-53,A,5c:62:8b:66:67:d2"
1791393682.338,"B,31985,10,72:3b:01:24:b7:c8,84,3,0,0,-37,S,5c:62:8b:66:67:d2"
1791393682.539,"B,32085,10,b2:db:ca:e6:29:a6,3261,14,0,0,-30,S,5c:62:8b:66:67:d2"
1791393682.539,"B,32085,10,5c:62:8b:66:67:d2,0,0,3289,15,-53,A,5c:62:8b:66:67:d2"
1791393682.539,"B,32085,10,72:3b:01:24:b7:c8,28,1,0,0,-38,S,5c:62:8b:66:67:d2"
1791393682.539,"B,32185,10,b2:db:ca:e6:29:a6,8671,27,0,0,-30,S,5c:62:8b:66:67:d2"
1791393682.539,"B,32185,10,5c:62:8b:66:67:d2,0,0,8783,31,-53,A,5c:62:8b:66:67:d2"
1791393682.539,"B,32185,10,72:3b:01:24:b7:c8,112,4,0,0,-37,S,5c:62:8b:66:67:d2"
1791393682.741,"B,32285,10,b2:db:ca:e6:29:a6,6502,14,0,0,-30,S,5c:62:8b:66:67:d2"
1791393682.741,"B,32285,10,5c:62:8b:66:67:d2,0,0,6502,14,-52,A,5c:62:8b:66:67:d2"
1791393682.741,"B,32385,10,b2:db:ca:e6:29:a6,12348,28,0,0,-30,S,5c:62:8b:66:67:d2"
1791393682.741,"B,32385,10,5c:62:8b:66:67:d2,0,0,12348,28,-52,A,5c:62:8b:66:67:d2"
1791393682.941,"B,32485,10,b2:db:ca:e6:29:a6,10196,29,0,0,-29,S,5c:62:8b:66:67:d2"
1791393682.941,"B,32485,10,5c:62:8b:66:67:d2,0,0,10336,34,-52,A,5c:62:8b:66:67:d2"
1791393682.941,"B,32485,10,72:3b:01:24:b7:c8,140,5,0,0,-37,S,5c:62:8b:66:67:d2"
1791393682.941,"B,32585,10,b2:db:ca:e6:29:a6,6585,23,0,0,-29,S,5c:62:8b:66:67:d2"
1791393682.941,"B,32585,10,5c:62:8b:66:67:d2,0,0,6613,24,-51,A,5c:62:8b:66:67:d2"
1791393682.941,"B,32585,10,72:3b:01:24:b7:c8,28,1,0,0,-38,S,5c:62:8b:66:67:d2"
1791393682.941,"B,32685,10,b2:db:ca:e6:29:a6,7496,22,0,0,-30,S,5c:62:8b:66:67:d2"
1791393682.941,"B,32685,10,5c:62:8b:66:67:d2,0,0,7496,22,-52,A,5c:62:8b:66:67:d2"
1791393683.143,"B,32785,10,b2:db:ca:e6:29:a6,9949,28,0,0,-29,S,5c:62:8b:66:67:d2"
1791393683.143,"B,32785,10,5c:62:8b:66:67:d2,0,0,10061,32,-54,A,5c:62:8b:66:67:d2"
1791393683.143,"B,32785,10,72:3b:01:24:b7:c8,112,4,0,0,-35,S,5c:62:8b:66:67:d2"
1791393683.343,"B,32885,10,b2:db:ca:e6:29:a6,8553,18,0,0,-29,S,5c:62:8b:66:67:d2"
1791393683.343,"B,32885,10,5c:62:8b:66:67:d2,0,0,8553,18,-51,A,5c:62:8b:66:67:d2"
1791393683.343,"B,32985,10,b2:db:ca:e6:29:a6,4470,16,0,0,-30,S,5c:62:8b:66:67:d2"
1791393683.343,"B,32985,10,5c:62:8b:66:67:d2,0,0,4526,18,-51,A,5c:62:8b:66:67:d2"
1791393683.343,"B,32985,10,72:3b:01:24:b7:c8,56,2,0,0,-38,S,5c:62:8b:66:67:d2"
1791393683.343,"B,33085,10,b2:db:ca:e6:29:a6,7773,21,0,0,-29,S,5c:62:8b:66:67:d2"
1791393683.343,"B,33085,10,5c:62:8b:66:67:d2,0,0,7773,21,-52,A,5c:62:8b:66:67:d2"
1791393683.544,"B,33185,10,b2:db:ca:e6:29:a6,4732,9,0,0,-29,S,5c:62:8b:66:67:d2"
1791393683.544,"B,33185,10,5c:62:8b:66:67:d2,0,0,4732,9,-52,A,5c:62:8b:66:67:d2"
1791393683.544,"B,33285,10,b2:db:ca:e6:29:a6,10861,29,0,0,-30,S,5c:62:8b:66:67:d2"
1791393683.544,"B,33285,10,5c:62:8b:66:67:d2,0,0,10973,33,-52,A,5c:62:8b:66:67:d2"
1791393683.544,"B,33285,10,72:3b:01:24:b7:c8,112,4,0,0,-35,S,5c:62:8b:66:67:d2"
1791393683.744,"B,33385,10,b2:db:ca:e6:29:a6,6317,22,0,0,-30,S,5c:62:8b:66:67:d2"
1791393683.744,"B,33385,10,5c:62:8b:66:67:d2,0,0,6317,22,-53,A,5c:62:8b:66:67:d2"
1791393683.744,"B,33485,10,b2:db:ca:e6:29:a6,9614,24,0,0,-29,S,5c:62:8b:66:67:d2"
1791393683.744,"B,33485,10,5c:62:8b:66:67:d2,0,0,9670,26,-53,A,5c:62:8b:66:67:d2"
1791393683.944,"B,33485,10,72:3b:01:24:b7:c8,56,2,0,0,-35,S,5c:62:8b:66:67:d2"
1791393683.944,"B,33585,10,b2:db:ca:e6:29:a6,15625,41,0,0,-30,S,5c:62:8b:66:67:d2"
1791393683.944,"B,33585,10,5c:62:8b:66:67:d2,0,0,15653,42,-53,A,5c:62:8b:66:67:d2"
1791393683.944,"B,33585,10,72:3b:01:24:b7:c8,28,1,0,0,-42,S,5c:62:8b:66:67:d2"
1791393683.944,"B,33685,10,b2:db:ca:e6:29:a6,8286,23,0,0,-30,S,5c:62:8b:66:67:d2"
1791393683.944,"B,33685,10,5c:62:8b:66:67:d2,0,0,8286,23,-53,A,5c:62:8b:66:67:d2"
1791393684.145,"B,33785,10,b2:db:ca:e6:29:a6,8298,38,0,0,-29,S,5c:62:8b:66:67:d2"
1791393684.145,"B,33785,10,5c:62:8b:66:67:d2,0,0,8298,38,-55,A,5c:62:8b:66:67:d2"
1791393684.145,"B,33885,10,b2:db:ca:e6:29:a6,9954,19,0,0,-30,S,5c:62:8b:66:67:d2"
1791393684.145,"B,33885,10,5c:62:8b:66:67:d2,0,0,10262,30,-53,A,5c:62:8b:66:67:d2"
1791393684.145,"B,33885,10,72:3b:01:24:b7:c8,308,11,0,0,-37,S,5c:62:8b:66:67:d2"
1791393684.346,"B,33985,10,b2:db:ca:e6:29:a6,15382,57,0,0,-29,S,5c:62:8b:66:67:d2"
1791393684.346,"B,33985,10,5c:62:8b:66:67:d2,0,0,15410,58,-51,A,5c:62:8b:66:67:d2"
1791393684.346,"B,33985,10,72:3b:01:24:b7:c8,28,1,0,0,-40,S,5c:62:8b:66:67:d2"
1791393684.346,"B,34085,10,b2:db:ca:e6:29:a6,10229,35,0,0,-30,S,5c:62:8b:66:67:d2"
1791393684.346,"B,34085,10,5c:62:8b:66:67:d2,0,0,10313,38,0,A,5c:62:8b:66:67:d2"
1791393684.346,"B,34085,10,72:3b:01:24:b7:c8,84,3,0,0,-37,S,5c:62:8b:66:67:d2"
1791393684.547,"B,34185,10,b2:db:ca:e6:29:a6,3451,7,0,0,-30,S,5c:62:8b:66:67:d2"
1791393684.547,"B,34185,10,5c:62:8b:66:67:d2,0,0,3451,7,-50,A,5c:62:8b:66:67:d2"
1791393684.547,"B,34285,10,b2:db:ca:e6:29:a6,9624,19,0,0,-31,S,5c:62:8b:66:67:d2"
1791393684.547,"B,34285,10,5c:62:8b:66:67:d2,0,0,9624,19,-51,A,5c:62:8b:66:67:d2"
1791393684.748,"B,34385,10,b2:db:ca:e6:29:a6,7199,34,0,0,-30,S,5c:62:8b:66:67:d2"
1791393684.748,"B,34385,10,5c:62:8b:66:67:d2,0,0,7283,37,-50,A,5c:62:8b:66:67:d2"
1791393684.748,"B,34385,10,72:3b:01:24:b7:c8,84,3,0,0,-40,S,5c:62:8b:66:67:d2"
1791393684.748,"B,34485,10,b2:db:ca:e6:29:a6,6782,20,0,0,-31,S,5c:62:8b:66:67:d2"
1791393684.748,"B,34485,10,5c:62:8b:66:67:d2,0,0,6838,22,-51,A,5c:62:8b:66:67:d2"
1791393684.748,"B,34485,10,72:3b:01:24:b7:c8,56,2,0,0,-40,S,5c:62:8b:66:67:d2"
1791393684.950,"B,34585,10,b2:db:ca:e6:29:a6,4310,9,0,0,-31,S,5c:62:8b:66:67:d2"
1791393684.950,"B,34585,10,5c:62:8b:66:67:d2,0,0,4338,10,-53,A,5c:62:8b:66:67:d2"
1791393684.950,"B,34585,10,72:3b:01:24:b7:c8,28,1,0,0,-41,S,5c:62:8b:66:67:d2"
1791393684.950,"B,34685,10,b2:db:ca:e6:29:a6,9238,29,0,0,-30,S,5c:62:8b:66:67:d2"
1791393684.950,"B,34685,10,5c:62:8b:66:67:d2,0,0,9294,31,-53,A,5c:62:8b:66:67:d2"
1791393684.950,"B,34685,10,72:3b:01:24:b7:c8,56,2,0,0,-41,S,5c:62:8b:66:67:d2"
1791393685.153,"B,34785,10,b2:db:ca:e6:29:a6,6330,23,0,0,-30,S,5c:62:8b:66:67:d2"
1791393685.153,"B,34785,10,5c:62:8b:66:67:d2,0,0,6330,23,-53,A,5c:62:8b:66:67:d2"
1791393685.153,"B,34885,10,b2:db:ca:e6:29:a6,3624,22,0,0,-30,S,5c:62:8b:66:67:d2"
1791393685.153,"B,34885,10,5c:62:8b:66:67:d2,0,0,3624,22,-52,A,5c:62:8b:66:67:d2"
1791393685.353,"B,34985,10,b2:db:ca:e6:29:a6,4746,14,0,0,-31,S,5c:62:8b:66:67:d2"
1791393685.353,"B,34985,10,5c:62:8b:66:67:d2,0,0,4802,16,-53,A,5c:62:8b:66:67:d2"
1791393685.353,"B,34985,10,72:3b:01:24:b7:c8,56,2,0,0,-41,S,5c:62:8b:66:67:d2"
1791393685.353,"B,35085,10,b2:db:ca:e6:29:a6,7717,21,0,0,-31,S,5c:62:8b:66:67:d2"
1791393685.353,"B,35085,10,5c:62:8b:66:67:d2,0,0,7745,22,-52,A,5c:62:8b:66:67:d2"
1791393685.353,"B,35085,10,72:3b:01:24:b7:c8,28,1,0,0,-42,S,5c:62:8b:66:67:d2"
1791393685.353,"I,35099,stat,rx=5766,drops=0,ch=10,bin=100,hop=0,heap=203064"
1791393685.554,"B,35185,10,b2:db:ca:e6:29:a6,7685,21,0,0,-30,S,5c:62:8b:66:67:d2"
1791393685.554,"B,35185,10,5c:62:8b:66:67:d2,0,0,7713,22,-53,A,5c:62:8b:66:67:d2"
1791393685.554,"B,35185,10,72:3b:01:24:b7:c8,28,1,0,0,-41,S,5c:62:8b:66:67:d2"
1791393685.554,"B,35285,10,b2:db:ca:e6:29:a6,4562,12,0,0,-30,S,5c:62:8b:66:67:d2"
1791393685.554,"B,35285,10,5c:62:8b:66:67:d2,0,0,4590,13,-52,A,5c:62:8b:66:67:d2"
1791393685.554,"B,35285,10,72:3b:01:24:b7:c8,28,1,0,0,-41,S,5c:62:8b:66:67:d2"
1791393685.755,"B,35385,10,b2:db:ca:e6:29:a6,6740,27,0,0,-31,S,5c:62:8b:66:67:d2"
1791393685.755,"B,35385,10,5c:62:8b:66:67:d2,0,0,6740,27,-53,A,5c:62:8b:66:67:d2"
1791393685.755,"B,35485,10,b2:db:ca:e6:29:a6,7092,25,0,0,-32,S,5c:62:8b:66:67:d2"
1791393685.755,"B,35485,10,5c:62:8b:66:67:d2,0,0,7148,27,-52,A,5c:62:8b:66:67:d2"
1791393685.755,"B,35485,10,72:3b:01:24:b7:c8,56,2,0,0,-45,S,5c:62:8b:66:67:d2"
1791393685.956,"B,35585,10,b2:db:ca:e6:29:a6,6271,22,0,0,-30,S,5c:62:8b:66:67:d2"
1791393685.956,"B,35585,10,5c:62:8b:66:67:d2,0,0,6299,23,-51,A,5c:62:8b:66:67:d2"
1791393685.956,"B,35585,10,72:3b:01:24:b7:c8,28,1,0,0,-43,S,5c:62:8b:66:67:d2"
1791393685.956,"B,35685,10,b2:db:ca:e6:29:a6,7305,20,0,0,-31,S,5c:62:8b:66:67:d2"
1791393685.956,"B,35685,10,5c:62:8b:66:67:d2,0,0,7305,20,-51,A,5c:62:8b:66:67:d2"
1791393686.158,"B,35785,10,b2:db:ca:e6:29:a6,5433,22,0,0,-30,S,5c:62:8b:66:67:d2"
1791393686.158,"B,35785,10,5c:62:8b:66:67:d2,0,0,5461,23,-51,A,5c:62:8b:66:67:d2"
1791393686.158,"B,35785,10,72:3b:01:24:b7:c8,28,1,0,0,-43,S,5c:62:8b:66:67:d2"
1791393686.158,"B,35885,10,b2:db:ca:e6:29:a6,6189,13,0,0,-30,S,5c:62:8b:66:67:d2"
1791393686.158,"B,35885,10,5c:62:8b:66:67:d2,0,0,6301,17,-50,A,5c:62:8b:66:67:d2"
1791393686.158,"B,35885,10,72:3b:01:24:b7:c8,112,4,0,0,-42,S,5c:62:8b:66:67:d2"
1791393686.360,"B,35985,10,b2:db:ca:e6:29:a6,7829,20,0,0,-31,S,5c:62:8b:66:67:d2"
1791393686.360,"B,35985,10,5c:62:8b:66:67:d2,0,0,7857,21,-51,A,5c:62:8b:66:67:d2"
1791393686.360,"B,35985,10,72:3b:01:24:b7:c8,28,1,0,0,-41,S,5c:62:8b:66:67:d2"
1791393686.360,"B,36085,10,b2:db:ca:e6:29:a6,6076,17,0,0,-30,S,5c:62:8b:66:67:d2"
1791393686.360,"B,36085,10,5c:62:8b:66:67:d2,0,0,6216,22,-50,A,5c:62:8b:66:67:d2"
1791393686.360,"B,36085,10,72:3b:01:24:b7:c8,140,5,0,0,-40,S,5c:62:8b:66:67:d2"
1791393686.360,"M,36090,slot,5,1"
1791393686.562,"B,36185,10,b2:db:ca:e6:29:a6,10118,41,0,0,-31,S,5c:62:8b:66:67:d2"
1791393686.562,"B,36185,10,5c:62:8b:66:67:d2,0,0,10118,41,-50,A,5c:62:8b:66:67:d2"
1791393686.562,"B,36285,10,b2:db:ca:e6:29:a6,2734,13,0,0,-31,S,5c:62:8b:66:67:d2"
1791393686.562,"B,36285,10,5c:62:8b:66:67:d2,0,0,2790,15,-51,A,5c:62:8b:66:67:d2"
1791393686.562,"B,36285,10,72:3b:01:24:b7:c8,56,2,0,0,-41,S,5c:62:8b:66:67:d2"
1791393686.766,"B,36385,10,b2:db:ca:e6:29:a6,9296,32,0,0,-30,S,5c:62:8b:66:67:d2"
1791393686.766,"B,36385,10,5c:62:8b:66:67:d2,0,0,9324,33,-50,A,5c:62:8b:66:67:d2"
1791393686.766,"B,36385,10,72:3b:01:24:b7:c8,28,1,0,0,-41,S,5c:62:8b:66:67:d2"
1791393686.766,"B,36485,10,b2:db:ca:e6:29:a6,5837,19,0,0,-30,S,5c:62:8b:66:67:d2"
1791393686.766,"B,36485,10,5c:62:8b:66:67:d2,0,0,5893,21,-51,A,5c:62:8b:66:67:d2"
1791393686.766,"B,36485,10,72:3b:01:24:b7:c8,56,2,0,0,-41,S,5c:62:8b:66:67:d2"
1791393686.972,"B,36585,10,b2:db:ca:e6:29:a6,4463,18,0,0,-32,S,5c:62:8b:66:67:d2"
1791393686.972,"B,36585,10,5c:62:8b:66:67:d2,0,0,4575,22,-52,A,5c:62:8b:66:67:d2"
1791393686.972,"B,36585,10,72:3b:01:24:b7:c8,112,4,0,0,-41,S,5c:62:8b:66:67:d2"
1791393686.972,"B,36685,10,b2:db:ca:e6:29:a6,9139,22,0,0,-31,S,5c:62:8b:66:67:d2"
1791393686.972,"B,36685,10,5c:62:8b:66:67:d2,0,0,9167,23,-52,A,5c:62:8b:66:67:d2"
1791393686.972,"B,36685,10,72:3b:01:24:b7:c8,28,1,0,0,-41,S,5c:62:8b:66:67:d2"
1791393687.176,"B,36785,10,b2:db:ca:e6:29:a6,10429,23,0,0,-31,S,5c:62:8b:66:67:d2"
1791393687.176,"B,36785,10,5c:62:8b:66:67:d2,0,0,10429,23,-51,A,5c:62:8b:66:67:d2"
1791393687.176,"B,36885,10,b2:db:ca:e6:29:a6,7749,34,0,0,-31,S,5c:62:8b:66:67:d2"
1791393687.176,"B,36885,10,5c:62:8b:66:67:d2,0,0,7833,37,-52,A,5c:62:8b:66:67:d2"
1791393687.176,"B,36885,10,72:3b:01:24:b7:c8,84,3,0,0,-40,S,5c:62:8b:66:67:d2"
1791393687.381,"B,36985,10,b2:db:ca:e6:29:a6,5071,14,0,0,-30,S,5c:62:8b:66:67:d2"
1791393687.381,"B,36985,10,5c:62:8b:66:67:d2,0,0,5099,15,-51,A,5c:62:8b:66:67:d2"
1791393687.381,"B,36985,10,72:3b:01:24:b7:c8,28,1,0,0,-41,S,5c:62:8b:66:67:d2"
1791393687.381,"B,37085,10,b2:db:ca:e6:29:a6,5738,9,0,0,-31,S,5c:62:8b:66:67:d2"
1791393687.381,"B,37085,10,5c:62:8b:66:67:d2,0,0,5738,9,-52,A,5c:62:8b:66:67:d2"
1791393687.586,"B,37185,10,b2:db:ca:e6:29:a6,25354,45,0,0,-31,S,5c:62:8b:66:67:d2"
1791393687.586,"B,37185,10,5c:62:8b:66:67:d2,0,0,25410,47,-51,A,5c:62:8b:66:67:d2"
1791393687.586,"B,37185,10,72:3b:01:24:b7:c8,56,2,0,0,-40,S,5c:62:8b:66:67:d2"
1791393687.586,"B,37285,10,b2:db:ca:e6:29:a6,10277,38,0,0,-30,S,5c:62:8b:66:67:d2"
1791393687.586,"B,37285,10,5c:62:8b:66:67:d2,0,0,10277,38,-52,A,5c:62:8b:66:67:d2"
1791393687.791,"B,37385,10,b2:db:ca:e6:29:a6,9308,17,0,0,-31,S,5c:62:8b:66:67:d2"
1791393687.791,"B,37385,10,5c:62:8b:66:67:d2,0,0,9308,17,-51,A,5c:62:8b:66:67:d2"
1791393687.791,"B,37485,10,b2:db:ca:e6:29:a6,7536,16,0,0,-31,S,5c:62:8b:66:67:d2"
1791393687.791,"B,37485,10,5c:62:8b:66:67:d2,0,0,7592,18,-51,A,5c:62:8b:66:67:d2"
1791393687.791,"B,37485,10,72:3b:01:24:b7:c8,56,2,0,0,-40,S,5c:62:8b:66:67:d2"
1791393687.992,"B,37585,10,b2:db:ca:e6:29:a6,6507,20,0,0,-30,S,5c:62:8b:66:67:d2"
1791393687.992,"B,37585,10,5c:62:8b:66:67:d2,0,0,6507,20,-51,A,5c:62:8b:66:67:d2"
1791393687.992,"B,37685,10,b2:db:ca:e6:29:a6,8281,23,0,0,-31,S,5c:62:8b:66:67:d2"
1791393687.992,"B,37685,10,5c:62:8b:66:67:d2,0,0,8393,27,-52,A,5c:62:8b:66:67:d2"
1791393687.992,"B,37685,10,72:3b:01:24:b7:c8,112,4,0,0,-40,S,5c:62:8b:66:67:d2"
1791393688.196,"B,37785,10,b2:db:ca:e6:29:a6,7963,14,0,0,-30,S,5c:62:8b:66:67:d2"
1791393688.196,"B,37785,10,5c:62:8b:66:67:d2,0,0,7963,14,-52,A,5c:62:8b:66:67:d2"
1791393688.196,"B,37885,10,b2:db:ca:e6:29:a6,5800,26,0,0,-30,S,5c:62:8b:66:67:d2"
1791393688.196,"B,37885,10,5c:62:8b:66:67:d2,0,0,5912,30,-52,A,5c:62:8b:66:67:d2"
1791393688.196,"B,37885,10,72:3b:01:24:b7:c8,112,4,0,0,-40,S,5c:62:8b:66:67:d2"
1791393688.402,"B,37985,10,b2:db:ca:e6:29:a6,10069,14,0,0,-31,S,5c:62:8b:66:67:d2"
1791393688.402,"B,37985,10,5c:62:8b:66:67:d2,0,0,10181,18,-51,A,5c:62:8b:66:67:d2"
1791393688.402,"B,37985,10,72:3b:01:24:b7:c8,112,4,0,0,-40,S,5c:62:8b:66:67:d2"
1791393688.402,"B,38085,10,b2:db:ca:e6:29:a6,6341,23,0,0,-31,S,5c:62:8b:66:67:d2"
1791393688.402,"B,38085,10,5c:62:8b:66:67:d2,0,0,6341,23,-51,A,5c:62:8b:66:67:d2"
1791393688.602,"B,38185,10,b2:db:ca:e6:29:a6,3804,12,0,0,-30,S,5c:62:8b:66:67:d2"
1791393688.602,"B,38185,10,5c:62:8b:66:67:d2,0,0,3804,12,-51,A,5c:62:8b:66:67:d2"
1791393688.602,"B,38285,10,b2:db:ca:e6:29:a6,7318,25,0,0,-30,S,5c:62:8b:66:67:d2"
1791393688.602,"B,38285,10,5c:62:8b:66:67:d2,0,0,7430,29,0,A,5c:62:8b:66:67:d2"
1791393688.602,"B,38285,10,72:3b:01:24:b7:c8,112,4,0,0,-41,S,5c:62:8b:66:67:d2"
1791393688.806,"B,38385,10,b2:db:ca:e6:29:a6,2895,11,0,0,-30,S,5c:62:8b:66:67:d2"
1791393688.806,"B,38385,10,5c:62:8b:66:67:d2,0,0,2895,11,-50,A,5c:62:8b:66:67:d2"
1791393688.806,"B,38485,10,b2:db:ca:e6:29:a6,14803,35,0,0,-30,S,5c:62:8b:66:67:d2"
1791393688.806,"B,38485,10,5c:62:8b:66:67:d2,0,0,14859,37,-50,A,5c:62:8b:66:67:d2"
1791393688.806,"B,38485,10,72:3b:01:24:b7:c8,56,2,0,0,-41,S,5c:62:8b:66:67:d2"
1791393689.009,"B,38585,10,b2:db:ca:e6:29:a6,11164,30,0,0,-30,S,5c:62:8b:66:67:d2"
1791393689.009,"B,38585,10,5c:62:8b:66:67:d2,0,0,11248,33,-51,A,5c:62:8b:66:67:d2"
1791393689.009,"B,38585,10,72:3b:01:24:b7:c8,84,3,0,0,-41,S,5c:62:8b:66:67:d2"
1791393689.009,"B,38685,10,b2:db:ca:e6:29:a6,13595,34,0,0,-30,S,5c:62:8b:66:67:d2"
1791393689.009,"B,38685,10,5c:62:8b:66:67:d2,0,0,13595,34,-51,A,5c:62:8b:66:67:d2"
1791393689.211,"B,38785,10,b2:db:ca:e6:29:a6,14186,37,0,0,-30,S,5c:62:8b:66:67:d2"
1791393689.211,"B,38785,10,5c:62:8b:66:67:d2,0,0,14298,41,-51,A,5c:62:8b:66:67:d2"
1791393689.211,"B,38785,10,72:3b:01:24:b7:c8,112,4,0,0,-40,S,5c:62:8b:66:67:d2"
1791393689.211,"B,38885,10,b2:db:ca:e6:29:a6,9491,15,0,0,-31,S,5c:62:8b:66:67:d2"
1791393689.211,"B,38885,10,5c:62:8b:66:67:d2,0,0,9491,15,-51,A,5c:62:8b:66:67:d2"
1791393689.415,"B,38985,10,b2:db:ca:e6:29:a6,9875,30,0,0,-31,S,5c:62:8b:66:67:d2"
1791393689.415,"B,38985,10,5c:62:8b:66:67:d2,0,0,9903,31,-51,A,5c:62:8b:66:67:d2"
1791393689.415,"B,38985,10,72:3b:01:24:b7:c8,28,1,0,0,-40,S,5c:62:8b:66:67:d2"
1791393689.415,"B,39085,10,b2:db:ca:e6:29:a6,5937,13,0,0,-30,S,5c:62:8b:66:67:d2"
1791393689.415,"B,39085,10,5c:62:8b:66:67:d2,0,0,5965,14,-51,A,5c:62:8b:66:67:d2"
1791393689.415,"B,39085,10,72:3b:01:24:b7:c8,28,1,0,0,-40,S,5c:62:8b:66:67:d2"
1791393689.619,"B,39185,10,b2:db:ca:e6:29:a6,6103,23,0,0,-30,S,5c:62:8b:66:67:d2"
1791393689.619,"B,39185,10,5c:62:8b:66:67:d2,0,0,6103,23,-51,A,5c:62:8b:66:67:d2"
1791393689.619,"B,39285,10,b2:db:ca:e6:29:a6,9097,27,0,0,-30,S,5c:62:8b:66:67:d2"
1791393689.619,"B,39285,10,5c:62:8b:66:67:d2,0,0,9097,27,-51,A,5c:62:8b:66:67:d2"
1791393689.825,"B,39385,10,b2:db:ca:e6:29:a6,9472,35,0,0,-30,S,5c:62:8b:66:67:d2"
1791393689.825,"B,39385,10,5c:62:8b:66:67:d2,0,0,9528,37,-51,A,5c:62:8b:66:67:d2"
1791393689.825,"B,39385,10,72:3b:01:24:b7:c8,56,2,0,0,-40,S,5c:62:8b:66:67:d2"
1791393689.825,"B,39485,10,b2:db:ca:e6:29:a6,7865,10,0,0,-31,S,5c:62:8b:66:67:d2"
1791393689.825,"B,39485,10,5c:62:8b:66:67:d2,0,0,7893,11,-51,A,5c:62:8b:66:67:d2"
1791393689.825,"B,39485,10,72:3b:01:24:b7:c8,28,1,0,0,-41,S,5c:62:8b:66:67:d2"
1791393690.027,"B,39585,10,b2:db:ca:e6:29:a6,8807,26,0,0,-31,S,5c:62:8b:66:67:d2"
1791393690.027,"B,39585,10,5c:62:8b:66:67:d2,0,0,8891,29,-52,A,5c:62:8b:66:67:d2"
1791393690.027,"B,39585,10,72:3b:01:24:b7:c8,84,3,0,0,-42,S,5c:62:8b:66:67:d2"
1791393690.027,"B,39685,10,b2:db:ca:e6:29:a6,10181,28,0,0,-30,S,5c:62:8b:66:67:d2"
1791393690.027,"B,39685,10,5c:62:8b:66:67:d2,0,0,10181,28,-52,A,5c:62:8b:66:67:d2"
1791393690.229,"B,39785,10,b2:db:ca:e6:29:a6,6059,27,0,0,-31,S,5c:62:8b:66:67:d2"
1791393690.229,"B,39785,10,5c:62:8b:66:67:d2,0,0,6059,27,-53,A,5c:62:8b:66:67:d2"
1791393690.229,"B,39885,10,b2:db:ca:e6:29:a6,8020,22,0,0,-30,S,5c:62:8b:66:67:d2"
1791393690.229,"B,39885,10,5c:62:8b:66:67:d2,0,0,8328,33,-51,A,5c:62:8b:66:67:d2"
1791393690.229,"B,39885,10,72:3b:01:24:b7:c8,308,11,0,0,-42,S,5c:62:8b:66:67:d2"
1791393690.432,"B,39985,10,b2:db:ca:e6:29:a6,6699,22,0,0,-30,S,5c:62:8b:66:67:d2"
1791393690.432,"B,39985,10,5c:62:8b:66:67:d2,0,0,6727,23,-51,A,5c:62:8b:66:67:d2"
1791393690.432,"B,39985,10,72:3b:01:24:b7:c8,28,1,0,0,-42,S,5c:62:8b:66:67:d2"
1791393690.432,"B,40085,10,b2:db:ca:e6:29:a6,8281,18,0,0,-30,S,5c:62:8b:66:67:d2"
1791393690.432,"B,40085,10,5c:62:8b:66:67:d2,0,0,8281,18,-50,A,5c:62:8b:66:67:d2"
1791393690.432,"I,40101,stat,rx=7055,drops=0,ch=10,bin=100,hop=0,heap=203064"
1791393690.636,"B,40185,10,b2:db:ca:e6:29:a6,8762,20,0,0,-30,S,5c:62:8b:66:67:d2"
1791393690.636,"B,40185,10,5c:62:8b:66:67:d2,0,0,8846,23,-51,A,5c:62:8b:66:67:d2"
1791393690.636,"B,40185,10,72:3b:01:24:b7:c8,84,3,0,0,-42,S,5c:62:8b:66:67:d2"
1791393690.636,"B,40285,10,b2:db:ca:e6:29:a6,5169,18,0,0,-30,S,5c:62:8b:66:67:d2"
1791393690.636,"B,40285,10,5c:62:8b:66:67:d2,0,0,5169,18,-54,A,5c:62:8b:66:67:d2"
1791393690.837,"B,40385,10,b2:db:ca:e6:29:a6,6993,20,0,0,-30,S,5c:62:8b:66:67:d2"
1791393690.837,"B,40385,10,5c:62:8b:66:67:d2,0,0,6993,20,-50,A,5c:62:8b:66:67:d2"
1791393690.837,"B,40485,10,b2:db:ca:e6:29:a6,2126,15,0,0,-30,S,5c:62:8b:66:67:d2"
1791393690.837,"B,40485,10,5c:62:8b:66:67:d2,0,0,2266,20,-49,A,5c:62:8b:66:67:d2"
1791393690.837,"B,40485,10,72:3b:01:24:b7:c8,140,5,0,0,-40,S,5c:62:8b:66:67:d2"
1791393691.040,"B,40585,10,b2:db:ca:e6:29:a6,7636,25,0,0,-30,S,5c:62:8b:66:67:d2"
1791393691.040,"B,40585,10,5c:62:8b:66:67:d2,0,0,7636,25,-50,A,5c:62:8b:66:67:d2"
1791393691.040,"B,40685,10,b2:db:ca:e6:29:a6,6547,29,0,0,-30,S,5c:62:8b:66:67:d2"
1791393691.040,"B,40685,10,5c:62:8b:66:67:d2,0,0,6631,32,-51,A,5c:62:8b:66:67:d2"
1791393691.040,"B,40685,10,72:3b:01:24:b7:c8,84,3,0,0,-41,S,5c:62:8b:66:67:d2"
1791393691.240,"B,40785,10,b2:db:ca:e6:29:a6,5357,18,0,0,-30,S,5c:62:8b:66:67:d2"
1791393691.240,"B,40785,10,5c:62:8b:66:67:d2,0,0,5385,19,-51,A,5c:62:8b:66:67:d2"
1791393691.240,"B,40785,10,72:3b:01:24:b7:c8,28,1,0,0,-42,S,5c:62:8b:66:67:d2"
1791393691.240,"B,40885,10,b2:db:ca:e6:29:a6,4735,19,0,0,-30,S,5c:62:8b:66:67:d2"
1791393691.240,"B,40885,10,5c:62:8b:66:67:d2,0,0,4735,19,-51,A,5c:62:8b:66:67:d2"
1791393691.240,"B,40985,10,b2:db:ca:e6:29:a6,4693,22,0,0,-30,S,5c:62:8b:66:67:d2"
1791393691.240,"B,40985,10,5c:62:8b:66:67:d2,0,0,4749,24,-50,A,5c:62:8b:66:67:d2"
1791393691.441,"B,40985,10,72:3b:01:24:b7:c8,56,2,0,0,-42,S,5c:62:8b:66:67:d2"
1791393691.441,"B,41085,10,b2:db:ca:e6:29:a6,6192,18,0,0,-30,S,5c:62:8b:66:67:d2"
1791393691.441,"B,41085,10,5c:62:8b:66:67:d2,0,0,6192,18,-51,A,5c:62:8b:66:67:d2"
1791393691.441,"M,41154,slot,6,0"
1791393691.642,"B,41185,10,b2:db:ca:e6:29:a6,10687,40,0,0,-29,S,5c:62:8b:66:67:d2"
1791393691.642,"B,41185,10,5c:62:8b:66:67:d2,0,0,10687,40,-52,A,5c:62:8b:66:67:d2"
1791393691.642,"B,41285,10,b2:db:ca:e6:29:a6,8413,28,0,0,-30,S,5c:62:8b:66:67:d2"
1791393691.642,"B,41285,10,5c:62:8b:66:67:d2,0,0,8497,31,-50,A,5c:62:8b:66:67:d2"
1791393691.642,"B,41285,10,72:3b:01:24:b7:c8,84,3,0,0,-41,S,5c:62:8b:66:67:d2"
1791393691.642,"B,41385,10,b2:db:ca:e6:29:a6,8500,38,0,0,-30,S,5c:62:8b:66:67:d2"
1791393691.842,"B,41385,10,5c:62:8b:66:67:d2,0,0,8500,38,-52,A,5c:62:8b:66:67:d2"
1791393691.842,"B,41485,10,b2:db:ca:e6:29:a6,8429,33,0,0,-29,S,5c:62:8b:66:67:d2"
1791393691.842,"B,41485,10,5c:62:8b:66:67:d2,0,0,8457,34,-50,A,5c:62:8b:66:67:d2"
1791393691.842,"B,41485,10,72:3b:01:24:b7:c8,28,1,0,0,-40,S,5c:62:8b:66:67:d2"
1791393691.842,"B,41585,10,b2:db:ca:e6:29:a6,9612,20,0,0,-30,S,5c:62:8b:66:67:d2"
1791393691.842,"B,41585,10,5c:62:8b:66:67:d2,0,0,9752,25,-50,A,5c:62:8b:66:67:d2"
1791393692.042,"B,41585,10,72:3b:01:24:b7:c8,140,5,0,0,-41,S,5c:62:8b:66:67:d2"
1791393692.042,"B,41685,10,b2:db:ca:e6:29:a6,12114,37,0,0,-30,S,5c:62:8b:66:67:d2"
1791393692.042,"B,41685,10,5c:62:8b:66:67:d2,0,0,12114,37,-51,A,5c:62:8b:66:67:d2"
1791393692.042,"B,41785,10,b2:db:ca:e6:29:a6,7164,21,0,0,-31,S,5c:62:8b:66:67:d2"
1791393692.042,"B,41785,10,5c:62:8b:66:67:d2,0,0,7248,24,-49,A,5c:62:8b:66:67:d2"
1791393692.243,"B,41785,10,72:3b:01:24:b7:c8,84,3,0,0,-42,S,5c:62:8b:66:67:d2"
1791393692.243,"B,41885,10,b2:db:ca:e6:29:a6,5391,23,0,0,-30,S,5c:62:8b:66:67:d2"
1791393692.243,"B,41885,10,5c:62:8b:66:67:d2,0,0,5587,30,-49,A,5c:62:8b:66:67:d2"
1791393692.243,"B,41885,10,72:3b:01:24:b7:c8,196,7,0,0,-41,S,5c:62:8b:66:67:d2"
1791393692.243,"B,41985,10,b2:db:ca:e6:29:a6,6371,11,0,0,-30,S,5c:62:8b:66:67:d2"
1791393692.243,"B,41985,10,5c:62:8b:66:67:d2,0,0,6427,13,-51,A,5c:62:8b:66:67:d2"
1791393692.243,"B,41985,10,72:3b:01:24:b7:c8,56,2,0,0,-41,S,5c:62:8b:66:67:d2"
1791393692.443,"B,42085,10,b2:db:ca:e6:29:a6,6334,21,0,0,-30,S,5c:62:8b:66:67:d2"
1791393692.443,"B,42085,10,5c:62:8b:66:67:d2,0,0,6390,23,-50,A,5c:62:8b:66:67:d2"
1791393692.443,"B,42085,10,72:3b:01:24:b7:c8,56,2,0,0,-41,S,5c:62:8b:66:67:d2"
1791393692.443,"B,42185,10,b2:db:ca:e6:29:a6,24894,35,0,0,-31,S,5c:62:8b:66:67:d2"
1791393692.643,"B,42185,10,5c:62:8b:66:67:d2,0,0,24894,35,-50,A,5c:62:8b:66:67:d2"
1791393692.643,"B,42285,10,b2:db:ca:e6:29:a6,11640,32,0,0,-30,S,5c:62:8b:66:67:d2"
1791393692.643,"B,42285,10,5c:62:8b:66:67:d2,0,0,11640,32,-51,A,5c:62:8b:66:67:d2"
1791393692.844,"B,42385,10,b2:db:ca:e6:29:a6,5735,24,0,0,-30,S,5c:62:8b:66:67:d2"
1791393692.844,"B,42385,10,5c:62:8b:66:67:d2,0,0,5847,28,-50,A,5c:62:8b:66:67:d2"
1791393692.844,"B,42385,10,72:3b:01:24:b7:c8,112,4,0,0,-37,S,5c:62:8b:66:67:d2"
1791393692.844,"B,42485,10,b2:db:ca:e6:29:a6,14246,36,0,0,-30,S,5c:62:8b:66:67:d2"
1791393692.844,"B,42485,10,5c:62:8b:66:67:d2,0,0,14274,37,-51,A,5c:62:8b:66:67:d2"
1791393692.844,"B,42485,10,72:3b:01:24:b7:c8,28,1,0,0,-40,S,5c:62:8b:66:67:d2"
1791393692.844,"B,42585,10,b2:db:ca:e6:29:a6,4543,17,0,0,-30,S,5c:62:8b:66:67:d2"
1791393692.844,"B,42585,10,5c:62:8b:66:67:d2,0,0,4543,17,0,A,5c:62:8b:66:67:d2"
1791393693.045,"B,42685,10,b2:db:ca:e6:29:a6,15958,41,0,0,-30,S,5c:62:8b:66:67:d2"
1791393693.045,"B,42685,10,5c:62:8b:66:67:d2,0,0,16014,43,-53,A,5c:62:8b:66:67:d2"
1791393693.045,"B,42685,10,72:3b:01:24:b7:c8,56,2,0,0,-41,S,5c:62:8b:66:67:d2"
1791393693.045,"B,42785,10,b2:db:ca:e6:29:a6,18526,34,0,0,-30,S,5c:62:8b:66:67:d2"
1791393693.045,"B,42785,10,5c:62:8b:66:67:d2,0,0,18526,34,-53,A,5c:62:8b:66:67:d2"
1791393693.246,"B,42885,10,b2:db:ca:e6:29:a6,13947,37,0,0,-30,S,5c:62:8b:66:67:d2"
1791393693.246,"B,42885,10,5c:62:8b:66:67:d2,0,0,14031,40,-52,A,5c:62:8b:66:67:d2"
1791393693.246,"B,42885,10,72:3b:01:24:b7:c8,84,3,0,0,-40,S,5c:62:8b:66:67:d2"
1791393693.246,"B,42985,10,b2:db:ca:e6:29:a6,9282,34,0,0,-30,S,5c:62:8b:66:67:d2"
1791393693.246,"B,42985,10,5c:62:8b:66:67:d2,0,0,9310,35,-53,A,5c:62:8b:66:67:d2"
1791393693.246,"B,42985,10,72:3b:01:24:b7:c8,28,1,0,0,-40,S,5c:62:8b:66:67:d2"
1791393693.448,"B,43085,10,b2:db:ca:e6:29:a6,8580,37,0,0,-30,S,5c:62:8b:66:67:d2"
1791393693.448,"B,43085,10,5c:62:8b:66:67:d2,0,0,8608,38,-51,A,5c:62:8b:66:67:d2"
1791393693.448,"B,43085,10,72:3b:01:24:b7:c8,28,1,0,0,-40,S,5c:62:8b:66:67:d2"
1791393693.448,"B,43185,10,b2:db:ca:e6:29:a6,10676,39,0,0,-30,S,5c:62:8b:66:67:d2"
1791393693.448,"B,43185,10,5c:62:8b:66:67:d2,0,0,10676,39,-51,A,5c:62:8b:66:67:d2"
1791393693.650,"B,43285,10,b2:db:ca:e6:29:a6,14081,85,0,0,-30,S,5c:62:8b:66:67:d2"
1791393693.650,"B,43285,10,5c:62:8b:66:67:d2,0,0,14081,85,-53,A,5c:62:8b:66:67:d2"
1791393693.650,"B,43385,10,b2:db:ca:e6:29:a6,4887,24,0,0,-29,S,5c:62:8b:66:67:d2"
1791393693.650,"B,43385,10,5c:62:8b:66:67:d2,0,0,4887,24,-53,A,5c:62:8b:66:67:d2"
1791393693.852,"B,43485,10,b2:db:ca:e6:29:a6,15687,56,0,0,-30,S,5c:62:8b:66:67:d2"
1791393693.852,"B,43485,10,5c:62:8b:66:67:d2,0,0,15743,58,-52,A,5c:62:8b:66:67:d2"
1791393693.852,"B,43485,10,72:3b:01:24:b7:c8,56,2,0,0,-40,S,5c:62:8b:66:67:d2"
1791393693.852,"B,43585,10,b2:db:ca:e6:29:a6,11303,62,0,0,-30,S,5c:62:8b:66:67:d2"
1791393693.852,"B,43585,10,5c:62:8b:66:67:d2,0,0,11331,63,-52,A,5c:62:8b:66:67:d2"
1791393693.852,"B,43585,10,72:3b:01:24:b7:c8,28,1,0,0,-40,S,5c:62:8b:66:67:d2"
1791393694.054,"B,43685,10,b2:db:ca:e6:29:a6,8756,16,0,0,-30,S,5c:62:8b:66:67:d2"
1791393694.054,"B,43685,10,5c:62:8b:66:67:d2,0,0,8756,16,-52,A,5c:62:8b:66:67:d2"
1791393694.054,"B,43785,10,b2:db:ca:e6:29:a6,5792,26,0,0,-30,S,5c:62:8b:66:67:d2"
1791393694.054,"B,43785,10,5c:62:8b:66:67:d2,0,0,5876,29,-53,A,5c:62:8b:66:67:d2"
1791393694.054,"B,43785,10,72:3b:01:24:b7:c8,84,3,0,0,-38,S,5c:62:8b:66:67:d2"
1791393694.256,"B,43885,10,b2:db:ca:e6:29:a6,5625,20,0,0,-29,S,5c:62:8b:66:67:d2"
1791393694.256,"B,43885,10,5c:62:8b:66:67:d2,0,0,5765,25,-51,A,5c:62:8b:66:67:d2"
1791393694.256,"B,43885,10,72:3b:01:24:b7:c8,140,5,0,0,-38,S,5c:62:8b:66:67:d2"
1791393694.256,"B,43985,10,b2:db:ca:e6:29:a6,6835,27,0,0,-30,S,5c:62:8b:66:67:d2"
1791393694.256,"B,43985,10,5c:62:8b:66:67:d2,0,0,6863,28,-51,A,5c:62:8b:66:67:d2"
1791393694.256,"B,43985,10,72:3b:01:24:b7:c8,28,1,0,0,-39,S,5c:62:8b:66:67:d2"
1791393694.456,"B,44085,10,b2:db:ca:e6:29:a6,6396,19,0,0,-30,S,5c:62:8b:66:67:d2"
1791393694.456,"B,44085,10,5c:62:8b:66:67:d2,0,0,6396,19,-52,A,5c:62:8b:66:67:d2"
1791393694.456,"B,44185,10,b2:db:ca:e6:29:a6,5627,19,0,0,-29,S,5c:62:8b:66:67:d2"
1791393694.456,"B,44185,10,5c:62:8b:66:67:d2,0,0,5627,19,-52,A,5c:62:8b:66:67:d2"
1791393694.661,"B,44285,10,b2:db:ca:e6:29:a6,8631,20,0,0,-30,S,5c:62:8b:66:67:d2"
1791393694.661,"B,44285,10,5c:62:8b:66:67:d2,0,0,8715,23,-52,A,5c:62:8b:66:67:d2"
1791393694.661,"B,44285,10,72:3b:01:24:b7:c8,84,3,0,0,-36,S,5c:62:8b:66:67:d2"
1791393694.661,"B,44385,10,b2:db:ca:e6:29:a6,9286,35,0,0,-30,S,5c:62:8b:66:67:d2"
1791393694.661,"B,44385,10,5c:62:8b:66:67:d2,0,0,9286,35,-53,A,5c:62:8b:66:67:d2"
1791393694.866,"B,44485,10,b2:db:ca:e6:29:a6,6407,24,0,0,-30,S,5c:62:8b:66:67:d2"
1791393694.866,"B,44485,10,5c:62:8b:66:67:d2,0,0,6435,25,-52,A,5c:62:8b:66:67:d2"
1791393694.866,"B,44485,10,72:3b:01:24:b7:c8,28,1,0,0,-40,S,5c:62:8b:66:67:d2"
1791393694.866,"B,44585,10,b2:db:ca:e6:29:a6,5153,18,0,0,-30,S,5c:62:8b:66:67:d2"
1791393694.866,"B,44585,10,5c:62:8b:66:67:d2,0,0,5209,20,-52,A,5c:62:8b:66:67:d2"
1791393694.866,"B,44585,10,72:3b:01:24:b7:c8,56,2,0,0,-37,S,5c:62:8b:66:67:d2"
1791393695.068,"B,44685,10,b2:db:ca:e6:29:a6,3750,11,0,0,-30,S,5c:62:8b:66:67:d2"
1791393695.068,"B,44685,10,5c:62:8b:66:67:d2,0,0,3750,11,-52,A,5c:62:8b:66:67:d2"
1791393695.068,"B,44785,10,b2:db:ca:e6:29:a6,8590,28,0,0,-30,S,5c:62:8b:66:67:d2"
1791393695.068,"B,44785,10,5c:62:8b:66:67:d2,0,0,8590,28,-52,A,5c:62:8b:66:67:d2"
1791393695.272,"B,44885,10,b2:db:ca:e6:29:a6,8133,23,0,0,-30,S,5c:62:8b:66:67:d2"
1791393695.272,"B,44885,10,5c:62:8b:66:67:d2,0,0,8245,27,-53,A,5c:62:8b:66:67:d2"
1791393695.272,"B,44885,10,72:3b:01:24:b7:c8,112,4,0,0,-38,S,5c:62:8b:66:67:d2"
1791393695.272,"B,44985,10,b2:db:ca:e6:29:a6,11988,29,0,0,-30,S,5c:62:8b:66:67:d2"
1791393695.272,"B,44985,10,5c:62:8b:66:67:d2,0,0,12016,30,-52,A,5c:62:8b:66:67:d2"
1791393695.272,"B,44985,10,72:3b:01:24:b7:c8,28,1,0,0,-39,S,5c:62:8b:66:67:d2"
1791393695.477,"B,45085,10,b2:db:ca:e6:29:a6,9213,21,0,0,-30,S,5c:62:8b:66:67:d2"
1791393695.477,"B,45085,10,5c:62:8b:66:67:d2,0,0,9241,22,-53,A,5c:62:8b:66:67:d2"
1791393695.477,"B,45085,10,72:3b:01:24:b7:c8,28,1,0,0,-39,S,5c:62:8b:66:67:d2"
1791393695.477,"I,45103,stat,rx=8603,drops=0,ch=10,bin=100,hop=0,heap=203064"
1791393695.477,"B,45185,10,b2:db:ca:e6:29:a6,7013,21,0,0,-30,S,5c:62:8b:66:67:d2"
1791393695.477,"B,45185,10,5c:62:8b:66:67:d2,0,0,7069,23,-52,A,5c:62:8b:66:67:d2"
1791393695.477,"B,45185,10,72:3b:01:24:b7:c8,56,2,0,0,-39,S,5c:62:8b:66:67:d2"
1791393695.678,"B,45285,10,b2:db:ca:e6:29:a6,5840,20,0,0,-30,S,5c:62:8b:66:67:d2"
1791393695.678,"B,45285,10,5c:62:8b:66:67:d2,0,0,5840,20,-52,A,5c:62:8b:66:67:d2"
1791393695.678,"B,45385,10,b2:db:ca:e6:29:a6,6563,19,0,0,-30,S,5c:62:8b:66:67:d2"
1791393695.678,"B,45385,10,5c:62:8b:66:67:d2,0,0,6647,22,-52,A,5c:62:8b:66:67:d2"
1791393695.678,"B,45385,10,72:3b:01:24:b7:c8,84,3,0,0,-38,S,5c:62:8b:66:67:d2"
1791393695.883,"B,45485,10,b2:db:ca:e6:29:a6,5758,13,0,0,-30,S,5c:62:8b:66:67:d2"
1791393695.883,"B,45485,10,5c:62:8b:66:67:d2,0,0,5814,15,-53,A,5c:62:8b:66:67:d2"
1791393695.883,"B,45485,10,72:3b:01:24:b7:c8,56,2,0,0,-38,S,5c:62:8b:66:67:d2"
1791393695.883,"B,45585,10,b2:db:ca:e6:29:a6,4408,16,0,0,-31,S,5c:62:8b:66:67:d2"
1791393695.883,"B,45585,10,5c:62:8b:66:67:d2,0,0,4408,16,-53,A,5c:62:8b:66:67:d2"
1791393696.083,"B,45685,10,b2:db:ca:e6:29:a6,13416,34,0,0,-30,S,5c:62:8b:66:67:d2"
1791393696.083,"B,45685,10,5c:62:8b:66:67:d2,0,0,13444,35,-52,A,5c:62:8b:66:67:d2"
1791393696.083,"B,45685,10,72:3b:01:24:b7:c8,28,1,0,0,-40,S,5c:62:8b:66:67:d2"
1791393696.083,"B,45785,10,b2:db:ca:e6:29:a6,9644,16,0,0,-31,S,5c:62:8b:66:67:d2"
1791393696.083,"B,45785,10,5c:62:8b:66:67:d2,0,0,9644,16,-53,A,5c:62:8b:66:67:d2"
1791393696.288,"B,45885,10,b2:db:ca:e6:29:a6,9242,29,0,0,-31,S,5c:62:8b:66:67:d2"
1791393696.288,"B,45885,10,5c:62:8b:66:67:d2,0,0,9354,33,-52,A,5c:62:8b:66:67:d2"
1791393696.288,"B,45885,10,72:3b:01:24:b7:c8,112,4,0,0,-44,S,5c:62:8b:66:67:d2"
1791393696.288,"B,45985,10,b2:db:ca:e6:29:a6,6169,28,0,0,-30,S,5c:62:8b:66:67:d2"
1791393696.288,"B,45985,10,5c:62:8b:66:67:d2,0,0,6309,33,-52,A,5c:62:8b:66:67:d2"
1791393696.288,"B,45985,10,72:3b:01:24:b7:c8,140,5,0,0,-44,S,5c:62:8b:66:67:d2"
1791393696.491,"B,46085,10,b2:db:ca:e6:29:a6,9234,38,0,0,-31,S,5c:62:8b:66:67:d2"
1791393696.491,"B,46085,10,5c:62:8b:66:67:d2,0,0,9234,38,-52,A,5c:62:8b:66:67:d2"
1791393696.491,"B,46185,10,b2:db:ca:e6:29:a6,4516,12,0,0,-31,S,5c:62:8b:66:67:d2"
1791393696.491,"B,46185,10,5c:62:8b:66:67:d2,0,0,4600,15,-53,A,5c:62:8b:66:67:d2"
1791393696.491,"B,46185,10,72:3b:01:24:b7:c8,84,3,0,0,-40,S,5c:62:8b:66:67:d2"
1791393696.491,"M,46222,slot,7,1"
1791393696.694,"B,46285,10,b2:db:ca:e6:29:a6,112,4,110,1,-30,S,5c:62:8b:66:67:d2"
1791393696.694,"B,46285,10,5c:62:8b:66:67:d2,110,1,196,7,-52,A,5c:62:8b:66:67:d2"
1791393696.694,"B,46285,10,72:3b:01:24:b7:c8,84,3,0,0,-41,S,5c:62:8b:66:67:d2"
1791393696.694,"B,46385,10,b2:db:ca:e6:29:a6,30186,48,0,0,-31,S,5c:62:8b:66:67:d2"
1791393696.694,"B,46385,10,5c:62:8b:66:67:d2,0,0,30186,48,-53,A,5c:62:8b:66:67:d2"
1791393696.897,"B,46485,10,b2:db:ca:e6:29:a6,6083,26,0,0,-31,S,5c:62:8b:66:67:d2"
1791393696.897,"B,46485,10,5c:62:8b:66:67:d2,0,0,6139,28,-51,A,5c:62:8b:66:67:d2"
1791393696.897,"B,46485,10,72:3b:01:24:b7:c8,56,2,0,0,-40,S,5c:62:8b:66:67:d2"
1791393696.897,"B,46585,10,b2:db:ca:e6:29:a6,8244,35,0,0,-30,S,5c:62:8b:66:67:d2"
1791393696.897,"B,46585,10,5c:62:8b:66:67:d2,0,0,8244,35,-54,A,5c:62:8b:66:67:d2"
1791393697.101,"B,46685,10,b2:db:ca:e6:29:a6,10083,26,0,0,-30,S,5c:62:8b:66:67:d2"
1791393697.101,"B,46685,10,5c:62:8b:66:67:d2,0,0,10083,26,-52,A,5c:62:8b:66:67:d2"
1791393697.101,"B,46785,10,b2:db:ca:e6:29:a6,4951,6,0,0,-31,S,5c:62:8b:66:67:d2"
1791393697.101,"B,46785,10,5c:62:8b:66:67:d2,0,0,5035,9,0,A,5c:62:8b:66:67:d2"
1791393697.101,"B,46785,10,72:3b:01:24:b7:c8,84,3,0,0,-40,S,5c:62:8b:66:67:d2"
1791393697.302,"B,46885,10,b2:db:ca:e6:29:a6,4645,24,0,0,-30,S,5c:62:8b:66:67:d2"
1791393697.302,"B,46885,10,5c:62:8b:66:67:d2,0,0,4673,25,-51,A,5c:62:8b:66:67:d2"
1791393697.302,"B,46885,10,72:3b:01:24:b7:c8,28,1,0,0,-40,S,5c:62:8b:66:67:d2"
1791393697.302,"B,46885,10,80:af:ca:68:4c:f8,84,1,0,0,-82,A,80:af:ca:68:4c:f8"
1791393697.302,"B,46985,10,b2:db:ca:e6:29:a6,28,1,0,0,-30,S,5c:62:8b:66:67:d2"
1791393697.302,"B,46985,10,5c:62:8b:66:67:d2,0,0,56,2,-52,A,5c:62:8b:66:67:d2"
1791393697.302,"B,46985,10,72:3b:01:24:b7:c8,28,1,0,0,-40,S,5c:62:8b:66:67:d2"
1791393697.507,"B,47085,10,b2:db:ca:e6:29:a6,28,1,0,0,-32,S,5c:62:8b:66:67:d2"
1791393697.507,"B,47085,10,5c:62:8b:66:67:d2,0,0,28,1,0,A,5c:62:8b:66:67:d2"
1791393697.707,"B,47285,10,b2:db:ca:e6:29:a6,56,2,0,0,-31,S,5c:62:8b:66:67:d2"
1791393697.707,"B,47285,10,5c:62:8b:66:67:d2,0,0,140,5,-51,A,5c:62:8b:66:67:d2"
1791393697.707,"B,47285,10,72:3b:01:24:b7:c8,84,3,0,0,-40,S,5c:62:8b:66:67:d2"
1791393697.910,"B,47485,10,b2:db:ca:e6:29:a6,56,2,0,0,-33,S,5c:62:8b:66:67:d2"
1791393697.910,"B,47485,10,5c:62:8b:66:67:d2,0,0,84,3,-52,A,5c:62:8b:66:67:d2"
1791393697.910,"B,47485,10,72:3b:01:24:b7:c8,28,1,0,0,-40,S,5c:62:8b:66:67:d2"
1791393697.910,"B,47585,10,5c:62:8b:66:67:d2,0,0,56,2,-53,A,5c:62:8b:66:67:d2"
1791393697.910,"B,47585,10,72:3b:01:24:b7:c8,56,2,0,0,-40,S,5c:62:8b:66:67:d2"
1791393698.113,"B,47685,10,b2:db:ca:e6:29:a6,56,2,0,0,-32,S,5c:62:8b:66:67:d2"
1791393698.113,"B,47685,10,5c:62:8b:66:67:d2,0,0,84,3,-52,A,5c:62:8b:66:67:d2"
1791393698.113,"B,47685,10,72:3b:01:24:b7:c8,28,1,0,0,-44,S,5c:62:8b:66:67:d2"
1791393698.113,"B,47785,10,b2:db:ca:e6:29:a6,28,1,0,0,-31,S,5c:62:8b:66:67:d2"
1791393698.113,"B,47785,10,5c:62:8b:66:67:d2,0,0,28,1,-52,A,5c:62:8b:66:67:d2"
1791393698.317,"B,47885,10,b2:db:ca:e6:29:a6,28,1,0,0,-32,S,5c:62:8b:66:67:d2"
1791393698.317,"B,47885,10,5c:62:8b:66:67:d2,0,0,280,10,-53,A,5c:62:8b:66:67:d2"
1791393698.317,"B,47885,10,72:3b:01:24:b7:c8,252,9,0,0,-39,S,5c:62:8b:66:67:d2"
1791393698.317,"B,47985,10,5c:62:8b:66:67:d2,0,0,28,1,-52,A,5c:62:8b:66:67:d2"
1791393698.317,"B,47985,10,72:3b:01:24:b7:c8,28,1,0,0,-36,S,5c:62:8b:66:67:d2"
1791393698.519,"B,48185,10,b2:db:ca:e6:29:a6,28,1,0,0,-30,S,5c:62:8b:66:67:d2"
1791393698.519,"B,48185,10,5c:62:8b:66:67:d2,0,0,112,4,-52,A,5c:62:8b:66:67:d2"
1791393698.519,"B,48185,10,72:3b:01:24:b7:c8,84,3,0,0,-40,S,5c:62:8b:66:67:d2"
1791393698.722,"B,48285,10,b2:db:ca:e6:29:a6,28,1,141,1,-31,S,5c:62:8b:66:67:d2"
1791393698.722,"B,48285,10,5c:62:8b:66:67:d2,141,1,28,1,-52,A,5c:62:8b:66:67:d2"
1791393698.722,"B,48385,10,b2:db:ca:e6:29:a6,28,1,0,0,-36,S,5c:62:8b:66:67:d2"
1791393698.722,"B,48385,10,5c:62:8b:66:67:d2,0,0,112,4,-53,A,5c:62:8b:66:67:d2"
1791393698.722,"B,48385,10,72:3b:01:24:b7:c8,84,3,0,0,-38,S,5c:62:8b:66:67:d2"
1791393698.924,"B,48485,10,5c:62:8b:66:67:d2,0,0,84,3,-52,A,5c:62:8b:66:67:d2"
1791393698.924,"B,48485,10,72:3b:01:24:b7:c8,84,3,0,0,-39,S,5c:62:8b:66:67:d2"
1791393698.924,"B,48585,10,b2:db:ca:e6:29:a6,56,2,0,0,-33,S,5c:62:8b:66:67:d2"
1791393698.924,"B,48585,10,5c:62:8b:66:67:d2,0,0,56,2,-53,A,5c:62:8b:66:67:d2"
1791393699.129,"B,48685,10,b2:db:ca:e6:29:a6,2909,2,0,0,-29,S,5c:62:8b:66:67:d2"
1791393699.129,"B,48685,10,5c:62:8b:66:67:d2,0,0,2909,2,0,A,5c:62:8b:66:67:d2"
1791393699.129,"B,48785,10,b2:db:ca:e6:29:a6,56,2,0,0,-32,S,5c:62:8b:66:67:d2"
1791393699.129,"B,48785,10,5c:62:8b:66:67:d2,0,0,56,2,-53,A,5c:62:8b:66:67:d2"
1791393699.333,"B,48885,10,b2:db:ca:e6:29:a6,28,1,0,0,-31,S,5c:62:8b:66:67:d2"
1791393699.333,"B,48885,10,5c:62:8b:66:67:d2,0,0,28,1,-52,A,5c:62:8b:66:67:d2"
1791393699.333,"B,48885,10,80:af:ca:68:4c:f8,107,1,0,0,-83,A,80:af:ca:68:4c:f8"
1791393699.333,"B,48985,10,b2:db:ca:e6:29:a6,84,3,0,0,-32,S,5c:62:8b:66:67:d2"
1791393699.333,"B,48985,10,5c:62:8b:66:67:d2,0,0,168,6,-52,A,5c:62:8b:66:67:d2"
1791393699.333,"B,48985,10,72:3b:01:24:b7:c8,84,3,0,0,-39,S,5c:62:8b:66:67:d2"
1791393699.737,"B,49285,10,b2:db:ca:e6:29:a6,56,2,0,0,-32,S,5c:62:8b:66:67:d2"
1791393699.737,"B,49285,10,5c:62:8b:66:67:d2,0,0,56,2,-52,A,5c:62:8b:66:67:d2"
1791393699.941,"B,49485,10,b2:db:ca:e6:29:a6,56,2,0,0,-33,S,5c:62:8b:66:67:d2"
1791393699.941,"B,49485,10,5c:62:8b:66:67:d2,0,0,168,6,-52,A,5c:62:8b:66:67:d2"
1791393699.941,"B,49485,10,72:3b:01:24:b7:c8,112,4,0,0,-37,S,5c:62:8b:66:67:d2"
1791393700.141,"B,49685,10,b2:db:ca:e6:29:a6,56,2,0,0,-31,S,5c:62:8b:66:67:d2"
1791393700.141,"B,49685,10,5c:62:8b:66:67:d2,0,0,56,2,-52,A,5c:62:8b:66:67:d2"
1791393700.141,"B,49785,10,b2:db:ca:e6:29:a6,1499,1,0,0,-29,S,5c:62:8b:66:67:d2"
1791393700.141,"B,49785,10,5c:62:8b:66:67:d2,0,0,1499,1,-52,A,5c:62:8b:66:67:d2"
1791393700.141,"B,49885,10,b2:db:ca:e6:29:a6,28,1,0,0,-34,S,5c:62:8b:66:67:d2"
1791393700.141,"B,49885,10,5c:62:8b:66:67:d2,0,0,224,8,-52,A,5c:62:8b:66:67:d2"
1791393700.141,"B,49885,10,72:3b:01:24:b7:c8,196,7,0,0,-42,S,5c:62:8b:66:67:d2"
1791393700.341,"B,49985,10,b2:db:ca:e6:29:a6,56,2,0,0,-31,S,5c:62:8b:66:67:d2"
1791393700.341,"B,49985,10,5c:62:8b:66:67:d2,0,0,112,4,-53,A,5c:62:8b:66:67:d2"
1791393700.341,"B,49985,10,72:3b:01:24:b7:c8,56,2,0,0,-42,S,5c:62:8b:66:67:d2"
1791393700.543,"B,50085,10,b2:db:ca:e6:29:a6,1794,4,0,0,-30,S,5c:62:8b:66:67:d2"
1791393700.543,"B,50085,10,5c:62:8b:66:67:d2,0,0,1794,4,-52,A,5c:62:8b:66:67:d2"
1791393700.543,"I,50103,stat,rx=9188,drops=0,ch=10,bin=100,hop=0,heap=203064"
1791393700.543,"B,50185,10,b2:db:ca:e6:29:a6,28,1,0,0,-35,S,5c:62:8b:66:67:d2"
1791393700.543,"B,50185,10,5c:62:8b:66:67:d2,0,0,28,1,-52,A,5c:62:8b:66:67:d2"
1791393700.543,"B,50285,10,b2:db:ca:e6:29:a6,835,1,0,0,-29,S,5c:62:8b:66:67:d2"
1791393700.543,"B,50285,10,5c:62:8b:66:67:d2,0,0,835,1,-54,A,5c:62:8b:66:67:d2"
1791393700.744,"B,50385,10,b2:db:ca:e6:29:a6,28,1,0,0,-31,S,5c:62:8b:66:67:d2"
1791393700.744,"B,50385,10,5c:62:8b:66:67:d2,0,0,140,5,-52,A,5c:62:8b:66:67:d2"
1791393700.744,"B,50385,10,72:3b:01:24:b7:c8,112,4,0,0,-42,S,5c:62:8b:66:67:d2"
1791393700.744,"B,50485,10,b2:db:ca:e6:29:a6,28,1,0,0,-32,S,5c:62:8b:66:67:d2"
1791393700.744,"B,50485,10,5c:62:8b:66:67:d2,0,0,112,4,-52,A,5c:62:8b:66:67:d2"
1791393700.744,"B,50485,10,72:3b:01:24:b7:c8,84,3,0,0,-42,S,5c:62:8b:66:67:d2"
1791393700.945,"B,50585,10,b2:db:ca:e6:29:a6,134,2,0,0,-30,S,5c:62:8b:66:67:d2"
1791393700.945,"B,50585,10,5c:62:8b:66:67:d2,0,0,246,6,-53,A,5c:62:8b:66:67:d2"
1791393700.945,"B,50585,10,72:3b:01:24:b7:c8,112,4,0,0,-42,S,5c:62:8b:66:67:d2"
1791393700.945,"B,50685,10,b2:db:ca:e6:29:a6,240,3,0,0,-31,S,5c:62:8b:66:67:d2"
1791393700.945,"B,50685,10,5c:62:8b:66:67:d2,0,0,240,3,-52,A,5c:62:8b:66:67:d2"
1791393701.146,"B,50785,10,b2:db:ca:e6:29:a6,134,2,0,0,-31,S,5c:62:8b:66:67:d2"
1791393701.146,"B,50785,10,5c:62:8b:66:67:d2,0,0,134,2,-51,A,5c:62:8b:66:67:d2"
1791393701.146,"B,50885,10,b2:db:ca:e6:29:a6,28,1,0,0,-32,S,5c:62:8b:66:67:d2"
1791393701.146,"B,50885,10,5c:62:8b:66:67:d2,0,0,112,4,-52,A,5c:62:8b:66:67:d2"
1791393701.146,"B,50885,10,72:3b:01:24:b7:c8,84,3,0,0,-42,S,5c:62:8b:66:67:d2"
1791393701.348,"B,50985,10,b2:db:ca:e6:29:a6,28,1,0,0,-32,S,5c:62:8b:66:67:d2"
1791393701.348,"B,50985,10,5c:62:8b:66:67:d2,0,0,56,2,0,A,5c:62:8b:66:67:d2"
1791393701.348,"B,50985,10,72:3b:01:24:b7:c8,28,1,0,0,-44,S,5c:62:8b:66:67:d2"
1791393701.348,"B,51085,10,b2:db:ca:e6:29:a6,28,1,0,0,-32,S,5c:62:8b:66:67:d2"
1791393701.348,"B,51085,10,5c:62:8b:66:67:d2,0,0,56,2,-53,A,5c:62:8b:66:67:d2"
1791393701.348,"B,51085,10,72:3b:01:24:b7:c8,28,1,0,0,-43,S,5c:62:8b:66:67:d2"
1791393701.548,"B,51185,10,5c:62:8b:66:67:d2,0,0,84,3,-54,A,5c:62:8b:66:67:d2"
1791393701.548,"B,51185,10,72:3b:01:24:b7:c8,84,3,0,0,-43,S,5c:62:8b:66:67:d2"
1791393701.548,"B,51285,10,b2:db:ca:e6:29:a6,56,2,0,0,-32,S,5c:62:8b:66:67:d2"
1791393701.548,"B,51285,10,5c:62:8b:66:67:d2,0,0,56,2,-54,A,5c:62:8b:66:67:d2"
1791393701.548,"M,51293,slot,8,1"
1791393701.750,"B,51485,10,b2:db:ca:e6:29:a6,56,2,0,0,-31,S,5c:62:8b:66:67:d2"
1791393701.750,"B,51485,10,5c:62:8b:66:67:d2,0,0,196,7,-52,A,5c:62:8b:66:67:d2"
1791393701.750,"B,51485,10,72:3b:01:24:b7:c8,140,5,0,0,-42,S,5c:62:8b:66:67:d2"
1791393701.952,"B,51585,10,b2:db:ca:e6:29:a6,28,1,0,0,-31,S,5c:62:8b:66:67:d2"
1791393701.952,"B,51585,10,5c:62:8b:66:67:d2,0,0,28,1,-51,A,5c:62:8b:66:67:d2"
1791393701.952,"B,51685,10,5c:62:8b:66:67:d2,0,0,84,3,-52,A,5c:62:8b:66:67:d2"
1791393701.952,"B,51685,10,72:3b:01:24:b7:c8,84,3,0,0,-42,S,5c:62:8b:66:67:d2"
1791393702.155,"B,51785,10,b2:db:ca:e6:29:a6,140,5,0,0,-31,S,5c:62:8b:66:67:d2"
1791393702.155,"B,51785,10,5c:62:8b:66:67:d2,0,0,140,5,-52,A,5c:62:8b:66:67:d2"
1791393702.155,"B,51885,10,5c:62:8b:66:67:d2,0,0,196,7,-51,A,5c:62:8b:66:67:d2"
1791393702.155,"B,51885,10,72:3b:01:24:b7:c8,196,7,0,0,-42,S,5c:62:8b:66:67:d2"
1791393702.357,"B,51985,10,b2:db:ca:e6:29:a6,1829,8,0,0,-31,S,5c:62:8b:66:67:d2"
1791393702.357,"B,51985,10,5c:62:8b:66:67:d2,0,0,1941,12,-51,A,5c:62:8b:66:67:d2"
1791393702.357,"B,51985,10,72:3b:01:24:b7:c8,112,4,0,0,-42,S,5c:62:8b:66:67:d2"
1791393702.357,"B,52085,10,b2:db:ca:e6:29:a6,28,1,0,0,-32,S,5c:62:8b:66:67:d2"
1791393702.357,"B,52085,10,5c:62:8b:66:67:d2,0,0,28,1,-51,A,5c:62:8b:66:67:d2"
1791393702.560,"B,52185,10,b2:db:ca:e6:29:a6,247,6,0,0,-31,S,5c:62:8b:66:67:d2"
1791393702.560,"B,52185,10,5c:62:8b:66:67:d2,0,0,247,6,-51,A,5c:62:8b:66:67:d2"
1791393702.560,"B,52285,10,5c:62:8b:66:67:d2,0,0,56,2,-52,A,5c:62:8b:66:67:d2"
1791393702.560,"B,52285,10,72:3b:01:24:b7:c8,56,2,0,0,-42,S,5c:62:8b:66:67:d2"
1791393702.763,"B,52385,10,b2:db:ca:e6:29:a6,4832,10,0,0,-32,S,5c:62:8b:66:67:d2"
1791393702.763,"B,52385,10,5c:62:8b:66:67:d2,0,0,4832,10,-51,A,5c:62:8b:66:67:d2"
1791393702.763,"B,52485,10,5c:62:8b:66:67:d2,0,0,56,2,-51,A,5c:62:8b:66:67:d2"
1791393702.763,"B,52485,10,72:3b:01:24:b7:c8,56,2,0,0,-42,S,5c:62:8b:66:67:d2"
1791393702.965,"B,52585,10,b2:db:ca:e6:29:a6,3597,10,0,0,-31,S,5c:62:8b:66:67:d2"
1791393702.965,"B,52585,10,5c:62:8b:66:67:d2,0,0,3625,11,-52,A,5c:62:8b:66:67:d2"
1791393702.965,"B,52585,10,72:3b:01:24:b7:c8,28,1,0,0,-42,S,5c:62:8b:66:67:d2"
1791393702.965,"B,52685,10,b2:db:ca:e6:29:a6,27777,56,0,0,-30,S,5c:62:8b:66:67:d2"
1791393702.965,"B,52685,10,5c:62:8b:66:67:d2,0,0,27777,56,-51,A,5c:62:8b:66:67:d2"
1791393703.167,"B,52785,10,b2:db:ca:e6:29:a6,21476,72,0,0,-30,S,5c:62:8b:66:67:d2"
1791393703.167,"B,52785,10,5c:62:8b:66:67:d2,0,0,21560,75,-50,A,5c:62:8b:66:67:d2"
1791393703.167,"B,52785,10,72:3b:01:24:b7:c8,84,3,0,0,-45,S,5c:62:8b:66:67:d2"
1791393703.167,"B,52885,10,b2:db:ca:e6:29:a6,9015,41,0,0,-32,S,5c:62:8b:66:67:d2"
1791393703.167,"B,52885,10,5c:62:8b:66:67:d2,0,0,9015,41,-49,A,5c:62:8b:66:67:d2"
1791393703.372,"B,52985,10,b2:db:ca:e6:29:a6,20326,91,0,0,-32,S,5c:62:8b:66:67:d2"
1791393703.372,"B,52985,10,5c:62:8b:66:67:d2,0,0,20354,92,-53,A,5c:62:8b:66:67:d2"
1791393703.372,"B,52985,10,72:3b:01:24:b7:c8,28,1,0,0,-43,S,5c:62:8b:66:67:d2"
1791393703.372,"B,53085,10,b2:db:ca:e6:29:a6,5091,22,0,0,-33,S,5c:62:8b:66:67:d2"
1791393703.372,"B,53085,10,5c:62:8b:66:67:d2,0,0,5175,25,-52,A,5c:62:8b:66:67:d2"
1791393703.372,"B,53085,10,72:3b:01:24:b7:c8,84,3,0,0,-45,S,5c:62:8b:66:67:d2"
1791393703.575,"B,53185,10,b2:db:ca:e6:29:a6,23929,59,82,1,-33,S,5c:62:8b:66:67:d2"
1791393703.575,"B,53185,10,5c:62:8b:66:67:d2,82,1,23929,59,-51,A,5c:62:8b:66:67:d2"
1791393703.575,"B,53285,10,b2:db:ca:e6:29:a6,11634,27,0,0,-32,S,5c:62:8b:66:67:d2"
1791393703.575,"B,53285,10,5c:62:8b:66:67:d2,0,0,11634,27,-52,A,5c:62:8b:66:67:d2"
1791393703.778,"B,53385,10,b2:db:ca:e6:29:a6,8697,29,0,0,-31,S,5c:62:8b:66:67:d2"
1791393703.778,"B,53385,10,5c:62:8b:66:67:d2,0,0,8697,29,-53,A,5c:62:8b:66:67:d2"
1791393703.778,"B,53485,10,b2:db:ca:e6:29:a6,10387,28,0,0,-30,S,5c:62:8b:66:67:d2"
1791393703.778,"B,53485,10,5c:62:8b:66:67:d2,0,0,10387,28,-51,A,5c:62:8b:66:67:d2"
1791393703.982,"B,53585,10,b2:db:ca:e6:29:a6,8511,46,0,0,-31,S,5c:62:8b:66:67:d2"
1791393703.982,"B,53585,10,5c:62:8b:66:67:d2,0,0,8567,48,-52,A,5c:62:8b:66:67:d2"
1791393703.982,"B,53585,10,72:3b:01:24:b7:c8,56,2,0,0,-45,S,5c:62:8b:66:67:d2"
1791393703.982,"B,53685,10,b2:db:ca:e6:29:a6,6288,19,0,0,-31,S,5c:62:8b:66:67:d2"
1791393703.982,"B,53685,10,5c:62:8b:66:67:d2,0,0,6288,19,-52,A,5c:62:8b:66:67:d2"
1791393704.187,"B,53785,10,b2:db:ca:e6:29:a6,4549,19,0,0,-30,S,5c:62:8b:66:67:d2"
1791393704.187,"B,53785,10,5c:62:8b:66:67:d2,0,0,4549,19,-52,A,5c:62:8b:66:67:d2"
1791393704.187,"B,53885,10,b2:db:ca:e6:29:a6,6562,24,0,0,-31,S,5c:62:8b:66:67:d2"
1791393704.187,"B,53885,10,5c:62:8b:66:67:d2,0,0,6786,32,-53,A,5c:62:8b:66:67:d2"
1791393704.187,"B,53885,10,72:3b:01:24:b7:c8,224,8,0,0,-45,S,5c:62:8b:66:67:d2"
1791393704.392,"B,53985,10,b2:db:ca:e6:29:a6,7296,23,0,0,-30,S,5c:62:8b:66:67:d2"
1791393704.392,"B,53985,10,5c:62:8b:66:67:d2,0,0,7408,27,-52,A,5c:62:8b:66:67:d2"
1791393704.392,"B,53985,10,72:3b:01:24:b7:c8,112,4,0,0,-45,S,5c:62:8b:66:67:d2"
1791393704.392,"B,54085,10,b2:db:ca:e6:29:a6,3267,11,0,0,-30,S,5c:62:8b:66:67:d2"
1791393704.392,"B,54085,10,5c:62:8b:66:67:d2,0,0,3267,11,-52,A,5c:62:8b:66:67:d2"
1791393704.597,"B,54185,10,b2:db:ca:e6:29:a6,10268,19,0,0,-31,S,5c:62:8b:66:67:d2"
1791393704.597,"B,54185,10,5c:62:8b:66:67:d2,0,0,10380,23,-52,A,5c:62:8b:66:67:d2"
1791393704.597,"B,54185,10,72:3b:01:24:b7:c8,112,4,0,0,-45,S,5c:62:8b:66:67:d2"
1791393704.597,"B,54285,10,b2:db:ca:e6:29:a6,5474,18,0,0,-31,S,5c:62:8b:66:67:d2"
1791393704.597,"B,54285,10,5c:62:8b:66:67:d2,0,0,5530,20,-53,A,5c:62:8b:66:67:d2"
1791393704.597,"B,54285,10,72:3b:01:24:b7:c8,56,2,0,0,-45,S,5c:62:8b:66:67:d2"
1791393704.799,"B,54385,10,b2:db:ca:e6:29:a6,5389,17,0,0,-30,S,5c:62:8b:66:67:d2"
1791393704.799,"B,54385,10,5c:62:8b:66:67:d2,0,0,5389,17,-52,A,5c:62:8b:66:67:d2"
1791393704.799,"B,54485,10,b2:db:ca:e6:29:a6,20071,36,0,0,-30,S,5c:62:8b:66:67:d2"
1791393704.799,"B,54485,10,5c:62:8b:66:67:d2,0,0,20183,40,-52,A,5c:62:8b:66:67:d2"
1791393704.799,"B,54485,10,72:3b:01:24:b7:c8,112,4,0,0,-45,S,5c:62:8b:66:67:d2"
1791393705.000,"B,54585,10,b2:db:ca:e6:29:a6,14295,46,0,0,-30,S,5c:62:8b:66:67:d2"
1791393705.000,"B,54585,10,5c:62:8b:66:67:d2,0,0,14295,46,-52,A,5c:62:8b:66:67:d2"
1791393705.000,"B,54685,10,b2:db:ca:e6:29:a6,10158,26,0,0,-30,S,5c:62:8b:66:67:d2"
1791393705.000,"B,54685,10,5c:62:8b:66:67:d2,0,0,10242,29,-53,A,5c:62:8b:66:67:d2"
1791393705.000,"B,54685,10,72:3b:01:24:b7:c8,84,3,0,0,-45,S,5c:62:8b:66:67:d2"
1791393705.201,"B,54785,10,b2:db:ca:e6:29:a6,8098,32,0,0,-30,S,5c:62:8b:66:67:d2"
1791393705.201,"B,54785,10,5c:62:8b:66:67:d2,0,0,8098,32,-52,A,5c:62:8b:66:67:d2"
1791393705.201,"B,54885,10,b2:db:ca:e6:29:a6,6595,16,0,0,-31,S,5c:62:8b:66:67:d2"
1791393705.201,"B,54885,10,5c:62:8b:66:67:d2,0,0,6595,16,-53,A,5c:62:8b:66:67:d2"
1791393705.402,"B,54985,10,b2:db:ca:e6:29:a6,6898,26,0,0,-30,S,5c:62:8b:66:67:d2"
1791393705.402,"B,54985,10,5c:62:8b:66:67:d2,0,0,6954,28,-52,A,5c:62:8b:66:67:d2"
1791393705.402,"B,54985,10,72:3b:01:24:b7:c8,56,2,0,0,-45,S,5c:62:8b:66:67:d2"
1791393705.402,"B,55085,10,b2:db:ca:e6:29:a6,6628,21,0,0,-30,S,5c:62:8b:66:67:d2"
1791393705.402,"B,55085,10,5c:62:8b:66:67:d2,0,0,6628,21,-53,A,5c:62:8b:66:67:d2"
1791393705.402,"I,55103,stat,rx=10209,drops=0,ch=10,bin=100,hop=0,heap=198048"
1791393705.607,"B,55185,10,b2:db:ca:e6:29:a6,1702,7,0,0,-31,S,5c:62:8b:66:67:d2"
1791393705.607,"B,55185,10,5c:62:8b:66:67:d2,0,0,1702,7,-52,A,5c:62:8b:66:67:d2"
1791393705.607,"B,55285,10,b2:db:ca:e6:29:a6,9157,24,0,0,-31,S,5c:62:8b:66:67:d2"
1791393705.607,"B,55285,10,5c:62:8b:66:67:d2,0,0,9241,27,-53,A,5c:62:8b:66:67:d2"
1791393705.607,"B,55285,10,72:3b:01:24:b7:c8,84,3,0,0,-45,S,5c:62:8b:66:67:d2"
1791393705.808,"B,55385,10,b2:db:ca:e6:29:a6,4324,12,0,0,-30,S,5c:62:8b:66:67:d2"
1791393705.808,"B,55385,10,5c:62:8b:66:67:d2,0,0,4324,12,0,A,5c:62:8b:66:67:d2"
1791393705.808,"B,55485,10,b2:db:ca:e6:29:a6,9600,27,0,0,-30,S,5c:62:8b:66:67:d2"
1791393705.808,"B,55485,10,5c:62:8b:66:67:d2,0,0,9628,28,-52,A,5c:62:8b:66:67:d2"
1791393705.808,"B,55485,10,72:3b:01:24:b7:c8,28,1,0,0,-45,S,5c:62:8b:66:67:d2"
1791393706.014,"B,55585,10,b2:db:ca:e6:29:a6,5637,20,0,0,-30,S,5c:62:8b:66:67:d2"
1791393706.014,"B,55585,10,5c:62:8b:66:67:d2,0,0,5721,23,-53,A,5c:62:8b:66:67:d2"
1791393706.014,"B,55585,10,72:3b:01:24:b7:c8,84,3,0,0,-45,S,5c:62:8b:66:67:d2"
1791393706.014,"B,55685,10,b2:db:ca:e6:29:a6,7371,21,0,0,-30,S,5c:62:8b:66:67:d2"
1791393706.014,"B,55685,10,5c:62:8b:66:67:d2,0,0,7371,21,-52,A,5c:62:8b:66:67:d2"
1791393706.216,"B,55785,10,b2:db:ca:e6:29:a6,6523,21,0,0,-31,S,5c:62:8b:66:67:d2"
1791393706.216,"B,55785,10,5c:62:8b:66:67:d2,0,0,6607,24,-52,A,5c:62:8b:66:67:d2"
1791393706.216,"B,55785,10,72:3b:01:24:b7:c8,84,3,0,0,-45,S,5c:62:8b:66:67:d2"
1791393706.216,"B,55885,10,b2:db:ca:e6:29:a6,6856,24,0,0,-30,S,5c:62:8b:66:67:d2"
1791393706.216,"B,55885,10,5c:62:8b:66:67:d2,0,0,6856,24,-51,A,5c:62:8b:66:67:d2"
1791393706.416,"B,55985,10,b2:db:ca:e6:29:a6,7085,27,0,0,-31,S,5c:62:8b:66:67:d2"
1791393706.416,"B,55985,10,5c:62:8b:66:67:d2,0,0,7253,33,-54,A,5c:62:8b:66:67:d2"
1791393706.416,"B,55985,10,72:3b:01:24:b7:c8,168,6,0,0,-45,S,5c:62:8b:66:67:d2"
1791393706.416,"B,56085,10,b2:db:ca:e6:29:a6,7787,14,0,0,-31,S,5c:62:8b:66:67:d2"
1791393706.416,"B,56085,10,5c:62:8b:66:67:d2,0,0,7899,18,-53,A,5c:62:8b:66:67:d2"
1791393706.416,"B,56085,10,72:3b:01:24:b7:c8,112,4,0,0,-42,S,5c:62:8b:66:67:d2"
1791393706.617,"B,56185,10,b2:db:ca:e6:29:a6,4800,13,0,0,-30,S,5c:62:8b:66:67:d2"
1791393706.617,"B,56185,10,5c:62:8b:66:67:d2,0,0,4800,13,-51,A,5c:62:8b:66:67:d2"
1791393706.617,"B,56285,10,b2:db:ca:e6:29:a6,8021,19,0,0,-30,S,5c:62:8b:66:67:d2"
1791393706.617,"B,56285,10,5c:62:8b:66:67:d2,0,0,8021,19,-51,A,5c:62:8b:66:67:d2"
1791393706.822,"M,56366,slot,9,0"
1791393706.822,"B,56385,10,b2:db:ca:e6:29:a6,6964,29,0,0,-30,S,5c:62:8b:66:67:d2"
1791393706.822,"B,56385,10,5c:62:8b:66:67:d2,0,0,7048,32,-52,A,5c:62:8b:66:67:d2"
1791393706.822,"B,56385,10,72:3b:01:24:b7:c8,84,3,0,0,-43,S,5c:62:8b:66:67:d2"
1791393706.822,"B,56485,10,b2:db:ca:e6:29:a6,9122,16,0,0,-31,S,5c:62:8b:66:67:d2"
1791393706.822,"B,56485,10,5c:62:8b:66:67:d2,0,0,9150,17,-51,A,5c:62:8b:66:67:d2"
1791393706.822,"B,56485,10,72:3b:01:24:b7:c8,28,1,0,0,-42,S,5c:62:8b:66:67:d2"
1791393707.027,"B,56585,10,b2:db:ca:e6:29:a6,12051,40,0,0,-30,S,5c:62:8b:66:67:d2"
1791393707.027,"B,56585,10,5c:62:8b:66:67:d2,0,0,12051,40,-52,A,5c:62:8b:66:67:d2"
1791393707.027,"B,56685,10,b2:db:ca:e6:29:a6,13116,27,0,0,-30,S,5c:62:8b:66:67:d2"
1791393707.027,"B,56685,10,5c:62:8b:66:67:d2,0,0,13200,30,-52,A,5c:62:8b:66:67:d2"
1791393707.027,"B,56685,10,72:3b:01:24:b7:c8,84,3,0,0,-42,S,5c:62:8b:66:67:d2"
1791393707.232,"B,56785,10,b2:db:ca:e6:29:a6,10308,37,0,0,-30,S,5c:62:8b:66:67:d2"
1791393707.232,"B,56785,10,5c:62:8b:66:67:d2,0,0,10308,37,-52,A,5c:62:8b:66:67:d2"
1791393707.232,"B,56885,10,b2:db:ca:e6:29:a6,9696,30,0,0,-30,S,5c:62:8b:66:67:d2"
1791393707.232,"B,56885,10,5c:62:8b:66:67:d2,0,0,9808,34,-52,A,5c:62:8b:66:67:d2"
1791393707.232,"B,56885,10,72:3b:01:24:b7:c8,112,4,0,0,-42,S,5c:62:8b:66:67:d2"
1791393707.437,"B,56985,10,b2:db:ca:e6:29:a6,3697,13,0,0,-30,S,5c:62:8b:66:67:d2"
1791393707.437,"B,56985,10,5c:62:8b:66:67:d2,0,0,3725,14,-52,A,5c:62:8b:66:67:d2"
1791393707.437,"B,56985,10,72:3b:01:24:b7:c8,28,1,0,0,-43,S,5c:62:8b:66:67:d2"
1791393707.437,"B,57085,10,b2:db:ca:e6:29:a6,7987,21,0,0,-30,S,5c:62:8b:66:67:d2"
1791393707.437,"B,57085,10,5c:62:8b:66:67:d2,0,0,7987,21,-51,A,5c:62:8b:66:67:d2"
1791393707.641,"B,57185,10,b2:db:ca:e6:29:a6,8359,20,0,0,-30,S,5c:62:8b:66:67:d2"
1791393707.641,"B,57185,10,5c:62:8b:66:67:d2,0,0,8443,23,-52,A,5c:62:8b:66:67:d2"
1791393707.641,"B,57185,10,72:3b:01:24:b7:c8,84,3,0,0,-42,S,5c:62:8b:66:67:d2"
1791393707.641,"B,57285,10,b2:db:ca:e6:29:a6,5062,7,0,0,-30,S,5c:62:8b:66:67:d2"
1791393707.641,"B,57285,10,5c:62:8b:66:67:d2,0,0,5062,7,-52,A,5c:62:8b:66:67:d2"
1791393707.641,"B,57385,10,b2:db:ca:e6:29:a6,9566,21,0,0,-31,S,5c:62:8b:66:67:d2"
1791393707.841,"B,57385,10,5c:62:8b:66:67:d2,0,0,9566,21,-51,A,5c:62:8b:66:67:d2"
1791393707.841,"B,57485,10,b2:db:ca:e6:29:a6,8539,25,0,0,-30,S,5c:62:8b:66:67:d2"
1791393707.841,"B,57485,10,5c:62:8b:66:67:d2,0,0,8623,28,-51,A,5c:62:8b:66:67:d2"
1791393707.841,"B,57485,10,72:3b:01:24:b7:c8,84,3,0,0,-42,S,5c:62:8b:66:67:d2"
1791393708.041,"B,57585,10,b2:db:ca:e6:29:a6,6269,25,0,0,-31,S,5c:62:8b:66:67:d2"
1791393708.041,"B,57585,10,5c:62:8b:66:67:d2,0,0,6269,25,-51,A,5c:62:8b:66:67:d2"
1791393708.041,"B,57685,10,b2:db:ca:e6:29:a6,7703,23,0,0,-32,S,5c:62:8b:66:67:d2"
1791393708.041,"B,57685,10,5c:62:8b:66:67:d2,0,0,7703,23,-52,A,5c:62:8b:66:67:d2"
1791393708.041,"B,57785,10,b2:db:ca:e6:29:a6,12949,31,0,0,-33,S,5c:62:8b:66:67:d2"
1791393708.041,"B,57785,10,5c:62:8b:66:67:d2,0,0,13061,35,-52,A,5c:62:8b:66:67:d2"
1791393708.242,"B,57785,10,72:3b:01:24:b7:c8,112,4,0,0,-42,S,5c:62:8b:66:67:d2"
1791393708.242,"B,57885,10,b2:db:ca:e6:29:a6,8097,24,0,0,-32,S,5c:62:8b:66:67:d2"
1791393708.242,"B,57885,10,5c:62:8b:66:67:d2,0,0,8097,24,-52,A,5c:62:8b:66:67:d2"
1791393708.242,"B,57985,10,b2:db:ca:e6:29:a6,10111,29,0,0,-31,S,5c:62:8b:66:67:d2"
1791393708.242,"B,57985,10,5c:62:8b:66:67:d2,0,0,10391,39,-52,A,5c:62:8b:66:67:d2"
1791393708.242,"B,57985,10,72:3b:01:24:b7:c8,280,10,0,0,-42,S,5c:62:8b:66:67:d2"
1791393708.442,"B,58085,10,b2:db:ca:e6:29:a6,6220,17,0,0,-30,S,5c:62:8b:66:67:d2"
1791393708.442,"B,58085,10,5c:62:8b:66:67:d2,0,0,6220,17,-52,A,5c:62:8b:66:67:d2"
1791393708.442,"B,58185,10,b2:db:ca:e6:29:a6,5413,23,0,0,-30,S,5c:62:8b:66:67:d2"
1791393708.442,"B,58185,10,5c:62:8b:66:67:d2,0,0,5413,23,-51,A,5c:62:8b:66:67:d2"
1791393708.643,"B,58285,10,b2:db:ca:e6:29:a6,3415,12,0,0,-31,S,5c:62:8b:66:67:d2"
1791393708.643,"B,58285,10,5c:62:8b:66:67:d2,0,0,3471,14,-52,A,5c:62:8b:66:67:d2"
1791393708.643,"B,58285,10,72:3b:01:24:b7:c8,56,2,0,0,-42,S,5c:62:8b:66:67:d2"
1791393708.643,"B,58385,10,b2:db:ca:e6:29:a6,1454,4,0,0,-32,S,5c:62:8b:66:67:d2"
1791393708.643,"B,58385,10,5c:62:8b:66:67:d2,0,0,1454,4,-52,A,5c:62:8b:66:67:d2"
1791393708.843,"B,58485,10,b2:db:ca:e6:29:a6,7120,16,0,0,-34,S,5c:62:8b:66:67:d2"
1791393708.843,"B,58485,10,5c:62:8b:66:67:d2,0,0,7148,17,-52,A,5c:62:8b:66:67:d2"
1791393708.843,"B,58485,10,72:3b:01:24:b7:c8,28,1,0,0,-45,S,5c:62:8b:66:67:d2"
1791393708.843,"B,58585,10,b2:db:ca:e6:29:a6,6364,19,0,0,-34,S,5c:62:8b:66:67:d2"
1791393708.843,"B,58585,10,5c:62:8b:66:67:d2,0,0,6476,23,-53,A,5c:62:8b:66:67:d2"
1791393708.843,"B,58585,10,72:3b:01:24:b7:c8,112,4,0,0,-45,S,5c:62:8b:66:67:d2"
1791393709.044,"B,58685,10,b2:db:ca:e6:29:a6,6821,24,0,0,-34,S,5c:62:8b:66:67:d2"
1791393709.044,"B,58685,10,5c:62:8b:66:67:d2,0,0,6821,24,-52,A,5c:62:8b:66:67:d2"
1791393709.044,"B,58785,10,b2:db:ca:e6:29:a6,6258,19,0,0,-34,S,5c:62:8b:66:67:d2"
1791393709.044,"B,58785,10,5c:62:8b:66:67:d2,0,0,6258,19,-51,A,5c:62:8b:66:67:d2"
1791393709.244,"B,58885,10,b2:db:ca:e6:29:a6,9707,22,0,0,-35,S,5c:62:8b:66:67:d2"
1791393709.244,"B,58885,10,5c:62:8b:66:67:d2,0,0,9763,24,-52,A,5c:62:8b:66:67:d2"
1791393709.244,"B,58885,10,72:3b:01:24:b7:c8,56,2,0,0,-45,S,5c:62:8b:66:67:d2"
1791393709.244,"B,58985,10,b2:db:ca:e6:29:a6,9144,24,0,0,-32,S,5c:62:8b:66:67:d2"
1791393709.244,"B,58985,10,5c:62:8b:66:67:d2,0,0,9200,26,-52,A,5c:62:8b:66:67:d2"
1791393709.244,"B,58985,10,72:3b:01:24:b7:c8,56,2,0,0,-42,S,5c:62:8b:66:67:d2"
1791393709.445,"B,59085,10,b2:db:ca:e6:29:a6,7547,18,0,0,-32,S,5c:62:8b:66:67:d2"
1791393709.445,"B,59085,10,5c:62:8b:66:67:d2,0,0,7575,19,-49,A,5c:62:8b:66:67:d2"
1791393709.445,"B,59085,10,72:3b:01:24:b7:c8,28,1,0,0,-45,S,5c:62:8b:66:67:d2"
1791393709.445,"B,59185,10,b2:db:ca:e6:29:a6,8051,29,0,0,-32,S,5c:62:8b:66:67:d2"
1791393709.445,"B,59185,10,5c:62:8b:66:67:d2,0,0,8051,29,-51,A,5c:62:8b:66:67:d2"
1791393709.645,"B,59285,10,b2:db:ca:e6:29:a6,16397,23,0,0,-32,S,5c:62:8b:66:67:d2"
1791393709.645,"B,59285,10,5c:62:8b:66:67:d2,0,0,16397,23,-51,A,5c:62:8b:66:67:d2"
1791393709.645,"B,59385,10,b2:db:ca:e6:29:a6,741,7,0,0,-30,S,5c:62:8b:66:67:d2"
1791393709.645,"B,59385,10,5c:62:8b:66:67:d2,0,0,853,11,-51,A,5c:62:8b:66:67:d2"
1791393709.645,"B,59385,10,72:3b:01:24:b7:c8,112,4,0,0,-42,S,5c:62:8b:66:67:d2"
1791393709.847,"B,59485,10,b2:db:ca:e6:29:a6,13951,41,0,0,-30,S,5c:62:8b:66:67:d2"
1791393709.847,"B,59485,10,5c:62:8b:66:67:d2,0,0,13979,42,0,A,5c:62:8b:66:67:d2"
1791393709.847,"B,59485,10,72:3b:01:24:b7:c8,28,1,0,0,-43,S,5c:62:8b:66:67:d2"
1791393709.847,"B,59585,10,b2:db:ca:e6:29:a6,8136,39,0,0,-30,S,5c:62:8b:66:67:d2"
1791393709.847,"B,59585,10,5c:62:8b:66:67:d2,0,0,8136,39,-52,A,5c:62:8b:66:67:d2"
1791393710.048,"B,59685,10,b2:db:ca:e6:29:a6,7073,18,0,0,-31,S,5c:62:8b:66:67:d2"
1791393710.048,"B,59685,10,5c:62:8b:66:67:d2,0,0,7185,22,-51,A,5c:62:8b:66:67:d2"
1791393710.048,"B,59685,10,72:3b:01:24:b7:c8,112,4,0,0,-42,S,5c:62:8b:66:67:d2"
1791393710.048,"B,59785,10,b2:db:ca:e6:29:a6,11275,64,0,0,-30,S,5c:62:8b:66:67:d2"
1791393710.048,"B,59785,10,5c:62:8b:66:67:d2,0,0,11275,64,-51,A,5c:62:8b:66:67:d2"
1791393710.251,"B,59885,10,b2:db:ca:e6:29:a6,4182,8,0,0,-30,S,5c:62:8b:66:67:d2"
1791393710.251,"B,59885,10,5c:62:8b:66:67:d2,0,0,4182,8,-50,A,5c:62:8b:66:67:d2"
1791393710.251,"B,59985,10,b2:db:ca:e6:29:a6,5378,23,0,0,-30,S,5c:62:8b:66:67:d2"
1791393710.251,"B,59985,10,5c:62:8b:66:67:d2,0,0,5574,30,-51,A,5c:62:8b:66:67:d2"
1791393710.251,"B,59985,10,72:3b:01:24:b7:c8,196,7,0,0,-43,S,5c:62:8b:66:67:d2"
1791393710.453,"B,60085,10,b2:db:ca:e6:29:a6,7143,23,0,0,-30,S,5c:62:8b:66:67:d2"
1791393710.453,"B,60085,10,5c:62:8b:66:67:d2,0,0,7171,24,-50,A,5c:62:8b:66:67:d2"
1791393710.453,"B,60085,10,72:3b:01:24:b7:c8,28,1,0,0,-43,S,5c:62:8b:66:67:d2"
1791393710.453,"I,60105,stat,rx=11470,drops=0,ch=10,bin=100,hop=0,heap=203064"
1791393710.453,"B,60185,10,b2:db:ca:e6:29:a6,5873,16,0,0,-30,S,5c:62:8b:66:67:d2"
1791393710.453,"B,60185,10,5c:62:8b:66:67:d2,0,0,5929,18,-52,A,5c:62:8b:66:67:d2"
1791393710.453,"B,60185,10,72:3b:01:24:b7:c8,56,2,0,0,-42,S,5c:62:8b:66:67:d2"
1791393710.655,"B,60285,10,b2:db:ca:e6:29:a6,7809,26,0,0,-30,S,5c:62:8b:66:67:d2"
1791393710.655,"B,60285,10,5c:62:8b:66:67:d2,0,0,7837,27,-51,A,5c:62:8b:66:67:d2"
1791393710.655,"B,60285,10,72:3b:01:24:b7:c8,28,1,0,0,-42,S,5c:62:8b:66:67:d2"
1791393710.655,"B,60385,10,b2:db:ca:e6:29:a6,8313,15,0,0,-30,S,5c:62:8b:66:67:d2"
1791393710.655,"B,60385,10,5c:62:8b:66:67:d2,0,0,8313,15,-51,A,5c:62:8b:66:67:d2"
1791393710.858,"B,60485,10,b2:db:ca:e6:29:a6,5284,18,0,0,-30,S,5c:62:8b:66:67:d2"
1791393710.858,"B,60485,10,5c:62:8b:66:67:d2,0,0,5368,21,-51,A,5c:62:8b:66:67:d2"
1791393710.858,"B,60485,10,72:3b:01:24:b7:c8,84,3,0,0,-42,S,5c:62:8b:66:67:d2"
1791393710.858,"B,60585,10,b2:db:ca:e6:29:a6,4713,9,0,0,-31,S,5c:62:8b:66:67:d2"
1791393710.858,"B,60585,10,5c:62:8b:66:67:d2,0,0,4741,10,-52,A,5c:62:8b:66:67:d2"
1791393710.858,"B,60585,10,72:3b:01:24:b7:c8,28,1,0,0,-42,S,5c:62:8b:66:67:d2"
1791393711.061,"B,60685,10,b2:db:ca:e6:29:a6,6679,21,0,0,-30,S,5c:62:8b:66:67:d2"
1791393711.061,"B,60685,10,5c:62:8b:66:67:d2,0,0,6679,21,-51,A,5c:62:8b:66:67:d2"
1791393711.061,"B,60785,10,b2:db:ca:e6:29:a6,5851,13,0,0,-30,S,5c:62:8b:66:67:d2"
1791393711.061,"B,60785,10,5c:62:8b:66:67:d2,0,0,5963,17,-51,A,5c:62:8b:66:67:d2"
1791393711.061,"B,60785,10,72:3b:01:24:b7:c8,112,4,0,0,-42,S,5c:62:8b:66:67:d2"
1791393711.266,"B,60885,10,b2:db:ca:e6:29:a6,6923,18,0,0,-30,S,5c:62:8b:66:67:d2"
1791393711.266,"B,60885,10,5c:62:8b:66:67:d2,0,0,6923,18,-51,A,5c:62:8b:66:67:d2"
1791393711.266,"B,60985,10,b2:db:ca:e6:29:a6,6574,23,0,0,-30,S,5c:62:8b:66:67:d2"
1791393711.266,"B,60985,10,5c:62:8b:66:67:d2,0,0,6602,24,-51,A,5c:62:8b:66:67:d2"
1791393711.266,"B,60985,10,72:3b:01:24:b7:c8,28,1,0,0,-43,S,5c:62:8b:66:67:d2"
1791393711.471,"B,61085,10,b2:db:ca:e6:29:a6,7066,26,0,0,-30,S,5c:62:8b:66:67:d2"
1791393711.471,"B,61085,10,5c:62:8b:66:67:d2,0,0,7206,31,-52,A,5c:62:8b:66:67:d2"
1791393711.471,"B,61085,10,72:3b:01:24:b7:c8,140,5,0,0,-42,S,5c:62:8b:66:67:d2"
1791393711.471,"B,61185,10,b2:db:ca:e6:29:a6,7548,25,0,0,-30,S,5c:62:8b:66:67:d2"
1791393711.471,"B,61185,10,5c:62:8b:66:67:d2,0,0,7548,25,-51,A,5c:62:8b:66:67:d2"
1791393711.672,"B,61285,10,b2:db:ca:e6:29:a6,6085,14,0,0,-30,S,5c:62:8b:66:67:d2"
1791393711.672,"B,61285,10,5c:62:8b:66:67:d2,0,0,6197,18,-51,A,5c:62:8b:66:67:d2"
1791393711.672,"B,61285,10,72:3b:01:24:b7:c8,112,4,0,0,-42,S,5c:62:8b:66:67:d2"
1791393711.672,"B,61385,10,b2:db:ca:e6:29:a6,8550,26,0,0,-30,S,5c:62:8b:66:67:d2"
1791393711.672,"B,61385,10,5c:62:8b:66:67:d2,0,0,8550,26,-51,A,5c:62:8b:66:67:d2"
1791393711.877,"M,61435,slot,10,0"
1791393711.877,"B,61485,10,5c:62:8b:66:67:d2,0,0,56,2,-53,A,5c:62:8b:66:67:d2"
1791393711.877,"B,61485,10,72:3b:01:24:b7:c8,56,2,0,0,-42,S,5c:62:8b:66:67:d2"
1791393711.877,"B,61585,10,b2:db:ca:e6:29:a6,11764,31,0,0,-30,S,5c:62:8b:66:67:d2"
1791393711.877,"B,61585,10,5c:62:8b:66:67:d2,0,0,11876,35,-51,A,5c:62:8b:66:67:d2"
1791393711.877,"B,61585,10,72:3b:01:24:b7:c8,112,4,0,0,-42,S,5c:62:8b:66:67:d2"
1791393712.082,"B,61685,10,b2:db:ca:e6:29:a6,5546,14,0,0,-31,S,5c:62:8b:66:67:d2"
1791393712.082,"B,61685,10,5c:62:8b:66:67:d2,0,0,5546,14,-51,A,5c:62:8b:66:67:d2"
1791393712.082,"B,61785,10,b2:db:ca:e6:29:a6,7025,23,0,0,-30,S,5c:62:8b:66:67:d2"
1791393712.082,"B,61785,10,5c:62:8b:66:67:d2,0,0,7025,23,-52,A,5c:62:8b:66:67:d2"
1791393712.287,"B,61885,10,b2:db:ca:e6:29:a6,6823,13,0,0,-30,S,5c:62:8b:66:67:d2"
1791393712.287,"B,61885,10,5c:62:8b:66:67:d2,0,0,6935,17,-52,A,5c:62:8b:66:67:d2"
1791393712.287,"B,61885,10,72:3b:01:24:b7:c8,112,4,0,0,-42,S,5c:62:8b:66:67:d2"
1791393712.287,"B,61985,10,b2:db:ca:e6:29:a6,5438,13,0,0,-30,S,5c:62:8b:66:67:d2"
1791393712.287,"B,61985,10,5c:62:8b:66:67:d2,0,0,5690,22,-51,A,5c:62:8b:66:67:d2"
1791393712.287,"B,61985,10,72:3b:01:24:b7:c8,252,9,0,0,-42,S,5c:62:8b:66:67:d2"
1791393712.492,"B,62085,10,b2:db:ca:e6:29:a6,6864,17,0,0,-31,S,5c:62:8b:66:67:d2"
1791393712.492,"B,62085,10,5c:62:8b:66:67:d2,0,0,6864,17,-51,A,5c:62:8b:66:67:d2"
1791393712.492,"B,62185,10,b2:db:ca:e6:29:a6,8242,21,0,0,-30,S,5c:62:8b:66:67:d2"
1791393712.492,"B,62185,10,5c:62:8b:66:67:d2,0,0,8326,24,-52,A,5c:62:8b:66:67:d2"
1791393712.492,"B,62185,10,72:3b:01:24:b7:c8,84,3,0,0,-42,S,5c:62:8b:66:67:d2"
1791393712.697,"B,62285,10,b2:db:ca:e6:29:a6,7029,23,0,0,-30,S,5c:62:8b:66:67:d2"
1791393712.697,"B,62285,10,5c:62:8b:66:67:d2,0,0,7029,23,-52,A,5c:62:8b:66:67:d2"
1791393712.697,"B,62385,10,b2:db:ca:e6:29:a6,6287,20,0,0,-31,S,5c:62:8b:66:67:d2"
1791393712.697,"B,62385,10,5c:62:8b:66:67:d2,0,0,6343,22,-52,A,5c:62:8b:66:67:d2"
1791393712.697,"B,62385,10,72:3b:01:24:b7:c8,56,2,0,0,-42,S,5c:62:8b:66:67:d2"
1791393712.697,"B,62385,10,80:af:ca:68:4c:f8,84,1,0,0,-84,A,80:af:ca:68:4c:f8"
1791393712.900,"B,62485,10,b2:db:ca:e6:29:a6,4353,5,0,0,-30,S,5c:62:8b:66:67:d2"
1791393712.900,"B,62485,10,5c:62:8b:66:67:d2,0,0,4409,7,-51,A,5c:62:8b:66:67:d2"
1791393712.900,"B,62485,10,72:3b:01:24:b7:c8,56,2,0,0,-42,S,5c:62:8b:66:67:d2"
1791393712.900,"B,62585,10,b2:db:ca:e6:29:a6,12780,29,0,0,-30,S,5c:62:8b:66:67:d2"
1791393712.900,"B,62585,10,5c:62:8b:66:67:d2,0,0,12808,30,-51,A,5c:62:8b:66:67:d2"
1791393712.900,"B,62585,10,72:3b:01:24:b7:c8,28,1,0,0,-42,S,5c:62:8b:66:67:d2"
1791393713.102,"B,62685,10,b2:db:ca:e6:29:a6,9836,33,0,0,-30,S,5c:62:8b:66:67:d2"
1791393713.102,"B,62685,10,5c:62:8b:66:67:d2,0,0,9920,36,-51,A,5c:62:8b:66:67:d2"
1791393713.102,"B,62685,10,72:3b:01:24:b7:c8,84,3,0,0,-42,S,5c:62:8b:66:67:d2"
1791393713.102,"B,62785,10,b2:db:ca:e6:29:a6,5987,24,0,0,-30,S,5c:62:8b:66:67:d2"
1791393713.102,"B,62785,10,5c:62:8b:66:67:d2,0,0,5987,24,-53,A,5c:62:8b:66:67:d2"
1791393713.306,"B,62885,10,b2:db:ca:e6:29:a6,6965,11,0,0,-30,S,5c:62:8b:66:67:d2"
1791393713.306,"B,62885,10,5c:62:8b:66:67:d2,0,0,6965,11,-50,A,5c:62:8b:66:67:d2"
1791393713.306,"B,62985,10,b2:db:ca:e6:29:a6,8899,30,0,0,-30,S,5c:62:8b:66:67:d2"
1791393713.306,"B,62985,10,5c:62:8b:66:67:d2,0,0,9039,35,-52,A,5c:62:8b:66:67:d2"
1791393713.306,"B,62985,10,72:3b:01:24:b7:c8,140,5,0,0,-42,S,5c:62:8b:66:67:d2"
1791393713.508,"B,63085,10,b2:db:ca:e6:29:a6,9730,27,0,0,-29,S,5c:62:8b:66:67:d2"
1791393713.508,"B,63085,10,5c:62:8b:66:67:d2,0,0,9730,27,-52,A,5c:62:8b:66:67:d2"
1791393713.508,"B,63185,10,b2:db:ca:e6:29:a6,12061,40,0,0,-31,S,5c:62:8b:66:67:d2"
1791393713.508,"B,63185,10,5c:62:8b:66:67:d2,0,0,12061,40,-50,A,5c:62:8b:66:67:d2"
1791393713.712,"B,63285,10,b2:db:ca:e6:29:a6,7808,29,0,0,-30,S,5c:62:8b:66:67:d2"
1791393713.712,"B,63285,10,5c:62:8b:66:67:d2,0,0,7836,30,-51,A,5c:62:8b:66:67:d2"
1791393713.712,"B,63285,10,72:3b:01:24:b7:c8,28,1,0,0,-52,S,5c:62:8b:66:67:d2"
1791393713.712,"B,63385,10,b2:db:ca:e6:29:a6,9084,28,0,0,-31,S,5c:62:8b:66:67:d2"
1791393713.712,"B,63385,10,5c:62:8b:66:67:d2,0,0,9084,28,-52,A,5c:62:8b:66:67:d2"
1791393713.913,"B,63485,10,b2:db:ca:e6:29:a6,8391,33,0,0,-31,S,5c:62:8b:66:67:d2"
1791393713.913,"B,63485,10,5c:62:8b:66:67:d2,0,0,8559,39,-50,A,5c:62:8b:66:67:d2"
1791393713.913,"B,63485,10,72:3b:01:24:b7:c8,168,6,0,0,-44,S,5c:62:8b:66:67:d2"
1791393714.115,"B,63685,10,b2:db:ca:e6:29:a6,18247,42,0,0,-31,S,5c:62:8b:66:67:d2"
1791393714.115,"B,63685,10,5c:62:8b:66:67:d2,0,0,18247,42,-51,A,5c:62:8b:66:67:d2"
1791393714.115,"B,63785,10,b2:db:ca:e6:29:a6,6867,25,0,0,-30,S,5c:62:8b:66:67:d2"
1791393714.115,"B,63785,10,5c:62:8b:66:67:d2,0,0,6867,25,-49,A,5c:62:8b:66:67:d2"
1791393714.318,"B,63885,10,b2:db:ca:e6:29:a6,7509,34,0,0,-30,S,5c:62:8b:66:67:d2"
1791393714.318,"B,63885,10,5c:62:8b:66:67:d2,0,0,7509,34,0,A,5c:62:8b:66:67:d2"
1791393714.318,"B,63985,10,b2:db:ca:e6:29:a6,9037,42,0,0,-30,S,5c:62:8b:66:67:d2"
1791393714.318,"B,63985,10,5c:62:8b:66:67:d2,0,0,9149,46,-48,A,5c:62:8b:66:67:d2"
1791393714.318,"B,63985,10,72:3b:01:24:b7:c8,112,4,0,0,-44,S,5c:62:8b:66:67:d2"
1791393714.521,"B,64085,10,b2:db:ca:e6:29:a6,12466,74,0,0,-30,S,5c:62:8b:66:67:d2"
1791393714.521,"B,64085,10,5c:62:8b:66:67:d2,0,0,12578,78,-50,A,5c:62:8b:66:67:d2"
1791393714.521,"B,64085,10,72:3b:01:24:b7:c8,112,4,0,0,-43,S,5c:62:8b:66:67:d2"
1791393714.521,"B,64185,10,b2:db:ca:e6:29:a6,8146,33,0,0,-30,S,5c:62:8b:66:67:d2"
1791393714.521,"B,64185,10,5c:62:8b:66:67:d2,0,0,8174,34,-48,A,5c:62:8b:66:67:d2"
1791393714.521,"B,64185,10,72:3b:01:24:b7:c8,28,1,0,0,-44,S,5c:62:8b:66:67:d2"
1791393714.725,"B,64285,10,b2:db:ca:e6:29:a6,6355,23,0,0,-30,S,5c:62:8b:66:67:d2"
1791393714.725,"B,64285,10,5c:62:8b:66:67:d2,0,0,6355,23,-49,A,5c:62:8b:66:67:d2"
1791393714.725,"B,64385,10,b2:db:ca:e6:29:a6,4498,23,0,0,-30,S,5c:62:8b:66:67:d2"
1791393714.725,"B,64385,10,5c:62:8b:66:67:d2,0,0,4498,23,-48,A,5c:62:8b:66:67:d2"
1791393714.928,"B,64485,10,b2:db:ca:e6:29:a6,4894,19,0,0,-31,S,5c:62:8b:66:67:d2"
1791393714.928,"B,64485,10,5c:62:8b:66:67:d2,0,0,5028,21,-51,A,5c:62:8b:66:67:d2"
1791393714.928,"B,64485,10,72:3b:01:24:b7:c8,134,2,0,0,-42,S,5c:62:8b:66:67:d2"
1791393714.928,"B,64585,10,b2:db:ca:e6:29:a6,4244,10,0,0,-30,S,5c:62:8b:66:67:d2"
1791393714.928,"B,64585,10,5c:62:8b:66:67:d2,0,0,4490,16,-50,A,5c:62:8b:66:67:d2"
1791393714.928,"B,64585,10,72:3b:01:24:b7:c8,246,6,0,0,-35,S,5c:62:8b:66:67:d2"
1791393715.133,"B,64685,10,b2:db:ca:e6:29:a6,7551,22,0,0,-30,S,5c:62:8b:66:67:d2"
1791393715.133,"B,64685,10,5c:62:8b:66:67:d2,0,0,7551,22,-49,A,5c:62:8b:66:67:d2"
1791393715.133,"B,64785,10,b2:db:ca:e6:29:a6,6283,22,0,0,-31,S,5c:62:8b:66:67:d2"
1791393715.133,"B,64785,10,5c:62:8b:66:67:d2,0,0,11740,44,-50,A,5c:62:8b:66:67:d2"
1791393715.133,"B,64785,10,72:3b:01:24:b7:c8,5457,22,0,0,-35,S,5c:62:8b:66:67:d2"
1791393715.338,"B,64885,10,b2:db:ca:e6:29:a6,5988,19,0,0,-30,S,5c:62:8b:66:67:d2"
1791393715.338,"B,64885,10,5c:62:8b:66:67:d2,0,0,13413,49,-50,A,5c:62:8b:66:67:d2"
1791393715.338,"B,64885,10,72:3b:01:24:b7:c8,7425,30,0,0,-36,S,5c:62:8b:66:67:d2"
1791393715.338,"B,64985,10,b2:db:ca:e6:29:a6,5933,25,0,0,-30,S,5c:62:8b:66:67:d2"
1791393715.338,"B,64985,10,5c:62:8b:66:67:d2,0,0,14515,51,-49,A,5c:62:8b:66:67:d2"
1791393715.338,"B,64985,10,72:3b:01:24:b7:c8,8582,26,0,0,-36,S,5c:62:8b:66:67:d2"
1791393715.541,"B,65085,10,b2:db:ca:e6:29:a6,4212,11,0,0,-31,S,5c:62:8b:66:67:d2"
1791393715.541,"B,65085,10,5c:62:8b:66:67:d2,0,0,10580,42,-49,A,5c:62:8b:66:67:d2"
1791393715.541,"B,65085,10,72:3b:01:24:b7:c8,6368,31,0,0,-36,S,5c:62:8b:66:67:d2"
1791393715.541,"B,65085,10,80:af:ca:68:4c:f8,104,1,0,0,-85,A,80:af:ca:68:4c:f8"
1791393715.541,"I,65106,stat,rx=12858,drops=0,ch=10,bin=100,hop=0,heap=203064"
1791393715.541,"B,65185,10,b2:db:ca:e6:29:a6,7444,21,0,0,-29,S,5c:62:8b:66:67:d2"
1791393715.541,"B,65185,10,5c:62:8b:66:67:d2,0,0,16530,47,-50,A,5c:62:8b:66:67:d2"
1791393715.541,"B,65185,10,72:3b:01:24:b7:c8,9086,26,0,0,-35,S,5c:62:8b:66:67:d2"
1791393715.741,"B,65285,10,b2:db:ca:e6:29:a6,8463,23,0,0,-30,S,5c:62:8b:66:67:d2"
1791393715.741,"B,65285,10,5c:62:8b:66:67:d2,0,0,16442,50,-51,A,5c:62:8b:66:67:d2"
1791393715.741,"B,65285,10,72:3b:01:24:b7:c8,7979,27,0,0,-36,S,5c:62:8b:66:67:d2"
1791393715.741,"B,65385,10,b2:db:ca:e6:29:a6,7620,27,0,0,-31,S,5c:62:8b:66:67:d2"
1791393715.741,"B,65385,10,5c:62:8b:66:67:d2,0,0,17057,59,-51,A,5c:62:8b:66:67:d2"
1791393715.741,"B,65385,10,72:3b:01:24:b7:c8,9437,32,0,0,-35,S,5c:62:8b:66:67:d2"
1791393715.741,"B,65485,10,b2:db:ca:e6:29:a6,7419,27,0,0,-30,S,5c:62:8b:66:67:d2"
1791393715.741,"B,65485,10,5c:62:8b:66:67:d2,0,0,12415,46,-50,A,5c:62:8b:66:67:d2"
1791393715.741,"B,65485,10,72:3b:01:24:b7:c8,4996,19,0,0,-35,S,5c:62:8b:66:67:d2"
1791393715.941,"B,65585,10,b2:db:ca:e6:29:a6,6971,18,0,0,-31,S,5c:62:8b:66:67:d2"
1791393715.941,"B,65585,10,5c:62:8b:66:67:d2,0,0,19524,45,-49,A,5c:62:8b:66:67:d2"
1791393715.941,"B,65585,10,72:3b:01:24:b7:c8,12553,27,0,0,-37,S,5c:62:8b:66:67:d2"
1791393715.941,"B,65685,10,b2:db:ca:e6:29:a6,56,2,0,0,-34,S,5c:62:8b:66:67:d2"
1791393715.941,"B,65685,10,5c:62:8b:66:67:d2,0,0,7238,32,-50,A,5c:62:8b:66:67:d2"
1791393715.941,"B,65685,10,72:3b:01:24:b7:c8,7182,30,0,0,-36,S,5c:62:8b:66:67:d2"
1791393716.142,"B,65785,10,b2:db:ca:e6:29:a6,15972,44,0,0,-32,S,5c:62:8b:66:67:d2"
1791393716.142,"B,65785,10,5c:62:8b:66:67:d2,0,0,27339,63,-50,A,5c:62:8b:66:67:d2"
1791393716.142,"B,65785,10,72:3b:01:24:b7:c8,11367,19,0,0,-39,S,5c:62:8b:66:67:d2"
1791393716.142,"B,65885,10,b2:db:ca:e6:29:a6,15211,32,0,0,-33,S,5c:62:8b:66:67:d2"
1791393716.142,"B,65885,10,5c:62:8b:66:67:d2,0,0,19765,53,-50,A,5c:62:8b:66:67:d2"
1791393716.142,"B,65885,10,72:3b:01:24:b7:c8,4554,21,0,0,-37,S,5c:62:8b:66:67:d2"
1791393716.342,"B,65985,10,b2:db:ca:e6:29:a6,6786,17,0,0,-33,S,5c:62:8b:66:67:d2"
1791393716.342,"B,65985,10,5c:62:8b:66:67:d2,0,0,13946,44,-51,A,5c:62:8b:66:67:d2"
1791393716.342,"B,65985,10,72:3b:01:24:b7:c8,7160,27,0,0,-40,S,5c:62:8b:66:67:d2"
1791393716.342,"B,66085,10,b2:db:ca:e6:29:a6,8389,27,0,0,-31,S,5c:62:8b:66:67:d2"
1791393716.342,"B,66085,10,5c:62:8b:66:67:d2,0,0,14765,52,-52,A,5c:62:8b:66:67:d2"
1791393716.342,"B,66085,10,72:3b:01:24:b7:c8,6376,25,0,0,-42,S,5c:62:8b:66:67:d2"
1791393716.542,"B,66185,10,b2:db:ca:e6:29:a6,5534,25,0,0,-31,S,5c:62:8b:66:67:d2"
1791393716.542,"B,66185,10,5c:62:8b:66:67:d2,0,0,14912,56,-50,A,5c:62:8b:66:67:d2"
1791393716.542,"B,66185,10,72:3b:01:24:b7:c8,9378,31,0,0,-40,S,5c:62:8b:66:67:d2"
1791393716.542,"B,66285,10,b2:db:ca:e6:29:a6,6528,15,0,0,-31,S,5c:62:8b:66:67:d2"
1791393716.542,"B,66285,10,5c:62:8b:66:67:d2,0,0,12296,43,-49,A,5c:62:8b:66:67:d2"
1791393716.542,"B,66285,10,72:3b:01:24:b7:c8,5768,28,0,0,-39,S,5c:62:8b:66:67:d2"
1791393716.743,"B,66385,10,b2:db:ca:e6:29:a6,6389,22,0,0,-30,S,5c:62:8b:66:67:d2"
1791393716.743,"B,66385,10,5c:62:8b:66:67:d2,0,0,14788,50,-49,A,5c:62:8b:66:67:d2"
1791393716.743,"B,66385,10,72:3b:01:24:b7:c8,8399,28,0,0,-37,S,5c:62:8b:66:67:d2"
1791393716.743,"B,66485,10,b2:db:ca:e6:29:a6,6835,18,0,0,-31,S,5c:62:8b:66:67:d2"
1791393716.743,"B,66485,10,5c:62:8b:66:67:d2,0,0,10678,34,-49,A,5c:62:8b:66:67:d2"
1791393716.743,"B,66485,10,72:3b:01:24:b7:c8,3843,16,0,0,-35,S,5c:62:8b:66:67:d2"
1791393716.943,"M,66502,slot,11,0"
1791393716.943,"B,66585,10,b2:db:ca:e6:29:a6,5461,14,0,0,-31,S,5c:62:8b:66:67:d2"
1791393716.943,"B,66585,10,5c:62:8b:66:67:d2,0,0,5545,17,-49,A,5c:62:8b:66:67:d2"
1791393716.943,"B,66585,10,72:3b:01:24:b7:c8,84,3,0,0,-36,S,5c:62:8b:66:67:d2"
1791393716.943,"B,66685,10,b2:db:ca:e6:29:a6,4278,11,0,0,-31,S,5c:62:8b:66:67:d2"
1791393717.144,"B,66685,10,5c:62:8b:66:67:d2,0,0,4278,11,-50,A,5c:62:8b:66:67:d2"
1791393717.144,"B,66785,10,b2:db:ca:e6:29:a6,7564,18,0,0,-30,S,5c:62:8b:66:67:d2"
1791393717.144,"B,66785,10,5c:62:8b:66:67:d2,0,0,7620,20,-51,A,5c:62:8b:66:67:d2"
1791393717.144,"B,66785,10,72:3b:01:24:b7:c8,56,2,0,0,-43,S,5c:62:8b:66:67:d2"
1791393717.144,"B,66885,10,b2:db:ca:e6:29:a6,5655,18,0,0,-31,S,5c:62:8b:66:67:d2"
1791393717.144,"B,66885,10,5c:62:8b:66:67:d2,0,0,5655,18,-51,A,5c:62:8b:66:67:d2"
1791393717.344,"B,66985,10,b2:db:ca:e6:29:a6,4486,13,0,0,-31,S,5c:62:8b:66:67:d2"
1791393717.344,"B,66985,10,5c:62:8b:66:67:d2,0,0,4542,15,-52,A,5c:62:8b:66:67:d2"
1791393717.344,"B,66985,10,72:3b:01:24:b7:c8,56,2,0,0,-41,S,5c:62:8b:66:67:d2"
1791393717.344,"B,67085,10,b2:db:ca:e6:29:a6,7959,27,0,0,-30,S,5c:62:8b:66:67:d2"
1791393717.344,"B,67085,10,5c:62:8b:66:67:d2,0,0,7959,27,-51,A,5c:62:8b:66:67:d2"
1791393717.545,"B,67185,10,b2:db:ca:e6:29:a6,7475,34,0,0,-31,S,5c:62:8b:66:67:d2"
1791393717.545,"B,67185,10,5c:62:8b:66:67:d2,0,0,7475,34,-52,A,5c:62:8b:66:67:d2"
1791393717.545,"B,67285,10,b2:db:ca:e6:29:a6,5717,21,0,0,-30,S,5c:62:8b:66:67:d2"
1791393717.545,"B,67285,10,5c:62:8b:66:67:d2,0,0,5717,21,-52,A,5c:62:8b:66:67:d2"
1791393717.746,"B,67385,10,b2:db:ca:e6:29:a6,8550,26,0,0,-30,S,5c:62:8b:66:67:d2"
1791393717.746,"B,67385,10,5c:62:8b:66:67:d2,0,0,8662,30,-54,A,5c:62:8b:66:67:d2"
1791393717.746,"B,67385,10,72:3b:01:24:b7:c8,112,4,0,0,-37,S,5c:62:8b:66:67:d2"
1791393717.746,"B,67485,10,b2:db:ca:e6:29:a6,5501,21,0,0,-30,S,5c:62:8b:66:67:d2"
1791393717.746,"B,67485,10,5c:62:8b:66:67:d2,0,0,5585,24,-52,A,5c:62:8b:66:67:d2"
1791393717.746,"B,67485,10,72:3b:01:24:b7:c8,84,3,0,0,-39,S,5c:62:8b:66:67:d2"
1791393717.947,"B,67585,10,b2:db:ca:e6:29:a6,4351,17,0,0,-30,S,5c:62:8b:66:67:d2"
1791393717.947,"B,67585,10,5c:62:8b:66:67:d2,0,0,4351,17,-52,A,5c:62:8b:66:67:d2"
1791393717.947,"B,67685,10,b2:db:ca:e6:29:a6,8258,29,0,0,-30,S,5c:62:8b:66:67:d2"
1791393717.947,"B,67685,10,5c:62:8b:66:67:d2,0,0,8258,29,-51,A,5c:62:8b:66:67:d2"
1791393718.147,"B,67785,10,b2:db:ca:e6:29:a6,4644,8,0,0,-30,S,5c:62:8b:66:67:d2"
1791393718.147,"B,67785,10,5c:62:8b:66:67:d2,0,0,4644,8,-53,A,5c:62:8b:66:67:d2"
1791393718.147,"B,67885,10,b2:db:ca:e6:29:a6,7860,24,0,0,-30,S,5c:62:8b:66:67:d2"
1791393718.147,"B,67885,10,5c:62:8b:66:67:d2,0,0,7944,27,-54,A,5c:62:8b:66:67:d2"
1791393718.147,"B,67885,10,72:3b:01:24:b7:c8,84,3,0,0,-41,S,5c:62:8b:66:67:d2"
1791393718.349,"B,67985,10,b2:db:ca:e6:29:a6,6405,23,0,0,-30,S,5c:62:8b:66:67:d2"
1791393718.349,"B,67985,10,5c:62:8b:66:67:d2,0,0,6573,29,-54,A,5c:62:8b:66:67:d2"
1791393718.349,"B,67985,10,72:3b:01:24:b7:c8,168,6,0,0,-41,S,5c:62:8b:66:67:d2"
1791393718.349,"B,68085,10,b2:db:ca:e6:29:a6,2881,6,0,0,-30,S,5c:62:8b:66:67:d2"
1791393718.349,"B,68085,10,5c:62:8b:66:67:d2,0,0,2909,7,0,A,5c:62:8b:66:67:d2"
1791393718.349,"B,68085,10,72:3b:01:24:b7:c8,28,1,0,0,-42,S,5c:62:8b:66:67:d2"
1791393718.551,"B,68185,10,b2:db:ca:e6:29:a6,7596,34,0,0,-29,S,5c:62:8b:66:67:d2"
1791393718.551,"B,68185,10,5c:62:8b:66:67:d2,0,0,7652,36,-53,A,5c:62:8b:66:67:d2"
1791393718.551,"B,68185,10,72:3b:01:24:b7:c8,56,2,0,0,-41,S,5c:62:8b:66:67:d2"
1791393718.551,"B,68285,10,b2:db:ca:e6:29:a6,6226,9,0,0,-30,S,5c:62:8b:66:67:d2"
1791393718.551,"B,68285,10,5c:62:8b:66:67:d2,0,0,6226,9,-54,A,5c:62:8b:66:67:d2"
1791393718.753,"B,68385,10,b2:db:ca:e6:29:a6,7704,34,0,0,-30,S,5c:62:8b:66:67:d2"
1791393718.753,"B,68385,10,5c:62:8b:66:67:d2,0,0,7704,34,-54,A,5c:62:8b:66:67:d2"
1791393718.753,"B,68485,10,b2:db:ca:e6:29:a6,9123,27,0,0,-30,S,5c:62:8b:66:67:d2"
1791393718.753,"B,68485,10,5c:62:8b:66:67:d2,0,0,9151,28,-54,A,5c:62:8b:66:67:d2"
1791393718.753,"B,68485,10,72:3b:01:24:b7:c8,28,1,0,0,-39,S,5c:62:8b:66:67:d2"
1791393718.953,"B,68585,10,b2:db:ca:e6:29:a6,8965,29,0,0,-30,S,5c:62:8b:66:67:d2"
1791393718.953,"B,68585,10,5c:62:8b:66:67:d2,0,0,8993,30,-52,A,5c:62:8b:66:67:d2"
1791393718.953,"B,68585,10,72:3b:01:24:b7:c8,28,1,0,0,-39,S,5c:62:8b:66:67:d2"
1791393718.953,"B,68685,10,b2:db:ca:e6:29:a6,6955,23,0,0,-30,S,5c:62:8b:66:67:d2"
1791393718.953,"B,68685,10,5c:62:8b:66:67:d2,0,0,6955,23,-53,A,5c:62:8b:66:67:d2"
1791393719.156,"B,68785,10,b2:db:ca:e6:29:a6,6583,12,0,0,-30,S,5c:62:8b:66:67:d2"
1791393719.156,"B,68785,10,5c:62:8b:66:67:d2,0,0,6639,14,-53,A,5c:62:8b:66:67:d2"
1791393719.156,"B,68785,10,72:3b:01:24:b7:c8,56,2,0,0,-38,S,5c:62:8b:66:67:d2"
1791393719.156,"B,68885,10,b2:db:ca:e6:29:a6,12648,24,0,0,-30,S,5c:62:8b:66:67:d2"
1791393719.156,"B,68885,10,5c:62:8b:66:67:d2,0,0,12648,24,-52,A,5c:62:8b:66:67:d2"
1791393719.357,"B,68985,10,b2:db:ca:e6:29:a6,7435,29,0,0,-30,S,5c:62:8b:66:67:d2"
1791393719.357,"B,68985,10,5c:62:8b:66:67:d2,0,0,7547,33,-53,A,5c:62:8b:66:67:d2"
1791393719.357,"B,68985,10,72:3b:01:24:b7:c8,112,4,0,0,-36,S,5c:62:8b:66:67:d2"
1791393719.357,"B,69085,10,b2:db:ca:e6:29:a6,9748,30,0,0,-29,S,5c:62:8b:66:67:d2"
1791393719.357,"B,69085,10,5c:62:8b:66:67:d2,0,0,9776,31,-53,A,5c:62:8b:66:67:d2"
1791393719.357,"B,69085,10,72:3b:01:24:b7:c8,28,1,0,0,-36,S,5c:62:8b:66:67:d2"
1791393719.558,"B,69185,10,b2:db:ca:e6:29:a6,7111,37,0,0,-30,S,5c:62:8b:66:67:d2"
1791393719.558,"B,69185,10,5c:62:8b:66:67:d2,0,0,7111,37,-53,A,5c:62:8b:66:67:d2"
1791393719.558,"B,69285,10,b2:db:ca:e6:29:a6,10456,53,0,0,-30,S,5c:62:8b:66:67:d2"
1791393719.558,"B,69285,10,5c:62:8b:66:67:d2,0,0,10540,56,-52,A,5c:62:8b:66:67:d2"
1791393719.558,"B,69285,10,72:3b:01:24:b7:c8,84,3,0,0,-38,S,5c:62:8b:66:67:d2"
1791393719.762,"B,69385,10,b2:db:ca:e6:29:a6,17693,52,0,0,-30,S,5c:62:8b:66:67:d2"
1791393719.762,"B,69385,10,5c:62:8b:66:67:d2,0,0,17693,52,-52,A,5c:62:8b:66:67:d2"
1791393719.762,"B,69485,10,b2:db:ca:e6:29:a6,10491,49,0,0,-30,S,5c:62:8b:66:67:d2"
1791393719.762,"B,69485,10,5c:62:8b:66:67:d2,0,0,10519,50,-52,A,5c:62:8b:66:67:d2"
1791393719.762,"B,69485,10,72:3b:01:24:b7:c8,28,1,0,0,-36,S,5c:62:8b:66:67:d2"
1791393719.967,"B,69585,10,b2:db:ca:e6:29:a6,10615,28,0,0,-31,S,5c:62:8b:66:67:d2"
1791393719.967,"B,69585,10,5c:62:8b:66:67:d2,0,0,10755,33,-52,A,5c:62:8b:66:67:d2"
1791393719.967,"B,69585,10,72:3b:01:24:b7:c8,140,5,0,0,-36,S,5c:62:8b:66:67:d2"
1791393719.967,"B,69685,10,b2:db:ca:e6:29:a6,7989,24,0,0,-30,S,5c:62:8b:66:67:d2"
1791393719.967,"B,69685,10,5c:62:8b:66:67:d2,0,0,7989,24,-53,A,5c:62:8b:66:67:d2"
1791393720.167,"B,69785,10,b2:db:ca:e6:29:a6,3990,25,0,0,-30,S,5c:62:8b:66:67:d2"
1791393720.167,"B,69785,10,5c:62:8b:66:67:d2,0,0,3990,25,-52,A,5c:62:8b:66:67:d2"
1791393720.167,"B,69885,10,b2:db:ca:e6:29:a6,7375,12,0,0,-31,S,5c:62:8b:66:67:d2"
1791393720.167,"B,69885,10,5c:62:8b:66:67:d2,0,0,7459,15,-52,A,5c:62:8b:66:67:d2"
1791393720.167,"B,69885,10,72:3b:01:24:b7:c8,84,3,0,0,-36,S,5c:62:8b:66:67:d2"
1791393720.368,"B,69985,10,b2:db:ca:e6:29:a6,7680,27,0,0,-30,S,5c:62:8b:66:67:d2"
1791393720.368,"B,69985,10,5c:62:8b:66:67:d2,0,0,7960,37,-52,A,5c:62:8b:66:67:d2"
1791393720.368,"B,69985,10,72:3b:01:24:b7:c8,280,10,0,0,-36,S,5c:62:8b:66:67:d2"
1791393720.368,"B,70085,10,b2:db:ca:e6:29:a6,7657,19,0,0,-31,S,5c:62:8b:66:67:d2"
1791393720.368,"B,70085,10,5c:62:8b:66:67:d2,0,0,7713,21,-52,A,5c:62:8b:66:67:d2"
1791393720.368,"B,70085,10,72:3b:01:24:b7:c8,56,2,0,0,-37,S,5c:62:8b:66:67:d2"
1791393720.368,"I,70109,stat,rx=14531,drops=0,ch=10,bin=100,hop=0,heap=203064"
1791393720.572,"B,70185,10,b2:db:ca:e6:29:a6,5731,21,0,0,-31,S,5c:62:8b:66:67:d2"
1791393720.572,"B,70185,10,5c:62:8b:66:67:d2,0,0,5731,21,-52,A,5c:62:8b:66:67:d2"
1791393720.572,"B,70285,10,b2:db:ca:e6:29:a6,7919,27,0,0,-30,S,5c:62:8b:66:67:d2"
1791393720.572,"B,70285,10,5c:62:8b:66:67:d2,0,0,7919,27,-52,A,5c:62:8b:66:67:d2"
1791393720.775,"B,70385,10,b2:db:ca:e6:29:a6,7354,22,0,0,-30,S,5c:62:8b:66:67:d2"
1791393720.775,"B,70385,10,5c:62:8b:66:67:d2,0,0,7382,23,-52,A,5c:62:8b:66:67:d2"
1791393720.775,"B,70385,10,72:3b:01:24:b7:c8,28,1,0,0,-35,S,5c:62:8b:66:67:d2"
1791393720.775,"B,70485,10,b2:db:ca:e6:29:a6,5063,20,0,0,-31,S,5c:62:8b:66:67:d2"
1791393720.775,"B,70485,10,5c:62:8b:66:67:d2,0,0,5119,22,-52,A,5c:62:8b:66:67:d2"
1791393720.775,"B,70485,10,72:3b:01:24:b7:c8,56,2,0,0,-38,S,5c:62:8b:66:67:d2"
1791393720.979,"B,70585,10,b2:db:ca:e6:29:a6,8961,15,0,0,-30,S,5c:62:8b:66:67:d2"
1791393720.979,"B,70585,10,5c:62:8b:66:67:d2,0,0,9017,17,-52,A,5c:62:8b:66:67:d2"
1791393720.979,"B,70585,10,72:3b:01:24:b7:c8,56,2,0,0,-36,S,5c:62:8b:66:67:d2"
1791393720.979,"B,70685,10,b2:db:ca:e6:29:a6,11715,32,0,0,-30,S,5c:62:8b:66:67:d2"
1791393720.979,"B,70685,10,5c:62:8b:66:67:d2,0,0,11799,35,-51,A,5c:62:8b:66:67:d2"
1791393720.979,"B,70685,10,72:3b:01:24:b7:c8,84,3,0,0,-36,S,5c:62:8b:66:67:d2"
1791393721.184,"B,70785,10,b2:db:ca:e6:29:a6,6793,25,0,0,-30,S,5c:62:8b:66:67:d2"
1791393721.184,"B,70785,10,5c:62:8b:66:67:d2,0,0,6793,25,-52,A,5c:62:8b:66:67:d2"
1791393721.184,"B,70885,10,b2:db:ca:e6:29:a6,5250,16,0,0,-30,S,5c:62:8b:66:67:d2"
1791393721.184,"B,70885,10,5c:62:8b:66:67:d2,0,0,5334,19,-53,A,5c:62:8b:66:67:d2"
1791393721.184,"B,70885,10,72:3b:01:24:b7:c8,84,3,0,0,-37,S,5c:62:8b:66:67:d2"
1791393721.388,"B,70985,10,b2:db:ca:e6:29:a6,9526,25,0,0,-30,S,5c:62:8b:66:67:d2"
1791393721.388,"B,70985,10,5c:62:8b:66:67:d2,0,0,9554,26,-53,A,5c:62:8b:66:67:d2"
1791393721.388,"B,70985,10,72:3b:01:24:b7:c8,28,1,0,0,-36,S,5c:62:8b:66:67:d2"
1791393721.388,"B,71085,10,b2:db:ca:e6:29:a6,7590,27,0,0,-30,S,5c:62:8b:66:67:d2"
1791393721.388,"B,71085,10,5c:62:8b:66:67:d2,0,0,7590,27,-52,A,5c:62:8b:66:67:d2"
1791393721.591,"B,71185,10,b2:db:ca:e6:29:a6,6210,21,0,0,-29,S,5c:62:8b:66:67:d2"
1791393721.591,"B,71185,10,5c:62:8b:66:67:d2,0,0,6238,22,-53,A,5c:62:8b:66:67:d2"
1791393721.591,"B,71185,10,72:3b:01:24:b7:c8,28,1,0,0,-39,S,5c:62:8b:66:67:d2"
1791393721.591,"B,71285,10,b2:db:ca:e6:29:a6,8855,25,0,0,-30,S,5c:62:8b:66:67:d2"
1791393721.591,"B,71285,10,5c:62:8b:66:67:d2,0,0,8855,25,-53,A,5c:62:8b:66:67:d2"
1791393721.792,"B,71385,10,b2:db:ca:e6:29:a6,5822,24,0,0,-30,S,5c:62:8b:66:67:d2"
1791393721.792,"B,71385,10,5c:62:8b:66:67:d2,0,0,5822,24,-52,A,5c:62:8b:66:67:d2"
1791393721.792,"B,71485,10,b2:db:ca:e6:29:a6,6780,20,0,0,-30,S,5c:62:8b:66:67:d2"
1791393721.792,"B,71485,10,5c:62:8b:66:67:d2,0,0,6948,26,-52,A,5c:62:8b:66:67:d2"
1791393721.792,"B,71485,10,72:3b:01:24:b7:c8,168,6,0,0,-36,S,5c:62:8b:66:67:d2"
1791393721.997,"M,71576,end"
1791393721.997,"B,71585,10,b2:db:ca:e6:29:a6,8090,31,0,0,-30,S,5c:62:8b:66:67:d2"
1791393721.997,"B,71585,10,5c:62:8b:66:67:d2,0,0,8090,31,-52,A,5c:62:8b:66:67:d2"
1791393721.997,"B,71685,10,b2:db:ca:e6:29:a6,8599,24,0,0,-30,S,5c:62:8b:66:67:d2"
1791393721.997,"B,71685,10,5c:62:8b:66:67:d2,0,0,8599,24,-53,A,5c:62:8b:66:67:d2"
1791393722.203,"B,71785,10,b2:db:ca:e6:29:a6,13140,29,0,0,-31,S,5c:62:8b:66:67:d2"
1791393722.203,"B,71785,10,5c:62:8b:66:67:d2,0,0,13196,31,-52,A,5c:62:8b:66:67:d2"
1791393722.203,"B,71785,10,72:3b:01:24:b7:c8,56,2,0,0,-40,S,5c:62:8b:66:67:d2"
1791393722.203,"B,71885,10,b2:db:ca:e6:29:a6,8352,29,0,0,-30,S,5c:62:8b:66:67:d2"
1791393722.203,"B,71885,10,5c:62:8b:66:67:d2,0,0,8352,29,-52,A,5c:62:8b:66:67:d2"
1791393722.407,"B,71985,10,b2:db:ca:e6:29:a6,5720,13,0,0,-31,S,5c:62:8b:66:67:d2"
1791393722.407,"B,71985,10,5c:62:8b:66:67:d2,0,0,6028,24,-52,A,5c:62:8b:66:67:d2"
1791393722.407,"B,71985,10,72:3b:01:24:b7:c8,308,11,0,0,-39,S,5c:62:8b:66:67:d2"
1791393722.407,"B,72085,10,b2:db:ca:e6:29:a6,8689,25,0,0,-29,S,5c:62:8b:66:67:d2"
1791393722.407,"B,72085,10,5c:62:8b:66:67:d2,0,0,8689,25,-53,A,5c:62:8b:66:67:d2"
1791393722.612,"B,72185,10,b2:db:ca:e6:29:a6,5342,15,0,0,-30,S,5c:62:8b:66:67:d2"
1791393722.612,"B,72185,10,5c:62:8b:66:67:d2,0,0,5342,15,-52,A,5c:62:8b:66:67:d2"
1791393722.612,"B,72285,10,b2:db:ca:e6:29:a6,4702,16,0,0,-30,S,5c:62:8b:66:67:d2"
1791393722.612,"B,72285,10,5c:62:8b:66:67:d2,0,0,4814,20,-52,A,5c:62:8b:66:67:d2"
1791393722.612,"B,72285,10,72:3b:01:24:b7:c8,112,4,0,0,-36,S,5c:62:8b:66:67:d2"
1791393722.816,"B,72385,10,b2:db:ca:e6:29:a6,5176,20,0,0,-30,S,5c:62:8b:66:67:d2"
1791393722.816,"B,72385,10,5c:62:8b:66:67:d2,0,0,5176,20,0,A,5c:62:8b:66:67:d2"
1791393722.816,"B,72485,10,b2:db:ca:e6:29:a6,11712,19,0,0,-30,S,5c:62:8b:66:67:d2"
1791393722.816,"B,72485,10,5c:62:8b:66:67:d2,0,0,11740,20,-52,A,5c:62:8b:66:67:d2"
1791393722.816,"B,72485,10,72:3b:01:24:b7:c8,28,1,0,0,-36,S,5c:62:8b:66:67:d2"
1791393723.018,"B,72585,10,b2:db:ca:e6:29:a6,5302,23,0,0,-30,S,5c:62:8b:66:67:d2"
1791393723.018,"B,72585,10,5c:62:8b:66:67:d2,0,0,5554,32,-52,A,5c:62:8b:66:67:d2"
1791393723.018,"B,72585,10,72:3b:01:24:b7:c8,252,9,0,0,-38,S,5c:62:8b:66:67:d2"
1791393723.018,"B,72685,10,b2:db:ca:e6:29:a6,6968,20,0,0,-30,S,5c:62:8b:66:67:d2"
1791393723.018,"B,72685,10,5c:62:8b:66:67:d2,0,0,6968,20,-51,A,5c:62:8b:66:67:d2"
